t,estado,x,y,rumo,rumo_alvo,erro_rumo,v_alvo,dist,raio_curva,desvio_lateral
11.75,seguindo,-0.0,-0.0,-0.0,-0.0006,-0.0006,0.5,5.7271,251.5463,-0.0
11.8,seguindo,-0.0,-0.0,-0.0,-0.0022,-0.0022,0.5,5.7271,67.12,-0.0
11.85,seguindo,-0.0,-0.0,-0.0,-0.0022,-0.0022,0.5,5.7271,67.12,-0.0
11.9,seguindo,-0.0,-0.0,-0.0,-0.0022,-0.0022,0.5,5.7271,67.12,-0.0
11.95,seguindo,-0.0,-0.0,-0.0,-0.0022,-0.0022,0.5,5.7271,67.12,-0.0
12.0,seguindo,-0.0,-0.0,-0.0,-0.0022,-0.0022,0.5,5.7271,67.12,-0.0
12.05,seguindo,-0.0,-0.0,-0.0,-0.0022,-0.0022,0.5,5.7271,67.12,-0.0
12.1,seguindo,-0.0,-0.0,-0.0,-0.0022,-0.0022,0.5,5.7271,67.12,-0.0
12.15,seguindo,-0.0,-0.0,-0.0,-0.0022,-0.0022,0.5,5.7271,67.12,-0.0
12.2,seguindo,-0.0,-0.0,-0.0,-0.0022,-0.0022,0.5,5.7271,67.12,-0.0
12.25,seguindo,0.0027,0.0003,-0.0036,-0.0025,0.0012,0.5,5.7244,67.12,0.0003
12.3,seguindo,0.0059,0.0007,-0.0087,-0.0029,0.0059,0.5,5.7212,67.12,0.0007
12.35,seguindo,0.0134,0.0015,-0.02,-0.0037,0.0163,0.5,5.7138,67.12,0.0015
12.4,seguindo,0.0197,0.0022,-0.0302,-0.0044,0.0258,0.5,5.7074,67.12,0.0022
12.45,seguindo,0.0321,0.003,-0.046,-0.0052,0.0408,0.5,5.6952,67.12,0.003
12.5,seguindo,0.0417,0.0033,-0.0562,-0.0064,0.0498,0.5,5.6857,43.3873,0.0033
12.55,seguindo,0.0588,0.0035,-0.0724,-0.0066,0.0657,0.5,5.6689,43.3873,0.0035
12.6,seguindo,0.0716,0.0034,-0.083,-0.0066,0.0764,0.5,5.6565,43.3873,0.0034
12.65,seguindo,0.0911,0.0029,-0.0986,-0.0062,0.0923,0.5,5.6374,43.3873,0.0029
12.7,seguindo,0.1043,0.0023,-0.109,-0.0058,0.1032,0.5,5.6247,43.3873,0.0023
12.75,seguindo,0.1237,0.0012,-0.1221,-0.0062,0.1159,0.5,5.606,28.7951,0.0012
12.8,seguindo,0.1428,-0.0004,-0.1328,-0.1138,0.0191,0.5,5.5876,5.9808,0.0008
12.85,seguindo,0.1551,-0.0018,-0.1363,-0.1138,0.0225,0.5,5.5759,5.9808,0.0013
12.9,seguindo,0.1736,-0.004,-0.1409,-0.1071,0.0338,0.5,5.5584,5.5648,0.0019
12.95,seguindo,0.1853,-0.0056,-0.1409,-0.1067,0.0342,0.5,5.5473,5.5648,0.002
13.0,seguindo,0.1971,-0.0073,-0.1409,-0.1064,0.0345,0.5,5.5361,5.5648,0.0021
13.05,seguindo,0.2144,-0.0099,-0.1386,-0.1056,0.033,0.5,5.5198,5.5648,0.0021
13.1,seguindo,0.2258,-0.0117,-0.1363,-0.1051,0.0313,0.5,5.5091,5.5648,0.002
13.15,seguindo,0.2428,-0.0143,-0.1322,-0.1042,0.028,0.5,5.4931,5.5648,0.0019
13.2,seguindo,0.2541,-0.0161,-0.1292,-0.0966,0.0326,0.5,5.4824,5.209,0.0019
13.25,seguindo,0.2711,-0.0186,-0.1249,-0.0957,0.0291,0.5,5.4664,5.209,0.0019
13.3,seguindo,0.2825,-0.0202,-0.1221,-0.0952,0.0269,0.5,5.4557,5.209,0.002
13.35,seguindo,0.2996,-0.0226,-0.1183,-0.1069,0.0114,0.5,5.4389,5.209,0.0032
13.4,seguindo,0.311,-0.0241,-0.1159,-0.1066,0.0093,0.5,5.428,5.209,0.0035
13.45,seguindo,0.3282,-0.0264,-0.1126,-0.0986,0.014,0.5,5.4117,4.9383,0.004
13.5,seguindo,0.3454,-0.0286,-0.1096,-0.0982,0.0114,0.5,5.3953,4.9383,0.0046
13.55,seguindo,0.357,-0.03,-0.1079,-0.0979,0.01,0.5,5.3844,4.9383,0.005
13.6,seguindo,0.3686,-0.0313,-0.1062,-0.0977,0.0085,0.5,5.3734,4.9383,0.0055
13.65,seguindo,0.3859,-0.0334,-0.1038,-0.0974,0.0064,0.5,5.3569,4.9383,0.0062
13.7,seguindo,0.3975,-0.0347,-0.1021,-0.0972,0.005,0.5,5.3459,4.9383,0.0067
13.75,seguindo,0.4148,-0.0367,-0.0996,-0.089,0.0106,0.5,5.3294,4.8233,0.0075
13.8,seguindo,0.4264,-0.0379,-0.098,-0.0888,0.0092,0.5,5.3184,4.8233,0.008
13.85,seguindo,0.4438,-0.0398,-0.0954,-0.1039,-0.0085,0.5,5.3019,52.0471,0.0023
13.9,seguindo,0.4553,-0.0411,-0.0937,-0.1039,-0.0101,0.5,5.2909,52.0471,0.0022
13.95,seguindo,0.4727,-0.0429,-0.0911,-0.1048,-0.0137,0.5,5.2744,36.6796,0.0021
14.0,seguindo,0.4843,-0.0441,-0.0893,-0.1048,-0.0154,0.5,5.2634,36.6796,0.002
14.05,seguindo,0.5016,-0.0458,-0.0867,-0.1049,-0.0182,0.5,5.2469,36.6796,0.002
14.1,seguindo,0.5132,-0.047,-0.0849,-0.1049,-0.0201,0.5,5.2359,36.6796,0.002
14.15,seguindo,0.5305,-0.0487,-0.0822,-0.1051,-0.0229,0.5,5.2193,36.6796,0.002
14.2,seguindo,0.5421,-0.0497,-0.0804,-0.1052,-0.0249,0.5,5.2083,36.6796,0.0021
14.25,seguindo,0.5564,-0.051,-0.0792,-0.1185,-0.0393,0.5,5.1895,27.0181,0.0052
14.3,seguindo,0.5646,-0.0516,-0.0792,-0.1188,-0.0396,0.5,5.1816,27.0181,0.0055
14.35,seguindo,0.5742,-0.0524,-0.0792,-0.1192,-0.04,0.5,5.1724,27.0181,0.0057
14.4,seguindo,0.5793,-0.0528,-0.0792,-0.1194,-0.0402,0.5,5.1675,27.0181,0.0059
14.45,seguindo,0.584,-0.0532,-0.0792,-0.1196,-0.0404,0.5,5.163,27.0181,0.006
14.5,seguindo,0.5859,-0.0533,-0.0792,-0.1196,-0.0404,0.5,5.1612,27.0181,0.0061
14.55,seguindo,0.5916,-0.0539,-0.0776,-0.1197,-0.0421,0.5,5.1558,27.0181,0.0061
14.6,seguindo,0.5967,-0.0545,-0.0753,-0.1198,-0.0444,0.5,5.1509,27.0181,0.0061
14.65,seguindo,0.6014,-0.055,-0.0739,-0.1199,-0.046,0.5,5.1464,27.0181,0.0061
14.7,seguindo,0.6033,-0.0551,-0.0739,-0.1199,-0.0461,0.5,5.1446,27.0181,0.0062
14.75,seguindo,0.6043,-0.0552,-0.0739,-0.12,-0.0461,0.5,5.1437,27.0181,0.0062
14.8,seguindo,0.6043,-0.0552,-0.0739,-0.12,-0.0461,0.5,5.1437,27.0181,0.0062
14.85,seguindo,0.607,-0.0557,-0.07,-0.1168,-0.0468,0.5,5.1412,27.2124,0.0031
14.9,seguindo,0.6102,-0.0563,-0.0649,-0.1165,-0.0516,0.5,5.1382,27.2124,0.0029
14.95,seguindo,0.6177,-0.0573,-0.0588,-0.1164,-0.0576,0.5,5.1311,27.2124,0.0027
15.0,seguindo,0.624,-0.0579,-0.0558,-0.1166,-0.0608,0.5,5.1251,27.2124,0.0027
15.05,seguindo,0.6364,-0.0587,-0.0552,-0.1173,-0.062,0.5,5.1132,27.2124,0.0033
15.1,seguindo,0.646,-0.059,-0.0575,-0.1193,-0.0618,0.5,5.1039,21.2484,0.004
15.15,seguindo,0.6631,-0.0595,-0.0647,-0.1208,-0.0561,0.5,5.0873,21.2484,0.0054
15.2,seguindo,0.6759,-0.0598,-0.0722,-0.1221,-0.0499,0.5,5.0749,21.2484,0.0065
15.25,seguindo,0.6956,-0.0603,-0.0848,-0.1239,-0.0391,0.5,5.0559,21.2484,0.0081
15.3,seguindo,0.7155,-0.061,-0.0979,-0.1256,-0.0277,0.5,5.0366,21.2484,0.0095
15.35,seguindo,0.7282,-0.0619,-0.1032,-0.1273,-0.0242,0.5,5.0245,17.855,0.0101
15.4,seguindo,0.7408,-0.0628,-0.1079,-0.1279,-0.02,0.5,5.0124,17.855,0.0105
15.45,seguindo,0.7595,-0.0644,-0.1135,-0.1287,-0.0152,0.5,4.9947,17.855,0.0109
15.5,seguindo,0.7718,-0.0656,-0.1166,-0.1291,-0.0125,0.5,4.9829,17.855,0.011
15.55,seguindo,0.7898,-0.0676,-0.1181,-0.1294,-0.0113,0.5,4.9659,17.855,0.011
15.6,seguindo,0.8016,-0.069,-0.118,-0.1303,-0.0123,0.5,4.9548,16.6395,0.0109
15.65,seguindo,0.8189,-0.0713,-0.1155,-0.1353,-0.0198,0.5,4.9281,16.6395,0.009
15.7,seguindo,0.836,-0.0735,-0.1116,-0.1354,-0.0238,0.5,4.912,16.6395,0.0087
15.75,seguindo,0.8473,-0.075,-0.1085,-0.1354,-0.0269,0.5,4.9014,16.6395,0.0085
15.8,seguindo,0.8587,-0.0765,-0.1055,-0.1355,-0.03,0.5,4.8907,16.6395,0.0084
15.85,seguindo,0.8757,-0.0786,-0.1012,-0.1362,-0.035,0.5,4.8746,18.3332,0.0082
15.9,seguindo,0.8871,-0.08,-0.0984,-0.078,0.0204,0.5,4.8638,5.7999,-0.0013
15.95,seguindo,0.9042,-0.082,-0.0944,-0.0711,0.0233,0.5,4.8477,5.0969,-0.0013
16.0,seguindo,0.9214,-0.0839,-0.0906,-0.0705,0.0202,0.5,4.8315,5.0969,-0.0013
16.05,seguindo,0.9328,-0.0851,-0.0883,-0.0701,0.0183,0.5,4.8206,5.0969,-0.0013
16.1,seguindo,0.9443,-0.0863,-0.0862,-0.0697,0.0165,0.5,4.8097,5.0969,-0.0012
16.15,seguindo,0.9617,-0.088,-0.0833,-0.0692,0.0141,0.5,4.7933,5.0969,-0.001
16.2,seguindo,0.9732,-0.0891,-0.0815,-0.0689,0.0126,0.5,4.7824,5.0969,-0.0008
16.25,seguindo,0.9906,-0.0907,-0.079,-0.0617,0.0173,0.5,4.7659,4.7637,-0.0005
16.3,seguindo,1.0022,-0.0918,-0.0774,-0.0614,0.0159,0.5,4.7549,4.7637,-0.0002
16.35,seguindo,1.0196,-0.0933,-0.0749,-0.061,0.0139,0.5,4.7384,4.7637,0.0002
16.4,seguindo,1.0312,-0.0943,-0.0733,-0.0607,0.0126,0.5,4.7274,4.7637,0.0005
16.45,seguindo,1.0486,-0.0958,-0.0708,-0.0603,0.0104,0.5,4.7108,4.7637,0.0009
16.5,seguindo,1.0602,-0.0967,-0.0691,-0.0601,0.009,0.5,4.6998,4.7637,0.0012
16.55,seguindo,1.0776,-0.0981,-0.0665,-0.085,-0.0185,0.5,4.6935,4.7637,0.0137
16.6,seguindo,1.095,-0.0994,-0.0639,-0.0771,-0.0132,0.5,4.6769,4.7408,0.0145
16.65,seguindo,1.1066,-0.1003,-0.0621,-0.0771,-0.015,0.5,4.6659,4.7408,0.015
16.7,seguindo,1.1182,-0.1012,-0.0603,-0.0771,-0.0168,0.5,4.6548,4.7408,0.0156
16.75,seguindo,1.1356,-0.1024,-0.0576,-0.0772,-0.0196,0.5,4.6382,4.7408,0.0164
16.8,seguindo,1.1472,-0.1032,-0.0558,-0.0773,-0.0215,0.5,4.6271,4.7408,0.017
16.85,seguindo,1.1646,-0.1044,-0.0531,-0.0693,-0.0162,0.5,4.6105,5.0102,0.018
16.9,seguindo,1.1762,-0.1052,-0.0513,-0.0504,0.0009,0.5,4.5994,68.9573,0.0142
16.95,seguindo,1.1936,-0.1062,-0.0486,-0.0502,-0.0016,0.5,4.5828,68.9573,0.0136
17.0,seguindo,1.2052,-0.1069,-0.0467,-0.05,-0.0033,0.5,4.5717,68.9573,0.0133
17.05,seguindo,1.2226,-0.108,-0.0441,-0.0479,-0.0038,0.5,4.5551,43.5535,0.013
17.1,seguindo,1.2342,-0.1086,-0.0423,-0.0478,-0.0055,0.5,4.544,43.5535,0.0128
17.15,seguindo,1.2516,-0.1095,-0.0396,-0.0477,-0.0081,0.5,4.5273,43.5535,0.0125
17.2,seguindo,1.2632,-0.1101,-0.0378,-0.0477,-0.0099,0.5,4.5162,43.5535,0.0124
17.25,seguindo,1.2806,-0.111,-0.0351,-0.0476,-0.0125,0.5,4.4995,43.5535,0.0122
17.3,seguindo,1.2922,-0.1115,-0.0333,-0.0476,-0.0143,0.5,4.4884,43.5535,0.0121
17.35,seguindo,1.3096,-0.1123,-0.0306,-0.0452,-0.0146,0.5,4.4717,28.0925,0.012
17.4,seguindo,1.3212,-0.1128,-0.0288,-0.0452,-0.0164,0.5,4.4606,28.0925,0.012
17.45,seguindo,1.3387,-0.1135,-0.0262,-0.0327,-0.0066,0.5,4.4429,28.0925,0.0094
17.5,seguindo,1.3503,-0.1139,-0.0244,-0.0327,-0.0083,0.5,4.4318,28.0925,0.0093
17.55,seguindo,1.3677,-0.1146,-0.0217,-0.0326,-0.0109,0.5,4.4151,28.0925,0.0092
17.6,seguindo,1.3851,-0.1151,-0.019,-0.0296,-0.0106,0.5,4.3985,18.5463,0.0091
17.65,seguindo,1.3967,-0.1155,-0.0172,-0.0296,-0.0123,0.5,4.3873,18.5463,0.0091
17.7,seguindo,1.4084,-0.1158,-0.0154,-0.0296,-0.0141,0.5,4.3762,18.5463,0.0091
17.75,seguindo,1.4258,-0.1163,-0.0127,-0.0296,-0.0169,0.5,4.3595,18.5463,0.0091
17.8,seguindo,1.4374,-0.1166,-0.0109,-0.0297,-0.0187,0.5,4.3484,18.5463,0.0092
17.85,seguindo,1.4548,-0.117,-0.0083,-0.0298,-0.0215,0.5,4.3317,18.5463,0.0093
17.9,seguindo,1.4665,-0.1172,-0.0065,-0.0199,-0.0134,0.5,4.3206,26.9888,-0.0038
17.95,seguindo,1.4839,-0.1175,-0.0038,-0.0199,-0.0161,0.5,4.3039,26.9888,-0.0036
18.0,seguindo,1.4955,-0.1177,-0.002,-0.02,-0.018,0.5,4.2927,26.9888,-0.0034
18.05,seguindo,1.5129,-0.1179,0.0007,-0.0177,-0.0184,0.5,4.276,17.3091,-0.0032
18.1,seguindo,1.5246,-0.118,0.0025,-0.0178,-0.0203,0.5,4.2649,17.3091,-0.0029
18.15,seguindo,1.542,-0.1182,0.0052,-0.0179,-0.0231,0.5,4.2481,17.3091,-0.0026
18.2,seguindo,1.5536,-0.1183,0.007,-0.0181,-0.025,0.5,4.237,17.3091,-0.0023
18.25,seguindo,1.5711,-0.1183,0.0096,-0.0183,-0.0279,0.5,4.2202,17.3091,-0.0019
18.3,seguindo,1.5827,-0.1184,0.0114,-0.0148,-0.0262,0.5,4.209,11.3513,-0.0016
18.35,seguindo,1.6001,-0.1184,0.0141,0.0054,-0.0087,0.5,4.1988,11.3513,-0.0153
18.4,seguindo,1.6117,-0.1183,0.0159,0.0054,-0.0105,0.5,4.1877,11.3513,-0.015
18.45,seguindo,1.6292,-0.1183,0.0186,0.0054,-0.0131,0.5,4.171,11.3513,-0.0146
18.5,seguindo,1.6408,-0.1182,0.0204,0.0054,-0.015,0.5,4.1598,11.3513,-0.0142
18.55,seguindo,1.6582,-0.118,0.0231,0.0054,-0.0177,0.5,4.1431,11.3513,-0.0137
18.6,seguindo,1.6699,-0.1179,0.0249,0.0098,-0.0151,0.5,4.1319,7.63,-0.0133
18.65,seguindo,1.6873,-0.1176,0.0275,0.0097,-0.0178,0.5,4.1152,7.63,-0.0127
18.7,seguindo,1.6989,-0.1175,0.0293,0.0097,-0.0197,0.5,4.104,7.63,-0.0122
18.75,seguindo,1.7163,-0.1171,0.032,0.0095,-0.0225,0.5,4.0872,7.63,-0.0115
18.8,seguindo,1.728,-0.1169,0.0338,0.0094,-0.0244,0.5,4.076,7.63,-0.0111
18.85,seguindo,1.7454,-0.1165,0.0365,0.016,-0.0205,0.5,4.0593,5.2712,-0.0103
18.9,seguindo,1.757,-0.1162,0.0383,0.0159,-0.0224,0.5,4.0481,5.2712,-0.0097
18.95,seguindo,1.7744,-0.1158,0.041,0.0191,-0.0218,0.5,4.0313,3.5081,-0.0149
19.0,seguindo,1.7861,-0.1154,0.0427,0.019,-0.0237,0.5,4.0201,3.5081,-0.0144
19.05,seguindo,1.8035,-0.1149,0.0454,0.0188,-0.0266,0.5,4.0033,3.5081,-0.0136
19.1,seguindo,1.8209,-0.1143,0.0481,0.0306,-0.0175,0.5,3.9865,2.4831,-0.0128
19.15,seguindo,1.8325,-0.1138,0.0499,0.0306,-0.0193,0.5,3.9753,2.4831,-0.0122
19.2,seguindo,1.8441,-0.1134,0.0517,0.0305,-0.0212,0.5,3.9641,2.4831,-0.0116
19.25,seguindo,1.8616,-0.1127,0.0544,0.0341,-0.0202,0.5,3.9568,2.4831,-0.0096
19.3,seguindo,1.8732,-0.1122,0.0562,0.034,-0.0221,0.5,3.9456,2.4831,-0.009
19.35,seguindo,1.8906,-0.1114,0.0589,0.0338,-0.025,0.5,3.9288,2.4831,-0.008
19.4,seguindo,1.9022,-0.1109,0.0606,0.049,-0.0116,0.5,3.9175,1.9539,-0.0074
19.45,seguindo,1.9196,-0.11,0.0633,0.049,-0.0143,0.5,3.9007,1.9539,-0.0064
19.5,seguindo,1.9312,-0.1094,0.0651,0.049,-0.0161,0.5,3.8895,1.9539,-0.0056
19.55,seguindo,1.9486,-0.1085,0.0678,0.0489,-0.0189,0.5,3.8727,1.9539,-0.0045
19.6,seguindo,1.9602,-0.1078,0.0696,0.0488,-0.0208,0.5,3.8614,1.9539,-0.0037
19.65,seguindo,1.9776,-0.1068,0.0723,0.0668,-0.0055,0.5,3.8446,1.6661,-0.0025
19.7,seguindo,1.9892,-0.1061,0.0741,0.0669,-0.0072,0.5,3.8334,1.6661,-0.0016
19.75,seguindo,2.0066,-0.105,0.0768,0.0669,-0.0098,0.5,3.8165,1.6661,-0.0003
19.8,seguindo,2.0182,-0.1042,0.0785,0.067,-0.0116,0.5,3.8053,1.6661,0.0006
19.85,seguindo,2.0356,-0.1031,0.0812,0.067,-0.0143,0.5,3.7884,1.6661,0.0021
19.9,seguindo,2.0472,-0.1023,0.083,0.0669,-0.0161,0.5,3.7771,1.6661,0.0031
19.95,seguindo,2.0646,-0.101,0.0857,0.0877,0.002,0.5,3.7603,1.5172,0.0046
20.001,seguindo,2.082,-0.0997,0.0884,0.0154,-0.073,0.5,3.7434,0.9458,0.0024
20.05,seguindo,2.0936,-0.0988,0.0902,0.0146,-0.0755,0.5,3.7321,0.9458,0.005
20.1,seguindo,2.1052,-0.0979,0.092,0.0139,-0.0781,0.5,3.7208,0.9458,0.0076
20.15,seguindo,2.1226,-0.0965,0.0947,0.0031,-0.0915,0.5,3.7109,0.9458,0.0144
20.2,seguindo,2.1341,-0.0955,0.0964,0.0685,-0.0279,0.5,3.6996,0.9376,0.0171
20.25,seguindo,2.1515,-0.0941,0.0991,0.0682,-0.0309,0.5,3.6827,0.9376,0.0212
20.3,seguindo,2.1631,-0.093,0.1009,0.068,-0.0329,0.5,3.6714,0.9376,0.024
20.35,seguindo,2.1805,-0.0915,0.1036,0.0677,-0.0359,0.5,3.6544,0.9376,0.0283
20.4,seguindo,2.192,-0.0904,0.1054,0.0674,-0.038,0.5,3.6431,0.9376,0.0312
20.45,seguindo,2.2094,-0.0888,0.1081,-0.2204,-0.3284,0.5,3.6262,inf,0.0356
20.5,seguindo,2.221,-0.0877,0.1099,-0.2291,-0.3389,0.5,3.6148,inf,0.0386
20.55,seguindo,2.2383,-0.0859,0.1125,-0.2432,-0.3557,0.5,3.5979,inf,0.043
20.6,seguindo,2.2499,-0.0848,0.1143,-0.2533,-0.3676,0.5,3.5866,inf,0.0461
20.65,seguindo,2.2672,-0.083,0.117,-0.2696,-0.3866,0.5,3.5696,inf,0.0508
20.7,seguindo,2.2788,-0.0818,0.1188,-0.2814,-0.4002,0.5,3.5582,inf,0.0539
20.751,seguindo,2.2961,-0.0799,0.1216,-0.2471,-0.3686,0.5,3.5413,inf,0.0586
20.8,seguindo,2.3076,-0.0786,0.1234,-0.257,-0.3804,0.5,3.5299,inf,0.0618
20.85,seguindo,2.325,-0.0767,0.1261,-0.2731,-0.3992,0.5,3.5129,inf,0.0667
20.9,seguindo,2.3365,-0.0753,0.1279,-0.2847,-0.4126,0.5,3.5016,inf,0.0699
20.95,seguindo,2.3542,-0.0729,0.1257,-0.3048,-0.4305,0.5,3.4841,inf,0.0752
21.0,seguindo,2.3661,-0.0711,0.1224,-0.1214,-0.2438,0.5,3.4722,inf,0.007
21.05,seguindo,2.3839,-0.0682,0.1125,-0.0671,-0.1796,0.5,3.4672,inf,-0.0108
21.1,seguindo,2.3957,-0.0662,0.104,-0.0747,-0.1787,0.5,3.4555,inf,-0.0078
21.15,seguindo,2.4133,-0.0631,0.0864,-0.0874,-0.1738,0.5,3.4379,inf,-0.0031
21.2,seguindo,2.425,-0.061,0.0728,-0.0845,-0.1573,0.5,3.4262,inf,-0.0001
21.25,seguindo,2.4426,-0.0579,0.0475,-0.0961,-0.1436,0.5,3.4086,inf,0.0045
21.301,seguindo,2.4604,-0.055,0.0194,-0.1082,-0.1276,0.5,3.391,inf,0.009
21.35,seguindo,2.4721,-0.0532,-0.0016,-0.1166,-0.115,0.5,3.3793,inf,0.012
21.4,seguindo,2.484,-0.0516,-0.0226,-0.1249,-0.1022,0.5,3.3677,inf,0.0147
21.45,seguindo,2.5026,-0.05,-0.0514,-0.105,-0.0536,0.5,3.3497,inf,0.0181
21.5,seguindo,2.5155,-0.0494,-0.0681,-0.1099,-0.0418,0.5,3.3374,inf,0.02
21.55,seguindo,2.535,-0.0491,-0.0905,-0.1163,-0.0258,0.5,3.3191,inf,0.0222
21.6,seguindo,2.5481,-0.0493,-0.1037,-0.1199,-0.0162,0.5,3.3069,inf,0.0234
21.65,seguindo,2.5678,-0.05,-0.1227,-0.1053,0.0174,0.5,3.2997,inf,0.0146
21.7,seguindo,2.5811,-0.0507,-0.1346,-0.0685,0.0661,0.5,3.2876,inf,0.0155
21.75,seguindo,2.601,-0.0522,-0.1516,-0.0682,0.0834,0.5,3.2694,inf,0.0164
21.8,seguindo,2.6144,-0.0534,-0.1622,-0.0674,0.0948,0.5,3.2573,inf,0.0167
21.85,seguindo,2.6327,-0.0555,-0.1747,-0.0651,0.1096,0.5,3.241,inf,0.0167
21.9,seguindo,2.6442,-0.0569,-0.1823,-0.0631,0.1192,0.5,3.2309,inf,0.0166
21.95,seguindo,2.6612,-0.0597,-0.187,-0.0113,0.1757,0.5,3.216,inf,0.0158
22.0,seguindo,2.6725,-0.0618,-0.1875,-0.0063,0.1812,0.5,3.2063,inf,0.015
22.051,seguindo,2.6893,-0.0653,-0.1838,0.2257,0.4095,0.5,3.192,inf,-0.011
22.1,seguindo,2.7004,-0.0677,-0.1795,0.2387,0.4182,0.5,3.1825,inf,-0.0146
22.15,seguindo,2.7172,-0.0712,-0.173,0.2594,0.4324,0.5,3.1682,inf,-0.0199
22.2,seguindo,2.7284,-0.0735,-0.1686,0.2915,0.4601,0.5,3.1587,inf,-0.0234
22.25,seguindo,2.7453,-0.0768,-0.1626,0.3111,0.4738,0.5,3.1444,inf,-0.0286
22.3,seguindo,2.7565,-0.079,-0.159,0.3249,0.4839,0.5,3.1347,inf,-0.032
22.35,seguindo,2.7705,-0.0814,-0.1568,0.3423,0.4991,0.5,3.1227,inf,-0.036
22.4,seguindo,2.7786,-0.0826,-0.1567,0.3527,0.5094,0.5,3.1158,inf,-0.0384
22.45,seguindo,2.7935,-0.0852,-0.1553,0.3734,0.5286,0.5,3.1029,inf,-0.0429
22.5,seguindo,2.8049,-0.0871,-0.1532,0.3901,0.5433,0.5,3.0932,inf,-0.0464
22.55,seguindo,2.8192,-0.09,-0.1446,0.4037,0.5483,0.5,3.0569,inf,-0.0398
22.6,seguindo,2.8275,-0.0918,-0.1372,0.4163,0.5535,0.5,3.0499,inf,-0.0428
22.65,seguindo,2.8399,-0.0947,-0.1221,0.4365,0.5586,0.5,3.0396,inf,-0.0479
22.7,seguindo,2.8481,-0.0966,-0.1102,0.4505,0.5607,0.5,3.0329,inf,-0.0514
22.75,seguindo,2.8604,-0.0997,-0.0874,0.4729,0.5603,0.5,3.0228,inf,-0.0567
22.8,seguindo,2.8686,-0.1017,-0.0704,0.5855,0.6558,0.5,3.0161,1.2638,-0.0602
22.85,seguindo,2.8809,-0.1049,-0.0398,0.5945,0.6343,0.5,3.006,1.2638,-0.0656
22.9,seguindo,2.8892,-0.107,-0.0177,0.6005,0.6182,0.5,2.9993,1.2638,-0.0691
22.95,seguindo,2.9015,-0.1098,0.0171,0.6095,0.5924,0.5,2.9891,1.2638,-0.0742
23.0,seguindo,2.9097,-0.1115,0.0411,0.6154,0.5743,0.5,2.9823,1.2638,-0.0774
23.05,seguindo,2.922,-0.1138,0.0775,0.6231,0.5456,0.5,2.9691,1.2638,-0.0837
23.1,seguindo,2.9301,-0.1151,0.1022,0.5951,0.4928,0.5,2.9621,1.9344,-0.0018
23.15,seguindo,2.9424,-0.1167,0.1398,0.6182,0.4785,0.5,2.9516,1.8929,-0.0076
23.2,seguindo,2.9505,-0.1175,0.1651,0.6234,0.4583,0.5,2.9446,1.8929,-0.0113
23.25,seguindo,2.9622,-0.1188,0.2071,0.631,0.4239,0.5,2.9344,1.8929,-0.0167
23.3,seguindo,2.9698,-0.1195,0.2364,0.636,0.3995,0.5,2.9278,1.8929,-0.0202
23.35,seguindo,2.9813,-0.1202,0.2807,0.6432,0.3626,0.5,2.9176,1.8929,-0.025
23.4,seguindo,2.9889,-0.1204,0.3102,0.6479,0.3377,0.5,2.9108,1.8929,-0.0281
23.45,seguindo,3.0003,-0.1203,0.3547,0.6547,0.3,0.5,2.9003,1.8929,-0.0324
23.5,seguindo,3.0079,-0.12,0.3844,0.6591,0.2746,0.5,2.8933,1.8929,-0.035
23.55,seguindo,3.0194,-0.119,0.4287,0.6498,0.2211,0.5,2.8894,1.8929,-0.0307
23.6,seguindo,3.027,-0.118,0.458,0.6662,0.2082,0.5,2.8821,1.9701,-0.0326
23.65,seguindo,3.0385,-0.116,0.5006,0.6715,0.1708,0.5,2.8708,1.9701,-0.0351
23.7,seguindo,3.0461,-0.1142,0.5285,0.6747,0.1463,0.5,2.8631,1.9701,-0.0364
23.75,seguindo,3.0578,-0.1109,0.5681,0.6792,0.1112,0.5,2.8511,1.9701,-0.0377
23.8,seguindo,3.0655,-0.1083,0.5935,0.682,0.0885,0.5,2.843,1.9701,-0.0382
23.85,seguindo,3.0773,-0.1037,0.6292,0.6926,0.0634,0.5,2.8302,1.9701,-0.0511
23.9,seguindo,3.0851,-0.1002,0.6519,0.6949,0.0429,0.5,2.8217,1.9701,-0.0511
23.95,seguindo,3.0969,-0.0942,0.6833,0.6978,0.0145,0.5,2.8084,1.9701,-0.0504
24.0,seguindo,3.1047,-0.0898,0.7029,0.7108,0.0079,0.5,2.7995,2.0863,-0.0496
24.05,seguindo,3.1165,-0.0823,0.7291,0.7128,-0.0163,0.5,2.7856,2.0863,-0.0477
24.1,seguindo,3.1283,-0.0742,0.7528,0.7456,-0.0072,0.5,2.7716,1.7483,-0.0021
24.15,seguindo,3.1362,-0.0682,0.7657,0.7466,-0.0192,0.5,2.7619,1.7483,-0.0023
24.2,seguindo,3.1441,-0.0619,0.778,0.7473,-0.0306,0.5,2.7521,1.7483,-0.0022
24.25,seguindo,3.1569,-0.0508,0.7916,0.7478,-0.0437,0.5,2.7359,1.7483,-0.0014
24.301,seguindo,3.1702,-0.0384,0.8007,0.7597,-0.041,0.5,2.7187,1.6941,0.0001
24.35,seguindo,3.1786,-0.0297,0.8016,0.7593,-0.0423,0.5,2.7075,1.6941,0.0016
24.4,seguindo,3.1871,-0.0211,0.8024,0.7589,-0.0435,0.5,2.6963,1.6941,0.0032
24.45,seguindo,3.1996,-0.0081,0.8021,0.7581,-0.0441,0.5,2.6796,1.6941,0.0064
24.5,seguindo,3.2079,0.0005,0.8015,0.7575,-0.044,0.5,2.6685,1.6941,0.0085
24.55,seguindo,3.2203,0.0134,0.8011,0.7677,-0.0334,0.5,2.652,1.8953,0.0117
24.6,seguindo,3.2286,0.022,0.801,0.7673,-0.0337,0.5,2.641,1.8953,0.0138
24.65,seguindo,3.241,0.0347,0.8017,0.7668,-0.0349,0.5,2.6246,1.8953,0.0169
24.7,seguindo,3.2492,0.0431,0.8025,0.7664,-0.036,0.5,2.6137,1.8953,0.0189
24.75,seguindo,3.2615,0.0556,0.8048,0.766,-0.0389,0.5,2.5975,1.8953,0.0218
24.8,seguindo,3.2697,0.0638,0.8068,0.7657,-0.0411,0.5,2.5868,1.8953,0.0237
24.85,seguindo,3.2818,0.0762,0.81,0.7719,-0.0381,0.5,2.5803,1.7483,0.0216
24.9,seguindo,3.2899,0.0845,0.8122,0.7717,-0.0405,0.5,2.5696,1.7483,0.0236
24.95,seguindo,3.302,0.0969,0.8154,0.7712,-0.0442,0.5,2.5537,1.7483,0.0267
25.0,seguindo,3.3101,0.1052,0.8175,0.7709,-0.0466,0.5,2.5431,1.7483,0.0288
25.05,seguindo,3.3221,0.1177,0.8206,0.7703,-0.0503,0.5,2.5273,1.7483,0.032
25.1,seguindo,3.3301,0.1261,0.8226,0.7699,-0.0528,0.5,2.5167,1.7483,0.0342
25.15,seguindo,3.3421,0.1387,0.8255,0.8171,-0.0084,0.5,2.5009,2.2644,-0.0024
25.2,seguindo,3.3501,0.1471,0.8274,0.8172,-0.0102,0.5,2.4904,2.2644,-0.0012
25.25,seguindo,3.3621,0.1598,0.8301,0.8172,-0.0129,0.5,2.4746,2.2644,0.0007
25.3,seguindo,3.37,0.1683,0.8318,0.8272,-0.0046,0.5,2.4641,2.2309,0.0019
25.35,seguindo,3.3819,0.1811,0.8345,0.8273,-0.0071,0.5,2.4484,2.2309,0.0038
25.4,seguindo,3.3898,0.1896,0.8362,0.8274,-0.0088,0.5,2.438,2.2309,0.0051
25.45,seguindo,3.4016,0.2024,0.8388,0.8274,-0.0114,0.5,2.4224,2.2309,0.0071
25.5,seguindo,3.4095,0.211,0.8406,0.8274,-0.0131,0.5,2.412,2.2309,0.0085
25.55,seguindo,3.4213,0.2239,0.8432,0.8274,-0.0159,0.5,2.3964,2.2309,0.0106
25.6,seguindo,3.4291,0.2324,0.8451,0.8347,-0.0104,0.5,2.3861,2.1307,0.012
25.65,seguindo,3.4408,0.2453,0.8477,0.8347,-0.0131,0.5,2.3706,2.1307,0.0141
25.7,seguindo,3.4486,0.254,0.8495,0.8346,-0.0149,0.5,2.3604,2.1307,0.0156
25.75,seguindo,3.4603,0.2669,0.8522,0.8346,-0.0176,0.5,2.345,2.1307,0.0178
25.8,seguindo,3.468,0.2756,0.854,0.8345,-0.0195,0.5,2.3348,2.1307,0.0192
25.85,seguindo,3.4796,0.2886,0.8567,0.8377,-0.0189,0.5,2.3195,2.2644,0.0215
25.9,seguindo,3.4873,0.2973,0.8585,0.8377,-0.0208,0.5,2.3093,2.2644,0.023
25.95,seguindo,3.4989,0.3104,0.8612,0.8375,-0.0237,0.5,2.2941,2.2644,0.0254
26.0,seguindo,3.5066,0.3191,0.8631,0.8374,-0.0257,0.5,2.284,2.2644,0.0269
26.05,seguindo,3.518,0.3322,0.8658,0.8451,-0.0206,0.5,2.286,2.2644,0.0196
26.1,seguindo,3.5295,0.3453,0.8685,0.845,-0.0235,0.5,2.2708,2.2644,0.0219
26.15,seguindo,3.5371,0.3541,0.8703,0.8031,-0.0672,0.5,2.2608,8.2399,-0.0188
26.2,seguindo,3.5447,0.3629,0.872,0.8025,-0.0696,0.5,2.2507,8.2399,-0.0089
26.251,seguindo,3.5561,0.3761,0.8747,0.8015,-0.0733,0.5,2.2357,8.2399,-0.0059
26.3,seguindo,3.5636,0.385,0.8765,0.8008,-0.0758,0.5,2.2258,8.2399,-0.0054
26.35,seguindo,3.5749,0.3983,0.8792,0.7917,-0.0875,0.5,2.2109,5.3213,-0.0044
26.4,seguindo,3.5824,0.4071,0.881,0.7909,-0.0901,0.5,2.201,5.3213,-0.0038
26.45,seguindo,3.5937,0.4204,0.8837,0.7896,-0.0941,0.5,2.1862,5.3213,-0.0028
26.5,seguindo,3.6012,0.4293,0.8855,0.7886,-0.0968,0.5,2.1764,5.3213,-0.0021
26.55,seguindo,3.6123,0.4427,0.8881,0.7872,-0.101,0.5,2.1617,5.3213,-0.001
26.6,seguindo,3.6198,0.4516,0.8899,0.7861,-0.1038,0.5,2.1519,5.3213,-0.0003
26.65,seguindo,3.6309,0.4651,0.8925,0.7741,-0.1185,0.5,2.1374,3.6201,0.0009
26.7,seguindo,3.6383,0.4741,0.8943,0.7729,-0.1214,0.5,2.1277,3.6201,0.0017
26.75,seguindo,3.6494,0.4875,0.8969,0.771,-0.1259,0.5,2.1132,3.6201,0.0029
26.8,seguindo,3.6567,0.4965,0.8987,0.7697,-0.129,0.5,2.1036,3.6201,0.0037
26.85,seguindo,3.6677,0.51,0.9015,0.7677,-0.1338,0.5,2.0893,3.6201,0.005
26.9,seguindo,3.6751,0.5191,0.9033,0.7663,-0.1371,0.5,2.0798,3.6201,0.0059
26.95,seguindo,3.686,0.5326,0.906,0.7506,-0.1554,0.5,2.0656,2.5806,0.0073
27.0,seguindo,3.6933,0.5417,0.9078,0.749,-0.1588,0.5,2.0562,2.5806,0.0083
27.05,seguindo,3.7042,0.5553,0.9105,0.7465,-0.164,0.5,2.0421,2.5806,0.0097
27.1,seguindo,3.7114,0.5644,0.9123,0.7447,-0.1676,0.5,2.0327,2.5806,0.0108
27.15,seguindo,3.7222,0.5781,0.915,0.742,-0.173,0.5,2.0188,2.5806,0.0123
27.2,seguindo,3.7294,0.5872,0.9168,0.7233,-0.1934,0.5,2.0095,1.8557,0.0012
27.25,seguindo,3.7402,0.6009,0.9195,0.7074,-0.212,0.5,1.9805,1.5145,-0.0045
27.3,seguindo,3.7473,0.6101,0.9212,0.7052,-0.216,0.5,1.9714,1.5145,-0.0032
27.35,seguindo,3.758,0.6238,0.9239,0.7018,-0.2222,0.5,1.9577,1.5145,-0.0014
27.4,seguindo,3.7651,0.633,0.9257,0.6994,-0.2263,0.5,1.9486,1.5145,-0.0001
27.45,seguindo,3.7758,0.6469,0.9284,0.6956,-0.2328,0.5,1.9351,1.5145,0.002
27.5,seguindo,3.7829,0.6561,0.9302,0.693,-0.2371,0.5,1.9262,1.5145,0.0034
27.55,seguindo,3.7934,0.6699,0.9329,0.6679,-0.2649,0.5,1.9128,1.3582,0.0056
27.6,seguindo,3.8005,0.6792,0.9347,0.6651,-0.2696,0.5,1.904,1.3582,0.007
27.65,seguindo,3.809,0.6907,0.9357,0.6614,-0.2743,0.5,1.8932,1.3582,0.009
27.7,seguindo,3.814,0.6974,0.9357,0.6592,-0.2766,0.5,1.887,1.3582,0.0101
27.75,seguindo,3.8233,0.7098,0.9372,0.655,-0.2822,0.5,1.8754,1.3582,0.0123
27.8,seguindo,3.8303,0.719,0.9391,0.6519,-0.2872,0.5,1.8667,1.3582,0.0138
27.85,seguindo,3.8407,0.733,0.9418,0.6246,-0.3172,0.5,1.8537,1.2936,0.0162
27.9,seguindo,3.8511,0.747,0.9445,0.6195,-0.325,0.5,1.8409,1.2936,0.0187
27.95,seguindo,3.8581,0.7563,0.9463,0.6159,-0.3303,0.5,1.8324,1.2936,0.0204
28.001,seguindo,3.8684,0.7703,0.949,0.6104,-0.3385,0.5,1.8198,1.2936,0.0229
28.05,seguindo,3.8753,0.7798,0.9499,0.6065,-0.3434,0.5,1.8114,1.2936,0.0248
28.1,seguindo,3.8822,0.7894,0.9508,0.6025,-0.3483,0.5,1.803,1.2936,0.0266
28.15,seguindo,3.8926,0.8038,0.9515,0.5726,-0.379,0.5,1.7905,1.2595,0.0295
28.2,seguindo,3.8995,0.8134,0.9518,0.5682,-0.3836,0.5,1.7822,1.2595,0.0314
28.25,seguindo,3.9097,0.8284,0.9472,0.5548,-0.3924,0.5,1.7698,1.0606,0.0019
28.3,seguindo,3.9166,0.8386,0.9424,0.5498,-0.3926,0.5,1.7616,1.0606,0.0039
28.35,seguindo,3.9266,0.8539,0.9301,0.546,-0.3842,0.5,1.7275,0.9759,-0.0262
28.4,seguindo,3.9333,0.8641,0.9202,0.5409,-0.3793,0.5,1.7194,0.9759,-0.0242
28.45,seguindo,3.9431,0.8794,0.9001,0.5328,-0.3673,0.5,1.7074,0.9759,-0.0211
28.5,seguindo,3.9497,0.8896,0.885,0.5274,-0.3576,0.5,1.6995,0.9759,-0.019
28.55,seguindo,3.9596,0.9048,0.8574,0.519,-0.3383,0.5,1.6877,0.9759,-0.0158
28.6,seguindo,3.9662,0.9148,0.8373,0.7743,-0.063,0.5,1.6799,inf,-0.0138
28.65,seguindo,3.9766,0.9296,0.8071,0.7661,-0.0411,0.5,1.6678,inf,-0.0114
28.7,seguindo,3.9838,0.9393,0.7871,0.7609,-0.0262,0.5,1.6596,inf,-0.01
28.75,seguindo,3.9949,0.9536,0.757,0.7538,-0.0032,0.5,1.6471,inf,-0.0082
28.8,seguindo,4.0026,0.9629,0.737,0.7495,0.0126,0.5,1.6385,inf,-0.0073
28.85,seguindo,4.0145,0.9766,0.7072,0.7347,0.0276,0.5,1.6364,inf,-0.0065
28.9,seguindo,4.0227,0.9856,0.6875,0.7019,0.0143,0.5,1.6276,inf,-0.006
28.95,seguindo,4.0353,0.9987,0.6584,0.6973,0.0389,0.5,1.614,inf,-0.0058
29.0,seguindo,4.044,1.0072,0.6394,0.6948,0.0554,0.5,1.6047,inf,-0.006
29.05,seguindo,4.057,1.0193,0.614,0.6922,0.0783,0.5,1.591,inf,-0.0066
29.1,seguindo,4.0658,1.0269,0.5995,0.6915,0.0919,0.5,1.5819,inf,-0.0072
29.15,seguindo,4.0793,1.0379,0.5813,0.658,0.0767,0.5,1.5679,inf,-0.0087
29.2,seguindo,4.0883,1.045,0.5712,0.6578,0.0866,0.5,1.5585,inf,-0.0099
29.25,seguindo,4.1024,1.0551,0.5614,0.6242,0.0628,0.5,1.5441,inf,-0.0353
29.3,seguindo,4.1119,1.0615,0.5572,0.6251,0.0679,0.5,1.5343,inf,-0.0347
29.35,seguindo,4.1265,1.0708,0.5565,0.6281,0.0716,0.5,1.5194,inf,-0.0343
29.4,seguindo,4.1364,1.0768,0.558,0.603,0.0449,0.5,1.5094,inf,-0.0342
29.45,seguindo,4.1513,1.0858,0.5609,0.6054,0.0445,0.5,1.4944,inf,-0.0341
29.5,seguindo,4.1611,1.0918,0.5631,0.6071,0.0441,0.5,1.4845,inf,-0.0341
29.55,seguindo,4.176,1.1009,0.5661,0.6097,0.0437,0.5,1.4696,inf,-0.0339
29.6,seguindo,4.1858,1.107,0.568,0.6115,0.0435,0.5,1.4597,inf,-0.0337
29.65,seguindo,4.2006,1.1162,0.5707,0.5791,0.0084,0.5,1.4449,inf,-0.0334
29.7,seguindo,4.2105,1.1224,0.5724,0.5796,0.0072,0.5,1.4351,inf,-0.0332
29.75,seguindo,4.2253,1.1317,0.5749,0.5804,0.0055,0.5,1.4204,inf,-0.0328
29.8,seguindo,4.2351,1.1379,0.5766,0.5809,0.0043,0.5,1.4107,inf,-0.0326
29.85,seguindo,4.2498,1.1472,0.5792,0.5816,0.0024,0.5,1.3962,inf,-0.0321
29.9,seguindo,4.2596,1.1535,0.5809,0.5821,0.0011,0.5,1.3866,inf,-0.0317
29.95,seguindo,4.2743,1.1629,0.5835,0.5388,-0.0446,0.5,1.3722,inf,-0.0312
30.0,seguindo,4.2841,1.1692,0.5852,0.5379,-0.0473,0.5,1.3627,inf,-0.0307
30.05,seguindo,4.2988,1.1787,0.5878,0.5942,0.0064,0.5,1.3413,inf,-0.0468
30.1,seguindo,4.3085,1.185,0.5896,0.5948,0.0052,0.5,1.3317,inf,-0.0464
30.15,seguindo,4.3231,1.1946,0.5923,0.5956,0.0033,0.5,1.3175,inf,-0.0458
30.2,seguindo,4.3377,1.2041,0.5951,0.5367,-0.0584,0.5,1.3033,inf,-0.0452
30.25,seguindo,4.3474,1.2105,0.5969,0.5353,-0.0615,0.5,1.2939,inf,-0.0448
30.3,seguindo,4.357,1.2169,0.5987,0.5363,-0.0624,0.5,1.2846,inf,-0.0175
30.35,seguindo,4.3716,1.2266,0.6014,0.5338,-0.0676,0.5,1.2707,inf,-0.0176
30.4,seguindo,4.3812,1.2331,0.6032,0.5319,-0.0713,0.5,1.2615,inf,-0.0176
30.45,seguindo,4.3957,1.2428,0.6059,0.476,-0.1299,0.5,1.2478,inf,-0.0176
30.5,seguindo,4.4053,1.2493,0.6077,0.4725,-0.1352,0.5,1.2388,inf,-0.0176
30.55,seguindo,4.4197,1.2591,0.6104,0.4668,-0.1436,0.5,1.2253,inf,-0.0174
30.6,seguindo,4.4293,1.2656,0.6122,0.4625,-0.1496,0.5,1.2163,inf,-0.0171
30.65,seguindo,4.4437,1.2755,0.6148,0.4556,-0.1593,0.5,1.2031,inf,-0.0165
30.7,seguindo,4.4533,1.2821,0.6166,0.3941,-0.2225,0.5,1.1943,inf,-0.0161
30.75,seguindo,4.4676,1.292,0.6193,0.3848,-0.2345,0.5,1.1813,inf,-0.0154
30.8,seguindo,4.4772,1.2986,0.6211,0.378,-0.2431,0.5,1.1726,inf,-0.0149
30.85,seguindo,4.4915,1.3086,0.6238,0.3669,-0.2569,0.5,1.1598,inf,-0.0134
30.9,seguindo,4.501,1.3153,0.6256,0.3588,-0.2668,0.5,1.1514,inf,-0.0123
30.95,seguindo,4.5152,1.3254,0.6283,0.2892,-0.339,0.5,1.1389,inf,-0.0105
31.0,seguindo,4.5247,1.3321,0.63,0.2797,-0.3503,0.5,1.1306,inf,-0.0093
31.05,seguindo,4.5363,1.3404,0.6311,0.267,-0.364,0.5,1.1206,inf,-0.0078
31.1,seguindo,4.543,1.3453,0.631,0.2591,-0.372,0.5,1.1149,inf,-0.0067
31.15,seguindo,4.5556,1.3544,0.633,0.2139,-0.4191,0.5,1.1139,inf,0.0054
31.2,seguindo,4.565,1.3611,0.6355,0.2011,-0.4344,0.5,1.106,inf,0.0075
31.25,seguindo,4.5792,1.3712,0.6392,0.133,-0.5062,0.5,1.0943,inf,0.0108
31.3,seguindo,4.5886,1.378,0.6417,0.1193,-0.5224,0.5,1.0866,inf,0.0131
31.35,seguindo,4.6026,1.3879,0.6472,0.033,-0.6142,0.5,1.0754,inf,0.0143
31.4,seguindo,4.6166,1.3978,0.654,0.01,-0.6441,0.5,1.0643,inf,0.02
31.45,seguindo,4.6259,1.4052,0.6523,-0.0081,-0.6604,0.5,1.0571,inf,0.0244
31.5,seguindo,4.6353,1.4126,0.6503,-0.0712,-0.7214,0.5,1.05,inf,0.0289
31.55,seguindo,4.6491,1.4238,0.6422,-0.0982,-0.7404,0.5,1.0399,inf,0.0359
31.6,seguindo,4.6582,1.4312,0.6352,-0.117,-0.7521,0.5,1.0333,inf,0.0405
31.65,seguindo,4.6716,1.4425,0.6197,-0.1466,-0.7664,0.5,1.0239,inf,0.0484
31.7,seguindo,4.6805,1.45,0.6077,-0.1672,-0.7749,0.5,1.0178,inf,0.0536
31.75,seguindo,4.6936,1.4611,0.5846,-0.2287,-0.8133,0.5,1.009,inf,0.0614
31.8,seguindo,4.7023,1.4685,0.5674,-0.2478,-0.8151,0.5,1.0032,inf,0.0665
31.85,seguindo,4.715,1.4793,0.5366,-0.2768,-0.8134,0.5,0.995,inf,0.0741
31.9,seguindo,4.7235,1.4863,0.5142,-0.2964,-0.8106,0.5,0.9895,inf,0.079
31.95,seguindo,4.7361,1.4967,0.4757,-0.3264,-0.802,0.5,0.9817,inf,0.0873
32.0,seguindo,4.7445,1.5034,0.4481,-0.3466,-0.7947,0.5,0.9764,inf,0.0927
32.05,seguindo,4.7572,1.5131,0.4042,-0.3773,-0.7815,0.5,0.9684,inf,0.1004
32.1,seguindo,4.7659,1.5193,0.3739,-0.4056,-0.7795,0.5,0.963,inf,0.1053
32.15,seguindo,4.7788,1.5281,0.328,-0.3567,-0.6847,0.5,0.9305,inf,0.0761
32.2,seguindo,4.7873,1.5334,0.2982,-0.3736,-0.6719,0.5,0.9247,inf,0.08
32.25,seguindo,4.7984,1.5402,0.2558,-0.4028,-0.6586,0.5,0.917,0.7409,0.0856
32.3,seguindo,4.8051,1.5444,0.2251,-0.4099,-0.635,0.5,0.9126,0.7409,0.0894
32.35,seguindo,4.8136,1.5496,0.1848,-0.4188,-0.6036,0.5,0.9069,0.7409,0.094
32.4,seguindo,4.8187,1.5525,0.1603,-0.4241,-0.5843,0.5,0.9034,0.7409,0.0966
32.45,seguindo,4.8246,1.5557,0.1312,-0.4301,-0.5613,0.5,0.8993,0.7409,0.0995
32.5,seguindo,4.8277,1.5575,0.1144,-0.4333,-0.5477,0.5,0.8972,0.7409,0.1011
32.55,seguindo,4.8307,1.5593,0.0959,-0.4366,-0.5325,0.5,0.8953,0.7409,0.1028
32.6,seguindo,4.8319,1.5602,0.0863,-0.438,-0.5244,0.5,0.8946,0.9302,0.1036
32.65,seguindo,4.8325,1.5609,0.0784,-0.4569,-0.5353,0.5,0.8813,0.9302,0.1164
32.7,seguindo,4.8325,1.5611,0.076,-0.4571,-0.533,0.5,0.8814,0.9302,0.1166
32.75,seguindo,4.8351,1.5619,0.0686,-0.4592,-0.5278,0.5,0.8794,0.9302,0.1173
32.8,seguindo,4.8382,1.5628,0.0606,-0.4616,-0.5222,0.5,0.8771,0.9302,0.1179
32.85,seguindo,4.8455,1.5645,0.0442,-0.4672,-0.5114,0.5,0.8713,0.9302,0.1192
32.9,seguindo,4.8518,1.5658,0.0309,-0.4718,-0.5026,0.5,0.8663,0.9302,0.1203
32.95,seguindo,4.8638,1.5681,0.0066,-0.4804,-0.487,0.5,0.8567,0.9302,0.1229
33.0,seguindo,4.8732,1.5696,-0.0127,-0.4872,-0.4745,0.5,0.849,0.9302,0.125
33.05,seguindo,4.8873,1.5719,-0.0463,-0.4976,-0.4513,0.5,0.8377,0.9302,0.1281
33.1,seguindo,4.9015,1.574,-0.0821,-0.5079,-0.4258,0.5,0.8263,1.344,0.131
33.151,seguindo,4.9117,1.5753,-0.1105,-0.5154,-0.405,0.5,0.818,1.344,0.1329
33.2,seguindo,4.922,1.5764,-0.1395,-0.5229,-0.3833,0.5,0.8096,1.344,0.1346
33.25,seguindo,4.9376,1.5777,-0.1857,-0.5161,-0.3305,0.5,0.7964,1.344,0.1308
33.3,seguindo,4.948,1.5782,-0.2175,0.075,0.2926,0.5,0.7877,0.9465,-0.0168
33.35,seguindo,4.9635,1.5785,-0.266,0.076,0.342,0.5,0.7744,0.9465,-0.0182
33.4,seguindo,4.9738,1.5782,-0.2988,0.077,0.3758,0.5,0.7654,0.9465,-0.0195
33.45,seguindo,4.9886,1.5775,-0.3456,0.0373,0.3829,0.5,0.7523,0.6757,-0.0218
33.5,seguindo,4.9982,1.5766,-0.3744,0.0385,0.4129,0.5,0.7438,0.6757,-0.0236
33.55,seguindo,5.0106,1.5751,-0.4138,0.0479,0.4618,0.5,0.71,0.6757,-0.0295
33.6,seguindo,5.018,1.5742,-0.4407,0.0493,0.49,0.5,0.7033,0.6757,-0.0313
33.65,seguindo,5.0272,1.5727,-0.4732,0.0514,0.5246,0.5,0.6948,0.6757,-0.0338
33.7,seguindo,5.0324,1.5717,-0.4927,0.0526,0.5454,0.5,0.6899,0.6757,-0.0353
33.75,seguindo,5.0384,1.5705,-0.5145,0.0038,0.5182,0.5,0.6843,0.5462,-0.0372
33.8,seguindo,5.0414,1.5699,-0.5265,0.0044,0.5309,0.5,0.6814,0.5462,-0.0381
33.851,seguindo,5.0443,1.5692,-0.5376,0.0051,0.5427,0.5,0.6787,0.5462,-0.0391
33.9,seguindo,5.0455,1.569,-0.5424,0.0053,0.5477,0.5,0.6775,0.5462,-0.0395
33.95,seguindo,5.0461,1.5688,-0.5449,0.0055,0.5504,0.5,0.6769,0.5462,-0.0397
34.0,seguindo,5.0461,1.5688,-0.5449,0.0055,0.5504,0.5,0.6769,0.5462,-0.0397
34.05,seguindo,5.0461,1.5688,-0.5449,0.0055,0.5504,0.5,0.6769,0.5462,-0.0397
34.1,seguindo,5.0461,1.5688,-0.5449,0.0055,0.5504,0.5,0.6769,0.5462,-0.0397
34.15,seguindo,5.0461,1.5688,-0.5449,0.0055,0.5504,0.5,0.6769,0.5462,-0.0397
34.2,seguindo,5.0461,1.5688,-0.5449,0.0055,0.5504,0.5,0.6769,0.5462,-0.0397
34.25,seguindo,5.0461,1.5688,-0.5449,0.0055,0.5504,0.5,0.6769,0.5462,-0.0397
34.3,seguindo,5.0461,1.5688,-0.5449,0.0055,0.5504,0.5,0.6769,0.5462,-0.0397
34.35,seguindo,5.0461,1.5688,-0.5449,-0.5303,0.0146,0.5,0.6838,1.4627,0.0153
34.4,seguindo,5.0461,1.5688,-0.5449,-0.5303,0.0146,0.5,0.6838,1.4627,0.0153
34.45,seguindo,5.0461,1.5688,-0.5449,-0.5303,0.0146,0.5,0.6838,1.4627,0.0153
34.5,seguindo,5.0461,1.5688,-0.5449,-0.5303,0.0146,0.5,0.6838,1.4627,0.0153
34.55,seguindo,5.0461,1.5688,-0.5449,-0.5303,0.0146,0.5,0.6838,1.4627,0.0153
34.6,seguindo,5.0461,1.5688,-0.5449,-0.5303,0.0146,0.5,0.6838,1.4627,0.0153
34.65,seguindo,5.0461,1.5688,-0.5449,-0.5303,0.0146,0.5,0.6838,1.4627,0.0153
34.7,seguindo,5.0461,1.5688,-0.5449,-0.5303,0.0146,0.5,0.6838,1.4627,0.0153
34.75,seguindo,5.0461,1.5688,-0.5449,-0.5303,0.0146,0.5,0.6838,1.4627,0.0153
34.8,seguindo,5.0461,1.5688,-0.5449,-0.5303,0.0146,0.5,0.6838,1.4627,0.0153
34.85,seguindo,5.0461,1.5688,-0.5449,-0.5303,0.0146,0.5,0.6838,1.4627,0.0153
34.9,seguindo,5.0461,1.5688,-0.5449,-0.5303,0.0146,0.5,0.6838,1.4627,0.0153
34.95,seguindo,5.0461,1.5688,-0.5449,-0.5303,0.0146,0.5,0.6838,1.4627,0.0153
35.0,seguindo,5.0461,1.5688,-0.5449,-0.5303,0.0146,0.5,0.6838,1.4627,0.0153
35.05,seguindo,5.0461,1.5688,-0.5449,-0.5303,0.0146,0.5,0.6838,1.4627,0.0153
35.1,seguindo,5.0461,1.5688,-0.5449,-0.5303,0.0146,0.5,0.6838,1.4627,0.0153
35.15,seguindo,5.0461,1.5688,-0.5449,-0.5303,0.0146,0.5,0.6838,1.4627,0.0153
35.2,seguindo,5.0461,1.5688,-0.5449,-0.5303,0.0146,0.5,0.6838,1.4627,0.0153
35.25,seguindo,5.0461,1.5688,-0.5449,-0.5303,0.0146,0.5,0.6838,1.4627,0.0153
35.3,seguindo,5.0461,1.5688,-0.5449,-0.5303,0.0146,0.5,0.6838,1.4627,0.0153
35.35,seguindo,5.0461,1.5688,-0.5449,-0.5119,0.033,0.5,0.7069,1.4627,-0.0
35.4,seguindo,5.0461,1.5688,-0.5449,-0.5119,0.033,0.5,0.7069,1.4627,-0.0
35.45,seguindo,5.0461,1.5688,-0.5449,-0.5119,0.033,0.5,0.7069,1.4627,-0.0
35.5,seguindo,5.0461,1.5688,-0.5449,-0.5119,0.033,0.5,0.7069,1.4627,-0.0
35.55,seguindo,5.0461,1.5688,-0.5449,-0.5119,0.033,0.5,0.7069,1.4627,-0.0
35.6,seguindo,5.0461,1.5688,-0.5449,-0.5119,0.033,0.5,0.7069,1.4627,-0.0
35.65,seguindo,5.0461,1.5688,-0.5449,-0.5119,0.033,0.5,0.7069,1.4627,-0.0
35.7,seguindo,5.0461,1.5688,-0.5449,-0.5119,0.033,0.5,0.7069,1.4627,-0.0
35.75,seguindo,5.0461,1.5688,-0.5449,-0.5119,0.033,0.5,0.7069,1.4627,-0.0
35.8,seguindo,5.0461,1.5688,-0.5449,-0.5119,0.033,0.5,0.7069,1.4627,-0.0
35.85,seguindo,5.0461,1.5688,-0.5449,-0.5119,0.033,0.5,0.7069,1.4627,-0.0
35.9,seguindo,5.0461,1.5688,-0.5449,-0.5119,0.033,0.5,0.7069,1.4627,-0.0
35.95,seguindo,5.0461,1.5688,-0.5449,-0.5119,0.033,0.5,0.7069,1.4627,-0.0
36.0,seguindo,5.0461,1.5688,-0.5449,-0.5119,0.033,0.5,0.7069,1.4627,-0.0
36.05,seguindo,5.0461,1.5688,-0.5449,-0.5119,0.033,0.5,0.7069,1.4627,-0.0
36.1,seguindo,5.0461,1.5688,-0.5449,-0.5119,0.033,0.5,0.7069,1.4627,-0.0
36.15,seguindo,5.0461,1.5688,-0.5449,-0.5119,0.033,0.5,0.7069,1.4627,-0.0
36.2,seguindo,5.0461,1.5688,-0.5449,-0.5119,0.033,0.5,0.7069,1.4627,-0.0
36.25,seguindo,5.0461,1.5688,-0.5449,-0.5119,0.033,0.5,0.7069,1.4627,-0.0
36.3,seguindo,5.0461,1.5688,-0.5449,-0.5119,0.033,0.5,0.7069,1.4627,-0.0
36.35,seguindo,5.0461,1.5688,-0.5449,-0.5119,0.033,0.5,0.7069,1.4627,-0.0
36.4,seguindo,5.0461,1.5688,-0.5449,-0.5119,0.033,0.5,0.7069,1.4627,-0.0
36.45,seguindo,5.0461,1.5688,-0.5449,-0.5119,0.033,0.5,0.7069,1.4627,-0.0
36.5,seguindo,5.0461,1.5688,-0.5449,-0.5119,0.033,0.5,0.7069,1.4627,-0.0
36.55,seguindo,5.0461,1.5688,-0.5449,-0.5119,0.033,0.5,0.7069,1.4627,-0.0
36.6,seguindo,5.0461,1.5688,-0.5449,-0.5119,0.033,0.5,0.7069,1.4627,-0.0
36.65,seguindo,5.0461,1.5688,-0.5449,-0.5119,0.033,0.5,0.7069,1.4627,-0.0
36.7,seguindo,5.0461,1.5688,-0.5449,-0.5119,0.033,0.5,0.7069,1.4627,-0.0
36.75,seguindo,5.0461,1.5688,-0.5449,-0.5119,0.033,0.5,0.7069,1.4627,-0.0
36.8,seguindo,5.0461,1.5688,-0.5449,-0.5119,0.033,0.5,0.7069,1.4627,-0.0
36.85,seguindo,5.0461,1.5688,-0.5449,-0.5119,0.033,0.5,0.7069,1.4627,-0.0
36.9,seguindo,5.0461,1.5688,-0.5449,-0.5119,0.033,0.5,0.7069,1.4627,-0.0
36.95,seguindo,5.0461,1.5688,-0.5449,-0.5119,0.033,0.5,0.7069,1.4627,-0.0
37.0,seguindo,5.0461,1.5688,-0.5449,-0.5119,0.033,0.5,0.7069,1.4627,-0.0
37.05,seguindo,5.0461,1.5688,-0.5449,-0.5119,0.033,0.5,0.7069,1.4627,-0.0
37.1,seguindo,5.0461,1.5688,-0.5449,-0.5119,0.033,0.5,0.7069,1.4627,-0.0
37.15,seguindo,5.0461,1.5688,-0.5449,-0.5119,0.033,0.5,0.7069,1.4627,-0.0
37.2,seguindo,5.0461,1.5688,-0.5449,-0.5119,0.033,0.5,0.7069,1.4627,-0.0
37.25,seguindo,5.0461,1.5688,-0.5449,-0.5119,0.033,0.5,0.7069,1.4627,-0.0
37.3,seguindo,5.0461,1.5688,-0.5449,-0.5119,0.033,0.5,0.7069,1.4627,-0.0
37.35,seguindo,5.0461,1.5688,-0.5449,-0.5119,0.033,0.5,0.7069,1.4627,-0.0
37.4,seguindo,5.0461,1.5688,-0.5449,-0.5119,0.033,0.5,0.7069,1.4627,-0.0
37.45,seguindo,5.0461,1.5688,-0.5449,-0.5119,0.033,0.5,0.7069,1.4627,-0.0
37.5,seguindo,5.0461,1.5688,-0.5449,-0.5119,0.033,0.5,0.7069,1.4627,-0.0
37.55,seguindo,5.0461,1.5688,-0.5449,-0.5119,0.033,0.5,0.7069,1.4627,-0.0
37.6,seguindo,5.0461,1.5688,-0.5449,-0.5119,0.033,0.5,0.7069,1.4627,-0.0
37.65,seguindo,5.0461,1.5688,-0.5449,-0.5119,0.033,0.5,0.7069,1.4627,-0.0
37.7,seguindo,5.0461,1.5688,-0.5449,-0.5119,0.033,0.5,0.7069,1.4627,-0.0
37.75,seguindo,5.0461,1.5688,-0.5449,-0.5119,0.033,0.5,0.7069,1.4627,-0.0
37.8,seguindo,5.0461,1.5688,-0.5449,-0.5119,0.033,0.5,0.7069,1.4627,-0.0
37.85,seguindo,5.0461,1.5688,-0.5449,-0.5119,0.033,0.5,0.7069,1.4627,-0.0
37.9,seguindo,5.0461,1.5688,-0.5449,-0.5119,0.033,0.5,0.7069,1.4627,-0.0
37.95,seguindo,5.0461,1.5688,-0.5449,-0.5119,0.033,0.5,0.7069,1.4627,-0.0
38.0,seguindo,5.0461,1.5688,-0.5449,-0.5119,0.033,0.5,0.7069,1.4627,-0.0
38.05,seguindo,5.0461,1.5688,-0.5449,-0.5119,0.033,0.5,0.7069,1.4627,-0.0
38.1,seguindo,5.0461,1.5688,-0.5449,-0.5119,0.033,0.5,0.7069,1.4627,-0.0
38.15,seguindo,5.0461,1.5688,-0.5449,-0.5119,0.033,0.5,0.7069,1.4627,-0.0
38.2,seguindo,5.0461,1.5688,-0.5449,-0.5119,0.033,0.5,0.7069,1.4627,-0.0
38.25,seguindo,5.0461,1.5688,-0.5449,-0.5119,0.033,0.5,0.7069,1.4627,-0.0
38.3,seguindo,5.0461,1.5688,-0.5449,-0.5119,0.033,0.5,0.7069,1.4627,-0.0
38.35,seguindo,5.0461,1.5688,-0.5449,-0.5119,0.033,0.5,0.7069,1.4627,-0.0
38.4,seguindo,5.0461,1.5688,-0.5449,-0.5119,0.033,0.5,0.7069,1.4627,-0.0
38.45,seguindo,5.0461,1.5688,-0.5449,-0.5119,0.033,0.5,0.7069,1.4627,-0.0
38.5,seguindo,5.0461,1.5688,-0.5449,-0.5119,0.033,0.5,0.7069,1.4627,-0.0
38.55,seguindo,5.0461,1.5688,-0.5449,-0.5119,0.033,0.5,0.7069,1.4627,-0.0
38.6,seguindo,5.0461,1.5688,-0.5449,-0.5119,0.033,0.5,0.7069,1.4627,-0.0
38.65,seguindo,5.0461,1.5688,-0.5449,-0.5119,0.033,0.5,0.7069,1.4627,-0.0
38.7,seguindo,5.0461,1.5688,-0.5449,-0.5119,0.033,0.5,0.7069,1.4627,-0.0
38.75,seguindo,5.0461,1.5688,-0.5449,-0.5119,0.033,0.5,0.7069,1.4627,-0.0
38.8,seguindo,5.0461,1.5688,-0.5449,-0.5119,0.033,0.5,0.7069,1.4627,-0.0
38.85,seguindo,5.0461,1.5688,-0.5449,-0.5119,0.033,0.5,0.7069,1.4627,-0.0
38.9,seguindo,5.0461,1.5688,-0.5449,-0.5119,0.033,0.5,0.7069,1.4627,-0.0
38.95,seguindo,5.0461,1.5688,-0.5449,-0.5119,0.033,0.5,0.7069,1.4627,-0.0
39.0,seguindo,5.0461,1.5688,-0.5449,-0.5119,0.033,0.5,0.7069,1.4627,-0.0
39.05,seguindo,5.0461,1.5688,-0.5449,-0.5119,0.033,0.5,0.7069,1.4627,-0.0
39.1,seguindo,5.0461,1.5688,-0.5449,-0.5119,0.033,0.5,0.7069,1.4627,-0.0
39.15,seguindo,5.0461,1.5688,-0.5449,-0.5119,0.033,0.5,0.7069,1.4627,-0.0
39.2,seguindo,5.0461,1.5688,-0.5449,-0.5119,0.033,0.5,0.7069,1.4627,-0.0
39.25,seguindo,5.0461,1.5688,-0.5449,-0.5119,0.033,0.5,0.7069,1.4627,-0.0
39.3,seguindo,5.0461,1.5688,-0.5449,-0.5119,0.033,0.5,0.7069,1.4627,-0.0
39.35,seguindo,5.0461,1.5688,-0.5449,-0.5119,0.033,0.5,0.7069,1.4627,-0.0
39.4,seguindo,5.0461,1.5688,-0.5449,-0.5119,0.033,0.5,0.7069,1.4627,-0.0
39.45,seguindo,5.0461,1.5688,-0.5449,-0.5119,0.033,0.5,0.7069,1.4627,-0.0
39.5,seguindo,5.0461,1.5688,-0.5449,-0.5119,0.033,0.5,0.7069,1.4627,-0.0
39.55,seguindo,5.0461,1.5688,-0.5449,-0.5119,0.033,0.5,0.7069,1.4627,-0.0
39.6,seguindo,5.0461,1.5688,-0.5449,-0.5119,0.033,0.5,0.7069,1.4627,-0.0
39.65,seguindo,5.0461,1.5688,-0.5449,-0.5119,0.033,0.5,0.7069,1.4627,-0.0
39.7,seguindo,5.0461,1.5688,-0.5449,-0.5119,0.033,0.5,0.7069,1.4627,-0.0
39.75,seguindo,5.0461,1.5688,-0.5449,-0.5119,0.033,0.5,0.7069,1.4627,-0.0
39.8,seguindo,5.0461,1.5688,-0.5449,-0.5119,0.033,0.5,0.7069,1.4627,-0.0
39.85,seguindo,5.0461,1.5688,-0.5449,-0.5119,0.033,0.5,0.7069,1.4627,-0.0
39.9,seguindo,5.0461,1.5688,-0.5449,-0.5119,0.033,0.5,0.7069,1.4627,-0.0
39.95,seguindo,5.0461,1.5688,-0.5449,-0.5119,0.033,0.5,0.7069,1.4627,-0.0
40.0,seguindo,5.0461,1.5688,-0.5449,-0.5119,0.033,0.5,0.7069,1.4627,-0.0
40.05,seguindo,5.0461,1.5688,-0.5449,-0.5119,0.033,0.5,0.7069,1.4627,-0.0
40.1,seguindo,5.0461,1.5688,-0.5449,-0.5119,0.033,0.5,0.7069,1.4627,-0.0
40.15,seguindo,5.0461,1.5688,-0.5449,-0.5119,0.033,0.5,0.7069,1.4627,-0.0
40.2,seguindo,5.0461,1.5688,-0.5449,-0.5119,0.033,0.5,0.7069,1.4627,-0.0
40.25,seguindo,5.0461,1.5688,-0.5449,-0.5119,0.033,0.5,0.7069,1.4627,-0.0
40.3,seguindo,5.0461,1.5688,-0.5449,-0.5119,0.033,0.5,0.7069,1.4627,-0.0
40.35,seguindo,5.0461,1.5688,-0.5449,-0.5119,0.033,0.5,0.7069,1.4627,-0.0
40.4,seguindo,5.0461,1.5688,-0.5449,-0.5119,0.033,0.5,0.7069,1.4627,-0.0
40.45,seguindo,5.0461,1.5688,-0.5449,-0.5119,0.033,0.5,0.7069,1.4627,-0.0
40.5,seguindo,5.0461,1.5688,-0.5449,-0.5119,0.033,0.5,0.7069,1.4627,-0.0
40.55,seguindo,5.0461,1.5688,-0.5449,-0.5119,0.033,0.5,0.7069,1.4627,-0.0
40.6,seguindo,5.0461,1.5688,-0.5449,-0.5119,0.033,0.5,0.7069,1.4627,-0.0
40.65,seguindo,5.0461,1.5688,-0.5449,-0.5119,0.033,0.5,0.7069,1.4627,-0.0
40.7,seguindo,5.0461,1.5688,-0.5449,-0.5119,0.033,0.5,0.7069,1.4627,-0.0
40.75,seguindo,5.0461,1.5688,-0.5449,-0.5119,0.033,0.5,0.7069,1.4627,-0.0
40.8,seguindo,5.0461,1.5688,-0.5449,-0.5119,0.033,0.5,0.7069,1.4627,-0.0
40.85,seguindo,5.0461,1.5688,-0.5449,-0.5119,0.033,0.5,0.7069,1.4627,-0.0
40.9,seguindo,5.0461,1.5688,-0.5449,-0.5119,0.033,0.5,0.7069,1.4627,-0.0
40.95,seguindo,5.0461,1.5688,-0.5449,-0.5119,0.033,0.5,0.7069,1.4627,-0.0
41.0,seguindo,5.0461,1.5688,-0.5449,-0.5119,0.033,0.5,0.7069,1.4627,-0.0
41.05,seguindo,5.0461,1.5688,-0.5449,-0.5119,0.033,0.5,0.7069,1.4627,-0.0
41.1,seguindo,5.0461,1.5688,-0.5449,-0.5119,0.033,0.5,0.7069,1.4627,-0.0
41.15,seguindo,5.0461,1.5688,-0.5449,-0.5119,0.033,0.5,0.7069,1.4627,-0.0
41.2,seguindo,5.0461,1.5688,-0.5449,-0.5119,0.033,0.5,0.7069,1.4627,-0.0
41.25,seguindo,5.0461,1.5688,-0.5449,-0.5119,0.033,0.5,0.7069,1.4627,-0.0
41.3,seguindo,5.0461,1.5688,-0.5449,-0.5119,0.033,0.5,0.7069,1.4627,-0.0
41.35,seguindo,5.0461,1.5688,-0.5449,-0.5119,0.033,0.5,0.7069,1.4627,-0.0
41.4,seguindo,5.0461,1.5688,-0.5449,-0.5119,0.033,0.5,0.7069,1.4627,-0.0
41.45,seguindo,5.0461,1.5688,-0.5449,-0.5119,0.033,0.5,0.7069,1.4627,-0.0
41.5,seguindo,5.0461,1.5688,-0.5449,-0.5119,0.033,0.5,0.7069,1.4627,-0.0
41.55,seguindo,5.0461,1.5688,-0.5449,-0.5119,0.033,0.5,0.7069,1.4627,-0.0
41.6,seguindo,5.0461,1.5688,-0.5449,-0.5119,0.033,0.5,0.7069,1.4627,-0.0
41.65,seguindo,5.0461,1.5688,-0.5449,-0.5119,0.033,0.5,0.7069,1.4627,-0.0
41.7,seguindo,5.0461,1.5688,-0.5449,-0.5119,0.033,0.5,0.7069,1.4627,-0.0
41.75,seguindo,5.0461,1.5688,-0.5449,-0.5119,0.033,0.5,0.7069,1.4627,-0.0
41.8,seguindo,5.0461,1.5688,-0.5449,-0.5119,0.033,0.5,0.7069,1.4627,-0.0
41.85,seguindo,5.0461,1.5688,-0.5449,-0.5119,0.033,0.5,0.7069,1.4627,-0.0
41.9,seguindo,5.0461,1.5688,-0.5449,-0.5119,0.033,0.5,0.7069,1.4627,-0.0
41.95,seguindo,5.0461,1.5688,-0.5449,-0.5119,0.033,0.5,0.7069,1.4627,-0.0
42.0,seguindo,5.0461,1.5688,-0.5449,-0.5119,0.033,0.5,0.7069,1.4627,-0.0
42.05,seguindo,5.0461,1.5688,-0.5449,-0.5119,0.033,0.5,0.7069,1.4627,-0.0
42.1,seguindo,5.0461,1.5688,-0.5449,-0.5119,0.033,0.5,0.7069,1.4627,-0.0
42.151,seguindo,5.0461,1.5688,-0.5449,-0.5119,0.033,0.5,0.7069,1.4627,-0.0
42.201,seguindo,5.0461,1.5688,-0.5449,-0.5119,0.033,0.5,0.7069,1.4627,-0.0
42.25,seguindo,5.0461,1.5688,-0.5449,-0.5119,0.033,0.5,0.7069,1.4627,-0.0
42.3,seguindo,5.0461,1.5688,-0.5449,-0.5119,0.033,0.5,0.7069,1.4627,-0.0
42.35,seguindo,5.0461,1.5688,-0.5449,-0.5119,0.033,0.5,0.7069,1.4627,-0.0
42.4,seguindo,5.0461,1.5688,-0.5449,-0.5119,0.033,0.5,0.7069,1.4627,-0.0
42.45,seguindo,5.0461,1.5688,-0.5449,-0.5119,0.033,0.5,0.7069,1.4627,-0.0
42.5,seguindo,5.0461,1.5688,-0.5449,-0.5119,0.033,0.5,0.7069,1.4627,-0.0
42.55,seguindo,5.0461,1.5688,-0.5449,-0.5119,0.033,0.5,0.7069,1.4627,-0.0
42.6,seguindo,5.0461,1.5688,-0.5449,-0.5119,0.033,0.5,0.7069,1.4627,-0.0
42.65,seguindo,5.0461,1.5688,-0.5449,-0.5119,0.033,0.5,0.7069,1.4627,-0.0
42.7,seguindo,5.0461,1.5688,-0.5449,-0.5119,0.033,0.5,0.7069,1.4627,-0.0
42.75,seguindo,5.0461,1.5688,-0.5449,-0.5119,0.033,0.5,0.7069,1.4627,-0.0
42.8,seguindo,5.0461,1.5688,-0.5449,-0.5119,0.033,0.5,0.7069,1.4627,-0.0
42.85,seguindo,5.0461,1.5688,-0.5449,-0.5119,0.033,0.5,0.7069,1.4627,-0.0
42.9,seguindo,5.0461,1.5688,-0.5449,-0.5119,0.033,0.5,0.7069,1.4627,-0.0
42.95,seguindo,5.0461,1.5688,-0.5449,-0.5119,0.033,0.5,0.7069,1.4627,-0.0
43.0,seguindo,5.0461,1.5688,-0.5449,-0.5119,0.033,0.5,0.7069,1.4627,-0.0
43.05,seguindo,5.0461,1.5688,-0.5449,-0.5119,0.033,0.5,0.7069,1.4627,-0.0
43.1,seguindo,5.0461,1.5688,-0.5449,-0.5119,0.033,0.5,0.7069,1.4627,-0.0
43.15,seguindo,5.0461,1.5688,-0.5449,-0.5119,0.033,0.5,0.7069,1.4627,-0.0
43.2,seguindo,5.0461,1.5688,-0.5449,-0.5119,0.033,0.5,0.7069,1.4627,-0.0
43.25,seguindo,5.0461,1.5688,-0.5449,-0.5119,0.033,0.5,0.7069,1.4627,-0.0
43.3,seguindo,5.0461,1.5688,-0.5449,-0.5119,0.033,0.5,0.7069,1.4627,-0.0
43.35,seguindo,5.0461,1.5688,-0.5449,-0.5119,0.033,0.5,0.7069,1.4627,-0.0
43.4,seguindo,5.0461,1.5688,-0.5449,-0.5119,0.033,0.5,0.7069,1.4627,-0.0
43.45,seguindo,5.0461,1.5688,-0.5449,-0.5119,0.033,0.5,0.7069,1.4627,-0.0
43.5,seguindo,5.0461,1.5688,-0.5449,-0.5119,0.033,0.5,0.7069,1.4627,-0.0
43.55,seguindo,5.0461,1.5688,-0.5449,-0.5119,0.033,0.5,0.7069,1.4627,-0.0
43.6,seguindo,5.0461,1.5688,-0.5449,-0.5119,0.033,0.5,0.7069,1.4627,-0.0
43.65,seguindo,5.0461,1.5688,-0.5449,-0.5119,0.033,0.5,0.7069,1.4627,-0.0
43.7,seguindo,5.0461,1.5688,-0.5449,-0.5119,0.033,0.5,0.7069,1.4627,-0.0
43.75,seguindo,5.0461,1.5688,-0.5449,-0.5119,0.033,0.5,0.7069,1.4627,-0.0
43.8,seguindo,5.0461,1.5688,-0.5449,-0.5119,0.033,0.5,0.7069,1.4627,-0.0
43.85,seguindo,5.0461,1.5688,-0.5449,-0.5119,0.033,0.5,0.7069,1.4627,-0.0
43.9,seguindo,5.0461,1.5688,-0.5449,-0.5119,0.033,0.5,0.7069,1.4627,-0.0
43.95,seguindo,5.0461,1.5688,-0.5449,-0.5119,0.033,0.5,0.7069,1.4627,-0.0
44.0,seguindo,5.0461,1.5688,-0.5449,-0.5119,0.033,0.5,0.7069,1.4627,-0.0
44.05,seguindo,5.0461,1.5688,-0.5449,-0.5119,0.033,0.5,0.7069,1.4627,-0.0
44.1,seguindo,5.0461,1.5688,-0.5449,-0.5119,0.033,0.5,0.7069,1.4627,-0.0
44.15,seguindo,5.0461,1.5688,-0.5449,-0.5119,0.033,0.5,0.7069,1.4627,-0.0
44.2,seguindo,5.0461,1.5688,-0.5449,-0.5119,0.033,0.5,0.7069,1.4627,-0.0
44.25,seguindo,5.0461,1.5688,-0.5449,-0.5119,0.033,0.5,0.7069,1.4627,-0.0
44.3,seguindo,5.0461,1.5688,-0.5449,-0.5119,0.033,0.5,0.7069,1.4627,-0.0
44.35,seguindo,5.0461,1.5688,-0.5449,-0.5119,0.033,0.5,0.7069,1.4627,-0.0
44.4,seguindo,5.0461,1.5688,-0.5449,-0.5119,0.033,0.5,0.7069,1.4627,-0.0
44.45,seguindo,5.0461,1.5688,-0.5449,-0.5119,0.033,0.5,0.7069,1.4627,-0.0
44.5,seguindo,5.0461,1.5688,-0.5449,-0.5119,0.033,0.5,0.7069,1.4627,-0.0
44.55,seguindo,5.0461,1.5688,-0.5449,-0.5119,0.033,0.5,0.7069,1.4627,-0.0
44.6,seguindo,5.0461,1.5688,-0.5449,-0.5119,0.033,0.5,0.7069,1.4627,-0.0
44.65,seguindo,5.0461,1.5688,-0.5449,-0.5119,0.033,0.5,0.7069,1.4627,-0.0
44.7,seguindo,5.0461,1.5688,-0.5449,-0.5119,0.033,0.5,0.7069,1.4627,-0.0
44.75,seguindo,5.0461,1.5688,-0.5449,-0.5119,0.033,0.5,0.7069,1.4627,-0.0
44.8,seguindo,5.0461,1.5688,-0.5449,-0.5119,0.033,0.5,0.7069,1.4627,-0.0
44.85,seguindo,5.0461,1.5688,-0.5449,-0.5119,0.033,0.5,0.7069,1.4627,-0.0
44.9,seguindo,5.0461,1.5688,-0.5449,-0.5119,0.033,0.5,0.7069,1.4627,-0.0
44.95,seguindo,5.0461,1.5688,-0.5449,-0.5119,0.033,0.5,0.7069,1.4627,-0.0
45.0,seguindo,5.0461,1.5688,-0.5449,-0.5119,0.033,0.5,0.7069,1.4627,-0.0
45.05,seguindo,5.0461,1.5688,-0.5449,-0.5119,0.033,0.5,0.7069,1.4627,-0.0
45.1,seguindo,5.0461,1.5688,-0.5449,-0.5119,0.033,0.5,0.7069,1.4627,-0.0
45.15,seguindo,5.0461,1.5688,-0.5449,-0.5119,0.033,0.5,0.7069,1.4627,-0.0
45.2,seguindo,5.0461,1.5688,-0.5449,-0.5119,0.033,0.5,0.7069,1.4627,-0.0
45.25,seguindo,5.0461,1.5688,-0.5449,-0.5119,0.033,0.5,0.7069,1.4627,-0.0
45.3,seguindo,5.0461,1.5688,-0.5449,-0.5119,0.033,0.5,0.7069,1.4627,-0.0
45.35,seguindo,5.0461,1.5688,-0.5449,-0.5119,0.033,0.5,0.7069,1.4627,-0.0
45.4,seguindo,5.0461,1.5688,-0.5449,-0.5119,0.033,0.5,0.7069,1.4627,-0.0
45.45,seguindo,5.0461,1.5688,-0.5449,-0.5119,0.033,0.5,0.7069,1.4627,-0.0
45.5,seguindo,5.0461,1.5688,-0.5449,-0.5119,0.033,0.5,0.7069,1.4627,-0.0
45.55,seguindo,5.0461,1.5688,-0.5449,-0.5119,0.033,0.5,0.7069,1.4627,-0.0
45.6,seguindo,5.0461,1.5688,-0.5449,-0.5119,0.033,0.5,0.7069,1.4627,-0.0
45.65,seguindo,5.0461,1.5688,-0.5449,-0.5119,0.033,0.5,0.7069,1.4627,-0.0
45.7,seguindo,5.0461,1.5688,-0.5449,-0.5119,0.033,0.5,0.7069,1.4627,-0.0
45.75,seguindo,5.0461,1.5688,-0.5449,-0.5119,0.033,0.5,0.7069,1.4627,-0.0
45.8,seguindo,5.0461,1.5688,-0.5449,-0.5119,0.033,0.5,0.7069,1.4627,-0.0
45.85,seguindo,5.0461,1.5688,-0.5449,-0.5119,0.033,0.5,0.7069,1.4627,-0.0
45.9,seguindo,5.0461,1.5688,-0.5449,-0.5119,0.033,0.5,0.7069,1.4627,-0.0
45.95,seguindo,5.0461,1.5688,-0.5449,-0.5119,0.033,0.5,0.7069,1.4627,-0.0
46.0,seguindo,5.0461,1.5688,-0.5449,-0.5119,0.033,0.5,0.7069,1.4627,-0.0
46.05,seguindo,5.0461,1.5688,-0.5449,-0.5119,0.033,0.5,0.7069,1.4627,-0.0
46.1,seguindo,5.0461,1.5688,-0.5449,-0.5119,0.033,0.5,0.7069,1.4627,-0.0
46.15,seguindo,5.0461,1.5688,-0.5449,-0.5119,0.033,0.5,0.7069,1.4627,-0.0
46.2,seguindo,5.0461,1.5688,-0.5449,-0.5119,0.033,0.5,0.7069,1.4627,-0.0
46.25,seguindo,5.0461,1.5688,-0.5449,-0.5119,0.033,0.5,0.7069,1.4627,-0.0
46.3,seguindo,5.0461,1.5688,-0.5449,-0.5119,0.033,0.5,0.7069,1.4627,-0.0
46.35,seguindo,5.0461,1.5688,-0.5449,-0.5119,0.033,0.5,0.7069,1.4627,-0.0
46.4,seguindo,5.0461,1.5688,-0.5449,-0.5119,0.033,0.5,0.7069,1.4627,-0.0
46.45,seguindo,5.0461,1.5688,-0.5449,-0.5119,0.033,0.5,0.7069,1.4627,-0.0
46.5,seguindo,5.0461,1.5688,-0.5449,-0.5119,0.033,0.5,0.7069,1.4627,-0.0
46.55,seguindo,5.0461,1.5688,-0.5449,-0.5119,0.033,0.5,0.7069,1.4627,-0.0
46.6,seguindo,5.0461,1.5688,-0.5449,-0.5119,0.033,0.5,0.7069,1.4627,-0.0
46.65,seguindo,5.0461,1.5688,-0.5449,-0.5119,0.033,0.5,0.7069,1.4627,-0.0
46.7,seguindo,5.0461,1.5688,-0.5449,-0.5119,0.033,0.5,0.7069,1.4627,-0.0
46.75,seguindo,5.0461,1.5688,-0.5449,-0.5119,0.033,0.5,0.7069,1.4627,-0.0
46.8,seguindo,5.0461,1.5688,-0.5449,-0.5119,0.033,0.5,0.7069,1.4627,-0.0
46.85,seguindo,5.0461,1.5688,-0.5449,-0.5119,0.033,0.5,0.7069,1.4627,-0.0
46.9,seguindo,5.0461,1.5688,-0.5449,-0.5119,0.033,0.5,0.7069,1.4627,-0.0
46.95,seguindo,5.0461,1.5688,-0.5449,-0.5119,0.033,0.5,0.7069,1.4627,-0.0
47.0,seguindo,5.0461,1.5688,-0.5449,-0.5119,0.033,0.5,0.7069,1.4627,-0.0
47.05,seguindo,5.0461,1.5688,-0.5449,-0.5119,0.033,0.5,0.7069,1.4627,-0.0
47.1,seguindo,5.0461,1.5688,-0.5449,-0.5119,0.033,0.5,0.7069,1.4627,-0.0
47.15,seguindo,5.0461,1.5688,-0.5449,-0.5119,0.033,0.5,0.7069,1.4627,-0.0
47.2,seguindo,5.0461,1.5688,-0.5449,-0.5119,0.033,0.5,0.7069,1.4627,-0.0
47.25,seguindo,5.0461,1.5688,-0.5449,-0.5119,0.033,0.5,0.7069,1.4627,-0.0
47.3,seguindo,5.0461,1.5688,-0.5449,-0.5119,0.033,0.5,0.7069,1.4627,-0.0
47.35,seguindo,5.0461,1.5688,-0.5449,-0.5119,0.033,0.5,0.7069,1.4627,-0.0
47.401,seguindo,5.0461,1.5688,-0.5449,-0.5119,0.033,0.5,0.7069,1.4627,-0.0
47.45,seguindo,5.0461,1.5688,-0.5449,-0.5119,0.033,0.5,0.7069,1.4627,-0.0
47.5,seguindo,5.0461,1.5688,-0.5449,-0.5119,0.033,0.5,0.7069,1.4627,-0.0
47.551,seguindo,5.0461,1.5688,-0.5449,-0.5119,0.033,0.5,0.7069,1.4627,-0.0
47.6,seguindo,5.0461,1.5688,-0.5449,-0.5119,0.033,0.5,0.7069,1.4627,-0.0
47.65,seguindo,5.0461,1.5688,-0.5449,-0.5119,0.033,0.5,0.7069,1.4627,-0.0
47.7,seguindo,5.0461,1.5688,-0.5449,-0.5119,0.033,0.5,0.7069,1.4627,-0.0
47.75,seguindo,5.0461,1.5688,-0.5449,-0.5119,0.033,0.5,0.7069,1.4627,-0.0
47.8,seguindo,5.0461,1.5688,-0.5449,-0.5119,0.033,0.5,0.7069,1.4627,-0.0
47.85,seguindo,5.0461,1.5688,-0.5449,-0.5119,0.033,0.5,0.7069,1.4627,-0.0
47.9,seguindo,5.0461,1.5688,-0.5449,-0.5119,0.033,0.5,0.7069,1.4627,-0.0
47.95,seguindo,5.0461,1.5688,-0.5449,-0.5119,0.033,0.5,0.7069,1.4627,-0.0
48.0,seguindo,5.0461,1.5688,-0.5449,-0.5119,0.033,0.5,0.7069,1.4627,-0.0
48.05,seguindo,5.0461,1.5688,-0.5449,-0.5119,0.033,0.5,0.7069,1.4627,-0.0
48.1,seguindo,5.0461,1.5688,-0.5449,-0.5119,0.033,0.5,0.7069,1.4627,-0.0
48.15,seguindo,5.0461,1.5688,-0.5449,-0.5119,0.033,0.5,0.7069,1.4627,-0.0
48.2,seguindo,5.0461,1.5688,-0.5449,-0.5119,0.033,0.5,0.7069,1.4627,-0.0
48.25,seguindo,5.0461,1.5688,-0.5449,-0.5119,0.033,0.5,0.7069,1.4627,-0.0
48.3,seguindo,5.0461,1.5688,-0.5449,-0.5119,0.033,0.5,0.7069,1.4627,-0.0
48.35,seguindo,5.0461,1.5688,-0.5449,-0.5119,0.033,0.5,0.7069,1.4627,-0.0
48.4,seguindo,5.0461,1.5688,-0.5449,-0.5119,0.033,0.5,0.7069,1.4627,-0.0
48.45,seguindo,5.0461,1.5688,-0.5449,-0.5119,0.033,0.5,0.7069,1.4627,-0.0
48.5,seguindo,5.0461,1.5688,-0.5449,-0.5119,0.033,0.5,0.7069,1.4627,-0.0
48.55,seguindo,5.0461,1.5688,-0.5449,-0.5119,0.033,0.5,0.7069,1.4627,-0.0
48.6,seguindo,5.0461,1.5688,-0.5449,-0.5119,0.033,0.5,0.7069,1.4627,-0.0
48.65,seguindo,5.0461,1.5688,-0.5449,-0.5119,0.033,0.5,0.7069,1.4627,-0.0
48.701,seguindo,5.0461,1.5688,-0.5449,-0.5119,0.033,0.5,0.7069,1.4627,-0.0
48.75,seguindo,5.0461,1.5688,-0.5449,-0.5119,0.033,0.5,0.7069,1.4627,-0.0
48.8,seguindo,5.0461,1.5688,-0.5449,-0.5119,0.033,0.5,0.7069,1.4627,-0.0
48.85,seguindo,5.0461,1.5688,-0.5449,-0.5119,0.033,0.5,0.7069,1.4627,-0.0
48.9,seguindo,5.0461,1.5688,-0.5449,-0.5119,0.033,0.5,0.7069,1.4627,-0.0
48.95,seguindo,5.0461,1.5688,-0.5449,-0.5119,0.033,0.5,0.7069,1.4627,-0.0
49.0,seguindo,5.0461,1.5688,-0.5449,-0.5119,0.033,0.5,0.7069,1.4627,-0.0
49.05,seguindo,5.0461,1.5688,-0.5449,-0.5119,0.033,0.5,0.7069,1.4627,-0.0
49.1,seguindo,5.0461,1.5688,-0.5449,-0.5119,0.033,0.5,0.7069,1.4627,-0.0
49.15,seguindo,5.0461,1.5688,-0.5449,-0.5119,0.033,0.5,0.7069,1.4627,-0.0
49.2,seguindo,5.0461,1.5688,-0.5449,-0.5119,0.033,0.5,0.7069,1.4627,-0.0
49.25,seguindo,5.0461,1.5688,-0.5449,-0.5119,0.033,0.5,0.7069,1.4627,-0.0
49.3,seguindo,5.0461,1.5688,-0.5449,-0.5119,0.033,0.5,0.7069,1.4627,-0.0
49.35,seguindo,5.0461,1.5688,-0.5449,-0.5119,0.033,0.5,0.7069,1.4627,-0.0
49.4,seguindo,5.0461,1.5688,-0.5449,-0.5119,0.033,0.5,0.7069,1.4627,-0.0
49.45,seguindo,5.0461,1.5688,-0.5449,-0.5119,0.033,0.5,0.7069,1.4627,-0.0
49.5,seguindo,5.0461,1.5688,-0.5449,-0.5119,0.033,0.5,0.7069,1.4627,-0.0
49.55,seguindo,5.0461,1.5688,-0.5449,-0.5119,0.033,0.5,0.7069,1.4627,-0.0
49.6,seguindo,5.0461,1.5688,-0.5449,-0.5119,0.033,0.5,0.7069,1.4627,-0.0
49.65,seguindo,5.0461,1.5688,-0.5449,-0.5119,0.033,0.5,0.7069,1.4627,-0.0
49.7,seguindo,5.0461,1.5688,-0.5449,-0.5119,0.033,0.5,0.7069,1.4627,-0.0
49.75,seguindo,5.0461,1.5688,-0.5449,-0.5119,0.033,0.5,0.7069,1.4627,-0.0
49.8,seguindo,5.0461,1.5688,-0.5449,-0.5119,0.033,0.5,0.7069,1.4627,-0.0
49.85,seguindo,5.0461,1.5688,-0.5449,-0.5119,0.033,0.5,0.7069,1.4627,-0.0
49.9,seguindo,5.0461,1.5688,-0.5449,-0.5119,0.033,0.5,0.7069,1.4627,-0.0
49.95,seguindo,5.0461,1.5688,-0.5449,-0.5119,0.033,0.5,0.7069,1.4627,-0.0
50.0,seguindo,5.0461,1.5688,-0.5449,-0.5119,0.033,0.5,0.7069,1.4627,-0.0
50.05,seguindo,5.0461,1.5688,-0.5449,-0.5119,0.033,0.5,0.7069,1.4627,-0.0
50.1,seguindo,5.0461,1.5688,-0.5449,-0.5119,0.033,0.5,0.7069,1.4627,-0.0
50.15,seguindo,5.0461,1.5688,-0.5449,-0.5119,0.033,0.5,0.7069,1.4627,-0.0
50.2,seguindo,5.0461,1.5688,-0.5449,-0.5119,0.033,0.5,0.7069,1.4627,-0.0
50.25,seguindo,5.0461,1.5688,-0.5449,-0.5119,0.033,0.5,0.7069,1.4627,-0.0
50.3,seguindo,5.0461,1.5688,-0.5449,-0.5119,0.033,0.5,0.7069,1.4627,-0.0
50.35,seguindo,5.0461,1.5688,-0.5449,-0.5119,0.033,0.5,0.7069,1.4627,-0.0
50.4,seguindo,5.0461,1.5688,-0.5449,-0.5119,0.033,0.5,0.7069,1.4627,-0.0
50.45,seguindo,5.0461,1.5688,-0.5449,-0.5119,0.033,0.5,0.7069,1.4627,-0.0
50.5,seguindo,5.0461,1.5688,-0.5449,-0.5119,0.033,0.5,0.7069,1.4627,-0.0
50.55,seguindo,5.0461,1.5688,-0.5449,-0.5119,0.033,0.5,0.7069,1.4627,-0.0
50.6,seguindo,5.0461,1.5688,-0.5449,-0.5119,0.033,0.5,0.7069,1.4627,-0.0
50.65,seguindo,5.0461,1.5688,-0.5449,-0.5119,0.033,0.5,0.7069,1.4627,-0.0
50.7,seguindo,5.0461,1.5688,-0.5449,-0.5119,0.033,0.5,0.7069,1.4627,-0.0
50.75,seguindo,5.0461,1.5688,-0.5449,-0.5119,0.033,0.5,0.7069,1.4627,-0.0
50.8,seguindo,5.0461,1.5688,-0.5449,-0.5119,0.033,0.5,0.7069,1.4627,-0.0
50.85,seguindo,5.0461,1.5688,-0.5449,-0.5119,0.033,0.5,0.7069,1.4627,-0.0
50.9,seguindo,5.0461,1.5688,-0.5449,-0.5119,0.033,0.5,0.7069,1.4627,-0.0
50.95,seguindo,5.0461,1.5688,-0.5449,-0.5119,0.033,0.5,0.7069,1.4627,-0.0
51.0,seguindo,5.0461,1.5688,-0.5449,-0.5119,0.033,0.5,0.7069,1.4627,-0.0
51.05,seguindo,5.0461,1.5688,-0.5449,-0.5119,0.033,0.5,0.7069,1.4627,-0.0
51.1,seguindo,5.0461,1.5688,-0.5449,-0.5119,0.033,0.5,0.7069,1.4627,-0.0
51.15,seguindo,5.0461,1.5688,-0.5449,-0.5119,0.033,0.5,0.7069,1.4627,-0.0
51.2,seguindo,5.0461,1.5688,-0.5449,-0.5119,0.033,0.5,0.7069,1.4627,-0.0
51.25,seguindo,5.0461,1.5688,-0.5449,-0.5119,0.033,0.5,0.7069,1.4627,-0.0
51.3,seguindo,5.0461,1.5688,-0.5449,-0.5119,0.033,0.5,0.7069,1.4627,-0.0
51.35,seguindo,5.0461,1.5688,-0.5449,-0.5119,0.033,0.5,0.7069,1.4627,-0.0
51.4,seguindo,5.0461,1.5688,-0.5449,-0.5119,0.033,0.5,0.7069,1.4627,-0.0
51.45,seguindo,5.0461,1.5688,-0.5449,-0.5119,0.033,0.5,0.7069,1.4627,-0.0
51.5,seguindo,5.0461,1.5688,-0.5449,-0.5119,0.033,0.5,0.7069,1.4627,-0.0
51.55,seguindo,5.0461,1.5688,-0.5449,-0.5119,0.033,0.5,0.7069,1.4627,-0.0
51.6,seguindo,5.0461,1.5688,-0.5449,-0.5119,0.033,0.5,0.7069,1.4627,-0.0
51.65,seguindo,5.0461,1.5688,-0.5449,-0.5119,0.033,0.5,0.7069,1.4627,-0.0
51.7,seguindo,5.0461,1.5688,-0.5449,-0.5119,0.033,0.5,0.7069,1.4627,-0.0
51.75,seguindo,5.0461,1.5688,-0.5449,-0.5119,0.033,0.5,0.7069,1.4627,-0.0
51.8,seguindo,5.0461,1.5688,-0.5449,-0.5119,0.033,0.5,0.7069,1.4627,-0.0
51.85,seguindo,5.0461,1.5688,-0.5449,-0.5119,0.033,0.5,0.7069,1.4627,-0.0
51.9,seguindo,5.0461,1.5688,-0.5449,-0.5119,0.033,0.5,0.7069,1.4627,-0.0
51.95,seguindo,5.0461,1.5688,-0.5449,-0.5119,0.033,0.5,0.7069,1.4627,-0.0
52.0,seguindo,5.0461,1.5688,-0.5449,-0.5119,0.033,0.5,0.7069,1.4627,-0.0
52.05,seguindo,5.0461,1.5688,-0.5449,-0.5119,0.033,0.5,0.7069,1.4627,-0.0
52.1,seguindo,5.0461,1.5688,-0.5449,-0.5119,0.033,0.5,0.7069,1.4627,-0.0
52.15,seguindo,5.0461,1.5688,-0.5449,-0.5119,0.033,0.5,0.7069,1.4627,-0.0
52.2,seguindo,5.0461,1.5688,-0.5449,-0.5119,0.033,0.5,0.7069,1.4627,-0.0
52.251,seguindo,5.0461,1.5688,-0.5449,-0.5119,0.033,0.5,0.7069,1.4627,-0.0
52.3,seguindo,5.0461,1.5688,-0.5449,-0.5119,0.033,0.5,0.7069,1.4627,-0.0
52.35,seguindo,5.0461,1.5688,-0.5449,-0.5119,0.033,0.5,0.7069,1.4627,-0.0
52.4,seguindo,5.0461,1.5688,-0.5449,-0.5119,0.033,0.5,0.7069,1.4627,-0.0
52.45,seguindo,5.0461,1.5688,-0.5449,-0.5119,0.033,0.5,0.7069,1.4627,-0.0
52.5,seguindo,5.0461,1.5688,-0.5449,-0.5119,0.033,0.5,0.7069,1.4627,-0.0
52.55,seguindo,5.0461,1.5688,-0.5449,-0.5119,0.033,0.5,0.7069,1.4627,-0.0
52.6,seguindo,5.0461,1.5688,-0.5449,-0.5119,0.033,0.5,0.7069,1.4627,-0.0
52.65,seguindo,5.0461,1.5688,-0.5449,-0.5119,0.033,0.5,0.7069,1.4627,-0.0
52.7,seguindo,5.0461,1.5688,-0.5449,-0.5119,0.033,0.5,0.7069,1.4627,-0.0
52.75,seguindo,5.0461,1.5688,-0.5449,-0.5119,0.033,0.5,0.7069,1.4627,-0.0
52.8,seguindo,5.0461,1.5688,-0.5449,-0.5119,0.033,0.5,0.7069,1.4627,-0.0
52.85,seguindo,5.0461,1.5688,-0.5449,-0.5119,0.033,0.5,0.7069,1.4627,-0.0
52.9,seguindo,5.0461,1.5688,-0.5449,-0.5119,0.033,0.5,0.7069,1.4627,-0.0
52.95,seguindo,5.0461,1.5688,-0.5449,-0.5119,0.033,0.5,0.7069,1.4627,-0.0
53.0,seguindo,5.0461,1.5688,-0.5449,-0.5119,0.033,0.5,0.7069,1.4627,-0.0
53.05,seguindo,5.0461,1.5688,-0.5449,-0.5119,0.033,0.5,0.7069,1.4627,-0.0
53.1,seguindo,5.0461,1.5688,-0.5449,-0.5119,0.033,0.5,0.7069,1.4627,-0.0
53.15,seguindo,5.0461,1.5688,-0.5449,-0.5119,0.033,0.5,0.7069,1.4627,-0.0
53.2,seguindo,5.0461,1.5688,-0.5449,-0.5119,0.033,0.5,0.7069,1.4627,-0.0
53.25,seguindo,5.0461,1.5688,-0.5449,-0.5119,0.033,0.5,0.7069,1.4627,-0.0
53.3,seguindo,5.0461,1.5688,-0.5449,-0.5119,0.033,0.5,0.7069,1.4627,-0.0
53.35,seguindo,5.0461,1.5688,-0.5449,-0.5119,0.033,0.5,0.7069,1.4627,-0.0
53.4,seguindo,5.0461,1.5688,-0.5449,-0.5119,0.033,0.5,0.7069,1.4627,-0.0
53.45,seguindo,5.0461,1.5688,-0.5449,-0.5119,0.033,0.5,0.7069,1.4627,-0.0
53.5,seguindo,5.0461,1.5688,-0.5449,-0.5119,0.033,0.5,0.7069,1.4627,-0.0
53.55,seguindo,5.0461,1.5688,-0.5449,-0.5119,0.033,0.5,0.7069,1.4627,-0.0
53.6,seguindo,5.0461,1.5688,-0.5449,-0.5119,0.033,0.5,0.7069,1.4627,-0.0
53.65,seguindo,5.0461,1.5688,-0.5449,-0.5119,0.033,0.5,0.7069,1.4627,-0.0
53.7,seguindo,5.0461,1.5688,-0.5449,-0.5119,0.033,0.5,0.7069,1.4627,-0.0
53.75,seguindo,5.0461,1.5688,-0.5449,-0.5119,0.033,0.5,0.7069,1.4627,-0.0
53.8,seguindo,5.0461,1.5688,-0.5449,-0.5119,0.033,0.5,0.7069,1.4627,-0.0
53.85,seguindo,5.0461,1.5688,-0.5449,-0.5119,0.033,0.5,0.7069,1.4627,-0.0
53.9,seguindo,5.0461,1.5688,-0.5449,-0.5119,0.033,0.5,0.7069,1.4627,-0.0
53.95,seguindo,5.0461,1.5688,-0.5449,-0.5119,0.033,0.5,0.7069,1.4627,-0.0
54.0,seguindo,5.0461,1.5688,-0.5449,-0.5119,0.033,0.5,0.7069,1.4627,-0.0
54.05,seguindo,5.0461,1.5688,-0.5449,-0.5119,0.033,0.5,0.7069,1.4627,-0.0
54.1,seguindo,5.0461,1.5688,-0.5449,-0.5119,0.033,0.5,0.7069,1.4627,-0.0
54.15,seguindo,5.0461,1.5688,-0.5449,-0.5119,0.033,0.5,0.7069,1.4627,-0.0
54.2,seguindo,5.0461,1.5688,-0.5449,-0.5119,0.033,0.5,0.7069,1.4627,-0.0
54.25,seguindo,5.0461,1.5688,-0.5449,-0.5119,0.033,0.5,0.7069,1.4627,-0.0
54.3,seguindo,5.0461,1.5688,-0.5449,-0.5119,0.033,0.5,0.7069,1.4627,-0.0
54.35,seguindo,5.0461,1.5688,-0.5449,-0.5119,0.033,0.5,0.7069,1.4627,-0.0
54.4,seguindo,5.0461,1.5688,-0.5449,-0.5119,0.033,0.5,0.7069,1.4627,-0.0
54.45,seguindo,5.0461,1.5688,-0.5449,-0.5119,0.033,0.5,0.7069,1.4627,-0.0
54.5,seguindo,5.0461,1.5688,-0.5449,-0.5119,0.033,0.5,0.7069,1.4627,-0.0
54.55,seguindo,5.0461,1.5688,-0.5449,-0.5119,0.033,0.5,0.7069,1.4627,-0.0
54.6,seguindo,5.0461,1.5688,-0.5449,-0.5119,0.033,0.5,0.7069,1.4627,-0.0
54.65,seguindo,5.0461,1.5688,-0.5449,-0.5119,0.033,0.5,0.7069,1.4627,-0.0
54.7,seguindo,5.0461,1.5688,-0.5449,-0.5119,0.033,0.5,0.7069,1.4627,-0.0
54.75,seguindo,5.0461,1.5688,-0.5449,-0.5119,0.033,0.5,0.7069,1.4627,-0.0
54.8,seguindo,5.0461,1.5688,-0.5449,-0.5119,0.033,0.5,0.7069,1.4627,-0.0
54.85,seguindo,5.0461,1.5688,-0.5449,-0.5119,0.033,0.5,0.7069,1.4627,-0.0
54.9,seguindo,5.0461,1.5688,-0.5449,-0.5119,0.033,0.5,0.7069,1.4627,-0.0
54.95,seguindo,5.0461,1.5688,-0.5449,-0.5119,0.033,0.5,0.7069,1.4627,-0.0
55.0,seguindo,5.0461,1.5688,-0.5449,-0.5119,0.033,0.5,0.7069,1.4627,-0.0
55.05,seguindo,5.0461,1.5688,-0.5449,-0.5119,0.033,0.5,0.7069,1.4627,-0.0
55.1,seguindo,5.0461,1.5688,-0.5449,-0.5119,0.033,0.5,0.7069,1.4627,-0.0
55.15,seguindo,5.0461,1.5688,-0.5449,-0.5119,0.033,0.5,0.7069,1.4627,-0.0
55.2,seguindo,5.0461,1.5688,-0.5449,-0.5119,0.033,0.5,0.7069,1.4627,-0.0
55.25,seguindo,5.0461,1.5688,-0.5449,-0.5119,0.033,0.5,0.7069,1.4627,-0.0
55.3,seguindo,5.0461,1.5688,-0.5449,-0.5119,0.033,0.5,0.7069,1.4627,-0.0
55.35,seguindo,5.0461,1.5688,-0.5449,-0.5119,0.033,0.5,0.7069,1.4627,-0.0
55.4,seguindo,5.0461,1.5688,-0.5449,-0.5119,0.033,0.5,0.7069,1.4627,-0.0
55.45,seguindo,5.0461,1.5688,-0.5449,-0.5119,0.033,0.5,0.7069,1.4627,-0.0
55.5,seguindo,5.0461,1.5688,-0.5449,-0.5119,0.033,0.5,0.7069,1.4627,-0.0
55.55,seguindo,5.0461,1.5688,-0.5449,-0.5119,0.033,0.5,0.7069,1.4627,-0.0
55.6,seguindo,5.0461,1.5688,-0.5449,-0.5119,0.033,0.5,0.7069,1.4627,-0.0
55.65,seguindo,5.0461,1.5688,-0.5449,-0.5119,0.033,0.5,0.7069,1.4627,-0.0
55.7,seguindo,5.0461,1.5688,-0.5449,-0.5119,0.033,0.5,0.7069,1.4627,-0.0
55.75,seguindo,5.0461,1.5688,-0.5449,-0.5119,0.033,0.5,0.7069,1.4627,-0.0
55.8,seguindo,5.0461,1.5688,-0.5449,-0.5119,0.033,0.5,0.7069,1.4627,-0.0
55.85,seguindo,5.0461,1.5688,-0.5449,-0.5119,0.033,0.5,0.7069,1.4627,-0.0
55.9,seguindo,5.0461,1.5688,-0.5449,-0.5119,0.033,0.5,0.7069,1.4627,-0.0
55.95,seguindo,5.0461,1.5688,-0.5449,-0.5119,0.033,0.5,0.7069,1.4627,-0.0
56.0,seguindo,5.0461,1.5688,-0.5449,-0.5119,0.033,0.5,0.7069,1.4627,-0.0
56.05,seguindo,5.0461,1.5688,-0.5449,-0.5119,0.033,0.5,0.7069,1.4627,-0.0
56.1,seguindo,5.0461,1.5688,-0.5449,-0.5119,0.033,0.5,0.7069,1.4627,-0.0
56.15,seguindo,5.0461,1.5688,-0.5449,-0.5119,0.033,0.5,0.7069,1.4627,-0.0
56.2,seguindo,5.0461,1.5688,-0.5449,-0.5119,0.033,0.5,0.7069,1.4627,-0.0
56.25,seguindo,5.0461,1.5688,-0.5449,-0.5119,0.033,0.5,0.7069,1.4627,-0.0
56.3,seguindo,5.0461,1.5688,-0.5449,-0.5119,0.033,0.5,0.7069,1.4627,-0.0
56.35,seguindo,5.0461,1.5688,-0.5449,-0.5119,0.033,0.5,0.7069,1.4627,-0.0
56.4,seguindo,5.0461,1.5688,-0.5449,-0.5119,0.033,0.5,0.7069,1.4627,-0.0
56.45,seguindo,5.0461,1.5688,-0.5449,-0.5119,0.033,0.5,0.7069,1.4627,-0.0
56.5,seguindo,5.0461,1.5688,-0.5449,-0.5119,0.033,0.5,0.7069,1.4627,-0.0
56.55,seguindo,5.0461,1.5688,-0.5449,-0.5119,0.033,0.5,0.7069,1.4627,-0.0
56.6,seguindo,5.0461,1.5688,-0.5449,-0.5119,0.033,0.5,0.7069,1.4627,-0.0
56.65,seguindo,5.0461,1.5688,-0.5449,-0.5119,0.033,0.5,0.7069,1.4627,-0.0
56.7,seguindo,5.0461,1.5688,-0.5449,-0.5119,0.033,0.5,0.7069,1.4627,-0.0
56.75,seguindo,5.0461,1.5688,-0.5449,-0.5119,0.033,0.5,0.7069,1.4627,-0.0
56.8,seguindo,5.0461,1.5688,-0.5449,-0.5119,0.033,0.5,0.7069,1.4627,-0.0
56.85,seguindo,5.0461,1.5688,-0.5449,-0.5119,0.033,0.5,0.7069,1.4627,-0.0
56.9,seguindo,5.0461,1.5688,-0.5449,-0.5119,0.033,0.5,0.7069,1.4627,-0.0
56.95,seguindo,5.0461,1.5688,-0.5449,-0.5119,0.033,0.5,0.7069,1.4627,-0.0
57.0,seguindo,5.0461,1.5688,-0.5449,-0.5119,0.033,0.5,0.7069,1.4627,-0.0
57.05,seguindo,5.0461,1.5688,-0.5449,-0.5119,0.033,0.5,0.7069,1.4627,-0.0
57.1,seguindo,5.0461,1.5688,-0.5449,-0.5119,0.033,0.5,0.7069,1.4627,-0.0
57.15,seguindo,5.0461,1.5688,-0.5449,-0.5119,0.033,0.5,0.7069,1.4627,-0.0
57.2,seguindo,5.0461,1.5688,-0.5449,-0.5119,0.033,0.5,0.7069,1.4627,-0.0
57.25,seguindo,5.0461,1.5688,-0.5449,-0.5119,0.033,0.5,0.7069,1.4627,-0.0
57.3,seguindo,5.0461,1.5688,-0.5449,-0.5119,0.033,0.5,0.7069,1.4627,-0.0
57.35,seguindo,5.0461,1.5688,-0.5449,-0.5119,0.033,0.5,0.7069,1.4627,-0.0
57.4,seguindo,5.0461,1.5688,-0.5449,-0.5119,0.033,0.5,0.7069,1.4627,-0.0
57.45,seguindo,5.0461,1.5688,-0.5449,-0.5119,0.033,0.5,0.7069,1.4627,-0.0
57.5,seguindo,5.0461,1.5688,-0.5449,-0.5119,0.033,0.5,0.7069,1.4627,-0.0
57.55,seguindo,5.0461,1.5688,-0.5449,-0.5119,0.033,0.5,0.7069,1.4627,-0.0
57.6,seguindo,5.0461,1.5688,-0.5449,-0.5119,0.033,0.5,0.7069,1.4627,-0.0
57.65,seguindo,5.0461,1.5688,-0.5449,-0.5119,0.033,0.5,0.7069,1.4627,-0.0
57.7,seguindo,5.0461,1.5688,-0.5449,-0.5119,0.033,0.5,0.7069,1.4627,-0.0
57.75,seguindo,5.0461,1.5688,-0.5449,-0.5119,0.033,0.5,0.7069,1.4627,-0.0
57.8,seguindo,5.0461,1.5688,-0.5449,-0.5119,0.033,0.5,0.7069,1.4627,-0.0
57.85,seguindo,5.0461,1.5688,-0.5449,-0.5119,0.033,0.5,0.7069,1.4627,-0.0
57.9,seguindo,5.0461,1.5688,-0.5449,-0.5119,0.033,0.5,0.7069,1.4627,-0.0
57.95,seguindo,5.0461,1.5688,-0.5449,-0.5119,0.033,0.5,0.7069,1.4627,-0.0
58.0,seguindo,5.0461,1.5688,-0.5449,-0.5119,0.033,0.5,0.7069,1.4627,-0.0
58.05,seguindo,5.0461,1.5688,-0.5449,-0.5119,0.033,0.5,0.7069,1.4627,-0.0
58.1,seguindo,5.0461,1.5688,-0.5449,-0.5119,0.033,0.5,0.7069,1.4627,-0.0
58.15,seguindo,5.0461,1.5688,-0.5449,-0.5119,0.033,0.5,0.7069,1.4627,-0.0
58.2,seguindo,5.0461,1.5688,-0.5449,-0.5119,0.033,0.5,0.7069,1.4627,-0.0
58.25,seguindo,5.0461,1.5688,-0.5449,-0.5119,0.033,0.5,0.7069,1.4627,-0.0
58.3,seguindo,5.0461,1.5688,-0.5449,-0.5119,0.033,0.5,0.7069,1.4627,-0.0
58.35,seguindo,5.0461,1.5688,-0.5449,-0.5119,0.033,0.5,0.7069,1.4627,-0.0
58.4,seguindo,5.0461,1.5688,-0.5449,-0.5119,0.033,0.5,0.7069,1.4627,-0.0
58.45,seguindo,5.0461,1.5688,-0.5449,-0.5119,0.033,0.5,0.7069,1.4627,-0.0
58.5,seguindo,5.0461,1.5688,-0.5449,-0.5119,0.033,0.5,0.7069,1.4627,-0.0
58.55,seguindo,5.0461,1.5688,-0.5449,-0.5119,0.033,0.5,0.7069,1.4627,-0.0
58.6,seguindo,5.0461,1.5688,-0.5449,-0.5119,0.033,0.5,0.7069,1.4627,-0.0
58.65,seguindo,5.0461,1.5688,-0.5449,-0.5119,0.033,0.5,0.7069,1.4627,-0.0
58.7,seguindo,5.0461,1.5688,-0.5449,-0.5119,0.033,0.5,0.7069,1.4627,-0.0
58.75,seguindo,5.0461,1.5688,-0.5449,-0.5119,0.033,0.5,0.7069,1.4627,-0.0
58.8,seguindo,5.0461,1.5688,-0.5449,-0.5119,0.033,0.5,0.7069,1.4627,-0.0
58.85,seguindo,5.0461,1.5688,-0.5449,-0.5119,0.033,0.5,0.7069,1.4627,-0.0
58.9,seguindo,5.0461,1.5688,-0.5449,-0.5119,0.033,0.5,0.7069,1.4627,-0.0
58.95,seguindo,5.0461,1.5688,-0.5449,-0.5119,0.033,0.5,0.7069,1.4627,-0.0
59.0,seguindo,5.0461,1.5688,-0.5449,-0.5119,0.033,0.5,0.7069,1.4627,-0.0
59.05,seguindo,5.0461,1.5688,-0.5449,-0.5119,0.033,0.5,0.7069,1.4627,-0.0
59.1,seguindo,5.0461,1.5688,-0.5449,-0.5119,0.033,0.5,0.7069,1.4627,-0.0
59.15,seguindo,5.0461,1.5688,-0.5449,-0.5119,0.033,0.5,0.7069,1.4627,-0.0
59.2,seguindo,5.0461,1.5688,-0.5449,-0.5119,0.033,0.5,0.7069,1.4627,-0.0
59.25,seguindo,5.0461,1.5688,-0.5449,-0.5119,0.033,0.5,0.7069,1.4627,-0.0
59.3,seguindo,5.0461,1.5688,-0.5449,-0.5119,0.033,0.5,0.7069,1.4627,-0.0
59.35,seguindo,5.0461,1.5688,-0.5449,-0.5119,0.033,0.5,0.7069,1.4627,-0.0
59.4,seguindo,5.0461,1.5688,-0.5449,-0.5119,0.033,0.5,0.7069,1.4627,-0.0
59.45,seguindo,5.0461,1.5688,-0.5449,-0.5119,0.033,0.5,0.7069,1.4627,-0.0
59.5,seguindo,5.0461,1.5688,-0.5449,-0.5119,0.033,0.5,0.7069,1.4627,-0.0
59.55,seguindo,5.0461,1.5688,-0.5449,-0.5119,0.033,0.5,0.7069,1.4627,-0.0
59.6,seguindo,5.0461,1.5688,-0.5449,-0.5119,0.033,0.5,0.7069,1.4627,-0.0
59.65,seguindo,5.0461,1.5688,-0.5449,-0.5119,0.033,0.5,0.7069,1.4627,-0.0
59.7,seguindo,5.0461,1.5688,-0.5449,-0.5119,0.033,0.5,0.7069,1.4627,-0.0
59.75,seguindo,5.0461,1.5688,-0.5449,-0.5119,0.033,0.5,0.7069,1.4627,-0.0
59.8,seguindo,5.0461,1.5688,-0.5449,-0.5119,0.033,0.5,0.7069,1.4627,-0.0
59.85,seguindo,5.0461,1.5688,-0.5449,-0.5119,0.033,0.5,0.7069,1.4627,-0.0
59.9,seguindo,5.0461,1.5688,-0.5449,-0.5119,0.033,0.5,0.7069,1.4627,-0.0
59.95,seguindo,5.0461,1.5688,-0.5449,-0.5119,0.033,0.5,0.7069,1.4627,-0.0
60.0,seguindo,5.0461,1.5688,-0.5449,-0.5119,0.033,0.5,0.7069,1.4627,-0.0
60.05,seguindo,5.0461,1.5688,-0.5449,-0.5119,0.033,0.5,0.7069,1.4627,-0.0
60.1,seguindo,5.0461,1.5688,-0.5449,-0.5119,0.033,0.5,0.7069,1.4627,-0.0
60.15,seguindo,5.0461,1.5688,-0.5449,-0.5119,0.033,0.5,0.7069,1.4627,-0.0
60.2,seguindo,5.0461,1.5688,-0.5449,-0.5119,0.033,0.5,0.7069,1.4627,-0.0
60.25,seguindo,5.0461,1.5688,-0.5449,-0.5119,0.033,0.5,0.7069,1.4627,-0.0
60.3,seguindo,5.0461,1.5688,-0.5449,-0.5119,0.033,0.5,0.7069,1.4627,-0.0
60.35,seguindo,5.0461,1.5688,-0.5449,-0.5119,0.033,0.5,0.7069,1.4627,-0.0
60.4,seguindo,5.0461,1.5688,-0.5449,-0.5119,0.033,0.5,0.7069,1.4627,-0.0
60.45,seguindo,5.0461,1.5688,-0.5449,-0.5119,0.033,0.5,0.7069,1.4627,-0.0
60.5,seguindo,5.0461,1.5688,-0.5449,-0.5119,0.033,0.5,0.7069,1.4627,-0.0
60.55,seguindo,5.0461,1.5688,-0.5449,-0.5119,0.033,0.5,0.7069,1.4627,-0.0
60.6,seguindo,5.0461,1.5688,-0.5449,-0.5119,0.033,0.5,0.7069,1.4627,-0.0
60.65,seguindo,5.0461,1.5688,-0.5449,-0.5119,0.033,0.5,0.7069,1.4627,-0.0
60.7,seguindo,5.0461,1.5688,-0.5449,-0.5119,0.033,0.5,0.7069,1.4627,-0.0
60.75,seguindo,5.0461,1.5688,-0.5449,-0.5119,0.033,0.5,0.7069,1.4627,-0.0
60.8,seguindo,5.0461,1.5688,-0.5449,-0.5119,0.033,0.5,0.7069,1.4627,-0.0
60.85,seguindo,5.0461,1.5688,-0.5449,-0.5119,0.033,0.5,0.7069,1.4627,-0.0
60.9,seguindo,5.0461,1.5688,-0.5449,-0.5119,0.033,0.5,0.7069,1.4627,-0.0
60.95,seguindo,5.0461,1.5688,-0.5449,-0.5119,0.033,0.5,0.7069,1.4627,-0.0
61.0,seguindo,5.0461,1.5688,-0.5449,-0.5119,0.033,0.5,0.7069,1.4627,-0.0
61.05,seguindo,5.0461,1.5688,-0.5449,-0.5119,0.033,0.5,0.7069,1.4627,-0.0
61.1,seguindo,5.0461,1.5688,-0.5449,-0.5119,0.033,0.5,0.7069,1.4627,-0.0
61.15,seguindo,5.0461,1.5688,-0.5449,-0.5119,0.033,0.5,0.7069,1.4627,-0.0
61.2,seguindo,5.0461,1.5688,-0.5449,-0.5119,0.033,0.5,0.7069,1.4627,-0.0
61.25,seguindo,5.0461,1.5688,-0.5449,-0.5119,0.033,0.5,0.7069,1.4627,-0.0
61.3,seguindo,5.0461,1.5688,-0.5449,-0.5119,0.033,0.5,0.7069,1.4627,-0.0
61.35,seguindo,5.0461,1.5688,-0.5449,-0.5119,0.033,0.5,0.7069,1.4627,-0.0
61.4,seguindo,5.0461,1.5688,-0.5449,-0.5119,0.033,0.5,0.7069,1.4627,-0.0
61.45,seguindo,5.0461,1.5688,-0.5449,-0.5119,0.033,0.5,0.7069,1.4627,-0.0
61.5,seguindo,5.0461,1.5688,-0.5449,-0.5119,0.033,0.5,0.7069,1.4627,-0.0
61.55,seguindo,5.0461,1.5688,-0.5449,-0.5119,0.033,0.5,0.7069,1.4627,-0.0
61.6,seguindo,5.0461,1.5688,-0.5449,-0.5119,0.033,0.5,0.7069,1.4627,-0.0
61.65,seguindo,5.0461,1.5688,-0.5449,-0.5119,0.033,0.5,0.7069,1.4627,-0.0
61.7,seguindo,5.0461,1.5688,-0.5449,-0.5119,0.033,0.5,0.7069,1.4627,-0.0
61.75,seguindo,5.0461,1.5688,-0.5449,-0.5119,0.033,0.5,0.7069,1.4627,-0.0
61.8,seguindo,5.0461,1.5688,-0.5449,-0.5119,0.033,0.5,0.7069,1.4627,-0.0
61.85,seguindo,5.0461,1.5688,-0.5449,-0.5119,0.033,0.5,0.7069,1.4627,-0.0
61.9,seguindo,5.0461,1.5688,-0.5449,-0.5119,0.033,0.5,0.7069,1.4627,-0.0
61.95,seguindo,5.0461,1.5688,-0.5449,-0.5119,0.033,0.5,0.7069,1.4627,-0.0
62.0,seguindo,5.0461,1.5688,-0.5449,-0.5119,0.033,0.5,0.7069,1.4627,-0.0
62.05,seguindo,5.0461,1.5688,-0.5449,-0.5119,0.033,0.5,0.7069,1.4627,-0.0
62.1,seguindo,5.0461,1.5688,-0.5449,-0.5119,0.033,0.5,0.7069,1.4627,-0.0
62.15,seguindo,5.0461,1.5688,-0.5449,-0.5119,0.033,0.5,0.7069,1.4627,-0.0
62.2,seguindo,5.0461,1.5688,-0.5449,-0.5119,0.033,0.5,0.7069,1.4627,-0.0
62.25,seguindo,5.0461,1.5688,-0.5449,-0.5119,0.033,0.5,0.7069,1.4627,-0.0
62.3,seguindo,5.0461,1.5688,-0.5449,-0.5119,0.033,0.5,0.7069,1.4627,-0.0
62.35,seguindo,5.0461,1.5688,-0.5449,-0.5119,0.033,0.5,0.7069,1.4627,-0.0
62.4,seguindo,5.0461,1.5688,-0.5449,-0.5119,0.033,0.5,0.7069,1.4627,-0.0
62.45,seguindo,5.0461,1.5688,-0.5449,-0.5119,0.033,0.5,0.7069,1.4627,-0.0
62.5,seguindo,5.0461,1.5688,-0.5449,-0.5119,0.033,0.5,0.7069,1.4627,-0.0
62.55,seguindo,5.0461,1.5688,-0.5449,-0.5119,0.033,0.5,0.7069,1.4627,-0.0
62.6,seguindo,5.0461,1.5688,-0.5449,-0.5119,0.033,0.5,0.7069,1.4627,-0.0
62.65,seguindo,5.0461,1.5688,-0.5449,-0.5119,0.033,0.5,0.7069,1.4627,-0.0
62.701,seguindo,5.0461,1.5688,-0.5449,-0.5119,0.033,0.5,0.7069,1.4627,-0.0
62.75,seguindo,5.0461,1.5688,-0.5449,-0.5119,0.033,0.5,0.7069,1.4627,-0.0
62.8,seguindo,5.0461,1.5688,-0.5449,-0.5119,0.033,0.5,0.7069,1.4627,-0.0
62.85,seguindo,5.0461,1.5688,-0.5449,-0.5119,0.033,0.5,0.7069,1.4627,-0.0
62.9,seguindo,5.0461,1.5688,-0.5449,-0.5119,0.033,0.5,0.7069,1.4627,-0.0
62.95,seguindo,5.0461,1.5688,-0.5449,-0.5119,0.033,0.5,0.7069,1.4627,-0.0
63.0,seguindo,5.0461,1.5688,-0.5449,-0.5119,0.033,0.5,0.7069,1.4627,-0.0
63.05,seguindo,5.0461,1.5688,-0.5449,-0.5119,0.033,0.5,0.7069,1.4627,-0.0
63.1,seguindo,5.0461,1.5688,-0.5449,-0.5119,0.033,0.5,0.7069,1.4627,-0.0
63.15,seguindo,5.0461,1.5688,-0.5449,-0.5119,0.033,0.5,0.7069,1.4627,-0.0
63.2,seguindo,5.0461,1.5688,-0.5449,-0.5119,0.033,0.5,0.7069,1.4627,-0.0
63.25,seguindo,5.0461,1.5688,-0.5449,-0.5119,0.033,0.5,0.7069,1.4627,-0.0
63.3,seguindo,5.0461,1.5688,-0.5449,-0.5119,0.033,0.5,0.7069,1.4627,-0.0
63.35,seguindo,5.0461,1.5688,-0.5449,-0.5119,0.033,0.5,0.7069,1.4627,-0.0
63.4,seguindo,5.0461,1.5688,-0.5449,-0.5119,0.033,0.5,0.7069,1.4627,-0.0
63.45,seguindo,5.0461,1.5688,-0.5449,-0.5119,0.033,0.5,0.7069,1.4627,-0.0
63.5,seguindo,5.0461,1.5688,-0.5449,-0.5119,0.033,0.5,0.7069,1.4627,-0.0
63.55,seguindo,5.0461,1.5688,-0.5449,-0.5119,0.033,0.5,0.7069,1.4627,-0.0
63.6,seguindo,5.0461,1.5688,-0.5449,-0.5119,0.033,0.5,0.7069,1.4627,-0.0
63.65,seguindo,5.0461,1.5688,-0.5449,-0.5119,0.033,0.5,0.7069,1.4627,-0.0
63.7,seguindo,5.0461,1.5688,-0.5449,-0.5119,0.033,0.5,0.7069,1.4627,-0.0
63.75,seguindo,5.0461,1.5688,-0.5449,-0.5119,0.033,0.5,0.7069,1.4627,-0.0
63.8,seguindo,5.0461,1.5688,-0.5449,-0.5119,0.033,0.5,0.7069,1.4627,-0.0
63.85,seguindo,5.0461,1.5688,-0.5449,-0.5119,0.033,0.5,0.7069,1.4627,-0.0
63.9,seguindo,5.0461,1.5688,-0.5449,-0.5119,0.033,0.5,0.7069,1.4627,-0.0
63.95,seguindo,5.0461,1.5688,-0.5449,-0.5119,0.033,0.5,0.7069,1.4627,-0.0
64.0,seguindo,5.0461,1.5688,-0.5449,-0.5119,0.033,0.5,0.7069,1.4627,-0.0
64.05,seguindo,5.0461,1.5688,-0.5449,-0.5119,0.033,0.5,0.7069,1.4627,-0.0
64.1,seguindo,5.0461,1.5688,-0.5449,-0.5119,0.033,0.5,0.7069,1.4627,-0.0
64.15,seguindo,5.0461,1.5688,-0.5449,-0.5119,0.033,0.5,0.7069,1.4627,-0.0
64.2,seguindo,5.0461,1.5688,-0.5449,-0.5119,0.033,0.5,0.7069,1.4627,-0.0
64.25,seguindo,5.0461,1.5688,-0.5449,-0.5119,0.033,0.5,0.7069,1.4627,-0.0
64.3,seguindo,5.0461,1.5688,-0.5449,-0.5119,0.033,0.5,0.7069,1.4627,-0.0
64.35,seguindo,5.0461,1.5688,-0.5449,-0.5119,0.033,0.5,0.7069,1.4627,-0.0
64.4,seguindo,5.0461,1.5688,-0.5449,-0.5119,0.033,0.5,0.7069,1.4627,-0.0
64.45,seguindo,5.0461,1.5688,-0.5449,-0.5119,0.033,0.5,0.7069,1.4627,-0.0
64.5,seguindo,5.0461,1.5688,-0.5449,-0.5119,0.033,0.5,0.7069,1.4627,-0.0
64.55,seguindo,5.0461,1.5688,-0.5449,-0.5119,0.033,0.5,0.7069,1.4627,-0.0
64.6,seguindo,5.0461,1.5688,-0.5449,-0.5119,0.033,0.5,0.7069,1.4627,-0.0
64.65,seguindo,5.0461,1.5688,-0.5449,-0.5119,0.033,0.5,0.7069,1.4627,-0.0
64.7,seguindo,5.0461,1.5688,-0.5449,-0.5119,0.033,0.5,0.7069,1.4627,-0.0
64.751,seguindo,5.0461,1.5688,-0.5449,-0.5119,0.033,0.5,0.7069,1.4627,-0.0
64.8,seguindo,5.0461,1.5688,-0.5449,-0.5119,0.033,0.5,0.7069,1.4627,-0.0
64.85,seguindo,5.0461,1.5688,-0.5449,-0.5119,0.033,0.5,0.7069,1.4627,-0.0
64.9,seguindo,5.0461,1.5688,-0.5449,-0.5119,0.033,0.5,0.7069,1.4627,-0.0
64.95,seguindo,5.0461,1.5688,-0.5449,-0.5119,0.033,0.5,0.7069,1.4627,-0.0
65.0,seguindo,5.0461,1.5688,-0.5449,-0.5119,0.033,0.5,0.7069,1.4627,-0.0
65.05,seguindo,5.0461,1.5688,-0.5449,-0.5119,0.033,0.5,0.7069,1.4627,-0.0
65.1,seguindo,5.0461,1.5688,-0.5449,-0.5119,0.033,0.5,0.7069,1.4627,-0.0
65.15,seguindo,5.0461,1.5688,-0.5449,-0.5119,0.033,0.5,0.7069,1.4627,-0.0
65.2,seguindo,5.0461,1.5688,-0.5449,-0.5119,0.033,0.5,0.7069,1.4627,-0.0
65.25,seguindo,5.0461,1.5688,-0.5449,-0.5119,0.033,0.5,0.7069,1.4627,-0.0
65.3,seguindo,5.0461,1.5688,-0.5449,-0.5119,0.033,0.5,0.7069,1.4627,-0.0
65.35,seguindo,5.0461,1.5688,-0.5449,-0.5119,0.033,0.5,0.7069,1.4627,-0.0
65.4,seguindo,5.0461,1.5688,-0.5449,-0.5119,0.033,0.5,0.7069,1.4627,-0.0
65.45,seguindo,5.0461,1.5688,-0.5449,-0.5119,0.033,0.5,0.7069,1.4627,-0.0
65.5,seguindo,5.0461,1.5688,-0.5449,-0.5119,0.033,0.5,0.7069,1.4627,-0.0
65.55,seguindo,5.0461,1.5688,-0.5449,-0.5119,0.033,0.5,0.7069,1.4627,-0.0
65.6,seguindo,5.0461,1.5688,-0.5449,-0.5119,0.033,0.5,0.7069,1.4627,-0.0
65.65,seguindo,5.0461,1.5688,-0.5449,-0.5119,0.033,0.5,0.7069,1.4627,-0.0
65.7,seguindo,5.0461,1.5688,-0.5449,-0.5119,0.033,0.5,0.7069,1.4627,-0.0
65.75,seguindo,5.0461,1.5688,-0.5449,-0.5119,0.033,0.5,0.7069,1.4627,-0.0
65.8,seguindo,5.0461,1.5688,-0.5449,-0.5119,0.033,0.5,0.7069,1.4627,-0.0
65.85,seguindo,5.0461,1.5688,-0.5449,-0.5119,0.033,0.5,0.7069,1.4627,-0.0
65.9,seguindo,5.0461,1.5688,-0.5449,-0.5119,0.033,0.5,0.7069,1.4627,-0.0
65.95,seguindo,5.0461,1.5688,-0.5449,-0.5119,0.033,0.5,0.7069,1.4627,-0.0
66.0,seguindo,5.0461,1.5688,-0.5449,-0.5119,0.033,0.5,0.7069,1.4627,-0.0
66.05,seguindo,5.0461,1.5688,-0.5449,-0.5119,0.033,0.5,0.7069,1.4627,-0.0
66.1,seguindo,5.0461,1.5688,-0.5449,-0.5119,0.033,0.5,0.7069,1.4627,-0.0
66.15,seguindo,5.0461,1.5688,-0.5449,-0.5119,0.033,0.5,0.7069,1.4627,-0.0
66.2,seguindo,5.0461,1.5688,-0.5449,-0.5119,0.033,0.5,0.7069,1.4627,-0.0
66.25,seguindo,5.0461,1.5688,-0.5449,-0.5119,0.033,0.5,0.7069,1.4627,-0.0
66.3,seguindo,5.0461,1.5688,-0.5449,-0.5119,0.033,0.5,0.7069,1.4627,-0.0
66.35,seguindo,5.0461,1.5688,-0.5449,-0.5119,0.033,0.5,0.7069,1.4627,-0.0
66.4,seguindo,5.0461,1.5688,-0.5449,-0.5119,0.033,0.5,0.7069,1.4627,-0.0
66.451,seguindo,5.0461,1.5688,-0.5449,-0.5119,0.033,0.5,0.7069,1.4627,-0.0
66.5,seguindo,5.0461,1.5688,-0.5449,-0.5119,0.033,0.5,0.7069,1.4627,-0.0
66.55,seguindo,5.0461,1.5688,-0.5449,-0.5119,0.033,0.5,0.7069,1.4627,-0.0
66.6,seguindo,5.0461,1.5688,-0.5449,-0.5119,0.033,0.5,0.7069,1.4627,-0.0
66.65,seguindo,5.0461,1.5688,-0.5449,-0.5119,0.033,0.5,0.7069,1.4627,-0.0
66.7,seguindo,5.0461,1.5688,-0.5449,-0.5119,0.033,0.5,0.7069,1.4627,-0.0
66.75,seguindo,5.0461,1.5688,-0.5449,-0.5119,0.033,0.5,0.7069,1.4627,-0.0
66.8,seguindo,5.0461,1.5688,-0.5449,-0.5119,0.033,0.5,0.7069,1.4627,-0.0
66.85,seguindo,5.0461,1.5688,-0.5449,-0.5119,0.033,0.5,0.7069,1.4627,-0.0
66.9,seguindo,5.0461,1.5688,-0.5449,-0.5119,0.033,0.5,0.7069,1.4627,-0.0
66.95,seguindo,5.0461,1.5688,-0.5449,-0.5119,0.033,0.5,0.7069,1.4627,-0.0
67.0,seguindo,5.0461,1.5688,-0.5449,-0.5119,0.033,0.5,0.7069,1.4627,-0.0
67.05,seguindo,5.0461,1.5688,-0.5449,-0.5119,0.033,0.5,0.7069,1.4627,-0.0
67.1,seguindo,5.0461,1.5688,-0.5449,-0.5119,0.033,0.5,0.7069,1.4627,-0.0
67.151,seguindo,5.0461,1.5688,-0.5449,-0.5119,0.033,0.5,0.7069,1.4627,-0.0
67.2,seguindo,5.0461,1.5688,-0.5449,-0.5119,0.033,0.5,0.7069,1.4627,-0.0
67.25,seguindo,5.0461,1.5688,-0.5449,-0.5119,0.033,0.5,0.7069,1.4627,-0.0
67.3,seguindo,5.0461,1.5688,-0.5449,-0.5119,0.033,0.5,0.7069,1.4627,-0.0
67.35,seguindo,5.0461,1.5688,-0.5449,-0.5119,0.033,0.5,0.7069,1.4627,-0.0
67.4,seguindo,5.0461,1.5688,-0.5449,-0.5119,0.033,0.5,0.7069,1.4627,-0.0
67.45,seguindo,5.0461,1.5688,-0.5449,-0.5119,0.033,0.5,0.7069,1.4627,-0.0
67.5,seguindo,5.0461,1.5688,-0.5449,-0.5119,0.033,0.5,0.7069,1.4627,-0.0
67.55,seguindo,5.0461,1.5688,-0.5449,-0.5119,0.033,0.5,0.7069,1.4627,-0.0
67.6,seguindo,5.0461,1.5688,-0.5449,-0.5119,0.033,0.5,0.7069,1.4627,-0.0
67.65,seguindo,5.0461,1.5688,-0.5449,-0.5119,0.033,0.5,0.7069,1.4627,-0.0
67.7,seguindo,5.0461,1.5688,-0.5449,-0.5119,0.033,0.5,0.7069,1.4627,-0.0
67.75,seguindo,5.0461,1.5688,-0.5449,-0.5119,0.033,0.5,0.7069,1.4627,-0.0
67.8,seguindo,5.0461,1.5688,-0.5449,-0.5119,0.033,0.5,0.7069,1.4627,-0.0
67.85,seguindo,5.0461,1.5688,-0.5449,-0.5119,0.033,0.5,0.7069,1.4627,-0.0
67.9,seguindo,5.0461,1.5688,-0.5449,-0.5119,0.033,0.5,0.7069,1.4627,-0.0
67.95,seguindo,5.0461,1.5688,-0.5449,-0.5119,0.033,0.5,0.7069,1.4627,-0.0
68.0,seguindo,5.0461,1.5688,-0.5449,-0.5119,0.033,0.5,0.7069,1.4627,-0.0
68.05,seguindo,5.0461,1.5688,-0.5449,-0.5119,0.033,0.5,0.7069,1.4627,-0.0
68.1,seguindo,5.0461,1.5688,-0.5449,-0.5119,0.033,0.5,0.7069,1.4627,-0.0
68.15,seguindo,5.0461,1.5688,-0.5449,-0.5119,0.033,0.5,0.7069,1.4627,-0.0
68.2,seguindo,5.0461,1.5688,-0.5449,-0.5119,0.033,0.5,0.7069,1.4627,-0.0
68.25,seguindo,5.0461,1.5688,-0.5449,-0.5119,0.033,0.5,0.7069,1.4627,-0.0
68.3,seguindo,5.0461,1.5688,-0.5449,-0.5119,0.033,0.5,0.7069,1.4627,-0.0
68.35,seguindo,5.0461,1.5688,-0.5449,-0.5119,0.033,0.5,0.7069,1.4627,-0.0
68.4,seguindo,5.0461,1.5688,-0.5449,-0.5119,0.033,0.5,0.7069,1.4627,-0.0
68.45,seguindo,5.0461,1.5688,-0.5449,-0.5119,0.033,0.5,0.7069,1.4627,-0.0
68.5,seguindo,5.0461,1.5688,-0.5449,-0.5119,0.033,0.5,0.7069,1.4627,-0.0
68.55,seguindo,5.0461,1.5688,-0.5449,-0.5119,0.033,0.5,0.7069,1.4627,-0.0
68.6,seguindo,5.0461,1.5688,-0.5449,-0.5119,0.033,0.5,0.7069,1.4627,-0.0
68.65,seguindo,5.0461,1.5688,-0.5449,-0.5119,0.033,0.5,0.7069,1.4627,-0.0
68.7,seguindo,5.0461,1.5688,-0.5449,-0.5119,0.033,0.5,0.7069,1.4627,-0.0
68.75,seguindo,5.0461,1.5688,-0.5449,-0.5119,0.033,0.5,0.7069,1.4627,-0.0
68.8,seguindo,5.0461,1.5688,-0.5449,-0.5119,0.033,0.5,0.7069,1.4627,-0.0
68.85,seguindo,5.0461,1.5688,-0.5449,-0.5119,0.033,0.5,0.7069,1.4627,-0.0
68.9,seguindo,5.0461,1.5688,-0.5449,-0.5119,0.033,0.5,0.7069,1.4627,-0.0
68.95,seguindo,5.0461,1.5688,-0.5449,-0.5119,0.033,0.5,0.7069,1.4627,-0.0
69.0,seguindo,5.0461,1.5688,-0.5449,-0.5119,0.033,0.5,0.7069,1.4627,-0.0
69.05,seguindo,5.0461,1.5688,-0.5449,-0.5119,0.033,0.5,0.7069,1.4627,-0.0
69.1,seguindo,5.0461,1.5688,-0.5449,-0.5119,0.033,0.5,0.7069,1.4627,-0.0
69.15,seguindo,5.0461,1.5688,-0.5449,-0.5119,0.033,0.5,0.7069,1.4627,-0.0
69.2,seguindo,5.0461,1.5688,-0.5449,-0.5119,0.033,0.5,0.7069,1.4627,-0.0
69.25,seguindo,5.0461,1.5688,-0.5449,-0.5119,0.033,0.5,0.7069,1.4627,-0.0
69.3,seguindo,5.0461,1.5688,-0.5449,-0.5119,0.033,0.5,0.7069,1.4627,-0.0
69.35,seguindo,5.0461,1.5688,-0.5449,-0.5119,0.033,0.5,0.7069,1.4627,-0.0
69.4,seguindo,5.0461,1.5688,-0.5449,-0.5119,0.033,0.5,0.7069,1.4627,-0.0
69.45,seguindo,5.0461,1.5688,-0.5449,-0.5119,0.033,0.5,0.7069,1.4627,-0.0
69.5,seguindo,5.0461,1.5688,-0.5449,-0.5119,0.033,0.5,0.7069,1.4627,-0.0
69.55,seguindo,5.0461,1.5688,-0.5449,-0.5119,0.033,0.5,0.7069,1.4627,-0.0
69.6,seguindo,5.0461,1.5688,-0.5449,-0.5119,0.033,0.5,0.7069,1.4627,-0.0
69.65,seguindo,5.0461,1.5688,-0.5449,-0.5119,0.033,0.5,0.7069,1.4627,-0.0
69.7,seguindo,5.0461,1.5688,-0.5449,-0.5119,0.033,0.5,0.7069,1.4627,-0.0
69.75,seguindo,5.0461,1.5688,-0.5449,-0.5119,0.033,0.5,0.7069,1.4627,-0.0
69.8,seguindo,5.0461,1.5688,-0.5449,-0.5119,0.033,0.5,0.7069,1.4627,-0.0
69.85,seguindo,5.0461,1.5688,-0.5449,-0.5119,0.033,0.5,0.7069,1.4627,-0.0
69.9,seguindo,5.0461,1.5688,-0.5449,-0.5119,0.033,0.5,0.7069,1.4627,-0.0
69.95,seguindo,5.0461,1.5688,-0.5449,-0.5119,0.033,0.5,0.7069,1.4627,-0.0
70.0,seguindo,5.0461,1.5688,-0.5449,-0.5119,0.033,0.5,0.7069,1.4627,-0.0
70.05,seguindo,5.0461,1.5688,-0.5449,-0.5119,0.033,0.5,0.7069,1.4627,-0.0
70.1,seguindo,5.0461,1.5688,-0.5449,-0.5119,0.033,0.5,0.7069,1.4627,-0.0
70.15,seguindo,5.0461,1.5688,-0.5449,-0.5119,0.033,0.5,0.7069,1.4627,-0.0
70.2,seguindo,5.0461,1.5688,-0.5449,-0.5119,0.033,0.5,0.7069,1.4627,-0.0
70.25,seguindo,5.0461,1.5688,-0.5449,-0.5119,0.033,0.5,0.7069,1.4627,-0.0
70.3,seguindo,5.0461,1.5688,-0.5449,-0.5119,0.033,0.5,0.7069,1.4627,-0.0
70.35,seguindo,5.0461,1.5688,-0.5449,-0.5119,0.033,0.5,0.7069,1.4627,-0.0
70.4,seguindo,5.0461,1.5688,-0.5449,-0.5119,0.033,0.5,0.7069,1.4627,-0.0
70.45,seguindo,5.0461,1.5688,-0.5449,-0.5119,0.033,0.5,0.7069,1.4627,-0.0
70.5,seguindo,5.0461,1.5688,-0.5449,-0.5119,0.033,0.5,0.7069,1.4627,-0.0
70.55,seguindo,5.0461,1.5688,-0.5449,-0.5119,0.033,0.5,0.7069,1.4627,-0.0
70.6,seguindo,5.0461,1.5688,-0.5449,-0.5119,0.033,0.5,0.7069,1.4627,-0.0
70.651,seguindo,5.0461,1.5688,-0.5449,-0.5119,0.033,0.5,0.7069,1.4627,-0.0
70.7,seguindo,5.0461,1.5688,-0.5449,-0.5119,0.033,0.5,0.7069,1.4627,-0.0
70.75,seguindo,5.0461,1.5688,-0.5449,-0.5119,0.033,0.5,0.7069,1.4627,-0.0
70.8,seguindo,5.0461,1.5688,-0.5449,-0.5119,0.033,0.5,0.7069,1.4627,-0.0
70.85,seguindo,5.0461,1.5688,-0.5449,-0.5119,0.033,0.5,0.7069,1.4627,-0.0
70.9,seguindo,5.0461,1.5688,-0.5449,-0.5119,0.033,0.5,0.7069,1.4627,-0.0
70.95,seguindo,5.0461,1.5688,-0.5449,-0.5119,0.033,0.5,0.7069,1.4627,-0.0
71.0,seguindo,5.0461,1.5688,-0.5449,-0.5119,0.033,0.5,0.7069,1.4627,-0.0
71.05,seguindo,5.0461,1.5688,-0.5449,-0.5119,0.033,0.5,0.7069,1.4627,-0.0
71.1,seguindo,5.0461,1.5688,-0.5449,-0.5119,0.033,0.5,0.7069,1.4627,-0.0
71.15,seguindo,5.0461,1.5688,-0.5449,-0.5119,0.033,0.5,0.7069,1.4627,-0.0
71.2,seguindo,5.0461,1.5688,-0.5449,-0.5119,0.033,0.5,0.7069,1.4627,-0.0
71.25,seguindo,5.0461,1.5688,-0.5449,-0.5119,0.033,0.5,0.7069,1.4627,-0.0
71.3,seguindo,5.0461,1.5688,-0.5449,-0.5119,0.033,0.5,0.7069,1.4627,-0.0
71.35,seguindo,5.0461,1.5688,-0.5449,-0.5119,0.033,0.5,0.7069,1.4627,-0.0
71.4,seguindo,5.0461,1.5688,-0.5449,-0.5119,0.033,0.5,0.7069,1.4627,-0.0
71.45,seguindo,5.0461,1.5688,-0.5449,-0.5119,0.033,0.5,0.7069,1.4627,-0.0
71.5,seguindo,5.0461,1.5688,-0.5449,-0.5119,0.033,0.5,0.7069,1.4627,-0.0
71.55,seguindo,5.0461,1.5688,-0.5449,-0.5119,0.033,0.5,0.7069,1.4627,-0.0
71.6,seguindo,5.0461,1.5688,-0.5449,-0.5119,0.033,0.5,0.7069,1.4627,-0.0
71.65,seguindo,5.0461,1.5688,-0.5449,-0.5119,0.033,0.5,0.7069,1.4627,-0.0
71.7,seguindo,5.0461,1.5688,-0.5449,-0.5119,0.033,0.5,0.7069,1.4627,-0.0
71.75,seguindo,5.0461,1.5688,-0.5449,-0.5119,0.033,0.5,0.7069,1.4627,-0.0
71.8,seguindo,5.0461,1.5688,-0.5449,-0.5119,0.033,0.5,0.7069,1.4627,-0.0
71.85,seguindo,5.0461,1.5688,-0.5449,-0.5119,0.033,0.5,0.7069,1.4627,-0.0
71.9,seguindo,5.0461,1.5688,-0.5449,-0.5119,0.033,0.5,0.7069,1.4627,-0.0
71.95,seguindo,5.0461,1.5688,-0.5449,-0.5119,0.033,0.5,0.7069,1.4627,-0.0
72.0,seguindo,5.0461,1.5688,-0.5449,-0.5119,0.033,0.5,0.7069,1.4627,-0.0
72.05,seguindo,5.0461,1.5688,-0.5449,-0.5119,0.033,0.5,0.7069,1.4627,-0.0
72.1,seguindo,5.0461,1.5688,-0.5449,-0.5119,0.033,0.5,0.7069,1.4627,-0.0
72.15,seguindo,5.0461,1.5688,-0.5449,-0.5119,0.033,0.5,0.7069,1.4627,-0.0
72.2,seguindo,5.0461,1.5688,-0.5449,-0.5119,0.033,0.5,0.7069,1.4627,-0.0
72.25,seguindo,5.0461,1.5688,-0.5449,-0.5119,0.033,0.5,0.7069,1.4627,-0.0
72.3,seguindo,5.0461,1.5688,-0.5449,-0.5119,0.033,0.5,0.7069,1.4627,-0.0
72.35,seguindo,5.0461,1.5688,-0.5449,-0.5119,0.033,0.5,0.7069,1.4627,-0.0
72.4,seguindo,5.0461,1.5688,-0.5449,-0.5119,0.033,0.5,0.7069,1.4627,-0.0
72.45,seguindo,5.0461,1.5688,-0.5449,-0.5119,0.033,0.5,0.7069,1.4627,-0.0
72.5,seguindo,5.0461,1.5688,-0.5449,-0.5119,0.033,0.5,0.7069,1.4627,-0.0
72.55,seguindo,5.0461,1.5688,-0.5449,-0.5119,0.033,0.5,0.7069,1.4627,-0.0
72.6,seguindo,5.0461,1.5688,-0.5449,-0.5119,0.033,0.5,0.7069,1.4627,-0.0
72.65,seguindo,5.0461,1.5688,-0.5449,-0.5119,0.033,0.5,0.7069,1.4627,-0.0
72.7,seguindo,5.0461,1.5688,-0.5449,-0.5119,0.033,0.5,0.7069,1.4627,-0.0
72.75,seguindo,5.0461,1.5688,-0.5449,-0.5119,0.033,0.5,0.7069,1.4627,-0.0
72.8,seguindo,5.0461,1.5688,-0.5449,-0.5119,0.033,0.5,0.7069,1.4627,-0.0
72.85,seguindo,5.0461,1.5688,-0.5449,-0.5119,0.033,0.5,0.7069,1.4627,-0.0
72.9,seguindo,5.0461,1.5688,-0.5449,-0.5119,0.033,0.5,0.7069,1.4627,-0.0
72.95,seguindo,5.0461,1.5688,-0.5449,-0.5119,0.033,0.5,0.7069,1.4627,-0.0
73.0,seguindo,5.0461,1.5688,-0.5449,-0.5119,0.033,0.5,0.7069,1.4627,-0.0
73.05,seguindo,5.0461,1.5688,-0.5449,-0.5119,0.033,0.5,0.7069,1.4627,-0.0
73.1,seguindo,5.0461,1.5688,-0.5449,-0.5119,0.033,0.5,0.7069,1.4627,-0.0
73.15,seguindo,5.0461,1.5688,-0.5449,-0.5119,0.033,0.5,0.7069,1.4627,-0.0
73.2,seguindo,5.0461,1.5688,-0.5449,-0.5119,0.033,0.5,0.7069,1.4627,-0.0
73.25,seguindo,5.0461,1.5688,-0.5449,-0.5119,0.033,0.5,0.7069,1.4627,-0.0
73.3,seguindo,5.0461,1.5688,-0.5449,-0.5119,0.033,0.5,0.7069,1.4627,-0.0
73.35,seguindo,5.0461,1.5688,-0.5449,-0.5119,0.033,0.5,0.7069,1.4627,-0.0
73.4,seguindo,5.0461,1.5688,-0.5449,-0.5119,0.033,0.5,0.7069,1.4627,-0.0
73.45,seguindo,5.0461,1.5688,-0.5449,-0.5119,0.033,0.5,0.7069,1.4627,-0.0
73.5,seguindo,5.0461,1.5688,-0.5449,-0.5119,0.033,0.5,0.7069,1.4627,-0.0
73.55,seguindo,5.0461,1.5688,-0.5449,-0.5119,0.033,0.5,0.7069,1.4627,-0.0
73.6,seguindo,5.0461,1.5688,-0.5449,-0.5119,0.033,0.5,0.7069,1.4627,-0.0
73.65,seguindo,5.0461,1.5688,-0.5449,-0.5119,0.033,0.5,0.7069,1.4627,-0.0
73.7,seguindo,5.0461,1.5688,-0.5449,-0.5119,0.033,0.5,0.7069,1.4627,-0.0
73.75,seguindo,5.0461,1.5688,-0.5449,-0.5119,0.033,0.5,0.7069,1.4627,-0.0
73.8,seguindo,5.0461,1.5688,-0.5449,-0.5119,0.033,0.5,0.7069,1.4627,-0.0
73.85,seguindo,5.0461,1.5688,-0.5449,-0.5119,0.033,0.5,0.7069,1.4627,-0.0
73.9,seguindo,5.0461,1.5688,-0.5449,-0.5119,0.033,0.5,0.7069,1.4627,-0.0
73.95,seguindo,5.0461,1.5688,-0.5449,-0.5119,0.033,0.5,0.7069,1.4627,-0.0
74.0,seguindo,5.0461,1.5688,-0.5449,-0.5119,0.033,0.5,0.7069,1.4627,-0.0
74.05,seguindo,5.0461,1.5688,-0.5449,-0.5119,0.033,0.5,0.7069,1.4627,-0.0
74.1,seguindo,5.0461,1.5688,-0.5449,-0.5119,0.033,0.5,0.7069,1.4627,-0.0
74.15,seguindo,5.0461,1.5688,-0.5449,-0.5119,0.033,0.5,0.7069,1.4627,-0.0
74.2,seguindo,5.0461,1.5688,-0.5449,-0.5119,0.033,0.5,0.7069,1.4627,-0.0
74.25,seguindo,5.0461,1.5688,-0.5449,-0.5119,0.033,0.5,0.7069,1.4627,-0.0
74.3,seguindo,5.0461,1.5688,-0.5449,-0.5119,0.033,0.5,0.7069,1.4627,-0.0
74.35,seguindo,5.0461,1.5688,-0.5449,-0.5119,0.033,0.5,0.7069,1.4627,-0.0
74.4,seguindo,5.0461,1.5688,-0.5449,-0.5119,0.033,0.5,0.7069,1.4627,-0.0
74.45,seguindo,5.0461,1.5688,-0.5449,-0.5119,0.033,0.5,0.7069,1.4627,-0.0
74.501,seguindo,5.0461,1.5688,-0.5449,-0.5119,0.033,0.5,0.7069,1.4627,-0.0
74.55,seguindo,5.0461,1.5688,-0.5449,-0.5119,0.033,0.5,0.7069,1.4627,-0.0
74.6,seguindo,5.0461,1.5688,-0.5449,-0.5119,0.033,0.5,0.7069,1.4627,-0.0
74.65,seguindo,5.0461,1.5688,-0.5449,-0.5119,0.033,0.5,0.7069,1.4627,-0.0
74.7,seguindo,5.0461,1.5688,-0.5449,-0.5119,0.033,0.5,0.7069,1.4627,-0.0
74.75,seguindo,5.0461,1.5688,-0.5449,-0.5119,0.033,0.5,0.7069,1.4627,-0.0
74.8,seguindo,5.0461,1.5688,-0.5449,-0.5119,0.033,0.5,0.7069,1.4627,-0.0
74.85,seguindo,5.0461,1.5688,-0.5449,-0.5119,0.033,0.5,0.7069,1.4627,-0.0
74.9,seguindo,5.0461,1.5688,-0.5449,-0.5119,0.033,0.5,0.7069,1.4627,-0.0
74.95,seguindo,5.0461,1.5688,-0.5449,-0.5119,0.033,0.5,0.7069,1.4627,-0.0
75.0,seguindo,5.0461,1.5688,-0.5449,-0.5119,0.033,0.5,0.7069,1.4627,-0.0
75.05,seguindo,5.0461,1.5688,-0.5449,-0.5119,0.033,0.5,0.7069,1.4627,-0.0
75.1,seguindo,5.0461,1.5688,-0.5449,-0.5119,0.033,0.5,0.7069,1.4627,-0.0
75.15,seguindo,5.0461,1.5688,-0.5449,-0.5119,0.033,0.5,0.7069,1.4627,-0.0
75.2,seguindo,5.0461,1.5688,-0.5449,-0.5119,0.033,0.5,0.7069,1.4627,-0.0
75.25,seguindo,5.0461,1.5688,-0.5449,-0.5119,0.033,0.5,0.7069,1.4627,-0.0
75.3,seguindo,5.0461,1.5688,-0.5449,-0.5119,0.033,0.5,0.7069,1.4627,-0.0
75.35,seguindo,5.0461,1.5688,-0.5449,-0.5119,0.033,0.5,0.7069,1.4627,-0.0
75.4,seguindo,5.0461,1.5688,-0.5449,-0.5119,0.033,0.5,0.7069,1.4627,-0.0
75.45,seguindo,5.0461,1.5688,-0.5449,-0.5119,0.033,0.5,0.7069,1.4627,-0.0
75.5,seguindo,5.0461,1.5688,-0.5449,-0.5119,0.033,0.5,0.7069,1.4627,-0.0
75.55,seguindo,5.0461,1.5688,-0.5449,-0.5119,0.033,0.5,0.7069,1.4627,-0.0
75.6,seguindo,5.0461,1.5688,-0.5449,-0.5119,0.033,0.5,0.7069,1.4627,-0.0
75.65,seguindo,5.0461,1.5688,-0.5449,-0.5119,0.033,0.5,0.7069,1.4627,-0.0
75.7,seguindo,5.0461,1.5688,-0.5449,-0.5119,0.033,0.5,0.7069,1.4627,-0.0
75.75,seguindo,5.0461,1.5688,-0.5449,-0.5119,0.033,0.5,0.7069,1.4627,-0.0
75.8,seguindo,5.0461,1.5688,-0.5449,-0.5119,0.033,0.5,0.7069,1.4627,-0.0
75.85,seguindo,5.0461,1.5688,-0.5449,-0.5119,0.033,0.5,0.7069,1.4627,-0.0
75.9,seguindo,5.0461,1.5688,-0.5449,-0.5119,0.033,0.5,0.7069,1.4627,-0.0
75.95,seguindo,5.0461,1.5688,-0.5449,-0.5119,0.033,0.5,0.7069,1.4627,-0.0
76.0,seguindo,5.0461,1.5688,-0.5449,-0.5119,0.033,0.5,0.7069,1.4627,-0.0
76.05,seguindo,5.0461,1.5688,-0.5449,-0.5119,0.033,0.5,0.7069,1.4627,-0.0
76.101,seguindo,5.0461,1.5688,-0.5449,-0.5119,0.033,0.5,0.7069,1.4627,-0.0
76.15,seguindo,5.0461,1.5688,-0.5449,-0.5119,0.033,0.5,0.7069,1.4627,-0.0
76.2,seguindo,5.0461,1.5688,-0.5449,-0.5119,0.033,0.5,0.7069,1.4627,-0.0
76.25,seguindo,5.0461,1.5688,-0.5449,-0.5119,0.033,0.5,0.7069,1.4627,-0.0
76.3,seguindo,5.0461,1.5688,-0.5449,-0.5119,0.033,0.5,0.7069,1.4627,-0.0
76.35,seguindo,5.0461,1.5688,-0.5449,-0.5119,0.033,0.5,0.7069,1.4627,-0.0
76.4,seguindo,5.0461,1.5688,-0.5449,-0.5119,0.033,0.5,0.7069,1.4627,-0.0
76.45,seguindo,5.0461,1.5688,-0.5449,-0.5119,0.033,0.5,0.7069,1.4627,-0.0
76.5,seguindo,5.0461,1.5688,-0.5449,-0.5119,0.033,0.5,0.7069,1.4627,-0.0
76.55,seguindo,5.0461,1.5688,-0.5449,-0.5119,0.033,0.5,0.7069,1.4627,-0.0
76.6,seguindo,5.0461,1.5688,-0.5449,-0.5119,0.033,0.5,0.7069,1.4627,-0.0
76.65,seguindo,5.0461,1.5688,-0.5449,-0.5119,0.033,0.5,0.7069,1.4627,-0.0
76.7,seguindo,5.0461,1.5688,-0.5449,-0.5119,0.033,0.5,0.7069,1.4627,-0.0
76.75,seguindo,5.0461,1.5688,-0.5449,-0.5119,0.033,0.5,0.7069,1.4627,-0.0
76.8,seguindo,5.0461,1.5688,-0.5449,-0.5119,0.033,0.5,0.7069,1.4627,-0.0
76.85,seguindo,5.0461,1.5688,-0.5449,-0.5119,0.033,0.5,0.7069,1.4627,-0.0
76.9,seguindo,5.0461,1.5688,-0.5449,-0.5119,0.033,0.5,0.7069,1.4627,-0.0
76.95,seguindo,5.0461,1.5688,-0.5449,-0.5119,0.033,0.5,0.7069,1.4627,-0.0
77.0,seguindo,5.0461,1.5688,-0.5449,-0.5119,0.033,0.5,0.7069,1.4627,-0.0
77.05,seguindo,5.0461,1.5688,-0.5449,-0.5119,0.033,0.5,0.7069,1.4627,-0.0
77.1,seguindo,5.0461,1.5688,-0.5449,-0.5119,0.033,0.5,0.7069,1.4627,-0.0
77.15,seguindo,5.0461,1.5688,-0.5449,-0.5119,0.033,0.5,0.7069,1.4627,-0.0
77.2,seguindo,5.0461,1.5688,-0.5449,-0.5119,0.033,0.5,0.7069,1.4627,-0.0
77.25,seguindo,5.0461,1.5688,-0.5449,-0.5119,0.033,0.5,0.7069,1.4627,-0.0
77.3,seguindo,5.0461,1.5688,-0.5449,-0.5119,0.033,0.5,0.7069,1.4627,-0.0
77.35,seguindo,5.0461,1.5688,-0.5449,-0.5119,0.033,0.5,0.7069,1.4627,-0.0
77.4,seguindo,5.0461,1.5688,-0.5449,-0.5119,0.033,0.5,0.7069,1.4627,-0.0
77.45,seguindo,5.0461,1.5688,-0.5449,-0.5119,0.033,0.5,0.7069,1.4627,-0.0
77.5,seguindo,5.0461,1.5688,-0.5449,-0.5119,0.033,0.5,0.7069,1.4627,-0.0
77.55,seguindo,5.0461,1.5688,-0.5449,-0.5119,0.033,0.5,0.7069,1.4627,-0.0
77.6,seguindo,5.0461,1.5688,-0.5449,-0.5119,0.033,0.5,0.7069,1.4627,-0.0
77.65,seguindo,5.0461,1.5688,-0.5449,-0.5119,0.033,0.5,0.7069,1.4627,-0.0
77.7,seguindo,5.0461,1.5688,-0.5449,-0.5119,0.033,0.5,0.7069,1.4627,-0.0
77.751,seguindo,5.0461,1.5688,-0.5449,-0.5119,0.033,0.5,0.7069,1.4627,-0.0
77.8,seguindo,5.0461,1.5688,-0.5449,-0.5119,0.033,0.5,0.7069,1.4627,-0.0
77.85,seguindo,5.0461,1.5688,-0.5449,-0.5119,0.033,0.5,0.7069,1.4627,-0.0
77.9,seguindo,5.0461,1.5688,-0.5449,-0.5119,0.033,0.5,0.7069,1.4627,-0.0
77.95,seguindo,5.0461,1.5688,-0.5449,-0.5119,0.033,0.5,0.7069,1.4627,-0.0
78.0,seguindo,5.0461,1.5688,-0.5449,-0.5119,0.033,0.5,0.7069,1.4627,-0.0
78.05,seguindo,5.0461,1.5688,-0.5449,-0.5119,0.033,0.5,0.7069,1.4627,-0.0
78.1,seguindo,5.0461,1.5688,-0.5449,-0.5119,0.033,0.5,0.7069,1.4627,-0.0
78.15,seguindo,5.0461,1.5688,-0.5449,-0.5119,0.033,0.5,0.7069,1.4627,-0.0
78.2,seguindo,5.0461,1.5688,-0.5449,-0.5119,0.033,0.5,0.7069,1.4627,-0.0
78.25,seguindo,5.0461,1.5688,-0.5449,-0.5119,0.033,0.5,0.7069,1.4627,-0.0
78.3,seguindo,5.0461,1.5688,-0.5449,-0.5119,0.033,0.5,0.7069,1.4627,-0.0
78.35,seguindo,5.0461,1.5688,-0.5449,-0.5119,0.033,0.5,0.7069,1.4627,-0.0
78.4,seguindo,5.0461,1.5688,-0.5449,-0.5119,0.033,0.5,0.7069,1.4627,-0.0
78.45,seguindo,5.0461,1.5688,-0.5449,-0.5119,0.033,0.5,0.7069,1.4627,-0.0
78.5,seguindo,5.0461,1.5688,-0.5449,-0.5119,0.033,0.5,0.7069,1.4627,-0.0
78.55,seguindo,5.0461,1.5688,-0.5449,-0.5119,0.033,0.5,0.7069,1.4627,-0.0
78.6,seguindo,5.0461,1.5688,-0.5449,-0.5119,0.033,0.5,0.7069,1.4627,-0.0
78.65,seguindo,5.0461,1.5688,-0.5449,-0.5119,0.033,0.5,0.7069,1.4627,-0.0
78.7,seguindo,5.0461,1.5688,-0.5449,-0.5119,0.033,0.5,0.7069,1.4627,-0.0
78.75,seguindo,5.0461,1.5688,-0.5449,-0.5119,0.033,0.5,0.7069,1.4627,-0.0
78.8,seguindo,5.0461,1.5688,-0.5449,-0.5119,0.033,0.5,0.7069,1.4627,-0.0
78.85,seguindo,5.0461,1.5688,-0.5449,-0.5119,0.033,0.5,0.7069,1.4627,-0.0
78.9,seguindo,5.0461,1.5688,-0.5449,-0.5119,0.033,0.5,0.7069,1.4627,-0.0
78.95,seguindo,5.0461,1.5688,-0.5449,-0.5119,0.033,0.5,0.7069,1.4627,-0.0
79.0,seguindo,5.0461,1.5688,-0.5449,-0.5119,0.033,0.5,0.7069,1.4627,-0.0
79.05,seguindo,5.0461,1.5688,-0.5449,-0.5119,0.033,0.5,0.7069,1.4627,-0.0
79.1,seguindo,5.0461,1.5688,-0.5449,-0.5119,0.033,0.5,0.7069,1.4627,-0.0
79.15,seguindo,5.0461,1.5688,-0.5449,-0.5119,0.033,0.5,0.7069,1.4627,-0.0
79.2,seguindo,5.0461,1.5688,-0.5449,-0.5119,0.033,0.5,0.7069,1.4627,-0.0
79.25,seguindo,5.0461,1.5688,-0.5449,-0.5119,0.033,0.5,0.7069,1.4627,-0.0
79.3,seguindo,5.0461,1.5688,-0.5449,-0.5119,0.033,0.5,0.7069,1.4627,-0.0
79.35,seguindo,5.0461,1.5688,-0.5449,-0.5119,0.033,0.5,0.7069,1.4627,-0.0
79.4,seguindo,5.0461,1.5688,-0.5449,-0.5119,0.033,0.5,0.7069,1.4627,-0.0
79.45,seguindo,5.0461,1.5688,-0.5449,-0.5119,0.033,0.5,0.7069,1.4627,-0.0
79.5,seguindo,5.0461,1.5688,-0.5449,-0.5119,0.033,0.5,0.7069,1.4627,-0.0
79.55,seguindo,5.0461,1.5688,-0.5449,-0.5119,0.033,0.5,0.7069,1.4627,-0.0
79.6,seguindo,5.0461,1.5688,-0.5449,-0.5119,0.033,0.5,0.7069,1.4627,-0.0
79.65,seguindo,5.0461,1.5688,-0.5449,-0.5119,0.033,0.5,0.7069,1.4627,-0.0
79.7,seguindo,5.0461,1.5688,-0.5449,-0.5119,0.033,0.5,0.7069,1.4627,-0.0
79.75,seguindo,5.0461,1.5688,-0.5449,-0.5119,0.033,0.5,0.7069,1.4627,-0.0
79.8,seguindo,5.0461,1.5688,-0.5449,-0.5119,0.033,0.5,0.7069,1.4627,-0.0
79.85,seguindo,5.0461,1.5688,-0.5449,-0.5119,0.033,0.5,0.7069,1.4627,-0.0
79.9,seguindo,5.0461,1.5688,-0.5449,-0.5119,0.033,0.5,0.7069,1.4627,-0.0
79.95,seguindo,5.0461,1.5688,-0.5449,-0.5119,0.033,0.5,0.7069,1.4627,-0.0
80.0,seguindo,5.0461,1.5688,-0.5449,-0.5119,0.033,0.5,0.7069,1.4627,-0.0
80.052,seguindo,5.0461,1.5688,-0.5449,-0.5119,0.033,0.5,0.7069,1.4627,-0.0
80.1,seguindo,5.0461,1.5688,-0.5449,-0.5119,0.033,0.5,0.7069,1.4627,-0.0
80.15,seguindo,5.0461,1.5688,-0.5449,-0.5119,0.033,0.5,0.7069,1.4627,-0.0
80.201,seguindo,5.0461,1.5688,-0.5449,-0.5119,0.033,0.5,0.7069,1.4627,-0.0
80.25,seguindo,5.0461,1.5688,-0.5449,-0.5119,0.033,0.5,0.7069,1.4627,-0.0
80.301,seguindo,5.0461,1.5688,-0.5449,-0.5119,0.033,0.5,0.7069,1.4627,-0.0
80.35,seguindo,5.0461,1.5688,-0.5449,-0.5119,0.033,0.5,0.7069,1.4627,-0.0
80.4,seguindo,5.0461,1.5688,-0.5449,-0.5119,0.033,0.5,0.7069,1.4627,-0.0
80.45,seguindo,5.0461,1.5688,-0.5449,-0.5119,0.033,0.5,0.7069,1.4627,-0.0
80.5,seguindo,5.0461,1.5688,-0.5449,-0.5119,0.033,0.5,0.7069,1.4627,-0.0
80.55,seguindo,5.0461,1.5688,-0.5449,-0.5119,0.033,0.5,0.7069,1.4627,-0.0
80.6,seguindo,5.0461,1.5688,-0.5449,-0.5119,0.033,0.5,0.7069,1.4627,-0.0
80.65,seguindo,5.0461,1.5688,-0.5449,-0.5119,0.033,0.5,0.7069,1.4627,-0.0
80.7,seguindo,5.0461,1.5688,-0.5449,-0.5119,0.033,0.5,0.7069,1.4627,-0.0
80.75,seguindo,5.0461,1.5688,-0.5449,-0.5119,0.033,0.5,0.7069,1.4627,-0.0
80.8,seguindo,5.0461,1.5688,-0.5449,-0.5119,0.033,0.5,0.7069,1.4627,-0.0
80.85,seguindo,5.0461,1.5688,-0.5449,-0.5119,0.033,0.5,0.7069,1.4627,-0.0
80.903,seguindo,5.0461,1.5688,-0.5449,-0.5119,0.033,0.5,0.7069,1.4627,-0.0
80.95,seguindo,5.0461,1.5688,-0.5449,-0.5119,0.033,0.5,0.7069,1.4627,-0.0
81.0,seguindo,5.0461,1.5688,-0.5449,-0.5119,0.033,0.5,0.7069,1.4627,-0.0
81.05,seguindo,5.0461,1.5688,-0.5449,-0.5119,0.033,0.5,0.7069,1.4627,-0.0
81.1,seguindo,5.0461,1.5688,-0.5449,-0.5119,0.033,0.5,0.7069,1.4627,-0.0
81.15,seguindo,5.0461,1.5688,-0.5449,-0.5119,0.033,0.5,0.7069,1.4627,-0.0
81.2,seguindo,5.0461,1.5688,-0.5449,-0.5119,0.033,0.5,0.7069,1.4627,-0.0
81.25,seguindo,5.0461,1.5688,-0.5449,-0.5119,0.033,0.5,0.7069,1.4627,-0.0
81.3,seguindo,5.0461,1.5688,-0.5449,-0.5119,0.033,0.5,0.7069,1.4627,-0.0
81.35,seguindo,5.0461,1.5688,-0.5449,-0.5119,0.033,0.5,0.7069,1.4627,-0.0
81.4,seguindo,5.0461,1.5688,-0.5449,-0.5119,0.033,0.5,0.7069,1.4627,-0.0
81.45,seguindo,5.0461,1.5688,-0.5449,-0.5119,0.033,0.5,0.7069,1.4627,-0.0
81.5,seguindo,5.0461,1.5688,-0.5449,-0.5119,0.033,0.5,0.7069,1.4627,-0.0
81.55,seguindo,5.0461,1.5688,-0.5449,-0.5119,0.033,0.5,0.7069,1.4627,-0.0
81.6,seguindo,5.0461,1.5688,-0.5449,-0.5119,0.033,0.5,0.7069,1.4627,-0.0
81.65,seguindo,5.0461,1.5688,-0.5449,-0.5119,0.033,0.5,0.7069,1.4627,-0.0
81.7,seguindo,5.0461,1.5688,-0.5449,-0.5119,0.033,0.5,0.7069,1.4627,-0.0
81.75,seguindo,5.0461,1.5688,-0.5449,-0.5119,0.033,0.5,0.7069,1.4627,-0.0
81.8,seguindo,5.0461,1.5688,-0.5449,-0.5119,0.033,0.5,0.7069,1.4627,-0.0
81.85,seguindo,5.0461,1.5688,-0.5449,-0.5119,0.033,0.5,0.7069,1.4627,-0.0
81.9,seguindo,5.0461,1.5688,-0.5449,-0.5119,0.033,0.5,0.7069,1.4627,-0.0
81.95,seguindo,5.0461,1.5688,-0.5449,-0.5119,0.033,0.5,0.7069,1.4627,-0.0
82.0,seguindo,5.0461,1.5688,-0.5449,-0.5119,0.033,0.5,0.7069,1.4627,-0.0
82.05,seguindo,5.0461,1.5688,-0.5449,-0.5119,0.033,0.5,0.7069,1.4627,-0.0
82.1,seguindo,5.0461,1.5688,-0.5449,-0.5119,0.033,0.5,0.7069,1.4627,-0.0
82.15,seguindo,5.0461,1.5688,-0.5449,-0.5119,0.033,0.5,0.7069,1.4627,-0.0
82.2,seguindo,5.0461,1.5688,-0.5449,-0.5119,0.033,0.5,0.7069,1.4627,-0.0
82.25,seguindo,5.0461,1.5688,-0.5449,-0.5119,0.033,0.5,0.7069,1.4627,-0.0
82.3,seguindo,5.0461,1.5688,-0.5449,-0.5119,0.033,0.5,0.7069,1.4627,-0.0
82.35,seguindo,5.0461,1.5688,-0.5449,-0.5119,0.033,0.5,0.7069,1.4627,-0.0
82.4,seguindo,5.0461,1.5688,-0.5449,-0.5119,0.033,0.5,0.7069,1.4627,-0.0
82.45,seguindo,5.0461,1.5688,-0.5449,-0.5119,0.033,0.5,0.7069,1.4627,-0.0
82.5,seguindo,5.0461,1.5688,-0.5449,-0.5119,0.033,0.5,0.7069,1.4627,-0.0
82.55,seguindo,5.0461,1.5688,-0.5449,-0.5119,0.033,0.5,0.7069,1.4627,-0.0
82.6,seguindo,5.0461,1.5688,-0.5449,-0.5119,0.033,0.5,0.7069,1.4627,-0.0
82.65,seguindo,5.0461,1.5688,-0.5449,-0.5119,0.033,0.5,0.7069,1.4627,-0.0
82.7,seguindo,5.0461,1.5688,-0.5449,-0.5119,0.033,0.5,0.7069,1.4627,-0.0
82.75,seguindo,5.0461,1.5688,-0.5449,-0.5119,0.033,0.5,0.7069,1.4627,-0.0
82.8,seguindo,5.0461,1.5688,-0.5449,-0.5119,0.033,0.5,0.7069,1.4627,-0.0
82.85,seguindo,5.0461,1.5688,-0.5449,-0.5119,0.033,0.5,0.7069,1.4627,-0.0
82.9,seguindo,5.0461,1.5688,-0.5449,-0.5119,0.033,0.5,0.7069,1.4627,-0.0
82.95,seguindo,5.0461,1.5688,-0.5449,-0.5119,0.033,0.5,0.7069,1.4627,-0.0
83.0,seguindo,5.0461,1.5688,-0.5449,-0.5119,0.033,0.5,0.7069,1.4627,-0.0
83.05,seguindo,5.0461,1.5688,-0.5449,-0.5119,0.033,0.5,0.7069,1.4627,-0.0
83.1,seguindo,5.0461,1.5688,-0.5449,-0.5119,0.033,0.5,0.7069,1.4627,-0.0
83.15,seguindo,5.0461,1.5688,-0.5449,-0.5119,0.033,0.5,0.7069,1.4627,-0.0
83.2,seguindo,5.0461,1.5688,-0.5449,-0.5119,0.033,0.5,0.7069,1.4627,-0.0
83.25,seguindo,5.0461,1.5688,-0.5449,-0.5119,0.033,0.5,0.7069,1.4627,-0.0
83.3,seguindo,5.0461,1.5688,-0.5449,-0.5119,0.033,0.5,0.7069,1.4627,-0.0
83.35,seguindo,5.0461,1.5688,-0.5449,-0.5119,0.033,0.5,0.7069,1.4627,-0.0
83.4,seguindo,5.0461,1.5688,-0.5449,-0.5119,0.033,0.5,0.7069,1.4627,-0.0
83.45,seguindo,5.0461,1.5688,-0.5449,-0.5119,0.033,0.5,0.7069,1.4627,-0.0
83.5,seguindo,5.0461,1.5688,-0.5449,-0.5119,0.033,0.5,0.7069,1.4627,-0.0
83.55,seguindo,5.0461,1.5688,-0.5449,-0.5119,0.033,0.5,0.7069,1.4627,-0.0
83.6,seguindo,5.0461,1.5688,-0.5449,-0.5119,0.033,0.5,0.7069,1.4627,-0.0
83.65,seguindo,5.0461,1.5688,-0.5449,-0.5119,0.033,0.5,0.7069,1.4627,-0.0
83.7,seguindo,5.0461,1.5688,-0.5449,-0.5119,0.033,0.5,0.7069,1.4627,-0.0
83.75,seguindo,5.0461,1.5688,-0.5449,-0.5119,0.033,0.5,0.7069,1.4627,-0.0
83.8,seguindo,5.0461,1.5688,-0.5449,-0.5119,0.033,0.5,0.7069,1.4627,-0.0
83.85,seguindo,5.0461,1.5688,-0.5449,-0.5119,0.033,0.5,0.7069,1.4627,-0.0
83.9,seguindo,5.0461,1.5688,-0.5449,-0.5119,0.033,0.5,0.7069,1.4627,-0.0
83.95,seguindo,5.0461,1.5688,-0.5449,-0.5119,0.033,0.5,0.7069,1.4627,-0.0
84.0,seguindo,5.0461,1.5688,-0.5449,-0.5119,0.033,0.5,0.7069,1.4627,-0.0
84.05,seguindo,5.0461,1.5688,-0.5449,-0.5119,0.033,0.5,0.7069,1.4627,-0.0
84.1,seguindo,5.0461,1.5688,-0.5449,-0.5119,0.033,0.5,0.7069,1.4627,-0.0
84.15,seguindo,5.0461,1.5688,-0.5449,-0.5119,0.033,0.5,0.7069,1.4627,-0.0
84.2,seguindo,5.0461,1.5688,-0.5449,-0.5119,0.033,0.5,0.7069,1.4627,-0.0
84.25,seguindo,5.0461,1.5688,-0.5449,-0.5119,0.033,0.5,0.7069,1.4627,-0.0
84.3,seguindo,5.0461,1.5688,-0.5449,-0.5119,0.033,0.5,0.7069,1.4627,-0.0
84.35,seguindo,5.0461,1.5688,-0.5449,-0.5119,0.033,0.5,0.7069,1.4627,-0.0
84.4,seguindo,5.0461,1.5688,-0.5449,-0.5119,0.033,0.5,0.7069,1.4627,-0.0
84.45,seguindo,5.0461,1.5688,-0.5449,-0.5119,0.033,0.5,0.7069,1.4627,-0.0
84.5,seguindo,5.0461,1.5688,-0.5449,-0.5119,0.033,0.5,0.7069,1.4627,-0.0
84.55,seguindo,5.0461,1.5688,-0.5449,-0.5119,0.033,0.5,0.7069,1.4627,-0.0
84.6,seguindo,5.0461,1.5688,-0.5449,-0.5119,0.033,0.5,0.7069,1.4627,-0.0
84.65,seguindo,5.0461,1.5688,-0.5449,-0.5119,0.033,0.5,0.7069,1.4627,-0.0
84.7,seguindo,5.0461,1.5688,-0.5449,-0.5119,0.033,0.5,0.7069,1.4627,-0.0
84.75,seguindo,5.0461,1.5688,-0.5449,-0.5119,0.033,0.5,0.7069,1.4627,-0.0
84.8,seguindo,5.0461,1.5688,-0.5449,-0.5119,0.033,0.5,0.7069,1.4627,-0.0
84.85,seguindo,5.0461,1.5688,-0.5449,-0.5119,0.033,0.5,0.7069,1.4627,-0.0
84.9,seguindo,5.0461,1.5688,-0.5449,-0.5119,0.033,0.5,0.7069,1.4627,-0.0
84.95,seguindo,5.0461,1.5688,-0.5449,-0.5119,0.033,0.5,0.7069,1.4627,-0.0
85.0,seguindo,5.0461,1.5688,-0.5449,-0.5119,0.033,0.5,0.7069,1.4627,-0.0
85.05,seguindo,5.0461,1.5688,-0.5449,-0.5119,0.033,0.5,0.7069,1.4627,-0.0
85.1,seguindo,5.0461,1.5688,-0.5449,-0.5119,0.033,0.5,0.7069,1.4627,-0.0
85.15,seguindo,5.0461,1.5688,-0.5449,-0.5119,0.033,0.5,0.7069,1.4627,-0.0
85.2,seguindo,5.0461,1.5688,-0.5449,-0.5119,0.033,0.5,0.7069,1.4627,-0.0
85.25,seguindo,5.0461,1.5688,-0.5449,-0.5119,0.033,0.5,0.7069,1.4627,-0.0
85.3,seguindo,5.0461,1.5688,-0.5449,-0.5119,0.033,0.5,0.7069,1.4627,-0.0
85.351,seguindo,5.0461,1.5688,-0.5449,-0.5119,0.033,0.5,0.7069,1.4627,-0.0
85.4,seguindo,5.0461,1.5688,-0.5449,-0.5119,0.033,0.5,0.7069,1.4627,-0.0
85.45,seguindo,5.0461,1.5688,-0.5449,-0.5119,0.033,0.5,0.7069,1.4627,-0.0
85.5,seguindo,5.0461,1.5688,-0.5449,-0.5119,0.033,0.5,0.7069,1.4627,-0.0
85.55,seguindo,5.0461,1.5688,-0.5449,-0.5119,0.033,0.5,0.7069,1.4627,-0.0
85.6,seguindo,5.0461,1.5688,-0.5449,-0.5119,0.033,0.5,0.7069,1.4627,-0.0
85.65,seguindo,5.0461,1.5688,-0.5449,-0.5119,0.033,0.5,0.7069,1.4627,-0.0
85.7,seguindo,5.0461,1.5688,-0.5449,-0.5119,0.033,0.5,0.7069,1.4627,-0.0
85.75,seguindo,5.0461,1.5688,-0.5449,-0.5119,0.033,0.5,0.7069,1.4627,-0.0
85.8,seguindo,5.0461,1.5688,-0.5449,-0.5119,0.033,0.5,0.7069,1.4627,-0.0
85.85,seguindo,5.0461,1.5688,-0.5449,-0.5119,0.033,0.5,0.7069,1.4627,-0.0
85.9,seguindo,5.0461,1.5688,-0.5449,-0.5119,0.033,0.5,0.7069,1.4627,-0.0
85.95,seguindo,5.0461,1.5688,-0.5449,-0.5119,0.033,0.5,0.7069,1.4627,-0.0
86.0,seguindo,5.0461,1.5688,-0.5449,-0.5119,0.033,0.5,0.7069,1.4627,-0.0
86.05,seguindo,5.0461,1.5688,-0.5449,-0.5119,0.033,0.5,0.7069,1.4627,-0.0
86.1,seguindo,5.0461,1.5688,-0.5449,-0.5119,0.033,0.5,0.7069,1.4627,-0.0
86.15,seguindo,5.0461,1.5688,-0.5449,-0.5119,0.033,0.5,0.7069,1.4627,-0.0
86.2,seguindo,5.0461,1.5688,-0.5449,-0.5119,0.033,0.5,0.7069,1.4627,-0.0
86.25,seguindo,5.0461,1.5688,-0.5449,-0.5119,0.033,0.5,0.7069,1.4627,-0.0
86.3,seguindo,5.0461,1.5688,-0.5449,-0.5119,0.033,0.5,0.7069,1.4627,-0.0
86.35,seguindo,5.0461,1.5688,-0.5449,-0.5119,0.033,0.5,0.7069,1.4627,-0.0
86.4,seguindo,5.0461,1.5688,-0.5449,-0.5119,0.033,0.5,0.7069,1.4627,-0.0
86.45,seguindo,5.0461,1.5688,-0.5449,-0.5119,0.033,0.5,0.7069,1.4627,-0.0
86.5,seguindo,5.0461,1.5688,-0.5449,-0.5119,0.033,0.5,0.7069,1.4627,-0.0
86.55,seguindo,5.0461,1.5688,-0.5449,-0.5119,0.033,0.5,0.7069,1.4627,-0.0
86.6,seguindo,5.0461,1.5688,-0.5449,-0.5119,0.033,0.5,0.7069,1.4627,-0.0
86.65,seguindo,5.0461,1.5688,-0.5449,-0.5119,0.033,0.5,0.7069,1.4627,-0.0
86.7,seguindo,5.0461,1.5688,-0.5449,-0.5119,0.033,0.5,0.7069,1.4627,-0.0
86.75,seguindo,5.0461,1.5688,-0.5449,-0.5119,0.033,0.5,0.7069,1.4627,-0.0
86.8,seguindo,5.0461,1.5688,-0.5449,-0.5119,0.033,0.5,0.7069,1.4627,-0.0
86.85,seguindo,5.0461,1.5688,-0.5449,-0.5119,0.033,0.5,0.7069,1.4627,-0.0
86.902,seguindo,5.0461,1.5688,-0.5449,-0.5119,0.033,0.5,0.7069,1.4627,-0.0
86.95,seguindo,5.0461,1.5688,-0.5449,-0.5119,0.033,0.5,0.7069,1.4627,-0.0
87.0,seguindo,5.0461,1.5688,-0.5449,-0.5119,0.033,0.5,0.7069,1.4627,-0.0
87.05,seguindo,5.0461,1.5688,-0.5449,-0.5119,0.033,0.5,0.7069,1.4627,-0.0
87.1,seguindo,5.0461,1.5688,-0.5449,-0.5119,0.033,0.5,0.7069,1.4627,-0.0
87.15,seguindo,5.0461,1.5688,-0.5449,-0.5119,0.033,0.5,0.7069,1.4627,-0.0
87.2,seguindo,5.0461,1.5688,-0.5449,-0.5119,0.033,0.5,0.7069,1.4627,-0.0
87.25,seguindo,5.0461,1.5688,-0.5449,-0.5119,0.033,0.5,0.7069,1.4627,-0.0
87.3,seguindo,5.0461,1.5688,-0.5449,-0.5119,0.033,0.5,0.7069,1.4627,-0.0
87.35,seguindo,5.0461,1.5688,-0.5449,-0.5119,0.033,0.5,0.7069,1.4627,-0.0
87.4,seguindo,5.0461,1.5688,-0.5449,-0.5119,0.033,0.5,0.7069,1.4627,-0.0
87.45,seguindo,5.0461,1.5688,-0.5449,-0.5119,0.033,0.5,0.7069,1.4627,-0.0
87.5,seguindo,5.0461,1.5688,-0.5449,-0.5119,0.033,0.5,0.7069,1.4627,-0.0
87.55,seguindo,5.0461,1.5688,-0.5449,-0.5119,0.033,0.5,0.7069,1.4627,-0.0
87.6,seguindo,5.0461,1.5688,-0.5449,-0.5119,0.033,0.5,0.7069,1.4627,-0.0
87.65,seguindo,5.0461,1.5688,-0.5449,-0.5119,0.033,0.5,0.7069,1.4627,-0.0
87.7,seguindo,5.0461,1.5688,-0.5449,-0.5119,0.033,0.5,0.7069,1.4627,-0.0
87.75,seguindo,5.0461,1.5688,-0.5449,-0.5119,0.033,0.5,0.7069,1.4627,-0.0
87.8,seguindo,5.0461,1.5688,-0.5449,-0.5119,0.033,0.5,0.7069,1.4627,-0.0
87.85,seguindo,5.0461,1.5688,-0.5449,-0.5119,0.033,0.5,0.7069,1.4627,-0.0
87.9,seguindo,5.0461,1.5688,-0.5449,-0.5119,0.033,0.5,0.7069,1.4627,-0.0
87.95,seguindo,5.0461,1.5688,-0.5449,-0.5119,0.033,0.5,0.7069,1.4627,-0.0
88.0,seguindo,5.0461,1.5688,-0.5449,-0.5119,0.033,0.5,0.7069,1.4627,-0.0
88.05,seguindo,5.0461,1.5688,-0.5449,-0.5119,0.033,0.5,0.7069,1.4627,-0.0
88.1,seguindo,5.0461,1.5688,-0.5449,-0.5119,0.033,0.5,0.7069,1.4627,-0.0
88.15,seguindo,5.0461,1.5688,-0.5449,-0.5119,0.033,0.5,0.7069,1.4627,-0.0
88.2,seguindo,5.0461,1.5688,-0.5449,-0.5119,0.033,0.5,0.7069,1.4627,-0.0
88.25,seguindo,5.0461,1.5688,-0.5449,-0.5119,0.033,0.5,0.7069,1.4627,-0.0
88.3,seguindo,5.0461,1.5688,-0.5449,-0.5119,0.033,0.5,0.7069,1.4627,-0.0
88.35,seguindo,5.0461,1.5688,-0.5449,-0.5119,0.033,0.5,0.7069,1.4627,-0.0
88.4,seguindo,5.0461,1.5688,-0.5449,-0.5119,0.033,0.5,0.7069,1.4627,-0.0
88.45,seguindo,5.0461,1.5688,-0.5449,-0.5119,0.033,0.5,0.7069,1.4627,-0.0
88.5,seguindo,5.0461,1.5688,-0.5449,-0.5119,0.033,0.5,0.7069,1.4627,-0.0
88.55,seguindo,5.0461,1.5688,-0.5449,-0.5119,0.033,0.5,0.7069,1.4627,-0.0
88.6,seguindo,5.0461,1.5688,-0.5449,-0.5119,0.033,0.5,0.7069,1.4627,-0.0
88.65,seguindo,5.0461,1.5688,-0.5449,-0.5119,0.033,0.5,0.7069,1.4627,-0.0
88.7,seguindo,5.0461,1.5688,-0.5449,-0.5119,0.033,0.5,0.7069,1.4627,-0.0
88.75,seguindo,5.0461,1.5688,-0.5449,-0.5119,0.033,0.5,0.7069,1.4627,-0.0
88.8,seguindo,5.0461,1.5688,-0.5449,-0.5119,0.033,0.5,0.7069,1.4627,-0.0
88.85,seguindo,5.0461,1.5688,-0.5449,-0.5119,0.033,0.5,0.7069,1.4627,-0.0
88.9,seguindo,5.0461,1.5688,-0.5449,-0.5119,0.033,0.5,0.7069,1.4627,-0.0
88.95,seguindo,5.0461,1.5688,-0.5449,-0.5119,0.033,0.5,0.7069,1.4627,-0.0
89.0,seguindo,5.0461,1.5688,-0.5449,-0.5119,0.033,0.5,0.7069,1.4627,-0.0
