t_wall,topic,vx,wz,px,py,extra
1790703900.996,odom,-0.0000,0.0000,2.000,5.000,
1790703901.025,odom,-0.0000,0.0000,2.000,5.000,
1790703901.039,/auto_vel_raw,0.0000,0.0000,,,
1790703901.052,odom,-0.0000,0.0000,2.000,5.000,
1790703901.086,odom,-0.0000,0.0000,2.000,5.000,
1790703901.128,odom,-0.0000,0.0000,2.000,5.000,
1790703901.132,/auto_vel_raw,0.0000,0.0000,,,
1790703901.165,odom,-0.0000,0.0000,2.000,5.000,
1790703901.228,odom,-0.0000,0.0000,2.000,5.000,
1790703901.246,/auto_vel_raw,0.0000,0.0000,,,
1790703901.273,odom,-0.0000,0.0000,2.000,5.000,
1790703901.329,odom,-0.0000,0.0000,2.000,5.000,
1790703901.376,/auto_vel_raw,0.0000,0.0000,,,
1790703901.376,odom,-0.0000,0.0000,2.000,5.000,
1790703901.409,odom,-0.0000,0.0000,2.000,5.000,
1790703901.456,odom,-0.0000,0.0000,2.000,5.000,
1790703901.484,/auto_vel_raw,0.0000,0.0000,,,
1790703901.498,odom,-0.0000,0.0000,2.000,5.000,
1790703901.532,odom,-0.0000,0.0000,2.000,5.000,
1790703901.582,/auto_vel_raw,0.0000,0.0000,,,
1790703901.582,odom,-0.0000,0.0000,2.000,5.000,
1790703901.635,odom,-0.0000,0.0000,2.000,5.000,
1790703901.689,odom,-0.0000,0.0000,2.000,5.000,
1790703901.709,/auto_vel_raw,0.0000,0.0000,,,
1790703901.725,odom,-0.0000,0.0000,2.000,5.000,
1790703901.763,odom,-0.0000,0.0000,2.000,5.000,
1790703901.813,odom,-0.0000,0.0000,2.000,5.000,
1790703901.818,/auto_vel_raw,0.0000,0.0000,,,
1790703901.884,odom,-0.0000,0.0000,2.000,5.000,
1790703901.938,odom,-0.0000,0.0000,2.000,5.000,
1790703901.958,/auto_vel_raw,0.0000,0.0000,,,
1790703901.986,odom,-0.0000,0.0000,2.000,5.000,
1790703902.047,odom,-0.0000,0.0000,2.000,5.000,
1790703902.114,/auto_vel_raw,0.0000,0.0000,,,
1790703902.114,odom,-0.0000,0.0000,2.000,5.000,
1790703902.146,odom,-0.0000,0.0000,2.000,5.000,
1790703902.184,odom,-0.0000,0.0000,2.000,5.000,
1790703902.215,/auto_vel_raw,0.0000,0.0000,,,
1790703902.248,odom,-0.0000,0.0000,2.000,5.000,
1790703902.305,odom,-0.0000,0.0000,2.000,5.000,
1790703902.371,/auto_vel_raw,0.0000,0.0000,,,
1790703902.374,odom,-0.0000,0.0000,2.000,5.000,
1790703902.444,odom,-0.0000,0.0000,2.000,5.000,
1790703902.498,odom,-0.0000,0.0000,2.000,5.000,
1790703902.528,/auto_vel_raw,0.0000,0.0000,,,
1790703902.543,odom,-0.0000,0.0000,2.000,5.000,
1790703902.576,odom,-0.0000,0.0000,2.000,5.000,
1790703902.632,/auto_vel_raw,0.0000,0.0000,,,
1790703902.633,odom,-0.0000,0.0000,2.000,5.000,
1790703902.678,odom,0.0000,0.0000,2.000,5.000,
1790703902.707,odom,-0.0000,0.0000,2.000,5.000,
1790703902.738,/auto_vel_raw,0.0000,0.0000,,,
1790703902.773,odom,0.0000,0.0000,2.000,5.000,
1790703902.819,odom,0.0000,0.0000,2.000,5.000,
1790703902.861,/auto_vel_raw,0.0000,0.0000,,,
1790703902.861,odom,0.0000,0.0000,2.000,5.000,
1790703902.915,odom,0.0000,0.0000,2.000,5.000,
1790703902.966,odom,-0.0000,0.0000,2.000,5.000,
1790703902.995,/auto_vel_raw,0.0000,0.0000,,,
1790703903.015,odom,0.0000,0.0000,2.000,5.000,
1790703903.055,odom,-0.0000,0.0000,2.000,5.000,
1790703903.118,odom,0.0000,0.0000,2.000,5.000,
1790703903.122,/auto_vel_raw,0.0000,0.0000,,,
1790703903.151,odom,0.0000,0.0000,2.000,5.000,
1790703903.199,odom,0.0000,0.0000,2.000,5.000,
1790703903.223,/auto_vel_raw,0.0000,0.0000,,,
1790703903.237,odom,-0.0000,0.0000,2.000,5.000,
1790703903.286,odom,0.0000,0.0000,2.000,5.000,
1790703903.350,odom,0.0000,0.0000,2.000,5.000,
1790703903.355,/auto_vel_raw,0.0000,0.0000,,,
1790703903.391,odom,0.0000,0.0000,2.000,5.000,
1790703903.395,/auto_vel,0.0000,0.0000,,,
1790703903.396,/compensador_rumo/cmd_vel,0.0000,0.0000,,,
1790703903.397,/cmd_vel_bruto,0.0000,0.0000,,,
1790703903.398,/hoverboard_base_controller/cmd_vel,0.0000,0.0000,,,
1790703903.425,odom,0.0000,0.0000,2.000,5.000,
1790703903.436,/auto_vel_raw,0.0000,0.0000,,,
1790703903.469,odom,0.0000,0.0000,2.000,5.000,
1790703903.483,/auto_vel,0.0000,0.0000,,,
1790703903.486,/compensador_rumo/cmd_vel,0.0000,0.0000,,,
1790703903.488,/hoverboard_base_controller/cmd_vel,0.0000,0.0000,,,
1790703903.489,/cmd_vel_bruto,0.0000,0.0000,,,
1790703903.532,odom,0.0000,0.0000,2.000,5.000,
1790703903.575,/auto_vel_raw,0.0000,0.0000,,,
1790703903.576,odom,0.0000,0.0000,2.000,5.000,
1790703903.587,/auto_vel,0.0000,0.0000,,,
1790703903.587,/compensador_rumo/cmd_vel,0.0000,0.0000,,,
1790703903.589,/hoverboard_base_controller/cmd_vel,0.0000,0.0000,,,
1790703903.589,/cmd_vel_bruto,0.0000,0.0000,,,
1790703903.621,odom,0.0000,0.0000,2.000,5.000,
1790703903.659,odom,0.0000,0.0000,2.000,5.000,
1790703903.674,/auto_vel_raw,0.0000,0.0000,,,
1790703903.707,odom,0.0000,0.0000,2.000,5.000,
1790703903.715,/auto_vel,0.0000,0.0000,,,
1790703903.715,/compensador_rumo/cmd_vel,0.0000,0.0000,,,
1790703903.721,/cmd_vel_bruto,0.0000,0.0000,,,
1790703903.725,/hoverboard_base_controller/cmd_vel,0.0000,0.0000,,,
1790703903.755,odom,0.0000,0.0000,2.000,5.000,
1790703903.784,/auto_vel_raw,0.0000,0.0000,,,
1790703903.784,odom,0.0000,0.0000,2.000,5.000,
1790703903.825,odom,0.0000,0.0000,2.000,5.000,
1790703903.836,/auto_vel,0.0000,0.0000,,,
1790703903.838,/compensador_rumo/cmd_vel,0.0000,0.0000,,,
1790703903.839,/cmd_vel_bruto,0.0000,0.0000,,,
1790703903.842,/hoverboard_base_controller/cmd_vel,0.0000,0.0000,,,
1790703903.873,odom,0.0000,0.0000,2.000,5.000,
1790703903.892,/auto_vel_raw,0.0000,0.0000,,,
1790703903.905,odom,0.0000,0.0000,2.000,5.000,
1790703903.915,/auto_vel,0.0000,0.0000,,,
1790703903.916,/compensador_rumo/cmd_vel,0.0000,0.0000,,,
1790703903.916,/cmd_vel_bruto,0.0000,0.0000,,,
1790703903.918,/hoverboard_base_controller/cmd_vel,0.0000,0.0000,,,
1790703903.948,odom,0.0000,0.0000,2.000,5.000,
1790703903.987,/auto_vel_raw,0.0000,0.0000,,,
1790703903.989,odom,0.0000,0.0000,2.000,5.000,
1790703903.992,/auto_vel,0.0000,0.0000,,,
1790703903.993,/compensador_rumo/cmd_vel,0.0000,0.0000,,,
1790703903.993,/hoverboard_base_controller/cmd_vel,0.0000,0.0000,,,
1790703903.994,/cmd_vel_bruto,0.0000,0.0000,,,
1790703904.025,odom,0.0000,0.0000,2.000,5.000,
1790703904.071,odom,0.0000,0.0000,2.000,5.000,
1790703904.095,/auto_vel_raw,0.0000,0.0000,,,
1790703904.106,odom,0.0000,0.0000,2.000,5.000,
1790703904.110,/auto_vel,0.0000,0.0000,,,
1790703904.110,/compensador_rumo/cmd_vel,0.0000,0.0000,,,
1790703904.111,/cmd_vel_bruto,0.0000,0.0000,,,
1790703904.113,/hoverboard_base_controller/cmd_vel,0.0000,0.0000,,,
1790703904.149,odom,0.0000,0.0000,2.000,5.000,
1790703904.184,odom,0.0000,0.0000,2.000,5.000,
1790703904.189,/auto_vel_raw,0.0000,0.0000,,,
1790703904.219,odom,0.0000,0.0000,2.000,5.000,
1790703904.222,/auto_vel,0.0000,0.0000,,,
1790703904.222,/compensador_rumo/cmd_vel,0.0000,0.0000,,,
1790703904.222,/cmd_vel_bruto,0.0000,0.0000,,,
1790703904.223,/hoverboard_base_controller/cmd_vel,0.0000,0.0000,,,
1790703904.267,odom,0.0000,0.0000,2.000,5.000,
1790703904.290,/auto_vel_raw,0.0000,0.0000,,,
1790703904.316,odom,0.0000,0.0000,2.000,5.000,
1790703904.325,/auto_vel,0.0000,0.0000,,,
1790703904.325,/compensador_rumo/cmd_vel,0.0000,0.0000,,,
1790703904.329,/cmd_vel_bruto,0.0000,0.0000,,,
1790703904.331,/hoverboard_base_controller/cmd_vel,0.0000,0.0000,,,
1790703904.359,odom,0.0000,0.0000,2.000,5.000,
1790703904.395,odom,0.0000,0.0000,2.000,5.000,
1790703904.400,/auto_vel_raw,0.0000,0.0000,,,
1790703904.438,odom,0.0000,0.0000,2.000,5.000,
1790703904.443,/auto_vel,0.0000,0.0000,,,
1790703904.445,/compensador_rumo/cmd_vel,0.0000,0.0000,,,
1790703904.445,/hoverboard_base_controller/cmd_vel,0.0000,0.0000,,,
1790703904.446,/cmd_vel_bruto,0.0000,0.0000,,,
1790703904.473,odom,0.0000,0.0000,2.000,5.000,
1790703904.493,/auto_vel_raw,0.0000,0.0000,,,
1790703904.510,odom,0.0000,0.0000,2.000,5.000,
1790703904.516,/auto_vel,0.0000,0.0000,,,
1790703904.517,/compensador_rumo/cmd_vel,0.0000,0.0000,,,
1790703904.519,/cmd_vel_bruto,0.0000,0.0000,,,
1790703904.520,/hoverboard_base_controller/cmd_vel,0.0000,0.0000,,,
1790703904.547,odom,0.0000,0.0000,2.000,5.000,
1790703904.580,/auto_vel_raw,0.0000,0.0000,,,
1790703904.580,odom,0.0000,0.0000,2.000,5.000,
1790703904.592,/auto_vel,0.0000,0.0000,,,
1790703904.594,/compensador_rumo/cmd_vel,0.0000,0.0000,,,
1790703904.594,/cmd_vel_bruto,0.0000,0.0000,,,
1790703904.595,/hoverboard_base_controller/cmd_vel,0.0000,0.0000,,,
1790703904.621,odom,0.0000,0.0000,2.000,5.000,
1790703904.654,odom,0.0000,0.0000,2.000,5.000,
1790703904.678,/auto_vel_raw,0.0000,0.0000,,,
1790703904.700,odom,0.0000,0.0000,2.000,5.000,
1790703904.711,/auto_vel,0.0000,0.0000,,,
1790703904.711,/compensador_rumo/cmd_vel,0.0000,0.0000,,,
1790703904.713,/cmd_vel_bruto,0.0000,0.0000,,,
1790703904.714,/hoverboard_base_controller/cmd_vel,0.0000,0.0000,,,
1790703904.743,odom,0.0000,0.0000,2.000,5.000,
1790703904.785,odom,0.0000,0.0000,2.000,5.000,
1790703904.787,/auto_vel_raw,0.0000,0.0000,,,
1790703904.792,/auto_vel,0.0000,0.0000,,,
1790703904.798,/compensador_rumo/cmd_vel,0.0000,0.0000,,,
1790703904.798,/hoverboard_base_controller/cmd_vel,0.0000,0.0000,,,
1790703904.798,/cmd_vel_bruto,0.0000,0.0000,,,
1790703904.833,odom,0.0000,0.0000,2.000,5.000,
1790703904.869,odom,0.0000,0.0000,2.000,5.000,
1790703904.880,/auto_vel_raw,0.0000,0.0000,,,
1790703904.897,odom,0.0000,0.0000,2.000,5.000,
1790703904.905,/auto_vel,0.0000,0.0000,,,
1790703904.905,/compensador_rumo/cmd_vel,0.0000,0.0000,,,
1790703904.908,/cmd_vel_bruto,0.0000,0.0000,,,
1790703904.909,/hoverboard_base_controller/cmd_vel,0.0000,0.0000,,,
1790703904.930,odom,0.0000,0.0000,2.000,5.000,
1790703904.962,odom,0.0000,0.0000,2.000,5.000,
1790703904.965,/auto_vel_raw,0.0000,0.0000,,,
1790703905.000,odom,0.0000,0.0000,2.000,5.000,
1790703905.009,/auto_vel,0.0000,0.0000,,,
1790703905.011,/compensador_rumo/cmd_vel,0.0000,0.0000,,,
1790703905.011,/cmd_vel_bruto,0.0000,0.0000,,,
1790703905.013,/hoverboard_base_controller/cmd_vel,0.0000,0.0000,,,
1790703905.038,odom,0.0000,0.0000,2.000,5.000,
1790703905.053,/auto_vel_raw,0.0000,0.0000,,,
1790703905.070,odom,0.0000,0.0000,2.000,5.000,
1790703905.079,/auto_vel,0.0000,0.0000,,,
1790703905.104,odom,0.0000,0.0000,2.000,5.000,
1790703905.129,/compensador_rumo/cmd_vel,0.0000,0.0000,,,
1790703905.136,/hoverboard_base_controller/cmd_vel,0.0000,0.0000,,,
1790703905.141,/cmd_vel_bruto,0.0000,0.0000,,,
1790703905.143,/auto_vel_raw,0.0000,0.0000,,,
1790703905.145,odom,0.0000,0.0000,2.000,5.000,
1790703905.182,/auto_vel,0.0000,0.0000,,,
1790703905.182,/compensador_rumo/cmd_vel,0.0000,0.0000,,,
1790703905.186,/hoverboard_base_controller/cmd_vel,0.0000,0.0000,,,
1790703905.187,/cmd_vel_bruto,0.0000,0.0000,,,
1790703905.188,odom,0.0000,0.0000,2.000,5.000,
1790703905.224,odom,0.0000,0.0000,2.000,5.000,
1790703905.248,/auto_vel_raw,0.0000,0.0000,,,
1790703905.267,odom,0.0000,0.0000,2.000,5.000,
1790703905.273,/auto_vel,0.0000,0.0000,,,
1790703905.273,/compensador_rumo/cmd_vel,0.0000,0.0000,,,
1790703905.273,/cmd_vel_bruto,0.0000,0.0000,,,
1790703905.276,/hoverboard_base_controller/cmd_vel,0.0000,0.0000,,,
1790703905.308,odom,0.0000,0.0000,2.000,5.000,
1790703905.341,/auto_vel_raw,0.0000,0.0000,,,
1790703905.345,odom,0.0000,0.0000,2.000,5.000,
1790703905.356,/auto_vel,0.0000,0.0000,,,
1790703905.359,/compensador_rumo/cmd_vel,0.0000,0.0000,,,
1790703905.364,/cmd_vel_bruto,0.0000,0.0000,,,
1790703905.366,/hoverboard_base_controller/cmd_vel,0.0000,0.0000,,,
1790703905.382,odom,0.0000,0.0000,2.000,5.000,
1790703905.421,odom,0.0000,0.0000,2.000,5.000,
1790703905.439,/auto_vel_raw,0.0000,0.0000,,,
1790703905.456,odom,0.0000,0.0000,2.000,5.000,
1790703905.462,/auto_vel,0.0000,0.0000,,,
1790703905.463,/compensador_rumo/cmd_vel,0.0000,0.0000,,,
1790703905.466,/cmd_vel_bruto,0.0000,0.0000,,,
1790703905.470,/hoverboard_base_controller/cmd_vel,0.0000,0.0000,,,
1790703905.480,odom,0.0000,0.0000,2.000,5.000,
1790703905.512,odom,0.0000,0.0000,2.000,5.000,
1790703905.514,/auto_vel_raw,0.0000,0.0000,,,
1790703905.551,odom,0.0000,0.0000,2.000,5.000,
1790703905.557,/auto_vel,0.0000,0.0000,,,
1790703905.558,/compensador_rumo/cmd_vel,0.0000,0.0000,,,
1790703905.559,/cmd_vel_bruto,0.0000,0.0000,,,
1790703905.560,/hoverboard_base_controller/cmd_vel,0.0000,0.0000,,,
1790703905.590,odom,0.0000,0.0000,2.000,5.000,
1790703905.644,/auto_vel_raw,0.0000,0.0000,,,
1790703905.662,odom,0.0000,0.0000,2.000,5.000,
1790703905.668,/auto_vel,0.0000,0.0000,,,
1790703905.669,/compensador_rumo/cmd_vel,0.0000,0.0000,,,
1790703905.670,/hoverboard_base_controller/cmd_vel,0.0000,0.0000,,,
1790703905.670,/cmd_vel_bruto,0.0000,0.0000,,,
1790703905.700,odom,0.0000,0.0000,2.000,5.000,
1790703905.744,/auto_vel_raw,0.0000,0.0000,,,
1790703905.744,odom,0.0000,0.0000,2.000,5.000,
1790703905.762,/auto_vel,0.0000,0.0000,,,
1790703905.765,/compensador_rumo/cmd_vel,0.0000,0.0000,,,
1790703905.765,/cmd_vel_bruto,0.0000,0.0000,,,
1790703905.767,/hoverboard_base_controller/cmd_vel,0.0000,0.0000,,,
1790703905.787,odom,0.0000,0.0000,2.000,5.000,
1790703905.820,odom,0.0000,0.0000,2.000,5.000,
1790703905.858,/auto_vel_raw,0.0000,0.0000,,,
1790703905.884,/auto_vel,0.0000,0.0000,,,
1790703905.885,/compensador_rumo/cmd_vel,0.0000,0.0000,,,
1790703905.890,odom,0.0000,0.0000,2.000,5.000,
1790703905.898,/cmd_vel_bruto,0.0000,0.0000,,,
1790703905.902,/hoverboard_base_controller/cmd_vel,0.0000,0.0000,,,
1790703905.918,odom,0.0000,0.0000,2.000,5.000,
1790703905.957,odom,0.0000,0.0000,2.000,5.000,
1790703905.962,/auto_vel_raw,0.0000,0.0000,,,
1790703905.998,odom,0.0000,0.0000,2.000,5.000,
1790703906.008,/auto_vel,0.0000,0.0000,,,
1790703906.013,/compensador_rumo/cmd_vel,0.0000,0.0000,,,
1790703906.015,/cmd_vel_bruto,0.0000,0.0000,,,
1790703906.020,/hoverboard_base_controller/cmd_vel,0.0000,0.0000,,,
1790703906.055,odom,0.0000,0.0000,2.000,5.000,
1790703906.067,/auto_vel_raw,0.0000,0.0000,,,
1790703906.081,odom,0.0000,0.0000,2.000,5.000,
1790703906.089,/auto_vel,0.0000,0.0000,,,
1790703906.090,/compensador_rumo/cmd_vel,0.0000,0.0000,,,
1790703906.094,/hoverboard_base_controller/cmd_vel,0.0000,0.0000,,,
1790703906.094,/cmd_vel_bruto,0.0000,0.0000,,,
1790703906.118,odom,0.0000,0.0000,2.000,5.000,
1790703906.147,odom,0.0000,0.0000,2.000,5.000,
1790703906.149,/auto_vel_raw,0.0000,0.0000,,,
1790703906.192,odom,0.0000,0.0000,2.000,5.000,
1790703906.205,/auto_vel,0.0000,0.0000,,,
1790703906.205,/compensador_rumo/cmd_vel,0.0000,0.0000,,,
1790703906.207,/cmd_vel_bruto,0.0000,0.0000,,,
1790703906.209,/hoverboard_base_controller/cmd_vel,0.0000,0.0000,,,
1790703906.230,odom,0.0000,0.0000,2.000,5.000,
1790703906.262,/auto_vel_raw,0.0000,0.0000,,,
1790703906.281,odom,0.0000,0.0000,2.000,5.000,
1790703906.290,/auto_vel,0.0000,0.0000,,,
1790703906.294,/compensador_rumo/cmd_vel,0.0000,0.0000,,,
1790703906.295,/cmd_vel_bruto,0.0000,0.0000,,,
1790703906.297,/hoverboard_base_controller/cmd_vel,0.0000,0.0000,,,
1790703906.320,odom,0.0000,0.0000,2.000,5.000,
1790703906.360,odom,0.0000,0.0000,2.000,5.000,
1790703906.367,/auto_vel_raw,0.0000,0.0000,,,
1790703906.406,odom,0.0000,0.0000,2.000,5.000,
1790703906.413,/auto_vel,0.0000,0.0000,,,
1790703906.415,/compensador_rumo/cmd_vel,0.0000,0.0000,,,
1790703906.415,/cmd_vel_bruto,0.0000,0.0000,,,
1790703906.418,/hoverboard_base_controller/cmd_vel,0.0000,0.0000,,,
1790703906.453,odom,0.0000,0.0000,2.000,5.000,
1790703906.470,/auto_vel_raw,0.0000,0.0000,,,
1790703906.487,odom,0.0000,0.0000,2.000,5.000,
1790703906.491,/auto_vel,0.0000,0.0000,,,
1790703906.493,/compensador_rumo/cmd_vel,0.0000,0.0000,,,
1790703906.494,/hoverboard_base_controller/cmd_vel,0.0000,0.0000,,,
1790703906.494,/cmd_vel_bruto,0.0000,0.0000,,,
1790703906.522,odom,0.0000,0.0000,2.000,5.000,
1790703906.563,/auto_vel_raw,0.0000,0.0000,,,
1790703906.564,odom,0.0000,0.0000,2.000,5.000,
1790703906.574,/auto_vel,0.0000,0.0000,,,
1790703906.575,/compensador_rumo/cmd_vel,0.0000,0.0000,,,
1790703906.575,/cmd_vel_bruto,0.0000,0.0000,,,
1790703906.576,/hoverboard_base_controller/cmd_vel,0.0000,0.0000,,,
1790703906.601,odom,0.0000,0.0000,2.000,5.000,
1790703906.636,odom,0.0000,0.0000,2.000,5.000,
1790703906.660,/auto_vel_raw,0.0000,0.0000,,,
1790703906.676,odom,0.0000,0.0000,2.000,5.000,
1790703906.687,/auto_vel,0.0000,0.0000,,,
1790703906.688,/compensador_rumo/cmd_vel,0.0000,0.0000,,,
1790703906.688,/cmd_vel_bruto,0.0000,0.0000,,,
1790703906.690,/hoverboard_base_controller/cmd_vel,0.0000,0.0000,,,
1790703906.728,odom,0.0000,0.0000,2.000,5.000,
1790703906.782,odom,0.0000,0.0000,2.000,5.000,
1790703906.783,/auto_vel_raw,0.0000,0.0000,,,
1790703906.796,/auto_vel,0.0000,0.0000,,,
1790703906.797,/compensador_rumo/cmd_vel,0.0000,0.0000,,,
1790703906.800,/hoverboard_base_controller/cmd_vel,0.0000,0.0000,,,
1790703906.800,/cmd_vel_bruto,0.0000,0.0000,,,
1790703906.843,odom,0.0000,0.0000,2.000,5.000,
1790703906.884,odom,0.0000,0.0000,2.000,5.000,
1790703906.906,/auto_vel_raw,0.0000,0.0000,,,
1790703906.929,odom,0.0000,0.0000,2.000,5.000,
1790703906.939,/auto_vel,0.0000,0.0000,,,
1790703906.940,/compensador_rumo/cmd_vel,0.0000,0.0000,,,
1790703906.941,/cmd_vel_bruto,0.0000,0.0000,,,
1790703906.942,/hoverboard_base_controller/cmd_vel,0.0000,0.0000,,,
1790703906.973,odom,0.0000,0.0000,2.000,5.000,
1790703907.039,odom,0.0000,0.0000,2.000,5.000,
1790703907.042,/auto_vel_raw,0.0000,0.0000,,,
1790703907.105,odom,0.0000,0.0000,2.000,5.000,
1790703907.118,/auto_vel,0.0000,0.0000,,,
1790703907.118,/compensador_rumo/cmd_vel,0.0000,0.0000,,,
1790703907.124,/hoverboard_base_controller/cmd_vel,0.0000,0.0000,,,
1790703907.125,/cmd_vel_bruto,0.0000,0.0000,,,
1790703907.148,odom,0.0000,0.0000,2.000,5.000,
1790703907.174,/auto_vel_raw,0.0000,0.0000,,,
1790703907.200,odom,0.0000,0.0000,2.000,5.000,
1790703907.208,/auto_vel,0.0000,0.0000,,,
1790703907.211,/compensador_rumo/cmd_vel,0.0000,0.0000,,,
1790703907.211,/cmd_vel_bruto,0.0000,0.0000,,,
1790703907.214,/hoverboard_base_controller/cmd_vel,0.0000,0.0000,,,
1790703907.242,odom,0.0000,0.0000,2.000,5.000,
1790703907.301,odom,0.0000,0.0000,2.000,5.000,
1790703907.303,/auto_vel_raw,0.0000,0.0000,,,
1790703907.303,/auto_vel,0.0000,0.0000,,,
1790703907.303,/compensador_rumo/cmd_vel,0.0000,0.0000,,,
1790703907.305,/cmd_vel_bruto,0.0000,0.0000,,,
1790703907.307,/hoverboard_base_controller/cmd_vel,0.0000,0.0000,,,
1790703907.360,odom,0.0000,0.0000,2.000,5.000,
1790703907.396,odom,0.0000,0.0000,2.000,5.000,
1790703907.421,/auto_vel_raw,0.0000,0.0000,,,
1790703907.442,odom,0.0000,0.0000,2.000,5.000,
1790703907.444,/auto_vel,0.0000,0.0000,,,
1790703907.446,/compensador_rumo/cmd_vel,0.0000,0.0000,,,
1790703907.447,/hoverboard_base_controller/cmd_vel,0.0000,0.0000,,,
1790703907.447,/cmd_vel_bruto,0.0000,0.0000,,,
1790703907.483,odom,0.0000,0.0000,2.000,5.000,
1790703907.512,odom,0.0000,0.0000,2.000,5.000,
1790703907.514,/auto_vel_raw,0.0000,0.0000,,,
1790703907.562,odom,0.0000,0.0000,2.000,5.000,
1790703907.567,/auto_vel,0.0000,0.0000,,,
1790703907.570,/compensador_rumo/cmd_vel,0.0000,0.0000,,,
1790703907.572,/cmd_vel_bruto,0.0000,0.0000,,,
1790703907.574,/hoverboard_base_controller/cmd_vel,0.0000,0.0000,,,
1790703907.625,odom,0.0000,0.0000,2.000,5.000,
1790703907.652,/auto_vel_raw,0.0000,0.0000,,,
1790703907.661,odom,0.0000,0.0000,2.000,5.000,
1790703907.693,odom,0.0000,0.0000,2.000,5.000,
1790703907.728,odom,0.0000,0.0000,2.000,5.000,
1790703907.730,/auto_vel_raw,0.0000,0.0000,,,
1790703907.762,odom,0.0000,0.0000,2.000,5.000,
1790703907.789,odom,0.0000,0.0000,2.000,5.000,
1790703907.810,/auto_vel_raw,0.0000,0.0000,,,
1790703907.827,odom,0.0000,0.0000,2.000,5.000,
1790703907.862,odom,0.0000,0.0000,2.000,5.000,
1790703907.921,odom,0.0000,0.0000,2.000,5.000,
1790703907.924,/auto_vel_raw,0.0000,0.0000,,,
1790703907.985,odom,0.0000,0.0000,2.000,5.000,
1790703908.026,odom,0.0000,0.0000,2.000,5.000,
1790703908.042,/auto_vel_raw,0.0000,0.0000,,,
1790703908.061,odom,0.0000,0.0000,2.000,5.000,
1790703908.092,odom,0.0000,0.0000,2.000,5.000,
1790703908.127,odom,0.0000,0.0000,2.000,5.000,
1790703908.130,/auto_vel_raw,0.0000,0.0000,,,
1790703908.165,odom,0.0000,0.0000,2.000,5.000,
1790703908.219,odom,0.0000,0.0000,2.000,5.000,
1790703908.248,/auto_vel_raw,0.0000,0.0000,,,
1790703908.272,odom,0.0000,0.0000,2.000,5.000,
1790703908.308,odom,0.0000,0.0000,2.000,5.000,
1790703908.334,odom,0.0000,0.0000,2.000,5.000,
1790703908.335,/auto_vel_raw,0.0000,0.0000,,,
1790703908.391,odom,0.0000,0.0000,2.000,5.000,
1790703908.444,odom,0.0000,0.0000,2.000,5.000,
1790703908.473,/auto_vel_raw,0.0000,0.0000,,,
1790703908.496,odom,0.0000,0.0000,2.000,5.000,
1790703908.536,odom,0.0000,0.0000,2.000,5.000,
1790703908.607,odom,0.0000,0.0000,2.000,5.000,
1790703908.614,/auto_vel_raw,0.0000,0.0000,,,
1790703908.664,odom,0.0000,0.0000,2.000,5.000,
1790703908.698,odom,0.0000,0.0000,2.000,5.000,
1790703908.720,/auto_vel_raw,0.0000,0.0000,,,
1790703908.732,odom,0.0000,0.0000,2.000,5.000,
1790703908.774,odom,0.0000,0.0000,2.000,5.000,
1790703908.803,/auto_vel_raw,0.0000,0.0000,,,
1790703908.803,odom,0.0000,0.0000,2.000,5.000,
1790703908.830,odom,0.0000,0.0000,2.000,5.000,
1790703908.863,odom,0.0000,0.0000,2.000,5.000,
1790703908.883,/auto_vel_raw,0.0000,0.0000,,,
1790703908.903,odom,0.0000,0.0000,2.000,5.000,
1790703908.933,odom,0.0000,0.0000,2.000,5.000,
1790703908.971,odom,0.0000,0.0000,2.000,5.000,
1790703908.972,/auto_vel_raw,0.0000,0.0000,,,
1790703909.017,odom,0.0000,0.0000,2.000,5.000,
1790703909.065,odom,0.0000,0.0000,2.000,5.000,
1790703909.089,/auto_vel_raw,0.0000,0.0000,,,
1790703909.114,odom,0.0000,0.0000,2.000,5.000,
1790703909.159,odom,0.0000,0.0000,2.000,5.000,
1790703909.217,/auto_vel_raw,0.0000,0.0000,,,
1790703909.218,odom,0.0000,0.0000,2.000,5.000,
1790703909.285,odom,0.0000,0.0000,2.000,5.000,
1790703909.328,odom,0.0000,0.0000,2.000,5.000,
1790703909.346,/auto_vel_raw,0.0000,0.0000,,,
1790703909.372,odom,0.0000,0.0000,2.000,5.000,
1790703909.442,odom,0.0000,0.0000,2.000,5.000,
1790703909.480,odom,0.0000,0.0000,2.000,5.000,
1790703909.482,/auto_vel_raw,0.0000,0.0000,,,
1790703909.515,odom,0.0000,0.0000,2.000,5.000,
1790703909.568,odom,0.0000,0.0000,2.000,5.000,
1790703909.596,/auto_vel_raw,0.0000,0.0000,,,
1790703909.620,odom,0.0000,0.0000,2.000,5.000,
1790703909.652,odom,0.0000,0.0000,2.000,5.000,
1790703909.683,odom,0.0000,0.0000,2.000,5.000,
1790703909.685,/auto_vel_raw,0.0000,0.0000,,,
1790703909.730,odom,0.0000,0.0000,2.000,5.000,
1790703909.764,odom,0.0000,0.0000,2.000,5.000,
1790703909.780,/auto_vel_raw,0.0000,0.0000,,,
1790703909.804,odom,0.0000,0.0000,2.000,5.000,
1790703909.868,odom,0.0000,0.0000,2.000,5.000,
1790703909.925,/auto_vel_raw,0.0000,0.0000,,,
1790703909.926,odom,0.0000,0.0000,2.000,5.000,
1790703909.995,odom,0.0000,0.0000,2.000,5.000,
1790703910.066,odom,0.0000,0.0000,2.000,5.000,
1790703910.101,/auto_vel_raw,0.0000,0.0000,,,
1790703910.129,odom,0.0000,0.0000,2.000,5.000,
1790703910.194,odom,0.0000,0.0000,2.000,5.000,
1790703910.267,/auto_vel_raw,0.0000,0.0000,,,
1790703910.269,odom,0.0000,0.0000,2.000,5.000,
1790703910.317,odom,0.0000,0.0000,2.000,5.000,
1790703910.346,odom,0.0000,0.0000,2.000,5.000,
1790703910.368,/auto_vel_raw,0.0000,0.0000,,,
1790703910.383,odom,0.0000,0.0000,2.000,5.000,
1790703910.417,odom,0.0000,0.0000,2.000,5.000,
1790703910.478,odom,0.0000,0.0000,2.000,5.000,
1790703910.482,/auto_vel_raw,0.0000,0.0000,,,
1790703910.555,odom,0.0000,0.0000,2.000,5.000,
1790703910.594,odom,0.0000,0.0000,2.000,5.000,
1790703910.608,/auto_vel_raw,0.0000,0.0000,,,
1790703910.633,odom,0.0000,0.0000,2.000,5.000,
1790703910.686,odom,0.0000,0.0000,2.000,5.000,
1790703910.750,odom,0.0000,0.0000,2.000,5.000,
1790703910.767,/auto_vel_raw,0.0000,0.0000,,,
1790703910.795,odom,0.0000,0.0000,2.000,5.000,
1790703910.843,odom,0.0000,0.0000,2.000,5.000,
1790703910.863,/auto_vel_raw,0.0000,0.0000,,,
1790703910.878,odom,0.0000,0.0000,2.000,5.000,
1790703910.934,odom,0.0000,0.0000,2.000,5.000,
1790703910.990,/auto_vel_raw,0.0000,0.0000,,,
1790703910.992,odom,0.0000,0.0000,2.000,5.000,
1790703911.033,odom,0.0000,0.0000,2.000,5.000,
1790703911.063,odom,0.0000,0.0000,2.000,5.000,
1790703911.085,/auto_vel_raw,0.0000,0.0000,,,
1790703911.107,odom,0.0000,0.0000,2.000,5.000,
1790703911.136,odom,0.0000,0.0000,2.000,5.000,
1790703911.172,/auto_vel_raw,0.0000,0.0000,,,
1790703911.172,odom,0.0000,0.0000,2.000,5.000,
1790703911.225,odom,0.0000,0.0000,2.000,5.000,
1790703911.262,odom,0.0000,0.0000,2.000,5.000,
1790703911.283,/auto_vel_raw,0.0000,0.0000,,,
1790703911.299,odom,0.0000,0.0000,2.000,5.000,
1790703911.337,odom,0.0000,0.0000,2.000,5.000,
1790703911.372,/auto_vel_raw,0.0000,0.0000,,,
1790703911.372,odom,0.0000,0.0000,2.000,5.000,
1790703911.410,odom,0.0000,0.0000,2.000,5.000,
1790703911.442,odom,0.0000,0.0000,2.000,5.000,
1790703911.462,/auto_vel_raw,0.0000,0.0000,,,
1790703911.477,odom,0.0000,0.0000,2.000,5.000,
1790703911.506,odom,0.0000,0.0000,2.000,5.000,
1790703911.539,odom,0.0000,0.0000,2.000,5.000,
1790703911.540,/auto_vel_raw,0.0000,0.0000,,,
1790703911.579,odom,0.0000,0.0000,2.000,5.000,
1790703911.609,odom,0.0000,0.0000,2.000,5.000,
1790703911.628,/auto_vel_raw,0.0000,0.0000,,,
1790703911.645,odom,0.0000,0.0000,2.000,5.000,
1790703911.682,odom,0.0000,0.0000,2.000,5.000,
1790703911.708,/auto_vel_raw,0.0000,0.0000,,,
1790703911.710,odom,0.0000,0.0000,2.000,5.000,
1790703911.747,odom,0.0000,0.0000,2.000,5.000,
1790703911.783,odom,0.0000,0.0000,2.000,5.000,
1790703911.802,/auto_vel_raw,0.0000,0.0000,,,
1790703911.824,odom,0.0000,0.0000,2.000,5.000,
1790703911.856,odom,0.0000,0.0000,2.000,5.000,
1790703911.895,/auto_vel_raw,0.0000,0.0000,,,
1790703911.897,odom,0.0000,0.0000,2.000,5.000,
1790703911.932,odom,0.0000,0.0000,2.000,5.000,
1790703911.967,odom,0.0000,0.0000,2.000,5.000,
1790703911.985,/auto_vel_raw,0.0000,0.0000,,,
1790703912.000,odom,0.0000,0.0000,2.000,5.000,
1790703912.034,odom,0.0000,0.0000,2.000,5.000,
1790703912.066,/auto_vel_raw,0.0000,0.0000,,,
1790703912.069,odom,0.0000,0.0000,2.000,5.000,
1790703912.099,odom,0.0000,0.0000,2.000,5.000,
1790703912.135,odom,0.0000,0.0000,2.000,5.000,
1790703912.149,/auto_vel_raw,0.0000,0.0000,,,
1790703912.166,odom,0.0000,0.0000,2.000,5.000,
1790703912.196,odom,0.0000,0.0000,2.000,5.000,
1790703912.237,/auto_vel_raw,0.0000,0.0000,,,
1790703912.240,odom,0.0000,0.0000,2.000,5.000,
1790703912.285,odom,0.0000,0.0000,2.000,5.000,
1790703912.339,odom,0.0000,0.0000,2.000,5.000,
1790703912.366,/auto_vel_raw,0.0000,0.0000,,,
1790703912.385,odom,0.0000,0.0000,2.000,5.000,
1790703912.436,odom,0.0000,0.0000,2.000,5.000,
1790703912.484,odom,0.0000,0.0000,2.000,5.000,
1790703912.486,/auto_vel_raw,0.0000,0.0000,,,
1790703912.524,odom,0.0000,0.0000,2.000,5.000,
1790703912.557,odom,0.0000,0.0000,2.000,5.000,
1790703912.576,/auto_vel_raw,0.0000,0.0000,,,
1790703912.592,odom,0.0000,0.0000,2.000,5.000,
1790703912.624,odom,0.0000,0.0000,2.000,5.000,
1790703912.661,/auto_vel_raw,0.0000,0.0000,,,
1790703912.661,odom,0.0000,0.0000,2.000,5.000,
1790703912.696,odom,0.0000,0.0000,2.000,5.000,
1790703912.724,odom,0.0000,0.0000,2.000,5.000,
1790703912.742,/auto_vel_raw,0.0000,0.0000,,,
1790703912.757,odom,0.0000,0.0000,2.000,5.000,
1790703912.798,odom,0.0000,0.0000,2.000,5.000,
1790703912.837,odom,0.0000,0.0000,2.000,5.000,
1790703912.840,/auto_vel_raw,0.0000,0.0000,,,
1790703912.875,odom,0.0000,0.0000,2.000,5.000,
1790703912.910,odom,0.0000,0.0000,2.000,5.000,
1790703912.935,/auto_vel_raw,0.0000,0.0000,,,
1790703912.953,odom,0.0000,0.0000,2.000,5.000,
1790703912.982,odom,0.0000,0.0000,2.000,5.000,
1790703913.025,/auto_vel_raw,0.0000,0.0000,,,
1790703913.026,odom,0.0000,0.0000,2.000,5.000,
1790703913.060,odom,0.0000,0.0000,2.000,5.000,
1790703913.094,odom,0.0000,0.0000,2.000,5.000,
1790703913.110,/auto_vel_raw,0.0000,0.0000,,,
1790703913.130,odom,0.0000,0.0000,2.000,5.000,
1790703913.167,odom,0.0000,0.0000,2.000,5.000,
1790703913.209,/auto_vel_raw,0.0000,0.0000,,,
1790703913.209,odom,0.0000,0.0000,2.000,5.000,
1790703913.244,odom,0.0000,0.0000,2.000,5.000,
1790703913.284,odom,0.0000,0.0000,2.000,5.000,
1790703913.305,/auto_vel_raw,0.0000,0.0000,,,
1790703913.324,odom,0.0000,0.0000,2.000,5.000,
1790703913.370,odom,0.0000,0.0000,2.000,5.000,
1790703913.402,/auto_vel_raw,0.0000,0.0000,,,
1790703913.403,odom,0.0000,0.0000,2.000,5.000,
1790703913.444,odom,0.0000,0.0000,2.000,5.000,
1790703913.476,odom,0.0000,0.0000,2.000,5.000,
1790703913.499,/auto_vel_raw,0.0000,0.0000,,,
1790703913.514,odom,0.0000,0.0000,2.000,5.000,
1790703913.559,odom,0.0000,0.0000,2.000,5.000,
1790703913.597,odom,0.0000,0.0000,2.000,5.000,
1790703913.599,/auto_vel_raw,0.0000,0.0000,,,
1790703913.639,odom,0.0000,0.0000,2.000,5.000,
1790703913.668,odom,0.0000,0.0000,2.000,5.000,
1790703913.682,/auto_vel_raw,0.0000,0.0000,,,
1790703913.697,odom,0.0000,0.0000,2.000,5.000,
1790703913.728,odom,0.0000,0.0000,2.000,5.000,
1790703913.766,/auto_vel_raw,0.0000,0.0000,,,
1790703913.766,odom,0.0000,0.0000,2.000,5.000,
1790703913.802,odom,0.0000,0.0000,2.000,5.000,
1790703913.824,odom,0.0000,0.0000,2.000,5.000,
1790703913.843,/auto_vel_raw,0.0000,0.0000,,,
1790703913.861,odom,0.0000,0.0000,2.000,5.000,
1790703913.911,odom,0.0000,0.0000,2.000,5.000,
1790703913.953,/auto_vel_raw,0.0000,0.0000,,,
1790703913.953,odom,0.0000,0.0000,2.000,5.000,
1790703914.002,odom,0.0000,0.0000,2.000,5.000,
1790703914.047,odom,0.0000,0.0000,2.000,5.000,
1790703914.068,/auto_vel_raw,0.0000,0.0000,,,
1790703914.108,odom,0.0000,0.0000,2.000,5.000,
1790703914.173,odom,0.0000,0.0000,2.000,5.000,
1790703914.237,odom,0.0000,0.0000,2.000,5.000,
1790703914.239,/auto_vel_raw,0.0000,0.0000,,,
1790703914.286,odom,0.0000,0.0000,2.000,5.000,
1790703914.337,odom,0.0000,0.0000,2.000,5.000,
1790703914.374,/auto_vel_raw,0.0000,0.0000,,,
1790703914.396,odom,0.0000,0.0000,2.000,5.000,
1790703914.446,odom,0.0000,0.0000,2.000,5.000,
1790703914.486,/auto_vel_raw,0.0000,0.0000,,,
1790703914.487,odom,0.0000,0.0000,2.000,5.000,
1790703914.550,odom,0.0000,0.0000,2.000,5.000,
1790703914.583,odom,0.0000,0.0000,2.000,5.000,
1790703914.613,/auto_vel_raw,0.0000,0.0000,,,
1790703914.636,odom,0.0000,0.0000,2.000,5.000,
1790703914.685,odom,0.0000,0.0000,2.000,5.000,
1790703914.721,odom,0.0000,0.0000,2.000,5.000,
1790703914.723,/auto_vel_raw,0.0000,0.0000,,,
1790703914.760,odom,0.0000,0.0000,2.000,5.000,
1790703914.793,odom,0.0000,0.0000,2.000,5.000,
1790703914.809,/auto_vel_raw,0.0000,0.0000,,,
1790703914.824,odom,0.0000,0.0000,2.000,5.000,
1790703914.876,odom,0.0000,0.0000,2.000,5.000,
1790703914.943,/auto_vel_raw,0.0000,0.0000,,,
1790703914.946,odom,0.0000,0.0000,2.000,5.000,
1790703914.995,odom,0.0000,0.0000,2.000,5.000,
1790703915.055,odom,0.0000,0.0000,2.000,5.000,
1790703915.083,/auto_vel_raw,0.0000,0.0000,,,
1790703915.118,odom,0.0000,0.0000,2.000,5.000,
1790703915.178,odom,0.0000,0.0000,2.000,5.000,
1790703915.221,odom,0.0000,0.0000,2.000,5.000,
1790703915.223,/auto_vel_raw,0.0000,0.0000,,,
1790703915.251,odom,0.0000,0.0000,2.000,5.000,
1790703915.289,odom,0.0000,0.0000,2.000,5.000,
1790703915.306,/auto_vel_raw,0.0000,0.0000,,,
1790703915.319,odom,0.0000,0.0000,2.000,5.000,
1790703915.355,odom,0.0000,0.0000,2.000,5.000,
1790703915.393,odom,0.0000,0.0000,2.000,5.000,
1790703915.399,/auto_vel_raw,0.0000,0.0000,,,
1790703915.462,odom,0.0000,0.0000,2.000,5.000,
1790703915.500,odom,0.0000,0.0000,2.000,5.000,
1790703915.512,/auto_vel_raw,0.0000,0.0000,,,
1790703915.527,odom,0.0000,0.0000,2.000,5.000,
1790703915.565,odom,0.0000,0.0000,2.000,5.000,
1790703915.629,odom,0.0000,0.0000,2.000,5.000,
1790703915.643,/auto_vel_raw,0.0000,0.0000,,,
1790703915.708,odom,0.0000,0.0000,2.000,5.000,
1790703915.752,odom,0.0000,0.0000,2.000,5.000,
1790703915.762,/auto_vel_raw,0.0000,0.0000,,,
1790703915.784,odom,0.0000,0.0000,2.000,5.000,
1790703915.821,odom,0.0000,0.0000,2.000,5.000,
1790703915.891,/auto_vel_raw,0.0000,0.0000,,,
1790703915.891,odom,0.0000,0.0000,2.000,5.000,
1790703915.933,odom,0.0000,0.0000,2.000,5.000,
1790703915.974,odom,0.0000,0.0000,2.000,5.000,
1790703915.992,/auto_vel_raw,0.0000,0.0000,,,
1790703916.014,odom,0.0000,0.0000,2.000,5.000,
1790703916.051,odom,0.0000,0.0000,2.000,5.000,
1790703916.098,/auto_vel_raw,0.0000,0.0000,,,
1790703916.099,odom,0.0000,0.0000,2.000,5.000,
1790703916.134,odom,0.0000,0.0000,2.000,5.000,
1790703916.169,odom,0.0000,0.0000,2.000,5.000,
1790703916.185,/auto_vel_raw,0.0000,0.0000,,,
1790703916.202,odom,0.0000,0.0000,2.000,5.000,
1790703916.234,odom,0.0000,0.0000,2.000,5.000,
1790703916.276,/auto_vel_raw,0.0000,0.0000,,,
1790703916.276,odom,0.0000,0.0000,2.000,5.000,
1790703916.314,odom,0.0000,0.0000,2.000,5.000,
1790703916.347,odom,0.0000,0.0000,2.000,5.000,
1790703916.367,/auto_vel_raw,0.0000,0.0000,,,
1790703916.389,odom,0.0000,0.0000,2.000,5.000,
1790703916.421,odom,0.0000,0.0000,2.000,5.000,
1790703916.463,odom,0.0000,0.0000,2.000,5.000,
1790703916.466,/auto_vel_raw,0.0000,0.0000,,,
1790703916.513,odom,0.0000,0.0000,2.000,5.000,
1790703916.582,odom,0.0000,0.0000,2.000,5.000,
1790703916.616,/auto_vel_raw,0.0000,0.0000,,,
1790703916.640,odom,0.0000,0.0000,2.000,5.000,
1790703916.689,odom,0.0000,0.0000,2.000,5.000,
1790703916.727,/auto_vel_raw,0.0000,0.0000,,,
1790703916.728,odom,0.0000,0.0000,2.000,5.000,
1790703916.796,odom,0.0000,0.0000,2.000,5.000,
1790703916.829,odom,0.0000,0.0000,2.000,5.000,
1790703916.845,/auto_vel_raw,0.0000,0.0000,,,
1790703916.862,odom,0.0000,0.0000,2.000,5.000,
1790703916.893,odom,0.0000,0.0000,2.000,5.000,
1790703916.958,odom,0.0000,0.0000,2.000,5.000,
1790703916.962,/auto_vel_raw,0.0000,0.0000,,,
1790703917.035,odom,0.0000,0.0000,2.000,5.000,
1790703917.099,odom,0.0000,0.0000,2.000,5.000,
1790703917.121,/auto_vel_raw,0.0000,0.0000,,,
1790703917.134,odom,0.0000,0.0000,2.000,5.000,
1790703917.171,odom,0.0000,0.0000,2.000,5.000,
1790703917.210,/auto_vel_raw,0.0000,0.0000,,,
1790703917.217,odom,0.0000,0.0000,2.000,5.000,
1790703917.301,odom,0.0000,0.0000,2.000,5.000,
1790703917.339,odom,0.0000,0.0000,2.000,5.000,
1790703917.360,/auto_vel_raw,0.0000,0.0000,,,
1790703917.380,odom,0.0000,0.0000,2.000,5.000,
1790703917.438,odom,0.0000,0.0000,2.000,5.000,
1790703917.474,/auto_vel_raw,0.0000,0.0000,,,
1790703917.474,odom,0.0000,0.0000,2.000,5.000,
1790703917.513,odom,0.0000,0.0000,2.000,5.000,
1790703917.591,odom,0.0000,0.0000,2.000,5.000,
1790703917.614,/auto_vel_raw,0.0000,0.0000,,,
1790703917.626,odom,0.0000,0.0000,2.000,5.000,
1790703917.674,odom,0.0000,0.0000,2.000,5.000,
1790703917.715,/auto_vel_raw,0.0000,0.0000,,,
1790703917.715,odom,0.0000,0.0000,2.000,5.000,
1790703917.783,odom,0.0000,0.0000,2.000,5.000,
1790703917.838,odom,0.0000,0.0000,2.000,5.000,
1790703917.875,/auto_vel_raw,0.0000,0.0000,,,
1790703917.898,odom,0.0000,0.0000,2.000,5.000,
1790703917.956,odom,0.0000,0.0000,2.000,5.000,
1790703917.986,/auto_vel_raw,0.0000,0.0000,,,
1790703917.986,odom,0.0000,0.0000,2.000,5.000,
1790703918.024,odom,0.0000,0.0000,2.000,5.000,
1790703918.076,odom,0.0000,0.0000,2.000,5.000,
1790703918.098,/auto_vel_raw,0.0000,0.0000,,,
1790703918.135,odom,0.0000,0.0000,2.000,5.000,
1790703918.170,odom,0.0000,0.0000,2.000,5.000,
1790703918.198,/auto_vel_raw,0.0000,0.0000,,,
1790703918.200,odom,0.0000,0.0000,2.000,5.000,
1790703918.231,odom,0.0000,0.0000,2.000,5.000,
1790703918.295,odom,0.0000,0.0000,2.000,5.000,
1790703918.314,/auto_vel_raw,0.0000,0.0000,,,
1790703918.347,odom,0.0000,0.0000,2.000,5.000,
1790703918.391,odom,0.0000,0.0000,2.000,5.000,
1790703918.437,odom,0.0000,0.0000,2.000,5.000,
1790703918.442,/auto_vel_raw,0.0000,0.0000,,,
1790703918.469,odom,0.0000,0.0000,2.000,5.000,
1790703918.503,odom,0.0000,0.0000,2.000,5.000,
1790703918.520,/auto_vel_raw,0.0000,0.0000,,,
1790703918.533,odom,0.0000,0.0000,2.000,5.000,
1790703918.579,odom,0.0000,0.0000,2.000,5.000,
1790703918.616,odom,0.0000,0.0000,2.000,5.000,
1790703918.618,/auto_vel_raw,0.0000,0.0000,,,
1790703918.652,odom,0.0000,0.0000,2.000,5.000,
1790703918.692,odom,0.0000,0.0000,2.000,5.000,
1790703918.718,/auto_vel_raw,0.0000,0.0000,,,
1790703918.734,odom,0.0000,0.0000,2.000,5.000,
1790703918.769,odom,0.0000,0.0000,2.000,5.000,
1790703918.806,odom,0.0000,0.0000,2.000,5.000,
1790703918.808,/auto_vel_raw,0.0000,0.0000,,,
1790703918.851,odom,0.0000,0.0000,2.000,5.000,
1790703918.891,odom,0.0000,0.0000,2.000,5.000,
1790703918.909,/auto_vel_raw,0.0000,0.0000,,,
1790703918.918,odom,0.0000,0.0000,2.000,5.000,
1790703918.953,odom,0.0000,0.0000,2.000,5.000,
1790703918.986,/auto_vel_raw,0.0000,0.0000,,,
1790703918.986,odom,0.0000,0.0000,2.000,5.000,
1790703919.022,odom,0.0000,0.0000,2.000,5.000,
1790703919.061,odom,0.0000,0.0000,2.000,5.000,
1790703919.083,/auto_vel_raw,0.0000,0.0000,,,
1790703919.105,odom,0.0000,0.0000,2.000,5.000,
1790703919.140,odom,0.0000,0.0000,2.000,5.000,
1790703919.197,/auto_vel_raw,0.0000,0.0000,,,
1790703919.198,odom,0.0000,0.0000,2.000,5.000,
1790703919.255,odom,0.0000,0.0000,2.000,5.000,
1790703919.301,odom,0.0000,0.0000,2.000,5.000,
1790703919.320,/auto_vel_raw,0.0000,0.0000,,,
1790703919.339,odom,0.0000,0.0000,2.000,5.000,
1790703919.376,odom,0.0000,0.0000,2.000,5.000,
1790703919.407,odom,0.0000,0.0000,2.000,5.000,
1790703919.409,/auto_vel_raw,0.0000,0.0000,,,
1790703919.451,odom,0.0000,0.0000,2.000,5.000,
1790703919.495,odom,0.0000,0.0000,2.000,5.000,
1790703919.515,/auto_vel_raw,0.0000,0.0000,,,
1790703919.531,odom,0.0000,0.0000,2.000,5.000,
1790703919.565,odom,0.0000,0.0000,2.000,5.000,
1790703919.602,/auto_vel_raw,0.0000,0.0000,,,
1790703919.604,odom,0.0000,0.0000,2.000,5.000,
1790703919.644,odom,0.0000,0.0000,2.000,5.000,
1790703919.718,odom,0.0000,0.0000,2.000,5.000,
1790703919.753,/auto_vel_raw,0.0000,0.0000,,,
1790703919.782,odom,0.0000,0.0000,2.000,5.000,
1790703919.809,odom,0.0000,0.0000,2.000,5.000,
1790703919.840,/auto_vel_raw,0.0000,0.0000,,,
1790703919.842,odom,0.0000,0.0000,2.000,5.000,
1790703919.879,odom,0.0000,0.0000,2.000,5.000,
1790703919.911,odom,0.0000,0.0000,2.000,5.000,
1790703919.928,/auto_vel_raw,0.0000,0.0000,,,
1790703919.943,odom,0.0000,0.0000,2.000,5.000,
1790703919.976,odom,0.0000,0.0000,2.000,5.000,
1790703920.017,odom,0.0000,0.0000,2.000,5.000,
1790703920.019,/auto_vel_raw,0.0000,0.0000,,,
1790703920.055,odom,0.0000,0.0000,2.000,5.000,
1790703920.081,odom,0.0000,0.0000,2.000,5.000,
1790703920.100,/auto_vel_raw,0.0000,0.0000,,,
1790703920.123,odom,0.0000,0.0000,2.000,5.000,
1790703920.163,odom,0.0000,0.0000,2.000,5.000,
1790703920.190,/auto_vel_raw,0.0000,0.0000,,,
1790703920.192,odom,0.0000,0.0000,2.000,5.000,
1790703920.231,odom,0.0000,0.0000,2.000,5.000,
1790703920.269,odom,0.0000,0.0000,2.000,5.000,
1790703920.292,/auto_vel_raw,0.0000,0.0000,,,
1790703920.305,odom,0.0000,0.0000,2.000,5.000,
1790703920.344,odom,0.0000,0.0000,2.000,5.000,
1790703920.370,/auto_vel_raw,0.0000,0.0000,,,
1790703920.370,odom,0.0000,0.0000,2.000,5.000,
1790703920.408,odom,0.0000,0.0000,2.000,5.000,
1790703920.439,odom,0.0000,0.0000,2.000,5.000,
1790703920.457,/auto_vel_raw,0.0000,0.0000,,,
1790703920.478,odom,0.0000,0.0000,2.000,5.000,
1790703920.525,odom,0.0000,0.0000,2.000,5.000,
1790703920.592,/auto_vel_raw,0.0000,0.0000,,,
1790703920.593,odom,0.0000,0.0000,2.000,5.000,
1790703920.634,odom,0.0000,0.0000,2.000,5.000,
1790703920.665,odom,0.0000,0.0000,2.000,5.000,
1790703920.681,/auto_vel_raw,0.0000,0.0000,,,
1790703920.704,odom,0.0000,0.0000,2.000,5.000,
1790703920.734,odom,0.0000,0.0000,2.000,5.000,
1790703920.770,odom,0.0000,0.0000,2.000,5.000,
1790703920.777,/auto_vel_raw,0.0000,0.0000,,,
1790703920.799,odom,0.0000,0.0000,2.000,5.000,
1790703920.836,odom,0.0000,0.0000,2.000,5.000,
1790703920.854,/auto_vel_raw,0.0000,0.0000,,,
1790703920.871,odom,0.0000,0.0000,2.000,5.000,
1790703920.913,odom,0.0000,0.0000,2.000,5.000,
1790703920.943,/auto_vel_raw,0.0000,0.0000,,,
1790703920.943,odom,0.0000,0.0000,2.000,5.000,
1790703920.973,odom,0.0000,0.0000,2.000,5.000,
1790703921.002,odom,0.0000,0.0000,2.000,5.000,
1790703921.023,/auto_vel_raw,0.0000,0.0000,,,
1790703921.039,odom,0.0000,0.0000,2.000,5.000,
1790703921.070,odom,0.0000,0.0000,2.000,5.000,
1790703921.105,odom,0.0000,0.0000,2.000,5.000,
1790703921.106,/auto_vel_raw,0.0000,0.0000,,,
1790703921.142,odom,0.0000,0.0000,2.000,5.000,
1790703921.174,odom,0.0000,0.0000,2.000,5.000,
1790703921.189,/auto_vel_raw,0.0000,0.0000,,,
1790703921.210,odom,0.0000,0.0000,2.000,5.000,
1790703921.237,odom,0.0000,0.0000,2.000,5.000,
1790703921.280,odom,0.0000,0.0000,2.000,5.000,
1790703921.283,/auto_vel_raw,0.0000,0.0000,,,
1790703921.346,odom,0.0000,0.0000,2.000,5.000,
1790703921.377,odom,0.0000,0.0000,2.000,5.000,
1790703921.394,/auto_vel_raw,0.0000,0.0000,,,
1790703921.416,odom,0.0000,0.0000,2.000,5.000,
1790703921.488,odom,0.0000,0.0000,2.000,5.000,
1790703921.538,/auto_vel_raw,0.0000,0.0000,,,
1790703921.539,odom,0.0000,0.0000,2.000,5.000,
1790703921.587,odom,0.0000,0.0000,2.000,5.000,
1790703921.639,odom,0.0000,0.0000,2.000,5.000,
1790703921.658,/auto_vel_raw,0.0000,0.0000,,,
1790703921.668,odom,0.0000,0.0000,2.000,5.000,
1790703921.708,odom,0.0000,0.0000,2.000,5.000,
1790703921.761,odom,0.0000,0.0000,2.000,5.000,
1790703921.762,/auto_vel_raw,0.0000,0.0000,,,
1790703921.812,odom,0.0000,0.0000,2.000,5.000,
1790703921.859,odom,0.0000,0.0000,2.000,5.000,
1790703921.879,/auto_vel_raw,0.0000,0.0000,,,
1790703921.895,odom,0.0000,0.0000,2.000,5.000,
1790703921.968,odom,0.0000,0.0000,2.000,5.000,
1790703922.027,/auto_vel_raw,0.0000,0.0000,,,
1790703922.030,odom,0.0000,0.0000,2.000,5.000,
1790703922.081,odom,0.0000,0.0000,2.000,5.000,
1790703922.144,odom,0.0000,0.0000,2.000,5.000,
1790703922.162,/auto_vel_raw,0.0000,0.0000,,,
1790703922.177,odom,0.0000,0.0000,2.000,5.000,
1790703922.208,odom,0.0000,0.0000,2.000,5.000,
1790703922.251,/auto_vel_raw,0.0000,0.0000,,,
1790703922.254,odom,0.0000,0.0000,2.000,5.000,
1790703922.328,odom,0.0000,0.0000,2.000,5.000,
1790703922.377,odom,0.0000,0.0000,2.000,5.000,
1790703922.391,/auto_vel_raw,0.0000,0.0000,,,
1790703922.405,odom,0.0000,0.0000,2.000,5.000,
1790703922.439,odom,0.0000,0.0000,2.000,5.000,
1790703922.483,odom,0.0000,0.0000,2.000,5.000,
1790703922.485,/auto_vel_raw,0.0000,0.0000,,,
1790703922.526,odom,0.0000,0.0000,2.000,5.000,
1790703922.561,odom,0.0000,0.0000,2.000,5.000,
1790703922.600,/auto_vel_raw,0.0000,0.0000,,,
1790703922.623,odom,0.0000,0.0000,2.000,5.000,
1790703922.687,odom,0.0000,0.0000,2.000,5.000,
1790703922.717,/auto_vel_raw,0.0000,0.0000,,,
1790703922.717,odom,0.0000,0.0000,2.000,5.000,
1790703922.747,odom,0.0000,0.0000,2.000,5.000,
1790703922.771,odom,0.0000,0.0000,2.000,5.000,
1790703922.788,/auto_vel_raw,0.0000,0.0000,,,
1790703922.799,odom,0.0000,0.0000,2.000,5.000,
1790703922.828,odom,0.0000,0.0000,2.000,5.000,
1790703922.857,/auto_vel_raw,0.0000,0.0000,,,
1790703922.858,odom,0.0000,0.0000,2.000,5.000,
1790703922.890,odom,0.0000,0.0000,2.000,5.000,
1790703922.927,odom,0.0000,0.0000,2.000,5.000,
1790703922.956,/auto_vel_raw,0.0000,0.0000,,,
1790703922.986,odom,0.0000,0.0000,2.000,5.000,
1790703923.015,odom,0.0000,0.0000,2.000,5.000,
1790703923.041,odom,0.0000,0.0000,2.000,5.000,
1790703923.043,/auto_vel_raw,0.0000,0.0000,,,
1790703923.073,odom,0.0000,0.0000,2.000,5.000,
1790703923.105,odom,0.0000,0.0000,2.000,5.000,
1790703923.118,/auto_vel_raw,0.0000,0.0000,,,
1790703923.133,odom,0.0000,0.0000,2.000,5.000,
1790703923.168,odom,0.0000,0.0000,2.000,5.000,
1790703923.196,/auto_vel_raw,0.0000,0.0000,,,
1790703923.196,odom,0.0000,0.0000,2.000,5.000,
1790703923.241,odom,0.0000,0.0000,2.000,5.000,
1790703923.309,odom,0.0000,0.0000,2.000,5.000,
1790703923.332,/auto_vel_raw,0.0000,0.0000,,,
1790703923.352,odom,0.0000,0.0000,2.000,5.000,
1790703923.403,odom,0.0000,0.0000,2.000,5.000,
1790703923.444,/auto_vel_raw,0.0000,0.0000,,,
1790703923.447,odom,0.0000,0.0000,2.000,5.000,
1790703923.482,odom,0.0000,0.0000,2.000,5.000,
1790703923.519,odom,0.0000,0.0000,2.000,5.000,
1790703923.538,/auto_vel_raw,0.0000,0.0000,,,
1790703923.553,odom,0.0000,0.0000,2.000,5.000,
1790703923.580,odom,0.0000,0.0000,2.000,5.000,
1790703923.612,odom,0.0000,0.0000,2.000,5.000,
1790703923.615,/auto_vel_raw,0.0000,0.0000,,,
1790703923.652,odom,0.0000,0.0000,2.000,5.000,
1790703923.686,odom,0.0000,0.0000,2.000,5.000,
1790703923.707,/auto_vel_raw,0.0000,0.0000,,,
1790703923.732,odom,0.0000,0.0000,2.000,5.000,
1790703923.776,odom,0.0000,0.0000,2.000,5.000,
1790703923.814,odom,0.0000,0.0000,2.000,5.000,
1790703923.816,/auto_vel_raw,0.0000,0.0000,,,
1790703923.855,odom,0.0000,0.0000,2.000,5.000,
1790703923.888,odom,0.0000,0.0000,2.000,5.000,
1790703923.908,/auto_vel_raw,0.0000,0.0000,,,
1790703923.941,odom,0.0000,0.0000,2.000,5.000,
1790703923.986,odom,0.0000,0.0000,2.000,5.000,
1790703924.019,odom,0.0000,0.0000,2.000,5.000,
1790703924.021,/auto_vel_raw,0.0000,0.0000,,,
1790703924.051,odom,0.0000,0.0000,2.000,5.000,
1790703924.082,odom,0.0000,0.0000,2.000,5.000,
1790703924.094,/auto_vel_raw,0.0000,0.0000,,,
1790703924.109,odom,0.0000,0.0000,2.000,5.000,
1790703924.146,odom,0.0000,0.0000,2.000,5.000,
1790703924.194,odom,0.0000,0.0000,2.000,5.000,
1790703924.196,/auto_vel_raw,0.0000,0.0000,,,
1790703924.225,odom,0.0000,0.0000,2.000,5.000,
1790703924.260,odom,0.0000,0.0000,2.000,5.000,
1790703924.281,/auto_vel_raw,0.0000,0.0000,,,
1790703924.296,odom,0.0000,0.0000,2.000,5.000,
1790703924.329,odom,0.0000,0.0000,2.000,5.000,
1790703924.357,/auto_vel_raw,0.0000,0.0000,,,
1790703924.358,odom,0.0000,0.0000,2.000,5.000,
1790703924.391,odom,0.0000,0.0000,2.000,5.000,
1790703924.463,odom,0.0000,0.0000,2.000,5.000,
1790703924.486,/auto_vel_raw,0.0000,0.0000,,,
1790703924.510,odom,0.0000,0.0000,2.000,5.000,
1790703924.544,odom,0.0000,0.0000,2.000,5.000,
1790703924.578,odom,0.0000,0.0000,2.000,5.000,
1790703924.580,/auto_vel_raw,0.0000,0.0000,,,
1790703924.609,odom,0.0000,0.0000,2.000,5.000,
1790703924.645,odom,0.0000,0.0000,2.000,5.000,
1790703924.660,/auto_vel_raw,0.0000,0.0000,,,
1790703924.682,odom,0.0000,0.0000,2.000,5.000,
1790703924.738,odom,0.0000,0.0000,2.000,5.000,
1790703924.802,odom,0.0000,0.0000,2.000,5.000,
1790703924.805,/auto_vel_raw,0.0000,0.0000,,,
1790703924.866,odom,0.0000,0.0000,2.000,5.000,
1790703924.920,odom,0.0000,0.0000,2.000,5.000,
1790703924.959,/auto_vel_raw,0.0000,0.0000,,,
1790703924.974,odom,0.0000,0.0000,2.000,5.000,
1790703925.014,odom,0.0000,0.0000,2.000,5.000,
1790703925.056,/auto_vel_raw,0.0000,0.0000,,,
1790703925.058,odom,0.0000,0.0000,2.000,5.000,
1790703925.091,odom,0.0000,0.0000,2.000,5.000,
1790703925.136,odom,0.0000,0.0000,2.000,5.000,
1790703925.156,/auto_vel_raw,0.0000,0.0000,,,
1790703925.168,odom,0.0000,0.0000,2.000,5.000,
1790703925.202,odom,0.0000,0.0000,2.000,5.000,
1790703925.241,/auto_vel_raw,0.0000,0.0000,,,
1790703925.241,odom,0.0000,0.0000,2.000,5.000,
1790703925.303,odom,0.0000,0.0000,2.000,5.000,
1790703925.334,odom,0.0000,0.0000,2.000,5.000,
1790703925.353,/auto_vel_raw,0.0000,0.0000,,,
1790703925.372,odom,0.0000,0.0000,2.000,5.000,
1790703925.408,odom,0.0000,0.0000,2.000,5.000,
1790703925.459,/auto_vel_raw,0.0000,0.0000,,,
1790703925.460,odom,0.0000,0.0000,2.000,5.000,
1790703925.515,odom,0.0000,0.0000,2.000,5.000,
1790703925.563,odom,0.0000,0.0000,2.000,5.000,
1790703925.588,/auto_vel_raw,0.0000,0.0000,,,
1790703925.610,odom,0.0000,0.0000,2.000,5.000,
1790703925.646,odom,0.0000,0.0000,2.000,5.000,
1790703925.683,/auto_vel_raw,0.0000,0.0000,,,
1790703925.683,odom,0.0000,0.0000,2.000,5.000,
1790703925.716,odom,0.0000,0.0000,2.000,5.000,
1790703925.761,odom,0.0000,0.0000,2.000,5.000,
1790703925.775,/auto_vel_raw,0.0000,0.0000,,,
1790703925.793,odom,0.0000,0.0000,2.000,5.000,
1790703925.838,odom,0.0000,0.0000,2.000,5.000,
1790703925.867,odom,0.0000,0.0000,2.000,5.000,
1790703925.871,/auto_vel_raw,0.0000,0.0000,,,
1790703925.913,odom,0.0000,0.0000,2.000,5.000,
1790703925.947,odom,0.0000,0.0000,2.000,5.000,
1790703925.968,/auto_vel_raw,0.0000,0.0000,,,
1790703925.978,odom,0.0000,0.0000,2.000,5.000,
1790703926.017,odom,0.0000,0.0000,2.000,5.000,
1790703926.056,/auto_vel_raw,0.0000,0.0000,,,
1790703926.062,odom,0.0000,0.0000,2.000,5.000,
1790703926.093,odom,0.0000,0.0000,2.000,5.000,
1790703926.130,odom,0.0000,0.0000,2.000,5.000,
1790703926.146,/auto_vel_raw,0.0000,0.0000,,,
1790703926.161,odom,0.0000,0.0000,2.000,5.000,
1790703926.193,odom,0.0000,0.0000,2.000,5.000,
1790703926.229,/auto_vel_raw,0.0000,0.0000,,,
1790703926.231,odom,0.0000,0.0000,2.000,5.000,
1790703926.284,odom,0.0000,0.0000,2.000,5.000,
1790703926.328,odom,0.0000,0.0000,2.000,5.000,
1790703926.346,/auto_vel_raw,0.0000,0.0000,,,
1790703926.362,odom,0.0000,0.0000,2.000,5.000,
1790703926.397,odom,0.0000,0.0000,2.000,5.000,
1790703926.431,/auto_vel_raw,0.0000,0.0000,,,
1790703926.432,odom,0.0000,0.0000,2.000,5.000,
1790703926.472,odom,0.0000,0.0000,2.000,5.000,
1790703926.519,odom,0.0000,0.0000,2.000,5.000,
1790703926.540,/auto_vel_raw,0.0000,0.0000,,,
1790703926.559,odom,0.0000,0.0000,2.000,5.000,
1790703926.585,odom,0.0000,0.0000,2.000,5.000,
1790703926.619,/auto_vel_raw,0.0000,0.0000,,,
1790703926.621,odom,0.0000,0.0000,2.000,5.000,
1790703926.659,odom,0.0000,0.0000,2.000,5.000,
1790703926.694,odom,0.0000,0.0000,2.000,5.000,
1790703926.717,/auto_vel_raw,0.0000,0.0000,,,
1790703926.752,odom,0.0000,0.0000,2.000,5.000,
1790703926.790,odom,0.0000,0.0000,2.000,5.000,
1790703926.825,/auto_vel_raw,0.0000,0.0000,,,
1790703926.825,odom,0.0000,0.0000,2.000,5.000,
1790703926.867,odom,0.0000,0.0000,2.000,5.000,
1790703926.908,odom,0.0000,0.0000,2.000,5.000,
1790703926.933,/auto_vel_raw,0.0000,0.0000,,,
1790703926.950,odom,0.0000,0.0000,2.000,5.000,
1790703926.985,odom,0.0000,0.0000,2.000,5.000,
1790703927.015,/auto_vel_raw,0.0000,0.0000,,,
1790703927.015,odom,0.0000,0.0000,2.000,5.000,
1790703927.055,odom,0.0000,0.0000,2.000,5.000,
1790703927.097,odom,0.0000,0.0000,2.000,5.000,
1790703927.116,/auto_vel_raw,0.0000,0.0000,,,
1790703927.136,odom,0.0000,0.0000,2.000,5.000,
1790703927.181,odom,0.0000,0.0000,2.000,5.000,
1790703927.230,odom,0.0000,0.0000,2.000,5.000,
1790703927.234,/auto_vel_raw,0.0000,0.0000,,,
1790703927.278,odom,0.0000,0.0000,2.000,5.000,
1790703927.317,odom,0.0000,0.0000,2.000,5.000,
1790703927.337,/auto_vel_raw,0.0000,0.0000,,,
1790703927.359,odom,0.0000,0.0000,2.000,5.000,
1790703927.393,odom,0.0000,0.0000,2.000,5.000,
1790703927.429,odom,0.0000,0.0000,2.000,5.000,
1790703927.433,/auto_vel_raw,0.0000,0.0000,,,
1790703927.460,odom,0.0000,0.0000,2.000,5.000,
1790703927.500,odom,0.0000,0.0000,2.000,5.000,
1790703927.518,/auto_vel_raw,0.0000,0.0000,,,
1790703927.551,odom,0.0000,0.0000,2.000,5.000,
1790703927.589,odom,0.0000,0.0000,2.000,5.000,
1790703927.632,/auto_vel_raw,0.0000,0.0000,,,
1790703927.632,odom,0.0000,0.0000,2.000,5.000,
1790703927.671,odom,0.0000,0.0000,2.000,5.000,
1790703927.700,odom,0.0000,0.0000,2.000,5.000,
1790703927.720,/auto_vel_raw,0.0000,0.0000,,,
1790703927.729,odom,0.0000,0.0000,2.000,5.000,
1790703927.763,odom,0.0000,0.0000,2.000,5.000,
1790703927.803,odom,0.0000,0.0000,2.000,5.000,
1790703927.807,/auto_vel_raw,0.0000,0.0000,,,
1790703927.838,odom,0.0000,0.0000,2.000,5.000,
1790703927.872,odom,0.0000,0.0000,2.000,5.000,
1790703927.890,/auto_vel_raw,0.0000,0.0000,,,
1790703927.896,odom,0.0000,0.0000,2.000,5.000,
1790703927.941,odom,0.0000,0.0000,2.000,5.000,
1790703927.970,odom,0.0000,0.0000,2.000,5.000,
1790703927.974,/auto_vel_raw,0.0000,0.0000,,,
1790703928.003,odom,0.0000,0.0000,2.000,5.000,
1790703928.049,odom,0.0000,0.0000,2.000,5.000,
1790703928.068,/auto_vel_raw,0.0000,0.0000,,,
1790703928.085,odom,0.0000,0.0000,2.000,5.000,
1790703928.126,odom,0.0000,0.0000,2.000,5.000,
1790703928.159,/auto_vel_raw,0.0000,0.0000,,,
1790703928.160,odom,0.0000,0.0000,2.000,5.000,
1790703928.199,odom,0.0000,0.0000,2.000,5.000,
1790703928.234,odom,0.0000,0.0000,2.000,5.000,
1790703928.251,/auto_vel_raw,0.0000,0.0000,,,
1790703928.263,odom,0.0000,0.0000,2.000,5.000,
1790703928.297,odom,0.0000,0.0000,2.000,5.000,
1790703928.340,odom,0.0000,0.0000,2.000,5.000,
1790703928.343,/auto_vel_raw,0.0000,0.0000,,,
1790703928.370,odom,0.0000,0.0000,2.000,5.000,
1790703928.405,odom,0.0000,0.0000,2.000,5.000,
1790703928.425,/auto_vel_raw,0.0000,0.0000,,,
1790703928.434,odom,0.0000,0.0000,2.000,5.000,
1790703928.472,odom,0.0000,0.0000,2.000,5.000,
1790703928.504,odom,0.0000,0.0000,2.000,5.000,
1790703928.517,/auto_vel_raw,0.0000,0.0000,,,
1790703928.541,odom,0.0000,0.0000,2.000,5.000,
1790703928.579,odom,0.0000,0.0000,2.000,5.000,
1790703928.595,/auto_vel_raw,0.0000,0.0000,,,
1790703928.620,odom,0.0000,0.0000,2.000,5.000,
1790703928.688,odom,0.0000,0.0000,2.000,5.000,
1790703928.732,/auto_vel_raw,0.0000,0.0000,,,
1790703928.732,odom,0.0000,0.0000,2.000,5.000,
1790703928.768,odom,0.0000,0.0000,2.000,5.000,
1790703928.795,odom,0.0000,0.0000,2.000,5.000,
1790703928.810,/auto_vel_raw,0.0000,0.0000,,,
1790703928.827,odom,0.0000,0.0000,2.000,5.000,
1790703928.877,odom,0.0000,0.0000,2.000,5.000,
1790703928.952,/auto_vel_raw,0.0000,0.0000,,,
1790703928.953,odom,0.0000,0.0000,2.000,5.000,
1790703928.996,odom,0.0000,0.0000,2.000,5.000,
1790703929.059,odom,0.0000,0.0000,2.000,5.000,
1790703929.077,/auto_vel_raw,0.0000,0.0000,,,
1790703929.093,odom,0.0000,0.0000,2.000,5.000,
1790703929.133,odom,0.0000,0.0000,2.000,5.000,
1790703929.193,odom,0.0000,0.0000,2.000,5.000,
1790703929.197,/auto_vel_raw,0.0000,0.0000,,,
1790703929.266,odom,0.0000,0.0000,2.000,5.000,
1790703929.313,odom,0.0000,0.0000,2.000,5.000,
1790703929.340,/auto_vel_raw,0.0000,0.0000,,,
1790703929.369,odom,0.0000,0.0000,2.000,5.000,
1790703929.437,odom,0.0000,0.0000,2.000,5.000,
1790703929.499,/auto_vel_raw,0.0000,0.0000,,,
1790703929.506,odom,0.0000,0.0000,2.000,5.000,
1790703929.563,odom,0.0000,0.0000,2.000,5.000,
1790703929.603,odom,0.0000,0.0000,2.000,5.000,
1790703929.627,/auto_vel_raw,0.0000,0.0000,,,
1790703929.652,odom,0.0000,0.0000,2.000,5.000,
1790703929.685,odom,0.0000,0.0000,2.000,5.000,
1790703929.724,odom,0.0000,0.0000,2.000,5.000,
1790703929.725,/auto_vel_raw,0.0000,0.0000,,,
1790703929.772,odom,0.0000,0.0000,2.000,5.000,
1790703929.820,odom,0.0000,0.0000,2.000,5.000,
1790703929.853,/auto_vel_raw,0.0000,0.0000,,,
1790703929.885,odom,0.0000,0.0000,2.000,5.000,
1790703929.944,odom,0.0000,0.0000,2.000,5.000,
1790703930.007,/auto_vel_raw,0.0000,0.0000,,,
1790703930.010,odom,0.0000,0.0000,2.000,5.000,
1790703930.053,odom,0.0000,0.0000,2.000,5.000,
1790703930.121,odom,0.0000,0.0000,2.000,5.000,
1790703930.148,/auto_vel_raw,0.0000,0.0000,,,
1790703930.169,odom,0.0000,0.0000,2.000,5.000,
1790703930.244,odom,0.0000,0.0000,2.000,5.000,
1790703930.294,odom,0.0000,0.0000,2.000,5.000,
1790703930.298,/auto_vel_raw,0.0000,0.0000,,,
1790703930.331,odom,0.0000,0.0000,2.000,5.000,
1790703930.378,odom,0.0000,0.0000,2.000,5.000,
1790703930.403,/auto_vel_raw,0.0000,0.0000,,,
1790703930.420,odom,0.0000,0.0000,2.000,5.000,
1790703930.451,odom,0.0000,0.0000,2.000,5.000,
1790703930.494,odom,0.0000,0.0000,2.000,5.000,
1790703930.496,/auto_vel_raw,0.0000,0.0000,,,
1790703930.549,odom,0.0000,0.0000,2.000,5.000,
1790703930.566,odom,0.0000,0.0000,2.000,5.000,
1790703930.580,/auto_vel_raw,0.0000,0.0000,,,
1790703930.591,odom,0.0000,0.0000,2.000,5.000,
1790703930.613,odom,0.0000,0.0000,2.000,5.000,
1790703930.636,odom,0.0000,0.0000,2.000,5.000,
1790703930.645,/auto_vel_raw,0.0000,0.0000,,,
1790703930.675,odom,0.0000,0.0000,2.000,5.000,
1790703930.703,odom,0.0000,0.0000,2.000,5.000,
1790703930.724,/auto_vel_raw,0.0000,0.0000,,,
1790703930.737,odom,0.0000,0.0000,2.000,5.000,
1790703930.767,odom,0.0000,0.0000,2.000,5.000,
1790703930.791,/auto_vel_raw,0.0000,0.0000,,,
1790703930.792,odom,0.0000,0.0000,2.000,5.000,
1790703930.847,odom,0.0000,0.0000,2.000,5.000,
1790703930.879,odom,0.0000,0.0000,2.000,5.000,
1790703930.898,/auto_vel_raw,0.0000,0.0000,,,
1790703930.922,odom,0.0000,0.0000,2.000,5.000,
1790703930.942,odom,0.0000,0.0000,2.000,5.000,
1790703930.969,odom,0.0000,0.0000,2.000,5.000,
1790703930.974,/auto_vel_raw,0.0000,0.0000,,,
1790703931.023,odom,0.0000,0.0000,2.000,5.000,
1790703931.043,odom,0.0000,0.0000,2.000,5.000,
1790703931.072,/auto_vel_raw,0.0000,0.0000,,,
1790703931.075,odom,0.0000,0.0000,2.000,5.000,
1790703931.085,odom,0.0000,0.0000,2.000,5.000,
1790703931.116,/auto_vel_raw,0.0000,0.0000,,,
1790703931.116,odom,0.0000,0.0000,2.000,5.000,
1790703931.155,odom,0.0000,0.0000,2.000,5.000,
1790703931.174,odom,0.0000,0.0000,2.000,5.000,
1790703931.190,/auto_vel_raw,0.0000,0.0000,,,
1790703931.198,odom,0.0000,0.0000,2.000,5.000,
1790703931.235,odom,0.0000,0.0000,2.000,5.000,
1790703931.251,/auto_vel_raw,0.0000,0.0000,,,
1790703931.256,odom,0.0000,0.0000,2.000,5.000,
1790703931.327,odom,0.0000,0.0000,2.000,5.000,
1790703931.357,odom,0.0000,0.0000,2.000,5.000,
1790703931.373,/auto_vel_raw,0.0000,0.0000,,,
1790703931.399,odom,0.0000,0.0000,2.000,5.000,
1790703931.426,odom,0.0000,0.0000,2.000,5.000,
1790703931.441,odom,0.0000,0.0000,2.000,5.000,
1790703931.446,/auto_vel_raw,0.0000,0.0000,,,
1790703931.488,odom,0.0000,0.0000,2.000,5.000,
1790703931.551,odom,0.0000,0.0000,2.000,5.000,
1790703931.594,/auto_vel_raw,0.0000,0.0000,,,
1790703931.607,odom,0.0000,0.0000,2.000,5.000,
1790703931.672,odom,0.0000,0.0000,2.000,5.000,
1790703931.730,/auto_vel_raw,0.0000,0.0000,,,
1790703931.735,odom,0.0000,0.0000,2.000,5.000,
1790703931.772,odom,0.0000,0.0000,2.000,5.000,
1790703931.797,odom,0.0000,0.0000,2.000,5.000,
1790703931.814,/auto_vel_raw,0.0000,0.0000,,,
1790703931.840,odom,0.0000,0.0000,2.000,5.000,
1790703931.880,odom,0.0000,0.0000,2.000,5.000,
1790703931.901,/auto_vel_raw,0.0000,0.0000,,,
1790703931.902,odom,0.0000,0.0000,2.000,5.000,
1790703931.952,odom,0.0000,0.0000,2.000,5.000,
1790703931.999,odom,0.0000,0.0000,2.000,5.000,
1790703932.023,/auto_vel_raw,0.0000,0.0000,,,
1790703932.029,odom,0.0000,0.0000,2.000,5.000,
1790703932.051,odom,0.0000,0.0000,2.000,5.000,
1790703932.087,odom,0.0000,0.0000,2.000,5.000,
1790703932.091,/auto_vel_raw,0.0000,0.0000,,,
1790703932.120,odom,0.0000,0.0000,2.000,5.000,
1790703932.160,odom,0.0000,0.0000,2.000,5.000,
1790703932.186,/auto_vel_raw,0.0000,0.0000,,,
1790703932.204,odom,0.0000,0.0000,2.000,5.000,
1790703932.243,odom,0.0000,0.0000,2.000,5.000,
1790703932.312,odom,0.0000,0.0000,2.000,5.000,
1790703932.326,/auto_vel_raw,0.0000,0.0000,,,
1790703932.341,odom,0.0000,0.0000,2.000,5.000,
1790703932.382,odom,0.0000,0.0000,2.000,5.000,
1790703932.405,/auto_vel_raw,0.0000,0.0000,,,
1790703932.406,odom,0.0000,0.0000,2.000,5.000,
1790703932.428,odom,0.0000,0.0000,2.000,5.000,
1790703932.435,odom,0.0000,0.0000,2.000,5.000,
1790703932.445,odom,0.0000,0.0000,2.000,5.000,
1790703932.452,/auto_vel_raw,0.0000,0.0000,,,
1790703932.453,odom,0.0000,0.0000,2.000,5.000,
1790703932.463,/auto_vel_raw,0.0000,0.0000,,,
1790703932.477,odom,0.0000,0.0000,2.000,5.000,
1790703932.508,odom,0.0000,0.0000,2.000,5.000,
1790703932.538,odom,0.0000,0.0000,2.000,5.000,
1790703932.543,/auto_vel_raw,0.0000,0.0000,,,
1790703932.608,odom,0.0000,0.0000,2.000,5.000,
1790703932.620,odom,0.0000,0.0000,2.000,5.000,
1790703932.629,/auto_vel_raw,0.0000,0.0000,,,
1790703932.632,odom,0.0000,0.0000,2.000,5.000,
1790703932.682,odom,0.0000,0.0000,2.000,5.000,
1790703932.749,/auto_vel_raw,0.0000,0.0000,,,
1790703932.754,odom,0.0000,0.0000,2.000,5.000,
1790703932.837,odom,0.0000,0.0000,2.000,5.000,
1790703932.912,odom,0.0000,0.0000,2.000,5.000,
1790703932.960,/auto_vel_raw,0.0000,0.0000,,,
1790703932.995,odom,0.0000,0.0000,2.000,5.000,
1790703933.046,odom,0.0000,0.0000,2.000,5.000,
1790703933.101,odom,0.0000,0.0000,2.000,5.000,
1790703933.107,/auto_vel_raw,0.0000,0.0000,,,
1790703933.200,odom,0.0000,0.0000,2.000,5.000,
1790703933.276,odom,0.0000,0.0000,2.000,5.000,
1790703933.309,/auto_vel_raw,0.0000,0.0000,,,
1790703933.314,odom,0.0000,0.0000,2.000,5.000,
1790703933.347,odom,0.0000,0.0000,2.000,5.000,
1790703933.377,odom,0.0000,0.0000,2.000,5.000,
1790703933.382,/auto_vel_raw,0.0000,0.0000,,,
1790703933.449,odom,0.0000,0.0000,2.000,5.000,
1790703933.517,odom,0.0000,0.0000,2.000,5.000,
1790703933.550,/auto_vel_raw,0.0000,0.0000,,,
1790703933.567,odom,0.0000,0.0000,2.000,5.000,
1790703933.607,odom,0.0000,0.0000,2.000,5.000,
1790703933.658,/auto_vel_raw,0.0000,0.0000,,,
1790703933.659,odom,0.0000,0.0000,2.000,5.000,
1790703933.695,odom,0.0000,0.0000,2.000,5.000,
1790703933.739,odom,0.0000,0.0000,2.000,5.000,
1790703933.767,/auto_vel_raw,0.0000,0.0000,,,
1790703933.781,odom,0.0000,0.0000,2.000,5.000,
1790703933.835,odom,0.0000,0.0000,2.000,5.000,
1790703933.890,odom,0.0000,0.0000,2.000,5.000,
1790703933.897,/auto_vel_raw,0.0000,0.0000,,,
1790703933.931,odom,0.0000,0.0000,2.000,5.000,
1790703933.972,odom,0.0000,0.0000,2.000,5.000,
1790703933.986,/auto_vel_raw,0.0000,0.0000,,,
1790703934.003,odom,0.0000,0.0000,2.000,5.000,
1790703934.026,odom,0.0000,0.0000,2.000,5.000,
1790703934.039,odom,0.0000,0.0000,2.000,5.000,
1790703934.051,/auto_vel_raw,0.0000,0.0000,,,
1790703934.059,odom,0.0000,0.0000,2.000,5.000,
1790703934.081,odom,0.0000,0.0000,2.000,5.000,
1790703934.096,odom,0.0000,0.0000,2.000,5.000,
1790703934.128,/auto_vel_raw,0.0000,0.0000,,,
1790703934.128,odom,0.0000,0.0000,2.000,5.000,
1790703934.133,odom,0.0000,0.0000,2.000,5.000,
1790703934.145,/auto_vel_raw,0.0000,0.0000,,,
1790703934.157,odom,0.0000,0.0000,2.000,5.000,
1790703934.174,odom,0.0000,0.0000,2.000,5.000,
1790703934.193,/auto_vel_raw,0.0000,0.0000,,,
1790703934.195,odom,0.0000,0.0000,2.000,5.000,
1790703934.215,odom,0.0000,0.0000,2.000,5.000,
1790703934.237,/auto_vel_raw,0.0000,0.0000,,,
1790703934.237,odom,0.0000,0.0000,2.000,5.000,
1790703934.255,odom,0.0000,0.0000,2.000,5.000,
1790703934.277,odom,0.0000,0.0000,2.000,5.000,
1790703934.293,/auto_vel_raw,0.0000,0.0000,,,
1790703934.298,odom,0.0000,0.0000,2.000,5.000,
1790703934.316,odom,0.0000,0.0000,2.000,5.000,
1790703934.347,/auto_vel_raw,0.0000,0.0000,,,
1790703934.350,odom,0.0000,0.0000,2.000,5.000,
1790703934.411,odom,0.0000,0.0000,2.000,5.000,
1790703934.449,odom,0.0000,0.0000,2.000,5.000,
1790703934.488,/auto_vel_raw,0.0000,0.0000,,,
1790703934.515,odom,0.0000,0.0000,2.000,5.000,
1790703934.556,odom,0.0000,0.0000,2.000,5.000,
1790703934.583,/auto_vel_raw,0.0000,0.0000,,,
1790703934.583,odom,0.0000,0.0000,2.000,5.000,
1790703934.625,odom,0.0000,0.0000,2.000,5.000,
1790703934.680,odom,0.0000,0.0000,2.000,5.000,
1790703934.706,/auto_vel_raw,0.0000,0.0000,,,
1790703934.737,odom,0.0000,0.0000,2.000,5.000,
1790703934.774,odom,0.0000,0.0000,2.000,5.000,
1790703934.828,/auto_vel_raw,0.0000,0.0000,,,
1790703934.829,odom,0.0000,0.0000,2.000,5.000,
1790703934.895,odom,0.0000,0.0000,2.000,5.000,
1790703934.955,odom,0.0000,0.0000,2.000,5.000,
1790703934.973,/auto_vel_raw,0.0000,0.0000,,,
1790703934.980,odom,0.0000,0.0000,2.000,5.000,
1790703935.004,odom,0.0000,0.0000,2.000,5.000,
1790703935.025,odom,0.0000,0.0000,2.000,5.000,
1790703935.026,/auto_vel_raw,0.0000,0.0000,,,
1790703935.054,odom,0.0000,0.0000,2.000,5.000,
1790703935.085,odom,0.0000,0.0000,2.000,5.000,
1790703935.090,/auto_vel_raw,0.0000,0.0000,,,
1790703935.094,odom,0.0000,0.0000,2.000,5.000,
1790703935.111,odom,0.0000,0.0000,2.000,5.000,
1790703935.133,odom,0.0000,0.0000,2.000,5.000,
1790703935.136,/auto_vel_raw,0.0000,0.0000,,,
1790703935.153,odom,0.0000,0.0000,2.000,5.000,
1790703935.175,odom,0.0000,0.0000,2.000,5.000,
1790703935.185,/auto_vel_raw,0.0000,0.0000,,,
1790703935.195,odom,0.0000,0.0000,2.000,5.000,
1790703935.222,odom,0.0000,0.0000,2.000,5.000,
1790703935.237,/auto_vel_raw,0.0000,0.0000,,,
1790703935.241,odom,0.0000,0.0000,2.000,5.000,
1790703935.266,odom,0.0000,0.0000,2.000,5.000,
1790703935.301,odom,0.0000,0.0000,2.000,5.000,
1790703935.319,/auto_vel_raw,0.0000,0.0000,,,
1790703935.330,odom,0.0000,0.0000,2.000,5.000,
1790703935.370,odom,0.0000,0.0000,2.000,5.000,
1790703935.396,odom,0.0000,0.0000,2.000,5.000,
1790703935.401,/auto_vel_raw,0.0000,0.0000,,,
1790703935.442,odom,0.0000,0.0000,2.000,5.000,
1790703935.471,odom,0.0000,0.0000,2.000,5.000,
1790703935.484,/auto_vel_raw,0.0000,0.0000,,,
1790703935.504,odom,0.0000,0.0000,2.000,5.000,
1790703935.528,odom,0.0000,0.0000,2.000,5.000,
1790703935.554,odom,0.0000,0.0000,2.000,5.000,
1790703935.563,/auto_vel_raw,0.0000,0.0000,,,
1790703935.585,odom,0.0000,0.0000,2.000,5.000,
1790703935.612,odom,0.0000,0.0000,2.000,5.000,
1790703935.628,/auto_vel_raw,0.0000,0.0000,,,
1790703935.639,odom,0.0000,0.0000,2.000,5.000,
1790703935.669,odom,0.0000,0.0000,2.000,5.000,
1790703935.695,/auto_vel_raw,0.0000,0.0000,,,
1790703935.695,odom,0.0000,0.0000,2.000,5.000,
1790703935.753,odom,0.0000,0.0000,2.000,5.000,
1790703935.771,odom,0.0000,0.0000,2.000,5.000,
1790703935.787,/auto_vel_raw,0.0000,0.0000,,,
1790703935.801,odom,0.0000,0.0000,2.000,5.000,
1790703935.819,odom,0.0000,0.0000,2.000,5.000,
1790703935.848,odom,0.0000,0.0000,2.000,5.000,
1790703935.880,/auto_vel_raw,0.0000,0.0000,,,
1790703935.882,odom,0.0000,0.0000,2.000,5.000,
1790703935.905,odom,0.0000,0.0000,2.000,5.000,
1790703935.914,/auto_vel_raw,0.0000,0.0000,,,
1790703935.928,odom,0.0000,0.0000,2.000,5.000,
1790703935.959,odom,0.0000,0.0000,2.000,5.000,
1790703935.978,goal_active,,,,,1
1790703935.995,/auto_vel_raw,0.0000,0.0000,,,
1790703935.998,odom,0.0000,0.0000,2.000,5.000,
1790703936.100,odom,0.0000,0.0000,2.000,5.000,
1790703936.124,odom,0.0000,0.0000,2.000,5.000,
1790703936.141,/auto_vel_raw,0.0000,0.0000,,,
1790703936.163,odom,0.0000,0.0000,2.000,5.000,
1790703936.188,odom,0.0000,0.0000,2.000,5.000,
1790703936.222,odom,0.0000,0.0000,2.000,5.000,
1790703936.224,/auto_vel_raw,0.2746,-0.7705,,,
1790703936.271,odom,0.0000,0.0000,2.000,5.000,
1790703936.283,/auto_vel,0.2746,-0.7705,,,
1790703936.283,/compensador_rumo/cmd_vel,0.2746,-0.7705,,,
1790703936.284,/cmd_vel_bruto,0.2746,-1.7122,,,
1790703936.288,/hoverboard_base_controller/cmd_vel,0.0000,0.0000,,,
1790703936.362,odom,0.0000,0.0000,2.000,5.000,
1790703936.375,/auto_vel_raw,0.2746,-0.7705,,,
1790703936.406,odom,0.0000,0.0000,2.000,5.000,
1790703936.423,/auto_vel,0.2746,-0.7705,,,
1790703936.426,/compensador_rumo/cmd_vel,0.2746,-0.7705,,,
1790703936.432,/cmd_vel_bruto,0.2746,-1.7122,,,
1790703936.437,/hoverboard_base_controller/cmd_vel,0.0000,0.0000,,,
1790703936.481,odom,0.0000,0.0000,2.000,5.000,
1790703936.555,/auto_vel_raw,0.2746,-0.7705,,,
1790703936.556,odom,0.0000,0.0000,2.000,5.000,
1790703936.571,/auto_vel,0.2746,-0.7705,,,
1790703936.575,/compensador_rumo/cmd_vel,0.2746,-0.7705,,,
1790703936.577,/cmd_vel_bruto,0.2746,-1.7122,,,
1790703936.579,/hoverboard_base_controller/cmd_vel,0.0000,0.0000,,,
1790703936.610,odom,0.0000,0.0000,2.000,5.000,
1790703936.631,odom,0.0000,0.0000,2.000,5.000,
1790703936.640,/auto_vel_raw,0.2746,-0.7705,,,
1790703936.655,odom,0.0000,0.0000,2.000,5.000,
1790703936.661,/auto_vel,0.2746,-0.7705,,,
1790703936.661,/compensador_rumo/cmd_vel,0.2746,-0.7705,,,
1790703936.661,/hoverboard_base_controller/cmd_vel,0.0000,0.0000,,,
1790703936.667,/cmd_vel_bruto,0.2746,-1.7122,,,
1790703936.686,odom,0.0000,0.0000,2.000,5.000,
1790703936.707,/auto_vel_raw,0.2746,-0.7705,,,
1790703936.707,odom,0.0000,0.0000,2.000,5.000,
1790703936.718,/auto_vel,0.2746,-0.7705,,,
1790703936.718,odom,0.0000,0.0000,2.000,5.000,
1790703936.723,/compensador_rumo/cmd_vel,0.2746,-0.7705,,,
1790703936.726,/cmd_vel_bruto,0.2746,-1.7122,,,
1790703936.743,/hoverboard_base_controller/cmd_vel,0.0000,0.0000,,,
1790703936.746,odom,0.0000,0.0000,2.000,5.000,
1790703936.756,/auto_vel_raw,0.2746,-0.7705,,,
1790703936.769,/auto_vel,0.2746,-0.7705,,,
1790703936.769,/compensador_rumo/cmd_vel,0.2746,-0.7705,,,
1790703936.770,odom,0.0000,0.0000,2.000,5.000,
1790703936.772,/hoverboard_base_controller/cmd_vel,0.0000,0.0000,,,
1790703936.773,/cmd_vel_bruto,0.2746,-1.7122,,,
1790703936.839,odom,0.0000,0.0000,2.000,5.000,
1790703936.867,/auto_vel_raw,0.2746,-0.7705,,,
1790703936.868,odom,0.0000,0.0000,2.000,5.000,
1790703936.930,odom,0.0000,0.0000,2.000,5.000,
1790703936.945,/auto_vel,0.2746,-0.7705,,,
1790703936.945,/compensador_rumo/cmd_vel,0.2746,-0.7705,,,
1790703936.945,/cmd_vel_bruto,0.2746,-1.7122,,,
1790703936.952,/hoverboard_base_controller/cmd_vel,0.2136,-1.3326,,,
1790703936.967,odom,0.0000,0.0000,2.000,5.000,
1790703936.985,/auto_vel_raw,0.2746,-0.7705,,,
1790703937.000,odom,0.0000,0.0000,2.000,5.000,
1790703937.007,/auto_vel,0.2746,-0.7705,,,
1790703937.017,/compensador_rumo/cmd_vel,0.2746,-0.7705,,,
1790703937.033,/hoverboard_base_controller/cmd_vel,0.2136,-1.3326,,,
1790703937.033,/cmd_vel_bruto,0.2746,-1.7122,,,
1790703937.069,odom,0.0000,0.0000,2.000,5.000,
1790703937.129,/auto_vel_raw,0.2746,-0.7705,,,
1790703937.131,odom,0.0000,0.0000,2.000,5.000,
1790703937.191,odom,0.0750,-0.1294,2.001,5.000,
1790703937.207,/auto_vel,0.2746,-0.7705,,,
1790703937.209,/compensador_rumo/cmd_vel,0.2746,-0.7705,,,
1790703937.218,/cmd_vel_bruto,0.2746,-1.7020,,,
1790703937.222,odom,0.0788,-0.1379,2.003,5.000,
1790703937.225,/hoverboard_base_controller/cmd_vel,0.2136,-1.3326,,,
1790703937.238,/auto_vel_raw,0.2763,-0.7689,,,
1790703937.243,odom,0.0804,-0.1298,2.004,5.000,
1790703937.250,/auto_vel,0.2763,-0.7689,,,
1790703937.252,/compensador_rumo/cmd_vel,0.2763,-0.7689,,,
1790703937.264,/cmd_vel_bruto,0.2763,-1.6650,,,
1790703937.264,odom,0.0808,-0.1276,2.006,5.000,
1790703937.272,/hoverboard_base_controller/cmd_vel,0.0000,0.0000,,,
1790703937.283,odom,0.0808,-0.1276,2.007,5.000,
1790703937.302,odom,0.0008,-0.0015,2.008,5.000,
1790703937.313,/auto_vel_raw,0.2746,-0.7704,,,
1790703937.329,odom,0.0008,-0.0015,2.008,5.000,
1790703937.349,/auto_vel,0.2746,-0.7704,,,
1790703937.349,/compensador_rumo/cmd_vel,0.2746,-0.7704,,,
1790703937.352,/auto_vel_raw,0.2734,-0.7716,,,
1790703937.362,/hoverboard_base_controller/cmd_vel,0.2136,-1.3326,,,
1790703937.362,/cmd_vel_bruto,0.2746,-1.6379,,,
1790703937.373,odom,-0.0113,-0.0011,2.007,5.000,
1790703937.381,/auto_vel,0.2734,-0.7716,,,
1790703937.381,/compensador_rumo/cmd_vel,0.2734,-0.7716,,,
1790703937.386,/hoverboard_base_controller/cmd_vel,0.0000,0.0000,,,
1790703937.387,/cmd_vel_bruto,0.2734,-1.6467,,,
1790703937.431,odom,0.0008,-0.0013,2.007,5.000,
1790703937.474,odom,0.0008,-0.0013,2.008,5.000,
1790703937.482,/auto_vel_raw,0.2734,-0.7716,,,
1790703937.536,odom,0.0000,-0.0000,2.008,5.000,
1790703937.540,/auto_vel,0.2734,-0.7716,,,
1790703937.541,/compensador_rumo/cmd_vel,0.2734,-0.7716,,,
1790703937.559,/cmd_vel_bruto,0.2734,-1.6560,,,
1790703937.559,odom,0.0000,0.0000,2.008,5.000,
1790703937.572,/hoverboard_base_controller/cmd_vel,0.2136,-1.3326,,,
1790703937.583,/auto_vel_raw,0.2735,-0.7715,,,
1790703937.601,odom,0.0000,0.0000,2.008,5.000,
1790703937.603,/auto_vel,0.2735,-0.7715,,,
1790703937.603,/compensador_rumo/cmd_vel,0.2735,-0.7715,,,
1790703937.603,odom,0.0000,-0.0000,2.008,5.000,
1790703937.620,/hoverboard_base_controller/cmd_vel,0.0000,0.0000,,,
1790703937.621,/cmd_vel_bruto,0.2735,-1.6979,,,
1790703937.635,/auto_vel_raw,0.2735,-0.7715,,,
1790703937.638,odom,0.0000,0.0000,2.008,5.000,
1790703937.645,/auto_vel,0.2735,-0.7715,,,
1790703937.645,/compensador_rumo/cmd_vel,0.2735,-0.7715,,,
1790703937.646,/cmd_vel_bruto,0.2735,-1.7142,,,
1790703937.651,/hoverboard_base_controller/cmd_vel,0.0000,0.0000,,,
1790703937.680,odom,0.0000,0.0000,2.008,5.000,
1790703937.703,odom,0.0000,0.0000,2.008,5.000,
1790703937.718,/auto_vel_raw,0.2735,-0.7715,,,
1790703937.738,odom,0.0000,0.0000,2.008,5.000,
1790703937.751,/auto_vel,0.2735,-0.7715,,,
1790703937.753,/compensador_rumo/cmd_vel,0.2735,-0.7715,,,
1790703937.759,/cmd_vel_bruto,0.2735,-1.7143,,,
1790703937.762,odom,0.0000,0.0000,2.008,5.000,
1790703937.764,/hoverboard_base_controller/cmd_vel,0.2162,-1.3162,,,
1790703937.803,/auto_vel_raw,0.2735,-0.7715,,,
1790703937.804,odom,0.0000,0.0000,2.008,5.000,
1790703937.806,/auto_vel,0.2735,-0.7715,,,
1790703937.806,/compensador_rumo/cmd_vel,0.2735,-0.7715,,,
1790703937.810,/cmd_vel_bruto,0.2735,-1.7145,,,
1790703937.818,/hoverboard_base_controller/cmd_vel,0.0000,0.0000,,,
1790703937.877,odom,0.0744,-0.1306,2.009,5.000,
1790703937.920,odom,0.0779,-0.1372,2.010,5.000,
1790703937.943,/auto_vel_raw,0.2752,-0.7699,,,
1790703937.957,odom,0.0795,-0.1292,2.012,5.000,
1790703937.967,/auto_vel,0.2752,-0.7699,,,
1790703937.968,/compensador_rumo/cmd_vel,0.2752,-0.7699,,,
1790703937.969,/hoverboard_base_controller/cmd_vel,0.2162,-1.3160,,,
1790703937.972,/cmd_vel_bruto,0.2752,-1.6717,,,
1790703937.981,odom,0.0800,-0.1263,2.013,5.000,
1790703938.007,odom,0.0800,-0.1263,2.015,5.000,
1790703938.030,/auto_vel_raw,0.2762,-0.7690,,,
1790703938.039,odom,0.1491,-0.2802,2.018,5.000,
1790703938.049,/auto_vel,0.2762,-0.7690,,,
1790703938.052,/compensador_rumo/cmd_vel,0.2762,-0.7690,,,
1790703938.055,/cmd_vel_bruto,0.2762,-1.6104,,,
1790703938.060,/hoverboard_base_controller/cmd_vel,0.2158,-1.3187,,,
1790703938.090,odom,0.1524,-0.2871,2.021,5.000,
1790703938.141,/auto_vel_raw,0.2763,-0.7689,,,
1790703938.171,odom,0.1539,-0.2795,2.024,5.000,
1790703938.175,/auto_vel,0.2763,-0.7689,,,
1790703938.178,/compensador_rumo/cmd_vel,0.2763,-0.7689,,,
1790703938.184,/hoverboard_base_controller/cmd_vel,0.2139,-1.3305,,,
1790703938.187,/cmd_vel_bruto,0.2763,-1.5613,,,
1790703938.246,odom,0.1553,-0.2719,2.027,4.999,
1790703938.343,odom,0.1568,-0.2643,2.030,4.999,
1790703938.349,/auto_vel_raw,0.2710,-0.7670,,,
1790703938.476,odom,0.2013,-0.4444,2.034,4.999,
1790703938.491,/auto_vel,0.2710,-0.7670,,,
1790703938.492,/compensador_rumo/cmd_vel,0.2710,-0.7670,,,
1790703938.498,/hoverboard_base_controller/cmd_vel,0.2132,-1.3351,,,
1790703938.499,/cmd_vel_bruto,0.2710,-1.4763,,,
1790703938.521,odom,0.2026,-0.4372,2.038,4.999,
1790703938.543,/auto_vel_raw,0.2663,-0.7681,,,
1790703938.557,odom,0.2040,-0.4298,2.042,4.998,
1790703938.566,/auto_vel,0.2663,-0.7681,,,
1790703938.567,/compensador_rumo/cmd_vel,0.2663,-0.7681,,,
1790703938.571,/hoverboard_base_controller/cmd_vel,0.2132,-1.3351,,,
1790703938.571,/cmd_vel_bruto,0.2663,-1.4334,,,
1790703938.603,odom,0.2053,-0.4228,2.046,4.998,
1790703938.642,odom,0.2066,-0.4159,2.050,4.998,
1790703938.648,/auto_vel_raw,0.2645,-0.7646,,,
1790703938.673,odom,0.2129,-0.4939,2.054,4.997,
1790703938.691,/auto_vel,0.2645,-0.7646,,,
1790703938.694,/compensador_rumo/cmd_vel,0.2645,-0.7646,,,
1790703938.704,/hoverboard_base_controller/cmd_vel,0.2132,-1.3352,,,
1790703938.704,/cmd_vel_bruto,0.2645,-1.3567,,,
1790703938.706,odom,0.2132,-0.4926,2.058,4.997,
1790703938.721,/auto_vel_raw,0.2619,-0.7636,,,
1790703938.724,odom,0.2132,-0.4926,2.063,4.996,
1790703938.740,/auto_vel,0.2619,-0.7636,,,
1790703938.741,/compensador_rumo/cmd_vel,0.2619,-0.7636,,,
1790703938.743,/hoverboard_base_controller/cmd_vel,0.2156,-1.3200,,,
1790703938.743,/cmd_vel_bruto,0.2619,-1.3377,,,
1790703938.747,odom,0.2132,-0.4926,2.067,4.996,
1790703938.767,/auto_vel_raw,0.2631,-0.7595,,,
1790703938.768,odom,0.2132,-0.4926,2.071,4.995,
1790703938.800,odom,0.2156,-0.6316,2.075,4.995,
1790703938.803,/auto_vel,0.2631,-0.7595,,,
1790703938.803,/compensador_rumo/cmd_vel,0.2631,-0.7595,,,
1790703938.805,/hoverboard_base_controller/cmd_vel,0.2187,-1.3004,,,
1790703938.805,/cmd_vel_bruto,0.2631,-1.3071,,,
1790703938.823,odom,0.2156,-0.6316,2.080,4.994,
1790703938.839,/auto_vel_raw,0.2660,-0.7519,,,
1790703938.850,odom,0.2156,-0.6316,2.084,4.993,
1790703938.862,/auto_vel,0.2660,-0.7519,,,
1790703938.863,/compensador_rumo/cmd_vel,0.2660,-0.7519,,,
1790703938.863,/cmd_vel_bruto,0.2660,-1.2857,,,
1790703938.864,/hoverboard_base_controller/cmd_vel,0.2211,-1.2854,,,
1790703938.878,odom,0.2156,-0.6316,2.088,4.992,
1790703938.915,/auto_vel_raw,0.2631,-0.7515,,,
1790703938.921,odom,0.2156,-0.6316,2.092,4.992,
1790703938.932,/auto_vel,0.2631,-0.7515,,,
1790703938.939,/compensador_rumo/cmd_vel,0.2631,-0.7515,,,
1790703938.942,/cmd_vel_bruto,0.2631,-1.2793,,,
1790703938.948,/hoverboard_base_controller/cmd_vel,0.2239,-1.2679,,,
1790703938.963,odom,0.2208,-0.7595,2.097,4.991,
1790703938.977,odom,0.2211,-0.7579,2.101,4.990,
1790703938.991,/auto_vel_raw,0.2673,-0.7409,,,
1790703939.000,odom,0.2211,-0.7579,2.105,4.989,
1790703939.007,/auto_vel,0.2673,-0.7409,,,
1790703939.007,/compensador_rumo/cmd_vel,0.2673,-0.7409,,,
1790703939.012,/cmd_vel_bruto,0.2673,-1.2504,,,
1790703939.016,/hoverboard_base_controller/cmd_vel,0.2248,-1.2622,,,
1790703939.024,odom,0.2211,-0.7579,2.110,4.987,
1790703939.044,/auto_vel_raw,0.2687,-0.7387,,,
1790703939.044,odom,0.2211,-0.7579,2.114,4.986,
1790703939.056,/auto_vel,0.2687,-0.7387,,,
1790703939.057,/compensador_rumo/cmd_vel,0.2687,-0.7387,,,
1790703939.061,/hoverboard_base_controller/cmd_vel,0.0000,0.0000,,,
1790703939.061,/cmd_vel_bruto,0.2687,-1.2458,,,
1790703939.085,odom,0.2248,-0.8831,2.118,4.985,
1790703939.111,odom,0.2248,-0.8829,2.122,4.984,
1790703939.127,/auto_vel_raw,0.2745,-0.7285,,,
1790703939.137,odom,0.2248,-0.8829,2.127,4.982,
1790703939.145,/auto_vel,0.2745,-0.7285,,,
1790703939.145,/compensador_rumo/cmd_vel,0.2745,-0.7285,,,
1790703939.145,/hoverboard_base_controller/cmd_vel,0.2288,-1.2372,,,
1790703939.145,/cmd_vel_bruto,0.2745,-1.2192,,,
1790703939.165,odom,0.2248,-0.8829,2.131,4.981,
1790703939.248,/auto_vel_raw,0.2765,-0.7210,,,
1790703939.249,odom,0.2248,-0.8829,2.135,4.979,
1790703939.300,odom,0.2288,-1.0081,2.139,4.977,
1790703939.306,/auto_vel,0.2765,-0.7210,,,
1790703939.307,/compensador_rumo/cmd_vel,0.2765,-0.7210,,,
1790703939.314,/cmd_vel_bruto,0.2765,-1.1982,,,
1790703939.321,/hoverboard_base_controller/cmd_vel,0.2309,-1.2241,,,
1790703939.352,odom,0.2288,-1.0080,2.144,4.976,
1790703939.375,/auto_vel_raw,0.2885,-0.7039,,,
1790703939.396,odom,0.2288,-1.0080,2.148,4.974,
1790703939.408,/auto_vel,0.2885,-0.7039,,,
1790703939.409,/compensador_rumo/cmd_vel,0.2885,-0.7039,,,
1790703939.421,/cmd_vel_bruto,0.2885,-1.1539,,,
1790703939.422,/hoverboard_base_controller/cmd_vel,0.2330,-1.2111,,,
1790703939.448,odom,0.2288,-1.0080,2.152,4.972,
1790703939.463,odom,0.2288,-1.0080,2.156,4.970,
1790703939.467,/auto_vel_raw,0.3169,-0.6719,,,
1790703939.492,odom,0.2321,-1.0250,2.160,4.968,
1790703939.504,/auto_vel,0.3169,-0.6719,,,
1790703939.504,/compensador_rumo/cmd_vel,0.3169,-0.6719,,,
1790703939.506,/hoverboard_base_controller/cmd_vel,0.2325,-1.2140,,,
1790703939.507,/cmd_vel_bruto,0.3169,-1.0787,,,
1790703939.515,odom,0.2329,-1.0219,2.164,4.965,
1790703939.548,/auto_vel_raw,0.3226,-0.6633,,,
1790703939.558,odom,0.2332,-1.0213,2.168,4.963,
1790703939.573,/auto_vel,0.3226,-0.6633,,,
1790703939.574,/compensador_rumo/cmd_vel,0.3226,-0.6633,,,
1790703939.578,/hoverboard_base_controller/cmd_vel,0.2355,-1.1958,,,
1790703939.578,/cmd_vel_bruto,0.3226,-1.0601,,,
1790703939.591,odom,0.2332,-1.0217,2.172,4.961,
1790703939.609,/auto_vel_raw,0.3279,-0.6513,,,
1790703939.610,odom,0.2332,-1.0222,2.176,4.958,
1790703939.624,/auto_vel,0.3279,-0.6513,,,
1790703939.625,/compensador_rumo/cmd_vel,0.3279,-0.6513,,,
1790703939.628,/hoverboard_base_controller/cmd_vel,0.2361,-1.1916,,,
1790703939.629,/cmd_vel_bruto,0.3279,-1.0291,,,
1790703939.695,odom,0.2339,-1.0200,2.180,4.956,
1790703939.748,odom,0.2349,-1.0171,2.184,4.953,
1790703939.765,/auto_vel_raw,0.3440,-0.6294,,,
1790703939.787,odom,0.2358,-1.0146,2.188,4.950,
1790703939.805,/auto_vel,0.3440,-0.6294,,,
1790703939.806,/compensador_rumo/cmd_vel,0.3440,-0.6294,,,
1790703939.807,/hoverboard_base_controller/cmd_vel,0.2393,-1.1715,,,
1790703939.807,/cmd_vel_bruto,0.3440,-0.9772,,,
1790703939.821,odom,0.2359,-1.0152,2.192,4.947,
1790703939.959,/auto_vel_raw,0.3538,-0.6202,,,
1790703939.959,/auto_vel,0.3538,-0.6202,,,
1790703939.959,/compensador_rumo/cmd_vel,0.3538,-0.6202,,,
1790703939.959,/hoverboard_base_controller/cmd_vel,0.2412,-1.1600,,,
1790703939.960,/cmd_vel_bruto,0.3538,-0.9520,,,
1790703939.960,odom,0.2367,-1.0136,2.199,4.942,
1790703940.002,odom,0.2378,-1.0106,2.203,4.939,
1790703940.030,/auto_vel_raw,0.3693,-0.5972,,,
1790703940.047,/auto_vel,0.3693,-0.5972,,,
1790703940.047,/compensador_rumo/cmd_vel,0.3693,-0.5972,,,
1790703940.047,/cmd_vel_bruto,0.3693,-0.9003,,,
1790703940.048,odom,0.2389,-1.0075,2.206,4.935,
1790703940.049,/hoverboard_base_controller/cmd_vel,0.2471,-1.1231,,,
1790703940.102,odom,0.2396,-1.0055,2.210,4.932,
1790703940.109,/auto_vel_raw,0.3967,-0.5513,,,
1790703940.110,odom,0.2395,-1.0061,2.213,4.929,
1790703940.131,odom,0.2404,-1.0030,2.217,4.926,
1790703940.141,/auto_vel,0.3967,-0.5513,,,
1790703940.144,/compensador_rumo/cmd_vel,0.3967,-0.5513,,,
1790703940.148,/hoverboard_base_controller/cmd_vel,0.2586,-1.0509,,,
1790703940.148,/cmd_vel_bruto,0.3967,-0.7987,,,
1790703940.149,odom,0.2415,-0.9992,2.220,4.922,
1790703940.171,/auto_vel_raw,0.4047,-0.5354,,,
1790703940.176,odom,0.2427,-0.9953,2.224,4.919,
1790703940.186,/auto_vel,0.4047,-0.5354,,,
1790703940.190,/compensador_rumo/cmd_vel,0.4047,-0.5354,,,
1790703940.193,/cmd_vel_bruto,0.4047,-0.7586,,,
1790703940.196,/hoverboard_base_controller/cmd_vel,0.2611,-1.0356,,,
1790703940.204,odom,0.2440,-0.9911,2.227,4.915,
1790703940.226,/auto_vel_raw,0.4108,-0.5222,,,
1790703940.226,odom,0.2452,-0.9867,2.230,4.912,
1790703940.238,/auto_vel,0.4108,-0.5222,,,
1790703940.238,/compensador_rumo/cmd_vel,0.4108,-0.5222,,,
1790703940.250,/cmd_vel_bruto,0.4108,-0.7236,,,
1790703940.258,/hoverboard_base_controller/cmd_vel,0.2643,-1.0158,,,
1790703940.270,odom,0.2465,-0.9812,2.233,4.908,
1790703940.305,odom,0.2477,-0.9762,2.237,4.904,
1790703940.318,/auto_vel_raw,0.4215,-0.4970,,,
1790703940.336,odom,0.2490,-0.9708,2.240,4.900,
1790703940.343,/auto_vel,0.4215,-0.4970,,,
1790703940.343,/compensador_rumo/cmd_vel,0.4215,-0.4970,,,
1790703940.343,/cmd_vel_bruto,0.4215,-0.6609,,,
1790703940.354,/hoverboard_base_controller/cmd_vel,0.2709,-0.9740,,,
1790703940.360,odom,0.2503,-0.9652,2.243,4.896,
1790703940.392,/auto_vel_raw,0.4258,-0.4797,,,
1790703940.393,odom,0.2516,-0.9592,2.246,4.892,
1790703940.398,/auto_vel,0.4258,-0.4797,,,
1790703940.402,/compensador_rumo/cmd_vel,0.4258,-0.4797,,,
1790703940.409,/hoverboard_base_controller/cmd_vel,0.2745,-0.9519,,,
1790703940.410,/cmd_vel_bruto,0.4258,-0.6160,,,
1790703940.436,odom,0.2530,-0.9522,2.249,4.888,
1790703940.463,odom,0.2544,-0.9454,2.252,4.884,
1790703940.484,/auto_vel_raw,0.4484,-0.4140,,,
1790703940.496,odom,0.2558,-0.9381,2.255,4.880,
1790703940.508,/auto_vel,0.4484,-0.4140,,,
1790703940.509,/compensador_rumo/cmd_vel,0.4484,-0.4140,,,
1790703940.517,/hoverboard_base_controller/cmd_vel,0.2807,-0.9129,,,
1790703940.517,/cmd_vel_bruto,0.4484,-0.4735,,,
1790703940.525,odom,0.2572,-0.9304,2.258,4.876,
1790703940.547,/auto_vel_raw,0.4570,-0.3806,,,
1790703940.548,odom,0.2587,-0.9222,2.260,4.871,
1790703940.570,odom,0.2613,-0.9065,2.263,4.867,
1790703940.585,/auto_vel,0.4570,-0.3806,,,
1790703940.585,/compensador_rumo/cmd_vel,0.4570,-0.3806,,,
1790703940.588,/cmd_vel_bruto,0.4570,-0.3968,,,
1790703940.595,odom,0.2629,-0.8972,2.266,4.862,
1790703940.605,/hoverboard_base_controller/cmd_vel,0.2921,-0.8420,,,
1790703940.613,/auto_vel_raw,0.4616,-0.3603,,,
1790703940.617,odom,0.2646,-0.8874,2.268,4.858,
1790703940.630,/auto_vel,0.4616,-0.3603,,,
1790703940.630,/compensador_rumo/cmd_vel,0.4616,-0.3603,,,
1790703940.633,/cmd_vel_bruto,0.4616,-0.3349,,,
1790703940.634,odom,0.2663,-0.8769,2.271,4.853,
1790703940.639,/hoverboard_base_controller/cmd_vel,0.2994,-0.7964,,,
1790703940.662,odom,0.2681,-0.8658,2.273,4.848,
1790703940.669,/auto_vel_raw,0.4712,-0.3199,,,
1790703940.679,odom,0.2812,-0.7894,2.276,4.843,
1790703940.697,/auto_vel,0.4712,-0.3199,,,
1790703940.702,/compensador_rumo/cmd_vel,0.4712,-0.3199,,,
1790703940.702,/hoverboard_base_controller/cmd_vel,0.0000,0.0000,,,
1790703940.705,/cmd_vel_bruto,0.4712,-0.2219,,,
1790703940.705,odom,0.2832,-0.7766,2.278,4.838,
1790703940.724,/auto_vel_raw,0.4829,-0.2423,,,
1790703940.729,odom,0.2853,-0.7632,2.280,4.833,
1790703940.745,/auto_vel,0.4829,-0.2423,,,
1790703940.745,/compensador_rumo/cmd_vel,0.4829,-0.2423,,,
1790703940.748,/cmd_vel_bruto,0.4829,-0.0439,,,
1790703940.749,odom,0.2876,-0.7491,2.282,4.827,
1790703940.755,/hoverboard_base_controller/cmd_vel,0.3092,-0.7352,,,
1790703940.771,/auto_vel_raw,0.5000,0.0000,,,
1790703940.771,odom,0.2899,-0.7343,2.285,4.822,
1790703940.783,/auto_vel,0.5000,0.0000,,,
1790703940.786,/compensador_rumo/cmd_vel,0.5000,0.0000,,,
1790703940.791,/cmd_vel_bruto,0.5000,0.5094,,,
1790703940.796,/hoverboard_base_controller/cmd_vel,0.0000,0.0000,,,
1790703940.803,odom,0.2925,-0.7179,2.287,4.816,
1790703940.832,odom,0.2950,-0.7015,2.289,4.811,
1790703940.851,/auto_vel_raw,0.5000,0.0000,,,
1790703940.856,odom,0.2978,-0.6842,2.290,4.805,
1790703940.862,/auto_vel,0.5000,0.0000,,,
1790703940.866,/compensador_rumo/cmd_vel,0.5000,0.0000,,,
1790703940.871,/hoverboard_base_controller/cmd_vel,0.3225,-0.6519,,,
1790703940.872,/cmd_vel_bruto,0.5000,0.5106,,,
1790703940.878,odom,0.3006,-0.6660,2.292,4.800,
1790703940.909,odom,0.3038,-0.6470,2.294,4.794,
1790703940.918,/auto_vel_raw,0.5000,0.0000,,,
1790703940.941,odom,0.3078,-0.6261,2.295,4.788,
1790703940.944,/auto_vel,0.5000,0.0000,,,
1790703940.944,/compensador_rumo/cmd_vel,0.5000,0.0000,,,
1790703940.945,/hoverboard_base_controller/cmd_vel,0.3294,-0.6086,,,
1790703940.954,/cmd_vel_bruto,0.5000,0.5326,,,
1790703940.969,odom,0.3118,-0.6052,2.297,4.782,
1790703940.985,/auto_vel_raw,0.5000,0.0000,,,
1790703941.008,odom,0.3160,-0.5830,2.299,4.776,
1790703941.015,/auto_vel,0.5000,0.0000,,,
1790703941.015,/compensador_rumo/cmd_vel,0.5000,0.0000,,,
1790703941.018,/hoverboard_base_controller/cmd_vel,0.3349,-0.5741,,,
1790703941.018,/cmd_vel_bruto,0.5000,0.5458,,,
1790703941.032,odom,0.3204,-0.5597,2.300,4.769,
1790703941.052,odom,0.3225,-0.5489,2.301,4.763,
1790703941.059,/auto_vel_raw,0.5000,0.0000,,,
1790703941.124,/auto_vel,0.5000,0.0000,,,
1790703941.124,/compensador_rumo/cmd_vel,0.5000,0.0000,,,
1790703941.124,/cmd_vel_bruto,0.5000,0.5492,,,
1790703941.126,odom,0.3266,-0.5275,2.303,4.757,
1790703941.133,/hoverboard_base_controller/cmd_vel,0.3453,-0.5090,,,
1790703941.133,odom,0.3317,-0.5002,2.304,4.750,
1790703941.140,/auto_vel_raw,0.5000,0.0000,,,
1790703941.141,odom,0.3349,-0.4835,2.305,4.744,
1790703941.148,odom,0.3349,-0.4835,2.306,4.737,
1790703941.160,/auto_vel,0.5000,0.0000,,,
1790703941.163,/compensador_rumo/cmd_vel,0.5000,0.0000,,,
1790703941.170,/hoverboard_base_controller/cmd_vel,0.3070,-0.0008,,,
1790703941.170,/cmd_vel_bruto,0.5000,0.5841,,,
1790703941.172,odom,0.3349,-0.4835,2.308,4.731,
1790703941.181,/auto_vel_raw,0.5000,0.0000,,,
1790703941.210,odom,0.3400,-0.4569,2.309,4.724,
1790703941.223,/auto_vel,0.5000,0.0000,,,
1790703941.224,/compensador_rumo/cmd_vel,0.5000,0.0000,,,
1790703941.228,/cmd_vel_bruto,0.5000,0.5676,,,
1790703941.236,odom,0.3453,-0.4290,2.310,4.717,
1790703941.242,/hoverboard_base_controller/cmd_vel,0.0000,0.0000,,,
1790703941.244,odom,0.3453,-0.4287,2.311,4.710,
1790703941.249,/auto_vel_raw,0.5000,0.0000,,,
1790703941.256,/auto_vel,0.5000,0.0000,,,
1790703941.258,/compensador_rumo/cmd_vel,0.5000,0.0000,,,
1790703941.264,/cmd_vel_bruto,0.5000,0.6073,,,
1790703941.266,odom,0.3453,-0.4287,2.311,4.703,
1790703941.272,/hoverboard_base_controller/cmd_vel,0.3069,-0.0000,,,
1790703941.278,odom,0.3453,-0.4287,2.312,4.696,
1790703941.284,/auto_vel_raw,0.5000,0.0000,,,
1790703941.311,odom,0.3178,-0.3620,2.313,4.690,
1790703941.321,/auto_vel,0.5000,0.0000,,,
1790703941.323,/compensador_rumo/cmd_vel,0.5000,0.0000,,,
1790703941.330,/cmd_vel_bruto,0.5000,0.6276,,,
1790703941.333,/hoverboard_base_controller/cmd_vel,0.3047,0.0138,,,
1790703941.349,odom,0.3105,-0.4164,2.314,4.684,
1790703941.364,/auto_vel_raw,0.4777,0.4242,,,
1790703941.377,odom,0.3091,-0.4269,2.314,4.678,
1790703941.389,/auto_vel,0.4777,0.4242,,,
1790703941.390,/compensador_rumo/cmd_vel,0.4777,0.4242,,,
1790703941.393,/cmd_vel_bruto,0.4777,1.5652,,,
1790703941.398,/hoverboard_base_controller/cmd_vel,0.3034,0.0220,,,
1790703941.405,odom,0.3070,-0.4429,2.315,4.672,
1790703941.421,odom,0.3067,-0.4442,2.315,4.666,
1790703941.428,/auto_vel_raw,0.4723,0.4481,,,
1790703941.445,odom,0.3032,-0.3042,2.316,4.660,
1790703941.454,/auto_vel,0.4723,0.4481,,,
1790703941.457,/compensador_rumo/cmd_vel,0.4723,0.4481,,,
1790703941.458,/hoverboard_base_controller/cmd_vel,0.3031,0.0241,,,
1790703941.460,/cmd_vel_bruto,0.4723,1.6141,,,
1790703941.460,odom,0.3032,-0.3040,2.316,4.653,
1790703941.472,/auto_vel_raw,0.4677,0.4657,,,
1790703941.477,odom,0.3032,-0.3038,2.317,4.647,
1790703941.486,/auto_vel,0.4677,0.4657,,,
1790703941.486,/compensador_rumo/cmd_vel,0.4677,0.4657,,,
1790703941.488,/cmd_vel_bruto,0.4677,1.6072,,,
1790703941.492,/hoverboard_base_controller/cmd_vel,0.0000,0.0000,,,
1790703941.506,odom,0.3032,-0.3036,2.317,4.641,
1790703941.534,odom,0.3031,-0.3033,2.317,4.635,
1790703941.539,/auto_vel_raw,0.4623,0.4841,,,
1790703941.592,odom,0.2043,-0.0592,2.317,4.631,
1790703941.594,/auto_vel,0.4623,0.4841,,,
1790703941.595,/compensador_rumo/cmd_vel,0.4623,0.4841,,,
1790703941.599,/cmd_vel_bruto,0.4623,1.6135,,,
1790703941.602,/hoverboard_base_controller/cmd_vel,0.3012,0.0354,,,
1790703941.661,odom,0.2043,-0.0590,2.318,4.627,
1790703941.702,/auto_vel_raw,0.4594,0.4935,,,
1790703941.734,odom,0.2043,-0.0590,2.318,4.623,
1790703941.742,/auto_vel,0.4594,0.4935,,,
1790703941.742,/compensador_rumo/cmd_vel,0.4594,0.4935,,,
1790703941.742,/cmd_vel_bruto,0.4594,1.5960,,,
1790703941.755,/hoverboard_base_controller/cmd_vel,0.2974,0.0594,,,
1790703941.800,odom,0.1813,-0.0422,2.318,4.619,
1790703941.862,/auto_vel_raw,0.4558,0.5041,,,
1790703941.862,odom,0.2026,-0.0497,2.318,4.615,
1790703941.879,/auto_vel,0.4558,0.5041,,,
1790703941.883,/compensador_rumo/cmd_vel,0.4558,0.5041,,,
1790703941.883,/cmd_vel_bruto,0.4558,1.5845,,,
1790703941.887,/hoverboard_base_controller/cmd_vel,0.2955,0.0715,,,
1790703941.897,odom,0.2813,0.0560,2.318,4.610,
1790703941.924,odom,0.2816,0.0593,2.319,4.604,
1790703941.945,/auto_vel_raw,0.4541,0.5091,,,
1790703941.963,odom,0.2818,0.0582,2.319,4.599,
1790703941.967,/auto_vel,0.4541,0.5091,,,
1790703941.972,/compensador_rumo/cmd_vel,0.4541,0.5091,,,
1790703941.975,/cmd_vel_bruto,0.4541,1.5658,,,
1790703941.979,/hoverboard_base_controller/cmd_vel,0.2201,0.5428,,,
1790703941.992,odom,0.2822,0.0564,2.319,4.593,
1790703942.028,odom,0.2825,0.0547,2.319,4.587,
1790703942.029,/auto_vel_raw,0.4507,0.5183,,,
1790703942.068,odom,0.2263,0.2094,2.320,4.583,
1790703942.073,/auto_vel,0.4507,0.5183,,,
1790703942.074,/compensador_rumo/cmd_vel,0.4507,0.5183,,,
1790703942.077,/cmd_vel_bruto,0.4507,1.6013,,,
1790703942.087,/hoverboard_base_controller/cmd_vel,0.2160,0.5684,,,
1790703942.095,odom,0.2263,0.2094,2.320,4.578,
1790703942.120,/auto_vel_raw,0.4418,0.5366,,,
1790703942.135,odom,0.2172,0.1915,2.320,4.574,
1790703942.148,/auto_vel,0.4418,0.5366,,,
1790703942.148,/compensador_rumo/cmd_vel,0.4418,0.5366,,,
1790703942.155,/hoverboard_base_controller/cmd_vel,0.2154,0.5717,,,
1790703942.155,/cmd_vel_bruto,0.4418,1.6509,,,
1790703942.186,odom,0.2201,0.1764,2.320,4.570,
1790703942.221,odom,0.2201,0.1764,2.321,4.565,
1790703942.232,/auto_vel_raw,0.4352,0.5464,,,
1790703942.270,odom,0.2154,0.3027,2.321,4.561,
1790703942.283,/auto_vel,0.4352,0.5464,,,
1790703942.283,/compensador_rumo/cmd_vel,0.4352,0.5464,,,
1790703942.286,/cmd_vel_bruto,0.4352,1.6575,,,
1790703942.293,/hoverboard_base_controller/cmd_vel,0.2139,0.5811,,,
1790703942.363,odom,0.2154,0.3027,2.321,4.557,
1790703942.398,/auto_vel_raw,0.4318,0.5491,,,
1790703942.399,odom,0.2154,0.3027,2.321,4.552,
1790703942.422,/auto_vel,0.4318,0.5491,,,
1790703942.422,/compensador_rumo/cmd_vel,0.4318,0.5491,,,
1790703942.422,odom,0.2154,0.3027,2.322,4.548,
1790703942.429,/cmd_vel_bruto,0.4318,1.6439,,,
1790703942.443,/hoverboard_base_controller/cmd_vel,0.2143,0.5787,,,
1790703942.466,/auto_vel_raw,0.4331,0.5425,,,
1790703942.466,odom,0.2154,0.3027,2.322,4.544,
1790703942.503,/auto_vel,0.4331,0.5425,,,
1790703942.504,/compensador_rumo/cmd_vel,0.4331,0.5425,,,
1790703942.504,/hoverboard_base_controller/cmd_vel,0.0000,0.0000,,,
1790703942.504,/cmd_vel_bruto,0.4331,1.6129,,,
1790703942.554,odom,0.2143,0.4277,2.323,4.539,
1790703942.597,odom,0.2143,0.4277,2.323,4.535,
1790703942.612,/auto_vel_raw,0.4328,0.5360,,,
1790703942.636,odom,0.2143,0.4277,2.324,4.531,
1790703942.650,/auto_vel,0.4328,0.5360,,,
1790703942.650,/compensador_rumo/cmd_vel,0.4328,0.5360,,,
1790703942.655,/cmd_vel_bruto,0.4328,1.5834,,,
1790703942.659,/hoverboard_base_controller/cmd_vel,0.2151,0.5738,,,
1790703942.677,odom,0.2143,0.4277,2.324,4.527,
1790703942.720,odom,0.2143,0.4277,2.325,4.522,
1790703942.725,/auto_vel_raw,0.4318,0.5362,,,
1790703942.774,odom,0.2151,0.4832,2.325,4.518,
1790703942.780,/auto_vel,0.4318,0.5362,,,
1790703942.782,/compensador_rumo/cmd_vel,0.4318,0.5362,,,
1790703942.783,/cmd_vel_bruto,0.4318,1.5835,,,
1790703942.784,/hoverboard_base_controller/cmd_vel,0.2122,0.5921,,,
1790703942.847,odom,0.2151,0.4832,2.326,4.514,
1790703942.867,/auto_vel_raw,0.4291,0.5361,,,
1790703942.875,odom,0.2151,0.4832,2.327,4.510,
1790703942.880,/auto_vel,0.4291,0.5361,,,
1790703942.881,/compensador_rumo/cmd_vel,0.4291,0.5361,,,
1790703942.882,/cmd_vel_bruto,0.4291,1.5810,,,
1790703942.884,/hoverboard_base_controller/cmd_vel,0.2071,0.6235,,,
1790703942.931,odom,0.2151,0.4832,2.327,4.505,
1790703943.003,odom,0.2151,0.4832,2.328,4.501,
1790703943.006,/auto_vel_raw,0.4301,0.5310,,,
1790703943.065,odom,0.2071,0.5251,2.329,4.497,
1790703943.077,/auto_vel,0.4301,0.5310,,,
1790703943.079,/compensador_rumo/cmd_vel,0.4301,0.5310,,,
1790703943.080,/cmd_vel_bruto,0.4301,1.5706,,,
1790703943.091,/hoverboard_base_controller/cmd_vel,0.2052,0.6353,,,
1790703943.123,odom,0.2071,0.5250,2.330,4.493,
1790703943.146,/auto_vel_raw,0.4337,0.5193,,,
1790703943.167,odom,0.2071,0.5250,2.331,4.489,
1790703943.179,/auto_vel,0.4337,0.5193,,,
1790703943.180,/compensador_rumo/cmd_vel,0.4337,0.5193,,,
1790703943.182,/hoverboard_base_controller/cmd_vel,0.2053,0.6350,,,
1790703943.182,/cmd_vel_bruto,0.4337,1.5375,,,
1790703943.201,odom,0.2071,0.5250,2.332,4.485,
1790703943.239,/auto_vel_raw,0.4343,0.5159,,,
1790703943.239,odom,0.2071,0.5250,2.332,4.481,
1790703943.287,odom,0.2053,0.5348,2.333,4.477,
1790703943.296,/auto_vel,0.4343,0.5159,,,
1790703943.297,/compensador_rumo/cmd_vel,0.4343,0.5159,,,
1790703943.298,/cmd_vel_bruto,0.4343,1.5279,,,
1790703943.301,/hoverboard_base_controller/cmd_vel,0.2075,0.6213,,,
1790703943.375,odom,0.2053,0.5348,2.334,4.473,
1790703943.418,/auto_vel_raw,0.4377,0.5059,,,
1790703943.451,odom,0.2053,0.5348,2.336,4.469,
1790703943.459,/auto_vel,0.4377,0.5059,,,
1790703943.466,/compensador_rumo/cmd_vel,0.4377,0.5059,,,
1790703943.466,/cmd_vel_bruto,0.4377,1.5022,,,
1790703943.471,/hoverboard_base_controller/cmd_vel,0.2093,0.6102,,,
1790703943.504,odom,0.2053,0.5348,2.337,4.465,
1790703943.533,odom,0.2053,0.5348,2.338,4.461,
1790703943.537,/auto_vel_raw,0.4437,0.4925,,,
1790703943.562,odom,0.2081,0.5211,2.339,4.457,
1790703943.572,/auto_vel,0.4437,0.4925,,,
1790703943.578,/compensador_rumo/cmd_vel,0.4437,0.4925,,,
1790703943.579,/cmd_vel_bruto,0.4437,1.4688,,,
1790703943.584,odom,0.2093,0.5139,2.340,4.453,
1790703943.586,/hoverboard_base_controller/cmd_vel,0.2085,0.6147,,,
1790703943.600,/auto_vel_raw,0.4458,0.4872,,,
1790703943.605,odom,0.2093,0.5139,2.342,4.449,
1790703943.612,/auto_vel,0.4458,0.4872,,,
1790703943.613,/compensador_rumo/cmd_vel,0.4458,0.4872,,,
1790703943.631,/hoverboard_base_controller/cmd_vel,0.0000,0.0000,,,
1790703943.633,/cmd_vel_bruto,0.4458,1.4595,,,
1790703943.639,odom,0.2093,0.5139,2.343,4.445,
1790703943.660,/auto_vel_raw,0.4500,0.4730,,,
1790703943.661,odom,0.2093,0.5139,2.344,4.441,
1790703943.702,odom,0.1433,0.4618,2.345,4.438,
1790703943.710,/auto_vel,0.4500,0.4730,,,
1790703943.711,/compensador_rumo/cmd_vel,0.4500,0.4730,,,
1790703943.711,/hoverboard_base_controller/cmd_vel,0.2094,0.6091,,,
1790703943.711,/cmd_vel_bruto,0.4500,1.4157,,,
1790703943.716,odom,0.1433,0.4617,2.346,4.436,
1790703943.726,/auto_vel_raw,0.4521,0.4689,,,
1790703943.749,odom,0.1279,0.5072,2.347,4.433,
1790703943.756,/auto_vel,0.4521,0.4689,,,
1790703943.760,/compensador_rumo/cmd_vel,0.4521,0.4689,,,
1790703943.761,/cmd_vel_bruto,0.4521,1.3840,,,
1790703943.762,/hoverboard_base_controller/cmd_vel,0.2124,0.5908,,,
1790703943.831,odom,0.1335,0.5210,2.348,4.431,
1790703943.941,odom,0.1324,0.5284,2.349,4.428,
1790703943.947,/auto_vel_raw,0.4566,0.4526,,,
1790703944.020,odom,0.1946,0.5832,2.351,4.425,
1790703944.028,/auto_vel,0.4566,0.4526,,,
1790703944.028,/compensador_rumo/cmd_vel,0.4566,0.4526,,,
1790703944.030,/cmd_vel_bruto,0.4566,1.3057,,,
1790703944.032,/hoverboard_base_controller/cmd_vel,0.2131,0.5860,,,
1790703944.086,odom,0.1970,0.5710,2.352,4.422,
1790703944.123,/auto_vel_raw,0.4606,0.4424,,,
1790703944.152,odom,0.1994,0.5589,2.354,4.418,
1790703944.165,/auto_vel,0.4606,0.4424,,,
1790703944.165,/compensador_rumo/cmd_vel,0.4606,0.4424,,,
1790703944.165,/cmd_vel_bruto,0.4606,1.2881,,,
1790703944.167,/hoverboard_base_controller/cmd_vel,0.2156,0.5709,,,
1790703944.222,odom,0.2017,0.5469,2.356,4.414,
1790703944.322,odom,0.2039,0.5351,2.358,4.411,
1790703944.327,/auto_vel_raw,0.4635,0.4313,,,
1790703944.449,odom,0.2077,0.5343,2.360,4.407,
1790703944.461,/auto_vel,0.4635,0.4313,,,
1790703944.466,/compensador_rumo/cmd_vel,0.4635,0.4313,,,
1790703944.466,/cmd_vel_bruto,0.4635,1.2788,,,
1790703944.467,/hoverboard_base_controller/cmd_vel,0.2191,0.5490,,,
1790703944.539,odom,0.2098,0.5225,2.362,4.403,
1790703944.578,/auto_vel_raw,0.4710,0.4131,,,
1790703944.623,odom,0.2119,0.5108,2.364,4.400,
1790703944.626,/auto_vel,0.4710,0.4131,,,
1790703944.626,/compensador_rumo/cmd_vel,0.4710,0.4131,,,
1790703944.626,/cmd_vel_bruto,0.4710,1.2584,,,
1790703944.628,/hoverboard_base_controller/cmd_vel,0.2201,0.5423,,,
1790703944.718,odom,0.2135,0.4999,2.366,4.396,
1790703944.778,/auto_vel_raw,0.4744,0.3971,,,
1790703944.784,odom,0.2146,0.4899,2.368,4.392,
1790703944.791,/auto_vel,0.4744,0.3971,,,
1790703944.793,/compensador_rumo/cmd_vel,0.4744,0.3971,,,
1790703944.795,/hoverboard_base_controller/cmd_vel,0.0000,0.0000,,,
1790703944.796,/cmd_vel_bruto,0.4744,1.2560,,,
1790703944.870,odom,0.2164,0.4786,2.370,4.388,
1790703944.929,odom,0.2183,0.4671,2.372,4.385,
1790703944.969,/auto_vel_raw,0.4793,0.3789,,,
1790703945.000,odom,0.2200,0.4572,2.374,4.381,
1790703945.011,/auto_vel,0.4793,0.3789,,,
1790703945.011,/compensador_rumo/cmd_vel,0.4793,0.3789,,,
1790703945.011,/cmd_vel_bruto,0.4793,1.2298,,,
1790703945.014,/hoverboard_base_controller/cmd_vel,0.2265,0.5024,,,
1790703945.045,odom,0.2201,0.4566,2.376,4.377,
1790703945.081,odom,0.2201,0.4566,2.379,4.373,
1790703945.086,/auto_vel_raw,0.4806,0.3707,,,
1790703945.165,odom,0.2216,0.4488,2.381,4.369,
1790703945.190,/auto_vel,0.4806,0.3707,,,
1790703945.190,/compensador_rumo/cmd_vel,0.4806,0.3707,,,
1790703945.190,/hoverboard_base_controller/cmd_vel,0.2349,0.4500,,,
1790703945.190,/cmd_vel_bruto,0.4806,1.2164,,,
1790703945.190,odom,0.2235,0.4392,2.383,4.366,
1790703945.205,/auto_vel_raw,0.4826,0.3550,,,
1790703945.214,odom,0.2253,0.4296,2.386,4.362,
1790703945.221,/auto_vel,0.4826,0.3550,,,
1790703945.221,/compensador_rumo/cmd_vel,0.4826,0.3550,,,
1790703945.222,/cmd_vel_bruto,0.4826,1.1864,,,
1790703945.235,/hoverboard_base_controller/cmd_vel,0.0000,0.0000,,,
1790703945.238,odom,0.2265,0.4230,2.388,4.358,
1790703945.257,odom,0.2265,0.4230,2.391,4.354,
1790703945.269,/auto_vel_raw,0.4844,0.3373,,,
1790703945.288,odom,0.1530,0.3840,2.392,4.352,
1790703945.306,/auto_vel,0.4844,0.3373,,,
1790703945.306,/compensador_rumo/cmd_vel,0.4844,0.3373,,,
1790703945.310,/cmd_vel_bruto,0.4844,1.1403,,,
1790703945.316,/hoverboard_base_controller/cmd_vel,0.2390,0.4242,,,
1790703945.320,odom,0.1571,0.3524,2.394,4.349,
1790703945.326,/auto_vel_raw,0.4855,0.3307,,,
1790703945.339,odom,0.1428,0.3732,2.396,4.347,
1790703945.341,/auto_vel,0.4855,0.3307,,,
1790703945.341,/compensador_rumo/cmd_vel,0.4855,0.3307,,,
1790703945.341,/cmd_vel_bruto,0.4855,1.1020,,,
1790703945.356,/hoverboard_base_controller/cmd_vel,0.0000,0.0000,,,
1790703945.357,odom,0.1451,0.4224,2.398,4.344,
1790703945.384,/auto_vel_raw,0.4885,0.3033,,,
1790703945.384,odom,0.1450,0.4221,2.399,4.342,
1790703945.402,odom,0.0724,0.2040,2.400,4.341,
1790703945.413,/auto_vel,0.4885,0.3033,,,
1790703945.414,/compensador_rumo/cmd_vel,0.4885,0.3033,,,
1790703945.414,/cmd_vel_bruto,0.4885,0.9788,,,
1790703945.427,/hoverboard_base_controller/cmd_vel,0.2426,0.4017,,,
1790703945.428,odom,0.0726,0.2024,2.401,4.339,
1790703945.439,/auto_vel_raw,0.4902,0.2894,,,
1790703945.445,odom,0.0604,0.2093,2.402,4.338,
1790703945.453,/auto_vel,0.4902,0.2894,,,
1790703945.453,/compensador_rumo/cmd_vel,0.4902,0.2894,,,
1790703945.453,/cmd_vel_bruto,0.4902,0.8806,,,
1790703945.457,/hoverboard_base_controller/cmd_vel,0.0000,0.0000,,,
1790703945.468,odom,0.0638,0.2281,2.403,4.337,
1790703945.480,odom,0.0638,0.2278,2.403,4.336,
1790703945.493,/auto_vel_raw,0.4914,0.2766,,,
1790703945.503,odom,0.0016,0.0524,2.403,4.336,
1790703945.524,/auto_vel,0.4914,0.2766,,,
1790703945.528,/compensador_rumo/cmd_vel,0.4914,0.2766,,,
1790703945.529,/hoverboard_base_controller/cmd_vel,0.2438,0.3942,,,
1790703945.529,/cmd_vel_bruto,0.4914,0.7703,,,
1790703945.529,odom,0.0016,0.0524,2.403,4.336,
1790703945.544,/auto_vel_raw,0.4921,0.2754,,,
1790703945.558,odom,-0.0009,0.0508,2.403,4.336,
1790703945.561,/auto_vel,0.4921,0.2754,,,
1790703945.561,/compensador_rumo/cmd_vel,0.4921,0.2754,,,
1790703945.561,/cmd_vel_bruto,0.4921,0.7270,,,
1790703945.574,/hoverboard_base_controller/cmd_vel,0.2464,0.3784,,,
1790703945.576,odom,0.0001,0.0451,2.403,4.336,
1790703945.611,odom,0.0001,0.0447,2.403,4.336,
1790703945.618,/auto_vel_raw,0.4938,0.2723,,,
1790703945.668,odom,0.0777,0.1925,2.404,4.335,
1790703945.678,/auto_vel,0.4938,0.2723,,,
1790703945.678,/compensador_rumo/cmd_vel,0.4938,0.2723,,,
1790703945.683,/cmd_vel_bruto,0.4938,0.6648,,,
1790703945.689,/hoverboard_base_controller/cmd_vel,0.2501,0.3552,,,
1790703945.728,odom,0.0793,0.1853,2.405,4.334,
1790703945.758,/auto_vel_raw,0.4950,0.2651,,,
1790703945.783,odom,0.0795,0.1808,2.406,4.333,
1790703945.795,/auto_vel,0.4950,0.2651,,,
1790703945.796,/compensador_rumo/cmd_vel,0.4950,0.2651,,,
1790703945.796,/cmd_vel_bruto,0.4950,0.6532,,,
1790703945.797,/hoverboard_base_controller/cmd_vel,0.2531,0.3361,,,
1790703945.833,odom,0.0797,0.1763,2.407,4.332,
1790703945.882,odom,0.0799,0.1719,2.408,4.331,
1790703945.889,/auto_vel_raw,0.4962,0.2575,,,
1790703945.950,odom,0.1557,0.3203,2.410,4.328,
1790703945.960,/auto_vel,0.4962,0.2575,,,
1790703945.964,/compensador_rumo/cmd_vel,0.4962,0.2575,,,
1790703945.964,/cmd_vel_bruto,0.4962,0.6672,,,
1790703945.966,/hoverboard_base_controller/cmd_vel,0.2632,0.2729,,,
1790703946.021,odom,0.1576,0.3111,2.412,4.326,
1790703946.064,/auto_vel_raw,0.4977,0.2403,,,
1790703946.086,odom,0.1592,0.3009,2.414,4.324,
1790703946.100,/auto_vel,0.4977,0.2403,,,
1790703946.100,/compensador_rumo/cmd_vel,0.4977,0.2403,,,
1790703946.108,/cmd_vel_bruto,0.4977,0.7029,,,
1790703946.111,/hoverboard_base_controller/cmd_vel,0.2716,0.2209,,,
1790703946.210,/auto_vel_raw,0.5000,0.0000,,,
1790703946.211,odom,0.1605,0.2917,2.416,4.321,
1790703946.220,odom,0.1607,0.2853,2.418,4.319,
1790703946.225,/auto_vel,0.5000,0.0000,,,
1790703946.226,/compensador_rumo/cmd_vel,0.5000,0.0000,,,
1790703946.229,odom,0.2237,0.2172,2.421,4.315,
1790703946.232,/hoverboard_base_controller/cmd_vel,0.2853,0.1353,,,
1790703946.232,/cmd_vel_bruto,0.5000,0.2386,,,
1790703946.232,odom,0.2254,0.2080,2.424,4.312,
1790703946.243,odom,0.2271,0.1991,2.427,4.309,
1790703946.249,/auto_vel_raw,0.5000,0.0000,,,
1790703946.320,odom,0.2288,0.1901,2.430,4.305,
1790703946.326,/auto_vel,0.5000,0.0000,,,
1790703946.331,/compensador_rumo/cmd_vel,0.5000,0.0000,,,
1790703946.338,/cmd_vel_bruto,0.5000,0.3349,,,
1790703946.343,/hoverboard_base_controller/cmd_vel,0.0000,0.0000,,,
1790703946.380,odom,0.2296,0.1860,2.433,4.302,
1790703946.386,/auto_vel_raw,0.5000,0.0000,,,
1790703946.412,odom,0.1441,0.0574,2.435,4.299,
1790703946.422,/auto_vel,0.5000,0.0000,,,
1790703946.422,/compensador_rumo/cmd_vel,0.5000,0.0000,,,
1790703946.424,/hoverboard_base_controller/cmd_vel,0.2912,0.0981,,,
1790703946.424,/cmd_vel_bruto,0.5000,0.3508,,,
1790703946.466,odom,0.1441,0.0574,2.437,4.297,
1790703946.485,/auto_vel_raw,0.5000,0.0000,,,
1790703946.494,/auto_vel,0.5000,0.0000,,,
1790703946.495,odom,0.1441,0.0574,2.439,4.295,
1790703946.510,/compensador_rumo/cmd_vel,0.5000,0.0000,,,
1790703946.511,/hoverboard_base_controller/cmd_vel,0.2924,0.0904,,,
1790703946.511,/cmd_vel_bruto,0.5000,0.3427,,,
1790703946.527,odom,0.1407,0.0574,2.440,4.293,
1790703946.562,odom,0.1408,0.0574,2.442,4.291,
1790703946.567,/auto_vel_raw,0.5000,0.0000,,,
1790703946.649,odom,0.2230,0.0901,2.445,4.288,
1790703946.664,/auto_vel,0.5000,0.0000,,,
1790703946.664,/compensador_rumo/cmd_vel,0.5000,0.0000,,,
1790703946.667,/cmd_vel_bruto,0.5000,0.3314,,,
1790703946.674,/hoverboard_base_controller/cmd_vel,0.2913,0.0976,,,
1790703946.697,odom,0.2232,0.0904,2.448,4.285,
1790703946.736,/auto_vel_raw,0.5000,0.0000,,,
1790703946.760,odom,0.2234,0.0904,2.451,4.281,
1790703946.778,/auto_vel,0.5000,0.0000,,,
1790703946.778,/compensador_rumo/cmd_vel,0.5000,0.0000,,,
1790703946.782,/cmd_vel_bruto,0.5000,0.3211,,,
1790703946.796,/hoverboard_base_controller/cmd_vel,0.2882,0.1170,,,
1790703946.812,odom,0.2236,0.0904,2.454,4.278,
1790703946.858,odom,0.2238,0.0904,2.457,4.275,
1790703946.872,/auto_vel_raw,0.5000,0.0000,,,
1790703946.946,odom,0.2848,0.1170,2.461,4.271,
1790703946.956,/auto_vel,0.5000,0.0000,,,
1790703946.960,/compensador_rumo/cmd_vel,0.5000,0.0000,,,
1790703946.962,/cmd_vel_bruto,0.5000,0.3538,,,
1790703946.972,/hoverboard_base_controller/cmd_vel,0.3366,-0.1855,,,
1790703946.983,odom,0.2851,0.1170,2.464,4.266,
1790703947.008,/auto_vel_raw,0.5000,0.0000,,,
1790703947.021,odom,0.2855,0.1170,2.468,4.262,
1790703947.034,/auto_vel,0.5000,0.0000,,,
1790703947.034,/compensador_rumo/cmd_vel,0.5000,0.0000,,,
1790703947.035,/cmd_vel_bruto,0.5000,0.4207,,,
1790703947.045,/hoverboard_base_controller/cmd_vel,0.3255,-0.1165,,,
1790703947.053,odom,0.2858,0.1170,2.472,4.258,
1790703947.088,odom,0.2861,0.1170,2.476,4.254,
1790703947.092,/auto_vel_raw,0.5000,0.0000,,,
1790703947.146,odom,0.3251,-0.0313,2.480,4.249,
1790703947.159,/auto_vel,0.5000,0.0000,,,
1790703947.161,/compensador_rumo/cmd_vel,0.5000,0.0000,,,
1790703947.163,/cmd_vel_bruto,0.5000,0.4778,,,
1790703947.167,/hoverboard_base_controller/cmd_vel,0.3238,-0.1054,,,
1790703947.178,odom,0.3255,-0.0292,2.485,4.244,
1790703947.199,/auto_vel_raw,0.5000,0.0000,,,
1790703947.203,odom,0.3255,-0.0290,2.489,4.239,
1790703947.219,/auto_vel,0.5000,0.0000,,,
1790703947.220,/compensador_rumo/cmd_vel,0.5000,0.0000,,,
1790703947.225,/cmd_vel_bruto,0.5000,0.5150,,,
1790703947.230,/hoverboard_base_controller/cmd_vel,0.3247,-0.1110,,,
1790703947.232,odom,0.3255,-0.0290,2.494,4.235,
1790703947.252,odom,0.3255,-0.0290,2.498,4.230,
1790703947.256,/auto_vel_raw,0.5000,0.0000,,,
1790703947.305,odom,0.3247,-0.0935,2.502,4.225,
1790703947.318,/auto_vel,0.5000,0.0000,,,
1790703947.320,/compensador_rumo/cmd_vel,0.5000,0.0000,,,
1790703947.320,/hoverboard_base_controller/cmd_vel,0.3259,-0.1189,,,
1790703947.321,/cmd_vel_bruto,0.5000,0.5595,,,
1790703947.327,odom,0.3247,-0.0935,2.507,4.220,
1790703947.350,/auto_vel_raw,0.5000,0.0000,,,
1790703947.370,odom,0.3247,-0.0935,2.511,4.216,
1790703947.378,/auto_vel,0.5000,0.0000,,,
1790703947.381,/compensador_rumo/cmd_vel,0.5000,0.0000,,,
1790703947.381,/hoverboard_base_controller/cmd_vel,0.3271,-0.1261,,,
1790703947.381,/cmd_vel_bruto,0.5000,0.5815,,,
1790703947.392,odom,0.3247,-0.0935,2.516,4.211,
1790703947.434,odom,0.3247,-0.0935,2.520,4.206,
1790703947.445,/auto_vel_raw,0.5000,0.0000,,,
1790703947.488,odom,0.3270,-0.1067,2.524,4.201,
1790703947.496,/auto_vel,0.5000,0.0000,,,
1790703947.497,/compensador_rumo/cmd_vel,0.5000,0.0000,,,
1790703947.500,/cmd_vel_bruto,0.5000,0.5905,,,
1790703947.502,/hoverboard_base_controller/cmd_vel,0.3234,-0.1034,,,
1790703947.521,odom,0.3271,-0.1062,2.529,4.196,
1790703947.537,/auto_vel_raw,0.5000,0.0000,,,
1790703947.545,odom,0.3271,-0.1062,2.533,4.191,
1790703947.566,/auto_vel,0.5000,0.0000,,,
1790703947.566,/compensador_rumo/cmd_vel,0.5000,0.0000,,,
1790703947.570,/hoverboard_base_controller/cmd_vel,0.3162,-0.0581,,,
1790703947.571,/cmd_vel_bruto,0.5000,0.5940,,,
1790703947.571,odom,0.3271,-0.1062,2.537,4.187,
1790703947.584,odom,0.3271,-0.1062,2.542,4.182,
1790703947.593,/auto_vel_raw,0.5000,0.0000,,,
1790703947.593,/auto_vel,0.5000,0.0000,,,
1790703947.593,/compensador_rumo/cmd_vel,0.5000,0.0000,,,
1790703947.593,/cmd_vel_bruto,0.5000,0.5985,,,
1790703947.599,/hoverboard_base_controller/cmd_vel,0.3102,-0.0209,,,
1790703947.603,odom,0.3260,-0.1004,2.546,4.177,
1790703947.638,odom,0.3252,-0.0962,2.550,4.172,
1790703947.646,odom,0.3244,-0.0920,2.555,4.167,
1790703947.651,/auto_vel_raw,0.5000,0.0000,,,
1790703947.654,odom,0.3236,-0.0879,2.559,4.162,
1790703947.667,/auto_vel,0.5000,0.0000,,,
1790703947.673,/compensador_rumo/cmd_vel,0.5000,0.0000,,,
1790703947.673,/cmd_vel_bruto,0.5000,0.5639,,,
1790703947.674,odom,0.3234,-0.0870,2.563,4.157,
1790703947.680,/hoverboard_base_controller/cmd_vel,0.3065,0.0027,,,
1790703947.684,/auto_vel_raw,0.5000,0.0000,,,
1790703947.694,odom,0.3097,-0.0202,2.567,4.153,
1790703947.698,/auto_vel,0.5000,0.0000,,,
1790703947.701,/compensador_rumo/cmd_vel,0.5000,0.0000,,,
1790703947.701,/cmd_vel_bruto,0.5000,0.5752,,,
1790703947.706,/hoverboard_base_controller/cmd_vel,0.3020,0.0304,,,
1790703947.725,odom,0.3102,-0.0179,2.571,4.148,
1790703947.730,odom,0.3102,-0.0176,2.575,4.143,
1790703947.734,/auto_vel_raw,0.5000,0.0000,,,
1790703947.763,odom,0.3102,-0.0176,2.580,4.139,
1790703947.772,/auto_vel,0.5000,0.0000,,,
1790703947.775,/compensador_rumo/cmd_vel,0.5000,0.0000,,,
1790703947.777,/hoverboard_base_controller/cmd_vel,0.2999,0.0438,,,
1790703947.778,/cmd_vel_bruto,0.5000,0.5852,,,
1790703947.787,/auto_vel_raw,0.5000,0.0000,,,
1790703947.787,odom,0.3102,-0.0176,2.584,4.134,
1790703947.821,odom,0.2986,0.0438,2.588,4.129,
1790703947.838,/auto_vel,0.5000,0.0000,,,
1790703947.838,/compensador_rumo/cmd_vel,0.5000,0.0000,,,
1790703947.844,/cmd_vel_bruto,0.5000,0.5842,,,
1790703947.844,odom,0.2988,0.0438,2.591,4.125,
1790703947.852,/hoverboard_base_controller/cmd_vel,0.2990,0.0493,,,
1790703947.862,/auto_vel_raw,0.5000,0.0000,,,
1790703947.876,odom,0.2989,0.0438,2.595,4.120,
1790703947.891,/auto_vel,0.5000,0.0000,,,
1790703947.891,/compensador_rumo/cmd_vel,0.5000,0.0000,,,
1790703947.893,/cmd_vel_bruto,0.5000,0.5978,,,
1790703947.893,odom,0.2990,0.0438,2.599,4.116,
1790703947.906,/hoverboard_base_controller/cmd_vel,0.2987,0.0514,,,
1790703947.920,odom,0.2992,0.0438,2.603,4.111,
1790703947.932,/auto_vel_raw,0.5000,0.0000,,,
1790703947.947,odom,0.2991,0.0455,2.607,4.107,
1790703947.958,/auto_vel,0.5000,0.0000,,,
1790703947.963,/compensador_rumo/cmd_vel,0.5000,0.0000,,,
1790703947.965,odom,0.2990,0.0472,2.611,4.102,
1790703947.969,/cmd_vel_bruto,0.5000,0.5623,,,
1790703947.971,/hoverboard_base_controller/cmd_vel,0.2982,0.0541,,,
1790703947.991,/auto_vel_raw,0.5000,0.0000,,,
1790703947.997,odom,0.2990,0.0490,2.615,4.098,
1790703948.035,odom,0.2991,0.0493,2.619,4.093,
1790703948.049,/auto_vel,0.5000,0.0000,,,
1790703948.049,/compensador_rumo/cmd_vel,0.5000,0.0000,,,
1790703948.056,/cmd_vel_bruto,0.5000,0.5429,,,
1790703948.064,/hoverboard_base_controller/cmd_vel,0.3016,0.0331,,,
1790703948.085,odom,0.2992,0.0493,2.623,4.089,
1790703948.090,/auto_vel_raw,0.5000,0.0000,,,
1790703948.142,odom,0.3015,0.0380,2.627,4.084,
1790703948.144,/auto_vel,0.5000,0.0000,,,
1790703948.146,/compensador_rumo/cmd_vel,0.5000,0.0000,,,
1790703948.157,/cmd_vel_bruto,0.5000,0.5345,,,
1790703948.162,/hoverboard_base_controller/cmd_vel,0.3005,0.0400,,,
1790703948.166,odom,0.3015,0.0354,2.631,4.080,
1790703948.186,/auto_vel_raw,0.5000,0.0000,,,
1790703948.187,odom,0.3015,0.0332,2.635,4.075,
1790703948.206,odom,0.3016,0.0331,2.639,4.071,
1790703948.209,/auto_vel,0.5000,0.0000,,,
1790703948.209,/compensador_rumo/cmd_vel,0.5000,0.0000,,,
1790703948.210,odom,0.3017,0.0331,2.643,4.066,
1790703948.215,/cmd_vel_bruto,0.5000,0.5056,,,
1790703948.224,/auto_vel_raw,0.5000,0.0000,,,
1790703948.224,/hoverboard_base_controller/cmd_vel,0.2995,0.0461,,,
1790703948.238,odom,0.3008,0.0382,2.647,4.062,
1790703948.254,/auto_vel,0.5000,0.0000,,,
1790703948.255,/compensador_rumo/cmd_vel,0.5000,0.0000,,,
1790703948.257,/cmd_vel_bruto,0.5000,0.5456,,,
1790703948.263,/hoverboard_base_controller/cmd_vel,0.2996,0.0455,,,
1790703948.269,odom,0.3006,0.0392,2.651,4.057,
1790703948.285,/auto_vel_raw,0.5000,0.0000,,,
1790703948.288,odom,0.3006,0.0400,2.655,4.053,
1790703948.298,/auto_vel,0.5000,0.0000,,,
1790703948.301,/compensador_rumo/cmd_vel,0.5000,0.0000,,,
1790703948.308,/cmd_vel_bruto,0.5000,0.5573,,,
1790703948.312,/hoverboard_base_controller/cmd_vel,0.2983,0.0537,,,
1790703948.316,odom,0.3006,0.0400,2.659,4.048,
1790703948.335,odom,0.3006,0.0400,2.663,4.044,
1790703948.341,/auto_vel_raw,0.5000,0.0000,,,
1790703948.371,odom,0.2990,0.0508,2.667,4.039,
1790703948.383,/auto_vel,0.5000,0.0000,,,
1790703948.384,/compensador_rumo/cmd_vel,0.5000,0.0000,,,
1790703948.387,/hoverboard_base_controller/cmd_vel,0.3018,0.0321,,,
1790703948.387,/cmd_vel_bruto,0.5000,0.5546,,,
1790703948.400,odom,0.2985,0.0508,2.671,4.035,
1790703948.415,/auto_vel_raw,0.5000,0.0000,,,
1790703948.432,odom,0.2984,0.0522,2.675,4.030,
1790703948.435,/auto_vel,0.5000,0.0000,,,
1790703948.435,/compensador_rumo/cmd_vel,0.5000,0.0000,,,
1790703948.441,/hoverboard_base_controller/cmd_vel,0.3037,0.0202,,,
1790703948.442,/cmd_vel_bruto,0.5000,0.5838,,,
1790703948.450,odom,0.2984,0.0537,2.679,4.026,
1790703948.469,odom,0.2985,0.0537,2.683,4.021,
1790703948.475,/auto_vel_raw,0.5000,0.0000,,,
1790703948.516,odom,0.3036,0.0209,2.687,4.017,
1790703948.519,odom,0.3036,0.0202,2.691,4.012,
1790703948.522,/auto_vel,0.5000,0.0000,,,
1790703948.526,/compensador_rumo/cmd_vel,0.5000,0.0000,,,
1790703948.534,/auto_vel_raw,0.5000,0.0000,,,
1790703948.541,/cmd_vel_bruto,0.5000,0.5590,,,
1790703948.544,odom,0.3037,0.0202,2.695,4.008,
1790703948.550,/hoverboard_base_controller/cmd_vel,0.3045,0.0150,,,
1790703948.553,/auto_vel,0.5000,0.0000,,,
1790703948.553,/compensador_rumo/cmd_vel,0.5000,0.0000,,,
1790703948.570,/cmd_vel_bruto,0.5000,0.5425,,,
1790703948.573,odom,0.3037,0.0202,2.699,4.003,
1790703948.576,/hoverboard_base_controller/cmd_vel,0.3074,-0.0031,,,
1790703948.585,odom,0.3037,0.0202,2.703,3.999,
1790703948.592,/auto_vel_raw,0.5000,0.0000,,,
1790703948.640,odom,0.3074,-0.0026,2.707,3.994,
1790703948.659,/auto_vel,0.5000,0.0000,,,
1790703948.665,/compensador_rumo/cmd_vel,0.5000,0.0000,,,
1790703948.665,/cmd_vel_bruto,0.5000,0.5399,,,
1790703948.672,/hoverboard_base_controller/cmd_vel,0.3034,0.0218,,,
1790703948.678,odom,0.3074,-0.0026,2.711,3.990,
1790703948.683,/auto_vel_raw,0.5000,0.0000,,,
1790703948.683,/auto_vel,0.5000,0.0000,,,
1790703948.683,/compensador_rumo/cmd_vel,0.5000,0.0000,,,
1790703948.684,odom,0.3074,-0.0026,2.716,3.985,
1790703948.687,/cmd_vel_bruto,0.5000,0.5570,,,
1790703948.691,/hoverboard_base_controller/cmd_vel,0.3023,0.0291,,,
1790703948.697,odom,0.3074,-0.0026,2.720,3.981,
1790703948.723,odom,0.3074,-0.0026,2.724,3.976,
1790703948.729,/auto_vel_raw,0.5000,0.0000,,,
1790703948.764,odom,0.3014,0.0291,2.728,3.972,
1790703948.783,/auto_vel,0.5000,0.0000,,,
1790703948.783,/compensador_rumo/cmd_vel,0.5000,0.0000,,,
1790703948.788,/cmd_vel_bruto,0.5000,0.5657,,,
1790703948.791,/hoverboard_base_controller/cmd_vel,0.2997,0.0452,,,
1790703948.794,odom,0.3015,0.0291,2.732,3.967,
1790703948.819,/auto_vel_raw,0.4790,-0.4176,,,
1790703948.831,odom,0.3016,0.0291,2.736,3.963,
1790703948.856,/auto_vel,0.4790,-0.4176,,,
1790703948.856,/compensador_rumo/cmd_vel,0.4790,-0.4176,,,
1790703948.857,/hoverboard_base_controller/cmd_vel,0.0000,0.0000,,,
1790703948.857,/cmd_vel_bruto,0.4790,-0.3679,,,
1790703948.875,odom,0.3017,0.0291,2.740,3.958,
1790703948.939,odom,0.3018,0.0291,2.744,3.954,
1790703948.945,/auto_vel_raw,0.4713,-0.4518,,,
1790703948.987,odom,0.2270,-0.0000,2.747,3.950,
1790703948.994,/auto_vel,0.4713,-0.4518,,,
1790703949.001,/compensador_rumo/cmd_vel,0.4713,-0.4518,,,
1790703949.005,/cmd_vel_bruto,0.4713,-0.4736,,,
1790703949.018,/hoverboard_base_controller/cmd_vel,0.0000,0.0000,,,
1790703949.033,odom,0.2270,-0.0000,2.750,3.947,
1790703949.040,/auto_vel_raw,0.4687,-0.4622,,,
1790703949.050,odom,0.2184,0.0003,2.753,3.944,
1790703949.058,odom,0.2271,0.0000,2.756,3.940,
1790703949.069,/auto_vel,0.4687,-0.4622,,,
1790703949.070,/compensador_rumo/cmd_vel,0.4687,-0.4622,,,
1790703949.070,odom,0.2271,0.0000,2.759,3.937,
1790703949.075,/auto_vel_raw,0.4672,-0.4676,,,
1790703949.075,/hoverboard_base_controller/cmd_vel,0.3037,0.0200,,,
1790703949.075,/cmd_vel_bruto,0.4687,-0.5534,,,
1790703949.077,odom,0.1919,-0.0000,2.762,3.934,
1790703949.083,/auto_vel,0.4672,-0.4676,,,
1790703949.083,/compensador_rumo/cmd_vel,0.4672,-0.4676,,,
1790703949.087,odom,0.1919,0.0000,2.765,3.931,
1790703949.093,/cmd_vel_bruto,0.4672,-0.5994,,,
1790703949.101,/hoverboard_base_controller/cmd_vel,0.3023,0.0289,,,
1790703949.108,/auto_vel_raw,0.4647,-0.4762,,,
1790703949.117,odom,0.1919,0.0000,2.767,3.929,
1790703949.120,/auto_vel,0.4647,-0.4762,,,
1790703949.121,/compensador_rumo/cmd_vel,0.4647,-0.4762,,,
1790703949.127,/hoverboard_base_controller/cmd_vel,0.0000,0.0000,,,
1790703949.131,/cmd_vel_bruto,0.4647,-0.6345,,,
1790703949.163,odom,0.1919,0.0000,2.770,3.926,
1790703949.200,odom,0.1919,0.0000,2.772,3.923,
1790703949.209,/auto_vel_raw,0.4632,-0.4812,,,
1790703949.245,odom,0.0590,-0.0000,2.773,3.922,
1790703949.252,/auto_vel,0.4632,-0.4812,,,
1790703949.257,/compensador_rumo/cmd_vel,0.4632,-0.4812,,,
1790703949.260,/hoverboard_base_controller/cmd_vel,0.3014,0.0342,,,
1790703949.260,/cmd_vel_bruto,0.4632,-0.7033,,,
1790703949.309,odom,0.0590,0.0000,2.774,3.921,
1790703949.365,/auto_vel_raw,0.4617,-0.4863,,,
1790703949.377,odom,0.0590,-0.0000,2.775,3.920,
1790703949.403,/auto_vel,0.4617,-0.4863,,,
1790703949.403,/compensador_rumo/cmd_vel,0.4617,-0.4863,,,
1790703949.404,/hoverboard_base_controller/cmd_vel,0.3333,-0.5845,,,
1790703949.404,/cmd_vel_bruto,0.4617,-0.7730,,,
1790703949.434,odom,0.0590,-0.0000,2.776,3.919,
1790703949.493,odom,0.0316,-0.0010,2.776,3.919,
1790703949.501,/auto_vel_raw,0.4479,-0.5257,,,
1790703949.551,odom,0.1346,-0.1335,2.778,3.917,
1790703949.564,/auto_vel,0.4479,-0.5257,,,
1790703949.564,/compensador_rumo/cmd_vel,0.4479,-0.5257,,,
1790703949.573,/hoverboard_base_controller/cmd_vel,0.3243,-0.6403,,,
1790703949.574,/cmd_vel_bruto,0.4479,-0.9540,,,
1790703949.612,odom,0.1372,-0.1366,2.779,3.915,
1790703949.635,/auto_vel_raw,0.4472,-0.5247,,,
1790703949.647,odom,0.1381,-0.1312,2.781,3.913,
1790703949.659,/auto_vel,0.4472,-0.5247,,,
1790703949.659,/compensador_rumo/cmd_vel,0.4472,-0.5247,,,
1790703949.663,/cmd_vel_bruto,0.4472,-0.9932,,,
1790703949.667,/hoverboard_base_controller/cmd_vel,0.3181,-0.6795,,,
1790703949.677,odom,0.1389,-0.1270,2.783,3.911,
1790703949.710,/auto_vel_raw,0.4461,-0.5252,,,
1790703949.711,odom,0.1391,-0.1263,2.785,3.909,
1790703949.722,/auto_vel,0.4461,-0.5252,,,
1790703949.722,/compensador_rumo/cmd_vel,0.4461,-0.5252,,,
1790703949.735,/hoverboard_base_controller/cmd_vel,0.0000,0.0000,,,
1790703949.736,/cmd_vel_bruto,0.4461,-0.9895,,,
1790703949.768,odom,0.2114,-0.2872,2.788,3.906,
1790703949.810,odom,0.2128,-0.2749,2.790,3.903,
1790703949.814,/auto_vel_raw,0.4459,-0.5213,,,
1790703949.842,odom,0.2145,-0.2658,2.793,3.900,
1790703949.852,/auto_vel,0.4459,-0.5213,,,
1790703949.852,/compensador_rumo/cmd_vel,0.4459,-0.5213,,,
1790703949.858,/hoverboard_base_controller/cmd_vel,0.3118,-0.7185,,,
1790703949.859,/cmd_vel_bruto,0.4459,-0.9032,,,
1790703949.874,odom,0.2162,-0.2566,2.796,3.896,
1790703949.913,/auto_vel_raw,0.4445,-0.5219,,,
1790703949.922,odom,0.2175,-0.2501,2.799,3.893,
1790703949.934,/auto_vel,0.4445,-0.5219,,,
1790703949.935,/compensador_rumo/cmd_vel,0.4445,-0.5219,,,
1790703949.937,/hoverboard_base_controller/cmd_vel,0.3069,-0.7495,,,
1790703949.937,/cmd_vel_bruto,0.4445,-0.8456,,,
1790703949.961,odom,0.2885,-0.4353,2.802,3.889,
1790703949.993,odom,0.2900,-0.4264,2.806,3.884,
1790703950.017,/auto_vel_raw,0.4450,-0.5152,,,
1790703950.036,odom,0.2916,-0.4181,2.810,3.880,
1790703950.044,/auto_vel,0.4450,-0.5152,,,
1790703950.044,/compensador_rumo/cmd_vel,0.4450,-0.5152,,,
1790703950.045,/hoverboard_base_controller/cmd_vel,0.3020,-0.7799,,,
1790703950.045,/cmd_vel_bruto,0.4450,-0.7460,,,
1790703950.056,odom,0.2932,-0.4097,2.813,3.875,
1790703950.098,/auto_vel_raw,0.4431,-0.5156,,,
1790703950.098,odom,0.2948,-0.4012,2.817,3.871,
1790703950.128,odom,0.3020,-0.5028,2.821,3.866,
1790703950.137,/auto_vel,0.4431,-0.5156,,,
1790703950.138,/compensador_rumo/cmd_vel,0.4431,-0.5156,,,
1790703950.144,/cmd_vel_bruto,0.4431,-0.6692,,,
1790703950.148,/hoverboard_base_controller/cmd_vel,0.2888,-0.8622,,,
1790703950.149,odom,0.3020,-0.5027,2.824,3.861,
1790703950.168,/auto_vel_raw,0.4391,-0.5184,,,
1790703950.175,odom,0.3020,-0.5027,2.828,3.856,
1790703950.192,/auto_vel,0.4391,-0.5184,,,
1790703950.192,/compensador_rumo/cmd_vel,0.4391,-0.5184,,,
1790703950.199,/cmd_vel_bruto,0.4391,-0.6451,,,
1790703950.203,/hoverboard_base_controller/cmd_vel,0.2864,-0.8775,,,
1790703950.230,odom,0.3020,-0.5027,2.832,3.851,
1790703950.271,/auto_vel_raw,0.4397,-0.5120,,,
1790703950.272,odom,0.3020,-0.5027,2.835,3.847,
1790703950.289,/auto_vel,0.4397,-0.5120,,,
1790703950.290,/compensador_rumo/cmd_vel,0.4397,-0.5120,,,
1790703950.293,odom,0.2884,-0.6246,2.838,3.842,
1790703950.304,/hoverboard_base_controller/cmd_vel,0.2865,-0.8771,,,
1790703950.308,/cmd_vel_bruto,0.4397,-0.5937,,,
1790703950.317,odom,0.2883,-0.6054,2.842,3.837,
1790703950.337,/auto_vel_raw,0.4402,-0.5052,,,
1790703950.345,odom,0.2887,-0.5996,2.845,3.832,
1790703950.356,/auto_vel,0.4402,-0.5052,,,
1790703950.357,/compensador_rumo/cmd_vel,0.4402,-0.5052,,,
1790703950.357,/hoverboard_base_controller/cmd_vel,0.2917,-0.8442,,,
1790703950.358,/cmd_vel_bruto,0.4402,-0.5848,,,
1790703950.369,odom,0.2888,-0.5975,2.848,3.827,
1790703950.388,/auto_vel_raw,0.4387,-0.5025,,,
1790703950.392,odom,0.2888,-0.5975,2.851,3.822,
1790703950.402,/auto_vel,0.4387,-0.5025,,,
1790703950.402,/compensador_rumo/cmd_vel,0.4387,-0.5025,,,
1790703950.403,/cmd_vel_bruto,0.4387,-0.5751,,,
1790703950.407,/hoverboard_base_controller/cmd_vel,0.2952,-0.8222,,,
1790703950.415,odom,0.2865,-0.7023,2.854,3.818,
1790703950.427,odom,0.2865,-0.7023,2.857,3.813,
1790703950.457,/auto_vel_raw,0.4410,-0.4930,,,
1790703950.484,odom,0.2865,-0.7023,2.860,3.808,
1790703950.493,/auto_vel,0.4410,-0.4930,,,
1790703950.495,/compensador_rumo/cmd_vel,0.4410,-0.4930,,,
1790703950.500,/hoverboard_base_controller/cmd_vel,0.3019,-0.7803,,,
1790703950.500,/cmd_vel_bruto,0.4410,-0.5730,,,
1790703950.562,odom,0.2865,-0.7023,2.862,3.803,
1790703950.626,/auto_vel_raw,0.4423,-0.4863,,,
1790703950.626,odom,0.2865,-0.7023,2.865,3.798,
1790703950.642,/auto_vel,0.4423,-0.4863,,,
1790703950.648,/compensador_rumo/cmd_vel,0.4423,-0.4863,,,
1790703950.653,/hoverboard_base_controller/cmd_vel,0.0000,0.0000,,,
1790703950.653,/cmd_vel_bruto,0.4423,-0.5587,,,
1790703950.700,odom,0.2909,-0.7150,2.868,3.792,
1790703950.716,odom,0.2928,-0.7051,2.870,3.787,
1790703950.732,/auto_vel_raw,0.4482,-0.4666,,,
1790703950.736,odom,0.2948,-0.6947,2.873,3.782,
1790703950.743,/auto_vel,0.4482,-0.4666,,,
1790703950.744,/compensador_rumo/cmd_vel,0.4482,-0.4666,,,
1790703950.749,/hoverboard_base_controller/cmd_vel,0.3084,-0.7397,,,
1790703950.749,/cmd_vel_bruto,0.4482,-0.5132,,,
1790703950.753,odom,0.2969,-0.6838,2.875,3.776,
1790703950.774,odom,0.2990,-0.6725,2.878,3.771,
1790703950.778,/auto_vel_raw,0.4505,-0.4596,,,
1790703950.797,odom,0.3013,-0.6603,2.880,3.765,
1790703950.809,/auto_vel,0.4505,-0.4596,,,
1790703950.813,/compensador_rumo/cmd_vel,0.4505,-0.4596,,,
1790703950.816,/hoverboard_base_controller/cmd_vel,0.3130,-0.7109,,,
1790703950.816,/cmd_vel_bruto,0.4505,-0.4918,,,
1790703950.819,odom,0.3037,-0.6478,2.883,3.760,
1790703950.831,/auto_vel_raw,0.4560,-0.4434,,,
1790703950.839,odom,0.3062,-0.6347,2.885,3.754,
1790703950.844,/auto_vel,0.4560,-0.4434,,,
1790703950.845,/compensador_rumo/cmd_vel,0.4560,-0.4434,,,
1790703950.848,/cmd_vel_bruto,0.4560,-0.4505,,,
1790703950.850,/hoverboard_base_controller/cmd_vel,0.0000,0.0000,,,
1790703950.856,odom,0.3084,-0.6231,2.887,3.748,
1790703950.876,odom,0.3084,-0.6229,2.889,3.743,
1790703950.884,/auto_vel_raw,0.4612,-0.4278,,,
1790703950.899,odom,0.2478,-0.5930,2.891,3.738,
1790703950.921,/auto_vel,0.4612,-0.4278,,,
1790703950.921,/compensador_rumo/cmd_vel,0.4612,-0.4278,,,
1790703950.921,/hoverboard_base_controller/cmd_vel,0.3140,-0.7048,,,
1790703950.921,/cmd_vel_bruto,0.4612,-0.4119,,,
1790703950.923,odom,0.2478,-0.5927,2.892,3.733,
1790703950.930,/auto_vel_raw,0.4618,-0.4214,,,
1790703950.938,odom,0.2312,-0.7026,2.894,3.729,
1790703950.943,/auto_vel,0.4618,-0.4214,,,
1790703950.946,/compensador_rumo/cmd_vel,0.4618,-0.4214,,,
1790703950.950,/cmd_vel_bruto,0.4618,-0.4275,,,
1790703950.959,/hoverboard_base_controller/cmd_vel,0.3152,-0.6972,,,
1790703950.959,odom,0.2290,-0.7219,2.895,3.724,
1790703950.978,odom,0.2290,-0.7213,2.897,3.720,
1790703950.983,/auto_vel_raw,0.4682,-0.3965,,,
1790703951.005,odom,0.2935,-0.6857,2.898,3.715,
1790703951.028,/auto_vel,0.4682,-0.3965,,,
1790703951.028,/compensador_rumo/cmd_vel,0.4682,-0.3965,,,
1790703951.048,/hoverboard_base_controller/cmd_vel,0.0000,0.0000,,,
1790703951.048,/cmd_vel_bruto,0.4682,-0.3931,,,
1790703951.064,odom,0.2972,-0.6671,2.900,3.709,
1790703951.095,/auto_vel_raw,0.4712,-0.3826,,,
1790703951.115,odom,0.3010,-0.6472,2.901,3.703,
1790703951.140,/auto_vel,0.4712,-0.3826,,,
1790703951.143,/compensador_rumo/cmd_vel,0.4712,-0.3826,,,
1790703951.156,/cmd_vel_bruto,0.4712,-0.3621,,,
1790703951.162,/hoverboard_base_controller/cmd_vel,0.3193,-0.6716,,,
1790703951.167,odom,0.3049,-0.6268,2.903,3.697,
1790703951.229,odom,0.3089,-0.6059,2.904,3.691,
1790703951.247,/auto_vel_raw,0.4758,-0.3578,,,
1790703951.268,odom,0.3143,-0.5922,2.905,3.685,
1790703951.284,/auto_vel,0.4758,-0.3578,,,
1790703951.285,/compensador_rumo/cmd_vel,0.4758,-0.3578,,,
1790703951.293,/cmd_vel_bruto,0.4758,-0.2929,,,
1790703951.303,/hoverboard_base_controller/cmd_vel,0.3212,-0.6599,,,
1790703951.323,odom,0.3183,-0.5711,2.907,3.679,
1790703951.354,/auto_vel_raw,0.4794,-0.3469,,,
1790703951.372,odom,0.3193,-0.5655,2.908,3.673,
1790703951.385,/auto_vel,0.4794,-0.3469,,,
1790703951.394,/compensador_rumo/cmd_vel,0.4794,-0.3469,,,
1790703951.398,/hoverboard_base_controller/cmd_vel,0.3249,-0.6365,,,
1790703951.398,/cmd_vel_bruto,0.4794,-0.2379,,,
1790703951.424,odom,0.3193,-0.5655,2.909,3.666,
1790703951.483,/auto_vel_raw,0.4830,-0.3285,,,
1790703951.484,odom,0.3193,-0.5655,2.910,3.660,
1790703951.495,/auto_vel,0.4830,-0.3285,,,
1790703951.497,/compensador_rumo/cmd_vel,0.4830,-0.3285,,,
1790703951.502,/hoverboard_base_controller/cmd_vel,0.0000,0.0000,,,
1790703951.502,/cmd_vel_bruto,0.4830,-0.1693,,,
1790703951.545,odom,0.3225,-0.5490,2.911,3.654,
1790703951.606,odom,0.3249,-0.5360,2.912,3.647,
1790703951.626,/auto_vel_raw,0.4864,-0.3053,,,
1790703951.657,odom,0.3249,-0.5360,2.913,3.641,
1790703951.667,/auto_vel,0.4864,-0.3053,,,
1790703951.667,/compensador_rumo/cmd_vel,0.4864,-0.3053,,,
1790703951.671,/hoverboard_base_controller/cmd_vel,0.3272,-0.6221,,,
1790703951.672,/cmd_vel_bruto,0.4864,-0.1002,,,
1790703951.705,odom,0.3249,-0.5360,2.914,3.634,
1790703951.765,/auto_vel_raw,0.4882,-0.2891,,,
1790703951.767,odom,0.3249,-0.5360,2.914,3.628,
1790703951.834,/auto_vel,0.4882,-0.2891,,,
1790703951.835,odom,0.3272,-0.5239,2.915,3.622,
1790703951.860,/compensador_rumo/cmd_vel,0.4882,-0.2891,,,
1790703951.862,/hoverboard_base_controller/cmd_vel,0.3305,-0.6018,,,
1790703951.864,/cmd_vel_bruto,0.4882,-0.0577,,,
1790703951.871,odom,0.3272,-0.5239,2.915,3.615,
1790703951.881,/auto_vel_raw,0.4917,-0.2533,,,
1790703951.895,odom,0.3272,-0.5239,2.916,3.608,
1790703951.905,/auto_vel,0.4917,-0.2533,,,
1790703951.909,/compensador_rumo/cmd_vel,0.4917,-0.2533,,,
1790703951.912,/hoverboard_base_controller/cmd_vel,0.3332,-0.5846,,,
1790703951.912,/cmd_vel_bruto,0.4917,0.0262,,,
1790703951.922,odom,0.3272,-0.5239,2.916,3.602,
1790703951.949,/auto_vel_raw,0.4933,-0.2320,,,
1790703951.951,odom,0.3272,-0.5239,2.917,3.595,
1790703951.988,odom,0.3309,-0.5047,2.917,3.589,
1790703951.992,/auto_vel,0.4933,-0.2320,,,
1790703951.992,/compensador_rumo/cmd_vel,0.4933,-0.2320,,,
1790703951.993,/hoverboard_base_controller/cmd_vel,0.3393,-0.5466,,,
1790703951.996,/cmd_vel_bruto,0.4933,0.0770,,,
1790703952.054,odom,0.3332,-0.4923,2.917,3.582,
1790703952.060,/auto_vel_raw,0.5000,0.0000,,,
1790703952.078,odom,0.3332,-0.4923,2.918,3.576,
1790703952.084,/auto_vel,0.5000,0.0000,,,
1790703952.085,/compensador_rumo/cmd_vel,0.5000,0.0000,,,
1790703952.087,/cmd_vel_bruto,0.5000,0.5962,,,
1790703952.090,/hoverboard_base_controller/cmd_vel,0.3443,-0.5157,,,
1790703952.112,odom,0.3332,-0.4923,2.918,3.569,
1790703952.148,odom,0.3332,-0.4923,2.918,3.562,
1790703952.150,/auto_vel_raw,0.5000,0.0000,,,
1790703952.194,odom,0.3374,-0.4706,2.918,3.555,
1790703952.204,/auto_vel,0.5000,0.0000,,,
1790703952.205,/compensador_rumo/cmd_vel,0.5000,0.0000,,,
1790703952.212,/hoverboard_base_controller/cmd_vel,0.3571,-0.4358,,,
1790703952.214,/cmd_vel_bruto,0.5000,0.6003,,,
1790703952.215,odom,0.3425,-0.4437,2.918,3.549,
1790703952.223,/auto_vel_raw,0.5000,0.0000,,,
1790703952.232,odom,0.3443,-0.4343,2.918,3.542,
1790703952.249,/auto_vel,0.5000,0.0000,,,
1790703952.249,/compensador_rumo/cmd_vel,0.5000,0.0000,,,
1790703952.254,/hoverboard_base_controller/cmd_vel,0.0000,0.0000,,,
1790703952.255,/cmd_vel_bruto,0.5000,0.6059,,,
1790703952.255,odom,0.3443,-0.4343,2.917,3.535,
1790703952.282,odom,0.3443,-0.4343,2.917,3.528,
1790703952.289,/auto_vel_raw,0.5000,0.0000,,,
1790703952.315,odom,0.2727,-0.3612,2.917,3.523,
1790703952.325,/auto_vel,0.5000,0.0000,,,
1790703952.325,/compensador_rumo/cmd_vel,0.5000,0.0000,,,
1790703952.335,/cmd_vel_bruto,0.5000,0.6086,,,
1790703952.342,/hoverboard_base_controller/cmd_vel,0.3611,-0.4102,,,
1790703952.354,odom,0.2727,-0.3612,2.917,3.517,
1790703952.382,/auto_vel_raw,0.5000,0.0000,,,
1790703952.401,odom,0.2569,-0.3852,2.916,3.512,
1790703952.404,/auto_vel,0.5000,0.0000,,,
1790703952.404,/compensador_rumo/cmd_vel,0.5000,0.0000,,,
1790703952.406,/cmd_vel_bruto,0.5000,0.5787,,,
1790703952.410,/hoverboard_base_controller/cmd_vel,0.3632,-0.3521,,,
1790703952.442,odom,0.2612,-0.4323,2.916,3.507,
1790703952.498,odom,0.2608,-0.4351,2.916,3.501,
1790703952.500,/auto_vel_raw,0.5000,0.0000,,,
1790703952.568,odom,0.3322,-0.3476,2.915,3.495,
1790703952.574,/auto_vel,0.5000,0.0000,,,
1790703952.578,/compensador_rumo/cmd_vel,0.5000,0.0000,,,
1790703952.578,/cmd_vel_bruto,0.5000,0.5377,,,
1790703952.580,/hoverboard_base_controller/cmd_vel,0.3564,-0.3097,,,
1790703952.621,odom,0.3362,-0.3268,2.914,3.488,
1790703952.640,/auto_vel_raw,0.5000,0.0000,,,
1790703952.673,odom,0.3377,-0.3188,2.914,3.482,
1790703952.691,/auto_vel,0.5000,0.0000,,,
1790703952.693,/compensador_rumo/cmd_vel,0.5000,0.0000,,,
1790703952.696,/cmd_vel_bruto,0.5000,0.5405,,,
1790703952.721,odom,0.3386,-0.3140,2.913,3.475,
1790703952.736,/hoverboard_base_controller/cmd_vel,0.2985,0.0527,,,
1790703952.806,/auto_vel_raw,0.5000,0.0000,,,
1790703952.807,odom,0.3388,-0.3125,2.912,3.468,
1790703952.848,odom,0.3046,-0.2051,2.912,3.462,
1790703952.855,/auto_vel,0.5000,0.0000,,,
1790703952.859,/compensador_rumo/cmd_vel,0.5000,0.0000,,,
1790703952.859,/cmd_vel_bruto,0.5000,0.5526,,,
1790703952.862,/hoverboard_base_controller/cmd_vel,0.2981,0.0552,,,
1790703952.928,odom,0.2927,-0.2081,2.911,3.456,
1790703952.976,/auto_vel_raw,0.5000,0.0000,,,
1790703953.057,odom,0.2936,-0.2149,2.910,3.450,
1790703953.061,/auto_vel,0.5000,0.0000,,,
1790703953.061,/compensador_rumo/cmd_vel,0.5000,0.0000,,,
1790703953.065,/cmd_vel_bruto,0.5000,0.5592,,,
1790703953.067,/hoverboard_base_controller/cmd_vel,0.2975,0.0585,,,
1790703953.079,odom,0.2945,-0.2219,2.909,3.445,
1790703953.104,/auto_vel_raw,0.5000,0.0000,,,
1790703953.104,odom,0.2954,-0.2290,2.909,3.439,
1790703953.108,/auto_vel,0.5000,0.0000,,,
1790703953.108,/compensador_rumo/cmd_vel,0.5000,0.0000,,,
1790703953.109,/cmd_vel_bruto,0.5000,0.5714,,,
1790703953.113,/hoverboard_base_controller/cmd_vel,0.2973,0.0602,,,
1790703953.158,odom,0.2975,-0.0696,2.908,3.433,
1790703953.174,odom,0.2975,-0.0696,2.907,3.427,
1790703953.185,/auto_vel_raw,0.5000,0.0000,,,
1790703953.194,odom,0.2975,-0.0696,2.906,3.421,
1790703953.198,/auto_vel,0.5000,0.0000,,,
1790703953.199,/compensador_rumo/cmd_vel,0.5000,0.0000,,,
1790703953.202,/cmd_vel_bruto,0.5000,0.5599,,,
1790703953.206,/hoverboard_base_controller/cmd_vel,0.3002,0.0421,,,
1790703953.227,odom,0.2975,-0.0696,2.905,3.415,
1790703953.265,/auto_vel_raw,0.5000,0.0000,,,
1790703953.265,odom,0.2975,-0.0696,2.905,3.409,
1790703953.278,/auto_vel,0.5000,0.0000,,,
1790703953.279,/compensador_rumo/cmd_vel,0.5000,0.0000,,,
1790703953.280,/cmd_vel_bruto,0.5000,0.5394,,,
1790703953.281,/hoverboard_base_controller/cmd_vel,0.3042,0.0170,,,
1790703953.313,odom,0.3002,0.0355,2.904,3.403,
1790703953.332,odom,0.3002,0.0355,2.903,3.397,
1790703953.351,/auto_vel_raw,0.5000,0.0000,,,
1790703953.352,odom,0.3002,0.0355,2.902,3.391,
1790703953.375,odom,0.3002,0.0355,2.901,3.386,
1790703953.379,/auto_vel,0.5000,0.0000,,,
1790703953.379,/compensador_rumo/cmd_vel,0.5000,0.0000,,,
1790703953.380,/cmd_vel_bruto,0.5000,0.5362,,,
1790703953.382,/hoverboard_base_controller/cmd_vel,0.3039,0.0187,,,
1790703953.400,/auto_vel_raw,0.5000,0.0000,,,
1790703953.400,odom,0.3002,0.0355,2.900,3.380,
1790703953.411,/auto_vel,0.5000,0.0000,,,
1790703953.411,/compensador_rumo/cmd_vel,0.5000,0.0000,,,
1790703953.412,/cmd_vel_bruto,0.5000,0.5458,,,
1790703953.413,/hoverboard_base_controller/cmd_vel,0.3027,0.0262,,,
1790703953.420,odom,0.3039,0.0159,2.900,3.374,
1790703953.437,odom,0.3039,0.0158,2.899,3.368,
1790703953.458,/auto_vel_raw,0.5000,0.0000,,,
1790703953.467,odom,0.3039,0.0158,2.898,3.362,
1790703953.474,/auto_vel,0.5000,0.0000,,,
1790703953.479,/compensador_rumo/cmd_vel,0.5000,0.0000,,,
1790703953.490,/hoverboard_base_controller/cmd_vel,0.3009,0.0377,,,
1790703953.490,/cmd_vel_bruto,0.5000,0.5436,,,
1790703953.497,odom,0.3039,0.0158,2.897,3.356,
1790703953.510,odom,0.3039,0.0158,2.896,3.349,
1790703953.524,/auto_vel_raw,0.5000,0.0000,,,
1790703953.531,odom,0.3009,0.0317,2.895,3.344,
1790703953.535,/auto_vel,0.5000,0.0000,,,
1790703953.576,/auto_vel_raw,0.5000,0.0000,,,
1790703953.576,/compensador_rumo/cmd_vel,0.5000,0.0000,,,
1790703953.578,/hoverboard_base_controller/cmd_vel,0.3020,0.0306,,,
1790703953.579,/cmd_vel_bruto,0.5000,0.5549,,,
1790703953.579,odom,0.3009,0.0317,2.895,3.338,
1790703953.597,odom,0.3009,0.0317,2.894,3.332,
1790703953.607,/auto_vel,0.5000,0.0000,,,
1790703953.611,/compensador_rumo/cmd_vel,0.5000,0.0000,,,
1790703953.618,/cmd_vel_bruto,0.5000,0.5543,,,
1790703953.621,/hoverboard_base_controller/cmd_vel,0.0000,0.0000,,,
1790703953.642,odom,0.3009,0.0317,2.893,3.326,
1790703953.658,odom,0.3009,0.0317,2.892,3.320,
1790703953.668,/auto_vel_raw,0.5000,0.0000,,,
1790703953.684,odom,0.2209,0.0000,2.892,3.315,
1790703953.690,/auto_vel,0.5000,0.0000,,,
1790703953.691,/compensador_rumo/cmd_vel,0.5000,0.0000,,,
1790703953.694,/cmd_vel_bruto,0.5000,0.5295,,,
1790703953.696,/hoverboard_base_controller/cmd_vel,0.3040,0.0180,,,
1790703953.709,odom,0.2209,0.0000,2.891,3.311,
1790703953.722,/auto_vel_raw,0.5000,0.0000,,,
1790703953.731,odom,0.2098,-0.0006,2.890,3.307,
1790703953.737,/auto_vel,0.5000,0.0000,,,
1790703953.754,/compensador_rumo/cmd_vel,0.5000,0.0000,,,
1790703953.755,/hoverboard_base_controller/cmd_vel,0.3043,0.0160,,,
1790703953.755,/cmd_vel_bruto,0.5000,0.5150,,,
1790703953.759,odom,0.2209,-0.0000,2.890,3.302,
1790703953.784,/auto_vel_raw,0.5000,0.0000,,,
1790703953.784,odom,0.2209,-0.0000,2.889,3.298,
1790703953.798,/auto_vel,0.5000,0.0000,,,
1790703953.800,/compensador_rumo/cmd_vel,0.5000,0.0000,,,
1790703953.800,/cmd_vel_bruto,0.5000,0.4775,,,
1790703953.808,/hoverboard_base_controller/cmd_vel,0.3034,0.0220,,,
1790703953.871,odom,0.2997,0.0153,2.889,3.292,
1790703953.938,odom,0.3001,0.0135,2.888,3.286,
1790703953.968,/auto_vel_raw,0.5000,0.0000,,,
1790703953.990,odom,0.3001,0.0135,2.887,3.280,
1790703954.005,/auto_vel,0.5000,0.0000,,,
1790703954.006,/compensador_rumo/cmd_vel,0.5000,0.0000,,,
1790703954.014,/cmd_vel_bruto,0.5000,0.4783,,,
1790703954.017,/hoverboard_base_controller/cmd_vel,0.3036,0.0206,,,
1790703954.042,odom,0.3001,0.0135,2.886,3.275,
1790703954.082,odom,0.3001,0.0135,2.885,3.269,
1790703954.086,/auto_vel_raw,0.4799,0.4116,,,
1790703954.090,/auto_vel,0.0000,0.0000,,,
1790703954.090,/compensador_rumo/cmd_vel,0.0000,0.0000,,,
1790703954.126,collision_state,,,,,STOP:invalid source
1790703954.127,/hoverboard_base_controller/cmd_vel,0.0000,0.0000,,,
1790703954.127,/cmd_vel_bruto,0.0000,0.0000,,,
1790703954.145,odom,0.3035,0.0177,2.885,3.263,
1790703954.205,odom,0.3036,0.0173,2.884,3.257,
1790703954.238,/auto_vel_raw,0.4800,0.4111,,,
1790703954.239,/auto_vel,0.0000,0.0000,,,
1790703954.239,/compensador_rumo/cmd_vel,0.0000,0.0000,,,
1790703954.240,/cmd_vel_bruto,0.0000,0.0000,,,
1790703954.246,/hoverboard_base_controller/cmd_vel,0.3025,0.0272,,,
1790703954.253,odom,0.3036,0.0173,2.883,3.251,
1790703954.315,odom,0.3036,0.0173,2.882,3.245,
1790703954.361,/auto_vel_raw,0.4783,0.4195,,,
1790703954.363,/auto_vel,0.0000,0.0000,,,
1790703954.364,/compensador_rumo/cmd_vel,0.0000,0.0000,,,
1790703954.364,/cmd_vel_bruto,0.0000,0.0000,,,
1790703954.364,odom,0.3036,0.0173,2.881,3.238,
1790703954.370,/hoverboard_base_controller/cmd_vel,0.3050,0.0118,,,
1790703954.406,odom,0.3025,0.0229,2.881,3.232,
1790703954.467,odom,0.3025,0.0229,2.880,3.226,
1790703954.491,/auto_vel_raw,0.4764,0.4281,,,
1790703954.491,/auto_vel,0.0000,0.0000,,,
1790703954.492,/compensador_rumo/cmd_vel,0.0000,0.0000,,,
1790703954.494,/cmd_vel_bruto,0.0000,0.0000,,,
1790703954.498,/hoverboard_base_controller/cmd_vel,0.3065,0.0028,,,
1790703954.524,odom,0.3025,0.0229,2.879,3.220,
1790703954.578,odom,0.3025,0.0229,2.878,3.214,
1790703954.626,odom,0.3025,0.0229,2.878,3.208,
1790703954.633,/auto_vel_raw,0.4752,0.4339,,,
1790703954.636,/auto_vel,0.0000,0.0000,,,
1790703954.636,/compensador_rumo/cmd_vel,0.0000,0.0000,,,
1790703954.637,/hoverboard_base_controller/cmd_vel,0.3103,-0.0211,,,
1790703954.637,/cmd_vel_bruto,0.0000,0.0000,,,
1790703954.684,odom,0.3065,0.0023,2.877,3.202,
1790703954.735,odom,0.3065,0.0023,2.876,3.196,
1790703954.769,/auto_vel_raw,0.4725,0.4456,,,
1790703954.796,odom,0.3065,0.0023,2.875,3.190,
1790703954.803,collision_state,,,,,DO_NOTHING:-
1790703954.806,/auto_vel,0.4725,0.4456,,,
1790703954.809,/compensador_rumo/cmd_vel,0.4725,0.4456,,,
1790703954.809,/cmd_vel_bruto,0.4725,1.5390,,,
1790703954.810,/hoverboard_base_controller/cmd_vel,0.3102,-0.0206,,,
1790703954.858,odom,0.3065,0.0023,2.874,3.184,
1790703954.907,/auto_vel_raw,0.4701,0.4554,,,
1790703954.909,odom,0.3065,0.0023,2.874,3.178,
1790703954.965,odom,0.3101,-0.0246,2.873,3.172,
1790703954.974,/auto_vel,0.4701,0.4554,,,
1790703954.987,/compensador_rumo/cmd_vel,0.4701,0.4554,,,
1790703954.987,/cmd_vel_bruto,0.4701,1.5662,,,
1790703954.994,/hoverboard_base_controller/cmd_vel,0.3102,-0.0206,,,
1790703955.023,odom,0.3102,-0.0253,2.872,3.166,
1790703955.061,/auto_vel_raw,0.4684,0.4630,,,
1790703955.083,odom,0.3102,-0.0253,2.871,3.160,
1790703955.091,/auto_vel,0.4684,0.4630,,,
1790703955.093,/compensador_rumo/cmd_vel,0.4684,0.4630,,,
1790703955.096,/cmd_vel_bruto,0.4684,1.5858,,,
1790703955.097,/hoverboard_base_controller/cmd_vel,0.0000,0.0000,,,
1790703955.134,odom,0.3102,-0.0253,2.870,3.153,
1790703955.171,/auto_vel_raw,0.4639,0.4790,,,
1790703955.174,odom,0.3102,-0.0253,2.870,3.147,
1790703955.189,/auto_vel,0.4639,0.4790,,,
1790703955.189,/compensador_rumo/cmd_vel,0.4639,0.4790,,,
1790703955.197,/hoverboard_base_controller/cmd_vel,0.2625,-0.0174,,,
1790703955.200,/cmd_vel_bruto,0.4639,1.6241,,,
1790703955.224,odom,0.2286,0.0000,2.869,3.143,
1790703955.289,odom,0.2286,0.0000,2.868,3.138,
1790703955.304,/auto_vel_raw,0.4587,0.4955,,,
1790703955.327,odom,0.2202,-0.0007,2.868,3.134,
1790703955.347,/auto_vel,0.4587,0.4955,,,
1790703955.352,/compensador_rumo/cmd_vel,0.4587,0.4955,,,
1790703955.352,/hoverboard_base_controller/cmd_vel,0.2291,-0.0152,,,
1790703955.355,/cmd_vel_bruto,0.4587,1.6206,,,
1790703955.367,odom,0.2286,-0.0000,2.867,3.129,
1790703955.411,odom,0.2286,-0.0000,2.867,3.125,
1790703955.420,/auto_vel_raw,0.4587,0.4955,,,
1790703955.470,odom,0.2291,-0.0186,2.866,3.120,
1790703955.481,/auto_vel,0.4587,0.4955,,,
1790703955.487,/compensador_rumo/cmd_vel,0.4587,0.4955,,,
1790703955.487,/hoverboard_base_controller/cmd_vel,0.2206,0.5392,,,
1790703955.488,/cmd_vel_bruto,0.4587,1.5745,,,
1790703955.502,odom,0.2291,-0.0187,2.865,3.116,
1790703955.544,/auto_vel_raw,0.4557,0.5044,,,
1790703955.559,odom,0.2291,-0.0187,2.865,3.111,
1790703955.579,/auto_vel,0.4557,0.5044,,,
1790703955.579,/compensador_rumo/cmd_vel,0.4557,0.5044,,,
1790703955.579,/hoverboard_base_controller/cmd_vel,0.0000,0.0000,,,
1790703955.587,/cmd_vel_bruto,0.4557,1.5564,,,
1790703955.595,odom,0.2291,-0.0187,2.864,3.107,
1790703955.639,odom,0.2291,-0.0187,2.864,3.102,
1790703955.644,/auto_vel_raw,0.4520,0.5149,,,
1790703955.716,odom,0.1491,0.0000,2.863,3.099,
1790703955.728,/auto_vel,0.4520,0.5149,,,
1790703955.729,/compensador_rumo/cmd_vel,0.4520,0.5149,,,
1790703955.734,/cmd_vel_bruto,0.4520,1.5448,,,
1790703955.741,/hoverboard_base_controller/cmd_vel,0.2185,0.5528,,,
1790703955.789,odom,0.1491,0.0000,2.863,3.096,
1790703955.829,/auto_vel_raw,0.4499,0.5206,,,
1790703955.876,odom,0.1380,-0.0006,2.863,3.093,
1790703955.885,/auto_vel,0.4499,0.5206,,,
1790703955.887,/compensador_rumo/cmd_vel,0.4499,0.5206,,,
1790703955.890,/cmd_vel_bruto,0.4499,1.5277,,,
1790703955.891,/hoverboard_base_controller/cmd_vel,0.2169,0.5625,,,
1790703955.975,odom,0.1491,-0.0000,2.862,3.090,
1790703956.056,odom,0.1491,-0.0000,2.862,3.087,
1790703956.067,/auto_vel_raw,0.4474,0.5271,,,
1790703956.151,odom,0.2127,0.1461,2.861,3.083,
1790703956.160,/auto_vel,0.4474,0.5271,,,
1790703956.162,/compensador_rumo/cmd_vel,0.4474,0.5271,,,
1790703956.162,/cmd_vel_bruto,0.4474,1.4974,,,
1790703956.166,/hoverboard_base_controller/cmd_vel,0.2136,0.5831,,,
1790703956.204,odom,0.2136,0.1436,2.861,3.079,
1790703956.242,/auto_vel_raw,0.4452,0.5301,,,
1790703956.257,odom,0.2143,0.1400,2.860,3.075,
1790703956.269,/auto_vel,0.4452,0.5301,,,
1790703956.270,/compensador_rumo/cmd_vel,0.4452,0.5301,,,
1790703956.283,/cmd_vel_bruto,0.4452,1.5091,,,
1790703956.289,/hoverboard_base_controller/cmd_vel,0.2127,0.5886,,,
1790703956.332,odom,0.2150,0.1365,2.860,3.071,
1790703956.380,/auto_vel_raw,0.4432,0.5323,,,
1790703956.383,odom,0.2156,0.1330,2.859,3.066,
1790703956.432,odom,0.2127,0.2539,2.859,3.062,
1790703956.437,/auto_vel,0.4432,0.5323,,,
1790703956.438,/compensador_rumo/cmd_vel,0.4432,0.5323,,,
1790703956.439,/cmd_vel_bruto,0.4432,1.5202,,,
1790703956.442,/hoverboard_base_controller/cmd_vel,0.2156,0.5709,,,
1790703956.474,odom,0.2127,0.2539,2.858,3.058,
1790703956.498,/auto_vel_raw,0.4416,0.5309,,,
1790703956.527,odom,0.2127,0.2539,2.858,3.054,
1790703956.544,/auto_vel,0.4416,0.5309,,,
1790703956.544,/compensador_rumo/cmd_vel,0.4416,0.5309,,,
1790703956.548,/hoverboard_base_controller/cmd_vel,0.2160,0.5679,,,
1790703956.548,/cmd_vel_bruto,0.4416,1.5412,,,
1790703956.550,odom,0.2127,0.2539,2.857,3.050,
1790703956.558,odom,0.2127,0.2539,2.857,3.045,
1790703956.564,/auto_vel_raw,0.4376,0.5354,,,
1790703956.604,odom,0.2160,0.3789,2.856,3.041,
1790703956.623,/auto_vel,0.4376,0.5354,,,
1790703956.623,/compensador_rumo/cmd_vel,0.4376,0.5354,,,
1790703956.631,/hoverboard_base_controller/cmd_vel,0.2166,0.5644,,,
1790703956.635,/cmd_vel_bruto,0.4376,1.5779,,,
1790703956.638,odom,0.2160,0.3789,2.856,3.037,
1790703956.648,/auto_vel_raw,0.4358,0.5352,,,
1790703956.670,/auto_vel,0.4358,0.5352,,,
1790703956.679,/compensador_rumo/cmd_vel,0.4358,0.5352,,,
1790703956.680,odom,0.2160,0.3789,2.856,3.032,
1790703956.686,/hoverboard_base_controller/cmd_vel,0.0000,0.0000,,,
1790703956.686,/cmd_vel_bruto,0.4358,1.5801,,,
1790703956.693,odom,0.2160,0.3789,2.855,3.028,
1790703956.744,/auto_vel_raw,0.4353,0.5323,,,
1790703956.747,odom,0.2160,0.3789,2.855,3.024,
1790703956.788,odom,0.1446,0.3035,2.855,3.021,
1790703956.804,/auto_vel,0.4353,0.5323,,,
1790703956.805,/compensador_rumo/cmd_vel,0.4353,0.5323,,,
1790703956.806,/hoverboard_base_controller/cmd_vel,0.2180,0.5557,,,
1790703956.806,/cmd_vel_bruto,0.4353,1.5566,,,
1790703956.826,odom,0.1450,0.3000,2.855,3.018,
1790703956.851,/auto_vel_raw,0.4358,0.5267,,,
1790703956.852,odom,0.1298,0.3170,2.855,3.015,
1790703956.873,/auto_vel,0.4358,0.5267,,,
1790703956.873,/compensador_rumo/cmd_vel,0.4358,0.5267,,,
1790703956.873,/cmd_vel_bruto,0.4358,1.5213,,,
1790703956.886,/hoverboard_base_controller/cmd_vel,0.2168,0.5633,,,
1790703956.900,odom,0.1350,0.3612,2.855,3.012,
1790703956.939,/auto_vel_raw,0.4359,0.5260,,,
1790703956.941,odom,0.1352,0.3595,2.855,3.010,
1790703956.998,odom,0.2095,0.4557,2.855,3.006,
1790703957.008,/auto_vel,0.4359,0.5260,,,
1790703957.013,/compensador_rumo/cmd_vel,0.4359,0.5260,,,
1790703957.017,/hoverboard_base_controller/cmd_vel,0.2156,0.5705,,,
1790703957.017,/cmd_vel_bruto,0.4359,1.4881,,,
1790703957.072,odom,0.2145,0.4693,2.854,3.002,
1790703957.104,/auto_vel_raw,0.4367,0.5219,,,
1790703957.128,odom,0.2149,0.4653,2.854,2.997,
1790703957.137,/auto_vel,0.4367,0.5219,,,
1790703957.139,/compensador_rumo/cmd_vel,0.4367,0.5219,,,
1790703957.141,/cmd_vel_bruto,0.4367,1.4769,,,
1790703957.147,/hoverboard_base_controller/cmd_vel,0.2139,0.5811,,,
1790703957.172,odom,0.2154,0.4612,2.855,2.993,
1790703957.201,/auto_vel_raw,0.4369,0.5179,,,
1790703957.201,odom,0.2159,0.4562,2.855,2.989,
1790703957.215,/auto_vel,0.4369,0.5179,,,
1790703957.215,/compensador_rumo/cmd_vel,0.4369,0.5179,,,
1790703957.216,/hoverboard_base_controller/cmd_vel,0.0000,0.0000,,,
1790703957.217,/cmd_vel_bruto,0.4369,1.4678,,,
1790703957.258,odom,0.2216,0.5299,2.855,2.984,
1790703957.299,odom,0.2214,0.5288,2.855,2.980,
1790703957.313,/auto_vel_raw,0.4412,0.5055,,,
1790703957.331,odom,0.2212,0.5274,2.855,2.976,
1790703957.346,/auto_vel,0.4412,0.5055,,,
1790703957.346,/compensador_rumo/cmd_vel,0.4412,0.5055,,,
1790703957.348,odom,0.2209,0.5258,2.855,2.971,
1790703957.352,/cmd_vel_bruto,0.4412,1.4879,,,
1790703957.364,/hoverboard_base_controller/cmd_vel,0.2102,0.6046,,,
1790703957.365,/auto_vel_raw,0.4424,0.5014,,,
1790703957.383,/auto_vel,0.4424,0.5014,,,
1790703957.384,/compensador_rumo/cmd_vel,0.4424,0.5014,,,
1790703957.384,odom,0.2205,0.5240,2.856,2.967,
1790703957.409,/hoverboard_base_controller/cmd_vel,0.2115,0.5961,,,
1790703957.409,/cmd_vel_bruto,0.4424,1.5085,,,
1790703957.425,odom,0.2165,0.5426,2.856,2.962,
1790703957.459,/auto_vel_raw,0.4470,0.4877,,,
1790703957.459,odom,0.2160,0.5399,2.856,2.958,
1790703957.479,odom,0.2154,0.5368,2.857,2.954,
1790703957.493,/auto_vel,0.4470,0.4877,,,
1790703957.496,/compensador_rumo/cmd_vel,0.4470,0.4877,,,
1790703957.497,/cmd_vel_bruto,0.4470,1.4802,,,
1790703957.502,/hoverboard_base_controller/cmd_vel,0.2139,0.5813,,,
1790703957.503,odom,0.2147,0.5330,2.857,2.950,
1790703957.547,/auto_vel_raw,0.4421,0.4976,,,
1790703957.547,/auto_vel,0.4421,0.4976,,,
1790703957.548,/compensador_rumo/cmd_vel,0.4421,0.4976,,,
1790703957.549,odom,0.2138,0.5285,2.858,2.945,
1790703957.554,/hoverboard_base_controller/cmd_vel,0.2161,0.5676,,,
1790703957.554,/cmd_vel_bruto,0.4421,1.5020,,,
1790703957.581,odom,0.2150,0.5115,2.858,2.941,
1790703957.628,odom,0.2153,0.4968,2.859,2.937,
1790703957.631,/auto_vel_raw,0.4490,0.4786,,,
1790703957.661,odom,0.2140,0.4900,2.860,2.933,
1790703957.674,/auto_vel,0.4490,0.4786,,,
1790703957.674,/compensador_rumo/cmd_vel,0.4490,0.4786,,,
1790703957.676,/cmd_vel_bruto,0.4490,1.4642,,,
1790703957.677,/hoverboard_base_controller/cmd_vel,0.2170,0.5620,,,
1790703957.702,odom,0.2139,0.4895,2.860,2.928,
1790703957.735,odom,0.2139,0.4895,2.861,2.924,
1790703957.737,/auto_vel_raw,0.4496,0.4741,,,
1790703957.782,odom,0.2165,0.4760,2.862,2.920,
1790703957.791,/auto_vel,0.4496,0.4741,,,
1790703957.791,/compensador_rumo/cmd_vel,0.4496,0.4741,,,
1790703957.796,/cmd_vel_bruto,0.4496,1.4434,,,
1790703957.799,/hoverboard_base_controller/cmd_vel,0.2176,0.5578,,,
1790703957.804,odom,0.2170,0.4732,2.863,2.916,
1790703957.826,/auto_vel_raw,0.4557,0.4608,,,
1790703957.829,odom,0.2170,0.4732,2.864,2.911,
1790703957.839,/auto_vel,0.4557,0.4608,,,
1790703957.839,/compensador_rumo/cmd_vel,0.4557,0.4608,,,
1790703957.847,/hoverboard_base_controller/cmd_vel,0.2173,0.5603,,,
1790703957.848,/cmd_vel_bruto,0.4557,1.4143,,,
1790703957.854,odom,0.2170,0.4732,2.865,2.907,
1790703957.880,odom,0.2170,0.4732,2.865,2.903,
1790703957.886,/auto_vel_raw,0.4584,0.4501,,,
1790703957.932,odom,0.2173,0.4718,2.866,2.899,
1790703957.944,/auto_vel,0.4584,0.4501,,,
1790703957.945,/compensador_rumo/cmd_vel,0.4584,0.4501,,,
1790703957.949,/hoverboard_base_controller/cmd_vel,0.2162,0.5670,,,
1790703957.949,/cmd_vel_bruto,0.4584,1.4102,,,
1790703957.979,odom,0.2173,0.4718,2.868,2.894,
1790703957.993,/auto_vel_raw,0.4566,0.4601,,,
1790703958.011,odom,0.2173,0.4718,2.869,2.890,
1790703958.018,/auto_vel,0.4566,0.4601,,,
1790703958.019,/compensador_rumo/cmd_vel,0.4566,0.4601,,,
1790703958.021,/cmd_vel_bruto,0.4566,1.4178,,,
1790703958.023,/hoverboard_base_controller/cmd_vel,0.2190,0.5492,,,
1790703958.038,odom,0.2173,0.4718,2.870,2.886,
1790703958.064,odom,0.2173,0.4718,2.871,2.882,
1790703958.067,/auto_vel_raw,0.4590,0.4527,,,
1790703958.079,/auto_vel,0.4590,0.4527,,,
1790703958.081,/compensador_rumo/cmd_vel,0.4590,0.4527,,,
1790703958.081,/cmd_vel_bruto,0.4590,1.3998,,,
1790703958.082,/hoverboard_base_controller/cmd_vel,0.2166,0.5647,,,
1790703958.116,odom,0.2190,0.4625,2.872,2.878,
1790703958.174,odom,0.2190,0.4625,2.873,2.873,
1790703958.197,/auto_vel_raw,0.4622,0.4389,,,
1790703958.215,odom,0.2190,0.4625,2.875,2.869,
1790703958.220,/auto_vel,0.4622,0.4389,,,
1790703958.221,/compensador_rumo/cmd_vel,0.4622,0.4389,,,
1790703958.227,/cmd_vel_bruto,0.4622,1.3662,,,
1790703958.232,/hoverboard_base_controller/cmd_vel,0.2205,0.5400,,,
1790703958.244,odom,0.2190,0.4625,2.876,2.865,
1790703958.271,/auto_vel_raw,0.4662,0.4274,,,
1790703958.271,odom,0.2190,0.4625,2.877,2.861,
1790703958.311,odom,0.2205,0.4547,2.879,2.857,
1790703958.317,/auto_vel,0.4662,0.4274,,,
1790703958.319,/compensador_rumo/cmd_vel,0.4662,0.4274,,,
1790703958.320,/hoverboard_base_controller/cmd_vel,0.2220,0.5305,,,
1790703958.321,/cmd_vel_bruto,0.4662,1.3357,,,
1790703958.331,odom,0.2205,0.4547,2.880,2.853,
1790703958.341,/auto_vel_raw,0.4621,0.4430,,,
1790703958.350,/auto_vel,0.4621,0.4430,,,
1790703958.351,/compensador_rumo/cmd_vel,0.4621,0.4430,,,
1790703958.353,odom,0.2205,0.4547,2.882,2.848,
1790703958.358,/cmd_vel_bruto,0.4621,1.3759,,,
1790703958.363,/hoverboard_base_controller/cmd_vel,0.2252,0.5104,,,
1790703958.368,odom,0.2205,0.4547,2.883,2.844,
1790703958.387,odom,0.2205,0.4547,2.885,2.840,
1790703958.394,/auto_vel_raw,0.4660,0.4291,,,
1790703958.424,odom,0.2235,0.4415,2.886,2.836,
1790703958.438,/auto_vel,0.4660,0.4291,,,
1790703958.438,/compensador_rumo/cmd_vel,0.4660,0.4291,,,
1790703958.442,/cmd_vel_bruto,0.4660,1.3530,,,
1790703958.448,/hoverboard_base_controller/cmd_vel,0.2261,0.5052,,,
1790703958.476,odom,0.2252,0.4299,2.888,2.832,
1790703958.489,/auto_vel_raw,0.4662,0.4291,,,
1790703958.499,odom,0.2252,0.4298,2.890,2.828,
1790703958.506,/auto_vel,0.4662,0.4291,,,
1790703958.506,/compensador_rumo/cmd_vel,0.4662,0.4291,,,
1790703958.512,/cmd_vel_bruto,0.4662,1.3571,,,
1790703958.517,/hoverboard_base_controller/cmd_vel,0.2252,0.5107,,,
1790703958.519,odom,0.2252,0.4298,2.891,2.823,
1790703958.541,odom,0.2252,0.4298,2.893,2.819,
1790703958.552,/auto_vel_raw,0.4710,0.4106,,,
1790703958.568,odom,0.2252,0.4301,2.895,2.815,
1790703958.570,/auto_vel,0.4710,0.4106,,,
1790703958.570,/compensador_rumo/cmd_vel,0.4710,0.4106,,,
1790703958.573,/hoverboard_base_controller/cmd_vel,0.2269,0.5001,,,
1790703958.573,/cmd_vel_bruto,0.4710,1.3298,,,
1790703958.586,odom,0.2252,0.4301,2.897,2.811,
1790703958.622,/auto_vel_raw,0.4715,0.4057,,,
1790703958.623,/auto_vel,0.4715,0.4057,,,
1790703958.623,/compensador_rumo/cmd_vel,0.4715,0.4057,,,
1790703958.623,odom,0.2252,0.4301,2.899,2.807,
1790703958.628,odom,0.2252,0.4301,2.901,2.803,
1790703958.631,/cmd_vel_bruto,0.4715,1.2935,,,
1790703958.633,/hoverboard_base_controller/cmd_vel,0.2298,0.4819,,,
1790703958.645,odom,0.2252,0.4301,2.902,2.799,
1790703958.647,/auto_vel_raw,0.4069,0.4190,,,
1790703958.673,odom,0.2273,0.4198,2.904,2.795,
1790703958.686,/auto_vel,0.4069,0.4190,,,
1790703958.693,/compensador_rumo/cmd_vel,0.4069,0.4190,,,
1790703958.693,odom,0.2296,0.4077,2.907,2.791,
1790703958.697,/cmd_vel_bruto,0.4069,1.3429,,,
1790703958.703,/hoverboard_base_controller/cmd_vel,0.2291,0.4861,,,
1790703958.704,/auto_vel_raw,0.4085,0.4119,,,
1790703958.712,odom,0.2298,0.4058,2.909,2.787,
1790703958.720,/auto_vel,0.4085,0.4119,,,
1790703958.720,/compensador_rumo/cmd_vel,0.4085,0.4119,,,
1790703958.725,/cmd_vel_bruto,0.4085,1.3150,,,
1790703958.736,/hoverboard_base_controller/cmd_vel,0.0000,0.0000,,,
1790703958.745,odom,0.2298,0.4058,2.911,2.783,
1790703958.763,/auto_vel_raw,0.4095,0.4075,,,
1790703958.763,odom,0.2298,0.4058,2.913,2.778,
1790703958.873,/auto_vel,0.4095,0.4075,,,
1790703958.873,/compensador_rumo/cmd_vel,0.4095,0.4075,,,
1790703958.875,odom,0.1610,0.3364,2.914,2.776,
1790703958.879,/cmd_vel_bruto,0.4095,1.3007,,,
1790703958.879,odom,0.1614,0.3349,2.916,2.773,
1790703958.881,/hoverboard_base_controller/cmd_vel,0.2315,0.4715,,,
1790703958.908,/auto_vel_raw,0.4117,0.3963,,,
1790703958.918,odom,0.1461,0.3694,2.917,2.770,
1790703958.934,/auto_vel,0.4117,0.3963,,,
1790703958.940,/compensador_rumo/cmd_vel,0.4117,0.3963,,,
1790703958.940,/cmd_vel_bruto,0.4117,1.2763,,,
1790703958.944,/hoverboard_base_controller/cmd_vel,0.2312,0.4729,,,
1790703958.957,odom,0.1501,0.4024,2.919,2.768,
1790703958.978,odom,0.1501,0.4023,2.920,2.765,
1790703958.979,/auto_vel_raw,0.4132,0.3910,,,
1790703959.042,odom,0.2220,0.4617,2.923,2.761,
1790703959.050,/auto_vel,0.4132,0.3910,,,
1790703959.050,/compensador_rumo/cmd_vel,0.4132,0.3910,,,
1790703959.054,/cmd_vel_bruto,0.4132,1.1817,,,
1790703959.065,/hoverboard_base_controller/cmd_vel,0.2340,0.4554,,,
1790703959.066,odom,0.2241,0.4497,2.925,2.758,
1790703959.076,/auto_vel_raw,0.4163,0.3742,,,
1790703959.076,odom,0.2261,0.4379,2.927,2.754,
1790703959.078,/auto_vel,0.4163,0.3742,,,
1790703959.079,/compensador_rumo/cmd_vel,0.4163,0.3742,,,
1790703959.081,/cmd_vel_bruto,0.4163,1.1818,,,
1790703959.087,/hoverboard_base_controller/cmd_vel,0.2366,0.4391,,,
1790703959.101,odom,0.2281,0.4261,2.930,2.750,
1790703959.117,odom,0.2299,0.4148,2.932,2.746,
1790703959.119,/auto_vel_raw,0.3656,0.4005,,,
1790703959.134,/auto_vel,0.3656,0.4005,,,
1790703959.135,/compensador_rumo/cmd_vel,0.3656,0.4005,,,
1790703959.146,/hoverboard_base_controller/cmd_vel,0.0000,0.0000,,,
1790703959.146,/cmd_vel_bruto,0.3656,1.2328,,,
1790703959.178,odom,0.2316,0.4036,2.935,2.742,
1790703959.203,odom,0.2335,0.3920,2.938,2.738,
1790703959.221,/auto_vel_raw,0.3686,0.3889,,,
1790703959.238,/auto_vel,0.3686,0.3889,,,
1790703959.240,odom,0.2354,0.3805,2.940,2.735,
1790703959.245,/compensador_rumo/cmd_vel,0.3686,0.3889,,,
1790703959.245,/hoverboard_base_controller/cmd_vel,0.2217,0.5322,,,
1790703959.245,/cmd_vel_bruto,0.3686,1.2431,,,
1790703959.345,odom,0.2366,0.3707,2.943,2.731,
1790703959.380,odom,0.2366,0.3697,2.946,2.727,
1790703959.382,/auto_vel_raw,0.3708,0.3761,,,
1790703959.393,/auto_vel,0.3708,0.3761,,,
1790703959.403,/compensador_rumo/cmd_vel,0.3708,0.3761,,,
1790703959.403,/hoverboard_base_controller/cmd_vel,0.0000,0.0000,,,
1790703959.403,/cmd_vel_bruto,0.3708,1.2506,,,
1790703959.483,odom,0.2219,0.4816,2.948,2.723,
1790703959.584,odom,0.2218,0.4588,2.951,2.720,
1790703959.643,/auto_vel_raw,0.3713,0.3687,,,
1790703959.699,odom,0.2217,0.4482,2.953,2.716,
1790703959.707,/auto_vel,0.3713,0.3687,,,
1790703959.708,/compensador_rumo/cmd_vel,0.3713,0.3687,,,
1790703959.715,/hoverboard_base_controller/cmd_vel,0.2253,0.5098,,,
1790703959.716,/cmd_vel_bruto,0.3713,1.2404,,,
1790703959.779,odom,0.2217,0.4482,2.956,2.712,
1790703959.850,/auto_vel_raw,0.3399,0.4316,,,
1790703959.853,odom,0.2217,0.4482,2.959,2.709,
1790703959.872,/auto_vel,0.3399,0.4316,,,
1790703959.872,/compensador_rumo/cmd_vel,0.3399,0.4316,,,
1790703959.872,/hoverboard_base_controller/cmd_vel,0.0000,0.0000,,,
1790703959.875,/cmd_vel_bruto,0.3399,1.3753,,,
1790703959.958,odom,0.2231,0.4412,2.962,2.705,
1790703960.009,odom,0.2248,0.4324,2.964,2.702,
1790703960.034,/auto_vel_raw,0.3416,0.4175,,,
1790703960.058,odom,0.2253,0.4293,2.967,2.698,
1790703960.069,/auto_vel,0.3416,0.4175,,,
1790703960.069,/compensador_rumo/cmd_vel,0.3416,0.4175,,,
1790703960.070,/cmd_vel_bruto,0.3416,1.3521,,,
1790703960.074,/hoverboard_base_controller/cmd_vel,0.2335,0.4585,,,
1790703960.098,odom,0.2253,0.4293,2.970,2.695,
1790703960.149,/auto_vel_raw,0.3422,0.4121,,,
1790703960.150,odom,0.2253,0.4293,2.973,2.691,
1790703960.163,/auto_vel,0.3422,0.4121,,,
1790703960.164,/compensador_rumo/cmd_vel,0.3422,0.4121,,,
1790703960.164,/cmd_vel_bruto,0.3422,1.3211,,,
1790703960.167,/hoverboard_base_controller/cmd_vel,0.2173,0.5602,,,
1790703960.197,odom,0.2266,0.4225,2.976,2.688,
1790703960.232,odom,0.2282,0.4141,2.979,2.685,
1790703960.249,/auto_vel_raw,0.3440,0.4004,,,
1790703960.273,odom,0.2298,0.4057,2.982,2.681,
1790703960.283,/auto_vel,0.3440,0.4004,,,
1790703960.292,/compensador_rumo/cmd_vel,0.3440,0.4004,,,
1790703960.292,/hoverboard_base_controller/cmd_vel,0.2173,0.5603,,,
1790703960.292,/cmd_vel_bruto,0.3440,1.2981,,,
1790703960.332,odom,0.2314,0.3974,2.985,2.678,
1790703960.390,odom,0.2330,0.3892,2.988,2.674,
1790703960.399,/auto_vel_raw,0.3452,0.3929,,,
1790703960.399,/auto_vel,0.0000,0.0000,,,
1790703960.399,collision_state,,,,,STOP:invalid source
1790703960.402,/compensador_rumo/cmd_vel,0.0000,0.0000,,,
1790703960.405,/cmd_vel_bruto,0.0000,0.0000,,,
1790703960.412,/hoverboard_base_controller/cmd_vel,0.2173,0.5602,,,
1790703960.440,odom,0.2181,0.5077,2.991,2.671,
1790703960.468,odom,0.2179,0.4875,2.994,2.668,
1790703960.484,/auto_vel_raw,0.3464,0.4121,,,
1790703960.484,/auto_vel,0.0000,0.0000,,,
1790703960.484,/compensador_rumo/cmd_vel,0.0000,0.0000,,,
1790703960.493,odom,0.2173,0.4730,2.997,2.665,
1790703960.500,/hoverboard_base_controller/cmd_vel,0.2182,0.5545,,,
1790703960.500,/cmd_vel_bruto,0.0000,0.0000,,,
1790703960.508,odom,0.2173,0.4718,3.000,2.662,
1790703960.528,odom,0.2173,0.4718,3.003,2.658,
1790703960.535,/auto_vel_raw,0.3479,0.3982,,,
1790703960.535,/auto_vel,0.0000,0.0000,,,
1790703960.536,/compensador_rumo/cmd_vel,0.0000,0.0000,,,
1790703960.545,/hoverboard_base_controller/cmd_vel,0.1991,0.6736,,,
1790703960.546,/cmd_vel_bruto,0.0000,0.0000,,,
1790703960.553,odom,0.2182,0.4670,3.006,2.655,
1790703960.572,odom,0.2182,0.4669,3.009,2.652,
1790703960.584,/auto_vel_raw,0.3487,0.3952,,,
1790703960.584,/auto_vel,0.0000,0.0000,,,
1790703960.589,/compensador_rumo/cmd_vel,0.0000,0.0000,,,
1790703960.590,/hoverboard_base_controller/cmd_vel,0.2014,0.6596,,,
1790703960.590,/cmd_vel_bruto,0.0000,0.0000,,,
1790703960.591,odom,0.2182,0.4669,3.013,2.649,
1790703960.610,odom,0.2182,0.4669,3.016,2.646,
1790703960.646,/auto_vel_raw,0.3508,0.3807,,,
1790703960.646,/auto_vel,0.0000,0.0000,,,
1790703960.647,odom,0.2182,0.4669,3.019,2.643,
1790703960.650,/compensador_rumo/cmd_vel,0.0000,0.0000,,,
1790703960.650,/hoverboard_base_controller/cmd_vel,0.2039,0.6438,,,
1790703960.650,/cmd_vel_bruto,0.0000,0.0000,,,
1790703960.673,odom,0.2142,0.7119,3.022,2.641,
1790703960.699,odom,0.2075,0.7628,3.025,2.638,
1790703960.712,/auto_vel_raw,0.3532,0.3545,,,
1790703960.715,/auto_vel,0.0000,0.0000,,,
1790703960.716,/compensador_rumo/cmd_vel,0.0000,0.0000,,,
1790703960.718,/cmd_vel_bruto,0.0000,0.0000,,,
1790703960.723,/hoverboard_base_controller/cmd_vel,0.2062,0.6296,,,
1790703960.724,odom,0.2015,0.8089,3.028,2.635,
1790703960.781,odom,0.2012,0.8104,3.032,2.633,
1790703960.814,/auto_vel_raw,0.3781,0.3714,,,
1790703960.815,odom,0.2012,0.8101,3.035,2.630,
1790703960.820,/auto_vel,0.0000,0.0000,,,
1790703960.821,/compensador_rumo/cmd_vel,0.0000,0.0000,,,
1790703960.821,/cmd_vel_bruto,0.0000,0.0000,,,
1790703960.825,/hoverboard_base_controller/cmd_vel,0.2062,0.6296,,,
1790703960.841,odom,0.2059,0.7730,3.038,2.628,
1790703960.873,odom,0.2059,0.7726,3.041,2.625,
1790703960.891,/auto_vel_raw,0.3817,0.3355,,,
1790703960.892,/auto_vel,0.0000,0.0000,,,
1790703960.894,/compensador_rumo/cmd_vel,0.0000,0.0000,,,
1790703960.894,/cmd_vel_bruto,0.0000,0.0000,,,
1790703960.896,/hoverboard_base_controller/cmd_vel,0.1879,0.5739,,,
1790703960.903,odom,0.2058,0.7721,3.045,2.623,
1790703960.934,odom,0.2057,0.7715,3.048,2.621,
1790703960.964,odom,0.2056,0.7708,3.051,2.618,
1790703960.965,/auto_vel_raw,0.3838,0.3129,,,
1790703960.966,/auto_vel,0.0000,0.0000,,,
1790703960.966,/compensador_rumo/cmd_vel,0.0000,0.0000,,,
1790703960.969,/cmd_vel_bruto,0.0000,0.0000,,,
1790703960.976,/hoverboard_base_controller/cmd_vel,0.1673,0.5110,,,
1790703960.996,odom,0.1877,0.6993,3.055,2.616,
1790703961.025,odom,0.1872,0.7007,3.058,2.614,
1790703961.040,/auto_vel_raw,0.3874,0.2722,,,
1790703961.045,/auto_vel,0.0000,0.0000,,,
1790703961.045,/compensador_rumo/cmd_vel,0.0000,0.0000,,,
1790703961.051,/hoverboard_base_controller/cmd_vel,0.1467,0.4480,,,
1790703961.051,/cmd_vel_bruto,0.0000,0.0000,,,
1790703961.059,odom,0.1870,0.6993,3.061,2.612,
1790703961.084,odom,0.1868,0.6976,3.064,2.610,
1790703961.115,odom,0.1865,0.6957,3.067,2.609,
1790703961.123,/auto_vel_raw,0.3902,0.2450,,,
1790703961.125,/auto_vel,0.0000,0.0000,,,
1790703961.127,/compensador_rumo/cmd_vel,0.0000,0.0000,,,
1790703961.128,/hoverboard_base_controller/cmd_vel,0.1277,0.3899,,,
1790703961.129,/cmd_vel_bruto,0.0000,0.0000,,,
1790703961.156,odom,0.1565,0.4762,3.070,2.607,
1790703961.200,odom,0.1423,0.5020,3.073,2.606,
1790703961.239,/auto_vel_raw,0.4578,0.0000,,,
1790703961.239,/auto_vel,0.0000,0.0000,,,
1790703961.240,/compensador_rumo/cmd_vel,0.0000,0.0000,,,
1790703961.241,/hoverboard_base_controller/cmd_vel,0.1094,0.3342,,,
1790703961.241,/cmd_vel_bruto,0.0000,0.0000,,,
1790703961.261,odom,0.1406,0.5046,3.075,2.604,
1790703961.303,odom,0.1400,0.4997,3.078,2.603,
1790703961.339,/auto_vel_raw,0.4578,0.0000,,,
1790703961.339,/auto_vel,0.0000,0.0000,,,
1790703961.341,odom,0.1393,0.4942,3.080,2.602,
1790703961.356,/compensador_rumo/cmd_vel,0.0000,0.0000,,,
1790703961.356,/hoverboard_base_controller/cmd_vel,0.0896,0.2736,,,
1790703961.356,/cmd_vel_bruto,0.0000,0.0000,,,
1790703961.385,odom,0.1157,0.3366,3.082,2.601,
1790703961.407,odom,0.1029,0.3170,3.084,2.600,
1790703961.435,/auto_vel_raw,0.4578,0.0000,,,
1790703961.436,/auto_vel,0.0000,0.0000,,,
1790703961.436,/compensador_rumo/cmd_vel,0.0000,0.0000,,,
1790703961.436,/cmd_vel_bruto,0.0000,0.0000,,,
1790703961.440,odom,0.1042,0.3088,3.086,2.599,
1790703961.446,/hoverboard_base_controller/cmd_vel,0.0666,0.2034,,,
1790703961.463,odom,0.1056,0.3015,3.088,2.598,
1790703961.491,/auto_vel_raw,0.4578,0.0000,,,
1790703961.491,odom,0.1070,0.2942,3.090,2.597,
1790703961.493,/auto_vel,0.0000,0.0000,,,
1790703961.493,/compensador_rumo/cmd_vel,0.0000,0.0000,,,
1790703961.501,/hoverboard_base_controller/cmd_vel,0.0500,0.1526,,,
1790703961.502,/cmd_vel_bruto,0.0000,0.0000,,,
1790703961.532,odom,0.0727,0.2034,3.091,2.597,
1790703961.590,odom,0.0611,0.2002,3.092,2.596,
1790703961.615,/auto_vel_raw,0.4578,0.0000,,,
1790703961.626,odom,0.0626,0.1926,3.093,2.596,
1790703961.642,/auto_vel,0.4578,0.0000,,,
1790703961.643,collision_state,,,,,DO_NOTHING:-
1790703961.649,/compensador_rumo/cmd_vel,0.4578,0.0000,,,
1790703961.662,/hoverboard_base_controller/cmd_vel,0.0190,0.0581,,,
1790703961.666,/cmd_vel_bruto,0.4578,0.1729,,,
1790703961.667,odom,0.0640,0.1851,3.095,2.595,
1790703961.680,/auto_vel_raw,0.4578,0.0000,,,
1790703961.680,odom,0.0654,0.1775,3.096,2.595,
1790703961.684,/auto_vel,0.4578,0.0000,,,
1790703961.689,/compensador_rumo/cmd_vel,0.4578,0.0000,,,
1790703961.691,/cmd_vel_bruto,0.4578,0.1540,,,
1790703961.694,/hoverboard_base_controller/cmd_vel,0.0000,0.0000,,,
1790703961.735,odom,0.0208,0.0581,3.096,2.594,
1790703961.765,odom,0.0158,0.0561,3.097,2.594,
1790703961.799,/auto_vel_raw,0.4578,0.0000,,,
1790703961.809,odom,0.0188,0.0502,3.097,2.594,
1790703961.821,/auto_vel,0.4578,0.0000,,,
1790703961.825,/compensador_rumo/cmd_vel,0.4578,0.0000,,,
1790703961.825,odom,0.0190,0.0489,3.097,2.594,
1790703961.836,/cmd_vel_bruto,0.4578,0.0962,,,
1790703961.860,/hoverboard_base_controller/cmd_vel,0.0000,0.0000,,,
1790703961.861,odom,0.0190,0.0489,3.098,2.594,
1790703961.878,/auto_vel_raw,0.4578,0.0000,,,
1790703961.900,/auto_vel,0.4578,0.0000,,,
1790703961.900,/compensador_rumo/cmd_vel,0.4578,0.0000,,,
1790703961.901,/hoverboard_base_controller/cmd_vel,0.0000,0.0000,,,
1790703961.901,/cmd_vel_bruto,0.4578,0.0774,,,
1790703961.901,odom,0.0000,0.0000,3.098,2.594,
1790703961.933,odom,0.0000,0.0000,3.098,2.594,
1790703961.986,/auto_vel_raw,0.4578,0.0000,,,
1790703962.028,odom,0.0000,0.0000,3.098,2.594,
1790703962.040,/auto_vel,0.4578,0.0000,,,
1790703962.040,/compensador_rumo/cmd_vel,0.4578,0.0000,,,
1790703962.042,/hoverboard_base_controller/cmd_vel,0.0000,0.0000,,,
1790703962.043,/cmd_vel_bruto,0.4578,0.0415,,,
1790703962.102,odom,0.0000,0.0000,3.098,2.594,
1790703962.162,odom,0.0000,0.0000,3.098,2.594,
1790703962.182,/auto_vel_raw,0.4578,0.0000,,,
1790703962.270,odom,0.0000,0.0000,3.098,2.594,
1790703962.285,/auto_vel,0.4578,0.0000,,,
1790703962.285,/compensador_rumo/cmd_vel,0.4578,0.0000,,,
1790703962.285,/hoverboard_base_controller/cmd_vel,0.0000,0.0000,,,
1790703962.289,/cmd_vel_bruto,0.4578,0.0137,,,
1790703962.371,odom,0.0000,0.0000,3.098,2.594,
1790703962.410,/auto_vel_raw,0.4578,0.0000,,,
1790703962.439,odom,0.0000,0.0000,3.098,2.594,
1790703962.446,/auto_vel,0.4578,0.0000,,,
1790703962.447,/compensador_rumo/cmd_vel,0.4578,0.0000,,,
1790703962.448,/cmd_vel_bruto,0.4578,0.0071,,,
1790703962.455,/hoverboard_base_controller/cmd_vel,0.3425,-0.2226,,,
1790703962.483,odom,0.0000,0.0000,3.098,2.594,
1790703962.521,odom,0.0000,0.0000,3.098,2.594,
1790703962.526,/auto_vel_raw,0.4578,0.0000,,,
1790703962.528,odom,0.0756,-0.1439,3.099,2.593,
1790703962.539,/auto_vel,0.4578,0.0000,,,
1790703962.546,/compensador_rumo/cmd_vel,0.4578,0.0000,,,
1790703962.546,/cmd_vel_bruto,0.4578,0.0108,,,
1790703962.552,odom,0.0764,-0.1391,3.100,2.593,
1790703962.562,/hoverboard_base_controller/cmd_vel,0.3450,-0.2384,,,
1790703962.571,/auto_vel_raw,0.4578,0.0000,,,
1790703962.575,odom,0.0770,-0.1346,3.101,2.592,
1790703962.584,/auto_vel,0.4578,0.0000,,,
1790703962.591,/compensador_rumo/cmd_vel,0.4578,0.0000,,,
1790703962.591,/cmd_vel_bruto,0.4578,0.0382,,,
1790703962.599,/hoverboard_base_controller/cmd_vel,0.3530,-0.2879,,,
1790703962.601,odom,0.0776,-0.1301,3.103,2.591,
1790703962.633,/auto_vel_raw,0.5000,0.0000,,,
1790703962.633,odom,0.0782,-0.1256,3.104,2.591,
1790703962.646,/auto_vel,0.5000,0.0000,,,
1790703962.647,/compensador_rumo/cmd_vel,0.5000,0.0000,,,
1790703962.649,/cmd_vel_bruto,0.5000,0.0664,,,
1790703962.652,/hoverboard_base_controller/cmd_vel,0.3556,-0.3044,,,
1790703962.665,odom,0.1546,-0.2809,3.107,2.589,
1790703962.691,odom,0.1562,-0.2761,3.109,2.588,
1790703962.707,/auto_vel_raw,0.5000,0.0000,,,
1790703962.715,odom,0.1574,-0.2695,3.112,2.587,
1790703962.721,/auto_vel,0.5000,0.0000,,,
1790703962.723,/compensador_rumo/cmd_vel,0.5000,0.0000,,,
1790703962.729,/cmd_vel_bruto,0.5000,0.1645,,,
1790703962.730,/hoverboard_base_controller/cmd_vel,0.3607,-0.3365,,,
1790703962.746,odom,0.1582,-0.2636,3.115,2.585,
1790703962.772,/auto_vel_raw,0.5000,0.0000,,,
1790703962.772,odom,0.1588,-0.2588,3.118,2.584,
1790703962.786,/auto_vel,0.5000,0.0000,,,
1790703962.787,/compensador_rumo/cmd_vel,0.5000,0.0000,,,
1790703962.792,/cmd_vel_bruto,0.5000,0.2110,,,
1790703962.793,/hoverboard_base_controller/cmd_vel,0.3648,-0.3620,,,
1790703962.801,odom,0.2335,-0.3322,3.122,2.582,
1790703962.827,odom,0.2334,-0.3286,3.126,2.580,
1790703962.845,/auto_vel_raw,0.5000,0.0000,,,
1790703962.854,odom,0.2333,-0.3250,3.130,2.578,
1790703962.864,/auto_vel,0.5000,0.0000,,,
1790703962.865,/compensador_rumo/cmd_vel,0.5000,0.0000,,,
1790703962.871,/cmd_vel_bruto,0.5000,0.3081,,,
1790703962.872,/hoverboard_base_controller/cmd_vel,0.3658,-0.3680,,,
1790703962.885,odom,0.2333,-0.3232,3.134,2.576,
1790703962.913,odom,0.2334,-0.3233,3.138,2.574,
1790703962.922,/auto_vel_raw,0.5000,0.0000,,,
1790703962.945,odom,0.3110,-0.3663,3.144,2.571,
1790703962.956,/auto_vel,0.5000,0.0000,,,
1790703962.956,/compensador_rumo/cmd_vel,0.5000,0.0000,,,
1790703962.963,/cmd_vel_bruto,0.5000,0.3805,,,
1790703962.964,/hoverboard_base_controller/cmd_vel,0.3652,-0.3646,,,
1790703962.979,odom,0.3109,-0.3631,3.149,2.568,
1790703962.998,/auto_vel_raw,0.5000,0.0000,,,
1790703963.013,odom,0.3112,-0.3652,3.155,2.565,
1790703963.020,/auto_vel,0.5000,0.0000,,,
1790703963.020,/compensador_rumo/cmd_vel,0.5000,0.0000,,,
1790703963.020,/hoverboard_base_controller/cmd_vel,0.3612,-0.3395,,,
1790703963.020,/cmd_vel_bruto,0.5000,0.4347,,,
1790703963.046,odom,0.3115,-0.3673,3.160,2.562,
1790703963.071,odom,0.3119,-0.3680,3.166,2.559,
1790703963.081,/auto_vel_raw,0.5000,0.0000,,,
1790703963.119,odom,0.3513,-0.3393,3.172,2.556,
1790703963.126,/auto_vel,0.5000,0.0000,,,
1790703963.129,/compensador_rumo/cmd_vel,0.5000,0.0000,,,
1790703963.131,/cmd_vel_bruto,0.5000,0.5171,,,
1790703963.134,/hoverboard_base_controller/cmd_vel,0.3580,-0.3191,,,
1790703963.158,odom,0.3518,-0.3395,3.178,2.552,
1790703963.174,/auto_vel_raw,0.5000,0.0000,,,
1790703963.200,odom,0.3524,-0.3395,3.184,2.549,
1790703963.203,/auto_vel,0.5000,0.0000,,,
1790703963.204,/compensador_rumo/cmd_vel,0.5000,0.0000,,,
1790703963.205,/hoverboard_base_controller/cmd_vel,0.3455,-0.2412,,,
1790703963.205,/cmd_vel_bruto,0.5000,0.5577,,,
1790703963.265,odom,0.3529,-0.3395,3.190,2.545,
1790703963.339,/auto_vel_raw,0.5000,0.0000,,,
1790703963.340,odom,0.3534,-0.3395,3.196,2.541,
1790703963.398,odom,0.3443,-0.2667,3.202,2.538,
1790703963.404,/auto_vel,0.5000,0.0000,,,
1790703963.406,/compensador_rumo/cmd_vel,0.5000,0.0000,,,
1790703963.408,/hoverboard_base_controller/cmd_vel,0.3398,-0.2059,,,
1790703963.408,/cmd_vel_bruto,0.5000,0.6169,,,
1790703963.445,odom,0.3441,-0.2574,3.208,2.534,
1790703963.479,/auto_vel_raw,0.4771,0.4271,,,
1790703963.482,odom,0.3442,-0.2475,3.214,2.531,
1790703963.491,/auto_vel,0.4771,0.4271,,,
1790703963.495,/compensador_rumo/cmd_vel,0.4771,0.4271,,,
1790703963.497,odom,0.3443,-0.2411,3.219,2.527,
1790703963.499,/cmd_vel_bruto,0.4771,1.5714,,,
1790703963.501,/hoverboard_base_controller/cmd_vel,0.3285,-0.1352,,,
1790703963.514,odom,0.3445,-0.2406,3.225,2.523,
1790703963.517,/auto_vel_raw,0.4729,0.4455,,,
1790703963.518,/auto_vel,0.4729,0.4455,,,
1790703963.518,/compensador_rumo/cmd_vel,0.4729,0.4455,,,
1790703963.519,/hoverboard_base_controller/cmd_vel,0.3205,-0.0851,,,
1790703963.519,/cmd_vel_bruto,0.4729,1.6218,,,
1790703963.605,odom,0.3251,-0.1338,3.231,2.520,
1790703963.647,odom,0.3252,-0.1313,3.236,2.516,
1790703963.687,/auto_vel_raw,0.4643,0.4777,,,
1790703963.706,odom,0.3255,-0.1297,3.242,2.513,
1790703963.716,/auto_vel,0.4643,0.4777,,,
1790703963.716,/compensador_rumo/cmd_vel,0.4643,0.4777,,,
1790703963.719,/cmd_vel_bruto,0.4643,1.6799,,,
1790703963.721,/hoverboard_base_controller/cmd_vel,0.3147,-0.0489,,,
1790703963.759,odom,0.3258,-0.1281,3.247,2.509,
1790703963.791,/auto_vel_raw,0.4595,0.4930,,,
1790703963.791,/auto_vel,0.4595,0.4930,,,
1790703963.791,/compensador_rumo/cmd_vel,0.4595,0.4930,,,
1790703963.792,odom,0.3261,-0.1266,3.253,2.505,
1790703963.797,/hoverboard_base_controller/cmd_vel,0.3063,0.0041,,,
1790703963.797,/cmd_vel_bruto,0.4595,1.6988,,,
1790703963.812,odom,0.3134,-0.0482,3.258,2.502,
1790703963.842,odom,0.3138,-0.0463,3.263,2.499,
1790703963.858,/auto_vel_raw,0.4518,0.5154,,,
1790703963.861,odom,0.3141,-0.0444,3.268,2.495,
1790703963.869,/auto_vel,0.4518,0.5154,,,
1790703963.871,/compensador_rumo/cmd_vel,0.4518,0.5154,,,
1790703963.876,/hoverboard_base_controller/cmd_vel,0.3022,0.0293,,,
1790703963.876,/cmd_vel_bruto,0.4518,1.7494,,,
1790703963.883,odom,0.3145,-0.0424,3.274,2.492,
1790703963.900,odom,0.3147,-0.0412,3.279,2.488,
1790703963.914,/auto_vel_raw,0.4467,0.5289,,,
1790703963.914,/auto_vel,0.0000,0.0000,,,
1790703963.914,/compensador_rumo/cmd_vel,0.0000,0.0000,,,
1790703963.916,collision_state,,,,,STOP:invalid source
1790703963.919,/hoverboard_base_controller/cmd_vel,0.2965,0.0651,,,
1790703963.920,/cmd_vel_bruto,0.0000,0.0000,,,
1790703963.924,odom,0.3014,0.0293,3.284,2.485,
1790703963.947,odom,0.3014,0.0293,3.289,2.481,
1790703963.967,/auto_vel_raw,0.4417,0.5409,,,
1790703963.973,/auto_vel,0.0000,0.0000,,,
1790703963.974,/compensador_rumo/cmd_vel,0.0000,0.0000,,,
1790703963.978,/hoverboard_base_controller/cmd_vel,0.2195,0.5460,,,
1790703963.978,/cmd_vel_bruto,0.0000,0.0000,,,
1790703963.992,odom,0.3015,0.0293,3.294,2.478,
1790703964.020,odom,0.3016,0.0293,3.299,2.475,
1790703964.042,/auto_vel_raw,0.4360,0.5540,,,
1790703964.042,/auto_vel,0.0000,0.0000,,,
1790703964.042,odom,0.3017,0.0293,3.304,2.471,
1790703964.044,/compensador_rumo/cmd_vel,0.0000,0.0000,,,
1790703964.049,/hoverboard_base_controller/cmd_vel,0.2156,0.5704,,,
1790703964.049,/cmd_vel_bruto,0.0000,0.0000,,,
1790703964.073,odom,0.2275,0.1798,3.308,2.469,
1790703964.084,odom,0.2272,0.1824,3.312,2.466,
1790703964.094,/auto_vel_raw,0.4304,0.5623,,,
1790703964.096,/auto_vel,0.0000,0.0000,,,
1790703964.098,/compensador_rumo/cmd_vel,0.0000,0.0000,,,
1790703964.099,/cmd_vel_bruto,0.0000,0.0000,,,
1790703964.101,/hoverboard_base_controller/cmd_vel,0.2104,0.6034,,,
1790703964.122,odom,0.2153,0.1774,3.315,2.464,
1790703964.161,odom,0.2171,0.1793,3.319,2.462,
1790703964.185,/auto_vel_raw,0.4275,0.5648,,,
1790703964.185,odom,0.2175,0.1793,3.323,2.459,
1790703964.197,/auto_vel,0.4275,0.5648,,,
1790703964.198,collision_state,,,,,DO_NOTHING:-
1790703964.202,/compensador_rumo/cmd_vel,0.4275,0.5648,,,
1790703964.206,/hoverboard_base_controller/cmd_vel,0.2082,0.6167,,,
1790703964.206,/cmd_vel_bruto,0.4275,1.7307,,,
1790703964.225,odom,0.2111,0.2535,3.326,2.457,
1790703964.279,odom,0.2104,0.2495,3.330,2.455,
1790703964.329,/auto_vel_raw,0.4251,0.5637,,,
1790703964.356,odom,0.2104,0.2495,3.333,2.452,
1790703964.363,/auto_vel,0.4251,0.5637,,,
1790703964.363,/compensador_rumo/cmd_vel,0.4251,0.5637,,,
1790703964.365,/hoverboard_base_controller/cmd_vel,0.2036,0.6457,,,
1790703964.366,/cmd_vel_bruto,0.4251,1.6631,,,
1790703964.387,odom,0.2104,0.2495,3.337,2.450,
1790703964.419,odom,0.2104,0.2495,3.340,2.448,
1790703964.440,/auto_vel_raw,0.4190,0.5716,,,
1790703964.470,odom,0.2038,0.4066,3.344,2.446,
1790703964.477,/auto_vel,0.4190,0.5716,,,
1790703964.477,/compensador_rumo/cmd_vel,0.4190,0.5716,,,
1790703964.479,/cmd_vel_bruto,0.4190,1.6540,,,
1790703964.479,/hoverboard_base_controller/cmd_vel,0.2036,0.6457,,,
1790703964.527,odom,0.2036,0.4049,3.347,2.444,
1790703964.557,/auto_vel_raw,0.4209,0.5630,,,
1790703964.570,odom,0.2036,0.4049,3.351,2.442,
1790703964.575,/auto_vel,0.4209,0.5630,,,
1790703964.575,/compensador_rumo/cmd_vel,0.4209,0.5630,,,
1790703964.579,/hoverboard_base_controller/cmd_vel,0.0000,0.0000,,,
1790703964.579,/cmd_vel_bruto,0.4209,1.6287,,,
1790703964.601,odom,0.2036,0.4049,3.355,2.440,
1790703964.642,odom,0.2036,0.4049,3.358,2.438,
1790703964.660,/auto_vel_raw,0.4215,0.5585,,,
1790703964.680,odom,0.1292,0.3635,3.360,2.437,
1790703964.685,/auto_vel,0.4215,0.5585,,,
1790703964.687,/compensador_rumo/cmd_vel,0.4215,0.5585,,,
1790703964.690,/cmd_vel_bruto,0.4215,1.6023,,,
1790703964.691,/hoverboard_base_controller/cmd_vel,0.1625,0.5154,,,
1790703964.709,odom,0.1335,0.3308,3.363,2.435,
1790703964.735,/auto_vel_raw,0.4199,0.5594,,,
1790703964.746,odom,0.1191,0.3529,3.365,2.434,
1790703964.763,/auto_vel,0.4199,0.5594,,,
1790703964.764,/compensador_rumo/cmd_vel,0.4199,0.5594,,,
1790703964.767,/cmd_vel_bruto,0.4199,1.5696,,,
1790703964.768,/hoverboard_base_controller/cmd_vel,0.0000,0.0000,,,
1790703964.778,odom,0.1223,0.3971,3.367,2.433,
1790703964.805,odom,0.1223,0.3969,3.369,2.432,
1790703964.807,/auto_vel_raw,0.4211,0.5551,,,
1790703964.851,odom,0.0488,0.1827,3.370,2.432,
1790703964.864,/auto_vel,0.4211,0.5551,,,
1790703964.865,/compensador_rumo/cmd_vel,0.4211,0.5551,,,
1790703964.866,/cmd_vel_bruto,0.4211,1.5058,,,
1790703964.868,/hoverboard_base_controller/cmd_vel,0.1991,0.6740,,,
1790703964.917,odom,0.0490,0.1808,3.371,2.431,
1790703964.934,/auto_vel_raw,0.4236,0.5501,,,
1790703964.955,odom,0.0368,0.1837,3.372,2.431,
1790703964.965,/auto_vel,0.4236,0.5501,,,
1790703964.966,/compensador_rumo/cmd_vel,0.4236,0.5501,,,
1790703964.969,/hoverboard_base_controller/cmd_vel,0.2025,0.6522,,,
1790703964.977,/cmd_vel_bruto,0.4236,1.4373,,,
1790703964.994,odom,0.0411,0.2034,3.373,2.430,
1790703965.020,odom,0.0411,0.2031,3.373,2.430,
1790703965.026,/auto_vel_raw,0.4262,0.5468,,,
1790703965.029,/auto_vel,0.4262,0.5468,,,
1790703965.029,/compensador_rumo/cmd_vel,0.4262,0.5468,,,
1790703965.029,/hoverboard_base_controller/cmd_vel,0.2016,0.6580,,,
1790703965.030,/cmd_vel_bruto,0.4262,1.3621,,,
1790703965.075,odom,0.1136,0.3090,3.375,2.429,
1790703965.104,odom,0.1161,0.3129,3.377,2.428,
1790703965.117,/auto_vel_raw,0.4288,0.5426,,,
1790703965.140,odom,0.1174,0.3055,3.379,2.427,
1790703965.145,/auto_vel,0.4288,0.5426,,,
1790703965.145,/compensador_rumo/cmd_vel,0.4288,0.5426,,,
1790703965.145,/hoverboard_base_controller/cmd_vel,0.2036,0.6453,,,
1790703965.149,/cmd_vel_bruto,0.4288,1.3517,,,
1790703965.167,odom,0.1188,0.2982,3.381,2.426,
1790703965.212,/auto_vel_raw,0.4322,0.5354,,,
1790703965.214,odom,0.1202,0.2910,3.384,2.425,
1790703965.216,/auto_vel,0.4322,0.5354,,,
1790703965.216,/compensador_rumo/cmd_vel,0.4322,0.5354,,,
1790703965.220,/cmd_vel_bruto,0.4322,1.3331,,,
1790703965.229,/hoverboard_base_controller/cmd_vel,0.2054,0.6342,,,
1790703965.269,odom,0.1907,0.4675,3.387,2.424,
1790703965.298,odom,0.1921,0.4637,3.390,2.422,
1790703965.316,/auto_vel_raw,0.4363,0.5268,,,
1790703965.333,odom,0.1932,0.4573,3.394,2.421,
1790703965.352,/auto_vel,0.4363,0.5268,,,
1790703965.352,/compensador_rumo/cmd_vel,0.4363,0.5268,,,
1790703965.353,/hoverboard_base_controller/cmd_vel,0.2071,0.6236,,,
1790703965.359,/cmd_vel_bruto,0.4363,1.3907,,,
1790703965.368,odom,0.1943,0.4509,3.397,2.419,
1790703965.377,/auto_vel_raw,0.4391,0.5211,,,
1790703965.379,odom,0.1954,0.4445,3.401,2.418,
1790703965.383,/auto_vel,0.4391,0.5211,,,
1790703965.388,/compensador_rumo/cmd_vel,0.4391,0.5211,,,
1790703965.389,/cmd_vel_bruto,0.4391,1.4340,,,
1790703965.396,/hoverboard_base_controller/cmd_vel,0.2115,0.5960,,,
1790703965.414,odom,0.2065,0.5287,3.405,2.416,
1790703965.445,odom,0.2071,0.5251,3.409,2.415,
1790703965.460,/auto_vel_raw,0.4418,0.5087,,,
1790703965.471,odom,0.2071,0.5251,3.413,2.413,
1790703965.474,/auto_vel,0.4418,0.5087,,,
1790703965.474,/compensador_rumo/cmd_vel,0.4418,0.5087,,,
1790703965.475,/cmd_vel_bruto,0.4418,1.4652,,,
1790703965.477,/hoverboard_base_controller/cmd_vel,0.2167,0.5640,,,
1790703965.504,odom,0.2071,0.5251,3.416,2.412,
1790703965.574,/auto_vel_raw,0.4417,0.5042,,,
1790703965.575,odom,0.2071,0.5251,3.420,2.411,
1790703965.586,/auto_vel,0.4417,0.5042,,,
1790703965.587,/compensador_rumo/cmd_vel,0.4417,0.5042,,,
1790703965.588,/cmd_vel_bruto,0.4417,1.4802,,,
1790703965.592,/hoverboard_base_controller/cmd_vel,0.2224,0.5279,,,
1790703965.646,odom,0.2081,0.5205,3.424,2.409,
1790703965.669,odom,0.2092,0.5149,3.428,2.408,
1790703965.676,/auto_vel_raw,0.4455,0.4908,,,
1790703965.683,odom,0.2104,0.5092,3.432,2.407,
1790703965.689,/auto_vel,0.4455,0.4908,,,
1790703965.689,/compensador_rumo/cmd_vel,0.4455,0.4908,,,
1790703965.692,/cmd_vel_bruto,0.4455,1.4672,,,
1790703965.700,/hoverboard_base_controller/cmd_vel,0.2258,0.5067,,,
1790703965.710,odom,0.2116,0.5035,3.436,2.406,
1790703965.748,odom,0.2127,0.4979,3.440,2.405,
1790703965.753,/auto_vel_raw,0.4487,0.4792,,,
1790703965.789,odom,0.2139,0.4919,3.445,2.403,
1790703965.806,/auto_vel,0.4487,0.4792,,,
1790703965.811,/compensador_rumo/cmd_vel,0.4487,0.4792,,,
1790703965.811,/cmd_vel_bruto,0.4487,1.4564,,,
1790703965.819,/hoverboard_base_controller/cmd_vel,0.0000,0.0000,,,
1790703965.829,odom,0.2151,0.4862,3.449,2.402,
1790703965.842,/auto_vel_raw,0.4535,0.4654,,,
1790703965.848,odom,0.2162,0.4805,3.453,2.401,
1790703965.858,/auto_vel,0.4535,0.4654,,,
1790703965.862,/compensador_rumo/cmd_vel,0.4535,0.4654,,,
1790703965.862,/cmd_vel_bruto,0.4535,1.4209,,,
1790703965.866,/hoverboard_base_controller/cmd_vel,0.2227,0.5263,,,
1790703965.874,odom,0.2174,0.4747,3.457,2.400,
1790703965.902,odom,0.2185,0.4689,3.461,2.399,
1790703965.910,/auto_vel_raw,0.4550,0.4607,,,
1790703965.933,odom,0.2188,0.4654,3.466,2.398,
1790703965.949,/auto_vel,0.4550,0.4607,,,
1790703965.949,/compensador_rumo/cmd_vel,0.4550,0.4607,,,
1790703965.962,/cmd_vel_bruto,0.4550,1.4182,,,
1790703965.962,odom,0.2197,0.4606,3.470,2.397,
1790703965.972,/auto_vel_raw,0.4574,0.4502,,,
1790703965.973,odom,0.2205,0.4557,3.474,2.396,
1790703965.975,/auto_vel,0.4574,0.4502,,,
1790703965.975,/compensador_rumo/cmd_vel,0.4574,0.4502,,,
1790703965.975,/hoverboard_base_controller/cmd_vel,0.2189,0.5501,,,
1790703965.975,/cmd_vel_bruto,0.4574,1.3967,,,
1790703965.978,/hoverboard_base_controller/cmd_vel,0.0000,0.0000,,,
1790703966.003,odom,0.2214,0.4507,3.479,2.395,
1790703966.023,odom,0.2222,0.4457,3.483,2.395,
1790703966.044,/auto_vel_raw,0.4624,0.4372,,,
1790703966.044,odom,0.1551,0.4635,3.486,2.394,
1790703966.060,/auto_vel,0.4624,0.4372,,,
1790703966.063,/compensador_rumo/cmd_vel,0.4624,0.4372,,,
1790703966.063,/cmd_vel_bruto,0.4624,1.3576,,,
1790703966.064,odom,0.1637,0.3971,3.489,2.394,
1790703966.067,/hoverboard_base_controller/cmd_vel,0.2196,0.5459,,,
1790703966.087,/auto_vel_raw,0.4655,0.4224,,,
1790703966.129,odom,0.1514,0.4742,3.492,2.393,
1790703966.137,/auto_vel,0.4655,0.4224,,,
1790703966.144,/compensador_rumo/cmd_vel,0.4655,0.4224,,,
1790703966.144,/hoverboard_base_controller/cmd_vel,0.0000,0.0000,,,
1790703966.145,/cmd_vel_bruto,0.4655,1.3073,,,
1790703966.212,odom,0.1511,0.4760,3.495,2.393,
1790703966.255,/auto_vel_raw,0.4676,0.4126,,,
1790703966.255,odom,0.1510,0.4757,3.498,2.392,
1790703966.261,/auto_vel,0.4676,0.4126,,,
1790703966.270,/compensador_rumo/cmd_vel,0.4676,0.4126,,,
1790703966.278,/hoverboard_base_controller/cmd_vel,0.0000,0.0000,,,
1790703966.278,/cmd_vel_bruto,0.4676,1.2594,,,
1790703966.326,odom,0.0672,0.2273,3.500,2.392,
1790703966.359,odom,0.0677,0.2233,3.501,2.392,
1790703966.367,/auto_vel_raw,0.4709,0.4015,,,
1790703966.377,odom,0.0677,0.2233,3.502,2.392,
1790703966.385,/auto_vel,0.4709,0.4015,,,
1790703966.388,/compensador_rumo/cmd_vel,0.4709,0.4015,,,
1790703966.389,/cmd_vel_bruto,0.4709,1.1355,,,
1790703966.391,/hoverboard_base_controller/cmd_vel,0.2243,0.5160,,,
1790703966.400,odom,0.0576,0.2482,3.503,2.392,
1790703966.438,odom,0.0576,0.2478,3.505,2.392,
1790703966.454,/auto_vel_raw,0.4748,0.3938,,,
1790703966.464,odom,0.1281,0.3543,3.507,2.391,
1790703966.476,/auto_vel,0.4748,0.3938,,,
1790703966.476,/compensador_rumo/cmd_vel,0.4748,0.3938,,,
1790703966.486,/hoverboard_base_controller/cmd_vel,0.0000,0.0000,,,
1790703966.486,/cmd_vel_bruto,0.4748,1.0557,,,
1790703966.494,odom,0.1325,0.3547,3.509,2.391,
1790703966.512,/auto_vel_raw,0.4772,0.3856,,,
1790703966.518,odom,0.1347,0.3429,3.512,2.391,
1790703966.522,/auto_vel,0.4772,0.3856,,,
1790703966.522,/compensador_rumo/cmd_vel,0.4772,0.3856,,,
1790703966.526,/cmd_vel_bruto,0.4772,1.0272,,,
1790703966.527,/hoverboard_base_controller/cmd_vel,0.2268,0.5008,,,
1790703966.540,odom,0.1369,0.3310,3.515,2.391,
1790703966.551,odom,0.1390,0.3200,3.518,2.390,
1790703966.562,/auto_vel_raw,0.4797,0.3774,,,
1790703966.569,odom,0.2053,0.4889,3.521,2.390,
1790703966.587,/auto_vel,0.4797,0.3774,,,
1790703966.588,/compensador_rumo/cmd_vel,0.4797,0.3774,,,
1790703966.588,/cmd_vel_bruto,0.4797,1.0458,,,
1790703966.595,/hoverboard_base_controller/cmd_vel,0.2345,0.4524,,,
1790703966.597,odom,0.2077,0.4923,3.525,2.390,
1790703966.605,/auto_vel_raw,0.4828,0.3616,,,
1790703966.617,odom,0.2088,0.4865,3.530,2.390,
1790703966.629,/auto_vel,0.4828,0.3616,,,
1790703966.630,/compensador_rumo/cmd_vel,0.4828,0.3616,,,
1790703966.635,odom,0.2098,0.4812,3.534,2.389,
1790703966.642,/hoverboard_base_controller/cmd_vel,0.2383,0.4286,,,
1790703966.643,/cmd_vel_bruto,0.4828,1.0535,,,
1790703966.655,odom,0.2108,0.4758,3.538,2.389,
1790703966.662,/auto_vel_raw,0.4864,0.3353,,,
1790703966.671,odom,0.2261,0.4253,3.542,2.389,
1790703966.678,/auto_vel,0.4864,0.3353,,,
1790703966.680,/compensador_rumo/cmd_vel,0.4864,0.3353,,,
1790703966.681,/cmd_vel_bruto,0.4864,1.0796,,,
1790703966.683,/hoverboard_base_controller/cmd_vel,0.0000,0.0000,,,
1790703966.691,odom,0.2272,0.4196,3.547,2.389,
1790703966.704,/auto_vel_raw,0.4878,0.3163,,,
1790703966.716,odom,0.2283,0.4139,3.552,2.389,
1790703966.721,/auto_vel,0.4878,0.3163,,,
1790703966.741,/compensador_rumo/cmd_vel,0.4878,0.3163,,,
1790703966.743,odom,0.2294,0.4081,3.556,2.389,
1790703966.750,/cmd_vel_bruto,0.4878,1.0807,,,
1790703966.751,/hoverboard_base_controller/cmd_vel,0.2480,0.3680,,,
1790703966.760,odom,0.2305,0.4022,3.561,2.389,
1790703966.764,/auto_vel_raw,0.4895,0.2960,,,
1790703966.774,odom,0.2377,0.3640,3.566,2.389,
1790703966.784,/auto_vel,0.4895,0.2960,,,
1790703966.784,/compensador_rumo/cmd_vel,0.4895,0.2960,,,
1790703966.786,/cmd_vel_bruto,0.4895,1.0579,,,
1790703966.804,odom,0.2389,0.3579,3.570,2.389,
1790703966.827,/auto_vel_raw,0.4908,0.2868,,,
1790703966.827,/hoverboard_base_controller/cmd_vel,0.2549,0.3253,,,
1790703966.833,odom,0.2401,0.3518,3.575,2.389,
1790703966.854,/auto_vel,0.4908,0.2868,,,
1790703966.855,/compensador_rumo/cmd_vel,0.4908,0.2868,,,
1790703966.856,/hoverboard_base_controller/cmd_vel,0.2575,0.3087,,,
1790703966.857,/cmd_vel_bruto,0.4908,1.0502,,,
1790703966.857,odom,0.2412,0.3457,3.580,2.390,
1790703966.861,odom,0.2424,0.3396,3.585,2.390,
1790703966.884,/auto_vel_raw,0.4918,0.2756,,,
1790703966.898,odom,0.2490,0.3046,3.590,2.390,
1790703966.907,/auto_vel,0.4918,0.2756,,,
1790703966.907,/compensador_rumo/cmd_vel,0.4918,0.2756,,,
1790703966.907,/cmd_vel_bruto,0.4918,1.0476,,,
1790703966.907,odom,0.2502,0.2983,3.595,2.390,
1790703966.923,/hoverboard_base_controller/cmd_vel,0.2565,0.3152,,,
1790703966.925,/auto_vel_raw,0.4944,0.2412,,,
1790703966.933,odom,0.2514,0.2920,3.600,2.391,
1790703966.940,/auto_vel,0.4944,0.2412,,,
1790703966.944,/compensador_rumo/cmd_vel,0.4944,0.2412,,,
1790703966.944,/cmd_vel_bruto,0.4944,0.9753,,,
1790703966.950,odom,0.2526,0.2856,3.605,2.391,
1790703966.960,/hoverboard_base_controller/cmd_vel,0.2564,0.3157,,,
1790703966.968,odom,0.2538,0.2793,3.610,2.392,
1790703966.976,/auto_vel_raw,0.5000,0.0000,,,
1790703967.005,odom,0.2550,0.2729,3.615,2.392,
1790703967.013,/auto_vel,0.5000,0.0000,,,
1790703967.014,/compensador_rumo/cmd_vel,0.5000,0.0000,,,
1790703967.017,/hoverboard_base_controller/cmd_vel,0.2550,0.3244,,,
1790703967.017,/cmd_vel_bruto,0.5000,0.4532,,,
1790703967.054,odom,0.2559,0.2683,3.620,2.392,
1790703967.089,/auto_vel_raw,0.5000,0.0000,,,
1790703967.090,odom,0.2564,0.2660,3.625,2.393,
1790703967.104,odom,0.2564,0.2658,3.630,2.393,
1790703967.119,/auto_vel,0.5000,0.0000,,,
1790703967.119,/compensador_rumo/cmd_vel,0.5000,0.0000,,,
1790703967.123,/hoverboard_base_controller/cmd_vel,0.2552,0.3234,,,
1790703967.123,/cmd_vel_bruto,0.5000,0.4596,,,
1790703967.167,/auto_vel_raw,0.5000,0.0000,,,
1790703967.171,odom,0.2564,0.2658,3.635,2.394,
1790703967.184,/auto_vel,0.5000,0.0000,,,
1790703967.184,/compensador_rumo/cmd_vel,0.5000,0.0000,,,
1790703967.187,/hoverboard_base_controller/cmd_vel,0.0000,0.0000,,,
1790703967.187,/cmd_vel_bruto,0.5000,0.4625,,,
1790703967.271,odom,0.2552,0.2724,3.640,2.394,
1790703967.323,odom,0.2552,0.2724,3.645,2.395,
1790703967.349,/auto_vel_raw,0.5000,0.0000,,,
1790703967.379,odom,0.2552,0.2724,3.650,2.396,
1790703967.385,/auto_vel,0.5000,0.0000,,,
1790703967.388,/compensador_rumo/cmd_vel,0.5000,0.0000,,,
1790703967.391,/cmd_vel_bruto,0.5000,0.4585,,,
1790703967.394,/hoverboard_base_controller/cmd_vel,0.2580,0.3057,,,
1790703967.474,odom,0.2552,0.2724,3.656,2.396,
1790703967.529,/auto_vel_raw,0.5000,0.0000,,,
1790703967.529,odom,0.2552,0.2724,3.661,2.397,
1790703967.549,/auto_vel,0.5000,0.0000,,,
1790703967.549,/compensador_rumo/cmd_vel,0.5000,0.0000,,,
1790703967.549,/hoverboard_base_controller/cmd_vel,0.0000,0.0000,,,
1790703967.549,/cmd_vel_bruto,0.5000,0.4640,,,
1790703967.607,odom,0.2558,0.2687,3.666,2.398,
1790703967.662,odom,0.2561,0.2674,3.671,2.398,
1790703967.686,/auto_vel_raw,0.5000,0.0000,,,
1790703967.702,odom,0.2562,0.2670,3.676,2.399,
1790703967.717,/auto_vel,0.5000,0.0000,,,
1790703967.717,/compensador_rumo/cmd_vel,0.5000,0.0000,,,
1790703967.718,/cmd_vel_bruto,0.5000,0.4664,,,
1790703967.723,/hoverboard_base_controller/cmd_vel,0.2644,0.2653,,,
1790703967.760,odom,0.2562,0.2666,3.681,2.400,
1790703967.803,/auto_vel_raw,0.5000,0.0000,,,
1790703967.805,odom,0.2563,0.2662,3.686,2.401,
1790703967.813,/auto_vel,0.5000,0.0000,,,
1790703967.817,/compensador_rumo/cmd_vel,0.5000,0.0000,,,
1790703967.824,/hoverboard_base_controller/cmd_vel,0.3128,-0.0368,,,
1790703967.824,/cmd_vel_bruto,0.5000,0.4774,,,
1790703967.837,odom,0.2565,0.2651,3.691,2.402,
1790703967.872,odom,0.2566,0.2647,3.696,2.402,
1790703967.891,/auto_vel_raw,0.5000,0.0000,,,
1790703967.918,odom,0.2567,0.2642,3.701,2.403,
1790703967.921,/auto_vel,0.5000,0.0000,,,
1790703967.921,/compensador_rumo/cmd_vel,0.5000,0.0000,,,
1790703967.922,/hoverboard_base_controller/cmd_vel,0.3121,-0.0326,,,
1790703967.922,/cmd_vel_bruto,0.5000,0.4695,,,
1790703967.948,odom,0.2568,0.2638,3.706,2.404,
1790703967.985,/auto_vel_raw,0.5000,0.0000,,,
1790703967.987,odom,0.2569,0.2634,3.711,2.405,
1790703968.002,/auto_vel,0.5000,0.0000,,,
1790703968.004,/compensador_rumo/cmd_vel,0.5000,0.0000,,,
1790703968.004,/cmd_vel_bruto,0.5000,0.4654,,,
1790703968.009,/hoverboard_base_controller/cmd_vel,0.3118,-0.0307,,,
1790703968.022,odom,0.3087,0.1165,3.717,2.406,
1790703968.066,odom,0.3088,0.1156,3.723,2.407,
1790703968.080,/auto_vel_raw,0.5000,0.0000,,,
1790703968.094,odom,0.3090,0.1147,3.729,2.409,
1790703968.104,/auto_vel,0.5000,0.0000,,,
1790703968.104,/compensador_rumo/cmd_vel,0.5000,0.0000,,,
1790703968.109,/cmd_vel_bruto,0.5000,0.4950,,,
1790703968.112,/hoverboard_base_controller/cmd_vel,0.3117,-0.0298,,,
1790703968.120,odom,0.3092,0.1137,3.735,2.410,
1790703968.143,/auto_vel_raw,0.5000,0.0000,,,
1790703968.143,odom,0.3094,0.1127,3.741,2.411,
1790703968.153,/auto_vel,0.5000,0.0000,,,
1790703968.154,/compensador_rumo/cmd_vel,0.5000,0.0000,,,
1790703968.163,/hoverboard_base_controller/cmd_vel,0.0000,0.0000,,,
1790703968.163,/cmd_vel_bruto,0.5000,0.5113,,,
1790703968.190,odom,0.3117,-0.0251,3.747,2.412,
1790703968.220,odom,0.3117,-0.0251,3.754,2.414,
1790703968.232,/auto_vel_raw,0.5000,0.0000,,,
1790703968.247,odom,0.3117,-0.0251,3.760,2.415,
1790703968.258,/auto_vel,0.5000,0.0000,,,
1790703968.261,/compensador_rumo/cmd_vel,0.5000,0.0000,,,
1790703968.265,/cmd_vel_bruto,0.5000,0.5502,,,
1790703968.271,/hoverboard_base_controller/cmd_vel,0.3114,-0.0282,,,
1790703968.276,odom,0.3117,-0.0251,3.766,2.416,
1790703968.303,/auto_vel_raw,0.5000,0.0000,,,
1790703968.304,odom,0.3117,-0.0251,3.772,2.417,
1790703968.321,/auto_vel,0.5000,0.0000,,,
1790703968.321,/compensador_rumo/cmd_vel,0.5000,0.0000,,,
1790703968.321,/hoverboard_base_controller/cmd_vel,0.3103,-0.0211,,,
1790703968.322,/cmd_vel_bruto,0.5000,0.5637,,,
1790703968.332,odom,0.3114,-0.0238,3.778,2.418,
1790703968.362,odom,0.3114,-0.0238,3.784,2.420,
1790703968.372,/auto_vel_raw,0.5000,0.0000,,,
1790703968.382,odom,0.3114,-0.0238,3.790,2.421,
1790703968.386,/auto_vel,0.5000,0.0000,,,
1790703968.386,/compensador_rumo/cmd_vel,0.5000,0.0000,,,
1790703968.386,/hoverboard_base_controller/cmd_vel,0.3111,-0.0262,,,
1790703968.389,/cmd_vel_bruto,0.5000,0.5652,,,
1790703968.436,odom,0.3114,-0.0238,3.796,2.422,
1790703968.468,odom,0.3114,-0.0238,3.802,2.423,
1790703968.478,/auto_vel_raw,0.5000,0.0000,,,
1790703968.529,odom,0.3111,-0.0221,3.809,2.424,
1790703968.545,/auto_vel,0.5000,0.0000,,,
1790703968.545,/compensador_rumo/cmd_vel,0.5000,0.0000,,,
1790703968.548,/cmd_vel_bruto,0.5000,0.5655,,,
1790703968.550,/hoverboard_base_controller/cmd_vel,0.3115,-0.0289,,,
1790703968.590,odom,0.3111,-0.0221,3.815,2.426,
1790703968.612,/auto_vel_raw,0.5000,0.0000,,,
1790703968.636,odom,0.3111,-0.0221,3.821,2.427,
1790703968.646,/auto_vel,0.5000,0.0000,,,
1790703968.646,/compensador_rumo/cmd_vel,0.5000,0.0000,,,
1790703968.651,/cmd_vel_bruto,0.5000,0.5684,,,
1790703968.652,/hoverboard_base_controller/cmd_vel,0.3085,-0.0099,,,
1790703968.671,odom,0.3111,-0.0221,3.827,2.428,
1790703968.697,odom,0.3111,-0.0221,3.833,2.429,
1790703968.701,/auto_vel_raw,0.5000,0.0000,,,
1790703968.723,odom,0.3085,-0.0083,3.839,2.430,
1790703968.733,/auto_vel,0.5000,0.0000,,,
1790703968.736,/compensador_rumo/cmd_vel,0.5000,0.0000,,,
1790703968.740,/cmd_vel_bruto,0.5000,0.5553,,,
1790703968.742,/hoverboard_base_controller/cmd_vel,0.3068,0.0004,,,
1790703968.761,odom,0.3085,-0.0083,3.845,2.432,
1790703968.785,/auto_vel_raw,0.5000,0.0000,,,
1790703968.804,odom,0.3085,-0.0083,3.851,2.433,
1790703968.815,/auto_vel,0.5000,0.0000,,,
1790703968.827,/compensador_rumo/cmd_vel,0.5000,0.0000,,,
1790703968.835,/hoverboard_base_controller/cmd_vel,0.3029,0.0247,,,
1790703968.839,/cmd_vel_bruto,0.5000,0.5633,,,
1790703968.880,odom,0.3085,-0.0083,3.857,2.434,
1790703968.933,odom,0.3085,-0.0083,3.863,2.435,
1790703968.945,/auto_vel_raw,0.5000,0.0000,,,
1790703968.959,odom,0.3023,0.0239,3.869,2.436,
1790703968.971,/auto_vel,0.5000,0.0000,,,
1790703968.973,/compensador_rumo/cmd_vel,0.5000,0.0000,,,
1790703968.975,/cmd_vel_bruto,0.5000,0.5366,,,
1790703968.980,odom,0.3026,0.0226,3.875,2.437,
1790703968.985,/hoverboard_base_controller/cmd_vel,0.3015,0.0339,,,
1790703968.993,/auto_vel_raw,0.5000,0.0000,,,
1790703969.003,odom,0.3028,0.0213,3.881,2.439,
1790703969.008,/auto_vel,0.5000,0.0000,,,
1790703969.008,/compensador_rumo/cmd_vel,0.5000,0.0000,,,
1790703969.017,/cmd_vel_bruto,0.5000,0.5578,,,
1790703969.020,/hoverboard_base_controller/cmd_vel,0.0000,0.0000,,,
1790703969.056,odom,0.3029,0.0208,3.887,2.440,
1790703969.093,/auto_vel_raw,0.5000,0.0000,,,
1790703969.094,odom,0.3029,0.0208,3.893,2.441,
1790703969.111,/auto_vel,0.5000,0.0000,,,
1790703969.115,/compensador_rumo/cmd_vel,0.5000,0.0000,,,
1790703969.119,/hoverboard_base_controller/cmd_vel,0.3014,0.0341,,,
1790703969.119,/cmd_vel_bruto,0.5000,0.5549,,,
1790703969.139,odom,0.2213,-0.0000,3.897,2.442,
1790703969.174,odom,0.2213,-0.0000,3.902,2.443,
1790703969.188,/auto_vel_raw,0.5000,0.0000,,,
1790703969.211,odom,0.2132,0.0011,3.906,2.443,
1790703969.217,/auto_vel,0.5000,0.0000,,,
1790703969.219,/compensador_rumo/cmd_vel,0.5000,0.0000,,,
1790703969.224,odom,0.2213,-0.0000,3.910,2.444,
1790703969.233,/cmd_vel_bruto,0.5000,0.4957,,,
1790703969.237,/hoverboard_base_controller/cmd_vel,0.3012,0.0359,,,
1790703969.242,odom,0.2213,-0.0000,3.915,2.445,
1790703969.246,/auto_vel_raw,0.5000,0.0000,,,
1790703969.276,odom,0.2996,0.0355,3.920,2.446,
1790703969.293,/auto_vel,0.5000,0.0000,,,
1790703969.293,/compensador_rumo/cmd_vel,0.5000,0.0000,,,
1790703969.300,odom,0.2999,0.0338,3.926,2.447,
1790703969.306,/hoverboard_base_controller/cmd_vel,0.3017,0.0328,,,
1790703969.306,/cmd_vel_bruto,0.5000,0.4802,,,
1790703969.312,/auto_vel_raw,0.5000,0.0000,,,
1790703969.328,odom,0.3001,0.0324,3.932,2.449,
1790703969.342,/auto_vel,0.5000,0.0000,,,
1790703969.343,/compensador_rumo/cmd_vel,0.5000,0.0000,,,
1790703969.351,odom,0.3004,0.0311,3.938,2.450,
1790703969.356,/hoverboard_base_controller/cmd_vel,0.0000,0.0000,,,
1790703969.356,/cmd_vel_bruto,0.5000,0.4607,,,
1790703969.370,odom,0.3005,0.0302,3.944,2.451,
1790703969.379,/auto_vel_raw,0.5000,0.0000,,,
1790703969.419,odom,0.2205,-0.0000,3.948,2.452,
1790703969.431,/auto_vel,0.5000,0.0000,,,
1790703969.431,/compensador_rumo/cmd_vel,0.5000,0.0000,,,
1790703969.436,/cmd_vel_bruto,0.5000,0.4783,,,
1790703969.444,/hoverboard_base_controller/cmd_vel,0.3043,0.0163,,,
1790703969.448,odom,0.2205,-0.0000,3.952,2.453,
1790703969.467,/auto_vel_raw,0.5000,0.0000,,,
1790703969.475,odom,0.2099,0.0011,3.957,2.454,
1790703969.491,/auto_vel,0.5000,0.0000,,,
1790703969.492,/compensador_rumo/cmd_vel,0.5000,0.0000,,,
1790703969.493,/cmd_vel_bruto,0.5000,0.4727,,,
1790703969.499,/hoverboard_base_controller/cmd_vel,0.3022,0.0294,,,
1790703969.502,odom,0.2205,-0.0000,3.961,2.454,
1790703969.545,odom,0.2205,-0.0000,3.965,2.455,
1790703969.547,/auto_vel_raw,0.5000,0.0000,,,
1790703969.549,/auto_vel,0.5000,0.0000,,,
1790703969.555,/compensador_rumo/cmd_vel,0.5000,0.0000,,,
1790703969.561,/hoverboard_base_controller/cmd_vel,0.3025,0.0276,,,
1790703969.561,/cmd_vel_bruto,0.5000,0.4775,,,
1790703969.591,odom,0.3006,0.0290,3.971,2.456,
1790703969.625,odom,0.3009,0.0273,3.977,2.458,
1790703969.648,/auto_vel_raw,0.5000,0.0000,,,
1790703969.668,odom,0.3011,0.0258,3.982,2.459,
1790703969.671,/auto_vel,0.5000,0.0000,,,
1790703969.674,/compensador_rumo/cmd_vel,0.5000,0.0000,,,
1790703969.675,/cmd_vel_bruto,0.5000,0.4625,,,
1790703969.677,/hoverboard_base_controller/cmd_vel,0.3084,-0.0094,,,
1790703969.755,odom,0.3013,0.0247,3.988,2.460,
1790703969.824,/auto_vel_raw,0.5000,0.0000,,,
1790703969.829,/auto_vel,0.5000,0.0000,,,
1790703969.829,odom,0.3013,0.0247,3.994,2.461,
1790703969.834,/compensador_rumo/cmd_vel,0.5000,0.0000,,,
1790703969.838,/cmd_vel_bruto,0.5000,0.4895,,,
1790703969.839,/hoverboard_base_controller/cmd_vel,0.0000,0.0000,,,
1790703969.875,odom,0.3083,-0.0087,4.000,2.462,
1790703969.949,odom,0.3084,-0.0080,4.006,2.464,
1790703969.999,/auto_vel_raw,0.5000,0.0000,,,
1790703970.043,odom,0.3084,-0.0080,4.012,2.465,
1790703970.058,/auto_vel,0.5000,0.0000,,,
1790703970.059,/compensador_rumo/cmd_vel,0.5000,0.0000,,,
1790703970.061,/cmd_vel_bruto,0.5000,0.5171,,,
1790703970.063,/hoverboard_base_controller/cmd_vel,0.3120,-0.0319,,,
1790703970.132,odom,0.3084,-0.0080,4.018,2.466,
1790703970.188,/auto_vel_raw,0.5000,0.0000,,,
1790703970.188,odom,0.3084,-0.0080,4.024,2.467,
1790703970.216,/auto_vel,0.5000,0.0000,,,
1790703970.217,/compensador_rumo/cmd_vel,0.5000,0.0000,,,
1790703970.218,/hoverboard_base_controller/cmd_vel,0.3102,-0.0206,,,
1790703970.218,/cmd_vel_bruto,0.5000,0.5493,,,
1790703970.321,odom,0.3116,-0.0293,4.031,2.469,
1790703970.403,odom,0.3117,-0.0286,4.037,2.470,
1790703970.425,/auto_vel_raw,0.5000,0.0000,,,
1790703970.442,odom,0.3118,-0.0279,4.043,2.471,
1790703970.450,/auto_vel,0.5000,0.0000,,,
1790703970.451,/compensador_rumo/cmd_vel,0.5000,0.0000,,,
1790703970.454,/cmd_vel_bruto,0.5000,0.5619,,,
1790703970.455,/hoverboard_base_controller/cmd_vel,0.3108,-0.0242,,,
1790703970.478,odom,0.3120,-0.0272,4.049,2.472,
1790703970.512,/auto_vel_raw,0.5000,0.0000,,,
1790703970.512,odom,0.3120,-0.0269,4.055,2.473,
1790703970.562,odom,0.3110,-0.0216,4.061,2.475,
1790703970.574,/auto_vel,0.5000,0.0000,,,
1790703970.576,/compensador_rumo/cmd_vel,0.5000,0.0000,,,
1790703970.578,/cmd_vel_bruto,0.5000,0.5639,,,
1790703970.580,/hoverboard_base_controller/cmd_vel,0.3103,-0.0211,,,
1790703970.598,odom,0.3108,-0.0203,4.067,2.476,
1790703970.614,/auto_vel_raw,0.5000,0.0000,,,
1790703970.633,odom,0.3108,-0.0203,4.073,2.477,
1790703970.646,/auto_vel,0.5000,0.0000,,,
1790703970.647,/compensador_rumo/cmd_vel,0.5000,0.0000,,,
1790703970.653,/cmd_vel_bruto,0.5000,0.5649,,,
1790703970.655,/hoverboard_base_controller/cmd_vel,0.3118,-0.0308,,,
1790703970.677,odom,0.3108,-0.0203,4.079,2.478,
1790703970.760,/auto_vel_raw,0.5000,0.0000,,,
1790703970.760,odom,0.3108,-0.0203,4.086,2.479,
1790703970.834,odom,0.3118,-0.0262,4.092,2.481,
1790703970.844,/auto_vel,0.5000,0.0000,,,
1790703970.845,/compensador_rumo/cmd_vel,0.5000,0.0000,,,
1790703970.845,/cmd_vel_bruto,0.5000,0.5653,,,
1790703970.864,/hoverboard_base_controller/cmd_vel,0.3090,-0.0134,,,
1790703970.882,odom,0.3118,-0.0259,4.098,2.482,
1790703970.899,/auto_vel_raw,0.5000,0.0000,,,
1790703970.906,odom,0.3118,-0.0259,4.104,2.483,
1790703970.915,/auto_vel,0.5000,0.0000,,,
1790703970.917,/compensador_rumo/cmd_vel,0.5000,0.0000,,,
1790703970.929,/hoverboard_base_controller/cmd_vel,0.3062,0.0041,,,
1790703970.930,/cmd_vel_bruto,0.5000,0.5683,,,
1790703970.938,odom,0.3118,-0.0259,4.110,2.484,
1790703970.965,/auto_vel_raw,0.5000,0.0000,,,
1790703970.969,odom,0.3118,-0.0259,4.116,2.485,
1790703970.976,/auto_vel,0.5000,0.0000,,,
1790703970.977,/compensador_rumo/cmd_vel,0.5000,0.0000,,,
1790703970.980,/cmd_vel_bruto,0.5000,0.5681,,,
1790703970.985,/hoverboard_base_controller/cmd_vel,0.3030,0.0242,,,
1790703971.020,odom,0.3062,0.0035,4.122,2.487,
1790703971.046,odom,0.3062,0.0035,4.128,2.488,
1790703971.065,/auto_vel_raw,0.5000,0.0000,,,
1790703971.077,/auto_vel,0.5000,0.0000,,,
1790703971.078,/compensador_rumo/cmd_vel,0.5000,0.0000,,,
1790703971.078,/hoverboard_base_controller/cmd_vel,0.3018,0.0319,,,
1790703971.078,/cmd_vel_bruto,0.5000,0.5627,,,
1790703971.080,odom,0.3062,0.0035,4.134,2.489,
1790703971.098,odom,0.3062,0.0035,4.140,2.490,
1790703971.118,/auto_vel_raw,0.5000,0.0000,,,
1790703971.118,/auto_vel,0.5000,0.0000,,,
1790703971.118,odom,0.3062,0.0035,4.146,2.491,
1790703971.124,/compensador_rumo/cmd_vel,0.5000,0.0000,,,
1790703971.124,/hoverboard_base_controller/cmd_vel,0.3016,0.0331,,,
1790703971.125,/cmd_vel_bruto,0.5000,0.5605,,,
1790703971.166,odom,0.3014,0.0287,4.152,2.492,
1790703971.199,odom,0.3017,0.0274,4.158,2.494,
1790703971.220,/auto_vel_raw,0.5000,0.0000,,,
1790703971.228,odom,0.3018,0.0269,4.164,2.495,
1790703971.235,/auto_vel,0.5000,0.0000,,,
1790703971.243,/compensador_rumo/cmd_vel,0.5000,0.0000,,,
1790703971.253,/cmd_vel_bruto,0.5000,0.5513,,,
1790703971.266,/hoverboard_base_controller/cmd_vel,0.3015,0.0337,,,
1790703971.266,odom,0.3018,0.0269,4.170,2.496,
1790703971.299,odom,0.3018,0.0269,4.176,2.497,
1790703971.311,/auto_vel_raw,0.5000,0.0000,,,
1790703971.370,odom,0.3015,0.0284,4.182,2.498,
1790703971.380,/auto_vel,0.5000,0.0000,,,
1790703971.381,/compensador_rumo/cmd_vel,0.5000,0.0000,,,
1790703971.389,/cmd_vel_bruto,0.5000,0.5444,,,
1790703971.391,/hoverboard_base_controller/cmd_vel,0.3015,0.0339,,,
1790703971.408,odom,0.3015,0.0284,4.188,2.499,
1790703971.432,odom,0.3015,0.0284,4.194,2.501,
1790703971.437,/auto_vel_raw,0.5000,0.0000,,,
1790703971.457,odom,0.3015,0.0284,4.199,2.502,
1790703971.460,/auto_vel,0.5000,0.0000,,,
1790703971.460,/compensador_rumo/cmd_vel,0.5000,0.0000,,,
1790703971.463,/cmd_vel_bruto,0.5000,0.5446,,,
1790703971.466,/hoverboard_base_controller/cmd_vel,0.3012,0.0357,,,
1790703971.503,/auto_vel_raw,0.5000,0.0000,,,
1790703971.503,odom,0.3015,0.0284,4.205,2.503,
1790703971.517,/auto_vel,0.5000,0.0000,,,
1790703971.518,/compensador_rumo/cmd_vel,0.5000,0.0000,,,
1790703971.518,/cmd_vel_bruto,0.5000,0.5476,,,
1790703971.520,/hoverboard_base_controller/cmd_vel,0.0000,0.0000,,,
1790703971.549,odom,0.3012,0.0300,4.211,2.504,
1790703971.583,odom,0.3012,0.0300,4.217,2.505,
1790703971.605,/auto_vel_raw,0.5000,0.0000,,,
1790703971.614,odom,0.3012,0.0300,4.223,2.506,
1790703971.637,/auto_vel,0.5000,0.0000,,,
1790703971.637,/compensador_rumo/cmd_vel,0.5000,0.0000,,,
1790703971.640,/cmd_vel_bruto,0.5000,0.5557,,,
1790703971.643,/hoverboard_base_controller/cmd_vel,0.3019,0.0310,,,
1790703971.646,odom,0.3012,0.0300,4.229,2.508,
1790703971.673,/auto_vel_raw,0.5000,0.0000,,,
1790703971.673,odom,0.3012,0.0300,4.235,2.509,
1790703971.701,odom,0.3014,0.0290,4.241,2.510,
1790703971.708,/auto_vel,0.5000,0.0000,,,
1790703971.708,/compensador_rumo/cmd_vel,0.5000,0.0000,,,
1790703971.711,/cmd_vel_bruto,0.5000,0.5526,,,
1790703971.713,/hoverboard_base_controller/cmd_vel,0.0000,0.0000,,,
1790703971.731,odom,0.3016,0.0277,4.247,2.511,
1790703971.742,/auto_vel_raw,0.5000,0.0000,,,
1790703971.754,odom,0.3019,0.0264,4.253,2.512,
1790703971.759,/auto_vel,0.5000,0.0000,,,
1790703971.760,/compensador_rumo/cmd_vel,0.5000,0.0000,,,
1790703971.763,/hoverboard_base_controller/cmd_vel,0.3028,0.0254,,,
1790703971.765,/cmd_vel_bruto,0.5000,0.5527,,,
1790703971.781,odom,0.3019,0.0261,4.259,2.514,
1790703971.806,/auto_vel_raw,0.5000,0.0000,,,
1790703971.806,odom,0.3019,0.0261,4.264,2.515,
1790703971.822,/auto_vel,0.5000,0.0000,,,
1790703971.822,/compensador_rumo/cmd_vel,0.5000,0.0000,,,
1790703971.826,/cmd_vel_bruto,0.5000,0.5474,,,
1790703971.830,/hoverboard_base_controller/cmd_vel,0.3035,0.0211,,,
1790703971.841,odom,0.3023,0.0244,4.270,2.516,
1790703971.867,odom,0.3025,0.0231,4.276,2.517,
1790703971.881,/auto_vel_raw,0.5000,0.0000,,,
1790703971.892,odom,0.3028,0.0218,4.282,2.519,
1790703971.897,/auto_vel,0.5000,0.0000,,,
1790703971.898,/compensador_rumo/cmd_vel,0.5000,0.0000,,,
1790703971.905,/hoverboard_base_controller/cmd_vel,0.3035,0.0212,,,
1790703971.907,/cmd_vel_bruto,0.5000,0.5480,,,
1790703971.921,odom,0.3028,0.0214,4.288,2.520,
1790703971.959,odom,0.3028,0.0214,4.294,2.521,
1790703971.968,/auto_vel_raw,0.5000,0.0000,,,
1790703971.990,odom,0.3031,0.0203,4.300,2.522,
1790703972.000,/auto_vel,0.5000,0.0000,,,
1790703972.000,/compensador_rumo/cmd_vel,0.5000,0.0000,,,
1790703972.004,/hoverboard_base_controller/cmd_vel,0.3032,0.0231,,,
1790703972.005,/cmd_vel_bruto,0.5000,0.5460,,,
1790703972.031,odom,0.3033,0.0189,4.306,2.523,
1790703972.056,/auto_vel_raw,0.5000,0.0000,,,
1790703972.068,odom,0.3035,0.0179,4.312,2.525,
1790703972.081,/auto_vel,0.5000,0.0000,,,
1790703972.081,/compensador_rumo/cmd_vel,0.5000,0.0000,,,
1790703972.083,/cmd_vel_bruto,0.5000,0.5495,,,
1790703972.084,/hoverboard_base_controller/cmd_vel,0.3024,0.0281,,,
1790703972.106,odom,0.3035,0.0179,4.318,2.526,
1790703972.146,/auto_vel_raw,0.5000,0.0000,,,
1790703972.146,odom,0.3035,0.0179,4.324,2.527,
1790703972.168,odom,0.3024,0.0236,4.330,2.528,
1790703972.186,/auto_vel,0.5000,0.0000,,,
1790703972.186,/compensador_rumo/cmd_vel,0.5000,0.0000,,,
1790703972.195,/hoverboard_base_controller/cmd_vel,0.3027,0.0262,,,
1790703972.196,/cmd_vel_bruto,0.5000,0.5472,,,
1790703972.202,odom,0.3024,0.0236,4.336,2.530,
1790703972.218,/auto_vel_raw,0.5000,0.0000,,,
1790703972.229,odom,0.3024,0.0236,4.342,2.531,
1790703972.237,/auto_vel,0.5000,0.0000,,,
1790703972.239,/compensador_rumo/cmd_vel,0.5000,0.0000,,,
1790703972.246,/cmd_vel_bruto,0.5000,0.5501,,,
1790703972.251,/hoverboard_base_controller/cmd_vel,0.3027,0.0262,,,
1790703972.260,odom,0.3024,0.0236,4.347,2.532,
1790703972.288,odom,0.3024,0.0236,4.353,2.533,
1790703972.290,/auto_vel_raw,0.5000,0.0000,,,
1790703972.293,/compensador_rumo/cmd_vel,0.5000,0.0000,,,
1790703972.294,/auto_vel,0.5000,0.0000,,,
1790703972.298,/hoverboard_base_controller/cmd_vel,0.3032,0.0229,,,
1790703972.298,/cmd_vel_bruto,0.5000,0.5499,,,
1790703972.371,odom,0.3026,0.0226,4.359,2.535,
1790703972.425,odom,0.3027,0.0221,4.365,2.536,
1790703972.449,odom,0.3027,0.0221,4.371,2.537,
1790703972.451,/auto_vel_raw,0.5000,0.0000,,,
1790703972.467,odom,0.3027,0.0221,4.377,2.539,
1790703972.472,/auto_vel,0.5000,0.0000,,,
1790703972.479,/compensador_rumo/cmd_vel,0.5000,0.0000,,,
1790703972.484,/cmd_vel_bruto,0.5000,0.5462,,,
1790703972.490,/hoverboard_base_controller/cmd_vel,0.3032,0.0233,,,
1790703972.493,odom,0.3027,0.0221,4.383,2.540,
1790703972.502,/auto_vel_raw,0.5000,0.0000,,,
1790703972.512,odom,0.3029,0.0210,4.389,2.541,
1790703972.519,/auto_vel,0.5000,0.0000,,,
1790703972.523,/compensador_rumo/cmd_vel,0.5000,0.0000,,,
1790703972.523,/cmd_vel_bruto,0.5000,0.5549,,,
1790703972.528,/hoverboard_base_controller/cmd_vel,0.3034,0.0221,,,
1790703972.539,odom,0.3032,0.0197,4.395,2.542,
1790703972.561,/auto_vel_raw,0.5000,0.0000,,,
1790703972.567,odom,0.3032,0.0193,4.401,2.544,
1790703972.578,/auto_vel,0.5000,0.0000,,,
1790703972.578,/compensador_rumo/cmd_vel,0.5000,0.0000,,,
1790703972.585,/cmd_vel_bruto,0.5000,0.5467,,,
1790703972.591,/hoverboard_base_controller/cmd_vel,0.3030,0.0243,,,
1790703972.591,odom,0.3032,0.0193,4.407,2.545,
1790703972.628,odom,0.3032,0.0193,4.413,2.546,
1790703972.652,/auto_vel_raw,0.5000,0.0000,,,
1790703972.669,odom,0.3030,0.0204,4.419,2.547,
1790703972.680,/auto_vel,0.5000,0.0000,,,
1790703972.680,/compensador_rumo/cmd_vel,0.5000,0.0000,,,
1790703972.681,/cmd_vel_bruto,0.5000,0.5470,,,
1790703972.687,/hoverboard_base_controller/cmd_vel,0.3032,0.0228,,,
1790703972.723,odom,0.3030,0.0204,4.424,2.549,
1790703972.756,/auto_vel_raw,0.5000,0.0000,,,
1790703972.783,odom,0.3030,0.0204,4.430,2.550,
1790703972.796,/auto_vel,0.5000,0.0000,,,
1790703972.800,/compensador_rumo/cmd_vel,0.5000,0.0000,,,
1790703972.807,/cmd_vel_bruto,0.5000,0.5915,,,
1790703972.811,/hoverboard_base_controller/cmd_vel,0.3030,0.0246,,,
1790703972.831,odom,0.3030,0.0204,4.436,2.551,
1790703972.856,odom,0.3030,0.0204,4.442,2.553,
1790703972.867,/auto_vel_raw,0.5000,0.0000,,,
1790703972.890,odom,0.3030,0.0207,4.448,2.554,
1790703972.901,/auto_vel,0.5000,0.0000,,,
1790703972.903,/compensador_rumo/cmd_vel,0.5000,0.0000,,,
1790703972.907,/cmd_vel_bruto,0.5000,0.5472,,,
1790703972.909,/hoverboard_base_controller/cmd_vel,0.3030,0.0245,,,
1790703972.940,odom,0.3030,0.0207,4.454,2.555,
1790703972.955,/auto_vel_raw,0.5000,0.0000,,,
1790703972.978,odom,0.3030,0.0207,4.460,2.557,
1790703972.994,/auto_vel,0.5000,0.0000,,,
1790703972.994,/compensador_rumo/cmd_vel,0.5000,0.0000,,,
1790703972.997,odom,0.3030,0.0207,4.466,2.558,
1790703973.002,/cmd_vel_bruto,0.5000,0.5691,,,
1790703973.006,/hoverboard_base_controller/cmd_vel,0.3033,0.0222,,,
1790703973.037,odom,0.3030,0.0207,4.472,2.559,
1790703973.040,/auto_vel_raw,0.5000,0.0000,,,
1790703973.077,odom,0.3032,0.0197,4.478,2.560,
1790703973.085,/auto_vel,0.5000,0.0000,,,
1790703973.088,/compensador_rumo/cmd_vel,0.5000,0.0000,,,
1790703973.089,/cmd_vel_bruto,0.5000,0.5184,,,
1790703973.089,odom,0.3033,0.0187,4.484,2.562,
1790703973.093,/hoverboard_base_controller/cmd_vel,0.3033,0.0225,,,
1790703973.107,/auto_vel_raw,0.5000,0.0000,,,
1790703973.112,odom,0.3033,0.0187,4.490,2.563,
1790703973.117,/auto_vel,0.5000,0.0000,,,
1790703973.119,/compensador_rumo/cmd_vel,0.5000,0.0000,,,
1790703973.122,/cmd_vel_bruto,0.5000,0.5533,,,
1790703973.123,/hoverboard_base_controller/cmd_vel,0.0000,0.0000,,,
1790703973.132,odom,0.3033,0.0187,4.495,2.564,
1790703973.153,/auto_vel_raw,0.5000,0.0000,,,
1790703973.154,odom,0.3033,0.0187,4.501,2.566,
1790703973.161,/auto_vel,0.5000,0.0000,,,
1790703973.165,/compensador_rumo/cmd_vel,0.5000,0.0000,,,
1790703973.168,/hoverboard_base_controller/cmd_vel,0.3033,0.0227,,,
1790703973.169,/cmd_vel_bruto,0.5000,0.5531,,,
1790703973.198,odom,0.2249,-0.0000,4.506,2.567,
1790703973.227,odom,0.2249,-0.0000,4.510,2.568,
1790703973.239,odom,0.2127,0.0013,4.515,2.569,
1790703973.244,/auto_vel_raw,0.4800,-0.4126,,,
1790703973.269,odom,0.2249,-0.0000,4.519,2.570,
1790703973.280,/auto_vel,0.4800,-0.4126,,,
1790703973.285,/compensador_rumo/cmd_vel,0.4800,-0.4126,,,
1790703973.286,/cmd_vel_bruto,0.4800,-0.4164,,,
1790703973.289,/hoverboard_base_controller/cmd_vel,0.2989,0.0499,,,
1790703973.295,odom,0.2249,-0.0000,4.523,2.571,
1790703973.299,/auto_vel_raw,0.4794,-0.4156,,,
1790703973.334,odom,0.3027,0.0223,4.529,2.572,
1790703973.341,/auto_vel,0.4794,-0.4156,,,
1790703973.346,/compensador_rumo/cmd_vel,0.4794,-0.4156,,,
1790703973.346,/hoverboard_base_controller/cmd_vel,0.3032,0.0229,,,
1790703973.349,/cmd_vel_bruto,0.4794,-0.4157,,,
1790703973.357,odom,0.3030,0.0206,4.535,2.573,
1790703973.371,/auto_vel_raw,0.4789,-0.4181,,,
1790703973.377,odom,0.3032,0.0192,4.541,2.575,
1790703973.384,/auto_vel,0.4789,-0.4181,,,
1790703973.386,/compensador_rumo/cmd_vel,0.4789,-0.4181,,,
1790703973.389,/cmd_vel_bruto,0.4789,-0.4627,,,
1790703973.391,/hoverboard_base_controller/cmd_vel,0.3011,0.0363,,,
1790703973.392,odom,0.3033,0.0191,4.547,2.576,
1790703973.411,odom,0.3033,0.0191,4.552,2.577,
1790703973.415,/auto_vel_raw,0.4786,-0.4197,,,
1790703973.453,odom,0.3011,0.0306,4.558,2.579,
1790703973.469,/auto_vel,0.4786,-0.4197,,,
1790703973.469,/compensador_rumo/cmd_vel,0.4786,-0.4197,,,
1790703973.470,/hoverboard_base_controller/cmd_vel,0.3061,0.0049,,,
1790703973.470,/cmd_vel_bruto,0.4786,-0.4345,,,
1790703973.487,odom,0.3011,0.0306,4.564,2.580,
1790703973.499,/auto_vel_raw,0.4779,-0.4231,,,
1790703973.511,odom,0.3011,0.0306,4.570,2.581,
1790703973.521,/auto_vel,0.4779,-0.4231,,,
1790703973.522,/compensador_rumo/cmd_vel,0.4779,-0.4231,,,
1790703973.523,/cmd_vel_bruto,0.4779,-0.4232,,,
1790703973.527,/hoverboard_base_controller/cmd_vel,0.3026,0.0266,,,
1790703973.536,odom,0.3011,0.0306,4.576,2.583,
1790703973.562,/auto_vel_raw,0.4769,-0.4277,,,
1790703973.562,odom,0.3011,0.0306,4.582,2.584,
1790703973.566,/auto_vel,0.4769,-0.4277,,,
1790703973.567,/compensador_rumo/cmd_vel,0.4769,-0.4277,,,
1790703973.569,/cmd_vel_bruto,0.4769,-0.4022,,,
1790703973.570,/hoverboard_base_controller/cmd_vel,0.3027,0.0265,,,
1790703973.600,odom,0.3020,0.0256,4.588,2.585,
1790703973.624,odom,0.3023,0.0243,4.594,2.587,
1790703973.641,/auto_vel_raw,0.4768,-0.4286,,,
1790703973.649,odom,0.3025,0.0229,4.599,2.588,
1790703973.652,/auto_vel,0.4768,-0.4286,,,
1790703973.654,/compensador_rumo/cmd_vel,0.4768,-0.4286,,,
1790703973.660,/hoverboard_base_controller/cmd_vel,0.0000,0.0000,,,
1790703973.660,/cmd_vel_bruto,0.4768,-0.4043,,,
1790703973.672,odom,0.3026,0.0224,4.605,2.589,
1790703973.698,odom,0.3026,0.0224,4.611,2.591,
1790703973.701,/auto_vel_raw,0.4758,-0.4330,,,
1790703973.741,odom,0.2226,-0.0000,4.616,2.592,
1790703973.753,/auto_vel,0.4758,-0.4330,,,
1790703973.756,/compensador_rumo/cmd_vel,0.4758,-0.4330,,,
1790703973.757,/cmd_vel_bruto,0.4758,-0.4236,,,
1790703973.760,/hoverboard_base_controller/cmd_vel,0.3295,-0.6083,,,
1790703973.761,odom,0.2226,-0.0000,4.620,2.593,
1790703973.776,/auto_vel_raw,0.4749,-0.4371,,,
1790703973.784,odom,0.2121,0.0014,4.624,2.594,
1790703973.789,/auto_vel,0.4749,-0.4371,,,
1790703973.791,/compensador_rumo/cmd_vel,0.4749,-0.4371,,,
1790703973.792,/cmd_vel_bruto,0.4749,-0.4743,,,
1790703973.793,/hoverboard_base_controller/cmd_vel,0.3258,-0.6314,,,
1790703973.809,odom,0.2226,-0.0000,4.629,2.595,
1790703973.835,/auto_vel_raw,0.4744,-0.4391,,,
1790703973.836,odom,0.2226,-0.0000,4.633,2.596,
1790703973.841,/auto_vel,0.4744,-0.4391,,,
1790703973.842,/compensador_rumo/cmd_vel,0.4744,-0.4391,,,
1790703973.846,/cmd_vel_bruto,0.4744,-0.5000,,,
1790703973.853,/hoverboard_base_controller/cmd_vel,0.3279,-0.6179,,,
1790703973.881,odom,0.2988,-0.1483,4.638,2.597,
1790703973.910,odom,0.2994,-0.1504,4.644,2.598,
1790703973.921,/auto_vel_raw,0.4748,-0.4345,,,
1790703973.931,odom,0.2996,-0.1502,4.650,2.600,
1790703973.933,/auto_vel,0.4748,-0.4345,,,
1790703973.934,/compensador_rumo/cmd_vel,0.4748,-0.4345,,,
1790703973.948,/hoverboard_base_controller/cmd_vel,0.3304,-0.6027,,,
1790703973.948,/cmd_vel_bruto,0.4748,-0.5115,,,
1790703973.951,odom,0.2994,-0.1509,4.656,2.601,
1790703973.975,odom,0.2993,-0.1515,4.662,2.602,
1790703973.981,/auto_vel_raw,0.4740,-0.4317,,,
1790703973.995,odom,0.3218,-0.2990,4.668,2.604,
1790703974.012,/auto_vel,0.4740,-0.4317,,,
1790703974.012,/compensador_rumo/cmd_vel,0.4740,-0.4317,,,
1790703974.015,/cmd_vel_bruto,0.4740,-0.4666,,,
1790703974.020,/hoverboard_base_controller/cmd_vel,0.0000,0.0000,,,
1790703974.021,odom,0.3221,-0.2994,4.674,2.605,
1790703974.047,/auto_vel_raw,0.4736,-0.4269,,,
1790703974.054,odom,0.3220,-0.3000,4.680,2.606,
1790703974.072,odom,0.3220,-0.3000,4.687,2.608,
1790703974.079,/auto_vel,0.4736,-0.4269,,,
1790703974.080,/compensador_rumo/cmd_vel,0.4736,-0.4269,,,
1790703974.083,/cmd_vel_bruto,0.4736,-0.4068,,,
1790703974.086,/hoverboard_base_controller/cmd_vel,0.3302,-0.6038,,,
1790703974.095,odom,0.3220,-0.3000,4.693,2.609,
1790703974.104,/auto_vel_raw,0.4744,-0.4140,,,
1790703974.120,odom,0.2574,-0.1545,4.698,2.610,
1790703974.129,/auto_vel,0.4744,-0.4140,,,
1790703974.131,/compensador_rumo/cmd_vel,0.4744,-0.4140,,,
1790703974.131,/cmd_vel_bruto,0.4744,-0.3524,,,
1790703974.134,/hoverboard_base_controller/cmd_vel,0.3286,-0.6138,,,
1790703974.161,odom,0.2574,-0.1545,4.703,2.611,
1790703974.190,/auto_vel_raw,0.4745,-0.4135,,,
1790703974.215,odom,0.2481,-0.1543,4.708,2.612,
1790703974.227,/auto_vel,0.4745,-0.4135,,,
1790703974.227,/compensador_rumo/cmd_vel,0.4745,-0.4135,,,
1790703974.228,/hoverboard_base_controller/cmd_vel,0.3246,-0.6389,,,
1790703974.228,/cmd_vel_bruto,0.4745,-0.3739,,,
1790703974.276,odom,0.2484,-0.1538,4.713,2.613,
1790703974.372,odom,0.2486,-0.1534,4.718,2.613,
1790703974.382,/auto_vel_raw,0.4748,-0.4111,,,
1790703974.414,odom,0.3153,-0.3079,4.724,2.614,
1790703974.430,/auto_vel,0.4748,-0.4111,,,
1790703974.438,/compensador_rumo/cmd_vel,0.4748,-0.4111,,,
1790703974.439,/hoverboard_base_controller/cmd_vel,0.3226,-0.6514,,,
1790703974.439,/cmd_vel_bruto,0.4748,-0.3936,,,
1790703974.459,odom,0.3158,-0.3095,4.730,2.615,
1790703974.481,/auto_vel_raw,0.4764,-0.4027,,,
1790703974.504,odom,0.3157,-0.3105,4.736,2.616,
1790703974.518,/auto_vel,0.4764,-0.4027,,,
1790703974.519,/compensador_rumo/cmd_vel,0.4764,-0.4027,,,
1790703974.524,/cmd_vel_bruto,0.4764,-0.3693,,,
1790703974.525,/hoverboard_base_controller/cmd_vel,0.3217,-0.6566,,,
1790703974.563,odom,0.3156,-0.3105,4.743,2.617,
1790703974.613,/auto_vel_raw,0.4776,-0.3928,,,
1790703974.613,odom,0.3156,-0.3105,4.749,2.618,
1790703974.624,/auto_vel,0.4776,-0.3928,,,
1790703974.625,/compensador_rumo/cmd_vel,0.4776,-0.3928,,,
1790703974.630,/hoverboard_base_controller/cmd_vel,0.0000,0.0000,,,
1790703974.630,/cmd_vel_bruto,0.4776,-0.3574,,,
1790703974.677,odom,0.3205,-0.3955,4.755,2.619,
1790703974.736,odom,0.3201,-0.3981,4.762,2.620,
1790703974.758,/auto_vel_raw,0.4796,-0.3782,,,
1790703974.761,/auto_vel,0.4796,-0.3782,,,
1790703974.762,/compensador_rumo/cmd_vel,0.4796,-0.3782,,,
1790703974.763,/cmd_vel_bruto,0.4796,-0.3053,,,
1790703974.763,/hoverboard_base_controller/cmd_vel,0.3251,-0.6356,,,
1790703974.770,odom,0.3196,-0.4005,4.768,2.621,
1790703974.794,odom,0.3192,-0.4028,4.774,2.622,
1790703974.814,odom,0.3187,-0.4051,4.781,2.622,
1790703974.822,/auto_vel_raw,0.4816,-0.3626,,,
1790703974.836,odom,0.3250,-0.5147,4.787,2.623,
1790703974.847,/compensador_rumo/cmd_vel,0.4816,-0.3626,,,
1790703974.848,/auto_vel,0.4816,-0.3626,,,
1790703974.852,/cmd_vel_bruto,0.4816,-0.2302,,,
1790703974.853,/hoverboard_base_controller/cmd_vel,0.3342,-0.5784,,,
1790703974.863,odom,0.3251,-0.5141,4.793,2.623,
1790703974.876,/auto_vel_raw,0.4837,-0.3439,,,
1790703974.877,odom,0.3251,-0.5141,4.800,2.624,
1790703974.887,/auto_vel,0.4837,-0.3439,,,
1790703974.888,/compensador_rumo/cmd_vel,0.4837,-0.3439,,,
1790703974.893,/hoverboard_base_controller/cmd_vel,0.3325,-0.5894,,,
1790703974.896,/cmd_vel_bruto,0.4837,-0.1848,,,
1790703974.903,odom,0.3251,-0.5141,4.806,2.624,
1790703974.924,odom,0.3251,-0.5141,4.813,2.625,
1790703974.928,/auto_vel_raw,0.4852,-0.3278,,,
1790703974.961,odom,0.3276,-0.5223,4.819,2.625,
1790703974.965,/auto_vel,0.4852,-0.3278,,,
1790703974.966,/compensador_rumo/cmd_vel,0.4852,-0.3278,,,
1790703974.971,/hoverboard_base_controller/cmd_vel,0.3309,-0.5992,,,
1790703974.971,/cmd_vel_bruto,0.4852,-0.1482,,,
1790703974.978,odom,0.3284,-0.5176,4.826,2.625,
1790703974.994,/auto_vel_raw,0.4875,-0.3005,,,
1790703974.996,odom,0.3294,-0.5128,4.833,2.625,
1790703975.011,/auto_vel,0.4875,-0.3005,,,
1790703975.015,/compensador_rumo/cmd_vel,0.4875,-0.3005,,,
1790703975.017,/hoverboard_base_controller/cmd_vel,0.3330,-0.5863,,,
1790703975.017,/cmd_vel_bruto,0.4875,-0.0805,,,
1790703975.041,odom,0.3301,-0.5089,4.839,2.625,
1790703975.084,odom,0.3304,-0.5071,4.846,2.625,
1790703975.092,/auto_vel_raw,0.4912,-0.2649,,,
1790703975.129,odom,0.3308,-0.5053,4.852,2.625,
1790703975.144,/auto_vel,0.4912,-0.2649,,,
1790703975.144,/compensador_rumo/cmd_vel,0.4912,-0.2649,,,
1790703975.144,/hoverboard_base_controller/cmd_vel,0.3385,-0.5519,,,
1790703975.144,/cmd_vel_bruto,0.4912,-0.0129,,,
1790703975.168,odom,0.3311,-0.5034,4.859,2.625,
1790703975.184,/auto_vel_raw,0.4927,-0.2442,,,
1790703975.185,odom,0.3315,-0.5015,4.866,2.625,
1790703975.198,odom,0.3319,-0.4996,4.872,2.625,
1790703975.204,/auto_vel,0.4927,-0.2442,,,
1790703975.207,/compensador_rumo/cmd_vel,0.4927,-0.2442,,,
1790703975.208,/hoverboard_base_controller/cmd_vel,0.0000,0.0000,,,
1790703975.208,/cmd_vel_bruto,0.4927,0.0583,,,
1790703975.225,odom,0.3322,-0.4976,4.879,2.624,
1790703975.232,/auto_vel_raw,0.5000,0.0000,,,
1790703975.242,odom,0.2703,-0.4438,4.884,2.624,
1790703975.260,/auto_vel,0.5000,0.0000,,,
1790703975.260,/compensador_rumo/cmd_vel,0.5000,0.0000,,,
1790703975.261,/hoverboard_base_controller/cmd_vel,0.3450,-0.5109,,,
1790703975.261,/cmd_vel_bruto,0.5000,0.5948,,,
1790703975.271,odom,0.2703,-0.4438,4.890,2.624,
1790703975.285,/auto_vel_raw,0.5000,0.0000,,,
1790703975.304,odom,0.2568,-0.5291,4.895,2.623,
1790703975.313,/auto_vel,0.5000,0.0000,,,
1790703975.313,/compensador_rumo/cmd_vel,0.5000,0.0000,,,
1790703975.313,/cmd_vel_bruto,0.5000,0.5684,,,
1790703975.321,/hoverboard_base_controller/cmd_vel,0.3492,-0.4851,,,
1790703975.340,odom,0.2560,-0.5388,4.900,2.623,
1790703975.376,odom,0.2560,-0.5386,4.905,2.622,
1790703975.379,/auto_vel_raw,0.5000,0.0000,,,
1790703975.390,/auto_vel,0.5000,0.0000,,,
1790703975.391,/compensador_rumo/cmd_vel,0.5000,0.0000,,,
1790703975.394,/cmd_vel_bruto,0.5000,0.5386,,,
1790703975.399,/hoverboard_base_controller/cmd_vel,0.3525,-0.4640,,,
1790703975.406,odom,0.3209,-0.4845,4.911,2.622,
1790703975.419,odom,0.3211,-0.4837,4.918,2.621,
1790703975.431,/auto_vel_raw,0.5000,0.0000,,,
1790703975.438,odom,0.3210,-0.4842,4.924,2.620,
1790703975.446,/auto_vel,0.5000,0.0000,,,
1790703975.446,/compensador_rumo/cmd_vel,0.5000,0.0000,,,
1790703975.446,/cmd_vel_bruto,0.5000,0.5331,,,
1790703975.453,/hoverboard_base_controller/cmd_vel,0.3589,-0.4240,,,
1790703975.455,odom,0.3209,-0.4847,4.930,2.619,
1790703975.480,odom,0.3208,-0.4851,4.937,2.618,
1790703975.482,/auto_vel_raw,0.5000,0.0000,,,
1790703975.485,/auto_vel,0.5000,0.0000,,,
1790703975.487,/compensador_rumo/cmd_vel,0.5000,0.0000,,,
1790703975.496,/cmd_vel_bruto,0.5000,0.5344,,,
1790703975.506,/hoverboard_base_controller/cmd_vel,0.3656,-0.3826,,,
1790703975.510,odom,0.3462,-0.4240,4.943,2.617,
1790703975.522,odom,0.3462,-0.4240,4.950,2.616,
1790703975.533,/auto_vel_raw,0.5000,0.0000,,,
1790703975.542,odom,0.3462,-0.4240,4.957,2.615,
1790703975.548,/auto_vel,0.5000,0.0000,,,
1790703975.549,/compensador_rumo/cmd_vel,0.5000,0.0000,,,
1790703975.551,/cmd_vel_bruto,0.5000,0.5782,,,
1790703975.553,/hoverboard_base_controller/cmd_vel,0.3589,-0.3250,,,
1790703975.561,odom,0.3462,-0.4240,4.964,2.614,
1790703975.581,odom,0.3462,-0.4240,4.971,2.612,
1790703975.619,odom,0.3558,-0.3716,4.978,2.611,
1790703975.629,odom,0.3558,-0.3653,4.985,2.609,
1790703975.650,odom,0.3558,-0.3588,4.992,2.608,
1790703975.653,/auto_vel_raw,0.5000,0.0000,,,
1790703975.668,/auto_vel_raw,0.5000,0.0000,,,
1790703975.670,odom,0.3559,-0.3522,4.999,2.606,
1790703975.678,/auto_vel,0.5000,0.0000,,,
1790703975.678,/compensador_rumo/cmd_vel,0.5000,0.0000,,,
1790703975.681,/cmd_vel_bruto,0.5000,0.6323,,,
1790703975.690,/hoverboard_base_controller/cmd_vel,0.3041,0.0175,,,
1790703975.696,/auto_vel_raw,0.5000,0.0000,,,
1790703975.696,odom,0.3559,-0.3455,5.005,2.605,
1790703975.705,/auto_vel,0.5000,0.0000,,,
1790703975.705,/compensador_rumo/cmd_vel,0.5000,0.0000,,,
1790703975.705,/cmd_vel_bruto,0.5000,0.6242,,,
1790703975.708,/hoverboard_base_controller/cmd_vel,0.0000,0.0000,,,
1790703975.723,odom,0.3560,-0.3386,5.012,2.603,
1790703975.737,/auto_vel,0.5000,0.0000,,,
1790703975.737,/compensador_rumo/cmd_vel,0.5000,0.0000,,,
1790703975.743,/hoverboard_base_controller/cmd_vel,0.0000,0.0000,,,
1790703975.745,/cmd_vel_bruto,0.5000,0.6366,,,
1790703975.762,odom,0.3560,-0.3316,5.019,2.601,
1790703975.777,/auto_vel_raw,0.5000,0.0000,,,
1790703975.792,odom,0.3561,-0.3253,5.026,2.600,
1790703975.800,/auto_vel,0.5000,0.0000,,,
1790703975.800,/compensador_rumo/cmd_vel,0.5000,0.0000,,,
1790703975.802,/cmd_vel_bruto,0.5000,0.6405,,,
1790703975.804,/hoverboard_base_controller/cmd_vel,0.3046,0.0141,,,
1790703975.816,odom,0.3561,-0.3250,5.033,2.598,
1790703975.848,odom,0.3562,-0.3250,5.040,2.596,
1790703975.853,/auto_vel_raw,0.5000,0.0000,,,
1790703975.865,odom,0.3100,-0.1795,5.046,2.594,
1790703975.876,/auto_vel,0.5000,0.0000,,,
1790703975.877,/compensador_rumo/cmd_vel,0.5000,0.0000,,,
1790703975.879,/cmd_vel_bruto,0.5000,0.6372,,,
1790703975.882,/hoverboard_base_controller/cmd_vel,0.3045,0.0149,,,
1790703975.884,odom,0.3020,-0.1797,5.052,2.593,
1790703975.907,/auto_vel_raw,0.5000,0.0000,,,
1790703975.907,odom,0.2995,-0.1784,5.058,2.591,
1790703975.929,odom,0.2997,-0.1772,5.063,2.590,
1790703975.943,/auto_vel,0.5000,0.0000,,,
1790703975.943,/compensador_rumo/cmd_vel,0.5000,0.0000,,,
1790703975.943,/cmd_vel_bruto,0.5000,0.6117,,,
1790703975.960,/hoverboard_base_controller/cmd_vel,0.3002,0.0418,,,
1790703975.981,odom,0.2999,-0.1760,5.069,2.588,
1790703975.991,/auto_vel_raw,0.5000,0.0000,,,
1790703976.004,odom,0.3043,-0.0446,5.075,2.586,
1790703976.022,/auto_vel,0.5000,0.0000,,,
1790703976.022,/compensador_rumo/cmd_vel,0.5000,0.0000,,,
1790703976.022,/hoverboard_base_controller/cmd_vel,0.0000,0.0000,,,
1790703976.024,/cmd_vel_bruto,0.5000,0.5920,,,
1790703976.045,odom,0.3040,-0.0380,5.081,2.585,
1790703976.064,/auto_vel_raw,0.5000,0.0000,,,
1790703976.071,odom,0.3042,-0.0353,5.087,2.583,
1790703976.077,/auto_vel,0.5000,0.0000,,,
1790703976.078,/compensador_rumo/cmd_vel,0.5000,0.0000,,,
1790703976.081,/hoverboard_base_controller/cmd_vel,0.2950,0.0742,,,
1790703976.082,/cmd_vel_bruto,0.5000,0.5731,,,
1790703976.088,odom,0.3045,-0.0337,5.093,2.581,
1790703976.112,odom,0.3045,-0.0337,5.098,2.579,
1790703976.125,/auto_vel_raw,0.5000,0.0000,,,
1790703976.133,odom,0.2525,0.0000,5.103,2.578,
1790703976.142,/auto_vel,0.5000,0.0000,,,
1790703976.145,/compensador_rumo/cmd_vel,0.5000,0.0000,,,
1790703976.149,/cmd_vel_bruto,0.5000,0.5393,,,
1790703976.155,/hoverboard_base_controller/cmd_vel,0.2942,0.0791,,,
1790703976.155,odom,0.2475,-0.0005,5.108,2.577,
1790703976.158,/auto_vel_raw,0.5000,0.0000,,,
1790703976.164,odom,0.2525,0.0000,5.113,2.575,
1790703976.177,odom,0.2525,0.0000,5.118,2.574,
1790703976.181,/auto_vel,0.5000,0.0000,,,
1790703976.181,/compensador_rumo/cmd_vel,0.5000,0.0000,,,
1790703976.184,/hoverboard_base_controller/cmd_vel,0.0000,0.0000,,,
1790703976.184,/cmd_vel_bruto,0.5000,0.5137,,,
1790703976.195,odom,0.2525,0.0000,5.123,2.572,
1790703976.208,/auto_vel_raw,0.5000,0.0000,,,
1790703976.221,odom,0.1365,0.0000,5.125,2.572,
1790703976.242,/auto_vel,0.5000,0.0000,,,
1790703976.243,/compensador_rumo/cmd_vel,0.5000,0.0000,,,
1790703976.249,odom,0.1365,0.0000,5.128,2.571,
1790703976.254,/cmd_vel_bruto,0.5000,0.4544,,,
1790703976.258,/hoverboard_base_controller/cmd_vel,0.2946,0.0772,,,
1790703976.268,/auto_vel_raw,0.5000,0.0000,,,
1790703976.276,odom,0.1365,0.0000,5.131,2.570,
1790703976.296,/auto_vel,0.5000,0.0000,,,
1790703976.296,/compensador_rumo/cmd_vel,0.5000,0.0000,,,
1790703976.304,/cmd_vel_bruto,0.5000,0.3993,,,
1790703976.310,/hoverboard_base_controller/cmd_vel,0.2970,0.0620,,,
1790703976.312,odom,0.1365,0.0000,5.133,2.569,
1790703976.344,odom,0.1356,0.0000,5.136,2.568,
1790703976.358,/auto_vel_raw,0.5000,0.0000,,,
1790703976.386,odom,0.2156,0.0619,5.139,2.567,
1790703976.399,/auto_vel,0.5000,0.0000,,,
1790703976.399,/compensador_rumo/cmd_vel,0.5000,0.0000,,,
1790703976.406,/hoverboard_base_controller/cmd_vel,0.2989,0.0502,,,
1790703976.406,/cmd_vel_bruto,0.5000,0.3534,,,
1790703976.424,odom,0.2157,0.0613,5.143,2.566,
1790703976.440,/auto_vel_raw,0.5000,0.0000,,,
1790703976.465,odom,0.2159,0.0608,5.148,2.565,
1790703976.478,/auto_vel,0.5000,0.0000,,,
1790703976.478,/compensador_rumo/cmd_vel,0.5000,0.0000,,,
1790703976.479,/cmd_vel_bruto,0.5000,0.3276,,,
1790703976.480,/hoverboard_base_controller/cmd_vel,0.3007,0.0387,,,
1790703976.519,odom,0.2160,0.0605,5.152,2.564,
1790703976.538,/auto_vel_raw,0.5000,0.0000,,,
1790703976.538,odom,0.2160,0.0603,5.156,2.562,
1790703976.564,odom,0.2955,0.0387,5.161,2.561,
1790703976.575,/auto_vel,0.5000,0.0000,,,
1790703976.577,/compensador_rumo/cmd_vel,0.5000,0.0000,,,
1790703976.578,/cmd_vel_bruto,0.5000,0.3474,,,
1790703976.581,/hoverboard_base_controller/cmd_vel,0.3040,0.0179,,,
1790703976.595,odom,0.2956,0.0385,5.167,2.559,
1790703976.605,/auto_vel_raw,0.5000,0.0000,,,
1790703976.617,odom,0.2956,0.0383,5.172,2.558,
1790703976.624,/auto_vel,0.5000,0.0000,,,
1790703976.625,/compensador_rumo/cmd_vel,0.5000,0.0000,,,
1790703976.629,/cmd_vel_bruto,0.5000,0.4004,,,
1790703976.634,/hoverboard_base_controller/cmd_vel,0.3066,0.0019,,,
1790703976.647,odom,0.2956,0.0382,5.178,2.556,
1790703976.670,/auto_vel_raw,0.5000,0.0000,,,
1790703976.671,odom,0.2956,0.0380,5.184,2.554,
1790703976.699,odom,0.3066,0.0000,5.190,2.553,
1790703976.707,/auto_vel,0.5000,0.0000,,,
1790703976.707,/compensador_rumo/cmd_vel,0.5000,0.0000,,,
1790703976.710,/cmd_vel_bruto,0.5000,0.4819,,,
1790703976.719,/hoverboard_base_controller/cmd_vel,0.3127,-0.0360,,,
1790703976.730,odom,0.3066,0.0000,5.196,2.551,
1790703976.743,/auto_vel_raw,0.5000,0.0000,,,
1790703976.752,odom,0.3066,0.0000,5.201,2.549,
1790703976.759,/auto_vel,0.5000,0.0000,,,
1790703976.762,/compensador_rumo/cmd_vel,0.5000,0.0000,,,
1790703976.765,/cmd_vel_bruto,0.5000,0.5572,,,
1790703976.766,/hoverboard_base_controller/cmd_vel,0.3185,-0.0724,,,
1790703976.798,odom,0.3066,0.0000,5.207,2.548,
1790703976.852,/auto_vel_raw,0.5000,0.0000,,,
1790703976.853,odom,0.3066,0.0000,5.213,2.546,
1790703976.924,odom,0.3168,-0.0704,5.219,2.544,
1790703976.934,/auto_vel,0.5000,0.0000,,,
1790703976.936,/compensador_rumo/cmd_vel,0.5000,0.0000,,,
1790703976.939,/hoverboard_base_controller/cmd_vel,0.3235,-0.1037,,,
1790703976.939,/cmd_vel_bruto,0.5000,0.5550,,,
1790703976.981,odom,0.3171,-0.0682,5.225,2.542,
1790703977.011,/auto_vel_raw,0.5000,0.0000,,,
1790703977.044,odom,0.3174,-0.0666,5.232,2.541,
1790703977.054,/auto_vel,0.5000,0.0000,,,
1790703977.055,/compensador_rumo/cmd_vel,0.5000,0.0000,,,
1790703977.061,/hoverboard_base_controller/cmd_vel,0.3263,-0.1216,,,
1790703977.062,/cmd_vel_bruto,0.5000,0.5766,,,
1790703977.071,odom,0.3177,-0.0651,5.238,2.539,
1790703977.095,/auto_vel_raw,0.5000,0.0000,,,
1790703977.095,odom,0.3180,-0.0635,5.244,2.537,
1790703977.113,/auto_vel,0.5000,0.0000,,,
1790703977.114,/compensador_rumo/cmd_vel,0.5000,0.0000,,,
1790703977.114,odom,0.3242,-0.1145,5.250,2.535,
1790703977.122,/hoverboard_base_controller/cmd_vel,0.3241,-0.1078,,,
1790703977.123,/cmd_vel_bruto,0.5000,0.5642,,,
1790703977.151,odom,0.3244,-0.1125,5.256,2.533,
1790703977.165,/auto_vel_raw,0.5000,0.0000,,,
1790703977.169,odom,0.3247,-0.1112,5.262,2.532,
1790703977.188,odom,0.3249,-0.1098,5.269,2.530,
1790703977.199,/auto_vel,0.5000,0.0000,,,
1790703977.199,/compensador_rumo/cmd_vel,0.5000,0.0000,,,
1790703977.203,/cmd_vel_bruto,0.5000,0.5793,,,
1790703977.211,/auto_vel_raw,0.5000,0.0000,,,
1790703977.212,/hoverboard_base_controller/cmd_vel,0.3098,-0.0183,,,
1790703977.212,odom,0.3252,-0.1084,5.275,2.528,
1790703977.244,/auto_vel,0.5000,0.0000,,,
1790703977.244,/compensador_rumo/cmd_vel,0.5000,0.0000,,,
1790703977.250,odom,0.3249,-0.1023,5.281,2.526,
1790703977.264,/hoverboard_base_controller/cmd_vel,0.3023,0.0290,,,
1790703977.264,/cmd_vel_bruto,0.5000,0.5842,,,
1790703977.272,odom,0.3247,-0.0976,5.287,2.524,
1790703977.281,/auto_vel_raw,0.5000,0.0000,,,
1790703977.284,odom,0.3246,-0.0936,5.294,2.522,
1790703977.304,odom,0.3242,-0.0910,5.300,2.520,
1790703977.312,/auto_vel,0.5000,0.0000,,,
1790703977.313,/compensador_rumo/cmd_vel,0.5000,0.0000,,,
1790703977.320,/cmd_vel_bruto,0.5000,0.5911,,,
1790703977.324,/hoverboard_base_controller/cmd_vel,0.0000,0.0000,,,
1790703977.333,/auto_vel_raw,0.4805,0.4099,,,
1790703977.333,odom,0.3241,-0.0908,5.306,2.518,
1790703977.343,/auto_vel,0.4805,0.4099,,,
1790703977.345,/compensador_rumo/cmd_vel,0.4805,0.4099,,,
1790703977.346,/hoverboard_base_controller/cmd_vel,0.3025,0.0276,,,
1790703977.346,/cmd_vel_bruto,0.4805,1.5032,,,
1790703977.385,odom,0.2425,0.0000,5.311,2.517,
1790703977.430,odom,0.2425,0.0000,5.315,2.515,
1790703977.451,/auto_vel_raw,0.4800,0.4127,,,
1790703977.457,odom,0.2346,-0.0014,5.320,2.514,
1790703977.470,/auto_vel,0.4800,0.4127,,,
1790703977.470,/compensador_rumo/cmd_vel,0.4800,0.4127,,,
1790703977.470,/cmd_vel_bruto,0.4800,1.4643,,,
1790703977.475,odom,0.2425,0.0000,5.324,2.513,
1790703977.482,/hoverboard_base_controller/cmd_vel,0.3004,0.0409,,,
1790703977.495,odom,0.2425,0.0000,5.329,2.511,
1790703977.515,/auto_vel_raw,0.4793,0.4160,,,
1790703977.542,odom,0.2992,0.0407,5.334,2.509,
1790703977.545,/auto_vel,0.4793,0.4160,,,
1790703977.546,/compensador_rumo/cmd_vel,0.4793,0.4160,,,
1790703977.548,/hoverboard_base_controller/cmd_vel,0.3016,0.0333,,,
1790703977.548,/cmd_vel_bruto,0.4793,1.4461,,,
1790703977.585,odom,0.2994,0.0403,5.340,2.508,
1790703977.625,/auto_vel_raw,0.4789,0.4184,,,
1790703977.640,odom,0.2995,0.0400,5.346,2.506,
1790703977.656,/auto_vel,0.4789,0.4184,,,
1790703977.660,/compensador_rumo/cmd_vel,0.4789,0.4184,,,
1790703977.663,/hoverboard_base_controller/cmd_vel,0.0000,0.0000,,,
1790703977.667,/cmd_vel_bruto,0.4789,1.4359,,,
1790703977.683,odom,0.2995,0.0399,5.352,2.504,
1790703977.706,/auto_vel_raw,0.4785,0.4197,,,
1790703977.713,odom,0.2995,0.0398,5.357,2.502,
1790703977.746,odom,0.2204,0.0000,5.362,2.501,
1790703977.760,/auto_vel,0.4785,0.4197,,,
1790703977.761,/compensador_rumo/cmd_vel,0.4785,0.4197,,,
1790703977.761,/hoverboard_base_controller/cmd_vel,0.2996,0.0455,,,
1790703977.761,/cmd_vel_bruto,0.4785,1.4189,,,
1790703977.766,odom,0.2204,0.0000,5.366,2.500,
1790703977.776,/auto_vel_raw,0.4777,0.4216,,,
1790703977.781,odom,0.2090,-0.0014,5.370,2.498,
1790703977.788,/auto_vel,0.4777,0.4216,,,
1790703977.788,/compensador_rumo/cmd_vel,0.4777,0.4216,,,
1790703977.788,/cmd_vel_bruto,0.4777,1.4163,,,
1790703977.818,/hoverboard_base_controller/cmd_vel,0.2990,0.0497,,,
1790703977.830,odom,0.2204,0.0000,5.374,2.497,
1790703977.844,odom,0.2204,0.0000,5.378,2.496,
1790703977.850,/auto_vel_raw,0.4772,0.4238,,,
1790703977.883,odom,0.2976,0.0496,5.384,2.494,
1790703977.893,/auto_vel,0.4772,0.4238,,,
1790703977.899,/compensador_rumo/cmd_vel,0.4772,0.4238,,,
1790703977.900,/hoverboard_base_controller/cmd_vel,0.2245,0.5151,,,
1790703977.900,/cmd_vel_bruto,0.4772,1.3981,,,
1790703977.944,odom,0.2977,0.0492,5.389,2.492,
1790703977.964,/auto_vel_raw,0.4764,0.4263,,,
1790703977.980,odom,0.2978,0.0490,5.395,2.490,
1790703977.989,/auto_vel,0.4764,0.4263,,,
1790703977.991,/compensador_rumo/cmd_vel,0.4764,0.4263,,,
1790703978.003,/hoverboard_base_controller/cmd_vel,0.2269,0.5003,,,
1790703978.003,/cmd_vel_bruto,0.4764,1.4079,,,
1790703978.031,odom,0.2978,0.0490,5.401,2.489,
1790703978.050,odom,0.2978,0.0491,5.406,2.487,
1790703978.060,/auto_vel_raw,0.4756,0.4292,,,
1790703978.081,odom,0.2328,0.1982,5.411,2.486,
1790703978.095,/auto_vel,0.4756,0.4292,,,
1790703978.095,/compensador_rumo/cmd_vel,0.4756,0.4292,,,
1790703978.104,/hoverboard_base_controller/cmd_vel,0.2279,0.4938,,,
1790703978.104,/cmd_vel_bruto,0.4756,1.4219,,,
1790703978.109,odom,0.2328,0.1982,5.415,2.484,
1790703978.127,/auto_vel_raw,0.4758,0.4238,,,
1790703978.133,odom,0.2210,0.1982,5.420,2.483,
1790703978.166,odom,0.2212,0.1982,5.424,2.482,
1790703978.179,/auto_vel,0.4758,0.4238,,,
1790703978.179,/compensador_rumo/cmd_vel,0.4758,0.4238,,,
1790703978.188,/hoverboard_base_controller/cmd_vel,0.2285,0.4902,,,
1790703978.188,/cmd_vel_bruto,0.4758,1.4067,,,
1790703978.192,odom,0.2215,0.1982,5.428,2.480,
1790703978.201,/auto_vel_raw,0.4754,0.4216,,,
1790703978.240,/auto_vel,0.4754,0.4216,,,
1790703978.241,/compensador_rumo/cmd_vel,0.4754,0.4216,,,
1790703978.241,odom,0.2278,0.2976,5.432,2.479,
1790703978.245,/cmd_vel_bruto,0.4754,1.3914,,,
1790703978.250,/hoverboard_base_controller/cmd_vel,0.2295,0.4836,,,
1790703978.280,odom,0.2279,0.2970,5.437,2.478,
1790703978.326,/auto_vel_raw,0.4757,0.4121,,,
1790703978.363,odom,0.2279,0.2970,5.441,2.477,
1790703978.370,/auto_vel,0.4757,0.4121,,,
1790703978.370,/compensador_rumo/cmd_vel,0.4757,0.4121,,,
1790703978.385,/hoverboard_base_controller/cmd_vel,0.0000,0.0000,,,
1790703978.385,/cmd_vel_bruto,0.4757,1.3495,,,
1790703978.408,odom,0.2279,0.2970,5.446,2.476,
1790703978.428,odom,0.2279,0.2970,5.450,2.475,
1790703978.432,/auto_vel_raw,0.4766,0.4012,,,
1790703978.478,odom,0.1557,0.2057,5.453,2.474,
1790703978.488,/auto_vel,0.4766,0.4012,,,
1790703978.488,/compensador_rumo/cmd_vel,0.4766,0.4012,,,
1790703978.491,/hoverboard_base_controller/cmd_vel,0.2306,0.4767,,,
1790703978.491,/cmd_vel_bruto,0.4766,1.2918,,,
1790703978.496,odom,0.1557,0.2057,5.456,2.473,
1790703978.505,/auto_vel_raw,0.4771,0.3976,,,
1790703978.516,odom,0.1403,0.2014,5.459,2.472,
1790703978.527,/auto_vel,0.4771,0.3976,,,
1790703978.531,/compensador_rumo/cmd_vel,0.4771,0.3976,,,
1790703978.533,/hoverboard_base_controller/cmd_vel,0.2298,0.4817,,,
1790703978.533,/cmd_vel_bruto,0.4771,1.2581,,,
1790703978.535,odom,0.1446,0.1990,5.462,2.472,
1790703978.573,/auto_vel_raw,0.4781,0.3928,,,
1790703978.575,odom,0.1460,0.1919,5.465,2.471,
1790703978.607,odom,0.2176,0.3463,5.469,2.470,
1790703978.617,/compensador_rumo/cmd_vel,0.4781,0.3928,,,
1790703978.620,/auto_vel,0.4781,0.3928,,,
1790703978.620,/hoverboard_base_controller/cmd_vel,0.2288,0.4884,,,
1790703978.621,/cmd_vel_bruto,0.4781,1.1918,,,
1790703978.625,odom,0.2192,0.3430,5.473,2.469,
1790703978.638,/auto_vel_raw,0.4803,0.3812,,,
1790703978.653,odom,0.2204,0.3366,5.477,2.468,
1790703978.663,/auto_vel,0.4803,0.3812,,,
1790703978.663,/compensador_rumo/cmd_vel,0.4803,0.3812,,,
1790703978.665,/hoverboard_base_controller/cmd_vel,0.2298,0.4819,,,
1790703978.665,/cmd_vel_bruto,0.4803,1.1839,,,
1790703978.695,odom,0.2216,0.3302,5.481,2.467,
1790703978.709,/auto_vel_raw,0.4816,0.3729,,,
1790703978.717,odom,0.2228,0.3238,5.486,2.466,
1790703978.734,/auto_vel,0.4816,0.3729,,,
1790703978.734,/compensador_rumo/cmd_vel,0.4816,0.3729,,,
1790703978.739,/hoverboard_base_controller/cmd_vel,0.2307,0.4761,,,
1790703978.740,/cmd_vel_bruto,0.4816,1.1724,,,
1790703978.758,odom,0.2294,0.4083,5.490,2.466,
1790703978.842,odom,0.2298,0.4058,5.495,2.465,
1790703978.876,/auto_vel_raw,0.4837,0.3545,,,
1790703978.891,odom,0.2298,0.4058,5.499,2.464,
1790703978.899,/auto_vel,0.4837,0.3545,,,
1790703978.901,/compensador_rumo/cmd_vel,0.4837,0.3545,,,
1790703978.905,/cmd_vel_bruto,0.4837,1.1701,,,
1790703978.906,/hoverboard_base_controller/cmd_vel,0.2336,0.4581,,,
1790703978.912,odom,0.2298,0.4058,5.504,2.463,
1790703978.941,odom,0.2298,0.4058,5.508,2.463,
1790703978.948,/auto_vel_raw,0.4861,0.3360,,,
1790703978.982,odom,0.2307,0.4010,5.513,2.462,
1790703978.989,/auto_vel,0.4861,0.3360,,,
1790703978.989,/compensador_rumo/cmd_vel,0.4861,0.3360,,,
1790703978.999,odom,0.2319,0.3950,5.518,2.461,
1790703979.011,/cmd_vel_bruto,0.4861,1.1655,,,
1790703979.013,/hoverboard_base_controller/cmd_vel,0.2402,0.4168,,,
1790703979.019,/auto_vel_raw,0.4872,0.3240,,,
1790703979.025,odom,0.2329,0.3895,5.522,2.461,
1790703979.035,/auto_vel,0.4872,0.3240,,,
1790703979.035,/compensador_rumo/cmd_vel,0.4872,0.3240,,,
1790703979.038,/cmd_vel_bruto,0.4872,1.1349,,,
1790703979.041,/hoverboard_base_controller/cmd_vel,0.0000,0.0000,,,
1790703979.046,odom,0.2336,0.3857,5.527,2.460,
1790703979.054,odom,0.2336,0.3857,5.531,2.459,
1790703979.069,/auto_vel_raw,0.4892,0.3034,,,
1790703979.072,odom,0.2346,0.3808,5.536,2.459,
1790703979.084,/auto_vel,0.4892,0.3034,,,
1790703979.085,/compensador_rumo/cmd_vel,0.4892,0.3034,,,
1790703979.087,/cmd_vel_bruto,0.4892,1.0965,,,
1790703979.089,/hoverboard_base_controller/cmd_vel,0.2451,0.3860,,,
1790703979.100,odom,0.2358,0.3746,5.541,2.458,
1790703979.121,/auto_vel_raw,0.4903,0.2883,,,
1790703979.126,odom,0.2369,0.3686,5.546,2.458,
1790703979.132,/auto_vel,0.4903,0.2883,,,
1790703979.135,/compensador_rumo/cmd_vel,0.4903,0.2883,,,
1790703979.138,/cmd_vel_bruto,0.4903,1.0675,,,
1790703979.141,/hoverboard_base_controller/cmd_vel,0.2461,0.3798,,,
1790703979.145,odom,0.2380,0.3629,5.550,2.458,
1790703979.159,odom,0.2391,0.3571,5.555,2.457,
1790703979.164,/auto_vel_raw,0.4923,0.2661,,,
1790703979.189,odom,0.2403,0.3508,5.560,2.457,
1790703979.197,/auto_vel,0.4923,0.2661,,,
1790703979.197,/compensador_rumo/cmd_vel,0.4923,0.2661,,,
1790703979.201,/cmd_vel_bruto,0.4923,1.0689,,,
1790703979.203,/hoverboard_base_controller/cmd_vel,0.2472,0.3731,,,
1790703979.206,odom,0.2415,0.3446,5.565,2.456,
1790703979.224,/auto_vel_raw,0.4937,0.2521,,,
1790703979.226,odom,0.2426,0.3386,5.569,2.456,
1790703979.237,/auto_vel,0.4937,0.2521,,,
1790703979.242,/compensador_rumo/cmd_vel,0.4937,0.2521,,,
1790703979.245,/hoverboard_base_controller/cmd_vel,0.2477,0.3697,,,
1790703979.246,/cmd_vel_bruto,0.4937,0.9919,,,
1790703979.248,odom,0.2437,0.3327,5.574,2.456,
1790703979.267,odom,0.2448,0.3266,5.579,2.456,
1790703979.278,/auto_vel_raw,0.4952,0.2298,,,
1790703979.308,odom,0.2460,0.3204,5.584,2.455,
1790703979.319,/compensador_rumo/cmd_vel,0.4952,0.2298,,,
1790703979.321,/auto_vel,0.4952,0.2298,,,
1790703979.321,/hoverboard_base_controller/cmd_vel,0.2485,0.3649,,,
1790703979.321,/cmd_vel_bruto,0.4952,0.9460,,,
1790703979.348,odom,0.2472,0.3143,5.589,2.455,
1790703979.367,/auto_vel_raw,0.5000,0.0000,,,
1790703979.373,odom,0.2477,0.3114,5.594,2.455,
1790703979.406,odom,0.2477,0.3114,5.599,2.455,
1790703979.423,/auto_vel,0.5000,0.0000,,,
1790703979.432,/compensador_rumo/cmd_vel,0.5000,0.0000,,,
1790703979.436,/cmd_vel_bruto,0.5000,0.4635,,,
1790703979.442,/hoverboard_base_controller/cmd_vel,0.2510,0.3496,,,
1790703979.464,/auto_vel_raw,0.5000,0.0000,,,
1790703979.464,odom,0.2477,0.3114,5.604,2.455,
1790703979.475,/auto_vel,0.5000,0.0000,,,
1790703979.476,/compensador_rumo/cmd_vel,0.5000,0.0000,,,
1790703979.476,/hoverboard_base_controller/cmd_vel,0.2542,0.3294,,,
1790703979.478,/cmd_vel_bruto,0.5000,0.4606,,,
1790703979.486,odom,0.2487,0.3064,5.609,2.455,
1790703979.520,odom,0.2499,0.3002,5.614,2.455,
1790703979.535,/auto_vel_raw,0.5000,0.0000,,,
1790703979.547,/auto_vel,0.5000,0.0000,,,
1790703979.547,/compensador_rumo/cmd_vel,0.5000,0.0000,,,
1790703979.548,odom,0.2509,0.2946,5.619,2.455,
1790703979.573,/hoverboard_base_controller/cmd_vel,0.2566,0.3145,,,
1790703979.573,/cmd_vel_bruto,0.5000,0.4422,,,
1790703979.573,odom,0.2510,0.2944,5.624,2.455,
1790703979.597,/auto_vel_raw,0.5000,0.0000,,,
1790703979.597,odom,0.2510,0.2944,5.629,2.455,
1790703979.621,odom,0.2519,0.2894,5.634,2.455,
1790703979.650,/auto_vel,0.5000,0.0000,,,
1790703979.650,/compensador_rumo/cmd_vel,0.5000,0.0000,,,
1790703979.651,/cmd_vel_bruto,0.5000,0.4455,,,
1790703979.651,odom,0.2531,0.2831,5.639,2.455,
1790703979.659,/hoverboard_base_controller/cmd_vel,0.2568,0.3131,,,
1790703979.665,/auto_vel_raw,0.5000,0.0000,,,
1790703979.681,odom,0.2543,0.2767,5.644,2.455,
1790703979.684,/auto_vel,0.5000,0.0000,,,
1790703979.684,/compensador_rumo/cmd_vel,0.5000,0.0000,,,
1790703979.684,/cmd_vel_bruto,0.5000,0.4514,,,
1790703979.698,/hoverboard_base_controller/cmd_vel,0.2630,0.2742,,,
1790703979.712,odom,0.2555,0.2707,5.649,2.456,
1790703979.725,odom,0.2561,0.2675,5.654,2.456,
1790703979.733,/auto_vel_raw,0.5000,0.0000,,,
1790703979.746,odom,0.2565,0.2654,5.659,2.456,
1790703979.760,/auto_vel,0.5000,0.0000,,,
1790703979.761,/compensador_rumo/cmd_vel,0.5000,0.0000,,,
1790703979.781,odom,0.2565,0.2651,5.665,2.456,
1790703979.787,/hoverboard_base_controller/cmd_vel,0.2669,0.2498,,,
1790703979.788,/cmd_vel_bruto,0.5000,0.4521,,,
1790703979.788,odom,0.2566,0.2649,5.670,2.457,
1790703979.801,/auto_vel_raw,0.5000,0.0000,,,
1790703979.825,odom,0.2566,0.2646,5.675,2.457,
1790703979.837,/auto_vel,0.5000,0.0000,,,
1790703979.842,/compensador_rumo/cmd_vel,0.5000,0.0000,,,
1790703979.843,odom,0.2567,0.2643,5.680,2.457,
1790703979.850,/cmd_vel_bruto,0.5000,0.4631,,,
1790703979.854,/auto_vel_raw,0.5000,0.0000,,,
1790703979.854,/hoverboard_base_controller/cmd_vel,0.3120,-0.0320,,,
1790703979.863,/auto_vel,0.5000,0.0000,,,
1790703979.863,/compensador_rumo/cmd_vel,0.5000,0.0000,,,
1790703979.864,odom,0.2595,0.2496,5.685,2.458,
1790703979.876,/hoverboard_base_controller/cmd_vel,0.0000,0.0000,,,
1790703979.883,/cmd_vel_bruto,0.5000,0.4671,,,
1790703979.884,/auto_vel_raw,0.5000,0.0000,,,
1790703979.894,odom,0.2595,0.2493,5.690,2.458,
1790703979.917,odom,0.2596,0.2489,5.695,2.459,
1790703979.926,/auto_vel,0.5000,0.0000,,,
1790703979.926,/compensador_rumo/cmd_vel,0.5000,0.0000,,,
1790703979.934,odom,0.2597,0.2486,5.701,2.459,
1790703979.945,/hoverboard_base_controller/cmd_vel,0.3139,-0.0440,,,
1790703979.947,/cmd_vel_bruto,0.5000,0.4725,,,
1790703979.948,odom,0.2597,0.2482,5.706,2.460,
1790703979.955,/auto_vel_raw,0.5000,0.0000,,,
1790703979.985,odom,0.1815,0.0848,5.709,2.460,
1790703979.989,/auto_vel,0.5000,0.0000,,,
1790703979.989,/compensador_rumo/cmd_vel,0.5000,0.0000,,,
1790703979.990,odom,0.1815,0.0848,5.713,2.460,
1790703979.992,/cmd_vel_bruto,0.5000,0.4421,,,
1790703979.997,/hoverboard_base_controller/cmd_vel,0.3130,-0.0380,,,
1790703980.001,/auto_vel_raw,0.5000,0.0000,,,
1790703980.017,odom,0.1706,0.0862,5.717,2.461,
1790703980.033,/auto_vel,0.5000,0.0000,,,
1790703980.033,/compensador_rumo/cmd_vel,0.5000,0.0000,,,
1790703980.037,/cmd_vel_bruto,0.5000,0.4294,,,
1790703980.042,/hoverboard_base_controller/cmd_vel,0.0000,0.0000,,,
1790703980.060,odom,0.1765,0.0840,5.720,2.461,
1790703980.088,odom,0.1768,0.0828,5.724,2.461,
1790703980.094,/auto_vel_raw,0.5000,0.0000,,,
1790703980.121,odom,0.0949,-0.0000,5.726,2.462,
1790703980.131,/auto_vel,0.5000,0.0000,,,
1790703980.131,/compensador_rumo/cmd_vel,0.5000,0.0000,,,
1790703980.132,/cmd_vel_bruto,0.5000,0.3724,,,
1790703980.135,/hoverboard_base_controller/cmd_vel,0.3129,-0.0375,,,
1790703980.145,odom,0.0949,-0.0000,5.727,2.462,
1790703980.174,/auto_vel_raw,0.5000,0.0000,,,
1790703980.174,odom,0.0869,0.0007,5.729,2.462,
1790703980.180,/auto_vel,0.5000,0.0000,,,
1790703980.180,/compensador_rumo/cmd_vel,0.5000,0.0000,,,
1790703980.182,/cmd_vel_bruto,0.5000,0.3368,,,
1790703980.184,/hoverboard_base_controller/cmd_vel,0.0000,0.0000,,,
1790703980.188,odom,0.0949,0.0000,5.731,2.462,
1790703980.214,odom,0.0949,0.0000,5.733,2.462,
1790703980.217,/auto_vel_raw,0.5000,0.0000,,,
1790703980.251,odom,0.0133,-0.0000,5.733,2.462,
1790703980.261,/auto_vel,0.5000,0.0000,,,
1790703980.263,/compensador_rumo/cmd_vel,0.5000,0.0000,,,
1790703980.267,/cmd_vel_bruto,0.5000,0.2227,,,
1790703980.272,/hoverboard_base_controller/cmd_vel,0.3113,-0.0278,,,
1790703980.291,odom,0.0133,-0.0000,5.734,2.463,
1790703980.296,/auto_vel_raw,0.5000,0.0000,,,
1790703980.309,odom,0.0052,0.0007,5.734,2.463,
1790703980.330,odom,0.0133,-0.0000,5.734,2.463,
1790703980.342,/auto_vel_raw,0.5000,0.0000,,,
1790703980.347,odom,0.0133,-0.0000,5.734,2.463,
1790703980.350,/auto_vel,0.5000,0.0000,,,
1790703980.350,/compensador_rumo/cmd_vel,0.5000,0.0000,,,
1790703980.352,/hoverboard_base_controller/cmd_vel,0.3108,-0.0243,,,
1790703980.352,/cmd_vel_bruto,0.5000,0.0867,,,
1790703980.379,odom,0.0926,-0.0275,5.736,2.463,
1790703980.389,/auto_vel,0.5000,0.0000,,,
1790703980.389,/compensador_rumo/cmd_vel,0.5000,0.0000,,,
1790703980.391,/cmd_vel_bruto,0.5000,0.0793,,,
1790703980.396,odom,0.0928,-0.0262,5.737,2.463,
1790703980.397,/hoverboard_base_controller/cmd_vel,0.3153,-0.0524,,,
1790703980.431,/auto_vel_raw,0.5000,0.0000,,,
1790703980.460,odom,0.0930,-0.0251,5.739,2.463,
1790703980.462,/auto_vel,0.5000,0.0000,,,
1790703980.462,/compensador_rumo/cmd_vel,0.5000,0.0000,,,
1790703980.462,/cmd_vel_bruto,0.5000,0.0917,,,
1790703980.463,/hoverboard_base_controller/cmd_vel,0.0000,0.0000,,,
1790703980.500,odom,0.0932,-0.0239,5.741,2.463,
1790703980.532,odom,0.0933,-0.0234,5.743,2.464,
1790703980.537,/auto_vel_raw,0.5000,0.0000,,,
1790703980.544,/auto_vel,0.5000,0.0000,,,
1790703980.546,/compensador_rumo/cmd_vel,0.5000,0.0000,,,
1790703980.546,/hoverboard_base_controller/cmd_vel,0.3214,-0.0906,,,
1790703980.547,/cmd_vel_bruto,0.5000,0.0921,,,
1790703980.639,odom,0.0125,-0.0000,5.743,2.464,
1790703980.698,odom,0.0125,-0.0000,5.744,2.464,
1790703980.724,/auto_vel_raw,0.5000,0.0000,,,
1790703980.744,odom,0.0021,0.0006,5.744,2.464,
1790703980.767,/auto_vel,0.5000,0.0000,,,
1790703980.770,/compensador_rumo/cmd_vel,0.5000,0.0000,,,
1790703980.775,/cmd_vel_bruto,0.5000,0.0996,,,
1790703980.779,/hoverboard_base_controller/cmd_vel,0.3253,-0.1151,,,
1790703980.791,odom,0.0125,0.0000,5.744,2.464,
1790703980.814,/auto_vel_raw,0.5000,0.0000,,,
1790703980.816,odom,0.0125,0.0000,5.744,2.464,
1790703980.835,odom,0.0880,-0.1117,5.745,2.464,
1790703980.857,/auto_vel,0.5000,0.0000,,,
1790703980.860,/compensador_rumo/cmd_vel,0.5000,0.0000,,,
1790703980.867,/cmd_vel_bruto,0.5000,0.0934,,,
1790703980.870,/hoverboard_base_controller/cmd_vel,0.3385,-0.1972,,,
1790703980.873,odom,0.0886,-0.1133,5.747,2.464,
1790703980.909,/auto_vel_raw,0.5000,0.0000,,,
1790703980.928,odom,0.0889,-0.1122,5.749,2.464,
1790703980.947,/auto_vel,0.5000,0.0000,,,
1790703980.950,/compensador_rumo/cmd_vel,0.5000,0.0000,,,
1790703980.952,/cmd_vel_bruto,0.5000,0.0798,,,
1790703980.961,/hoverboard_base_controller/cmd_vel,0.0000,0.0000,,,
1790703980.962,odom,0.0891,-0.1111,5.751,2.464,
1790703980.997,/auto_vel_raw,0.5000,0.0000,,,
1790703980.998,odom,0.0893,-0.1102,5.753,2.465,
1790703981.005,odom,0.1302,-0.1949,5.755,2.465,
1790703981.013,/auto_vel,0.5000,0.0000,,,
1790703981.020,/compensador_rumo/cmd_vel,0.5000,0.0000,,,
1790703981.029,/cmd_vel_bruto,0.5000,0.1169,,,
1790703981.034,/hoverboard_base_controller/cmd_vel,0.3547,-0.2986,,,
1790703981.040,odom,0.1308,-0.1923,5.758,2.465,
1790703981.054,/auto_vel_raw,0.5000,0.0000,,,
1790703981.055,odom,0.1311,-0.1909,5.760,2.465,
1790703981.070,odom,0.1312,-0.1900,5.763,2.466,
1790703981.072,odom,0.1313,-0.1894,5.765,2.466,
1790703981.085,/auto_vel_raw,0.5000,0.0000,,,
1790703981.085,/auto_vel,0.5000,0.0000,,,
1790703981.085,/compensador_rumo/cmd_vel,0.5000,0.0000,,,
1790703981.086,/hoverboard_base_controller/cmd_vel,0.3546,-0.2982,,,
1790703981.086,/cmd_vel_bruto,0.5000,0.1967,,,
1790703981.088,odom,0.0681,-0.0667,5.767,2.466,
1790703981.104,/auto_vel,0.5000,0.0000,,,
1790703981.104,/compensador_rumo/cmd_vel,0.5000,0.0000,,,
1790703981.104,odom,0.0681,-0.0667,5.768,2.466,
1790703981.106,odom,0.0642,-0.0664,5.769,2.466,
1790703981.110,/auto_vel_raw,0.5000,0.0000,,,
1790703981.117,/cmd_vel_bruto,0.5000,0.1935,,,
1790703981.124,/hoverboard_base_controller/cmd_vel,0.3537,-0.2922,,,
1790703981.221,odom,0.0645,-0.0650,5.771,2.466,
1790703981.230,/auto_vel,0.5000,0.0000,,,
1790703981.230,/compensador_rumo/cmd_vel,0.5000,0.0000,,,
1790703981.234,/cmd_vel_bruto,0.5000,0.1842,,,
1790703981.236,/hoverboard_base_controller/cmd_vel,0.0000,0.0000,,,
1790703981.300,/auto_vel_raw,0.5000,0.0000,,,
1790703981.301,odom,0.0647,-0.0637,5.772,2.466,
1790703981.303,/auto_vel,0.5000,0.0000,,,
1790703981.306,/compensador_rumo/cmd_vel,0.5000,0.0000,,,
1790703981.306,/cmd_vel_bruto,0.5000,0.1721,,,
1790703981.309,/hoverboard_base_controller/cmd_vel,0.0000,0.0000,,,
1790703981.378,odom,-0.0000,-0.0000,5.772,2.466,
1790703981.451,odom,0.0000,-0.0000,5.772,2.466,
1790703981.496,/auto_vel_raw,0.5000,0.0000,,,
1790703981.537,odom,-0.0001,-0.0000,5.772,2.466,
1790703981.544,/auto_vel,0.5000,0.0000,,,
1790703981.544,/compensador_rumo/cmd_vel,0.5000,0.0000,,,
1790703981.544,/hoverboard_base_controller/cmd_vel,0.3562,-0.3083,,,
1790703981.544,/cmd_vel_bruto,0.5000,0.1114,,,
1790703981.607,odom,0.0000,-0.0000,5.772,2.466,
1790703981.679,/auto_vel_raw,0.5000,0.0000,,,
1790703981.679,odom,0.0000,-0.0000,5.772,2.466,
1790703981.693,/auto_vel,0.5000,0.0000,,,
1790703981.694,/compensador_rumo/cmd_vel,0.5000,0.0000,,,
1790703981.697,/hoverboard_base_controller/cmd_vel,0.0000,0.0000,,,
1790703981.697,/cmd_vel_bruto,0.5000,0.0857,,,
1790703981.757,odom,0.0740,-0.1384,5.773,2.466,
1790703981.792,odom,0.0766,-0.1390,5.775,2.466,
1790703981.829,/auto_vel_raw,0.5000,0.0000,,,
1790703981.841,odom,0.0780,-0.1312,5.776,2.467,
1790703981.851,odom,0.0792,-0.1251,5.778,2.467,
1790703981.857,/auto_vel,0.5000,0.0000,,,
1790703981.858,/compensador_rumo/cmd_vel,0.5000,0.0000,,,
1790703981.859,/cmd_vel_bruto,0.5000,0.0564,,,
1790703981.862,/hoverboard_base_controller/cmd_vel,0.3515,-0.2785,,,
1790703981.873,odom,0.0792,-0.1251,5.779,2.467,
1790703981.884,/auto_vel_raw,0.5000,0.0000,,,
1790703981.933,odom,0.1481,-0.2698,5.782,2.467,
1790703981.945,/auto_vel,0.5000,0.0000,,,
1790703981.945,/compensador_rumo/cmd_vel,0.5000,0.0000,,,
1790703981.946,/hoverboard_base_controller/cmd_vel,0.3416,-0.2167,,,
1790703981.946,/cmd_vel_bruto,0.5000,0.0999,,,
1790703981.973,odom,0.1503,-0.2689,5.785,2.467,
1790703981.990,/auto_vel_raw,0.5000,0.0000,,,
1790703981.997,odom,0.1516,-0.2617,5.788,2.467,
1790703982.005,/auto_vel,0.5000,0.0000,,,
1790703982.008,odom,0.1530,-0.2545,5.791,2.467,
1790703982.009,/compensador_rumo/cmd_vel,0.5000,0.0000,,,
1790703982.013,/hoverboard_base_controller/cmd_vel,0.3446,-0.2354,,,
1790703982.013,/cmd_vel_bruto,0.5000,0.1726,,,
1790703982.036,odom,0.1544,-0.2473,5.794,2.467,
1790703982.040,/auto_vel_raw,0.5000,0.0000,,,
1790703982.069,odom,0.2063,-0.2166,5.798,2.467,
1790703982.083,/auto_vel,0.5000,0.0000,,,
1790703982.083,/compensador_rumo/cmd_vel,0.5000,0.0000,,,
1790703982.086,/hoverboard_base_controller/cmd_vel,0.0000,0.0000,,,
1790703982.086,/cmd_vel_bruto,0.5000,0.2364,,,
1790703982.102,odom,0.2064,-0.2160,5.802,2.468,
1790703982.106,/auto_vel_raw,0.5000,0.0000,,,
1790703982.125,odom,0.2065,-0.2155,5.806,2.468,
1790703982.133,/auto_vel,0.5000,0.0000,,,
1790703982.140,/compensador_rumo/cmd_vel,0.5000,0.0000,,,
1790703982.148,/cmd_vel_bruto,0.5000,0.2942,,,
1790703982.158,/hoverboard_base_controller/cmd_vel,0.3522,-0.2828,,,
1790703982.177,odom,0.2066,-0.2149,5.810,2.468,
1790703982.229,/auto_vel_raw,0.5000,0.0000,,,
1790703982.239,odom,0.2068,-0.2143,5.815,2.468,
1790703982.252,/auto_vel,0.5000,0.0000,,,
1790703982.252,/compensador_rumo/cmd_vel,0.5000,0.0000,,,
1790703982.252,/cmd_vel_bruto,0.5000,0.3255,,,
1790703982.257,/hoverboard_base_controller/cmd_vel,0.3555,-0.3035,,,
1790703982.284,odom,0.3051,-0.2557,5.820,2.468,
1790703982.321,odom,0.3117,-0.2819,5.826,2.468,
1790703982.347,/auto_vel_raw,0.5000,0.0000,,,
1790703982.354,odom,0.3117,-0.2818,5.832,2.468,
1790703982.367,/auto_vel,0.5000,0.0000,,,
1790703982.371,/compensador_rumo/cmd_vel,0.5000,0.0000,,,
1790703982.383,/hoverboard_base_controller/cmd_vel,0.3593,-0.3274,,,
1790703982.383,/cmd_vel_bruto,0.5000,0.4103,,,
1790703982.398,odom,0.3118,-0.2816,5.839,2.468,
1790703982.447,odom,0.3118,-0.2814,5.845,2.468,
1790703982.454,/auto_vel_raw,0.5000,0.0000,,,
1790703982.511,odom,0.3496,-0.3268,5.852,2.468,
1790703982.526,/auto_vel,0.5000,0.0000,,,
1790703982.526,/compensador_rumo/cmd_vel,0.5000,0.0000,,,
1790703982.540,/cmd_vel_bruto,0.5000,0.4884,,,
1790703982.546,/hoverboard_base_controller/cmd_vel,0.3536,-0.2920,,,
1790703982.561,odom,0.3495,-0.3270,5.859,2.467,
1790703982.596,/auto_vel_raw,0.5000,0.0000,,,
1790703982.621,odom,0.3495,-0.3271,5.866,2.467,
1790703982.633,/auto_vel,0.5000,0.0000,,,
1790703982.636,/compensador_rumo/cmd_vel,0.5000,0.0000,,,
1790703982.648,/cmd_vel_bruto,0.5000,0.5526,,,
1790703982.649,/hoverboard_base_controller/cmd_vel,0.3445,-0.2351,,,
1790703982.675,odom,0.3495,-0.3273,5.873,2.467,
1790703982.765,odom,0.3495,-0.3274,5.880,2.467,
1790703982.766,/auto_vel_raw,0.5000,0.0000,,,
1790703982.778,/auto_vel,0.5000,0.0000,,,
1790703982.781,/compensador_rumo/cmd_vel,0.5000,0.0000,,,
1790703982.781,/cmd_vel_bruto,0.5000,0.5982,,,
1790703982.782,/hoverboard_base_controller/cmd_vel,0.3368,-0.1871,,,
1790703982.815,odom,0.3430,-0.2668,5.887,2.466,
1790703982.873,odom,0.3427,-0.2623,5.893,2.466,
1790703982.910,/auto_vel_raw,0.5000,0.0000,,,
1790703982.950,odom,0.3423,-0.2577,5.900,2.465,
1790703982.960,/auto_vel,0.5000,0.0000,,,
1790703982.961,/compensador_rumo/cmd_vel,0.5000,0.0000,,,
1790703982.963,/cmd_vel_bruto,0.5000,0.6194,,,
1790703982.964,/hoverboard_base_controller/cmd_vel,0.3301,-0.1451,,,
1790703983.021,odom,0.3420,-0.2529,5.907,2.465,
1790703983.067,odom,0.3417,-0.2481,5.914,2.464,
1790703983.070,/auto_vel_raw,0.5000,0.0000,,,
1790703983.124,odom,0.3276,-0.1437,5.920,2.464,
1790703983.128,/auto_vel,0.5000,0.0000,,,
1790703983.129,/compensador_rumo/cmd_vel,0.5000,0.0000,,,
1790703983.130,/hoverboard_base_controller/cmd_vel,0.3266,-0.1230,,,
1790703983.130,/cmd_vel_bruto,0.5000,0.6234,,,
1790703983.195,odom,0.3273,-0.1392,5.927,2.463,
1790703983.228,/auto_vel_raw,0.5000,0.0000,,,
1790703983.297,odom,0.3273,-0.1371,5.934,2.463,
1790703983.303,/auto_vel,0.5000,0.0000,,,
1790703983.305,/compensador_rumo/cmd_vel,0.5000,0.0000,,,
1790703983.308,/hoverboard_base_controller/cmd_vel,0.3173,-0.0651,,,
1790703983.308,/cmd_vel_bruto,0.5000,0.6258,,,
1790703983.375,odom,0.3275,-0.1361,5.940,2.462,
1790703983.436,/auto_vel_raw,0.5000,0.0000,,,
1790703983.437,odom,0.3277,-0.1351,5.947,2.462,
1790703983.513,odom,0.3155,-0.0646,5.953,2.461,
1790703983.521,/auto_vel,0.5000,0.0000,,,
1790703983.522,/compensador_rumo/cmd_vel,0.5000,0.0000,,,
1790703983.522,/hoverboard_base_controller/cmd_vel,0.3092,-0.0141,,,
1790703983.523,/cmd_vel_bruto,0.5000,0.6048,,,
1790703983.576,odom,0.3157,-0.0633,5.959,2.461,
1790703983.597,/auto_vel_raw,0.5000,0.0000,,,
1790703983.628,odom,0.3160,-0.0619,5.965,2.460,
1790703983.634,/auto_vel,0.5000,0.0000,,,
1790703983.634,/compensador_rumo/cmd_vel,0.5000,0.0000,,,
1790703983.640,/hoverboard_base_controller/cmd_vel,0.3027,0.0262,,,
1790703983.641,/cmd_vel_bruto,0.5000,0.5941,,,
1790703983.682,odom,0.3162,-0.0606,5.972,2.459,
1790703983.728,/auto_vel_raw,0.5000,0.0000,,,
1790703983.734,odom,0.3165,-0.0593,5.978,2.459,
1790703983.784,odom,0.3020,0.0259,5.984,2.458,
1790703983.794,/auto_vel,0.5000,0.0000,,,
1790703983.797,/compensador_rumo/cmd_vel,0.5000,0.0000,,,
1790703983.802,/hoverboard_base_controller/cmd_vel,0.2983,0.0539,,,
1790703983.802,/cmd_vel_bruto,0.5000,0.5797,,,
1790703983.840,odom,0.3022,0.0250,5.990,2.458,
1790703983.867,/auto_vel_raw,0.5000,0.0000,,,
1790703983.892,odom,0.3023,0.0242,5.996,2.457,
1790703983.915,/auto_vel,0.5000,0.0000,,,
1790703983.919,/compensador_rumo/cmd_vel,0.5000,0.0000,,,
1790703983.920,/hoverboard_base_controller/cmd_vel,0.2962,0.0666,,,
1790703983.920,/cmd_vel_bruto,0.5000,0.5680,,,
1790703983.941,odom,0.3025,0.0234,6.002,2.456,
1790703983.992,/auto_vel_raw,0.5000,0.0000,,,
1790703983.993,/auto_vel,0.5000,0.0000,,,
1790703983.993,/compensador_rumo/cmd_vel,0.5000,0.0000,,,
1790703984.000,odom,0.3026,0.0226,6.008,2.456,
1790703984.007,/hoverboard_base_controller/cmd_vel,0.2959,0.0690,,,
1790703984.007,/cmd_vel_bruto,0.5000,0.5643,,,
1790703984.068,odom,0.2973,0.0615,6.014,2.455,
1790703984.135,odom,0.2966,0.0582,6.020,2.455,
1790703984.168,/auto_vel_raw,0.5000,0.0000,,,
1790703984.190,odom,0.2962,0.0561,6.026,2.454,
1790703984.194,/auto_vel,0.5000,0.0000,,,
1790703984.194,/compensador_rumo/cmd_vel,0.5000,0.0000,,,
1790703984.194,/cmd_vel_bruto,0.5000,0.5485,,,
1790703984.196,/hoverboard_base_controller/cmd_vel,0.2956,0.0704,,,
1790703984.322,odom,0.2962,0.0561,6.032,2.454,
1790703984.414,/auto_vel_raw,0.5000,0.0000,,,
1790703984.419,odom,0.2962,0.0561,6.038,2.453,
1790703984.429,/auto_vel,0.5000,0.0000,,,
1790703984.441,/compensador_rumo/cmd_vel,0.5000,0.0000,,,
1790703984.441,/cmd_vel_bruto,0.5000,0.5465,,,
1790703984.445,/hoverboard_base_controller/cmd_vel,0.2976,0.0579,,,
1790703984.486,odom,0.2956,0.0593,6.044,2.453,
1790703984.532,odom,0.2956,0.0593,6.049,2.452,
1790703984.550,/auto_vel_raw,0.5000,0.0000,,,
1790703984.577,odom,0.2956,0.0593,6.055,2.452,
1790703984.589,/auto_vel,0.5000,0.0000,,,
1790703984.597,/compensador_rumo/cmd_vel,0.5000,0.0000,,,
1790703984.601,/hoverboard_base_controller/cmd_vel,0.2987,0.0514,,,
1790703984.601,/cmd_vel_bruto,0.5000,0.5428,,,
1790703984.603,odom,0.2956,0.0593,6.061,2.451,
1790703984.634,odom,0.2956,0.0593,6.067,2.451,
1790703984.649,/auto_vel_raw,0.5000,0.0000,,,
1790703984.668,odom,0.2972,0.0509,6.073,2.450,
1790703984.673,/auto_vel,0.5000,0.0000,,,
1790703984.673,/compensador_rumo/cmd_vel,0.5000,0.0000,,,
1790703984.679,/hoverboard_base_controller/cmd_vel,0.3001,0.0428,,,
1790703984.680,/cmd_vel_bruto,0.5000,0.5435,,,
1790703984.696,odom,0.2974,0.0503,6.079,2.450,
1790703984.708,/auto_vel_raw,0.5000,0.0000,,,
1790703984.730,/auto_vel,0.5000,0.0000,,,
1790703984.730,/compensador_rumo/cmd_vel,0.5000,0.0000,,,
1790703984.733,/hoverboard_base_controller/cmd_vel,0.3012,0.0356,,,
1790703984.733,/cmd_vel_bruto,0.5000,0.5320,,,
1790703984.733,odom,0.2975,0.0496,6.085,2.449,
1790703984.744,odom,0.2976,0.0490,6.091,2.449,
1790703984.762,odom,0.2977,0.0483,6.097,2.448,
1790703984.770,/auto_vel_raw,0.5000,0.0000,,,
1790703984.789,odom,0.3002,0.0351,6.103,2.448,
1790703984.801,/auto_vel,0.5000,0.0000,,,
1790703984.802,/compensador_rumo/cmd_vel,0.5000,0.0000,,,
1790703984.810,/hoverboard_base_controller/cmd_vel,0.3016,0.0334,,,
1790703984.810,/cmd_vel_bruto,0.5000,0.5419,,,
1790703984.820,odom,0.3004,0.0343,6.109,2.447,
1790703984.836,/auto_vel_raw,0.5000,0.0000,,,
1790703984.853,odom,0.3005,0.0335,6.115,2.447,
1790703984.864,/auto_vel,0.5000,0.0000,,,
1790703984.867,/compensador_rumo/cmd_vel,0.5000,0.0000,,,
1790703984.871,/hoverboard_base_controller/cmd_vel,0.3031,0.0237,,,
1790703984.871,/cmd_vel_bruto,0.5000,0.5445,,,
1790703984.883,odom,0.3007,0.0328,6.121,2.446,
1790703984.918,odom,0.3008,0.0320,6.127,2.446,
1790703984.924,/auto_vel_raw,0.5000,0.0000,,,
1790703984.936,odom,0.3025,0.0231,6.133,2.446,
1790703984.939,/auto_vel,0.5000,0.0000,,,
1790703984.946,/compensador_rumo/cmd_vel,0.5000,0.0000,,,
1790703984.946,/hoverboard_base_controller/cmd_vel,0.3033,0.0224,,,
1790703984.947,/cmd_vel_bruto,0.5000,0.5412,,,
1790703984.958,odom,0.3027,0.0222,6.139,2.445,
1790703984.973,/auto_vel_raw,0.5000,0.0000,,,
1790703984.982,odom,0.3028,0.0214,6.145,2.445,
1790703984.985,/auto_vel,0.5000,0.0000,,,
1790703984.988,/compensador_rumo/cmd_vel,0.5000,0.0000,,,
1790703984.989,/cmd_vel_bruto,0.5000,0.5457,,,
1790703984.992,/hoverboard_base_controller/cmd_vel,0.3037,0.0201,,,
1790703985.004,odom,0.3030,0.0205,6.151,2.444,
1790703985.033,odom,0.3031,0.0199,6.157,2.444,
1790703985.046,/auto_vel_raw,0.5000,0.0000,,,
1790703985.061,odom,0.3033,0.0192,6.163,2.443,
1790703985.070,/auto_vel,0.5000,0.0000,,,
1790703985.070,/compensador_rumo/cmd_vel,0.5000,0.0000,,,
1790703985.072,/cmd_vel_bruto,0.5000,0.5482,,,
1790703985.073,/hoverboard_base_controller/cmd_vel,0.3036,0.0205,,,
1790703985.086,odom,0.3034,0.0183,6.169,2.443,
1790703985.099,/auto_vel_raw,0.5000,0.0000,,,
1790703985.107,odom,0.3036,0.0174,6.175,2.443,
1790703985.111,/auto_vel,0.5000,0.0000,,,
1790703985.113,/compensador_rumo/cmd_vel,0.5000,0.0000,,,
1790703985.116,/hoverboard_base_controller/cmd_vel,0.3048,0.0134,,,
1790703985.118,/cmd_vel_bruto,0.5000,0.5493,,,
1790703985.137,odom,0.3037,0.0169,6.181,2.442,
1790703985.163,/auto_vel_raw,0.5000,0.0000,,,
1790703985.164,odom,0.3037,0.0169,6.187,2.442,
1790703985.170,/auto_vel,0.5000,0.0000,,,
1790703985.174,/compensador_rumo/cmd_vel,0.5000,0.0000,,,
1790703985.174,/hoverboard_base_controller/cmd_vel,0.3038,0.0196,,,
1790703985.174,/cmd_vel_bruto,0.5000,0.5531,,,
1790703985.187,odom,0.3045,0.0127,6.193,2.441,
1790703985.205,odom,0.3047,0.0118,6.199,2.441,
1790703985.218,/auto_vel_raw,0.5000,0.0000,,,
1790703985.226,odom,0.3048,0.0113,6.205,2.440,
1790703985.229,/auto_vel,0.5000,0.0000,,,
1790703985.234,/compensador_rumo/cmd_vel,0.5000,0.0000,,,
1790703985.234,/hoverboard_base_controller/cmd_vel,0.3035,0.0211,,,
1790703985.234,/cmd_vel_bruto,0.5000,0.5570,,,
1790703985.247,odom,0.3048,0.0113,6.212,2.440,
1790703985.270,/auto_vel_raw,0.5000,0.0000,,,
1790703985.271,odom,0.3048,0.0113,6.218,2.440,
1790703985.293,odom,0.3035,0.0178,6.224,2.439,
1790703985.301,/auto_vel,0.5000,0.0000,,,
1790703985.304,/compensador_rumo/cmd_vel,0.5000,0.0000,,,
1790703985.304,/cmd_vel_bruto,0.5000,0.5549,,,
1790703985.305,/hoverboard_base_controller/cmd_vel,0.3038,0.0191,,,
1790703985.320,odom,0.3035,0.0178,6.230,2.439,
1790703985.340,/auto_vel_raw,0.5000,0.0000,,,
1790703985.352,odom,0.3035,0.0178,6.236,2.438,
1790703985.360,/auto_vel,0.5000,0.0000,,,
1790703985.360,/compensador_rumo/cmd_vel,0.5000,0.0000,,,
1790703985.361,/cmd_vel_bruto,0.5000,0.5373,,,
1790703985.368,/hoverboard_base_controller/cmd_vel,0.3034,0.0219,,,
1790703985.377,odom,0.3035,0.0178,6.242,2.438,
1790703985.401,/auto_vel_raw,0.5000,0.0000,,,
1790703985.402,odom,0.3035,0.0178,6.248,2.438,
1790703985.425,odom,0.3034,0.0185,6.254,2.437,
1790703985.434,/auto_vel,0.5000,0.0000,,,
1790703985.435,/compensador_rumo/cmd_vel,0.5000,0.0000,,,
1790703985.439,/cmd_vel_bruto,0.5000,0.5457,,,
1790703985.443,/hoverboard_base_controller/cmd_vel,0.3031,0.0235,,,
1790703985.448,odom,0.3034,0.0185,6.260,2.437,
1790703985.464,/auto_vel_raw,0.5000,0.0000,,,
1790703985.478,odom,0.3034,0.0185,6.266,2.436,
1790703985.488,/auto_vel,0.5000,0.0000,,,
1790703985.488,/compensador_rumo/cmd_vel,0.5000,0.0000,,,
1790703985.491,/hoverboard_base_controller/cmd_vel,0.3027,0.0265,,,
1790703985.491,/cmd_vel_bruto,0.5000,0.5543,,,
1790703985.498,odom,0.3034,0.0185,6.272,2.436,
1790703985.523,/auto_vel_raw,0.5000,0.0000,,,
1790703985.530,odom,0.3034,0.0185,6.278,2.436,
1790703985.544,/auto_vel,0.5000,0.0000,,,
1790703985.545,/compensador_rumo/cmd_vel,0.5000,0.0000,,,
1790703985.545,/hoverboard_base_controller/cmd_vel,0.0000,0.0000,,,
1790703985.545,/cmd_vel_bruto,0.5000,0.5537,,,
1790703985.573,odom,0.3027,0.0223,6.284,2.435,
1790703985.600,odom,0.3027,0.0223,6.290,2.435,
1790703985.616,/auto_vel_raw,0.5000,0.0000,,,
1790703985.629,/auto_vel,0.5000,0.0000,,,
1790703985.630,/compensador_rumo/cmd_vel,0.5000,0.0000,,,
1790703985.630,/cmd_vel_bruto,0.5000,0.5646,,,
1790703985.631,odom,0.3027,0.0223,6.296,2.434,
1790703985.633,/hoverboard_base_controller/cmd_vel,0.3023,0.0289,,,
1790703985.655,odom,0.3027,0.0223,6.302,2.434,
1790703985.682,/auto_vel_raw,0.5000,0.0000,,,
1790703985.683,odom,0.3027,0.0223,6.308,2.434,
1790703985.727,odom,0.3023,0.0243,6.314,2.433,
1790703985.731,/auto_vel,0.5000,0.0000,,,
1790703985.732,/compensador_rumo/cmd_vel,0.5000,0.0000,,,
1790703985.733,/cmd_vel_bruto,0.5000,0.5555,,,
1790703985.737,/hoverboard_base_controller/cmd_vel,0.3025,0.0276,,,
1790703985.812,odom,0.3023,0.0243,6.320,2.433,
1790703985.833,/auto_vel_raw,0.5000,0.0000,,,
1790703985.854,odom,0.3023,0.0243,6.327,2.432,
1790703985.857,/auto_vel,0.5000,0.0000,,,
1790703985.858,/compensador_rumo/cmd_vel,0.5000,0.0000,,,
1790703985.860,/hoverboard_base_controller/cmd_vel,0.3042,0.0167,,,
1790703985.860,/cmd_vel_bruto,0.5000,0.5496,,,
1790703985.938,odom,0.3023,0.0243,6.333,2.432,
1790703986.028,odom,0.3023,0.0243,6.339,2.432,
1790703986.043,/auto_vel_raw,0.5000,0.0000,,,
1790703986.097,odom,0.3039,0.0161,6.345,2.431,
1790703986.108,/auto_vel,0.5000,0.0000,,,
1790703986.110,/compensador_rumo/cmd_vel,0.5000,0.0000,,,
1790703986.111,/hoverboard_base_controller/cmd_vel,0.3034,0.0219,,,
1790703986.111,/cmd_vel_bruto,0.5000,0.5493,,,
1790703986.144,odom,0.3040,0.0151,6.351,2.431,
1790703986.177,/auto_vel_raw,0.5000,0.0000,,,
1790703986.201,odom,0.3042,0.0142,6.357,2.431,
1790703986.214,/auto_vel,0.5000,0.0000,,,
1790703986.218,/compensador_rumo/cmd_vel,0.5000,0.0000,,,
1790703986.220,/cmd_vel_bruto,0.5000,0.5469,,,
1790703986.228,/hoverboard_base_controller/cmd_vel,0.3025,0.0272,,,
1790703986.245,odom,0.3042,0.0141,6.363,2.430,
1790703986.287,odom,0.3042,0.0141,6.369,2.430,
1790703986.295,/auto_vel_raw,0.5000,0.0000,,,
1790703986.339,odom,0.3025,0.0229,6.375,2.430,
1790703986.351,/auto_vel,0.5000,0.0000,,,
1790703986.351,/compensador_rumo/cmd_vel,0.5000,0.0000,,,
1790703986.351,/cmd_vel_bruto,0.5000,0.5507,,,
1790703986.356,/hoverboard_base_controller/cmd_vel,0.3026,0.0269,,,
1790703986.390,odom,0.3025,0.0229,6.381,2.429,
1790703986.417,/auto_vel_raw,0.5000,0.0000,,,
1790703986.445,odom,0.3025,0.0229,6.387,2.429,
1790703986.456,/auto_vel,0.5000,0.0000,,,
1790703986.456,/compensador_rumo/cmd_vel,0.5000,0.0000,,,
1790703986.458,/hoverboard_base_controller/cmd_vel,0.3015,0.0335,,,
1790703986.459,/cmd_vel_bruto,0.5000,0.5477,,,
1790703986.492,odom,0.3025,0.0229,6.393,2.429,
1790703986.524,/auto_vel_raw,0.5000,0.0000,,,
1790703986.525,odom,0.3025,0.0229,6.399,2.428,
1790703986.555,odom,0.3015,0.0282,6.405,2.428,
1790703986.575,/auto_vel,0.5000,0.0000,,,
1790703986.576,/compensador_rumo/cmd_vel,0.5000,0.0000,,,
1790703986.580,/hoverboard_base_controller/cmd_vel,0.3030,0.0243,,,
1790703986.582,/cmd_vel_bruto,0.5000,0.5532,,,
1790703986.582,odom,0.3015,0.0282,6.411,2.428,
1790703986.590,/auto_vel_raw,0.5000,0.0000,,,
1790703986.602,odom,0.3015,0.0282,6.417,2.427,
1790703986.607,/auto_vel,0.5000,0.0000,,,
1790703986.607,/compensador_rumo/cmd_vel,0.5000,0.0000,,,
1790703986.625,/hoverboard_base_controller/cmd_vel,0.0000,0.0000,,,
1790703986.625,/cmd_vel_bruto,0.5000,0.5460,,,
1790703986.626,odom,0.3015,0.0282,6.423,2.427,
1790703986.647,/auto_vel_raw,0.5000,0.0000,,,
1790703986.648,odom,0.3015,0.0282,6.429,2.427,
1790703986.682,odom,0.2215,0.0000,6.434,2.426,
1790703986.689,/auto_vel,0.5000,0.0000,,,
1790703986.692,/compensador_rumo/cmd_vel,0.5000,0.0000,,,
1790703986.694,/cmd_vel_bruto,0.5000,0.5341,,,
1790703986.697,/hoverboard_base_controller/cmd_vel,0.3030,0.0242,,,
1790703986.704,odom,0.2215,-0.0000,6.438,2.426,
1790703986.721,/auto_vel_raw,0.5000,0.0000,,,
1790703986.734,odom,0.2105,-0.0002,6.442,2.426,
1790703986.745,/auto_vel,0.5000,0.0000,,,
1790703986.747,/compensador_rumo/cmd_vel,0.5000,0.0000,,,
1790703986.748,/hoverboard_base_controller/cmd_vel,0.3033,0.0226,,,
1790703986.748,/cmd_vel_bruto,0.5000,0.5062,,,
1790703986.754,odom,0.2215,0.0000,6.447,2.426,
1790703986.776,odom,0.2215,0.0000,6.451,2.425,
1790703986.777,/auto_vel_raw,0.5000,0.0000,,,
1790703986.814,odom,0.3009,0.0224,6.457,2.425,
1790703986.828,/auto_vel,0.5000,0.0000,,,
1790703986.828,/compensador_rumo/cmd_vel,0.5000,0.0000,,,
1790703986.828,/cmd_vel_bruto,0.5000,0.4698,,,
1790703986.833,/hoverboard_base_controller/cmd_vel,0.3032,0.0232,,,
1790703986.839,odom,0.3011,0.0214,6.463,2.425,
1790703986.858,/auto_vel_raw,0.5000,0.0000,,,
1790703986.861,odom,0.3013,0.0204,6.469,2.424,
1790703986.873,/auto_vel,0.5000,0.0000,,,
1790703986.873,/compensador_rumo/cmd_vel,0.5000,0.0000,,,
1790703986.876,/hoverboard_base_controller/cmd_vel,0.0000,0.0000,,,
1790703986.876,/cmd_vel_bruto,0.5000,0.4636,,,
1790703986.884,odom,0.3015,0.0194,6.475,2.424,
1790703986.909,odom,0.3015,0.0191,6.481,2.424,
1790703986.917,/auto_vel_raw,0.5000,0.0000,,,
1790703986.931,odom,0.2215,-0.0000,6.485,2.424,
1790703986.937,/auto_vel,0.5000,0.0000,,,
1790703986.938,/compensador_rumo/cmd_vel,0.5000,0.0000,,,
1790703986.940,/hoverboard_base_controller/cmd_vel,0.3027,0.0265,,,
1790703986.940,/cmd_vel_bruto,0.5000,0.4719,,,
1790703986.970,odom,0.2215,-0.0000,6.490,2.423,
1790703986.989,/auto_vel_raw,0.5000,0.0000,,,
1790703987.031,odom,0.2215,0.0000,6.499,2.423,
1790703987.062,odom,0.2215,0.0000,6.503,2.423,
1790703987.067,/auto_vel_raw,0.5000,0.0000,,,
1790703987.075,odom,0.2840,0.0261,6.508,2.422,
1790703987.102,/auto_vel,0.5000,0.0000,,,
1790703987.102,/compensador_rumo/cmd_vel,0.5000,0.0000,,,
1790703987.106,/hoverboard_base_controller/cmd_vel,0.3045,0.0147,,,
1790703987.108,/cmd_vel_bruto,0.5000,0.4652,,,
1790703987.114,odom,0.2842,0.0251,6.514,2.422,
1790703987.122,/auto_vel_raw,0.5000,0.0000,,,
1790703987.123,/auto_vel,0.5000,0.0000,,,
1790703987.123,/compensador_rumo/cmd_vel,0.5000,0.0000,,,
1790703987.123,/hoverboard_base_controller/cmd_vel,0.3073,-0.0028,,,
1790703987.123,/cmd_vel_bruto,0.5000,0.4652,,,
1790703987.143,odom,0.2844,0.0241,6.520,2.422,
1790703987.164,/auto_vel,0.5000,0.0000,,,
1790703987.164,/compensador_rumo/cmd_vel,0.5000,0.0000,,,
1790703987.167,/hoverboard_base_controller/cmd_vel,0.0000,0.0000,,,
1790703987.167,/cmd_vel_bruto,0.5000,0.4644,,,
1790703987.192,odom,0.2846,0.0231,6.525,2.421,
1790703987.293,odom,0.2847,0.0223,6.531,2.421,
1790703987.316,/auto_vel_raw,0.5000,0.0000,,,
1790703987.343,odom,0.1871,-0.0000,6.535,2.421,
1790703987.350,/compensador_rumo/cmd_vel,0.5000,0.0000,,,
1790703987.357,/auto_vel,0.5000,0.0000,,,
1790703987.358,/hoverboard_base_controller/cmd_vel,0.3111,-0.0260,,,
1790703987.358,/cmd_vel_bruto,0.5000,0.4523,,,
1790703987.393,odom,0.1871,-0.0000,6.539,2.421,
1790703987.426,/auto_vel_raw,0.5000,0.0000,,,
1790703987.439,odom,0.1871,-0.0000,6.542,2.421,
1790703987.448,/auto_vel,0.5000,0.0000,,,
1790703987.448,/compensador_rumo/cmd_vel,0.5000,0.0000,,,
1790703987.463,/cmd_vel_bruto,0.5000,0.4381,,,
1790703987.470,odom,0.1713,0.0000,6.546,2.420,
1790703987.472,/hoverboard_base_controller/cmd_vel,0.3117,-0.0300,,,
1790703987.524,odom,0.1871,0.0000,6.550,2.420,
1790703987.535,/auto_vel_raw,0.5000,0.0000,,,
1790703987.594,odom,0.2663,-0.0295,6.555,2.420,
1790703987.630,/auto_vel_raw,0.5000,0.0000,,,
1790703987.630,/auto_vel,0.5000,0.0000,,,
1790703987.630,/compensador_rumo/cmd_vel,0.5000,0.0000,,,
1790703987.630,/hoverboard_base_controller/cmd_vel,0.3108,-0.0247,,,
1790703987.630,/cmd_vel_bruto,0.5000,0.4031,,,
1790703987.631,odom,0.2666,-0.0282,6.560,2.420,
1790703987.636,odom,0.2668,-0.0268,6.565,2.419,
1790703987.638,odom,0.2671,-0.0255,6.571,2.419,
1790703987.675,/auto_vel,0.5000,0.0000,,,
1790703987.681,/compensador_rumo/cmd_vel,0.5000,0.0000,,,
1790703987.682,/cmd_vel_bruto,0.5000,0.3982,,,
1790703987.685,odom,0.2671,-0.0253,6.576,2.419,
1790703987.718,/auto_vel_raw,0.5000,0.0000,,,
1790703987.721,/hoverboard_base_controller/cmd_vel,0.0000,0.0000,,,
1790703987.749,odom,0.3102,-0.0240,6.582,2.419,
1790703987.757,/auto_vel,0.5000,0.0000,,,
1790703987.761,/compensador_rumo/cmd_vel,0.5000,0.0000,,,
1790703987.770,/hoverboard_base_controller/cmd_vel,0.3115,-0.0290,,,
1790703987.770,/cmd_vel_bruto,0.5000,0.4295,,,
1790703987.797,odom,0.3105,-0.0226,6.588,2.418,
1790703987.828,/auto_vel_raw,0.5000,0.0000,,,
1790703987.852,odom,0.3108,-0.0212,6.594,2.418,
1790703987.868,/auto_vel,0.5000,0.0000,,,
1790703987.869,/compensador_rumo/cmd_vel,0.5000,0.0000,,,
1790703987.869,/hoverboard_base_controller/cmd_vel,0.3116,-0.0295,,,
1790703987.869,/cmd_vel_bruto,0.5000,0.4770,,,
1790703987.897,odom,0.3108,-0.0208,6.601,2.418,
1790703987.934,odom,0.3108,-0.0208,6.607,2.417,
1790703987.947,/auto_vel_raw,0.5000,0.0000,,,
1790703987.988,odom,0.3115,-0.0244,6.613,2.417,
1790703988.003,/auto_vel,0.5000,0.0000,,,
1790703988.004,/compensador_rumo/cmd_vel,0.5000,0.0000,,,
1790703988.006,odom,0.3115,-0.0244,6.619,2.417,
1790703988.017,/cmd_vel_bruto,0.5000,0.5395,,,
1790703988.030,/auto_vel_raw,0.5000,0.0000,,,
1790703988.031,/hoverboard_base_controller/cmd_vel,0.3144,-0.0467,,,
1790703988.031,odom,0.3115,-0.0244,6.625,2.416,
1790703988.055,odom,0.3115,-0.0244,6.632,2.416,
1790703988.073,/auto_vel,0.5000,0.0000,,,
1790703988.074,/compensador_rumo/cmd_vel,0.5000,0.0000,,,
1790703988.085,/hoverboard_base_controller/cmd_vel,0.0000,0.0000,,,
1790703988.085,/cmd_vel_bruto,0.5000,0.5666,,,
1790703988.086,odom,0.3115,-0.0244,6.638,2.416,
1790703988.093,/auto_vel_raw,0.5000,0.0000,,,
1790703988.148,odom,0.3141,-0.0409,6.644,2.415,
1790703988.155,/auto_vel,0.5000,0.0000,,,
1790703988.155,/compensador_rumo/cmd_vel,0.5000,0.0000,,,
1790703988.156,/cmd_vel_bruto,0.5000,0.5534,,,
1790703988.173,/hoverboard_base_controller/cmd_vel,0.3181,-0.0699,,,
1790703988.174,odom,0.3143,-0.0395,6.650,2.415,
1790703988.184,/auto_vel_raw,0.5000,0.0000,,,
1790703988.208,odom,0.3144,-0.0393,6.657,2.415,
1790703988.221,/auto_vel,0.5000,0.0000,,,
1790703988.224,/compensador_rumo/cmd_vel,0.5000,0.0000,,,
1790703988.228,/hoverboard_base_controller/cmd_vel,0.3186,-0.0732,,,
1790703988.229,/cmd_vel_bruto,0.5000,0.5735,,,
1790703988.238,odom,0.3144,-0.0393,6.663,2.414,
1790703988.276,odom,0.3144,-0.0393,6.669,2.414,
1790703988.281,/auto_vel_raw,0.4802,0.4117,,,
1790703988.344,odom,0.3181,-0.0645,6.676,2.413,
1790703988.351,/auto_vel,0.4802,0.4117,,,
1790703988.355,/compensador_rumo/cmd_vel,0.4802,0.4117,,,
1790703988.355,/cmd_vel_bruto,0.4802,1.4661,,,
1790703988.362,/hoverboard_base_controller/cmd_vel,0.3153,-0.0523,,,
1790703988.404,odom,0.3183,-0.0633,6.682,2.413,
1790703988.439,/auto_vel_raw,0.4786,0.4198,,,
1790703988.439,odom,0.3185,-0.0620,6.688,2.413,
1790703988.458,/auto_vel,0.4786,0.4198,,,
1790703988.458,/compensador_rumo/cmd_vel,0.4786,0.4198,,,
1790703988.465,/cmd_vel_bruto,0.4786,1.4960,,,
1790703988.469,/hoverboard_base_controller/cmd_vel,0.3103,-0.0214,,,
1790703988.470,odom,0.3186,-0.0616,6.695,2.412,
1790703988.500,/auto_vel_raw,0.4792,0.4166,,,
1790703988.501,odom,0.3186,-0.0616,6.701,2.412,
1790703988.512,/auto_vel,0.4792,0.4166,,,
1790703988.513,/compensador_rumo/cmd_vel,0.4792,0.4166,,,
1790703988.515,/cmd_vel_bruto,0.4792,1.5135,,,
1790703988.519,/hoverboard_base_controller/cmd_vel,0.0000,0.0000,,,
1790703988.554,odom,0.3098,-0.0208,6.707,2.411,
1790703988.595,odom,0.3101,-0.0193,6.713,2.411,
1790703988.626,/auto_vel_raw,0.4777,0.4242,,,
1790703988.638,odom,0.3103,-0.0181,6.720,2.410,
1790703988.666,odom,0.3103,-0.0180,6.726,2.410,
1790703988.679,/auto_vel,0.4777,0.4242,,,
1790703988.679,/compensador_rumo/cmd_vel,0.4777,0.4242,,,
1790703988.679,/hoverboard_base_controller/cmd_vel,0.3013,0.0348,,,
1790703988.679,/cmd_vel_bruto,0.4777,1.5141,,,
1790703988.687,odom,0.3103,-0.0180,6.732,2.410,
1790703988.697,/auto_vel_raw,0.4754,0.4347,,,
1790703988.772,odom,0.3004,0.0343,6.738,2.409,
1790703988.784,/auto_vel,0.4754,0.4347,,,
1790703988.801,/compensador_rumo/cmd_vel,0.4754,0.4347,,,
1790703988.815,/cmd_vel_bruto,0.4754,1.5480,,,
1790703988.816,/hoverboard_base_controller/cmd_vel,0.3026,0.0266,,,
1790703988.817,odom,0.3005,0.0335,6.744,2.409,
1790703988.827,/auto_vel_raw,0.4763,0.4305,,,
1790703988.834,odom,0.3007,0.0327,6.750,2.408,
1790703988.848,/auto_vel,0.4763,0.4305,,,
1790703988.848,/compensador_rumo/cmd_vel,0.4763,0.4305,,,
1790703988.862,/cmd_vel_bruto,0.4763,1.5007,,,
1790703988.880,/hoverboard_base_controller/cmd_vel,0.3007,0.0390,,,
1790703988.880,odom,0.3008,0.0319,6.756,2.408,
1790703988.917,odom,0.3010,0.0311,6.762,2.408,
1790703988.958,/auto_vel_raw,0.4751,0.4352,,,
1790703988.973,odom,0.3007,0.0328,6.768,2.407,
1790703988.988,/auto_vel,0.4751,0.4352,,,
1790703988.989,/compensador_rumo/cmd_vel,0.4751,0.4352,,,
1790703988.989,/cmd_vel_bruto,0.4751,1.5190,,,
1790703989.002,/hoverboard_base_controller/cmd_vel,0.2268,0.5008,,,
1790703989.013,odom,0.3007,0.0328,6.774,2.407,
1790703989.043,/auto_vel_raw,0.4736,0.4407,,,
1790703989.071,odom,0.3007,0.0328,6.780,2.406,
1790703989.076,/auto_vel,0.4736,0.4407,,,
1790703989.086,/compensador_rumo/cmd_vel,0.4736,0.4407,,,
1790703989.086,/hoverboard_base_controller/cmd_vel,0.2246,0.5147,,,
1790703989.093,/cmd_vel_bruto,0.4736,1.5428,,,
1790703989.123,odom,0.3007,0.0328,6.786,2.406,
1790703989.145,/auto_vel_raw,0.4724,0.4449,,,
1790703989.146,odom,0.3007,0.0328,6.792,2.406,
1790703989.182,odom,0.2295,0.1905,6.797,2.405,
1790703989.189,/auto_vel,0.4724,0.4449,,,
1790703989.189,/compensador_rumo/cmd_vel,0.4724,0.4449,,,
1790703989.205,/cmd_vel_bruto,0.4724,1.5393,,,
1790703989.209,/hoverboard_base_controller/cmd_vel,0.2236,0.5208,,,
1790703989.224,odom,0.2293,0.1920,6.801,2.405,
1790703989.243,/auto_vel_raw,0.4726,0.4395,,,
1790703989.257,odom,0.2138,0.1829,6.806,2.405,
1790703989.262,/auto_vel,0.4726,0.4395,,,
1790703989.266,/compensador_rumo/cmd_vel,0.4726,0.4395,,,
1790703989.275,/hoverboard_base_controller/cmd_vel,0.2232,0.5229,,,
1790703989.286,/cmd_vel_bruto,0.4726,1.4676,,,
1790703989.287,odom,0.2191,0.1853,6.810,2.405,
1790703989.321,odom,0.2192,0.1849,6.814,2.404,
1790703989.330,/auto_vel_raw,0.4700,0.4448,,,
1790703989.404,/auto_vel,0.4700,0.4448,,,
1790703989.405,odom,0.2232,0.2842,6.819,2.404,
1790703989.419,/compensador_rumo/cmd_vel,0.4700,0.4448,,,
1790703989.420,/hoverboard_base_controller/cmd_vel,0.2207,0.5390,,,
1790703989.420,/cmd_vel_bruto,0.4700,1.4441,,,
1790703989.488,odom,0.2232,0.2842,6.823,2.404,
1790703989.530,/auto_vel_raw,0.4706,0.4371,,,
1790703989.559,odom,0.2232,0.2842,6.828,2.404,
1790703989.566,/auto_vel,0.4706,0.4371,,,
1790703989.567,/compensador_rumo/cmd_vel,0.4706,0.4371,,,
1790703989.568,/hoverboard_base_controller/cmd_vel,0.2238,0.5193,,,
1790703989.568,/cmd_vel_bruto,0.4706,1.4078,,,
1790703989.603,odom,0.2232,0.2842,6.832,2.404,
1790703989.634,/auto_vel_raw,0.4696,0.4367,,,
1790703989.636,odom,0.2232,0.2842,6.837,2.404,
1790703989.646,/auto_vel,0.4696,0.4367,,,
1790703989.650,/compensador_rumo/cmd_vel,0.4696,0.4367,,,
1790703989.657,/cmd_vel_bruto,0.4696,1.3748,,,
1790703989.663,/hoverboard_base_controller/cmd_vel,0.2224,0.5281,,,
1790703989.678,odom,0.2238,0.4105,6.841,2.404,
1790703989.726,odom,0.2238,0.4105,6.846,2.404,
1790703989.743,/auto_vel_raw,0.4719,0.4193,,,
1790703989.764,odom,0.2238,0.4105,6.850,2.404,
1790703989.777,/auto_vel,0.4719,0.4193,,,
1790703989.781,/compensador_rumo/cmd_vel,0.4719,0.4193,,,
1790703989.791,/hoverboard_base_controller/cmd_vel,0.2206,0.5393,,,
1790703989.791,/cmd_vel_bruto,0.4719,1.3461,,,
1790703989.793,odom,0.2238,0.4105,6.855,2.404,
1790703989.810,/auto_vel_raw,0.4726,0.4120,,,
1790703989.810,odom,0.2238,0.4105,6.859,2.404,
1790703989.820,/auto_vel,0.4726,0.4120,,,
1790703989.822,/compensador_rumo/cmd_vel,0.4726,0.4120,,,
1790703989.832,/cmd_vel_bruto,0.4726,1.3232,,,
1790703989.833,/hoverboard_base_controller/cmd_vel,0.2206,0.5394,,,
1790703989.844,odom,0.2206,0.4541,6.863,2.404,
1790703989.862,odom,0.2206,0.4541,6.868,2.404,
1790703989.870,/auto_vel_raw,0.4746,0.3970,,,
1790703989.883,/auto_vel,0.4746,0.3970,,,
1790703989.883,/compensador_rumo/cmd_vel,0.4746,0.3970,,,
1790703989.883,odom,0.2206,0.4541,6.872,2.404,
1790703989.889,/cmd_vel_bruto,0.4746,1.2933,,,
1790703989.895,/hoverboard_base_controller/cmd_vel,0.2252,0.5107,,,
1790703989.904,odom,0.2206,0.4541,6.877,2.405,
1790703989.928,/auto_vel_raw,0.4770,0.3830,,,
1790703989.928,odom,0.2206,0.4541,6.881,2.405,
1790703989.957,odom,0.2215,0.4496,6.885,2.405,
1790703989.964,/auto_vel,0.4770,0.3830,,,
1790703989.971,/compensador_rumo/cmd_vel,0.4770,0.3830,,,
1790703989.971,/hoverboard_base_controller/cmd_vel,0.2262,0.5045,,,
1790703989.971,/cmd_vel_bruto,0.4770,1.2560,,,
1790703989.979,/auto_vel_raw,0.4792,0.3695,,,
1790703989.979,odom,0.2226,0.4438,6.890,2.406,
1790703989.996,/auto_vel,0.4792,0.3695,,,
1790703989.996,/compensador_rumo/cmd_vel,0.4792,0.3695,,,
1790703989.997,odom,0.2237,0.4380,6.894,2.406,
1790703989.998,/hoverboard_base_controller/cmd_vel,0.2287,0.4888,,,
1790703989.999,/cmd_vel_bruto,0.4792,1.2210,,,
1790703990.014,odom,0.2248,0.4322,6.899,2.407,
1790703990.039,odom,0.2252,0.4301,6.903,2.407,
1790703990.042,/auto_vel_raw,0.4815,0.3518,,,
1790703990.067,odom,0.2261,0.4254,6.908,2.408,
1790703990.090,/auto_vel,0.4815,0.3518,,,
1790703990.091,/compensador_rumo/cmd_vel,0.4815,0.3518,,,
1790703990.093,/hoverboard_base_controller/cmd_vel,0.2307,0.4763,,,
1790703990.093,/cmd_vel_bruto,0.4815,1.1906,,,
1790703990.102,/auto_vel_raw,0.4835,0.3432,,,
1790703990.104,odom,0.2272,0.4195,6.912,2.408,
1790703990.128,/auto_vel,0.4835,0.3432,,,
1790703990.129,/compensador_rumo/cmd_vel,0.4835,0.3432,,,
1790703990.131,odom,0.2283,0.4136,6.917,2.409,
1790703990.140,/hoverboard_base_controller/cmd_vel,0.2331,0.4613,,,
1790703990.142,/cmd_vel_bruto,0.4835,1.1720,,,
1790703990.175,odom,0.2287,0.4116,6.921,2.409,
1790703990.211,odom,0.2287,0.4116,6.926,2.410,
1790703990.218,/auto_vel_raw,0.4857,0.3250,,,
1790703990.275,odom,0.2296,0.4069,6.930,2.411,
1790703990.288,/auto_vel,0.4857,0.3250,,,
1790703990.291,/compensador_rumo/cmd_vel,0.4857,0.3250,,,
1790703990.291,/cmd_vel_bruto,0.4857,1.1408,,,
1790703990.303,odom,0.2307,0.4010,6.935,2.412,
1790703990.305,/auto_vel_raw,0.4874,0.3159,,,
1790703990.305,/hoverboard_base_controller/cmd_vel,0.2348,0.4507,,,
1790703990.322,odom,0.2318,0.3951,6.939,2.412,
1790703990.331,/auto_vel,0.4874,0.3159,,,
1790703990.332,/compensador_rumo/cmd_vel,0.4874,0.3159,,,
1790703990.332,/cmd_vel_bruto,0.4874,1.1178,,,
1790703990.337,/hoverboard_base_controller/cmd_vel,0.2373,0.4353,,,
1790703990.357,odom,0.2330,0.3892,6.944,2.413,
1790703990.401,/auto_vel_raw,0.4884,0.3041,,,
1790703990.406,odom,0.2331,0.3884,6.949,2.414,
1790703990.427,/auto_vel,0.4884,0.3041,,,
1790703990.428,/compensador_rumo/cmd_vel,0.4884,0.3041,,,
1790703990.435,/hoverboard_base_controller/cmd_vel,0.2403,0.4160,,,
1790703990.435,/cmd_vel_bruto,0.4884,1.0954,,,
1790703990.471,odom,0.2340,0.3837,6.953,2.415,
1790703990.509,odom,0.2351,0.3777,6.958,2.416,
1790703990.529,/auto_vel_raw,0.4906,0.2841,,,
1790703990.536,odom,0.2363,0.3716,6.962,2.417,
1790703990.546,/auto_vel,0.4906,0.2841,,,
1790703990.548,/compensador_rumo/cmd_vel,0.4906,0.2841,,,
1790703990.554,/cmd_vel_bruto,0.4906,1.0460,,,
1790703990.556,/hoverboard_base_controller/cmd_vel,0.2432,0.3979,,,
1790703990.565,odom,0.2372,0.3666,6.967,2.418,
1790703990.587,odom,0.2373,0.3666,6.972,2.419,
1790703990.609,/auto_vel_raw,0.4927,0.2652,,,
1790703990.628,odom,0.2382,0.3617,6.976,2.420,
1790703990.647,/auto_vel,0.4927,0.2652,,,
1790703990.647,/compensador_rumo/cmd_vel,0.4927,0.2652,,,
1790703990.647,odom,0.2393,0.3556,6.981,2.422,
1790703990.662,/hoverboard_base_controller/cmd_vel,0.2476,0.3708,,,
1790703990.666,/cmd_vel_bruto,0.4927,1.0490,,,
1790703990.673,/auto_vel_raw,0.4936,0.2538,,,
1790703990.693,odom,0.2405,0.3494,6.986,2.423,
1790703990.699,/auto_vel,0.4936,0.2538,,,
1790703990.701,/compensador_rumo/cmd_vel,0.4936,0.2538,,,
1790703990.702,/cmd_vel_bruto,0.4936,0.9927,,,
1790703990.712,/hoverboard_base_controller/cmd_vel,0.0000,0.0000,,,
1790703990.768,odom,0.2417,0.3432,6.990,2.424,
1790703990.854,odom,0.2429,0.3370,6.995,2.425,
1790703990.862,/auto_vel_raw,0.4937,0.2498,,,
1790703990.863,/auto_vel,0.0000,0.0000,,,
1790703990.863,collision_state,,,,,STOP:invalid source
1790703990.865,/compensador_rumo/cmd_vel,0.0000,0.0000,,,
1790703990.865,/cmd_vel_bruto,0.0000,0.0000,,,
1790703990.871,/hoverboard_base_controller/cmd_vel,0.2503,0.3540,,,
1790703990.908,odom,0.1685,0.2556,6.998,2.426,
1790703990.958,odom,0.1697,0.2464,7.001,2.427,
1790703990.987,/auto_vel_raw,0.4950,0.2314,,,
1790703990.992,/auto_vel,0.0000,0.0000,,,
1790703990.996,/compensador_rumo/cmd_vel,0.0000,0.0000,,,
1790703990.999,/cmd_vel_bruto,0.0000,0.0000,,,
1790703991.008,odom,0.1563,0.2538,7.005,2.428,
1790703991.011,/hoverboard_base_controller/cmd_vel,0.2523,0.3414,,,
1790703991.071,odom,0.1614,0.2951,7.008,2.429,
1790703991.130,odom,0.1614,0.2949,7.011,2.430,
1790703991.141,/auto_vel_raw,0.5000,0.0000,,,
1790703991.141,/auto_vel,0.0000,0.0000,,,
1790703991.141,/compensador_rumo/cmd_vel,0.0000,0.0000,,,
1790703991.156,/hoverboard_base_controller/cmd_vel,0.2541,0.3297,,,
1790703991.157,/cmd_vel_bruto,0.0000,0.0000,,,
1790703991.179,odom,0.2342,0.3376,7.015,2.431,
1790703991.244,odom,0.2354,0.3303,7.019,2.433,
1790703991.266,/auto_vel_raw,0.5000,0.0000,,,
1790703991.267,/auto_vel,0.0000,0.0000,,,
1790703991.267,/compensador_rumo/cmd_vel,0.0000,0.0000,,,
1790703991.273,/cmd_vel_bruto,0.0000,0.0000,,,
1790703991.279,/hoverboard_base_controller/cmd_vel,0.2583,0.3038,,,
1790703991.289,odom,0.2367,0.3230,7.024,2.434,
1790703991.310,odom,0.2379,0.3157,7.028,2.436,
1790703991.377,/auto_vel_raw,0.5000,0.0000,,,
1790703991.379,odom,0.2391,0.3084,7.033,2.437,
1790703991.384,/auto_vel,0.0000,0.0000,,,
1790703991.385,/compensador_rumo/cmd_vel,0.0000,0.0000,,,
1790703991.385,/hoverboard_base_controller/cmd_vel,0.0000,0.0000,,,
1790703991.386,/cmd_vel_bruto,0.0000,0.0000,,,
1790703991.405,odom,0.2500,0.2995,7.038,2.439,
1790703991.543,/auto_vel_raw,0.5000,0.0000,,,
1790703991.544,/auto_vel,0.0000,0.0000,,,
1790703991.544,/compensador_rumo/cmd_vel,0.0000,0.0000,,,
1790703991.565,/hoverboard_base_controller/cmd_vel,0.2630,0.2747,,,
1790703991.566,/cmd_vel_bruto,0.0000,0.0000,,,
1790703991.566,odom,0.2512,0.2930,7.042,2.441,
1790703991.568,odom,0.2525,0.2865,7.047,2.442,
1790703991.586,odom,0.2537,0.2800,7.052,2.444,
1790703991.618,/auto_vel_raw,0.5000,0.0000,,,
1790703991.618,/auto_vel,0.0000,0.0000,,,
1790703991.618,/compensador_rumo/cmd_vel,0.0000,0.0000,,,
1790703991.619,odom,0.2547,0.2745,7.057,2.446,
1790703991.628,/cmd_vel_bruto,0.0000,0.0000,,,
1790703991.634,/hoverboard_base_controller/cmd_vel,0.2630,0.2747,,,
1790703991.660,odom,0.2554,0.2711,7.061,2.448,
1790703991.691,odom,0.2555,0.2705,7.066,2.449,
1790703991.710,/auto_vel_raw,0.5000,0.0000,,,
1790703991.722,odom,0.2556,0.2700,7.071,2.451,
1790703991.743,/auto_vel,0.5000,0.0000,,,
1790703991.744,/compensador_rumo/cmd_vel,0.5000,0.0000,,,
1790703991.744,/cmd_vel_bruto,0.5000,0.4590,,,
1790703991.744,collision_state,,,,,DO_NOTHING:-
1790703991.745,/hoverboard_base_controller/cmd_vel,0.2316,0.2419,,,
1790703991.747,odom,0.2557,0.2695,7.076,2.453,
1790703991.772,odom,0.2558,0.2690,7.080,2.455,
1790703991.782,/auto_vel_raw,0.5000,0.0000,,,
1790703991.814,odom,0.2317,0.2396,7.085,2.457,
1790703991.829,/auto_vel,0.5000,0.0000,,,
1790703991.830,/compensador_rumo/cmd_vel,0.5000,0.0000,,,
1790703991.830,/hoverboard_base_controller/cmd_vel,0.2002,0.2092,,,
1790703991.830,/cmd_vel_bruto,0.5000,0.4367,,,
1790703991.842,odom,0.2267,0.2343,7.089,2.459,
1790703991.862,/auto_vel_raw,0.5000,0.0000,,,
1790703991.867,odom,0.2267,0.2324,7.093,2.460,
1790703991.879,odom,0.2267,0.2305,7.097,2.462,
1790703991.883,/auto_vel,0.5000,0.0000,,,
1790703991.884,/compensador_rumo/cmd_vel,0.5000,0.0000,,,
1790703991.888,/hoverboard_base_controller/cmd_vel,0.1714,0.1791,,,
1790703991.895,/cmd_vel_bruto,0.5000,0.4449,,,
1790703991.914,/auto_vel_raw,0.5000,0.0000,,,
1790703991.915,odom,0.2267,0.2293,7.101,2.464,
1790703991.924,odom,0.1768,0.1791,7.105,2.465,
1790703991.946,/auto_vel,0.5000,0.0000,,,
1790703991.953,/compensador_rumo/cmd_vel,0.5000,0.0000,,,
1790703991.953,/cmd_vel_bruto,0.5000,0.4272,,,
1790703991.969,/hoverboard_base_controller/cmd_vel,0.1466,0.1532,,,
1790703991.970,odom,0.1717,0.1789,7.108,2.467,
1790703991.987,/auto_vel_raw,0.5000,0.0000,,,
1790703991.988,odom,0.1665,0.1767,7.111,2.468,
1790703992.003,/auto_vel,0.5000,0.0000,,,
1790703992.003,/compensador_rumo/cmd_vel,0.5000,0.0000,,,
1790703992.019,/cmd_vel_bruto,0.5000,0.3907,,,
1790703992.024,odom,0.1667,0.1755,7.114,2.469,
1790703992.028,/hoverboard_base_controller/cmd_vel,0.1239,0.1294,,,
1790703992.044,/auto_vel_raw,0.5000,0.0000,,,
1790703992.045,odom,0.1670,0.1743,7.117,2.471,
1790703992.049,/auto_vel,0.5000,0.0000,,,
1790703992.049,/compensador_rumo/cmd_vel,0.5000,0.0000,,,
1790703992.049,/cmd_vel_bruto,0.5000,0.3690,,,
1790703992.060,/hoverboard_base_controller/cmd_vel,0.0000,0.0000,,,
1790703992.095,odom,0.1278,0.1294,7.119,2.472,
1790703992.132,odom,0.1201,0.1287,7.122,2.473,
1790703992.161,/auto_vel_raw,0.5000,0.0000,,,
1790703992.182,odom,0.1205,0.1271,7.124,2.474,
1790703992.193,/auto_vel,0.5000,0.0000,,,
1790703992.197,/compensador_rumo/cmd_vel,0.5000,0.0000,,,
1790703992.197,/hoverboard_base_controller/cmd_vel,0.3122,-0.0330,,,
1790703992.198,/cmd_vel_bruto,0.5000,0.2923,,,
1790703992.223,odom,0.1207,0.1257,7.126,2.475,
1790703992.269,/auto_vel_raw,0.5000,0.0000,,,
1790703992.273,odom,0.1210,0.1243,7.128,2.476,
1790703992.281,/auto_vel,0.5000,0.0000,,,
1790703992.283,/compensador_rumo/cmd_vel,0.5000,0.0000,,,
1790703992.286,/hoverboard_base_controller/cmd_vel,0.3145,-0.0476,,,
1790703992.286,/cmd_vel_bruto,0.5000,0.2699,,,
1790703992.330,odom,0.2048,-0.0233,7.131,2.477,
1790703992.353,odom,0.2049,-0.0233,7.135,2.479,
1790703992.362,/auto_vel_raw,0.5000,0.0000,,,
1790703992.385,/auto_vel,0.5000,0.0000,,,
1790703992.387,odom,0.2050,-0.0231,7.139,2.481,
1790703992.405,/compensador_rumo/cmd_vel,0.5000,0.0000,,,
1790703992.405,/cmd_vel_bruto,0.5000,0.2838,,,
1790703992.406,odom,0.2050,-0.0230,7.143,2.483,
1790703992.433,/auto_vel_raw,0.5000,0.0000,,,
1790703992.433,/hoverboard_base_controller/cmd_vel,0.3137,-0.0422,,,
1790703992.433,odom,0.2051,-0.0228,7.146,2.484,
1790703992.470,/auto_vel,0.5000,0.0000,,,
1790703992.470,/compensador_rumo/cmd_vel,0.5000,0.0000,,,
1790703992.471,odom,0.2836,-0.0422,7.151,2.487,
1790703992.477,/hoverboard_base_controller/cmd_vel,0.3155,-0.0538,,,
1790703992.477,/cmd_vel_bruto,0.5000,0.3237,,,
1790703992.488,odom,0.2837,-0.0422,7.156,2.489,
1790703992.524,/auto_vel_raw,0.5000,0.0000,,,
1790703992.535,odom,0.2838,-0.0422,7.161,2.492,
1790703992.543,/auto_vel,0.5000,0.0000,,,
1790703992.554,/compensador_rumo/cmd_vel,0.5000,0.0000,,,
1790703992.569,/hoverboard_base_controller/cmd_vel,0.3194,-0.0782,,,
1790703992.569,/cmd_vel_bruto,0.5000,0.3905,,,
1790703992.585,odom,0.2839,-0.0422,7.167,2.494,
1790703992.613,/auto_vel_raw,0.5000,0.0000,,,
1790703992.614,odom,0.2839,-0.0422,7.172,2.496,
1790703992.638,odom,0.3175,-0.0777,7.177,2.499,
1790703992.644,/auto_vel,0.5000,0.0000,,,
1790703992.646,/compensador_rumo/cmd_vel,0.5000,0.0000,,,
1790703992.648,/cmd_vel_bruto,0.5000,0.4650,,,
1790703992.649,/hoverboard_base_controller/cmd_vel,0.3218,-0.0930,,,
1790703992.704,odom,0.3176,-0.0781,7.183,2.502,
1790703992.758,/auto_vel_raw,0.5000,0.0000,,,
1790703992.788,odom,0.3178,-0.0782,7.189,2.504,
1790703992.791,/auto_vel,0.5000,0.0000,,,
1790703992.791,/compensador_rumo/cmd_vel,0.5000,0.0000,,,
1790703992.792,/cmd_vel_bruto,0.5000,0.4881,,,
1790703992.799,/hoverboard_base_controller/cmd_vel,0.3303,-0.1465,,,
1790703992.852,odom,0.3179,-0.0782,7.195,2.507,
1790703992.908,/auto_vel_raw,0.5000,0.0000,,,
1790703992.909,odom,0.3179,-0.0782,7.200,2.510,
1790703992.923,odom,0.3267,-0.1447,7.206,2.512,
1790703992.932,/auto_vel,0.5000,0.0000,,,
1790703992.932,/compensador_rumo/cmd_vel,0.5000,0.0000,,,
1790703992.935,/hoverboard_base_controller/cmd_vel,0.3329,-0.1626,,,
1790703992.935,/cmd_vel_bruto,0.5000,0.5575,,,
1790703992.949,odom,0.3269,-0.1456,7.212,2.515,
1790703992.964,/auto_vel_raw,0.5000,0.0000,,,
1790703992.978,odom,0.3271,-0.1464,7.218,2.518,
1790703992.986,/auto_vel,0.5000,0.0000,,,
1790703992.986,/compensador_rumo/cmd_vel,0.5000,0.0000,,,
1790703992.996,/cmd_vel_bruto,0.5000,0.5747,,,
1790703992.998,/hoverboard_base_controller/cmd_vel,0.3313,-0.1526,,,
1790703993.005,odom,0.3274,-0.1465,7.224,2.520,
1790703993.027,odom,0.3273,-0.1465,7.230,2.523,
1790703993.030,/auto_vel_raw,0.5000,0.0000,,,
1790703993.048,odom,0.3282,-0.1526,7.236,2.526,
1790703993.057,/auto_vel,0.5000,0.0000,,,
1790703993.058,/compensador_rumo/cmd_vel,0.5000,0.0000,,,
1790703993.065,/hoverboard_base_controller/cmd_vel,0.3268,-0.1243,,,
1790703993.066,/cmd_vel_bruto,0.5000,0.5916,,,
1790703993.091,odom,0.3282,-0.1526,7.242,2.528,
1790703993.111,/auto_vel_raw,0.5000,0.0000,,,
1790703993.128,odom,0.3281,-0.1526,7.248,2.531,
1790703993.141,/auto_vel,0.5000,0.0000,,,
1790703993.142,/compensador_rumo/cmd_vel,0.5000,0.0000,,,
1790703993.143,/cmd_vel_bruto,0.5000,0.5940,,,
1790703993.144,/hoverboard_base_controller/cmd_vel,0.3194,-0.0783,,,
1790703993.152,/auto_vel_raw,0.5000,0.0000,,,
1790703993.154,/auto_vel,0.5000,0.0000,,,
1790703993.157,odom,0.3281,-0.1526,7.254,2.534,
1790703993.160,/compensador_rumo/cmd_vel,0.5000,0.0000,,,
1790703993.160,/hoverboard_base_controller/cmd_vel,0.3116,-0.0292,,,
1790703993.161,/cmd_vel_bruto,0.5000,0.6050,,,
1790703993.161,odom,0.3281,-0.1526,7.260,2.536,
1790703993.163,odom,0.3262,-0.1461,7.266,2.539,
1790703993.165,odom,0.3256,-0.1399,7.272,2.541,
1790703993.176,/auto_vel_raw,0.5000,0.0000,,,
1790703993.195,odom,0.3250,-0.1338,7.278,2.544,
1790703993.198,/auto_vel,0.5000,0.0000,,,
1790703993.198,/compensador_rumo/cmd_vel,0.5000,0.0000,,,
1790703993.200,/hoverboard_base_controller/cmd_vel,0.3092,-0.0143,,,
1790703993.201,/cmd_vel_bruto,0.5000,0.6042,,,
1790703993.236,odom,0.3244,-0.1277,7.284,2.546,
1790703993.276,odom,0.3241,-0.1243,7.290,2.549,
1790703993.287,/auto_vel_raw,0.5000,0.0000,,,
1790703993.331,odom,0.3088,-0.0142,7.296,2.551,
1790703993.341,/auto_vel,0.5000,0.0000,,,
1790703993.342,/compensador_rumo/cmd_vel,0.5000,0.0000,,,
1790703993.344,/hoverboard_base_controller/cmd_vel,0.3022,0.0292,,,
1790703993.344,/cmd_vel_bruto,0.5000,0.5897,,,
1790703993.376,odom,0.3089,-0.0138,7.302,2.553,
1790703993.393,/auto_vel_raw,0.5000,0.0000,,,
1790703993.418,/auto_vel,0.5000,0.0000,,,
1790703993.418,/compensador_rumo/cmd_vel,0.5000,0.0000,,,
1790703993.418,/cmd_vel_bruto,0.5000,0.6498,,,
1790703993.418,odom,0.3090,-0.0134,7.308,2.556,
1790703993.429,/hoverboard_base_controller/cmd_vel,0.3005,0.0397,,,
1790703993.506,/auto_vel_raw,0.5000,0.0000,,,
1790703993.506,/auto_vel,0.5000,0.0000,,,
1790703993.506,/compensador_rumo/cmd_vel,0.5000,0.0000,,,
1790703993.507,/hoverboard_base_controller/cmd_vel,0.2989,0.0500,,,
1790703993.507,/cmd_vel_bruto,0.5000,0.5739,,,
1790703993.507,odom,0.3090,-0.0131,7.313,2.558,
1790703993.509,odom,0.3091,-0.0129,7.319,2.560,
1790703993.511,odom,0.2996,0.0383,7.325,2.562,
1790703993.527,odom,0.2999,0.0369,7.330,2.565,
1790703993.537,/auto_vel_raw,0.5000,0.0000,,,
1790703993.555,odom,0.3001,0.0355,7.336,2.567,
1790703993.561,/auto_vel,0.5000,0.0000,,,
1790703993.562,/compensador_rumo/cmd_vel,0.5000,0.0000,,,
1790703993.566,/cmd_vel_bruto,0.5000,0.5525,,,
1790703993.572,/hoverboard_base_controller/cmd_vel,0.2987,0.0514,,,
1790703993.583,odom,0.3004,0.0342,7.341,2.569,
1790703993.624,/auto_vel_raw,0.5000,0.0000,,,
1790703993.629,odom,0.3005,0.0334,7.347,2.571,
1790703993.643,odom,0.2987,0.0433,7.352,2.574,
1790703993.646,/auto_vel,0.5000,0.0000,,,
1790703993.647,/compensador_rumo/cmd_vel,0.5000,0.0000,,,
1790703993.650,/hoverboard_base_controller/cmd_vel,0.2976,0.0580,,,
1790703993.651,/cmd_vel_bruto,0.5000,0.5500,,,
1790703993.670,odom,0.2987,0.0433,7.358,2.576,
1790703993.685,/auto_vel_raw,0.5000,0.0000,,,
1790703993.699,odom,0.2987,0.0433,7.364,2.578,
1790703993.707,/auto_vel,0.5000,0.0000,,,
1790703993.707,/compensador_rumo/cmd_vel,0.5000,0.0000,,,
1790703993.714,/cmd_vel_bruto,0.5000,0.5459,,,
1790703993.720,/hoverboard_base_controller/cmd_vel,0.2977,0.0575,,,
1790703993.740,odom,0.2987,0.0433,7.369,2.580,
1790703993.759,odom,0.2987,0.0433,7.375,2.583,
1790703993.764,/auto_vel_raw,0.5000,0.0000,,,
1790703993.788,odom,0.2977,0.0484,7.380,2.585,
1790703993.795,/auto_vel,0.5000,0.0000,,,
1790703993.796,/compensador_rumo/cmd_vel,0.5000,0.0000,,,
1790703993.801,/cmd_vel_bruto,0.5000,0.5371,,,
1790703993.807,/hoverboard_base_controller/cmd_vel,0.2991,0.0488,,,
1790703993.819,odom,0.2977,0.0484,7.386,2.587,
1790703993.831,/auto_vel_raw,0.5000,0.0000,,,
1790703993.839,odom,0.2977,0.0484,7.391,2.589,
1790703993.846,/auto_vel,0.5000,0.0000,,,
1790703993.850,/compensador_rumo/cmd_vel,0.5000,0.0000,,,
1790703993.851,odom,0.2977,0.0484,7.397,2.592,
1790703993.855,/cmd_vel_bruto,0.5000,0.5108,,,
1790703993.858,/hoverboard_base_controller/cmd_vel,0.3006,0.0392,,,
1790703993.899,/auto_vel_raw,0.5000,0.0000,,,
1790703993.899,odom,0.2977,0.0484,7.402,2.594,
1790703993.907,/auto_vel,0.5000,0.0000,,,
1790703993.908,/compensador_rumo/cmd_vel,0.5000,0.0000,,,
1790703993.911,/hoverboard_base_controller/cmd_vel,0.0000,0.0000,,,
1790703993.912,/cmd_vel_bruto,0.5000,0.5413,,,
1790703993.924,odom,0.2996,0.0383,7.408,2.596,
1790703993.941,odom,0.2999,0.0369,7.413,2.599,
1790703993.956,/auto_vel_raw,0.5000,0.0000,,,
1790703993.961,odom,0.3001,0.0355,7.419,2.601,
1790703993.969,/auto_vel,0.5000,0.0000,,,
1790703993.969,/compensador_rumo/cmd_vel,0.5000,0.0000,,,
1790703993.972,/cmd_vel_bruto,0.5000,0.5331,,,
1790703993.974,/hoverboard_base_controller/cmd_vel,0.3027,0.0261,,,
1790703993.980,odom,0.3004,0.0342,7.424,2.603,
1790703994.004,odom,0.3006,0.0330,7.430,2.606,
1790703994.009,/auto_vel_raw,0.5000,0.0000,,,
1790703994.036,odom,0.3021,0.0251,7.435,2.608,
1790703994.044,/auto_vel,0.5000,0.0000,,,
1790703994.044,/compensador_rumo/cmd_vel,0.5000,0.0000,,,
1790703994.049,/cmd_vel_bruto,0.5000,0.5545,,,
1790703994.052,/hoverboard_base_controller/cmd_vel,0.3030,0.0246,,,
1790703994.058,odom,0.3024,0.0237,7.441,2.610,
1790703994.077,/auto_vel_raw,0.5000,0.0000,,,
1790703994.081,odom,0.3027,0.0223,7.447,2.613,
1790703994.087,/auto_vel,0.5000,0.0000,,,
1790703994.090,/compensador_rumo/cmd_vel,0.5000,0.0000,,,
1790703994.092,/cmd_vel_bruto,0.5000,0.5800,,,
1790703994.094,/hoverboard_base_controller/cmd_vel,0.3034,0.0220,,,
1790703994.103,odom,0.3027,0.0220,7.452,2.615,
1790703994.125,odom,0.3027,0.0220,7.458,2.617,
1790703994.126,/auto_vel_raw,0.5000,0.0000,,,
1790703994.130,/compensador_rumo/cmd_vel,0.5000,0.0000,,,
1790703994.136,/auto_vel,0.5000,0.0000,,,
1790703994.137,/hoverboard_base_controller/cmd_vel,0.3042,0.0166,,,
1790703994.139,/cmd_vel_bruto,0.5000,0.5473,,,
1790703994.169,odom,0.3029,0.0209,7.463,2.620,
1790703994.193,odom,0.3032,0.0195,7.469,2.622,
1790703994.207,/auto_vel_raw,0.5000,0.0000,,,
1790703994.217,odom,0.3034,0.0185,7.474,2.624,
1790703994.222,/auto_vel,0.5000,0.0000,,,
1790703994.222,/compensador_rumo/cmd_vel,0.5000,0.0000,,,
1790703994.225,/cmd_vel_bruto,0.5000,0.5488,,,
1790703994.230,/hoverboard_base_controller/cmd_vel,0.3069,0.0001,,,
1790703994.244,odom,0.3034,0.0185,7.480,2.627,
1790703994.274,odom,0.3034,0.0185,7.486,2.629,
1790703994.280,/auto_vel_raw,0.4784,0.4182,,,
1790703994.317,odom,0.3069,0.0000,7.491,2.631,
1790703994.328,/auto_vel,0.4784,0.4182,,,
1790703994.328,/compensador_rumo/cmd_vel,0.4784,0.4182,,,
1790703994.333,/cmd_vel_bruto,0.4784,1.4626,,,
1790703994.334,odom,0.3069,0.0000,7.497,2.634,
1790703994.340,/hoverboard_base_controller/cmd_vel,0.3046,0.0141,,,
1790703994.351,/auto_vel_raw,0.4703,0.4546,,,
1790703994.360,odom,0.3069,0.0000,7.503,2.636,
1790703994.365,/auto_vel,0.4703,0.4546,,,
1790703994.366,/compensador_rumo/cmd_vel,0.4703,0.4546,,,
1790703994.369,/hoverboard_base_controller/cmd_vel,0.0000,0.0000,,,
1790703994.373,/cmd_vel_bruto,0.4703,1.5691,,,
1790703994.388,odom,0.3069,0.0000,7.508,2.639,
1790703994.415,odom,0.3069,0.0000,7.514,2.641,
1790703994.420,/auto_vel_raw,0.4694,0.4586,,,
1790703994.493,odom,0.2277,-0.0000,7.518,2.643,
1790703994.514,/auto_vel_raw,0.4684,0.4626,,,
1790703994.516,/auto_vel,0.4694,0.4586,,,
1790703994.516,/compensador_rumo/cmd_vel,0.4694,0.4586,,,
1790703994.516,/hoverboard_base_controller/cmd_vel,0.3000,0.0429,,,
1790703994.520,/cmd_vel_bruto,0.4694,1.5346,,,
1790703994.522,odom,0.2277,-0.0000,7.522,2.645,
1790703994.546,/auto_vel,0.4684,0.4626,,,
1790703994.548,/compensador_rumo/cmd_vel,0.4684,0.4626,,,
1790703994.549,/hoverboard_base_controller/cmd_vel,0.0000,0.0000,,,
1790703994.550,/cmd_vel_bruto,0.4684,1.5453,,,
1790703994.550,odom,0.2168,0.0020,7.526,2.646,
1790703994.563,odom,0.2277,0.0000,7.531,2.648,
1790703994.587,odom,0.2277,0.0000,7.535,2.650,
1790703994.610,/auto_vel_raw,0.4674,0.4667,,,
1790703994.694,odom,0.1469,-0.0000,7.537,2.651,
1790703994.696,/auto_vel,0.4674,0.4667,,,
1790703994.696,/compensador_rumo/cmd_vel,0.4674,0.4667,,,
1790703994.707,/hoverboard_base_controller/cmd_vel,0.3032,0.0229,,,
1790703994.708,/cmd_vel_bruto,0.4674,1.5070,,,
1790703994.771,odom,0.1469,-0.0000,7.540,2.652,
1790703994.806,/auto_vel_raw,0.4674,0.4667,,,
1790703994.835,odom,0.1372,0.0021,7.543,2.653,
1790703994.844,/auto_vel,0.4674,0.4667,,,
1790703994.846,/compensador_rumo/cmd_vel,0.4674,0.4667,,,
1790703994.852,/cmd_vel_bruto,0.4674,1.4119,,,
1790703994.858,/hoverboard_base_controller/cmd_vel,0.3031,0.0238,,,
1790703994.885,odom,0.1469,0.0000,7.545,2.654,
1790703994.978,/auto_vel_raw,0.4673,0.4670,,,
1790703994.980,odom,0.1469,0.0000,7.548,2.656,
1790703994.992,/auto_vel,0.4673,0.4670,,,
1790703994.995,/compensador_rumo/cmd_vel,0.4673,0.4670,,,
1790703994.997,/cmd_vel_bruto,0.4673,1.3769,,,
1790703994.999,/hoverboard_base_controller/cmd_vel,0.0000,0.0000,,,
1790703995.085,odom,0.2272,0.0234,7.552,2.657,
1790703995.124,odom,0.2274,0.0214,7.556,2.659,
1790703995.131,/auto_vel_raw,0.4671,0.4677,,,
1790703995.152,odom,0.2277,0.0201,7.560,2.661,
1790703995.164,/auto_vel,0.4671,0.4677,,,
1790703995.165,/compensador_rumo/cmd_vel,0.4671,0.4677,,,
1790703995.165,/cmd_vel_bruto,0.4671,1.3764,,,
1790703995.171,/hoverboard_base_controller/cmd_vel,0.2183,0.5538,,,
1790703995.174,odom,0.2277,0.0201,7.565,2.663,
1790703995.209,odom,0.2277,0.0201,7.569,2.664,
1790703995.212,/auto_vel_raw,0.4667,0.4694,,,
1790703995.267,odom,0.2181,0.1439,7.573,2.666,
1790703995.274,/auto_vel,0.4667,0.4694,,,
1790703995.276,/compensador_rumo/cmd_vel,0.4667,0.4694,,,
1790703995.286,/hoverboard_base_controller/cmd_vel,0.2203,0.5415,,,
1790703995.286,/cmd_vel_bruto,0.4667,1.3985,,,
1790703995.315,odom,0.2180,0.1404,7.577,2.668,
1790703995.343,odom,0.2180,0.1380,7.581,2.670,
1790703995.348,/auto_vel_raw,0.4654,0.4709,,,
1790703995.360,odom,0.2182,0.1368,7.585,2.671,
1790703995.372,/auto_vel,0.4654,0.4709,,,
1790703995.372,/compensador_rumo/cmd_vel,0.4654,0.4709,,,
1790703995.377,/hoverboard_base_controller/cmd_vel,0.2194,0.5470,,,
1790703995.377,/cmd_vel_bruto,0.4654,1.4414,,,
1790703995.382,odom,0.2183,0.1363,7.589,2.673,
1790703995.391,/auto_vel_raw,0.4658,0.4656,,,
1790703995.417,odom,0.2194,0.2714,7.593,2.675,
1790703995.422,/auto_vel,0.4658,0.4656,,,
1790703995.424,/compensador_rumo/cmd_vel,0.4658,0.4656,,,
1790703995.425,/hoverboard_base_controller/cmd_vel,0.2216,0.5331,,,
1790703995.425,/cmd_vel_bruto,0.4658,1.4413,,,
1790703995.436,odom,0.2194,0.2714,7.597,2.677,
1790703995.451,/auto_vel_raw,0.4655,0.4616,,,
1790703995.451,odom,0.2194,0.2714,7.601,2.679,
1790703995.476,odom,0.2194,0.2714,7.605,2.680,
1790703995.497,/auto_vel,0.4655,0.4616,,,
1790703995.499,/compensador_rumo/cmd_vel,0.4655,0.4616,,,
1790703995.502,/hoverboard_base_controller/cmd_vel,0.2301,0.4799,,,
1790703995.502,/cmd_vel_bruto,0.4655,1.4252,,,
1790703995.513,odom,0.2194,0.2714,7.609,2.682,
1790703995.523,/auto_vel_raw,0.4671,0.4487,,,
1790703995.534,odom,0.2216,0.3775,7.613,2.684,
1790703995.541,/auto_vel,0.4671,0.4487,,,
1790703995.541,/compensador_rumo/cmd_vel,0.4671,0.4487,,,
1790703995.543,/hoverboard_base_controller/cmd_vel,0.2301,0.4799,,,
1790703995.544,/cmd_vel_bruto,0.4671,1.3954,,,
1790703995.545,odom,0.2216,0.3775,7.617,2.686,
1790703995.553,/auto_vel_raw,0.4674,0.4414,,,
1790703995.569,odom,0.2216,0.3775,7.621,2.688,
1790703995.575,/auto_vel,0.4674,0.4414,,,
1790703995.575,/compensador_rumo/cmd_vel,0.4674,0.4414,,,
1790703995.576,odom,0.2216,0.3775,7.625,2.690,
1790703995.580,/cmd_vel_bruto,0.4674,1.3819,,,
1790703995.582,/hoverboard_base_controller/cmd_vel,0.0000,0.0000,,,
1790703995.611,/auto_vel_raw,0.4697,0.4277,,,
1790703995.612,odom,0.2216,0.3775,7.629,2.692,
1790703995.638,/auto_vel,0.4697,0.4277,,,
1790703995.638,/compensador_rumo/cmd_vel,0.4697,0.4277,,,
1790703995.639,odom,0.2283,0.4158,7.633,2.694,
1790703995.661,/auto_vel_raw,0.4707,0.4188,,,
1790703995.663,/hoverboard_base_controller/cmd_vel,0.2285,0.4898,,,
1790703995.663,/cmd_vel_bruto,0.4697,1.3504,,,
1790703995.664,odom,0.2294,0.4078,7.637,2.696,
1790703995.672,odom,0.2301,0.4042,7.641,2.699,
1790703995.679,/auto_vel,0.4707,0.4188,,,
1790703995.680,/compensador_rumo/cmd_vel,0.4707,0.4188,,,
1790703995.699,/hoverboard_base_controller/cmd_vel,0.2254,0.5092,,,
1790703995.699,/cmd_vel_bruto,0.4707,1.3531,,,
1790703995.700,odom,0.2301,0.4042,7.645,2.701,
1790703995.723,/auto_vel_raw,0.4724,0.4090,,,
1790703995.726,odom,0.2301,0.4042,7.649,2.703,
1790703995.740,odom,0.2254,0.4289,7.653,2.706,
1790703995.748,/auto_vel,0.4724,0.4090,,,
1790703995.750,/compensador_rumo/cmd_vel,0.4724,0.4090,,,
1790703995.753,/hoverboard_base_controller/cmd_vel,0.2255,0.5087,,,
1790703995.754,/cmd_vel_bruto,0.4724,1.3383,,,
1790703995.755,odom,0.2254,0.4288,7.656,2.708,
1790703995.762,/auto_vel_raw,0.4757,0.3930,,,
1790703995.773,odom,0.2254,0.4288,7.660,2.710,
1790703995.786,/auto_vel,0.4757,0.3930,,,
1790703995.793,/compensador_rumo/cmd_vel,0.4757,0.3930,,,
1790703995.795,/hoverboard_base_controller/cmd_vel,0.2265,0.5024,,,
1790703995.795,/cmd_vel_bruto,0.4757,1.3075,,,
1790703995.837,odom,0.2254,0.4288,7.664,2.712,
1790703995.900,/auto_vel_raw,0.4682,0.4217,,,
1790703995.904,odom,0.2254,0.4288,7.668,2.715,
1790703995.947,odom,0.2263,0.4240,7.672,2.717,
1790703995.950,/auto_vel,0.4682,0.4217,,,
1790703995.951,/compensador_rumo/cmd_vel,0.4682,0.4217,,,
1790703995.955,/cmd_vel_bruto,0.4682,1.3447,,,
1790703995.956,/hoverboard_base_controller/cmd_vel,0.2288,0.4880,,,
1790703995.958,odom,0.2265,0.4231,7.676,2.720,
1790703995.993,/auto_vel_raw,0.4701,0.4163,,,
1790703995.998,/auto_vel,0.4701,0.4163,,,
1790703995.999,odom,0.2265,0.4231,7.679,2.722,
1790703996.015,/compensador_rumo/cmd_vel,0.4701,0.4163,,,
1790703996.027,/hoverboard_base_controller/cmd_vel,0.2298,0.4820,,,
1790703996.028,/cmd_vel_bruto,0.4701,1.3335,,,
1790703996.028,odom,0.2265,0.4231,7.683,2.725,
1790703996.049,odom,0.2265,0.4231,7.687,2.727,
1790703996.075,/auto_vel_raw,0.4731,0.4022,,,
1790703996.102,odom,0.2275,0.4179,7.690,2.730,
1790703996.117,/auto_vel,0.4731,0.4022,,,
1790703996.118,/compensador_rumo/cmd_vel,0.4731,0.4022,,,
1790703996.129,/cmd_vel_bruto,0.4731,1.2747,,,
1790703996.133,odom,0.2287,0.4114,7.694,2.733,
1790703996.142,/hoverboard_base_controller/cmd_vel,0.2324,0.4658,,,
1790703996.167,/auto_vel_raw,0.4744,0.3965,,,
1790703996.186,odom,0.2298,0.4059,7.698,2.735,
1790703996.198,/auto_vel,0.4744,0.3965,,,
1790703996.199,/compensador_rumo/cmd_vel,0.4744,0.3965,,,
1790703996.203,/cmd_vel_bruto,0.4744,1.2928,,,
1790703996.218,/hoverboard_base_controller/cmd_vel,0.2324,0.4657,,,
1790703996.240,odom,0.2298,0.4059,7.702,2.738,
1790703996.269,odom,0.2298,0.4059,7.705,2.741,
1790703996.282,/auto_vel_raw,0.4774,0.3823,,,
1790703996.320,odom,0.2308,0.4006,7.709,2.744,
1790703996.343,/auto_vel,0.4774,0.3823,,,
1790703996.347,/compensador_rumo/cmd_vel,0.4774,0.3823,,,
1790703996.347,odom,0.2321,0.3938,7.713,2.747,
1790703996.360,/auto_vel_raw,0.4786,0.3767,,,
1790703996.363,/hoverboard_base_controller/cmd_vel,0.2365,0.4401,,,
1790703996.364,/cmd_vel_bruto,0.4774,1.2658,,,
1790703996.364,odom,0.2324,0.3922,7.716,2.749,
1790703996.372,/auto_vel,0.4786,0.3767,,,
1790703996.373,/compensador_rumo/cmd_vel,0.4786,0.3767,,,
1790703996.379,/cmd_vel_bruto,0.4786,1.2538,,,
1790703996.380,odom,0.2324,0.3922,7.720,2.752,
1790703996.381,/hoverboard_base_controller/cmd_vel,0.0000,0.0000,,,
1790703996.391,odom,0.2324,0.3922,7.723,2.755,
1790703996.400,/auto_vel_raw,0.4838,0.3455,,,
1790703996.413,odom,0.2334,0.3867,7.727,2.758,
1790703996.429,/auto_vel,0.4838,0.3455,,,
1790703996.429,/compensador_rumo/cmd_vel,0.4838,0.3455,,,
1790703996.435,/hoverboard_base_controller/cmd_vel,0.2325,0.4651,,,
1790703996.435,/cmd_vel_bruto,0.4838,1.2186,,,
1790703996.436,odom,0.2347,0.3798,7.731,2.761,
1790703996.441,/auto_vel_raw,0.4845,0.3378,,,
1790703996.454,odom,0.2361,0.3727,7.734,2.764,
1790703996.469,/auto_vel,0.4845,0.3378,,,
1790703996.475,/compensador_rumo/cmd_vel,0.4845,0.3378,,,
1790703996.477,/hoverboard_base_controller/cmd_vel,0.2336,0.4581,,,
1790703996.477,/cmd_vel_bruto,0.4845,1.1505,,,
1790703996.477,odom,0.2365,0.3707,7.738,2.767,
1790703996.492,odom,0.2365,0.3707,7.741,2.771,
1790703996.500,/auto_vel_raw,0.4866,0.3233,,,
1790703996.546,odom,0.2336,0.3857,7.745,2.774,
1790703996.555,/auto_vel,0.4866,0.3233,,,
1790703996.555,/compensador_rumo/cmd_vel,0.4866,0.3233,,,
1790703996.557,/hoverboard_base_controller/cmd_vel,0.2383,0.4288,,,
1790703996.557,/cmd_vel_bruto,0.4866,1.1451,,,
1790703996.565,odom,0.2336,0.3857,7.748,2.777,
1790703996.567,odom,0.2336,0.3857,7.752,2.780,
1790703996.569,/auto_vel_raw,0.4885,0.3106,,,
1790703996.579,odom,0.2336,0.3857,7.755,2.783,
1790703996.594,/auto_vel,0.4885,0.3106,,,
1790703996.594,/compensador_rumo/cmd_vel,0.4885,0.3106,,,
1790703996.600,/hoverboard_base_controller/cmd_vel,0.2373,0.4353,,,
1790703996.601,/cmd_vel_bruto,0.4885,1.1577,,,
1790703996.604,odom,0.2336,0.3857,7.759,2.786,
1790703996.611,/auto_vel_raw,0.4897,0.2954,,,
1790703996.636,odom,0.2347,0.3799,7.762,2.790,
1790703996.643,/auto_vel,0.4897,0.2954,,,
1790703996.645,/compensador_rumo/cmd_vel,0.4897,0.2954,,,
1790703996.649,/hoverboard_base_controller/cmd_vel,0.0000,0.0000,,,
1790703996.650,/cmd_vel_bruto,0.4897,1.0821,,,
1790703996.659,odom,0.2361,0.3725,7.765,2.793,
1790703996.667,/auto_vel_raw,0.4917,0.2776,,,
1790703996.674,odom,0.2376,0.3650,7.769,2.796,
1790703996.683,/auto_vel,0.4917,0.2776,,,
1790703996.683,/compensador_rumo/cmd_vel,0.4917,0.2776,,,
1790703996.690,/hoverboard_base_controller/cmd_vel,0.2408,0.4132,,,
1790703996.691,/cmd_vel_bruto,0.4917,1.0657,,,
1790703996.699,odom,0.2383,0.3611,7.772,2.800,
1790703996.724,/auto_vel_raw,0.4938,0.2464,,,
1790703996.725,odom,0.2383,0.3611,7.775,2.803,
1790703996.733,/auto_vel,0.4938,0.2464,,,
1790703996.737,/compensador_rumo/cmd_vel,0.4938,0.2464,,,
1790703996.739,/cmd_vel_bruto,0.4938,0.9746,,,
1790703996.743,/hoverboard_base_controller/cmd_vel,0.2443,0.3916,,,
1790703996.786,odom,0.2394,0.3551,7.779,2.807,
1790703996.830,odom,0.2407,0.3482,7.782,2.810,
1790703996.834,/auto_vel_raw,0.5000,0.0000,,,
1790703996.848,odom,0.2408,0.3480,7.785,2.814,
1790703996.857,/auto_vel,0.5000,0.0000,,,
1790703996.860,/compensador_rumo/cmd_vel,0.5000,0.0000,,,
1790703996.860,odom,0.2408,0.3480,7.788,2.817,
1790703996.864,/hoverboard_base_controller/cmd_vel,0.2493,0.3597,,,
1790703996.865,/cmd_vel_bruto,0.5000,0.4288,,,
1790703996.881,/auto_vel_raw,0.5000,0.0000,,,
1790703996.885,odom,0.2408,0.3480,7.792,2.821,
1790703996.896,/auto_vel,0.5000,0.0000,,,
1790703996.897,/compensador_rumo/cmd_vel,0.5000,0.0000,,,
1790703996.897,/hoverboard_base_controller/cmd_vel,0.2501,0.3550,,,
1790703996.897,/cmd_vel_bruto,0.5000,0.4352,,,
1790703996.902,odom,0.2420,0.3415,7.795,2.824,
1790703996.922,odom,0.2436,0.3334,7.798,2.828,
1790703996.937,/auto_vel_raw,0.5000,0.0000,,,
1790703996.941,odom,0.2451,0.3251,7.801,2.832,
1790703996.949,/auto_vel,0.5000,0.0000,,,
1790703996.950,/compensador_rumo/cmd_vel,0.5000,0.0000,,,
1790703996.954,/hoverboard_base_controller/cmd_vel,0.2495,0.3587,,,
1790703996.955,/cmd_vel_bruto,0.5000,0.4393,,,
1790703996.962,odom,0.2467,0.3168,7.805,2.835,
1790703996.979,/auto_vel_raw,0.5000,0.0000,,,
1790703996.981,odom,0.2483,0.3084,7.808,2.839,
1790703997.017,odom,0.2495,0.3020,7.811,2.843,
1790703997.022,/auto_vel,0.5000,0.0000,,,
1790703997.022,/compensador_rumo/cmd_vel,0.5000,0.0000,,,
1790703997.023,/cmd_vel_bruto,0.5000,0.4404,,,
1790703997.030,/hoverboard_base_controller/cmd_vel,0.2554,0.3221,,,
1790703997.034,odom,0.2495,0.3020,7.814,2.847,
1790703997.049,/auto_vel_raw,0.5000,0.0000,,,
1790703997.061,odom,0.2495,0.3020,7.817,2.851,
1790703997.072,/auto_vel,0.5000,0.0000,,,
1790703997.072,/compensador_rumo/cmd_vel,0.5000,0.0000,,,
1790703997.077,/cmd_vel_bruto,0.5000,0.4476,,,
1790703997.081,/hoverboard_base_controller/cmd_vel,0.2570,0.3121,,,
1790703997.088,odom,0.2495,0.3020,7.821,2.854,
1790703997.143,odom,0.2495,0.3020,7.824,2.858,
1790703997.153,/auto_vel_raw,0.5000,0.0000,,,
1790703997.203,odom,0.2509,0.2949,7.827,2.862,
1790703997.215,/auto_vel,0.5000,0.0000,,,
1790703997.215,/compensador_rumo/cmd_vel,0.5000,0.0000,,,
1790703997.219,/hoverboard_base_controller/cmd_vel,0.2644,0.2655,,,
1790703997.219,/cmd_vel_bruto,0.5000,0.4502,,,
1790703997.286,odom,0.2523,0.2876,7.830,2.866,
1790703997.315,odom,0.2533,0.2820,7.833,2.870,
1790703997.317,/auto_vel_raw,0.5000,0.0000,,,
1790703997.353,odom,0.2544,0.2763,7.836,2.874,
1790703997.354,/auto_vel,0.5000,0.0000,,,
1790703997.354,/compensador_rumo/cmd_vel,0.5000,0.0000,,,
1790703997.354,odom,0.2554,0.2711,7.839,2.878,
1790703997.361,/hoverboard_base_controller/cmd_vel,0.3147,-0.0486,,,
1790703997.361,/cmd_vel_bruto,0.5000,0.4552,,,
1790703997.366,/auto_vel_raw,0.5000,0.0000,,,
1790703997.400,/auto_vel,0.5000,0.0000,,,
1790703997.400,/compensador_rumo/cmd_vel,0.5000,0.0000,,,
1790703997.401,odom,0.2570,0.2626,7.842,2.882,
1790703997.405,/hoverboard_base_controller/cmd_vel,0.0000,0.0000,,,
1790703997.405,/cmd_vel_bruto,0.5000,0.4644,,,
1790703997.415,odom,0.2578,0.2586,7.845,2.887,
1790703997.436,odom,0.2583,0.2556,7.848,2.891,
1790703997.448,/auto_vel_raw,0.5000,0.0000,,,
1790703997.459,odom,0.2587,0.2539,7.851,2.895,
1790703997.469,/auto_vel,0.5000,0.0000,,,
1790703997.469,/compensador_rumo/cmd_vel,0.5000,0.0000,,,
1790703997.472,/cmd_vel_bruto,0.5000,0.4631,,,
1790703997.476,/hoverboard_base_controller/cmd_vel,0.3142,-0.0459,,,
1790703997.483,odom,0.2590,0.2522,7.854,2.899,
1790703997.487,/auto_vel_raw,0.5000,0.0000,,,
1790703997.505,odom,0.1968,0.1428,7.857,2.902,
1790703997.511,/auto_vel,0.5000,0.0000,,,
1790703997.521,/compensador_rumo/cmd_vel,0.5000,0.0000,,,
1790703997.521,/hoverboard_base_controller/cmd_vel,0.3141,-0.0452,,,
1790703997.521,/cmd_vel_bruto,0.5000,0.4540,,,
1790703997.533,odom,0.1980,0.1338,7.859,2.906,
1790703997.552,/auto_vel_raw,0.5000,0.0000,,,
1790703997.553,odom,0.1902,0.1327,7.861,2.909,
1790703997.560,odom,0.1906,0.1302,7.863,2.912,
1790703997.569,/auto_vel,0.5000,0.0000,,,
1790703997.572,/compensador_rumo/cmd_vel,0.5000,0.0000,,,
1790703997.573,/cmd_vel_bruto,0.5000,0.4144,,,
1790703997.581,/hoverboard_base_controller/cmd_vel,0.3134,-0.0404,,,
1790703997.593,odom,0.1911,0.1277,7.865,2.915,
1790703997.600,/auto_vel_raw,0.5000,0.0000,,,
1790703997.605,/auto_vel,0.5000,0.0000,,,
1790703997.611,/compensador_rumo/cmd_vel,0.5000,0.0000,,,
1790703997.616,/hoverboard_base_controller/cmd_vel,0.3131,-0.0388,,,
1790703997.617,/cmd_vel_bruto,0.5000,0.4097,,,
1790703997.644,odom,0.2946,-0.0306,7.868,2.919,
1790703997.680,odom,0.2963,-0.0428,7.872,2.924,
1790703997.689,odom,0.2965,-0.0443,7.875,2.929,
1790703997.692,/auto_vel_raw,0.5000,0.0000,,,
1790703997.728,odom,0.2967,-0.0457,7.879,2.934,
1790703997.739,/auto_vel,0.5000,0.0000,,,
1790703997.740,/compensador_rumo/cmd_vel,0.5000,0.0000,,,
1790703997.746,/cmd_vel_bruto,0.5000,0.4321,,,
1790703997.747,odom,0.2969,-0.0470,7.882,2.939,
1790703997.753,/auto_vel_raw,0.5000,0.0000,,,
1790703997.753,/hoverboard_base_controller/cmd_vel,0.3116,-0.0296,,,
1790703997.766,odom,0.3121,-0.0399,7.886,2.944,
1790703997.776,/auto_vel,0.5000,0.0000,,,
1790703997.777,odom,0.3123,-0.0412,7.889,2.949,
1790703997.779,/auto_vel_raw,0.5000,0.0000,,,
1790703997.779,/compensador_rumo/cmd_vel,0.5000,0.0000,,,
1790703997.783,/cmd_vel_bruto,0.5000,0.4879,,,
1790703997.791,/hoverboard_base_controller/cmd_vel,0.0000,0.0000,,,
1790703997.791,odom,0.3124,-0.0425,7.893,2.954,
1790703997.793,/auto_vel,0.5000,0.0000,,,
1790703997.796,/compensador_rumo/cmd_vel,0.5000,0.0000,,,
1790703997.798,/cmd_vel_bruto,0.5000,0.5292,,,
1790703997.801,/hoverboard_base_controller/cmd_vel,0.0000,0.0000,,,
1790703997.867,odom,0.3126,-0.0438,7.896,2.959,
1790703997.916,odom,0.3128,-0.0450,7.900,2.965,
1790703997.918,/auto_vel_raw,0.5000,0.0000,,,
1790703997.991,odom,0.2067,0.0000,7.902,2.968,
1790703998.002,/auto_vel,0.5000,0.0000,,,
1790703998.004,/compensador_rumo/cmd_vel,0.5000,0.0000,,,
1790703998.005,/hoverboard_base_controller/cmd_vel,0.3127,-0.0363,,,
1790703998.005,/cmd_vel_bruto,0.5000,0.5368,,,
1790703998.009,odom,0.2067,0.0000,7.905,2.971,
1790703998.045,/auto_vel_raw,0.5000,0.0000,,,
1790703998.056,odom,0.2067,0.0000,7.907,2.975,
1790703998.066,/auto_vel,0.5000,0.0000,,,
1790703998.070,/compensador_rumo/cmd_vel,0.5000,0.0000,,,
1790703998.083,/hoverboard_base_controller/cmd_vel,0.3169,-0.0623,,,
1790703998.083,/cmd_vel_bruto,0.5000,0.5172,,,
1790703998.117,odom,0.1889,-0.0004,7.909,2.978,
1790703998.196,odom,0.2067,-0.0000,7.912,2.981,
1790703998.201,/auto_vel_raw,0.5000,0.0000,,,
1790703998.249,odom,0.2868,-0.0639,7.915,2.986,
1790703998.255,/auto_vel,0.5000,0.0000,,,
1790703998.255,/compensador_rumo/cmd_vel,0.5000,0.0000,,,
1790703998.256,/cmd_vel_bruto,0.5000,0.4620,,,
1790703998.260,/hoverboard_base_controller/cmd_vel,0.3174,-0.0654,,,
1790703998.327,odom,0.2869,-0.0656,7.918,2.990,
1790703998.367,/auto_vel_raw,0.5000,0.0000,,,
1790703998.386,odom,0.2872,-0.0667,7.921,2.995,
1790703998.396,/auto_vel,0.5000,0.0000,,,
1790703998.396,/compensador_rumo/cmd_vel,0.5000,0.0000,,,
1790703998.402,/hoverboard_base_controller/cmd_vel,0.0000,0.0000,,,
1790703998.402,/cmd_vel_bruto,0.5000,0.4352,,,
1790703998.433,odom,0.2874,-0.0677,7.925,3.000,
1790703998.483,odom,0.2876,-0.0686,7.928,3.004,
1790703998.500,/auto_vel_raw,0.5000,0.0000,,,
1790703998.528,odom,0.2091,-0.0000,7.930,3.008,
1790703998.542,/auto_vel,0.5000,0.0000,,,
1790703998.544,/compensador_rumo/cmd_vel,0.5000,0.0000,,,
1790703998.544,/cmd_vel_bruto,0.5000,0.4540,,,
1790703998.548,/hoverboard_base_controller/cmd_vel,0.3150,-0.0506,,,
1790703998.574,odom,0.2091,-0.0000,7.933,3.011,
1790703998.598,/auto_vel_raw,0.5000,0.0000,,,
1790703998.616,odom,0.1989,-0.0011,7.935,3.015,
1790703998.621,/auto_vel,0.5000,0.0000,,,
1790703998.625,/compensador_rumo/cmd_vel,0.5000,0.0000,,,
1790703998.628,/cmd_vel_bruto,0.5000,0.4461,,,
1790703998.632,/hoverboard_base_controller/cmd_vel,0.3050,0.0116,,,
1790703998.672,odom,0.2091,-0.0000,7.938,3.018,
1790703998.726,odom,0.2091,0.0000,7.940,3.021,
1790703998.734,/auto_vel_raw,0.5000,0.0000,,,
1790703998.768,odom,0.2865,0.0107,7.943,3.026,
1790703998.780,/auto_vel,0.5000,0.0000,,,
1790703998.780,/compensador_rumo/cmd_vel,0.5000,0.0000,,,
1790703998.787,/cmd_vel_bruto,0.5000,0.4338,,,
1790703998.791,/hoverboard_base_controller/cmd_vel,0.3043,0.0164,,,
1790703998.805,odom,0.2867,0.0098,7.947,3.031,
1790703998.847,odom,0.2867,0.0098,7.950,3.035,
1790703998.860,/auto_vel_raw,0.5000,0.0000,,,
1790703998.870,odom,0.2867,0.0098,7.953,3.040,
1790703998.877,/auto_vel,0.5000,0.0000,,,
1790703998.890,/auto_vel_raw,0.5000,0.0000,,,
1790703998.895,/compensador_rumo/cmd_vel,0.5000,0.0000,,,
1790703998.905,/cmd_vel_bruto,0.5000,0.3958,,,
1790703998.909,odom,0.2867,0.0098,7.956,3.045,
1790703998.919,/auto_vel,0.5000,0.0000,,,
1790703998.919,/compensador_rumo/cmd_vel,0.5000,0.0000,,,
1790703998.919,/hoverboard_base_controller/cmd_vel,0.3119,-0.0311,,,
1790703998.929,/cmd_vel_bruto,0.5000,0.4462,,,
1790703998.935,/hoverboard_base_controller/cmd_vel,0.0000,0.0000,,,
1790703998.954,odom,0.3041,0.0146,7.960,3.050,
1790703998.963,odom,0.3043,0.0138,7.963,3.054,
1790703998.966,/auto_vel_raw,0.5000,0.0000,,,
1790703999.001,odom,0.3043,0.0138,7.967,3.059,
1790703999.013,/auto_vel,0.5000,0.0000,,,
1790703999.013,/compensador_rumo/cmd_vel,0.5000,0.0000,,,
1790703999.018,/hoverboard_base_controller/cmd_vel,0.3147,-0.0486,,,
1790703999.018,/cmd_vel_bruto,0.5000,0.5122,,,
1790703999.066,odom,0.3043,0.0138,7.971,3.064,
1790703999.090,/auto_vel_raw,0.5000,0.0000,,,
1790703999.090,odom,0.3043,0.0138,7.974,3.069,
1790703999.106,/auto_vel,0.5000,0.0000,,,
1790703999.107,/compensador_rumo/cmd_vel,0.5000,0.0000,,,
1790703999.107,/cmd_vel_bruto,0.5000,0.5351,,,
1790703999.126,/hoverboard_base_controller/cmd_vel,0.3127,-0.0363,,,
1790703999.147,odom,0.3135,-0.0495,7.978,3.074,
1790703999.179,/auto_vel_raw,0.5000,0.0000,,,
1790703999.183,odom,0.3136,-0.0506,7.981,3.080,
1790703999.195,odom,0.3138,-0.0516,7.985,3.085,
1790703999.206,/auto_vel,0.5000,0.0000,,,
1790703999.208,/compensador_rumo/cmd_vel,0.5000,0.0000,,,
1790703999.210,/cmd_vel_bruto,0.5000,0.6122,,,
1790703999.212,odom,0.3140,-0.0526,7.989,3.090,
1790703999.221,/hoverboard_base_controller/cmd_vel,0.3135,-0.0415,,,
1790703999.238,odom,0.3142,-0.0535,7.992,3.095,
1790703999.239,/auto_vel_raw,0.5000,0.0000,,,
1790703999.251,/auto_vel,0.5000,0.0000,,,
1790703999.256,odom,0.3127,-0.0446,7.996,3.100,
1790703999.260,/compensador_rumo/cmd_vel,0.5000,0.0000,,,
1790703999.262,/cmd_vel_bruto,0.5000,0.5625,,,
1790703999.269,/hoverboard_base_controller/cmd_vel,0.3148,-0.0495,,,
1790703999.275,odom,0.3127,-0.0446,7.999,3.105,
1790703999.288,/auto_vel_raw,0.5000,0.0000,,,
1790703999.321,odom,0.3127,-0.0446,8.003,3.110,
1790703999.334,/auto_vel,0.5000,0.0000,,,
1790703999.334,/compensador_rumo/cmd_vel,0.5000,0.0000,,,
1790703999.335,/cmd_vel_bruto,0.5000,0.5656,,,
1790703999.348,/hoverboard_base_controller/cmd_vel,0.0000,0.0000,,,
1790703999.387,odom,0.3127,-0.0446,8.007,3.115,
1790703999.456,/auto_vel_raw,0.5000,0.0000,,,
1790703999.457,odom,0.3127,-0.0446,8.010,3.120,
1790703999.464,/auto_vel,0.5000,0.0000,,,
1790703999.464,/compensador_rumo/cmd_vel,0.5000,0.0000,,,
1790703999.465,/cmd_vel_bruto,0.5000,0.5803,,,
1790703999.467,/hoverboard_base_controller/cmd_vel,0.3135,-0.0414,,,
1790703999.537,odom,0.2055,0.0000,8.013,3.124,
1790703999.583,odom,0.2055,0.0000,8.015,3.127,
1790703999.608,/auto_vel_raw,0.5000,0.0000,,,
1790703999.625,odom,0.2055,0.0000,8.018,3.130,
1790703999.643,/auto_vel,0.5000,0.0000,,,
1790703999.652,/compensador_rumo/cmd_vel,0.5000,0.0000,,,
1790703999.659,/hoverboard_base_controller/cmd_vel,0.3044,0.0154,,,
1790703999.659,/cmd_vel_bruto,0.5000,0.5154,,,
1790703999.671,odom,0.1900,0.0068,8.020,3.134,
1790703999.687,/auto_vel_raw,0.5000,0.0000,,,
1790703999.688,/auto_vel,0.5000,0.0000,,,
1790703999.688,/compensador_rumo/cmd_vel,0.5000,0.0000,,,
1790703999.688,odom,0.2055,-0.0000,8.022,3.137,
1790703999.698,/cmd_vel_bruto,0.5000,0.4293,,,
1790703999.699,odom,0.2820,0.0144,8.025,3.141,
1790703999.705,/hoverboard_base_controller/cmd_vel,0.0000,0.0000,,,
1790703999.714,odom,0.2823,0.0129,8.029,3.146,
1790703999.733,/auto_vel_raw,0.5000,0.0000,,,
1790703999.757,odom,0.2823,0.0129,8.032,3.150,
1790703999.773,/auto_vel,0.5000,0.0000,,,
1790703999.776,/compensador_rumo/cmd_vel,0.5000,0.0000,,,
1790703999.779,/cmd_vel_bruto,0.5000,0.4362,,,
1790703999.789,/hoverboard_base_controller/cmd_vel,0.2969,0.0623,,,
1790703999.825,odom,0.2823,0.0129,8.035,3.155,
1790703999.906,/auto_vel_raw,0.5000,0.0000,,,
1790703999.914,odom,0.2823,0.0129,8.039,3.160,
1790703999.921,/auto_vel,0.5000,0.0000,,,
1790703999.921,/compensador_rumo/cmd_vel,0.5000,0.0000,,,
1790703999.923,/cmd_vel_bruto,0.5000,0.4427,,,
1790703999.931,/hoverboard_base_controller/cmd_vel,0.3017,0.0323,,,
1790703999.967,odom,0.2958,0.0585,8.042,3.164,
1790703999.992,odom,0.2963,0.0560,8.046,3.169,
1790704000.002,/auto_vel_raw,0.5000,0.0000,,,
1790704000.014,odom,0.2967,0.0535,8.049,3.174,
1790704000.018,/auto_vel,0.5000,0.0000,,,
1790704000.018,/compensador_rumo/cmd_vel,0.5000,0.0000,,,
1790704000.023,/hoverboard_base_controller/cmd_vel,0.3014,0.0342,,,
1790704000.023,/cmd_vel_bruto,0.5000,0.5015,,,
1790704000.051,odom,0.2969,0.0525,8.052,3.179,
1790704000.077,odom,0.2969,0.0525,8.056,3.184,
1790704000.088,/auto_vel_raw,0.5000,0.0000,,,
1790704000.113,odom,0.3008,0.0323,8.059,3.189,
1790704000.123,/auto_vel,0.5000,0.0000,,,
1790704000.129,/compensador_rumo/cmd_vel,0.5000,0.0000,,,
1790704000.133,/hoverboard_base_controller/cmd_vel,0.3000,0.0431,,,
1790704000.135,/cmd_vel_bruto,0.5000,0.5394,,,
1790704000.163,odom,0.3013,0.0297,8.063,3.193,
1790704000.175,/auto_vel_raw,0.5000,0.0000,,,
1790704000.180,odom,0.3014,0.0288,8.066,3.198,
1790704000.189,/auto_vel,0.5000,0.0000,,,
1790704000.189,/compensador_rumo/cmd_vel,0.5000,0.0000,,,
1790704000.192,/hoverboard_base_controller/cmd_vel,0.3064,0.0030,,,
1790704000.193,/cmd_vel_bruto,0.5000,0.5351,,,
1790704000.200,odom,0.3014,0.0288,8.070,3.203,
1790704000.221,odom,0.3014,0.0288,8.073,3.208,
1790704000.231,/auto_vel_raw,0.4790,-0.4178,,,
1790704000.243,odom,0.3064,0.0025,8.077,3.213,
1790704000.255,/auto_vel,0.4790,-0.4178,,,
1790704000.259,/compensador_rumo/cmd_vel,0.4790,-0.4178,,,
1790704000.265,/hoverboard_base_controller/cmd_vel,0.3153,-0.0525,,,
1790704000.265,/cmd_vel_bruto,0.4790,-0.3812,,,
1790704000.267,odom,0.3064,0.0025,8.080,3.218,
1790704000.277,/auto_vel_raw,0.4771,-0.4268,,,
1790704000.281,odom,0.3064,0.0025,8.084,3.223,
1790704000.287,/auto_vel,0.4771,-0.4268,,,
1790704000.290,/compensador_rumo/cmd_vel,0.4771,-0.4268,,,
1790704000.300,/hoverboard_base_controller/cmd_vel,0.3146,-0.0479,,,
1790704000.300,/cmd_vel_bruto,0.4771,-0.4023,,,
1790704000.309,odom,0.3064,0.0025,8.087,3.228,
1790704000.325,/auto_vel_raw,0.4757,-0.4333,,,
1790704000.326,odom,0.3064,0.0025,8.091,3.233,
1790704000.387,odom,0.3135,-0.0485,8.095,3.238,
1790704000.394,/auto_vel,0.4757,-0.4333,,,
1790704000.401,/compensador_rumo/cmd_vel,0.4757,-0.4333,,,
1790704000.408,/hoverboard_base_controller/cmd_vel,0.3078,-0.0058,,,
1790704000.408,/cmd_vel_bruto,0.4757,-0.4019,,,
1790704000.411,odom,0.3137,-0.0500,8.098,3.243,
1790704000.421,/auto_vel_raw,0.4736,-0.4421,,,
1790704000.422,odom,0.3139,-0.0515,8.102,3.249,
1790704000.428,/auto_vel,0.4736,-0.4421,,,
1790704000.432,/compensador_rumo/cmd_vel,0.4736,-0.4421,,,
1790704000.443,/hoverboard_base_controller/cmd_vel,0.0000,0.0000,,,
1790704000.444,/cmd_vel_bruto,0.4736,-0.4213,,,
1790704000.451,odom,0.3141,-0.0529,8.105,3.254,
1790704000.460,/auto_vel_raw,0.4718,-0.4474,,,
1790704000.462,odom,0.3142,-0.0542,8.109,3.259,
1790704000.471,/auto_vel,0.4718,-0.4474,,,
1790704000.475,/compensador_rumo/cmd_vel,0.4718,-0.4474,,,
1790704000.476,/cmd_vel_bruto,0.4718,-0.4249,,,
1790704000.483,/hoverboard_base_controller/cmd_vel,0.3040,0.0180,,,
1790704000.497,odom,0.2346,0.0000,8.112,3.263,
1790704000.515,odom,0.2346,0.0000,8.115,3.267,
1790704000.530,/auto_vel_raw,0.4691,-0.4579,,,
1790704000.543,odom,0.2249,-0.0003,8.117,3.270,
1790704000.560,/auto_vel,0.4691,-0.4579,,,
1790704000.560,/compensador_rumo/cmd_vel,0.4691,-0.4579,,,
1790704000.569,odom,0.2346,-0.0000,8.120,3.274,
1790704000.577,/auto_vel_raw,0.4669,-0.4666,,,
1790704000.577,/cmd_vel_bruto,0.4691,-0.5154,,,
1790704000.582,odom,0.2346,-0.0000,8.123,3.278,
1790704000.599,/hoverboard_base_controller/cmd_vel,0.3044,0.0153,,,
1790704000.614,odom,0.3037,0.0169,8.126,3.283,
1790704000.630,/auto_vel,0.4669,-0.4666,,,
1790704000.630,/compensador_rumo/cmd_vel,0.4669,-0.4666,,,
1790704000.630,odom,0.3040,0.0152,8.130,3.288,
1790704000.648,/auto_vel_raw,0.4648,-0.4749,,,
1790704000.648,/hoverboard_base_controller/cmd_vel,0.3304,-0.6027,,,
1790704000.648,/cmd_vel_bruto,0.4669,-0.5413,,,
1790704000.653,odom,0.3040,0.0152,8.133,3.293,
1790704000.661,/auto_vel,0.4648,-0.4749,,,
1790704000.661,/compensador_rumo/cmd_vel,0.4648,-0.4749,,,
1790704000.663,/hoverboard_base_controller/cmd_vel,0.0000,0.0000,,,
1790704000.663,/cmd_vel_bruto,0.4648,-0.5879,,,
1790704000.666,odom,0.3040,0.0152,8.137,3.297,
1790704000.682,odom,0.3040,0.0152,8.140,3.302,
1790704000.686,/auto_vel_raw,0.4628,-0.4825,,,
1790704000.701,odom,0.2240,0.0000,8.143,3.306,
1790704000.713,/auto_vel,0.4628,-0.4825,,,
1790704000.715,/compensador_rumo/cmd_vel,0.4628,-0.4825,,,
1790704000.721,/hoverboard_base_controller/cmd_vel,0.3303,-0.6030,,,
1790704000.721,/cmd_vel_bruto,0.4628,-0.5926,,,
1790704000.722,odom,0.2240,0.0000,8.145,3.310,
1790704000.738,/auto_vel_raw,0.4591,-0.4944,,,
1790704000.740,odom,0.2145,0.0002,8.148,3.313,
1790704000.759,odom,0.2240,-0.0000,8.151,3.317,
1790704000.763,/auto_vel,0.4591,-0.4944,,,
1790704000.764,/compensador_rumo/cmd_vel,0.4591,-0.4944,,,
1790704000.768,/cmd_vel_bruto,0.4591,-0.6174,,,
1790704000.770,/hoverboard_base_controller/cmd_vel,0.3282,-0.6162,,,
1790704000.780,odom,0.2240,0.0000,8.153,3.321,
1790704000.782,/auto_vel_raw,0.4562,-0.5031,,,
1790704000.804,odom,0.2994,-0.1438,8.156,3.325,
1790704000.828,/auto_vel,0.4562,-0.5031,,,
1790704000.837,/compensador_rumo/cmd_vel,0.4562,-0.5031,,,
1790704000.838,/hoverboard_base_controller/cmd_vel,0.0000,0.0000,,,
1790704000.839,/cmd_vel_bruto,0.4562,-0.6244,,,
1790704000.840,odom,0.2991,-0.1473,8.160,3.330,
1790704000.847,/auto_vel_raw,0.4537,-0.5083,,,
1790704000.854,odom,0.2995,-0.1477,8.163,3.335,
1790704000.858,/auto_vel,0.4537,-0.5083,,,
1790704000.859,/compensador_rumo/cmd_vel,0.4537,-0.5083,,,
1790704000.864,/cmd_vel_bruto,0.4537,-0.6755,,,
1790704000.867,/hoverboard_base_controller/cmd_vel,0.3210,-0.6614,,,
1790704000.871,odom,0.2999,-0.1480,8.167,3.340,
1790704000.888,odom,0.3004,-0.1481,8.170,3.345,
1790704000.892,/auto_vel_raw,0.4511,-0.5122,,,
1790704000.904,/auto_vel,0.4511,-0.5122,,,
1790704000.907,/compensador_rumo/cmd_vel,0.4511,-0.5122,,,
1790704000.920,odom,0.3167,-0.2800,8.174,3.350,
1790704000.924,/hoverboard_base_controller/cmd_vel,0.3188,-0.6748,,,
1790704000.926,/cmd_vel_bruto,0.4511,-0.6667,,,
1790704000.937,odom,0.3163,-0.2910,8.178,3.355,
1790704000.957,odom,0.3164,-0.3000,8.182,3.360,
1790704000.972,/auto_vel_raw,0.4440,-0.5215,,,
1790704000.976,odom,0.3172,-0.3000,8.186,3.365,
1790704000.999,/auto_vel,0.4440,-0.5215,,,
1790704001.006,/auto_vel_raw,0.4444,-0.5180,,,
1790704001.007,odom,0.3181,-0.3000,8.189,3.370,
1790704001.018,/compensador_rumo/cmd_vel,0.4440,-0.5215,,,
1790704001.020,/cmd_vel_bruto,0.4440,-0.5968,,,
1790704001.021,/hoverboard_base_controller/cmd_vel,0.3152,-0.6975,,,
1790704001.055,odom,0.3188,-0.3896,8.193,3.375,
1790704001.080,/auto_vel,0.4444,-0.5180,,,
1790704001.080,/compensador_rumo/cmd_vel,0.4444,-0.5180,,,
1790704001.080,odom,0.3188,-0.4023,8.197,3.380,
1790704001.084,/cmd_vel_bruto,0.4444,-0.5760,,,
1790704001.098,/auto_vel_raw,0.4386,-0.5245,,,
1790704001.098,/hoverboard_base_controller/cmd_vel,0.3147,-0.7008,,,
1790704001.099,odom,0.3188,-0.4148,8.201,3.385,
1790704001.106,odom,0.3188,-0.4272,8.205,3.390,
1790704001.108,odom,0.3188,-0.4394,8.209,3.395,
1790704001.110,/auto_vel_raw,0.4350,-0.5264,,,
1790704001.127,/auto_vel,0.4386,-0.5245,,,
1790704001.138,/compensador_rumo/cmd_vel,0.4386,-0.5245,,,
1790704001.145,odom,0.3151,-0.5227,8.213,3.400,
1790704001.156,/auto_vel,0.4350,-0.5264,,,
1790704001.156,/compensador_rumo/cmd_vel,0.4350,-0.5264,,,
1790704001.156,/hoverboard_base_controller/cmd_vel,0.3117,-0.7193,,,
1790704001.156,/cmd_vel_bruto,0.4386,-0.5718,,,
1790704001.165,/cmd_vel_bruto,0.4350,-0.5991,,,
1790704001.175,/auto_vel_raw,0.4331,-0.5216,,,
1790704001.178,/hoverboard_base_controller/cmd_vel,0.0000,0.0000,,,
1790704001.179,odom,0.3152,-0.5270,8.217,3.405,
1790704001.184,odom,0.3152,-0.5310,8.221,3.410,
1790704001.190,/auto_vel,0.4331,-0.5216,,,
1790704001.201,/compensador_rumo/cmd_vel,0.4331,-0.5216,,,
1790704001.205,/hoverboard_base_controller/cmd_vel,0.3078,-0.7437,,,
1790704001.209,/cmd_vel_bruto,0.4331,-0.5769,,,
1790704001.221,odom,0.3152,-0.5351,8.225,3.414,
1790704001.239,odom,0.3151,-0.5386,8.230,3.419,
1790704001.252,/auto_vel_raw,0.4350,-0.5111,,,
1790704001.271,/auto_vel,0.4350,-0.5111,,,
1790704001.271,/compensador_rumo/cmd_vel,0.4350,-0.5111,,,
1790704001.272,odom,0.3078,-0.6278,8.234,3.423,
1790704001.282,/hoverboard_base_controller/cmd_vel,0.3081,-0.7415,,,
1790704001.282,/cmd_vel_bruto,0.4350,-0.5814,,,
1790704001.283,odom,0.3078,-0.6262,8.238,3.428,
1790704001.297,/auto_vel_raw,0.4360,-0.5047,,,
1790704001.301,odom,0.3078,-0.6262,8.243,3.432,
1790704001.325,/auto_vel,0.4360,-0.5047,,,
1790704001.325,/compensador_rumo/cmd_vel,0.4360,-0.5047,,,
1790704001.325,odom,0.3078,-0.6262,8.247,3.436,
1790704001.330,/cmd_vel_bruto,0.4360,-0.5767,,,
1790704001.341,/hoverboard_base_controller/cmd_vel,0.3125,-0.7141,,,
1790704001.342,odom,0.3078,-0.6262,8.251,3.441,
1790704001.351,/auto_vel_raw,0.4336,-0.5084,,,
1790704001.366,odom,0.3081,-0.6244,8.256,3.445,
1790704001.372,/auto_vel,0.4336,-0.5084,,,
1790704001.374,/compensador_rumo/cmd_vel,0.4336,-0.5084,,,
1790704001.377,/cmd_vel_bruto,0.4336,-0.5394,,,
1790704001.384,/hoverboard_base_controller/cmd_vel,0.3141,-0.7041,,,
1790704001.391,odom,0.3081,-0.6244,8.261,3.449,
1790704001.412,/auto_vel_raw,0.4360,-0.4972,,,
1790704001.415,odom,0.3081,-0.6244,8.265,3.453,
1790704001.424,odom,0.3081,-0.6244,8.270,3.457,
1790704001.435,/auto_vel,0.4360,-0.4972,,,
1790704001.435,/compensador_rumo/cmd_vel,0.4360,-0.4972,,,
1790704001.441,/hoverboard_base_controller/cmd_vel,0.0000,0.0000,,,
1790704001.441,/cmd_vel_bruto,0.4360,-0.5697,,,
1790704001.450,odom,0.3081,-0.6244,8.275,3.461,
1790704001.455,/auto_vel_raw,0.4424,-0.4818,,,
1790704001.470,odom,0.3094,-0.6198,8.279,3.465,
1790704001.482,/auto_vel,0.4424,-0.4818,,,
1790704001.482,/compensador_rumo/cmd_vel,0.4424,-0.4818,,,
1790704001.482,odom,0.3109,-0.6142,8.284,3.469,
1790704001.485,/cmd_vel_bruto,0.4424,-0.4915,,,
1790704001.488,/hoverboard_base_controller/cmd_vel,0.3129,-0.7117,,,
1790704001.496,/auto_vel_raw,0.4453,-0.4741,,,
1790704001.513,odom,0.3124,-0.6087,8.289,3.473,
1790704001.518,/auto_vel,0.4453,-0.4741,,,
1790704001.520,/compensador_rumo/cmd_vel,0.4453,-0.4741,,,
1790704001.524,/cmd_vel_bruto,0.4453,-0.4737,,,
1790704001.527,/hoverboard_base_controller/cmd_vel,0.0000,0.0000,,,
1790704001.567,odom,0.3135,-0.6043,8.294,3.477,
1790704001.617,/auto_vel_raw,0.4448,-0.4768,,,
1790704001.619,odom,0.3135,-0.6042,8.299,3.480,
1790704001.629,/auto_vel,0.4448,-0.4768,,,
1790704001.631,/compensador_rumo/cmd_vel,0.4448,-0.4768,,,
1790704001.632,/cmd_vel_bruto,0.4448,-0.4972,,,
1790704001.633,/hoverboard_base_controller/cmd_vel,0.0000,0.0000,,,
1790704001.659,odom,0.2437,-0.5520,8.303,3.483,
1790704001.686,odom,0.2448,-0.5436,8.307,3.486,
1790704001.707,/auto_vel_raw,0.4489,-0.4660,,,
1790704001.711,odom,0.2263,-0.5937,8.311,3.489,
1790704001.730,/auto_vel,0.4489,-0.4660,,,
1790704001.730,/compensador_rumo/cmd_vel,0.4489,-0.4660,,,
1790704001.732,/hoverboard_base_controller/cmd_vel,0.3132,-0.7097,,,
1790704001.732,/cmd_vel_bruto,0.4489,-0.4919,,,
1790704001.733,odom,0.2270,-0.6569,8.315,3.491,
1790704001.748,odom,0.2269,-0.6563,8.319,3.494,
1790704001.751,/auto_vel_raw,0.4533,-0.4499,,,
1790704001.757,odom,0.3022,-0.8200,8.323,3.497,
1790704001.772,/auto_vel,0.4533,-0.4499,,,
1790704001.772,/compensador_rumo/cmd_vel,0.4533,-0.4499,,,
1790704001.772,/cmd_vel_bruto,0.4533,-0.5155,,,
1790704001.773,/hoverboard_base_controller/cmd_vel,0.3159,-0.6931,,,
1790704001.781,odom,0.3006,-0.8313,8.328,3.500,
1790704001.823,/auto_vel_raw,0.4590,-0.4310,,,
1790704001.845,odom,0.3004,-0.8301,8.334,3.503,
1790704001.852,/auto_vel,0.4590,-0.4310,,,
1790704001.854,/compensador_rumo/cmd_vel,0.4590,-0.4310,,,
1790704001.854,/cmd_vel_bruto,0.4590,-0.4673,,,
1790704001.855,/hoverboard_base_controller/cmd_vel,0.0000,0.0000,,,
1790704001.884,odom,0.3003,-0.8289,8.339,3.506,
1790704001.908,odom,0.3001,-0.8276,8.344,3.509,
1790704001.917,/auto_vel_raw,0.4645,-0.4054,,,
1790704001.947,odom,0.2280,-0.5772,8.348,3.511,
1790704001.953,/auto_vel,0.4645,-0.4054,,,
1790704001.955,/compensador_rumo/cmd_vel,0.4645,-0.4054,,,
1790704001.962,/cmd_vel_bruto,0.4645,-0.4161,,,
1790704001.966,/hoverboard_base_controller/cmd_vel,0.3205,-0.6641,,,
1790704002.001,odom,0.2347,-0.5256,8.352,3.513,
1790704002.010,/auto_vel_raw,0.4654,-0.4052,,,
1790704002.019,odom,0.2059,-0.5486,8.356,3.515,
1790704002.032,/auto_vel,0.4654,-0.4052,,,
1790704002.039,/compensador_rumo/cmd_vel,0.4654,-0.4052,,,
1790704002.040,/cmd_vel_bruto,0.4654,-0.4172,,,
1790704002.049,/hoverboard_base_controller/cmd_vel,0.3222,-0.6536,,,
1790704002.049,odom,0.2070,-0.5550,8.360,3.517,
1790704002.076,/auto_vel_raw,0.4712,-0.3851,,,
1790704002.076,odom,0.2068,-0.5535,8.364,3.518,
1790704002.106,odom,0.2773,-0.6830,8.369,3.521,
1790704002.122,/auto_vel,0.4712,-0.3851,,,
1790704002.123,/compensador_rumo/cmd_vel,0.4712,-0.3851,,,
1790704002.127,/hoverboard_base_controller/cmd_vel,0.3203,-0.6657,,,
1790704002.127,/cmd_vel_bruto,0.4712,-0.3911,,,
1790704002.134,odom,0.2754,-0.6868,8.374,3.523,
1790704002.143,/auto_vel_raw,0.4730,-0.3709,,,
1790704002.153,odom,0.2747,-0.6854,8.379,3.525,
1790704002.162,/auto_vel,0.4730,-0.3709,,,
1790704002.174,/compensador_rumo/cmd_vel,0.4730,-0.3709,,,
1790704002.175,/hoverboard_base_controller/cmd_vel,0.3211,-0.6608,,,
1790704002.175,/cmd_vel_bruto,0.4730,-0.3687,,,
1790704002.177,odom,0.2742,-0.6818,8.384,3.527,
1790704002.198,odom,0.2736,-0.6776,8.389,3.529,
1790704002.200,/auto_vel_raw,0.4792,-0.3423,,,
1790704002.244,odom,0.3040,-0.6804,8.394,3.531,
1790704002.249,/auto_vel,0.4792,-0.3423,,,
1790704002.249,/compensador_rumo/cmd_vel,0.4792,-0.3423,,,
1790704002.250,/hoverboard_base_controller/cmd_vel,0.3196,-0.6699,,,
1790704002.251,/cmd_vel_bruto,0.4792,-0.3027,,,
1790704002.271,odom,0.3035,-0.6744,8.400,3.533,
1790704002.282,/auto_vel_raw,0.4810,-0.3266,,,
1790704002.290,odom,0.3033,-0.6664,8.406,3.535,
1790704002.303,/auto_vel,0.4810,-0.3266,,,
1790704002.305,/compensador_rumo/cmd_vel,0.4810,-0.3266,,,
1790704002.310,/cmd_vel_bruto,0.4810,-0.2347,,,
1790704002.322,odom,0.3037,-0.6570,8.412,3.537,
1790704002.334,/hoverboard_base_controller/cmd_vel,0.3239,-0.6433,,,
1790704002.353,/auto_vel_raw,0.4826,-0.3241,,,
1790704002.355,odom,0.3050,-0.6528,8.417,3.539,
1790704002.366,/auto_vel,0.4826,-0.3241,,,
1790704002.366,/compensador_rumo/cmd_vel,0.4826,-0.3241,,,
1790704002.379,/hoverboard_base_controller/cmd_vel,0.3284,-0.6151,,,
1790704002.379,/cmd_vel_bruto,0.4826,-0.1873,,,
1790704002.428,odom,0.3078,-0.6402,8.423,3.541,
1790704002.489,odom,0.3083,-0.6380,8.429,3.543,
1790704002.522,/auto_vel_raw,0.4852,-0.2917,,,
1790704002.559,odom,0.3082,-0.6372,8.435,3.545,
1790704002.569,/auto_vel,0.4852,-0.2917,,,
1790704002.569,/compensador_rumo/cmd_vel,0.4852,-0.2917,,,
1790704002.569,/hoverboard_base_controller/cmd_vel,0.3283,-0.6152,,,
1790704002.569,/cmd_vel_bruto,0.4852,-0.1067,,,
1790704002.614,odom,0.3081,-0.6363,8.441,3.547,
1790704002.653,/auto_vel_raw,0.4871,-0.2733,,,
1790704002.657,odom,0.3081,-0.6352,8.447,3.548,
1790704002.689,/auto_vel,0.4871,-0.2733,,,
1790704002.689,/compensador_rumo/cmd_vel,0.4871,-0.2733,,,
1790704002.691,/hoverboard_base_controller/cmd_vel,0.0000,0.0000,,,
1790704002.692,/cmd_vel_bruto,0.4871,-0.0496,,,
1790704002.727,odom,0.3120,-0.6138,8.453,3.550,
1790704002.746,odom,0.3121,-0.6123,8.459,3.551,
1790704002.756,/auto_vel_raw,0.4897,-0.2352,,,
1790704002.757,odom,0.3122,-0.6106,8.465,3.553,
1790704002.764,/auto_vel,0.4897,-0.2352,,,
1790704002.764,/compensador_rumo/cmd_vel,0.4897,-0.2352,,,
1790704002.777,/cmd_vel_bruto,0.4897,0.0428,,,
1790704002.788,/hoverboard_base_controller/cmd_vel,0.3328,-0.5874,,,
1790704002.788,odom,0.3123,-0.6088,8.471,3.554,
1790704002.826,/auto_vel_raw,0.5000,0.0000,,,
1790704002.827,odom,0.3125,-0.6068,8.477,3.555,
1790704002.851,odom,0.3165,-0.5855,8.484,3.556,
1790704002.875,/auto_vel,0.5000,0.0000,,,
1790704002.876,/compensador_rumo/cmd_vel,0.5000,0.0000,,,
1790704002.880,/cmd_vel_bruto,0.5000,0.5619,,,
1790704002.891,/hoverboard_base_controller/cmd_vel,0.3387,-0.5507,,,
1790704002.892,odom,0.3167,-0.5834,8.490,3.557,
1790704002.898,/auto_vel_raw,0.5000,0.0000,,,
1790704002.902,odom,0.3170,-0.5812,8.496,3.558,
1790704002.916,/auto_vel,0.5000,0.0000,,,
1790704002.916,/compensador_rumo/cmd_vel,0.5000,0.0000,,,
1790704002.926,/hoverboard_base_controller/cmd_vel,0.3446,-0.5136,,,
1790704002.926,/cmd_vel_bruto,0.5000,0.5732,,,
1790704002.980,odom,0.3174,-0.5788,8.502,3.559,
1790704003.051,/auto_vel_raw,0.5000,0.0000,,,
1790704003.055,odom,0.3178,-0.5760,8.509,3.560,
1790704003.060,/auto_vel,0.5000,0.0000,,,
1790704003.063,/compensador_rumo/cmd_vel,0.5000,0.0000,,,
1790704003.071,/cmd_vel_bruto,0.5000,0.5714,,,
1790704003.077,/hoverboard_base_controller/cmd_vel,0.3489,-0.4868,,,
1790704003.127,odom,0.3296,-0.5136,8.515,3.561,
1790704003.183,odom,0.3295,-0.5136,8.522,3.562,
1790704003.205,/auto_vel_raw,0.5000,0.0000,,,
1790704003.221,odom,0.3294,-0.5136,8.528,3.562,
1790704003.228,/auto_vel,0.5000,0.0000,,,
1790704003.234,/compensador_rumo/cmd_vel,0.5000,0.0000,,,
1790704003.250,/cmd_vel_bruto,0.5000,0.5831,,,
1790704003.265,/hoverboard_base_controller/cmd_vel,0.3564,-0.4398,,,
1790704003.266,odom,0.3294,-0.5136,8.535,3.563,
1790704003.297,odom,0.3293,-0.5136,8.541,3.563,
1790704003.306,/auto_vel_raw,0.5000,0.0000,,,
1790704003.338,odom,0.3433,-0.4398,8.548,3.564,
1790704003.356,/compensador_rumo/cmd_vel,0.5000,0.0000,,,
1790704003.372,/auto_vel,0.5000,0.0000,,,
1790704003.373,/hoverboard_base_controller/cmd_vel,0.3619,-0.4054,,,
1790704003.373,/cmd_vel_bruto,0.5000,0.5898,,,
1790704003.380,odom,0.3433,-0.4398,8.555,3.564,
1790704003.400,/auto_vel_raw,0.5000,0.0000,,,
1790704003.418,/auto_vel,0.5000,0.0000,,,
1790704003.418,/compensador_rumo/cmd_vel,0.5000,0.0000,,,
1790704003.418,odom,0.3433,-0.4398,8.562,3.565,
1790704003.434,/hoverboard_base_controller/cmd_vel,0.3610,-0.3378,,,
1790704003.437,/cmd_vel_bruto,0.5000,0.6008,,,
1790704003.441,odom,0.3432,-0.4398,8.569,3.565,
1790704003.454,/auto_vel_raw,0.5000,0.0000,,,
1790704003.455,odom,0.3432,-0.4398,8.576,3.565,
1790704003.478,odom,0.3554,-0.3734,8.583,3.565,
1790704003.490,/auto_vel,0.5000,0.0000,,,
1790704003.490,/compensador_rumo/cmd_vel,0.5000,0.0000,,,
1790704003.505,/cmd_vel_bruto,0.5000,0.6168,,,
1790704003.505,odom,0.3550,-0.3701,8.590,3.565,
1790704003.507,/hoverboard_base_controller/cmd_vel,0.3007,0.0388,,,
1790704003.519,/auto_vel_raw,0.5000,0.0000,,,
1790704003.520,odom,0.3546,-0.3669,8.597,3.565,
1790704003.575,odom,0.3542,-0.3637,8.604,3.565,
1790704003.590,/auto_vel,0.5000,0.0000,,,
1790704003.592,/compensador_rumo/cmd_vel,0.5000,0.0000,,,
1790704003.595,/cmd_vel_bruto,0.5000,0.6357,,,
1790704003.598,/hoverboard_base_controller/cmd_vel,0.3009,0.0377,,,
1790704003.642,/auto_vel_raw,0.5000,0.0000,,,
1790704003.642,odom,0.3538,-0.3604,8.611,3.565,
1790704003.654,/auto_vel,0.5000,0.0000,,,
1790704003.654,/compensador_rumo/cmd_vel,0.5000,0.0000,,,
1790704003.672,/hoverboard_base_controller/cmd_vel,0.0000,0.0000,,,
1790704003.673,/cmd_vel_bruto,0.5000,0.6364,,,
1790704003.712,odom,0.3056,-0.1926,8.617,3.565,
1790704003.765,odom,0.2992,-0.2150,8.623,3.565,
1790704003.795,/auto_vel_raw,0.5000,0.0000,,,
1790704003.831,odom,0.3006,-0.2276,8.629,3.565,
1790704003.837,/auto_vel,0.5000,0.0000,,,
1790704003.843,/compensador_rumo/cmd_vel,0.5000,0.0000,,,
1790704003.843,/hoverboard_base_controller/cmd_vel,0.2997,0.0448,,,
1790704003.843,/cmd_vel_bruto,0.5000,0.6277,,,
1790704003.883,odom,0.3006,-0.2276,8.635,3.564,
1790704003.948,odom,0.3006,-0.2275,8.641,3.564,
1790704003.970,/auto_vel_raw,0.5000,0.0000,,,
1790704003.986,odom,0.2997,-0.0462,8.647,3.564,
1790704004.000,/auto_vel,0.5000,0.0000,,,
1790704004.002,/compensador_rumo/cmd_vel,0.5000,0.0000,,,
1790704004.013,/hoverboard_base_controller/cmd_vel,0.2991,0.0489,,,
1790704004.014,/cmd_vel_bruto,0.5000,0.5919,,,
1790704004.038,odom,0.2997,-0.0462,8.653,3.564,
1790704004.068,/auto_vel_raw,0.5000,0.0000,,,
1790704004.085,odom,0.2997,-0.0461,8.659,3.563,
1790704004.099,/auto_vel,0.5000,0.0000,,,
1790704004.100,/compensador_rumo/cmd_vel,0.5000,0.0000,,,
1790704004.100,/hoverboard_base_controller/cmd_vel,0.0000,0.0000,,,
1790704004.100,/cmd_vel_bruto,0.5000,0.5688,,,
1790704004.138,odom,0.2997,-0.0461,8.665,3.563,
1790704004.200,/auto_vel_raw,0.5000,0.0000,,,
1790704004.207,odom,0.2997,-0.0461,8.671,3.563,
1790704004.244,odom,0.2197,-0.0000,8.676,3.563,
1790704004.250,/auto_vel,0.5000,0.0000,,,
1790704004.251,/compensador_rumo/cmd_vel,0.5000,0.0000,,,
1790704004.252,/cmd_vel_bruto,0.5000,0.5232,,,
1790704004.254,/hoverboard_base_controller/cmd_vel,0.2965,0.0651,,,
1790704004.286,odom,0.2197,-0.0000,8.680,3.563,
1790704004.321,/auto_vel_raw,0.5000,0.0000,,,
1790704004.349,odom,0.2087,-0.0002,8.684,3.562,
1790704004.356,/auto_vel,0.5000,0.0000,,,
1790704004.356,/compensador_rumo/cmd_vel,0.5000,0.0000,,,
1790704004.361,/cmd_vel_bruto,0.5000,0.5003,,,
1790704004.362,/hoverboard_base_controller/cmd_vel,0.2947,0.0763,,,
1790704004.380,odom,0.2197,0.0000,8.689,3.562,
1790704004.406,odom,0.2197,0.0000,8.693,3.562,
1790704004.410,/auto_vel_raw,0.5000,0.0000,,,
1790704004.433,odom,0.2879,0.0757,8.699,3.562,
1790704004.449,/auto_vel,0.5000,0.0000,,,
1790704004.449,/compensador_rumo/cmd_vel,0.5000,0.0000,,,
1790704004.449,/cmd_vel_bruto,0.5000,0.4569,,,
1790704004.455,/hoverboard_base_controller/cmd_vel,0.2946,0.0766,,,
1790704004.459,odom,0.2881,0.0750,8.704,3.562,
1790704004.478,/auto_vel_raw,0.5000,0.0000,,,
1790704004.489,odom,0.2882,0.0745,8.710,3.561,
1790704004.499,/auto_vel,0.5000,0.0000,,,
1790704004.499,/compensador_rumo/cmd_vel,0.5000,0.0000,,,
1790704004.503,/cmd_vel_bruto,0.5000,0.4614,,,
1790704004.510,/hoverboard_base_controller/cmd_vel,0.2955,0.0716,,,
1790704004.521,odom,0.2883,0.0739,8.716,3.561,
1790704004.543,/auto_vel_raw,0.5000,0.0000,,,
1790704004.543,odom,0.2884,0.0733,8.722,3.561,
1790704004.569,odom,0.2934,0.0711,8.727,3.561,
1790704004.581,/auto_vel,0.5000,0.0000,,,
1790704004.585,/compensador_rumo/cmd_vel,0.5000,0.0000,,,
1790704004.585,/cmd_vel_bruto,0.5000,0.4749,,,
1790704004.589,/hoverboard_base_controller/cmd_vel,0.2989,0.0501,,,
1790704004.595,odom,0.2935,0.0705,8.733,3.560,
1790704004.600,/auto_vel_raw,0.5000,0.0000,,,
1790704004.615,odom,0.2936,0.0699,8.739,3.560,
1790704004.621,/auto_vel,0.5000,0.0000,,,
1790704004.622,/compensador_rumo/cmd_vel,0.5000,0.0000,,,
1790704004.626,/cmd_vel_bruto,0.5000,0.5065,,,
1790704004.628,/hoverboard_base_controller/cmd_vel,0.3011,0.0361,,,
1790704004.632,odom,0.2937,0.0694,8.745,3.560,
1790704004.673,/auto_vel_raw,0.5000,0.0000,,,
1790704004.674,odom,0.2938,0.0688,8.751,3.560,
1790704004.684,/auto_vel,0.5000,0.0000,,,
1790704004.684,/compensador_rumo/cmd_vel,0.5000,0.0000,,,
1790704004.687,/hoverboard_base_controller/cmd_vel,0.3056,0.0079,,,
1790704004.687,/cmd_vel_bruto,0.5000,0.5557,,,
1790704004.718,odom,0.3001,0.0356,8.757,3.560,
1790704004.754,odom,0.3003,0.0349,8.763,3.559,
1790704004.768,/auto_vel_raw,0.5000,0.0000,,,
1790704004.788,odom,0.3004,0.0342,8.769,3.559,
1790704004.797,/auto_vel,0.5000,0.0000,,,
1790704004.799,/compensador_rumo/cmd_vel,0.5000,0.0000,,,
1790704004.806,/hoverboard_base_controller/cmd_vel,0.3079,-0.0065,,,
1790704004.806,/cmd_vel_bruto,0.5000,0.5301,,,
1790704004.815,odom,0.3006,0.0334,8.775,3.559,
1790704004.838,odom,0.3007,0.0327,8.781,3.559,
1790704004.845,/auto_vel_raw,0.5000,0.0000,,,
1790704004.875,odom,0.3079,-0.0057,8.787,3.559,
1790704004.882,/auto_vel,0.5000,0.0000,,,
1790704004.884,/compensador_rumo/cmd_vel,0.5000,0.0000,,,
1790704004.890,/hoverboard_base_controller/cmd_vel,0.3124,-0.0344,,,
1790704004.892,/cmd_vel_bruto,0.5000,0.5339,,,
1790704004.900,odom,0.3079,-0.0055,8.793,3.559,
1790704004.915,/auto_vel_raw,0.5000,0.0000,,,
1790704004.930,odom,0.3079,-0.0055,8.799,3.558,
1790704004.946,/auto_vel,0.5000,0.0000,,,
1790704004.961,/compensador_rumo/cmd_vel,0.5000,0.0000,,,
1790704004.962,/hoverboard_base_controller/cmd_vel,0.3119,-0.0315,,,
1790704004.962,/cmd_vel_bruto,0.5000,0.5498,,,
1790704004.968,odom,0.3079,-0.0055,8.806,3.558,
1790704004.969,odom,0.3079,-0.0055,8.812,3.558,
1790704004.983,/auto_vel_raw,0.5000,0.0000,,,
1790704005.022,odom,0.3114,-0.0291,8.818,3.558,
1790704005.054,/auto_vel,0.5000,0.0000,,,
1790704005.058,/compensador_rumo/cmd_vel,0.5000,0.0000,,,
1790704005.068,/auto_vel_raw,0.5000,0.0000,,,
1790704005.071,/hoverboard_base_controller/cmd_vel,0.3105,-0.0228,,,
1790704005.071,/cmd_vel_bruto,0.5000,0.5542,,,
1790704005.072,odom,0.3117,-0.0278,8.824,3.558,
1790704005.080,/auto_vel,0.5000,0.0000,,,
1790704005.082,/compensador_rumo/cmd_vel,0.5000,0.0000,,,
1790704005.084,/cmd_vel_bruto,0.5000,0.5640,,,
1790704005.086,odom,0.3119,-0.0266,8.830,3.558,
1790704005.096,/hoverboard_base_controller/cmd_vel,0.3024,0.0281,,,
1790704005.099,odom,0.3119,-0.0265,8.837,3.557,
1790704005.103,/auto_vel_raw,0.5000,0.0000,,,
1790704005.110,odom,0.3119,-0.0265,8.843,3.557,
1790704005.146,/auto_vel,0.5000,0.0000,,,
1790704005.147,/compensador_rumo/cmd_vel,0.5000,0.0000,,,
1790704005.147,odom,0.3107,-0.0200,8.849,3.557,
1790704005.149,/cmd_vel_bruto,0.5000,0.5573,,,
1790704005.152,/hoverboard_base_controller/cmd_vel,0.0000,0.0000,,,
1790704005.159,odom,0.3105,-0.0192,8.855,3.557,
1790704005.173,/auto_vel_raw,0.5000,0.0000,,,
1790704005.183,odom,0.3105,-0.0192,8.862,3.557,
1790704005.189,/auto_vel,0.5000,0.0000,,,
1790704005.191,/compensador_rumo/cmd_vel,0.5000,0.0000,,,
1790704005.196,/cmd_vel_bruto,0.5000,0.5709,,,
1790704005.204,/hoverboard_base_controller/cmd_vel,0.3049,0.0122,,,
1790704005.206,odom,0.3105,-0.0192,8.868,3.556,
1790704005.234,/auto_vel_raw,0.5000,0.0000,,,
1790704005.234,odom,0.3105,-0.0192,8.874,3.556,
1790704005.237,/auto_vel,0.5000,0.0000,,,
1790704005.238,/compensador_rumo/cmd_vel,0.5000,0.0000,,,
1790704005.239,/cmd_vel_bruto,0.5000,0.5650,,,
1790704005.245,/hoverboard_base_controller/cmd_vel,0.3046,0.0146,,,
1790704005.279,odom,0.3047,0.0117,8.880,3.556,
1790704005.301,odom,0.3048,0.0109,8.886,3.556,
1790704005.316,/auto_vel_raw,0.5000,0.0000,,,
1790704005.328,odom,0.3049,0.0103,8.892,3.556,
1790704005.331,/auto_vel,0.5000,0.0000,,,
1790704005.334,/compensador_rumo/cmd_vel,0.5000,0.0000,,,
1790704005.334,/cmd_vel_bruto,0.5000,0.5702,,,
1790704005.342,/hoverboard_base_controller/cmd_vel,0.3030,0.0244,,,
1790704005.357,odom,0.3049,0.0103,8.898,3.555,
1790704005.386,/auto_vel_raw,0.5000,0.0000,,,
1790704005.386,odom,0.3049,0.0103,8.904,3.555,
1790704005.485,odom,0.3030,0.0206,8.910,3.555,
1790704005.511,/auto_vel,0.5000,0.0000,,,
1790704005.511,/compensador_rumo/cmd_vel,0.5000,0.0000,,,
1790704005.527,/hoverboard_base_controller/cmd_vel,0.3026,0.0272,,,
1790704005.527,/cmd_vel_bruto,0.5000,0.5740,,,
1790704005.556,odom,0.3030,0.0206,8.917,3.555,
1790704005.582,/auto_vel_raw,0.5000,0.0000,,,
1790704005.593,odom,0.3030,0.0206,8.923,3.555,
1790704005.602,/auto_vel,0.5000,0.0000,,,
1790704005.602,/compensador_rumo/cmd_vel,0.5000,0.0000,,,
1790704005.604,/hoverboard_base_controller/cmd_vel,0.3016,0.0332,,,
1790704005.605,/cmd_vel_bruto,0.5000,0.5602,,,
1790704005.640,odom,0.3030,0.0206,8.929,3.555,
1790704005.680,/auto_vel_raw,0.5000,0.0000,,,
1790704005.680,odom,0.3030,0.0206,8.935,3.554,
1790704005.690,/auto_vel,0.5000,0.0000,,,
1790704005.692,/compensador_rumo/cmd_vel,0.5000,0.0000,,,
1790704005.693,/cmd_vel_bruto,0.5000,0.5517,,,
1790704005.695,/hoverboard_base_controller/cmd_vel,0.3022,0.0291,,,
1790704005.721,odom,0.3016,0.0280,8.941,3.554,
1790704005.744,odom,0.3016,0.0280,8.947,3.554,
1790704005.756,/auto_vel_raw,0.5000,0.0000,,,
1790704005.779,odom,0.3016,0.0280,8.953,3.554,
1790704005.788,/auto_vel,0.5000,0.0000,,,
1790704005.796,/compensador_rumo/cmd_vel,0.5000,0.0000,,,
1790704005.797,/cmd_vel_bruto,0.5000,0.5528,,,
1790704005.799,/hoverboard_base_controller/cmd_vel,0.3009,0.0374,,,
1790704005.829,odom,0.3016,0.0280,8.959,3.554,
1790704005.872,/auto_vel_raw,0.5000,0.0000,,,
1790704005.873,odom,0.3016,0.0280,8.965,3.554,
1790704005.885,/auto_vel,0.5000,0.0000,,,
1790704005.887,/compensador_rumo/cmd_vel,0.5000,0.0000,,,
1790704005.889,/hoverboard_base_controller/cmd_vel,0.3015,0.0338,,,
1790704005.889,/cmd_vel_bruto,0.5000,0.5516,,,
1790704005.935,odom,0.3009,0.0315,8.971,3.553,
1790704005.973,odom,0.3009,0.0315,8.977,3.553,
1790704005.991,/auto_vel_raw,0.5000,0.0000,,,
1790704006.004,odom,0.3009,0.0315,8.983,3.553,
1790704006.016,/auto_vel,0.5000,0.0000,,,
1790704006.017,/compensador_rumo/cmd_vel,0.5000,0.0000,,,
1790704006.017,/hoverboard_base_controller/cmd_vel,0.3010,0.0370,,,
1790704006.017,/cmd_vel_bruto,0.5000,0.5477,,,
1790704006.049,odom,0.3009,0.0315,8.989,3.553,
1790704006.083,odom,0.3009,0.0315,8.995,3.553,
1790704006.088,/auto_vel_raw,0.5000,0.0000,,,
1790704006.123,odom,0.3010,0.0311,9.001,3.553,
1790704006.143,/auto_vel,0.5000,0.0000,,,
1790704006.143,/compensador_rumo/cmd_vel,0.5000,0.0000,,,
1790704006.145,/cmd_vel_bruto,0.5000,0.5407,,,
1790704006.146,/hoverboard_base_controller/cmd_vel,0.3020,0.0308,,,
1790704006.149,odom,0.3010,0.0311,9.007,3.552,
1790704006.181,/auto_vel_raw,0.5000,0.0000,,,
1790704006.197,odom,0.3010,0.0311,9.013,3.552,
1790704006.214,/auto_vel,0.5000,0.0000,,,
1790704006.219,/compensador_rumo/cmd_vel,0.5000,0.0000,,,
1790704006.220,/hoverboard_base_controller/cmd_vel,0.0000,0.0000,,,
1790704006.220,/cmd_vel_bruto,0.5000,0.5435,,,
1790704006.253,odom,0.3010,0.0311,9.019,3.552,
1790704006.308,odom,0.3010,0.0311,9.025,3.552,
1790704006.316,/auto_vel_raw,0.5000,0.0000,,,
1790704006.355,odom,0.2202,-0.0000,9.029,3.552,
1790704006.363,/auto_vel,0.5000,0.0000,,,
1790704006.365,/compensador_rumo/cmd_vel,0.5000,0.0000,,,
1790704006.366,/cmd_vel_bruto,0.5000,0.5619,,,
1790704006.371,/hoverboard_base_controller/cmd_vel,0.3028,0.0256,,,
1790704006.379,odom,0.2202,-0.0000,9.034,3.552,
1790704006.397,/auto_vel_raw,0.5000,0.0000,,,
1790704006.401,odom,0.2094,0.0000,9.038,3.552,
1790704006.408,/auto_vel,0.5000,0.0000,,,
1790704006.408,/compensador_rumo/cmd_vel,0.5000,0.0000,,,
1790704006.411,/cmd_vel_bruto,0.5000,0.4970,,,
1790704006.414,/hoverboard_base_controller/cmd_vel,0.3027,0.0263,,,
1790704006.427,odom,0.2202,0.0000,9.043,3.552,
1790704006.457,/auto_vel_raw,0.5000,0.0000,,,
1790704006.458,odom,0.2202,0.0000,9.047,3.552,
1790704006.469,/auto_vel,0.5000,0.0000,,,
1790704006.470,/compensador_rumo/cmd_vel,0.5000,0.0000,,,
1790704006.471,/cmd_vel_bruto,0.5000,0.4747,,,
1790704006.473,/hoverboard_base_controller/cmd_vel,0.3028,0.0256,,,
1790704006.514,odom,0.3009,0.0249,9.052,3.552,
1790704006.563,odom,0.3012,0.0251,9.059,3.551,
1790704006.583,/auto_vel_raw,0.5000,0.0000,,,
1790704006.599,odom,0.3014,0.0243,9.065,3.551,
1790704006.616,/auto_vel,0.5000,0.0000,,,
1790704006.616,/compensador_rumo/cmd_vel,0.5000,0.0000,,,
1790704006.616,/cmd_vel_bruto,0.5000,0.4706,,,
1790704006.619,/hoverboard_base_controller/cmd_vel,0.3032,0.0231,,,
1790704006.638,odom,0.3015,0.0235,9.071,3.551,
1790704006.671,odom,0.3017,0.0227,9.077,3.551,
1790704006.673,/auto_vel_raw,0.5000,0.0000,,,
1790704006.725,odom,0.3026,0.0225,9.083,3.551,
1790704006.728,/auto_vel,0.5000,0.0000,,,
1790704006.729,/compensador_rumo/cmd_vel,0.5000,0.0000,,,
1790704006.735,/cmd_vel_bruto,0.5000,0.4867,,,
1790704006.742,/hoverboard_base_controller/cmd_vel,0.3039,0.0188,,,
1790704006.760,odom,0.3028,0.0217,9.089,3.551,
1790704006.782,/auto_vel_raw,0.5000,0.0000,,,
1790704006.807,odom,0.3029,0.0209,9.095,3.551,
1790704006.816,/auto_vel,0.5000,0.0000,,,
1790704006.817,/compensador_rumo/cmd_vel,0.5000,0.0000,,,
1790704006.820,/cmd_vel_bruto,0.5000,0.5299,,,
1790704006.821,/hoverboard_base_controller/cmd_vel,0.3036,0.0205,,,
1790704006.877,odom,0.3031,0.0201,9.101,3.551,
1790704006.927,/auto_vel_raw,0.5000,0.0000,,,
1790704006.929,odom,0.3032,0.0195,9.107,3.551,
1790704006.944,odom,0.3033,0.0188,9.113,3.551,
1790704006.957,/auto_vel,0.5000,0.0000,,,
1790704006.957,/compensador_rumo/cmd_vel,0.5000,0.0000,,,
1790704006.965,/cmd_vel_bruto,0.5000,0.5461,,,
1790704006.965,odom,0.3035,0.0180,9.119,3.550,
1790704006.970,/hoverboard_base_controller/cmd_vel,0.3018,0.0319,,,
1790704006.978,/auto_vel_raw,0.5000,0.0000,,,
1790704006.984,odom,0.3036,0.0173,9.125,3.550,
1790704006.992,/auto_vel,0.5000,0.0000,,,
1790704006.992,/compensador_rumo/cmd_vel,0.5000,0.0000,,,
1790704006.992,/cmd_vel_bruto,0.5000,0.5497,,,
1790704006.995,/hoverboard_base_controller/cmd_vel,0.3083,-0.0086,,,
1790704007.002,odom,0.3036,0.0173,9.131,3.550,
1790704007.029,/auto_vel_raw,0.5000,0.0000,,,
1790704007.029,odom,0.3036,0.0173,9.137,3.550,
1790704007.055,odom,0.3082,-0.0076,9.143,3.550,
1790704007.057,/auto_vel,0.5000,0.0000,,,
1790704007.057,/compensador_rumo/cmd_vel,0.5000,0.0000,,,
1790704007.062,/hoverboard_base_controller/cmd_vel,0.3106,-0.0229,,,
1790704007.062,/cmd_vel_bruto,0.5000,0.5570,,,
1790704007.070,odom,0.3083,-0.0073,9.150,3.550,
1790704007.078,/auto_vel_raw,0.5000,0.0000,,,
1790704007.085,odom,0.3083,-0.0073,9.156,3.550,
1790704007.096,/auto_vel,0.5000,0.0000,,,
1790704007.096,/compensador_rumo/cmd_vel,0.5000,0.0000,,,
1790704007.097,/hoverboard_base_controller/cmd_vel,0.3110,-0.0255,,,
1790704007.098,/cmd_vel_bruto,0.5000,0.5535,,,
1790704007.107,odom,0.3083,-0.0073,9.162,3.550,
1790704007.131,odom,0.3083,-0.0073,9.168,3.550,
1790704007.143,/auto_vel_raw,0.5000,0.0000,,,
1790704007.151,odom,0.3107,-0.0229,9.174,3.550,
1790704007.162,/auto_vel,0.5000,0.0000,,,
1790704007.164,/compensador_rumo/cmd_vel,0.5000,0.0000,,,
1790704007.166,/hoverboard_base_controller/cmd_vel,0.3093,-0.0152,,,
1790704007.166,/cmd_vel_bruto,0.5000,0.5623,,,
1790704007.172,odom,0.3110,-0.0217,9.180,3.550,
1790704007.182,/auto_vel_raw,0.5000,0.0000,,,
1790704007.183,odom,0.3110,-0.0215,9.187,3.549,
1790704007.207,odom,0.3110,-0.0215,9.193,3.549,
1790704007.215,/auto_vel,0.5000,0.0000,,,
1790704007.233,/compensador_rumo/cmd_vel,0.5000,0.0000,,,
1790704007.233,/hoverboard_base_controller/cmd_vel,0.3050,0.0121,,,
1790704007.233,/cmd_vel_bruto,0.5000,0.5635,,,
1790704007.252,/auto_vel_raw,0.5000,0.0000,,,
1790704007.258,odom,0.3110,-0.0215,9.199,3.549,
1790704007.271,/auto_vel,0.5000,0.0000,,,
1790704007.271,/compensador_rumo/cmd_vel,0.5000,0.0000,,,
1790704007.282,/hoverboard_base_controller/cmd_vel,0.3034,0.0222,,,
1790704007.282,/cmd_vel_bruto,0.5000,0.5853,,,
1790704007.283,odom,0.3093,-0.0128,9.205,3.549,
1790704007.296,/auto_vel_raw,0.5000,0.0000,,,
1790704007.296,odom,0.3093,-0.0128,9.212,3.549,
1790704007.309,odom,0.3093,-0.0128,9.218,3.549,
1790704007.324,/auto_vel,0.5000,0.0000,,,
1790704007.325,/compensador_rumo/cmd_vel,0.5000,0.0000,,,
1790704007.325,/cmd_vel_bruto,0.5000,0.5662,,,
1790704007.330,/hoverboard_base_controller/cmd_vel,0.3030,0.0244,,,
1790704007.351,odom,0.3093,-0.0128,9.224,3.549,
1790704007.364,odom,0.3093,-0.0128,9.230,3.549,
1790704007.370,/auto_vel_raw,0.5000,0.0000,,,
1790704007.378,odom,0.3023,0.0240,9.236,3.549,
1790704007.386,/auto_vel,0.5000,0.0000,,,
1790704007.386,/compensador_rumo/cmd_vel,0.5000,0.0000,,,
1790704007.388,/cmd_vel_bruto,0.5000,0.5551,,,
1790704007.390,/hoverboard_base_controller/cmd_vel,0.3023,0.0289,,,
1790704007.409,odom,0.3025,0.0231,9.242,3.548,
1790704007.423,/auto_vel_raw,0.5000,0.0000,,,
1790704007.429,odom,0.3027,0.0223,9.248,3.548,
1790704007.435,/auto_vel,0.5000,0.0000,,,
1790704007.437,/compensador_rumo/cmd_vel,0.5000,0.0000,,,
1790704007.443,/hoverboard_base_controller/cmd_vel,0.3026,0.0267,,,
1790704007.443,/cmd_vel_bruto,0.5000,0.5399,,,
1790704007.470,odom,0.3028,0.0215,9.254,3.548,
1790704007.536,odom,0.3030,0.0207,9.260,3.548,
1790704007.537,/auto_vel_raw,0.5000,0.0000,,,
1790704007.610,odom,0.3026,0.0225,9.266,3.548,
1790704007.621,/auto_vel,0.5000,0.0000,,,
1790704007.621,/compensador_rumo/cmd_vel,0.5000,0.0000,,,
1790704007.621,/hoverboard_base_controller/cmd_vel,0.3018,0.0321,,,
1790704007.623,/cmd_vel_bruto,0.5000,0.5599,,,
1790704007.659,odom,0.3026,0.0225,9.272,3.548,
1790704007.676,/auto_vel_raw,0.5000,0.0000,,,
1790704007.698,odom,0.3026,0.0225,9.278,3.548,
1790704007.704,/auto_vel,0.5000,0.0000,,,
1790704007.707,/compensador_rumo/cmd_vel,0.5000,0.0000,,,
1790704007.709,/cmd_vel_bruto,0.5000,0.5519,,,
1790704007.711,/hoverboard_base_controller/cmd_vel,0.3016,0.0329,,,
1790704007.743,odom,0.3026,0.0225,9.285,3.548,
1790704007.779,odom,0.3026,0.0225,9.291,3.548,
1790704007.781,/auto_vel_raw,0.5000,0.0000,,,
1790704007.822,odom,0.3016,0.0277,9.297,3.548,
1790704007.838,/auto_vel,0.5000,0.0000,,,
1790704007.840,/compensador_rumo/cmd_vel,0.5000,0.0000,,,
1790704007.841,/hoverboard_base_controller/cmd_vel,0.2995,0.0462,,,
1790704007.841,/cmd_vel_bruto,0.5000,0.5549,,,
1790704007.858,odom,0.3016,0.0277,9.303,3.548,
1790704007.871,/auto_vel_raw,0.5000,0.0000,,,
1790704007.881,odom,0.3016,0.0277,9.309,3.548,
1790704007.885,/auto_vel,0.5000,0.0000,,,
1790704007.886,/compensador_rumo/cmd_vel,0.5000,0.0000,,,
1790704007.888,/cmd_vel_bruto,0.5000,0.5631,,,
1790704007.890,/hoverboard_base_controller/cmd_vel,0.3014,0.0345,,,
1790704007.909,odom,0.3016,0.0277,9.315,3.547,
1790704007.934,odom,0.3016,0.0277,9.321,3.547,
1790704007.941,/auto_vel_raw,0.5000,0.0000,,,
1790704007.975,odom,0.3014,0.0291,9.327,3.547,
1790704007.984,/auto_vel,0.5000,0.0000,,,
1790704007.992,/compensador_rumo/cmd_vel,0.5000,0.0000,,,
1790704007.993,/hoverboard_base_controller/cmd_vel,0.3025,0.0277,,,
1790704007.994,/cmd_vel_bruto,0.5000,0.5422,,,
1790704007.997,odom,0.3014,0.0291,9.333,3.547,
1790704008.003,/auto_vel_raw,0.5000,0.0000,,,
1790704008.017,odom,0.3014,0.0291,9.339,3.547,
1790704008.027,/auto_vel,0.5000,0.0000,,,
1790704008.027,/compensador_rumo/cmd_vel,0.5000,0.0000,,,
1790704008.027,/hoverboard_base_controller/cmd_vel,0.3040,0.0183,,,
1790704008.028,/cmd_vel_bruto,0.5000,0.5417,,,
1790704008.046,odom,0.3014,0.0291,9.345,3.547,
1790704008.074,/auto_vel_raw,0.5000,0.0000,,,
1790704008.075,odom,0.3014,0.0291,9.351,3.547,
1790704008.085,/auto_vel,0.5000,0.0000,,,
1790704008.086,/compensador_rumo/cmd_vel,0.5000,0.0000,,,
1790704008.087,/cmd_vel_bruto,0.5000,0.5444,,,
1790704008.090,/hoverboard_base_controller/cmd_vel,0.3020,0.0307,,,
1790704008.114,odom,0.3035,0.0177,9.357,3.547,
1790704008.135,odom,0.3037,0.0168,9.363,3.547,
1790704008.150,/auto_vel_raw,0.5000,0.0000,,,
1790704008.160,odom,0.3039,0.0160,9.369,3.547,
1790704008.165,/auto_vel,0.5000,0.0000,,,
1790704008.166,/compensador_rumo/cmd_vel,0.5000,0.0000,,,
1790704008.172,/hoverboard_base_controller/cmd_vel,0.3028,0.0257,,,
1790704008.172,/cmd_vel_bruto,0.5000,0.5486,,,
1790704008.179,odom,0.3040,0.0154,9.375,3.547,
1790704008.208,/auto_vel_raw,0.5000,0.0000,,,
1790704008.210,odom,0.3040,0.0154,9.381,3.547,
1790704008.247,odom,0.3028,0.0217,9.387,3.547,
1790704008.256,/auto_vel,0.5000,0.0000,,,
1790704008.257,/compensador_rumo/cmd_vel,0.5000,0.0000,,,
1790704008.257,/cmd_vel_bruto,0.5000,0.5580,,,
1790704008.261,/hoverboard_base_controller/cmd_vel,0.3025,0.0276,,,
1790704008.269,odom,0.3028,0.0217,9.393,3.547,
1790704008.294,/auto_vel_raw,0.5000,0.0000,,,
1790704008.302,odom,0.3028,0.0217,9.399,3.547,
1790704008.314,/auto_vel,0.5000,0.0000,,,
1790704008.315,/compensador_rumo/cmd_vel,0.5000,0.0000,,,
1790704008.319,/hoverboard_base_controller/cmd_vel,0.3017,0.0326,,,
1790704008.319,/cmd_vel_bruto,0.5000,0.5585,,,
1790704008.323,odom,0.3028,0.0217,9.405,3.547,
1790704008.354,odom,0.3028,0.0217,9.412,3.547,
1790704008.363,/auto_vel_raw,0.5000,0.0000,,,
1790704008.395,odom,0.3017,0.0275,9.418,3.547,
1790704008.406,/auto_vel,0.5000,0.0000,,,
1790704008.406,/compensador_rumo/cmd_vel,0.5000,0.0000,,,
1790704008.406,/hoverboard_base_controller/cmd_vel,0.3037,0.0197,,,
1790704008.407,/cmd_vel_bruto,0.5000,0.5587,,,
1790704008.433,odom,0.3017,0.0275,9.424,3.547,
1790704008.448,/auto_vel_raw,0.5000,0.0000,,,
1790704008.454,odom,0.3017,0.0275,9.430,3.547,
1790704008.465,/auto_vel,0.5000,0.0000,,,
1790704008.465,/compensador_rumo/cmd_vel,0.5000,0.0000,,,
1790704008.467,/hoverboard_base_controller/cmd_vel,0.3038,0.0194,,,
1790704008.467,/cmd_vel_bruto,0.5000,0.5551,,,
1790704008.477,odom,0.3017,0.0275,9.436,3.547,
1790704008.546,odom,0.3017,0.0275,9.442,3.547,
1790704008.548,/auto_vel_raw,0.5000,0.0000,,,
1790704008.635,odom,0.3033,0.0188,9.448,3.547,
1790704008.636,/auto_vel,0.5000,0.0000,,,
1790704008.636,/compensador_rumo/cmd_vel,0.5000,0.0000,,,
1790704008.637,/hoverboard_base_controller/cmd_vel,0.3035,0.0211,,,
1790704008.637,/cmd_vel_bruto,0.5000,0.5457,,,
1790704008.667,odom,0.3035,0.0179,9.454,3.547,
1790704008.686,/auto_vel_raw,0.5000,0.0000,,,
1790704008.693,odom,0.3037,0.0171,9.460,3.547,
1790704008.705,/auto_vel,0.5000,0.0000,,,
1790704008.705,/compensador_rumo/cmd_vel,0.5000,0.0000,,,
1790704008.707,/cmd_vel_bruto,0.5000,0.5491,,,
1790704008.717,/hoverboard_base_controller/cmd_vel,0.3031,0.0237,,,
1790704008.717,odom,0.3038,0.0164,9.466,3.547,
1790704008.738,odom,0.3038,0.0163,9.472,3.547,
1790704008.745,/auto_vel_raw,0.5000,0.0000,,,
1790704008.808,odom,0.3031,0.0200,9.478,3.547,
1790704008.814,/auto_vel,0.5000,0.0000,,,
1790704008.816,/compensador_rumo/cmd_vel,0.5000,0.0000,,,
1790704008.826,/hoverboard_base_controller/cmd_vel,0.3022,0.0295,,,
1790704008.826,/cmd_vel_bruto,0.5000,0.5499,,,
1790704008.859,odom,0.3031,0.0200,9.484,3.547,
1790704008.886,/auto_vel_raw,0.5000,0.0000,,,
1790704008.922,odom,0.3031,0.0200,9.490,3.547,
1790704008.934,/auto_vel,0.5000,0.0000,,,
1790704008.936,/compensador_rumo/cmd_vel,0.5000,0.0000,,,
1790704008.942,/hoverboard_base_controller/cmd_vel,0.3021,0.0298,,,
1790704008.943,/cmd_vel_bruto,0.5000,0.5536,,,
1790704008.983,odom,0.3031,0.0200,9.496,3.547,
1790704009.039,odom,0.3031,0.0200,9.502,3.547,
1790704009.050,/auto_vel_raw,0.5000,0.0000,,,
1790704009.079,odom,0.3021,0.0251,9.508,3.547,
1790704009.100,/auto_vel,0.5000,0.0000,,,
1790704009.101,/compensador_rumo/cmd_vel,0.5000,0.0000,,,
1790704009.101,/cmd_vel_bruto,0.5000,0.5299,,,
1790704009.109,/hoverboard_base_controller/cmd_vel,0.3021,0.0299,,,
1790704009.111,odom,0.3021,0.0251,9.514,3.547,
1790704009.130,/auto_vel_raw,0.5000,0.0000,,,
1790704009.145,odom,0.3021,0.0251,9.521,3.547,
1790704009.167,/auto_vel,0.5000,0.0000,,,
1790704009.168,/compensador_rumo/cmd_vel,0.5000,0.0000,,,
1790704009.169,/cmd_vel_bruto,0.5000,0.5688,,,
1790704009.175,/hoverboard_base_controller/cmd_vel,0.3025,0.0277,,,
1790704009.182,odom,0.3021,0.0251,9.527,3.547,
1790704009.219,odom,0.3021,0.0251,9.533,3.547,
1790704009.226,/auto_vel_raw,0.5000,0.0000,,,
1790704009.234,/auto_vel,0.5000,0.0000,,,
1790704009.238,/compensador_rumo/cmd_vel,0.5000,0.0000,,,
1790704009.240,/hoverboard_base_controller/cmd_vel,0.3034,0.0219,,,
1790704009.242,/cmd_vel_bruto,0.5000,0.5493,,,
1790704009.262,odom,0.3023,0.0244,9.539,3.547,
1790704009.288,odom,0.3024,0.0236,9.545,3.547,
1790704009.327,odom,0.3025,0.0233,9.551,3.547,
1790704009.331,/auto_vel_raw,0.5000,0.0000,,,
1790704009.345,odom,0.3025,0.0233,9.557,3.547,
1790704009.348,/auto_vel,0.5000,0.0000,,,
1790704009.349,/compensador_rumo/cmd_vel,0.5000,0.0000,,,
1790704009.357,/cmd_vel_bruto,0.5000,0.5282,,,
1790704009.358,odom,0.3025,0.0233,9.563,3.547,
1790704009.363,/hoverboard_base_controller/cmd_vel,0.3030,0.0245,,,
1790704009.369,/auto_vel_raw,0.5000,0.0000,,,
1790704009.403,odom,0.3029,0.0213,9.569,3.547,
1790704009.425,/auto_vel,0.5000,0.0000,,,
1790704009.425,/compensador_rumo/cmd_vel,0.5000,0.0000,,,
1790704009.431,/hoverboard_base_controller/cmd_vel,0.0000,0.0000,,,
1790704009.431,/cmd_vel_bruto,0.5000,0.5659,,,
1790704009.444,odom,0.3030,0.0204,9.575,3.547,
1790704009.467,/auto_vel_raw,0.5000,0.0000,,,
1790704009.476,odom,0.3032,0.0195,9.581,3.547,
1790704009.482,/auto_vel,0.5000,0.0000,,,
1790704009.482,/compensador_rumo/cmd_vel,0.5000,0.0000,,,
1790704009.482,/hoverboard_base_controller/cmd_vel,0.3026,0.0268,,,
1790704009.482,/cmd_vel_bruto,0.5000,0.5463,,,
1790704009.510,odom,0.3034,0.0187,9.587,3.547,
1790704009.562,odom,0.3034,0.0184,9.593,3.547,
1790704009.569,/auto_vel_raw,0.5000,0.0000,,,
1790704009.610,odom,0.3026,0.0226,9.599,3.547,
1790704009.625,/auto_vel,0.5000,0.0000,,,
1790704009.625,/compensador_rumo/cmd_vel,0.5000,0.0000,,,
1790704009.625,/cmd_vel_bruto,0.5000,0.5581,,,
1790704009.629,/hoverboard_base_controller/cmd_vel,0.3050,0.0121,,,
1790704009.642,odom,0.3026,0.0226,9.605,3.547,
1790704009.661,/auto_vel_raw,0.5000,0.0000,,,
1790704009.681,odom,0.3026,0.0226,9.611,3.547,
1790704009.693,/auto_vel,0.5000,0.0000,,,
1790704009.707,/compensador_rumo/cmd_vel,0.5000,0.0000,,,
1790704009.712,/hoverboard_base_controller/cmd_vel,0.3011,0.0361,,,
1790704009.712,/cmd_vel_bruto,0.5000,0.5582,,,
1790704009.718,odom,0.3026,0.0226,9.617,3.547,
1790704009.750,/auto_vel_raw,0.5000,0.0000,,,
1790704009.751,odom,0.3026,0.0226,9.623,3.548,
1790704009.765,/auto_vel,0.5000,0.0000,,,
1790704009.765,/compensador_rumo/cmd_vel,0.5000,0.0000,,,
1790704009.765,/cmd_vel_bruto,0.5000,0.5499,,,
1790704009.769,/hoverboard_base_controller/cmd_vel,0.3030,0.0242,,,
1790704009.797,odom,0.3011,0.0304,9.629,3.548,
1790704009.825,odom,0.3011,0.0304,9.635,3.548,
1790704009.840,/auto_vel_raw,0.5000,0.0000,,,
1790704009.855,odom,0.3011,0.0304,9.641,3.548,
1790704009.871,/auto_vel,0.5000,0.0000,,,
1790704009.872,/compensador_rumo/cmd_vel,0.5000,0.0000,,,
1790704009.874,/hoverboard_base_controller/cmd_vel,0.3051,0.0110,,,
1790704009.874,/cmd_vel_bruto,0.5000,0.5489,,,
1790704009.883,odom,0.3011,0.0304,9.648,3.548,
1790704009.910,odom,0.3011,0.0304,9.654,3.548,
1790704009.917,/auto_vel_raw,0.5000,0.0000,,,
1790704009.917,/auto_vel,0.5000,0.0000,,,
1790704009.919,/compensador_rumo/cmd_vel,0.5000,0.0000,,,
1790704009.922,/cmd_vel_bruto,0.5000,0.5449,,,
1790704009.923,/hoverboard_base_controller/cmd_vel,0.0000,0.0000,,,
1790704009.965,odom,0.3049,0.0104,9.660,3.548,
1790704009.991,odom,0.3051,0.0095,9.666,3.548,
1790704010.002,/auto_vel_raw,0.5000,0.0000,,,
1790704010.013,odom,0.3051,0.0093,9.672,3.548,
1790704010.020,/auto_vel,0.5000,0.0000,,,
1790704010.020,/compensador_rumo/cmd_vel,0.5000,0.0000,,,
1790704010.020,/hoverboard_base_controller/cmd_vel,0.3033,0.0223,,,
1790704010.020,/cmd_vel_bruto,0.5000,0.5463,,,
1790704010.047,odom,0.3051,0.0093,9.678,3.548,
1790704010.065,/auto_vel_raw,0.5000,0.0000,,,
1790704010.070,odom,0.3051,0.0093,9.684,3.548,
1790704010.084,/auto_vel,0.5000,0.0000,,,
1790704010.084,/compensador_rumo/cmd_vel,0.5000,0.0000,,,
1790704010.087,/hoverboard_base_controller/cmd_vel,0.3022,0.0296,,,
1790704010.088,/cmd_vel_bruto,0.5000,0.5531,,,
1790704010.098,odom,0.3033,0.0188,9.690,3.548,
1790704010.123,odom,0.3033,0.0188,9.696,3.549,
1790704010.133,/auto_vel_raw,0.4804,-0.4105,,,
1790704010.145,odom,0.3033,0.0188,9.702,3.549,
1790704010.162,/auto_vel,0.4804,-0.4105,,,
1790704010.162,/compensador_rumo/cmd_vel,0.4804,-0.4105,,,
1790704010.165,/cmd_vel_bruto,0.4804,-0.3601,,,
1790704010.171,/hoverboard_base_controller/cmd_vel,0.3030,0.0245,,,
1790704010.176,odom,0.3033,0.0188,9.708,3.549,
1790704010.195,odom,0.3033,0.0188,9.714,3.549,
1790704010.199,/auto_vel_raw,0.4786,-0.4197,,,
1790704010.276,odom,0.3030,0.0206,9.720,3.549,
1790704010.291,/auto_vel,0.4786,-0.4197,,,
1790704010.297,/compensador_rumo/cmd_vel,0.4786,-0.4197,,,
1790704010.298,/cmd_vel_bruto,0.4786,-0.3807,,,
1790704010.299,/hoverboard_base_controller/cmd_vel,0.0000,0.0000,,,
1790704010.369,odom,0.3030,0.0206,9.726,3.549,
1790704010.423,/auto_vel_raw,0.4772,-0.4266,,,
1790704010.471,odom,0.3030,0.0206,9.733,3.549,
1790704010.491,/auto_vel,0.4772,-0.4266,,,
1790704010.492,/compensador_rumo/cmd_vel,0.4772,-0.4266,,,
1790704010.493,/hoverboard_base_controller/cmd_vel,0.3031,0.0239,,,
1790704010.493,/cmd_vel_bruto,0.4772,-0.3878,,,
1790704010.576,odom,0.3030,0.0206,9.739,3.549,
1790704010.621,odom,0.3030,0.0206,9.745,3.549,
1790704010.623,/auto_vel_raw,0.4766,-0.4295,,,
1790704010.658,odom,0.3031,0.0201,9.751,3.550,
1790704010.670,/auto_vel,0.4766,-0.4295,,,
1790704010.677,/compensador_rumo/cmd_vel,0.4766,-0.4295,,,
1790704010.685,/cmd_vel_bruto,0.4766,-0.4041,,,
1790704010.688,/hoverboard_base_controller/cmd_vel,0.3035,0.0214,,,
1790704010.714,odom,0.3031,0.0201,9.757,3.550,
1790704010.741,/auto_vel_raw,0.4744,-0.4390,,,
1790704010.769,odom,0.3031,0.0201,9.763,3.550,
1790704010.774,/auto_vel,0.4744,-0.4390,,,
1790704010.777,/compensador_rumo/cmd_vel,0.4744,-0.4390,,,
1790704010.781,/hoverboard_base_controller/cmd_vel,0.3033,0.0223,,,
1790704010.781,/cmd_vel_bruto,0.4744,-0.4225,,,
1790704010.824,odom,0.3031,0.0201,9.769,3.550,
1790704010.876,odom,0.3031,0.0201,9.775,3.550,
1790704010.884,/auto_vel_raw,0.4728,-0.4458,,,
1790704010.886,/auto_vel,0.4728,-0.4458,,,
1790704010.886,/compensador_rumo/cmd_vel,0.4728,-0.4458,,,
1790704010.886,/hoverboard_base_controller/cmd_vel,0.3027,0.0265,,,
1790704010.893,/cmd_vel_bruto,0.4728,-0.4405,,,
1790704010.924,odom,0.3032,0.0194,9.781,3.550,
1790704010.955,odom,0.3033,0.0188,9.787,3.550,
1790704010.979,/auto_vel_raw,0.4710,-0.4531,,,
1790704010.980,odom,0.3033,0.0188,9.793,3.550,
1790704011.000,/auto_vel,0.4710,-0.4531,,,
1790704011.000,/compensador_rumo/cmd_vel,0.4710,-0.4531,,,
1790704011.004,/cmd_vel_bruto,0.4710,-0.4538,,,
1790704011.008,odom,0.3033,0.0188,9.799,3.551,
1790704011.015,/hoverboard_base_controller/cmd_vel,0.3340,-0.5800,,,
1790704011.039,odom,0.3033,0.0188,9.805,3.551,
1790704011.059,/auto_vel_raw,0.4717,-0.4505,,,
1790704011.059,odom,0.3306,-0.1217,9.812,3.551,
1790704011.092,odom,0.3307,-0.1210,9.818,3.551,
1790704011.103,/auto_vel_raw,0.4696,-0.4571,,,
1790704011.105,/auto_vel,0.4717,-0.4505,,,
1790704011.107,/compensador_rumo/cmd_vel,0.4717,-0.4505,,,
1790704011.110,/cmd_vel_bruto,0.4717,-0.4612,,,
1790704011.116,odom,0.3308,-0.1204,9.825,3.551,
1790704011.130,/hoverboard_base_controller/cmd_vel,0.3315,-0.5954,,,
1790704011.137,odom,0.3309,-0.1197,9.832,3.551,
1790704011.167,/auto_vel,0.4696,-0.4571,,,
1790704011.169,/compensador_rumo/cmd_vel,0.4696,-0.4571,,,
1790704011.176,/hoverboard_base_controller/cmd_vel,0.0000,0.0000,,,
1790704011.176,/cmd_vel_bruto,0.4696,-0.4460,,,
1790704011.194,odom,0.3311,-0.1190,9.838,3.551,
1790704011.206,/auto_vel_raw,0.4677,-0.4613,,,
1790704011.223,odom,0.3315,-0.2099,9.845,3.551,
1790704011.236,/auto_vel,0.4677,-0.4613,,,
1790704011.238,odom,0.3315,-0.2099,9.852,3.551,
1790704011.249,/compensador_rumo/cmd_vel,0.4677,-0.4613,,,
1790704011.259,/hoverboard_base_controller/cmd_vel,0.3286,-0.6138,,,
1790704011.261,/cmd_vel_bruto,0.4677,-0.4575,,,
1790704011.277,/auto_vel_raw,0.4698,-0.4476,,,
1790704011.300,odom,0.3315,-0.2099,9.858,3.551,
1790704011.312,/auto_vel,0.4698,-0.4476,,,
1790704011.317,/compensador_rumo/cmd_vel,0.4698,-0.4476,,,
1790704011.323,/cmd_vel_bruto,0.4698,-0.3899,,,
1790704011.327,/hoverboard_base_controller/cmd_vel,0.3270,-0.6235,,,
1790704011.341,odom,0.3315,-0.2099,9.865,3.551,
1790704011.378,/auto_vel_raw,0.4686,-0.4490,,,
1790704011.380,odom,0.3315,-0.2099,9.871,3.551,
1790704011.420,/auto_vel,0.4686,-0.4490,,,
1790704011.422,/compensador_rumo/cmd_vel,0.4686,-0.4490,,,
1790704011.425,odom,0.2828,-0.1616,9.877,3.551,
1790704011.436,/hoverboard_base_controller/cmd_vel,0.0000,0.0000,,,
1790704011.438,/cmd_vel_bruto,0.4686,-0.3868,,,
1790704011.441,odom,0.2780,-0.1569,9.883,3.551,
1790704011.461,/auto_vel_raw,0.4667,-0.4528,,,
1790704011.462,odom,0.2793,-0.1853,9.888,3.551,
1790704011.475,/auto_vel,0.4667,-0.4528,,,
1790704011.475,/compensador_rumo/cmd_vel,0.4667,-0.4528,,,
1790704011.478,odom,0.2793,-0.1852,9.894,3.551,
1790704011.496,/hoverboard_base_controller/cmd_vel,0.3258,-0.6309,,,
1790704011.497,/cmd_vel_bruto,0.4667,-0.4290,,,
1790704011.497,odom,0.2793,-0.1851,9.899,3.551,
1790704011.517,/auto_vel_raw,0.4667,-0.4518,,,
1790704011.548,odom,0.3270,-0.3053,9.906,3.551,
1790704011.565,/auto_vel,0.4667,-0.4518,,,
1790704011.569,/compensador_rumo/cmd_vel,0.4667,-0.4518,,,
1790704011.570,/cmd_vel_bruto,0.4667,-0.4692,,,
1790704011.571,odom,0.3266,-0.3074,9.912,3.550,
1790704011.581,/auto_vel_raw,0.4721,-0.4265,,,
1790704011.583,/hoverboard_base_controller/cmd_vel,0.3264,-0.6277,,,
1790704011.583,odom,0.3266,-0.3072,9.919,3.550,
1790704011.596,/auto_vel_raw,0.4721,-0.4247,,,
1790704011.596,/auto_vel,0.4721,-0.4265,,,
1790704011.596,/compensador_rumo/cmd_vel,0.4721,-0.4265,,,
1790704011.597,/cmd_vel_bruto,0.4721,-0.4450,,,
1790704011.597,odom,0.3266,-0.3070,9.925,3.550,
1790704011.599,/hoverboard_base_controller/cmd_vel,0.3253,-0.6342,,,
1790704011.600,odom,0.3265,-0.3066,9.932,3.550,
1790704011.602,odom,0.3345,-0.4750,9.939,3.549,
1790704011.618,/auto_vel,0.4721,-0.4247,,,
1790704011.620,/compensador_rumo/cmd_vel,0.4721,-0.4247,,,
1790704011.623,/hoverboard_base_controller/cmd_vel,0.0000,0.0000,,,
1790704011.624,/cmd_vel_bruto,0.4721,-0.3821,,,
1790704011.656,odom,0.3286,-0.5173,9.945,3.549,
1790704011.700,/auto_vel_raw,0.4713,-0.4218,,,
1790704011.711,odom,0.3247,-0.5449,9.952,3.548,
1790704011.745,odom,0.3245,-0.5437,9.958,3.548,
1790704011.762,/auto_vel,0.4713,-0.4218,,,
1790704011.762,/compensador_rumo/cmd_vel,0.4713,-0.4218,,,
1790704011.762,/hoverboard_base_controller/cmd_vel,0.3309,-0.5995,,,
1790704011.762,/cmd_vel_bruto,0.4713,-0.3441,,,
1790704011.801,/auto_vel_raw,0.4723,-0.4058,,,
1790704011.802,odom,0.3243,-0.5423,9.965,3.547,
1790704011.833,odom,0.3369,-0.6588,9.971,3.546,
1790704011.845,/auto_vel,0.4723,-0.4058,,,
1790704011.852,/compensador_rumo/cmd_vel,0.4723,-0.4058,,,
1790704011.852,/hoverboard_base_controller/cmd_vel,0.3310,-0.5984,,,
1790704011.853,/cmd_vel_bruto,0.4723,-0.2922,,,
1790704011.885,odom,0.3317,-0.6918,9.978,3.545,
1790704011.922,/auto_vel_raw,0.4771,-0.3727,,,
1790704011.937,odom,0.3278,-0.7141,9.984,3.544,
1790704011.945,/auto_vel,0.4771,-0.3727,,,
1790704011.945,/compensador_rumo/cmd_vel,0.4771,-0.3727,,,
1790704011.946,/cmd_vel_bruto,0.4771,-0.2126,,,
1790704011.949,/hoverboard_base_controller/cmd_vel,0.0000,0.0000,,,
1790704012.003,odom,0.3273,-0.7103,9.991,3.543,
1790704012.051,/auto_vel_raw,0.4795,-0.3490,,,
1790704012.052,odom,0.3267,-0.7057,9.997,3.542,
1790704012.067,/auto_vel,0.4795,-0.3490,,,
1790704012.071,/compensador_rumo/cmd_vel,0.4795,-0.3490,,,
1790704012.077,/hoverboard_base_controller/cmd_vel,0.3275,-0.6206,,,
1790704012.077,/cmd_vel_bruto,0.4795,-0.1663,,,
1790704012.077,odom,0.2637,-0.4589,10.003,3.541,
1790704012.123,odom,0.2646,-0.4552,10.008,3.540,
1790704012.155,/auto_vel_raw,0.4817,-0.3289,,,
1790704012.177,odom,0.2385,-0.4490,10.013,3.539,
1790704012.184,/auto_vel,0.4817,-0.3289,,,
1790704012.187,/compensador_rumo/cmd_vel,0.4817,-0.3289,,,
1790704012.187,/hoverboard_base_controller/cmd_vel,0.3243,-0.6404,,,
1790704012.187,/cmd_vel_bruto,0.4817,-0.1791,,,
1790704012.209,odom,0.2397,-0.4426,10.017,3.538,
1790704012.237,odom,0.2407,-0.4373,10.022,3.537,
1790704012.294,/auto_vel_raw,0.4888,-0.2730,,,
1790704012.331,odom,0.3071,-0.5805,10.028,3.536,
1790704012.338,/auto_vel,0.4888,-0.2730,,,
1790704012.338,/compensador_rumo/cmd_vel,0.4888,-0.2730,,,
1790704012.341,/cmd_vel_bruto,0.4888,-0.1103,,,
1790704012.343,/hoverboard_base_controller/cmd_vel,0.3317,-0.5946,,,
1790704012.357,odom,0.3077,-0.5750,10.034,3.534,
1790704012.364,/auto_vel_raw,0.4913,-0.2475,,,
1790704012.365,odom,0.3087,-0.5668,10.040,3.533,
1790704012.385,/auto_vel,0.4913,-0.2475,,,
1790704012.386,/compensador_rumo/cmd_vel,0.4913,-0.2475,,,
1790704012.391,/cmd_vel_bruto,0.4913,-0.0561,,,
1790704012.398,/hoverboard_base_controller/cmd_vel,0.3347,-0.5753,,,
1790704012.399,odom,0.3094,-0.5633,10.045,3.531,
1790704012.404,odom,0.3097,-0.5615,10.051,3.530,
1790704012.416,/auto_vel_raw,0.5000,0.0000,,,
1790704012.432,odom,0.3178,-0.5752,10.058,3.528,
1790704012.440,/auto_vel,0.5000,0.0000,,,
1790704012.445,odom,0.3181,-0.5753,10.064,3.526,
1790704012.450,/compensador_rumo/cmd_vel,0.5000,0.0000,,,
1790704012.453,/hoverboard_base_controller/cmd_vel,0.3464,-0.5023,,,
1790704012.455,/cmd_vel_bruto,0.5000,0.5158,,,
1790704012.462,/auto_vel_raw,0.5000,0.0000,,,
1790704012.469,odom,0.3185,-0.5753,10.070,3.524,
1790704012.478,/auto_vel,0.5000,0.0000,,,
1790704012.478,/compensador_rumo/cmd_vel,0.5000,0.0000,,,
1790704012.478,/cmd_vel_bruto,0.5000,0.5369,,,
1790704012.488,/hoverboard_base_controller/cmd_vel,0.0000,0.0000,,,
1790704012.488,odom,0.3189,-0.5753,10.076,3.522,
1790704012.505,/auto_vel_raw,0.5000,0.0000,,,
1790704012.506,odom,0.3194,-0.5753,10.082,3.520,
1790704012.528,odom,0.2512,-0.4106,10.087,3.518,
1790704012.537,/auto_vel,0.5000,0.0000,,,
1790704012.538,/compensador_rumo/cmd_vel,0.5000,0.0000,,,
1790704012.542,/hoverboard_base_controller/cmd_vel,0.3507,-0.4754,,,
1790704012.542,/cmd_vel_bruto,0.5000,0.5731,,,
1790704012.558,odom,0.2525,-0.3998,10.091,3.517,
1790704012.571,/auto_vel_raw,0.5000,0.0000,,,
1790704012.581,odom,0.2368,-0.4311,10.096,3.515,
1790704012.586,/auto_vel,0.5000,0.0000,,,
1790704012.592,/compensador_rumo/cmd_vel,0.5000,0.0000,,,
1790704012.600,/cmd_vel_bruto,0.5000,0.5427,,,
1790704012.601,odom,0.2394,-0.4788,10.100,3.513,
1790704012.616,/hoverboard_base_controller/cmd_vel,0.3496,-0.4823,,,
1790704012.625,/auto_vel_raw,0.5000,0.0000,,,
1790704012.626,odom,0.2394,-0.4783,10.105,3.511,
1790704012.646,odom,0.3065,-0.4802,10.110,3.509,
1790704012.660,/auto_vel,0.5000,0.0000,,,
1790704012.660,/compensador_rumo/cmd_vel,0.5000,0.0000,,,
1790704012.661,odom,0.3067,-0.4815,10.116,3.507,
1790704012.665,/cmd_vel_bruto,0.5000,0.5149,,,
1790704012.697,/auto_vel_raw,0.5000,0.0000,,,
1790704012.697,/auto_vel,0.5000,0.0000,,,
1790704012.697,/compensador_rumo/cmd_vel,0.5000,0.0000,,,
1790704012.697,/hoverboard_base_controller/cmd_vel,0.3613,-0.4091,,,
1790704012.698,/cmd_vel_bruto,0.5000,0.5133,,,
1790704012.698,odom,0.3072,-0.4823,10.122,3.504,
1790704012.700,/hoverboard_base_controller/cmd_vel,0.0000,0.0000,,,
1790704012.723,odom,0.3076,-0.4823,10.127,3.502,
1790704012.757,/auto_vel_raw,0.5000,0.0000,,,
1790704012.761,odom,0.3081,-0.4823,10.133,3.499,
1790704012.763,/auto_vel,0.5000,0.0000,,,
1790704012.778,/compensador_rumo/cmd_vel,0.5000,0.0000,,,
1790704012.778,/hoverboard_base_controller/cmd_vel,0.0000,0.0000,,,
1790704012.778,/cmd_vel_bruto,0.5000,0.5040,,,
1790704012.843,odom,0.2485,-0.3293,10.137,3.497,
1790704012.870,odom,0.2486,-0.3293,10.142,3.495,
1790704012.892,/auto_vel_raw,0.5000,0.0000,,,
1790704012.903,odom,0.2289,-0.3290,10.146,3.493,
1790704012.906,/auto_vel,0.5000,0.0000,,,
1790704012.908,/compensador_rumo/cmd_vel,0.5000,0.0000,,,
1790704012.912,/hoverboard_base_controller/cmd_vel,0.3043,0.0165,,,
1790704012.913,/cmd_vel_bruto,0.5000,0.5034,,,
1790704012.934,odom,0.2291,-0.3280,10.150,3.491,
1790704012.962,odom,0.2293,-0.3270,10.154,3.489,
1790704012.963,/auto_vel_raw,0.5000,0.0000,,,
1790704012.983,/auto_vel,0.5000,0.0000,,,
1790704012.986,/compensador_rumo/cmd_vel,0.5000,0.0000,,,
1790704012.991,/cmd_vel_bruto,0.5000,0.4971,,,
1790704012.994,/hoverboard_base_controller/cmd_vel,0.3007,0.0388,,,
1790704013.002,odom,0.2995,-0.1814,10.159,3.487,
1790704013.033,odom,0.2995,-0.1775,10.165,3.484,
1790704013.047,/auto_vel_raw,0.5000,0.0000,,,
1790704013.059,odom,0.2996,-0.1755,10.170,3.481,
1790704013.076,/auto_vel,0.5000,0.0000,,,
1790704013.077,/compensador_rumo/cmd_vel,0.5000,0.0000,,,
1790704013.080,/cmd_vel_bruto,0.5000,0.4882,,,
1790704013.082,/hoverboard_base_controller/cmd_vel,0.3037,0.0200,,,
1790704013.090,odom,0.2999,-0.1741,10.175,3.478,
1790704013.120,odom,0.3001,-0.1728,10.181,3.476,
1790704013.121,/auto_vel_raw,0.5000,0.0000,,,
1790704013.129,/auto_vel,0.5000,0.0000,,,
1790704013.129,/compensador_rumo/cmd_vel,0.5000,0.0000,,,
1790704013.133,/cmd_vel_bruto,0.5000,0.4864,,,
1790704013.134,/hoverboard_base_controller/cmd_vel,0.0000,0.0000,,,
1790704013.151,odom,0.3034,-0.0309,10.186,3.473,
1790704013.184,odom,0.3034,-0.0263,10.191,3.470,
1790704013.210,/auto_vel_raw,0.5000,0.0000,,,
1790704013.218,odom,0.3037,-0.0247,10.197,3.467,
1790704013.229,/auto_vel,0.5000,0.0000,,,
1790704013.232,/compensador_rumo/cmd_vel,0.5000,0.0000,,,
1790704013.243,/hoverboard_base_controller/cmd_vel,0.3076,-0.0042,,,
1790704013.243,/cmd_vel_bruto,0.5000,0.5179,,,
1790704013.248,odom,0.3037,-0.0247,10.202,3.464,
1790704013.280,odom,0.3037,-0.0247,10.208,3.462,
1790704013.301,/auto_vel_raw,0.5000,0.0000,,,
1790704013.328,odom,0.3076,-0.0035,10.213,3.459,
1790704013.346,/auto_vel,0.5000,0.0000,,,
1790704013.347,/compensador_rumo/cmd_vel,0.5000,0.0000,,,
1790704013.360,/cmd_vel_bruto,0.5000,0.5518,,,
1790704013.364,/hoverboard_base_controller/cmd_vel,0.3076,-0.0046,,,
1790704013.375,odom,0.3076,-0.0035,10.218,3.456,
1790704013.410,/auto_vel_raw,0.4804,0.4108,,,
1790704013.413,odom,0.3076,-0.0035,10.224,3.453,
1790704013.421,/auto_vel,0.4804,0.4108,,,
1790704013.427,/compensador_rumo/cmd_vel,0.4804,0.4108,,,
1790704013.427,/hoverboard_base_controller/cmd_vel,0.0000,0.0000,,,
1790704013.428,/cmd_vel_bruto,0.4804,1.4626,,,
1790704013.447,odom,0.3076,-0.0035,10.229,3.450,
1790704013.487,odom,0.3076,-0.0035,10.235,3.447,
1790704013.493,/auto_vel_raw,0.4791,0.4173,,,
1790704013.523,odom,0.2268,0.0000,10.239,3.445,
1790704013.526,/auto_vel,0.4791,0.4173,,,
1790704013.526,/compensador_rumo/cmd_vel,0.4791,0.4173,,,
1790704013.536,/cmd_vel_bruto,0.4791,1.4644,,,
1790704013.548,/hoverboard_base_controller/cmd_vel,0.3083,-0.0086,,,
1790704013.562,odom,0.2268,0.0000,10.243,3.443,
1790704013.570,/auto_vel_raw,0.4772,0.4263,,,
1790704013.589,odom,0.2187,0.0067,10.247,3.441,
1790704013.595,/auto_vel,0.4772,0.4263,,,
1790704013.595,/compensador_rumo/cmd_vel,0.4772,0.4263,,,
1790704013.599,/cmd_vel_bruto,0.4772,1.4583,,,
1790704013.600,/hoverboard_base_controller/cmd_vel,0.3092,-0.0143,,,
1790704013.626,odom,0.2268,0.0000,10.251,3.439,
1790704013.700,/auto_vel_raw,0.4763,0.4308,,,
1790704013.703,odom,0.2268,0.0000,10.255,3.437,
1790704013.744,odom,0.3066,-0.0135,10.260,3.434,
1790704013.750,/auto_vel,0.4763,0.4308,,,
1790704013.753,/compensador_rumo/cmd_vel,0.4763,0.4308,,,
1790704013.754,/hoverboard_base_controller/cmd_vel,0.3094,-0.0154,,,
1790704013.756,/cmd_vel_bruto,0.4763,1.4292,,,
1790704013.785,odom,0.3068,-0.0120,10.265,3.431,
1790704013.801,/auto_vel_raw,0.4745,0.4382,,,
1790704013.817,odom,0.3068,-0.0120,10.271,3.428,
1790704013.824,/auto_vel,0.4745,0.4382,,,
1790704013.828,/compensador_rumo/cmd_vel,0.4745,0.4382,,,
1790704013.829,/hoverboard_base_controller/cmd_vel,0.3062,0.0046,,,
1790704013.832,/cmd_vel_bruto,0.4745,1.4589,,,
1790704013.847,odom,0.3068,-0.0120,10.276,3.425,
1790704013.874,odom,0.3068,-0.0120,10.282,3.423,
1790704013.886,/auto_vel_raw,0.4729,0.4453,,,
1790704013.898,odom,0.3061,0.0040,10.287,3.420,
1790704013.925,/auto_vel,0.4729,0.4453,,,
1790704013.925,/compensador_rumo/cmd_vel,0.4729,0.4453,,,
1790704013.925,/hoverboard_base_controller/cmd_vel,0.3028,0.0257,,,
1790704013.925,/cmd_vel_bruto,0.4729,1.4888,,,
1790704013.956,odom,0.3061,0.0043,10.292,3.417,
1790704013.983,/auto_vel_raw,0.4712,0.4523,,,
1790704013.994,odom,0.3061,0.0045,10.298,3.414,
1790704014.004,/auto_vel,0.4712,0.4523,,,
1790704014.005,/compensador_rumo/cmd_vel,0.4712,0.4523,,,
1790704014.027,/hoverboard_base_controller/cmd_vel,0.2270,0.4992,,,
1790704014.027,/cmd_vel_bruto,0.4712,1.5288,,,
1790704014.031,odom,0.3061,0.0046,10.303,3.411,
1790704014.051,odom,0.3061,0.0046,10.309,3.408,
1790704014.067,/auto_vel_raw,0.4710,0.4523,,,
1790704014.083,odom,0.2317,0.1546,10.313,3.406,
1790704014.096,/auto_vel,0.4710,0.4523,,,
1790704014.099,/compensador_rumo/cmd_vel,0.4710,0.4523,,,
1790704014.099,/cmd_vel_bruto,0.4710,1.5508,,,
1790704014.108,/hoverboard_base_controller/cmd_vel,0.2267,0.5014,,,
1790704014.120,odom,0.2317,0.1546,10.317,3.404,
1790704014.136,/auto_vel_raw,0.4685,0.4587,,,
1790704014.167,odom,0.2193,0.1538,10.321,3.402,
1790704014.174,/auto_vel,0.4685,0.4587,,,
1790704014.175,/compensador_rumo/cmd_vel,0.4685,0.4587,,,
1790704014.180,/hoverboard_base_controller/cmd_vel,0.2267,0.5013,,,
1790704014.180,/cmd_vel_bruto,0.4685,1.5210,,,
1790704014.222,odom,0.2228,0.1546,10.325,3.400,
1790704014.258,odom,0.2231,0.1546,10.329,3.398,
1790704014.263,/auto_vel_raw,0.4671,0.4601,,,
1790704014.303,odom,0.2267,0.2590,10.333,3.396,
1790704014.314,/auto_vel,0.4671,0.4601,,,
1790704014.316,/compensador_rumo/cmd_vel,0.4671,0.4601,,,
1790704014.317,/cmd_vel_bruto,0.4671,1.4801,,,
1790704014.320,/hoverboard_base_controller/cmd_vel,0.2284,0.4906,,,
1790704014.337,odom,0.2267,0.2590,10.337,3.394,
1790704014.348,/auto_vel_raw,0.4711,0.4380,,,
1790704014.360,odom,0.2267,0.2590,10.341,3.392,
1790704014.370,/auto_vel,0.4711,0.4380,,,
1790704014.373,/compensador_rumo/cmd_vel,0.4711,0.4380,,,
1790704014.375,/hoverboard_base_controller/cmd_vel,0.2261,0.5049,,,
1790704014.379,/cmd_vel_bruto,0.4711,1.4015,,,
1790704014.387,odom,0.2267,0.2590,10.345,3.390,
1790704014.403,odom,0.2267,0.2590,10.349,3.388,
1790704014.407,/auto_vel_raw,0.4700,0.4381,,,
1790704014.408,/auto_vel,0.4700,0.4381,,,
1790704014.412,/compensador_rumo/cmd_vel,0.4700,0.4381,,,
1790704014.412,/hoverboard_base_controller/cmd_vel,0.2239,0.5189,,,
1790704014.413,/cmd_vel_bruto,0.4700,1.3856,,,
1790704014.504,odom,0.2261,0.3853,10.353,3.386,
1790704014.577,odom,0.2261,0.3853,10.357,3.384,
1790704014.591,/auto_vel_raw,0.4697,0.4313,,,
1790704014.606,odom,0.2261,0.3853,10.361,3.382,
1790704014.614,/auto_vel,0.4697,0.4313,,,
1790704014.619,/compensador_rumo/cmd_vel,0.4697,0.4313,,,
1790704014.625,/hoverboard_base_controller/cmd_vel,0.2210,0.5369,,,
1790704014.626,/cmd_vel_bruto,0.4697,1.3746,,,
1790704014.671,odom,0.2261,0.3853,10.366,3.380,
1790704014.753,/auto_vel_raw,0.4700,0.4256,,,
1790704014.753,odom,0.2261,0.3853,10.370,3.378,
1790704014.767,/auto_vel,0.4700,0.4256,,,
1790704014.778,/compensador_rumo/cmd_vel,0.4700,0.4256,,,
1790704014.778,/hoverboard_base_controller/cmd_vel,0.2196,0.5457,,,
1790704014.778,/cmd_vel_bruto,0.4700,1.3589,,,
1790704014.851,odom,0.2210,0.4521,10.374,3.377,
1790704014.941,odom,0.2210,0.4521,10.378,3.375,
1790704014.981,/auto_vel_raw,0.4721,0.4122,,,
1790704015.031,odom,0.2210,0.4521,10.382,3.373,
1790704015.035,/auto_vel,0.4721,0.4122,,,
1790704015.037,/compensador_rumo/cmd_vel,0.4721,0.4122,,,
1790704015.041,/hoverboard_base_controller/cmd_vel,0.2209,0.5373,,,
1790704015.041,/cmd_vel_bruto,0.4721,1.3260,,,
1790704015.097,odom,0.2210,0.4521,10.386,3.372,
1790704015.152,odom,0.2210,0.4521,10.390,3.370,
1790704015.153,/auto_vel_raw,0.4786,0.3744,,,
1790704015.155,/auto_vel,0.4786,0.3744,,,
1790704015.159,/compensador_rumo/cmd_vel,0.4786,0.3744,,,
1790704015.160,/cmd_vel_bruto,0.4786,1.2373,,,
1790704015.161,/hoverboard_base_controller/cmd_vel,0.0000,0.0000,,,
1790704015.231,odom,0.2209,0.4525,10.394,3.369,
1790704015.272,odom,0.2209,0.4525,10.399,3.367,
1790704015.295,/auto_vel_raw,0.4807,0.3584,,,
1790704015.315,odom,0.2209,0.4525,10.403,3.366,
1790704015.329,odom,0.2209,0.4525,10.407,3.364,
1790704015.335,/auto_vel,0.4807,0.3584,,,
1790704015.336,/compensador_rumo/cmd_vel,0.4807,0.3584,,,
1790704015.336,/hoverboard_base_controller/cmd_vel,0.2300,0.4804,,,
1790704015.337,/cmd_vel_bruto,0.4807,1.1994,,,
1790704015.353,odom,0.2209,0.4525,10.411,3.363,
1790704015.362,/auto_vel_raw,0.4838,0.3393,,,
1790704015.379,odom,0.1701,0.4188,10.414,3.362,
1790704015.389,/auto_vel,0.4838,0.3393,,,
1790704015.391,/compensador_rumo/cmd_vel,0.4838,0.3393,,,
1790704015.391,odom,0.1653,0.4201,10.418,3.361,
1790704015.400,/cmd_vel_bruto,0.4838,1.1361,,,
1790704015.403,/hoverboard_base_controller/cmd_vel,0.2307,0.4761,,,
1790704015.407,/auto_vel_raw,0.4850,0.3303,,,
1790704015.410,odom,0.1572,0.5115,10.421,3.360,
1790704015.420,/auto_vel,0.4850,0.3303,,,
1790704015.423,/compensador_rumo/cmd_vel,0.4850,0.3303,,,
1790704015.423,/hoverboard_base_controller/cmd_vel,0.0000,0.0000,,,
1790704015.423,/cmd_vel_bruto,0.4850,1.1064,,,
1790704015.448,odom,0.1572,0.5112,10.424,3.359,
1790704015.472,odom,0.1572,0.5110,10.427,3.358,
1790704015.478,/auto_vel_raw,0.4859,0.3145,,,
1790704015.479,/auto_vel,0.4859,0.3145,,,
1790704015.479,/compensador_rumo/cmd_vel,0.4859,0.3145,,,
1790704015.479,/cmd_vel_bruto,0.4859,1.0402,,,
1790704015.489,/hoverboard_base_controller/cmd_vel,0.2319,0.4690,,,
1790704015.514,odom,0.0660,0.2371,10.428,3.358,
1790704015.531,odom,0.0664,0.2343,10.429,3.358,
1790704015.544,/auto_vel_raw,0.4930,0.2397,,,
1790704015.551,odom,0.0664,0.2343,10.431,3.357,
1790704015.565,/auto_vel,0.4930,0.2397,,,
1790704015.565,/compensador_rumo/cmd_vel,0.4930,0.2397,,,
1790704015.570,/hoverboard_base_controller/cmd_vel,0.2420,0.4059,,,
1790704015.570,/cmd_vel_bruto,0.4930,0.7803,,,
1790704015.579,odom,0.0551,0.2557,10.432,3.357,
1790704015.596,/auto_vel_raw,0.4943,0.2294,,,
1790704015.600,odom,0.0552,0.2564,10.433,3.357,
1790704015.612,/auto_vel,0.4943,0.2294,,,
1790704015.614,/compensador_rumo/cmd_vel,0.4943,0.2294,,,
1790704015.617,/hoverboard_base_controller/cmd_vel,0.0000,0.0000,,,
1790704015.622,/cmd_vel_bruto,0.4943,0.7207,,,
1790704015.642,odom,0.1257,0.3619,10.435,3.356,
1790704015.676,odom,0.1316,0.3586,10.437,3.355,
1790704015.687,/auto_vel_raw,0.5000,0.0000,,,
1790704015.703,odom,0.1349,0.3459,10.440,3.355,
1790704015.712,/compensador_rumo/cmd_vel,0.5000,0.0000,,,
1790704015.719,/auto_vel,0.5000,0.0000,,,
1790704015.726,/hoverboard_base_controller/cmd_vel,0.2451,0.3864,,,
1790704015.726,/cmd_vel_bruto,0.5000,0.1685,,,
1790704015.727,odom,0.1363,0.3445,10.443,3.354,
1790704015.751,/auto_vel_raw,0.5000,0.0000,,,
1790704015.752,odom,0.1370,0.3478,10.445,3.354,
1790704015.773,odom,0.2088,0.4111,10.449,3.353,
1790704015.774,/auto_vel,0.5000,0.0000,,,
1790704015.775,/compensador_rumo/cmd_vel,0.5000,0.0000,,,
1790704015.777,/cmd_vel_bruto,0.5000,0.2047,,,
1790704015.780,/hoverboard_base_controller/cmd_vel,0.2503,0.3538,,,
1790704015.801,odom,0.2086,0.4118,10.453,3.352,
1790704015.826,/auto_vel_raw,0.5000,0.0000,,,
1790704015.857,odom,0.2086,0.4115,10.457,3.351,
1790704015.933,odom,0.2086,0.4112,10.461,3.350,
1790704015.956,/auto_vel,0.5000,0.0000,,,
1790704015.956,/compensador_rumo/cmd_vel,0.5000,0.0000,,,
1790704015.960,/cmd_vel_bruto,0.5000,0.2914,,,
1790704015.963,/hoverboard_base_controller/cmd_vel,0.2580,0.3058,,,
1790704016.024,odom,0.2085,0.4108,10.465,3.350,
1790704016.038,/auto_vel_raw,0.5000,0.0000,,,
1790704016.101,odom,0.2514,0.3249,10.470,3.349,
1790704016.113,/auto_vel,0.5000,0.0000,,,
1790704016.117,/compensador_rumo/cmd_vel,0.5000,0.0000,,,
1790704016.127,/cmd_vel_bruto,0.5000,0.3367,,,
1790704016.134,/hoverboard_base_controller/cmd_vel,0.0000,0.0000,,,
1790704016.216,odom,0.2512,0.3245,10.475,3.348,
1790704016.265,/auto_vel_raw,0.5000,0.0000,,,
1790704016.290,odom,0.2511,0.3240,10.480,3.347,
1790704016.295,/auto_vel,0.5000,0.0000,,,
1790704016.296,/compensador_rumo/cmd_vel,0.5000,0.0000,,,
1790704016.304,/cmd_vel_bruto,0.5000,0.3875,,,
1790704016.306,/hoverboard_base_controller/cmd_vel,0.2806,0.1644,,,
1790704016.348,odom,0.2511,0.3234,10.485,3.347,
1790704016.405,/auto_vel_raw,0.5000,0.0000,,,
1790704016.406,odom,0.2510,0.3227,10.490,3.346,
1790704016.457,odom,0.2768,0.1730,10.495,3.345,
1790704016.470,/auto_vel,0.5000,0.0000,,,
1790704016.470,/compensador_rumo/cmd_vel,0.5000,0.0000,,,
1790704016.473,/cmd_vel_bruto,0.5000,0.4196,,,
1790704016.475,/hoverboard_base_controller/cmd_vel,0.2861,0.1299,,,
1790704016.478,odom,0.2767,0.1724,10.501,3.345,
1790704016.494,/auto_vel_raw,0.5000,0.0000,,,
1790704016.511,odom,0.2766,0.1718,10.506,3.344,
1790704016.517,/auto_vel,0.5000,0.0000,,,
1790704016.520,/compensador_rumo/cmd_vel,0.5000,0.0000,,,
1790704016.524,/hoverboard_base_controller/cmd_vel,0.3450,-0.2381,,,
1790704016.525,/cmd_vel_bruto,0.5000,0.4528,,,
1790704016.557,odom,0.2765,0.1709,10.512,3.343,
1790704016.592,/auto_vel_raw,0.5000,0.0000,,,
1790704016.594,odom,0.2764,0.1700,10.517,3.342,
1790704016.628,odom,0.3446,0.0151,10.524,3.342,
1790704016.638,/auto_vel,0.5000,0.0000,,,
1790704016.639,/compensador_rumo/cmd_vel,0.5000,0.0000,,,
1790704016.642,/hoverboard_base_controller/cmd_vel,0.3406,-0.2107,,,
1790704016.644,/cmd_vel_bruto,0.5000,0.4925,,,
1790704016.664,odom,0.3446,0.0147,10.531,3.341,
1790704016.678,/auto_vel_raw,0.5000,0.0000,,,
1790704016.690,odom,0.3446,0.0145,10.538,3.340,
1790704016.703,/auto_vel,0.5000,0.0000,,,
1790704016.703,/compensador_rumo/cmd_vel,0.5000,0.0000,,,
1790704016.706,/hoverboard_base_controller/cmd_vel,0.3304,-0.1472,,,
1790704016.707,/cmd_vel_bruto,0.5000,0.5290,,,
1790704016.728,odom,0.3446,0.0141,10.544,3.339,
1790704016.766,/auto_vel_raw,0.5000,0.0000,,,
1790704016.766,odom,0.3448,0.0134,10.551,3.339,
1790704016.768,/auto_vel,0.5000,0.0000,,,
1790704016.768,/compensador_rumo/cmd_vel,0.5000,0.0000,,,
1790704016.770,/hoverboard_base_controller/cmd_vel,0.3253,-0.1152,,,
1790704016.772,/cmd_vel_bruto,0.5000,0.5632,,,
1790704016.829,odom,0.3309,-0.1320,10.558,3.338,
1790704016.873,odom,0.3305,-0.1273,10.564,3.337,
1790704016.902,/auto_vel_raw,0.5000,0.0000,,,
1790704016.948,odom,0.3302,-0.1227,10.571,3.336,
1790704016.958,/auto_vel,0.5000,0.0000,,,
1790704016.960,/compensador_rumo/cmd_vel,0.5000,0.0000,,,
1790704016.964,/hoverboard_base_controller/cmd_vel,0.3198,-0.0804,,,
1790704016.964,/cmd_vel_bruto,0.5000,0.6005,,,
1790704017.070,odom,0.3299,-0.1181,10.578,3.335,
1790704017.202,/auto_vel_raw,0.5000,0.0000,,,
1790704017.204,odom,0.3300,-0.1164,10.584,3.335,
1790704017.210,/auto_vel,0.5000,0.0000,,,
1790704017.210,/compensador_rumo/cmd_vel,0.5000,0.0000,,,
1790704017.217,/cmd_vel_bruto,0.5000,0.6003,,,
1790704017.220,/hoverboard_base_controller/cmd_vel,0.0000,0.0000,,,
1790704017.276,odom,0.3174,-0.0799,10.590,3.334,
1790704017.336,odom,0.3177,-0.0786,10.597,3.333,
1790704017.382,/auto_vel_raw,0.5000,0.0000,,,
1790704017.385,odom,0.3179,-0.0773,10.603,3.332,
1790704017.403,/auto_vel,0.5000,0.0000,,,
1790704017.406,/compensador_rumo/cmd_vel,0.5000,0.0000,,,
1790704017.409,/cmd_vel_bruto,0.5000,0.5956,,,
1790704017.411,/hoverboard_base_controller/cmd_vel,0.3128,-0.0371,,,
1790704017.412,odom,0.3182,-0.0760,10.609,3.331,
1790704017.444,odom,0.3184,-0.0747,10.616,3.330,
1790704017.456,/auto_vel_raw,0.5000,0.0000,,,
1790704017.489,odom,0.3120,-0.0357,10.622,3.330,
1790704017.514,/auto_vel,0.5000,0.0000,,,
1790704017.514,/compensador_rumo/cmd_vel,0.5000,0.0000,,,
1790704017.518,/hoverboard_base_controller/cmd_vel,0.3051,0.0116,,,
1790704017.524,/cmd_vel_bruto,0.5000,0.5804,,,
1790704017.525,odom,0.3123,-0.0342,10.628,3.329,
1790704017.552,/auto_vel_raw,0.5000,0.0000,,,
1790704017.559,odom,0.3125,-0.0327,10.634,3.328,
1790704017.570,odom,0.3128,-0.0313,10.640,3.327,
1790704017.586,/auto_vel,0.5000,0.0000,,,
1790704017.590,/compensador_rumo/cmd_vel,0.5000,0.0000,,,
1790704017.591,/cmd_vel_bruto,0.5000,0.5730,,,
1790704017.603,/hoverboard_base_controller/cmd_vel,0.3017,0.0327,,,
1790704017.604,odom,0.3128,-0.0312,10.647,3.326,
1790704017.611,/auto_vel_raw,0.5000,0.0000,,,
1790704017.653,odom,0.3048,0.0112,10.653,3.325,
1790704017.667,/auto_vel,0.5000,0.0000,,,
1790704017.670,/compensador_rumo/cmd_vel,0.5000,0.0000,,,
1790704017.671,odom,0.3049,0.0106,10.659,3.324,
1790704017.682,/hoverboard_base_controller/cmd_vel,0.2981,0.0553,,,
1790704017.682,/cmd_vel_bruto,0.5000,0.5700,,,
1790704017.689,/auto_vel_raw,0.5000,0.0000,,,
1790704017.705,odom,0.3050,0.0100,10.665,3.324,
1790704017.707,/auto_vel,0.5000,0.0000,,,
1790704017.707,/compensador_rumo/cmd_vel,0.5000,0.0000,,,
1790704017.712,/cmd_vel_bruto,0.5000,0.5671,,,
1790704017.719,/hoverboard_base_controller/cmd_vel,0.0000,0.0000,,,
1790704017.727,odom,0.3051,0.0097,10.671,3.323,
1790704017.809,/auto_vel_raw,0.5000,0.0000,,,
1790704017.810,odom,0.3051,0.0097,10.677,3.322,
1790704017.813,/auto_vel,0.5000,0.0000,,,
1790704017.815,/compensador_rumo/cmd_vel,0.5000,0.0000,,,
1790704017.815,/cmd_vel_bruto,0.5000,0.5633,,,
1790704017.816,/hoverboard_base_controller/cmd_vel,0.2981,0.0552,,,
1790704017.864,odom,0.2242,0.0000,10.681,3.321,
1790704017.899,odom,0.2242,0.0000,10.686,3.321,
1790704017.917,/auto_vel_raw,0.4720,-0.4484,,,
1790704017.937,odom,0.2136,-0.0004,10.690,3.320,
1790704017.941,/auto_vel,0.4720,-0.4484,,,
1790704017.942,/compensador_rumo/cmd_vel,0.4720,-0.4484,,,
1790704017.946,/hoverboard_base_controller/cmd_vel,0.2985,0.0524,,,
1790704017.947,/cmd_vel_bruto,0.4720,-0.4849,,,
1790704017.986,odom,0.2243,0.0000,10.695,3.319,
1790704018.024,/auto_vel_raw,0.4700,-0.4568,,,
1790704018.027,odom,0.2243,0.0000,10.699,3.319,
1790704018.038,/auto_vel,0.4700,-0.4568,,,
1790704018.042,/compensador_rumo/cmd_vel,0.4700,-0.4568,,,
1790704018.048,/cmd_vel_bruto,0.4700,-0.5331,,,
1790704018.051,/hoverboard_base_controller/cmd_vel,0.0000,0.0000,,,
1790704018.066,odom,0.2970,0.0522,10.705,3.318,
1790704018.089,odom,0.2971,0.0516,10.710,3.317,
1790704018.106,/auto_vel_raw,0.4677,-0.4657,,,
1790704018.114,odom,0.2972,0.0513,10.716,3.316,
1790704018.120,/auto_vel,0.4677,-0.4657,,,
1790704018.142,/compensador_rumo/cmd_vel,0.4677,-0.4657,,,
1790704018.153,/hoverboard_base_controller/cmd_vel,0.3007,0.0387,,,
1790704018.153,/cmd_vel_bruto,0.4677,-0.5603,,,
1790704018.153,odom,0.2972,0.0511,10.722,3.316,
1790704018.167,odom,0.2973,0.0508,10.728,3.315,
1790704018.169,/auto_vel_raw,0.4654,-0.4739,,,
1790704018.199,odom,0.2996,0.0384,10.734,3.314,
1790704018.209,/auto_vel,0.4654,-0.4739,,,
1790704018.209,/compensador_rumo/cmd_vel,0.4654,-0.4739,,,
1790704018.218,/cmd_vel_bruto,0.4654,-0.5706,,,
1790704018.222,odom,0.2997,0.0380,10.740,3.313,
1790704018.229,/auto_vel_raw,0.4527,-0.5130,,,
1790704018.241,odom,0.2998,0.0376,10.746,3.312,
1790704018.249,/auto_vel,0.4527,-0.5130,,,
1790704018.251,/compensador_rumo/cmd_vel,0.4527,-0.5130,,,
1790704018.253,/cmd_vel_bruto,0.4527,-0.6230,,,
1790704018.268,odom,0.2999,0.0372,10.752,3.312,
1790704018.282,/hoverboard_base_controller/cmd_vel,0.3017,0.0328,,,
1790704018.287,/hoverboard_base_controller/cmd_vel,0.0000,0.0000,,,
1790704018.308,/auto_vel_raw,0.4495,-0.5216,,,
1790704018.308,odom,0.2999,0.0368,10.758,3.311,
1790704018.339,odom,0.2215,0.0000,10.762,3.310,
1790704018.350,/auto_vel,0.4495,-0.5216,,,
1790704018.353,/compensador_rumo/cmd_vel,0.4495,-0.5216,,,
1790704018.360,/cmd_vel_bruto,0.4495,-0.6279,,,
1790704018.365,/hoverboard_base_controller/cmd_vel,0.3235,-0.6454,,,
1790704018.365,odom,0.2215,0.0000,10.767,3.310,
1790704018.374,/auto_vel_raw,0.4449,-0.5332,,,
1790704018.380,odom,0.2090,-0.0004,10.771,3.309,
1790704018.389,/auto_vel,0.4449,-0.5332,,,
1790704018.389,/compensador_rumo/cmd_vel,0.4449,-0.5332,,,
1790704018.393,/hoverboard_base_controller/cmd_vel,0.0000,0.0000,,,
1790704018.394,/cmd_vel_bruto,0.4449,-0.6894,,,
1790704018.403,odom,0.2215,0.0000,10.775,3.309,
1790704018.424,/auto_vel_raw,0.4340,-0.5584,,,
1790704018.424,odom,0.2215,0.0000,10.780,3.308,
1790704018.435,/auto_vel,0.4340,-0.5584,,,
1790704018.436,/compensador_rumo/cmd_vel,0.4340,-0.5584,,,
1790704018.436,/hoverboard_base_controller/cmd_vel,0.3197,-0.6692,,,
1790704018.436,/cmd_vel_bruto,0.4340,-0.7766,,,
1790704018.455,odom,0.1407,0.0000,10.782,3.308,
1790704018.477,odom,0.1407,0.0000,10.785,3.307,
1790704018.491,/auto_vel_raw,0.4315,-0.5638,,,
1790704018.498,odom,0.1301,-0.0004,10.788,3.307,
1790704018.502,/auto_vel,0.4315,-0.5638,,,
1790704018.502,/compensador_rumo/cmd_vel,0.4315,-0.5638,,,
1790704018.505,/cmd_vel_bruto,0.4315,-0.8657,,,
1790704018.506,/hoverboard_base_controller/cmd_vel,0.3175,-0.6832,,,
1790704018.524,odom,0.1407,0.0000,10.791,3.307,
1790704018.545,odom,0.1407,0.0000,10.794,3.306,
1790704018.549,/auto_vel_raw,0.4284,-0.5702,,,
1790704018.576,odom,0.2157,-0.1435,10.797,3.306,
1790704018.589,/auto_vel,0.4284,-0.5702,,,
1790704018.589,/compensador_rumo/cmd_vel,0.4284,-0.5702,,,
1790704018.591,odom,0.2168,-0.1474,10.802,3.305,
1790704018.592,/cmd_vel_bruto,0.4284,-0.9434,,,
1790704018.594,/hoverboard_base_controller/cmd_vel,0.0000,0.0000,,,
1790704018.610,odom,0.2170,-0.1459,10.806,3.305,
1790704018.620,/auto_vel_raw,0.4261,-0.5731,,,
1790704018.635,odom,0.2172,-0.1447,10.810,3.304,
1790704018.655,/auto_vel,0.4261,-0.5731,,,
1790704018.658,/compensador_rumo/cmd_vel,0.4261,-0.5731,,,
1790704018.660,odom,0.2175,-0.1435,10.815,3.303,
1790704018.665,/auto_vel_raw,0.4239,-0.5741,,,
1790704018.666,/hoverboard_base_controller/cmd_vel,0.3115,-0.7208,,,
1790704018.670,/cmd_vel_bruto,0.4261,-0.9636,,,
1790704018.694,odom,0.1432,-0.0045,10.817,3.303,
1790704018.711,/auto_vel,0.4239,-0.5741,,,
1790704018.711,/compensador_rumo/cmd_vel,0.4239,-0.5741,,,
1790704018.711,/cmd_vel_bruto,0.4239,-0.9533,,,
1790704018.713,odom,0.1432,-0.0045,10.820,3.303,
1790704018.720,/hoverboard_base_controller/cmd_vel,0.3059,-0.7557,,,
1790704018.725,/auto_vel_raw,0.4212,-0.5798,,,
1790704018.731,odom,0.1313,-0.0048,10.823,3.302,
1790704018.737,/auto_vel,0.4212,-0.5798,,,
1790704018.737,/compensador_rumo/cmd_vel,0.4212,-0.5798,,,
1790704018.744,/hoverboard_base_controller/cmd_vel,0.0000,0.0000,,,
1790704018.744,/cmd_vel_bruto,0.4212,-0.9669,,,
1790704018.755,odom,0.1431,-0.0038,10.826,3.302,
1790704018.779,/auto_vel_raw,0.4181,-0.5867,,,
1790704018.781,odom,0.1431,-0.0038,10.829,3.301,
1790704018.791,/auto_vel,0.4181,-0.5867,,,
1790704018.791,/compensador_rumo/cmd_vel,0.4181,-0.5867,,,
1790704018.792,/hoverboard_base_controller/cmd_vel,0.2985,-0.8016,,,
1790704018.792,/cmd_vel_bruto,0.4181,-0.9849,,,
1790704018.815,odom,0.0623,0.0000,10.830,3.301,
1790704018.837,odom,0.0623,0.0000,10.831,3.301,
1790704018.847,/auto_vel_raw,0.4093,-0.6035,,,
1790704018.857,odom,0.0518,-0.0004,10.832,3.301,
1790704018.862,/auto_vel,0.4093,-0.6035,,,
1790704018.862,/compensador_rumo/cmd_vel,0.4093,-0.6035,,,
1790704018.867,/hoverboard_base_controller/cmd_vel,0.2923,-0.8408,,,
1790704018.869,/cmd_vel_bruto,0.4093,-1.0994,,,
1790704018.881,odom,0.0623,0.0000,10.834,3.301,
1790704018.907,/auto_vel_raw,0.4077,-0.6070,,,
1790704018.907,odom,0.0623,0.0000,10.835,3.300,
1790704018.967,odom,0.1388,-0.1458,10.837,3.300,
1790704018.985,/auto_vel,0.4077,-0.6070,,,
1790704018.986,/compensador_rumo/cmd_vel,0.4077,-0.6070,,,
1790704018.989,/cmd_vel_bruto,0.4077,-1.1679,,,
1790704018.991,/hoverboard_base_controller/cmd_vel,0.2869,-0.8744,,,
1790704018.993,odom,0.1399,-0.1504,10.840,3.300,
1790704019.015,/auto_vel_raw,0.4079,-0.6061,,,
1790704019.029,odom,0.1402,-0.1486,10.843,3.299,
1790704019.035,/auto_vel,0.4079,-0.6061,,,
1790704019.039,/compensador_rumo/cmd_vel,0.4079,-0.6061,,,
1790704019.047,/hoverboard_base_controller/cmd_vel,0.0000,0.0000,,,
1790704019.047,/cmd_vel_bruto,0.4079,-1.1661,,,
1790704019.073,odom,0.1405,-0.1471,10.845,3.299,
1790704019.166,/auto_vel_raw,0.4063,-0.6073,,,
1790704019.166,/auto_vel,0.4063,-0.6073,,,
1790704019.166,/compensador_rumo/cmd_vel,0.4063,-0.6073,,,
1790704019.166,/hoverboard_base_controller/cmd_vel,0.2853,-0.8842,,,
1790704019.166,/cmd_vel_bruto,0.4063,-1.1648,,,
1790704019.167,odom,0.1407,-0.1457,10.848,3.298,
1790704019.182,odom,0.0648,-0.0045,10.850,3.298,
1790704019.254,odom,0.0648,-0.0045,10.851,3.298,
1790704019.290,odom,0.0526,-0.0048,10.852,3.298,
1790704019.299,/auto_vel_raw,0.4030,-0.6131,,,
1790704019.348,odom,0.0647,-0.0038,10.853,3.298,
1790704019.362,/auto_vel,0.4030,-0.6131,,,
1790704019.362,/compensador_rumo/cmd_vel,0.4030,-0.6131,,,
1790704019.368,odom,0.0647,-0.0038,10.855,3.297,
1790704019.370,/cmd_vel_bruto,0.4030,-1.1804,,,
1790704019.375,/auto_vel_raw,0.4035,-0.6129,,,
1790704019.376,/hoverboard_base_controller/cmd_vel,0.2828,-0.8997,,,
1790704019.400,odom,0.1392,-0.1487,10.857,3.297,
1790704019.411,/auto_vel,0.4035,-0.6129,,,
1790704019.413,/compensador_rumo/cmd_vel,0.4035,-0.6129,,,
1790704019.419,odom,0.1399,-0.1504,10.860,3.296,
1790704019.420,/cmd_vel_bruto,0.4035,-1.1783,,,
1790704019.425,/hoverboard_base_controller/cmd_vel,0.2746,-0.9512,,,
1790704019.450,/auto_vel_raw,0.4037,-0.6130,,,
1790704019.450,odom,0.1402,-0.1485,10.862,3.296,
1790704019.457,odom,0.1405,-0.1468,10.865,3.296,
1790704019.459,/auto_vel,0.4037,-0.6130,,,
1790704019.461,/compensador_rumo/cmd_vel,0.4037,-0.6130,,,
1790704019.463,/cmd_vel_bruto,0.4037,-1.1786,,,
1790704019.466,/hoverboard_base_controller/cmd_vel,0.0000,0.0000,,,
1790704019.529,odom,0.1408,-0.1455,10.868,3.295,
1790704019.534,/auto_vel_raw,0.4023,-0.6137,,,
1790704019.595,odom,0.0623,0.0000,10.869,3.295,
1790704019.611,/auto_vel,0.4023,-0.6137,,,
1790704019.611,/compensador_rumo/cmd_vel,0.4023,-0.6137,,,
1790704019.615,/hoverboard_base_controller/cmd_vel,0.2704,-0.9775,,,
1790704019.615,/cmd_vel_bruto,0.4023,-1.1740,,,
1790704019.634,odom,0.0623,0.0000,10.870,3.295,
1790704019.660,/auto_vel_raw,0.3995,-0.6179,,,
1790704019.692,odom,0.0502,-0.0006,10.872,3.294,
1790704019.708,/auto_vel,0.3995,-0.6179,,,
1790704019.708,/compensador_rumo/cmd_vel,0.3995,-0.6179,,,
1790704019.714,/cmd_vel_bruto,0.3995,-1.1916,,,
1790704019.721,/hoverboard_base_controller/cmd_vel,0.2703,-0.9778,,,
1790704019.721,odom,0.0623,0.0000,10.873,3.294,
1790704019.793,/auto_vel_raw,0.3994,-0.6197,,,
1790704019.793,odom,0.0623,0.0000,10.874,3.294,
1790704019.810,/auto_vel,0.3994,-0.6197,,,
1790704019.810,/compensador_rumo/cmd_vel,0.3994,-0.6197,,,
1790704019.811,/hoverboard_base_controller/cmd_vel,0.0000,0.0000,,,
1790704019.812,/cmd_vel_bruto,0.3994,-1.1948,,,
1790704019.871,odom,0.1370,-0.1448,10.876,3.294,
1790704019.961,odom,0.1377,-0.1459,10.879,3.293,
1790704019.982,/auto_vel_raw,0.4000,-0.6191,,,
1790704019.993,odom,0.1380,-0.1439,10.882,3.293,
1790704020.005,/auto_vel,0.4000,-0.6191,,,
1790704020.007,/compensador_rumo/cmd_vel,0.4000,-0.6191,,,
1790704020.011,odom,0.1383,-0.1421,10.884,3.292,
1790704020.012,/cmd_vel_bruto,0.4000,-1.1919,,,
1790704020.018,/hoverboard_base_controller/cmd_vel,0.2689,-0.9867,,,
1790704020.034,odom,0.1386,-0.1407,10.887,3.292,
1790704020.042,/auto_vel_raw,0.3985,-0.6194,,,
1790704020.072,odom,0.2121,-0.2925,10.891,3.291,
1790704020.083,/auto_vel,0.3985,-0.6194,,,
1790704020.085,/compensador_rumo/cmd_vel,0.3985,-0.6194,,,
1790704020.089,/hoverboard_base_controller/cmd_vel,0.2691,-0.9855,,,
1790704020.090,/cmd_vel_bruto,0.3985,-1.1758,,,
1790704020.090,odom,0.2127,-0.2936,10.895,3.290,
1790704020.110,/auto_vel_raw,0.3928,-0.6265,,,
1790704020.122,odom,0.2129,-0.2912,10.899,3.289,
1790704020.150,/auto_vel,0.3928,-0.6265,,,
1790704020.151,/compensador_rumo/cmd_vel,0.3928,-0.6265,,,
1790704020.152,/hoverboard_base_controller/cmd_vel,0.2691,-0.9854,,,
1790704020.153,/cmd_vel_bruto,0.3928,-1.1358,,,
1790704020.164,odom,0.2131,-0.2903,10.904,3.288,
1790704020.182,odom,0.2132,-0.2895,10.908,3.287,
1790704020.190,/auto_vel_raw,0.3914,-0.6252,,,
1790704020.214,odom,0.2570,-0.4463,10.913,3.286,
1790704020.221,/auto_vel,0.3914,-0.6252,,,
1790704020.224,/compensador_rumo/cmd_vel,0.3914,-0.6252,,,
1790704020.225,/cmd_vel_bruto,0.3914,-1.0540,,,
1790704020.227,/hoverboard_base_controller/cmd_vel,0.2692,-0.9851,,,
1790704020.244,odom,0.2570,-0.4433,10.918,3.285,
1790704020.265,/auto_vel_raw,0.3909,-0.6227,,,
1790704020.275,odom,0.2571,-0.4412,10.923,3.284,
1790704020.292,/auto_vel,0.3909,-0.6227,,,
1790704020.300,/compensador_rumo/cmd_vel,0.3909,-0.6227,,,
1790704020.300,/hoverboard_base_controller/cmd_vel,0.2677,-0.9944,,,
1790704020.302,/cmd_vel_bruto,0.3909,-0.9866,,,
1790704020.321,odom,0.2570,-0.4413,10.928,3.283,
1790704020.350,odom,0.2570,-0.4413,10.933,3.281,
1790704020.354,/auto_vel_raw,0.3885,-0.6197,,,
1790704020.368,odom,0.2655,-0.5030,10.938,3.280,
1790704020.379,/auto_vel,0.3885,-0.6197,,,
1790704020.380,/compensador_rumo/cmd_vel,0.3885,-0.6197,,,
1790704020.385,/hoverboard_base_controller/cmd_vel,0.2675,-0.9955,,,
1790704020.386,/cmd_vel_bruto,0.3885,-0.9394,,,
1790704020.386,odom,0.2665,-0.4976,10.943,3.278,
1790704020.400,/auto_vel_raw,0.3875,-0.6172,,,
1790704020.406,odom,0.2670,-0.4951,10.948,3.277,
1790704020.426,odom,0.2672,-0.4949,10.953,3.275,
1790704020.432,/compensador_rumo/cmd_vel,0.3875,-0.6172,,,
1790704020.435,/auto_vel,0.3875,-0.6172,,,
1790704020.435,/hoverboard_base_controller/cmd_vel,0.2678,-0.9939,,,
1790704020.441,/cmd_vel_bruto,0.3875,-0.9052,,,
1790704020.447,odom,0.2673,-0.4955,10.958,3.274,
1790704020.454,/auto_vel_raw,0.3843,-0.6188,,,
1790704020.473,odom,0.2678,-0.6303,10.963,3.272,
1790704020.482,/auto_vel,0.3843,-0.6188,,,
1790704020.482,/compensador_rumo/cmd_vel,0.3843,-0.6188,,,
1790704020.484,/cmd_vel_bruto,0.3843,-0.9022,,,
1790704020.490,/hoverboard_base_controller/cmd_vel,0.2684,-0.9898,,,
1790704020.515,odom,0.2678,-0.6303,10.968,3.271,
1790704020.549,/auto_vel_raw,0.3803,-0.6172,,,
1790704020.553,odom,0.2678,-0.6303,10.973,3.269,
1790704020.563,/auto_vel,0.3803,-0.6172,,,
1790704020.563,/compensador_rumo/cmd_vel,0.3803,-0.6172,,,
1790704020.566,/cmd_vel_bruto,0.3803,-0.8882,,,
1790704020.568,/hoverboard_base_controller/cmd_vel,0.2698,-0.9814,,,
1790704020.568,odom,0.2678,-0.6303,10.978,3.267,
1790704020.592,odom,0.2678,-0.6303,10.983,3.265,
1790704020.602,/auto_vel_raw,0.3856,-0.6057,,,
1790704020.630,odom,0.2698,-0.7326,10.988,3.263,
1790704020.639,/auto_vel,0.3856,-0.6057,,,
1790704020.644,/compensador_rumo/cmd_vel,0.3856,-0.6057,,,
1790704020.644,odom,0.2698,-0.7326,10.993,3.261,
1790704020.650,/cmd_vel_bruto,0.3856,-0.8784,,,
1790704020.651,/hoverboard_base_controller/cmd_vel,0.2786,-0.9264,,,
1790704020.657,/auto_vel_raw,0.3838,-0.6020,,,
1790704020.666,odom,0.2698,-0.7326,10.998,3.259,
1790704020.676,/auto_vel,0.3838,-0.6020,,,
1790704020.686,/compensador_rumo/cmd_vel,0.3838,-0.6020,,,
1790704020.690,/hoverboard_base_controller/cmd_vel,0.0000,0.0000,,,
1790704020.690,/cmd_vel_bruto,0.3838,-0.8487,,,
1790704020.695,odom,0.2698,-0.7326,11.003,3.257,
1790704020.741,/auto_vel_raw,0.3881,-0.5947,,,
1790704020.744,odom,0.2698,-0.7326,11.008,3.254,
1790704020.758,odom,0.1987,-0.6975,11.012,3.253,
1790704020.764,/auto_vel,0.3881,-0.5947,,,
1790704020.766,/compensador_rumo/cmd_vel,0.3881,-0.5947,,,
1790704020.776,odom,0.1987,-0.6975,11.015,3.251,
1790704020.783,/cmd_vel_bruto,0.3881,-0.8291,,,
1790704020.786,/hoverboard_base_controller/cmd_vel,0.2812,-0.9097,,,
1790704020.794,/auto_vel_raw,0.3857,-0.5913,,,
1790704020.799,odom,0.1789,-0.7515,11.019,3.249,
1790704020.808,/auto_vel,0.3857,-0.5913,,,
1790704020.808,/compensador_rumo/cmd_vel,0.3857,-0.5913,,,
1790704020.810,/hoverboard_base_controller/cmd_vel,0.2834,-0.8964,,,
1790704020.812,/cmd_vel_bruto,0.3857,-0.8724,,,
1790704020.836,odom,0.1761,-0.8456,11.022,3.247,
1790704020.848,odom,0.1761,-0.8454,11.025,3.246,
1790704020.851,/auto_vel_raw,0.3989,-0.5663,,,
1790704020.868,odom,0.2352,-0.8461,11.029,3.243,
1790704020.888,/auto_vel,0.3989,-0.5663,,,
1790704020.894,/compensador_rumo/cmd_vel,0.3989,-0.5663,,,
1790704020.894,/cmd_vel_bruto,0.3989,-0.8413,,,
1790704020.898,/hoverboard_base_controller/cmd_vel,0.2830,-0.8984,,,
1790704020.898,odom,0.2359,-0.8401,11.033,3.241,
1790704020.911,/auto_vel_raw,0.4044,-0.5551,,,
1790704020.925,odom,0.2367,-0.8362,11.037,3.239,
1790704020.943,/auto_vel,0.4044,-0.5551,,,
1790704020.943,/compensador_rumo/cmd_vel,0.4044,-0.5551,,,
1790704020.949,/hoverboard_base_controller/cmd_vel,0.2834,-0.8964,,,
1790704020.949,/cmd_vel_bruto,0.4044,-0.8371,,,
1790704020.949,odom,0.2376,-0.8322,11.041,3.236,
1790704020.973,odom,0.2385,-0.8282,11.045,3.233,
1790704020.981,/auto_vel_raw,0.4085,-0.5425,,,
1790704020.981,/auto_vel,0.4085,-0.5425,,,
1790704020.981,/compensador_rumo/cmd_vel,0.4085,-0.5425,,,
1790704020.987,/hoverboard_base_controller/cmd_vel,0.0000,0.0000,,,
1790704020.987,/cmd_vel_bruto,0.4085,-0.8226,,,
1790704021.013,odom,0.2581,-0.8883,11.049,3.230,
1790704021.056,odom,0.2592,-0.8861,11.053,3.227,
1790704021.071,/auto_vel_raw,0.4203,-0.5191,,,
1790704021.089,odom,0.2602,-0.8838,11.057,3.224,
1790704021.097,/auto_vel,0.4203,-0.5191,,,
1790704021.097,/compensador_rumo/cmd_vel,0.4203,-0.5191,,,
1790704021.101,/cmd_vel_bruto,0.4203,-0.7028,,,
1790704021.106,/hoverboard_base_controller/cmd_vel,0.2866,-0.8759,,,
1790704021.151,odom,0.2613,-0.8815,11.061,3.221,
1790704021.197,odom,0.2624,-0.8790,11.065,3.218,
1790704021.210,/auto_vel_raw,0.4277,-0.5041,,,
1790704021.233,odom,0.2636,-0.8742,11.070,3.214,
1790704021.252,/auto_vel,0.4277,-0.5041,,,
1790704021.252,/compensador_rumo/cmd_vel,0.4277,-0.5041,,,
1790704021.254,/hoverboard_base_controller/cmd_vel,0.2887,-0.8632,,,
1790704021.260,/cmd_vel_bruto,0.4277,-0.6626,,,
1790704021.300,odom,0.2647,-0.8715,11.074,3.211,
1790704021.339,/auto_vel_raw,0.4374,-0.4828,,,
1790704021.387,odom,0.2658,-0.8687,11.078,3.207,
1790704021.406,/auto_vel,0.4374,-0.4828,,,
1790704021.406,/compensador_rumo/cmd_vel,0.4374,-0.4828,,,
1790704021.407,/hoverboard_base_controller/cmd_vel,0.2853,-0.8843,,,
1790704021.407,/cmd_vel_bruto,0.4374,-0.5925,,,
1790704021.456,odom,0.2669,-0.8658,11.082,3.204,
1790704021.535,/auto_vel_raw,0.4388,-0.4716,,,
1790704021.540,odom,0.2680,-0.8627,11.085,3.200,
1790704021.555,/auto_vel,0.4388,-0.4716,,,
1790704021.560,/compensador_rumo/cmd_vel,0.4388,-0.4716,,,
1790704021.576,/hoverboard_base_controller/cmd_vel,0.2894,-0.8586,,,
1790704021.577,/cmd_vel_bruto,0.4388,-0.5650,,,
1790704021.637,odom,0.2691,-0.8595,11.089,3.196,
1790704021.687,odom,0.2702,-0.8561,11.093,3.193,
1790704021.711,/auto_vel_raw,0.4469,-0.4439,,,
1790704021.751,odom,0.2713,-0.8524,11.097,3.189,
1790704021.764,/auto_vel,0.4469,-0.4439,,,
1790704021.765,/compensador_rumo/cmd_vel,0.4469,-0.4439,,,
1790704021.770,/cmd_vel_bruto,0.4469,-0.4990,,,
1790704021.778,/hoverboard_base_controller/cmd_vel,0.2905,-0.8519,,,
1790704021.816,odom,0.2723,-0.8485,11.101,3.185,
1790704021.853,/auto_vel_raw,0.4506,-0.4300,,,
1790704021.854,odom,0.2734,-0.8444,11.104,3.181,
1790704021.875,/auto_vel,0.4506,-0.4300,,,
1790704021.879,/compensador_rumo/cmd_vel,0.4506,-0.4300,,,
1790704021.879,/cmd_vel_bruto,0.4506,-0.4731,,,
1790704021.884,/hoverboard_base_controller/cmd_vel,0.2920,-0.8421,,,
1790704021.911,odom,0.2746,-0.8397,11.108,3.177,
1790704021.957,odom,0.2757,-0.8350,11.112,3.173,
1790704021.971,/auto_vel_raw,0.4596,-0.4000,,,
1790704021.991,odom,0.2768,-0.8301,11.115,3.168,
1790704022.004,/auto_vel,0.4596,-0.4000,,,
1790704022.004,/compensador_rumo/cmd_vel,0.4596,-0.4000,,,
1790704022.009,/cmd_vel_bruto,0.4596,-0.4160,,,
1790704022.012,odom,0.2779,-0.8248,11.119,3.164,
1790704022.021,/hoverboard_base_controller/cmd_vel,0.3021,-0.7795,,,
1790704022.047,/auto_vel_raw,0.4629,-0.3845,,,
1790704022.047,odom,0.2790,-0.8191,11.122,3.160,
1790704022.069,odom,0.2853,-0.7770,11.126,3.155,
1790704022.079,/auto_vel,0.4629,-0.3845,,,
1790704022.080,/compensador_rumo/cmd_vel,0.4629,-0.3845,,,
1790704022.085,/hoverboard_base_controller/cmd_vel,0.3059,-0.7557,,,
1790704022.085,/cmd_vel_bruto,0.4629,-0.3563,,,
1790704022.112,odom,0.2865,-0.7704,11.129,3.151,
1790704022.126,/auto_vel_raw,0.4682,-0.3539,,,
1790704022.127,odom,0.2877,-0.7634,11.132,3.146,
1790704022.143,odom,0.2889,-0.7559,11.136,3.141,
1790704022.153,/auto_vel,0.4682,-0.3539,,,
1790704022.155,/compensador_rumo/cmd_vel,0.4682,-0.3539,,,
1790704022.159,/cmd_vel_bruto,0.4682,-0.2706,,,
1790704022.164,/hoverboard_base_controller/cmd_vel,0.3144,-0.7023,,,
1790704022.175,/auto_vel_raw,0.4730,-0.3364,,,
1790704022.176,odom,0.2902,-0.7480,11.139,3.136,
1790704022.189,odom,0.2980,-0.6976,11.142,3.131,
1790704022.195,/auto_vel,0.4730,-0.3364,,,
1790704022.195,/compensador_rumo/cmd_vel,0.4730,-0.3364,,,
1790704022.195,/hoverboard_base_controller/cmd_vel,0.0000,0.0000,,,
1790704022.196,/cmd_vel_bruto,0.4730,-0.2356,,,
1790704022.231,odom,0.2994,-0.6884,11.145,3.126,
1790704022.251,/auto_vel_raw,0.4779,-0.3052,,,
1790704022.264,odom,0.3008,-0.6787,11.148,3.121,
1790704022.273,/auto_vel,0.4779,-0.3052,,,
1790704022.280,/compensador_rumo/cmd_vel,0.4779,-0.3052,,,
1790704022.280,/cmd_vel_bruto,0.4779,-0.1291,,,
1790704022.288,/hoverboard_base_controller/cmd_vel,0.3203,-0.6654,,,
1790704022.304,odom,0.3023,-0.6685,11.151,3.116,
1790704022.319,odom,0.3038,-0.6576,11.154,3.110,
1790704022.326,/auto_vel_raw,0.4848,-0.2690,,,
1790704022.364,odom,0.2738,-0.5928,11.157,3.106,
1790704022.368,/auto_vel,0.4848,-0.2690,,,
1790704022.372,/compensador_rumo/cmd_vel,0.4848,-0.2690,,,
1790704022.379,/cmd_vel_bruto,0.4848,-0.0613,,,
1790704022.384,/hoverboard_base_controller/cmd_vel,0.3227,-0.6505,,,
1790704022.395,odom,0.2643,-0.6610,11.159,3.101,
1790704022.400,/auto_vel_raw,0.4872,-0.2547,,,
1790704022.420,odom,0.2595,-0.6970,11.161,3.096,
1790704022.430,/auto_vel,0.4872,-0.2547,,,
1790704022.431,/compensador_rumo/cmd_vel,0.4872,-0.2547,,,
1790704022.442,/cmd_vel_bruto,0.4872,-0.0517,,,
1790704022.448,/hoverboard_base_controller/cmd_vel,0.3280,-0.6173,,,
1790704022.452,odom,0.2556,-0.7260,11.164,3.091,
1790704022.486,odom,0.2555,-0.7257,11.166,3.087,
1790704022.492,/auto_vel_raw,0.5000,0.0000,,,
1790704022.515,odom,0.3278,-0.7575,11.168,3.081,
1790704022.525,/auto_vel,0.5000,0.0000,,,
1790704022.525,/compensador_rumo/cmd_vel,0.5000,0.0000,,,
1790704022.525,/hoverboard_base_controller/cmd_vel,0.3332,-0.5850,,,
1790704022.525,/cmd_vel_bruto,0.5000,0.5239,,,
1790704022.551,odom,0.3277,-0.7571,11.171,3.075,
1790704022.556,/auto_vel_raw,0.5000,0.0000,,,
1790704022.570,odom,0.3276,-0.7562,11.173,3.069,
1790704022.583,/auto_vel,0.5000,0.0000,,,
1790704022.583,/compensador_rumo/cmd_vel,0.5000,0.0000,,,
1790704022.586,/hoverboard_base_controller/cmd_vel,0.3409,-0.5370,,,
1790704022.587,/cmd_vel_bruto,0.5000,0.5210,,,
1790704022.612,odom,0.3274,-0.7552,11.175,3.063,
1790704022.660,/auto_vel_raw,0.5000,0.0000,,,
1790704022.660,odom,0.3273,-0.7539,11.178,3.057,
1790704022.675,/auto_vel,0.5000,0.0000,,,
1790704022.679,/compensador_rumo/cmd_vel,0.5000,0.0000,,,
1790704022.680,/hoverboard_base_controller/cmd_vel,0.3442,-0.5162,,,
1790704022.680,/cmd_vel_bruto,0.5000,0.5462,,,
1790704022.689,odom,0.3400,-0.6545,11.180,3.050,
1790704022.722,odom,0.3398,-0.6529,11.182,3.044,
1790704022.736,/auto_vel_raw,0.5000,0.0000,,,
1790704022.749,odom,0.3396,-0.6509,11.184,3.037,
1790704022.751,/auto_vel,0.5000,0.0000,,,
1790704022.753,/compensador_rumo/cmd_vel,0.5000,0.0000,,,
1790704022.753,/cmd_vel_bruto,0.5000,0.5808,,,
1790704022.757,/hoverboard_base_controller/cmd_vel,0.3541,-0.4541,,,
1790704022.775,odom,0.3392,-0.6485,11.186,3.031,
1790704022.809,/auto_vel_raw,0.5000,0.0000,,,
1790704022.814,odom,0.3389,-0.6455,11.188,3.024,
1790704022.846,odom,0.3521,-0.5430,11.190,3.017,
1790704022.858,/auto_vel,0.5000,0.0000,,,
1790704022.859,/compensador_rumo/cmd_vel,0.5000,0.0000,,,
1790704022.859,/cmd_vel_bruto,0.5000,0.6144,,,
1790704022.863,/hoverboard_base_controller/cmd_vel,0.3608,-0.4127,,,
1790704022.878,odom,0.3516,-0.5393,11.191,3.011,
1790704022.895,/auto_vel_raw,0.5000,0.0000,,,
1790704022.906,odom,0.3510,-0.5349,11.193,3.004,
1790704022.911,/auto_vel,0.5000,0.0000,,,
1790704022.914,/compensador_rumo/cmd_vel,0.5000,0.0000,,,
1790704022.917,/cmd_vel_bruto,0.5000,0.6211,,,
1790704022.922,/hoverboard_base_controller/cmd_vel,0.3617,-0.4067,,,
1790704022.932,odom,0.3503,-0.5296,11.195,2.997,
1790704022.960,odom,0.3495,-0.5232,11.196,2.990,
1790704022.965,/auto_vel_raw,0.5000,0.0000,,,
1790704023.000,odom,0.3567,-0.4618,11.198,2.983,
1790704023.027,/auto_vel,0.5000,0.0000,,,
1790704023.030,/compensador_rumo/cmd_vel,0.5000,0.0000,,,
1790704023.030,/cmd_vel_bruto,0.5000,0.6275,,,
1790704023.033,/hoverboard_base_controller/cmd_vel,0.3056,0.0084,,,
1790704023.039,odom,0.3556,-0.4536,11.199,2.976,
1790704023.073,/auto_vel_raw,0.5000,0.0000,,,
1790704023.073,odom,0.3544,-0.4439,11.201,2.969,
1790704023.085,/auto_vel,0.5000,0.0000,,,
1790704023.085,/compensador_rumo/cmd_vel,0.5000,0.0000,,,
1790704023.094,/hoverboard_base_controller/cmd_vel,0.3059,0.0065,,,
1790704023.094,/cmd_vel_bruto,0.5000,0.6383,,,
1790704023.107,odom,0.3529,-0.4325,11.202,2.962,
1790704023.140,/auto_vel_raw,0.5000,0.0000,,,
1790704023.142,odom,0.3511,-0.4191,11.203,2.955,
1790704023.153,/auto_vel,0.5000,0.0000,,,
1790704023.153,/compensador_rumo/cmd_vel,0.5000,0.0000,,,
1790704023.154,/hoverboard_base_controller/cmd_vel,0.3033,0.0222,,,
1790704023.154,/cmd_vel_bruto,0.5000,0.6368,,,
1790704023.203,odom,0.3081,-0.2986,11.204,2.949,
1790704023.236,odom,0.2996,-0.2535,11.205,2.943,
1790704023.300,/auto_vel_raw,0.5000,0.0000,,,
1790704023.320,odom,0.3024,-0.2342,11.206,2.937,
1790704023.351,/auto_vel,0.5000,0.0000,,,
1790704023.351,/compensador_rumo/cmd_vel,0.5000,0.0000,,,
1790704023.351,/hoverboard_base_controller/cmd_vel,0.3000,0.0434,,,
1790704023.359,/cmd_vel_bruto,0.5000,0.6164,,,
1790704023.372,odom,0.3056,-0.2174,11.207,2.931,
1790704023.395,odom,0.3059,-0.2161,11.208,2.925,
1790704023.409,/auto_vel_raw,0.5000,0.0000,,,
1790704023.430,odom,0.2990,-0.1420,11.209,2.919,
1790704023.438,/auto_vel,0.5000,0.0000,,,
1790704023.439,/compensador_rumo/cmd_vel,0.5000,0.0000,,,
1790704023.440,/cmd_vel_bruto,0.5000,0.5917,,,
1790704023.442,/hoverboard_base_controller/cmd_vel,0.2967,0.0637,,,
1790704023.464,odom,0.2978,-0.1330,11.210,2.913,
1790704023.481,/auto_vel_raw,0.5000,0.0000,,,
1790704023.489,odom,0.2967,-0.1238,11.211,2.908,
1790704023.499,/auto_vel,0.5000,0.0000,,,
1790704023.500,/compensador_rumo/cmd_vel,0.5000,0.0000,,,
1790704023.500,/cmd_vel_bruto,0.5000,0.5565,,,
1790704023.504,/hoverboard_base_controller/cmd_vel,0.2961,0.0676,,,
1790704023.533,odom,0.2963,-0.1217,11.212,2.902,
1790704023.608,/auto_vel_raw,0.5000,0.0000,,,
1790704023.609,odom,0.2963,-0.1217,11.212,2.896,
1790704023.616,/auto_vel,0.5000,0.0000,,,
1790704023.616,/compensador_rumo/cmd_vel,0.5000,0.0000,,,
1790704023.626,/cmd_vel_bruto,0.5000,0.5502,,,
1790704023.632,/hoverboard_base_controller/cmd_vel,0.2955,0.0714,,,
1790704023.655,odom,0.2954,0.0414,11.213,2.890,
1790704023.693,odom,0.2947,0.0448,11.214,2.884,
1790704023.717,/auto_vel_raw,0.5000,0.0000,,,
1790704023.727,odom,0.2947,0.0448,11.215,2.878,
1790704023.740,/auto_vel,0.5000,0.0000,,,
1790704023.740,/compensador_rumo/cmd_vel,0.5000,0.0000,,,
1790704023.740,/cmd_vel_bruto,0.5000,0.5494,,,
1790704023.742,/hoverboard_base_controller/cmd_vel,0.2945,0.0778,,,
1790704023.774,odom,0.2947,0.0448,11.216,2.872,
1790704023.804,odom,0.2947,0.0448,11.217,2.867,
1790704023.821,/auto_vel_raw,0.5000,0.0000,,,
1790704023.859,odom,0.2935,0.0703,11.217,2.861,
1790704023.866,/auto_vel,0.5000,0.0000,,,
1790704023.878,/compensador_rumo/cmd_vel,0.5000,0.0000,,,
1790704023.882,/cmd_vel_bruto,0.5000,0.5333,,,
1790704023.900,/hoverboard_base_controller/cmd_vel,0.2946,0.0769,,,
1790704023.925,odom,0.2923,0.0769,11.218,2.855,
1790704023.961,/auto_vel_raw,0.5000,0.0000,,,
1790704023.978,odom,0.2921,0.0778,11.219,2.849,
1790704023.994,/auto_vel,0.5000,0.0000,,,
1790704023.994,/compensador_rumo/cmd_vel,0.5000,0.0000,,,
1790704023.994,/cmd_vel_bruto,0.5000,0.5375,,,
1790704023.996,/hoverboard_base_controller/cmd_vel,0.2965,0.0648,,,
1790704024.024,odom,0.2921,0.0778,11.220,2.843,
1790704024.050,odom,0.2921,0.0778,11.221,2.838,
1790704024.066,/auto_vel_raw,0.5000,0.0000,,,
1790704024.126,odom,0.2946,0.0648,11.222,2.832,
1790704024.137,/auto_vel,0.5000,0.0000,,,
1790704024.143,/compensador_rumo/cmd_vel,0.5000,0.0000,,,
1790704024.148,/cmd_vel_bruto,0.5000,0.5359,,,
1790704024.150,/hoverboard_base_controller/cmd_vel,0.2989,0.0500,,,
1790704024.163,odom,0.2946,0.0648,11.223,2.826,
1790704024.199,/auto_vel_raw,0.5000,0.0000,,,
1790704024.245,odom,0.2946,0.0648,11.223,2.820,
1790704024.255,/auto_vel,0.5000,0.0000,,,
1790704024.257,/compensador_rumo/cmd_vel,0.5000,0.0000,,,
1790704024.264,/hoverboard_base_controller/cmd_vel,0.3023,0.0286,,,
1790704024.264,/cmd_vel_bruto,0.5000,0.5328,,,
1790704024.353,odom,0.2946,0.0648,11.224,2.814,
1790704024.464,odom,0.2946,0.0648,11.225,2.809,
1790704024.471,/auto_vel_raw,0.5000,0.0000,,,
1790704024.543,odom,0.3015,0.0287,11.226,2.803,
1790704024.561,/auto_vel,0.5000,0.0000,,,
1790704024.567,/compensador_rumo/cmd_vel,0.5000,0.0000,,,
1790704024.568,/cmd_vel_bruto,0.5000,0.5371,,,
1790704024.575,/hoverboard_base_controller/cmd_vel,0.3030,0.0247,,,
1790704024.593,odom,0.3015,0.0286,11.227,2.797,
1790704024.626,/auto_vel_raw,0.5000,0.0000,,,
1790704024.669,odom,0.3015,0.0286,11.228,2.791,
1790704024.675,/auto_vel,0.5000,0.0000,,,
1790704024.675,/compensador_rumo/cmd_vel,0.5000,0.0000,,,
1790704024.676,/hoverboard_base_controller/cmd_vel,0.3030,0.0242,,,
1790704024.676,/cmd_vel_bruto,0.5000,0.5385,,,
1790704024.773,odom,0.3015,0.0286,11.229,2.785,
1790704024.833,/auto_vel_raw,0.5000,0.0000,,,
1790704024.833,odom,0.3015,0.0286,11.230,2.779,
1790704024.896,odom,0.3023,0.0242,11.231,2.773,
1790704024.913,/auto_vel,0.5000,0.0000,,,
1790704024.914,/compensador_rumo/cmd_vel,0.5000,0.0000,,,
1790704024.914,/hoverboard_base_controller/cmd_vel,0.3046,0.0142,,,
1790704024.914,/cmd_vel_bruto,0.5000,0.5433,,,
1790704024.963,odom,0.3023,0.0242,11.232,2.767,
1790704025.003,/auto_vel_raw,0.5000,0.0000,,,
1790704025.022,odom,0.3023,0.0242,11.233,2.761,
1790704025.034,/auto_vel,0.5000,0.0000,,,
1790704025.035,/compensador_rumo/cmd_vel,0.5000,0.0000,,,
1790704025.043,/hoverboard_base_controller/cmd_vel,0.3042,0.0168,,,
1790704025.044,/cmd_vel_bruto,0.5000,0.5317,,,
1790704025.044,odom,0.3023,0.0242,11.234,2.755,
1790704025.069,odom,0.3023,0.0242,11.235,2.749,
1790704025.076,/auto_vel_raw,0.5000,0.0000,,,
1790704025.120,odom,0.3037,0.0168,11.236,2.743,
1790704025.125,/auto_vel,0.5000,0.0000,,,
1790704025.131,/compensador_rumo/cmd_vel,0.5000,0.0000,,,
1790704025.139,odom,0.3037,0.0168,11.237,2.737,
1790704025.141,/cmd_vel_bruto,0.5000,0.5486,,,
1790704025.145,/hoverboard_base_controller/cmd_vel,0.3047,0.0139,,,
1790704025.160,odom,0.3037,0.0168,11.238,2.731,
1790704025.161,/auto_vel_raw,0.5000,0.0000,,,
1790704025.189,odom,0.3037,0.0168,11.239,2.725,
1790704025.198,/auto_vel,0.5000,0.0000,,,
1790704025.199,/compensador_rumo/cmd_vel,0.5000,0.0000,,,
1790704025.204,/cmd_vel_bruto,0.5000,0.5294,,,
1790704025.207,/hoverboard_base_controller/cmd_vel,0.0000,0.0000,,,
1790704025.209,odom,0.3037,0.0168,11.240,2.719,
1790704025.214,/auto_vel_raw,0.5000,0.0000,,,
1790704025.242,odom,0.3043,0.0139,11.241,2.713,
1790704025.249,/auto_vel,0.5000,0.0000,,,
1790704025.251,/compensador_rumo/cmd_vel,0.5000,0.0000,,,
1790704025.251,/cmd_vel_bruto,0.5000,0.5476,,,
1790704025.252,/hoverboard_base_controller/cmd_vel,0.3043,0.0165,,,
1790704025.298,odom,0.3043,0.0139,11.242,2.707,
1790704025.313,/auto_vel_raw,0.5000,0.0000,,,
1790704025.325,odom,0.3043,0.0139,11.243,2.701,
1790704025.356,/auto_vel,0.5000,0.0000,,,
1790704025.361,/compensador_rumo/cmd_vel,0.5000,0.0000,,,
1790704025.362,odom,0.3043,0.0139,11.244,2.695,
1790704025.365,/hoverboard_base_controller/cmd_vel,0.3041,0.0174,,,
1790704025.366,/cmd_vel_bruto,0.5000,0.5624,,,
1790704025.378,odom,0.3043,0.0139,11.245,2.689,
1790704025.382,/auto_vel_raw,0.5000,0.0000,,,
1790704025.401,odom,0.3036,0.0174,11.246,2.683,
1790704025.429,/auto_vel,0.5000,0.0000,,,
1790704025.429,/compensador_rumo/cmd_vel,0.5000,0.0000,,,
1790704025.429,odom,0.3036,0.0174,11.247,2.677,
1790704025.434,/cmd_vel_bruto,0.5000,0.5613,,,
1790704025.436,/hoverboard_base_controller/cmd_vel,0.3036,0.0204,,,
1790704025.452,/auto_vel_raw,0.5000,0.0000,,,
1790704025.465,odom,0.3036,0.0174,11.248,2.671,
1790704025.485,/auto_vel,0.5000,0.0000,,,
1790704025.485,/compensador_rumo/cmd_vel,0.5000,0.0000,,,
1790704025.485,/hoverboard_base_controller/cmd_vel,0.3048,0.0132,,,
1790704025.486,/cmd_vel_bruto,0.5000,0.5677,,,
1790704025.486,odom,0.3036,0.0174,11.249,2.665,
1790704025.514,/auto_vel_raw,0.5000,0.0000,,,
1790704025.515,/auto_vel,0.5000,0.0000,,,
1790704025.515,/compensador_rumo/cmd_vel,0.5000,0.0000,,,
1790704025.516,odom,0.3036,0.0174,11.250,2.659,
1790704025.518,/cmd_vel_bruto,0.5000,0.5548,,,
1790704025.520,/hoverboard_base_controller/cmd_vel,0.0000,0.0000,,,
1790704025.549,odom,0.3044,0.0132,11.251,2.653,
1790704025.577,odom,0.3044,0.0132,11.252,2.647,
1790704025.594,/auto_vel_raw,0.5000,0.0000,,,
1790704025.603,odom,0.3044,0.0132,11.253,2.641,
1790704025.617,/auto_vel,0.5000,0.0000,,,
1790704025.623,/compensador_rumo/cmd_vel,0.5000,0.0000,,,
1790704025.624,/cmd_vel_bruto,0.5000,0.5547,,,
1790704025.626,odom,0.3044,0.0132,11.254,2.635,
1790704025.640,/hoverboard_base_controller/cmd_vel,0.3050,0.0118,,,
1790704025.648,odom,0.3044,0.0132,11.255,2.629,
1790704025.655,/auto_vel_raw,0.5000,0.0000,,,
1790704025.687,odom,0.3047,0.0118,11.256,2.623,
1790704025.712,odom,0.3047,0.0118,11.257,2.617,
1790704025.729,/auto_vel_raw,0.5000,0.0000,,,
1790704025.735,odom,0.3047,0.0118,11.258,2.611,
1790704025.742,/auto_vel,0.5000,0.0000,,,
1790704025.743,/compensador_rumo/cmd_vel,0.5000,0.0000,,,
1790704025.752,/cmd_vel_bruto,0.5000,0.5553,,,
1790704025.761,/hoverboard_base_controller/cmd_vel,0.3017,0.0322,,,
1790704025.798,odom,0.3047,0.0118,11.259,2.605,
1790704025.818,/auto_vel,0.5000,0.0000,,,
1790704025.819,/compensador_rumo/cmd_vel,0.5000,0.0000,,,
1790704025.825,/hoverboard_base_controller/cmd_vel,0.0000,0.0000,,,
1790704025.826,/cmd_vel_bruto,0.5000,0.5583,,,
1790704025.871,/auto_vel_raw,0.5000,0.0000,,,
1790704025.872,odom,0.3047,0.0118,11.260,2.599,
1790704025.880,/auto_vel,0.0000,0.0000,,,
1790704025.881,/compensador_rumo/cmd_vel,0.0000,0.0000,,,
1790704025.882,collision_state,,,,,STOP:invalid source
1790704025.890,/hoverboard_base_controller/cmd_vel,0.0000,0.0000,,,
1790704025.891,/cmd_vel_bruto,0.0000,0.0000,,,
1790704025.904,odom,0.2250,-0.0000,11.260,2.594,
1790704025.960,odom,0.2250,-0.0000,11.261,2.590,
1790704025.981,/auto_vel_raw,0.5000,0.0000,,,
1790704025.994,odom,0.2136,-0.0075,11.262,2.586,
1790704026.003,/auto_vel,0.0000,0.0000,,,
1790704026.003,collision_state,,,,,STOP:PolygonStop
1790704026.009,/compensador_rumo/cmd_vel,0.0000,0.0000,,,
1790704026.009,/cmd_vel_bruto,0.0000,0.0000,,,
1790704026.014,/hoverboard_base_controller/cmd_vel,0.3012,0.0354,,,
1790704026.060,odom,0.2250,0.0000,11.263,2.581,
1790704026.106,odom,0.2250,0.0000,11.263,2.577,
1790704026.108,/auto_vel_raw,0.5000,0.0000,,,
1790704026.178,odom,0.3002,0.0354,11.264,2.571,
1790704026.183,/auto_vel,0.0000,0.0000,,,
1790704026.184,/compensador_rumo/cmd_vel,0.0000,0.0000,,,
1790704026.186,/cmd_vel_bruto,0.0000,0.0000,,,
1790704026.187,/hoverboard_base_controller/cmd_vel,0.3025,0.0275,,,
1790704026.208,odom,0.3002,0.0354,11.265,2.565,
1790704026.226,/auto_vel_raw,0.5000,0.0000,,,
1790704026.240,odom,0.3002,0.0354,11.266,2.559,
1790704026.249,/auto_vel,0.0000,0.0000,,,
1790704026.250,/compensador_rumo/cmd_vel,0.0000,0.0000,,,
1790704026.251,/cmd_vel_bruto,0.0000,0.0000,,,
1790704026.251,/hoverboard_base_controller/cmd_vel,0.3025,0.0274,,,
1790704026.275,odom,0.3002,0.0354,11.267,2.554,
1790704026.308,odom,0.3002,0.0354,11.268,2.548,
1790704026.312,/auto_vel_raw,0.5000,0.0000,,,
1790704026.316,/auto_vel,0.0000,0.0000,,,
1790704026.325,/compensador_rumo/cmd_vel,0.0000,0.0000,,,
1790704026.331,/hoverboard_base_controller/cmd_vel,0.0000,0.0000,,,
1790704026.333,/cmd_vel_bruto,0.0000,0.0000,,,
1790704026.390,odom,0.3017,0.0274,11.269,2.542,
1790704026.438,odom,0.3017,0.0274,11.270,2.536,
1790704026.465,/auto_vel_raw,0.5000,0.0000,,,
1790704026.473,odom,0.3017,0.0274,11.271,2.530,
1790704026.502,/auto_vel,0.0000,0.0000,,,
1790704026.507,/compensador_rumo/cmd_vel,0.0000,0.0000,,,
1790704026.513,/cmd_vel_bruto,0.0000,0.0000,,,
1790704026.514,odom,0.3017,0.0274,11.273,2.524,
1790704026.518,/hoverboard_base_controller/cmd_vel,0.3025,0.0274,,,
1790704026.534,odom,0.3017,0.0274,11.274,2.518,
1790704026.548,/auto_vel_raw,0.5000,0.0000,,,
1790704026.560,odom,0.3017,0.0274,11.275,2.512,
1790704026.573,/auto_vel,0.0000,0.0000,,,
1790704026.573,/compensador_rumo/cmd_vel,0.0000,0.0000,,,
1790704026.578,/hoverboard_base_controller/cmd_vel,0.0000,0.0000,,,
1790704026.578,/cmd_vel_bruto,0.0000,0.0000,,,
1790704026.615,odom,0.3017,0.0274,11.276,2.506,
1790704026.659,/auto_vel_raw,0.5000,0.0000,,,
1790704026.662,odom,0.3017,0.0274,11.277,2.500,
1790704026.671,/auto_vel,0.0000,0.0000,,,
1790704026.671,/compensador_rumo/cmd_vel,0.0000,0.0000,,,
1790704026.676,/hoverboard_base_controller/cmd_vel,0.2531,0.0229,,,
1790704026.676,/cmd_vel_bruto,0.0000,0.0000,,,
1790704026.705,odom,0.3017,0.0274,11.278,2.494,
1790704026.751,/auto_vel_raw,0.5000,0.0000,,,
1790704026.753,odom,0.3017,0.0274,11.279,2.488,
1790704026.770,odom,0.2537,0.0229,11.280,2.483,
1790704026.778,/auto_vel,0.0000,0.0000,,,
1790704026.785,/compensador_rumo/cmd_vel,0.0000,0.0000,,,
1790704026.786,/hoverboard_base_controller/cmd_vel,0.2141,0.0194,,,
1790704026.786,/cmd_vel_bruto,0.0000,0.0000,,,
1790704026.793,odom,0.2488,0.0229,11.281,2.478,
1790704026.817,/auto_vel_raw,0.5000,0.0000,,,
1790704026.828,odom,0.2524,0.0229,11.281,2.473,
1790704026.842,/auto_vel,0.0000,0.0000,,,
1790704026.842,/compensador_rumo/cmd_vel,0.0000,0.0000,,,
1790704026.849,/hoverboard_base_controller/cmd_vel,0.1955,0.0177,,,
1790704026.849,/cmd_vel_bruto,0.0000,0.0000,,,
1790704026.902,odom,0.2524,0.0229,11.282,2.468,
1790704026.960,/auto_vel_raw,0.5000,0.0000,,,
1790704026.962,odom,0.2524,0.0229,11.283,2.463,
1790704026.976,/auto_vel,0.0000,0.0000,,,
1790704026.977,/compensador_rumo/cmd_vel,0.0000,0.0000,,,
1790704026.977,/cmd_vel_bruto,0.0000,0.0000,,,
1790704026.982,/hoverboard_base_controller/cmd_vel,0.1716,0.0156,,,
1790704027.033,odom,0.1960,0.0177,11.284,2.459,
1790704027.044,odom,0.1960,0.0177,11.285,2.456,
1790704027.060,/auto_vel_raw,0.5000,0.0000,,,
1790704027.081,odom,0.1949,0.0178,11.285,2.452,
1790704027.096,/auto_vel,0.0000,0.0000,,,
1790704027.097,/compensador_rumo/cmd_vel,0.0000,0.0000,,,
1790704027.099,/hoverboard_base_controller/cmd_vel,0.1350,0.0122,,,
1790704027.099,/cmd_vel_bruto,0.0000,0.0000,,,
1790704027.120,odom,0.1949,0.0177,11.286,2.448,
1790704027.163,/auto_vel_raw,0.5000,0.0000,,,
1790704027.167,odom,0.1949,0.0177,11.287,2.444,
1790704027.175,/auto_vel,0.0000,0.0000,,,
1790704027.176,/compensador_rumo/cmd_vel,0.0000,0.0000,,,
1790704027.176,/cmd_vel_bruto,0.0000,0.0000,,,
1790704027.178,/hoverboard_base_controller/cmd_vel,0.1134,0.0103,,,
1790704027.222,odom,0.1353,0.0122,11.287,2.442,
1790704027.278,odom,0.1353,0.0122,11.288,2.439,
1790704027.301,/auto_vel_raw,0.5000,0.0000,,,
1790704027.312,odom,0.1346,0.0124,11.288,2.436,
1790704027.326,/auto_vel,0.0000,0.0000,,,
1790704027.327,/compensador_rumo/cmd_vel,0.0000,0.0000,,,
1790704027.333,/hoverboard_base_controller/cmd_vel,0.0797,0.0072,,,
1790704027.334,/cmd_vel_bruto,0.0000,0.0000,,,
1790704027.361,odom,0.1346,0.0122,11.289,2.434,
1790704027.369,odom,0.1346,0.0122,11.289,2.431,
1790704027.378,/auto_vel_raw,0.5000,0.0000,,,
1790704027.396,odom,0.0799,0.0072,11.290,2.429,
1790704027.403,/auto_vel,0.0000,0.0000,,,
1790704027.431,/compensador_rumo/cmd_vel,0.0000,0.0000,,,
1790704027.432,/hoverboard_base_controller/cmd_vel,0.0349,0.0032,,,
1790704027.432,/cmd_vel_bruto,0.0000,0.0000,,,
1790704027.432,odom,0.0771,0.0074,11.290,2.428,
1790704027.447,odom,0.0795,0.0072,11.290,2.426,
1790704027.450,/auto_vel_raw,0.5000,0.0000,,,
1790704027.493,odom,0.0795,0.0072,11.290,2.425,
1790704027.497,/auto_vel,0.0000,0.0000,,,
1790704027.497,/compensador_rumo/cmd_vel,0.0000,0.0000,,,
1790704027.502,/cmd_vel_bruto,0.0000,0.0000,,,
1790704027.505,/hoverboard_base_controller/cmd_vel,0.0105,0.0009,,,
1790704027.572,/auto_vel_raw,0.5000,0.0000,,,
1790704027.572,odom,0.0795,0.0072,11.291,2.423,
1790704027.608,odom,0.0105,0.0009,11.291,2.423,
1790704027.625,/auto_vel,0.0000,0.0000,,,
1790704027.626,/compensador_rumo/cmd_vel,0.0000,0.0000,,,
1790704027.631,/hoverboard_base_controller/cmd_vel,0.0000,0.0000,,,
1790704027.632,/cmd_vel_bruto,0.0000,0.0000,,,
1790704027.656,odom,0.0105,0.0009,11.291,2.423,
1790704027.692,/auto_vel_raw,0.5000,0.0000,,,
1790704027.718,odom,0.0044,0.0009,11.291,2.423,
1790704027.731,/auto_vel,0.0000,0.0000,,,
1790704027.731,/compensador_rumo/cmd_vel,0.0000,0.0000,,,
1790704027.734,/cmd_vel_bruto,0.0000,0.0000,,,
1790704027.739,/hoverboard_base_controller/cmd_vel,0.0000,0.0000,,,
1790704027.766,odom,0.0104,0.0009,11.291,2.422,
1790704027.793,odom,0.0104,0.0009,11.291,2.422,
1790704027.804,/auto_vel_raw,0.5000,0.0000,,,
1790704027.821,odom,0.0000,-0.0000,11.291,2.422,
1790704027.824,/auto_vel,0.0000,0.0000,,,
1790704027.824,/compensador_rumo/cmd_vel,0.0000,0.0000,,,
1790704027.830,/cmd_vel_bruto,0.0000,0.0000,,,
1790704027.836,/hoverboard_base_controller/cmd_vel,0.0000,0.0000,,,
1790704027.840,odom,0.0000,-0.0000,11.291,2.422,
1790704027.871,/auto_vel_raw,0.5000,0.0000,,,
1790704027.888,odom,0.0000,-0.0000,11.291,2.422,
1790704027.913,/auto_vel,0.0000,0.0000,,,
1790704027.914,/compensador_rumo/cmd_vel,0.0000,0.0000,,,
1790704027.918,/cmd_vel_bruto,0.0000,0.0000,,,
1790704027.920,/hoverboard_base_controller/cmd_vel,0.0000,0.0000,,,
1790704027.939,odom,0.0000,-0.0000,11.291,2.422,
1790704028.010,/auto_vel_raw,0.5000,0.0000,,,
1790704028.010,odom,0.0000,-0.0000,11.291,2.422,
1790704028.017,/auto_vel,0.0000,0.0000,,,
1790704028.018,/compensador_rumo/cmd_vel,0.0000,0.0000,,,
1790704028.022,/hoverboard_base_controller/cmd_vel,0.0000,0.0000,,,
1790704028.023,/cmd_vel_bruto,0.0000,0.0000,,,
1790704028.096,odom,0.0000,-0.0000,11.291,2.422,
1790704028.180,odom,0.0000,-0.0000,11.291,2.422,
1790704028.221,/auto_vel_raw,0.5000,0.0000,,,
1790704028.269,odom,0.0000,-0.0000,11.291,2.422,
1790704028.284,/auto_vel,0.0000,0.0000,,,
1790704028.284,/compensador_rumo/cmd_vel,0.0000,0.0000,,,
1790704028.284,/hoverboard_base_controller/cmd_vel,0.0000,0.0000,,,
1790704028.284,/cmd_vel_bruto,0.0000,0.0000,,,
1790704028.378,odom,0.0000,-0.0000,11.291,2.422,
1790704028.408,odom,0.0000,-0.0000,11.291,2.422,
1790704028.411,/auto_vel_raw,0.5000,0.0000,,,
1790704028.480,odom,0.0000,-0.0000,11.291,2.422,
1790704028.491,/auto_vel,0.0000,0.0000,,,
1790704028.494,/compensador_rumo/cmd_vel,0.0000,0.0000,,,
1790704028.494,/cmd_vel_bruto,0.0000,0.0000,,,
1790704028.498,/hoverboard_base_controller/cmd_vel,0.0000,0.0000,,,
1790704028.521,odom,0.0000,-0.0000,11.291,2.422,
1790704028.552,/auto_vel_raw,0.5000,0.0000,,,
1790704028.569,odom,0.0000,0.0000,11.291,2.422,
1790704028.580,/auto_vel,0.0000,0.0000,,,
1790704028.580,/compensador_rumo/cmd_vel,0.0000,0.0000,,,
1790704028.580,/hoverboard_base_controller/cmd_vel,0.0000,0.0000,,,
1790704028.580,/cmd_vel_bruto,0.0000,0.0000,,,
1790704028.615,odom,0.0000,0.0000,11.291,2.422,
1790704028.666,odom,0.0000,-0.0000,11.291,2.422,
1790704028.684,/auto_vel_raw,0.5000,0.0000,,,
1790704028.733,/auto_vel,0.0000,0.0000,,,
1790704028.733,/compensador_rumo/cmd_vel,0.0000,0.0000,,,
1790704028.733,/hoverboard_base_controller/cmd_vel,0.0000,0.0000,,,
1790704028.733,/cmd_vel_bruto,0.0000,0.0000,,,
1790704028.734,odom,0.0000,0.0000,11.291,2.422,
1790704028.749,odom,0.0000,0.0000,11.291,2.422,
1790704028.764,/auto_vel_raw,0.5000,0.0000,,,
1790704028.781,odom,0.0000,0.0000,11.291,2.422,
1790704028.789,/auto_vel,0.0000,0.0000,,,
1790704028.789,/compensador_rumo/cmd_vel,0.0000,0.0000,,,
1790704028.789,/hoverboard_base_controller/cmd_vel,0.0000,0.0000,,,
1790704028.793,/cmd_vel_bruto,0.0000,0.0000,,,
1790704028.803,odom,0.0000,0.0000,11.291,2.422,
1790704028.835,/auto_vel_raw,0.5000,0.0000,,,
1790704028.835,odom,0.0000,0.0000,11.291,2.422,
1790704028.889,odom,0.0000,0.0000,11.291,2.422,
1790704028.895,/auto_vel,0.0000,0.0000,,,
1790704028.899,/compensador_rumo/cmd_vel,0.0000,0.0000,,,
1790704028.900,/cmd_vel_bruto,0.0000,0.0000,,,
1790704028.901,/hoverboard_base_controller/cmd_vel,0.0000,0.0000,,,
1790704028.949,odom,0.0000,0.0000,11.291,2.422,
1790704028.980,/auto_vel_raw,0.5000,0.0000,,,
1790704029.023,odom,0.0000,0.0000,11.291,2.422,
1790704029.035,/auto_vel,0.0000,0.0000,,,
1790704029.035,/compensador_rumo/cmd_vel,0.0000,0.0000,,,
1790704029.044,/hoverboard_base_controller/cmd_vel,0.0000,0.0000,,,
1790704029.045,/cmd_vel_bruto,0.0000,0.0000,,,
1790704029.060,odom,0.0000,0.0000,11.291,2.422,
1790704029.110,/auto_vel_raw,0.5000,0.0000,,,
1790704029.113,odom,0.0000,0.0000,11.291,2.422,
1790704029.176,odom,0.0000,0.0000,11.291,2.422,
1790704029.185,/auto_vel,0.0000,0.0000,,,
1790704029.191,/compensador_rumo/cmd_vel,0.0000,0.0000,,,
1790704029.195,/cmd_vel_bruto,0.0000,0.0000,,,
1790704029.206,/hoverboard_base_controller/cmd_vel,0.0000,0.0000,,,
1790704029.258,odom,0.0000,0.0000,11.291,2.422,
1790704029.322,/auto_vel_raw,0.5000,0.0000,,,
1790704029.361,odom,0.0000,0.0000,11.291,2.422,
1790704029.382,/auto_vel,0.0000,0.0000,,,
1790704029.382,odom,0.0000,0.0000,11.291,2.422,
1790704029.384,/compensador_rumo/cmd_vel,0.0000,0.0000,,,
1790704029.384,/hoverboard_base_controller/cmd_vel,0.0000,0.0000,,,
1790704029.384,/cmd_vel_bruto,0.0000,0.0000,,,
1790704029.384,odom,0.0000,-0.0000,11.291,2.422,
1790704029.390,/auto_vel_raw,0.5000,0.0000,,,
1790704029.408,odom,0.0000,0.0000,11.291,2.422,
1790704029.426,/compensador_rumo/cmd_vel,0.0000,0.0000,,,
1790704029.427,/auto_vel,0.0000,0.0000,,,
1790704029.427,/cmd_vel_bruto,0.0000,0.0000,,,
1790704029.429,odom,0.0000,0.0000,11.291,2.422,
1790704029.434,/hoverboard_base_controller/cmd_vel,0.0000,0.0000,,,
1790704029.448,/auto_vel_raw,0.5000,0.0000,,,
1790704029.451,odom,0.0000,0.0000,11.291,2.422,
1790704029.482,/auto_vel,0.0000,0.0000,,,
1790704029.485,/compensador_rumo/cmd_vel,0.0000,0.0000,,,
1790704029.493,/hoverboard_base_controller/cmd_vel,0.0000,0.0000,,,
1790704029.495,/cmd_vel_bruto,0.0000,0.0000,,,
1790704029.501,odom,0.0000,0.0000,11.291,2.422,
1790704029.566,odom,0.0000,0.0000,11.291,2.422,
1790704029.572,/auto_vel_raw,0.5000,0.0000,,,
1790704029.635,odom,0.0000,0.0000,11.291,2.422,
1790704029.649,/auto_vel,0.0000,0.0000,,,
1790704029.650,/compensador_rumo/cmd_vel,0.0000,0.0000,,,
1790704029.657,/hoverboard_base_controller/cmd_vel,0.0000,0.0000,,,
1790704029.657,/cmd_vel_bruto,0.0000,0.0000,,,
1790704029.703,odom,0.0000,0.0000,11.291,2.422,
1790704029.730,/auto_vel_raw,0.5000,0.0000,,,
1790704029.731,/auto_vel,0.0000,0.0000,,,
1790704029.731,/compensador_rumo/cmd_vel,0.0000,0.0000,,,
1790704029.731,odom,0.0000,0.0000,11.291,2.422,
1790704029.754,/hoverboard_base_controller/cmd_vel,0.0000,0.0000,,,
1790704029.754,/cmd_vel_bruto,0.0000,0.0000,,,
1790704029.754,odom,0.0000,0.0000,11.291,2.422,
1790704029.786,/auto_vel_raw,0.5000,0.0000,,,
1790704029.787,odom,0.0000,0.0000,11.291,2.422,
1790704029.833,/auto_vel,0.0000,0.0000,,,
1790704029.834,odom,0.0000,0.0000,11.291,2.422,
1790704029.846,/compensador_rumo/cmd_vel,0.0000,0.0000,,,
1790704029.848,/hoverboard_base_controller/cmd_vel,0.0000,0.0000,,,
1790704029.848,/cmd_vel_bruto,0.0000,0.0000,,,
1790704029.877,odom,0.0000,0.0000,11.291,2.422,
1790704029.885,/auto_vel_raw,0.5000,0.0000,,,
1790704029.905,odom,0.0000,0.0000,11.291,2.422,
1790704029.921,/auto_vel,0.0000,0.0000,,,
1790704029.921,/compensador_rumo/cmd_vel,0.0000,0.0000,,,
1790704029.921,/hoverboard_base_controller/cmd_vel,0.0000,0.0000,,,
1790704029.921,/cmd_vel_bruto,0.0000,0.0000,,,
1790704029.941,odom,0.0000,0.0000,11.291,2.422,
1790704029.977,odom,0.0000,0.0000,11.291,2.422,
1790704029.984,/auto_vel_raw,0.5000,0.0000,,,
1790704030.033,odom,0.0000,0.0000,11.291,2.422,
1790704030.044,/auto_vel,0.0000,0.0000,,,
1790704030.050,/compensador_rumo/cmd_vel,0.0000,0.0000,,,
1790704030.050,/hoverboard_base_controller/cmd_vel,0.0000,0.0000,,,
1790704030.054,/cmd_vel_bruto,0.0000,0.0000,,,
1790704030.063,odom,0.0000,0.0000,11.291,2.422,
1790704030.074,/auto_vel_raw,0.5000,0.0000,,,
1790704030.090,odom,0.0000,0.0000,11.291,2.422,
1790704030.096,/auto_vel,0.0000,0.0000,,,
1790704030.097,/compensador_rumo/cmd_vel,0.0000,0.0000,,,
1790704030.102,/hoverboard_base_controller/cmd_vel,0.0000,0.0000,,,
1790704030.104,/cmd_vel_bruto,0.0000,0.0000,,,
1790704030.147,odom,0.0000,0.0000,11.291,2.422,
1790704030.155,/auto_vel_raw,0.5000,0.0000,,,
1790704030.156,odom,0.0000,0.0000,11.291,2.422,
1790704030.184,odom,0.0000,0.0000,11.291,2.422,
1790704030.199,/auto_vel,0.0000,0.0000,,,
1790704030.204,/compensador_rumo/cmd_vel,0.0000,0.0000,,,
1790704030.204,/cmd_vel_bruto,0.0000,0.0000,,,
1790704030.210,/hoverboard_base_controller/cmd_vel,0.0000,0.0000,,,
1790704030.235,odom,0.0000,0.0000,11.291,2.422,
1790704030.261,/auto_vel_raw,0.5000,0.0000,,,
1790704030.282,odom,0.0000,0.0000,11.291,2.422,
1790704030.299,/auto_vel,0.0000,0.0000,,,
1790704030.299,/compensador_rumo/cmd_vel,0.0000,0.0000,,,
1790704030.299,/hoverboard_base_controller/cmd_vel,0.0000,0.0000,,,
1790704030.299,/cmd_vel_bruto,0.0000,0.0000,,,
1790704030.310,odom,0.0000,0.0000,11.291,2.422,
1790704030.352,odom,0.0000,0.0000,11.291,2.422,
1790704030.357,/auto_vel_raw,0.5000,0.0000,,,
1790704030.381,odom,0.0000,0.0000,11.291,2.422,
1790704030.421,odom,0.0000,0.0000,11.291,2.422,
1790704030.451,/auto_vel_raw,0.5000,0.0000,,,
1790704030.454,odom,0.0000,0.0000,11.291,2.422,
1790704030.498,odom,0.0000,0.0000,11.291,2.422,
1790704030.523,odom,0.0000,0.0000,11.291,2.422,
1790704030.546,/auto_vel_raw,0.5000,0.0000,,,
1790704030.547,odom,0.0000,0.0000,11.291,2.422,
1790704030.570,odom,0.0000,0.0000,11.291,2.422,
1790704030.580,odom,0.0000,0.0000,11.291,2.422,
1790704030.604,/auto_vel_raw,0.5000,0.0000,,,
1790704030.618,odom,0.0000,0.0000,11.291,2.422,
1790704030.673,odom,0.0000,0.0000,11.291,2.422,
1790704030.691,/auto_vel_raw,0.5000,0.0000,,,
1790704030.709,odom,0.0000,0.0000,11.291,2.422,
1790704030.762,odom,0.0000,0.0000,11.291,2.422,
1790704030.795,/auto_vel_raw,0.5000,0.0000,,,
1790704030.822,odom,0.0000,0.0000,11.291,2.422,
1790704030.874,odom,0.0000,0.0000,11.291,2.422,
1790704030.958,odom,0.0000,0.0000,11.291,2.422,
1790704030.971,/auto_vel_raw,0.5000,0.0000,,,
1790704031.067,odom,0.0000,0.0000,11.291,2.422,
1790704031.154,odom,0.0000,0.0000,11.291,2.422,
1790704031.226,/auto_vel_raw,0.5000,0.0000,,,
1790704031.254,odom,0.0000,0.0000,11.291,2.422,
1790704031.352,odom,0.0000,0.0000,11.291,2.422,
1790704031.434,/auto_vel_raw,0.5000,0.0000,,,
1790704031.435,odom,0.0000,0.0000,11.291,2.422,
1790704031.488,odom,0.0000,0.0000,11.291,2.422,
1790704031.505,odom,0.0000,0.0000,11.291,2.422,
1790704031.522,/auto_vel_raw,0.5000,0.0000,,,
1790704031.539,odom,0.0000,0.0000,11.291,2.422,
1790704031.560,odom,0.0000,0.0000,11.291,2.422,
1790704031.584,/auto_vel_raw,0.5000,0.0000,,,
1790704031.584,odom,0.0000,0.0000,11.291,2.422,
1790704031.634,odom,0.0000,0.0000,11.291,2.422,
1790704031.642,odom,0.0000,0.0000,11.291,2.422,
1790704031.652,/auto_vel_raw,0.5000,0.0000,,,
1790704031.660,odom,0.0000,0.0000,11.291,2.422,
1790704031.680,odom,0.0000,0.0000,11.291,2.422,
1790704031.701,/auto_vel_raw,0.5000,0.0000,,,
1790704031.707,odom,0.0000,0.0000,11.291,2.422,
1790704031.725,odom,0.0000,0.0000,11.291,2.422,
1790704031.741,odom,0.0000,0.0000,11.291,2.422,
1790704031.755,/auto_vel_raw,0.5000,0.0000,,,
1790704031.761,odom,0.0000,0.0000,11.291,2.422,
1790704031.794,odom,0.0000,0.0000,11.291,2.422,
1790704031.812,/auto_vel_raw,0.5000,0.0000,,,
1790704031.813,odom,0.0000,0.0000,11.291,2.422,
1790704031.837,odom,0.0000,0.0000,11.291,2.422,
1790704031.856,odom,0.0000,0.0000,11.291,2.422,
1790704031.874,/auto_vel_raw,0.5000,0.0000,,,
1790704031.924,odom,0.0000,0.0000,11.291,2.422,
1790704031.961,odom,0.0000,0.0000,11.291,2.422,
1790704031.992,odom,0.0000,0.0000,11.291,2.422,
1790704032.003,/auto_vel_raw,0.5000,0.0000,,,
1790704032.036,odom,0.0000,0.0000,11.291,2.422,
1790704032.061,odom,0.0000,0.0000,11.291,2.422,
1790704032.082,odom,0.0000,0.0000,11.291,2.422,
1790704032.088,/auto_vel_raw,0.5000,0.0000,,,
1790704032.112,odom,0.0000,0.0000,11.291,2.422,
1790704032.154,odom,0.0000,0.0000,11.291,2.422,
1790704032.165,/auto_vel_raw,0.5000,0.0000,,,
1790704032.198,odom,0.0000,0.0000,11.291,2.422,
1790704032.264,odom,0.0000,0.0000,11.291,2.422,
1790704032.305,/auto_vel_raw,0.5000,0.0000,,,
1790704032.358,odom,0.0000,0.0000,11.291,2.422,
1790704032.466,odom,0.0000,0.0000,11.291,2.422,
1790704032.555,odom,0.0000,0.0000,11.291,2.422,
1790704032.564,/auto_vel_raw,0.5000,0.0000,,,
1790704032.582,odom,0.0000,0.0000,11.291,2.422,
1790704032.599,odom,0.0000,0.0000,11.291,2.422,
1790704032.612,/auto_vel_raw,0.5000,0.0000,,,
1790704032.633,odom,0.0000,0.0000,11.291,2.422,
1790704032.658,odom,0.0000,0.0000,11.291,2.422,
1790704032.699,odom,0.0000,0.0000,11.291,2.422,
1790704032.707,/auto_vel_raw,0.5000,0.0000,,,
1790704032.743,odom,0.0000,0.0000,11.291,2.422,
1790704032.771,odom,0.0000,0.0000,11.291,2.422,
1790704032.792,/auto_vel_raw,0.5000,0.0000,,,
1790704032.799,odom,0.0000,0.0000,11.291,2.422,
1790704032.849,odom,0.0000,0.0000,11.291,2.422,
1790704032.879,odom,0.0000,0.0000,11.291,2.422,
1790704032.892,/auto_vel_raw,0.5000,0.0000,,,
1790704032.917,odom,0.0000,0.0000,11.291,2.422,
1790704032.954,odom,0.0000,0.0000,11.291,2.422,
1790704032.970,/auto_vel_raw,0.5000,0.0000,,,
1790704032.989,odom,0.0000,0.0000,11.291,2.422,
1790704033.019,odom,0.0000,0.0000,11.291,2.422,
1790704033.053,odom,0.0000,0.0000,11.291,2.422,
1790704033.056,/auto_vel_raw,0.5000,0.0000,,,
1790704033.109,odom,0.0000,0.0000,11.291,2.422,
1790704033.167,odom,0.0000,0.0000,11.291,2.422,
1790704033.203,/auto_vel_raw,0.5000,0.0000,,,
1790704033.241,odom,0.0000,0.0000,11.291,2.422,
1790704033.309,odom,0.0000,0.0000,11.291,2.422,
1790704033.371,odom,0.0000,0.0000,11.291,2.422,
1790704033.373,/auto_vel_raw,0.5000,0.0000,,,
1790704033.433,odom,0.0000,0.0000,11.291,2.422,
1790704033.489,odom,0.0000,0.0000,11.291,2.422,
1790704033.510,/auto_vel_raw,0.5000,0.0000,,,
1790704033.527,odom,0.0000,0.0000,11.291,2.422,
1790704033.585,odom,0.0000,0.0000,11.291,2.422,
1790704033.663,/auto_vel_raw,0.5000,0.0000,,,
1790704033.674,odom,0.0000,0.0000,11.291,2.422,
1790704033.707,odom,0.0000,0.0000,11.291,2.422,
1790704033.774,odom,0.0000,0.0000,11.291,2.422,
1790704033.808,/auto_vel_raw,0.5000,0.0000,,,
1790704033.834,odom,0.0000,0.0000,11.291,2.422,
1790704033.877,odom,0.0000,0.0000,11.291,2.422,
1790704033.925,odom,0.0000,0.0000,11.291,2.422,
1790704033.937,/auto_vel_raw,0.5000,0.0000,,,
1790704033.956,odom,0.0000,0.0000,11.291,2.422,
1790704033.976,odom,0.0000,0.0000,11.291,2.422,
1790704033.998,odom,0.0000,0.0000,11.291,2.422,
1790704034.002,/auto_vel_raw,0.5000,0.0000,,,
1790704034.017,odom,0.0000,0.0000,11.291,2.422,
1790704034.040,odom,0.0000,0.0000,11.291,2.422,
1790704034.046,/auto_vel_raw,0.5000,0.0000,,,
1790704034.071,odom,0.0000,0.0000,11.291,2.422,
1790704034.094,odom,0.0000,0.0000,11.291,2.422,
1790704034.109,/auto_vel_raw,0.5000,0.0000,,,
1790704034.118,odom,0.0000,0.0000,11.291,2.422,
1790704034.139,odom,0.0000,0.0000,11.291,2.422,
1790704034.164,odom,0.0000,0.0000,11.291,2.422,
1790704034.169,/auto_vel_raw,0.5000,0.0000,,,
1790704034.205,odom,0.0000,0.0000,11.291,2.422,
1790704034.227,odom,0.0000,0.0000,11.291,2.422,
1790704034.245,/auto_vel_raw,0.5000,0.0000,,,
1790704034.253,odom,0.0000,0.0000,11.291,2.422,
1790704034.275,odom,0.0000,0.0000,11.291,2.422,
1790704034.298,odom,0.0000,0.0000,11.291,2.422,
1790704034.301,/auto_vel_raw,0.5000,0.0000,,,
1790704034.330,odom,0.0000,0.0000,11.291,2.422,
1790704034.355,odom,0.0000,0.0000,11.291,2.422,
1790704034.364,/auto_vel_raw,0.5000,0.0000,,,
1790704034.382,odom,0.0000,0.0000,11.291,2.422,
1790704034.405,odom,0.0000,0.0000,11.291,2.422,
1790704034.422,odom,0.0000,0.0000,11.291,2.422,
1790704034.434,/auto_vel_raw,0.5000,0.0000,,,
1790704034.470,odom,0.0000,0.0000,11.291,2.422,
1790704034.495,odom,0.0000,0.0000,11.291,2.422,
1790704034.504,/auto_vel_raw,0.5000,0.0000,,,
1790704034.512,odom,0.0000,0.0000,11.291,2.422,
1790704034.536,odom,0.0000,0.0000,11.291,2.422,
1790704034.570,/auto_vel_raw,0.5000,0.0000,,,
1790704034.574,odom,0.0000,0.0000,11.291,2.422,
1790704034.612,odom,0.0000,0.0000,11.291,2.422,
1790704034.655,odom,0.0000,0.0000,11.291,2.422,
1790704034.670,/auto_vel_raw,0.5000,0.0000,,,
1790704034.684,odom,0.0000,0.0000,11.291,2.422,
1790704034.718,odom,0.0000,0.0000,11.291,2.422,
1790704034.747,odom,0.0000,0.0000,11.291,2.422,
1790704034.751,/auto_vel_raw,0.5000,0.0000,,,
1790704034.782,odom,0.0000,0.0000,11.291,2.422,
1790704034.818,odom,0.0000,0.0000,11.291,2.422,
1790704034.836,/auto_vel_raw,0.5000,0.0000,,,
1790704034.847,odom,0.0000,0.0000,11.291,2.422,
1790704034.874,odom,0.0000,0.0000,11.291,2.422,
1790704034.906,/auto_vel_raw,0.5000,0.0000,,,
1790704034.907,odom,0.0000,0.0000,11.291,2.422,
1790704034.942,odom,0.0000,0.0000,11.291,2.422,
1790704034.960,odom,0.0000,0.0000,11.291,2.422,
1790704034.972,odom,0.0000,0.0000,11.291,2.422,
1790704034.975,/auto_vel_raw,0.5000,0.0000,,,
1790704034.976,odom,0.0000,0.0000,11.291,2.422,
1790704034.977,odom,0.0000,0.0000,11.291,2.422,
1790704034.995,odom,0.0000,0.0000,11.291,2.422,
1790704035.021,odom,0.0000,0.0000,11.291,2.422,
1790704035.034,/auto_vel_raw,0.5000,0.0000,,,
1790704035.057,odom,0.0000,0.0000,11.291,2.422,
1790704035.079,odom,0.0000,0.0000,11.291,2.422,
1790704035.105,odom,0.0000,0.0000,11.291,2.422,
1790704035.108,/auto_vel_raw,0.5000,0.0000,,,
1790704035.135,odom,0.0000,0.0000,11.291,2.422,
1790704035.171,odom,0.0000,0.0000,11.291,2.422,
1790704035.176,/auto_vel_raw,0.5000,0.0000,,,
1790704035.181,odom,0.0000,0.0000,11.291,2.422,
1790704035.229,odom,0.0000,0.0000,11.291,2.422,
1790704035.269,odom,0.0000,0.0000,11.291,2.422,
1790704035.274,/auto_vel_raw,0.5000,0.0000,,,
1790704035.331,odom,0.0000,0.0000,11.291,2.422,
1790704035.384,odom,0.0000,0.0000,11.291,2.422,
1790704035.415,/auto_vel_raw,0.5000,0.0000,,,
1790704035.436,odom,0.0000,0.0000,11.291,2.422,
1790704035.470,odom,0.0000,0.0000,11.291,2.422,
1790704035.505,odom,0.0000,0.0000,11.291,2.422,
1790704035.508,/auto_vel_raw,0.5000,0.0000,,,
1790704035.546,odom,0.0000,0.0000,11.291,2.422,
1790704035.572,odom,0.0000,0.0000,11.291,2.422,
1790704035.610,/auto_vel_raw,0.5000,0.0000,,,
1790704035.627,odom,0.0000,0.0000,11.291,2.422,
1790704035.661,odom,0.0000,0.0000,11.291,2.422,
1790704035.692,odom,0.0000,0.0000,11.291,2.422,
1790704035.695,/auto_vel_raw,0.5000,0.0000,,,
1790704035.730,odom,0.0000,0.0000,11.291,2.422,
1790704035.788,odom,0.0000,0.0000,11.291,2.422,
1790704035.821,/auto_vel_raw,0.5000,0.0000,,,
1790704035.846,odom,0.0000,0.0000,11.291,2.422,
1790704035.880,odom,0.0000,0.0000,11.291,2.422,
1790704035.906,odom,0.0000,0.0000,11.291,2.422,
1790704035.911,/auto_vel_raw,0.5000,0.0000,,,
1790704035.950,odom,0.0000,0.0000,11.291,2.422,
1790704035.968,odom,0.0000,0.0000,11.291,2.422,
1790704035.981,/unstuck_vel,0.2030,0.0000,,,
1790704035.985,/auto_vel_raw,0.5000,0.0000,,,
1790704035.985,/compensador_rumo/cmd_vel,0.2030,0.0000,,,
1790704035.986,/hoverboard_base_controller/cmd_vel,0.0000,0.0000,,,
1790704035.986,/cmd_vel_bruto,0.2030,0.0000,,,
1790704035.991,odom,0.0000,0.0000,11.291,2.422,
1790704036.017,odom,0.0000,0.0000,11.291,2.422,
1790704036.052,/unstuck_vel,0.2030,0.0000,,,
1790704036.052,odom,0.0000,0.0000,11.291,2.422,
1790704036.059,/auto_vel_raw,0.0000,0.0000,,,
1790704036.060,/compensador_rumo/cmd_vel,0.2030,0.0000,,,
1790704036.060,/hoverboard_base_controller/cmd_vel,0.0000,0.0000,,,
1790704036.060,/cmd_vel_bruto,0.2030,0.0000,,,
1790704036.114,odom,0.0000,0.0000,11.291,2.422,
1790704036.170,odom,0.0000,0.0000,11.291,2.422,
1790704036.189,/unstuck_vel,0.2030,0.0000,,,
1790704036.191,/auto_vel_raw,0.0000,0.0000,,,
1790704036.192,/compensador_rumo/cmd_vel,0.2030,0.0000,,,
1790704036.197,/hoverboard_base_controller/cmd_vel,0.0000,0.0000,,,
1790704036.198,/cmd_vel_bruto,0.2030,0.0000,,,
1790704036.202,odom,0.0000,0.0000,11.291,2.422,
1790704036.271,odom,0.0000,0.0000,11.291,2.422,
1790704036.287,odom,0.0000,0.0000,11.291,2.422,
1790704036.293,/auto_vel_raw,0.0000,0.0000,,,
1790704036.294,/compensador_rumo/cmd_vel,0.2030,0.0000,,,
1790704036.294,/unstuck_vel,0.2030,0.0000,,,
1790704036.300,/cmd_vel_bruto,0.2030,0.0000,,,
1790704036.301,/hoverboard_base_controller/cmd_vel,0.0000,0.0000,,,
1790704036.317,odom,0.0000,0.0000,11.291,2.422,
1790704036.346,odom,0.0000,0.0000,11.291,2.422,
1790704036.360,/auto_vel_raw,0.0000,0.0000,,,
1790704036.364,odom,0.0000,0.0000,11.291,2.422,
1790704036.367,/compensador_rumo/cmd_vel,0.2030,0.0000,,,
1790704036.368,/unstuck_vel,0.2030,0.0000,,,
1790704036.369,/hoverboard_base_controller/cmd_vel,0.0000,0.0000,,,
1790704036.369,/cmd_vel_bruto,0.2030,0.0000,,,
1790704036.385,odom,0.0000,0.0000,11.291,2.422,
1790704036.415,odom,0.0000,0.0000,11.291,2.422,
1790704036.419,/unstuck_vel,0.2030,0.0000,,,
1790704036.423,/auto_vel_raw,0.0000,0.0000,,,
1790704036.425,/compensador_rumo/cmd_vel,0.2030,0.0000,,,
1790704036.428,/hoverboard_base_controller/cmd_vel,0.0000,0.0000,,,
1790704036.433,/cmd_vel_bruto,0.2030,0.0000,,,
1790704036.469,odom,0.0000,0.0000,11.291,2.422,
1790704036.536,odom,0.0000,0.0000,11.291,2.422,
1790704036.559,/auto_vel_raw,0.0000,0.0000,,,
1790704036.559,/unstuck_vel,0.2030,0.0000,,,
1790704036.560,/compensador_rumo/cmd_vel,0.2030,0.0000,,,
1790704036.566,/hoverboard_base_controller/cmd_vel,0.3668,-0.3746,,,
1790704036.566,/cmd_vel_bruto,0.2030,0.0000,,,
1790704036.590,odom,0.0000,0.0000,11.291,2.422,
1790704036.659,odom,0.0000,0.0000,11.291,2.422,
1790704036.719,/auto_vel_raw,0.0000,0.0000,,,
1790704036.720,odom,0.0000,0.0000,11.291,2.422,
1790704036.765,/compensador_rumo/cmd_vel,0.2030,0.0000,,,
1790704036.766,/hoverboard_base_controller/cmd_vel,0.3668,-0.3746,,,
1790704036.766,/cmd_vel_bruto,0.2030,0.0000,,,
1790704036.766,/unstuck_vel,0.2030,0.0000,,,
1790704036.778,odom,0.0761,-0.1430,11.291,2.421,
1790704036.844,odom,0.0777,-0.1437,11.291,2.420,
1790704036.895,/auto_vel_raw,0.0000,0.0000,,,
1790704036.898,/unstuck_vel,0.2030,0.0000,,,
1790704036.902,/compensador_rumo/cmd_vel,0.2030,0.0000,,,
1790704036.907,/cmd_vel_bruto,0.2030,0.0243,,,
1790704036.909,/hoverboard_base_controller/cmd_vel,0.3668,-0.3746,,,
1790704036.962,odom,0.0783,-0.1407,11.292,2.418,
1790704037.031,odom,0.0784,-0.1402,11.292,2.417,
1790704037.118,/unstuck_vel,0.2030,0.0000,,,
1790704037.118,odom,0.0784,-0.1402,11.292,2.415,
1790704037.121,/auto_vel_raw,0.0000,0.0000,,,
1790704037.122,/compensador_rumo/cmd_vel,0.2030,0.0000,,,
1790704037.122,/cmd_vel_bruto,0.2030,0.0739,,,
1790704037.124,/hoverboard_base_controller/cmd_vel,0.3668,-0.3746,,,
1790704037.155,odom,0.1510,-0.2898,11.293,2.412,
1790704037.186,odom,0.1528,-0.2907,11.293,2.409,
1790704037.198,/auto_vel_raw,0.0000,0.0000,,,
1790704037.206,/unstuck_vel,0.2030,0.0000,,,
1790704037.208,/compensador_rumo/cmd_vel,0.2030,0.0000,,,
1790704037.212,/cmd_vel_bruto,0.2030,0.1311,,,
1790704037.213,/hoverboard_base_controller/cmd_vel,0.3668,-0.3746,,,
1790704037.215,odom,0.1531,-0.2887,11.294,2.406,
1790704037.255,odom,0.1535,-0.2868,11.294,2.403,
1790704037.302,/auto_vel_raw,0.0000,0.0000,,,
1790704037.308,odom,0.1539,-0.2848,11.295,2.400,
1790704037.316,/compensador_rumo/cmd_vel,0.2030,0.0000,,,
1790704037.318,/unstuck_vel,0.2030,0.0000,,,
1790704037.324,/hoverboard_base_controller/cmd_vel,0.3668,-0.3746,,,
1790704037.325,/cmd_vel_bruto,0.2030,0.2134,,,
1790704037.353,odom,0.2295,-0.3722,11.295,2.396,
1790704037.416,odom,0.2297,-0.3746,11.296,2.392,
1790704037.440,/auto_vel_raw,0.0000,0.0000,,,
1790704037.444,/unstuck_vel,0.2030,0.0000,,,
1790704037.445,/compensador_rumo/cmd_vel,0.2030,0.0000,,,
1790704037.445,/cmd_vel_bruto,0.2030,0.2692,,,
1790704037.448,/hoverboard_base_controller/cmd_vel,0.3668,-0.3746,,,
1790704037.458,odom,0.2298,-0.3746,11.296,2.387,
1790704037.525,odom,0.2299,-0.3746,11.297,2.382,
1790704037.583,/auto_vel_raw,0.0000,0.0000,,,
1790704037.589,odom,0.2298,-0.3746,11.298,2.378,
1790704037.608,/compensador_rumo/cmd_vel,0.2030,0.0000,,,
1790704037.608,/unstuck_vel,0.2030,0.0000,,,
1790704037.621,odom,0.3089,-0.3746,11.298,2.372,
1790704037.648,/hoverboard_base_controller/cmd_vel,0.3588,-0.3244,,,
1790704037.653,/cmd_vel_bruto,0.2030,0.3420,,,
1790704037.653,odom,0.3090,-0.3746,11.299,2.366,
1790704037.681,/auto_vel_raw,0.0000,0.0000,,,
1790704037.691,/compensador_rumo/cmd_vel,0.2030,0.0000,,,
1790704037.692,/unstuck_vel,0.2030,0.0000,,,
1790704037.692,odom,0.3089,-0.3746,11.299,2.360,
1790704037.720,/auto_vel_raw,0.0000,0.0000,,,
1790704037.720,/compensador_rumo/cmd_vel,0.2030,0.0000,,,
1790704037.720,/hoverboard_base_controller/cmd_vel,0.3434,-0.2278,,,
1790704037.720,/cmd_vel_bruto,0.2030,0.3727,,,
1790704037.734,/unstuck_vel,0.2030,0.0000,,,
1790704037.734,odom,0.3089,-0.3746,11.300,2.354,
1790704037.761,/hoverboard_base_controller/cmd_vel,0.0000,0.0000,,,
1790704037.761,/cmd_vel_bruto,0.2030,0.4274,,,
1790704037.761,odom,0.3089,-0.3746,11.300,2.348,
1790704037.768,odom,0.3492,-0.3247,11.301,2.341,
1790704037.774,odom,0.3491,-0.3244,11.301,2.334,
1790704037.787,/auto_vel_raw,0.0000,0.0000,,,
1790704037.789,/unstuck_vel,0.2030,0.0000,,,
1790704037.789,odom,0.3491,-0.3244,11.302,2.327,
1790704037.794,/compensador_rumo/cmd_vel,0.2030,0.0000,,,
1790704037.806,/cmd_vel_bruto,0.2030,0.5605,,,
1790704037.815,/hoverboard_base_controller/cmd_vel,0.3269,-0.1248,,,
1790704037.824,odom,0.3491,-0.3244,11.302,2.320,
1790704037.854,odom,0.3491,-0.3244,11.302,2.313,
1790704037.869,/auto_vel_raw,0.0000,0.0000,,,
1790704037.877,/unstuck_vel,0.2030,0.0000,,,
1790704037.880,/compensador_rumo/cmd_vel,0.2030,0.0000,,,
1790704037.882,odom,0.3270,-0.1738,11.302,2.306,
1790704037.888,/cmd_vel_bruto,0.2030,0.6548,,,
1790704037.892,collision_state,,,,,DO_NOTHING:-
1790704037.893,/hoverboard_base_controller/cmd_vel,0.2921,0.0922,,,
1790704037.919,odom,0.3218,-0.1736,11.303,2.300,
1790704037.936,/unstuck_vel,0.2030,0.0000,,,
1790704037.938,/compensador_rumo/cmd_vel,0.2030,0.0000,,,
1790704037.939,/auto_vel_raw,0.0000,0.0000,,,
1790704037.942,/cmd_vel_bruto,0.2030,0.6654,,,
1790704037.947,/hoverboard_base_controller/cmd_vel,0.0000,0.0000,,,
1790704037.967,odom,0.3217,-0.1729,11.303,2.293,
1790704038.011,odom,0.3217,-0.1729,11.303,2.287,
1790704038.085,/compensador_rumo/cmd_vel,0.2030,0.0000,,,
1790704038.086,/unstuck_vel,0.2030,0.0000,,,
1790704038.086,odom,0.3217,-0.1729,11.303,2.280,
1790704038.100,/auto_vel_raw,0.0000,0.0000,,,
1790704038.100,/hoverboard_base_controller/cmd_vel,0.0000,0.0000,,,
1790704038.101,/cmd_vel_bruto,0.2030,0.7090,,,
1790704038.181,odom,0.2476,-0.0229,11.303,2.275,
1790704038.250,odom,0.2476,-0.0229,11.303,2.271,
1790704038.292,/auto_vel_raw,0.0000,0.0000,,,
1790704038.313,/unstuck_vel,0.2030,0.0000,,,
1790704038.323,/compensador_rumo/cmd_vel,0.2030,0.0000,,,
1790704038.324,/hoverboard_base_controller/cmd_vel,0.2762,0.1917,,,
1790704038.324,/cmd_vel_bruto,0.2030,0.5642,,,
1790704038.326,odom,0.2346,-0.0208,11.303,2.266,
1790704038.351,odom,0.2462,-0.0229,11.303,2.261,
1790704038.412,odom,0.2462,-0.0229,11.304,2.256,
1790704038.417,/auto_vel_raw,0.0000,0.0000,,,
1790704038.418,/compensador_rumo/cmd_vel,0.2030,0.0000,,,
1790704038.419,/unstuck_vel,0.2030,0.0000,,,
1790704038.420,/hoverboard_base_controller/cmd_vel,0.2593,0.2975,,,
1790704038.421,/cmd_vel_bruto,0.2030,0.5196,,,
1790704038.473,odom,0.2731,0.1234,11.304,2.250,
1790704038.502,odom,0.2726,0.1261,11.304,2.245,
1790704038.521,/auto_vel_raw,0.0000,0.0000,,,
1790704038.522,/compensador_rumo/cmd_vel,0.2030,0.0000,,,
1790704038.523,/unstuck_vel,0.2030,0.0000,,,
1790704038.525,/hoverboard_base_controller/cmd_vel,0.2361,0.4427,,,
1790704038.525,/cmd_vel_bruto,0.2030,0.5016,,,
1790704038.549,odom,0.2724,0.1271,11.304,2.240,
1790704038.571,odom,0.2724,0.1271,11.304,2.234,
1790704038.628,/auto_vel_raw,0.0000,0.0000,,,
1790704038.629,odom,0.2724,0.1271,11.304,2.229,
1790704038.635,/compensador_rumo/cmd_vel,0.2030,0.0000,,,
1790704038.635,/unstuck_vel,0.2030,0.0000,,,
1790704038.640,/hoverboard_base_controller/cmd_vel,0.2216,0.5334,,,
1790704038.640,/cmd_vel_bruto,0.2030,0.4705,,,
1790704038.699,odom,0.2444,0.2786,11.304,2.224,
1790704038.784,odom,0.2277,0.2786,11.304,2.219,
1790704038.828,/auto_vel_raw,0.0000,0.0000,,,
1790704038.828,/compensador_rumo/cmd_vel,0.0000,0.0000,,,
1790704038.828,/cmd_vel_bruto,0.0000,0.0000,,,
1790704038.828,/unstuck_vel,0.0000,0.0000,,,
1790704038.834,/hoverboard_base_controller/cmd_vel,0.2200,0.5431,,,
1790704038.863,odom,0.2277,0.2786,11.305,2.215,
1790704038.872,collision_state,,,,,STOP:PolygonStop
1790704038.907,odom,0.2277,0.2786,11.305,2.210,
1790704038.942,odom,0.2277,0.2786,11.305,2.206,
1790704038.956,/auto_vel_raw,0.0000,0.0000,,,
1790704038.991,odom,0.2206,0.3655,11.305,2.201,
1790704039.017,odom,0.2190,0.3659,11.306,2.197,
1790704039.048,/auto_vel_raw,0.4653,-0.4740,,,
1790704039.052,odom,0.2179,0.3695,11.306,2.192,
1790704039.083,odom,0.2169,0.3746,11.306,2.188,
1790704039.130,odom,0.2159,0.3799,11.307,2.184,
1790704039.142,/auto_vel_raw,0.4596,-0.4926,,,
1790704039.162,odom,0.2186,0.4648,11.307,2.179,
1790704039.197,odom,0.2174,0.4710,11.307,2.175,
1790704039.226,odom,0.2162,0.4775,11.308,2.171,
1790704039.268,odom,0.2149,0.4843,11.309,2.167,
1790704039.294,odom,0.2135,0.4914,11.309,2.162,
1790704039.296,/auto_vel_raw,0.4514,-0.5164,,,
1790704039.304,/auto_vel_raw,0.4493,-0.5219,,,
1790704039.336,odom,0.2121,0.4988,11.310,2.158,
1790704039.370,odom,0.2107,0.5067,11.310,2.154,
1790704039.384,/auto_vel_raw,0.4358,-0.5544,,,
1790704039.398,odom,0.2092,0.5154,11.311,2.150,
1790704039.436,odom,0.2077,0.5249,11.312,2.146,
1790704039.457,odom,0.2063,0.5354,11.313,2.142,
1790704039.471,/auto_vel_raw,0.4242,-0.5784,,,
1790704039.479,odom,0.2048,0.5448,11.313,2.138,
1790704039.505,odom,0.2042,0.5471,11.314,2.134,
1790704039.534,odom,0.2042,0.5470,11.315,2.130,
1790704039.546,/auto_vel_raw,0.4156,-0.5947,,,
1790704039.550,odom,0.2043,0.5473,11.316,2.126,
1790704039.571,odom,0.2044,0.5482,11.317,2.122,
1790704039.577,/auto_vel_raw,0.4048,-0.6136,,,
1790704039.606,odom,0.2046,0.5495,11.318,2.118,
1790704039.624,odom,0.2048,0.5514,11.319,2.114,
1790704039.639,/auto_vel_raw,0.3913,-0.6350,,,
1790704039.640,odom,0.2051,0.5539,11.320,2.110,
1790704039.669,odom,0.2055,0.5571,11.321,2.106,
1790704039.700,odom,0.2060,0.5609,11.322,2.102,
1790704039.706,/auto_vel_raw,0.3724,-0.6620,,,
1790704039.712,odom,0.1625,0.4214,11.323,2.099,
1790704039.752,odom,0.1551,0.4351,11.324,2.096,
1790704039.761,odom,0.1508,0.5048,11.325,2.093,
1790704039.766,odom,0.1506,0.5053,11.326,2.090,
1790704039.768,/auto_vel_raw,0.3604,-0.6779,,,
1790704039.832,/auto_vel_raw,0.3462,-0.6954,,,
1790704039.833,odom,0.1506,0.5049,11.327,2.087,
1790704039.893,odom,0.0651,0.2407,11.328,2.086,
1790704039.924,odom,0.0656,0.2401,11.328,2.085,
1790704039.938,/auto_vel_raw,0.3370,-0.7062,,,
1790704039.960,odom,0.0656,0.2401,11.329,2.083,
1790704039.991,odom,0.0555,0.2576,11.329,2.082,
1790704040.024,/auto_vel_raw,0.3317,-0.7123,,,
1790704040.024,odom,0.0557,0.2530,11.329,2.081,
1790704040.083,odom,0.0027,0.0901,11.329,2.081,
1790704040.134,odom,-0.0014,0.0903,11.330,2.081,
1790704040.162,/auto_vel_raw,0.3268,-0.7177,,,
1790704040.183,odom,-0.0008,0.0850,11.330,2.081,
1790704040.226,odom,0.0002,0.0772,11.330,2.081,
1790704040.248,/auto_vel_raw,0.3247,-0.7200,,,
1790704040.249,odom,0.0002,0.0769,11.330,2.081,
1790704040.279,odom,0.0000,0.0039,11.330,2.081,
1790704040.299,odom,0.0000,0.0039,11.330,2.081,
1790704040.322,/auto_vel_raw,0.3241,-0.7207,,,
1790704040.326,odom,0.0000,0.0039,11.330,2.081,
1790704040.338,odom,0.0000,0.0038,11.330,2.081,
1790704040.351,odom,0.0000,0.0038,11.330,2.081,
1790704040.355,/auto_vel_raw,0.3240,-0.7208,,,
1790704040.382,odom,0.0000,-0.0000,11.330,2.081,
1790704040.407,odom,0.0000,-0.0000,11.330,2.081,
1790704040.418,/auto_vel_raw,0.3240,-0.7208,,,
1790704040.427,odom,0.0000,-0.0000,11.330,2.081,
1790704040.456,odom,0.0000,-0.0000,11.330,2.081,
1790704040.477,odom,0.0000,-0.0000,11.330,2.081,
1790704040.484,/auto_vel_raw,0.3240,-0.7208,,,
1790704040.513,odom,0.0000,-0.0000,11.330,2.081,
1790704040.546,odom,0.0000,-0.0000,11.330,2.081,
1790704040.549,odom,0.0000,-0.0000,11.330,2.081,
1790704040.551,/auto_vel_raw,0.3240,-0.7208,,,
1790704040.556,odom,0.0000,-0.0000,11.330,2.081,
1790704040.561,odom,0.0000,0.0000,11.330,2.081,
1790704040.565,/auto_vel_raw,0.3240,-0.7208,,,
1790704040.570,odom,0.0000,0.0000,11.330,2.081,
1790704040.588,odom,0.0000,0.0000,11.330,2.081,
1790704040.603,/auto_vel_raw,0.3240,-0.7208,,,
1790704040.608,odom,0.0000,0.0000,11.330,2.081,
1790704040.629,odom,0.0000,0.0000,11.330,2.081,
1790704040.650,odom,0.0000,0.0000,11.330,2.081,
1790704040.657,/auto_vel_raw,0.3240,-0.7208,,,
1790704040.675,odom,0.0000,0.0000,11.330,2.081,
1790704040.692,odom,0.0000,0.0000,11.330,2.081,
1790704040.714,/auto_vel_raw,0.3240,-0.7208,,,
1790704040.714,odom,0.0000,0.0000,11.330,2.081,
1790704040.728,odom,0.0000,0.0000,11.330,2.081,
1790704040.756,odom,0.0000,0.0000,11.330,2.081,
1790704040.766,/auto_vel_raw,0.3240,-0.7208,,,
1790704040.779,odom,0.0000,0.0000,11.330,2.081,
1790704040.807,odom,0.0000,0.0000,11.330,2.081,
1790704040.821,/auto_vel_raw,0.3240,-0.7208,,,
1790704040.829,odom,0.0000,0.0000,11.330,2.081,
1790704040.839,odom,0.0000,0.0000,11.330,2.081,
1790704040.856,/auto_vel_raw,0.3240,-0.7208,,,
1790704040.857,odom,0.0000,0.0000,11.330,2.081,
1790704040.880,odom,0.0000,0.0000,11.330,2.081,
1790704040.896,odom,0.0000,0.0000,11.330,2.081,
1790704040.906,/auto_vel_raw,0.3240,-0.7208,,,
1790704040.910,odom,0.0000,0.0000,11.330,2.081,
1790704040.930,odom,0.0000,0.0000,11.330,2.081,
1790704040.951,/auto_vel_raw,0.3240,-0.7208,,,
1790704040.954,odom,0.0000,0.0000,11.330,2.081,
1790704040.978,odom,0.0000,0.0000,11.330,2.081,
1790704040.991,odom,0.0000,0.0000,11.330,2.081,
1790704041.001,/auto_vel_raw,0.3240,-0.7208,,,
1790704041.010,odom,0.0000,0.0000,11.330,2.081,
1790704041.054,odom,0.0000,0.0000,11.330,2.081,
1790704041.103,/auto_vel_raw,0.3240,-0.7208,,,
1790704041.104,odom,0.0000,0.0000,11.330,2.081,
1790704041.173,odom,0.0000,0.0000,11.330,2.081,
1790704041.230,odom,0.0000,0.0000,11.330,2.081,
1790704041.249,/auto_vel_raw,0.3240,-0.7208,,,
1790704041.300,odom,0.0000,0.0000,11.330,2.081,
1790704041.408,odom,0.0000,0.0000,11.330,2.081,
1790704041.482,/auto_vel_raw,0.3240,-0.7208,,,
1790704041.488,odom,0.0000,0.0000,11.330,2.081,
1790704041.548,odom,0.0000,0.0000,11.330,2.081,
1790704041.623,odom,0.0000,0.0000,11.330,2.081,
1790704041.690,/auto_vel_raw,0.3240,-0.7208,,,
1790704041.730,odom,0.0000,0.0000,11.330,2.081,
1790704041.798,odom,0.0000,0.0000,11.330,2.081,
1790704041.893,/auto_vel_raw,0.3240,-0.7208,,,
1790704041.896,odom,0.0000,0.0000,11.330,2.081,
1790704041.981,odom,0.0000,0.0000,11.330,2.081,
1790704042.035,odom,0.0000,0.0000,11.330,2.081,
1790704042.062,/auto_vel_raw,0.3240,-0.7208,,,
1790704042.095,odom,0.0000,0.0000,11.330,2.081,
1790704042.143,odom,0.0000,0.0000,11.330,2.081,
1790704042.180,/auto_vel_raw,0.3240,-0.7208,,,
1790704042.180,odom,0.0000,0.0000,11.330,2.081,
1790704042.232,odom,0.0000,0.0000,11.330,2.081,
1790704042.267,odom,0.0000,0.0000,11.330,2.081,
1790704042.292,/auto_vel_raw,0.3240,-0.7208,,,
1790704042.303,odom,0.0000,0.0000,11.330,2.081,
1790704042.329,odom,0.0000,0.0000,11.330,2.081,
1790704042.370,odom,0.0000,0.0000,11.330,2.081,
1790704042.374,/auto_vel_raw,0.3240,-0.7208,,,
1790704042.398,odom,0.0000,0.0000,11.330,2.081,
1790704042.438,odom,0.0000,0.0000,11.330,2.081,
1790704042.457,/auto_vel_raw,0.3240,-0.7208,,,
1790704042.477,odom,0.0000,0.0000,11.330,2.081,
1790704042.515,odom,0.0000,0.0000,11.330,2.081,
1790704042.537,/auto_vel_raw,0.3240,-0.7208,,,
1790704042.537,odom,0.0000,0.0000,11.330,2.081,
1790704042.565,odom,0.0000,0.0000,11.330,2.081,
1790704042.614,odom,0.0000,0.0000,11.330,2.081,
1790704042.641,/auto_vel_raw,0.3240,-0.7208,,,
1790704042.661,odom,0.0000,0.0000,11.330,2.081,
1790704042.711,odom,0.0000,0.0000,11.330,2.081,
1790704042.764,odom,0.0000,0.0000,11.330,2.081,
1790704042.768,/auto_vel_raw,0.3240,-0.7208,,,
1790704042.820,odom,0.0000,0.0000,11.330,2.081,
1790704042.847,odom,0.0000,0.0000,11.330,2.081,
1790704042.861,/auto_vel_raw,0.3240,-0.7208,,,
1790704042.869,odom,0.0000,0.0000,11.330,2.081,
1790704042.899,odom,0.0000,0.0000,11.330,2.081,
1790704042.926,odom,0.0000,0.0000,11.330,2.081,
1790704042.937,/auto_vel_raw,0.3240,-0.7208,,,
1790704042.968,odom,0.0000,0.0000,11.330,2.081,
1790704042.992,odom,0.0000,0.0000,11.330,2.081,
1790704043.009,/auto_vel_raw,0.3240,-0.7208,,,
1790704043.021,odom,0.0000,0.0000,11.330,2.081,
1790704043.048,odom,0.0000,0.0000,11.330,2.081,
1790704043.075,/auto_vel_raw,0.3240,-0.7208,,,
1790704043.077,odom,0.0000,0.0000,11.330,2.081,
1790704043.124,odom,0.0000,0.0000,11.330,2.081,
1790704043.150,odom,0.0000,0.0000,11.330,2.081,
1790704043.164,/auto_vel_raw,0.3240,-0.7208,,,
1790704043.178,odom,0.0000,0.0000,11.330,2.081,
1790704043.207,odom,0.0000,0.0000,11.330,2.081,
1790704043.232,odom,0.0000,0.0000,11.330,2.081,
1790704043.235,/auto_vel_raw,0.3240,-0.7208,,,
1790704043.279,odom,0.0000,0.0000,11.330,2.081,
1790704043.298,odom,0.0000,0.0000,11.330,2.081,
1790704043.313,/auto_vel_raw,0.3240,-0.7208,,,
1790704043.318,odom,0.0000,0.0000,11.330,2.081,
1790704043.354,odom,0.0000,0.0000,11.330,2.081,
1790704043.393,/auto_vel_raw,0.3240,-0.7208,,,
1790704043.394,odom,0.0000,0.0000,11.330,2.081,
1790704043.470,odom,0.0000,0.0000,11.330,2.081,
1790704043.484,odom,0.0000,0.0000,11.330,2.081,
1790704043.498,/auto_vel_raw,0.3240,-0.7208,,,
1790704043.500,odom,0.0000,0.0000,11.330,2.081,
1790704043.523,odom,0.0000,0.0000,11.330,2.081,
1790704043.552,/auto_vel_raw,0.3240,-0.7208,,,
1790704043.554,odom,0.0000,0.0000,11.330,2.081,
1790704043.606,odom,0.0000,0.0000,11.330,2.081,
1790704043.642,odom,0.0000,0.0000,11.330,2.081,
1790704043.659,/auto_vel_raw,0.3240,-0.7208,,,
1790704043.667,odom,0.0000,0.0000,11.330,2.081,
1790704043.695,odom,0.0000,0.0000,11.330,2.081,
1790704043.731,odom,0.0000,0.0000,11.330,2.081,
1790704043.735,/auto_vel_raw,0.3240,-0.7208,,,
1790704043.800,odom,0.0000,0.0000,11.330,2.081,
1790704043.851,odom,0.0000,0.0000,11.330,2.081,
1790704043.880,/auto_vel_raw,0.3240,-0.7208,,,
1790704043.885,odom,0.0000,0.0000,11.330,2.081,
1790704043.905,odom,0.0000,0.0000,11.330,2.081,
1790704043.929,/auto_vel_raw,0.3240,-0.7208,,,
1790704043.930,odom,0.0000,0.0000,11.330,2.081,
1790704043.976,odom,0.0000,0.0000,11.330,2.081,
1790704044.012,odom,0.0000,0.0000,11.330,2.081,
1790704044.019,/auto_vel_raw,0.3240,-0.7208,,,
1790704044.037,odom,0.0000,0.0000,11.330,2.081,
1790704044.080,odom,0.0000,0.0000,11.330,2.081,
1790704044.100,odom,0.0000,0.0000,11.330,2.081,
1790704044.105,/auto_vel_raw,0.3240,-0.7208,,,
1790704044.127,odom,0.0000,0.0000,11.330,2.081,
1790704044.152,odom,0.0000,0.0000,11.330,2.081,
1790704044.178,/auto_vel_raw,0.3240,-0.7208,,,
1790704044.199,odom,0.0000,0.0000,11.330,2.081,
1790704044.219,odom,0.0000,0.0000,11.330,2.081,
1790704044.244,odom,0.0000,0.0000,11.330,2.081,
1790704044.247,/auto_vel_raw,0.3240,-0.7208,,,
1790704044.278,odom,0.0000,0.0000,11.330,2.081,
1790704044.299,odom,0.0000,0.0000,11.330,2.081,
1790704044.315,/auto_vel_raw,0.3240,-0.7208,,,
1790704044.316,odom,0.0000,0.0000,11.330,2.081,
1790704044.321,odom,0.0000,0.0000,11.330,2.081,
1790704044.329,/auto_vel_raw,0.3240,-0.7208,,,
1790704044.329,odom,0.0000,0.0000,11.330,2.081,
1790704044.335,/auto_vel_raw,0.3240,-0.7208,,,
1790704044.335,odom,0.0000,0.0000,11.330,2.081,
1790704044.342,odom,0.0000,0.0000,11.330,2.081,
1790704044.348,odom,0.0000,0.0000,11.330,2.081,
1790704044.366,odom,0.0000,0.0000,11.330,2.081,
1790704044.400,odom,0.0000,0.0000,11.330,2.081,
1790704044.409,/auto_vel_raw,0.3240,-0.7208,,,
1790704044.450,odom,0.0000,0.0000,11.330,2.081,
1790704044.521,odom,0.0000,0.0000,11.330,2.081,
1790704044.563,/auto_vel_raw,0.3240,-0.7208,,,
1790704044.581,odom,0.0000,0.0000,11.330,2.081,
1790704044.642,odom,0.0000,0.0000,11.330,2.081,
1790704044.694,/auto_vel_raw,0.3240,-0.7208,,,
1790704044.696,odom,0.0000,0.0000,11.330,2.081,
1790704044.741,odom,0.0000,0.0000,11.330,2.081,
1790704044.769,odom,0.0000,0.0000,11.330,2.081,
1790704044.783,/auto_vel_raw,0.3240,-0.7208,,,
1790704044.792,odom,0.0000,0.0000,11.330,2.081,
1790704044.804,odom,0.0000,0.0000,11.330,2.081,
1790704044.869,odom,0.0000,0.0000,11.330,2.081,
1790704044.876,/auto_vel_raw,0.3240,-0.7208,,,
1790704044.967,odom,0.0000,0.0000,11.330,2.081,
1790704045.044,odom,0.0000,0.0000,11.330,2.081,
1790704045.077,/auto_vel_raw,0.3240,-0.7208,,,
1790704045.099,odom,0.0000,0.0000,11.330,2.081,
1790704045.143,odom,0.0000,0.0000,11.330,2.081,
1790704045.180,/auto_vel_raw,0.3240,-0.7208,,,
1790704045.181,odom,0.0000,0.0000,11.330,2.081,
1790704045.230,odom,0.0000,0.0000,11.330,2.081,
1790704045.267,odom,0.0000,0.0000,11.330,2.081,
1790704045.301,/auto_vel_raw,0.3240,-0.7208,,,
1790704045.315,odom,0.0000,0.0000,11.330,2.081,
1790704045.342,odom,0.0000,0.0000,11.330,2.081,
1790704045.367,odom,0.0000,0.0000,11.330,2.081,
1790704045.380,/auto_vel_raw,0.3240,-0.7208,,,
1790704045.410,odom,0.0000,0.0000,11.330,2.081,
1790704045.433,odom,0.0000,0.0000,11.330,2.081,
1790704045.461,/auto_vel_raw,0.3240,-0.7208,,,
1790704045.466,odom,0.0000,0.0000,11.330,2.081,
1790704045.483,odom,0.0000,0.0000,11.330,2.081,
1790704045.513,odom,0.0000,0.0000,11.330,2.081,
1790704045.516,/auto_vel_raw,0.3240,-0.7208,,,
1790704045.547,odom,0.0000,0.0000,11.330,2.081,
1790704045.577,odom,0.0000,0.0000,11.330,2.081,
1790704045.592,/auto_vel_raw,0.3240,-0.7208,,,
1790704045.604,odom,0.0000,0.0000,11.330,2.081,
1790704045.634,odom,0.0000,0.0000,11.330,2.081,
1790704045.658,/auto_vel_raw,0.3240,-0.7208,,,
1790704045.658,odom,0.0000,0.0000,11.330,2.081,
1790704045.688,odom,0.0000,0.0000,11.330,2.081,
1790704045.722,odom,0.0000,0.0000,11.330,2.081,
1790704045.744,/auto_vel_raw,0.3240,-0.7208,,,
1790704045.757,odom,0.0000,0.0000,11.330,2.081,
1790704045.793,odom,0.0000,0.0000,11.330,2.081,
1790704045.824,/auto_vel_raw,0.3240,-0.7208,,,
1790704045.825,odom,0.0000,0.0000,11.330,2.081,
1790704045.858,odom,0.0000,0.0000,11.330,2.081,
1790704045.903,odom,0.0000,0.0000,11.330,2.081,
1790704045.926,/auto_vel_raw,0.3240,-0.7208,,,
1790704045.950,odom,0.0000,0.0000,11.330,2.081,
1790704046.006,odom,0.0000,0.0000,11.330,2.081,
1790704046.030,odom,0.0000,0.0000,11.330,2.081,
1790704046.058,/auto_vel_raw,0.3240,-0.7208,,,
1790704046.067,odom,0.0000,0.0000,11.330,2.081,
1790704046.117,odom,0.0000,0.0000,11.330,2.081,
1790704046.166,/auto_vel_raw,0.3240,-0.7208,,,
1790704046.215,odom,0.0000,0.0000,11.330,2.081,
1790704046.259,odom,0.0000,0.0000,11.330,2.081,
1790704046.290,/auto_vel_raw,0.3240,-0.7208,,,
1790704046.291,odom,0.0000,0.0000,11.330,2.081,
1790704046.331,odom,0.0000,0.0000,11.330,2.081,
1790704046.371,odom,0.0000,0.0000,11.330,2.081,
1790704046.389,/auto_vel_raw,0.3240,-0.7208,,,
1790704046.407,odom,0.0000,0.0000,11.330,2.081,
1790704046.440,odom,0.0000,0.0000,11.330,2.081,
1790704046.474,/auto_vel_raw,0.3240,-0.7208,,,
1790704046.474,odom,0.0000,0.0000,11.330,2.081,
1790704046.515,odom,0.0000,0.0000,11.330,2.081,
1790704046.570,odom,0.0000,0.0000,11.330,2.081,
1790704046.591,/auto_vel_raw,0.3240,-0.7208,,,
1790704046.615,odom,0.0000,0.0000,11.330,2.081,
1790704046.651,odom,0.0000,0.0000,11.330,2.081,
1790704046.681,odom,0.0000,0.0000,11.330,2.081,
1790704046.683,/auto_vel_raw,0.3240,-0.7208,,,
1790704046.684,/unstuck_vel,0.2030,0.0000,,,
1790704046.686,/compensador_rumo/cmd_vel,0.2030,0.0000,,,
1790704046.687,/hoverboard_base_controller/cmd_vel,0.2200,0.5431,,,
1790704046.688,/cmd_vel_bruto,0.2030,0.0000,,,
1790704046.760,odom,0.0000,0.0000,11.330,2.081,
1790704046.822,odom,0.0000,0.0000,11.330,2.081,
1790704046.832,/auto_vel_raw,0.0000,0.0000,,,
1790704046.832,/compensador_rumo/cmd_vel,0.2030,0.0000,,,
1790704046.832,/unstuck_vel,0.2030,0.0000,,,
1790704046.839,/cmd_vel_bruto,0.2030,0.0000,,,
1790704046.841,/hoverboard_base_controller/cmd_vel,0.0000,0.0000,,,
1790704046.847,odom,0.0000,0.0000,11.330,2.081,
1790704046.868,odom,0.0000,0.0000,11.330,2.081,
1790704046.890,odom,0.0000,0.0000,11.330,2.081,
1790704046.905,/auto_vel_raw,0.0000,0.0000,,,
1790704046.905,/compensador_rumo/cmd_vel,0.2030,0.0000,,,
1790704046.905,/unstuck_vel,0.2030,0.0000,,,
1790704046.911,/hoverboard_base_controller/cmd_vel,0.0000,0.0000,,,
1790704046.911,/cmd_vel_bruto,0.2030,0.0000,,,
1790704046.921,odom,0.0000,0.0000,11.330,2.081,
1790704046.963,odom,0.0000,0.0000,11.330,2.081,
1790704046.982,/auto_vel_raw,0.0000,0.0000,,,
1790704046.985,/unstuck_vel,0.2030,0.0000,,,
1790704046.989,/compensador_rumo/cmd_vel,0.2030,0.0000,,,
1790704046.993,/hoverboard_base_controller/cmd_vel,0.0000,0.0000,,,
1790704046.994,/cmd_vel_bruto,0.2030,0.0000,,,
1790704047.010,odom,0.0000,0.0000,11.330,2.081,
1790704047.049,odom,0.0000,0.0000,11.330,2.081,
1790704047.089,odom,0.0000,0.0000,11.330,2.081,
1790704047.096,/unstuck_vel,0.2030,0.0000,,,
1790704047.102,/auto_vel_raw,0.0000,0.0000,,,
1790704047.102,/compensador_rumo/cmd_vel,0.2030,0.0000,,,
1790704047.103,/hoverboard_base_controller/cmd_vel,0.0000,0.0000,,,
1790704047.103,/cmd_vel_bruto,0.2030,0.0000,,,
1790704047.162,odom,0.0000,0.0000,11.330,2.081,
1790704047.230,odom,0.0000,0.0000,11.330,2.081,
1790704047.266,/unstuck_vel,0.2030,0.0000,,,
1790704047.268,/auto_vel_raw,0.0000,0.0000,,,
1790704047.268,/compensador_rumo/cmd_vel,0.2030,0.0000,,,
1790704047.269,/hoverboard_base_controller/cmd_vel,0.0000,0.0000,,,
1790704047.269,/cmd_vel_bruto,0.2030,0.0000,,,
1790704047.303,odom,0.0000,0.0000,11.330,2.081,
1790704047.358,odom,0.0000,0.0000,11.330,2.081,
1790704047.417,odom,0.0000,0.0000,11.330,2.081,
1790704047.425,/auto_vel_raw,0.0000,0.0000,,,
1790704047.425,/compensador_rumo/cmd_vel,0.2030,0.0000,,,
1790704047.425,/unstuck_vel,0.2030,0.0000,,,
1790704047.433,/hoverboard_base_controller/cmd_vel,0.3668,-0.3746,,,
1790704047.436,/cmd_vel_bruto,0.2030,0.0000,,,
1790704047.469,odom,0.0000,0.0000,11.330,2.081,
1790704047.516,odom,0.0000,0.0000,11.330,2.081,
1790704047.541,/auto_vel_raw,0.0000,0.0000,,,
1790704047.547,/unstuck_vel,0.2030,0.0000,,,
1790704047.554,/compensador_rumo/cmd_vel,0.2030,0.0000,,,
1790704047.555,/hoverboard_base_controller/cmd_vel,0.3668,-0.3746,,,
1790704047.556,/cmd_vel_bruto,0.2030,0.0000,,,
1790704047.558,odom,0.0000,0.0000,11.330,2.081,
1790704047.594,odom,0.0000,0.0000,11.330,2.081,
1790704047.612,odom,0.0000,0.0000,11.330,2.081,
1790704047.619,/auto_vel_raw,0.0000,0.0000,,,
1790704047.620,/unstuck_vel,0.2030,0.0000,,,
1790704047.626,/compensador_rumo/cmd_vel,0.2030,0.0000,,,
1790704047.627,/hoverboard_base_controller/cmd_vel,0.3668,-0.3746,,,
1790704047.628,/cmd_vel_bruto,0.2030,0.0000,,,
1790704047.637,odom,0.0754,-0.1439,11.330,2.080,
1790704047.667,odom,0.0762,-0.1409,11.331,2.079,
1790704047.683,/auto_vel_raw,0.0000,0.0000,,,
1790704047.689,/unstuck_vel,0.2030,0.0000,,,
1790704047.692,/compensador_rumo/cmd_vel,0.2030,0.0000,,,
1790704047.696,/cmd_vel_bruto,0.2030,0.0269,,,
1790704047.699,/hoverboard_base_controller/cmd_vel,0.3668,-0.3746,,,
1790704047.700,odom,0.0766,-0.1389,11.331,2.077,
1790704047.743,odom,0.0770,-0.1368,11.332,2.076,
1790704047.779,odom,0.0774,-0.1348,11.332,2.075,
1790704047.793,/auto_vel_raw,0.0000,0.0000,,,
1790704047.794,/compensador_rumo/cmd_vel,0.2030,0.0000,,,
1790704047.794,/unstuck_vel,0.2030,0.0000,,,
1790704047.797,/cmd_vel_bruto,0.2030,0.0722,,,
1790704047.799,/hoverboard_base_controller/cmd_vel,0.3668,-0.3746,,,
1790704047.826,odom,0.1510,-0.2912,11.333,2.072,
1790704047.855,odom,0.1520,-0.2892,11.334,2.069,
1790704047.875,/auto_vel_raw,0.0000,0.0000,,,
1790704047.881,odom,0.1528,-0.2852,11.335,2.066,
1790704047.882,/unstuck_vel,0.2030,0.0000,,,
1790704047.885,/compensador_rumo/cmd_vel,0.2030,0.0000,,,
1790704047.895,/cmd_vel_bruto,0.2030,0.1635,,,
1790704047.897,/hoverboard_base_controller/cmd_vel,0.3668,-0.3746,,,
1790704047.911,odom,0.1530,-0.2838,11.336,2.064,
1790704047.954,odom,0.1532,-0.2827,11.337,2.061,
1790704047.960,/auto_vel_raw,0.0000,0.0000,,,
1790704047.962,/compensador_rumo/cmd_vel,0.2030,0.0000,,,
1790704047.963,/unstuck_vel,0.2030,0.0000,,,
1790704047.971,/hoverboard_base_controller/cmd_vel,0.3668,-0.3746,,,
1790704047.971,/cmd_vel_bruto,0.2030,0.2120,,,
1790704048.000,odom,0.2297,-0.3701,11.339,2.057,
1790704048.037,odom,0.2295,-0.3708,11.340,2.052,
1790704048.056,/auto_vel_raw,0.0000,0.0000,,,
1790704048.062,/unstuck_vel,0.2030,0.0000,,,
1790704048.064,/compensador_rumo/cmd_vel,0.2030,0.0000,,,
1790704048.067,/hoverboard_base_controller/cmd_vel,0.3668,-0.3746,,,
1790704048.067,/cmd_vel_bruto,0.2030,0.2583,,,
1790704048.078,odom,0.2294,-0.3712,11.342,2.048,
1790704048.105,odom,0.2294,-0.3714,11.343,2.044,
1790704048.169,/auto_vel_raw,0.0000,0.0000,,,
1790704048.173,odom,0.2294,-0.3715,11.345,2.039,
1790704048.184,/compensador_rumo/cmd_vel,0.2030,0.0000,,,
1790704048.184,/hoverboard_base_controller/cmd_vel,0.3668,-0.3746,,,
1790704048.185,/cmd_vel_bruto,0.2030,0.3435,,,
1790704048.185,/unstuck_vel,0.2030,0.0000,,,
1790704048.242,odom,0.3091,-0.3729,11.347,2.034,
1790704048.304,odom,0.3092,-0.3726,11.348,2.028,
1790704048.336,/auto_vel_raw,0.0000,0.0000,,,
1790704048.336,/unstuck_vel,0.2030,0.0000,,,
1790704048.338,/compensador_rumo/cmd_vel,0.2030,0.0000,,,
1790704048.338,/cmd_vel_bruto,0.2030,0.3988,,,
1790704048.343,/hoverboard_base_controller/cmd_vel,0.3580,-0.3193,,,
1790704048.376,odom,0.3091,-0.3726,11.350,2.022,
1790704048.407,collision_state,,,,,DO_NOTHING:-
1790704048.467,odom,0.3092,-0.3725,11.352,2.016,
1790704048.524,/auto_vel_raw,0.0000,0.0000,,,
1790704048.525,odom,0.3089,-0.3743,11.353,2.010,
1790704048.529,/compensador_rumo/cmd_vel,0.2030,0.0000,,,
1790704048.529,/unstuck_vel,0.2030,0.0000,,,
1790704048.539,/hoverboard_base_controller/cmd_vel,0.3439,-0.2311,,,
1790704048.539,/cmd_vel_bruto,0.2030,0.4581,,,
1790704048.580,odom,0.3492,-0.3193,11.355,2.003,
1790704048.656,odom,0.3494,-0.3193,11.357,1.997,
1790704048.673,/auto_vel_raw,0.0000,0.0000,,,
1790704048.674,/unstuck_vel,0.2030,0.0000,,,
1790704048.689,/compensador_rumo/cmd_vel,0.2030,0.0000,,,
1790704048.692,/hoverboard_base_controller/cmd_vel,0.3181,-0.0701,,,
1790704048.693,/cmd_vel_bruto,0.2030,0.5401,,,
1790704048.694,odom,0.3496,-0.3193,11.359,1.990,
1790704048.728,odom,0.3495,-0.3193,11.361,1.983,
1790704048.763,/auto_vel_raw,0.0000,0.0000,,,
1790704048.764,odom,0.3495,-0.3193,11.363,1.976,
1790704048.774,/compensador_rumo/cmd_vel,0.2030,0.0000,,,
1790704048.774,/unstuck_vel,0.2030,0.0000,,,
1790704048.783,/hoverboard_base_controller/cmd_vel,0.3057,0.0072,,,
1790704048.784,/cmd_vel_bruto,0.2030,0.5962,,,
1790704048.837,odom,0.3231,-0.1663,11.364,1.970,
1790704048.903,odom,0.3133,-0.1663,11.366,1.964,
1790704048.928,/auto_vel_raw,0.0000,0.0000,,,
1790704048.930,/unstuck_vel,0.2030,0.0000,,,
1790704048.935,/compensador_rumo/cmd_vel,0.2030,0.0000,,,
1790704048.935,/cmd_vel_bruto,0.2030,0.6001,,,
1790704048.937,/hoverboard_base_controller/cmd_vel,0.2946,0.0766,,,
1790704048.954,odom,0.3132,-0.1663,11.367,1.958,
1790704049.017,odom,0.3132,-0.1663,11.368,1.952,
1790704049.063,/auto_vel_raw,0.0000,0.0000,,,
1790704049.063,odom,0.3132,-0.1663,11.370,1.946,
1790704049.065,/unstuck_vel,0.2030,0.0000,,,
1790704049.066,/compensador_rumo/cmd_vel,0.2030,0.0000,,,
1790704049.071,/cmd_vel_bruto,0.2030,0.6146,,,
1790704049.076,/hoverboard_base_controller/cmd_vel,0.2759,0.1937,,,
1790704049.139,odom,0.2943,-0.0183,11.371,1.940,
1790704049.200,odom,0.2941,-0.0178,11.372,1.934,
1790704049.248,/unstuck_vel,0.2030,0.0000,,,
1790704049.251,/auto_vel_raw,0.0000,0.0000,,,
1790704049.251,/compensador_rumo/cmd_vel,0.2030,0.0000,,,
1790704049.257,/hoverboard_base_controller/cmd_vel,0.2648,0.2633,,,
1790704049.257,/cmd_vel_bruto,0.2030,0.5864,,,
1790704049.312,odom,0.2941,-0.0178,11.374,1.928,
1790704049.371,odom,0.2941,-0.0178,11.375,1.923,
1790704049.456,/unstuck_vel,0.2030,0.0000,,,
1790704049.456,odom,0.2941,-0.0178,11.376,1.917,
1790704049.472,/auto_vel_raw,0.0000,0.0000,,,
1790704049.475,/compensador_rumo/cmd_vel,0.2030,0.0000,,,
1790704049.484,/hoverboard_base_controller/cmd_vel,0.2536,0.3330,,,
1790704049.489,/cmd_vel_bruto,0.2030,0.5467,,,
1790704049.503,odom,0.2671,0.1331,11.377,1.912,
1790704049.538,odom,0.2608,0.1337,11.378,1.907,
1790704049.555,/auto_vel_raw,0.0000,0.0000,,,
1790704049.555,/compensador_rumo/cmd_vel,0.2030,0.0000,,,
1790704049.555,/unstuck_vel,0.2030,0.0000,,,
1790704049.556,odom,0.2608,0.1337,11.380,1.902,
1790704049.562,/cmd_vel_bruto,0.2030,0.5302,,,
1790704049.565,/hoverboard_base_controller/cmd_vel,0.2394,0.4218,,,
1790704049.584,odom,0.2608,0.1337,11.381,1.897,
1790704049.615,/auto_vel_raw,0.0000,0.0000,,,
1790704049.616,odom,0.2608,0.1337,11.382,1.891,
1790704049.618,/unstuck_vel,0.2030,0.0000,,,
1790704049.630,/compensador_rumo/cmd_vel,0.2030,0.0000,,,
1790704049.634,odom,0.2390,0.2747,11.383,1.887,
1790704049.641,/cmd_vel_bruto,0.2030,0.4884,,,
1790704049.643,/hoverboard_base_controller/cmd_vel,0.2298,0.4819,,,
1790704049.677,odom,0.2364,0.2766,11.384,1.882,
1790704049.710,/auto_vel_raw,0.0000,0.0000,,,
1790704049.715,/unstuck_vel,0.0000,0.0000,,,
1790704049.716,/compensador_rumo/cmd_vel,0.0000,0.0000,,,
1790704049.720,/cmd_vel_bruto,0.0000,0.0000,,,
1790704049.722,/hoverboard_base_controller/cmd_vel,0.0000,0.0000,,,
1790704049.741,odom,0.2350,0.2825,11.385,1.878,
1790704049.772,odom,0.2338,0.2842,11.386,1.873,
1790704049.802,/auto_vel_raw,0.0000,0.0000,,,
1790704049.806,odom,0.2325,0.2862,11.388,1.868,
1790704049.840,odom,0.1659,0.1367,11.388,1.865,
1790704049.867,odom,0.1659,0.1367,11.389,1.862,
1790704049.873,/auto_vel_raw,0.2392,-0.8086,,,
1790704049.887,odom,0.1565,0.1368,11.390,1.859,
1790704049.904,/auto_vel,0.2392,-0.8086,,,
1790704049.904,odom,0.1577,0.1367,11.391,1.856,
1790704049.911,odom,0.1577,0.1367,11.392,1.853,
1790704049.924,/auto_vel_raw,0.2402,-0.8163,,,
1790704049.930,odom,0.0874,-0.0000,11.392,1.851,
1790704049.939,/auto_vel,0.2402,-0.8163,,,
1790704049.967,odom,0.0874,-0.0000,11.393,1.849,
1790704049.991,/auto_vel_raw,0.2411,-0.8231,,,
1790704050.026,odom,0.0771,0.0005,11.393,1.848,
1790704050.034,/auto_vel,0.2411,-0.8231,,,
1790704050.068,odom,0.0874,0.0000,11.394,1.846,
1790704050.105,/auto_vel_raw,0.2415,-0.8256,,,
1790704050.105,odom,0.0874,0.0000,11.394,1.845,
1790704050.148,odom,-0.0000,-0.0000,11.394,1.844,
1790704050.159,/auto_vel,0.2415,-0.8256,,,
1790704050.176,odom,0.0000,-0.0000,11.394,1.844,
1790704050.193,/auto_vel_raw,0.2420,-0.8293,,,
1790704050.205,odom,0.0000,-0.0000,11.394,1.844,
1790704050.218,/auto_vel,0.2420,-0.8293,,,
1790704050.244,odom,0.0000,-0.0000,11.394,1.845,
1790704050.286,odom,0.0000,-0.0000,11.394,1.845,
1790704050.307,/auto_vel_raw,0.2420,-0.8294,,,
1790704050.341,odom,0.0000,-0.0000,11.394,1.845,
1790704050.358,/auto_vel,0.2420,-0.8294,,,
1790704050.376,odom,0.0000,-0.0000,11.394,1.845,
1790704050.390,odom,0.0000,-0.0000,11.394,1.845,
1790704050.423,/auto_vel_raw,0.2420,-0.8293,,,
1790704050.423,odom,0.0000,-0.0000,11.394,1.845,
1790704050.425,/auto_vel,0.2420,-0.8293,,,
1790704050.434,odom,0.0000,-0.0000,11.394,1.845,
1790704050.454,/auto_vel_raw,0.2420,-0.8293,,,
1790704050.464,odom,0.0000,-0.0000,11.394,1.845,
1790704050.470,/auto_vel,0.2420,-0.8293,,,
1790704050.495,odom,0.0000,-0.0000,11.394,1.845,
1790704050.528,/auto_vel_raw,0.2420,-0.8293,,,
1790704050.547,odom,0.0000,-0.0000,11.394,1.845,
1790704050.556,/compensador_rumo/cmd_vel,0.2420,-0.8293,,,
1790704050.558,/auto_vel,0.2420,-0.8293,,,
1790704050.559,/cmd_vel_bruto,0.2420,-1.8428,,,
1790704050.561,/hoverboard_base_controller/cmd_vel,0.2298,0.4819,,,
1790704050.598,odom,0.0000,-0.0000,11.394,1.845,
1790704050.634,odom,0.0000,0.0000,11.394,1.845,
1790704050.652,/auto_vel_raw,0.2420,-0.8293,,,
1790704050.685,odom,0.0758,0.1481,11.395,1.844,
1790704050.698,/auto_vel,0.2420,-0.8293,,,
1790704050.701,/compensador_rumo/cmd_vel,0.2420,-0.8293,,,
1790704050.705,/cmd_vel_bruto,0.2420,-1.8314,,,
1790704050.706,/hoverboard_base_controller/cmd_vel,0.0000,0.0000,,,
1790704050.737,odom,0.0755,0.1500,11.395,1.842,
1790704050.767,/auto_vel_raw,0.2422,-0.8311,,,
1790704050.774,odom,0.0755,0.1500,11.395,1.841,
1790704050.782,/auto_vel,0.2422,-0.8311,,,
1790704050.783,/compensador_rumo/cmd_vel,0.2422,-0.8311,,,
1790704050.789,/cmd_vel_bruto,0.2422,-1.8040,,,
1790704050.794,/hoverboard_base_controller/cmd_vel,0.0000,0.0000,,,
1790704050.818,odom,0.0755,0.1500,11.396,1.839,
1790704050.870,/auto_vel_raw,0.2427,-0.8351,,,
1790704050.870,odom,0.0755,0.1500,11.396,1.838,
1790704050.904,odom,-0.0000,-0.0000,11.396,1.838,
1790704050.940,/auto_vel,0.2427,-0.8351,,,
1790704050.941,/compensador_rumo/cmd_vel,0.2427,-0.8351,,,
1790704050.941,/hoverboard_base_controller/cmd_vel,0.0000,0.0000,,,
1790704050.941,/cmd_vel_bruto,0.2427,-1.7830,,,
1790704050.944,odom,0.0000,-0.0000,11.396,1.838,
1790704050.952,/auto_vel_raw,0.2432,-0.8385,,,
1790704050.970,/auto_vel,0.2432,-0.8385,,,
1790704050.970,/compensador_rumo/cmd_vel,0.2432,-0.8385,,,
1790704050.970,/hoverboard_base_controller/cmd_vel,0.0000,0.0000,,,
1790704050.971,/cmd_vel_bruto,0.2432,-1.7987,,,
1790704050.971,odom,-0.0111,0.0019,11.396,1.838,
1790704050.992,odom,0.0000,-0.0000,11.396,1.838,
1790704051.047,/auto_vel_raw,0.2433,-0.8396,,,
1790704051.049,odom,0.0000,-0.0000,11.396,1.838,
1790704051.110,odom,0.0000,-0.0000,11.396,1.838,
1790704051.129,/auto_vel,0.2433,-0.8396,,,
1790704051.133,/compensador_rumo/cmd_vel,0.2433,-0.8396,,,
1790704051.136,/hoverboard_base_controller/cmd_vel,0.0000,0.0000,,,
1790704051.136,/cmd_vel_bruto,0.2433,-1.8112,,,
1790704051.244,odom,0.0000,-0.0000,11.396,1.838,
1790704051.254,odom,0.0000,-0.0000,11.396,1.838,
1790704051.281,/auto_vel_raw,0.2433,-0.8396,,,
1790704051.297,odom,0.0000,-0.0000,11.396,1.838,
1790704051.313,/auto_vel,0.2433,-0.8396,,,
1790704051.315,/compensador_rumo/cmd_vel,0.2433,-0.8396,,,
1790704051.321,odom,0.0000,-0.0000,11.396,1.838,
1790704051.336,/auto_vel_raw,0.2433,-0.8396,,,
1790704051.338,/hoverboard_base_controller/cmd_vel,0.1987,-1.4253,,,
1790704051.342,/cmd_vel_bruto,0.2433,-1.8651,,,
1790704051.344,odom,0.0000,-0.0000,11.396,1.838,
1790704051.359,odom,0.0000,-0.0000,11.396,1.838,
1790704051.369,/auto_vel_raw,0.2433,-0.8396,,,
1790704051.369,/auto_vel,0.2433,-0.8396,,,
1790704051.373,odom,0.0000,-0.0000,11.396,1.838,
1790704051.382,/compensador_rumo/cmd_vel,0.2433,-0.8396,,,
1790704051.383,/cmd_vel_bruto,0.2433,-1.8657,,,
1790704051.391,/hoverboard_base_controller/cmd_vel,0.2000,-1.4176,,,
1790704051.394,odom,0.0000,-0.0000,11.396,1.838,
1790704051.404,/auto_vel,0.2433,-0.8396,,,
1790704051.404,/compensador_rumo/cmd_vel,0.2433,-0.8396,,,
1790704051.417,/auto_vel_raw,0.2433,-0.8396,,,
1790704051.421,/cmd_vel_bruto,0.2433,-1.8657,,,
1790704051.427,odom,0.0000,-0.0000,11.396,1.838,
1790704051.443,/hoverboard_base_controller/cmd_vel,0.0000,0.0000,,,
1790704051.443,odom,0.0785,-0.1498,11.397,1.837,
1790704051.457,odom,0.0796,-0.1504,11.397,1.835,
1790704051.463,/auto_vel_raw,0.2431,-0.8378,,,
1790704051.469,/auto_vel,0.2433,-0.8396,,,
1790704051.469,/compensador_rumo/cmd_vel,0.2433,-0.8396,,,
1790704051.473,odom,0.0797,-0.1496,11.397,1.834,
1790704051.479,/hoverboard_base_controller/cmd_vel,0.2005,-1.4143,,,
1790704051.479,/cmd_vel_bruto,0.2433,-1.8261,,,
1790704051.497,/auto_vel,0.2431,-0.8378,,,
1790704051.499,/compensador_rumo/cmd_vel,0.2431,-0.8378,,,
1790704051.502,/cmd_vel_bruto,0.2431,-1.8223,,,
1790704051.505,/hoverboard_base_controller/cmd_vel,0.0000,0.0000,,,
1790704051.522,odom,0.0797,-0.1496,11.398,1.832,
1790704051.552,/auto_vel_raw,0.2429,-0.8366,,,
1790704051.553,odom,0.0797,-0.1496,11.398,1.831,
1790704051.573,odom,0.0194,-0.0345,11.398,1.830,
1790704051.593,/auto_vel,0.2429,-0.8366,,,
1790704051.593,/compensador_rumo/cmd_vel,0.2429,-0.8366,,,
1790704051.593,/hoverboard_base_controller/cmd_vel,0.2000,-1.4172,,,
1790704051.594,/cmd_vel_bruto,0.2429,-1.7844,,,
1790704051.648,odom,0.0194,-0.0345,11.399,1.830,
1790704051.686,/auto_vel_raw,0.2433,-0.8396,,,
1790704051.718,odom,0.0175,-0.0340,11.399,1.830,
1790704051.731,/auto_vel,0.2433,-0.8396,,,
1790704051.732,/compensador_rumo/cmd_vel,0.2433,-0.8396,,,
1790704051.737,/hoverboard_base_controller/cmd_vel,0.0000,0.0000,,,
1790704051.737,/cmd_vel_bruto,0.2433,-1.7857,,,
1790704051.794,odom,0.0176,-0.0331,11.399,1.829,
1790704051.860,odom,0.0176,-0.0331,11.399,1.829,
1790704051.884,/auto_vel_raw,0.2433,-0.8394,,,
1790704051.945,odom,-0.0002,-0.0000,11.399,1.829,
1790704051.960,/compensador_rumo/cmd_vel,0.2433,-0.8394,,,
1790704051.960,/cmd_vel_bruto,0.2433,-1.7893,,,
1790704051.964,/auto_vel,0.2433,-0.8394,,,
1790704051.965,/hoverboard_base_controller/cmd_vel,0.1978,-1.4312,,,
1790704051.965,odom,0.0000,-0.0000,11.399,1.829,
1790704051.988,/auto_vel_raw,0.2434,-0.8402,,,
1790704052.002,odom,0.0000,-0.0000,11.399,1.829,
1790704052.022,/auto_vel,0.2434,-0.8402,,,
1790704052.023,/compensador_rumo/cmd_vel,0.2434,-0.8402,,,
1790704052.023,/hoverboard_base_controller/cmd_vel,0.1978,-1.4313,,,
1790704052.023,/cmd_vel_bruto,0.2434,-1.8333,,,
1790704052.032,odom,0.0000,-0.0000,11.399,1.829,
1790704052.054,odom,0.0000,-0.0000,11.399,1.829,
1790704052.058,/auto_vel_raw,0.2434,-0.8402,,,
1790704052.077,odom,0.0685,-0.1322,11.399,1.828,
1790704052.091,/auto_vel,0.2434,-0.8402,,,
1790704052.092,/compensador_rumo/cmd_vel,0.2434,-0.8402,,,
1790704052.095,/cmd_vel_bruto,0.2434,-1.8476,,,
1790704052.096,odom,0.0688,-0.1305,11.400,1.827,
1790704052.098,/hoverboard_base_controller/cmd_vel,0.1994,-1.4212,,,
1790704052.114,odom,0.0690,-0.1295,11.400,1.825,
1790704052.116,/auto_vel_raw,0.2432,-0.8386,,,
1790704052.145,odom,0.0690,-0.1295,11.400,1.824,
1790704052.154,/auto_vel,0.2432,-0.8386,,,
1790704052.155,/compensador_rumo/cmd_vel,0.2432,-0.8386,,,
1790704052.160,/cmd_vel_bruto,0.2432,-1.8133,,,
1790704052.164,odom,0.0690,-0.1296,11.401,1.823,
1790704052.167,/auto_vel_raw,0.2431,-0.8376,,,
1790704052.167,/hoverboard_base_controller/cmd_vel,0.2010,-1.4109,,,
1790704052.206,odom,0.1497,-0.2857,11.401,1.820,
1790704052.210,/auto_vel,0.2431,-0.8376,,,
1790704052.211,/compensador_rumo/cmd_vel,0.2431,-0.8376,,,
1790704052.214,odom,0.1512,-0.2934,11.402,1.817,
1790704052.219,/cmd_vel_bruto,0.2431,-1.7704,,,
1790704052.225,/auto_vel_raw,0.2430,-0.8370,,,
1790704052.229,/hoverboard_base_controller/cmd_vel,0.2011,-1.4105,,,
1790704052.234,odom,0.1513,-0.2931,11.403,1.814,
1790704052.243,/auto_vel,0.2430,-0.8370,,,
1790704052.244,/compensador_rumo/cmd_vel,0.2430,-0.8370,,,
1790704052.249,/cmd_vel_bruto,0.2430,-1.7209,,,
1790704052.251,/hoverboard_base_controller/cmd_vel,0.0000,0.0000,,,
1790704052.261,odom,0.1513,-0.2929,11.403,1.811,
1790704052.280,/auto_vel_raw,0.2430,-0.8369,,,
1790704052.280,odom,0.1514,-0.2926,11.404,1.808,
1790704052.314,odom,0.0820,-0.1455,11.405,1.807,
1790704052.325,/auto_vel,0.2430,-0.8369,,,
1790704052.328,/compensador_rumo/cmd_vel,0.2430,-0.8369,,,
1790704052.332,/cmd_vel_bruto,0.2430,-1.6543,,,
1790704052.333,odom,0.0820,-0.1455,11.405,1.805,
1790704052.336,/hoverboard_base_controller/cmd_vel,0.2009,-1.4115,,,
1790704052.345,/auto_vel_raw,0.2430,-0.8371,,,
1790704052.354,odom,0.0672,-0.1443,11.405,1.804,
1790704052.369,/auto_vel,0.2430,-0.8371,,,
1790704052.370,/compensador_rumo/cmd_vel,0.2430,-0.8371,,,
1790704052.373,odom,0.0734,-0.1448,11.406,1.802,
1790704052.374,/cmd_vel_bruto,0.2430,-1.6557,,,
1790704052.375,/hoverboard_base_controller/cmd_vel,0.1991,-1.4229,,,
1790704052.394,odom,0.0735,-0.1441,11.406,1.801,
1790704052.398,/auto_vel_raw,0.2432,-0.8388,,,
1790704052.425,odom,0.1472,-0.2867,11.406,1.798,
1790704052.445,/auto_vel,0.2432,-0.8388,,,
1790704052.445,/compensador_rumo/cmd_vel,0.2432,-0.8388,,,
1790704052.448,odom,0.1477,-0.2901,11.407,1.795,
1790704052.449,/cmd_vel_bruto,0.2432,-1.6703,,,
1790704052.452,/hoverboard_base_controller/cmd_vel,0.1985,-1.4266,,,
1790704052.461,/auto_vel_raw,0.2430,-0.8373,,,
1790704052.466,odom,0.1477,-0.2899,11.408,1.792,
1790704052.481,/auto_vel,0.2430,-0.8373,,,
1790704052.482,/compensador_rumo/cmd_vel,0.2430,-0.8373,,,
1790704052.485,/cmd_vel_bruto,0.2430,-1.6642,,,
1790704052.486,odom,0.1477,-0.2897,11.408,1.790,
1790704052.488,/hoverboard_base_controller/cmd_vel,0.1999,-1.4181,,,
1790704052.506,odom,0.1478,-0.2896,11.409,1.787,
1790704052.511,/auto_vel_raw,0.2429,-0.8363,,,
1790704052.545,odom,0.1879,-0.4370,11.410,1.783,
1790704052.560,odom,0.1892,-0.4303,11.410,1.779,
1790704052.568,/auto_vel,0.2429,-0.8363,,,
1790704052.568,/compensador_rumo/cmd_vel,0.2429,-0.8363,,,
1790704052.574,/hoverboard_base_controller/cmd_vel,0.2038,-1.3936,,,
1790704052.575,/cmd_vel_bruto,0.2429,-1.6193,,,
1790704052.579,/auto_vel_raw,0.2412,-0.8234,,,
1790704052.585,odom,0.1904,-0.4236,11.411,1.776,
1790704052.596,/auto_vel,0.2412,-0.8234,,,
1790704052.598,odom,0.1913,-0.4192,11.411,1.772,
1790704052.600,/compensador_rumo/cmd_vel,0.2412,-0.8234,,,
1790704052.604,/cmd_vel_bruto,0.2412,-1.5642,,,
1790704052.607,/hoverboard_base_controller/cmd_vel,0.0000,0.0000,,,
1790704052.625,odom,0.1916,-0.4177,11.412,1.768,
1790704052.627,/auto_vel_raw,0.2406,-0.8191,,,
1790704052.639,odom,0.1304,-0.2972,11.412,1.765,
1790704052.663,/compensador_rumo/cmd_vel,0.2406,-0.8191,,,
1790704052.664,odom,0.1304,-0.2970,11.413,1.763,
1790704052.670,/auto_vel,0.2406,-0.8191,,,
1790704052.672,/hoverboard_base_controller/cmd_vel,0.2068,-1.3747,,,
1790704052.672,/cmd_vel_bruto,0.2406,-1.5134,,,
1790704052.677,/auto_vel_raw,0.2410,-0.8224,,,
1790704052.681,odom,0.1131,-0.2943,11.413,1.761,
1790704052.703,/auto_vel,0.2410,-0.8224,,,
1790704052.709,/compensador_rumo/cmd_vel,0.2410,-0.8224,,,
1790704052.709,odom,0.1146,-0.2863,11.413,1.758,
1790704052.716,/cmd_vel_bruto,0.2410,-1.5295,,,
1790704052.726,/hoverboard_base_controller/cmd_vel,0.2068,-1.3751,,,
1790704052.732,/auto_vel_raw,0.2407,-0.8196,,,
1790704052.733,odom,0.1161,-0.2782,11.414,1.756,
1790704052.766,odom,0.1889,-0.4333,11.414,1.753,
1790704052.770,/auto_vel,0.2407,-0.8196,,,
1790704052.774,/compensador_rumo/cmd_vel,0.2407,-0.8196,,,
1790704052.774,/cmd_vel_bruto,0.2407,-1.5474,,,
1790704052.775,odom,0.1919,-0.4379,11.414,1.749,
1790704052.779,/hoverboard_base_controller/cmd_vel,0.2062,-1.3788,,,
1790704052.783,/auto_vel_raw,0.2403,-0.8169,,,
1790704052.823,odom,0.1933,-0.4306,11.415,1.745,
1790704052.830,/auto_vel,0.2403,-0.8169,,,
1790704052.833,/compensador_rumo/cmd_vel,0.2403,-0.8169,,,
1790704052.840,/hoverboard_base_controller/cmd_vel,0.2064,-1.3775,,,
1790704052.840,/cmd_vel_bruto,0.2403,-1.5406,,,
1790704052.848,odom,0.1946,-0.4238,11.415,1.741,
1790704052.879,odom,0.1949,-0.4221,11.415,1.737,
1790704052.883,/auto_vel_raw,0.2403,-0.8171,,,
1790704052.945,odom,0.2057,-0.5099,11.416,1.733,
1790704052.957,/auto_vel,0.2403,-0.8171,,,
1790704052.962,/compensador_rumo/cmd_vel,0.2403,-0.8171,,,
1790704052.965,/hoverboard_base_controller/cmd_vel,0.2084,-1.3646,,,
1790704052.966,/cmd_vel_bruto,0.2403,-1.5195,,,
1790704053.013,odom,0.2064,-0.5065,11.416,1.729,
1790704053.050,/auto_vel_raw,0.2396,-0.8119,,,
1790704053.071,odom,0.2064,-0.5065,11.416,1.725,
1790704053.073,/auto_vel,0.2396,-0.8119,,,
1790704053.081,/compensador_rumo/cmd_vel,0.2396,-0.8119,,,
1790704053.082,/hoverboard_base_controller/cmd_vel,0.2105,-1.3515,,,
1790704053.082,/cmd_vel_bruto,0.2396,-1.4760,,,
1790704053.104,odom,0.2064,-0.5065,11.416,1.721,
1790704053.133,/auto_vel_raw,0.2397,-0.8129,,,
1790704053.134,odom,0.2064,-0.5065,11.416,1.717,
1790704053.155,/auto_vel,0.2397,-0.8129,,,
1790704053.155,/compensador_rumo/cmd_vel,0.2397,-0.8129,,,
1790704053.155,/hoverboard_base_controller/cmd_vel,0.0000,0.0000,,,
1790704053.156,/cmd_vel_bruto,0.2397,-1.4544,,,
1790704053.201,odom,0.2105,-0.6265,11.416,1.712,
1790704053.235,odom,0.2105,-0.6265,11.417,1.708,
1790704053.236,/auto_vel_raw,0.2388,-0.8057,,,
1790704053.237,odom,0.2105,-0.6265,11.416,1.704,
1790704053.337,odom,0.2105,-0.6265,11.416,1.700,
1790704053.355,/auto_vel,0.2388,-0.8057,,,
1790704053.356,/compensador_rumo/cmd_vel,0.2388,-0.8057,,,
1790704053.357,/hoverboard_base_controller/cmd_vel,0.2122,-1.3410,,,
1790704053.357,/cmd_vel_bruto,0.2388,-1.4135,,,
1790704053.475,/auto_vel_raw,0.2387,-0.8053,,,
1790704053.482,odom,0.2105,-0.6265,11.416,1.696,
1790704053.499,/auto_vel,0.2387,-0.8053,,,
1790704053.506,/compensador_rumo/cmd_vel,0.2387,-0.8053,,,
1790704053.506,/hoverboard_base_controller/cmd_vel,0.0000,0.0000,,,
1790704053.506,/cmd_vel_bruto,0.2387,-1.4098,,,
1790704053.544,odom,0.2122,-0.7592,11.416,1.691,
1790704053.572,odom,0.2122,-0.7592,11.416,1.687,
1790704053.588,/auto_vel_raw,0.2374,-0.7953,,,
1790704053.598,odom,0.2122,-0.7592,11.415,1.683,
1790704053.610,/auto_vel,0.2374,-0.7953,,,
1790704053.615,/compensador_rumo/cmd_vel,0.2374,-0.7953,,,
1790704053.615,/cmd_vel_bruto,0.2374,-1.3854,,,
1790704053.621,/hoverboard_base_controller/cmd_vel,0.2114,-1.3460,,,
1790704053.623,odom,0.2122,-0.7592,11.415,1.679,
1790704053.651,/auto_vel_raw,0.2371,-0.7931,,,
1790704053.658,odom,0.2122,-0.7592,11.415,1.674,
1790704053.672,/auto_vel,0.2371,-0.7931,,,
1790704053.673,/compensador_rumo/cmd_vel,0.2371,-0.7931,,,
1790704053.673,/hoverboard_base_controller/cmd_vel,0.2125,-1.3393,,,
1790704053.673,/cmd_vel_bruto,0.2371,-1.3693,,,
1790704053.699,odom,0.2114,-0.8842,11.414,1.670,
1790704053.726,odom,0.2114,-0.8842,11.414,1.666,
1790704053.741,/auto_vel_raw,0.2353,-0.7802,,,
1790704053.753,odom,0.2114,-0.8842,11.413,1.662,
1790704053.760,/auto_vel,0.2353,-0.7802,,,
1790704053.761,/compensador_rumo/cmd_vel,0.2353,-0.7802,,,
1790704053.762,/cmd_vel_bruto,0.2353,-1.3558,,,
1790704053.770,/hoverboard_base_controller/cmd_vel,0.2145,-1.3267,,,
1790704053.785,odom,0.2114,-0.8842,11.412,1.658,
1790704053.820,odom,0.2114,-0.8842,11.411,1.654,
1790704053.823,/auto_vel_raw,0.2338,-0.7691,,,
1790704053.878,odom,0.2145,-1.0105,11.410,1.649,
1790704053.890,/auto_vel,0.2338,-0.7691,,,
1790704053.891,/compensador_rumo/cmd_vel,0.2338,-0.7691,,,
1790704053.893,/cmd_vel_bruto,0.2338,-1.3204,,,
1790704053.894,/hoverboard_base_controller/cmd_vel,0.2157,-1.3194,,,
1790704053.933,odom,0.2145,-1.0105,11.409,1.645,
1790704053.959,/auto_vel_raw,0.2330,-0.7629,,,
1790704053.981,odom,0.2145,-1.0105,11.408,1.641,
1790704054.002,/auto_vel,0.2330,-0.7629,,,
1790704054.002,/compensador_rumo/cmd_vel,0.2330,-0.7629,,,
1790704054.002,/cmd_vel_bruto,0.2330,-1.3082,,,
1790704054.007,/hoverboard_base_controller/cmd_vel,0.2176,-1.3077,,,
1790704054.030,odom,0.2145,-1.0105,11.407,1.637,
1790704054.070,odom,0.2145,-1.0105,11.406,1.633,
1790704054.072,/auto_vel_raw,0.2373,-0.7535,,,
1790704054.134,odom,0.2176,-1.1012,11.405,1.629,
1790704054.141,/auto_vel,0.2373,-0.7535,,,
1790704054.141,/compensador_rumo/cmd_vel,0.2373,-0.7535,,,
1790704054.141,/hoverboard_base_controller/cmd_vel,0.2177,-1.3065,,,
1790704054.141,/cmd_vel_bruto,0.2373,-1.2889,,,
1790704054.179,odom,0.2176,-1.1012,11.403,1.625,
1790704054.206,/auto_vel_raw,0.2502,-0.7342,,,
1790704054.231,odom,0.2176,-1.1012,11.402,1.621,
1790704054.238,/auto_vel,0.2502,-0.7342,,,
1790704054.239,/compensador_rumo/cmd_vel,0.2502,-0.7342,,,
1790704054.242,/hoverboard_base_controller/cmd_vel,0.2186,-1.3009,,,
1790704054.242,/cmd_vel_bruto,0.2502,-1.2364,,,
1790704054.291,odom,0.2176,-1.1012,11.400,1.616,
1790704054.359,/auto_vel_raw,0.2650,-0.7205,,,
1790704054.360,odom,0.2176,-1.1012,11.398,1.612,
1790704054.368,/auto_vel,0.2650,-0.7205,,,
1790704054.369,/compensador_rumo/cmd_vel,0.2650,-0.7205,,,
1790704054.371,/hoverboard_base_controller/cmd_vel,0.2194,-1.2959,,,
1790704054.371,/cmd_vel_bruto,0.2650,-1.2071,,,
1790704054.402,odom,0.2186,-1.0955,11.397,1.609,
1790704054.445,odom,0.2186,-1.0955,11.395,1.605,
1790704054.487,/auto_vel_raw,0.2703,-0.7090,,,
1790704054.519,odom,0.2186,-1.0955,11.393,1.601,
1790704054.524,/auto_vel,0.2703,-0.7090,,,
1790704054.525,/compensador_rumo/cmd_vel,0.2703,-0.7090,,,
1790704054.530,/hoverboard_base_controller/cmd_vel,0.2196,-1.2947,,,
1790704054.530,/cmd_vel_bruto,0.2703,-1.1799,,,
1790704054.589,odom,0.2186,-1.0955,11.391,1.597,
1790704054.656,/auto_vel_raw,0.2830,-0.6972,,,
1790704054.657,odom,0.2186,-1.0955,11.388,1.593,
1790704054.688,/auto_vel,0.0000,0.0000,,,
1790704054.692,collision_state,,,,,STOP:PolygonStop
1790704054.701,/compensador_rumo/cmd_vel,0.0000,0.0000,,,
1790704054.702,/hoverboard_base_controller/cmd_vel,0.2212,-1.2851,,,
1790704054.703,/cmd_vel_bruto,0.0000,0.0000,,,
1790704054.740,odom,0.2196,-1.0903,11.386,1.589,
1790704054.794,odom,0.2196,-1.0903,11.384,1.585,
1790704054.815,/auto_vel_raw,0.3001,-0.6756,,,
1790704054.824,odom,0.2196,-1.0903,11.381,1.582,
1790704054.830,/auto_vel,0.0000,0.0000,,,
1790704054.833,/compensador_rumo/cmd_vel,0.0000,0.0000,,,
1790704054.834,/cmd_vel_bruto,0.0000,0.0000,,,
1790704054.836,/hoverboard_base_controller/cmd_vel,0.2216,-1.2824,,,
1790704054.861,odom,0.2196,-1.0903,11.379,1.578,
1790704054.900,/auto_vel_raw,0.3042,-0.6667,,,
1790704054.901,odom,0.2196,-1.0903,11.376,1.575,
1790704054.919,/auto_vel,0.0000,0.0000,,,
1790704054.919,/compensador_rumo/cmd_vel,0.0000,0.0000,,,
1790704054.920,/hoverboard_base_controller/cmd_vel,0.2241,-1.2666,,,
1790704054.920,/cmd_vel_bruto,0.0000,0.0000,,,
1790704054.969,odom,0.2206,-1.0853,11.374,1.571,
1790704055.019,odom,0.2216,-1.0800,11.371,1.568,
1790704055.048,/auto_vel_raw,0.3162,-0.6441,,,
1790704055.074,odom,0.2216,-1.0799,11.368,1.564,
1790704055.086,/auto_vel,0.0000,0.0000,,,
1790704055.088,/compensador_rumo/cmd_vel,0.0000,0.0000,,,
1790704055.090,/cmd_vel_bruto,0.0000,0.0000,,,
1790704055.093,/hoverboard_base_controller/cmd_vel,0.2313,-1.2217,,,
1790704055.138,odom,0.2216,-1.0799,11.365,1.561,
1790704055.172,odom,0.2216,-1.0799,11.362,1.557,
1790704055.175,/auto_vel_raw,0.3232,-0.6347,,,
1790704055.216,odom,0.2225,-1.0770,11.359,1.554,
1790704055.258,/auto_vel,0.3232,-0.6347,,,
1790704055.259,collision_state,,,,,DO_NOTHING:-
1790704055.266,/compensador_rumo/cmd_vel,0.3232,-0.6347,,,
1790704055.266,/cmd_vel_bruto,0.3232,-1.0080,,,
1790704055.275,/hoverboard_base_controller/cmd_vel,0.2406,-1.1634,,,
1790704055.276,odom,0.2236,-1.0743,11.356,1.551,
1790704055.295,/auto_vel_raw,0.3331,-0.6147,,,
1790704055.296,odom,0.2248,-1.0721,11.353,1.548,
1790704055.325,odom,0.2258,-1.0703,11.350,1.545,
1790704055.325,collision_state,,,,,STOP:PolygonStop
1790704055.326,/auto_vel,0.0000,0.0000,,,
1790704055.326,/compensador_rumo/cmd_vel,0.0000,0.0000,,,
1790704055.326,/cmd_vel_bruto,0.0000,0.0000,,,
1790704055.328,/hoverboard_base_controller/cmd_vel,0.2406,-1.1634,,,
1790704055.357,/auto_vel_raw,0.3387,-0.6009,,,
1790704055.358,odom,0.2269,-1.0688,11.347,1.542,
1790704055.379,/auto_vel,0.0000,0.0000,,,
1790704055.380,/compensador_rumo/cmd_vel,0.0000,0.0000,,,
1790704055.383,/hoverboard_base_controller/cmd_vel,0.0000,0.0000,,,
1790704055.383,/cmd_vel_bruto,0.0000,0.0000,,,
1790704055.406,odom,0.2280,-1.0673,11.343,1.539,
1790704055.433,odom,0.2290,-1.0664,11.340,1.536,
1790704055.451,/auto_vel_raw,0.3462,-0.5760,,,
1790704055.470,odom,0.2300,-1.0657,11.336,1.533,
1790704055.477,/auto_vel,0.3462,-0.5760,,,
1790704055.477,/compensador_rumo/cmd_vel,0.3462,-0.5760,,,
1790704055.477,collision_state,,,,,DO_NOTHING:-
1790704055.481,/cmd_vel_bruto,0.3462,-0.8730,,,
1790704055.484,/hoverboard_base_controller/cmd_vel,0.2004,-0.9687,,,
1790704055.529,odom,0.2309,-1.0653,11.333,1.530,
1790704055.585,/auto_vel_raw,0.3455,-0.5655,,,
1790704055.586,odom,0.2318,-1.0650,11.329,1.527,
1790704055.636,odom,0.2201,-1.0860,11.325,1.524,
1790704055.649,/auto_vel,0.3455,-0.5655,,,
1790704055.651,/compensador_rumo/cmd_vel,0.3455,-0.5655,,,
1790704055.653,/cmd_vel_bruto,0.3455,-0.8348,,,
1790704055.654,/hoverboard_base_controller/cmd_vel,0.1731,-0.8367,,,
1790704055.678,odom,0.2130,-1.1405,11.322,1.522,
1790704055.709,/auto_vel_raw,0.3543,-0.5384,,,
1790704055.731,odom,0.2057,-1.1945,11.318,1.520,
1790704055.743,/auto_vel,0.3543,-0.5384,,,
1790704055.743,/compensador_rumo/cmd_vel,0.3543,-0.5384,,,
1790704055.746,/cmd_vel_bruto,0.3543,-0.7896,,,
1790704055.747,/hoverboard_base_controller/cmd_vel,0.1564,-0.7562,,,
1790704055.796,odom,0.1999,-1.2373,11.315,1.518,
1790704055.829,/auto_vel_raw,0.3517,-0.5157,,,
1790704055.831,odom,0.1997,-1.2363,11.311,1.516,
1790704055.872,odom,0.1639,-0.9997,11.308,1.514,
1790704055.895,/auto_vel,0.3517,-0.5157,,,
1790704055.895,/compensador_rumo/cmd_vel,0.3517,-0.5157,,,
1790704055.896,/hoverboard_base_controller/cmd_vel,0.2647,-1.0131,,,
1790704055.896,/cmd_vel_bruto,0.3517,-0.7637,,,
1790704055.917,odom,0.1549,-1.0337,11.306,1.513,
1790704055.936,/auto_vel_raw,0.3613,-0.4913,,,
1790704055.964,odom,0.1537,-1.0363,11.303,1.511,
1790704055.974,/auto_vel,0.3613,-0.4913,,,
1790704055.974,/compensador_rumo/cmd_vel,0.3613,-0.4913,,,
1790704055.982,/hoverboard_base_controller/cmd_vel,0.2647,-1.0131,,,
1790704055.983,/cmd_vel_bruto,0.3613,-0.7311,,,
1790704056.005,odom,0.1533,-1.0329,11.300,1.510,
1790704056.080,/auto_vel_raw,0.3618,-0.4745,,,
1790704056.080,odom,0.1528,-1.0292,11.297,1.509,
1790704056.098,/auto_vel,0.3618,-0.4745,,,
1790704056.098,/compensador_rumo/cmd_vel,0.3618,-0.4745,,,
1790704056.099,/hoverboard_base_controller/cmd_vel,0.2479,-0.9488,,,
1790704056.099,/cmd_vel_bruto,0.3618,-0.7220,,,
1790704056.157,odom,0.2068,-1.0087,11.294,1.507,
1790704056.205,odom,0.2076,-1.0077,11.290,1.506,
1790704056.229,/auto_vel_raw,0.3718,-0.4397,,,
1790704056.244,odom,0.2085,-1.0066,11.286,1.504,
1790704056.267,/auto_vel,0.3718,-0.4397,,,
1790704056.268,/compensador_rumo/cmd_vel,0.3718,-0.4397,,,
1790704056.268,/hoverboard_base_controller/cmd_vel,0.2786,-0.9260,,,
1790704056.268,/cmd_vel_bruto,0.3718,-0.6560,,,
1790704056.283,odom,0.2092,-1.0055,11.282,1.503,
1790704056.322,odom,0.2100,-1.0043,11.278,1.501,
1790704056.328,/auto_vel_raw,0.3753,-0.4211,,,
1790704056.398,odom,0.2528,-0.9259,11.273,1.500,
1790704056.408,/auto_vel,0.3753,-0.4211,,,
1790704056.408,/compensador_rumo/cmd_vel,0.3753,-0.4211,,,
1790704056.408,/hoverboard_base_controller/cmd_vel,0.2813,-0.9095,,,
1790704056.408,/cmd_vel_bruto,0.3753,-0.5853,,,
1790704056.444,odom,0.2536,-0.9246,11.268,1.498,
1790704056.457,/auto_vel_raw,0.3798,-0.3858,,,
1790704056.471,odom,0.2544,-0.9232,11.264,1.497,
1790704056.511,/auto_vel,0.3798,-0.3858,,,
1790704056.511,/compensador_rumo/cmd_vel,0.3798,-0.3858,,,
1790704056.511,/cmd_vel_bruto,0.3798,-0.4663,,,
1790704056.512,odom,0.2538,-0.9252,11.259,1.496,
1790704056.521,/auto_vel_raw,0.3739,-0.3692,,,
1790704056.522,/hoverboard_base_controller/cmd_vel,0.2862,-0.8788,,,
1790704056.523,odom,0.2532,-0.9260,11.254,1.494,
1790704056.565,odom,0.2559,-0.9095,11.249,1.493,
1790704056.575,/auto_vel,0.3739,-0.3692,,,
1790704056.575,/compensador_rumo/cmd_vel,0.3739,-0.3692,,,
1790704056.581,/cmd_vel_bruto,0.3739,-0.3927,,,
1790704056.593,/hoverboard_base_controller/cmd_vel,0.2918,-0.8438,,,
1790704056.593,odom,0.2556,-0.9095,11.244,1.492,
1790704056.609,/auto_vel_raw,0.3721,-0.3319,,,
1790704056.652,odom,0.2552,-0.9095,11.239,1.491,
1790704056.676,/auto_vel,0.3721,-0.3319,,,
1790704056.676,/compensador_rumo/cmd_vel,0.3721,-0.3319,,,
1790704056.683,/hoverboard_base_controller/cmd_vel,0.0000,0.0000,,,
1790704056.683,/cmd_vel_bruto,0.3721,-0.2863,,,
1790704056.718,goal_active,,,,,0
1790704056.727,odom,0.2550,-0.9095,11.234,1.490,
1790704056.777,odom,0.2547,-0.9095,11.229,1.489,
1790704056.783,/auto_vel_raw,0.0000,0.0000,,,
1790704056.853,odom,0.2237,-0.7700,11.224,1.489,
1790704056.874,/auto_vel,0.0000,0.0000,,,
1790704056.882,/compensador_rumo/cmd_vel,0.0000,0.0000,,,
1790704056.882,/hoverboard_base_controller/cmd_vel,0.2926,-0.8388,,,
1790704056.882,/cmd_vel_bruto,0.0000,0.0000,,,
1790704056.934,odom,0.1973,-0.7528,11.220,1.489,
1790704056.972,/auto_vel_raw,0.0000,0.0000,,,
1790704056.995,odom,0.1967,-0.7388,11.216,1.488,
1790704057.017,/auto_vel,0.0000,0.0000,,,
1790704057.019,/compensador_rumo/cmd_vel,0.0000,0.0000,,,
1790704057.023,/cmd_vel_bruto,0.0000,0.0000,,,
1790704057.025,/hoverboard_base_controller/cmd_vel,0.2993,-0.7969,,,
1790704057.032,odom,0.1960,-0.7281,11.212,1.488,
1790704057.056,odom,0.1954,-0.7171,11.208,1.488,
1790704057.058,/auto_vel_raw,0.0000,0.0000,,,
1790704057.096,odom,0.2554,-0.7944,11.204,1.488,
1790704057.106,/auto_vel,0.0000,0.0000,,,
1790704057.110,/compensador_rumo/cmd_vel,0.0000,0.0000,,,
1790704057.119,/cmd_vel_bruto,0.0000,0.0000,,,
1790704057.122,odom,0.2558,-0.7925,11.198,1.488,
1790704057.128,/hoverboard_base_controller/cmd_vel,0.3056,-0.7576,,,
1790704057.135,/auto_vel_raw,0.0000,0.0000,,,
1790704057.144,odom,0.2562,-0.7904,11.193,1.488,
1790704057.156,/auto_vel,0.0000,0.0000,,,
1790704057.158,/compensador_rumo/cmd_vel,0.0000,0.0000,,,
1790704057.165,/cmd_vel_bruto,0.0000,0.0000,,,
1790704057.165,odom,0.2566,-0.7880,11.188,1.488,
1790704057.177,/hoverboard_base_controller/cmd_vel,0.3164,-0.6896,,,
1790704057.188,odom,0.2571,-0.7855,11.183,1.488,
1790704057.194,/auto_vel_raw,0.0000,0.0000,,,
1790704057.228,odom,0.2960,-0.6885,11.177,1.488,
1790704057.251,/auto_vel,0.0000,0.0000,,,
1790704057.251,/compensador_rumo/cmd_vel,0.0000,0.0000,,,
1790704057.251,/cmd_vel_bruto,0.0000,0.0000,,,
1790704057.265,odom,0.2965,-0.6858,11.171,1.488,
1790704057.270,/auto_vel_raw,0.0000,0.0000,,,
1790704057.270,/hoverboard_base_controller/cmd_vel,0.3332,-0.5849,,,
1790704057.271,odom,0.2970,-0.6831,11.165,1.489,
1790704057.281,/auto_vel,0.0000,0.0000,,,
1790704057.286,/compensador_rumo/cmd_vel,0.0000,0.0000,,,
1790704057.288,/cmd_vel_bruto,0.0000,0.0000,,,
1790704057.290,/hoverboard_base_controller/cmd_vel,0.0000,0.0000,,,
1790704057.307,odom,0.2975,-0.6804,11.160,1.489,
1790704057.364,/auto_vel_raw,0.0000,0.0000,,,
1790704057.372,odom,0.2980,-0.6777,11.154,1.490,
1790704057.382,/auto_vel,0.0000,0.0000,,,
1790704057.382,/compensador_rumo/cmd_vel,0.0000,0.0000,,,
1790704057.382,/cmd_vel_bruto,0.0000,0.0000,,,
1790704057.386,/hoverboard_base_controller/cmd_vel,0.3332,-0.5849,,,
1790704057.424,odom,0.2514,-0.5381,11.149,1.491,
1790704057.437,odom,0.2452,-0.5381,11.144,1.491,
1790704057.453,/auto_vel_raw,0.0000,0.0000,,,
1790704057.454,odom,0.2202,-0.5344,11.139,1.492,
1790704057.482,odom,0.2210,-0.5303,11.135,1.492,
1790704057.492,/auto_vel,0.0000,0.0000,,,
1790704057.492,/compensador_rumo/cmd_vel,0.0000,0.0000,,,
1790704057.494,/auto_vel_raw,0.0000,0.0000,,,
1790704057.510,/hoverboard_base_controller/cmd_vel,0.2710,-0.4758,,,
1790704057.510,/cmd_vel_bruto,0.0000,0.0000,,,
1790704057.511,odom,0.2218,-0.5262,11.131,1.493,
1790704057.522,/auto_vel,0.0000,0.0000,,,
1790704057.522,/compensador_rumo/cmd_vel,0.0000,0.0000,,,
1790704057.522,/hoverboard_base_controller/cmd_vel,0.2557,-0.4488,,,
1790704057.522,/cmd_vel_bruto,0.0000,0.0000,,,
1790704057.523,odom,0.2961,-0.5838,11.125,1.494,
1790704057.551,odom,0.2961,-0.5829,11.119,1.495,
1790704057.565,/auto_vel_raw,0.0000,0.0000,,,
1790704057.576,odom,0.2961,-0.5829,11.113,1.496,
1790704057.582,/auto_vel,0.0000,0.0000,,,
1790704057.588,/compensador_rumo/cmd_vel,0.0000,0.0000,,,
1790704057.588,/hoverboard_base_controller/cmd_vel,0.2243,-0.3937,,,
1790704057.588,/cmd_vel_bruto,0.0000,0.0000,,,
1790704057.593,odom,0.2961,-0.5830,11.108,1.498,
1790704057.621,odom,0.2960,-0.5831,11.102,1.499,
1790704057.633,/auto_vel_raw,0.0000,0.0000,,,
1790704057.651,odom,0.2496,-0.4966,11.097,1.500,
1790704057.668,/auto_vel,0.0000,0.0000,,,
1790704057.668,/compensador_rumo/cmd_vel,0.0000,0.0000,,,
1790704057.668,/hoverboard_base_controller/cmd_vel,0.1884,-0.3307,,,
1790704057.672,/cmd_vel_bruto,0.0000,0.0000,,,
1790704057.685,odom,0.2461,-0.4753,11.092,1.501,
1790704057.694,odom,0.2412,-0.5489,11.087,1.502,
1790704057.703,/auto_vel_raw,0.0000,0.0000,,,
1790704057.736,odom,0.2411,-0.5486,11.083,1.503,
1790704057.750,/auto_vel_raw,0.0000,0.0000,,,
1790704057.750,/auto_vel,0.0000,0.0000,,,
1790704057.753,/compensador_rumo/cmd_vel,0.0000,0.0000,,,
1790704057.759,odom,0.2411,-0.5483,11.078,1.505,
1790704057.766,/hoverboard_base_controller/cmd_vel,0.1339,-0.2351,,,
1790704057.766,/cmd_vel_bruto,0.0000,0.0000,,,
1790704057.772,odom,0.1957,-0.3494,11.074,1.506,
1790704057.777,/auto_vel,0.0000,0.0000,,,
1790704057.789,/auto_vel_raw,0.0000,0.0000,,,
1790704057.789,/auto_vel,0.0000,0.0000,,,
1790704057.789,/compensador_rumo/cmd_vel,0.0000,0.0000,,,
1790704057.790,/hoverboard_base_controller/cmd_vel,0.0000,0.0000,,,
1790704057.790,/cmd_vel_bruto,0.0000,0.0000,,,
1790704057.790,odom,0.1888,-0.3613,11.071,1.507,
1790704057.806,/compensador_rumo/cmd_vel,0.0000,0.0000,,,
1790704057.806,/hoverboard_base_controller/cmd_vel,0.0961,-0.1687,,,
1790704057.806,/cmd_vel_bruto,0.0000,0.0000,,,
1790704057.807,odom,0.1868,-0.3959,11.067,1.508,
1790704057.822,odom,0.1868,-0.3953,11.063,1.509,
1790704057.829,/auto_vel_raw,0.0000,0.0000,,,
1790704057.830,odom,0.1867,-0.3947,11.060,1.510,
1790704057.856,/auto_vel,0.0000,0.0000,,,
1790704057.856,/compensador_rumo/cmd_vel,0.0000,0.0000,,,
1790704057.856,/hoverboard_base_controller/cmd_vel,0.0711,-0.1248,,,
1790704057.856,/cmd_vel_bruto,0.0000,0.0000,,,
1790704057.863,odom,0.1011,-0.1687,11.058,1.511,
1790704057.879,odom,0.1012,-0.1687,11.056,1.511,
1790704057.907,/auto_vel_raw,0.0000,0.0000,,,
1790704057.908,odom,0.1012,-0.1687,11.054,1.512,
1790704057.933,odom,0.0912,-0.1686,11.052,1.513,
1790704057.943,/auto_vel,0.0000,0.0000,,,
1790704057.945,/compensador_rumo/cmd_vel,0.0000,0.0000,,,
1790704057.945,/cmd_vel_bruto,0.0000,0.0000,,,
1790704057.946,/hoverboard_base_controller/cmd_vel,0.0205,-0.0360,,,
1790704057.962,/auto_vel_raw,0.0000,0.0000,,,
1790704057.967,odom,0.0912,-0.1683,11.051,1.513,
1790704058.000,odom,0.0216,-0.0360,11.050,1.513,
1790704058.017,/auto_vel,0.0000,0.0000,,,
1790704058.017,/compensador_rumo/cmd_vel,0.0000,0.0000,,,
1790704058.021,/hoverboard_base_controller/cmd_vel,0.0000,0.0000,,,
1790704058.022,/cmd_vel_bruto,0.0000,0.0000,,,
1790704058.048,odom,0.0216,-0.0360,11.050,1.514,
1790704058.065,/auto_vel_raw,0.0000,0.0000,,,
1790704058.076,odom,0.0115,-0.0385,11.050,1.514,
1790704058.080,/auto_vel,0.0000,0.0000,,,
1790704058.081,/compensador_rumo/cmd_vel,0.0000,0.0000,,,
1790704058.081,/cmd_vel_bruto,0.0000,0.0000,,,
1790704058.084,/hoverboard_base_controller/cmd_vel,0.0000,0.0000,,,
1790704058.088,odom,0.0195,-0.0359,11.049,1.514,
1790704058.102,odom,0.0195,-0.0358,11.049,1.514,
1790704058.107,/auto_vel_raw,0.0000,0.0000,,,
1790704058.133,odom,0.0000,0.0000,11.049,1.514,
1790704058.152,/auto_vel,0.0000,0.0000,,,
1790704058.155,/compensador_rumo/cmd_vel,0.0000,0.0000,,,
1790704058.157,/hoverboard_base_controller/cmd_vel,0.0000,0.0000,,,
1790704058.158,/cmd_vel_bruto,0.0000,0.0000,,,
1790704058.167,odom,0.0000,0.0000,11.049,1.514,
1790704058.195,/auto_vel_raw,0.0000,0.0000,,,
1790704058.196,odom,0.0000,0.0000,11.049,1.514,
1790704058.206,/auto_vel,0.0000,0.0000,,,
1790704058.206,/compensador_rumo/cmd_vel,0.0000,0.0000,,,
1790704058.211,odom,0.0000,0.0000,11.049,1.514,
1790704058.227,/cmd_vel_bruto,0.0000,0.0000,,,
1790704058.232,/hoverboard_base_controller/cmd_vel,0.0000,0.0000,,,
1790704058.234,odom,0.0000,0.0000,11.049,1.514,
1790704058.244,/auto_vel_raw,0.0000,0.0000,,,
1790704058.273,odom,0.0000,0.0000,11.049,1.514,
1790704058.280,/auto_vel,0.0000,0.0000,,,
1790704058.281,/compensador_rumo/cmd_vel,0.0000,0.0000,,,
1790704058.285,/hoverboard_base_controller/cmd_vel,0.0000,0.0000,,,
1790704058.285,/cmd_vel_bruto,0.0000,0.0000,,,
1790704058.298,odom,0.0000,0.0000,11.049,1.514,
1790704058.316,/auto_vel_raw,0.0000,0.0000,,,
1790704058.323,odom,0.0000,0.0000,11.049,1.514,
1790704058.333,/auto_vel,0.0000,0.0000,,,
1790704058.336,/compensador_rumo/cmd_vel,0.0000,0.0000,,,
1790704058.343,/cmd_vel_bruto,0.0000,0.0000,,,
1790704058.350,/hoverboard_base_controller/cmd_vel,0.0000,0.0000,,,
1790704058.353,odom,0.0000,0.0000,11.049,1.514,
1790704058.367,/auto_vel_raw,0.0000,0.0000,,,
1790704058.368,odom,0.0000,0.0000,11.049,1.514,
1790704058.378,/auto_vel,0.0000,0.0000,,,
1790704058.379,/compensador_rumo/cmd_vel,0.0000,0.0000,,,
1790704058.385,/cmd_vel_bruto,0.0000,0.0000,,,
1790704058.389,/hoverboard_base_controller/cmd_vel,0.0000,0.0000,,,
1790704058.411,odom,0.0000,0.0000,11.049,1.514,
1790704058.444,odom,0.0000,0.0000,11.049,1.514,
1790704058.454,/auto_vel_raw,0.0000,0.0000,,,
1790704058.467,odom,0.0000,0.0000,11.049,1.514,
1790704058.488,/auto_vel,0.0000,0.0000,,,
1790704058.488,/compensador_rumo/cmd_vel,0.0000,0.0000,,,
1790704058.490,/cmd_vel_bruto,0.0000,0.0000,,,
1790704058.491,odom,0.0000,0.0000,11.049,1.514,
1790704058.495,/hoverboard_base_controller/cmd_vel,0.0000,0.0000,,,
1790704058.512,odom,0.0000,0.0000,11.049,1.514,
1790704058.516,/auto_vel_raw,0.0000,0.0000,,,
1790704058.561,odom,0.0000,0.0000,11.049,1.514,
1790704058.577,/auto_vel,0.0000,0.0000,,,
1790704058.577,/compensador_rumo/cmd_vel,0.0000,0.0000,,,
1790704058.580,/hoverboard_base_controller/cmd_vel,0.0000,0.0000,,,
1790704058.580,/cmd_vel_bruto,0.0000,0.0000,,,
1790704058.584,odom,0.0000,0.0000,11.049,1.514,
1790704058.602,/auto_vel_raw,0.0000,0.0000,,,
1790704058.609,odom,0.0000,0.0000,11.049,1.514,
1790704058.624,/auto_vel,0.0000,0.0000,,,
1790704058.624,/compensador_rumo/cmd_vel,0.0000,0.0000,,,
1790704058.624,/cmd_vel_bruto,0.0000,0.0000,,,
1790704058.631,/hoverboard_base_controller/cmd_vel,0.0000,0.0000,,,
1790704058.636,odom,0.0000,0.0000,11.049,1.514,
1790704058.655,odom,0.0000,0.0000,11.049,1.514,
1790704058.661,/auto_vel_raw,0.0000,0.0000,,,
1790704058.692,odom,0.0000,0.0000,11.049,1.514,
1790704058.699,/auto_vel,0.0000,0.0000,,,
1790704058.702,/compensador_rumo/cmd_vel,0.0000,0.0000,,,
1790704058.707,/hoverboard_base_controller/cmd_vel,0.0000,0.0000,,,
1790704058.707,/cmd_vel_bruto,0.0000,0.0000,,,
1790704058.714,odom,0.0000,0.0000,11.049,1.514,
1790704058.728,/auto_vel_raw,0.0000,0.0000,,,
1790704058.751,odom,0.0000,0.0000,11.049,1.514,
1790704058.762,odom,0.0000,0.0000,11.049,1.514,
1790704058.778,/auto_vel,0.0000,0.0000,,,
1790704058.787,/auto_vel_raw,0.0000,0.0000,,,
1790704058.787,/compensador_rumo/cmd_vel,0.0000,0.0000,,,
1790704058.789,odom,0.0000,0.0000,11.049,1.514,
1790704058.798,/hoverboard_base_controller/cmd_vel,0.0000,0.0000,,,
1790704058.798,/cmd_vel_bruto,0.0000,0.0000,,,
1790704058.801,odom,0.0000,0.0000,11.049,1.514,
1790704058.810,/auto_vel,0.0000,0.0000,,,
1790704058.810,/compensador_rumo/cmd_vel,0.0000,0.0000,,,
1790704058.820,/hoverboard_base_controller/cmd_vel,0.0000,0.0000,,,
1790704058.821,/cmd_vel_bruto,0.0000,0.0000,,,
1790704058.821,odom,0.0000,0.0000,11.049,1.514,
1790704058.830,/auto_vel_raw,0.0000,0.0000,,,
1790704058.844,odom,0.0000,0.0000,11.049,1.514,
1790704058.854,/auto_vel,0.0000,0.0000,,,
1790704058.856,/compensador_rumo/cmd_vel,0.0000,0.0000,,,
1790704058.857,odom,0.0000,0.0000,11.049,1.514,
1790704058.860,/cmd_vel_bruto,0.0000,0.0000,,,
1790704058.861,/hoverboard_base_controller/cmd_vel,0.0000,0.0000,,,
1790704058.921,odom,0.0000,0.0000,11.049,1.514,
1790704058.925,/auto_vel_raw,0.0000,0.0000,,,
1790704058.998,odom,0.0000,0.0000,11.049,1.514,
1790704059.002,/auto_vel,0.0000,0.0000,,,
1790704059.006,/compensador_rumo/cmd_vel,0.0000,0.0000,,,
1790704059.009,/hoverboard_base_controller/cmd_vel,0.0000,0.0000,,,
1790704059.009,/cmd_vel_bruto,0.0000,0.0000,,,
1790704059.075,odom,0.0000,0.0000,11.049,1.514,
1790704059.112,/auto_vel_raw,0.0000,0.0000,,,
1790704059.153,odom,0.0000,0.0000,11.049,1.514,
1790704059.166,/auto_vel,0.0000,0.0000,,,
1790704059.167,/compensador_rumo/cmd_vel,0.0000,0.0000,,,
1790704059.171,/cmd_vel_bruto,0.0000,0.0000,,,
1790704059.177,/hoverboard_base_controller/cmd_vel,0.0000,0.0000,,,
1790704059.206,odom,0.0000,0.0000,11.049,1.514,
1790704059.245,odom,0.0000,0.0000,11.049,1.514,
1790704059.246,/auto_vel_raw,0.0000,0.0000,,,
1790704059.288,odom,0.0000,0.0000,11.049,1.514,
1790704059.299,/auto_vel,0.0000,0.0000,,,
1790704059.300,/compensador_rumo/cmd_vel,0.0000,0.0000,,,
1790704059.302,/hoverboard_base_controller/cmd_vel,0.0000,0.0000,,,
1790704059.302,/cmd_vel_bruto,0.0000,0.0000,,,
1790704059.350,odom,0.0000,0.0000,11.049,1.514,
1790704059.370,/auto_vel_raw,0.0000,0.0000,,,
1790704059.379,odom,0.0000,0.0000,11.049,1.514,
1790704059.382,/auto_vel,0.0000,0.0000,,,
1790704059.383,/compensador_rumo/cmd_vel,0.0000,0.0000,,,
1790704059.383,/cmd_vel_bruto,0.0000,0.0000,,,
1790704059.385,/hoverboard_base_controller/cmd_vel,0.0000,0.0000,,,
1790704059.427,odom,0.0000,0.0000,11.049,1.514,
1790704059.485,/auto_vel_raw,0.0000,0.0000,,,
1790704059.490,odom,0.0000,0.0000,11.049,1.514,
1790704059.511,odom,0.0000,0.0000,11.049,1.514,
1790704059.519,/auto_vel,0.0000,0.0000,,,
1790704059.520,/compensador_rumo/cmd_vel,0.0000,0.0000,,,
1790704059.526,/hoverboard_base_controller/cmd_vel,0.0000,0.0000,,,
1790704059.527,/cmd_vel_bruto,0.0000,0.0000,,,
1790704059.553,odom,0.0000,0.0000,11.049,1.514,
1790704059.575,/auto_vel_raw,0.0000,0.0000,,,
1790704059.590,odom,0.0000,0.0000,11.049,1.514,
1790704059.614,/auto_vel,0.0000,0.0000,,,
1790704059.615,/compensador_rumo/cmd_vel,0.0000,0.0000,,,
1790704059.615,/cmd_vel_bruto,0.0000,0.0000,,,
1790704059.618,/hoverboard_base_controller/cmd_vel,0.0000,0.0000,,,
1790704059.623,odom,0.0000,0.0000,11.049,1.514,
1790704059.649,/auto_vel_raw,0.0000,0.0000,,,
1790704059.653,odom,0.0000,0.0000,11.049,1.514,
1790704059.672,/auto_vel,0.0000,0.0000,,,
1790704059.675,/compensador_rumo/cmd_vel,0.0000,0.0000,,,
1790704059.676,/hoverboard_base_controller/cmd_vel,0.0000,0.0000,,,
1790704059.676,/cmd_vel_bruto,0.0000,0.0000,,,
1790704059.686,odom,0.0000,0.0000,11.049,1.514,
1790704059.724,odom,0.0000,0.0000,11.049,1.514,
1790704059.751,/auto_vel_raw,0.0000,0.0000,,,
1790704059.765,odom,0.0000,0.0000,11.049,1.514,
1790704059.791,/compensador_rumo/cmd_vel,0.0000,0.0000,,,
1790704059.792,/auto_vel,0.0000,0.0000,,,
1790704059.792,/cmd_vel_bruto,0.0000,0.0000,,,
1790704059.802,/hoverboard_base_controller/cmd_vel,0.0000,0.0000,,,
1790704059.829,odom,0.0000,0.0000,11.049,1.514,
1790704059.866,odom,0.0000,0.0000,11.049,1.514,
1790704059.869,/auto_vel_raw,0.0000,0.0000,,,
1790704059.880,odom,0.0000,0.0000,11.049,1.514,
1790704059.940,odom,0.0000,0.0000,11.049,1.514,
1790704059.963,/auto_vel,0.0000,0.0000,,,
1790704059.963,/compensador_rumo/cmd_vel,0.0000,0.0000,,,
1790704059.963,/hoverboard_base_controller/cmd_vel,0.0000,0.0000,,,
1790704059.963,/cmd_vel_bruto,0.0000,0.0000,,,
1790704059.976,/auto_vel_raw,0.0000,0.0000,,,
1790704060.016,odom,0.0000,0.0000,11.049,1.514,
1790704060.020,/auto_vel,0.0000,0.0000,,,
1790704060.024,/compensador_rumo/cmd_vel,0.0000,0.0000,,,
1790704060.030,/cmd_vel_bruto,0.0000,0.0000,,,
1790704060.036,/hoverboard_base_controller/cmd_vel,0.0000,0.0000,,,
1790704060.077,odom,0.0000,0.0000,11.049,1.514,
1790704060.116,/auto_vel_raw,0.0000,0.0000,,,
1790704060.119,odom,0.0000,0.0000,11.049,1.514,
1790704060.125,/auto_vel,0.0000,0.0000,,,
1790704060.126,/compensador_rumo/cmd_vel,0.0000,0.0000,,,
1790704060.132,/hoverboard_base_controller/cmd_vel,0.0000,0.0000,,,
1790704060.132,/cmd_vel_bruto,0.0000,0.0000,,,
1790704060.159,odom,0.0000,0.0000,11.049,1.514,
1790704060.179,odom,0.0000,0.0000,11.049,1.514,
1790704060.191,/auto_vel_raw,0.0000,0.0000,,,
1790704060.200,odom,0.0000,0.0000,11.049,1.514,
1790704060.221,odom,0.0000,0.0000,11.049,1.514,
1790704060.236,odom,0.0000,0.0000,11.049,1.514,
1790704060.250,/auto_vel_raw,0.0000,0.0000,,,
1790704060.256,odom,0.0000,0.0000,11.049,1.514,
1790704060.308,odom,0.0000,0.0000,11.049,1.514,
1790704060.317,/auto_vel_raw,0.0000,0.0000,,,
1790704060.329,odom,0.0000,0.0000,11.049,1.514,
1790704060.352,odom,0.0000,0.0000,11.049,1.514,
1790704060.376,/auto_vel_raw,0.0000,0.0000,,,
1790704060.377,odom,0.0000,0.0000,11.049,1.514,
1790704060.431,odom,0.0000,0.0000,11.049,1.514,
1790704060.478,odom,0.0000,0.0000,11.049,1.514,
1790704060.527,/auto_vel_raw,0.0000,0.0000,,,
1790704060.562,odom,0.0000,0.0000,11.049,1.514,
1790704060.656,odom,0.0000,0.0000,11.049,1.514,
1790704060.751,odom,0.0000,0.0000,11.049,1.514,
1790704060.757,/auto_vel_raw,0.0000,0.0000,,,
1790704060.859,odom,0.0000,0.0000,11.049,1.514,
1790704060.959,odom,0.0000,0.0000,11.049,1.514,
1790704061.005,/auto_vel_raw,0.0000,0.0000,,,
1790704061.054,odom,0.0000,0.0000,11.049,1.514,
1790704061.148,odom,0.0000,0.0000,11.049,1.514,
1790704061.249,/auto_vel_raw,0.0000,0.0000,,,
1790704061.255,odom,0.0000,0.0000,11.049,1.514,
1790704061.338,odom,0.0000,0.0000,11.049,1.514,
1790704061.385,odom,0.0000,0.0000,11.049,1.514,
1790704061.427,/auto_vel_raw,0.0000,0.0000,,,
1790704061.442,odom,0.0000,0.0000,11.049,1.514,
1790704061.492,odom,0.0000,0.0000,11.049,1.514,
1790704061.534,odom,0.0000,0.0000,11.049,1.514,
1790704061.557,/auto_vel_raw,0.0000,0.0000,,,
1790704061.581,odom,0.0000,0.0000,11.049,1.514,
1790704061.640,odom,0.0000,0.0000,11.049,1.514,
1790704061.656,/auto_vel_raw,0.0000,0.0000,,,
1790704061.677,odom,0.0000,0.0000,11.049,1.514,
1790704061.723,odom,0.0000,0.0000,11.049,1.514,
1790704061.772,odom,0.0000,0.0000,11.049,1.514,
1790704061.785,/auto_vel_raw,0.0000,0.0000,,,
1790704061.820,odom,0.0000,0.0000,11.049,1.514,
1790704061.867,odom,0.0000,0.0000,11.049,1.514,
1790704061.892,/auto_vel_raw,0.0000,0.0000,,,
1790704061.939,odom,0.0000,0.0000,11.049,1.514,
1790704062.015,odom,0.0000,0.0000,11.049,1.514,
1790704062.031,odom,0.0000,0.0000,11.049,1.514,
1790704062.035,/auto_vel_raw,0.0000,0.0000,,,
1790704062.062,odom,0.0000,0.0000,11.049,1.514,
1790704062.083,odom,0.0000,0.0000,11.049,1.514,
1790704062.094,/auto_vel_raw,0.0000,0.0000,,,
1790704062.104,odom,0.0000,0.0000,11.049,1.514,
1790704062.142,odom,0.0000,0.0000,11.049,1.514,
1790704062.160,odom,0.0000,0.0000,11.049,1.514,
1790704062.174,/auto_vel_raw,0.0000,0.0000,,,
1790704062.180,odom,0.0000,0.0000,11.049,1.514,
1790704062.229,odom,0.0000,0.0000,11.049,1.514,
1790704062.251,/auto_vel_raw,0.0000,0.0000,,,
1790704062.282,odom,0.0000,0.0000,11.049,1.514,
1790704062.389,/auto_vel_raw,0.0000,0.0000,,,
1790704062.390,odom,0.0000,0.0000,11.049,1.514,
1790704062.392,odom,0.0000,0.0000,11.049,1.514,
1790704062.408,odom,0.0000,0.0000,11.049,1.514,
1790704062.418,odom,0.0000,0.0000,11.049,1.514,
1790704062.436,/auto_vel_raw,0.0000,0.0000,,,
1790704062.444,odom,0.0000,0.0000,11.049,1.514,
1790704062.465,odom,0.0000,0.0000,11.049,1.514,
1790704062.489,/auto_vel_raw,0.0000,0.0000,,,
1790704062.492,odom,0.0000,0.0000,11.049,1.514,
1790704062.505,odom,0.0000,0.0000,11.049,1.514,
1790704062.523,odom,0.0000,0.0000,11.049,1.514,
1790704062.551,/auto_vel_raw,0.0000,0.0000,,,
1790704062.551,odom,0.0000,0.0000,11.049,1.514,
1790704062.588,odom,0.0000,0.0000,11.049,1.514,
1790704062.610,/auto_vel_raw,0.0000,0.0000,,,
1790704062.610,odom,0.0000,0.0000,11.049,1.514,
1790704062.626,odom,0.0000,0.0000,11.049,1.514,
1790704062.651,odom,0.0000,0.0000,11.049,1.514,
1790704062.665,/auto_vel_raw,0.0000,0.0000,,,
1790704062.669,odom,0.0000,0.0000,11.049,1.514,
1790704062.694,odom,0.0000,0.0000,11.049,1.514,
1790704062.717,odom,0.0000,0.0000,11.049,1.514,
1790704062.732,/auto_vel_raw,0.0000,0.0000,,,
1790704062.745,odom,0.0000,0.0000,11.049,1.514,
1790704062.750,odom,0.0000,0.0000,11.049,1.514,
1790704062.766,/auto_vel_raw,0.0000,0.0000,,,
1790704062.773,odom,0.0000,0.0000,11.049,1.514,
1790704062.841,odom,0.0000,0.0000,11.049,1.514,
1790704062.921,/auto_vel_raw,0.0000,0.0000,,,
1790704062.927,odom,0.0000,0.0000,11.049,1.514,
1790704062.965,odom,0.0000,0.0000,11.049,1.514,
1790704063.008,odom,0.0000,0.0000,11.049,1.514,
1790704063.021,odom,0.0000,0.0000,11.049,1.514,
1790704063.026,/auto_vel_raw,0.0000,0.0000,,,
1790704063.039,odom,0.0000,0.0000,11.049,1.514,
1790704063.056,odom,0.0000,0.0000,11.049,1.514,
1790704063.061,/auto_vel_raw,0.0000,0.0000,,,
1790704063.062,odom,0.0000,0.0000,11.049,1.514,
1790704063.078,odom,0.0000,0.0000,11.049,1.514,
1790704063.088,/auto_vel_raw,0.0000,0.0000,,,
1790704063.102,odom,0.0000,0.0000,11.049,1.514,
1790704063.121,odom,0.0000,0.0000,11.049,1.514,
1790704063.144,odom,0.0000,0.0000,11.049,1.514,
1790704063.149,/auto_vel_raw,0.0000,0.0000,,,
1790704063.164,odom,0.0000,0.0000,11.049,1.514,
1790704063.182,odom,0.0000,0.0000,11.049,1.514,
1790704063.198,/auto_vel_raw,0.0000,0.0000,,,
1790704063.203,odom,0.0000,0.0000,11.049,1.514,
1790704063.226,odom,0.0000,0.0000,11.049,1.514,
1790704063.249,odom,0.0000,0.0000,11.049,1.514,
1790704063.251,/auto_vel_raw,0.0000,0.0000,,,
1790704063.294,odom,0.0000,0.0000,11.049,1.514,
1790704063.324,odom,0.0000,0.0000,11.049,1.514,
1790704063.335,/auto_vel_raw,0.0000,0.0000,,,
1790704063.348,odom,0.0000,0.0000,11.049,1.514,
1790704063.381,odom,0.0000,0.0000,11.049,1.514,
1790704063.419,odom,0.0000,0.0000,11.049,1.514,
1790704063.431,/auto_vel_raw,0.0000,0.0000,,,
1790704063.448,odom,0.0000,0.0000,11.049,1.514,
1790704063.478,odom,0.0000,0.0000,11.049,1.514,
1790704063.510,/auto_vel_raw,0.0000,0.0000,,,
1790704063.530,odom,0.0000,0.0000,11.049,1.514,
1790704063.574,odom,0.0000,0.0000,11.049,1.514,
1790704063.597,odom,0.0000,0.0000,11.049,1.514,
1790704063.600,/auto_vel_raw,0.0000,0.0000,,,
1790704063.631,odom,0.0000,0.0000,11.049,1.514,
1790704063.664,odom,0.0000,0.0000,11.049,1.514,
1790704063.687,/auto_vel_raw,0.0000,0.0000,,,
1790704063.700,odom,0.0000,0.0000,11.049,1.514,
1790704063.741,odom,0.0000,0.0000,11.049,1.514,
1790704063.772,/auto_vel_raw,0.0000,0.0000,,,
1790704063.773,odom,0.0000,0.0000,11.049,1.514,
1790704063.815,odom,0.0000,0.0000,11.049,1.514,
1790704063.848,odom,0.0000,0.0000,11.049,1.514,
1790704063.863,/auto_vel_raw,0.0000,0.0000,,,
1790704063.870,odom,0.0000,0.0000,11.049,1.514,
1790704063.896,odom,0.0000,0.0000,11.049,1.514,
1790704063.920,/auto_vel_raw,0.0000,0.0000,,,
1790704063.920,odom,0.0000,0.0000,11.049,1.514,
1790704063.978,odom,0.0000,0.0000,11.049,1.514,
1790704064.021,odom,0.0000,0.0000,11.049,1.514,
1790704064.042,/auto_vel_raw,0.0000,0.0000,,,
1790704064.065,odom,0.0000,0.0000,11.049,1.514,
1790704064.091,odom,0.0000,0.0000,11.049,1.514,
1790704064.112,/auto_vel_raw,0.0000,0.0000,,,
1790704064.112,odom,0.0000,0.0000,11.049,1.514,
1790704064.151,odom,0.0000,0.0000,11.049,1.514,
1790704064.169,odom,0.0000,0.0000,11.049,1.514,
1790704064.189,/auto_vel_raw,0.0000,0.0000,,,
1790704064.197,odom,0.0000,0.0000,11.049,1.514,
1790704064.253,odom,0.0000,0.0000,11.049,1.514,
1790704064.298,/auto_vel_raw,0.0000,0.0000,,,
1790704064.299,odom,0.0000,0.0000,11.049,1.514,
1790704064.376,odom,0.0000,0.0000,11.049,1.514,
1790704064.402,odom,0.0000,0.0000,11.049,1.514,
1790704064.425,/auto_vel_raw,0.0000,0.0000,,,
1790704064.434,odom,0.0000,0.0000,11.049,1.514,
1790704064.464,odom,0.0000,0.0000,11.049,1.514,
1790704064.501,odom,0.0000,0.0000,11.049,1.514,
1790704064.511,/auto_vel_raw,0.0000,0.0000,,,
1790704064.533,odom,0.0000,0.0000,11.049,1.514,
1790704064.587,odom,0.0000,0.0000,11.049,1.514,
1790704064.600,/auto_vel_raw,0.0000,0.0000,,,
1790704064.617,odom,0.0000,0.0000,11.049,1.514,
1790704064.647,odom,0.0000,0.0000,11.049,1.514,
1790704064.678,odom,0.0000,0.0000,11.049,1.514,
1790704064.689,/auto_vel_raw,0.0000,0.0000,,,
1790704064.762,odom,0.0000,0.0000,11.049,1.514,
1790704064.810,odom,0.0000,0.0000,11.049,1.514,
1790704064.832,/auto_vel_raw,0.0000,0.0000,,,
1790704064.866,odom,0.0000,0.0000,11.049,1.514,
1790704064.902,odom,0.0000,0.0000,11.049,1.514,
1790704064.932,odom,0.0000,0.0000,11.049,1.514,
1790704064.934,/auto_vel_raw,0.0000,0.0000,,,
1790704065.012,odom,0.0000,0.0000,11.049,1.514,
1790704065.059,odom,0.0000,0.0000,11.049,1.514,
1790704065.098,/auto_vel_raw,0.0000,0.0000,,,
1790704065.099,odom,0.0000,0.0000,11.049,1.514,
1790704065.148,odom,0.0000,0.0000,11.049,1.514,
1790704065.192,odom,0.0000,0.0000,11.049,1.514,
1790704065.201,/auto_vel_raw,0.0000,0.0000,,,
1790704065.231,odom,0.0000,0.0000,11.049,1.514,
1790704065.249,odom,0.0000,0.0000,11.049,1.514,
1790704065.263,/auto_vel_raw,0.0000,0.0000,,,
1790704065.296,odom,0.0000,0.0000,11.049,1.514,
1790704065.324,odom,0.0000,0.0000,11.049,1.514,
1790704065.344,odom,0.0000,0.0000,11.049,1.514,
1790704065.348,/auto_vel_raw,0.0000,0.0000,,,
1790704065.393,odom,0.0000,0.0000,11.049,1.514,
1790704065.425,odom,0.0000,0.0000,11.049,1.514,
1790704065.447,/auto_vel_raw,0.0000,0.0000,,,
1790704065.473,odom,0.0000,0.0000,11.049,1.514,
1790704065.537,odom,0.0000,0.0000,11.049,1.514,
1790704065.574,odom,0.0000,0.0000,11.049,1.514,
1790704065.582,/auto_vel_raw,0.0000,0.0000,,,
1790704065.582,odom,0.0000,0.0000,11.049,1.514,
1790704065.584,odom,0.0000,0.0000,11.049,1.514,
1790704065.606,/auto_vel_raw,0.0000,0.0000,,,
1790704065.624,odom,0.0000,0.0000,11.049,1.514,
1790704065.661,odom,0.0000,0.0000,11.049,1.514,
1790704065.694,odom,0.0000,0.0000,11.049,1.514,
1790704065.696,/auto_vel_raw,0.0000,0.0000,,,
1790704065.726,odom,0.0000,0.0000,11.049,1.514,
1790704065.764,odom,0.0000,0.0000,11.049,1.514,
1790704065.786,/auto_vel_raw,0.0000,0.0000,,,
1790704065.799,odom,0.0000,0.0000,11.049,1.514,
1790704065.831,odom,0.0000,0.0000,11.049,1.514,
1790704065.866,odom,0.0000,0.0000,11.049,1.514,
1790704065.870,/auto_vel_raw,0.0000,0.0000,,,
1790704065.923,odom,0.0000,0.0000,11.049,1.514,
1790704065.967,odom,0.0000,0.0000,11.049,1.514,
1790704065.986,/auto_vel_raw,0.0000,0.0000,,,
1790704065.999,odom,0.0000,0.0000,11.049,1.514,
1790704066.031,odom,0.0000,0.0000,11.049,1.514,
1790704066.061,/auto_vel_raw,0.0000,0.0000,,,
1790704066.062,odom,0.0000,0.0000,11.049,1.514,
1790704066.111,odom,0.0000,0.0000,11.049,1.514,
1790704066.154,odom,0.0000,0.0000,11.049,1.514,
1790704066.169,/auto_vel_raw,0.0000,0.0000,,,
1790704066.182,odom,0.0000,0.0000,11.049,1.514,
1790704066.219,odom,0.0000,0.0000,11.049,1.514,
1790704066.291,odom,0.0000,0.0000,11.049,1.514,
1790704066.293,/auto_vel_raw,0.0000,0.0000,,,
1790704066.339,odom,0.0000,0.0000,11.049,1.514,
1790704066.371,odom,0.0000,0.0000,11.049,1.514,
1790704066.386,/auto_vel_raw,0.0000,0.0000,,,
1790704066.407,odom,0.0000,0.0000,11.049,1.514,
1790704066.444,odom,0.0000,0.0000,11.049,1.514,
1790704066.473,odom,0.0000,0.0000,11.049,1.514,
1790704066.474,/auto_vel_raw,0.0000,0.0000,,,
1790704066.512,odom,0.0000,0.0000,11.049,1.514,
1790704066.561,odom,0.0000,0.0000,11.049,1.514,
1790704066.586,/auto_vel_raw,0.0000,0.0000,,,
1790704066.601,odom,0.0000,0.0000,11.049,1.514,
1790704066.655,odom,0.0000,0.0000,11.049,1.514,
1790704066.702,odom,0.0000,0.0000,11.049,1.514,
1790704066.705,/auto_vel_raw,0.0000,0.0000,,,
1790704066.762,odom,0.0000,0.0000,11.049,1.514,
1790704066.801,odom,0.0000,0.0000,11.049,1.514,
1790704066.851,/auto_vel_raw,0.0000,0.0000,,,
1790704066.861,odom,0.0000,0.0000,11.049,1.514,
1790704066.897,odom,0.0000,0.0000,11.049,1.514,
1790704066.933,/auto_vel_raw,0.0000,0.0000,,,
1790704066.934,odom,0.0000,0.0000,11.049,1.514,
1790704066.968,odom,0.0000,0.0000,11.049,1.514,
1790704067.009,odom,0.0000,0.0000,11.049,1.514,
1790704067.026,/auto_vel_raw,0.0000,0.0000,,,
1790704067.044,odom,0.0000,0.0000,11.049,1.514,
1790704067.078,odom,0.0000,0.0000,11.049,1.514,
1790704067.121,/auto_vel_raw,0.0000,0.0000,,,
1790704067.122,odom,0.0000,0.0000,11.049,1.514,
1790704067.151,odom,0.0000,0.0000,11.049,1.514,
1790704067.185,odom,0.0000,0.0000,11.049,1.514,
1790704067.203,/auto_vel_raw,0.0000,0.0000,,,
1790704067.223,odom,0.0000,0.0000,11.049,1.514,
1790704067.262,odom,0.0000,0.0000,11.049,1.514,
1790704067.308,/auto_vel_raw,0.0000,0.0000,,,
1790704067.309,odom,0.0000,0.0000,11.049,1.514,
1790704067.357,odom,0.0000,0.0000,11.049,1.514,
1790704067.392,odom,0.0000,0.0000,11.049,1.514,
1790704067.418,/auto_vel_raw,0.0000,0.0000,,,
1790704067.435,odom,0.0000,0.0000,11.049,1.514,
1790704067.467,odom,0.0000,0.0000,11.049,1.514,
1790704067.507,/auto_vel_raw,0.0000,0.0000,,,
1790704067.508,odom,0.0000,0.0000,11.049,1.514,
1790704067.564,odom,0.0000,0.0000,11.049,1.514,
1790704067.610,odom,0.0000,0.0000,11.049,1.514,
1790704067.628,/auto_vel_raw,0.0000,0.0000,,,
1790704067.642,odom,0.0000,0.0000,11.049,1.514,
1790704067.680,odom,0.0000,0.0000,11.049,1.514,
1790704067.712,odom,0.0000,0.0000,11.049,1.514,
1790704067.716,/auto_vel_raw,0.0000,0.0000,,,
1790704067.752,odom,0.0000,0.0000,11.049,1.514,
1790704067.801,odom,0.0000,0.0000,11.049,1.514,
1790704067.820,/auto_vel_raw,0.0000,0.0000,,,
1790704067.835,odom,0.0000,0.0000,11.049,1.514,
1790704067.863,odom,0.0000,0.0000,11.049,1.514,
1790704067.907,odom,0.0000,0.0000,11.049,1.514,
1790704067.909,/auto_vel_raw,0.0000,0.0000,,,
1790704067.973,odom,0.0000,0.0000,11.049,1.514,
1790704068.006,odom,0.0000,0.0000,11.049,1.514,
1790704068.019,/auto_vel_raw,0.0000,0.0000,,,
1790704068.044,odom,0.0000,0.0000,11.049,1.514,
1790704068.109,odom,0.0000,0.0000,11.049,1.514,
1790704068.147,odom,0.0000,0.0000,11.049,1.514,
1790704068.149,/auto_vel_raw,0.0000,0.0000,,,
1790704068.174,odom,0.0000,0.0000,11.049,1.514,
1790704068.213,odom,0.0000,0.0000,11.049,1.514,
1790704068.238,/auto_vel_raw,0.0000,0.0000,,,
1790704068.268,odom,0.0000,0.0000,11.049,1.514,
1790704068.309,odom,0.0000,0.0000,11.049,1.514,
1790704068.339,odom,0.0000,0.0000,11.049,1.514,
1790704068.346,/auto_vel_raw,0.0000,0.0000,,,
1790704068.387,odom,0.0000,0.0000,11.049,1.514,
1790704068.457,odom,0.0000,0.0000,11.049,1.514,
1790704068.476,/auto_vel_raw,0.0000,0.0000,,,
1790704068.495,odom,0.0000,0.0000,11.049,1.514,
1790704068.548,odom,0.0000,0.0000,11.049,1.514,
1790704068.592,/auto_vel_raw,0.0000,0.0000,,,
1790704068.593,odom,0.0000,0.0000,11.049,1.514,
1790704068.622,odom,0.0000,0.0000,11.049,1.514,
1790704068.687,odom,0.0000,0.0000,11.049,1.514,
1790704068.704,/auto_vel_raw,0.0000,0.0000,,,
1790704068.719,odom,0.0000,0.0000,11.049,1.514,
1790704068.757,odom,0.0000,0.0000,11.049,1.514,
1790704068.822,/auto_vel_raw,0.0000,0.0000,,,
1790704068.826,odom,0.0000,0.0000,11.049,1.514,
1790704068.880,odom,0.0000,0.0000,11.049,1.514,
1790704068.919,odom,0.0000,0.0000,11.049,1.514,
1790704068.942,/auto_vel_raw,0.0000,0.0000,,,
1790704068.972,odom,0.0000,0.0000,11.049,1.514,
1790704069.004,odom,0.0000,0.0000,11.049,1.514,
1790704069.036,odom,0.0000,0.0000,11.049,1.514,
1790704069.037,/auto_vel_raw,0.0000,0.0000,,,
1790704069.073,odom,0.0000,0.0000,11.049,1.514,
1790704069.109,odom,0.0000,0.0000,11.049,1.514,
1790704069.147,/auto_vel_raw,0.0000,0.0000,,,
1790704069.173,odom,0.0000,0.0000,11.049,1.514,
1790704069.220,odom,0.0000,0.0000,11.049,1.514,
1790704069.263,odom,0.0000,0.0000,11.049,1.514,
1790704069.264,/auto_vel_raw,0.0000,0.0000,,,
1790704069.293,odom,0.0000,0.0000,11.049,1.514,
1790704069.332,odom,0.0000,0.0000,11.049,1.514,
1790704069.352,/auto_vel_raw,0.0000,0.0000,,,
1790704069.374,odom,0.0000,0.0000,11.049,1.514,
1790704069.420,odom,0.0000,0.0000,11.049,1.514,
1790704069.457,odom,0.0000,0.0000,11.049,1.514,
1790704069.463,/auto_vel_raw,0.0000,0.0000,,,
1790704069.499,odom,0.0000,0.0000,11.049,1.514,
1790704069.534,odom,0.0000,0.0000,11.049,1.514,
1790704069.551,/auto_vel_raw,0.0000,0.0000,,,
1790704069.564,odom,0.0000,0.0000,11.049,1.514,
1790704069.597,odom,0.0000,0.0000,11.049,1.514,
1790704069.635,/auto_vel_raw,0.0000,0.0000,,,
1790704069.635,odom,0.0000,0.0000,11.049,1.514,
1790704069.677,odom,0.0000,0.0000,11.049,1.514,
1790704069.703,odom,0.0000,0.0000,11.049,1.514,
1790704069.724,/auto_vel_raw,0.0000,0.0000,,,
1790704069.746,odom,0.0000,0.0000,11.049,1.514,
1790704069.797,odom,0.0000,0.0000,11.049,1.514,
1790704069.828,/auto_vel_raw,0.0000,0.0000,,,
1790704069.828,odom,0.0000,0.0000,11.049,1.514,
1790704069.872,odom,0.0000,0.0000,11.049,1.514,
1790704069.904,odom,0.0000,0.0000,11.049,1.514,
1790704069.922,/auto_vel_raw,0.0000,0.0000,,,
1790704069.942,odom,0.0000,0.0000,11.049,1.514,
1790704069.970,odom,0.0000,0.0000,11.049,1.514,
1790704069.994,/auto_vel_raw,0.0000,0.0000,,,
1790704069.995,odom,0.0000,0.0000,11.049,1.514,
1790704070.018,odom,0.0000,0.0000,11.049,1.514,
1790704070.047,odom,0.0000,0.0000,11.049,1.514,
1790704070.064,/auto_vel_raw,0.0000,0.0000,,,
1790704070.080,odom,0.0000,0.0000,11.049,1.514,
1790704070.123,odom,0.0000,0.0000,11.049,1.514,
1790704070.148,odom,0.0000,0.0000,11.049,1.514,
1790704070.150,/auto_vel_raw,0.0000,0.0000,,,
1790704070.185,odom,0.0000,0.0000,11.049,1.514,
1790704070.216,odom,0.0000,0.0000,11.049,1.514,
1790704070.238,/auto_vel_raw,0.0000,0.0000,,,
1790704070.260,odom,0.0000,0.0000,11.049,1.514,
1790704070.301,odom,0.0000,0.0000,11.049,1.514,
1790704070.339,/auto_vel_raw,0.0000,0.0000,,,
1790704070.339,odom,0.0000,0.0000,11.049,1.514,
1790704070.381,odom,0.0000,0.0000,11.049,1.514,
1790704070.414,odom,0.0000,0.0000,11.049,1.514,
1790704070.435,/auto_vel_raw,0.0000,0.0000,,,
1790704070.453,odom,0.0000,0.0000,11.049,1.514,
1790704070.486,odom,0.0000,0.0000,11.049,1.514,
1790704070.525,/auto_vel_raw,0.0000,0.0000,,,
1790704070.526,odom,0.0000,0.0000,11.049,1.514,
1790704070.562,odom,0.0000,0.0000,11.049,1.514,
1790704070.600,odom,0.0000,0.0000,11.049,1.514,
1790704070.620,/auto_vel_raw,0.0000,0.0000,,,
1790704070.637,odom,0.0000,0.0000,11.049,1.514,
1790704070.666,odom,0.0000,0.0000,11.049,1.514,
1790704070.719,/auto_vel_raw,0.0000,0.0000,,,
1790704070.720,odom,0.0000,0.0000,11.049,1.514,
1790704070.749,odom,0.0000,0.0000,11.049,1.514,
1790704070.783,odom,0.0000,0.0000,11.049,1.514,
1790704070.799,/auto_vel_raw,0.0000,0.0000,,,
1790704070.826,odom,0.0000,0.0000,11.049,1.514,
1790704070.871,odom,0.0000,0.0000,11.049,1.514,
1790704070.917,odom,0.0000,0.0000,11.049,1.514,
1790704070.919,/auto_vel_raw,0.0000,0.0000,,,
1790704070.952,odom,0.0000,0.0000,11.049,1.514,
1790704070.990,odom,0.0000,0.0000,11.049,1.514,
1790704071.006,/auto_vel_raw,0.0000,0.0000,,,
1790704071.024,odom,0.0000,0.0000,11.049,1.514,
1790704071.056,odom,0.0000,0.0000,11.049,1.514,
1790704071.092,/auto_vel_raw,0.0000,0.0000,,,
1790704071.093,odom,0.0000,0.0000,11.049,1.514,
1790704071.132,odom,0.0000,0.0000,11.049,1.514,
1790704071.181,odom,0.0000,0.0000,11.049,1.514,
1790704071.204,/auto_vel_raw,0.0000,0.0000,,,
1790704071.228,odom,0.0000,0.0000,11.049,1.514,
1790704071.278,odom,0.0000,0.0000,11.049,1.514,
1790704071.316,/auto_vel_raw,0.0000,0.0000,,,
1790704071.316,odom,0.0000,0.0000,11.049,1.514,
1790704071.360,odom,0.0000,0.0000,11.049,1.514,
1790704071.390,odom,0.0000,0.0000,11.049,1.514,
1790704071.409,/auto_vel_raw,0.0000,0.0000,,,
1790704071.421,odom,0.0000,0.0000,11.049,1.514,
1790704071.451,odom,0.0000,0.0000,11.049,1.514,
1790704071.477,odom,0.0000,0.0000,11.049,1.514,
1790704071.479,/auto_vel_raw,0.0000,0.0000,,,
1790704071.508,odom,0.0000,0.0000,11.049,1.514,
1790704071.540,odom,0.0000,0.0000,11.049,1.514,
1790704071.562,/auto_vel_raw,0.0000,0.0000,,,
1790704071.578,odom,0.0000,0.0000,11.049,1.514,
1790704071.611,odom,0.0000,0.0000,11.049,1.514,
1790704071.647,odom,0.0000,0.0000,11.049,1.514,
1790704071.649,/auto_vel_raw,0.0000,0.0000,,,
1790704071.681,odom,0.0000,0.0000,11.049,1.514,
1790704071.723,odom,0.0000,0.0000,11.049,1.514,
1790704071.737,/auto_vel_raw,0.0000,0.0000,,,
1790704071.753,odom,0.0000,0.0000,11.049,1.514,
1790704071.784,odom,0.0000,0.0000,11.049,1.514,
1790704071.816,/auto_vel_raw,0.0000,0.0000,,,
1790704071.817,odom,0.0000,0.0000,11.049,1.514,
1790704071.854,odom,0.0000,0.0000,11.049,1.514,
1790704071.880,odom,0.0000,0.0000,11.049,1.514,
1790704071.902,/auto_vel_raw,0.0000,0.0000,,,
1790704071.913,odom,0.0000,0.0000,11.049,1.514,
1790704071.947,odom,0.0000,0.0000,11.049,1.514,
1790704071.983,/auto_vel_raw,0.0000,0.0000,,,
1790704071.985,odom,0.0000,0.0000,11.049,1.514,
1790704072.022,odom,0.0000,0.0000,11.049,1.514,
1790704072.051,odom,0.0000,0.0000,11.049,1.514,
1790704072.071,/auto_vel_raw,0.0000,0.0000,,,
1790704072.086,odom,0.0000,0.0000,11.049,1.514,
1790704072.137,odom,0.0000,0.0000,11.049,1.514,
1790704072.175,/auto_vel_raw,0.0000,0.0000,,,
1790704072.175,odom,0.0000,0.0000,11.049,1.514,
1790704072.218,odom,0.0000,0.0000,11.049,1.514,
1790704072.280,odom,0.0000,0.0000,11.049,1.514,
1790704072.301,/auto_vel_raw,0.0000,0.0000,,,
1790704072.317,odom,0.0000,0.0000,11.049,1.514,
1790704072.346,odom,0.0000,0.0000,11.049,1.514,
1790704072.392,odom,0.0000,0.0000,11.049,1.514,
1790704072.397,/auto_vel_raw,0.0000,0.0000,,,
1790704072.447,odom,0.0000,0.0000,11.049,1.514,
1790704072.482,odom,0.0000,0.0000,11.049,1.514,
1790704072.505,/auto_vel_raw,0.0000,0.0000,,,
1790704072.518,odom,0.0000,0.0000,11.049,1.514,
1790704072.559,odom,0.0000,0.0000,11.049,1.514,
1790704072.593,odom,0.0000,0.0000,11.049,1.514,
1790704072.596,/auto_vel_raw,0.0000,0.0000,,,
1790704072.633,odom,0.0000,0.0000,11.049,1.514,
1790704072.659,odom,0.0000,0.0000,11.049,1.514,
1790704072.684,/auto_vel_raw,0.0000,0.0000,,,
1790704072.699,odom,0.0000,0.0000,11.049,1.514,
1790704072.759,odom,0.0000,0.0000,11.049,1.514,
1790704072.790,odom,0.0000,0.0000,11.049,1.514,
1790704072.792,/auto_vel_raw,0.0000,0.0000,,,
1790704072.824,odom,0.0000,0.0000,11.049,1.514,
1790704072.859,odom,0.0000,0.0000,11.049,1.514,
1790704072.874,/auto_vel_raw,0.0000,0.0000,,,
1790704072.888,odom,0.0000,0.0000,11.049,1.514,
1790704072.917,odom,0.0000,0.0000,11.049,1.514,
1790704072.976,/auto_vel_raw,0.0000,0.0000,,,
1790704072.976,odom,0.0000,0.0000,11.049,1.514,
1790704073.022,odom,0.0000,0.0000,11.049,1.514,
1790704073.055,odom,0.0000,0.0000,11.049,1.514,
1790704073.072,/auto_vel_raw,0.0000,0.0000,,,
1790704073.086,odom,0.0000,0.0000,11.049,1.514,
1790704073.121,odom,0.0000,0.0000,11.049,1.514,
1790704073.161,/auto_vel_raw,0.0000,0.0000,,,
1790704073.163,odom,0.0000,0.0000,11.049,1.514,
1790704073.194,odom,0.0000,0.0000,11.049,1.514,
1790704073.233,odom,0.0000,0.0000,11.049,1.514,
1790704073.266,/auto_vel_raw,0.0000,0.0000,,,
1790704073.280,odom,0.0000,0.0000,11.049,1.514,
1790704073.319,odom,0.0000,0.0000,11.049,1.514,
1790704073.354,/auto_vel_raw,0.0000,0.0000,,,
1790704073.357,odom,0.0000,0.0000,11.049,1.514,
1790704073.397,odom,0.0000,0.0000,11.049,1.514,
1790704073.461,odom,0.0000,0.0000,11.049,1.514,
1790704073.481,/auto_vel_raw,0.0000,0.0000,,,
1790704073.514,odom,0.0000,0.0000,11.049,1.514,
1790704073.570,odom,0.0000,0.0000,11.049,1.514,
1790704073.607,/auto_vel_raw,0.0000,0.0000,,,
1790704073.607,odom,0.0000,0.0000,11.049,1.514,
1790704073.676,odom,0.0000,0.0000,11.049,1.514,
1790704073.738,odom,0.0000,0.0000,11.049,1.514,
1790704073.758,/auto_vel_raw,0.0000,0.0000,,,
1790704073.772,odom,0.0000,0.0000,11.049,1.514,
1790704073.822,odom,0.0000,0.0000,11.049,1.514,
1790704073.860,odom,0.0000,0.0000,11.049,1.514,
1790704073.862,/auto_vel_raw,0.0000,0.0000,,,
1790704073.922,odom,0.0000,0.0000,11.049,1.514,
1790704073.963,odom,0.0000,0.0000,11.049,1.514,
1790704073.983,/auto_vel_raw,0.0000,0.0000,,,
1790704074.003,odom,0.0000,0.0000,11.049,1.514,
1790704074.032,odom,0.0000,0.0000,11.049,1.514,
1790704074.063,/auto_vel_raw,0.0000,0.0000,,,
1790704074.063,odom,0.0000,0.0000,11.049,1.514,
1790704074.107,odom,0.0000,0.0000,11.049,1.514,
1790704074.146,odom,0.0000,0.0000,11.049,1.514,
1790704074.160,/auto_vel_raw,0.0000,0.0000,,,
1790704074.173,odom,0.0000,0.0000,11.049,1.514,
1790704074.201,odom,0.0000,0.0000,11.049,1.514,
1790704074.231,/auto_vel_raw,0.0000,0.0000,,,
1790704074.234,odom,0.0000,0.0000,11.049,1.514,
1790704074.267,odom,0.0000,0.0000,11.049,1.514,
1790704074.300,odom,0.0000,0.0000,11.049,1.514,
1790704074.319,/auto_vel_raw,0.0000,0.0000,,,
1790704074.341,odom,0.0000,0.0000,11.049,1.514,
1790704074.376,odom,0.0000,0.0000,11.049,1.514,
1790704074.416,odom,0.0000,0.0000,11.049,1.514,
1790704074.419,/auto_vel_raw,0.0000,0.0000,,,
1790704074.450,odom,0.0000,0.0000,11.049,1.514,
1790704074.479,odom,0.0000,0.0000,11.049,1.514,
1790704074.492,/auto_vel_raw,0.0000,0.0000,,,
1790704074.516,odom,0.0000,0.0000,11.049,1.514,
1790704074.557,odom,0.0000,0.0000,11.049,1.514,
1790704074.603,odom,0.0000,0.0000,11.049,1.514,
1790704074.605,/auto_vel_raw,0.0000,0.0000,,,
1790704074.662,odom,0.0000,0.0000,11.049,1.514,
1790704074.729,odom,0.0000,0.0000,11.049,1.514,
1790704074.745,/auto_vel_raw,0.0000,0.0000,,,
1790704074.763,odom,0.0000,0.0000,11.049,1.514,
1790704074.819,odom,0.0000,0.0000,11.049,1.514,
1790704074.875,/auto_vel_raw,0.0000,0.0000,,,
1790704074.881,odom,0.0000,0.0000,11.049,1.514,
1790704074.937,odom,0.0000,0.0000,11.049,1.514,
1790704074.975,odom,0.0000,0.0000,11.049,1.514,
1790704075.002,/auto_vel_raw,0.0000,0.0000,,,
1790704075.026,odom,0.0000,0.0000,11.049,1.514,
1790704075.099,odom,0.0000,0.0000,11.049,1.514,
1790704075.146,odom,0.0000,0.0000,11.049,1.514,
1790704075.148,/auto_vel_raw,0.0000,0.0000,,,
1790704075.180,odom,0.0000,0.0000,11.049,1.514,
1790704075.212,odom,0.0000,0.0000,11.049,1.514,
1790704075.227,/auto_vel_raw,0.0000,0.0000,,,
1790704075.241,odom,0.0000,0.0000,11.049,1.514,
1790704075.274,odom,0.0000,0.0000,11.049,1.514,
1790704075.316,/auto_vel_raw,0.0000,0.0000,,,
1790704075.317,odom,0.0000,0.0000,11.049,1.514,
1790704075.353,odom,0.0000,0.0000,11.049,1.514,
1790704075.391,odom,0.0000,0.0000,11.049,1.514,
1790704075.423,/auto_vel_raw,0.0000,0.0000,,,
1790704075.446,odom,0.0000,0.0000,11.049,1.514,
1790704075.513,odom,0.0000,0.0000,11.049,1.514,
1790704075.578,odom,0.0000,0.0000,11.049,1.514,
1790704075.588,/auto_vel_raw,0.0000,0.0000,,,
1790704075.635,odom,0.0000,0.0000,11.049,1.514,
1790704075.696,odom,0.0000,0.0000,11.049,1.514,
1790704075.731,/auto_vel_raw,0.0000,0.0000,,,
1790704075.744,odom,0.0000,0.0000,11.049,1.514,
1790704075.770,odom,0.0000,0.0000,11.049,1.514,
1790704075.804,odom,0.0000,0.0000,11.049,1.514,
1790704075.810,/auto_vel_raw,0.0000,0.0000,,,
1790704075.850,odom,0.0000,0.0000,11.049,1.514,
1790704075.905,odom,0.0000,0.0000,11.049,1.514,
1790704075.925,/auto_vel_raw,0.0000,0.0000,,,
1790704075.939,odom,0.0000,0.0000,11.049,1.514,
1790704075.979,odom,0.0000,0.0000,11.049,1.514,
1790704076.049,odom,0.0000,0.0000,11.049,1.514,
1790704076.063,/auto_vel_raw,0.0000,0.0000,,,
1790704076.103,odom,0.0000,0.0000,11.049,1.514,
1790704076.131,odom,0.0000,0.0000,11.049,1.514,
1790704076.148,/auto_vel_raw,0.0000,0.0000,,,
1790704076.163,odom,0.0000,0.0000,11.049,1.514,
1790704076.199,odom,0.0000,0.0000,11.049,1.514,
1790704076.240,/auto_vel_raw,0.0000,0.0000,,,
1790704076.241,odom,0.0000,0.0000,11.049,1.514,
1790704076.279,odom,0.0000,0.0000,11.049,1.514,
1790704076.308,odom,0.0000,0.0000,11.049,1.514,
1790704076.331,/auto_vel_raw,0.0000,0.0000,,,
1790704076.346,odom,0.0000,0.0000,11.049,1.514,
1790704076.421,odom,0.0000,0.0000,11.049,1.514,
1790704076.453,odom,0.0000,0.0000,11.049,1.514,
1790704076.459,/auto_vel_raw,0.0000,0.0000,,,
1790704076.488,odom,0.0000,0.0000,11.049,1.514,
1790704076.519,odom,0.0000,0.0000,11.049,1.514,
1790704076.539,/auto_vel_raw,0.0000,0.0000,,,
1790704076.557,odom,0.0000,0.0000,11.049,1.514,
1790704076.601,odom,0.0000,0.0000,11.049,1.514,
1790704076.643,odom,0.0000,0.0000,11.049,1.514,
1790704076.645,/auto_vel_raw,0.0000,0.0000,,,
1790704076.681,odom,0.0000,0.0000,11.049,1.514,
1790704076.722,odom,0.0000,0.0000,11.049,1.514,
1790704076.737,/auto_vel_raw,0.0000,0.0000,,,
1790704076.754,odom,0.0000,0.0000,11.049,1.514,
1790704076.795,odom,0.0000,0.0000,11.049,1.514,
1790704076.832,odom,0.0000,0.0000,11.049,1.514,
1790704076.837,/auto_vel_raw,0.0000,0.0000,,,
1790704076.871,odom,0.0000,0.0000,11.049,1.514,
1790704076.914,odom,0.0000,0.0000,11.049,1.514,
1790704076.932,/auto_vel_raw,0.0000,0.0000,,,
1790704076.939,odom,0.0000,0.0000,11.049,1.514,
1790704076.980,odom,0.0000,0.0000,11.049,1.514,
1790704077.028,odom,0.0000,0.0000,11.049,1.514,
1790704077.032,/auto_vel_raw,0.0000,0.0000,,,
1790704077.063,odom,0.0000,0.0000,11.049,1.514,
1790704077.097,odom,0.0000,0.0000,11.049,1.514,
1790704077.116,/auto_vel_raw,0.0000,0.0000,,,
1790704077.137,odom,0.0000,0.0000,11.049,1.514,
1790704077.166,odom,0.0000,0.0000,11.049,1.514,
1790704077.199,/auto_vel_raw,0.0000,0.0000,,,
1790704077.201,odom,0.0000,0.0000,11.049,1.514,
1790704077.234,odom,0.0000,0.0000,11.049,1.514,
1790704077.277,odom,0.0000,0.0000,11.049,1.514,
1790704077.294,/auto_vel_raw,0.0000,0.0000,,,
1790704077.309,odom,0.0000,0.0000,11.049,1.514,
1790704077.345,odom,0.0000,0.0000,11.049,1.514,
1790704077.373,/auto_vel_raw,0.0000,0.0000,,,
1790704077.375,odom,0.0000,0.0000,11.049,1.514,
1790704077.421,odom,0.0000,0.0000,11.049,1.514,
1790704077.451,odom,0.0000,0.0000,11.049,1.514,
1790704077.473,/auto_vel_raw,0.0000,0.0000,,,
1790704077.487,odom,0.0000,0.0000,11.049,1.514,
1790704077.520,odom,0.0000,0.0000,11.049,1.514,
1790704077.555,/auto_vel_raw,0.0000,0.0000,,,
1790704077.556,odom,0.0000,0.0000,11.049,1.514,
1790704077.594,odom,0.0000,0.0000,11.049,1.514,
1790704077.632,odom,0.0000,0.0000,11.049,1.514,
1790704077.647,/auto_vel_raw,0.0000,0.0000,,,
1790704077.666,odom,0.0000,0.0000,11.049,1.514,
1790704077.720,odom,0.0000,0.0000,11.049,1.514,
1790704077.765,odom,0.0000,0.0000,11.049,1.514,
1790704077.767,/auto_vel_raw,0.0000,0.0000,,,
1790704077.801,odom,0.0000,0.0000,11.049,1.514,
1790704077.837,odom,0.0000,0.0000,11.049,1.514,
1790704077.850,/auto_vel_raw,0.0000,0.0000,,,
1790704077.864,odom,0.0000,0.0000,11.049,1.514,
1790704077.895,odom,0.0000,0.0000,11.049,1.514,
1790704077.940,odom,0.0000,0.0000,11.049,1.514,
1790704077.944,/auto_vel_raw,0.0000,0.0000,,,
1790704077.980,odom,0.0000,0.0000,11.049,1.514,
1790704078.010,odom,0.0000,0.0000,11.049,1.514,
1790704078.028,/auto_vel_raw,0.0000,0.0000,,,
1790704078.052,odom,0.0000,0.0000,11.049,1.514,
1790704078.080,odom,0.0000,0.0000,11.049,1.514,
1790704078.110,/auto_vel_raw,0.0000,0.0000,,,
1790704078.111,odom,0.0000,0.0000,11.049,1.514,
1790704078.135,odom,0.0000,0.0000,11.049,1.514,
1790704078.168,odom,0.0000,0.0000,11.049,1.514,
1790704078.186,/auto_vel_raw,0.0000,0.0000,,,
1790704078.206,odom,0.0000,0.0000,11.049,1.514,
1790704078.237,odom,0.0000,0.0000,11.049,1.514,
1790704078.276,odom,0.0000,0.0000,11.049,1.514,
1790704078.279,/auto_vel_raw,0.0000,0.0000,,,
1790704078.309,odom,0.0000,0.0000,11.049,1.514,
1790704078.345,odom,0.0000,0.0000,11.049,1.514,
1790704078.368,/auto_vel_raw,0.0000,0.0000,,,
1790704078.381,odom,0.0000,0.0000,11.049,1.514,
1790704078.438,odom,0.0000,0.0000,11.049,1.514,
1790704078.486,odom,0.0000,0.0000,11.049,1.514,
1790704078.487,/auto_vel_raw,0.0000,0.0000,,,
1790704078.530,odom,0.0000,0.0000,11.049,1.514,
1790704078.582,odom,0.0000,0.0000,11.049,1.514,
1790704078.604,/auto_vel_raw,0.0000,0.0000,,,
1790704078.623,odom,0.0000,0.0000,11.049,1.514,
1790704078.665,odom,0.0000,0.0000,11.049,1.514,
1790704078.717,/auto_vel_raw,0.0000,0.0000,,,
1790704078.718,odom,0.0000,0.0000,11.049,1.514,
1790704078.759,odom,0.0000,0.0000,11.049,1.514,
1790704078.787,odom,0.0000,0.0000,11.049,1.514,
1790704078.808,/auto_vel_raw,0.0000,0.0000,,,
1790704078.828,odom,0.0000,0.0000,11.049,1.514,
1790704078.860,odom,0.0000,0.0000,11.049,1.514,
1790704078.892,/auto_vel_raw,0.0000,0.0000,,,
1790704078.893,odom,0.0000,0.0000,11.049,1.514,
1790704078.932,odom,0.0000,0.0000,11.049,1.514,
1790704078.963,odom,0.0000,0.0000,11.049,1.514,
1790704078.978,/auto_vel_raw,0.0000,0.0000,,,
1790704078.997,odom,0.0000,0.0000,11.049,1.514,
1790704079.034,odom,0.0000,0.0000,11.049,1.514,
1790704079.070,odom,0.0000,0.0000,11.049,1.514,
1790704079.072,/auto_vel_raw,0.0000,0.0000,,,
1790704079.103,odom,0.0000,0.0000,11.049,1.514,
1790704079.133,odom,0.0000,0.0000,11.049,1.514,
1790704079.148,/auto_vel_raw,0.0000,0.0000,,,
1790704079.170,odom,0.0000,0.0000,11.049,1.514,
1790704079.206,odom,0.0000,0.0000,11.049,1.514,
1790704079.236,/auto_vel_raw,0.0000,0.0000,,,
1790704079.236,odom,0.0000,0.0000,11.049,1.514,
1790704079.275,odom,0.0000,0.0000,11.049,1.514,
1790704079.332,odom,0.0000,0.0000,11.049,1.514,
1790704079.347,/auto_vel_raw,0.0000,0.0000,,,
1790704079.372,odom,0.0000,0.0000,11.049,1.514,
1790704079.427,odom,0.0000,0.0000,11.049,1.514,
1790704079.484,/auto_vel_raw,0.0000,0.0000,,,
1790704079.489,odom,0.0000,0.0000,11.049,1.514,
1790704079.558,odom,0.0000,0.0000,11.049,1.514,
1790704079.612,odom,0.0000,0.0000,11.049,1.514,
1790704079.637,/auto_vel_raw,0.0000,0.0000,,,
1790704079.662,odom,0.0000,0.0000,11.049,1.514,
1790704079.724,odom,0.0000,0.0000,11.049,1.514,
1790704079.763,/auto_vel_raw,0.0000,0.0000,,,
1790704079.763,odom,0.0000,0.0000,11.049,1.514,
1790704079.845,odom,0.0000,0.0000,11.049,1.514,
1790704079.890,odom,0.0000,0.0000,11.049,1.514,
1790704079.915,/auto_vel_raw,0.0000,0.0000,,,
1790704079.948,odom,0.0000,0.0000,11.049,1.514,
1790704079.999,odom,0.0000,0.0000,11.049,1.514,
1790704080.050,/auto_vel_raw,0.0000,0.0000,,,
1790704080.052,odom,0.0000,0.0000,11.049,1.514,
1790704080.108,odom,0.0000,0.0000,11.049,1.514,
1790704080.164,odom,0.0000,0.0000,11.049,1.514,
1790704080.202,/auto_vel_raw,0.0000,0.0000,,,
1790704080.235,odom,0.0000,0.0000,11.049,1.514,
1790704080.285,odom,0.0000,0.0000,11.049,1.514,
1790704080.342,odom,0.0000,0.0000,11.049,1.514,
1790704080.345,/auto_vel_raw,0.0000,0.0000,,,
1790704080.376,odom,0.0000,0.0000,11.049,1.514,
1790704080.418,odom,0.0000,0.0000,11.049,1.514,
1790704080.443,/auto_vel_raw,0.0000,0.0000,,,
1790704080.473,odom,0.0000,0.0000,11.049,1.514,
1790704080.536,odom,0.0000,0.0000,11.049,1.514,
1790704080.576,odom,0.0000,0.0000,11.049,1.514,
1790704080.579,/auto_vel_raw,0.0000,0.0000,,,
1790704080.622,odom,0.0000,0.0000,11.049,1.514,
1790704080.662,odom,0.0000,0.0000,11.049,1.514,
1790704080.688,/auto_vel_raw,0.0000,0.0000,,,
1790704080.717,odom,0.0000,0.0000,11.049,1.514,
1790704080.772,odom,0.0000,0.0000,11.049,1.514,
1790704080.808,/auto_vel_raw,0.0000,0.0000,,,
1790704080.808,odom,0.0000,0.0000,11.049,1.514,
1790704080.843,odom,0.0000,0.0000,11.049,1.514,
1790704080.904,odom,0.0000,0.0000,11.049,1.514,
1790704080.941,/auto_vel_raw,0.0000,0.0000,,,
1790704080.979,odom,0.0000,0.0000,11.049,1.514,
1790704081.045,odom,0.0000,0.0000,11.049,1.514,
1790704081.108,odom,0.0000,0.0000,11.049,1.514,
1790704081.112,/auto_vel_raw,0.0000,0.0000,,,
1790704081.138,odom,0.0000,0.0000,11.049,1.514,
1790704081.205,odom,0.0000,0.0000,11.049,1.514,
1790704081.234,/auto_vel_raw,0.0000,0.0000,,,
1790704081.257,odom,0.0000,0.0000,11.049,1.514,
1790704081.330,odom,0.0000,0.0000,11.049,1.514,
1790704081.378,/auto_vel_raw,0.0000,0.0000,,,
1790704081.380,odom,0.0000,0.0000,11.049,1.514,
1790704081.417,odom,0.0000,0.0000,11.049,1.514,
1790704081.452,odom,0.0000,0.0000,11.049,1.514,
1790704081.474,/auto_vel_raw,0.0000,0.0000,,,
1790704081.483,odom,0.0000,0.0000,11.049,1.514,
1790704081.513,odom,0.0000,0.0000,11.049,1.514,
1790704081.549,odom,0.0000,0.0000,11.049,1.514,
1790704081.555,/auto_vel_raw,0.0000,0.0000,,,
1790704081.584,odom,0.0000,0.0000,11.049,1.514,
1790704081.616,odom,0.0000,0.0000,11.049,1.514,
1790704081.639,/auto_vel_raw,0.0000,0.0000,,,
1790704081.659,odom,0.0000,0.0000,11.049,1.514,
1790704081.693,odom,0.0000,0.0000,11.049,1.514,
1790704081.734,/auto_vel_raw,0.0000,0.0000,,,
1790704081.734,odom,0.0000,0.0000,11.049,1.514,
1790704081.768,odom,0.0000,0.0000,11.049,1.514,
1790704081.804,odom,0.0000,0.0000,11.049,1.514,
1790704081.823,/auto_vel_raw,0.0000,0.0000,,,
1790704081.840,odom,0.0000,0.0000,11.049,1.514,
1790704081.871,odom,0.0000,0.0000,11.049,1.514,
1790704081.906,odom,0.0000,0.0000,11.049,1.514,
1790704081.909,/auto_vel_raw,0.0000,0.0000,,,
1790704081.970,odom,0.0000,0.0000,11.049,1.514,
1790704082.025,odom,0.0000,0.0000,11.049,1.514,
1790704082.041,/auto_vel_raw,0.0000,0.0000,,,
1790704082.054,odom,0.0000,0.0000,11.049,1.514,
1790704082.082,odom,0.0000,0.0000,11.049,1.514,
1790704082.131,/auto_vel_raw,0.0000,0.0000,,,
1790704082.138,odom,0.0000,0.0000,11.049,1.514,
1790704082.196,odom,0.0000,0.0000,11.049,1.514,
1790704082.247,odom,0.0000,0.0000,11.049,1.514,
1790704082.281,/auto_vel_raw,0.0000,0.0000,,,
1790704082.323,odom,0.0000,0.0000,11.049,1.514,
1790704082.364,odom,0.0000,0.0000,11.049,1.514,
1790704082.402,odom,0.0000,0.0000,11.049,1.514,
1790704082.409,/auto_vel_raw,0.0000,0.0000,,,
1790704082.453,odom,0.0000,0.0000,11.049,1.514,
1790704082.523,odom,0.0000,0.0000,11.049,1.514,
1790704082.559,/auto_vel_raw,0.0000,0.0000,,,
1790704082.582,odom,0.0000,0.0000,11.049,1.514,
1790704082.612,odom,0.0000,0.0000,11.049,1.514,
1790704082.650,/auto_vel_raw,0.0000,0.0000,,,
1790704082.650,odom,0.0000,0.0000,11.049,1.514,
1790704082.700,odom,0.0000,0.0000,11.049,1.514,
1790704082.764,odom,0.0000,0.0000,11.049,1.514,
1790704082.803,/auto_vel_raw,0.0000,0.0000,,,
1790704082.817,odom,0.0000,0.0000,11.049,1.514,
1790704082.871,odom,0.0000,0.0000,11.049,1.514,
1790704082.926,odom,0.0000,0.0000,11.049,1.514,
1790704082.929,/auto_vel_raw,0.0000,0.0000,,,
1790704082.973,odom,0.0000,0.0000,11.049,1.514,
1790704083.032,odom,0.0000,0.0000,11.049,1.514,
1790704083.048,/auto_vel_raw,0.0000,0.0000,,,
1790704083.067,odom,0.0000,0.0000,11.049,1.514,
1790704083.103,odom,0.0000,0.0000,11.049,1.514,
1790704083.138,/auto_vel_raw,0.0000,0.0000,,,
1790704083.139,odom,0.0000,0.0000,11.049,1.514,
1790704083.177,odom,0.0000,0.0000,11.049,1.514,
1790704083.208,odom,0.0000,0.0000,11.049,1.514,
1790704083.225,/auto_vel_raw,0.0000,0.0000,,,
1790704083.243,odom,0.0000,0.0000,11.049,1.514,
1790704083.305,odom,0.0000,0.0000,11.049,1.514,
1790704083.354,odom,0.0000,0.0000,11.049,1.514,
1790704083.356,/auto_vel_raw,0.0000,0.0000,,,
1790704083.391,odom,0.0000,0.0000,11.049,1.514,
1790704083.427,odom,0.0000,0.0000,11.049,1.514,
1790704083.440,/auto_vel_raw,0.0000,0.0000,,,
1790704083.458,odom,0.0000,0.0000,11.049,1.514,
1790704083.491,odom,0.0000,0.0000,11.049,1.514,
1790704083.524,/auto_vel_raw,0.0000,0.0000,,,
1790704083.527,odom,0.0000,0.0000,11.049,1.514,
1790704083.594,odom,0.0000,0.0000,11.049,1.514,
1790704083.634,odom,0.0000,0.0000,11.049,1.514,
1790704083.657,/auto_vel_raw,0.0000,0.0000,,,
1790704083.685,odom,0.0000,0.0000,11.049,1.514,
1790704083.722,odom,0.0000,0.0000,11.049,1.514,
1790704083.758,odom,0.0000,0.0000,11.049,1.514,
1790704083.760,/auto_vel_raw,0.0000,0.0000,,,
1790704083.798,odom,0.0000,0.0000,11.049,1.514,
1790704083.835,odom,0.0000,0.0000,11.049,1.514,
1790704083.850,/auto_vel_raw,0.0000,0.0000,,,
1790704083.871,odom,0.0000,0.0000,11.049,1.514,
1790704083.911,odom,0.0000,0.0000,11.049,1.514,
1790704083.946,odom,0.0000,0.0000,11.049,1.514,
1790704083.948,/auto_vel_raw,0.0000,0.0000,,,
1790704083.984,odom,0.0000,0.0000,11.049,1.514,
1790704084.013,odom,0.0000,0.0000,11.049,1.514,
1790704084.041,/auto_vel_raw,0.0000,0.0000,,,
1790704084.068,odom,0.0000,0.0000,11.049,1.514,
1790704084.113,odom,0.0000,0.0000,11.049,1.514,
1790704084.167,odom,0.0000,0.0000,11.049,1.514,
1790704084.171,/auto_vel_raw,0.0000,0.0000,,,
1790704084.197,odom,0.0000,0.0000,11.049,1.514,
1790704084.229,odom,0.0000,0.0000,11.049,1.514,
1790704084.248,/auto_vel_raw,0.0000,0.0000,,,
1790704084.267,odom,0.0000,0.0000,11.049,1.514,
1790704084.305,odom,0.0000,0.0000,11.049,1.514,
1790704084.341,/auto_vel_raw,0.0000,0.0000,,,
1790704084.342,odom,0.0000,0.0000,11.049,1.514,
1790704084.380,odom,0.0000,0.0000,11.049,1.514,
1790704084.413,odom,0.0000,0.0000,11.049,1.514,
1790704084.433,/auto_vel_raw,0.0000,0.0000,,,
1790704084.455,odom,0.0000,0.0000,11.049,1.514,
1790704084.489,odom,0.0000,0.0000,11.049,1.514,
1790704084.523,/auto_vel_raw,0.0000,0.0000,,,
1790704084.524,odom,0.0000,0.0000,11.049,1.514,
1790704084.560,odom,0.0000,0.0000,11.049,1.514,
1790704084.587,odom,0.0000,0.0000,11.049,1.514,
1790704084.608,/auto_vel_raw,0.0000,0.0000,,,
1790704084.626,odom,0.0000,0.0000,11.049,1.514,
1790704084.660,odom,0.0000,0.0000,11.049,1.514,
1790704084.696,/auto_vel_raw,0.0000,0.0000,,,
1790704084.697,odom,0.0000,0.0000,11.049,1.514,
1790704084.731,odom,0.0000,0.0000,11.049,1.514,
1790704084.767,odom,0.0000,0.0000,11.049,1.514,
1790704084.781,/auto_vel_raw,0.0000,0.0000,,,
1790704084.796,odom,0.0000,0.0000,11.049,1.514,
1790704084.830,odom,0.0000,0.0000,11.049,1.514,
1790704084.866,/auto_vel_raw,0.0000,0.0000,,,
1790704084.867,odom,0.0000,0.0000,11.049,1.514,
1790704084.907,odom,0.0000,0.0000,11.049,1.514,
1790704084.958,odom,0.0000,0.0000,11.049,1.514,
1790704084.982,/auto_vel_raw,0.0000,0.0000,,,
1790704085.009,odom,0.0000,0.0000,11.049,1.514,
1790704085.049,odom,0.0000,0.0000,11.049,1.514,
1790704085.115,odom,0.0000,0.0000,11.049,1.514,
1790704085.116,/auto_vel_raw,0.0000,0.0000,,,
1790704085.155,odom,0.0000,0.0000,11.049,1.514,
1790704085.183,odom,0.0000,0.0000,11.049,1.514,
1790704085.199,/auto_vel_raw,0.0000,0.0000,,,
1790704085.218,odom,0.0000,0.0000,11.049,1.514,
1790704085.249,odom,0.0000,0.0000,11.049,1.514,
1790704085.293,odom,0.0000,0.0000,11.049,1.514,
1790704085.295,/auto_vel_raw,0.0000,0.0000,,,
1790704085.336,odom,0.0000,0.0000,11.049,1.514,
1790704085.368,odom,0.0000,0.0000,11.049,1.514,
1790704085.388,/auto_vel_raw,0.0000,0.0000,,,
1790704085.404,odom,0.0000,0.0000,11.049,1.514,
1790704085.443,odom,0.0000,0.0000,11.049,1.514,
1790704085.475,/auto_vel_raw,0.0000,0.0000,,,
1790704085.476,odom,0.0000,0.0000,11.049,1.514,
1790704085.514,odom,0.0000,0.0000,11.049,1.514,
1790704085.551,odom,0.0000,0.0000,11.049,1.514,
1790704085.574,/auto_vel_raw,0.0000,0.0000,,,
1790704085.592,odom,0.0000,0.0000,11.049,1.514,
1790704085.627,odom,0.0000,0.0000,11.049,1.514,
1790704085.670,/auto_vel_raw,0.0000,0.0000,,,
1790704085.671,odom,0.0000,0.0000,11.049,1.514,
1790704085.706,odom,0.0000,0.0000,11.049,1.514,
1790704085.752,odom,0.0000,0.0000,11.049,1.514,
1790704085.766,/auto_vel_raw,0.0000,0.0000,,,
1790704085.783,odom,0.0000,0.0000,11.049,1.514,
1790704085.828,odom,0.0000,0.0000,11.049,1.514,
1790704085.859,odom,0.0000,0.0000,11.049,1.514,
1790704085.861,/auto_vel_raw,0.0000,0.0000,,,
1790704085.886,odom,0.0000,0.0000,11.049,1.514,
1790704085.915,odom,0.0000,0.0000,11.049,1.514,
1790704085.930,/auto_vel_raw,0.0000,0.0000,,,
1790704085.950,odom,0.0000,0.0000,11.049,1.514,
1790704085.986,odom,0.0000,0.0000,11.049,1.514,
1790704086.023,odom,0.0000,0.0000,11.049,1.514,
1790704086.024,/auto_vel_raw,0.0000,0.0000,,,
1790704086.062,odom,0.0000,0.0000,11.049,1.514,
1790704086.091,odom,0.0000,0.0000,11.049,1.514,
1790704086.110,/auto_vel_raw,0.0000,0.0000,,,
1790704086.127,odom,0.0000,0.0000,11.049,1.514,
1790704086.158,odom,0.0000,0.0000,11.049,1.514,
1790704086.188,odom,0.0000,0.0000,11.049,1.514,
1790704086.192,/auto_vel_raw,0.0000,0.0000,,,
1790704086.225,odom,0.0000,0.0000,11.049,1.514,
1790704086.265,odom,0.0000,0.0000,11.049,1.514,
1790704086.284,/auto_vel_raw,0.0000,0.0000,,,
1790704086.301,odom,0.0000,0.0000,11.049,1.514,
1790704086.361,odom,0.0000,0.0000,11.049,1.514,
1790704086.416,/auto_vel_raw,0.0000,0.0000,,,
1790704086.417,odom,0.0000,0.0000,11.049,1.514,
1790704086.459,odom,0.0000,0.0000,11.049,1.514,
1790704086.491,odom,0.0000,0.0000,11.049,1.514,
1790704086.508,/auto_vel_raw,0.0000,0.0000,,,
1790704086.553,odom,0.0000,0.0000,11.049,1.514,
1790704086.618,odom,0.0000,0.0000,11.049,1.514,
1790704086.652,odom,0.0000,0.0000,11.049,1.514,
1790704086.656,/auto_vel_raw,0.0000,0.0000,,,
1790704086.697,odom,0.0000,0.0000,11.049,1.514,
1790704086.750,odom,0.0000,0.0000,11.049,1.514,
1790704086.775,/auto_vel_raw,0.0000,0.0000,,,
1790704086.810,odom,0.0000,0.0000,11.049,1.514,
1790704086.853,odom,0.0000,0.0000,11.049,1.514,
1790704086.895,/auto_vel_raw,0.0000,0.0000,,,
1790704086.896,odom,0.0000,0.0000,11.049,1.514,
1790704086.947,odom,0.0000,0.0000,11.049,1.514,
1790704087.009,odom,0.0000,0.0000,11.049,1.514,
1790704087.027,/auto_vel_raw,0.0000,0.0000,,,
1790704087.067,odom,0.0000,0.0000,11.049,1.514,
1790704087.129,odom,0.0000,0.0000,11.049,1.514,
1790704087.158,/auto_vel_raw,0.0000,0.0000,,,
1790704087.159,odom,0.0000,0.0000,11.049,1.514,
1790704087.221,odom,0.0000,0.0000,11.049,1.514,
1790704087.306,odom,0.0000,0.0000,11.049,1.514,
1790704087.324,/auto_vel_raw,0.0000,0.0000,,,
1790704087.345,odom,0.0000,0.0000,11.049,1.514,
1790704087.385,odom,0.0000,0.0000,11.049,1.514,
1790704087.429,odom,0.0000,0.0000,11.049,1.514,
1790704087.435,/auto_vel_raw,0.0000,0.0000,,,
1790704087.463,odom,0.0000,0.0000,11.049,1.514,
1790704087.497,odom,0.0000,0.0000,11.049,1.514,
1790704087.516,/auto_vel_raw,0.0000,0.0000,,,
1790704087.527,odom,0.0000,0.0000,11.049,1.514,
1790704087.576,odom,0.0000,0.0000,11.049,1.514,
1790704087.640,odom,0.0000,0.0000,11.049,1.514,
1790704087.644,/auto_vel_raw,0.0000,0.0000,,,
1790704087.691,odom,0.0000,0.0000,11.049,1.514,
1790704087.720,odom,0.0000,0.0000,11.049,1.514,
1790704087.752,/auto_vel_raw,0.0000,0.0000,,,
1790704087.785,odom,0.0000,0.0000,11.049,1.514,
1790704087.843,odom,0.0000,0.0000,11.049,1.514,
1790704087.908,odom,0.0000,0.0000,11.049,1.514,
1790704087.917,/auto_vel_raw,0.0000,0.0000,,,
1790704087.972,odom,0.0000,0.0000,11.049,1.514,
1790704088.005,odom,0.0000,0.0000,11.049,1.514,
1790704088.021,/auto_vel_raw,0.0000,0.0000,,,
1790704088.052,odom,0.0000,0.0000,11.049,1.514,
1790704088.104,odom,0.0000,0.0000,11.049,1.514,
1790704088.139,odom,0.0000,0.0000,11.049,1.514,
1790704088.140,/auto_vel_raw,0.0000,0.0000,,,
1790704088.191,odom,0.0000,0.0000,11.049,1.514,
1790704088.259,odom,0.0000,0.0000,11.049,1.514,
1790704088.308,/auto_vel_raw,0.0000,0.0000,,,
1790704088.343,odom,0.0000,0.0000,11.049,1.514,
1790704088.389,odom,0.0000,0.0000,11.049,1.514,
1790704088.444,odom,0.0000,0.0000,11.049,1.514,
1790704088.447,/auto_vel_raw,0.0000,0.0000,,,
1790704088.482,odom,0.0000,0.0000,11.049,1.514,
1790704088.512,odom,0.0000,0.0000,11.049,1.514,
1790704088.531,/auto_vel_raw,0.0000,0.0000,,,
1790704088.545,odom,0.0000,0.0000,11.049,1.514,
1790704088.571,odom,0.0000,0.0000,11.049,1.514,
1790704088.607,/auto_vel_raw,0.0000,0.0000,,,
1790704088.607,odom,0.0000,0.0000,11.049,1.514,
1790704088.644,odom,0.0000,0.0000,11.049,1.514,
1790704088.675,odom,0.0000,0.0000,11.049,1.514,
1790704088.694,/auto_vel_raw,0.0000,0.0000,,,
1790704088.713,odom,0.0000,0.0000,11.049,1.514,
1790704088.750,odom,0.0000,0.0000,11.049,1.514,
1790704088.778,odom,0.0000,0.0000,11.049,1.514,
1790704088.785,/auto_vel_raw,0.0000,0.0000,,,
1790704088.821,odom,0.0000,0.0000,11.049,1.514,
1790704088.872,odom,0.0000,0.0000,11.049,1.514,
1790704088.906,/auto_vel_raw,0.0000,0.0000,,,
1790704088.923,odom,0.0000,0.0000,11.049,1.514,
1790704088.953,odom,0.0000,0.0000,11.049,1.514,
1790704089.008,/auto_vel_raw,0.0000,0.0000,,,
1790704089.011,odom,0.0000,0.0000,11.049,1.514,
1790704089.072,odom,0.0000,0.0000,11.049,1.514,
1790704089.123,odom,0.0000,0.0000,11.049,1.514,
1790704089.135,/auto_vel_raw,0.0000,0.0000,,,
1790704089.153,odom,0.0000,0.0000,11.049,1.514,
1790704089.187,odom,0.0000,0.0000,11.049,1.514,
1790704089.222,/auto_vel_raw,0.0000,0.0000,,,
1790704089.222,odom,0.0000,0.0000,11.049,1.514,
1790704089.256,odom,0.0000,0.0000,11.049,1.514,
1790704089.293,odom,0.0000,0.0000,11.049,1.514,
1790704089.310,/auto_vel_raw,0.0000,0.0000,,,
1790704089.321,odom,0.0000,0.0000,11.049,1.514,
1790704089.361,odom,0.0000,0.0000,11.049,1.514,
1790704089.419,odom,0.0000,0.0000,11.049,1.514,
1790704089.422,/auto_vel_raw,0.0000,0.0000,,,
1790704089.489,odom,0.0000,0.0000,11.049,1.514,
1790704089.564,odom,0.0000,0.0000,11.049,1.514,
1790704089.598,/auto_vel_raw,0.0000,0.0000,,,
1790704089.610,odom,0.0000,0.0000,11.049,1.514,
1790704089.639,odom,0.0000,0.0000,11.049,1.514,
1790704089.685,/auto_vel_raw,0.0000,0.0000,,,
1790704089.686,odom,0.0000,0.0000,11.049,1.514,
1790704089.750,odom,0.0000,0.0000,11.049,1.514,
1790704089.785,odom,0.0000,0.0000,11.049,1.514,
1790704089.800,/auto_vel_raw,0.0000,0.0000,,,
1790704089.820,odom,0.0000,0.0000,11.049,1.514,
1790704089.863,odom,0.0000,0.0000,11.049,1.514,
1790704089.935,/auto_vel_raw,0.0000,0.0000,,,
1790704089.939,odom,0.0000,0.0000,11.049,1.514,
1790704090.015,odom,0.0000,0.0000,11.049,1.514,
1790704090.076,odom,0.0000,0.0000,11.049,1.514,
1790704090.095,/auto_vel_raw,0.0000,0.0000,,,
1790704090.119,odom,0.0000,0.0000,11.049,1.514,
1790704090.156,odom,0.0000,0.0000,11.049,1.514,
1790704090.220,odom,0.0000,0.0000,11.049,1.514,
1790704090.223,/auto_vel_raw,0.0000,0.0000,,,
1790704090.278,odom,0.0000,0.0000,11.049,1.514,
1790704090.338,odom,0.0000,0.0000,11.049,1.514,
1790704090.360,/auto_vel_raw,0.0000,0.0000,,,
1790704090.373,odom,0.0000,0.0000,11.049,1.514,
1790704090.439,odom,0.0000,0.0000,11.049,1.514,
1790704090.482,/auto_vel_raw,0.0000,0.0000,,,
1790704090.488,odom,0.0000,0.0000,11.049,1.514,
1790704090.554,odom,0.0000,0.0000,11.049,1.514,
1790704090.588,odom,0.0000,0.0000,11.049,1.514,
1790704090.604,/auto_vel_raw,0.0000,0.0000,,,
1790704090.622,odom,0.0000,0.0000,11.049,1.514,
1790704090.665,odom,0.0000,0.0000,11.049,1.514,
1790704090.724,/auto_vel_raw,0.0000,0.0000,,,
1790704090.725,odom,0.0000,0.0000,11.049,1.514,
1790704090.767,odom,0.0000,0.0000,11.049,1.514,
1790704090.808,odom,0.0000,0.0000,11.049,1.514,
1790704090.824,/auto_vel_raw,0.0000,0.0000,,,
1790704090.839,odom,0.0000,0.0000,11.049,1.514,
1790704090.873,odom,0.0000,0.0000,11.049,1.514,
1790704090.907,odom,0.0000,0.0000,11.049,1.514,
1790704090.911,/auto_vel_raw,0.0000,0.0000,,,
1790704090.945,odom,0.0000,0.0000,11.049,1.514,
1790704090.985,odom,0.0000,0.0000,11.049,1.514,
1790704091.004,/auto_vel_raw,0.0000,0.0000,,,
1790704091.012,odom,0.0000,0.0000,11.049,1.514,
1790704091.051,odom,0.0000,0.0000,11.049,1.514,
1790704091.088,/auto_vel_raw,0.0000,0.0000,,,
1790704091.088,odom,0.0000,0.0000,11.049,1.514,
1790704091.134,odom,0.0000,0.0000,11.049,1.514,
1790704091.167,odom,0.0000,0.0000,11.049,1.514,
1790704091.187,/auto_vel_raw,0.0000,0.0000,,,
1790704091.204,odom,0.0000,0.0000,11.049,1.514,
1790704091.238,odom,0.0000,0.0000,11.049,1.514,
1790704091.284,odom,0.0000,0.0000,11.049,1.514,
1790704091.286,/auto_vel_raw,0.0000,0.0000,,,
1790704091.320,odom,0.0000,0.0000,11.049,1.514,
1790704091.356,odom,0.0000,0.0000,11.049,1.514,
1790704091.373,/auto_vel_raw,0.0000,0.0000,,,
1790704091.388,odom,0.0000,0.0000,11.049,1.514,
1790704091.423,odom,0.0000,0.0000,11.049,1.514,
1790704091.461,/auto_vel_raw,0.0000,0.0000,,,
1790704091.461,odom,0.0000,0.0000,11.049,1.514,
1790704091.498,odom,0.0000,0.0000,11.049,1.514,
1790704091.544,odom,0.0000,0.0000,11.049,1.514,
1790704091.560,/auto_vel_raw,0.0000,0.0000,,,
1790704091.578,odom,0.0000,0.0000,11.049,1.514,
1790704091.610,odom,0.0000,0.0000,11.049,1.514,
1790704091.648,odom,0.0000,0.0000,11.049,1.514,
1790704091.650,/auto_vel_raw,0.0000,0.0000,,,
1790704091.676,odom,0.0000,0.0000,11.049,1.514,
1790704091.709,odom,0.0000,0.0000,11.049,1.514,
1790704091.732,/auto_vel_raw,0.0000,0.0000,,,
1790704091.746,odom,0.0000,0.0000,11.049,1.514,
1790704091.774,odom,0.0000,0.0000,11.049,1.514,
1790704091.814,odom,0.0000,0.0000,11.049,1.514,
1790704091.816,/auto_vel_raw,0.0000,0.0000,,,
1790704091.855,odom,0.0000,0.0000,11.049,1.514,
1790704091.896,odom,0.0000,0.0000,11.049,1.514,
1790704091.913,/auto_vel_raw,0.0000,0.0000,,,
1790704091.922,odom,0.0000,0.0000,11.049,1.514,
1790704091.954,odom,0.0000,0.0000,11.049,1.514,
1790704091.982,/auto_vel_raw,0.0000,0.0000,,,
1790704091.983,odom,0.0000,0.0000,11.049,1.514,
1790704092.018,odom,0.0000,0.0000,11.049,1.514,
1790704092.048,odom,0.0000,0.0000,11.049,1.514,
1790704092.063,/auto_vel_raw,0.0000,0.0000,,,
1790704092.077,odom,0.0000,0.0000,11.049,1.514,
1790704092.104,odom,0.0000,0.0000,11.049,1.514,
1790704092.136,odom,0.0000,0.0000,11.049,1.514,
1790704092.140,/auto_vel_raw,0.0000,0.0000,,,
1790704092.176,odom,0.0000,0.0000,11.049,1.514,
1790704092.206,odom,0.0000,0.0000,11.049,1.514,
1790704092.226,/auto_vel_raw,0.0000,0.0000,,,
1790704092.241,odom,0.0000,0.0000,11.049,1.514,
1790704092.293,odom,0.0000,0.0000,11.049,1.514,
1790704092.330,/auto_vel_raw,0.0000,0.0000,,,
1790704092.331,odom,0.0000,0.0000,11.049,1.514,
1790704092.369,odom,0.0000,0.0000,11.049,1.514,
1790704092.407,odom,0.0000,0.0000,11.049,1.514,
1790704092.421,/auto_vel_raw,0.0000,0.0000,,,
1790704092.433,odom,0.0000,0.0000,11.049,1.514,
1790704092.467,odom,0.0000,0.0000,11.049,1.514,
1790704092.496,/auto_vel_raw,0.0000,0.0000,,,
1790704092.496,odom,0.0000,0.0000,11.049,1.514,
1790704092.525,odom,0.0000,0.0000,11.049,1.514,
1790704092.561,odom,0.0000,0.0000,11.049,1.514,
1790704092.578,/auto_vel_raw,0.0000,0.0000,,,
1790704092.589,odom,0.0000,0.0000,11.049,1.514,
1790704092.628,odom,0.0000,0.0000,11.049,1.514,
1790704092.673,odom,0.0000,0.0000,11.049,1.514,
1790704092.678,/auto_vel_raw,0.0000,0.0000,,,
1790704092.716,odom,0.0000,0.0000,11.049,1.514,
1790704092.749,odom,0.0000,0.0000,11.049,1.514,
1790704092.778,/auto_vel_raw,0.0000,0.0000,,,
1790704092.794,odom,0.0000,0.0000,11.049,1.514,
1790704092.826,odom,0.0000,0.0000,11.049,1.514,
1790704092.864,odom,0.0000,0.0000,11.049,1.514,
1790704092.866,/auto_vel_raw,0.0000,0.0000,,,
1790704092.895,odom,0.0000,0.0000,11.049,1.514,
1790704092.923,odom,0.0000,0.0000,11.049,1.514,
1790704092.936,/auto_vel_raw,0.0000,0.0000,,,
1790704092.951,odom,0.0000,0.0000,11.049,1.514,
1790704092.981,odom,0.0000,0.0000,11.049,1.514,
1790704093.013,/auto_vel_raw,0.0000,0.0000,,,
1790704093.014,odom,0.0000,0.0000,11.049,1.514,
1790704093.047,odom,0.0000,0.0000,11.049,1.514,
1790704093.076,odom,0.0000,0.0000,11.049,1.514,
1790704093.092,/auto_vel_raw,0.0000,0.0000,,,
1790704093.108,odom,0.0000,0.0000,11.049,1.514,
1790704093.143,odom,0.0000,0.0000,11.049,1.514,
1790704093.176,/auto_vel_raw,0.0000,0.0000,,,
1790704093.177,odom,0.0000,0.0000,11.049,1.514,
1790704093.207,odom,0.0000,0.0000,11.049,1.514,
1790704093.245,odom,0.0000,0.0000,11.049,1.514,
1790704093.260,/auto_vel_raw,0.0000,0.0000,,,
1790704093.281,odom,0.0000,0.0000,11.049,1.514,
1790704093.315,odom,0.0000,0.0000,11.049,1.514,
1790704093.347,/auto_vel_raw,0.0000,0.0000,,,
1790704093.347,odom,0.0000,0.0000,11.049,1.514,
1790704093.384,odom,0.0000,0.0000,11.049,1.514,
1790704093.441,odom,0.0000,0.0000,11.049,1.514,
1790704093.479,/auto_vel_raw,0.0000,0.0000,,,
1790704093.498,odom,0.0000,0.0000,11.049,1.514,
1790704093.535,odom,0.0000,0.0000,11.049,1.514,
1790704093.575,/auto_vel_raw,0.0000,0.0000,,,
1790704093.577,odom,0.0000,0.0000,11.049,1.514,
1790704093.662,odom,0.0000,0.0000,11.049,1.514,
1790704093.743,odom,0.0000,0.0000,11.049,1.514,
1790704093.765,/auto_vel_raw,0.0000,0.0000,,,
1790704093.780,odom,0.0000,0.0000,11.049,1.514,
1790704093.820,odom,0.0000,0.0000,11.049,1.514,
1790704093.858,/auto_vel_raw,0.0000,0.0000,,,
1790704093.858,odom,0.0000,0.0000,11.049,1.514,
1790704093.932,odom,0.0000,0.0000,11.049,1.514,
1790704093.995,odom,0.0000,0.0000,11.049,1.514,
1790704094.020,/auto_vel_raw,0.0000,0.0000,,,
1790704094.036,odom,0.0000,0.0000,11.049,1.514,
1790704094.072,odom,0.0000,0.0000,11.049,1.514,
1790704094.129,odom,0.0000,0.0000,11.049,1.514,
1790704094.133,/auto_vel_raw,0.0000,0.0000,,,
1790704094.176,odom,0.0000,0.0000,11.049,1.514,
1790704094.226,odom,0.0000,0.0000,11.049,1.514,
1790704094.257,/auto_vel_raw,0.0000,0.0000,,,
1790704094.281,odom,0.0000,0.0000,11.049,1.514,
1790704094.334,odom,0.0000,0.0000,11.049,1.514,
1790704094.392,odom,0.0000,0.0000,11.049,1.514,
1790704094.394,/auto_vel_raw,0.0000,0.0000,,,
1790704094.430,odom,0.0000,0.0000,11.049,1.514,
1790704094.474,odom,0.0000,0.0000,11.049,1.514,
1790704094.486,/auto_vel_raw,0.0000,0.0000,,,
1790704094.504,odom,0.0000,0.0000,11.049,1.514,
1790704094.557,odom,0.0000,0.0000,11.049,1.514,
1790704094.614,/auto_vel_raw,0.0000,0.0000,,,
1790704094.616,odom,0.0000,0.0000,11.049,1.514,
1790704094.670,odom,0.0000,0.0000,11.049,1.514,
1790704094.744,odom,0.0000,0.0000,11.049,1.514,
1790704094.775,/auto_vel_raw,0.0000,0.0000,,,
1790704094.802,odom,0.0000,0.0000,11.049,1.514,
1790704094.853,odom,0.0000,0.0000,11.049,1.514,
1790704094.905,/auto_vel_raw,0.0000,0.0000,,,
1790704094.908,odom,0.0000,0.0000,11.049,1.514,
1790704094.976,odom,0.0000,0.0000,11.049,1.514,
1790704095.031,odom,0.0000,0.0000,11.049,1.514,
1790704095.049,/auto_vel_raw,0.0000,0.0000,,,
1790704095.071,odom,0.0000,0.0000,11.049,1.514,
1790704095.112,odom,0.0000,0.0000,11.049,1.514,
1790704095.200,/auto_vel_raw,0.0000,0.0000,,,
1790704095.201,odom,0.0000,0.0000,11.049,1.514,
1790704095.244,odom,0.0000,0.0000,11.049,1.514,
1790704095.289,odom,0.0000,0.0000,11.049,1.514,
1790704095.312,/auto_vel_raw,0.0000,0.0000,,,
1790704095.349,odom,0.0000,0.0000,11.049,1.514,
1790704095.393,odom,0.0000,0.0000,11.049,1.514,
1790704095.452,/auto_vel_raw,0.0000,0.0000,,,
1790704095.454,odom,0.0000,0.0000,11.049,1.514,
1790704095.489,odom,0.0000,0.0000,11.049,1.514,
1790704095.527,odom,0.0000,0.0000,11.049,1.514,
1790704095.541,/auto_vel_raw,0.0000,0.0000,,,
1790704095.561,odom,0.0000,0.0000,11.049,1.514,
1790704095.594,odom,0.0000,0.0000,11.049,1.514,
1790704095.633,/auto_vel_raw,0.0000,0.0000,,,
1790704095.634,odom,0.0000,0.0000,11.049,1.514,
1790704095.672,odom,0.0000,0.0000,11.049,1.514,
1790704095.708,odom,0.0000,0.0000,11.049,1.514,
1790704095.729,/auto_vel_raw,0.0000,0.0000,,,
1790704095.749,odom,0.0000,0.0000,11.049,1.514,
1790704095.790,odom,0.0000,0.0000,11.049,1.514,
1790704095.822,/auto_vel_raw,0.0000,0.0000,,,
1790704095.823,odom,0.0000,0.0000,11.049,1.514,
1790704095.863,odom,0.0000,0.0000,11.049,1.514,
1790704095.910,odom,0.0000,0.0000,11.049,1.514,
1790704095.942,/auto_vel_raw,0.0000,0.0000,,,
1790704095.959,odom,0.0000,0.0000,11.049,1.514,
1790704096.006,odom,0.0000,0.0000,11.049,1.514,
1790704096.042,odom,0.0000,0.0000,11.049,1.514,
1790704096.045,/auto_vel_raw,0.0000,0.0000,,,
1790704096.089,odom,0.0000,0.0000,11.049,1.514,
1790704096.149,odom,0.0000,0.0000,11.049,1.514,
1790704096.185,/auto_vel_raw,0.0000,0.0000,,,
1790704096.213,odom,0.0000,0.0000,11.049,1.514,
1790704096.270,odom,0.0000,0.0000,11.049,1.514,
1790704096.317,/auto_vel_raw,0.0000,0.0000,,,
1790704096.317,odom,0.0000,0.0000,11.049,1.514,
1790704096.366,odom,0.0000,0.0000,11.049,1.514,
1790704096.411,odom,0.0000,0.0000,11.049,1.514,
1790704096.432,/auto_vel_raw,0.0000,0.0000,,,
1790704096.445,odom,0.0000,0.0000,11.049,1.514,
1790704096.489,odom,0.0000,0.0000,11.049,1.514,
1790704096.548,/auto_vel_raw,0.0000,0.0000,,,
1790704096.549,odom,0.0000,0.0000,11.049,1.514,
1790704096.598,odom,0.0000,0.0000,11.049,1.514,
1790704096.629,odom,0.0000,0.0000,11.049,1.514,
1790704096.646,/auto_vel_raw,0.0000,0.0000,,,
1790704096.660,odom,0.0000,0.0000,11.049,1.514,
1790704096.700,odom,0.0000,0.0000,11.049,1.514,
1790704096.749,/auto_vel_raw,0.0000,0.0000,,,
1790704096.750,odom,0.0000,0.0000,11.049,1.514,
1790704096.801,odom,0.0000,0.0000,11.049,1.514,
1790704096.842,odom,0.0000,0.0000,11.049,1.514,
1790704096.871,/auto_vel_raw,0.0000,0.0000,,,
1790704096.893,odom,0.0000,0.0000,11.049,1.514,
1790704096.960,odom,0.0000,0.0000,11.049,1.514,
1790704096.998,odom,0.0000,0.0000,11.049,1.514,
1790704097.000,/auto_vel_raw,0.0000,0.0000,,,
1790704097.040,odom,0.0000,0.0000,11.049,1.514,
1790704097.072,odom,0.0000,0.0000,11.049,1.514,
1790704097.110,/auto_vel_raw,0.0000,0.0000,,,
1790704097.131,odom,0.0000,0.0000,11.049,1.514,
1790704097.172,odom,0.0000,0.0000,11.049,1.514,
1790704097.226,/auto_vel_raw,0.0000,0.0000,,,
1790704097.227,odom,0.0000,0.0000,11.049,1.514,
1790704097.286,odom,0.0000,0.0000,11.049,1.514,
1790704097.325,odom,0.0000,0.0000,11.049,1.514,
1790704097.341,/auto_vel_raw,0.0000,0.0000,,,
1790704097.349,odom,0.0000,0.0000,11.049,1.514,
1790704097.378,odom,0.0000,0.0000,11.049,1.514,
1790704097.450,/auto_vel_raw,0.0000,0.0000,,,
1790704097.451,odom,0.0000,0.0000,11.049,1.514,
1790704097.490,odom,0.0000,0.0000,11.049,1.514,
1790704097.526,odom,0.0000,0.0000,11.049,1.514,
1790704097.542,/auto_vel_raw,0.0000,0.0000,,,
1790704097.564,odom,0.0000,0.0000,11.049,1.514,
1790704097.600,odom,0.0000,0.0000,11.049,1.514,
1790704097.636,/auto_vel_raw,0.0000,0.0000,,,
1790704097.637,odom,0.0000,0.0000,11.049,1.514,
1790704097.671,odom,0.0000,0.0000,11.049,1.514,
1790704097.704,odom,0.0000,0.0000,11.049,1.514,
1790704097.713,/auto_vel_raw,0.0000,0.0000,,,
1790704097.729,odom,0.0000,0.0000,11.049,1.514,
1790704097.769,odom,0.0000,0.0000,11.049,1.514,
1790704097.810,odom,0.0000,0.0000,11.049,1.514,
1790704097.812,/auto_vel_raw,0.0000,0.0000,,,
1790704097.844,odom,0.0000,0.0000,11.049,1.514,
1790704097.878,odom,0.0000,0.0000,11.049,1.514,
1790704097.898,/auto_vel_raw,0.0000,0.0000,,,
1790704097.919,odom,0.0000,0.0000,11.049,1.514,
1790704097.953,odom,0.0000,0.0000,11.049,1.514,
1790704097.986,odom,0.0000,0.0000,11.049,1.514,
1790704097.992,/auto_vel_raw,0.0000,0.0000,,,
1790704098.026,odom,0.0000,0.0000,11.049,1.514,
1790704098.063,odom,0.0000,0.0000,11.049,1.514,
1790704098.075,/auto_vel_raw,0.0000,0.0000,,,
1790704098.097,odom,0.0000,0.0000,11.049,1.514,
1790704098.139,odom,0.0000,0.0000,11.049,1.514,
1790704098.178,/auto_vel_raw,0.0000,0.0000,,,
1790704098.179,odom,0.0000,0.0000,11.049,1.514,
1790704098.210,odom,0.0000,0.0000,11.049,1.514,
1790704098.246,odom,0.0000,0.0000,11.049,1.514,
1790704098.265,/auto_vel_raw,0.0000,0.0000,,,
1790704098.287,odom,0.0000,0.0000,11.049,1.514,
1790704098.323,odom,0.0000,0.0000,11.049,1.514,
1790704098.357,odom,0.0000,0.0000,11.049,1.514,
1790704098.365,/auto_vel_raw,0.0000,0.0000,,,
1790704098.388,odom,0.0000,0.0000,11.049,1.514,
1790704098.423,odom,0.0000,0.0000,11.049,1.514,
1790704098.438,/auto_vel_raw,0.0000,0.0000,,,
1790704098.454,odom,0.0000,0.0000,11.049,1.514,
1790704098.484,odom,0.0000,0.0000,11.049,1.514,
1790704098.511,/auto_vel_raw,0.0000,0.0000,,,
1790704098.513,odom,0.0000,0.0000,11.049,1.514,
1790704098.556,odom,0.0000,0.0000,11.049,1.514,
1790704098.581,odom,0.0000,0.0000,11.049,1.514,
1790704098.600,/auto_vel_raw,0.0000,0.0000,,,
1790704098.615,odom,0.0000,0.0000,11.049,1.514,
1790704098.648,odom,0.0000,0.0000,11.049,1.514,
1790704098.681,odom,0.0000,0.0000,11.049,1.514,
1790704098.683,/auto_vel_raw,0.0000,0.0000,,,
1790704098.725,odom,0.0000,0.0000,11.049,1.514,
1790704098.764,odom,0.0000,0.0000,11.049,1.514,
1790704098.788,/auto_vel_raw,0.0000,0.0000,,,
1790704098.811,odom,0.0000,0.0000,11.049,1.514,
1790704098.858,odom,0.0000,0.0000,11.049,1.514,
1790704098.911,odom,0.0000,0.0000,11.049,1.514,
1790704098.916,/auto_vel_raw,0.0000,0.0000,,,
1790704098.967,odom,0.0000,0.0000,11.049,1.514,
1790704099.014,odom,0.0000,0.0000,11.049,1.514,
1790704099.033,/auto_vel_raw,0.0000,0.0000,,,
1790704099.051,odom,0.0000,0.0000,11.049,1.514,
1790704099.086,odom,0.0000,0.0000,11.049,1.514,
1790704099.118,odom,0.0000,0.0000,11.049,1.514,
1790704099.121,/auto_vel_raw,0.0000,0.0000,,,
1790704099.159,odom,0.0000,0.0000,11.049,1.514,
1790704099.193,odom,0.0000,0.0000,11.049,1.514,
1790704099.208,/auto_vel_raw,0.0000,0.0000,,,
1790704099.226,odom,0.0000,0.0000,11.049,1.514,
1790704099.260,odom,0.0000,0.0000,11.049,1.514,
1790704099.301,/auto_vel_raw,0.0000,0.0000,,,
1790704099.302,odom,0.0000,0.0000,11.049,1.514,
1790704099.339,odom,0.0000,0.0000,11.049,1.514,
1790704099.369,odom,0.0000,0.0000,11.049,1.514,
1790704099.388,/auto_vel_raw,0.0000,0.0000,,,
1790704099.402,odom,0.0000,0.0000,11.049,1.514,
1790704099.435,odom,0.0000,0.0000,11.049,1.514,
1790704099.474,/auto_vel_raw,0.0000,0.0000,,,
1790704099.474,odom,0.0000,0.0000,11.049,1.514,
1790704099.516,odom,0.0000,0.0000,11.049,1.514,
1790704099.553,odom,0.0000,0.0000,11.049,1.514,
1790704099.568,/auto_vel_raw,0.0000,0.0000,,,
1790704099.586,odom,0.0000,0.0000,11.049,1.514,
1790704099.618,odom,0.0000,0.0000,11.049,1.514,
1790704099.649,/auto_vel_raw,0.0000,0.0000,,,
1790704099.650,odom,0.0000,0.0000,11.049,1.514,
1790704099.691,odom,0.0000,0.0000,11.049,1.514,
1790704099.761,odom,0.0000,0.0000,11.049,1.514,
1790704099.781,/auto_vel_raw,0.0000,0.0000,,,
1790704099.801,odom,0.0000,0.0000,11.049,1.514,
1790704099.828,odom,0.0000,0.0000,11.049,1.514,
1790704099.866,/auto_vel_raw,0.0000,0.0000,,,
1790704099.866,odom,0.0000,0.0000,11.049,1.514,
1790704099.901,odom,0.0000,0.0000,11.049,1.514,
1790704099.925,odom,0.0000,0.0000,11.049,1.514,
1790704099.942,/auto_vel_raw,0.0000,0.0000,,,
1790704099.959,odom,0.0000,0.0000,11.049,1.514,
1790704099.992,odom,0.0000,0.0000,11.049,1.514,
1790704100.029,/auto_vel_raw,0.0000,0.0000,,,
1790704100.031,odom,0.0000,0.0000,11.049,1.514,
1790704100.065,odom,0.0000,0.0000,11.049,1.514,
1790704100.100,odom,0.0000,0.0000,11.049,1.514,
1790704100.121,/auto_vel_raw,0.0000,0.0000,,,
1790704100.141,odom,0.0000,0.0000,11.049,1.514,
1790704100.168,odom,0.0000,0.0000,11.049,1.514,
1790704100.204,/auto_vel_raw,0.0000,0.0000,,,
1790704100.205,odom,0.0000,0.0000,11.049,1.514,
1790704100.246,odom,0.0000,0.0000,11.049,1.514,
1790704100.277,odom,0.0000,0.0000,11.049,1.514,
1790704100.300,/auto_vel_raw,0.0000,0.0000,,,
1790704100.319,odom,0.0000,0.0000,11.049,1.514,
1790704100.356,odom,0.0000,0.0000,11.049,1.514,
1790704100.389,/auto_vel_raw,0.0000,0.0000,,,
1790704100.389,odom,0.0000,0.0000,11.049,1.514,
1790704100.424,odom,0.0000,0.0000,11.049,1.514,
1790704100.457,odom,0.0000,0.0000,11.049,1.514,
1790704100.472,/auto_vel_raw,0.0000,0.0000,,,
1790704100.487,odom,0.0000,0.0000,11.049,1.514,
1790704100.518,odom,0.0000,0.0000,11.049,1.514,
1790704100.574,odom,0.0000,0.0000,11.049,1.514,
1790704100.577,/auto_vel_raw,0.0000,0.0000,,,
1790704100.621,odom,0.0000,0.0000,11.049,1.514,
1790704100.647,odom,0.0000,0.0000,11.049,1.514,
1790704100.665,/auto_vel_raw,0.0000,0.0000,,,
1790704100.685,odom,0.0000,0.0000,11.049,1.514,
1790704100.739,odom,0.0000,0.0000,11.049,1.514,
1790704100.793,/auto_vel_raw,0.0000,0.0000,,,
1790704100.794,odom,0.0000,0.0000,11.049,1.514,
1790704100.849,odom,0.0000,0.0000,11.049,1.514,
1790704100.893,odom,0.0000,0.0000,11.049,1.514,
1790704100.911,/auto_vel_raw,0.0000,0.0000,,,
1790704100.947,odom,0.0000,0.0000,11.049,1.514,
1790704101.001,odom,0.0000,0.0000,11.049,1.514,
1790704101.048,/auto_vel_raw,0.0000,0.0000,,,
1790704101.048,odom,0.0000,0.0000,11.049,1.514,
1790704101.123,odom,0.0000,0.0000,11.049,1.514,
1790704101.175,odom,0.0000,0.0000,11.049,1.514,
1790704101.215,/auto_vel_raw,0.0000,0.0000,,,
1790704101.233,odom,0.0000,0.0000,11.049,1.514,
1790704101.279,odom,0.0000,0.0000,11.049,1.514,
1790704101.314,/auto_vel_raw,0.0000,0.0000,,,
1790704101.315,odom,0.0000,0.0000,11.049,1.514,
1790704101.349,odom,0.0000,0.0000,11.049,1.514,
1790704101.408,odom,0.0000,0.0000,11.049,1.514,
1790704101.439,/auto_vel_raw,0.0000,0.0000,,,
1790704101.453,odom,0.0000,0.0000,11.049,1.514,
1790704101.492,odom,0.0000,0.0000,11.049,1.514,
1790704101.514,odom,0.0000,0.0000,11.049,1.514,
1790704101.515,/auto_vel_raw,0.0000,0.0000,,,
1790704101.558,odom,0.0000,0.0000,11.049,1.514,
1790704101.611,odom,0.0000,0.0000,11.049,1.514,
1790704101.645,/auto_vel_raw,0.0000,0.0000,,,
1790704101.661,odom,0.0000,0.0000,11.049,1.514,
1790704101.693,odom,0.0000,0.0000,11.049,1.514,
1790704101.750,odom,0.0000,0.0000,11.049,1.514,
1790704101.760,/auto_vel_raw,0.0000,0.0000,,,
1790704101.794,odom,0.0000,0.0000,11.049,1.514,
1790704101.824,odom,0.0000,0.0000,11.049,1.514,
1790704101.842,/auto_vel_raw,0.0000,0.0000,,,
1790704101.852,odom,0.0000,0.0000,11.049,1.514,
1790704101.902,odom,0.0000,0.0000,11.049,1.514,
1790704101.960,odom,0.0000,0.0000,11.049,1.514,
1790704101.963,/auto_vel_raw,0.0000,0.0000,,,
1790704102.016,odom,0.0000,0.0000,11.049,1.514,
1790704102.058,odom,0.0000,0.0000,11.049,1.514,
1790704102.076,/auto_vel_raw,0.0000,0.0000,,,
1790704102.101,odom,0.0000,0.0000,11.049,1.514,
1790704102.142,odom,0.0000,0.0000,11.049,1.514,
1790704102.171,/auto_vel_raw,0.0000,0.0000,,,
1790704102.174,odom,0.0000,0.0000,11.049,1.514,
1790704102.212,odom,0.0000,0.0000,11.049,1.514,
1790704102.244,odom,0.0000,0.0000,11.049,1.514,
1790704102.261,/auto_vel_raw,0.0000,0.0000,,,
1790704102.300,odom,0.0000,0.0000,11.049,1.514,
1790704102.344,odom,0.0000,0.0000,11.049,1.514,
1790704102.386,/auto_vel_raw,0.0000,0.0000,,,
1790704102.387,odom,0.0000,0.0000,11.049,1.514,
1790704102.442,odom,0.0000,0.0000,11.049,1.514,
1790704102.481,odom,0.0000,0.0000,11.049,1.514,
1790704102.498,/auto_vel_raw,0.0000,0.0000,,,
1790704102.516,odom,0.0000,0.0000,11.049,1.514,
1790704102.544,odom,0.0000,0.0000,11.049,1.514,
1790704102.581,odom,0.0000,0.0000,11.049,1.514,
1790704102.582,/auto_vel_raw,0.0000,0.0000,,,
1790704102.626,odom,0.0000,0.0000,11.049,1.514,
1790704102.690,odom,0.0000,0.0000,11.049,1.514,
1790704102.721,/auto_vel_raw,0.0000,0.0000,,,
1790704102.734,odom,0.0000,0.0000,11.049,1.514,
1790704102.770,odom,0.0000,0.0000,11.049,1.514,
1790704102.800,/auto_vel_raw,0.0000,0.0000,,,
1790704102.802,odom,0.0000,0.0000,11.049,1.514,
1790704102.837,odom,0.0000,0.0000,11.049,1.514,
1790704102.874,odom,0.0000,0.0000,11.049,1.514,
1790704102.896,/auto_vel_raw,0.0000,0.0000,,,
1790704102.921,odom,0.0000,0.0000,11.049,1.514,
1790704102.965,odom,0.0000,0.0000,11.049,1.514,
1790704103.028,/auto_vel_raw,0.0000,0.0000,,,
1790704103.029,odom,0.0000,0.0000,11.049,1.514,
1790704103.086,odom,0.0000,0.0000,11.049,1.514,
1790704103.127,odom,0.0000,0.0000,11.049,1.514,
1790704103.155,/auto_vel_raw,0.0000,0.0000,,,
1790704103.179,odom,0.0000,0.0000,11.049,1.514,
1790704103.232,odom,0.0000,0.0000,11.049,1.514,
1790704103.289,odom,0.0000,0.0000,11.049,1.514,
1790704103.292,/auto_vel_raw,0.0000,0.0000,,,
1790704103.336,odom,0.0000,0.0000,11.049,1.514,
1790704103.365,odom,0.0000,0.0000,11.049,1.514,
1790704103.395,/auto_vel_raw,0.0000,0.0000,,,
1790704103.425,odom,0.0000,0.0000,11.049,1.514,
1790704103.464,odom,0.0000,0.0000,11.049,1.514,
1790704103.524,/auto_vel_raw,0.0000,0.0000,,,
1790704103.525,odom,0.0000,0.0000,11.049,1.514,
1790704103.577,odom,0.0000,0.0000,11.049,1.514,
1790704103.610,odom,0.0000,0.0000,11.049,1.514,
1790704103.627,/auto_vel_raw,0.0000,0.0000,,,
1790704103.643,odom,0.0000,0.0000,11.049,1.514,
1790704103.697,odom,0.0000,0.0000,11.049,1.514,
1790704103.761,odom,0.0000,0.0000,11.049,1.514,
1790704103.764,/auto_vel_raw,0.0000,0.0000,,,
1790704103.822,odom,0.0000,0.0000,11.049,1.514,
1790704103.861,odom,0.0000,0.0000,11.049,1.514,
1790704103.888,/auto_vel_raw,0.0000,0.0000,,,
1790704103.915,odom,0.0000,0.0000,11.049,1.514,
1790704103.951,odom,0.0000,0.0000,11.049,1.514,
1790704103.998,/auto_vel_raw,0.0000,0.0000,,,
1790704103.999,odom,0.0000,0.0000,11.049,1.514,
1790704104.069,odom,0.0000,0.0000,11.049,1.514,
1790704104.106,odom,0.0000,0.0000,11.049,1.514,
1790704104.132,/auto_vel_raw,0.0000,0.0000,,,
1790704104.160,odom,0.0000,0.0000,11.049,1.514,
1790704104.235,odom,0.0000,0.0000,11.049,1.514,
1790704104.287,odom,0.0000,0.0000,11.049,1.514,
1790704104.292,/auto_vel_raw,0.0000,0.0000,,,
1790704104.331,odom,0.0000,0.0000,11.049,1.514,
1790704104.373,odom,0.0000,0.0000,11.049,1.514,
1790704104.392,/auto_vel_raw,0.0000,0.0000,,,
1790704104.410,odom,0.0000,0.0000,11.049,1.514,
1790704104.453,odom,0.0000,0.0000,11.049,1.514,
1790704104.487,odom,0.0000,0.0000,11.049,1.514,
1790704104.489,/auto_vel_raw,0.0000,0.0000,,,
1790704104.539,odom,0.0000,0.0000,11.049,1.514,
1790704104.592,odom,0.0000,0.0000,11.049,1.514,
1790704104.608,/auto_vel_raw,0.0000,0.0000,,,
1790704104.629,odom,0.0000,0.0000,11.049,1.514,
1790704104.666,odom,0.0000,0.0000,11.049,1.514,
1790704104.723,odom,0.0000,0.0000,11.049,1.514,
1790704104.732,/auto_vel_raw,0.0000,0.0000,,,
1790704104.777,odom,0.0000,0.0000,11.049,1.514,
1790704104.817,odom,0.0000,0.0000,11.049,1.514,
1790704104.839,/auto_vel_raw,0.0000,0.0000,,,
1790704104.859,odom,0.0000,0.0000,11.049,1.514,
1790704104.900,odom,0.0000,0.0000,11.049,1.514,
1790704104.940,odom,0.0000,0.0000,11.049,1.514,
1790704104.942,/auto_vel_raw,0.0000,0.0000,,,
1790704104.974,odom,0.0000,0.0000,11.049,1.514,
1790704105.006,odom,0.0000,0.0000,11.049,1.514,
1790704105.025,/auto_vel_raw,0.0000,0.0000,,,
1790704105.041,odom,0.0000,0.0000,11.049,1.514,
1790704105.074,odom,0.0000,0.0000,11.049,1.514,
1790704105.117,odom,0.0000,0.0000,11.049,1.514,
1790704105.119,/auto_vel_raw,0.0000,0.0000,,,
1790704105.156,odom,0.0000,0.0000,11.049,1.514,
1790704105.192,odom,0.0000,0.0000,11.049,1.514,
1790704105.217,/auto_vel_raw,0.0000,0.0000,,,
1790704105.231,odom,0.0000,0.0000,11.049,1.514,
1790704105.272,odom,0.0000,0.0000,11.049,1.514,
1790704105.303,/auto_vel_raw,0.0000,0.0000,,,
1790704105.303,odom,0.0000,0.0000,11.049,1.514,
1790704105.333,odom,0.0000,0.0000,11.049,1.514,
1790704105.376,odom,0.0000,0.0000,11.049,1.514,
1790704105.399,/auto_vel_raw,0.0000,0.0000,,,
1790704105.435,odom,0.0000,0.0000,11.049,1.514,
1790704105.474,odom,0.0000,0.0000,11.049,1.514,
1790704105.506,odom,0.0000,0.0000,11.049,1.514,
1790704105.509,/auto_vel_raw,0.0000,0.0000,,,
1790704105.545,odom,0.0000,0.0000,11.049,1.514,
1790704105.584,odom,0.0000,0.0000,11.049,1.514,
1790704105.598,/auto_vel_raw,0.0000,0.0000,,,
1790704105.616,odom,0.0000,0.0000,11.049,1.514,
1790704105.648,odom,0.0000,0.0000,11.049,1.514,
1790704105.679,odom,0.0000,0.0000,11.049,1.514,
1790704105.683,/auto_vel_raw,0.0000,0.0000,,,
1790704105.712,odom,0.0000,0.0000,11.049,1.514,
1790704105.757,odom,0.0000,0.0000,11.049,1.514,
1790704105.775,/auto_vel_raw,0.0000,0.0000,,,
1790704105.792,odom,0.0000,0.0000,11.049,1.514,
1790704105.826,odom,0.0000,0.0000,11.049,1.514,
1790704105.853,/auto_vel_raw,0.0000,0.0000,,,
1790704105.853,odom,0.0000,0.0000,11.049,1.514,
1790704105.884,odom,0.0000,0.0000,11.049,1.514,
1790704105.927,odom,0.0000,0.0000,11.049,1.514,
1790704105.941,/auto_vel_raw,0.0000,0.0000,,,
1790704105.960,odom,0.0000,0.0000,11.049,1.514,
1790704105.993,odom,0.0000,0.0000,11.049,1.514,
1790704106.036,/auto_vel_raw,0.0000,0.0000,,,
1790704106.036,odom,0.0000,0.0000,11.049,1.514,
1790704106.075,odom,0.0000,0.0000,11.049,1.514,
1790704106.108,odom,0.0000,0.0000,11.049,1.514,
1790704106.129,/auto_vel_raw,0.0000,0.0000,,,
1790704106.149,odom,0.0000,0.0000,11.049,1.514,
1790704106.191,odom,0.0000,0.0000,11.049,1.514,
1790704106.232,/auto_vel_raw,0.0000,0.0000,,,
1790704106.236,odom,0.0000,0.0000,11.049,1.514,
1790704106.276,odom,0.0000,0.0000,11.049,1.514,
1790704106.307,odom,0.0000,0.0000,11.049,1.514,
1790704106.326,/auto_vel_raw,0.0000,0.0000,,,
1790704106.342,odom,0.0000,0.0000,11.049,1.514,
1790704106.380,odom,0.0000,0.0000,11.049,1.514,
1790704106.415,odom,0.0000,0.0000,11.049,1.514,
1790704106.417,/auto_vel_raw,0.0000,0.0000,,,
1790704106.444,odom,0.0000,0.0000,11.049,1.514,
1790704106.475,odom,0.0000,0.0000,11.049,1.514,
1790704106.489,/auto_vel_raw,0.0000,0.0000,,,
1790704106.504,odom,0.0000,0.0000,11.049,1.514,
1790704106.536,odom,0.0000,0.0000,11.049,1.514,
1790704106.564,/auto_vel_raw,0.0000,0.0000,,,
1790704106.565,odom,0.0000,0.0000,11.049,1.514,
1790704106.607,odom,0.0000,0.0000,11.049,1.514,
1790704106.635,odom,0.0000,0.0000,11.049,1.514,
1790704106.651,/auto_vel_raw,0.0000,0.0000,,,
1790704106.673,odom,0.0000,0.0000,11.049,1.514,
1790704106.702,odom,0.0000,0.0000,11.049,1.514,
1790704106.737,/auto_vel_raw,0.0000,0.0000,,,
1790704106.739,odom,0.0000,0.0000,11.049,1.514,
1790704106.777,odom,0.0000,0.0000,11.049,1.514,
1790704106.806,odom,0.0000,0.0000,11.049,1.514,
1790704106.825,/auto_vel_raw,0.0000,0.0000,,,
1790704106.841,odom,0.0000,0.0000,11.049,1.514,
1790704106.878,odom,0.0000,0.0000,11.049,1.514,
1790704106.924,/auto_vel_raw,0.0000,0.0000,,,
1790704106.924,odom,0.0000,0.0000,11.049,1.514,
1790704106.962,odom,0.0000,0.0000,11.049,1.514,
1790704106.993,odom,0.0000,0.0000,11.049,1.514,
1790704107.008,/auto_vel_raw,0.0000,0.0000,,,
1790704107.025,odom,0.0000,0.0000,11.049,1.514,
1790704107.061,odom,0.0000,0.0000,11.049,1.514,
1790704107.103,odom,0.0000,0.0000,11.049,1.514,
1790704107.105,/auto_vel_raw,0.0000,0.0000,,,
1790704107.147,odom,0.0000,0.0000,11.049,1.514,
1790704107.182,odom,0.0000,0.0000,11.049,1.514,
1790704107.199,/auto_vel_raw,0.0000,0.0000,,,
1790704107.210,odom,0.0000,0.0000,11.049,1.514,
1790704107.242,odom,0.0000,0.0000,11.049,1.514,
1790704107.281,odom,0.0000,0.0000,11.049,1.514,
1790704107.283,/auto_vel_raw,0.0000,0.0000,,,
1790704107.318,odom,0.0000,0.0000,11.049,1.514,
1790704107.355,odom,0.0000,0.0000,11.049,1.514,
1790704107.364,/auto_vel_raw,0.0000,0.0000,,,
1790704107.380,odom,0.0000,0.0000,11.049,1.514,
1790704107.416,odom,0.0000,0.0000,11.049,1.514,
1790704107.448,/auto_vel_raw,0.0000,0.0000,,,
1790704107.449,odom,0.0000,0.0000,11.049,1.514,
1790704107.484,odom,0.0000,0.0000,11.049,1.514,
1790704107.523,odom,0.0000,0.0000,11.049,1.514,
1790704107.541,/auto_vel_raw,0.0000,0.0000,,,
1790704107.559,odom,0.0000,0.0000,11.049,1.514,
1790704107.596,odom,0.0000,0.0000,11.049,1.514,
1790704107.629,odom,0.0000,0.0000,11.049,1.514,
1790704107.633,/auto_vel_raw,0.0000,0.0000,,,
1790704107.669,odom,0.0000,0.0000,11.049,1.514,
1790704107.725,odom,0.0000,0.0000,11.049,1.514,
1790704107.771,/auto_vel_raw,0.0000,0.0000,,,
1790704107.789,odom,0.0000,0.0000,11.049,1.514,
1790704107.820,odom,0.0000,0.0000,11.049,1.514,
1790704107.862,/auto_vel_raw,0.0000,0.0000,,,
1790704107.865,odom,0.0000,0.0000,11.049,1.514,
1790704107.937,odom,0.0000,0.0000,11.049,1.514,
1790704107.985,odom,0.0000,0.0000,11.049,1.514,
1790704108.008,/auto_vel_raw,0.0000,0.0000,,,
1790704108.025,odom,0.0000,0.0000,11.049,1.514,
1790704108.062,odom,0.0000,0.0000,11.049,1.514,
1790704108.095,odom,0.0000,0.0000,11.049,1.514,
1790704108.099,/auto_vel_raw,0.0000,0.0000,,,
1790704108.135,odom,0.0000,0.0000,11.049,1.514,
1790704108.171,odom,0.0000,0.0000,11.049,1.514,
1790704108.183,/auto_vel_raw,0.0000,0.0000,,,
1790704108.199,odom,0.0000,0.0000,11.049,1.514,
1790704108.256,odom,0.0000,0.0000,11.049,1.514,
1790704108.323,/auto_vel_raw,0.0000,0.0000,,,
1790704108.326,odom,0.0000,0.0000,11.049,1.514,
1790704108.387,odom,0.0000,0.0000,11.049,1.514,
1790704108.453,odom,0.0000,0.0000,11.049,1.514,
1790704108.486,/auto_vel_raw,0.0000,0.0000,,,
1790704108.500,odom,0.0000,0.0000,11.049,1.514,
1790704108.536,odom,0.0000,0.0000,11.049,1.514,
1790704108.577,odom,0.0000,0.0000,11.049,1.514,
1790704108.578,/auto_vel_raw,0.0000,0.0000,,,
1790704108.624,odom,0.0000,0.0000,11.049,1.514,
1790704108.675,odom,0.0000,0.0000,11.049,1.514,
1790704108.690,/auto_vel_raw,0.0000,0.0000,,,
1790704108.709,odom,0.0000,0.0000,11.049,1.514,
1790704108.743,odom,0.0000,0.0000,11.049,1.514,
1790704108.796,odom,0.0000,0.0000,11.049,1.514,
1790704108.799,/auto_vel_raw,0.0000,0.0000,,,
1790704108.856,odom,0.0000,0.0000,11.049,1.514,
1790704108.904,odom,0.0000,0.0000,11.049,1.514,
1790704108.926,/auto_vel_raw,0.0000,0.0000,,,
1790704108.945,odom,0.0000,0.0000,11.049,1.514,
1790704109.023,odom,0.0000,0.0000,11.049,1.514,
1790704109.082,/auto_vel_raw,0.0000,0.0000,,,
1790704109.083,odom,0.0000,0.0000,11.049,1.514,
1790704109.155,odom,0.0000,0.0000,11.049,1.514,
1790704109.219,odom,0.0000,0.0000,11.049,1.514,
1790704109.248,/auto_vel_raw,0.0000,0.0000,,,
1790704109.281,odom,0.0000,0.0000,11.049,1.514,
1790704109.344,odom,0.0000,0.0000,11.049,1.514,
1790704109.392,/auto_vel_raw,0.0000,0.0000,,,
1790704109.393,odom,0.0000,0.0000,11.049,1.514,
1790704109.437,odom,0.0000,0.0000,11.049,1.514,
1790704109.481,odom,0.0000,0.0000,11.049,1.514,
1790704109.503,/auto_vel_raw,0.0000,0.0000,,,
1790704109.524,odom,0.0000,0.0000,11.049,1.514,
1790704109.585,odom,0.0000,0.0000,11.049,1.514,
1790704109.626,/auto_vel_raw,0.0000,0.0000,,,
1790704109.626,odom,0.0000,0.0000,11.049,1.514,
1790704109.680,odom,0.0000,0.0000,11.049,1.514,
1790704109.716,odom,0.0000,0.0000,11.049,1.514,
1790704109.742,/auto_vel_raw,0.0000,0.0000,,,
1790704109.757,odom,0.0000,0.0000,11.049,1.514,
1790704109.790,odom,0.0000,0.0000,11.049,1.514,
1790704109.823,/auto_vel_raw,0.0000,0.0000,,,
1790704109.823,odom,0.0000,0.0000,11.049,1.514,
1790704109.855,odom,0.0000,0.0000,11.049,1.514,
1790704109.888,odom,0.0000,0.0000,11.049,1.514,
1790704109.906,/auto_vel_raw,0.0000,0.0000,,,
1790704109.919,odom,0.0000,0.0000,11.049,1.514,
1790704109.955,odom,0.0000,0.0000,11.049,1.514,
1790704109.991,odom,0.0000,0.0000,11.049,1.514,
1790704109.992,/auto_vel_raw,0.0000,0.0000,,,
1790704110.029,odom,0.0000,0.0000,11.049,1.514,
1790704110.073,odom,0.0000,0.0000,11.049,1.514,
1790704110.096,/auto_vel_raw,0.0000,0.0000,,,
1790704110.120,odom,0.0000,0.0000,11.049,1.514,
1790704110.166,odom,0.0000,0.0000,11.049,1.514,
1790704110.210,odom,0.0000,0.0000,11.049,1.514,
1790704110.212,/auto_vel_raw,0.0000,0.0000,,,
1790704110.250,odom,0.0000,0.0000,11.049,1.514,
1790704110.283,odom,0.0000,0.0000,11.049,1.514,
1790704110.299,/auto_vel_raw,0.0000,0.0000,,,
1790704110.329,odom,0.0000,0.0000,11.049,1.514,
1790704110.395,odom,0.0000,0.0000,11.049,1.514,
1790704110.447,/auto_vel_raw,0.0000,0.0000,,,
1790704110.447,odom,0.0000,0.0000,11.049,1.514,
1790704110.481,odom,0.0000,0.0000,11.049,1.514,
1790704110.516,odom,0.0000,0.0000,11.049,1.514,
1790704110.531,/auto_vel_raw,0.0000,0.0000,,,
1790704110.549,odom,0.0000,0.0000,11.049,1.514,
1790704110.597,odom,0.0000,0.0000,11.049,1.514,
1790704110.659,/auto_vel_raw,0.0000,0.0000,,,
1790704110.661,odom,0.0000,0.0000,11.049,1.514,
1790704110.692,odom,0.0000,0.0000,11.049,1.514,
1790704110.726,odom,0.0000,0.0000,11.049,1.514,
1790704110.737,/auto_vel_raw,0.0000,0.0000,,,
1790704110.751,odom,0.0000,0.0000,11.049,1.514,
1790704110.783,odom,0.0000,0.0000,11.049,1.514,
1790704110.812,/auto_vel_raw,0.0000,0.0000,,,
1790704110.814,odom,0.0000,0.0000,11.049,1.514,
1790704110.846,odom,0.0000,0.0000,11.049,1.514,
1790704110.879,odom,0.0000,0.0000,11.049,1.514,
1790704110.896,/auto_vel_raw,0.0000,0.0000,,,
1790704110.911,odom,0.0000,0.0000,11.049,1.514,
1790704110.949,odom,0.0000,0.0000,11.049,1.514,
1790704110.995,odom,0.0000,0.0000,11.049,1.514,
1790704110.998,/auto_vel_raw,0.0000,0.0000,,,
1790704111.031,odom,0.0000,0.0000,11.049,1.514,
1790704111.089,odom,0.0000,0.0000,11.049,1.514,
1790704111.121,/auto_vel_raw,0.0000,0.0000,,,
1790704111.154,odom,0.0000,0.0000,11.049,1.514,
1790704111.191,odom,0.0000,0.0000,11.049,1.514,
1790704111.217,/auto_vel_raw,0.0000,0.0000,,,
1790704111.221,odom,0.0000,0.0000,11.049,1.514,
1790704111.251,odom,0.0000,0.0000,11.049,1.514,
1790704111.281,odom,0.0000,0.0000,11.049,1.514,
1790704111.306,/auto_vel_raw,0.0000,0.0000,,,
1790704111.328,odom,0.0000,0.0000,11.049,1.514,
1790704111.380,odom,0.0000,0.0000,11.049,1.514,
1790704111.411,odom,0.0000,0.0000,11.049,1.514,
1790704111.414,/auto_vel_raw,0.0000,0.0000,,,
1790704111.470,odom,0.0000,0.0000,11.049,1.514,
1790704111.532,odom,0.0000,0.0000,11.049,1.514,
1790704111.559,/auto_vel_raw,0.0000,0.0000,,,
1790704111.575,odom,0.0000,0.0000,11.049,1.514,
1790704111.601,odom,0.0000,0.0000,11.049,1.514,
1790704111.640,/auto_vel_raw,0.0000,0.0000,,,
1790704111.641,odom,0.0000,0.0000,11.049,1.514,
1790704111.708,odom,0.0000,0.0000,11.049,1.514,
1790704111.752,odom,0.0000,0.0000,11.049,1.514,
1790704111.789,/auto_vel_raw,0.0000,0.0000,,,
1790704111.819,odom,0.0000,0.0000,11.049,1.514,
1790704111.851,odom,0.0000,0.0000,11.049,1.514,
1790704111.886,odom,0.0000,0.0000,11.049,1.514,
1790704111.887,/auto_vel_raw,0.0000,0.0000,,,
1790704111.933,odom,0.0000,0.0000,11.049,1.514,
1790704111.979,odom,0.0000,0.0000,11.049,1.514,
1790704112.008,/auto_vel_raw,0.0000,0.0000,,,
1790704112.029,odom,0.0000,0.0000,11.049,1.514,
1790704112.065,odom,0.0000,0.0000,11.049,1.514,
1790704112.107,/auto_vel_raw,0.0000,0.0000,,,
1790704112.107,odom,0.0000,0.0000,11.049,1.514,
1790704112.148,odom,0.0000,0.0000,11.049,1.514,
1790704112.182,odom,0.0000,0.0000,11.049,1.514,
1790704112.202,/auto_vel_raw,0.0000,0.0000,,,
1790704112.216,odom,0.0000,0.0000,11.049,1.514,
1790704112.256,odom,0.0000,0.0000,11.049,1.514,
1790704112.303,odom,0.0000,0.0000,11.049,1.514,
1790704112.307,/auto_vel_raw,0.0000,0.0000,,,
1790704112.355,odom,0.0000,0.0000,11.049,1.514,
1790704112.382,odom,0.0000,0.0000,11.049,1.514,
1790704112.397,/auto_vel_raw,0.0000,0.0000,,,
1790704112.413,odom,0.0000,0.0000,11.049,1.514,
1790704112.445,odom,0.0000,0.0000,11.049,1.514,
1790704112.478,/auto_vel_raw,0.0000,0.0000,,,
1790704112.478,odom,0.0000,0.0000,11.049,1.514,
1790704112.506,odom,0.0000,0.0000,11.049,1.514,
1790704112.542,odom,0.0000,0.0000,11.049,1.514,
1790704112.559,/auto_vel_raw,0.0000,0.0000,,,
1790704112.573,odom,0.0000,0.0000,11.049,1.514,
1790704112.603,odom,0.0000,0.0000,11.049,1.514,
1790704112.641,/auto_vel_raw,0.0000,0.0000,,,
1790704112.641,odom,0.0000,0.0000,11.049,1.514,
1790704112.683,odom,0.0000,0.0000,11.049,1.514,
1790704112.733,odom,0.0000,0.0000,11.049,1.514,
1790704112.756,/auto_vel_raw,0.0000,0.0000,,,
1790704112.790,odom,0.0000,0.0000,11.049,1.514,
1790704112.851,odom,0.0000,0.0000,11.049,1.514,
1790704112.881,/auto_vel_raw,0.0000,0.0000,,,
1790704112.882,odom,0.0000,0.0000,11.049,1.514,
1790704112.912,odom,0.0000,0.0000,11.049,1.514,
1790704112.954,odom,0.0000,0.0000,11.049,1.514,
1790704112.977,/auto_vel_raw,0.0000,0.0000,,,
1790704112.998,odom,0.0000,0.0000,11.049,1.514,
1790704113.028,odom,0.0000,0.0000,11.049,1.514,
1790704113.066,odom,0.0000,0.0000,11.049,1.514,
1790704113.068,/auto_vel_raw,0.0000,0.0000,,,
1790704113.105,odom,0.0000,0.0000,11.049,1.514,
1790704113.144,odom,0.0000,0.0000,11.049,1.514,
1790704113.162,/auto_vel_raw,0.0000,0.0000,,,
1790704113.176,odom,0.0000,0.0000,11.049,1.514,
1790704113.210,odom,0.0000,0.0000,11.049,1.514,
1790704113.245,odom,0.0000,0.0000,11.049,1.514,
1790704113.247,/auto_vel_raw,0.0000,0.0000,,,
1790704113.285,odom,0.0000,0.0000,11.049,1.514,
1790704113.317,odom,0.0000,0.0000,11.049,1.514,
1790704113.336,/auto_vel_raw,0.0000,0.0000,,,
1790704113.354,odom,0.0000,0.0000,11.049,1.514,
1790704113.392,odom,0.0000,0.0000,11.049,1.514,
1790704113.426,/auto_vel_raw,0.0000,0.0000,,,
1790704113.427,odom,0.0000,0.0000,11.049,1.514,
1790704113.462,odom,0.0000,0.0000,11.049,1.514,
1790704113.504,odom,0.0000,0.0000,11.049,1.514,
1790704113.529,/auto_vel_raw,0.0000,0.0000,,,
1790704113.563,odom,0.0000,0.0000,11.049,1.514,
1790704113.617,odom,0.0000,0.0000,11.049,1.514,
1790704113.649,odom,0.0000,0.0000,11.049,1.514,
1790704113.651,/auto_vel_raw,0.0000,0.0000,,,
1790704113.681,odom,0.0000,0.0000,11.049,1.514,
1790704113.719,odom,0.0000,0.0000,11.049,1.514,
1790704113.733,/auto_vel_raw,0.0000,0.0000,,,
1790704113.749,odom,0.0000,0.0000,11.049,1.514,
1790704113.781,odom,0.0000,0.0000,11.049,1.514,
1790704113.820,/auto_vel_raw,0.0000,0.0000,,,
1790704113.820,odom,0.0000,0.0000,11.049,1.514,
1790704113.857,odom,0.0000,0.0000,11.049,1.514,
1790704113.884,odom,0.0000,0.0000,11.049,1.514,
1790704113.898,/auto_vel_raw,0.0000,0.0000,,,
1790704113.917,odom,0.0000,0.0000,11.049,1.514,
1790704113.955,odom,0.0000,0.0000,11.049,1.514,
1790704113.993,/auto_vel_raw,0.0000,0.0000,,,
1790704113.995,odom,0.0000,0.0000,11.049,1.514,
1790704114.030,odom,0.0000,0.0000,11.049,1.514,
1790704114.063,odom,0.0000,0.0000,11.049,1.514,
1790704114.085,/auto_vel_raw,0.0000,0.0000,,,
1790704114.099,odom,0.0000,0.0000,11.049,1.514,
1790704114.133,odom,0.0000,0.0000,11.049,1.514,
1790704114.170,/auto_vel_raw,0.0000,0.0000,,,
1790704114.171,odom,0.0000,0.0000,11.049,1.514,
1790704114.213,odom,0.0000,0.0000,11.049,1.514,
1790704114.248,odom,0.0000,0.0000,11.049,1.514,
1790704114.268,/auto_vel_raw,0.0000,0.0000,,,
1790704114.285,odom,0.0000,0.0000,11.049,1.514,
1790704114.325,odom,0.0000,0.0000,11.049,1.514,
1790704114.369,odom,0.0000,0.0000,11.049,1.514,
1790704114.371,/auto_vel_raw,0.0000,0.0000,,,
1790704114.425,odom,0.0000,0.0000,11.049,1.514,
1790704114.462,odom,0.0000,0.0000,11.049,1.514,
1790704114.477,/auto_vel_raw,0.0000,0.0000,,,
1790704114.486,odom,0.0000,0.0000,11.049,1.514,
1790704114.525,odom,0.0000,0.0000,11.049,1.514,
1790704114.557,/auto_vel_raw,0.0000,0.0000,,,
1790704114.559,odom,0.0000,0.0000,11.049,1.514,
1790704114.588,odom,0.0000,0.0000,11.049,1.514,
1790704114.621,odom,0.0000,0.0000,11.049,1.514,
1790704114.639,/auto_vel_raw,0.0000,0.0000,,,
1790704114.658,odom,0.0000,0.0000,11.049,1.514,
1790704114.699,odom,0.0000,0.0000,11.049,1.514,
1790704114.755,odom,0.0000,0.0000,11.049,1.514,
1790704114.758,/auto_vel_raw,0.0000,0.0000,,,
1790704114.794,odom,0.0000,0.0000,11.049,1.514,
1790704114.827,odom,0.0000,0.0000,11.049,1.514,
1790704114.847,/auto_vel_raw,0.0000,0.0000,,,
1790704114.866,odom,0.0000,0.0000,11.049,1.514,
1790704114.891,odom,0.0000,0.0000,11.049,1.514,
1790704114.923,odom,0.0000,0.0000,11.049,1.514,
1790704114.925,/auto_vel_raw,0.0000,0.0000,,,
1790704114.966,odom,0.0000,0.0000,11.049,1.514,
1790704114.993,odom,0.0000,0.0000,11.049,1.514,
1790704115.011,/auto_vel_raw,0.0000,0.0000,,,
1790704115.044,odom,0.0000,0.0000,11.049,1.514,
1790704115.093,odom,0.0000,0.0000,11.049,1.514,
1790704115.123,/auto_vel_raw,0.0000,0.0000,,,
1790704115.123,odom,0.0000,0.0000,11.049,1.514,
1790704115.169,odom,0.0000,0.0000,11.049,1.514,
1790704115.208,odom,0.0000,0.0000,11.049,1.514,
1790704115.230,/auto_vel_raw,0.0000,0.0000,,,
1790704115.268,odom,0.0000,0.0000,11.049,1.514,
1790704115.330,odom,0.0000,0.0000,11.049,1.514,
1790704115.355,odom,0.0000,0.0000,11.049,1.514,
1790704115.357,/auto_vel_raw,0.0000,0.0000,,,
1790704115.405,odom,0.0000,0.0000,11.049,1.514,
1790704115.464,odom,0.0000,0.0000,11.049,1.514,
1790704115.486,/auto_vel_raw,0.0000,0.0000,,,
1790704115.521,odom,0.0000,0.0000,11.049,1.514,
1790704115.575,odom,0.0000,0.0000,11.049,1.514,
1790704115.605,odom,0.0000,0.0000,11.049,1.514,
1790704115.609,/auto_vel_raw,0.0000,0.0000,,,
1790704115.654,odom,0.0000,0.0000,11.049,1.514,
1790704115.695,odom,0.0000,0.0000,11.049,1.514,
1790704115.734,/auto_vel_raw,0.0000,0.0000,,,
1790704115.760,odom,0.0000,0.0000,11.049,1.514,
1790704115.815,odom,0.0000,0.0000,11.049,1.514,
1790704115.865,/auto_vel_raw,0.0000,0.0000,,,
1790704115.865,odom,0.0000,0.0000,11.049,1.514,
1790704115.914,odom,0.0000,0.0000,11.049,1.514,
1790704115.979,odom,0.0000,0.0000,11.049,1.514,
1790704115.997,/auto_vel_raw,0.0000,0.0000,,,
1790704116.011,odom,0.0000,0.0000,11.049,1.514,
1790704116.040,odom,0.0000,0.0000,11.049,1.514,
1790704116.084,/auto_vel_raw,0.0000,0.0000,,,
1790704116.085,odom,0.0000,0.0000,11.049,1.514,
1790704116.144,odom,0.0000,0.0000,11.049,1.514,
1790704116.200,odom,0.0000,0.0000,11.049,1.514,
1790704116.225,/auto_vel_raw,0.0000,0.0000,,,
1790704116.259,odom,0.0000,0.0000,11.049,1.514,
1790704116.298,odom,0.0000,0.0000,11.049,1.514,
1790704116.334,/auto_vel_raw,0.0000,0.0000,,,
1790704116.334,odom,0.0000,0.0000,11.049,1.514,
1790704116.373,odom,0.0000,0.0000,11.049,1.514,
1790704116.417,odom,0.0000,0.0000,11.049,1.514,
1790704116.439,/auto_vel_raw,0.0000,0.0000,,,
1790704116.469,odom,0.0000,0.0000,11.049,1.514,
1790704116.538,odom,0.0000,0.0000,11.049,1.514,
1790704116.574,odom,0.0000,0.0000,11.049,1.514,
1790704116.576,/auto_vel_raw,0.0000,0.0000,,,
1790704116.607,odom,0.0000,0.0000,11.049,1.514,
1790704116.642,odom,0.0000,0.0000,11.049,1.514,
1790704116.658,/auto_vel_raw,0.0000,0.0000,,,
1790704116.677,odom,0.0000,0.0000,11.049,1.514,
1790704116.732,odom,0.0000,0.0000,11.049,1.514,
1790704116.786,/auto_vel_raw,0.0000,0.0000,,,
1790704116.787,odom,0.0000,0.0000,11.049,1.514,
1790704116.825,odom,0.0000,0.0000,11.049,1.514,
1790704116.873,odom,0.0000,0.0000,11.049,1.514,
1790704116.906,/auto_vel_raw,0.0000,0.0000,,,
1790704116.920,odom,0.0000,0.0000,11.049,1.514,
1790704116.970,odom,0.0000,0.0000,11.049,1.514,
1790704117.005,/auto_vel_raw,0.0000,0.0000,,,
1790704117.008,odom,0.0000,0.0000,11.049,1.514,
1790704117.055,odom,0.0000,0.0000,11.049,1.514,
1790704117.086,odom,0.0000,0.0000,11.049,1.514,
1790704117.101,/auto_vel_raw,0.0000,0.0000,,,
1790704117.119,odom,0.0000,0.0000,11.049,1.514,
1790704117.145,odom,0.0000,0.0000,11.049,1.514,
1790704117.183,odom,0.0000,0.0000,11.049,1.514,
1790704117.185,/auto_vel_raw,0.0000,0.0000,,,
1790704117.227,odom,0.0000,0.0000,11.049,1.514,
1790704117.251,odom,0.0000,0.0000,11.049,1.514,
1790704117.281,/auto_vel_raw,0.0000,0.0000,,,
1790704117.295,odom,0.0000,0.0000,11.049,1.514,
1790704117.329,odom,0.0000,0.0000,11.049,1.514,
1790704117.370,odom,0.0000,0.0000,11.049,1.514,
1790704117.381,/auto_vel_raw,0.0000,0.0000,,,
1790704117.427,odom,0.0000,0.0000,11.049,1.514,
1790704117.460,odom,0.0000,0.0000,11.049,1.514,
1790704117.477,/auto_vel_raw,0.0000,0.0000,,,
1790704117.489,odom,0.0000,0.0000,11.049,1.514,
1790704117.534,odom,0.0000,0.0000,11.049,1.514,
1790704117.599,/auto_vel_raw,0.0000,0.0000,,,
1790704117.600,odom,0.0000,0.0000,11.049,1.514,
1790704117.663,odom,0.0000,0.0000,11.049,1.514,
1790704117.725,odom,0.0000,0.0000,11.049,1.514,
1790704117.744,/auto_vel_raw,0.0000,0.0000,,,
1790704117.762,odom,0.0000,0.0000,11.049,1.514,
1790704117.796,odom,0.0000,0.0000,11.049,1.514,
1790704117.831,odom,0.0000,0.0000,11.049,1.514,
1790704117.832,/auto_vel_raw,0.0000,0.0000,,,
1790704117.867,odom,0.0000,0.0000,11.049,1.514,
1790704117.902,odom,0.0000,0.0000,11.049,1.514,
1790704117.922,/auto_vel_raw,0.0000,0.0000,,,
1790704117.931,odom,0.0000,0.0000,11.049,1.514,
1790704117.987,odom,0.0000,0.0000,11.049,1.514,
1790704118.037,odom,0.0000,0.0000,11.049,1.514,
1790704118.040,/auto_vel_raw,0.0000,0.0000,,,
1790704118.065,odom,0.0000,0.0000,11.049,1.514,
1790704118.100,odom,0.0000,0.0000,11.049,1.514,
1790704118.121,/auto_vel_raw,0.0000,0.0000,,,
1790704118.140,odom,0.0000,0.0000,11.049,1.514,
1790704118.180,odom,0.0000,0.0000,11.049,1.514,
1790704118.237,odom,0.0000,0.0000,11.049,1.514,
1790704118.240,/auto_vel_raw,0.0000,0.0000,,,
1790704118.283,odom,0.0000,0.0000,11.049,1.514,
1790704118.351,odom,0.0000,0.0000,11.049,1.514,
1790704118.369,/auto_vel_raw,0.0000,0.0000,,,
1790704118.385,odom,0.0000,0.0000,11.049,1.514,
1790704118.450,odom,0.0000,0.0000,11.049,1.514,
1790704118.511,/auto_vel_raw,0.0000,0.0000,,,
1790704118.512,odom,0.0000,0.0000,11.049,1.514,
1790704118.561,odom,0.0000,0.0000,11.049,1.514,
1790704118.622,odom,0.0000,0.0000,11.049,1.514,
1790704118.658,/auto_vel_raw,0.0000,0.0000,,,
1790704118.685,odom,0.0000,0.0000,11.049,1.514,
1790704118.719,odom,0.0000,0.0000,11.049,1.514,
1790704118.758,/auto_vel_raw,0.0000,0.0000,,,
1790704118.762,odom,0.0000,0.0000,11.049,1.514,
1790704118.820,odom,0.0000,0.0000,11.049,1.514,
1790704118.866,odom,0.0000,0.0000,11.049,1.514,
1790704118.881,/auto_vel_raw,0.0000,0.0000,,,
1790704118.899,odom,0.0000,0.0000,11.049,1.514,
1790704118.948,odom,0.0000,0.0000,11.049,1.514,
1790704118.990,odom,0.0000,0.0000,11.049,1.514,
1790704118.992,/auto_vel_raw,0.0000,0.0000,,,
1790704119.033,odom,0.0000,0.0000,11.049,1.514,
1790704119.101,odom,0.0000,0.0000,11.049,1.514,
1790704119.128,/auto_vel_raw,0.0000,0.0000,,,
1790704119.144,odom,0.0000,0.0000,11.049,1.514,
1790704119.191,odom,0.0000,0.0000,11.049,1.514,
1790704119.224,odom,0.0000,0.0000,11.049,1.514,
1790704119.225,/auto_vel_raw,0.0000,0.0000,,,
1790704119.267,odom,0.0000,0.0000,11.049,1.514,
1790704119.311,odom,0.0000,0.0000,11.049,1.514,
1790704119.339,/auto_vel_raw,0.0000,0.0000,,,
1790704119.356,odom,0.0000,0.0000,11.049,1.514,
1790704119.395,odom,0.0000,0.0000,11.049,1.514,
1790704119.425,odom,0.0000,0.0000,11.049,1.514,
1790704119.428,/auto_vel_raw,0.0000,0.0000,,,
1790704119.454,odom,0.0000,0.0000,11.049,1.514,
1790704119.487,odom,0.0000,0.0000,11.049,1.514,
1790704119.503,/auto_vel_raw,0.0000,0.0000,,,
1790704119.527,odom,0.0000,0.0000,11.049,1.514,
1790704119.565,odom,0.0000,0.0000,11.049,1.514,
1790704119.598,odom,0.0000,0.0000,11.049,1.514,
1790704119.601,/auto_vel_raw,0.0000,0.0000,,,
1790704119.635,odom,0.0000,0.0000,11.049,1.514,
1790704119.673,odom,0.0000,0.0000,11.049,1.514,
1790704119.685,/auto_vel_raw,0.0000,0.0000,,,
1790704119.705,odom,0.0000,0.0000,11.049,1.514,
1790704119.738,odom,0.0000,0.0000,11.049,1.514,
1790704119.784,odom,0.0000,0.0000,11.049,1.514,
1790704119.789,/auto_vel_raw,0.0000,0.0000,,,
1790704119.808,odom,0.0000,0.0000,11.049,1.514,
1790704119.841,odom,0.0000,0.0000,11.049,1.514,
1790704119.859,/auto_vel_raw,0.0000,0.0000,,,
1790704119.882,odom,0.0000,0.0000,11.049,1.514,
1790704119.938,odom,0.0000,0.0000,11.049,1.514,
1790704119.981,/auto_vel_raw,0.0000,0.0000,,,
1790704119.982,odom,0.0000,0.0000,11.049,1.514,
1790704120.020,odom,0.0000,0.0000,11.049,1.514,
1790704120.051,odom,0.0000,0.0000,11.049,1.514,
1790704120.070,/auto_vel_raw,0.0000,0.0000,,,
1790704120.089,odom,0.0000,0.0000,11.049,1.514,
1790704120.127,odom,0.0000,0.0000,11.049,1.514,
1790704120.155,/auto_vel_raw,0.0000,0.0000,,,
1790704120.156,odom,0.0000,0.0000,11.049,1.514,
1790704120.194,odom,0.0000,0.0000,11.049,1.514,
1790704120.222,odom,0.0000,0.0000,11.049,1.514,
1790704120.249,/auto_vel_raw,0.0000,0.0000,,,
1790704120.263,odom,0.0000,0.0000,11.049,1.514,
1790704120.297,odom,0.0000,0.0000,11.049,1.514,
1790704120.329,/auto_vel_raw,0.0000,0.0000,,,
1790704120.330,odom,0.0000,0.0000,11.049,1.514,
1790704120.369,odom,0.0000,0.0000,11.049,1.514,
1790704120.402,odom,0.0000,0.0000,11.049,1.514,
1790704120.418,/auto_vel_raw,0.0000,0.0000,,,
1790704120.433,odom,0.0000,0.0000,11.049,1.514,
1790704120.472,odom,0.0000,0.0000,11.049,1.514,
1790704120.501,/auto_vel_raw,0.0000,0.0000,,,
1790704120.505,odom,0.0000,0.0000,11.049,1.514,
1790704120.541,odom,0.0000,0.0000,11.049,1.514,
1790704120.568,odom,0.0000,0.0000,11.049,1.514,
1790704120.583,/auto_vel_raw,0.0000,0.0000,,,
1790704120.599,odom,0.0000,0.0000,11.049,1.514,
1790704120.633,odom,0.0000,0.0000,11.049,1.514,
1790704120.685,/auto_vel_raw,0.0000,0.0000,,,
1790704120.686,odom,0.0000,0.0000,11.049,1.514,
1790704120.746,odom,0.0000,0.0000,11.049,1.514,
1790704120.794,odom,0.0000,0.0000,11.049,1.514,
1790704120.807,/auto_vel_raw,0.0000,0.0000,,,
1790704120.826,odom,0.0000,0.0000,11.049,1.514,
1790704120.865,odom,0.0000,0.0000,11.049,1.514,
1790704120.901,odom,0.0000,0.0000,11.049,1.514,
1790704120.903,/auto_vel_raw,0.0000,0.0000,,,
1790704120.927,odom,0.0000,0.0000,11.049,1.514,
1790704120.959,odom,0.0000,0.0000,11.049,1.514,
1790704120.974,/auto_vel_raw,0.0000,0.0000,,,
1790704120.994,odom,0.0000,0.0000,11.049,1.514,
1790704121.029,odom,0.0000,0.0000,11.049,1.514,
1790704121.067,/auto_vel_raw,0.0000,0.0000,,,
1790704121.067,odom,0.0000,0.0000,11.049,1.514,
1790704121.103,odom,0.0000,0.0000,11.049,1.514,
1790704121.150,odom,0.0000,0.0000,11.049,1.514,
1790704121.184,/auto_vel_raw,0.0000,0.0000,,,
1790704121.215,odom,0.0000,0.0000,11.049,1.514,
1790704121.274,odom,0.0000,0.0000,11.049,1.514,
1790704121.304,/auto_vel_raw,0.0000,0.0000,,,
1790704121.305,odom,0.0000,0.0000,11.049,1.514,
1790704121.330,odom,0.0000,0.0000,11.049,1.514,
1790704121.361,odom,0.0000,0.0000,11.049,1.514,
1790704121.372,/auto_vel_raw,0.0000,0.0000,,,
1790704121.391,odom,0.0000,0.0000,11.049,1.514,
1790704121.427,odom,0.0000,0.0000,11.049,1.514,
1790704121.460,odom,0.0000,0.0000,11.049,1.514,
1790704121.466,/auto_vel_raw,0.0000,0.0000,,,
1790704121.497,odom,0.0000,0.0000,11.049,1.514,
1790704121.535,odom,0.0000,0.0000,11.049,1.514,
1790704121.552,/auto_vel_raw,0.0000,0.0000,,,
1790704121.581,odom,0.0000,0.0000,11.049,1.514,
1790704121.620,odom,0.0000,0.0000,11.049,1.514,
1790704121.658,odom,0.0000,0.0000,11.049,1.514,
1790704121.660,/auto_vel_raw,0.0000,0.0000,,,
1790704121.698,odom,0.0000,0.0000,11.049,1.514,
1790704121.740,odom,0.0000,0.0000,11.049,1.514,
1790704121.757,/auto_vel_raw,0.0000,0.0000,,,
1790704121.773,odom,0.0000,0.0000,11.049,1.514,
1790704121.801,odom,0.0000,0.0000,11.049,1.514,
1790704121.834,/auto_vel_raw,0.0000,0.0000,,,
1790704121.834,odom,0.0000,0.0000,11.049,1.514,
1790704121.860,odom,0.0000,0.0000,11.049,1.514,
1790704121.894,odom,0.0000,0.0000,11.049,1.514,
1790704121.909,/auto_vel_raw,0.0000,0.0000,,,
1790704121.926,odom,0.0000,0.0000,11.049,1.514,
1790704121.968,odom,0.0000,0.0000,11.049,1.514,
1790704122.001,odom,0.0000,0.0000,11.049,1.514,
1790704122.008,/auto_vel_raw,0.0000,0.0000,,,
1790704122.036,odom,0.0000,0.0000,11.049,1.514,
1790704122.075,odom,0.0000,0.0000,11.049,1.514,
1790704122.087,/auto_vel_raw,0.0000,0.0000,,,
1790704122.102,odom,0.0000,0.0000,11.049,1.514,
1790704122.136,odom,0.0000,0.0000,11.049,1.514,
1790704122.168,/auto_vel_raw,0.0000,0.0000,,,
1790704122.169,odom,0.0000,0.0000,11.049,1.514,
1790704122.204,odom,0.0000,0.0000,11.049,1.514,
1790704122.246,odom,0.0000,0.0000,11.049,1.514,
1790704122.272,/auto_vel_raw,0.0000,0.0000,,,
1790704122.290,odom,0.0000,0.0000,11.049,1.514,
1790704122.331,odom,0.0000,0.0000,11.049,1.514,
1790704122.367,/auto_vel_raw,0.0000,0.0000,,,
1790704122.367,odom,0.0000,0.0000,11.049,1.514,
1790704122.420,odom,0.0000,0.0000,11.049,1.514,
1790704122.447,odom,0.0000,0.0000,11.049,1.514,
1790704122.474,/auto_vel_raw,0.0000,0.0000,,,
1790704122.489,odom,0.0000,0.0000,11.049,1.514,
1790704122.523,odom,0.0000,0.0000,11.049,1.514,
1790704122.568,/auto_vel_raw,0.0000,0.0000,,,
1790704122.569,odom,0.0000,0.0000,11.049,1.514,
1790704122.621,odom,0.0000,0.0000,11.049,1.514,
1790704122.670,odom,0.0000,0.0000,11.049,1.514,
1790704122.697,/auto_vel_raw,0.0000,0.0000,,,
1790704122.735,odom,0.0000,0.0000,11.049,1.514,
1790704122.800,odom,0.0000,0.0000,11.049,1.514,
1790704122.866,/auto_vel_raw,0.0000,0.0000,,,
1790704122.866,odom,0.0000,0.0000,11.049,1.514,
1790704122.909,odom,0.0000,0.0000,11.049,1.514,
1790704122.950,odom,0.0000,0.0000,11.049,1.514,
1790704122.980,/auto_vel_raw,0.0000,0.0000,,,
1790704123.006,odom,0.0000,0.0000,11.049,1.514,
1790704123.043,odom,0.0000,0.0000,11.049,1.514,
1790704123.073,/auto_vel_raw,0.0000,0.0000,,,
1790704123.077,odom,0.0000,0.0000,11.049,1.514,
1790704123.111,odom,0.0000,0.0000,11.049,1.514,
1790704123.144,odom,0.0000,0.0000,11.049,1.514,
1790704123.177,/auto_vel_raw,0.0000,0.0000,,,
1790704123.200,odom,0.0000,0.0000,11.049,1.514,
1790704123.254,odom,0.0000,0.0000,11.049,1.514,
1790704123.308,odom,0.0000,0.0000,11.049,1.514,
1790704123.309,/auto_vel_raw,0.0000,0.0000,,,
1790704123.348,odom,0.0000,0.0000,11.049,1.514,
1790704123.379,odom,0.0000,0.0000,11.049,1.514,
1790704123.396,/auto_vel_raw,0.0000,0.0000,,,
1790704123.408,odom,0.0000,0.0000,11.049,1.514,
1790704123.439,odom,0.0000,0.0000,11.049,1.514,
1790704123.467,odom,0.0000,0.0000,11.049,1.514,
1790704123.469,/auto_vel_raw,0.0000,0.0000,,,
1790704123.500,odom,0.0000,0.0000,11.049,1.514,
1790704123.550,odom,0.0000,0.0000,11.049,1.514,
1790704123.579,/auto_vel_raw,0.0000,0.0000,,,
1790704123.606,odom,0.0000,0.0000,11.049,1.514,
1790704123.661,odom,0.0000,0.0000,11.049,1.514,
1790704123.714,odom,0.0000,0.0000,11.049,1.514,
1790704123.726,/auto_vel_raw,0.0000,0.0000,,,
1790704123.776,odom,0.0000,0.0000,11.049,1.514,
1790704123.812,odom,0.0000,0.0000,11.049,1.514,
1790704123.834,/auto_vel_raw,0.0000,0.0000,,,
1790704123.861,odom,0.0000,0.0000,11.049,1.514,
1790704123.918,odom,0.0000,0.0000,11.049,1.514,
1790704123.979,/auto_vel_raw,0.0000,0.0000,,,
1790704123.980,odom,0.0000,0.0000,11.049,1.514,
1790704124.019,odom,0.0000,0.0000,11.049,1.514,
1790704124.086,odom,0.0000,0.0000,11.049,1.514,
1790704124.110,/auto_vel_raw,0.0000,0.0000,,,
1790704124.138,odom,0.0000,0.0000,11.049,1.514,
1790704124.195,odom,0.0000,0.0000,11.049,1.514,
1790704124.259,odom,0.0000,0.0000,11.049,1.514,
1790704124.262,/auto_vel_raw,0.0000,0.0000,,,
1790704124.309,odom,0.0000,0.0000,11.049,1.514,
1790704124.367,odom,0.0000,0.0000,11.049,1.514,
1790704124.389,/auto_vel_raw,0.0000,0.0000,,,
1790704124.420,odom,0.0000,0.0000,11.049,1.514,
1790704124.468,odom,0.0000,0.0000,11.049,1.514,
1790704124.514,/auto_vel_raw,0.0000,0.0000,,,
1790704124.515,odom,0.0000,0.0000,11.049,1.514,
1790704124.556,odom,0.0000,0.0000,11.049,1.514,
1790704124.595,odom,0.0000,0.0000,11.049,1.514,
1790704124.608,/auto_vel_raw,0.0000,0.0000,,,
1790704124.624,odom,0.0000,0.0000,11.049,1.514,
1790704124.662,odom,0.0000,0.0000,11.049,1.514,
1790704124.700,/auto_vel_raw,0.0000,0.0000,,,
1790704124.701,odom,0.0000,0.0000,11.049,1.514,
1790704124.742,odom,0.0000,0.0000,11.049,1.514,
1790704124.792,odom,0.0000,0.0000,11.049,1.514,
1790704124.814,/auto_vel_raw,0.0000,0.0000,,,
1790704124.844,odom,0.0000,0.0000,11.049,1.514,
1790704124.879,odom,0.0000,0.0000,11.049,1.514,
1790704124.915,/auto_vel_raw,0.0000,0.0000,,,
1790704124.915,odom,0.0000,0.0000,11.049,1.514,
1790704124.959,odom,0.0000,0.0000,11.049,1.514,
1790704125.017,odom,0.0000,0.0000,11.049,1.514,
1790704125.048,/auto_vel_raw,0.0000,0.0000,,,
1790704125.058,odom,0.0000,0.0000,11.049,1.514,
1790704125.082,odom,0.0000,0.0000,11.049,1.514,
1790704125.125,/auto_vel_raw,0.0000,0.0000,,,
1790704125.128,odom,0.0000,0.0000,11.049,1.514,
1790704125.175,odom,0.0000,0.0000,11.049,1.514,
1790704125.229,odom,0.0000,0.0000,11.049,1.514,
1790704125.263,/auto_vel_raw,0.0000,0.0000,,,
1790704125.294,odom,0.0000,0.0000,11.049,1.514,
1790704125.344,odom,0.0000,0.0000,11.049,1.514,
1790704125.411,odom,0.0000,0.0000,11.049,1.514,
1790704125.416,/auto_vel_raw,0.0000,0.0000,,,
1790704125.471,odom,0.0000,0.0000,11.049,1.514,
1790704125.506,odom,0.0000,0.0000,11.049,1.514,
1790704125.529,/auto_vel_raw,0.0000,0.0000,,,
1790704125.559,odom,0.0000,0.0000,11.049,1.514,
1790704125.611,odom,0.0000,0.0000,11.049,1.514,
1790704125.673,odom,0.0000,0.0000,11.049,1.514,
1790704125.675,/auto_vel_raw,0.0000,0.0000,,,
1790704125.722,odom,0.0000,0.0000,11.049,1.514,
1790704125.754,odom,0.0000,0.0000,11.049,1.514,
1790704125.767,/auto_vel_raw,0.0000,0.0000,,,
1790704125.785,odom,0.0000,0.0000,11.049,1.514,
1790704125.820,odom,0.0000,0.0000,11.049,1.514,
1790704125.863,odom,0.0000,0.0000,11.049,1.514,
1790704125.866,/auto_vel_raw,0.0000,0.0000,,,
1790704125.935,odom,0.0000,0.0000,11.049,1.514,
1790704125.991,odom,0.0000,0.0000,11.049,1.514,
1790704126.011,/auto_vel_raw,0.0000,0.0000,,,
1790704126.033,odom,0.0000,0.0000,11.049,1.514,
1790704126.088,odom,0.0000,0.0000,11.049,1.514,
1790704126.157,odom,0.0000,0.0000,11.049,1.514,
1790704126.160,/auto_vel_raw,0.0000,0.0000,,,
1790704126.194,odom,0.0000,0.0000,11.049,1.514,
1790704126.250,odom,0.0000,0.0000,11.049,1.514,
1790704126.270,/auto_vel_raw,0.0000,0.0000,,,
1790704126.291,odom,0.0000,0.0000,11.049,1.514,
1790704126.355,odom,0.0000,0.0000,11.049,1.514,
1790704126.393,odom,0.0000,0.0000,11.049,1.514,
1790704126.395,/auto_vel_raw,0.0000,0.0000,,,
1790704126.428,odom,0.0000,0.0000,11.049,1.514,
1790704126.464,odom,0.0000,0.0000,11.049,1.514,
1790704126.482,/auto_vel_raw,0.0000,0.0000,,,
1790704126.498,odom,0.0000,0.0000,11.049,1.514,
1790704126.529,odom,0.0000,0.0000,11.049,1.514,
1790704126.575,odom,0.0000,0.0000,11.049,1.514,
1790704126.579,/auto_vel_raw,0.0000,0.0000,,,
1790704126.653,odom,0.0000,0.0000,11.049,1.514,
1790704126.708,odom,0.0000,0.0000,11.049,1.514,
1790704126.725,/auto_vel_raw,0.0000,0.0000,,,
1790704126.741,odom,0.0000,0.0000,11.049,1.514,
1790704126.779,odom,0.0000,0.0000,11.049,1.514,
1790704126.810,odom,0.0000,0.0000,11.049,1.514,
1790704126.813,/auto_vel_raw,0.0000,0.0000,,,
1790704126.851,odom,0.0000,0.0000,11.049,1.514,
1790704126.887,odom,0.0000,0.0000,11.049,1.514,
1790704126.909,/auto_vel_raw,0.0000,0.0000,,,
1790704126.925,odom,0.0000,0.0000,11.049,1.514,
1790704126.965,odom,0.0000,0.0000,11.049,1.514,
1790704127.005,/auto_vel_raw,0.0000,0.0000,,,
1790704127.005,odom,0.0000,0.0000,11.049,1.514,
1790704127.044,odom,0.0000,0.0000,11.049,1.514,
1790704127.078,odom,0.0000,0.0000,11.049,1.514,
1790704127.093,/auto_vel_raw,0.0000,0.0000,,,
1790704127.107,odom,0.0000,0.0000,11.049,1.514,
1790704127.137,odom,0.0000,0.0000,11.049,1.514,
1790704127.186,/auto_vel_raw,0.0000,0.0000,,,
1790704127.188,odom,0.0000,0.0000,11.049,1.514,
1790704127.231,odom,0.0000,0.0000,11.049,1.514,
1790704127.296,odom,0.0000,0.0000,11.049,1.514,
1790704127.317,/auto_vel_raw,0.0000,0.0000,,,
1790704127.334,odom,0.0000,0.0000,11.049,1.514,
1790704127.362,odom,0.0000,0.0000,11.049,1.514,
1790704127.386,/auto_vel_raw,0.0000,0.0000,,,
1790704127.391,odom,0.0000,0.0000,11.049,1.514,
1790704127.423,odom,0.0000,0.0000,11.049,1.514,
1790704127.460,odom,0.0000,0.0000,11.049,1.514,
1790704127.476,/auto_vel_raw,0.0000,0.0000,,,
1790704127.494,odom,0.0000,0.0000,11.049,1.514,
1790704127.536,odom,0.0000,0.0000,11.049,1.514,
1790704127.571,/auto_vel_raw,0.0000,0.0000,,,
1790704127.574,odom,0.0000,0.0000,11.049,1.514,
1790704127.616,odom,0.0000,0.0000,11.049,1.514,
1790704127.653,odom,0.0000,0.0000,11.049,1.514,
1790704127.668,/auto_vel_raw,0.0000,0.0000,,,
1790704127.689,odom,0.0000,0.0000,11.049,1.514,
1790704127.721,odom,0.0000,0.0000,11.049,1.514,
1790704127.758,/auto_vel_raw,0.0000,0.0000,,,
1790704127.758,odom,0.0000,0.0000,11.049,1.514,
1790704127.795,odom,0.0000,0.0000,11.049,1.514,
1790704127.833,odom,0.0000,0.0000,11.049,1.514,
1790704127.852,/auto_vel_raw,0.0000,0.0000,,,
1790704127.870,odom,0.0000,0.0000,11.049,1.514,
1790704127.906,odom,0.0000,0.0000,11.049,1.514,
1790704127.950,odom,0.0000,0.0000,11.049,1.514,
1790704127.952,/auto_vel_raw,0.0000,0.0000,,,
1790704127.988,odom,0.0000,0.0000,11.049,1.514,
1790704128.040,odom,0.0000,0.0000,11.049,1.514,
1790704128.061,/auto_vel_raw,0.0000,0.0000,,,
1790704128.082,odom,0.0000,0.0000,11.049,1.514,
1790704128.112,odom,0.0000,0.0000,11.049,1.514,
1790704128.157,odom,0.0000,0.0000,11.049,1.514,
1790704128.164,/auto_vel_raw,0.0000,0.0000,,,
1790704128.186,odom,0.0000,0.0000,11.049,1.514,
1790704128.251,odom,0.0000,0.0000,11.049,1.514,
1790704128.274,/auto_vel_raw,0.0000,0.0000,,,
1790704128.292,odom,0.0000,0.0000,11.049,1.514,
1790704128.326,odom,0.0000,0.0000,11.049,1.514,
1790704128.357,/auto_vel_raw,0.0000,0.0000,,,
1790704128.357,odom,0.0000,0.0000,11.049,1.514,
1790704128.398,odom,0.0000,0.0000,11.049,1.514,
1790704128.430,odom,0.0000,0.0000,11.049,1.514,
1790704128.450,/auto_vel_raw,0.0000,0.0000,,,
1790704128.467,odom,0.0000,0.0000,11.049,1.514,
1790704128.510,odom,0.0000,0.0000,11.049,1.514,
1790704128.550,odom,0.0000,0.0000,11.049,1.514,
1790704128.552,/auto_vel_raw,0.0000,0.0000,,,
1790704128.592,odom,0.0000,0.0000,11.049,1.514,
1790704128.646,odom,0.0000,0.0000,11.049,1.514,
1790704128.658,/auto_vel_raw,0.0000,0.0000,,,
1790704128.685,odom,0.0000,0.0000,11.049,1.514,
1790704128.731,odom,0.0000,0.0000,11.049,1.514,
1790704128.763,/auto_vel_raw,0.0000,0.0000,,,
1790704128.763,odom,0.0000,0.0000,11.049,1.514,
1790704128.801,odom,0.0000,0.0000,11.049,1.514,
1790704128.841,odom,0.0000,0.0000,11.049,1.514,
1790704128.857,/auto_vel_raw,0.0000,0.0000,,,
1790704128.877,odom,0.0000,0.0000,11.049,1.514,
1790704128.912,odom,0.0000,0.0000,11.049,1.514,
1790704128.950,/auto_vel_raw,0.0000,0.0000,,,
1790704128.951,odom,0.0000,0.0000,11.049,1.514,
1790704128.993,odom,0.0000,0.0000,11.049,1.514,
1790704129.034,odom,0.0000,0.0000,11.049,1.514,
1790704129.050,/auto_vel_raw,0.0000,0.0000,,,
1790704129.068,odom,0.0000,0.0000,11.049,1.514,
1790704129.098,odom,0.0000,0.0000,11.049,1.514,
1790704129.128,odom,0.0000,0.0000,11.049,1.514,
1790704129.133,/auto_vel_raw,0.0000,0.0000,,,
1790704129.162,odom,0.0000,0.0000,11.049,1.514,
1790704129.200,odom,0.0000,0.0000,11.049,1.514,
1790704129.216,/auto_vel_raw,0.0000,0.0000,,,
1790704129.231,odom,0.0000,0.0000,11.049,1.514,
1790704129.282,odom,0.0000,0.0000,11.049,1.514,
1790704129.314,/auto_vel_raw,0.0000,0.0000,,,
1790704129.317,odom,0.0000,0.0000,11.049,1.514,
1790704129.353,odom,0.0000,0.0000,11.049,1.514,
1790704129.389,odom,0.0000,0.0000,11.049,1.514,
1790704129.409,/auto_vel_raw,0.0000,0.0000,,,
1790704129.429,odom,0.0000,0.0000,11.049,1.514,
1790704129.469,odom,0.0000,0.0000,11.049,1.514,
1790704129.521,odom,0.0000,0.0000,11.049,1.514,
1790704129.531,/auto_vel_raw,0.0000,0.0000,,,
1790704129.558,odom,0.0000,0.0000,11.049,1.514,
1790704129.594,odom,0.0000,0.0000,11.049,1.514,
1790704129.624,/auto_vel_raw,0.0000,0.0000,,,
1790704129.654,odom,0.0000,0.0000,11.049,1.514,
1790704129.699,odom,0.0000,0.0000,11.049,1.514,
1790704129.764,/auto_vel_raw,0.0000,0.0000,,,
1790704129.765,odom,0.0000,0.0000,11.049,1.514,
1790704129.798,odom,0.0000,0.0000,11.049,1.514,
1790704129.846,odom,0.0000,0.0000,11.049,1.514,
1790704129.868,/auto_vel_raw,0.0000,0.0000,,,
1790704129.892,odom,0.0000,0.0000,11.049,1.514,
1790704129.919,odom,0.0000,0.0000,11.049,1.514,
1790704129.969,/auto_vel_raw,0.0000,0.0000,,,
1790704129.973,odom,0.0000,0.0000,11.049,1.514,
1790704130.059,odom,0.0000,0.0000,11.049,1.514,
1790704130.098,odom,0.0000,0.0000,11.049,1.514,
1790704130.120,/auto_vel_raw,0.0000,0.0000,,,
1790704130.137,odom,0.0000,0.0000,11.049,1.514,
1790704130.182,odom,0.0000,0.0000,11.049,1.514,
1790704130.238,odom,0.0000,0.0000,11.049,1.514,
1790704130.241,/auto_vel_raw,0.0000,0.0000,,,
1790704130.271,odom,0.0000,0.0000,11.049,1.514,
1790704130.310,odom,0.0000,0.0000,11.049,1.514,
1790704130.332,/auto_vel_raw,0.0000,0.0000,,,
1790704130.364,odom,0.0000,0.0000,11.049,1.514,
1790704130.425,odom,0.0000,0.0000,11.049,1.514,
1790704130.466,/auto_vel_raw,0.0000,0.0000,,,
1790704130.467,odom,0.0000,0.0000,11.049,1.514,
1790704130.510,odom,0.0000,0.0000,11.049,1.514,
1790704130.568,odom,0.0000,0.0000,11.049,1.514,
1790704130.595,/auto_vel_raw,0.0000,0.0000,,,
1790704130.611,odom,0.0000,0.0000,11.049,1.514,
1790704130.657,odom,0.0000,0.0000,11.049,1.514,
1790704130.687,odom,0.0000,0.0000,11.049,1.514,
1790704130.688,/auto_vel_raw,0.0000,0.0000,,,
1790704130.735,odom,0.0000,0.0000,11.049,1.514,
1790704130.791,odom,0.0000,0.0000,11.049,1.514,
1790704130.827,/auto_vel_raw,0.0000,0.0000,,,
1790704130.852,odom,0.0000,0.0000,11.049,1.514,
1790704130.912,odom,0.0000,0.0000,11.049,1.514,
1790704130.961,/auto_vel_raw,0.0000,0.0000,,,
1790704130.961,odom,0.0000,0.0000,11.049,1.514,
1790704131.005,odom,0.0000,0.0000,11.049,1.514,
1790704131.036,odom,0.0000,0.0000,11.049,1.514,
1790704131.052,/auto_vel_raw,0.0000,0.0000,,,
1790704131.073,odom,0.0000,0.0000,11.049,1.514,
1790704131.102,odom,0.0000,0.0000,11.049,1.514,
1790704131.151,odom,0.0000,0.0000,11.049,1.514,
1790704131.158,/auto_vel_raw,0.0000,0.0000,,,
1790704131.183,odom,0.0000,0.0000,11.049,1.514,
1790704131.221,odom,0.0000,0.0000,11.049,1.514,
1790704131.244,/auto_vel_raw,0.0000,0.0000,,,
1790704131.264,odom,0.0000,0.0000,11.049,1.514,
1790704131.322,odom,0.0000,0.0000,11.049,1.514,
1790704131.392,odom,0.0000,0.0000,11.049,1.514,
1790704131.394,/auto_vel_raw,0.0000,0.0000,,,
1790704131.432,odom,0.0000,0.0000,11.049,1.514,
1790704131.462,odom,0.0000,0.0000,11.049,1.514,
1790704131.485,/auto_vel_raw,0.0000,0.0000,,,
1790704131.505,odom,0.0000,0.0000,11.049,1.514,
1790704131.542,odom,0.0000,0.0000,11.049,1.514,
1790704131.575,odom,0.0000,0.0000,11.049,1.514,
1790704131.580,/auto_vel_raw,0.0000,0.0000,,,
1790704131.613,odom,0.0000,0.0000,11.049,1.514,
1790704131.649,odom,0.0000,0.0000,11.049,1.514,
1790704131.665,/auto_vel_raw,0.0000,0.0000,,,
1790704131.680,odom,0.0000,0.0000,11.049,1.514,
1790704131.720,odom,0.0000,0.0000,11.049,1.514,
1790704131.772,/auto_vel_raw,0.0000,0.0000,,,
1790704131.777,odom,0.0000,0.0000,11.049,1.514,
1790704131.824,odom,0.0000,0.0000,11.049,1.514,
1790704131.873,odom,0.0000,0.0000,11.049,1.514,
1790704131.892,/auto_vel_raw,0.0000,0.0000,,,
1790704131.918,odom,0.0000,0.0000,11.049,1.514,
1790704131.968,odom,0.0000,0.0000,11.049,1.514,
1790704132.035,/auto_vel_raw,0.0000,0.0000,,,
1790704132.036,odom,0.0000,0.0000,11.049,1.514,
1790704132.098,odom,0.0000,0.0000,11.049,1.514,
1790704132.151,odom,0.0000,0.0000,11.049,1.514,
1790704132.177,/auto_vel_raw,0.0000,0.0000,,,
1790704132.192,odom,0.0000,0.0000,11.049,1.514,
1790704132.222,odom,0.0000,0.0000,11.049,1.514,
1790704132.265,/auto_vel_raw,0.0000,0.0000,,,
1790704132.266,odom,0.0000,0.0000,11.049,1.514,
1790704132.325,odom,0.0000,0.0000,11.049,1.514,
1790704132.357,odom,0.0000,0.0000,11.049,1.514,
1790704132.387,/auto_vel_raw,0.0000,0.0000,,,
1790704132.419,odom,0.0000,0.0000,11.049,1.514,
1790704132.481,odom,0.0000,0.0000,11.049,1.514,
1790704132.530,odom,0.0000,0.0000,11.049,1.514,
1790704132.534,/auto_vel_raw,0.0000,0.0000,,,
1790704132.577,odom,0.0000,0.0000,11.049,1.514,
1790704132.616,odom,0.0000,0.0000,11.049,1.514,
1790704132.627,/auto_vel_raw,0.0000,0.0000,,,
1790704132.660,odom,0.0000,0.0000,11.049,1.514,
1790704132.729,odom,0.0000,0.0000,11.049,1.514,
1790704132.774,odom,0.0000,0.0000,11.049,1.514,
1790704132.781,/auto_vel_raw,0.0000,0.0000,,,
1790704132.822,odom,0.0000,0.0000,11.049,1.514,
1790704132.882,odom,0.0000,0.0000,11.049,1.514,
1790704132.915,/auto_vel_raw,0.0000,0.0000,,,
1790704132.959,odom,0.0000,0.0000,11.049,1.514,
1790704133.027,odom,0.0000,0.0000,11.049,1.514,
1790704133.084,/auto_vel_raw,0.0000,0.0000,,,
1790704133.087,odom,0.0000,0.0000,11.049,1.514,
1790704133.144,odom,0.0000,0.0000,11.049,1.514,
1790704133.196,odom,0.0000,0.0000,11.049,1.514,
1790704133.219,/auto_vel_raw,0.0000,0.0000,,,
1790704133.234,odom,0.0000,0.0000,11.049,1.514,
1790704133.271,odom,0.0000,0.0000,11.049,1.514,
1790704133.335,odom,0.0000,0.0000,11.049,1.514,
1790704133.338,/auto_vel_raw,0.0000,0.0000,,,
1790704133.413,odom,0.0000,0.0000,11.049,1.514,
1790704133.448,odom,0.0000,0.0000,11.049,1.514,
1790704133.467,/auto_vel_raw,0.0000,0.0000,,,
1790704133.484,odom,0.0000,0.0000,11.049,1.514,
1790704133.515,odom,0.0000,0.0000,11.049,1.514,
1790704133.568,/auto_vel_raw,0.0000,0.0000,,,
1790704133.570,odom,0.0000,0.0000,11.049,1.514,
1790704133.614,odom,0.0000,0.0000,11.049,1.514,
1790704133.650,odom,0.0000,0.0000,11.049,1.514,
1790704133.668,/auto_vel_raw,0.0000,0.0000,,,
1790704133.682,odom,0.0000,0.0000,11.049,1.514,
1790704133.722,odom,0.0000,0.0000,11.049,1.514,
1790704133.758,/auto_vel_raw,0.0000,0.0000,,,
1790704133.759,odom,0.0000,0.0000,11.049,1.514,
1790704133.805,odom,0.0000,0.0000,11.049,1.514,
1790704133.854,odom,0.0000,0.0000,11.049,1.514,
1790704133.891,/auto_vel_raw,0.0000,0.0000,,,
1790704133.905,odom,0.0000,0.0000,11.049,1.514,
1790704133.940,odom,0.0000,0.0000,11.049,1.514,
1790704133.983,/auto_vel_raw,0.0000,0.0000,,,
1790704133.984,odom,0.0000,0.0000,11.049,1.514,
1790704134.015,odom,0.0000,0.0000,11.049,1.514,
1790704134.047,odom,0.0000,0.0000,11.049,1.514,
1790704134.063,/auto_vel_raw,0.0000,0.0000,,,
1790704134.070,odom,0.0000,0.0000,11.049,1.514,
1790704134.117,odom,0.0000,0.0000,11.049,1.514,
1790704134.156,odom,0.0000,0.0000,11.049,1.514,
1790704134.164,/auto_vel_raw,0.0000,0.0000,,,
1790704134.196,odom,0.0000,0.0000,11.049,1.514,
1790704134.232,odom,0.0000,0.0000,11.049,1.514,
1790704134.245,/auto_vel_raw,0.0000,0.0000,,,
1790704134.270,odom,0.0000,0.0000,11.049,1.514,
1790704134.308,odom,0.0000,0.0000,11.049,1.514,
1790704134.342,odom,0.0000,0.0000,11.049,1.514,
1790704134.347,/auto_vel_raw,0.0000,0.0000,,,
1790704134.381,odom,0.0000,0.0000,11.049,1.514,
1790704134.422,odom,0.0000,0.0000,11.049,1.514,
1790704134.442,/auto_vel_raw,0.0000,0.0000,,,
