t,estado,modo,x,y,rumo,rumo_alvo,erro_rumo,v_alvo,dist,escala_linear_nav,escala_curva_nav,raio_curva,mira,alvo_x,alvo_y,desvio_lateral
36.0,seguindo,normal,2.0,5.0,0.0,-0.9894,-0.9894,0.5,5.831,1.0,1.0,8.5935,0.37,2.23,4.65,-0.0
36.05,seguindo,normal,2.0,5.0,0.0,-0.9894,-0.9894,0.5,5.831,1.0,1.0,8.5935,0.37,2.23,4.65,-0.0
36.1,seguindo,normal,2.0,5.0,0.0,-0.9894,-0.9894,0.5,5.831,1.0,1.0,8.5935,0.37,2.23,4.65,-0.0
36.15,seguindo,normal,2.0,5.0,0.0,-0.9894,-0.9894,0.5,5.831,1.0,1.0,8.5935,0.37,2.23,4.65,-0.0
36.2,seguindo,normal,2.0,5.0,0.0,-0.9894,-0.9894,0.5,5.831,1.0,1.0,8.5935,0.37,2.23,4.65,-0.0
36.25,seguindo,normal,2.0,5.0,0.0,-0.9894,-0.9894,0.5,5.831,1.0,1.0,8.5935,0.37,2.23,4.65,-0.0
36.3,seguindo,normal,2.0,5.0,0.0,-0.9894,-0.9894,0.5,5.831,1.0,1.0,8.5935,0.37,2.23,4.65,-0.0
36.35,seguindo,normal,2.0,5.0,0.0,-0.9894,-0.9894,0.5,5.831,1.0,1.0,8.5935,0.37,2.23,4.65,-0.0
36.4,seguindo,normal,2.0,5.0,0.0,-0.9894,-0.9894,0.5,5.831,1.0,1.0,8.5935,0.37,2.23,4.65,-0.0
36.45,seguindo,normal,2.0027,5.0003,-0.0037,-0.9953,-0.9916,0.5,5.8288,1.0,1.0,8.5935,0.37,2.23,4.65,0.0024
36.5,seguindo,normal,2.0059,5.0007,-0.0088,-1.0023,-0.9935,0.5,5.8262,1.0,1.0,8.5935,0.37,2.23,4.65,0.0053
36.55,seguindo,normal,2.0135,5.0015,-0.0202,-1.0187,-0.9985,0.5,5.8202,1.0,1.0,8.5935,0.37,2.23,4.65,0.012
36.6,seguindo,normal,2.0199,5.0022,-0.0305,-1.0329,-1.0024,0.5,5.815,1.0,1.0,8.5935,0.37,2.23,4.65,0.0177
36.65,seguindo,normal,2.0296,5.0035,-0.0509,-1.0551,-1.0042,0.5,5.8074,1.0,1.0,8.5935,0.37,2.23,4.65,0.0264
36.7,seguindo,normal,2.0361,5.0043,-0.0663,-1.0702,-1.0039,0.5,5.8022,1.0,1.0,8.5935,0.37,2.23,4.65,0.0323
36.75,seguindo,normal,2.046,5.0059,-0.0945,-1.0936,-0.9991,0.5,5.7946,1.0,1.0,8.5935,0.37,2.23,4.65,0.0412
36.8,seguindo,normal,2.0526,5.0068,-0.115,-1.1095,-0.9944,0.5,5.7895,1.0,1.0,8.5935,0.37,2.23,4.65,0.0472
36.85,seguindo,normal,2.0626,5.0085,-0.1509,-1.1339,-0.9831,0.5,5.7818,1.0,1.0,8.5935,0.37,2.23,4.65,0.0564
36.9,seguindo,normal,2.0694,5.0095,-0.1766,-1.1277,-0.9511,0.5,5.7765,1.0,1.0,22.512,0.37,2.2637,4.6,0.0626
36.95,seguindo,normal,2.0796,5.011,-0.2201,-1.1497,-0.9296,0.5,5.7686,1.0,1.0,22.512,0.37,2.2637,4.6,0.0719
37.0,seguindo,normal,2.0865,5.012,-0.251,-1.1646,-0.9137,0.5,5.7632,1.0,1.0,22.512,0.37,2.2637,4.6,0.0781
37.05,seguindo,normal,2.0966,5.0135,-0.3022,-1.1867,-0.8845,0.5,5.7554,1.0,1.0,22.512,0.37,2.2637,4.6,0.0873
37.1,seguindo,normal,2.1032,5.0144,-0.3381,-1.2012,-0.8631,0.5,5.7502,1.0,1.0,22.512,0.37,2.2637,4.6,0.0932
37.15,seguindo,normal,2.1132,5.0154,-0.3936,-1.2232,-0.8297,0.5,5.7422,1.0,1.0,22.512,0.37,2.2637,4.6,0.1021
37.2,seguindo,normal,2.1199,5.0158,-0.431,-1.2379,-0.8068,0.5,5.7367,1.0,1.0,22.512,0.37,2.2637,4.6,0.1078
37.25,seguindo,normal,2.13,5.0159,-0.4872,-1.2598,-0.7727,0.5,5.7282,1.0,1.0,22.512,0.37,2.2637,4.6,0.1162
37.3,seguindo,normal,2.1368,5.0156,-0.5246,-1.2744,-0.7499,0.5,5.7223,1.0,1.0,22.512,0.37,2.2637,4.6,0.1217
37.35,seguindo,normal,2.1469,5.0148,-0.5804,-1.2963,-0.7159,0.5,5.7133,1.0,1.0,22.512,0.37,2.2637,4.6,0.1295
37.4,seguindo,normal,2.1536,5.0138,-0.6175,-1.3108,-0.6933,0.5,5.7071,1.0,1.0,22.512,0.37,2.2637,4.6,0.1346
37.45,seguindo,normal,2.1636,5.012,-0.6729,-1.3324,-0.6596,0.5,5.6976,1.0,1.0,22.512,0.37,2.2637,4.6,0.1418
37.5,seguindo,normal,2.1702,5.0104,-0.7097,-1.3468,-0.6371,0.5,5.6911,1.0,1.0,22.512,0.37,2.2637,4.6,0.1464
37.55,seguindo,normal,2.18,5.0075,-0.7646,-1.318,-0.5533,0.5,5.6813,1.0,1.0,19.709,0.37,2.2983,4.55,0.153
37.6,seguindo,normal,2.1865,5.0053,-0.8011,-1.3301,-0.529,0.5,5.6746,1.0,1.0,19.709,0.37,2.2983,4.55,0.1571
37.65,seguindo,normal,2.1961,5.0014,-0.8554,-1.3482,-0.4928,0.5,5.6645,1.0,1.0,19.709,0.37,2.2983,4.55,0.1628
37.7,seguindo,normal,2.2023,4.9985,-0.8915,-1.3601,-0.4686,0.5,5.6577,1.0,1.0,19.709,0.37,2.2983,4.55,0.1664
37.75,seguindo,normal,2.2115,4.9937,-0.9452,-1.3777,-0.4325,0.5,5.6473,1.0,1.0,19.709,0.37,2.2983,4.55,0.1713
37.8,seguindo,normal,2.2175,4.9902,-0.9808,-1.3893,-0.4085,0.5,5.6404,1.0,1.0,19.709,0.37,2.2983,4.55,0.1744
37.85,seguindo,normal,2.2263,4.9846,-1.0342,-1.4066,-0.3724,0.5,5.63,1.0,1.0,19.709,0.37,2.2983,4.55,0.1786
37.9,seguindo,normal,2.232,4.9806,-1.0699,-1.4181,-0.3482,0.5,5.623,1.0,1.0,19.709,0.37,2.2983,4.55,0.1812
37.95,seguindo,normal,2.2404,4.9742,-1.1236,-1.3769,-0.2533,0.5,5.6125,1.0,1.0,7.6848,0.37,2.3335,4.5,0.1847
38.0,seguindo,normal,2.2458,4.9697,-1.1595,-1.3863,-0.2268,0.5,5.6055,1.0,1.0,7.6848,0.37,2.3335,4.5,0.1868
38.05,seguindo,normal,2.2537,4.9625,-1.2125,-1.4,-0.1875,0.5,5.595,1.0,1.0,7.6848,0.37,2.3335,4.5,0.1894
38.1,seguindo,normal,2.2589,4.9574,-1.2473,-1.4093,-0.162,0.5,5.5879,1.0,1.0,7.6848,0.37,2.3335,4.5,0.191
38.15,seguindo,normal,2.2663,4.9487,-1.2956,-1.4223,-0.1267,0.5,5.5769,1.0,1.0,7.6848,0.37,2.3335,4.5,0.1924
38.2,seguindo,normal,2.2709,4.9424,-1.3258,-1.4303,-0.1045,0.5,5.5698,1.0,1.0,7.6848,0.37,2.3335,4.5,0.1929
38.25,seguindo,normal,2.2772,4.9323,-1.3688,-1.4414,-0.0726,0.5,5.5591,1.0,1.0,7.6848,0.37,2.3335,4.5,0.1927
38.3,seguindo,normal,2.281,4.9253,-1.3963,-1.3874,0.0089,0.5,5.5521,1.0,1.0,5.8888,0.37,2.3692,4.45,0.1921
38.35,seguindo,normal,2.2862,4.9141,-1.4349,-1.3939,0.041,0.5,5.5418,1.0,1.0,5.8888,0.37,2.3692,4.45,0.1904
38.4,seguindo,normal,2.2893,4.9064,-1.4592,-1.3975,0.0617,0.5,5.5351,1.0,1.0,5.8888,0.37,2.3692,4.45,0.1888
38.45,seguindo,normal,2.2933,4.8935,-1.4909,-1.4012,0.0897,0.5,5.525,1.0,1.0,5.8888,0.37,2.3692,4.45,0.1852
38.5,seguindo,normal,2.2955,4.8844,-1.5093,-1.4026,0.1066,0.5,5.5184,1.0,1.0,5.8888,0.37,2.3692,4.45,0.1822
38.55,seguindo,normal,2.2982,4.8702,-1.5337,-1.4034,0.1304,0.5,5.5087,1.0,1.0,5.8888,0.37,2.3692,4.45,0.1769
38.6,seguindo,normal,2.2997,4.8607,-1.5482,-1.3448,0.2034,0.5,5.5024,1.0,1.0,5.851,0.37,2.4056,4.4,0.173
38.65,seguindo,normal,2.3013,4.8443,-1.5656,-1.3402,0.2253,0.5,5.4925,1.0,1.0,5.851,0.37,2.4056,4.4,0.1655
38.7,seguindo,normal,2.302,4.8325,-1.5741,-1.3357,0.2383,0.5,5.4858,1.0,1.0,5.851,0.37,2.4056,4.4,0.1598
38.75,seguindo,normal,2.3024,4.8147,-1.5811,-1.327,0.254,0.5,5.4763,1.0,1.0,5.851,0.37,2.4056,4.4,0.1506
38.8,seguindo,normal,2.3025,4.7969,-1.5846,-1.2664,0.3182,0.5,5.4671,1.0,1.0,6.4998,0.37,2.4429,4.35,0.141
38.85,seguindo,normal,2.3024,4.785,-1.5846,-1.2583,0.3264,0.5,5.4611,1.0,1.0,6.4998,0.37,2.4429,4.35,0.1344
38.9,seguindo,normal,2.3022,4.7731,-1.5846,-1.2497,0.3349,0.5,5.4552,1.0,1.0,6.4998,0.37,2.4429,4.35,0.1278
38.95,seguindo,normal,2.3019,4.7552,-1.5846,-1.236,0.3486,0.5,5.4464,1.0,1.0,6.4998,0.37,2.4429,4.35,0.1179
39.0,seguindo,normal,2.3018,4.7433,-1.5846,-1.2263,0.3583,0.5,5.4405,1.0,1.0,6.4998,0.37,2.4429,4.35,0.1112
39.05,seguindo,normal,2.3015,4.7255,-1.5846,-1.1708,0.4138,0.5,5.4317,1.0,1.0,6.9406,0.37,2.4814,4.3,0.1012
39.1,seguindo,normal,2.3014,4.7136,-1.5846,-1.1602,0.4244,0.5,5.4259,1.0,1.0,6.9406,0.37,2.4814,4.3,0.0945
39.15,seguindo,normal,2.3011,4.6957,-1.5846,-1.1433,0.4413,0.5,5.4172,1.0,1.0,6.9406,0.37,2.4814,4.3,0.0845
39.2,seguindo,normal,2.301,4.6838,-1.5846,-1.1313,0.4533,0.5,5.4114,1.0,1.0,6.9406,0.37,2.4814,4.3,0.0777
39.25,seguindo,normal,2.3004,4.6684,-1.5796,-1.114,0.4656,0.5,5.4043,1.0,1.0,6.9406,0.37,2.4814,4.3,0.0686
39.3,seguindo,normal,2.2998,4.6591,-1.5739,-1.1027,0.4712,0.5,5.4002,1.0,1.0,6.3623,0.37,2.4814,4.3,0.063
39.35,seguindo,normal,2.2988,4.6452,-1.5611,-1.0843,0.4768,0.5,5.3943,1.0,1.0,6.3623,0.37,2.4814,4.3,0.0544
39.401,seguindo,normal,2.2978,4.6313,-1.5456,-1.0647,0.4809,0.5,5.3883,1.0,1.0,6.3623,0.37,2.4814,4.3,0.0458
39.45,seguindo,normal,2.2969,4.6222,-1.5303,-1.0507,0.4797,0.5,5.3848,1.0,1.0,6.3623,0.37,2.4814,4.3,0.0399
39.5,seguindo,normal,2.296,4.6132,-1.5149,-1.0364,0.4785,0.5,5.3811,1.0,1.0,6.3623,0.37,2.4814,4.3,0.0341
39.55,seguindo,normal,2.2948,4.5997,-1.4883,-1.0138,0.4745,0.5,5.3756,1.0,1.0,6.3623,0.37,2.4814,4.3,0.0254
39.6,seguindo,normal,2.2941,4.5906,-1.4695,-0.9983,0.4712,0.5,5.3719,1.0,1.0,6.3623,0.37,2.4814,4.3,0.0197
39.65,seguindo,normal,2.2933,4.5771,-1.4406,-0.9622,0.4784,0.5,5.3661,1.0,1.0,5.2648,0.37,2.5212,4.25,0.0113
39.7,seguindo,normal,2.2929,4.5682,-1.4211,-0.9484,0.4727,0.5,5.3621,1.0,1.0,5.2648,0.37,2.5212,4.25,0.0059
39.75,seguindo,normal,2.2927,4.5548,-1.3914,-0.9274,0.464,0.5,5.3559,1.0,1.0,5.2648,0.37,2.5212,4.25,-0.0019
39.8,seguindo,normal,2.2927,4.5459,-1.3714,-0.9132,0.4582,0.5,5.3516,1.0,1.0,5.2648,0.37,2.5212,4.25,-0.0069
39.85,seguindo,normal,2.2931,4.5326,-1.3408,-0.8916,0.4492,0.5,5.345,1.0,1.0,5.2648,0.37,2.5212,4.25,-0.0143
39.9,seguindo,normal,2.2935,4.5238,-1.3201,-0.877,0.4431,0.5,5.3405,1.0,1.0,5.2648,0.37,2.5212,4.25,-0.019
39.95,seguindo,normal,2.2944,4.5107,-1.2889,-0.8548,0.4341,0.5,5.3335,1.0,1.0,5.2648,0.37,2.5212,4.25,-0.0258
40.0,seguindo,normal,2.2953,4.5019,-1.268,-0.8469,0.421,0.5,5.3286,1.0,1.0,4.544,0.37,2.5621,4.2,-0.0301
40.05,seguindo,normal,2.2969,4.4889,-1.2363,-0.8279,0.4084,0.5,5.3211,1.0,1.0,4.544,0.37,2.5621,4.2,-0.0363
40.1,seguindo,normal,2.2981,4.4802,-1.2151,-0.8152,0.3999,0.5,5.3159,1.0,1.0,4.544,0.37,2.5621,4.2,-0.0403
40.15,seguindo,normal,2.3003,4.4674,-1.183,-0.7959,0.3871,0.5,5.308,1.0,1.0,4.544,0.37,2.5621,4.2,-0.0459
40.2,seguindo,normal,2.302,4.4588,-1.1614,-0.7829,0.3785,0.5,5.3026,1.0,1.0,4.544,0.37,2.5621,4.2,-0.0495
40.25,seguindo,normal,2.3049,4.4461,-1.1294,-0.7633,0.3661,0.5,5.2941,1.0,1.0,4.544,0.37,2.5621,4.2,-0.0546
40.3,seguindo,normal,2.3071,4.4376,-1.1081,-0.77,0.3381,0.5,5.2882,1.0,1.0,4.4854,0.37,2.6037,4.15,-0.0577
40.35,seguindo,normal,2.3107,4.425,-1.0766,-0.7538,0.3228,0.5,5.2792,1.0,1.0,4.4854,0.37,2.6037,4.15,-0.0621
40.4,seguindo,normal,2.3134,4.4167,-1.0558,-0.7429,0.3128,0.5,5.273,1.0,1.0,4.4854,0.37,2.6037,4.15,-0.0648
40.45,seguindo,normal,2.3178,4.4042,-1.0249,-0.7267,0.2982,0.5,5.2633,1.0,1.0,4.4854,0.37,2.6037,4.15,-0.0685
40.5,seguindo,normal,2.321,4.3959,-1.0046,-0.7159,0.2887,0.5,5.2567,1.0,1.0,4.4854,0.37,2.6037,4.15,-0.0708
40.55,seguindo,normal,2.3262,4.3836,-0.9746,-0.6996,0.275,0.5,5.2465,1.0,1.0,4.4854,0.37,2.6037,4.15,-0.0739
40.6,seguindo,normal,2.3299,4.3754,-0.9549,-0.7179,0.237,0.5,5.2395,1.0,1.0,5.4291,0.37,2.6452,4.1,-0.0757
40.65,seguindo,normal,2.3358,4.3633,-0.9258,-0.705,0.2208,0.5,5.2288,1.0,1.0,5.4291,0.37,2.6452,4.1,-0.078
40.7,seguindo,normal,2.34,4.3553,-0.9068,-0.6965,0.2103,0.5,5.2214,1.0,1.0,5.4291,0.37,2.6452,4.1,-0.0794
40.75,seguindo,normal,2.3466,4.3434,-0.8788,-0.6839,0.195,0.5,5.2101,1.0,1.0,5.4291,0.37,2.6452,4.1,-0.0811
40.8,seguindo,normal,2.3514,4.3355,-0.861,-0.6756,0.1854,0.5,5.2023,1.0,1.0,5.4291,0.37,2.6452,4.1,-0.082
40.85,seguindo,normal,2.3589,4.3238,-0.8349,-0.6972,0.1377,0.5,5.1904,1.0,1.0,9.8722,0.37,2.6858,4.05,-0.083
40.9,seguindo,normal,2.3641,4.3161,-0.818,-0.6911,0.1269,0.5,5.1822,1.0,1.0,9.8722,0.37,2.6858,4.05,-0.0834
40.95,seguindo,normal,2.3723,4.3046,-0.7931,-0.6822,0.1109,0.5,5.1698,1.0,1.0,9.8722,0.37,2.6858,4.05,-0.0837
41.0,seguindo,normal,2.378,4.2971,-0.7768,-0.6764,0.1004,0.5,5.1614,1.0,1.0,9.8722,0.37,2.6858,4.05,-0.0837
41.05,seguindo,normal,2.3869,4.2859,-0.7533,-0.6681,0.0852,0.5,5.1484,1.0,1.0,9.8722,0.37,2.6858,4.05,-0.0835
41.1,seguindo,normal,2.3931,4.2785,-0.7387,-0.6629,0.0759,0.5,5.1395,1.0,1.0,9.8722,0.37,2.6858,4.05,-0.0831
41.15,seguindo,normal,2.4028,4.2675,-0.7177,-0.694,0.0236,0.5,5.126,1.0,1.0,45.5646,0.37,2.7243,4.0,-0.0821
41.2,seguindo,normal,2.4095,4.2603,-0.7041,-0.6909,0.0132,0.5,5.1168,1.0,1.0,45.5646,0.37,2.7243,4.0,-0.0812
41.25,seguindo,normal,2.4198,4.2496,-0.6845,-0.6867,-0.0023,0.5,5.1028,1.0,1.0,45.5646,0.37,2.7243,4.0,-0.0795
41.3,seguindo,normal,2.4269,4.2426,-0.6718,-0.6843,-0.0124,0.5,5.0934,1.0,1.0,45.5646,0.37,2.7243,4.0,-0.0784
41.35,seguindo,normal,2.4379,4.2322,-0.6544,-0.6813,-0.0269,0.5,5.0789,1.0,1.0,45.5646,0.37,2.7243,4.0,-0.0762
41.4,seguindo,normal,2.4456,4.2253,-0.6442,-0.7195,-0.0753,0.5,5.069,1.0,1.0,5.4817,0.37,2.7599,3.95,-0.0745
41.45,seguindo,normal,2.4587,4.2145,-0.6331,-0.7206,-0.0875,0.5,5.0525,1.0,1.0,5.4817,0.37,2.7599,3.95,-0.0711
41.5,seguindo,normal,2.4681,4.2071,-0.628,-0.7223,-0.0942,0.5,5.0408,1.0,1.0,5.4817,0.37,2.7599,3.95,-0.0683
41.55,seguindo,normal,2.4824,4.1965,-0.6254,-0.7263,-0.1009,0.5,5.0233,1.0,1.0,5.4817,0.37,2.7599,3.95,-0.0639
41.6,seguindo,normal,2.492,4.1895,-0.6254,-0.7296,-0.1043,0.5,5.0115,1.0,1.0,5.4817,0.37,2.7599,3.95,-0.0609
41.65,seguindo,normal,2.5065,4.179,-0.6254,-0.7749,-0.1495,0.5,4.994,1.0,1.0,2.6319,0.37,2.7915,3.9,-0.0563
41.7,seguindo,normal,2.5162,4.1721,-0.6254,-0.7795,-0.1541,0.5,4.9822,1.0,1.0,2.6319,0.37,2.7915,3.9,-0.0533
41.75,seguindo,normal,2.5306,4.1616,-0.6254,-0.7869,-0.1615,0.5,4.9647,1.0,1.0,2.6319,0.37,2.7915,3.9,-0.0488
41.8,seguindo,normal,2.5403,4.1547,-0.6254,-0.7923,-0.1669,0.5,4.9529,1.0,1.0,2.6319,0.37,2.7915,3.9,-0.0458
41.85,seguindo,normal,2.5548,4.1442,-0.6254,-0.8776,-0.2523,0.5,4.9353,1.0,1.0,1.63,0.37,2.8407,3.8,-0.0413
41.9,seguindo,normal,2.5644,4.1372,-0.6254,-0.8845,-0.2591,0.5,4.9236,1.0,1.0,1.63,0.37,2.8407,3.8,-0.0384
41.95,seguindo,normal,2.5789,4.1268,-0.6254,-0.8954,-0.27,0.5,4.9061,1.0,1.0,1.63,0.37,2.8407,3.8,-0.0339
42.0,seguindo,normal,2.5934,4.1163,-0.6254,-0.9072,-0.2819,0.5,4.8885,1.0,1.0,1.63,0.37,2.8407,3.8,-0.0295
42.05,seguindo,normal,2.603,4.1094,-0.6254,-0.9157,-0.2903,0.5,4.8768,1.0,1.0,1.63,0.37,2.8407,3.8,-0.0265
42.1,seguindo,normal,2.6127,4.1024,-0.6254,-0.9625,-0.3371,0.5,4.865,1.0,1.0,1.1173,0.37,2.8581,3.75,-0.0235
42.15,seguindo,normal,2.6272,4.0919,-0.6254,-0.9768,-0.3514,0.5,4.8475,1.0,1.0,1.1173,0.37,2.8581,3.75,-0.0191
42.2,seguindo,normal,2.6368,4.085,-0.6254,-0.987,-0.3616,0.5,4.8358,1.0,1.0,1.1173,0.37,2.8581,3.75,-0.016
42.25,seguindo,normal,2.6513,4.0745,-0.6254,-1.0034,-0.378,0.5,4.8182,1.0,1.0,1.1173,0.37,2.8581,3.75,-0.0114
42.3,seguindo,normal,2.6609,4.0675,-0.6254,-1.0511,-0.4257,0.5,4.8065,1.0,1.0,0.8607,0.37,2.8712,3.7,-0.0082
42.35,seguindo,normal,2.6754,4.0571,-0.6254,-1.0692,-0.4438,0.5,4.7889,1.0,1.0,0.8607,0.37,2.8712,3.7,-0.0036
42.4,seguindo,normal,2.6851,4.0501,-0.6254,-1.0821,-0.4567,0.5,4.7772,1.0,1.0,0.8607,0.37,2.8712,3.7,-0.0005
42.45,seguindo,normal,2.6979,4.0414,-0.6308,-1.1009,-0.4701,0.5,4.7619,1.0,1.0,0.8607,0.37,2.8712,3.7,0.0043
42.5,seguindo,normal,2.7057,4.0362,-0.6364,-1.1133,-0.4769,0.5,4.7525,1.0,1.0,0.8607,0.37,2.8712,3.7,0.0074
42.55,seguindo,normal,2.7176,4.0286,-0.6492,-1.1638,-0.5145,0.5,4.7386,1.0,1.0,0.7485,0.37,2.8808,3.65,0.0121
42.6,seguindo,normal,2.7254,4.0237,-0.6595,-1.1767,-0.5172,0.5,4.7294,1.0,1.0,0.7485,0.37,2.8808,3.65,0.0153
42.65,seguindo,normal,2.7373,4.0164,-0.68,-1.1975,-0.5175,0.5,4.7156,1.0,1.0,0.7485,0.37,2.8808,3.65,0.0203
42.7,seguindo,normal,2.7452,4.0116,-0.6954,-1.2119,-0.5165,0.5,4.7064,1.0,1.0,0.7485,0.37,2.8808,3.65,0.0237
42.75,seguindo,normal,2.7568,4.0044,-0.7219,-1.2343,-0.5124,0.5,4.6928,1.0,1.0,0.7485,0.37,2.8808,3.65,0.0291
42.8,seguindo,normal,2.7645,3.9996,-0.7408,-1.2497,-0.5089,0.5,4.6838,1.0,1.0,0.7485,0.37,2.8808,3.65,0.0325
42.85,seguindo,normal,2.7758,3.9922,-0.7698,-1.2932,-0.5235,0.5,4.6704,1.0,1.0,0.7217,0.37,2.8876,3.6,0.0375
42.9,seguindo,normal,2.7832,3.9871,-0.7893,-1.3075,-0.5182,0.5,4.6615,1.0,1.0,0.7217,0.37,2.8876,3.6,0.0406
42.95,seguindo,normal,2.7941,3.9794,-0.8192,-1.3292,-0.51,0.5,4.6484,1.0,1.0,0.7217,0.37,2.8876,3.6,0.0449
43.0,seguindo,normal,2.8012,3.974,-0.8393,-1.3439,-0.5046,0.5,4.6397,1.0,1.0,0.7217,0.37,2.8876,3.6,0.0478
43.05,seguindo,normal,2.8116,3.966,-0.8709,-1.3662,-0.4953,0.5,4.6268,1.0,1.0,0.7217,0.37,2.8876,3.6,0.0523
43.1,seguindo,normal,2.8184,3.9606,-0.8925,-1.3813,-0.4889,0.5,4.6184,1.0,1.0,0.7217,0.37,2.8876,3.6,0.0551
43.15,seguindo,normal,2.8284,3.9522,-0.9252,-1.4235,-0.4983,0.5,4.6058,1.0,1.0,0.7647,0.37,2.8954,3.5,0.0591
43.2,seguindo,normal,2.8348,3.9464,-0.9472,-1.4358,-0.4886,0.5,4.5976,1.0,1.0,0.7647,0.37,2.8954,3.5,0.0614
43.25,seguindo,normal,2.8442,3.9376,-0.9804,-1.4543,-0.4739,0.5,4.5853,1.0,1.0,0.7647,0.37,2.8954,3.5,0.0647
43.3,seguindo,normal,2.8503,3.9316,-1.0027,-1.4667,-0.464,0.5,4.5772,1.0,1.0,0.7647,0.37,2.8954,3.5,0.0668
43.35,seguindo,normal,2.8593,3.9224,-1.0367,-1.4853,-0.4486,0.5,4.5652,1.0,1.0,0.7647,0.37,2.8954,3.5,0.0703
43.4,seguindo,normal,2.865,3.9162,-1.0596,-1.4978,-0.4382,0.5,4.5574,1.0,1.0,0.7647,0.37,2.8954,3.5,0.0724
43.45,seguindo,normal,2.8734,3.9065,-1.0939,-1.5176,-0.4236,0.5,4.5457,1.0,1.0,0.8817,0.37,2.8977,3.45,0.0752
43.5,seguindo,normal,2.8788,3.8999,-1.1168,-1.5288,-0.412,0.5,4.5381,1.0,1.0,0.8817,0.37,2.8977,3.45,0.0768
43.55,seguindo,normal,2.8867,3.8898,-1.1508,-1.5456,-0.3948,0.5,4.5267,1.0,1.0,0.8817,0.37,2.8977,3.45,0.0789
43.6,seguindo,normal,2.8917,3.8829,-1.1735,-1.5569,-0.3834,0.5,4.5192,1.0,1.0,0.8817,0.37,2.8977,3.45,0.0802
43.65,seguindo,normal,2.8989,3.8723,-1.2073,-1.5736,-0.3663,0.5,4.5082,1.0,1.0,0.8817,0.37,2.8977,3.45,0.0825
43.7,seguindo,normal,2.9035,3.8651,-1.2298,-1.5848,-0.3549,0.5,4.5011,1.0,1.0,0.8817,0.37,2.8977,3.45,0.0838
43.75,seguindo,normal,2.9102,3.854,-1.2634,-1.5944,-0.3309,0.5,4.4904,1.0,1.0,1.0999,0.37,2.8995,3.4,0.0854
43.8,seguindo,normal,2.9144,3.8465,-1.2857,-1.6042,-0.3185,0.5,4.4835,1.0,1.0,1.0999,0.37,2.8995,3.4,0.0862
43.85,seguindo,normal,2.9204,3.835,-1.3187,-1.6189,-0.3003,0.5,4.4733,1.0,1.0,1.0999,0.37,2.8995,3.4,0.0871
43.9,seguindo,normal,2.9242,3.8272,-1.3404,-1.6287,-0.2882,0.5,4.4666,1.0,1.0,1.0999,0.37,2.8995,3.4,0.0879
43.95,seguindo,normal,2.9296,3.8153,-1.3727,-1.6432,-0.2705,0.5,4.4568,1.0,1.0,1.0999,0.37,2.8995,3.4,0.089
44.0,seguindo,normal,2.933,3.8072,-1.3939,-1.6528,-0.2589,0.5,4.4505,1.0,1.0,1.0999,0.37,2.8995,3.4,0.0895
44.05,seguindo,normal,2.9377,3.7949,-1.4253,-1.6529,-0.2275,0.5,4.4412,1.0,1.0,1.4767,0.37,2.9011,3.35,0.0899
44.1,seguindo,normal,2.9405,3.7865,-1.4459,-1.661,-0.2151,0.5,4.4352,1.0,1.0,1.4767,0.37,2.9011,3.35,0.0899
44.15,seguindo,normal,2.9445,3.7738,-1.4762,-1.6729,-0.1967,0.5,4.4265,1.0,1.0,1.4767,0.37,2.9011,3.35,0.0896
44.2,seguindo,normal,2.9469,3.7652,-1.4961,-1.6807,-0.1847,0.5,4.4208,1.0,1.0,1.4767,0.37,2.9011,3.35,0.0897
44.25,seguindo,normal,2.9501,3.7521,-1.5252,-1.6922,-0.167,0.5,4.4127,1.0,1.0,1.4767,0.37,2.9011,3.35,0.0895
44.3,seguindo,normal,2.952,3.7432,-1.5441,-1.6814,-0.1373,0.5,4.4074,1.0,1.0,2.1505,0.37,2.9028,3.3,0.0891
44.35,seguindo,normal,2.9544,3.7298,-1.5719,-1.6905,-0.1186,0.5,4.3999,1.0,1.0,2.1505,0.37,2.9028,3.3,0.088
44.4,seguindo,normal,2.9558,3.7207,-1.5898,-1.6962,-0.1064,0.5,4.395,1.0,1.0,2.1505,0.37,2.9028,3.3,0.0871
44.45,seguindo,normal,2.9575,3.7069,-1.6159,-1.7045,-0.0886,0.5,4.3881,1.0,1.0,2.1505,0.37,2.9028,3.3,0.086
44.5,seguindo,normal,2.9587,3.6928,-1.6408,-1.7123,-0.0715,0.5,4.3815,1.0,1.0,2.1505,0.37,2.9028,3.3,0.0846
44.55,seguindo,normal,2.9593,3.6834,-1.6566,-1.6957,-0.0391,0.5,4.3773,1.0,1.0,3.5422,0.37,2.9049,3.2501,0.0833
44.6,seguindo,normal,2.9596,3.6738,-1.6719,-1.6993,-0.0274,0.5,4.3733,1.0,1.0,3.5422,0.37,2.9049,3.2501,0.0819
44.65,seguindo,normal,2.9598,3.6592,-1.6936,-1.7042,-0.0106,0.5,4.3677,1.0,1.0,3.5422,0.37,2.9049,3.2501,0.0795
44.7,seguindo,normal,2.9596,3.6494,-1.7072,-1.707,0.0002,0.5,4.3641,1.0,1.0,3.5422,0.37,2.9049,3.2501,0.078
44.75,seguindo,normal,2.959,3.6344,-1.7259,-1.6884,0.0375,0.5,4.3591,1.0,1.0,7.8331,0.37,2.9076,3.2001,0.0754
44.8,seguindo,normal,2.9583,3.6243,-1.7373,-1.6895,0.0478,0.5,4.3559,1.0,1.0,7.8331,0.37,2.9076,3.2001,0.0733
44.85,seguindo,normal,2.9563,3.6076,-1.7496,-1.6897,0.0599,0.5,4.3515,1.0,1.0,7.8331,0.37,2.9076,3.2001,0.0692
44.9,seguindo,normal,2.9546,3.5958,-1.7553,-1.689,0.0663,0.5,4.3488,1.0,1.0,7.8331,0.37,2.9076,3.2001,0.0664
44.95,seguindo,normal,2.9516,3.5782,-1.7587,-1.6645,0.0941,0.5,4.3452,1.0,1.0,182.5749,0.37,2.9114,3.1502,0.0617
45.0,seguindo,normal,2.9483,3.5607,-1.7592,-1.6605,0.0987,0.5,4.3419,1.0,1.0,182.5749,0.37,2.9114,3.1502,0.0568
45.05,seguindo,normal,2.9461,3.549,-1.7592,-1.6576,0.1016,0.5,4.3398,1.0,1.0,182.5749,0.37,2.9114,3.1502,0.0537
45.1,seguindo,normal,2.9438,3.5373,-1.7592,-1.6545,0.1047,0.5,4.3377,1.0,1.0,182.5749,0.37,2.9114,3.1502,0.0507
45.15,seguindo,normal,2.9405,3.5197,-1.7592,-1.6286,0.1307,0.5,4.3347,1.0,1.0,8.0557,0.37,2.9162,3.1004,0.0462
45.2,seguindo,normal,2.9383,3.5081,-1.7592,-1.6248,0.1345,0.5,4.3327,1.0,1.0,8.0557,0.37,2.9162,3.1004,0.0432
45.25,seguindo,normal,2.9349,3.4905,-1.7592,-1.6186,0.1406,0.5,4.3297,1.0,1.0,8.0557,0.37,2.9162,3.1004,0.039
45.3,seguindo,normal,2.9327,3.4788,-1.7592,-1.6142,0.145,0.5,4.3278,1.0,1.0,8.0557,0.37,2.9162,3.1004,0.0362
45.35,seguindo,normal,2.9293,3.4613,-1.7592,-1.5876,0.1717,0.5,4.325,1.0,1.0,4.2944,0.37,2.9225,3.0507,0.0321
45.4,seguindo,normal,2.9271,3.4496,-1.7592,-1.5825,0.1768,0.5,4.3232,1.0,1.0,4.2944,0.37,2.9225,3.0507,0.0294
45.45,seguindo,normal,2.9238,3.4321,-1.7592,-1.5742,0.185,0.5,4.3205,1.0,1.0,4.2944,0.37,2.9225,3.0507,0.0254
45.5,seguindo,normal,2.9215,3.4204,-1.7592,-1.5503,0.209,0.5,4.3187,1.0,1.0,3.0086,0.37,2.9301,3.0011,0.0228
45.55,seguindo,normal,2.9182,3.4028,-1.7592,-1.5411,0.2182,0.5,4.3161,1.0,1.0,3.0086,0.37,2.9301,3.0011,0.0188
45.6,seguindo,normal,2.916,3.3911,-1.7592,-1.5345,0.2248,0.5,4.3145,1.0,1.0,3.0086,0.37,2.9301,3.0011,0.0162
45.65,seguindo,normal,2.9126,3.3736,-1.7592,-1.5076,0.2517,0.5,4.312,1.0,1.0,2.3796,0.37,2.9393,2.9519,0.0123
45.7,seguindo,normal,2.9104,3.3619,-1.7592,-1.5003,0.2589,0.5,4.3104,1.0,1.0,2.3796,0.37,2.9393,2.9519,0.0097
45.75,seguindo,normal,2.907,3.3444,-1.7592,-1.4887,0.2705,0.5,4.3081,1.0,1.0,2.3796,0.37,2.9393,2.9519,0.0058
45.802,seguindo,normal,2.9037,3.3268,-1.7592,-1.4761,0.2832,0.5,4.3058,1.0,1.0,2.3796,0.37,2.9393,2.9519,0.0018
45.85,seguindo,normal,2.9015,3.3151,-1.7592,-1.4533,0.3059,0.5,4.3044,1.0,1.0,2.0251,0.37,2.9501,2.9031,-0.0008
45.9,seguindo,normal,2.8992,3.3034,-1.7592,-1.4444,0.3148,0.5,4.3029,1.0,1.0,2.0251,0.37,2.9501,2.9031,-0.0034
45.95,seguindo,normal,2.8959,3.2859,-1.7592,-1.4301,0.3291,0.5,4.3008,1.0,1.0,2.0251,0.37,2.9501,2.9031,-0.0075
46.0,seguindo,normal,2.8937,3.2742,-1.7592,-1.4076,0.3516,0.5,4.2995,1.0,1.0,1.8014,0.37,2.9627,2.8551,-0.0102
46.05,seguindo,normal,2.8903,3.2567,-1.7592,-1.3926,0.3667,0.5,4.2975,1.0,1.0,1.8014,0.37,2.9627,2.8551,-0.0143
46.1,seguindo,normal,2.8881,3.245,-1.7592,-1.3818,0.3774,0.5,4.2963,1.0,1.0,1.8014,0.37,2.9627,2.8551,-0.017
46.15,seguindo,normal,2.8847,3.2274,-1.7592,-1.3645,0.3947,0.5,4.2944,1.0,1.0,1.8014,0.37,2.9627,2.8551,-0.0214
46.2,seguindo,normal,2.8825,3.2157,-1.7592,-1.3421,0.4171,0.5,4.2932,1.0,1.0,1.6264,0.37,2.9774,2.8081,-0.0242
46.25,seguindo,normal,2.8792,3.2005,-1.754,-1.3257,0.4283,0.5,4.2921,1.0,1.0,1.6264,0.37,2.9774,2.8081,-0.0284
46.3,seguindo,normal,2.8771,3.1914,-1.7482,-1.3148,0.4334,0.5,4.2916,1.0,1.0,1.6264,0.37,2.9774,2.8081,-0.0312
46.35,seguindo,normal,2.8736,3.1778,-1.7342,-1.297,0.4371,0.5,4.2912,1.0,1.0,1.6264,0.37,2.9774,2.8081,-0.0357
46.4,seguindo,normal,2.8712,3.1689,-1.7228,-1.2756,0.4472,0.5,4.2911,1.0,1.0,1.4436,0.37,2.9947,2.7627,-0.0387
46.45,seguindo,normal,2.8675,3.1556,-1.7005,-1.2576,0.4429,0.5,4.2911,1.0,1.0,1.4436,0.37,2.9947,2.7627,-0.0434
46.5,seguindo,normal,2.865,3.1468,-1.6838,-1.2452,0.4386,0.5,4.2911,1.0,1.0,1.4436,0.37,2.9947,2.7627,-0.0465
46.55,seguindo,normal,2.8615,3.1337,-1.6564,-1.226,0.4304,0.5,4.291,1.0,1.0,1.4436,0.37,2.9947,2.7627,-0.0513
46.6,seguindo,normal,2.8592,3.125,-1.6374,-1.213,0.4245,0.5,4.2909,1.0,1.0,1.4436,0.37,2.9947,2.7627,-0.0543
46.65,seguindo,normal,2.8562,3.1118,-1.6084,-1.1859,0.4226,0.5,4.2904,1.0,1.0,1.2306,0.37,3.0152,2.7194,-0.0587
46.7,seguindo,normal,2.8544,3.103,-1.5893,-1.1739,0.4154,0.5,4.2898,1.0,1.0,1.2306,0.37,3.0152,2.7194,-0.0613
46.75,seguindo,normal,2.852,3.0896,-1.5608,-1.1557,0.4052,0.5,4.2887,1.0,1.0,1.2306,0.37,3.0152,2.7194,-0.0651
46.8,seguindo,normal,2.8506,3.0807,-1.5418,-1.1434,0.3984,0.5,4.2878,1.0,1.0,1.2306,0.37,3.0152,2.7194,-0.0676
46.85,seguindo,normal,2.8488,3.0674,-1.5123,-1.1248,0.3875,0.5,4.2862,1.0,1.0,1.2306,0.37,3.0152,2.7194,-0.071
46.9,seguindo,normal,2.8478,3.0585,-1.4923,-1.1037,0.3886,0.5,4.285,1.0,1.0,1.005,0.37,3.0392,2.679,-0.0732
46.95,seguindo,normal,2.8465,3.0452,-1.4623,-1.0866,0.3757,0.5,4.2829,1.0,1.0,1.005,0.37,3.0392,2.679,-0.076
47.0,seguindo,normal,2.846,3.0363,-1.4424,-1.0751,0.3673,0.5,4.2813,1.0,1.0,1.005,0.37,3.0392,2.679,-0.0778
47.05,seguindo,normal,2.8454,3.023,-1.4125,-1.0579,0.3547,0.5,4.2787,1.0,1.0,1.005,0.37,3.0392,2.679,-0.0804
47.1,seguindo,normal,2.8453,3.014,-1.3926,-1.0462,0.3464,0.5,4.2767,1.0,1.0,1.005,0.37,3.0392,2.679,-0.0819
47.15,seguindo,normal,2.8454,3.0007,-1.3628,-1.017,0.3457,0.5,4.2734,1.0,1.0,0.7999,0.37,3.0671,2.6422,-0.0838
47.2,seguindo,normal,2.8457,2.9918,-1.3429,-1.0063,0.3365,0.5,4.271,1.0,1.0,0.7999,0.37,3.0671,2.6422,-0.0848
47.25,seguindo,normal,2.8466,2.9784,-1.3134,-0.9903,0.3231,0.5,4.2671,1.0,1.0,0.7999,0.37,3.0671,2.6422,-0.0863
47.3,seguindo,normal,2.8474,2.9694,-1.294,-0.9795,0.3144,0.5,4.2643,1.0,1.0,0.7999,0.37,3.0671,2.6422,-0.0872
47.35,seguindo,normal,2.849,2.956,-1.2651,-0.9453,0.3197,0.5,4.2597,1.0,1.0,0.6355,0.37,3.099,2.6098,-0.0881
47.4,seguindo,normal,2.8502,2.947,-1.246,-0.9353,0.3106,0.5,4.2565,1.0,1.0,0.6355,0.37,3.099,2.6098,-0.0885
47.45,seguindo,normal,2.8525,2.9336,-1.2177,-0.9203,0.2974,0.5,4.2513,1.0,1.0,0.6355,0.37,3.099,2.6098,-0.0887
47.5,seguindo,normal,2.8543,2.9247,-1.1992,-0.9102,0.2889,0.5,4.2476,1.0,1.0,0.6355,0.37,3.099,2.6098,-0.0889
47.55,seguindo,normal,2.8573,2.9113,-1.1718,-0.8952,0.2767,0.5,4.2417,1.0,1.0,0.6355,0.37,3.099,2.6098,-0.0888
47.6,seguindo,normal,2.8596,2.9024,-1.1539,-0.8608,0.293,0.5,4.2376,1.0,1.0,0.5153,0.37,3.1347,2.5822,-0.0886
47.65,seguindo,normal,2.8633,2.8891,-1.1272,-0.8465,0.2807,0.5,4.2312,1.0,1.0,0.5153,0.37,3.1347,2.5822,-0.0878
47.7,seguindo,normal,2.866,2.8802,-1.1095,-0.837,0.2726,0.5,4.2267,1.0,1.0,0.5153,0.37,3.1347,2.5822,-0.0872
47.75,seguindo,normal,2.8704,2.867,-1.0836,-0.8226,0.261,0.5,4.2197,1.0,1.0,0.5153,0.37,3.1347,2.5822,-0.0863
47.8,seguindo,normal,2.8735,2.8582,-1.0666,-0.813,0.2536,0.5,4.2148,1.0,1.0,0.5153,0.37,3.1347,2.5822,-0.0854
47.85,seguindo,normal,2.8786,2.8452,-1.0413,-0.7683,0.2731,0.5,4.2072,1.0,1.0,0.4343,0.37,3.1739,2.5598,-0.0838
47.9,seguindo,normal,2.8822,2.8365,-1.0246,-0.759,0.2656,0.5,4.2019,1.0,1.0,0.4343,0.37,3.1739,2.5598,-0.0826
47.95,seguindo,normal,2.8879,2.8236,-0.9999,-0.745,0.2549,0.5,4.1938,1.0,1.0,0.4343,0.37,3.1739,2.5598,-0.0808
48.0,seguindo,normal,2.8919,2.815,-0.9838,-0.7356,0.2482,0.5,4.1882,1.0,1.0,0.4343,0.37,3.1739,2.5598,-0.0795
48.05,seguindo,normal,2.8982,2.8023,-0.9595,-0.6858,0.2738,0.5,4.1795,1.0,1.0,0.3856,0.37,3.2161,2.5422,-0.0773
48.102,seguindo,normal,2.9048,2.7898,-0.9352,-0.6718,0.2634,0.5,4.1707,1.0,1.0,0.3856,0.37,3.2161,2.5422,-0.0748
48.15,seguindo,normal,2.9094,2.7815,-0.9195,-0.6625,0.257,0.5,4.1646,1.0,1.0,0.3856,0.37,3.2161,2.5422,-0.073
48.2,seguindo,normal,2.9142,2.7732,-0.904,-0.6532,0.2508,0.5,4.1583,1.0,1.0,0.3856,0.37,3.2161,2.5422,-0.0715
48.25,seguindo,normal,2.9217,2.7609,-0.8811,-0.639,0.2421,0.5,4.1487,1.0,1.0,0.3856,0.37,3.2161,2.5422,-0.0688
48.3,seguindo,normal,2.9269,2.7528,-0.8662,-0.551,0.3152,0.5,4.1421,1.0,1.0,0.3638,0.37,3.3068,2.5194,-0.0669
48.35,seguindo,normal,2.9348,2.7409,-0.8435,-0.5371,0.3064,0.5,4.1321,1.0,1.0,0.3638,0.37,3.3068,2.5194,-0.0637
48.4,seguindo,normal,2.9403,2.733,-0.8282,-0.5277,0.3005,0.5,4.1253,1.0,1.0,0.3638,0.37,3.3068,2.5194,-0.0619
48.45,seguindo,normal,2.9488,2.7213,-0.8058,-0.5135,0.2923,0.5,4.1149,1.0,1.0,0.3638,0.37,3.3068,2.5194,-0.0592
48.5,seguindo,normal,2.9546,2.7136,-0.7911,-0.4658,0.3253,0.5,4.1079,1.0,1.0,0.3681,0.37,3.3543,2.5127,-0.0573
48.55,seguindo,normal,2.9634,2.7022,-0.7683,-0.4516,0.3167,0.5,4.0972,1.0,1.0,0.3681,0.37,3.3543,2.5127,-0.0541
48.6,seguindo,normal,2.9694,2.6948,-0.7529,-0.442,0.3109,0.5,4.09,1.0,1.0,0.3681,0.37,3.3543,2.5127,-0.0519
48.65,seguindo,normal,2.9787,2.6838,-0.7303,-0.4275,0.3028,0.5,4.079,1.0,1.0,0.3681,0.37,3.3543,2.5127,-0.0495
48.7,seguindo,normal,2.9851,2.6765,-0.7155,-0.4177,0.2978,0.5,4.0715,1.0,1.0,0.3681,0.37,3.3543,2.5127,-0.0477
48.75,seguindo,normal,2.9946,2.6659,-0.6914,-0.369,0.3224,0.5,4.0604,1.0,1.0,0.3987,0.37,3.4026,2.5081,-0.045
48.8,seguindo,normal,3.0009,2.659,-0.6747,-0.3593,0.3154,0.5,4.0531,1.0,1.0,0.3987,0.37,3.4026,2.5081,-0.0431
48.85,seguindo,normal,3.0107,2.6488,-0.65,-0.3447,0.3053,0.5,4.0418,1.0,1.0,0.3987,0.37,3.4026,2.5081,-0.0409
48.9,seguindo,normal,3.0174,2.6422,-0.6338,-0.3349,0.2989,0.5,4.0341,1.0,1.0,0.3987,0.37,3.4026,2.5081,-0.0396
48.95,seguindo,normal,3.0275,2.6324,-0.6087,-0.32,0.2887,0.5,4.0226,1.0,1.0,0.4578,0.37,3.4026,2.5081,-0.0375
49.0,seguindo,normal,3.0378,2.6229,-0.5833,-0.3049,0.2784,0.5,4.0109,1.0,1.0,0.4578,0.37,3.4026,2.5081,-0.035
49.05,seguindo,normal,3.0448,2.6167,-0.5667,-0.2948,0.2719,0.5,4.003,1.0,1.0,0.4578,0.37,3.4026,2.5081,-0.0337
49.1,seguindo,normal,3.052,2.6107,-0.5502,-0.2846,0.2656,0.5,3.9949,1.0,1.0,0.4578,0.37,3.4026,2.5081,-0.0329
49.15,seguindo,normal,3.063,2.6018,-0.5257,-0.2439,0.2818,0.5,3.9827,1.0,1.0,0.554,0.37,3.4516,2.5051,-0.0313
49.2,seguindo,normal,3.0705,2.596,-0.5096,-0.2342,0.2754,0.5,3.9745,1.0,1.0,0.554,0.37,3.4516,2.5051,-0.03
49.25,seguindo,normal,3.0818,2.5876,-0.4848,-0.2195,0.2653,0.5,3.962,1.0,1.0,0.554,0.37,3.4516,2.5051,-0.0281
49.3,seguindo,normal,3.0894,2.5821,-0.4681,-0.2095,0.2586,0.5,3.9537,1.0,1.0,0.554,0.37,3.4516,2.5051,-0.0278
49.35,seguindo,normal,3.1011,2.5741,-0.4435,-0.1758,0.2677,0.5,3.941,1.0,1.0,0.7021,0.37,3.501,2.5031,-0.0269
49.4,seguindo,normal,3.109,2.569,-0.4273,-0.1665,0.2608,0.5,3.9324,1.0,1.0,0.7021,0.37,3.501,2.5031,-0.0262
49.45,seguindo,normal,3.1211,2.5615,-0.4033,-0.1526,0.2507,0.5,3.9193,1.0,1.0,0.7021,0.37,3.501,2.5031,-0.0248
49.5,seguindo,normal,3.1293,2.5567,-0.3874,-0.1432,0.2442,0.5,3.9106,1.0,1.0,0.7021,0.37,3.501,2.5031,-0.0249
49.55,seguindo,normal,3.1418,2.5497,-0.3641,-0.1291,0.2351,0.5,3.8972,1.0,1.0,0.7021,0.37,3.501,2.5031,-0.0247
49.6,seguindo,normal,3.1502,2.5453,-0.3488,-0.1079,0.2409,0.5,3.8882,1.0,1.0,0.9314,0.37,3.5506,2.5019,-0.0244
49.65,seguindo,normal,3.163,2.5388,-0.3257,-0.0949,0.2308,0.5,3.8746,1.0,1.0,0.9314,0.37,3.5506,2.5019,-0.0237
49.7,seguindo,normal,3.1716,2.5346,-0.3101,-0.0861,0.224,0.5,3.8656,1.0,1.0,0.9314,0.37,3.5506,2.5019,-0.0241
49.75,seguindo,normal,3.1847,2.5286,-0.2872,-0.073,0.2143,0.5,3.8518,1.0,1.0,0.9314,0.37,3.5506,2.5019,-0.0246
49.8,seguindo,normal,3.1935,2.5248,-0.2722,-0.0582,0.214,0.5,3.8425,1.0,1.0,1.2817,0.37,3.6003,2.5011,-0.0247
49.85,seguindo,normal,3.2068,2.5194,-0.2496,-0.0463,0.2033,0.5,3.8286,1.0,1.0,1.2817,0.37,3.6003,2.5011,-0.0247
49.9,seguindo,normal,3.2158,2.5159,-0.2345,-0.0383,0.1962,0.5,3.8192,1.0,1.0,1.2817,0.37,3.6003,2.5011,-0.0253
49.95,seguindo,normal,3.2294,2.5109,-0.2123,-0.0264,0.1859,0.5,3.8051,1.0,1.0,1.2817,0.37,3.6003,2.5011,-0.0262
50.0,seguindo,normal,3.2385,2.5078,-0.1977,-0.0173,0.1804,0.5,3.7956,1.0,1.0,1.8191,0.37,3.6502,2.5007,-0.0266
50.05,seguindo,normal,3.2524,2.5034,-0.176,-0.0068,0.1692,0.5,3.7813,1.0,1.0,1.8191,0.37,3.6502,2.5007,-0.0269
50.1,seguindo,normal,3.2617,2.5006,-0.1615,0.0002,0.1617,0.5,3.7717,1.0,1.0,1.8191,0.37,3.6502,2.5007,-0.0275
50.15,seguindo,normal,3.2758,2.4967,-0.1403,0.0106,0.1509,0.5,3.7572,1.0,1.0,1.8191,0.37,3.6502,2.5007,-0.0285
50.2,seguindo,normal,3.2852,2.4943,-0.1264,0.0054,0.1318,0.5,3.7475,1.0,1.0,2.9029,1.0,4.35,2.5,-0.0289
50.25,seguindo,normal,3.2996,2.4909,-0.1059,0.0086,0.1145,0.5,3.7328,1.0,1.0,2.9029,1.0,4.35,2.5,-0.0293
50.3,seguindo,normal,3.3092,2.4889,-0.0923,0.0107,0.103,0.5,3.7231,1.0,1.0,2.9029,1.0,4.35,2.5,-0.0299
50.35,seguindo,normal,3.3237,2.486,-0.0724,0.0136,0.086,0.5,3.7083,1.0,1.0,2.9029,1.0,4.35,2.5,-0.0306
50.4,seguindo,normal,3.3335,2.4843,-0.0595,0.0147,0.0742,0.5,3.6983,1.0,1.0,4.3452,1.0,4.4,2.5,-0.031
50.45,seguindo,normal,3.3483,2.482,-0.0405,0.0171,0.0576,0.5,3.6834,1.0,1.0,4.3452,1.0,4.4,2.5,-0.0312
50.5,seguindo,normal,3.3632,2.4801,-0.022,0.0192,0.0412,0.5,3.6684,1.0,1.0,4.3452,1.0,4.4,2.5,-0.0316
50.55,seguindo,normal,3.3732,2.4789,-0.0101,0.0205,0.0306,0.5,3.6583,1.0,1.0,4.3452,1.0,4.4,2.5,-0.0318
50.6,seguindo,normal,3.3832,2.4779,0.0016,0.0207,0.0191,0.5,3.6482,1.0,1.0,6.6615,1.0,4.45,2.5,-0.0318
50.65,seguindo,normal,3.3985,2.4767,0.0184,0.0221,0.0038,0.5,3.633,1.0,1.0,6.6615,1.0,4.45,2.5,-0.0316
50.7,seguindo,normal,3.4087,2.4761,0.0289,0.0229,-0.0059,0.5,3.6227,1.0,1.0,6.6615,1.0,4.45,2.5,-0.0316
50.75,seguindo,normal,3.4256,2.4758,0.0406,0.0226,-0.0181,0.5,3.6059,1.0,1.0,10.4393,1.0,4.5,2.5,-0.0309
50.8,seguindo,normal,3.4375,2.4758,0.046,0.0227,-0.0232,0.5,3.5941,1.0,1.0,10.4393,1.0,4.5,2.5,-0.03
50.85,seguindo,normal,3.4554,2.4765,0.049,0.0225,-0.0264,0.5,3.5765,1.0,1.0,10.4393,1.0,4.5,2.5,-0.0284
50.9,seguindo,normal,3.4673,2.477,0.0491,0.0222,-0.0269,0.5,3.5648,1.0,1.0,10.4393,1.0,4.5,2.5,-0.0274
50.95,seguindo,normal,3.4851,2.4779,0.0492,0.0208,-0.0284,0.5,3.5472,1.0,1.0,16.6909,1.0,4.55,2.5,-0.0258
51.0,seguindo,normal,3.497,2.4785,0.0492,0.0204,-0.0288,0.5,3.5355,1.0,1.0,16.6909,1.0,4.55,2.5,-0.0248
51.05,seguindo,normal,3.5148,2.4794,0.0492,0.0199,-0.0293,0.5,3.518,1.0,1.0,16.6909,1.0,4.55,2.5,-0.0234
51.1,seguindo,normal,3.5267,2.4799,0.0492,0.0187,-0.0305,0.5,3.5063,1.0,1.0,27.1782,1.0,4.6,2.5,-0.0225
51.15,seguindo,normal,3.5446,2.4808,0.0492,0.0182,-0.031,0.5,3.4887,1.0,1.0,27.1782,1.0,4.6,2.5,-0.0212
51.2,seguindo,normal,3.5565,2.4814,0.0492,0.0178,-0.0314,0.5,3.477,1.0,1.0,27.1782,1.0,4.6,2.5,-0.0204
51.25,seguindo,normal,3.5743,2.4823,0.0492,0.0173,-0.0319,0.5,3.4595,1.0,1.0,27.1782,1.0,4.6,2.5,-0.0192
51.3,seguindo,normal,3.5862,2.4829,0.0492,0.0161,-0.0331,0.5,3.4478,1.0,1.0,44.9961,1.0,4.65,2.5,-0.0185
51.35,seguindo,normal,3.604,2.4838,0.0492,0.0155,-0.0337,0.5,3.4303,1.0,1.0,44.9961,1.0,4.65,2.5,-0.0173
51.4,seguindo,normal,3.6159,2.4843,0.0492,0.0151,-0.0341,0.5,3.4186,1.0,1.0,44.9961,1.0,4.65,2.5,-0.0166
51.45,seguindo,normal,3.6337,2.4852,0.0492,0.0139,-0.0353,0.5,3.401,1.0,1.0,75.6287,1.0,4.7,2.5,-0.0156
51.5,seguindo,normal,3.6456,2.4858,0.0492,0.0135,-0.0357,0.5,3.3894,1.0,1.0,75.6287,1.0,4.7,2.5,-0.0149
51.55,seguindo,normal,3.6635,2.4867,0.0492,0.0129,-0.0364,0.5,3.3718,1.0,1.0,75.6287,1.0,4.7,2.5,-0.0139
51.6,seguindo,normal,3.6754,2.4873,0.0492,0.0119,-0.0374,0.5,3.3602,1.0,1.0,128.8748,1.0,4.75,2.5,-0.0133
51.65,seguindo,normal,3.6932,2.4881,0.0492,0.0112,-0.038,0.5,3.3426,1.0,1.0,128.8748,1.0,4.75,2.5,-0.0123
51.7,seguindo,normal,3.7051,2.4887,0.0492,0.0108,-0.0384,0.5,3.331,1.0,1.0,128.8748,1.0,4.75,2.5,-0.0116
51.75,seguindo,normal,3.7229,2.4896,0.0492,0.0101,-0.0391,0.5,3.3135,1.0,1.0,128.8748,1.0,4.75,2.5,-0.0107
51.8,seguindo,normal,3.7348,2.4902,0.0492,0.0092,-0.04,0.5,3.3018,1.0,1.0,222.3788,1.0,4.8,2.5,-0.0101
51.85,seguindo,normal,3.7526,2.4911,0.0492,0.0085,-0.0407,0.5,3.2843,1.0,1.0,222.3788,1.0,4.8,2.5,-0.0091
51.9,seguindo,normal,3.7645,2.4917,0.0492,0.0081,-0.0411,0.5,3.2726,1.0,1.0,222.3788,1.0,4.8,2.5,-0.0085
51.95,seguindo,normal,3.7824,2.4925,0.0492,0.007,-0.0422,0.5,3.2551,1.0,1.0,388.1457,1.0,4.85,2.5,-0.0076
52.0,seguindo,normal,3.7942,2.4931,0.0492,0.0065,-0.0427,0.5,3.2435,1.0,1.0,388.1457,1.0,4.85,2.5,-0.007
52.05,seguindo,normal,3.8121,2.494,0.0492,0.0058,-0.0434,0.5,3.226,1.0,1.0,388.1457,1.0,4.85,2.5,-0.0061
52.1,seguindo,normal,3.824,2.4946,0.0492,0.0053,-0.0439,0.5,3.2143,1.0,1.0,388.1457,1.0,4.85,2.5,-0.0055
52.15,seguindo,normal,3.8418,2.4955,0.0492,0.0043,-0.0449,0.5,3.1968,1.0,1.0,684.6313,1.0,4.9,2.5,-0.0046
52.2,seguindo,normal,3.8537,2.496,0.0492,0.0038,-0.0454,0.5,3.1852,1.0,1.0,684.6313,1.0,4.9,2.5,-0.004
52.25,seguindo,normal,3.8715,2.4969,0.0492,0.003,-0.0462,0.5,3.1677,1.0,1.0,684.6313,1.0,4.9,2.5,-0.0031
52.3,seguindo,normal,3.8834,2.4975,0.0492,0.0023,-0.0469,0.5,3.156,1.0,1.0,1219.3041,1.0,4.95,2.5,-0.0025
52.35,seguindo,normal,3.9013,2.4984,0.0492,0.0015,-0.0477,0.5,3.1386,1.0,1.0,1219.3041,1.0,4.95,2.5,-0.0017
52.4,seguindo,normal,3.9131,2.499,0.0492,0.001,-0.0482,0.5,3.1269,1.0,1.0,1219.3041,1.0,4.95,2.5,-0.0011
52.45,seguindo,normal,3.931,2.4999,0.0492,0.0001,-0.0491,0.5,3.1095,1.0,1.0,2190.9845,1.0,5.0,2.5,-0.0002
52.5,seguindo,normal,3.9429,2.5004,0.0492,-0.0004,-0.0496,0.5,3.0978,1.0,1.0,2190.9845,1.0,5.0,2.5,0.0004
52.55,seguindo,normal,3.9607,2.5013,0.0492,-0.0013,-0.0505,0.5,3.0804,1.0,1.0,2190.9845,1.0,5.0,2.5,0.0013
52.6,seguindo,normal,3.9726,2.5019,0.0492,-0.0019,-0.0511,0.5,3.0687,1.0,1.0,2190.9845,1.0,5.0,2.5,0.0019
52.65,seguindo,normal,3.9904,2.5028,0.0492,-0.0026,-0.0518,0.5,3.0513,1.0,1.0,3969.8323,1.0,5.05,2.5,0.0028
52.7,seguindo,normal,4.0023,2.5034,0.0492,-0.0032,-0.0524,0.5,3.0397,1.0,1.0,3969.8323,1.0,5.05,2.5,0.0034
52.75,seguindo,normal,4.0202,2.5042,0.0492,-0.0041,-0.0533,0.5,3.0222,1.0,1.0,3969.8323,1.0,5.05,2.5,0.0042
52.8,seguindo,normal,4.032,2.5048,0.0492,-0.0045,-0.0537,0.5,3.0106,1.0,1.0,6156.9568,1.0,5.1,2.5,0.0048
52.85,seguindo,normal,4.0499,2.5057,0.0492,-0.0054,-0.0547,0.5,2.9932,1.0,1.0,6156.9568,1.0,5.1,2.5,0.0057
52.9,seguindo,normal,4.0618,2.5063,0.0492,-0.0061,-0.0553,0.5,2.9815,1.0,1.0,6156.9568,1.0,5.1,2.5,0.0063
52.95,seguindo,normal,4.0796,2.5072,0.0492,-0.0067,-0.0559,0.5,2.9641,1.0,1.0,3407.2133,1.0,5.15,2.5,0.0072
53.0,seguindo,normal,4.0915,2.5078,0.0492,-0.0074,-0.0566,0.5,2.9525,1.0,1.0,3407.2133,1.0,5.15,2.5,0.0078
53.05,seguindo,normal,4.1093,2.5086,0.0492,-0.0083,-0.0575,0.5,2.9351,1.0,1.0,3407.2133,1.0,5.15,2.5,0.0086
53.1,seguindo,normal,4.1212,2.5092,0.0492,-0.009,-0.0582,0.5,2.9235,1.0,1.0,3407.2133,1.0,5.15,2.5,0.0092
53.15,seguindo,normal,4.139,2.5101,0.0492,-0.0096,-0.0588,0.5,2.9061,1.0,1.0,1901.936,1.0,5.2,2.5,0.0101
53.2,seguindo,normal,4.1509,2.5107,0.0492,-0.0102,-0.0594,0.5,2.8945,1.0,1.0,1901.936,1.0,5.2,2.5,0.0107
53.25,seguindo,normal,4.1688,2.5116,0.0492,-0.0113,-0.0605,0.5,2.8771,1.0,1.0,1901.936,1.0,5.2,2.5,0.0116
53.3,seguindo,normal,4.1807,2.5121,0.0492,-0.0114,-0.0606,0.5,2.8655,1.0,1.0,1071.5255,1.0,5.25,2.4999,0.0121
53.35,seguindo,normal,4.1985,2.513,0.0492,-0.0125,-0.0617,0.5,2.8481,1.0,1.0,1071.5255,1.0,5.25,2.4999,0.013
53.4,seguindo,normal,4.2104,2.5136,0.0492,-0.0132,-0.0624,0.5,2.8365,1.0,1.0,1071.5255,1.0,5.25,2.4999,0.0136
53.45,seguindo,normal,4.2282,2.5145,0.0492,-0.0136,-0.0629,0.5,2.8191,1.0,1.0,609.7478,1.0,5.3,2.4999,0.0145
53.5,seguindo,normal,4.2401,2.5151,0.0492,-0.0144,-0.0636,0.5,2.8075,1.0,1.0,609.7478,1.0,5.3,2.4999,0.0151
53.55,seguindo,normal,4.2579,2.516,0.0492,-0.0154,-0.0646,0.5,2.7902,1.0,1.0,609.7478,1.0,5.3,2.4999,0.016
53.6,seguindo,normal,4.2698,2.5165,0.0492,-0.0162,-0.0654,0.5,2.7786,1.0,1.0,609.7478,1.0,5.3,2.4999,0.0165
53.65,seguindo,normal,4.2877,2.5174,0.0492,-0.0173,-0.0665,0.5,2.7612,1.0,1.0,350.7751,1.0,5.3,2.4999,0.0174
53.7,seguindo,normal,4.2996,2.518,0.0492,-0.0181,-0.0673,0.5,2.7497,1.0,1.0,350.7751,1.0,5.3,2.4999,0.018
53.75,seguindo,normal,4.3174,2.5189,0.0492,-0.0194,-0.0686,0.5,2.7323,1.0,1.0,350.7751,1.0,5.3,2.4999,0.0189
53.8,seguindo,normal,4.3293,2.5195,0.0492,-0.0193,-0.0685,0.5,2.7208,1.0,1.0,204.2135,1.0,5.35,2.4998,0.0195
53.85,seguindo,normal,4.3471,2.5203,0.0492,-0.0205,-0.0697,0.5,2.7034,1.0,1.0,204.2135,1.0,5.35,2.4998,0.0203
53.9,seguindo,normal,4.359,2.5209,0.0492,-0.0214,-0.0706,0.5,2.6919,1.0,1.0,204.2135,1.0,5.35,2.4998,0.0209
53.95,seguindo,normal,4.3768,2.5218,0.0492,-0.0217,-0.0709,0.5,2.6746,1.0,1.0,120.4562,1.0,5.4,2.4996,0.0218
54.0,seguindo,normal,4.3887,2.5224,0.0492,-0.0226,-0.0718,0.5,2.663,1.0,1.0,120.4562,1.0,5.4,2.4996,0.0224
54.05,seguindo,normal,4.4066,2.5233,0.0492,-0.0238,-0.073,0.5,2.6457,1.0,1.0,120.4562,1.0,5.4,2.4996,0.0233
54.1,seguindo,normal,4.4185,2.5239,0.0492,-0.0247,-0.0739,0.5,2.6342,1.0,1.0,120.4562,1.0,5.4,2.4996,0.0239
54.15,seguindo,normal,4.4363,2.5247,0.0492,-0.0251,-0.0743,0.5,2.6169,1.0,1.0,72.0857,1.0,5.45,2.4993,0.0247
54.2,seguindo,normal,4.4482,2.5253,0.0492,-0.026,-0.0752,0.5,2.6053,1.0,1.0,72.0857,1.0,5.45,2.4993,0.0253
54.25,seguindo,normal,4.466,2.5262,0.0492,-0.0273,-0.0765,0.5,2.588,1.0,1.0,72.0857,1.0,5.45,2.4993,0.0262
54.3,seguindo,normal,4.4779,2.5268,0.0492,-0.0274,-0.0766,0.5,2.5765,1.0,1.0,43.8351,1.0,5.5,2.4988,0.0268
54.35,seguindo,normal,4.4957,2.5277,0.0492,-0.0287,-0.0779,0.5,2.5593,1.0,1.0,43.8351,1.0,5.5,2.4988,0.0277
54.4,seguindo,normal,4.5076,2.5282,0.0492,-0.0296,-0.0788,0.5,2.5477,1.0,1.0,43.8351,1.0,5.5,2.4988,0.0282
54.45,seguindo,normal,4.5255,2.5291,0.0492,-0.0303,-0.0795,0.5,2.5305,1.0,1.0,27.1353,1.0,5.55,2.4981,0.0291
54.5,seguindo,normal,4.5373,2.5297,0.0492,-0.0312,-0.0804,0.5,2.519,1.0,1.0,27.1353,1.0,5.55,2.4981,0.0297
54.55,seguindo,normal,4.5552,2.5306,0.0492,-0.0327,-0.0819,0.5,2.5017,1.0,1.0,27.1353,1.0,5.55,2.4981,0.0306
54.6,seguindo,normal,4.5671,2.5312,0.0492,-0.0337,-0.0829,0.5,2.4902,1.0,1.0,27.1353,1.0,5.55,2.4981,0.0312
54.65,seguindo,normal,4.5849,2.5321,0.0492,-0.0346,-0.0838,0.5,2.473,1.0,1.0,17.1358,1.0,5.6,2.4969,0.0321
54.7,seguindo,normal,4.5968,2.5326,0.0492,-0.0356,-0.0848,0.5,2.4615,1.0,1.0,17.1358,1.0,5.6,2.4969,0.0326
54.75,seguindo,normal,4.6146,2.5335,0.0492,-0.0372,-0.0864,0.5,2.4443,1.0,1.0,17.1358,1.0,5.6,2.4969,0.0335
54.8,seguindo,normal,4.6265,2.5341,0.0492,-0.0381,-0.0873,0.5,2.4328,1.0,1.0,11.0667,1.0,5.65,2.495,0.0341
54.85,seguindo,normal,4.6444,2.535,0.0492,-0.0397,-0.0889,0.5,2.4156,1.0,1.0,11.0667,1.0,5.65,2.495,0.035
54.9,seguindo,normal,4.6562,2.5356,0.0492,-0.0407,-0.09,0.5,2.4042,1.0,1.0,11.0667,1.0,5.65,2.495,0.0356
54.95,seguindo,normal,4.6741,2.5364,0.0492,-0.0424,-0.0916,0.5,2.387,1.0,1.0,11.0667,1.0,5.65,2.495,0.0364
55.0,seguindo,normal,4.686,2.537,0.0492,-0.0441,-0.0933,0.5,2.3755,1.0,1.0,7.3311,1.0,5.7,2.4923,0.037
55.05,seguindo,normal,4.7038,2.5379,0.0492,-0.0457,-0.0949,0.5,2.3584,1.0,1.0,7.3311,1.0,5.7,2.4923,0.0379
55.1,seguindo,normal,4.7157,2.5385,0.0492,-0.0469,-0.0961,0.5,2.3469,1.0,1.0,7.3311,1.0,5.7,2.4923,0.0385
55.15,seguindo,normal,4.7335,2.5394,0.0492,-0.0502,-0.0994,0.5,2.3298,1.0,1.0,4.9993,1.0,5.75,2.4884,0.0394
55.2,seguindo,normal,4.7454,2.54,0.0492,-0.0513,-0.1005,0.5,2.3183,1.0,1.0,4.9993,1.0,5.75,2.4884,0.04
55.25,seguindo,normal,4.7633,2.5408,0.0492,-0.0531,-0.1023,0.5,2.3012,1.0,1.0,4.9993,1.0,5.75,2.4884,0.0408
55.3,seguindo,normal,4.7751,2.5414,0.0492,-0.0572,-0.1064,0.5,2.2898,1.0,1.0,3.5246,1.0,5.8,2.4828,0.0414
55.35,seguindo,normal,4.793,2.5423,0.0492,-0.059,-0.1082,0.5,2.2727,1.0,1.0,3.5246,1.0,5.8,2.4828,0.0423
55.4,seguindo,normal,4.8049,2.5429,0.0492,-0.0603,-0.1095,0.5,2.2613,1.0,1.0,3.5246,1.0,5.8,2.4828,0.0429
55.45,seguindo,normal,4.8227,2.5438,0.0492,-0.0623,-0.1115,0.5,2.2442,1.0,1.0,3.5246,1.0,5.8,2.4828,0.0438
55.5,seguindo,normal,4.8346,2.5443,0.0492,-0.1065,-0.1558,0.5,2.2328,1.0,1.0,732.7379,0.37,5.25,2.4999,0.0443
55.55,seguindo,normal,4.8524,2.5452,0.0492,-0.1135,-0.1627,0.5,2.2157,1.0,1.0,732.7379,0.37,5.25,2.4999,0.0452
55.6,seguindo,normal,4.8643,2.5458,0.0492,-0.1184,-0.1676,0.5,2.2043,1.0,1.0,732.7379,0.37,5.25,2.4999,0.0458
55.65,seguindo,normal,4.8821,2.5467,0.0492,-0.1116,-0.1608,0.5,2.1873,1.0,1.0,419.8854,0.37,5.3,2.4999,0.0467
55.7,seguindo,normal,4.894,2.5473,0.0492,-0.1163,-0.1655,0.5,2.1759,1.0,1.0,419.8854,0.37,5.3,2.4999,0.0473
55.75,seguindo,normal,4.9119,2.5482,0.0492,-0.1238,-0.173,0.5,2.1589,1.0,1.0,419.8854,0.37,5.3,2.4999,0.0482
55.8,seguindo,normal,4.9238,2.5487,0.0492,-0.1292,-0.1784,0.5,2.1475,1.0,1.0,419.8854,0.37,5.3,2.4999,0.0487
55.85,seguindo,normal,4.9416,2.5496,0.0492,-0.1215,-0.1707,0.5,2.1305,1.0,1.0,243.4037,0.37,5.35,2.4998,0.0496
55.9,seguindo,normal,4.9535,2.5502,0.0492,-0.1265,-0.1758,0.5,2.1192,1.0,1.0,243.4037,0.37,5.35,2.4998,0.0502
55.95,seguindo,normal,4.9713,2.5511,0.0492,-0.1347,-0.1839,0.5,2.1022,1.0,1.0,243.4037,0.37,5.35,2.4998,0.0511
56.0,seguindo,normal,4.9832,2.5517,0.0492,-0.1243,-0.1735,0.5,2.0909,1.0,1.0,142.8978,0.37,5.4,2.4996,0.0517
56.05,seguindo,normal,5.001,2.5525,0.0492,-0.132,-0.1812,0.5,2.0739,1.0,1.0,142.8978,0.37,5.4,2.4996,0.0525
56.1,seguindo,normal,5.0129,2.5531,0.0492,-0.1375,-0.1867,0.5,2.0626,1.0,1.0,142.8978,0.37,5.4,2.4996,0.0531
56.15,seguindo,normal,5.0308,2.554,0.0492,-0.1298,-0.179,0.5,2.0457,1.0,1.0,85.0717,0.37,5.45,2.4993,0.054
56.2,seguindo,normal,5.0427,2.5546,0.0492,-0.1349,-0.1841,0.5,2.0344,1.0,1.0,85.0717,0.37,5.45,2.4993,0.0546
56.25,seguindo,normal,5.0605,2.5555,0.0492,-0.1432,-0.1925,0.5,2.0175,1.0,1.0,85.0717,0.37,5.45,2.4993,0.0555
56.3,seguindo,normal,5.0724,2.5561,0.0492,-0.1492,-0.1984,0.5,2.0062,1.0,1.0,85.0717,0.37,5.45,2.4993,0.0561
56.35,seguindo,normal,5.0902,2.5569,0.0492,-0.1409,-0.1901,0.5,1.9893,1.0,1.0,51.434,0.37,5.5,2.4988,0.0569
56.4,seguindo,normal,5.1021,2.5575,0.0492,-0.1465,-0.1957,0.5,1.9781,1.0,1.0,51.434,0.37,5.5,2.4988,0.0575
56.45,seguindo,normal,5.117,2.5579,0.0542,-0.153,-0.2071,0.5,1.9639,1.0,1.0,51.434,0.37,5.5,2.4988,0.0579
56.5,seguindo,normal,5.1257,2.5579,0.0595,-0.1402,-0.1997,0.5,1.9556,1.0,1.0,31.6351,0.37,5.55,2.4981,0.0579
56.55,seguindo,normal,5.136,2.5575,0.0729,-0.1426,-0.2154,0.5,1.9456,1.0,1.0,31.6351,0.37,5.55,2.4981,0.0575
56.6,seguindo,normal,5.1414,2.557,0.0839,-0.1433,-0.2272,0.5,1.9403,1.0,1.0,31.6351,0.37,5.55,2.4981,0.057
56.65,seguindo,normal,5.147,2.5557,0.106,-0.1421,-0.2481,0.5,1.9345,1.0,1.0,31.6351,0.37,5.55,2.4981,0.0557
56.7,seguindo,normal,5.1496,2.5544,0.1262,-0.1397,-0.2658,0.5,1.9317,1.0,1.0,31.6351,0.37,5.55,2.4981,0.0544
56.75,seguindo,normal,5.1516,2.5518,0.161,-0.134,-0.295,0.5,1.929,1.0,1.0,31.6351,0.37,5.55,2.4981,0.0518
56.8,seguindo,normal,5.1522,2.5497,0.1874,-0.129,-0.3164,0.5,1.9279,1.0,1.0,31.6351,0.37,5.55,2.4981,0.0497
56.85,seguindo,normal,5.1535,2.5464,0.2306,-0.1213,-0.3519,0.5,1.9256,1.0,1.0,31.6351,0.37,5.55,2.4981,0.0464
56.9,seguindo,normal,5.1546,2.5441,0.2611,-0.1159,-0.377,0.5,1.9239,1.0,1.0,31.6351,0.37,5.55,2.4981,0.0441
56.95,seguindo,normal,5.1566,2.5404,0.3119,-0.1071,-0.419,0.5,1.921,1.0,1.0,31.6351,0.37,5.55,2.4981,0.0404
57.0,seguindo,normal,5.1581,2.5378,0.3476,-0.101,-0.4486,0.5,1.9188,1.0,1.0,31.6351,0.37,5.55,2.4981,0.0378
57.05,seguindo,normal,5.1606,2.5337,0.4055,-0.0913,-0.4968,0.5,1.9153,1.0,1.0,31.6351,0.37,5.55,2.4981,0.0337
57.1,seguindo,normal,5.1623,2.531,0.4448,-0.0847,-0.5296,0.5,1.9129,1.0,1.0,31.6351,0.37,5.55,2.4981,0.031
57.15,seguindo,normal,5.165,2.5267,0.5065,-0.0743,-0.5808,0.5,1.9091,1.0,1.0,31.6351,0.37,5.55,2.4981,0.0268
57.2,seguindo,normal,5.1667,2.5238,0.5478,-0.0671,-0.6149,0.5,1.9067,1.0,1.0,31.6351,0.37,5.55,2.4981,0.0239
57.25,seguindo,normal,5.1697,2.5193,0.6145,-0.0557,-0.6702,0.5,1.9026,1.0,1.0,31.6351,0.37,5.55,2.4981,0.0193
57.3,seguindo,normal,5.1719,2.5162,0.6608,-0.0481,-0.7088,0.5,1.8996,1.0,1.0,31.6351,0.37,5.55,2.4981,0.0163
57.35,seguindo,normal,5.1758,2.5116,0.7352,-0.0347,-0.7699,0.5,1.8946,1.0,1.0,19.8341,0.37,5.6,2.4969,0.0116
57.4,seguindo,normal,5.1787,2.5086,0.7866,-0.0278,-0.8144,0.5,1.891,1.0,1.0,19.8341,0.37,5.6,2.4969,0.0086
57.45,seguindo,normal,5.1836,2.504,0.8688,-0.0172,-0.886,0.5,1.885,1.0,1.0,19.8341,0.37,5.6,2.4969,0.0041
57.5,seguindo,normal,5.1872,2.5012,0.9253,-0.0104,-0.9357,0.5,1.8808,1.0,1.0,19.8341,0.37,5.6,2.4969,0.0012
57.55,seguindo,normal,5.1932,2.497,1.0151,-0.0004,-1.0155,0.5,1.8739,1.0,1.0,19.8341,0.37,5.6,2.4969,-0.0029
57.6,seguindo,normal,5.1976,2.4945,1.0767,0.0059,-1.0709,0.5,1.869,1.0,1.0,19.8341,0.37,5.6,2.4969,-0.0054
57.65,seguindo,normal,5.2047,2.4911,1.1743,0.0146,-1.1597,0.5,1.8612,1.0,1.0,19.8341,0.37,5.6,2.4969,-0.0089
57.7,seguindo,normal,5.2098,2.4892,1.2411,0.0198,-1.2214,0.5,1.8558,1.0,1.0,19.8341,0.37,5.6,2.4969,-0.0108
57.75,seguindo,normal,5.2181,2.4868,1.3464,0.0264,-1.3201,0.5,1.8472,1.0,1.0,19.8341,0.37,5.6,2.4969,-0.0131
57.8,seguindo,normal,5.2238,2.4857,1.4184,0.0297,-1.3887,0.5,1.8414,1.0,1.0,19.8341,0.37,5.6,2.4969,-0.0142
57.85,seguindo,normal,5.2329,2.4848,1.5299,0.0245,-1.5054,0.5,1.8324,1.0,1.0,12.7061,0.37,5.65,2.495,-0.0151
57.9,seguindo,normal,5.239,2.4848,1.6055,0.0249,-1.5806,0.5,1.8265,1.0,1.0,12.7061,0.37,5.65,2.495,-0.0151
57.95,seguindo,normal,5.2482,2.4856,1.719,0.0235,-1.6955,0.5,1.8178,1.0,1.0,12.7061,0.37,5.65,2.495,-0.0143
58.0,seguindo,normal,5.2543,2.4867,1.7946,0.021,-1.7736,0.5,1.8123,1.0,1.0,12.7061,0.37,5.65,2.495,-0.0132
58.05,seguindo,normal,5.2629,2.4908,1.9129,0.0109,-1.902,0.5,1.8051,1.0,1.0,12.7061,0.37,5.65,2.495,-0.0091
58.1,seguindo,normal,5.2684,2.4948,1.9938,0.0006,-1.9932,0.5,1.8009,1.0,1.0,12.7061,0.37,5.65,2.495,-0.0051
58.15,seguindo,normal,5.2744,2.5038,2.1125,-0.0234,-2.1359,0.5,1.7977,1.0,1.0,12.7061,0.37,5.65,2.495,0.0039
58.2,seguindo,normal,5.2771,2.5112,2.1893,-0.0446,-2.2339,0.5,1.7972,1.0,1.0,8.3406,0.37,5.7,2.4923,0.0113
58.25,seguindo,normal,5.2777,2.5247,2.2999,-0.0766,-2.3765,0.5,1.8004,1.0,1.0,8.3406,0.37,5.7,2.4923,0.0248
58.3,seguindo,normal,5.2763,2.5347,2.3702,-0.0997,-2.4699,0.5,1.8047,1.0,1.0,8.3406,0.37,5.7,2.4923,0.0348
58.35,seguindo,normal,5.271,2.5507,2.4707,-0.1458,-2.6165,0.5,1.8146,1.0,1.0,12.7061,0.37,5.65,2.495,0.0508
58.4,seguindo,normal,5.2657,2.5618,2.5347,-0.1719,-2.7066,0.5,1.823,1.0,1.0,12.7061,0.37,5.65,2.495,0.0619
58.45,seguindo,normal,5.2561,2.578,2.6271,-0.2076,-2.8348,0.5,1.8372,1.0,1.0,12.7061,0.37,5.65,2.495,0.0781
58.5,seguindo,normal,5.2489,2.5884,2.6853,-0.2287,-2.914,0.5,1.8473,1.0,1.0,12.7061,0.37,5.65,2.495,0.0885
58.55,seguindo,normal,5.2368,2.6025,2.7689,-0.2543,-3.0232,0.5,1.8633,1.0,1.0,12.7061,0.37,5.65,2.495,0.1025
58.6,seguindo,normal,5.2281,2.6109,2.8211,-0.268,-3.0891,0.5,1.8742,1.0,1.0,12.7061,0.37,5.65,2.495,0.111
58.65,seguindo,normal,5.214,2.6221,2.8959,-0.3138,3.0735,0.5,1.8912,1.0,1.0,19.8341,0.37,5.6,2.4969,0.1222
58.7,seguindo,normal,5.1992,2.6317,2.9649,-0.3244,2.9938,0.5,1.9084,1.0,1.0,19.8341,0.37,5.6,2.4969,0.1317
58.75,seguindo,normal,5.1886,2.637,3.0075,-0.3284,2.9473,0.5,1.9202,1.0,1.0,19.8341,0.37,5.6,2.4969,0.1371
58.8,seguindo,normal,5.1779,2.6417,3.0474,-0.3306,2.9052,0.5,1.9318,1.0,1.0,19.8341,0.37,5.6,2.4969,0.1418
58.85,seguindo,normal,5.1612,2.6475,3.1032,-0.367,2.813,0.5,1.9495,1.0,1.0,31.6351,0.37,5.55,2.4981,0.1475
58.9,seguindo,normal,5.1499,2.6505,3.1369,-0.3641,2.7822,0.5,1.9611,1.0,1.0,31.6351,0.37,5.55,2.4981,0.1506
58.95,seguindo,normal,5.1325,2.654,-3.1,-0.3574,2.7426,0.5,1.9787,1.0,1.0,31.6351,0.37,5.55,2.4981,0.154
59.0,seguindo,normal,5.1209,2.6556,-3.0727,-0.3921,2.6807,0.5,1.9902,1.0,1.0,51.434,0.37,5.5,2.4988,0.1556
59.05,seguindo,normal,5.1031,2.657,-3.0361,-0.3793,2.6568,0.5,2.0074,1.0,1.0,51.434,0.37,5.5,2.4988,0.157
59.1,seguindo,normal,5.0913,2.6574,-3.0154,-0.37,2.6453,0.5,2.0187,1.0,1.0,51.434,0.37,5.5,2.4988,0.1574
59.15,seguindo,normal,5.0733,2.6571,-2.9885,-0.3967,2.5918,0.5,2.0356,1.0,1.0,85.0717,0.37,5.45,2.4993,0.1571
59.2,seguindo,normal,5.0614,2.6563,-2.974,-0.3841,2.59,0.5,2.0467,1.0,1.0,85.0717,0.37,5.45,2.4993,0.1564
59.25,seguindo,normal,5.0436,2.6546,-2.9565,-0.3651,2.5914,0.5,2.0631,1.0,1.0,85.0717,0.37,5.45,2.4993,0.1546
59.3,seguindo,normal,5.0317,2.6531,-2.9478,-0.3524,2.5954,0.5,2.0738,1.0,1.0,85.0717,0.37,5.45,2.4993,0.1531
59.35,seguindo,normal,5.0141,2.6502,-2.9393,-0.3722,2.5671,0.5,2.0897,1.0,1.0,142.8978,0.37,5.4,2.4996,0.1503
59.4,seguindo,normal,5.0024,2.6481,-2.9357,-0.3575,2.5782,0.5,2.1001,1.0,1.0,142.8978,0.37,5.4,2.4996,0.1481
59.45,seguindo,normal,4.9849,2.6446,-2.9338,-0.3361,2.5977,0.5,2.1157,1.0,1.0,142.8978,0.37,5.4,2.4996,0.1446
59.5,seguindo,normal,4.9732,2.6421,-2.9338,-0.3613,2.5725,0.5,2.1261,1.0,1.0,243.4037,0.37,5.35,2.4998,0.1421
59.55,seguindo,normal,4.9557,2.6385,-2.9338,-0.3383,2.5955,0.5,2.1416,1.0,1.0,243.4037,0.37,5.35,2.4998,0.1385
59.6,seguindo,normal,4.9441,2.636,-2.9338,-0.3239,2.61,0.5,2.152,1.0,1.0,243.4037,0.37,5.35,2.4998,0.136
59.65,seguindo,normal,4.9266,2.6323,-2.9338,-0.3034,2.6304,0.5,2.1676,1.0,1.0,243.4037,0.37,5.35,2.4998,0.1323
59.7,seguindo,normal,4.915,2.6299,-2.9338,-0.3256,2.6082,0.5,2.1781,1.0,1.0,419.8854,0.37,5.3,2.4999,0.1299
59.75,seguindo,normal,4.8975,2.6262,-2.9338,-0.3041,2.6297,0.5,2.1938,1.0,1.0,419.8854,0.37,5.3,2.4999,0.1262
59.8,seguindo,normal,4.88,2.6225,-2.9338,-0.2841,2.6497,0.5,2.2095,1.0,1.0,419.8854,0.37,5.3,2.4999,0.1225
59.85,seguindo,normal,4.8684,2.62,-2.9338,-0.305,2.6288,0.5,2.22,1.0,1.0,732.7379,0.37,5.25,2.4999,0.12
59.9,seguindo,normal,4.8567,2.6176,-2.9338,-0.2907,2.6431,0.5,2.2305,1.0,1.0,732.7379,0.37,5.25,2.4999,0.1176
59.95,seguindo,normal,4.8393,2.6139,-2.9338,-0.2707,2.6631,0.5,2.2462,1.0,1.0,732.7379,0.37,5.25,2.4999,0.1139
60.0,seguindo,normal,4.8276,2.6114,-2.9338,-0.2582,2.6757,0.5,2.2568,1.0,1.0,732.7379,0.37,5.25,2.4999,0.1114
60.05,seguindo,normal,4.8101,2.6078,-2.9338,-0.2698,2.664,0.5,2.2726,1.0,1.0,1292.2739,0.37,5.2,2.5,0.1078
60.1,seguindo,normal,4.7985,2.6053,-2.9338,-0.2566,2.6772,0.5,2.2832,1.0,1.0,1292.2739,0.37,5.2,2.5,0.1053
60.15,seguindo,normal,4.781,2.6016,-2.9338,-0.2381,2.6957,0.5,2.2991,1.0,1.0,1292.2739,0.37,5.2,2.5,0.1016
60.2,seguindo,normal,4.7694,2.5992,-2.9338,-0.1125,2.8213,0.5,2.3097,1.0,1.0,4.9993,1.0,5.75,2.4884,0.0992
60.25,seguindo,normal,4.7519,2.5955,-2.9338,-0.1069,2.8269,0.5,2.3256,1.0,1.0,4.9993,1.0,5.75,2.4884,0.0955
60.3,seguindo,normal,4.7403,2.593,-2.9338,-0.1033,2.8305,0.5,2.3363,1.0,1.0,4.9993,1.0,5.75,2.4884,0.093
60.35,seguindo,normal,4.7228,2.5893,-2.9338,-0.099,2.8348,0.5,2.3522,1.0,1.0,7.3311,1.0,5.7,2.4923,0.0893
60.4,seguindo,normal,4.7111,2.5869,-2.9338,-0.0953,2.8385,0.5,2.3629,1.0,1.0,7.3311,1.0,5.7,2.4923,0.0869
60.45,seguindo,normal,4.6937,2.5832,-2.9338,-0.0901,2.8437,0.5,2.3789,1.0,1.0,7.3311,1.0,5.7,2.4923,0.0832
60.5,seguindo,normal,4.682,2.5807,-2.9338,-0.0867,2.8472,0.5,2.3896,1.0,1.0,7.3311,1.0,5.7,2.4923,0.0807
60.55,seguindo,normal,4.6646,2.5771,-2.9338,-0.083,2.8508,0.5,2.4057,1.0,1.0,11.0667,1.0,5.65,2.495,0.0771
60.6,seguindo,normal,4.6529,2.5746,-2.9338,-0.0796,2.8542,0.5,2.4164,1.0,1.0,11.0667,1.0,5.65,2.495,0.0746
60.65,seguindo,normal,4.6354,2.5709,-2.9338,-0.0746,2.8592,0.5,2.4325,1.0,1.0,11.0667,1.0,5.65,2.495,0.0709
60.7,seguindo,normal,4.6238,2.5685,-2.9338,-0.0732,2.8606,0.5,2.4433,1.0,1.0,17.1358,1.0,5.6,2.4969,0.0685
60.75,seguindo,normal,4.6063,2.5648,-2.9338,-0.0682,2.8656,0.5,2.4594,1.0,1.0,17.1358,1.0,5.6,2.4969,0.0648
60.8,seguindo,normal,4.5947,2.5623,-2.9338,-0.065,2.8688,0.5,2.4702,1.0,1.0,17.1358,1.0,5.6,2.4969,0.0623
60.85,seguindo,normal,4.5772,2.5586,-2.9338,-0.0603,2.8735,0.5,2.4864,1.0,1.0,17.1358,1.0,5.6,2.4969,0.0586
60.9,seguindo,normal,4.5655,2.5562,-2.9338,-0.059,2.8748,0.5,2.4972,1.0,1.0,27.1353,1.0,5.55,2.4981,0.0562
60.95,seguindo,normal,4.5481,2.5525,-2.9338,-0.0543,2.8795,0.5,2.5134,1.0,1.0,27.1353,1.0,5.55,2.4981,0.0525
61.0,seguindo,normal,4.5364,2.5501,-2.9338,-0.0512,2.8826,0.5,2.5242,1.0,1.0,27.1353,1.0,5.55,2.4981,0.0501
61.05,seguindo,normal,4.519,2.5464,-2.9338,-0.0484,2.8854,0.5,2.5405,1.0,1.0,43.8351,1.0,5.5,2.4988,0.0464
61.1,seguindo,normal,4.5073,2.5439,-2.9338,-0.0454,2.8884,0.5,2.5513,1.0,1.0,43.8351,1.0,5.5,2.4988,0.0439
61.15,seguindo,normal,4.4898,2.5402,-2.9338,-0.041,2.8928,0.5,2.5676,1.0,1.0,43.8351,1.0,5.5,2.4988,0.0402
61.2,seguindo,normal,4.4782,2.5378,-2.9338,-0.0381,2.8957,0.5,2.5785,1.0,1.0,43.8351,1.0,5.5,2.4988,0.0378
61.251,seguindo,normal,4.4607,2.5341,-2.9338,-0.0352,2.8986,0.5,2.5948,1.0,1.0,72.0857,1.0,5.45,2.4993,0.0341
61.3,seguindo,normal,4.4491,2.5316,-2.9338,-0.0323,2.9015,0.5,2.6057,1.0,1.0,72.0857,1.0,5.45,2.4993,0.0316
61.35,seguindo,normal,4.4316,2.5279,-2.9338,-0.0281,2.9057,0.5,2.6221,1.0,1.0,72.0857,1.0,5.45,2.4993,0.0279
61.4,seguindo,normal,4.4199,2.5255,-2.9338,-0.0264,2.9074,0.5,2.633,1.0,1.0,120.4562,1.0,5.4,2.4996,0.0255
61.45,seguindo,normal,4.4025,2.5218,-2.9338,-0.0223,2.9115,0.5,2.6494,1.0,1.0,120.4562,1.0,5.4,2.4996,0.0218
61.5,seguindo,normal,4.3908,2.5194,-2.9338,-0.0196,2.9142,0.5,2.6604,1.0,1.0,120.4562,1.0,5.4,2.4996,0.0194
61.55,seguindo,normal,4.3734,2.5157,-2.9338,-0.0163,2.9175,0.5,2.6768,1.0,1.0,204.2135,1.0,5.35,2.4998,0.0157
61.6,seguindo,normal,4.3617,2.5132,-2.9338,-0.0136,2.9202,0.5,2.6877,1.0,1.0,204.2135,1.0,5.35,2.4998,0.0132
61.65,seguindo,normal,4.3442,2.5095,-2.9338,-0.0097,2.9241,0.5,2.7042,1.0,1.0,204.2135,1.0,5.35,2.4998,0.0095
61.7,seguindo,normal,4.3326,2.5071,-2.9338,-0.0072,2.9266,0.5,2.7152,1.0,1.0,204.2135,1.0,5.35,2.4998,0.0071
61.75,seguindo,normal,4.3151,2.5034,-2.9338,-0.0036,2.9302,0.5,2.7317,1.0,1.0,350.7751,1.0,5.3,2.4999,0.0034
61.8,seguindo,normal,4.3035,2.5009,-2.9338,-0.0011,2.9327,0.5,2.7427,1.0,1.0,350.7751,1.0,5.3,2.4999,0.0009
61.85,seguindo,normal,4.286,2.4973,-2.9338,0.0026,2.9364,0.5,2.7592,1.0,1.0,350.7751,1.0,5.3,2.4999,-0.0027
61.9,seguindo,normal,4.2743,2.4948,-2.9338,0.0049,2.9387,0.5,2.7702,1.0,1.0,609.7478,1.0,5.3,2.4999,-0.0052
61.95,seguindo,normal,4.2569,2.4911,-2.9338,0.0084,2.9422,0.5,2.7867,1.0,1.0,609.7478,1.0,5.3,2.4999,-0.0089
62.0,seguindo,normal,4.2452,2.4887,-2.9338,0.0106,2.9444,0.5,2.7978,1.0,1.0,609.7478,1.0,5.3,2.4999,-0.0113
62.05,seguindo,normal,4.2308,2.4856,-2.9338,0.0133,2.9471,0.5,2.8115,1.0,1.0,609.7478,1.0,5.3,2.4999,-0.0144
62.1,seguindo,normal,4.2223,2.4838,-2.9338,0.0156,2.9495,0.5,2.8195,1.0,1.0,1071.5255,1.0,5.25,2.4999,-0.0162
62.15,seguindo,normal,4.2125,2.4818,-2.9339,0.0175,2.9513,0.5,2.8288,1.0,1.0,1071.5255,1.0,5.25,2.4999,-0.0182
62.2,seguindo,normal,4.2072,2.4807,-2.9339,0.0185,2.9523,0.5,2.8338,1.0,1.0,1071.5255,1.0,5.25,2.4999,-0.0193
62.25,seguindo,normal,4.2021,2.4796,-2.9339,0.0194,2.9532,0.5,2.8387,1.0,1.0,1071.5255,1.0,5.25,2.4999,-0.0204
62.3,re,,4.2,2.4791,-2.9339,-2.9339,0.0,0.3648,2.8407,1.0,1.0,inf,,,,0.0
62.35,re,,4.1988,2.4789,-2.9339,-2.9339,0.0,0.3648,2.8418,1.0,1.0,inf,,,,0.0
62.4,re,,4.1988,2.4789,-2.9339,-2.9339,0.0,0.3648,2.8418,1.0,1.0,inf,,,,0.0
62.45,re,,4.1988,2.4789,-2.9339,-2.9339,0.0,0.3648,2.8418,1.0,1.0,inf,,,,0.0
62.5,re,,4.1988,2.4789,-2.9339,-2.9339,0.0,0.3648,2.8418,1.0,1.0,inf,,,,0.0
62.55,re,,4.1988,2.4789,-2.9339,-2.9339,0.0,0.3648,2.8418,1.0,1.0,inf,,,,0.0
62.6,re,,4.1988,2.4789,-2.9339,-2.9339,0.0,0.3648,2.8418,1.0,1.0,inf,,,,0.0
62.65,re,,4.1988,2.4789,-2.9339,-2.9339,0.0,0.3648,2.8418,1.0,1.0,inf,,,,0.0
62.7,re,,4.1988,2.4789,-2.9339,-2.9339,0.0,0.3648,2.8418,1.0,1.0,inf,,,,0.0
62.75,re,,4.1988,2.4789,-2.9339,-2.9339,0.0,0.3648,2.8418,1.0,1.0,inf,,,,0.0
62.8,re,,4.1988,2.4789,-2.9339,-2.9339,0.0,0.3648,2.8418,1.0,1.0,inf,,,,0.0
62.85,re,,4.1988,2.4789,-2.9339,-2.9339,0.0,0.3648,2.8418,1.0,1.0,inf,,,,0.0
62.9,re,,4.1988,2.4789,-2.9339,-2.9339,0.0,0.3648,2.8418,1.0,1.0,inf,,,,0.0
62.95,re,,4.1988,2.4789,-2.9339,-2.9339,0.0,0.3648,2.8418,1.0,1.0,inf,,,,0.0
63.0,re,,4.1988,2.4789,-2.9339,-2.9339,0.0,0.3648,2.8418,1.0,1.0,inf,,,,0.0
63.05,re,,4.1961,2.4783,-2.9337,-2.9337,0.0,0.3648,2.8444,1.0,1.0,inf,,,,0.0
63.1,re,,4.193,2.4776,-2.9337,-2.9337,0.0,0.3648,2.8474,1.0,1.0,inf,,,,0.0
63.15,re,,4.1856,2.476,-2.9336,-2.9336,0.0,0.3648,2.8544,1.0,1.0,inf,,,,0.0
63.2,re,,4.1763,2.474,-2.9336,-2.9336,0.0,0.3648,2.8632,1.0,1.0,inf,,,,0.0
63.25,re,,4.1673,2.4721,-2.9334,-2.9334,0.0,0.3648,2.8717,1.0,1.0,inf,,,,0.0
63.3,re,,4.158,2.4701,-2.9334,-2.9334,0.0,0.3648,2.8806,1.0,1.0,inf,,,,0.0
63.35,re,,4.1419,2.4667,-2.9334,-2.9334,0.0,0.3648,2.896,1.0,1.0,inf,,,,0.0
63.4,re,,4.1302,2.4642,-2.9334,-2.9334,0.0,0.3648,2.9071,1.0,1.0,inf,,,,0.0
63.45,re,,4.1128,2.4605,-2.9334,-2.9334,0.0,0.3648,2.9237,1.0,1.0,inf,,,,0.0
63.5,re,,4.1011,2.4581,-2.9334,-2.9334,0.0,0.3648,2.9349,1.0,1.0,inf,,,,0.0
63.55,re,,4.0836,2.4544,-2.9334,-2.9334,0.0,0.3648,2.9515,1.0,1.0,inf,,,,0.0
63.6,re,,4.072,2.4519,-2.9334,-2.9334,0.0,0.3648,2.9627,1.0,1.0,inf,,,,0.0
63.65,re,,4.0545,2.4482,-2.9334,-2.9334,0.0,0.3648,2.9794,1.0,1.0,inf,,,,0.0
63.7,re,,4.0429,2.4458,-2.9334,-2.9334,0.0,0.3648,2.9905,1.0,1.0,inf,,,,0.0
63.75,re,,4.0254,2.4421,-2.9334,-2.9334,0.0,0.3648,3.0073,1.0,1.0,inf,,,,0.0
63.8,re,,4.0138,2.4396,-2.9334,-2.9334,0.0,0.3648,3.0184,1.0,1.0,inf,,,,0.0
63.9,seguindo,normal,3.9846,2.4335,-2.9334,0.0624,2.9957,0.5,3.0464,1.0,1.0,3969.8323,1.0,5.05,2.5,-0.0666
63.95,seguindo,normal,3.9672,2.4298,-2.9334,0.0679,3.0012,0.5,3.0631,1.0,1.0,2190.9845,1.0,5.0,2.5,-0.0702
64.0,seguindo,normal,3.9555,2.4273,-2.9334,0.0695,3.0028,0.5,3.0743,1.0,1.0,2190.9845,1.0,5.0,2.5,-0.0727
64.05,seguindo,normal,3.9381,2.4236,-2.9334,0.0718,3.0052,0.5,3.0911,1.0,1.0,2190.9845,1.0,5.0,2.5,-0.0764
64.1,seguindo,normal,3.9264,2.4212,-2.9334,0.0733,3.0067,0.5,3.1023,1.0,1.0,2190.9845,1.0,5.0,2.5,-0.0789
64.15,seguindo,normal,3.9089,2.4175,-2.9334,0.0791,3.0125,0.5,3.1191,1.0,1.0,1219.3041,1.0,4.95,2.5,-0.0826
64.2,seguindo,normal,3.8915,2.4138,-2.9334,0.0813,3.0146,0.5,3.136,1.0,1.0,1219.3041,1.0,4.95,2.5,-0.0863
64.25,seguindo,normal,3.8811,2.4116,-2.9334,0.0825,3.0159,0.5,3.1459,1.0,1.0,1219.3041,1.0,4.95,2.5,-0.0885
64.3,seguindo,normal,3.8708,2.4094,-2.9334,0.0878,3.0211,0.5,3.1559,1.0,1.0,684.6313,1.0,4.9,2.5,-0.0907
64.35,seguindo,normal,3.8575,2.4066,-2.9334,0.0894,3.0227,0.5,3.1687,1.0,1.0,684.6313,1.0,4.9,2.5,-0.0935
64.4,seguindo,normal,3.8494,2.4049,-2.9334,0.0903,3.0236,0.5,3.1765,1.0,1.0,684.6313,1.0,4.9,2.5,-0.0952
64.45,seguindo,normal,3.8393,2.4028,-2.9334,0.0914,3.0248,0.5,3.1863,1.0,1.0,684.6313,1.0,4.9,2.5,-0.0973
64.5,seguindo,normal,3.8332,2.4015,-2.9334,0.0921,3.0255,0.5,3.1921,1.0,1.0,684.6313,1.0,4.9,2.5,-0.0986
64.55,seguindo,normal,3.8262,2.4,-2.9334,0.0929,3.0262,0.5,3.1989,1.0,1.0,684.6313,1.0,4.9,2.5,-0.1001
64.6,seguindo,normal,3.8222,2.3992,-2.9334,0.0978,3.0312,0.5,3.2027,1.0,1.0,388.1457,1.0,4.85,2.5,-0.1009
64.651,seguindo,normal,3.8185,2.3984,-2.9334,0.0982,3.0316,0.5,3.2064,1.0,1.0,388.1457,1.0,4.85,2.5,-0.1017
64.7,seguindo,normal,3.8167,2.398,-2.9334,0.0984,3.0318,0.5,3.2081,1.0,1.0,388.1457,1.0,4.85,2.5,-0.1021
64.75,seguindo,normal,3.8156,2.3982,-2.9282,0.0981,3.0263,0.5,3.2092,1.0,1.0,388.1457,1.0,4.85,2.5,-0.1019
64.8,seguindo,normal,3.8156,2.3986,-2.923,0.0977,3.0207,0.5,3.2093,1.0,1.0,388.1457,1.0,4.85,2.5,-0.1015
64.85,seguindo,normal,3.8153,2.3996,-2.9103,0.0967,3.007,0.5,3.2097,1.0,1.0,388.1457,1.0,4.85,2.5,-0.1005
64.9,seguindo,normal,3.8151,2.4004,-2.9,0.0959,2.9959,0.5,3.2099,1.0,1.0,388.1457,1.0,4.85,2.5,-0.0997
64.95,seguindo,normal,3.8147,2.402,-2.8796,0.0943,2.974,0.5,3.2106,1.0,1.0,388.1457,1.0,4.85,2.5,-0.0981
65.0,seguindo,normal,3.8144,2.4033,-2.8642,0.0931,2.9573,0.5,3.211,1.0,1.0,388.1457,1.0,4.85,2.5,-0.0969
65.05,seguindo,normal,3.8137,2.4054,-2.8361,0.091,2.9271,0.5,3.212,1.0,1.0,388.1457,1.0,4.85,2.5,-0.0947
65.1,seguindo,normal,3.8132,2.407,-2.8156,0.0894,2.905,0.5,3.2127,1.0,1.0,388.1457,1.0,4.85,2.5,-0.0931
65.15,seguindo,normal,3.8122,2.4098,-2.7798,0.0867,2.8665,0.5,3.214,1.0,1.0,388.1457,1.0,4.85,2.5,-0.0903
65.2,seguindo,normal,3.8115,2.4117,-2.7541,0.0848,2.8389,0.5,3.215,1.0,1.0,388.1457,1.0,4.85,2.5,-0.0884
65.25,seguindo,normal,3.8101,2.415,-2.7106,0.0816,2.7922,0.5,3.2168,1.0,1.0,388.1457,1.0,4.85,2.5,-0.0851
65.3,seguindo,normal,3.809,2.4172,-2.6797,0.0793,2.7591,0.5,3.2182,1.0,1.0,388.1457,1.0,4.85,2.5,-0.0829
65.35,seguindo,normal,3.807,2.4209,-2.6284,0.0757,2.7041,0.5,3.2206,1.0,1.0,388.1457,1.0,4.85,2.5,-0.0792
65.4,seguindo,normal,3.8055,2.4235,-2.5924,0.0732,2.6656,0.5,3.2224,1.0,1.0,388.1457,1.0,4.85,2.5,-0.0767
65.45,seguindo,normal,3.8029,2.4275,-2.5334,0.0692,2.6026,0.5,3.2255,1.0,1.0,388.1457,1.0,4.85,2.5,-0.0726
65.5,seguindo,normal,3.801,2.4302,-2.4923,0.0664,2.5587,0.5,3.2278,1.0,1.0,388.1457,1.0,4.85,2.5,-0.0699
65.55,seguindo,normal,3.7975,2.4344,-2.4256,0.0622,2.4878,0.5,3.2318,1.0,1.0,388.1457,1.0,4.85,2.5,-0.0657
65.6,seguindo,normal,3.795,2.4372,-2.3793,0.0267,2.406,0.5,3.2347,1.0,1.0,2.024,0.37,4.2,2.448,0.0277
65.65,seguindo,normal,3.7906,2.4414,-2.3048,0.0161,2.3209,0.5,3.2396,1.0,1.0,2.024,0.37,4.2,2.448,0.0327
65.7,seguindo,normal,3.7875,2.4441,-2.2534,0.0094,2.2627,0.5,3.2431,1.0,1.0,2.024,0.37,4.2,2.448,0.036
65.75,seguindo,normal,3.7821,2.4481,-2.1712,-0.0003,2.1709,0.5,3.2489,1.0,1.0,2.024,0.37,4.2,2.448,0.041
65.8,seguindo,normal,3.7782,2.4506,-2.1147,-0.0063,2.1084,0.5,3.2531,1.0,1.0,2.024,0.37,4.2,2.448,0.0442
65.852,seguindo,normal,3.7718,2.4542,-2.0248,-0.0144,2.0104,0.5,3.26,1.0,1.0,2.024,0.37,4.2,2.448,0.0488
65.9,seguindo,normal,3.7649,2.4571,-1.9322,-0.021,1.9112,0.5,3.2672,1.0,1.0,2.024,0.37,4.2,2.448,0.0531
65.951,seguindo,normal,3.7598,2.4589,-1.8656,-0.0309,1.8346,0.5,3.2726,1.0,1.0,1.98,0.37,4.15,2.4468,0.0559
66.0,seguindo,normal,3.7545,2.4603,-1.7987,-0.0341,1.7646,0.5,3.278,1.0,1.0,1.98,0.37,4.15,2.4468,0.0583
66.05,seguindo,normal,3.7461,2.4618,-1.6935,-0.0371,1.6564,0.5,3.2865,1.0,1.0,1.98,0.37,4.15,2.4468,0.0614
66.1,seguindo,normal,3.7402,2.4623,-1.6215,-0.0378,1.5837,0.5,3.2924,1.0,1.0,1.98,0.37,4.15,2.4468,0.063
66.151,seguindo,normal,3.7311,2.4623,-1.51,-0.0369,1.4731,0.5,3.3014,1.0,1.0,1.98,0.37,4.15,2.4468,0.0651
66.2,seguindo,normal,3.725,2.4617,-1.4344,-0.035,1.3995,0.5,3.3074,1.0,1.0,1.98,0.37,4.15,2.4468,0.0666
66.25,seguindo,normal,3.716,2.46,-1.3227,-0.0304,1.2923,0.5,3.316,1.0,1.0,1.98,0.37,4.15,2.4468,0.0689
66.3,seguindo,normal,3.7104,2.4584,-1.2512,-0.0264,1.2248,0.5,3.3214,1.0,1.0,1.98,0.37,4.15,2.4468,0.0706
66.35,seguindo,normal,3.7024,2.4553,-1.1464,-0.019,1.1273,0.5,3.3288,1.0,1.0,1.98,0.37,4.15,2.4468,0.073
66.4,seguindo,normal,3.6976,2.4529,-1.08,-0.0135,1.0665,0.5,3.3334,1.0,1.0,1.98,0.37,4.15,2.4468,0.0745
66.45,seguindo,normal,3.6908,2.4489,-0.9831,-0.0044,0.9786,0.5,3.3395,1.0,1.0,1.98,0.37,4.15,2.4468,0.0768
66.5,seguindo,normal,3.6867,2.4459,-0.922,0.0019,0.9239,0.5,3.3431,1.0,1.0,1.98,0.37,4.15,2.4468,0.0782
66.55,seguindo,normal,3.6812,2.4412,-0.833,0.0119,0.8449,0.5,3.348,1.0,1.0,1.98,0.37,4.15,2.4468,0.0802
66.6,seguindo,normal,3.678,2.438,-0.777,0.0186,0.7956,0.5,3.3508,1.0,1.0,1.98,0.37,4.15,2.4468,0.0814
66.65,seguindo,normal,3.6737,2.433,-0.6958,0.029,0.7248,0.5,3.3544,1.0,1.0,1.98,0.37,4.15,2.4468,0.0831
66.7,seguindo,normal,3.6712,2.4297,-0.6447,0.0357,0.6804,0.5,3.3565,1.0,1.0,1.98,0.37,4.15,2.4468,0.0842
66.75,seguindo,normal,3.668,2.4247,-0.5711,0.0459,0.6171,0.5,3.359,1.0,1.0,1.98,0.37,4.15,2.4468,0.0857
66.8,seguindo,normal,3.6661,2.4214,-0.5251,0.0525,0.5775,0.5,3.3604,1.0,1.0,1.98,0.37,4.15,2.4468,0.0866
66.85,seguindo,normal,3.6638,2.4166,-0.4595,0.062,0.5215,0.5,3.3621,1.0,1.0,1.98,0.37,4.15,2.4468,0.0878
66.9,seguindo,normal,3.6624,2.4137,-0.4189,0.0679,0.4868,0.5,3.3631,1.0,1.0,1.98,0.37,4.15,2.4468,0.0886
66.95,seguindo,normal,3.6608,2.4093,-0.361,0.0766,0.4376,0.5,3.3641,1.0,1.0,1.98,0.37,4.15,2.4468,0.0896
67.0,seguindo,normal,3.6599,2.4066,-0.3255,0.082,0.4075,0.5,3.3647,1.0,1.0,1.98,0.37,4.15,2.4468,0.0903
67.05,seguindo,normal,3.6588,2.4026,-0.275,0.0898,0.3648,0.5,3.3653,1.0,1.0,1.98,0.37,4.15,2.4468,0.0912
67.1,seguindo,normal,3.6583,2.4002,-0.2446,0.0945,0.3391,0.5,3.3656,1.0,1.0,1.98,0.37,4.15,2.4468,0.0917
67.15,seguindo,normal,3.6576,2.3968,-0.2016,0.1013,0.3029,0.5,3.3659,1.0,1.0,1.98,0.37,4.15,2.4468,0.0925
67.2,seguindo,normal,3.6573,2.3947,-0.1762,0.1053,0.2815,0.5,3.3659,1.0,1.0,1.98,0.37,4.15,2.4468,0.0928
67.25,seguindo,normal,3.657,2.3919,-0.1409,0.111,0.2519,0.5,3.3659,1.0,1.0,1.98,0.37,4.15,2.4468,0.0934
67.3,seguindo,normal,3.6569,2.3902,-0.1205,0.1143,0.2348,0.5,3.3658,1.0,1.0,1.98,0.37,4.15,2.4468,0.0937
67.35,seguindo,normal,3.6567,2.388,-0.0928,0.1188,0.2115,0.5,3.3657,1.0,1.0,1.98,0.37,4.15,2.4468,0.094
67.4,seguindo,normal,3.6568,2.3867,-0.0774,0.1213,0.1986,0.5,3.3655,1.0,1.0,1.98,0.37,4.15,2.4468,0.0942
67.45,seguindo,normal,3.6568,2.3852,-0.0585,0.1243,0.1829,0.5,3.3654,1.0,1.0,1.98,0.37,4.15,2.4468,0.0944
67.5,seguindo,normal,3.6568,2.3844,-0.0488,0.1259,0.1747,0.5,3.3653,1.0,1.0,1.98,0.37,4.15,2.4468,0.0945
67.55,seguindo,normal,3.6567,2.3836,-0.0392,0.1275,0.1667,0.5,3.3652,1.0,1.0,1.98,0.37,4.15,2.4468,0.0947
67.6,seguindo,normal,3.6567,2.3833,-0.035,0.1282,0.1632,0.5,3.3652,1.0,1.0,1.98,0.37,4.15,2.4468,0.0948
67.65,seguindo,normal,3.6567,2.3831,-0.0337,0.1284,0.162,0.5,3.3651,1.0,1.0,1.98,0.37,4.15,2.4468,0.0948
67.7,seguindo,normal,3.6567,2.3832,-0.0346,0.1282,0.1628,0.5,3.3652,1.0,1.0,1.98,0.37,4.15,2.4468,0.0948
67.75,seguindo,normal,3.6567,2.3833,-0.0352,0.1281,0.1633,0.5,3.3652,1.0,1.0,1.98,0.37,4.15,2.4468,0.0948
67.8,seguindo,normal,3.6567,2.3833,-0.0353,0.1281,0.1634,0.5,3.3652,1.0,1.0,1.98,0.37,4.15,2.4468,0.0947
67.85,seguindo,normal,3.6567,2.3833,-0.0354,0.1281,0.1635,0.5,3.3652,1.0,1.0,1.98,0.37,4.15,2.4468,0.0947
67.9,seguindo,normal,3.6567,2.3833,-0.0354,0.1281,0.1635,0.5,3.3652,1.0,1.0,1.98,0.37,4.15,2.4468,0.0947
67.95,seguindo,normal,3.6567,2.3833,-0.0354,0.1281,0.1635,0.5,3.3652,1.0,1.0,1.98,0.37,4.15,2.4468,0.0947
68.0,seguindo,normal,3.6567,2.3833,-0.0354,0.1281,0.1635,0.5,3.3652,1.0,1.0,1.98,0.37,4.15,2.4468,0.0947
68.05,seguindo,normal,3.6567,2.3833,-0.0354,0.1281,0.1635,0.5,3.3652,1.0,1.0,1.98,0.37,4.15,2.4468,0.0947
68.1,seguindo,normal,3.6567,2.3833,-0.0354,0.1281,0.1635,0.5,3.3652,1.0,1.0,1.98,0.37,4.15,2.4468,0.0947
68.15,seguindo,normal,3.6595,2.3832,-0.0355,0.129,0.1645,0.5,3.3624,1.0,1.0,1.98,0.37,4.15,2.4468,0.0921
68.2,seguindo,normal,3.6627,2.3831,-0.0355,0.1301,0.1656,0.5,3.3592,1.0,1.0,1.98,0.37,4.15,2.4468,0.0889
68.251,seguindo,normal,3.6702,2.3828,-0.0355,0.1327,0.1682,0.5,3.3517,1.0,1.0,1.98,0.37,4.15,2.4468,-0.0816
68.3,seguindo,normal,3.6766,2.3826,-0.0355,0.1349,0.1704,0.5,3.3453,1.0,1.0,1.98,0.37,4.15,2.4468,-0.0754
68.35,seguindo,normal,3.689,2.3821,-0.0355,0.1395,0.175,0.5,3.333,1.0,1.0,1.98,0.37,4.15,2.4468,-0.0636
68.4,seguindo,normal,3.6986,2.3818,-0.0355,0.1431,0.1786,0.5,3.3234,1.0,1.0,1.98,0.37,4.15,2.4468,-0.0546
68.45,seguindo,normal,3.7151,2.3812,-0.0355,0.1498,0.1853,0.5,3.307,1.0,1.0,1.98,0.37,4.15,2.4468,-0.0397
68.5,seguindo,normal,3.727,2.3807,-0.0355,0.1549,0.1905,0.5,3.2951,1.0,1.0,1.98,0.37,4.15,2.4468,-0.03
68.55,seguindo,normal,3.7448,2.3801,-0.0355,0.1632,0.1987,0.5,3.2773,1.0,1.0,1.98,0.37,4.15,2.4468,-0.0206
68.6,seguindo,normal,3.7567,2.3797,-0.0355,0.1691,0.2046,0.5,3.2655,1.0,1.0,1.98,0.37,4.15,2.4468,-0.0212
68.65,seguindo,normal,3.7745,2.3791,-0.0355,0.1786,0.2141,0.5,3.2477,1.0,1.0,1.98,0.37,4.15,2.4468,-0.0253
68.7,seguindo,normal,3.7864,2.3786,-0.0355,0.1662,0.2017,0.5,3.2358,1.0,1.0,2.024,0.37,4.2,2.448,-0.0281
68.75,seguindo,normal,3.8036,2.378,-0.0355,0.1747,0.2103,0.5,3.2187,1.0,1.0,2.024,0.37,4.2,2.448,-0.032
68.8,seguindo,normal,3.8148,2.3776,-0.0355,0.1807,0.2162,0.5,3.2075,1.0,1.0,2.024,0.37,4.2,2.448,-0.0345
68.85,seguindo,normal,3.8293,2.3771,-0.0355,0.189,0.2245,0.5,3.193,1.0,1.0,2.024,0.37,4.2,2.448,-0.0376
68.9,seguindo,normal,3.8382,2.3768,-0.0355,0.1731,0.2086,0.5,3.1842,1.0,1.0,2.2851,0.37,4.25,2.4488,-0.0396
68.95,seguindo,normal,3.8542,2.3762,-0.0356,0.1813,0.2169,0.5,3.1682,1.0,1.0,2.2851,0.37,4.25,2.4488,-0.043
69.0,seguindo,normal,3.8661,2.3758,-0.0356,0.1879,0.2234,0.5,3.1564,1.0,1.0,2.2851,0.37,4.25,2.4488,-0.0454
69.05,seguindo,normal,3.8833,2.3752,-0.0356,0.1759,0.2115,0.5,3.1392,1.0,1.0,2.7864,0.37,4.3,2.4493,-0.0487
69.1,seguindo,normal,3.8945,2.3748,-0.0356,0.1816,0.2172,0.5,3.128,1.0,1.0,2.7864,0.37,4.3,2.4493,-0.0509
69.15,seguindo,normal,3.9091,2.3743,-0.0356,0.1895,0.2251,0.5,3.1135,1.0,1.0,2.7864,0.37,4.3,2.4493,-0.0537
69.2,seguindo,normal,3.918,2.3739,-0.0356,0.1947,0.2302,0.5,3.1046,1.0,1.0,2.7864,0.37,4.3,2.4493,-0.0551
69.25,seguindo,normal,3.934,2.3734,-0.0356,0.0753,0.1109,0.5,3.0886,1.0,1.0,3.859,1.0,4.95,2.45,-0.0578
69.3,seguindo,normal,3.9459,2.3729,-0.0356,0.0766,0.1122,0.5,3.0768,1.0,1.0,3.859,1.0,4.95,2.45,-0.0597
69.35,seguindo,normal,3.9638,2.3723,-0.0356,0.0786,0.1142,0.5,3.059,1.0,1.0,3.859,1.0,4.95,2.45,-0.0625
69.4,seguindo,normal,3.9757,2.3719,-0.0356,0.08,0.1156,0.5,3.0471,1.0,1.0,3.859,1.0,4.95,2.45,-0.0641
69.45,seguindo,normal,3.993,2.3713,-0.0356,0.078,0.1136,0.5,3.0298,1.0,1.0,5.2975,1.0,5.0,2.45,-0.0664
69.5,seguindo,normal,4.0044,2.3709,-0.0356,0.0793,0.1149,0.5,3.0184,1.0,1.0,5.2975,1.0,5.0,2.45,-0.068
69.55,seguindo,normal,4.0191,2.3703,-0.0356,0.081,0.1166,0.5,3.0038,1.0,1.0,5.2975,1.0,5.0,2.45,-0.0696
69.6,seguindo,normal,4.028,2.37,-0.0356,0.0821,0.1177,0.5,2.9949,1.0,1.0,5.2975,1.0,5.0,2.45,-0.0706
69.65,seguindo,normal,4.0391,2.3696,-0.0356,0.0793,0.1149,0.5,2.9839,1.0,1.0,7.5707,1.0,5.05,2.45,-0.0718
69.7,seguindo,normal,4.0458,2.3694,-0.0356,0.0801,0.1157,0.5,2.9772,1.0,1.0,7.5707,1.0,5.05,2.45,-0.0725
69.75,seguindo,normal,4.0535,2.3691,-0.0356,0.081,0.1166,0.5,2.9696,1.0,1.0,7.5707,1.0,5.05,2.45,-0.0734
69.8,seguindo,normal,4.0578,2.369,-0.0356,0.0815,0.1171,0.5,2.9652,1.0,1.0,7.5707,1.0,5.05,2.45,-0.0738
69.85,seguindo,normal,4.0623,2.3688,-0.0356,0.082,0.1176,0.5,2.9608,1.0,1.0,7.5707,1.0,5.05,2.45,-0.0742
69.9,seguindo,normal,4.0646,2.3687,-0.0356,0.0823,0.1179,0.5,2.9585,1.0,1.0,7.5707,1.0,5.05,2.45,-0.0744
69.95,seguindo,normal,4.0657,2.3687,-0.0356,0.0824,0.1181,0.5,2.9573,1.0,1.0,7.5707,1.0,5.05,2.45,-0.0745
70.0,seguindo,normal,4.0657,2.3687,-0.0356,0.0824,0.1181,0.5,2.9573,1.0,1.0,7.5707,1.0,5.05,2.45,-0.0745
70.05,seguindo,normal,4.0657,2.3687,-0.0356,0.0824,0.1181,0.5,2.9573,1.0,1.0,7.5707,1.0,5.05,2.45,-0.0745
70.1,seguindo,normal,4.0657,2.3687,-0.0356,0.0824,0.1181,0.5,2.9573,1.0,1.0,7.5707,1.0,5.05,2.45,-0.0745
70.15,seguindo,normal,4.0657,2.3687,-0.0356,0.0824,0.1181,0.5,2.9573,1.0,1.0,7.5707,1.0,5.05,2.45,-0.0745
70.2,seguindo,normal,4.0657,2.3687,-0.0356,0.0824,0.1181,0.5,2.9573,1.0,1.0,7.5707,1.0,5.05,2.45,-0.0745
70.25,seguindo,normal,4.0657,2.3687,-0.0356,0.0824,0.1181,0.5,2.9573,1.0,1.0,7.5707,1.0,5.05,2.45,-0.0745
70.3,seguindo,normal,4.0657,2.3687,-0.0356,0.0824,0.1181,0.5,2.9573,1.0,1.0,7.5707,1.0,5.05,2.45,-0.0745
70.35,seguindo,normal,4.0657,2.3687,-0.0356,0.0824,0.1181,0.5,2.9573,1.0,1.0,7.5707,1.0,5.05,2.45,-0.0745
70.4,seguindo,normal,4.0657,2.3687,-0.0356,0.0824,0.1181,0.5,2.9573,1.0,1.0,7.5707,1.0,5.05,2.45,-0.0745
70.45,seguindo,normal,4.0657,2.3687,-0.0356,0.0824,0.1181,0.5,2.9573,1.0,1.0,7.5707,1.0,5.05,2.45,-0.0745
70.5,seguindo,normal,4.0657,2.3687,-0.0356,0.0824,0.1181,0.5,2.9573,1.0,1.0,7.5707,1.0,5.05,2.45,-0.0745
70.55,seguindo,normal,4.0657,2.3687,-0.0356,0.0824,0.1181,0.5,2.9573,1.0,1.0,7.5707,1.0,5.05,2.45,-0.0745
70.6,seguindo,normal,4.0657,2.3687,-0.0356,0.0824,0.1181,0.5,2.9573,1.0,1.0,7.5707,1.0,5.05,2.45,-0.0745
70.65,seguindo,normal,4.0657,2.3687,-0.0356,0.0824,0.1181,0.5,2.9573,1.0,1.0,7.5707,1.0,5.05,2.45,-0.0745
70.7,seguindo,normal,4.0657,2.3687,-0.0356,0.0824,0.1181,0.5,2.9573,1.0,1.0,7.5707,1.0,5.05,2.45,-0.0745
70.751,seguindo,normal,4.0657,2.3687,-0.0356,0.0824,0.1181,0.5,2.9573,1.0,1.0,7.5707,1.0,5.05,2.45,-0.0745
70.8,seguindo,normal,4.0657,2.3687,-0.0356,0.0824,0.1181,0.5,2.9573,1.0,1.0,7.5707,1.0,5.05,2.45,-0.0745
70.85,seguindo,normal,4.0657,2.3687,-0.0356,0.0824,0.1181,0.5,2.9573,1.0,1.0,7.5707,1.0,5.05,2.45,-0.0745
70.9,seguindo,normal,4.0657,2.3687,-0.0356,0.0824,0.1181,0.5,2.9573,1.0,1.0,7.5707,1.0,5.05,2.45,-0.0745
70.95,seguindo,normal,4.0657,2.3687,-0.0356,0.0824,0.1181,0.5,2.9573,1.0,1.0,7.5707,1.0,5.05,2.45,-0.0745
71.0,seguindo,normal,4.0657,2.3687,-0.0356,0.0824,0.1181,0.5,2.9573,1.0,1.0,7.5707,1.0,5.05,2.45,-0.0745
71.05,seguindo,normal,4.0657,2.3687,-0.0356,0.0824,0.1181,0.5,2.9573,1.0,1.0,7.5707,1.0,5.05,2.45,-0.0745
71.1,seguindo,normal,4.0657,2.3687,-0.0356,0.0824,0.1181,0.5,2.9573,1.0,1.0,7.5707,1.0,5.05,2.45,-0.0745
71.15,seguindo,normal,4.0657,2.3687,-0.0356,0.0824,0.1181,0.5,2.9573,1.0,1.0,7.5707,1.0,5.05,2.45,-0.0745
71.2,seguindo,normal,4.0657,2.3687,-0.0356,0.0824,0.1181,0.5,2.9573,1.0,1.0,7.5707,1.0,5.05,2.45,-0.0745
71.25,seguindo,normal,4.0657,2.3687,-0.0356,0.0824,0.1181,0.5,2.9573,1.0,1.0,7.5707,1.0,5.05,2.45,-0.0745
71.3,seguindo,normal,4.0657,2.3687,-0.0356,0.0824,0.1181,0.5,2.9573,1.0,1.0,7.5707,1.0,5.05,2.45,-0.0745
71.35,seguindo,normal,4.0657,2.3687,-0.0356,0.0824,0.1181,0.5,2.9573,1.0,1.0,7.5707,1.0,5.05,2.45,-0.0745
71.4,seguindo,normal,4.0657,2.3687,-0.0356,0.0824,0.1181,0.5,2.9573,1.0,1.0,7.5707,1.0,5.05,2.45,-0.0745
71.45,seguindo,normal,4.0657,2.3687,-0.0356,0.0824,0.1181,0.5,2.9573,1.0,1.0,7.5707,1.0,5.05,2.45,-0.0745
71.5,seguindo,normal,4.0657,2.3687,-0.0356,0.0824,0.1181,0.5,2.9573,1.0,1.0,7.5707,1.0,5.05,2.45,-0.0745
71.55,seguindo,normal,4.0657,2.3687,-0.0356,0.0824,0.1181,0.5,2.9573,1.0,1.0,7.5707,1.0,5.05,2.45,-0.0745
71.6,seguindo,normal,4.0657,2.3687,-0.0356,0.0824,0.1181,0.5,2.9573,1.0,1.0,7.5707,1.0,5.05,2.45,-0.0745
71.65,seguindo,normal,4.0657,2.3687,-0.0356,0.0824,0.1181,0.5,2.9573,1.0,1.0,7.5707,1.0,5.05,2.45,-0.0745
71.7,seguindo,normal,4.0657,2.3687,-0.0356,0.0824,0.1181,0.5,2.9573,1.0,1.0,7.5707,1.0,5.05,2.45,-0.0745
71.75,seguindo,normal,4.0657,2.3687,-0.0356,0.0824,0.1181,0.5,2.9573,1.0,1.0,7.5707,1.0,5.05,2.45,-0.0745
71.8,seguindo,normal,4.0657,2.3687,-0.0356,0.0824,0.1181,0.5,2.9573,1.0,1.0,7.5707,1.0,5.05,2.45,-0.0745
71.85,seguindo,normal,4.0657,2.3687,-0.0356,0.0824,0.1181,0.5,2.9573,1.0,1.0,7.5707,1.0,5.05,2.45,-0.0745
71.9,seguindo,normal,4.0657,2.3687,-0.0356,0.0824,0.1181,0.5,2.9573,1.0,1.0,7.5707,1.0,5.05,2.45,-0.0745
71.95,seguindo,normal,4.0657,2.3687,-0.0356,0.0824,0.1181,0.5,2.9573,1.0,1.0,7.5707,1.0,5.05,2.45,-0.0745
72.0,seguindo,normal,4.0657,2.3687,-0.0356,0.0824,0.1181,0.5,2.9573,1.0,1.0,7.5707,1.0,5.05,2.45,-0.0745
72.05,seguindo,normal,4.0657,2.3687,-0.0356,0.0824,0.1181,0.5,2.9573,1.0,1.0,7.5707,1.0,5.05,2.45,-0.0745
72.1,seguindo,normal,4.0657,2.3687,-0.0356,0.0824,0.1181,0.5,2.9573,1.0,1.0,7.5707,1.0,5.05,2.45,-0.0745
72.15,seguindo,normal,4.0657,2.3687,-0.0356,0.0824,0.1181,0.5,2.9573,1.0,1.0,7.5707,1.0,5.05,2.45,-0.0745
72.2,seguindo,normal,4.0657,2.3687,-0.0356,0.0824,0.1181,0.5,2.9573,1.0,1.0,7.5707,1.0,5.05,2.45,-0.0745
72.25,seguindo,normal,4.0657,2.3687,-0.0356,0.0824,0.1181,0.5,2.9573,1.0,1.0,7.5707,1.0,5.05,2.45,-0.0745
72.3,seguindo,normal,4.0657,2.3687,-0.0356,0.0824,0.1181,0.5,2.9573,1.0,1.0,7.5707,1.0,5.05,2.45,-0.0745
72.35,seguindo,normal,4.0657,2.3687,-0.0356,0.0824,0.1181,0.5,2.9573,1.0,1.0,7.5707,1.0,5.05,2.45,-0.0745
72.4,seguindo,normal,4.0657,2.3687,-0.0356,0.0824,0.1181,0.5,2.9573,1.0,1.0,7.5707,1.0,5.05,2.45,-0.0745
72.45,seguindo,normal,4.0657,2.3687,-0.0356,0.0824,0.1181,0.5,2.9573,1.0,1.0,7.5707,1.0,5.05,2.45,-0.0745
72.5,seguindo,normal,4.0657,2.3687,-0.0356,0.0824,0.1181,0.5,2.9573,1.0,1.0,7.5707,1.0,5.05,2.45,-0.0745
72.551,seguindo,normal,4.0657,2.3687,-0.0356,0.0824,0.1181,0.5,2.9573,1.0,1.0,7.5707,1.0,5.05,2.45,-0.0745
72.6,seguindo,normal,4.0657,2.3687,-0.0356,0.0824,0.1181,0.5,2.9573,1.0,1.0,7.5707,1.0,5.05,2.45,-0.0745
72.65,seguindo,normal,4.0657,2.3687,-0.0356,0.0824,0.1181,0.5,2.9573,1.0,1.0,7.5707,1.0,5.05,2.45,-0.0745
72.7,seguindo,normal,4.0657,2.3687,-0.0356,0.0824,0.1181,0.5,2.9573,1.0,1.0,7.5707,1.0,5.05,2.45,-0.0745
72.75,seguindo,normal,4.0657,2.3687,-0.0356,0.0824,0.1181,0.5,2.9573,1.0,1.0,7.5707,1.0,5.05,2.45,-0.0745
72.8,seguindo,normal,4.0657,2.3687,-0.0356,0.0824,0.1181,0.5,2.9573,1.0,1.0,7.5707,1.0,5.05,2.45,-0.0745
72.85,seguindo,normal,4.0657,2.3687,-0.0356,0.0824,0.1181,0.5,2.9573,1.0,1.0,7.5707,1.0,5.05,2.45,-0.0745
72.9,seguindo,normal,4.0657,2.3687,-0.0356,0.0824,0.1181,0.5,2.9573,1.0,1.0,7.5707,1.0,5.05,2.45,-0.0745
72.95,seguindo,normal,4.0657,2.3687,-0.0356,0.0824,0.1181,0.5,2.9573,1.0,1.0,7.5707,1.0,5.05,2.45,-0.0745
73.0,seguindo,normal,4.0657,2.3687,-0.0356,0.0824,0.1181,0.5,2.9573,1.0,1.0,7.5707,1.0,5.05,2.45,-0.0745
73.05,seguindo,normal,4.0657,2.3687,-0.0356,0.0824,0.1181,0.5,2.9573,1.0,1.0,7.5707,1.0,5.05,2.45,-0.0745
73.1,seguindo,normal,4.0657,2.3687,-0.0356,0.0824,0.1181,0.5,2.9573,1.0,1.0,7.5707,1.0,5.05,2.45,-0.0745
73.15,seguindo,normal,4.0657,2.3687,-0.0356,0.0824,0.1181,0.5,2.9573,1.0,1.0,7.5707,1.0,5.05,2.45,-0.0745
73.2,seguindo,normal,4.0657,2.3687,-0.0356,0.0824,0.1181,0.5,2.9573,1.0,1.0,7.5707,1.0,5.05,2.45,-0.0745
73.251,seguindo,normal,4.0657,2.3687,-0.0356,0.0824,0.1181,0.5,2.9573,1.0,1.0,7.5707,1.0,5.05,2.45,-0.0745
73.3,seguindo,normal,4.0657,2.3687,-0.0356,0.0824,0.1181,0.5,2.9573,1.0,1.0,7.5707,1.0,5.05,2.45,-0.0745
73.35,seguindo,normal,4.0657,2.3687,-0.0356,0.0824,0.1181,0.5,2.9573,1.0,1.0,7.5707,1.0,5.05,2.45,-0.0745
73.4,seguindo,normal,4.0657,2.3687,-0.0356,0.0824,0.1181,0.5,2.9573,1.0,1.0,7.5707,1.0,5.05,2.45,-0.0745
73.45,seguindo,normal,4.0657,2.3687,-0.0356,0.0824,0.1181,0.5,2.9573,1.0,1.0,7.5707,1.0,5.05,2.45,-0.0745
73.5,seguindo,normal,4.0657,2.3687,-0.0356,0.0824,0.1181,0.5,2.9573,1.0,1.0,7.5707,1.0,5.05,2.45,-0.0745
73.55,seguindo,normal,4.0657,2.3687,-0.0356,0.0824,0.1181,0.5,2.9573,1.0,1.0,7.5707,1.0,5.05,2.45,-0.0745
73.6,seguindo,normal,4.0657,2.3687,-0.0356,0.0824,0.1181,0.5,2.9573,1.0,1.0,7.5707,1.0,5.05,2.45,-0.0745
73.65,seguindo,normal,4.0657,2.3687,-0.0356,0.0824,0.1181,0.5,2.9573,1.0,1.0,7.5707,1.0,5.05,2.45,-0.0745
73.7,seguindo,normal,4.0657,2.3687,-0.0356,0.0824,0.1181,0.5,2.9573,1.0,1.0,7.5707,1.0,5.05,2.45,-0.0745
73.751,re,,4.0657,2.3687,-0.0356,-0.0356,0.0,0.3648,2.9573,1.0,1.0,inf,,,,0.0
73.8,re,,4.0657,2.3687,-0.0356,-0.0356,0.0,0.3648,2.9573,1.0,1.0,inf,,,,0.0
73.85,re,,4.0657,2.3687,-0.0356,-0.0356,0.0,0.3648,2.9573,1.0,1.0,inf,,,,0.0
73.9,re,,4.0657,2.3687,-0.0356,-0.0356,0.0,0.3648,2.9573,1.0,1.0,inf,,,,0.0
73.95,re,,4.0657,2.3687,-0.0356,-0.0356,0.0,0.3648,2.9573,1.0,1.0,inf,,,,0.0
74.0,re,,4.0657,2.3687,-0.0356,-0.0356,0.0,0.3648,2.9573,1.0,1.0,inf,,,,0.0
74.05,re,,4.0657,2.3687,-0.0356,-0.0356,0.0,0.3648,2.9573,1.0,1.0,inf,,,,0.0
74.1,re,,4.0657,2.3687,-0.0356,-0.0356,0.0,0.3648,2.9573,1.0,1.0,inf,,,,0.0
74.15,re,,4.0685,2.3686,-0.0357,-0.0357,0.0,0.3648,2.9546,1.0,1.0,inf,,,,0.0
74.2,re,,4.0717,2.3685,-0.0357,-0.0357,0.0,0.3648,2.9514,1.0,1.0,inf,,,,0.0
74.25,re,,4.0793,2.3682,-0.0357,-0.0357,0.0,0.3648,2.9439,1.0,1.0,inf,,,,0.0
74.3,re,,4.0857,2.3679,-0.0357,-0.0357,0.0,0.3648,2.9374,1.0,1.0,inf,,,,0.0
74.35,re,,4.0981,2.3675,-0.0357,-0.0357,0.0,0.3648,2.9251,1.0,1.0,inf,,,,0.0
74.4,re,,4.1077,2.3671,-0.0357,-0.0357,0.0,0.3648,2.9155,1.0,1.0,inf,,,,0.0
74.45,re,,4.1242,2.3665,-0.0357,-0.0357,0.0,0.3648,2.8991,1.0,1.0,inf,,,,0.0
74.5,re,,4.142,2.3659,-0.0357,-0.0357,0.0,0.3648,2.8813,1.0,1.0,inf,,,,0.0
74.55,re,,4.1539,2.3655,-0.0357,-0.0357,0.0,0.3648,2.8694,1.0,1.0,inf,,,,0.0
74.6,re,,4.1658,2.3651,-0.0357,-0.0357,0.0,0.3648,2.8576,1.0,1.0,inf,,,,0.0
74.65,re,,4.1837,2.3644,-0.0357,-0.0357,0.0,0.3648,2.8398,1.0,1.0,inf,,,,0.0
74.7,re,,4.1956,2.364,-0.0357,-0.0357,0.0,0.3648,2.8279,1.0,1.0,inf,,,,0.0
74.75,re,,4.2134,2.3634,-0.0357,-0.0357,0.0,0.3648,2.8102,1.0,1.0,inf,,,,0.0
74.8,re,,4.2253,2.3629,-0.0357,-0.0357,0.0,0.3648,2.7983,1.0,1.0,inf,,,,0.0
74.85,re,,4.2432,2.3623,-0.0357,-0.0357,0.0,0.3648,2.7805,1.0,1.0,inf,,,,0.0
74.9,re,,4.2551,2.3619,-0.0357,-0.0357,0.0,0.3648,2.7687,1.0,1.0,inf,,,,0.0
75.0,seguindo,normal,4.2848,2.3608,-0.0357,0.0876,0.1233,0.5,2.7391,1.0,1.0,69.1967,1.0,5.3,2.45,-0.0883
75.05,seguindo,normal,4.3027,2.3602,-0.0357,0.0898,0.1255,0.5,2.7213,1.0,1.0,69.1967,1.0,5.3,2.45,-0.0891
75.1,seguindo,normal,4.3145,2.3597,-0.0357,0.0913,0.127,0.5,2.7094,1.0,1.0,69.1967,1.0,5.3,2.45,-0.0896
75.15,seguindo,normal,4.3324,2.3591,-0.0357,0.089,0.1247,0.5,2.6917,1.0,1.0,114.6495,1.0,5.35,2.4499,-0.0904
75.2,seguindo,normal,4.3443,2.3587,-0.0357,0.0905,0.1262,0.5,2.6798,1.0,1.0,114.6495,1.0,5.35,2.4499,-0.0908
75.25,seguindo,normal,4.3621,2.358,-0.0357,0.0927,0.1285,0.5,2.6621,1.0,1.0,114.6495,1.0,5.35,2.4499,-0.0916
75.3,seguindo,normal,4.374,2.3576,-0.0357,0.17,0.2058,0.5,2.6502,1.0,1.0,0.866,0.37,4.75,2.4222,-0.0012
75.35,seguindo,normal,4.3905,2.357,-0.0357,0.1432,0.1789,0.5,2.6338,1.0,1.0,0.7699,0.37,4.8,2.4161,-0.0075
75.4,seguindo,normal,4.4011,2.3566,-0.0357,0.1478,0.1836,0.5,2.6233,1.0,1.0,0.7699,0.37,4.8,2.4161,-0.0116
75.45,seguindo,normal,4.4146,2.3562,-0.0357,0.1542,0.1899,0.5,2.6098,1.0,1.0,0.7699,0.37,4.8,2.4161,-0.0165
75.5,seguindo,normal,4.4229,2.3559,-0.0357,0.1583,0.194,0.5,2.6016,1.0,1.0,0.7699,0.37,4.8,2.4161,-0.0195
75.55,seguindo,normal,4.4332,2.3555,-0.0357,0.1226,0.1583,0.5,2.5913,1.0,1.0,0.737,0.37,4.85,2.4069,-0.0232
75.6,seguindo,normal,4.4394,2.3553,-0.0357,0.125,0.1607,0.5,2.5851,1.0,1.0,0.737,0.37,4.85,2.4069,-0.0254
75.65,seguindo,normal,4.4464,2.355,-0.0357,0.1277,0.1634,0.5,2.5782,1.0,1.0,0.737,0.37,4.85,2.4069,-0.0279
75.7,seguindo,normal,4.4502,2.3549,-0.0357,0.1293,0.165,0.5,2.5744,1.0,1.0,0.737,0.37,4.85,2.4069,-0.0293
75.75,seguindo,normal,4.4537,2.3548,-0.0357,0.1307,0.1664,0.5,2.5709,1.0,1.0,0.737,0.37,4.85,2.4069,-0.0306
75.801,seguindo,normal,4.4561,2.3547,-0.0357,0.1317,0.1674,0.5,2.5685,1.0,1.0,0.737,0.37,4.85,2.4069,-0.0314
75.85,seguindo,normal,4.4603,2.3545,-0.0358,0.1335,0.1693,0.5,2.5643,1.0,1.0,0.737,0.37,4.85,2.4069,-0.0329
75.9,seguindo,normal,4.465,2.3543,-0.0358,0.1356,0.1713,0.5,2.5596,1.0,1.0,0.737,0.37,4.85,2.4069,-0.0344
75.95,seguindo,normal,4.4748,2.354,-0.0358,0.14,0.1758,0.5,2.5498,1.0,1.0,0.737,0.37,4.85,2.4069,-0.0376
76.0,seguindo,normal,4.4868,2.3536,-0.0358,0.1001,0.1359,0.5,2.538,1.0,1.0,0.7434,0.37,4.9,2.3951,-0.0413
76.05,seguindo,normal,4.4974,2.3532,-0.0358,0.1037,0.1395,0.5,2.5274,1.0,1.0,0.7434,0.37,4.9,2.3951,-0.0447
76.1,seguindo,normal,4.5141,2.3526,-0.0358,0.1097,0.1455,0.5,2.5108,1.0,1.0,0.7434,0.37,4.9,2.3951,-0.0499
76.15,seguindo,normal,4.5259,2.3521,-0.0358,0.1142,0.1501,0.5,2.499,1.0,1.0,0.7434,0.37,4.9,2.3951,-0.053
76.2,seguindo,normal,4.5378,2.3517,-0.0358,0.0719,0.1078,0.5,2.4872,1.0,1.0,0.7848,0.37,4.95,2.3814,-0.056
76.25,seguindo,normal,4.5557,2.3511,-0.0358,0.0768,0.1126,0.5,2.4694,1.0,1.0,0.7848,0.37,4.95,2.3814,-0.0607
76.3,seguindo,normal,4.5676,2.3506,-0.0358,0.0803,0.1161,0.5,2.4576,1.0,1.0,0.7848,0.37,4.95,2.3814,-0.0634
76.35,seguindo,normal,4.5854,2.35,-0.0358,0.0859,0.1218,0.5,2.4398,1.0,1.0,0.7848,0.37,4.95,2.3814,-0.0668
76.4,seguindo,normal,4.5973,2.3496,-0.0358,0.0432,0.079,0.5,2.428,1.0,1.0,0.8741,0.37,5.0,2.367,-0.0691
76.45,seguindo,normal,4.6152,2.3489,-0.0358,0.0469,0.0827,0.5,2.4102,1.0,1.0,0.8741,0.37,5.0,2.367,-0.072
76.5,seguindo,normal,4.633,2.3483,-0.0358,0.0111,0.0469,0.5,2.3925,1.0,1.0,1.0531,0.37,5.05,2.3529,-0.0742
76.55,seguindo,normal,4.6449,2.3479,-0.0358,0.0125,0.0483,0.5,2.3807,1.0,1.0,1.0531,0.37,5.05,2.3529,-0.0756
76.6,seguindo,normal,4.6568,2.3474,-0.0358,0.0139,0.0498,0.5,2.3688,1.0,1.0,1.0531,0.37,5.05,2.3529,-0.0769
76.65,seguindo,normal,4.6746,2.3468,-0.0358,0.0163,0.0521,0.5,2.3511,1.0,1.0,1.0531,0.37,5.05,2.3529,-0.0778
76.7,seguindo,normal,4.6865,2.3464,-0.0358,-0.015,0.0209,0.5,2.3393,1.0,1.0,1.4464,0.37,5.1,2.3402,-0.0783
76.75,seguindo,normal,4.7044,2.3457,-0.0358,-0.014,0.0218,0.5,2.3215,1.0,1.0,1.4464,0.37,5.1,2.3402,-0.0788
76.804,seguindo,normal,4.7222,2.3451,-0.0358,-0.0366,-0.0008,0.5,2.3038,1.0,1.0,2.6132,0.37,5.15,2.3294,-0.0785
76.85,seguindo,normal,4.7341,2.3447,-0.0358,-0.0367,-0.0008,0.5,2.2919,1.0,1.0,2.6132,0.37,5.15,2.3294,-0.0782
76.9,seguindo,normal,4.746,2.3443,-0.0358,-0.0367,-0.0009,0.5,2.2801,1.0,1.0,2.6132,0.37,5.15,2.3294,-0.0778
76.95,seguindo,normal,4.7639,2.3436,-0.0358,-0.0367,-0.0009,0.5,2.2624,1.0,1.0,2.6132,0.37,5.15,2.3294,-0.0763
77.0,seguindo,normal,4.7758,2.3432,-0.0358,-0.0527,-0.0169,0.5,2.2506,1.0,1.0,19.0113,0.37,5.2,2.3208,-0.0753
77.05,seguindo,normal,4.7936,2.3425,-0.0358,-0.0534,-0.0176,0.5,2.2328,1.0,1.0,19.0113,0.37,5.2,2.3208,-0.0735
77.1,seguindo,normal,4.8055,2.3421,-0.0358,-0.054,-0.0181,0.5,2.221,1.0,1.0,19.0113,0.37,5.2,2.3208,-0.0717
77.15,seguindo,normal,4.8233,2.3415,-0.0358,-0.0637,-0.0279,0.5,2.2033,1.0,1.0,3.8776,0.37,5.25,2.3143,-0.0691
77.2,seguindo,normal,4.8352,2.3411,-0.0358,-0.0645,-0.0287,0.5,2.1915,1.0,1.0,3.8776,0.37,5.25,2.3143,-0.0674
77.25,seguindo,normal,4.8531,2.3404,-0.0358,-0.0658,-0.0299,0.5,2.1737,1.0,1.0,3.8776,0.37,5.25,2.3143,-0.064
77.3,seguindo,normal,4.865,2.34,-0.0358,-0.0699,-0.0341,0.5,2.1619,1.0,1.0,1.9765,0.37,5.3,2.3095,-0.0616
77.35,seguindo,normal,4.8828,2.3393,-0.0358,-0.0714,-0.0356,0.5,2.1442,1.0,1.0,1.9765,0.37,5.3,2.3095,-0.0582
77.4,seguindo,normal,4.8947,2.3389,-0.0358,-0.0724,-0.0366,0.5,2.1324,1.0,1.0,1.9765,0.37,5.3,2.3095,-0.0555
77.45,seguindo,normal,4.9126,2.3383,-0.0358,-0.0732,-0.0374,0.5,2.1147,1.0,1.0,1.5146,0.37,5.35,2.3062,-0.0515
77.5,seguindo,normal,4.9245,2.3379,-0.0358,-0.0743,-0.0385,0.5,2.1029,1.0,1.0,1.5146,0.37,5.35,2.3062,-0.0487
77.55,seguindo,normal,4.9423,2.3372,-0.0358,-0.076,-0.0401,0.5,2.0851,1.0,1.0,1.5146,0.37,5.35,2.3062,-0.0446
77.6,seguindo,normal,4.9542,2.3368,-0.0358,-0.0772,-0.0413,0.5,2.0733,1.0,1.0,1.5146,0.37,5.35,2.3062,-0.0417
77.65,seguindo,normal,4.972,2.3362,-0.0358,-0.0751,-0.0393,0.5,2.0556,1.0,1.0,1.4039,0.37,5.4,2.3039,-0.0374
77.7,seguindo,normal,4.9839,2.3357,-0.0358,-0.0763,-0.0404,0.5,2.0438,1.0,1.0,1.4039,0.37,5.4,2.3039,-0.0345
77.75,seguindo,normal,5.0018,2.3351,-0.0358,-0.0781,-0.0422,0.5,2.0261,1.0,1.0,1.4039,0.37,5.4,2.3039,-0.0302
77.8,seguindo,normal,5.0137,2.3347,-0.0358,-0.0794,-0.0435,0.5,2.0143,1.0,1.0,1.4039,0.37,5.4,2.3039,-0.0274
77.85,seguindo,normal,5.0315,2.334,-0.0358,-0.0753,-0.0395,0.5,1.9966,1.0,1.0,1.4754,0.37,5.45,2.3024,-0.0232
77.9,seguindo,normal,5.0434,2.3336,-0.0358,-0.0765,-0.0406,0.5,1.9848,1.0,1.0,1.4754,0.37,5.45,2.3024,-0.0204
77.95,seguindo,normal,5.0613,2.333,-0.0358,-0.0783,-0.0425,0.5,1.9671,1.0,1.0,1.4754,0.37,5.45,2.3024,-0.0166
78.0,seguindo,normal,5.0732,2.3325,-0.0358,-0.0726,-0.0368,0.5,1.9553,1.0,1.0,1.7029,0.37,5.5,2.3015,-0.0141
78.05,seguindo,normal,5.091,2.3319,-0.0358,-0.0742,-0.0384,0.5,1.9376,1.0,1.0,1.7029,0.37,5.5,2.3015,-0.0103
78.1,seguindo,normal,5.1029,2.3315,-0.0358,-0.0753,-0.0395,0.5,1.9258,1.0,1.0,1.7029,0.37,5.5,2.3015,-0.0079
78.15,seguindo,normal,5.1208,2.3308,-0.0358,-0.0772,-0.0414,0.5,1.9081,1.0,1.0,1.7029,0.37,5.5,2.3015,-0.0048
78.2,seguindo,normal,5.1327,2.3304,-0.0358,-0.0706,-0.0348,0.5,1.8964,1.0,1.0,2.1152,0.37,5.55,2.3009,-0.0027
78.25,seguindo,normal,5.1505,2.3298,-0.0358,-0.0721,-0.0363,0.5,1.8787,1.0,1.0,2.1152,0.37,5.55,2.3009,0.0004
78.3,seguindo,normal,5.1624,2.3293,-0.0358,-0.0733,-0.0374,0.5,1.8669,1.0,1.0,2.1152,0.37,5.55,2.3009,0.002
78.35,seguindo,normal,5.1802,2.3287,-0.0358,-0.0413,-0.0055,0.5,1.8492,1.0,1.0,2.9853,1.0,6.2,2.2865,0.0044
78.4,seguindo,normal,5.1921,2.3283,-0.0358,-0.0414,-0.0056,0.5,1.8374,1.0,1.0,2.9853,1.0,6.2,2.2865,0.006
78.45,seguindo,normal,5.21,2.3276,-0.0358,-0.0415,-0.0057,0.5,1.8198,1.0,1.0,2.9853,1.0,6.2,2.2865,0.0081
78.5,seguindo,normal,5.2219,2.3272,-0.0358,-0.0416,-0.0057,0.5,1.808,1.0,1.0,2.9853,1.0,6.2,2.2865,0.0092
78.55,seguindo,normal,5.2397,2.3266,-0.0358,-0.0454,-0.0096,0.5,1.7903,1.0,1.0,3.331,1.0,6.25,2.2806,0.0108
78.6,seguindo,normal,5.2516,2.3261,-0.0358,-0.0455,-0.0097,0.5,1.7785,1.0,1.0,3.331,1.0,6.25,2.2806,0.012
78.65,seguindo,normal,5.2695,2.3255,-0.0358,-0.0457,-0.0099,0.5,1.7609,1.0,1.0,3.331,1.0,6.25,2.2806,0.013
78.7,seguindo,normal,5.2814,2.3251,-0.0358,-0.0511,-0.0153,0.5,1.7491,1.0,1.0,2.5351,1.0,6.3,2.2729,0.0137
78.75,seguindo,normal,5.2992,2.3244,-0.0358,-0.0514,-0.0156,0.5,1.7315,1.0,1.0,2.5351,1.0,6.3,2.2729,0.0148
78.8,seguindo,normal,5.3111,2.324,-0.0358,-0.0516,-0.0158,0.5,1.7197,1.0,1.0,2.5351,1.0,6.3,2.2729,0.0152
78.85,seguindo,normal,5.3289,2.3234,-0.0358,-0.0556,-0.0198,0.5,1.7021,1.0,1.0,8.429,0.37,5.75,2.2999,0.0157
78.9,seguindo,normal,5.3408,2.3229,-0.0358,-0.0562,-0.0204,0.5,1.6903,1.0,1.0,8.429,0.37,5.75,2.2999,0.0161
78.95,seguindo,normal,5.3587,2.3223,-0.0358,-0.0572,-0.0213,0.5,1.6727,1.0,1.0,8.429,0.37,5.75,2.2999,0.0165
79.0,seguindo,normal,5.3706,2.3219,-0.0358,-0.0578,-0.022,0.5,1.6609,1.0,1.0,8.429,0.37,5.75,2.2999,0.0166
79.051,seguindo,normal,5.3884,2.3212,-0.0358,-0.0522,-0.0164,0.5,1.6433,1.0,1.0,13.4832,0.37,5.8,2.2997,0.0168
79.1,seguindo,normal,5.4003,2.3208,-0.0358,-0.0527,-0.0169,0.5,1.6315,1.0,1.0,13.4832,0.37,5.8,2.2997,0.0169
79.15,seguindo,normal,5.4182,2.3202,-0.0358,-0.0535,-0.0177,0.5,1.6139,1.0,1.0,13.4832,0.37,5.8,2.2997,0.0168
79.2,seguindo,normal,5.4301,2.3197,-0.0358,-0.0482,-0.0124,0.5,1.6022,1.0,1.0,24.0808,0.37,5.85,2.2995,0.0167
79.25,seguindo,normal,5.4479,2.3191,-0.0358,-0.0488,-0.013,0.5,1.5846,1.0,1.0,24.0808,0.37,5.85,2.2995,0.0166
79.3,seguindo,normal,5.4598,2.3187,-0.0358,-0.0492,-0.0134,0.5,1.5728,1.0,1.0,24.0808,0.37,5.85,2.2995,0.0164
79.35,seguindo,normal,5.4776,2.318,-0.0358,-0.0448,-0.009,0.5,1.5552,1.0,1.0,61.229,0.37,5.9,2.2991,0.0161
79.4,seguindo,normal,5.4895,2.3176,-0.0358,-0.0451,-0.0093,0.5,1.5435,1.0,1.0,61.229,0.37,5.9,2.2991,0.0159
79.45,seguindo,normal,5.5074,2.317,-0.0358,-0.0455,-0.0097,0.5,1.5259,1.0,1.0,61.229,0.37,5.9,2.2991,0.0156
79.5,seguindo,normal,5.5193,2.3165,-0.0358,-0.0458,-0.01,0.5,1.5142,1.0,1.0,61.229,0.37,5.9,2.2991,0.0153
79.55,seguindo,normal,5.5371,2.3159,-0.0358,-0.0422,-0.0064,0.5,1.4966,1.0,1.0,179.7316,0.37,5.95,2.2985,0.0149
79.6,seguindo,normal,5.549,2.3155,-0.0358,-0.0424,-0.0066,0.5,1.4849,1.0,1.0,179.7316,0.37,5.95,2.2985,0.0146
79.65,seguindo,normal,5.5669,2.3148,-0.0358,-0.0427,-0.0069,0.5,1.4673,1.0,1.0,179.7316,0.37,5.95,2.2985,0.0141
79.7,seguindo,normal,5.5788,2.3144,-0.0358,-0.04,-0.0042,0.5,1.4556,1.0,1.0,35.638,0.37,6.0,2.2975,0.0137
79.75,seguindo,normal,5.5966,2.3138,-0.0358,-0.0402,-0.0044,0.5,1.438,1.0,1.0,35.638,0.37,6.0,2.2975,0.0132
79.8,seguindo,normal,5.6085,2.3133,-0.0358,-0.0404,-0.0045,0.5,1.4263,1.0,1.0,35.638,0.37,6.0,2.2975,0.0129
79.85,seguindo,normal,5.6263,2.3127,-0.0358,-0.0392,-0.0034,0.5,1.4088,1.0,1.0,18.2061,0.37,6.05,2.2961,0.0123
79.9,seguindo,normal,5.6382,2.3123,-0.0358,-0.0393,-0.0035,0.5,1.3971,1.0,1.0,18.2061,0.37,6.05,2.2961,0.012
79.95,seguindo,normal,5.6561,2.3116,-0.0358,-0.0394,-0.0036,0.5,1.3796,1.0,1.0,18.2061,0.37,6.05,2.2961,0.0114
80.0,seguindo,normal,5.668,2.3112,-0.0358,-0.0395,-0.0037,0.5,1.3679,1.0,1.0,18.2061,0.37,6.05,2.2961,0.011
80.05,seguindo,normal,5.6858,2.3106,-0.0358,-0.0401,-0.0043,0.5,1.3504,1.0,1.0,11.1268,0.37,6.1,2.294,0.0105
80.1,seguindo,normal,5.6977,2.3101,-0.0358,-0.0402,-0.0044,0.5,1.3387,1.0,1.0,11.1268,0.37,6.1,2.294,0.0101
80.15,seguindo,normal,5.7156,2.3095,-0.0358,-0.0404,-0.0046,0.5,1.3212,1.0,1.0,11.1268,0.37,6.1,2.294,0.0095
80.2,seguindo,normal,5.7275,2.3091,-0.0358,-0.0431,-0.0072,0.5,1.3095,1.0,1.0,7.331,0.37,6.15,2.2909,0.0091
80.25,seguindo,normal,5.7453,2.3084,-0.0358,-0.0434,-0.0076,0.5,1.292,1.0,1.0,7.331,0.37,6.15,2.2909,0.0085
80.3,seguindo,normal,5.7572,2.308,-0.0358,-0.0436,-0.0078,0.5,1.2804,1.0,1.0,7.331,0.37,6.15,2.2909,0.0081
80.35,seguindo,normal,5.7751,2.3074,-0.0358,-0.049,-0.0132,0.5,1.2629,1.0,1.0,5.0672,0.37,6.2,2.2865,0.0076
80.4,seguindo,normal,5.787,2.3069,-0.0358,-0.0494,-0.0136,0.5,1.2513,1.0,1.0,5.0672,0.37,6.2,2.2865,0.0072
80.45,seguindo,normal,5.8048,2.3063,-0.0358,-0.05,-0.0142,0.5,1.2338,1.0,1.0,5.0672,0.37,6.2,2.2865,0.0066
80.5,seguindo,normal,5.8167,2.3059,-0.0358,-0.0504,-0.0146,0.5,1.2222,1.0,1.0,5.0672,0.37,6.2,2.2865,0.0062
80.55,seguindo,normal,5.8345,2.3052,-0.0358,-0.0592,-0.0233,0.5,1.2048,1.0,1.0,3.6506,0.37,6.25,2.2806,0.0057
80.6,seguindo,normal,5.8464,2.3048,-0.0358,-0.0598,-0.024,0.5,1.1932,1.0,1.0,3.6506,0.37,6.25,2.2806,0.0053
80.65,seguindo,normal,5.8643,2.3042,-0.0358,-0.061,-0.0251,0.5,1.1758,1.0,1.0,3.6506,0.37,6.25,2.2806,0.0048
80.7,seguindo,normal,5.8762,2.3038,-0.0358,-0.0726,-0.0368,0.5,1.1642,1.0,1.0,2.7428,0.37,6.3,2.2729,0.0045
80.75,seguindo,normal,5.894,2.3031,-0.0358,-0.0742,-0.0384,0.5,1.1468,1.0,1.0,2.7428,0.37,6.3,2.2729,0.004
80.8,seguindo,normal,5.9059,2.3027,-0.0358,-0.0754,-0.0396,0.5,1.1352,1.0,1.0,2.7428,0.37,6.3,2.2729,0.0037
80.85,seguindo,normal,5.9238,2.302,-0.0358,-0.0773,-0.0414,0.5,1.1178,1.0,1.0,2.7428,0.37,6.3,2.2729,0.0033
80.9,seguindo,normal,5.9357,2.3016,-0.0358,-0.0925,-0.0567,0.5,1.1063,1.0,1.0,2.1554,0.37,6.35,2.2632,0.003
80.95,seguindo,normal,5.9535,2.301,-0.0358,-0.0951,-0.0592,0.5,1.0889,1.0,1.0,2.1554,0.37,6.35,2.2632,0.0026
81.0,seguindo,normal,5.9654,2.3006,-0.0358,-0.0969,-0.0611,0.5,1.0774,1.0,1.0,2.1554,0.37,6.35,2.2632,0.0024
81.05,seguindo,normal,5.9832,2.2999,-0.0358,-0.1161,-0.0803,0.5,1.0601,1.0,1.0,1.7768,0.37,6.4,2.2513,0.0021
81.1,seguindo,normal,5.9951,2.2995,-0.0358,-0.1185,-0.0827,0.5,1.0485,1.0,1.0,1.7768,0.37,6.4,2.2513,0.0019
81.15,seguindo,normal,6.013,2.2988,-0.0358,-0.1223,-0.0864,0.5,1.0313,1.0,1.0,1.7768,0.37,6.4,2.2513,0.0017
81.2,seguindo,normal,6.0249,2.2984,-0.0358,-0.125,-0.0892,0.5,1.0198,1.0,1.0,1.7768,0.37,6.4,2.2513,0.0016
81.25,seguindo,normal,6.0427,2.2978,-0.0358,-0.1476,-0.1117,0.5,1.0025,1.0,1.0,1.539,0.37,6.45,2.2372,0.0015
81.3,seguindo,normal,6.0546,2.2974,-0.0358,-0.1509,-0.1151,0.5,0.991,1.0,1.0,1.539,0.37,6.45,2.2372,0.0015
81.35,seguindo,normal,6.0725,2.2967,-0.0358,-0.1563,-0.1204,0.5,0.9738,1.0,1.0,1.539,0.37,6.45,2.2372,0.0016
81.4,seguindo,normal,6.0844,2.2963,-0.0358,-0.1792,-0.1433,0.5,0.9624,1.0,1.0,1.3995,0.37,6.5,2.221,0.0017
81.45,seguindo,normal,6.1022,2.2957,-0.0358,-0.1855,-0.1496,0.5,0.9452,1.0,1.0,1.3995,0.37,6.5,2.221,0.0018
81.5,seguindo,normal,6.1141,2.2952,-0.0358,-0.19,-0.1541,0.5,0.9338,1.0,1.0,1.3995,0.37,6.5,2.221,0.0021
81.55,seguindo,normal,6.1319,2.2946,-0.0358,-0.2163,-0.1805,0.5,0.9167,1.0,1.0,1.3317,0.37,6.55,2.2027,0.0026
81.6,seguindo,normal,6.1438,2.2942,-0.0358,-0.2214,-0.1856,0.5,0.9053,1.0,1.0,1.3317,0.37,6.55,2.2027,0.0029
81.65,seguindo,normal,6.1617,2.2935,-0.0358,-0.2297,-0.1939,0.5,0.8882,1.0,1.0,1.3317,0.37,6.55,2.2027,0.0036
81.7,seguindo,normal,6.1736,2.2931,-0.0358,-0.2356,-0.1998,0.5,0.8769,1.0,1.0,1.3317,0.37,6.55,2.2027,0.0043
81.75,seguindo,normal,6.1914,2.2925,-0.0358,-0.2627,-0.2269,0.5,0.8598,1.0,1.0,1.3203,0.37,6.6,2.1826,0.0052
81.8,seguindo,normal,6.2033,2.292,-0.0358,-0.2693,-0.2334,0.5,0.8485,1.0,1.0,1.3203,0.37,6.6,2.1826,0.0058
81.85,seguindo,normal,6.2212,2.2914,-0.0358,-0.2797,-0.2439,0.5,0.8316,1.0,1.0,1.3203,0.37,6.6,2.1826,0.0073
81.9,seguindo,normal,6.2331,2.291,-0.0358,-0.3023,-0.2665,0.5,0.8203,1.0,1.0,1.3606,0.37,6.65,2.1609,0.0083
81.95,seguindo,normal,6.2509,2.2903,-0.0358,-0.3135,-0.2777,0.5,0.8034,1.0,1.0,1.3606,0.37,6.65,2.1609,0.0097
82.0,seguindo,normal,6.2628,2.2899,-0.0358,-0.3215,-0.2857,0.5,0.7921,1.0,1.0,1.3606,0.37,6.65,2.1609,0.0111
82.05,seguindo,normal,6.2806,2.2893,-0.0358,-0.3456,-0.3098,0.5,0.7753,1.0,1.0,1.4611,0.37,6.7,2.1383,0.0132
82.1,seguindo,normal,6.2925,2.2888,-0.0358,-0.3539,-0.3181,0.5,0.7641,1.0,1.0,1.4611,0.37,6.7,2.1383,0.0146
82.15,seguindo,normal,6.3104,2.2882,-0.0358,-0.3673,-0.3315,0.5,0.7474,1.0,1.0,1.4611,0.37,6.7,2.1383,0.017
82.2,seguindo,normal,6.3223,2.2878,-0.0358,-0.3769,-0.341,0.5,0.7363,1.0,1.0,1.4611,0.37,6.7,2.1383,0.0188
82.25,seguindo,normal,6.3401,2.2871,-0.0358,-0.3922,-0.3564,0.5,0.7196,1.0,1.0,1.6476,0.37,6.7,2.1383,0.0216
82.3,seguindo,normal,6.352,2.2867,-0.0358,-0.4032,-0.3674,0.5,0.7086,1.0,1.0,1.6476,0.37,6.7,2.1383,0.0235
82.35,seguindo,normal,6.3699,2.2861,-0.0358,-0.4209,-0.3851,0.5,0.692,1.0,1.0,1.6476,0.37,6.7,2.1383,0.0269
82.4,seguindo,normal,6.3818,2.2856,-0.0358,-0.4328,-0.397,0.5,0.681,1.0,1.0,2.1222,1.0,7.0,2.0,0.0292
82.45,seguindo,normal,6.3973,2.2855,-0.0409,-0.4424,-0.4014,0.5,0.6669,1.0,1.0,2.1222,1.0,7.0,2.0,0.0326
82.5,seguindo,normal,6.4068,2.2855,-0.0463,-0.4485,-0.4023,0.5,0.6584,1.0,1.0,2.1222,1.0,7.0,2.0,0.0348
82.55,seguindo,normal,6.4209,2.2858,-0.0589,-0.4584,-0.3995,0.5,0.6458,1.0,1.0,2.1222,1.0,7.0,2.0,0.0389
82.6,seguindo,normal,6.4302,2.286,-0.0692,-0.4653,-0.3961,0.5,0.6375,1.0,1.0,2.1222,1.0,7.0,2.0,0.0416
82.65,seguindo,normal,6.4442,2.2866,-0.0896,-0.4761,-0.3865,0.5,0.6253,1.0,1.0,2.8718,1.0,7.0,2.0,0.046
82.7,seguindo,normal,6.4535,2.287,-0.105,-0.4835,-0.3785,0.5,0.6172,1.0,1.0,2.8718,1.0,7.0,2.0,0.0488
82.75,seguindo,normal,6.4675,2.2874,-0.1302,-0.4949,-0.3646,0.5,0.6051,1.0,1.0,2.8718,1.0,7.0,2.0,0.0531
82.8,seguindo,normal,6.4767,2.2875,-0.1478,-0.5024,-0.3547,0.5,0.5971,1.0,1.0,2.8718,1.0,7.0,2.0,0.0561
82.85,seguindo,normal,6.4905,2.2875,-0.1747,-0.5138,-0.3391,0.5,0.585,1.0,1.0,2.8718,1.0,7.0,2.0,0.0603
82.9,seguindo,normal,6.4997,2.2873,-0.1928,-0.5213,-0.3285,0.5,0.577,1.0,1.0,4.4363,1.0,7.0,2.0,0.063
82.95,seguindo,normal,6.5134,2.2867,-0.2202,-0.5325,-0.3123,0.5,0.5648,1.0,1.0,4.4363,1.0,7.0,2.0,0.0666
83.0,seguindo,normal,6.5225,2.2861,-0.2385,-0.5399,-0.3014,0.5,0.5567,1.0,1.0,4.4363,1.0,7.0,2.0,0.0689
83.05,seguindo,normal,6.5362,2.2849,-0.266,-0.5509,-0.2849,0.5,0.5444,1.0,1.0,4.4363,1.0,7.0,2.0,0.0725
83.1,seguindo,normal,6.5453,2.2839,-0.2843,-0.5581,-0.2738,0.5,0.5361,1.0,1.0,4.4363,1.0,7.0,2.0,0.0746
83.15,seguindo,normal,6.5589,2.2821,-0.3116,-0.5689,-0.2573,0.5,0.5236,1.0,1.0,8.6071,1.0,7.0,2.0,0.0776
83.2,seguindo,normal,6.5679,2.2806,-0.3298,-0.576,-0.2462,0.5,0.5152,1.0,1.0,8.6071,1.0,7.0,2.0,0.0793
83.25,seguindo,normal,6.5815,2.2781,-0.3568,-0.5865,-0.2298,0.5,0.5025,1.0,1.0,8.6071,1.0,7.0,2.0,0.0817
83.3,seguindo,normal,6.5905,2.2762,-0.3746,-0.5934,-0.2189,0.5,0.494,1.0,1.0,8.6071,1.0,7.0,2.0,0.0833
83.35,seguindo,normal,6.604,2.273,-0.4008,-0.6036,-0.2028,0.5,0.481,1.0,1.0,8.6071,1.0,7.0,2.0,0.0854
83.4,seguindo,normal,6.613,2.2706,-0.4179,-0.6103,-0.1923,0.5,0.4722,1.0,1.0,5.5777,1.0,7.0,2.0,0.0865
83.45,seguindo,normal,6.6265,2.2667,-0.4431,-0.6201,-0.177,0.5,0.459,1.0,1.0,5.5777,1.0,7.0,2.0,0.0879
83.5,seguindo,normal,6.6354,2.2639,-0.4595,-0.6265,-0.1669,0.5,0.45,1.0,1.0,5.5777,1.0,7.0,2.0,0.0887
83.55,seguindo,normal,6.6489,2.2592,-0.4836,-0.6359,-0.1523,0.5,0.4364,1.0,1.0,5.5777,1.0,7.0,2.0,0.0897
83.6,seguindo,normal,6.6578,2.2559,-0.4992,-0.642,-0.1429,0.5,0.4273,1.0,1.0,5.5777,1.0,7.0,2.0,0.0902
83.65,seguindo,normal,6.6712,2.2505,-0.5219,-0.651,-0.1291,0.498,0.4134,1.0,1.0,49.736,1.0,7.0,2.0,0.0906
83.7,seguindo,normal,6.68,2.2467,-0.5366,-0.6568,-0.1202,0.4924,0.404,1.0,1.0,49.736,1.0,7.0,2.0,0.0907
83.75,seguindo,normal,6.6933,2.2407,-0.5582,-0.6654,-0.1072,0.4836,0.3899,1.0,1.0,49.736,1.0,7.0,2.0,0.0905
83.8,seguindo,normal,6.7065,2.2342,-0.5789,-0.6736,-0.0947,0.4747,0.3755,1.0,1.0,49.736,1.0,7.0,2.0,0.0901
83.85,seguindo,normal,6.7153,2.2297,-0.5921,-0.6789,-0.0868,0.4685,0.3658,1.0,1.0,20.6949,1.0,7.0,2.0,0.0896
83.9,seguindo,normal,6.724,2.225,-0.605,-0.6841,-0.0791,0.4622,0.3561,1.0,1.0,20.6949,1.0,7.0,2.0,0.0889
83.95,seguindo,normal,6.7371,2.2177,-0.6237,-0.6916,-0.0679,0.4525,0.3413,1.0,1.0,20.6949,1.0,7.0,2.0,0.0876
84.0,seguindo,normal,6.7458,2.2126,-0.6356,-0.6964,-0.0608,0.4459,0.3314,1.0,1.0,20.6949,1.0,7.0,2.0,0.0867
84.05,seguindo,normal,6.7587,2.2046,-0.653,-0.7033,-0.0503,0.4357,0.3164,1.0,1.0,20.6949,1.0,7.0,2.0,0.0849
84.1,seguindo,normal,6.7673,2.1991,-0.6638,-0.7077,-0.0439,0.4286,0.3062,1.0,1.0,16.2173,1.0,7.0,2.0,0.0835
84.15,seguindo,normal,6.7802,2.1905,-0.6795,-0.714,-0.0345,0.4178,0.2909,1.0,1.0,16.2173,1.0,7.0,2.0,0.0811
84.2,seguindo,normal,6.7887,2.1846,-0.6896,-0.718,-0.0284,0.4103,0.2806,1.0,1.0,16.2173,1.0,7.0,2.0,0.0794
84.25,seguindo,normal,6.8022,2.1745,-0.7008,-0.7229,-0.0221,0.3978,0.2637,1.0,1.0,16.2173,1.0,7.0,2.0,0.0759
84.3,seguindo,normal,6.8116,2.1671,-0.7058,-0.7254,-0.0196,0.3887,0.2519,1.0,1.0,14.1147,1.0,7.0,2.0,0.0732
