t,estado,x,y,rumo,rumo_alvo,erro_rumo,v_alvo,dist,raio_curva,desvio_lateral
25.5,seguindo,-0.0,-0.0,-0.0,-0.0006,-0.0006,0.5,8.2694,251.5463,-0.0
25.55,seguindo,-0.0,-0.0,-0.0,-0.0006,-0.0006,0.5,8.2694,251.5463,-0.0
25.6,seguindo,-0.0,-0.0,-0.0,-0.0006,-0.0006,0.5,8.2694,251.5463,-0.0
25.65,seguindo,-0.0,-0.0,-0.0,-0.0006,-0.0006,0.5,8.2694,251.5463,-0.0
25.7,seguindo,-0.0,-0.0,-0.0,-0.0006,-0.0006,0.5,8.2694,251.5463,-0.0
25.75,seguindo,-0.0,-0.0,-0.0,-0.0006,-0.0006,0.5,8.2694,251.5463,-0.0
25.8,seguindo,-0.0,-0.0,-0.0,-0.0006,-0.0006,0.5,8.2694,251.5463,-0.0
25.85,seguindo,-0.0,-0.0,-0.0,-0.0006,-0.0006,0.5,8.2694,251.5463,-0.0
25.9,seguindo,-0.0,-0.0,-0.0,-0.0006,-0.0006,0.5,8.2694,251.5463,-0.0
25.95,seguindo,0.0027,0.0003,-0.0037,-0.0008,0.0028,0.5,8.2671,251.5463,0.0003
26.0,seguindo,0.0059,0.0007,-0.0088,-0.0012,0.0076,0.5,8.2644,251.5463,0.0007
26.051,seguindo,0.0135,0.0015,-0.0201,-0.002,0.0181,0.5,8.2581,251.5463,0.0015
26.1,seguindo,0.02,0.0022,-0.0303,-0.0027,0.0276,0.5,8.2528,251.5463,0.0022
26.15,seguindo,0.0323,0.003,-0.0461,-0.0008,0.0454,0.5,8.2428,495.3474,0.0005
26.2,seguindo,0.042,0.0033,-0.0563,-0.0011,0.0552,0.5,8.2353,495.3474,0.0008
26.25,seguindo,0.0592,0.0035,-0.0723,-0.0013,0.071,0.5,8.2221,495.3474,0.001
26.3,seguindo,0.0721,0.0033,-0.0825,-0.0013,0.0812,0.5,8.2124,263.1736,0.0008
26.35,seguindo,0.0918,0.0027,-0.0975,-0.0008,0.0967,0.5,8.1979,263.1736,0.0003
26.402,seguindo,0.1118,0.0018,-0.1112,0.0001,0.1114,0.5,8.1833,263.1736,-0.0007
26.45,seguindo,0.1244,0.0008,-0.1167,0.0011,0.1179,0.5,8.1744,263.1736,-0.0017
26.5,seguindo,0.1371,-0.0003,-0.1217,0.0022,0.1239,0.5,8.1656,263.1736,-0.0028
26.551,seguindo,0.1556,-0.0022,-0.1272,0.0034,0.1306,0.5,8.1528,141.8219,-0.0047
26.6,seguindo,0.1679,-0.0036,-0.1299,0.0047,0.1346,0.5,8.1445,141.8219,-0.006
26.651,seguindo,0.1858,-0.0058,-0.1312,0.007,0.1382,0.5,8.1325,141.8219,-0.0083
26.7,seguindo,0.1976,-0.0074,-0.1311,0.0086,0.1397,0.5,8.1246,141.8219,-0.0098
26.751,seguindo,0.2149,-0.0098,-0.1287,-0.1722,-0.0435,0.5,8.1133,54.1236,0.0003
26.8,seguindo,0.2263,-0.0115,-0.1263,-0.1725,-0.0463,0.5,8.1058,54.1236,0.0007
26.85,seguindo,0.2433,-0.014,-0.1221,-0.1713,-0.0492,0.5,8.0947,31.0316,0.0012
26.9,seguindo,0.2547,-0.0156,-0.1192,-0.1716,-0.0524,0.5,8.0873,31.0316,0.0016
26.95,seguindo,0.2717,-0.0179,-0.115,-0.1744,-0.0594,0.5,8.0793,31.0316,0.0014
27.0,seguindo,0.2831,-0.0194,-0.1123,-0.1749,-0.0626,0.5,8.0718,31.0316,0.0019
27.051,seguindo,0.3002,-0.0217,-0.1085,-0.1757,-0.0672,0.5,8.0604,31.0316,0.0028
27.1,seguindo,0.3116,-0.0231,-0.106,-0.1763,-0.0702,0.5,8.0529,31.0316,0.0034
27.15,seguindo,0.3288,-0.0252,-0.1027,-0.1743,-0.0716,0.5,8.0414,18.3539,0.0044
27.2,seguindo,0.3403,-0.0265,-0.1006,-0.1749,-0.0743,0.5,8.0337,18.3539,0.0051
27.25,seguindo,0.3576,-0.0285,-0.0979,-0.176,-0.0781,0.5,8.0221,18.3539,0.0062
27.303,seguindo,0.375,-0.0304,-0.0953,-0.1771,-0.0818,0.5,8.0105,18.3539,0.0074
27.35,seguindo,0.3866,-0.0316,-0.0937,-0.1779,-0.0842,0.5,8.0027,18.3539,0.0082
27.4,seguindo,0.3982,-0.0328,-0.0921,-0.1788,-0.0867,0.5,7.9949,18.3539,0.0091
27.451,seguindo,0.4156,-0.0346,-0.0897,-0.1753,-0.0856,0.5,7.9833,11.2986,0.0104
27.5,seguindo,0.4271,-0.0357,-0.0881,-0.1762,-0.0881,0.5,7.9755,11.2986,0.0113
27.55,seguindo,0.4445,-0.0375,-0.0855,-0.1443,-0.0587,0.5,7.9638,3.0423,0.0009
27.6,seguindo,0.4561,-0.0386,-0.0838,-0.1448,-0.061,0.5,7.956,3.0423,0.0017
27.65,seguindo,0.4735,-0.0402,-0.0812,-0.1415,-0.0603,0.5,7.9443,3.69,0.0029
27.7,seguindo,0.4908,-0.0418,-0.0786,-0.1423,-0.0637,0.5,7.9326,3.69,0.0042
27.751,seguindo,0.5024,-0.0429,-0.0768,-0.1429,-0.0661,0.5,7.9248,3.69,0.005
27.8,seguindo,0.514,-0.0439,-0.0749,-0.1435,-0.0686,0.5,7.917,3.69,0.006
27.85,seguindo,0.5313,-0.0454,-0.0722,-0.1581,-0.0859,0.5,7.9034,3.69,0.0099
27.9,seguindo,0.5429,-0.0464,-0.0704,-0.159,-0.0886,0.5,7.8955,3.69,0.0114
27.95,seguindo,0.5603,-0.0478,-0.0677,-0.1558,-0.0881,0.5,7.8836,4.2058,0.0136
28.0,seguindo,0.5719,-0.0487,-0.066,-0.1566,-0.0907,0.5,7.8756,4.2058,0.0152
28.05,seguindo,0.5893,-0.0501,-0.0632,-0.1579,-0.0947,0.5,7.8637,4.2058,0.0175
28.1,seguindo,0.6008,-0.051,-0.0614,-0.1589,-0.0975,0.5,7.8558,4.2058,0.0191
28.15,seguindo,0.6182,-0.0522,-0.0586,-0.1604,-0.1018,0.5,7.8439,4.2058,0.0215
28.2,seguindo,0.6298,-0.053,-0.0568,-0.1614,-0.1046,0.5,7.8359,4.2058,0.0231
28.254,seguindo,0.6472,-0.0542,-0.054,-0.1053,-0.0512,0.5,7.8239,11078.6646,0.0034
28.3,seguindo,0.6588,-0.055,-0.0523,-0.1057,-0.0535,0.5,7.816,11078.6646,0.0038
28.35,seguindo,0.6762,-0.0561,-0.0496,-0.1065,-0.0569,0.5,7.804,11078.6646,0.0045
28.4,seguindo,0.6878,-0.0568,-0.0478,-0.1066,-0.0588,0.5,7.796,5601.2071,0.0049
28.45,seguindo,0.7052,-0.0578,-0.0451,-0.1074,-0.0623,0.5,7.784,5601.2071,0.0057
28.5,seguindo,0.7168,-0.0585,-0.0433,-0.1079,-0.0646,0.5,7.7759,5601.2071,0.0062
28.55,seguindo,0.7342,-0.0595,-0.0406,-0.1089,-0.0682,0.5,7.7639,5601.2071,0.0071
28.6,seguindo,0.7458,-0.0601,-0.0389,-0.1095,-0.0706,0.5,7.7559,5601.2071,0.0076
28.65,seguindo,0.7632,-0.0609,-0.0362,-0.1099,-0.0737,0.5,7.7438,2851.0388,0.0085
28.7,seguindo,0.7748,-0.0615,-0.0344,-0.1106,-0.0762,0.5,7.7358,2851.0388,0.0092
28.75,seguindo,0.7922,-0.0623,-0.0315,-0.1337,-0.1022,0.5,7.7261,2851.0388,0.0149
28.8,seguindo,0.8038,-0.0628,-0.0296,-0.1347,-0.1051,0.5,7.7179,2851.0388,0.0158
28.85,seguindo,0.8212,-0.0635,-0.027,-0.1363,-0.1093,0.5,7.7055,2851.0388,0.0171
28.9,seguindo,0.8329,-0.064,-0.0253,-0.1374,-0.1121,0.5,7.6973,2851.0388,0.0181
28.95,seguindo,0.8503,-0.0646,-0.0227,-0.1392,-0.1164,0.5,7.6849,2851.0388,0.0196
29.0,seguindo,0.8619,-0.065,-0.0209,-0.1388,-0.1179,0.5,7.6767,1462.2291,0.0205
29.052,seguindo,0.8793,-0.0656,-0.0181,-0.0627,-0.0446,0.5,7.6643,5.8841,0.0069
29.1,seguindo,0.8909,-0.0659,-0.0161,-0.063,-0.0469,0.5,7.6561,5.8841,0.0069
29.15,seguindo,0.9083,-0.0664,-0.0134,-0.0637,-0.0503,0.5,7.6437,5.8841,0.007
29.2,seguindo,0.9258,-0.0668,-0.0107,-0.0723,-0.0615,0.5,7.6313,4.1208,0.0072
29.25,seguindo,0.9374,-0.0671,-0.0089,-0.0728,-0.0639,0.5,7.623,4.1208,0.0073
29.301,seguindo,0.9548,-0.0674,-0.0063,-0.0737,-0.0674,0.5,7.6105,4.1208,0.0075
29.35,seguindo,0.9665,-0.0676,-0.0045,-0.0743,-0.0699,0.5,7.6022,4.1208,0.0077
29.4,seguindo,0.9781,-0.0678,-0.0027,-0.075,-0.0723,0.5,7.5939,4.1208,0.0079
29.45,seguindo,0.9955,-0.0681,0.0,-0.076,-0.0761,0.5,7.5814,4.1208,0.0083
29.5,seguindo,1.0071,-0.0682,0.0018,-0.0853,-0.0872,0.5,7.5731,3.2123,0.0085
29.55,seguindo,1.0246,-0.0684,0.0045,-0.0866,-0.0911,0.5,7.5606,3.2123,0.0089
29.6,seguindo,1.0362,-0.0685,0.0063,-0.2003,-0.2066,0.5,7.5523,1.6434,0.0084
29.65,seguindo,1.0536,-0.0685,0.0089,-0.1958,-0.2047,0.5,7.5503,1.6434,0.0081
29.7,seguindo,1.0652,-0.0686,0.0107,-0.198,-0.2087,0.5,7.5419,1.6434,0.0094
29.75,seguindo,1.0827,-0.0686,0.0134,-0.2014,-0.2148,0.5,7.5294,1.6434,0.0114
29.8,seguindo,1.0943,-0.0686,0.0152,-0.1908,-0.206,0.5,7.5211,1.5742,0.0128
29.851,seguindo,1.1117,-0.0685,0.0178,-0.1941,-0.2119,0.5,7.5086,1.5742,0.0148
29.9,seguindo,1.1234,-0.0684,0.0196,-0.1963,-0.2159,0.5,7.5002,1.5742,0.0163
29.951,seguindo,1.1408,-0.0683,0.0222,-0.1998,-0.222,0.5,7.4877,1.5742,0.0205
30.0,seguindo,1.1525,-0.0681,0.0239,-0.2022,-0.2261,0.5,7.4793,1.5742,0.0239
30.05,seguindo,1.1699,-0.0679,0.0265,-0.206,-0.2325,0.5,7.4667,1.5742,0.0289
30.1,seguindo,1.1815,-0.0677,0.0283,-0.1947,-0.223,0.5,7.4583,1.782,0.0323
30.15,seguindo,1.1989,-0.0674,0.0311,-0.1982,-0.2293,0.5,7.4458,1.782,0.0375
30.201,seguindo,1.2164,-0.0671,0.0338,-0.2019,-0.2357,0.5,7.4332,1.782,0.0428
30.25,seguindo,1.228,-0.0668,0.0356,-0.1064,-0.142,0.5,7.4248,8.1866,-0.0026
30.3,seguindo,1.2396,-0.0666,0.0374,-0.1079,-0.1453,0.5,7.4164,8.1866,-0.0006
30.35,seguindo,1.257,-0.0661,0.0402,-0.1101,-0.1503,0.5,7.4038,8.1866,0.0004
30.4,seguindo,1.2686,-0.0658,0.042,-0.1117,-0.1538,0.5,7.3954,8.1866,0.001
30.45,seguindo,1.286,-0.0653,0.0448,-0.1136,-0.1585,0.5,7.3827,130.8372,0.002
30.5,seguindo,1.2976,-0.0649,0.0467,-0.1153,-0.1619,0.5,7.3743,130.8372,0.0027
30.55,seguindo,1.3151,-0.0643,0.0494,-0.1178,-0.1672,0.5,7.3616,130.8372,0.0042
30.6,seguindo,1.3267,-0.0638,0.0513,-0.1195,-0.1708,0.5,7.3532,130.8372,0.006
30.651,seguindo,1.3441,-0.0631,0.054,-0.1223,-0.1762,0.5,7.3405,130.8372,0.0087
30.7,seguindo,1.3557,-0.0626,0.0558,-0.1223,-0.1781,0.5,7.332,57.141,0.0105
30.756,seguindo,1.3731,-0.0619,0.0584,-0.0759,-0.1343,0.5,7.3161,3.4774,0.0001
30.8,seguindo,1.3847,-0.0613,0.0601,-0.0773,-0.1374,0.5,7.3075,3.4774,0.0008
30.85,seguindo,1.4022,-0.0605,0.0628,-0.0795,-0.1423,0.5,7.2946,3.4774,0.002
30.9,seguindo,1.4138,-0.0599,0.0645,-0.0804,-0.1449,0.5,7.286,4.6207,0.0028
30.951,seguindo,1.4312,-0.0589,0.0673,-0.0826,-0.1499,0.5,7.2731,4.6207,0.004
31.0,seguindo,1.4428,-0.0583,0.0691,-0.0841,-0.1532,0.5,7.2645,4.6207,0.0049
31.05,seguindo,1.4602,-0.0573,0.0718,-0.0866,-0.1583,0.5,7.2516,4.6207,0.0065
31.1,seguindo,1.4718,-0.0566,0.0735,-0.0882,-0.1617,0.5,7.2429,4.6207,0.0076
31.15,seguindo,1.4892,-0.0555,0.0761,-0.0872,-0.1633,0.5,7.23,4.7088,0.0094
31.2,seguindo,1.5008,-0.0548,0.0779,-0.0888,-0.1667,0.5,7.2213,4.7088,0.0105
31.25,seguindo,1.5182,-0.0536,0.0807,-0.0914,-0.1721,0.5,7.2084,4.7088,0.0123
31.302,seguindo,1.5356,-0.0524,0.0834,-0.1601,-0.2435,0.5,7.1954,2.2989,0.0031
31.35,seguindo,1.5472,-0.0516,0.0852,-0.1628,-0.248,0.5,7.1868,2.2989,0.0044
31.4,seguindo,1.5587,-0.0507,0.087,-0.1655,-0.2525,0.5,7.1781,2.2989,0.0058
31.45,seguindo,1.5761,-0.0494,0.0897,-0.1555,-0.2452,0.5,7.1651,2.2902,0.0078
31.5,seguindo,1.5877,-0.0485,0.0915,-0.158,-0.2495,0.5,7.1564,2.2902,0.0092
31.55,seguindo,1.6051,-0.0471,0.0941,-0.162,-0.2562,0.5,7.1434,2.2902,0.012
31.6,seguindo,1.6167,-0.0461,0.0959,-0.1648,-0.2607,0.5,7.1347,2.2902,0.0153
31.65,seguindo,1.6341,-0.0446,0.0985,-0.1688,-0.2672,0.5,7.1292,2.2902,0.0204
31.7,seguindo,1.6515,-0.0431,0.1011,-0.1732,-0.2743,0.5,7.1161,2.2902,0.0254
31.75,seguindo,1.663,-0.0421,0.1029,-0.1579,-0.2608,0.5,7.1074,2.3367,0.0287
31.8,seguindo,1.6746,-0.041,0.1047,-0.1606,-0.2654,0.5,7.0987,2.3367,0.0321
31.85,seguindo,1.6919,-0.0394,0.1075,-0.1649,-0.2723,0.5,7.0856,2.3367,0.0372
31.9,seguindo,1.7035,-0.0383,0.1093,-0.1678,-0.2771,0.5,7.0769,2.3367,0.0407
31.95,seguindo,1.7209,-0.0366,0.1121,-0.1723,-0.2844,0.5,7.0638,2.3367,0.0465
32.0,seguindo,1.7324,-0.0354,0.1138,-0.1755,-0.2893,0.5,7.055,2.3367,0.0504
32.051,seguindo,1.7498,-0.0336,0.1165,-0.157,-0.2736,0.5,7.0419,2.2363,0.0563
32.1,seguindo,1.7613,-0.0324,0.1183,-0.1599,-0.2782,0.5,7.0331,2.2363,0.0603
32.15,seguindo,1.7787,-0.0306,0.121,-0.1644,-0.2854,0.5,7.02,2.2363,0.0662
32.2,seguindo,1.796,-0.0286,0.1236,-0.1697,-0.2932,0.5,7.0068,1.2761,0.005
32.25,seguindo,1.8076,-0.0273,0.1254,-0.1729,-0.2982,0.5,6.998,1.2761,0.0057
32.3,seguindo,1.8249,-0.0254,0.128,-0.1779,-0.3059,0.5,6.9848,1.2761,0.0069
32.35,seguindo,1.8364,-0.024,0.1298,-0.1614,-0.2912,0.5,6.976,1.6355,0.0077
32.4,seguindo,1.848,-0.0226,0.1316,-0.1645,-0.2961,0.5,6.9672,1.6355,0.0085
32.45,seguindo,1.8658,-0.0201,0.1294,-0.1698,-0.2992,0.5,6.9533,1.6355,0.0102
32.5,seguindo,1.878,-0.0183,0.1261,-0.1736,-0.2997,0.5,6.9437,1.6355,0.0133
32.55,seguindo,1.8962,-0.0152,0.1161,-0.1429,-0.259,0.5,6.9503,1.6355,-0.0036
32.601,seguindo,1.9145,-0.0121,0.1033,-0.1244,-0.2277,0.5,6.9359,1.5639,0.0015
32.65,seguindo,1.9267,-0.0099,0.0898,-0.128,-0.2179,0.5,6.9262,1.5639,0.0051
32.7,seguindo,1.9388,-0.0077,0.0762,-0.1316,-0.2078,0.5,6.9166,1.5639,0.0086
32.75,seguindo,1.957,-0.0045,0.0512,-0.1371,-0.1883,0.5,6.9022,1.5639,0.0139
32.8,seguindo,1.9692,-0.0025,0.0329,-0.1408,-0.1736,0.5,6.8928,1.5639,0.0191
32.85,seguindo,1.9875,0.0001,0.0058,-0.1459,-0.1518,0.5,6.8788,1.5639,0.0264
32.9,seguindo,2.006,0.0021,-0.0208,-0.1193,-0.0984,0.5,6.8652,1.3795,0.0333
32.95,seguindo,2.0184,0.0032,-0.0383,-0.1315,-0.0932,0.5,6.8563,0.9641,-0.0185
33.0,seguindo,2.0308,0.004,-0.0556,-0.134,-0.0784,0.5,6.8476,0.9641,-0.0162
33.05,seguindo,2.0496,0.0048,-0.0808,-0.1015,-0.0207,0.5,6.8348,0.8584,-0.0134
33.1,seguindo,2.0624,0.0049,-0.0959,-0.1029,-0.007,0.5,6.8265,0.8584,-0.0118
33.152,seguindo,2.0817,0.0046,-0.1175,-0.0762,0.0412,0.5,6.8294,0.8584,-0.0259
33.202,seguindo,2.1012,0.0038,-0.1381,-0.0769,0.0612,0.5,6.8176,0.8584,-0.0215
33.251,seguindo,2.1143,0.0029,-0.1509,-0.0771,0.0739,0.5,6.81,0.8584,-0.0188
33.3,seguindo,2.1275,0.0018,-0.1632,-0.0375,0.1257,0.5,6.8025,0.7889,-0.0163
33.351,seguindo,2.1473,-0.0002,-0.1797,-0.0361,0.1436,0.5,6.7916,0.7889,-0.013
33.4,seguindo,2.1606,-0.0019,-0.189,-0.0349,0.1541,0.5,6.7845,0.7889,-0.0109
33.45,seguindo,2.1786,-0.0046,-0.1991,-0.0327,0.1664,0.5,6.7753,0.7889,-0.0076
33.5,seguindo,2.19,-0.0065,-0.2048,-0.2499,-0.0451,0.5,6.7697,inf,-0.0279
33.551,seguindo,2.2068,-0.0099,-0.2066,-0.2523,-0.0457,0.5,6.7618,inf,-0.0266
33.6,seguindo,2.2236,-0.0135,-0.2045,-0.2294,-0.0249,0.5,6.7542,inf,-0.0256
33.65,seguindo,2.2347,-0.0161,-0.2007,-0.2294,-0.0286,0.5,6.7493,inf,-0.0251
33.701,seguindo,2.2458,-0.0187,-0.1966,-0.2294,-0.0328,0.5,6.7444,inf,-0.0246
33.75,seguindo,2.2626,-0.0225,-0.1902,-0.2297,-0.0395,0.5,6.7371,inf,-0.0235
33.8,seguindo,2.2737,-0.025,-0.1859,-0.23,-0.0441,0.5,6.7322,inf,-0.022
33.85,seguindo,2.2905,-0.0286,-0.1801,-0.2309,-0.0509,0.5,6.7246,inf,-0.0197
33.9,seguindo,2.3018,-0.0309,-0.1768,-0.1963,-0.0195,0.5,6.7195,inf,-0.018
33.95,seguindo,2.3188,-0.0342,-0.1734,-0.1965,-0.0232,0.5,6.7117,inf,-0.0152
34.0,seguindo,2.3359,-0.0374,-0.1706,-0.197,-0.0265,0.5,6.7038,inf,-0.0124
34.05,seguindo,2.3473,-0.0395,-0.1689,-0.222,-0.0531,0.5,6.688,inf,-0.0007
34.101,seguindo,2.3645,-0.0426,-0.1664,-0.1312,0.0351,0.5,6.68,inf,-0.0035
34.151,seguindo,2.376,-0.0447,-0.1647,-0.1297,0.035,0.5,6.6747,inf,-0.0038
34.2,seguindo,2.3874,-0.0467,-0.163,-0.0946,0.0685,0.5,6.6694,inf,-0.0041
34.25,seguindo,2.4046,-0.0497,-0.1606,-0.0911,0.0694,0.5,6.6614,inf,-0.0044
34.3,seguindo,2.4161,-0.0517,-0.1589,-0.0888,0.0702,0.5,6.6561,inf,-0.0046
34.35,seguindo,2.4333,-0.0546,-0.1565,-0.085,0.0715,0.5,6.6481,inf,-0.0049
34.4,seguindo,2.4448,-0.0566,-0.1549,-0.0824,0.0725,0.5,6.6428,inf,-0.0052
34.451,seguindo,2.462,-0.0594,-0.1523,-0.039,0.1133,0.5,6.6348,inf,-0.0054
34.5,seguindo,2.4735,-0.0613,-0.1505,-0.0355,0.115,0.5,6.6295,inf,-0.0056
34.55,seguindo,2.4907,-0.0641,-0.1478,-0.0298,0.118,0.5,6.6215,inf,-0.0058
34.601,seguindo,2.5079,-0.0669,-0.1451,-0.0238,0.1213,0.5,6.6136,inf,-0.006
34.65,seguindo,2.5194,-0.0687,-0.1433,-0.0195,0.1238,0.5,6.6082,inf,-0.0061
34.701,seguindo,2.5366,-0.0714,-0.1406,0.0315,0.1721,0.5,6.6003,inf,-0.0062
34.753,seguindo,2.5481,-0.0732,-0.1388,-0.0195,0.1193,0.5,6.5949,inf,0.0074
34.8,seguindo,2.5596,-0.0749,-0.1371,-0.0153,0.1217,0.5,6.5896,inf,0.0062
34.85,seguindo,2.5769,-0.0775,-0.1344,0.0428,0.1772,0.5,6.5816,inf,0.0043
34.9,seguindo,2.5884,-0.0792,-0.1326,0.0481,0.1807,0.5,6.5763,inf,0.0031
34.95,seguindo,2.6056,-0.0817,-0.1298,0.0673,0.1971,0.5,6.5745,inf,-0.003
35.0,seguindo,2.6171,-0.0833,-0.128,0.0736,0.2016,0.5,6.5692,inf,-0.0041
35.05,seguindo,2.6344,-0.0857,-0.1253,0.0836,0.2089,0.5,6.5612,inf,-0.0061
35.1,seguindo,2.6459,-0.0873,-0.1235,0.0907,0.2142,0.5,6.5558,inf,-0.0074
35.15,seguindo,2.6632,-0.0897,-0.1208,0.1496,0.2704,0.5,6.5478,inf,-0.0094
35.2,seguindo,2.6747,-0.0912,-0.119,0.1576,0.2766,0.5,6.5425,inf,-0.0106
35.25,seguindo,2.692,-0.0935,-0.1163,0.1704,0.2868,0.5,6.5345,inf,-0.0125
35.3,seguindo,2.7093,-0.0957,-0.1137,0.1843,0.2979,0.5,6.5264,inf,-0.0143
35.351,seguindo,2.7208,-0.0971,-0.1119,0.2134,0.3253,0.5,6.5211,inf,-0.0062
35.4,seguindo,2.7381,-0.0993,-0.1092,0.2287,0.3379,0.5,6.513,inf,-0.0097
35.45,seguindo,2.7496,-0.1007,-0.1073,0.2396,0.3469,0.5,6.5077,inf,-0.0121
35.5,seguindo,2.7612,-0.1021,-0.1055,0.2695,0.375,0.5,6.5023,inf,-0.0144
35.55,seguindo,2.7785,-0.1041,-0.1029,0.2852,0.3881,0.5,6.4943,inf,-0.0179
35.601,seguindo,2.7901,-0.1054,-0.1013,0.2963,0.3976,0.5,6.4889,inf,-0.0201
35.65,seguindo,2.8074,-0.1074,-0.0987,0.314,0.4128,0.5,6.4808,inf,-0.0243
35.7,seguindo,2.819,-0.1087,-0.0969,0.3266,0.4235,0.5,6.4755,inf,-0.0272
35.75,seguindo,2.8339,-0.1107,-0.0886,0.345,0.4336,0.5,6.4689,inf,-0.0315
35.8,seguindo,2.8429,-0.1123,-0.0792,0.3698,0.449,0.5,6.4652,inf,-0.0344
35.85,seguindo,2.8564,-0.1148,-0.0602,0.3868,0.4469,0.5,6.4598,inf,-0.0389
35.9,seguindo,2.8699,-0.1173,-0.0374,0.4047,0.442,0.5,6.4545,inf,-0.0434
35.95,seguindo,2.879,-0.1192,-0.0174,0.4177,0.4351,0.5,6.4511,inf,-0.0466
36.0,seguindo,2.888,-0.1209,0.0033,0.4308,0.4275,0.5,6.4476,inf,-0.0501
36.058,seguindo,2.9016,-0.1235,0.0378,0.3885,0.3507,0.5,6.4376,inf,0.0054
36.1,seguindo,2.9107,-0.125,0.0622,0.4014,0.3392,0.5,6.4339,inf,0.0032
36.15,seguindo,2.9242,-0.1269,0.099,0.4208,0.3218,0.5,6.4281,inf,0.0004
36.2,seguindo,2.9332,-0.1279,0.1231,0.4335,0.3104,0.5,6.424,inf,-0.0013
36.25,seguindo,2.9465,-0.1288,0.157,0.6094,0.4524,0.5,6.4175,1.0638,-0.0031
36.3,seguindo,2.9552,-0.1291,0.178,0.6144,0.4363,0.5,6.413,1.0638,-0.004
36.35,seguindo,2.9683,-0.1292,0.2101,0.6217,0.4116,0.5,6.406,1.0638,-0.005
36.4,seguindo,2.9813,-0.1289,0.2424,0.6288,0.3864,0.5,6.3986,1.0638,-0.0065
36.452,seguindo,2.99,-0.1285,0.264,0.6335,0.3695,0.5,6.3936,1.0638,-0.0082
36.5,seguindo,2.9987,-0.1279,0.2856,0.638,0.3524,0.5,6.3884,1.0638,-0.0097
36.55,seguindo,3.0117,-0.1265,0.3171,0.6651,0.348,0.5,6.3859,1.0638,-0.0233
36.6,seguindo,3.0207,-0.1251,0.3362,0.68,0.3437,0.5,6.3801,2.6392,-0.0242
36.65,seguindo,3.0341,-0.1226,0.3642,0.6861,0.3219,0.5,6.3709,2.6392,-0.0251
36.7,seguindo,3.0475,-0.1197,0.3916,0.692,0.3004,0.5,6.3613,2.6392,-0.0257
36.75,seguindo,3.0559,-0.1182,0.4144,0.696,0.2816,0.5,6.3556,2.6392,-0.0264
36.8,seguindo,3.0642,-0.1164,0.4372,0.6999,0.2626,0.5,6.3498,2.6392,-0.0282
36.851,seguindo,3.0767,-0.1133,0.4705,0.7663,0.2958,0.5,6.3406,2.5017,-0.0091
36.9,seguindo,3.0851,-0.1109,0.4917,0.7703,0.2786,0.5,6.3341,2.5017,-0.0111
36.95,seguindo,3.0977,-0.1068,0.5225,0.776,0.2536,0.5,6.324,2.5017,-0.0137
37.0,seguindo,3.1103,-0.102,0.5516,0.7914,0.2397,0.5,6.3134,4.2775,-0.0158
37.05,seguindo,3.1187,-0.0987,0.571,0.7947,0.2237,0.5,6.3062,4.2775,-0.017
37.1,seguindo,3.1269,-0.0951,0.5903,0.7979,0.2076,0.5,6.2989,4.2775,-0.018
37.15,seguindo,3.1393,-0.0895,0.6191,0.8243,0.2052,0.5,6.3009,4.2775,-0.0391
37.201,seguindo,3.1516,-0.0834,0.6473,0.829,0.1817,0.5,6.2894,4.2775,-0.0403
37.25,seguindo,3.1597,-0.0791,0.6657,0.832,0.1664,0.5,6.2815,4.2775,-0.0421
37.3,seguindo,3.1679,-0.0746,0.6837,0.835,0.1513,0.5,6.2735,4.2775,-0.0439
37.35,seguindo,3.1801,-0.0675,0.7104,0.8392,0.1289,0.5,6.2612,4.2775,-0.0462
37.4,seguindo,3.1882,-0.0626,0.7281,0.8419,0.1138,0.5,6.2528,4.2775,-0.0475
37.45,seguindo,3.2001,-0.0549,0.7544,0.8545,0.1001,0.5,6.2402,3.0897,-0.0492
37.5,seguindo,3.208,-0.0496,0.7716,0.8569,0.0852,0.5,6.2316,3.0897,-0.0501
37.55,seguindo,3.2197,-0.0411,0.7965,0.8601,0.0636,0.5,6.2184,3.0897,-0.0511
37.6,seguindo,3.2275,-0.0353,0.8124,0.8621,0.0496,0.5,6.2094,3.0897,-0.0519
37.65,seguindo,3.2391,-0.0262,0.8359,0.8747,0.0388,0.5,6.1969,3.0897,-0.0656
37.704,seguindo,3.2505,-0.0168,0.8589,0.863,0.0041,0.5,6.183,2.3824,-0.0323
37.751,seguindo,3.258,-0.0101,0.8728,0.8643,-0.0086,0.5,6.1734,2.3824,-0.0333
37.8,seguindo,3.2654,-0.0032,0.8863,0.8655,-0.0209,0.5,6.1638,2.3824,-0.034
37.85,seguindo,3.2771,0.0089,0.9017,0.8665,-0.0352,0.5,6.1474,2.3824,-0.0343
37.9,seguindo,3.2889,0.0223,0.9128,0.877,-0.0358,0.5,6.1299,1.9166,-0.0339
37.95,seguindo,3.2963,0.0316,0.9147,0.8768,-0.0379,0.5,6.1181,1.9166,-0.0329
38.0,seguindo,3.3037,0.041,0.9162,0.8765,-0.0397,0.5,6.1063,1.9166,-0.0319
38.051,seguindo,3.3146,0.0551,0.917,0.8758,-0.0412,0.5,6.0886,1.9166,-0.0302
38.1,seguindo,3.3255,0.0693,0.9171,0.8751,-0.042,0.5,6.0709,1.9166,-0.0283
38.151,seguindo,3.3327,0.0787,0.9173,0.8857,-0.0316,0.5,6.0591,1.8105,-0.0271
38.201,seguindo,3.3436,0.0928,0.9177,0.8852,-0.0325,0.5,6.0415,1.8105,-0.0253
38.25,seguindo,3.3508,0.1022,0.9185,0.8907,-0.0278,0.5,6.0298,1.0334,-0.0115
38.3,seguindo,3.358,0.1115,0.9193,0.8905,-0.0288,0.5,6.0181,1.0334,-0.0109
38.35,seguindo,3.3687,0.1253,0.9215,0.9079,-0.0137,0.5,6.0008,1.0351,-0.0101
38.4,seguindo,3.3794,0.1391,0.9242,0.9078,-0.0164,0.5,5.9835,1.0351,-0.0094
38.451,seguindo,3.3865,0.1482,0.9263,0.9078,-0.0185,0.5,5.972,1.0351,-0.0089
38.501,seguindo,3.3971,0.162,0.9293,0.9077,-0.0216,0.5,5.9548,1.0351,-0.0068
38.551,seguindo,3.4042,0.1711,0.9314,0.9076,-0.0238,0.5,5.9434,1.0351,-0.0052
38.6,seguindo,3.4112,0.1803,0.9335,0.9075,-0.026,0.5,5.9319,1.0351,-0.0036
38.653,seguindo,3.4217,0.1942,0.9365,0.9239,-0.0126,0.5,5.9146,1.3765,-0.0011
38.7,seguindo,3.4287,0.2034,0.9385,0.9239,-0.0146,0.5,5.9031,1.3765,0.0005
38.75,seguindo,3.4392,0.2173,0.9414,0.9239,-0.0176,0.5,5.8859,1.3765,0.0031
38.802,seguindo,3.4496,0.2313,0.9443,0.8586,-0.0857,0.5,5.8686,2.7504,0.0007
38.85,seguindo,3.4565,0.2406,0.9461,0.8657,-0.0804,0.5,5.87,2.7504,-0.0097
38.9,seguindo,3.4634,0.25,0.9479,0.8649,-0.083,0.5,5.8584,2.7504,-0.0089
38.95,seguindo,3.4737,0.264,0.9506,0.8636,-0.087,0.5,5.8411,1.6539,-0.0076
39.002,seguindo,3.4806,0.2734,0.9523,0.8628,-0.0895,0.5,5.8296,1.6539,-0.0067
39.05,seguindo,3.4909,0.2875,0.955,0.8615,-0.0935,0.5,5.8122,1.6539,-0.0054
39.1,seguindo,3.4977,0.2969,0.9568,0.8606,-0.0963,0.5,5.8007,1.6539,-0.0043
39.15,seguindo,3.5079,0.311,0.9594,0.8591,-0.1003,0.5,5.7833,1.6539,-0.0013
39.2,seguindo,3.5147,0.3205,0.9611,0.8581,-0.1031,0.5,5.7717,1.6539,0.0007
39.251,seguindo,3.5248,0.3347,0.9638,0.8504,-0.1133,0.5,5.7544,1.6552,0.0037
39.3,seguindo,3.5316,0.3441,0.9655,0.8493,-0.1162,0.5,5.7428,1.6552,0.0057
39.35,seguindo,3.5417,0.3584,0.9683,0.8476,-0.1207,0.5,5.7255,1.6552,0.0088
39.4,seguindo,3.5484,0.3679,0.9701,0.8463,-0.1238,0.5,5.7139,1.6552,0.0109
39.45,seguindo,3.5584,0.3821,0.9728,0.9499,-0.0229,0.5,5.6966,2.9694,-0.0096
39.5,seguindo,3.565,0.3917,0.9746,0.9498,-0.0248,0.5,5.685,2.9694,-0.009
39.55,seguindo,3.575,0.406,0.9773,0.9496,-0.0278,0.5,5.6676,2.9694,-0.008
39.6,seguindo,3.5816,0.4155,0.9792,0.9383,-0.0409,0.5,5.6561,3.3605,-0.0074
39.65,seguindo,3.5915,0.4299,0.9819,0.9378,-0.0441,0.5,5.6387,3.3605,-0.0063
39.7,seguindo,3.598,0.4395,0.9836,0.9374,-0.0462,0.5,5.6271,3.3605,-0.0056
39.75,seguindo,3.6079,0.4539,0.9863,0.9368,-0.0495,0.5,5.6097,3.3605,-0.0044
39.8,seguindo,3.6144,0.4635,0.9881,0.9364,-0.0517,0.5,5.5981,3.3605,-0.0036
39.851,seguindo,3.6241,0.478,0.9907,0.9356,-0.055,0.5,5.5807,3.3605,-0.0023
39.9,seguindo,3.6306,0.4876,0.9924,0.9173,-0.0752,0.5,5.5691,1.8902,-0.0013
39.951,seguindo,3.6403,0.5021,0.9951,0.8924,-0.1027,0.5,5.5306,1.8902,0.0052
40.0,seguindo,3.6468,0.5118,0.9968,0.821,-0.1759,0.5,5.519,6.0232,0.0047
40.05,seguindo,3.6564,0.5263,0.9996,0.8051,-0.1945,0.5,5.5016,3.4844,0.0057
40.1,seguindo,3.6628,0.536,1.0014,0.8031,-0.1983,0.5,5.49,3.4844,0.0063
40.15,seguindo,3.6724,0.5506,1.0042,0.8,-0.2042,0.5,5.4726,3.4844,0.0073
40.2,seguindo,3.6787,0.5603,1.006,0.7978,-0.2083,0.5,5.461,3.4844,0.0089
40.25,seguindo,3.6882,0.5749,1.0087,0.7944,-0.2143,0.5,5.4435,3.4844,0.0116
40.3,seguindo,3.6945,0.5847,1.0104,0.792,-0.2184,0.5,5.4319,3.4844,0.0134
40.35,seguindo,3.704,0.5994,1.0129,0.7705,-0.2424,0.5,5.4145,2.1261,0.0161
40.4,seguindo,3.7102,0.6092,1.0146,0.768,-0.2466,0.5,5.4028,2.1261,0.018
40.45,seguindo,3.7196,0.6239,1.0172,0.764,-0.2532,0.5,5.3854,2.1261,0.0207
40.5,seguindo,3.7258,0.6337,1.0191,0.7613,-0.2578,0.5,5.3738,2.1261,0.0226
40.55,seguindo,3.7351,0.6484,1.0219,0.757,-0.2648,0.5,5.3564,2.1261,0.0255
40.6,seguindo,3.7413,0.6583,1.0238,0.7316,-0.2922,0.5,5.3448,1.4124,0.0274
40.65,seguindo,3.7505,0.673,1.0267,0.727,-0.2997,0.5,5.3274,1.4124,0.0303
40.7,seguindo,3.7567,0.6829,1.0286,0.7238,-0.3048,0.5,5.3158,1.4124,0.0323
40.75,seguindo,3.7658,0.6977,1.0315,1.001,-0.0304,0.5,5.2984,inf,0.0063
40.8,seguindo,3.7719,0.7076,1.0333,1.0038,-0.0295,0.5,5.2868,inf,0.0064
40.85,seguindo,3.781,0.7224,1.0361,1.003,-0.033,0.5,5.2693,inf,0.0064
40.9,seguindo,3.787,0.7323,1.0379,1.0024,-0.0354,0.5,5.2577,inf,0.0065
40.95,seguindo,3.7961,0.7473,1.0405,1.0013,-0.0392,0.5,5.2403,inf,0.0066
41.0,seguindo,3.8021,0.7572,1.0423,1.0005,-0.0419,0.5,5.2287,inf,0.0067
41.05,seguindo,3.811,0.7729,1.0401,0.9595,-0.0806,0.5,5.2068,inf,0.0104
41.1,seguindo,3.817,0.7836,1.0367,0.9565,-0.0802,0.5,5.1946,inf,0.0111
41.15,seguindo,3.8257,0.7998,1.0267,0.951,-0.0757,0.5,5.1762,inf,0.0126
41.2,seguindo,3.8315,0.8106,1.0183,0.947,-0.0713,0.5,5.164,inf,0.0135
41.25,seguindo,3.8403,0.826,1.0104,0.9421,-0.0684,0.5,5.1463,inf,0.0144
41.3,seguindo,3.8463,0.8359,1.0072,0.9026,-0.1046,0.5,5.1346,inf,0.0148
41.35,seguindo,3.8556,0.8507,1.0074,0.8983,-0.109,0.5,5.1172,inf,0.0149
41.4,seguindo,3.862,0.8604,1.0092,0.8956,-0.1136,0.5,5.1056,inf,0.0148
41.45,seguindo,3.8714,0.875,1.0121,0.8911,-0.121,0.5,5.0882,inf,0.0148
41.5,seguindo,3.8777,0.8848,1.0141,0.8362,-0.1779,0.5,5.0766,inf,0.0062
41.55,seguindo,3.887,0.8994,1.0174,0.8285,-0.1889,0.5,5.0593,inf,0.0076
41.6,seguindo,3.8932,0.9091,1.0197,0.8228,-0.1968,0.5,5.0477,inf,0.0086
41.65,seguindo,3.9025,0.9237,1.023,0.7868,-0.2362,0.5,5.0304,inf,0.0102
41.7,seguindo,3.9087,0.9335,1.0251,0.7805,-0.2447,0.5,5.0188,inf,0.0113
41.75,seguindo,3.9179,0.9483,1.0282,0.7702,-0.258,0.5,5.0015,inf,0.0133
41.801,seguindo,3.924,0.9581,1.0301,0.7627,-0.2674,0.5,4.9898,inf,0.0153
41.85,seguindo,3.9332,0.973,1.0328,0.7504,-0.2824,0.5,4.9724,inf,0.0184
41.9,seguindo,3.9392,0.9829,1.0346,0.7131,-0.3215,0.5,4.9608,inf,0.0204
41.95,seguindo,3.9483,0.9978,1.0373,0.7001,-0.3372,0.5,4.9434,inf,0.0235
42.0,seguindo,3.9543,1.0077,1.0391,0.6908,-0.3483,0.5,4.9317,inf,0.0256
42.05,seguindo,3.9633,1.0226,1.0417,0.5719,-0.4698,0.5,4.9049,inf,0.058
42.1,seguindo,3.9723,1.0376,1.0442,0.5508,-0.4934,0.5,4.8875,inf,0.0617
42.15,seguindo,3.9783,1.0476,1.0459,0.5258,-0.5201,0.5,4.8759,inf,0.0642
42.2,seguindo,3.9842,1.0576,1.0477,0.5125,-0.5351,0.5,4.8643,inf,0.0667
42.25,seguindo,3.9931,1.0734,1.0453,0.4896,-0.5557,0.5,4.8462,inf,0.071
42.3,seguindo,3.9991,1.0842,1.0419,0.5379,-0.504,0.5,4.8339,inf,0.0313
42.352,seguindo,4.0077,1.1004,1.0317,0.4829,-0.5489,0.5,4.8156,inf,0.0333
42.4,seguindo,4.0134,1.1111,1.0232,0.4668,-0.5564,0.5,4.8035,inf,0.0346
42.45,seguindo,4.0217,1.1273,1.0054,0.4411,-0.5643,0.5,4.7855,inf,0.0368
42.5,seguindo,4.0273,1.138,0.9917,0.423,-0.5687,0.5,4.7735,inf,0.039
42.55,seguindo,4.0353,1.1537,0.9662,0.3949,-0.5714,0.5,4.756,inf,0.0442
42.6,seguindo,4.0434,1.169,0.9381,0.3657,-0.5724,0.5,4.7387,inf,0.0491
42.65,seguindo,4.0486,1.1792,0.9142,0.3449,-0.5693,0.5,4.7273,inf,0.0525
42.7,seguindo,4.0541,1.1893,0.8903,0.3275,-0.5628,0.5,4.7159,inf,0.0556
42.75,seguindo,4.0629,1.2043,0.8549,0.3009,-0.554,0.5,4.6986,inf,0.0597
42.8,seguindo,4.0691,1.2141,0.8319,0.2829,-0.549,0.5,4.6869,inf,0.0623
42.85,seguindo,4.0786,1.2285,0.7959,0.2138,-0.5822,0.5,4.6566,inf,0.0741
42.9,seguindo,4.0852,1.2378,0.7714,0.2625,-0.5089,0.5,4.6451,inf,0.0364
42.951,seguindo,4.0953,1.2515,0.7339,0.2338,-0.5001,0.5,4.6281,inf,0.0404
43.0,seguindo,4.1059,1.2648,0.6961,0.1885,-0.5076,0.5,4.6112,inf,0.0439
43.05,seguindo,4.1131,1.2734,0.6698,0.1718,-0.4979,0.5,4.6,inf,0.0459
43.1,seguindo,4.1242,1.2859,0.6304,0.1466,-0.4838,0.5,4.5834,inf,0.0485
43.15,seguindo,4.1319,1.294,0.6042,0.1296,-0.4745,0.5,4.5723,inf,0.0514
43.201,seguindo,4.1439,1.3058,0.5648,0.1038,-0.4611,0.5,4.5559,inf,0.0557
43.25,seguindo,4.1521,1.3134,0.5388,0.1195,-0.4193,0.5,4.5709,inf,0.0547
43.3,seguindo,4.1606,1.3207,0.5128,0.1036,-0.4092,0.5,4.56,inf,0.0569
43.35,seguindo,4.1738,1.3314,0.4745,0.0795,-0.3949,0.5,4.5438,inf,0.0596
43.4,seguindo,4.1829,1.3382,0.4496,0.0684,-0.3811,0.5,4.533,inf,0.061
43.45,seguindo,4.1968,1.3479,0.4117,0.0483,-0.3635,0.5,4.5171,inf,0.0626
43.505,seguindo,4.211,1.3572,0.3737,0.0506,-0.3231,0.5,4.5014,inf,0.0089
43.55,seguindo,4.2207,1.3631,0.3488,0.0371,-0.3117,0.5,4.491,inf,0.0087
43.6,seguindo,4.2306,1.3687,0.324,0.0235,-0.3005,0.5,4.4808,inf,0.0116
43.65,seguindo,4.2458,1.3766,0.2874,0.0359,-0.2516,0.5,4.4708,inf,0.0047
43.7,seguindo,4.2562,1.3816,0.2633,0.0179,-0.2454,0.5,4.4609,inf,0.0068
43.75,seguindo,4.2721,1.3886,0.2279,0.0019,-0.226,0.5,4.4462,inf,0.0094
43.801,seguindo,4.2886,1.3949,0.1949,-0.0136,-0.2086,0.5,4.4318,inf,0.0113
43.85,seguindo,4.2998,1.3988,0.1738,0.006,-0.1677,0.5,4.4224,9.4658,0.014
43.9,seguindo,4.3112,1.4024,0.1529,0.0026,-0.1503,0.5,4.4131,9.4658,0.0166
43.95,seguindo,4.3286,1.4073,0.1225,-0.0023,-0.1247,0.5,4.3995,9.4658,0.02
44.0,seguindo,4.3404,1.4102,0.1032,0.0039,-0.0993,0.5,4.3906,6.2879,0.0219
44.05,seguindo,4.3583,1.4141,0.0751,0.0002,-0.0748,0.5,4.3775,6.2879,0.0242
44.1,seguindo,4.3705,1.4164,0.0571,-0.0019,-0.059,0.5,4.369,6.2879,0.0254
44.151,seguindo,4.3889,1.4194,0.0309,0.0927,0.0617,0.5,4.3519,1.6835,-0.0326
44.2,seguindo,4.4015,1.421,0.015,0.0922,0.0772,0.5,4.3439,1.6835,-0.0312
44.25,seguindo,4.4205,1.4229,-0.008,0.1066,0.1146,0.5,4.3321,1.6709,-0.0295
44.3,seguindo,4.4333,1.4239,-0.0227,0.107,0.1297,0.5,4.3244,1.6709,-0.0287
44.351,seguindo,4.4529,1.4249,-0.0426,0.1081,0.1507,0.5,4.3132,1.6709,-0.0278
44.4,seguindo,4.4662,1.4252,-0.0539,0.1092,0.1632,0.5,4.306,1.6709,-0.0273
44.45,seguindo,4.4846,1.4252,-0.0676,0.1275,0.1951,0.5,4.2964,1.788,-0.0271
44.5,seguindo,4.5019,1.4249,-0.0805,0.1298,0.2103,0.5,4.2875,1.788,-0.0271
44.55,seguindo,4.5134,1.4241,-0.0824,0.132,0.2144,0.5,4.2823,1.788,-0.0278
44.6,seguindo,4.5249,1.4233,-0.0839,0.1343,0.2181,0.5,4.2771,1.788,-0.0285
44.651,seguindo,4.542,1.4217,-0.0815,0.1381,0.2197,0.5,4.2697,1.788,-0.0299
44.7,seguindo,4.5535,1.4205,-0.0779,0.0127,0.0906,0.5,4.2649,1.4575,-0.0066
44.75,seguindo,4.5706,1.4187,-0.0722,0.0433,0.1155,0.5,4.2577,1.0898,-0.0069
44.8,seguindo,4.582,1.4176,-0.0683,0.0449,0.1131,0.5,4.2529,1.0898,-0.007
44.85,seguindo,4.5991,1.416,-0.0627,0.0472,0.1098,0.5,4.2456,1.0898,-0.0072
44.9,seguindo,4.6105,1.415,-0.0595,0.0487,0.1081,0.5,4.2408,1.0898,-0.0072
44.95,seguindo,4.6278,1.4138,-0.0557,0.0508,0.1066,0.5,4.2333,1.0898,-0.007
45.0,seguindo,4.6393,1.413,-0.0536,0.0852,0.1388,0.5,4.2283,0.8918,-0.0068
45.05,seguindo,4.6567,1.4118,-0.0508,0.0973,0.1481,0.5,4.2312,0.8918,-0.0153
45.1,seguindo,4.6683,1.4111,-0.0491,0.0991,0.1482,0.5,4.2261,0.8918,-0.0151
45.15,seguindo,4.6857,1.4101,-0.0466,0.1019,0.1484,0.5,4.2186,0.8918,-0.0147
45.2,seguindo,4.6974,1.4094,-0.0449,0.1037,0.1486,0.5,4.2136,0.8918,-0.0144
45.25,seguindo,4.7148,1.4084,-0.0424,0.1066,0.149,0.5,4.206,0.8918,-0.0139
45.3,seguindo,4.7264,1.4078,-0.0408,0.145,0.1858,0.5,4.201,0.7935,-0.0136
45.35,seguindo,4.7439,1.4069,-0.0383,0.1484,0.1867,0.5,4.1936,0.7935,-0.013
45.4,seguindo,4.7555,1.4063,-0.0366,0.1507,0.1873,0.5,4.1886,0.7935,-0.0126
45.451,seguindo,4.7729,1.4055,-0.0341,0.2196,0.2537,0.5,4.1811,0.8697,-0.0088
45.5,seguindo,4.7846,1.405,-0.0324,0.2227,0.2551,0.5,4.1762,0.8697,-0.0096
45.55,seguindo,4.802,1.4042,-0.0297,0.2274,0.2571,0.5,4.1688,0.8697,-0.0107
45.6,seguindo,4.8136,1.4037,-0.0278,0.2307,0.2585,0.5,4.1639,0.8697,-0.0115
45.65,seguindo,4.831,1.4031,-0.025,0.2723,0.2974,0.5,4.1565,0.8219,-0.0126
45.7,seguindo,4.8426,1.4026,-0.0232,0.2759,0.2991,0.5,4.1517,0.8219,-0.0133
45.751,seguindo,4.86,1.402,-0.0206,0.2813,0.3018,0.5,4.1443,0.8219,-0.0143
45.8,seguindo,4.8717,1.4017,-0.0189,0.2849,0.3038,0.5,4.1394,0.8219,-0.015
45.85,seguindo,4.8891,1.4011,-0.0163,0.2906,0.3069,0.5,4.1321,0.8219,-0.0159
45.9,seguindo,4.9066,1.4007,-0.0138,0.0887,0.1025,0.5,4.1248,inf,-0.0168
45.951,seguindo,4.9182,1.4004,-0.0119,0.1331,0.145,0.5,4.1249,inf,-0.0281
46.0,seguindo,4.9298,1.4001,-0.01,0.1377,0.1477,0.5,4.1203,inf,-0.0288
46.05,seguindo,4.9472,1.3997,-0.0071,0.1451,0.1522,0.5,4.1133,inf,-0.0299
46.102,seguindo,4.9646,1.3994,-0.0043,0.162,0.1663,0.5,4.1064,inf,-0.0309
46.151,seguindo,4.9738,1.3988,0.003,0.1669,0.1639,0.5,4.1031,inf,-0.0318
46.2,seguindo,4.9829,1.3981,0.0124,0.1499,0.1376,0.5,4.1,inf,-0.0126
46.25,seguindo,4.9968,1.3968,0.0314,0.159,0.1276,0.5,4.0955,inf,-0.015
46.302,seguindo,5.0107,1.3956,0.0541,0.1943,0.1403,0.5,4.091,inf,-0.0174
46.35,seguindo,5.0208,1.3949,0.07,0.2005,0.1306,0.5,4.0875,inf,-0.019
46.4,seguindo,5.036,1.3942,0.0938,0.2097,0.1159,0.5,4.0821,inf,-0.0209
46.45,seguindo,5.0461,1.3939,0.1099,0.2157,0.1058,0.5,4.0783,inf,-0.0221
46.5,seguindo,5.0562,1.3937,0.1263,0.2217,0.0954,0.5,4.0745,inf,-0.0233
46.55,seguindo,5.0711,1.3938,0.1512,0.2304,0.0793,0.5,4.0686,inf,-0.025
46.6,seguindo,5.081,1.394,0.1674,0.236,0.0686,0.5,4.0645,inf,-0.0258
46.65,seguindo,5.0959,1.395,0.1884,0.2709,0.0824,0.5,4.0578,inf,-0.0266
46.7,seguindo,5.106,1.396,0.1999,0.275,0.0751,0.5,4.053,inf,-0.0267
46.752,seguindo,5.1213,1.3979,0.2161,0.3042,0.0881,0.5,4.0462,inf,-0.0276
46.8,seguindo,5.1314,1.3993,0.2268,0.3086,0.0818,0.5,4.0412,inf,-0.0275
46.851,seguindo,5.1448,1.4011,0.2426,0.3147,0.0722,0.5,4.0347,inf,-0.0275
46.903,seguindo,5.1571,1.4028,0.2602,0.3208,0.0606,0.5,4.0288,inf,-0.0275
46.951,seguindo,5.1633,1.4038,0.2683,0.3237,0.0554,0.5,4.0257,inf,-0.0274
47.0,seguindo,5.1693,1.4047,0.2769,0.2526,-0.0243,0.5,4.0226,inf,-0.0023
47.05,seguindo,5.1766,1.406,0.2868,0.2542,-0.0326,0.5,4.0189,inf,-0.0028
47.1,seguindo,5.1807,1.4067,0.2927,0.2551,-0.0376,0.5,4.0168,inf,-0.0031
47.15,seguindo,5.184,1.4074,0.2956,0.2555,-0.0401,0.5,4.015,inf,-0.0032
47.2,seguindo,5.1848,1.4078,0.2949,0.2552,-0.0397,0.5,4.0143,inf,-0.0031
47.25,seguindo,5.189,1.4091,0.2945,0.2544,-0.0401,0.5,4.0116,inf,-0.0027
47.3,seguindo,5.193,1.4103,0.2944,0.2539,-0.0404,0.5,4.0091,inf,-0.0025
47.35,seguindo,5.2016,1.4132,0.2929,0.294,0.0011,0.5,4.0034,inf,-0.0018
47.4,seguindo,5.2087,1.4154,0.291,0.2937,0.0027,0.5,3.9989,inf,-0.0013
47.45,seguindo,5.2218,1.4198,0.2867,0.2928,0.0061,0.5,3.9903,inf,-0.0002
47.5,seguindo,5.2318,1.423,0.2831,0.2923,0.0092,0.5,3.9838,inf,0.0006
47.551,seguindo,5.2488,1.4286,0.2755,0.5583,0.2828,0.5,3.9728,inf,-0.0042
47.601,seguindo,5.2672,1.4345,0.2664,0.5712,0.3048,0.5,3.9612,inf,-0.0055
47.65,seguindo,5.2797,1.4384,0.2589,0.5943,0.3354,0.5,3.9533,inf,-0.0065
47.7,seguindo,5.2921,1.4423,0.2515,0.6033,0.3519,0.5,3.9455,inf,-0.0075
47.75,seguindo,5.3107,1.4478,0.2423,0.6184,0.3761,0.5,3.9343,inf,-0.0094
47.8,seguindo,5.3229,1.4512,0.237,0.6294,0.3924,0.5,3.9271,inf,-0.0123
47.851,seguindo,5.3409,1.4559,0.2321,0.6477,0.4156,0.5,3.9169,inf,-0.0176
47.902,seguindo,5.3587,1.4603,0.229,0.6808,0.4518,0.5,3.907,inf,-0.0231
47.95,seguindo,5.3702,1.4629,0.2301,0.693,0.4629,0.5,3.901,inf,-0.0269
48.0,seguindo,5.3816,1.4655,0.2312,0.7059,0.4747,0.5,3.895,inf,-0.0306
48.05,seguindo,5.3963,1.4684,0.2383,0.6779,0.4396,0.5,3.9283,inf,-0.0431
48.1,seguindo,5.405,1.47,0.2452,0.6885,0.4433,0.5,3.9244,inf,-0.0443
48.15,seguindo,5.418,1.4721,0.2598,0.7057,0.4458,0.5,3.9187,inf,-0.0463
48.2,seguindo,5.4267,1.4735,0.2713,0.7176,0.4463,0.5,3.915,inf,-0.0477
48.25,seguindo,5.4396,1.4753,0.2935,0.74,0.4465,0.5,3.9097,inf,-0.0499
48.3,seguindo,5.4482,1.4766,0.3101,0.751,0.4409,0.5,3.9062,inf,-0.0514
48.351,seguindo,5.4609,1.4783,0.34,0.7683,0.4283,0.5,3.9011,inf,-0.0538
48.4,seguindo,5.4693,1.4795,0.3617,0.7801,0.4184,0.5,3.8977,inf,-0.0553
48.45,seguindo,5.482,1.4817,0.3946,0.798,0.4034,0.5,3.8923,inf,-0.0574
48.5,seguindo,5.4905,1.4833,0.4167,0.81,0.3933,0.5,3.8885,inf,-0.0596
48.55,seguindo,5.5032,1.4863,0.4488,0.8281,0.3793,0.5,3.8824,inf,-0.063
48.6,seguindo,5.516,1.4899,0.4795,0.8462,0.3667,0.5,3.8756,inf,-0.0658
48.65,seguindo,5.5244,1.4925,0.5004,0.9025,0.4022,0.5,3.8781,inf,-0.0627
48.7,seguindo,5.5327,1.4952,0.5213,0.9144,0.3932,0.5,3.8735,inf,-0.0644
48.751,seguindo,5.5451,1.4995,0.553,0.9324,0.3794,0.5,3.8663,inf,-0.0676
48.8,seguindo,5.5533,1.5026,0.5743,0.9444,0.3701,0.5,3.8614,inf,-0.0695
48.851,seguindo,5.5654,1.5076,0.6063,0.9626,0.3563,0.5,3.8538,inf,-0.072
48.9,seguindo,5.5733,1.5111,0.6276,0.9687,0.3411,0.5,3.8485,inf,-0.0735
48.95,seguindo,5.5852,1.5167,0.6594,0.9837,0.3242,0.5,3.8403,inf,-0.0753
49.0,seguindo,5.593,1.5207,0.6805,0.9937,0.3131,0.5,3.8347,inf,-0.0763
49.05,seguindo,5.6047,1.527,0.7121,1.0929,0.3808,0.5,3.8559,inf,-0.1109
49.1,seguindo,5.6124,1.5314,0.7331,1.1039,0.3708,0.5,3.8501,inf,-0.1117
49.15,seguindo,5.6237,1.5383,0.7647,1.1203,0.3556,0.5,3.8412,inf,-0.113
49.2,seguindo,5.631,1.543,0.7859,1.1313,0.3454,0.5,3.8351,inf,-0.1145
49.25,seguindo,5.642,1.5505,0.8176,1.1397,0.322,0.5,3.8258,inf,-0.056
49.3,seguindo,5.6492,1.5557,0.8385,1.1506,0.3121,0.5,3.8193,inf,-0.0579
49.35,seguindo,5.66,1.5638,0.8697,1.1671,0.2974,0.5,3.8094,inf,-0.0609
49.4,seguindo,5.6671,1.5694,0.8902,1.1783,0.2881,0.5,3.8026,inf,-0.0627
49.45,seguindo,5.6776,1.5781,0.9209,1.2396,0.3187,0.5,3.8106,inf,-0.0853
49.501,seguindo,5.6879,1.5872,0.9512,1.2382,0.287,0.5,3.7999,inf,-0.0874
49.55,seguindo,5.6944,1.5933,0.9722,1.2474,0.2751,0.5,3.7928,inf,-0.0885
49.6,seguindo,5.7007,1.5995,0.9932,1.2565,0.2633,0.5,3.7856,inf,-0.0893
49.65,seguindo,5.7099,1.609,1.0245,1.2702,0.2457,0.5,3.7746,inf,-0.0903
49.701,seguindo,5.719,1.6189,1.0555,1.2839,0.2284,0.5,3.7634,inf,-0.0911
49.75,seguindo,5.7249,1.6257,1.076,1.2931,0.2172,0.5,3.7557,inf,-0.0924
49.8,seguindo,5.7307,1.6327,1.0963,1.3024,0.2061,0.5,3.7479,inf,-0.0938
49.85,seguindo,5.7393,1.6433,1.1265,1.2874,0.1609,0.5,3.7411,inf,-0.0905
49.9,seguindo,5.7448,1.6506,1.1466,1.2959,0.1494,0.5,3.733,inf,-0.0913
49.951,seguindo,5.7527,1.6616,1.1765,1.2866,0.11,0.5,3.7207,2.5714,-0.0309
50.002,seguindo,5.7602,1.6729,1.2064,1.2905,0.0841,0.5,3.7083,2.5714,-0.0253
50.05,seguindo,5.765,1.6807,1.2255,1.293,0.0675,0.5,3.6998,2.5714,-0.0249
50.1,seguindo,5.7697,1.6887,1.2444,1.2953,0.051,0.5,3.6912,2.5714,-0.0264
50.15,seguindo,5.7763,1.7009,1.2718,1.2985,0.0266,0.5,3.6781,2.5714,-0.0283
50.2,seguindo,5.7805,1.7091,1.2897,1.3004,0.0107,0.5,3.6692,2.5714,-0.0293
50.25,seguindo,5.7865,1.722,1.3152,1.3175,0.0023,0.5,3.6556,2.0184,-0.0303
50.3,seguindo,5.7902,1.7307,1.3315,1.3188,-0.0128,0.5,3.6464,2.0184,-0.0307
50.35,seguindo,5.7954,1.7443,1.3535,1.3203,-0.0332,0.5,3.6321,2.0184,-0.0308
50.4,seguindo,5.7987,1.7537,1.3668,1.321,-0.0458,0.5,3.6223,2.0184,-0.0305
50.45,seguindo,5.8032,1.7697,1.3819,1.3215,-0.0604,0.5,3.6057,2.0184,-0.0298
50.5,seguindo,5.806,1.7813,1.3891,1.3213,-0.0677,0.5,3.5938,2.0184,-0.029
50.55,seguindo,5.8096,1.7989,1.3942,1.3278,-0.0664,0.5,3.5759,1.9603,-0.0271
50.6,seguindo,5.8118,1.8107,1.3956,1.3272,-0.0684,0.5,3.564,1.9603,-0.0257
50.65,seguindo,5.815,1.8283,1.3961,1.3261,-0.07,0.5,3.546,1.9603,-0.0233
50.701,seguindo,5.8181,1.8459,1.3958,1.3076,-0.0882,0.5,3.5281,2.391,0.0109
50.75,seguindo,5.8201,1.8577,1.3957,1.2956,-0.1001,0.5,3.5077,2.391,0.0194
50.8,seguindo,5.8222,1.8694,1.3956,1.3042,-0.0914,0.5,3.4958,2.2492,0.0206
50.85,seguindo,5.8253,1.8869,1.3962,1.3028,-0.0935,0.5,3.4781,2.2492,0.0223
50.9,seguindo,5.8274,1.8985,1.3969,1.3018,-0.0951,0.5,3.4663,2.2492,0.0234
50.95,seguindo,5.8306,1.9157,1.3989,1.3003,-0.0986,0.5,3.4487,2.2492,0.0257
51.0,seguindo,5.8327,1.9272,1.4005,1.2993,-0.1012,0.5,3.4371,2.2492,0.0276
51.05,seguindo,5.8359,1.9443,1.4034,1.2977,-0.1056,0.5,3.4197,2.2492,0.0304
51.1,seguindo,5.838,1.9557,1.4054,1.3066,-0.0988,0.5,3.4081,2.1312,0.0323
51.15,seguindo,5.8411,1.9728,1.4085,1.3052,-0.1033,0.5,3.3907,2.1312,0.0352
51.2,seguindo,5.8431,1.9842,1.4105,1.3042,-0.1063,0.5,3.3791,2.1312,0.0371
51.25,seguindo,5.8461,2.0013,1.4137,1.3026,-0.111,0.5,3.3618,2.1312,0.0401
51.3,seguindo,5.848,2.0127,1.4157,1.3015,-0.1142,0.5,3.3502,2.1312,0.0421
51.35,seguindo,5.8509,2.0299,1.4187,1.3096,-0.1091,0.5,3.3328,2.391,0.0451
51.4,seguindo,5.8528,2.0413,1.4207,1.3086,-0.1121,0.5,3.3212,2.391,0.0472
51.45,seguindo,5.8556,2.0585,1.4234,1.3069,-0.1165,0.5,3.3038,2.391,0.0504
51.5,seguindo,5.8575,2.07,1.4251,1.3057,-0.1195,0.5,3.2922,2.391,0.0525
51.551,seguindo,5.8602,2.0872,1.4278,1.3593,-0.0684,0.5,3.2747,3.5024,0.0042
51.6,seguindo,5.862,2.0987,1.4295,1.3587,-0.0708,0.5,3.2631,3.5024,0.0053
51.65,seguindo,5.8646,2.1159,1.4322,1.3727,-0.0595,0.5,3.241,3.388,-0.0097
51.7,seguindo,5.8673,2.1332,1.4349,1.3719,-0.063,0.5,3.2236,3.388,-0.008
51.75,seguindo,5.869,2.1447,1.4367,1.3713,-0.0654,0.5,3.2119,3.388,-0.0068
51.8,seguindo,5.8707,2.1562,1.4386,1.3707,-0.0678,0.5,3.2003,3.388,-0.0054
51.851,seguindo,5.8731,2.1734,1.4412,1.3698,-0.0715,0.5,3.1829,3.388,-0.0033
51.9,seguindo,5.8748,2.1849,1.443,1.3725,-0.0705,0.5,3.1713,3.9766,-0.0019
51.95,seguindo,5.8772,2.2022,1.4456,1.3715,-0.0741,0.5,3.1538,3.9766,0.0003
52.003,seguindo,5.8788,2.2137,1.4474,1.4306,-0.0167,0.5,3.1422,5.9056,-0.0167
52.05,seguindo,5.8811,2.231,1.45,1.4305,-0.0195,0.5,3.1248,5.9056,-0.0168
52.1,seguindo,5.8826,2.2425,1.4518,1.4304,-0.0214,0.5,3.1132,5.9056,-0.0168
52.151,seguindo,5.8849,2.2598,1.4545,1.4276,-0.027,0.5,3.0957,7.0767,-0.0168
52.2,seguindo,5.8864,2.2713,1.4564,1.4274,-0.029,0.5,3.0841,7.0767,-0.0168
52.25,seguindo,5.8886,2.2886,1.4591,1.4271,-0.032,0.5,3.0667,7.0767,-0.0168
52.3,seguindo,5.8907,2.3059,1.4618,1.4267,-0.035,0.5,3.0493,7.0767,-0.0166
52.35,seguindo,5.8921,2.3175,1.4636,1.4265,-0.0371,0.5,3.0377,7.0767,-0.0165
52.401,seguindo,5.8942,2.3348,1.4663,1.4236,-0.0427,0.5,3.0203,9.0791,-0.0163
52.45,seguindo,5.8955,2.3463,1.4681,1.4233,-0.0449,0.5,3.0087,9.0791,-0.0161
52.5,seguindo,5.8969,2.3579,1.47,1.4229,-0.0471,0.5,2.9971,9.0791,-0.0159
52.55,seguindo,5.8988,2.3752,1.4727,1.4357,-0.037,0.5,3.002,9.0791,-0.0201
52.601,seguindo,5.9007,2.3925,1.4754,1.4353,-0.0401,0.5,2.9846,9.0791,-0.0198
52.65,seguindo,5.902,2.4041,1.4771,1.4152,-0.0619,0.5,2.973,39.2713,-0.0117
52.7,seguindo,5.9032,2.4156,1.4789,1.4147,-0.0643,0.5,2.9614,39.2713,-0.0043
52.75,seguindo,5.905,2.433,1.4815,1.4137,-0.0678,0.5,2.9439,39.2713,-0.0035
52.8,seguindo,5.9061,2.4445,1.4833,1.413,-0.0702,0.5,2.9323,39.2713,-0.003
52.85,seguindo,5.9079,2.4619,1.4859,1.4118,-0.0741,0.5,2.9149,47647.1923,-0.0022
52.9,seguindo,5.909,2.4735,1.4877,1.4111,-0.0766,0.5,2.9033,47647.1923,-0.0016
52.95,seguindo,5.9106,2.4908,1.4904,1.41,-0.0804,0.5,2.8859,47647.1923,-0.0007
53.0,seguindo,5.9117,2.5024,1.4922,1.4091,-0.083,0.5,2.8743,47647.1923,0.0001
53.051,seguindo,5.9133,2.5198,1.4949,1.4079,-0.087,0.5,2.8569,47647.1923,0.0014
53.1,seguindo,5.9148,2.5371,1.4975,1.4067,-0.0909,0.5,2.8395,62306.1161,0.0027
53.15,seguindo,5.9157,2.5487,1.4992,1.4058,-0.0935,0.5,2.8279,62306.1161,0.0036
53.2,seguindo,5.9167,2.5603,1.5009,1.4048,-0.0961,0.5,2.8163,62306.1161,0.0045
53.25,seguindo,5.9181,2.5777,1.5035,1.4123,-0.0913,0.5,2.799,10.4852,-0.0177
53.3,seguindo,5.919,2.5893,1.5053,1.4114,-0.0939,0.5,2.7874,10.4852,-0.0074
53.351,seguindo,5.9204,2.6067,1.5081,1.4101,-0.0981,0.5,2.77,10.4852,-0.0047
53.4,seguindo,5.9212,2.6182,1.51,1.4091,-0.1009,0.5,2.7585,10.4852,-0.0042
53.45,seguindo,5.9225,2.6356,1.5127,1.4073,-0.1055,0.5,2.7411,63.1125,-0.0035
53.5,seguindo,5.9233,2.6472,1.5145,1.4063,-0.1082,0.5,2.7295,63.1125,-0.0029
53.55,seguindo,5.9245,2.6646,1.5172,1.4158,-0.1014,0.5,2.7356,63.1125,-0.0012
53.6,seguindo,5.9253,2.6762,1.519,1.4148,-0.1042,0.5,2.724,63.1125,-0.0007
53.651,seguindo,5.9264,2.6936,1.5218,1.4133,-0.1085,0.5,2.7067,63.1125,0.0002
53.7,seguindo,5.9271,2.7052,1.5237,1.4123,-0.1114,0.5,2.6951,63.1125,0.0012
53.75,seguindo,5.9281,2.7226,1.5264,1.4106,-0.1158,0.5,2.6778,63.1125,0.0028
53.8,seguindo,5.9287,2.7342,1.5282,1.4187,-0.1095,0.5,2.6662,4.3743,0.0118
53.85,seguindo,5.9297,2.7516,1.5308,1.417,-0.1139,0.5,2.6489,4.3743,0.0014
53.9,seguindo,5.9303,2.7632,1.5326,1.4158,-0.1169,0.5,2.6373,4.3743,0.0013
53.95,seguindo,5.9311,2.7806,1.5353,1.4139,-0.1214,0.5,2.62,4.3743,0.0012
54.0,seguindo,5.9317,2.7922,1.5371,1.4122,-0.1249,0.5,2.6084,22.2233,0.0011
54.05,seguindo,5.9325,2.8097,1.5398,1.4103,-0.1295,0.5,2.5911,22.2233,0.0011
54.1,seguindo,5.933,2.8213,1.5416,1.4089,-0.1326,0.5,2.5796,22.2233,0.0015
54.15,seguindo,5.9337,2.8387,1.5443,1.4068,-0.1376,0.5,2.5623,22.2233,0.0031
54.2,seguindo,5.9341,2.8503,1.5462,1.4053,-0.1409,0.5,2.5508,22.2233,0.0042
54.25,seguindo,5.9348,2.8677,1.549,1.4033,-0.1457,0.5,2.5335,inf,0.0058
54.301,seguindo,5.9353,2.8851,1.5518,1.401,-0.1508,0.5,2.5162,inf,0.0076
54.35,seguindo,5.9357,2.8967,1.5536,1.3994,-0.1542,0.5,2.5047,inf,0.009
54.4,seguindo,5.936,2.9083,1.5554,1.3977,-0.1577,0.5,2.4932,inf,0.0105
54.45,seguindo,5.9365,2.9258,1.5581,1.3951,-0.163,0.5,2.4759,inf,0.0129
54.5,seguindo,5.9368,2.9374,1.5599,1.409,-0.1509,0.5,2.4644,4.1927,-0.0023
54.55,seguindo,5.9372,2.9548,1.5626,1.4123,-0.1503,0.5,2.4774,4.1927,-0.0154
54.6,seguindo,5.9374,2.9664,1.5644,1.4107,-0.1537,0.5,2.4659,4.1927,0.0038
54.65,seguindo,5.9377,2.9838,1.5671,1.4083,-0.1589,0.5,2.4486,4.1927,0.0007
54.7,seguindo,5.9379,2.9955,1.5689,1.4065,-0.1624,0.5,2.4371,4.1927,0.0011
54.75,seguindo,5.9381,3.0129,1.5716,1.4035,-0.1681,0.5,2.4199,21.9366,0.0016
54.801,seguindo,5.9383,3.0303,1.5743,1.4009,-0.1734,0.5,2.4027,21.9366,0.0023
54.85,seguindo,5.9384,3.042,1.5761,1.399,-0.177,0.5,2.3912,21.9366,0.0027
54.9,seguindo,5.9385,3.0536,1.5778,1.3971,-0.1807,0.5,2.3798,21.9366,0.0042
54.95,seguindo,5.9385,3.071,1.5804,1.3941,-0.1863,0.5,2.3626,21.9366,0.0066
55.0,seguindo,5.9385,3.0827,1.5821,1.3926,-0.1895,0.5,2.3511,97272.4951,0.0082
55.05,seguindo,5.9385,3.1001,1.5847,1.3896,-0.1952,0.5,2.3339,97272.4951,0.0107
55.101,seguindo,5.9385,3.1175,1.5874,1.3864,-0.201,0.5,2.3167,97272.4951,0.0132
55.15,seguindo,5.9384,3.1292,1.5893,1.3842,-0.2051,0.5,2.3053,97272.4951,0.0152
55.2,seguindo,5.9383,3.1466,1.5921,1.3808,-0.2113,0.5,2.2882,97272.4951,0.0183
55.25,seguindo,5.9382,3.1582,1.594,1.3968,-0.1972,0.5,2.2768,3.7813,-0.0113
55.3,seguindo,5.9381,3.1698,1.5958,1.3948,-0.201,0.5,2.2654,3.7813,0.0007
55.35,seguindo,5.9378,3.1841,1.597,1.3922,-0.2048,0.5,2.2513,3.7813,0.0017
55.401,seguindo,5.9375,3.1966,1.597,1.3897,-0.2073,0.5,2.2391,3.7813,0.0026
55.45,seguindo,5.9373,3.2077,1.5985,1.4144,-0.184,0.5,2.2333,3.7813,-0.0151
55.5,seguindo,5.9371,3.2192,1.6002,1.4112,-0.1891,0.5,2.222,19.8851,-0.0145
55.55,seguindo,5.9368,3.2366,1.603,1.4083,-0.1947,0.5,2.2049,19.8851,-0.0134
55.601,seguindo,5.9366,3.2482,1.6048,1.4063,-0.1985,0.5,2.1935,19.8851,-0.0126
55.65,seguindo,5.9362,3.2656,1.6074,1.4032,-0.2042,0.5,2.1764,19.8851,-0.0097
55.7,seguindo,5.9359,3.2773,1.6091,1.401,-0.2081,0.5,2.165,19.8851,-0.0077
55.75,seguindo,5.9353,3.2949,1.6108,1.3972,-0.2136,0.5,2.1477,156447.6764,-0.0046
55.8,seguindo,5.9349,3.3066,1.6116,1.395,-0.2167,0.5,2.1362,156447.6764,-0.0024
55.851,seguindo,5.9342,3.3244,1.6123,1.3914,-0.2209,0.5,2.1189,156447.6764,0.001
55.901,seguindo,5.9335,3.3422,1.6127,1.3877,-0.225,0.5,2.1015,156447.6764,0.0049
55.95,seguindo,5.9331,3.3538,1.6139,1.3852,-0.2287,0.5,2.0901,156447.6764,0.0073
56.001,seguindo,5.9327,3.3655,1.6152,1.4047,-0.2105,0.5,2.0786,3.3607,-0.0211
56.05,seguindo,5.9321,3.383,1.6176,1.4012,-0.2165,0.5,2.0616,3.3607,-0.0184
56.1,seguindo,5.9317,3.3946,1.6194,1.3987,-0.2207,0.5,2.0502,3.3607,-0.0175
56.15,seguindo,5.9311,3.412,1.6222,1.3933,-0.2289,0.5,2.0332,16.8172,-0.016
56.2,seguindo,5.9306,3.4236,1.6241,1.3908,-0.2333,0.5,2.0219,16.8172,-0.015
56.25,seguindo,5.9299,3.441,1.627,1.387,-0.2399,0.5,2.005,16.8172,-0.0135
56.3,seguindo,5.9294,3.4526,1.6289,1.3844,-0.2445,0.5,1.9937,16.8172,-0.0114
56.35,seguindo,5.9286,3.47,1.6318,1.3437,-0.2881,0.5,1.9829,16.8172,0.0106
56.4,seguindo,5.928,3.4816,1.6338,1.3405,-0.2933,0.5,1.9717,16.8172,0.0132
56.45,seguindo,5.9271,3.499,1.6366,1.3366,-0.3,0.5,1.9549,43189.9489,0.0172
56.5,seguindo,5.9265,3.5106,1.6385,1.3333,-0.3051,0.5,1.9437,43189.9489,0.0199
56.55,seguindo,5.9255,3.528,1.6412,1.3409,-0.3004,0.5,1.927,2.0458,0.0204
56.6,seguindo,5.9249,3.5396,1.643,1.3377,-0.3053,0.5,1.9159,2.0458,0.021
56.651,seguindo,5.9238,3.557,1.6457,1.3329,-0.3128,0.5,1.8992,2.0458,0.022
56.7,seguindo,5.9227,3.5744,1.6483,1.3286,-0.3198,0.5,1.8825,8.0752,0.0231
56.751,seguindo,5.9219,3.586,1.6501,1.3253,-0.3248,0.5,1.8714,8.0752,0.0238
56.8,seguindo,5.9207,3.6034,1.6528,1.3203,-0.3325,0.5,1.8548,8.0752,0.0258
56.85,seguindo,5.9195,3.6155,1.6497,1.3163,-0.3334,0.5,1.8433,8.0752,0.0289
56.9,seguindo,5.9183,3.6277,1.6463,1.3123,-0.3341,0.5,1.8317,8.0752,0.0319
56.95,seguindo,5.9161,3.646,1.6364,1.3079,-0.3284,0.5,1.8145,61741.8298,0.0368
57.0,seguindo,5.9147,3.6581,1.6279,1.3037,-0.3242,0.5,1.8031,61741.8298,0.0401
57.051,seguindo,5.9124,3.6764,1.6103,1.2971,-0.3131,0.5,1.786,61741.8298,0.0453
57.1,seguindo,5.9109,3.6885,1.5967,1.2927,-0.304,0.5,1.7746,61741.8298,0.0495
57.15,seguindo,5.9085,3.7068,1.5714,1.3028,-0.2686,0.5,1.7576,2.9285,0.0243
57.2,seguindo,5.9065,3.725,1.5433,1.2961,-0.2473,0.5,1.7405,2.9285,0.0277
57.25,seguindo,5.9054,3.7372,1.5246,1.2911,-0.2335,0.5,1.7431,2.9285,0.0295
57.303,seguindo,5.9042,3.7556,1.4964,1.2848,-0.2116,0.5,1.7257,2.9285,0.0322
57.351,seguindo,5.9037,3.7679,1.4779,1.2826,-0.1953,0.5,1.714,15.4336,0.0337
57.4,seguindo,5.9034,3.7863,1.4502,1.2773,-0.1729,0.5,1.6964,15.4336,0.0355
57.45,seguindo,5.9035,3.7986,1.432,1.2739,-0.1581,0.5,1.6845,15.4336,0.0368
57.5,seguindo,5.9039,3.811,1.414,1.2707,-0.1433,0.5,1.6725,15.4336,0.0392
57.55,seguindo,5.9049,3.8296,1.3875,1.2661,-0.1213,0.5,1.6544,15.4336,0.0423
57.6,seguindo,5.9059,3.842,1.3703,1.2663,-0.104,0.5,1.6422,65309.2782,0.044
57.65,seguindo,5.9078,3.8607,1.3449,1.2627,-0.0822,0.5,1.6237,65309.2782,0.0463
57.7,seguindo,5.9095,3.8732,1.3289,1.2605,-0.0684,0.5,1.6112,65309.2782,0.0474
57.75,seguindo,5.9124,3.8921,1.3059,1.2767,-0.0292,0.5,1.615,65309.2782,0.0352
57.8,seguindo,5.9147,3.9048,1.2915,1.2927,0.0012,0.5,1.6022,279.8882,-0.029
57.851,seguindo,5.9186,3.9238,1.2705,1.2912,0.0207,0.5,1.5828,279.8882,-0.0154
57.9,seguindo,5.9216,3.9366,1.2576,1.2905,0.0329,0.5,1.5697,279.8882,-0.0139
57.95,seguindo,5.9264,3.9558,1.2392,1.2898,0.0507,0.5,1.5499,279.8882,-0.013
58.001,seguindo,5.9318,3.9752,1.2227,1.2887,0.0661,0.5,1.5298,39761.0731,-0.0126
58.05,seguindo,5.9352,3.9863,1.2153,1.2889,0.0737,0.5,1.5182,39761.0731,-0.0127
58.1,seguindo,5.9387,3.9973,1.2072,1.2892,0.0819,0.5,1.5066,39761.0731,-0.0128
58.15,seguindo,5.9445,4.0135,1.2022,1.2902,0.0881,0.5,1.4894,39761.0731,-0.0136
58.2,seguindo,5.9485,4.0242,1.2014,1.2912,0.0898,0.5,1.478,39761.0731,-0.0144
58.251,seguindo,5.955,4.0402,1.2048,1.2919,0.0872,0.5,1.4609,39761.3031,-0.016
58.3,seguindo,5.9594,4.0508,1.2087,1.2932,0.0845,0.5,1.4495,39761.3031,-0.0171
58.35,seguindo,5.9659,4.0667,1.2149,1.2933,0.0784,0.5,1.4325,50.6893,-0.0203
58.4,seguindo,5.9702,4.0773,1.2191,1.2945,0.0754,0.5,1.4211,50.6893,-0.018
58.45,seguindo,5.9765,4.0933,1.225,1.2961,0.0711,0.5,1.404,50.6893,-0.0193
58.5,seguindo,5.9806,4.104,1.2287,1.2972,0.0685,0.5,1.3926,50.6893,-0.02
58.55,seguindo,5.9867,4.1202,1.2325,1.2973,0.0647,0.5,1.3753,62146.5111,-0.0209
58.601,seguindo,5.9927,4.1366,1.2354,1.2985,0.0631,0.5,1.3579,62146.5111,-0.0217
58.65,seguindo,5.9966,4.1475,1.2371,1.3193,0.0823,0.5,1.3725,62146.5112,-0.0371
58.7,seguindo,6.0006,4.1585,1.2387,1.3204,0.0817,0.5,1.361,62146.5112,-0.0376
58.75,seguindo,6.0064,4.175,1.241,1.3219,0.0808,0.5,1.3435,62146.5112,-0.0385
58.8,seguindo,6.0103,4.186,1.2425,1.3229,0.0804,0.5,1.3319,62146.5112,-0.0391
58.85,seguindo,6.0161,4.2025,1.2448,1.3219,0.077,0.5,1.3145,62146.5111,-0.0401
58.9,seguindo,6.02,4.2135,1.2465,1.3228,0.0763,0.5,1.3029,62146.5111,-0.0406
58.95,seguindo,6.0257,4.2299,1.2492,1.3242,0.0751,0.5,1.2855,62146.5111,-0.0415
59.0,seguindo,6.0314,4.2464,1.2519,1.3257,0.0737,0.5,1.2682,62146.5111,-0.0424
59.05,seguindo,6.0352,4.2574,1.2537,1.3266,0.0729,0.5,1.2566,62146.5111,-0.0429
59.1,seguindo,6.0389,4.2684,1.2555,1.3235,0.0679,0.5,1.245,23.1793,-0.0214
59.15,seguindo,6.0445,4.2849,1.2582,1.3248,0.0666,0.5,1.2276,23.1793,-0.0166
59.2,seguindo,6.0482,4.2959,1.26,1.3257,0.0657,0.5,1.2161,23.1793,-0.017
59.25,seguindo,6.0538,4.3124,1.2628,1.3271,0.0643,0.5,1.1987,23.1793,-0.0176
59.3,seguindo,6.0574,4.3234,1.2647,1.3268,0.0621,0.5,1.1871,41672.2684,-0.018
59.35,seguindo,6.0628,4.34,1.2674,1.328,0.0606,0.5,1.1698,41672.2684,-0.0185
59.4,seguindo,6.0665,4.351,1.2692,1.3289,0.0596,0.5,1.1582,41672.2684,-0.0188
59.45,seguindo,6.0718,4.3676,1.2719,1.3301,0.0582,0.5,1.1408,41672.2684,-0.0197
59.5,seguindo,6.0754,4.3787,1.2737,1.3309,0.0572,0.5,1.1292,41672.2684,-0.0203
59.55,seguindo,6.0807,4.3953,1.2764,1.331,0.0546,0.5,1.1118,119422.1939,-0.0211
59.6,seguindo,6.0842,4.4064,1.2782,1.3318,0.0536,0.5,1.1002,119422.1939,-0.0217
59.65,seguindo,6.0894,4.423,1.2809,1.3329,0.052,0.5,1.0828,119422.1939,-0.0224
59.7,seguindo,6.0928,4.4341,1.2827,1.3337,0.051,0.5,1.0712,119422.1939,-0.0229
59.751,seguindo,6.098,4.4508,1.2853,1.3409,0.0557,0.5,1.0554,119422.1937,-0.029
59.8,seguindo,6.1031,4.4675,1.2879,1.3474,0.0595,0.5,1.038,41672.5134,-0.0296
59.85,seguindo,6.1064,4.4786,1.2896,1.3482,0.0586,0.5,1.0264,41672.5134,-0.03
59.9,seguindo,6.1098,4.4897,1.2914,1.349,0.0576,0.5,1.0148,263.301,-0.0056
59.95,seguindo,6.1148,4.5065,1.2941,1.3502,0.0562,0.5,0.9974,263.301,-0.0064
60.0,seguindo,6.1181,4.5176,1.2958,1.351,0.0552,0.5,0.9858,263.301,-0.007
60.05,seguindo,6.123,4.5343,1.2984,1.3522,0.0538,0.5,0.9684,121364.4454,-0.0079
60.1,seguindo,6.1263,4.5455,1.3002,1.353,0.0528,0.5,0.9568,121364.4454,-0.0085
60.15,seguindo,6.1311,4.5622,1.303,1.3542,0.0512,0.5,0.9394,121364.4454,-0.0093
60.2,seguindo,6.1343,4.5734,1.3048,1.355,0.0502,0.5,0.9278,121364.4454,-0.0099
60.25,seguindo,6.1391,4.5902,1.3075,1.3562,0.0486,0.5,0.9104,121364.4454,-0.0107
60.3,seguindo,6.1423,4.6013,1.3093,1.3569,0.0476,0.5,0.8988,9.5447,-0.0112
60.35,seguindo,6.147,4.6181,1.3121,1.3581,0.046,0.5,0.8815,9.5447,-0.0119
60.4,seguindo,6.1501,4.6293,1.3139,1.3589,0.045,0.5,0.8699,9.5447,-0.0123
60.45,seguindo,6.1547,4.6461,1.3166,1.36,0.0434,0.5,0.8524,9.5447,-0.013
60.5,seguindo,6.1577,4.6574,1.3183,1.3608,0.0425,0.5,0.8408,9.5447,-0.0134
60.55,seguindo,6.1623,4.6742,1.321,1.3619,0.0409,0.5,0.8234,121364.4451,-0.0139
60.6,seguindo,6.1653,4.6854,1.3228,1.3627,0.0399,0.5,0.8118,121364.4451,-0.0143
60.65,seguindo,6.1697,4.7023,1.3255,1.3638,0.0383,0.5,0.7944,121364.4451,-0.0148
60.7,seguindo,6.1727,4.7135,1.3273,1.3645,0.0372,0.5,0.7828,94.1433,-0.0021
60.75,seguindo,6.1771,4.7304,1.3301,1.3916,0.0615,0.5,0.7682,94.1433,-0.0113
60.8,seguindo,6.18,4.7416,1.332,1.3928,0.0608,0.5,0.7566,43779.005,-0.0118
60.85,seguindo,6.1843,4.7585,1.3347,1.3945,0.0598,0.5,0.7392,43779.005,-0.0126
60.9,seguindo,6.1872,4.7698,1.3365,1.3956,0.0591,0.5,0.7276,43779.005,-0.0131
60.95,seguindo,6.1914,4.7867,1.3391,1.3973,0.0582,0.5,0.7102,43779.005,-0.0139
61.0,seguindo,6.1942,4.798,1.3408,1.3985,0.0577,0.5,0.6986,43779.005,-0.0144
61.05,seguindo,6.1984,4.8149,1.3435,1.4002,0.0568,0.5,0.6812,12.4499,-0.0152
61.1,seguindo,6.2011,4.8262,1.3453,1.4014,0.0562,0.5,0.6696,12.4499,-0.0156
61.15,seguindo,6.2052,4.8431,1.348,1.4032,0.0552,0.5,0.6522,12.4499,-0.0163
61.2,seguindo,6.2079,4.8544,1.3498,1.4044,0.0546,0.5,0.6406,12.4499,-0.0167
61.25,seguindo,6.2119,4.8714,1.3525,1.4063,0.0537,0.5,0.6232,68.1841,-0.0108
61.3,seguindo,6.2146,4.8827,1.3543,1.4075,0.0532,0.5,0.6116,68.1841,-0.0112
61.35,seguindo,6.2185,4.8997,1.357,1.4094,0.0524,0.5,0.5942,68.1841,-0.0118
61.4,seguindo,6.2211,4.911,1.3588,1.4107,0.0519,0.5,0.5826,inf,-0.0121
61.45,seguindo,6.225,4.928,1.3615,1.4126,0.0512,0.5,0.5652,inf,-0.0126
61.5,seguindo,6.2275,4.9394,1.3633,1.414,0.0507,0.5,0.5536,inf,-0.0129
61.55,seguindo,6.2313,4.9564,1.3659,1.416,0.0501,0.5,0.5362,inf,-0.0134
61.6,seguindo,6.2338,4.9678,1.3675,1.4173,0.0498,0.5,0.5246,inf,-0.0138
61.65,seguindo,6.2375,4.9848,1.3702,1.4195,0.0493,0.5,0.5048,18.0735,-0.0192
61.7,seguindo,6.24,4.9962,1.3721,1.4209,0.0489,0.5,0.4932,18.0735,-0.0194
61.753,seguindo,6.2436,5.0132,1.3749,1.4231,0.0483,0.5,0.4758,18.0735,-0.0197
61.8,seguindo,6.246,5.0246,1.3768,1.4247,0.0479,0.5,0.4643,35.7535,-0.005
61.851,seguindo,6.2495,5.0416,1.3795,1.427,0.0475,0.5,0.4469,35.7535,-0.0058
61.9,seguindo,6.2519,5.053,1.3813,1.4285,0.0472,0.5,0.4353,35.7535,-0.0063
61.95,seguindo,6.2554,5.0701,1.3839,1.431,0.047,0.5,0.4179,inf,-0.007
62.0,seguindo,6.2577,5.0815,1.3857,1.4326,0.047,0.4937,0.4062,inf,-0.0074
62.05,seguindo,6.2611,5.0986,1.3883,1.4353,0.0469,0.483,0.3888,inf,-0.008
62.101,seguindo,6.2644,5.1157,1.391,1.438,0.047,0.4721,0.3714,inf,-0.0086
62.151,seguindo,6.2666,5.1271,1.3928,1.4399,0.0471,0.4646,0.3598,inf,-0.009
62.2,seguindo,6.2688,5.1385,1.3945,1.4418,0.0473,0.4571,0.3482,inf,-0.0093
62.25,seguindo,6.2721,5.1557,1.3971,1.4449,0.0478,0.4455,0.3308,inf,-0.0098
62.3,seguindo,6.2742,5.1671,1.3988,1.447,0.0482,0.4376,0.3192,inf,-0.0101
62.35,seguindo,6.2774,5.1843,1.4015,1.4505,0.0489,0.4255,0.3018,inf,-0.0034
62.4,seguindo,6.2795,5.1957,1.4034,1.4529,0.0495,0.4173,0.2902,inf,-0.0039
62.45,seguindo,6.2826,5.2128,1.4064,1.4569,0.0505,0.4046,0.2728,inf,-0.0047
62.5,seguindo,6.2846,5.2242,1.4083,1.4597,0.0513,0.3959,0.2613,inf,-0.0052
65.6,seguindo,6.3009,5.3237,1.4313,1.0248,-0.4065,0.5,7.8776,inf,-0.0
65.65,seguindo,6.3009,5.3237,1.4313,1.0248,-0.4065,0.5,7.8776,inf,-0.0
65.7,seguindo,6.3009,5.3237,1.4313,1.0248,-0.4065,0.5,7.8776,inf,-0.0
65.75,seguindo,6.3009,5.3237,1.4313,1.0248,-0.4065,0.5,7.8776,inf,-0.0
65.8,seguindo,6.3009,5.3237,1.4313,1.0248,-0.4065,0.5,7.8776,inf,-0.0
65.85,seguindo,6.3009,5.3237,1.4313,1.0248,-0.4065,0.5,7.8776,inf,-0.0
65.9,seguindo,6.3009,5.3237,1.4313,1.0248,-0.4065,0.5,7.8776,inf,-0.0
65.95,seguindo,6.3009,5.3237,1.4313,1.0248,-0.4065,0.5,7.8776,inf,-0.0
66.0,seguindo,6.3009,5.3237,1.4313,1.0248,-0.4065,0.5,7.8776,inf,-0.0
66.05,seguindo,6.301,5.3265,1.4264,1.0212,-0.4052,0.5,7.8797,inf,0.0006
66.1,seguindo,6.3008,5.3313,1.4158,1.0144,-0.4015,0.5,7.8831,inf,0.0018
66.15,seguindo,6.3009,5.3373,1.4042,1.0062,-0.398,0.5,7.8877,inf,0.0031
66.201,seguindo,6.301,5.347,1.3838,0.9924,-0.3914,0.5,7.8948,inf,0.0053
66.25,seguindo,6.3014,5.3561,1.3661,0.9963,-0.3698,0.5,7.9018,inf,0.0034
66.3,seguindo,6.3021,5.3705,1.337,0.9769,-0.36,0.5,7.9129,inf,0.0071
66.35,seguindo,6.3028,5.3811,1.3127,0.9619,-0.3508,0.5,7.9212,inf,0.0097
66.4,seguindo,6.3036,5.3917,1.2874,0.9345,-0.3529,0.5,7.9297,inf,0.0123
66.45,seguindo,6.3052,5.408,1.246,0.9142,-0.3317,0.5,7.9428,inf,0.0158
66.5,seguindo,6.3065,5.419,1.2171,0.9005,-0.3166,0.5,7.9518,inf,0.0179
66.55,seguindo,6.3091,5.4353,1.1734,0.8798,-0.2936,0.5,7.9656,inf,0.0215
66.6,seguindo,6.3113,5.446,1.1452,0.8663,-0.279,0.5,7.9751,inf,0.0241
66.65,seguindo,6.3154,5.4622,1.105,0.8463,-0.2587,0.5,7.9898,inf,0.0272
66.7,seguindo,6.3187,5.473,1.0794,0.8658,-0.2137,0.5,8.0,inf,0.0288
66.75,seguindo,6.3243,5.4892,1.043,0.9028,-0.1402,0.5,8.0129,inf,0.0154
66.8,seguindo,6.3286,5.5,1.0201,0.8947,-0.1254,0.5,8.0239,inf,0.0159
66.85,seguindo,6.3358,5.5162,0.9876,0.8832,-0.1045,0.5,8.0408,inf,0.0166
66.902,seguindo,6.3438,5.5324,0.9571,0.9473,-0.0098,0.5,8.0582,inf,-0.0106
66.95,seguindo,6.3495,5.5431,0.9375,0.9429,0.0054,0.5,8.07,inf,-0.0079
67.0,seguindo,6.3556,5.5537,0.9189,0.999,0.0801,0.5,8.0821,inf,-0.0054
67.051,seguindo,6.3652,5.5696,0.8918,0.9978,0.106,0.5,8.1003,inf,-0.0022
67.1,seguindo,6.372,5.58,0.8743,0.9978,0.1235,0.5,8.1126,inf,-0.0003
67.151,seguindo,6.3826,5.5956,0.8491,1.0807,0.2316,0.5,8.1014,inf,-0.0312
67.2,seguindo,6.3901,5.6059,0.834,1.0853,0.2513,0.5,8.1141,inf,-0.0302
67.25,seguindo,6.4024,5.6214,0.8152,1.0948,0.2795,0.5,8.1339,inf,-0.0288
67.3,seguindo,6.4111,5.6317,0.8051,1.103,0.2979,0.5,8.1474,inf,-0.0283
67.35,seguindo,6.4233,5.6456,0.7936,1.1776,0.384,0.5,8.1658,inf,-0.0279
67.4,seguindo,6.431,5.6542,0.7866,1.1869,0.4003,0.5,8.1774,inf,-0.0278
67.45,seguindo,6.443,5.6666,0.7831,1.2035,0.4203,0.5,8.1947,inf,-0.0283
67.5,seguindo,6.4553,5.6788,0.7836,1.2222,0.4386,0.5,8.2119,inf,-0.0296
67.55,seguindo,6.4637,5.6867,0.787,1.3607,0.5737,0.5,8.2234,inf,-0.0467
67.6,seguindo,6.472,5.6947,0.7905,1.3764,0.5859,0.5,8.2348,inf,-0.0458
67.65,seguindo,6.4844,5.7066,0.7963,1.4013,0.605,0.5,8.252,inf,-0.0482
67.7,seguindo,6.4926,5.7146,0.8002,1.4187,0.6184,0.5,8.2634,inf,-0.05
67.75,seguindo,6.5035,5.7247,0.8114,1.4433,0.6318,0.5,8.2781,inf,-0.0528
67.8,seguindo,6.5103,5.7305,0.8225,1.5195,0.697,0.5,8.287,inf,-0.0546
67.85,seguindo,6.5205,5.7391,0.8442,1.5418,0.6976,0.5,8.3001,inf,-0.0577
67.9,seguindo,6.5272,5.7446,0.8621,1.557,0.6948,0.5,8.3087,inf,-0.0598
67.95,seguindo,6.5375,5.753,0.8931,1.581,0.6879,0.5,8.3218,inf,-0.063
68.001,seguindo,6.5476,5.7612,0.9299,1.6056,0.6757,0.5,8.3346,inf,-0.0674
68.05,seguindo,6.5543,5.7665,0.9575,1.6222,0.6647,0.5,8.343,inf,-0.0709
68.1,seguindo,6.5607,5.7716,0.9871,1.6386,0.6515,0.5,8.3511,inf,-0.0743
68.151,seguindo,6.5701,5.7793,1.0348,1.6635,0.6286,0.5,8.363,inf,-0.0793
68.2,seguindo,6.579,5.7869,1.0843,1.6878,0.6035,0.5,8.3745,inf,-0.0838
68.25,seguindo,6.5847,5.792,1.1162,1.75,0.6338,0.5,8.3821,inf,-0.0866
68.3,seguindo,6.593,5.7998,1.1635,1.7708,0.6073,0.5,8.3935,inf,-0.0904
68.36,seguindo,6.6007,5.8079,1.2113,1.5687,0.3574,0.5,8.3832,inf,0.0238
68.4,seguindo,6.6057,5.8135,1.2432,1.5818,0.3386,0.5,8.3907,inf,0.0206
68.45,seguindo,6.6103,5.8192,1.2755,1.5944,0.3188,0.5,8.398,inf,0.0178
68.5,seguindo,6.6147,5.825,1.3078,1.6068,0.299,0.5,8.4053,inf,0.0153
68.55,seguindo,6.621,5.834,1.3566,1.6253,0.2688,0.5,8.4162,inf,0.0119
68.6,seguindo,6.6249,5.8401,1.3892,1.6375,0.2483,0.5,8.4234,inf,0.0099
68.65,seguindo,6.6305,5.8494,1.4387,1.7493,0.3107,0.5,8.4426,inf,0.0069
68.7,seguindo,6.6339,5.8557,1.4718,1.7606,0.2888,0.5,8.4496,inf,0.0055
68.75,seguindo,6.6388,5.8651,1.5235,1.7775,0.254,0.5,8.4599,inf,0.0036
68.801,seguindo,6.6433,5.8746,1.5761,1.794,0.2178,0.5,8.47,inf,0.0013
68.85,seguindo,6.646,5.8822,1.6111,1.8054,0.1943,0.5,8.4776,inf,-0.0004
68.9,seguindo,6.6484,5.8901,1.6459,1.8166,0.1708,0.5,8.4851,inf,-0.0018
68.951,seguindo,6.6511,5.9028,1.694,1.7982,0.1042,0.5,8.4876,inf,0.0061
69.0,seguindo,6.6523,5.9113,1.7229,1.807,0.0841,0.5,8.4948,inf,0.0061
69.05,seguindo,6.6531,5.9248,1.7618,1.911,0.1492,0.5,8.5055,inf,0.007
69.1,seguindo,6.6532,5.9339,1.7844,1.9186,0.1342,0.5,8.5124,inf,0.0082
69.15,seguindo,6.6527,5.9475,1.8161,1.9294,0.1133,0.5,8.5223,inf,0.0105
69.2,seguindo,6.652,5.9565,1.8353,1.9359,0.1006,0.5,8.5286,inf,0.0118
69.25,seguindo,6.6504,5.9701,1.8626,2.1918,0.3291,0.5,8.5378,inf,0.0229
69.3,seguindo,6.649,5.9793,1.8798,2.2041,0.3243,0.5,8.5439,inf,0.0214
69.35,seguindo,6.6463,5.9934,1.9029,2.3632,0.4603,0.5,8.566,inf,0.0119
69.4,seguindo,6.6442,6.003,1.9169,2.3768,0.46,0.5,8.5719,inf,0.0111
69.45,seguindo,6.6396,6.019,1.9335,2.3995,0.466,0.5,8.5812,inf,0.0081
69.5,seguindo,6.634,6.0362,1.9457,2.4244,0.4786,0.5,8.5908,inf,0.005
69.55,seguindo,6.6299,6.0474,1.949,2.5311,0.5821,0.5,8.5967,inf,0.0034
69.6,seguindo,6.6257,6.0586,1.9518,2.5476,0.5958,0.5,8.6026,inf,0.0019
69.65,seguindo,6.619,6.0754,1.9528,2.5734,0.6206,0.5,8.6112,inf,-0.0001
69.7,re,6.6145,6.0865,1.9522,1.9522,0.0,-0.203,8.6168,inf,0.0
69.75,re,6.6092,6.1007,1.9566,1.9566,0.0,-0.203,8.6244,inf,0.0
69.8,re,6.6062,6.109,1.9618,1.9618,0.0,-0.203,8.6289,inf,0.0
69.85,re,6.6022,6.1212,1.9738,1.9738,0.0,-0.203,8.6357,inf,0.0
69.9,re,6.5997,6.1291,1.9837,1.9837,0.0,-0.203,8.6402,inf,0.0
69.95,re,6.5961,6.1409,2.0032,2.0032,0.0,-0.203,8.647,inf,0.0
70.012,re,6.5926,6.1526,2.0254,2.0254,0.0,-0.203,8.6538,inf,0.0
70.05,re,6.5906,6.1602,2.0452,2.0452,0.0,-0.203,8.6584,inf,0.0
70.1,re,6.5885,6.1677,2.0652,2.0652,0.0,-0.203,8.6629,inf,0.0
70.15,re,6.5863,6.1763,2.093,2.093,0.0,-0.203,8.6682,inf,0.0
70.2,re,6.5855,6.1809,2.1129,2.1129,0.0,-0.203,8.6712,inf,0.0
70.251,re,6.5851,6.185,2.1356,2.1356,0.0,-0.203,8.6704,inf,0.0
70.303,re,6.5855,6.1872,2.1541,2.1541,0.0,-0.203,8.6723,inf,0.0
70.35,re,6.5869,6.186,2.1601,2.1601,0.0,-0.203,8.6723,inf,0.0
70.4,re,6.5884,6.1845,2.1651,2.1651,0.0,-0.203,8.6721,inf,0.0
70.5,seguindo,6.5952,6.1754,2.1705,2.5808,0.4103,0.5,8.6694,inf,-0.0278
70.55,seguindo,6.6015,6.1665,2.1723,2.57,0.3977,0.5,8.6666,inf,-0.0284
70.601,seguindo,6.6087,6.1561,2.1738,2.547,0.3732,0.5,8.6633,inf,0.0254
70.652,seguindo,6.6153,6.1468,2.1748,2.5374,0.3626,0.5,8.6603,inf,0.0367
70.7,seguindo,6.6219,6.1374,2.176,2.5282,0.3522,0.5,8.6573,inf,0.0482
70.752,seguindo,6.6318,6.1234,2.1777,2.5153,0.3376,0.5,8.653,inf,0.0654
70.8,seguindo,6.6384,6.114,2.1788,2.5073,0.3285,0.5,8.6501,inf,0.0768
70.85,seguindo,6.6483,6.1,2.1804,2.4959,0.3155,0.5,8.6458,inf,0.094
70.9,seguindo,6.6549,6.0907,2.1814,2.4888,0.3075,0.5,8.643,inf,0.1054
70.95,seguindo,6.6648,6.0767,2.1827,2.4788,0.296,0.5,8.6388,inf,0.1225
71.0,seguindo,6.6715,6.0674,2.1836,2.4724,0.2888,0.5,8.636,inf,0.134
71.05,seguindo,6.6814,6.0535,2.1849,2.4635,0.2785,0.5,8.6319,inf,0.1511
71.101,seguindo,6.6914,6.0395,2.1863,2.4551,0.2688,0.5,8.6279,inf,0.1683
71.15,seguindo,6.6963,6.0325,2.1867,2.4509,0.2643,0.5,8.6258,inf,0.1769
71.2,seguindo,6.7011,6.0258,2.1867,2.4471,0.2605,0.5,8.6238,inf,0.1851
71.25,seguindo,6.7066,6.018,2.1868,2.6791,0.4923,0.5,8.6215,inf,0.017
71.3,seguindo,6.7095,6.0139,2.1868,2.6732,0.4864,0.5,8.6204,inf,0.0221
71.35,seguindo,6.7125,6.0103,2.1913,2.6685,0.4772,0.5,8.6196,inf,0.0267
71.4,seguindo,6.7139,6.009,2.1967,2.6674,0.4707,0.5,8.6196,inf,0.0286
71.45,seguindo,6.7146,6.0097,2.2092,2.6696,0.4604,0.5,8.6205,inf,0.0285
71.5,seguindo,6.7145,6.0112,2.2195,2.6729,0.4534,0.5,8.6216,inf,0.0272
71.55,seguindo,6.7127,6.016,2.2394,2.6814,0.4421,0.5,8.6241,inf,0.0225
71.6,seguindo,6.7109,6.0203,2.2548,2.6891,0.4343,0.5,8.6261,inf,-0.0182
71.65,seguindo,6.7072,6.0282,2.283,2.7029,0.4199,0.5,8.6296,inf,-0.011
71.7,seguindo,6.7043,6.034,2.3035,2.7134,0.4099,0.5,8.6321,inf,-0.0076
71.75,seguindo,6.7,6.0428,2.3392,2.7298,0.3906,0.5,8.636,inf,-0.0103
71.8,seguindo,6.6972,6.0487,2.3649,2.7411,0.3762,0.5,8.6386,inf,-0.0128
71.85,seguindo,6.6925,6.0579,2.4084,2.7719,0.3635,0.5,8.6426,inf,-0.0048
71.9,seguindo,6.6891,6.0642,2.4393,2.7844,0.3451,0.5,8.6451,inf,-0.0072
71.95,seguindo,6.6821,6.0747,2.4843,2.7847,0.3004,0.5,8.6466,inf,-0.008
72.0,seguindo,6.6762,6.082,2.5125,2.8815,0.369,0.5,8.6481,inf,-0.0092
72.05,seguindo,6.6672,6.0922,2.5517,2.9,0.3483,0.5,8.6498,inf,-0.0103
72.1,seguindo,6.6613,6.0984,2.5752,2.9114,0.3362,0.5,8.6504,inf,-0.0107
72.151,seguindo,6.652,6.1073,2.6089,2.9281,0.3192,0.5,8.6509,inf,-0.0112
72.2,seguindo,6.6454,6.113,2.6299,2.9392,0.3093,0.5,8.6509,inf,-0.0123
72.25,seguindo,6.6352,6.1214,2.6608,2.9558,0.2951,0.5,8.6504,inf,-0.0136
72.3,seguindo,6.6282,6.1269,2.6811,2.9669,0.2858,0.5,8.6498,inf,-0.0142
72.35,seguindo,6.6174,6.1347,2.7115,2.9682,0.2568,0.5,8.6485,inf,-0.0133
72.4,seguindo,6.6101,6.1398,2.7316,3.0598,0.3281,0.5,8.6475,inf,-0.0134
72.45,seguindo,6.5993,6.1471,2.7636,3.0752,0.3117,0.5,8.6459,inf,-0.0135
72.5,seguindo,6.592,6.1518,2.7854,3.0856,0.3002,0.5,8.6446,inf,-0.0133
72.55,seguindo,6.5808,6.1585,2.8173,-3.1113,0.3546,0.5,8.6423,inf,0.0013
72.6,seguindo,6.573,6.1628,2.8373,-3.0989,0.347,0.5,8.6404,inf,-0.0002
72.65,seguindo,6.5637,6.1679,2.865,-3.0834,0.3349,0.5,8.6382,inf,-0.0021
72.7,seguindo,6.5587,6.171,2.8846,-2.9878,0.4107,0.5,8.6372,inf,-0.0033
72.75,seguindo,6.5485,6.1763,2.917,-2.9714,0.3949,0.5,8.6345,inf,-0.0051
72.8,seguindo,6.5362,6.1818,2.9526,-2.9526,0.378,0.5,8.6307,inf,-0.0063
72.85,seguindo,6.5277,6.1854,2.978,-2.9979,0.3072,0.5,8.6143,inf,0.0152
72.9,seguindo,6.5192,6.1889,3.0038,-2.9862,0.2932,0.5,8.6115,inf,0.0146
72.95,seguindo,6.5061,6.1935,3.0409,-2.9689,0.2735,0.5,8.6066,inf,0.0141
73.0,seguindo,6.4972,6.1962,3.0648,-2.9575,0.2609,0.5,8.603,inf,0.0127
73.05,seguindo,6.4839,6.1999,3.1005,-2.9406,0.2421,0.5,8.5973,inf,0.0109
73.1,seguindo,6.475,6.2021,3.124,-2.9295,0.2297,0.5,8.5933,inf,0.01
73.15,seguindo,6.4618,6.2049,-3.1254,-2.8203,0.3052,0.5,8.5869,inf,0.0091
73.201,seguindo,6.4487,6.207,-3.0938,-2.8048,0.289,0.5,8.5803,inf,0.0089
73.25,seguindo,6.44,6.2082,-3.0729,-2.8419,0.231,0.5,8.5666,inf,0.0245
73.302,seguindo,6.4269,6.2097,-3.0416,-2.8281,0.2135,0.5,8.5594,inf,0.0249
73.351,seguindo,6.418,6.2103,-3.0216,-2.6896,0.3321,0.5,8.5542,inf,0.042
73.4,seguindo,6.4088,6.2107,-3.0033,-2.6778,0.3255,0.5,8.5486,inf,0.0398
73.45,seguindo,6.3949,6.2107,-2.9774,-2.6601,0.3172,0.5,8.5398,inf,0.037
73.5,seguindo,6.3808,6.2102,-2.9525,-2.5347,0.4178,0.5,8.5305,inf,0.0345
73.55,seguindo,6.3713,6.2096,-2.9368,-2.5224,0.4144,0.5,8.524,inf,0.0332
73.6,seguindo,6.3618,6.2088,-2.9216,-2.5099,0.4117,0.5,8.5173,inf,0.032
73.65,seguindo,6.3478,6.2076,-2.8965,-2.4908,0.4057,0.5,8.5075,inf,0.0303
73.701,seguindo,6.334,6.2062,-2.8701,-2.4712,0.399,0.5,8.4976,inf,0.0273
73.75,seguindo,6.3246,6.2049,-2.854,-2.4532,0.4008,0.5,8.4918,inf,0.023
73.801,seguindo,6.3103,6.2024,-2.832,-2.4327,0.3992,0.5,8.4808,inf,0.0201
73.85,seguindo,6.3014,6.201,-2.8133,-2.3204,0.4929,0.5,8.4741,inf,0.018
73.9,seguindo,6.2924,6.1995,-2.7945,-2.3067,0.4878,0.5,8.4672,inf,0.0161
73.95,seguindo,6.2794,6.1973,-2.7631,-2.2861,0.477,0.5,8.4574,inf,0.0133
74.0,seguindo,6.271,6.1958,-2.7409,-2.2722,0.4687,0.5,8.4509,inf,0.0116
74.06,seguindo,6.254,6.1921,-2.6977,-2.3294,0.3684,0.5,8.4373,inf,0.012
74.1,seguindo,6.2498,6.191,-2.6871,-2.323,0.3641,0.5,8.4338,inf,0.0108
74.152,seguindo,6.2371,6.1875,-2.6554,-2.3037,0.3517,0.5,8.4231,inf,0.0076
74.201,seguindo,6.2246,6.1835,-2.6238,-2.1952,0.4286,0.5,8.4122,inf,0.0048
74.25,seguindo,6.2163,6.1807,-2.6028,-2.183,0.4198,0.5,8.3906,inf,0.0133
74.3,seguindo,6.204,6.1761,-2.5713,-2.1635,0.4078,0.5,8.3794,inf,0.0111
74.35,seguindo,6.1961,6.1732,-2.5476,-2.1504,0.3972,0.5,8.3722,inf,0.0086
74.4,seguindo,6.1844,6.1685,-2.5119,-2.1305,0.3814,0.5,8.3614,inf,0.005
74.451,seguindo,6.1767,6.1652,-2.4885,-2.1172,0.3713,0.5,8.354,inf,0.0029
74.501,seguindo,6.1653,6.1597,-2.4535,-2.0139,0.4396,0.5,8.3426,inf,0.0
74.55,seguindo,6.1577,6.1557,-2.4311,-2.0014,0.4297,0.5,8.3348,inf,-0.0015
74.601,seguindo,6.1462,6.1492,-2.3987,-1.9823,0.4163,0.5,8.3227,inf,-0.0035
74.65,seguindo,6.1388,6.1449,-2.3756,-1.9695,0.4061,0.5,8.3147,inf,-0.0048
74.7,seguindo,6.1315,6.1405,-2.3524,-1.9457,0.4067,0.5,8.3067,inf,0.0006
74.75,seguindo,6.1206,6.1335,-2.3175,-1.9956,0.322,0.5,8.2929,inf,0.0196
74.8,seguindo,6.1098,6.1262,-2.2827,-1.8778,0.4049,0.5,8.2804,inf,0.0168
74.85,seguindo,6.1027,6.1211,-2.2596,-1.8646,0.3949,0.5,8.272,inf,0.0151
74.9,seguindo,6.0956,6.1159,-2.2364,-1.8512,0.3852,0.5,8.2635,inf,0.0135
74.95,seguindo,6.0856,6.1079,-2.2004,-1.8316,0.3688,0.5,8.2509,inf,0.0115
75.0,seguindo,6.0791,6.1024,-2.1761,-1.8188,0.3573,0.5,8.2427,inf,0.0091
75.05,seguindo,6.0696,6.094,-2.1395,-1.7991,0.3404,0.5,8.2302,inf,0.0058
75.1,seguindo,6.0603,6.0853,-2.103,-1.7791,0.3239,0.5,8.2175,inf,0.0028
75.15,seguindo,6.0542,6.0793,-2.0786,-1.6835,0.3951,0.5,8.1961,inf,0.0054
75.2,seguindo,6.0453,6.07,-2.0421,-1.6638,0.3783,0.5,8.1833,inf,0.0031
75.258,seguindo,6.0396,6.0637,-2.0174,-1.6983,0.3192,0.5,8.1748,inf,0.0228
75.3,seguindo,6.0341,6.0573,-1.9927,-1.6851,0.3076,0.5,8.1664,inf,0.0204
75.35,seguindo,6.0261,6.0474,-1.9557,-1.4827,0.473,0.5,8.1537,1.0796,0.017
75.4,seguindo,6.021,6.0406,-1.9311,-1.4772,0.4539,0.5,8.1452,1.0796,0.015
75.45,seguindo,6.0136,6.0302,-1.8949,-1.4692,0.4258,0.5,8.1324,1.0796,0.0124
75.5,seguindo,6.0089,6.023,-1.8711,-1.464,0.4071,0.5,8.1239,1.0796,0.011
75.551,seguindo,6.0023,6.0119,-1.8363,-1.4564,0.38,0.5,8.1111,1.0796,0.0079
75.6,seguindo,5.9981,6.0043,-1.8136,-1.4515,0.3622,0.5,8.1026,1.0796,0.0056
75.65,seguindo,5.9925,5.9928,-1.7795,-1.428,0.3515,0.5,8.0829,1.0796,-0.0106
75.701,seguindo,5.9873,5.981,-1.7456,-1.4217,0.324,0.5,8.0705,2.5394,-0.0128
75.751,seguindo,5.984,5.9729,-1.724,-1.4176,0.3065,0.5,8.0621,2.5394,-0.0141
75.8,seguindo,5.981,5.9647,-1.7027,-1.4135,0.2891,0.5,8.0538,2.5394,-0.0151
75.851,seguindo,5.9767,5.9529,-1.6676,-1.4077,0.2599,0.5,8.0419,2.5394,-0.0166
75.9,seguindo,5.974,5.9452,-1.6432,-1.3628,0.2804,0.5,8.0342,0.9398,-0.0189
75.951,seguindo,5.9704,5.9333,-1.6068,-1.3568,0.25,0.5,8.0227,0.9398,-0.0218
76.0,seguindo,5.9682,5.9252,-1.5827,-1.3752,0.2075,0.5,8.0151,1.0934,-0.0235
76.05,seguindo,5.9654,5.9129,-1.5473,-1.3572,0.19,0.5,7.9984,1.0934,-0.022
76.1,seguindo,5.9638,5.9046,-1.5241,-1.354,0.1701,0.5,7.9909,1.0934,-0.0232
76.15,seguindo,5.9618,5.8919,-1.4904,-1.3495,0.1409,0.5,7.9798,1.0934,-0.0255
76.2,seguindo,5.9608,5.8833,-1.4685,-1.3467,0.1219,0.5,7.9724,1.0934,-0.0276
76.25,seguindo,5.9599,5.8701,-1.4378,-1.3428,0.095,0.5,7.9614,1.0934,-0.0302
76.3,seguindo,5.9596,5.8611,-1.4184,-1.3404,0.0779,0.5,7.9542,1.0934,-0.0317
76.351,seguindo,5.9595,5.8475,-1.3905,-1.3604,0.0301,0.5,7.9435,1.2699,-0.0334
76.401,seguindo,5.9601,5.8336,-1.3642,-1.3581,0.0061,0.5,7.933,1.2699,-0.0346
76.453,seguindo,5.9608,5.8242,-1.3483,-1.3582,-0.0099,0.5,7.9536,1.3885,0.0086
76.5,seguindo,5.9618,5.8146,-1.3331,-1.3572,-0.024,0.5,7.9468,1.3885,0.0015
76.55,seguindo,5.9637,5.8001,-1.312,-1.3559,-0.044,0.5,7.9367,1.3885,-0.0008
76.6,seguindo,5.9652,5.7903,-1.2989,-1.3554,-0.0565,0.5,7.9301,1.3885,-0.0022
76.65,seguindo,5.968,5.7754,-1.2814,-1.3727,-0.0913,0.5,7.9203,1.4037,-0.0038
76.7,seguindo,5.9702,5.7653,-1.2711,-1.3728,-0.1017,0.5,7.9138,1.4037,-0.0047
76.75,seguindo,5.9731,5.7531,-1.2599,-1.3732,-0.1133,0.5,7.9062,1.4037,-0.0055
76.8,seguindo,5.9748,5.7463,-1.2536,-1.3735,-0.12,0.5,7.9019,1.4037,-0.0058
76.85,seguindo,5.9787,5.7335,-1.2487,-1.3748,-0.1261,0.5,7.8945,1.4037,-0.0061
76.9,seguindo,5.9819,5.7238,-1.2491,-1.3761,-0.127,0.5,7.8891,1.4037,-0.0064
76.951,seguindo,5.9873,5.7077,-1.2494,-1.3784,-0.129,0.5,7.8801,1.4037,-0.0069
77.0,seguindo,5.9911,5.6964,-1.2495,-1.3956,-0.1462,0.5,7.8738,1.3061,-0.0073
77.05,seguindo,5.9967,5.6795,-1.2491,-1.3981,-0.149,0.5,7.8643,1.3061,-0.008
77.101,seguindo,6.0023,5.6626,-1.2486,-1.4007,-0.1521,0.5,7.8549,1.3061,-0.0086
77.151,seguindo,6.0061,5.6513,-1.2492,-1.4025,-0.1533,0.5,7.8486,1.3061,-0.009
77.208,seguindo,6.0119,5.6342,-1.25,-1.4002,-0.1502,0.5,7.8393,0.636,0.0222
77.25,seguindo,6.0157,5.6228,-1.251,-1.402,-0.151,0.5,7.833,0.636,0.0208
77.3,seguindo,6.0196,5.6114,-1.252,-1.4039,-0.1519,0.5,7.8268,0.636,0.0211
77.35,seguindo,6.0252,5.5944,-1.2521,-1.4066,-0.1545,0.5,7.8174,0.636,0.0215
77.4,seguindo,6.0289,5.5832,-1.2517,-1.4311,-0.1795,0.5,7.8112,0.6392,0.0217
77.45,seguindo,6.0342,5.5665,-1.2496,-1.434,-0.1844,0.5,7.802,0.6392,0.022
77.501,seguindo,6.0378,5.5554,-1.2478,-1.436,-0.1882,0.5,7.7958,0.6392,0.0221
77.551,seguindo,6.0431,5.5389,-1.2448,-1.434,-0.1892,0.5,7.7762,0.6392,0.01
77.6,seguindo,6.0467,5.5278,-1.2428,-1.436,-0.1932,0.5,7.7702,0.6392,0.0092
77.65,seguindo,6.052,5.5113,-1.2396,-1.4664,-0.2268,0.5,7.7613,0.9121,0.0081
77.7,seguindo,6.0556,5.5003,-1.2374,-1.4688,-0.2313,0.5,7.7554,0.9121,0.0074
77.75,seguindo,6.0611,5.4839,-1.2342,-1.4724,-0.2382,0.5,7.7466,0.9121,0.0064
77.8,seguindo,6.0648,5.4729,-1.2321,-1.475,-0.2429,0.5,7.7408,0.9121,0.0054
77.85,seguindo,6.0703,5.4564,-1.2291,-1.479,-0.2499,0.5,7.7321,0.9121,0.003
77.9,seguindo,6.0741,5.4454,-1.2272,-1.4818,-0.2546,0.5,7.7264,0.9121,0.0014
77.95,seguindo,6.0797,5.429,-1.2243,-1.5101,-0.2858,0.5,7.7178,0.636,-0.0009
78.008,seguindo,6.0855,5.4125,-1.2215,-1.4764,-0.2549,0.5,7.7094,2.0058,-0.01
78.05,seguindo,6.0893,5.4016,-1.2197,-1.4792,-0.2595,0.5,7.7037,2.0058,-0.0094
78.1,seguindo,6.0932,5.3906,-1.218,-1.4821,-0.2641,0.5,7.6982,2.0058,-0.0089
78.15,seguindo,6.099,5.3742,-1.2153,-1.5024,-0.2871,0.5,7.6899,2.3978,-0.008
78.2,seguindo,6.1029,5.3632,-1.2135,-1.5054,-0.2919,0.5,7.6843,2.3978,-0.0074
78.251,seguindo,6.1089,5.3468,-1.2109,-1.5101,-0.2993,0.5,7.6762,2.3978,-0.006
78.3,seguindo,6.1148,5.3304,-1.2083,-1.515,-0.3068,0.5,7.668,2.3978,-0.0031
78.35,seguindo,6.1188,5.3195,-1.2065,-1.5184,-0.3119,0.5,7.6627,2.3978,-0.0011
78.4,seguindo,6.1229,5.3086,-1.2048,-1.5357,-0.3309,0.5,7.6573,2.207,0.0009
78.45,seguindo,6.1295,5.2916,-1.207,-1.5415,-0.3345,0.5,7.6493,2.207,0.0044
78.5,seguindo,6.1342,5.2801,-1.2104,-1.5457,-0.3353,0.5,7.644,2.207,0.0069
78.551,seguindo,6.1415,5.2629,-1.2204,-1.5417,-0.3212,0.5,7.632,2.207,0.0089
78.601,seguindo,6.1487,5.2457,-1.2333,-1.5484,-0.3151,0.5,7.6242,2.207,0.0128
78.65,seguindo,6.1538,5.2345,-1.2468,-1.5644,-0.3175,0.5,7.6193,2.0058,0.0156
78.7,seguindo,6.1587,5.2231,-1.2605,-1.5689,-0.3084,0.5,7.6143,2.0058,0.0183
78.75,seguindo,6.166,5.2062,-1.2855,-1.576,-0.2904,0.5,7.6068,2.0058,0.0224
78.8,seguindo,6.1708,5.1948,-1.3038,-1.5558,-0.2519,0.5,7.6017,2.9188,-0.0006
78.85,seguindo,6.1776,5.1777,-1.3317,-1.5623,-0.2306,0.5,7.5938,2.9188,0.0024
78.9,seguindo,6.1818,5.1662,-1.3504,-1.5708,-0.2204,0.5,7.5883,3.6779,0.0041
78.95,seguindo,6.1878,5.1488,-1.3783,-1.5765,-0.1982,0.5,7.5796,3.6779,0.0063
79.001,seguindo,6.1933,5.1311,-1.4058,-1.5819,-0.1761,0.5,7.5705,3.6779,0.0084
79.053,seguindo,6.1967,5.1193,-1.4239,-1.5853,-0.1614,0.5,7.5642,3.6779,0.0109
79.1,seguindo,6.1998,5.1073,-1.4418,-1.5886,-0.1468,0.5,7.5577,3.6779,0.0131
79.15,seguindo,6.2041,5.0892,-1.4682,-1.5977,-0.1295,0.5,7.5223,3.9207,0.0136
79.2,seguindo,6.2067,5.077,-1.4855,-1.6005,-0.115,0.5,7.5153,3.9207,0.0155
79.25,seguindo,6.2101,5.0586,-1.5112,-1.6045,-0.0932,0.5,7.5044,3.9207,0.0179
79.3,seguindo,6.2122,5.0462,-1.5279,-1.6091,-0.0812,0.5,7.4969,2.9188,0.0192
79.35,seguindo,6.2147,5.0274,-1.5522,-1.6171,-0.0649,0.5,7.4853,0.9207,-0.0007
79.4,seguindo,6.2162,5.0148,-1.5678,-1.619,-0.0512,0.5,7.4772,0.9207,0.0002
79.45,seguindo,6.2178,4.9956,-1.5902,-1.6215,-0.0314,0.5,7.4646,0.9207,0.0011
79.5,seguindo,6.2186,4.9827,-1.6043,-1.623,-0.0187,0.5,7.456,0.9207,0.0015
79.55,seguindo,6.2194,4.9631,-1.6237,-1.6247,-0.001,0.5,7.4425,0.9207,0.0014
79.6,seguindo,6.2196,4.9498,-1.6356,-1.6318,0.0038,0.5,7.4331,1.1819,0.0011
79.65,seguindo,6.2194,4.9298,-1.6515,-1.6329,0.0187,0.5,7.4188,1.1819,0.0002
79.7,seguindo,6.219,4.9166,-1.6606,-1.6333,0.0273,0.5,7.4091,1.1819,-0.0007
79.75,seguindo,6.2181,4.8984,-1.6702,-1.6528,0.0174,0.5,7.3986,1.1819,-0.0046
79.8,seguindo,6.2173,4.8869,-1.6755,-1.653,0.0225,0.5,7.3901,1.1819,-0.0055
79.861,seguindo,6.2149,4.8641,-1.6757,-1.6887,-0.013,0.5,7.3726,2.4445,0.001
79.9,seguindo,6.2142,4.8584,-1.6747,-1.6887,-0.014,0.5,7.3682,2.4445,0.0012
79.951,seguindo,6.2121,4.8414,-1.6697,-1.6883,-0.0186,0.5,7.3549,2.8125,0.0018
80.0,seguindo,6.2106,4.8301,-1.6654,-1.6882,-0.0228,0.5,7.346,2.8125,0.0021
80.054,seguindo,6.2086,4.8131,-1.659,-1.6881,-0.0291,0.5,7.3328,2.8125,0.0028
80.1,seguindo,6.2072,4.8017,-1.6547,-1.6881,-0.0334,0.5,7.324,2.8125,0.0032
80.151,seguindo,6.2054,4.7846,-1.649,-1.6883,-0.0393,0.5,7.3109,2.8125,0.0041
80.2,seguindo,6.2036,4.7674,-1.6437,-1.6821,-0.0384,0.5,7.2979,2.3184,0.0051
80.25,seguindo,6.2026,4.7559,-1.6413,-1.6824,-0.041,0.5,7.2892,2.3184,0.0059
80.3,seguindo,6.2016,4.7443,-1.6393,-1.6827,-0.0434,0.5,7.2806,2.3184,0.0068
80.35,seguindo,6.2002,4.727,-1.6365,-1.6832,-0.0467,0.5,7.2677,2.3184,0.0082
80.4,seguindo,6.1994,4.7154,-1.6348,-1.6836,-0.0488,0.5,7.2592,2.3184,0.0091
80.45,seguindo,6.1981,4.6979,-1.6323,-1.6449,-0.0125,0.5,7.2463,2.4348,0.0015
80.5,seguindo,6.1972,4.6863,-1.6307,-1.6449,-0.0142,0.5,7.2378,2.4348,0.0021
80.55,seguindo,6.196,4.6689,-1.6282,-1.645,-0.0168,0.5,7.2251,2.4348,0.0029
80.6,seguindo,6.1952,4.6573,-1.6264,-1.6443,-0.0179,0.5,7.2167,3.9602,0.0034
80.65,seguindo,6.194,4.6399,-1.6238,-1.6444,-0.0206,0.5,7.204,3.9602,0.0043
80.7,seguindo,6.1933,4.6283,-1.6221,-1.6446,-0.0224,0.5,7.1956,3.9602,0.0049
80.75,seguindo,6.1922,4.6109,-1.6195,-1.6584,-0.0388,0.5,7.1869,3.9602,0.0153
80.8,seguindo,6.1915,4.5993,-1.6178,-1.6587,-0.0409,0.5,7.1786,3.9602,0.0161
80.85,seguindo,6.1905,4.5819,-1.6152,-1.658,-0.0428,0.5,7.1662,2.8675,0.0174
80.901,seguindo,6.1898,4.5702,-1.6134,-1.6583,-0.0449,0.5,7.158,2.8675,0.0183
80.95,seguindo,6.1889,4.5528,-1.6107,-1.6589,-0.0482,0.5,7.1457,2.8675,0.0196
81.0,seguindo,6.1883,4.5412,-1.6089,-1.6593,-0.0504,0.5,7.1375,2.8675,0.0205
81.05,seguindo,6.1874,4.5238,-1.6062,-1.66,-0.0538,0.5,7.1253,2.8675,0.0219
81.1,seguindo,6.1869,4.5122,-1.6043,-1.6605,-0.0561,0.5,7.1172,2.8675,0.0229
81.15,seguindo,6.1861,4.4948,-1.6016,-1.66,-0.0584,0.5,7.1051,2.4348,0.0243
81.2,seguindo,6.1856,4.4832,-1.5998,-1.6606,-0.0607,0.5,7.0971,2.4348,0.0254
81.25,seguindo,6.1849,4.4658,-1.5971,-1.6614,-0.0643,0.5,7.0851,2.4348,0.0269
81.302,seguindo,6.1843,4.4484,-1.5944,-1.6623,-0.0679,0.5,7.0731,2.4348,0.0285
81.351,seguindo,6.1838,4.4367,-1.5926,-1.6629,-0.0703,0.5,7.0651,2.4348,0.0296
81.4,seguindo,6.1835,4.4251,-1.5908,-1.6623,-0.0715,0.5,7.0572,3.9602,0.0308
81.45,seguindo,6.1829,4.4077,-1.5881,-1.6633,-0.0752,0.5,7.0454,3.9602,0.0325
81.502,seguindo,6.1824,4.3903,-1.5855,-1.6644,-0.0789,0.5,7.0336,3.9602,0.0342
81.552,seguindo,6.1821,4.3787,-1.5837,-1.6651,-0.0814,0.5,7.0258,3.9602,0.0354
81.602,seguindo,6.1817,4.3612,-1.581,-1.6663,-0.0853,0.5,7.0141,3.9602,0.0373
81.65,seguindo,6.1814,4.3496,-1.5793,-1.6602,-0.0809,0.5,6.9953,8.0972,0.0429
81.7,seguindo,6.1812,4.3379,-1.5776,-1.661,-0.0834,0.5,6.9875,8.0972,0.0441
81.75,seguindo,6.1809,4.3205,-1.575,-1.6622,-0.0872,0.5,6.9759,8.0972,0.0457
81.8,seguindo,6.1806,4.3031,-1.5723,-1.6635,-0.0912,0.5,6.9643,8.0972,0.047
81.85,seguindo,6.1805,4.2915,-1.5704,-1.6645,-0.094,0.5,6.9566,8.0972,0.0479
81.9,seguindo,6.1803,4.2741,-1.5676,-1.6638,-0.0962,0.5,6.9452,9.5668,0.0492
81.95,seguindo,6.1802,4.2624,-1.5658,-1.6648,-0.0989,0.5,6.9376,9.5668,0.0502
82.0,seguindo,6.1801,4.245,-1.5631,-1.6662,-0.1031,0.5,6.9262,9.5668,0.0513
82.05,seguindo,6.18,4.2334,-1.5614,-1.6673,-0.1059,0.5,6.9187,9.5668,0.0515
82.1,seguindo,6.18,4.2217,-1.5596,-1.6683,-0.1087,0.5,6.9111,9.5668,0.0516
82.151,seguindo,6.18,4.2043,-1.557,-1.6677,-0.1107,0.5,6.8999,7.4137,0.0519
82.2,seguindo,6.1801,4.1869,-1.5544,-1.6694,-0.1149,0.5,6.8888,7.4137,0.0523
82.25,seguindo,6.1801,4.1752,-1.5527,-1.6705,-0.1178,0.5,6.8813,7.4137,0.0525
82.3,seguindo,6.1802,4.1636,-1.551,-1.6717,-0.1207,0.5,6.874,7.4137,0.0527
82.35,seguindo,6.1803,4.1461,-1.5483,-1.6736,-0.1253,0.5,6.8629,7.4137,0.053
82.4,seguindo,6.1805,4.1345,-1.5465,-1.6749,-0.1283,0.5,6.8556,7.4137,0.0532
83.7,seguindo,6.1834,4.0423,-1.5402,-1.6947,-0.1544,0.5,6.8242,4.0231,-0.0057
83.751,seguindo,6.1833,4.0461,-1.5406,-1.6941,-0.1536,0.5,6.8265,4.0231,-0.0095
83.8,seguindo,6.1833,4.0478,-1.5407,-1.6939,-0.1532,0.5,6.8275,4.0231,-0.0112
83.85,seguindo,6.1832,4.0487,-1.5408,-1.6938,-0.1529,0.5,6.8281,4.0231,-0.0121
83.9,seguindo,6.1832,4.0487,-1.5408,-1.6938,-0.1529,0.5,6.8281,4.0231,-0.0121
83.95,seguindo,6.1832,4.0487,-1.5408,-1.6938,-0.1529,0.5,6.8281,4.0231,-0.0121
84.0,seguindo,6.1832,4.0487,-1.5408,-1.6938,-0.1529,0.5,6.8281,4.0231,-0.0121
84.05,seguindo,6.1832,4.0487,-1.5408,-1.6938,-0.1529,0.5,6.8281,4.0231,-0.0121
84.1,seguindo,6.1832,4.0487,-1.5408,-1.6938,-0.1529,0.5,6.8281,4.0231,-0.0121
84.15,seguindo,6.1836,4.046,-1.5446,-1.6961,-0.1514,0.5,6.8267,3.9311,0.0006
84.2,seguindo,6.1841,4.0428,-1.5498,-1.6969,-0.1471,0.5,6.8251,3.9311,0.0014
84.25,seguindo,6.1851,4.0352,-1.56,-1.6988,-0.1388,0.5,6.8212,3.9311,0.003
84.3,seguindo,6.1858,4.0288,-1.5683,-1.7003,-0.132,0.5,6.8177,3.9311,0.0042
84.352,seguindo,6.1869,4.0164,-1.5824,-1.7029,-0.1205,0.5,6.811,3.9311,0.0063
84.4,seguindo,6.1876,4.0069,-1.5925,-1.7065,-0.114,0.5,6.8056,3.8583,0.0077
84.451,seguindo,6.1884,3.9898,-1.6084,-1.7094,-0.1009,0.5,6.7956,3.8583,0.0099
84.5,seguindo,6.1887,3.977,-1.6192,-1.7114,-0.0922,0.5,6.788,3.8583,0.0113
84.55,seguindo,6.1888,3.9574,-1.6345,-1.7142,-0.0797,0.5,6.7761,3.8583,0.0138
84.6,seguindo,6.1887,3.9441,-1.644,-1.7159,-0.0719,0.5,6.7679,3.8583,0.0158
84.652,seguindo,6.1881,3.9246,-1.6553,-1.7193,-0.0639,0.5,6.7555,4.2279,0.0183
84.7,seguindo,6.1875,3.9117,-1.6616,-1.7006,-0.039,0.5,6.7471,3.1918,0.0005
84.75,seguindo,6.1862,3.8929,-1.6681,-1.7018,-0.0337,0.5,6.7347,3.1918,0.0009
84.8,seguindo,6.1852,3.8806,-1.6711,-1.7115,-0.0404,0.5,6.7265,2.8592,0.0009
84.85,seguindo,6.1835,3.8626,-1.6723,-1.7123,-0.0399,0.5,6.7142,2.8592,0.0008
84.9,seguindo,6.1823,3.8508,-1.672,-1.7127,-0.0407,0.5,6.7061,2.8592,0.0006
84.95,seguindo,6.1803,3.8335,-1.6694,-1.7049,-0.0355,0.5,6.7213,2.8592,0.0002
85.0,seguindo,6.179,3.822,-1.667,-1.7051,-0.0381,0.5,6.7133,2.8592,-0.0002
85.05,seguindo,6.177,3.8049,-1.6627,-1.7054,-0.0428,0.5,6.7013,2.8592,-0.0008
85.1,seguindo,6.1758,3.7936,-1.6596,-1.7057,-0.0461,0.5,6.6934,2.8592,-0.0012
85.15,seguindo,6.1739,3.7766,-1.655,-1.7061,-0.0511,0.5,6.6816,2.8592,-0.0017
85.2,seguindo,6.1727,3.7652,-1.652,-1.7065,-0.0545,0.5,6.6738,2.8592,-0.0019
85.25,seguindo,6.171,3.748,-1.648,-1.7159,-0.0678,0.5,6.6621,3.0354,-0.0023
85.3,seguindo,6.17,3.7366,-1.6457,-1.7165,-0.0708,0.5,6.6543,3.0354,-0.0024
85.35,seguindo,6.1684,3.7193,-1.6425,-1.7052,-0.0627,0.5,6.6427,1.6553,-0.0231
85.4,seguindo,6.1675,3.7077,-1.6405,-1.7057,-0.0652,0.5,6.635,1.6553,-0.0115
85.45,seguindo,6.166,3.6904,-1.6377,-1.7066,-0.0689,0.5,6.6235,1.6553,-0.0008
85.5,seguindo,6.1651,3.6788,-1.6359,-1.7073,-0.0713,0.5,6.6158,1.6553,-0.0008
85.551,seguindo,6.1638,3.6614,-1.6334,-1.7083,-0.0749,0.5,6.6044,1.6553,-0.0008
85.6,seguindo,6.163,3.6497,-1.6318,-1.7175,-0.0857,0.5,6.5968,2.7504,-0.0008
85.651,seguindo,6.1617,3.6323,-1.6294,-1.7187,-0.0893,0.5,6.5855,2.7504,-0.0007
85.7,seguindo,6.1605,3.6148,-1.6271,-1.7201,-0.0929,0.5,6.5742,2.7504,-0.0005
85.751,seguindo,6.1597,3.6032,-1.6254,-1.721,-0.0955,0.5,6.5667,2.7504,-0.0004
85.8,seguindo,6.159,3.5916,-1.6237,-1.722,-0.0982,0.5,6.5592,2.7504,-0.0003
85.85,seguindo,6.1579,3.5742,-1.621,-1.7307,-0.1097,0.5,6.5481,1.6539,-0.0001
85.9,seguindo,6.1571,3.5626,-1.6192,-1.7318,-0.1126,0.5,6.5407,1.6539,0.0
85.95,seguindo,6.1561,3.5452,-1.6164,-1.7418,-0.1255,0.5,6.5448,1.6539,0.0008
86.0,seguindo,6.1554,3.5337,-1.6145,-1.7431,-0.1286,0.5,6.5375,1.6539,0.0011
86.051,seguindo,6.1545,3.5162,-1.6118,-1.745,-0.1332,0.5,6.5267,1.6539,0.0017
86.1,seguindo,6.1538,3.5046,-1.6101,-1.7464,-0.1363,0.5,6.5195,1.6539,0.002
86.15,seguindo,6.153,3.4872,-1.6073,-1.7113,-0.104,0.5,6.5088,4.8001,0.0112
86.2,seguindo,6.1524,3.4756,-1.6054,-1.7124,-0.1069,0.5,6.5017,4.8001,0.0018
86.251,seguindo,6.1516,3.4582,-1.6027,-1.714,-0.1113,0.5,6.4911,4.8001,0.0036
86.3,seguindo,6.1508,3.4408,-1.5999,-1.7157,-0.1158,0.5,6.4806,4.8001,0.0054
86.35,seguindo,6.1504,3.4292,-1.5981,-1.7135,-0.1153,0.5,6.4736,4.4615,0.0067
86.4,seguindo,6.1499,3.4176,-1.5964,-1.7146,-0.1182,0.5,6.4667,4.4615,0.008
86.45,seguindo,6.1493,3.4002,-1.5937,-1.7164,-0.1227,0.5,6.4563,4.4615,0.0099
86.5,seguindo,6.1489,3.3886,-1.5919,-1.7176,-0.1258,0.5,6.4495,4.4615,0.0114
86.55,seguindo,6.1483,3.3711,-1.5891,-1.7196,-0.1305,0.5,6.4392,4.4615,0.0138
86.602,seguindo,6.1478,3.3537,-1.5863,-1.7191,-0.1327,0.5,6.429,3.9922,0.0162
86.65,seguindo,6.1475,3.3421,-1.5845,-1.7204,-0.1359,0.5,6.4223,3.9922,0.0179
86.7,seguindo,6.1472,3.3305,-1.5827,-1.7217,-0.1391,0.5,6.4156,3.9922,0.0195
86.75,seguindo,6.1468,3.3131,-1.58,-1.7239,-0.1439,0.5,6.4056,3.9922,0.0221
86.8,seguindo,6.1464,3.2957,-1.5773,-1.7261,-0.1489,0.5,6.3956,3.9922,0.0247
86.851,seguindo,6.1462,3.284,-1.5755,-1.7277,-0.1522,0.5,6.389,3.9922,0.0265
86.9,seguindo,6.1459,3.2666,-1.5728,-1.7292,-0.1564,0.5,6.3792,4.8001,0.0291
86.95,seguindo,6.1457,3.255,-1.571,-1.7834,-0.2124,0.5,6.3731,1.6942,-0.0071
87.0,seguindo,6.1456,3.2434,-1.5691,-1.7856,-0.2165,0.5,6.3666,1.6942,-0.0059
87.054,seguindo,6.1454,3.2259,-1.5664,-1.7891,-0.2227,0.5,6.3569,1.6942,-0.0041
87.1,seguindo,6.1453,3.2143,-1.5646,-1.788,-0.2233,0.5,6.3504,2.0098,-0.0029
87.15,seguindo,6.1453,3.1969,-1.562,-1.7914,-0.2294,0.5,6.3409,2.0098,-0.0011
87.2,seguindo,6.1452,3.1794,-1.5594,-1.7951,-0.2356,0.5,6.3313,2.0098,0.0008
87.25,seguindo,6.1452,3.1678,-1.5576,-1.7976,-0.2399,0.5,6.3251,2.0098,0.0026
87.3,seguindo,6.1452,3.1562,-1.5558,-1.8001,-0.2443,0.5,6.3188,2.0098,0.0047
87.351,seguindo,6.1453,3.1388,-1.5531,-1.8041,-0.251,0.5,6.3095,2.0098,0.0079
87.402,seguindo,6.1454,3.1213,-1.5504,-1.8034,-0.2531,0.5,6.3002,3.0251,0.0111
87.451,seguindo,6.1455,3.1097,-1.5486,-1.8061,-0.2575,0.5,6.2941,3.0251,0.0133
87.5,seguindo,6.1456,3.0981,-1.5468,-1.8088,-0.262,0.5,6.288,3.0251,0.0155
87.551,seguindo,6.1459,3.0806,-1.5441,-1.813,-0.2689,0.5,6.2789,3.0251,0.0199
87.6,seguindo,6.146,3.069,-1.5423,-1.8159,-0.2736,0.5,6.2729,3.0251,0.023
87.65,seguindo,6.1463,3.0516,-1.5397,-1.8204,-0.2808,0.5,6.2639,3.0251,0.0279
87.71,seguindo,6.1467,3.0341,-1.5371,-1.8801,-0.343,0.5,6.255,2.8092,-0.0068
87.75,seguindo,6.1469,3.0225,-1.5353,-1.8838,-0.3486,0.5,6.2491,2.8092,-0.0056
87.8,seguindo,6.1472,3.0109,-1.5335,-1.8876,-0.3542,0.5,6.2433,2.8092,-0.0043
87.851,seguindo,6.1477,2.9935,-1.5307,-1.8969,-0.3662,0.5,6.2367,2.8092,-0.0069
87.9,seguindo,6.148,2.9819,-1.5289,-1.9186,-0.3897,0.5,6.231,2.3897,-0.0055
87.95,seguindo,6.1485,2.9645,-1.5261,-1.9248,-0.3986,0.5,6.2226,2.3897,-0.0033
88.0,seguindo,6.1489,2.9529,-1.5243,-1.929,-0.4047,0.5,6.217,2.3897,-0.0018
88.05,seguindo,6.1495,2.9354,-1.5215,-1.9355,-0.414,0.5,6.2087,2.3897,0.0018
88.1,seguindo,6.1499,2.9238,-1.5197,-1.94,-0.4204,0.5,6.2032,2.3897,0.005
88.151,seguindo,6.151,2.906,-1.5217,-1.9475,-0.4258,0.5,6.1952,2.3897,0.0103
88.2,seguindo,6.1519,2.894,-1.525,-1.9713,-0.4463,0.5,6.1898,1.9734,0.014
88.25,seguindo,6.1534,2.876,-1.5348,-1.9794,-0.4446,0.5,6.1822,1.9734,0.0198
88.3,seguindo,6.1545,2.864,-1.5432,-1.985,-0.4418,0.5,6.1771,1.9734,0.0237
88.351,seguindo,6.1563,2.8462,-1.5607,-1.9298,-0.3692,0.5,6.1698,1.38,0.0003
88.4,seguindo,6.1574,2.8343,-1.5741,-1.935,-0.3608,0.5,6.1649,1.38,0.0025
88.45,seguindo,6.1592,2.8166,-1.5993,-1.943,-0.3436,0.5,6.1578,1.38,0.006
88.5,seguindo,6.1603,2.8048,-1.618,-1.9788,-0.3608,0.5,6.1529,1.3766,0.0082
88.554,seguindo,6.1617,2.787,-1.6484,-1.9867,-0.3383,0.5,6.1454,1.3766,0.0113
88.6,seguindo,6.1623,2.7751,-1.6696,-1.992,-0.3224,0.5,6.1402,1.3766,0.0131
88.65,seguindo,6.1629,2.7573,-1.7016,-1.9996,-0.298,0.5,6.1321,1.3766,0.0166
88.7,seguindo,6.163,2.7454,-1.7231,-2.0046,-0.2814,0.5,6.1265,1.3766,0.0189
88.751,seguindo,6.1627,2.7277,-1.7554,-1.9912,-0.2358,0.5,6.1234,1.3766,0.0162
88.8,seguindo,6.1617,2.7099,-1.7876,-2.0299,-0.2422,0.5,6.1139,0.9163,0.0183
88.851,seguindo,6.1607,2.6981,-1.8088,-2.034,-0.2253,0.5,6.1072,0.9163,0.0194
88.905,seguindo,6.1587,2.6801,-1.839,-2.0554,-0.2164,0.5,6.0967,1.9344,-0.0066
88.95,seguindo,6.1569,2.6681,-1.8584,-2.0593,-0.201,0.5,6.0893,1.9344,-0.0035
89.0,seguindo,6.1549,2.6561,-1.8778,-2.0631,-0.1853,0.5,6.0817,1.9344,-0.0014
89.05,seguindo,6.1513,2.6381,-1.9064,-2.0686,-0.1621,0.5,6.07,1.9344,0.0014
89.1,seguindo,6.1472,2.6201,-1.9339,-2.0942,-0.1604,0.5,6.0576,1.4395,0.0036
89.15,seguindo,6.144,2.6081,-1.9516,-2.0974,-0.1458,0.5,6.0491,1.4395,0.0047
89.2,seguindo,6.1406,2.5961,-1.9685,-2.1004,-0.1319,0.5,6.0404,1.4395,0.0057
89.25,seguindo,6.135,2.5782,-1.9937,-2.1219,-0.1281,0.5,6.0498,1.4395,0.0131
89.301,seguindo,6.129,2.5603,-2.019,-2.126,-0.107,0.5,6.0362,1.4395,0.0151
89.35,seguindo,6.1258,2.5512,-2.033,-2.1281,-0.0951,0.5,6.0292,1.4395,0.0162
89.4,seguindo,6.1228,2.5424,-2.0488,-2.1302,-0.0814,0.5,6.0224,1.4395,0.0173
89.451,seguindo,6.1189,2.5321,-2.0656,-2.154,-0.0884,0.5,6.0142,1.2405,0.0183
89.501,seguindo,6.1156,2.5238,-2.0782,-2.1558,-0.0777,0.5,6.0075,2.0578,-0.0333
89.563,seguindo,6.1156,2.5238,-2.0782,-2.1558,-0.0777,0.5,6.0075,2.0578,-0.0333
89.6,seguindo,6.113,2.5186,-2.082,-2.1565,-0.0745,0.5,6.0028,2.0578,-0.0276
89.65,seguindo,6.1099,2.5122,-2.0887,-2.1575,-0.0688,0.5,5.9971,2.0578,-0.0207
89.7,seguindo,6.1074,2.5066,-2.0954,-2.1584,-0.063,0.5,5.9923,2.0578,-0.015
89.75,seguindo,6.1047,2.5012,-2.1008,-2.1592,-0.0584,0.5,5.9875,2.0578,-0.0097
89.8,seguindo,6.1034,2.4987,-2.1024,-2.1594,-0.057,0.5,5.9852,2.0578,-0.0078
89.851,seguindo,6.1028,2.4974,-2.1033,-2.1596,-0.0563,0.5,5.984,2.0578,-0.007
89.9,seguindo,6.1028,2.4975,-2.1033,-2.1596,-0.0563,0.5,5.9841,2.0578,-0.007
89.95,seguindo,6.101,2.4952,-2.0993,-2.1594,-0.0601,0.5,5.9815,2.0578,-0.0067
90.0,seguindo,6.0991,2.4927,-2.0941,-2.1592,-0.065,0.5,5.9786,2.0578,-0.0071
90.051,seguindo,6.0947,2.4864,-2.0868,-2.159,-0.0722,0.5,5.9718,2.0578,-0.0077
90.1,seguindo,6.0912,2.481,-2.0823,-2.1591,-0.0768,0.5,5.9663,2.0578,-0.0079
90.15,seguindo,6.0849,2.4703,-2.0798,-2.1598,-0.08,0.5,5.9558,2.0578,-0.0079
90.2,seguindo,6.0802,2.4619,-2.0801,-2.1606,-0.0805,0.5,5.9479,2.0578,-0.0076
90.25,seguindo,6.0721,2.4467,-2.0853,-2.2027,-0.1174,0.5,5.9338,0.9121,-0.0069
90.3,seguindo,6.0632,2.4297,-2.0938,-2.2055,-0.1118,0.5,5.9181,0.9121,-0.0058
90.35,seguindo,6.0571,2.4178,-2.1025,-1.8423,0.2602,0.5,5.9074,inf,-0.0003
90.401,seguindo,6.0478,2.4002,-2.1155,-1.8307,0.2848,0.5,5.8912,inf,-0.0011
90.45,seguindo,6.0416,2.389,-2.1217,-1.8476,0.2741,0.5,5.8806,inf,-0.0018
90.501,seguindo,6.032,2.3722,-2.1307,-1.8365,0.2942,0.5,5.8646,inf,-0.0031
90.55,seguindo,6.0257,2.3616,-2.1336,-1.828,0.3055,0.5,5.8542,inf,-0.0043
90.6,seguindo,6.0193,2.3511,-2.1362,-1.819,0.3172,0.5,5.8439,inf,-0.0071
90.65,seguindo,6.0097,2.3358,-2.1374,-1.8041,0.3334,0.5,5.8285,inf,-0.0122
90.701,seguindo,6.0001,2.3208,-2.1372,-1.8345,0.3027,0.5,5.8133,inf,-0.0173
90.75,seguindo,5.9937,2.3112,-2.1349,-1.8259,0.309,0.5,5.8034,inf,-0.0208
90.8,seguindo,5.9843,2.2967,-2.1314,-1.8123,0.3191,0.5,5.7885,inf,-0.0259
90.85,seguindo,5.9789,2.2893,-2.1233,-1.7806,0.3427,0.5,5.7904,inf,-0.0358
90.9,seguindo,5.9711,2.2785,-2.1105,-1.7673,0.3431,0.5,5.7786,inf,-0.0404
90.95,seguindo,5.9656,2.2712,-2.0977,-1.7574,0.3403,0.5,5.7705,inf,-0.0438
91.0,seguindo,5.9603,2.2639,-2.0849,-1.7473,0.3376,0.5,5.7625,inf,-0.0474
91.05,seguindo,5.952,2.2531,-2.0606,-2.0893,-0.0288,0.5,5.7503,inf,-0.0157
91.1,seguindo,5.9466,2.2458,-2.0425,-2.0865,-0.044,0.5,5.7422,inf,-0.0152
91.151,seguindo,5.9386,2.2347,-2.0152,-2.0826,-0.0675,0.5,5.7301,inf,-0.0162
91.203,seguindo,5.9309,2.2233,-1.9879,-2.0795,-0.0917,0.5,5.7181,inf,-0.0168
91.251,seguindo,5.9259,2.2156,-1.9698,-2.078,-0.1082,0.5,5.7103,inf,-0.017
91.3,seguindo,5.9211,2.2078,-1.9518,-2.0961,-0.1443,0.5,5.7025,inf,-0.0169
91.35,seguindo,5.9142,2.1959,-1.9249,-2.0961,-0.1712,0.5,5.6911,inf,-0.0166
91.4,seguindo,5.9097,2.1878,-1.907,-2.0965,-0.1895,0.5,5.6835,inf,-0.0162
91.45,seguindo,5.9033,2.1756,-1.8802,-2.0743,-0.194,0.5,5.6724,inf,-0.0217
91.5,seguindo,5.8992,2.1673,-1.8624,-2.0753,-0.2129,0.5,5.6651,inf,-0.0209
91.551,seguindo,5.8928,2.1525,-1.8384,-2.0793,-0.2409,0.5,5.6527,inf,-0.0187
91.6,seguindo,5.8885,2.1415,-1.8239,-2.0838,-0.2599,0.5,5.644,inf,-0.0166
91.65,seguindo,5.8827,2.1246,-1.8069,-2.1239,-0.317,0.5,5.6315,inf,-0.0128
91.708,seguindo,5.8776,2.1075,-1.7943,-1.8156,-0.0212,0.5,5.6194,inf,-0.0155
91.75,seguindo,5.8754,2.0989,-1.7909,-1.8154,-0.0245,0.5,5.6136,inf,-0.0119
91.8,seguindo,5.8733,2.0905,-1.7885,-1.8154,-0.027,0.5,5.6081,inf,-0.0117
91.85,seguindo,5.871,2.0807,-1.787,-1.8159,-0.0289,0.5,5.6018,inf,-0.0114
91.9,seguindo,5.8698,2.0754,-1.7871,-1.8163,-0.0292,0.5,5.5984,inf,-0.0112
91.95,seguindo,5.8687,2.0702,-1.7871,-1.8168,-0.0297,0.5,5.5952,inf,-0.0109
92.0,seguindo,5.8682,2.068,-1.7872,-1.8169,-0.0298,0.5,5.5938,inf,-0.0109
92.051,seguindo,5.8665,2.0619,-1.7833,-1.8165,-0.0332,0.5,5.5896,inf,-0.011
92.1,seguindo,5.8649,2.0565,-1.7778,-1.8655,-0.0877,0.5,5.5858,inf,-0.0111
92.15,seguindo,5.8617,2.0459,-1.7659,-1.8656,-0.0997,0.5,5.5784,inf,-0.0115
92.2,seguindo,5.8592,2.0374,-1.7553,-1.8657,-0.1104,0.5,5.5725,inf,-0.0118
92.25,seguindo,5.8554,2.022,-1.7434,-1.8677,-0.1243,0.5,5.5625,inf,-0.0116
92.3,seguindo,5.8529,2.0103,-1.738,-1.8705,-0.1325,0.5,5.5553,inf,-0.011
92.35,seguindo,5.8496,1.9921,-1.7349,-1.8765,-0.1416,0.5,5.5446,inf,-0.0096
92.4,seguindo,5.8475,1.9796,-1.7346,-1.9506,-0.216,0.5,5.5375,inf,-0.0085
92.45,seguindo,5.8448,1.9607,-1.7394,-2.0754,-0.336,0.5,5.5271,inf,0.0008
92.5,seguindo,5.843,1.948,-1.7446,-2.0881,-0.3435,0.5,5.5201,inf,0.0023
92.55,seguindo,5.8402,1.9293,-1.7508,-2.1688,-0.4179,0.5,5.5098,inf,0.0043
92.601,seguindo,5.8372,1.9109,-1.7561,-2.1883,-0.4322,0.5,5.4996,inf,0.0061
92.65,seguindo,5.835,1.8991,-1.7566,-2.2205,-0.4639,0.5,5.4945,inf,0.0148
92.7,seguindo,5.8329,1.8873,-1.7569,-2.2346,-0.4776,0.5,5.4877,inf,0.0176
92.75,seguindo,5.8295,1.87,-1.7555,-2.2564,-0.5009,0.5,5.4776,inf,0.0217
92.8,seguindo,5.8272,1.8586,-1.7539,-2.3166,-0.5627,0.5,5.4709,inf,0.0244
92.85,seguindo,5.8238,1.8416,-1.7505,-2.3383,-0.5878,0.5,5.461,inf,0.0283
92.9,seguindo,5.8216,1.8303,-1.7478,-2.3535,-0.6057,0.5,5.4544,inf,0.0309
92.95,seguindo,5.8185,1.8127,-1.7487,-2.3795,-0.6309,0.5,5.4445,inf,0.0362
93.001,seguindo,5.8155,1.7946,-1.7524,-2.4086,-0.6562,0.5,5.4347,inf,0.0428
93.05,seguindo,5.8139,1.7829,-1.7599,-2.2093,-0.4494,0.5,5.4286,inf,0.0081
93.1,seguindo,5.8123,1.7713,-1.7675,-2.2248,-0.4572,0.5,5.4225,inf,0.0094
93.15,seguindo,5.8101,1.7539,-1.784,-2.3315,-0.5475,0.5,5.4137,inf,0.0117
93.2,seguindo,5.8086,1.7425,-1.7969,-2.3481,-0.5512,0.5,5.4079,inf,0.0131
93.25,seguindo,5.8065,1.7255,-1.821,-2.3741,-0.5531,0.5,5.3995,inf,0.0154
93.3,seguindo,5.8051,1.7143,-1.8389,-2.3921,-0.5532,0.5,5.3939,inf,0.0176
93.35,seguindo,5.8029,1.6976,-1.8708,-2.4206,-0.5497,0.5,5.3855,inf,0.0226
93.401,seguindo,5.8004,1.681,-1.9055,-2.4502,-0.5448,0.5,5.3769,inf,0.0272
93.45,seguindo,5.7986,1.6699,-1.9312,-2.5428,-0.6116,0.5,5.3711,inf,0.0302
93.501,seguindo,5.7954,1.6533,-1.9698,-2.5711,-0.6013,0.5,5.3619,inf,0.0341
93.55,seguindo,5.7929,1.6423,-1.9951,-2.448,-0.453,0.5,5.3804,inf,0.0289
93.6,seguindo,5.7899,1.6312,-2.0193,-2.4024,-0.3831,0.5,5.3735,inf,-0.0275
93.651,seguindo,5.7858,1.6171,-2.0513,-2.4216,-0.3703,0.5,5.3643,inf,-0.0129
93.701,seguindo,5.7822,1.6046,-2.0858,-2.4395,-0.3537,0.5,5.3564,inf,0.0027
93.75,seguindo,5.7805,1.5992,-2.1008,-2.4475,-0.3467,0.5,5.3528,inf,0.0039
93.8,seguindo,5.779,1.5942,-2.1159,-2.455,-0.3391,0.5,5.3495,inf,0.005
93.85,seguindo,5.7746,1.5845,-2.1337,-2.4677,-0.334,0.5,5.3418,inf,0.006
93.9,seguindo,5.7707,1.5771,-2.142,-2.4769,-0.3349,0.5,5.3354,inf,0.0062
93.95,seguindo,5.7633,1.5634,-2.1587,-2.5793,-0.4206,0.5,5.3235,inf,0.0065
94.0,seguindo,5.7577,1.5532,-2.1722,-2.5931,-0.4209,0.5,5.3145,inf,0.0066
94.05,seguindo,5.7492,1.5375,-2.1969,-2.5295,-0.3325,0.5,5.3011,inf,-0.0178
94.1,seguindo,5.7433,1.5271,-2.2151,-2.5427,-0.3276,0.5,5.2917,inf,-0.0178
94.15,seguindo,5.7346,1.5115,-2.2475,-2.5637,-0.3162,0.5,5.2778,inf,-0.017
94.2,seguindo,5.7286,1.5013,-2.2708,-2.5782,-0.3074,0.5,5.2684,inf,-0.0152
94.25,seguindo,5.7194,1.4863,-2.307,-2.6005,-0.2935,0.5,5.2542,inf,-0.0129
94.3,seguindo,5.7097,1.4717,-2.3432,-2.6213,-0.2782,0.5,5.2398,inf,-0.0621
94.35,seguindo,5.7029,1.4622,-2.3661,-2.6336,-0.2676,0.5,5.23,inf,-0.0543
94.401,seguindo,5.692,1.4482,-2.3983,-2.6519,-0.2536,0.5,5.2147,inf,-0.0465
94.45,seguindo,5.6845,1.439,-2.42,-2.6275,-0.2075,0.5,5.2043,inf,-0.0532
94.5,seguindo,5.6768,1.4301,-2.4417,-2.6388,-0.1971,0.5,5.1938,inf,-0.0517
94.55,seguindo,5.6647,1.4169,-2.4732,-2.6556,-0.1825,0.5,5.1776,inf,-0.0499
94.6,seguindo,5.6561,1.4083,-2.4922,-2.7816,-0.2894,0.5,5.1664,inf,-0.0492
94.651,seguindo,5.6425,1.3956,-2.5192,-2.8004,-0.2812,0.5,5.1491,inf,-0.0487
94.7,seguindo,5.6333,1.3873,-2.5369,-2.8132,-0.2763,0.5,5.1374,inf,-0.0485
94.75,seguindo,5.6191,1.3752,-2.5631,-2.8328,-0.2697,0.5,5.1197,inf,-0.0456
94.8,seguindo,5.6095,1.3673,-2.5804,-2.8463,-0.2659,0.5,5.1078,inf,-0.044
94.852,seguindo,5.5946,1.3558,-2.6057,-2.9555,-0.3498,0.5,5.0898,inf,-0.0421
94.9,seguindo,5.5845,1.3483,-2.6221,-2.9697,-0.3476,0.5,5.0776,inf,-0.0411
94.95,seguindo,5.5688,1.3374,-2.6453,-3.0266,-0.3813,0.5,5.0683,inf,-0.023
95.0,seguindo,5.5523,1.3269,-2.6656,-3.0504,-0.3848,0.5,5.0492,inf,-0.0193
95.05,seguindo,5.5418,1.32,-2.6826,-3.0671,-0.3845,0.5,5.0369,inf,-0.0168
95.1,seguindo,5.5313,1.3134,-2.6996,-3.1291,-0.4295,0.5,5.0246,inf,-0.0146
95.15,seguindo,5.5151,1.3037,-2.7246,-3.1377,-0.4131,0.5,5.0061,inf,0.008
95.2,seguindo,5.5041,1.2975,-2.741,3.1286,-0.4135,0.5,4.9936,inf,0.0097
95.25,seguindo,5.4874,1.2886,-2.7652,3.0604,-0.4575,0.5,4.9748,inf,0.0119
95.3,seguindo,5.4761,1.2828,-2.7811,3.0445,-0.4576,0.5,4.9622,inf,0.0131
95.35,seguindo,5.4595,1.2745,-2.8076,3.0199,-0.4558,0.5,4.9436,inf,0.0147
95.4,seguindo,5.4484,1.2691,-2.826,3.0029,-0.4542,0.5,4.9314,inf,0.0172
95.451,seguindo,5.4318,1.2615,-2.855,2.9512,-0.477,0.5,4.9028,inf,0.028
95.5,seguindo,5.4207,1.2567,-2.8748,2.9311,-0.4773,0.5,4.8907,inf,0.0305
95.55,seguindo,5.4041,1.2498,-2.9056,2.9071,-0.4704,0.5,4.8727,inf,0.0339
95.6,seguindo,5.393,1.2455,-2.9266,2.8908,-0.4657,0.5,4.8608,inf,0.0359
95.65,seguindo,5.376,1.2395,-2.9574,2.8657,-0.46,0.5,4.8428,inf,0.0402
95.7,seguindo,5.3645,1.2358,-2.9772,2.8487,-0.4573,0.5,4.8308,inf,0.0436
95.75,seguindo,5.347,1.2308,-3.0065,2.8223,-0.4544,0.5,4.8126,inf,0.0481
95.8,seguindo,5.3352,1.2277,-3.0258,2.8407,-0.4167,0.5,4.8005,inf,0.0508
95.85,seguindo,5.3174,1.2236,-3.054,2.819,-0.4102,0.5,4.7824,inf,0.0545
95.9,seguindo,5.3053,1.2211,-3.0721,2.8042,-0.4068,0.5,4.7702,inf,0.0565
95.95,seguindo,5.2869,1.2179,-3.0985,2.7955,-0.3892,0.5,4.7603,inf,0.0641
96.0,seguindo,5.2743,1.2162,-3.1144,2.7808,-0.3881,0.5,4.748,inf,0.0673
96.05,seguindo,5.2552,1.214,-3.1366,2.7406,-0.406,0.5,4.7295,inf,0.0141
96.1,seguindo,5.2422,1.213,3.1335,2.7245,-0.4089,0.5,4.7171,inf,0.0157
96.15,seguindo,5.2233,1.212,3.118,2.7095,-0.4085,0.5,4.6992,inf,0.0175
96.2,seguindo,5.2109,1.2117,3.11,2.6968,-0.4132,0.5,4.6877,inf,0.0184
96.25,seguindo,5.1948,1.2117,3.102,2.6799,-0.4221,0.5,4.6728,inf,0.0191
96.3,seguindo,5.185,1.2118,3.0992,2.6695,-0.4297,0.5,4.6638,inf,0.0194
96.35,seguindo,5.1733,1.2121,3.0964,2.6567,-0.4397,0.5,4.6531,inf,0.0212
96.4,seguindo,5.1668,1.2123,3.0952,2.6494,-0.4458,0.5,4.6471,inf,0.0224
96.45,seguindo,5.16,1.2125,3.0935,2.6413,-0.4522,0.5,4.6408,inf,0.0238
96.5,seguindo,5.1566,1.2126,3.0924,2.6373,-0.4551,0.5,4.6378,inf,0.0244
96.55,seguindo,5.1546,1.2125,3.0907,2.6346,-0.4561,0.5,4.6359,inf,0.0249
96.6,seguindo,5.1545,1.2124,3.0896,2.6343,-0.4553,0.5,4.6358,inf,0.025
96.65,seguindo,5.1572,1.2122,3.0879,2.6371,-0.4508,0.5,4.6382,inf,0.0247
96.7,seguindo,5.1603,1.2119,3.0868,2.6404,-0.4464,0.5,4.641,inf,0.0243
96.75,seguindo,5.1679,1.2113,3.085,2.6484,-0.4366,0.5,4.6477,inf,0.0232
96.8,seguindo,5.1742,1.2109,3.084,2.6549,-0.429,0.5,4.6534,inf,0.0222
96.85,seguindo,5.1864,1.21,3.0825,2.6672,-0.4153,0.5,4.6644,inf,0.0211
96.9,seguindo,5.1959,1.2094,3.0816,2.6762,-0.4054,0.5,4.6729,inf,0.0214
96.95,seguindo,5.2079,1.2086,3.0805,2.6871,-0.3935,0.5,4.6836,inf,0.0216
97.0,seguindo,5.215,1.2081,3.0799,2.6933,-0.3866,0.5,4.6901,inf,0.0218
97.052,seguindo,5.2237,1.2075,3.0791,2.7006,-0.3785,0.5,4.6979,inf,0.022
97.1,seguindo,5.231,1.207,3.0784,2.6975,-0.3809,0.5,4.7045,inf,0.0222
97.153,seguindo,5.2338,1.2068,3.0782,2.7003,-0.3779,0.5,4.707,inf,0.0222
97.2,seguindo,5.2364,1.2066,3.0779,2.7028,-0.3751,0.5,4.7093,inf,0.0223
97.25,seguindo,5.2383,1.2065,3.0778,2.7046,-0.3731,0.5,4.7111,inf,0.0224
97.3,seguindo,5.239,1.2065,3.0777,2.7053,-0.3725,0.5,4.7116,inf,0.0224
97.35,seguindo,5.239,1.2065,3.0777,2.7053,-0.3725,0.5,4.7116,inf,0.0224
97.4,seguindo,5.239,1.2065,3.0777,2.7053,-0.3725,0.5,4.7116,inf,0.0224
97.45,seguindo,5.239,1.2065,3.0777,2.7053,-0.3725,0.5,4.7116,inf,0.0224
97.5,seguindo,5.239,1.2065,3.0777,2.7053,-0.3725,0.5,4.7116,inf,0.0224
97.55,seguindo,5.239,1.2065,3.0777,2.7053,-0.3725,0.5,4.7116,inf,0.0224
97.601,seguindo,5.239,1.2065,3.0777,2.7053,-0.3725,0.5,4.7116,inf,0.0224
97.65,seguindo,5.239,1.2065,3.0777,2.7053,-0.3725,0.5,4.7116,inf,0.0224
97.7,seguindo,5.239,1.2065,3.0777,2.7053,-0.3725,0.5,4.7116,inf,0.0224
97.75,seguindo,5.239,1.2065,3.0777,2.7053,-0.3725,0.5,4.7116,inf,0.0224
97.8,seguindo,5.239,1.2065,3.0777,2.7053,-0.3725,0.5,4.7116,inf,0.0224
97.851,seguindo,5.239,1.2065,3.0777,2.7053,-0.3725,0.5,4.7116,inf,0.0224
97.9,seguindo,5.239,1.2065,3.0777,2.7053,-0.3725,0.5,4.7116,inf,0.0224
97.95,seguindo,5.239,1.2065,3.0777,2.7053,-0.3725,0.5,4.7116,inf,0.0224
98.0,seguindo,5.239,1.2065,3.0777,2.7053,-0.3725,0.5,4.7116,inf,0.0224
102.15,re,5.239,1.2065,3.0777,3.0777,0.0,-0.203,4.7116,inf,0.0
102.2,re,5.239,1.2065,3.0777,3.0777,0.0,-0.203,4.7116,inf,0.0
102.25,re,5.239,1.2065,3.0777,3.0777,0.0,-0.203,4.7116,inf,0.0
102.3,re,5.239,1.2065,3.0777,3.0777,0.0,-0.203,4.7116,inf,0.0
102.35,re,5.239,1.2065,3.0777,3.0777,0.0,-0.203,4.7116,inf,0.0
102.4,re,5.239,1.2065,3.0777,3.0777,0.0,-0.203,4.7116,inf,0.0
102.45,re,5.239,1.2065,3.0777,3.0777,0.0,-0.203,4.7116,inf,0.0
102.5,re,5.239,1.2065,3.0777,3.0777,0.0,-0.203,4.7116,inf,0.0
102.55,re,5.242,1.2062,3.0766,3.0766,0.0,-0.203,4.7143,inf,0.0
102.6,re,5.2453,1.2059,3.0755,3.0755,0.0,-0.203,4.7173,inf,0.0
102.65,re,5.2531,1.2052,3.0738,3.0738,0.0,-0.203,4.7243,inf,0.0
102.7,re,5.2628,1.2044,3.0722,3.0722,0.0,-0.203,4.733,inf,0.0
102.75,re,5.2722,1.2036,3.071,3.071,0.0,-0.203,4.7414,inf,0.0
102.8,re,5.2819,1.2029,3.0699,3.0699,0.0,-0.203,4.7501,inf,0.0
102.851,re,5.2983,1.2015,3.0682,3.0682,0.0,-0.203,4.7648,inf,0.0
102.9,re,5.31,1.2006,3.0671,3.0671,0.0,-0.203,4.7754,inf,0.0
102.95,re,5.3276,1.1991,3.0657,3.0657,0.0,-0.203,4.7911,inf,0.0
103.0,re,5.3392,1.1982,3.0648,3.0648,0.0,-0.203,4.8016,inf,0.0
103.05,re,5.3566,1.1968,3.0641,3.0641,0.0,-0.203,4.8173,inf,0.0
103.1,re,5.3682,1.1959,3.0638,3.0638,0.0,-0.203,4.8277,inf,0.0
103.15,re,5.3855,1.1946,3.0643,3.0643,0.0,-0.203,4.8433,inf,0.0
103.2,re,5.4026,1.1933,3.0653,3.0653,0.0,-0.203,4.8588,inf,0.0
103.251,re,5.4139,1.1926,3.0667,3.0667,0.0,-0.203,4.8691,inf,0.0
103.3,re,5.4309,1.1915,3.0689,3.0689,0.0,-0.203,4.8845,inf,0.0
103.35,re,5.4422,1.1908,3.0708,3.0708,0.0,-0.203,4.8948,inf,0.0
103.4,re,5.4534,1.1902,3.0727,3.0727,0.0,-0.203,4.9051,inf,0.0
103.45,re,5.4703,1.1893,3.0756,3.0756,0.0,-0.203,4.9205,inf,0.0
103.501,re,5.4872,1.1885,3.0786,3.0786,0.0,-0.203,4.936,inf,0.0
103.55,re,5.4984,1.1879,3.0806,3.0806,0.0,-0.203,4.9463,inf,0.0
103.6,re,5.5096,1.1874,3.0826,3.0826,0.0,-0.203,4.9566,inf,0.0
103.651,re,5.5265,1.1867,3.0855,3.0855,0.0,-0.203,4.9721,inf,0.0
103.7,re,5.5378,1.1862,3.0874,3.0874,0.0,-0.203,4.9825,inf,0.0
103.8,seguindo,5.5659,1.1851,3.0922,2.8775,-0.2147,0.5,5.0085,inf,-0.0845
103.85,seguindo,5.5828,1.1846,3.0951,2.8853,-0.2098,0.5,5.0241,inf,-0.1014
103.9,seguindo,5.5941,1.1842,3.0971,2.8903,-0.2068,0.5,5.0345,inf,-0.1126
103.95,seguindo,5.611,1.1837,3.1,2.8974,-0.2026,0.5,5.0502,inf,-0.1295
104.0,seguindo,5.6222,1.1834,3.1019,2.902,-0.1999,0.5,5.0607,inf,-0.1408
104.05,seguindo,5.6391,1.183,3.1048,2.8706,-0.2342,0.5,5.0646,inf,-0.1472
104.102,seguindo,5.656,1.1826,3.1077,2.8781,-0.2297,0.5,5.0805,inf,-0.1641
104.15,seguindo,5.6673,1.1824,3.1097,2.8829,-0.2268,0.5,5.0911,inf,-0.1753
104.2,seguindo,5.6786,1.1822,3.1116,2.8875,-0.2241,0.5,5.1017,inf,-0.1866
104.25,seguindo,5.6955,1.182,3.1145,2.8207,-0.2938,0.5,5.1176,inf,0.0037
104.3,seguindo,5.7067,1.1819,3.1164,2.829,-0.2874,0.5,5.1283,inf,0.0123
104.35,seguindo,5.7209,1.1814,3.1155,2.8383,-0.2771,0.5,5.1416,inf,0.0262
104.4,seguindo,5.7289,1.181,3.1123,2.8428,-0.2694,0.5,5.1491,inf,-0.0342
104.45,seguindo,5.7382,1.1805,3.11,2.8481,-0.2619,0.5,5.1577,inf,-0.0435
104.5,seguindo,5.7431,1.1803,3.11,2.8509,-0.2591,0.5,5.1623,inf,-0.0484
104.55,seguindo,5.7476,1.1802,3.11,2.8535,-0.2565,0.5,5.1665,inf,-0.0529
104.6,seguindo,5.7492,1.1802,3.11,2.8544,-0.2556,0.5,5.1681,inf,-0.0545
104.65,seguindo,5.7489,1.1803,3.1111,2.8544,-0.2566,0.5,5.1678,inf,-0.0542
104.7,seguindo,5.7474,1.1804,3.1125,2.8538,-0.2587,0.5,5.1664,inf,-0.0526
104.75,seguindo,5.7423,1.1805,3.1108,2.8506,-0.2602,0.5,5.1616,inf,-0.0476
104.801,seguindo,5.7352,1.1802,3.1053,2.8455,-0.2598,0.5,5.1547,inf,-0.0405
104.85,seguindo,5.7277,1.1799,3.0979,2.8398,-0.2581,0.5,5.1476,inf,0.0332
104.9,seguindo,5.7198,1.1796,3.0891,2.8334,-0.2557,0.5,5.1399,inf,0.0255
104.95,seguindo,5.7064,1.179,3.0713,2.8221,-0.2492,0.5,5.1271,inf,0.0132
105.001,seguindo,5.692,1.1784,3.0504,2.8143,-0.2361,0.5,5.1132,inf,0.0023
105.05,seguindo,5.6829,1.1778,3.0315,2.805,-0.2266,0.5,5.1044,inf,0.0044
105.1,seguindo,5.6737,1.1773,3.0124,2.7957,-0.2168,0.5,5.0956,inf,0.0063
105.15,seguindo,5.6581,1.1769,2.9787,2.7787,-0.1999,0.5,5.0806,inf,0.0091
105.2,seguindo,5.6466,1.177,2.9548,2.7692,-0.1856,0.5,5.0697,inf,0.0109
105.25,seguindo,5.6292,1.1777,2.9202,2.7554,-0.1648,0.5,5.0535,inf,0.0128
105.3,seguindo,5.6115,1.1792,2.8875,2.7421,-0.1455,0.5,5.0372,inf,0.0156
105.35,seguindo,5.5997,1.1807,2.8667,2.7483,-0.1184,0.5,5.0223,inf,0.0111
105.4,seguindo,5.5876,1.1825,2.8474,2.7498,-0.0976,0.5,5.0116,inf,0.0131
105.45,seguindo,5.5695,1.1859,2.8195,2.7407,-0.0788,0.5,4.9956,inf,0.0157
105.5,seguindo,5.5574,1.1886,2.8018,2.7351,-0.0667,0.5,4.985,inf,0.0171
105.55,seguindo,5.5393,1.1929,2.7754,2.727,-0.0484,0.5,4.9693,inf,0.0192
105.6,seguindo,5.5272,1.1961,2.7581,2.7218,-0.0362,0.5,4.959,inf,0.0206
105.65,seguindo,5.5089,1.2016,2.7334,2.7343,0.0009,0.5,4.9435,inf,0.0221
105.7,seguindo,5.4967,1.2055,2.7177,2.7314,0.0137,0.5,4.9333,inf,0.0229
105.75,seguindo,5.4782,1.212,2.6959,2.7279,0.032,0.5,4.9181,inf,0.0235
105.8,seguindo,5.4658,1.2167,2.6825,2.7788,0.0963,0.5,4.908,inf,-0.006
105.851,seguindo,5.4489,1.2238,2.6671,2.8265,0.1595,0.5,4.8899,inf,-0.0148
105.9,seguindo,5.4383,1.2284,2.6579,2.8293,0.1714,0.5,4.8817,inf,-0.0153
105.95,seguindo,5.4227,1.236,2.6509,2.8355,0.1845,0.5,4.8699,inf,-0.0168
106.0,seguindo,5.4125,1.2413,2.6488,2.8405,0.1917,0.5,4.8623,inf,-0.0181
106.05,seguindo,5.3974,1.2496,2.6509,2.8498,0.1989,0.5,4.8513,inf,-0.0205
106.1,seguindo,5.3874,1.2552,2.6544,2.8569,0.2025,0.5,4.8441,inf,-0.0223
106.15,seguindo,5.3724,1.2637,2.6602,2.8805,0.2203,0.5,4.8333,inf,-0.0248
106.2,seguindo,5.3624,1.2692,2.6641,2.8874,0.2232,0.5,4.8261,inf,-0.0265
106.25,seguindo,5.3473,1.2775,2.6694,2.8981,0.2286,0.5,4.8152,inf,-0.0288
106.3,seguindo,5.3372,1.2829,2.6724,2.9054,0.233,0.5,4.8078,inf,-0.0303
106.35,seguindo,5.3218,1.2909,2.6758,2.9171,0.2413,0.5,4.7967,inf,-0.0324
106.4,seguindo,5.3115,1.2963,2.6776,2.9426,0.265,0.5,4.7892,inf,-0.0338
106.45,seguindo,5.296,1.3043,2.6803,3.0391,0.3589,0.5,4.7779,inf,-0.0154
106.5,seguindo,5.2805,1.3122,2.6829,3.0666,0.3837,0.5,4.7667,inf,-0.0195
106.55,seguindo,5.2701,1.3175,2.6846,3.0771,0.3925,0.5,4.7592,inf,-0.0222
106.6,seguindo,5.2597,1.3227,2.6863,3.088,0.4017,0.5,4.7516,inf,-0.0248
106.65,seguindo,5.2441,1.3306,2.6889,3.1054,0.4165,0.5,4.7404,inf,-0.0288
106.7,seguindo,5.2285,1.3384,2.6914,3.1241,0.4327,0.5,4.7291,inf,-0.0334
106.75,seguindo,5.2181,1.3435,2.6931,3.1374,0.4442,0.5,4.7216,inf,-0.0364
106.8,seguindo,5.2076,1.3487,2.6948,-3.1318,0.4566,0.5,4.7141,inf,-0.0394
106.85,seguindo,5.192,1.3564,2.6973,-3.086,0.4998,0.5,4.7176,inf,-0.0536
106.9,seguindo,5.1815,1.3615,2.6991,-3.0728,0.5113,0.5,4.7102,inf,-0.0567
106.95,seguindo,5.1685,1.3684,2.7074,-3.0544,0.5214,0.5,4.7012,inf,-0.061
107.0,seguindo,5.1609,1.3727,2.7168,-3.0424,0.524,0.5,4.6961,inf,-0.0638
107.05,seguindo,5.1494,1.3795,2.736,-3.0881,0.4591,0.5,4.6885,inf,-0.0143
107.1,seguindo,5.1419,1.3841,2.7516,-3.075,0.4566,0.5,4.6835,inf,-0.0164
107.15,seguindo,5.1305,1.3911,2.7802,-3.0538,0.4492,0.5,4.6761,inf,-0.0196
107.2,seguindo,5.1229,1.3957,2.8016,-3.039,0.4425,0.5,4.6712,inf,-0.0217
107.25,seguindo,5.1114,1.4027,2.8386,-2.9796,0.465,0.5,4.6638,inf,-0.0249
107.3,seguindo,5.1036,1.4073,2.8652,-2.9659,0.4521,0.5,4.6587,inf,-0.0269
107.35,seguindo,5.0921,1.4138,2.9058,-2.9454,0.432,0.5,4.651,inf,-0.0295
107.4,seguindo,5.0805,1.4196,2.9455,-2.9253,0.4124,0.5,4.6431,inf,-0.0316
107.45,seguindo,5.0727,1.4231,2.9703,-2.9123,0.4006,0.5,4.6376,inf,-0.0339
107.5,seguindo,5.0649,1.4263,2.9936,-2.8996,0.39,0.5,4.6319,inf,-0.036
107.55,seguindo,5.0528,1.4307,3.0276,-2.8223,0.4333,0.5,4.6165,inf,-0.0508
107.6,seguindo,5.0446,1.4333,3.0492,-2.8106,0.4234,0.5,4.6102,inf,-0.0522
107.65,seguindo,5.0321,1.437,3.0821,-2.8663,0.3348,0.5,4.6006,inf,-0.0244
107.7,seguindo,5.0238,1.4392,3.1042,-2.8549,0.3241,0.5,4.5941,inf,-0.0269
107.75,seguindo,5.0114,1.4423,3.1386,-2.8377,0.3068,0.5,4.5844,inf,-0.0304
107.8,seguindo,5.0032,1.4441,-3.1211,-2.8263,0.2949,0.5,4.5778,inf,-0.0325
107.85,seguindo,4.9907,1.4465,-3.0864,-2.7941,0.2923,0.5,4.5676,inf,-0.0353
107.9,seguindo,4.9781,1.4484,-3.0521,-2.7798,0.2723,0.5,4.5572,inf,-0.0377
107.95,seguindo,4.9695,1.4493,-3.0301,-2.7507,0.2794,0.5,4.5617,inf,-0.0537
108.0,seguindo,4.9565,1.4503,-2.9979,-2.7365,0.2614,0.5,4.5505,inf,-0.0551
108.05,seguindo,4.948,1.4508,-2.9754,-2.7271,0.2483,0.5,4.543,inf,-0.0559
108.1,seguindo,4.9394,1.4511,-2.9528,-2.7177,0.2351,0.5,4.5355,inf,-0.0575
108.15,seguindo,4.9263,1.4511,-2.9207,-2.704,0.2167,0.5,4.5238,inf,-0.06
108.2,seguindo,4.9173,1.4506,-2.9017,-2.6952,0.2066,0.5,4.5155,inf,-0.0612
108.25,seguindo,4.9036,1.4493,-2.8748,-2.7011,0.1736,0.5,4.5026,inf,-0.0322
108.301,seguindo,4.8898,1.4475,-2.8487,-2.6895,0.1592,0.5,4.4895,inf,-0.0344
108.351,seguindo,4.8806,1.4461,-2.8316,-2.688,0.1436,0.5,4.462,inf,-0.0315
108.4,seguindo,4.8668,1.4437,-2.8062,-2.6785,0.1277,0.5,4.4485,inf,-0.0328
108.45,seguindo,4.8576,1.4418,-2.7895,-2.6723,0.1172,0.5,4.4394,inf,-0.0334
108.5,seguindo,4.8484,1.4398,-2.7729,-2.6662,0.1067,0.5,4.4303,inf,-0.0344
108.55,seguindo,4.8346,1.4364,-2.7489,-2.6574,0.0915,0.5,4.4164,inf,-0.0358
108.6,seguindo,4.8208,1.4325,-2.7261,-2.6491,0.077,0.5,4.4022,inf,-0.0368
108.65,seguindo,4.8115,1.4297,-2.7114,-2.6218,0.0896,0.5,4.3926,inf,-0.0372
108.701,seguindo,4.7977,1.4251,-2.69,-2.6148,0.0752,0.5,4.3781,inf,-0.0375
108.75,seguindo,4.7884,1.4218,-2.6759,-2.6103,0.0656,0.5,4.3684,inf,-0.0375
108.8,seguindo,4.7792,1.4184,-2.6622,-2.606,0.0563,0.5,4.3586,inf,-0.0373
108.85,seguindo,4.7653,1.4128,-2.6427,-2.5999,0.0428,0.5,4.3437,inf,-0.0367
108.9,seguindo,4.7561,1.4089,-2.6302,-2.596,0.0342,0.5,4.3336,inf,-0.0361
108.95,seguindo,4.7409,1.4016,-2.6162,-2.5757,0.0405,0.5,4.3108,inf,-0.0275
109.0,seguindo,4.7302,1.3961,-2.6095,-2.6755,-0.066,0.5,4.2988,inf,0.0091
109.05,seguindo,4.7146,1.3873,-2.6053,-2.6522,-0.047,0.5,4.2809,inf,0.0094
109.1,seguindo,4.6992,1.3782,-2.6041,-2.6541,-0.05,0.5,4.2631,inf,0.0101
109.15,seguindo,4.6889,1.3722,-2.604,-2.6556,-0.0516,0.5,4.2512,inf,0.0106
109.2,seguindo,4.6787,1.3661,-2.604,-2.6572,-0.0532,0.5,4.2394,inf,0.0111
109.25,seguindo,4.6634,1.3569,-2.6039,-2.6598,-0.0558,0.5,4.2216,inf,0.012
109.3,seguindo,4.6532,1.3508,-2.6039,-2.6239,-0.02,0.5,4.2098,inf,0.0125
109.35,seguindo,4.6405,1.3432,-2.6051,-2.6248,-0.0197,0.5,4.1951,inf,0.0133
109.4,seguindo,4.6332,1.3387,-2.6061,-2.6254,-0.0193,0.5,4.1865,inf,0.0138
109.45,seguindo,4.6247,1.3336,-2.6079,-2.6262,-0.0183,0.5,4.1766,inf,0.0144
109.501,seguindo,4.6177,1.3293,-2.6095,-2.6269,-0.0174,0.5,4.1685,inf,0.0149
109.55,seguindo,4.6156,1.328,-2.6107,-2.6272,-0.0165,0.5,4.1661,inf,0.0151
109.6,seguindo,4.6138,1.3268,-2.6118,-2.6276,-0.0158,0.5,4.1639,inf,0.0152
109.65,seguindo,4.6136,1.3265,-2.6136,-2.6279,-0.0143,0.5,4.1635,inf,0.0154
109.7,seguindo,4.6145,1.3269,-2.6148,-2.6282,-0.0134,0.5,4.1646,inf,0.0155
109.75,seguindo,4.6184,1.3291,-2.6165,-2.6284,-0.0118,0.5,4.169,inf,0.0154
109.802,seguindo,4.6239,1.332,-2.6182,-2.5818,0.0365,0.5,4.1752,inf,0.0057
109.85,seguindo,4.6302,1.3356,-2.6194,-2.5826,0.0368,0.5,4.1824,inf,0.0091
109.9,seguindo,4.6367,1.3392,-2.6204,-2.5835,0.0369,0.5,4.1899,inf,0.0156
109.95,seguindo,4.6468,1.3449,-2.6216,-2.5848,0.0368,0.5,4.2015,inf,0.0268
110.001,seguindo,4.6573,1.3508,-2.6227,-2.586,0.0367,0.5,4.2134,inf,0.0386
110.05,seguindo,4.6624,1.3536,-2.6232,-2.5867,0.0365,0.5,4.2193,inf,0.0444
110.1,seguindo,4.6674,1.3564,-2.6237,-2.5873,0.0365,0.5,4.225,inf,0.0501
110.15,seguindo,4.6731,1.3596,-2.6243,-2.588,0.0364,0.5,4.2315,inf,0.0565
110.2,seguindo,4.6762,1.3613,-2.6246,-2.5883,0.0363,0.5,4.235,inf,0.0601
110.25,seguindo,4.6789,1.3627,-2.6249,-2.5887,0.0362,0.5,4.2381,inf,0.0631
110.3,seguindo,4.6799,1.3633,-2.625,-2.5888,0.0362,0.5,4.2392,inf,0.0643
110.35,seguindo,4.6804,1.3636,-2.6251,-2.5889,0.0362,0.5,4.2399,inf,0.0649
110.4,seguindo,4.6804,1.3636,-2.6251,-2.5889,0.0362,0.5,4.2399,inf,0.0649
110.45,seguindo,4.6804,1.3636,-2.6251,-2.5889,0.0362,0.5,4.2399,inf,0.0649
110.5,seguindo,4.6804,1.3636,-2.6251,-2.5889,0.0362,0.5,4.2399,inf,0.0649
110.55,seguindo,4.6804,1.3636,-2.6251,-2.5889,0.0362,0.5,4.2399,inf,0.0649
110.6,seguindo,4.6804,1.3636,-2.6251,-2.5889,0.0362,0.5,4.2399,inf,0.0649
110.65,seguindo,4.6804,1.3636,-2.6251,-2.4311,0.194,0.5,4.2399,1.8208,0.0
110.7,seguindo,4.6804,1.3636,-2.6251,-2.4311,0.194,0.5,4.2399,1.8208,0.0
110.75,seguindo,4.6804,1.3636,-2.6251,-2.4311,0.194,0.5,4.2399,1.8208,0.0
110.8,seguindo,4.6804,1.3636,-2.6251,-2.4311,0.194,0.5,4.2399,1.8208,0.0
110.85,seguindo,4.6804,1.3636,-2.6251,-2.4311,0.194,0.5,4.2399,1.8208,0.0
110.901,seguindo,4.6804,1.3636,-2.6251,-2.4311,0.194,0.5,4.2399,1.8208,0.0
110.95,seguindo,4.6804,1.3636,-2.6251,-2.4311,0.194,0.5,4.2399,1.8208,0.0
111.0,seguindo,4.6804,1.3636,-2.6251,-2.4311,0.194,0.5,4.2399,1.8208,0.0
111.05,seguindo,4.6804,1.3636,-2.6251,-2.4311,0.194,0.5,4.2399,1.8208,0.0
111.1,seguindo,4.6804,1.3636,-2.6251,-2.4311,0.194,0.5,4.2399,1.8208,0.0
111.151,seguindo,4.6804,1.3636,-2.6251,-2.4311,0.194,0.5,4.2399,1.8208,0.0
111.2,seguindo,4.6804,1.3636,-2.6251,-2.4311,0.194,0.5,4.2399,1.8208,0.0
111.25,seguindo,4.6804,1.3636,-2.6251,-2.426,0.1991,0.5,4.2399,1.8021,0.0
111.3,seguindo,4.6804,1.3636,-2.6251,-2.426,0.1991,0.5,4.2399,1.8021,0.0
111.351,seguindo,4.6804,1.3636,-2.6251,-2.426,0.1991,0.5,4.2399,1.8021,0.0
111.4,seguindo,4.6804,1.3636,-2.6251,-2.426,0.1991,0.5,4.2399,1.8021,0.0
111.45,seguindo,4.6804,1.3636,-2.6251,-2.426,0.1991,0.5,4.2399,1.8021,0.0
111.5,seguindo,4.6804,1.3636,-2.6251,-2.426,0.1991,0.5,4.2399,1.8021,0.0
111.55,seguindo,4.6804,1.3636,-2.6251,-2.426,0.1991,0.5,4.2399,1.8021,0.0
111.601,seguindo,4.6804,1.3636,-2.6251,-2.426,0.1991,0.5,4.2399,1.8021,0.0
111.65,seguindo,4.6804,1.3636,-2.6251,-2.426,0.1991,0.5,4.2399,1.8021,0.0
111.7,seguindo,4.6804,1.3636,-2.6251,-2.426,0.1991,0.5,4.2399,1.8021,0.0
111.75,seguindo,4.6804,1.3636,-2.6251,-2.426,0.1991,0.5,4.2399,1.8021,0.0
111.8,seguindo,4.6804,1.3636,-2.6251,-2.426,0.1991,0.5,4.2399,1.8021,0.0
111.851,seguindo,4.6804,1.3636,-2.6251,-2.426,0.1991,0.5,4.2399,1.8021,0.0
111.9,seguindo,4.6804,1.3636,-2.6251,-2.426,0.1991,0.5,4.2399,1.8021,0.0
111.95,seguindo,4.6804,1.3636,-2.6251,-2.4263,0.1988,0.5,4.2399,1.8034,0.0
112.0,seguindo,4.6804,1.3636,-2.6251,-2.4263,0.1988,0.5,4.2399,1.8034,0.0
112.05,seguindo,4.6804,1.3636,-2.6251,-2.4263,0.1988,0.5,4.2399,1.8034,0.0
112.1,seguindo,4.6804,1.3636,-2.6251,-2.4263,0.1988,0.5,4.2399,1.8034,0.0
112.15,seguindo,4.6804,1.3636,-2.6251,-2.4263,0.1988,0.5,4.2399,1.8034,0.0
112.2,seguindo,4.6804,1.3636,-2.6251,-2.4263,0.1988,0.5,4.2399,1.8034,0.0
112.251,seguindo,4.6804,1.3636,-2.6251,-2.4263,0.1988,0.5,4.2399,1.8034,0.0
112.3,seguindo,4.6804,1.3636,-2.6251,-2.4263,0.1988,0.5,4.2399,1.8034,0.0
112.351,seguindo,4.6804,1.3636,-2.6251,-2.4263,0.1988,0.5,4.2399,1.8034,0.0
112.4,seguindo,4.6804,1.3636,-2.6251,-2.4263,0.1988,0.5,4.2399,1.8034,0.0
112.45,seguindo,4.6804,1.3636,-2.6251,-2.4263,0.1988,0.5,4.2399,1.8034,0.0
112.5,seguindo,4.6804,1.3636,-2.6251,-2.4263,0.1988,0.5,4.2399,1.8034,0.0
112.55,seguindo,4.6804,1.3636,-2.6251,-2.4263,0.1988,0.5,4.2399,1.8034,0.0
112.6,seguindo,4.6804,1.3636,-2.6251,-2.4263,0.1988,0.5,4.2399,1.8034,0.0
112.65,seguindo,4.6804,1.3636,-2.6251,-2.426,0.1991,0.5,4.2399,1.8021,0.0
112.7,seguindo,4.6804,1.3636,-2.6251,-2.426,0.1991,0.5,4.2399,1.8021,0.0
112.75,seguindo,4.6804,1.3636,-2.6251,-2.426,0.1991,0.5,4.2399,1.8021,0.0
112.8,seguindo,4.6804,1.3636,-2.6251,-2.426,0.1991,0.5,4.2399,1.8021,0.0
112.851,seguindo,4.6804,1.3636,-2.6251,-2.426,0.1991,0.5,4.2399,1.8021,0.0
112.9,seguindo,4.6804,1.3636,-2.6251,-2.426,0.1991,0.5,4.2399,1.8021,0.0
112.95,seguindo,4.6804,1.3636,-2.6251,-2.426,0.1991,0.5,4.2399,1.8021,0.0
113.002,seguindo,4.6804,1.3636,-2.6251,-2.426,0.1991,0.5,4.2399,1.8021,0.0
113.05,seguindo,4.6804,1.3636,-2.6251,-2.426,0.1991,0.5,4.2399,1.8021,0.0
113.1,seguindo,4.6804,1.3636,-2.6251,-2.426,0.1991,0.5,4.2399,1.8021,0.0
113.15,seguindo,4.6804,1.3636,-2.6251,-2.426,0.1991,0.5,4.2399,1.8021,0.0
113.2,seguindo,4.6804,1.3636,-2.6251,-2.426,0.1991,0.5,4.2399,1.8021,0.0
113.25,seguindo,4.6804,1.3636,-2.6251,-2.426,0.1991,0.5,4.2399,1.8021,0.0
113.3,seguindo,4.6804,1.3636,-2.6251,-2.4263,0.1988,0.5,4.2399,1.8034,0.0
113.35,seguindo,4.6781,1.3619,-2.6291,-2.4261,0.203,0.5,4.237,1.8034,0.0002
113.401,seguindo,4.6742,1.3589,-2.6369,-2.4257,0.2112,0.5,4.2322,1.8034,0.0004
113.45,seguindo,4.6693,1.3554,-2.646,-2.4252,0.2208,0.5,4.2262,1.8034,0.0007
113.5,seguindo,4.6614,1.3498,-2.6613,-2.4243,0.237,0.5,4.2167,1.8034,0.001
113.55,seguindo,4.6537,1.3447,-2.6719,-2.423,0.249,0.5,4.2076,1.8034,0.0009
113.6,re,4.6454,1.3397,-2.6821,-2.6821,0.0,-0.203,4.198,inf,0.0
113.65,re,4.632,1.3319,-2.696,-2.696,0.0,-0.203,4.1825,inf,0.0
113.7,re,4.6224,1.3266,-2.7042,-2.7042,0.0,-0.203,4.1716,inf,0.0
113.75,re,4.6099,1.3198,-2.7164,-2.7164,0.0,-0.203,4.1573,inf,0.0
113.8,re,4.6022,1.3155,-2.7256,-2.7256,0.0,-0.203,4.1486,inf,0.0
113.85,re,4.5928,1.3105,-2.736,-2.736,0.0,-0.203,4.1379,inf,0.0
113.901,re,4.5845,1.3061,-2.7457,-2.7457,0.0,-0.203,4.1286,inf,0.0
113.95,re,4.5812,1.3045,-2.7491,-2.7491,0.0,-0.203,4.1249,inf,0.0
114.003,re,4.5764,1.302,-2.7544,-2.7544,0.0,-0.203,4.1195,inf,0.0
114.05,re,4.5758,1.3019,-2.7534,-2.7534,0.0,-0.203,4.1189,inf,0.0
114.1,re,4.5755,1.3018,-2.7521,-2.7521,0.0,-0.203,4.1186,inf,0.0
114.15,re,4.5776,1.303,-2.7497,-2.7497,0.0,-0.203,4.121,inf,0.0
114.2,re,4.5802,1.3042,-2.748,-2.748,0.0,-0.203,4.1239,inf,0.0
114.25,re,4.5869,1.3072,-2.7458,-2.7458,0.0,-0.203,4.1311,inf,0.0
114.3,re,4.5925,1.3096,-2.7445,-2.7445,0.0,-0.203,4.1373,inf,0.0
114.35,re,4.6036,1.3144,-2.7432,-2.7432,0.0,-0.203,4.1493,inf,0.0
114.4,re,4.6121,1.318,-2.7426,-2.7426,0.0,-0.203,4.1586,inf,0.0
114.45,re,4.627,1.3243,-2.7424,-2.7424,0.0,-0.203,4.1748,inf,0.0
114.5,re,4.6377,1.3288,-2.7425,-2.7425,0.0,-0.203,4.1863,inf,0.0
114.55,re,4.6538,1.3356,-2.7434,-2.7434,0.0,-0.203,4.2038,inf,0.0
114.6,re,4.6646,1.34,-2.7443,-2.7443,0.0,-0.203,4.2155,inf,0.0
114.65,re,4.6808,1.3467,-2.7451,-2.7451,0.0,-0.203,4.233,inf,0.0
114.7,re,4.6915,1.3512,-2.7455,-2.7455,0.0,-0.203,4.2446,inf,0.0
114.75,re,4.7075,1.3579,-2.7452,-2.7452,0.0,-0.203,4.2619,inf,0.0
114.8,re,4.7181,1.3624,-2.7446,-2.7446,0.0,-0.203,4.2733,inf,0.0
114.85,re,4.7338,1.3691,-2.743,-2.743,0.0,-0.203,4.2904,inf,0.0
114.9,re,4.7442,1.3736,-2.7417,-2.7417,0.0,-0.203,4.3018,inf,0.0
114.95,re,4.7597,1.3804,-2.7392,-2.7392,0.0,-0.203,4.3187,inf,0.0
115.0,re,4.7701,1.385,-2.7373,-2.7373,0.0,-0.203,4.33,inf,0.0
115.05,re,4.7855,1.3919,-2.7344,-2.7344,0.0,-0.203,4.3469,inf,0.0
115.1,re,4.7958,1.3965,-2.7324,-2.7324,0.0,-0.203,4.3582,inf,0.0
115.15,re,4.8111,1.4035,-2.7294,-2.7294,0.0,-0.203,4.3751,inf,0.0
115.2,re,4.8214,1.4081,-2.7275,-2.7275,0.0,-0.203,4.3863,inf,0.0
115.25,re,4.8368,1.4152,-2.7246,-2.7246,0.0,-0.203,4.4032,inf,0.0
115.301,re,4.8521,1.4223,-2.7217,-2.7217,0.0,-0.203,4.4201,inf,0.0
115.35,re,4.8623,1.427,-2.7198,-2.7198,0.0,-0.203,4.4314,inf,0.0
115.4,re,4.8725,1.4318,-2.7178,-2.7178,0.0,-0.203,4.4427,inf,0.0
115.45,re,4.8878,1.439,-2.7149,-2.7149,0.0,-0.203,4.4595,inf,0.0
115.5,re,4.898,1.4438,-2.713,-2.713,0.0,-0.203,4.4708,inf,0.0
115.55,re,4.9133,1.451,-2.7101,-2.7101,0.0,-0.203,4.4877,inf,0.0
115.6,re,4.9234,1.4559,-2.7082,-2.7082,0.0,-0.203,4.499,inf,0.0
115.7,seguindo,4.9488,1.4681,-2.7034,-2.5187,0.1848,0.5,4.5272,1.1583,0.2538
115.75,seguindo,4.964,1.4755,-2.7005,-2.5449,0.1557,0.5,4.5441,1.6552,-0.0169
115.8,seguindo,4.9741,1.4805,-2.6986,-2.5464,0.1523,0.5,4.5553,1.6552,-0.0282
115.85,seguindo,4.9893,1.488,-2.6958,-2.5485,0.1473,0.5,4.5722,1.6552,-0.0451
115.9,seguindo,5.0044,1.4955,-2.6929,-2.5506,0.1424,0.5,4.5891,1.6552,-0.062
115.952,seguindo,5.0145,1.5005,-2.691,-2.5506,0.1405,0.5,4.5915,1.6552,-0.0656
116.0,seguindo,5.0246,1.5056,-2.6891,-2.5519,0.1373,0.5,4.6028,1.6552,-0.0767
116.05,seguindo,5.0397,1.5132,-2.6863,-2.5537,0.1326,0.5,4.6197,1.6552,-0.0935
116.1,seguindo,5.0497,1.5183,-2.6844,-2.5549,0.1295,0.5,4.6309,1.6552,-0.1047
116.15,seguindo,5.0648,1.526,-2.6815,-2.5565,0.125,0.5,4.6478,1.6552,-0.1215
116.2,seguindo,5.0748,1.5312,-2.6796,-2.5576,0.122,0.5,4.6591,1.6552,-0.1328
116.25,seguindo,5.0875,1.5373,-2.6809,-2.5592,0.1218,0.5,4.6731,1.6552,-0.1468
116.3,seguindo,5.0948,1.5406,-2.6842,-2.5603,0.124,0.5,4.6812,1.6552,-0.1548
116.35,seguindo,5.1032,1.5445,-2.6863,-2.7167,-0.0303,0.5,4.6904,1.0195,-0.0129
116.4,seguindo,5.1076,1.5466,-2.6863,-2.7165,-0.0302,0.5,4.6953,1.0195,-0.0154
116.45,seguindo,5.1117,1.5486,-2.6857,-2.7164,-0.0307,0.5,4.6999,1.0195,-0.0185
116.5,seguindo,5.1132,1.5493,-2.6857,-2.7164,-0.0306,0.5,4.7015,1.0195,-0.0198
116.55,seguindo,5.1129,1.5492,-2.6837,-2.7163,-0.0326,0.5,4.7012,1.0195,-0.0196
116.601,seguindo,5.1108,1.5484,-2.6806,-2.7161,-0.0355,0.5,4.699,1.0195,-0.018
116.65,seguindo,5.1069,1.5466,-2.6791,-2.7162,-0.0371,0.5,4.6947,1.0195,-0.0152
116.7,seguindo,5.1027,1.5445,-2.6784,-2.7164,-0.038,0.5,4.69,1.0195,-0.0131
116.751,seguindo,5.0939,1.54,-2.6794,-2.7169,-0.0375,0.5,4.6801,1.0195,-0.0115
116.8,seguindo,5.0869,1.5363,-2.6818,-2.7174,-0.0356,0.5,4.6722,1.0195,-0.0104
116.85,seguindo,5.074,1.5293,-2.6878,-2.7184,-0.0306,0.5,4.6575,1.0195,-0.0083
116.9,seguindo,5.0642,1.5241,-2.6936,-2.6872,0.0064,0.5,4.6465,0.9838,-0.0067
116.95,seguindo,5.0479,1.5153,-2.7052,-2.6879,0.0173,0.5,4.628,0.9838,-0.004
117.0,seguindo,5.0364,1.5091,-2.7144,-2.6402,0.0742,0.5,4.6149,1.311,0.0017
117.051,seguindo,5.0189,1.5001,-2.7276,-2.6397,0.0879,0.5,4.5953,1.311,0.0039
117.102,seguindo,5.0013,1.4914,-2.7399,-2.6109,0.129,0.5,4.5756,1.2871,0.0058
117.15,seguindo,4.9898,1.4862,-2.7447,-2.6097,0.135,0.5,4.563,1.2871,0.0067
117.2,seguindo,4.9783,1.481,-2.7491,-2.6083,0.1408,0.5,4.5504,1.2871,0.0075
117.25,seguindo,4.9614,1.4737,-2.7525,-2.6059,0.1466,0.5,4.5321,1.2871,0.0088
117.3,seguindo,4.9503,1.4691,-2.7537,-2.6042,0.1495,0.5,4.52,1.2871,0.0096
117.35,seguindo,4.9338,1.4624,-2.7529,-2.5717,0.1812,0.5,4.5023,1.3212,0.0106
117.401,seguindo,4.9176,1.4559,-2.7508,-2.5685,0.1823,0.5,4.4848,1.3212,0.0115
117.45,seguindo,4.9069,1.4518,-2.748,-2.5662,0.1818,0.5,4.4733,1.3212,0.012
117.5,seguindo,4.8962,1.4476,-2.7452,-2.5639,0.1813,0.5,4.4619,1.3212,0.0126
117.55,seguindo,4.8803,1.4412,-2.7408,-2.6007,0.14,0.5,4.4447,0.8145,0.0003
117.6,seguindo,4.8697,1.437,-2.7377,-2.5988,0.1389,0.5,4.4333,0.8145,0.0006
117.651,seguindo,4.8537,1.4305,-2.7334,-2.8201,-0.0867,0.5,4.4162,inf,0.0011
117.7,seguindo,4.8431,1.4261,-2.7308,-2.822,-0.0912,0.5,4.4047,inf,0.0015
117.75,seguindo,4.8271,1.4195,-2.7272,-2.8252,-0.098,0.5,4.3874,inf,0.0022
117.8,seguindo,4.8165,1.415,-2.7251,-2.8277,-0.1026,0.5,4.3758,inf,0.0028
117.85,seguindo,4.8005,1.4081,-2.7221,-2.8318,-0.1097,0.5,4.3585,inf,0.0044
117.9,seguindo,4.7898,1.4035,-2.7203,-2.8349,-0.1146,0.5,4.3468,inf,0.0056
117.951,seguindo,4.7767,1.3977,-2.7204,-2.8116,-0.0912,0.5,4.3325,inf,0.0072
118.0,seguindo,4.7692,1.3942,-2.7214,-2.8136,-0.0922,0.5,4.3242,inf,0.0082
118.05,seguindo,4.7605,1.3902,-2.7232,-2.816,-0.0928,0.5,4.3146,inf,0.0094
118.1,seguindo,4.7558,1.388,-2.7243,-2.8174,-0.0931,0.5,4.3095,inf,0.0101
118.15,seguindo,4.7515,1.386,-2.7261,-2.8209,-0.0949,0.5,4.3198,inf,0.011
118.2,seguindo,4.7498,1.3851,-2.7272,-2.6621,0.065,0.5,4.3179,inf,0.0133
118.25,seguindo,4.7499,1.385,-2.729,-2.6624,0.0665,0.5,4.3179,inf,0.0134
118.3,seguindo,4.7511,1.3854,-2.7301,-2.6629,0.0672,0.5,4.3192,inf,0.0147
118.35,seguindo,4.7502,1.3849,-2.73,-2.6629,0.0671,0.5,4.3181,inf,0.0136
118.4,seguindo,4.7483,1.3842,-2.7292,-2.6624,0.0667,0.5,4.3161,inf,0.0116
118.45,seguindo,4.743,1.3817,-2.7298,-2.6617,0.068,0.5,4.3102,inf,0.006
118.5,seguindo,4.7382,1.3795,-2.7313,-2.6612,0.0701,0.5,4.305,inf,0.0025
118.55,seguindo,4.7286,1.3749,-2.7352,-2.6602,0.0751,0.5,4.2943,inf,0.0026
118.6,seguindo,4.721,1.3713,-2.7389,-2.6593,0.0796,0.5,4.2859,inf,0.0026
118.65,seguindo,4.7081,1.3654,-2.7438,-2.6572,0.0866,0.5,4.2717,inf,0.0026
118.7,seguindo,4.6988,1.3613,-2.7468,-2.6329,0.1138,0.5,4.2616,inf,0.0024
118.75,seguindo,4.6871,1.3561,-2.7509,-2.6302,0.1207,0.5,4.2487,inf,0.0022
118.8,seguindo,4.68,1.353,-2.7532,-2.6284,0.1248,0.5,4.241,inf,0.002
118.85,seguindo,4.6715,1.3493,-2.7561,-2.6261,0.1301,0.5,4.2317,inf,0.0018
118.9,seguindo,4.6642,1.3461,-2.7585,-2.6239,0.1345,0.5,4.2237,inf,0.0016
118.95,seguindo,4.6614,1.3449,-2.7595,-2.6231,0.1364,0.5,4.2208,inf,0.0016
119.001,seguindo,4.6574,1.3432,-2.7608,-2.4026,0.3582,0.5,4.2163,1.6542,0.0077
119.05,seguindo,4.657,1.343,-2.761,-2.4025,0.3585,0.5,4.216,1.6542,0.0073
119.1,seguindo,4.6567,1.3428,-2.7611,-2.4024,0.3587,0.5,4.2156,1.6542,0.0069
119.15,seguindo,4.6565,1.3428,-2.7612,-2.4023,0.3589,0.5,4.2154,1.6542,0.0067
119.2,seguindo,4.6565,1.3428,-2.7612,-2.4023,0.3589,0.5,4.2154,1.6542,0.0067
119.251,seguindo,4.6565,1.3428,-2.7612,-2.4023,0.3589,0.5,4.2154,1.6542,0.0067
119.3,seguindo,4.6565,1.3428,-2.7612,-2.4023,0.3589,0.5,4.2154,1.6542,0.0067
119.35,seguindo,4.6565,1.3428,-2.7612,-2.4023,0.3589,0.5,4.2154,1.6542,0.0067
119.4,seguindo,4.6565,1.3428,-2.7612,-2.4023,0.3589,0.5,4.2154,1.6542,0.0067
119.45,seguindo,4.6565,1.3428,-2.7612,-2.4023,0.3589,0.5,4.2154,1.6542,0.0067
119.5,seguindo,4.6565,1.3428,-2.7612,-2.4023,0.3589,0.5,4.2154,1.6542,0.0067
119.552,seguindo,4.6565,1.3428,-2.7612,-2.4023,0.3589,0.5,4.2154,1.6542,0.0067
119.6,seguindo,4.6565,1.3428,-2.7612,-2.4023,0.3589,0.5,4.2154,1.6542,0.0067
119.65,seguindo,4.6565,1.3428,-2.7612,-2.4023,0.3589,0.5,4.2154,1.6542,0.0067
119.7,seguindo,4.6565,1.3428,-2.7612,-2.4023,0.3589,0.5,4.2154,1.6542,0.0067
119.75,seguindo,4.6565,1.3428,-2.7612,-2.4023,0.3589,0.5,4.2154,1.6542,0.0067
119.8,seguindo,4.6565,1.3428,-2.7612,-2.4186,0.3426,0.5,4.2154,1.4308,0.0
119.85,seguindo,4.6565,1.3428,-2.7612,-2.4186,0.3426,0.5,4.2154,1.4308,0.0
119.901,seguindo,4.6565,1.3428,-2.7612,-2.4186,0.3426,0.5,4.2154,1.4308,0.0
119.95,seguindo,4.6565,1.3428,-2.7612,-2.4186,0.3426,0.5,4.2154,1.4308,0.0
120.0,seguindo,4.6565,1.3428,-2.7612,-2.4186,0.3426,0.5,4.2154,1.4308,0.0
120.05,seguindo,4.6565,1.3428,-2.7612,-2.4186,0.3426,0.5,4.2154,1.4308,0.0
120.1,seguindo,4.6565,1.3428,-2.7612,-2.4186,0.3426,0.5,4.2154,1.4308,0.0
120.15,seguindo,4.6565,1.3428,-2.7612,-2.4186,0.3426,0.5,4.2154,1.4308,0.0
120.2,seguindo,4.6565,1.3428,-2.7612,-2.4186,0.3426,0.5,4.2154,1.4308,0.0
120.25,seguindo,4.6565,1.3428,-2.7612,-2.4186,0.3426,0.5,4.2154,1.4308,0.0
120.3,seguindo,4.6565,1.3428,-2.7612,-2.4186,0.3426,0.5,4.2154,1.4308,0.0
120.35,seguindo,4.6565,1.3428,-2.7612,-2.4186,0.3426,0.5,4.2154,1.4308,0.0
120.4,seguindo,4.6565,1.3428,-2.7612,-2.4186,0.3426,0.5,4.2154,1.4308,0.0
120.45,seguindo,4.6565,1.3428,-2.7612,-2.4186,0.3426,0.5,4.2154,1.4308,0.0
120.501,seguindo,4.6565,1.3428,-2.7612,-2.4186,0.3426,0.5,4.2154,1.4308,0.0
120.55,seguindo,4.6565,1.3428,-2.7612,-2.4186,0.3426,0.5,4.2154,1.4308,0.0
120.6,seguindo,4.6565,1.3428,-2.7612,-2.4186,0.3426,0.5,4.2154,1.4308,0.0
120.651,seguindo,4.6565,1.3428,-2.7612,-2.3685,0.3927,0.5,4.2154,1.2259,0.0
120.703,seguindo,4.6565,1.3428,-2.7612,-2.3685,0.3927,0.5,4.2154,1.2259,0.0
120.752,seguindo,4.6565,1.3428,-2.7612,-2.3685,0.3927,0.5,4.2154,1.2259,0.0
120.8,seguindo,4.6565,1.3428,-2.7612,-2.3685,0.3927,0.5,4.2154,1.2259,0.0
120.85,seguindo,4.6565,1.3428,-2.7612,-2.3685,0.3927,0.5,4.2154,1.2259,0.0
120.9,seguindo,4.6565,1.3428,-2.7612,-2.3685,0.3927,0.5,4.2154,1.2259,0.0
120.95,seguindo,4.6565,1.3428,-2.7612,-2.3685,0.3927,0.5,4.2154,1.2259,0.0
121.0,seguindo,4.6565,1.3428,-2.7612,-2.3685,0.3927,0.5,4.2154,1.2259,0.0
121.05,seguindo,4.6565,1.3428,-2.7612,-2.3685,0.3927,0.5,4.2154,1.2259,0.0
121.1,seguindo,4.6565,1.3428,-2.7612,-2.3685,0.3927,0.5,4.2154,1.2259,0.0
121.151,seguindo,4.6565,1.3428,-2.7612,-2.3685,0.3927,0.5,4.2154,1.2259,0.0
121.2,seguindo,4.6565,1.3428,-2.7612,-2.3685,0.3927,0.5,4.2154,1.2259,0.0
121.25,seguindo,4.6565,1.3428,-2.7612,-2.3685,0.3927,0.5,4.2154,1.2259,0.0
121.3,seguindo,4.6565,1.3428,-2.7612,-2.3709,0.3903,0.5,4.2154,1.2298,0.0
121.35,seguindo,4.6565,1.3428,-2.7612,-2.3709,0.3903,0.5,4.2154,1.2298,0.0
121.4,seguindo,4.6565,1.3428,-2.7612,-2.3709,0.3903,0.5,4.2154,1.2298,0.0
121.45,seguindo,4.6565,1.3428,-2.7612,-2.3709,0.3903,0.5,4.2154,1.2298,0.0
121.5,seguindo,4.6565,1.3428,-2.7612,-2.3709,0.3903,0.5,4.2154,1.2298,0.0
121.55,seguindo,4.6565,1.3428,-2.7612,-2.3709,0.3903,0.5,4.2154,1.2298,0.0
121.6,seguindo,4.6565,1.3428,-2.7612,-2.3709,0.3903,0.5,4.2154,1.2298,0.0
121.65,seguindo,4.6565,1.3428,-2.7612,-2.3709,0.3903,0.5,4.2154,1.2298,0.0
121.7,seguindo,4.6565,1.3428,-2.7612,-2.3709,0.3903,0.5,4.2154,1.2298,0.0
121.75,seguindo,4.6565,1.3428,-2.7612,-2.3709,0.3903,0.5,4.2154,1.2298,0.0
121.802,seguindo,4.6565,1.3428,-2.7612,-2.3709,0.3903,0.5,4.2154,1.2298,0.0
121.85,seguindo,4.6565,1.3428,-2.7612,-2.3709,0.3903,0.5,4.2154,1.2298,0.0
121.905,seguindo,4.6565,1.3428,-2.7612,-2.3731,0.3881,0.5,4.2154,1.7033,0.0
121.95,seguindo,4.6565,1.3428,-2.7612,-2.3731,0.3881,0.5,4.2154,1.7033,0.0
122.0,seguindo,4.6565,1.3428,-2.7612,-2.3731,0.3881,0.5,4.2154,1.7033,0.0
122.051,seguindo,4.6565,1.3428,-2.7612,-2.3731,0.3881,0.5,4.2154,1.7033,0.0
122.1,seguindo,4.6565,1.3428,-2.7612,-2.3731,0.3881,0.5,4.2154,1.7033,0.0
122.15,seguindo,4.6565,1.3428,-2.7612,-2.3731,0.3881,0.5,4.2154,1.7033,0.0
122.2,seguindo,4.6565,1.3428,-2.7612,-2.3731,0.3881,0.5,4.2154,1.7033,0.0
122.25,seguindo,4.6565,1.3428,-2.7612,-2.3731,0.3881,0.5,4.2154,1.7033,0.0
122.301,seguindo,4.6565,1.3428,-2.7612,-2.3731,0.3881,0.5,4.2154,1.7033,0.0
122.351,seguindo,4.6565,1.3428,-2.7612,-2.3731,0.3881,0.5,4.2154,1.7033,0.0
122.4,seguindo,4.6565,1.3428,-2.7612,-2.3731,0.3881,0.5,4.2154,1.7033,0.0
122.45,seguindo,4.6565,1.3428,-2.7612,-2.3731,0.3881,0.5,4.2154,1.7033,0.0
122.5,seguindo,4.6565,1.3428,-2.7612,-2.3709,0.3903,0.5,4.2154,1.2298,0.0
122.551,seguindo,4.6565,1.3428,-2.7612,-2.3709,0.3903,0.5,4.2154,1.2298,0.0
122.6,seguindo,4.6565,1.3428,-2.7612,-2.3709,0.3903,0.5,4.2154,1.2298,0.0
122.651,seguindo,4.6565,1.3428,-2.7612,-2.3709,0.3903,0.5,4.2154,1.2298,0.0
122.7,seguindo,4.6565,1.3428,-2.7612,-2.3709,0.3903,0.5,4.2154,1.2298,0.0
122.75,seguindo,4.6565,1.3428,-2.7612,-2.3709,0.3903,0.5,4.2154,1.2298,0.0
122.8,seguindo,4.6565,1.3428,-2.7612,-2.3709,0.3903,0.5,4.2154,1.2298,0.0
122.85,re,4.6565,1.3428,-2.7612,-2.7612,0.0,-0.203,4.2154,inf,0.0
122.9,re,4.6565,1.3428,-2.7612,-2.7612,0.0,-0.203,4.2154,inf,0.0
122.95,re,4.6565,1.3428,-2.7612,-2.7612,0.0,-0.203,4.2154,inf,0.0
123.0,re,4.6565,1.3428,-2.7612,-2.7612,0.0,-0.203,4.2154,inf,0.0
123.05,re,4.6565,1.3428,-2.7612,-2.7612,0.0,-0.203,4.2154,inf,0.0
123.1,re,4.6565,1.3428,-2.7612,-2.7612,0.0,-0.203,4.2154,inf,0.0
123.151,re,4.6565,1.3428,-2.7612,-2.7612,0.0,-0.203,4.2154,inf,0.0
123.201,re,4.6565,1.3428,-2.7612,-2.7612,0.0,-0.203,4.2154,inf,0.0
123.25,re,4.6593,1.3438,-2.7624,-2.7624,0.0,-0.203,4.2184,inf,0.0
123.3,re,4.6624,1.3449,-2.7638,-2.7638,0.0,-0.203,4.2217,inf,0.0
123.35,re,4.6698,1.3477,-2.766,-2.766,0.0,-0.203,4.2295,inf,0.0
123.4,re,4.6758,1.3499,-2.7674,-2.7674,0.0,-0.203,4.2359,inf,0.0
123.451,re,4.6876,1.3544,-2.7694,-2.7694,0.0,-0.203,4.2485,inf,0.0
123.5,re,4.6966,1.3577,-2.7705,-2.7705,0.0,-0.203,4.2581,inf,0.0
123.55,re,4.712,1.3636,-2.7723,-2.7723,0.0,-0.203,4.2745,inf,0.0
123.601,re,4.7285,1.3698,-2.7739,-2.7739,0.0,-0.203,4.2921,inf,0.0
123.65,re,4.7394,1.3739,-2.7748,-2.7748,0.0,-0.203,4.3037,inf,0.0
123.7,re,4.7504,1.3781,-2.7757,-2.7757,0.0,-0.203,4.3154,inf,0.0
123.75,re,4.7667,1.3842,-2.7763,-2.7763,0.0,-0.203,4.3328,inf,0.0
123.8,re,4.7775,1.3884,-2.7765,-2.7765,0.0,-0.203,4.3444,inf,0.0
123.85,re,4.7937,1.3946,-2.776,-2.776,0.0,-0.203,4.3617,inf,0.0
123.9,re,4.8044,1.3987,-2.7754,-2.7754,0.0,-0.203,4.3731,inf,0.0
123.95,re,4.8203,1.405,-2.7736,-2.7736,0.0,-0.203,4.3902,inf,0.0
124.002,re,4.8361,1.4113,-2.7715,-2.7715,0.0,-0.203,4.4072,inf,0.0
124.05,re,4.8465,1.4155,-2.7696,-2.7696,0.0,-0.203,4.4184,inf,0.0
124.1,re,4.857,1.4198,-2.7677,-2.7677,0.0,-0.203,4.4297,inf,0.0
124.15,re,4.8726,1.4262,-2.7648,-2.7648,0.0,-0.203,4.4466,inf,0.0
124.2,re,4.883,1.4305,-2.7627,-2.7627,0.0,-0.203,4.4578,inf,0.0
124.25,re,4.8986,1.437,-2.7597,-2.7597,0.0,-0.203,4.4747,inf,0.0
124.302,re,4.9141,1.4435,-2.7568,-2.7568,0.0,-0.203,4.4916,inf,0.0
124.35,re,4.9245,1.4479,-2.7548,-2.7548,0.0,-0.203,4.5028,inf,0.0
124.4,re,4.9349,1.4523,-2.7528,-2.7528,0.0,-0.203,4.5141,inf,0.0
124.5,seguindo,4.9607,1.4634,-2.748,-2.5351,0.2128,0.5,4.5422,0.9456,0.1578
124.55,seguindo,4.9763,1.4701,-2.7451,-2.538,0.2071,0.5,4.5591,0.9456,-0.1747
124.6,seguindo,4.9866,1.4747,-2.7432,-2.5398,0.2033,0.5,4.5704,0.9456,-0.186
124.65,seguindo,5.0021,1.4814,-2.7403,-2.5425,0.1978,0.5,4.5873,0.9456,-0.2029
124.7,seguindo,5.0124,1.486,-2.7384,-2.5442,0.1942,0.5,4.5986,0.9456,-0.2142
124.75,seguindo,5.0278,1.4929,-2.7355,-2.5465,0.189,0.5,4.6298,0.9456,-0.2453
124.8,seguindo,5.0381,1.4975,-2.7336,-2.635,0.0986,0.5,4.641,0.8469,-0.0263
124.85,seguindo,5.0535,1.5044,-2.7308,-2.6364,0.0944,0.5,4.6579,0.8469,-0.0429
124.9,seguindo,5.0689,1.5114,-2.7279,-2.6376,0.0903,0.5,4.6748,0.8469,-0.0597
124.95,seguindo,5.0792,1.5161,-2.726,-2.6384,0.0876,0.5,4.6861,0.8469,-0.0709
125.0,seguindo,5.0894,1.5208,-2.7241,-2.6392,0.0849,0.5,4.6974,0.8469,-0.0821
125.051,seguindo,5.1024,1.5263,-2.7261,-2.6405,0.0856,0.5,4.7114,0.8469,-0.0961
125.1,seguindo,5.1098,1.5292,-2.7307,-2.6414,0.0893,0.5,4.7194,0.8469,-0.1041
125.15,seguindo,5.1185,1.5325,-2.7335,-2.6425,0.091,0.5,4.7287,0.8469,-0.1133
125.2,seguindo,5.1252,1.5354,-2.7335,-2.6431,0.0904,0.5,4.736,0.8469,-0.1206
125.25,seguindo,5.127,1.5361,-2.7333,-2.6433,0.09,0.5,4.738,0.8469,-0.1226
125.3,seguindo,5.1285,1.5368,-2.7333,-2.6435,0.0899,0.5,4.7396,0.8469,-0.1242
125.35,seguindo,5.1281,1.5367,-2.7315,-2.6434,0.0881,0.5,4.7392,0.8469,-0.1238
125.4,seguindo,5.1267,1.5362,-2.7294,-2.6431,0.0863,0.5,4.7377,0.8469,-0.1223
125.451,seguindo,5.1219,1.5343,-2.7271,-2.6426,0.0845,0.5,4.7326,0.8469,-0.1172
125.5,seguindo,5.1176,1.5324,-2.7262,-2.6241,0.1021,0.5,4.7278,1.1027,-0.0135
125.55,seguindo,5.1085,1.5283,-2.7273,-2.6232,0.1041,0.5,4.7179,1.1027,-0.0067
125.6,seguindo,5.1013,1.5249,-2.7296,-2.6226,0.107,0.5,4.7099,1.1027,-0.0061
125.65,seguindo,5.088,1.5186,-2.7356,-2.6215,0.114,0.5,4.6952,1.1027,-0.0052
125.7,seguindo,5.078,1.5138,-2.7411,-2.6207,0.1204,0.5,4.684,1.1027,-0.0045
125.75,seguindo,5.0611,1.5057,-2.7523,-2.6002,0.152,0.5,4.6653,1.2921,-0.0034
125.8,seguindo,5.049,1.5,-2.7612,-2.5989,0.1623,0.5,4.652,1.2921,-0.0027
125.85,seguindo,5.0309,1.4918,-2.7737,-2.5966,0.1771,0.5,4.6321,1.2921,-0.0019
125.9,seguindo,5.0189,1.4866,-2.7815,-2.5949,0.1866,0.5,4.619,1.2921,-0.0014
125.95,seguindo,5.0011,1.4792,-2.7904,-2.5919,0.1984,0.5,4.5998,1.2921,-0.0012
126.0,seguindo,4.9894,1.4745,-2.7951,-2.5727,0.2224,0.5,4.5872,1.1606,-0.0011
126.05,seguindo,4.9721,1.468,-2.799,-2.569,0.2299,0.5,4.5687,1.1606,-0.0014
126.1,seguindo,4.9607,1.4638,-2.8004,-2.5664,0.2339,0.5,4.5566,1.1606,-0.0018
126.15,seguindo,4.944,1.4579,-2.7997,-2.6219,0.1779,0.5,4.539,1.21,-0.0005
126.2,seguindo,4.9329,1.4541,-2.7984,-2.6197,0.1787,0.5,4.5273,1.21,-0.0009
126.25,seguindo,4.9166,1.4486,-2.7945,-2.5901,0.2045,0.5,4.5102,1.2169,-0.0016
126.3,seguindo,4.9058,1.4449,-2.7914,-2.5876,0.2038,0.5,4.4988,1.2169,-0.0021
126.351,seguindo,4.8896,1.4394,-2.7868,-2.5839,0.2029,0.5,4.4817,1.2169,-0.0027
126.4,seguindo,4.8788,1.4356,-2.7838,-2.5814,0.2024,0.5,4.4704,1.2169,-0.0031
126.45,seguindo,4.8626,1.4299,-2.7795,-2.5776,0.2019,0.5,4.4533,1.2169,-0.0036
126.5,seguindo,4.8517,1.426,-2.7768,-2.575,0.2018,0.5,4.4418,1.2169,-0.0039
126.55,seguindo,4.8355,1.4201,-2.7732,-2.5456,0.2275,0.5,4.4246,1.2318,-0.0042
126.6,seguindo,4.8247,1.4161,-2.771,-2.5429,0.2281,0.5,4.4131,1.2318,-0.0044
126.65,seguindo,4.8084,1.41,-2.768,-2.5388,0.2292,0.5,4.3957,1.2318,-0.0045
126.7,seguindo,4.7975,1.4059,-2.7662,-2.5361,0.2301,0.5,4.3841,1.2318,-0.0046
126.75,seguindo,4.7812,1.3996,-2.7636,-2.4181,0.3455,0.5,4.3667,0.9209,-0.0008
126.8,seguindo,4.7703,1.3955,-2.7619,-2.414,0.3479,0.5,4.3551,0.9209,-0.0015
126.85,seguindo,4.7541,1.3892,-2.7594,-2.4353,0.3242,0.5,4.3543,0.9209,0.0115
126.901,seguindo,4.7378,1.3828,-2.757,-2.4117,0.3453,0.5,4.3369,0.753,0.0106
126.95,seguindo,4.7269,1.3786,-2.7553,-2.4078,0.3476,0.5,4.3253,0.753,0.01
127.0,seguindo,4.7161,1.3743,-2.7536,-2.4038,0.3499,0.5,4.3136,0.753,0.0095
127.051,seguindo,4.6999,1.3679,-2.7511,-2.3977,0.3534,0.5,4.2962,0.753,0.0085
127.1,seguindo,4.6891,1.3636,-2.7493,-2.3936,0.3558,0.5,4.2846,0.753,0.007
127.151,seguindo,4.6729,1.3571,-2.7467,-2.3872,0.3595,0.5,4.2672,0.753,0.0047
127.2,seguindo,4.6621,1.3527,-2.7449,-2.3753,0.3696,0.5,4.2555,0.7529,0.0033
127.25,seguindo,4.6488,1.3472,-2.745,-2.3703,0.3748,0.5,4.2411,0.7529,0.0016
127.3,seguindo,4.6411,1.3439,-2.7461,-2.3933,0.3527,0.5,4.2328,1.4091,0.0195
127.35,seguindo,4.6323,1.3401,-2.7479,-2.3902,0.3577,0.5,4.2232,1.4091,0.0152
127.4,seguindo,4.6252,1.337,-2.7495,-2.3876,0.3618,0.5,4.2154,1.4091,0.0143
127.452,seguindo,4.6232,1.336,-2.7507,-2.3869,0.3638,0.5,4.2132,1.4091,0.0142
127.5,seguindo,4.6214,1.3352,-2.7518,-2.3863,0.3655,0.5,4.2112,1.4091,0.014
127.55,seguindo,4.6214,1.3351,-2.7536,-2.3864,0.3672,0.5,4.2112,1.4091,0.0141
127.6,seguindo,4.6226,1.3354,-2.7547,-2.387,0.3678,0.5,4.2124,1.4091,0.0144
127.65,seguindo,4.6215,1.3352,-2.7521,-2.3864,0.3656,0.5,4.2113,1.4091,0.0141
127.7,seguindo,4.6195,1.3347,-2.748,-2.3854,0.3626,0.5,4.2093,1.4091,0.0135
127.75,seguindo,4.6138,1.3331,-2.7374,-2.3826,0.3548,0.5,4.2034,1.4091,0.0121
127.8,seguindo,4.6086,1.3317,-2.7281,-2.3801,0.348,0.5,4.1981,1.4091,0.0108
127.85,seguindo,4.5984,1.3287,-2.709,-2.3751,0.3339,0.5,4.1876,1.4091,0.0085
127.902,seguindo,4.5863,1.325,-2.6864,-2.3865,0.2999,0.5,4.175,1.6539,-0.0017
127.95,seguindo,4.5787,1.3227,-2.6715,-2.383,0.2885,0.5,4.1671,1.6539,-0.0034
128.0,seguindo,4.5712,1.3203,-2.657,-2.3796,0.2774,0.5,4.1593,1.6539,-0.005
128.05,seguindo,4.5585,1.3155,-2.6357,-2.3743,0.2614,0.5,4.1458,1.6539,-0.007
128.1,seguindo,4.5494,1.3117,-2.622,-2.3576,0.2644,0.5,4.1359,1.6539,-0.0081
128.151,seguindo,4.5359,1.3056,-2.6022,-2.3526,0.2497,0.5,4.1211,1.6539,-0.0095
128.2,seguindo,4.5268,1.3014,-2.5895,-2.3493,0.2402,0.5,4.1111,1.6539,-0.0102
128.25,seguindo,4.5137,1.2954,-2.5665,-2.3444,0.2221,0.5,4.0967,1.6539,-0.0118
128.301,seguindo,4.501,1.2893,-2.5417,-2.3395,0.2021,0.5,4.0826,1.6539,-0.014
128.35,seguindo,4.4926,1.2851,-2.5251,-2.3424,0.1828,0.5,4.0978,1.6539,-0.0097
128.4,seguindo,4.4842,1.2808,-2.5086,-2.3395,0.1691,0.5,4.0885,1.6539,-0.0108
128.45,seguindo,4.4718,1.274,-2.484,-2.3353,0.1487,0.5,4.0744,1.6539,-0.0122
128.5,seguindo,4.4636,1.2692,-2.4678,-2.3327,0.1351,0.5,4.0649,1.6539,-0.0129
128.55,seguindo,4.4515,1.2619,-2.4435,-2.3252,0.1183,0.5,4.0509,1.6553,-0.0137
128.6,seguindo,4.4435,1.2568,-2.4272,-2.3229,0.1043,0.5,4.0415,1.6553,-0.0141
128.65,seguindo,4.4317,1.249,-2.403,-2.3198,0.0832,0.5,4.0275,1.6553,-0.0143
128.7,seguindo,4.4239,1.2435,-2.3871,-2.3178,0.0693,0.5,4.0181,1.6553,-0.0142
128.75,seguindo,4.4123,1.2351,-2.3638,-2.3443,0.0196,0.5,4.0041,1.4882,0.0155
128.8,seguindo,4.4045,1.2292,-2.3488,-2.3429,0.0059,0.5,3.9946,1.4882,0.0077
128.85,seguindo,4.393,1.22,-2.3271,-2.342,-0.0149,0.5,3.9724,1.4882,0.0044
128.9,seguindo,4.3814,1.2105,-2.3062,-2.3403,-0.0341,0.5,3.9579,1.4882,0.0018
128.951,seguindo,4.3738,1.2038,-2.2934,-2.3612,-0.0678,0.5,3.9483,1.4465,0.0004
129.0,seguindo,4.3663,1.197,-2.281,-2.3608,-0.0798,0.5,3.9386,1.4465,-0.0009
129.05,seguindo,4.3544,1.1849,-2.2674,-2.3609,-0.0935,0.5,3.9228,1.4465,-0.0021
129.1,seguindo,4.3463,1.1762,-2.261,-2.3614,-0.1005,0.5,3.9119,1.4465,-0.0027
129.151,seguindo,4.3346,1.1626,-2.257,-2.3629,-0.1059,0.5,3.8958,1.4465,-0.0039
129.2,seguindo,4.327,1.1534,-2.2564,-2.3642,-0.1078,0.5,3.8851,1.4465,-0.0044
129.25,seguindo,4.3157,1.1396,-2.2559,-2.3896,-0.1337,0.5,3.8692,1.4372,-0.0052
129.3,seguindo,4.3082,1.1304,-2.2558,-2.3912,-0.1353,0.5,3.8587,1.4372,-0.0057
129.35,seguindo,4.2969,1.1166,-2.2555,-2.3935,-0.138,0.5,3.8428,1.4372,-0.0065
129.4,seguindo,4.2894,1.1074,-2.2552,-2.3952,-0.1399,0.5,3.8323,1.4372,-0.007
129.45,seguindo,4.2781,1.0938,-2.2542,-2.3976,-0.1434,0.5,3.8166,1.4372,-0.0078
129.5,seguindo,4.2707,1.0847,-2.2533,-2.4233,-0.17,0.5,3.8062,1.4233,-0.0083
129.55,seguindo,4.2595,1.0712,-2.2512,-2.4261,-0.1749,0.5,3.7906,1.4233,-0.0092
129.601,seguindo,4.2484,1.0578,-2.2486,-2.2744,-0.0258,0.5,3.7752,28.5369,0.0004
129.65,seguindo,4.241,1.0489,-2.2465,-2.2746,-0.0281,0.5,3.7649,28.5369,0.0006
129.7,seguindo,4.2336,1.0399,-2.2444,-2.2751,-0.0308,0.5,3.7547,31.6583,0.0008
129.751,seguindo,4.2226,1.0265,-2.2413,-2.2754,-0.0341,0.5,3.7394,31.6583,0.0012
129.8,seguindo,4.2153,1.0175,-2.2393,-2.2757,-0.0364,0.5,3.7292,31.6583,0.0014
129.851,seguindo,4.2043,1.004,-2.2363,-2.2761,-0.0397,0.5,3.7139,31.6583,0.0019
129.9,seguindo,4.1971,0.995,-2.2344,-2.2764,-0.042,0.5,3.7038,31.6583,0.0022
129.951,seguindo,4.1862,0.9814,-2.2316,-2.2769,-0.0454,0.5,3.6886,31.6583,0.0028
130.0,seguindo,4.1789,0.9723,-2.2297,-2.2797,-0.0501,0.5,3.6785,34.3602,0.0032
130.05,seguindo,4.1681,0.9587,-2.2269,-2.3025,-0.0757,0.5,3.6847,34.3602,0.0162
130.1,seguindo,4.1609,0.9495,-2.225,-2.3032,-0.0782,0.5,3.6747,34.3602,0.0167
130.15,seguindo,4.1502,0.9358,-2.2223,-2.3044,-0.0821,0.5,3.6598,34.3602,0.0177
130.2,seguindo,4.143,0.9267,-2.2205,-2.3052,-0.0847,0.5,3.6498,34.3602,0.0183
130.25,seguindo,4.1323,0.9129,-2.2179,-2.5377,-0.3198,0.5,3.6349,1.1294,0.0148
130.3,seguindo,4.1252,0.9037,-2.2161,-2.5411,-0.325,0.5,3.625,1.1294,0.0141
130.351,seguindo,4.1145,0.8899,-2.2135,-2.5464,-0.3329,0.5,3.6102,1.1294,0.0151
130.4,seguindo,4.1075,0.8806,-2.2117,-2.55,-0.3383,0.5,3.6004,1.1294,0.0158
130.45,seguindo,4.0969,0.8668,-2.2091,-2.5746,-0.3655,0.5,3.5856,1.0801,0.0169
130.5,seguindo,4.0898,0.8575,-2.2073,-2.5784,-0.3711,0.5,3.5758,1.0801,0.0176
130.55,seguindo,4.0793,0.8436,-2.2046,-2.5844,-0.3797,0.5,3.5612,1.0801,0.0188
130.6,seguindo,4.0688,0.8297,-2.202,-2.5905,-0.3885,0.5,3.5466,1.0801,0.0209
130.65,seguindo,4.0619,0.8204,-2.2002,-2.5947,-0.3946,0.5,3.5369,1.0801,0.0223
130.7,seguindo,4.0549,0.8111,-2.1984,-2.6156,-0.4172,0.5,3.5272,1.064,0.0238
130.75,seguindo,4.0446,0.7965,-2.2007,-2.4483,-0.2476,0.5,3.5126,2.6011,0.0167
130.8,seguindo,4.0376,0.7865,-2.2041,-2.4514,-0.2473,0.5,3.5027,2.6011,0.017
130.85,seguindo,4.0275,0.7715,-2.2142,-2.4564,-0.2421,0.5,3.4882,2.6011,0.0192
130.9,seguindo,4.0208,0.7614,-2.2228,-2.4598,-0.237,0.5,3.4786,2.6011,0.0208
130.95,seguindo,4.0109,0.7463,-2.2406,-2.4778,-0.2372,0.5,3.4643,2.1707,0.0233
131.0,seguindo,4.0043,0.7363,-2.2543,-2.4814,-0.2271,0.5,3.4548,2.1707,0.0249
131.051,seguindo,3.9944,0.7213,-2.2798,-2.4869,-0.2071,0.5,3.4407,2.1707,0.0276
131.1,seguindo,3.9878,0.7113,-2.2986,-2.4906,-0.192,0.5,3.4313,2.1707,0.0303
131.15,seguindo,3.9776,0.6966,-2.3291,-2.5044,-0.1753,0.5,3.4267,2.1707,0.0306
131.2,seguindo,3.9707,0.687,-2.3502,-2.5079,-0.1578,0.5,3.4172,2.1707,0.033
131.25,seguindo,3.9594,0.6725,-2.379,-2.5259,-0.147,0.5,3.4021,1.9264,0.0359
131.3,seguindo,3.9512,0.663,-2.3957,-2.5484,-0.1527,0.5,3.3914,0.9299,-0.0128
131.351,seguindo,3.9384,0.6488,-2.4191,-2.5529,-0.1338,0.5,3.375,0.9299,-0.0012
131.4,seguindo,3.9296,0.6396,-2.4344,-2.5557,-0.1213,0.5,3.3639,0.9299,-0.0004
131.45,seguindo,3.9161,0.6259,-2.457,-2.5597,-0.1028,0.5,3.3471,0.9299,0.0004
131.5,seguindo,3.9069,0.617,-2.4719,-2.5861,-0.1142,0.5,3.3357,0.9494,0.0007
131.55,seguindo,3.8928,0.6038,-2.4934,-2.5897,-0.0963,0.5,3.3184,0.9494,0.0008
131.6,seguindo,3.883,0.5951,-2.5069,-2.592,-0.0851,0.5,3.3066,0.9494,0.0005
131.652,seguindo,3.8681,0.5824,-2.5263,-2.6099,-0.0837,0.5,3.3035,0.9494,0.01
131.7,seguindo,3.8577,0.574,-2.5378,-2.6119,-0.0741,0.5,3.2913,0.9494,0.0092
131.75,seguindo,3.8419,0.5616,-2.5548,-2.6366,-0.0818,0.5,3.2728,1.0106,0.0076
131.801,seguindo,3.8313,0.5535,-2.566,-2.6385,-0.0725,0.5,3.2603,1.0106,0.0064
131.85,seguindo,3.8151,0.5417,-2.5814,-2.6617,-0.0803,0.5,3.2416,1.7975,0.0136
131.9,seguindo,3.8042,0.534,-2.5905,-2.6634,-0.0729,0.5,3.229,1.7975,0.0072
131.95,seguindo,3.7877,0.5228,-2.6038,-2.6657,-0.062,0.5,3.2101,1.7975,0.0071
132.0,seguindo,3.7711,0.5118,-2.6167,-2.681,-0.0642,0.5,3.1912,1.7025,0.0067
132.05,seguindo,3.7613,0.5058,-2.621,-2.682,-0.0609,0.5,3.1802,1.7025,0.0062
132.1,seguindo,3.7515,0.4999,-2.6245,-2.6829,-0.0584,0.5,3.1693,1.7025,0.0055
132.15,seguindo,3.7366,0.4914,-2.6245,-2.6838,-0.0593,0.5,3.1527,1.7025,0.004
132.2,seguindo,3.7217,0.4831,-2.6219,-2.6846,-0.0628,0.5,3.1362,1.7025,0.0023
132.25,seguindo,3.7117,0.4777,-2.6185,-2.6851,-0.0666,0.5,3.1251,1.7025,0.0011
132.3,seguindo,3.7017,0.4722,-2.6152,-2.6982,-0.083,0.5,3.1141,1.8069,-0.0001
132.35,seguindo,3.6868,0.464,-2.6102,-2.6992,-0.0889,0.5,3.0975,1.8069,-0.0018
132.4,seguindo,3.6768,0.4584,-2.6069,-2.6999,-0.093,0.5,3.0865,1.8069,-0.0029
132.45,seguindo,3.6619,0.45,-2.6023,-2.5756,0.0267,0.5,3.0699,1.4567,0.0121
132.5,seguindo,3.652,0.4443,-2.5996,-2.5751,0.0245,0.5,3.0589,1.4567,0.0087
132.55,seguindo,3.637,0.4355,-2.5964,-2.5744,0.022,0.5,3.0422,1.4567,0.0066
132.602,seguindo,3.622,0.4266,-2.5938,-2.5945,-0.0007,0.5,3.0254,1.4041,0.0045
132.65,seguindo,3.612,0.4207,-2.5922,-2.5943,-0.0022,0.5,3.0143,1.4041,0.0031
132.7,seguindo,3.602,0.4147,-2.5905,-2.5943,-0.0037,0.5,3.0031,1.4041,0.0018
132.751,seguindo,3.587,0.4057,-2.5881,-2.6497,-0.0616,0.5,2.9884,1.4041,0.0231
132.8,seguindo,3.577,0.3997,-2.5864,-2.6503,-0.0639,0.5,2.9774,1.4041,0.0214
132.85,seguindo,3.5621,0.3906,-2.5841,-2.6716,-0.0875,0.5,2.9609,1.396,0.019
132.9,seguindo,3.5521,0.3845,-2.5826,-2.6724,-0.0899,0.5,2.9499,1.396,0.0175
132.95,seguindo,3.5372,0.3754,-2.5801,-2.6738,-0.0937,0.5,2.9335,1.396,0.0151
133.0,seguindo,3.5273,0.3693,-2.5784,-2.6748,-0.0963,0.5,2.9226,1.396,0.0136
133.05,seguindo,3.5124,0.3602,-2.5758,-2.6763,-0.1005,0.5,2.9062,1.396,0.0113
133.1,seguindo,3.5025,0.3541,-2.5741,-2.6773,-0.1033,0.5,2.8954,1.396,0.0098
133.15,seguindo,3.4877,0.3449,-2.5714,-2.6999,-0.1286,0.5,2.8791,1.4269,0.0076
133.201,seguindo,3.4729,0.3356,-2.5686,-2.8618,-0.2931,0.5,2.8628,1.6349,0.0289
133.25,seguindo,3.4631,0.3294,-2.5668,-2.8649,-0.2981,0.5,2.852,1.6349,0.0294
133.301,seguindo,3.4484,0.3201,-2.564,-2.8716,-0.3076,0.5,2.8358,1.637,0.0302
133.35,seguindo,3.4386,0.3139,-2.5621,-2.8747,-0.3126,0.5,2.825,1.637,0.0308
133.401,seguindo,3.4239,0.3045,-2.5594,-2.8796,-0.3202,0.5,2.8088,1.637,0.0318
133.45,seguindo,3.4141,0.2983,-2.5576,-2.883,-0.3253,0.5,2.7981,1.637,0.0329
133.5,seguindo,3.4043,0.292,-2.5558,-2.8864,-0.3306,0.5,2.7874,1.637,0.034
133.55,seguindo,3.3897,0.2825,-2.5532,-2.8922,-0.339,0.5,2.7713,1.7646,0.0358
133.6,seguindo,3.3799,0.2761,-2.5515,-2.8957,-0.3442,0.5,2.7606,1.7646,0.037
133.65,seguindo,3.365,0.2659,-2.5538,-2.9015,-0.3478,0.5,2.7441,1.7646,0.0393
133.7,seguindo,3.355,0.2589,-2.5572,-2.9057,-0.3485,0.5,2.733,1.7646,0.0415
133.75,seguindo,3.3401,0.2482,-2.5672,-2.9124,-0.3452,0.5,2.7165,1.7646,0.045
133.8,seguindo,3.3302,0.241,-2.5757,-2.9159,-0.3402,0.5,2.7056,2.1998,0.0474
133.85,seguindo,3.3154,0.2301,-2.5934,-2.9232,-0.3298,0.5,2.7103,2.1998,0.0479
133.9,seguindo,3.3056,0.2229,-2.6071,-2.9277,-0.3206,0.5,2.6995,2.1998,0.0504
133.95,seguindo,3.2909,0.212,-2.6326,-2.9347,-0.302,0.5,2.6832,2.1998,0.0543
134.0,seguindo,3.281,0.2049,-2.6514,-2.9393,-0.2879,0.5,2.6724,2.1998,0.0571
134.05,seguindo,3.2659,0.1945,-2.68,-2.8996,-0.2196,0.5,2.6559,1.6599,-0.0108
134.1,seguindo,3.2557,0.1878,-2.6991,-2.9036,-0.2045,0.5,2.6449,1.6599,0.0012
134.151,seguindo,3.2401,0.1781,-2.7275,-2.9094,-0.1818,0.5,2.6281,1.6599,0.0036
134.2,seguindo,3.2296,0.1719,-2.7464,-2.9131,-0.1667,0.5,2.6167,1.6599,0.0049
134.25,seguindo,3.2135,0.163,-2.7743,-2.9211,-0.1468,0.5,2.5996,1.7582,0.0065
134.3,seguindo,3.1971,0.1546,-2.802,-2.9257,-0.1237,0.5,2.5822,1.7582,0.0074
134.35,seguindo,3.1859,0.1492,-2.8199,-2.9285,-0.1086,0.5,2.5704,1.7582,0.0081
134.4,seguindo,3.1747,0.144,-2.8377,-2.9087,-0.0711,0.5,2.5549,1.7582,-0.0023
134.45,seguindo,3.1575,0.1367,-2.8636,-2.9144,-0.0508,0.5,2.5368,2.1355,-0.002
134.5,seguindo,3.1458,0.132,-2.8804,-2.9162,-0.0359,0.5,2.5246,2.1355,-0.0022
134.55,seguindo,3.1279,0.1254,-2.9039,-2.9186,-0.0147,0.5,2.5059,2.1355,-0.0029
134.6,seguindo,3.1156,0.1214,-2.9178,-2.9199,-0.0021,0.5,2.4932,2.1355,-0.0033
134.652,seguindo,3.0968,0.1156,-2.9374,-2.9303,0.0071,0.5,2.4738,inf,-0.0178
134.7,seguindo,3.0777,0.1104,-2.9554,-2.9314,0.024,0.5,2.454,inf,-0.0155
134.75,seguindo,3.0647,0.1071,-2.9665,-2.9319,0.0346,0.5,2.4407,inf,-0.0148
134.8,seguindo,3.0515,0.1039,-2.9767,-2.9331,0.0436,0.5,2.4273,inf,-0.0143
134.85,seguindo,3.0335,0.1001,-2.9885,-2.9331,0.0553,0.5,2.4089,inf,-0.014
134.9,seguindo,3.0222,0.0978,-2.9955,-2.933,0.0625,0.5,2.3974,inf,-0.014
134.95,seguindo,3.0052,0.095,-2.9994,-2.9323,0.0671,0.5,2.3802,inf,-0.0145
135.001,seguindo,2.9882,0.0926,-2.9993,-2.9311,0.0682,0.5,2.363,inf,-0.0155
135.05,seguindo,2.9768,0.0913,-2.9955,-2.9311,0.0643,0.5,2.3515,28887.9711,-0.0164
135.1,seguindo,2.9655,0.0899,-2.9914,-2.9302,0.0613,0.5,2.3401,28887.9711,-0.0172
135.151,seguindo,2.9484,0.0878,-2.985,-2.933,0.052,0.5,2.3229,31109.6826,-0.014
135.2,seguindo,2.9371,0.0864,-2.9807,-2.9321,0.0486,0.5,2.3115,31109.6826,-0.0148
135.25,seguindo,2.9201,0.084,-2.9748,-2.8949,0.0799,0.5,2.295,31109.625,-0.0257
135.3,seguindo,2.9087,0.0824,-2.9711,-2.8938,0.0773,0.5,2.2836,31109.625,-0.0266
135.35,seguindo,2.8915,0.0797,-2.967,-2.8923,0.0747,0.5,2.2662,31109.625,-0.0278
135.4,seguindo,2.88,0.0779,-2.965,-2.8913,0.0737,0.5,2.2545,31109.625,-0.0285
135.45,seguindo,2.8628,0.075,-2.9624,-2.8899,0.0725,0.5,2.2371,31109.625,-0.0295
135.5,seguindo,2.8456,0.0721,-2.9599,-2.8905,0.0695,0.5,2.2196,31109.625,-0.0305
135.55,seguindo,2.8341,0.0701,-2.9582,-2.8896,0.0686,0.5,2.208,31109.625,-0.0311
135.6,seguindo,2.8227,0.0681,-2.9566,-2.8887,0.0678,0.5,2.1963,31109.625,-0.0317
135.65,seguindo,2.8055,0.0651,-2.954,-2.9055,0.0486,0.5,2.1789,30731.6167,-0.0132
135.7,seguindo,2.794,0.063,-2.9523,-2.9048,0.0475,0.5,2.1672,30731.6167,-0.0138
135.75,seguindo,2.7768,0.0599,-2.9498,-2.9038,0.046,0.5,2.1498,30731.6167,-0.0146
135.8,seguindo,2.7597,0.0568,-2.9472,-2.9038,0.0434,0.5,2.1323,32949.5008,-0.0153
135.85,seguindo,2.7482,0.0547,-2.9454,-2.9032,0.0421,0.5,2.1207,32949.5008,-0.0158
135.9,seguindo,2.7368,0.0525,-2.9436,-2.9027,0.0409,0.5,2.1091,32949.5008,-0.0162
135.951,seguindo,2.7197,0.0493,-2.9408,-2.9018,0.0391,0.5,2.0917,32949.5008,-0.0169
136.0,seguindo,2.7083,0.0471,-2.939,-2.9012,0.0378,0.5,2.08,32949.5008,-0.0173
136.05,seguindo,2.6912,0.0438,-2.9363,-2.9015,0.0348,0.5,2.0626,32949.5008,-0.0178
136.1,seguindo,2.6798,0.0416,-2.9345,-2.901,0.0335,0.5,2.051,32949.5008,-0.0182
136.15,seguindo,2.6627,0.0382,-2.9318,-2.9003,0.0316,0.5,2.0336,32949.5008,-0.0187
136.201,seguindo,2.6456,0.0347,-2.9291,-2.915,0.0141,0.5,2.0162,34582.2844,-0.0037
136.25,seguindo,2.6342,0.0324,-2.9272,-2.8975,0.0297,0.5,2.0155,34582.2844,-0.0175
136.3,seguindo,2.6228,0.0301,-2.9253,-2.897,0.0283,0.5,2.0039,34582.2844,-0.0178
136.352,seguindo,2.6058,0.0266,-2.9225,-2.8963,0.0262,0.5,1.9865,34582.2844,-0.0182
136.4,seguindo,2.5944,0.0242,-2.9207,-2.8972,0.0236,0.5,1.9749,32260.6107,-0.0184
136.45,seguindo,2.5773,0.0206,-2.9181,-2.8966,0.0215,0.5,1.9575,32260.6107,-0.0187
136.5,seguindo,2.566,0.0181,-2.9163,-2.8962,0.0201,0.5,1.9459,32260.6107,-0.0189
136.55,seguindo,2.5489,0.0144,-2.9136,-2.8957,0.0179,0.5,1.9284,32260.6107,-0.0191
136.6,seguindo,2.5376,0.0119,-2.9118,-2.8953,0.0165,0.5,1.9168,32260.6107,-0.0192
136.65,seguindo,2.5206,0.0081,-2.9091,-2.8962,0.0129,0.5,1.8994,34582.2844,-0.0194
136.7,seguindo,2.5092,0.0056,-2.9073,-2.8959,0.0114,0.5,1.8878,34582.2844,-0.0194
136.75,seguindo,2.4922,0.0017,-2.9047,-2.8956,0.0091,0.5,1.8704,34582.2844,-0.0195
136.8,seguindo,2.4809,-0.0009,-2.9029,-2.9004,0.0025,0.5,1.8587,inf,-0.0184
136.851,seguindo,2.4639,-0.0048,-2.9002,-2.9001,0.0001,0.5,1.8413,inf,-0.0142
136.9,seguindo,2.4526,-0.0075,-2.8984,-2.9,-0.0016,0.5,1.8297,inf,-0.0141
136.95,seguindo,2.4356,-0.0115,-2.8957,-2.8998,-0.0041,0.5,1.8123,inf,-0.0141
137.0,seguindo,2.4243,-0.0142,-2.894,-2.9007,-0.0068,0.5,1.8007,31265.9479,-0.014
137.05,seguindo,2.4074,-0.0182,-2.8913,-2.9007,-0.0094,0.5,1.7833,31265.9479,-0.0138
137.101,seguindo,2.3904,-0.0224,-2.8886,-2.9006,-0.012,0.5,1.7659,31265.9479,-0.0136
137.15,seguindo,2.3791,-0.0251,-2.8867,-2.8702,0.0165,0.5,1.7419,31265.9479,-0.0266
137.2,seguindo,2.3679,-0.0279,-2.8849,-2.8718,0.0131,0.5,1.7303,62531.838,-0.0266
137.25,seguindo,2.351,-0.0322,-2.8822,-2.8714,0.0108,0.5,1.7128,62531.838,-0.0266
137.3,seguindo,2.3397,-0.035,-2.8804,-2.8711,0.0093,0.5,1.7012,62531.838,-0.0265
137.35,seguindo,2.3228,-0.0393,-2.8778,-2.8708,0.007,0.5,1.6838,62531.838,-0.0264
137.401,seguindo,2.3059,-0.0437,-2.8752,-2.8723,0.0028,0.5,1.6664,62531.8958,-0.0263
137.45,seguindo,2.2947,-0.0466,-2.8734,-2.8722,0.0012,0.5,1.6548,62531.8958,-0.0262
137.5,seguindo,2.2834,-0.0496,-2.8716,-2.872,-0.0004,0.5,1.6432,62531.8958,-0.026
137.55,seguindo,2.2666,-0.054,-2.8689,-2.8718,-0.003,0.5,1.6258,62531.8958,-0.0258
137.6,seguindo,2.2553,-0.057,-2.867,-2.917,-0.05,0.5,1.6142,13.0962,-0.0152
137.65,seguindo,2.2385,-0.0616,-2.8643,-2.9189,-0.0546,0.5,1.5968,30885.3983,-0.015
137.7,seguindo,2.2273,-0.0646,-2.8625,-2.9194,-0.0569,0.5,1.5852,30885.3983,-0.0149
137.75,seguindo,2.2105,-0.0692,-2.8598,-2.9202,-0.0603,0.5,1.5678,30885.3983,-0.0147
137.8,seguindo,2.1993,-0.0723,-2.858,-2.9207,-0.0627,0.5,1.5563,30885.3983,-0.014
137.85,seguindo,2.1825,-0.077,-2.8554,-2.9217,-0.0663,0.5,1.5389,30885.3983,-0.0129
137.9,seguindo,2.1713,-0.0802,-2.8536,-2.9232,-0.0696,0.5,1.5273,30885.3983,-0.0121
137.95,seguindo,2.1545,-0.0849,-2.8509,-2.9242,-0.0733,0.5,1.5099,30885.3983,-0.0109
138.001,seguindo,2.1378,-0.0897,-2.8482,-2.9253,-0.0771,0.5,1.4926,30885.3983,-0.0096
138.052,seguindo,2.1266,-0.093,-2.8464,-2.9566,-0.1102,0.5,1.4792,30885.3983,0.0152
138.1,seguindo,2.1155,-0.0962,-2.8446,-2.9578,-0.1132,0.5,1.4677,30885.3983,0.0161
138.15,seguindo,2.0987,-0.1011,-2.8419,-2.9584,-0.1165,0.5,1.4504,30885.3983,0.0176
138.2,seguindo,2.0876,-0.1044,-2.84,-2.9596,-0.1195,0.5,1.4388,30885.3983,0.0186
138.25,seguindo,2.0709,-0.1094,-2.8373,-2.9615,-0.1241,0.5,1.4216,30885.3983,0.0202
138.3,seguindo,2.0598,-0.1128,-2.8355,-2.9628,-0.1273,0.5,1.41,30885.3983,0.0213
138.35,seguindo,2.0431,-0.1178,-2.8328,-2.9634,-0.1306,0.5,1.3928,13.9722,0.0248
138.4,seguindo,2.032,-0.1212,-2.8311,-2.9648,-0.1337,0.5,1.3812,13.9722,0.0254
138.451,seguindo,2.0153,-0.1264,-2.8284,-2.9652,-0.1368,0.5,1.364,66686.237,0.0263
138.5,seguindo,2.0042,-0.1298,-2.8266,-2.9665,-0.14,0.5,1.3525,66686.237,0.0269
138.55,seguindo,1.9905,-0.1342,-2.8256,-2.9684,-0.1428,0.5,1.3383,66686.237,0.0278
138.6,seguindo,1.9826,-0.1368,-2.8255,-2.9695,-0.144,0.5,1.3301,66686.237,0.0285
138.65,seguindo,1.9736,-0.1397,-2.8255,-2.9708,-0.1453,0.5,1.3207,66686.237,0.0296
138.7,seguindo,1.9687,-0.1413,-2.8255,-2.9715,-0.146,0.5,1.3157,66686.237,0.0302
138.75,seguindo,1.9588,-0.1445,-2.8233,-2.973,-0.1497,0.5,1.3054,66686.237,0.0314
138.801,seguindo,1.9469,-0.1481,-2.8198,-2.9723,-0.1525,0.5,1.2931,59844.9406,0.0326
138.852,seguindo,1.9363,-0.1515,-2.8173,-2.9738,-0.1565,0.5,1.2821,59844.9406,0.0338
138.9,seguindo,1.9253,-0.1551,-2.8151,-2.9753,-0.1603,0.5,1.2707,59844.9406,0.0351
138.95,seguindo,1.9086,-0.1606,-2.8133,-2.9779,-0.1646,0.5,1.2534,59844.9406,0.0372
139.0,seguindo,1.8974,-0.1644,-2.8127,-2.9798,-0.1671,0.5,1.2418,59844.9406,0.0387
139.05,seguindo,1.8804,-0.1703,-2.8139,-2.9807,-0.1668,0.5,1.2241,7.108,-0.0
139.1,seguindo,1.8689,-0.1743,-2.8154,-2.9828,-0.1674,0.5,1.2122,7.108,0.0011
139.151,seguindo,1.8515,-0.1805,-2.8193,-2.9862,-0.1669,0.5,1.1942,7.108,0.0029
139.2,seguindo,1.8398,-0.1846,-2.8225,-2.9906,-0.1681,0.5,1.1862,1315.1454,0.0007
139.25,seguindo,1.8226,-0.1905,-2.825,-2.9937,-0.1687,0.5,1.1683,1315.1454,0.0023
139.3,seguindo,1.8054,-0.1962,-2.8262,-2.9968,-0.1706,0.5,1.1506,1315.1454,0.0039
139.35,seguindo,1.7943,-0.1998,-2.825,-2.9987,-0.1737,0.5,1.1391,1315.1454,0.0058
139.4,seguindo,1.7831,-0.2033,-2.8238,-3.0007,-0.1769,0.5,1.1276,1315.1454,0.0076
139.45,seguindo,1.7665,-0.2086,-2.8211,-3.0111,-0.19,0.5,1.1105,62525.4491,0.0103
139.5,seguindo,1.7555,-0.2121,-2.8191,-3.013,-0.194,0.5,1.0992,62525.4491,0.0122
139.551,seguindo,1.7389,-0.2173,-2.8158,-3.0161,-0.2003,0.5,1.0822,5.2575,-0.0025
139.602,seguindo,1.7224,-0.2227,-2.8124,-3.0193,-0.2069,0.5,1.0652,5.2575,-0.0012
139.65,seguindo,1.7115,-0.2262,-2.8102,-3.0215,-0.2113,0.5,1.0539,5.2575,-0.0004
139.7,seguindo,1.7005,-0.2298,-2.808,-3.0406,-0.2326,0.5,1.0426,126.476,0.0005
139.75,seguindo,1.684,-0.2353,-2.8048,-3.0443,-0.2395,0.5,1.0257,126.476,0.0019
139.8,seguindo,1.6675,-0.2408,-2.8017,-3.0482,-0.2465,0.5,1.0087,126.476,0.0038
139.85,seguindo,1.6566,-0.2445,-2.7996,-3.0509,-0.2512,0.5,0.9975,126.476,0.0061
139.9,seguindo,1.6456,-0.2483,-2.7976,-3.0536,-0.2561,0.5,0.9862,126.476,0.0084
139.95,seguindo,1.6291,-0.2539,-2.7947,-3.058,-0.2633,0.5,0.9693,7.2458,0.012
140.0,seguindo,1.6182,-0.2578,-2.7929,-3.061,-0.2681,0.5,0.9581,7.2458,0.0144
140.05,seguindo,1.6017,-0.2636,-2.7903,-3.0546,-0.2643,0.5,0.9183,7.2458,0.0097
140.1,seguindo,1.5907,-0.2674,-2.7886,-3.0578,-0.2693,0.5,0.907,7.2458,0.0122
140.15,seguindo,1.5743,-0.2733,-2.786,-3.0628,-0.2769,0.5,0.8901,2.9767,-0.0109
140.2,seguindo,1.5579,-0.2792,-2.7834,-3.0681,-0.2847,0.5,0.8733,34.5354,-0.0091
140.251,seguindo,1.5469,-0.2831,-2.7816,-3.0717,-0.2901,0.5,0.8621,34.5354,-0.0078
140.3,seguindo,1.536,-0.2871,-2.7799,-3.0755,-0.2956,0.5,0.851,34.5354,-0.0066
140.351,seguindo,1.5196,-0.2931,-2.7773,-3.0814,-0.3041,0.5,0.8342,34.5354,-0.0041
140.4,seguindo,1.5087,-0.2971,-2.7756,-3.0855,-0.3099,0.5,0.8231,34.5354,-0.0011
140.45,seguindo,1.4924,-0.3032,-2.7729,-3.0918,-0.3189,0.5,0.8064,34.5354,0.0034
140.5,seguindo,1.4815,-0.3073,-2.7712,-3.0963,-0.3251,0.5,0.7954,18.6911,0.0064
140.55,seguindo,1.4651,-0.3134,-2.7685,-3.1032,-0.3347,0.5,0.7788,18.6911,0.0109
140.6,seguindo,1.4543,-0.3175,-2.7667,-3.108,-0.3413,0.5,0.7678,18.6911,0.014
140.65,seguindo,1.4375,-0.3243,-2.7688,-3.1162,-0.3474,0.5,0.7508,1.0578,-0.0129
140.7,seguindo,1.4261,-0.329,-2.7721,-3.1222,-0.3501,0.5,0.7393,2.5582,-0.0122
140.75,seguindo,1.4092,-0.3363,-2.7822,-3.1319,-0.3498,0.5,0.7223,2.5582,-0.0107
140.8,seguindo,1.3979,-0.3413,-2.7907,-3.1387,-0.348,0.5,0.711,2.5582,-0.0097
140.85,seguindo,1.3811,-0.3488,-2.8085,3.1337,-0.341,0.5,0.6942,2.5582,-0.0054
140.9,seguindo,1.3699,-0.3538,-2.8222,3.1263,-0.3347,0.5,0.6831,2.5582,-0.0025
140.951,seguindo,1.3532,-0.3613,-2.8476,3.1147,-0.3209,0.5,0.6665,6.4538,0.002
141.0,seguindo,1.342,-0.3661,-2.8663,3.1068,-0.3101,0.5,0.6554,6.4538,0.0048
141.051,seguindo,1.325,-0.3731,-2.8948,3.095,-0.2934,0.5,0.6388,6.4538,0.0094
141.103,seguindo,1.3079,-0.3795,-2.9234,3.0833,-0.2765,0.5,0.622,6.4538,0.0155
141.15,seguindo,1.2963,-0.3835,-2.9423,3.0757,-0.2653,0.5,0.6107,2.2239,0.0023
141.2,seguindo,1.2789,-0.3892,-2.9706,3.0643,-0.2483,0.5,0.5937,2.2239,0.0052
141.25,seguindo,1.2671,-0.3926,-2.9893,3.0568,-0.2371,0.5,0.5823,9.5602,0.0069
141.304,seguindo,1.2494,-0.3974,-3.0173,3.0618,-0.2042,0.5,0.5499,9.5602,-0.0049
141.351,seguindo,1.2374,-0.4003,-3.0355,3.0547,-0.193,0.5,0.5382,9.5602,-0.0025
141.4,seguindo,1.2253,-0.403,-3.0536,3.0476,-0.1819,0.5,0.5264,9.5602,0.0004
141.45,seguindo,1.2071,-0.4065,-3.0804,3.0373,-0.1655,0.5,0.5086,9.5602,0.0044
141.5,seguindo,1.1948,-0.4086,-3.0979,3.0306,-0.1547,0.5,0.4967,20.1942,0.0067
141.55,seguindo,1.1792,-0.411,-3.1214,3.022,-0.1398,0.5,0.4814,20.1942,0.0095
141.6,seguindo,1.17,-0.4124,-3.1374,3.0167,-0.1291,0.5,0.4725,20.1942,0.0111
141.65,seguindo,1.1534,-0.4145,3.1186,3.0077,-0.1109,0.5,0.4563,20.1942,0.0145
141.7,seguindo,1.141,-0.4157,3.0981,3.0011,-0.097,0.5,0.4441,20.1942,0.017
141.75,seguindo,1.1218,-0.4171,3.0682,2.9635,-0.1048,0.4977,0.4128,inf,0.0289
141.8,seguindo,1.1023,-0.4177,3.0394,2.9531,-0.0863,0.4861,0.3938,inf,0.0315
141.85,seguindo,1.0892,-0.4177,3.022,2.9467,-0.0753,0.478,0.3809,inf,0.0328
141.9,seguindo,1.0761,-0.4174,3.0049,2.9405,-0.0644,0.4699,0.3679,inf,0.0013
141.95,seguindo,1.0564,-0.4165,2.9802,2.9318,-0.0484,0.4573,0.3485,inf,0.004
142.0,seguindo,1.0368,-0.415,2.957,2.9239,-0.0331,0.4443,0.329,inf,0.0061
142.05,seguindo,1.0237,-0.4136,2.9434,2.9193,-0.0241,0.4354,0.3159,inf,0.0071
142.1,seguindo,1.0106,-0.4118,2.9316,2.9153,-0.0163,0.4262,0.3027,inf,0.008
142.151,seguindo,0.9925,-0.409,2.9183,2.9109,-0.0074,0.4132,0.2845,inf,0.0088
142.2,seguindo,0.9812,-0.4069,2.9118,2.9088,-0.003,0.4047,0.273,inf,0.009
142.25,seguindo,0.9644,-0.4033,2.907,2.9072,0.0002,0.3918,0.2558,inf,0.0088
