t,estado,modo,x,y,rumo,rumo_alvo,erro_rumo,v_alvo,dist,raio_curva,mira,alvo_x,alvo_y,desvio_lateral
28.313,seguindo,normal,2.0,5.0,0.0,-0.9894,-0.9894,0.5,8.6701,8.5935,0.37,2.23,4.65,-0.0
28.35,seguindo,normal,2.0,5.0,0.0,-0.9894,-0.9894,0.5,8.6701,8.5935,0.37,2.23,4.65,-0.0
28.4,seguindo,normal,2.0,5.0,0.0,-0.9894,-0.9894,0.5,8.6701,8.5935,0.37,2.23,4.65,-0.0
28.45,seguindo,normal,2.0,5.0,0.0,-0.9894,-0.9894,0.5,8.6701,8.5935,0.37,2.23,4.65,-0.0
28.5,seguindo,normal,2.0,5.0,0.0,-0.9894,-0.9894,0.5,8.6701,8.5935,0.37,2.23,4.65,-0.0
28.55,seguindo,normal,2.0,5.0,0.0,-0.9894,-0.9894,0.5,8.6701,8.5935,0.37,2.23,4.65,-0.0
28.6,seguindo,normal,2.0,5.0,0.0,-0.9894,-0.9894,0.5,8.6701,8.5935,0.37,2.23,4.65,-0.0
28.65,seguindo,normal,2.0,5.0,0.0,-0.9894,-0.9894,0.5,8.6701,8.5935,0.37,2.23,4.65,-0.0
28.7,seguindo,normal,2.0,5.0,0.0,-0.9894,-0.9894,0.5,8.6701,8.5935,0.37,2.23,4.65,-0.0
28.751,seguindo,normal,2.0027,5.0003,-0.0037,-0.9953,-0.9916,0.5,8.6673,8.5935,0.37,2.23,4.65,0.0024
28.8,seguindo,normal,2.0075,5.0009,-0.0113,-1.0056,-0.9943,0.5,8.6625,8.5935,0.37,2.23,4.65,0.0067
28.85,seguindo,normal,2.0134,5.0015,-0.0201,-1.0186,-0.9985,0.5,8.6566,8.5935,0.37,2.23,4.65,0.0119
28.9,seguindo,normal,2.023,5.0025,-0.0355,-1.0399,-1.0044,0.5,8.6469,8.5935,0.37,2.23,4.65,0.0204
28.95,seguindo,normal,2.0309,5.0034,-0.0505,-1.0578,-1.0073,0.5,8.6389,8.5935,0.37,2.23,4.65,0.0274
29.001,seguindo,normal,2.0431,5.0045,-0.0736,-1.0857,-1.0121,0.5,8.6267,8.5935,0.37,2.23,4.65,0.0381
29.05,seguindo,normal,2.0513,5.0055,-0.0939,-1.105,-1.0111,0.5,8.6185,8.5935,0.37,2.23,4.65,0.0454
29.1,seguindo,normal,2.0595,5.0063,-0.1145,-1.1245,-1.01,0.5,8.6102,8.5935,0.37,2.23,4.65,0.0526
29.15,seguindo,normal,2.072,5.0076,-0.1503,-1.1311,-0.9808,0.5,8.5977,22.512,0.37,2.2637,4.6,0.0636
29.2,seguindo,normal,2.0803,5.0083,-0.176,-1.1488,-0.9728,0.5,8.5893,22.512,0.37,2.2637,4.6,0.071
29.25,seguindo,normal,2.0933,5.0094,-0.2195,-1.1763,-0.9568,0.5,8.5764,22.512,0.37,2.2637,4.6,0.0822
29.3,seguindo,normal,2.102,5.0099,-0.2504,-1.195,-0.9447,0.5,8.5676,22.512,0.37,2.2637,4.6,0.0897
29.35,seguindo,normal,2.115,5.0105,-0.3016,-1.2234,-0.9218,0.5,8.5546,22.512,0.37,2.2637,4.6,0.1008
29.4,seguindo,normal,2.1237,5.0108,-0.3375,-1.2423,-0.9047,0.5,8.546,22.512,0.37,2.2637,4.6,0.1081
29.45,seguindo,normal,2.1369,5.0108,-0.3965,-1.2715,-0.875,0.5,8.5329,22.512,0.37,2.2637,4.6,0.1191
29.5,seguindo,normal,2.1458,5.0106,-0.4377,-1.2912,-0.8536,0.5,8.5241,22.512,0.37,2.2637,4.6,0.1263
29.55,seguindo,normal,2.1593,5.0095,-0.5011,-1.3248,-0.8237,0.5,8.5119,22.512,0.37,2.2624,4.599,0.1362
29.6,seguindo,normal,2.1683,5.0084,-0.544,-1.3449,-0.8008,0.5,8.5032,22.512,0.37,2.2624,4.599,0.143
29.65,seguindo,normal,2.1817,5.0059,-0.608,-1.3244,-0.7164,0.5,8.4902,19.709,0.37,2.2966,4.5488,0.1528
29.7,seguindo,normal,2.1905,5.0038,-0.6505,-1.3416,-0.6911,0.5,8.4817,19.709,0.37,2.2966,4.5488,0.1589
29.75,seguindo,normal,2.2036,4.9998,-0.7138,-1.3674,-0.6536,0.5,8.4692,19.709,0.37,2.2966,4.5488,0.1676
29.8,seguindo,normal,2.2122,4.9966,-0.7558,-1.3845,-0.6287,0.5,8.461,19.709,0.37,2.2966,4.5488,0.173
29.85,seguindo,normal,2.2249,4.9912,-0.8183,-1.4034,-0.5851,0.5,8.4528,19.709,0.37,2.2996,4.5488,0.1775
29.9,seguindo,normal,2.2372,4.9848,-0.8805,-1.4286,-0.5481,0.5,8.4414,19.709,0.37,2.2996,4.5488,0.1844
29.95,seguindo,normal,2.2452,4.9801,-0.9215,-1.4453,-0.5238,0.5,8.434,19.709,0.37,2.2996,4.5488,0.1886
30.0,seguindo,normal,2.2531,4.9752,-0.9627,-1.4017,-0.439,0.5,8.4269,7.6848,0.37,2.3345,4.4985,0.1924
30.052,seguindo,normal,2.2647,4.9672,-1.0254,-1.4313,-0.4059,0.5,8.4145,7.6848,0.37,2.3306,4.4978,0.1997
30.1,seguindo,normal,2.276,4.9588,-1.0892,-1.4529,-0.3636,0.5,8.4043,7.6848,0.37,2.3306,4.4978,0.2046
30.15,seguindo,normal,2.2833,4.9529,-1.1322,-1.4674,-0.3351,0.5,8.3977,7.6848,0.37,2.3306,4.4978,0.2077
30.2,seguindo,normal,2.2905,4.9468,-1.1757,-1.4819,-0.3062,0.5,8.3913,7.6848,0.37,2.3306,4.4978,0.2106
30.251,seguindo,normal,2.3008,4.9369,-1.2399,-1.439,-0.1992,0.5,8.3824,5.8888,0.37,2.3657,4.4473,0.2141
30.3,seguindo,normal,2.3073,4.9299,-1.282,-1.4502,-0.1683,0.5,8.3769,5.8888,0.37,2.3657,4.4473,0.2158
30.35,seguindo,normal,2.3161,4.9182,-1.3418,-1.4657,-0.1239,0.5,8.3697,5.8888,0.37,2.3657,4.4473,0.217
30.4,seguindo,normal,2.3239,4.9058,-1.399,-1.4797,-0.0807,0.5,8.3635,5.8888,0.37,2.3657,4.4473,0.2171
30.45,seguindo,normal,2.3283,4.8961,-1.4325,-1.4785,-0.046,0.5,8.3651,5.8888,0.37,2.37,4.4456,0.2125
30.501,seguindo,normal,2.3342,4.8814,-1.4808,-1.4248,0.056,0.5,8.3611,5.851,0.37,2.4058,4.3951,0.2097
30.551,seguindo,normal,2.3375,4.8709,-1.51,-1.4283,0.0817,0.5,8.3593,5.851,0.37,2.4058,4.3951,0.207
30.6,seguindo,normal,2.3404,4.8603,-1.5383,-1.4312,0.1071,0.5,8.3579,5.851,0.37,2.4058,4.3951,0.2039
30.65,seguindo,normal,2.3438,4.8438,-1.5773,-1.4335,0.1438,0.5,8.3567,5.851,0.37,2.4058,4.3951,0.198
30.705,seguindo,normal,2.3463,4.8267,-1.6133,-1.4339,0.1794,0.5,8.3566,5.851,0.37,2.4058,4.3951,0.1911
30.75,seguindo,normal,2.3472,4.8141,-1.6327,-1.3729,0.2598,0.5,8.3582,6.4998,0.37,2.4412,4.3452,0.1842
30.8,seguindo,normal,2.3478,4.8014,-1.6507,-1.3688,0.2819,0.5,8.3594,6.4998,0.37,2.4412,4.3452,0.178
30.85,seguindo,normal,2.3479,4.7832,-1.6724,-1.3609,0.3115,0.5,8.3618,6.4998,0.37,2.4412,4.3452,0.1685
30.901,seguindo,normal,2.3474,4.7656,-1.6896,-1.3512,0.3384,0.5,8.3648,6.4998,0.37,2.4412,4.3452,0.1586
30.95,seguindo,normal,2.3465,4.7539,-1.6963,-1.2902,0.406,0.5,8.3673,6.9406,0.37,2.4788,4.2945,0.1516
31.0,seguindo,normal,2.3454,4.7422,-1.7018,-1.2811,0.4207,0.5,8.3701,6.9406,0.37,2.4788,4.2945,0.1445
31.05,seguindo,normal,2.3433,4.7247,-1.7049,-1.2656,0.4393,0.5,8.3747,6.9406,0.37,2.4788,4.2945,0.1334
31.1,seguindo,normal,2.3418,4.7131,-1.7052,-1.2543,0.4509,0.5,8.3779,6.9406,0.37,2.4788,4.2945,0.1258
31.15,seguindo,normal,2.3393,4.6958,-1.7035,-1.2361,0.4673,0.5,8.383,6.9406,0.37,2.4788,4.2945,0.1143
31.2,seguindo,normal,2.3376,4.6843,-1.7016,-1.2232,0.4784,0.5,8.3863,6.9406,0.37,2.4788,4.2945,0.1067
31.25,seguindo,normal,2.3351,4.6695,-1.6931,-1.2046,0.4885,0.5,8.3912,6.3623,0.37,2.4788,4.2945,0.0964
31.3,seguindo,normal,2.3332,4.6607,-1.6833,-1.1922,0.4911,0.5,8.3943,6.3623,0.37,2.4788,4.2945,0.0901
31.35,seguindo,normal,2.3302,4.6474,-1.6635,-1.1721,0.4914,0.5,8.3994,6.3623,0.37,2.4788,4.2945,0.0803
31.4,seguindo,normal,2.3281,4.6386,-1.6467,-1.1578,0.4889,0.5,8.4028,6.3623,0.37,2.4788,4.2945,0.0738
31.452,seguindo,normal,2.3249,4.6255,-1.6174,-1.1354,0.482,0.5,8.4081,6.3623,0.37,2.4788,4.2945,0.0638
31.5,seguindo,normal,2.3227,4.6169,-1.5946,-1.1198,0.4748,0.5,8.4116,6.3623,0.37,2.4788,4.2945,0.0573
31.55,seguindo,normal,2.3195,4.6039,-1.5564,-1.0952,0.4612,0.5,8.4168,6.3623,0.37,2.4788,4.2945,0.0474
31.6,seguindo,normal,2.3175,4.5953,-1.5286,-1.0527,0.4759,0.5,8.4202,5.2648,0.37,2.5178,4.2439,0.0409
31.65,seguindo,normal,2.3147,4.5826,-1.4848,-1.0308,0.454,0.5,8.425,5.2648,0.37,2.5178,4.2439,0.0316
31.7,seguindo,normal,2.3132,4.5743,-1.456,-1.0164,0.4396,0.5,8.4278,5.2648,0.37,2.5178,4.2439,0.0257
31.75,seguindo,normal,2.3115,4.562,-1.4146,-0.9955,0.4192,0.5,8.4315,5.2648,0.37,2.5178,4.2439,0.0175
31.8,seguindo,normal,2.3107,4.5539,-1.3887,-0.982,0.4067,0.5,8.4336,5.2648,0.37,2.5178,4.2439,0.0124
31.851,seguindo,normal,2.3101,4.5416,-1.3511,-0.9617,0.3894,0.5,8.4363,5.2648,0.37,2.5178,4.2439,0.0049
31.9,seguindo,normal,2.31,4.5333,-1.327,-0.9482,0.3788,0.5,8.4378,5.2648,0.37,2.5178,4.2439,0.0002
31.95,seguindo,normal,2.3104,4.5206,-1.2919,-0.8941,0.3978,0.5,8.4444,4.544,0.37,2.5609,4.2087,-0.017
32.0,seguindo,normal,2.311,4.5122,-1.2685,-0.8818,0.3867,0.5,8.4454,4.544,0.37,2.5609,4.2087,-0.0213
32.052,seguindo,normal,2.312,4.4998,-1.2323,-0.8631,0.3692,0.5,8.4466,4.544,0.37,2.5609,4.2087,-0.0275
32.1,seguindo,normal,2.3129,4.4915,-1.2078,-0.8507,0.3572,0.5,8.4471,4.544,0.37,2.5609,4.2087,-0.0314
32.15,seguindo,normal,2.3147,4.4791,-1.1716,-0.832,0.3396,0.5,8.4476,4.544,0.37,2.5609,4.2087,-0.037
32.201,seguindo,normal,2.317,4.4668,-1.136,-0.8133,0.3227,0.5,8.4475,4.544,0.37,2.5609,4.2087,-0.0422
32.25,seguindo,normal,2.3188,4.4585,-1.1128,-0.8152,0.2976,0.5,8.4472,4.4854,0.37,2.6018,4.1581,-0.0453
32.3,seguindo,normal,2.321,4.4502,-1.0903,-0.8051,0.2852,0.5,8.4466,4.4854,0.37,2.6018,4.1581,-0.0483
32.35,seguindo,normal,2.3246,4.4378,-1.0571,-0.7899,0.2671,0.5,8.4453,4.4854,0.37,2.6018,4.1581,-0.0523
32.4,seguindo,normal,2.3289,4.4254,-1.0255,-0.775,0.2505,0.5,8.4434,4.4854,0.37,2.6018,4.1581,-0.0559
32.451,seguindo,normal,2.332,4.4172,-1.0044,-0.7651,0.2393,0.5,8.4419,4.4854,0.37,2.6018,4.1581,-0.0582
32.5,seguindo,normal,2.3352,4.4091,-0.9834,-0.7552,0.2282,0.5,8.4402,4.4854,0.37,2.6018,4.1581,-0.0602
32.55,seguindo,normal,2.3405,4.397,-0.9524,-0.751,0.2015,0.5,8.4397,5.4291,0.37,2.6464,4.1114,-0.0657
32.6,seguindo,normal,2.3443,4.3889,-0.9325,-0.743,0.1895,0.5,8.4375,5.4291,0.37,2.6464,4.1114,-0.0672
32.65,seguindo,normal,2.3505,4.3769,-0.9032,-0.7313,0.1719,0.5,8.4339,5.4291,0.37,2.6464,4.1114,-0.0692
32.7,seguindo,normal,2.3548,4.369,-0.884,-0.7237,0.1604,0.5,8.4312,5.4291,0.37,2.6464,4.1114,-0.0703
32.75,seguindo,normal,2.3617,4.3573,-0.856,-0.7124,0.1435,0.5,8.4267,5.4291,0.37,2.6464,4.1114,-0.0717
32.801,seguindo,normal,2.3667,4.3495,-0.8387,-0.7053,0.1334,0.5,8.4234,5.4291,0.37,2.6464,4.1114,-0.0722
32.852,seguindo,normal,2.3747,4.3379,-0.8135,-0.726,0.0876,0.5,8.418,9.8722,0.37,2.6865,4.061,-0.0727
32.9,seguindo,normal,2.3802,4.3302,-0.7974,-0.7209,0.0764,0.5,8.4141,9.8722,0.37,2.6865,4.061,-0.0728
32.95,seguindo,normal,2.3888,4.3188,-0.7739,-0.7138,0.0601,0.5,8.4079,9.8722,0.37,2.6865,4.061,-0.0725
33.0,seguindo,normal,2.3949,4.3113,-0.759,-0.7093,0.0497,0.5,8.4036,9.8722,0.37,2.6865,4.061,-0.0722
33.05,seguindo,normal,2.4043,4.3002,-0.7375,-0.7031,0.0344,0.5,8.3967,9.8722,0.37,2.6865,4.061,-0.0714
33.105,seguindo,normal,2.4142,4.2892,-0.7176,-0.7313,-0.0137,0.5,8.3893,45.5646,0.37,2.7246,4.0107,-0.0702
33.15,seguindo,normal,2.4211,4.282,-0.7051,-0.7293,-0.0242,0.5,8.3841,45.5646,0.37,2.7246,4.0107,-0.0691
33.2,seguindo,normal,2.4281,4.2748,-0.693,-0.7275,-0.0346,0.5,8.3787,45.5646,0.37,2.7246,4.0107,-0.0678
33.251,seguindo,normal,2.4389,4.2641,-0.6756,-0.7256,-0.05,0.5,8.3704,45.5646,0.37,2.7246,4.0107,-0.0658
33.3,seguindo,normal,2.4463,4.2571,-0.6646,-0.7247,-0.06,0.5,8.3646,45.5646,0.37,2.7246,4.0107,-0.0643
33.35,seguindo,normal,2.4591,4.2459,-0.6523,-0.7771,-0.1248,0.5,8.3538,5.4817,0.37,2.7566,3.9532,-0.0587
33.4,seguindo,normal,2.4683,4.2383,-0.6465,-0.7797,-0.1332,0.5,8.3463,5.4817,0.37,2.7566,3.9532,-0.056
33.45,seguindo,normal,2.4824,4.2273,-0.6428,-0.7852,-0.1424,0.5,8.3348,5.4817,0.37,2.7566,3.9532,-0.0515
33.5,seguindo,normal,2.4919,4.2202,-0.6421,-0.7895,-0.1474,0.5,8.327,5.4817,0.37,2.7566,3.9532,-0.0484
33.551,seguindo,normal,2.5061,4.2095,-0.6416,-0.7967,-0.1552,0.5,8.3153,5.4817,0.37,2.7566,3.9532,-0.0438
33.6,seguindo,normal,2.5157,4.2023,-0.6414,-0.8345,-0.1931,0.5,8.3075,2.6319,0.37,2.7873,3.9026,-0.0408
33.65,seguindo,normal,2.5299,4.1917,-0.6409,-0.8432,-0.2024,0.5,8.2958,2.6319,0.37,2.7873,3.9026,-0.0362
33.7,seguindo,normal,2.5393,4.1846,-0.6404,-0.8495,-0.2091,0.5,8.2881,2.6319,0.37,2.7873,3.9026,-0.0332
33.75,seguindo,normal,2.5535,4.1739,-0.6392,-0.8595,-0.2203,0.5,8.2766,2.6319,0.37,2.7873,3.9026,-0.0288
33.8,seguindo,normal,2.5628,4.1669,-0.6383,-0.8667,-0.2284,0.5,8.2689,2.6319,0.37,2.7873,3.9026,-0.0259
33.85,seguindo,normal,2.5768,4.1563,-0.6361,-0.9424,-0.3063,0.5,8.2575,1.63,0.37,2.8345,3.8017,-0.0215
33.9,seguindo,normal,2.5861,4.1493,-0.6344,-0.9503,-0.3159,0.5,8.25,1.63,0.37,2.8345,3.8017,-0.0187
33.95,seguindo,normal,2.6,4.1388,-0.6316,-0.963,-0.3314,0.5,8.2387,1.63,0.37,2.8345,3.8017,-0.0143
34.0,seguindo,normal,2.6093,4.1318,-0.6297,-0.9721,-0.3424,0.5,8.2312,1.63,0.37,2.8345,3.8017,-0.0114
34.05,seguindo,normal,2.6232,4.1214,-0.6267,-1.0191,-0.3924,0.5,8.22,1.1173,0.37,2.851,3.7514,-0.007
34.1,seguindo,normal,2.6325,4.1145,-0.6247,-1.0292,-0.4045,0.5,8.2124,1.1173,0.37,2.851,3.7514,-0.0041
34.15,seguindo,normal,2.6465,4.1042,-0.6216,-1.0455,-0.4239,0.5,8.2012,1.1173,0.37,2.851,3.7514,0.0004
34.2,seguindo,normal,2.6604,4.0939,-0.6185,-1.0632,-0.4447,0.5,8.1899,1.1173,0.37,2.851,3.7514,0.0051
34.25,seguindo,normal,2.6698,4.087,-0.6167,-1.076,-0.4593,0.5,8.1823,1.1173,0.37,2.851,3.7514,0.0083
34.3,seguindo,normal,2.6839,4.0768,-0.6139,-1.1257,-0.5118,0.5,8.1709,0.8607,0.37,2.8631,3.7011,0.0131
34.35,seguindo,normal,2.694,4.07,-0.6171,-1.1409,-0.5238,0.5,8.1627,0.8607,0.37,2.8631,3.7011,0.0169
34.4,seguindo,normal,2.7041,4.0631,-0.6205,-1.1568,-0.5364,0.5,8.1544,0.8607,0.37,2.8631,3.7011,0.0208
34.451,seguindo,normal,2.7193,4.0532,-0.6305,-1.1829,-0.5524,0.5,8.142,0.8607,0.37,2.8631,3.7011,0.027
34.5,seguindo,normal,2.7294,4.0466,-0.6389,-1.2255,-0.5866,0.5,8.1337,0.7485,0.37,2.8717,3.6509,0.0313
34.552,seguindo,normal,2.7445,4.037,-0.6566,-1.2524,-0.5958,0.5,8.1212,0.7485,0.37,2.8717,3.6509,0.0377
34.601,seguindo,normal,2.7594,4.0274,-0.677,-1.2809,-0.6038,0.5,8.109,0.7485,0.37,2.8717,3.6509,0.044
34.65,seguindo,normal,2.7694,4.0212,-0.6957,-1.3011,-0.6054,0.5,8.1008,0.7485,0.37,2.8717,3.6509,0.0488
34.7,seguindo,normal,2.7841,4.0116,-0.724,-1.3326,-0.6086,0.5,8.0888,0.7485,0.37,2.8717,3.6509,0.0556
34.751,seguindo,normal,2.7939,4.0053,-0.7475,-1.374,-0.6265,0.5,8.0769,0.7217,0.37,2.8733,3.6069,0.0614
34.8,seguindo,normal,2.8035,3.9989,-0.7713,-1.3947,-0.6234,0.5,8.0691,0.7217,0.37,2.8733,3.6069,0.0657
34.85,seguindo,normal,2.8178,3.989,-0.8077,-1.4264,-0.6187,0.5,8.0578,0.7217,0.37,2.8733,3.6069,0.0724
34.9,seguindo,normal,2.8271,3.9822,-0.8324,-1.4481,-0.6157,0.5,8.0505,0.7217,0.37,2.8733,3.6069,0.0768
34.95,seguindo,normal,2.8406,3.9717,-0.8707,-1.4871,-0.6164,0.5,8.04,0.7647,0.37,2.8796,3.5068,0.0829
35.0,seguindo,normal,2.8494,3.9646,-0.8969,-1.5049,-0.608,0.5,8.0333,0.7647,0.37,2.8796,3.5068,0.0866
35.05,seguindo,normal,2.8621,3.9536,-0.9371,-1.5317,-0.5946,0.5,8.0237,0.7647,0.37,2.8796,3.5068,0.0919
35.1,seguindo,normal,2.8703,3.9461,-0.9644,-1.5498,-0.5853,0.5,8.0176,0.7647,0.37,2.8796,3.5068,0.0957
35.15,seguindo,normal,2.8823,3.9346,-1.0063,-1.5965,-0.5901,0.5,8.0021,0.8817,0.37,2.8702,3.4621,0.1061
35.2,seguindo,normal,2.89,3.9268,-1.0348,-1.6135,-0.5787,0.5,7.9966,0.8817,0.37,2.8702,3.4621,0.1094
35.25,seguindo,normal,2.9011,3.9148,-1.0783,-1.6391,-0.5608,0.5,7.9889,0.8817,0.37,2.8702,3.4621,0.1138
35.302,seguindo,normal,2.9118,3.9024,-1.1226,-1.665,-0.5424,0.5,7.9818,0.8817,0.37,2.8702,3.4621,0.1186
35.35,seguindo,normal,2.9186,3.894,-1.1525,-1.6824,-0.5298,0.5,7.9773,0.8817,0.37,2.8702,3.4621,0.1216
35.4,seguindo,normal,2.9251,3.8855,-1.1828,-1.6849,-0.5021,0.5,7.9732,1.0999,0.37,2.8709,3.4121,0.1243
35.45,seguindo,normal,2.9345,3.8724,-1.2288,-1.6684,-0.4396,0.5,7.9817,1.0999,0.37,2.889,3.4076,0.115
35.5,seguindo,normal,2.9433,3.8591,-1.2755,-1.6905,-0.4151,0.5,7.9768,1.0999,0.37,2.889,3.4076,0.1179
35.55,seguindo,normal,2.9488,3.85,-1.3068,-1.7053,-0.3985,0.5,7.9738,1.0999,0.37,2.889,3.4076,0.1196
35.6,seguindo,normal,2.9541,3.8408,-1.3383,-1.72,-0.3817,0.5,7.9712,1.0999,0.37,2.889,3.4076,0.1216
35.651,seguindo,normal,2.9614,3.8268,-1.386,-1.7419,-0.3559,0.5,7.968,1.0999,0.37,2.889,3.4076,0.1242
35.7,seguindo,normal,2.9659,3.8173,-1.418,-1.7349,-0.3169,0.5,7.9663,1.4767,0.37,2.8897,3.3576,0.1254
35.751,seguindo,normal,2.9719,3.8029,-1.4661,-1.7533,-0.2872,0.5,7.9644,1.4767,0.37,2.8897,3.3576,0.1267
35.8,seguindo,normal,2.9756,3.7931,-1.4982,-1.7654,-0.2671,0.5,7.9636,1.4767,0.37,2.8897,3.3576,0.1271
35.85,seguindo,normal,2.9802,3.7779,-1.5447,-1.7828,-0.2381,0.5,7.9633,1.4767,0.37,2.8897,3.3576,0.128
35.9,seguindo,normal,2.9828,3.7676,-1.5749,-1.794,-0.2191,0.5,7.9637,1.4767,0.37,2.8897,3.3576,0.128
35.951,seguindo,normal,2.9859,3.7516,-1.6177,-1.7789,-0.1612,0.5,7.9693,2.1505,0.37,2.8936,3.3148,0.1234
36.0,seguindo,normal,2.9874,3.7406,-1.6449,-1.7876,-0.1427,0.5,7.9709,2.1505,0.37,2.8936,3.3148,0.1223
36.05,seguindo,normal,2.989,3.7239,-1.6839,-1.7999,-0.116,0.5,7.9741,2.1505,0.37,2.8936,3.3148,0.1209
36.1,seguindo,normal,2.9899,3.7069,-1.7213,-1.7821,-0.0608,0.5,7.9782,3.5422,0.37,2.895,3.2648,0.1188
36.15,seguindo,normal,2.9898,3.6952,-1.7439,-1.7876,-0.0436,0.5,7.9816,3.5422,0.37,2.895,3.2648,0.1167
36.2,seguindo,normal,2.9895,3.6834,-1.766,-1.7927,-0.0267,0.5,7.9854,3.5422,0.37,2.895,3.2648,0.1143
36.251,seguindo,normal,2.9882,3.6654,-1.7969,-1.7993,-0.0024,0.5,7.9918,3.5422,0.37,2.895,3.2648,0.1108
36.3,seguindo,normal,2.9869,3.6534,-1.8163,-1.803,0.0133,0.5,7.9966,3.5422,0.37,2.895,3.2648,0.1081
36.35,seguindo,normal,2.9844,3.635,-1.8433,-1.7937,0.0497,0.5,8.001,7.8331,0.37,2.8908,3.2222,0.1083
36.4,seguindo,normal,2.9822,3.6227,-1.8602,-1.7953,0.0649,0.5,8.0067,7.8331,0.37,2.8908,3.2222,0.1051
36.45,seguindo,normal,2.9781,3.6037,-1.8814,-1.764,0.1174,0.5,8.0163,182.5749,0.37,2.8938,3.1723,0.0996
36.5,seguindo,normal,2.9733,3.5843,-1.899,-1.7614,0.1376,0.5,8.0268,182.5749,0.37,2.8938,3.1723,0.0932
36.55,seguindo,normal,2.9701,3.573,-1.9073,-1.759,0.1483,0.5,8.0332,182.5749,0.37,2.8938,3.1723,0.0893
36.6,seguindo,normal,2.9669,3.5618,-1.9161,-1.7563,0.1598,0.5,8.0397,182.5749,0.37,2.8938,3.1723,0.0855
36.65,seguindo,normal,2.9614,3.5453,-1.9223,-1.7199,0.2024,0.5,8.0499,8.0557,0.37,2.8979,3.1224,0.0793
36.7,seguindo,normal,2.9575,3.5343,-1.9238,-1.7145,0.2092,0.5,8.057,8.0557,0.37,2.8979,3.1224,0.0748
36.75,seguindo,normal,2.9513,3.5181,-1.9215,-1.7051,0.2164,0.5,8.0678,8.0557,0.37,2.8979,3.1224,0.068
36.8,seguindo,normal,2.9471,3.5074,-1.9184,-1.6981,0.2203,0.5,8.0751,8.0557,0.37,2.8979,3.1224,0.0635
36.85,seguindo,normal,2.9409,3.4913,-1.9131,-1.6603,0.2528,0.5,8.086,4.2944,0.37,2.9033,3.0726,0.0568
36.9,seguindo,normal,2.9368,3.4805,-1.9094,-1.6526,0.2568,0.5,8.0933,4.2944,0.37,2.9033,3.0726,0.0523
36.95,seguindo,normal,2.9307,3.4644,-1.9041,-1.6405,0.2637,0.5,8.1041,4.2944,0.37,2.9033,3.0726,0.0458
37.0,seguindo,normal,2.9267,3.4536,-1.9008,-1.632,0.2689,0.5,8.1114,4.2944,0.37,2.9033,3.0726,0.0416
37.05,seguindo,normal,2.9208,3.4372,-1.8971,-1.5962,0.3009,0.5,8.1221,3.0086,0.37,2.9103,3.0229,0.0354
37.1,seguindo,normal,2.9169,3.4263,-1.8951,-1.5873,0.3077,0.5,8.1292,3.0086,0.37,2.9103,3.0229,0.0313
37.15,seguindo,normal,2.9112,3.4099,-1.8923,-1.5732,0.3191,0.5,8.1399,3.0086,0.37,2.9103,3.0229,0.0253
37.2,seguindo,normal,2.9055,3.3934,-1.8895,-1.5394,0.3502,0.5,8.1505,2.3796,0.37,2.9187,2.9736,0.0193
37.25,seguindo,normal,2.9017,3.3824,-1.8878,-1.5293,0.3585,0.5,8.1576,2.3796,0.37,2.9187,2.9736,0.0154
37.3,seguindo,normal,2.898,3.3714,-1.8861,-1.5188,0.3673,0.5,8.1647,2.3796,0.37,2.9187,2.9736,0.0115
37.35,seguindo,normal,2.8924,3.3548,-1.8835,-1.4757,0.4078,0.5,8.1837,2.3796,0.37,2.9288,2.9737,-0.0032
37.4,seguindo,normal,2.8887,3.3438,-1.8818,-1.4514,0.4304,0.5,8.1908,2.0251,0.37,2.9389,2.9248,-0.0072
37.45,seguindo,normal,2.8832,3.3273,-1.8792,-1.4331,0.4461,0.5,8.2015,2.0251,0.37,2.9389,2.9248,-0.0131
37.5,seguindo,normal,2.8777,3.3107,-1.8766,-1.4134,0.4632,0.5,8.2121,2.0251,0.37,2.9389,2.9248,-0.019
37.55,seguindo,normal,2.8744,3.3021,-1.8692,-1.4014,0.4679,0.5,8.2181,2.0251,0.37,2.9389,2.9248,-0.0226
37.6,seguindo,normal,2.8696,3.2896,-1.8581,-1.3763,0.4817,0.5,8.2268,1.8014,0.37,2.9509,2.8766,-0.0277
37.65,seguindo,normal,2.8662,3.2813,-1.8462,-1.3645,0.4818,0.5,8.2327,1.8014,0.37,2.9509,2.8766,-0.0314
37.7,seguindo,normal,2.8629,3.2731,-1.8343,-1.3524,0.4819,0.5,8.2386,1.8014,0.37,2.9509,2.8766,-0.0349
37.75,seguindo,normal,2.8578,3.2608,-1.8113,-1.333,0.4783,0.5,8.2475,1.8014,0.37,2.9509,2.8766,-0.0405
37.8,seguindo,normal,2.8544,3.2526,-1.7941,-1.3196,0.4746,0.5,8.2534,1.8014,0.37,2.9509,2.8766,-0.0442
37.852,seguindo,normal,2.8494,3.2404,-1.7641,-1.2963,0.4678,0.5,8.2623,1.6264,0.37,2.9651,2.8295,-0.0498
37.9,seguindo,normal,2.8445,3.2284,-1.7317,-1.2773,0.4544,0.5,8.2709,1.6264,0.37,2.9651,2.8295,-0.0552
37.95,seguindo,normal,2.8415,3.2203,-1.7098,-1.2645,0.4453,0.5,8.2765,1.6264,0.37,2.9651,2.8295,-0.0586
38.0,seguindo,normal,2.8386,3.2121,-1.6878,-1.2516,0.4362,0.5,8.282,1.6264,0.37,2.9651,2.8295,-0.0619
38.051,seguindo,normal,2.8347,3.1998,-1.655,-1.2231,0.4318,0.5,8.2945,1.6264,0.37,2.9695,2.8277,-0.0719
38.1,seguindo,normal,2.8323,3.1915,-1.6331,-1.2101,0.423,0.5,8.2996,1.6264,0.37,2.9695,2.8277,-0.0748
38.15,seguindo,normal,2.829,3.179,-1.6,-1.1938,0.4062,0.5,8.3069,1.4436,0.37,2.9862,2.782,-0.0788
38.2,seguindo,normal,2.8271,3.1706,-1.5779,-1.1821,0.3958,0.5,8.3116,1.4436,0.37,2.9862,2.782,-0.0813
38.25,seguindo,normal,2.8244,3.158,-1.5441,-1.1645,0.3796,0.5,8.3184,1.4436,0.37,2.9862,2.782,-0.0848
38.3,seguindo,normal,2.8229,3.1496,-1.5213,-1.1527,0.3686,0.5,8.3227,1.4436,0.37,2.9862,2.782,-0.0871
38.35,seguindo,normal,2.8209,3.137,-1.487,-1.136,0.351,0.5,8.3289,1.2306,0.37,3.006,2.7384,-0.0901
38.4,seguindo,normal,2.8194,3.1244,-1.4525,-1.1203,0.3321,0.5,8.3347,1.2306,0.37,3.006,2.7384,-0.0927
38.45,seguindo,normal,2.8186,3.1159,-1.4298,-1.1099,0.3199,0.5,8.3384,1.2306,0.37,3.006,2.7384,-0.0941
38.501,seguindo,normal,2.8179,3.1031,-1.396,-1.0944,0.3016,0.5,8.3435,1.2306,0.37,3.006,2.7384,-0.0962
38.55,seguindo,normal,2.8176,3.0945,-1.3737,-1.0841,0.2896,0.5,8.3467,1.2306,0.37,3.006,2.7384,-0.0973
38.601,seguindo,normal,2.8176,3.0816,-1.3404,-1.0667,0.2737,0.5,8.3512,1.005,0.37,3.0294,2.6977,-0.0987
38.65,seguindo,normal,2.8179,3.073,-1.3186,-1.0135,0.305,0.5,8.367,1.005,0.37,3.0471,2.7051,-0.1121
38.7,seguindo,normal,2.8185,3.0642,-1.2974,-1.0038,0.2936,0.5,8.3697,1.005,0.37,3.0471,2.7051,-0.1126
38.75,seguindo,normal,2.8197,3.0511,-1.2661,-0.9893,0.2768,0.5,8.3733,1.005,0.37,3.0471,2.7051,-0.1133
38.8,seguindo,normal,2.8209,3.0423,-1.246,-0.9797,0.2662,0.5,8.3755,1.005,0.37,3.0471,2.7051,-0.1136
38.85,seguindo,normal,2.823,3.0291,-1.2163,-0.9609,0.2554,0.5,8.3784,0.7999,0.37,3.075,2.6684,-0.1135
38.9,seguindo,normal,2.8247,3.0202,-1.197,-0.9524,0.2446,0.5,8.3801,0.7999,0.37,3.075,2.6684,-0.1132
38.95,seguindo,normal,2.8276,3.007,-1.1685,-0.9397,0.2289,0.5,8.3824,0.7999,0.37,3.075,2.6684,-0.1124
39.0,seguindo,normal,2.8298,2.9981,-1.1504,-0.9314,0.219,0.5,8.3836,0.7999,0.37,3.075,2.6684,-0.1118
39.05,seguindo,normal,2.8336,2.9848,-1.1237,-0.919,0.2046,0.5,8.3851,0.7999,0.37,3.075,2.6684,-0.1105
39.1,seguindo,normal,2.8364,2.9759,-1.1065,-0.8986,0.2079,0.5,8.3858,0.6355,0.37,3.1069,2.636,-0.1094
39.15,seguindo,normal,2.8408,2.9627,-1.0805,-0.9241,0.1564,0.5,8.375,0.6355,0.37,3.0948,2.6263,-0.0968
39.2,seguindo,normal,2.8439,2.954,-1.063,-0.9174,0.1455,0.5,8.3753,0.6355,0.37,3.0948,2.6263,-0.0952
39.25,seguindo,normal,2.849,2.941,-1.0374,-0.9077,0.1297,0.5,8.3755,0.6355,0.37,3.0948,2.6263,-0.0929
39.3,seguindo,normal,2.8527,2.9323,-1.021,-0.9014,0.1197,0.5,8.3753,0.6355,0.37,3.0948,2.6263,-0.0911
39.35,seguindo,normal,2.8585,2.9193,-0.9971,-0.8679,0.1292,0.5,8.3747,0.5153,0.37,3.1303,2.5985,-0.0881
39.401,seguindo,normal,2.8648,2.9064,-0.9738,-0.8592,0.1146,0.5,8.3737,0.5153,0.37,3.1303,2.5985,-0.0846
39.451,seguindo,normal,2.8692,2.8979,-0.959,-0.8536,0.1053,0.5,8.3729,0.5153,0.37,3.1303,2.5985,-0.0822
39.5,seguindo,normal,2.8738,2.8894,-0.9443,-0.8481,0.0962,0.5,8.3718,0.5153,0.37,3.1303,2.5985,-0.0799
39.552,seguindo,normal,2.881,2.8767,-0.9228,-0.8068,0.116,0.4343,8.37,0.4343,0.37,3.1693,2.5758,-0.076
39.6,seguindo,normal,2.886,2.8683,-0.9087,-0.8014,0.1072,0.4343,8.3685,0.4343,0.37,3.1693,2.5758,-0.0732
39.65,seguindo,normal,2.8939,2.8558,-0.8889,-0.7937,0.0952,0.4343,8.366,0.4343,0.37,3.1693,2.5758,-0.0686
39.7,seguindo,normal,2.8996,2.8474,-0.8774,-0.7889,0.0885,0.4343,8.364,0.4343,0.37,3.1693,2.5758,-0.0656
39.75,seguindo,normal,2.9084,2.8349,-0.8609,-0.7819,0.079,0.4343,8.3607,0.4343,0.37,3.1693,2.5758,-0.0608
39.8,re,,2.9176,2.8224,-0.8455,-0.8455,0.0,0.203,8.357,inf,,,,0.0
39.85,re,,2.9238,2.8142,-0.835,-0.835,0.0,0.203,8.3565,inf,,,,0.0
39.9,re,,2.9301,2.8061,-0.8244,-0.8244,0.0,0.203,8.3538,inf,,,,0.0
39.951,re,,2.941,2.7931,-0.8129,-0.8129,0.0,0.203,8.3488,inf,,,,0.0
40.0,re,,2.9489,2.7842,-0.8075,-0.8075,0.0,0.203,8.345,inf,,,,0.0
40.05,re,,2.9608,2.7712,-0.8032,-0.8032,0.0,0.203,8.3391,inf,,,,0.0
40.1,re,,2.9688,2.7627,-0.8017,-0.8017,0.0,0.203,8.335,inf,,,,0.0
40.15,re,,2.9808,2.7501,-0.7992,-0.7992,0.0,0.203,8.3289,inf,,,,0.0
40.2,re,,2.9889,2.7416,-0.7974,-0.7974,0.0,0.203,8.3249,inf,,,,0.0
40.25,re,,2.9995,2.7299,-0.7892,-0.7892,0.0,0.203,8.3198,inf,,,,0.0
40.3,re,,3.0094,2.7188,-0.7789,-0.7789,0.0,0.203,8.3151,inf,,,,0.0
40.35,re,,3.0158,2.7112,-0.767,-0.767,0.0,0.203,8.3123,inf,,,,0.0
40.401,re,,3.0255,2.7,-0.7491,-0.7491,0.0,0.203,8.3078,inf,,,,0.0
40.45,re,,3.0318,2.6926,-0.7347,-0.7347,0.0,0.203,8.305,inf,,,,0.0
40.55,seguindo,normal,3.048,2.6746,-0.6983,-0.36,0.3384,0.5,8.2975,0.87,0.37,3.4432,2.5259,0.0267
40.6,seguindo,normal,3.0546,2.6676,-0.6836,-0.3497,0.3339,0.5,8.2943,0.87,0.37,3.4432,2.5259,0.0238
40.65,seguindo,normal,3.0647,2.6572,-0.6613,-0.334,0.3273,0.5,8.2893,0.87,0.37,3.4432,2.5259,0.0194
40.7,seguindo,normal,3.0715,2.6504,-0.6464,-0.3234,0.323,0.5,8.2858,0.87,0.37,3.4432,2.5259,0.0166
40.75,seguindo,normal,3.082,2.6405,-0.6241,-0.3037,0.3204,0.5,8.2903,0.87,0.37,3.4544,2.5238,0.0085
40.8,seguindo,normal,3.0891,2.634,-0.6092,-0.2674,0.3418,0.5,8.2864,0.8814,0.37,3.5043,2.5202,0.0061
40.85,seguindo,normal,3.0999,2.6244,-0.5869,-0.2521,0.3348,0.5,8.2805,0.8814,0.37,3.5043,2.5202,0.0027
40.9,seguindo,normal,3.1072,2.6181,-0.572,-0.2418,0.3302,0.5,8.2763,0.8814,0.37,3.5043,2.5202,0.0006
40.95,seguindo,normal,3.1184,2.609,-0.5497,-0.2261,0.3236,0.5,8.2699,0.8814,0.37,3.5043,2.5202,-0.0029
41.0,seguindo,normal,3.126,2.603,-0.5348,-0.2154,0.3194,0.5,8.2655,0.8814,0.37,3.5043,2.5202,-0.005
41.05,seguindo,normal,3.1375,2.5942,-0.5125,-0.1818,0.3307,0.5,8.2586,0.9842,0.37,3.5543,2.5176,-0.008
41.1,seguindo,normal,3.1453,2.5885,-0.4976,-0.1717,0.3259,0.5,8.2539,0.9842,0.37,3.5543,2.5176,-0.0098
41.15,seguindo,normal,3.1547,2.5818,-0.4784,-0.1592,0.3192,0.5,8.2481,0.9842,0.37,3.5543,2.5176,-0.0121
41.2,seguindo,normal,3.1599,2.5779,-0.4654,-0.1517,0.3137,0.5,8.245,0.9842,0.37,3.5543,2.5176,-0.0137
41.25,seguindo,normal,3.1653,2.5741,-0.4521,-0.1441,0.308,0.5,8.2417,0.9842,0.37,3.5543,2.5176,-0.0152
41.3,seguindo,normal,3.1679,2.5723,-0.4462,-0.1405,0.3057,0.5,8.2401,0.9842,0.37,3.5543,2.5176,-0.0159
41.35,seguindo,normal,3.1693,2.5713,-0.4423,-0.1385,0.3039,0.5,8.2392,0.9842,0.37,3.5543,2.5176,-0.0163
41.401,seguindo,normal,3.1692,2.5713,-0.4423,-0.1385,0.3039,0.5,8.2393,0.9842,0.37,3.5543,2.5176,-0.0164
41.45,seguindo,normal,3.1717,2.5697,-0.438,-0.1353,0.3028,0.5,8.2377,0.9842,0.37,3.5543,2.5176,-0.0169
41.5,seguindo,normal,3.1744,2.5679,-0.4325,-0.1208,0.3117,0.5,8.236,1.1891,0.37,3.6043,2.5157,-0.0175
41.55,seguindo,normal,3.1811,2.5637,-0.4198,-0.1129,0.3068,0.5,8.2317,1.1891,0.37,3.6043,2.5157,-0.0189
41.6,seguindo,normal,3.1867,2.5603,-0.4087,-0.1062,0.3024,0.5,8.2281,1.1891,0.37,3.6043,2.5157,-0.02
41.65,seguindo,normal,3.1974,2.5538,-0.387,-0.1138,0.2732,0.5,8.2162,1.1891,0.37,3.6002,2.5077,-0.0173
41.7,seguindo,normal,3.2057,2.549,-0.3702,-0.1043,0.2659,0.5,8.2106,1.1891,0.37,3.6002,2.5077,-0.0191
41.75,seguindo,normal,3.2184,2.5422,-0.3476,-0.0902,0.2574,0.5,8.2018,1.1891,0.37,3.6002,2.5077,-0.0214
41.8,seguindo,normal,3.2273,2.5379,-0.334,-0.076,0.258,0.5,8.1955,1.5311,0.37,3.6502,2.5057,-0.0227
41.85,seguindo,normal,3.2408,2.5317,-0.3145,-0.0634,0.2511,0.5,8.1858,1.5311,0.37,3.6502,2.5057,-0.0242
41.9,seguindo,normal,3.25,2.5277,-0.3022,-0.0549,0.2473,0.5,8.1791,1.5311,0.37,3.6502,2.5057,-0.0254
41.951,seguindo,normal,3.2636,2.5219,-0.2821,-0.0419,0.2403,0.5,8.1691,1.5311,0.37,3.6502,2.5057,-0.0275
42.0,seguindo,normal,3.2726,2.5182,-0.2682,-0.0331,0.2351,0.5,8.1625,2.0759,0.37,3.7001,2.504,-0.0288
42.05,seguindo,normal,3.286,2.5128,-0.2458,-0.0211,0.2246,0.5,8.1526,2.0759,0.37,3.7001,2.504,-0.0306
42.1,seguindo,normal,3.2949,2.5093,-0.2303,-0.0131,0.2172,0.5,8.146,2.0759,0.37,3.7001,2.504,-0.0317
42.15,seguindo,normal,3.3083,2.5044,-0.2067,-0.0009,0.2058,0.5,8.1359,2.0759,0.37,3.7001,2.504,-0.0339
42.201,seguindo,normal,3.3172,2.5012,-0.1908,0.0073,0.198,0.5,8.1291,2.0759,0.37,3.7001,2.504,-0.0352
42.25,seguindo,normal,3.3307,2.4968,-0.1666,0.0114,0.1781,0.5,8.1191,2.9358,0.37,3.7506,2.5016,-0.0367
42.301,seguindo,normal,3.3443,2.4927,-0.1423,0.022,0.1643,0.5,8.1085,2.9358,0.37,3.7506,2.5016,-0.038
42.35,seguindo,normal,3.3534,2.4901,-0.1265,0.0289,0.1554,0.5,8.1013,2.9358,0.37,3.7506,2.5016,-0.0391
42.4,seguindo,normal,3.3626,2.4878,-0.1108,0.0357,0.1465,0.5,8.094,2.9358,0.37,3.7506,2.5016,-0.0401
42.45,seguindo,normal,3.3766,2.4845,-0.0876,0.0369,0.1246,0.5,8.0827,4.3007,0.37,3.8006,2.5001,-0.0412
42.5,seguindo,normal,3.386,2.4825,-0.0724,0.0426,0.115,0.5,8.0751,4.3007,0.37,3.8006,2.5001,-0.0418
42.55,seguindo,normal,3.4002,2.4798,-0.0502,0.0508,0.101,0.5,8.0634,4.3007,0.37,3.8006,2.5001,-0.0425
42.601,seguindo,normal,3.4145,2.4774,-0.0285,0.0587,0.0873,0.5,8.0514,4.3007,0.37,3.8006,2.5001,-0.0432
42.65,seguindo,normal,3.4242,2.4761,-0.0147,0.053,0.0677,0.5,8.0432,6.4901,0.37,3.8506,2.4987,-0.0435
42.7,seguindo,normal,3.434,2.4749,-0.001,0.0571,0.0581,0.5,8.0349,6.4901,0.37,3.8506,2.4987,-0.0436
42.75,seguindo,normal,3.4487,2.4734,0.0188,0.0629,0.0441,0.5,8.0222,6.4901,0.37,3.8506,2.4987,-0.0435
42.8,seguindo,normal,3.4586,2.4726,0.0315,0.0665,0.0349,0.5,8.0136,6.4901,0.37,3.8506,2.4987,-0.0434
42.851,seguindo,normal,3.4737,2.4718,0.0499,0.0599,0.0101,0.5,8.0004,10.0428,0.37,3.9006,2.4974,-0.043
42.9,seguindo,normal,3.4838,2.4714,0.0616,0.0623,0.0007,0.5,7.9915,10.0428,0.37,3.9006,2.4974,-0.0426
42.951,seguindo,normal,3.4991,2.4711,0.0782,0.0845,0.0063,0.5,7.9874,10.0428,0.37,3.9081,2.5057,-0.0485
43.0,seguindo,normal,3.5094,2.4711,0.0885,0.0866,-0.0018,0.5,7.9781,10.0428,0.37,3.9081,2.5057,-0.0477
43.05,seguindo,normal,3.5263,2.4718,0.0997,0.0886,-0.0111,0.5,7.9626,10.0428,0.37,3.9081,2.5057,-0.046
43.1,seguindo,normal,3.5382,2.4726,0.1049,0.0762,-0.0287,0.5,7.9516,15.8572,0.37,3.958,2.5046,-0.0445
43.151,seguindo,normal,3.5559,2.4743,0.1078,0.0754,-0.0324,0.5,7.9349,15.8572,0.37,3.958,2.5046,-0.0418
43.201,seguindo,normal,3.5677,2.4755,0.1079,0.0744,-0.0335,0.5,7.9238,15.8572,0.37,3.958,2.5046,-0.04
43.25,seguindo,normal,3.5854,2.4774,0.1083,0.0618,-0.0464,0.5,7.907,25.3567,0.37,4.008,2.5036,-0.0374
43.3,seguindo,normal,3.5972,2.4787,0.1085,0.0605,-0.048,0.5,7.8959,25.3567,0.37,4.008,2.5036,-0.0356
43.35,seguindo,normal,3.6149,2.4806,0.1091,0.0585,-0.0506,0.5,7.8792,25.3567,0.37,4.008,2.5036,-0.033
43.4,seguindo,normal,3.6267,2.4818,0.1095,0.057,-0.0525,0.5,7.8681,25.3567,0.37,4.008,2.5036,-0.0313
43.451,seguindo,normal,3.6442,2.4837,0.1107,0.0456,-0.0651,0.5,7.8515,40.4042,0.37,4.058,2.5025,-0.0288
43.5,seguindo,normal,3.6559,2.4849,0.1117,0.0439,-0.0678,0.5,7.8405,40.4042,0.37,4.058,2.5025,-0.0272
43.551,seguindo,normal,3.6733,2.4867,0.114,0.0413,-0.0728,0.5,7.8241,40.4042,0.37,4.058,2.5025,-0.0249
43.6,seguindo,normal,3.6849,2.4878,0.1159,0.0323,-0.0835,0.5,7.8133,61.6942,0.37,4.108,2.5015,-0.0234
43.65,seguindo,normal,3.7022,2.4896,0.1188,0.0293,-0.0895,0.5,7.797,61.6942,0.37,4.108,2.5015,-0.021
43.7,seguindo,normal,3.7137,2.4909,0.1208,0.027,-0.0938,0.5,7.7861,61.6942,0.37,4.108,2.5015,-0.0195
43.75,seguindo,normal,3.731,2.4927,0.1238,0.0233,-0.1005,0.5,7.7698,61.6942,0.37,4.108,2.5015,-0.0172
43.8,seguindo,normal,3.7425,2.494,0.1257,0.0157,-0.11,0.5,7.7589,83.0902,0.37,4.158,2.5006,-0.0156
43.85,seguindo,normal,3.7598,2.496,0.1287,0.0115,-0.1172,0.5,7.7426,83.0902,0.37,4.158,2.5006,-0.0131
43.9,seguindo,normal,3.7713,2.4973,0.1306,0.0083,-0.1223,0.5,7.7317,83.0902,0.37,4.158,2.5006,-0.0115
43.952,seguindo,normal,3.7886,2.4994,0.1335,0.0212,-0.1123,0.5,7.7057,88.4266,0.37,4.1929,2.508,-0.0174
44.0,seguindo,normal,3.8001,2.5008,0.1354,0.0182,-0.1171,0.5,7.6948,88.4266,0.37,4.1929,2.508,-0.0157
44.05,seguindo,normal,3.8174,2.503,0.1381,0.0133,-0.1248,0.5,7.6784,88.4266,0.37,4.1929,2.508,-0.0131
44.1,seguindo,normal,3.8289,2.5044,0.1399,0.0065,-0.1334,0.5,7.6674,72.0796,0.37,4.2429,2.5071,-0.0114
44.15,seguindo,normal,3.8462,2.5067,0.1426,0.0012,-0.1414,0.5,7.651,72.0796,0.37,4.2429,2.5071,-0.0087
44.201,seguindo,normal,3.8635,2.5089,0.1453,-0.0048,-0.1501,0.5,7.6345,72.0796,0.37,4.2429,2.5071,-0.0061
44.25,seguindo,normal,3.875,2.5105,0.1471,-0.0096,-0.1567,0.5,7.6236,49.2078,0.37,4.2928,2.5065,-0.0042
44.3,seguindo,normal,3.8923,2.5129,0.1496,-0.0159,-0.1656,0.5,7.6071,49.2078,0.37,4.2928,2.5065,-0.0015
44.35,seguindo,normal,3.9038,2.5145,0.1514,-0.0205,-0.1719,0.5,7.5961,49.2078,0.37,4.2928,2.5065,0.0004
44.4,seguindo,normal,3.9154,2.5161,0.1532,-0.0254,-0.1786,0.5,7.5851,49.2078,0.37,4.2928,2.5065,0.0023
44.45,seguindo,normal,3.9326,2.5186,0.1558,-0.0303,-0.1861,0.5,7.5686,31.1796,0.37,4.3429,2.5061,0.0051
44.501,seguindo,normal,3.9499,2.5211,0.1585,-0.038,-0.1965,0.5,7.5521,31.1796,0.37,4.3429,2.5061,0.008
44.55,seguindo,normal,3.9614,2.5228,0.1603,-0.0436,-0.2039,0.5,7.5411,31.1796,0.37,4.3429,2.5061,0.01
44.6,seguindo,normal,3.9729,2.5245,0.1621,-0.0434,-0.2055,0.5,7.5301,19.409,0.37,4.3929,2.5063,0.012
44.65,seguindo,normal,3.9901,2.5271,0.1648,-0.0517,-0.2165,0.5,7.5136,19.409,0.37,4.3929,2.5063,0.015
44.7,seguindo,normal,4.0016,2.5289,0.1667,-0.0577,-0.2244,0.5,7.5025,19.409,0.37,4.3929,2.5063,0.017
44.751,seguindo,normal,4.0188,2.5316,0.1693,-0.0577,-0.227,0.5,7.486,12.1593,0.37,4.4429,2.5071,0.0201
44.8,seguindo,normal,4.0303,2.5334,0.1711,-0.0637,-0.2347,0.5,7.4749,12.1593,0.37,4.4429,2.5071,0.0221
44.85,seguindo,normal,4.0475,2.5362,0.1737,-0.0734,-0.2472,0.5,7.4584,12.1593,0.37,4.4429,2.5071,0.0253
44.9,seguindo,normal,4.059,2.5381,0.1755,-0.0805,-0.256,0.5,7.4473,12.1593,0.37,4.4429,2.5071,0.0274
44.95,seguindo,normal,4.0762,2.5409,0.1781,-0.0591,-0.2372,0.5,7.45,12.1593,0.37,4.4578,2.5183,0.0174
45.0,seguindo,normal,4.0877,2.5429,0.1797,-0.0543,-0.234,0.5,7.4389,7.7454,0.37,4.5079,2.52,0.0197
45.05,seguindo,normal,4.1049,2.5458,0.1823,-0.0639,-0.2461,0.5,7.4222,7.7454,0.37,4.5079,2.52,0.023
45.1,seguindo,normal,4.1163,2.5478,0.1841,-0.0707,-0.2548,0.5,7.4112,7.7454,0.37,4.5079,2.52,0.0253
45.15,seguindo,normal,4.1335,2.5508,0.1869,-0.0819,-0.2688,0.5,7.3946,7.7454,0.37,4.5079,2.52,0.0287
45.2,seguindo,normal,4.1449,2.5528,0.1889,-0.0713,-0.2602,0.5,7.3835,5.0449,0.37,4.558,2.5233,0.031
45.25,seguindo,normal,4.1621,2.5558,0.1916,-0.0821,-0.2738,0.5,7.3669,5.0449,0.37,4.558,2.5233,0.0345
45.3,seguindo,normal,4.1735,2.5579,0.1934,-0.0899,-0.2834,0.5,7.3557,5.0449,0.37,4.558,2.5233,0.0368
45.35,seguindo,normal,4.1906,2.5611,0.1961,-0.0776,-0.2737,0.5,7.3391,3.3756,0.37,4.6081,2.5286,0.0404
45.4,seguindo,normal,4.2021,2.5632,0.1979,-0.085,-0.2829,0.5,7.328,3.3756,0.37,4.6081,2.5286,0.0428
45.45,seguindo,normal,4.2192,2.5664,0.2006,-0.0969,-0.2976,0.5,7.3113,3.3756,0.37,4.6081,2.5286,0.0464
45.5,seguindo,normal,4.2306,2.5686,0.2024,-0.1056,-0.308,0.5,7.3002,3.3756,0.37,4.6081,2.5286,0.0488
45.55,seguindo,normal,4.2477,2.5719,0.2051,-0.0853,-0.2904,0.5,7.2834,2.3321,0.37,4.6584,2.5368,0.0525
45.6,seguindo,normal,4.2591,2.5742,0.2068,-0.0933,-0.3001,0.5,7.2723,2.3321,0.37,4.6584,2.5368,0.055
45.65,seguindo,normal,4.2763,2.5776,0.2094,-0.1062,-0.3157,0.5,7.2556,2.3321,0.37,4.6584,2.5368,0.0586
45.701,seguindo,normal,4.2933,2.581,0.2121,-0.0778,-0.2899,0.5,7.2388,1.6738,0.37,4.7087,2.5486,0.0624
45.75,seguindo,normal,4.3053,2.5838,0.209,-0.087,-0.296,0.5,7.2269,1.6738,0.37,4.7087,2.5486,0.0654
45.8,seguindo,normal,4.3173,2.5866,0.2056,-0.0968,-0.3024,0.5,7.215,1.6738,0.37,4.7087,2.5486,0.0684
45.851,seguindo,normal,4.3353,2.5911,0.1955,-0.0622,-0.2577,0.5,7.197,1.2572,0.37,4.7592,2.5647,0.0731
45.9,seguindo,normal,4.3472,2.5942,0.187,-0.0714,-0.2583,0.5,7.185,1.2572,0.37,4.7592,2.5647,0.0762
45.95,seguindo,normal,4.3651,2.5988,0.1692,-0.0864,-0.2556,0.5,7.1671,1.2572,0.37,4.7592,2.5647,0.0811
46.0,seguindo,normal,4.3769,2.6019,0.1556,-0.097,-0.2526,0.5,7.1552,1.2572,0.37,4.7592,2.5647,0.0841
46.05,seguindo,normal,4.3948,2.6066,0.1307,-0.0646,-0.1953,0.5,7.1654,1.2572,0.37,4.7846,2.5813,0.076
46.1,seguindo,normal,4.4128,2.6109,0.1034,-0.0195,-0.1229,0.5,7.1476,0.9961,0.37,4.835,2.6027,0.0802
46.15,seguindo,normal,4.4249,2.6135,0.0857,-0.0264,-0.1122,0.5,7.1357,0.9961,0.37,4.835,2.6027,0.0827
46.202,seguindo,normal,4.4432,2.617,0.0593,-0.0366,-0.0959,0.5,7.1179,0.9961,0.37,4.835,2.6027,0.0859
46.25,seguindo,normal,4.4555,2.6191,0.0418,-0.0431,-0.085,0.5,7.1062,0.9961,0.37,4.835,2.6027,0.0877
46.3,seguindo,normal,4.4678,2.6209,0.0244,0.0192,-0.0052,0.5,7.0945,0.8387,0.37,4.8854,2.6289,0.0892
46.35,seguindo,normal,4.4864,2.6232,-0.0011,0.0143,0.0154,0.5,7.0771,0.8387,0.37,4.8854,2.6289,0.091
46.4,seguindo,normal,4.499,2.6244,-0.0168,0.0118,0.0286,0.5,7.0654,0.8387,0.37,4.8854,2.6289,0.0916
46.45,seguindo,normal,4.518,2.6257,-0.0402,0.0812,0.1214,0.5,7.0481,0.7545,0.37,4.9359,2.6597,0.0922
46.501,seguindo,normal,4.5308,2.6264,-0.0557,0.0821,0.1378,0.5,7.0366,0.7545,0.37,4.9359,2.6597,0.0922
46.55,seguindo,normal,4.5505,2.6267,-0.0752,0.0856,0.1608,0.5,7.0192,0.7545,0.37,4.9359,2.6597,0.091
46.6,seguindo,normal,4.5708,2.6263,-0.0907,0.0914,0.1821,0.5,7.0017,0.7218,0.37,4.9359,2.6597,0.0891
46.65,seguindo,normal,4.5824,2.6257,-0.0974,0.1475,0.2449,0.5,7.0105,0.7218,0.37,4.9474,2.6799,0.0714
46.7,seguindo,normal,4.5939,2.6251,-0.1045,0.1539,0.2584,0.5,7.0008,0.7218,0.37,4.9474,2.6799,0.0697
46.75,seguindo,normal,4.6111,2.6236,-0.1084,0.166,0.2744,0.5,6.9867,0.7218,0.37,4.9474,2.6799,0.066
46.8,seguindo,normal,4.6225,2.6223,-0.1083,0.2423,0.3506,0.5,6.9774,0.7402,0.37,4.9977,2.7151,0.0633
46.85,seguindo,normal,4.6396,2.6202,-0.105,0.2589,0.3639,0.5,6.9636,0.7402,0.37,4.9977,2.7151,0.059
46.9,seguindo,normal,4.651,2.6188,-0.1014,0.2709,0.3723,0.5,6.9545,0.7402,0.37,4.9977,2.7151,0.0555
46.951,seguindo,normal,4.668,2.6166,-0.0955,0.3449,0.4404,0.5,6.9408,0.8154,0.37,5.048,2.7531,0.0503
47.0,seguindo,normal,4.6794,2.6152,-0.0915,0.358,0.4495,0.5,6.9317,0.8154,0.37,5.048,2.7531,0.0469
47.05,seguindo,normal,4.6965,2.6132,-0.0859,0.3787,0.4646,0.5,6.9179,0.8154,0.37,5.048,2.7531,0.0413
47.1,seguindo,normal,4.7079,2.612,-0.0827,0.3933,0.476,0.5,6.9086,0.8154,0.37,5.048,2.7531,0.0373
47.15,seguindo,normal,4.7251,2.6103,-0.0791,0.455,0.5342,0.5,6.8946,0.9631,0.37,5.0983,2.7929,0.0314
47.2,seguindo,normal,4.7366,2.6092,-0.0771,0.4699,0.547,0.5,6.8852,0.9631,0.37,5.0983,2.7929,0.0276
47.25,seguindo,normal,4.7514,2.6074,-0.0686,0.491,0.5595,0.5,6.8734,0.9631,0.37,5.0983,2.7929,0.0213
47.3,seguindo,normal,4.7602,2.6061,-0.059,0.5048,0.5639,0.5,6.8664,0.9631,0.37,5.0983,2.7929,0.0172
47.35,seguindo,normal,4.7736,2.6039,-0.0397,0.5492,0.5889,0.5,6.856,1.2234,0.37,5.1487,2.8334,0.0108
47.401,seguindo,normal,4.787,2.6016,-0.0167,0.57,0.5867,0.5,6.8457,1.2234,0.37,5.1487,2.8334,0.0043
47.451,seguindo,normal,4.7958,2.5999,0.0034,0.5846,0.5812,0.5,6.8389,1.2234,0.37,5.1487,2.8334,-0.0001
47.5,seguindo,normal,4.809,2.5976,0.0348,0.6068,0.572,0.5,6.8288,1.2234,0.37,5.1487,2.8334,-0.0074
47.553,seguindo,normal,4.8178,2.5959,0.0607,0.6226,0.5619,0.5,6.8221,1.2234,0.37,5.1487,2.8334,-0.0125
47.6,seguindo,normal,4.8266,2.5944,0.0871,0.6384,0.5513,0.5,6.8153,1.2234,0.37,5.1487,2.8334,-0.0173
47.651,seguindo,normal,4.8397,2.5924,0.1277,0.6631,0.5353,0.5,6.8041,1.7007,0.37,5.198,2.8723,-0.0211
47.7,seguindo,normal,4.8483,2.5914,0.1547,0.6766,0.522,0.5,6.7973,1.7007,0.37,5.198,2.8723,-0.0255
47.751,seguindo,normal,4.8609,2.5905,0.1932,0.6964,0.5032,0.5,6.7869,1.7007,0.37,5.198,2.8723,-0.0315
47.8,seguindo,normal,4.8692,2.5902,0.2178,0.7092,0.4915,0.5,6.78,1.7007,0.37,5.198,2.8723,-0.0357
47.85,seguindo,normal,4.8814,2.5899,0.2562,0.7285,0.4723,0.5,6.7698,1.7007,0.37,5.198,2.8723,-0.0417
47.9,seguindo,normal,4.8895,2.5899,0.2824,0.7413,0.4589,0.5,6.7629,1.7007,0.37,5.198,2.8723,-0.0456
47.95,seguindo,normal,4.9015,2.5902,0.3227,0.7605,0.4378,0.5,6.7525,2.7904,0.37,5.198,2.8723,-0.051
48.0,seguindo,normal,4.9094,2.5906,0.35,0.7733,0.4233,0.5,6.7456,2.7904,0.37,5.198,2.8723,-0.0544
48.05,seguindo,normal,4.9212,2.5916,0.3908,0.7887,0.3979,0.5,6.7332,2.7904,0.37,5.1976,2.8698,-0.0573
48.1,seguindo,normal,4.9291,2.5926,0.4181,0.8015,0.3834,0.5,6.726,2.7904,0.37,5.1976,2.8698,-0.0604
48.152,seguindo,normal,4.9409,2.5945,0.4585,0.8205,0.362,0.5,6.715,2.7904,0.37,5.1976,2.8698,-0.065
48.2,seguindo,normal,4.9527,2.5969,0.4986,0.8395,0.3408,0.5,6.7037,2.7904,0.37,5.1976,2.8698,-0.0693
48.25,seguindo,normal,4.9605,2.5988,0.5246,0.8224,0.2978,0.5,6.696,7.8109,0.37,5.2477,2.9081,-0.0718
48.3,seguindo,normal,4.9683,2.6011,0.5503,0.8326,0.2823,0.5,6.6882,7.8109,0.37,5.2477,2.9081,-0.074
48.35,seguindo,normal,4.98,2.6049,0.588,0.8476,0.2596,0.5,6.6762,7.8109,0.37,5.2477,2.9081,-0.077
48.4,seguindo,normal,4.9878,2.6078,0.6121,0.8574,0.2453,0.5,6.668,7.8109,0.37,5.2477,2.9081,-0.0787
48.45,seguindo,normal,4.9994,2.6127,0.6475,0.8719,0.2244,0.5,6.6556,7.8109,0.37,5.2477,2.9081,-0.0812
48.5,seguindo,normal,5.0071,2.6163,0.6705,0.8814,0.2108,0.5,6.6472,7.8109,0.37,5.2477,2.9081,-0.0827
48.55,seguindo,normal,5.0186,2.6221,0.7049,0.8955,0.1905,0.5,6.6344,7.8109,0.37,5.2477,2.9081,-0.0846
48.6,seguindo,normal,5.0262,2.6261,0.7276,0.863,0.1354,0.5,6.6258,10.0002,0.37,5.2978,2.9435,-0.0857
48.65,seguindo,normal,5.0376,2.6326,0.7611,0.874,0.1129,0.5,6.6127,10.0002,0.37,5.2978,2.9435,-0.087
48.7,seguindo,normal,5.0452,2.6372,0.7831,0.8813,0.0982,0.5,6.6037,10.0002,0.37,5.2978,2.9435,-0.0876
48.751,seguindo,normal,5.0566,2.6448,0.8146,0.8916,0.0771,0.5,6.5901,10.0002,0.37,5.2978,2.9435,-0.0884
48.801,seguindo,normal,5.0679,2.6528,0.8444,0.9017,0.0573,0.5,6.5763,10.0002,0.37,5.2978,2.9435,-0.0888
48.851,seguindo,normal,5.0754,2.6587,0.8628,0.8072,-0.0556,0.5,6.5649,2.9687,0.37,5.3597,2.9556,-0.0729
48.901,seguindo,normal,5.0829,2.6647,0.8808,0.8103,-0.0705,0.5,6.5554,2.9687,0.37,5.3597,2.9556,-0.0725
48.95,seguindo,normal,5.0938,2.6741,0.9065,0.8139,-0.0926,0.5,6.5411,2.9687,0.37,5.3597,2.9556,-0.0714
49.0,seguindo,normal,5.101,2.6807,0.9229,0.8158,-0.1071,0.5,6.5316,2.9687,0.37,5.3597,2.9556,-0.0705
49.05,seguindo,normal,5.1116,2.6915,0.9442,0.8167,-0.1275,0.5,6.5171,2.9687,0.37,5.3597,2.9556,-0.0684
49.1,seguindo,normal,5.1185,2.699,0.9566,0.8164,-0.1402,0.5,6.5073,2.9687,0.37,5.3597,2.9556,-0.0667
49.15,seguindo,normal,5.1292,2.7121,0.9701,0.7202,-0.2498,0.5,6.4914,1.6846,0.37,5.4606,3.0029,-0.0629
49.202,seguindo,normal,5.14,2.7265,0.9793,0.7116,-0.2677,0.5,6.4747,1.6846,0.37,5.4606,3.0029,-0.0582
49.25,seguindo,normal,5.1468,2.7364,0.9799,0.704,-0.2759,0.5,6.4639,1.6846,0.37,5.4606,3.0029,-0.0545
49.3,seguindo,normal,5.1535,2.7463,0.9803,0.6959,-0.2844,0.5,6.4531,1.6846,0.37,5.4606,3.0029,-0.0508
49.35,seguindo,normal,5.1634,2.7612,0.9804,0.6389,-0.3415,0.5,6.437,1.1286,0.37,5.5109,3.0193,-0.0453
49.401,seguindo,normal,5.1734,2.776,0.9802,0.6245,-0.3557,0.5,6.4209,1.1286,0.37,5.5109,3.0193,-0.0397
49.45,seguindo,normal,5.18,2.7859,0.9804,0.6143,-0.3661,0.5,6.4102,1.1286,0.37,5.5109,3.0193,-0.0361
49.5,seguindo,normal,5.1866,2.7957,0.9806,0.6036,-0.377,0.5,6.3996,1.1286,0.37,5.5109,3.0193,-0.0323
49.55,seguindo,normal,5.1965,2.8104,0.9817,0.5865,-0.3952,0.5,6.3836,1.1286,0.37,5.5109,3.0193,-0.0268
49.6,seguindo,normal,5.2031,2.8201,0.9827,0.5333,-0.4494,0.5,6.3731,0.8628,0.37,5.5612,3.0315,-0.0231
49.65,seguindo,normal,5.213,2.8346,0.9851,0.5147,-0.4704,0.5,6.3573,0.8628,0.37,5.5612,3.0315,-0.0177
49.7,seguindo,normal,5.2195,2.8441,0.987,0.5015,-0.4855,0.5,6.3469,0.8628,0.37,5.5612,3.0315,-0.0141
49.75,seguindo,normal,5.2294,2.8594,0.9849,0.4785,-0.5064,0.5,6.3307,0.8628,0.37,5.5612,3.0315,-0.0077
49.8,seguindo,normal,5.236,2.8698,0.9816,0.4258,-0.5558,0.5,6.3198,0.7476,0.37,5.6114,3.04,-0.0032
49.85,seguindo,normal,5.2455,2.8854,0.9717,0.4,-0.5717,0.5,6.3038,0.7476,0.37,5.6114,3.04,0.0036
49.9,seguindo,normal,5.2518,2.8957,0.9632,0.3818,-0.5815,0.5,6.2933,0.7476,0.37,5.6114,3.04,0.0082
49.95,seguindo,normal,5.261,2.9112,0.9456,0.3525,-0.5932,0.5,6.2776,0.7476,0.37,5.6114,3.04,0.0157
50.0,seguindo,normal,5.2671,2.9214,0.9321,0.3318,-0.6003,0.5,6.2672,0.7476,0.37,5.6114,3.04,0.0208
50.051,seguindo,normal,5.2761,2.9367,0.9068,0.2688,-0.6379,0.5,6.2457,0.7192,0.37,5.656,3.0414,0.0259
50.1,seguindo,normal,5.2822,2.9467,0.8881,0.2479,-0.6402,0.5,6.2355,0.7192,0.37,5.656,3.0414,0.0309
50.15,seguindo,normal,5.2914,2.9617,0.8561,0.215,-0.641,0.5,6.2203,0.7192,0.37,5.656,3.0414,0.0388
50.2,seguindo,normal,5.3008,2.9764,0.8219,0.1808,-0.6411,0.5,6.2049,0.7192,0.37,5.656,3.0414,0.0466
50.25,seguindo,normal,5.3072,2.986,0.7976,0.1333,-0.6643,0.5,6.1947,0.7598,0.37,5.7562,3.0462,0.0516
50.3,seguindo,normal,5.3171,3.0,0.7611,0.1049,-0.6563,0.5,6.1793,0.7598,0.37,5.7562,3.0462,0.0585
50.351,seguindo,normal,5.3239,3.0091,0.736,0.0857,-0.6503,0.5,6.169,0.7598,0.37,5.7562,3.0462,0.0629
50.4,seguindo,normal,5.3344,3.0224,0.6982,0.0564,-0.6418,0.5,6.1533,0.7598,0.37,5.7562,3.0462,0.07
50.45,seguindo,normal,5.3416,3.031,0.672,0.0438,-0.6282,0.5,6.1435,0.7598,0.37,5.7556,3.0491,0.072
50.5,seguindo,normal,5.349,3.0394,0.6458,0.0227,-0.6231,0.5,6.133,0.8711,0.37,5.8056,3.0497,0.0762
50.55,seguindo,normal,5.3601,3.0516,0.6047,-0.0041,-0.6089,0.5,6.1174,0.8711,0.37,5.8056,3.0497,0.082
50.6,seguindo,normal,5.3677,3.0594,0.5768,-0.0222,-0.5989,0.5,6.107,0.8711,0.37,5.8056,3.0497,0.0856
50.65,seguindo,normal,5.3794,3.0708,0.5337,-0.0494,-0.5831,0.5,6.0913,0.8711,0.37,5.8056,3.0497,0.0916
50.701,seguindo,normal,5.3914,3.0816,0.4902,-0.0769,-0.5671,0.5,6.0756,0.8711,0.37,5.8056,3.0497,0.097
50.75,seguindo,normal,5.3995,3.0886,0.46,-0.0851,-0.5451,0.5,6.0652,1.0739,0.37,5.8556,3.0497,0.1004
50.8,seguindo,normal,5.4078,3.0952,0.4298,-0.1014,-0.5313,0.5,6.0547,1.0739,0.37,5.8556,3.0497,0.1034
50.85,seguindo,normal,5.4206,3.1048,0.3847,-0.126,-0.5107,0.5,6.0389,1.0739,0.37,5.8556,3.0497,0.1076
50.9,seguindo,normal,5.4294,3.1108,0.3546,-0.1425,-0.4971,0.5,6.0283,1.0739,0.37,5.8556,3.0497,0.1107
50.95,seguindo,normal,5.443,3.1194,0.3101,-0.1674,-0.4774,0.5,6.0122,1.0739,0.37,5.8556,3.0497,0.1147
51.002,seguindo,normal,5.4571,3.1273,0.2663,-0.1725,-0.4389,0.5,5.9961,1.4046,0.37,5.9057,3.0491,0.1179
51.05,seguindo,normal,5.4667,3.1322,0.2375,-0.166,-0.4035,0.5,5.9963,1.4046,0.37,5.9157,3.057,0.1174
51.1,seguindo,normal,5.4765,3.1368,0.2087,-0.1798,-0.3885,0.5,5.9855,1.4046,0.37,5.9157,3.057,0.1188
51.15,seguindo,normal,5.4915,3.1432,0.1657,-0.2006,-0.3663,0.5,5.9693,1.4046,0.37,5.9157,3.057,0.121
51.201,seguindo,normal,5.5068,3.149,0.123,-0.2213,-0.3443,0.5,5.9532,1.4046,0.37,5.9157,3.057,0.123
51.25,seguindo,normal,5.5172,3.1524,0.0953,-0.2109,-0.3061,0.5,5.9424,1.9277,0.37,5.9657,3.0564,0.1239
51.3,seguindo,normal,5.5332,3.1569,0.0551,-0.2283,-0.2834,0.5,5.9261,1.9277,0.37,5.9657,3.0564,0.1245
51.352,seguindo,normal,5.5441,3.1595,0.029,-0.2398,-0.2689,0.5,5.9153,1.9277,0.37,5.9657,3.0564,0.1248
51.4,seguindo,normal,5.5551,3.1618,0.0034,-0.2512,-0.2546,0.5,5.9046,1.9277,0.37,5.9657,3.0564,0.1252
51.45,seguindo,normal,5.5719,3.1646,-0.0344,-0.2407,-0.2063,0.5,5.8885,2.7526,0.37,6.0157,3.0557,0.1252
51.5,seguindo,normal,5.5833,3.166,-0.0584,-0.2499,-0.1915,0.5,5.8779,2.7526,0.37,6.0157,3.0557,0.1247
51.55,seguindo,normal,5.6006,3.1676,-0.0937,-0.2634,-0.1697,0.5,5.862,2.7526,0.37,6.0157,3.0557,0.1235
51.601,seguindo,normal,5.6183,3.1683,-0.1264,-0.2763,-0.1499,0.5,5.8462,2.7526,0.37,6.0157,3.0557,0.1222
51.65,seguindo,normal,5.6302,3.1684,-0.1473,-0.2552,-0.1079,0.5,5.8357,4.0634,0.37,6.0657,3.0548,0.1209
51.7,seguindo,normal,5.6422,3.1682,-0.1679,-0.2617,-0.0938,0.5,5.8253,4.0634,0.37,6.0657,3.0548,0.1194
51.75,seguindo,normal,5.6603,3.1673,-0.1978,-0.2708,-0.073,0.5,5.81,4.0634,0.37,6.0657,3.0548,0.1167
51.8,seguindo,normal,5.6726,3.1663,-0.2161,-0.2764,-0.0603,0.5,5.7998,4.0634,0.37,6.0657,3.0548,0.1148
51.85,seguindo,normal,5.6911,3.1642,-0.2423,-0.1191,0.1232,0.5,5.7847,6.7287,1.0,6.7155,3.0415,0.1114
51.9,seguindo,normal,5.7036,3.1624,-0.2587,-0.1188,0.1399,0.5,5.7747,6.7287,1.0,6.7155,3.0415,0.1087
51.951,seguindo,normal,5.7223,3.1591,-0.2822,-0.1178,0.1643,0.5,5.76,6.7287,1.0,6.7155,3.0415,0.1046
52.001,seguindo,normal,5.7413,3.1553,-0.304,-0.1116,0.1924,0.5,5.7455,10.5084,1.0,6.7655,3.0405,0.1
52.05,seguindo,normal,5.7539,3.1524,-0.3178,-0.1112,0.2067,0.5,5.7401,10.5084,1.0,6.7675,3.0393,0.0927
52.1,seguindo,normal,5.7666,3.1493,-0.3314,-0.1095,0.2219,0.5,5.7306,10.5084,1.0,6.7675,3.0393,0.0892
52.15,seguindo,normal,5.7841,3.1445,-0.3471,-0.1066,0.2405,0.5,5.7178,10.5084,1.0,6.7675,3.0393,0.0841
52.2,seguindo,normal,5.7952,3.1412,-0.3565,-0.1007,0.2559,0.5,5.7098,16.7669,1.0,6.8175,3.038,0.0808
52.25,seguindo,normal,5.8116,3.1357,-0.3639,-0.0968,0.267,0.5,5.6984,16.7669,1.0,6.8175,3.038,0.075
52.3,seguindo,normal,5.8224,3.1317,-0.3662,-0.094,0.2722,0.5,5.691,16.7669,1.0,6.8175,3.038,0.071
52.35,seguindo,normal,5.8385,3.1254,-0.3641,-0.0891,0.275,0.5,5.6803,16.7669,1.0,6.8175,3.038,0.0647
52.401,seguindo,normal,5.8544,3.1189,-0.3587,-0.081,0.2776,0.5,5.6698,27.2679,1.0,6.8675,3.0367,0.0582
52.451,seguindo,normal,5.8651,3.1146,-0.3548,-0.0776,0.2772,0.5,5.6628,27.2679,1.0,6.8675,3.0367,0.0539
52.5,seguindo,normal,5.8757,3.1104,-0.3509,-0.0742,0.2767,0.5,5.6558,27.2679,1.0,6.8675,3.0367,0.0497
52.55,seguindo,normal,5.8918,3.1041,-0.3455,-0.069,0.2766,0.5,5.6452,27.2679,1.0,6.8675,3.0367,0.0436
52.6,seguindo,normal,5.9025,3.1,-0.3425,-0.0636,0.279,0.5,5.6381,45.1098,1.0,6.9174,3.0354,0.0396
52.651,seguindo,normal,5.9187,3.0939,-0.339,-0.0585,0.2805,0.5,5.6273,45.1098,1.0,6.9174,3.0354,0.0338
52.7,seguindo,normal,5.9296,3.0899,-0.3369,-0.0552,0.2818,0.5,5.62,45.1098,1.0,6.9174,3.0354,0.03
52.75,seguindo,normal,5.946,3.084,-0.3343,-0.0488,0.2855,0.5,5.6091,75.7828,1.0,6.9674,3.0341,0.0243
52.8,seguindo,normal,5.9569,3.08,-0.3326,-0.0454,0.2872,0.5,5.6017,75.7828,1.0,6.9674,3.0341,0.0205
52.85,seguindo,normal,5.9734,3.0742,-0.3302,-0.0403,0.2899,0.5,5.5907,75.7828,1.0,6.9674,3.0341,0.0149
52.9,seguindo,normal,5.9843,3.0703,-0.3285,-0.0368,0.2917,0.5,5.5834,75.7828,1.0,6.9674,3.0341,0.0113
52.95,seguindo,normal,6.0008,3.0645,-0.3259,-0.0311,0.2948,0.5,5.5724,129.0962,1.0,7.0174,3.0328,0.0058
53.0,seguindo,normal,6.0118,3.0606,-0.3242,-0.0277,0.2966,0.5,5.5651,129.0962,1.0,7.0174,3.0328,0.0022
53.05,seguindo,normal,6.0283,3.0549,-0.3217,-0.0223,0.2994,0.5,5.5541,129.0962,1.0,7.0174,3.0328,-0.0032
53.1,seguindo,normal,6.0393,3.0511,-0.32,-0.0187,0.3013,0.5,5.5468,129.0962,1.0,7.0174,3.0328,-0.0067
53.151,seguindo,normal,6.0558,3.0454,-0.3174,-0.0248,0.2926,0.5,5.522,222.7136,1.0,7.057,3.0206,-0.0023
53.2,seguindo,normal,6.0668,3.0416,-0.3156,-0.0213,0.2944,0.5,5.5147,222.7136,1.0,7.057,3.0206,-0.0058
53.25,seguindo,normal,6.0809,3.0364,-0.3071,-0.0161,0.291,0.5,5.5055,222.7136,1.0,7.057,3.0206,-0.0107
53.3,seguindo,normal,6.0937,3.0312,-0.2929,-0.0118,0.2811,0.5,5.4975,388.6811,1.0,7.107,3.0192,-0.0156
53.353,seguindo,normal,6.1023,3.0274,-0.2786,-0.0082,0.2704,0.5,5.4922,388.6811,1.0,7.107,3.0192,-0.0191
53.4,seguindo,normal,6.1109,3.0238,-0.2631,-0.0045,0.2586,0.5,5.487,388.6811,1.0,7.107,3.0192,-0.0226
53.452,seguindo,normal,6.1238,3.0181,-0.2347,0.0012,0.2359,0.5,5.4791,388.6811,1.0,7.107,3.0192,-0.0279
53.5,seguindo,normal,6.1325,3.0143,-0.2134,0.0035,0.2169,0.5,5.4738,685.5719,1.0,7.157,3.0179,-0.0315
53.55,seguindo,normal,6.1456,3.0089,-0.1795,0.0089,0.1884,0.5,5.4658,685.5719,1.0,7.157,3.0179,-0.0365
53.6,seguindo,normal,6.1542,3.0055,-0.156,0.0124,0.1684,0.5,5.4603,685.5719,1.0,7.157,3.0179,-0.0397
53.65,seguindo,normal,6.1672,3.0008,-0.1211,0.0173,0.1384,0.5,5.452,685.5719,1.0,7.157,3.0179,-0.0441
53.7,seguindo,normal,6.1759,2.998,-0.0986,0.0203,0.1189,0.5,5.4462,685.5719,1.0,7.157,3.0179,-0.0466
53.751,seguindo,normal,6.1892,2.9944,-0.0681,0.0218,0.0899,0.5,5.4371,1221.346,1.0,7.207,3.0165,-0.0499
53.801,seguindo,normal,6.2029,2.9915,-0.0424,0.0249,0.0673,0.5,5.4272,1221.346,1.0,7.207,3.0165,-0.0524
53.851,seguindo,normal,6.2122,2.9899,-0.0267,0.0268,0.0535,0.5,5.4203,1221.346,1.0,7.207,3.0165,-0.0537
53.9,seguindo,normal,6.2217,2.9885,-0.0113,0.0285,0.0398,0.5,5.4132,1221.346,1.0,7.207,3.0165,-0.0549
53.95,seguindo,normal,6.236,2.9866,0.0111,0.028,0.0169,0.5,5.4022,685.572,1.0,7.2569,3.0152,-0.0564
54.0,seguindo,normal,6.2457,2.9856,0.0253,0.0292,0.0039,0.5,5.3947,685.572,1.0,7.2569,3.0152,-0.0571
54.05,seguindo,normal,6.2604,2.9845,0.0459,0.0196,-0.0263,0.5,5.3789,685.572,1.0,7.2521,3.0039,-0.0577
54.1,seguindo,normal,6.2754,2.9838,0.0645,0.0206,-0.0438,0.5,5.3667,685.572,1.0,7.2521,3.0039,-0.0578
54.15,seguindo,normal,6.2856,2.9836,0.0754,0.0181,-0.0572,0.5,5.3583,388.6812,1.0,7.3021,3.0021,-0.0576
54.2,seguindo,normal,6.2959,2.9836,0.0854,0.0183,-0.0671,0.5,5.3496,388.6812,1.0,7.3021,3.0021,-0.0572
54.25,seguindo,normal,6.3129,2.9843,0.0964,0.018,-0.0785,0.5,5.335,388.6812,1.0,7.3021,3.0021,-0.0559
54.3,seguindo,normal,6.3248,2.9851,0.1013,0.0174,-0.084,0.5,5.3247,388.6812,1.0,7.3021,3.0021,-0.0546
54.351,seguindo,normal,6.3427,2.9867,0.1039,0.0134,-0.0905,0.5,5.3089,222.7138,1.0,7.3521,3.0002,-0.0523
54.4,seguindo,normal,6.3545,2.988,0.1039,0.0123,-0.0916,0.5,5.2983,222.7138,1.0,7.3521,3.0002,-0.0506
54.45,seguindo,normal,6.3723,2.9898,0.1039,0.0106,-0.0933,0.5,5.2825,222.7138,1.0,7.3521,3.0002,-0.0481
54.5,seguindo,normal,6.3841,2.991,0.104,0.0073,-0.0967,0.5,5.272,129.0965,1.0,7.402,2.9985,-0.0464
54.55,seguindo,normal,6.4018,2.9929,0.1043,0.0056,-0.0987,0.5,5.2563,129.0965,1.0,7.402,2.9985,-0.0439
54.6,seguindo,normal,6.4195,2.9947,0.1048,0.0038,-0.101,0.5,5.2406,129.0965,1.0,7.402,2.9985,-0.0414
54.65,seguindo,normal,6.4312,2.9958,0.1059,0.001,-0.1049,0.5,5.2303,75.7832,1.0,7.452,2.9968,-0.0398
54.7,seguindo,normal,6.4428,2.997,0.107,-0.0002,-0.1071,0.5,5.2199,75.7832,1.0,7.452,2.9968,-0.0382
54.75,seguindo,normal,6.4602,2.9987,0.1094,-0.0019,-0.1113,0.5,5.2046,75.7832,1.0,7.452,2.9968,-0.0358
54.8,seguindo,normal,6.4718,2.9998,0.1113,-0.0031,-0.1143,0.5,5.1944,75.7832,1.0,7.452,2.9968,-0.0343
54.85,seguindo,normal,6.4891,3.0015,0.1143,-0.0061,-0.1204,0.5,5.1791,45.1106,1.0,7.502,2.9953,-0.0319
54.9,seguindo,normal,6.5006,3.0027,0.1163,-0.0073,-0.1237,0.5,5.169,45.1106,1.0,7.502,2.9953,-0.0303
54.95,seguindo,normal,6.5179,3.0045,0.1194,-0.0101,-0.1295,0.5,5.1459,27.2692,1.0,7.541,2.9942,-0.0297
55.001,seguindo,normal,6.5352,3.0063,0.1224,-0.0121,-0.1345,0.5,5.1306,27.2692,1.0,7.541,2.9942,-0.0271
55.05,seguindo,normal,6.5467,3.0076,0.1243,-0.0135,-0.1378,0.5,5.1204,27.2692,1.0,7.541,2.9942,-0.0254
55.101,seguindo,normal,6.564,3.0095,0.1271,-0.0158,-0.1428,0.5,5.105,27.2692,1.0,7.541,2.9942,-0.0227
55.15,seguindo,normal,6.5756,3.0109,0.1289,-0.0173,-0.1462,0.5,5.0948,16.7689,1.0,7.591,2.9933,-0.0209
55.2,seguindo,normal,6.5871,3.0122,0.1308,-0.0188,-0.1496,0.5,5.0846,16.7689,1.0,7.591,2.9933,-0.0191
55.25,seguindo,normal,6.6044,3.0143,0.1336,-0.0212,-0.1548,0.5,5.0692,16.7689,1.0,7.591,2.9933,-0.0163
55.3,seguindo,normal,6.6159,3.0157,0.1354,-0.0229,-0.1584,0.5,5.0589,16.7689,1.0,7.591,2.9933,-0.0144
55.35,seguindo,normal,6.6332,3.0179,0.1381,-0.0244,-0.1625,0.5,5.0435,10.5115,1.0,7.641,2.9932,-0.0116
55.401,seguindo,normal,6.6505,3.0201,0.1406,-0.0271,-0.1677,0.5,5.0281,10.5115,1.0,7.641,2.9932,-0.0086
55.45,seguindo,normal,6.6621,3.0216,0.1424,-0.029,-0.1714,0.5,5.0178,10.5115,1.0,7.641,2.9932,-0.0067
55.5,seguindo,normal,6.6736,3.0231,0.1442,-0.0284,-0.1726,0.5,5.0075,6.7332,1.0,7.6911,2.9942,-0.0047
55.55,seguindo,normal,6.6909,3.0254,0.147,-0.0312,-0.1782,0.5,4.9921,6.7332,1.0,7.6911,2.9942,-0.0017
55.6,seguindo,normal,6.7024,3.027,0.1488,-0.0331,-0.1819,0.5,4.9818,6.7332,1.0,7.6911,2.9942,0.0004
55.65,seguindo,normal,6.7196,3.0294,0.1516,-0.032,-0.1835,0.5,4.9663,4.421,1.0,7.7412,2.9967,0.0034
55.701,seguindo,normal,6.7369,3.0318,0.1543,-0.0349,-0.1892,0.5,4.9509,4.421,1.0,7.7412,2.9967,0.0066
55.75,seguindo,normal,6.7484,3.0334,0.1561,-0.037,-0.1931,0.5,4.9405,4.421,1.0,7.7412,2.9967,0.0087
55.8,seguindo,normal,6.7599,3.0351,0.1578,-0.0391,-0.1969,0.5,4.9302,4.421,1.0,7.7412,2.9967,0.0109
55.851,seguindo,normal,6.7772,3.0377,0.1604,-0.0348,-0.1952,0.5,4.9138,2.987,1.0,7.794,3.0023,0.0188
55.9,seguindo,normal,6.7886,3.0394,0.1622,-0.0369,-0.1992,0.5,4.9035,2.987,1.0,7.794,3.0023,0.0209
55.95,seguindo,normal,6.8059,3.042,0.165,-0.0402,-0.2052,0.5,4.888,2.987,1.0,7.794,3.0023,0.0241
56.0,seguindo,normal,6.8174,3.0438,0.1668,-0.0425,-0.2093,0.5,4.8777,2.987,1.0,7.794,3.0023,0.0263
56.05,seguindo,normal,6.8346,3.0465,0.1695,-0.1072,-0.2767,0.5,4.8623,827.8235,0.37,7.2436,3.0025,0.0296
56.1,seguindo,normal,6.8461,3.0483,0.1713,-0.1148,-0.2861,0.5,4.8519,827.8235,0.37,7.2436,3.0025,0.0318
56.151,seguindo,normal,6.8633,3.0511,0.1739,-0.1272,-0.3011,0.5,4.8364,827.8235,0.37,7.2436,3.0025,0.0352
56.2,seguindo,normal,6.8805,3.0539,0.1765,-0.128,-0.3045,0.5,4.8209,467.6889,0.37,7.2936,3.0008,0.0387
56.25,seguindo,normal,6.892,3.0558,0.1783,-0.1363,-0.3146,0.5,4.8106,467.6889,0.37,7.2936,3.0008,0.041
56.3,seguindo,normal,6.9034,3.0578,0.1801,-0.1451,-0.3252,0.5,4.8003,467.6889,0.37,7.2936,3.0008,0.0433
56.35,seguindo,normal,6.9206,3.0607,0.1827,-0.1446,-0.3274,0.5,4.7847,266.9719,0.37,7.3436,2.9991,0.0469
56.401,seguindo,normal,6.9321,3.0627,0.1845,-0.1533,-0.3378,0.5,4.7744,266.9719,0.37,7.3436,2.9991,0.0492
56.451,seguindo,normal,6.9493,3.0657,0.187,-0.1674,-0.3544,0.5,4.7588,266.9719,0.37,7.3436,2.9991,0.0529
56.5,seguindo,normal,6.9665,3.0688,0.1895,-0.1827,-0.3722,0.5,4.7433,266.9719,0.37,7.3436,2.9991,0.0565
56.55,seguindo,normal,6.9785,3.0713,0.1863,-0.176,-0.3623,0.5,4.7321,154.1118,0.37,7.3936,2.9975,0.0595
56.6,seguindo,normal,6.9905,3.0739,0.1828,-0.1873,-0.3701,0.5,4.721,154.1118,0.37,7.3936,2.9975,0.0625
56.65,seguindo,normal,7.0085,3.078,0.1725,-0.206,-0.3785,0.5,4.7042,154.1118,0.37,7.3936,2.9975,0.0672
56.7,seguindo,normal,7.0264,3.082,0.1595,-0.2034,-0.3629,0.5,4.6875,90.0579,0.37,7.4435,2.996,0.0719
56.75,seguindo,normal,7.0383,3.085,0.1458,-0.2161,-0.362,0.5,4.6763,90.0579,0.37,7.4435,2.996,0.0753
56.8,seguindo,normal,7.0501,3.0878,0.132,-0.2292,-0.3612,0.5,4.6652,90.0579,0.37,7.4435,2.996,0.0785
56.851,seguindo,normal,7.0679,3.092,0.1063,-0.2503,-0.3566,0.5,4.6485,90.0579,0.37,7.4435,2.996,0.0834
56.9,seguindo,normal,7.0797,3.0947,0.0874,-0.2372,-0.3246,0.5,4.6375,53.3398,0.37,7.4935,2.9947,0.0865
56.951,seguindo,normal,7.0975,3.0984,0.058,-0.3102,-0.3683,0.5,4.6177,53.3398,0.37,7.5023,2.9687,0.1101
57.0,seguindo,normal,7.1094,3.1006,0.0382,-0.324,-0.3622,0.5,4.6068,53.3398,0.37,7.5023,2.9687,0.1129
57.052,seguindo,normal,7.1274,3.1035,0.0088,-0.3451,-0.3539,0.5,4.5907,53.3398,0.37,7.5023,2.9687,0.1166
57.1,seguindo,normal,7.1394,3.105,-0.0106,-0.3229,-0.3123,0.5,4.5801,32.0653,0.37,7.5523,2.9669,0.1188
57.15,seguindo,normal,7.1576,3.1069,-0.0395,-0.341,-0.3014,0.5,4.5645,32.0653,0.37,7.5523,2.9669,0.1216
57.2,seguindo,normal,7.1697,3.1079,-0.0588,-0.3532,-0.2944,0.5,4.5542,32.0653,0.37,7.5523,2.9669,0.1232
57.25,seguindo,normal,7.188,3.1089,-0.0875,-0.3331,-0.2457,0.5,4.539,19.597,0.37,7.6023,2.9656,0.1251
57.3,seguindo,normal,7.2002,3.1093,-0.1065,-0.3433,-0.2368,0.5,4.5291,19.597,0.37,7.6023,2.9656,0.1261
57.35,seguindo,normal,7.2186,3.1094,-0.1344,-0.3586,-0.2241,0.5,4.5144,19.597,0.37,7.6023,2.9656,0.1271
57.4,seguindo,normal,7.2371,3.1088,-0.1614,-0.3336,-0.1721,0.5,4.5,12.1998,0.37,7.6523,2.965,0.1275
57.45,seguindo,normal,7.2493,3.1083,-0.1808,-0.3445,-0.1637,0.5,4.4858,12.1998,0.37,7.6465,2.9658,0.1281
57.5,seguindo,normal,7.2614,3.1076,-0.2001,-0.3528,-0.1527,0.5,4.4766,12.1998,0.37,7.6465,2.9658,0.128
57.55,seguindo,normal,7.2797,3.106,-0.2283,-0.3231,-0.0948,0.5,4.4632,7.7544,0.37,7.6966,2.9664,0.1272
57.6,seguindo,normal,7.2921,3.1045,-0.2459,-0.3289,-0.083,0.5,4.4545,7.7544,0.37,7.6966,2.9664,0.1263
57.65,seguindo,normal,7.3105,3.1018,-0.2723,-0.3373,-0.065,0.5,4.4417,7.7544,0.37,7.6966,2.9664,0.1245
57.7,seguindo,normal,7.3228,3.0998,-0.2898,-0.3427,-0.0528,0.5,4.4333,7.7544,0.37,7.6966,2.9664,0.123
57.75,seguindo,normal,7.3412,3.0962,-0.3153,-0.3049,0.0103,0.5,4.4212,5.047,0.37,7.7468,2.9685,0.1203
57.8,seguindo,normal,7.3535,3.0934,-0.3314,-0.3076,0.0238,0.5,4.4133,5.047,0.37,7.7468,2.9685,0.1181
57.852,seguindo,normal,7.3723,3.0887,-0.3536,-0.3105,0.0431,0.5,4.4017,5.047,0.37,7.7468,2.9685,0.1142
57.9,seguindo,normal,7.3849,3.0852,-0.3674,-0.2662,0.1012,0.5,4.3941,3.3761,0.37,7.797,2.9728,0.1113
57.95,seguindo,normal,7.4037,3.0795,-0.3873,-0.2439,0.1434,0.5,4.3832,3.3761,0.37,7.7926,2.9827,0.1001
58.001,seguindo,normal,7.4225,3.0733,-0.4062,-0.1951,0.2111,0.5,4.3728,2.3322,0.37,7.8429,2.9902,0.0946
58.05,seguindo,normal,7.4334,3.0693,-0.4144,-0.1908,0.2237,0.5,4.3671,2.3322,0.37,7.8429,2.9902,0.091
58.1,seguindo,normal,7.4496,3.0632,-0.4273,-0.1835,0.2438,0.5,4.3588,2.3322,0.37,7.8429,2.9902,0.0854
58.15,seguindo,normal,7.4601,3.0586,-0.429,-0.1767,0.2523,0.5,4.3538,2.3322,0.37,7.8429,2.9902,0.0811
58.2,seguindo,normal,7.4706,3.0539,-0.4304,-0.1236,0.3067,0.5,4.3489,1.6739,0.37,7.8934,3.0014,0.0767
58.251,seguindo,normal,7.4861,3.0465,-0.4277,-0.1105,0.3172,0.5,4.342,1.6739,0.37,7.8934,3.0014,0.0699
58.3,seguindo,normal,7.4965,3.0415,-0.424,-0.1008,0.3231,0.5,4.3375,1.6739,0.37,7.8934,3.0014,0.0651
58.35,seguindo,normal,7.512,3.0341,-0.418,-0.0855,0.3325,0.5,4.3308,1.6739,0.37,7.8934,3.0014,0.0581
58.4,seguindo,normal,7.5223,3.0291,-0.414,-0.0293,0.3847,0.5,4.3263,1.2572,0.37,7.9441,3.0168,0.0534
58.451,seguindo,normal,7.5379,3.0218,-0.4083,-0.0124,0.3959,0.5,4.3195,1.2572,0.37,7.9441,3.0168,0.0465
58.5,seguindo,normal,7.5535,3.0147,-0.4035,0.0054,0.4089,0.5,4.3126,1.2572,0.37,7.9441,3.0168,0.0396
58.551,seguindo,normal,7.5641,3.01,-0.4014,0.0178,0.4192,0.5,4.3079,1.2572,0.37,7.9441,3.0168,0.0351
58.6,seguindo,normal,7.58,3.003,-0.3983,0.0816,0.4799,0.5,4.3008,0.9961,0.37,7.9949,3.0369,0.0283
58.652,seguindo,normal,7.5883,2.9989,-0.3902,0.0934,0.4837,0.5,4.2975,0.9961,0.37,7.9949,3.0369,0.0243
58.7,seguindo,normal,7.5964,2.9947,-0.3803,0.1056,0.486,0.5,4.2943,0.9961,0.37,7.9949,3.0369,0.0202
58.75,seguindo,normal,7.6086,2.9882,-0.3606,0.1255,0.4861,0.5,4.2897,0.9961,0.37,7.9949,3.0369,0.0137
58.8,seguindo,normal,7.6208,2.9817,-0.3362,0.1867,0.523,0.5,4.2852,0.8387,0.37,8.046,3.062,0.0072
58.85,seguindo,normal,7.6288,2.9772,-0.3155,0.2007,0.5162,0.5,4.2824,0.8387,0.37,8.046,3.062,0.0027
58.901,seguindo,normal,7.6408,2.9706,-0.2824,0.2218,0.5042,0.5,4.2781,0.8387,0.37,8.046,3.062,-0.0038
58.95,seguindo,normal,7.6489,2.9663,-0.2579,0.2365,0.4944,0.5,4.2752,0.8387,0.37,8.046,3.062,-0.0083
59.0,seguindo,normal,7.657,2.9622,-0.2327,0.2513,0.484,0.5,4.2721,0.8387,0.37,8.046,3.062,-0.0126
59.051,seguindo,normal,7.6691,2.9563,-0.1943,0.3042,0.4985,0.5,4.2578,0.7545,0.37,8.0878,3.0878,-0.0148
59.1,seguindo,normal,7.6772,2.9528,-0.169,0.3177,0.4867,0.5,4.2545,0.7545,0.37,8.0878,3.0878,-0.0186
59.15,seguindo,normal,7.6893,2.948,-0.1333,0.3374,0.4708,0.5,4.249,0.7545,0.37,8.0878,3.0878,-0.0238
59.202,seguindo,normal,7.7015,2.9438,-0.0999,0.3568,0.4566,0.5,4.2432,0.7545,0.37,8.0878,3.0878,-0.0286
59.25,seguindo,normal,7.7094,2.9411,-0.0756,0.3697,0.4454,0.5,4.2394,0.7545,0.37,8.0878,3.0878,-0.0316
59.3,seguindo,normal,7.7173,2.9386,-0.0514,0.3827,0.4341,0.5,4.2354,0.7218,0.37,8.0878,3.0878,-0.0345
59.35,seguindo,normal,7.7293,2.9352,-0.0144,0.4023,0.4167,0.5,4.2293,0.7218,0.37,8.0878,3.0878,-0.0386
59.4,seguindo,normal,7.7372,2.9332,0.0105,0.4154,0.4049,0.5,4.225,0.7218,0.37,8.0878,3.0878,-0.0411
59.45,seguindo,normal,7.7493,2.9305,0.0475,0.4765,0.429,0.5,4.2241,0.7218,0.37,8.0823,3.1024,-0.0585
59.5,seguindo,normal,7.7575,2.929,0.0721,0.4903,0.4183,0.5,4.2195,0.7218,0.37,8.0823,3.1024,-0.0609
59.55,seguindo,normal,7.7697,2.927,0.1095,0.5216,0.412,0.5,4.2123,0.7402,0.37,8.1335,3.1361,-0.064
59.6,seguindo,normal,7.7778,2.9259,0.1347,0.5336,0.3989,0.5,4.2073,0.7402,0.37,8.1335,3.1361,-0.0658
59.65,seguindo,normal,7.7901,2.9248,0.1718,0.5516,0.3799,0.5,4.1995,0.7402,0.37,8.1335,3.1361,-0.0684
59.702,seguindo,normal,7.8026,2.9242,0.2081,0.5696,0.3615,0.5,4.1912,0.7402,0.37,8.1335,3.1361,-0.0709
59.75,seguindo,normal,7.8111,2.9241,0.2315,0.5816,0.3501,0.5,4.1853,0.7402,0.37,8.1335,3.1361,-0.0722
59.8,seguindo,normal,7.8238,2.9245,0.2657,0.6024,0.3367,0.5,4.1762,0.8154,0.37,8.1848,3.1727,-0.0738
59.851,seguindo,normal,7.8324,2.925,0.2878,0.6094,0.3217,0.5,4.1693,0.8154,0.37,8.1854,3.1714,-0.0735
59.9,seguindo,normal,7.841,2.9258,0.3095,0.6196,0.31,0.5,4.1627,0.8154,0.37,8.1854,3.1714,-0.0741
59.95,seguindo,normal,7.8539,2.9273,0.3428,0.6347,0.2919,0.5,4.1527,0.8154,0.37,8.1854,3.1714,-0.0753
60.0,seguindo,normal,7.8666,2.9292,0.3764,0.6498,0.2735,0.5,4.1426,0.8154,0.37,8.1854,3.1714,-0.0763
60.05,seguindo,normal,7.8751,2.9307,0.3982,0.6572,0.259,0.5,4.1356,0.9631,0.37,8.2368,3.2098,-0.0766
60.1,seguindo,normal,7.8836,2.9324,0.42,0.6657,0.2457,0.5,4.1285,0.9631,0.37,8.2368,3.2098,-0.0768
60.151,seguindo,normal,7.8963,2.9355,0.4519,0.6782,0.2263,0.5,4.1174,0.9631,0.37,8.2368,3.2098,-0.0766
60.201,seguindo,normal,7.909,2.9391,0.4829,0.6904,0.2075,0.5,4.1061,0.9631,0.37,8.2368,3.2098,-0.0767
60.25,seguindo,normal,7.9175,2.9418,0.5029,0.6983,0.1955,0.5,4.0983,0.9631,0.37,8.2368,3.2098,-0.0766
60.3,seguindo,normal,7.926,2.9447,0.5226,0.7062,0.1836,0.5,4.0903,0.9631,0.37,8.2368,3.2098,-0.0763
60.35,seguindo,normal,7.9386,2.9495,0.5513,0.708,0.1567,0.5,4.0782,1.2234,0.37,8.2883,3.2489,-0.0754
60.4,seguindo,normal,7.9471,2.9531,0.5695,0.7142,0.1447,0.5,4.0698,1.2234,0.37,8.2883,3.2489,-0.0745
60.45,seguindo,normal,7.9597,2.9587,0.5966,0.7234,0.1268,0.5,4.057,1.2234,0.37,8.2883,3.2489,-0.0733
60.5,seguindo,normal,7.9723,2.9648,0.623,0.7323,0.1093,0.5,4.0439,1.2234,0.37,8.2883,3.2489,-0.0724
60.55,seguindo,normal,7.9807,2.9691,0.6403,0.7381,0.0978,0.5,4.0351,1.2234,0.37,8.2883,3.2489,-0.0715
60.6,seguindo,normal,7.9891,2.9735,0.6573,0.7299,0.0726,0.5,4.0261,1.7007,0.37,8.3397,3.2873,-0.0705
60.65,seguindo,normal,8.0016,2.9806,0.6822,0.7367,0.0545,0.5,4.0124,1.7007,0.37,8.3397,3.2873,-0.0686
60.7,seguindo,normal,8.01,2.9855,0.6983,0.7411,0.0428,0.5,4.0031,1.7007,0.37,8.3397,3.2873,-0.0673
60.75,seguindo,normal,8.0225,2.9934,0.7214,0.7792,0.0578,0.5,3.9866,1.7007,0.37,8.3282,3.2953,-0.0747
60.8,seguindo,normal,8.035,3.0017,0.7433,0.786,0.0427,0.5,3.9721,2.7904,0.37,8.3282,3.2953,-0.0729
60.85,seguindo,normal,8.0432,3.0076,0.7567,0.7901,0.0334,0.5,3.9622,2.7904,0.37,8.3282,3.2953,-0.0713
60.902,seguindo,normal,8.0554,3.0168,0.776,0.7959,0.0199,0.5,3.9472,2.7904,0.37,8.3282,3.2953,-0.0687
60.95,seguindo,normal,8.0635,3.0231,0.7879,0.7993,0.0115,0.5,3.9371,2.7904,0.37,8.3282,3.2953,-0.0673
61.004,seguindo,normal,8.0755,3.033,0.8052,0.8042,-0.0011,0.5,3.9217,2.7904,0.37,8.3282,3.2953,-0.065
61.051,seguindo,normal,8.0841,3.041,0.812,0.7789,-0.0331,0.5,3.9099,7.8108,0.37,8.3792,3.3323,-0.0625
61.1,seguindo,normal,8.0927,3.0493,0.8177,0.7792,-0.0385,0.5,3.8981,7.8108,0.37,8.3792,3.3323,-0.0598
61.15,seguindo,normal,8.1051,3.0622,0.8207,0.778,-0.0427,0.5,3.8802,7.8108,0.37,8.3792,3.3323,-0.0552
61.2,seguindo,normal,8.1132,3.0709,0.8208,0.7767,-0.0441,0.5,3.8683,7.8108,0.37,8.3792,3.3323,-0.0525
61.25,seguindo,normal,8.1253,3.0839,0.8213,0.7475,-0.0738,0.5,3.8506,10.0003,0.37,8.4302,3.3664,-0.0485
61.301,seguindo,normal,8.1334,3.0925,0.8217,0.7454,-0.0763,0.5,3.8387,10.0003,0.37,8.4302,3.3664,-0.0458
61.35,seguindo,normal,8.1456,3.1055,0.8223,0.742,-0.0803,0.5,3.821,10.0003,0.37,8.4302,3.3664,-0.0417
61.4,seguindo,normal,8.1536,3.1141,0.8226,0.7395,-0.0831,0.5,3.8091,10.0003,0.37,8.4302,3.3664,-0.0394
61.45,seguindo,normal,8.1657,3.127,0.8238,0.7357,-0.0881,0.5,3.7915,10.0003,0.37,8.4302,3.3664,-0.036
61.5,seguindo,normal,8.1738,3.1356,0.8248,0.7042,-0.1206,0.5,3.7797,2.9687,0.37,8.4811,3.3967,-0.0338
61.55,seguindo,normal,8.1858,3.1483,0.8271,0.6992,-0.1279,0.5,3.7622,2.9687,0.37,8.4811,3.3967,-0.0306
61.6,seguindo,normal,8.1937,3.1568,0.829,0.6956,-0.1334,0.5,3.7506,2.9687,0.37,8.4811,3.3967,-0.0284
61.65,seguindo,normal,8.2056,3.1695,0.8319,0.6897,-0.1422,0.5,3.7332,2.9687,0.37,8.4811,3.3967,-0.0256
61.7,seguindo,normal,8.2135,3.1779,0.8339,0.6854,-0.1485,0.5,3.7216,2.9687,0.37,8.4811,3.3967,-0.0236
61.75,seguindo,normal,8.2254,3.1907,0.8369,0.6155,-0.2215,0.5,3.7043,1.6846,0.37,8.5824,3.4431,-0.0206
61.8,seguindo,normal,8.2333,3.1992,0.8389,0.6098,-0.2291,0.5,3.6927,1.6846,0.37,8.5824,3.4431,-0.0186
61.85,seguindo,normal,8.245,3.2119,0.8419,0.6007,-0.2412,0.5,3.6753,1.6846,0.37,8.5824,3.4431,-0.0157
61.9,seguindo,normal,8.2529,3.2205,0.8438,0.5941,-0.2497,0.5,3.6637,1.6846,0.37,8.5824,3.4431,-0.0137
61.95,seguindo,normal,8.2646,3.2334,0.8467,0.5499,-0.2968,0.5,3.6463,1.1286,0.37,8.6329,3.4591,-0.0107
62.0,seguindo,normal,8.2724,3.242,0.8486,0.5422,-0.3064,0.5,3.6347,1.1286,0.37,8.6329,3.4591,-0.0086
62.05,seguindo,normal,8.2841,3.2549,0.8514,0.5822,-0.2692,0.5,3.6246,1.1286,0.37,8.6248,3.4792,-0.0181
62.1,seguindo,normal,8.2957,3.2679,0.8541,0.5709,-0.2833,0.5,3.6072,1.1286,0.37,8.6248,3.4792,-0.0151
62.15,seguindo,normal,8.3034,3.2765,0.856,0.5627,-0.2933,0.5,3.5955,1.1286,0.37,8.6248,3.4792,-0.0131
62.2,seguindo,normal,8.3112,3.2852,0.8578,0.5168,-0.341,0.5,3.5839,0.8628,0.37,8.6749,3.4919,-0.0111
62.253,seguindo,normal,8.3227,3.2983,0.8605,0.5028,-0.3577,0.5,3.5665,0.8628,0.37,8.6749,3.4919,-0.0081
62.3,seguindo,normal,8.3304,3.307,0.8622,0.4927,-0.3695,0.5,3.5549,0.8628,0.37,8.6749,3.4919,-0.0059
62.35,seguindo,normal,8.3419,3.3201,0.8649,0.4763,-0.3885,0.5,3.5374,0.8628,0.37,8.6749,3.4919,-0.0024
62.4,seguindo,normal,8.3495,3.3289,0.8666,0.4301,-0.4366,0.5,3.5258,0.7476,0.37,8.7249,3.5011,-0.0
62.45,seguindo,normal,8.361,3.3427,0.8644,0.4105,-0.4539,0.5,3.5078,0.7476,0.37,8.7249,3.5011,0.0041
62.5,seguindo,normal,8.3688,3.3522,0.8611,0.396,-0.465,0.5,3.4956,0.7476,0.37,8.7249,3.5011,0.0069
62.55,seguindo,normal,8.3802,3.3666,0.851,0.3719,-0.4791,0.5,3.4772,0.7476,0.37,8.7249,3.5011,0.0122
62.6,seguindo,normal,8.3879,3.3763,0.8425,0.3545,-0.488,0.5,3.4648,0.7476,0.37,8.7249,3.5011,0.0157
62.65,seguindo,normal,8.399,3.3908,0.8248,0.3007,-0.524,0.5,3.4466,0.7192,0.37,8.775,3.5074,0.0212
62.7,seguindo,normal,8.4065,3.4004,0.8111,0.2827,-0.5285,0.5,3.4345,0.7192,0.37,8.775,3.5074,0.0248
62.75,seguindo,normal,8.4175,3.4147,0.7857,0.2537,-0.5319,0.5,3.4164,0.7192,0.37,8.775,3.5074,0.0308
62.8,seguindo,normal,8.425,3.4242,0.7669,0.2335,-0.5334,0.5,3.4044,0.7192,0.37,8.775,3.5074,0.0349
62.85,seguindo,normal,8.4362,3.4381,0.7359,0.1717,-0.5642,0.5,3.3865,0.7599,0.37,8.8751,3.5142,0.0409
62.9,seguindo,normal,8.4438,3.4472,0.7143,0.1542,-0.5601,0.5,3.3747,0.7599,0.37,8.8751,3.5142,0.0446
62.952,seguindo,normal,8.4555,3.4605,0.6816,0.1274,-0.5542,0.5,3.357,0.7599,0.37,8.8751,3.5142,0.0501
63.0,seguindo,normal,8.4635,3.4691,0.6597,0.1091,-0.5506,0.5,3.3452,0.7599,0.37,8.8751,3.5142,0.054
63.05,seguindo,normal,8.4757,3.4817,0.6261,0.0756,-0.5505,0.5,3.3276,0.8714,0.37,8.9251,3.5158,0.0594
63.1,seguindo,normal,8.4841,3.4899,0.6036,0.0586,-0.545,0.5,3.316,0.8714,0.37,8.9251,3.5158,0.0627
63.151,seguindo,normal,8.4968,3.5018,0.5683,0.0557,-0.5127,0.5,3.3031,0.8714,0.37,8.9228,3.5255,0.0595
63.2,seguindo,normal,8.5054,3.5094,0.5444,0.0386,-0.5059,0.5,3.2917,0.8714,0.37,8.9228,3.5255,0.063
63.25,seguindo,normal,8.5185,3.5205,0.508,0.0124,-0.4956,0.5,3.2748,0.8714,0.37,8.9228,3.5255,0.0679
63.3,seguindo,normal,8.5275,3.5276,0.4836,-0.0022,-0.4858,0.5,3.2635,1.0746,0.37,8.9728,3.5266,0.0708
63.351,seguindo,normal,8.541,3.5378,0.4457,-0.026,-0.4717,0.5,3.247,1.0746,0.37,8.9728,3.5266,0.0747
63.4,seguindo,normal,8.5502,3.5444,0.42,-0.042,-0.462,0.5,3.2361,1.0746,0.37,8.9728,3.5266,0.0775
63.45,seguindo,normal,8.5642,3.5537,0.3815,-0.0663,-0.4478,0.5,3.2199,1.0746,0.37,8.9728,3.5266,0.0818
63.5,seguindo,normal,8.5786,3.5626,0.343,-0.0793,-0.4223,0.5,3.2039,1.4069,0.37,9.0228,3.5273,0.0854
63.55,seguindo,normal,8.5884,3.5681,0.3173,-0.076,-0.3933,0.5,3.1988,1.4069,0.37,9.0259,3.5348,0.084
63.6,seguindo,normal,8.5983,3.5735,0.2916,-0.0901,-0.3817,0.5,3.1884,1.4069,0.37,9.0259,3.5348,0.0857
63.65,seguindo,normal,8.6136,3.5809,0.2537,-0.1114,-0.3651,0.5,3.1729,1.4069,0.37,9.0259,3.5348,0.0888
63.7,seguindo,normal,8.624,3.5856,0.2291,-0.1256,-0.3547,0.5,3.1628,1.4069,0.37,9.0259,3.5348,0.0906
63.75,seguindo,normal,8.6399,3.592,0.1925,-0.1289,-0.3214,0.5,3.1478,1.9355,0.37,9.0759,3.5355,0.0928
63.8,seguindo,normal,8.6506,3.596,0.1683,-0.1412,-0.3095,0.5,3.1379,1.9355,0.37,9.0759,3.5355,0.0938
63.85,seguindo,normal,8.667,3.6014,0.1325,-0.1598,-0.2923,0.5,3.1234,1.9355,0.37,9.0759,3.5355,0.0957
63.9,seguindo,normal,8.6782,3.6047,0.1091,-0.1722,-0.2813,0.5,3.1139,1.9355,0.37,9.0759,3.5355,0.0968
63.95,seguindo,normal,8.695,3.6091,0.0746,-0.15,-0.2246,0.5,3.1073,2.781,0.37,9.1343,3.5427,0.0965
64.0,seguindo,normal,8.7122,3.6129,0.0408,-0.1646,-0.2054,0.5,3.0938,2.781,0.37,9.1343,3.5427,0.0967
64.05,seguindo,normal,8.7238,3.615,0.019,-0.1742,-0.1932,0.5,3.085,2.781,0.37,9.1343,3.5427,0.0968
64.1,seguindo,normal,8.7356,3.6168,-0.0019,-0.1837,-0.1818,0.5,3.0764,2.781,0.37,9.1343,3.5427,0.0969
64.151,seguindo,normal,8.7535,3.619,-0.0325,-0.1731,-0.1406,0.5,3.0638,4.1732,0.37,9.1843,3.5437,0.0965
64.2,seguindo,normal,8.7655,3.6201,-0.0523,-0.1805,-0.1283,0.5,3.0557,4.1732,0.37,9.1843,3.5437,0.0958
64.25,seguindo,normal,8.7838,3.6212,-0.0811,-0.1913,-0.1102,0.5,3.0438,4.1732,0.37,9.1843,3.5437,0.0948
64.301,seguindo,normal,8.8023,3.6217,-0.1085,-0.1766,-0.0681,0.5,3.0324,6.6264,0.37,9.2342,3.5446,0.0934
64.35,seguindo,normal,8.8147,3.6217,-0.126,-0.1182,0.0078,0.5,3.0481,6.6264,0.37,9.2334,3.572,0.0632
64.4,seguindo,normal,8.8272,3.6214,-0.1431,-0.1211,0.022,0.5,3.041,6.6264,0.37,9.2334,3.572,0.0617
64.451,seguindo,normal,8.846,3.6205,-0.1678,-0.1246,0.0431,0.5,3.0307,6.6264,0.37,9.2334,3.572,0.0594
64.5,seguindo,normal,8.8588,3.6194,-0.1824,-0.1092,0.0732,0.5,3.0241,11.7295,0.37,9.2833,3.5729,0.0575
64.55,seguindo,normal,8.8782,3.6174,-0.2033,-0.1094,0.0939,0.5,3.0146,11.7295,0.37,9.2833,3.5729,0.0541
64.6,seguindo,normal,8.8912,3.6157,-0.2161,-0.1087,0.1074,0.5,3.0085,11.7295,0.37,9.2833,3.5729,0.0518
64.65,seguindo,normal,8.9109,3.6127,-0.2344,-0.0912,0.1431,0.5,2.9998,29.3807,0.37,9.3332,3.5741,0.0479
64.7,seguindo,normal,8.924,3.6105,-0.2457,-0.0886,0.157,0.5,2.9942,29.3807,0.37,9.3332,3.5741,0.045
64.75,seguindo,normal,8.942,3.6069,-0.2577,-0.0836,0.1742,0.5,2.9871,29.3807,0.37,9.3332,3.5741,0.0407
64.8,seguindo,normal,8.9532,3.6044,-0.2645,-0.0796,0.1849,0.5,2.9828,29.3807,0.37,9.3332,3.5741,0.0379
64.851,seguindo,normal,8.97,3.6001,-0.268,-0.059,0.209,0.5,2.9771,89.6072,0.37,9.3829,3.5757,0.0331
64.9,seguindo,normal,8.981,3.5971,-0.2676,-0.053,0.2146,0.5,2.9736,89.6072,0.37,9.3829,3.5757,0.0296
64.95,seguindo,normal,8.9975,3.5923,-0.2638,-0.0428,0.2211,0.5,2.9686,89.6072,0.37,9.3829,3.5757,0.0244
65.0,seguindo,normal,9.0085,3.589,-0.2598,-0.0256,0.2342,0.5,2.9654,17.0528,0.37,9.4324,3.5781,0.0209
65.05,seguindo,normal,9.0249,3.5841,-0.2535,-0.0147,0.2388,0.5,2.9606,17.0528,0.37,9.4324,3.5781,0.0156
65.1,seguindo,normal,9.0359,3.5809,-0.2492,-0.0071,0.2421,0.5,2.9575,17.0528,0.37,9.4324,3.5781,0.0122
65.152,seguindo,normal,9.0525,3.5763,-0.2434,0.0048,0.2482,0.5,2.9526,17.0528,0.37,9.4324,3.5781,0.0072
65.2,seguindo,normal,9.0691,3.5718,-0.2387,0.0236,0.2623,0.5,2.9477,8.5415,0.37,9.4817,3.5816,0.0024
65.25,seguindo,normal,9.0803,3.5689,-0.2365,0.0138,0.2503,0.5,2.9425,8.5415,0.37,9.4838,3.5745,0.0027
65.3,seguindo,normal,9.0915,3.5661,-0.2345,0.0215,0.2559,0.5,2.939,8.5415,0.37,9.4838,3.5745,-0.0002
65.35,seguindo,normal,9.1084,3.5618,-0.2318,0.0337,0.2655,0.5,2.9338,8.5415,0.37,9.4838,3.5745,-0.0046
65.401,seguindo,normal,9.1254,3.5576,-0.2293,0.0524,0.2817,0.5,2.9286,5.1014,0.37,9.5326,3.579,-0.0089
65.45,seguindo,normal,9.1367,3.5549,-0.2276,0.0609,0.2885,0.5,2.9251,5.1014,0.37,9.5326,3.579,-0.0117
65.5,seguindo,normal,9.148,3.5521,-0.2259,0.0698,0.2957,0.5,2.9217,5.1014,0.37,9.5326,3.579,-0.0145
65.55,seguindo,normal,9.165,3.548,-0.2236,0.0903,0.3139,0.5,2.9166,3.2648,0.37,9.5808,3.5857,-0.0187
65.6,seguindo,normal,9.1763,3.5453,-0.2221,0.0994,0.3215,0.5,2.9132,3.2648,0.37,9.5808,3.5857,-0.0215
65.65,seguindo,normal,9.1933,3.5413,-0.2197,0.114,0.3337,0.5,2.9082,3.2648,0.37,9.5808,3.5857,-0.0256
65.702,seguindo,normal,9.2104,3.5373,-0.2174,0.1298,0.3472,0.5,2.9032,3.2648,0.37,9.5808,3.5857,-0.0297
65.751,seguindo,normal,9.2217,3.5347,-0.2155,0.1479,0.3634,0.5,2.9,2.1752,0.37,9.628,3.5952,-0.0324
65.8,seguindo,normal,9.233,3.5321,-0.2137,0.1585,0.3722,0.5,2.8968,2.1752,0.37,9.628,3.5952,-0.0351
65.85,seguindo,normal,9.2476,3.5282,-0.205,0.1744,0.3793,0.5,2.8931,2.1752,0.37,9.628,3.5952,-0.0391
65.9,seguindo,normal,9.2564,3.5256,-0.1952,0.1852,0.3803,0.5,2.8911,2.1752,0.37,9.628,3.5952,-0.0418
65.95,seguindo,normal,9.2698,3.5215,-0.1757,0.2119,0.3877,0.5,2.8884,1.4977,0.37,9.6737,3.6084,-0.046
66.0,seguindo,normal,9.2787,3.5187,-0.1602,0.2233,0.3835,0.5,2.8867,1.4977,0.37,9.6737,3.6084,-0.0489
66.05,seguindo,normal,9.2921,3.5144,-0.1317,0.2416,0.3733,0.5,2.8842,1.4977,0.37,9.6737,3.6084,-0.0534
66.1,seguindo,normal,9.3011,3.5115,-0.1104,0.2544,0.3648,0.5,2.8825,1.4977,0.37,9.6737,3.6084,-0.0564
66.15,seguindo,normal,9.3146,3.5075,-0.0767,0.2859,0.3627,0.5,2.8799,1.0664,0.37,9.7175,3.6259,-0.0606
66.2,seguindo,normal,9.3236,3.505,-0.0535,0.2979,0.3513,0.5,2.878,1.0664,0.37,9.7175,3.6259,-0.0632
66.25,seguindo,normal,9.337,3.5016,-0.0183,0.3157,0.334,0.5,2.8749,1.0664,0.37,9.7175,3.6259,-0.0668
66.3,seguindo,normal,9.3459,3.4997,0.0047,0.3274,0.3228,0.5,2.8726,1.0664,0.37,9.7175,3.6259,-0.0689
66.35,seguindo,normal,9.3592,3.4974,0.0369,0.3915,0.3546,0.5,2.8815,1.0664,0.37,9.717,3.6451,-0.085
66.4,seguindo,normal,9.3681,3.4962,0.0562,0.4156,0.3594,0.5,2.8788,0.7888,0.37,9.7577,3.6681,-0.0865
66.45,seguindo,normal,9.3815,3.4948,0.0852,0.4318,0.3466,0.5,2.8743,0.7888,0.37,9.7577,3.6681,-0.0885
66.5,seguindo,normal,9.3905,3.494,0.1047,0.4427,0.338,0.5,2.8712,0.7888,0.37,9.7577,3.6681,-0.0896
66.55,seguindo,normal,9.4039,3.4932,0.1341,0.4591,0.325,0.5,2.8663,0.7888,0.37,9.7577,3.6681,-0.0911
66.6,seguindo,normal,9.4128,3.4929,0.1537,0.4701,0.3164,0.5,2.8629,0.7888,0.37,9.7577,3.6681,-0.0919
66.651,seguindo,normal,9.4262,3.4927,0.1836,0.5041,0.3205,0.5,2.8576,0.6103,0.37,9.7952,3.6962,-0.0928
66.7,seguindo,normal,9.4351,3.4928,0.2038,0.5143,0.3105,0.5,2.8539,0.6103,0.37,9.7952,3.6962,-0.0933
66.752,seguindo,normal,9.4471,3.4929,0.234,0.5287,0.2947,0.5,2.8489,0.6103,0.37,9.7952,3.6962,-0.0939
66.8,seguindo,normal,9.4545,3.4929,0.2554,0.538,0.2826,0.5,2.8459,0.6103,0.37,9.7952,3.6962,-0.0944
66.85,seguindo,normal,9.4672,3.4935,0.292,0.5778,0.2858,0.4972,2.8403,0.4972,0.37,9.8286,3.7292,-0.0949
66.9,seguindo,normal,9.4762,3.494,0.3183,0.5883,0.27,0.4972,2.8362,0.4972,0.37,9.8286,3.7292,-0.095
66.95,seguindo,normal,9.4894,3.4955,0.3556,0.6032,0.2476,0.4972,2.8297,0.4972,0.37,9.8286,3.7292,-0.0946
67.001,seguindo,normal,9.5024,3.4977,0.3882,0.6171,0.229,0.4972,2.8226,0.4972,0.37,9.8286,3.7292,-0.0937
67.05,seguindo,normal,9.5112,3.4997,0.4072,0.6259,0.2188,0.4972,2.8173,0.4972,0.37,9.8286,3.7292,-0.0926
67.1,seguindo,normal,9.5201,3.502,0.4252,0.6642,0.239,0.4285,2.8118,0.4285,0.37,9.8578,3.7664,-0.0913
67.152,seguindo,normal,9.5334,3.5058,0.452,0.6766,0.2247,0.4285,2.8032,0.4285,0.37,9.8578,3.7664,-0.0889
67.2,seguindo,normal,9.5422,3.5086,0.4697,0.6849,0.2152,0.4285,2.7973,0.4285,0.37,9.8578,3.7664,-0.0871
67.25,seguindo,normal,9.5554,3.5132,0.4953,0.7193,0.224,0.4285,2.8067,0.4285,0.37,9.8678,3.7868,-0.0959
67.3,seguindo,normal,9.5642,3.5165,0.5118,0.7275,0.2156,0.4285,2.8005,0.4285,0.37,9.8678,3.7868,-0.0939
67.35,seguindo,normal,9.5773,3.5217,0.5368,0.7397,0.2029,0.4285,2.791,0.4285,0.37,9.8678,3.7868,-0.0911
67.4,seguindo,normal,9.5859,3.5253,0.5534,0.7478,0.1944,0.4285,2.7845,0.4285,0.37,9.8678,3.7868,-0.089
67.45,seguindo,normal,9.5988,3.5311,0.5783,0.7924,0.2141,0.3915,2.7746,0.3915,0.37,9.8917,3.8281,-0.0856
67.5,seguindo,normal,9.6074,3.5352,0.5945,0.8003,0.2058,0.3915,2.7679,0.3915,0.37,9.8917,3.8281,-0.083
67.55,seguindo,normal,9.6199,3.5411,0.6215,0.8125,0.191,0.3915,2.758,0.3915,0.37,9.8917,3.8281,-0.0799
67.604,seguindo,normal,9.6321,3.5472,0.6496,0.8248,0.1751,0.3915,2.7481,0.3915,0.37,9.8917,3.8281,-0.0768
67.65,seguindo,normal,9.6402,3.5515,0.6682,0.8688,0.2006,0.379,2.7413,0.379,0.37,9.9113,3.8721,-0.0746
67.7,seguindo,normal,9.6484,3.556,0.6865,0.8768,0.1903,0.379,2.7344,0.379,0.37,9.9113,3.8721,-0.0721
67.75,seguindo,normal,9.6604,3.5631,0.7137,0.8889,0.1751,0.379,2.7237,0.379,0.37,9.9113,3.8721,-0.0682
67.8,seguindo,normal,9.6684,3.568,0.7318,0.8968,0.165,0.379,2.7165,0.379,0.37,9.9113,3.8721,-0.066
67.85,seguindo,normal,9.6802,3.5756,0.7588,0.9087,0.1498,0.379,2.7054,0.379,0.37,9.9113,3.8721,-0.0624
67.9,seguindo,normal,9.688,3.5809,0.7765,0.9538,0.1773,0.3873,2.6979,0.3873,0.37,9.9273,3.9181,-0.0598
67.95,seguindo,normal,9.6993,3.5888,0.8045,0.9653,0.1609,0.3873,2.6867,0.3873,0.37,9.9273,3.9181,-0.0558
68.0,seguindo,normal,9.7066,3.5942,0.8236,0.9729,0.1493,0.3873,2.6793,0.3873,0.37,9.9273,3.9181,-0.0531
68.05,seguindo,normal,9.7175,3.6026,0.8521,0.9841,0.132,0.3873,2.6679,0.3873,0.37,9.9273,3.9181,-0.0499
68.1,seguindo,normal,9.7283,3.6113,0.8801,1.032,0.1519,0.4161,2.6562,0.4161,0.37,9.94,3.9656,-0.0462
68.15,seguindo,normal,9.7352,3.6173,0.8993,1.0391,0.1399,0.4161,2.6484,0.4161,0.37,9.94,3.9656,-0.0436
68.201,seguindo,normal,9.7453,3.6264,0.9279,1.0496,0.1216,0.4161,2.6366,0.4161,0.37,9.94,3.9656,-0.0394
68.251,seguindo,normal,9.7519,3.6327,0.9468,1.0726,0.1258,0.4161,2.6538,0.4161,0.37,9.9468,3.9909,-0.0528
68.3,seguindo,normal,9.7585,3.6391,0.9655,1.0794,0.1139,0.4161,2.6457,0.4161,0.37,9.9468,3.9909,-0.0497
68.35,seguindo,normal,9.7682,3.649,0.9936,1.0894,0.0959,0.4161,2.6334,0.4161,0.37,9.9468,3.9909,-0.0457
68.401,seguindo,normal,9.7776,3.6592,1.0216,1.0991,0.0775,0.4161,2.621,0.4161,0.37,9.9468,3.9909,-0.0419
68.45,seguindo,normal,9.7837,3.6661,1.04,1.1378,0.0977,0.467,2.6126,0.467,0.37,9.9563,4.0395,-0.0391
68.5,seguindo,normal,9.7928,3.6768,1.0672,1.1472,0.08,0.467,2.5997,0.467,0.37,9.9563,4.0395,-0.0348
68.55,seguindo,normal,9.7987,3.6841,1.0851,1.1534,0.0683,0.467,2.591,0.467,0.37,9.9563,4.0395,-0.0317
68.6,seguindo,normal,9.8045,3.6915,1.1028,1.1594,0.0566,0.467,2.5822,0.467,0.37,9.9563,4.0395,-0.0295
68.65,seguindo,normal,9.8129,3.7031,1.128,1.1679,0.0399,0.467,2.5687,0.467,0.37,9.9563,4.0395,-0.0258
68.7,seguindo,normal,9.8184,3.7111,1.1441,1.2039,0.0598,0.5,2.5596,0.543,0.37,9.9634,4.0887,-0.023
68.75,seguindo,normal,9.8266,3.7251,1.1633,1.2283,0.0651,0.5,2.5507,0.543,0.37,9.9592,4.0971,-0.0262
68.8,seguindo,normal,9.832,3.7354,1.1733,1.2326,0.0594,0.5,2.5393,0.543,0.37,9.9592,4.0971,-0.0225
68.85,seguindo,normal,9.8395,3.7511,1.1828,1.2376,0.0549,0.5,2.5221,0.543,0.37,9.9592,4.0971,-0.017
68.9,seguindo,normal,9.8442,3.7618,1.1866,1.2683,0.0817,0.5,2.5105,0.6468,0.37,9.9643,4.1466,-0.0131
68.95,seguindo,normal,9.8509,3.7782,1.1886,1.2724,0.0838,0.5,2.4929,0.6468,0.37,9.9643,4.1466,-0.0069
69.0,seguindo,normal,9.8554,3.7892,1.1888,1.2751,0.0863,0.5,2.4811,0.6468,0.37,9.9643,4.1466,-0.004
69.05,seguindo,normal,9.862,3.8057,1.1894,1.3069,0.1176,0.5,2.4635,0.7792,0.37,9.9676,4.1964,0.0004
69.1,seguindo,normal,9.8665,3.8167,1.1898,1.3105,0.1207,0.5,2.4517,0.7792,0.37,9.9676,4.1964,0.0032
69.15,seguindo,normal,9.8731,3.8331,1.1905,1.3164,0.1258,0.5,2.4341,0.7792,0.37,9.9676,4.1964,0.0062
69.2,seguindo,normal,9.8776,3.8441,1.1911,1.3206,0.1295,0.5,2.4223,0.7792,0.37,9.9676,4.1964,0.0077
69.252,seguindo,normal,9.8842,3.8604,1.1927,1.3531,0.1604,0.5,2.4048,0.939,0.37,9.9696,4.2463,0.0099
69.3,seguindo,normal,9.8886,3.8712,1.1941,1.3582,0.1641,0.5,2.3932,0.939,0.37,9.9696,4.2463,0.0107
69.35,seguindo,normal,9.8952,3.8873,1.1967,1.3665,0.1698,0.5,2.3759,0.939,0.37,9.9696,4.2463,0.0111
69.4,seguindo,normal,9.8996,3.8981,1.1987,1.3945,0.1958,0.5,2.3644,1.1294,0.37,9.9705,4.2962,0.0113
69.45,seguindo,normal,9.9061,3.9142,1.2016,1.4038,0.2022,0.5,2.3471,1.1294,0.37,9.9705,4.2962,0.0113
69.5,seguindo,normal,9.9104,3.925,1.2036,1.4104,0.2068,0.5,2.3356,1.1294,0.37,9.9705,4.2962,0.0106
69.55,seguindo,normal,9.9169,3.9411,1.2066,1.4384,0.2318,0.5,2.3183,1.3699,0.37,9.9708,4.3462,0.0095
69.6,seguindo,normal,9.9211,3.9519,1.2086,1.4455,0.2369,0.5,2.3068,1.3699,0.37,9.9708,4.3462,0.0089
69.65,seguindo,normal,9.9275,3.9681,1.2115,1.4567,0.2452,0.5,2.2895,1.3699,0.37,9.9708,4.3462,0.0069
69.7,seguindo,normal,9.9317,3.9789,1.2134,1.4772,0.2638,0.5,2.2779,1.7131,0.37,9.9709,4.3962,0.0055
69.75,seguindo,normal,9.938,3.9951,1.2162,1.489,0.2727,0.5,2.2606,1.7131,0.37,9.9709,4.3962,0.0034
69.8,seguindo,normal,9.9422,4.006,1.2181,1.4973,0.2792,0.5,2.249,1.7131,0.37,9.9709,4.3962,0.0017
69.85,seguindo,normal,9.9484,4.0223,1.2208,1.5106,0.2899,0.5,2.2317,1.7131,0.37,9.9709,4.3962,-0.0013
69.9,seguindo,normal,9.9525,4.0331,1.2225,1.5257,0.3032,0.5,2.2201,2.2875,0.37,9.9711,4.4462,-0.0032
69.95,seguindo,normal,9.9586,4.0495,1.2252,1.5393,0.3141,0.5,2.2028,2.2875,0.37,9.9711,4.4462,-0.0062
70.0,seguindo,normal,9.9627,4.0603,1.227,1.5489,0.322,0.5,2.1912,2.2875,0.37,9.9711,4.4462,-0.0087
70.05,seguindo,normal,9.9687,4.0767,1.2297,1.5632,0.3336,0.5,2.1738,3.4836,0.37,9.9719,4.4963,-0.0124
70.1,seguindo,normal,9.9728,4.0876,1.2315,1.5729,0.3414,0.5,2.1623,3.4836,0.37,9.9719,4.4963,-0.0148
70.15,seguindo,normal,9.9787,4.104,1.2341,1.5387,0.3045,0.5,2.1528,3.4836,0.37,9.9915,4.5003,-0.0042
70.2,seguindo,normal,9.9827,4.1149,1.2358,1.548,0.3122,0.5,2.1412,3.4836,0.37,9.9915,4.5003,-0.0069
70.25,seguindo,normal,9.9886,4.1313,1.2385,1.5584,0.3199,0.5,2.1238,7.5003,0.37,9.9938,4.5505,-0.011
70.301,seguindo,normal,9.9945,4.1477,1.2412,1.5724,0.3313,0.5,2.1064,7.5003,0.37,9.9938,4.5505,-0.0149
70.35,seguindo,normal,9.998,4.1563,1.2489,1.5815,0.3325,0.5,2.0972,7.5003,0.37,9.9938,4.5505,-0.0177
70.4,seguindo,normal,10.0016,4.1646,1.2586,1.5909,0.3324,0.5,2.0882,7.5003,0.37,9.9938,4.5505,-0.0206
70.451,seguindo,normal,10.0072,4.1772,1.2784,1.5935,0.3151,0.5,2.0746,42.2975,0.37,9.9976,4.6006,-0.0253
70.502,seguindo,normal,10.0129,4.1895,1.3035,1.608,0.3045,0.5,2.0612,42.2975,0.37,9.9976,4.6006,-0.03
70.55,seguindo,normal,10.0169,4.1979,1.3244,1.6186,0.2942,0.5,2.052,42.2975,0.37,9.9976,4.6006,-0.0333
70.6,seguindo,normal,10.0208,4.2061,1.3477,1.6295,0.2819,0.5,2.043,42.2975,0.37,9.9976,4.6006,-0.0367
70.65,seguindo,normal,10.0265,4.2186,1.3845,1.6462,0.2617,0.5,2.0295,42.2975,0.37,9.9976,4.6006,-0.0418
70.7,seguindo,normal,10.03,4.227,1.4093,1.6339,0.2246,0.5,2.0204,5.4577,0.37,10.0032,4.6509,-0.0449
70.75,seguindo,normal,10.0348,4.2398,1.4457,1.6476,0.2019,0.5,2.0068,5.4577,0.37,10.0032,4.6509,-0.0491
70.8,seguindo,normal,10.0377,4.2483,1.4692,1.6564,0.1872,0.5,1.9979,5.4577,0.37,10.0032,4.6509,-0.0515
70.85,seguindo,normal,10.0416,4.2612,1.5019,1.6012,0.0993,0.5,1.9941,5.4577,0.37,10.0295,4.6556,-0.0355
70.9,seguindo,normal,10.0438,4.2697,1.5223,1.6077,0.0854,0.5,1.9852,5.4577,0.37,10.0295,4.6556,-0.0373
70.951,seguindo,normal,10.0467,4.2828,1.5522,1.5911,0.0389,0.5,1.9719,2.9177,0.37,10.0381,4.7058,-0.0396
71.0,seguindo,normal,10.0484,4.2916,1.5717,1.5955,0.0238,0.5,1.963,2.9177,0.37,10.0381,4.7058,-0.0408
71.05,seguindo,normal,10.0505,4.305,1.6003,1.6017,0.0013,0.5,1.9495,2.9177,0.37,10.0381,4.7058,-0.0424
71.1,seguindo,normal,10.0522,4.3186,1.628,1.6071,-0.0209,0.5,1.9361,2.9177,0.37,10.0381,4.7058,-0.0435
71.15,seguindo,normal,10.053,4.3279,1.6451,1.61,-0.0351,0.5,1.927,2.9177,0.37,10.0381,4.7058,-0.044
71.2,seguindo,normal,10.0536,4.3372,1.6617,1.5816,-0.0801,0.5,1.9179,2.0202,0.37,10.049,4.756,-0.0443
71.25,seguindo,normal,10.054,4.3515,1.6852,1.5831,-0.1021,0.5,1.9041,2.0202,0.37,10.049,4.756,-0.0442
71.3,seguindo,normal,10.054,4.3611,1.7001,1.5835,-0.1166,0.5,1.8949,2.0202,0.37,10.049,4.756,-0.044
71.35,seguindo,normal,10.0532,4.3776,1.7179,1.5818,-0.1362,0.5,1.8794,2.0202,0.37,10.049,4.756,-0.0426
71.4,seguindo,normal,10.0515,4.3955,1.7314,1.5449,-0.1865,0.5,1.863,1.5942,0.37,10.0622,4.8063,-0.0404
71.45,seguindo,normal,10.0499,4.4074,1.7351,1.54,-0.1951,0.5,1.8522,1.5942,0.37,10.0622,4.8063,-0.0384
71.5,seguindo,normal,10.0482,4.4192,1.7383,1.5346,-0.2037,0.5,1.8414,1.5942,0.37,10.0622,4.8063,-0.0363
71.55,seguindo,normal,10.0452,4.437,1.7395,1.4946,-0.2449,0.5,1.8255,1.3825,0.37,10.0773,4.8566,-0.0328
71.6,seguindo,normal,10.0432,4.4488,1.7391,1.4874,-0.2517,0.5,1.815,1.3825,0.37,10.0773,4.8566,-0.0303
71.65,seguindo,normal,10.0402,4.4665,1.7386,1.4363,-0.3023,0.5,1.8052,1.3825,0.37,10.0932,4.8588,-0.0172
71.7,seguindo,normal,10.0381,4.4782,1.7383,1.427,-0.3113,0.5,1.7949,1.3825,0.37,10.0932,4.8588,-0.0145
71.75,seguindo,normal,10.0352,4.4958,1.7387,1.3898,-0.3489,0.5,1.7795,1.3013,0.37,10.1108,4.9089,-0.0105
71.8,seguindo,normal,10.0333,4.5074,1.7392,1.38,-0.3592,0.5,1.7692,1.3013,0.37,10.1108,4.9089,-0.0078
71.852,seguindo,normal,10.0305,4.5248,1.7413,1.3647,-0.3766,0.5,1.7541,1.3013,0.37,10.1108,4.9089,-0.0037
71.9,seguindo,normal,10.0286,4.5362,1.7431,1.3364,-0.4067,0.5,1.744,1.3226,0.37,10.1296,4.959,-0.0009
71.95,seguindo,normal,10.0259,4.5534,1.7462,1.3205,-0.4257,0.5,1.7291,1.3226,0.37,10.1296,4.959,0.0032
72.0,seguindo,normal,10.024,4.5648,1.7483,1.3092,-0.4392,0.5,1.7192,1.3226,0.37,10.1296,4.959,0.0061
72.05,seguindo,normal,10.0216,4.5788,1.7496,1.2941,-0.4555,0.5,1.707,1.3226,0.37,10.1296,4.959,0.01
72.1,seguindo,normal,10.0202,4.5869,1.7497,1.274,-0.4757,0.5,1.7001,1.4468,0.37,10.1493,5.009,0.0124
72.15,seguindo,normal,10.0171,4.6017,1.7455,1.257,-0.4885,0.5,1.6875,1.4468,0.37,10.1493,5.009,0.017
72.2,seguindo,normal,10.0146,4.613,1.7385,1.243,-0.4956,0.5,1.6781,1.4468,0.37,10.1493,5.009,0.0208
72.25,seguindo,normal,10.0105,4.6302,1.723,1.2198,-0.5033,0.5,1.6639,1.4468,0.37,10.1493,5.009,0.0273
72.3,seguindo,normal,10.0077,4.6418,1.7098,1.2006,-0.5091,0.5,1.6543,1.6954,0.37,10.1696,5.0591,0.0317
72.35,seguindo,normal,10.0035,4.659,1.6849,1.1772,-0.5077,0.5,1.6402,1.6954,0.37,10.1696,5.0591,0.0384
72.4,seguindo,normal,9.9994,4.6761,1.6563,1.1525,-0.5038,0.5,1.6262,1.6954,0.37,10.1696,5.0591,0.0453
72.45,seguindo,normal,9.9967,4.6872,1.6331,1.1356,-0.4975,0.5,1.6172,1.6954,0.37,10.1696,5.0591,0.05
72.5,seguindo,normal,9.9942,4.6983,1.6093,1.1182,-0.4912,0.5,1.6081,2.1085,0.37,10.1696,5.0591,0.0546
72.551,seguindo,normal,9.9908,4.715,1.5714,1.0915,-0.4799,0.5,1.5944,2.1085,0.37,10.1696,5.0591,0.061
72.6,seguindo,normal,9.9888,4.7261,1.5461,1.0734,-0.4727,0.5,1.5852,2.1085,0.37,10.1696,5.0591,0.0651
72.65,seguindo,normal,9.9866,4.7431,1.5095,1.0148,-0.4946,0.5,1.575,2.1085,0.37,10.1818,5.0574,0.0789
72.7,seguindo,normal,9.9855,4.7546,1.4857,1.0171,-0.4686,0.5,1.5652,2.727,0.37,10.2035,5.1072,0.0827
72.75,seguindo,normal,9.9843,4.7719,1.4503,0.992,-0.4583,0.5,1.5503,2.727,0.37,10.2035,5.1072,0.0879
72.8,seguindo,normal,9.9839,4.7834,1.4267,0.975,-0.4517,0.5,1.5402,2.727,0.37,10.2035,5.1072,0.0912
72.85,seguindo,normal,9.9838,4.8007,1.3909,0.949,-0.4419,0.5,1.5249,2.727,0.37,10.2035,5.1072,0.0962
72.9,seguindo,normal,9.984,4.8122,1.3668,0.9596,-0.4072,0.5,1.5147,3.5558,0.37,10.2256,5.157,0.0992
72.95,seguindo,normal,9.9849,4.8294,1.3309,0.9371,-0.3938,0.5,1.499,3.5558,0.37,10.2256,5.157,0.1032
73.0,seguindo,normal,9.9858,4.8409,1.307,0.9218,-0.3852,0.5,1.4885,3.5558,0.37,10.2256,5.157,0.1055
73.05,seguindo,normal,9.9878,4.858,1.2713,0.8987,-0.3726,0.5,1.4724,3.5558,0.37,10.2256,5.157,0.1091
73.101,seguindo,normal,9.9903,4.8752,1.2358,0.9097,-0.3261,0.5,1.4562,4.4938,0.37,10.2483,5.2068,0.1121
73.15,seguindo,normal,9.9916,4.8839,1.2138,0.899,-0.3149,0.5,1.4479,4.4938,0.37,10.2483,5.2068,0.1137
73.2,seguindo,normal,9.9927,4.8923,1.189,0.8881,-0.3009,0.5,1.44,4.4938,0.37,10.2483,5.2068,0.1153
73.25,seguindo,normal,9.9955,4.9075,1.1465,0.8693,-0.2772,0.5,1.4253,4.4938,0.37,10.2483,5.2068,0.1177
73.3,seguindo,normal,9.998,4.9187,1.1164,0.8555,-0.2609,0.5,1.4143,4.4938,0.37,10.2483,5.2068,0.1192
73.35,seguindo,normal,10.0028,4.9351,1.0763,0.8643,-0.212,0.5,1.4111,4.4938,0.37,10.2478,5.2222,0.1133
73.4,seguindo,normal,10.0066,4.946,1.0523,1.0371,-0.0151,0.5,1.3998,5.5527,1.0,10.5515,5.8683,0.1135
73.45,seguindo,normal,10.013,4.9623,1.0184,1.0345,0.0162,0.5,1.3824,5.5527,1.0,10.5515,5.8683,0.1131
73.5,seguindo,normal,10.0179,4.9732,0.9972,1.0332,0.0359,0.5,1.3706,5.5527,1.0,10.5515,5.8683,0.1126
73.55,seguindo,normal,10.0257,4.9894,0.9667,1.0317,0.0649,0.5,1.3526,5.5527,1.0,10.5515,5.8683,0.1112
73.6,seguindo,normal,10.0313,5.0001,0.9467,1.0357,0.089,0.5,1.3405,6.5282,1.0,10.5753,5.918,0.11
73.65,seguindo,normal,10.0401,5.016,0.9173,1.0352,0.118,0.5,1.3224,6.5282,1.0,10.5753,5.918,0.1077
73.7,seguindo,normal,10.0463,5.0265,0.8982,1.0352,0.1371,0.5,1.3102,6.5282,1.0,10.5753,5.918,0.1059
73.75,seguindo,normal,10.0561,5.0421,0.8702,1.0403,0.1701,0.5,1.2918,7.972,1.0,10.5991,5.9677,0.1028
73.8,seguindo,normal,10.0667,5.0575,0.8445,1.0415,0.197,0.5,1.2731,7.972,1.0,10.5991,5.9677,0.0989
73.851,seguindo,normal,10.0737,5.0669,0.8313,1.0428,0.2114,0.5,1.2615,7.972,1.0,10.5991,5.9677,0.0961
73.9,seguindo,normal,10.0808,5.0761,0.8192,1.0443,0.225,0.5,1.25,7.972,1.0,10.5991,5.9677,0.0931
73.951,seguindo,normal,10.0919,5.0896,0.8053,1.0496,0.2443,0.5,1.2247,10.8725,1.0,10.6202,6.0095,0.0912
74.0,seguindo,normal,10.0996,5.0983,0.7985,1.0518,0.2532,0.5,1.2134,10.8725,1.0,10.6202,6.0095,0.0876
74.052,seguindo,normal,10.1115,5.111,0.7934,1.0556,0.2623,0.5,1.1965,10.8725,1.0,10.6202,6.0095,0.0818
74.1,seguindo,normal,10.1195,5.1193,0.7917,1.0585,0.2668,0.5,1.1853,10.8725,1.0,10.6202,6.0095,0.0777
74.15,seguindo,normal,10.1317,5.1316,0.7931,1.0668,0.2737,0.5,1.1687,18.7948,1.0,10.6434,6.0593,0.0714
74.2,seguindo,normal,10.14,5.1397,0.7954,1.0699,0.2746,0.5,1.1576,18.7948,1.0,10.6434,6.0593,0.0671
74.25,seguindo,normal,10.1523,5.1519,0.7989,1.0747,0.2759,0.5,1.1411,18.7948,1.0,10.6434,6.0593,0.0608
74.3,seguindo,normal,10.1604,5.16,0.8012,1.078,0.2767,0.5,1.1301,18.7948,1.0,10.6434,6.0593,0.0567
74.35,seguindo,normal,10.1727,5.1723,0.8045,1.0858,0.2813,0.5,1.1135,20.2888,1.0,10.6663,6.109,0.0505
74.4,seguindo,normal,10.1808,5.1805,0.8065,1.089,0.2825,0.5,1.1024,20.2888,1.0,10.6663,6.109,0.0465
74.45,seguindo,normal,10.193,5.193,0.8093,1.0939,0.2846,0.5,1.0858,20.2888,1.0,10.6663,6.109,0.0405
74.5,seguindo,normal,10.2011,5.2013,0.811,1.0972,0.2862,0.5,1.0747,20.2888,1.0,10.6663,6.109,0.0366
74.551,seguindo,normal,10.2133,5.2138,0.8137,1.1043,0.2906,0.5,1.058,18.589,1.0,10.6891,6.1588,0.0308
74.6,seguindo,normal,10.2214,5.2222,0.8155,1.1076,0.2921,0.5,1.0469,18.589,1.0,10.6891,6.1588,0.0269
74.65,seguindo,normal,10.2335,5.2347,0.818,1.1127,0.2946,0.5,1.0303,18.589,1.0,10.6891,6.1588,0.0212
74.7,seguindo,normal,10.2415,5.2431,0.8197,1.1161,0.2964,0.5,1.0192,18.589,1.0,10.6891,6.1588,0.0175
74.751,seguindo,normal,10.2536,5.2558,0.8223,1.1214,0.2991,0.5,1.0026,19.8765,1.0,10.6891,6.1588,0.0119
74.8,seguindo,normal,10.2616,5.2642,0.824,1.1249,0.301,0.5,0.9915,19.8765,1.0,10.6891,6.1588,0.0082
74.85,seguindo,normal,10.2736,5.2769,0.8266,1.1304,0.3038,0.5,0.9749,19.8765,1.0,10.6891,6.1588,0.0027
74.9,seguindo,normal,10.2815,5.2853,0.8285,1.1342,0.3057,0.5,0.9639,19.8765,1.0,10.6891,6.1588,-0.0009
74.95,seguindo,normal,10.2922,5.296,0.8373,1.1396,0.3023,0.5,0.9497,13.5089,1.0,10.6891,6.1588,-0.006
75.001,seguindo,normal,10.3022,5.3054,0.8519,1.1451,0.2932,0.5,0.937,13.5089,1.0,10.6891,6.1588,-0.011
75.051,seguindo,normal,10.3092,5.3116,0.8672,1.1492,0.282,0.5,0.9285,13.5089,1.0,10.6891,6.1588,-0.0146
75.1,seguindo,normal,10.316,5.3177,0.8839,1.1533,0.2693,0.5,0.9201,13.5089,1.0,10.6891,6.1588,-0.0182
75.151,seguindo,normal,10.3266,5.327,0.9135,1.1597,0.2462,0.5,0.9073,13.5089,1.0,10.6891,6.1588,-0.0237
75.2,seguindo,normal,10.3336,5.3331,0.937,1.1641,0.2271,0.5,0.899,9.2655,1.0,10.6891,6.1588,-0.0274
75.25,seguindo,normal,10.3438,5.3424,0.9734,1.1529,0.1795,0.5,0.9019,9.2655,1.0,10.7099,6.1668,-0.016
75.3,seguindo,normal,10.3504,5.3488,0.9979,1.1567,0.1589,0.5,0.8934,9.2655,1.0,10.7099,6.1668,-0.0192
75.35,seguindo,normal,10.3599,5.3587,1.0332,1.1621,0.1289,0.5,0.8805,9.2655,1.0,10.7099,6.1668,-0.0236
75.4,seguindo,normal,10.366,5.3655,1.0559,1.1654,0.1096,0.5,0.8719,9.2655,1.0,10.7099,6.1668,-0.0262
75.45,seguindo,normal,10.3747,5.376,1.0871,1.1699,0.0829,0.5,0.8588,9.2655,1.0,10.7099,6.1668,-0.0296
75.5,seguindo,normal,10.3804,5.3832,1.1063,1.1728,0.0665,0.5,0.85,4.094,1.0,10.7099,6.1668,-0.0316
75.551,seguindo,normal,10.3888,5.3944,1.1341,1.1769,0.0428,0.5,0.8365,4.094,1.0,10.7099,6.1668,-0.0345
75.6,seguindo,normal,10.3942,5.402,1.1524,1.1794,0.027,0.5,0.8274,4.094,1.0,10.7099,6.1668,-0.0361
75.65,seguindo,normal,10.402,5.4137,1.1785,1.1827,0.0042,0.5,0.8135,4.094,1.0,10.7099,6.1668,-0.0382
75.7,seguindo,normal,10.4071,5.4218,1.1955,1.1847,-0.0107,0.5,0.8042,4.094,1.0,10.7099,6.1668,-0.0393
75.75,seguindo,normal,10.4142,5.4345,1.2182,1.187,-0.0311,0.5,0.7897,16.7683,1.0,10.7099,6.1668,-0.0404
75.8,seguindo,normal,10.4188,5.4433,1.232,1.1882,-0.0437,0.5,0.7798,16.7683,1.0,10.7099,6.1668,-0.0408
75.85,seguindo,normal,10.4256,5.4586,1.2487,1.1924,-0.0563,0.5,0.7526,16.7683,1.0,10.7036,6.1579,-0.039
75.901,seguindo,normal,10.4322,5.4753,1.263,1.1924,-0.0706,0.5,0.7346,11.5284,1.0,10.7036,6.1579,-0.0381
75.951,seguindo,normal,10.4361,5.4867,1.2658,1.1915,-0.0743,0.5,0.7226,11.5284,1.0,10.7036,6.1579,-0.0369
76.0,seguindo,normal,10.4398,5.498,1.2682,1.1905,-0.0776,0.5,0.7106,11.5284,1.0,10.7036,6.1579,-0.0356
76.05,seguindo,normal,10.4452,5.5151,1.269,1.1886,-0.0804,0.5,0.6928,11.5284,1.0,10.7036,6.1579,-0.0334
76.1,seguindo,normal,10.4488,5.5266,1.2686,1.1871,-0.0814,0.5,0.6809,7.4033,1.0,10.7036,6.1579,-0.0319
76.152,seguindo,normal,10.4541,5.5436,1.2683,1.1849,-0.0834,0.5,0.663,7.4033,1.0,10.7036,6.1579,-0.0297
76.2,seguindo,normal,10.4594,5.5607,1.2681,1.1826,-0.0855,0.5,0.6452,7.4033,1.0,10.7036,6.1579,-0.0275
76.25,seguindo,normal,10.463,5.572,1.2688,1.1811,-0.0877,0.5,0.6335,7.4033,1.0,10.7036,6.1579,-0.0261
76.3,seguindo,normal,10.4665,5.5832,1.2695,1.1795,-0.09,0.5,0.6217,0.8939,1.0,10.7036,6.1579,-0.0247
76.351,seguindo,normal,10.4719,5.5999,1.2716,1.1772,-0.0945,0.5,0.6042,0.8939,1.0,10.7036,6.1579,-0.0228
76.4,seguindo,normal,10.4754,5.6109,1.2735,1.1755,-0.098,0.5,0.5927,0.8939,1.0,10.7036,6.1579,-0.0214
76.45,seguindo,normal,10.4807,5.6275,1.2765,1.173,-0.1036,0.5,0.5754,14.9417,1.0,10.7036,6.1579,-0.0195
76.5,seguindo,normal,10.4842,5.6385,1.2786,1.1711,-0.1075,0.5,0.5638,14.9417,1.0,10.7036,6.1579,-0.0181
76.55,seguindo,normal,10.4895,5.6551,1.2818,1.1682,-0.1137,0.5,0.5466,14.9417,1.0,10.7036,6.1579,-0.0161
76.6,seguindo,normal,10.4929,5.6661,1.2839,1.166,-0.1179,0.5,0.535,14.9417,1.0,10.7036,6.1579,-0.0147
76.65,seguindo,normal,10.498,5.6827,1.287,1.1625,-0.1245,0.5,0.5178,10.3198,1.0,10.7036,6.1579,-0.0125
76.7,seguindo,normal,10.5014,5.6938,1.289,1.1599,-0.1291,0.5,0.5063,10.3198,1.0,10.7036,6.1579,-0.011
76.75,seguindo,normal,10.5065,5.7104,1.292,1.1791,-0.1129,0.5,0.4864,10.3198,1.0,10.6921,6.16,-0.0207
76.802,seguindo,normal,10.5115,5.7271,1.295,1.1754,-0.1196,0.5,0.4691,10.3198,1.0,10.6921,6.16,-0.0182
76.85,seguindo,normal,10.5148,5.7382,1.2968,1.1727,-0.1241,0.5,0.4575,5.7823,1.0,10.6921,6.16,-0.0166
76.9,seguindo,normal,10.518,5.7494,1.2986,1.1697,-0.1288,0.5,0.446,5.7823,1.0,10.6921,6.16,-0.0149
76.95,seguindo,normal,10.5229,5.7661,1.3012,1.165,-0.1363,0.5,0.4287,5.7823,1.0,10.6921,6.16,-0.0122
77.0,seguindo,normal,10.5261,5.7773,1.303,1.1615,-0.1415,0.5,0.4171,5.7823,1.0,10.6921,6.16,-0.0104
77.051,seguindo,normal,10.5309,5.7941,1.3056,1.1558,-0.1498,0.4898,0.3998,20.2961,1.0,10.6921,6.16,-0.0077
77.1,seguindo,normal,10.5341,5.8053,1.3073,1.1517,-0.1557,0.4827,0.3883,20.2961,1.0,10.6921,6.16,-0.0059
77.15,seguindo,normal,10.5388,5.8221,1.3098,1.1449,-0.165,0.4718,0.371,20.2961,1.0,10.6921,6.16,-0.003
77.2,seguindo,normal,10.542,5.8333,1.3114,1.1399,-0.1715,0.4645,0.3595,20.2961,1.0,10.6921,6.16,-0.001
77.25,seguindo,normal,10.5466,5.8501,1.314,1.1317,-0.1823,0.4532,0.3423,16.3852,1.0,10.6921,6.16,0.0019
77.3,seguindo,normal,10.5497,5.8613,1.3157,1.1257,-0.19,0.4455,0.3309,16.3852,1.0,10.6921,6.16,0.0039
77.35,seguindo,normal,10.5543,5.8781,1.3186,1.1159,-0.2027,0.4339,0.3137,16.3852,1.0,10.6921,6.16,0.0069
77.4,seguindo,normal,10.5573,5.8893,1.3205,1.1087,-0.2119,0.4259,0.3024,16.3852,1.0,10.6921,6.16,0.0089
77.45,seguindo,normal,10.5618,5.9062,1.3233,1.0965,-0.2268,0.4137,0.2853,15.6207,1.0,10.6921,6.16,0.012
77.501,seguindo,normal,10.5648,5.9174,1.3251,1.0875,-0.2376,0.4054,0.274,15.6207,1.0,10.6921,6.16,0.0141
77.551,seguindo,normal,10.5693,5.9342,1.3282,1.0724,-0.2558,0.3927,0.2571,15.6207,1.0,10.6921,6.16,0.0172
109.907,seguindo,normal,10.5893,6.0167,1.3437,-2.0815,2.858,0.2786,8.5592,0.2786,0.37,10.3859,5.6536,-0.0133
109.95,seguindo,normal,10.5893,6.0167,1.3437,-2.0815,2.858,0.2786,8.5592,0.2786,0.37,10.3859,5.6536,-0.0133
110.0,seguindo,normal,10.5893,6.0167,1.3437,-2.0815,2.858,0.2786,8.5592,0.2786,0.37,10.3859,5.6536,-0.0133
110.05,seguindo,normal,10.5893,6.0167,1.3437,-2.0815,2.858,0.2786,8.5592,0.2786,0.37,10.3859,5.6536,-0.0133
110.1,seguindo,normal,10.5893,6.0167,1.3437,-2.0815,2.858,0.2786,8.5592,0.2786,0.37,10.3859,5.6536,-0.0133
110.15,seguindo,normal,10.5893,6.0167,1.3437,-2.0815,2.858,0.2786,8.5592,0.2786,0.37,10.3859,5.6536,-0.0133
110.2,seguindo,normal,10.5893,6.0167,1.3437,-2.0815,2.858,0.2786,8.5592,0.2786,0.37,10.3859,5.6536,-0.0133
110.251,seguindo,normal,10.5893,6.0167,1.3437,-2.0815,2.858,0.2786,8.5592,0.2786,0.37,10.3859,5.6536,-0.0133
110.301,seguindo,normal,10.5893,6.0167,1.3437,-2.0815,2.858,0.2786,8.5592,0.2786,0.37,10.3859,5.6536,-0.0133
110.35,seguindo,normal,10.5893,6.0167,1.3437,-2.0815,2.858,0.2786,8.5592,0.2786,0.37,10.3859,5.6536,-0.0133
110.4,seguindo,normal,10.5893,6.0167,1.3437,-2.0815,2.858,0.2786,8.5592,0.2786,0.37,10.3859,5.6536,-0.0133
110.45,seguindo,normal,10.5894,6.0152,1.349,-2.0835,2.8507,0.2786,8.5592,0.2786,0.37,10.3859,5.6536,-0.0121
110.5,seguindo,normal,10.5895,6.0127,1.3567,-2.0866,2.8398,0.2786,8.5593,0.2786,0.37,10.3859,5.6536,0.0106
110.55,seguindo,normal,10.59,6.0109,1.3669,-2.0897,2.8265,0.2786,8.5597,0.2786,0.37,10.3859,5.6536,0.0101
110.6,seguindo,normal,10.5908,6.0083,1.3825,-2.0945,2.8061,0.2786,8.5604,0.2786,0.37,10.3859,5.6536,0.01
110.65,seguindo,normal,10.5917,6.0065,1.3979,-2.0987,2.7866,0.2786,8.5613,0.2786,0.37,10.3859,5.6536,0.0107
110.7,seguindo,normal,10.5932,6.0039,1.4212,-2.1052,2.7568,0.2786,8.5627,0.2786,0.37,10.3859,5.6536,0.0125
110.751,seguindo,normal,10.5946,6.0021,1.4417,-2.1105,2.731,0.2786,8.5641,0.2786,0.37,10.3859,5.6536,0.0143
110.8,seguindo,normal,10.5961,6.0003,1.4624,-2.1159,2.7049,0.2786,8.5655,0.2786,0.37,10.3859,5.6536,0.0163
110.85,seguindo,normal,10.5988,5.9976,1.4983,-2.125,2.6598,0.2786,8.5682,0.2786,0.37,10.3859,5.6536,0.0199
110.9,seguindo,normal,10.6008,5.9959,1.5242,-2.1315,2.6275,0.2786,8.5701,0.2786,0.37,10.3859,5.6536,0.0224
110.95,seguindo,normal,10.6043,5.9934,1.5678,-2.1421,2.5733,0.2786,8.5736,0.2786,0.37,10.3859,5.6536,0.0267
111.0,seguindo,normal,10.6068,5.9918,1.5988,-2.1495,2.5349,0.2786,8.5761,0.2786,0.37,10.3859,5.6536,0.0297
111.05,seguindo,normal,10.6111,5.9896,1.6502,-2.1614,2.4716,0.2786,8.5803,0.2786,0.37,10.3859,5.6536,0.0345
111.1,seguindo,normal,10.6142,5.9883,1.6864,-2.1695,2.4273,0.2786,8.5834,0.2786,0.37,10.3859,5.6536,0.0379
111.15,seguindo,normal,10.6193,5.9867,1.7456,-2.1822,2.3554,0.2786,8.5885,0.2786,0.37,10.3859,5.6536,0.0432
111.2,seguindo,normal,10.6248,5.9853,1.8076,-2.1949,2.2807,0.2786,8.5939,0.2786,0.37,10.3859,5.6536,0.0486
111.25,seguindo,normal,10.6288,5.9847,1.8538,-2.2038,2.2256,0.2786,8.5979,0.2786,0.37,10.3859,5.6536,0.0525
111.3,seguindo,normal,10.6329,5.9844,1.9002,-2.2123,2.1707,0.2786,8.602,0.2786,0.37,10.3859,5.6536,0.0564
111.35,seguindo,normal,10.6394,5.9843,1.9748,-2.2175,2.0908,0.2786,8.6157,0.2786,0.37,10.3808,5.6417,0.0665
111.4,seguindo,normal,10.6439,5.9846,2.0264,-2.2254,2.0314,0.2786,8.6202,0.2786,0.37,10.3808,5.6417,0.0709
111.45,seguindo,normal,10.651,5.9857,2.1088,-2.2367,1.9377,0.2786,8.6273,0.2786,0.37,10.3808,5.6417,0.0777
111.5,seguindo,normal,10.6557,5.9868,2.1655,-2.2436,1.8741,0.2786,8.6321,0.2786,0.37,10.3808,5.6417,0.0823
111.55,seguindo,normal,10.663,5.9892,2.2556,-2.2241,1.8035,0.2786,8.6457,0.2786,0.37,10.3771,5.6156,0.0964
111.6,seguindo,normal,10.6679,5.9913,2.3175,-2.2296,1.7362,0.2786,8.6507,0.2786,0.37,10.3771,5.6156,0.1016
111.65,seguindo,normal,10.6752,5.9953,2.4153,-2.2364,1.6315,0.2786,8.6581,0.2786,0.37,10.3771,5.6156,0.1095
111.702,seguindo,normal,10.6822,6.0002,2.5158,-2.2415,1.5259,0.2786,8.6653,0.2786,0.37,10.3771,5.6156,0.1175
111.751,seguindo,normal,10.6868,6.0042,2.5878,-2.2438,1.4516,0.2786,8.67,0.2786,0.37,10.3771,5.6156,0.123
111.8,seguindo,normal,10.6911,6.0085,2.6599,-2.2451,1.3782,0.2786,8.6745,0.2786,0.37,10.3771,5.6156,0.1283
111.85,seguindo,normal,10.6971,6.0159,2.773,-2.2463,1.2638,0.2786,8.6939,0.2786,0.37,10.3691,5.6066,0.1502
111.9,seguindo,normal,10.7006,6.0213,2.8503,-2.2451,1.1877,0.2786,8.6977,0.2786,0.37,10.3691,5.6066,0.1555
111.95,seguindo,normal,10.7038,6.0306,2.9702,-2.239,1.074,0.2786,8.7014,0.2786,0.37,10.3691,5.6066,0.162
112.0,seguindo,normal,10.7045,6.0372,3.0513,-2.2325,0.9994,0.2786,8.7025,0.2786,0.37,10.3691,5.6066,0.1655
112.05,seguindo,normal,10.7045,6.0468,-3.1132,-2.2218,0.8914,0.2786,8.703,0.2786,0.37,10.3691,5.6066,0.17
112.1,seguindo,normal,10.704,6.053,-3.0367,-2.2144,0.8224,0.2786,8.7029,0.2786,0.37,10.3691,5.6066,0.1727
112.15,seguindo,normal,10.7023,6.0618,-2.9256,-2.2028,0.7228,0.2786,8.7103,0.2786,0.37,10.3595,5.5937,0.1905
112.2,seguindo,normal,10.7007,6.0673,-2.8548,-2.195,0.6598,0.2786,8.709,0.2786,0.37,10.3595,5.5937,0.1925
112.251,seguindo,normal,10.6974,6.075,-2.7528,-2.1828,0.57,0.2786,8.7062,0.2786,0.37,10.3595,5.5937,0.1948
112.301,seguindo,normal,10.6935,6.0818,-2.6568,-2.1708,0.486,0.2786,8.7027,0.2786,0.37,10.3595,5.5937,0.1963
112.35,seguindo,normal,10.6905,6.0859,-2.596,-2.2006,0.3955,0.2786,8.7175,0.2786,0.37,10.3373,5.6013,0.2073
112.4,seguindo,normal,10.6874,6.0895,-2.5383,-2.1929,0.3454,0.2786,8.7146,0.2786,0.37,10.3373,5.6013,0.2072
112.45,seguindo,normal,10.6823,6.0941,-2.4562,-2.1815,0.2747,0.2786,8.7098,0.2786,0.37,10.3373,5.6013,0.2064
112.5,seguindo,normal,10.6789,6.0967,-2.4054,-2.1744,0.231,0.2786,8.7065,0.2786,0.37,10.3373,5.6013,0.2056
112.55,seguindo,normal,10.6735,6.0996,-2.334,-2.1642,0.1698,0.2786,8.7012,0.2786,0.37,10.3373,5.6013,0.2038
112.6,seguindo,normal,10.6699,6.1011,-2.2903,-2.1578,0.1325,0.2786,8.6977,0.2786,0.37,10.3373,5.6013,0.2023
112.65,seguindo,normal,10.6645,6.1025,-2.2297,-2.1751,0.0546,0.2786,8.6915,0.2786,0.37,10.3262,5.6125,-0.1968
112.7,seguindo,normal,10.6611,6.1031,-2.193,-2.1698,0.0232,0.2786,8.6881,0.2786,0.37,10.3262,5.6125,-0.1948
112.75,seguindo,normal,10.6562,6.1035,-2.1408,-2.1625,-0.0217,0.2786,8.6832,0.2786,0.37,10.3262,5.6125,-0.1917
112.8,seguindo,normal,10.6531,6.1035,-2.1092,-2.1582,-0.0489,0.2786,8.6801,0.2786,0.37,10.3262,5.6125,-0.1896
112.85,seguindo,normal,10.6486,6.1032,-2.0646,-2.1522,-0.0875,0.2786,8.6756,0.2786,0.37,10.3262,5.6125,-0.1865
112.9,seguindo,normal,10.6459,6.1028,-2.038,-2.1487,-0.1107,0.2786,8.6729,0.2786,0.37,10.3262,5.6125,-0.1844
112.95,seguindo,normal,10.6421,6.1019,-2.0011,-2.1348,-0.1337,0.2786,8.6739,0.2786,0.37,10.3234,5.598,-0.1945
113.0,seguindo,normal,10.6397,6.1011,-1.9794,-2.1322,-0.1528,0.2786,8.6716,0.2786,0.37,10.3234,5.598,-0.1924
113.05,seguindo,normal,10.6365,6.0997,-1.95,-2.1288,-0.1788,0.2786,8.6683,0.2786,0.37,10.3234,5.598,-0.1894
113.1,seguindo,normal,10.6346,6.0986,-1.9333,-2.127,-0.1937,0.2786,8.6664,0.2786,0.37,10.3234,5.598,-0.1874
113.151,seguindo,normal,10.6322,6.0972,-1.9126,-2.1249,-0.2123,0.2786,8.6639,0.2786,0.37,10.3234,5.598,-0.1848
113.2,seguindo,normal,10.6308,6.0962,-1.9013,-2.1237,-0.2224,0.2786,8.6625,0.2786,0.37,10.3234,5.598,-0.1832
113.25,seguindo,normal,10.6293,6.0949,-1.8894,-2.1226,-0.2333,0.2786,8.6609,0.2786,0.37,10.3234,5.598,-0.1812
113.3,seguindo,normal,10.6285,6.0941,-1.8838,-2.1222,-0.2384,0.2786,8.6601,0.2786,0.37,10.3234,5.598,-0.1801
113.35,seguindo,normal,10.6278,6.0928,-1.881,-2.1224,-0.2414,0.2786,8.6594,0.2786,0.37,10.3234,5.598,-0.1787
113.401,seguindo,normal,10.6275,6.0917,-1.8809,-2.1229,-0.242,0.2786,8.659,0.2786,0.37,10.3234,5.598,-0.1775
113.451,seguindo,normal,10.6277,6.091,-1.8858,-2.1238,-0.238,0.2786,8.6592,0.2786,0.37,10.3234,5.598,-0.1772
113.5,seguindo,normal,10.6279,6.0904,-1.8908,-2.1247,-0.2338,0.2786,8.6594,0.2786,0.37,10.3234,5.598,-0.1768
113.55,seguindo,normal,10.6287,6.0897,-1.9026,-2.1265,-0.2238,0.2786,8.6602,0.2786,0.37,10.3234,5.598,-0.1767
113.6,seguindo,normal,10.6293,6.0893,-1.912,-2.1278,-0.2158,0.2786,8.6608,0.2786,0.37,10.3234,5.598,-0.1768
113.65,seguindo,normal,10.6301,6.089,-1.9216,-2.1292,-0.2076,0.2786,8.6615,0.2786,0.37,10.3234,5.598,-0.1769
113.7,seguindo,normal,10.6304,6.0888,-1.9258,-2.1298,-0.2039,0.2786,8.6619,0.2786,0.37,10.3234,5.598,-0.177
113.75,seguindo,normal,10.6306,6.0888,-1.928,-2.1301,-0.2021,0.2786,8.662,0.2786,0.37,10.3234,5.598,-0.1771
113.8,seguindo,normal,10.6306,6.0888,-1.928,-2.1301,-0.2021,0.2786,8.662,0.2786,0.37,10.3234,5.598,-0.1771
113.851,seguindo,normal,10.6298,6.0861,-1.9326,-2.1315,-0.199,0.2786,8.6612,0.2786,0.37,10.3234,5.598,-0.1745
113.9,seguindo,normal,10.6291,6.0829,-1.9377,-2.1333,-0.1956,0.2786,8.6604,0.2786,0.37,10.3234,5.598,-0.1716
113.95,seguindo,normal,10.6271,6.0756,-1.9491,-2.1373,-0.1882,0.2786,8.6582,0.2786,0.37,10.3234,5.598,-0.1646
114.0,re,,10.6254,6.0694,-1.958,-1.958,0.0,0.203,8.6563,inf,,,,0.0
114.051,re,,10.6216,6.0575,-1.9722,-1.9722,0.0,0.203,8.6522,inf,,,,0.0
114.1,re,,10.6185,6.0484,-1.9812,-1.9812,0.0,0.203,8.6488,inf,,,,0.0
114.15,re,,10.6126,6.0323,-1.9961,-1.9961,0.0,0.203,8.6425,inf,,,,0.0
114.201,re,,10.6056,6.0143,-2.0106,-2.0106,0.0,0.203,8.6351,inf,,,,0.0
114.25,re,,10.6006,6.0022,-2.0195,-2.0195,0.0,0.203,8.6299,inf,,,,0.0
114.3,re,,10.5954,5.9901,-2.0277,-2.0277,0.0,0.203,8.6244,inf,,,,0.0
114.35,re,,10.5875,5.9727,-2.0356,-2.0356,0.0,0.203,8.6162,inf,,,,0.0
114.4,re,,10.5822,5.9615,-2.0391,-2.0391,0.0,0.203,8.6107,inf,,,,0.0
114.45,re,,10.5743,5.946,-2.0392,-2.0392,0.0,0.203,8.6026,inf,,,,0.0
114.5,re,,10.5692,5.9361,-2.037,-2.037,0.0,0.203,8.5973,inf,,,,0.0
114.55,re,,10.5614,5.9223,-2.0278,-2.0278,0.0,0.203,8.5894,inf,,,,0.0
114.6,re,,10.5563,5.9134,-2.0189,-2.0189,0.0,0.203,8.5841,inf,,,,0.0
114.651,re,,10.5487,5.9008,-2.0001,-2.0001,0.0,0.203,8.5764,inf,,,,0.0
114.75,seguindo,normal,10.5362,5.8807,-1.9588,-2.195,-0.2362,0.5,8.5638,6.7206,0.37,10.2966,5.5479,0.0215
114.8,seguindo,normal,10.5314,5.8727,-1.9396,-2.1967,-0.2572,0.5,8.5589,6.7206,0.37,10.2966,5.5479,0.022
114.85,seguindo,normal,10.5244,5.8605,-1.9108,-2.1917,-0.2809,0.5,8.5518,10.2501,0.37,10.265,5.4978,0.023
114.9,seguindo,normal,10.5199,5.8521,-1.8922,-2.1945,-0.3023,0.5,8.5473,10.2501,0.37,10.265,5.4978,0.024
114.95,seguindo,normal,10.5136,5.8395,-1.866,-2.1657,-0.2998,0.5,8.5446,10.2501,0.37,10.2637,5.4703,0.0142
115.0,seguindo,normal,10.5077,5.8267,-1.8409,-2.1711,-0.3302,0.5,8.5386,10.2501,0.37,10.2637,5.4703,0.0164
115.05,seguindo,normal,10.504,5.8181,-1.8244,-2.1754,-0.351,0.5,8.5348,10.2501,0.37,10.2637,5.4703,0.0182
115.1,seguindo,normal,10.5005,5.8094,-1.8078,-2.1802,-0.3724,0.5,8.5311,10.2501,0.37,10.2637,5.4703,0.02
115.151,seguindo,normal,10.4954,5.7963,-1.783,-2.1886,-0.4056,0.5,8.526,10.2501,0.37,10.2637,5.4703,0.023
115.2,seguindo,normal,10.4922,5.7874,-1.7665,-2.195,-0.4285,0.5,8.5227,10.2501,0.37,10.2637,5.4703,0.0252
115.25,seguindo,normal,10.4876,5.7741,-1.7417,-2.195,-0.4533,0.5,8.5181,30.3589,0.37,10.2326,5.42,0.0288
115.3,seguindo,normal,10.4848,5.7651,-1.7252,-2.2019,-0.4767,0.5,8.5153,30.3589,0.37,10.2326,5.42,0.0314
115.35,seguindo,normal,10.4815,5.7544,-1.7033,-2.2106,-0.5073,0.5,8.5119,30.3589,0.37,10.2326,5.42,0.0345
115.4,seguindo,normal,10.4796,5.7488,-1.6904,-2.2152,-0.5248,0.5,8.5101,30.3589,0.37,10.2326,5.42,0.036
115.45,seguindo,normal,10.4778,5.7429,-1.6761,-2.2203,-0.5441,0.5,8.5082,30.3589,0.37,10.2326,5.42,0.0376
115.5,seguindo,normal,10.4765,5.7389,-1.666,-2.2238,-0.5579,0.5,8.507,30.3589,0.37,10.2326,5.42,0.0387
115.55,seguindo,normal,10.4764,5.7388,-1.6642,-2.207,-0.5428,0.5,8.5025,30.3589,0.37,10.2375,5.4153,0.0327
115.6,seguindo,normal,10.4763,5.7388,-1.6626,-2.2067,-0.5442,0.5,8.5024,30.3589,0.37,10.2375,5.4153,0.0326
115.65,seguindo,normal,10.4762,5.736,-1.6656,-2.2107,-0.5452,0.5,8.5023,30.3589,0.37,10.2375,5.4153,0.034
115.7,seguindo,normal,10.4762,5.7328,-1.6697,-2.2156,-0.5459,0.5,8.5023,30.3589,0.37,10.2375,5.4153,0.0358
115.751,seguindo,normal,10.4762,5.7252,-1.6803,-2.2273,-0.547,0.5,8.5023,30.3589,0.37,10.2375,5.4153,0.0399
115.8,seguindo,normal,10.4763,5.7188,-1.6896,-2.2209,-0.5313,0.5,8.5024,560.9038,0.37,10.2073,5.365,0.0434
115.852,seguindo,normal,10.4762,5.7064,-1.7086,-2.238,-0.5294,0.5,8.5023,560.9038,0.37,10.2073,5.365,0.05
115.9,seguindo,normal,10.476,5.6968,-1.7234,-2.2516,-0.5282,0.5,8.5021,560.9038,0.37,10.2073,5.365,0.055
115.95,seguindo,normal,10.4756,5.6816,-1.7499,-2.274,-0.5241,0.5,8.5019,560.9038,0.37,10.2073,5.365,0.0629
116.0,seguindo,normal,10.4753,5.6712,-1.7695,-2.2899,-0.5203,0.5,8.5016,560.9038,0.37,10.2073,5.365,0.0681
116.05,seguindo,normal,10.4747,5.6556,-1.8039,-2.3149,-0.511,0.5,8.5011,560.9038,0.37,10.2073,5.365,0.0759
116.1,seguindo,normal,10.4742,5.6451,-1.8286,-2.3006,-0.472,0.5,8.5007,43.6066,0.37,10.1786,5.3147,0.081
116.15,seguindo,normal,10.4732,5.6293,-1.8704,-2.3234,-0.453,0.5,8.4999,43.6066,0.37,10.1786,5.3147,0.0885
116.2,seguindo,normal,10.4723,5.6186,-1.9001,-2.3391,-0.439,0.5,8.4991,43.6066,0.37,10.1786,5.3147,0.0934
116.25,seguindo,normal,10.4703,5.6026,-1.9442,-2.3651,-0.421,0.5,8.4893,43.6066,0.37,10.1821,5.3195,0.0934
116.3,seguindo,normal,10.4684,5.5919,-1.9726,-2.3812,-0.4085,0.5,8.4878,43.6066,0.37,10.1821,5.3195,0.0975
116.351,seguindo,normal,10.4649,5.5758,-2.0143,-2.3627,-0.3484,0.5,8.4848,8.9081,0.37,10.1547,5.2697,0.1032
116.4,seguindo,normal,10.4621,5.5651,-2.041,-2.3759,-0.3349,0.5,8.4823,8.9081,0.37,10.1547,5.2697,0.1065
116.45,seguindo,normal,10.4571,5.549,-2.0803,-2.3957,-0.3155,0.5,8.4779,8.9081,0.37,10.1547,5.2697,0.111
116.5,seguindo,normal,10.4534,5.5384,-2.1059,-2.4089,-0.303,0.5,8.4746,8.9081,0.37,10.1547,5.2697,0.1135
116.551,seguindo,normal,10.4473,5.5226,-2.1438,-2.4069,-0.2631,0.5,8.4739,3.9863,0.37,10.1236,5.2302,0.1251
116.6,seguindo,normal,10.4403,5.5069,-2.1802,-2.4236,-0.2433,0.5,8.4677,3.9863,0.37,10.1236,5.2302,0.1277
116.65,seguindo,normal,10.4352,5.4965,-2.2039,-2.4345,-0.2306,0.5,8.4632,3.9863,0.37,10.1236,5.2302,0.1291
116.701,seguindo,normal,10.4271,5.4811,-2.2388,-2.3963,-0.1574,0.5,8.4559,2.4139,0.37,10.1014,5.1805,0.1306
116.75,seguindo,normal,10.4213,5.471,-2.2615,-2.4044,-0.1428,0.5,8.4506,2.4139,0.37,10.1014,5.1805,0.1313
116.8,seguindo,normal,10.4152,5.4609,-2.2838,-2.4123,-0.1284,0.5,8.4451,2.4139,0.37,10.1014,5.1805,0.1316
116.852,seguindo,normal,10.4056,5.4461,-2.3166,-2.4237,-0.1071,0.5,8.4362,2.4139,0.37,10.1014,5.1805,0.1316
116.905,seguindo,normal,10.395,5.4314,-2.3466,-2.3757,-0.0291,0.5,8.4265,1.7221,0.37,10.0822,5.1307,0.1307
116.95,seguindo,normal,10.3875,5.4218,-2.3654,-2.3962,-0.0308,0.5,8.428,1.7221,0.37,10.0716,5.1302,0.1355
117.0,seguindo,normal,10.3797,5.4122,-2.3836,-2.4004,-0.0168,0.5,8.4209,1.7221,0.37,10.0716,5.1302,0.1343
117.05,seguindo,normal,10.3676,5.3981,-2.4102,-2.406,0.0042,0.5,8.4098,1.7221,0.37,10.0716,5.1302,0.132
117.1,seguindo,normal,10.3591,5.3888,-2.4266,-2.409,0.0176,0.5,8.4019,1.7221,0.37,10.0716,5.1302,0.13
117.15,seguindo,normal,10.3456,5.375,-2.4487,-2.349,0.0997,0.5,8.3895,1.3575,0.37,10.0553,5.0805,0.1263
117.204,seguindo,normal,10.3313,5.3614,-2.4675,-2.3474,0.1201,0.5,8.3762,1.3575,0.37,10.0553,5.0805,0.1218
117.251,seguindo,normal,10.3214,5.3524,-2.4786,-2.3453,0.1332,0.5,8.367,1.3575,0.37,10.0553,5.0805,0.1183
117.3,seguindo,normal,10.3112,5.3435,-2.4887,-2.3425,0.1462,0.5,8.3575,1.3575,0.37,10.0553,5.0805,0.1146
117.351,seguindo,normal,10.2971,5.3316,-2.5003,-2.2736,0.2267,0.5,8.3443,1.1456,0.37,10.0422,5.0307,0.1091
117.4,seguindo,normal,10.2881,5.3243,-2.5073,-2.2681,0.2391,0.5,8.336,1.1456,0.37,10.0422,5.0307,0.1055
117.45,seguindo,normal,10.2743,5.3138,-2.5108,-2.2576,0.2532,0.5,8.3231,1.1456,0.37,10.0422,5.0307,0.0992
117.5,seguindo,normal,10.265,5.3071,-2.5105,-2.2494,0.2611,0.5,8.3143,1.1456,0.37,10.0422,5.0307,0.0948
117.552,seguindo,normal,10.2509,5.2971,-2.5067,-2.1764,0.3303,0.5,8.3011,1.0244,0.37,10.032,4.9809,0.0879
117.6,seguindo,normal,10.2415,5.2905,-2.503,-2.1658,0.3372,0.5,8.2923,1.0244,0.37,10.032,4.9809,0.0833
117.65,seguindo,normal,10.2275,5.2807,-2.4968,-2.1487,0.3481,0.5,8.2791,1.0244,0.37,10.032,4.9809,0.0761
117.7,seguindo,normal,10.2181,5.2741,-2.4926,-2.1366,0.3559,0.5,8.2704,1.0244,0.37,10.032,4.9809,0.0712
117.75,seguindo,normal,10.2042,5.264,-2.4866,-2.0225,0.4642,0.5,8.2573,0.9714,0.37,10.0184,4.8811,0.064
117.8,seguindo,normal,10.1949,5.2572,-2.483,-2.0095,0.4735,0.5,8.2487,0.9714,0.37,10.0184,4.8811,0.0593
117.85,seguindo,normal,10.181,5.2469,-2.4788,-1.989,0.4898,0.5,8.2357,0.9714,0.37,10.0184,4.8811,0.0519
117.9,seguindo,normal,10.1718,5.2398,-2.4769,-1.9747,0.5022,0.5,8.2271,0.9714,0.37,10.0184,4.8811,0.0469
117.95,seguindo,normal,10.1579,5.2292,-2.4742,-1.9173,0.5569,0.5,8.2143,0.9808,0.37,10.0142,4.8312,0.0395
118.0,seguindo,normal,10.1487,5.2221,-2.4725,-1.9022,0.5703,0.5,8.2058,0.9808,0.37,10.0142,4.8312,0.0345
118.05,seguindo,normal,10.1366,5.2134,-2.4641,-1.8623,0.6018,0.5,8.1891,0.9808,0.37,10.0219,4.8312,0.0228
118.1,seguindo,normal,10.1292,5.2084,-2.4545,-1.8478,0.6067,0.5,8.1822,0.9808,0.37,10.0219,4.8312,0.0181
118.151,seguindo,normal,10.1178,5.201,-2.4347,-1.8245,0.6102,0.5,8.1715,0.9808,0.37,10.0219,4.8312,0.0107
118.2,seguindo,normal,10.1065,5.1938,-2.4097,-1.7797,0.63,0.5,8.1609,1.063,0.37,10.0191,4.7812,0.0034
118.25,seguindo,normal,10.099,5.1893,-2.3885,-1.7643,0.6241,0.5,8.1539,1.063,0.37,10.0191,4.7812,-0.0016
118.3,seguindo,normal,10.0917,5.1849,-2.3649,-1.7489,0.616,0.5,8.147,1.063,0.37,10.0191,4.7812,-0.0065
118.35,seguindo,normal,10.0806,5.1781,-2.3262,-1.7247,0.6015,0.5,8.1366,1.063,0.37,10.0191,4.7812,-0.0143
118.4,seguindo,normal,10.0733,5.1737,-2.2967,-1.7082,0.5885,0.5,8.1297,1.063,0.37,10.0191,4.7812,-0.0195
118.45,seguindo,normal,10.0627,5.167,-2.2503,-1.6833,0.5669,0.5,8.1197,1.063,0.37,10.0191,4.7812,-0.0271
118.5,seguindo,normal,10.0558,5.1626,-2.2177,-1.6607,0.5571,0.5,8.1133,1.2325,0.37,10.017,4.7312,-0.0318
118.553,seguindo,normal,10.0461,5.1557,-2.1704,-1.6394,0.5311,0.5,8.1043,1.2325,0.37,10.017,4.7312,-0.0384
118.601,seguindo,normal,10.0367,5.1487,-2.1254,-1.618,0.5075,0.5,8.0956,1.2325,0.37,10.017,4.7312,-0.0447
118.65,seguindo,normal,10.0305,5.1438,-2.0955,-1.6037,0.4918,0.5,8.09,1.2325,0.37,10.017,4.7312,-0.0489
118.7,seguindo,normal,10.0245,5.1387,-2.0654,-1.5893,0.476,0.5,8.0845,1.2325,0.37,10.017,4.7312,-0.053
118.75,seguindo,normal,10.0159,5.1309,-2.0198,-1.5682,0.4516,0.5,8.0767,1.2325,0.37,10.017,4.7312,-0.0588
118.8,seguindo,normal,10.0104,5.1255,-1.9892,-1.5542,0.4349,0.5,8.0718,1.2325,0.37,10.017,4.7312,-0.0624
118.85,seguindo,normal,10.0026,5.1172,-1.943,-1.5414,0.4016,0.5,8.0648,1.5191,0.37,10.0154,4.6812,-0.0673
118.9,seguindo,normal,9.9976,5.1115,-1.9121,-1.5295,0.3826,0.5,8.0604,1.5191,0.37,10.0154,4.6812,-0.0703
118.951,seguindo,normal,9.9905,5.1027,-1.8657,-1.4833,0.3824,0.5,8.0455,1.5191,0.37,10.0274,4.6821,-0.0828
119.0,seguindo,normal,9.986,5.0966,-1.8348,-1.4713,0.3635,0.5,8.0416,1.5191,0.37,10.0274,4.6821,-0.0857
119.051,seguindo,normal,9.9797,5.0872,-1.7885,-1.4535,0.335,0.5,8.0362,1.5191,0.37,10.0274,4.6821,-0.0896
119.1,seguindo,normal,9.9757,5.0808,-1.7578,-1.4418,0.316,0.5,8.0328,1.5191,0.37,10.0274,4.6821,-0.0919
119.16,seguindo,normal,9.9701,5.0709,-1.712,-1.4428,0.2692,0.5,8.0282,1.9764,0.37,10.0265,4.6321,-0.095
119.2,seguindo,normal,9.9666,5.0642,-1.6816,-1.4329,0.2487,0.5,8.0254,1.9764,0.37,10.0265,4.6321,-0.0967
119.251,seguindo,normal,9.9618,5.0538,-1.6365,-1.4185,0.218,0.5,8.0218,1.9764,0.37,10.0265,4.6321,-0.0988
119.3,seguindo,normal,9.959,5.0467,-1.6067,-1.4092,0.1975,0.5,8.0196,1.9764,0.37,10.0265,4.6321,-0.1003
119.35,seguindo,normal,9.9554,5.0354,-1.565,-1.3521,0.2129,0.5,8.001,1.9764,0.37,10.0453,4.631,-0.1178
119.4,seguindo,normal,9.9534,5.0276,-1.5387,-1.3431,0.1956,0.5,7.9998,1.9764,0.37,10.0453,4.631,-0.1184
119.45,seguindo,normal,9.9509,5.0156,-1.5005,-1.3577,0.1428,0.5,7.9985,2.6985,0.37,10.0449,4.581,-0.1187
119.5,seguindo,normal,9.9495,5.0075,-1.4757,-1.3507,0.125,0.5,7.998,2.6985,0.37,10.0449,4.581,-0.1185
119.55,seguindo,normal,9.9481,4.9949,-1.4407,-1.341,0.0998,0.5,7.9978,2.6985,0.37,10.0449,4.581,-0.1179
119.6,seguindo,normal,9.9474,4.9863,-1.4185,-1.3348,0.0837,0.5,7.9981,2.6985,0.37,10.0449,4.581,-0.1173
119.651,seguindo,normal,9.9472,4.973,-1.3884,-1.3266,0.0618,0.5,7.9993,2.6985,0.37,10.0449,4.581,-0.1158
119.701,seguindo,normal,9.9477,4.9592,-1.3611,-1.3482,0.013,0.5,8.0012,3.8568,0.37,10.0446,4.531,-0.1135
119.75,seguindo,normal,9.9484,4.9498,-1.3451,-1.3469,-0.0018,0.5,8.0026,3.8568,0.37,10.0431,4.5341,-0.1118
119.8,seguindo,normal,9.9494,4.9402,-1.3299,-1.3441,-0.0142,0.5,8.0047,3.8568,0.37,10.0431,4.5341,-0.1097
119.85,seguindo,normal,9.9514,4.9258,-1.3087,-1.3407,-0.032,0.5,8.0083,3.8568,0.37,10.0431,4.5341,-0.1063
119.9,seguindo,normal,9.9529,4.9161,-1.2949,-1.3661,-0.0712,0.5,8.0109,5.7994,0.37,10.0426,4.4841,-0.1038
119.95,seguindo,normal,9.9557,4.9013,-1.2766,-1.3654,-0.0888,0.5,8.0155,5.7994,0.37,10.0426,4.4841,-0.0996
120.001,seguindo,normal,9.9591,4.8861,-1.2613,-1.366,-0.1047,0.5,8.0207,5.7994,0.37,10.0426,4.4841,-0.0948
120.05,seguindo,normal,9.9622,4.8747,-1.2547,-1.3679,-0.1132,0.5,8.0252,5.7994,0.37,10.0426,4.4841,-0.0909
120.101,seguindo,normal,9.9672,4.8574,-1.2462,-1.3961,-0.1499,0.5,8.0324,9.4017,0.37,10.0419,4.4341,-0.0847
120.15,seguindo,normal,9.9711,4.846,-1.2463,-1.4004,-0.1541,0.5,8.0376,9.4017,0.37,10.0419,4.4341,-0.08
120.2,seguindo,normal,9.9749,4.8347,-1.2465,-1.4049,-0.1584,0.5,8.0428,9.4017,0.37,10.0419,4.4341,-0.0755
120.251,seguindo,normal,9.9806,4.8177,-1.2467,-1.4122,-0.1655,0.5,8.0507,9.4017,0.37,10.0419,4.4341,-0.069
120.3,seguindo,normal,9.9844,4.8065,-1.2467,-1.4372,-0.1905,0.5,8.0559,17.9849,0.37,10.0412,4.3841,-0.0646
120.35,seguindo,normal,9.9901,4.7895,-1.2466,-1.4454,-0.1988,0.5,8.0638,17.9849,0.37,10.0412,4.3841,-0.0581
120.401,seguindo,normal,9.9957,4.7727,-1.2463,-1.4544,-0.2081,0.5,8.0717,17.9849,0.37,10.0412,4.3841,-0.0519
120.45,seguindo,normal,9.9994,4.7615,-1.2454,-1.4606,-0.2152,0.5,8.0769,17.9849,0.37,10.0412,4.3841,-0.0478
120.5,seguindo,normal,10.0031,4.7503,-1.2445,-1.4821,-0.2376,0.5,8.0821,70.3474,0.37,10.0401,4.3341,-0.0437
120.55,seguindo,normal,10.0085,4.7337,-1.2421,-1.4919,-0.2498,0.5,8.0898,70.3474,0.37,10.0401,4.3341,-0.0378
120.6,seguindo,normal,10.0121,4.7227,-1.2403,-1.499,-0.2587,0.5,8.0949,70.3474,0.37,10.0401,4.3341,-0.0339
120.651,seguindo,normal,10.0176,4.7062,-1.2373,-1.5209,-0.2837,0.5,8.1026,42.5604,0.37,10.0386,4.2842,-0.0281
120.7,seguindo,normal,10.0212,4.6952,-1.2352,-1.5284,-0.2933,0.5,8.1078,42.5604,0.37,10.0386,4.2842,-0.0242
120.751,seguindo,normal,10.0267,4.6787,-1.2321,-1.5406,-0.3085,0.5,8.1157,42.5604,0.37,10.0386,4.2842,-0.0183
120.8,seguindo,normal,10.0304,4.6677,-1.2301,-1.5494,-0.3194,0.5,8.1209,42.5604,0.37,10.0386,4.2842,-0.0144
120.85,seguindo,normal,10.036,4.6512,-1.2272,-1.5815,-0.3543,0.5,8.1325,15.9582,0.37,10.0316,4.2328,-0.0048
120.9,seguindo,normal,10.0398,4.6403,-1.2253,-1.591,-0.3658,0.5,8.1379,15.9582,0.37,10.0316,4.2328,-0.0008
120.95,seguindo,normal,10.0455,4.6238,-1.2225,-1.6065,-0.384,0.5,8.1461,15.9582,0.37,10.0316,4.2328,0.0052
121.0,seguindo,normal,10.0494,4.6129,-1.2206,-1.6175,-0.397,0.5,8.1516,15.9582,0.37,10.0316,4.2328,0.0092
121.05,seguindo,normal,10.0551,4.5964,-1.2177,-1.6349,-0.4172,0.5,8.1599,9.2947,0.37,10.0286,4.1829,0.0153
121.1,seguindo,normal,10.059,4.5855,-1.2157,-1.6462,-0.4305,0.5,8.1654,9.2947,0.37,10.0286,4.1829,0.0193
121.151,seguindo,normal,10.0654,4.5687,-1.2177,-1.6659,-0.4483,0.5,8.1745,9.2947,0.37,10.0286,4.1829,0.026
121.201,seguindo,normal,10.0721,4.5515,-1.2224,-1.6838,-0.4613,0.5,8.1839,6.1985,0.37,10.0246,4.1331,0.0329
121.25,seguindo,normal,10.0768,4.5403,-1.2306,-1.6983,-0.4677,0.5,8.1904,6.1985,0.37,10.0246,4.1331,0.0378
121.3,seguindo,normal,10.0815,4.529,-1.2389,-1.7134,-0.4746,0.5,8.1968,6.1985,0.37,10.0246,4.1331,0.0426
121.351,seguindo,normal,10.0886,4.5124,-1.2563,-1.7378,-0.4815,0.5,8.2066,6.1985,0.37,10.0246,4.1331,0.0499
121.4,seguindo,normal,10.0932,4.5013,-1.2698,-1.7456,-0.4758,0.5,8.2131,4.4433,0.37,10.0194,4.0834,0.0547
121.45,seguindo,normal,10.1003,4.4848,-1.295,-1.7695,-0.4745,0.5,8.2228,4.4433,0.37,10.0194,4.0834,0.062
121.501,seguindo,normal,10.1071,4.4683,-1.3229,-1.7947,-0.4718,0.5,8.2323,4.4433,0.37,10.0194,4.0834,0.069
121.55,seguindo,normal,10.1115,4.4573,-1.3443,-1.8123,-0.468,0.5,8.2386,4.4433,0.37,10.0194,4.0834,0.0736
121.6,seguindo,normal,10.1158,4.4462,-1.3657,-1.8153,-0.4496,0.5,8.2447,3.3631,0.37,10.0129,4.0339,0.078
121.65,seguindo,normal,10.1217,4.4295,-1.3984,-1.8391,-0.4408,0.5,8.2535,3.3631,0.37,10.0129,4.0339,0.0842
121.7,seguindo,normal,10.1253,4.4183,-1.4203,-1.8553,-0.435,0.5,8.2591,3.3631,0.37,10.0129,4.0339,0.088
121.75,seguindo,normal,10.1303,4.4013,-1.4535,-1.8632,-0.4098,0.5,8.267,2.6746,0.37,10.0049,3.9847,0.0934
121.8,seguindo,normal,10.1333,4.39,-1.4757,-1.8778,-0.4021,0.5,8.272,2.6746,0.37,10.0049,3.9847,0.0966
121.851,seguindo,normal,10.1374,4.3729,-1.5094,-1.9279,-0.4185,0.5,8.2828,2.6746,0.37,9.9942,3.989,0.1045
121.9,seguindo,normal,10.1399,4.3615,-1.5319,-1.9435,-0.4116,0.5,8.2875,2.6746,0.37,9.9942,3.989,0.1074
121.95,seguindo,normal,10.143,4.3443,-1.5662,-1.9465,-0.3803,0.5,8.2942,2.2295,0.37,9.9838,3.9404,0.1113
122.0,seguindo,normal,10.1448,4.3328,-1.5892,-1.9604,-0.3711,0.5,8.2983,2.2295,0.37,9.9838,3.9404,0.1136
122.05,seguindo,normal,10.147,4.3154,-1.6236,-1.9814,-0.3578,0.5,8.304,2.2295,0.37,9.9838,3.9404,0.1167
122.1,seguindo,normal,10.1481,4.3038,-1.646,-1.9761,-0.3301,0.5,8.3075,1.9367,0.37,9.9718,3.8927,0.1184
122.15,seguindo,normal,10.1492,4.2862,-1.6793,-1.9945,-0.3152,0.5,8.3123,1.9367,0.37,9.9718,3.8927,0.1204
122.2,seguindo,normal,10.1496,4.2744,-1.7013,-2.0068,-0.3055,0.5,8.3152,1.9367,0.37,9.9718,3.8927,0.1214
122.252,seguindo,normal,10.1497,4.2567,-1.7341,-2.0255,-0.2914,0.5,8.3191,1.9367,0.37,9.9718,3.8927,0.1226
122.3,seguindo,normal,10.1494,4.2448,-1.7553,-2.0183,-0.263,0.5,8.3213,1.7285,0.37,9.958,3.8461,0.123
122.352,seguindo,normal,10.1484,4.227,-1.7871,-2.0344,-0.2472,0.5,8.3242,1.7285,0.37,9.958,3.8461,0.1232
122.4,seguindo,normal,10.1475,4.2152,-1.8085,-2.0451,-0.2366,0.5,8.3259,1.7285,0.37,9.958,3.8461,0.1232
122.45,seguindo,normal,10.1455,4.1974,-1.8401,-2.041,-0.2009,0.5,8.3248,1.5462,0.37,9.9441,3.801,0.1195
122.5,seguindo,normal,10.1438,4.1855,-1.8604,-2.0499,-0.1896,0.5,8.3258,1.5462,0.37,9.9441,3.801,0.1188
122.55,seguindo,normal,10.1408,4.1676,-1.8901,-2.0632,-0.1731,0.5,8.3269,1.5462,0.37,9.9441,3.801,0.1173
122.6,seguindo,normal,10.1383,4.1556,-1.909,-2.0719,-0.1628,0.5,8.3272,1.5462,0.37,9.9441,3.801,0.1161
122.65,seguindo,normal,10.1341,4.1377,-1.9368,-2.0735,-0.1367,0.5,8.3273,1.3442,0.37,9.9255,3.7583,0.1137
122.7,seguindo,normal,10.1293,4.1198,-1.9636,-2.0842,-0.1206,0.5,8.3268,1.3442,0.37,9.9255,3.7583,0.1109
122.75,seguindo,normal,10.1258,4.1078,-1.981,-2.0911,-0.1101,0.5,8.3262,1.3442,0.37,9.9255,3.7583,0.1089
122.802,seguindo,normal,10.1199,4.0898,-2.0054,-2.0976,-0.0922,0.5,8.3247,1.1114,0.37,9.9039,3.7185,0.1053
122.85,seguindo,normal,10.1156,4.0779,-2.0209,-2.1032,-0.0823,0.5,8.3234,1.1114,0.37,9.9039,3.7185,0.1026
122.9,seguindo,normal,10.1111,4.0659,-2.036,-2.1086,-0.0725,0.5,8.3219,1.1114,0.37,9.9039,3.7185,0.0998
122.95,seguindo,normal,10.1039,4.048,-2.0582,-2.1163,-0.0581,0.5,8.3192,1.1114,0.37,9.9039,3.7185,0.0954
123.0,seguindo,normal,10.0987,4.0361,-2.0716,-2.127,-0.0554,0.5,8.3171,0.8752,0.37,9.8788,3.6824,0.0921
123.05,seguindo,normal,10.0905,4.0182,-2.0907,-2.1332,-0.0425,0.5,8.3135,0.8752,0.37,9.8788,3.6824,0.0868
123.1,seguindo,normal,10.0847,4.0062,-2.1025,-2.137,-0.0345,0.5,8.3108,0.8752,0.37,9.8788,3.6824,0.0833
123.15,seguindo,normal,10.0756,3.9884,-2.1194,-2.1598,-0.0404,0.5,8.3064,0.6718,0.37,9.85,3.6508,0.0776
123.2,seguindo,normal,10.0692,3.9765,-2.1294,-2.1631,-0.0337,0.5,8.3032,0.6718,0.37,9.85,3.6508,0.0735
123.25,seguindo,normal,10.0602,3.9605,-2.1408,-2.1669,-0.0262,0.5,8.2986,0.6718,0.37,9.85,3.6508,0.068
123.3,re,,10.0544,3.9506,-2.1476,-2.1476,0.0,0.203,8.2955,inf,,,,0.0
123.351,re,,10.0452,3.9361,-2.1508,-2.1508,0.0,0.203,8.2904,inf,,,,0.0
123.4,re,,10.0358,3.9217,-2.1501,-2.1501,0.0,0.203,8.2849,inf,,,,0.0
123.45,re,,10.0293,3.9123,-2.1461,-2.1461,0.0,0.203,8.2811,inf,,,,0.0
123.5,re,,10.0228,3.9029,-2.142,-2.142,0.0,0.203,8.2773,inf,,,,0.0
123.55,re,,10.0131,3.8888,-2.1354,-2.1354,0.0,0.203,8.2663,inf,,,,0.0
123.6,re,,10.0067,3.8793,-2.131,-2.131,0.0,0.203,8.2625,inf,,,,0.0
123.65,re,,9.9972,3.865,-2.1249,-2.1249,0.0,0.203,8.257,inf,,,,0.0
123.7,re,,9.991,3.8554,-2.1212,-2.1212,0.0,0.203,8.2533,inf,,,,0.0
123.75,re,,9.9823,3.8427,-2.1106,-2.1106,0.0,0.203,8.2482,inf,,,,0.0
123.8,re,,9.9768,3.835,-2.1018,-2.1018,0.0,0.203,8.2449,inf,,,,0.0
123.85,re,,9.9684,3.8232,-2.0845,-2.0845,0.0,0.203,8.2398,inf,,,,0.0
123.9,re,,9.9627,3.8154,-2.0713,-2.0713,0.0,0.203,8.2365,inf,,,,0.0
123.95,re,,9.9544,3.8034,-2.0502,-2.0502,0.0,0.203,8.2316,inf,,,,0.0
124.0,re,,9.949,3.7954,-2.0356,-2.0356,0.0,0.203,8.2285,inf,,,,0.0
124.1,seguindo,normal,9.9359,3.775,-1.9996,-2.7558,-0.7562,0.5,8.2213,0.9848,0.37,9.577,3.6292,0.0202
124.15,seguindo,normal,9.9284,3.7624,-1.9783,-2.7792,-0.8009,0.5,8.2175,0.9848,0.37,9.577,3.6292,0.0266
124.2,seguindo,normal,9.9236,3.7539,-1.9644,-2.7961,-0.8317,0.5,8.2151,0.9848,0.37,9.577,3.6292,0.0311
124.251,seguindo,normal,9.9165,3.741,-1.9437,-2.8421,-0.8984,0.5,8.2118,0.8185,0.37,9.5269,3.6207,0.0381
124.3,seguindo,normal,9.912,3.7323,-1.93,-2.8595,-0.9295,0.5,8.2098,0.8185,0.37,9.5269,3.6207,0.0429
124.35,seguindo,normal,9.9054,3.7192,-1.9094,-2.8803,-0.9709,0.5,8.2094,0.8185,0.37,9.523,3.6169,0.0485
124.4,seguindo,normal,9.9012,3.7103,-1.8957,-2.8994,-1.0037,0.5,8.2078,0.8185,0.37,9.523,3.6169,0.0537
124.45,seguindo,normal,9.8951,3.6969,-1.8751,-2.9297,-1.0546,0.5,8.2056,0.8185,0.37,9.523,3.6169,0.0618
124.5,seguindo,normal,9.8911,3.6879,-1.8614,-2.9509,-1.0895,0.5,8.2043,0.8185,0.37,9.523,3.6169,0.0674
124.55,seguindo,normal,9.8855,3.6744,-1.8408,-2.9898,-1.149,0.5,8.2027,0.769,0.37,9.4729,3.6113,0.076
124.6,seguindo,normal,9.8819,3.6653,-1.827,-3.0103,-1.1833,0.5,8.2018,0.769,0.37,9.4729,3.6113,0.0818
124.65,seguindo,normal,9.8767,3.6515,-1.8065,-3.0423,-1.2358,0.5,8.2008,0.769,0.37,9.4729,3.6113,0.0908
124.7,seguindo,normal,9.8734,3.6423,-1.7927,-3.0643,-1.2716,0.5,8.2002,0.769,0.37,9.4729,3.6113,0.097
124.75,seguindo,normal,9.8696,3.6311,-1.7754,-3.0916,-1.3162,0.5,8.1998,0.769,0.37,9.4729,3.6113,0.1048
124.8,seguindo,normal,9.8665,3.622,-1.7613,-3.1142,-1.353,0.5,8.1995,0.769,0.37,9.4729,3.6113,0.1112
124.85,seguindo,normal,9.8655,3.6186,-1.7565,-3.123,-1.3664,0.5,8.1995,0.769,0.37,9.4729,3.6113,0.1137
124.9,seguindo,normal,9.8645,3.6154,-1.7527,-3.1311,-1.3783,0.5,8.1995,0.769,0.37,9.4729,3.6113,0.1161
124.95,seguindo,normal,9.863,3.6076,-1.752,3.1323,-1.3989,0.5,8.2003,0.769,0.37,9.4729,3.6113,0.1221
125.0,seguindo,normal,9.8619,3.601,-1.7542,3.1321,-1.3969,0.5,8.2012,0.7993,0.37,9.3727,3.6057,0.1273
125.05,seguindo,normal,9.8604,3.5897,-1.7622,3.1088,-1.4122,0.5,8.2031,0.7993,0.37,9.3727,3.6057,0.1365
125.1,seguindo,normal,9.8595,3.5814,-1.7701,3.0919,-1.4212,0.5,8.2046,0.7993,0.37,9.3727,3.6057,0.1432
125.151,seguindo,normal,9.8583,3.5692,-1.787,3.0665,-1.4296,0.5,8.207,0.7993,0.37,9.3727,3.6057,0.1533
125.2,seguindo,normal,9.8576,3.561,-1.8002,3.0497,-1.4333,0.5,8.2087,0.7993,0.37,9.3727,3.6057,0.16
125.251,seguindo,normal,9.8566,3.5489,-1.8248,3.0248,-1.4336,0.5,8.2115,0.7993,0.37,9.3727,3.6057,0.1701
125.3,seguindo,normal,9.856,3.5409,-1.8427,3.0084,-1.4321,0.5,8.2132,0.7993,0.37,9.3727,3.6057,0.1769
125.351,seguindo,normal,9.8552,3.5291,-1.8737,2.9841,-1.4253,0.5,8.216,0.7993,0.37,9.3727,3.6057,0.1871
125.401,seguindo,normal,9.8541,3.5173,-1.9072,2.9601,-1.4159,0.5,8.2185,0.7993,0.37,9.3727,3.6057,0.1972
125.451,seguindo,normal,9.8536,3.5093,-1.9345,2.9437,-1.405,0.5,8.2204,0.7993,0.37,9.3727,3.6057,0.2042
125.5,seguindo,normal,9.8528,3.5012,-1.962,2.9273,-1.3939,0.5,8.2221,0.7993,0.37,9.3727,3.6057,0.2111
125.55,seguindo,normal,9.8529,3.4911,-2.0121,2.9074,-1.3637,0.5,8.2252,0.7993,0.37,9.3727,3.6057,0.2202
125.6,seguindo,normal,9.8537,3.4861,-2.0483,2.8978,-1.337,0.5,8.2276,0.7993,0.37,9.3727,3.6057,0.2251
125.65,seguindo,normal,9.8559,3.4799,-2.1082,2.887,-1.288,0.5,8.2315,0.7993,0.37,9.3727,3.6057,0.2316
125.7,seguindo,normal,9.8581,3.4769,-2.149,2.8822,-1.2519,0.5,8.2345,0.7993,0.37,9.3727,3.6057,0.2353
125.752,seguindo,normal,9.861,3.4721,-2.2115,2.8916,-1.1801,0.5,8.23,0.7993,0.37,9.3787,3.5952,0.2301
125.801,seguindo,normal,9.8636,3.467,-2.2758,2.883,-1.1244,0.5,8.234,0.7993,0.37,9.3787,3.5952,0.2359
125.851,seguindo,normal,9.8654,3.4632,-2.3237,2.8767,-1.0828,0.5,8.2369,0.7993,0.37,9.3787,3.5952,0.2401
125.9,seguindo,normal,9.8671,3.4593,-2.3718,2.8701,-1.0413,0.5,8.2397,0.7993,0.37,9.3787,3.5952,0.2443
125.95,seguindo,normal,9.8695,3.453,-2.4488,2.8596,-0.9748,0.5,8.2438,0.7993,0.37,9.3787,3.5952,0.251
126.0,seguindo,normal,9.8709,3.4486,-2.5019,2.8521,-0.9291,0.5,8.2465,0.7993,0.37,9.3787,3.5952,0.2556
126.05,seguindo,normal,9.8728,3.4416,-2.5867,2.8413,-0.8553,0.5,8.2562,0.7993,0.37,9.3731,3.5963,0.2665
126.1,seguindo,normal,9.8738,3.4367,-2.645,2.8329,-0.8053,0.5,8.2586,0.7993,0.37,9.3731,3.5963,0.2713
126.15,seguindo,normal,9.8749,3.4289,-2.7374,2.8194,-0.7263,0.5,8.2621,0.7993,0.37,9.3731,3.5963,0.2788
126.2,seguindo,normal,9.8753,3.4235,-2.8009,2.81,-0.6723,0.5,8.2641,0.7993,0.37,9.3731,3.5963,0.2838
126.251,seguindo,normal,9.8753,3.415,-2.901,2.8262,-0.556,0.5,8.2667,0.9072,0.37,9.3231,3.5951,0.2915
126.301,seguindo,normal,9.8746,3.4063,-3.0039,2.8116,-0.4676,0.5,8.2686,0.9072,0.37,9.3231,3.5951,0.2989
126.35,seguindo,normal,9.8755,3.4004,-3.0774,2.8027,-0.4031,0.5,8.2713,0.9072,0.37,9.3231,3.5951,0.3046
126.4,seguindo,normal,9.8768,3.3947,3.1348,2.7943,-0.3406,0.5,8.2743,0.9072,0.37,9.3231,3.5951,0.3102
126.451,seguindo,normal,9.8784,3.3865,3.0352,2.7823,-0.2529,0.5,8.2784,0.9072,0.37,9.3231,3.5951,0.3183
126.5,seguindo,normal,9.8793,3.3814,2.9732,2.7747,-0.1985,0.5,8.2809,0.9072,0.37,9.3231,3.5951,0.3233
126.55,seguindo,normal,9.8805,3.374,2.8865,2.7639,-0.1225,0.5,8.2842,0.9072,0.37,9.3231,3.5951,0.3304
126.6,seguindo,normal,9.8809,3.3694,2.8323,2.757,-0.0753,0.5,8.2861,0.9072,0.37,9.3231,3.5951,0.3348
126.65,seguindo,normal,9.8811,3.3626,2.7545,2.7467,-0.0078,0.5,8.2883,0.9072,0.37,9.3231,3.5951,0.341
126.7,seguindo,normal,9.881,3.3584,2.7062,2.7402,0.034,0.5,8.2896,0.9072,0.37,9.3231,3.5951,0.3447
126.75,seguindo,normal,9.8806,3.3522,2.6362,2.7591,0.1229,0.5,8.2769,0.9072,0.37,9.3299,3.5738,0.3373
126.8,seguindo,normal,9.8802,3.3483,2.5931,2.7528,0.1598,0.5,8.2776,0.9072,0.37,9.3299,3.5738,0.3406
126.85,seguindo,normal,9.8794,3.3428,2.5306,2.7437,0.213,0.5,8.2785,0.9072,0.37,9.3299,3.5738,0.3453
126.9,seguindo,normal,9.8786,3.3376,2.4738,2.7352,0.2614,0.5,8.2792,0.9072,0.37,9.3299,3.5738,0.3496
126.95,seguindo,normal,9.878,3.3343,2.438,2.7298,0.2917,0.5,8.2796,0.9072,0.37,9.3299,3.5738,0.3523
127.0,seguindo,normal,9.8774,3.3313,2.4051,2.7247,0.3195,0.5,8.2799,0.9072,0.37,9.3299,3.5738,0.3548
127.05,seguindo,normal,9.8764,3.3269,2.358,2.6868,0.3288,0.5,8.2672,0.9072,0.37,9.3475,3.5855,0.3608
127.1,seguindo,normal,9.8759,3.3241,2.3302,2.6823,0.3521,0.5,8.2675,0.9072,0.37,9.3475,3.5855,0.3631
127.15,seguindo,normal,9.8751,3.3202,2.2908,2.6757,0.3849,0.5,8.2679,0.9072,0.37,9.3475,3.5855,0.3664
127.201,seguindo,normal,9.8745,3.3166,2.257,2.6699,0.4129,0.5,8.2684,0.9072,0.37,9.3475,3.5855,0.3694
127.25,seguindo,normal,9.8742,3.3143,2.2365,2.6662,0.4297,0.5,8.2688,0.9072,0.37,9.3475,3.5855,0.3714
127.3,seguindo,normal,9.874,3.3122,2.2189,2.6629,0.444,0.5,8.2692,0.9072,0.37,9.3475,3.5855,0.3733
127.351,seguindo,normal,9.8737,3.3093,2.1954,2.6583,0.4629,0.5,8.2698,0.9072,0.37,9.3475,3.5855,0.3758
127.4,seguindo,normal,9.8737,3.3076,2.1831,2.6557,0.4727,0.5,8.2703,0.9072,0.37,9.3475,3.5855,0.3774
127.45,seguindo,normal,9.8737,3.3054,2.1688,2.6526,0.4838,0.5,8.271,0.9072,0.37,9.3475,3.5855,0.3794
127.5,seguindo,normal,9.8739,3.3042,2.1618,2.6509,0.489,0.5,8.2715,0.9072,0.37,9.3475,3.5855,0.3806
127.55,seguindo,normal,9.8743,3.3028,2.1564,2.6335,0.4771,0.5,8.2829,0.9072,0.37,9.341,3.5998,0.3975
127.601,seguindo,normal,9.8748,3.3017,2.1537,2.6322,0.4785,0.5,8.2837,0.9072,0.37,9.341,3.5998,0.3987
127.651,seguindo,normal,9.8753,3.3014,2.1569,2.6322,0.4753,0.5,8.2843,0.9072,0.37,9.341,3.5998,0.3992
127.7,seguindo,normal,9.8757,3.3012,2.1603,2.6323,0.472,0.5,8.2848,0.9072,0.37,9.341,3.5998,0.3996
127.753,seguindo,normal,9.8767,3.3012,2.1703,2.6331,0.4628,0.5,8.2857,0.9072,0.37,9.341,3.5998,0.3999
127.802,seguindo,normal,9.8777,3.3016,2.183,2.6344,0.4514,0.5,8.2865,0.9072,0.37,9.341,3.5998,0.4
127.85,seguindo,normal,9.8779,3.3018,2.1867,2.6349,0.4481,0.5,8.2867,0.9072,0.37,9.341,3.5998,0.3999
127.9,seguindo,normal,9.8782,3.3019,2.19,2.6353,0.4452,0.5,8.2869,0.9072,0.37,9.341,3.5998,0.3999
127.95,seguindo,normal,9.8783,3.302,2.1917,2.6355,0.4438,0.5,8.287,0.9072,0.37,9.341,3.5998,0.3998
128.0,seguindo,normal,9.8783,3.302,2.1917,2.6355,0.4438,0.5,8.287,0.9072,0.37,9.341,3.5998,0.3998
128.054,seguindo,normal,9.8769,3.3046,2.1974,2.6381,0.4407,0.5,8.2849,0.9072,0.37,9.341,3.5998,0.3969
128.1,seguindo,normal,9.8755,3.3075,2.2046,2.6412,0.4366,0.5,8.2827,0.9072,0.37,9.341,3.5998,0.3937
128.15,seguindo,normal,9.8719,3.3144,2.2203,2.6483,0.428,0.5,8.2771,0.9072,0.37,9.341,3.5998,0.3859
128.201,re,,9.8674,3.3231,2.2416,2.2416,0.0,0.203,8.2702,inf,,,,0.0
128.255,re,,9.8626,3.3312,2.2594,2.2594,0.0,0.203,8.2632,inf,,,,0.0
128.3,re,,9.8577,3.3395,2.2787,2.2787,0.0,0.203,8.2561,inf,,,,0.0
128.35,re,,9.8501,3.3515,2.3062,2.3062,0.0,0.203,8.2453,inf,,,,0.0
128.4,re,,9.8448,3.3593,2.3225,2.3225,0.0,0.203,8.2378,inf,,,,0.0
128.45,re,,9.8362,3.3709,2.3448,2.3448,0.0,0.203,8.2262,inf,,,,0.0
128.5,re,,9.8303,3.3785,2.3597,2.3597,0.0,0.203,8.2183,inf,,,,0.0
128.55,re,,9.8215,3.3898,2.3831,2.3831,0.0,0.203,8.2009,inf,,,,0.0
128.604,re,,9.8125,3.4008,2.4072,2.4072,0.0,0.203,8.1892,inf,,,,0.0
128.653,re,,9.805,3.4088,2.4201,2.4201,0.0,0.203,8.1798,inf,,,,0.0
128.7,re,,9.7972,3.4168,2.4314,2.4314,0.0,0.203,8.17,inf,,,,0.0
128.751,re,,9.7858,3.4282,2.4471,2.4471,0.0,0.203,8.1559,inf,,,,0.0
128.8,re,,9.7783,3.4354,2.4567,2.4567,0.0,0.203,8.1466,inf,,,,0.0
128.85,re,,9.7672,3.446,2.4726,2.4726,0.0,0.203,8.1329,inf,,,,0.0
128.9,re,,9.7597,3.453,2.4836,2.4836,0.0,0.203,8.1238,inf,,,,0.0
128.95,re,,9.7484,3.4633,2.5004,2.5004,0.0,0.203,8.1101,inf,,,,0.0
129.05,seguindo,normal,9.7294,3.48,2.5291,2.8962,0.367,0.5,8.0872,1.4454,0.37,9.2475,3.6007,0.1857
129.1,seguindo,normal,9.7217,3.4865,2.541,2.9053,0.3643,0.5,8.078,1.4454,0.37,9.2475,3.6007,0.1769
129.15,seguindo,normal,9.7101,3.4961,2.5596,2.9193,0.3597,0.5,8.0642,1.4454,0.37,9.2475,3.6007,0.164
129.2,seguindo,normal,9.7024,3.5024,2.5723,2.9287,0.3564,0.5,8.0551,1.4454,0.37,9.2475,3.6007,0.1555
129.25,seguindo,normal,9.6906,3.5116,2.5913,2.9089,0.3175,0.5,8.0475,1.4454,0.37,9.2458,3.617,0.1607
129.3,seguindo,normal,9.6827,3.5176,2.604,2.9178,0.3138,0.5,8.0382,1.4454,0.37,9.2458,3.617,0.1527
129.35,seguindo,normal,9.6706,3.5264,2.6231,2.9315,0.3084,0.5,8.0242,1.4454,0.37,9.2458,3.617,0.141
129.4,seguindo,normal,9.6625,3.5322,2.6357,2.9407,0.305,0.5,8.0148,1.4454,0.37,9.2458,3.617,0.1333
129.452,seguindo,normal,9.6502,3.5406,2.6548,2.9784,0.3236,0.5,8.0007,1.9799,0.37,9.1958,3.6154,0.1218
129.501,seguindo,normal,9.6377,3.5488,2.6738,2.992,0.3181,0.5,7.9864,1.9799,0.37,9.1958,3.6154,0.1106
129.55,seguindo,normal,9.6293,3.5541,2.6865,3.0012,0.3147,0.5,7.9769,1.9799,0.37,9.1958,3.6154,0.1032
129.6,seguindo,normal,9.6208,3.5594,2.6992,3.0105,0.3113,0.5,7.9673,1.9799,0.37,9.1958,3.6154,0.0959
129.65,seguindo,normal,9.6106,3.5655,2.7148,3.0218,0.307,0.5,7.9558,1.9799,0.37,9.1958,3.6154,0.0876
129.7,seguindo,normal,9.6048,3.569,2.7247,3.0285,0.3038,0.5,7.9493,1.9799,0.37,9.1958,3.6154,0.083
129.75,seguindo,normal,9.5987,3.5724,2.7337,3.0353,0.3016,0.5,7.9425,1.9799,0.37,9.1958,3.6154,0.0784
129.8,seguindo,normal,9.5956,3.574,2.7368,3.0385,0.3016,0.5,7.9391,1.9799,0.37,9.1958,3.6154,0.0762
129.85,seguindo,normal,9.5937,3.575,2.7388,3.0404,0.3016,0.5,7.937,1.9799,0.37,9.1958,3.6154,0.0748
129.9,seguindo,normal,9.5936,3.5751,2.7388,3.0406,0.3018,0.5,7.9369,1.9799,0.37,9.1958,3.6154,0.0747
129.951,seguindo,normal,9.5907,3.5767,2.7431,3.044,0.3009,0.5,7.9337,1.9799,0.37,9.1958,3.6154,0.0725
130.0,seguindo,normal,9.5877,3.5785,2.7485,3.0477,0.2991,0.5,7.9302,1.9799,0.37,9.1958,3.6154,0.0702
130.05,seguindo,normal,9.5806,3.5826,2.7614,3.0695,0.3082,0.5,7.9223,2.8355,0.37,9.1458,3.614,0.0647
130.1,seguindo,normal,9.5746,3.5859,2.7725,3.0762,0.3037,0.5,7.9157,2.8355,0.37,9.1458,3.614,0.0603
130.15,seguindo,normal,9.5634,3.5921,2.7946,-3.0737,0.4149,0.5,7.9033,837.4878,0.37,9.1469,3.5638,-0.0258
130.201,seguindo,normal,9.5507,3.5987,2.8205,-3.0552,0.4075,0.5,7.8892,837.4878,0.37,9.1469,3.5638,-0.0266
130.25,seguindo,normal,9.5419,3.6028,2.8349,-3.043,0.4053,0.5,7.8796,837.4878,0.37,9.1469,3.5638,-0.0305
130.3,seguindo,normal,9.5328,3.6068,2.8479,-3.0306,0.4047,0.5,7.8698,837.4878,0.37,9.1469,3.5638,-0.0347
130.35,seguindo,normal,9.5189,3.6124,2.8666,-3.0216,0.395,0.5,7.8461,469.6903,0.37,9.1051,3.5625,-0.0432
130.4,seguindo,normal,9.5095,3.616,2.8785,-3.0101,0.3946,0.5,7.8361,469.6903,0.37,9.1051,3.5625,-0.0469
130.45,seguindo,normal,9.4955,3.6212,2.8976,-2.9923,0.3933,0.5,7.8212,469.6903,0.37,9.1051,3.5625,-0.0524
130.5,seguindo,normal,9.4815,3.6262,2.9174,-2.9739,0.3919,0.5,7.8064,469.6903,0.37,9.1051,3.5625,-0.0576
130.55,seguindo,normal,9.4726,3.6295,2.9329,-2.9804,0.3699,0.5,7.7969,267.5437,0.37,9.0551,3.5616,-0.061
130.6,seguindo,normal,9.4636,3.6326,2.9485,-2.9694,0.3652,0.5,7.7874,267.5437,0.37,9.0551,3.5616,-0.0643
130.65,seguindo,normal,9.4508,3.6373,2.9769,-2.9526,0.3537,0.5,7.7738,267.5437,0.37,9.0551,3.5616,-0.0691
130.7,seguindo,normal,9.4385,3.6417,3.0079,-2.9356,0.3397,0.5,7.7607,267.5437,0.37,9.0551,3.5616,-0.0738
130.75,seguindo,normal,9.4302,3.6445,3.029,-2.9241,0.33,0.5,7.752,267.5437,0.37,9.0551,3.5616,-0.0767
130.8,seguindo,normal,9.4176,3.6483,3.0607,-2.9322,0.2902,0.5,7.7389,154.3534,0.37,9.0051,3.5607,-0.0807
130.851,seguindo,normal,9.4091,3.6506,3.0815,-2.9225,0.2792,0.5,7.7301,154.3534,0.37,9.0051,3.5607,-0.0831
130.9,seguindo,normal,9.4006,3.6527,3.1022,-2.9129,0.2682,0.5,7.7213,154.3534,0.37,9.0051,3.5607,-0.0854
130.951,seguindo,normal,9.3876,3.6555,3.133,-2.8984,0.2518,0.5,7.7081,154.3534,0.37,9.0051,3.5607,-0.0884
131.0,seguindo,normal,9.379,3.6572,-3.1297,-2.8889,0.2409,0.5,7.6992,154.3534,0.37,9.0051,3.5607,-0.0902
131.05,seguindo,normal,9.3658,3.6593,-3.0998,-2.9034,0.1964,0.5,7.686,90.1905,0.37,8.9552,3.5596,-0.0925
131.1,seguindo,normal,9.3568,3.6604,-3.0805,-2.8957,0.1848,0.5,7.6771,90.1905,0.37,8.9552,3.5596,-0.0937
131.15,seguindo,normal,9.3433,3.6617,-3.0518,-2.9041,0.1477,0.5,7.6573,90.1905,0.37,8.9638,3.5699,-0.087
131.21,seguindo,normal,9.3298,3.6626,-3.0234,-2.9198,0.1036,0.5,7.644,53.4218,0.37,8.9138,3.5688,-0.088
131.25,seguindo,normal,9.3206,3.663,-3.0053,-2.9142,0.0911,0.5,7.6351,53.4218,0.37,8.9138,3.5688,-0.0884
131.3,seguindo,normal,9.3114,3.663,-2.9879,-2.9089,0.079,0.5,7.6262,53.4218,0.37,8.9138,3.5688,-0.0886
131.35,seguindo,normal,9.2974,3.6628,-2.9624,-2.9013,0.0611,0.5,7.6128,53.4218,0.37,8.9138,3.5688,-0.0886
131.4,seguindo,normal,9.288,3.6624,-2.946,-2.8966,0.0494,0.5,7.6039,53.4218,0.37,8.9138,3.5688,-0.0882
131.45,seguindo,normal,9.2737,3.6614,-2.9222,-2.9165,0.0057,0.5,7.5906,32.1188,0.37,8.8639,3.5675,-0.0874
131.5,seguindo,normal,9.2642,3.6604,-2.9069,-2.9135,-0.0066,0.5,7.5817,32.1188,0.37,8.8639,3.5675,-0.0866
131.55,seguindo,normal,9.2498,3.6587,-2.885,-2.9097,-0.0247,0.5,7.5684,32.1188,0.37,8.8639,3.5675,-0.085
131.6,seguindo,normal,9.24,3.6571,-2.8719,-2.9077,-0.0358,0.5,7.5594,32.1188,0.37,8.8639,3.5675,-0.0836
131.65,seguindo,normal,9.2237,3.6539,-2.8551,-2.9339,-0.0788,0.5,7.5382,19.6331,0.37,8.8185,3.5685,-0.0835
131.7,seguindo,normal,9.2122,3.6512,-2.8457,-2.9344,-0.0887,0.5,7.5279,19.6331,0.37,8.8185,3.5685,-0.0809
131.75,seguindo,normal,9.1949,3.6466,-2.8373,-2.937,-0.0997,0.5,7.5129,19.6331,0.37,8.8185,3.5685,-0.0762
131.8,seguindo,normal,9.1835,3.6432,-2.8341,-2.9592,-0.1251,0.5,7.5029,12.225,0.37,8.7685,3.5667,-0.0728
131.85,seguindo,normal,9.1664,3.6379,-2.8327,-2.9645,-0.1317,0.5,7.4882,12.225,0.37,8.7685,3.5667,-0.0674
131.9,seguindo,normal,9.155,3.6343,-2.8329,-2.9685,-0.1356,0.5,7.4785,12.225,0.37,8.7685,3.5667,-0.0638
131.95,seguindo,normal,9.138,3.6288,-2.8331,-2.9879,-0.1548,0.5,7.4639,7.7725,0.37,8.7185,3.5638,-0.0583
132.0,seguindo,normal,9.1266,3.6252,-2.8332,-2.9924,-0.1592,0.5,7.4542,7.7725,0.37,8.7185,3.5638,-0.0547
132.05,seguindo,normal,9.1097,3.6198,-2.8326,-2.9994,-0.1668,0.5,7.4397,7.7725,0.37,8.7185,3.5638,-0.0493
132.1,seguindo,normal,9.0984,3.6163,-2.832,-3.0044,-0.1724,0.5,7.43,7.7725,0.37,8.7185,3.5638,-0.0457
132.15,seguindo,normal,9.0817,3.6111,-2.8298,-3.0172,-0.1874,0.5,7.4157,5.0605,0.37,8.6685,3.5594,-0.0405
132.2,seguindo,normal,9.0706,3.6077,-2.8281,-3.0222,-0.1942,0.5,7.4062,5.0605,0.37,8.6685,3.5594,-0.0371
132.25,seguindo,normal,9.054,3.6025,-2.8251,-3.0303,-0.2052,0.5,7.392,5.0605,0.37,8.6685,3.5594,-0.0319
132.3,seguindo,normal,9.0429,3.5991,-2.823,-3.0333,-0.2103,0.5,7.3826,3.3866,0.37,8.6185,3.5529,-0.0285
132.351,seguindo,normal,9.0263,3.5938,-2.82,-3.0417,-0.2217,0.5,7.3684,3.3866,0.37,8.6185,3.5529,-0.0232
132.4,seguindo,normal,9.0098,3.5885,-2.817,-3.0508,-0.2339,0.5,7.3544,3.3866,0.37,8.6185,3.5529,-0.018
132.451,seguindo,normal,8.9988,3.585,-2.815,-3.0575,-0.2425,0.5,7.345,3.3866,0.37,8.6185,3.5529,-0.0144
132.5,seguindo,normal,8.9877,3.5814,-2.8129,-3.0516,-0.2387,0.5,7.3357,2.3407,0.37,8.5684,3.5436,-0.0109
132.551,seguindo,normal,8.9712,3.576,-2.8099,-3.0613,-0.2513,0.5,7.3217,2.3407,0.37,8.5684,3.5436,-0.0055
132.603,seguindo,normal,8.9547,3.5706,-2.807,-3.0719,-0.2649,0.5,7.3078,2.3407,0.37,8.5684,3.5436,-0.0002
132.65,seguindo,normal,8.9437,3.5669,-2.8051,-3.0658,-0.2607,0.5,7.2962,1.6811,0.37,8.5213,3.5348,0.0055
132.7,seguindo,normal,8.9327,3.5632,-2.8033,-3.0727,-0.2694,0.5,7.287,1.6811,0.37,8.5213,3.5348,0.0092
132.75,seguindo,normal,8.9162,3.5576,-2.8005,-3.0839,-0.2834,0.5,7.2732,1.6811,0.37,8.5213,3.5348,0.0147
132.8,seguindo,normal,8.9052,3.5538,-2.7987,-3.0921,-0.2933,0.5,7.264,1.6811,0.37,8.5213,3.5348,0.0184
132.85,seguindo,normal,8.8887,3.5481,-2.796,-3.0692,-0.2732,0.5,7.2503,1.2638,0.37,8.4712,3.5179,0.024
132.9,seguindo,normal,8.8777,3.5443,-2.7943,-3.0766,-0.2823,0.5,7.2412,1.2638,0.37,8.4712,3.5179,0.0277
132.95,seguindo,normal,8.8612,3.5386,-2.7916,-3.0886,-0.2969,0.5,7.2275,1.2638,0.37,8.4712,3.5179,0.0332
133.0,seguindo,normal,8.8448,3.5328,-2.789,-3.0557,-0.2667,0.5,7.2139,1.0024,0.37,8.421,3.4963,0.0387
133.05,seguindo,normal,8.8338,3.5289,-2.7872,-3.0628,-0.2755,0.5,7.2049,1.0024,0.37,8.421,3.4963,0.0424
133.1,seguindo,normal,8.8229,3.525,-2.7855,-3.0703,-0.2848,0.5,7.1959,1.0024,0.37,8.421,3.4963,0.0462
133.15,seguindo,normal,8.8065,3.5191,-2.7829,-3.0825,-0.2996,0.5,7.1824,1.0024,0.37,8.421,3.4963,0.0516
133.201,seguindo,normal,8.7901,3.5131,-2.7803,-3.0388,-0.2586,0.5,7.1689,0.8451,0.37,8.3708,3.4699,0.057
133.25,seguindo,normal,8.7787,3.5086,-2.7834,-3.047,-0.2636,0.5,7.1598,0.8451,0.37,8.3708,3.4699,0.0612
133.3,seguindo,normal,8.7673,3.504,-2.7868,-3.0557,-0.2689,0.5,7.1506,0.8451,0.37,8.3708,3.4699,0.0652
133.35,seguindo,normal,8.7502,3.4969,-2.7969,-3.0078,-0.211,0.5,7.1369,0.7617,0.37,8.3206,3.4391,0.0715
133.4,seguindo,normal,8.7388,3.4921,-2.8054,-3.0155,-0.21,0.5,7.1279,0.7617,0.37,8.3206,3.4391,0.0756
133.451,seguindo,normal,8.7217,3.4848,-2.8233,-3.0282,-0.2049,0.5,7.1143,0.7617,0.37,8.3206,3.4391,0.0819
133.5,seguindo,normal,8.7102,3.4799,-2.837,-3.0372,-0.2003,0.5,7.1052,0.7617,0.37,8.3206,3.4391,0.0858
133.55,seguindo,normal,8.6931,3.4727,-2.8616,-3.0301,-0.1684,0.5,7.0866,0.7311,0.37,8.3219,3.4311,0.0813
133.6,seguindo,normal,8.6817,3.468,-2.8795,-3.0394,-0.1599,0.5,7.0776,0.7311,0.37,8.3219,3.4311,0.0851
133.65,seguindo,normal,8.6642,3.4613,-2.9055,-3.0535,-0.148,0.5,7.0636,0.7311,0.37,8.3219,3.4311,0.0896
133.702,seguindo,normal,8.6464,3.4552,-2.9304,-2.9875,-0.0571,0.5,7.0491,0.7534,0.37,8.2714,3.3969,0.0936
133.75,seguindo,normal,8.6344,3.4513,-2.9467,-2.9928,-0.0461,0.5,7.0392,0.7534,0.37,8.2714,3.3969,0.0958
133.8,seguindo,normal,8.6223,3.4477,-2.9631,-2.9979,-0.0349,0.5,7.0292,0.7534,0.37,8.2714,3.3969,0.0973
133.85,seguindo,normal,8.6039,3.4426,-2.9867,-2.9297,0.0569,0.5,7.0139,0.8365,0.37,8.2209,3.3603,0.0991
133.9,seguindo,normal,8.5914,3.4396,-3.0008,-2.9306,0.0702,0.5,7.0033,0.8365,0.37,8.2209,3.3603,0.0998
133.95,seguindo,normal,8.5723,3.4354,-3.0213,-2.9309,0.0904,0.5,6.987,0.8365,0.37,8.2209,3.3603,0.0993
134.0,seguindo,normal,8.5595,3.4328,-3.0347,-2.8647,0.17,0.5,6.976,1.0023,0.37,8.1704,3.3222,0.0987
134.05,seguindo,normal,8.5431,3.4299,-3.0516,-2.8605,0.1911,0.5,6.9618,1.0023,0.37,8.1704,3.3222,0.0971
134.1,seguindo,normal,8.5334,3.4281,-3.0623,-2.8578,0.2046,0.5,6.9534,1.0023,0.37,8.1704,3.3222,0.0957
134.152,seguindo,normal,8.5218,3.4264,-3.0729,-2.866,0.2069,0.5,6.9597,1.0023,0.37,8.153,3.3222,0.0997
134.2,seguindo,normal,8.5153,3.4257,-3.0766,-2.8632,0.2134,0.5,6.9539,1.0023,0.37,8.153,3.3222,0.0983
134.25,seguindo,normal,8.5085,3.425,-3.0801,-2.8074,0.2726,0.5,6.9478,1.3091,0.37,8.1026,3.2841,0.0968
134.3,seguindo,normal,8.5052,3.4247,-3.0812,-2.8055,0.2756,0.5,6.9448,1.3091,0.37,8.1026,3.2841,0.0961
134.35,seguindo,normal,8.4974,3.4243,-3.0796,-2.8002,0.2794,0.5,6.9377,1.3091,0.37,8.1026,3.2841,0.0939
134.4,seguindo,normal,8.4908,3.4242,-3.0766,-2.7952,0.2813,0.5,6.9316,1.3091,0.37,8.1026,3.2841,0.092
134.45,seguindo,normal,8.4781,3.4236,-3.0722,-2.7857,0.2864,0.5,6.92,1.3091,0.37,8.1026,3.2841,0.0878
134.5,seguindo,normal,8.4634,3.4229,-3.0679,-2.7742,0.2937,0.5,6.9066,1.3091,0.37,8.1026,3.2841,0.0827
134.55,seguindo,normal,8.4517,3.4221,-3.0675,-2.7292,0.3383,0.5,6.896,1.9358,0.37,8.0521,3.2473,0.0789
134.602,seguindo,normal,8.4339,3.4208,-3.0676,-2.7151,0.3525,0.5,6.8799,1.9358,0.37,8.0521,3.2473,0.0729
134.65,seguindo,normal,8.4216,3.4196,-3.0711,-2.7052,0.3658,0.5,6.8689,1.9358,0.37,8.0521,3.2473,0.0683
134.7,seguindo,normal,8.4093,3.4184,-3.0747,-2.6947,0.38,0.5,6.8579,1.9358,0.37,8.0521,3.2473,0.0636
134.75,seguindo,normal,8.3906,3.4167,-3.0818,-2.6776,0.4042,0.5,6.8411,3.7774,0.37,8.0521,3.2473,0.0566
134.8,seguindo,normal,8.378,3.4155,-3.0871,-2.665,0.422,0.5,6.8299,3.7774,0.37,8.0521,3.2473,0.0517
134.85,seguindo,normal,8.362,3.4144,-3.0901,-2.6468,0.4433,0.5,6.8154,3.7774,0.37,8.0521,3.2473,0.0442
134.902,seguindo,normal,8.3524,3.414,-3.0898,-2.6349,0.4549,0.5,6.8067,3.7774,0.37,8.0521,3.2473,0.0397
134.95,seguindo,normal,8.3383,3.4136,-3.0844,-2.6042,0.4802,0.5,6.7937,211.7435,0.37,8.0017,3.2131,0.0327
135.003,seguindo,normal,8.3244,3.4135,-3.0763,-2.5859,0.4904,0.5,6.7809,211.7435,0.37,8.0017,3.2131,0.0256
135.05,seguindo,normal,8.3155,3.4137,-3.066,-2.5728,0.4932,0.5,6.7726,211.7435,0.37,8.0017,3.2131,0.0208
135.1,seguindo,normal,8.3022,3.4139,-3.0502,-2.5526,0.4976,0.5,6.7602,211.7435,0.37,8.0017,3.2131,0.0132
135.15,seguindo,normal,8.2935,3.4143,-3.0347,-2.5379,0.4968,0.5,6.7519,211.7435,0.37,8.0017,3.2131,0.0079
135.2,seguindo,normal,8.2804,3.4146,-3.0112,-2.5155,0.4957,0.5,6.7396,211.7435,0.37,8.0017,3.2131,0.0003
135.25,seguindo,normal,8.2717,3.4151,-2.9906,-2.5136,0.4769,0.5,6.7314,3.8349,0.37,7.9513,3.1825,-0.005
135.3,seguindo,normal,8.263,3.4154,-2.9698,-2.4998,0.4699,0.5,6.7232,3.8349,0.37,7.9513,3.1825,-0.0101
135.35,seguindo,normal,8.2499,3.4155,-2.9382,-2.4788,0.4594,0.5,6.711,3.8349,0.37,7.9513,3.1825,-0.0176
135.4,seguindo,normal,8.2411,3.4154,-2.9171,-2.4647,0.4525,0.5,6.703,3.8349,0.37,7.9513,3.1825,-0.0224
135.451,seguindo,normal,8.2281,3.4149,-2.8848,-2.449,0.4358,0.5,6.7029,3.8349,0.37,7.9378,3.174,-0.0259
135.5,seguindo,normal,8.2195,3.4144,-2.8629,-2.4352,0.4278,0.5,6.6951,3.8349,0.37,7.9378,3.174,-0.0305
135.55,seguindo,normal,8.2066,3.4133,-2.8294,-2.4142,0.4152,0.5,6.6835,3.8349,0.37,7.9378,3.174,-0.0373
135.6,seguindo,normal,8.1981,3.4124,-2.8069,-2.4001,0.4067,0.5,6.676,3.8349,0.37,7.9378,3.174,-0.0416
135.651,seguindo,normal,8.1855,3.4108,-2.7723,-2.3788,0.3935,0.5,6.6649,3.8349,0.37,7.9378,3.174,-0.0478
135.7,seguindo,normal,8.1772,3.4095,-2.749,-2.4455,0.3035,0.5,6.6576,1.8271,0.37,7.8376,3.1257,-0.0517
135.751,seguindo,normal,8.1647,3.4072,-2.7143,-2.4311,0.2832,0.5,6.6469,1.8271,0.37,7.8376,3.1257,-0.0573
135.8,seguindo,normal,8.1564,3.4054,-2.6913,-2.4216,0.2697,0.5,6.6399,1.8271,0.37,7.8376,3.1257,-0.0608
135.85,seguindo,normal,8.144,3.4023,-2.6569,-2.4075,0.2494,0.5,6.6296,1.8271,0.37,7.8376,3.1257,-0.0657
135.9,seguindo,normal,8.1318,3.3987,-2.6225,-2.3935,0.2289,0.5,6.6196,1.8271,0.37,7.8376,3.1257,-0.0704
135.95,seguindo,normal,8.1236,3.3961,-2.6002,-2.3515,0.2487,0.5,6.6087,1.8271,0.37,7.8365,3.1062,-0.0859
136.0,seguindo,normal,8.1155,3.3932,-2.5781,-2.3421,0.2359,0.5,6.6022,1.8271,0.37,7.8365,3.1062,-0.0886
136.05,seguindo,normal,8.1034,3.3884,-2.5454,-2.3843,0.1611,0.5,6.5928,1.1743,0.37,7.7865,3.0889,-0.0923
136.102,seguindo,normal,8.0914,3.3833,-2.513,-2.3738,0.1392,0.5,6.5836,1.1743,0.37,7.7865,3.0889,-0.0955
136.15,seguindo,normal,8.0835,3.3796,-2.4917,-2.3669,0.1247,0.5,6.5776,1.1743,0.37,7.7865,3.0889,-0.0974
136.201,seguindo,normal,8.0716,3.3736,-2.4602,-2.3568,0.1034,0.5,6.5688,1.1743,0.37,7.7865,3.0889,-0.1001
136.254,seguindo,normal,8.0635,3.3692,-2.4408,-2.3504,0.0904,0.5,6.563,1.1743,0.37,7.7865,3.0889,-0.1014
136.3,seguindo,normal,8.0555,3.3645,-2.4219,-2.344,0.0779,0.5,6.5573,1.1743,0.37,7.7865,3.0889,-0.1027
136.35,seguindo,normal,8.0435,3.3571,-2.3948,-2.3831,0.0117,0.5,6.5657,1.1743,0.37,7.7695,3.0975,-0.0895
136.401,seguindo,normal,8.0314,3.3491,-2.3687,-2.4385,-0.0698,0.5,6.5576,0.8872,0.37,7.7195,3.0847,-0.0905
136.45,seguindo,normal,8.0235,3.3437,-2.3515,-2.4361,-0.0846,0.5,6.5524,0.8872,0.37,7.7195,3.0847,-0.091
136.5,seguindo,normal,8.0156,3.338,-2.3343,-2.4339,-0.0996,0.5,6.5474,0.8872,0.37,7.7195,3.0847,-0.0913
136.551,seguindo,normal,8.0039,3.3287,-2.3115,-2.4325,-0.121,0.5,6.5402,0.8872,0.37,7.7195,3.0847,-0.0908
136.6,seguindo,normal,7.9961,3.3221,-2.2984,-2.4323,-0.1339,0.5,6.5356,0.8872,0.37,7.7195,3.0847,-0.0901
136.65,seguindo,normal,7.9838,3.3104,-2.2836,-2.5001,-0.2165,0.5,6.529,0.7617,0.37,7.6694,3.0755,-0.0879
136.7,seguindo,normal,7.9755,3.3017,-2.2766,-2.5051,-0.2286,0.5,6.5248,0.7617,0.37,7.6694,3.0755,-0.0859
136.75,seguindo,normal,7.9635,3.2883,-2.2718,-2.5153,-0.2435,0.5,6.5191,0.7617,0.37,7.6694,3.0755,-0.0819
136.8,seguindo,normal,7.9558,3.2792,-2.2707,-2.5233,-0.2526,0.5,6.5156,0.7617,0.37,7.6694,3.0755,-0.0788
136.85,seguindo,normal,7.9442,3.2656,-2.2702,-2.5978,-0.3276,0.5,6.5106,0.7289,0.37,7.6194,3.0692,-0.0741
136.9,seguindo,normal,7.9366,3.2565,-2.2703,-2.6082,-0.3379,0.5,6.5072,0.7289,0.37,7.6194,3.0692,-0.0709
136.95,seguindo,normal,7.9251,3.2428,-2.2702,-2.625,-0.3548,0.5,6.5023,0.7289,0.37,7.6194,3.0692,-0.0656
137.0,seguindo,normal,7.9174,3.2337,-2.2701,-2.6371,-0.3671,0.5,6.499,0.7289,0.37,7.6194,3.0692,-0.0619
137.05,seguindo,normal,7.906,3.2202,-2.2692,-2.7537,-0.4845,0.5,6.4941,0.7674,0.37,7.5193,3.0622,-0.0564
137.1,seguindo,normal,7.8983,3.2112,-2.2683,-2.767,-0.4987,0.5,6.4909,0.7674,0.37,7.5193,3.0622,-0.0527
137.15,seguindo,normal,7.887,3.1979,-2.266,-2.788,-0.522,0.5,6.486,0.7674,0.37,7.5193,3.0622,-0.0466
137.202,seguindo,normal,7.8757,3.1847,-2.2631,-2.8452,-0.5821,0.5,6.4812,0.8778,0.37,7.4693,3.0606,-0.0402
137.25,seguindo,normal,7.8681,3.1759,-2.2611,-2.8602,-0.5991,0.5,6.4781,0.8778,0.37,7.4693,3.0606,-0.0359
137.3,seguindo,normal,7.8606,3.167,-2.2592,-2.876,-0.6169,0.5,6.475,0.8778,0.37,7.4693,3.0606,-0.0316
137.35,seguindo,normal,7.8494,3.1531,-2.2616,-2.9029,-0.6413,0.5,6.4707,0.8778,0.37,7.4693,3.0606,-0.0236
137.4,seguindo,normal,7.8381,3.1388,-2.267,-2.9548,-0.6878,0.5,6.4666,1.0805,0.37,7.4193,3.0597,-0.015
137.45,seguindo,normal,7.8309,3.1292,-2.2756,-2.9742,-0.6987,0.5,6.4641,1.0805,0.37,7.4193,3.0597,-0.009
137.5,seguindo,normal,7.8237,3.1196,-2.2843,-2.9944,-0.7101,0.5,6.4617,1.0805,0.37,7.4193,3.0597,-0.0031
137.551,seguindo,normal,7.8132,3.1056,-2.3024,-3.0257,-0.7232,0.5,6.4583,1.0805,0.37,7.4193,3.0597,0.0064
137.6,seguindo,normal,7.8029,3.0918,-2.3233,-3.0581,-0.7348,0.5,6.455,1.0805,0.37,7.4193,3.0597,0.0161
137.65,seguindo,normal,7.7963,3.0827,-2.3422,-3.0426,-0.7004,0.5,6.4544,1.0805,0.37,7.4131,3.0446,0.0148
137.7,seguindo,normal,7.7862,3.0693,-2.3707,-3.0809,-0.7102,0.5,6.4509,1.4115,0.37,7.3631,3.0436,0.024
137.75,seguindo,normal,7.7796,3.0603,-2.3948,-3.1015,-0.7067,0.5,6.4488,1.4115,0.37,7.3631,3.0436,0.0303
137.801,seguindo,normal,7.7693,3.0471,-2.431,-3.1328,-0.7018,0.5,6.4451,1.4115,0.37,7.3631,3.0436,0.0397
137.85,seguindo,normal,7.7625,3.0385,-2.459,3.1289,-0.6953,0.5,6.4427,1.4115,0.37,7.3631,3.0436,0.0463
137.902,seguindo,normal,7.752,3.0259,-2.501,3.1032,-0.679,0.5,6.4386,1.9355,0.37,7.3131,3.0428,0.0557
137.951,seguindo,normal,7.7449,3.0178,-2.5301,3.0838,-0.6692,0.5,6.4357,1.9355,0.37,7.3131,3.0428,0.0617
138.0,seguindo,normal,7.7375,3.01,-2.5592,3.0643,-0.6596,0.5,6.4324,1.9355,0.37,7.3131,3.0428,0.0674
138.05,seguindo,normal,7.7263,2.9986,-2.6047,3.035,-0.6436,0.5,6.4274,1.9355,0.37,7.3131,3.0428,0.0758
138.1,seguindo,normal,7.7187,2.9913,-2.6356,3.0153,-0.6323,0.5,6.4237,1.9355,0.37,7.3131,3.0428,0.0815
138.15,seguindo,normal,7.7069,2.9808,-2.6822,2.9833,-0.6177,0.5,6.4227,1.9355,0.37,7.3087,3.0444,0.0929
138.2,seguindo,normal,7.6946,2.9709,-2.7289,2.9762,-0.5781,0.5,6.4161,2.7619,0.37,7.2587,3.0437,0.1002
138.25,seguindo,normal,7.6863,2.9646,-2.7608,2.9587,-0.5637,0.5,6.4114,2.7619,0.37,7.2587,3.0437,0.1048
138.3,seguindo,normal,7.6778,2.9586,-2.7926,2.9413,-0.5493,0.5,6.4065,2.7619,0.37,7.2587,3.0437,0.1091
138.35,seguindo,normal,7.6648,2.95,-2.8405,2.915,-0.5277,0.5,6.3985,2.7619,0.37,7.2587,3.0437,0.1156
138.4,seguindo,normal,7.6558,2.9447,-2.8725,2.8973,-0.5133,0.5,6.3929,2.7619,0.37,7.2587,3.0437,0.1196
138.45,seguindo,normal,7.6421,2.9373,-2.92,2.902,-0.4612,0.5,6.3839,4.0752,0.37,7.2087,3.0431,0.1251
138.5,seguindo,normal,7.6326,2.9327,-2.9513,2.8868,-0.4451,0.5,6.3775,4.0752,0.37,7.2087,3.0431,0.1283
138.55,seguindo,normal,7.6181,2.9264,-2.9979,2.8394,-0.4459,0.5,6.373,4.0752,0.37,7.2074,3.0544,0.1402
138.601,seguindo,normal,7.6033,2.9208,-3.0442,2.8161,-0.4229,0.5,6.3624,4.0752,0.37,7.2074,3.0544,0.1444
138.65,seguindo,normal,7.5932,2.9175,-3.0743,3.0093,-0.1995,0.5,6.355,6.7451,1.0,6.5574,3.0553,0.1468
138.7,seguindo,normal,7.5829,2.9145,-3.104,3.0052,-0.174,0.5,6.3473,6.7451,1.0,6.5574,3.0553,0.1489
138.75,seguindo,normal,7.5672,2.9107,3.1354,2.9994,-0.1361,0.5,6.3351,6.7451,1.0,6.5574,3.0553,0.1513
138.8,seguindo,normal,7.5565,2.9086,3.1074,2.9958,-0.1116,0.5,6.3266,6.7451,1.0,6.5574,3.0553,0.1528
138.85,seguindo,normal,7.5402,2.9061,3.0662,3.0072,-0.059,0.5,6.3005,10.531,1.0,6.5195,3.0441,0.1514
138.9,seguindo,normal,7.5291,2.9049,3.0394,3.0046,-0.0348,0.5,6.2913,10.531,1.0,6.5195,3.0441,0.1519
138.95,seguindo,normal,7.5124,2.9037,3.0,3.0012,0.0011,0.5,6.277,10.531,1.0,6.5195,3.0441,0.1522
139.0,seguindo,normal,7.501,2.9035,2.9756,3.0065,0.0309,0.5,6.267,16.799,1.0,6.4695,3.0437,0.152
139.051,seguindo,normal,7.4837,2.9037,2.9396,3.0044,0.0648,0.5,6.2516,16.799,1.0,6.4695,3.0437,0.1509
139.1,seguindo,normal,7.4722,2.9042,2.9158,3.0033,0.0876,0.5,6.2412,16.799,1.0,6.4695,3.0437,0.1499
139.151,seguindo,normal,7.4537,2.9059,2.8807,3.0024,0.1218,0.5,6.224,16.799,1.0,6.4695,3.0437,0.1477
139.2,seguindo,normal,7.4408,2.9076,2.8584,3.0094,0.1511,0.5,6.2118,27.3148,1.0,6.4195,3.0434,0.1456
139.25,seguindo,normal,7.4227,2.9108,2.8313,3.0238,0.1926,0.5,6.1802,27.3148,1.0,6.428,3.0285,0.1278
139.301,seguindo,normal,7.4054,2.9147,2.8094,3.0317,0.2223,0.5,6.1631,45.1801,1.0,6.378,3.028,0.1235
139.35,seguindo,normal,7.3941,2.9177,2.7983,3.0334,0.2351,0.5,6.1517,45.1801,1.0,6.378,3.028,0.1203
139.4,seguindo,normal,7.383,2.9208,2.788,3.0353,0.2473,0.5,6.1404,45.1801,1.0,6.378,3.028,0.1169
139.45,seguindo,normal,7.3664,2.9262,2.7786,3.0389,0.2603,0.5,6.1232,45.1801,1.0,6.378,3.028,0.1112
139.5,seguindo,normal,7.3555,2.9301,2.7748,3.0417,0.2669,0.5,6.1118,45.1801,1.0,6.378,3.028,0.1071
139.554,seguindo,normal,7.3392,2.9363,2.7745,3.0515,0.277,0.5,6.0945,75.8909,1.0,6.328,3.0276,0.1006
139.6,seguindo,normal,7.3285,2.9406,2.7763,3.0548,0.2785,0.5,6.083,75.8909,1.0,6.328,3.0276,0.0961
139.65,seguindo,normal,7.3124,2.947,2.7797,3.0599,0.2802,0.5,6.0658,75.8909,1.0,6.328,3.0276,0.0895
139.7,seguindo,normal,7.3017,2.9512,2.7821,3.0675,0.2854,0.5,6.0543,129.2661,1.0,6.278,3.0272,0.0851
139.75,seguindo,normal,7.2855,2.9576,2.7854,3.0726,0.2872,0.5,6.0371,129.2661,1.0,6.278,3.0272,0.0786
139.8,seguindo,normal,7.2747,2.9618,2.7874,3.076,0.2886,0.5,6.0256,129.2661,1.0,6.278,3.0272,0.0742
139.85,seguindo,normal,7.2585,2.968,2.7903,3.0813,0.2909,0.5,6.0083,129.2661,1.0,6.278,3.0272,0.0678
139.9,seguindo,normal,7.2476,2.9721,2.7922,3.088,0.2958,0.5,5.9968,222.9876,1.0,6.228,3.0268,0.0636
139.95,seguindo,normal,7.2313,2.9783,2.7949,3.0933,0.2984,0.5,5.9795,222.9876,1.0,6.228,3.0268,0.0572
140.0,seguindo,normal,7.2204,2.9823,2.7967,3.0968,0.3002,0.5,5.968,222.9876,1.0,6.228,3.0268,0.053
140.05,seguindo,normal,7.2041,2.9884,2.7993,3.1023,0.303,0.5,5.9507,222.9876,1.0,6.228,3.0268,0.0468
140.101,seguindo,normal,7.1877,2.9945,2.8019,3.11,0.3081,0.5,5.9334,389.1395,1.0,6.178,3.0263,0.0406
140.151,seguindo,normal,7.1791,2.9981,2.8096,3.1134,0.3038,0.5,5.9241,389.1395,1.0,6.178,3.0263,0.0368
140.2,seguindo,normal,7.1707,3.0018,2.8192,3.1169,0.2977,0.5,5.915,389.1395,1.0,6.178,3.0263,0.0331
140.25,seguindo,normal,7.158,3.0076,2.8383,3.1224,0.2841,0.5,5.901,389.1395,1.0,6.178,3.0263,0.0272
140.3,seguindo,normal,7.1495,3.0115,2.8537,3.1275,0.2738,0.5,5.8917,686.4062,1.0,6.128,3.0259,0.0232
140.35,seguindo,normal,7.1366,3.0175,2.882,3.1333,0.2513,0.5,5.8775,686.4062,1.0,6.128,3.0259,0.017
140.4,seguindo,normal,7.1236,3.0234,2.914,3.1391,0.2251,0.5,5.8633,686.4062,1.0,6.128,3.0259,0.011
140.451,seguindo,normal,7.115,3.0272,2.9365,-3.1393,0.2073,0.5,5.8567,686.4062,1.0,6.1204,3.0249,-0.001
140.5,seguindo,normal,7.1063,3.0308,2.9595,-3.1357,0.1881,0.5,5.8474,686.4062,1.0,6.1204,3.0249,-0.0046
140.55,seguindo,normal,7.0934,3.0358,2.9941,-3.1309,0.1582,0.5,5.8337,685.6778,1.0,6.0704,3.0248,-0.0096
140.6,seguindo,normal,7.0848,3.0389,3.0168,-3.1278,0.1386,0.5,5.8246,685.6778,1.0,6.0704,3.0248,-0.0127
140.652,seguindo,normal,7.0717,3.0428,3.0477,-3.1236,0.1118,0.5,5.8112,685.6778,1.0,6.0704,3.0248,-0.0167
140.7,seguindo,normal,7.0628,3.0451,3.0656,-3.1212,0.0963,0.5,5.8023,685.6778,1.0,6.0704,3.0248,-0.0189
140.75,seguindo,normal,7.0489,3.048,3.0901,-3.118,0.0752,0.5,5.7888,685.6778,1.0,6.0704,3.0248,-0.0218
140.8,seguindo,normal,7.0396,3.0497,3.106,-3.1171,0.0601,0.5,5.7798,388.699,1.0,6.0204,3.0247,-0.0236
140.851,seguindo,normal,7.0254,3.0519,3.1292,-3.1146,0.0394,0.5,5.7663,388.699,1.0,6.0204,3.0247,-0.0258
140.9,seguindo,normal,7.0159,3.0532,-3.1389,-3.113,0.0259,0.5,5.7573,388.699,1.0,6.0204,3.0247,-0.0271
140.95,seguindo,normal,7.0014,3.0547,-3.1172,-3.1211,-0.0039,0.5,5.7314,222.7169,1.0,5.9844,3.0339,-0.0285
141.0,seguindo,normal,6.9916,3.0555,-3.1039,-3.1201,-0.0162,0.5,5.7225,222.7169,1.0,5.9844,3.0339,-0.0292
141.051,seguindo,normal,6.9767,3.0564,-3.0851,-3.1189,-0.0338,0.5,5.709,222.7169,1.0,5.9844,3.0339,-0.0299
141.1,seguindo,normal,6.9665,3.0566,-3.074,-3.1184,-0.0444,0.5,5.7,222.7169,1.0,5.9844,3.0339,-0.0301
141.15,seguindo,normal,6.9496,3.0564,-3.0612,-3.1196,-0.0584,0.5,5.6855,129.097,1.0,5.9344,3.0341,-0.0298
141.2,seguindo,normal,6.9376,3.0559,-3.0551,-3.1199,-0.0647,0.5,5.6753,129.097,1.0,5.9344,3.0341,-0.0292
141.25,seguindo,normal,6.9198,3.0546,-3.0509,-3.1208,-0.0698,0.5,5.6605,129.097,1.0,5.9344,3.0341,-0.0278
141.3,seguindo,normal,6.9079,3.0536,-3.05,-3.1226,-0.0726,0.5,5.6506,75.7833,1.0,5.8844,3.0342,-0.0267
141.35,seguindo,normal,6.8901,3.052,-3.0496,-3.1239,-0.0742,0.5,5.636,75.7833,1.0,5.8844,3.0342,-0.0249
141.4,seguindo,normal,6.8782,3.0509,-3.0497,-3.1248,-0.0751,0.5,5.6263,75.7833,1.0,5.8844,3.0342,-0.0238
141.45,seguindo,normal,6.8605,3.0493,-3.0496,-3.1261,-0.0765,0.5,5.6117,75.7833,1.0,5.8844,3.0342,-0.022
141.5,seguindo,normal,6.8427,3.0477,-3.0495,-3.1282,-0.0787,0.5,5.5972,45.1106,1.0,5.8344,3.0341,-0.0202
141.55,seguindo,normal,6.831,3.0466,-3.0486,-3.129,-0.0804,0.5,5.5876,45.1106,1.0,5.8344,3.0341,-0.0191
141.6,seguindo,normal,6.8192,3.0456,-3.0478,-3.1299,-0.0821,0.5,5.578,45.1106,1.0,5.8344,3.0341,-0.018
141.65,seguindo,normal,6.8018,3.0441,-3.0455,-3.1314,-0.0858,0.5,5.5637,27.2692,1.0,5.7844,3.0338,-0.0164
141.7,seguindo,normal,6.7902,3.0432,-3.0437,-3.1322,-0.0885,0.5,5.5542,27.2692,1.0,5.7844,3.0338,-0.0153
141.753,seguindo,normal,6.7729,3.0417,-3.0407,-3.1336,-0.0928,0.5,5.54,27.2692,1.0,5.7844,3.0338,-0.0137
141.8,seguindo,normal,6.7614,3.0407,-3.0387,-3.1345,-0.0958,0.5,5.5306,27.2692,1.0,5.7844,3.0338,-0.0126
141.85,seguindo,normal,6.7441,3.0391,-3.0356,-3.1355,-0.0999,0.5,5.5166,16.7689,1.0,5.7344,3.0329,-0.0109
141.9,seguindo,normal,6.7325,3.038,-3.0335,-3.1365,-0.1029,0.5,5.5072,16.7689,1.0,5.7344,3.0329,-0.0097
141.951,seguindo,normal,6.7152,3.0364,-3.0306,-3.125,-0.0944,0.5,5.4979,16.7689,1.0,5.7255,3.02,-0.0139
142.001,seguindo,normal,6.6979,3.0347,-3.0277,-3.1253,-0.0977,0.5,5.4839,10.5115,1.0,5.6755,3.018,-0.0122
142.051,seguindo,normal,6.6863,3.0335,-3.0258,-3.1263,-0.1005,0.5,5.4745,10.5115,1.0,5.6755,3.018,-0.011
142.1,seguindo,normal,6.669,3.0317,-3.0231,-3.1279,-0.1048,0.5,5.4605,10.5115,1.0,5.6755,3.018,-0.0091
142.15,seguindo,normal,6.6575,3.0304,-3.0212,-3.129,-0.1077,0.5,5.4513,10.5115,1.0,5.6755,3.018,-0.0079
142.2,seguindo,normal,6.6402,3.0286,-3.0184,-3.1283,-0.1099,0.5,5.4374,6.7332,1.0,5.6255,3.0151,-0.006
142.251,seguindo,normal,6.6286,3.0273,-3.0166,-3.1294,-0.1128,0.5,5.4281,6.7332,1.0,5.6255,3.0151,-0.0047
142.3,seguindo,normal,6.6171,3.0259,-3.0148,-3.1306,-0.1158,0.5,5.4189,6.7332,1.0,5.6255,3.0151,-0.0034
142.35,seguindo,normal,6.5997,3.0239,-3.0121,-3.1285,-0.1164,0.5,5.4051,4.421,1.0,5.5755,3.0105,-0.0014
142.401,seguindo,normal,6.5882,3.0226,-3.0104,-3.1297,-0.1193,0.5,5.396,4.421,1.0,5.5755,3.0105,0.0
142.45,seguindo,normal,6.5709,3.0205,-3.0077,-3.1316,-0.1239,0.5,5.3823,4.421,1.0,5.5755,3.0105,0.0021
142.5,seguindo,normal,6.5593,3.0191,-3.006,-3.1329,-0.127,0.5,5.3732,4.421,1.0,5.5755,3.0105,0.0035
142.552,seguindo,normal,6.542,3.0169,-3.0033,-3.1288,-0.1255,0.5,5.3596,2.987,1.0,5.5255,3.0039,0.0057
142.6,seguindo,normal,6.5305,3.0154,-3.0015,-3.1301,-0.1286,0.5,5.3505,2.987,1.0,5.5255,3.0039,0.0072
142.652,seguindo,normal,6.5132,3.0132,-2.9988,-3.1322,-0.1334,0.5,5.337,2.987,1.0,5.5255,3.0039,0.0094
142.7,seguindo,normal,6.5017,3.0117,-2.997,-3.1336,-0.1367,0.5,5.328,2.987,1.0,5.5255,3.0039,0.011
142.75,seguindo,normal,6.4844,3.0094,-2.9943,3.1087,-0.1802,0.5,5.3146,827.9958,0.37,6.0755,3.0228,0.0133
142.8,seguindo,normal,6.4729,3.0078,-2.9926,3.1038,-0.1868,0.5,5.3056,827.9958,0.37,6.0755,3.0228,0.0149
142.85,seguindo,normal,6.4556,3.0054,-2.9899,3.0811,-0.2122,0.5,5.3003,827.9958,0.37,6.0678,3.0289,0.0196
142.9,seguindo,normal,6.4441,3.0038,-2.9881,3.075,-0.2201,0.5,5.2915,827.9958,0.37,6.0678,3.0289,0.0214
142.95,seguindo,normal,6.4269,3.0013,-2.9854,3.0732,-0.2246,0.5,5.2783,467.7176,0.37,6.0178,3.0293,0.024
143.0,seguindo,normal,6.4154,2.9996,-2.9835,3.0671,-0.2326,0.5,5.2696,467.7176,0.37,6.0178,3.0293,0.0258
143.05,seguindo,normal,6.3981,2.9971,-2.9808,3.057,-0.2453,0.5,5.2565,467.7176,0.37,6.0178,3.0293,0.0285
143.1,seguindo,normal,6.3866,2.9953,-2.9791,3.0597,-0.2444,0.5,5.2478,266.9767,0.37,5.9678,3.0297,0.0304
143.15,seguindo,normal,6.3694,2.9927,-2.9765,3.0497,-0.257,0.5,5.2349,266.9767,0.37,5.9678,3.0297,0.0332
143.2,seguindo,normal,6.3579,2.9909,-2.9747,3.0425,-0.266,0.5,5.2262,266.9767,0.37,5.9678,3.0297,0.0351
143.25,seguindo,normal,6.3407,2.9882,-2.9719,3.043,-0.2682,0.5,5.2134,154.1126,0.37,5.9178,3.0301,0.0379
143.302,seguindo,normal,6.3235,2.9855,-2.9692,3.0322,-0.2818,0.5,5.2006,154.1126,0.37,5.9178,3.0301,0.0409
143.35,seguindo,normal,6.312,2.9836,-2.9674,3.0244,-0.2914,0.5,5.1921,154.1126,0.37,5.9178,3.0301,0.0428
143.401,seguindo,normal,6.2948,2.9808,-2.9647,3.0117,-0.3068,0.5,5.1793,154.1126,0.37,5.9178,3.0301,0.0458
143.452,seguindo,normal,6.2833,2.9789,-2.9629,3.0185,-0.3017,0.5,5.1709,90.0581,0.37,5.8678,3.0303,0.0479
143.5,seguindo,normal,6.2719,2.977,-2.9611,3.0104,-0.3117,0.5,5.1625,90.0581,0.37,5.8678,3.0303,0.0499
143.55,seguindo,normal,6.2547,2.974,-2.9585,2.9972,-0.3275,0.5,5.1499,90.0581,0.37,5.8678,3.0303,0.053
143.6,seguindo,normal,6.2432,2.972,-2.9568,2.9876,-0.3388,0.5,5.1416,90.0581,0.37,5.8678,3.0303,0.0551
143.65,seguindo,normal,6.226,2.969,-2.9541,2.9925,-0.3366,0.5,5.1291,53.3398,0.37,5.8178,3.0303,0.0583
143.7,seguindo,normal,6.2146,2.967,-2.9523,2.9833,-0.3476,0.5,5.1208,53.3398,0.37,5.8178,3.0303,0.0605
143.752,seguindo,normal,6.1968,2.9634,-2.9544,2.9582,-0.3705,0.5,5.1024,32.0653,0.37,5.7816,3.0404,0.0737
143.8,seguindo,normal,6.1848,2.9609,-2.9577,2.9468,-0.3787,0.5,5.0939,32.0653,0.37,5.7816,3.0404,0.0764
143.85,seguindo,normal,6.1668,2.9568,-2.9677,2.9278,-0.3877,0.5,5.0816,32.0653,0.37,5.7816,3.0404,0.0807
143.903,seguindo,normal,6.1549,2.954,-2.9761,2.9417,-0.3654,0.5,5.0735,19.597,0.37,5.7316,3.0398,0.0835
143.95,seguindo,normal,6.137,2.9497,-2.9938,2.923,-0.3664,0.5,5.0614,19.597,0.37,5.7316,3.0398,0.0881
144.0,seguindo,normal,6.1251,2.9469,-3.0074,2.9098,-0.3659,0.5,5.0534,19.597,0.37,5.7316,3.0398,0.091
144.05,seguindo,normal,6.1073,2.9427,-3.0329,2.8886,-0.3617,0.5,5.0414,19.597,0.37,5.7316,3.0398,0.0955
144.1,seguindo,normal,6.0955,2.9399,-3.0516,2.9078,-0.3237,0.5,5.0334,12.1998,0.37,5.6816,3.0385,0.0984
144.15,seguindo,normal,6.0776,2.9362,-3.0803,2.8889,-0.314,0.5,5.0211,12.1998,0.37,5.6816,3.0385,0.1023
144.2,seguindo,normal,6.0656,2.934,-3.0995,2.876,-0.3077,0.5,5.0127,12.1998,0.37,5.6816,3.0385,0.1046
144.25,seguindo,normal,6.0476,2.9312,-3.1287,2.8945,-0.26,0.5,4.9999,7.7544,0.37,5.6315,3.0361,0.1077
144.3,seguindo,normal,6.0356,2.9295,3.1349,2.8837,-0.2512,0.5,4.9912,7.7544,0.37,5.6315,3.0361,0.1095
144.352,seguindo,normal,6.0175,2.9275,3.1059,2.8544,-0.2515,0.5,4.9871,7.7544,0.37,5.6248,3.0435,0.1177
144.4,seguindo,normal,6.0053,2.9265,3.0867,2.8433,-0.2434,0.5,4.978,7.7544,0.37,5.6248,3.0435,0.1189
144.452,seguindo,normal,5.9871,2.9254,3.058,2.8712,-0.1868,0.5,4.9641,5.047,0.37,5.5747,3.0397,0.1203
144.5,seguindo,normal,5.9749,2.925,3.0388,2.8623,-0.1764,0.5,4.9546,5.047,0.37,5.5747,3.0397,0.1209
144.55,seguindo,normal,5.9565,2.9249,3.0108,2.8493,-0.1615,0.5,4.94,5.047,0.37,5.5747,3.0397,0.1212
144.6,seguindo,normal,5.9441,2.9251,2.9928,2.888,-0.1048,0.5,4.93,3.3761,0.37,5.5246,3.0338,0.1211
144.65,seguindo,normal,5.9256,2.926,2.9662,2.8787,-0.0875,0.5,4.9147,3.3761,0.37,5.5246,3.0338,0.1205
144.7,seguindo,normal,5.9132,2.9268,2.9487,2.8728,-0.0759,0.5,4.9044,3.3761,0.37,5.5246,3.0338,0.1198
144.75,seguindo,normal,5.8945,2.9286,2.9233,2.9158,-0.0076,0.5,4.8884,2.3322,0.37,5.4745,3.0251,0.1182
144.8,seguindo,normal,5.8819,2.9302,2.9076,2.9127,0.0051,0.5,4.8775,2.3322,0.37,5.4745,3.0251,0.1168
144.85,seguindo,normal,5.863,2.933,2.8844,2.9088,0.0244,0.5,4.8608,2.3322,0.37,5.4745,3.0251,0.1141
144.9,seguindo,normal,5.8504,2.9351,2.8691,2.9066,0.0375,0.5,4.8496,2.3322,0.37,5.4745,3.0251,0.1121
144.95,seguindo,normal,5.8314,2.9388,2.8477,2.9619,0.1142,0.5,4.8323,1.6739,0.37,5.4243,3.0127,0.1085
145.001,seguindo,normal,5.8121,2.9432,2.8289,2.9642,0.1353,0.5,4.8144,1.6739,0.37,5.4243,3.0127,0.1041
145.051,seguindo,normal,5.8008,2.9461,2.8191,2.9664,0.1473,0.5,4.8037,1.6739,0.37,5.4243,3.0127,0.1013
145.1,seguindo,normal,5.7897,2.949,2.8087,3.0287,0.22,0.5,4.7932,1.2572,0.37,5.374,2.9961,0.0984
145.15,seguindo,normal,5.7732,2.954,2.8,3.0366,0.2365,0.5,4.7771,1.2572,0.37,5.374,2.9961,0.0933
145.2,seguindo,normal,5.7623,2.9576,2.7969,3.0428,0.246,0.5,4.7663,1.2572,0.37,5.374,2.9961,0.0896
145.25,seguindo,normal,5.7461,2.9636,2.7983,3.1152,0.3169,0.5,4.7499,0.9961,0.37,5.3237,2.9747,0.0835
145.3,seguindo,normal,5.7354,2.9677,2.8019,3.1246,0.3226,0.5,4.739,0.9961,0.37,5.3237,2.9747,0.0793
145.35,seguindo,normal,5.7193,2.9738,2.8076,3.0948,0.2872,0.5,4.7342,0.9961,0.37,5.3184,2.9926,0.0849
145.4,seguindo,normal,5.7086,2.9779,2.8115,3.1039,0.2924,0.5,4.7234,0.9961,0.37,5.3184,2.9926,0.0807
145.45,seguindo,normal,5.6924,2.9838,2.8168,-3.1022,0.3642,0.5,4.7071,0.8387,0.37,5.2676,2.9671,0.0747
145.5,seguindo,normal,5.6816,2.9877,2.8197,-3.0919,0.3716,0.5,4.6963,0.8387,0.37,5.2676,2.9671,0.0707
145.553,seguindo,normal,5.6653,2.9934,2.8232,-3.0755,0.3845,0.5,4.6801,0.8387,0.37,5.2676,2.9671,0.0647
145.6,seguindo,normal,5.6543,2.9972,2.8252,-3.0639,0.3941,0.5,4.6692,0.8387,0.37,5.2676,2.9671,0.0606
145.651,seguindo,normal,5.6378,3.0028,2.8278,-2.9866,0.4687,0.5,4.6529,0.7545,0.37,5.2166,2.937,0.0545
145.702,seguindo,normal,5.6212,3.0083,2.8302,-2.967,0.4859,0.5,4.6367,0.7545,0.37,5.2166,2.937,0.0484
145.75,seguindo,normal,5.6127,3.0117,2.8376,-2.9552,0.4904,0.5,4.6279,0.7545,0.37,5.2166,2.937,0.0446
145.8,seguindo,normal,5.6043,3.015,2.8469,-2.9428,0.4935,0.5,4.6193,0.7545,0.37,5.2166,2.937,0.0407
145.85,seguindo,normal,5.5914,3.0204,2.8655,-2.9225,0.4952,0.5,4.606,0.7218,0.37,5.2166,2.937,0.0346
145.9,seguindo,normal,5.5828,3.0241,2.8805,-2.908,0.4946,0.5,4.597,0.7218,0.37,5.2166,2.937,0.0304
145.95,seguindo,normal,5.57,3.0296,2.9083,-2.8851,0.4898,0.5,4.5837,0.7218,0.37,5.2166,2.937,0.024
146.0,seguindo,normal,5.5616,3.0333,2.9291,-2.8693,0.4848,0.5,4.5749,0.7218,0.37,5.2166,2.937,0.0195
146.05,seguindo,normal,5.5488,3.0387,2.9638,-2.8445,0.4749,0.5,4.5617,0.7218,0.37,5.2166,2.937,0.0128
146.1,seguindo,normal,5.5403,3.0421,2.9883,-2.7861,0.5089,0.5,4.5529,0.7402,0.37,5.1655,2.903,0.0085
146.15,seguindo,normal,5.5277,3.047,3.0259,-2.7632,0.4941,0.5,4.5401,0.7402,0.37,5.1655,2.903,0.0025
146.2,seguindo,normal,5.5193,3.0499,3.0507,-2.748,0.4844,0.5,4.5318,0.7402,0.37,5.1655,2.903,-0.0013
146.25,seguindo,normal,5.5067,3.0537,3.0861,-2.742,0.455,0.5,4.5263,0.7402,0.37,5.1581,2.9065,-0.004
146.3,seguindo,normal,5.4984,3.0559,3.1085,-2.7279,0.4468,0.5,4.5185,0.7402,0.37,5.1581,2.9065,-0.0074
146.35,seguindo,normal,5.486,3.0589,-3.1406,-2.679,0.4616,0.5,4.5071,0.8154,0.37,5.1068,2.8698,-0.0123
146.4,seguindo,normal,5.4776,3.0606,-3.1177,-2.6663,0.4514,0.5,4.4997,0.8154,0.37,5.1068,2.8698,-0.0153
146.45,seguindo,normal,5.4652,3.063,-3.0827,-2.6472,0.4354,0.5,4.4887,0.8154,0.37,5.1068,2.8698,-0.0195
146.5,seguindo,normal,5.4527,3.0649,-3.0472,-2.628,0.4192,0.5,4.478,0.8154,0.37,5.1068,2.8698,-0.0238
146.55,seguindo,normal,5.4447,3.0661,-3.0219,-2.6152,0.4067,0.5,4.4711,0.8154,0.37,5.1068,2.8698,-0.0267
146.6,seguindo,normal,5.4365,3.0671,-2.9965,-2.6023,0.3942,0.5,4.4643,0.8154,0.37,5.1068,2.8698,-0.0295
146.65,seguindo,normal,5.4243,3.0682,-2.9589,-2.5416,0.4172,0.5,4.4416,0.9631,0.37,5.0687,2.825,-0.0409
146.7,seguindo,normal,5.4161,3.0687,-2.934,-2.5298,0.4042,0.5,4.4351,0.9631,0.37,5.0687,2.825,-0.0432
146.75,seguindo,normal,5.4036,3.0688,-2.8976,-2.5122,0.3854,0.5,4.4256,0.9631,0.37,5.0687,2.825,-0.0469
146.8,seguindo,normal,5.3909,3.0684,-2.8626,-2.4946,0.368,0.5,4.4164,0.9631,0.37,5.0687,2.825,-0.0503
146.85,seguindo,normal,5.3825,3.0679,-2.8393,-2.4836,0.3558,0.5,4.4104,1.2234,0.37,5.0175,2.7857,-0.0523
146.9,seguindo,normal,5.3741,3.0671,-2.816,-2.4735,0.3425,0.5,4.4045,1.2234,0.37,5.0175,2.7857,-0.0541
146.95,seguindo,normal,5.3614,3.0656,-2.7817,-2.4585,0.3232,0.5,4.396,1.2234,0.37,5.0175,2.7857,-0.0564
147.0,seguindo,normal,5.3529,3.0643,-2.7592,-2.4487,0.3105,0.5,4.3906,1.2234,0.37,5.0175,2.7857,-0.0579
147.05,seguindo,normal,5.3402,3.0618,-2.7261,-2.4329,0.2932,0.5,4.3811,1.2234,0.37,5.0247,2.7913,-0.0579
147.1,seguindo,normal,5.3317,3.0599,-2.7047,-2.4328,0.2719,0.5,4.376,1.7007,0.37,4.9735,2.7527,-0.0593
147.15,seguindo,normal,5.3192,3.0567,-2.672,-2.4202,0.2518,0.5,4.3688,1.7007,0.37,4.9735,2.7527,-0.0612
147.2,seguindo,normal,5.3108,3.0544,-2.65,-2.4119,0.2382,0.5,4.3642,1.7007,0.37,4.9735,2.7527,-0.0621
147.25,seguindo,normal,5.2984,3.0505,-2.6179,-2.3997,0.2182,0.5,4.3576,1.7007,0.37,4.9735,2.7527,-0.0638
147.3,seguindo,normal,5.2901,3.0476,-2.5969,-2.3917,0.2052,0.5,4.3534,1.7007,0.37,4.9735,2.7527,-0.0649
147.35,seguindo,normal,5.2778,3.0429,-2.5657,-2.3799,0.1857,0.5,4.3475,1.7007,0.37,4.9735,2.7527,-0.0662
147.4,seguindo,normal,5.2696,3.0395,-2.5451,-2.3721,0.173,0.5,4.3437,2.7904,0.37,4.9735,2.7527,-0.0668
147.45,seguindo,normal,5.2572,3.034,-2.5149,-2.3605,0.1544,0.5,4.3384,2.7904,0.37,4.9735,2.7527,-0.0675
147.5,seguindo,normal,5.249,3.0301,-2.4951,-2.3528,0.1423,0.5,4.335,2.7904,0.37,4.9735,2.7527,-0.0677
147.55,seguindo,normal,5.2367,3.0238,-2.4662,-2.3414,0.1247,0.5,4.3303,2.7904,0.37,4.9735,2.7527,-0.0684
147.6,seguindo,normal,5.2284,3.0193,-2.4473,-2.3339,0.1135,0.5,4.3273,2.7904,0.37,4.9735,2.7527,-0.0687
147.65,seguindo,normal,5.2161,3.0121,-2.4203,-2.352,0.0683,0.5,4.3233,7.8109,0.37,4.9223,2.7158,-0.0688
147.7,seguindo,normal,5.2079,3.0071,-2.4029,-2.3464,0.0565,0.5,4.3208,7.8109,0.37,4.9223,2.7158,-0.0686
147.75,seguindo,normal,5.1957,2.999,-2.3781,-2.3151,0.063,0.5,4.3126,7.8109,0.37,4.9299,2.7105,-0.0723
147.8,seguindo,normal,5.1836,2.9905,-2.3543,-2.3068,0.0475,0.5,4.3096,7.8109,0.37,4.9299,2.7105,-0.072
147.85,seguindo,normal,5.1756,2.9845,-2.3395,-2.3017,0.0378,0.5,4.3079,7.8109,0.37,4.9299,2.7105,-0.0715
147.901,seguindo,normal,5.1638,2.9752,-2.3178,-2.3311,-0.0133,0.5,4.3058,10.0002,0.37,4.8792,2.6759,-0.0705
147.95,seguindo,normal,5.1561,2.9687,-2.3046,-2.3284,-0.0237,0.5,4.3047,10.0002,0.37,4.8792,2.6759,-0.0694
148.0,seguindo,normal,5.1484,2.962,-2.2918,-2.3259,-0.0341,0.5,4.3038,10.0002,0.37,4.8792,2.6759,-0.0682
148.05,seguindo,normal,5.1363,2.9502,-2.2776,-2.324,-0.0465,0.5,4.3033,10.0002,0.37,4.8792,2.6759,-0.0657
148.1,seguindo,normal,5.1281,2.9415,-2.2707,-2.3238,-0.0531,0.5,4.3034,10.0002,0.37,4.8792,2.6759,-0.0636
148.15,seguindo,normal,5.1163,2.928,-2.2662,-2.365,-0.0987,0.5,4.3044,2.9687,0.37,4.8286,2.6453,-0.0598
148.2,seguindo,normal,5.1086,2.919,-2.2652,-2.3678,-0.1025,0.5,4.3053,2.9687,0.37,4.8286,2.6453,-0.057
148.25,seguindo,normal,5.0972,2.9053,-2.2646,-2.3725,-0.108,0.5,4.3068,2.9687,0.37,4.8286,2.6453,-0.0529
148.3,seguindo,normal,5.0896,2.8962,-2.2644,-2.376,-0.1116,0.5,4.3079,2.9687,0.37,4.8286,2.6453,-0.0504
148.351,seguindo,normal,5.0782,2.8825,-2.2639,-2.46,-0.1961,0.5,4.3095,1.6846,0.37,4.7276,2.5981,-0.0465
148.4,seguindo,normal,5.0706,2.8734,-2.2636,-2.4652,-0.2016,0.5,4.3107,1.6846,0.37,4.7276,2.5981,-0.0439
148.45,seguindo,normal,5.0592,2.8598,-2.2625,-2.4734,-0.2109,0.5,4.3124,1.6846,0.37,4.7276,2.5981,-0.0402
148.5,seguindo,normal,5.0517,2.8508,-2.2616,-2.4793,-0.2176,0.5,4.3136,1.6846,0.37,4.7276,2.5981,-0.0377
148.551,seguindo,normal,5.0404,2.8374,-2.2595,-2.4885,-0.229,0.5,4.3153,1.6846,0.37,4.7276,2.5981,-0.0341
148.6,seguindo,normal,5.0329,2.8285,-2.2577,-2.5349,-0.2771,0.5,4.3166,1.1286,0.37,4.6772,2.5817,-0.0317
148.65,seguindo,normal,5.0217,2.8152,-2.2549,-2.5458,-0.291,0.5,4.3185,1.1286,0.37,4.6772,2.5817,-0.0282
148.7,seguindo,normal,5.0143,2.8063,-2.2528,-2.5537,-0.3009,0.5,4.3198,1.1286,0.37,4.6772,2.5817,-0.0258
148.751,seguindo,normal,5.0031,2.793,-2.2498,-2.5664,-0.3166,0.5,4.3219,1.1286,0.37,4.6772,2.5817,-0.022
148.8,seguindo,normal,4.9957,2.7841,-2.2478,-2.5756,-0.3278,0.5,4.3233,1.1286,0.37,4.6772,2.5817,-0.0194
148.85,seguindo,normal,4.9847,2.7706,-2.2448,-2.6295,-0.3847,0.5,4.3256,0.8628,0.37,4.627,2.5696,-0.0156
148.9,seguindo,normal,4.9773,2.7617,-2.2428,-2.64,-0.3972,0.5,4.3272,0.8628,0.37,4.627,2.5696,-0.013
148.95,seguindo,normal,4.9663,2.7482,-2.2399,-2.6571,-0.4172,0.5,4.3297,0.8628,0.37,4.627,2.5696,-0.0088
149.001,seguindo,normal,4.9554,2.7347,-2.2371,-2.6758,-0.4387,0.5,4.3323,0.8628,0.37,4.627,2.5696,-0.0044
149.05,seguindo,normal,4.9479,2.7249,-2.2401,-2.697,-0.4569,0.5,4.3275,0.7476,0.37,4.5877,2.5532,-0.0075
149.1,seguindo,normal,4.9405,2.715,-2.2433,-2.7116,-0.4682,0.5,4.3297,0.7476,0.37,4.5877,2.5532,-0.0042
149.15,seguindo,normal,4.9295,2.7002,-2.2532,-2.7357,-0.4824,0.5,4.3332,0.7476,0.37,4.5877,2.5532,0.0014
149.2,seguindo,normal,4.9223,2.6903,-2.2616,-2.7529,-0.4913,0.5,4.3357,0.7476,0.37,4.5877,2.5532,0.0054
149.25,seguindo,normal,4.9117,2.6754,-2.2793,-2.8104,-0.5312,0.5,4.3395,0.7192,0.37,4.5377,2.5468,0.0114
149.3,seguindo,normal,4.9046,2.6655,-2.2928,-2.8286,-0.5358,0.5,4.3421,0.7192,0.37,4.5377,2.5468,0.0154
149.352,seguindo,normal,4.8941,2.6508,-2.3182,-2.8576,-0.5394,0.5,4.3461,0.7192,0.37,4.5377,2.5468,0.0218
149.4,seguindo,normal,4.8871,2.6412,-2.3369,-2.8777,-0.5408,0.5,4.3486,0.7192,0.37,4.5377,2.5468,0.0262
149.45,seguindo,normal,4.8765,2.6269,-2.3678,-2.9454,-0.5776,0.5,4.3523,0.7598,0.37,4.4377,2.5397,0.0327
149.5,seguindo,normal,4.8693,2.6175,-2.3893,-2.9631,-0.5738,0.5,4.3546,0.7598,0.37,4.4377,2.5397,0.0368
149.55,seguindo,normal,4.8581,2.6038,-2.4221,-2.9902,-0.5681,0.5,4.3576,0.7598,0.37,4.4377,2.5397,0.0426
149.6,seguindo,normal,4.8504,2.5949,-2.4441,-3.0086,-0.5645,0.5,4.3594,0.7598,0.37,4.4377,2.5397,0.0469
149.65,seguindo,normal,4.8387,2.5818,-2.4778,-3.0369,-0.5591,0.5,4.3616,0.7598,0.37,4.4377,2.5397,0.0528
149.7,seguindo,normal,4.8306,2.5733,-2.5005,-3.0619,-0.5614,0.5,4.3628,0.8711,0.37,4.3877,2.538,0.0565
149.753,seguindo,normal,4.8185,2.561,-2.536,-3.0881,-0.5521,0.5,4.3644,0.8711,0.37,4.3877,2.538,0.0616
149.8,seguindo,normal,4.8102,2.5531,-2.5602,-3.1058,-0.5457,0.5,4.3651,0.8711,0.37,4.3877,2.538,0.0653
149.85,seguindo,normal,4.7976,2.5415,-2.597,-3.1329,-0.5359,0.5,4.3659,0.8711,0.37,4.3877,2.538,0.0708
149.9,seguindo,normal,4.7889,2.5341,-2.6217,3.1353,-0.5262,0.5,4.366,1.0739,0.37,4.3377,2.537,0.0741
149.95,seguindo,normal,4.776,2.5234,-2.6608,3.1325,-0.4899,0.5,4.3537,1.0739,0.37,4.3466,2.5273,0.0671
150.0,seguindo,normal,4.7672,2.5165,-2.6875,3.116,-0.4797,0.5,4.3534,1.0739,0.37,4.3466,2.5273,0.0703
150.05,seguindo,normal,4.754,2.5067,-2.7289,3.091,-0.4632,0.5,4.3526,1.0739,0.37,4.3466,2.5273,0.0753
150.1,seguindo,normal,4.7451,2.5004,-2.7571,3.0832,-0.4429,0.5,4.3519,1.4046,0.37,4.2966,2.5266,0.0783
150.15,seguindo,normal,4.7312,2.4915,-2.7986,3.0608,-0.4237,0.5,4.3501,1.4046,0.37,4.2966,2.5266,0.0822
150.2,seguindo,normal,4.7215,2.4859,-2.8249,3.0459,-0.4123,0.5,4.3484,1.4046,0.37,4.2966,2.5266,0.0844
150.25,seguindo,normal,4.7067,2.478,-2.864,3.0216,-0.3976,0.5,4.3514,1.4046,0.37,4.2886,2.5284,0.0916
150.3,seguindo,normal,4.6966,2.4731,-2.89,3.0068,-0.3864,0.5,4.349,1.4046,0.37,4.2886,2.5284,0.0938
150.351,seguindo,normal,4.6812,2.4662,-2.9289,3.0026,-0.3517,0.5,4.3449,1.9276,0.37,4.2386,2.5281,0.0966
150.4,seguindo,normal,4.6708,2.4619,-2.9548,2.9897,-0.3388,0.5,4.3418,1.9276,0.37,4.2386,2.5281,0.0982
150.45,seguindo,normal,4.6549,2.456,-2.9929,2.9702,-0.3201,0.5,4.3367,1.9276,0.37,4.2386,2.5281,0.1002
150.5,seguindo,normal,4.644,2.4525,-3.0171,2.9574,-0.3087,0.5,4.3328,1.9276,0.37,4.2386,2.5281,0.1017
150.551,seguindo,normal,4.6274,2.4478,-3.0527,2.9609,-0.2695,0.5,4.3264,2.7521,0.37,4.1886,2.528,0.1032
150.601,seguindo,normal,4.6105,2.4438,-3.0876,2.9446,-0.251,0.5,4.3194,2.7521,0.37,4.1886,2.528,0.1041
150.65,seguindo,normal,4.599,2.4414,-3.1101,2.9338,-0.2393,0.5,4.3143,2.7521,0.37,4.1886,2.528,0.1046
150.7,seguindo,normal,4.5874,2.4394,-3.1322,2.923,-0.2279,0.5,4.309,2.7521,0.37,4.1886,2.528,0.1052
150.75,seguindo,normal,4.5699,2.4368,3.1184,2.9334,-0.185,0.5,4.3005,4.0616,0.37,4.1386,2.528,0.1054
150.8,seguindo,normal,4.558,2.4355,3.0972,2.9246,-0.1726,0.5,4.2945,4.0616,0.37,4.1386,2.528,0.1052
150.851,seguindo,normal,4.5401,2.4341,3.0663,2.9353,-0.131,0.5,4.2709,4.0616,0.37,4.1452,2.5167,0.0913
150.9,seguindo,normal,4.528,2.4335,3.0468,2.9276,-0.1193,0.5,4.2642,4.0616,0.37,4.1452,2.5167,0.0908
150.951,seguindo,normal,4.5097,2.4332,3.0185,2.9421,-0.0764,0.5,4.2537,6.1641,0.37,4.0952,2.517,0.0896
151.0,seguindo,normal,4.4973,2.4333,3.0002,2.9365,-0.0637,0.5,4.2464,6.1641,0.37,4.0952,2.517,0.0886
151.051,seguindo,normal,4.4787,2.434,2.9737,2.9286,-0.0451,0.5,4.235,6.1641,0.37,4.0952,2.517,0.0869
151.1,seguindo,normal,4.4599,2.4354,2.949,2.9466,-0.0024,0.5,4.223,9.5754,0.37,4.0452,2.5173,0.0845
151.151,seguindo,normal,4.4472,2.4367,2.9335,2.9437,0.0102,0.5,4.2146,9.5754,0.37,4.0452,2.5173,0.0826
151.202,seguindo,normal,4.4282,2.4391,2.911,2.94,0.0291,0.5,4.2018,9.5754,0.37,4.0452,2.5173,0.0797
151.25,seguindo,normal,4.4153,2.441,2.8974,2.9611,0.0638,0.5,4.1928,15.1368,0.37,3.9952,2.5177,0.0773
151.301,seguindo,normal,4.3959,2.4445,2.8787,2.961,0.0822,0.5,4.1788,15.1368,0.37,3.9952,2.5177,0.0732
151.35,seguindo,normal,4.3828,2.4471,2.8679,2.9616,0.0937,0.5,4.1693,15.1368,0.37,3.9952,2.5177,0.0703
151.4,seguindo,normal,4.3698,2.45,2.8578,2.9826,0.1248,0.5,4.1595,24.0925,0.37,3.9452,2.5181,0.0673
151.45,seguindo,normal,4.352,2.4544,2.8473,2.9863,0.139,0.5,4.1459,24.0925,0.37,3.9452,2.5181,0.0626
151.5,seguindo,normal,4.3408,2.4573,2.8416,2.9892,0.1476,0.5,4.1372,24.0925,0.37,3.9452,2.5181,0.0595
151.551,seguindo,normal,4.3243,2.4623,2.8398,3.023,0.1832,0.5,4.1179,37.6669,0.37,3.9009,2.5127,0.0512
151.6,seguindo,normal,4.3134,2.4658,2.8413,3.0283,0.187,0.5,4.1088,37.6669,0.37,3.9009,2.5127,0.0476
151.65,seguindo,normal,4.2971,2.4712,2.8457,3.0371,0.1915,0.5,4.0953,37.6669,0.37,3.9009,2.5127,0.042
151.701,seguindo,normal,4.2808,2.4766,2.8517,3.0468,0.1951,0.5,4.0816,37.6669,0.37,3.9009,2.5127,0.0364
151.75,seguindo,normal,4.2699,2.4802,2.856,3.0637,0.2078,0.5,4.0726,54.6246,0.37,3.8509,2.5129,0.0328
151.802,seguindo,normal,4.2536,2.4855,2.8622,3.0736,0.2114,0.5,4.0592,54.6246,0.37,3.8509,2.5129,0.0273
151.85,seguindo,normal,4.2427,2.4889,2.8659,3.0805,0.2145,0.5,4.0503,54.6246,0.37,3.8509,2.5129,0.0239
151.9,seguindo,normal,4.2317,2.4922,2.8692,3.0875,0.2183,0.5,4.0414,54.6246,0.37,3.8509,2.5129,0.0205
151.951,seguindo,normal,4.2152,2.4972,2.8729,3.1031,0.2302,0.5,4.0282,66.3911,0.37,3.801,2.5131,0.0155
152.0,seguindo,normal,4.1985,2.502,2.8761,3.1136,0.2376,0.5,4.015,66.3911,0.37,3.801,2.5131,0.0106
152.05,seguindo,normal,4.1873,2.5052,2.8777,3.121,0.2433,0.5,4.0063,66.3911,0.37,3.801,2.5131,0.0074
152.1,seguindo,normal,4.1761,2.5083,2.8794,3.1288,0.2495,0.5,3.9975,66.3911,0.37,3.801,2.5131,0.0042
152.152,seguindo,normal,4.1592,2.513,2.8818,3.1406,0.2588,0.5,3.9845,62.0712,0.37,3.751,2.5134,-0.0005
152.2,seguindo,normal,4.148,2.5161,2.8833,-3.1348,0.265,0.5,3.9758,62.0712,0.37,3.751,2.5134,-0.0036
152.25,seguindo,normal,4.1312,2.5208,2.8859,-3.1223,0.275,0.5,3.9628,62.0712,0.37,3.751,2.5134,-0.0083
152.3,seguindo,normal,4.1199,2.5238,2.8876,-3.118,0.2775,0.5,3.9542,46.0947,0.37,3.7012,2.514,-0.0114
152.35,seguindo,normal,4.1031,2.5284,2.8902,-3.1057,0.2872,0.5,3.9414,46.0947,0.37,3.7012,2.514,-0.0159
152.4,seguindo,normal,4.0919,2.5314,2.8919,-3.097,0.2943,0.5,3.9328,46.0947,0.37,3.7012,2.514,-0.019
152.45,seguindo,normal,4.075,2.5359,2.8945,-3.0918,0.2969,0.5,3.9201,30.2603,0.37,3.6514,2.5148,-0.0234
152.501,seguindo,normal,4.0581,2.5404,2.8971,-3.0788,0.3072,0.5,3.9074,30.2603,0.37,3.6514,2.5148,-0.0279
152.55,seguindo,normal,4.0469,2.5433,2.8989,-3.0844,0.2998,0.5,3.9064,30.2603,0.37,3.6469,2.5204,-0.025
152.6,seguindo,normal,4.03,2.5477,2.9016,-3.0705,0.311,0.5,3.8938,30.2603,0.37,3.6469,2.5204,-0.0294
152.65,seguindo,normal,4.0188,2.5506,2.9034,-3.0732,0.3066,0.5,3.8855,19.0298,0.37,3.5972,2.5217,-0.0323
152.7,seguindo,normal,4.0075,2.5535,2.9051,-3.0643,0.3137,0.5,3.8772,19.0298,0.37,3.5972,2.5217,-0.0352
152.751,seguindo,normal,3.9906,2.5577,2.9078,-3.0502,0.3251,0.5,3.8648,19.0298,0.37,3.5972,2.5217,-0.0394
152.8,seguindo,normal,3.9737,2.562,2.9105,-3.035,0.3376,0.5,3.8525,19.0298,0.37,3.5972,2.5217,-0.0436
152.85,seguindo,normal,3.9648,2.5646,2.9181,-3.0437,0.3214,0.5,3.8456,11.9034,0.37,3.5479,2.5237,-0.0463
152.9,seguindo,normal,3.9561,2.5674,2.9275,-3.035,0.3206,0.5,3.8388,11.9034,0.37,3.5479,2.5237,-0.049
152.95,seguindo,normal,3.9429,2.5717,2.9465,-3.0206,0.316,0.5,3.8284,11.9034,0.37,3.5479,2.5237,-0.0533
153.0,seguindo,normal,3.934,2.5746,2.9615,-3.0105,0.3112,0.5,3.8214,11.9034,0.37,3.5479,2.5237,-0.0562
153.05,seguindo,normal,3.9207,2.5792,2.9895,-3.0179,0.2758,0.5,3.8107,7.5172,0.37,3.4989,2.5268,-0.0608
153.1,seguindo,normal,3.9117,2.5822,3.0104,-3.0081,0.2647,0.5,3.8035,7.5172,0.37,3.4989,2.5268,-0.0638
153.15,seguindo,normal,3.8982,2.5865,3.0433,-2.9932,0.2468,0.5,3.7931,7.5172,0.37,3.4989,2.5268,-0.068
153.2,seguindo,normal,3.8891,2.5891,3.0657,-2.9832,0.2342,0.5,3.7863,7.5172,0.37,3.4989,2.5268,-0.0706
153.25,seguindo,normal,3.8756,2.5926,3.0994,-2.9685,0.2153,0.5,3.7765,7.5172,0.37,3.4989,2.5268,-0.0741
153.3,seguindo,normal,3.8666,2.5947,3.1213,-2.9905,0.1714,0.5,3.7702,4.8214,0.37,3.4506,2.5314,-0.0762
153.35,seguindo,normal,3.8531,2.5973,-3.1314,-2.9794,0.1521,0.5,3.7613,4.8214,0.37,3.4506,2.5314,-0.0787
153.4,seguindo,normal,3.844,2.5985,-3.1135,-2.9725,0.141,0.5,3.7557,4.8214,0.37,3.4506,2.5314,-0.0799
153.452,seguindo,normal,3.8301,2.6001,-3.0879,-2.9713,0.1166,0.5,3.7535,4.8214,0.37,3.439,2.5328,-0.0811
153.5,seguindo,normal,3.8161,2.6012,-3.0625,-2.9622,0.1003,0.5,3.7457,4.8214,0.37,3.439,2.5328,-0.0821
153.55,seguindo,normal,3.8067,2.6017,-3.0462,-2.9933,0.0529,0.5,3.7407,3.15,0.37,3.3915,2.5397,-0.0826
153.6,seguindo,normal,3.7973,2.6021,-3.0301,-2.9891,0.041,0.5,3.7358,3.15,0.37,3.3915,2.5397,-0.0828
153.65,seguindo,normal,3.783,2.6022,-3.0067,-2.9832,0.0234,0.5,3.7288,3.15,0.37,3.3915,2.5397,-0.0829
153.7,seguindo,normal,3.7734,2.6021,-2.9914,-2.9796,0.0118,0.5,3.7243,3.15,0.37,3.3915,2.5397,-0.0827
153.75,seguindo,normal,3.7588,2.6015,-2.9699,-3.0164,-0.0465,0.5,3.7179,2.1014,0.37,3.3453,2.5495,-0.082
153.8,seguindo,normal,3.7489,2.6008,-2.9572,-3.0151,-0.0579,0.5,3.7139,2.1014,0.37,3.3453,2.5495,-0.0811
153.851,seguindo,normal,3.7339,2.5993,-2.939,-3.0139,-0.0749,0.5,3.7081,2.1014,0.37,3.3453,2.5495,-0.0796
153.9,seguindo,normal,3.7238,2.5982,-2.9276,-3.0136,-0.086,0.5,3.7044,2.1014,0.37,3.3453,2.5495,-0.0783
153.95,seguindo,normal,3.7072,2.5956,-2.9136,-3.0612,-0.1476,0.5,3.699,1.4359,0.37,3.3009,2.5628,-0.0755
154.0,seguindo,normal,3.6955,2.5934,-2.9064,-3.0642,-0.1578,0.5,3.6955,1.4359,0.37,3.3009,2.5628,-0.0732
154.051,seguindo,normal,3.6794,2.5899,-2.9012,-3.0701,-0.1689,0.5,3.6913,1.4359,0.37,3.3009,2.5628,-0.0694
154.1,seguindo,normal,3.6641,2.5863,-2.8995,-3.077,-0.1775,0.5,3.6875,1.4359,0.37,3.3009,2.5628,-0.0655
154.15,seguindo,normal,3.6562,2.5844,-2.8997,3.1241,-0.2594,0.5,3.6939,1.0101,0.37,3.2555,2.5914,-0.056
154.2,seguindo,normal,3.6482,2.5824,-2.8999,3.1187,-0.2646,0.5,3.6922,1.0101,0.37,3.2555,2.5914,-0.0538
154.25,seguindo,normal,3.6384,2.58,-2.9002,3.1118,-0.2712,0.5,3.6901,1.0101,0.37,3.2555,2.5914,-0.0511
154.3,seguindo,normal,3.6326,2.5785,-2.9003,3.1075,-0.2753,0.5,3.6888,1.0101,0.37,3.2555,2.5914,-0.0495
154.35,seguindo,normal,3.6268,2.577,-2.9016,3.1029,-0.2786,0.5,3.6877,1.0101,0.37,3.2555,2.5914,-0.0477
154.4,seguindo,normal,3.6241,2.5762,-2.9027,3.1006,-0.2799,0.5,3.6872,1.0101,0.37,3.2555,2.5914,-0.0469
154.45,seguindo,normal,3.6173,2.5746,-2.9018,3.0952,-0.2862,0.5,3.6857,1.0101,0.37,3.2555,2.5914,-0.045
154.5,seguindo,normal,3.6113,2.5732,-2.9002,3.0907,-0.2922,0.5,3.6843,1.0101,0.37,3.2555,2.5914,-0.0434
154.55,seguindo,normal,3.5998,2.5704,-2.8985,3.0277,-0.357,0.5,3.6819,0.7372,0.37,3.2165,2.6143,-0.0402
154.6,seguindo,normal,3.5862,2.5671,-2.8978,3.0147,-0.3707,0.5,3.6791,0.7372,0.37,3.2165,2.6143,-0.0364
154.65,seguindo,normal,3.5747,2.5641,-2.8991,3.0025,-0.3817,0.5,3.6769,0.7372,0.37,3.2165,2.6143,-0.0329
154.7,seguindo,normal,3.557,2.5595,-2.9019,2.925,-0.4563,0.5,3.6736,0.5637,0.37,3.1811,2.6423,-0.0274
154.752,seguindo,normal,3.5449,2.5562,-2.9063,2.9094,-0.4675,0.5,3.6716,0.5637,0.37,3.1811,2.6423,-0.0234
154.802,seguindo,normal,3.5327,2.553,-2.9108,2.8929,-0.4794,0.5,3.6695,0.5637,0.37,3.1811,2.6423,-0.0195
154.85,seguindo,normal,3.5155,2.548,-2.9229,2.8669,-0.4933,0.5,3.667,0.5637,0.37,3.1811,2.6423,-0.0133
154.9,seguindo,normal,3.5044,2.5448,-2.9325,2.7899,-0.5608,0.4566,3.6654,0.4566,0.37,3.1496,2.675,-0.0093
154.95,seguindo,normal,3.4877,2.5398,-2.9519,2.7611,-0.5702,0.4566,3.6633,0.4566,0.37,3.1496,2.675,-0.0031
155.0,seguindo,normal,3.4764,2.5365,-2.9666,2.7407,-0.5759,0.4566,3.6618,0.4566,0.37,3.1496,2.675,0.0012
155.05,seguindo,normal,3.4595,2.5315,-2.9937,2.7078,-0.5817,0.4566,3.6597,0.4566,0.37,3.1496,2.675,0.008
155.1,seguindo,normal,3.4481,2.5283,-3.0135,2.5706,-0.6991,0.3944,3.6582,0.3944,0.37,3.0986,2.7528,0.0124
155.15,seguindo,normal,3.4311,2.5237,-3.0455,2.5382,-0.6995,0.3944,3.6558,0.3944,0.37,3.0986,2.7528,0.0188
155.2,seguindo,normal,3.4196,2.5209,-3.0676,2.5161,-0.6996,0.3944,3.654,0.3944,0.37,3.0986,2.7528,0.0233
155.25,seguindo,normal,3.4024,2.5172,-3.101,2.4301,-0.7521,0.3659,3.6508,0.3659,0.37,3.0786,2.7963,0.0296
155.301,seguindo,normal,3.3851,2.5141,-3.1345,2.3973,-0.7514,0.3659,3.6472,0.3659,0.37,3.0786,2.7963,0.0353
155.35,seguindo,normal,3.3741,2.512,3.1228,2.37,-0.7528,0.3659,3.6524,0.3659,0.37,3.0734,2.8045,0.0422
155.4,seguindo,normal,3.363,2.5103,3.0968,2.3483,-0.7486,0.3659,3.6501,0.3659,0.37,3.0734,2.8045,0.0462
155.45,seguindo,normal,3.3464,2.5081,3.0569,2.3152,-0.7417,0.3659,3.6462,0.3659,0.37,3.0734,2.8045,0.0521
155.5,seguindo,normal,3.3354,2.5069,3.03,2.2518,-0.7781,0.3653,3.6434,0.3653,0.37,3.0572,2.8503,0.0557
155.551,seguindo,normal,3.319,2.5051,2.9803,2.2198,-0.7605,0.3653,3.6394,0.3653,0.37,3.0572,2.8503,0.0612
155.6,seguindo,normal,3.3082,2.5038,2.9417,2.1978,-0.7439,0.3653,3.6368,0.3653,0.37,3.0572,2.8503,0.0656
155.65,seguindo,normal,3.2918,2.5026,2.881,2.1644,-0.7165,0.3653,3.6324,0.3653,0.37,3.0572,2.8503,0.0718
155.7,seguindo,normal,3.281,2.5021,2.8389,2.1421,-0.6968,0.387,3.6291,0.387,0.37,3.0572,2.8503,0.0756
155.75,seguindo,normal,3.2649,2.502,2.773,2.1116,-0.6614,0.387,3.6194,0.387,0.37,3.0584,2.8459,0.0775
155.8,seguindo,normal,3.2544,2.5023,2.7276,2.0893,-0.6383,0.387,3.6156,0.387,0.37,3.0584,2.8459,0.0813
155.85,seguindo,normal,3.239,2.5035,2.658,2.0561,-0.6019,0.387,3.6094,0.387,0.37,3.0584,2.8459,0.0865
155.9,seguindo,normal,3.229,2.5046,2.6111,2.0137,-0.5974,0.431,3.605,0.431,0.37,3.0447,2.8932,0.0895
155.95,seguindo,normal,3.2145,2.5071,2.5415,1.9826,-0.5589,0.431,3.5958,0.431,0.37,3.0464,2.8919,0.0893
156.0,seguindo,normal,3.2052,2.5092,2.4969,1.9642,-0.5327,0.431,3.5909,0.431,0.37,3.0464,2.8919,0.0914
156.05,seguindo,normal,3.1915,2.5133,2.4343,1.9368,-0.4975,0.431,3.5827,0.431,0.37,3.0464,2.8919,0.0949
156.1,seguindo,normal,3.1824,2.5168,2.3949,1.9186,-0.4762,0.431,3.5766,0.431,0.37,3.0464,2.8919,0.0967
156.15,seguindo,normal,3.1692,2.5231,2.3377,1.881,-0.4567,0.5,3.5666,0.5,0.37,3.0354,2.9403,0.0984
156.2,seguindo,normal,3.1565,2.5302,2.2819,1.8578,-0.424,0.5,3.5559,0.5,0.37,3.0354,2.9403,0.0989
156.251,seguindo,normal,3.1482,2.5355,2.2452,1.8425,-0.4027,0.5,3.5483,0.5,0.37,3.0354,2.9403,0.0994
156.301,seguindo,normal,3.136,2.5438,2.1895,1.8192,-0.3702,0.5,3.5367,0.5,0.37,3.0354,2.9403,0.1007
156.35,seguindo,normal,3.128,2.5497,2.1518,1.8401,-0.3116,0.5,3.5302,0.5,0.37,3.0209,2.9375,0.0937
156.4,seguindo,normal,3.1201,2.5557,2.1136,1.8186,-0.295,0.5,3.522,0.601,0.37,3.0112,2.9865,0.0939
156.45,seguindo,normal,3.1086,2.5652,2.0555,1.798,-0.2575,0.5,3.5095,0.601,0.37,3.0112,2.9865,0.0938
156.5,seguindo,normal,3.1009,2.5718,2.0167,1.784,-0.2328,0.5,3.5009,0.601,0.37,3.0112,2.9865,0.0936
156.55,seguindo,normal,3.0901,2.5828,1.9616,1.764,-0.1976,0.5,3.4871,0.601,0.37,3.0112,2.9865,0.0935
156.601,seguindo,normal,3.0802,2.5947,1.9089,1.744,-0.165,0.5,3.4727,0.7406,0.37,3.003,3.0359,0.0926
156.65,seguindo,normal,3.0741,2.6038,1.8778,1.732,-0.1459,0.5,3.473,0.7406,0.37,3.002,3.0473,0.1005
156.7,seguindo,normal,3.0684,2.613,1.8477,1.7225,-0.1253,0.5,3.4625,0.7406,0.37,3.002,3.0473,0.0982
156.75,seguindo,normal,3.0605,2.6276,1.8052,1.7093,-0.0959,0.5,3.4461,0.7406,0.37,3.002,3.0473,0.0942
156.8,seguindo,normal,3.0557,2.6377,1.778,1.7012,-0.0769,0.5,3.4351,0.7406,0.37,3.002,3.0473,0.092
156.85,seguindo,normal,3.0493,2.6538,1.7411,1.6927,-0.0484,0.5,3.4178,0.9193,0.37,2.995,3.0969,0.0876
156.9,seguindo,normal,3.0455,2.6649,1.7185,1.6871,-0.0314,0.5,3.406,0.9193,0.37,2.995,3.0969,0.084
156.95,seguindo,normal,3.0404,2.6823,1.6877,1.6994,0.0118,0.5,3.3945,0.9193,0.37,2.9862,3.1018,0.0771
157.0,seguindo,normal,3.0375,2.6942,1.6686,1.696,0.0275,0.5,3.3823,0.9193,0.37,2.9862,3.1018,0.073
157.05,seguindo,normal,3.0337,2.7126,1.6427,1.6924,0.0497,0.5,3.3637,0.9193,0.37,2.9862,3.1018,0.0669
157.1,seguindo,normal,3.0316,2.7251,1.6268,1.6908,0.064,0.5,3.3511,1.1286,0.37,2.9802,3.1516,0.0624
157.15,seguindo,normal,3.0292,2.7429,1.6083,1.6903,0.082,0.5,3.3334,1.1286,0.37,2.9802,3.1516,0.0554
157.2,seguindo,normal,3.0281,2.7545,1.5987,1.6908,0.0922,0.5,3.3221,1.1286,0.37,2.9802,3.1516,0.0514
157.25,seguindo,normal,3.0269,2.7719,1.5896,1.6934,0.1038,0.5,3.3052,1.1286,0.37,2.9802,3.1516,0.0451
157.301,seguindo,normal,3.0262,2.7894,1.5842,1.6933,0.109,0.5,3.2884,1.3446,0.37,2.9755,3.2014,0.0383
157.35,seguindo,normal,3.0262,2.801,1.5855,1.6966,0.1111,0.5,3.2774,1.3446,0.37,2.9755,3.2014,0.0335
157.4,seguindo,normal,3.0261,2.8126,1.587,1.7002,0.1132,0.5,3.2664,1.3446,0.37,2.9755,3.2014,0.0295
157.45,seguindo,normal,3.0261,2.8299,1.5901,1.6984,0.1082,0.5,3.25,1.5398,0.37,2.972,3.2513,0.0234
157.5,seguindo,normal,3.026,2.8414,1.5925,1.7018,0.1093,0.5,3.2391,1.5398,0.37,2.972,3.2513,0.0194
157.55,seguindo,normal,3.0259,2.8587,1.596,1.7072,0.1112,0.5,3.2227,1.5398,0.37,2.972,3.2513,0.0136
157.6,seguindo,normal,3.0258,2.8703,1.5983,1.711,0.1127,0.5,3.2117,1.5398,0.37,2.972,3.2513,0.0104
157.651,seguindo,normal,3.0255,2.8876,1.6014,1.7056,0.1042,0.5,3.1952,1.7125,0.37,2.9694,3.3013,0.0055
157.7,seguindo,normal,3.0253,2.8992,1.6033,1.7089,0.1056,0.5,3.1842,1.7125,0.37,2.9694,3.3013,0.0023
157.75,seguindo,normal,3.0249,2.9166,1.6061,1.7142,0.108,0.5,3.1677,1.7125,0.37,2.9694,3.3013,-0.002
157.8,seguindo,normal,3.0247,2.9283,1.608,1.7179,0.1099,0.5,3.1566,1.7125,0.37,2.9694,3.3013,-0.0047
157.85,seguindo,normal,3.0242,2.9457,1.6107,1.7245,0.1139,0.5,3.1357,1.9001,0.37,2.9625,3.3439,-0.0199
157.9,seguindo,normal,3.0239,2.9573,1.6124,1.7283,0.1158,0.5,3.1246,1.9001,0.37,2.9625,3.3439,-0.0221
157.95,seguindo,normal,3.0234,2.9748,1.615,1.7342,0.1191,0.5,3.1079,1.9001,0.37,2.9625,3.3439,-0.025
158.0,seguindo,normal,3.023,2.9864,1.6167,1.7203,0.1036,0.5,3.0968,2.17,0.37,2.9616,3.3939,-0.027
158.05,seguindo,normal,3.0224,3.0038,1.6193,1.7253,0.1061,0.5,3.0802,2.17,0.37,2.9616,3.3939,-0.0298
158.1,seguindo,normal,3.0219,3.0155,1.621,1.7289,0.1079,0.5,3.069,2.17,0.37,2.9616,3.3939,-0.0313
158.15,seguindo,normal,3.0212,3.0329,1.6236,1.7168,0.0932,0.5,3.0524,2.6241,0.37,2.9608,3.444,-0.0336
158.2,seguindo,normal,3.0208,3.0445,1.6253,1.7198,0.0945,0.5,3.0413,2.6241,0.37,2.9608,3.444,-0.035
158.25,seguindo,normal,3.02,3.0619,1.628,1.7245,0.0965,0.5,3.0246,2.6241,0.37,2.9608,3.444,-0.0368
158.3,seguindo,normal,3.0195,3.0735,1.6299,1.7279,0.098,0.5,3.0135,2.6241,0.37,2.9608,3.444,-0.0379
158.35,seguindo,normal,3.0186,3.0909,1.6326,1.7156,0.083,0.5,2.9969,3.4682,0.37,2.9599,3.494,-0.0395
158.4,seguindo,normal,3.0181,3.1025,1.6344,1.7184,0.084,0.5,2.9857,3.4682,0.37,2.9599,3.494,-0.0404
158.45,seguindo,normal,3.0172,3.12,1.6371,1.7228,0.0857,0.5,2.9691,3.4682,0.37,2.9599,3.494,-0.0414
158.5,seguindo,normal,3.0165,3.1316,1.6389,1.7105,0.0716,0.5,2.958,5.3535,0.37,2.9585,3.544,-0.042
158.55,seguindo,normal,3.0155,3.149,1.6416,1.7141,0.0725,0.5,2.9413,5.3535,0.37,2.9585,3.544,-0.0429
158.6,seguindo,normal,3.0148,3.1606,1.6434,1.7167,0.0733,0.5,2.9302,5.3535,0.37,2.9585,3.544,-0.0432
158.65,seguindo,normal,3.0138,3.178,1.646,1.7079,0.0618,0.5,2.9135,12.5782,0.37,2.9564,3.594,-0.0435
158.7,seguindo,normal,3.0126,3.1954,1.6486,1.711,0.0624,0.5,2.8967,12.5782,0.37,2.9564,3.594,-0.0438
158.75,seguindo,normal,3.0119,3.207,1.6503,1.7132,0.0628,0.5,2.8856,12.5782,0.37,2.9564,3.594,-0.0438
158.8,seguindo,normal,3.0107,3.2244,1.6529,1.7071,0.0542,0.5,2.8689,30.0329,0.37,2.9531,3.6441,-0.0436
158.85,seguindo,normal,3.0099,3.236,1.6548,1.6987,0.0439,0.5,2.8593,30.0329,0.37,2.957,3.6472,-0.0396
158.903,seguindo,normal,3.0086,3.2534,1.6575,1.7011,0.0436,0.5,2.8426,30.0329,0.37,2.957,3.6472,-0.0392
158.95,seguindo,normal,3.0077,3.2649,1.6594,1.7028,0.0434,0.5,2.8315,30.0329,0.37,2.957,3.6472,-0.0388
159.0,seguindo,normal,3.0068,3.2765,1.6612,1.7,0.0388,0.5,2.8203,6.5185,0.37,2.9522,3.6973,-0.0384
159.05,seguindo,normal,3.0055,3.2939,1.6639,1.7022,0.0382,0.5,2.8036,6.5185,0.37,2.9522,3.6973,-0.0377
159.1,seguindo,normal,3.0045,3.3055,1.6657,1.7036,0.0379,0.5,2.7925,6.5185,0.37,2.9522,3.6973,-0.0371
159.15,seguindo,normal,3.0031,3.3229,1.6684,1.7059,0.0375,0.5,2.7757,6.5185,0.37,2.9522,3.6973,-0.0361
159.201,seguindo,normal,3.0016,3.3402,1.6711,1.7078,0.0367,0.5,2.759,3.541,0.37,2.9454,3.7474,-0.0351
159.25,seguindo,normal,3.0005,3.3518,1.6729,1.7092,0.0364,0.5,2.7478,3.541,0.37,2.9454,3.7474,-0.0343
159.3,seguindo,normal,2.9995,3.3634,1.6746,1.7106,0.036,0.5,2.7366,3.541,0.37,2.9454,3.7474,-0.0335
159.35,seguindo,normal,2.9979,3.3808,1.6772,1.7171,0.0399,0.5,2.7199,2.3882,0.37,2.9364,3.7975,-0.0322
159.4,seguindo,normal,2.9968,3.3923,1.679,1.7186,0.0396,0.5,2.7087,2.3882,0.37,2.9364,3.7975,-0.0313
159.45,seguindo,normal,2.9951,3.4097,1.6818,1.7209,0.0391,0.5,2.6919,2.3882,0.37,2.9364,3.7975,-0.0299
159.5,seguindo,normal,2.9939,3.4212,1.6836,1.7224,0.0388,0.5,2.6808,2.3882,0.37,2.9364,3.7975,-0.0289
159.55,seguindo,normal,2.9922,3.4386,1.6863,1.7335,0.0472,0.5,2.664,1.8015,0.37,2.925,3.8477,-0.0274
159.6,seguindo,normal,2.991,3.4501,1.6881,1.7352,0.0471,0.5,2.6528,1.8015,0.37,2.925,3.8477,-0.0264
159.65,seguindo,normal,2.9891,3.4675,1.6908,1.7378,0.047,0.5,2.6361,1.8015,0.37,2.925,3.8477,-0.0249
159.7,seguindo,normal,2.9872,3.4848,1.6936,1.7528,0.0592,0.5,2.6193,1.4754,0.37,2.9112,3.898,-0.0233
159.751,seguindo,normal,2.9859,3.4963,1.6955,1.7734,0.0779,0.5,2.6134,1.4754,0.37,2.9027,3.9017,-0.0238
159.8,seguindo,normal,2.984,3.5136,1.6982,1.7773,0.0791,0.5,2.5967,1.4754,0.37,2.9027,3.9017,-0.0226
159.853,seguindo,normal,2.9826,3.5252,1.7,1.7801,0.08,0.5,2.5856,1.4754,0.37,2.9027,3.9017,-0.0217
159.9,seguindo,normal,2.9813,3.5367,1.7018,1.7967,0.0949,0.5,2.5744,1.3005,0.37,2.8859,3.9517,-0.0209
159.95,seguindo,normal,2.9792,3.554,1.7044,1.8012,0.0968,0.5,2.5577,1.3005,0.37,2.8859,3.9517,-0.0196
160.0,seguindo,normal,2.9778,3.5656,1.706,1.8044,0.0983,0.5,2.5465,1.3005,0.37,2.8859,3.9517,-0.0188
160.05,seguindo,normal,2.9756,3.5829,1.7087,1.8237,0.115,0.5,2.5298,1.2315,0.37,2.8674,4.0016,-0.0177
160.1,seguindo,normal,2.9741,3.5944,1.7105,1.8272,0.1167,0.5,2.5187,1.2315,0.37,2.8674,4.0016,-0.0169
160.151,seguindo,normal,2.9719,3.6117,1.7132,1.8327,0.1195,0.5,2.5019,1.2315,0.37,2.8674,4.0016,-0.0159
160.2,seguindo,normal,2.9704,3.6232,1.7151,1.8366,0.1215,0.5,2.4908,1.2315,0.37,2.8674,4.0016,-0.0153
160.25,seguindo,normal,2.9681,3.6405,1.7179,1.8559,0.1381,0.5,2.4741,1.2531,0.37,2.8476,4.0516,-0.0144
160.3,seguindo,normal,2.9665,3.652,1.7196,1.8601,0.1405,0.5,2.4629,1.2531,0.37,2.8476,4.0516,-0.0138
160.35,seguindo,normal,2.9641,3.6693,1.7223,1.8667,0.1444,0.5,2.4462,1.2531,0.37,2.8476,4.0516,-0.0134
160.4,seguindo,normal,2.9617,3.6866,1.7249,1.8848,0.1599,0.5,2.4294,1.3707,0.37,2.8269,4.1016,-0.0129
160.45,seguindo,normal,2.96,3.6981,1.7267,1.8894,0.1628,0.5,2.4183,1.3707,0.37,2.8269,4.1016,-0.0125
160.5,seguindo,normal,2.9575,3.7153,1.7294,1.8968,0.1675,0.5,2.4015,1.3707,0.37,2.8269,4.1016,-0.0124
160.55,seguindo,normal,2.9558,3.7268,1.7313,1.9021,0.1708,0.5,2.3904,1.3707,0.37,2.8269,4.1016,-0.0125
160.6,seguindo,normal,2.9533,3.744,1.7341,1.918,0.1839,0.5,2.3736,1.6126,0.37,2.8058,4.1516,-0.0125
160.65,seguindo,normal,2.9515,3.7555,1.7359,1.9234,0.1875,0.5,2.3625,1.6126,0.37,2.8058,4.1516,-0.0126
160.7,seguindo,normal,2.9497,3.767,1.7377,1.929,0.1913,0.5,2.3513,1.6126,0.37,2.8058,4.1516,-0.013
160.75,seguindo,normal,2.947,3.7842,1.7404,1.9662,0.2258,0.5,2.341,1.6126,0.37,2.7931,4.1531,-0.0201
160.8,seguindo,normal,2.9452,3.7957,1.7422,1.9732,0.231,0.5,2.3299,2.0419,0.37,2.7931,4.1531,-0.0207
160.85,seguindo,normal,2.9424,3.8129,1.7448,1.9845,0.2396,0.5,2.3132,2.0419,0.37,2.7931,4.1531,-0.0217
160.9,seguindo,normal,2.9405,3.8244,1.7466,1.9925,0.2458,0.5,2.3021,2.0419,0.37,2.7931,4.1531,-0.0228
160.95,seguindo,normal,2.9377,3.8416,1.7493,2.0034,0.2541,0.5,2.2854,2.7868,0.37,2.7709,4.2028,-0.0243
161.0,seguindo,normal,2.9357,3.8531,1.7511,2.0113,0.2602,0.5,2.2743,2.7868,0.37,2.7709,4.2028,-0.0254
161.05,seguindo,normal,2.9328,3.8702,1.7538,2.024,0.2702,0.5,2.2576,2.7868,0.37,2.7709,4.2028,-0.0272
161.101,seguindo,normal,2.9298,3.8874,1.7565,2.0377,0.2812,0.5,2.2409,2.7868,0.37,2.7709,4.2028,-0.0295
161.151,seguindo,normal,2.9278,3.8989,1.7583,2.0402,0.2819,0.5,2.2298,4.0833,0.37,2.7485,4.2525,-0.0309
161.2,seguindo,normal,2.9258,3.9103,1.7601,2.0489,0.2888,0.5,2.2186,4.0833,0.37,2.7485,4.2525,-0.0324
161.25,seguindo,normal,2.9227,3.9274,1.7629,2.0629,0.3001,0.5,2.202,4.0833,0.37,2.7485,4.2525,-0.035
161.3,seguindo,normal,2.9206,3.9389,1.7646,2.0729,0.3082,0.5,2.1908,4.0833,0.37,2.7485,4.2525,-0.0368
161.35,seguindo,normal,2.9175,3.956,1.7673,2.036,0.2687,0.5,2.1741,6.7158,1.0,2.4447,4.8978,-0.0395
161.4,seguindo,normal,2.9153,3.9675,1.7691,2.0391,0.2699,0.5,2.163,6.7158,1.0,2.4447,4.8978,-0.0413
161.45,seguindo,normal,2.9121,3.9846,1.7718,2.0438,0.272,0.5,2.1463,6.7158,1.0,2.4447,4.8978,-0.0444
161.5,seguindo,normal,2.9099,3.996,1.7736,2.047,0.2734,0.5,2.1351,6.7158,1.0,2.4447,4.8978,-0.0465
161.55,seguindo,normal,2.9066,4.0131,1.7761,2.0498,0.2737,0.5,2.1184,9.5266,1.0,2.4213,4.9475,-0.0496
161.601,seguindo,normal,2.9032,4.0303,1.7785,2.0545,0.276,0.5,2.1016,9.5266,1.0,2.4213,4.9475,-0.0528
161.65,seguindo,normal,2.9018,4.0395,1.7859,2.0543,0.2683,0.5,2.1077,9.5266,1.0,2.4174,4.9621,-0.0566
161.7,seguindo,normal,2.9006,4.0485,1.7954,2.0573,0.2619,0.5,2.0991,9.5266,1.0,2.4174,4.9621,-0.0589
161.751,seguindo,normal,2.8989,4.0623,1.8146,2.0622,0.2476,0.5,2.0861,9.5266,1.0,2.4174,4.9621,-0.0625
161.8,seguindo,normal,2.8979,4.0714,1.8308,2.0628,0.232,0.5,2.0776,11.4227,1.0,2.3938,5.0119,-0.0651
161.85,seguindo,normal,2.8964,4.0855,1.8595,2.0679,0.2084,0.5,2.0645,11.4227,1.0,2.3938,5.0119,-0.069
161.9,seguindo,normal,2.8954,4.0949,1.8817,2.0713,0.1896,0.5,2.0557,11.4227,1.0,2.3938,5.0119,-0.0716
161.95,seguindo,normal,2.8937,4.1087,1.9167,2.0763,0.1596,0.5,2.0428,11.4227,1.0,2.3938,5.0119,-0.0755
162.0,seguindo,normal,2.8923,4.1178,1.9398,2.0794,0.1397,0.5,2.0341,11.4227,1.0,2.3938,5.0119,-0.0778
162.05,seguindo,normal,2.8897,4.1313,1.9726,2.0802,0.1076,0.5,2.0209,11.679,1.0,2.3701,5.0616,-0.0807
162.1,seguindo,normal,2.8877,4.1402,1.9933,2.0826,0.0893,0.5,2.0122,11.679,1.0,2.3701,5.0616,-0.0823
162.15,seguindo,normal,2.884,4.1534,2.0206,2.0857,0.0651,0.5,1.9988,11.679,1.0,2.3701,5.0616,-0.0841
162.2,seguindo,normal,2.881,4.1624,2.037,2.0875,0.0505,0.5,1.9895,11.679,1.0,2.3701,5.0616,-0.085
162.25,seguindo,normal,2.8761,4.1759,2.0597,2.0899,0.0302,0.5,1.9753,11.679,1.0,2.3701,5.0616,-0.0859
162.3,seguindo,normal,2.8726,4.185,2.0741,2.0874,0.0133,0.5,1.9657,11.5735,1.0,2.3463,5.1113,-0.0863
162.35,seguindo,normal,2.8669,4.1985,2.0951,2.0891,-0.006,0.5,1.9511,11.5735,1.0,2.3463,5.1113,-0.0865
162.4,seguindo,normal,2.8628,4.2075,2.1082,2.09,-0.0182,0.5,1.9412,11.5735,1.0,2.3463,5.1113,-0.0865
162.45,seguindo,normal,2.8564,4.221,2.127,2.0911,-0.0359,0.5,1.9263,11.5735,1.0,2.3463,5.1113,-0.086
162.5,seguindo,normal,2.8518,4.2301,2.1382,2.0877,-0.0505,0.5,1.9161,12.5004,1.0,2.3226,5.161,-0.0855
162.55,seguindo,normal,2.8435,4.2449,2.1525,2.0879,-0.0646,0.5,1.8992,12.5004,1.0,2.3226,5.161,-0.084
162.6,seguindo,normal,2.8375,4.2553,2.1608,2.0877,-0.0731,0.5,1.8872,12.5004,1.0,2.3226,5.161,-0.0826
162.65,seguindo,normal,2.8278,4.2704,2.1663,2.0868,-0.0795,0.5,1.8693,12.5004,1.0,2.3226,5.161,-0.08
162.7,seguindo,normal,2.8212,4.2803,2.1674,2.0823,-0.0851,0.5,1.8574,16.1241,1.0,2.299,5.2107,-0.078
162.75,seguindo,normal,2.8112,4.2951,2.1678,2.0808,-0.0869,0.5,1.8396,16.1241,1.0,2.299,5.2107,-0.0749
162.8,seguindo,normal,2.8045,4.305,2.1677,2.0798,-0.0879,0.5,1.8277,16.1241,1.0,2.299,5.2107,-0.0728
162.85,seguindo,normal,2.7945,4.3197,2.1679,2.0748,-0.0931,0.5,1.81,19.2872,1.0,2.2756,5.2605,-0.0698
162.9,seguindo,normal,2.7878,4.3295,2.1681,2.0738,-0.0943,0.5,1.7982,19.2872,1.0,2.2756,5.2605,-0.0678
162.95,seguindo,normal,2.7779,4.3442,2.1692,2.0427,-0.1266,0.5,1.7833,19.2872,1.0,2.3017,5.2774,-0.0605
163.0,seguindo,normal,2.7714,4.354,2.1702,2.0413,-0.1289,0.5,1.7717,19.2872,1.0,2.3017,5.2774,-0.0583
163.05,seguindo,normal,2.7616,4.3685,2.1724,2.0393,-0.1332,0.5,1.7543,19.2872,1.0,2.3017,5.2774,-0.0551
163.1,seguindo,normal,2.7552,4.3782,2.1742,2.035,-0.1392,0.5,1.7427,20.1538,1.0,2.2797,5.3277,-0.0529
163.15,seguindo,normal,2.7455,4.3926,2.1771,2.0329,-0.1442,0.5,1.7255,20.1538,1.0,2.2797,5.3277,-0.0497
163.2,seguindo,normal,2.739,4.4022,2.1792,2.0314,-0.1478,0.5,1.714,20.1538,1.0,2.2797,5.3277,-0.0476
163.25,seguindo,normal,2.7293,4.4166,2.1823,2.0267,-0.1556,0.5,1.6967,18.2249,1.0,2.2578,5.378,-0.0444
163.3,seguindo,normal,2.7227,4.4262,2.1843,2.0252,-0.1592,0.5,1.6853,18.2249,1.0,2.2578,5.378,-0.0422
163.35,seguindo,normal,2.7129,4.4405,2.1873,2.0227,-0.1646,0.5,1.668,18.2249,1.0,2.2578,5.378,-0.039
163.4,seguindo,normal,2.7063,4.4501,2.1893,2.021,-0.1683,0.5,1.6566,18.2249,1.0,2.2578,5.378,-0.0368
163.45,seguindo,normal,2.6964,4.4644,2.1922,2.0166,-0.1756,0.5,1.6393,21.0051,1.0,2.2357,5.4283,-0.0335
163.501,seguindo,normal,2.6864,4.4786,2.195,2.0139,-0.1811,0.5,1.6221,21.0051,1.0,2.2357,5.4283,-0.0301
163.552,seguindo,normal,2.6798,4.4881,2.1968,2.012,-0.1848,0.5,1.6106,21.0051,1.0,2.2357,5.4283,-0.0279
163.601,seguindo,normal,2.6697,4.5024,2.1994,2.0091,-0.1903,0.5,1.5934,21.0051,1.0,2.2357,5.4283,-0.0244
163.65,seguindo,normal,2.6629,4.5119,2.201,2.0062,-0.1948,0.5,1.5819,19.647,1.0,2.2132,5.4786,-0.0221
163.7,seguindo,normal,2.6562,4.5214,2.2027,2.0042,-0.1985,0.5,1.5704,19.647,1.0,2.2132,5.4786,-0.0198
163.75,seguindo,normal,2.646,4.5356,2.2053,2.0011,-0.2042,0.5,1.5532,19.647,1.0,2.2132,5.4786,-0.0163
163.8,seguindo,normal,2.6393,4.545,2.2071,1.9989,-0.2082,0.5,1.5417,19.647,1.0,2.2132,5.4786,-0.014
163.85,seguindo,normal,2.6291,4.5591,2.2099,1.9959,-0.214,0.5,1.5246,18.9997,1.0,2.19,5.5289,-0.0105
163.9,seguindo,normal,2.6223,4.5685,2.2118,1.9937,-0.218,0.5,1.5132,18.9997,1.0,2.19,5.5289,-0.0081
163.95,seguindo,normal,2.612,4.5826,2.2145,1.9903,-0.2242,0.5,1.496,18.9997,1.0,2.19,5.5289,-0.0044
164.0,seguindo,normal,2.6017,4.5967,2.2171,1.9866,-0.2305,0.5,1.4789,18.9997,1.0,2.19,5.5289,-0.0008
164.05,seguindo,normal,2.5948,4.606,2.2189,2.0103,-0.2086,0.5,1.4668,19.2308,1.0,2.1427,5.5674,-0.0158
164.1,seguindo,normal,2.5879,4.6154,2.2207,2.0082,-0.2126,0.5,1.4553,19.2308,1.0,2.1427,5.5674,-0.0134
164.15,seguindo,normal,2.5775,4.6294,2.2234,2.0048,-0.2186,0.5,1.4382,19.2308,1.0,2.1427,5.5674,-0.0097
164.2,seguindo,normal,2.5671,4.6434,2.2261,2.0033,-0.2228,0.5,1.421,10.2107,1.0,2.1173,5.6176,-0.0059
164.25,seguindo,normal,2.5601,4.6527,2.2279,2.001,-0.2269,0.5,1.4096,10.2107,1.0,2.1173,5.6176,-0.0034
164.3,seguindo,normal,2.5531,4.6619,2.2297,1.9987,-0.231,0.5,1.3982,10.2107,1.0,2.1173,5.6176,-0.0009
164.35,seguindo,normal,2.5426,4.6758,2.2324,1.995,-0.2374,0.5,1.3811,10.2107,1.0,2.1173,5.6176,0.003
164.4,seguindo,normal,2.5356,4.6851,2.2343,1.9925,-0.2418,0.5,1.3697,10.2107,1.0,2.1173,5.6176,0.0057
164.45,seguindo,normal,2.525,4.6989,2.237,1.9922,-0.2447,0.5,1.3527,6.3587,1.0,2.0907,5.6677,0.0097
164.5,seguindo,normal,2.5179,4.7082,2.2388,1.9897,-0.2491,0.5,1.3413,6.3587,1.0,2.0907,5.6677,0.0124
164.55,seguindo,normal,2.5073,4.722,2.2415,1.9857,-0.2557,0.5,1.3242,6.3587,1.0,2.0907,5.6677,0.0165
164.6,seguindo,normal,2.5001,4.7312,2.2432,1.983,-0.2603,0.5,1.3129,6.3587,1.0,2.0907,5.6677,0.0193
164.652,seguindo,normal,2.4894,4.7449,2.2459,1.984,-0.2618,0.5,1.2959,4.7335,1.0,2.0628,5.7179,0.0235
164.7,seguindo,normal,2.4823,4.7541,2.2476,1.9813,-0.2663,0.5,1.2845,4.7335,1.0,2.0628,5.7179,0.0264
164.75,seguindo,normal,2.4715,4.7678,2.2503,1.977,-0.2733,0.5,1.2676,4.7335,1.0,2.0628,5.7179,0.0307
164.8,seguindo,normal,2.4643,4.7769,2.2522,1.9741,-0.278,0.5,1.2563,4.7335,1.0,2.0628,5.7179,0.0336
164.85,seguindo,normal,2.4535,4.7906,2.2549,1.9765,-0.2784,0.5,1.2394,3.914,1.0,2.0336,5.768,0.0381
164.9,seguindo,normal,2.4463,4.7997,2.2568,1.9736,-0.2831,0.5,1.2281,3.914,1.0,2.0336,5.768,0.041
164.95,seguindo,normal,2.4354,4.8133,2.2595,1.9691,-0.2904,0.5,1.2112,3.914,1.0,2.0336,5.768,0.0455
165.0,seguindo,normal,2.4281,4.8223,2.2613,1.8771,-0.3841,0.5,1.2,28.5054,0.37,2.3034,5.2166,0.0485
165.05,seguindo,normal,2.4171,4.8359,2.2639,1.8611,-0.4028,0.5,1.1831,28.5054,0.37,2.3034,5.2166,0.0531
165.1,seguindo,normal,2.4098,4.8449,2.2657,1.8497,-0.4161,0.5,1.1719,28.5054,0.37,2.3034,5.2166,0.0562
165.15,seguindo,normal,2.3988,4.8584,2.2685,1.8312,-0.4373,0.5,1.1551,28.5054,0.37,2.3034,5.2166,0.0608
165.2,seguindo,normal,2.3915,4.8674,2.2703,1.841,-0.4293,0.5,1.144,124.8369,0.37,2.2809,5.2667,0.0639
165.25,seguindo,normal,2.3797,4.8812,2.2681,1.8789,-0.3892,0.5,1.1156,124.8369,0.37,2.2629,5.2481,0.0551
165.301,seguindo,normal,2.3675,4.8951,2.2631,1.8589,-0.4042,0.5,1.0978,124.8369,0.37,2.2629,5.2481,0.0601
165.35,seguindo,normal,2.3592,4.9042,2.2548,1.8667,-0.3881,0.5,1.0861,52.8415,0.37,2.2392,5.2976,0.0637
165.4,seguindo,normal,2.3509,4.9134,2.2463,1.8535,-0.3928,0.5,1.0743,52.8415,0.37,2.2392,5.2976,0.0672
165.45,seguindo,normal,2.3386,4.9267,2.2286,1.8324,-0.3962,0.5,1.0571,52.8415,0.37,2.2392,5.2976,0.0725
165.5,seguindo,normal,2.3305,4.9354,2.215,1.8176,-0.3974,0.5,1.0458,52.8415,0.37,2.2392,5.2976,0.076
165.55,seguindo,normal,2.3183,4.9485,2.1894,1.823,-0.3665,0.5,1.029,27.4454,0.37,2.2156,5.3471,0.0812
165.601,seguindo,normal,2.3103,4.9572,2.1705,1.8091,-0.3614,0.5,1.0178,27.4454,0.37,2.2156,5.3471,0.0846
165.65,seguindo,normal,2.2985,4.9705,2.1395,1.7873,-0.3522,0.5,1.0009,27.4454,0.37,2.2156,5.3471,0.0895
165.701,seguindo,normal,2.2869,4.984,2.1069,1.7647,-0.3422,0.5,0.984,27.4454,0.37,2.2156,5.3471,0.0939
165.75,seguindo,normal,2.2794,4.9932,2.0851,1.7845,-0.3006,0.5,0.9725,27.4335,0.37,2.1918,5.3967,0.0967
165.8,seguindo,normal,2.2719,5.0026,2.0632,1.7714,-0.2918,0.5,0.961,27.4335,0.37,2.1918,5.3967,0.0992
165.85,seguindo,normal,2.2611,5.0168,2.0301,1.7062,-0.324,0.5,0.9311,69.893,0.37,2.2029,5.4446,0.1265
165.9,seguindo,normal,2.2542,5.0265,2.0079,1.6929,-0.315,0.5,0.9197,69.893,0.37,2.2029,5.4446,0.1287
165.952,seguindo,normal,2.2441,5.0412,1.9741,1.6727,-0.3014,0.5,0.9025,69.893,0.37,2.2029,5.4446,0.1316
166.0,seguindo,normal,2.2377,5.0512,1.9514,1.6592,-0.2922,0.5,0.891,69.893,0.37,2.2029,5.4446,0.1332
166.05,seguindo,normal,2.2285,5.0664,1.9175,1.6863,-0.2312,0.5,0.8736,34.6215,0.37,2.1788,5.4945,0.1351
166.1,seguindo,normal,2.2226,5.0767,1.8949,1.6752,-0.2197,0.5,0.862,34.6215,0.37,2.1788,5.4945,0.1361
166.15,seguindo,normal,2.2143,5.0923,1.8611,1.6587,-0.2024,0.5,0.8445,34.6215,0.37,2.1788,5.4945,0.137
166.2,seguindo,normal,2.2065,5.1083,1.8274,1.6424,-0.1849,0.5,0.8269,34.6215,0.37,2.1788,5.4945,0.1373
166.25,seguindo,normal,2.2018,5.1195,1.8071,1.683,-0.1241,0.5,0.8148,11.5907,0.37,2.1539,5.5445,0.1369
166.3,seguindo,normal,2.1973,5.1308,1.7871,1.6753,-0.1118,0.5,0.8027,11.5907,0.37,2.1539,5.5445,0.1362
166.35,seguindo,normal,2.1911,5.1479,1.7572,1.6643,-0.0928,0.5,0.7845,11.5907,0.37,2.1539,5.5445,0.1346
166.4,seguindo,normal,2.1855,5.1652,1.7275,1.704,-0.0235,0.5,0.7663,6.7654,0.37,2.128,5.5944,0.1325
166.45,seguindo,normal,2.1821,5.1768,1.7079,1.7171,0.0092,0.5,0.749,6.7654,0.37,2.1216,5.5874,0.1252
166.5,seguindo,normal,2.1789,5.1886,1.6886,1.7135,0.025,0.5,0.7368,6.7654,0.37,2.1216,5.5874,0.1231
166.55,seguindo,normal,2.1747,5.2068,1.6619,1.7095,0.0476,0.5,0.7183,6.7654,0.37,2.1216,5.5874,0.1192
166.6,seguindo,normal,2.1723,5.2191,1.6453,1.7556,0.1103,0.5,0.7059,4.8851,0.37,2.0942,5.6371,0.1162
166.651,seguindo,normal,2.1691,5.2379,1.6215,1.7564,0.1349,0.5,0.6871,4.8851,0.37,2.0942,5.6371,0.1111
166.7,seguindo,normal,2.1673,5.2505,1.6062,1.7578,0.1515,0.5,0.6746,4.8851,0.37,2.0942,5.6371,0.1075
166.75,seguindo,normal,2.1653,5.2685,1.5874,1.7614,0.174,0.5,0.657,4.8851,0.37,2.0942,5.6371,0.1017
166.8,seguindo,normal,2.1642,5.28,1.5757,1.809,0.2332,0.5,0.6458,3.9687,0.37,2.0655,5.6868,0.0978
166.85,seguindo,normal,2.1634,5.2973,1.565,1.8171,0.2521,0.5,0.6293,3.9687,0.37,2.0655,5.6868,0.0913
166.9,seguindo,normal,2.1631,5.3089,1.5604,1.8236,0.2632,0.5,0.6184,3.9687,0.37,2.0655,5.6868,0.0866
166.95,seguindo,normal,2.1633,5.3262,1.5603,1.8357,0.2754,0.5,0.6024,3.9687,0.37,2.0655,5.6868,0.0791
167.0,seguindo,normal,2.1636,5.3377,1.563,1.8817,0.3187,0.5,0.5919,3.4724,0.37,2.0354,5.7364,0.0739
167.05,seguindo,normal,2.1641,5.3549,1.5677,1.896,0.3283,0.5,0.5761,3.4724,0.37,2.0354,5.7364,0.0662
167.1,seguindo,normal,2.1644,5.3664,1.5713,1.9061,0.3348,0.5,0.5657,3.4724,0.37,2.0354,5.7364,0.061
167.152,seguindo,normal,2.1647,5.3837,1.5763,1.9221,0.3459,0.5,0.55,3.4724,0.37,2.0354,5.7364,0.0532
167.2,seguindo,normal,2.1649,5.3953,1.5794,1.9609,0.3815,0.5,0.5396,3.2091,0.37,2.0042,5.7861,0.048
167.25,seguindo,normal,2.165,5.4126,1.5828,1.9774,0.3946,0.5,0.5239,3.2091,0.37,2.0042,5.7861,0.0405
167.3,seguindo,normal,2.165,5.4242,1.5847,1.989,0.4043,0.5,0.5135,3.2091,0.37,2.0042,5.7861,0.0355
167.35,seguindo,normal,2.165,5.4417,1.5874,1.9861,0.3987,0.5,0.5025,3.2091,0.37,2.0096,5.794,0.0354
167.4,seguindo,normal,2.1649,5.4533,1.5891,1.9984,0.4094,0.5,0.4921,3.2091,0.37,2.0096,5.794,0.0303
167.45,seguindo,normal,2.1653,5.4683,1.5973,2.0346,0.4373,0.5,0.4789,3.129,0.37,1.9775,5.8437,0.0234
167.5,seguindo,normal,2.1658,5.4773,1.6069,2.0455,0.4386,0.5,0.4711,3.129,0.37,1.9775,5.8437,0.019
167.551,seguindo,normal,2.1667,5.491,1.6263,2.0633,0.437,0.5,0.4595,3.129,0.37,1.9775,5.8437,0.0121
167.6,seguindo,normal,2.1675,5.5001,1.6427,2.0759,0.4332,0.5,0.452,3.129,0.37,1.9775,5.8437,0.0073
167.65,seguindo,normal,2.1687,5.5137,1.6716,2.0959,0.4243,0.5,0.4408,3.129,0.37,1.9775,5.8437,0.0001
167.7,seguindo,normal,2.1695,5.5226,1.6942,2.1158,0.4216,0.5,0.4336,3.2643,0.37,1.9448,5.8934,-0.0047
167.75,seguindo,normal,2.1707,5.5361,1.7317,2.1347,0.4029,0.5,0.4227,3.2643,0.37,1.9448,5.8934,-0.0118
167.8,seguindo,normal,2.1714,5.545,1.7591,2.1475,0.3884,0.4994,0.4156,3.2643,0.37,1.9448,5.8934,-0.0165
167.85,seguindo,normal,2.1721,5.5582,1.8004,2.1666,0.3662,0.4929,0.405,3.2643,0.37,1.9448,5.8934,-0.023
167.9,seguindo,normal,2.1721,5.5669,1.827,2.1791,0.3521,0.4886,0.3978,3.2643,0.37,1.9448,5.8934,-0.0272
167.951,seguindo,normal,2.1718,5.5797,1.8652,2.1972,0.3319,0.482,0.3872,3.2643,0.37,1.9448,5.8934,-0.0328
168.0,seguindo,normal,2.1707,5.5923,1.9008,2.2146,0.3138,0.4753,0.3765,3.5345,1.0,1.9448,5.8934,-0.0378
168.05,seguindo,normal,2.1697,5.6008,1.9234,2.2321,0.3087,0.468,0.3651,3.5345,1.0,1.9455,5.8889,-0.044
168.1,seguindo,normal,2.1683,5.6093,1.945,2.2438,0.2988,0.4631,0.3575,3.5345,1.0,1.9455,5.8889,-0.0468
168.15,seguindo,normal,2.1659,5.6222,1.977,2.2614,0.2844,0.4556,0.3459,3.5345,1.0,1.9455,5.8889,-0.0507
168.2,seguindo,normal,2.163,5.6349,2.0091,2.2791,0.27,0.4479,0.3344,3.5345,1.0,1.9455,5.8889,-0.0543
168.25,seguindo,normal,2.1608,5.6434,2.0303,2.2909,0.2607,0.4426,0.3265,3.967,1.0,1.9455,5.8889,-0.0564
168.3,seguindo,normal,2.1585,5.6518,2.0514,2.3028,0.2515,0.4373,0.3187,3.967,1.0,1.9455,5.8889,-0.0584
168.35,seguindo,normal,2.1546,5.6644,2.0826,2.3208,0.2381,0.429,0.3067,3.967,1.0,1.9455,5.8889,-0.0609
168.403,seguindo,normal,2.1502,5.6769,2.1136,2.3389,0.2253,0.4205,0.2947,3.967,1.0,1.9455,5.8889,-0.0632
168.45,seguindo,normal,2.147,5.6852,2.1338,2.3389,0.2051,0.4176,0.2907,3.967,1.0,1.9451,5.8943,-0.0617
168.5,seguindo,normal,2.142,5.6975,2.164,2.3565,0.1925,0.4086,0.2783,3.967,1.0,1.9451,5.8943,-0.0634
168.55,seguindo,normal,2.1383,5.7057,2.1835,2.3682,0.1847,0.4025,0.27,4.3224,1.0,1.9451,5.8943,-0.0642
168.602,seguindo,normal,2.1324,5.7178,2.2125,2.386,0.1735,0.3929,0.2573,4.3224,1.0,1.9451,5.8943,-0.0652
