t,estado,modo,x,y,rumo,rumo_alvo,erro_rumo,v_alvo,dist,raio_curva,mira,alvo_x,alvo_y,desvio_lateral
46.85,seguindo,normal,2.0,5.0,0.0,-0.9894,-0.9894,0.5,8.6977,8.5935,0.37,2.23,4.65,-0.0
46.9,seguindo,normal,2.0,5.0,0.0,-0.9894,-0.9894,0.5,8.6977,8.5935,0.37,2.23,4.65,-0.0
46.95,seguindo,normal,2.0,5.0,0.0,-0.9894,-0.9894,0.5,8.6977,8.5935,0.37,2.23,4.65,-0.0
47.0,seguindo,normal,2.0,5.0,0.0,-0.9894,-0.9894,0.5,8.6977,8.5935,0.37,2.23,4.65,-0.0
47.05,seguindo,normal,2.0,5.0,0.0,-0.9894,-0.9894,0.5,8.6977,8.5935,0.37,2.23,4.65,-0.0
47.1,seguindo,normal,2.0,5.0,0.0,-0.9894,-0.9894,0.5,8.6977,8.5935,0.37,2.23,4.65,-0.0
47.15,seguindo,normal,2.0,5.0,0.0,-0.9894,-0.9894,0.5,8.6977,8.5935,0.37,2.23,4.65,-0.0
47.202,seguindo,normal,2.0,5.0,0.0,-0.9894,-0.9894,0.5,8.6977,8.5935,0.37,2.23,4.65,-0.0
47.251,seguindo,normal,2.0,5.0,0.0,-0.9894,-0.9894,0.5,8.6977,8.5935,0.37,2.23,4.65,-0.0
47.3,seguindo,normal,2.0,5.0,0.0,-0.9894,-0.9894,0.5,8.6977,8.5935,0.37,2.23,4.65,-0.0
47.351,seguindo,normal,2.0028,5.0003,-0.0037,-0.9954,-0.9916,0.5,8.6949,8.5935,0.37,2.23,4.65,0.0024
47.4,seguindo,normal,2.006,5.0007,-0.0089,-1.0024,-0.9935,0.5,8.6917,8.5935,0.37,2.23,4.65,0.0053
47.45,seguindo,normal,2.0136,5.0015,-0.0204,-1.0189,-0.9985,0.5,8.6841,8.5935,0.37,2.23,4.65,0.012
47.5,seguindo,normal,2.02,5.0022,-0.0307,-1.0331,-1.0025,0.5,8.6776,8.5935,0.37,2.23,4.65,0.0177
47.55,seguindo,normal,2.0311,5.0034,-0.0507,-1.0582,-1.0074,0.5,8.6664,8.5935,0.37,2.23,4.65,0.0276
47.6,seguindo,normal,2.0392,5.0042,-0.0662,-1.0767,-1.0106,0.5,8.6583,8.5935,0.37,2.23,4.65,0.0347
47.65,seguindo,normal,2.0515,5.0055,-0.0943,-1.1054,-1.0111,0.5,8.646,8.5935,0.37,2.23,4.65,0.0455
47.7,seguindo,normal,2.0638,5.0067,-0.1251,-1.1139,-0.9887,0.5,8.6337,22.512,0.37,2.2637,4.6,0.0564
47.75,seguindo,normal,2.0721,5.0076,-0.1507,-1.1314,-0.9807,0.5,8.6253,22.512,0.37,2.2637,4.6,0.0638
47.8,seguindo,normal,2.0805,5.0084,-0.1765,-1.1491,-0.9726,0.5,8.6168,22.512,0.37,2.2637,4.6,0.0711
47.85,seguindo,normal,2.0934,5.0094,-0.2201,-1.1766,-0.9565,0.5,8.6039,22.512,0.37,2.2637,4.6,0.0824
47.9,seguindo,normal,2.1022,5.0099,-0.251,-1.1954,-0.9444,0.5,8.5952,22.512,0.37,2.2637,4.6,0.0898
47.95,seguindo,normal,2.1152,5.0106,-0.3023,-1.2237,-0.9214,0.5,8.5822,22.512,0.37,2.2637,4.6,0.101
48.0,seguindo,normal,2.1239,5.0108,-0.3384,-1.2427,-0.9043,0.5,8.5736,22.512,0.37,2.2637,4.6,0.1083
48.05,seguindo,normal,2.1371,5.0108,-0.3974,-1.2683,-0.8709,0.5,8.5634,22.512,0.37,2.2654,4.5996,0.1168
48.1,seguindo,normal,2.1461,5.0105,-0.4386,-1.2881,-0.8495,0.5,8.5547,22.512,0.37,2.2654,4.5996,0.124
48.15,seguindo,normal,2.1596,5.0095,-0.502,-1.318,-0.816,0.5,8.5415,22.512,0.37,2.2654,4.5996,0.1347
48.202,seguindo,normal,2.173,5.0076,-0.5662,-1.348,-0.7818,0.5,8.5284,22.512,0.37,2.2654,4.5996,0.1448
48.25,seguindo,normal,2.1819,5.0058,-0.6087,-1.3233,-0.7146,0.5,8.5199,19.709,0.37,2.2975,4.5485,0.1514
48.3,seguindo,normal,2.1908,5.0037,-0.6511,-1.3405,-0.6894,0.5,8.5114,19.709,0.37,2.2975,4.5485,0.1576
48.35,seguindo,normal,2.2039,4.9996,-0.7143,-1.3662,-0.6519,0.5,8.499,19.709,0.37,2.2975,4.5485,0.1663
48.4,seguindo,normal,2.2125,4.9965,-0.7562,-1.3832,-0.627,0.5,8.491,19.709,0.37,2.2975,4.5485,0.1717
48.45,seguindo,normal,2.2252,4.991,-0.8187,-1.4087,-0.59,0.5,8.4793,19.709,0.37,2.2975,4.5485,0.1793
48.5,seguindo,normal,2.2334,4.9869,-0.8602,-1.4256,-0.5654,0.5,8.4717,19.709,0.37,2.2975,4.5485,0.184
48.55,seguindo,normal,2.2455,4.98,-0.9218,-1.3991,-0.4773,0.5,8.4581,7.6848,0.37,2.3288,4.4993,0.1921
48.6,seguindo,normal,2.2533,4.975,-0.963,-1.4135,-0.4504,0.5,8.4511,7.6848,0.37,2.3288,4.4993,0.196
48.65,seguindo,normal,2.2649,4.967,-1.0257,-1.4351,-0.4094,0.5,8.4408,7.6848,0.37,2.3288,4.4993,0.2015
48.702,seguindo,normal,2.2725,4.9615,-1.0681,-1.4496,-0.3815,0.5,8.4341,7.6848,0.37,2.3288,4.4993,0.2048
48.75,seguindo,normal,2.2836,4.9527,-1.1325,-1.4714,-0.3389,0.5,8.4245,7.6848,0.37,2.3288,4.4993,0.2095
48.8,seguindo,normal,2.2943,4.9434,-1.1978,-1.4932,-0.2955,0.5,8.4153,7.6848,0.37,2.3288,4.4993,0.2136
48.85,seguindo,normal,2.3011,4.9367,-1.2399,-1.4423,-0.2024,0.5,8.4096,5.8888,0.37,2.3641,4.449,0.2157
48.9,seguindo,normal,2.3075,4.9296,-1.2819,-1.4536,-0.1718,0.5,8.4044,5.8888,0.37,2.3641,4.449,0.2174
48.95,seguindo,normal,2.3163,4.9179,-1.3414,-1.4692,-0.1278,0.5,8.3975,5.8888,0.37,2.3641,4.449,0.2186
49.0,seguindo,normal,2.3216,4.9096,-1.3794,-1.4788,-0.0994,0.5,8.3936,5.8888,0.37,2.3641,4.449,0.2187
49.05,seguindo,normal,2.3285,4.8958,-1.4316,-1.4793,-0.0477,0.5,8.3937,5.8888,0.37,2.3695,4.4493,0.213
49.101,seguindo,normal,2.3344,4.8812,-1.4796,-1.4245,0.0551,0.5,8.3902,5.851,0.37,2.4054,4.399,0.2102
49.15,seguindo,normal,2.3377,4.8707,-1.5085,-1.4281,0.0804,0.5,8.3887,5.851,0.37,2.4054,4.399,0.2074
49.2,seguindo,normal,2.3405,4.8602,-1.5366,-1.431,0.1057,0.5,8.3876,5.851,0.37,2.4054,4.399,0.2043
49.251,seguindo,normal,2.344,4.8437,-1.5761,-1.4335,0.1426,0.5,8.3869,5.851,0.37,2.4054,4.399,0.1984
49.3,seguindo,normal,2.3458,4.8325,-1.6009,-1.4341,0.1667,0.5,8.3869,5.851,0.37,2.4054,4.399,0.194
49.351,seguindo,normal,2.3476,4.8142,-1.6334,-1.3701,0.2633,0.5,8.3882,6.4998,0.37,2.4423,4.3487,0.1858
49.405,seguindo,normal,2.3484,4.7953,-1.6613,-1.3636,0.2977,0.5,8.3906,6.4998,0.37,2.4423,4.3487,0.1764
49.45,seguindo,normal,2.3484,4.7835,-1.6753,-1.346,0.3292,0.5,8.3973,6.4998,0.37,2.447,4.3522,0.1647
49.5,seguindo,normal,2.3482,4.7718,-1.6878,-1.3394,0.3485,0.5,8.3996,6.4998,0.37,2.447,4.3522,0.1582
49.55,seguindo,normal,2.3471,4.7542,-1.7015,-1.2744,0.4271,0.5,8.4037,6.9406,0.37,2.4852,4.3019,0.1477
49.6,seguindo,normal,2.346,4.7425,-1.7078,-1.2648,0.4429,0.5,8.4069,6.9406,0.37,2.4852,4.3019,0.1405
49.651,seguindo,normal,2.3439,4.725,-1.7119,-1.2485,0.4634,0.5,8.4121,6.9406,0.37,2.4852,4.3019,0.1292
49.701,seguindo,normal,2.3423,4.7134,-1.7128,-1.2366,0.4762,0.5,8.4158,6.9406,0.37,2.4852,4.3019,0.1215
49.75,seguindo,normal,2.3398,4.6961,-1.7114,-1.2173,0.4941,0.5,8.4215,6.9406,0.37,2.4852,4.3019,0.1098
49.8,seguindo,normal,2.338,4.6846,-1.7096,-1.2036,0.506,0.5,8.4253,6.3623,0.37,2.4852,4.3019,0.1019
49.85,seguindo,normal,2.3353,4.6699,-1.7011,-1.1839,0.5172,0.5,8.4307,6.3623,0.37,2.4852,4.3019,0.0915
49.9,seguindo,normal,2.3334,4.6611,-1.6913,-1.1708,0.5204,0.5,8.4343,6.3623,0.37,2.4852,4.3019,0.0851
49.95,seguindo,normal,2.3303,4.6479,-1.6715,-1.1497,0.5218,0.5,8.4398,6.3623,0.37,2.4852,4.3019,0.0752
50.0,seguindo,normal,2.3281,4.6392,-1.6548,-1.1349,0.5199,0.5,8.4436,6.3623,0.37,2.4852,4.3019,0.0685
50.05,seguindo,normal,2.3248,4.6262,-1.6255,-1.1115,0.514,0.5,8.4493,6.3623,0.37,2.4852,4.3019,0.0585
50.1,seguindo,normal,2.3226,4.6178,-1.6027,-1.0953,0.5074,0.5,8.4531,6.3623,0.37,2.4852,4.3019,0.0519
50.151,seguindo,normal,2.3193,4.6049,-1.5643,-1.0697,0.4946,0.5,8.4588,6.3623,0.37,2.4852,4.3019,0.0419
50.202,seguindo,normal,2.3161,4.5921,-1.5217,-1.0212,0.5005,0.5,8.4644,5.2648,0.37,2.5247,4.2517,0.0321
50.251,seguindo,normal,2.3142,4.5838,-1.4918,-1.006,0.4857,0.5,8.4679,5.2648,0.37,2.5247,4.2517,0.0259
50.3,seguindo,normal,2.3125,4.5756,-1.4619,-0.991,0.4709,0.5,8.4712,5.2648,0.37,2.5247,4.2517,0.0199
50.35,seguindo,normal,2.3106,4.5635,-1.4191,-0.9692,0.4499,0.5,8.4755,5.2648,0.37,2.5247,4.2517,0.0114
50.4,seguindo,normal,2.3094,4.5515,-1.379,-0.9481,0.4309,0.5,8.4791,5.2648,0.37,2.5247,4.2517,0.0036
50.45,seguindo,normal,2.3089,4.5434,-1.3532,-0.9447,0.4085,0.5,8.4809,5.2648,0.37,2.5238,4.2463,0.0005
50.5,seguindo,normal,2.3087,4.5352,-1.3282,-0.931,0.3972,0.5,8.4827,5.2648,0.37,2.5238,4.2463,-0.0043
50.55,seguindo,normal,2.3089,4.5228,-1.2914,-0.9103,0.3812,0.5,8.485,5.2648,0.37,2.5238,4.2463,-0.0111
50.6,seguindo,normal,2.3093,4.5145,-1.2669,-0.8965,0.3704,0.5,8.4862,4.544,0.37,2.5641,4.1958,-0.0155
50.65,seguindo,normal,2.3101,4.5023,-1.2286,-0.8789,0.3497,0.5,8.4879,4.544,0.37,2.5641,4.1958,-0.0217
50.7,seguindo,normal,2.3108,4.4942,-1.2025,-0.8671,0.3353,0.5,8.4888,4.544,0.37,2.5641,4.1958,-0.0257
50.75,seguindo,normal,2.3124,4.4822,-1.1638,-0.8497,0.3141,0.5,8.4897,4.544,0.37,2.5641,4.1958,-0.0313
50.8,seguindo,normal,2.3137,4.4741,-1.1387,-0.8382,0.3005,0.5,8.49,4.544,0.37,2.5641,4.1958,-0.0348
50.85,seguindo,normal,2.3162,4.462,-1.1015,-0.7973,0.3042,0.5,8.4934,4.544,0.37,2.5699,4.2022,-0.0439
50.9,seguindo,normal,2.3182,4.4539,-1.0773,-0.7854,0.2919,0.5,8.4932,4.544,0.37,2.5699,4.2022,-0.0469
50.95,seguindo,normal,2.3217,4.4418,-1.0417,-0.7851,0.2566,0.5,8.4925,4.4854,0.37,2.6115,4.1522,-0.0512
51.001,seguindo,normal,2.3259,4.4296,-1.0083,-0.7709,0.2374,0.5,8.491,4.4854,0.37,2.6115,4.1522,-0.0548
51.05,seguindo,normal,2.3291,4.4215,-0.987,-0.7617,0.2253,0.5,8.4897,4.4854,0.37,2.6115,4.1522,-0.057
51.1,seguindo,normal,2.3325,4.4134,-0.9663,-0.7525,0.2138,0.5,8.4882,4.4854,0.37,2.6115,4.1522,-0.0589
51.15,seguindo,normal,2.3381,4.4013,-0.9359,-0.739,0.1969,0.5,8.4854,4.4854,0.37,2.6115,4.1522,-0.0615
51.203,seguindo,normal,2.3442,4.3893,-0.907,-0.7492,0.1579,0.5,8.4821,5.4291,0.37,2.6529,4.1022,-0.0636
51.25,seguindo,normal,2.3487,4.3813,-0.8885,-0.7423,0.1462,0.5,8.4796,5.4291,0.37,2.6529,4.1022,-0.0647
51.3,seguindo,normal,2.3533,4.3734,-0.8705,-0.7357,0.1349,0.5,8.4769,5.4291,0.37,2.6529,4.1022,-0.0656
51.35,seguindo,normal,2.3606,4.3616,-0.844,-0.7047,0.1393,0.5,8.4783,5.4291,0.37,2.6611,4.1061,-0.072
51.4,seguindo,normal,2.3657,4.3539,-0.8265,-0.6979,0.1285,0.5,8.4752,5.4291,0.37,2.6611,4.1061,-0.0726
51.452,seguindo,normal,2.3737,4.3424,-0.8009,-0.6881,0.1129,0.5,8.4702,5.4291,0.37,2.6611,4.1061,-0.0732
51.5,seguindo,normal,2.3794,4.3348,-0.7851,-0.7117,0.0735,0.5,8.4665,9.8722,0.37,2.7021,4.0565,-0.0732
51.55,seguindo,normal,2.3883,4.3235,-0.7622,-0.705,0.0572,0.5,8.4607,9.8722,0.37,2.7021,4.0565,-0.073
51.6,seguindo,normal,2.3945,4.316,-0.7478,-0.7009,0.047,0.5,8.4564,9.8722,0.37,2.7021,4.0565,-0.0726
51.65,seguindo,normal,2.4042,4.305,-0.7271,-0.6952,0.032,0.5,8.4498,9.8722,0.37,2.7021,4.0565,-0.0717
51.7,seguindo,normal,2.4109,4.2976,-0.7146,-0.6918,0.0228,0.5,8.445,9.8722,0.37,2.7021,4.0565,-0.0708
51.75,seguindo,normal,2.4215,4.2868,-0.6968,-0.6872,0.0096,0.5,8.4375,9.8722,0.37,2.7021,4.0565,-0.0693
51.8,seguindo,normal,2.4287,4.2796,-0.6859,-0.7179,-0.032,0.5,8.4322,45.5646,0.37,2.7411,4.0068,-0.068
51.85,seguindo,normal,2.4398,4.269,-0.6697,-0.7161,-0.0464,0.5,8.4241,45.5646,0.37,2.7411,4.0068,-0.0658
51.9,seguindo,normal,2.4473,4.262,-0.659,-0.7152,-0.0562,0.5,8.4186,45.5646,0.37,2.7411,4.0068,-0.0643
51.95,seguindo,normal,2.4602,4.2509,-0.6469,-0.7153,-0.0684,0.5,8.409,45.5646,0.37,2.7411,4.0068,-0.0613
52.0,seguindo,normal,2.4694,4.2433,-0.6412,-0.7164,-0.0752,0.5,8.4019,45.5646,0.37,2.7411,4.0068,-0.0589
52.05,seguindo,normal,2.4836,4.2325,-0.6377,-0.7523,-0.1146,0.5,8.3922,5.4817,0.37,2.7768,3.958,-0.0565
52.1,seguindo,normal,2.4931,4.2254,-0.6373,-0.7557,-0.1184,0.5,8.3848,5.4817,0.37,2.7768,3.958,-0.0536
52.15,seguindo,normal,2.5074,4.2147,-0.6368,-0.7613,-0.1245,0.5,8.3737,5.4817,0.37,2.7768,3.958,-0.0493
52.2,seguindo,normal,2.5169,4.2077,-0.6365,-0.7653,-0.1288,0.5,8.3663,5.4817,0.37,2.7768,3.958,-0.0465
52.251,seguindo,normal,2.5312,4.1971,-0.6359,-0.8055,-0.1696,0.5,8.3552,2.6319,0.37,2.8087,3.9082,-0.0422
52.3,seguindo,normal,2.5407,4.19,-0.6354,-0.8105,-0.1751,0.5,8.3479,2.6319,0.37,2.8087,3.9082,-0.0394
52.35,seguindo,normal,2.5548,4.1795,-0.6342,-0.8185,-0.1844,0.5,8.3369,2.6319,0.37,2.8087,3.9082,-0.0353
52.4,seguindo,normal,2.5643,4.1724,-0.6332,-0.8243,-0.1911,0.5,8.3297,2.6319,0.37,2.8087,3.9082,-0.0326
52.45,seguindo,normal,2.5783,4.1619,-0.631,-0.9006,-0.2697,0.5,8.3189,1.63,0.37,2.8584,3.8085,-0.0286
52.5,seguindo,normal,2.5876,4.155,-0.6292,-0.9074,-0.2782,0.5,8.3117,1.63,0.37,2.8584,3.8085,-0.026
52.55,seguindo,normal,2.6015,4.1446,-0.6263,-0.9182,-0.2919,0.5,8.3011,1.63,0.37,2.8584,3.8085,-0.022
52.6,seguindo,normal,2.6108,4.1377,-0.6242,-0.9259,-0.3017,0.5,8.294,1.63,0.37,2.8584,3.8085,-0.0193
52.65,seguindo,normal,2.6248,4.1273,-0.6211,-0.9384,-0.3173,0.5,8.2833,1.63,0.37,2.8584,3.8085,-0.0153
52.7,seguindo,normal,2.6341,4.1205,-0.6191,-0.9814,-0.3624,0.5,8.2761,1.1173,0.37,2.8761,3.7586,-0.0125
52.75,seguindo,normal,2.6481,4.1102,-0.616,-0.9956,-0.3796,0.5,8.2654,1.1173,0.37,2.8761,3.7586,-0.0084
52.8,seguindo,normal,2.6575,4.1034,-0.614,-1.0058,-0.3918,0.5,8.2582,1.1173,0.37,2.8761,3.7586,-0.0056
52.853,seguindo,normal,2.6716,4.0932,-0.6112,-1.0223,-0.4111,0.5,8.2474,1.1173,0.37,2.8761,3.7586,-0.0011
52.9,seguindo,normal,2.681,4.0864,-0.6094,-1.0341,-0.4247,0.5,8.2402,1.1173,0.37,2.8761,3.7586,0.0019
52.95,seguindo,normal,2.696,4.0762,-0.6116,-1.0862,-0.4746,0.5,8.2287,0.8607,0.37,2.8895,3.7086,0.0069
53.001,seguindo,normal,2.7114,4.0658,-0.6167,-1.1082,-0.4916,0.5,8.2168,0.8607,0.37,2.8895,3.7086,0.0123
53.05,seguindo,normal,2.7217,4.0593,-0.625,-1.1245,-0.4995,0.5,8.2086,0.8607,0.37,2.8895,3.7086,0.0164
53.1,seguindo,normal,2.732,4.0526,-0.6335,-1.1415,-0.508,0.5,8.2006,0.8607,0.37,2.8895,3.7086,0.0204
53.15,seguindo,normal,2.7474,4.043,-0.6513,-1.1943,-0.543,0.5,8.1886,0.7485,0.37,2.8993,3.6587,0.0266
53.2,seguindo,normal,2.7575,4.0365,-0.6649,-1.2118,-0.5469,0.5,8.1807,0.7485,0.37,2.8993,3.6587,0.0307
53.25,seguindo,normal,2.7727,4.027,-0.6905,-1.2397,-0.5493,0.5,8.1688,0.7485,0.37,2.8993,3.6587,0.0369
53.301,seguindo,normal,2.7878,4.0173,-0.719,-1.2693,-0.5503,0.5,8.1571,0.7485,0.37,2.8993,3.6587,0.0435
53.35,seguindo,normal,2.7978,4.0108,-0.7404,-1.3042,-0.5638,0.5,8.1507,0.7217,0.37,2.9061,3.614,0.0449
53.401,seguindo,normal,2.8125,4.0006,-0.7729,-1.3331,-0.5602,0.5,8.1395,0.7217,0.37,2.9061,3.614,0.051
53.45,seguindo,normal,2.822,3.9939,-0.7959,-1.3528,-0.5569,0.5,8.1324,0.7217,0.37,2.9061,3.614,0.0548
53.5,seguindo,normal,2.8314,3.9869,-0.8191,-1.373,-0.5539,0.5,8.1254,0.7217,0.37,2.9061,3.614,0.0589
53.55,seguindo,normal,2.8452,3.9762,-0.8547,-1.404,-0.5494,0.5,8.1154,0.7217,0.37,2.9061,3.614,0.0647
53.6,seguindo,normal,2.8542,3.9688,-0.8788,-1.4388,-0.56,0.5,8.1089,0.7647,0.37,2.9145,3.514,0.0684
53.651,seguindo,normal,2.8672,3.9576,-0.916,-1.4645,-0.5485,0.5,8.0998,0.7647,0.37,2.9145,3.514,0.0733
53.7,seguindo,normal,2.8757,3.9499,-0.9413,-1.4819,-0.5406,0.5,8.094,0.7647,0.37,2.9145,3.514,0.0765
53.75,seguindo,normal,2.888,3.9381,-0.98,-1.5083,-0.5282,0.5,8.0857,0.7647,0.37,2.9145,3.514,0.0816
53.803,seguindo,normal,2.8999,3.9261,-1.0195,-1.5336,-0.514,0.5,8.078,0.8817,0.37,2.9171,3.464,0.0862
53.85,seguindo,normal,2.9075,3.9179,-1.0465,-1.5638,-0.5173,0.5,8.0706,0.8817,0.37,2.9106,3.4743,0.0893
53.9,seguindo,normal,2.9149,3.9095,-1.0738,-1.5807,-0.5069,0.5,8.0661,0.8817,0.37,2.9106,3.4743,0.0923
53.95,seguindo,normal,2.9256,3.8967,-1.1151,-1.6064,-0.4912,0.5,8.0598,0.8817,0.37,2.9106,3.4743,0.0968
54.0,seguindo,normal,2.9325,3.888,-1.1431,-1.6138,-0.4707,0.5,8.0559,1.0999,0.37,2.9125,3.4243,0.0996
54.05,seguindo,normal,2.9424,3.8747,-1.1856,-1.637,-0.4514,0.5,8.0505,1.0999,0.37,2.9125,3.4243,0.1031
54.1,seguindo,normal,2.9517,3.8611,-1.2287,-1.6602,-0.4315,0.5,8.0459,1.0999,0.37,2.9125,3.4243,0.1063
54.151,seguindo,normal,2.9576,3.8519,-1.2577,-1.6759,-0.4182,0.5,8.0431,1.0999,0.37,2.9125,3.4243,0.1088
54.2,seguindo,normal,2.966,3.8379,-1.3015,-1.6994,-0.3979,0.5,8.0395,1.0999,0.37,2.9125,3.4243,0.1121
54.252,seguindo,normal,2.9712,3.8284,-1.3311,-1.6954,-0.3643,0.5,8.0376,1.4767,0.37,2.9143,3.3744,0.1138
54.3,seguindo,normal,2.9761,3.8187,-1.3608,-1.7513,-0.3905,0.5,8.0238,1.4767,0.37,2.8947,3.3728,0.1274
54.35,seguindo,normal,2.9829,3.804,-1.4052,-1.7725,-0.3673,0.5,8.0217,1.4767,0.37,2.8947,3.3728,0.1296
54.402,seguindo,normal,2.989,3.789,-1.4496,-1.7936,-0.344,0.5,8.0204,1.4767,0.37,2.8947,3.3728,0.1319
54.45,seguindo,normal,2.9926,3.7787,-1.4779,-1.7801,-0.3022,0.5,8.0202,2.1505,0.37,2.8958,3.3228,0.1329
54.5,seguindo,normal,2.9958,3.7682,-1.5062,-1.7917,-0.2856,0.5,8.0203,2.1505,0.37,2.8958,3.3228,0.1335
54.55,seguindo,normal,3.0,3.7523,-1.5478,-1.8089,-0.2611,0.5,8.0212,2.1505,0.37,2.8958,3.3228,0.1337
54.6,seguindo,normal,3.0034,3.7361,-1.5888,-1.8255,-0.2368,0.5,8.023,2.1505,0.37,2.8958,3.3228,0.1341
54.65,seguindo,normal,3.0052,3.7251,-1.6149,-1.8364,-0.2215,0.5,8.0247,2.1505,0.37,2.8958,3.3228,0.134
54.701,seguindo,normal,3.0073,3.7083,-1.6535,-1.8183,-0.1648,0.5,8.0279,3.5422,0.37,2.8972,3.2728,0.1331
54.75,seguindo,normal,3.0083,3.697,-1.6788,-1.8277,-0.1489,0.5,8.0275,3.5422,0.37,2.8968,3.2727,0.1353
54.8,seguindo,normal,3.0089,3.6857,-1.7036,-1.836,-0.1324,0.5,8.0306,3.5422,0.37,2.8968,3.2727,0.1343
54.85,seguindo,normal,3.0093,3.6685,-1.7397,-1.8478,-0.1081,0.5,8.0358,3.5422,0.37,2.8968,3.2727,0.1325
54.9,seguindo,normal,3.0091,3.6569,-1.7631,-1.8187,-0.0556,0.5,8.0397,7.8331,0.37,2.8992,3.2227,0.1308
54.952,seguindo,normal,3.008,3.6391,-1.7953,-1.8264,-0.0311,0.5,8.0466,7.8331,0.37,2.8992,3.2227,0.1275
55.002,seguindo,normal,3.0061,3.621,-1.8249,-1.8329,-0.008,0.5,8.0543,7.8331,0.37,2.8992,3.2227,0.1239
55.05,seguindo,normal,3.0044,3.6089,-1.8437,-1.8367,0.007,0.5,8.0599,7.8331,0.37,2.8992,3.2227,0.1211
55.1,seguindo,normal,3.0013,3.5906,-1.8703,-1.8027,0.0677,0.5,8.0689,182.5749,0.37,2.9026,3.1728,0.1164
55.15,seguindo,normal,2.9986,3.578,-1.8853,-1.8033,0.082,0.5,8.0757,182.5749,0.37,2.9026,3.1728,0.1127
55.2,seguindo,normal,2.9956,3.5654,-1.8992,-1.8033,0.096,0.5,8.0827,182.5749,0.37,2.9026,3.1728,0.109
55.25,seguindo,normal,2.9905,3.5463,-1.9177,-1.7431,0.1745,0.5,8.104,8.0557,0.37,2.9175,3.1269,0.0933
55.3,seguindo,normal,2.9867,3.5334,-1.9284,-1.7394,0.189,0.5,8.112,8.0557,0.37,2.9175,3.1269,0.0888
55.351,seguindo,normal,2.9811,3.5158,-1.9408,-1.7329,0.2079,0.5,8.1233,8.0557,0.37,2.9175,3.1269,0.0824
55.401,seguindo,normal,2.9755,3.4993,-1.9521,-1.6934,0.2587,0.5,8.1342,4.2944,0.37,2.9235,3.0772,0.0762
55.451,seguindo,normal,2.9713,3.4885,-1.9527,-1.6864,0.2663,0.5,8.1419,4.2944,0.37,2.9235,3.0772,0.0715
55.501,seguindo,normal,2.9648,3.4724,-1.9532,-1.675,0.2782,0.5,8.1535,4.2944,0.37,2.9235,3.0772,0.0644
55.55,seguindo,normal,2.9603,3.4618,-1.9498,-1.6662,0.2836,0.5,8.1614,4.2944,0.37,2.9235,3.0772,0.0596
55.6,seguindo,normal,2.9558,3.4513,-1.9462,-1.6293,0.3169,0.5,8.1693,3.0086,0.37,2.931,3.0276,0.0547
55.65,seguindo,normal,2.9491,3.4354,-1.9403,-1.6152,0.3251,0.5,8.1811,3.0086,0.37,2.931,3.0276,0.0475
55.7,seguindo,normal,2.9447,3.4249,-1.9362,-1.6052,0.331,0.5,8.1889,3.0086,0.37,2.931,3.0276,0.0428
55.75,seguindo,normal,2.9381,3.4089,-1.9306,-1.5895,0.3411,0.5,8.2007,3.0086,0.37,2.931,3.0276,0.0358
55.8,seguindo,normal,2.9317,3.3929,-1.9256,-1.5509,0.3748,0.5,8.2123,2.3796,0.37,2.94,2.9783,0.029
55.85,seguindo,normal,2.9276,3.3821,-1.9234,-1.54,0.3834,0.5,8.22,2.3796,0.37,2.94,2.9783,0.0245
55.9,seguindo,normal,2.9234,3.3713,-1.9213,-1.5286,0.3927,0.5,8.2277,2.3796,0.37,2.94,2.9783,0.02
55.951,seguindo,normal,2.9172,3.3551,-1.9184,-1.5104,0.4079,0.5,8.2393,2.3796,0.37,2.94,2.9783,0.0134
56.0,seguindo,normal,2.9131,3.3442,-1.9166,-1.4807,0.4359,0.5,8.247,2.0251,0.37,2.9506,2.9295,0.009
56.05,seguindo,normal,2.9075,3.3303,-1.9082,-1.4636,0.4446,0.5,8.2573,2.0251,0.37,2.9506,2.9295,0.0029
56.1,seguindo,normal,2.9039,3.3221,-1.9005,-1.4525,0.448,0.5,8.2636,2.0251,0.37,2.9506,2.9295,-0.001
56.151,seguindo,normal,2.8985,3.3098,-1.8849,-1.4345,0.4504,0.5,8.2731,2.0251,0.37,2.9506,2.9295,-0.0069
56.2,seguindo,normal,2.8948,3.3016,-1.8729,-1.422,0.451,0.5,8.2795,2.0251,0.37,2.9506,2.9295,-0.0109
56.25,seguindo,normal,2.8892,3.2894,-1.8499,-1.4054,0.4445,0.5,8.287,1.8014,0.37,2.9567,2.8854,-0.0131
56.3,seguindo,normal,2.8855,3.2814,-1.8327,-1.393,0.4396,0.5,8.2933,1.8014,0.37,2.9567,2.8854,-0.0171
56.35,seguindo,normal,2.88,3.2694,-1.8035,-1.3738,0.4297,0.5,8.3027,1.8014,0.37,2.9567,2.8854,-0.0231
56.4,seguindo,normal,2.8765,3.2613,-1.7829,-1.3606,0.4223,0.5,8.309,1.8014,0.37,2.9567,2.8854,-0.027
56.45,seguindo,normal,2.8714,3.2492,-1.7512,-1.3332,0.4181,0.5,8.318,1.6264,0.37,2.971,2.8383,-0.0326
56.5,seguindo,normal,2.8683,3.241,-1.7299,-1.3212,0.4087,0.5,8.3239,1.6264,0.37,2.971,2.8383,-0.0361
56.55,seguindo,normal,2.8639,3.2287,-1.6981,-1.3031,0.395,0.5,8.3325,1.6264,0.37,2.971,2.8383,-0.0411
56.601,seguindo,normal,2.8599,3.2161,-1.6668,-1.2849,0.3819,0.5,8.3408,1.6264,0.37,2.971,2.8383,-0.0459
56.65,seguindo,normal,2.8574,3.2078,-1.6455,-1.2727,0.3728,0.5,8.3462,1.6264,0.37,2.971,2.8383,-0.0489
56.7,seguindo,normal,2.8551,3.1993,-1.6243,-1.2553,0.369,0.5,8.3514,1.4436,0.37,2.9879,2.7927,-0.0517
56.75,seguindo,normal,2.8521,3.1866,-1.5922,-1.2388,0.3534,0.5,8.3589,1.4436,0.37,2.9879,2.7927,-0.0556
56.8,seguindo,normal,2.8502,3.1781,-1.5707,-1.2278,0.3429,0.5,8.3637,1.4436,0.37,2.9879,2.7927,-0.058
56.85,seguindo,normal,2.8478,3.1653,-1.5385,-1.2112,0.3273,0.5,8.3707,1.4436,0.37,2.9879,2.7927,-0.0615
56.9,seguindo,normal,2.8464,3.1567,-1.5171,-1.2002,0.3169,0.5,8.3752,1.4436,0.37,2.9879,2.7927,-0.0637
56.95,seguindo,normal,2.8447,3.1438,-1.485,-1.1786,0.3064,0.5,8.3816,1.2306,0.37,3.0079,2.7492,-0.0665
57.0,seguindo,normal,2.8438,3.1351,-1.4636,-1.1686,0.2949,0.5,8.3857,1.2306,0.37,3.0079,2.7492,-0.0682
57.05,seguindo,normal,2.8428,3.1221,-1.4317,-1.1538,0.2779,0.5,8.3915,1.2306,0.37,3.0079,2.7492,-0.0704
57.102,seguindo,normal,2.8422,3.1089,-1.4002,-1.1391,0.261,0.5,8.3969,1.2306,0.37,3.0079,2.7492,-0.0725
57.15,seguindo,normal,2.8421,3.1001,-1.3795,-1.1294,0.2501,0.5,8.4003,1.2306,0.37,3.0079,2.7492,-0.0736
57.2,seguindo,normal,2.8422,3.0912,-1.3594,-1.1114,0.2479,0.5,8.4035,1.005,0.37,3.0315,2.7086,-0.0744
57.25,seguindo,normal,2.8428,3.0779,-1.3296,-1.1106,0.219,0.5,8.4032,1.005,0.37,3.0266,2.7071,-0.0706
57.3,seguindo,normal,2.8435,3.0689,-1.3105,-1.1023,0.2082,0.5,8.406,1.005,0.37,3.0266,2.7071,-0.071
57.35,seguindo,normal,2.8449,3.0553,-1.2822,-1.09,0.1923,0.5,8.4098,1.005,0.37,3.0266,2.7071,-0.0716
57.4,seguindo,normal,2.8462,3.0462,-1.2641,-1.0819,0.1822,0.5,8.4121,1.005,0.37,3.0266,2.7071,-0.0716
57.45,seguindo,normal,2.8484,3.0326,-1.2374,-1.0547,0.1826,0.5,8.4153,0.7999,0.37,3.0541,2.6701,-0.0714
57.5,seguindo,normal,2.8501,3.0235,-1.2199,-1.0474,0.1725,0.5,8.4171,0.7999,0.37,3.0541,2.6701,-0.071
57.55,seguindo,normal,2.8531,3.0098,-1.1943,-1.0366,0.1577,0.5,8.4197,0.7999,0.37,3.0541,2.6701,-0.0703
57.6,seguindo,normal,2.8553,3.0007,-1.1777,-1.0295,0.1481,0.5,8.4211,0.7999,0.37,3.0541,2.6701,-0.0697
57.65,seguindo,normal,2.859,2.9871,-1.1534,-0.9958,0.1575,0.5,8.423,0.6355,0.37,3.0857,2.6373,-0.0684
57.7,seguindo,normal,2.8618,2.9779,-1.1377,-0.9893,0.1484,0.5,8.424,0.6355,0.37,3.0857,2.6373,-0.0673
57.75,seguindo,normal,2.8662,2.9643,-1.1148,-0.9796,0.1351,0.5,8.4252,0.6355,0.37,3.0857,2.6373,-0.0654
57.8,seguindo,normal,2.8712,2.9505,-1.0936,-0.9704,0.1232,0.5,8.426,0.6355,0.37,3.0857,2.6373,-0.0634
57.85,seguindo,normal,2.8748,2.9414,-1.0801,-0.882,0.1981,0.5,8.4423,0.5153,0.37,3.1319,2.629,-0.0748
57.9,seguindo,normal,2.8805,2.9276,-1.0606,-0.8709,0.1896,0.5,8.4425,0.5153,0.37,3.1319,2.629,-0.0724
57.951,seguindo,normal,2.8844,2.9185,-1.0478,-0.8635,0.1843,0.5,8.4425,0.5153,0.37,3.1319,2.629,-0.0708
58.0,re,,2.8885,2.9094,-1.0351,-1.0351,0.0,0.203,8.4424,inf,,,,0.0
58.05,re,,2.895,2.8959,-1.0166,-1.0166,0.0,0.203,8.442,inf,,,,0.0
58.101,re,,2.9019,2.8824,-0.9991,-0.9991,0.0,0.203,8.4412,inf,,,,0.0
58.15,re,,2.9065,2.8734,-0.9872,-0.9872,0.0,0.203,8.4405,inf,,,,0.0
58.2,re,,2.9113,2.8645,-0.9754,-0.9754,0.0,0.203,8.4398,inf,,,,0.0
58.25,re,,2.9188,2.8513,-0.9583,-0.9583,0.0,0.203,8.4384,inf,,,,0.0
58.3,re,,2.9239,2.8425,-0.9472,-0.9472,0.0,0.203,8.4373,inf,,,,0.0
58.35,re,,2.9314,2.8296,-0.9276,-0.9276,0.0,0.203,8.4358,inf,,,,0.0
58.4,re,,2.9363,2.8212,-0.9137,-0.9137,0.0,0.203,8.4347,inf,,,,0.0
58.451,re,,2.9441,2.8086,-0.8935,-0.8935,0.0,0.203,8.4328,inf,,,,0.0
58.5,re,,2.9497,2.8003,-0.8814,-0.8814,0.0,0.203,8.4312,inf,,,,0.0
58.55,re,,2.9581,2.7878,-0.863,-0.863,0.0,0.203,8.4349,inf,,,,0.0
58.6,re,,2.9639,2.7796,-0.8507,-0.8507,0.0,0.203,8.4331,inf,,,,0.0
58.65,re,,2.9728,2.7675,-0.8325,-0.8325,0.0,0.203,8.4302,inf,,,,0.0
58.7,re,,2.9788,2.7595,-0.8204,-0.8204,0.0,0.203,8.4282,inf,,,,0.0
58.75,re,,2.9881,2.7476,-0.8023,-0.8023,0.0,0.203,8.4249,inf,,,,0.0
58.851,seguindo,normal,3.004,2.7281,-0.772,-0.3677,0.4043,0.3987,8.4188,0.3987,0.37,3.3962,2.577,-0.0362
58.9,seguindo,normal,3.0105,2.7205,-0.7599,-0.3561,0.4038,0.3987,8.4162,0.3987,0.37,3.3962,2.577,-0.0356
58.95,seguindo,normal,3.0205,2.7091,-0.742,-0.3382,0.4038,0.4578,8.4121,0.4578,0.37,3.3962,2.577,-0.0344
59.0,seguindo,normal,3.0307,2.698,-0.7241,-0.3197,0.4045,0.4578,8.4077,0.4578,0.37,3.3962,2.577,-0.033
59.05,seguindo,normal,3.0376,2.6907,-0.7123,-0.3069,0.4053,0.4578,8.4047,0.4578,0.37,3.3962,2.577,-0.032
59.1,seguindo,normal,3.0446,2.6834,-0.7004,-0.2939,0.4065,0.4578,8.4015,0.4578,0.37,3.3962,2.577,-0.032
59.15,seguindo,normal,3.0553,2.6727,-0.6826,-0.2484,0.4342,0.5,8.3966,0.554,0.37,3.4452,2.5738,-0.0319
59.2,seguindo,normal,3.0625,2.6657,-0.6707,-0.2356,0.4351,0.5,8.3932,0.554,0.37,3.4452,2.5738,-0.0317
59.25,seguindo,normal,3.0735,2.6553,-0.6529,-0.1985,0.4544,0.5,8.3904,0.554,0.37,3.446,2.5803,-0.0353
59.3,seguindo,normal,3.0809,2.6484,-0.641,-0.1844,0.4566,0.5,8.3867,0.554,0.37,3.446,2.5803,-0.0362
59.35,seguindo,normal,3.0922,2.6384,-0.6232,-0.1476,0.4756,0.5,8.3811,0.7021,0.37,3.4954,2.5784,-0.0373
59.4,seguindo,normal,3.0998,2.6318,-0.6113,-0.134,0.4773,0.5,8.3773,0.7021,0.37,3.4954,2.5784,-0.0379
59.45,seguindo,normal,3.1091,2.6239,-0.5968,-0.1172,0.4796,0.5,8.3725,0.7021,0.37,3.4954,2.5784,-0.0387
59.5,seguindo,normal,3.1144,2.6195,-0.5877,-0.1073,0.4804,0.5,8.3698,0.7021,0.37,3.4954,2.5784,-0.04
59.55,seguindo,normal,3.1201,2.615,-0.5802,-0.097,0.4832,0.5,8.3667,0.7021,0.37,3.4954,2.5784,-0.041
59.6,seguindo,normal,3.123,2.6128,-0.5781,-0.0921,0.4859,0.5,8.365,0.7021,0.37,3.4954,2.5784,-0.0414
59.65,seguindo,normal,3.1298,2.6077,-0.5703,-0.0731,0.4972,0.5,8.3614,0.9313,0.37,3.545,2.5773,-0.0426
59.7,seguindo,normal,3.1352,2.6034,-0.5617,-0.0636,0.4981,0.5,8.3584,0.9313,0.37,3.545,2.5773,-0.0436
59.75,seguindo,normal,3.1446,2.5959,-0.5437,-0.0465,0.4973,0.5,8.3535,0.9313,0.37,3.545,2.5773,-0.0455
59.8,seguindo,normal,3.1546,2.5879,-0.5219,-0.1511,0.3708,0.5,8.3482,1.98,0.37,3.5445,2.5285,0.0147
59.85,seguindo,normal,3.1613,2.5824,-0.5029,-0.1395,0.3634,0.5,8.3447,1.98,0.37,3.5445,2.5285,0.0106
59.9,seguindo,normal,3.1681,2.5769,-0.4839,-0.1279,0.3561,0.5,8.3412,1.98,0.37,3.5445,2.5285,0.0066
59.951,seguindo,normal,3.1785,2.5688,-0.4527,-0.0992,0.3536,0.5,8.3356,2.024,0.37,3.5945,2.5274,0.0006
60.0,seguindo,normal,3.1856,2.5635,-0.4316,-0.0881,0.3435,0.5,8.3317,2.024,0.37,3.5945,2.5274,-0.0031
60.051,seguindo,normal,3.1965,2.556,-0.4008,-0.0716,0.3292,0.5,8.3255,2.024,0.37,3.5945,2.5274,-0.0085
60.1,seguindo,normal,3.2039,2.5511,-0.3806,-0.0606,0.32,0.5,8.3211,2.024,0.37,3.5945,2.5274,-0.0119
60.15,seguindo,normal,3.215,2.5441,-0.3489,-0.044,0.3049,0.5,8.3145,2.024,0.37,3.5945,2.5274,-0.0168
60.2,seguindo,normal,3.2225,2.5396,-0.3273,-0.0306,0.2966,0.5,8.31,2.2851,0.37,3.6445,2.5267,-0.0199
60.25,seguindo,normal,3.2339,2.5332,-0.2956,-0.0159,0.2798,0.5,8.3028,2.2851,0.37,3.6445,2.5267,-0.0241
60.302,seguindo,normal,3.2461,2.5273,-0.2669,-0.0014,0.2655,0.5,8.2948,2.2851,0.37,3.6445,2.5267,-0.0279
60.35,seguindo,normal,3.2543,2.5235,-0.248,0.0082,0.2562,0.5,8.2893,2.2851,0.37,3.6445,2.5267,-0.0304
60.4,seguindo,normal,3.2626,2.5199,-0.2292,0.0178,0.247,0.5,8.2836,2.2851,0.37,3.6445,2.5267,-0.0326
60.45,seguindo,normal,3.2752,2.5148,-0.2008,0.0274,0.2282,0.5,8.2749,2.7863,0.37,3.6945,2.5263,-0.0357
60.5,seguindo,normal,3.2879,2.51,-0.1723,0.04,0.2123,0.5,8.2659,2.7863,0.37,3.6945,2.5263,-0.0384
60.551,seguindo,normal,3.2966,2.5071,-0.1539,0.0483,0.2022,0.5,8.2596,2.7863,0.37,3.6945,2.5263,-0.0402
60.6,seguindo,normal,3.3053,2.5043,-0.1357,0.0564,0.1921,0.5,8.2532,2.7863,0.37,3.6945,2.5263,-0.0418
60.65,seguindo,normal,3.3186,2.5005,-0.109,0.06,0.169,0.5,8.2433,3.6128,0.37,3.7445,2.526,-0.0439
60.7,seguindo,normal,3.3321,2.497,-0.0829,0.0702,0.1531,0.5,8.233,3.6128,0.37,3.7445,2.526,-0.0456
60.75,seguindo,normal,3.3412,2.495,-0.066,0.0769,0.1429,0.5,8.226,3.6128,0.37,3.7445,2.526,-0.0466
60.8,seguindo,normal,3.3503,2.4931,-0.0492,0.0835,0.1327,0.5,8.2188,3.6128,0.37,3.7445,2.526,-0.0476
60.85,seguindo,normal,3.3643,2.4906,-0.0249,0.0931,0.1179,0.5,8.2077,3.6128,0.37,3.7445,2.526,-0.0487
60.9,seguindo,normal,3.3737,2.4891,-0.0092,0.0872,0.0965,0.5,8.2001,4.9251,0.37,3.7945,2.5259,-0.0492
60.95,seguindo,normal,3.388,2.4873,0.0135,0.0835,0.07,0.5,8.1839,4.9251,0.37,3.7925,2.5212,-0.0433
61.002,seguindo,normal,3.4024,2.4859,0.0353,0.0902,0.0549,0.5,8.1719,4.9251,0.37,3.7925,2.5212,-0.0437
61.05,seguindo,normal,3.4122,2.4852,0.0492,0.0944,0.0452,0.5,8.1637,4.9251,0.37,3.7925,2.5212,-0.0438
61.1,seguindo,normal,3.422,2.4846,0.0627,0.0414,-0.0213,0.5,8.1553,7.5664,1.0,4.4425,2.5269,-0.0437
61.15,seguindo,normal,3.4369,2.4841,0.0821,0.0425,-0.0396,0.5,8.1425,7.5664,1.0,4.4425,2.5269,-0.0431
61.2,seguindo,normal,3.4469,2.484,0.0944,0.0431,-0.0513,0.5,8.1338,7.5664,1.0,4.4425,2.5269,-0.0427
61.25,seguindo,normal,3.4621,2.4841,0.112,0.0436,-0.0684,0.5,8.1204,7.5664,1.0,4.4425,2.5269,-0.0419
61.302,seguindo,normal,3.4774,2.4846,0.1285,0.0438,-0.0847,0.5,8.1068,10.4838,1.0,4.4925,2.5291,-0.0406
61.35,seguindo,normal,3.4891,2.4856,0.1355,0.0433,-0.0922,0.5,8.096,10.4838,1.0,4.4925,2.5291,-0.0391
61.4,seguindo,normal,3.501,2.4867,0.1415,0.0426,-0.0988,0.5,8.0851,10.4838,1.0,4.4925,2.5291,-0.0375
61.45,seguindo,normal,3.5187,2.489,0.1454,0.0423,-0.1031,0.5,8.0685,6.7207,1.0,4.5425,2.5323,-0.0347
61.5,seguindo,normal,3.5305,2.4907,0.1461,0.0411,-0.105,0.5,8.0574,6.7207,1.0,4.5425,2.5323,-0.0327
61.55,seguindo,normal,3.5481,2.4932,0.1467,0.0393,-0.1074,0.5,8.0407,6.7207,1.0,4.5425,2.5323,-0.0296
61.6,seguindo,normal,3.5599,2.495,0.1468,0.038,-0.1088,0.5,8.0296,6.7207,1.0,4.5425,2.5323,-0.0277
61.65,seguindo,normal,3.5775,2.4975,0.1472,0.0389,-0.1083,0.5,8.013,4.4132,1.0,4.5925,2.5371,-0.0248
61.7,seguindo,normal,3.5892,2.4992,0.1476,0.0377,-0.1099,0.5,8.0019,4.4132,1.0,4.5925,2.5371,-0.0228
61.75,seguindo,normal,3.6067,2.5018,0.1487,0.0358,-0.1129,0.5,7.9854,4.4132,1.0,4.5925,2.5371,-0.0201
61.8,seguindo,normal,3.6184,2.5034,0.1497,0.0396,-0.1101,0.5,7.9744,2.9812,1.0,4.6424,2.544,-0.0183
61.85,seguindo,normal,3.6357,2.5059,0.1519,0.0378,-0.114,0.5,7.9581,2.9812,1.0,4.6424,2.544,-0.0157
61.901,seguindo,normal,3.653,2.5083,0.1544,0.036,-0.1184,0.5,7.9418,2.9812,1.0,4.6424,2.544,-0.0131
61.95,seguindo,normal,3.6644,2.51,0.1565,0.0348,-0.1217,0.5,7.931,2.9812,1.0,4.6424,2.544,-0.0114
62.0,seguindo,normal,3.6816,2.5124,0.1595,0.024,-0.1356,0.5,7.9148,58.5087,0.37,4.0925,2.5223,-0.0088
62.05,seguindo,normal,3.6931,2.5141,0.1615,0.0204,-0.1411,0.5,7.904,58.5087,0.37,4.0925,2.5223,-0.0071
62.1,seguindo,normal,3.7046,2.5158,0.1636,0.0166,-0.1469,0.5,7.8932,58.5087,0.37,4.0925,2.5223,-0.0053
62.15,seguindo,normal,3.7218,2.5185,0.1665,0.0098,-0.1568,0.5,7.8769,85.1516,0.37,4.1425,2.5226,-0.0027
62.2,seguindo,normal,3.7332,2.5202,0.1685,0.0057,-0.1628,0.5,7.8661,85.1516,0.37,4.1425,2.5226,-0.0009
62.25,seguindo,normal,3.7504,2.523,0.1714,-0.0129,-0.1843,0.5,7.8504,85.1516,0.37,4.1438,2.5179,0.0029
62.3,seguindo,normal,3.7619,2.5248,0.1733,-0.0181,-0.1914,0.5,7.8395,85.1516,0.37,4.1438,2.5179,0.0048
62.35,seguindo,normal,3.7791,2.5276,0.1761,-0.0238,-0.1999,0.5,7.8231,105.6586,0.37,4.1938,2.5177,0.0078
62.4,seguindo,normal,3.7905,2.5295,0.1779,-0.0292,-0.2071,0.5,7.8122,105.6586,0.37,4.1938,2.5177,0.0097
62.45,seguindo,normal,3.8077,2.5324,0.1806,-0.038,-0.2186,0.5,7.7958,105.6586,0.37,4.1938,2.5177,0.0128
62.5,seguindo,normal,3.8192,2.5343,0.1824,-0.0393,-0.2217,0.5,7.7848,101.5496,0.37,4.2438,2.5176,0.0148
62.551,seguindo,normal,3.8363,2.5373,0.1851,-0.0483,-0.2333,0.5,7.7684,101.5496,0.37,4.2438,2.5176,0.0179
62.6,seguindo,normal,3.8478,2.5393,0.1869,-0.0547,-0.2416,0.5,7.7574,101.5496,0.37,4.2438,2.5176,0.02
62.651,seguindo,normal,3.865,2.5424,0.1896,-0.0652,-0.2548,0.5,7.741,101.5496,0.37,4.2438,2.5176,0.0231
62.701,seguindo,normal,3.8764,2.5444,0.1914,-0.064,-0.2554,0.5,7.73,76.5979,0.37,4.2938,2.5177,0.0252
62.75,seguindo,normal,3.8936,2.5475,0.1941,-0.0745,-0.2686,0.5,7.7135,76.5979,0.37,4.2938,2.5177,0.0285
62.8,seguindo,normal,3.905,2.5496,0.1958,-0.0821,-0.2779,0.5,7.7025,76.5979,0.37,4.2938,2.5177,0.0307
62.85,seguindo,normal,3.9221,2.5529,0.1984,-0.0828,-0.2812,0.5,7.686,50.3133,0.37,4.3438,2.5179,0.034
62.9,seguindo,normal,3.9336,2.555,0.2002,-0.0903,-0.2905,0.5,7.675,50.3133,0.37,4.3438,2.5179,0.0362
62.95,seguindo,normal,3.9507,2.5583,0.2029,-0.1024,-0.3053,0.5,7.6585,50.3133,0.37,4.3438,2.5179,0.0395
63.0,seguindo,normal,3.9621,2.5605,0.2048,-0.1112,-0.3159,0.5,7.6475,50.3133,0.37,4.3438,2.5179,0.0418
63.05,seguindo,normal,3.9792,2.5638,0.2075,-0.1092,-0.3166,0.5,7.631,31.4024,0.37,4.3938,2.5184,0.0452
63.1,seguindo,normal,3.9906,2.5661,0.2093,-0.1178,-0.327,0.5,7.62,31.4024,0.37,4.3938,2.5184,0.0476
63.15,seguindo,normal,4.0077,2.5695,0.2119,-0.1718,-0.3836,0.5,7.6149,31.4024,0.37,4.4143,2.499,0.0652
63.201,seguindo,normal,4.0248,2.573,0.2144,-0.1878,-0.4022,0.5,7.5982,31.4024,0.37,4.4143,2.499,0.069
63.25,seguindo,normal,4.0368,2.5759,0.2112,-0.2009,-0.4121,0.5,7.5864,31.4024,0.37,4.4143,2.499,0.072
63.3,seguindo,normal,4.0488,2.5787,0.2078,-0.1887,-0.3965,0.5,7.5745,19.4426,0.37,4.4643,2.4994,0.0751
63.35,seguindo,normal,4.0667,2.5833,0.1977,-0.208,-0.4056,0.5,7.5566,19.4426,0.37,4.4643,2.4994,0.08
63.4,seguindo,normal,4.0846,2.5878,0.1847,-0.2288,-0.4136,0.5,7.5387,19.4426,0.37,4.4643,2.4994,0.0848
63.45,seguindo,normal,4.0964,2.591,0.1712,-0.2135,-0.3847,0.5,7.5269,12.1568,0.37,4.5143,2.5004,0.0882
63.503,seguindo,normal,4.1142,2.5956,0.1506,-0.2336,-0.3842,0.5,7.5091,12.1568,0.37,4.5143,2.5004,0.0931
63.55,seguindo,normal,4.126,2.5988,0.132,-0.2482,-0.3801,0.5,7.4972,12.1568,0.37,4.5143,2.5004,0.0965
63.601,seguindo,normal,4.1438,2.6033,0.1037,-0.235,-0.3387,0.5,7.4795,7.7378,0.37,4.5644,2.5026,0.1013
63.65,seguindo,normal,4.1554,2.6061,0.0831,-0.2478,-0.3309,0.5,7.468,7.7378,0.37,4.5644,2.5026,0.1042
63.7,seguindo,normal,4.1671,2.6086,0.0624,-0.2608,-0.3233,0.5,7.4565,7.7378,0.37,4.5644,2.5026,0.107
63.75,seguindo,normal,4.1848,2.6119,0.0319,-0.2805,-0.3125,0.5,7.4394,7.7378,0.37,4.5644,2.5026,0.1106
63.8,seguindo,normal,4.1967,2.6138,0.0118,-0.2521,-0.2639,0.5,7.4281,5.0379,0.37,4.6144,2.5062,0.1127
63.85,seguindo,normal,4.2146,2.6163,-0.0189,-0.2685,-0.2496,0.5,7.4113,5.0379,0.37,4.6144,2.5062,0.1154
63.9,seguindo,normal,4.2265,2.6176,-0.0396,-0.2795,-0.24,0.5,7.4003,5.0379,0.37,4.6144,2.5062,0.1169
63.951,seguindo,normal,4.2444,2.6191,-0.07,-0.2739,-0.2039,0.5,7.3802,3.3698,0.37,4.6644,2.5011,0.1272
64.001,seguindo,normal,4.2625,2.62,-0.0999,-0.2877,-0.1878,0.5,7.3639,3.3698,0.37,4.6644,2.5011,0.1285
64.05,seguindo,normal,4.2747,2.6203,-0.119,-0.2967,-0.1777,0.5,7.3531,3.3698,0.37,4.6644,2.5011,0.1289
64.1,seguindo,normal,4.287,2.6202,-0.1377,-0.3057,-0.168,0.5,7.3424,3.3698,0.37,4.6644,2.5011,0.1291
64.15,seguindo,normal,4.3054,2.6197,-0.1657,-0.2631,-0.0974,0.5,7.3266,2.3272,0.37,4.7146,2.5095,0.1289
64.2,seguindo,normal,4.3176,2.6191,-0.1845,-0.2694,-0.0849,0.5,7.3162,2.3272,0.37,4.7146,2.5095,0.1285
64.25,seguindo,normal,4.3361,2.6177,-0.2116,-0.2783,-0.0667,0.5,7.3008,2.3272,0.37,4.7146,2.5095,0.1273
64.3,seguindo,normal,4.3486,2.6162,-0.2279,-0.2237,0.0042,0.5,7.2906,1.6696,0.37,4.7649,2.5215,0.1261
64.35,seguindo,normal,4.3646,2.6142,-0.2493,-0.2275,0.0218,0.5,7.2777,1.6696,0.37,4.7649,2.5215,0.1243
64.4,seguindo,normal,4.3786,2.6123,-0.2713,-0.2308,0.0405,0.5,7.2664,1.6696,0.37,4.7649,2.5215,0.1225
64.45,seguindo,normal,4.385,2.6112,-0.2793,-0.2319,0.0474,0.5,7.2614,1.6696,0.37,4.7649,2.5215,0.1215
64.5,seguindo,normal,4.3941,2.6095,-0.2904,-0.1685,0.1219,0.5,7.2543,1.2534,0.37,4.8153,2.5378,0.1198
64.55,seguindo,normal,4.3971,2.6087,-0.2923,-0.2486,0.0437,0.5,7.2567,1.6696,0.37,4.7744,2.513,0.1267
64.6,seguindo,normal,4.3999,2.608,-0.2935,-0.1834,0.1101,0.5,7.2546,1.2534,0.37,4.8248,2.5292,0.126
64.65,seguindo,normal,4.4068,2.6058,-0.2927,-0.1812,0.1114,0.5,7.2497,1.2534,0.37,4.8248,2.5292,0.1238
64.7,seguindo,normal,4.4127,2.6038,-0.2903,-0.1792,0.1111,0.5,7.2456,1.2534,0.37,4.8248,2.5292,0.1219
64.75,seguindo,normal,4.4241,2.6001,-0.2874,-0.1752,0.1122,0.5,7.2374,1.2534,0.37,4.8248,2.5292,0.1183
64.8,seguindo,normal,4.4375,2.5959,-0.2847,-0.1706,0.1141,0.5,7.2278,1.2534,0.37,4.8248,2.5292,0.1142
64.851,seguindo,normal,4.4488,2.5926,-0.285,-0.0991,0.1859,0.5,7.2197,0.9924,0.37,4.8753,2.5502,0.1108
64.9,seguindo,normal,4.4603,2.5893,-0.2853,-0.0938,0.1915,0.5,7.2114,0.9924,0.37,4.8753,2.5502,0.1075
64.951,seguindo,normal,4.4781,2.5843,-0.2895,-0.0858,0.2038,0.5,7.1984,0.9924,0.37,4.8753,2.5502,0.1026
65.0,seguindo,normal,4.4902,2.5811,-0.2936,-0.08,0.2137,0.5,7.1895,0.9924,0.37,4.8753,2.5502,0.0991
65.05,seguindo,normal,4.5086,2.5761,-0.301,0.0002,0.3013,0.5,7.1761,0.8348,0.37,4.926,2.5762,0.0939
65.1,seguindo,normal,4.5209,2.5727,-0.3064,0.0086,0.315,0.5,7.1672,0.8348,0.37,4.926,2.5762,0.0903
65.15,seguindo,normal,4.5389,2.5674,-0.3123,0.0225,0.3348,0.5,7.1543,0.8348,0.37,4.926,2.5762,0.0845
65.2,seguindo,normal,4.5507,2.5638,-0.3152,0.1005,0.4157,0.5,7.1458,0.7502,0.37,4.9768,2.6068,0.0805
65.25,seguindo,normal,4.568,2.5583,-0.317,0.118,0.435,0.5,7.1337,0.7502,0.37,4.9768,2.6068,0.0744
65.3,seguindo,normal,4.5793,2.5546,-0.3173,0.1305,0.4478,0.5,7.1258,0.7502,0.37,4.9768,2.6068,0.07
65.35,seguindo,normal,4.596,2.549,-0.3157,0.1506,0.4663,0.5,7.1143,0.716,0.37,4.9768,2.6068,0.0633
65.4,seguindo,normal,4.607,2.5453,-0.3139,0.1649,0.4788,0.5,7.1067,0.716,0.37,4.9768,2.6068,0.0589
65.45,seguindo,normal,4.6234,2.5397,-0.3103,0.1877,0.498,0.5,7.0955,0.716,0.37,4.9768,2.6068,0.052
65.5,seguindo,normal,4.6397,2.5342,-0.3063,0.2123,0.5186,0.5,7.0843,0.716,0.37,4.9768,2.6068,0.0448
65.55,seguindo,normal,4.6482,2.5308,-0.2976,0.2839,0.5815,0.5,7.0788,0.732,0.37,5.0277,2.6415,0.0405
65.6,seguindo,normal,4.6564,2.5274,-0.2867,0.2983,0.585,0.5,7.0735,0.732,0.37,5.0277,2.6415,0.0362
65.65,seguindo,normal,4.6687,2.5221,-0.2656,0.3039,0.5695,0.5,7.0665,0.732,0.37,5.0319,2.636,0.035
65.7,seguindo,normal,4.6768,2.5186,-0.2489,0.3193,0.5683,0.5,7.0614,0.732,0.37,5.0319,2.636,0.0305
65.75,seguindo,normal,4.689,2.5131,-0.2188,0.344,0.5629,0.5,7.0537,0.732,0.37,5.0319,2.636,0.0232
65.8,seguindo,normal,4.6971,2.5095,-0.1965,0.3611,0.5576,0.5,7.0486,0.732,0.37,5.0319,2.636,0.0183
65.85,seguindo,normal,4.7094,2.5042,-0.1585,0.4263,0.5848,0.5,7.0409,0.8021,0.37,5.0829,2.6738,0.011
65.9,seguindo,normal,4.7218,2.4991,-0.1177,0.4506,0.5682,0.5,7.0329,0.8021,0.37,5.0829,2.6738,0.004
65.95,seguindo,normal,4.73,2.496,-0.0903,0.4667,0.557,0.5,7.0275,0.8021,0.37,5.0829,2.6738,-0.0005
66.001,seguindo,normal,4.7422,2.4919,-0.0503,0.4905,0.5408,0.5,7.0192,0.8021,0.37,5.0829,2.6738,-0.0073
66.05,seguindo,normal,4.7502,2.4894,-0.0244,0.506,0.5304,0.5,7.0137,0.8021,0.37,5.0829,2.6738,-0.0115
66.1,seguindo,normal,4.7582,2.4873,0.0007,0.5423,0.5415,0.5,7.008,0.9387,0.37,5.134,2.7137,-0.0154
66.15,seguindo,normal,4.7701,2.4844,0.0388,0.5322,0.4934,0.5,7.0131,0.8021,0.37,5.0971,2.677,-0.0177
66.2,seguindo,normal,4.7781,2.4828,0.0644,0.5654,0.501,0.5,7.0072,0.9387,0.37,5.1479,2.7174,-0.0212
66.251,seguindo,normal,4.79,2.4805,0.1037,0.5846,0.4809,0.5,6.9984,0.9387,0.37,5.1479,2.7174,-0.0262
66.3,seguindo,normal,4.7979,2.4793,0.1303,0.5974,0.4671,0.5,6.9923,0.9387,0.37,5.1479,2.7174,-0.0293
66.35,seguindo,normal,4.8095,2.4776,0.1724,0.6165,0.4441,0.5,6.9834,0.9387,0.37,5.1479,2.7174,-0.0342
66.4,seguindo,normal,4.821,2.4762,0.2156,0.6356,0.42,0.5,6.9744,0.9387,0.37,5.1479,2.7174,-0.0391
66.45,seguindo,normal,4.8288,2.4757,0.2439,0.6482,0.4044,0.5,6.9681,0.9387,0.37,5.1479,2.7174,-0.042
66.5,seguindo,normal,4.8366,2.4754,0.272,0.6642,0.3923,0.5,6.9617,1.172,0.37,5.1987,2.7589,-0.0448
66.552,seguindo,normal,4.8484,2.4753,0.3139,0.6804,0.3664,0.5,6.9518,1.172,0.37,5.1987,2.7589,-0.0485
66.601,seguindo,normal,4.8601,2.4758,0.3558,0.6963,0.3405,0.5,6.9416,1.172,0.37,5.1987,2.7589,-0.0517
66.65,seguindo,normal,4.8681,2.4765,0.3827,0.7067,0.324,0.5,6.9345,1.172,0.37,5.1987,2.7589,-0.0539
66.7,seguindo,normal,4.8801,2.4782,0.4219,0.7222,0.3003,0.5,6.9235,1.172,0.37,5.1987,2.7589,-0.0571
66.75,seguindo,normal,4.8881,2.4797,0.447,0.7237,0.2766,0.5,6.9189,1.172,0.37,5.2027,2.7576,-0.0547
66.8,seguindo,normal,4.8962,2.4814,0.4718,0.7334,0.2617,0.5,6.9111,1.172,0.37,5.2027,2.7576,-0.0563
66.85,seguindo,normal,4.9083,2.4845,0.5081,0.7479,0.2398,0.5,6.8993,1.5717,0.37,5.2027,2.7576,-0.0582
66.9,seguindo,normal,4.9163,2.4869,0.5318,0.7573,0.2256,0.5,6.8912,1.5717,0.37,5.2027,2.7576,-0.0592
66.951,seguindo,normal,4.9284,2.491,0.5664,0.7713,0.2049,0.5,6.8789,1.5717,0.37,5.2027,2.7576,-0.0604
67.0,seguindo,normal,4.9404,2.4956,0.5996,0.7848,0.1852,0.5,6.8663,1.5717,0.37,5.2027,2.7576,-0.0619
67.05,seguindo,normal,4.9484,2.4991,0.6212,0.7937,0.1725,0.5,6.8577,1.5717,0.37,5.2027,2.7576,-0.0626
67.1,seguindo,normal,4.9564,2.5027,0.6425,0.7848,0.1423,0.5,6.849,2.3542,0.37,5.2533,2.7993,-0.063
67.15,seguindo,normal,4.9684,2.5086,0.6739,0.7953,0.1214,0.5,6.8358,2.3542,0.37,5.2533,2.7993,-0.0634
67.2,seguindo,normal,4.9764,2.5128,0.6945,0.8023,0.1078,0.5,6.8268,2.3542,0.37,5.2533,2.7993,-0.0634
67.25,seguindo,normal,4.9883,2.5196,0.724,0.8123,0.0883,0.5,6.8131,2.3542,0.37,5.2533,2.7993,-0.0635
67.3,seguindo,normal,4.9962,2.5244,0.7429,0.8188,0.0759,0.5,6.8038,2.3542,0.37,5.2533,2.7993,-0.0636
67.35,seguindo,normal,5.0081,2.5322,0.7696,0.8283,0.0588,0.5,6.7945,2.3542,0.37,5.2559,2.8022,-0.0597
67.4,seguindo,normal,5.016,2.5377,0.7865,0.8119,0.0255,0.5,6.7849,4.608,0.37,5.306,2.8435,-0.0593
67.45,seguindo,normal,5.0278,2.5464,0.8106,0.8183,0.0077,0.5,6.7702,4.608,0.37,5.306,2.8435,-0.0583
67.5,seguindo,normal,5.0356,2.5525,0.8261,0.8222,-0.0039,0.5,6.7604,4.608,0.37,5.306,2.8435,-0.0574
67.55,seguindo,normal,5.0472,2.5622,0.8474,0.827,-0.0204,0.5,6.7454,4.608,0.37,5.306,2.8435,-0.0561
67.6,seguindo,normal,5.0548,2.569,0.86,0.8297,-0.0304,0.5,6.7353,4.608,0.37,5.306,2.8435,-0.055
67.651,seguindo,normal,5.0668,2.581,0.8742,0.8062,-0.068,0.5,6.7187,49.2361,0.37,5.356,2.8826,-0.0522
67.701,seguindo,normal,5.079,2.5942,0.8841,0.8053,-0.0788,0.5,6.7012,49.2361,0.37,5.356,2.8826,-0.0486
67.75,seguindo,normal,5.0866,2.6034,0.8852,0.8032,-0.082,0.5,6.6897,49.2361,0.37,5.356,2.8826,-0.0458
67.8,seguindo,normal,5.0942,2.6126,0.886,0.8007,-0.0853,0.5,6.6783,49.2361,0.37,5.356,2.8826,-0.0432
67.85,seguindo,normal,5.1056,2.6265,0.8864,0.771,-0.1154,0.5,6.6612,5.6256,0.37,5.4061,2.9185,-0.0393
67.9,seguindo,normal,5.1169,2.6403,0.8863,0.7659,-0.1204,0.5,6.6441,5.6256,0.37,5.4061,2.9185,-0.0353
67.95,seguindo,normal,5.1244,2.6495,0.8865,0.7623,-0.1242,0.5,6.6328,5.6256,0.37,5.4061,2.9185,-0.0327
68.0,seguindo,normal,5.1319,2.6587,0.8867,0.7584,-0.1282,0.5,6.6215,5.6256,0.37,5.4061,2.9185,-0.0303
68.05,seguindo,normal,5.1431,2.6724,0.8877,0.7523,-0.1353,0.5,6.6046,5.6256,0.37,5.4061,2.9185,-0.0269
68.1,seguindo,normal,5.1506,2.6814,0.8886,0.7217,-0.1669,0.5,6.5933,2.5536,0.37,5.4562,2.9503,-0.0246
68.15,seguindo,normal,5.1618,2.6949,0.8909,0.7147,-0.1762,0.5,6.5766,2.5536,0.37,5.4562,2.9503,-0.0213
68.2,seguindo,normal,5.1692,2.7039,0.8927,0.7097,-0.183,0.5,6.5655,2.5536,0.37,5.4562,2.9503,-0.0192
68.25,seguindo,normal,5.1803,2.7173,0.8957,0.7015,-0.1942,0.5,6.5489,2.5536,0.37,5.4562,2.9503,-0.0161
68.3,seguindo,normal,5.1913,2.7307,0.8988,0.6648,-0.234,0.5,6.5323,1.5868,0.37,5.5062,2.9775,-0.013
68.35,seguindo,normal,5.1986,2.7396,0.9008,0.6583,-0.2425,0.5,6.5213,1.5868,0.37,5.5062,2.9775,-0.0108
68.401,seguindo,normal,5.2096,2.7531,0.9039,0.6477,-0.2563,0.5,6.5047,1.5868,0.37,5.5062,2.9775,-0.0076
68.451,seguindo,normal,5.2169,2.7621,0.906,0.6399,-0.266,0.5,6.4937,1.5868,0.37,5.5062,2.9775,-0.0054
68.5,seguindo,normal,5.2242,2.7711,0.908,0.6317,-0.2763,0.5,6.4827,1.5868,0.37,5.5062,2.9775,-0.0033
68.55,seguindo,normal,5.235,2.7847,0.9109,0.5593,-0.3516,0.5,6.4662,1.0995,0.37,5.6063,3.0171,0.0001
68.6,seguindo,normal,5.2423,2.7938,0.9128,0.5502,-0.3626,0.5,6.4552,1.0995,0.37,5.6063,3.0171,0.0024
68.65,seguindo,normal,5.2531,2.8075,0.9156,0.5357,-0.3799,0.5,6.4387,1.0995,0.37,5.6063,3.0171,0.0058
68.7,seguindo,normal,5.2638,2.8212,0.9184,0.5198,-0.3986,0.5,6.4222,1.0995,0.37,5.6063,3.0171,0.0096
68.75,seguindo,normal,5.271,2.8303,0.9201,0.5138,-0.4063,0.5,6.4163,1.0995,0.37,5.6094,3.0213,0.0089
68.8,seguindo,normal,5.2782,2.8395,0.9219,0.472,-0.4499,0.5,6.4053,0.8471,0.37,5.6595,3.0341,0.0115
68.85,seguindo,normal,5.2888,2.8532,0.9246,0.454,-0.4706,0.5,6.3889,0.8471,0.37,5.6595,3.0341,0.0154
68.9,seguindo,normal,5.2959,2.8624,0.9265,0.4412,-0.4853,0.5,6.378,0.8471,0.37,5.6595,3.0341,0.018
68.95,seguindo,normal,5.3066,2.8762,0.9295,0.4208,-0.5087,0.5,6.3617,0.8471,0.37,5.6595,3.0341,0.0224
69.001,seguindo,normal,5.3171,2.89,0.9324,0.3725,-0.5599,0.5,6.3454,0.7387,0.37,5.7096,3.0434,0.0269
69.05,seguindo,normal,5.3241,2.8997,0.9295,0.3567,-0.5728,0.5,6.3343,0.7387,0.37,5.7096,3.0434,0.0303
69.1,seguindo,normal,5.3311,2.9095,0.9264,0.34,-0.5864,0.5,6.3232,0.7387,0.37,5.7096,3.0434,0.0337
69.15,seguindo,normal,5.3412,2.9241,0.9167,0.313,-0.6037,0.5,6.3068,0.7387,0.37,5.7096,3.0434,0.0395
69.2,seguindo,normal,5.3513,2.9388,0.9043,0.284,-0.6202,0.5,6.2905,0.7387,0.37,5.7096,3.0434,0.0456
69.25,seguindo,normal,5.3577,2.9485,0.8911,0.2467,-0.6445,0.5,6.2799,0.7131,0.37,5.7596,3.0497,0.0498
69.3,seguindo,normal,5.3642,2.9582,0.8779,0.2275,-0.6504,0.5,6.2693,0.7131,0.37,5.7596,3.0497,0.0539
69.35,seguindo,normal,5.3738,2.9727,0.8529,0.1971,-0.6557,0.5,6.2534,0.7131,0.37,5.7596,3.0497,0.0601
69.4,seguindo,normal,5.3803,2.9822,0.8343,0.1761,-0.6582,0.5,6.2428,0.7131,0.37,5.7596,3.0497,0.0647
69.45,seguindo,normal,5.3899,2.9964,0.8014,0.1431,-0.6583,0.5,6.2272,0.7131,0.37,5.7596,3.0497,0.0716
69.5,seguindo,normal,5.3965,3.0058,0.7777,0.1093,-0.6684,0.5,6.2167,0.7552,0.37,5.8597,3.0566,0.076
69.552,seguindo,normal,5.4065,3.0195,0.7405,0.0817,-0.6588,0.5,6.201,0.7552,0.37,5.8597,3.0566,0.0823
69.6,seguindo,normal,5.417,3.0328,0.7026,0.0537,-0.6489,0.5,6.185,0.7552,0.37,5.8597,3.0566,0.0882
69.65,seguindo,normal,5.424,3.0414,0.6759,0.0348,-0.6411,0.5,6.1745,0.7552,0.37,5.8597,3.0566,0.0924
69.7,seguindo,normal,5.4313,3.0499,0.6492,0.0157,-0.6335,0.5,6.1639,0.7552,0.37,5.8597,3.0566,0.0964
69.75,seguindo,normal,5.4424,3.0621,0.608,-0.0083,-0.6164,0.5,6.1481,0.8671,0.37,5.9097,3.0582,0.102
69.8,seguindo,normal,5.45,3.07,0.5802,-0.0256,-0.6058,0.5,6.1375,0.8671,0.37,5.9097,3.0582,0.1053
69.85,seguindo,normal,5.4617,3.0814,0.5376,-0.0517,-0.5893,0.5,6.1216,0.8671,0.37,5.9097,3.0582,0.11
69.9,seguindo,normal,5.4697,3.0887,0.5089,-0.0692,-0.5781,0.5,6.1109,0.8671,0.37,5.9097,3.0582,0.1134
69.95,seguindo,normal,5.4818,3.0992,0.4647,-0.0956,-0.5603,0.5,6.095,0.8671,0.37,5.9097,3.0582,0.1182
70.002,seguindo,normal,5.4944,3.1092,0.4198,-0.1073,-0.5271,0.5,6.0791,1.07,0.37,5.9597,3.0591,0.1223
70.051,seguindo,normal,5.5029,3.1156,0.3896,-0.1347,-0.5242,0.5,6.0635,1.07,0.37,5.9558,3.0542,0.1265
70.1,seguindo,normal,5.5116,3.1216,0.3593,-0.1507,-0.51,0.5,6.0529,1.07,0.37,5.9558,3.0542,0.1289
70.15,seguindo,normal,5.5251,3.1303,0.3144,-0.1748,-0.4892,0.5,6.0368,1.07,0.37,5.9558,3.0542,0.1327
70.2,seguindo,normal,5.5391,3.1382,0.2699,-0.1776,-0.4475,0.5,6.0208,1.4005,0.37,6.0058,3.0545,0.1358
70.25,seguindo,normal,5.5486,3.1432,0.2408,-0.1917,-0.4325,0.5,6.01,1.4005,0.37,6.0058,3.0545,0.1374
70.3,seguindo,normal,5.5584,3.1479,0.2118,-0.2058,-0.4176,0.5,5.9993,1.4005,0.37,6.0058,3.0545,0.1387
70.35,seguindo,normal,5.5733,3.1543,0.1689,-0.2269,-0.3958,0.5,5.9831,1.4005,0.37,6.0058,3.0545,0.1406
70.4,seguindo,normal,5.5835,3.1583,0.1407,-0.241,-0.3816,0.5,5.9724,1.4005,0.37,6.0058,3.0545,0.1419
70.45,seguindo,normal,5.5991,3.1636,0.099,-0.2348,-0.3338,0.5,5.9345,1.9232,0.37,6.0325,3.0599,0.1382
70.5,seguindo,normal,5.6151,3.1681,0.0585,-0.2537,-0.3122,0.5,5.9186,1.9232,0.37,6.0325,3.0599,0.1395
70.551,seguindo,normal,5.6259,3.1708,0.032,-0.2663,-0.2983,0.5,5.908,1.9232,0.37,6.0325,3.0599,0.14
70.601,seguindo,normal,5.6423,3.1742,-0.0072,-0.2529,-0.2457,0.5,5.8923,2.7473,0.37,6.0825,3.0605,0.1401
70.651,seguindo,normal,5.6535,3.1761,-0.0327,-0.2632,-0.2305,0.5,5.8819,2.7473,0.37,6.0825,3.0605,0.1398
70.7,seguindo,normal,5.6648,3.1775,-0.0571,-0.2733,-0.2162,0.5,5.8715,2.7473,0.37,6.0825,3.0605,0.1394
70.751,seguindo,normal,5.682,3.1792,-0.0931,-0.2882,-0.1951,0.5,5.8562,2.7473,0.37,6.0825,3.0605,0.1386
70.8,seguindo,normal,5.6994,3.1801,-0.1272,-0.2686,-0.1413,0.5,5.841,4.0568,0.37,6.1325,3.0609,0.1371
70.85,seguindo,normal,5.7112,3.1802,-0.1492,-0.3101,-0.1609,0.5,5.8224,4.0568,0.37,6.1337,3.0449,0.1528
70.9,seguindo,normal,5.7231,3.1801,-0.1706,-0.3182,-0.1476,0.5,5.8125,4.0568,0.37,6.1337,3.0449,0.1513
70.95,seguindo,normal,5.741,3.1793,-0.2017,-0.3299,-0.1281,0.5,5.7979,4.0568,0.37,6.1337,3.0449,0.1487
71.0,seguindo,normal,5.7531,3.1783,-0.221,-0.1234,0.0976,0.5,5.7882,6.7194,1.0,6.7837,3.0505,0.1465
71.05,seguindo,normal,5.7714,3.1763,-0.249,-0.1236,0.1253,0.5,5.774,6.7194,1.0,6.7837,3.0505,0.1427
71.104,seguindo,normal,5.79,3.1734,-0.274,-0.1231,0.1509,0.5,5.76,6.7194,1.0,6.7837,3.0505,0.1386
71.15,seguindo,normal,5.8025,3.1711,-0.2896,-0.1161,0.1735,0.5,5.7508,10.4958,1.0,6.8337,3.0509,0.1354
71.2,seguindo,normal,5.8151,3.1685,-0.3043,-0.115,0.1893,0.5,5.7417,10.4958,1.0,6.8337,3.0509,0.132
71.25,seguindo,normal,5.8341,3.1641,-0.3252,-0.1128,0.2124,0.5,5.7283,10.4958,1.0,6.8337,3.0509,0.1264
71.3,seguindo,normal,5.8469,3.1609,-0.3383,-0.111,0.2273,0.5,5.7195,10.4958,1.0,6.8337,3.0509,0.1226
71.35,seguindo,normal,5.8659,3.1557,-0.3574,-0.1022,0.2552,0.5,5.7066,16.7492,1.0,6.8837,3.0513,0.1165
71.4,seguindo,normal,5.8787,3.1519,-0.3697,-0.0998,0.2699,0.5,5.6981,16.7492,1.0,6.8837,3.0513,0.1121
71.451,seguindo,normal,5.8949,3.1467,-0.3833,-0.0844,0.2989,0.5,5.6962,16.7492,1.0,6.8913,3.0625,0.1017
71.5,seguindo,normal,5.9044,3.1435,-0.3915,-0.082,0.3096,0.5,5.6901,16.7492,1.0,6.8913,3.0625,0.0981
71.55,seguindo,normal,5.9182,3.1383,-0.3973,-0.0733,0.324,0.5,5.6818,27.2423,1.0,6.9413,3.0632,0.0924
71.6,seguindo,normal,5.927,3.1347,-0.3986,-0.0704,0.3282,0.5,5.6765,27.2423,1.0,6.9413,3.0632,0.0884
71.65,seguindo,normal,5.9399,3.1289,-0.3943,-0.0655,0.3287,0.5,5.6692,27.2423,1.0,6.9413,3.0632,0.0822
71.7,seguindo,normal,5.9484,3.1249,-0.3886,-0.0621,0.3265,0.5,5.6645,27.2423,1.0,6.9413,3.0632,0.0779
71.751,seguindo,normal,5.9608,3.1188,-0.375,-0.0566,0.3183,0.5,5.658,27.2423,1.0,6.9413,3.0632,0.0714
71.8,seguindo,normal,5.9689,3.1147,-0.3639,-0.0496,0.3143,0.5,5.6537,45.0716,1.0,6.9913,3.0639,0.0671
71.85,seguindo,normal,5.9808,3.1084,-0.3426,-0.044,0.2986,0.5,5.6475,45.0716,1.0,6.9913,3.0639,0.0604
71.9,seguindo,normal,5.9928,3.1023,-0.3193,-0.0384,0.2809,0.5,5.6413,45.0716,1.0,6.9913,3.0639,0.054
71.95,seguindo,normal,6.001,3.0981,-0.3012,-0.0345,0.2667,0.5,5.637,45.0716,1.0,6.9913,3.0639,0.0496
72.0,seguindo,normal,6.0093,3.0941,-0.2834,-0.0307,0.2527,0.5,5.6326,45.0716,1.0,6.9913,3.0639,0.0454
72.051,seguindo,normal,6.0219,3.0884,-0.257,-0.0233,0.2337,0.5,5.6257,75.7248,1.0,7.0413,3.0647,0.0394
72.1,seguindo,normal,6.0304,3.0848,-0.2396,-0.0199,0.2197,0.5,5.6209,75.7248,1.0,7.0413,3.0647,0.0355
72.156,seguindo,normal,6.0434,3.0796,-0.2138,-0.015,0.1988,0.5,5.6134,75.7248,1.0,7.0413,3.0647,0.0301
72.2,seguindo,normal,6.0521,3.0764,-0.1967,-0.0118,0.1849,0.5,5.6082,75.7248,1.0,7.0413,3.0647,0.0267
72.251,seguindo,normal,6.0654,3.0718,-0.1714,-0.0073,0.1641,0.5,5.6001,75.7248,1.0,7.0413,3.0647,0.0218
72.3,seguindo,normal,6.0788,3.0676,-0.1462,-0.0021,0.1441,0.5,5.5918,129.0069,1.0,7.0913,3.0654,0.0174
72.352,seguindo,normal,6.0878,3.065,-0.1297,0.0004,0.1302,0.5,5.5861,129.0069,1.0,7.0913,3.0654,0.0146
72.4,seguindo,normal,6.0969,3.0625,-0.1132,0.0029,0.1162,0.5,5.5802,129.0069,1.0,7.0913,3.0654,0.0119
72.45,seguindo,normal,6.1107,3.0591,-0.0891,-0.0263,0.0628,0.5,5.5649,129.0069,1.0,7.0906,3.0333,0.0182
72.5,seguindo,normal,6.12,3.0571,-0.0735,-0.0237,0.0498,0.5,5.5585,222.5781,1.0,7.1406,3.0329,0.0162
72.55,seguindo,normal,6.1341,3.0543,-0.0507,-0.0213,0.0294,0.5,5.5485,222.5781,1.0,7.1406,3.0329,0.0136
72.6,seguindo,normal,6.1436,3.0527,-0.0361,-0.0199,0.0162,0.5,5.5417,222.5781,1.0,7.1406,3.0329,0.012
72.652,seguindo,normal,6.1581,3.0506,-0.015,-0.018,-0.003,0.5,5.5311,222.5781,1.0,7.1406,3.0329,0.01
72.7,seguindo,normal,6.1679,3.0495,-0.0019,-0.0166,-0.0147,0.5,5.5237,388.4991,1.0,7.1906,3.0325,0.0089
72.75,seguindo,normal,6.1828,3.048,0.017,-0.0154,-0.0324,0.5,5.5124,388.4991,1.0,7.1906,3.0325,0.0076
72.8,seguindo,normal,6.1929,3.0473,0.0289,-0.0148,-0.0437,0.5,5.5047,388.4991,1.0,7.1906,3.0325,0.0069
72.85,seguindo,normal,6.2081,3.0465,0.0457,-0.0142,-0.06,0.5,5.4928,388.4991,1.0,7.1906,3.0325,0.0062
72.9,seguindo,normal,6.2185,3.0462,0.0559,-0.0137,-0.0696,0.5,5.4846,685.4953,1.0,7.2406,3.0321,0.006
72.95,seguindo,normal,6.2354,3.0463,0.0671,-0.0141,-0.0813,0.5,5.4707,685.4953,1.0,7.2406,3.0321,0.0062
73.0,seguindo,normal,6.2474,3.0468,0.0722,-0.0147,-0.0869,0.5,5.4608,685.4953,1.0,7.2406,3.0321,0.0067
73.05,seguindo,normal,6.2652,3.0479,0.0749,-0.0161,-0.091,0.5,5.4457,685.4953,1.0,7.2406,3.0321,0.008
73.1,seguindo,normal,6.2771,3.0488,0.0749,-0.0167,-0.0916,0.5,5.4356,388.733,1.0,7.2906,3.0318,0.009
73.15,seguindo,normal,6.2948,3.0501,0.075,-0.0184,-0.0934,0.5,5.4205,388.733,1.0,7.2906,3.0318,0.0104
73.201,seguindo,normal,6.3126,3.0514,0.0753,-0.02,-0.0954,0.5,5.4054,388.733,1.0,7.2906,3.0318,0.0119
73.251,seguindo,normal,6.3244,3.0523,0.0758,-0.0204,-0.0962,0.5,5.3954,222.7227,1.0,7.3406,3.0315,0.0128
73.3,seguindo,normal,6.3362,3.0531,0.0762,-0.0215,-0.0977,0.5,5.3854,222.7227,1.0,7.3406,3.0315,0.0138
73.35,seguindo,normal,6.3538,3.0544,0.0774,-0.0232,-0.1006,0.5,5.3705,222.7227,1.0,7.3406,3.0315,0.0152
73.404,seguindo,normal,6.3714,3.0556,0.079,-0.0239,-0.1029,0.5,5.3556,129.098,1.0,7.3906,3.0313,0.0165
73.45,seguindo,normal,6.383,3.0564,0.0808,-0.025,-0.1058,0.5,5.3459,129.098,1.0,7.3906,3.0313,0.0174
73.5,seguindo,normal,6.4004,3.0576,0.0836,-0.0266,-0.1102,0.5,5.3313,129.098,1.0,7.3906,3.0313,0.0188
73.55,seguindo,normal,6.4119,3.0584,0.0857,-0.0315,-0.1172,0.5,5.3308,129.098,1.0,7.4005,3.0273,0.0176
73.6,seguindo,normal,6.4235,3.0592,0.0878,-0.0327,-0.1205,0.5,5.321,129.098,1.0,7.4005,3.0273,0.0186
73.651,seguindo,normal,6.4408,3.0605,0.0909,-0.0334,-0.1242,0.5,5.3064,75.7835,1.0,7.4505,3.0269,0.0201
73.7,seguindo,normal,6.4581,3.0619,0.0939,-0.0353,-0.1292,0.5,5.2916,75.7835,1.0,7.4505,3.0269,0.0217
73.75,seguindo,normal,6.4697,3.0628,0.0959,-0.0367,-0.1325,0.5,5.2818,75.7835,1.0,7.4505,3.0269,0.0228
73.8,seguindo,normal,6.487,3.0643,0.0988,-0.0372,-0.136,0.5,5.2671,45.1106,1.0,7.5005,3.0266,0.0245
73.85,seguindo,normal,6.4986,3.0653,0.1006,-0.0386,-0.1392,0.5,5.2573,45.1106,1.0,7.5005,3.0266,0.0257
73.9,seguindo,normal,6.5102,3.0663,0.1025,-0.0401,-0.1425,0.5,5.2474,45.1106,1.0,7.5005,3.0266,0.0269
73.95,seguindo,normal,6.5275,3.0679,0.1051,-0.0403,-0.1454,0.5,5.2326,27.2692,1.0,7.5505,3.0267,0.0287
74.0,seguindo,normal,6.5449,3.0696,0.1076,-0.0426,-0.1502,0.5,5.2177,27.2692,1.0,7.5505,3.0267,0.0306
74.05,seguindo,normal,6.5565,3.0707,0.1094,-0.0443,-0.1536,0.5,5.2079,27.2692,1.0,7.5505,3.0267,0.0319
74.1,seguindo,normal,6.568,3.0718,0.1112,-0.0459,-0.1571,0.5,5.198,27.2692,1.0,7.5505,3.0267,0.0332
74.15,seguindo,normal,6.5854,3.0736,0.1139,-0.0456,-0.1596,0.5,5.1832,16.7689,1.0,7.6006,3.0272,0.0352
74.2,seguindo,normal,6.5969,3.0747,0.1158,-0.0473,-0.1631,0.5,5.1733,16.7689,1.0,7.6006,3.0272,0.0365
74.25,seguindo,normal,6.6143,3.0766,0.1185,-0.05,-0.1685,0.5,5.1585,16.7689,1.0,7.6006,3.0272,0.0386
74.3,seguindo,normal,6.6258,3.0778,0.1203,-0.0519,-0.1722,0.5,5.1486,16.7689,1.0,7.6006,3.0272,0.04
74.35,seguindo,normal,6.6432,3.0797,0.1228,-0.0509,-0.1736,0.5,5.1337,10.5115,1.0,7.6506,3.0284,0.0421
74.4,seguindo,normal,6.6548,3.081,0.1243,-0.0528,-0.1771,0.5,5.1237,10.5115,1.0,7.6506,3.0284,0.0436
74.45,seguindo,normal,6.6721,3.083,0.127,-0.0557,-0.1827,0.5,5.1089,10.5115,1.0,7.6506,3.0284,0.0458
74.5,seguindo,normal,6.6836,3.0843,0.1288,-0.0526,-0.1815,0.5,5.099,6.7332,1.0,7.7006,3.0307,0.0473
74.55,seguindo,normal,6.7009,3.0863,0.1318,-0.065,-0.1968,0.5,5.0936,6.7332,1.0,7.718,3.0201,0.0565
74.6,seguindo,normal,6.7124,3.0877,0.1338,-0.0671,-0.2009,0.5,5.0837,6.7332,1.0,7.718,3.0201,0.058
74.65,seguindo,normal,6.7297,3.0898,0.1366,-0.0704,-0.207,0.5,5.0688,6.7332,1.0,7.718,3.0201,0.0604
74.7,seguindo,normal,6.747,3.092,0.1394,-0.0667,-0.2061,0.5,5.0538,4.421,1.0,7.7681,3.0238,0.0629
74.75,seguindo,normal,6.7585,3.0935,0.1412,-0.0689,-0.2101,0.5,5.0438,4.421,1.0,7.7681,3.0238,0.0646
74.8,seguindo,normal,6.77,3.095,0.143,-0.0712,-0.2142,0.5,5.0338,4.421,1.0,7.7681,3.0238,0.0663
74.851,seguindo,normal,6.7873,3.0973,0.1458,-0.0747,-0.2206,0.5,5.0189,4.421,1.0,7.7681,3.0238,0.0689
74.9,seguindo,normal,6.7988,3.0988,0.1477,-0.0678,-0.2155,0.5,5.0089,2.987,1.0,7.8182,3.0296,0.0706
74.95,seguindo,normal,6.8161,3.1012,0.1505,-0.0713,-0.2217,0.5,4.9939,2.987,1.0,7.8182,3.0296,0.0733
75.0,seguindo,normal,6.8333,3.1036,0.1531,-0.075,-0.228,0.5,4.9789,2.987,1.0,7.8182,3.0296,0.076
75.05,seguindo,normal,6.8449,3.1052,0.1548,-0.1988,-0.3536,0.5,4.9689,828.3257,0.37,7.268,3.02,0.0779
75.1,seguindo,normal,6.8564,3.1069,0.1566,-0.208,-0.3646,0.5,4.9588,828.3257,0.37,7.268,3.02,0.0797
75.15,seguindo,normal,6.8736,3.1094,0.1592,-0.223,-0.3822,0.5,4.9438,828.3257,0.37,7.268,3.02,0.0826
75.2,seguindo,normal,6.8851,3.1111,0.1609,-0.2337,-0.3946,0.5,4.9338,828.3257,0.37,7.268,3.02,0.0845
75.25,seguindo,normal,6.9024,3.1138,0.1636,-0.2237,-0.3873,0.5,4.9187,467.7727,0.37,7.318,3.0192,0.0874
75.3,seguindo,normal,6.9196,3.1164,0.1662,-0.2393,-0.4056,0.5,4.9037,467.7727,0.37,7.318,3.0192,0.0903
75.35,seguindo,normal,6.9311,3.1182,0.168,-0.2505,-0.4185,0.5,4.8936,467.7727,0.37,7.318,3.0192,0.0923
75.4,seguindo,normal,6.9426,3.12,0.1698,-0.2623,-0.4321,0.5,4.8836,467.7727,0.37,7.318,3.0192,0.0943
75.45,seguindo,normal,6.9598,3.1227,0.1725,-0.2502,-0.4228,0.5,4.8685,266.9861,0.37,7.368,3.0184,0.0974
75.5,seguindo,normal,6.9713,3.1246,0.1744,-0.2615,-0.4359,0.5,4.8585,266.9861,0.37,7.368,3.0184,0.0994
75.55,seguindo,normal,6.9887,3.1279,0.1722,-0.2809,-0.4531,0.5,4.843,266.9861,0.37,7.368,3.0184,0.103
75.6,seguindo,normal,7.0005,3.1301,0.1689,-0.2631,-0.432,0.5,4.8324,154.1143,0.37,7.418,3.0177,0.1055
75.65,seguindo,normal,7.0179,3.1339,0.1591,-0.3354,-0.4945,0.5,4.801,154.1143,0.37,7.4126,2.9963,0.1286
75.7,seguindo,normal,7.0295,3.1364,0.1507,-0.3505,-0.5012,0.5,4.7905,154.1143,0.37,7.4126,2.9963,0.1314
75.75,seguindo,normal,7.0468,3.1403,0.1331,-0.3354,-0.4685,0.5,4.7746,90.0583,0.37,7.4626,2.9954,0.1357
75.8,seguindo,normal,7.0584,3.1429,0.1195,-0.3499,-0.4694,0.5,4.764,90.0583,0.37,7.4626,2.9954,0.1386
75.85,seguindo,normal,7.0756,3.1468,0.0942,-0.373,-0.4672,0.5,4.7481,90.0583,0.37,7.4626,2.9954,0.1429
75.9,seguindo,normal,7.0871,3.1493,0.0754,-0.3892,-0.4646,0.5,4.7377,90.0583,0.37,7.4626,2.9954,0.1457
75.95,seguindo,normal,7.1045,3.1529,0.0445,-0.37,-0.4145,0.5,4.722,53.3399,0.37,7.5126,2.9947,0.1497
76.001,seguindo,normal,7.122,3.1561,0.0121,-0.3918,-0.4039,0.5,4.7066,53.3399,0.37,7.5126,2.9947,0.1532
76.05,seguindo,normal,7.1337,3.1578,-0.0092,-0.4067,-0.3974,0.5,4.6964,53.3399,0.37,7.5126,2.9947,0.1553
76.1,seguindo,normal,7.1455,3.1593,-0.0306,-0.3769,-0.3463,0.5,4.6864,32.0654,0.37,7.5626,2.9943,0.1571
76.154,seguindo,normal,7.163,3.1613,-0.0644,-0.3959,-0.3315,0.5,4.6718,32.0654,0.37,7.5626,2.9943,0.1594
76.2,seguindo,normal,7.1745,3.1623,-0.0875,-0.4086,-0.3211,0.5,4.6623,32.0654,0.37,7.5626,2.9943,0.1607
76.25,seguindo,normal,7.192,3.1633,-0.1218,-0.382,-0.2602,0.5,4.6483,19.597,0.37,7.6126,2.9943,0.1621
76.3,seguindo,normal,7.2037,3.1636,-0.1443,-0.3924,-0.2482,0.5,4.6392,19.597,0.37,7.6126,2.9943,0.1626
76.35,seguindo,normal,7.2213,3.1635,-0.178,-0.4081,-0.2301,0.5,4.6259,19.597,0.37,7.6126,2.9943,0.163
76.4,seguindo,normal,7.233,3.1631,-0.2005,-0.4184,-0.218,0.5,4.6173,19.597,0.37,7.6126,2.9943,0.1629
76.45,seguindo,normal,7.2506,3.162,-0.2333,-0.3849,-0.1516,0.5,4.6046,12.1998,0.37,7.6626,2.9951,0.1621
76.5,seguindo,normal,7.2625,3.1608,-0.2545,-0.3926,-0.1382,0.5,4.5964,12.1998,0.37,7.6626,2.9951,0.1612
76.55,seguindo,normal,7.2803,3.1585,-0.2853,-0.4039,-0.1186,0.5,4.5845,12.1998,0.37,7.6626,2.9951,0.1593
76.6,seguindo,normal,7.2923,3.1565,-0.3045,-0.3628,-0.0583,0.5,4.5767,7.7544,0.37,7.7127,2.9969,0.1576
76.652,seguindo,normal,7.3103,3.1529,-0.3326,-0.4072,-0.0746,0.5,4.5574,7.7544,0.37,7.714,2.9788,0.1696
76.702,seguindo,normal,7.3283,3.1488,-0.3602,-0.4152,-0.055,0.5,4.5465,7.7544,0.37,7.714,2.9788,0.166
76.751,seguindo,normal,7.3404,3.1457,-0.3778,-0.4201,-0.0423,0.5,4.5394,7.7544,0.37,7.714,2.9788,0.1633
76.8,seguindo,normal,7.3524,3.1423,-0.3949,-0.3718,0.0232,0.5,4.5326,5.047,0.37,7.7641,2.9818,0.1602
76.853,seguindo,normal,7.3705,3.1368,-0.4202,-0.3751,0.045,0.5,4.5226,5.047,0.37,7.7641,2.9818,0.1552
76.9,seguindo,normal,7.3825,3.1329,-0.4367,-0.3769,0.0598,0.5,4.5162,5.047,0.37,7.7641,2.9818,0.1516
76.952,seguindo,normal,7.4011,3.126,-0.4582,-0.3246,0.1337,0.5,4.5069,3.3761,0.37,7.8143,2.987,0.1453
77.001,seguindo,normal,7.4198,3.1184,-0.4765,-0.3216,0.1548,0.5,4.498,3.3761,0.37,7.8143,2.987,0.1382
77.051,seguindo,normal,7.4304,3.1136,-0.4838,-0.3186,0.1652,0.5,4.4934,3.3761,0.37,7.8143,2.987,0.1336
77.1,seguindo,normal,7.4409,3.1087,-0.4915,-0.3152,0.1763,0.5,4.4889,3.3761,0.37,7.8143,2.987,0.129
77.15,seguindo,normal,7.4563,3.1008,-0.4961,-0.2538,0.2423,0.5,4.4828,2.3322,0.37,7.8646,2.995,0.1215
77.2,seguindo,normal,7.4716,3.0927,-0.4968,-0.2437,0.2531,0.5,4.4772,2.3322,0.37,7.8646,2.995,0.1137
77.25,seguindo,normal,7.4815,3.087,-0.4936,-0.2358,0.2578,0.5,4.4737,2.3322,0.37,7.8646,2.995,0.1083
77.3,seguindo,normal,7.4915,3.0813,-0.49,-0.1747,0.3153,0.5,4.4702,1.6739,0.37,7.9149,3.0066,0.1028
77.35,seguindo,normal,7.5065,3.0728,-0.4843,-0.1609,0.3234,0.5,4.4651,1.6739,0.37,7.9149,3.0066,0.0946
77.4,seguindo,normal,7.5165,3.0672,-0.4804,-0.1511,0.3292,0.5,4.4616,1.6739,0.37,7.9149,3.0066,0.0893
77.45,seguindo,normal,7.5316,3.0589,-0.4749,-0.1358,0.3391,0.5,4.4564,1.6739,0.37,7.9149,3.0066,0.0812
77.5,seguindo,normal,7.5417,3.0535,-0.4718,-0.0731,0.3987,0.5,4.4528,1.2572,0.37,7.9655,3.0224,0.0759
77.55,seguindo,normal,7.557,3.0454,-0.4684,-0.0561,0.4123,0.5,4.4474,1.2572,0.37,7.9655,3.0224,0.068
77.6,seguindo,normal,7.5673,3.04,-0.4666,-0.0441,0.4225,0.5,4.4437,1.2572,0.37,7.9655,3.0224,0.0628
77.65,seguindo,normal,7.5828,3.032,-0.4639,0.0742,0.5381,0.5,4.4385,0.9961,0.37,7.9982,3.0629,0.0362
77.7,seguindo,normal,7.5931,3.0267,-0.4622,0.0892,0.5513,0.5,4.435,0.9961,0.37,7.9982,3.0629,0.031
77.75,seguindo,normal,7.6063,3.0194,-0.4537,0.1105,0.5642,0.5,4.4308,0.9961,0.37,7.9982,3.0629,0.0236
77.8,seguindo,normal,7.6141,3.0148,-0.4442,0.1246,0.5688,0.5,4.4285,0.9961,0.37,7.9982,3.0629,0.0189
77.85,seguindo,normal,7.6259,3.0076,-0.4251,0.189,0.6141,0.5,4.4254,0.8387,0.37,8.0489,3.0885,0.0116
77.9,seguindo,normal,7.6375,3.0004,-0.4011,0.2111,0.6122,0.5,4.4224,0.8387,0.37,8.0489,3.0885,0.0042
77.95,seguindo,normal,7.6451,2.9954,-0.3808,0.2267,0.6075,0.5,4.4205,0.8387,0.37,8.0489,3.0885,-0.0008
78.0,seguindo,normal,7.6527,2.9906,-0.3593,0.2424,0.6017,0.5,4.4187,0.8387,0.37,8.0489,3.0885,-0.0059
78.05,seguindo,normal,7.6643,2.9833,-0.3232,0.267,0.5902,0.5,4.4158,0.8387,0.37,8.0489,3.0885,-0.0135
78.102,seguindo,normal,7.6721,2.9786,-0.2975,0.3166,0.614,0.5,4.4138,0.7545,0.37,8.0998,3.1188,-0.0184
78.15,seguindo,normal,7.6835,2.9719,-0.2566,0.3391,0.5957,0.5,4.4108,0.7545,0.37,8.0998,3.1188,-0.0255
78.2,seguindo,normal,7.691,2.9678,-0.229,0.3539,0.5829,0.5,4.4086,0.7545,0.37,8.0998,3.1188,-0.0299
78.251,seguindo,normal,7.7023,2.9621,-0.1897,0.3755,0.5652,0.5,4.4049,0.7545,0.37,8.0998,3.1188,-0.0361
78.3,seguindo,normal,7.7099,2.9587,-0.165,0.3896,0.5546,0.5,4.4021,0.7545,0.37,8.0998,3.1188,-0.0399
78.35,seguindo,normal,7.7209,2.9538,-0.1256,0.4107,0.5363,0.5,4.3981,0.7545,0.37,8.0998,3.1188,-0.0455
78.4,seguindo,normal,7.7282,2.9507,-0.0985,0.4247,0.5232,0.5,4.3953,0.7218,0.37,8.0998,3.1188,-0.049
78.451,seguindo,normal,7.7392,2.9465,-0.0569,0.4438,0.5007,0.5,4.4005,0.7218,0.37,8.109,3.1223,-0.059
78.5,seguindo,normal,7.7504,2.9427,-0.0149,0.4643,0.4792,0.5,4.3957,0.7218,0.37,8.109,3.1223,-0.0635
78.55,seguindo,normal,7.7576,2.9402,0.0149,0.478,0.4631,0.5,4.3925,0.7218,0.37,8.109,3.1223,-0.0663
78.6,seguindo,normal,7.7648,2.938,0.0448,0.4916,0.4468,0.5,4.3892,0.7218,0.37,8.109,3.1223,-0.0691
78.651,seguindo,normal,7.7759,2.9351,0.0893,0.5119,0.4227,0.5,4.3838,0.7218,0.37,8.109,3.1223,-0.0731
78.7,seguindo,normal,7.7834,2.9335,0.1188,0.5255,0.4066,0.5,4.3799,0.7218,0.37,8.109,3.1223,-0.0755
78.75,seguindo,normal,7.7947,2.9315,0.1623,0.5403,0.378,0.5,4.3577,0.7402,0.37,8.1495,3.1443,-0.068
78.8,seguindo,normal,7.8025,2.9305,0.1907,0.5521,0.3614,0.5,4.3532,0.7402,0.37,8.1495,3.1443,-0.0697
78.851,seguindo,normal,7.8142,2.9296,0.2323,0.5696,0.3373,0.5,4.3459,0.7402,0.37,8.1495,3.1443,-0.0724
78.9,seguindo,normal,7.8222,2.9293,0.2594,0.5812,0.3218,0.5,4.3408,0.7402,0.37,8.1495,3.1443,-0.0739
78.95,seguindo,normal,7.8342,2.9294,0.2992,0.6016,0.3024,0.5,4.3326,0.8154,0.37,8.2008,3.181,-0.0757
79.0,seguindo,normal,7.8423,2.9297,0.3253,0.6114,0.2861,0.5,4.3269,0.8154,0.37,8.2008,3.181,-0.0766
79.051,seguindo,normal,7.8545,2.9308,0.3634,0.6593,0.2959,0.5,4.301,0.8154,0.37,8.1765,3.1804,-0.0805
79.1,seguindo,normal,7.8627,2.9319,0.388,0.6697,0.2818,0.5,4.2947,0.8154,0.37,8.1765,3.1804,-0.0813
79.15,seguindo,normal,7.8751,2.934,0.4239,0.6798,0.2559,0.5,4.2849,0.9631,0.37,8.2277,3.2191,-0.082
79.2,seguindo,normal,7.8833,2.9358,0.447,0.6884,0.2414,0.5,4.278,0.9631,0.37,8.2277,3.2191,-0.0822
79.251,seguindo,normal,7.8958,2.939,0.4806,0.701,0.2204,0.5,4.2674,0.9631,0.37,8.2277,3.2191,-0.0821
79.3,seguindo,normal,7.9042,2.9415,0.5016,0.7091,0.2075,0.5,4.26,0.9631,0.37,8.2277,3.2191,-0.0822
79.35,seguindo,normal,7.9168,2.9458,0.5321,0.721,0.1889,0.5,4.2485,0.9631,0.37,8.2277,3.2191,-0.0819
79.4,seguindo,normal,7.9252,2.949,0.5513,0.7185,0.1673,0.5,4.2405,1.2234,0.37,8.279,3.2584,-0.0813
79.45,seguindo,normal,7.9377,2.9542,0.5798,0.728,0.1483,0.5,4.2283,1.2234,0.37,8.279,3.2584,-0.0801
79.5,seguindo,normal,7.9461,2.958,0.5984,0.7343,0.1358,0.5,4.22,1.2234,0.37,8.279,3.2584,-0.0791
79.55,seguindo,normal,7.9586,2.9639,0.6258,0.7853,0.1595,0.5,4.2185,1.2234,0.37,8.2733,3.2785,-0.095
79.6,seguindo,normal,7.9669,2.9681,0.6436,0.792,0.1483,0.5,4.2099,1.2234,0.37,8.2733,3.2785,-0.0943
79.65,seguindo,normal,7.9793,2.9748,0.6702,0.8018,0.1316,0.5,4.1968,1.2234,0.37,8.2733,3.2785,-0.093
79.7,seguindo,normal,7.9876,2.9794,0.6875,0.7879,0.1004,0.5,4.1879,1.7007,0.37,8.3242,3.3177,-0.0918
79.75,seguindo,normal,7.9999,2.9869,0.7124,0.7955,0.083,0.5,4.1743,1.7007,0.37,8.3242,3.3177,-0.0897
79.8,seguindo,normal,8.0081,2.9921,0.7285,0.8003,0.0719,0.5,4.1651,1.7007,0.37,8.3242,3.3177,-0.0883
79.85,seguindo,normal,8.0204,3.0004,0.7509,0.8072,0.0563,0.5,4.1508,1.7007,0.37,8.3242,3.3177,-0.0865
79.9,seguindo,normal,8.0285,3.0062,0.7651,0.8116,0.0465,0.5,4.1411,1.7007,0.37,8.3242,3.3177,-0.085
79.95,seguindo,normal,8.0406,3.0154,0.7849,0.8175,0.0326,0.5,4.1263,2.7904,0.37,8.3242,3.3177,-0.0824
80.0,seguindo,normal,8.0487,3.0217,0.7974,0.8212,0.0239,0.5,4.1163,2.7904,0.37,8.3242,3.3177,-0.0804
80.05,seguindo,normal,8.0604,3.0315,0.816,0.8263,0.0102,0.5,4.1013,2.7904,0.37,8.3242,3.3177,-0.0774
80.1,seguindo,normal,8.068,3.0381,0.8284,0.8293,0.0009,0.5,4.0913,2.7904,0.37,8.3242,3.3177,-0.0757
80.15,seguindo,normal,8.0803,3.0497,0.8428,0.8216,-0.0212,0.5,4.0821,2.7904,0.37,8.3323,3.3206,-0.0721
80.2,seguindo,normal,8.0887,3.0581,0.8501,0.794,-0.0561,0.5,4.0702,7.8108,0.37,8.3833,3.3577,-0.0692
80.25,seguindo,normal,8.1008,3.0712,0.8553,0.7926,-0.0627,0.5,4.0523,7.8108,0.37,8.3833,3.3577,-0.0641
80.301,seguindo,normal,8.1127,3.0846,0.8573,0.79,-0.0673,0.5,4.0345,7.8108,0.37,8.3833,3.3577,-0.0589
80.35,seguindo,normal,8.1204,3.0936,0.8576,0.7879,-0.0697,0.5,4.0226,7.8108,0.37,8.3833,3.3577,-0.0558
80.4,seguindo,normal,8.1282,3.1025,0.8579,0.7857,-0.0722,0.5,4.0108,7.8108,0.37,8.3833,3.3577,-0.0527
80.45,seguindo,normal,8.1399,3.1159,0.8585,0.7534,-0.1051,0.5,3.993,10.0003,0.37,8.4342,3.392,-0.0481
80.5,seguindo,normal,8.1476,3.1249,0.8589,0.7503,-0.1086,0.5,3.9812,10.0003,0.37,8.4342,3.392,-0.045
80.55,seguindo,normal,8.1592,3.1382,0.86,0.7454,-0.1146,0.5,3.9635,10.0003,0.37,8.4342,3.392,-0.0408
80.6,seguindo,normal,8.167,3.1471,0.861,0.7419,-0.1191,0.5,3.9517,10.0003,0.37,8.4342,3.392,-0.0382
80.65,seguindo,normal,8.1785,3.1602,0.8632,0.7074,-0.1558,0.5,3.9342,2.9687,0.37,8.485,3.4223,-0.0343
80.7,seguindo,normal,8.1861,3.169,0.865,0.7032,-0.1618,0.5,3.9226,2.9687,0.37,8.485,3.4223,-0.0317
80.75,seguindo,normal,8.1976,3.1821,0.8679,0.6962,-0.1716,0.5,3.9052,2.9687,0.37,8.485,3.4223,-0.0279
80.8,seguindo,normal,8.2052,3.1908,0.8699,0.6912,-0.1787,0.5,3.8936,2.9687,0.37,8.485,3.4223,-0.0256
80.85,seguindo,normal,8.2166,3.204,0.8729,0.6829,-0.19,0.5,3.8763,2.9687,0.37,8.485,3.4223,-0.0221
80.9,seguindo,normal,8.2241,3.2127,0.8749,0.6158,-0.2592,0.5,3.8647,1.6846,0.37,8.5862,3.4689,-0.0197
80.95,seguindo,normal,8.2355,3.2259,0.8779,0.6058,-0.2721,0.5,3.8473,1.6846,0.37,8.5862,3.4689,-0.016
81.0,seguindo,normal,8.243,3.2348,0.8798,0.5986,-0.2812,0.5,3.8357,1.6846,0.37,8.5862,3.4689,-0.0136
81.05,seguindo,normal,8.2542,3.2481,0.8827,0.587,-0.2957,0.5,3.8183,1.6846,0.37,8.5862,3.4689,-0.01
81.1,seguindo,normal,8.2617,3.2569,0.8846,0.5465,-0.338,0.5,3.8067,1.1286,0.37,8.6367,3.485,-0.0076
81.15,seguindo,normal,8.2729,3.2703,0.8873,0.5333,-0.354,0.5,3.7892,1.1286,0.37,8.6367,3.485,-0.0039
81.2,seguindo,normal,8.2804,3.2792,0.889,0.5238,-0.3652,0.5,3.7776,1.1286,0.37,8.6367,3.485,-0.0014
81.251,seguindo,normal,8.2915,3.2927,0.8916,0.5085,-0.3832,0.5,3.7602,1.1286,0.37,8.6367,3.485,0.0025
81.3,seguindo,normal,8.2989,3.3016,0.8934,0.4975,-0.3959,0.5,3.7485,1.1286,0.37,8.6367,3.485,0.0052
81.35,seguindo,normal,8.31,3.3151,0.8961,0.4493,-0.4468,0.5,3.7311,0.8628,0.37,8.687,3.4969,0.0091
81.4,seguindo,normal,8.3173,3.3241,0.8979,0.4373,-0.4606,0.5,3.7195,0.8628,0.37,8.687,3.4969,0.0118
81.45,seguindo,normal,8.3285,3.3383,0.8957,0.3941,-0.5016,0.5,3.6957,0.8628,0.37,8.6854,3.4868,0.0172
81.5,seguindo,normal,8.336,3.3481,0.8924,0.3777,-0.5146,0.5,3.6834,0.8628,0.37,8.6854,3.4868,0.0209
81.55,seguindo,normal,8.3468,3.3627,0.8824,0.3257,-0.5566,0.5,3.6653,0.7476,0.37,8.7358,3.4941,0.0267
81.6,seguindo,normal,8.354,3.3724,0.8739,0.3085,-0.5654,0.5,3.6533,0.7476,0.37,8.7358,3.4941,0.0305
81.65,seguindo,normal,8.3645,3.387,0.8561,0.2808,-0.5753,0.5,3.6353,0.7476,0.37,8.7358,3.4941,0.0366
81.701,seguindo,normal,8.3752,3.4016,0.8356,0.2512,-0.5844,0.5,3.6174,0.7476,0.37,8.7358,3.4941,0.0431
81.75,seguindo,normal,8.3821,3.4113,0.8169,0.2129,-0.6041,0.5,3.6055,0.7192,0.37,8.7861,3.4986,0.0475
81.8,seguindo,normal,8.3891,3.4209,0.7981,0.1933,-0.6048,0.5,3.5936,0.7192,0.37,8.7861,3.4986,0.0517
81.85,seguindo,normal,8.3997,3.4351,0.7665,0.163,-0.6036,0.5,3.5759,0.7192,0.37,8.7861,3.4986,0.0579
81.9,seguindo,normal,8.4106,3.449,0.7332,0.1315,-0.6017,0.5,3.5584,0.7192,0.37,8.7861,3.4986,0.0644
81.95,seguindo,normal,8.418,3.4579,0.71,0.11,-0.5999,0.5,3.5468,0.7192,0.37,8.7861,3.4986,0.0685
82.0,seguindo,normal,8.4255,3.4668,0.6867,0.076,-0.6108,0.5,3.5351,0.7599,0.37,8.8863,3.5018,0.0724
82.05,seguindo,normal,8.437,3.4796,0.6504,0.0806,-0.5698,0.5,3.5275,0.7599,0.37,8.8835,3.5157,0.0633
82.1,seguindo,normal,8.4487,3.492,0.6133,0.0545,-0.5589,0.5,3.5104,0.7599,0.37,8.8835,3.5157,0.0683
82.15,seguindo,normal,8.4567,3.4999,0.5874,0.0368,-0.5506,0.5,3.4992,0.7599,0.37,8.8835,3.5157,0.072
82.2,seguindo,normal,8.4648,3.5077,0.5616,0.019,-0.5426,0.5,3.488,0.7599,0.37,8.8835,3.5157,0.0755
82.25,seguindo,normal,8.4771,3.5189,0.5218,-0.008,-0.5298,0.5,3.4714,0.8714,0.37,8.9335,3.5153,0.0802
82.3,seguindo,normal,8.4856,3.5261,0.4949,-0.0242,-0.5192,0.5,3.4604,0.8714,0.37,8.9335,3.5153,0.0831
82.35,seguindo,normal,8.4985,3.5365,0.454,-0.0488,-0.5028,0.5,3.4442,0.8714,0.37,8.9335,3.5153,0.0871
82.4,seguindo,normal,8.5073,3.5432,0.4265,-0.0653,-0.4918,0.5,3.4334,0.8714,0.37,8.9335,3.5153,0.09
82.45,seguindo,normal,8.5207,3.5526,0.3849,-0.0902,-0.4752,0.5,3.4174,0.8714,0.37,8.9335,3.5153,0.094
82.5,seguindo,normal,8.5345,3.5615,0.3432,-0.1051,-0.4483,0.5,3.4016,1.0746,0.37,8.9835,3.5142,0.0973
82.552,seguindo,normal,8.5441,3.5672,0.316,-0.1199,-0.436,0.5,3.3912,1.0746,0.37,8.9835,3.5142,0.0991
82.6,seguindo,normal,8.5538,3.5725,0.2892,-0.1348,-0.424,0.5,3.3808,1.0746,0.37,8.9835,3.5142,0.101
82.65,seguindo,normal,8.5687,3.58,0.2493,-0.1573,-0.4066,0.5,3.3654,1.0746,0.37,8.9835,3.5142,0.1039
82.7,seguindo,normal,8.5789,3.5846,0.2231,-0.157,-0.3801,0.5,3.3552,1.4069,0.37,9.0335,3.5127,0.1055
82.75,seguindo,normal,8.5944,3.5911,0.1841,-0.1361,-0.3202,0.5,3.3544,1.4069,0.37,9.0366,3.5306,0.0926
82.8,seguindo,normal,8.605,3.5951,0.1584,-0.1483,-0.3067,0.5,3.3446,1.4069,0.37,9.0366,3.5306,0.0933
82.85,seguindo,normal,8.621,3.6004,0.1203,-0.1666,-0.287,0.5,3.3302,1.4069,0.37,9.0366,3.5306,0.0946
82.9,seguindo,normal,8.6319,3.6037,0.0953,-0.1788,-0.274,0.5,3.3207,1.4069,0.37,9.0366,3.5306,0.0954
82.95,seguindo,normal,8.6485,3.608,0.0583,-0.1785,-0.2368,0.5,3.3069,1.9355,0.37,9.0866,3.5289,0.0961
83.0,seguindo,normal,8.6597,3.6105,0.0343,-0.1887,-0.223,0.5,3.2978,1.9355,0.37,9.0866,3.5289,0.0962
83.05,seguindo,normal,8.6768,3.6136,-0.0009,-0.2038,-0.2029,0.5,3.2846,1.9355,0.37,9.0866,3.5289,0.0962
83.1,seguindo,normal,8.6884,3.6153,-0.0233,-0.2136,-0.1903,0.5,3.276,1.9355,0.37,9.0866,3.5289,0.0962
83.15,seguindo,normal,8.7059,3.6173,-0.0562,-0.2063,-0.1501,0.5,3.2634,2.781,0.37,9.1365,3.5272,0.0956
83.201,seguindo,normal,8.7238,3.6186,-0.0876,-0.2179,-0.1303,0.5,3.2512,2.781,0.37,9.1365,3.5272,0.0943
83.25,seguindo,normal,8.7358,3.6191,-0.1077,-0.2254,-0.1176,0.5,3.2434,2.781,0.37,9.1365,3.5272,0.0936
83.3,seguindo,normal,8.7481,3.6191,-0.1263,-0.2324,-0.1061,0.5,3.2357,2.781,0.37,9.1365,3.5272,0.0926
83.35,seguindo,normal,8.7667,3.6187,-0.153,-0.2432,-0.0902,0.5,3.2178,4.1732,0.37,9.1875,3.5143,0.1002
83.4,seguindo,normal,8.7792,3.6181,-0.1701,-0.2489,-0.0789,0.5,3.2106,4.1732,0.37,9.1875,3.5143,0.0985
83.451,seguindo,normal,8.798,3.6167,-0.1947,-0.257,-0.0623,0.5,3.2001,4.1732,0.37,9.1875,3.5143,0.0962
83.5,seguindo,normal,8.8107,3.6153,-0.2096,-0.2367,-0.0271,0.5,3.1934,6.6264,0.37,9.2374,3.5124,0.0942
83.55,seguindo,normal,8.8299,3.6128,-0.231,-0.2416,-0.0106,0.5,3.1837,6.6264,0.37,9.2374,3.5124,0.0909
83.6,seguindo,normal,8.8493,3.6097,-0.2511,-0.2457,0.0053,0.5,3.1745,6.6264,0.37,9.2374,3.5124,0.0874
83.65,seguindo,normal,8.8623,3.6073,-0.2633,-0.2238,0.0395,0.5,3.1686,11.7295,0.37,9.2873,3.5106,0.0848
83.7,seguindo,normal,8.8753,3.6047,-0.2752,-0.2247,0.0505,0.5,3.1629,11.7295,0.37,9.2873,3.5106,0.082
83.75,seguindo,normal,8.8931,3.6007,-0.2883,-0.2247,0.0636,0.5,3.1555,11.7295,0.37,9.2873,3.5106,0.0779
83.8,seguindo,normal,8.9044,3.598,-0.296,-0.2244,0.0717,0.5,3.1511,11.7295,0.37,9.2873,3.5106,0.0752
83.851,seguindo,normal,8.921,3.5932,-0.3007,-0.1995,0.1011,0.5,3.1452,29.3807,0.37,9.3371,3.5091,0.0706
83.9,seguindo,normal,8.932,3.5899,-0.3011,-0.1968,0.1043,0.5,3.1415,29.3807,0.37,9.3371,3.5091,0.0673
83.95,seguindo,normal,8.9483,3.5845,-0.2978,-0.1917,0.1062,0.5,3.1364,29.3807,0.37,9.3371,3.5091,0.0622
84.0,seguindo,normal,8.9592,3.5809,-0.2939,-0.1878,0.1062,0.5,3.1331,29.3807,0.37,9.3371,3.5091,0.0588
84.05,seguindo,normal,8.9755,3.5755,-0.2879,-0.1625,0.1254,0.5,3.1282,89.6072,0.37,9.3869,3.508,0.0538
84.1,seguindo,normal,8.9918,3.5702,-0.2818,-0.156,0.1258,0.5,3.1232,89.6072,0.37,9.3869,3.508,0.0488
84.15,seguindo,normal,9.0028,3.5668,-0.2785,-0.1517,0.1268,0.5,3.1199,89.6072,0.37,9.3869,3.508,0.0457
84.2,seguindo,normal,9.0138,3.5634,-0.2756,-0.1472,0.1283,0.5,3.1165,89.6072,0.37,9.3869,3.508,0.0427
84.25,seguindo,normal,9.0304,3.5584,-0.2721,-0.1242,0.1478,0.5,3.1113,17.0528,0.37,9.4365,3.5077,0.0382
84.3,seguindo,normal,9.0415,3.5552,-0.27,-0.1195,0.1504,0.5,3.1079,17.0528,0.37,9.4365,3.5077,0.0353
84.35,seguindo,normal,9.0582,3.5503,-0.2671,-0.1121,0.1549,0.5,3.1027,17.0528,0.37,9.4365,3.5077,0.0311
84.4,seguindo,normal,9.0694,3.5471,-0.2653,-0.0925,0.1727,0.5,3.0993,8.5415,0.37,9.4858,3.5085,0.0283
84.451,seguindo,normal,9.0862,3.5424,-0.2627,-0.0417,0.221,0.5,3.1039,8.5415,0.37,9.4872,3.5256,0.0133
84.5,seguindo,normal,9.0974,3.5392,-0.2611,-0.0348,0.2262,0.5,3.1006,8.5415,0.37,9.4872,3.5256,0.0104
84.55,seguindo,normal,9.1142,3.5345,-0.2585,-0.0138,0.2448,0.5,3.0959,5.1014,0.37,9.5362,3.5287,0.0061
84.6,seguindo,normal,9.1254,3.5314,-0.2568,-0.0066,0.2502,0.5,3.0927,5.1014,0.37,9.5362,3.5287,0.0032
84.65,seguindo,normal,9.1423,3.5268,-0.2543,0.0048,0.2591,0.5,3.0881,5.1014,0.37,9.5362,3.5287,-0.001
84.7,seguindo,normal,9.1535,3.5238,-0.2526,0.013,0.2655,0.5,3.085,5.1014,0.37,9.5362,3.5287,-0.0038
84.75,seguindo,normal,9.1703,3.5192,-0.25,0.0356,0.2856,0.5,3.0804,3.2648,0.37,9.5845,3.534,-0.0079
84.8,seguindo,normal,9.1872,3.5147,-0.2474,0.0485,0.2958,0.5,3.0758,3.2648,0.37,9.5845,3.534,-0.012
84.85,seguindo,normal,9.1984,3.5118,-0.2456,0.0576,0.3031,0.5,3.0728,3.2648,0.37,9.5845,3.534,-0.0148
84.9,seguindo,normal,9.2097,3.5088,-0.2438,0.0671,0.3109,0.5,3.0699,3.2648,0.37,9.5845,3.534,-0.0175
84.95,seguindo,normal,9.2265,3.5044,-0.2412,0.0929,0.334,0.5,3.0654,2.1752,0.37,9.6319,3.5422,-0.0215
85.0,seguindo,normal,9.2378,3.5015,-0.2394,0.1028,0.3422,0.5,3.0625,2.1752,0.37,9.6319,3.5422,-0.0241
85.05,seguindo,normal,9.2547,3.4972,-0.2367,0.1187,0.3554,0.5,3.0582,2.1752,0.37,9.6319,3.5422,-0.0281
85.1,seguindo,normal,9.266,3.4943,-0.2349,0.1438,0.3788,0.5,3.0553,1.4977,0.37,9.678,3.554,-0.0307
85.15,seguindo,normal,9.2829,3.4901,-0.2322,0.1604,0.3926,0.5,3.051,1.4977,0.37,9.678,3.554,-0.0347
85.2,seguindo,normal,9.2941,3.4873,-0.2303,0.1721,0.4025,0.5,3.0482,1.4977,0.37,9.678,3.554,-0.0373
85.252,seguindo,normal,9.3087,3.4832,-0.2218,0.1894,0.4112,0.5,3.0451,1.4977,0.37,9.678,3.554,-0.0411
85.3,seguindo,normal,9.3217,3.4791,-0.2073,0.2237,0.431,0.5,3.0426,1.0664,0.37,9.7223,3.5703,-0.045
85.35,seguindo,normal,9.3306,3.4761,-0.193,0.2358,0.4288,0.5,3.0412,1.0664,0.37,9.7223,3.5703,-0.0479
85.4,seguindo,normal,9.3394,3.4732,-0.1776,0.2482,0.4258,0.5,3.0398,1.0664,0.37,9.7223,3.5703,-0.0507
85.45,seguindo,normal,9.3526,3.4687,-0.1492,0.2681,0.4174,0.5,3.0379,1.0664,0.37,9.7223,3.5703,-0.0551
85.502,seguindo,normal,9.3658,3.4643,-0.1171,0.3092,0.4263,0.5,3.0359,0.7888,0.37,9.7641,3.5915,-0.0595
85.551,seguindo,normal,9.3747,3.4614,-0.0936,0.3224,0.4161,0.5,3.0345,0.7888,0.37,9.7641,3.5915,-0.0623
85.6,seguindo,normal,9.3836,3.4587,-0.0697,0.3357,0.4054,0.5,3.033,0.7888,0.37,9.7641,3.5915,-0.065
85.65,seguindo,normal,9.394,3.4556,-0.039,0.3835,0.4225,0.5,3.0543,0.7888,0.37,9.781,3.6118,-0.0848
85.7,seguindo,normal,9.3994,3.4539,-0.0199,0.3923,0.4122,0.5,3.0535,0.7888,0.37,9.781,3.6118,-0.0865
85.75,seguindo,normal,9.4048,3.4521,0.0023,0.4015,0.3993,0.5,3.0529,0.7888,0.37,9.781,3.6118,-0.0884
85.8,seguindo,normal,9.407,3.4512,0.0129,0.4056,0.3927,0.5,3.0527,0.7888,0.37,9.781,3.6118,-0.0893
85.85,seguindo,normal,9.4076,3.4503,0.024,0.4082,0.3842,0.5,3.0533,0.7888,0.37,9.781,3.6118,-0.0902
85.9,seguindo,normal,9.4066,3.4499,0.0289,0.4081,0.3793,0.5,3.0541,0.7888,0.37,9.781,3.6118,-0.0906
85.95,seguindo,normal,9.4022,3.4495,0.0314,0.4047,0.3733,0.5,3.0563,0.7888,0.37,9.781,3.6118,-0.0909
86.0,seguindo,normal,9.398,3.4494,0.031,0.401,0.37,0.5,3.0581,0.7888,0.37,9.781,3.6118,-0.091
86.05,seguindo,normal,9.3912,3.4493,0.0303,0.395,0.3647,0.5,3.0612,0.7888,0.37,9.781,3.6118,-0.0911
86.1,seguindo,normal,9.3864,3.4492,0.0299,0.3909,0.361,0.5,3.0634,0.7888,0.37,9.781,3.6118,-0.0912
86.15,seguindo,normal,9.3819,3.4488,0.0331,0.3878,0.3547,0.5,3.0657,0.7888,0.37,9.781,3.6118,-0.0916
86.2,seguindo,normal,9.3803,3.4483,0.0378,0.3762,0.3384,0.5,3.0668,1.0664,0.37,9.7394,3.5902,-0.092
86.25,seguindo,normal,9.3807,3.4475,0.0486,0.3786,0.33,0.5,3.0674,1.0664,0.37,9.7394,3.5902,-0.0929
86.3,seguindo,normal,9.3824,3.4468,0.0586,0.3925,0.3339,0.5,3.0673,0.7888,0.37,9.781,3.6118,-0.0936
86.35,seguindo,normal,9.3876,3.4457,0.0763,0.3994,0.3231,0.5,3.066,0.7888,0.37,9.781,3.6118,-0.0947
86.4,seguindo,normal,9.3924,3.445,0.0895,0.4054,0.3158,0.5,3.0645,0.7888,0.37,9.781,3.6118,-0.0954
86.45,seguindo,normal,9.4023,3.4443,0.1116,0.4165,0.3049,0.5,3.0609,0.7888,0.37,9.781,3.6118,-0.0962
86.501,seguindo,normal,9.4145,3.444,0.1334,0.4293,0.2959,0.5,3.056,0.7888,0.37,9.781,3.6118,-0.0966
86.55,seguindo,normal,9.4225,3.444,0.1463,0.4377,0.2914,0.5,3.0526,0.7888,0.37,9.781,3.6118,-0.0967
86.6,seguindo,normal,9.4304,3.4443,0.158,0.4457,0.2878,0.5,3.0491,0.7888,0.37,9.781,3.6118,-0.0966
86.651,seguindo,normal,9.4404,3.4446,0.1739,0.4942,0.3203,0.5,3.0565,0.6103,0.37,9.8225,3.6505,-0.108
86.7,seguindo,normal,9.4463,3.4449,0.1828,0.5001,0.3173,0.5,3.0537,0.6103,0.37,9.8225,3.6505,-0.1078
86.75,seguindo,normal,9.458,3.4459,0.1996,0.5115,0.3119,0.5,3.048,0.6103,0.37,9.8225,3.6505,-0.1071
86.8,seguindo,normal,9.4672,3.4468,0.2121,0.5207,0.3085,0.5,3.0434,0.6103,0.37,9.8225,3.6505,-0.1065
86.85,seguindo,normal,9.4812,3.448,0.2353,0.5355,0.3002,0.5,3.0366,0.6103,0.37,9.8225,3.6505,-0.1058
86.9,seguindo,normal,9.4905,3.4489,0.2524,0.5669,0.3146,0.4972,3.032,0.4972,0.37,9.8571,3.6822,-0.1053
86.95,seguindo,normal,9.5046,3.4506,0.2777,0.5814,0.3038,0.4972,3.0248,0.4972,0.37,9.8571,3.6822,-0.1042
87.0,seguindo,normal,9.5139,3.4519,0.2944,0.5911,0.2968,0.4972,3.0199,0.4972,0.37,9.8571,3.6822,-0.1033
87.05,seguindo,normal,9.5278,3.4542,0.3186,0.6057,0.2871,0.4972,3.0122,0.4972,0.37,9.8571,3.6822,-0.102
87.1,seguindo,normal,9.5418,3.457,0.3423,0.6475,0.3053,0.4285,3.0042,0.4285,0.37,9.8875,3.7184,-0.1003
87.15,seguindo,normal,9.551,3.4589,0.3587,0.657,0.2983,0.4285,2.9989,0.4285,0.37,9.8875,3.7184,-0.099
87.2,seguindo,normal,9.5602,3.461,0.3751,0.6665,0.2914,0.4285,2.9934,0.4285,0.37,9.8875,3.7184,-0.0976
87.25,seguindo,normal,9.5738,3.4643,0.4007,0.7082,0.3075,0.4285,2.9997,0.4285,0.37,9.8921,3.7369,-0.1058
87.3,seguindo,normal,9.5872,3.4679,0.4268,0.723,0.2962,0.4285,2.9915,0.4285,0.37,9.8921,3.7369,-0.104
87.35,seguindo,normal,9.5961,3.4704,0.4447,0.733,0.2883,0.4285,2.986,0.4285,0.37,9.8921,3.7369,-0.1028
87.4,seguindo,normal,9.6049,3.4731,0.4626,0.7722,0.3096,0.3915,2.9803,0.3915,0.37,9.9174,3.7774,-0.1014
87.451,seguindo,normal,9.6181,3.4774,0.489,0.7865,0.2975,0.3915,2.9716,0.3915,0.37,9.9174,3.7774,-0.0989
87.501,seguindo,normal,9.6268,3.4806,0.5063,0.7961,0.2897,0.3915,2.9656,0.3915,0.37,9.9174,3.7774,-0.097
87.55,seguindo,normal,9.6394,3.485,0.5361,0.8108,0.2746,0.3915,2.9571,0.3915,0.37,9.9174,3.7774,-0.095
87.6,seguindo,normal,9.6518,3.4896,0.5677,0.8255,0.2578,0.3915,2.9485,0.3915,0.37,9.9174,3.7774,-0.0931
87.65,seguindo,normal,9.6599,3.4929,0.5882,0.8665,0.2783,0.3789,2.9426,0.3789,0.37,9.9385,3.8207,-0.0914
87.7,seguindo,normal,9.6681,3.4964,0.6085,0.8757,0.2672,0.3789,2.9365,0.3789,0.37,9.9385,3.8207,-0.0896
87.75,seguindo,normal,9.6801,3.502,0.6394,0.8896,0.2502,0.3789,2.9273,0.3789,0.37,9.9385,3.8207,-0.0866
87.801,seguindo,normal,9.6919,3.5078,0.6706,0.9034,0.2328,0.3789,2.9178,0.3789,0.37,9.9385,3.8207,-0.0842
87.85,seguindo,normal,9.6995,3.5116,0.6934,0.9127,0.2193,0.3789,2.9117,0.3789,0.37,9.9385,3.8207,-0.0827
87.9,seguindo,normal,9.7071,3.5156,0.7162,0.9535,0.2372,0.3873,2.9055,0.3873,0.37,9.9559,3.8662,-0.081
87.95,seguindo,normal,9.7183,3.5219,0.7505,0.9667,0.2162,0.3873,2.8959,0.3873,0.37,9.9559,3.8662,-0.0781
88.0,seguindo,normal,9.7257,3.5263,0.7731,0.9755,0.2024,0.3873,2.8893,0.3873,0.37,9.9559,3.8662,-0.076
88.05,seguindo,normal,9.7368,3.5332,0.807,1.0274,0.2204,0.3873,2.8988,0.3873,0.37,9.9522,3.8899,-0.091
88.1,seguindo,normal,9.7441,3.5381,0.8293,1.0366,0.2073,0.3873,2.892,0.3873,0.37,9.9522,3.8899,-0.0891
88.15,seguindo,normal,9.7548,3.5456,0.8633,1.0501,0.1868,0.3873,2.8816,0.3873,0.37,9.9522,3.8899,-0.0864
88.2,seguindo,normal,9.7617,3.5508,0.8862,1.0849,0.1988,0.416,2.8746,0.416,0.37,9.9658,3.9372,-0.0843
88.25,seguindo,normal,9.772,3.5589,0.9204,1.0974,0.177,0.416,2.8638,0.416,0.37,9.9658,3.9372,-0.0809
88.3,seguindo,normal,9.7788,3.5645,0.943,1.1058,0.1628,0.416,2.8565,0.416,0.37,9.9658,3.9372,-0.0784
88.35,seguindo,normal,9.7888,3.5731,0.9769,1.1183,0.1415,0.416,2.8453,0.416,0.37,9.9658,3.9372,-0.0751
88.4,seguindo,normal,9.7986,3.5821,1.0106,1.1307,0.1201,0.416,2.8338,0.416,0.37,9.9658,3.9372,-0.0721
88.45,seguindo,normal,9.805,3.5885,1.0323,1.1667,0.1343,0.4667,2.8165,0.4667,0.37,9.9712,3.9771,-0.0664
88.5,seguindo,normal,9.8144,3.5982,1.0648,1.1783,0.1136,0.4667,2.8045,0.4667,0.37,9.9712,3.9771,-0.0626
88.55,seguindo,normal,9.8204,3.6048,1.0865,1.1858,0.0993,0.4667,2.7964,0.4667,0.37,9.9712,3.9771,-0.0602
88.6,seguindo,normal,9.8262,3.6115,1.1084,1.1931,0.0848,0.4667,2.7883,0.4667,0.37,9.9712,3.9771,-0.0584
88.65,seguindo,normal,9.8346,3.6221,1.1395,1.2035,0.064,0.4667,2.7758,0.4667,0.37,9.9712,3.9771,-0.055
88.7,seguindo,normal,9.8401,3.6294,1.1596,1.2319,0.0723,0.5,2.7672,0.5423,0.37,9.9799,4.026,-0.0524
88.751,seguindo,normal,9.8479,3.6409,1.1879,1.2405,0.0526,0.5,2.754,0.5423,0.37,9.9799,4.026,-0.0479
88.8,seguindo,normal,9.8528,3.6488,1.2059,1.2459,0.04,0.5,2.745,0.5423,0.37,9.9799,4.026,-0.0449
88.85,seguindo,normal,9.8599,3.6612,1.2312,1.2677,0.0365,0.5,2.7302,0.5423,0.37,9.9742,4.0266,-0.0456
88.9,seguindo,normal,9.8644,3.6696,1.2472,1.2918,0.0446,0.5,2.7209,0.6452,0.37,9.9808,4.076,-0.0427
88.95,seguindo,normal,9.8708,3.6828,1.2689,1.298,0.029,0.5,2.7064,0.6452,0.37,9.9808,4.076,-0.0378
89.001,seguindo,normal,9.8769,3.6965,1.2888,1.3034,0.0145,0.5,2.6916,0.6452,0.37,9.9808,4.076,-0.0329
89.05,seguindo,normal,9.8808,3.7074,1.2972,1.3057,0.0085,0.5,2.68,0.6452,0.37,9.9808,4.076,-0.0292
89.1,seguindo,normal,9.8846,3.7186,1.3045,1.3273,0.0228,0.5,2.6682,0.7754,0.37,9.9857,4.1256,-0.0253
89.15,seguindo,normal,9.8896,3.7358,1.3097,1.3293,0.0196,0.5,2.6503,0.7754,0.37,9.9857,4.1256,-0.0187
89.2,seguindo,normal,9.8928,3.7473,1.311,1.3301,0.0191,0.5,2.6383,0.7754,0.37,9.9857,4.1256,-0.0146
89.25,seguindo,normal,9.8975,3.7646,1.3114,1.3311,0.0197,0.5,2.6204,0.7754,0.37,9.9857,4.1256,-0.0096
89.3,seguindo,normal,9.9005,3.7762,1.3111,1.3525,0.0415,0.5,2.6085,0.9301,0.37,9.989,4.1754,-0.0062
89.35,seguindo,normal,9.9051,3.7935,1.3108,1.3544,0.0436,0.5,2.5906,0.9301,0.37,9.989,4.1754,-0.0013
89.4,seguindo,normal,9.9081,3.805,1.3107,1.3557,0.0451,0.5,2.5786,0.9301,0.37,9.989,4.1754,0.0008
89.45,seguindo,normal,9.9128,3.8222,1.3113,1.3784,0.0671,0.5,2.5609,1.109,0.37,9.9913,4.2252,0.0039
89.5,seguindo,normal,9.9158,3.8336,1.3121,1.3806,0.0685,0.5,2.5491,1.109,0.37,9.9913,4.2252,0.006
89.55,seguindo,normal,9.9205,3.8505,1.3142,1.3841,0.0699,0.5,2.5316,1.109,0.37,9.9913,4.2252,0.008
89.6,seguindo,normal,9.9235,3.8617,1.3159,1.3867,0.0708,0.5,2.52,1.109,0.37,9.9913,4.2252,0.009
89.65,seguindo,normal,9.9281,3.8785,1.3188,1.4096,0.0908,0.5,2.5026,1.3231,0.37,9.9926,4.2752,0.0105
89.7,seguindo,normal,9.9312,3.8896,1.3209,1.4127,0.0918,0.5,2.491,1.3231,0.37,9.9926,4.2752,0.0113
89.75,seguindo,normal,9.9357,3.9064,1.324,1.4176,0.0936,0.5,2.4736,1.3231,0.37,9.9926,4.2752,0.0116
89.802,seguindo,normal,9.9402,3.9232,1.3272,1.439,0.1118,0.5,2.4563,1.6029,0.37,9.9934,4.3251,0.012
89.85,seguindo,normal,9.9431,3.9344,1.3292,1.4427,0.1135,0.5,2.4447,1.6029,0.37,9.9934,4.3251,0.0122
89.9,seguindo,normal,9.946,3.9456,1.3312,1.4465,0.1153,0.5,2.4331,1.6029,0.37,9.9934,4.3251,0.0118
89.95,seguindo,normal,9.9504,3.9625,1.3341,1.4884,0.1543,0.5,2.4281,1.6029,0.37,9.9816,4.3406,0.0006
90.0,seguindo,normal,9.9532,3.9737,1.3359,1.503,0.167,0.5,2.4165,2.0068,0.37,9.9815,4.3906,0.0002
90.05,seguindo,normal,9.9575,3.9906,1.3387,1.5107,0.172,0.5,2.3991,2.0068,0.37,9.9815,4.3906,-0.0004
90.1,seguindo,normal,9.9603,4.0019,1.3405,1.5162,0.1757,0.5,2.3874,2.0068,0.37,9.9815,4.3906,-0.0012
90.15,seguindo,normal,9.9644,4.0188,1.3432,1.5306,0.1875,0.5,2.37,2.646,0.37,9.9814,4.4405,-0.0026
90.2,seguindo,normal,9.9672,4.0301,1.345,1.5362,0.1912,0.5,2.3584,2.646,0.37,9.9814,4.4405,-0.0034
90.25,seguindo,normal,9.9713,4.0471,1.3476,1.5451,0.1975,0.5,2.341,2.646,0.37,9.9814,4.4405,-0.0049
90.3,seguindo,normal,9.974,4.0584,1.3494,1.5514,0.202,0.5,2.3293,2.646,0.37,9.9814,4.4405,-0.0062
90.35,seguindo,normal,9.978,4.0753,1.352,1.5626,0.2106,0.5,2.3119,3.7844,0.37,9.9814,4.4906,-0.0082
90.4,seguindo,normal,9.9807,4.0867,1.3538,1.5689,0.2152,0.5,2.3003,3.7844,0.37,9.9814,4.4906,-0.0094
90.45,seguindo,normal,9.9846,4.1036,1.3565,1.5791,0.2226,0.5,2.2829,3.7844,0.37,9.9814,4.4906,-0.0118
90.5,seguindo,normal,9.9885,4.1206,1.3591,1.5867,0.2276,0.5,2.2654,6.3278,0.37,9.9818,4.5406,-0.0142
90.55,seguindo,normal,9.9911,4.132,1.3609,1.5934,0.2325,0.5,2.2538,6.3278,0.37,9.9818,4.5406,-0.0158
90.6,seguindo,normal,9.9936,4.1433,1.3627,1.6005,0.2378,0.5,2.2422,6.3278,0.37,9.9818,4.5406,-0.0174
90.652,seguindo,normal,9.9974,4.1603,1.3654,1.6118,0.2464,0.5,2.2248,6.3278,0.37,9.9818,4.5406,-0.0203
90.7,seguindo,normal,9.9999,4.1717,1.3672,1.6114,0.2442,0.5,2.2132,17.3483,0.37,9.9829,4.5906,-0.0221
90.75,seguindo,normal,10.0036,4.1887,1.3699,1.6223,0.2525,0.5,2.1958,17.3483,0.37,9.9829,4.5906,-0.0249
90.801,seguindo,normal,10.0073,4.2058,1.3725,1.6341,0.2616,0.5,2.1784,17.3483,0.37,9.9829,4.5906,-0.028
90.853,seguindo,normal,10.0097,4.2171,1.3743,1.6292,0.2548,0.5,2.1668,24.5163,0.37,9.985,4.6407,-0.03
90.9,seguindo,normal,10.0133,4.2342,1.377,1.6404,0.2634,0.5,2.1494,24.5163,0.37,9.985,4.6407,-0.033
90.95,seguindo,normal,10.0157,4.2456,1.3788,1.649,0.2702,0.5,2.1435,24.5163,0.37,9.9842,4.6479,-0.0389
91.001,seguindo,normal,10.0192,4.2626,1.3815,1.6615,0.28,0.5,2.1261,24.5163,0.37,9.9842,4.6479,-0.042
91.05,seguindo,normal,10.0215,4.274,1.3832,1.6499,0.2667,0.5,2.1145,7.0437,0.37,9.9879,4.698,-0.044
91.103,seguindo,normal,10.025,4.2911,1.3858,1.6616,0.2758,0.5,2.0971,7.0437,0.37,9.9879,4.698,-0.0471
91.15,seguindo,normal,10.0273,4.3025,1.3876,1.6699,0.2823,0.5,2.0855,7.0437,0.37,9.9879,4.698,-0.0491
91.2,seguindo,normal,10.0295,4.3139,1.3894,1.6786,0.2892,0.5,2.0739,7.0437,0.37,9.9879,4.698,-0.0513
91.25,seguindo,normal,10.0328,4.331,1.3922,1.6652,0.2731,0.5,2.0566,4.0076,0.37,9.9933,4.7481,-0.0544
91.3,seguindo,normal,10.035,4.3424,1.394,1.6733,0.2793,0.5,2.045,4.0076,0.37,9.9933,4.7481,-0.0565
91.351,seguindo,normal,10.0383,4.3596,1.3968,1.686,0.2893,0.5,2.0276,4.0076,0.37,9.9933,4.7481,-0.0596
91.4,seguindo,normal,10.0415,4.3767,1.3995,1.6674,0.2678,0.5,2.0103,2.748,0.37,10.0007,4.7982,-0.0627
91.45,seguindo,normal,10.0436,4.3881,1.4013,1.6751,0.2738,0.5,1.9987,2.748,0.37,10.0007,4.7982,-0.0647
91.5,seguindo,normal,10.0457,4.3995,1.4031,1.6833,0.2802,0.5,1.9871,2.748,0.37,10.0007,4.7982,-0.0668
91.55,seguindo,normal,10.0488,4.4167,1.4058,1.6963,0.2905,0.5,1.9698,2.748,0.37,10.0007,4.7982,-0.0698
91.6,seguindo,normal,10.0509,4.4281,1.4076,1.6674,0.2598,0.5,1.9582,2.0803,0.37,10.0102,4.8484,-0.0718
91.65,seguindo,normal,10.054,4.4429,1.4162,1.6784,0.2622,0.5,1.9432,2.0803,0.37,10.0102,4.8484,-0.0748
91.7,seguindo,normal,10.0561,4.4518,1.4259,1.6861,0.2602,0.5,1.934,2.0803,0.37,10.0102,4.8484,-0.0769
91.75,seguindo,normal,10.0596,4.4654,1.4457,1.6991,0.2534,0.5,1.9201,2.0803,0.37,10.0102,4.8484,-0.0803
91.8,seguindo,normal,10.062,4.4743,1.4624,1.6652,0.2028,0.5,1.9108,1.694,0.37,10.0218,4.8987,-0.0827
91.85,seguindo,normal,10.0657,4.4881,1.4916,1.6773,0.1857,0.5,1.8965,1.694,0.37,10.0218,4.8987,-0.0862
91.904,seguindo,normal,10.0694,4.5017,1.5264,1.6901,0.1637,0.5,1.8824,1.694,0.37,10.0218,4.8987,-0.0898
91.95,seguindo,normal,10.0716,4.5107,1.5502,1.6985,0.1483,0.5,1.8732,1.694,0.37,10.0218,4.8987,-0.0919
92.0,seguindo,normal,10.0737,4.5197,1.5738,1.7067,0.1329,0.5,1.8639,1.694,0.37,10.0218,4.8987,-0.0938
92.05,seguindo,normal,10.0761,4.5335,1.6071,1.6383,0.0312,0.5,1.852,1.4707,0.37,10.048,4.9492,-0.0884
92.101,seguindo,normal,10.0779,4.5473,1.6382,1.6451,0.0069,0.5,1.8383,1.4707,0.37,10.048,4.9492,-0.0899
92.154,seguindo,normal,10.0787,4.5566,1.6568,1.6489,-0.0079,0.5,1.8292,1.4707,0.37,10.048,4.9492,-0.0903
92.2,seguindo,normal,10.0793,4.5658,1.6745,1.6523,-0.0223,0.5,1.8202,1.4707,0.37,10.048,4.9492,-0.0905
92.25,seguindo,normal,10.0796,4.58,1.6987,1.6073,-0.0914,0.5,1.8066,1.3561,0.37,10.0643,4.9993,-0.0903
92.3,seguindo,normal,10.0795,4.5896,1.7135,1.6079,-0.1056,0.5,1.7974,1.3561,0.37,10.0643,4.9993,-0.0898
92.351,seguindo,normal,10.079,4.6042,1.7346,1.6079,-0.1266,0.5,1.7836,1.3561,0.37,10.0643,4.9993,-0.0885
92.4,seguindo,normal,10.0784,4.6141,1.7477,1.6073,-0.1404,0.5,1.7744,1.3561,0.37,10.0643,4.9993,-0.0873
92.451,seguindo,normal,10.0771,4.6291,1.7663,1.5582,-0.208,0.5,1.7606,1.3235,0.37,10.0824,5.0495,-0.0851
92.5,seguindo,normal,10.076,4.6392,1.7777,1.5552,-0.2225,0.5,1.7513,1.3235,0.37,10.0824,5.0495,-0.0834
92.552,seguindo,normal,10.0734,4.6558,1.7903,1.548,-0.2423,0.5,1.7363,1.3235,0.37,10.0824,5.0495,-0.0794
92.6,seguindo,normal,10.0713,4.6675,1.7964,1.4999,-0.2965,0.5,1.7258,1.3611,0.37,10.102,5.0996,-0.0763
92.65,seguindo,normal,10.0675,4.6851,1.7998,1.4651,-0.3347,0.5,1.7071,1.3611,0.37,10.1109,5.0938,-0.0648
92.7,seguindo,normal,10.0648,4.6967,1.8001,1.4553,-0.3448,0.5,1.697,1.3611,0.37,10.1109,5.0938,-0.0607
92.75,seguindo,normal,10.0608,4.7141,1.8002,1.4066,-0.3937,0.5,1.682,1.4684,0.37,10.132,5.1438,-0.0545
92.8,seguindo,normal,10.058,4.7257,1.8002,1.3958,-0.4044,0.5,1.6721,1.4684,0.37,10.132,5.1438,-0.0503
92.85,seguindo,normal,10.054,4.7431,1.8003,1.3786,-0.4217,0.5,1.6572,1.4684,0.37,10.132,5.1438,-0.0439
92.9,seguindo,normal,10.0513,4.7547,1.8006,1.3665,-0.4341,0.5,1.6474,1.4684,0.37,10.132,5.1438,-0.0393
92.95,seguindo,normal,10.0474,4.7719,1.8016,1.3235,-0.478,0.5,1.6327,1.6567,0.37,10.1539,5.1938,-0.0326
93.0,seguindo,normal,10.0447,4.7834,1.8025,1.3109,-0.4915,0.5,1.623,1.6567,0.37,10.1539,5.1938,-0.0281
93.05,seguindo,normal,10.0403,4.8009,1.799,1.2895,-0.5095,0.5,1.6083,1.6567,0.37,10.1539,5.1938,-0.0204
93.1,seguindo,normal,10.0372,4.8128,1.7948,1.2738,-0.521,0.5,1.5984,1.6567,0.37,10.1539,5.1938,-0.015
93.15,seguindo,normal,10.0324,4.8304,1.7834,1.2482,-0.5353,0.5,1.584,1.9532,0.37,10.1539,5.1938,-0.0066
93.2,seguindo,normal,10.0291,4.8421,1.774,1.23,-0.544,0.5,1.5744,1.9532,0.37,10.1539,5.1938,-0.0011
93.251,seguindo,normal,10.0241,4.8593,1.7549,1.2008,-0.5541,0.5,1.5605,1.9532,0.37,10.1539,5.1938,0.0079
93.302,seguindo,normal,10.0209,4.8708,1.7404,1.1803,-0.5602,0.5,1.5512,1.9532,0.37,10.1539,5.1938,0.0139
93.35,seguindo,normal,10.016,4.8879,1.7137,1.1477,-0.5661,0.5,1.5376,2.4248,0.37,10.1763,5.2438,0.0228
93.4,seguindo,normal,10.0128,4.8993,1.6942,1.1279,-0.5663,0.5,1.5284,2.4248,0.37,10.1763,5.2438,0.0287
93.45,seguindo,normal,10.0083,4.9163,1.6616,1.0971,-0.5645,0.5,1.5148,2.4248,0.37,10.1763,5.2438,0.0377
93.502,seguindo,normal,10.0043,4.9333,1.6272,1.0759,-0.5514,0.5,1.5011,3.2159,0.37,10.1989,5.2938,0.0464
93.55,seguindo,normal,10.0018,4.9446,1.6037,1.0382,-0.5655,0.5,1.504,2.4248,0.37,10.1838,5.2533,0.0529
93.6,seguindo,normal,9.9997,4.9559,1.5802,1.0326,-0.5477,0.5,1.4948,3.2159,0.37,10.2069,5.3031,0.0583
93.65,seguindo,normal,9.9969,4.9729,1.5443,1.0041,-0.5402,0.5,1.4807,3.2159,0.37,10.2069,5.3031,0.0659
93.701,seguindo,normal,9.9947,4.99,1.508,0.975,-0.533,0.5,1.4665,3.2159,0.37,10.2069,5.3031,0.0735
93.75,seguindo,normal,9.9935,5.0013,1.483,0.9552,-0.5278,0.5,1.457,3.2159,0.37,10.2069,5.3031,0.0783
93.8,seguindo,normal,9.9926,5.0126,1.4579,1.0689,-0.3891,0.5,1.4473,5.242,1.0,10.5071,5.9501,0.0829
93.85,seguindo,normal,9.9917,5.0295,1.4198,1.0604,-0.3594,0.5,1.4327,5.242,1.0,10.5071,5.9501,0.0893
93.9,seguindo,normal,9.9914,5.0408,1.3941,1.0549,-0.3392,0.5,1.4229,5.242,1.0,10.5071,5.9501,0.0933
93.95,seguindo,normal,9.9915,5.0576,1.3552,1.047,-0.3082,0.5,1.408,5.242,1.0,10.5071,5.9501,0.0992
94.002,seguindo,normal,9.9923,5.0744,1.3161,1.045,-0.2711,0.5,1.3928,9.2402,1.0,10.5293,5.9999,0.1045
94.05,seguindo,normal,9.9931,5.0856,1.2902,1.0278,-0.2624,0.5,1.3849,9.2402,1.0,10.542,5.9951,0.11
94.1,seguindo,normal,9.9943,5.0968,1.2643,1.0233,-0.241,0.5,1.3745,9.2402,1.0,10.542,5.9951,0.113
94.15,seguindo,normal,9.9966,5.1134,1.2253,1.0168,-0.2086,0.5,1.3589,9.2402,1.0,10.542,5.9951,0.1174
94.2,seguindo,normal,9.9985,5.1245,1.1993,1.0127,-0.1866,0.5,1.3484,9.2402,1.0,10.542,5.9951,0.1199
94.25,seguindo,normal,10.0021,5.1412,1.1622,1.0141,-0.1482,0.5,1.3322,16.1128,1.0,10.5644,6.0446,0.1231
94.3,seguindo,normal,10.005,5.1525,1.1392,1.0108,-0.1284,0.5,1.3209,16.1128,1.0,10.5644,6.0446,0.1248
94.35,seguindo,normal,10.0102,5.1694,1.1068,1.0064,-0.1004,0.5,1.3037,16.1128,1.0,10.5644,6.0446,0.1269
94.4,seguindo,normal,10.0142,5.1808,1.0866,1.0112,-0.0754,0.5,1.2919,10.6654,1.0,10.5864,6.0942,0.1279
94.45,seguindo,normal,10.0209,5.1978,1.058,1.014,-0.0441,0.5,1.2583,10.6654,1.0,10.5728,6.0844,0.1288
94.5,seguindo,normal,10.0283,5.2149,1.0316,1.0113,-0.0202,0.5,1.2398,10.6654,1.0,10.5728,6.0844,0.1291
94.55,seguindo,normal,10.0336,5.2263,1.0146,1.0177,0.003,0.5,1.2273,8.7827,1.0,10.5941,6.1342,0.1289
94.6,seguindo,normal,10.0392,5.2376,0.9987,1.0166,0.0178,0.5,1.2147,8.7827,1.0,10.5941,6.1342,0.1285
94.65,seguindo,normal,10.0482,5.2545,0.9759,1.0153,0.0395,0.5,1.1956,8.7827,1.0,10.5941,6.1342,0.1274
94.7,seguindo,normal,10.0546,5.2658,0.9622,1.0148,0.0527,0.5,1.1826,8.7827,1.0,10.5941,6.1342,0.1264
94.75,seguindo,normal,10.0649,5.2829,0.9441,1.0224,0.0784,0.5,1.1627,8.3923,1.0,10.6153,6.1839,0.1242
94.8,seguindo,normal,10.0721,5.2942,0.9337,1.0227,0.089,0.5,1.1492,8.3923,1.0,10.6153,6.1839,0.1224
94.85,seguindo,normal,10.0824,5.3095,0.922,1.0235,0.1015,0.5,1.1308,8.3923,1.0,10.6153,6.1839,0.1196
94.9,seguindo,normal,10.089,5.3191,0.9149,1.0315,0.1166,0.5,1.1193,9.0327,1.0,10.6363,6.2336,0.1177
94.95,seguindo,normal,10.0993,5.3329,0.9111,1.0332,0.1221,0.5,1.1021,9.0327,1.0,10.6363,6.2336,0.1142
95.0,seguindo,normal,10.1063,5.342,0.9111,1.0345,0.1234,0.5,1.0907,9.0327,1.0,10.6363,6.2336,0.1117
95.05,seguindo,normal,10.1171,5.3555,0.9147,1.0369,0.1221,0.5,1.0736,9.0327,1.0,10.6363,6.2336,0.1076
95.1,seguindo,normal,10.1243,5.3644,0.9185,1.0453,0.1268,0.5,1.0623,9.6019,1.0,10.6572,6.2834,0.1049
95.153,seguindo,normal,10.1351,5.3778,0.9246,1.0478,0.1233,0.5,1.0453,9.6019,1.0,10.6572,6.2834,0.1008
95.2,seguindo,normal,10.1423,5.3867,0.9287,1.0495,0.1208,0.5,1.034,9.6019,1.0,10.6572,6.2834,0.0981
95.25,seguindo,normal,10.1529,5.4002,0.9346,1.0519,0.1174,0.5,1.017,9.6019,1.0,10.6572,6.2834,0.0942
95.3,seguindo,normal,10.16,5.4093,0.9383,1.0536,0.1153,0.5,1.0056,8.3565,1.0,10.6572,6.2834,0.0916
95.35,seguindo,normal,10.1705,5.4231,0.9425,1.0559,0.1134,0.5,0.9884,8.3565,1.0,10.6572,6.2834,0.0879
95.4,seguindo,normal,10.1774,5.4324,0.9447,1.0574,0.1127,0.5,0.9769,8.3565,1.0,10.6572,6.2834,0.0855
95.45,seguindo,normal,10.1878,5.4463,0.9476,1.0596,0.1121,0.5,0.9597,8.3565,1.0,10.6572,6.2834,0.0819
95.5,seguindo,normal,10.1946,5.4557,0.9493,1.0612,0.1118,0.5,0.9481,8.3372,1.0,10.6572,6.2834,0.0796
95.55,seguindo,normal,10.205,5.4698,0.9518,1.041,0.0892,0.5,0.9429,8.3372,1.0,10.6815,6.2834,0.0848
95.6,seguindo,normal,10.2118,5.4792,0.9535,1.0422,0.0887,0.5,0.9313,8.3372,1.0,10.6815,6.2834,0.0826
95.65,seguindo,normal,10.2221,5.4933,0.956,1.0441,0.0881,0.5,0.9139,8.3372,1.0,10.6815,6.2834,0.0795
95.7,seguindo,normal,10.2289,5.5028,0.9577,1.0454,0.0877,0.5,0.9023,9.2994,1.0,10.6815,6.2834,0.0774
95.75,seguindo,normal,10.2391,5.5169,0.9602,1.0473,0.0871,0.5,0.8849,9.2994,1.0,10.6815,6.2834,0.0743
95.8,seguindo,normal,10.2459,5.5264,0.9619,1.0486,0.0867,0.5,0.8734,9.2994,1.0,10.6815,6.2834,0.0722
95.851,seguindo,normal,10.256,5.5406,0.9645,1.0506,0.0862,0.5,0.856,9.2994,1.0,10.6815,6.2834,0.0692
95.9,seguindo,normal,10.2627,5.5501,0.9661,1.052,0.0858,0.5,0.8444,5.5232,1.0,10.6815,6.2834,0.0672
95.95,seguindo,normal,10.2728,5.5644,0.9688,1.054,0.0852,0.5,0.827,5.5232,1.0,10.6815,6.2834,0.0643
96.0,seguindo,normal,10.2795,5.5739,0.9706,1.0554,0.0848,0.5,0.8155,5.5232,1.0,10.6815,6.2834,0.0623
96.05,seguindo,normal,10.2895,5.5881,0.9733,1.0575,0.0841,0.5,0.7981,5.5232,1.0,10.6815,6.2834,0.0595
96.1,seguindo,normal,10.2962,5.5976,0.9752,1.0589,0.0837,0.5,0.7866,8.376,1.0,10.6815,6.2834,0.0576
96.15,seguindo,normal,10.3061,5.612,0.9779,1.061,0.0832,0.5,0.7692,8.376,1.0,10.6815,6.2834,0.0549
96.2,seguindo,normal,10.3127,5.6215,0.9796,1.0625,0.0829,0.5,0.7576,8.376,1.0,10.6815,6.2834,0.0531
96.25,seguindo,normal,10.3226,5.6359,0.9823,1.0647,0.0824,0.5,0.7403,8.376,1.0,10.6815,6.2834,0.0505
96.3,seguindo,normal,10.3292,5.6455,0.9841,1.0662,0.0821,0.5,0.7287,8.6907,1.0,10.6815,6.2834,0.0488
96.352,seguindo,normal,10.339,5.6599,0.9869,1.0685,0.0816,0.5,0.7114,8.6907,1.0,10.6815,6.2834,0.0462
96.4,seguindo,normal,10.3455,5.6695,0.9887,1.07,0.0813,0.5,0.6998,8.6907,1.0,10.6815,6.2834,0.0446
96.45,seguindo,normal,10.3552,5.684,0.9914,1.0724,0.081,0.5,0.6825,8.6907,1.0,10.6815,6.2834,0.0422
96.5,seguindo,normal,10.3617,5.6936,0.9931,1.074,0.0809,0.5,0.6709,10.0226,1.0,10.6815,6.2834,0.0407
96.55,seguindo,normal,10.3714,5.7081,0.9958,1.0765,0.0807,0.5,0.6535,10.0226,1.0,10.6815,6.2834,0.0384
96.6,seguindo,normal,10.3778,5.7178,0.9977,1.0781,0.0805,0.5,0.642,10.0226,1.0,10.6815,6.2834,0.0369
96.65,seguindo,normal,10.3874,5.7323,1.0002,1.0807,0.0804,0.5,0.6246,8.7055,1.0,10.6815,6.2834,0.0347
96.7,seguindo,normal,10.3938,5.7421,1.0019,1.0824,0.0806,0.5,0.613,8.7055,1.0,10.6815,6.2834,0.0333
96.75,seguindo,normal,10.4034,5.7567,1.0045,1.0851,0.0806,0.5,0.5956,8.7055,1.0,10.6815,6.2834,0.0312
96.8,seguindo,normal,10.4098,5.7664,1.0062,1.0869,0.0807,0.5,0.584,8.7055,1.0,10.6815,6.2834,0.0298
96.85,seguindo,normal,10.4192,5.781,1.0091,1.0898,0.0807,0.5,0.5667,8.3937,1.0,10.6815,6.2834,0.0277
96.9,seguindo,normal,10.4255,5.7907,1.011,1.0917,0.0807,0.5,0.5551,8.3937,1.0,10.6815,6.2834,0.0264
96.951,seguindo,normal,10.435,5.8054,1.0138,1.0826,0.0688,0.5,0.5399,8.3937,1.0,10.6882,6.2822,0.0217
97.0,seguindo,normal,10.4412,5.8152,1.0155,1.0844,0.0689,0.5,0.5283,8.3937,1.0,10.6882,6.2822,0.0206
97.05,seguindo,normal,10.4506,5.8299,1.0182,1.0871,0.0689,0.5,0.5109,9.1118,1.0,10.6882,6.2822,0.019
97.1,seguindo,normal,10.4568,5.8397,1.0201,1.089,0.0689,0.5,0.4994,9.1118,1.0,10.6882,6.2822,0.018
97.15,seguindo,normal,10.4661,5.8545,1.0227,1.0919,0.0691,0.5,0.482,9.1118,1.0,10.6882,6.2822,0.0164
97.2,seguindo,normal,10.4723,5.8643,1.0245,1.0939,0.0694,0.5,0.4704,9.1118,1.0,10.6882,6.2822,0.0154
97.25,seguindo,normal,10.4815,5.8791,1.0271,1.0969,0.0699,0.5,0.453,8.0046,1.0,10.6882,6.2822,0.0138
97.3,seguindo,normal,10.4876,5.889,1.0288,1.0991,0.0703,0.5,0.4414,8.0046,1.0,10.6882,6.2822,0.0128
97.35,seguindo,normal,10.4968,5.9039,1.0315,1.1024,0.0709,0.5,0.424,8.0046,1.0,10.6882,6.2822,0.0113
97.4,seguindo,normal,10.5029,5.9138,1.0333,1.1048,0.0714,0.4975,0.4125,8.0046,1.0,10.6882,6.2822,0.0103
97.45,seguindo,normal,10.512,5.9286,1.0361,1.1084,0.0723,0.4869,0.3951,13.5707,1.0,10.6882,6.2822,0.0088
97.5,seguindo,normal,10.521,5.9435,1.0389,1.1123,0.0734,0.4761,0.3777,13.5707,1.0,10.6882,6.2822,0.0073
97.55,seguindo,normal,10.527,5.9535,1.0406,1.115,0.0743,0.4687,0.3662,13.5707,1.0,10.6882,6.2822,0.0063
97.6,seguindo,normal,10.536,5.9684,1.0433,1.1192,0.0759,0.4575,0.3488,15.7997,1.0,10.6882,6.2822,0.0048
97.65,seguindo,normal,10.542,5.9784,1.0451,1.1223,0.0771,0.4498,0.3372,15.7997,1.0,10.6882,6.2822,0.0038
97.7,seguindo,normal,10.5479,5.9884,1.0469,1.1254,0.0785,0.442,0.3256,15.7997,1.0,10.6882,6.2822,0.0028
97.75,seguindo,normal,10.5568,6.0033,1.0496,1.1305,0.0809,0.4301,0.3083,15.7997,1.0,10.6882,6.2822,0.0013
97.8,seguindo,normal,10.5627,6.0134,1.0514,1.1341,0.0827,0.4219,0.2967,19.8813,1.0,10.6882,6.2822,0.0003
97.85,seguindo,normal,10.5715,6.0284,1.0541,1.14,0.0858,0.4094,0.2794,19.8813,1.0,10.6882,6.2822,-0.0012
97.9,seguindo,normal,10.5774,6.0384,1.056,1.1442,0.0882,0.4008,0.2678,19.8813,1.0,10.6882,6.2822,-0.0021
97.951,seguindo,normal,10.5861,6.0534,1.0592,1.1513,0.0921,0.3877,0.2505,19.8813,1.0,10.6882,6.2822,-0.0036
101.6,seguindo,normal,10.625,6.1225,1.0775,-2.2022,3.0034,0.5,8.5963,5.9143,0.37,10.3439,5.7381,0.0621
101.65,seguindo,normal,10.625,6.1225,1.0775,-2.2022,3.0034,0.5,8.5963,5.9143,0.37,10.3439,5.7381,0.0621
101.7,seguindo,normal,10.625,6.1225,1.0775,-2.2022,3.0034,0.5,8.5963,5.9143,0.37,10.3439,5.7381,0.0621
101.75,seguindo,normal,10.625,6.1225,1.0775,-2.2022,3.0034,0.5,8.5963,5.9143,0.37,10.3439,5.7381,0.0621
101.8,seguindo,normal,10.625,6.1225,1.0775,-2.2022,3.0034,0.5,8.5963,5.9143,0.37,10.3439,5.7381,0.0621
101.851,seguindo,normal,10.625,6.1225,1.0775,-2.2022,3.0034,0.5,8.5963,5.9143,0.37,10.3439,5.7381,0.0621
101.9,seguindo,normal,10.625,6.1225,1.0775,-2.2022,3.0034,0.5,8.5963,5.9143,0.37,10.3439,5.7381,0.0621
101.95,seguindo,normal,10.625,6.1225,1.0775,-2.2022,3.0034,0.5,8.5963,5.9143,0.37,10.3439,5.7381,0.0621
102.0,seguindo,normal,10.625,6.1225,1.0775,-2.2022,3.0034,0.5,8.5963,5.9143,0.37,10.3439,5.7381,0.0621
102.05,seguindo,normal,10.6246,6.1209,1.0827,-2.2036,2.9969,0.5,8.596,5.9143,0.37,10.3439,5.7381,0.0608
102.1,seguindo,normal,10.6242,6.1193,1.0878,-2.2049,2.9905,0.5,8.5956,5.9143,0.37,10.3439,5.7381,0.0595
102.15,seguindo,normal,10.624,6.1167,1.1005,-2.2079,2.9748,0.5,8.5955,5.9143,0.37,10.3439,5.7381,0.0578
102.2,seguindo,normal,10.6241,6.1149,1.1108,-2.2102,2.9621,0.5,8.5956,5.9143,0.37,10.3439,5.7381,0.0567
102.25,seguindo,normal,10.6245,6.112,1.1314,-2.2147,2.9371,0.5,8.5961,5.9143,0.37,10.3439,5.7381,0.0555
102.3,seguindo,normal,10.625,6.1101,1.1468,-2.2181,2.9183,0.5,8.5966,5.9143,0.37,10.3439,5.7381,0.0549
102.35,seguindo,normal,10.6261,6.1069,1.1751,-2.2241,2.8841,0.5,8.5979,5.9143,0.37,10.3439,5.7381,0.0544
102.401,seguindo,normal,10.6271,6.1048,1.1957,-2.2285,2.859,0.5,8.5989,5.9143,0.37,10.3439,5.7381,0.0543
102.451,seguindo,normal,10.629,6.1016,1.2316,-2.236,2.8156,0.5,8.6009,5.9143,0.37,10.3439,5.7381,0.0548
102.5,seguindo,normal,10.6305,6.0994,1.2573,-2.2415,2.7844,0.5,8.6024,5.9143,0.37,10.3439,5.7381,0.0555
102.55,seguindo,normal,10.6332,6.0961,1.3009,-2.2636,2.7187,0.5,8.6165,5.9143,0.37,10.3365,5.7387,0.0674
102.6,seguindo,normal,10.6352,6.0939,1.3318,-2.27,2.6814,0.5,8.6186,5.9143,0.37,10.3365,5.7387,0.0692
102.65,seguindo,normal,10.6388,6.0906,1.3832,-2.2803,2.6197,0.5,8.6222,5.9143,0.37,10.3365,5.7387,0.0724
102.7,seguindo,normal,10.6414,6.0886,1.4192,-2.2875,2.5764,0.5,8.6249,5.9143,0.37,10.3365,5.7387,0.0749
102.75,seguindo,normal,10.6459,6.0856,1.4782,-2.299,2.506,0.5,8.6294,5.9143,0.37,10.3365,5.7387,0.0793
102.8,seguindo,normal,10.6491,6.0837,1.5194,-2.3068,2.457,0.5,8.6327,5.9143,0.37,10.3365,5.7387,0.0825
102.851,seguindo,normal,10.6545,6.0812,1.586,-2.3189,2.3782,0.5,8.6381,5.9143,0.37,10.3365,5.7387,0.088
102.9,seguindo,normal,10.6583,6.0798,1.6323,-2.327,2.3238,0.5,8.642,5.9143,0.37,10.3365,5.7387,0.0919
102.95,seguindo,normal,10.6646,6.078,1.7068,-2.3295,2.2469,0.5,8.636,5.9143,0.37,10.3479,5.7439,0.0864
103.0,seguindo,normal,10.669,6.0771,1.7582,-2.3378,2.1872,0.5,8.6404,5.9143,0.37,10.3479,5.7439,0.0908
103.053,seguindo,normal,10.676,6.0763,1.8404,-2.3499,2.0928,0.5,8.6474,5.9143,0.37,10.3479,5.7439,0.098
103.1,seguindo,normal,10.6809,6.0761,1.8971,-2.3576,2.0286,0.5,8.6523,5.9143,0.37,10.3479,5.7439,0.1028
103.15,seguindo,normal,10.6886,6.0765,1.987,-2.3376,1.9586,0.5,8.66,5.9143,0.37,10.3527,5.7278,0.1099
103.2,seguindo,normal,10.6938,6.0772,2.0488,-2.3443,1.8902,0.5,8.6652,5.9143,0.37,10.3527,5.7278,0.1151
103.25,seguindo,normal,10.7019,6.0791,2.1464,-2.3532,1.7836,0.5,8.6733,5.9143,0.37,10.3527,5.7278,0.1232
103.3,seguindo,normal,10.7073,6.0809,2.2132,-2.3583,1.7116,0.5,8.6787,5.9143,0.37,10.3527,5.7278,0.1286
103.35,seguindo,normal,10.7154,6.0846,2.3186,-2.3645,1.6001,0.5,8.6867,5.9143,0.37,10.3527,5.7278,0.1369
103.4,seguindo,normal,10.7207,6.0876,2.3906,-2.3676,1.525,0.5,8.692,5.9143,0.37,10.3527,5.7278,0.1423
103.451,seguindo,normal,10.7279,6.0932,2.5004,-2.3506,1.4322,0.5,8.7012,5.9143,0.37,10.3551,5.7161,0.153
103.5,seguindo,normal,10.732,6.0976,2.5731,-2.3503,1.3598,0.5,8.7053,5.9143,0.37,10.3551,5.7161,0.1578
103.55,seguindo,normal,10.737,6.1058,2.6924,-2.3462,1.2446,0.5,8.7104,5.9143,0.37,10.3551,5.7161,0.1645
103.6,seguindo,normal,10.7398,6.1123,2.7791,-2.3416,1.1625,0.5,8.7132,5.9143,0.37,10.3551,5.7161,0.1688
103.65,seguindo,normal,10.7417,6.1233,2.9152,-2.326,1.042,0.5,8.7216,5.9143,0.37,10.3517,5.7091,0.1811
103.701,seguindo,normal,10.7412,6.135,3.0557,-2.3115,0.916,0.5,8.7213,5.9143,0.37,10.3517,5.7091,0.1849
103.75,seguindo,normal,10.7399,6.1421,-3.1407,-2.3016,0.8391,0.5,8.7202,5.9143,0.37,10.3517,5.7091,0.1866
103.8,seguindo,normal,10.737,6.1525,-3.0116,-2.2861,0.7255,0.5,8.7174,5.9143,0.37,10.3517,5.7091,0.1887
103.85,seguindo,normal,10.7344,6.1586,-2.9326,-2.2761,0.6565,0.5,8.715,5.9143,0.37,10.3517,5.7091,0.1895
103.9,seguindo,normal,10.7299,6.1672,-2.8158,-2.2609,0.5549,0.5,8.7107,5.9143,0.37,10.3517,5.7091,0.1902
103.95,seguindo,normal,10.7266,6.1721,-2.745,-2.2513,0.4937,0.5,8.7074,5.9143,0.37,10.3517,5.7091,0.1902
104.001,seguindo,normal,10.7215,6.1789,-2.6429,-2.2375,0.4054,0.5,8.7025,5.9143,0.37,10.3517,5.7091,0.1901
104.051,seguindo,normal,10.7178,6.1827,-2.5804,-2.2288,0.3515,0.5,8.6989,5.9143,0.37,10.3517,5.7091,0.1896
104.104,seguindo,normal,10.7126,6.1878,-2.4942,-2.2168,0.2774,0.5,8.6939,5.9143,0.37,10.3517,5.7091,0.189
104.15,seguindo,normal,10.7091,6.1905,-2.4427,-2.2349,0.2078,0.5,8.6919,5.9143,0.37,10.3428,5.7224,0.1843
104.201,seguindo,normal,10.7057,6.1929,-2.395,-2.2278,0.1672,0.5,8.6884,5.9143,0.37,10.3428,5.7224,0.1832
104.25,seguindo,normal,10.7005,6.1956,-2.3294,-2.2181,0.1113,0.5,8.6833,5.9143,0.37,10.3428,5.7224,0.1812
104.3,seguindo,normal,10.6971,6.197,-2.2898,-2.2122,0.0776,0.5,8.6799,5.9143,0.37,10.3428,5.7224,0.1796
104.35,seguindo,normal,10.6921,6.1982,-2.2355,-2.2042,0.0313,0.5,8.6749,5.9143,0.37,10.3428,5.7224,0.1769
104.4,seguindo,normal,10.689,6.1987,-2.2032,-2.1994,0.0038,0.5,8.6718,5.9143,0.37,10.3428,5.7224,0.175
104.45,seguindo,normal,10.6845,6.1988,-2.1584,-2.2257,-0.0673,0.5,8.6874,5.9143,0.37,10.3208,5.7252,0.1854
104.5,seguindo,normal,10.6818,6.1986,-2.1319,-2.2223,-0.0904,0.5,8.6847,5.9143,0.37,10.3208,5.7252,0.1833
104.55,seguindo,normal,10.6779,6.1981,-2.0948,-2.2175,-0.1228,0.5,8.6808,5.9143,0.37,10.3208,5.7252,0.1801
104.6,seguindo,normal,10.6755,6.1975,-2.0733,-2.2149,-0.1416,0.5,8.6784,5.9143,0.37,10.3208,5.7252,0.178
104.65,seguindo,normal,10.6722,6.1965,-2.0438,-2.2114,-0.1676,0.5,8.6751,5.9143,0.37,10.3208,5.7252,0.1749
104.7,seguindo,normal,10.6693,6.1952,-2.0195,-2.2088,-0.1893,0.5,8.6722,5.9143,0.37,10.3208,5.7252,0.1719
104.75,seguindo,normal,10.6676,6.1942,-2.0063,-2.2075,-0.2012,0.5,8.6704,5.9143,0.37,10.3208,5.7252,0.1699
104.8,seguindo,normal,10.6661,6.193,-1.9953,-2.2066,-0.2112,0.5,8.6689,5.9143,0.37,10.3208,5.7252,0.1681
104.85,seguindo,normal,10.6643,6.1916,-1.9833,-2.2056,-0.2223,0.5,8.6671,5.9143,0.37,10.3208,5.7252,0.1658
104.9,seguindo,normal,10.6633,6.1907,-1.9773,-2.2051,-0.2278,0.5,8.6662,5.9143,0.37,10.3208,5.7252,0.1645
104.951,seguindo,normal,10.6624,6.1893,-1.974,-2.2053,-0.2312,0.5,8.6652,5.9143,0.37,10.3208,5.7252,0.1629
105.0,seguindo,normal,10.662,6.1884,-1.9737,-2.2056,-0.2319,0.5,8.6648,5.9143,0.37,10.3208,5.7252,0.1619
105.05,seguindo,normal,10.6619,6.1872,-1.9783,-2.2024,-0.2241,0.5,8.6683,5.9143,0.37,10.3176,5.7166,0.1694
105.1,seguindo,normal,10.662,6.1864,-1.9832,-2.2034,-0.2202,0.5,8.6684,5.9143,0.37,10.3176,5.7166,0.1689
105.15,seguindo,normal,10.6626,6.1854,-1.9955,-2.2053,-0.2098,0.5,8.669,5.9143,0.37,10.3176,5.7166,0.1686
105.2,seguindo,normal,10.6632,6.1847,-2.0054,-2.2068,-0.2013,0.5,8.6696,5.9143,0.37,10.3176,5.7166,0.1685
105.25,seguindo,normal,10.6639,6.1841,-2.0161,-2.2083,-0.1923,0.5,8.6703,5.9143,0.37,10.3176,5.7166,0.1686
105.3,seguindo,normal,10.6642,6.1839,-2.0209,-2.209,-0.1881,0.5,8.6706,5.9143,0.37,10.3176,5.7166,0.1687
105.35,seguindo,normal,10.6644,6.1838,-2.0234,-2.2094,-0.186,0.5,8.6708,5.9143,0.37,10.3176,5.7166,0.1688
105.4,seguindo,normal,10.6644,6.1838,-2.0234,-2.2094,-0.186,0.5,8.6708,5.9143,0.37,10.3176,5.7166,0.1688
105.45,seguindo,normal,10.6634,6.1812,-2.0279,-2.2107,-0.1829,0.5,8.6698,5.9143,0.37,10.3176,5.7166,0.1663
105.5,seguindo,normal,10.6619,6.1767,-2.0355,-2.2133,-0.1778,0.5,8.6682,5.9143,0.37,10.3176,5.7166,0.162
105.55,seguindo,normal,10.6598,6.1711,-2.0445,-2.2162,-0.1717,0.5,8.6661,5.9143,0.37,10.3176,5.7166,0.1567
105.6,seguindo,normal,10.6575,6.1651,-2.0537,-2.2194,-0.1656,0.5,8.6638,5.9143,0.37,10.3176,5.7166,0.151
105.65,seguindo,normal,10.6527,6.1537,-2.0688,-2.2249,-0.1562,0.5,8.659,5.9143,0.37,10.3176,5.7166,0.1401
105.7,re,,10.6468,6.1406,-2.0829,-2.0829,0.0,0.203,8.6531,inf,,,,0.0
105.75,re,,10.6414,6.1295,-2.0937,-2.0937,0.0,0.203,8.6477,inf,,,,0.0
105.801,re,,10.6328,6.1124,-2.1085,-2.1085,0.0,0.203,8.6391,inf,,,,0.0
105.85,re,,10.6266,6.1007,-2.1185,-2.1185,0.0,0.203,8.633,inf,,,,0.0
105.9,re,,10.6171,6.0831,-2.1322,-2.1322,0.0,0.203,8.6235,inf,,,,0.0
105.95,re,,10.6106,6.0719,-2.1389,-2.1389,0.0,0.203,8.6171,inf,,,,0.0
106.0,re,,10.6041,6.0607,-2.1453,-2.1453,0.0,0.203,8.6107,inf,,,,0.0
106.05,re,,10.5942,6.0447,-2.1514,-2.1514,0.0,0.203,8.601,inf,,,,0.0
106.1,re,,10.5876,6.0343,-2.1542,-2.1542,0.0,0.203,8.5946,inf,,,,0.0
106.15,re,,10.5785,6.0206,-2.1532,-2.1532,0.0,0.203,8.5856,inf,,,,0.0
106.2,re,,10.5727,6.0122,-2.1507,-2.1507,0.0,0.203,8.5799,inf,,,,0.0
106.25,re,,10.5641,6.0004,-2.1415,-2.1415,0.0,0.203,8.5715,inf,,,,0.0
106.3,re,,10.5585,5.9928,-2.1336,-2.1336,0.0,0.203,8.5661,inf,,,,0.0
106.4,seguindo,normal,10.5444,5.9744,-2.1035,-2.1954,-0.0919,0.5,8.5523,7.7199,0.37,10.2866,5.6167,0.0244
106.45,seguindo,normal,10.5359,5.9633,-2.0808,-2.1944,-0.1136,0.5,8.544,7.7199,0.37,10.2866,5.6167,0.0236
106.501,seguindo,normal,10.5302,5.9557,-2.0647,-2.194,-0.1293,0.5,8.5385,7.7199,0.37,10.2866,5.6167,0.0233
106.55,seguindo,normal,10.522,5.9441,-2.0407,-2.1941,-0.1534,0.5,8.5305,7.7199,0.37,10.2866,5.6167,0.0229
106.6,seguindo,normal,10.514,5.9324,-2.0168,-2.1951,-0.1783,0.5,8.5228,7.7199,0.37,10.2866,5.6167,0.0229
106.65,seguindo,normal,10.5088,5.9244,-2.0009,-2.1855,-0.1846,0.5,8.5178,12.3174,0.37,10.2564,5.5668,0.0231
106.7,seguindo,normal,10.5038,5.9164,-1.985,-2.1867,-0.2017,0.5,8.513,12.3174,0.37,10.2564,5.5668,0.0234
106.75,seguindo,normal,10.4965,5.9042,-1.9611,-2.1893,-0.2282,0.5,8.506,12.3174,0.37,10.2564,5.5668,0.0242
106.8,seguindo,normal,10.4894,5.8918,-1.9372,-2.1929,-0.2558,0.5,8.4994,12.3174,0.37,10.2564,5.5668,0.0251
106.85,seguindo,normal,10.4849,5.8835,-1.9212,-2.1938,-0.2725,0.5,8.4897,12.3174,0.37,10.2598,5.5701,0.0224
106.9,seguindo,normal,10.4806,5.875,-1.9053,-2.1844,-0.2791,0.5,8.4857,14.5064,0.37,10.2308,5.5204,0.0234
106.95,seguindo,normal,10.4742,5.8623,-1.8814,-2.1895,-0.3081,0.5,8.4799,14.5064,0.37,10.2308,5.5204,0.0253
107.003,seguindo,normal,10.4682,5.8494,-1.8575,-2.1959,-0.3384,0.5,8.4744,14.5064,0.37,10.2308,5.5204,0.0273
107.05,seguindo,normal,10.4654,5.8434,-1.8444,-2.199,-0.3547,0.5,8.4718,14.5064,0.37,10.2308,5.5204,0.0283
107.1,seguindo,normal,10.4628,5.8378,-1.832,-2.2019,-0.3699,0.5,8.4694,14.5064,0.37,10.2308,5.5204,0.0291
107.15,seguindo,normal,10.4601,5.832,-1.8186,-2.2052,-0.3866,0.5,8.467,14.5064,0.37,10.2308,5.5204,0.03
107.2,seguindo,normal,10.4589,5.8293,-1.8124,-2.2068,-0.3944,0.5,8.4659,14.5064,0.37,10.2308,5.5204,0.0304
107.25,seguindo,normal,10.4568,5.8224,-1.8083,-2.1939,-0.3856,0.5,8.4641,8.0627,0.37,10.204,5.4706,0.0324
107.3,seguindo,normal,10.4553,5.8163,-1.8078,-2.1993,-0.3915,0.5,8.4628,8.0627,0.37,10.204,5.4706,0.0344
107.35,seguindo,normal,10.4526,5.8045,-1.8117,-2.2109,-0.3991,0.5,8.4607,8.0627,0.37,10.204,5.4706,0.0387
107.4,seguindo,normal,10.4507,5.7952,-1.8165,-2.2207,-0.4042,0.5,8.4592,8.0627,0.37,10.204,5.4706,0.0421
107.45,seguindo,normal,10.4476,5.7793,-1.8288,-2.2389,-0.4101,0.5,8.4569,8.0627,0.37,10.204,5.4706,0.048
107.5,seguindo,normal,10.4454,5.7678,-1.8389,-2.2529,-0.414,0.5,8.4553,8.0627,0.37,10.204,5.4706,0.0523
107.552,seguindo,normal,10.4422,5.7509,-1.8588,-2.2421,-0.3832,0.5,8.453,3.9629,0.37,10.1801,5.4208,0.0587
107.6,seguindo,normal,10.4401,5.7397,-1.8739,-2.2549,-0.381,0.5,8.4515,3.9629,0.37,10.1801,5.4208,0.0629
107.65,seguindo,normal,10.4371,5.7232,-1.9012,-2.2753,-0.374,0.5,8.4494,3.9629,0.37,10.1801,5.4208,0.0692
107.7,seguindo,normal,10.4349,5.7122,-1.9213,-2.2894,-0.3681,0.5,8.4478,3.9629,0.37,10.1801,5.4208,0.0732
107.75,seguindo,normal,10.4314,5.6955,-1.9551,-2.2685,-0.3134,0.5,8.4453,2.2936,0.37,10.1594,5.371,0.0792
107.801,seguindo,normal,10.4289,5.6843,-1.979,-2.2811,-0.3021,0.5,8.4434,2.2936,0.37,10.1594,5.371,0.083
107.85,seguindo,normal,10.4255,5.67,-2.0134,-2.298,-0.2846,0.5,8.441,2.2936,0.37,10.1594,5.371,0.0877
107.9,seguindo,normal,10.4238,5.6617,-2.0389,-2.3087,-0.2698,0.5,8.4398,2.2936,0.37,10.1594,5.371,0.0907
107.95,seguindo,normal,10.4196,5.6468,-2.0815,-2.3271,-0.2456,0.5,8.4366,2.2936,0.37,10.1594,5.371,0.0951
108.0,seguindo,normal,10.416,5.6358,-2.1111,-2.2871,-0.176,0.5,8.4337,1.5578,0.37,10.1422,5.3212,0.098
108.05,seguindo,normal,10.4097,5.6191,-2.1541,-2.274,-0.12,0.5,8.4229,1.5578,0.37,10.1476,5.31,0.0917
108.1,seguindo,normal,10.4049,5.608,-2.1821,-2.283,-0.1009,0.5,8.4189,1.5578,0.37,10.1476,5.31,0.0936
108.15,seguindo,normal,10.3971,5.5917,-2.2232,-2.2956,-0.0725,0.5,8.4123,1.5578,0.37,10.1476,5.31,0.0956
108.2,seguindo,normal,10.3916,5.5811,-2.25,-2.2475,0.0025,0.5,8.4075,1.201,0.37,10.1338,5.2601,0.0965
108.252,seguindo,normal,10.3824,5.5655,-2.2874,-2.2543,0.0332,0.5,8.3995,1.201,0.37,10.1338,5.2601,0.097
108.3,seguindo,normal,10.3759,5.5553,-2.3108,-2.2579,0.053,0.5,8.3937,1.201,0.37,10.1338,5.2601,0.0969
108.35,seguindo,normal,10.3656,5.5406,-2.343,-2.2617,0.0813,0.5,8.3845,1.201,0.37,10.1338,5.2601,0.0958
108.4,seguindo,normal,10.3582,5.5309,-2.3622,-2.2038,0.1584,0.5,8.3779,1.0249,0.37,10.1229,5.2102,0.0945
108.45,seguindo,normal,10.3458,5.5162,-2.3859,-2.1985,0.1874,0.5,8.3607,1.0249,0.37,10.1332,5.2232,0.0931
108.5,seguindo,normal,10.3369,5.5065,-2.3991,-2.1943,0.2048,0.5,8.3525,1.0249,0.37,10.1332,5.2232,0.0902
108.55,seguindo,normal,10.3243,5.4932,-2.4158,-2.1265,0.2893,0.5,8.3408,0.952,0.37,10.1255,5.1732,0.0857
108.6,seguindo,normal,10.3162,5.4849,-2.4267,-2.1197,0.307,0.5,8.3333,0.952,0.37,10.1255,5.1732,0.0827
108.65,seguindo,normal,10.3035,5.4731,-2.436,-2.1065,0.3296,0.5,8.3216,0.952,0.37,10.1255,5.1732,0.0771
108.7,seguindo,normal,10.2949,5.4654,-2.4397,-2.0962,0.3435,0.5,8.3136,0.952,0.37,10.1255,5.1732,0.073
108.751,seguindo,normal,10.2816,5.4542,-2.4387,-1.9803,0.4584,0.5,8.3012,0.9485,0.37,10.1162,5.0731,0.0664
108.8,seguindo,normal,10.2727,5.4469,-2.4357,-1.9672,0.4685,0.5,8.2928,0.9485,0.37,10.1162,5.0731,0.0618
108.85,seguindo,normal,10.2593,5.436,-2.4307,-1.9463,0.4843,0.5,8.2803,0.9485,0.37,10.1162,5.0731,0.0543
108.9,seguindo,normal,10.2504,5.4287,-2.4273,-1.9316,0.4957,0.5,8.2721,0.9485,0.37,10.1162,5.0731,0.0493
108.95,seguindo,normal,10.2371,5.4176,-2.4222,-1.8739,0.5482,0.5,8.2597,1.0119,0.37,10.1137,5.0231,0.0419
109.0,seguindo,normal,10.2282,5.4102,-2.4188,-1.8585,0.5603,0.5,8.2515,1.0119,0.37,10.1137,5.0231,0.037
109.05,seguindo,normal,10.2165,5.401,-2.4085,-1.8366,0.5719,0.5,8.2406,1.0119,0.37,10.1137,5.0231,0.0297
109.1,seguindo,normal,10.2093,5.3956,-2.3977,-1.8222,0.5755,0.5,8.2339,1.0119,0.37,10.1137,5.0231,0.025
109.15,seguindo,normal,10.1983,5.3876,-2.3764,-1.7759,0.6005,0.5,8.2236,1.151,0.37,10.1121,4.9731,0.0177
109.2,seguindo,normal,10.1909,5.3824,-2.3587,-1.7611,0.5976,0.5,8.2167,1.151,0.37,10.1121,4.9731,0.0128
109.251,seguindo,normal,10.18,5.3748,-2.3279,-1.7383,0.5896,0.5,8.2064,1.151,0.37,10.1121,4.9731,0.0055
109.3,seguindo,normal,10.1728,5.37,-2.3035,-1.7227,0.5808,0.5,8.1997,1.151,0.37,10.1121,4.9731,0.0004
109.35,seguindo,normal,10.162,5.3625,-2.2635,-1.6984,0.5651,0.5,8.1896,1.151,0.37,10.1121,4.9731,-0.0075
109.4,seguindo,normal,10.1549,5.3576,-2.2335,-1.6819,0.5516,0.5,8.183,1.151,0.37,10.1121,4.9731,-0.0127
109.45,seguindo,normal,10.1447,5.3503,-2.1864,-1.6495,0.5369,0.5,8.1735,1.3873,0.37,10.1111,4.9231,-0.02
109.5,seguindo,normal,10.1383,5.3455,-2.1544,-1.6351,0.5192,0.5,8.1675,1.3873,0.37,10.1111,4.9231,-0.0247
109.55,seguindo,normal,10.129,5.338,-2.1086,-1.6141,0.4945,0.5,8.1591,1.3873,0.37,10.1111,4.9231,-0.031
109.6,seguindo,normal,10.123,5.3328,-2.0797,-1.6,0.4797,0.5,8.1535,1.3873,0.37,10.1111,4.9231,-0.0352
109.65,seguindo,normal,10.1141,5.3247,-2.0362,-1.5785,0.4577,0.5,8.1455,1.3873,0.37,10.1111,4.9231,-0.0417
109.7,seguindo,normal,10.1057,5.3164,-1.9923,-1.5571,0.4352,0.5,8.1378,1.3873,0.37,10.1111,4.9231,-0.0477
109.75,seguindo,normal,10.1003,5.3107,-1.9627,-1.5476,0.4151,0.5,8.1331,1.7613,0.37,10.1105,4.8731,-0.0514
109.8,seguindo,normal,10.0952,5.3048,-1.9331,-1.5353,0.3977,0.5,8.1285,1.7613,0.37,10.1105,4.8731,-0.0549
109.85,seguindo,normal,10.0878,5.2958,-1.8884,-1.4594,0.4289,0.5,8.1053,1.7613,0.37,10.1345,4.8789,-0.0751
109.9,seguindo,normal,10.0832,5.2897,-1.8585,-1.4466,0.4119,0.5,8.1012,1.7613,0.37,10.1345,4.8789,-0.0785
109.95,seguindo,normal,10.0766,5.2802,-1.8137,-1.4276,0.3861,0.5,8.0954,1.7613,0.37,10.1345,4.8789,-0.0832
110.0,seguindo,normal,10.0704,5.2705,-1.7689,-1.4258,0.3431,0.5,8.0902,2.3408,0.37,10.1349,4.8289,-0.0874
110.052,seguindo,normal,10.0666,5.2638,-1.7392,-1.4149,0.3243,0.5,8.0869,2.3408,0.37,10.1349,4.8289,-0.09
110.1,seguindo,normal,10.0612,5.2536,-1.6948,-1.399,0.2958,0.5,8.0825,2.3408,0.37,10.1349,4.8289,-0.0933
110.15,seguindo,normal,10.0585,5.2489,-1.6683,-1.4013,0.2671,0.5,8.0853,2.3408,0.37,10.1293,4.8358,-0.0895
110.2,seguindo,normal,10.0557,5.2446,-1.6385,-1.3928,0.2457,0.5,8.0829,2.3408,0.37,10.1293,4.8358,-0.0917
110.25,seguindo,normal,10.0518,5.2357,-1.5953,-1.3794,0.2159,0.5,8.0798,2.3408,0.37,10.1293,4.8358,-0.0944
110.3,seguindo,normal,10.0484,5.225,-1.5548,-1.3659,0.1888,0.5,8.0775,2.3408,0.37,10.1293,4.8358,-0.0962
110.351,seguindo,normal,10.0464,5.2173,-1.5273,-1.3799,0.1474,0.5,8.0762,3.2386,0.37,10.1298,4.7858,-0.0972
110.4,seguindo,normal,10.0446,5.2096,-1.5003,-1.3725,0.1278,0.5,8.0752,3.2386,0.37,10.1298,4.7858,-0.0978
110.45,seguindo,normal,10.0426,5.1975,-1.4618,-1.3621,0.0998,0.5,8.0743,3.2386,0.37,10.1298,4.7858,-0.0982
110.5,seguindo,normal,10.0416,5.1893,-1.4374,-1.3555,0.0819,0.5,8.0742,3.2386,0.37,10.1298,4.7858,-0.0984
110.55,seguindo,normal,10.0407,5.1765,-1.4035,-1.5133,-0.1098,0.5,8.0848,5.0245,1.0,10.1003,4.1422,-0.0879
110.6,seguindo,normal,10.0405,5.1633,-1.3719,-1.5124,-0.1404,0.5,8.0863,5.0245,1.0,10.1003,4.1422,-0.0865
110.65,seguindo,normal,10.041,5.1541,-1.3538,-1.5123,-0.1584,0.5,8.0879,5.0245,1.0,10.1003,4.1422,-0.085
110.701,seguindo,normal,10.0421,5.1402,-1.3284,-1.5126,-0.1842,0.5,8.0908,5.0245,1.0,10.1003,4.1422,-0.0826
110.753,seguindo,normal,10.0432,5.1308,-1.3124,-1.5131,-0.2007,0.5,8.093,5.0245,1.0,10.1003,4.1422,-0.0807
110.8,seguindo,normal,10.0445,5.1212,-1.2973,-1.5285,-0.2312,0.5,8.0956,4.7735,1.0,10.0901,4.043,-0.0786
110.854,seguindo,normal,10.0472,5.1065,-1.2783,-1.5304,-0.2521,0.5,8.1002,4.7735,1.0,10.0901,4.043,-0.0747
110.9,seguindo,normal,10.0493,5.0965,-1.2677,-1.5321,-0.2644,0.5,8.1037,4.7735,1.0,10.0901,4.043,-0.0717
110.95,seguindo,normal,10.0536,5.0798,-1.2551,-1.5356,-0.2805,0.5,8.1101,4.7735,1.0,10.0901,4.043,-0.0665
111.0,seguindo,normal,10.0569,5.0682,-1.2481,-1.5469,-0.2989,0.5,8.115,3.4656,1.0,10.0825,3.9938,-0.0625
111.05,seguindo,normal,10.0624,5.0509,-1.2444,-1.5517,-0.3073,0.5,8.1228,3.4656,1.0,10.0825,3.9938,-0.056
111.1,seguindo,normal,10.0662,5.0395,-1.2446,-1.5552,-0.3107,0.5,8.1282,3.4656,1.0,10.0825,3.9938,-0.0516
111.15,seguindo,normal,10.072,5.0225,-1.2451,-1.5606,-0.3155,0.5,8.1363,3.4656,1.0,10.0825,3.9938,-0.0451
111.201,seguindo,normal,10.0778,5.0055,-1.2459,-1.4909,-0.245,0.5,8.1445,16.6398,0.37,10.1109,4.5917,-0.0386
111.252,seguindo,normal,10.0816,4.9943,-1.2458,-1.498,-0.2522,0.5,8.1499,16.6398,0.37,10.1109,4.5917,-0.0344
111.3,seguindo,normal,10.0854,4.983,-1.2457,-1.5056,-0.2599,0.5,8.1553,16.6398,0.37,10.1109,4.5917,-0.0303
111.35,seguindo,normal,10.091,4.9662,-1.2446,-1.5246,-0.2799,0.5,8.1633,27.8887,0.37,10.1106,4.5417,-0.0242
111.4,seguindo,normal,10.0947,4.9551,-1.2436,-1.5322,-0.2886,0.5,8.1686,27.8887,0.37,10.1106,4.5417,-0.0202
111.45,seguindo,normal,10.1007,4.938,-1.247,-1.5459,-0.2988,0.5,8.1772,27.8887,0.37,10.1106,4.5417,-0.0137
111.5,seguindo,normal,10.1049,4.9265,-1.2511,-1.556,-0.3049,0.5,8.1831,27.8887,0.37,10.1106,4.5417,-0.0093
111.55,seguindo,normal,10.1115,4.9093,-1.2624,-1.5738,-0.3114,0.5,8.1922,53.2692,0.37,10.1102,4.4918,-0.0024
111.6,seguindo,normal,10.1159,4.8978,-1.2716,-1.5847,-0.3131,0.5,8.1983,53.2692,0.37,10.1102,4.4918,0.0022
111.65,seguindo,normal,10.1227,4.8803,-1.2906,-1.6029,-0.3123,0.5,8.2078,53.2692,0.37,10.1102,4.4918,0.0093
111.702,seguindo,normal,10.1294,4.8626,-1.3123,-1.6175,-0.3052,0.5,8.2173,174.1516,0.37,10.1098,4.4418,0.0163
111.75,seguindo,normal,10.1339,4.8509,-1.329,-1.6296,-0.3006,0.5,8.2236,174.1516,0.37,10.1098,4.4418,0.0209
111.8,seguindo,normal,10.1381,4.839,-1.3458,-1.6419,-0.2961,0.5,8.2296,174.1516,0.37,10.1098,4.4418,0.0252
111.85,seguindo,normal,10.1441,4.8213,-1.3717,-1.6609,-0.2892,0.5,8.2384,174.1516,0.37,10.1098,4.4418,0.0314
111.9,seguindo,normal,10.1478,4.8095,-1.3892,-1.663,-0.2738,0.5,8.2441,170.0584,0.37,10.1092,4.3918,0.0353
111.951,seguindo,normal,10.153,4.7916,-1.4156,-1.7063,-0.2907,0.5,8.262,170.0584,0.37,10.1001,4.4032,0.0488
112.0,seguindo,normal,10.1562,4.7796,-1.4331,-1.7189,-0.2858,0.5,8.2672,170.0584,0.37,10.1001,4.4032,0.0521
112.05,seguindo,normal,10.1607,4.7615,-1.4594,-1.7204,-0.261,0.5,8.2748,54.0124,0.37,10.0991,4.3532,0.0567
112.1,seguindo,normal,10.1633,4.7493,-1.4768,-1.7315,-0.2548,0.5,8.2796,54.0124,0.37,10.0991,4.3532,0.0595
112.15,seguindo,normal,10.167,4.731,-1.5028,-1.7485,-0.2456,0.5,8.2864,54.0124,0.37,10.0991,4.3532,0.0633
112.2,seguindo,normal,10.1691,4.7187,-1.5202,-1.7406,-0.2204,0.5,8.2907,28.9129,0.37,10.0979,4.3032,0.0656
112.25,seguindo,normal,10.1719,4.7002,-1.546,-1.7552,-0.2092,0.5,8.2968,28.9129,0.37,10.0979,4.3032,0.0686
112.3,seguindo,normal,10.1742,4.6816,-1.5713,-1.7699,-0.1986,0.5,8.3025,28.9129,0.37,10.0979,4.3032,0.0711
112.35,seguindo,normal,10.1755,4.6691,-1.5879,-1.7593,-0.1714,0.5,8.306,17.6333,0.37,10.0961,4.2533,0.0724
112.4,seguindo,normal,10.1765,4.6565,-1.6042,-1.7675,-0.1633,0.5,8.3094,17.6333,0.37,10.0961,4.2533,0.0736
112.45,seguindo,normal,10.1776,4.6377,-1.6289,-1.7798,-0.1509,0.5,8.3141,17.6333,0.37,10.0961,4.2533,0.0749
112.5,seguindo,normal,10.1782,4.6251,-1.6455,-1.7684,-0.1229,0.5,8.317,11.3964,0.37,10.0937,4.2034,0.0755
112.55,seguindo,normal,10.1785,4.6062,-1.6701,-1.7783,-0.1081,0.5,8.321,11.3964,0.37,10.0937,4.2034,0.0761
112.6,seguindo,normal,10.1784,4.5935,-1.6858,-1.7846,-0.0988,0.5,8.3234,11.3964,0.37,10.0937,4.2034,0.0761
112.651,seguindo,normal,10.1779,4.5744,-1.7087,-1.7604,-0.0518,0.5,8.3131,11.3964,0.37,10.1046,4.1923,0.0642
112.7,seguindo,normal,10.1772,4.5615,-1.7231,-1.7503,-0.0272,0.5,8.315,7.6528,0.37,10.1012,4.1424,0.0637
112.75,seguindo,normal,10.1757,4.5421,-1.744,-1.7552,-0.0113,0.5,8.3175,7.6528,0.37,10.1012,4.1424,0.0624
112.8,seguindo,normal,10.1745,4.5292,-1.7576,-1.7582,-0.0006,0.5,8.3189,7.6528,0.37,10.1012,4.1424,0.0613
112.851,seguindo,normal,10.1723,4.5097,-1.7775,-1.7503,0.0271,0.5,8.3207,5.314,0.37,10.0966,4.0928,0.0594
112.9,seguindo,normal,10.1705,4.4966,-1.7897,-1.7517,0.038,0.5,8.3216,5.314,0.37,10.0966,4.0928,0.0577
112.95,seguindo,normal,10.1673,4.4769,-1.806,-1.7528,0.0533,0.5,8.3226,5.314,0.37,10.0966,4.0928,0.0548
113.0,seguindo,normal,10.1649,4.4638,-1.8155,-1.7457,0.0698,0.5,8.323,3.8162,0.37,10.0906,4.0433,0.0525
113.051,seguindo,normal,10.1612,4.4459,-1.8258,-1.7444,0.0813,0.5,8.3231,3.8162,0.37,10.0906,4.0433,0.0491
113.107,seguindo,normal,10.1575,4.4291,-1.8345,-1.7425,0.092,0.5,8.3231,3.8162,0.37,10.0906,4.0433,0.0456
113.151,seguindo,normal,10.1544,4.418,-1.8336,-1.7395,0.094,0.5,8.3225,3.8162,0.37,10.0906,4.0433,0.0428
113.2,seguindo,normal,10.1513,4.407,-1.8323,-1.7355,0.0968,0.5,8.3219,2.8383,0.37,10.0827,3.9941,0.0399
113.25,seguindo,normal,10.1466,4.3905,-1.8276,-1.7305,0.0971,0.5,8.3208,2.8383,0.37,10.0827,3.9941,0.0354
113.302,seguindo,normal,10.1418,4.3741,-1.8213,-1.7249,0.0963,0.5,8.3198,2.8383,0.37,10.0827,3.9941,0.0309
113.35,seguindo,normal,10.1386,4.3631,-1.817,-1.727,0.09,0.5,8.3192,2.188,0.37,10.0728,3.9454,0.028
113.4,seguindo,normal,10.1355,4.3521,-1.8128,-1.7238,0.089,0.5,8.3186,2.188,0.37,10.0728,3.9454,0.0251
113.451,seguindo,normal,10.131,4.3354,-1.8072,-1.7189,0.0884,0.5,8.3179,2.188,0.37,10.0728,3.9454,0.021
113.504,seguindo,normal,10.1266,4.3187,-1.8024,-1.7139,0.0885,0.5,8.3175,2.188,0.37,10.0728,3.9454,0.0171
113.55,seguindo,normal,10.1238,4.3075,-1.8003,-1.7237,0.0765,0.5,8.3173,1.7454,0.37,10.0606,3.8975,0.0145
113.6,seguindo,normal,10.121,4.2963,-1.7983,-1.7212,0.0771,0.5,8.3172,1.7454,0.37,10.0606,3.8975,0.0121
113.65,seguindo,normal,10.1169,4.2793,-1.7954,-1.7847,0.0108,0.5,8.3347,1.7454,0.37,10.0358,3.9059,0.0253
113.701,seguindo,normal,10.1128,4.2624,-1.7927,-1.7975,-0.0048,0.5,8.3351,1.4325,0.37,10.0199,3.8594,0.0222
113.75,seguindo,normal,10.1101,4.2511,-1.7911,-1.7974,-0.0062,0.5,8.3354,1.4325,0.37,10.0199,3.8594,0.0202
113.8,seguindo,normal,10.1075,4.2397,-1.7895,-1.7972,-0.0077,0.5,8.3358,1.4325,0.37,10.0199,3.8594,0.0183
113.85,seguindo,normal,10.1035,4.2227,-1.787,-1.8172,-0.0302,0.5,8.3364,1.1963,0.37,10.0009,3.8146,0.0156
113.9,seguindo,normal,10.1009,4.2114,-1.7853,-1.8177,-0.0324,0.5,8.3368,1.1963,0.37,10.0009,3.8146,0.0137
113.951,re,,10.097,4.1944,-1.7827,-1.7827,0.0,0.203,8.3376,inf,,,,0.0
114.0,re,,10.0944,4.183,-1.7809,-1.7809,0.0,0.203,8.3381,inf,,,,0.0
114.05,re,,10.0906,4.166,-1.7784,-1.7784,0.0,0.203,8.339,inf,,,,0.0
114.1,re,,10.0881,4.1546,-1.7767,-1.7767,0.0,0.203,8.3396,inf,,,,0.0
114.15,re,,10.0843,4.1376,-1.7741,-1.7741,0.0,0.203,8.3406,inf,,,,0.0
114.201,re,,10.0806,4.1205,-1.7715,-1.7715,0.0,0.203,8.3417,inf,,,,0.0
114.25,re,,10.0781,4.1092,-1.7696,-1.7696,0.0,0.203,8.3424,inf,,,,0.0
114.3,re,,10.0757,4.0979,-1.7676,-1.7676,0.0,0.203,8.3432,inf,,,,0.0
114.352,re,,10.072,4.0828,-1.7585,-1.7585,0.0,0.203,8.3438,inf,,,,0.0
114.4,re,,10.0695,4.0735,-1.7487,-1.7487,0.0,0.203,8.344,inf,,,,0.0
114.45,re,,10.0654,4.0595,-1.7288,-1.7288,0.0,0.203,8.344,inf,,,,0.0
114.5,re,,10.0626,4.0502,-1.7119,-1.7119,0.0,0.203,8.344,inf,,,,0.0
114.55,re,,10.0586,4.0361,-1.6844,-1.6844,0.0,0.203,8.344,inf,,,,0.0
114.6,re,,10.0559,4.0267,-1.6641,-1.6641,0.0,0.203,8.3442,inf,,,,0.0
114.7,seguindo,normal,10.0502,4.0032,-1.614,-2.0233,-0.4094,0.5,8.3454,0.5708,0.37,9.8859,3.6652,-0.0099
114.75,seguindo,normal,10.0475,3.989,-1.5852,-2.0337,-0.4485,0.5,8.3469,0.5708,0.37,9.8859,3.6652,-0.0094
114.8,seguindo,normal,10.0459,3.9795,-1.5667,-2.0989,-0.5322,0.4832,8.3481,0.4832,0.37,9.8472,3.6389,-0.0088
114.85,seguindo,normal,10.044,3.9653,-1.5403,-2.1326,-0.5922,0.4832,8.3551,0.4832,0.37,9.8462,3.6511,-0.0037
114.9,seguindo,normal,10.043,3.956,-1.5238,-2.144,-0.6202,0.4832,8.3569,0.4832,0.37,9.8462,3.6511,-0.0021
114.95,seguindo,normal,10.0419,3.9418,-1.5,-2.2217,-0.7216,0.4243,8.36,0.4243,0.37,9.8044,3.6299,0.0007
115.0,seguindo,normal,10.0414,3.9322,-1.4848,-2.2358,-0.7509,0.4243,8.3624,0.4243,0.37,9.8044,3.6299,0.0027
115.05,seguindo,normal,10.041,3.9177,-1.4631,-2.259,-0.796,0.4243,8.3664,0.4243,0.37,9.8044,3.6299,0.0063
115.1,seguindo,normal,10.041,3.9079,-1.4489,-2.2759,-0.827,0.4243,8.3692,0.4243,0.37,9.8044,3.6299,0.0093
115.15,seguindo,normal,10.0412,3.8933,-1.4275,-2.303,-0.8755,0.4243,8.3738,0.4243,0.37,9.8044,3.6299,0.0142
115.2,seguindo,normal,10.0415,3.8836,-1.4133,-2.377,-0.9637,0.3907,8.377,0.3907,0.37,9.7601,3.6137,0.0177
115.251,seguindo,normal,10.0422,3.869,-1.392,-2.406,-1.014,0.3907,8.3821,0.3907,0.37,9.7601,3.6137,0.0231
115.3,seguindo,normal,10.0428,3.8593,-1.3778,-2.4264,-1.0486,0.3907,8.3857,0.3907,0.37,9.7601,3.6137,0.027
115.35,seguindo,normal,10.0437,3.8476,-1.3597,-2.4519,-1.0923,0.3907,8.3901,0.3907,0.37,9.7601,3.6137,0.0324
115.4,seguindo,normal,10.0441,3.8411,-1.3476,-2.4664,-1.1189,0.3907,8.3924,0.3907,0.37,9.7601,3.6137,0.0353
115.451,seguindo,normal,10.0447,3.8343,-1.3356,-2.4821,-1.1465,0.3907,8.395,0.3907,0.37,9.7601,3.6137,0.0384
115.5,seguindo,normal,10.045,3.8312,-1.3305,-2.536,-1.2055,0.3793,8.3964,0.3793,0.37,9.714,3.602,0.04
115.551,seguindo,normal,10.0467,3.8237,-1.3276,-2.5645,-1.237,0.5,8.3981,0.5104,0.37,9.7179,3.6097,0.0146
115.6,seguindo,normal,10.0483,3.8175,-1.3291,-2.5802,-1.2511,0.5,8.4017,0.5104,0.37,9.7179,3.6097,0.0159
115.65,seguindo,normal,10.0516,3.8065,-1.3361,-2.6087,-1.2726,0.5,8.4082,0.5104,0.37,9.7179,3.6097,0.0232
115.7,seguindo,normal,10.0541,3.7985,-1.3436,-2.63,-1.2864,0.5,8.4132,0.5104,0.37,9.7179,3.6097,0.0302
115.75,seguindo,normal,10.0581,3.7867,-1.3601,-2.6619,-1.3017,0.5,8.4207,0.5104,0.37,9.7179,3.6097,0.0409
115.8,seguindo,normal,10.0608,3.779,-1.3733,-2.6831,-1.3098,0.5,8.4257,0.5104,0.37,9.7179,3.6097,0.048
115.851,seguindo,normal,10.065,3.7677,-1.3982,-2.7144,-1.3161,0.5,8.4333,0.5104,0.37,9.7179,3.6097,0.0585
115.901,seguindo,normal,10.0691,3.7567,-1.4261,-2.7453,-1.3192,0.5,8.4406,0.5104,0.37,9.7179,3.6097,0.0688
115.95,seguindo,normal,10.072,3.7495,-1.4496,-2.7898,-1.3402,0.4731,8.4457,0.4731,0.37,9.6702,3.602,0.0757
116.0,seguindo,normal,10.0747,3.7422,-1.473,-2.8079,-1.3349,0.4731,8.4506,0.4731,0.37,9.6702,3.602,0.0825
116.05,seguindo,normal,10.0788,3.731,-1.5127,-2.8358,-1.3231,0.4731,8.4581,0.4731,0.37,9.6702,3.602,0.0929
116.1,seguindo,normal,10.0814,3.7233,-1.5403,-2.8547,-1.3144,0.4731,8.463,0.4731,0.37,9.6702,3.602,0.0998
116.15,seguindo,normal,10.0852,3.7114,-1.5858,-2.8838,-1.2981,0.4731,8.4705,0.4731,0.37,9.6702,3.602,0.1105
116.201,seguindo,normal,10.0887,3.6992,-1.6339,-2.9133,-1.2794,0.4731,8.4777,0.4731,0.37,9.6702,3.602,0.1211
116.25,seguindo,normal,10.0911,3.691,-1.6708,-2.936,-1.2651,0.4731,8.4774,0.4731,0.37,9.677,3.6046,0.1258
116.3,seguindo,normal,10.0931,3.6827,-1.708,-2.9562,-1.2481,0.4731,8.4821,0.4731,0.37,9.677,3.6046,0.133
116.35,seguindo,normal,10.096,3.6701,-1.7687,-2.9923,-1.2235,0.4792,8.4889,0.4792,0.37,9.6284,3.5997,0.1436
116.4,seguindo,normal,10.0983,3.6573,-1.8322,-3.0198,-1.1876,0.4792,8.4953,0.4792,0.37,9.6284,3.5997,0.154
116.45,seguindo,normal,10.0996,3.6486,-1.8775,-3.0383,-1.1608,0.4792,8.4994,0.4792,0.37,9.6284,3.5997,0.1609
116.5,seguindo,normal,10.1006,3.6398,-1.9228,-3.0569,-1.1341,0.4792,8.5032,0.4792,0.37,9.6284,3.5997,0.1674
116.551,seguindo,normal,10.1012,3.6267,-1.9905,-3.1128,-1.1223,0.4792,8.5111,0.4792,0.37,9.6319,3.6131,0.1879
116.6,seguindo,normal,10.101,3.6178,-2.0354,-3.1316,-1.0961,0.4792,8.5139,0.4792,0.37,9.6319,3.6131,0.1941
116.65,seguindo,normal,10.1001,3.6046,-2.1026,3.1234,-1.0572,0.4792,8.5173,0.4792,0.37,9.6319,3.6131,0.2029
116.701,seguindo,normal,10.0982,3.5915,-2.1696,3.1058,-1.0078,0.5,8.5198,0.523,0.37,9.5829,3.6099,0.2111
116.75,seguindo,normal,10.0964,3.5827,-2.2139,3.0893,-0.98,0.5,8.5318,0.523,0.37,9.5714,3.6102,0.2239
116.8,seguindo,normal,10.0943,3.5741,-2.2581,3.0727,-0.9524,0.5,8.5325,0.523,0.37,9.5714,3.6102,0.2286
116.85,seguindo,normal,10.0902,3.5614,-2.3243,3.0477,-0.9112,0.5,8.5329,0.523,0.37,9.5714,3.6102,0.235
116.901,seguindo,normal,10.0853,3.5489,-2.3902,3.0228,-0.8702,0.5,8.5325,0.523,0.37,9.5714,3.6102,0.241
116.95,seguindo,normal,10.0816,3.5407,-2.4337,3.0061,-0.8434,0.5,8.5361,0.523,0.37,9.5677,3.6108,0.2505
117.0,seguindo,normal,10.0774,3.5328,-2.477,2.9897,-0.8165,0.5,8.5348,0.523,0.37,9.5677,3.6108,0.254
117.05,seguindo,normal,10.0705,3.5211,-2.5417,2.9651,-0.7763,0.5,8.532,0.523,0.37,9.5677,3.6108,0.2586
117.1,seguindo,normal,10.0654,3.5136,-2.5848,2.9692,-0.7292,0.5,8.5297,0.6082,0.37,9.5183,3.6089,0.2612
117.151,seguindo,normal,10.0572,3.5028,-2.6489,2.9461,-0.6882,0.5,8.5199,0.6082,0.37,9.5247,3.6083,0.2628
117.2,seguindo,normal,10.0512,3.4959,-2.6913,2.9313,-0.6605,0.5,8.5166,0.6082,0.37,9.5247,3.6083,0.2646
117.251,seguindo,normal,10.0417,3.486,-2.7546,2.9094,-0.6192,0.5,8.5108,0.6082,0.37,9.5247,3.6083,0.2671
117.3,seguindo,normal,10.035,3.4798,-2.7964,2.8949,-0.5919,0.5,8.5065,0.6082,0.37,9.5247,3.6083,0.2686
117.35,seguindo,normal,10.0243,3.471,-2.8586,2.8734,-0.5511,0.5,8.4993,0.6082,0.37,9.5247,3.6083,0.2701
117.4,seguindo,normal,10.0169,3.4655,-2.8998,2.8858,-0.4976,0.5,8.494,0.7458,0.37,9.4751,3.6072,0.2705
117.45,seguindo,normal,10.0052,3.4579,-2.961,2.8671,-0.4551,0.5,8.4855,0.7458,0.37,9.4751,3.6072,0.2704
117.5,seguindo,normal,9.9971,3.4532,-3.0013,2.8548,-0.4271,0.5,8.4794,0.7458,0.37,9.4751,3.6072,0.2699
117.55,seguindo,normal,9.9845,3.4469,-3.0612,2.8368,-0.3852,0.5,8.4696,0.7458,0.37,9.4751,3.6072,0.2688
117.6,seguindo,normal,9.9758,3.4432,-3.1004,2.825,-0.3578,0.5,8.4626,0.7458,0.37,9.4751,3.6072,0.2679
117.65,seguindo,normal,9.9623,3.4383,3.1247,2.8259,-0.2988,0.5,8.449,0.7458,0.37,9.4745,3.5976,0.2616
117.7,seguindo,normal,9.9531,3.4355,3.0866,2.815,-0.2716,0.5,8.4412,0.7458,0.37,9.4745,3.5976,0.2598
117.751,seguindo,normal,9.939,3.4321,3.0302,2.8312,-0.199,0.5,8.429,0.9526,0.37,9.4247,3.597,0.2563
117.8,seguindo,normal,9.9242,3.4297,2.9771,2.8184,-0.1587,0.5,8.4158,0.9526,0.37,9.4247,3.597,0.2515
117.85,seguindo,normal,9.9141,3.4288,2.9437,2.8105,-0.1332,0.5,8.4065,0.9526,0.37,9.4247,3.597,0.2478
117.9,seguindo,normal,9.9036,3.4285,2.9121,2.8032,-0.1089,0.5,8.3967,0.9526,0.37,9.4247,3.597,0.2439
117.95,seguindo,normal,9.8875,3.4289,2.8678,2.8071,-0.0607,0.5,8.3745,0.9526,0.37,9.429,3.5882,0.2286
118.0,seguindo,normal,9.8765,3.4298,2.8406,2.8014,-0.0392,0.5,8.3638,0.9526,0.37,9.429,3.5882,0.2237
118.05,seguindo,normal,9.8597,3.4321,2.8025,2.8273,0.0248,0.5,8.3472,1.2485,0.37,9.3791,3.5883,0.2155
118.1,seguindo,normal,9.8483,3.4343,2.7793,2.8244,0.0451,0.5,8.3357,1.2485,0.37,9.3791,3.5883,0.2093
118.15,seguindo,normal,9.831,3.4382,2.7461,2.8209,0.0748,0.5,8.3181,1.2485,0.37,9.3791,3.5883,0.1996
118.2,seguindo,normal,9.8195,3.4412,2.7244,2.8192,0.0947,0.5,8.3062,1.2485,0.37,9.3791,3.5883,0.1934
118.25,seguindo,normal,9.8015,3.4469,2.696,2.8184,0.1225,0.5,8.2873,1.2485,0.37,9.3791,3.5883,0.183
118.3,seguindo,normal,9.7893,3.4512,2.6799,2.8502,0.1704,0.5,8.2744,1.6452,0.37,9.3292,3.5892,0.1754
118.35,seguindo,normal,9.7723,3.458,2.6615,2.8539,0.1924,0.5,8.2561,1.6452,0.37,9.3292,3.5892,0.1642
118.402,seguindo,normal,9.7564,3.4652,2.6472,2.8591,0.2119,0.5,8.2387,1.6452,0.37,9.3292,3.5892,0.1531
118.45,seguindo,normal,9.7459,3.4704,2.6426,2.8639,0.2213,0.5,8.2271,1.6452,0.37,9.3292,3.5892,0.1459
118.5,seguindo,normal,9.7302,3.4784,2.637,2.8722,0.2352,0.5,8.2097,1.6452,0.37,9.3292,3.5892,0.1349
118.551,seguindo,normal,9.7201,3.4841,2.6384,2.902,0.2637,0.5,8.1976,2.1204,0.37,9.2801,3.5916,0.1274
118.601,seguindo,normal,9.7049,3.4927,2.6407,2.9128,0.2721,0.5,8.1804,2.1204,0.37,9.2801,3.5916,0.116
118.65,seguindo,normal,9.6949,3.4984,2.6429,2.9205,0.2776,0.5,8.1691,2.1204,0.37,9.2801,3.5916,0.1085
118.7,seguindo,normal,9.6848,3.5041,2.6452,2.9285,0.2834,0.5,8.1577,2.1204,0.37,9.2801,3.5916,0.1014
118.75,seguindo,normal,9.6697,3.5125,2.6487,2.9413,0.2926,0.5,8.1407,2.1204,0.37,9.2801,3.5916,0.0909
118.801,seguindo,normal,9.6546,3.5209,2.6524,2.9709,0.3185,0.5,8.1237,2.5902,0.37,9.2302,3.5941,0.0805
118.851,seguindo,normal,9.6444,3.5265,2.6543,2.9798,0.3255,0.5,8.1122,2.5902,0.37,9.2302,3.5941,0.0736
118.9,seguindo,normal,9.6343,3.5321,2.6562,2.9892,0.3331,0.5,8.1008,2.5902,0.37,9.2302,3.5941,0.0667
118.95,seguindo,normal,9.6189,3.5404,2.659,3.0042,0.3452,0.5,8.0836,2.5902,0.37,9.2302,3.5941,0.057
119.0,seguindo,normal,9.6087,3.5459,2.6609,3.0149,0.354,0.5,8.0722,2.5902,0.37,9.2302,3.5941,0.0506
119.05,seguindo,normal,9.5934,3.5541,2.6638,3.0371,0.3734,0.5,8.055,2.9372,0.37,9.1802,3.5975,0.041
119.1,seguindo,normal,9.5832,3.5596,2.6656,3.0479,0.3823,0.5,8.0435,2.9372,0.37,9.1802,3.5975,0.0346
119.15,seguindo,normal,9.5677,3.5678,2.6683,3.0651,0.3968,0.5,8.0263,2.9372,0.37,9.1802,3.5975,0.0255
119.2,seguindo,normal,9.5575,3.5732,2.67,3.0773,0.4073,0.5,8.0148,2.9372,0.37,9.1802,3.5975,0.0195
119.25,seguindo,normal,9.5444,3.5805,2.6785,3.091,0.4125,0.5,8.0001,3.1178,0.37,9.1302,3.6015,0.0114
119.3,seguindo,normal,9.5367,3.5852,2.6879,3.1015,0.4136,0.5,7.9913,3.1178,0.37,9.1302,3.6015,0.0063
119.351,seguindo,normal,9.525,3.5925,2.707,3.1187,0.4117,0.5,7.9779,3.1178,0.37,9.1302,3.6015,-0.0015
119.4,seguindo,normal,9.5174,3.5974,2.7228,3.1309,0.4081,0.5,7.9691,3.1178,0.37,9.1302,3.6015,-0.0067
119.45,seguindo,normal,9.5058,3.6049,2.7514,-3.1326,0.3992,0.5,7.9557,3.1178,0.37,9.1302,3.6015,-0.0145
119.5,seguindo,normal,9.498,3.6099,2.7728,-3.1325,0.3779,0.5,7.9468,3.2242,0.37,9.0801,3.6061,-0.0198
119.55,seguindo,normal,9.4863,3.6172,2.808,-3.1141,0.3611,0.5,7.9333,3.2242,0.37,9.0801,3.6061,-0.0275
119.6,seguindo,normal,9.4746,3.6243,2.8453,-3.0955,0.3424,0.5,7.9199,3.2242,0.37,9.0801,3.6061,-0.0348
119.65,seguindo,normal,9.4668,3.6287,2.8707,-3.0831,0.3294,0.5,7.9111,3.2242,0.37,9.0801,3.6061,-0.0394
119.703,seguindo,normal,9.4551,3.6349,2.9081,-3.0649,0.3102,0.5,7.898,3.2242,0.37,9.0801,3.6061,-0.0457
119.75,seguindo,normal,9.4472,3.6386,2.9315,-3.0763,0.2753,0.5,7.8781,3.4425,0.37,9.0429,3.6122,-0.0475
119.8,seguindo,normal,9.4392,3.642,2.9529,-3.0664,0.2639,0.5,7.8694,3.4425,0.37,9.0429,3.6122,-0.051
119.851,seguindo,normal,9.4267,3.6467,2.9833,-3.0518,0.2481,0.5,7.8561,3.4425,0.37,9.0429,3.6122,-0.0557
119.9,seguindo,normal,9.4184,3.6497,3.0035,-3.0421,0.2376,0.5,7.8472,3.4425,0.37,9.0429,3.6122,-0.0586
119.95,seguindo,normal,9.4056,3.6537,3.0336,-3.0513,0.1983,0.5,7.8339,4.0809,0.37,8.9928,3.6163,-0.0626
120.0,seguindo,normal,9.3971,3.6562,3.0536,-3.0433,0.1863,0.5,7.825,4.0809,0.37,8.9928,3.6163,-0.0651
120.05,seguindo,normal,9.3841,3.6596,3.0833,-3.0315,0.1684,0.5,7.8116,4.0809,0.37,8.9928,3.6163,-0.0683
120.1,seguindo,normal,9.371,3.6625,3.1129,-3.02,0.1503,0.5,7.7983,4.0809,0.37,8.9928,3.6163,-0.0711
120.15,seguindo,normal,9.3622,3.6643,3.1319,-3.0356,0.1156,0.5,7.7893,6.1251,0.37,8.9428,3.6197,-0.0726
120.2,seguindo,normal,9.3532,3.6658,-3.1325,-3.0296,0.1028,0.5,7.7803,6.1251,0.37,8.9428,3.6197,-0.074
120.25,seguindo,normal,9.3396,3.6677,-3.1051,-3.0211,0.0841,0.5,7.7669,6.1251,0.37,8.9428,3.6197,-0.0756
120.3,seguindo,normal,9.3257,3.6691,-3.0796,-3.0131,0.0664,0.5,7.7532,6.1251,0.37,8.9428,3.6197,-0.0766
120.35,seguindo,normal,9.3163,3.6698,-3.0634,-3.0288,0.0346,0.5,7.7441,22.3121,0.37,8.8928,3.6218,-0.077
120.4,seguindo,normal,9.3067,3.6702,-3.0481,-3.0252,0.0229,0.5,7.7349,22.3121,0.37,8.8928,3.6218,-0.0771
120.45,seguindo,normal,9.2922,3.6705,-3.0263,-3.0204,0.0059,0.5,7.721,22.3121,0.37,8.8928,3.6218,-0.0768
120.503,seguindo,normal,9.2773,3.6702,-3.0069,-3.0164,-0.0095,0.5,7.707,22.3121,0.37,8.8928,3.6218,-0.0758
120.55,seguindo,normal,9.2673,3.6698,-2.9947,-3.0307,-0.036,0.5,7.6977,10.0031,0.37,8.8428,3.6225,-0.0749
120.6,seguindo,normal,9.2572,3.6692,-2.9827,-3.0293,-0.0466,0.5,7.6883,10.0031,0.37,8.8428,3.6225,-0.0739
120.652,seguindo,normal,9.2407,3.6676,-2.9688,-3.0137,-0.0449,0.5,7.675,10.0031,0.37,8.8397,3.616,-0.076
120.701,seguindo,normal,9.2233,3.6653,-2.9586,-3.0138,-0.0552,0.5,7.6592,10.0031,0.37,8.8397,3.616,-0.0727
120.75,seguindo,normal,9.2115,3.6633,-2.9565,-3.0268,-0.0703,0.5,7.6487,3.9235,0.37,8.7897,3.6147,-0.0699
120.8,seguindo,normal,9.1998,3.6612,-2.9548,-3.0285,-0.0737,0.5,7.6382,3.9235,0.37,8.7897,3.6147,-0.0672
120.851,seguindo,normal,9.1822,3.6579,-2.9541,-3.0318,-0.0776,0.5,7.6226,3.9235,0.37,8.7897,3.6147,-0.0627
120.9,seguindo,normal,9.1705,3.6557,-2.9542,-3.0342,-0.08,0.5,7.6122,3.9235,0.37,8.7897,3.6147,-0.0596
120.95,seguindo,normal,9.1529,3.6524,-2.9542,-3.0421,-0.0879,0.5,7.5967,2.4623,0.37,8.7398,3.6112,-0.055
121.0,seguindo,normal,9.1412,3.6502,-2.9541,-3.0447,-0.0906,0.5,7.5864,2.4623,0.37,8.7398,3.6112,-0.0519
121.05,seguindo,normal,9.1238,3.6469,-2.9533,-3.0487,-0.0954,0.5,7.5709,2.4623,0.37,8.7398,3.6112,-0.0472
121.1,seguindo,normal,9.1122,3.6448,-2.9525,-3.0478,-0.0953,0.5,7.5607,1.8208,0.37,8.6898,3.6051,-0.0441
121.15,seguindo,normal,9.095,3.6417,-2.9504,-3.0515,-0.1011,0.5,7.5454,1.8208,0.37,8.6898,3.6051,-0.0395
121.2,seguindo,normal,9.0835,3.6396,-2.9487,-3.0542,-0.1055,0.5,7.5353,1.8208,0.37,8.6898,3.6051,-0.0365
121.25,seguindo,normal,9.0664,3.6364,-2.9457,-3.0465,-0.1008,0.5,7.5201,1.4496,0.37,8.6399,3.5958,-0.0319
121.3,seguindo,normal,9.055,3.6343,-2.9436,-3.0489,-0.1053,0.5,7.5101,1.4496,0.37,8.6399,3.5958,-0.0289
121.35,seguindo,normal,9.038,3.6312,-2.9405,-3.0529,-0.1124,0.5,7.495,1.4496,0.37,8.6399,3.5958,-0.0243
121.4,seguindo,normal,9.0266,3.629,-2.9385,-3.0559,-0.1174,0.5,7.485,1.4496,0.37,8.6399,3.5958,-0.0212
121.45,seguindo,normal,9.0095,3.6257,-2.9355,-3.0393,-0.1038,0.5,7.47,1.1927,0.37,8.59,3.5826,-0.0166
121.501,seguindo,normal,8.9925,3.6224,-2.9325,-3.0432,-0.1107,0.5,7.455,1.1927,0.37,8.59,3.5826,-0.0119
121.55,seguindo,normal,8.9811,3.6201,-2.9306,-3.0133,-0.0827,0.5,7.4498,1.1927,0.37,8.58,3.5684,-0.0238
121.6,seguindo,normal,8.9697,3.6178,-2.9288,-3.0154,-0.0867,0.5,7.4398,1.1927,0.37,8.58,3.5684,-0.0208
121.65,seguindo,normal,8.9526,3.6143,-2.926,-2.9923,-0.0664,0.5,7.4249,1.0001,0.37,8.5301,3.5508,-0.0163
121.701,seguindo,normal,8.9356,3.6108,-2.9232,-2.9947,-0.0715,0.5,7.41,1.0001,0.37,8.5301,3.5508,-0.0117
121.75,seguindo,normal,8.9242,3.6084,-2.9214,-2.9964,-0.075,0.5,7.4001,1.0001,0.37,8.5301,3.5508,-0.0088
121.8,seguindo,normal,8.9071,3.6048,-2.9186,-2.9993,-0.0807,0.5,7.3852,1.0001,0.37,8.5301,3.5508,-0.0045
121.852,seguindo,normal,8.8958,3.6023,-2.9169,-2.9653,-0.0484,0.5,7.3753,0.8577,0.37,8.4804,3.5284,-0.0016
121.9,seguindo,normal,8.8844,3.5999,-2.9152,-2.9664,-0.0512,0.5,7.3655,0.8577,0.37,8.4804,3.5284,0.0013
121.951,seguindo,normal,8.8673,3.5961,-2.9126,-2.9682,-0.0556,0.5,7.3507,0.8577,0.37,8.4804,3.5284,0.0053
122.0,seguindo,normal,8.856,3.5936,-2.9109,-2.9695,-0.0587,0.5,7.3409,0.8577,0.37,8.4804,3.5284,0.0079
122.05,seguindo,normal,8.839,3.5898,-2.9082,-2.9274,-0.0193,0.5,7.3262,0.7617,0.37,8.4306,3.501,0.0118
122.1,seguindo,normal,8.8276,3.5873,-2.9063,-2.9276,-0.0213,0.5,7.3164,0.7617,0.37,8.4306,3.501,0.0144
122.15,seguindo,normal,8.8106,3.5834,-2.9037,-2.9281,-0.0244,0.5,7.3018,0.7617,0.37,8.4306,3.501,0.0178
122.2,seguindo,normal,8.7993,3.5808,-2.9019,-2.8807,0.0212,0.5,7.292,0.7096,0.37,8.3809,3.4691,0.0201
122.25,seguindo,normal,8.7823,3.5768,-2.8993,-2.8793,0.02,0.5,7.2775,0.7096,0.37,8.3809,3.4691,0.0236
122.3,seguindo,normal,8.771,3.5742,-2.8975,-2.8784,0.0191,0.5,7.2678,0.7096,0.37,8.3809,3.4691,0.0255
122.351,seguindo,normal,8.754,3.5702,-2.8949,-2.8771,0.0178,0.5,7.2533,0.6953,0.37,8.3809,3.4691,0.0284
122.4,seguindo,normal,8.7427,3.5674,-2.8931,-2.8762,0.017,0.5,7.2436,0.6953,0.37,8.3809,3.4691,0.0303
122.451,seguindo,normal,8.7258,3.5634,-2.8905,-2.8748,0.0157,0.5,7.2292,0.6953,0.37,8.3809,3.4691,0.0328
122.501,seguindo,normal,8.7088,3.5592,-2.8878,-2.8198,0.0679,0.5,7.2148,0.7241,0.37,8.3313,3.4334,0.0349
122.55,seguindo,normal,8.6976,3.5564,-2.8859,-2.8072,0.0787,0.5,7.2036,0.7241,0.37,8.3285,3.4282,0.0277
122.6,seguindo,normal,8.6807,3.5522,-2.8832,-2.803,0.0802,0.5,7.1893,0.7241,0.37,8.3285,3.4282,0.0299
122.65,seguindo,normal,8.6694,3.5494,-2.8814,-2.8,0.0813,0.5,7.1798,0.7241,0.37,8.3285,3.4282,0.0307
122.7,seguindo,normal,8.6581,3.5465,-2.8796,-2.7507,0.1288,0.5,7.1704,0.8065,0.37,8.2785,3.3901,0.0316
122.75,seguindo,normal,8.6412,3.5422,-2.8768,-2.7445,0.1323,0.5,7.1562,0.8065,0.37,8.2785,3.3901,0.0329
122.8,seguindo,normal,8.6244,3.5378,-2.8741,-2.7379,0.1362,0.5,7.1421,0.8065,0.37,8.2785,3.3901,0.0335
122.85,seguindo,normal,8.6131,3.5349,-2.8723,-2.7332,0.1391,0.5,7.1327,0.8065,0.37,8.2785,3.3901,0.0336
122.9,seguindo,normal,8.6019,3.5319,-2.8705,-2.6889,0.1816,0.5,7.1234,0.9616,0.37,8.2285,3.3503,0.0337
122.95,seguindo,normal,8.5851,3.5275,-2.8677,-2.6805,0.1873,0.5,7.1094,0.9616,0.37,8.2285,3.3503,0.0336
123.0,seguindo,normal,8.5738,3.5245,-2.8659,-2.6745,0.1914,0.5,7.1001,0.9616,0.37,8.2285,3.3503,0.0328
123.05,seguindo,normal,8.557,3.5199,-2.8632,-2.6353,0.2278,0.5,7.0861,1.234,0.37,8.1785,3.31,0.0317
123.1,seguindo,normal,8.5458,3.5168,-2.8614,-2.6288,0.2326,0.5,7.0768,1.234,0.37,8.1785,3.31,0.031
123.15,seguindo,normal,8.529,3.5122,-2.8588,-2.6184,0.2404,0.5,7.063,1.234,0.37,8.1785,3.31,0.029
123.2,seguindo,normal,8.5122,3.5075,-2.8562,-2.5882,0.268,0.5,7.0491,1.741,0.37,8.1285,3.2704,0.0266
123.25,seguindo,normal,8.501,3.5044,-2.8545,-2.5809,0.2736,0.5,7.04,1.741,0.37,8.1285,3.2704,0.025
123.302,seguindo,normal,8.4842,3.4996,-2.8519,-2.5693,0.2826,0.5,7.0262,1.741,0.37,8.1285,3.2704,0.0222
123.35,seguindo,normal,8.473,3.4964,-2.85,-2.5611,0.2889,0.5,7.0171,1.741,0.37,8.1285,3.2704,0.0197
123.4,seguindo,normal,8.4619,3.4932,-2.8482,-2.5525,0.2957,0.5,7.0079,1.741,0.37,8.1285,3.2704,0.0173
123.45,seguindo,normal,8.4451,3.4884,-2.8454,-2.5388,0.3066,0.5,6.9943,2.9387,0.37,8.1285,3.2704,0.0136
123.5,seguindo,normal,8.434,3.4851,-2.8436,-2.5291,0.3145,0.5,6.9852,2.9387,0.37,8.1285,3.2704,0.0112
123.55,seguindo,normal,8.4172,3.4802,-2.8409,-2.5134,0.3274,0.5,6.9717,2.9387,0.37,8.1285,3.2704,0.0065
123.6,seguindo,normal,8.4061,3.4769,-2.8391,-2.5023,0.3368,0.5,6.9627,2.9387,0.37,8.1285,3.2704,0.0034
123.65,seguindo,normal,8.3894,3.4719,-2.8363,-2.4859,0.3504,0.5,6.9492,9.2659,0.37,8.0785,3.2327,-0.0013
123.701,seguindo,normal,8.3727,3.4668,-2.8335,-2.4695,0.364,0.5,6.9357,9.2659,0.37,8.0785,3.2327,-0.0061
123.752,seguindo,normal,8.3637,3.4646,-2.8259,-2.4825,0.3435,0.5,6.9432,9.2659,0.37,8.0586,3.2282,-0.004
123.8,seguindo,normal,8.3548,3.4624,-2.8166,-2.4725,0.3441,0.5,6.9358,9.2659,0.37,8.0586,3.2282,-0.0069
123.85,seguindo,normal,8.3411,3.4593,-2.7975,-2.4559,0.3415,0.5,6.9245,9.2659,0.37,8.0586,3.2282,-0.0122
123.9,seguindo,normal,8.332,3.4573,-2.7823,-2.4442,0.3382,0.5,6.9169,9.2659,0.37,8.0586,3.2282,-0.0158
123.95,seguindo,normal,8.3182,3.4543,-2.7543,-2.4418,0.3125,0.5,6.9053,8.4218,0.37,8.0084,3.1935,-0.0213
124.0,seguindo,normal,8.3089,3.4523,-2.7334,-2.4307,0.3026,0.5,6.8977,8.4218,0.37,8.0084,3.1935,-0.0249
124.05,seguindo,normal,8.2952,3.449,-2.7003,-2.4138,0.2866,0.5,6.8863,8.4218,0.37,8.0084,3.1935,-0.0301
124.1,seguindo,normal,8.2861,3.4467,-2.6776,-2.4024,0.2752,0.5,6.8789,8.4218,0.37,8.0084,3.1935,-0.0335
124.151,seguindo,normal,8.2728,3.4429,-2.6434,-2.3854,0.258,0.5,6.8682,8.4218,0.37,8.0084,3.1935,-0.0385
124.2,seguindo,normal,8.264,3.4401,-2.6212,-2.3743,0.2469,0.5,6.8613,8.4218,0.37,8.0084,3.1935,-0.0415
124.25,seguindo,normal,8.2512,3.4354,-2.5905,-2.4513,0.1392,0.5,6.8677,2.8842,0.37,7.9425,3.1805,-0.0276
124.3,seguindo,normal,8.2427,3.4318,-2.5724,-2.4446,0.1278,0.5,6.8615,2.8842,0.37,7.9425,3.1805,-0.0297
124.35,seguindo,normal,8.2301,3.4261,-2.5454,-2.4347,0.1107,0.5,6.8524,2.8842,0.37,7.9425,3.1805,-0.0325
124.4,seguindo,normal,8.2177,3.4202,-2.5184,-2.4251,0.0933,0.5,6.8437,2.8842,0.37,7.9425,3.1805,-0.0353
124.451,seguindo,normal,8.2095,3.4159,-2.5007,-2.4188,0.0819,0.5,6.838,2.8842,0.37,7.9425,3.1805,-0.0369
124.5,seguindo,normal,8.2013,3.4116,-2.483,-2.4126,0.0704,0.5,6.8324,2.8842,0.37,7.9425,3.1805,-0.0384
124.552,seguindo,normal,8.1891,3.4048,-2.4565,-2.4773,-0.0209,0.5,6.8242,1.7066,0.37,7.8416,3.1327,-0.0404
124.6,seguindo,normal,8.181,3.4,-2.439,-2.4744,-0.0354,0.5,6.8188,1.7066,0.37,7.8416,3.1327,-0.0415
124.65,seguindo,normal,8.1689,3.3926,-2.4127,-2.4704,-0.0577,0.5,6.811,1.7066,0.37,7.8416,3.1327,-0.043
124.7,seguindo,normal,8.1568,3.3849,-2.3867,-2.4667,-0.08,0.5,6.8033,1.7066,0.37,7.8416,3.1327,-0.0443
124.75,seguindo,normal,8.1485,3.3788,-2.3729,-2.4426,-0.0696,0.5,6.7976,1.7066,0.37,7.8409,3.1202,-0.0497
124.8,seguindo,normal,8.1403,3.3726,-2.3604,-2.4412,-0.0808,0.5,6.7928,1.7066,0.37,7.8409,3.1202,-0.0499
124.85,seguindo,normal,8.1274,3.3615,-2.3467,-2.4852,-0.1385,0.5,6.7857,1.1928,0.37,7.7907,3.1022,-0.0493
124.9,seguindo,normal,8.1186,3.3534,-2.3404,-2.4878,-0.1474,0.5,6.7811,1.1928,0.37,7.7907,3.1022,-0.0483
124.95,seguindo,normal,8.1059,3.3407,-2.3367,-2.4937,-0.157,0.5,6.7749,1.1928,0.37,7.7907,3.1022,-0.0462
125.0,seguindo,normal,8.0975,3.3321,-2.3362,-2.4984,-0.1622,0.5,6.771,1.1928,0.37,7.7907,3.1022,-0.0445
125.05,seguindo,normal,8.0851,3.3192,-2.3363,-2.5505,-0.2143,0.5,6.7653,0.9458,0.37,7.7406,3.088,-0.0419
125.1,seguindo,normal,8.0769,3.3106,-2.3365,-2.5569,-0.2204,0.5,6.7615,0.9458,0.37,7.7406,3.088,-0.0402
125.15,seguindo,normal,8.0645,3.2977,-2.3365,-2.567,-0.2305,0.5,6.7559,0.9458,0.37,7.7406,3.088,-0.0375
125.2,seguindo,normal,8.0521,3.2848,-2.3364,-2.578,-0.2416,0.5,6.7503,0.9458,0.37,7.7406,3.088,-0.0345
125.25,seguindo,normal,8.0439,3.2764,-2.3355,-2.6278,-0.2923,0.5,6.7466,0.8386,0.37,7.6905,3.0769,-0.0326
125.3,seguindo,normal,8.0357,3.268,-2.3346,-2.6362,-0.3016,0.5,6.7429,0.8386,0.37,7.6905,3.0769,-0.0307
125.35,seguindo,normal,8.0235,3.2555,-2.3321,-2.6494,-0.3173,0.5,6.7373,0.8386,0.37,7.6905,3.0769,-0.0278
125.4,seguindo,normal,8.0154,3.2472,-2.3302,-2.6589,-0.3287,0.5,6.7337,0.8386,0.37,7.6905,3.0769,-0.0256
125.45,seguindo,normal,8.0033,3.2347,-2.3272,-2.7114,-0.3843,0.5,6.7283,0.8211,0.37,7.6404,3.0682,-0.0222
125.5,seguindo,normal,7.9912,3.2223,-2.324,-2.7279,-0.4038,0.5,6.723,0.8211,0.37,7.6404,3.0682,-0.0187
125.552,seguindo,normal,7.9832,3.2139,-2.322,-2.7397,-0.4177,0.5,6.7195,0.8211,0.37,7.6404,3.0682,-0.0164
125.6,seguindo,normal,7.9751,3.2056,-2.3199,-2.7523,-0.4324,0.5,6.7161,0.8211,0.37,7.6404,3.0682,-0.0134
125.65,seguindo,normal,7.9632,3.193,-2.3168,-2.7727,-0.4559,0.5,6.711,0.8211,0.37,7.6404,3.0682,-0.009
125.7,seguindo,normal,7.9552,3.1846,-2.3148,-2.8382,-0.5234,0.5,6.7076,0.8882,0.37,7.5403,3.0547,-0.006
125.75,seguindo,normal,7.9431,3.1713,-2.3167,-2.8599,-0.5433,0.5,6.7029,0.8882,0.37,7.5403,3.0547,-0.0009
125.8,seguindo,normal,7.935,3.1621,-2.3198,-2.8759,-0.5561,0.5,6.6998,0.8882,0.37,7.5403,3.0547,0.0032
125.85,seguindo,normal,7.9231,3.1482,-2.3295,-2.9019,-0.5724,0.5,6.6955,0.8882,0.37,7.5403,3.0547,0.0098
125.9,seguindo,normal,7.9152,3.139,-2.3378,-2.9316,-0.5938,0.5,6.6927,1.0664,0.37,7.4902,3.0485,0.0143
125.95,seguindo,normal,7.9037,3.1253,-2.3551,-2.9652,-0.6101,0.5,6.7088,1.0664,0.37,7.4648,3.0471,0.0286
126.001,seguindo,normal,7.8922,3.1117,-2.3751,-2.9915,-0.6163,0.5,6.705,1.0664,0.37,7.4648,3.0471,0.0353
126.056,seguindo,normal,7.8847,3.1026,-2.3935,-3.0101,-0.6166,0.5,6.7027,1.0664,0.37,7.4648,3.0471,0.04
126.1,seguindo,normal,7.8771,3.0936,-2.412,-3.0292,-0.6171,0.5,6.7002,1.0664,0.37,7.4648,3.0471,0.0451
126.15,seguindo,normal,7.8659,3.0803,-2.4448,-3.0589,-0.614,0.5,6.6965,1.0664,0.37,7.4648,3.0471,0.0528
126.2,seguindo,normal,7.8583,3.0716,-2.4686,-3.0726,-0.604,0.5,6.6939,1.4483,0.37,7.4147,3.041,0.0577
126.251,seguindo,normal,7.8466,3.0589,-2.5047,-3.1,-0.5953,0.5,6.6897,1.4483,0.37,7.4147,3.041,0.0647
126.3,seguindo,normal,7.8386,3.0507,-2.529,-3.1185,-0.5895,0.5,6.6866,1.4483,0.37,7.4147,3.041,0.0692
126.351,seguindo,normal,7.8265,3.0388,-2.5667,3.1364,-0.58,0.5,6.6817,1.4483,0.37,7.4147,3.041,0.0765
126.4,seguindo,normal,7.8183,3.0312,-2.5923,3.1173,-0.5735,0.5,6.6781,1.4483,0.37,7.4147,3.041,0.081
126.45,seguindo,normal,7.8057,3.0201,-2.632,3.1076,-0.5436,0.5,6.6676,2.3133,0.37,7.37,3.0349,0.0852
126.5,seguindo,normal,7.7972,3.013,-2.6588,3.0903,-0.534,0.5,6.6636,2.3133,0.37,7.37,3.0349,0.0891
126.551,seguindo,normal,7.7841,3.0027,-2.6995,3.0641,-0.5196,0.5,6.6572,2.3133,0.37,7.37,3.0349,0.0955
126.6,seguindo,normal,7.7707,2.9931,-2.7403,3.0642,-0.4787,0.5,6.6502,4.9177,0.37,7.3199,3.028,0.1013
126.65,seguindo,normal,7.7615,2.9869,-2.7677,3.0488,-0.4666,0.5,6.6453,4.9177,0.37,7.3199,3.028,0.1048
126.7,seguindo,normal,7.7523,2.981,-2.7952,3.0333,-0.4546,0.5,6.6401,4.9177,0.37,7.3199,3.028,0.1081
126.75,seguindo,normal,7.738,2.9727,-2.8365,3.0172,-0.4296,0.5,6.6328,4.9177,0.37,7.3165,3.0254,0.1093
126.8,seguindo,normal,7.7283,2.9674,-2.864,3.0018,-0.4175,0.5,6.627,4.9177,0.37,7.3165,3.0254,0.1125
126.85,seguindo,normal,7.7135,2.96,-2.905,3.0118,-0.3664,0.5,6.6179,32.937,0.37,7.2663,3.0184,0.1167
126.9,seguindo,normal,7.7035,2.9555,-2.9322,2.9986,-0.3524,0.5,6.6115,32.937,0.37,7.2663,3.0184,0.1191
126.95,seguindo,normal,7.688,2.9492,-2.9723,2.9789,-0.332,0.5,6.6013,32.937,0.37,7.2663,3.0184,0.1223
127.0,seguindo,normal,7.6775,2.9454,-2.9984,2.9658,-0.319,0.5,6.5941,32.937,0.37,7.2663,3.0184,0.1244
127.052,seguindo,normal,7.6614,2.9402,-3.0368,2.9809,-0.2655,0.5,6.5697,13.3616,0.37,7.2315,3.0099,0.1252
127.101,seguindo,normal,7.6449,2.9357,-3.074,2.9641,-0.2451,0.5,6.5577,13.3616,0.37,7.2315,3.0099,0.1272
127.15,seguindo,normal,7.6337,2.9331,-3.0981,2.953,-0.2321,0.5,6.5494,13.3616,0.37,7.2315,3.0099,0.1282
127.2,seguindo,normal,7.6224,2.9308,-3.1218,2.9802,-0.1812,0.5,6.5408,8.735,0.37,7.1814,3.0026,0.129
127.25,seguindo,normal,7.6053,2.928,3.1266,2.9672,-0.1594,0.5,6.5275,8.735,0.37,7.1814,3.0026,0.1296
127.3,seguindo,normal,7.5936,2.9264,3.1042,2.9588,-0.1454,0.5,6.5183,8.735,0.37,7.1814,3.0026,0.1296
127.35,seguindo,normal,7.576,2.9247,3.0714,2.9466,-0.1248,0.5,6.504,8.735,0.37,7.1814,3.0026,0.1292
127.4,seguindo,normal,7.564,2.924,3.0511,2.9775,-0.0737,0.5,6.494,9.8683,0.37,7.1313,2.9957,0.1285
127.451,seguindo,normal,7.5458,2.9235,3.0218,2.9833,-0.0385,0.5,6.4787,9.8683,0.37,7.1278,2.9903,0.1213
127.5,seguindo,normal,7.5336,2.9236,3.0029,2.9787,-0.0242,0.5,6.4682,9.8683,0.37,7.1278,2.9903,0.1199
127.551,seguindo,normal,7.5151,2.9241,2.9755,3.0058,0.0302,0.5,6.452,19.0417,0.37,7.0777,2.9839,0.1172
127.6,seguindo,normal,7.5026,2.925,2.959,3.0038,0.0447,0.5,6.4409,19.0417,0.37,7.0777,2.9839,0.115
127.65,seguindo,normal,7.4835,2.9268,2.9356,3.0017,0.0661,0.5,6.4236,19.0417,0.37,7.0777,2.9839,0.111
127.7,seguindo,normal,7.4708,2.9283,2.9206,3.001,0.0804,0.5,6.412,19.0417,0.37,7.0777,2.9839,0.108
127.75,seguindo,normal,7.4515,2.9311,2.8999,3.0304,0.1305,0.5,6.394,57.8983,0.37,7.0275,2.9784,0.1029
127.8,seguindo,normal,7.432,2.9345,2.8808,3.0334,0.1526,0.5,6.3756,57.8983,0.37,7.0275,2.9784,0.0972
127.85,seguindo,normal,7.4206,2.9369,2.8725,3.0362,0.1638,0.5,6.3646,57.8983,0.37,7.0275,2.9784,0.0934
127.9,seguindo,normal,7.4092,2.9393,2.8639,3.0616,0.1977,0.5,6.3536,10.1519,0.37,6.9774,2.9739,0.0895
127.95,seguindo,normal,7.3925,2.9436,2.8578,3.0688,0.211,0.5,6.3371,10.1519,0.37,6.9774,2.9739,0.0831
128.0,seguindo,normal,7.3814,2.9468,2.8563,3.0745,0.2181,0.5,6.326,10.1519,0.37,6.9774,2.9739,0.0785
128.051,seguindo,normal,7.3649,2.9518,2.8586,3.0845,0.2259,0.5,6.3093,10.1519,0.37,6.9774,2.9739,0.0713
128.1,seguindo,normal,7.3539,2.9552,2.8621,3.1059,0.2438,0.5,6.2981,5.4266,0.37,6.9274,2.9705,0.0664
128.15,seguindo,normal,7.3375,2.9604,2.8677,3.117,0.2493,0.5,6.2814,5.4266,0.37,6.9274,2.9705,0.0591
128.2,seguindo,normal,7.321,2.9655,2.8735,3.1288,0.2553,0.5,6.2648,5.4266,0.37,6.9274,2.9705,0.0517
128.251,seguindo,normal,7.31,2.9688,2.8771,3.1371,0.26,0.5,6.2537,5.4266,0.37,6.9274,2.9705,0.0469
128.3,seguindo,normal,7.2991,2.972,2.8802,-3.1324,0.2706,0.5,6.2427,3.7602,0.37,6.8773,2.9681,0.0422
128.35,seguindo,normal,7.2824,2.9767,2.8835,-3.1204,0.2793,0.5,6.226,3.7602,0.37,6.8773,2.9681,0.0351
128.4,seguindo,normal,7.2712,2.9798,2.8853,-3.1119,0.286,0.5,6.2148,3.7602,0.37,6.8773,2.9681,0.0305
128.45,seguindo,normal,7.2543,2.9844,2.8879,-3.0999,0.2954,0.5,6.1981,3.0176,0.37,6.8273,2.9666,0.0235
128.5,seguindo,normal,7.2431,2.9874,2.8895,-3.0915,0.3022,0.5,6.187,3.0176,0.37,6.8273,2.9666,0.0189
128.55,seguindo,normal,7.2262,2.992,2.892,-3.078,0.3131,0.5,6.1702,3.0176,0.37,6.8273,2.9666,0.012
128.6,seguindo,normal,7.2094,2.9965,2.8946,-3.0635,0.325,0.5,6.1536,3.0176,0.37,6.8273,2.9666,0.0051
128.65,seguindo,normal,7.1981,2.9994,2.8963,-3.0603,0.3266,0.5,6.1502,3.0176,0.37,6.8177,2.9684,0.0016
128.701,seguindo,normal,7.1812,3.0038,2.8989,-3.0549,0.3294,0.5,6.1336,2.7111,0.37,6.7677,2.9679,-0.0051
128.751,seguindo,normal,7.17,3.0068,2.9006,-3.0453,0.3373,0.5,6.1225,2.7111,0.37,6.7677,2.9679,-0.0095
128.8,seguindo,normal,7.1587,3.0097,2.9024,-3.0352,0.3456,0.5,6.1114,2.7111,0.37,6.7677,2.9679,-0.0139
128.85,seguindo,normal,7.1442,3.0139,2.9108,-3.0201,0.3523,0.5,6.0969,2.7111,0.37,6.7677,2.9679,-0.0199
128.9,seguindo,normal,7.1354,3.0167,2.9202,-3.0255,0.3375,0.5,6.088,2.684,0.37,6.7177,2.9679,-0.0238
128.95,seguindo,normal,7.1222,3.0211,2.9392,-3.0109,0.333,0.5,6.0745,2.684,0.37,6.7177,2.9679,-0.03
129.0,seguindo,normal,7.1134,3.0241,2.9545,-3.0006,0.3281,0.5,6.0655,2.684,0.37,6.7177,2.9679,-0.0341
129.05,seguindo,normal,7.1002,3.0288,2.9827,-2.9839,0.3166,0.5,6.0518,2.684,0.37,6.7177,2.9679,-0.0403
129.1,seguindo,normal,7.0913,3.0318,3.0037,-2.9722,0.3073,0.5,6.0426,2.684,0.37,6.7177,2.9679,-0.0444
129.15,seguindo,normal,7.0779,3.0362,3.0371,-2.9777,0.2684,0.5,6.029,2.8944,0.37,6.6677,2.9684,-0.0503
129.2,seguindo,normal,7.069,3.0389,3.0602,-2.9676,0.2555,0.5,6.02,2.8944,0.37,6.6677,2.9684,-0.0541
129.25,seguindo,normal,7.0556,3.0426,3.0949,-2.9525,0.2358,0.5,6.0068,2.8944,0.37,6.6677,2.9684,-0.0593
129.3,seguindo,normal,7.0468,3.0448,3.1175,-2.9427,0.223,0.5,5.9982,2.8944,0.37,6.6677,2.9684,-0.0623
129.35,seguindo,normal,7.0335,3.0475,-3.134,-2.9549,0.179,0.5,5.9762,3.3616,0.37,6.6295,2.9712,-0.0664
129.4,seguindo,normal,7.0245,3.0489,-3.1152,-2.9474,0.1678,0.5,5.9679,3.3616,0.37,6.6295,2.9712,-0.0687
129.451,seguindo,normal,7.0107,3.0505,-3.0886,-2.9365,0.152,0.5,5.9555,3.3616,0.37,6.6295,2.9712,-0.0714
129.5,seguindo,normal,6.9969,3.0517,-3.062,-2.9533,0.1087,0.5,5.9432,4.1604,0.37,6.5795,2.9722,-0.0738
129.55,seguindo,normal,6.9877,3.0524,-3.0444,-2.9477,0.0968,0.5,5.9352,4.1604,0.37,6.5795,2.9722,-0.0752
129.601,seguindo,normal,6.9739,3.053,-3.0181,-2.9395,0.0786,0.5,5.9232,4.1604,0.37,6.5795,2.9722,-0.0769
129.651,seguindo,normal,6.9645,3.0531,-3.0014,-2.9344,0.067,0.5,5.9153,4.1604,0.37,6.5795,2.9722,-0.0776
129.7,seguindo,normal,6.955,3.053,-2.9853,-2.9296,0.0558,0.5,5.9074,4.1604,0.37,6.5795,2.9722,-0.0781
129.751,seguindo,normal,6.9407,3.0525,-2.962,-3.0784,-0.1164,0.5,5.8957,5.8069,1.0,5.9297,2.9885,-0.0785
129.8,seguindo,normal,6.9311,3.052,-2.947,-3.0783,-0.1313,0.5,5.888,5.8069,1.0,5.9297,2.9885,-0.0785
129.851,seguindo,normal,6.9166,3.0507,-2.9258,-3.0787,-0.1529,0.5,5.8766,5.8069,1.0,5.9297,2.9885,-0.0779
129.9,seguindo,normal,6.9067,3.0495,-2.9132,-3.0793,-0.1661,0.5,5.869,5.8069,1.0,5.9297,2.9885,-0.0771
129.951,seguindo,normal,6.8916,3.0473,-2.896,-3.0793,-0.1833,0.5,5.8483,7.995,1.0,5.8906,2.9849,-0.0768
130.0,seguindo,normal,6.8814,3.0456,-2.8859,-3.0804,-0.1946,0.5,5.8408,7.995,1.0,5.8906,2.9849,-0.0754
130.05,seguindo,normal,6.8648,3.042,-2.8745,-3.083,-0.2085,0.5,5.8289,7.995,1.0,5.8906,2.9849,-0.0723
130.1,seguindo,normal,6.8532,3.0393,-2.869,-3.0886,-0.2196,0.5,5.8207,11.4354,1.0,5.8406,2.9856,-0.0698
130.15,seguindo,normal,6.8359,3.0347,-2.866,-3.0923,-0.2263,0.5,5.809,11.4354,1.0,5.8406,2.9856,-0.0656
130.2,seguindo,normal,6.8244,3.0314,-2.8661,-3.095,-0.2289,0.5,5.8013,11.4354,1.0,5.8406,2.9856,-0.0625
130.25,seguindo,normal,6.8072,3.0266,-2.8661,-3.1016,-0.2355,0.5,5.7897,16.9073,1.0,5.7906,2.9859,-0.0579
130.301,seguindo,normal,6.79,3.0217,-2.8661,-3.1058,-0.2397,0.5,5.7782,16.9073,1.0,5.7906,2.9859,-0.0532
130.35,seguindo,normal,6.7786,3.0185,-2.8658,-3.1086,-0.2428,0.5,5.7706,16.9073,1.0,5.7906,2.9859,-0.05
130.401,seguindo,normal,6.7615,3.0137,-2.8654,-3.1143,-0.2489,0.5,5.7592,16.8209,1.0,5.7406,2.9858,-0.0452
130.452,seguindo,normal,6.7501,3.0105,-2.8645,-3.1171,-0.2526,0.5,5.7517,16.8209,1.0,5.7406,2.9858,-0.0421
130.5,seguindo,normal,6.7332,3.0058,-2.8631,-3.1215,-0.2584,0.5,5.7404,16.8209,1.0,5.7406,2.9858,-0.0373
130.55,seguindo,normal,6.7219,3.0028,-2.8613,-3.1244,-0.263,0.5,5.7329,16.8209,1.0,5.7406,2.9858,-0.0342
130.6,seguindo,normal,6.7107,2.9997,-2.8595,-3.1272,-0.2677,0.5,5.7255,10.5384,1.0,5.6906,2.985,-0.031
130.652,seguindo,normal,6.694,2.995,-2.8566,-3.1316,-0.275,0.5,5.7144,10.5384,1.0,5.6906,2.985,-0.0263
130.7,seguindo,normal,6.6828,2.9919,-2.8546,-3.1346,-0.2801,0.5,5.707,10.5384,1.0,5.6906,2.985,-0.023
130.75,seguindo,normal,6.6661,2.9872,-2.8514,-3.1393,-0.2879,0.5,5.6961,10.5384,1.0,5.6906,2.985,-0.0181
130.8,seguindo,normal,6.6549,2.9841,-2.8493,-3.1407,-0.2913,0.5,5.6888,6.7507,1.0,5.6405,2.9832,-0.0148
130.851,seguindo,normal,6.6382,2.9793,-2.8463,3.1377,-0.2992,0.5,5.678,6.7507,1.0,5.6405,2.9832,-0.0098
130.9,seguindo,normal,6.6271,2.976,-2.8443,3.1344,-0.3045,0.5,5.6708,6.7507,1.0,5.6405,2.9832,-0.0064
130.95,seguindo,normal,6.6104,2.9711,-2.8414,3.1332,-0.3086,0.5,5.66,4.4336,1.0,5.5904,2.9797,-0.0013
131.0,seguindo,normal,6.5993,2.9679,-2.8396,3.1298,-0.3138,0.5,5.6529,4.4336,1.0,5.5904,2.9797,0.0022
131.05,seguindo,normal,6.5826,2.9629,-2.8367,3.1246,-0.3219,0.5,5.6423,4.4336,1.0,5.5904,2.9797,0.0075
131.1,seguindo,normal,6.5715,2.9595,-2.8349,3.121,-0.3273,0.5,5.6353,4.4336,1.0,5.5904,2.9797,0.011
131.15,seguindo,normal,6.5543,2.9539,-2.837,3.1216,-0.3246,0.5,5.6247,2.9969,1.0,5.5403,2.9742,0.017
131.2,seguindo,normal,6.5367,2.948,-2.842,3.1153,-0.3259,0.5,5.6141,2.9969,1.0,5.5403,2.9742,0.0232
131.25,seguindo,normal,6.5252,2.9438,-2.8503,3.1107,-0.3222,0.5,5.6073,2.9969,1.0,5.5403,2.9742,0.0277
131.3,seguindo,normal,6.5136,2.9396,-2.8587,3.0443,-0.3802,0.5,5.6004,382.1779,0.37,6.0906,2.981,0.032
131.35,seguindo,normal,6.4963,2.9333,-2.8763,3.0419,-0.3649,0.5,5.5762,382.1779,0.37,6.1021,2.9727,0.0308
131.4,seguindo,normal,6.4848,2.9291,-2.8898,3.0281,-0.3652,0.5,5.5695,382.1779,0.37,6.1021,2.9727,0.0353
131.45,seguindo,normal,6.4675,2.9228,-2.9151,3.0194,-0.3487,0.5,5.5594,8976.8294,0.37,6.0522,2.9738,0.042
131.5,seguindo,normal,6.456,2.9186,-2.9337,3.0059,-0.3436,0.5,5.5527,8976.8294,0.37,6.0522,2.9738,0.0463
131.55,seguindo,normal,6.4385,2.9129,-2.9616,2.9853,-0.3363,0.5,5.5422,8976.8294,0.37,6.0522,2.9738,0.0524
131.6,seguindo,normal,6.4209,2.9076,-2.9896,2.9825,-0.3111,0.5,5.5314,410.2668,0.37,6.0022,2.9748,0.0581
131.65,seguindo,normal,6.409,2.9044,-3.0079,2.9703,-0.3051,0.5,5.5239,410.2668,0.37,6.0022,2.9748,0.0616
131.7,seguindo,normal,6.391,2.9,-3.0351,2.9515,-0.2965,0.5,5.5124,410.2668,0.37,6.0022,2.9748,0.0664
131.75,seguindo,normal,6.3792,2.8972,-3.0547,2.9387,-0.2898,0.5,5.5047,410.2668,0.37,6.0022,2.9748,0.0694
131.8,seguindo,normal,6.3673,2.8947,-3.0742,2.9488,-0.2601,0.5,5.4968,174.4326,0.37,5.9522,2.9757,0.0721
131.85,seguindo,normal,6.3494,2.8914,-3.1031,2.9324,-0.2477,0.5,5.4847,174.4326,0.37,5.9522,2.9757,0.0759
131.901,seguindo,normal,6.3313,2.8886,-3.1318,2.9157,-0.2357,0.5,5.4722,174.4326,0.37,5.9522,2.9757,0.079
131.951,seguindo,normal,6.3191,2.8871,3.1327,2.9302,-0.2026,0.5,5.4635,93.7692,0.37,5.9022,2.9766,0.0808
132.0,seguindo,normal,6.3069,2.8858,3.1142,2.9209,-0.1932,0.5,5.4547,93.7692,0.37,5.9022,2.9766,0.0824
132.051,seguindo,normal,6.2885,2.8843,3.0869,2.892,-0.1949,0.5,5.4419,93.7692,0.37,5.9057,2.9819,0.09
132.1,seguindo,normal,6.2761,2.8837,3.069,2.9107,-0.1583,0.5,5.4326,54.109,0.37,5.8557,2.9825,0.0909
132.153,seguindo,normal,6.2575,2.8831,3.0426,2.899,-0.1435,0.5,5.4184,54.109,0.37,5.8557,2.9825,0.0919
132.2,seguindo,normal,6.245,2.883,3.0252,2.8914,-0.1338,0.5,5.4088,54.109,0.37,5.8557,2.9825,0.0922
132.25,seguindo,normal,6.2292,2.8831,3.0018,2.8815,-0.1204,0.5,5.3964,54.109,0.37,5.8557,2.9825,0.0925
132.3,seguindo,normal,6.22,2.8832,2.9862,2.9056,-0.0806,0.5,5.3891,32.256,0.37,5.8057,2.9828,0.0926
132.35,seguindo,normal,6.2035,2.8839,2.9598,2.8978,-0.0619,0.5,5.3758,32.256,0.37,5.8057,2.9828,0.0922
132.4,seguindo,normal,6.1912,2.8849,2.9434,2.8928,-0.0506,0.5,5.3657,32.256,0.37,5.8057,2.9828,0.0915
132.45,seguindo,normal,6.1724,2.887,2.9204,2.9159,-0.0045,0.5,5.3498,19.6613,0.37,5.7557,2.9827,0.0898
132.5,seguindo,normal,6.1597,2.8886,2.9052,2.913,0.0078,0.5,5.3389,19.6613,0.37,5.7557,2.9827,0.0884
132.55,seguindo,normal,6.1405,2.8917,2.8842,2.9278,0.0437,0.5,5.3113,19.6613,0.37,5.7616,2.974,0.0757
132.6,seguindo,normal,6.1276,2.8941,2.871,2.9534,0.0824,0.5,5.2998,12.231,0.37,5.7116,2.9733,0.0736
132.65,seguindo,normal,6.1082,2.898,2.8518,2.954,0.1022,0.5,5.2824,12.231,0.37,5.7116,2.9733,0.0702
132.7,seguindo,normal,6.0954,2.9009,2.8394,2.9551,0.1157,0.5,5.2707,12.231,0.37,5.7116,2.9733,0.0676
132.751,seguindo,normal,6.0774,2.9054,2.825,2.9838,0.1587,0.5,5.2541,7.7738,0.37,5.6615,2.9716,0.0636
132.8,seguindo,normal,6.0661,2.9084,2.8166,2.9868,0.1702,0.5,5.2434,7.7738,0.37,5.6615,2.9716,0.0608
132.85,seguindo,normal,6.0493,2.9136,2.8109,2.9933,0.1824,0.5,5.2272,7.7738,0.37,5.6615,2.9716,0.056
132.9,seguindo,normal,6.0383,2.9173,2.8098,2.9986,0.1888,0.5,5.2164,7.7738,0.37,5.6615,2.9716,0.0526
132.952,seguindo,normal,6.0221,2.9231,2.8126,3.0321,0.2195,0.5,5.2003,5.0608,0.37,5.6114,2.9683,0.0471
133.0,seguindo,normal,6.0114,2.9271,2.8165,3.039,0.2225,0.5,5.1895,5.0608,0.37,5.6114,2.9683,0.0434
133.05,seguindo,normal,5.9952,2.933,2.8226,3.0499,0.2274,0.5,5.1733,5.0608,0.37,5.6114,2.9683,0.0379
133.1,seguindo,normal,5.9845,2.9369,2.8267,3.0803,0.2535,0.5,5.1626,3.3867,0.37,5.5613,2.9629,0.0342
133.15,seguindo,normal,5.9682,2.9426,2.8323,3.0918,0.2595,0.5,5.1465,3.3867,0.37,5.5613,2.9629,0.0289
133.2,seguindo,normal,5.9574,2.9463,2.8354,3.0998,0.2644,0.5,5.1359,3.3867,0.37,5.5613,2.9629,0.0254
133.25,seguindo,normal,5.941,2.9518,2.839,3.1124,0.2734,0.5,5.1198,3.3867,0.37,5.5613,2.9629,0.0202
133.3,seguindo,normal,5.93,2.9554,2.8409,-3.1399,0.3024,0.5,5.1091,2.3408,0.37,5.511,2.9547,0.0169
133.35,seguindo,normal,5.9134,2.9607,2.8438,-3.1265,0.3129,0.5,5.093,2.3408,0.37,5.511,2.9547,0.0118
133.4,seguindo,normal,5.9023,2.9643,2.8456,-3.117,0.3206,0.5,5.0823,2.3408,0.37,5.511,2.9547,0.0085
133.451,seguindo,normal,5.8857,2.9696,2.8482,-3.0789,0.3561,0.5,5.0663,1.6811,0.37,5.4607,2.9429,0.0035
133.5,seguindo,normal,5.8746,2.9731,2.8499,-3.0688,0.3645,0.5,5.0556,1.6811,0.37,5.4607,2.9429,0.0002
133.551,seguindo,normal,5.8579,2.9782,2.8524,-3.0528,0.378,0.5,5.0395,1.6811,0.37,5.4607,2.9429,-0.0048
133.6,seguindo,normal,5.8468,2.9817,2.854,-3.0414,0.3877,0.5,5.0289,1.6811,0.37,5.4607,2.9429,-0.0081
133.65,seguindo,normal,5.8301,2.9868,2.8565,-2.9997,0.4269,0.5,5.0129,1.2638,0.37,5.4103,2.9269,-0.0131
133.7,seguindo,normal,5.819,2.9902,2.8582,-2.9878,0.4372,0.5,5.0023,1.2638,0.37,5.4103,2.9269,-0.0163
133.752,seguindo,normal,5.8047,2.995,2.8666,-2.9338,0.4828,0.5,4.9824,1.2638,0.37,5.4072,2.9112,-0.0343
133.8,seguindo,normal,5.7962,2.9982,2.876,-2.9217,0.4855,0.5,4.9739,1.2638,0.37,5.4072,2.9112,-0.0375
133.85,seguindo,normal,5.7833,3.0031,2.8949,-2.9019,0.4864,0.5,4.9609,1.2638,0.37,5.4072,2.9112,-0.0425
133.903,seguindo,normal,5.7705,3.0082,2.9181,-2.8638,0.5013,0.5,4.9479,1.0024,0.37,5.3568,2.8902,-0.0476
133.95,seguindo,normal,5.7619,3.0117,2.9382,-2.8502,0.4948,0.5,4.9391,1.0024,0.37,5.3568,2.8902,-0.0512
134.0,seguindo,normal,5.7534,3.0151,2.9592,-2.8364,0.4876,0.5,4.9304,1.0024,0.37,5.3568,2.8902,-0.0547
134.05,seguindo,normal,5.7404,3.0201,2.9937,-2.815,0.4745,0.5,4.9173,1.0024,0.37,5.3568,2.8902,-0.06
134.1,seguindo,normal,5.7318,3.0233,3.018,-2.7841,0.4811,0.5,4.9087,0.8451,0.37,5.3063,2.8644,-0.0634
134.15,seguindo,normal,5.7189,3.0277,3.0547,-2.7647,0.4638,0.5,4.896,0.8451,0.37,5.3063,2.8644,-0.068
134.201,seguindo,normal,5.706,3.0315,3.0904,-2.7455,0.4473,0.5,4.8838,0.8451,0.37,5.3063,2.8644,-0.072
134.25,seguindo,normal,5.6975,3.0337,3.1133,-2.7331,0.4368,0.5,4.876,0.8451,0.37,5.3063,2.8644,-0.0746
134.3,seguindo,normal,5.6891,3.0357,3.1354,-2.7208,0.427,0.5,4.8683,0.8451,0.37,5.3063,2.8644,-0.0769
134.352,seguindo,normal,5.6766,3.0383,-3.1134,-2.69,0.4235,0.5,4.8572,0.7617,0.37,5.2557,2.8342,-0.0801
134.4,seguindo,normal,5.6683,3.0399,-3.0901,-2.679,0.4111,0.5,4.8499,0.7617,0.37,5.2557,2.8342,-0.082
134.45,seguindo,normal,5.6559,3.0419,-3.0546,-2.6783,0.3763,0.5,4.8484,0.7617,0.37,5.2417,2.8351,-0.0849
134.5,seguindo,normal,5.6476,3.0431,-3.0308,-2.668,0.3628,0.5,4.8415,0.7617,0.37,5.2417,2.8351,-0.0863
134.55,seguindo,normal,5.6351,3.0445,-2.9945,-2.6525,0.342,0.5,4.8313,0.7617,0.37,5.2417,2.8351,-0.0883
134.6,seguindo,normal,5.6269,3.0451,-2.9702,-2.6423,0.3279,0.5,4.8246,0.7617,0.37,5.2417,2.8351,-0.0895
134.653,seguindo,normal,5.6144,3.0457,-2.9341,-2.627,0.307,0.5,4.8149,0.7617,0.37,5.2417,2.8351,-0.091
134.701,seguindo,normal,5.606,3.0459,-2.9102,-2.617,0.2932,0.5,4.8086,0.7311,0.37,5.2417,2.8351,-0.0916
134.75,seguindo,normal,5.5933,3.0456,-2.8753,-2.6021,0.2732,0.5,4.7993,0.7311,0.37,5.2417,2.8351,-0.0922
134.801,seguindo,normal,5.5805,3.0447,-2.8414,-2.5874,0.254,0.5,4.7904,0.7311,0.37,5.2417,2.8351,-0.0925
134.851,seguindo,normal,5.5719,3.0438,-2.8195,-2.6199,0.1995,0.5,4.7998,0.7311,0.37,5.2301,2.8474,-0.0807
134.9,seguindo,normal,5.5633,3.0428,-2.7978,-2.6113,0.1864,0.5,4.7942,0.7311,0.37,5.2301,2.8474,-0.0805
134.95,seguindo,normal,5.5504,3.0406,-2.7662,-2.5987,0.1675,0.5,4.786,0.7311,0.37,5.2301,2.8474,-0.0797
135.001,seguindo,normal,5.5373,3.0379,-2.7363,-2.5829,0.1534,0.5,4.7783,0.7534,0.37,5.1791,2.814,-0.0783
135.051,seguindo,normal,5.5285,3.0357,-2.7172,-2.5761,0.1412,0.5,4.7733,0.7534,0.37,5.1791,2.814,-0.0771
135.1,seguindo,normal,5.5198,3.0333,-2.6985,-2.5694,0.129,0.5,4.7685,0.7534,0.37,5.1791,2.814,-0.0759
135.15,seguindo,normal,5.5066,3.0294,-2.6711,-2.5598,0.1113,0.5,4.7616,0.7534,0.37,5.1791,2.814,-0.074
135.2,seguindo,normal,5.4978,3.0264,-2.6535,-2.5536,0.0999,0.5,4.7572,0.7534,0.37,5.1791,2.814,-0.0725
135.25,seguindo,normal,5.4847,3.0216,-2.6279,-2.5423,0.0856,0.5,4.7509,0.8365,0.37,5.1281,2.778,-0.0698
135.3,seguindo,normal,5.476,3.0182,-2.6114,-2.5374,0.074,0.5,4.7469,0.8365,0.37,5.1281,2.778,-0.0678
135.35,seguindo,normal,5.4628,3.0125,-2.588,-2.5305,0.0575,0.5,4.7413,0.8365,0.37,5.1281,2.778,-0.0648
135.401,seguindo,normal,5.4495,3.0063,-2.5659,-2.524,0.0419,0.5,4.7359,0.8365,0.37,5.1281,2.778,-0.0618
135.45,seguindo,normal,5.4406,3.0019,-2.5518,-2.4925,0.0593,0.5,4.7208,1.0023,0.37,5.0892,2.7353,-0.0668
135.5,seguindo,normal,5.4317,2.9974,-2.538,-2.4884,0.0497,0.5,4.7175,1.0023,0.37,5.0892,2.7353,-0.0644
135.552,seguindo,normal,5.4183,2.9901,-2.5187,-2.4827,0.036,0.5,4.7129,1.0023,0.37,5.0892,2.7353,-0.0612
135.6,seguindo,normal,5.4094,2.985,-2.5067,-2.4791,0.0276,0.5,4.71,1.0023,0.37,5.0892,2.7353,-0.0591
135.65,seguindo,normal,5.395,2.9758,-2.4934,-2.4798,0.0137,0.5,4.7061,1.3092,0.37,5.0382,2.6979,-0.0546
135.7,seguindo,normal,5.3851,2.969,-2.4872,-2.4781,0.0091,0.5,4.7038,1.3092,0.37,5.0382,2.6979,-0.0512
135.75,seguindo,normal,5.3706,2.9584,-2.4836,-2.4769,0.0066,0.5,4.701,1.3092,0.37,5.0382,2.6979,-0.046
135.8,seguindo,normal,5.3612,2.9511,-2.4832,-2.4767,0.0065,0.5,4.6994,1.3092,0.37,5.0382,2.6979,-0.0429
135.85,seguindo,normal,5.347,2.9402,-2.4829,-2.4831,-0.0002,0.5,4.6971,1.9359,0.37,4.9873,2.6618,-0.0381
135.9,seguindo,normal,5.3376,2.9329,-2.4829,-2.4831,-0.0002,0.5,4.6957,1.9359,0.37,4.9873,2.6618,-0.035
135.95,seguindo,normal,5.3235,2.922,-2.4825,-2.4831,-0.0005,0.5,4.6935,1.9359,0.37,4.9873,2.6618,-0.0309
136.0,seguindo,normal,5.3141,2.9148,-2.4822,-2.483,-0.0008,0.5,4.6921,1.9359,0.37,4.9873,2.6618,-0.0286
136.05,seguindo,normal,5.3001,2.904,-2.481,-2.4828,-0.0018,0.5,4.69,3.7776,0.37,4.9873,2.6618,-0.0253
136.101,seguindo,normal,5.2861,2.8933,-2.4796,-2.4826,-0.0031,0.5,4.688,3.7776,0.37,4.9873,2.6618,-0.022
136.151,seguindo,normal,5.2769,2.8863,-2.4776,-2.4823,-0.0048,0.5,4.6866,3.7776,0.37,4.9873,2.6618,-0.0203
136.2,seguindo,normal,5.2631,2.8757,-2.4747,-2.482,-0.0073,0.5,4.6847,3.7776,0.37,4.9873,2.6618,-0.0182
136.25,seguindo,normal,5.2539,2.8687,-2.4727,-2.4936,-0.021,0.5,4.6835,213.0179,0.37,4.9364,2.6283,-0.0168
136.3,seguindo,normal,5.2447,2.8616,-2.4706,-2.4939,-0.0232,0.5,4.6823,213.0179,0.37,4.9364,2.6283,-0.0154
136.35,seguindo,normal,5.2309,2.851,-2.4676,-2.4944,-0.0268,0.5,4.6806,213.0179,0.37,4.9364,2.6283,-0.0134
136.4,seguindo,normal,5.2218,2.8439,-2.4656,-2.4948,-0.0292,0.5,4.6796,213.0179,0.37,4.9364,2.6283,-0.0125
136.45,seguindo,normal,5.2081,2.8332,-2.4625,-2.5125,-0.05,0.5,4.6781,3.8341,0.37,4.8856,2.5985,-0.0111
136.5,seguindo,normal,5.199,2.826,-2.4605,-2.5136,-0.0531,0.5,4.6772,3.8341,0.37,4.8856,2.5985,-0.0102
136.55,seguindo,normal,5.1853,2.8152,-2.4576,-2.5064,-0.0488,0.5,4.6761,3.8341,0.37,4.8859,2.5945,-0.0088
136.6,seguindo,normal,5.1762,2.808,-2.4557,-2.5076,-0.0519,0.5,4.6752,3.8341,0.37,4.8859,2.5945,-0.0082
136.65,seguindo,normal,5.1626,2.7971,-2.4529,-2.5097,-0.0567,0.5,4.6739,3.8341,0.37,4.8859,2.5945,-0.0074
136.7,seguindo,normal,5.1536,2.7898,-2.4511,-2.5599,-0.1088,0.5,4.6732,1.8267,0.37,4.7851,2.5475,-0.0068
136.75,seguindo,normal,5.14,2.7789,-2.4485,-2.5639,-0.1154,0.5,4.6721,1.8267,0.37,4.7851,2.5475,-0.0058
136.8,seguindo,normal,5.1264,2.7678,-2.4462,-2.5684,-0.1223,0.5,4.6712,1.8267,0.37,4.7851,2.5475,-0.005
136.85,seguindo,normal,5.1174,2.7605,-2.4444,-2.5717,-0.1273,0.5,4.6706,1.8267,0.37,4.7851,2.5475,-0.0045
136.9,seguindo,normal,5.1084,2.7531,-2.4426,-2.6054,-0.1627,0.5,4.6701,1.1739,0.37,4.7348,2.5311,-0.004
136.95,seguindo,normal,5.095,2.7421,-2.4398,-2.6116,-0.1718,0.5,4.6694,1.1739,0.37,4.7348,2.5311,-0.0032
137.0,seguindo,normal,5.086,2.7347,-2.4379,-2.6162,-0.1783,0.5,4.669,1.1739,0.37,4.7348,2.5311,-0.0026
137.051,seguindo,normal,5.0726,2.7236,-2.4354,-2.6237,-0.1883,0.5,4.6686,1.1739,0.37,4.7348,2.5311,-0.0017
137.1,seguindo,normal,5.0636,2.7161,-2.4338,-2.6291,-0.1953,0.5,4.6683,1.1739,0.37,4.7348,2.5311,-0.0011
137.15,seguindo,normal,5.0503,2.7049,-2.4312,-2.6711,-0.2399,0.5,4.668,0.8867,0.37,4.6846,2.5189,-0.0001
137.2,seguindo,normal,5.0369,2.6937,-2.4284,-2.6811,-0.2527,0.5,4.6678,0.8867,0.37,4.6846,2.5189,0.0009
137.25,seguindo,normal,5.0281,2.6862,-2.4264,-2.6883,-0.2619,0.5,4.6677,0.8867,0.37,4.6846,2.5189,0.0018
137.3,seguindo,normal,5.0192,2.6787,-2.4244,-2.696,-0.2716,0.5,4.6677,0.8867,0.37,4.6846,2.5189,0.0027
137.351,seguindo,normal,5.006,2.6674,-2.4215,-2.7414,-0.3199,0.5,4.6677,0.7611,0.37,4.6344,2.5103,0.0041
137.4,seguindo,normal,4.9927,2.6561,-2.4188,-2.7551,-0.3363,0.5,4.6679,0.7611,0.37,4.6344,2.5103,0.0055
137.451,seguindo,normal,4.9839,2.6485,-2.4171,-2.765,-0.3479,0.5,4.6681,0.7611,0.37,4.6344,2.5103,0.0068
137.5,seguindo,normal,4.9751,2.6409,-2.4154,-2.7755,-0.3602,0.5,4.6683,0.7611,0.37,4.6344,2.5103,0.0082
137.551,seguindo,normal,4.9619,2.6295,-2.4127,-2.8221,-0.4094,0.5,4.6688,0.7278,0.37,4.5843,2.5045,0.0104
137.6,seguindo,normal,4.9532,2.6218,-2.4109,-2.8337,-0.4228,0.5,4.6691,0.7278,0.37,4.5843,2.5045,0.0119
137.65,seguindo,normal,4.9401,2.6103,-2.4081,-2.8525,-0.4444,0.5,4.6698,0.7278,0.37,4.5843,2.5045,0.0143
137.7,seguindo,normal,4.927,2.5988,-2.4053,-2.873,-0.4677,0.5,4.6705,0.7278,0.37,4.5843,2.5045,0.0175
137.75,seguindo,normal,4.9183,2.5911,-2.4035,-2.9322,-0.5287,0.5,4.671,0.7651,0.37,4.4842,2.4989,0.0196
137.8,seguindo,normal,4.9053,2.5795,-2.4009,-2.9524,-0.5515,0.5,4.672,0.7651,0.37,4.4842,2.4989,0.0228
137.852,seguindo,normal,4.8965,2.5712,-2.404,-2.9679,-0.5639,0.5,4.6731,0.7651,0.37,4.4842,2.4989,0.0256
137.9,seguindo,normal,4.8878,2.5629,-2.4073,-2.9843,-0.5769,0.5,4.6742,0.7651,0.37,4.4842,2.4989,0.029
137.95,seguindo,normal,4.8749,2.5503,-2.4174,-3.0003,-0.5829,0.5,4.6726,0.7651,0.37,4.479,2.494,0.0292
138.0,seguindo,normal,4.8663,2.5419,-2.4259,-3.0315,-0.6056,0.5,4.6741,0.8724,0.37,4.429,2.4935,0.0329
138.05,seguindo,normal,4.8538,2.5292,-2.4437,-3.0577,-0.614,0.5,4.6765,0.8724,0.37,4.429,2.4935,0.0385
138.1,seguindo,normal,4.8413,2.5168,-2.4642,-3.0852,-0.621,0.5,4.6789,0.8724,0.37,4.429,2.4935,0.0447
138.15,seguindo,normal,4.8331,2.5085,-2.4829,-3.1047,-0.6218,0.5,4.6807,0.8724,0.37,4.429,2.4935,0.0493
138.2,seguindo,normal,4.8207,2.4962,-2.5111,-3.1363,-0.6252,0.5,4.683,1.0664,0.37,4.379,2.4939,0.056
138.251,seguindo,normal,4.8126,2.4881,-2.5348,3.1283,-0.6201,0.5,4.6847,1.0664,0.37,4.379,2.4939,0.0604
138.3,seguindo,normal,4.8044,2.4802,-2.5586,3.1095,-0.6151,0.5,4.6862,1.0664,0.37,4.379,2.4939,0.0646
138.35,seguindo,normal,4.7919,2.4687,-2.5956,3.0806,-0.607,0.5,4.6881,1.0664,0.37,4.379,2.4939,0.0716
138.4,seguindo,normal,4.7833,2.4612,-2.6206,3.061,-0.6015,0.5,4.689,1.0664,0.37,4.379,2.4939,0.0761
138.451,seguindo,normal,4.7703,2.4505,-2.6591,3.0413,-0.5828,0.5,4.6901,1.3724,0.37,4.329,2.4949,0.0824
138.5,seguindo,normal,4.7614,2.4436,-2.6851,3.0236,-0.5745,0.5,4.6905,1.3724,0.37,4.329,2.4949,0.0862
138.55,seguindo,normal,4.748,2.4337,-2.7252,3.0385,-0.5196,0.5,4.6656,1.822,0.37,4.3064,2.4795,0.0751
138.6,seguindo,normal,4.7389,2.4275,-2.7523,3.022,-0.5089,0.5,4.6653,1.822,0.37,4.3064,2.4795,0.079
138.65,seguindo,normal,4.7251,2.4185,-2.7939,2.997,-0.4923,0.5,4.6645,1.822,0.37,4.3064,2.4795,0.0844
138.7,seguindo,normal,4.711,2.4101,-2.8358,2.9718,-0.4755,0.5,4.6631,1.822,0.37,4.3064,2.4795,0.0902
138.75,seguindo,normal,4.7014,2.4048,-2.8638,2.9549,-0.4645,0.5,4.6618,1.822,0.37,4.3064,2.4795,0.0937
138.8,seguindo,normal,4.6916,2.3998,-2.8917,2.9575,-0.434,0.5,4.6602,2.4286,0.37,4.2564,2.4809,0.0969
138.85,seguindo,normal,4.6768,2.3929,-2.9336,2.9351,-0.4144,0.5,4.6574,2.4286,0.37,4.2564,2.4809,0.1012
138.9,seguindo,normal,4.6667,2.3886,-2.9616,2.9202,-0.4014,0.5,4.6551,2.4286,0.37,4.2564,2.4809,0.1039
138.95,seguindo,normal,4.6513,2.3827,-3.0031,2.9404,-0.3398,0.5,4.6349,3.1285,0.37,4.2225,2.4701,0.098
139.0,seguindo,normal,4.6409,2.3791,-3.0305,2.9273,-0.3254,0.5,4.6318,3.1285,0.37,4.2225,2.4701,0.1002
139.05,seguindo,normal,4.625,2.3743,-3.0708,2.9078,-0.3045,0.5,4.6266,3.1285,0.37,4.2225,2.4701,0.1032
139.101,seguindo,normal,4.6085,2.3703,-3.109,2.8886,-0.2856,0.5,4.6204,3.1285,0.37,4.2225,2.4701,0.1057
139.15,seguindo,normal,4.5973,2.3681,-3.1338,2.9008,-0.2485,0.5,4.6159,3.72,0.37,4.1725,2.4724,0.1069
139.2,seguindo,normal,4.5861,2.3661,3.1247,2.8901,-0.2345,0.5,4.6112,3.72,0.37,4.1725,2.4724,0.1079
139.25,seguindo,normal,4.5691,2.3638,3.0884,2.8742,-0.2142,0.5,4.6035,3.72,0.37,4.1725,2.4724,0.1091
139.3,seguindo,normal,4.5575,2.3626,3.0654,2.8639,-0.2015,0.5,4.5979,3.72,0.37,4.1725,2.4724,0.1096
139.35,seguindo,normal,4.54,2.3615,3.0315,2.8066,-0.2249,0.5,4.6005,3.956,0.37,4.1373,2.5017,0.1319
139.4,seguindo,normal,4.5282,2.3611,3.0096,2.7964,-0.2132,0.5,4.5943,3.956,0.37,4.1373,2.5017,0.132
139.46,seguindo,normal,4.5104,2.3611,2.9775,2.8114,-0.1662,0.5,4.5846,3.7977,0.37,4.0873,2.5062,0.1315
139.5,seguindo,normal,4.4983,2.3617,2.9581,2.8035,-0.1546,0.5,4.5776,3.7977,0.37,4.0873,2.5062,0.1306
139.55,seguindo,normal,4.4799,2.363,2.93,2.7919,-0.1381,0.5,4.5666,3.7977,0.37,4.0873,2.5062,0.129
139.6,seguindo,normal,4.4676,2.3642,2.9119,2.7844,-0.1275,0.5,4.5589,3.7977,0.37,4.0873,2.5062,0.1276
139.651,seguindo,normal,4.4492,2.3666,2.8852,2.8029,-0.0823,0.5,4.547,3.4429,0.37,4.0373,2.5116,0.1251
139.7,seguindo,normal,4.4369,2.3684,2.8678,2.7974,-0.0703,0.5,4.5389,3.4429,0.37,4.0373,2.5116,0.1231
139.75,seguindo,normal,4.4183,2.3718,2.8429,2.7898,-0.0531,0.5,4.5262,3.4429,0.37,4.0373,2.5116,0.1198
139.801,seguindo,normal,4.3996,2.3757,2.819,2.8092,-0.0097,0.5,4.513,3.1046,0.37,3.9874,2.518,0.1159
139.85,seguindo,normal,4.3872,2.3786,2.8033,2.7908,-0.0125,0.5,4.5087,3.1046,0.37,3.9888,2.5244,0.1196
139.901,seguindo,normal,4.3686,2.3833,2.7803,2.786,0.0058,0.5,4.4949,3.1046,0.37,3.9888,2.5244,0.1151
139.951,seguindo,normal,4.356,2.387,2.7666,2.8083,0.0417,0.5,4.4852,2.9,0.37,3.9389,2.5314,0.1116
140.0,seguindo,normal,4.3371,2.3928,2.7469,2.8068,0.0599,0.5,4.4704,2.9,0.37,3.9389,2.5314,0.1061
140.051,seguindo,normal,4.3245,2.3971,2.7351,2.8065,0.0714,0.5,4.4602,2.9,0.37,3.9389,2.5314,0.1021
140.1,seguindo,normal,4.3055,2.4039,2.7186,2.8283,0.1097,0.5,4.4446,2.8869,0.37,3.8889,2.5388,0.0958
140.151,seguindo,normal,4.2947,2.4082,2.7125,2.8302,0.1177,0.5,4.4354,2.8869,0.37,3.8889,2.5388,0.0917
140.2,seguindo,normal,4.2841,2.4125,2.7061,2.8323,0.1262,0.5,4.4262,2.8869,0.37,3.8889,2.5388,0.0877
140.25,seguindo,normal,4.2684,2.4196,2.7035,2.8372,0.1338,0.5,4.4121,2.8869,0.37,3.8889,2.5388,0.0812
140.3,seguindo,normal,4.258,2.4246,2.7043,2.8584,0.1541,0.5,4.4026,3.1255,0.37,3.839,2.5465,0.0767
140.35,seguindo,normal,4.2426,2.4321,2.7083,2.8654,0.1571,0.5,4.3882,3.1255,0.37,3.839,2.5465,0.0697
140.4,seguindo,normal,4.2272,2.4397,2.7141,2.8731,0.1591,0.5,4.3739,3.1255,0.37,3.839,2.5465,0.0628
140.45,seguindo,normal,4.2169,2.4447,2.7183,2.8786,0.1602,0.5,4.3643,3.1255,0.37,3.839,2.5465,0.0583
140.501,seguindo,normal,4.2015,2.4522,2.7247,2.899,0.1743,0.5,4.3501,3.738,0.37,3.7891,2.5542,0.0517
140.55,seguindo,normal,4.1911,2.4571,2.7286,2.9045,0.1759,0.5,4.3407,3.738,0.37,3.7891,2.5542,0.0473
140.6,seguindo,normal,4.1808,2.4619,2.732,2.9101,0.1781,0.5,4.3313,3.738,0.37,3.7891,2.5542,0.0431
140.65,seguindo,normal,4.165,2.4691,2.7356,2.9187,0.1831,0.5,4.3173,3.738,0.37,3.7891,2.5542,0.0371
140.7,seguindo,normal,4.1491,2.4761,2.7384,2.935,0.1965,0.5,4.3033,5.008,0.37,3.7393,2.562,0.0312
140.75,seguindo,normal,4.1384,2.4808,2.7401,2.9409,0.2007,0.5,4.2939,5.008,0.37,3.7393,2.562,0.0273
140.8,seguindo,normal,4.1224,2.4878,2.7427,2.9503,0.2076,0.5,4.2799,5.008,0.37,3.7393,2.562,0.0217
140.85,seguindo,normal,4.1118,2.4924,2.7443,2.976,0.2317,0.5,4.2634,7.6677,0.37,3.6953,2.562,0.0139
140.9,seguindo,normal,4.1011,2.4971,2.746,2.9828,0.2368,0.5,4.2541,7.6677,0.37,3.6953,2.562,0.0102
140.95,seguindo,normal,4.085,2.5039,2.7484,2.9936,0.2452,0.5,4.2402,7.6677,0.37,3.6953,2.562,0.0048
141.001,seguindo,normal,4.0689,2.5108,2.7509,3.0047,0.2538,0.5,4.2263,14.3493,0.37,3.6455,2.5692,-0.0004
141.05,seguindo,normal,4.0582,2.5154,2.7525,3.012,0.2595,0.5,4.2171,14.3493,0.37,3.6455,2.5692,-0.0039
141.1,seguindo,normal,4.0475,2.5199,2.7542,3.0197,0.2655,0.5,4.2079,14.3493,0.37,3.6455,2.5692,-0.0073
141.151,seguindo,normal,4.0314,2.5267,2.7568,3.0319,0.2751,0.5,4.1942,14.3493,0.37,3.6455,2.5692,-0.0121
141.201,seguindo,normal,4.0207,2.5311,2.7585,3.0366,0.2781,0.5,4.1851,52.0269,0.37,3.5959,2.5759,-0.0153
141.25,seguindo,normal,4.0046,2.5378,2.7612,3.0488,0.2875,0.5,4.1715,52.0269,0.37,3.5959,2.5759,-0.02
141.3,seguindo,normal,3.9939,2.5423,2.763,3.0573,0.2943,0.5,4.1624,52.0269,0.37,3.5959,2.5759,-0.0231
141.35,seguindo,normal,3.9777,2.5489,2.7658,3.071,0.3052,0.5,4.1489,52.0269,0.37,3.5959,2.5759,-0.0276
141.4,seguindo,normal,3.967,2.5533,2.7677,3.0729,0.3052,0.5,4.1399,40.4818,0.37,3.5466,2.5822,-0.0305
141.45,seguindo,normal,3.9508,2.5599,2.7703,3.0863,0.316,0.5,4.1265,40.4818,0.37,3.5466,2.5822,-0.0348
141.5,seguindo,normal,3.9347,2.5664,2.773,3.1007,0.3278,0.5,4.1131,40.4818,0.37,3.5466,2.5822,-0.039
141.552,seguindo,normal,3.9239,2.5707,2.7748,3.1002,0.3255,0.5,4.1042,15.8329,0.37,3.4976,2.5883,-0.0418
141.6,seguindo,normal,3.9131,2.575,2.7766,3.1095,0.3329,0.5,4.0953,15.8329,0.37,3.4976,2.5883,-0.0445
141.65,seguindo,normal,3.8969,2.5814,2.7793,3.1242,0.3449,0.5,4.0821,15.8329,0.37,3.4976,2.5883,-0.0486
141.7,seguindo,normal,3.8806,2.5877,2.7821,3.1401,0.358,0.5,4.0689,15.8329,0.37,3.4976,2.5883,-0.0525
141.75,seguindo,normal,3.8722,2.5915,2.7898,3.1345,0.3447,0.5,4.0617,11.4825,0.37,3.4492,2.5945,-0.0551
141.8,seguindo,normal,3.8639,2.5954,2.7994,-3.1396,0.3442,0.5,4.0544,11.4825,0.37,3.4492,2.5945,-0.0576
141.851,seguindo,normal,3.8513,2.6014,2.8186,-3.1246,0.34,0.5,4.0433,11.4825,0.37,3.4492,2.5945,-0.0618
141.9,seguindo,normal,3.843,2.6054,2.8342,-3.1139,0.3351,0.5,4.0359,11.4825,0.37,3.4492,2.5945,-0.0646
141.95,seguindo,normal,3.8305,2.6117,2.8627,3.1367,0.274,0.5,4.0415,11.4825,0.37,3.4359,2.6136,-0.0588
142.0,seguindo,normal,3.8221,2.6158,2.8841,-3.1359,0.2632,0.5,4.0342,11.4825,0.37,3.4359,2.6136,-0.0615
142.05,seguindo,normal,3.8094,2.6218,2.9184,-3.1406,0.2241,0.5,4.0232,13.1256,0.37,3.3885,2.6214,-0.0653
142.101,seguindo,normal,3.801,2.6256,2.9423,-3.1314,0.2095,0.5,4.0161,13.1256,0.37,3.3885,2.6214,-0.0677
142.15,seguindo,normal,3.7884,2.6309,2.9786,-3.1177,0.1868,0.5,4.0058,13.1256,0.37,3.3885,2.6214,-0.0709
142.2,seguindo,normal,3.7758,2.6357,3.0141,-3.1047,0.1644,0.5,3.9961,13.1256,0.37,3.3885,2.6214,-0.0735
142.25,seguindo,normal,3.7673,2.6384,3.0357,-3.1231,0.1244,0.5,3.9899,224.2011,0.37,3.3425,2.6306,-0.0748
142.303,seguindo,normal,3.7543,2.642,3.0644,-3.1138,0.105,0.5,3.9811,224.2011,0.37,3.3425,2.6306,-0.0762
142.351,seguindo,normal,3.7453,2.6441,3.0823,-3.1314,0.0695,0.5,3.9915,224.2011,0.37,3.3279,2.6398,-0.0684
142.4,seguindo,normal,3.7363,2.646,3.1002,-3.1264,0.0566,0.5,3.9859,224.2011,0.37,3.3279,2.6398,-0.0689
142.45,seguindo,normal,3.7226,2.6485,3.1262,-3.1196,0.0375,0.5,3.9777,224.2011,0.37,3.3279,2.6398,-0.0691
142.5,seguindo,normal,3.7132,2.6499,-3.141,-3.1154,0.0256,0.5,3.9725,224.2011,0.37,3.3279,2.6398,-0.069
142.552,seguindo,normal,3.699,2.6516,-3.1179,-3.1405,-0.0226,0.5,3.9649,6.5414,0.37,3.2836,2.6512,-0.0684
142.6,seguindo,normal,3.6893,2.6525,-3.1038,-3.1384,-0.0346,0.5,3.96,6.5414,0.37,3.2836,2.6512,-0.0677
142.65,seguindo,normal,3.6746,2.6534,-3.0834,-3.1359,-0.0524,0.5,3.9529,6.5414,0.37,3.2836,2.6512,-0.0664
142.701,seguindo,normal,3.6597,2.654,-3.0642,-3.1341,-0.0699,0.5,3.9462,6.5414,0.37,3.2836,2.6512,-0.0646
142.75,seguindo,normal,3.6504,2.6542,-3.0515,3.1135,-0.1182,0.5,3.9421,2.4087,0.37,3.2416,2.6657,-0.0634
142.8,seguindo,normal,3.6365,2.6543,-3.0337,3.1127,-0.1368,0.5,3.9363,2.4087,0.37,3.2416,2.6657,-0.0614
142.85,seguindo,normal,3.6291,2.6544,-3.0222,3.1124,-0.1486,0.5,3.9332,2.4087,0.37,3.2416,2.6657,-0.0603
142.9,seguindo,normal,3.6181,2.6546,-3.0031,3.1119,-0.1682,0.5,3.9285,2.4087,0.37,3.2416,2.6657,-0.0588
142.952,seguindo,normal,3.6126,2.6545,-2.994,3.1114,-0.1778,0.5,3.9263,2.4087,0.37,3.2416,2.6657,-0.058
143.002,seguindo,normal,3.6045,2.6544,-2.9798,3.1104,-0.1929,0.5,3.9231,2.4087,0.37,3.2416,2.6657,-0.0567
143.052,seguindo,normal,3.6009,2.6543,-2.974,3.1099,-0.1993,0.5,3.9218,2.4087,0.37,3.2416,2.6657,-0.056
143.1,seguindo,normal,3.5974,2.6542,-2.9681,3.0654,-0.2497,0.5,3.9205,1.26,0.37,3.2027,2.6844,-0.0554
143.15,seguindo,normal,3.5941,2.6541,-2.9627,3.1272,-0.1933,0.5,3.9236,2.4087,0.37,3.2178,2.6595,-0.0641
143.2,seguindo,normal,3.5926,2.654,-2.9606,3.1269,-0.1958,0.5,3.9231,2.4087,0.37,3.2178,2.6595,-0.0637
143.25,seguindo,normal,3.5876,2.6531,-2.9597,3.1242,-0.1993,0.5,3.9219,2.4087,0.37,3.2178,2.6595,-0.0621
143.3,seguindo,normal,3.5806,2.6517,-2.9611,3.1201,-0.202,0.5,3.9203,2.4087,0.37,3.2178,2.6595,-0.0597
143.35,seguindo,normal,3.5733,2.6501,-2.9631,3.0709,-0.2492,0.5,3.9188,1.26,0.37,3.1788,2.6781,-0.0571
143.402,seguindo,normal,3.5616,2.6477,-2.9669,3.0625,-0.2537,0.5,3.9163,1.26,0.37,3.1788,2.6781,-0.053
143.45,seguindo,normal,3.5512,2.6455,-2.9709,3.0545,-0.2578,0.5,3.9141,1.26,0.37,3.1788,2.6781,-0.0493
143.5,seguindo,normal,3.5404,2.6433,-2.9755,3.0458,-0.2619,0.5,3.9118,1.26,0.37,3.1788,2.6781,-0.0456
143.55,seguindo,normal,3.5225,2.6397,-2.9842,2.9264,-0.3726,0.5,3.9082,0.7756,0.37,3.1118,2.7294,-0.0395
143.6,seguindo,normal,3.5099,2.6372,-2.9909,2.9138,-0.3785,0.5,3.9055,0.7756,0.37,3.1118,2.7294,-0.0352
143.65,seguindo,normal,3.4908,2.6335,-3.0016,2.8936,-0.388,0.5,3.9015,0.7756,0.37,3.1118,2.7294,-0.029
143.7,seguindo,normal,3.4716,2.63,-3.0124,2.8123,-0.4585,0.5,3.8974,0.53,0.37,3.0843,2.7623,-0.0229
143.751,seguindo,normal,3.4592,2.628,-3.017,2.7975,-0.4686,0.5,3.8945,0.53,0.37,3.0843,2.7623,-0.0193
143.802,seguindo,normal,3.4405,2.6252,-3.0235,2.7741,-0.4856,0.5,3.8901,0.53,0.37,3.0843,2.7623,-0.0139
143.851,seguindo,normal,3.4285,2.6237,-3.0251,2.7585,-0.4995,0.5,3.8871,0.53,0.37,3.0843,2.7623,-0.0107
143.9,seguindo,normal,3.4164,2.6221,-3.0267,2.679,-0.5775,0.4061,3.8841,0.4061,0.37,3.0608,2.7995,-0.0075
143.95,seguindo,normal,3.3987,2.6201,-3.0264,2.6536,-0.6032,0.4061,3.8795,0.4061,0.37,3.0608,2.7995,-0.003
144.001,seguindo,normal,3.3812,2.6182,-3.0248,2.6267,-0.6316,0.4061,3.8749,0.4061,0.37,3.0608,2.7995,0.0016
144.05,seguindo,normal,3.3693,2.6165,-3.0287,2.5437,-0.7108,0.3494,3.8723,0.3494,0.37,3.0409,2.8402,0.0051
144.1,seguindo,normal,3.3574,2.6149,-3.0327,2.5229,-0.7276,0.3494,3.8696,0.3494,0.37,3.0409,2.8402,0.0086
144.151,seguindo,normal,3.3399,2.6121,-3.0438,2.4899,-0.7495,0.3494,3.866,0.3494,0.37,3.0409,2.8402,0.0143
144.2,seguindo,normal,3.3283,2.6103,-3.053,2.4669,-0.7633,0.3494,3.8637,0.3494,0.37,3.0409,2.8402,0.0183
144.251,seguindo,normal,3.3111,2.6074,-3.0718,2.3959,-0.8154,0.331,3.8564,0.331,0.37,3.019,2.8771,0.0178
144.3,seguindo,normal,3.2996,2.6055,-3.0862,2.3725,-0.8245,0.331,3.8543,0.331,0.37,3.019,2.8771,0.0218
144.351,seguindo,normal,3.2832,2.6026,-3.1126,2.3371,-0.8334,0.331,3.8514,0.331,0.37,3.019,2.8771,0.0283
144.401,seguindo,normal,3.2672,2.6,3.1412,2.2535,-0.8877,0.3409,3.8484,0.3409,0.37,3.0047,2.9227,0.0348
144.451,seguindo,normal,3.2566,2.5981,3.1169,2.2308,-0.8861,0.3409,3.8467,0.3409,0.37,3.0047,2.9227,0.0391
144.5,seguindo,normal,3.2461,2.5965,3.0923,2.2078,-0.8845,0.3409,3.8447,0.3409,0.37,3.0047,2.9227,0.0433
144.55,seguindo,normal,3.231,2.5941,3.0505,2.1738,-0.8766,0.3409,3.842,0.3409,0.37,3.0047,2.9227,0.0502
144.6,seguindo,normal,3.2212,2.5927,3.0206,2.1513,-0.8693,0.3409,3.8401,0.3409,0.37,3.0047,2.9227,0.0547
144.65,seguindo,normal,3.2066,2.5907,2.971,2.0846,-0.8864,0.3765,3.8373,0.3765,0.37,2.9927,2.9698,0.0613
144.7,seguindo,normal,3.1969,2.5897,2.936,2.0638,-0.8722,0.3765,3.8352,0.3765,0.37,2.9927,2.9698,0.0654
144.75,seguindo,normal,3.1826,2.5884,2.8796,2.0327,-0.8469,0.3765,3.8319,0.3765,0.37,2.9927,2.9698,0.0718
144.8,seguindo,normal,3.1731,2.5878,2.8405,2.012,-0.8285,0.3765,3.8295,0.3765,0.37,2.9927,2.9698,0.0764
144.85,seguindo,normal,3.159,2.5875,2.7809,1.981,-0.7999,0.3765,3.8254,0.3765,0.37,2.9927,2.9698,0.0827
144.9,seguindo,normal,3.1496,2.5877,2.7409,1.9414,-0.7995,0.4395,3.8223,0.4395,0.37,2.9824,3.018,0.0865
144.95,seguindo,normal,3.1356,2.5888,2.6807,1.9281,-0.7525,0.4395,3.8085,0.4395,0.37,2.9791,3.0078,0.0842
145.0,seguindo,normal,3.1263,2.5899,2.6405,1.9094,-0.7311,0.4395,3.8045,0.4395,0.37,2.9791,3.0078,0.0878
145.05,seguindo,normal,3.1124,2.5923,2.58,1.8813,-0.6987,0.4395,3.798,0.4395,0.37,2.9791,3.0078,0.0933
145.1,seguindo,normal,3.1033,2.5944,2.5396,1.8517,-0.6879,0.5,3.7932,0.5343,0.37,2.97,3.0566,0.0964
145.15,seguindo,normal,3.0898,2.5981,2.4789,1.7867,-0.6922,0.5,3.7898,0.5343,0.37,2.9871,3.0665,0.1185
145.2,seguindo,normal,3.081,2.6011,2.4384,1.7698,-0.6685,0.5,3.7843,0.5343,0.37,2.9871,3.0665,0.1213
145.251,seguindo,normal,3.0679,2.6062,2.378,1.7446,-0.6334,0.5,3.7756,0.5343,0.37,2.9871,3.0665,0.1259
145.3,seguindo,normal,3.0593,2.61,2.3376,1.7277,-0.6098,0.5,3.7694,0.5343,0.37,2.9871,3.0665,0.1286
145.35,seguindo,normal,3.0466,2.6163,2.2763,1.7325,-0.5437,0.5,3.7736,0.5343,0.37,2.9716,3.0761,0.1274
145.4,seguindo,normal,3.0341,2.6232,2.214,1.708,-0.506,0.5,3.7635,0.6644,0.37,2.9716,3.0761,0.1305
145.45,seguindo,normal,3.0276,2.6264,2.173,1.6948,-0.4782,0.5,3.7585,0.6644,0.37,2.9716,3.0761,0.1323
145.5,seguindo,normal,3.0212,2.6296,2.1286,1.6816,-0.4471,0.5,3.7537,0.6644,0.37,2.9716,3.0761,0.1342
145.551,seguindo,normal,3.011,2.636,2.0607,1.6467,-0.4141,0.5,3.7551,0.6644,0.37,2.9766,3.0875,0.1449
145.6,seguindo,normal,3.0001,2.6442,1.9939,1.6238,-0.3701,0.5,3.7442,0.6644,0.37,2.9766,3.0875,0.1467
145.65,seguindo,normal,2.993,2.6504,1.9505,1.6081,-0.3424,0.5,3.7363,0.6644,0.37,2.9766,3.0875,0.1481
145.7,seguindo,normal,2.9861,2.6569,1.9071,1.5927,-0.3144,0.5,3.7282,0.6644,0.37,2.9766,3.0875,0.1492
145.75,seguindo,normal,2.9765,2.6678,1.8452,1.5854,-0.2598,0.5,3.7152,0.8314,0.37,2.9697,3.1368,0.1496
145.8,seguindo,normal,2.9707,2.6755,1.8054,1.573,-0.2324,0.5,3.7062,0.8314,0.37,2.9697,3.1368,0.1491
145.85,seguindo,normal,2.9629,2.688,1.7484,1.5589,-0.1895,0.5,3.6854,0.8314,0.37,2.9681,3.1306,0.1457
145.9,seguindo,normal,2.956,2.7012,1.6933,1.5425,-0.1508,0.5,3.6709,0.8314,0.37,2.9681,3.1306,0.1444
145.951,seguindo,normal,2.952,2.7106,1.659,1.5324,-0.1266,0.5,3.6607,0.8314,0.37,2.9681,3.1306,0.1426
146.0,seguindo,normal,2.9468,2.725,1.6082,1.5369,-0.0713,0.5,3.6455,1.0376,0.37,2.9622,3.1802,0.1392
146.05,seguindo,normal,2.944,2.7352,1.5771,1.5299,-0.0473,0.5,3.6349,1.0376,0.37,2.9622,3.1802,0.136
146.1,seguindo,normal,2.9416,2.7455,1.5466,1.5234,-0.0232,0.5,3.6243,1.0376,0.37,2.9622,3.1802,0.1329
146.15,seguindo,normal,2.939,2.762,1.5054,1.5287,0.0233,0.5,3.6063,1.0376,0.37,2.9565,3.1776,0.1229
146.2,seguindo,normal,2.9378,2.7733,1.4806,1.5402,0.0596,0.5,3.5951,1.2588,0.37,2.9518,3.2273,0.1189
146.25,seguindo,normal,2.9371,2.7911,1.4478,1.5372,0.0893,0.5,3.5778,1.2588,0.37,2.9518,3.2273,0.1116
146.301,seguindo,normal,2.9372,2.8094,1.4191,1.5361,0.117,0.5,3.5602,1.2588,0.37,2.9518,3.2273,0.1037
146.35,seguindo,normal,2.938,2.8221,1.4033,1.5368,0.1335,0.5,3.5482,1.2588,0.37,2.9518,3.2273,0.0983
146.4,seguindo,normal,2.939,2.8349,1.3886,1.55,0.1614,0.5,3.5362,1.4641,0.37,2.9482,3.2772,0.0926
146.452,seguindo,normal,2.9411,2.8531,1.3719,1.5541,0.1822,0.5,3.5194,1.4641,0.37,2.9482,3.2772,0.084
146.5,seguindo,normal,2.9428,2.8647,1.3633,1.5577,0.1944,0.5,3.5087,1.4641,0.37,2.9482,3.2772,0.0782
146.55,seguindo,normal,2.9459,2.8821,1.3555,1.565,0.2095,0.5,3.4929,1.4641,0.37,2.9482,3.2772,0.0699
146.6,seguindo,normal,2.9482,2.8937,1.3523,1.5766,0.2243,0.5,3.4825,1.6456,0.37,2.9457,3.3271,0.0642
146.653,seguindo,normal,2.952,2.9108,1.3522,1.586,0.2337,0.5,3.4672,1.6456,0.37,2.9457,3.3271,0.0554
146.7,seguindo,normal,2.9546,2.9221,1.354,1.5929,0.239,0.5,3.4572,1.6456,0.37,2.9457,3.3271,0.0494
146.75,seguindo,normal,2.9586,2.939,1.3571,1.6041,0.247,0.5,3.4422,1.6456,0.37,2.9457,3.3271,0.0413
146.8,seguindo,normal,2.9625,2.9559,1.3606,1.615,0.2544,0.5,3.4272,1.8303,0.37,2.9439,3.377,0.0332
146.85,seguindo,normal,2.9651,2.9671,1.363,1.6225,0.2594,0.5,3.4173,1.8303,0.37,2.9439,3.377,0.0278
146.9,seguindo,normal,2.9677,2.9783,1.3655,1.6303,0.2648,0.5,3.4073,1.8303,0.37,2.9439,3.377,0.0225
146.95,seguindo,normal,2.9715,2.9952,1.369,1.6428,0.2738,0.5,3.3923,1.8303,0.37,2.9439,3.377,0.0151
147.0,seguindo,normal,2.9739,3.0065,1.3712,1.6449,0.2737,0.5,3.3823,2.0705,0.37,2.9427,3.427,0.0103
147.05,seguindo,normal,2.9776,3.0235,1.3742,1.6808,0.3066,0.5,3.3602,2.0705,0.37,2.9341,3.4172,-0.0055
147.1,seguindo,normal,2.98,3.0349,1.376,1.6902,0.3142,0.5,3.3502,2.0705,0.37,2.9341,3.4172,-0.01
147.15,seguindo,normal,2.9836,3.0519,1.3788,1.6918,0.3131,0.5,3.3351,2.4314,0.37,2.9331,3.4672,-0.0167
147.2,seguindo,normal,2.9859,3.0633,1.3806,1.7009,0.3203,0.5,3.3251,2.4314,0.37,2.9331,3.4672,-0.0211
147.25,seguindo,normal,2.9894,3.0804,1.3833,1.7155,0.3321,0.5,3.31,2.4314,0.37,2.9331,3.4672,-0.0276
147.3,seguindo,normal,2.9917,3.0918,1.3851,1.7258,0.3407,0.5,3.3,2.4314,0.37,2.9331,3.4672,-0.0316
147.351,seguindo,normal,2.9951,3.1089,1.3877,1.7236,0.3359,0.5,3.2849,2.9988,0.37,2.9322,3.5172,-0.0377
147.4,seguindo,normal,2.9974,3.1203,1.3894,1.7335,0.344,0.5,3.2749,2.9988,0.37,2.9322,3.5172,-0.0417
147.45,seguindo,normal,3.0007,3.1374,1.392,1.7492,0.3572,0.5,3.2598,2.9988,0.37,2.9322,3.5172,-0.0473
147.5,seguindo,normal,3.0029,3.1488,1.3937,1.7603,0.3666,0.5,3.2497,2.9988,0.37,2.9322,3.5172,-0.0509
147.55,seguindo,normal,3.0062,3.1635,1.4021,1.7537,0.3516,0.5,3.237,3.9158,0.37,2.9315,3.5672,-0.056
147.6,seguindo,normal,3.0084,3.1723,1.4116,1.7631,0.3515,0.5,3.2295,3.9158,0.37,2.9315,3.5672,-0.0593
147.65,seguindo,normal,3.012,3.1855,1.4312,1.7787,0.3476,0.5,3.2182,3.9158,0.37,2.9315,3.5672,-0.0643
147.7,seguindo,normal,3.0157,3.1986,1.4562,1.7955,0.3394,0.5,3.2072,3.9158,0.37,2.9315,3.5672,-0.0693
147.75,seguindo,normal,3.0184,3.2076,1.4768,1.7816,0.3048,0.5,3.1997,5.489,0.37,2.9307,3.6172,-0.0729
147.8,seguindo,normal,3.021,3.2163,1.4997,1.7922,0.2925,0.5,3.1924,5.489,0.37,2.9307,3.6172,-0.0763
147.85,seguindo,normal,3.0247,3.2295,1.5369,1.8086,0.2718,0.5,3.1813,5.489,0.37,2.9307,3.6172,-0.0812
147.9,seguindo,normal,3.027,3.2382,1.563,1.8196,0.2566,0.5,3.1739,5.489,0.37,2.9307,3.6172,-0.0842
147.951,seguindo,normal,3.03,3.2513,1.6014,1.8129,0.2115,0.5,3.1753,5.489,0.37,2.9359,3.6326,-0.0816
148.0,seguindo,normal,3.0317,3.26,1.6262,1.8225,0.1963,0.5,3.1677,5.489,0.37,2.9359,3.6326,-0.0839
148.05,seguindo,normal,3.0335,3.2732,1.6606,1.8072,0.1466,0.5,3.156,8.604,0.37,2.9349,3.6826,-0.0868
148.1,seguindo,normal,3.0347,3.2862,1.6921,1.8175,0.1254,0.5,3.1442,8.604,0.37,2.9349,3.6826,-0.089
148.151,seguindo,normal,3.0352,3.2951,1.7125,1.8241,0.1116,0.5,3.1361,8.604,0.37,2.9349,3.6826,-0.09
148.2,seguindo,normal,3.0355,3.304,1.7323,1.8305,0.0982,0.5,3.1279,8.604,0.37,2.9349,3.6826,-0.0908
148.251,seguindo,normal,3.0355,3.3176,1.761,1.8114,0.0504,0.5,3.1152,17.6329,0.37,2.9336,3.7326,-0.0915
148.3,seguindo,normal,3.0351,3.3267,1.7793,1.8159,0.0366,0.5,3.1065,17.6329,0.37,2.9336,3.7326,-0.0917
148.35,seguindo,normal,3.0342,3.3405,1.8056,1.8219,0.0164,0.5,3.0933,17.6329,0.37,2.9336,3.7326,-0.0915
148.4,seguindo,normal,3.0327,3.3546,1.8302,1.8272,-0.003,0.5,3.0796,17.6329,0.37,2.9336,3.7326,-0.0907
148.451,seguindo,normal,3.0315,3.364,1.8459,1.8297,-0.0162,0.5,3.0735,17.6329,0.37,2.9331,3.7357,-0.0905
148.5,seguindo,normal,3.03,3.3735,1.8608,1.8058,-0.055,0.5,3.0641,2383.07,0.37,2.9313,3.7857,-0.0894
148.55,seguindo,normal,3.0271,3.3881,1.8803,1.8073,-0.073,0.5,3.0495,2383.07,0.37,2.9313,3.7857,-0.0871
148.6,seguindo,normal,3.0249,3.398,1.8918,1.8077,-0.0841,0.5,3.0394,2383.07,0.37,2.9313,3.7857,-0.0852
148.651,seguindo,normal,3.0204,3.4144,1.9045,1.7848,-0.1196,0.5,3.0226,17.4414,0.37,2.9288,3.8357,-0.0811
148.7,seguindo,normal,3.0169,3.4259,1.9103,1.7825,-0.1279,0.5,3.0106,17.4414,0.37,2.9288,3.8357,-0.078
148.75,seguindo,normal,3.0111,3.4429,1.9139,1.7774,-0.1366,0.5,2.9926,17.4414,0.37,2.9288,3.8357,-0.0727
148.803,seguindo,normal,3.0051,3.4598,1.9148,1.7711,-0.1436,0.5,2.9746,17.4414,0.37,2.9288,3.8357,-0.067
148.85,seguindo,normal,3.0011,3.4711,1.9145,1.7516,-0.1629,0.5,2.9627,8.2183,0.37,2.9253,3.8857,-0.0632
148.9,seguindo,normal,2.9971,3.4823,1.9143,1.7468,-0.1675,0.5,2.9508,8.2183,0.37,2.9253,3.8857,-0.0594
148.95,seguindo,normal,2.9911,3.4991,1.9144,1.7393,-0.1751,0.5,2.9329,8.2183,0.37,2.9253,3.8857,-0.0537
149.0,seguindo,normal,2.9871,3.5103,1.9146,1.7339,-0.1807,0.5,2.9211,8.2183,0.37,2.9253,3.8857,-0.0499
149.05,seguindo,normal,2.9812,3.527,1.9155,1.7183,-0.1973,0.5,2.9034,5.0739,0.37,2.9205,3.9356,-0.0443
149.1,seguindo,normal,2.9773,3.5381,1.9164,1.7127,-0.2037,0.5,2.8916,5.0739,0.37,2.9205,3.9356,-0.0406
149.15,seguindo,normal,2.9715,3.5546,1.9186,1.7039,-0.2147,0.5,2.8741,5.0739,0.37,2.9205,3.9356,-0.035
149.2,seguindo,normal,2.9676,3.5656,1.9204,1.698,-0.2224,0.5,2.8625,3.4961,0.37,2.9139,3.9856,-0.0314
149.251,seguindo,normal,2.9619,3.582,1.9234,1.6891,-0.2343,0.5,2.8451,3.4961,0.37,2.9139,3.9856,-0.0259
149.301,seguindo,normal,2.9581,3.5929,1.9256,1.6827,-0.2429,0.5,2.8336,3.4961,0.37,2.9139,3.9856,-0.0222
149.35,seguindo,normal,2.9522,3.6093,1.9286,1.6722,-0.2564,0.5,2.8162,3.4961,0.37,2.9139,3.9856,-0.0166
149.4,seguindo,normal,2.9483,3.6202,1.9306,1.6736,-0.257,0.5,2.8046,2.5807,0.37,2.9055,4.0356,-0.0129
149.45,seguindo,normal,2.9424,3.6366,1.9335,1.6768,-0.2567,0.5,2.7829,2.5807,0.37,2.9006,4.029,-0.0124
149.5,seguindo,normal,2.9384,3.6475,1.9354,1.6695,-0.2659,0.5,2.7713,2.5807,0.37,2.9006,4.029,-0.0086
149.55,seguindo,normal,2.9324,3.6638,1.9384,1.6725,-0.2659,0.5,2.7539,2.0177,0.37,2.89,4.079,-0.0029
149.6,seguindo,normal,2.9284,3.6746,1.9404,1.6653,-0.2751,0.5,2.7423,2.0177,0.37,2.89,4.079,0.001
149.65,seguindo,normal,2.9223,3.691,1.9433,1.6537,-0.2895,0.5,2.7249,2.0177,0.37,2.89,4.079,0.0067
149.7,seguindo,normal,2.9182,3.7018,1.9451,1.6453,-0.2998,0.5,2.7133,2.0177,0.37,2.89,4.079,0.0105
149.75,seguindo,normal,2.912,3.7181,1.9478,1.6552,-0.2926,0.5,2.6959,1.6678,0.37,2.8773,4.1289,0.0163
149.8,seguindo,normal,2.9078,3.729,1.9496,1.6471,-0.3024,0.5,2.6842,1.6678,0.37,2.8773,4.1289,0.0202
149.85,seguindo,normal,2.9016,3.7453,1.9522,1.6341,-0.3181,0.5,2.6668,1.6678,0.37,2.8773,4.1289,0.0259
149.9,seguindo,normal,2.8974,3.7561,1.954,1.6534,-0.3006,0.5,2.6552,1.4586,0.37,2.8624,4.1789,0.0297
149.953,seguindo,normal,2.891,3.7723,1.9567,1.6412,-0.3155,0.5,2.6377,1.4586,0.37,2.8624,4.1789,0.0355
150.0,seguindo,normal,2.8847,3.7886,1.9594,1.6279,-0.3315,0.5,2.6203,1.4586,0.37,2.8624,4.1789,0.0412
150.05,seguindo,normal,2.8804,3.7994,1.9611,1.6182,-0.3429,0.5,2.6087,1.4586,0.37,2.8624,4.1789,0.0449
150.1,seguindo,normal,2.8761,3.8102,1.9629,1.6437,-0.3192,0.5,2.5971,1.35,0.37,2.8455,4.2289,0.0487
150.15,seguindo,normal,2.869,3.8267,1.9606,1.6292,-0.3313,0.5,2.579,1.35,0.37,2.8455,4.2289,0.0549
150.201,seguindo,normal,2.8617,3.8436,1.9554,1.6128,-0.3425,0.5,2.5607,1.35,0.37,2.8455,4.2289,0.061
150.25,seguindo,normal,2.8565,3.8547,1.9469,1.6406,-0.3063,0.5,2.5485,1.32,0.37,2.8269,4.2788,0.0654
150.3,seguindo,normal,2.8514,3.8658,1.9383,1.6302,-0.3082,0.5,2.5363,1.32,0.37,2.8269,4.2788,0.0697
150.35,seguindo,normal,2.8436,3.8825,1.9204,1.613,-0.3074,0.5,2.5179,1.32,0.37,2.8269,4.2788,0.0761
150.4,seguindo,normal,2.8384,3.8936,1.9067,1.6008,-0.3059,0.5,2.5056,1.32,0.37,2.8269,4.2788,0.0802
150.451,seguindo,normal,2.8307,3.9103,1.881,1.6661,-0.215,0.5,2.4972,1.359,0.37,2.7901,4.3347,0.0764
150.5,seguindo,normal,2.8256,3.9214,1.8621,1.6565,-0.2057,0.5,2.485,1.359,0.37,2.7901,4.3347,0.0802
150.55,seguindo,normal,2.8184,3.9383,1.8339,1.642,-0.1919,0.5,2.4667,1.359,0.37,2.7901,4.3347,0.0851
150.6,seguindo,normal,2.8138,3.9497,1.8153,1.6755,-0.1398,0.5,2.4544,1.467,0.37,2.7681,4.3844,0.088
150.65,seguindo,normal,2.8074,3.9669,1.7873,1.6647,-0.1227,0.5,2.436,1.467,0.37,2.7681,4.3844,0.0918
150.7,seguindo,normal,2.8034,3.9785,1.7686,1.6576,-0.111,0.5,2.4238,1.467,0.37,2.7681,4.3844,0.0938
150.75,seguindo,normal,2.7978,3.9961,1.7407,1.69,-0.0508,0.5,2.4054,1.6557,0.37,2.7454,4.434,0.0962
150.801,seguindo,normal,2.7927,4.0139,1.7136,1.683,-0.0306,0.5,2.387,1.6557,0.37,2.7454,4.434,0.098
150.85,seguindo,normal,2.7896,4.0259,1.6959,1.6788,-0.0171,0.5,2.3747,1.6557,0.37,2.7454,4.434,0.0985
150.9,seguindo,normal,2.7868,4.038,1.6784,1.675,-0.0035,0.5,2.3624,1.6557,0.37,2.7454,4.434,0.0986
150.951,seguindo,normal,2.7829,4.0565,1.6538,1.638,-0.0158,0.5,2.3239,1.9524,0.37,2.7586,4.4179,0.107
151.0,seguindo,normal,2.7807,4.0691,1.6384,1.6841,0.0457,0.5,2.3114,2.4241,0.37,2.7353,4.4675,0.1059
151.05,seguindo,normal,2.7779,4.0885,1.6184,1.6826,0.0642,0.5,2.2924,2.4241,0.37,2.7353,4.4675,0.1035
151.102,seguindo,normal,2.7757,4.1084,1.6011,1.6827,0.0816,0.5,2.2733,2.4241,0.37,2.7353,4.4675,0.0998
151.152,seguindo,normal,2.7748,4.12,1.5939,1.7279,0.1341,0.5,2.2622,3.215,0.37,2.7119,4.5171,0.0972
151.2,seguindo,normal,2.774,4.1315,1.5863,1.7304,0.1441,0.5,2.2513,3.215,0.37,2.7119,4.5171,0.0945
151.25,seguindo,normal,2.7734,4.1487,1.5818,1.7362,0.1545,0.5,2.2352,3.215,0.37,2.7119,4.5171,0.0896
151.3,seguindo,normal,2.7732,4.1603,1.5813,1.741,0.1597,0.5,2.2245,3.215,0.37,2.7119,4.5171,0.0859
151.353,seguindo,normal,2.7733,4.1775,1.5845,1.9278,0.3434,0.5,2.2087,5.24,1.0,2.406,5.162,0.0801
151.4,seguindo,normal,2.7734,4.189,1.5881,1.9318,0.3437,0.5,2.1982,5.24,1.0,2.406,5.162,0.0762
151.452,seguindo,normal,2.7735,4.2062,1.5938,1.9378,0.344,0.5,2.1825,5.24,1.0,2.406,5.162,0.0699
151.501,seguindo,normal,2.7735,4.2234,1.5996,1.9474,0.3478,0.5,2.1668,9.2319,1.0,2.3828,5.2116,0.0637
151.55,seguindo,normal,2.7735,4.2349,1.6032,1.9513,0.3481,0.5,2.1563,9.2319,1.0,2.3828,5.2116,0.0596
151.6,seguindo,normal,2.7734,4.2464,1.6068,1.9553,0.3486,0.5,2.1457,9.2319,1.0,2.3828,5.2116,0.0555
151.65,seguindo,normal,2.773,4.2638,1.6106,1.9614,0.3508,0.5,2.1298,9.2319,1.0,2.3828,5.2116,0.0491
151.7,seguindo,normal,2.7727,4.2754,1.6125,1.9654,0.353,0.5,2.1191,9.2319,1.0,2.3828,5.2116,0.045
151.75,seguindo,normal,2.7722,4.2928,1.6152,1.9735,0.3583,0.5,2.103,17.9321,1.0,2.3596,5.2613,0.0387
151.8,seguindo,normal,2.7718,4.3044,1.6169,1.9775,0.3606,0.5,2.0923,17.9321,1.0,2.3596,5.2613,0.0346
151.85,seguindo,normal,2.7717,4.3193,1.6251,1.9977,0.3726,0.5,2.0791,17.9321,1.0,2.3459,5.2555,0.0277
151.9,seguindo,normal,2.772,4.3283,1.6346,2.0016,0.3669,0.5,2.0712,17.9321,1.0,2.3459,5.2555,0.0238
151.951,seguindo,normal,2.7726,4.3418,1.654,2.0084,0.3543,0.5,2.0592,20.5198,1.0,2.3221,5.3048,0.0175
152.0,seguindo,normal,2.7731,4.3508,1.6705,2.0124,0.3419,0.5,2.0514,20.5198,1.0,2.3221,5.3048,0.0133
152.05,seguindo,normal,2.7739,4.3645,1.6993,2.0187,0.3195,0.5,2.0394,20.5198,1.0,2.3221,5.3048,0.0069
152.1,seguindo,normal,2.7745,4.3736,1.7218,2.0231,0.3012,0.5,2.0316,20.5198,1.0,2.3221,5.3048,0.0025
152.15,seguindo,normal,2.7752,4.3873,1.7587,2.0295,0.2708,0.5,2.0197,20.5198,1.0,2.3221,5.3048,-0.004
152.201,seguindo,normal,2.7757,4.4007,1.7983,2.0352,0.2368,0.5,2.0079,19.1396,1.0,2.2982,5.354,-0.0102
152.251,seguindo,normal,2.7756,4.4097,1.8238,2.0389,0.2151,0.5,1.9999,19.1396,1.0,2.2982,5.354,-0.014
152.301,seguindo,normal,2.7751,4.4229,1.8607,2.0441,0.1835,0.5,1.9878,19.1396,1.0,2.2982,5.354,-0.0192
152.35,seguindo,normal,2.7743,4.4317,1.8832,2.0473,0.1641,0.5,1.9797,19.1396,1.0,2.2982,5.354,-0.0223
152.4,seguindo,normal,2.7732,4.4404,1.9044,2.0502,0.1458,0.5,1.9715,19.1396,1.0,2.2982,5.354,-0.0251
152.453,seguindo,normal,2.771,4.4535,1.9347,2.0445,0.1098,0.5,1.9531,18.2281,1.0,2.2846,5.4024,-0.0241
152.501,seguindo,normal,2.7682,4.4668,1.9631,2.0479,0.0848,0.5,1.94,18.2281,1.0,2.2846,5.4024,-0.0273
152.551,seguindo,normal,2.766,4.4758,1.9809,2.0499,0.069,0.5,1.9311,18.2281,1.0,2.2846,5.4024,-0.0292
152.6,seguindo,normal,2.7636,4.4847,1.9982,2.0518,0.0537,0.5,1.922,18.2281,1.0,2.2846,5.4024,-0.0309
152.65,seguindo,normal,2.7596,4.4981,2.0236,2.0544,0.0308,0.5,1.9082,18.2281,1.0,2.2846,5.4024,-0.0331
152.7,seguindo,normal,2.7565,4.5071,2.0395,2.0544,0.0149,0.5,1.8988,19.1403,1.0,2.2603,5.4518,-0.0343
152.751,seguindo,normal,2.7516,4.5206,2.0626,2.0563,-0.0064,0.5,1.8846,19.1403,1.0,2.2603,5.4518,-0.0358
152.801,seguindo,normal,2.7461,4.5342,2.0836,2.0577,-0.026,0.5,1.87,19.1403,1.0,2.2603,5.4518,-0.0368
152.85,seguindo,normal,2.7421,4.5433,2.0964,2.0584,-0.038,0.5,1.8601,19.1403,1.0,2.2603,5.4518,-0.0372
152.901,seguindo,normal,2.7379,4.5524,2.1081,2.0589,-0.0492,0.5,1.85,19.1403,1.0,2.2603,5.4518,-0.0373
152.95,seguindo,normal,2.7301,4.5674,2.1223,2.0576,-0.0647,0.5,1.8331,18.9839,1.0,2.2359,5.5012,-0.0369
153.0,seguindo,normal,2.7215,4.5831,2.1341,2.0573,-0.0768,0.5,1.8153,18.9839,1.0,2.2359,5.5012,-0.0359
153.051,seguindo,normal,2.7152,4.5932,2.1357,2.0472,-0.0885,0.5,1.8066,18.9839,1.0,2.2429,5.5085,-0.0317
153.1,seguindo,normal,2.7089,4.6034,2.1369,2.0462,-0.0906,0.5,1.7947,18.9839,1.0,2.2429,5.5085,-0.0304
153.15,seguindo,normal,2.6993,4.6185,2.1373,2.0436,-0.0936,0.5,1.7769,19.8845,1.0,2.2187,5.558,-0.0282
153.201,seguindo,normal,2.6897,4.6336,2.137,2.042,-0.095,0.5,1.759,19.8845,1.0,2.2187,5.558,-0.026
153.25,seguindo,normal,2.6833,4.6437,2.1371,2.0409,-0.0961,0.5,1.7472,19.8845,1.0,2.2187,5.558,-0.0245
153.3,seguindo,normal,2.6737,4.6587,2.1372,2.0385,-0.0987,0.5,1.7295,17.9188,1.0,2.1945,5.6076,-0.0222
153.35,seguindo,normal,2.6675,4.6687,2.138,2.0374,-0.1006,0.5,1.7177,17.9188,1.0,2.1945,5.6076,-0.0208
153.4,seguindo,normal,2.6612,4.6787,2.1388,2.0363,-0.1024,0.5,1.706,17.9188,1.0,2.1945,5.6076,-0.0194
153.45,seguindo,normal,2.6519,4.6935,2.1409,2.0347,-0.1062,0.5,1.6885,17.9188,1.0,2.1945,5.6076,-0.0173
153.5,seguindo,normal,2.6457,4.7034,2.1426,2.0331,-0.1096,0.5,1.677,20.3827,1.0,2.1705,5.6571,-0.0159
153.55,seguindo,normal,2.6365,4.7181,2.1456,2.0315,-0.1141,0.5,1.6596,20.3827,1.0,2.1705,5.6571,-0.0138
153.6,seguindo,normal,2.6303,4.7279,2.1476,2.0303,-0.1173,0.5,1.6481,20.3827,1.0,2.1705,5.6571,-0.0123
153.65,seguindo,normal,2.621,4.7426,2.1507,2.0286,-0.1222,0.5,1.6308,20.3827,1.0,2.1705,5.6571,-0.0102
153.7,seguindo,normal,2.6117,4.7573,2.1538,2.0263,-0.1276,0.5,1.6136,18.7777,1.0,2.1467,5.7066,-0.0079
153.751,seguindo,normal,2.6055,4.767,2.1558,2.025,-0.1308,0.5,1.602,18.7777,1.0,2.1467,5.7066,-0.0064
153.8,seguindo,normal,2.5992,4.7768,2.1578,2.0237,-0.1341,0.5,1.5905,18.7777,1.0,2.1467,5.7066,-0.0049
153.85,seguindo,normal,2.5897,4.7914,2.1608,2.0216,-0.1392,0.5,1.5732,18.7777,1.0,2.1467,5.7066,-0.0026
153.9,seguindo,normal,2.5834,4.8011,2.1628,2.02,-0.1428,0.5,1.5617,20.0888,1.0,2.123,5.7561,-0.001
153.95,seguindo,normal,2.5738,4.8157,2.1655,2.0178,-0.1477,0.5,1.5444,20.0888,1.0,2.123,5.7561,0.0014
154.0,seguindo,normal,2.5674,4.8254,2.1672,2.0162,-0.151,0.5,1.5329,20.0888,1.0,2.123,5.7561,0.003
154.05,seguindo,normal,2.5578,4.8399,2.1699,2.0139,-0.1559,0.5,1.5156,18.0839,1.0,2.0994,5.8057,0.0054
154.1,seguindo,normal,2.5514,4.8496,2.1716,2.0124,-0.1593,0.5,1.5041,18.0839,1.0,2.0994,5.8057,0.007
154.15,seguindo,normal,2.5417,4.8641,2.1743,2.0208,-0.1535,0.5,1.4892,18.0839,1.0,2.0881,5.803,0.0089
154.2,seguindo,normal,2.5352,4.8737,2.176,2.0192,-0.1568,0.5,1.4777,18.0839,1.0,2.0881,5.803,0.0104
154.25,seguindo,normal,2.5254,4.8882,2.1787,2.0174,-0.1613,0.5,1.4604,20.1969,1.0,2.0638,5.8522,0.0127
154.3,seguindo,normal,2.5189,4.8978,2.1805,2.0157,-0.1648,0.5,1.4489,20.1969,1.0,2.0638,5.8522,0.0143
154.352,seguindo,normal,2.5091,4.9122,2.1833,2.0132,-0.1701,0.5,1.4316,20.1969,1.0,2.0638,5.8522,0.0167
154.4,seguindo,normal,2.5025,4.9218,2.1851,2.0114,-0.1737,0.5,1.4201,20.1969,1.0,2.0638,5.8522,0.0183
154.45,seguindo,normal,2.4926,4.9361,2.1878,2.01,-0.1778,0.5,1.4029,19.2358,1.0,2.039,5.9015,0.0207
154.501,seguindo,normal,2.4827,4.9505,2.1905,2.0073,-0.1832,0.5,1.3857,19.2358,1.0,2.039,5.9015,0.0232
154.55,seguindo,normal,2.4761,4.96,2.1923,2.0054,-0.1869,0.5,1.3742,19.2358,1.0,2.039,5.9015,0.0248
154.6,seguindo,normal,2.4694,4.9695,2.1941,2.0034,-0.1907,0.5,1.3627,19.2358,1.0,2.039,5.9015,0.0265
154.65,seguindo,normal,2.4594,4.9838,2.1968,2.0027,-0.1941,0.5,1.3455,18.9041,1.0,2.0137,5.9508,0.0291
154.7,seguindo,normal,2.4493,4.998,2.1996,1.9997,-0.1999,0.5,1.3283,18.9041,1.0,2.0137,5.9508,0.0317
154.75,seguindo,normal,2.4426,5.0075,2.2014,1.9976,-0.2038,0.5,1.3169,18.9041,1.0,2.0137,5.9508,0.0335
154.8,seguindo,normal,2.4359,5.017,2.2033,1.9954,-0.2078,0.5,1.3055,18.9041,1.0,2.0137,5.9508,0.0352
154.851,seguindo,normal,2.4257,5.0311,2.2059,1.9955,-0.2104,0.5,1.2883,19.0441,1.0,1.9876,6.0,0.038
154.9,seguindo,normal,2.4189,5.0406,2.2077,1.9933,-0.2144,0.5,1.2769,19.0441,1.0,1.9876,6.0,0.0399
154.95,seguindo,normal,2.4087,5.0547,2.2103,1.9899,-0.2204,0.5,1.2597,19.0441,1.0,1.9876,6.0,0.0427
155.0,seguindo,normal,2.4019,5.0641,2.2121,1.9875,-0.2246,0.5,1.2483,19.0441,1.0,1.9876,6.0,0.0446
155.05,seguindo,normal,2.3916,5.0782,2.2148,1.9884,-0.2264,0.5,1.2312,11.087,1.0,1.9608,6.0492,0.0476
155.1,seguindo,normal,2.3848,5.0876,2.2166,1.986,-0.2305,0.5,1.2198,11.087,1.0,1.9608,6.0492,0.0496
155.15,seguindo,normal,2.3744,5.1016,2.2192,1.9824,-0.2368,0.5,1.2028,11.087,1.0,1.9608,6.0492,0.0527
155.2,seguindo,normal,2.3675,5.111,2.2209,1.9798,-0.2411,0.5,1.1914,11.087,1.0,1.9608,6.0492,0.0548
155.25,seguindo,normal,2.3571,5.125,2.2236,1.957,-0.2666,0.5,1.1664,7.2745,1.0,1.9602,6.1011,0.066
155.3,seguindo,normal,2.3467,5.1389,2.2264,1.9528,-0.2736,0.5,1.1495,7.2745,1.0,1.9602,6.1011,0.0696
155.351,seguindo,normal,2.3397,5.1482,2.2282,1.9498,-0.2784,0.5,1.1382,7.2745,1.0,1.9602,6.1011,0.072
155.4,seguindo,normal,2.3327,5.1575,2.2301,1.9534,-0.2766,0.5,1.127,5.8323,1.0,1.933,6.1507,0.0744
155.451,seguindo,normal,2.3222,5.1714,2.2328,1.9491,-0.2837,0.5,1.1101,5.8323,1.0,1.933,6.1507,0.078
155.5,seguindo,normal,2.3152,5.1807,2.2346,1.9461,-0.2885,0.5,1.0989,5.8323,1.0,1.933,6.1507,0.0805
155.55,seguindo,normal,2.3046,5.1945,2.2373,1.9415,-0.2958,0.5,1.0821,5.8323,1.0,1.933,6.1507,0.0843
155.602,seguindo,normal,2.294,5.2083,2.2399,1.9441,-0.2959,0.5,1.0654,5.3832,1.0,1.9055,6.2003,0.0882
155.65,seguindo,normal,2.2869,5.2175,2.2417,1.941,-0.3008,0.5,1.0542,5.3832,1.0,1.9055,6.2003,0.0908
155.7,seguindo,normal,2.2797,5.2267,2.2435,1.9378,-0.3057,0.5,1.0431,5.3832,1.0,1.9055,6.2003,0.0934
155.75,seguindo,normal,2.269,5.2405,2.2463,1.9329,-0.3134,0.5,1.0264,5.3832,1.0,1.9055,6.2003,0.0973
155.8,seguindo,normal,2.2619,5.2496,2.2481,1.9295,-0.3186,0.5,1.0153,5.5458,1.0,1.9055,6.2003,0.1
155.85,seguindo,normal,2.2504,5.2636,2.246,1.9236,-0.3224,0.5,0.9982,5.5458,1.0,1.9055,6.2003,0.1045
155.901,seguindo,normal,2.2386,5.2778,2.2411,1.9173,-0.3238,0.5,0.9808,5.5458,1.0,1.9055,6.2003,0.1092
155.951,seguindo,normal,2.2305,5.2871,2.2328,1.9127,-0.3201,0.5,0.9694,4.9782,1.0,1.9055,6.2003,0.1127
156.0,seguindo,normal,2.2224,5.2964,2.2244,1.908,-0.3164,0.5,0.9579,4.9782,1.0,1.9055,6.2003,0.116
156.05,seguindo,normal,2.2102,5.3102,2.2067,1.9006,-0.3061,0.5,0.9408,4.9782,1.0,1.9055,6.2003,0.1213
156.101,seguindo,normal,2.198,5.3242,2.1863,1.8931,-0.2932,0.5,0.9237,4.9782,1.0,1.9055,6.2003,0.1263
156.15,seguindo,normal,2.1899,5.3334,2.1681,1.8878,-0.2803,0.5,0.9124,4.2269,1.0,1.9055,6.2003,0.1298
156.2,seguindo,normal,2.1818,5.3427,2.1497,1.8825,-0.2671,0.5,0.9011,4.2269,1.0,1.9055,6.2003,0.1331
156.25,seguindo,normal,2.1701,5.357,2.1221,1.8749,-0.2472,0.5,0.8839,4.2269,1.0,1.9055,6.2003,0.1376
156.3,seguindo,normal,2.1625,5.3666,2.1037,1.8699,-0.2338,0.5,0.8724,4.2269,1.0,1.9055,6.2003,0.1402
156.35,seguindo,normal,2.1515,5.3814,2.0762,1.8605,-0.2158,0.5,0.8482,2.5084,1.0,1.9092,6.1943,0.1459
156.4,seguindo,normal,2.1408,5.3966,2.0488,1.8534,-0.1955,0.5,0.8307,2.5084,1.0,1.9092,6.1943,0.149
156.45,seguindo,normal,2.1339,5.4068,2.0307,1.8488,-0.182,0.5,0.8189,2.5084,1.0,1.9092,6.1943,0.1507
156.5,seguindo,normal,2.1239,5.4225,2.0037,1.8421,-0.1616,0.5,0.8011,5.2451,1.0,1.9092,6.1943,0.1529
156.55,seguindo,normal,2.1175,5.4331,1.986,1.8378,-0.1481,0.5,0.7891,5.2451,1.0,1.9092,6.1943,0.1542
156.6,seguindo,normal,2.1112,5.4439,1.9683,1.8337,-0.1346,0.5,0.7771,5.2451,1.0,1.9092,6.1943,0.1551
156.65,seguindo,normal,2.1021,5.4603,1.9422,1.8278,-0.1145,0.5,0.7589,4.6468,1.0,1.9092,6.1943,0.1562
156.701,seguindo,normal,2.0934,5.477,1.9166,1.8222,-0.0945,0.5,0.7406,4.6468,1.0,1.9092,6.1943,0.1567
156.75,seguindo,normal,2.0878,5.4883,1.8999,1.8186,-0.0813,0.5,0.7282,4.6468,1.0,1.9092,6.1943,0.1568
156.8,seguindo,normal,2.0825,5.4997,1.8835,1.8152,-0.0682,0.5,0.7158,4.6468,1.0,1.9092,6.1943,0.1567
156.85,seguindo,normal,2.0747,5.5172,1.8596,1.8011,-0.0585,0.5,0.6911,3.6997,1.0,1.917,6.1901,0.1584
156.9,seguindo,normal,2.0699,5.529,1.8442,1.7981,-0.0461,0.5,0.6785,3.6997,1.0,1.917,6.1901,0.1577
156.95,seguindo,normal,2.0629,5.5472,1.8225,1.794,-0.0285,0.5,0.6592,3.6997,1.0,1.917,6.1901,0.1562
157.0,seguindo,normal,2.0565,5.5657,1.8022,1.7906,-0.0116,0.5,0.6398,1.1693,1.0,1.917,6.1901,0.1541
157.05,seguindo,normal,2.0525,5.5784,1.7904,1.7888,-0.0016,0.5,0.6265,1.1693,1.0,1.917,6.1901,0.1522
157.1,seguindo,normal,2.0469,5.5977,1.7736,1.7866,0.013,0.5,0.6065,1.1693,1.0,1.917,6.1901,0.1491
157.15,seguindo,normal,2.044,5.6089,1.7669,1.786,0.0191,0.5,0.5949,5.0591,1.0,1.917,6.1901,0.1469
157.2,seguindo,normal,2.0399,5.6256,1.7563,1.7852,0.0289,0.5,0.5777,5.0591,1.0,1.917,6.1901,0.1435
157.251,seguindo,normal,2.0378,5.6369,1.7561,1.7858,0.0297,0.5,0.5662,5.0591,1.0,1.917,6.1901,0.1407
157.3,seguindo,normal,2.0357,5.6482,1.7562,1.7864,0.0302,0.5,0.5547,5.0591,1.0,1.917,6.1901,0.1378
157.35,seguindo,normal,2.0328,5.6651,1.7599,1.7879,0.028,0.5,0.5376,4.3688,1.0,1.917,6.1901,0.1333
157.4,seguindo,normal,2.0309,5.6764,1.7638,1.7891,0.0252,0.5,0.5261,4.3688,1.0,1.917,6.1901,0.1302
157.45,seguindo,normal,2.0281,5.6934,1.77,1.7908,0.0208,0.5,0.509,4.3688,1.0,1.917,6.1901,0.1256
157.5,seguindo,normal,2.0261,5.7046,1.7742,1.7919,0.0177,0.5,0.4976,4.3688,1.0,1.917,6.1901,0.1226
157.552,seguindo,normal,2.023,5.7216,1.7799,1.7934,0.0135,0.5,0.4803,3.0427,1.0,1.917,6.1901,0.1182
157.6,seguindo,normal,2.0198,5.7385,1.785,1.7947,0.0098,0.5,0.4631,3.0427,1.0,1.917,6.1901,0.114
157.65,seguindo,normal,2.0175,5.7499,1.7872,1.7953,0.0081,0.5,0.4515,3.0427,1.0,1.917,6.1901,0.1113
157.7,seguindo,normal,2.0152,5.7612,1.7893,1.7959,0.0066,0.5,0.44,3.0427,1.0,1.917,6.1901,0.1086
157.75,seguindo,normal,2.0116,5.7783,1.7921,1.8041,0.012,0.5,0.4195,5.6058,1.0,1.9146,6.1864,0.1039
157.8,seguindo,normal,2.0092,5.7896,1.7938,1.8047,0.011,0.4947,0.4079,5.6058,1.0,1.9146,6.1864,0.1012
157.85,seguindo,normal,2.0055,5.8067,1.7963,1.8057,0.0094,0.484,0.3904,5.6058,1.0,1.9146,6.1864,0.0971
157.901,seguindo,normal,2.0018,5.8238,1.7987,1.8066,0.0079,0.473,0.3729,5.6939,1.0,1.9146,6.1864,0.0929
157.95,seguindo,normal,1.9993,5.8352,1.8004,1.8072,0.0068,0.4656,0.3613,5.6939,1.0,1.9146,6.1864,0.0902
158.0,seguindo,normal,1.9967,5.8465,1.802,1.8078,0.0058,0.458,0.3496,5.6939,1.0,1.9146,6.1864,0.0875
158.05,seguindo,normal,1.9929,5.8636,1.8045,1.8087,0.0041,0.4464,0.3322,5.6939,1.0,1.9146,6.1864,0.0833
158.1,seguindo,normal,1.9903,5.8749,1.8062,1.8092,0.003,0.4385,0.3205,5.6939,1.0,1.9146,6.1864,0.0806
158.15,seguindo,normal,1.9865,5.8919,1.8088,1.81,0.0012,0.4264,0.3031,6.4283,1.0,1.9146,6.1864,0.0764
158.2,seguindo,normal,1.9838,5.9033,1.8105,1.8105,0.0,0.4182,0.2914,6.4283,1.0,1.9146,6.1864,0.0737
158.251,seguindo,normal,1.9799,5.9202,1.8133,1.8112,-0.002,0.4055,0.274,6.4283,1.0,1.9146,6.1864,0.0695
158.3,seguindo,normal,1.9759,5.9372,1.8162,1.8119,-0.0043,0.3924,0.2566,7.0467,1.0,1.9146,6.1864,0.0653
