t,estado,x,y,rumo,rumo_alvo,erro_rumo,v_alvo,dist,raio_curva,desvio_lateral
13.5,seguindo,-0.0,-0.0,-0.0,-0.0408,-0.0408,0.5,7.2074,13.3361,0.019
13.55,seguindo,-0.0,-0.0,-0.0,-0.0408,-0.0408,0.5,7.2074,13.3361,0.019
13.6,seguindo,-0.0,-0.0,-0.0,-0.0408,-0.0408,0.5,7.2074,13.3361,0.019
13.65,seguindo,-0.0,-0.0,-0.0,-0.0408,-0.0408,0.5,7.2074,13.3361,0.019
13.7,seguindo,-0.0,-0.0,-0.0,-0.0408,-0.0408,0.5,7.2074,13.3361,0.019
13.75,seguindo,-0.0,-0.0,-0.0,-0.0408,-0.0408,0.5,7.2074,13.3361,0.019
13.8,seguindo,-0.0,-0.0,-0.0,-0.0408,-0.0408,0.5,7.2074,13.3361,0.019
13.85,seguindo,-0.0,-0.0,-0.0,-0.0408,-0.0408,0.5,7.2074,13.3361,0.019
13.9,seguindo,-0.0,-0.0,-0.0,-0.0408,-0.0408,0.5,7.2074,13.3361,0.019
13.95,seguindo,0.0027,0.0003,-0.0037,-0.0412,-0.0375,0.5,7.2049,13.3361,0.0193
14.0,seguindo,0.0059,0.0007,-0.0088,-0.0418,-0.0329,0.5,7.202,13.3361,0.0197
14.05,seguindo,0.0135,0.0015,-0.0202,-0.042,-0.0219,0.5,7.1951,20.0045,0.0205
14.1,seguindo,0.0199,0.0022,-0.0303,-0.043,-0.0126,0.5,7.1893,20.0045,0.0212
14.15,seguindo,0.0322,0.003,-0.0461,-0.0443,0.0018,0.5,7.1784,20.0045,0.022
14.2,seguindo,0.0418,0.0033,-0.0563,-0.045,0.0112,0.5,7.1701,20.0045,0.0223
14.25,seguindo,0.0589,0.0035,-0.0722,-0.046,0.0262,0.5,7.1554,20.0045,0.0225
14.3,seguindo,0.0718,0.0033,-0.0825,-0.0454,0.0371,0.5,7.1446,40.0104,0.0223
14.35,seguindo,0.0915,0.0028,-0.0974,-0.0457,0.0517,0.5,7.1282,40.0104,0.0218
14.4,seguindo,0.1048,0.0021,-0.1066,-0.0457,0.0608,0.5,7.1172,40.0104,0.0211
14.45,seguindo,0.1244,0.0009,-0.1179,-0.0443,0.0735,0.5,7.1013,inf,0.0199
14.5,seguindo,0.1373,-0.0002,-0.1242,-0.0439,0.0804,0.5,7.091,inf,0.0188
14.55,seguindo,0.156,-0.002,-0.1309,-0.0349,0.096,0.5,7.0761,inf,0.0173
14.6,seguindo,0.1683,-0.0034,-0.134,-0.0331,0.1009,0.5,7.0665,inf,0.0161
14.65,seguindo,0.1862,-0.0058,-0.1352,-0.0313,0.1038,0.5,7.0526,inf,0.0141
14.7,seguindo,0.1979,-0.0074,-0.1347,-0.0301,0.1047,0.5,7.0436,inf,0.0127
14.75,seguindo,0.2151,-0.0099,-0.132,-0.0275,0.1045,0.5,7.0305,inf,0.0104
14.8,seguindo,0.2265,-0.0116,-0.1294,-0.0261,0.1033,0.5,7.0218,inf,0.0089
14.85,seguindo,0.2435,-0.0142,-0.125,-0.024,0.101,0.5,7.0089,inf,0.0067
14.9,seguindo,0.2548,-0.0158,-0.1219,-0.0226,0.0993,0.5,7.0003,inf,0.0052
14.95,seguindo,0.2718,-0.0182,-0.1174,-0.0327,0.0848,0.5,6.9861,inf,0.0041
15.0,seguindo,0.2831,-0.0198,-0.1145,-0.0315,0.0831,0.5,6.9773,inf,0.0028
15.05,seguindo,0.3002,-0.022,-0.1106,-0.0297,0.0809,0.5,6.9641,inf,0.0011
15.1,seguindo,0.3117,-0.0235,-0.1082,-0.0286,0.0796,0.5,6.9552,inf,-0.0001
15.15,seguindo,0.3289,-0.0256,-0.1051,-0.027,0.0781,0.5,6.9418,inf,-0.0017
15.2,seguindo,0.3404,-0.027,-0.1031,-0.0259,0.0772,0.5,6.9328,inf,-0.0027
15.25,seguindo,0.3577,-0.029,-0.1004,-0.0244,0.0761,0.5,6.9193,inf,-0.0042
15.3,seguindo,0.3693,-0.0302,-0.0988,-0.0236,0.0752,0.5,6.9103,inf,-0.0052
15.35,seguindo,0.3867,-0.0321,-0.0963,-0.0221,0.0742,0.5,6.8967,inf,-0.0066
15.4,seguindo,0.3982,-0.0334,-0.0947,-0.0211,0.0736,0.5,6.8877,inf,-0.0075
15.45,seguindo,0.4156,-0.0352,-0.0922,-0.02,0.0722,0.5,6.8741,inf,-0.0088
15.5,seguindo,0.4272,-0.0364,-0.0905,-0.0191,0.0715,0.5,6.8651,inf,-0.0097
15.55,seguindo,0.4446,-0.0382,-0.088,-0.0958,-0.0078,0.5,6.8515,1.1572,-0.0124
15.6,seguindo,0.4561,-0.0393,-0.0863,-0.0916,-0.0054,0.5,6.8424,0.9582,-0.0097
15.65,seguindo,0.4735,-0.041,-0.0836,-0.0915,-0.0079,0.5,6.8289,0.9582,-0.0056
15.7,seguindo,0.4851,-0.0421,-0.0818,-0.0915,-0.0097,0.5,6.8198,0.9582,-0.0028
15.75,seguindo,0.5024,-0.0438,-0.0791,-0.0915,-0.0123,0.5,6.8062,0.9582,0.0013
15.8,seguindo,0.514,-0.0448,-0.0773,-0.0876,-0.0103,0.5,6.7972,0.6243,0.0041
15.85,seguindo,0.5314,-0.0464,-0.0746,-0.0946,-0.02,0.5,6.7817,0.6243,0.01
15.9,seguindo,0.5429,-0.0474,-0.0728,-0.0947,-0.0219,0.5,6.7726,0.6243,0.0129
15.95,seguindo,0.5603,-0.0488,-0.0701,-0.0911,-0.021,0.5,6.7589,0.8089,0.0173
16.0,seguindo,0.5719,-0.0498,-0.0683,-0.0912,-0.0229,0.5,6.7498,0.8089,0.0202
16.05,seguindo,0.5893,-0.0512,-0.0656,-0.0914,-0.0258,0.5,6.7361,0.8089,0.0247
16.1,seguindo,0.6009,-0.0521,-0.0638,-0.0916,-0.0278,0.5,6.7269,0.8089,0.0277
16.15,seguindo,0.6182,-0.0534,-0.0611,-0.0882,-0.0271,0.5,6.7132,1.1572,0.0322
16.2,seguindo,0.6298,-0.0542,-0.0593,-0.0884,-0.0291,0.5,6.704,1.1572,0.0353
16.25,seguindo,0.6472,-0.0554,-0.0566,-0.0887,-0.0321,0.5,6.6903,1.1572,0.0399
16.3,seguindo,0.6588,-0.0562,-0.0548,-0.089,-0.0341,0.5,6.6811,1.1572,0.043
16.35,seguindo,0.6762,-0.0574,-0.0523,-0.0858,-0.0335,0.5,6.6673,2.0398,0.0477
16.4,seguindo,0.6878,-0.0581,-0.0506,-0.0861,-0.0355,0.5,6.6581,2.0398,0.0509
16.45,seguindo,0.7053,-0.0592,-0.048,-0.0865,-0.0385,0.5,6.6443,2.0398,0.0557
16.5,seguindo,0.7169,-0.0599,-0.0462,-0.0868,-0.0406,0.5,6.6351,2.0398,0.0589
16.55,seguindo,0.7343,-0.0609,-0.0434,-0.0838,-0.0405,0.5,6.6213,inf,0.0637
16.6,seguindo,0.7458,-0.0615,-0.0415,-0.0336,0.0079,0.5,6.6121,inf,0.0163
16.65,seguindo,0.7632,-0.0625,-0.0388,-0.0325,0.0063,0.5,6.5983,inf,0.0157
16.7,seguindo,0.7749,-0.063,-0.037,-0.0323,0.0047,0.5,6.5891,inf,0.0153
16.75,seguindo,0.7923,-0.0639,-0.0343,-0.0479,-0.0136,0.5,6.5834,inf,0.0174
16.8,seguindo,0.8039,-0.0644,-0.0325,-0.048,-0.0155,0.5,6.5741,inf,0.0172
16.85,seguindo,0.8213,-0.0652,-0.0298,-0.0472,-0.0174,0.5,6.5601,inf,0.017
16.9,seguindo,0.8329,-0.0657,-0.028,-0.0472,-0.0192,0.5,6.5507,inf,0.0169
16.95,seguindo,0.8503,-0.0663,-0.0253,-0.0474,-0.0221,0.5,6.5367,inf,0.0167
17.0,seguindo,0.8619,-0.0668,-0.0235,-0.0475,-0.024,0.5,6.5273,inf,0.0167
17.05,seguindo,0.8794,-0.0674,-0.0208,-0.0469,-0.026,0.5,6.5132,inf,0.0166
17.1,seguindo,0.891,-0.0678,-0.0191,-0.0471,-0.028,0.5,6.5039,inf,0.0166
17.15,seguindo,0.9084,-0.0683,-0.0164,-0.0474,-0.031,0.5,6.4898,inf,0.0166
17.2,seguindo,0.92,-0.0686,-0.0146,-0.0468,-0.0321,0.5,6.4804,inf,0.0166
17.25,seguindo,0.9375,-0.0691,-0.0119,-0.0471,-0.0352,0.5,6.4663,inf,0.0167
17.3,seguindo,0.9491,-0.0693,-0.0101,-0.0474,-0.0373,0.5,6.4569,inf,0.0168
17.35,seguindo,0.9665,-0.0697,-0.0074,-0.0479,-0.0404,0.5,6.4428,inf,0.0169
17.4,seguindo,0.9781,-0.0699,-0.0057,-0.0473,-0.0417,0.5,6.4333,inf,0.0171
17.45,seguindo,0.9956,-0.0702,-0.003,-0.0479,-0.0449,0.5,6.4192,inf,0.0173
17.5,seguindo,1.0072,-0.0704,-0.0012,-0.0483,-0.0471,0.5,6.4098,inf,0.0175
17.55,seguindo,1.0246,-0.0706,0.0015,-0.048,-0.0495,0.5,6.3956,inf,0.0178
17.6,seguindo,1.0362,-0.0707,0.0033,-0.0484,-0.0517,0.5,6.3862,inf,0.018
17.65,seguindo,1.0537,-0.0709,0.006,-0.0209,-0.0269,0.5,6.3863,inf,0.0232
17.7,seguindo,1.0653,-0.0709,0.0078,-0.0211,-0.0288,0.5,6.3769,inf,0.0207
17.75,seguindo,1.0827,-0.071,0.0105,-0.0214,-0.0318,0.5,6.3627,inf,0.0207
17.8,seguindo,1.0944,-0.071,0.0122,-0.0206,-0.0328,0.5,6.3532,inf,0.0207
17.85,seguindo,1.1118,-0.071,0.0149,-0.021,-0.0359,0.5,6.3391,inf,0.0207
17.9,seguindo,1.1234,-0.0709,0.0167,-0.0212,-0.038,0.5,6.3296,inf,0.0207
17.95,seguindo,1.1408,-0.0709,0.0194,-0.0207,-0.0401,0.5,6.3154,inf,0.0208
18.0,seguindo,1.1525,-0.0708,0.0212,-0.021,-0.0422,0.5,6.3059,inf,0.0209
18.05,seguindo,1.1699,-0.0706,0.0239,-0.0215,-0.0454,0.5,6.2917,inf,0.0211
18.1,seguindo,1.1873,-0.0704,0.0266,-0.0222,-0.0487,0.5,6.2775,inf,0.0213
18.15,seguindo,1.199,-0.0702,0.0283,-0.0215,-0.0499,0.5,6.268,inf,0.0215
18.2,seguindo,1.2106,-0.07,0.0301,-0.022,-0.0521,0.5,6.2585,inf,0.0217
18.25,seguindo,1.228,-0.0697,0.0328,-0.0227,-0.0555,0.5,6.2442,inf,0.022
18.3,seguindo,1.2396,-0.0694,0.0346,-0.0221,-0.0567,0.5,6.2347,inf,0.0223
18.351,seguindo,1.2571,-0.069,0.0373,-0.0229,-0.0602,0.5,6.2204,inf,0.0227
18.4,seguindo,1.2745,-0.0686,0.04,-0.0237,-0.0637,0.5,6.2062,inf,0.0232
18.45,seguindo,1.2861,-0.0682,0.0418,-0.0243,-0.0661,0.5,6.1966,inf,0.0235
18.5,seguindo,1.2977,-0.0679,0.0436,-0.0238,-0.0673,0.5,6.1871,inf,0.0239
18.55,seguindo,1.3151,-0.0673,0.0462,-0.0368,-0.083,0.5,6.1827,inf,0.0285
18.6,seguindo,1.3326,-0.0667,0.0489,-0.038,-0.087,0.5,6.1683,inf,0.0293
18.65,seguindo,1.3442,-0.0663,0.0507,-0.0389,-0.0896,0.5,6.1587,inf,0.0298
18.7,seguindo,1.3558,-0.0658,0.0525,-0.0499,-0.1024,0.5,6.149,inf,-0.0275
18.75,seguindo,1.3732,-0.0651,0.0552,-0.0515,-0.1067,0.5,6.1346,inf,-0.0133
18.8,seguindo,1.3848,-0.0646,0.057,-0.0526,-0.1096,0.5,6.1249,inf,-0.0102
18.85,seguindo,1.4023,-0.0638,0.0597,-0.0544,-0.114,0.5,6.1105,inf,-0.0083
18.9,seguindo,1.4139,-0.0632,0.0615,-0.056,-0.1174,0.5,6.1008,inf,-0.0071
18.95,seguindo,1.4313,-0.0624,0.0641,-0.0578,-0.1219,0.5,6.0863,inf,-0.0051
19.0,seguindo,1.4429,-0.0618,0.0659,-0.0591,-0.125,0.5,6.0767,inf,-0.0037
19.05,seguindo,1.4603,-0.0608,0.0686,-0.0612,-0.1298,0.5,6.0622,inf,-0.0017
19.1,seguindo,1.4719,-0.0601,0.0704,-0.0626,-0.133,0.5,6.0525,inf,-0.0003
19.15,seguindo,1.4893,-0.0591,0.0731,-0.0647,-0.1378,0.5,6.038,inf,0.0018
19.2,seguindo,1.5009,-0.0584,0.0749,-0.0662,-0.1411,0.5,6.0283,inf,0.0033
19.25,seguindo,1.5183,-0.0573,0.0776,-0.0683,-0.1458,0.5,6.0138,inf,0.0055
19.3,seguindo,1.5299,-0.0565,0.0794,-0.0698,-0.1492,0.5,6.0041,inf,0.0069
19.35,seguindo,1.5473,-0.0553,0.082,-0.0723,-0.1543,0.5,5.9895,inf,0.0092
19.4,seguindo,1.5589,-0.0545,0.0838,-0.0734,-0.1573,0.5,5.9798,inf,0.0108
19.45,seguindo,1.5763,-0.0533,0.0865,-0.0674,-0.1539,0.5,5.9708,inf,0.0069
19.5,seguindo,1.5879,-0.0524,0.0883,-0.0691,-0.1574,0.5,5.9611,inf,0.0085
19.55,seguindo,1.6052,-0.051,0.091,-0.0717,-0.1627,0.5,5.9465,inf,0.0109
19.6,seguindo,1.6168,-0.0501,0.0928,-0.0729,-0.1656,0.5,5.9368,inf,0.0125
19.65,seguindo,1.6342,-0.0487,0.0955,-0.0755,-0.171,0.5,5.9222,inf,0.015
19.706,seguindo,1.6516,-0.0472,0.0981,-0.0771,-0.1753,0.5,5.9076,inf,0.0104
19.75,seguindo,1.6632,-0.0462,0.0999,-0.0784,-0.1784,0.5,5.8979,inf,0.0122
19.8,seguindo,1.6747,-0.0452,0.1017,-0.0804,-0.1821,0.5,5.8882,inf,0.014
19.85,seguindo,1.6921,-0.0436,0.1044,-0.0833,-0.1878,0.5,5.8736,inf,0.0167
19.9,seguindo,1.7037,-0.0426,0.1062,-0.0854,-0.1916,0.5,5.8638,inf,0.0186
19.95,seguindo,1.721,-0.0409,0.1089,-0.0876,-0.1965,0.5,5.8492,inf,0.0214
20.0,seguindo,1.7326,-0.0398,0.1107,-0.0897,-0.2004,0.5,5.8394,inf,0.0233
20.05,seguindo,1.7499,-0.038,0.1134,-0.093,-0.2064,0.5,5.8248,inf,0.0261
20.1,seguindo,1.7615,-0.0369,0.1152,-0.0939,-0.2091,0.5,5.815,inf,0.0281
20.15,seguindo,1.7789,-0.0351,0.1178,-0.0973,-0.2152,0.5,5.8004,inf,0.031
20.2,seguindo,1.7904,-0.0338,0.1196,-0.0997,-0.2193,0.5,5.7906,inf,0.033
20.25,seguindo,1.8077,-0.0319,0.1223,-0.1034,-0.2257,0.5,5.7759,inf,0.0361
20.3,seguindo,1.8193,-0.0307,0.1241,-0.104,-0.2281,0.5,5.7661,inf,0.0381
20.35,seguindo,1.8366,-0.0287,0.1268,-0.0823,-0.2091,0.5,5.7714,inf,0.0263
20.4,seguindo,1.8482,-0.0274,0.1286,-0.0846,-0.2131,0.5,5.7617,inf,0.0283
20.45,seguindo,1.8655,-0.0253,0.1313,-0.0881,-0.2194,0.5,5.7471,inf,0.0313
20.5,seguindo,1.877,-0.0239,0.133,-0.0889,-0.2219,0.5,5.7373,inf,0.0334
20.55,seguindo,1.8943,-0.0218,0.1357,-0.0925,-0.2282,0.5,5.7227,inf,0.0365
20.6,seguindo,1.9059,-0.0204,0.1374,-0.095,-0.2325,0.5,5.7129,inf,0.0385
20.65,seguindo,1.9232,-0.0182,0.1401,-0.099,-0.239,0.5,5.6983,inf,0.0417
20.7,seguindo,1.9347,-0.0167,0.1419,-0.0994,-0.2413,0.5,5.6885,inf,0.0438
20.75,seguindo,1.952,-0.0144,0.1446,-0.1085,-0.2531,0.5,5.6738,1.1572,-0.0115
20.8,seguindo,1.9635,-0.0129,0.1464,-0.1113,-0.2578,0.5,5.6641,1.1572,-0.0061
20.85,seguindo,1.9808,-0.0105,0.1491,-0.0959,-0.245,0.5,5.6494,0.9582,0.0019
20.9,seguindo,1.9923,-0.0089,0.1509,-0.0985,-0.2495,0.5,5.6396,0.9582,0.0073
20.95,seguindo,2.0095,-0.0065,0.1536,-0.1027,-0.2563,0.5,5.6249,0.9582,0.0154
21.0,seguindo,2.021,-0.0049,0.1554,-0.1056,-0.261,0.5,5.6151,0.9582,0.0208
21.05,seguindo,2.0383,-0.0024,0.1581,-0.0903,-0.2484,0.5,5.6004,0.6243,0.029
21.1,seguindo,2.0498,-0.0007,0.1599,-0.093,-0.2529,0.5,5.5906,0.6243,0.0344
21.15,seguindo,2.067,0.0019,0.1626,-0.0973,-0.2599,0.5,5.5759,0.6243,0.0427
21.2,seguindo,2.0785,0.0037,0.1644,-0.1002,-0.2646,0.5,5.5661,0.6243,0.0482
21.25,seguindo,2.0958,0.0063,0.1671,-0.077,-0.244,0.5,5.5557,0.8089,0.049
21.3,seguindo,2.1072,0.0081,0.1688,-0.0797,-0.2485,0.5,5.5458,0.8089,0.0546
21.35,seguindo,2.1245,0.0109,0.1715,-0.084,-0.2555,0.5,5.5311,0.8089,0.063
21.4,seguindo,2.1359,0.0127,0.1733,-0.0681,-0.2414,0.5,5.5213,1.1572,0.0686
21.45,seguindo,2.1532,0.0155,0.1759,-0.0721,-0.2481,0.5,5.5065,1.1572,0.077
21.5,seguindo,2.1646,0.0174,0.1777,-0.0749,-0.2526,0.5,5.4966,1.1572,0.0827
21.55,seguindo,2.1818,0.0203,0.1803,-0.0793,-0.2596,0.5,5.4818,1.1572,0.0912
21.6,seguindo,2.1933,0.0223,0.1821,-0.0635,-0.2456,0.5,5.472,1.9238,0.0969
21.65,seguindo,2.2105,0.0252,0.1848,-0.0677,-0.2525,0.5,5.4572,1.9238,0.1055
21.7,seguindo,2.2219,0.0272,0.1867,-0.0705,-0.2572,0.5,5.4473,1.9238,0.1112
21.75,seguindo,2.2391,0.0303,0.1894,-0.075,-0.2644,0.5,5.4325,1.9238,0.1199
21.8,seguindo,2.2505,0.0323,0.1912,-0.3843,-0.5755,0.5,5.4227,inf,-0.0152
21.85,seguindo,2.2677,0.0354,0.1939,-0.4105,-0.6044,0.5,5.4078,inf,-0.0044
21.9,seguindo,2.2791,0.0376,0.1957,-0.3788,-0.5745,0.5,5.398,inf,0.0028
21.95,seguindo,2.2962,0.0408,0.1984,-0.4034,-0.6018,0.5,5.3831,inf,0.0136
22.0,seguindo,2.3076,0.0429,0.2002,-0.4209,-0.6211,0.5,5.3732,inf,0.0208
22.05,seguindo,2.3248,0.0462,0.2028,-0.4491,-0.6519,0.5,5.3584,inf,0.0317
22.1,seguindo,2.3362,0.0484,0.2046,-0.4139,-0.6185,0.5,5.3485,inf,0.039
22.15,seguindo,2.3533,0.0517,0.2073,-0.4185,-0.6258,0.5,5.3365,inf,0.0435
22.2,seguindo,2.3647,0.054,0.2091,-0.4372,-0.6463,0.5,5.3266,inf,0.0508
22.25,seguindo,2.3812,0.0577,0.2068,-0.4671,-0.674,0.5,5.312,inf,0.0617
22.3,seguindo,2.3921,0.0602,0.2035,-0.4291,-0.6326,0.5,5.3024,inf,0.069
22.35,seguindo,2.4082,0.0643,0.1935,-0.4574,-0.6509,0.5,5.2878,inf,0.0801
22.4,seguindo,2.419,0.0671,0.1851,-0.4775,-0.6626,0.5,5.278,inf,0.0876
22.45,seguindo,2.435,0.0714,0.1674,-0.5096,-0.677,0.5,5.2634,inf,0.0988
22.5,seguindo,2.4509,0.0756,0.1469,-0.4778,-0.6247,0.5,5.249,inf,0.11
22.55,seguindo,2.4616,0.0786,0.1284,-0.4981,-0.6264,0.5,5.2392,inf,0.1175
22.6,seguindo,2.4722,0.0814,0.1097,-0.5188,-0.6285,0.5,5.2295,inf,0.125
22.65,seguindo,2.4881,0.0856,0.0766,-0.5514,-0.628,0.5,5.2151,inf,0.1361
22.7,seguindo,2.4987,0.0883,0.0527,-0.5738,-0.6265,0.5,5.2057,inf,0.1433
22.75,seguindo,2.5147,0.092,0.0138,-0.5355,-0.5492,0.5,5.1915,inf,0.1541
22.8,seguindo,2.5256,0.0942,-0.0133,-0.4459,-0.4326,0.5,5.1821,inf,0.0151
22.85,seguindo,2.5418,0.0971,-0.0551,-0.401,-0.3459,0.5,5.1829,inf,0.0144
22.9,seguindo,2.5526,0.0986,-0.0834,-0.4164,-0.333,0.5,5.1742,inf,0.0232
22.95,seguindo,2.5689,0.1004,-0.1255,-0.4396,-0.3141,0.5,5.1615,inf,0.0359
23.0,seguindo,2.5798,0.1011,-0.1533,-0.4121,-0.2588,0.5,5.1532,inf,0.0442
23.05,seguindo,2.5962,0.1018,-0.1955,-0.431,-0.2355,0.5,5.1413,inf,0.0562
23.1,seguindo,2.6071,0.1018,-0.2237,-0.4435,-0.2198,0.5,5.1337,inf,0.064
23.15,seguindo,2.6233,0.1013,-0.2666,-0.4248,-0.1582,0.5,5.112,inf,0.0863
23.2,seguindo,2.6341,0.1007,-0.2954,-0.4355,-0.1401,0.5,5.105,inf,0.0935
23.25,seguindo,2.6507,0.0988,-0.3367,-0.4509,-0.1142,0.5,5.0948,inf,0.104
23.3,seguindo,2.662,0.0968,-0.3617,-0.4604,-0.0987,0.5,5.0884,inf,0.1106
23.35,seguindo,2.6792,0.093,-0.3956,-0.3866,0.0091,0.5,5.0793,inf,0.1105
23.4,seguindo,2.6908,0.0898,-0.4157,-0.3901,0.0256,0.5,5.0736,inf,0.1086
23.45,seguindo,2.7083,0.0844,-0.4449,-0.3042,0.1406,0.5,5.0655,inf,0.1053
23.5,seguindo,2.7199,0.0805,-0.4641,-0.3037,0.1604,0.5,5.0604,inf,0.1028
23.55,seguindo,2.7348,0.0751,-0.4881,-0.3632,0.1249,0.5,5.0383,inf,0.1138
23.6,seguindo,2.7436,0.0718,-0.5041,-0.2581,0.2459,0.5,5.0346,inf,0.1117
23.65,seguindo,2.7591,0.0652,-0.5278,-0.252,0.2758,0.5,5.0286,inf,0.1072
23.7,seguindo,2.7705,0.0599,-0.5432,-0.2462,0.2971,0.5,5.0245,inf,0.1035
23.75,seguindo,2.7864,0.0516,-0.5596,-0.2352,0.3244,0.5,5.0194,inf,0.0975
23.8,seguindo,2.7966,0.046,-0.5678,-0.1207,0.4471,0.5,5.0165,inf,0.0933
23.85,seguindo,2.8115,0.037,-0.5735,0.0655,0.6389,0.5,5.0128,inf,0.0074
23.9,seguindo,2.8213,0.0308,-0.5747,0.0832,0.6579,0.5,5.0106,inf,0.0004
23.95,seguindo,2.8358,0.0212,-0.5734,0.1503,0.7237,0.5,5.0076,inf,-0.0103
24.0,seguindo,2.8455,0.0148,-0.5715,0.1694,0.7409,0.5,5.0057,inf,-0.0176
24.05,seguindo,2.8602,0.0052,-0.5694,0.1994,0.7688,0.5,5.0028,inf,-0.0284
24.1,seguindo,2.87,-0.0012,-0.5682,0.2205,0.7888,0.5,5.0009,inf,-0.0356
24.15,seguindo,2.8824,-0.0098,-0.5607,0.2715,0.8322,0.5,4.9989,inf,-0.0452
24.2,seguindo,2.8897,-0.0152,-0.5522,0.2883,0.8405,0.5,4.9979,inf,-0.0511
24.25,seguindo,2.9002,-0.0232,-0.5342,0.3142,0.8484,0.5,4.9968,inf,-0.06
24.3,seguindo,2.9069,-0.0286,-0.5192,0.3316,0.8507,0.5,4.9963,inf,-0.0659
24.35,seguindo,2.9163,-0.0364,-0.4914,0.3575,0.8489,0.5,4.9958,inf,-0.0745
24.4,seguindo,2.9224,-0.0415,-0.4702,0.3746,0.8449,0.5,4.9956,inf,-0.0801
24.45,seguindo,2.9312,-0.0491,-0.4339,0.4008,0.8347,0.5,4.9954,inf,-0.0884
24.5,seguindo,2.9371,-0.0541,-0.4077,0.4205,0.8282,0.5,4.9952,inf,-0.0939
24.55,seguindo,2.9457,-0.0614,-0.3642,0.4438,0.808,0.5,4.995,inf,-0.1019
24.6,seguindo,2.9513,-0.066,-0.3342,0.459,0.7932,0.5,4.9948,inf,-0.107
24.65,seguindo,2.9597,-0.0728,-0.2863,0.482,0.7683,0.5,4.9943,inf,-0.1145
24.7,seguindo,2.9653,-0.0771,-0.2542,0.4969,0.7511,0.5,4.9938,inf,-0.1192
24.75,seguindo,2.9737,-0.0834,-0.2023,0.5053,0.7076,0.5,4.9857,inf,-0.1199
24.8,seguindo,2.9792,-0.0874,-0.1664,0.5204,0.6867,0.5,4.985,inf,-0.1243
24.85,seguindo,2.9874,-0.0932,-0.1096,0.5259,0.6355,0.5,4.984,inf,-0.1308
24.9,seguindo,2.9929,-0.0969,-0.0707,0.4479,0.5186,0.5,4.9832,inf,-0.0091
24.95,seguindo,3.0011,-0.1022,-0.0105,0.4699,0.4804,0.5,4.9818,inf,-0.0141
25.0,seguindo,3.0066,-0.1054,0.0304,0.4845,0.4541,0.5,4.9807,inf,-0.0193
25.05,seguindo,3.0151,-0.1099,0.0912,0.488,0.3968,0.5,4.9759,inf,-0.0265
25.1,seguindo,3.021,-0.1125,0.1316,0.5022,0.3705,0.5,4.9739,inf,-0.0313
25.15,seguindo,3.03,-0.116,0.1918,0.5232,0.3313,0.5,4.9705,inf,-0.0382
25.2,seguindo,3.0362,-0.118,0.2318,0.5158,0.284,0.5,4.9679,inf,-0.0425
25.25,seguindo,3.0457,-0.1205,0.2911,0.5322,0.2411,0.5,4.9635,inf,-0.0486
25.3,seguindo,3.0521,-0.1218,0.3303,0.5428,0.2125,0.5,4.9602,inf,-0.0523
25.35,seguindo,3.0621,-0.1232,0.3888,0.5585,0.1696,0.5,4.9547,inf,-0.0576
25.4,seguindo,3.069,-0.1235,0.4259,0.5683,0.1424,0.5,4.9504,inf,-0.0607
25.45,seguindo,3.0797,-0.123,0.4777,0.5821,0.1044,0.5,4.943,inf,-0.0645
25.5,seguindo,3.087,-0.122,0.5097,0.5905,0.0808,0.5,4.9374,inf,-0.0666
25.55,seguindo,3.0981,-0.1197,0.5547,0.6108,0.0561,0.5,4.9482,inf,-0.0757
25.6,seguindo,3.1057,-0.1176,0.5824,0.6175,0.0351,0.5,4.9416,inf,-0.0768
25.65,seguindo,3.1174,-0.1132,0.6195,0.6394,0.0199,0.5,4.9307,inf,-0.0776
25.7,seguindo,3.1252,-0.1097,0.6419,0.644,0.0021,0.5,4.9229,inf,-0.0776
25.75,seguindo,3.1373,-0.1037,0.6726,0.6501,-0.0225,0.5,4.9105,inf,-0.0769
25.8,seguindo,3.1455,-0.0993,0.6916,0.6537,-0.0379,0.5,4.9018,inf,-0.0762
25.85,seguindo,3.158,-0.0915,0.7157,0.7085,-0.0072,0.5,4.8877,1.0242,-0.0741
25.901,seguindo,3.1707,-0.0829,0.7356,0.7447,0.0092,0.5,4.8729,inf,-0.0075
25.95,seguindo,3.1802,-0.0754,0.7441,0.7456,0.0014,0.5,4.861,inf,-0.0083
26.0,seguindo,3.1897,-0.0676,0.7513,0.7462,-0.005,0.5,4.8489,inf,-0.0089
26.05,seguindo,3.2033,-0.0554,0.7563,0.7709,0.0146,0.5,4.8254,inf,-0.0267
26.1,seguindo,3.2123,-0.0471,0.7576,0.7712,0.0136,0.5,4.8133,inf,-0.0266
26.15,seguindo,3.2254,-0.0346,0.7572,0.7695,0.0123,0.5,4.7953,inf,-0.0264
26.2,seguindo,3.2341,-0.0262,0.7562,0.7696,0.0134,0.5,4.7833,inf,-0.0261
26.25,seguindo,3.2472,-0.0139,0.7555,0.7698,0.0143,0.5,4.7655,inf,-0.0259
26.3,seguindo,3.2559,-0.0057,0.7553,0.7687,0.0134,0.5,4.7536,inf,-0.0257
26.35,seguindo,3.2688,0.0064,0.7561,0.769,0.0129,0.5,4.736,inf,-0.0256
26.4,seguindo,3.2774,0.0145,0.7569,0.7692,0.0123,0.5,4.7243,inf,-0.0255
26.45,seguindo,3.2902,0.0263,0.7593,0.7675,0.0082,0.5,4.707,inf,-0.0255
26.5,seguindo,3.2988,0.0342,0.7612,0.7677,0.0065,0.5,4.6955,inf,-0.0254
26.55,seguindo,3.3115,0.046,0.7645,0.7681,0.0036,0.5,4.6783,inf,-0.0254
26.6,seguindo,3.3199,0.0539,0.7667,0.7683,0.0015,0.5,4.6668,inf,-0.0253
26.65,seguindo,3.3326,0.0657,0.7701,0.7685,-0.0015,0.5,4.6496,inf,-0.0252
26.7,seguindo,3.341,0.0737,0.7722,0.7687,-0.0036,0.5,4.6382,inf,-0.025
26.75,seguindo,3.3536,0.0856,0.7754,0.7688,-0.0065,0.5,4.6209,inf,-0.0248
26.8,seguindo,3.362,0.0936,0.7774,0.7959,0.0186,0.5,4.6094,inf,-0.0246
26.85,seguindo,3.3745,0.1057,0.7803,0.7965,0.0161,0.5,4.5921,inf,-0.0242
26.9,seguindo,3.3829,0.1137,0.7822,0.7968,0.0146,0.5,4.5806,inf,-0.0239
26.95,seguindo,3.3931,0.1237,0.7833,0.7971,0.0137,0.5,4.5664,1.2499,0.0107
27.0,seguindo,3.399,0.1296,0.7834,0.7972,0.0138,0.5,4.5581,1.2499,0.0083
27.05,seguindo,3.41,0.1405,0.7849,0.824,0.0392,0.5,4.5427,2.2719,0.0039
27.1,seguindo,3.4183,0.1485,0.7866,0.8246,0.038,0.5,4.5312,2.2719,0.0006
27.15,seguindo,3.4307,0.1607,0.7892,0.8255,0.0363,0.5,4.5139,2.2719,-0.0044
27.2,seguindo,3.439,0.1689,0.791,0.8261,0.0351,0.5,4.5023,2.2719,-0.0077
27.25,seguindo,3.4514,0.1812,0.7936,0.876,0.0824,0.5,4.485,inf,-0.0126
27.3,seguindo,3.4597,0.1894,0.7954,0.8771,0.0817,0.5,4.4734,inf,-0.0159
27.35,seguindo,3.4721,0.2018,0.7972,0.8719,0.0747,0.5,4.4721,inf,-0.0195
27.4,seguindo,3.4803,0.2102,0.7981,0.8729,0.0748,0.5,4.4604,inf,-0.0226
27.45,seguindo,3.4928,0.2229,0.7988,0.8742,0.0755,0.5,4.4427,inf,-0.0218
27.5,seguindo,3.501,0.2313,0.799,0.8975,0.0985,0.5,4.4309,0.9047,-0.021
27.55,seguindo,3.5134,0.2439,0.8002,0.8993,0.0991,0.5,4.4133,0.9047,-0.02
27.6,seguindo,3.5217,0.2523,0.8014,0.9006,0.0992,0.5,4.4016,0.9047,-0.0194
27.65,seguindo,3.5339,0.2647,0.8037,0.7782,-0.0255,0.5,4.3842,inf,-0.0184
27.7,seguindo,3.5421,0.273,0.8055,0.7779,-0.0277,0.5,4.3726,inf,-0.0177
27.75,seguindo,3.5543,0.2854,0.8083,0.7772,-0.0311,0.5,4.3552,inf,-0.0167
27.8,seguindo,3.5625,0.2937,0.8101,0.7766,-0.0335,0.5,4.3437,inf,-0.016
27.85,seguindo,3.5746,0.3062,0.813,0.7709,-0.042,0.5,4.3263,inf,-0.0149
27.9,seguindo,3.5827,0.3145,0.8149,0.7701,-0.0448,0.5,4.3147,inf,-0.0142
27.95,seguindo,3.5948,0.327,0.8178,0.7687,-0.0491,0.5,4.2974,inf,-0.013
28.0,seguindo,3.6028,0.3354,0.8197,0.6812,-0.1385,0.5,4.2858,inf,0.0231
28.05,seguindo,3.6148,0.348,0.8226,0.6758,-0.1468,0.5,4.2685,inf,0.0244
28.1,seguindo,3.6228,0.3564,0.8245,0.6718,-0.1526,0.5,4.2569,inf,0.0253
28.15,seguindo,3.6348,0.369,0.8272,0.6765,-0.1508,0.5,4.2395,inf,0.0266
28.2,seguindo,3.6428,0.3775,0.829,0.6728,-0.1563,0.5,4.2279,inf,0.0275
28.25,seguindo,3.6547,0.3902,0.8317,0.6668,-0.1649,0.5,4.2105,inf,0.029
28.3,seguindo,3.6626,0.3987,0.8334,0.6624,-0.171,0.5,4.1989,inf,0.0299
28.35,seguindo,3.6745,0.4115,0.836,0.6553,-0.1807,0.5,4.1815,inf,0.0314
28.4,seguindo,3.6824,0.4201,0.8378,0.6967,-0.1411,0.5,4.1699,inf,0.0325
28.45,seguindo,3.6942,0.4329,0.8405,0.6911,-0.1494,0.5,4.1525,inf,0.0341
28.5,seguindo,3.7021,0.4414,0.8423,0.6871,-0.1552,0.5,4.1409,inf,0.0351
28.55,seguindo,3.7138,0.4543,0.845,0.6746,-0.1704,0.5,4.1286,inf,0.0396
28.6,seguindo,3.7216,0.4629,0.8468,0.6697,-0.1771,0.5,4.117,inf,0.0407
28.65,seguindo,3.7333,0.4759,0.8495,0.9038,0.0543,0.5,4.0996,1.0272,0.0425
28.7,seguindo,3.7411,0.4845,0.8513,0.9046,0.0533,0.5,4.088,1.0272,0.0436
28.75,seguindo,3.7527,0.4975,0.8539,0.9057,0.0518,0.5,4.0706,1.0272,0.0454
28.8,seguindo,3.7605,0.5061,0.8557,0.9064,0.0507,0.5,4.0589,1.0272,0.0467
28.85,seguindo,3.7721,0.5192,0.8584,0.8991,0.0407,0.5,4.0415,0.698,0.0486
28.9,seguindo,3.7798,0.5279,0.8602,0.8997,0.0395,0.5,4.0299,0.698,0.0498
28.95,seguindo,3.7913,0.541,0.8629,0.9006,0.0377,0.5,4.0125,0.698,0.0518
29.0,seguindo,3.7989,0.5497,0.8647,0.8964,0.0317,0.3746,4.0009,0.3746,-0.0176
29.05,seguindo,3.8104,0.5629,0.8674,0.8972,0.0298,0.3746,3.9834,0.3746,-0.0155
29.1,seguindo,3.818,0.5716,0.8692,0.8977,0.0285,0.3746,3.9718,0.3746,-0.0142
29.15,seguindo,3.8294,0.5848,0.8718,0.8867,0.0149,0.489,3.9544,0.489,-0.012
29.2,seguindo,3.837,0.5936,0.8736,0.887,0.0134,0.489,3.9428,0.489,-0.0106
29.25,seguindo,3.8483,0.6069,0.8763,0.8874,0.0111,0.489,3.9253,0.489,-0.0084
29.3,seguindo,3.8559,0.6157,0.8781,0.8877,0.0096,0.489,3.9137,0.489,-0.0069
29.35,seguindo,3.8672,0.629,0.8808,0.8881,0.0073,0.489,3.8963,0.489,-0.0047
29.4,seguindo,3.8747,0.6379,0.8826,0.8779,-0.0047,0.4992,3.8847,0.4992,-0.0031
29.452,seguindo,3.8858,0.6507,0.8887,0.8782,-0.0104,0.4992,3.8678,0.4992,-0.0011
29.501,seguindo,3.8967,0.6632,0.8963,0.8786,-0.0177,0.4992,3.8511,0.4992,0.0009
29.55,seguindo,3.9039,0.6716,0.9015,0.8788,-0.0226,0.4992,3.84,0.4992,0.0022
29.6,seguindo,3.9111,0.6801,0.9066,0.879,-0.0276,0.4992,3.8289,0.4992,0.0037
29.65,seguindo,3.922,0.6933,0.9115,0.869,-0.0425,0.3746,3.8118,0.3746,0.0062
29.7,seguindo,3.9292,0.7024,0.9136,0.8687,-0.0449,0.3746,3.8002,0.3746,0.0081
29.75,seguindo,3.94,0.716,0.9167,0.8723,-0.0443,0.3746,3.7993,0.3746,0.0041
29.8,seguindo,3.9471,0.7251,0.9187,0.872,-0.0467,0.3746,3.7877,0.3746,0.006
29.85,seguindo,3.9579,0.7388,0.9214,0.8714,-0.0501,0.3746,3.7703,0.3746,0.009
29.9,seguindo,3.965,0.748,0.9231,0.8709,-0.0522,0.3746,3.7586,0.3746,0.011
29.95,seguindo,3.9757,0.7619,0.9254,0.8296,-0.0958,0.489,3.7411,0.489,0.0141
30.0,seguindo,3.9828,0.7712,0.9269,0.8286,-0.0983,0.489,3.7295,0.489,0.0162
30.05,seguindo,3.9935,0.7851,0.929,0.8269,-0.1021,0.489,3.712,0.489,0.0194
30.1,seguindo,4.0005,0.7944,0.9305,0.8258,-0.1047,0.489,3.7003,0.489,0.0215
30.15,seguindo,4.011,0.8076,0.9366,0.8244,-0.1123,0.489,3.6834,0.489,0.0243
30.2,seguindo,4.0179,0.8163,0.9418,1.0106,0.0688,0.5,3.6723,inf,0.0261
30.25,seguindo,4.0282,0.8295,0.9495,1.0148,0.0653,0.5,3.6556,inf,0.029
30.3,seguindo,4.0349,0.8383,0.9546,1.0176,0.063,0.5,3.6445,inf,0.029
30.35,seguindo,4.045,0.8515,0.9623,0.9889,0.0266,0.5,3.6279,inf,0.0267
30.4,seguindo,4.0517,0.8604,0.9675,0.9906,0.0231,0.5,3.6168,inf,0.0253
30.45,seguindo,4.0617,0.8743,0.9724,0.9925,0.02,0.5,3.5997,inf,0.0234
30.5,seguindo,4.0684,0.8837,0.9745,0.9935,0.019,0.5,3.5882,inf,0.0222
30.55,seguindo,4.0783,0.898,0.9774,0.9644,-0.0129,0.5,3.5708,inf,0.0206
30.6,seguindo,4.0849,0.9076,0.9792,0.9644,-0.0148,0.5,3.5592,inf,0.0195
30.65,seguindo,4.0948,0.922,0.9816,0.9642,-0.0174,0.5,3.5418,inf,0.0172
30.7,seguindo,4.1014,0.9316,0.983,0.9639,-0.019,0.5,3.5302,inf,0.0137
30.75,seguindo,4.1112,0.9462,0.985,0.936,-0.049,0.5,3.5127,inf,0.0085
30.8,seguindo,4.1178,0.9559,0.9863,0.9348,-0.0515,0.5,3.5011,inf,0.0051
30.85,seguindo,4.1276,0.9704,0.9884,0.8994,-0.0891,0.5,3.4971,inf,0.0124
30.9,seguindo,4.1341,0.9801,0.9899,0.8969,-0.0929,0.5,3.4855,inf,0.0091
30.95,seguindo,4.1438,0.9946,0.9922,0.8727,-0.1195,0.5,3.4681,inf,0.0042
31.0,seguindo,4.1503,1.0043,0.9939,0.8696,-0.1243,0.5,3.4565,inf,0.0009
31.05,seguindo,4.16,1.0188,0.9965,0.8645,-0.1321,0.5,3.4392,inf,-0.0039
31.1,seguindo,4.1664,1.0285,0.9983,0.8536,-0.1447,0.5,3.4277,inf,0.0178
31.15,seguindo,4.176,1.043,1.0011,0.8331,-0.168,0.5,3.4104,inf,0.0143
31.2,seguindo,4.1824,1.0527,1.003,0.8288,-0.1742,0.5,3.3989,inf,0.012
31.25,seguindo,4.1919,1.0673,1.0058,0.8217,-0.1841,0.5,3.3816,inf,0.0086
31.3,seguindo,4.1983,1.077,1.0077,0.8166,-0.1911,0.5,3.3701,inf,0.0064
31.35,seguindo,4.2077,1.0916,1.0104,0.7976,-0.2128,0.5,3.3528,inf,0.0031
31.4,seguindo,4.214,1.1014,1.0122,0.792,-0.2203,0.5,3.3413,inf,0.0009
31.45,seguindo,4.2234,1.1161,1.015,0.7828,-0.2321,0.5,3.3241,inf,-0.0024
31.5,seguindo,4.2297,1.1259,1.0168,0.7762,-0.2406,0.5,3.3126,inf,-0.0045
31.55,seguindo,4.239,1.1406,1.0195,0.7587,-0.2607,0.5,3.2953,inf,-0.0076
31.6,seguindo,4.2483,1.1553,1.0221,0.7485,-0.2736,0.5,3.2781,inf,-0.0103
31.65,seguindo,4.2545,1.1652,1.0239,0.7412,-0.2828,0.5,3.2666,inf,-0.007
31.7,seguindo,4.2607,1.175,1.0257,0.7333,-0.2923,0.5,3.2551,inf,-0.0037
31.75,seguindo,4.2699,1.1899,1.0284,0.7207,-0.3077,0.5,3.2379,inf,0.0013
31.8,seguindo,4.276,1.1997,1.0301,0.7115,-0.3186,0.5,3.2264,inf,0.0047
31.85,seguindo,4.2851,1.2146,1.0328,0.6966,-0.3362,0.5,3.2092,inf,0.0097
31.9,seguindo,4.2912,1.2245,1.0346,0.6924,-0.3422,0.5,3.1978,inf,0.0131
31.95,seguindo,4.3003,1.2394,1.0373,0.6734,-0.3639,0.5,3.1644,inf,0.0136
32.0,seguindo,4.3063,1.2493,1.0391,0.5798,-0.4593,0.5,3.153,inf,0.0172
32.05,seguindo,4.3153,1.2642,1.0418,0.5605,-0.4812,0.5,3.1359,inf,0.0226
32.1,seguindo,4.3213,1.2742,1.0435,0.5468,-0.4968,0.5,3.1245,inf,0.0263
32.15,seguindo,4.3302,1.2899,1.0414,0.5229,-0.5185,0.5,3.1068,inf,0.0324
32.2,seguindo,4.3362,1.3006,1.0381,0.4361,-0.6019,0.5,3.0949,inf,0.0366
32.25,seguindo,4.3449,1.3168,1.028,0.4075,-0.6205,0.5,3.0771,inf,0.0432
32.3,seguindo,4.3535,1.3329,1.0153,0.3768,-0.6385,0.5,3.0594,inf,0.0498
32.35,seguindo,4.359,1.3437,1.0018,0.3546,-0.6473,0.5,3.0477,inf,0.0545
32.4,seguindo,4.3646,1.3544,0.9882,0.3316,-0.6567,0.5,3.036,inf,0.0589
32.45,seguindo,4.3728,1.3701,0.9628,0.2116,-0.7512,0.5,3.0189,inf,0.0656
32.5,seguindo,4.3782,1.3805,0.944,0.1906,-0.7535,0.5,3.0076,inf,0.0699
32.55,seguindo,4.3867,1.396,0.9129,0.1577,-0.7551,0.5,2.9905,inf,0.0762
32.6,seguindo,4.3925,1.4062,0.8911,0.1352,-0.756,0.5,2.979,inf,0.0801
32.65,seguindo,4.4013,1.4212,0.856,0.1008,-0.7553,0.5,2.962,inf,0.0858
32.7,seguindo,4.4073,1.431,0.8319,0.0601,-0.7718,0.5,2.9507,inf,0.0892
32.75,seguindo,4.4168,1.4453,0.7953,0.0281,-0.7671,0.5,2.9338,inf,0.094
32.8,seguindo,4.4233,1.4546,0.7707,0.0065,-0.7642,0.5,2.9225,inf,0.0968
32.85,seguindo,4.4336,1.4684,0.734,-0.0661,-0.8002,0.5,2.9079,inf,0.1158
32.9,seguindo,4.4407,1.4773,0.7097,-0.0885,-0.7982,0.5,2.8965,inf,0.1181
32.95,seguindo,4.4509,1.4906,0.6626,-0.123,-0.7855,0.5,2.8798,inf,0.122
33.0,seguindo,4.4574,1.4994,0.6245,-0.1408,-0.7653,0.5,2.869,inf,0.1246
33.05,seguindo,4.4654,1.5099,0.5731,-0.1665,-0.7396,0.5,2.8559,inf,0.1276
33.1,seguindo,4.47,1.5159,0.5409,-0.1813,-0.7223,0.5,2.8485,inf,0.1293
33.15,seguindo,4.4749,1.5226,0.4993,-0.2112,-0.7106,0.5,2.8403,inf,-0.0
33.2,seguindo,4.4772,1.5262,0.4738,-0.2215,-0.6953,0.5,2.836,inf,0.0043
33.25,seguindo,4.4785,1.5297,0.4423,-0.2472,-0.6895,0.5,2.8278,inf,0.013
33.3,seguindo,4.4782,1.5311,0.4259,-0.2504,-0.6762,0.5,2.8271,inf,0.014
33.35,seguindo,4.4757,1.5316,0.4071,-0.25,-0.6571,0.5,2.8285,inf,0.0131
33.4,seguindo,4.4728,1.5312,0.3973,-0.2473,-0.6446,0.5,2.8308,inf,0.0112
33.45,seguindo,4.466,1.5292,0.3878,-0.2384,-0.6262,0.5,2.837,inf,0.006
33.5,seguindo,4.4603,1.5273,0.3836,-0.2306,-0.6141,0.5,2.8424,inf,0.0052
33.55,seguindo,4.4491,1.5231,0.3804,-0.2146,-0.595,0.5,2.8533,inf,-0.0147
33.6,seguindo,4.4406,1.5198,0.3793,-0.2027,-0.582,0.5,2.8617,inf,-0.0236
33.65,seguindo,4.4295,1.5155,0.3778,-0.188,-0.5658,0.5,2.8726,inf,-0.0353
33.7,seguindo,4.4227,1.513,0.3769,-0.1794,-0.5563,0.5,2.8792,inf,-0.0425
33.75,seguindo,4.4145,1.5098,0.376,-0.1693,-0.5453,0.5,2.8872,inf,-0.0512
33.8,seguindo,4.4099,1.5081,0.3754,-0.1638,-0.5392,0.5,2.8917,inf,-0.0561
33.85,seguindo,4.4049,1.5062,0.3749,-0.1579,-0.5328,0.5,2.8967,inf,-0.0615
33.9,seguindo,4.4023,1.5052,0.3746,-0.1549,-0.5295,0.5,2.8992,inf,-0.0642
33.95,seguindo,4.4006,1.5046,0.3744,-0.153,-0.5275,0.5,2.9008,inf,-0.0661
34.0,seguindo,4.4003,1.5045,0.3744,-0.1527,-0.5271,0.5,2.9011,inf,-0.0663
34.05,seguindo,4.4002,1.5044,0.3744,-0.1526,-0.527,0.5,2.9012,inf,-0.0665
34.1,seguindo,4.4002,1.5044,0.3744,-0.1526,-0.527,0.5,2.9012,inf,-0.0665
34.15,seguindo,4.4002,1.5044,0.3744,-0.1526,-0.527,0.5,2.9012,inf,-0.0665
34.2,seguindo,4.4002,1.5044,0.3744,-0.1074,-0.4818,0.5,2.9012,inf,0.0255
34.25,seguindo,4.4002,1.5044,0.3744,-0.1074,-0.4818,0.5,2.9012,inf,0.0255
34.3,seguindo,4.4002,1.5044,0.3744,-0.1074,-0.4818,0.5,2.9012,inf,0.0255
34.35,seguindo,4.4002,1.5044,0.3744,-0.1074,-0.4818,0.5,2.9012,inf,0.0255
34.4,seguindo,4.4002,1.5044,0.3744,-0.1074,-0.4818,0.5,2.9012,inf,0.0255
34.45,seguindo,4.4002,1.5044,0.3744,-0.1074,-0.4818,0.5,2.9012,inf,0.0255
34.5,seguindo,4.4002,1.5044,0.3744,-0.1074,-0.4818,0.5,2.9012,inf,0.0255
34.55,seguindo,4.4002,1.5044,0.3744,-0.1074,-0.4818,0.5,2.9012,inf,0.0255
34.6,seguindo,4.4002,1.5044,0.3744,-0.1074,-0.4818,0.5,2.9012,inf,0.0255
34.65,seguindo,4.4002,1.5044,0.3744,-0.1074,-0.4818,0.5,2.9012,inf,0.0255
34.7,seguindo,4.4002,1.5044,0.3744,-0.1074,-0.4818,0.5,2.9012,inf,0.0255
34.75,seguindo,4.4002,1.5044,0.3744,-0.1074,-0.4818,0.5,2.9012,inf,0.0255
34.8,seguindo,4.4002,1.5044,0.3744,-0.1074,-0.4818,0.5,2.9012,inf,0.0255
34.85,seguindo,4.4002,1.5044,0.3744,-0.1074,-0.4818,0.5,2.9012,inf,0.0255
34.9,seguindo,4.4002,1.5044,0.3744,-0.1074,-0.4818,0.5,2.9012,inf,0.0255
34.95,seguindo,4.4002,1.5044,0.3744,-0.1074,-0.4818,0.5,2.9012,inf,0.0255
35.0,seguindo,4.4002,1.5044,0.3744,-0.1074,-0.4818,0.5,2.9012,inf,0.0255
35.05,seguindo,4.4002,1.5044,0.3744,-0.1074,-0.4818,0.5,2.9012,inf,0.0255
35.1,seguindo,4.4002,1.5044,0.3744,-0.1074,-0.4818,0.5,2.9012,inf,0.0255
35.15,seguindo,4.4002,1.5044,0.3744,-0.1074,-0.4818,0.5,2.9012,inf,0.0255
35.202,seguindo,4.4002,1.5044,0.3744,-0.1673,-0.5417,0.5,2.9012,inf,0.0272
35.25,seguindo,4.4002,1.5044,0.3744,-0.1673,-0.5417,0.5,2.9012,inf,0.0272
35.3,seguindo,4.4002,1.5044,0.3744,-0.1673,-0.5417,0.5,2.9012,inf,0.0272
35.35,seguindo,4.4002,1.5044,0.3744,-0.1673,-0.5417,0.5,2.9012,inf,0.0272
35.4,seguindo,4.4002,1.5044,0.3744,-0.1673,-0.5417,0.5,2.9012,inf,0.0272
35.45,seguindo,4.4002,1.5044,0.3744,-0.1673,-0.5417,0.5,2.9012,inf,0.0272
35.5,seguindo,4.4002,1.5044,0.3744,-0.1673,-0.5417,0.5,2.9012,inf,0.0272
35.55,seguindo,4.4002,1.5044,0.3744,-0.1673,-0.5417,0.5,2.9012,inf,0.0272
35.6,seguindo,4.4002,1.5044,0.3744,-0.1673,-0.5417,0.5,2.9012,inf,0.0272
35.65,seguindo,4.4002,1.5044,0.3744,-0.1673,-0.5417,0.5,2.9012,inf,0.0272
35.7,seguindo,4.4002,1.5044,0.3744,-0.1673,-0.5417,0.5,2.9012,inf,0.0272
35.75,seguindo,4.4002,1.5044,0.3744,-0.1673,-0.5417,0.5,2.9012,inf,0.0272
35.8,seguindo,4.4002,1.5044,0.3744,-0.1673,-0.5417,0.5,2.9012,inf,0.0272
35.85,seguindo,4.4002,1.5044,0.3744,-0.1673,-0.5417,0.5,2.9012,inf,0.0272
35.9,seguindo,4.4002,1.5044,0.3744,-0.1673,-0.5417,0.5,2.9012,inf,0.0272
35.95,seguindo,4.4002,1.5044,0.3744,-0.1673,-0.5417,0.5,2.9012,inf,0.0272
36.0,seguindo,4.4002,1.5044,0.3744,-0.1673,-0.5417,0.5,2.9012,inf,0.0272
36.05,seguindo,4.4002,1.5044,0.3744,-0.1673,-0.5417,0.5,2.9012,inf,0.0272
36.1,seguindo,4.4002,1.5044,0.3744,-0.1673,-0.5417,0.5,2.9012,inf,0.0272
36.15,seguindo,4.4002,1.5044,0.3744,-0.1673,-0.5417,0.5,2.9012,inf,0.0272
36.2,seguindo,4.4002,1.5044,0.3744,-0.1673,-0.5417,0.5,2.9012,inf,0.0272
36.25,seguindo,4.4002,1.5044,0.3744,-0.1673,-0.5417,0.5,2.9012,inf,0.0272
36.3,seguindo,4.4002,1.5044,0.3744,-0.1673,-0.5417,0.5,2.9012,inf,0.0272
36.35,seguindo,4.4002,1.5044,0.3744,-0.1673,-0.5417,0.5,2.9012,inf,0.0272
36.4,seguindo,4.4002,1.5044,0.3744,-0.1673,-0.5417,0.5,2.9012,inf,0.0272
36.45,seguindo,4.4002,1.5044,0.3744,-0.1673,-0.5417,0.5,2.9012,inf,0.0272
36.5,seguindo,4.4002,1.5044,0.3744,-0.1673,-0.5417,0.5,2.9012,inf,0.0272
36.55,seguindo,4.4002,1.5044,0.3744,-0.1673,-0.5417,0.5,2.9012,inf,0.0272
36.6,seguindo,4.4002,1.5044,0.3744,-0.1673,-0.5417,0.5,2.9012,inf,0.0272
36.65,seguindo,4.4002,1.5044,0.3744,-0.1673,-0.5417,0.5,2.9012,inf,0.0272
36.7,seguindo,4.4002,1.5044,0.3744,-0.1673,-0.5417,0.5,2.9012,inf,0.0272
36.75,seguindo,4.4002,1.5044,0.3744,-0.1673,-0.5417,0.5,2.9012,inf,0.0272
36.8,seguindo,4.4002,1.5044,0.3744,-0.1673,-0.5417,0.5,2.9012,inf,0.0272
36.85,seguindo,4.4002,1.5044,0.3744,-0.1673,-0.5417,0.5,2.9012,inf,0.0272
36.9,seguindo,4.4002,1.5044,0.3744,-0.1673,-0.5417,0.5,2.9012,inf,0.0272
36.95,seguindo,4.4002,1.5044,0.3744,-0.1673,-0.5417,0.5,2.9012,inf,0.0272
37.0,seguindo,4.4002,1.5044,0.3744,-0.1673,-0.5417,0.5,2.9012,inf,0.0272
37.05,seguindo,4.4002,1.5044,0.3744,-0.1673,-0.5417,0.5,2.9012,inf,0.0272
37.1,seguindo,4.4002,1.5044,0.3744,-0.1673,-0.5417,0.5,2.9012,inf,0.0272
37.15,re,4.4002,1.5044,0.3744,0.3744,0.0,-0.203,2.9012,inf,0.0
37.2,re,4.4002,1.5044,0.3744,0.3744,0.0,-0.203,2.9012,inf,0.0
37.25,re,4.4002,1.5044,0.3744,0.3744,0.0,-0.203,2.9012,inf,0.0
37.3,re,4.4002,1.5044,0.3744,0.3744,0.0,-0.203,2.9012,inf,0.0
37.35,re,4.4002,1.5044,0.3744,0.3744,0.0,-0.203,2.9012,inf,0.0
37.4,re,4.4002,1.5044,0.3744,0.3744,0.0,-0.203,2.9012,inf,0.0
37.45,re,4.4002,1.5044,0.3744,0.3744,0.0,-0.203,2.9012,inf,0.0
37.5,re,4.4002,1.5044,0.3744,0.3744,0.0,-0.203,2.9012,inf,0.0
37.55,re,4.3973,1.5034,0.3732,0.3732,0.0,-0.203,2.904,inf,0.0
37.6,re,4.3943,1.5023,0.3718,0.3718,0.0,-0.203,2.9069,inf,0.0
37.65,re,4.3869,1.4996,0.3696,0.3696,0.0,-0.203,2.9141,inf,0.0
37.7,re,4.3779,1.4963,0.3675,0.3675,0.0,-0.203,2.9229,inf,0.0
37.75,re,4.369,1.493,0.3661,0.3661,0.0,-0.203,2.9315,inf,0.0
37.8,re,4.36,1.4897,0.3647,0.3647,0.0,-0.203,2.9403,inf,0.0
37.85,re,4.3445,1.484,0.3625,0.3625,0.0,-0.203,2.9554,inf,0.0
37.9,re,4.3334,1.48,0.3611,0.3611,0.0,-0.203,2.9662,inf,0.0
37.95,re,4.3169,1.4739,0.3591,0.3591,0.0,-0.203,2.9823,inf,0.0
38.0,re,4.3059,1.4699,0.3579,0.3579,0.0,-0.203,2.993,inf,0.0
38.05,re,4.2895,1.4639,0.3568,0.3568,0.0,-0.203,3.009,inf,0.0
38.1,re,4.2786,1.4598,0.3564,0.3564,0.0,-0.203,3.0197,inf,0.0
38.2,seguindo,4.2518,1.4497,0.3576,-0.0111,-0.3688,0.5,3.0462,inf,-0.16
38.25,seguindo,4.2358,1.4436,0.3595,0.001,-0.3585,0.5,3.062,inf,-0.1768
38.3,seguindo,4.2252,1.4395,0.3609,0.0087,-0.3522,0.5,3.0726,inf,-0.188
38.35,seguindo,4.2094,1.4333,0.363,0.0413,-0.3217,0.5,3.0802,inf,-0.0072
38.4,seguindo,4.1988,1.4292,0.3644,0.0786,-0.2858,0.5,3.0909,inf,-0.0167
38.45,seguindo,4.183,1.4229,0.3665,0.0924,-0.2741,0.5,3.107,inf,-0.0308
38.5,seguindo,4.1724,1.4187,0.3679,0.101,-0.2669,0.5,3.1177,inf,-0.0403
38.55,seguindo,4.1566,1.4124,0.37,0.1131,-0.257,0.5,3.1339,inf,-0.0545
38.6,seguindo,4.1461,1.4082,0.3714,0.1206,-0.2509,0.5,3.1446,inf,-0.0643
38.65,seguindo,4.1303,1.4019,0.3736,0.1312,-0.2424,0.5,3.1608,inf,-0.0799
38.7,seguindo,4.1198,1.3976,0.375,0.1379,-0.2371,0.5,3.1716,inf,-0.0906
38.75,seguindo,4.1065,1.3926,0.3731,0.145,-0.2281,0.5,3.185,inf,-0.1041
38.8,seguindo,4.0987,1.3899,0.3693,0.1484,-0.2209,0.5,3.1926,inf,-0.1118
38.85,seguindo,4.0898,1.3868,0.367,0.1523,-0.2147,0.5,3.2015,inf,-0.1209
38.9,seguindo,4.0851,1.385,0.367,0.1546,-0.2123,0.5,3.2062,inf,-0.1258
38.95,seguindo,4.0807,1.3834,0.3671,0.1566,-0.2105,0.5,3.2106,inf,-0.1303
39.0,seguindo,4.0791,1.3827,0.3671,0.1574,-0.2098,0.5,3.2123,inf,-0.1321
39.05,seguindo,4.0791,1.3831,0.3633,0.1566,-0.2067,0.5,3.2121,inf,-0.1318
39.1,seguindo,4.0803,1.384,0.358,0.155,-0.203,0.5,3.2106,inf,-0.1303
39.15,seguindo,4.0844,1.3867,0.345,0.1507,-0.1943,0.5,3.2057,inf,-0.1255
39.2,seguindo,4.0883,1.3892,0.3317,0.1466,-0.1852,0.5,3.2011,inf,-0.1208
39.25,seguindo,4.0966,1.3941,0.3079,0.1386,-0.1693,0.5,3.1916,inf,-0.1112
39.3,seguindo,4.1034,1.3978,0.2888,0.1324,-0.1564,0.5,3.184,inf,-0.1035
39.35,seguindo,4.1155,1.4039,0.2568,-0.0071,-0.2639,0.5,3.1708,inf,0.0194
39.4,seguindo,4.1246,1.408,0.2357,-0.0192,-0.2549,0.5,3.1612,inf,-0.0096
39.45,seguindo,4.1378,1.4139,0.1999,-0.0379,-0.2379,0.5,3.1473,0.6393,-0.0036
39.5,seguindo,4.1464,1.4177,0.1742,-0.0423,-0.2165,0.5,3.1383,0.6393,-0.0058
39.55,seguindo,4.1614,1.4232,0.1367,-0.0489,-0.1856,0.5,3.1233,0.6393,-0.0104
39.6,seguindo,4.1724,1.4265,0.1127,-0.0619,-0.1747,0.3445,3.1127,0.3445,-0.0143
39.65,seguindo,4.1895,1.431,0.0788,-0.0535,-0.1323,0.3445,3.0929,0.3445,-0.0153
39.7,seguindo,4.2011,1.4335,0.0576,-0.0567,-0.1143,0.3445,3.0825,0.3445,-0.0147
39.75,seguindo,4.2194,1.4366,0.029,-0.113,-0.142,0.3222,3.0668,0.3222,-0.0094
39.8,seguindo,4.2318,1.4383,0.0121,-0.116,-0.1281,0.3222,3.0564,0.3222,-0.0062
39.85,seguindo,4.2502,1.4405,-0.0153,-0.1204,-0.1051,0.3222,3.0413,0.3222,-0.0018
39.9,seguindo,4.2624,1.4417,-0.0341,-0.1232,-0.089,0.3222,3.0315,0.3222,0.0009
39.95,seguindo,4.2809,1.443,-0.0609,-0.1269,-0.066,0.5,3.0169,1.0148,0.0045
40.0,seguindo,4.2935,1.4434,-0.077,-0.129,-0.0521,0.5,3.0073,1.0148,0.0077
40.05,seguindo,4.3127,1.4436,-0.0999,-0.1319,-0.032,0.5,2.9932,1.0148,0.016
40.1,seguindo,4.3256,1.4434,-0.1141,-0.1329,-0.0188,0.5,2.9839,0.6393,0.0214
40.15,seguindo,4.3431,1.4428,-0.1327,-0.133,-0.0003,0.5,2.9838,0.6393,0.0173
40.2,seguindo,4.3594,1.442,-0.1513,-0.1344,0.0168,0.5,2.9724,0.6393,0.0237
40.25,seguindo,4.37,1.4408,-0.157,-0.1347,0.0223,0.5,2.9655,0.6393,0.0273
40.3,seguindo,4.3806,1.4395,-0.1625,-0.1346,0.0278,0.5,2.9586,0.5313,0.0308
40.35,seguindo,4.3963,1.4371,-0.1638,-0.1343,0.0295,0.5,2.949,0.5313,0.0354
40.4,seguindo,4.4068,1.4352,-0.162,-0.1336,0.0284,0.5,2.9427,0.8184,0.0006
40.451,seguindo,4.4232,1.4322,-0.158,-0.1326,0.0254,0.5,2.9329,1.1976,-0.0055
40.5,seguindo,4.4345,1.4301,-0.1546,-0.1321,0.0225,0.5,2.9263,1.1976,-0.0097
40.55,seguindo,4.4515,1.4271,-0.15,-0.1314,0.0186,0.5,2.9162,1.1976,-0.0159
40.6,seguindo,4.4629,1.4252,-0.1474,-0.131,0.0165,0.5,2.9095,1.1976,-0.0199
40.65,seguindo,4.4802,1.4225,-0.1447,-0.1304,0.0143,0.5,2.8992,2.2392,-0.0259
40.7,seguindo,4.4917,1.4207,-0.1434,-0.1302,0.0132,0.5,2.8923,2.2392,-0.0299
40.75,seguindo,4.5091,1.418,-0.1418,-0.1298,0.012,0.5,2.8819,2.2392,-0.0358
40.8,seguindo,4.5208,1.4163,-0.1408,-0.1296,0.0113,0.5,2.8751,2.2392,-0.0397
40.85,seguindo,4.5382,1.4137,-0.1393,-0.107,0.0323,0.5,2.8648,0.8436,-0.0456
40.9,seguindo,4.5498,1.412,-0.1382,-0.1065,0.0317,0.5,2.858,0.8436,-0.0495
40.95,seguindo,4.5642,1.41,-0.1375,-0.106,0.0315,0.5,2.8495,0.8436,-0.0508
41.0,seguindo,4.5726,1.4088,-0.1375,-0.08,0.0575,0.5,2.8445,0.8436,-0.0509
41.05,seguindo,4.5879,1.4065,-0.136,-0.079,0.057,0.5,2.8357,0.8436,-0.0512
41.1,seguindo,4.5995,1.4048,-0.1338,-0.0781,0.0556,0.5,2.8291,0.8436,-0.0514
41.15,seguindo,4.6168,1.4022,-0.1304,-0.0698,0.0606,0.5,2.8286,0.8436,-0.0567
41.2,seguindo,4.6283,1.4005,-0.1281,-0.0688,0.0592,0.5,2.8221,0.8436,-0.0569
41.25,seguindo,4.6456,1.398,-0.1246,-0.0212,0.1034,0.5,2.8123,0.8436,-0.0572
41.3,seguindo,4.6629,1.3956,-0.1212,-0.0191,0.1021,0.5,2.8025,0.8436,-0.0574
41.35,seguindo,4.6745,1.3941,-0.12,-0.0178,0.1022,0.5,2.7959,0.8436,-0.0574
41.4,seguindo,4.6862,1.3926,-0.119,-0.0165,0.1025,0.5,2.7893,0.8436,-0.0574
41.45,seguindo,4.7038,1.3905,-0.1183,-0.0146,0.1037,0.5,2.7793,0.8184,-0.0073
41.5,seguindo,4.7156,1.3891,-0.118,-0.0133,0.1048,0.5,2.7726,0.8184,-0.0139
41.55,seguindo,4.7302,1.3873,-0.1179,-0.0116,0.1063,0.5,2.7643,0.8184,-0.0242
41.6,seguindo,4.7387,1.3863,-0.1179,-0.0106,0.1073,0.5,2.7596,0.8184,-0.0302
41.65,seguindo,4.7541,1.3843,-0.1163,-0.0086,0.1077,0.5,2.7511,0.8184,-0.0412
41.7,seguindo,4.7657,1.3828,-0.1141,0.0193,0.1334,0.5,2.7448,inf,-0.0495
41.75,seguindo,4.78,1.3812,-0.1138,0.0067,0.1204,0.5,2.7368,inf,-0.0569
41.8,seguindo,4.7883,1.3803,-0.1149,0.0089,0.1237,0.5,2.7322,inf,-0.0567
41.85,seguindo,4.7978,1.3793,-0.1166,0.0114,0.128,0.5,2.7269,inf,-0.0564
41.9,seguindo,4.8029,1.3788,-0.1177,0.0129,0.1305,0.5,2.724,inf,-0.0563
41.95,seguindo,4.8077,1.3784,-0.1194,0.014,0.1334,0.5,2.7213,inf,-0.0561
42.0,seguindo,4.8096,1.3782,-0.1205,0.0145,0.135,0.5,2.7202,inf,-0.056
42.05,seguindo,4.8097,1.3784,-0.1222,0.0141,0.1363,0.5,2.72,inf,-0.0558
42.1,seguindo,4.8085,1.3786,-0.1233,0.0135,0.1368,0.5,2.7206,inf,-0.0558
42.15,seguindo,4.8037,1.3794,-0.1251,0.0114,0.1365,0.5,2.7231,inf,-0.0556
42.2,seguindo,4.7993,1.38,-0.1262,0.0097,0.136,0.5,2.7254,inf,-0.0555
42.25,seguindo,4.7898,1.3814,-0.1279,0.0062,0.1341,0.5,2.7304,inf,-0.0554
42.3,seguindo,4.7822,1.3825,-0.1289,0.0036,0.1325,0.5,2.7344,inf,-0.0553
42.35,seguindo,4.7706,1.3841,-0.1301,0.0162,0.1463,0.5,2.7406,inf,-0.0515
42.4,seguindo,4.7627,1.3852,-0.1308,0.0131,0.1439,0.5,2.7449,inf,-0.0459
42.45,seguindo,4.753,1.3865,-0.1319,0.0287,0.1606,0.5,2.7501,inf,-0.005
42.5,seguindo,4.7474,1.3873,-0.1326,0.026,0.1586,0.5,2.7531,inf,0.0075
42.55,seguindo,4.7411,1.3882,-0.1333,0.0232,0.1565,0.5,2.7566,inf,0.013
42.6,seguindo,4.7377,1.3887,-0.1337,0.0217,0.1554,0.5,2.7584,inf,0.0162
42.65,seguindo,4.7346,1.3891,-0.1341,0.0203,0.1544,0.5,2.7601,inf,0.0192
42.7,seguindo,4.7332,1.3893,-0.1343,0.0197,0.154,0.5,2.7608,inf,0.0206
42.75,seguindo,4.7325,1.3894,-0.1344,0.0194,0.1538,0.5,2.7612,inf,0.0213
42.8,seguindo,4.7325,1.3894,-0.1344,0.0194,0.1538,0.5,2.7612,inf,0.0213
42.85,seguindo,4.7325,1.3894,-0.1344,0.0194,0.1538,0.5,2.7612,inf,0.0213
42.9,seguindo,4.7325,1.3894,-0.1344,0.0194,0.1538,0.5,2.7612,inf,0.0213
42.95,seguindo,4.7325,1.3894,-0.1344,0.0194,0.1538,0.5,2.7612,inf,0.0213
43.0,seguindo,4.7325,1.3894,-0.1344,0.0194,0.1538,0.5,2.7612,inf,0.0213
43.05,seguindo,4.7325,1.3894,-0.1344,0.0194,0.1538,0.5,2.7612,inf,0.0213
43.1,seguindo,4.7325,1.3894,-0.1344,0.0194,0.1538,0.5,2.7612,inf,0.0213
43.15,seguindo,4.7325,1.3894,-0.1344,0.0194,0.1538,0.5,2.7612,inf,0.0213
43.2,seguindo,4.7325,1.3894,-0.1344,0.0194,0.1538,0.5,2.7612,inf,0.0213
43.25,seguindo,4.7325,1.3894,-0.1344,0.0194,0.1538,0.5,2.7612,inf,0.0213
43.3,seguindo,4.7325,1.3894,-0.1344,0.0194,0.1538,0.5,2.7612,inf,0.0213
43.35,seguindo,4.7325,1.3894,-0.1344,0.0194,0.1538,0.5,2.7612,inf,0.0213
43.4,seguindo,4.7325,1.3894,-0.1344,0.0194,0.1538,0.5,2.7612,inf,0.0213
43.45,seguindo,4.7325,1.3894,-0.1344,0.0194,0.1538,0.5,2.7612,inf,0.0213
43.5,seguindo,4.7325,1.3894,-0.1344,0.0194,0.1538,0.5,2.7612,inf,0.0213
43.55,seguindo,4.7325,1.3894,-0.1344,0.0194,0.1538,0.5,2.7612,inf,0.0213
43.6,seguindo,4.7325,1.3894,-0.1344,0.0194,0.1538,0.5,2.7612,inf,0.0213
43.65,seguindo,4.7325,1.3894,-0.1344,0.0194,0.1538,0.5,2.7612,inf,0.0213
43.7,seguindo,4.7325,1.3894,-0.1344,0.0194,0.1538,0.5,2.7612,inf,0.0213
43.75,seguindo,4.7325,1.3894,-0.1344,0.0194,0.1538,0.5,2.7612,inf,0.0213
43.8,seguindo,4.7325,1.3894,-0.1344,0.0194,0.1538,0.5,2.7612,inf,0.0213
43.85,seguindo,4.7325,1.3894,-0.1344,0.0194,0.1538,0.5,2.7612,inf,0.0213
43.9,seguindo,4.7325,1.3894,-0.1344,0.0194,0.1538,0.5,2.7612,inf,0.0213
43.95,seguindo,4.7325,1.3894,-0.1344,0.0194,0.1538,0.5,2.7612,inf,0.0213
44.0,seguindo,4.7325,1.3894,-0.1344,0.0194,0.1538,0.5,2.7612,inf,0.0213
44.05,seguindo,4.7325,1.3894,-0.1344,0.0194,0.1538,0.5,2.7612,inf,0.0213
44.1,seguindo,4.7325,1.3894,-0.1344,0.0194,0.1538,0.5,2.7612,inf,0.0213
44.15,seguindo,4.7325,1.3894,-0.1344,0.0194,0.1538,0.5,2.7612,inf,0.0213
44.2,seguindo,4.7325,1.3894,-0.1344,0.0194,0.1538,0.5,2.7612,inf,0.0213
44.25,seguindo,4.7325,1.3894,-0.1344,0.0194,0.1538,0.5,2.7612,inf,0.0213
44.3,seguindo,4.7325,1.3894,-0.1344,0.0194,0.1538,0.5,2.7612,inf,0.0213
44.35,seguindo,4.7325,1.3894,-0.1344,0.0194,0.1538,0.5,2.7612,inf,0.0213
44.4,seguindo,4.7325,1.3894,-0.1344,0.0194,0.1538,0.5,2.7612,inf,0.0213
44.45,seguindo,4.7325,1.3894,-0.1344,0.0194,0.1538,0.5,2.7612,inf,0.0213
44.5,seguindo,4.7325,1.3894,-0.1344,0.0194,0.1538,0.5,2.7612,inf,0.0213
44.55,seguindo,4.7325,1.3894,-0.1344,0.0194,0.1538,0.5,2.7612,inf,0.0213
44.6,seguindo,4.7325,1.3894,-0.1344,0.0194,0.1538,0.5,2.7612,inf,0.0213
44.65,seguindo,4.7325,1.3894,-0.1344,0.0194,0.1538,0.5,2.7612,inf,0.0213
44.7,seguindo,4.7325,1.3894,-0.1344,0.0194,0.1538,0.5,2.7612,inf,0.0213
44.75,seguindo,4.7325,1.3894,-0.1344,0.0194,0.1538,0.5,2.7612,inf,0.0213
44.8,seguindo,4.7325,1.3894,-0.1344,0.0194,0.1538,0.5,2.7612,inf,0.0213
44.85,seguindo,4.7325,1.3894,-0.1344,0.0194,0.1538,0.5,2.7612,inf,0.0213
44.9,seguindo,4.7325,1.3894,-0.1344,0.0194,0.1538,0.5,2.7612,inf,0.0213
44.95,seguindo,4.7325,1.3894,-0.1344,0.0194,0.1538,0.5,2.7612,inf,0.0213
45.0,seguindo,4.7325,1.3894,-0.1344,0.0194,0.1538,0.5,2.7612,inf,0.0213
45.051,seguindo,4.7325,1.3894,-0.1344,0.0194,0.1538,0.5,2.7612,inf,0.0213
45.1,seguindo,4.7325,1.3894,-0.1344,0.0194,0.1538,0.5,2.7612,inf,0.0213
45.15,seguindo,4.7325,1.3894,-0.1344,0.0194,0.1538,0.5,2.7612,inf,0.0213
45.2,seguindo,4.7325,1.3894,-0.1344,0.0194,0.1538,0.5,2.7612,inf,0.0213
45.25,seguindo,4.7325,1.3894,-0.1344,0.0194,0.1538,0.5,2.7612,inf,0.0213
45.3,seguindo,4.7325,1.3894,-0.1344,0.0194,0.1538,0.5,2.7612,inf,0.0213
45.35,seguindo,4.7325,1.3894,-0.1344,0.0194,0.1538,0.5,2.7612,inf,0.0213
45.4,seguindo,4.7325,1.3894,-0.1344,0.0194,0.1538,0.5,2.7612,inf,0.0213
45.45,seguindo,4.7325,1.3894,-0.1344,0.0194,0.1538,0.5,2.7612,inf,0.0213
45.5,seguindo,4.7325,1.3894,-0.1344,0.0194,0.1538,0.5,2.7612,inf,0.0213
45.55,seguindo,4.7325,1.3894,-0.1344,0.0194,0.1538,0.5,2.7612,inf,0.0213
45.6,seguindo,4.7325,1.3894,-0.1344,0.0194,0.1538,0.5,2.7612,inf,0.0213
45.65,seguindo,4.7325,1.3894,-0.1344,0.0194,0.1538,0.5,2.7612,inf,0.0213
45.7,seguindo,4.7325,1.3894,-0.1344,0.0194,0.1538,0.5,2.7612,inf,0.0213
45.75,seguindo,4.7325,1.3894,-0.1344,0.0194,0.1538,0.5,2.7612,inf,0.0213
45.8,seguindo,4.7325,1.3894,-0.1344,0.0194,0.1538,0.5,2.7612,inf,0.0213
45.85,seguindo,4.7325,1.3894,-0.1344,0.0194,0.1538,0.5,2.7612,inf,0.0213
45.9,seguindo,4.7325,1.3894,-0.1344,0.0194,0.1538,0.5,2.7612,inf,0.0213
45.95,re,4.7325,1.3894,-0.1344,-0.1344,0.0,-0.203,2.7612,inf,0.0
46.0,re,4.7325,1.3894,-0.1344,-0.1344,0.0,-0.203,2.7612,inf,0.0
46.05,re,4.7325,1.3894,-0.1344,-0.1344,0.0,-0.203,2.7612,inf,0.0
46.1,re,4.7325,1.3894,-0.1344,-0.1344,0.0,-0.203,2.7612,inf,0.0
46.15,re,4.7325,1.3894,-0.1344,-0.1344,0.0,-0.203,2.7612,inf,0.0
46.2,re,4.7325,1.3894,-0.1344,-0.1344,0.0,-0.203,2.7612,inf,0.0
46.25,re,4.7325,1.3894,-0.1344,-0.1344,0.0,-0.203,2.7612,inf,0.0
46.3,re,4.7325,1.3894,-0.1344,-0.1344,0.0,-0.203,2.7612,inf,0.0
46.35,re,4.7295,1.3899,-0.1355,-0.1355,0.0,-0.203,2.7628,inf,0.0
46.4,re,4.7263,1.3904,-0.1366,-0.1366,0.0,-0.203,2.7645,inf,0.0
46.45,re,4.7185,1.3917,-0.1384,-0.1384,0.0,-0.203,2.7687,inf,0.0
46.5,re,4.7121,1.3927,-0.1395,-0.1395,0.0,-0.203,2.7721,inf,0.0
46.551,re,4.6997,1.3946,-0.1413,-0.1413,0.0,-0.203,2.7789,inf,0.0
46.6,re,4.6901,1.396,-0.1424,-0.1424,0.0,-0.203,2.7841,inf,0.0
46.65,re,4.6738,1.3985,-0.1442,-0.1442,0.0,-0.203,2.793,inf,0.0
46.7,re,4.6622,1.4003,-0.1452,-0.1452,0.0,-0.203,2.7994,inf,0.0
46.75,re,4.6448,1.403,-0.1467,-0.1467,0.0,-0.203,2.8091,inf,0.0
46.8,re,4.6333,1.4048,-0.1475,-0.1475,0.0,-0.203,2.8156,inf,0.0
46.85,re,4.616,1.4074,-0.1482,-0.1482,0.0,-0.203,2.8253,inf,0.0
46.9,re,4.6045,1.4091,-0.1484,-0.1484,0.0,-0.203,2.8319,inf,0.0
46.95,re,4.5875,1.4116,-0.1479,-0.1479,0.0,-0.203,2.8417,inf,0.0
47.0,re,4.5761,1.4133,-0.1472,-0.1472,0.0,-0.203,2.8483,inf,0.0
47.05,re,4.5592,1.4156,-0.1456,-0.1456,0.0,-0.203,2.8582,inf,0.0
47.1,re,4.5479,1.4172,-0.1442,-0.1442,0.0,-0.203,2.8649,inf,0.0
47.15,re,4.5311,1.4194,-0.1417,-0.1417,0.0,-0.203,2.875,inf,0.0
47.2,re,4.5199,1.4208,-0.1399,-0.1399,0.0,-0.203,2.8818,inf,0.0
47.25,re,4.5032,1.4229,-0.1369,-0.1369,0.0,-0.203,2.892,inf,0.0
47.3,re,4.492,1.4243,-0.1349,-0.1349,0.0,-0.203,2.8989,inf,0.0
47.35,re,4.4752,1.4263,-0.1319,-0.1319,0.0,-0.203,2.9093,inf,0.0
47.4,re,4.464,1.4276,-0.1299,-0.1299,0.0,-0.203,2.9163,inf,0.0
47.5,seguindo,4.4361,1.4308,-0.125,-0.0446,0.0804,0.5,2.934,inf,-0.2701
47.55,seguindo,4.4193,1.4326,-0.1221,-0.0463,0.0758,0.5,2.9448,inf,-0.287
47.6,seguindo,4.4081,1.4338,-0.1202,-0.0162,0.104,0.5,2.952,inf,-0.0023
47.65,seguindo,4.3912,1.4356,-0.1173,-0.0205,0.0968,0.5,2.9629,inf,0.0153
47.7,seguindo,4.38,1.4367,-0.1154,-0.023,0.0924,0.5,2.9702,inf,0.0265
47.75,seguindo,4.3632,1.4384,-0.1125,-0.0264,0.086,0.5,2.9812,inf,0.0434
47.8,seguindo,4.352,1.4395,-0.1106,-0.0285,0.0821,0.5,2.9887,inf,0.0546
47.851,seguindo,4.3352,1.4411,-0.1077,-0.0286,0.079,0.5,2.9778,inf,0.0413
47.9,seguindo,4.324,1.4422,-0.1057,-0.0305,0.0753,0.5,2.9852,inf,0.0526
47.95,seguindo,4.3071,1.4437,-0.1028,-0.0329,0.0699,0.5,2.9964,inf,0.0695
48.0,seguindo,4.2959,1.4447,-0.1009,-0.0344,0.0665,0.5,3.0039,inf,0.0807
48.05,seguindo,4.2819,1.4462,-0.1021,-0.0367,0.0653,0.5,3.0132,inf,0.0948
48.1,seguindo,4.2739,1.4473,-0.1053,-0.0386,0.0667,0.5,3.0183,inf,0.1029
48.15,seguindo,4.2646,1.4484,-0.1076,-0.0403,0.0673,0.5,3.0243,inf,0.1122
48.2,seguindo,4.2598,1.4489,-0.1076,-0.0411,0.0666,0.5,3.0276,inf,0.1171
48.25,seguindo,4.2553,1.4494,-0.1077,-0.0416,0.066,0.5,3.0306,inf,0.1216
48.3,seguindo,4.2536,1.4496,-0.1077,-0.0419,0.0658,0.5,3.0317,inf,0.1233
48.35,seguindo,4.2539,1.4494,-0.1065,-0.0416,0.065,0.5,3.0316,inf,0.123
48.4,seguindo,4.2554,1.4491,-0.1051,-0.0411,0.064,0.5,3.0307,inf,0.1215
48.45,seguindo,4.2604,1.4485,-0.1036,-0.04,0.0636,0.5,3.0274,inf,0.1164
48.5,seguindo,4.2651,1.4479,-0.1031,-0.0393,0.0638,0.5,3.0243,inf,0.1117
48.55,seguindo,4.2749,1.447,-0.1044,-0.038,0.0664,0.5,3.0178,inf,0.1018
48.6,seguindo,4.2828,1.4463,-0.1065,-0.0371,0.0693,0.5,3.0124,inf,0.0939
48.65,seguindo,4.2974,1.4451,-0.1122,-0.1216,-0.0094,0.5,3.0025,1.0148,-0.0007
48.7,seguindo,4.3085,1.4443,-0.1175,-0.1221,-0.0046,0.5,2.995,0.8184,-0.0001
48.75,seguindo,4.3271,1.4429,-0.1286,-0.123,0.0056,0.5,2.9824,0.8184,0.0007
48.8,seguindo,4.3404,1.4419,-0.1374,-0.1236,0.0138,0.5,2.9735,0.8184,0.0013
48.85,seguindo,4.3602,1.44,-0.1502,-0.1242,0.026,0.5,2.9604,0.8184,0.0019
48.9,seguindo,4.3734,1.4387,-0.1584,-0.1244,0.0339,0.5,2.9519,0.8184,0.0022
48.95,seguindo,4.3925,1.4363,-0.1676,-0.1244,0.0432,0.5,2.9399,0.8184,-0.0031
49.0,seguindo,4.405,1.4345,-0.1724,-0.1242,0.0482,0.5,2.9322,0.8436,-0.0073
49.05,seguindo,4.4232,1.4316,-0.176,-0.1235,0.0525,0.5,2.9213,0.8436,-0.0137
49.1,seguindo,4.4351,1.4296,-0.1771,-0.123,0.0542,0.5,2.9143,0.8436,-0.0181
49.15,seguindo,4.4525,1.4264,-0.1762,-0.1219,0.0543,0.5,2.9043,0.8436,-0.0247
49.2,seguindo,4.464,1.4242,-0.1746,-0.1212,0.0534,0.5,2.8978,0.8436,-0.0291
49.25,seguindo,4.4809,1.4209,-0.1708,-0.12,0.0508,0.5,2.8884,0.8436,-0.0356
49.3,seguindo,4.4922,1.4188,-0.1677,-0.1191,0.0486,0.5,2.8821,0.8436,-0.04
49.35,seguindo,4.509,1.4156,-0.1631,-0.1179,0.0452,0.5,2.8728,0.8436,-0.0465
49.4,seguindo,4.5202,1.4135,-0.16,-0.095,0.065,0.5,2.8665,0.8436,-0.0507
49.45,seguindo,4.5371,1.4105,-0.1558,-0.0936,0.0622,0.5,2.8571,0.8436,-0.0558
49.5,seguindo,4.5485,1.4085,-0.1531,-0.0926,0.0605,0.5,2.8509,0.8436,-0.0564
49.55,seguindo,4.5655,1.4056,-0.1495,-0.0656,0.0839,0.5,2.8414,0.8436,-0.0572
49.6,seguindo,4.5769,1.4037,-0.1473,-0.0644,0.0829,0.5,2.8351,0.8436,-0.0577
49.65,seguindo,4.5941,1.4009,-0.1443,-0.0627,0.0815,0.5,2.8255,0.8436,-0.0584
49.7,seguindo,4.6055,1.3991,-0.1425,-0.0616,0.0809,0.5,2.8192,0.8184,-0.029
49.75,seguindo,4.6198,1.3971,-0.1425,-0.031,0.1115,0.5,2.8141,0.8184,-0.0521
49.8,seguindo,4.628,1.396,-0.1435,-0.0301,0.1135,0.5,2.8096,0.8184,-0.0581
49.85,seguindo,4.6375,1.3948,-0.1453,0.0179,0.1631,0.5,2.8044,0.8184,-0.065
49.9,seguindo,4.6426,1.3941,-0.1464,0.0186,0.165,0.5,2.8016,0.8184,-0.0688
49.95,seguindo,4.6473,1.3935,-0.1481,0.0193,0.1674,0.5,2.799,0.8184,-0.0692
50.0,seguindo,4.6492,1.3933,-0.1492,0.0195,0.1687,0.5,2.7979,0.8184,-0.0692
50.05,seguindo,4.6492,1.3935,-0.1509,0.0193,0.1703,0.5,2.7978,0.8184,-0.069
50.1,seguindo,4.6479,1.3938,-0.152,0.019,0.171,0.5,2.7984,0.8184,-0.0689
50.15,seguindo,4.6432,1.3947,-0.1537,0.018,0.1718,0.5,2.8008,0.8184,-0.0685
50.2,seguindo,4.6388,1.3954,-0.1549,0.0172,0.172,0.5,2.803,0.8184,-0.0653
50.25,seguindo,4.6293,1.3971,-0.1565,-0.0313,0.1252,0.5,2.8079,0.8184,-0.058
50.3,seguindo,4.6217,1.3984,-0.1576,-0.0324,0.1252,0.5,2.8118,0.8184,-0.0523
50.35,seguindo,4.61,1.4004,-0.1588,-0.0341,0.1247,0.5,2.818,0.8184,-0.0433
50.4,seguindo,4.598,1.4024,-0.1599,-0.0357,0.1242,0.5,2.8243,0.8184,-0.0342
50.45,seguindo,4.5918,1.4034,-0.1607,-0.0366,0.1241,0.5,2.8275,0.8184,-0.0295
50.5,seguindo,4.5857,1.4045,-0.1614,-0.0374,0.124,0.5,2.8307,0.8184,-0.0249
50.55,seguindo,4.5789,1.4056,-0.1622,-0.0383,0.1239,0.5,2.8343,0.8184,-0.0197
50.6,seguindo,4.5753,1.4062,-0.1626,-0.0388,0.1238,0.5,2.8362,0.8184,-0.0172
50.65,seguindo,4.5718,1.4068,-0.1631,-0.0392,0.1238,0.5,2.8381,0.8184,-0.0152
50.7,seguindo,4.5702,1.4071,-0.1633,-0.0395,0.1238,0.5,2.8389,0.8184,-0.0145
50.75,seguindo,4.5694,1.4072,-0.1634,-0.0396,0.1238,0.5,2.8394,0.8184,-0.0142
50.8,seguindo,4.5694,1.4072,-0.1634,-0.0396,0.1238,0.5,2.8394,0.8184,-0.0142
50.85,seguindo,4.5694,1.4072,-0.1634,-0.0396,0.1238,0.5,2.8394,0.8184,-0.0142
50.9,seguindo,4.5694,1.4072,-0.1634,-0.0396,0.1238,0.5,2.8394,0.8184,-0.0142
50.95,seguindo,4.5694,1.4072,-0.1634,-0.0396,0.1238,0.5,2.8394,0.8184,-0.0142
51.0,seguindo,4.5694,1.4072,-0.1634,-0.0396,0.1238,0.5,2.8394,0.8184,-0.0142
51.05,seguindo,4.5694,1.4072,-0.1634,-0.0396,0.1238,0.5,2.8394,0.8184,-0.0142
51.1,seguindo,4.5694,1.4072,-0.1634,-0.0396,0.1238,0.5,2.8394,0.8184,-0.0142
51.15,seguindo,4.5694,1.4072,-0.1634,-0.0396,0.1238,0.5,2.8394,0.8184,-0.0142
51.2,seguindo,4.5694,1.4072,-0.1634,-0.0396,0.1238,0.5,2.8394,0.8184,-0.0142
51.25,seguindo,4.5694,1.4072,-0.1634,-0.0396,0.1238,0.5,2.8394,0.8184,-0.0142
51.3,seguindo,4.5694,1.4072,-0.1634,-0.0396,0.1238,0.5,2.8394,0.8184,-0.0142
51.35,seguindo,4.5694,1.4072,-0.1634,-0.0396,0.1238,0.5,2.8394,0.8184,-0.0142
51.4,seguindo,4.5694,1.4072,-0.1634,-0.0396,0.1238,0.5,2.8394,0.8184,-0.0142
51.45,seguindo,4.5694,1.4072,-0.1634,-0.0396,0.1238,0.5,2.8394,0.8184,-0.0142
51.5,seguindo,4.5694,1.4072,-0.1634,-0.0396,0.1238,0.5,2.8394,0.8184,-0.0142
51.55,seguindo,4.5694,1.4072,-0.1634,-0.0396,0.1238,0.5,2.8394,0.8184,-0.0142
51.6,seguindo,4.5694,1.4072,-0.1634,-0.0396,0.1238,0.5,2.8394,0.8184,-0.0142
51.65,seguindo,4.5694,1.4072,-0.1634,-0.0396,0.1238,0.5,2.8394,0.8184,-0.0142
51.7,seguindo,4.5694,1.4072,-0.1634,-0.0396,0.1238,0.5,2.8394,0.8184,-0.0142
51.75,seguindo,4.5694,1.4072,-0.1634,-0.0396,0.1238,0.5,2.8394,0.8184,-0.0142
51.8,seguindo,4.5694,1.4072,-0.1634,-0.0396,0.1238,0.5,2.8394,0.8184,-0.0142
51.85,seguindo,4.5694,1.4072,-0.1634,-0.0396,0.1238,0.5,2.8394,0.8184,-0.0142
51.9,seguindo,4.5694,1.4072,-0.1634,-0.0396,0.1238,0.5,2.8394,0.8184,-0.0142
51.95,seguindo,4.5694,1.4072,-0.1634,-0.0396,0.1238,0.5,2.8394,0.8184,-0.0142
52.0,seguindo,4.5694,1.4072,-0.1634,-0.0396,0.1238,0.5,2.8394,0.8184,-0.0142
52.05,seguindo,4.5694,1.4072,-0.1634,-0.0396,0.1238,0.5,2.8394,0.8184,-0.0142
52.1,seguindo,4.5694,1.4072,-0.1634,-0.0396,0.1238,0.5,2.8394,0.8184,-0.0142
52.15,seguindo,4.5722,1.4071,-0.1675,-0.0395,0.128,0.5,2.8377,0.8184,-0.0151
52.2,seguindo,4.5754,1.4069,-0.1726,-0.0395,0.1331,0.5,2.8357,0.8184,-0.0166
52.25,seguindo,4.5829,1.4065,-0.1847,-0.0394,0.1453,0.5,2.831,0.8184,-0.0215
52.3,seguindo,4.5894,1.4061,-0.195,-0.0392,0.1558,0.5,2.8271,0.8184,-0.0259
52.35,seguindo,4.6016,1.4048,-0.2097,-0.0383,0.1714,0.5,2.8201,0.8184,-0.0347
52.4,seguindo,4.6112,1.4034,-0.218,-0.0373,0.1808,0.5,2.8149,0.8184,-0.0418
52.45,seguindo,4.624,1.4014,-0.2291,0.1123,0.3414,0.5,2.8081,inf,-0.0514
52.5,seguindo,4.632,1.4,-0.2352,0.063,0.2982,0.5,2.8039,inf,-0.0575
52.55,seguindo,4.6417,1.3983,-0.2433,0.049,0.2924,0.5,2.7989,inf,-0.0649
52.6,seguindo,4.6474,1.3973,-0.2477,0.0522,0.2998,0.5,2.7961,inf,-0.0654
52.65,seguindo,4.6531,1.3962,-0.2525,0.0554,0.3079,0.5,2.7932,inf,-0.0659
52.7,seguindo,4.656,1.3957,-0.2547,0.0571,0.3118,0.5,2.7918,inf,-0.0662
52.75,seguindo,4.6579,1.3953,-0.2563,0.0805,0.3368,0.5,2.7908,inf,-0.0177
52.8,seguindo,4.6585,1.3952,-0.2567,0.0809,0.3376,0.5,2.7906,inf,-0.0175
52.85,seguindo,4.6587,1.3952,-0.2569,0.0811,0.338,0.5,2.7904,inf,-0.0174
52.9,seguindo,4.6587,1.3952,-0.2569,0.0811,0.338,0.5,2.7904,inf,-0.0174
52.95,seguindo,4.6587,1.3952,-0.2569,0.0811,0.338,0.5,2.7904,inf,-0.0174
53.0,seguindo,4.6587,1.3952,-0.2569,0.0811,0.338,0.5,2.7904,inf,-0.0174
53.05,seguindo,4.6587,1.3952,-0.2569,0.0811,0.338,0.5,2.7904,inf,-0.0174
53.1,seguindo,4.6587,1.3952,-0.2569,0.0811,0.338,0.5,2.7904,inf,-0.0174
53.15,seguindo,4.6587,1.3952,-0.2569,0.0811,0.338,0.5,2.7904,inf,-0.0174
53.2,seguindo,4.6587,1.3952,-0.2569,0.0811,0.338,0.5,2.7904,inf,-0.0174
53.25,seguindo,4.6587,1.3952,-0.2569,0.0811,0.338,0.5,2.7904,inf,-0.0174
53.3,seguindo,4.6587,1.3952,-0.2569,0.0811,0.338,0.5,2.7904,inf,-0.0174
53.35,seguindo,4.6587,1.3952,-0.2569,0.0811,0.338,0.5,2.7904,inf,-0.0174
53.4,seguindo,4.6587,1.3952,-0.2569,0.0811,0.338,0.5,2.7904,inf,-0.0174
53.45,seguindo,4.6587,1.3952,-0.2569,0.0811,0.338,0.5,2.7904,inf,-0.0174
53.5,seguindo,4.6587,1.3952,-0.2569,0.0811,0.338,0.5,2.7904,inf,-0.0174
53.55,seguindo,4.6587,1.3952,-0.2569,0.0811,0.338,0.5,2.7904,inf,-0.0174
53.6,seguindo,4.6587,1.3952,-0.2569,0.0811,0.338,0.5,2.7904,inf,-0.0174
53.65,seguindo,4.6587,1.3952,-0.2569,0.0811,0.338,0.5,2.7904,inf,-0.0174
53.7,seguindo,4.6587,1.3952,-0.2569,0.0811,0.338,0.5,2.7904,inf,-0.0174
53.75,re,4.6587,1.3952,-0.2569,-0.2569,0.0,-0.203,2.7904,inf,0.0
53.8,re,4.6587,1.3952,-0.2569,-0.2569,0.0,-0.203,2.7904,inf,0.0
53.85,re,4.6587,1.3952,-0.2569,-0.2569,0.0,-0.203,2.7904,inf,0.0
53.9,re,4.6587,1.3952,-0.2569,-0.2569,0.0,-0.203,2.7904,inf,0.0
53.95,re,4.6587,1.3952,-0.2569,-0.2569,0.0,-0.203,2.7904,inf,0.0
54.0,re,4.6587,1.3952,-0.2569,-0.2569,0.0,-0.203,2.7904,inf,0.0
54.05,re,4.6587,1.3952,-0.2569,-0.2569,0.0,-0.203,2.7904,inf,0.0
54.1,re,4.6587,1.3952,-0.2569,-0.2569,0.0,-0.203,2.7904,inf,0.0
54.15,re,4.6558,1.396,-0.258,-0.258,0.0,-0.203,2.7916,inf,0.0
54.2,re,4.6527,1.397,-0.2591,-0.2591,0.0,-0.203,2.793,inf,0.0
54.25,re,4.6451,1.3991,-0.2608,-0.2608,0.0,-0.203,2.7961,inf,0.0
54.3,re,4.6389,1.4009,-0.2619,-0.2619,0.0,-0.203,2.7988,inf,0.0
54.35,re,4.6267,1.4043,-0.2637,-0.2637,0.0,-0.203,2.8041,inf,0.0
54.4,re,4.6174,1.4069,-0.2647,-0.2647,0.0,-0.203,2.8082,inf,0.0
54.45,re,4.6015,1.4114,-0.2665,-0.2665,0.0,-0.203,2.8151,inf,0.0
54.5,re,4.5902,1.4146,-0.2675,-0.2675,0.0,-0.203,2.8202,inf,0.0
54.55,re,4.5733,1.4194,-0.2689,-0.2689,0.0,-0.203,2.8277,inf,0.0
54.6,re,4.5564,1.4241,-0.2703,-0.2703,0.0,-0.203,2.8354,inf,0.0
54.65,re,4.5452,1.4273,-0.2706,-0.2706,0.0,-0.203,2.8405,inf,0.0
54.7,re,4.534,1.4304,-0.2709,-0.2709,0.0,-0.203,2.8457,inf,0.0
54.75,re,4.5173,1.435,-0.2704,-0.2704,0.0,-0.203,2.8535,inf,0.0
54.8,re,4.5063,1.438,-0.2698,-0.2698,0.0,-0.203,2.8588,inf,0.0
54.85,re,4.4898,1.4424,-0.268,-0.268,0.0,-0.203,2.8668,inf,0.0
54.9,re,4.4788,1.4453,-0.2666,-0.2666,0.0,-0.203,2.8722,inf,0.0
54.95,re,4.4624,1.4495,-0.264,-0.264,0.0,-0.203,2.8804,inf,0.0
55.0,re,4.4514,1.4523,-0.2622,-0.2622,0.0,-0.203,2.8859,inf,0.0
55.05,re,4.4351,1.4564,-0.2592,-0.2592,0.0,-0.203,2.8943,inf,0.0
55.1,re,4.4241,1.4591,-0.2572,-0.2572,0.0,-0.203,2.8999,inf,0.0
55.2,seguindo,4.3968,1.4658,-0.2522,-0.015,0.2372,0.5,2.9143,inf,0.1266
55.25,seguindo,4.3804,1.4698,-0.2493,-0.0227,0.2266,0.5,2.923,inf,0.1435
55.3,seguindo,4.3694,1.4724,-0.2473,-0.0274,0.2199,0.5,2.929,inf,0.1547
55.35,seguindo,4.353,1.4763,-0.2444,-0.0341,0.2103,0.5,2.9379,inf,0.1716
55.4,seguindo,4.3365,1.4801,-0.2414,-0.0402,0.2012,0.5,2.947,inf,0.1884
55.45,seguindo,4.3256,1.4827,-0.2395,-0.0721,0.1674,0.5,2.939,inf,0.1852
55.5,seguindo,4.3146,1.4852,-0.2375,-0.0753,0.1622,0.5,2.9454,inf,0.1964
55.55,seguindo,4.2981,1.4889,-0.2346,-0.0798,0.1549,0.5,2.9549,inf,0.2132
55.6,seguindo,4.2871,1.4913,-0.2326,-0.0825,0.1501,0.5,2.9613,inf,0.2244
55.65,seguindo,4.2706,1.495,-0.2297,-0.0864,0.1433,0.5,2.9711,inf,0.2412
55.7,seguindo,4.2596,1.4974,-0.2278,-0.0888,0.1389,0.5,2.9776,inf,0.2524
55.75,seguindo,4.2459,1.5006,-0.2292,-0.0922,0.137,0.5,2.9857,inf,0.2665
55.8,seguindo,4.2381,1.5027,-0.2324,-0.0944,0.138,0.5,2.9901,inf,0.2745
55.85,seguindo,4.2291,1.505,-0.2347,-0.2136,0.0211,0.5,2.9953,inf,0.0159
55.9,seguindo,4.2243,1.5061,-0.2347,-0.2139,0.0208,0.5,2.9981,inf,0.0129
55.95,seguindo,4.22,1.5071,-0.2348,-0.214,0.0207,0.5,3.0007,inf,0.0101
56.0,seguindo,4.2183,1.5075,-0.2348,-0.2141,0.0206,0.5,3.0017,inf,0.009
56.05,seguindo,4.2186,1.5073,-0.2337,-0.2137,0.0201,0.5,3.0016,inf,0.0091
56.1,seguindo,4.2201,1.5068,-0.2323,-0.2132,0.019,0.5,3.0008,inf,0.01
56.15,seguindo,4.225,1.5055,-0.2316,-0.2126,0.019,0.5,2.998,inf,0.0131
56.2,seguindo,4.2296,1.5044,-0.2317,-0.2123,0.0193,0.5,2.9953,inf,0.0161
56.25,seguindo,4.2393,1.5022,-0.2337,-0.212,0.0217,0.5,2.9895,inf,0.0223
56.3,seguindo,4.247,1.5005,-0.2358,-0.2119,0.0238,0.5,2.9848,inf,0.0274
56.35,seguindo,4.2614,1.4975,-0.2415,-0.1743,0.0672,0.3222,2.9762,0.3222,0.0368
56.4,seguindo,4.2723,1.4952,-0.2465,-0.1739,0.0725,0.3222,2.9697,0.3222,0.044
56.45,seguindo,4.2905,1.4913,-0.2571,-0.1733,0.0838,0.3222,2.9588,0.3222,0.0524
56.5,seguindo,4.3035,1.4886,-0.2655,-0.1702,0.0954,0.5,2.9511,0.8184,0.0545
56.55,seguindo,4.3228,1.4842,-0.2776,-0.1691,0.1086,0.5,2.94,0.8184,0.0574
56.6,seguindo,4.3356,1.4812,-0.2854,-0.1682,0.1173,0.5,2.9327,0.8184,0.0592
56.65,seguindo,4.3541,1.4764,-0.294,-0.1641,0.1299,0.5,2.9226,1.4955,0.0614
56.7,seguindo,4.3663,1.473,-0.2983,-0.1627,0.1356,0.5,2.9161,1.4955,0.0627
56.75,seguindo,4.3839,1.4679,-0.3018,-0.0733,0.2285,0.5,2.907,inf,0.0642
56.8,seguindo,4.3955,1.4644,-0.3029,-0.0729,0.23,0.5,2.9012,inf,0.0651
56.85,seguindo,4.4116,1.4591,-0.2996,-0.0609,0.2387,0.5,2.8934,inf,0.066
56.9,seguindo,4.422,1.4556,-0.2956,-0.0616,0.2341,0.5,2.8885,inf,-0.0129
56.95,seguindo,4.4379,1.4503,-0.29,-0.0498,0.2401,0.5,2.881,inf,-0.0085
57.0,seguindo,4.4487,1.4468,-0.2864,-0.0415,0.2449,0.5,2.8759,inf,-0.0054
57.05,seguindo,4.4643,1.4415,-0.2777,-0.0279,0.2499,0.5,2.8687,inf,-0.0012
57.1,seguindo,4.4746,1.438,-0.2708,-0.0182,0.2526,0.5,2.864,inf,0.0016
57.15,seguindo,4.4896,1.4329,-0.2581,-0.0192,0.2388,0.5,2.8573,inf,0.0057
57.2,seguindo,4.4995,1.4295,-0.2487,-0.0103,0.2385,0.5,2.8528,inf,0.0081
57.25,seguindo,4.5136,1.4245,-0.2297,0.0041,0.2338,0.5,2.8468,inf,-0.0045
57.3,seguindo,4.5226,1.4212,-0.2152,0.0141,0.2293,0.5,2.8429,inf,-0.0127
57.35,seguindo,4.5359,1.4164,-0.1904,-0.1018,0.0887,0.5,2.8374,0.8184,-0.0246
57.4,seguindo,4.5446,1.4133,-0.1727,-0.0995,0.0733,0.5,2.8337,0.8184,-0.0324
57.45,seguindo,4.5585,1.4091,-0.1496,-0.0701,0.0795,0.5,2.8274,0.8436,-0.0443
57.5,seguindo,4.5733,1.4055,-0.1306,-0.0674,0.0631,0.5,2.8201,0.8436,-0.0547
57.55,seguindo,4.5803,1.4038,-0.1214,-0.0202,0.1011,0.5,2.8166,0.8184,-0.0555
57.6,seguindo,4.5871,1.4022,-0.1116,-0.0188,0.0928,0.5,2.8133,0.8184,-0.0562
57.65,seguindo,4.5943,1.4007,-0.1026,0.0202,0.1227,0.5,2.8222,0.8184,-0.0662
57.7,seguindo,4.5979,1.4001,-0.0996,0.0208,0.1204,0.5,2.8203,0.8184,-0.0665
57.75,seguindo,4.6061,1.3991,-0.0974,0.022,0.1194,0.5,2.8158,0.8184,-0.0667
57.8,seguindo,4.613,1.3984,-0.0973,0.0228,0.1202,0.5,2.8119,0.8184,-0.0668
57.85,seguindo,4.626,1.3971,-0.0975,0.0245,0.122,0.5,2.8046,0.8184,-0.0668
57.9,seguindo,4.6361,1.3961,-0.0977,0.0257,0.1234,0.5,2.7989,0.8184,0.0264
57.95,seguindo,4.6507,1.3947,-0.098,0.0276,0.1255,0.5,2.7907,0.8184,-0.0178
58.0,seguindo,4.6603,1.3938,-0.0981,0.0288,0.1269,0.5,2.7853,0.8184,-0.0174
58.05,seguindo,4.6772,1.3923,-0.101,0.0309,0.1319,0.5,2.7759,0.8184,-0.0266
58.1,seguindo,4.6896,1.3913,-0.1044,0.0324,0.1368,0.5,2.7689,0.8184,-0.0353
58.15,seguindo,4.7083,1.3898,-0.1104,0.0348,0.1451,0.5,2.7585,0.8184,-0.0484
58.2,seguindo,4.7209,1.3887,-0.1147,0.0364,0.1512,0.5,2.7515,0.8184,-0.0573
58.25,seguindo,4.7397,1.387,-0.1212,0.0635,0.1847,0.5,2.7413,inf,-0.0662
58.3,seguindo,4.7585,1.3852,-0.1276,0.0709,0.1985,0.5,2.7313,inf,-0.0662
58.35,seguindo,4.7704,1.3837,-0.1282,0.0769,0.205,0.5,2.7253,inf,-0.0666
58.4,seguindo,4.7822,1.3822,-0.1286,0.0626,0.1912,0.5,2.7193,inf,-0.0669
58.45,seguindo,4.797,1.3804,-0.1299,0.0692,0.1991,0.5,2.7119,inf,-0.0673
58.5,seguindo,4.8057,1.3794,-0.131,0.0732,0.2043,0.5,2.7076,inf,-0.0676
58.55,seguindo,4.8157,1.3782,-0.1328,0.078,0.2108,0.5,2.7026,inf,-0.0678
58.6,seguindo,4.8211,1.3776,-0.1339,0.0808,0.2146,0.5,2.6999,inf,-0.0679
58.65,seguindo,4.8264,1.377,-0.1356,0.0833,0.2189,0.5,2.6972,inf,-0.068
58.7,seguindo,4.8286,1.3768,-0.1367,0.0844,0.2211,0.5,2.6961,inf,-0.068
58.75,seguindo,4.8292,1.3769,-0.1384,0.0843,0.2227,0.5,2.6957,inf,-0.0679
58.8,seguindo,4.8283,1.3771,-0.1395,0.0836,0.2231,0.5,2.6961,inf,-0.0677
58.85,seguindo,4.8241,1.3778,-0.1412,0.0807,0.2219,0.5,2.6979,inf,-0.0674
58.9,seguindo,4.82,1.3785,-0.1424,0.0782,0.2206,0.5,2.6998,inf,-0.0671
58.95,seguindo,4.811,1.38,-0.1441,0.0964,0.2406,0.5,2.7039,inf,-0.0173
59.0,seguindo,4.8038,1.3811,-0.1453,0.0913,0.2366,0.5,2.7073,inf,-0.0162
59.05,seguindo,4.7909,1.3831,-0.1468,0.0827,0.2295,0.5,2.7134,inf,-0.0214
59.1,seguindo,4.7815,1.3846,-0.1477,0.0768,0.2245,0.5,2.7179,inf,0.0285
59.15,seguindo,4.7697,1.3865,-0.1491,0.0698,0.2189,0.5,2.7235,inf,0.039
59.2,seguindo,4.7627,1.3876,-0.15,0.0658,0.2158,0.5,2.7269,inf,0.0455
59.25,seguindo,4.7544,1.3889,-0.1512,0.0611,0.2123,0.5,2.7309,inf,0.0535
59.3,seguindo,4.7497,1.3897,-0.1518,0.0586,0.2104,0.5,2.7331,inf,0.0581
59.35,seguindo,4.7446,1.3905,-0.1525,0.0559,0.2084,0.5,2.7356,inf,0.063
59.4,seguindo,4.7421,1.3909,-0.1528,0.0546,0.2074,0.5,2.7368,inf,0.0655
59.45,seguindo,4.7402,1.3912,-0.1532,0.0537,0.2069,0.5,2.7377,inf,0.0673
59.5,seguindo,4.7398,1.3913,-0.1532,0.0535,0.2067,0.5,2.7379,inf,0.0677
59.55,seguindo,4.7396,1.3913,-0.1532,0.0534,0.2066,0.5,2.738,inf,0.0679
59.6,seguindo,4.7396,1.3913,-0.1532,0.0534,0.2066,0.5,2.738,inf,0.0679
59.65,seguindo,4.7396,1.3913,-0.1532,0.0534,0.2066,0.5,2.738,inf,0.0679
59.7,seguindo,4.7396,1.3913,-0.1532,0.0534,0.2066,0.5,2.738,inf,0.0679
59.75,seguindo,4.7396,1.3913,-0.1532,0.0534,0.2066,0.5,2.738,inf,0.0679
59.8,seguindo,4.7396,1.3913,-0.1532,0.0534,0.2066,0.5,2.738,inf,0.0679
59.85,seguindo,4.7396,1.3913,-0.1532,0.0534,0.2066,0.5,2.738,inf,0.0679
59.9,seguindo,4.7396,1.3913,-0.1532,0.0534,0.2066,0.5,2.738,inf,0.0679
59.95,seguindo,4.7396,1.3913,-0.1532,0.0534,0.2066,0.5,2.738,inf,0.0679
60.0,seguindo,4.7396,1.3913,-0.1532,0.0731,0.2263,0.5,2.738,inf,-0.0207
60.05,seguindo,4.7396,1.3913,-0.1532,0.0731,0.2263,0.5,2.738,inf,-0.0207
60.1,seguindo,4.7396,1.3913,-0.1532,0.0731,0.2263,0.5,2.738,inf,-0.0207
60.15,seguindo,4.7396,1.3913,-0.1532,0.0731,0.2263,0.5,2.738,inf,-0.0207
60.2,seguindo,4.7396,1.3913,-0.1532,0.0731,0.2263,0.5,2.738,inf,-0.0207
60.25,seguindo,4.7396,1.3913,-0.1532,0.0731,0.2263,0.5,2.738,inf,-0.0207
60.3,seguindo,4.7396,1.3913,-0.1532,0.0731,0.2263,0.5,2.738,inf,-0.0207
60.35,seguindo,4.7396,1.3913,-0.1532,0.0731,0.2263,0.5,2.738,inf,-0.0207
60.4,seguindo,4.7396,1.3913,-0.1532,0.0731,0.2263,0.5,2.738,inf,-0.0207
60.45,seguindo,4.7396,1.3913,-0.1532,0.0731,0.2263,0.5,2.738,inf,-0.0207
60.5,seguindo,4.7396,1.3913,-0.1532,0.0731,0.2263,0.5,2.738,inf,-0.0207
60.55,seguindo,4.7396,1.3913,-0.1532,0.0731,0.2263,0.5,2.738,inf,-0.0207
60.6,seguindo,4.7396,1.3913,-0.1532,0.0731,0.2263,0.5,2.738,inf,-0.0207
60.65,seguindo,4.7396,1.3913,-0.1532,0.0731,0.2263,0.5,2.738,inf,-0.0207
60.7,seguindo,4.7396,1.3913,-0.1532,0.0731,0.2263,0.5,2.738,inf,-0.0207
60.75,seguindo,4.7396,1.3913,-0.1532,0.0731,0.2263,0.5,2.738,inf,-0.0207
60.8,seguindo,4.7396,1.3913,-0.1532,0.0731,0.2263,0.5,2.738,inf,-0.0207
60.85,seguindo,4.7396,1.3913,-0.1532,0.0731,0.2263,0.5,2.738,inf,-0.0207
60.9,seguindo,4.7396,1.3913,-0.1532,0.0731,0.2263,0.5,2.738,inf,-0.0207
60.95,seguindo,4.7396,1.3913,-0.1532,0.0731,0.2263,0.5,2.738,inf,-0.0207
61.0,seguindo,4.7396,1.3913,-0.1532,0.0731,0.2263,0.5,2.738,inf,0.0207
61.05,seguindo,4.7396,1.3913,-0.1532,0.0731,0.2263,0.5,2.738,inf,0.0207
61.1,seguindo,4.7396,1.3913,-0.1532,0.0731,0.2263,0.5,2.738,inf,0.0207
61.15,seguindo,4.7396,1.3913,-0.1532,0.0731,0.2263,0.5,2.738,inf,0.0207
61.2,seguindo,4.7396,1.3913,-0.1532,0.0731,0.2263,0.5,2.738,inf,0.0207
61.25,seguindo,4.7396,1.3913,-0.1532,0.0731,0.2263,0.5,2.738,inf,0.0207
61.3,seguindo,4.7396,1.3913,-0.1532,0.0731,0.2263,0.5,2.738,inf,0.0207
61.35,seguindo,4.7396,1.3913,-0.1532,0.0731,0.2263,0.5,2.738,inf,0.0207
61.4,seguindo,4.7396,1.3913,-0.1532,0.0731,0.2263,0.5,2.738,inf,0.0207
61.45,seguindo,4.7396,1.3913,-0.1532,0.0731,0.2263,0.5,2.738,inf,0.0207
61.5,seguindo,4.7396,1.3913,-0.1532,0.0731,0.2263,0.5,2.738,inf,0.0207
61.55,seguindo,4.7396,1.3913,-0.1532,0.0731,0.2263,0.5,2.738,inf,0.0207
61.6,seguindo,4.7396,1.3913,-0.1532,0.0731,0.2263,0.5,2.738,inf,0.0207
61.65,seguindo,4.7396,1.3913,-0.1532,0.0731,0.2263,0.5,2.738,inf,0.0207
61.7,seguindo,4.7396,1.3913,-0.1532,0.0731,0.2263,0.5,2.738,inf,0.0207
61.75,seguindo,4.7396,1.3913,-0.1532,0.0731,0.2263,0.5,2.738,inf,0.0207
61.8,seguindo,4.7396,1.3913,-0.1532,0.0731,0.2263,0.5,2.738,inf,0.0207
61.85,seguindo,4.7396,1.3913,-0.1532,0.0731,0.2263,0.5,2.738,inf,0.0207
61.9,seguindo,4.7396,1.3913,-0.1532,0.0731,0.2263,0.5,2.738,inf,0.0207
61.95,seguindo,4.7396,1.3913,-0.1532,0.0731,0.2263,0.5,2.738,inf,0.0207
62.0,seguindo,4.7396,1.3913,-0.1532,0.0731,0.2263,0.5,2.738,inf,0.0207
62.05,seguindo,4.7396,1.3913,-0.1532,0.0731,0.2263,0.5,2.738,inf,0.0207
62.1,seguindo,4.7396,1.3913,-0.1532,0.0731,0.2263,0.5,2.738,inf,0.0207
62.15,seguindo,4.7396,1.3913,-0.1532,0.0731,0.2263,0.5,2.738,inf,0.0207
62.2,seguindo,4.7396,1.3913,-0.1532,0.0731,0.2263,0.5,2.738,inf,0.0207
62.25,seguindo,4.7396,1.3913,-0.1532,0.0731,0.2263,0.5,2.738,inf,0.0207
62.3,seguindo,4.7396,1.3913,-0.1532,0.0731,0.2263,0.5,2.738,inf,0.0207
62.35,seguindo,4.7396,1.3913,-0.1532,0.0731,0.2263,0.5,2.738,inf,0.0207
62.4,seguindo,4.7396,1.3913,-0.1532,0.0731,0.2263,0.5,2.738,inf,0.0207
62.45,seguindo,4.7396,1.3913,-0.1532,0.0731,0.2263,0.5,2.738,inf,0.0207
62.5,seguindo,4.7396,1.3913,-0.1532,0.0731,0.2263,0.5,2.738,inf,0.0207
62.55,seguindo,4.7396,1.3913,-0.1532,0.0731,0.2263,0.5,2.738,inf,0.0207
62.6,re,4.7396,1.3913,-0.1532,-0.1532,0.0,-0.203,2.738,inf,0.0
62.65,re,4.7396,1.3913,-0.1532,-0.1532,0.0,-0.203,2.738,inf,0.0
62.7,re,4.7396,1.3913,-0.1532,-0.1532,0.0,-0.203,2.738,inf,0.0
62.75,re,4.7396,1.3913,-0.1532,-0.1532,0.0,-0.203,2.738,inf,0.0
62.8,re,4.7396,1.3913,-0.1532,-0.1532,0.0,-0.203,2.738,inf,0.0
62.85,re,4.7396,1.3913,-0.1532,-0.1532,0.0,-0.203,2.738,inf,0.0
62.9,re,4.7396,1.3913,-0.1532,-0.1532,0.0,-0.203,2.738,inf,0.0
62.95,re,4.7396,1.3913,-0.1532,-0.1532,0.0,-0.203,2.738,inf,0.0
63.0,re,4.7396,1.3913,-0.1532,-0.1532,0.0,-0.203,2.738,inf,0.0
63.05,re,4.7366,1.3919,-0.1544,-0.1544,0.0,-0.203,2.7394,inf,0.0
63.1,re,4.7334,1.3925,-0.1555,-0.1555,0.0,-0.203,2.7409,inf,0.0
63.15,re,4.7257,1.3938,-0.1572,-0.1572,0.0,-0.203,2.7446,inf,0.0
63.2,re,4.7193,1.395,-0.1584,-0.1584,0.0,-0.203,2.7476,inf,0.0
63.25,re,4.7068,1.3971,-0.1601,-0.1601,0.0,-0.203,2.7536,inf,0.0
63.3,re,4.6973,1.3987,-0.1613,-0.1613,0.0,-0.203,2.7583,inf,0.0
63.35,re,4.6811,1.4015,-0.163,-0.163,0.0,-0.203,2.7663,inf,0.0
63.4,re,4.6695,1.4035,-0.1641,-0.1641,0.0,-0.203,2.772,inf,0.0
63.45,re,4.6522,1.4065,-0.1655,-0.1655,0.0,-0.203,2.7806,inf,0.0
63.5,re,4.6407,1.4086,-0.1664,-0.1664,0.0,-0.203,2.7864,inf,0.0
63.55,re,4.6234,1.4115,-0.1672,-0.1672,0.0,-0.203,2.7952,inf,0.0
63.6,re,4.612,1.4135,-0.1675,-0.1675,0.0,-0.203,2.801,inf,0.0
63.65,re,4.5949,1.4163,-0.167,-0.167,0.0,-0.203,2.8099,inf,0.0
63.7,re,4.5836,1.4182,-0.1665,-0.1665,0.0,-0.203,2.8158,inf,0.0
63.75,re,4.5667,1.4209,-0.1648,-0.1648,0.0,-0.203,2.8248,inf,0.0
63.8,re,4.5555,1.4226,-0.1634,-0.1634,0.0,-0.203,2.8309,inf,0.0
63.85,re,4.5388,1.4251,-0.1608,-0.1608,0.0,-0.203,2.84,inf,0.0
63.9,re,4.5276,1.4268,-0.1589,-0.1589,0.0,-0.203,2.8462,inf,0.0
63.95,re,4.5109,1.4292,-0.1559,-0.1559,0.0,-0.203,2.8555,inf,0.0
64.0,re,4.4997,1.4308,-0.1539,-0.1539,0.0,-0.203,2.8618,inf,0.0
64.05,re,4.483,1.4331,-0.1509,-0.1509,0.0,-0.203,2.8713,inf,0.0
64.1,re,4.4719,1.4346,-0.1489,-0.1489,0.0,-0.203,2.8777,inf,0.0
64.2,seguindo,4.444,1.4383,-0.144,-0.0138,0.1303,0.5,2.8939,inf,0.0172
64.25,seguindo,4.4272,1.4405,-0.1411,-0.019,0.1221,0.5,2.9038,inf,0.0334
64.3,seguindo,4.416,1.4419,-0.1392,-0.0222,0.117,0.5,2.9105,inf,0.0445
64.35,seguindo,4.3993,1.444,-0.1362,-0.0265,0.1098,0.5,2.9205,inf,0.0613
64.4,seguindo,4.3881,1.4453,-0.1343,-0.0291,0.1052,0.5,2.9273,inf,0.0725
64.45,seguindo,4.3713,1.4473,-0.1314,-0.0327,0.0987,0.5,2.9375,inf,0.0893
64.5,seguindo,4.3601,1.4487,-0.1294,-0.0348,0.0946,0.5,2.9443,inf,0.1005
64.55,seguindo,4.3433,1.4506,-0.1265,-0.0378,0.0888,0.5,2.9547,inf,0.1174
64.6,seguindo,4.3321,1.4518,-0.1246,-0.0396,0.085,0.5,2.9617,inf,0.1286
64.65,seguindo,4.3153,1.4537,-0.1217,-0.0552,0.0665,0.5,2.9791,inf,0.1535
64.7,seguindo,4.3041,1.4549,-0.1197,-0.0563,0.0634,0.5,2.9863,inf,0.1648
64.75,seguindo,4.2901,1.4566,-0.1209,-0.0582,0.0627,0.5,2.9953,inf,0.1788
64.8,seguindo,4.2822,1.4579,-0.1242,-0.0597,0.0645,0.5,3.0002,inf,0.1869
64.85,seguindo,4.273,1.4592,-0.1266,-0.0611,0.0654,0.5,3.0059,inf,0.1961
64.9,seguindo,4.2682,1.4598,-0.1266,-0.0617,0.0648,0.5,3.009,inf,0.201
64.95,seguindo,4.2638,1.4603,-0.1266,-0.0622,0.0644,0.5,3.0118,inf,0.2054
65.0,seguindo,4.2622,1.4605,-0.1266,-0.0624,0.0642,0.5,3.0129,inf,0.207
65.05,seguindo,4.2625,1.4603,-0.1254,-0.0621,0.0634,0.5,3.0128,inf,0.2067
65.1,seguindo,4.2648,1.4599,-0.1232,-0.0615,0.0618,0.5,3.0114,inf,0.2044
65.15,seguindo,4.2691,1.4592,-0.1225,-0.1198,0.0027,0.5,3.0088,0.8184,0.0086
65.2,seguindo,4.2738,1.4586,-0.1217,-0.1197,0.002,0.5,3.0058,0.8184,0.0096
65.25,seguindo,4.2836,1.4575,-0.1232,-0.1198,0.0035,0.5,2.9994,0.8184,0.0127
65.3,seguindo,4.2954,1.4563,-0.1268,-0.12,0.0068,0.5,2.9917,0.8184,0.0165
65.35,seguindo,4.3061,1.4553,-0.1327,-0.1199,0.0128,0.5,2.9846,0.8184,0.0201
65.4,seguindo,4.3172,1.4543,-0.1391,-0.1202,0.0189,0.5,2.9773,0.8184,0.0239
65.45,seguindo,4.3359,1.4526,-0.1523,-0.1209,0.0315,0.5,2.965,0.8184,0.0302
65.5,seguindo,4.3493,1.4514,-0.1628,-0.1212,0.0416,0.5,2.9563,0.8184,0.0347
65.55,seguindo,4.369,1.4492,-0.1773,-0.1209,0.0563,0.5,2.9438,0.8184,0.041
65.6,seguindo,4.3821,1.4475,-0.1859,-0.1208,0.0651,0.5,2.9357,0.8184,0.0449
65.65,seguindo,4.4011,1.4446,-0.1949,-0.1202,0.0748,0.5,2.9244,0.8184,0.0502
65.7,seguindo,4.4136,1.4425,-0.1993,-0.1182,0.0811,0.5,2.9171,0.8184,0.0441
65.75,seguindo,4.4317,1.4391,-0.2031,-0.1171,0.0861,0.5,2.9069,0.8184,0.0301
65.8,seguindo,4.4436,1.4367,-0.2046,-0.1161,0.0885,0.5,2.9003,0.8184,0.0208
65.85,seguindo,4.4609,1.4331,-0.2037,-0.1145,0.0892,0.5,2.8909,0.8184,0.0071
65.9,seguindo,4.4723,1.4306,-0.2021,-0.1133,0.0888,0.5,2.8848,0.8184,0.0026
65.95,seguindo,4.4892,1.4268,-0.1983,-0.1115,0.0868,0.5,2.876,0.8184,0.0007
66.0,seguindo,4.5003,1.4244,-0.1952,-0.0881,0.1071,0.5,2.8701,0.8184,-0.0005
66.05,seguindo,4.5171,1.4207,-0.1907,-0.086,0.1047,0.5,2.8614,0.8184,-0.0023
66.1,seguindo,4.5282,1.4183,-0.1877,-0.0845,0.1031,0.5,2.8556,0.8184,-0.0034
66.15,seguindo,4.545,1.4148,-0.1832,-0.0568,0.1264,0.5,2.8469,0.8184,-0.0051
66.2,seguindo,4.5563,1.4125,-0.1806,-0.0552,0.1254,0.5,2.841,0.8184,0.0111
66.25,seguindo,4.5732,1.4091,-0.1768,-0.0527,0.1241,0.5,2.8322,0.8184,-0.011
66.3,seguindo,4.5846,1.4069,-0.1746,-0.0511,0.1235,0.5,2.8263,0.8184,-0.0198
66.35,seguindo,4.6016,1.4037,-0.1715,-0.0493,0.1222,0.5,2.8232,0.8184,-0.0236
66.401,seguindo,4.6188,1.4005,-0.1688,-0.0469,0.1219,0.5,2.8143,0.8184,-0.0368
66.45,seguindo,4.6273,1.3991,-0.1697,-0.0459,0.1238,0.5,2.8098,0.8184,-0.0432
66.5,seguindo,4.6355,1.3978,-0.1708,-0.0449,0.1259,0.5,2.8054,0.8184,-0.0494
66.55,seguindo,4.6449,1.3963,-0.1725,0.0035,0.176,0.5,2.8003,0.8184,-0.0564
66.6,seguindo,4.65,1.3955,-0.1736,0.0043,0.1779,0.5,2.7977,0.8184,-0.0602
66.65,seguindo,4.6547,1.3949,-0.1753,0.005,0.1803,0.5,2.7951,0.8184,-0.0615
66.7,seguindo,4.6566,1.3946,-0.1764,0.0053,0.1817,0.5,2.7941,0.8184,-0.0616
66.75,seguindo,4.6566,1.3948,-0.1781,0.0051,0.1832,0.5,2.7939,0.8184,-0.0614
66.8,seguindo,4.6554,1.3951,-0.1792,0.0048,0.184,0.5,2.7945,0.8184,-0.0612
66.85,seguindo,4.6506,1.3961,-0.181,0.0037,0.1847,0.5,2.7968,0.8184,-0.0602
66.9,seguindo,4.6463,1.397,-0.1821,0.0028,0.1849,0.5,2.799,0.8184,-0.0568
66.95,seguindo,4.6368,1.3989,-0.1838,0.0008,0.1846,0.5,2.8037,0.8184,-0.0494
67.0,seguindo,4.6293,1.4004,-0.1849,-0.0473,0.1376,0.5,2.8075,0.8184,-0.0435
67.05,seguindo,4.617,1.4028,-0.1862,-0.0492,0.137,0.5,2.8137,0.8184,-0.034
67.1,seguindo,4.6086,1.4045,-0.187,-0.0505,0.1365,0.5,2.8181,0.8184,-0.0273
67.15,seguindo,4.5979,1.4066,-0.1883,-0.0521,0.1362,0.5,2.8236,0.8184,-0.019
67.2,seguindo,4.5916,1.4078,-0.1891,-0.053,0.136,0.5,2.8268,0.8184,0.036
67.25,seguindo,4.5844,1.4093,-0.1902,-0.0541,0.1361,0.5,2.8305,0.8184,0.0432
67.3,seguindo,4.5787,1.4104,-0.1909,-0.055,0.1359,0.5,2.8334,0.8184,0.0489
67.35,seguindo,4.5767,1.4108,-0.1912,-0.0552,0.136,0.5,2.8345,0.8184,0.0509
67.4,seguindo,4.5748,1.4112,-0.1915,-0.0555,0.136,0.5,2.8354,0.8184,0.0528
67.45,seguindo,4.5738,1.4114,-0.1917,-0.0556,0.136,0.5,2.836,0.8184,0.0538
67.5,seguindo,4.5738,1.4114,-0.1917,-0.0556,0.136,0.5,2.836,0.8184,0.0538
67.55,seguindo,4.5738,1.4114,-0.1917,-0.0556,0.136,0.5,2.836,0.8184,0.0538
67.6,seguindo,4.5738,1.4114,-0.1917,-0.0556,0.136,0.5,2.836,0.8184,0.0538
67.65,seguindo,4.5738,1.4114,-0.1917,-0.0556,0.136,0.5,2.836,0.8184,0.0538
67.7,seguindo,4.5738,1.4114,-0.1917,-0.0556,0.136,0.5,2.836,0.8184,0.0538
67.75,seguindo,4.5738,1.4114,-0.1917,-0.0556,0.136,0.5,2.836,0.8184,0.0538
67.8,seguindo,4.5738,1.4114,-0.1917,-0.0556,0.136,0.5,2.836,0.8184,0.0538
67.85,seguindo,4.5738,1.4114,-0.1917,-0.0556,0.136,0.5,2.836,0.8184,0.0538
67.9,seguindo,4.5738,1.4114,-0.1917,-0.0556,0.136,0.5,2.836,0.8184,0.0538
67.95,seguindo,4.5738,1.4114,-0.1917,-0.0556,0.136,0.5,2.836,0.8184,0.0538
68.0,seguindo,4.5738,1.4114,-0.1917,-0.0556,0.136,0.5,2.836,0.8184,0.0538
68.05,seguindo,4.5738,1.4114,-0.1917,-0.0556,0.136,0.5,2.836,0.8184,0.0538
68.1,seguindo,4.5738,1.4114,-0.1917,-0.0556,0.136,0.5,2.836,0.8184,0.0538
68.15,seguindo,4.5738,1.4114,-0.1917,-0.0556,0.136,0.5,2.836,0.8184,0.0538
68.2,seguindo,4.5738,1.4114,-0.1917,-0.0556,0.136,0.5,2.836,0.8184,0.0538
68.25,seguindo,4.5738,1.4114,-0.1917,-0.0556,0.136,0.5,2.836,0.8184,-0.0054
68.3,seguindo,4.5738,1.4114,-0.1917,-0.0556,0.136,0.5,2.836,0.8184,-0.0054
68.35,seguindo,4.5738,1.4114,-0.1917,-0.0556,0.136,0.5,2.836,0.8184,-0.0054
68.4,seguindo,4.5738,1.4114,-0.1917,-0.0556,0.136,0.5,2.836,0.8184,-0.0054
68.45,seguindo,4.5738,1.4114,-0.1917,-0.0556,0.136,0.5,2.836,0.8184,-0.0054
68.5,seguindo,4.5738,1.4114,-0.1917,-0.0556,0.136,0.5,2.836,0.8184,-0.0054
68.55,seguindo,4.5738,1.4114,-0.1917,-0.0556,0.136,0.5,2.836,0.8184,-0.0054
68.6,seguindo,4.5738,1.4114,-0.1917,-0.0556,0.136,0.5,2.836,0.8184,-0.0054
68.65,seguindo,4.5738,1.4114,-0.1917,-0.0556,0.136,0.5,2.836,0.8184,-0.0054
68.7,seguindo,4.5738,1.4114,-0.1917,-0.0556,0.136,0.5,2.836,0.8184,-0.0054
68.75,seguindo,4.5738,1.4114,-0.1917,-0.0556,0.136,0.5,2.836,0.8184,-0.0054
68.8,seguindo,4.5738,1.4114,-0.1917,-0.0556,0.136,0.5,2.836,0.8184,-0.0054
68.85,seguindo,4.5738,1.4114,-0.1917,-0.0556,0.136,0.5,2.836,0.8184,-0.0054
68.9,seguindo,4.5738,1.4114,-0.1917,-0.0556,0.136,0.5,2.836,0.8184,-0.0054
68.95,seguindo,4.5738,1.4114,-0.1917,-0.0556,0.136,0.5,2.836,0.8184,-0.0054
69.0,seguindo,4.5738,1.4114,-0.1917,-0.0556,0.136,0.5,2.836,0.8184,-0.0054
69.05,seguindo,4.5738,1.4114,-0.1917,-0.0556,0.136,0.5,2.836,0.8184,-0.0054
69.1,seguindo,4.5738,1.4114,-0.1917,-0.0556,0.136,0.5,2.836,0.8184,-0.0054
69.15,seguindo,4.5738,1.4114,-0.1917,-0.0556,0.136,0.5,2.836,0.8184,-0.0054
69.2,seguindo,4.5738,1.4114,-0.1917,-0.0556,0.136,0.5,2.836,0.8184,-0.0054
69.25,seguindo,4.5738,1.4114,-0.1917,-0.0556,0.136,0.5,2.836,0.8184,-0.0054
69.3,seguindo,4.5738,1.4114,-0.1917,-0.0556,0.136,0.5,2.836,0.8184,-0.0054
69.35,seguindo,4.5738,1.4114,-0.1917,-0.0556,0.136,0.5,2.836,0.8184,-0.0054
69.4,seguindo,4.5738,1.4114,-0.1917,-0.0556,0.136,0.5,2.836,0.8184,-0.0054
69.45,seguindo,4.5738,1.4114,-0.1917,-0.0556,0.136,0.5,2.836,0.8184,-0.0054
69.5,seguindo,4.5738,1.4114,-0.1917,-0.0556,0.136,0.5,2.836,0.8184,-0.0054
69.55,seguindo,4.5738,1.4114,-0.1917,-0.0556,0.136,0.5,2.836,0.8184,-0.0054
69.6,seguindo,4.5738,1.4114,-0.1917,-0.0556,0.136,0.5,2.836,0.8184,-0.0054
69.65,seguindo,4.5738,1.4114,-0.1917,-0.0556,0.136,0.5,2.836,0.8184,-0.0054
69.7,seguindo,4.5738,1.4114,-0.1917,-0.0556,0.136,0.5,2.836,0.8184,-0.0054
69.75,seguindo,4.5738,1.4114,-0.1917,-0.0556,0.136,0.5,2.836,0.8184,-0.0054
69.8,seguindo,4.5738,1.4114,-0.1917,-0.0556,0.136,0.5,2.836,0.8184,-0.0054
69.85,seguindo,4.5738,1.4114,-0.1917,-0.0556,0.136,0.5,2.836,0.8184,-0.0054
69.9,seguindo,4.5738,1.4114,-0.1917,-0.0556,0.136,0.5,2.836,0.8184,-0.0054
69.95,seguindo,4.5738,1.4114,-0.1917,-0.0556,0.136,0.5,2.836,0.8184,-0.0054
70.0,seguindo,4.5738,1.4114,-0.1917,-0.0556,0.136,0.5,2.836,0.8184,-0.0054
70.05,seguindo,4.5738,1.4114,-0.1917,-0.0556,0.136,0.5,2.836,0.8184,-0.0054
70.1,seguindo,4.5738,1.4114,-0.1917,-0.0556,0.136,0.5,2.836,0.8184,-0.0054
70.15,seguindo,4.5738,1.4114,-0.1917,-0.0556,0.136,0.5,2.836,0.8184,-0.0054
70.2,seguindo,4.5738,1.4114,-0.1917,-0.0556,0.136,0.5,2.836,0.8184,-0.0054
70.25,seguindo,4.5738,1.4114,-0.1917,-0.0556,0.136,0.5,2.836,0.8184,-0.0054
70.301,re,4.5738,1.4114,-0.1917,-0.1917,0.0,-0.203,2.836,inf,0.0
70.35,re,4.5738,1.4114,-0.1917,-0.1917,0.0,-0.203,2.836,inf,0.0
70.4,re,4.5738,1.4114,-0.1917,-0.1917,0.0,-0.203,2.836,inf,0.0
70.45,re,4.5738,1.4114,-0.1917,-0.1917,0.0,-0.203,2.836,inf,0.0
70.5,re,4.5738,1.4114,-0.1917,-0.1917,0.0,-0.203,2.836,inf,0.0
70.552,re,4.5738,1.4114,-0.1917,-0.1917,0.0,-0.203,2.836,inf,0.0
70.6,re,4.5738,1.4114,-0.1917,-0.1917,0.0,-0.203,2.836,inf,0.0
70.65,re,4.5738,1.4114,-0.1917,-0.1917,0.0,-0.203,2.836,inf,0.0
70.7,re,4.5738,1.4114,-0.1917,-0.1917,0.0,-0.203,2.836,inf,0.0
70.75,re,4.5708,1.4121,-0.1928,-0.1928,0.0,-0.203,2.8375,inf,0.0
70.8,re,4.5675,1.4128,-0.194,-0.194,0.0,-0.203,2.8391,inf,0.0
70.85,re,4.5598,1.4145,-0.1957,-0.1957,0.0,-0.203,2.843,inf,0.0
70.9,re,4.5534,1.4159,-0.1969,-0.1969,0.0,-0.203,2.8463,inf,0.0
70.95,re,4.541,1.4185,-0.1986,-0.1986,0.0,-0.203,2.8527,inf,0.0
71.0,re,4.5315,1.4205,-0.1998,-0.1998,0.0,-0.203,2.8577,inf,0.0
71.05,re,4.5154,1.424,-0.2015,-0.2015,0.0,-0.203,2.8661,inf,0.0
71.1,re,4.5039,1.4264,-0.2026,-0.2026,0.0,-0.203,2.8722,inf,0.0
71.15,re,4.4867,1.4301,-0.204,-0.204,0.0,-0.203,2.8813,inf,0.0
71.2,re,4.4752,1.4325,-0.2049,-0.2049,0.0,-0.203,2.8874,inf,0.0
71.25,re,4.4582,1.4361,-0.2055,-0.2055,0.0,-0.203,2.8967,inf,0.0
71.3,re,4.4468,1.4385,-0.2057,-0.2057,0.0,-0.203,2.9028,inf,0.0
71.35,re,4.4299,1.442,-0.2053,-0.2053,0.0,-0.203,2.9122,inf,0.0
71.4,re,4.4186,1.4443,-0.2047,-0.2047,0.0,-0.203,2.9184,inf,0.0
71.45,re,4.4019,1.4476,-0.203,-0.203,0.0,-0.203,2.9279,inf,0.0
71.5,re,4.3907,1.4498,-0.2016,-0.2016,0.0,-0.203,2.9342,inf,0.0
71.55,re,4.3741,1.4529,-0.199,-0.199,0.0,-0.203,2.9438,inf,0.0
71.65,seguindo,4.3464,1.458,-0.1941,-0.1256,0.0685,0.5,2.96,0.8184,0.0866
71.7,seguindo,4.3353,1.46,-0.1921,-0.1261,0.066,0.5,2.9666,0.8184,0.0978
71.751,seguindo,4.3187,1.463,-0.1891,-0.0406,0.1485,0.5,2.9563,0.8184,0.0884
71.8,seguindo,4.3076,1.465,-0.1871,-0.0419,0.1452,0.5,2.9621,0.8184,0.0996
71.85,seguindo,4.291,1.4678,-0.1841,-0.0439,0.1402,0.5,2.9709,0.8184,0.1165
71.9,seguindo,4.2799,1.4697,-0.1821,-0.0451,0.137,0.5,2.9768,0.8184,0.1277
71.95,seguindo,4.2632,1.4725,-0.1791,-0.0469,0.1322,0.5,2.9857,0.8184,0.1445
72.0,seguindo,4.2521,1.4743,-0.1771,-0.0481,0.129,0.5,2.9917,0.8184,0.1557
72.05,seguindo,4.2354,1.4771,-0.1741,-0.0497,0.1244,0.5,3.0009,0.8184,0.1726
72.1,seguindo,4.2243,1.4788,-0.1721,-0.0507,0.1214,0.5,3.007,0.8184,0.1838
72.15,seguindo,4.2077,1.4815,-0.1691,-0.0522,0.1169,0.5,3.0163,0.8184,0.2007
72.201,seguindo,4.191,1.484,-0.1661,-0.0536,0.1125,0.5,3.0258,0.8184,0.2175
72.25,seguindo,4.1826,1.4854,-0.166,-0.0543,0.1117,0.5,3.0305,0.8184,0.226
72.301,seguindo,4.1708,1.4873,-0.166,-0.0554,0.1106,0.5,3.0371,0.8184,0.238
72.35,seguindo,4.1656,1.4882,-0.1661,-0.0142,0.1518,0.25,3.0401,0.25,0.0043
72.4,seguindo,4.1608,1.489,-0.1661,-0.015,0.151,0.25,3.0428,0.25,0.0014
72.45,seguindo,4.1564,1.4897,-0.1662,-0.0157,0.1505,0.25,3.0453,0.25,-0.0013
72.5,seguindo,4.1548,1.4899,-0.1662,-0.0159,0.1502,0.25,3.0462,0.25,-0.0022
72.55,seguindo,4.1551,1.4897,-0.165,-0.0157,0.1493,0.25,3.0461,0.25,-0.0021
72.6,seguindo,4.1566,1.4894,-0.1636,-0.0154,0.1482,0.25,3.0454,0.25,-0.0013
72.65,seguindo,4.1616,1.4884,-0.1623,-0.0144,0.1478,0.25,3.0426,0.25,0.0016
72.7,seguindo,4.1663,1.4876,-0.1617,-0.0136,0.1481,0.25,3.04,0.25,0.0044
72.75,seguindo,4.1761,1.486,-0.1628,-0.0121,0.1507,0.25,3.0345,0.25,0.0104
72.8,seguindo,4.184,1.4848,-0.1645,-0.0109,0.1536,0.25,3.0299,0.25,0.0153
72.85,seguindo,4.1985,1.4825,-0.1668,-0.0593,0.1075,0.5,3.0217,0.8184,0.0242
72.9,seguindo,4.2096,1.4808,-0.1679,-0.0582,0.1097,0.5,3.0155,0.8184,0.0309
72.95,seguindo,4.2279,1.4781,-0.174,-0.0565,0.1175,0.5,3.0052,0.8184,0.0418
73.0,seguindo,4.2409,1.4762,-0.1801,-0.0554,0.1247,0.5,2.9978,0.8184,0.0445
73.05,seguindo,4.2601,1.4734,-0.1889,-0.0535,0.1354,0.5,2.9871,1.1976,0.0482
73.1,seguindo,4.2727,1.4714,-0.1944,-0.0521,0.1423,0.5,2.9802,1.1976,0.0505
73.15,seguindo,4.2906,1.4681,-0.1979,-0.0495,0.1483,0.5,2.9709,1.1976,0.0534
73.2,seguindo,4.3022,1.4658,-0.1983,-0.0462,0.1521,0.5,2.965,0.9513,0.0551
73.25,seguindo,4.3196,1.4624,-0.1985,-0.0433,0.1552,0.5,2.9562,0.9513,0.0577
73.3,seguindo,4.3313,1.46,-0.1985,-0.0413,0.1572,0.5,2.9504,0.9513,0.0594
73.35,seguindo,4.3485,1.4564,-0.197,-0.0355,0.1615,0.5,2.942,0.8184,0.0512
73.4,seguindo,4.3599,1.454,-0.1954,-0.0845,0.1109,0.5,2.9364,0.8184,0.0121
73.45,seguindo,4.3769,1.4504,-0.1919,-0.0792,0.1127,0.5,2.9284,0.8436,0.0036
73.5,seguindo,4.3881,1.448,-0.1891,-0.0778,0.1113,0.5,2.9231,0.8436,-0.002
73.55,seguindo,4.4049,1.4445,-0.185,-0.0755,0.1095,0.5,2.9151,0.8436,-0.0104
73.6,seguindo,4.4162,1.4422,-0.1824,-0.0741,0.1084,0.5,2.9098,0.8436,-0.016
73.65,seguindo,4.4332,1.4388,-0.1788,-0.0693,0.1095,0.5,2.9018,0.8436,-0.0243
73.7,seguindo,4.4445,1.4365,-0.1767,-0.0679,0.1088,0.5,2.8964,0.8436,-0.0298
73.75,seguindo,4.4586,1.434,-0.1755,-0.0663,0.1092,0.5,2.8897,0.8436,-0.0364
73.8,seguindo,4.4667,1.4325,-0.1755,-0.0653,0.1101,0.5,2.8858,0.8436,-0.0402
73.85,seguindo,4.4818,1.4296,-0.1738,-0.0634,0.1104,0.5,2.8788,0.8436,-0.0475
73.9,seguindo,4.4932,1.4275,-0.1715,-0.0378,0.1337,0.5,2.8736,0.8436,-0.0529
73.95,seguindo,4.5104,1.4242,-0.1682,-0.0352,0.133,0.5,2.8657,0.8436,-0.0611
74.0,seguindo,4.5218,1.4221,-0.1661,-0.0334,0.1326,0.5,2.8604,0.8436,-0.064
74.05,seguindo,4.536,1.4197,-0.1648,-0.0036,0.1612,0.5,2.8538,0.8436,-0.0661
74.1,seguindo,4.5484,1.4176,-0.1648,-0.0016,0.1632,0.5,2.8481,0.8436,-0.068
74.15,seguindo,4.5594,1.4157,-0.1641,0.0004,0.1645,0.5,2.8431,0.8436,-0.0697
74.2,seguindo,4.5708,1.4137,-0.1631,0.0024,0.1655,0.5,2.8379,0.8436,-0.0714
74.25,seguindo,4.5882,1.4108,-0.1624,0.0054,0.1678,0.5,2.83,0.8436,-0.074
74.3,seguindo,4.5999,1.4089,-0.1621,0.0075,0.1696,0.5,2.8248,0.8436,-0.0757
74.35,seguindo,4.6173,1.4059,-0.1604,0.012,0.1724,0.5,2.8181,0.8436,-0.0785
74.4,seguindo,4.6288,1.4039,-0.1589,0.0143,0.1731,0.5,2.813,0.8436,-0.0803
74.45,seguindo,4.6462,1.401,-0.1573,0.0537,0.211,0.5,2.8055,0.8436,-0.0829
74.5,seguindo,4.6578,1.3991,-0.1564,0.0564,0.2129,0.5,2.8004,0.8436,-0.0846
74.55,seguindo,4.6754,1.3963,-0.1558,0.0606,0.2164,0.5,2.7928,0.8436,-0.087
74.6,seguindo,4.6871,1.3944,-0.1557,0.074,0.2296,0.5,2.7878,inf,-0.0887
74.65,seguindo,4.7017,1.3922,-0.1567,0.082,0.2387,0.5,2.7814,inf,-0.0906
74.7,seguindo,4.7101,1.391,-0.1577,0.087,0.2447,0.5,2.7778,inf,-0.0917
74.75,seguindo,4.72,1.3895,-0.1583,0.093,0.2513,0.5,2.7736,inf,-0.093
74.8,seguindo,4.7253,1.3886,-0.1583,0.0966,0.2549,0.5,2.7714,inf,-0.0938
74.851,seguindo,4.7304,1.3879,-0.1594,0.2288,0.3883,0.5,2.7692,inf,0.0245
74.9,seguindo,4.7325,1.3876,-0.1605,0.2308,0.3913,0.5,2.7683,inf,0.0224
74.95,seguindo,4.7329,1.3878,-0.1622,0.2307,0.393,0.5,2.768,inf,0.0221
75.0,seguindo,4.7319,1.388,-0.1634,0.2295,0.3928,0.5,2.7683,inf,0.0231
75.05,seguindo,4.7275,1.3889,-0.1651,0.2247,0.3898,0.5,2.77,inf,0.0276
75.1,seguindo,4.7233,1.3897,-0.1663,0.2204,0.3866,0.5,2.7716,inf,0.0318
75.15,seguindo,4.7142,1.3914,-0.168,0.2112,0.3792,0.5,2.7752,inf,0.0411
75.2,seguindo,4.7069,1.3927,-0.1691,0.2043,0.3734,0.5,2.7782,inf,0.0485
75.25,seguindo,4.6937,1.3951,-0.1707,0.1924,0.3631,0.5,2.7835,inf,0.0619
75.3,seguindo,4.6842,1.3968,-0.1716,0.1842,0.3558,0.5,2.7874,inf,0.0716
75.35,seguindo,4.6719,1.3991,-0.1731,0.1741,0.3471,0.5,2.7925,inf,0.0841
75.4,seguindo,4.6646,1.4004,-0.174,0.1682,0.3422,0.5,2.7955,inf,0.0915
75.45,seguindo,4.6556,1.4021,-0.1753,0.1614,0.3367,0.5,2.7992,inf,0.1006
75.5,seguindo,4.6505,1.403,-0.1759,0.1576,0.3335,0.5,2.8013,inf,0.1058
75.55,seguindo,4.6449,1.4041,-0.1767,0.1535,0.3302,0.5,2.8037,inf,0.1115
75.6,seguindo,4.642,1.4046,-0.1771,0.1514,0.3285,0.5,2.8049,inf,0.1144
75.65,seguindo,4.6397,1.405,-0.1775,0.1498,0.3273,0.5,2.8059,inf,0.1168
75.7,seguindo,4.639,1.4052,-0.1776,0.1493,0.3269,0.5,2.8061,inf,0.1175
75.75,seguindo,4.6387,1.4052,-0.1777,0.1491,0.3267,0.5,2.8063,inf,0.1178
75.8,seguindo,4.6387,1.4052,-0.1777,0.1491,0.3267,0.5,2.8063,inf,0.1178
75.85,seguindo,4.6387,1.4052,-0.1777,0.1491,0.3267,0.5,2.8063,inf,0.1178
75.9,seguindo,4.6387,1.4052,-0.1777,0.1936,0.3713,0.5,2.8063,inf,0.0265
75.95,seguindo,4.6387,1.4052,-0.1777,0.1936,0.3713,0.5,2.8063,inf,0.0265
76.0,seguindo,4.6387,1.4052,-0.1777,0.1936,0.3713,0.5,2.8063,inf,0.0265
76.05,seguindo,4.6387,1.4052,-0.1777,0.1936,0.3713,0.5,2.8063,inf,0.0265
76.1,seguindo,4.6387,1.4052,-0.1777,0.1936,0.3713,0.5,2.8063,inf,0.0265
76.15,seguindo,4.6387,1.4052,-0.1777,0.1936,0.3713,0.5,2.8063,inf,0.0265
76.2,seguindo,4.6387,1.4052,-0.1777,0.1936,0.3713,0.5,2.8063,inf,0.0265
76.25,seguindo,4.6387,1.4052,-0.1777,0.1936,0.3713,0.5,2.8063,inf,0.0265
76.3,seguindo,4.6387,1.4052,-0.1777,0.1936,0.3713,0.5,2.8063,inf,0.0265
76.35,seguindo,4.6387,1.4052,-0.1777,0.1936,0.3713,0.5,2.8063,inf,0.0265
76.4,seguindo,4.6387,1.4052,-0.1777,0.1936,0.3713,0.5,2.8063,inf,0.0265
76.45,seguindo,4.6387,1.4052,-0.1777,0.1936,0.3713,0.5,2.8063,inf,0.0265
76.5,seguindo,4.6387,1.4052,-0.1777,0.1936,0.3713,0.5,2.8063,inf,0.0265
76.55,seguindo,4.6387,1.4052,-0.1777,0.1936,0.3713,0.5,2.8063,inf,0.0265
76.6,seguindo,4.6387,1.4052,-0.1777,0.1936,0.3713,0.5,2.8063,inf,0.0265
76.65,seguindo,4.6387,1.4052,-0.1777,0.1936,0.3713,0.5,2.8063,inf,0.0265
76.701,seguindo,4.6387,1.4052,-0.1777,0.1936,0.3713,0.5,2.8063,inf,0.0265
76.75,seguindo,4.6387,1.4052,-0.1777,0.1936,0.3713,0.5,2.8063,inf,0.0265
76.8,seguindo,4.6387,1.4052,-0.1777,0.1936,0.3713,0.5,2.8063,inf,0.0265
76.85,seguindo,4.6387,1.4052,-0.1777,0.1936,0.3713,0.5,2.8063,inf,0.0265
76.9,seguindo,4.6387,1.4052,-0.1777,0.1936,0.3713,0.5,2.8063,inf,0.0265
76.95,seguindo,4.6387,1.4052,-0.1777,0.1936,0.3713,0.5,2.8063,inf,0.0262
77.0,seguindo,4.6387,1.4052,-0.1777,0.1936,0.3713,0.5,2.8063,inf,0.0262
77.05,seguindo,4.6387,1.4052,-0.1777,0.1936,0.3713,0.5,2.8063,inf,0.0262
77.1,seguindo,4.6387,1.4052,-0.1777,0.1936,0.3713,0.5,2.8063,inf,0.0262
77.15,seguindo,4.6387,1.4052,-0.1777,0.1936,0.3713,0.5,2.8063,inf,0.0262
77.2,seguindo,4.6387,1.4052,-0.1777,0.1936,0.3713,0.5,2.8063,inf,0.0262
77.25,seguindo,4.6387,1.4052,-0.1777,0.1936,0.3713,0.5,2.8063,inf,0.0262
77.3,seguindo,4.6387,1.4052,-0.1777,0.1936,0.3713,0.5,2.8063,inf,0.0262
77.35,seguindo,4.6387,1.4052,-0.1777,0.1936,0.3713,0.5,2.8063,inf,0.0262
77.4,seguindo,4.6387,1.4052,-0.1777,0.1936,0.3713,0.5,2.8063,inf,0.0262
77.45,seguindo,4.6387,1.4052,-0.1777,0.1936,0.3713,0.5,2.8063,inf,0.0262
77.5,seguindo,4.6387,1.4052,-0.1777,0.1936,0.3713,0.5,2.8063,inf,0.0262
77.55,seguindo,4.6387,1.4052,-0.1777,0.1936,0.3713,0.5,2.8063,inf,0.0262
77.6,seguindo,4.6387,1.4052,-0.1777,0.1936,0.3713,0.5,2.8063,inf,0.0262
77.65,seguindo,4.6387,1.4052,-0.1777,0.1936,0.3713,0.5,2.8063,inf,0.0262
77.7,seguindo,4.6387,1.4052,-0.1777,0.1936,0.3713,0.5,2.8063,inf,0.0262
77.75,seguindo,4.6387,1.4052,-0.1777,0.1936,0.3713,0.5,2.8063,inf,0.0262
77.8,seguindo,4.6387,1.4052,-0.1777,0.1936,0.3713,0.5,2.8063,inf,0.0262
77.85,seguindo,4.6387,1.4052,-0.1777,0.1936,0.3713,0.5,2.8063,inf,0.0262
77.9,seguindo,4.6387,1.4052,-0.1777,0.1936,0.3713,0.5,2.8063,inf,0.0262
77.95,seguindo,4.6387,1.4052,-0.1777,0.1936,0.3713,0.5,2.8063,inf,0.0262
78.0,seguindo,4.6387,1.4052,-0.1777,0.1936,0.3713,0.5,2.8063,inf,0.0262
78.05,seguindo,4.6387,1.4052,-0.1777,0.1936,0.3713,0.5,2.8063,inf,0.0262
78.1,seguindo,4.6387,1.4052,-0.1777,0.1936,0.3713,0.5,2.8063,inf,0.0262
78.15,seguindo,4.6387,1.4052,-0.1777,0.1936,0.3713,0.5,2.8063,inf,0.0262
78.2,seguindo,4.6387,1.4052,-0.1777,0.1936,0.3713,0.5,2.8063,inf,0.0262
78.25,seguindo,4.6387,1.4052,-0.1777,0.1936,0.3713,0.5,2.8063,inf,0.0262
78.3,seguindo,4.6387,1.4052,-0.1777,0.1936,0.3713,0.5,2.8063,inf,0.0262
78.35,seguindo,4.6387,1.4052,-0.1777,0.1936,0.3713,0.5,2.8063,inf,0.0262
78.4,seguindo,4.6387,1.4052,-0.1777,0.1936,0.3713,0.5,2.8063,inf,0.0262
78.45,seguindo,4.6387,1.4052,-0.1777,0.1936,0.3713,0.5,2.8063,inf,0.0262
78.5,seguindo,4.6387,1.4052,-0.1777,0.1936,0.3713,0.5,2.8063,inf,0.0262
78.55,seguindo,4.6387,1.4052,-0.1777,0.1936,0.3713,0.5,2.8063,inf,0.0262
78.6,seguindo,4.6387,1.4052,-0.1777,0.1936,0.3713,0.5,2.8063,inf,0.0262
78.65,seguindo,4.6387,1.4052,-0.1777,0.1936,0.3713,0.5,2.8063,inf,0.0262
78.7,seguindo,4.6387,1.4052,-0.1777,0.1936,0.3713,0.5,2.8063,inf,0.0262
78.75,seguindo,4.6387,1.4052,-0.1777,0.1936,0.3713,0.5,2.8063,inf,0.0262
78.8,seguindo,4.6387,1.4052,-0.1777,0.1936,0.3713,0.5,2.8063,inf,0.0262
78.85,seguindo,4.6387,1.4052,-0.1777,0.1936,0.3713,0.5,2.8063,inf,0.0262
78.9,seguindo,4.6387,1.4052,-0.1777,0.1936,0.3713,0.5,2.8063,inf,0.0262
78.95,seguindo,4.6387,1.4052,-0.1777,0.1936,0.3713,0.5,2.8063,inf,0.0262
79.0,seguindo,4.6387,1.4052,-0.1777,0.1936,0.3713,0.5,2.8063,inf,0.0262
79.05,seguindo,4.6387,1.4052,-0.1777,0.1936,0.3713,0.5,2.8063,inf,0.0262
79.1,seguindo,4.6387,1.4052,-0.1777,0.1936,0.3713,0.5,2.8063,inf,0.0262
79.15,seguindo,4.6387,1.4052,-0.1777,0.1936,0.3713,0.5,2.8063,inf,0.0262
79.2,seguindo,4.6387,1.4052,-0.1777,0.1936,0.3713,0.5,2.8063,inf,0.0262
79.25,seguindo,4.6387,1.4052,-0.1777,0.1936,0.3713,0.5,2.8063,inf,0.0262
79.3,seguindo,4.6387,1.4052,-0.1777,0.1936,0.3713,0.5,2.8063,inf,0.0262
79.35,seguindo,4.6387,1.4052,-0.1777,0.1936,0.3713,0.5,2.8063,inf,0.0262
79.4,seguindo,4.6387,1.4052,-0.1777,0.1936,0.3713,0.5,2.8063,inf,0.0262
79.45,seguindo,4.6387,1.4052,-0.1777,0.1936,0.3713,0.5,2.8063,inf,0.0262
79.5,seguindo,4.6387,1.4052,-0.1777,0.1936,0.3713,0.5,2.8063,inf,0.0262
79.55,seguindo,4.6387,1.4052,-0.1777,0.1936,0.3713,0.5,2.8063,inf,0.0262
79.6,seguindo,4.6387,1.4052,-0.1777,0.1936,0.3713,0.5,2.8063,inf,0.0262
79.65,seguindo,4.6387,1.4052,-0.1777,0.1936,0.3713,0.5,2.8063,inf,0.0262
79.7,seguindo,4.6387,1.4052,-0.1777,0.1936,0.3713,0.5,2.8063,inf,0.0262
79.75,seguindo,4.6387,1.4052,-0.1777,0.1936,0.3713,0.5,2.8063,inf,0.0262
79.8,seguindo,4.6387,1.4052,-0.1777,0.1936,0.3713,0.5,2.8063,inf,0.0262
79.85,seguindo,4.6387,1.4052,-0.1777,0.1936,0.3713,0.5,2.8063,inf,0.0262
79.9,seguindo,4.6387,1.4052,-0.1777,0.1936,0.3713,0.5,2.8063,inf,0.0262
79.95,seguindo,4.6387,1.4052,-0.1777,0.1936,0.3713,0.5,2.8063,inf,0.0262
80.0,seguindo,4.6387,1.4052,-0.1777,0.1936,0.3713,0.5,2.8063,inf,0.0262
80.052,seguindo,4.6387,1.4052,-0.1777,0.1936,0.3713,0.5,2.8063,inf,0.0262
80.1,seguindo,4.6387,1.4052,-0.1777,0.1936,0.3713,0.5,2.8063,inf,0.0262
80.151,seguindo,4.6387,1.4052,-0.1777,0.1936,0.3713,0.5,2.8063,inf,0.0262
80.2,seguindo,4.6387,1.4052,-0.1777,0.1936,0.3713,0.5,2.8063,inf,0.0262
80.25,seguindo,4.6387,1.4052,-0.1777,0.1936,0.3713,0.5,2.8063,inf,0.0262
80.3,seguindo,4.6387,1.4052,-0.1777,0.1936,0.3713,0.5,2.8063,inf,0.0262
80.35,seguindo,4.6387,1.4052,-0.1777,0.1936,0.3713,0.5,2.8063,inf,0.0262
80.4,seguindo,4.6387,1.4052,-0.1777,0.1936,0.3713,0.5,2.8063,inf,0.0262
80.45,seguindo,4.6387,1.4052,-0.1777,0.1936,0.3713,0.5,2.8063,inf,0.0262
80.5,seguindo,4.6387,1.4052,-0.1777,0.1936,0.3713,0.5,2.8063,inf,0.0262
80.55,seguindo,4.6387,1.4052,-0.1777,0.1936,0.3713,0.5,2.8063,inf,0.0262
80.6,seguindo,4.6387,1.4052,-0.1777,0.1936,0.3713,0.5,2.8063,inf,0.0262
80.65,seguindo,4.6387,1.4052,-0.1777,0.1936,0.3713,0.5,2.8063,inf,0.0262
80.7,seguindo,4.6387,1.4052,-0.1777,0.1936,0.3713,0.5,2.8063,inf,0.0262
80.75,seguindo,4.6387,1.4052,-0.1777,0.1936,0.3713,0.5,2.8063,inf,0.0262
80.8,seguindo,4.6387,1.4052,-0.1777,0.1936,0.3713,0.5,2.8063,inf,0.0262
80.85,seguindo,4.6387,1.4052,-0.1777,0.1936,0.3713,0.5,2.8063,inf,0.0262
80.9,seguindo,4.6387,1.4052,-0.1777,0.1936,0.3713,0.5,2.8063,inf,0.0262
80.95,seguindo,4.6387,1.4052,-0.1777,0.1936,0.3713,0.5,2.8063,inf,0.0262
81.0,seguindo,4.6387,1.4052,-0.1777,0.1936,0.3713,0.5,2.8063,inf,0.0262
81.05,seguindo,4.6387,1.4052,-0.1777,0.1936,0.3713,0.5,2.8063,inf,0.0262
81.1,seguindo,4.6387,1.4052,-0.1777,0.1936,0.3713,0.5,2.8063,inf,0.0262
81.15,seguindo,4.6387,1.4052,-0.1777,0.1936,0.3713,0.5,2.8063,inf,0.0262
81.2,seguindo,4.6387,1.4052,-0.1777,0.1936,0.3713,0.5,2.8063,inf,0.0262
81.25,seguindo,4.6387,1.4052,-0.1777,0.1936,0.3713,0.5,2.8063,inf,0.0262
81.3,seguindo,4.6387,1.4052,-0.1777,0.1936,0.3713,0.5,2.8063,inf,0.0262
81.35,seguindo,4.6387,1.4052,-0.1777,0.1936,0.3713,0.5,2.8063,inf,0.0262
81.4,seguindo,4.6387,1.4052,-0.1777,0.1936,0.3713,0.5,2.8063,inf,0.0262
81.45,seguindo,4.6387,1.4052,-0.1777,0.1936,0.3713,0.5,2.8063,inf,0.0262
81.5,seguindo,4.6387,1.4052,-0.1777,0.1936,0.3713,0.5,2.8063,inf,0.0262
81.55,seguindo,4.6387,1.4052,-0.1777,0.1936,0.3713,0.5,2.8063,inf,0.0262
81.6,seguindo,4.6387,1.4052,-0.1777,0.1936,0.3713,0.5,2.8063,inf,0.0262
81.65,seguindo,4.6387,1.4052,-0.1777,0.1936,0.3713,0.5,2.8063,inf,0.0262
81.7,seguindo,4.6387,1.4052,-0.1777,0.1936,0.3713,0.5,2.8063,inf,0.0262
81.751,seguindo,4.6387,1.4052,-0.1777,0.1936,0.3713,0.5,2.8063,inf,0.0262
81.8,seguindo,4.6387,1.4052,-0.1777,0.1936,0.3713,0.5,2.8063,inf,0.0262
81.85,seguindo,4.6387,1.4052,-0.1777,0.1936,0.3713,0.5,2.8063,inf,0.0262
81.9,seguindo,4.6387,1.4052,-0.1777,0.1936,0.3713,0.5,2.8063,inf,0.0262
81.95,seguindo,4.6387,1.4052,-0.1777,0.1936,0.3713,0.5,2.8063,inf,0.0262
82.0,seguindo,4.6387,1.4052,-0.1777,0.1936,0.3713,0.5,2.8063,inf,0.0262
82.05,seguindo,4.6387,1.4052,-0.1777,0.1936,0.3713,0.5,2.8063,inf,0.0262
82.1,seguindo,4.6387,1.4052,-0.1777,0.1936,0.3713,0.5,2.8063,inf,0.0262
82.15,seguindo,4.6387,1.4052,-0.1777,0.1936,0.3713,0.5,2.8063,inf,0.0262
82.2,seguindo,4.6387,1.4052,-0.1777,0.1936,0.3713,0.5,2.8063,inf,0.0262
82.25,seguindo,4.6387,1.4052,-0.1777,0.1936,0.3713,0.5,2.8063,inf,0.0262
82.3,seguindo,4.6387,1.4052,-0.1777,0.1936,0.3713,0.5,2.8063,inf,0.0262
82.35,seguindo,4.6387,1.4052,-0.1777,0.1936,0.3713,0.5,2.8063,inf,0.0262
82.4,seguindo,4.6387,1.4052,-0.1777,0.1936,0.3713,0.5,2.8063,inf,0.0262
82.45,seguindo,4.6387,1.4052,-0.1777,0.1936,0.3713,0.5,2.8063,inf,0.0262
82.5,seguindo,4.6387,1.4052,-0.1777,0.1936,0.3713,0.5,2.8063,inf,0.0262
82.55,seguindo,4.6387,1.4052,-0.1777,0.1936,0.3713,0.5,2.8063,inf,0.0262
82.6,seguindo,4.6387,1.4052,-0.1777,0.1936,0.3713,0.5,2.8063,inf,0.0262
82.65,seguindo,4.6387,1.4052,-0.1777,0.1936,0.3713,0.5,2.8063,inf,0.0262
82.7,seguindo,4.6387,1.4052,-0.1777,0.1936,0.3713,0.5,2.8063,inf,0.0262
82.75,seguindo,4.6387,1.4052,-0.1777,0.1936,0.3713,0.5,2.8063,inf,0.0262
82.8,seguindo,4.6387,1.4052,-0.1777,0.1936,0.3713,0.5,2.8063,inf,0.0262
82.85,seguindo,4.6387,1.4052,-0.1777,0.1936,0.3713,0.5,2.8063,inf,0.0262
82.9,seguindo,4.6387,1.4052,-0.1777,0.1936,0.3713,0.5,2.8063,inf,0.0262
82.95,seguindo,4.6387,1.4052,-0.1777,0.1936,0.3713,0.5,2.8063,inf,0.0262
83.0,seguindo,4.6387,1.4052,-0.1777,0.1936,0.3713,0.5,2.8063,inf,0.0262
83.05,seguindo,4.6387,1.4052,-0.1777,0.1936,0.3713,0.5,2.8063,inf,0.0262
83.101,seguindo,4.6387,1.4052,-0.1777,0.1936,0.3713,0.5,2.8063,inf,0.0262
83.15,seguindo,4.6387,1.4052,-0.1777,0.1936,0.3713,0.5,2.8063,inf,0.0262
83.2,seguindo,4.6387,1.4052,-0.1777,0.1936,0.3713,0.5,2.8063,inf,0.0262
83.25,seguindo,4.6387,1.4052,-0.1777,0.1936,0.3713,0.5,2.8063,inf,0.0262
83.3,seguindo,4.6387,1.4052,-0.1777,0.1936,0.3713,0.5,2.8063,inf,0.0262
83.35,seguindo,4.6387,1.4052,-0.1777,0.1936,0.3713,0.5,2.8063,inf,0.0262
83.4,seguindo,4.6387,1.4052,-0.1777,0.1936,0.3713,0.5,2.8063,inf,0.0262
83.45,seguindo,4.6387,1.4052,-0.1777,0.1936,0.3713,0.5,2.8063,inf,0.0262
83.5,seguindo,4.6387,1.4052,-0.1777,0.1936,0.3713,0.5,2.8063,inf,0.0262
83.55,seguindo,4.6387,1.4052,-0.1777,0.1936,0.3713,0.5,2.8063,inf,0.0262
83.6,seguindo,4.6387,1.4052,-0.1777,0.1936,0.3713,0.5,2.8063,inf,0.0262
83.65,seguindo,4.6387,1.4052,-0.1777,0.1936,0.3713,0.5,2.8063,inf,0.0262
83.7,seguindo,4.6387,1.4052,-0.1777,0.1936,0.3713,0.5,2.8063,inf,0.0262
83.75,seguindo,4.6387,1.4052,-0.1777,0.1936,0.3713,0.5,2.8063,inf,0.0262
83.8,seguindo,4.6387,1.4052,-0.1777,0.1936,0.3713,0.5,2.8063,inf,0.0262
83.85,seguindo,4.6387,1.4052,-0.1777,0.1936,0.3713,0.5,2.8063,inf,0.0262
83.9,seguindo,4.6387,1.4052,-0.1777,0.1936,0.3713,0.5,2.8063,inf,0.0262
83.95,seguindo,4.6387,1.4052,-0.1777,0.1936,0.3713,0.5,2.8063,inf,0.0262
84.0,seguindo,4.6387,1.4052,-0.1777,0.1936,0.3713,0.5,2.8063,inf,0.0262
84.05,seguindo,4.6387,1.4052,-0.1777,0.1936,0.3713,0.5,2.8063,inf,0.0262
84.1,seguindo,4.6387,1.4052,-0.1777,0.1936,0.3713,0.5,2.8063,inf,0.0262
84.15,seguindo,4.6387,1.4052,-0.1777,0.1936,0.3713,0.5,2.8063,inf,0.0262
84.2,seguindo,4.6387,1.4052,-0.1777,0.1936,0.3713,0.5,2.8063,inf,0.0262
84.25,seguindo,4.6387,1.4052,-0.1777,0.1936,0.3713,0.5,2.8063,inf,0.0262
84.301,seguindo,4.6387,1.4052,-0.1777,0.1936,0.3713,0.5,2.8063,inf,0.0262
84.35,seguindo,4.6387,1.4052,-0.1777,0.1936,0.3713,0.5,2.8063,inf,0.0262
84.4,seguindo,4.6387,1.4052,-0.1777,0.1936,0.3713,0.5,2.8063,inf,0.0262
84.45,seguindo,4.6387,1.4052,-0.1777,0.1936,0.3713,0.5,2.8063,inf,0.0262
84.5,seguindo,4.6387,1.4052,-0.1777,0.1936,0.3713,0.5,2.8063,inf,0.0262
84.55,seguindo,4.6387,1.4052,-0.1777,0.1936,0.3713,0.5,2.8063,inf,0.0262
84.6,seguindo,4.6387,1.4052,-0.1777,0.1936,0.3713,0.5,2.8063,inf,0.0262
84.65,seguindo,4.6387,1.4052,-0.1777,0.1936,0.3713,0.5,2.8063,inf,0.0262
84.7,seguindo,4.6387,1.4052,-0.1777,0.1936,0.3713,0.5,2.8063,inf,0.0262
84.75,seguindo,4.6387,1.4052,-0.1777,0.1936,0.3713,0.5,2.8063,inf,0.0262
84.8,seguindo,4.6387,1.4052,-0.1777,0.1936,0.3713,0.5,2.8063,inf,0.0262
84.85,seguindo,4.6387,1.4052,-0.1777,0.1936,0.3713,0.5,2.8063,inf,0.0262
84.9,seguindo,4.6387,1.4052,-0.1777,0.1936,0.3713,0.5,2.8063,inf,0.0262
84.95,seguindo,4.6387,1.4052,-0.1777,0.1936,0.3713,0.5,2.8063,inf,0.0262
85.0,seguindo,4.6387,1.4052,-0.1777,0.1936,0.3713,0.5,2.8063,inf,0.0262
85.05,seguindo,4.6387,1.4052,-0.1777,0.1936,0.3713,0.5,2.8063,inf,0.0262
85.1,seguindo,4.6387,1.4052,-0.1777,0.1936,0.3713,0.5,2.8063,inf,0.0262
85.15,seguindo,4.6387,1.4052,-0.1777,0.1936,0.3713,0.5,2.8063,inf,0.0262
85.2,seguindo,4.6387,1.4052,-0.1777,0.1936,0.3713,0.5,2.8063,inf,0.0262
85.25,seguindo,4.6387,1.4052,-0.1777,0.1936,0.3713,0.5,2.8063,inf,0.0262
85.3,seguindo,4.6387,1.4052,-0.1777,0.1936,0.3713,0.5,2.8063,inf,0.0262
85.35,seguindo,4.6387,1.4052,-0.1777,0.1936,0.3713,0.5,2.8063,inf,0.0262
85.4,seguindo,4.6387,1.4052,-0.1777,0.1936,0.3713,0.5,2.8063,inf,0.0262
85.45,seguindo,4.6387,1.4052,-0.1777,0.1936,0.3713,0.5,2.8063,inf,0.0262
85.5,seguindo,4.6387,1.4052,-0.1777,0.1936,0.3713,0.5,2.8063,inf,0.0262
85.55,seguindo,4.6387,1.4052,-0.1777,0.1936,0.3713,0.5,2.8063,inf,0.0262
85.6,seguindo,4.6387,1.4052,-0.1777,0.1936,0.3713,0.5,2.8063,inf,0.0262
85.65,seguindo,4.6387,1.4052,-0.1777,0.1936,0.3713,0.5,2.8063,inf,0.0262
85.7,seguindo,4.6387,1.4052,-0.1777,0.1936,0.3713,0.5,2.8063,inf,0.0262
85.75,seguindo,4.6387,1.4052,-0.1777,0.1936,0.3713,0.5,2.8063,inf,0.0262
85.8,seguindo,4.6387,1.4052,-0.1777,0.1936,0.3713,0.5,2.8063,inf,0.0262
85.85,seguindo,4.6387,1.4052,-0.1777,0.1936,0.3713,0.5,2.8063,inf,0.0262
85.9,seguindo,4.6387,1.4052,-0.1777,0.1936,0.3713,0.5,2.8063,inf,0.0262
85.95,seguindo,4.6387,1.4052,-0.1777,0.1936,0.3713,0.5,2.8063,inf,0.0262
86.0,seguindo,4.6387,1.4052,-0.1777,0.1936,0.3713,0.5,2.8063,inf,0.0262
86.05,seguindo,4.6387,1.4052,-0.1777,0.1936,0.3713,0.5,2.8063,inf,0.0262
86.1,seguindo,4.6387,1.4052,-0.1777,0.1936,0.3713,0.5,2.8063,inf,0.0262
86.15,seguindo,4.6387,1.4052,-0.1777,0.1936,0.3713,0.5,2.8063,inf,0.0262
86.2,seguindo,4.6387,1.4052,-0.1777,0.1936,0.3713,0.5,2.8063,inf,0.0262
86.25,seguindo,4.6387,1.4052,-0.1777,0.1936,0.3713,0.5,2.8063,inf,0.0262
86.3,seguindo,4.6387,1.4052,-0.1777,0.1936,0.3713,0.5,2.8063,inf,0.0262
86.35,seguindo,4.6387,1.4052,-0.1777,0.1936,0.3713,0.5,2.8063,inf,0.0262
86.4,seguindo,4.6387,1.4052,-0.1777,0.1936,0.3713,0.5,2.8063,inf,0.0262
86.45,seguindo,4.6387,1.4052,-0.1777,0.1936,0.3713,0.5,2.8063,inf,0.0262
86.5,seguindo,4.6387,1.4052,-0.1777,0.1936,0.3713,0.5,2.8063,inf,0.0262
86.55,seguindo,4.6387,1.4052,-0.1777,0.1936,0.3713,0.5,2.8063,inf,0.0262
86.6,seguindo,4.6387,1.4052,-0.1777,0.1936,0.3713,0.5,2.8063,inf,0.0262
86.65,seguindo,4.6387,1.4052,-0.1777,0.1936,0.3713,0.5,2.8063,inf,0.0262
86.7,seguindo,4.6387,1.4052,-0.1777,0.1936,0.3713,0.5,2.8063,inf,0.0262
86.75,seguindo,4.6387,1.4052,-0.1777,0.1936,0.3713,0.5,2.8063,inf,0.0262
86.8,seguindo,4.6387,1.4052,-0.1777,0.1936,0.3713,0.5,2.8063,inf,0.0262
86.85,seguindo,4.6387,1.4052,-0.1777,0.1936,0.3713,0.5,2.8063,inf,0.0262
86.9,seguindo,4.6387,1.4052,-0.1777,0.1936,0.3713,0.5,2.8063,inf,0.0262
86.95,seguindo,4.6387,1.4052,-0.1777,0.1936,0.3713,0.5,2.8063,inf,0.0262
87.0,seguindo,4.6387,1.4052,-0.1777,0.1936,0.3713,0.5,2.8063,inf,0.0262
87.05,seguindo,4.6387,1.4052,-0.1777,0.1936,0.3713,0.5,2.8063,inf,0.0262
87.1,seguindo,4.6387,1.4052,-0.1777,0.1936,0.3713,0.5,2.8063,inf,0.0262
87.15,seguindo,4.6387,1.4052,-0.1777,0.1936,0.3713,0.5,2.8063,inf,0.0262
87.2,seguindo,4.6387,1.4052,-0.1777,0.1936,0.3713,0.5,2.8063,inf,0.0262
87.25,seguindo,4.6387,1.4052,-0.1777,0.1936,0.3713,0.5,2.8063,inf,0.0262
87.3,seguindo,4.6387,1.4052,-0.1777,0.1936,0.3713,0.5,2.8063,inf,0.0262
87.35,seguindo,4.6387,1.4052,-0.1777,0.1936,0.3713,0.5,2.8063,inf,0.0262
87.4,seguindo,4.6387,1.4052,-0.1777,0.1936,0.3713,0.5,2.8063,inf,0.0262
87.45,seguindo,4.6387,1.4052,-0.1777,0.1936,0.3713,0.5,2.8063,inf,0.0262
87.5,seguindo,4.6387,1.4052,-0.1777,0.1936,0.3713,0.5,2.8063,inf,0.0262
87.55,seguindo,4.6387,1.4052,-0.1777,0.1936,0.3713,0.5,2.8063,inf,0.0262
87.6,seguindo,4.6387,1.4052,-0.1777,0.1936,0.3713,0.5,2.8063,inf,0.0262
87.651,seguindo,4.6387,1.4052,-0.1777,0.1936,0.3713,0.5,2.8063,inf,0.0262
87.7,seguindo,4.6387,1.4052,-0.1777,0.1936,0.3713,0.5,2.8063,inf,0.0262
87.75,seguindo,4.6387,1.4052,-0.1777,0.1936,0.3713,0.5,2.8063,inf,0.0262
87.8,seguindo,4.6387,1.4052,-0.1777,0.1936,0.3713,0.5,2.8063,inf,0.0262
87.85,seguindo,4.6387,1.4052,-0.1777,0.1936,0.3713,0.5,2.8063,inf,0.0262
87.9,seguindo,4.6387,1.4052,-0.1777,0.1936,0.3713,0.5,2.8063,inf,0.0262
87.95,seguindo,4.6387,1.4052,-0.1777,0.1936,0.3713,0.5,2.8063,inf,0.0262
88.0,seguindo,4.6387,1.4052,-0.1777,0.1936,0.3713,0.5,2.8063,inf,0.0262
88.05,seguindo,4.6387,1.4052,-0.1777,0.1936,0.3713,0.5,2.8063,inf,0.0262
88.1,seguindo,4.6387,1.4052,-0.1777,0.1936,0.3713,0.5,2.8063,inf,0.0262
88.15,seguindo,4.6387,1.4052,-0.1777,0.1936,0.3713,0.5,2.8063,inf,0.0262
88.2,seguindo,4.6387,1.4052,-0.1777,0.1936,0.3713,0.5,2.8063,inf,0.0262
88.25,seguindo,4.6387,1.4052,-0.1777,0.1936,0.3713,0.5,2.8063,inf,0.0262
88.3,seguindo,4.6387,1.4052,-0.1777,0.1936,0.3713,0.5,2.8063,inf,0.0262
88.35,seguindo,4.6387,1.4052,-0.1777,0.1936,0.3713,0.5,2.8063,inf,0.0262
88.4,seguindo,4.6387,1.4052,-0.1777,0.1936,0.3713,0.5,2.8063,inf,0.0262
88.45,seguindo,4.6387,1.4052,-0.1777,0.1936,0.3713,0.5,2.8063,inf,0.0262
88.5,seguindo,4.6387,1.4052,-0.1777,0.1936,0.3713,0.5,2.8063,inf,0.0262
88.55,seguindo,4.6387,1.4052,-0.1777,0.1936,0.3713,0.5,2.8063,inf,0.0262
88.6,seguindo,4.6387,1.4052,-0.1777,0.1936,0.3713,0.5,2.8063,inf,0.0262
88.65,seguindo,4.6387,1.4052,-0.1777,0.1936,0.3713,0.5,2.8063,inf,0.0262
88.7,seguindo,4.6387,1.4052,-0.1777,0.1936,0.3713,0.5,2.8063,inf,0.0262
88.75,seguindo,4.6387,1.4052,-0.1777,0.1936,0.3713,0.5,2.8063,inf,0.0262
88.8,seguindo,4.6387,1.4052,-0.1777,0.1936,0.3713,0.5,2.8063,inf,0.0262
88.85,seguindo,4.6387,1.4052,-0.1777,0.1936,0.3713,0.5,2.8063,inf,0.0262
88.9,seguindo,4.6387,1.4052,-0.1777,0.1936,0.3713,0.5,2.8063,inf,0.0262
88.95,seguindo,4.6387,1.4052,-0.1777,0.1936,0.3713,0.5,2.8063,inf,0.0262
89.0,seguindo,4.6387,1.4052,-0.1777,0.1936,0.3713,0.5,2.8063,inf,0.0262
89.05,seguindo,4.6387,1.4052,-0.1777,0.1936,0.3713,0.5,2.8063,inf,0.0262
89.1,seguindo,4.6387,1.4052,-0.1777,0.1936,0.3713,0.5,2.8063,inf,0.0262
89.15,seguindo,4.6387,1.4052,-0.1777,0.1936,0.3713,0.5,2.8063,inf,0.0262
89.2,seguindo,4.6387,1.4052,-0.1777,0.1936,0.3713,0.5,2.8063,inf,0.0262
89.252,seguindo,4.6387,1.4052,-0.1777,0.1936,0.3713,0.5,2.8063,inf,0.0262
89.3,seguindo,4.6387,1.4052,-0.1777,0.1936,0.3713,0.5,2.8063,inf,0.0262
89.35,seguindo,4.6387,1.4052,-0.1777,0.1936,0.3713,0.5,2.8063,inf,0.0262
89.4,seguindo,4.6387,1.4052,-0.1777,0.1936,0.3713,0.5,2.8063,inf,0.0262
89.45,seguindo,4.6387,1.4052,-0.1777,0.1936,0.3713,0.5,2.8063,inf,0.0262
89.5,seguindo,4.6387,1.4052,-0.1777,0.1936,0.3713,0.5,2.8063,inf,0.0262
89.55,seguindo,4.6387,1.4052,-0.1777,0.1936,0.3713,0.5,2.8063,inf,0.0262
89.6,seguindo,4.6387,1.4052,-0.1777,0.1936,0.3713,0.5,2.8063,inf,0.0262
89.65,seguindo,4.6387,1.4052,-0.1777,0.1936,0.3713,0.5,2.8063,inf,0.0262
89.7,seguindo,4.6387,1.4052,-0.1777,0.1936,0.3713,0.5,2.8063,inf,0.0262
89.75,seguindo,4.6387,1.4052,-0.1777,0.1936,0.3713,0.5,2.8063,inf,0.0262
89.8,seguindo,4.6387,1.4052,-0.1777,0.1936,0.3713,0.5,2.8063,inf,0.0262
89.85,seguindo,4.6387,1.4052,-0.1777,0.1936,0.3713,0.5,2.8063,inf,0.0262
89.9,seguindo,4.6387,1.4052,-0.1777,0.1936,0.3713,0.5,2.8063,inf,0.0262
89.95,seguindo,4.6387,1.4052,-0.1777,0.1936,0.3713,0.5,2.8063,inf,0.0262
90.0,seguindo,4.6387,1.4052,-0.1777,0.1936,0.3713,0.5,2.8063,inf,0.0262
90.05,seguindo,4.6387,1.4052,-0.1777,0.1936,0.3713,0.5,2.8063,inf,0.0262
90.1,seguindo,4.6387,1.4052,-0.1777,0.1936,0.3713,0.5,2.8063,inf,0.0262
90.15,seguindo,4.6387,1.4052,-0.1777,0.1936,0.3713,0.5,2.8063,inf,0.0262
90.2,seguindo,4.6387,1.4052,-0.1777,0.1936,0.3713,0.5,2.8063,inf,0.0262
90.25,seguindo,4.6387,1.4052,-0.1777,0.1936,0.3713,0.5,2.8063,inf,0.0262
90.3,seguindo,4.6387,1.4052,-0.1777,0.1936,0.3713,0.5,2.8063,inf,0.0262
90.35,seguindo,4.6387,1.4052,-0.1777,0.1936,0.3713,0.5,2.8063,inf,0.0262
90.4,seguindo,4.6387,1.4052,-0.1777,0.1936,0.3713,0.5,2.8063,inf,0.0262
90.45,seguindo,4.6387,1.4052,-0.1777,0.1936,0.3713,0.5,2.8063,inf,0.0262
90.5,seguindo,4.6387,1.4052,-0.1777,0.1936,0.3713,0.5,2.8063,inf,0.0262
90.55,seguindo,4.6387,1.4052,-0.1777,0.1936,0.3713,0.5,2.8063,inf,0.0262
90.601,seguindo,4.6387,1.4052,-0.1777,0.1936,0.3713,0.5,2.8063,inf,0.0262
90.65,seguindo,4.6387,1.4052,-0.1777,0.1936,0.3713,0.5,2.8063,inf,0.0262
90.7,seguindo,4.6387,1.4052,-0.1777,0.1936,0.3713,0.5,2.8063,inf,0.0262
90.75,seguindo,4.6387,1.4052,-0.1777,0.1936,0.3713,0.5,2.8063,inf,0.0262
90.8,seguindo,4.6387,1.4052,-0.1777,0.1936,0.3713,0.5,2.8063,inf,0.0262
90.85,seguindo,4.6387,1.4052,-0.1777,0.1936,0.3713,0.5,2.8063,inf,0.0262
90.9,seguindo,4.6387,1.4052,-0.1777,0.1936,0.3713,0.5,2.8063,inf,0.0262
90.95,seguindo,4.6387,1.4052,-0.1777,0.1936,0.3713,0.5,2.8063,inf,0.0262
91.0,seguindo,4.6387,1.4052,-0.1777,0.1936,0.3713,0.5,2.8063,inf,0.0262
91.05,seguindo,4.6387,1.4052,-0.1777,0.1936,0.3713,0.5,2.8063,inf,0.0262
91.1,seguindo,4.6387,1.4052,-0.1777,0.1936,0.3713,0.5,2.8063,inf,0.0262
91.15,seguindo,4.6387,1.4052,-0.1777,0.1936,0.3713,0.5,2.8063,inf,0.0262
91.2,seguindo,4.6387,1.4052,-0.1777,0.1936,0.3713,0.5,2.8063,inf,0.0262
91.25,seguindo,4.6387,1.4052,-0.1777,0.1936,0.3713,0.5,2.8063,inf,0.0262
91.3,seguindo,4.6387,1.4052,-0.1777,0.1936,0.3713,0.5,2.8063,inf,0.0262
91.35,seguindo,4.6387,1.4052,-0.1777,0.1936,0.3713,0.5,2.8063,inf,0.0262
91.4,seguindo,4.6387,1.4052,-0.1777,0.1936,0.3713,0.5,2.8063,inf,0.0262
91.451,seguindo,4.6387,1.4052,-0.1777,0.1936,0.3713,0.5,2.8063,inf,0.0262
91.5,seguindo,4.6387,1.4052,-0.1777,0.1936,0.3713,0.5,2.8063,inf,0.0262
91.55,seguindo,4.6387,1.4052,-0.1777,0.1936,0.3713,0.5,2.8063,inf,0.0262
91.6,seguindo,4.6387,1.4052,-0.1777,0.1936,0.3713,0.5,2.8063,inf,0.0262
91.65,seguindo,4.6387,1.4052,-0.1777,0.1936,0.3713,0.5,2.8063,inf,0.0262
91.7,seguindo,4.6387,1.4052,-0.1777,0.1936,0.3713,0.5,2.8063,inf,0.0262
91.75,seguindo,4.6387,1.4052,-0.1777,0.1936,0.3713,0.5,2.8063,inf,0.0262
91.8,seguindo,4.6387,1.4052,-0.1777,0.1936,0.3713,0.5,2.8063,inf,0.0262
91.85,seguindo,4.6387,1.4052,-0.1777,0.1936,0.3713,0.5,2.8063,inf,0.0262
91.9,seguindo,4.6387,1.4052,-0.1777,0.1936,0.3713,0.5,2.8063,inf,0.0262
91.95,seguindo,4.6387,1.4052,-0.1777,0.1936,0.3713,0.5,2.8063,inf,0.0262
92.0,seguindo,4.6387,1.4052,-0.1777,0.1936,0.3713,0.5,2.8063,inf,0.0262
92.05,seguindo,4.6387,1.4052,-0.1777,0.1936,0.3713,0.5,2.8063,inf,0.0262
92.1,seguindo,4.6387,1.4052,-0.1777,0.1936,0.3713,0.5,2.8063,inf,0.0262
92.15,seguindo,4.6387,1.4052,-0.1777,0.1936,0.3713,0.5,2.8063,inf,0.0262
92.2,seguindo,4.6387,1.4052,-0.1777,0.1936,0.3713,0.5,2.8063,inf,0.0262
92.25,seguindo,4.6387,1.4052,-0.1777,0.1936,0.3713,0.5,2.8063,inf,0.0262
92.3,seguindo,4.6387,1.4052,-0.1777,0.1936,0.3713,0.5,2.8063,inf,0.0262
92.35,seguindo,4.6387,1.4052,-0.1777,0.1936,0.3713,0.5,2.8063,inf,0.0262
92.4,seguindo,4.6387,1.4052,-0.1777,0.1936,0.3713,0.5,2.8063,inf,0.0262
92.45,seguindo,4.6387,1.4052,-0.1777,0.1936,0.3713,0.5,2.8063,inf,0.0262
92.5,seguindo,4.6387,1.4052,-0.1777,0.1936,0.3713,0.5,2.8063,inf,0.0262
92.55,seguindo,4.6387,1.4052,-0.1777,0.1936,0.3713,0.5,2.8063,inf,0.0262
92.6,seguindo,4.6387,1.4052,-0.1777,0.1936,0.3713,0.5,2.8063,inf,0.0262
92.65,seguindo,4.6387,1.4052,-0.1777,0.1936,0.3713,0.5,2.8063,inf,0.0262
92.7,seguindo,4.6387,1.4052,-0.1777,0.1936,0.3713,0.5,2.8063,inf,0.0262
92.75,seguindo,4.6387,1.4052,-0.1777,0.1936,0.3713,0.5,2.8063,inf,0.0262
92.8,seguindo,4.6387,1.4052,-0.1777,0.1936,0.3713,0.5,2.8063,inf,0.0262
92.85,seguindo,4.6387,1.4052,-0.1777,0.1936,0.3713,0.5,2.8063,inf,0.0262
92.9,seguindo,4.6387,1.4052,-0.1777,0.1936,0.3713,0.5,2.8063,inf,0.0262
92.95,seguindo,4.6387,1.4052,-0.1777,0.1936,0.3713,0.5,2.8063,inf,0.0262
93.0,seguindo,4.6387,1.4052,-0.1777,0.1936,0.3713,0.5,2.8063,inf,0.0262
93.05,seguindo,4.6387,1.4052,-0.1777,0.1936,0.3713,0.5,2.8063,inf,0.0262
93.1,seguindo,4.6387,1.4052,-0.1777,0.1936,0.3713,0.5,2.8063,inf,0.0262
93.15,seguindo,4.6387,1.4052,-0.1777,0.1936,0.3713,0.5,2.8063,inf,0.0262
93.2,seguindo,4.6387,1.4052,-0.1777,0.1936,0.3713,0.5,2.8063,inf,0.0262
93.25,seguindo,4.6387,1.4052,-0.1777,0.1936,0.3713,0.5,2.8063,inf,0.0262
93.3,seguindo,4.6387,1.4052,-0.1777,0.1936,0.3713,0.5,2.8063,inf,0.0262
93.35,seguindo,4.6387,1.4052,-0.1777,0.1936,0.3713,0.5,2.8063,inf,0.0262
93.4,seguindo,4.6387,1.4052,-0.1777,0.1936,0.3713,0.5,2.8063,inf,0.0262
93.45,seguindo,4.6387,1.4052,-0.1777,0.1936,0.3713,0.5,2.8063,inf,0.0262
93.5,seguindo,4.6387,1.4052,-0.1777,0.1936,0.3713,0.5,2.8063,inf,0.0262
93.55,seguindo,4.6387,1.4052,-0.1777,0.1936,0.3713,0.5,2.8063,inf,0.0262
93.6,seguindo,4.6387,1.4052,-0.1777,0.1936,0.3713,0.5,2.8063,inf,0.0262
93.65,seguindo,4.6387,1.4052,-0.1777,0.1936,0.3713,0.5,2.8063,inf,0.0262
93.7,seguindo,4.6387,1.4052,-0.1777,0.1936,0.3713,0.5,2.8063,inf,0.0262
93.75,seguindo,4.6387,1.4052,-0.1777,0.1936,0.3713,0.5,2.8063,inf,0.0262
93.8,seguindo,4.6387,1.4052,-0.1777,0.1936,0.3713,0.5,2.8063,inf,0.0262
93.85,seguindo,4.6387,1.4052,-0.1777,0.1936,0.3713,0.5,2.8063,inf,0.0262
93.9,seguindo,4.6387,1.4052,-0.1777,0.1936,0.3713,0.5,2.8063,inf,0.0262
93.95,seguindo,4.6387,1.4052,-0.1777,0.1936,0.3713,0.5,2.8063,inf,0.0262
94.0,seguindo,4.6387,1.4052,-0.1777,0.1936,0.3713,0.5,2.8063,inf,0.0262
94.05,seguindo,4.6387,1.4052,-0.1777,0.1936,0.3713,0.5,2.8063,inf,0.0262
94.1,seguindo,4.6387,1.4052,-0.1777,0.1936,0.3713,0.5,2.8063,inf,0.0262
94.15,seguindo,4.6387,1.4052,-0.1777,0.1936,0.3713,0.5,2.8063,inf,0.0262
94.2,seguindo,4.6387,1.4052,-0.1777,0.1936,0.3713,0.5,2.8063,inf,0.0262
94.25,seguindo,4.6387,1.4052,-0.1777,0.1936,0.3713,0.5,2.8063,inf,0.0262
94.3,seguindo,4.6387,1.4052,-0.1777,0.1936,0.3713,0.5,2.8063,inf,0.0262
94.35,seguindo,4.6387,1.4052,-0.1777,0.1936,0.3713,0.5,2.8063,inf,0.0262
94.401,seguindo,4.6387,1.4052,-0.1777,0.1936,0.3713,0.5,2.8063,inf,0.0262
94.45,seguindo,4.6387,1.4052,-0.1777,0.1936,0.3713,0.5,2.8063,inf,0.0262
94.5,seguindo,4.6387,1.4052,-0.1777,0.1936,0.3713,0.5,2.8063,inf,0.0262
94.55,seguindo,4.6387,1.4052,-0.1777,0.1936,0.3713,0.5,2.8063,inf,0.0262
94.6,seguindo,4.6387,1.4052,-0.1777,0.1936,0.3713,0.5,2.8063,inf,0.0262
94.65,seguindo,4.6387,1.4052,-0.1777,0.1936,0.3713,0.5,2.8063,inf,0.0262
94.7,seguindo,4.6387,1.4052,-0.1777,0.1936,0.3713,0.5,2.8063,inf,0.0262
94.75,seguindo,4.6387,1.4052,-0.1777,0.1936,0.3713,0.5,2.8063,inf,0.0262
94.8,seguindo,4.6387,1.4052,-0.1777,0.1936,0.3713,0.5,2.8063,inf,0.0262
94.85,seguindo,4.6387,1.4052,-0.1777,0.1936,0.3713,0.5,2.8063,inf,0.0262
94.9,seguindo,4.6387,1.4052,-0.1777,0.1936,0.3713,0.5,2.8063,inf,0.0262
94.95,seguindo,4.6387,1.4052,-0.1777,0.1936,0.3713,0.5,2.8063,inf,0.0262
95.0,seguindo,4.6387,1.4052,-0.1777,0.1936,0.3713,0.5,2.8063,inf,0.0262
95.05,seguindo,4.6387,1.4052,-0.1777,0.1936,0.3713,0.5,2.8063,inf,0.0262
95.1,seguindo,4.6387,1.4052,-0.1777,0.1936,0.3713,0.5,2.8063,inf,0.0262
95.15,seguindo,4.6387,1.4052,-0.1777,0.1936,0.3713,0.5,2.8063,inf,0.0262
95.2,seguindo,4.6387,1.4052,-0.1777,0.1936,0.3713,0.5,2.8063,inf,0.0262
95.25,seguindo,4.6387,1.4052,-0.1777,0.1936,0.3713,0.5,2.8063,inf,0.0262
95.3,seguindo,4.6387,1.4052,-0.1777,0.1936,0.3713,0.5,2.8063,inf,0.0262
95.35,seguindo,4.6387,1.4052,-0.1777,0.1936,0.3713,0.5,2.8063,inf,0.0262
95.4,seguindo,4.6387,1.4052,-0.1777,0.1936,0.3713,0.5,2.8063,inf,0.0262
95.45,seguindo,4.6387,1.4052,-0.1777,0.1936,0.3713,0.5,2.8063,inf,0.0262
95.5,seguindo,4.6387,1.4052,-0.1777,0.1936,0.3713,0.5,2.8063,inf,0.0262
95.55,seguindo,4.6387,1.4052,-0.1777,0.1936,0.3713,0.5,2.8063,inf,0.0262
95.6,seguindo,4.6387,1.4052,-0.1777,0.1936,0.3713,0.5,2.8063,inf,0.0262
95.65,seguindo,4.6387,1.4052,-0.1777,0.1936,0.3713,0.5,2.8063,inf,0.0262
95.7,seguindo,4.6387,1.4052,-0.1777,0.1936,0.3713,0.5,2.8063,inf,0.0262
95.75,seguindo,4.6387,1.4052,-0.1777,0.1936,0.3713,0.5,2.8063,inf,0.0262
95.8,seguindo,4.6387,1.4052,-0.1777,0.1936,0.3713,0.5,2.8063,inf,0.0262
95.85,seguindo,4.6387,1.4052,-0.1777,0.1936,0.3713,0.5,2.8063,inf,0.0262
95.9,seguindo,4.6387,1.4052,-0.1777,0.1936,0.3713,0.5,2.8063,inf,0.0262
95.95,seguindo,4.6387,1.4052,-0.1777,0.1936,0.3713,0.5,2.8063,inf,0.0262
96.0,seguindo,4.6387,1.4052,-0.1777,0.1936,0.3713,0.5,2.8063,inf,0.0262
96.05,seguindo,4.6387,1.4052,-0.1777,0.1936,0.3713,0.5,2.8063,inf,0.0262
96.1,seguindo,4.6387,1.4052,-0.1777,0.1936,0.3713,0.5,2.8063,inf,0.0262
96.15,seguindo,4.6387,1.4052,-0.1777,0.1936,0.3713,0.5,2.8063,inf,0.0262
96.2,seguindo,4.6387,1.4052,-0.1777,0.1936,0.3713,0.5,2.8063,inf,0.0262
96.25,seguindo,4.6387,1.4052,-0.1777,0.1936,0.3713,0.5,2.8063,inf,0.0262
96.3,seguindo,4.6387,1.4052,-0.1777,0.1936,0.3713,0.5,2.8063,inf,0.0262
96.35,seguindo,4.6387,1.4052,-0.1777,0.1936,0.3713,0.5,2.8063,inf,0.0262
96.4,seguindo,4.6387,1.4052,-0.1777,0.1936,0.3713,0.5,2.8063,inf,0.0262
96.45,seguindo,4.6387,1.4052,-0.1777,0.1936,0.3713,0.5,2.8063,inf,0.0262
96.5,seguindo,4.6387,1.4052,-0.1777,0.1936,0.3713,0.5,2.8063,inf,0.0262
96.55,seguindo,4.6387,1.4052,-0.1777,0.1936,0.3713,0.5,2.8063,inf,0.0262
96.601,seguindo,4.6387,1.4052,-0.1777,0.1936,0.3713,0.5,2.8063,inf,0.0262
96.65,seguindo,4.6387,1.4052,-0.1777,0.1936,0.3713,0.5,2.8063,inf,0.0262
96.7,seguindo,4.6387,1.4052,-0.1777,0.1936,0.3713,0.5,2.8063,inf,0.0262
96.75,seguindo,4.6387,1.4052,-0.1777,0.1936,0.3713,0.5,2.8063,inf,0.0262
96.8,seguindo,4.6387,1.4052,-0.1777,0.1936,0.3713,0.5,2.8063,inf,0.0262
96.85,seguindo,4.6387,1.4052,-0.1777,0.1936,0.3713,0.5,2.8063,inf,0.0262
96.9,seguindo,4.6387,1.4052,-0.1777,0.1936,0.3713,0.5,2.8063,inf,0.0262
96.95,seguindo,4.6387,1.4052,-0.1777,0.1936,0.3713,0.5,2.8063,inf,0.0262
97.0,seguindo,4.6387,1.4052,-0.1777,0.1936,0.3713,0.5,2.8063,inf,0.0262
97.05,seguindo,4.6387,1.4052,-0.1777,0.1936,0.3713,0.5,2.8063,inf,0.0262
97.1,seguindo,4.6387,1.4052,-0.1777,0.1936,0.3713,0.5,2.8063,inf,0.0262
97.15,seguindo,4.6387,1.4052,-0.1777,0.1936,0.3713,0.5,2.8063,inf,0.0262
97.2,seguindo,4.6387,1.4052,-0.1777,0.1936,0.3713,0.5,2.8063,inf,0.0262
97.25,seguindo,4.6387,1.4052,-0.1777,0.1936,0.3713,0.5,2.8063,inf,0.0262
97.3,seguindo,4.6387,1.4052,-0.1777,0.1936,0.3713,0.5,2.8063,inf,0.0262
97.35,seguindo,4.6387,1.4052,-0.1777,0.1936,0.3713,0.5,2.8063,inf,0.0262
97.4,seguindo,4.6387,1.4052,-0.1777,0.1936,0.3713,0.5,2.8063,inf,0.0262
97.45,seguindo,4.6387,1.4052,-0.1777,0.1936,0.3713,0.5,2.8063,inf,0.0262
97.5,seguindo,4.6387,1.4052,-0.1777,0.1936,0.3713,0.5,2.8063,inf,0.0262
97.55,seguindo,4.6387,1.4052,-0.1777,0.1936,0.3713,0.5,2.8063,inf,0.0262
97.6,seguindo,4.6387,1.4052,-0.1777,0.1936,0.3713,0.5,2.8063,inf,0.0262
97.65,seguindo,4.6387,1.4052,-0.1777,0.1936,0.3713,0.5,2.8063,inf,0.0262
97.7,seguindo,4.6387,1.4052,-0.1777,0.1936,0.3713,0.5,2.8063,inf,0.0262
97.75,seguindo,4.6387,1.4052,-0.1777,0.1936,0.3713,0.5,2.8063,inf,0.0262
97.8,seguindo,4.6387,1.4052,-0.1777,0.1936,0.3713,0.5,2.8063,inf,0.0262
97.85,seguindo,4.6387,1.4052,-0.1777,0.1936,0.3713,0.5,2.8063,inf,0.0262
97.9,seguindo,4.6387,1.4052,-0.1777,0.1936,0.3713,0.5,2.8063,inf,0.0262
97.95,seguindo,4.6387,1.4052,-0.1777,0.1936,0.3713,0.5,2.8063,inf,0.0262
98.0,seguindo,4.6387,1.4052,-0.1777,0.1936,0.3713,0.5,2.8063,inf,0.0262
98.05,seguindo,4.6387,1.4052,-0.1777,0.1936,0.3713,0.5,2.8063,inf,0.0262
98.1,seguindo,4.6387,1.4052,-0.1777,0.1936,0.3713,0.5,2.8063,inf,0.0262
98.15,seguindo,4.6387,1.4052,-0.1777,0.1936,0.3713,0.5,2.8063,inf,0.0262
98.2,seguindo,4.6387,1.4052,-0.1777,0.1936,0.3713,0.5,2.8063,inf,0.0262
98.25,seguindo,4.6387,1.4052,-0.1777,0.1936,0.3713,0.5,2.8063,inf,0.0262
98.3,seguindo,4.6387,1.4052,-0.1777,0.1936,0.3713,0.5,2.8063,inf,0.0262
98.35,seguindo,4.6387,1.4052,-0.1777,0.1936,0.3713,0.5,2.8063,inf,0.0262
98.4,seguindo,4.6387,1.4052,-0.1777,0.1936,0.3713,0.5,2.8063,inf,0.0262
98.45,seguindo,4.6387,1.4052,-0.1777,0.1936,0.3713,0.5,2.8063,inf,0.0262
98.5,seguindo,4.6387,1.4052,-0.1777,0.1936,0.3713,0.5,2.8063,inf,0.0262
98.55,seguindo,4.6387,1.4052,-0.1777,0.1936,0.3713,0.5,2.8063,inf,0.0262
98.6,seguindo,4.6387,1.4052,-0.1777,0.1936,0.3713,0.5,2.8063,inf,0.0262
98.65,seguindo,4.6387,1.4052,-0.1777,0.1936,0.3713,0.5,2.8063,inf,0.0262
98.7,seguindo,4.6387,1.4052,-0.1777,0.1936,0.3713,0.5,2.8063,inf,0.0262
98.75,seguindo,4.6387,1.4052,-0.1777,0.1936,0.3713,0.5,2.8063,inf,0.0262
98.8,seguindo,4.6387,1.4052,-0.1777,0.1936,0.3713,0.5,2.8063,inf,0.0262
98.85,seguindo,4.6387,1.4052,-0.1777,0.1936,0.3713,0.5,2.8063,inf,0.0262
98.9,seguindo,4.6387,1.4052,-0.1777,0.1936,0.3713,0.5,2.8063,inf,0.0262
98.95,seguindo,4.6387,1.4052,-0.1777,0.1936,0.3713,0.5,2.8063,inf,0.0262
99.0,seguindo,4.6387,1.4052,-0.1777,0.1936,0.3713,0.5,2.8063,inf,0.0262
99.05,seguindo,4.6387,1.4052,-0.1777,0.1936,0.3713,0.5,2.8063,inf,0.0262
99.1,seguindo,4.6387,1.4052,-0.1777,0.1936,0.3713,0.5,2.8063,inf,0.0262
99.15,seguindo,4.6387,1.4052,-0.1777,0.1936,0.3713,0.5,2.8063,inf,0.0262
99.2,seguindo,4.6387,1.4052,-0.1777,0.1936,0.3713,0.5,2.8063,inf,0.0262
99.25,seguindo,4.6387,1.4052,-0.1777,0.1936,0.3713,0.5,2.8063,inf,0.0262
99.3,seguindo,4.6387,1.4052,-0.1777,0.1936,0.3713,0.5,2.8063,inf,0.0262
99.35,seguindo,4.6387,1.4052,-0.1777,0.1936,0.3713,0.5,2.8063,inf,0.0262
99.4,seguindo,4.6387,1.4052,-0.1777,0.1936,0.3713,0.5,2.8063,inf,0.0262
99.45,seguindo,4.6387,1.4052,-0.1777,0.1936,0.3713,0.5,2.8063,inf,0.0262
99.5,seguindo,4.6387,1.4052,-0.1777,0.1936,0.3713,0.5,2.8063,inf,0.0262
99.55,seguindo,4.6387,1.4052,-0.1777,0.1936,0.3713,0.5,2.8063,inf,0.0262
99.6,seguindo,4.6387,1.4052,-0.1777,0.1936,0.3713,0.5,2.8063,inf,0.0262
99.65,seguindo,4.6387,1.4052,-0.1777,0.1936,0.3713,0.5,2.8063,inf,0.0262
99.7,seguindo,4.6387,1.4052,-0.1777,0.1936,0.3713,0.5,2.8063,inf,0.0262
99.75,seguindo,4.6387,1.4052,-0.1777,0.1936,0.3713,0.5,2.8063,inf,0.0262
99.8,seguindo,4.6387,1.4052,-0.1777,0.1936,0.3713,0.5,2.8063,inf,0.0262
99.85,seguindo,4.6387,1.4052,-0.1777,0.1936,0.3713,0.5,2.8063,inf,0.0262
99.9,seguindo,4.6387,1.4052,-0.1777,0.1936,0.3713,0.5,2.8063,inf,0.0262
99.95,seguindo,4.6387,1.4052,-0.1777,0.1936,0.3713,0.5,2.8063,inf,0.0262
100.0,seguindo,4.6387,1.4052,-0.1777,0.1936,0.3713,0.5,2.8063,inf,0.0262
