t,x,y,yaw,dist
0.0,2.0,5.0,0.0,8.79673
0.0006,2.0,5.0,0.0,8.79673
0.0014,2.0,5.0,0.0,8.79673
0.0018,2.0,5.0,0.0,8.79673
0.0023,2.0,5.0,0.0,8.79673
0.0077,2.0,5.0,0.0,8.79673
0.0278,2.0,5.0,0.0,8.79673
0.0478,2.0,5.0,0.0,8.79673
0.0678,2.0,5.0,0.0,8.79673
0.0881,2.0,5.0,0.0,8.79673
0.1075,2.0,5.0,0.0,8.79673
0.1276,2.0,5.0,0.0,8.79673
0.1481,2.0,5.0,0.0,8.79673
0.1677,2.0,5.0,0.0,8.79673
0.1879,2.0,5.0,0.0,8.79673
0.2076,2.0,5.0,0.0,8.79673
0.2278,2.0,5.0,0.0,8.79673
0.2491,2.0,5.0,0.0,8.79673
0.2678,2.0,5.0,0.0,8.79673
0.2879,2.0,5.0,0.0,8.79673
0.3079,2.0,5.0,0.0,8.79673
0.3277,2.0,5.0,0.0,8.79673
0.3481,2.0,5.0,0.0,8.79673
0.3679,2.0,5.0,0.0,8.79673
0.3878,2.0,5.0,0.0,8.79673
0.4076,2.0,5.0,0.0,8.79673
0.4281,2.0,5.0,0.0,8.79673
0.4478,2.0,5.0,0.0,8.79673
0.4676,2.00114,5.00009,-0.00113,8.7956
0.488,2.00272,5.0003,-0.00368,8.794
0.5089,2.00431,5.0005,-0.00622,8.79241
0.5278,2.00589,5.00069,-0.00877,8.79081
0.5478,2.00748,5.00088,-0.01132,8.78922
0.5682,2.0102,5.00114,-0.01498,8.7865
0.588,2.01341,5.0015,-0.02012,8.78328
0.6082,2.01661,5.00185,-0.02526,8.78006
0.6281,2.01982,5.00218,-0.0304,8.77684
0.6477,2.02304,5.00249,-0.03555,8.77363
0.669,2.02696,5.00291,-0.04265,8.76969
0.6889,2.03112,5.00335,-0.05035,8.76552
0.7087,2.03528,5.00375,-0.05804,8.76136
0.7294,2.03945,5.00412,-0.06573,8.75719
0.7493,2.04362,5.00446,-0.07342,8.75303
0.7688,2.04781,5.00495,-0.08352,8.74882
0.7888,2.05201,5.00542,-0.09381,8.74461
0.8087,2.05621,5.00585,-0.10409,8.7404
0.8293,2.06041,5.00623,-0.11438,8.73619
0.8487,2.06462,5.00657,-0.12466,8.73199
0.8689,2.06888,5.00705,-0.13735,8.72772
0.8893,2.07316,5.00749,-0.15021,8.72343
0.9095,2.07744,5.00788,-0.16307,8.71915
0.9292,2.08172,5.00821,-0.17592,8.71488
0.949,2.08601,5.00849,-0.18878,8.71061
0.9691,2.09042,5.00887,-0.20402,8.70621
0.9902,2.09484,5.00921,-0.21942,8.7018
1.0101,2.09927,5.00947,-0.23482,8.6974
1.03,2.1037,5.00967,-0.25023,8.693
1.0509,2.10814,5.0098,-0.26563,8.68862
1.0706,2.11244,5.0101,-0.28343,8.68434
1.0905,2.11672,5.01035,-0.30143,8.68009
1.1099,2.121,5.01051,-0.31943,8.67585
1.1297,2.12528,5.01061,-0.33743,8.67162
1.1505,2.12957,5.01062,-0.35543,8.6674
1.1711,2.13394,5.01072,-0.37584,8.66309
1.19,2.13832,5.01075,-0.39638,8.65877
1.2101,2.14271,5.01069,-0.41693,8.65448
1.2304,2.14709,5.01054,-0.43747,8.6502
1.2499,2.15147,5.01029,-0.45802,8.64594
1.2699,2.15591,5.01006,-0.48009,8.64161
1.2901,2.16035,5.00973,-0.50219,8.63731
1.3099,2.16478,5.0093,-0.52429,8.63303
1.3298,2.1692,5.00877,-0.54639,8.62878
1.3528,2.17361,5.00815,-0.56849,8.62456
1.3728,2.17802,5.0074,-0.59041,8.62037
1.3929,2.18242,5.00654,-0.61225,8.6162
1.7282,2.20841,4.99921,-0.74209,8.59202
1.729,2.23347,4.98796,-0.86803,8.56951
1.7296,2.23752,4.98572,-0.88868,8.56597
1.7303,2.24154,4.98337,-0.90914,8.56246
1.7309,2.24556,4.98093,-0.92952,8.55898
1.7315,2.24958,4.97841,-0.94992,8.5555
1.7331,2.25361,4.97581,-0.97037,8.55204
1.7524,2.25761,4.97316,-0.99092,8.54861
1.7736,2.2616,4.97044,-1.01153,8.54522
1.7925,2.26558,4.96764,-1.03213,8.54184
1.8125,2.26957,4.96477,-1.05273,8.53847
1.8322,2.27356,4.96182,-1.07334,8.53512
1.8527,2.2775,4.95881,-1.09394,8.53184
1.874,2.28132,4.95526,-1.11297,8.52877
1.894,2.28505,4.9516,-1.13111,8.52582
1.9149,2.28869,4.94791,-1.14899,8.52296
1.935,2.29225,4.94416,-1.16687,8.5202
1.9554,2.29573,4.94035,-1.18475,8.51753
1.977,2.29908,4.93605,-1.20104,8.51508
1.9959,2.30232,4.93169,-1.21655,8.51276
2.0169,2.30548,4.92729,-1.23194,8.51052
2.0367,2.30856,4.92285,-1.24733,8.50838
2.0576,2.31156,4.91837,-1.26272,8.50632
2.076,2.31441,4.91342,-1.27647,8.5045
2.0965,2.31716,4.90842,-1.2895,8.5028
2.1159,2.31983,4.9034,-1.30244,8.50118
2.136,2.32243,4.89835,-1.31537,8.49965
2.156,2.32496,4.89326,-1.3283,8.49819
2.1767,2.32732,4.88762,-1.33915,8.49702
2.1959,2.32957,4.88191,-1.34919,8.49596
2.2163,2.33175,4.87619,-1.35911,8.49498
2.2369,2.33388,4.87044,-1.369,8.49407
2.2561,2.33593,4.86467,-1.37888,8.49324
2.2764,2.33777,4.85866,-1.38717,8.49266
2.2959,2.33953,4.85268,-1.39487,8.49218
2.3161,2.3412,4.84673,-1.40209,8.49176
2.3364,2.34282,4.84079,-1.40902,8.49141
2.3571,2.34438,4.83483,-1.41588,8.49112
2.3773,2.34571,4.82874,-1.42056,8.49109
2.3969,2.34698,4.82267,-1.42463,8.49112
2.4171,2.34819,4.81661,-1.42847,8.4912
2.4373,2.34938,4.81052,-1.43219,8.49132
2.4569,2.35053,4.8044,-1.4358,8.49149
2.4781,2.35154,4.79828,-1.43805,8.4918
2.4981,2.35252,4.79216,-1.43998,8.49214
2.5185,2.35348,4.78601,-1.44178,8.49252
2.5384,2.35441,4.77985,-1.44353,8.49292
2.5586,2.35534,4.77369,-1.44527,8.49334
2.5785,2.35624,4.76756,-1.44686,8.49378
2.5989,2.35712,4.76142,-1.4484,8.49424
2.6191,2.358,4.75529,-1.44994,8.49472
2.6385,2.35887,4.74916,-1.45148,8.4952
2.6582,2.35972,4.74302,-1.45302,8.49571
2.6782,2.36026,4.73809,-1.4525,8.49626
2.6982,2.36074,4.73334,-1.45132,8.49684
2.7182,2.36123,4.72855,-1.45022,8.49742
2.7383,2.36172,4.72376,-1.44919,8.49799
2.7582,2.36223,4.71897,-1.44816,8.49856
2.7786,2.36254,4.7142,-1.44473,8.4993
2.7988,2.36286,4.70943,-1.44112,8.50006
2.8185,2.36319,4.70466,-1.43752,8.50079
2.839,2.36355,4.69989,-1.43391,8.50151
2.8586,2.36392,4.69512,-1.43031,8.50222
2.8781,2.36411,4.69037,-1.4243,8.5031
2.8984,2.36431,4.68563,-1.41813,8.50397
2.9191,2.36455,4.68089,-1.41195,8.50481
2.9381,2.36481,4.67616,-1.40578,8.50562
2.9581,2.3651,4.67142,-1.3996,8.50641
2.9779,2.36528,4.6667,-1.39159,8.50731
2.9985,2.36548,4.66198,-1.38351,8.50818
3.0187,2.36572,4.65726,-1.37542,8.50903
3.0384,2.366,4.65254,-1.36734,8.50983
3.0582,2.36632,4.64783,-1.35925,8.5106
3.0781,2.36668,4.64312,-1.3512,8.51133
3.0989,2.36708,4.6384,-1.34315,8.51203
3.1186,2.36751,4.63369,-1.3351,8.51269
3.1384,2.36799,4.62899,-1.32704,8.51332
3.1589,2.3685,4.62429,-1.31899,8.51391
3.1783,2.36906,4.61957,-1.31106,8.51446
3.1981,2.36968,4.61485,-1.30325,8.51496
3.2187,2.37033,4.61013,-1.29544,8.51543
3.2397,2.37102,4.60541,-1.28763,8.51586
3.2604,2.37174,4.6007,-1.27982,8.51626
3.2792,2.37252,4.59598,-1.27214,8.51662
3.2993,2.37335,4.59126,-1.26457,8.51692
3.3212,2.37421,4.58653,-1.25701,8.5172
3.3428,2.37511,4.58182,-1.24945,8.51744
3.3621,2.37605,4.57711,-1.24188,8.51765
3.3817,2.37703,4.5724,-1.23443,8.51781
3.4023,2.37806,4.56768,-1.22702,8.51794
3.4224,2.37912,4.56298,-1.21961,8.51803
3.4419,2.38022,4.55828,-1.2122,8.51809
3.4623,2.38135,4.55359,-1.20479,8.51812
3.4816,2.38253,4.5489,-1.19752,8.5181
3.502,2.38377,4.54419,-1.19043,8.51803
3.5238,2.38505,4.53949,-1.18334,8.51793
3.542,2.38635,4.5348,-1.17625,8.5178
3.562,2.38769,4.53012,-1.16916,8.51764
3.582,2.38909,4.52543,-1.16222,8.51742
3.6016,2.39055,4.52072,-1.15556,8.51715
3.6226,2.39209,4.51598,-1.1492,8.51682
3.6422,2.39368,4.51124,-1.14298,8.51644
3.6621,2.39529,4.50651,-1.13676,8.51604
3.6817,2.39696,4.50178,-1.13069,8.51559
3.7018,2.39869,4.49703,-1.12485,8.51509
3.722,2.40044,4.49229,-1.11901,8.51456
3.7416,2.40222,4.48755,-1.11318,8.514
3.7623,2.40403,4.48283,-1.10734,8.51342
3.7819,2.40589,4.47811,-1.10166,8.5128
3.802,2.40782,4.47336,-1.0963,8.51211
3.8231,2.4098,4.46861,-1.09107,8.51139
3.8419,2.4118,4.46387,-1.08584,8.51064
3.8617,2.41383,4.45914,-1.08061,8.50987
3.8815,2.41594,4.45437,-1.07582,8.50902
3.9022,2.41812,4.44958,-1.07136,8.50812
3.9219,2.42036,4.44478,-1.06713,8.50717
3.9418,2.42262,4.43999,-1.06291,8.5062
3.9619,2.4249,4.43521,-1.05869,8.50521
3.9817,2.42725,4.4304,-1.05478,8.50416
4.0016,2.42966,4.42558,-1.05119,8.50306
4.0221,2.4321,4.42075,-1.0477,8.50194
4.0422,2.43457,4.41593,-1.04421,8.50079
4.0619,2.43704,4.41112,-1.04073,8.49964
4.0821,2.44006,4.40575,-1.03918,8.4981
4.1016,2.44318,4.40031,-1.03829,8.4965
4.1219,2.4463,4.39487,-1.0374,8.49489
4.1417,2.44943,4.38944,-1.03651,8.49329
4.1624,2.45256,4.38401,-1.03562,8.49168
4.1816,2.45585,4.37868,-1.03717,8.48989
4.2017,2.45915,4.37336,-1.03885,8.48811
4.2218,2.46244,4.36804,-1.04053,8.48633
4.2424,2.46572,4.36271,-1.04221,8.48457
4.2618,2.46899,4.35737,-1.04389,8.48283
4.2818,2.47226,4.35204,-1.0458,8.48108
4.3019,2.47552,4.3467,-1.0477,8.47935
4.3222,2.47878,4.34136,-1.04961,8.47764
4.3417,2.48202,4.33601,-1.05151,8.47594
4.3618,2.48525,4.33066,-1.05342,8.47426
4.3815,2.48846,4.32531,-1.05526,8.4726
4.4016,2.49167,4.31995,-1.05709,8.47095
4.4219,2.49486,4.31459,-1.05892,8.46933
4.4419,2.49804,4.30922,-1.06075,8.46771
4.4621,2.50121,4.30384,-1.06258,8.46612
4.4817,2.50435,4.29847,-1.06426,8.46455
4.5016,2.50748,4.29311,-1.0659,8.463
4.5218,2.51059,4.28773,-1.06753,8.46147
4.542,2.5137,4.28236,-1.06916,8.45996
4.5621,2.5168,4.27697,-1.0708,8.45845
4.5819,2.51986,4.27161,-1.07221,8.45699
4.6019,2.5229,4.26625,-1.07355,8.45554
4.6224,2.52593,4.26088,-1.07488,8.45411
4.6416,2.52895,4.25551,-1.07621,8.4527
4.6618,2.53197,4.25014,-1.07754,8.45129
4.6817,2.53497,4.24477,-1.07882,8.4499
4.7017,2.53796,4.23939,-1.0801,8.44853
4.7219,2.54095,4.23401,-1.08137,8.44716
4.7415,2.54393,4.22863,-1.08265,8.44581
4.7619,2.54691,4.22324,-1.08393,8.44447
4.7815,2.54988,4.21785,-1.08521,8.44314
4.8017,2.55284,4.21245,-1.08649,8.44183
4.8219,2.55579,4.20705,-1.08777,8.44052
4.8419,2.55874,4.20165,-1.08905,8.43923
4.8619,2.56168,4.19624,-1.09033,8.43795
4.8822,2.56461,4.19083,-1.09162,8.43668
4.9016,2.56754,4.18542,-1.09291,8.43542
4.9222,2.57046,4.18,-1.0942,8.43418
4.9418,2.57338,4.17458,-1.09549,8.43294
4.9619,2.57628,4.16915,-1.09677,8.43172
4.982,2.57918,4.16372,-1.09808,8.43051
5.0017,2.58208,4.15828,-1.09938,8.42931
5.0217,2.58497,4.15284,-1.10069,8.42813
5.0417,2.58785,4.1474,-1.102,8.42695
5.062,2.59072,4.14195,-1.1033,8.42579
5.082,2.59359,4.1365,-1.10463,8.42464
5.1018,2.59645,4.13104,-1.10596,8.4235
5.1218,2.59931,4.12558,-1.10728,8.42237
5.1417,2.60216,4.12012,-1.10861,8.42126
5.1627,2.605,4.11465,-1.10994,8.42016
5.1816,2.60783,4.10918,-1.11127,8.41907
5.2022,2.61066,4.1037,-1.1126,8.41799
5.222,2.61348,4.09822,-1.11394,8.41692
5.242,2.61629,4.09274,-1.11527,8.41587
5.2618,2.6191,4.08725,-1.1166,8.41483
5.2817,2.62189,4.08176,-1.11794,8.4138
5.303,2.62468,4.07626,-1.11927,8.41279
5.3226,2.62747,4.07076,-1.1206,8.41178
5.3421,2.63024,4.06526,-1.12194,8.41079
5.3624,2.63301,4.05975,-1.12327,8.40981
5.3818,2.63577,4.05425,-1.1246,8.40885
5.4021,2.63852,4.04873,-1.12593,8.4079
5.4224,2.64127,4.04321,-1.12727,8.40696
5.4417,2.64401,4.03769,-1.1286,8.40603
5.4623,2.64674,4.03217,-1.12993,8.40511
5.4817,2.64946,4.02664,-1.13125,8.40421
5.5017,2.65218,4.02111,-1.13256,8.40332
5.5231,2.65488,4.01558,-1.13387,8.40245
5.5433,2.65758,4.01004,-1.13519,8.40158
5.5637,2.66028,4.0045,-1.1365,8.40073
5.5829,2.66296,3.99896,-1.13783,8.39989
5.6029,2.66564,3.99341,-1.13916,8.39906
5.6232,2.66832,3.98786,-1.14049,8.39825
5.6436,2.67098,3.9823,-1.14182,8.39745
5.6648,2.67364,3.97674,-1.14315,8.39666
5.6842,2.67629,3.97118,-1.14448,8.39588
5.7041,2.67893,3.96561,-1.14581,8.39511
5.7243,2.68157,3.96004,-1.14714,8.39436
5.7439,2.6842,3.95447,-1.14847,8.39362
5.7646,2.68682,3.94889,-1.14979,8.39289
5.7839,2.68943,3.94331,-1.15112,8.39218
5.8038,2.69204,3.93772,-1.15245,8.39148
5.824,2.69463,3.93214,-1.15378,8.39079
5.8439,2.69723,3.92655,-1.15511,8.39011
5.8638,2.69981,3.92095,-1.15644,8.38945
5.8841,2.70239,3.91535,-1.15779,8.38879
5.9039,2.70496,3.90975,-1.15914,8.38815
5.9244,2.70752,3.90414,-1.16049,8.38753
5.9441,2.71008,3.89853,-1.16183,8.38691
5.9644,2.71263,3.89292,-1.16318,8.38631
5.9841,2.71517,3.8873,-1.16453,8.38572
6.0039,2.7177,3.88168,-1.16588,8.38514
6.0246,2.72023,3.87605,-1.16723,8.38458
6.0441,2.72275,3.87043,-1.16858,8.38403
6.0641,2.72526,3.86479,-1.16993,8.38349
6.084,2.72776,3.85916,-1.17124,8.38297
6.1039,2.73025,3.85353,-1.17255,8.38246
6.1242,2.73273,3.84789,-1.17387,8.38196
6.1438,2.73521,3.84225,-1.17518,8.38148
6.1645,2.73767,3.83661,-1.17649,8.381
6.184,2.74014,3.83096,-1.17782,8.38054
6.2041,2.74259,3.82531,-1.17915,8.38009
6.2242,2.74504,3.81965,-1.18048,8.37966
6.2444,2.74748,3.814,-1.18181,8.37924
6.2644,2.74992,3.80833,-1.18314,8.37883
6.2843,2.75234,3.80267,-1.18447,8.37843
6.304,2.75476,3.797,-1.1858,8.37804
6.324,2.75717,3.79133,-1.18712,8.37767
6.3441,2.75957,3.78566,-1.18845,8.37731
6.364,2.76197,3.77998,-1.18978,8.37696
6.3842,2.76436,3.7743,-1.19111,8.37663
6.4044,2.76674,3.76862,-1.19244,8.37631
6.4243,2.76911,3.76293,-1.19377,8.376
6.4447,2.77148,3.75724,-1.19509,8.3757
6.4648,2.77383,3.75154,-1.19642,8.37542
6.4839,2.77618,3.74585,-1.19775,8.37515
6.5038,2.77853,3.74015,-1.19908,8.37489
6.5246,2.78086,3.73445,-1.20041,8.37465
6.5442,2.78319,3.72874,-1.20174,8.37442
6.5641,2.78551,3.72303,-1.20306,8.3742
6.584,2.78782,3.71732,-1.20439,8.37399
6.604,2.79013,3.7116,-1.20572,8.37379
6.6241,2.79243,3.70589,-1.20705,8.37361
6.6443,2.79471,3.70017,-1.20838,8.37344
6.6642,2.797,3.69444,-1.20971,8.37329
6.6841,2.79927,3.68871,-1.21104,8.37314
6.7044,2.80154,3.68298,-1.21237,8.37301
6.7255,2.8038,3.67725,-1.2137,8.37289
6.7459,2.80605,3.67151,-1.21503,8.37279
6.7671,2.80829,3.66577,-1.21636,8.3727
6.7851,2.81053,3.66003,-1.21769,8.37262
6.805,2.81276,3.65429,-1.21902,8.37255
6.8259,2.81498,3.64854,-1.22035,8.37249
6.8454,2.81719,3.64279,-1.22168,8.37245
6.8656,2.8194,3.63703,-1.22301,8.37242
6.8849,2.8216,3.63128,-1.22434,8.37241
6.9052,2.82379,3.62552,-1.22567,8.3724
6.9251,2.82597,3.61975,-1.227,8.37241
6.9453,2.82815,3.61399,-1.22833,8.37244
6.9653,2.83031,3.60822,-1.22966,8.37247
6.9851,2.83247,3.60245,-1.23099,8.37252
7.0052,2.83462,3.59667,-1.23231,8.37258
7.0251,2.83677,3.5909,-1.23364,8.37265
7.0451,2.83891,3.58512,-1.23497,8.37274
7.0651,2.84103,3.57933,-1.2363,8.37283
7.085,2.84316,3.57355,-1.23763,8.37295
7.1059,2.84527,3.56776,-1.23896,8.37307
7.1264,2.84738,3.56197,-1.24029,8.37321
7.1466,2.84947,3.55618,-1.24162,8.37335
7.1664,2.85157,3.55038,-1.24295,8.37352
7.1859,2.85365,3.54458,-1.24428,8.37369
7.206,2.85572,3.53878,-1.24561,8.37388
7.2272,2.85779,3.53297,-1.24694,8.37408
7.2462,2.85985,3.52716,-1.24827,8.37429
7.2668,2.8619,3.52135,-1.2496,8.37452
7.2878,2.86395,3.51554,-1.25093,8.37476
7.3061,2.86598,3.50972,-1.25225,8.37501
7.3263,2.86801,3.5039,-1.25358,8.37527
7.346,2.87003,3.49808,-1.25491,8.37555
7.367,2.87205,3.49226,-1.25624,8.37584
7.3869,2.87405,3.48643,-1.25757,8.37614
7.4067,2.87605,3.4806,-1.2589,8.37645
7.4264,2.87804,3.47477,-1.26023,8.37678
7.4467,2.88002,3.46894,-1.26156,8.37712
7.4666,2.882,3.4631,-1.26289,8.37747
7.4901,2.88396,3.45726,-1.26422,8.37784
7.51,2.88592,3.45142,-1.26555,8.37821
7.5296,2.88787,3.44557,-1.26688,8.3786
7.5504,2.88982,3.43972,-1.26821,8.37901
7.5703,2.89175,3.43387,-1.26954,8.37942
7.59,2.89368,3.42802,-1.27087,8.37985
7.61,2.8956,3.42216,-1.27219,8.38029
7.6299,2.89751,3.41631,-1.27352,8.38075
7.6498,2.89942,3.41045,-1.27485,8.38121
7.671,2.90132,3.40458,-1.27618,8.38169
7.6907,2.9032,3.39872,-1.27751,8.38219
7.7097,2.90509,3.39285,-1.27884,8.38269
7.7298,2.90696,3.38698,-1.28017,8.38321
7.751,2.90883,3.3811,-1.2815,8.38374
7.7712,2.91068,3.37523,-1.28283,8.38428
7.7909,2.91253,3.36935,-1.28416,8.38484
7.8111,2.91438,3.36347,-1.28549,8.3854
7.8317,2.91621,3.35759,-1.28682,8.38599
7.8507,2.91804,3.3517,-1.28815,8.38658
7.8719,2.91985,3.34581,-1.28948,8.38718
7.8912,2.92167,3.33992,-1.29081,8.3878
7.9113,2.92347,3.33403,-1.29213,8.38843
7.9315,2.92526,3.32814,-1.29346,8.38908
7.951,2.92705,3.32224,-1.29479,8.38973
7.9716,2.92883,3.31634,-1.29612,8.3904
7.9928,2.9306,3.31044,-1.29745,8.39109
8.0122,2.93237,3.30453,-1.29878,8.39178
8.0322,2.93412,3.29863,-1.30011,8.39249
8.0523,2.93587,3.29272,-1.30144,8.39321
8.073,2.93761,3.28681,-1.30277,8.39394
8.0924,2.93934,3.28089,-1.3041,8.39468
8.1121,2.94107,3.27498,-1.30543,8.39544
8.1321,2.94279,3.26906,-1.30676,8.39621
8.1528,2.94449,3.26314,-1.30809,8.39699
8.1722,2.94619,3.25721,-1.30942,8.39779
8.193,2.94789,3.25129,-1.31075,8.3986
8.2122,2.94957,3.24536,-1.31207,8.39942
8.232,2.95125,3.23943,-1.3134,8.40025
8.252,2.95292,3.2335,-1.31473,8.40109
8.273,2.95458,3.22757,-1.31606,8.40195
8.2957,2.95624,3.22163,-1.31741,8.40282
8.3148,2.95789,3.21569,-1.31876,8.4037
8.3348,2.95953,3.20974,-1.32011,8.4046
8.3551,2.96116,3.2038,-1.32146,8.4055
8.375,2.96278,3.19785,-1.32281,8.40642
8.3947,2.96439,3.1919,-1.32413,8.40736
8.4152,2.966,3.18595,-1.32546,8.4083
8.4345,2.9676,3.18,-1.32679,8.40926
8.4547,2.96919,3.17405,-1.32812,8.41023
8.4751,2.97077,3.16809,-1.32945,8.41122
8.4953,2.97234,3.16214,-1.33076,8.41221
8.5149,2.97391,3.15618,-1.33208,8.41322
8.5348,2.97546,3.15022,-1.33339,8.41424
8.5554,2.97701,3.14426,-1.3347,8.41528
8.5748,2.97855,3.13829,-1.33601,8.41633
8.5947,2.98009,3.13232,-1.33734,8.41738
8.6146,2.98161,3.12635,-1.33867,8.41845
8.6349,2.98313,3.12038,-1.34,8.41954
8.6549,2.98464,3.11441,-1.34133,8.42063
8.6754,2.98615,3.10843,-1.34266,8.42174
8.6949,2.98764,3.10245,-1.34399,8.42286
8.7146,2.98913,3.09647,-1.34532,8.42399
8.7347,2.99061,3.09049,-1.34664,8.42514
8.7552,2.99208,3.08451,-1.34797,8.42629
8.7747,2.99354,3.07852,-1.3493,8.42746
8.7946,2.995,3.07253,-1.35063,8.42864
8.8154,2.99645,3.06654,-1.35196,8.42984
8.8352,2.99789,3.06055,-1.35329,8.43105
8.856,2.99932,3.05456,-1.35462,8.43226
8.8755,3.00074,3.04856,-1.35594,8.4335
8.8977,3.00216,3.04257,-1.35728,8.43474
8.9172,3.00356,3.03657,-1.35861,8.436
8.937,3.00496,3.03057,-1.35994,8.43726
8.9572,3.00636,3.02456,-1.36127,8.43855
8.9773,3.00774,3.01856,-1.3626,8.43984
8.9971,3.00912,3.01255,-1.36393,8.44114
9.017,3.01048,3.00654,-1.36526,8.44246
9.0369,3.01184,3.00053,-1.36659,8.44379
9.0569,3.0132,2.99452,-1.36792,8.44513
9.0772,3.01454,2.9885,-1.36925,8.44649
9.0972,3.01588,2.98249,-1.37058,8.44785
9.1168,3.0172,2.97647,-1.37191,8.44923
9.1371,3.01852,2.97045,-1.37324,8.45063
9.1569,3.01983,2.96443,-1.37456,8.45203
9.1769,3.02114,2.95841,-1.37589,8.45344
9.1969,3.02243,2.95238,-1.37722,8.45487
9.2171,3.02372,2.94636,-1.37855,8.45631
9.237,3.025,2.94033,-1.37988,8.45777
9.2569,3.02627,2.9343,-1.38121,8.45923
9.2778,3.02754,2.92827,-1.38254,8.46071
9.2971,3.02879,2.92223,-1.38387,8.4622
9.3176,3.03004,2.9162,-1.3852,8.4637
9.337,3.03128,2.91016,-1.38653,8.46521
9.357,3.03251,2.90413,-1.38786,8.46674
9.3771,3.03374,2.89809,-1.38919,8.46827
9.397,3.03495,2.89204,-1.39052,8.46982
9.417,3.03616,2.886,-1.39185,8.47138
9.4371,3.03736,2.87996,-1.39318,8.47296
9.458,3.03855,2.87391,-1.39451,8.47455
9.4772,3.03973,2.86786,-1.39583,8.47614
9.4983,3.04091,2.86181,-1.39716,8.47775
9.5186,3.04208,2.85576,-1.39849,8.47938
9.5387,3.04323,2.84971,-1.39982,8.48101
9.559,3.04439,2.84366,-1.40115,8.48266
9.5783,3.04553,2.8376,-1.40248,8.48432
9.5986,3.04666,2.83155,-1.40381,8.48599
9.6189,3.04779,2.82549,-1.40514,8.48767
9.6385,3.04891,2.81943,-1.40647,8.48936
9.6586,3.05002,2.81337,-1.4078,8.49107
9.6797,3.05112,2.8073,-1.40913,8.49279
9.6983,3.05193,2.80185,-1.4081,8.4945
9.7185,3.05271,2.79648,-1.40678,8.49621
9.7386,3.0535,2.79109,-1.40553,8.49792
9.7585,3.0543,2.7857,-1.40429,8.49962
9.7789,3.05511,2.78031,-1.40305,8.50132
9.799,3.05577,2.7749,-1.39992,8.50315
9.819,3.05645,2.76949,-1.39671,8.50499
9.8386,3.05714,2.76409,-1.39349,8.5068
9.8588,3.05785,2.75868,-1.39028,8.50861
9.8788,3.05858,2.75328,-1.38706,8.5104
9.8985,3.05933,2.74788,-1.38385,8.51218
9.9184,3.06009,2.74248,-1.38063,8.51394
9.9385,3.06087,2.73708,-1.37742,8.51569
9.9585,3.06167,2.73169,-1.3742,8.51743
9.9791,3.06248,2.7263,-1.37099,8.51915
10.0004,3.06332,2.72091,-1.36778,8.52086
10.0205,3.06417,2.71553,-1.36456,8.52256
10.0402,3.06503,2.71014,-1.36135,8.52424
10.0609,3.06592,2.70476,-1.35813,8.52591
10.0805,3.06682,2.69939,-1.35492,8.52757
10.1006,3.06774,2.69401,-1.3517,8.52921
10.1205,3.06867,2.68864,-1.34849,8.53084
10.1407,3.06963,2.68327,-1.34527,8.53246
10.1605,3.0706,2.67791,-1.34206,8.53406
10.1813,3.07159,2.67255,-1.33884,8.53565
10.2007,3.07259,2.66719,-1.33563,8.53722
10.2205,3.07361,2.66183,-1.33242,8.53878
10.2414,3.07465,2.65648,-1.3292,8.54033
10.2609,3.07571,2.65113,-1.32599,8.54186
10.2809,3.07678,2.64579,-1.32277,8.54338
10.3004,3.07787,2.64044,-1.31956,8.54489
10.3208,3.07898,2.63511,-1.31634,8.54638
10.3408,3.08011,2.62977,-1.31313,8.54786
10.3611,3.08125,2.62444,-1.30991,8.54933
10.3819,3.08241,2.61911,-1.3067,8.55078
10.4008,3.08359,2.61379,-1.30349,8.55222
10.4206,3.08478,2.60847,-1.30027,8.55365
10.4404,3.08599,2.60315,-1.29706,8.55506
10.4611,3.08722,2.59784,-1.29384,8.55645
10.481,3.08846,2.59253,-1.29063,8.55784
10.5003,3.08973,2.58723,-1.28741,8.55921
10.5207,3.09101,2.58193,-1.2842,8.56057
10.5405,3.0923,2.57663,-1.28098,8.56191
10.561,3.09362,2.57134,-1.27777,8.56324
10.5811,3.09495,2.56606,-1.27456,8.56455
10.6007,3.09598,2.5622,-1.2733,8.56545
10.6206,3.09706,2.55849,-1.27255,8.56625
10.6408,3.09812,2.5549,-1.27176,8.56701
10.6602,3.09919,2.55122,-1.27096,8.56781
10.6816,3.10026,2.54753,-1.27016,8.56861
10.7002,3.10093,2.54527,-1.27009,8.5691
10.7214,3.10159,2.54312,-1.27009,8.56953
10.7403,3.10225,2.54107,-1.2701,8.56992
10.7612,3.10291,2.53893,-1.2701,8.57035
10.7805,3.10358,2.53678,-1.2701,8.57078
10.8007,3.10378,2.53605,-1.27013,8.57095
10.8205,3.10397,2.53543,-1.27013,8.57107
10.8412,3.10415,2.53491,-1.2701,8.57117
10.8612,3.10434,2.53429,-1.2701,8.57129
10.8826,3.10453,2.53367,-1.2701,8.57141
10.9011,3.105,2.53189,-1.26837,8.57184
10.9211,3.10545,2.52967,-1.26544,8.5725
10.9409,3.1059,2.52745,-1.26247,8.57316
10.9609,3.10635,2.52524,-1.25947,8.57382
10.9818,3.1068,2.52303,-1.25644,8.57447
11.0003,3.10721,2.52042,-1.25098,8.57535
11.0205,3.10761,2.51773,-1.24515,8.57628
11.0409,3.10802,2.51505,-1.23931,8.57719
11.061,3.10845,2.51237,-1.23349,8.57809
11.0817,3.10889,2.5097,-1.22771,8.57898
11.1012,3.10923,2.50688,-1.21971,8.58003
11.1205,3.10958,2.50404,-1.21162,8.58107
11.1412,3.10995,2.50122,-1.20359,8.58209
11.161,3.11034,2.49842,-1.19562,8.58309
11.1809,3.11076,2.49563,-1.18773,8.58405
11.2012,3.11106,2.49271,-1.17749,8.58519
11.2214,3.11138,2.48979,-1.1672,8.5863
11.2402,3.11173,2.48687,-1.15692,8.58739
11.2608,3.11211,2.48395,-1.14663,8.58846
11.281,3.11252,2.48104,-1.13635,8.58949
11.3008,3.11279,2.47805,-1.12362,8.59069
11.3231,3.11309,2.47505,-1.11077,8.59187
11.3438,3.11342,2.47206,-1.09791,8.59301
11.3634,3.11379,2.46907,-1.08505,8.59412
11.3838,3.1142,2.46609,-1.07219,8.5952
11.4052,3.11447,2.46305,-1.05689,8.59643
11.4243,3.11477,2.46,-1.04147,8.59763
11.4452,3.11511,2.45697,-1.02604,8.5988
11.4656,3.1155,2.45394,-1.01061,8.59991
11.4846,3.11594,2.45091,-0.99518,8.60099
11.5044,3.11625,2.4478,-0.97731,8.60221
11.5246,3.11661,2.44469,-0.95931,8.6034
11.5447,3.11703,2.44159,-0.94131,8.60454
11.5652,3.1175,2.43849,-0.92331,8.60562
11.5854,3.11802,2.43541,-0.9053,8.60666
11.6047,3.11848,2.43222,-0.88519,8.6078
11.6259,3.11899,2.42904,-0.865,8.60889
11.6458,3.11956,2.42587,-0.84481,8.60993
11.6658,3.1202,2.42271,-0.82462,8.6109
11.6857,3.12091,2.41956,-0.80443,8.61181
11.7064,3.12168,2.41643,-0.78429,8.61265
11.7269,3.12253,2.41331,-0.76417,8.61343
11.7469,3.12343,2.41021,-0.74404,8.61415
11.7666,3.12439,2.40713,-0.72391,8.61481
11.7874,3.12542,2.40407,-0.70379,8.6154
11.8081,3.12653,2.40102,-0.68375,8.61592
11.8276,3.12769,2.398,-0.66373,8.61637
11.8482,3.12892,2.395,-0.64371,8.61677
11.8675,3.13021,2.39203,-0.62369,8.61709
11.8881,3.13155,2.38908,-0.60366,8.61736
11.9078,3.13298,2.38616,-0.58376,8.61754
11.9279,3.13447,2.38327,-0.56389,8.61766
11.9476,3.13602,2.38041,-0.54403,8.61771
11.9679,3.13762,2.37757,-0.52416,8.6177
11.9888,3.13928,2.37478,-0.50429,8.61762
12.0074,3.14102,2.37201,-0.48456,8.61746
12.0281,3.14283,2.36928,-0.46489,8.61723
12.0475,3.14468,2.36658,-0.44521,8.61694
12.0678,3.14659,2.36393,-0.42554,8.61658
12.0889,3.14855,2.36131,-0.40586,8.61616
12.1092,3.15059,2.35873,-0.38635,8.61565
12.1287,3.1527,2.35619,-0.36692,8.61507
12.1492,3.15485,2.35369,-0.34749,8.61443
12.1689,3.15706,2.35124,-0.32805,8.61372
12.1901,3.1593,2.34883,-0.30862,8.61295
12.209,3.16163,2.34647,-0.28936,8.6121
12.2291,3.16402,2.34415,-0.27021,8.61116
12.2488,3.16645,2.34189,-0.25106,8.61017
12.2699,3.16893,2.33967,-0.23191,8.60911
12.2891,3.17145,2.3375,-0.21276,8.608
12.3087,3.17404,2.33538,-0.19379,8.6068
12.3289,3.17669,2.33332,-0.17496,8.60551
12.3488,3.17938,2.33132,-0.15612,8.60417
12.3686,3.18211,2.32936,-0.13729,8.60277
12.3889,3.18488,2.32746,-0.11846,8.60132
12.4098,3.18771,2.32561,-0.09981,8.59978
12.4315,3.1906,2.32384,-0.08134,8.59815
12.4501,3.19352,2.32211,-0.06287,8.59647
12.4706,3.19648,2.32045,-0.0444,8.59474
12.4908,3.19947,2.31883,-0.02593,8.59295
12.5101,3.20252,2.31729,-0.00765,8.59108
12.5301,3.20562,2.31582,0.01041,8.58912
12.5512,3.20876,2.31441,0.02847,8.5871
12.5713,3.21192,2.31305,0.04652,8.58504
12.591,3.21511,2.31176,0.06458,8.58293
12.6113,3.21834,2.31053,0.08244,8.58074
12.6322,3.22164,2.30939,0.10002,8.57845
12.6514,3.22496,2.30832,0.11759,8.57611
12.6717,3.2283,2.30729,0.13516,8.57373
12.6924,3.23166,2.30633,0.15273,8.57131
12.7118,3.23506,2.30545,0.17008,8.56881
12.7319,3.23853,2.30467,0.18711,8.5662
12.7518,3.24201,2.30394,0.2041,8.56355
12.7716,3.2455,2.30328,0.22109,8.56086
12.792,3.24901,2.30268,0.23808,8.55813
12.8112,3.25255,2.30216,0.25484,8.55533
12.8313,3.25616,2.30175,0.27121,8.55242
12.8516,3.25978,2.3014,0.28749,8.54946
12.8713,3.26341,2.30112,0.30377,8.54647
12.8921,3.26704,2.30089,0.32005,8.54344
12.9114,3.2707,2.30076,0.33609,8.54034
12.932,3.27442,2.30074,0.35168,8.53714
12.952,3.27817,2.30081,0.36704,8.53387
12.9713,3.28192,2.30094,0.38239,8.53057
12.9918,3.28566,2.30112,0.39775,8.52724
13.0117,3.28943,2.3014,0.41286,8.52385
13.0319,3.29325,2.3018,0.4275,8.52035
13.0516,3.29711,2.30231,0.44166,8.51676
13.0722,3.30101,2.30295,0.45535,8.51306
13.0923,3.30495,2.30371,0.46862,8.50928
13.1117,3.30982,2.3051,0.48131,8.50438
13.132,3.31492,2.3067,0.49326,8.49917
13.1526,3.32004,2.30843,0.50472,8.49387
13.1713,3.32519,2.31028,0.51577,8.48849
13.1917,3.33035,2.31219,0.52674,8.48308
13.2117,3.33583,2.31448,0.53649,8.47719
13.2318,3.34133,2.31684,0.54589,8.47125
13.2513,3.34682,2.31927,0.55524,8.46528
13.2724,3.35232,2.32175,0.56455,8.45929
13.2919,3.35782,2.32428,0.5738,8.45326
13.3115,3.36325,2.32706,0.58136,8.44717
13.3315,3.36868,2.32989,0.58836,8.44106
13.3516,3.37409,2.33276,0.59488,8.43494
13.3714,3.3795,2.33567,0.60123,8.42881
13.3925,3.38489,2.33861,0.60755,8.42267
13.4128,3.39005,2.34179,0.61161,8.4166
13.4329,3.39519,2.34499,0.61509,8.41055
13.4523,3.40033,2.34824,0.6184,8.40448
13.4728,3.40544,2.35151,0.62163,8.39841
13.4925,3.41053,2.3548,0.6248,8.39235
13.5124,3.4154,2.35824,0.62536,8.38642
13.5326,3.42024,2.3617,0.62572,8.38049
13.5529,3.42507,2.36516,0.62608,8.37457
13.5728,3.42991,2.36863,0.62645,8.36864
13.5928,3.43475,2.37209,0.62681,8.36272
13.6132,3.43947,2.3754,0.62802,8.35697
13.6327,3.4442,2.37872,0.62914,8.35121
13.6528,3.44892,2.38205,0.63025,8.34546
13.6725,3.45364,2.38538,0.63135,8.3397
13.693,3.45836,2.38872,0.63246,8.33394
13.7126,3.46251,2.3919,0.63106,8.32876
13.733,3.46661,2.39505,0.62957,8.32362
13.7527,3.47073,2.39819,0.62811,8.31848
13.7726,3.47485,2.40132,0.62664,8.31334
13.7932,3.47898,2.40445,0.62517,8.3082
13.8127,3.48293,2.40768,0.62126,8.30316
13.8338,3.48687,2.41089,0.61722,8.29813
13.8539,3.49083,2.41409,0.61318,8.2931
13.8739,3.4948,2.41728,0.60915,8.28806
13.8945,3.49879,2.42045,0.60511,8.28302
13.9152,3.50262,2.42371,0.59862,8.27807
13.9348,3.50646,2.42696,0.59201,8.27311
13.955,3.51032,2.43019,0.5854,8.26816
13.9757,3.5142,2.43339,0.57879,8.26319
13.9955,3.5181,2.43656,0.57218,8.25822
14.0149,3.52186,2.43983,0.56315,8.25332
14.0353,3.52564,2.44307,0.554,8.24843
14.0557,3.52945,2.44628,0.54484,8.24352
14.0747,3.53329,2.44945,0.53569,8.2386
14.0959,3.53716,2.45259,0.52653,8.23368
14.1151,3.5409,2.45582,0.51493,8.22882
14.1348,3.54466,2.45902,0.5032,8.22396
14.1551,3.54846,2.46217,0.49148,8.21909
14.1748,3.5523,2.46528,0.47975,8.21421
14.1952,3.55618,2.46834,0.46802,8.20932
14.2148,3.55995,2.4715,0.45383,8.20447
14.2349,3.56375,2.47461,0.43951,8.19962
14.2554,3.5676,2.47768,0.42518,8.19475
14.275,3.57149,2.48068,0.41086,8.18988
14.2952,3.57542,2.48363,0.39653,8.18499
14.3149,3.57929,2.48669,0.37979,8.18012
14.3348,3.5832,2.48968,0.36292,8.17523
14.355,3.58716,2.49262,0.34605,8.17033
14.3749,3.59116,2.49548,0.32918,8.16543
14.395,3.59522,2.49828,0.31231,8.16052
14.415,3.59927,2.50109,0.29427,8.1556
14.4347,3.60338,2.50383,0.2762,8.15068
14.4551,3.60753,2.5065,0.25814,8.14575
14.4746,3.61173,2.50909,0.24007,8.14081
14.4949,3.61597,2.5116,0.22201,8.13588
14.5149,3.62027,2.51403,0.20398,8.13094
14.5349,3.62461,2.51639,0.18595,8.12601
14.555,3.62899,2.51867,0.16792,8.12108
14.5747,3.63341,2.52087,0.14989,8.11615
14.595,3.63787,2.52299,0.13186,8.11123
14.6148,3.64239,2.52502,0.11398,8.1063
14.6349,3.64696,2.52696,0.09619,8.10137
14.6555,3.65157,2.52882,0.0784,8.09645
14.6747,3.65621,2.5306,0.0606,8.09155
14.695,3.66088,2.5323,0.04281,8.08666
14.7149,3.6656,2.5339,0.02519,8.08177
14.735,3.6704,2.53539,0.00788,8.07687
14.7548,3.67524,2.5368,-0.00936,8.07198
14.7747,3.68011,2.53812,-0.02659,8.06711
14.7953,3.68499,2.53935,-0.04382,8.06227
14.8147,3.68993,2.54049,-0.06087,8.05744
14.8348,3.69493,2.5415,-0.07757,8.0526
14.8549,3.7,2.54241,-0.09395,8.04776
14.8749,3.70509,2.54323,-0.1103,8.04296
14.8953,3.71019,2.54397,-0.12664,8.03818
14.9149,3.71533,2.5446,-0.14279,8.03342
14.935,3.72054,2.54511,-0.15855,8.02867
14.955,3.7258,2.5455,-0.17397,8.02393
14.9749,3.73108,2.54581,-0.18933,8.01922
14.9958,3.73636,2.54603,-0.2047,8.01455
15.0148,3.74191,2.54607,-0.21948,8.00974
15.0348,3.74753,2.54597,-0.23382,8.00495
15.0555,3.7532,2.54575,-0.24774,8.00017
15.0746,3.75893,2.5454,-0.26125,7.99541
15.0959,3.7647,2.54492,-0.27432,7.99068
15.1164,3.7705,2.54434,-0.28672,7.98598
15.1349,3.77629,2.54363,-0.29835,7.98136
15.1549,3.78208,2.54277,-0.30935,7.97681
15.1749,3.78788,2.54178,-0.31976,7.97232
15.1949,3.79368,2.54071,-0.32998,7.96787
15.2147,3.79947,2.53957,-0.33971,7.96347
15.235,3.80526,2.53834,-0.34857,7.95912
15.2561,3.81104,2.53699,-0.35679,7.95484
15.2759,3.81678,2.53556,-0.36479,7.95063
15.2968,3.82251,2.53409,-0.37277,7.94646
15.3159,3.82813,2.53248,-0.3797,7.94245
15.3361,3.83375,2.53083,-0.38622,7.93848
15.3561,3.83937,2.52912,-0.39234,7.93453
15.3761,3.84498,2.52737,-0.39819,7.93061
15.3962,3.85059,2.52558,-0.40394,7.92672
15.416,3.85603,2.52357,-0.40739,7.92309
15.4362,3.86145,2.52151,-0.41035,7.9195
15.4563,3.86686,2.51942,-0.41311,7.91594
15.4759,3.87227,2.5173,-0.41576,7.9124
15.4959,3.87765,2.51516,-0.41834,7.90889
15.516,3.8829,2.51284,-0.41841,7.9056
15.537,3.88813,2.51051,-0.41835,7.90233
15.5569,3.89337,2.50818,-0.41828,7.89906
15.577,3.8986,2.50584,-0.41822,7.89579
15.5976,3.90384,2.50351,-0.41815,7.89252
15.6171,3.9077,2.50161,-0.4157,7.89021
15.6374,3.91142,2.49969,-0.41255,7.88803
15.6571,3.91502,2.49786,-0.40969,7.88591
15.6771,3.91871,2.49602,-0.40702,7.88371
15.6971,3.9224,2.4942,-0.40436,7.88151
15.717,3.92554,2.49241,-0.39889,7.87976
15.7373,3.92858,2.49066,-0.39358,7.87808
15.7571,3.93163,2.48894,-0.38838,7.87637
15.7769,3.9347,2.48724,-0.38317,7.87465
15.7972,3.93777,2.48555,-0.37796,7.87291
15.817,3.94072,2.48373,-0.3703,7.87134
15.8372,3.94367,2.48192,-0.36249,7.86978
15.8571,3.94663,2.48013,-0.35469,7.86819
15.877,3.94961,2.47836,-0.34688,7.86658
15.8972,3.9526,2.47662,-0.33908,7.86495
15.9168,3.95551,2.47473,-0.32886,7.86346
15.9369,3.95843,2.47286,-0.31851,7.86196
15.957,3.96137,2.47102,-0.30816,7.86042
15.9772,3.96432,2.46921,-0.29781,7.85886
15.9973,3.9673,2.46744,-0.28746,7.85726
16.0171,3.97026,2.4655,-0.27466,7.85576
16.0377,3.97325,2.46358,-0.26172,7.85423
16.0582,3.97626,2.4617,-0.24877,7.85266
16.0783,3.9793,2.45987,-0.23582,7.85105
16.0993,3.98236,2.45807,-0.22287,7.8494
16.1181,3.98545,2.45611,-0.20751,7.8478
16.1387,3.98858,2.45419,-0.19199,7.84616
16.158,3.99173,2.45231,-0.17647,7.84448
16.1783,3.99492,2.45048,-0.16096,7.84274
16.1981,3.99813,2.44871,-0.14544,7.84096
16.2193,4.00142,2.44697,-0.12982,7.83909
16.2384,4.00473,2.44528,-0.11422,7.83718
16.2584,4.00807,2.44364,-0.09862,7.83522
16.2783,4.01143,2.44205,-0.08301,7.83321
16.2986,4.01482,2.44052,-0.06741,7.83115
16.3184,4.01826,2.43905,-0.05196,7.82902
16.3386,4.02173,2.43764,-0.03659,7.82683
16.3585,4.02522,2.43629,-0.02121,7.82459
16.3783,4.02873,2.43499,-0.00583,7.82231
16.398,4.03226,2.43374,0.00955,7.81999
16.4181,4.03584,2.43256,0.02473,7.81758
16.4393,4.03948,2.43146,0.03966,7.81509
16.4582,4.04314,2.43041,0.05457,7.81256
16.4779,4.04681,2.42942,0.06949,7.80998
16.4985,4.05049,2.42849,0.0844,7.80737
16.5196,4.05422,2.42762,0.09911,7.80468
16.5398,4.05802,2.42686,0.11342,7.80188
16.5601,4.06188,2.42617,0.12744,7.79899
16.5795,4.06574,2.42554,0.14145,7.79606
16.5995,4.06961,2.42496,0.15547,7.7931
16.6199,4.07357,2.42449,0.16897,7.79001
16.6395,4.07759,2.42412,0.18204,7.78682
16.6603,4.08167,2.42385,0.19468,7.78352
16.6798,4.08582,2.42368,0.20688,7.78011
16.6996,4.09002,2.4236,0.21868,7.7766
16.7197,4.09526,2.4239,0.23011,7.77202
16.7401,4.10084,2.42435,0.24069,7.76708
16.7599,4.10645,2.4249,0.25089,7.76205
16.7793,4.11211,2.42555,0.2607,7.75694
16.8,4.1178,2.42631,0.27013,7.75173
16.8197,4.12369,2.42727,0.2782,7.74625
16.8406,4.12958,2.42835,0.28558,7.74071
16.8598,4.13551,2.42952,0.29252,7.73508
16.8794,4.14146,2.43076,0.29921,7.7294
16.9006,4.1474,2.43205,0.30588,7.7237
16.9194,4.15329,2.43345,0.31137,7.71799
16.9404,4.15916,2.4349,0.31651,7.71227
16.9603,4.16503,2.43639,0.3213,7.70652
16.9801,4.17089,2.43792,0.32591,7.70076
16.9995,4.17676,2.4395,0.33039,7.69498
17.0193,4.18251,2.44129,0.33245,7.68917
17.0392,4.18825,2.44312,0.3341,7.68335
17.0598,4.19398,2.44497,0.33563,7.67753
17.0795,4.1997,2.44685,0.3371,7.67171
17.1002,4.20542,2.44873,0.33857,7.66588
17.1196,4.21101,2.45068,0.33877,7.66012
17.1398,4.21661,2.45264,0.33893,7.65436
17.16,4.2222,2.45459,0.3391,7.6486
17.1799,4.22779,2.45655,0.33927,7.64283
17.1998,4.23338,2.45851,0.33943,7.63707
17.2195,4.23758,2.46001,0.33888,7.63274
17.2394,4.24165,2.46149,0.33826,7.62851
17.2594,4.24563,2.46296,0.33773,7.62438
17.2798,4.24969,2.46445,0.33699,7.62016
17.2999,4.25375,2.46593,0.33625,7.61594
17.3204,4.25642,2.4669,0.3355,7.61317
17.3398,4.25898,2.46785,0.33477,7.61051
17.3597,4.26145,2.46878,0.33419,7.60793
17.3799,4.264,2.46972,0.33352,7.60527
17.4001,4.26656,2.47067,0.33281,7.60261
17.4197,4.27027,2.47192,0.33438,7.59881
17.4396,4.27441,2.47316,0.33676,7.59467
17.4598,4.27854,2.47441,0.33911,7.59052
17.4797,4.28267,2.47566,0.34146,7.58637
17.4997,4.28679,2.47693,0.34379,7.58222
17.5194,4.29191,2.47862,0.34632,7.57701
17.5397,4.29729,2.48037,0.34857,7.57154
17.5595,4.30268,2.48214,0.35083,7.56606
17.5794,4.30806,2.48392,0.35308,7.56058
17.5997,4.31344,2.48571,0.35533,7.55509
17.6203,4.31887,2.4876,0.35693,7.54951
17.6395,4.3243,2.48949,0.3585,7.54392
17.6594,4.32973,2.49139,0.36007,7.53833
17.6798,4.33516,2.4933,0.36163,7.53274
17.6998,4.34058,2.49522,0.3632,7.52715
17.7207,4.34533,2.49713,0.36188,7.52213
17.7411,4.35,2.49903,0.36035,7.51717
17.7606,4.35468,2.50092,0.35883,7.51222
17.781,4.35936,2.50281,0.35731,7.50727
17.8018,4.36405,2.50469,0.35579,7.50232
17.8205,4.36857,2.5067,0.35171,7.49743
17.8413,4.37307,2.50871,0.34746,7.49256
17.8613,4.37759,2.5107,0.34322,7.48769
17.8813,4.38212,2.51268,0.339,7.48282
17.9014,4.38666,2.51463,0.33481,7.47795
17.921,4.39116,2.51675,0.32811,7.47302
17.9415,4.39569,2.51886,0.3213,7.46807
17.9628,4.40024,2.52094,0.31456,7.46312
17.9817,4.40482,2.52298,0.30791,7.45817
18.0018,4.40943,2.52499,0.30136,7.45321
18.0224,4.41403,2.52716,0.29239,7.44817
18.0432,4.41865,2.5293,0.28328,7.44314
18.0618,4.42328,2.5314,0.27417,7.43811
18.0819,4.42793,2.53346,0.26506,7.43309
18.1017,4.4326,2.53547,0.25595,7.42808
18.1223,4.43809,2.53772,0.2464,7.42226
18.1425,4.44379,2.53995,0.23695,7.41627
18.162,4.44958,2.54211,0.22788,7.41024
18.1814,4.45544,2.54418,0.21913,7.4042
18.202,4.46134,2.54619,0.21044,7.39817
18.2224,4.46723,2.54816,0.20163,7.39217
18.2416,4.47313,2.55007,0.19282,7.38618
18.2614,4.47905,2.55193,0.18401,7.38021
18.283,4.48499,2.55374,0.1752,7.37425
18.3025,4.49094,2.5555,0.16639,7.36831
18.323,4.49695,2.5572,0.1578,7.36235
18.3431,4.50304,2.55884,0.1496,7.35636
18.3627,4.5092,2.5604,0.14176,7.35036
18.3829,4.51538,2.5619,0.134,7.34438
18.4029,4.52158,2.56335,0.12624,7.3384
18.4229,4.5277,2.56467,0.11948,7.33257
18.4424,4.53382,2.56589,0.11353,7.32678
18.4656,4.53997,2.56702,0.10819,7.32103
18.4845,4.54615,2.5681,0.103,7.31528
18.5039,4.55233,2.56915,0.09781,7.30954
18.5237,4.5585,2.57002,0.09442,7.30391
18.5436,4.56468,2.57082,0.09173,7.29831
18.5642,4.57087,2.5716,0.08911,7.29273
18.584,4.57705,2.57236,0.08649,7.28715
18.605,4.58324,2.5731,0.08388,7.28159
18.6239,4.58939,2.57375,0.0822,7.27611
18.6439,4.59554,2.57437,0.08075,7.27064
18.6637,4.60169,2.57498,0.07929,7.26518
18.684,4.60784,2.57559,0.07784,7.25972
18.7044,4.614,2.57618,0.07639,7.25427
18.725,4.62013,2.57675,0.07507,7.24885
18.7449,4.62626,2.57732,0.07379,7.24344
18.7654,4.63239,2.57787,0.0725,7.23804
18.7854,4.63852,2.57842,0.07121,7.23263
18.8058,4.64465,2.57896,0.06992,7.22724
18.8247,4.65078,2.57949,0.06866,7.22185
18.8449,4.65691,2.58001,0.0674,7.21647
18.8651,4.66304,2.58052,0.06614,7.2111
18.8852,4.66917,2.58102,0.06488,7.20572
18.905,4.6753,2.58152,0.06362,7.20036
18.9269,4.68144,2.58201,0.06234,7.195
18.9462,4.68757,2.5825,0.06106,7.18964
18.966,4.69371,2.58297,0.05979,7.18428
18.9862,4.69984,2.58344,0.05851,7.17894
19.006,4.70598,2.5839,0.05724,7.17359
19.0264,4.71094,2.58412,0.05799,7.16936
19.0465,4.71571,2.58428,0.05948,7.16531
19.0667,4.72052,2.58446,0.0608,7.16124
19.0864,4.72532,2.58465,0.0621,7.15715
19.1067,4.73013,2.58485,0.06339,7.15306
19.1261,4.73489,2.58486,0.06708,7.14912
19.1463,4.73965,2.58487,0.07095,7.14518
19.1664,4.7444,2.5849,0.07481,7.14122
19.1864,4.74916,2.58495,0.07868,7.13727
19.206,4.75391,2.58502,0.08255,7.1333
19.2264,4.75852,2.58491,0.08878,7.12955
19.2459,4.7631,2.5848,0.09522,7.12583
19.2663,4.76769,2.58473,0.10166,7.12208
19.2864,4.77227,2.58468,0.1081,7.11832
19.3062,4.77685,2.58466,0.11453,7.11455
19.326,4.78136,2.58448,0.12336,7.11093
19.3468,4.78586,2.58431,0.13237,7.10731
19.3684,4.79036,2.58419,0.14138,7.10367
19.3879,4.79486,2.58411,0.15039,7.10001
19.4083,4.79936,2.58407,0.1594,7.09632
19.4284,4.80382,2.58399,0.1693,7.09268
19.4483,4.80829,2.58395,0.17922,7.08902
19.468,4.81275,2.58396,0.18913,7.08534
19.4891,4.81721,2.58402,0.19904,7.08163
19.5085,4.82168,2.58411,0.20895,7.0779
19.5281,4.8261,2.58422,0.21915,7.0742
19.5483,4.83052,2.58438,0.22935,7.07047
19.5686,4.83494,2.58458,0.23955,7.06672
19.588,4.83936,2.58482,0.24975,7.06295
19.6082,4.84377,2.58511,0.25995,7.05915
19.6281,4.84814,2.5854,0.27053,7.0554
19.6479,4.8525,2.58574,0.28111,7.05162
19.6681,4.85685,2.58612,0.29168,7.04782
19.6891,4.8612,2.58655,0.30226,7.044
19.7082,4.86555,2.58702,0.31284,7.04016
19.7282,4.86984,2.5875,0.32381,7.03637
19.7482,4.87412,2.58801,0.33479,7.03255
19.7681,4.8784,2.58858,0.34576,7.02871
19.7882,4.88268,2.58919,0.35673,7.02485
19.8084,4.88694,2.58985,0.36771,7.02098
19.8288,4.89117,2.59052,0.37896,7.01712
19.8484,4.89539,2.59124,0.3902,7.01325
19.8691,4.8996,2.592,0.40145,7.00936
19.8884,4.9038,2.59282,0.4127,7.00545
19.9084,4.908,2.59368,0.42395,7.00152
19.9284,4.91214,2.59454,0.43552,6.99762
19.9485,4.91628,2.59545,0.4471,6.99371
19.9682,4.9204,2.5964,0.45868,6.98978
19.9885,4.92452,2.59741,0.47026,6.98583
20.0082,4.92862,2.59846,0.48184,6.98187
20.0282,4.93273,2.59958,0.49325,6.97786
20.0486,4.93682,2.60076,0.50464,6.97383
20.0682,4.94091,2.60198,0.51603,6.96979
20.0885,4.94497,2.60324,0.52741,6.96573
20.1102,4.94903,2.60456,0.5388,6.96166
20.1296,4.95309,2.60595,0.54992,6.95753
20.1496,4.95717,2.60745,0.56068,6.95333
20.1696,4.96123,2.609,0.57143,6.94911
20.1898,4.96528,2.61058,0.58218,6.94489
20.21,4.96931,2.61221,0.59294,6.94065
20.2292,4.97335,2.61392,0.60348,6.93637
20.2496,4.97737,2.61568,0.61394,6.93206
20.2695,4.98138,2.61748,0.6244,6.92775
20.2897,4.98537,2.61933,0.63485,6.92342
20.3099,4.98934,2.62122,0.64531,6.91909
20.3292,4.9933,2.62315,0.65573,6.91474
20.3499,4.99726,2.62514,0.66607,6.91035
20.3696,5.00122,2.62717,0.67636,6.90595
20.3908,5.00515,2.62925,0.68665,6.90153
20.4095,5.00907,2.63136,0.69694,6.89712
20.4295,5.01297,2.63353,0.70719,6.89268
20.4495,5.01687,2.63574,0.71738,6.88821
20.4696,5.02077,2.638,0.72748,6.88372
20.4907,5.02467,2.64032,0.73752,6.8792
20.5098,5.02858,2.64268,0.74747,6.87465
20.5298,5.03247,2.64511,0.75731,6.87006
20.5495,5.03637,2.64758,0.76706,6.86545
20.5695,5.04027,2.6501,0.77674,6.86081
20.5898,5.04417,2.65267,0.78634,6.85615
20.6096,5.04806,2.65529,0.79586,6.85146
20.6306,5.05195,2.658,0.80508,6.84671
20.6513,5.05584,2.66076,0.8142,6.84195
20.6712,5.05972,2.66356,0.82325,6.83717
20.6909,5.06357,2.6664,0.83229,6.83239
20.7108,5.06739,2.66926,0.84133,6.82761
20.7312,5.0719,2.67322,0.84903,6.82164
20.7508,5.07653,2.67755,0.85543,6.81536
20.7709,5.08113,2.6819,0.86161,6.80909
20.7908,5.08571,2.68628,0.86777,6.80283
20.811,5.09025,2.6907,0.87391,6.79658
20.8309,5.09455,2.69532,0.87767,6.7904
20.8507,5.09882,2.69997,0.88086,6.78424
20.871,5.10306,2.70464,0.88396,6.77808
20.8913,5.10728,2.70934,0.88698,6.77193
20.9117,5.11147,2.71406,0.88992,6.76579
20.9305,5.11547,2.71893,0.89025,6.75971
20.9511,5.11944,2.72383,0.8904,6.75365
20.9709,5.12342,2.72873,0.89056,6.74758
20.9906,5.1274,2.73362,0.89072,6.74151
21.0108,5.13138,2.73852,0.89088,6.73545
21.0313,5.13521,2.74351,0.8888,6.72944
21.0512,5.13905,2.74851,0.88661,6.72344
21.0708,5.14289,2.7535,0.88443,6.71743
21.092,5.14675,2.75847,0.88225,6.71141
21.1119,5.15062,2.76344,0.88007,6.7054
21.1322,5.15404,2.76818,0.87517,6.69988
21.1522,5.15744,2.77287,0.87015,6.69442
21.1733,5.1609,2.77755,0.86539,6.6889
21.1926,5.16438,2.78222,0.86064,6.68337
21.2122,5.16789,2.78687,0.85588,6.67784
21.232,5.17125,2.79159,0.8487,6.67239
21.2521,5.17462,2.79629,0.8414,6.66693
21.2722,5.17803,2.80097,0.8341,6.66146
21.2921,5.18148,2.80563,0.8268,6.65598
21.3129,5.18495,2.81025,0.8195,6.65048
21.3353,5.18831,2.81496,0.80975,6.64505
21.3543,5.19169,2.81963,0.79988,6.63961
21.3747,5.19511,2.82428,0.79001,6.63414
21.3949,5.19859,2.82889,0.78014,6.62866
21.4157,5.20211,2.83346,0.77027,6.62317
21.4344,5.20551,2.83808,0.75826,6.61774
21.4556,5.20896,2.84266,0.74616,6.6123
21.4745,5.21247,2.8472,0.73407,6.60684
21.4947,5.21603,2.85169,0.72198,6.60135
21.5144,5.21964,2.85615,0.70988,6.59585
21.5353,5.22325,2.86054,0.69744,6.59039
21.5566,5.22691,2.86489,0.68499,6.58491
21.576,5.23062,2.86919,0.67255,6.57941
21.5958,5.23439,2.87345,0.6601,6.57389
21.6159,5.23821,2.87765,0.64766,6.56835
21.6357,5.24201,2.8818,0.63476,6.56288
21.6561,5.24586,2.8859,0.62187,6.55738
21.6758,5.24976,2.88995,0.60897,6.55188
21.696,5.25371,2.89394,0.59608,6.54635
21.7158,5.25772,2.89789,0.58319,6.54082
21.7363,5.26174,2.90178,0.57008,6.5353
21.7558,5.26581,2.90562,0.55698,6.52978
21.7766,5.26993,2.9094,0.54388,6.52424
21.798,5.2741,2.91313,0.53078,6.51869
21.8179,5.27831,2.9168,0.51768,6.51314
21.8382,5.28256,2.92042,0.50446,6.50759
21.8579,5.28685,2.92398,0.49124,6.50204
21.8786,5.29119,2.92748,0.47802,6.49648
21.8978,5.29557,2.93093,0.4648,6.49091
21.9178,5.3,2.93432,0.45158,6.48535
21.9375,5.30449,2.93765,0.43843,6.47976
21.9578,5.30902,2.94092,0.42529,6.47418
21.9779,5.31359,2.94413,0.41215,6.46859
21.9979,5.31821,2.94728,0.39902,6.463
22.0177,5.32287,2.95036,0.38588,6.45741
22.0376,5.32759,2.95339,0.37287,6.45181
22.0581,5.33235,2.95635,0.3599,6.4462
22.0787,5.33716,2.95925,0.34693,6.4406
22.0978,5.342,2.96209,0.33396,6.435
22.1175,5.34687,2.96487,0.32099,6.42941
22.1376,5.35182,2.96758,0.30821,6.4238
22.1584,5.35682,2.97022,0.29556,6.41818
22.178,5.36186,2.9728,0.28291,6.41257
22.1978,5.36693,2.97531,0.27027,6.40697
22.2186,5.37203,2.97775,0.25762,6.40138
22.2378,5.37719,2.98014,0.24517,6.39577
22.2579,5.38242,2.98244,0.23293,6.39016
22.2781,5.38768,2.98468,0.2207,6.38456
22.2978,5.39296,2.98686,0.20847,6.37897
22.3184,5.39827,2.98896,0.19624,6.3734
22.3414,5.40365,2.99101,0.18421,6.36781
22.361,5.40909,2.99297,0.17246,6.36222
22.3808,5.41456,2.99486,0.16075,6.35664
22.4007,5.42005,2.99668,0.14904,6.35108
22.4205,5.42557,2.99844,0.13732,6.34554
22.444,5.43113,3.00014,0.12581,6.34
22.464,5.43676,3.00174,0.11457,6.33445
22.4848,5.44242,3.00328,0.10336,6.32892
22.5035,5.44809,3.00476,0.09215,6.32342
22.5239,5.45378,3.00617,0.08094,6.31794
22.5433,5.45951,3.00752,0.06993,6.31246
22.5639,5.46532,3.00877,0.05929,6.30697
22.5841,5.47119,3.00993,0.04894,6.30148
22.6037,5.47708,3.01104,0.03863,6.29601
22.6238,5.48297,3.01208,0.02832,6.29058
22.6435,5.48891,3.01304,0.0182,6.28515
22.6638,5.49491,3.01392,0.00839,6.27972
22.6834,5.50092,3.01474,-0.0014,6.27432
22.7035,5.50694,3.0155,-0.01119,6.26895
22.7234,5.51296,3.01621,-0.02098,6.2636
22.7434,5.51902,3.01683,-0.03056,6.25828
22.7634,5.52515,3.01737,-0.03975,6.25294
22.784,5.53132,3.01783,-0.04869,6.24762
22.8034,5.5375,3.01823,-0.05763,6.24234
22.8243,5.54368,3.01858,-0.06656,6.23708
22.8449,5.54989,3.01885,-0.07529,6.23183
22.8645,5.55617,3.01903,-0.08359,6.22659
22.8845,5.56249,3.01914,-0.09167,6.22136
22.9045,5.5688,3.01919,-0.09976,6.21617
22.9246,5.57512,3.0192,-0.10784,6.211
22.9459,5.58132,3.0191,-0.11511,6.20599
22.9662,5.58752,3.01891,-0.12158,6.20104
22.9859,5.59372,3.01861,-0.12732,6.19615
23.0059,5.59991,3.01826,-0.13286,6.1913
23.0259,5.6061,3.01787,-0.13839,6.18648
23.0457,5.61227,3.01732,-0.14219,6.18178
23.0662,5.61842,3.01671,-0.14553,6.17711
23.0859,5.62458,3.01607,-0.14873,6.17247
23.1055,5.63074,3.0154,-0.1518,6.16785
23.1271,5.63688,3.0147,-0.15478,6.16326
23.1484,5.643,3.01389,-0.15662,6.15875
23.1682,5.64912,3.01306,-0.15822,6.15426
23.1885,5.65524,3.0122,-0.15966,6.14979
23.2091,5.66135,3.01133,-0.16105,6.14534
23.2282,5.66745,3.01044,-0.16243,6.1409
23.2488,5.67355,3.00955,-0.16377,6.13648
23.2684,5.67965,3.00865,-0.1651,6.13206
23.2883,5.68574,3.00774,-0.16642,6.12766
23.308,5.69183,3.00682,-0.16774,6.12326
23.3282,5.69793,3.0059,-0.16907,6.11887
23.3481,5.70401,3.00496,-0.17036,6.1145
23.3694,5.71009,3.00402,-0.17164,6.11014
23.3894,5.71617,3.00306,-0.17292,6.10578
23.4084,5.72225,3.0021,-0.1742,6.10144
23.4285,5.72833,3.00114,-0.17548,6.0971
23.4481,5.73441,3.00016,-0.17679,6.09277
23.4682,5.74049,2.99918,-0.17809,6.08845
23.4895,5.74657,2.99819,-0.1794,6.08413
23.5084,5.75265,2.99719,-0.1807,6.07983
23.5282,5.75872,2.99619,-0.182,6.07553
23.5481,5.7648,2.99517,-0.18332,6.07124
23.5683,5.77087,2.99415,-0.18464,6.06696
23.5884,5.77695,2.99312,-0.18595,6.06269
23.6086,5.78302,2.99209,-0.18727,6.05843
23.6283,5.78909,2.99104,-0.18859,6.05417
23.648,5.79516,2.98999,-0.18992,6.04993
23.6684,5.80123,2.98893,-0.19124,6.04569
23.6883,5.8073,2.98786,-0.19257,6.04146
23.7085,5.81337,2.98678,-0.1939,6.03725
23.7298,5.81943,2.9857,-0.19522,6.03304
23.7513,5.8255,2.98461,-0.19655,6.02884
23.7711,5.83156,2.9835,-0.19788,6.02465
23.7911,5.83762,2.9824,-0.19921,6.02047
23.8112,5.84368,2.98128,-0.20054,6.0163
23.8314,5.84974,2.98015,-0.20187,6.01213
23.852,5.8558,2.97902,-0.2032,6.00798
23.8724,5.86186,2.97788,-0.20454,6.00384
23.8925,5.86791,2.97673,-0.20587,5.9997
23.9116,5.87396,2.97557,-0.2072,5.99558
23.9336,5.88002,2.97441,-0.20853,5.99147
23.952,5.88607,2.97324,-0.20986,5.98736
23.973,5.89211,2.97205,-0.2112,5.98327
23.9921,5.89816,2.97086,-0.21253,5.97918
24.0115,5.90421,2.96967,-0.21386,5.9751
24.0329,5.91025,2.96846,-0.21519,5.97104
24.0518,5.91629,2.96725,-0.21652,5.96698
24.0719,5.92233,2.96603,-0.21785,5.96294
24.0924,5.92837,2.9648,-0.21918,5.9589
24.112,5.93441,2.96356,-0.22051,5.95487
24.1319,5.94044,2.96231,-0.22184,5.95086
24.1518,5.94648,2.96106,-0.22317,5.94685
24.1724,5.95251,2.9598,-0.2245,5.94285
24.1919,5.95854,2.95853,-0.22583,5.93887
24.2121,5.96457,2.95725,-0.22716,5.93489
24.2322,5.97059,2.95596,-0.22849,5.93092
24.2532,5.97662,2.95467,-0.22984,5.92696
24.2731,5.98265,2.95337,-0.23119,5.92301
24.2932,5.98867,2.95206,-0.23254,5.91907
24.3137,5.9947,2.95074,-0.23388,5.91514
24.3351,6.00072,2.94942,-0.23523,5.91123
24.3542,6.00673,2.94808,-0.23656,5.90732
24.3744,6.01275,2.94674,-0.23789,5.90342
24.3941,6.01876,2.94539,-0.23922,5.89954
24.4141,6.02477,2.94403,-0.24055,5.89566
24.4338,6.03078,2.94267,-0.24188,5.8918
24.4541,6.03679,2.94129,-0.24321,5.88794
24.4742,6.04279,2.93991,-0.24454,5.8841
24.4943,6.0488,2.93852,-0.24587,5.88027
24.5139,6.0548,2.93712,-0.2472,5.87644
24.534,6.0608,2.93571,-0.24852,5.87263
24.5536,6.06679,2.9343,-0.24985,5.86883
24.5743,6.07279,2.93288,-0.25118,5.86504
24.5935,6.07878,2.93145,-0.25251,5.86125
24.6134,6.08478,2.93001,-0.25384,5.85748
24.6342,6.09077,2.92856,-0.25517,5.85372
24.6537,6.09552,2.92727,-0.25432,5.85083
24.674,6.1001,2.92596,-0.25294,5.84809
24.6941,6.10471,2.92467,-0.2517,5.84532
24.714,6.10932,2.92338,-0.25048,5.84254
24.7343,6.11394,2.9221,-0.24926,5.83976
24.7542,6.11848,2.92065,-0.2456,5.83715
24.7743,6.12302,2.91921,-0.24179,5.83454
24.7938,6.12756,2.91777,-0.23798,5.83192
24.814,6.1321,2.91636,-0.23416,5.82929
24.8346,6.13666,2.91496,-0.23035,5.82664
24.8538,6.14114,2.91341,-0.22414,5.82415
24.8739,6.14563,2.91187,-0.21778,5.82165
24.895,6.15013,2.91036,-0.21142,5.81913
24.9137,6.15464,2.90888,-0.20506,5.81659
24.9345,6.15915,2.90742,-0.1987,5.81402
24.9537,6.16362,2.90588,-0.19068,5.81155
24.9741,6.1681,2.90436,-0.18261,5.80906
24.9937,6.17259,2.90288,-0.17454,5.80654
25.0139,6.17709,2.90144,-0.16647,5.80399
25.034,6.1816,2.90003,-0.15839,5.80141
25.0537,6.18612,2.89866,-0.15031,5.7988
25.0741,6.19065,2.89732,-0.14222,5.79617
25.0942,6.1952,2.89603,-0.13414,5.7935
25.1135,6.19975,2.89477,-0.12606,5.79081
25.1339,6.20431,2.89354,-0.11797,5.78809
25.1537,6.20892,2.89236,-0.11006,5.78531
25.174,6.21354,2.89123,-0.1022,5.78249
25.1936,6.21816,2.89012,-0.09434,5.77965
25.2137,6.2228,2.88906,-0.08648,5.77678
25.2339,6.22745,2.88803,-0.07862,5.77388
25.2538,6.23212,2.88705,-0.07088,5.77093
25.2738,6.2368,2.8861,-0.06317,5.76796
25.2937,6.24149,2.88519,-0.05545,5.76496
25.3137,6.24619,2.88432,-0.04774,5.76193
25.3342,6.2509,2.88348,-0.04003,5.75887
25.3555,6.25563,2.88269,-0.03244,5.75577
25.3763,6.26037,2.88194,-0.02488,5.75264
25.3956,6.26512,2.88122,-0.01732,5.74948
25.4158,6.26987,2.88054,-0.00976,5.7463
25.4358,6.27463,2.8799,-0.0022,5.74309
25.4566,6.27942,2.8793,0.00515,5.73982
25.4765,6.28425,2.87876,0.01234,5.7365
25.4968,6.28907,2.87825,0.01953,5.73316
25.5172,6.29391,2.87777,0.02671,5.72979
25.537,6.29874,2.87733,0.0339,5.7264
25.5565,6.30362,2.87695,0.04087,5.72295
25.5767,6.30852,2.87661,0.04761,5.71944
25.5966,6.31344,2.87631,0.05435,5.71591
25.6171,6.31835,2.87605,0.06109,5.71236
25.6373,6.32327,2.87581,0.06784,5.70878
25.6565,6.32822,2.87563,0.07435,5.70515
25.6776,6.33321,2.87551,0.08057,5.70144
25.6967,6.33821,2.87542,0.08678,5.69772
25.7165,6.34321,2.87536,0.09299,5.69397
25.7367,6.34821,2.87534,0.09919,5.69021
25.7565,6.35325,2.87536,0.10517,5.68639
25.7769,6.35834,2.87546,0.11074,5.68248
25.7967,6.36344,2.87559,0.11624,5.67854
25.8165,6.36855,2.87574,0.12175,5.67459
25.8368,6.37365,2.87593,0.12725,5.67062
25.858,6.37878,2.87617,0.13252,5.66659
25.8778,6.38397,2.87647,0.13741,5.66248
25.8978,6.38916,2.8768,0.14228,5.65836
25.9175,6.39435,2.87715,0.14715,5.65422
25.9378,6.39953,2.87753,0.15202,5.65007
25.9588,6.40476,2.87797,0.15658,5.64585
25.9793,6.41005,2.87847,0.16074,5.64154
25.9989,6.41534,2.879,0.16484,5.63722
26.0192,6.42063,2.87955,0.16894,5.63288
26.0413,6.42591,2.88012,0.17304,5.62853
26.061,6.43124,2.88076,0.17679,5.62412
26.0809,6.43662,2.88144,0.18021,5.61963
26.1007,6.442,2.88215,0.18362,5.61513
26.1203,6.44737,2.88287,0.18703,5.61063
26.1406,6.45274,2.88361,0.19044,5.60611
26.1608,6.4588,2.88466,0.1921,5.60089
26.1808,6.46496,2.88578,0.19301,5.59553
26.2007,6.47112,2.88692,0.19385,5.59017
26.2208,6.47727,2.88806,0.19468,5.58481
26.241,6.48343,2.88921,0.19552,5.57945
26.2608,6.48955,2.89054,0.19395,5.574
26.2812,6.49566,2.89188,0.19221,5.56854
26.3009,6.50178,2.89321,0.19048,5.5631
26.3204,6.50789,2.89453,0.18874,5.55766
26.341,6.51402,2.89583,0.18701,5.55223
26.3604,6.52013,2.89714,0.18513,5.5468
26.3806,6.52624,2.89844,0.18326,5.54139
26.4008,6.53236,2.89972,0.18138,5.53598
26.4208,6.53847,2.90099,0.1795,5.53058
26.4405,6.5446,2.90225,0.17763,5.52519
26.4601,6.55071,2.90349,0.17582,5.51981
26.481,6.55683,2.90472,0.17401,5.51445
26.5006,6.56294,2.90594,0.17221,5.50909
26.5209,6.56906,2.90715,0.1704,5.50374
26.5408,6.57518,2.90835,0.1686,5.4984
26.5608,6.58129,2.90952,0.16695,5.49309
26.581,6.58738,2.91067,0.16535,5.4878
26.6011,6.59348,2.91182,0.16374,5.48252
26.621,6.59959,2.91296,0.16213,5.47724
26.6412,6.60569,2.91408,0.16052,5.47197
26.6611,6.61176,2.91518,0.15913,5.46674
26.6803,6.61783,2.91626,0.1578,5.46153
26.7005,6.6239,2.91733,0.15646,5.45633
26.7209,6.62997,2.91839,0.15513,5.45113
26.7413,6.63604,2.91945,0.15379,5.44594
26.7613,6.64211,2.92049,0.15252,5.44077
26.7811,6.64818,2.92152,0.15124,5.4356
26.8008,6.65424,2.92255,0.14996,5.43044
26.8202,6.66031,2.92357,0.14869,5.42529
26.841,6.66638,2.92458,0.14741,5.42014
26.8602,6.67245,2.92558,0.14613,5.415
26.8812,6.67853,2.92658,0.14485,5.40986
26.9009,6.6846,2.92757,0.14356,5.40473
26.9205,6.69068,2.92855,0.14228,5.39961
26.9413,6.69676,2.92952,0.141,5.39449
26.9603,6.70284,2.93048,0.13971,5.38938
26.9808,6.70892,2.93144,0.13842,5.38428
27.0005,6.715,2.93239,0.13713,5.37918
27.0207,6.72108,2.93333,0.13584,5.37409
27.0414,6.72717,2.93427,0.13454,5.369
27.0615,6.73326,2.9352,0.13323,5.36392
27.0812,6.73935,2.93612,0.13192,5.35885
27.1005,6.74544,2.93703,0.13061,5.35378
27.121,6.75153,2.93793,0.1293,5.34872
27.1411,6.75763,2.93883,0.12799,5.34366
27.162,6.76372,2.93972,0.12667,5.33861
27.1818,6.76982,2.9406,0.12534,5.33357
27.2017,6.77592,2.94147,0.12401,5.32854
27.2223,6.78202,2.94234,0.12269,5.32351
27.2421,6.78813,2.9432,0.12136,5.31849
27.2621,6.79423,2.94405,0.12003,5.31347
27.282,6.80033,2.94489,0.11869,5.30846
27.3021,6.80644,2.94572,0.11736,5.30346
27.3221,6.81255,2.94655,0.11603,5.29847
27.3437,6.81866,2.94737,0.11469,5.29348
27.3633,6.82477,2.94817,0.11336,5.2885
27.3831,6.83088,2.94898,0.11203,5.28353
27.4037,6.83699,2.94977,0.11069,5.27857
27.4229,6.8431,2.95055,0.10936,5.27361
27.4445,6.84921,2.95133,0.10803,5.26866
27.465,6.85533,2.9521,0.10669,5.26372
27.4829,6.86145,2.95286,0.10536,5.25878
27.5033,6.86756,2.95361,0.10403,5.25385
27.5232,6.87368,2.95435,0.1027,5.24894
27.5432,6.8798,2.95509,0.10137,5.24402
27.5631,6.88592,2.95582,0.10003,5.23912
27.5836,6.89204,2.95654,0.0987,5.23422
27.6047,6.89816,2.95725,0.09737,5.22933
27.6245,6.90428,2.95795,0.09604,5.22445
27.6449,6.91041,2.95865,0.09471,5.21958
27.6652,6.91653,2.95933,0.09338,5.21472
27.6854,6.92265,2.96001,0.09205,5.20986
27.7055,6.92878,2.96068,0.09072,5.20501
27.7255,6.93491,2.96134,0.08939,5.20017
27.7458,6.94103,2.962,0.08806,5.19533
27.7653,6.94716,2.96264,0.08674,5.19051
27.7867,6.95329,2.96328,0.08541,5.18569
27.8071,6.95942,2.96391,0.08408,5.18088
27.8265,6.96555,2.96453,0.08275,5.17608
27.8463,6.97168,2.96515,0.08142,5.17128
27.867,6.97782,2.96575,0.08007,5.16649
27.8871,6.98396,2.96635,0.07872,5.16171
27.9067,6.99009,2.96694,0.07737,5.15694
27.9263,6.99623,2.96753,0.07603,5.15217
27.947,7.00237,2.9681,0.07468,5.14742
27.9665,7.00851,2.96866,0.07335,5.14267
27.9867,7.01464,2.96922,0.07202,5.13794
28.0072,7.02078,2.96977,0.07069,5.13321
28.0264,7.02692,2.97031,0.06936,5.12849
28.0479,7.03306,2.97084,0.06803,5.12378
28.0677,7.0392,2.97136,0.06672,5.11908
28.0875,7.04533,2.97187,0.06541,5.11439
28.1085,7.05147,2.97238,0.0641,5.1097
28.1288,7.05761,2.97287,0.06279,5.10503
28.1485,7.06375,2.97336,0.06147,5.10036
28.1709,7.0699,2.97385,0.06014,5.0957
28.1912,7.07604,2.97432,0.05881,5.09105
28.2115,7.08218,2.97479,0.05749,5.0864
28.2321,7.08833,2.97525,0.05616,5.08177
28.2514,7.09448,2.9757,0.05483,5.07714
28.2712,7.10062,2.97614,0.0535,5.07252
28.2911,7.10677,2.97657,0.05217,5.06791
28.3111,7.11292,2.977,0.05084,5.06331
28.3308,7.11906,2.97741,0.04951,5.05872
28.353,7.12521,2.97782,0.04818,5.05414
28.374,7.13136,2.97822,0.04686,5.04956
28.3937,7.13751,2.97862,0.04553,5.045
28.4136,7.14366,2.979,0.0442,5.04044
28.4337,7.14981,2.97938,0.04287,5.03589
28.4534,7.15596,2.97975,0.04154,5.03135
28.4738,7.16212,2.98011,0.04021,5.02682
28.4937,7.16827,2.98046,0.03888,5.0223
28.5133,7.17442,2.9808,0.03755,5.01779
28.5337,7.18057,2.98114,0.03622,5.01329
28.5541,7.18673,2.98147,0.03489,5.0088
28.5731,7.19288,2.98179,0.03356,5.00431
28.5948,7.19904,2.9821,0.03223,4.99984
28.6135,7.20519,2.9824,0.0309,4.99537
28.634,7.21135,2.98269,0.02957,4.99092
28.6542,7.2175,2.98298,0.02824,4.98647
28.6737,7.22366,2.98326,0.02691,4.98203
28.6936,7.22981,2.98353,0.02558,4.9776
28.7133,7.23597,2.98379,0.02425,4.97318
28.7331,7.24213,2.98405,0.02292,4.96877
28.7548,7.24829,2.98429,0.02159,4.96437
28.7764,7.25444,2.98453,0.02027,4.95998
28.7963,7.2606,2.98476,0.01894,4.9556
28.8156,7.26676,2.98498,0.01761,4.95123
28.8359,7.27292,2.98519,0.01628,4.94687
28.8562,7.27908,2.9854,0.01495,4.94252
28.8759,7.28524,2.98559,0.01362,4.93817
28.8968,7.2914,2.98578,0.01229,4.93384
28.9161,7.29756,2.98596,0.01096,4.92952
28.936,7.30372,2.98613,0.00963,4.9252
28.9563,7.30988,2.9863,0.0083,4.9209
28.9758,7.31604,2.98645,0.00697,4.91661
28.9961,7.3222,2.9866,0.00564,4.91232
29.0166,7.32836,2.98674,0.00431,4.90805
29.036,7.33452,2.98687,0.00298,4.90379
29.0557,7.34068,2.98699,0.00165,4.89953
29.0764,7.34684,2.98711,0.00032,4.89529
29.0957,7.353,2.98722,-0.001,4.89105
29.1156,7.35916,2.98731,-0.00233,4.88683
29.1359,7.36533,2.9874,-0.00366,4.88262
29.1565,7.37149,2.98749,-0.00499,4.87841
29.1793,7.37765,2.98756,-0.00632,4.87422
29.1985,7.38381,2.98762,-0.00765,4.87004
29.2181,7.38997,2.98768,-0.00898,4.86586
29.2383,7.39614,2.98773,-0.01031,4.8617
29.2585,7.4023,2.98777,-0.01164,4.85755
29.2782,7.40846,2.9878,-0.01297,4.8534
29.299,7.41462,2.98783,-0.0143,4.84927
29.3184,7.42078,2.98785,-0.01563,4.84515
29.3386,7.42695,2.98785,-0.01696,4.84104
29.3587,7.43311,2.98785,-0.01829,4.83694
29.3784,7.43927,2.98785,-0.01961,4.83285
29.3981,7.44543,2.98783,-0.02094,4.82877
29.4185,7.4516,2.9878,-0.02227,4.8247
29.438,7.45776,2.98777,-0.0236,4.82064
29.4594,7.46392,2.98773,-0.02493,4.8166
29.481,7.47008,2.98768,-0.02626,4.81256
29.4999,7.47624,2.98762,-0.02759,4.80853
29.5201,7.48241,2.98756,-0.02892,4.80452
29.5401,7.48857,2.98748,-0.03025,4.80051
29.5596,7.49473,2.9874,-0.03158,4.79652
29.5797,7.50089,2.98731,-0.03291,4.79254
29.6003,7.50705,2.98721,-0.03424,4.78856
29.6211,7.51321,2.98711,-0.03557,4.7846
29.6396,7.51938,2.98699,-0.0369,4.78065
29.6605,7.52554,2.98687,-0.03823,4.77671
29.6828,7.5317,2.98674,-0.03956,4.77278
29.7023,7.53786,2.9866,-0.04088,4.76887
29.7224,7.54402,2.98645,-0.04221,4.76496
29.7425,7.55018,2.9863,-0.04354,4.76106
29.7626,7.55634,2.98613,-0.04487,4.75718
29.7823,7.5625,2.98596,-0.0462,4.75331
29.8027,7.56866,2.98578,-0.04753,4.74945
29.8224,7.57482,2.98559,-0.04886,4.7456
29.8426,7.58098,2.9854,-0.05019,4.74176
29.8624,7.58714,2.98519,-0.05152,4.73793
29.8823,7.59208,2.98489,-0.05082,4.73497
29.9025,7.59685,2.98453,-0.04941,4.73216
29.9223,7.60163,2.98419,-0.04814,4.72933
29.9422,7.60642,2.98386,-0.0469,4.7265
29.9626,7.61121,2.98354,-0.04566,4.72366
29.9825,7.61593,2.98304,-0.04206,4.72101
30.0025,7.62064,2.98254,-0.03827,4.71837
30.0223,7.62535,2.98206,-0.03448,4.71572
30.0424,7.63006,2.9816,-0.03069,4.71306
30.063,7.63477,2.98115,-0.02691,4.71038
30.0824,7.63942,2.98054,-0.02072,4.70788
30.1024,7.64407,2.97994,-0.01433,4.70537
30.1224,7.64872,2.97936,-0.00795,4.70284
30.1427,7.65337,2.97882,-0.00156,4.70029
30.1625,7.65803,2.97831,0.00482,4.69772
30.1826,7.66261,2.97764,0.01348,4.69532
30.2025,7.66718,2.977,0.02232,4.6929
30.2223,7.67176,2.9764,0.03116,4.69046
30.2422,7.67634,2.97584,0.04,4.68798
30.2624,7.68093,2.97532,0.04884,4.68547
30.2824,7.68544,2.97481,0.05816,4.68301
30.3031,7.68997,2.97433,0.06748,4.68052
30.3228,7.69449,2.97389,0.07681,4.678
30.3423,7.69902,2.9735,0.08613,4.67544
30.3622,7.70356,2.97315,0.09545,4.67286
30.3822,7.70809,2.97284,0.1048,4.67024
30.4026,7.71263,2.97257,0.11414,4.66759
30.4223,7.71717,2.97234,0.12348,4.66491
30.4422,7.72171,2.97216,0.13282,4.6622
30.4626,7.72625,2.97202,0.14216,4.65946
30.4822,7.73073,2.97187,0.15194,4.65676
30.5022,7.73521,2.97177,0.16172,4.65403
30.5227,7.7397,2.97172,0.17151,4.65127
30.5423,7.74418,2.97171,0.18129,4.64847
30.5623,7.74866,2.97174,0.19107,4.64565
30.5823,7.7531,2.97178,0.20114,4.64284
30.6028,7.75755,2.97187,0.21121,4.64
30.6225,7.76199,2.97201,0.22128,4.63713
30.6422,7.76643,2.97219,0.23135,4.63423
30.6626,7.77086,2.97241,0.24142,4.63129
30.6827,7.77527,2.97266,0.25165,4.62835
30.7025,7.77968,2.97295,0.26189,4.62539
30.7228,7.78409,2.97329,0.27213,4.62239
30.7426,7.78849,2.97368,0.28236,4.61936
30.7627,7.79289,2.97411,0.2926,4.6163
30.7826,7.79729,2.97458,0.30283,4.6132
30.8028,7.80167,2.9751,0.31306,4.61008
30.8226,7.80606,2.97566,0.32329,4.60693
30.8426,7.81044,2.97627,0.33352,4.60375
30.8628,7.81481,2.97693,0.34375,4.60054
30.8824,7.81919,2.97764,0.35385,4.59728
30.9025,7.82356,2.97841,0.36393,4.59398
30.9228,7.82793,2.97922,0.374,4.59066
30.9425,7.83229,2.98007,0.38407,4.58731
30.9633,7.83664,2.98096,0.39415,4.58393
30.9821,7.841,2.98192,0.40406,4.5805
31.0025,7.84536,2.98293,0.41393,4.57703
31.0226,7.8497,2.98399,0.4238,4.57354
31.0423,7.85404,2.98508,0.43367,4.57002
31.0626,7.85836,2.98622,0.44354,4.56647
31.0824,7.86269,2.98743,0.45318,4.56286
31.1023,7.86703,2.9887,0.46272,4.55921
31.1227,7.87135,2.99001,0.47226,4.55554
31.1427,7.87566,2.99136,0.4818,4.55184
31.1632,7.87996,2.99275,0.49134,4.54812
31.1827,7.88427,2.99422,0.50065,4.54433
31.2025,7.88857,2.99574,0.50985,4.5405
31.223,7.89286,2.9973,0.51905,4.53666
31.2427,7.89713,2.99891,0.52825,4.53279
31.2638,7.90139,3.00055,0.53746,4.5289
31.2823,7.90565,3.00223,0.54662,4.52498
31.3024,7.9099,3.00397,0.5557,4.52102
31.323,7.91415,3.00576,0.5647,4.51702
31.3429,7.9184,3.00759,0.57361,4.51298
31.3629,7.92265,3.00948,0.58245,4.50891
31.3825,7.9269,3.01142,0.59122,4.5048
31.4025,7.93114,3.0134,0.59991,4.50065
31.4229,7.93539,3.01543,0.60851,4.49647
31.4429,7.93963,3.01752,0.61703,4.49225
31.4626,7.94385,3.01964,0.62553,4.48801
31.4822,7.94836,3.02218,0.63258,4.48326
31.5027,7.95288,3.02479,0.63913,4.47846
31.5223,7.9574,3.02744,0.64556,4.47362
31.5438,7.96191,3.03014,0.65188,4.46875
31.563,7.96643,3.03288,0.6581,4.46384
31.5827,7.97095,3.0359,0.66261,4.45872
31.6023,7.97546,3.03895,0.66657,4.45357
31.6227,7.97996,3.04203,0.67034,4.4484
31.6429,7.98445,3.04513,0.67404,4.44323
31.663,7.98891,3.04827,0.67768,4.43804
31.6825,7.99382,3.05205,0.67921,4.43207
31.7027,7.99877,3.05596,0.68002,4.42597
31.7224,8.00371,3.05988,0.6808,4.41988
31.7431,8.00865,3.0638,0.68157,4.41378
31.763,8.01358,3.06773,0.68235,4.40768
31.7823,8.0184,3.0718,0.68066,4.40154
31.8027,8.0232,3.07587,0.67884,4.3954
31.8224,8.02802,3.07994,0.67702,4.38926
31.8429,8.03284,3.084,0.6752,4.38313
31.8647,8.03767,3.08805,0.67338,4.377
31.8852,8.04247,3.09209,0.6713,4.37088
31.9047,8.04729,3.09613,0.66921,4.36477
31.9249,8.05211,3.10015,0.66712,4.35866
31.9447,8.05695,3.10417,0.66504,4.35256
31.9665,8.06179,3.10817,0.66295,4.34646
31.988,8.06662,3.11214,0.66105,4.34039
32.0077,8.07147,3.11609,0.65918,4.33434
32.028,8.07631,3.12003,0.65731,4.32829
32.0481,8.08117,3.12396,0.65544,4.32224
32.0679,8.08603,3.12788,0.65358,4.31619
32.0876,8.09088,3.13176,0.65192,4.31019
32.1077,8.09574,3.13563,0.65033,4.3042
32.1288,8.1006,3.13948,0.64874,4.29821
32.1481,8.10547,3.14333,0.64715,4.29223
32.1684,8.11034,3.14717,0.64556,4.28625
32.1888,8.1152,3.15097,0.64418,4.28031
32.2086,8.12007,3.15475,0.64284,4.27438
32.2284,8.12494,3.15853,0.6415,4.26845
32.2487,8.12981,3.1623,0.64017,4.26253
32.2686,8.13469,3.16607,0.63883,4.2566
32.2889,8.13957,3.16981,0.63758,4.2507
32.3086,8.14445,3.17355,0.63632,4.2448
32.3291,8.14934,3.17729,0.63507,4.2389
32.3484,8.15423,3.18101,0.63381,4.233
32.3699,8.15913,3.18474,0.63256,4.22711
32.389,8.16403,3.18845,0.63129,4.22122
32.4089,8.16894,3.19216,0.63003,4.21533
32.4294,8.17385,3.19587,0.62876,4.20945
32.4492,8.17877,3.19957,0.6275,4.20356
32.4704,8.18369,3.20326,0.62623,4.19768
32.489,8.18862,3.20695,0.62494,4.1918
32.5088,8.19355,3.21063,0.62365,4.18593
32.5288,8.19849,3.21431,0.62235,4.18005
32.5484,8.20343,3.21798,0.62106,4.17418
32.5703,8.20838,3.22165,0.61976,4.16831
32.5893,8.21333,3.22531,0.61845,4.16244
32.609,8.21829,3.22896,0.61714,4.15658
32.6297,8.22325,3.23261,0.61583,4.15072
32.6488,8.22822,3.23625,0.61452,4.14486
32.6689,8.23319,3.23988,0.61321,4.139
32.6894,8.23789,3.24308,0.61442,4.13366
32.7086,8.24257,3.24625,0.61576,4.12837
32.729,8.24724,3.24943,0.61703,4.12305
32.7488,8.25191,3.25262,0.61829,4.11774
32.7689,8.25658,3.25582,0.61955,4.11242
32.7886,8.26127,3.25898,0.62142,4.10712
32.8086,8.26595,3.26216,0.62329,4.10181
32.8289,8.27063,3.26534,0.62517,4.0965
32.8489,8.27531,3.26853,0.62704,4.09119
32.8688,8.27997,3.27173,0.62891,4.08588
32.8891,8.28464,3.27494,0.63078,4.08056
32.9086,8.28929,3.27816,0.63266,4.07524
32.9294,8.29394,3.28138,0.63453,4.06992
32.9493,8.29858,3.28462,0.6364,4.06459
32.9695,8.30322,3.28786,0.63827,4.05926
32.9914,8.30786,3.29112,0.64012,4.05393
33.0098,8.31248,3.29438,0.64196,4.04859
33.0308,8.31711,3.29766,0.6438,4.04325
33.0501,8.32172,3.30094,0.64565,4.03791
33.0704,8.32633,3.30423,0.64749,4.03256
33.0908,8.33073,3.30711,0.652,4.02768
33.11,8.33508,3.30995,0.65678,4.02284
33.1302,8.33943,3.31284,0.66143,4.01798
33.1512,8.34377,3.31576,0.66595,4.01309
33.1698,8.34811,3.31872,0.67038,4.00818
33.1904,8.3527,3.32209,0.67296,4.00279
33.2097,8.35731,3.3255,0.67505,3.99734
33.2305,8.3619,3.32895,0.67703,3.99189
33.2499,8.36646,3.33242,0.67893,3.98643
33.2699,8.37101,3.3359,0.68077,3.98097
33.2924,8.37556,3.3394,0.68239,3.9755
33.3098,8.38009,3.34292,0.68383,3.97002
33.3309,8.38461,3.34646,0.68519,3.96453
33.3499,8.38912,3.35001,0.68655,3.95904
33.371,8.39362,3.35357,0.6879,3.95355
33.3907,8.39812,3.35712,0.68929,3.94807
33.4098,8.40261,3.36068,0.69068,3.94258
33.4307,8.4071,3.36425,0.69207,3.93709
33.4497,8.41159,3.36782,0.69346,3.9316
33.4704,8.41607,3.3714,0.69486,3.9261
33.4899,8.42055,3.375,0.69617,3.92059
33.5102,8.42503,3.37862,0.69741,3.91507
33.5299,8.4295,3.38224,0.69866,3.90955
33.5502,8.43397,3.38587,0.69991,3.90403
33.5705,8.43844,3.3895,0.70115,3.8985
33.5911,8.4429,3.39315,0.70234,3.89297
33.6103,8.44736,3.3968,0.70352,3.88743
33.6299,8.45182,3.40046,0.70469,3.88188
33.6501,8.45627,3.40413,0.70586,3.87634
33.6712,8.46072,3.4078,0.70703,3.8708
33.6903,8.46515,3.41144,0.70844,3.86529
33.7097,8.46958,3.41508,0.70985,3.85979
33.7304,8.474,3.41873,0.71125,3.85428
33.7499,8.47841,3.42239,0.71266,3.84877
33.7709,8.48282,3.42605,0.71406,3.84326
33.7915,8.48722,3.42971,0.71553,3.83775
33.8099,8.49161,3.43338,0.71699,3.83225
33.8299,8.496,3.43705,0.71846,3.82674
33.8495,8.50038,3.44073,0.71992,3.82123
33.8699,8.50476,3.44442,0.72139,3.81572
33.8932,8.50862,3.44792,0.72036,3.81066
33.9141,8.51246,3.4514,0.71925,3.80562
33.9342,8.51629,3.45488,0.71815,3.80059
33.9546,8.52013,3.45835,0.71704,3.79556
33.9741,8.52398,3.46182,0.71593,3.79054
33.9941,8.52766,3.46538,0.7124,3.78552
34.0143,8.53134,3.46894,0.70875,3.78051
34.0345,8.53504,3.47249,0.70509,3.7755
34.0546,8.53875,3.47602,0.70144,3.77049
34.0747,8.54247,3.47955,0.69779,3.76549
34.0944,8.54603,3.48316,0.69169,3.7605
34.114,8.54961,3.48675,0.68546,3.75552
34.1339,8.5532,3.49033,0.67924,3.75055
34.154,8.55682,3.49388,0.67302,3.74558
34.1749,8.56046,3.49742,0.66679,3.74062
34.1957,8.56395,3.50103,0.6581,3.73567
34.214,8.56746,3.50462,0.64928,3.73072
34.2343,8.571,3.50819,0.64046,3.72579
34.254,8.57457,3.51172,0.63163,3.72087
34.2752,8.57818,3.51522,0.62281,3.71595
34.294,8.58165,3.5188,0.61154,3.71105
34.3143,8.58514,3.52235,0.60015,3.70615
34.334,8.58867,3.52586,0.58876,3.70127
34.3543,8.59224,3.52933,0.57737,3.6964
34.374,8.59586,3.53276,0.56597,3.69154
34.3945,8.59936,3.53628,0.55213,3.68667
34.4141,8.6029,3.53976,0.53817,3.68181
34.434,8.60649,3.54319,0.52421,3.67696
34.4541,8.61013,3.54657,0.51024,3.67213
34.4744,8.61381,3.54989,0.49628,3.66732
34.495,8.61741,3.55332,0.47987,3.66247
34.5145,8.62106,3.55669,0.46333,3.65764
34.5339,8.62476,3.56,0.4468,3.65283
34.5543,8.62852,3.56326,0.43026,3.64804
34.5746,8.63233,3.56645,0.41373,3.64328
34.5943,8.63598,3.56966,0.39511,3.63858
34.6144,8.63967,3.5728,0.37639,3.63392
34.6342,8.64342,3.57588,0.35767,3.62928
34.6542,8.64723,3.57889,0.33895,3.62467
34.6752,8.65109,3.58183,0.32023,3.62009
34.6937,8.65504,3.5847,0.30169,3.61551
34.714,8.65909,3.58752,0.28346,3.61092
34.7341,8.66324,3.59023,0.26548,3.60638
34.7543,8.66746,3.59284,0.24768,3.60187
34.7741,8.67174,3.59537,0.2299,3.5974
34.794,8.67608,3.59783,0.21224,3.59297
34.8139,8.68047,3.6002,0.19464,3.58857
34.8348,8.6849,3.60249,0.17703,3.58422
34.8544,8.68937,3.60471,0.15943,3.57992
34.8741,8.69388,3.60685,0.14182,3.57566
34.894,8.69846,3.60891,0.12439,3.57143
34.9139,8.70311,3.61086,0.10719,3.56726
34.934,8.7078,3.61273,0.09003,3.56313
34.9538,8.71252,3.61452,0.07286,3.55906
34.974,8.71727,3.61623,0.05569,3.55504
34.9939,8.72207,3.61786,0.0387,3.55107
35.0139,8.72696,3.61937,0.02203,3.54715
35.0339,8.7319,3.62078,0.00557,3.54328
35.0541,8.73686,3.62211,-0.01088,3.53948
35.0747,8.74185,3.62336,-0.02733,3.53574
35.0939,8.74688,3.62451,-0.0436,3.53205
35.114,8.75199,3.62555,-0.05952,3.52843
35.1341,8.75717,3.62647,-0.07508,3.52487
35.154,8.76238,3.6273,-0.09049,3.52137
35.1747,8.76761,3.62805,-0.10589,3.51794
35.194,8.77287,3.6287,-0.1211,3.51458
35.2142,8.7782,3.62923,-0.13592,3.51128
35.2339,8.7836,3.62964,-0.15036,3.50806
35.2541,8.78905,3.62994,-0.16444,3.50491
35.2742,8.79451,3.63016,-0.17847,3.50183
35.2939,8.8002,3.63019,-0.19173,3.49879
35.3138,8.80594,3.6301,-0.20452,3.49583
35.334,8.81175,3.62989,-0.21689,3.49295
35.354,8.81761,3.62956,-0.22883,3.49015
35.374,8.82352,3.62912,-0.24037,3.48743
35.3955,8.82944,3.6286,-0.25132,3.48478
35.4156,8.83535,3.62797,-0.26147,3.48223
35.4361,8.84126,3.62721,-0.27097,3.4798
35.4561,8.84711,3.62635,-0.28007,3.4775
35.476,8.85291,3.62541,-0.28893,3.47531
35.4969,8.85869,3.62439,-0.29728,3.47319
35.5166,8.86447,3.62329,-0.30475,3.47116
35.5365,8.87024,3.6221,-0.31172,3.46921
35.5572,8.87601,3.62086,-0.31858,3.46732
35.5771,8.88177,3.61957,-0.32538,3.46549
35.5969,8.88741,3.6181,-0.33051,3.46388
35.6166,8.89303,3.61659,-0.33522,3.46232
35.637,8.89865,3.61504,-0.3396,3.46081
35.6568,8.90426,3.61345,-0.34381,3.45935
35.6768,8.90987,3.61182,-0.3479,3.45793
35.6966,8.91533,3.60999,-0.34951,3.45677
35.7165,8.92076,3.60812,-0.35075,3.45566
35.7369,8.92618,3.60623,-0.3519,3.45459
35.757,8.9316,3.60434,-0.35305,3.45353
35.7769,8.93702,3.60244,-0.35419,3.45249
35.7969,8.94235,3.60037,-0.35291,3.45165
35.8168,8.94767,3.59829,-0.35148,3.45083
35.8365,8.953,3.59621,-0.35006,3.45001
35.857,8.95833,3.59415,-0.34863,3.44919
35.8769,8.96367,3.59209,-0.34721,3.44837
35.8973,8.96763,3.59035,-0.34321,3.44795
35.9168,8.97148,3.58858,-0.33854,3.44762
35.9366,8.97519,3.58683,-0.33346,3.44734
35.9569,8.97894,3.58507,-0.32793,3.44707
35.9778,8.98269,3.58332,-0.32236,3.44677
35.9968,8.98603,3.58157,-0.31478,3.4467
36.0171,8.98931,3.57983,-0.30674,3.44664
36.0369,8.99258,3.5781,-0.29844,3.44658
36.0571,8.99582,3.57639,-0.28988,3.44653
36.0768,8.99904,3.57469,-0.28107,3.44647
36.097,9.00236,3.57285,-0.27047,3.4465
36.1168,9.00567,3.57103,-0.25956,3.44651
36.1371,9.00896,3.56924,-0.24841,3.44652
36.1569,9.01224,3.56747,-0.23704,3.44652
36.1777,9.01551,3.56573,-0.22547,3.4465
36.1967,9.01889,3.56386,-0.21206,3.44654
36.217,9.02228,3.56201,-0.19838,3.44657
36.2369,9.02566,3.56021,-0.18456,3.44656
36.2569,9.02904,3.55845,-0.17063,3.44653
36.2768,9.0324,3.55673,-0.15662,3.44646
36.2968,9.03591,3.5549,-0.14075,3.44644
36.3167,9.03943,3.55311,-0.12477,3.44637
36.3369,9.04294,3.5514,-0.1089,3.44625
36.3572,9.04645,3.54975,-0.0932,3.44606
36.3772,9.04995,3.54819,-0.07778,3.44582
36.3971,9.05354,3.54665,-0.06194,3.44553
36.4173,9.05709,3.54519,-0.04643,3.44518
36.4366,9.06062,3.54381,-0.03127,3.44477
36.4573,9.06415,3.54249,-0.01614,3.44431
36.4772,9.06771,3.54123,-0.00101,3.4438
36.4979,9.07132,3.54003,0.01393,3.4432
36.5182,9.07499,3.53892,0.02855,3.44251
36.5381,9.07869,3.53786,0.04312,3.44176
36.5579,9.0824,3.53686,0.0577,3.44096
36.5792,9.08612,3.53591,0.07228,3.44011
36.5979,9.08989,3.53503,0.08665,3.43918
36.6181,9.09372,3.53424,0.10071,3.43815
36.6378,9.09756,3.5335,0.11476,3.43707
36.6581,9.10141,3.53282,0.1288,3.43595
36.6782,9.10527,3.53219,0.14284,3.43477
36.6978,9.10918,3.53164,0.15666,3.43351
36.7178,9.11314,3.53118,0.17006,3.43214
36.738,9.11717,3.53082,0.18306,3.43066
36.7582,9.12122,3.53053,0.19598,3.42912
36.7784,9.12527,3.53028,0.20889,3.42753
36.7976,9.12948,3.53021,0.22083,3.42573
36.8177,9.13375,3.53023,0.23226,3.42381
36.8384,9.13808,3.53036,0.24325,3.42178
36.858,9.14247,3.53059,0.25377,3.41964
36.8786,9.14689,3.53089,0.26409,3.41743
36.8996,9.15234,3.53162,0.27409,3.41437
36.919,9.15813,3.5325,0.28321,3.41105
36.9387,9.16394,3.53347,0.29201,3.40763
36.9596,9.16979,3.53453,0.30048,3.40413
36.9808,9.17566,3.53568,0.3086,3.40055
36.9987,9.18147,3.53696,0.31546,3.39688
37.0188,9.18723,3.5383,0.32169,3.39319
37.0396,9.19296,3.53968,0.32783,3.38947
37.059,9.19864,3.5411,0.33395,3.38575
37.0794,9.20431,3.54256,0.34007,3.38201
37.099,9.20901,3.5439,0.3436,3.37878
37.1188,9.21354,3.54527,0.34664,3.37562
37.1391,9.21804,3.54665,0.34955,3.37245
37.1597,9.22256,3.54806,0.35235,3.36926
37.1799,9.22708,3.5495,0.35502,3.36604
37.1989,9.23056,3.55074,0.3555,3.36345
37.2189,9.23393,3.55199,0.35563,3.3609
37.2389,9.23733,3.55324,0.35573,3.35833
37.2594,9.24073,3.5545,0.35582,3.35576
37.2794,9.24413,3.55575,0.35591,3.35319
37.2991,9.24653,3.55662,0.35598,3.3514
37.3194,9.24884,3.55748,0.35607,3.34966
37.3419,9.25118,3.55835,0.35614,3.34789
37.3614,9.25352,3.55921,0.3562,3.34613
37.381,9.25586,3.56008,0.35626,3.34436
37.4001,9.25681,3.56045,0.3557,3.34363
37.4215,9.25765,3.56081,0.35508,3.34295
37.4411,9.25839,3.56115,0.35457,3.34233
37.4603,9.25922,3.5615,0.35404,3.34167
37.4812,9.26005,3.56185,0.35351,3.34101
37.5003,9.25949,3.56167,0.35287,3.3414
37.521,9.25883,3.56148,0.35225,3.34185
37.5407,9.25806,3.56128,0.35159,3.34235
37.5619,9.25738,3.56109,0.35085,3.34281
37.5804,9.2567,3.5609,0.35012,3.34326
37.6002,9.25463,3.56018,0.34936,3.34478
37.6215,9.25245,3.55945,0.34863,3.34635
37.643,9.25018,3.55871,0.34793,3.34797
37.6625,9.248,3.55798,0.34721,3.34955
37.6834,9.24581,3.55725,0.34649,3.35112
37.7027,9.24224,3.55599,0.34589,3.35377
37.7227,9.23856,3.55471,0.34535,3.35648
37.7425,9.23479,3.55342,0.34487,3.35924
37.7627,9.23111,3.55213,0.34444,3.36196
37.783,9.22742,3.55085,0.34401,3.36468
37.8027,9.22408,3.54969,0.34367,3.36714
37.8232,9.22075,3.54853,0.34335,3.36961
37.8428,9.21743,3.54736,0.34304,3.37207
37.8628,9.21411,3.54621,0.34272,3.37453
37.8828,9.21078,3.54505,0.3424,3.37699
37.9026,9.20827,3.54421,0.34219,3.37882
37.9228,9.20591,3.54339,0.34189,3.38057
37.9425,9.20356,3.54258,0.34159,3.38231
37.9627,9.2012,3.54177,0.3413,3.38405
37.9838,9.19884,3.54096,0.341,3.38579
38.0027,9.19742,3.54051,0.34093,3.38681
38.0226,9.19621,3.5401,0.34078,3.3877
38.0436,9.19501,3.53968,0.34063,3.38859
38.0628,9.1938,3.53927,0.34048,3.38948
38.0832,9.1926,3.53886,0.34033,3.39037
38.1029,9.19228,3.53878,0.34038,3.39058
38.1226,9.19215,3.53874,0.34036,3.39067
38.1428,9.19202,3.5387,0.34035,3.39076
38.1629,9.19189,3.53865,0.34033,3.39086
38.183,9.19177,3.53861,0.34032,3.39095
38.2024,9.19177,3.53861,0.34032,3.39095
38.2224,9.19177,3.53861,0.34032,3.39095
38.2429,9.19177,3.53861,0.34032,3.39095
38.2631,9.19177,3.53861,0.34032,3.39095
38.2836,9.19177,3.53861,0.34032,3.39095
38.3028,9.19177,3.53861,0.34032,3.39095
38.323,9.19177,3.53861,0.34032,3.39095
38.3432,9.19177,3.53861,0.34032,3.39095
38.3626,9.19177,3.53861,0.34032,3.39095
38.3826,9.19177,3.53861,0.34032,3.39095
38.4029,9.19177,3.53861,0.34032,3.39095
38.423,9.19177,3.53861,0.34032,3.39095
38.4431,9.19177,3.53861,0.34032,3.39095
38.4627,9.19177,3.53861,0.34032,3.39095
38.4839,9.19177,3.53861,0.34032,3.39095
38.5024,9.19177,3.53861,0.34032,3.39095
38.5228,9.19177,3.53861,0.34032,3.39095
38.5427,9.19177,3.53861,0.34032,3.39095
38.563,9.19177,3.53861,0.34032,3.39095
38.5839,9.19177,3.53861,0.34032,3.39095
38.6027,9.19177,3.53861,0.34032,3.39095
38.6239,9.19177,3.53861,0.34032,3.39095
38.6428,9.19177,3.53861,0.34032,3.39095
38.6628,9.19177,3.53861,0.34032,3.39095
38.6837,9.19177,3.53861,0.34032,3.39095
38.703,9.19177,3.53861,0.34032,3.39095
38.7233,9.19177,3.53861,0.34032,3.39095
38.7428,9.19177,3.53861,0.34032,3.39095
38.7627,9.19177,3.53861,0.34032,3.39095
38.7839,9.19177,3.53861,0.34032,3.39095
38.8032,9.19177,3.53861,0.34032,3.39095
38.823,9.19177,3.53861,0.34032,3.39095
38.8431,9.19177,3.53861,0.34032,3.39095
38.8628,9.19177,3.53861,0.34032,3.39095
38.8842,9.19177,3.53861,0.34032,3.39095
38.9025,9.19177,3.53861,0.34032,3.39095
38.923,9.19177,3.53861,0.34032,3.39095
38.9429,9.19177,3.53861,0.34032,3.39095
38.9632,9.19177,3.53861,0.34032,3.39095
38.9835,9.19177,3.53861,0.34032,3.39095
39.0026,9.19177,3.53861,0.34032,3.39095
39.0226,9.19177,3.53861,0.34032,3.39095
39.043,9.19177,3.53861,0.34032,3.39095
39.0625,9.19177,3.53861,0.34032,3.39095
39.0828,9.19177,3.53861,0.34032,3.39095
39.1026,9.19177,3.53861,0.34032,3.39095
39.1223,9.19177,3.53861,0.34032,3.39095
39.1431,9.19177,3.53861,0.34032,3.39095
39.1628,9.19177,3.53861,0.34032,3.39095
39.183,9.19177,3.53861,0.34032,3.39095
39.2024,9.19177,3.53861,0.34032,3.39095
39.2228,9.19177,3.53861,0.34032,3.39095
39.2431,9.19177,3.53861,0.34032,3.39095
39.2628,9.19177,3.53861,0.34032,3.39095
39.283,9.19177,3.53861,0.34032,3.39095
39.3028,9.19177,3.53861,0.34032,3.39095
39.3232,9.19177,3.53861,0.34032,3.39095
39.3426,9.19177,3.53861,0.34032,3.39095
39.3626,9.19177,3.53861,0.34032,3.39095
39.3827,9.19177,3.53861,0.34032,3.39095
39.4027,9.19177,3.53861,0.34032,3.39095
39.4228,9.19177,3.53861,0.34032,3.39095
39.444,9.19177,3.53861,0.34032,3.39095
39.464,9.19177,3.53861,0.34032,3.39095
39.4849,9.19177,3.53861,0.34032,3.39095
39.5038,9.19177,3.53861,0.34032,3.39095
39.5239,9.19177,3.53861,0.34032,3.39095
39.5455,9.19177,3.53861,0.34032,3.39095
39.5641,9.19177,3.53861,0.34032,3.39095
39.584,9.19177,3.53861,0.34032,3.39095
39.6038,9.19177,3.53861,0.34032,3.39095
39.6238,9.19177,3.53861,0.34032,3.39095
39.6438,9.19177,3.53861,0.34032,3.39095
39.6635,9.19177,3.53861,0.34032,3.39095
39.6841,9.19177,3.53861,0.34032,3.39095
39.704,9.19177,3.53861,0.34032,3.39095
39.724,9.19177,3.53861,0.34032,3.39095
39.7436,9.19177,3.53861,0.34032,3.39095
39.7635,9.19177,3.53861,0.34032,3.39095
39.7852,9.19177,3.53861,0.34032,3.39095
39.8051,9.19177,3.53861,0.34032,3.39095
39.8254,9.19177,3.53861,0.34032,3.39095
39.845,9.19177,3.53861,0.34032,3.39095
39.866,9.19177,3.53861,0.34032,3.39095
39.8863,9.19177,3.53861,0.34032,3.39095
39.9052,9.19177,3.53861,0.34032,3.39095
39.9251,9.19177,3.53861,0.34032,3.39095
39.9445,9.19177,3.53861,0.34032,3.39095
39.9648,9.19177,3.53861,0.34032,3.39095
39.9855,9.19177,3.53861,0.34032,3.39095
40.0047,9.19177,3.53861,0.34032,3.39095
40.0252,9.19177,3.53861,0.34032,3.39095
40.0457,9.19177,3.53861,0.34032,3.39095
40.0649,9.19177,3.53861,0.34032,3.39095
40.0848,9.19177,3.53861,0.34032,3.39095
40.1061,9.19177,3.53861,0.34032,3.39095
40.1264,9.19177,3.53861,0.34032,3.39095
40.1462,9.19177,3.53861,0.34032,3.39095
40.1661,9.19177,3.53861,0.34032,3.39095
40.1876,9.19177,3.53861,0.34032,3.39095
40.2076,9.19177,3.53861,0.34032,3.39095
40.2276,9.19177,3.53861,0.34032,3.39095
40.2475,9.19177,3.53861,0.34032,3.39095
40.2675,9.19177,3.53861,0.34032,3.39095
40.2874,9.19177,3.53861,0.34032,3.39095
40.3074,9.19177,3.53861,0.34032,3.39095
40.3283,9.19177,3.53861,0.34032,3.39095
40.3475,9.19177,3.53861,0.34032,3.39095
40.3674,9.19177,3.53861,0.34032,3.39095
40.3878,9.19177,3.53861,0.34032,3.39095
40.4078,9.19177,3.53861,0.34032,3.39095
40.4275,9.19177,3.53861,0.34032,3.39095
40.4476,9.19177,3.53861,0.34032,3.39095
40.4682,9.19177,3.53861,0.34032,3.39095
40.4878,9.19177,3.53861,0.34032,3.39095
40.5076,9.19177,3.53861,0.34032,3.39095
40.5275,9.19177,3.53861,0.34032,3.39095
40.5475,9.19177,3.53861,0.34032,3.39095
40.5676,9.19177,3.53861,0.34032,3.39095
40.5878,9.19177,3.53861,0.34032,3.39095
40.6081,9.19177,3.53861,0.34032,3.39095
40.6282,9.19177,3.53861,0.34032,3.39095
40.6472,9.19177,3.53861,0.34032,3.39095
40.6675,9.19177,3.53861,0.34032,3.39095
40.6876,9.19177,3.53861,0.34032,3.39095
40.7077,9.19177,3.53861,0.34032,3.39095
40.7274,9.19177,3.53861,0.34032,3.39095
40.7475,9.19177,3.53861,0.34032,3.39095
40.7674,9.19177,3.53861,0.34032,3.39095
40.7877,9.19177,3.53861,0.34032,3.39095
40.8075,9.19177,3.53861,0.34032,3.39095
40.8281,9.19177,3.53861,0.34032,3.39095
40.8474,9.19177,3.53861,0.34032,3.39095
40.8678,9.19177,3.53861,0.34032,3.39095
40.888,9.19177,3.53861,0.34032,3.39095
40.9076,9.19177,3.53861,0.34032,3.39095
40.9275,9.19177,3.53861,0.34032,3.39095
40.9474,9.19177,3.53861,0.34032,3.39095
40.9676,9.19177,3.53861,0.34032,3.39095
40.988,9.19177,3.53861,0.34032,3.39095
41.0078,9.19177,3.53861,0.34032,3.39095
41.0277,9.19177,3.53861,0.34032,3.39095
41.0474,9.19177,3.53861,0.34032,3.39095
41.0675,9.19177,3.53861,0.34032,3.39095
41.0879,9.19177,3.53861,0.34032,3.39095
41.1076,9.19177,3.53861,0.34032,3.39095
41.1279,9.19177,3.53861,0.34032,3.39095
41.1476,9.19177,3.53861,0.34032,3.39095
41.1677,9.19177,3.53861,0.34032,3.39095
41.188,9.19177,3.53861,0.34032,3.39095
41.2074,9.19177,3.53861,0.34032,3.39095
41.2275,9.19177,3.53861,0.34032,3.39095
41.2482,9.19177,3.53861,0.34032,3.39095
41.2682,9.19177,3.53861,0.34032,3.39095
41.2891,9.19177,3.53861,0.34032,3.39095
41.3083,9.19177,3.53861,0.34032,3.39095
41.3291,9.19177,3.53861,0.34032,3.39095
41.3487,9.19177,3.53861,0.34032,3.39095
41.3686,9.19177,3.53861,0.34032,3.39095
41.3887,9.19177,3.53861,0.34032,3.39095
41.4086,9.19177,3.53861,0.34032,3.39095
41.4286,9.19177,3.53861,0.34032,3.39095
41.4487,9.19177,3.53861,0.34032,3.39095
41.4696,9.19177,3.53861,0.34032,3.39095
41.4904,9.19177,3.53861,0.34032,3.39095
41.5107,9.19177,3.53861,0.34032,3.39095
41.53,9.19177,3.53861,0.34032,3.39095
41.5504,9.19177,3.53861,0.34032,3.39095
41.5708,9.19177,3.53861,0.34032,3.39095
41.5911,9.19177,3.53861,0.34032,3.39095
41.6103,9.19177,3.53861,0.34032,3.39095
41.6303,9.19177,3.53861,0.34032,3.39095
41.6501,9.19177,3.53861,0.34032,3.39095
41.6699,9.19177,3.53861,0.34032,3.39095
41.6906,9.19177,3.53861,0.34032,3.39095
41.7115,9.19283,3.53915,0.33905,3.39001
41.7317,9.19428,3.53988,0.33638,3.38872
41.7515,9.19572,3.54062,0.33371,3.38744
41.7716,9.19716,3.54134,0.33104,3.38616
41.7928,9.19861,3.54207,0.32837,3.38489
41.8115,9.20113,3.54333,0.32433,3.38267
41.8317,9.20403,3.54474,0.31912,3.38015
41.852,9.20694,3.54614,0.31392,3.37765
41.8717,9.20985,3.54752,0.30873,3.37515
41.8922,9.21278,3.54889,0.30356,3.37267
41.9113,9.2168,3.55067,0.29828,3.36934
41.9318,9.22125,3.55248,0.29296,3.36581
41.9517,9.22573,3.55426,0.2878,3.3623
41.9722,9.23022,3.55602,0.28265,3.35881
41.9924,9.23472,3.55775,0.2775,3.35534
42.0114,9.24034,3.55986,0.27217,3.35106
42.0319,9.24636,3.56198,0.26688,3.34661
42.0518,9.25243,3.56405,0.26176,3.34218
42.0715,9.2585,3.5661,0.25667,3.33779
42.0941,9.26459,3.56811,0.25158,3.33343
42.1128,9.27088,3.57013,0.2465,3.32897
42.1329,9.27725,3.57211,0.24182,3.32454
42.153,9.28364,3.57406,0.23724,3.32013
42.1729,9.29004,3.57598,0.23266,3.31575
42.1932,9.29646,3.57787,0.22808,3.3114
42.2133,9.30262,3.57955,0.22496,3.30735
42.2326,9.30879,3.58118,0.22223,3.30335
42.2533,9.31497,3.5828,0.2195,3.29937
42.2728,9.32115,3.58439,0.21678,3.29541
42.2929,9.32733,3.58598,0.21405,3.29147
42.3128,9.33325,3.58733,0.21318,3.28786
42.3332,9.33916,3.58867,0.2125,3.28427
42.3537,9.34508,3.59,0.21182,3.28069
42.373,9.35099,3.59132,0.21113,3.27713
42.393,9.3569,3.59265,0.21045,3.27357
42.4127,9.36252,3.59372,0.21198,3.27037
42.4327,9.36811,3.59479,0.21365,3.26719
42.4547,9.37371,3.59588,0.21522,3.26399
42.4742,9.37931,3.59698,0.21676,3.26079
42.4953,9.38492,3.59809,0.2183,3.25759
42.5154,9.39031,3.59904,0.22134,3.25462
42.5353,9.3957,3.6,0.22444,3.25166
42.5556,9.40108,3.60098,0.22754,3.24868
42.575,9.40646,3.60197,0.23064,3.2457
42.596,9.41183,3.60298,0.23373,3.24271
42.6151,9.41713,3.60395,0.23737,3.23979
42.635,9.42243,3.60494,0.241,3.23687
42.6554,9.42772,3.60594,0.24464,3.23394
42.6753,9.43301,3.60697,0.24828,3.23099
42.6954,9.4383,3.60801,0.25191,3.22804
42.715,9.44358,3.60907,0.25555,3.22507
42.7353,9.44886,3.61016,0.25919,3.2221
42.7555,9.45413,3.61126,0.26282,3.21911
42.776,9.4594,3.61238,0.26646,3.21612
42.7953,9.46466,3.61352,0.2701,3.21311
42.8156,9.46993,3.61468,0.27373,3.2101
42.8352,9.47518,3.61585,0.27737,3.20707
42.8551,9.48044,3.61705,0.28101,3.20404
42.8753,9.48568,3.61827,0.28464,3.20099
42.8955,9.49093,3.6195,0.28828,3.19794
42.915,9.49617,3.62076,0.29192,3.19487
42.9353,9.5014,3.62203,0.29555,3.1918
42.9558,9.50663,3.62332,0.29919,3.18872
42.9753,9.51186,3.62463,0.30283,3.18562
42.9953,9.51708,3.62596,0.30646,3.18252
43.0151,9.52229,3.62731,0.3101,3.1794
43.0354,9.5275,3.62868,0.31373,3.17628
43.0555,9.53271,3.63007,0.31737,3.17314
43.0755,9.53791,3.63147,0.32101,3.17
43.0959,9.54311,3.6329,0.32464,3.16684
43.1151,9.54687,3.63399,0.32634,3.16451
43.1353,9.55049,3.63511,0.32755,3.1622
43.1552,9.554,3.63621,0.3288,3.15995
43.1755,9.55758,3.63735,0.32988,3.15764
43.1958,9.56117,3.63849,0.33092,3.15533
43.2153,9.56334,3.63919,0.33103,3.15393
43.235,9.56538,3.63989,0.33103,3.15256
43.2558,9.56734,3.64057,0.33114,3.15125
43.2754,9.56939,3.64128,0.33114,3.14988
43.2957,9.57143,3.64198,0.33114,3.14852
43.3152,9.57209,3.64218,0.33111,3.14811
43.3353,9.57264,3.64237,0.33111,3.14774
43.3553,9.5731,3.64254,0.33113,3.14742
43.3756,9.57365,3.64273,0.33113,3.14706
43.3954,9.5742,3.64292,0.33113,3.14669
43.4151,9.57583,3.64359,0.33072,3.14551
43.435,9.57785,3.64441,0.32926,3.14405
43.4563,9.57987,3.64522,0.32776,3.14259
43.4762,9.5819,3.64604,0.32623,3.14113
43.4957,9.58393,3.64686,0.32467,3.13967
43.5164,9.58708,3.64812,0.32334,3.13742
43.5366,9.59061,3.64943,0.32185,3.135
43.5567,9.59413,3.65073,0.32038,3.13258
43.5767,9.59766,3.65202,0.31893,3.13018
43.5971,9.6012,3.65331,0.31749,3.12778
43.6165,9.60583,3.65505,0.31577,3.12459
43.6362,9.61086,3.65691,0.31318,3.12116
43.6568,9.6159,3.65875,0.31059,3.11774
43.6765,9.62094,3.66058,0.308,3.11434
43.6965,9.62598,3.6624,0.30541,3.11096
43.7167,9.63042,3.66381,0.30526,3.10817
43.7369,9.63482,3.66518,0.30554,3.10544
43.7567,9.63922,3.66654,0.30582,3.10272
43.7764,9.64362,3.66791,0.30609,3.09999
43.7966,9.64802,3.66928,0.30637,3.09727
43.8174,9.65255,3.67047,0.30932,3.09468
43.8385,9.65707,3.67163,0.31277,3.09213
43.8578,9.66156,3.67279,0.31636,3.08959
43.8782,9.66606,3.67396,0.31993,3.08705
43.8972,9.67054,3.67515,0.3235,3.08449
43.9177,9.67506,3.67619,0.32915,3.08207
43.9382,9.67957,3.67725,0.33488,3.07964
43.9571,9.68407,3.67834,0.34058,3.0772
43.9774,9.68855,3.67945,0.34625,3.07474
43.9979,9.69302,3.68059,0.35188,3.07226
44.0176,9.69742,3.68152,0.35997,3.07
44.0373,9.70179,3.68247,0.36816,3.06775
44.0575,9.70613,3.68346,0.37624,3.06547
44.0778,9.71045,3.68448,0.3842,3.06317
44.0991,9.71474,3.68554,0.3921,3.06085
44.1181,9.71889,3.68637,0.4024,3.05879
44.1376,9.723,3.68722,0.4129,3.05674
44.1577,9.72711,3.6881,0.4234,3.05464
44.1775,9.73121,3.68904,0.4339,3.05252
44.1978,9.7353,3.69001,0.44439,3.05036
44.2174,9.73939,3.69091,0.45632,3.04828
44.2377,9.74347,3.69185,0.46828,3.04617
44.2575,9.74753,3.69284,0.48024,3.04402
44.2778,9.75159,3.69388,0.49219,3.04182
44.2983,9.75563,3.69496,0.50415,3.0396
44.3176,9.75959,3.69601,0.51671,3.03743
44.338,9.76355,3.69711,0.52927,3.03522
44.3575,9.76749,3.69825,0.54183,3.03298
44.3778,9.77141,3.69945,0.55439,3.03069
44.3976,9.77532,3.7007,0.56695,3.02837
44.4173,9.77917,3.7019,0.58011,3.02611
44.4379,9.78299,3.70315,0.59329,3.02381
44.4574,9.7868,3.70445,0.60646,3.02148
44.4771,9.79058,3.7058,0.61963,3.0191
44.498,9.79436,3.7072,0.63281,3.01669
44.5188,9.7981,3.70864,0.64609,3.01425
44.5389,9.80182,3.71012,0.65938,3.01178
44.559,9.80553,3.71165,0.67267,3.00927
44.579,9.80921,3.71323,0.68596,3.00672
44.5999,9.81287,3.71486,0.69924,3.00413
44.6187,9.81649,3.71647,0.71292,3.00158
44.6384,9.82008,3.71814,0.72661,2.99898
44.6587,9.82365,3.71985,0.74029,2.99635
44.6791,9.82719,3.72161,0.75397,2.99368
44.6987,9.83071,3.72342,0.76765,2.99098
44.7192,9.83419,3.72523,0.7816,2.98828
44.7393,9.83764,3.72709,0.79555,2.98555
44.7589,9.84107,3.729,0.8095,2.98278
44.7794,9.84447,3.73096,0.82346,2.97998
44.7991,9.84784,3.73296,0.83741,2.97714
44.819,9.85119,3.73502,0.85133,2.97426
44.8385,9.85451,3.73712,0.86527,2.97135
44.8587,9.85781,3.73925,0.87925,2.9684
44.8788,9.86109,3.74143,0.89326,2.96543
44.8992,9.86433,3.74365,0.90729,2.96243
44.9189,9.86757,3.74592,0.92132,2.95939
44.9389,9.8708,3.74824,0.93531,2.9563
44.959,9.874,3.75059,0.94933,2.95319
44.9787,9.87717,3.75298,0.96338,2.95004
44.9999,9.88031,3.75542,0.97746,2.94688
45.0184,9.88341,3.75788,0.99159,2.94369
45.0387,9.88648,3.76039,1.00575,2.94047
45.0593,9.88952,3.76293,1.01994,2.93723
45.0788,9.89252,3.7655,1.03416,2.93396
45.0989,9.89549,3.76812,1.0484,2.93067
45.1199,9.89844,3.77077,1.06263,2.92735
45.1399,9.9014,3.77348,1.0768,2.92397
45.1587,9.90433,3.77623,1.09096,2.92057
45.179,9.90722,3.77901,1.10515,2.91714
45.199,9.91007,3.78183,1.11937,2.91369
45.2185,9.9129,3.78468,1.13356,2.91021
45.2386,9.91572,3.78759,1.14771,2.90669
45.2591,9.91849,3.79052,1.16188,2.90315
45.2788,9.92122,3.79349,1.17607,2.89959
45.2998,9.92391,3.79649,1.19029,2.89601
45.3189,9.92656,3.79955,1.20434,2.89238
45.339,9.92917,3.80265,1.21839,2.88873
45.3589,9.93173,3.80577,1.23246,2.88507
45.3787,9.93424,3.80893,1.24652,2.88138
45.3989,9.93669,3.81212,1.26059,2.87768
45.4192,9.93905,3.81553,1.27379,2.8738
45.4404,9.94136,3.81895,1.28685,2.86991
45.4588,9.94361,3.82241,1.29991,2.86601
45.4791,9.94581,3.82589,1.31296,2.86209
45.4989,9.94796,3.8294,1.32601,2.85816
45.5196,9.95002,3.83303,1.33853,2.85413
45.5391,9.95203,3.83669,1.35099,2.85009
45.5586,9.95399,3.84038,1.36344,2.84604
45.579,9.95589,3.84409,1.37587,2.84198
45.5985,9.95773,3.84782,1.38827,2.8379
45.619,9.95948,3.85174,1.39988,2.83368
45.6388,9.96117,3.85567,1.41136,2.82946
45.6591,9.96281,3.85963,1.42281,2.82522
45.6787,9.96439,3.86361,1.43421,2.82098
45.6993,9.96591,3.86761,1.44557,2.81672
45.7188,9.96735,3.87175,1.45629,2.81236
45.7389,9.96872,3.87591,1.4669,2.80799
45.7588,9.97005,3.8801,1.47746,2.80361
45.7787,9.97132,3.8843,1.48796,2.79922
45.7994,9.97253,3.88853,1.49839,2.79482
45.8187,9.97364,3.89293,1.50799,2.79029
45.8386,9.97469,3.89734,1.51744,2.78575
45.8586,9.97569,3.90178,1.5268,2.78121
45.8786,9.97664,3.90623,1.53609,2.77665
45.899,9.97754,3.91071,1.54529,2.77209
45.9187,9.97832,3.91625,1.55328,2.76653
45.9387,9.97896,3.92211,1.56005,2.76069
45.9596,9.97953,3.92795,1.56651,2.75489
45.9787,9.98005,3.9338,1.57286,2.74908
45.9997,9.98053,3.93968,1.5791,2.74326
46.0188,9.98081,3.94552,1.58326,2.73753
46.039,9.98103,3.95132,1.5869,2.73185
46.0589,9.9812,3.95712,1.59028,2.72619
46.0786,9.98134,3.96294,1.59353,2.72052
46.0988,9.98145,3.96877,1.59664,2.71483
46.1186,9.98136,3.97449,1.59731,2.70931
46.1386,9.98124,3.9802,1.59772,2.70381
46.1589,9.98112,3.9859,1.59813,2.69832
46.1786,9.98099,3.9916,1.59854,2.69283
46.1988,9.98087,3.9973,1.59895,2.68733
46.2187,9.98056,4.00292,1.597,2.68197
46.2386,9.98024,4.00852,1.59486,2.67663
46.2588,9.97994,4.01412,1.59273,2.67128
46.2786,9.97965,4.01972,1.59059,2.66593
46.2987,9.97937,4.02532,1.58846,2.66058
46.3189,9.97891,4.03087,1.58392,2.65533
46.3387,9.97847,4.03641,1.57919,2.65008
46.3589,9.97805,4.04195,1.57445,2.64483
46.3789,9.97765,4.04749,1.56972,2.63957
46.3986,9.97729,4.05304,1.56499,2.6343
46.4187,9.97677,4.05887,1.55805,2.62879
46.4387,9.97627,4.06477,1.55074,2.62322
46.4589,9.97582,4.07067,1.54344,2.61764
46.4786,9.9754,4.07657,1.53614,2.61205
46.4991,9.97503,4.08247,1.52883,2.60644
46.5189,9.97452,4.08835,1.51916,2.6009
46.5388,9.97405,4.09422,1.50931,2.59535
46.5588,9.97363,4.1001,1.49946,2.58978
46.579,9.97327,4.10598,1.48961,2.5842
46.5989,9.97297,4.11187,1.47976,2.5786
46.6189,9.97262,4.11771,1.46851,2.57305
46.6387,9.97232,4.12355,1.45721,2.5675
46.6586,9.97209,4.12939,1.44592,2.56192
46.6788,9.97193,4.13524,1.43463,2.55633
46.6993,9.97184,4.14109,1.42333,2.55072
46.7186,9.97179,4.14691,1.41186,2.54512
46.7389,9.9718,4.15273,1.40039,2.5395
46.7588,9.97189,4.15855,1.38891,2.53387
46.7788,9.97204,4.16437,1.37744,2.52822
46.7995,9.97226,4.17019,1.36597,2.52256
46.8208,9.97252,4.17597,1.35426,2.51692
46.841,9.97285,4.18175,1.34255,2.51127
46.8601,9.97324,4.18753,1.33085,2.5056
46.88,9.9737,4.1933,1.31914,2.49992
46.9003,9.97423,4.19906,1.30743,2.49422
46.92,9.97484,4.20483,1.29579,2.48851
46.9405,9.97551,4.21059,1.28416,2.48278
46.9603,9.97625,4.21635,1.27254,2.47704
46.9799,9.97706,4.22209,1.26091,2.4713
47.0008,9.97793,4.22782,1.24928,2.46554
47.0198,9.97887,4.23354,1.23761,2.45979
47.0415,9.97987,4.23925,1.22594,2.45402
47.0608,9.98094,4.24494,1.21427,2.44825
47.08,9.98207,4.25062,1.20259,2.44248
47.1006,9.98328,4.25629,1.19092,2.4367
47.1199,9.98456,4.26196,1.17938,2.43089
47.1401,9.98593,4.26763,1.16796,2.42507
47.161,9.98736,4.27328,1.15655,2.41924
47.1806,9.98885,4.27892,1.14513,2.41341
47.2006,9.99041,4.28453,1.13372,2.40758
47.2206,9.99205,4.29015,1.12243,2.40173
47.2398,9.99377,4.29575,1.1112,2.39587
47.2601,9.99554,4.30133,1.09997,2.39002
47.2803,9.99738,4.30689,1.08874,2.38417
47.3006,9.99928,4.31243,1.07751,2.37832
47.3207,10.00127,4.31796,1.06644,2.37245
47.34,10.00335,4.3235,1.05559,2.36656
47.3608,10.00549,4.32901,1.04477,2.36067
47.3801,10.00769,4.3345,1.03395,2.35479
47.4007,10.00995,4.33997,1.02313,2.34891
47.4198,10.0123,4.34542,1.01246,2.34303
47.4399,10.01474,4.35088,1.00206,2.33711
47.4615,10.01725,4.35631,0.9917,2.33121
47.4799,10.0198,4.36172,0.98133,2.32531
47.501,10.02242,4.36709,0.97096,2.31942
47.5204,10.02512,4.37246,0.96076,2.31353
47.54,10.02791,4.37782,0.95083,2.30761
47.5611,10.03076,4.38315,0.94094,2.30171
47.5815,10.03367,4.38846,0.93104,2.29582
47.6009,10.03662,4.39374,0.92114,2.28994
47.6211,10.03966,4.399,0.91142,2.28406
47.6422,10.0428,4.40425,0.90203,2.27815
47.6618,10.04601,4.40949,0.89275,2.27226
47.6811,10.04926,4.41469,0.88346,2.26637
47.7014,10.05257,4.41987,0.87418,2.26051
47.7213,10.05595,4.42502,0.86508,2.25464
47.7412,10.05943,4.43017,0.85633,2.24876
47.7612,10.06297,4.4353,0.84767,2.24289
47.7815,10.06656,4.44039,0.83901,2.23703
47.8026,10.07019,4.44545,0.83035,2.2312
47.8212,10.0739,4.45049,0.82189,2.22537
47.8421,10.07771,4.45553,0.81379,2.21952
47.8613,10.0816,4.46054,0.8059,2.21368
47.8815,10.08552,4.46552,0.79801,2.20785
47.9015,10.08949,4.47048,0.79013,2.20205
47.9213,10.09342,4.47524,0.78332,2.19645
47.9421,10.09739,4.47994,0.77733,2.19089
47.9611,10.10146,4.4846,0.7718,2.18536
47.9811,10.1056,4.48921,0.76651,2.17987
48.0014,10.10976,4.49379,0.76122,2.17439
48.0211,10.11402,4.49825,0.75775,2.16901
48.0418,10.11834,4.50266,0.75493,2.16367
48.0616,10.12269,4.50705,0.75218,2.15836
48.0825,10.12705,4.51142,0.74944,2.15305
48.1029,10.13142,4.51578,0.74669,2.14776
48.1223,10.13585,4.52006,0.74515,2.14254
48.1421,10.14031,4.52432,0.74381,2.13734
48.1622,10.14478,4.52857,0.74247,2.13215
48.1822,10.14925,4.53281,0.74112,2.12697
48.2031,10.15372,4.53705,0.73978,2.1218
48.2226,10.1582,4.54128,0.73849,2.11665
48.2427,10.16269,4.5455,0.73719,2.11151
48.2627,10.16717,4.54971,0.7359,2.10637
48.2826,10.17167,4.55392,0.7346,2.10125
48.303,10.17617,4.55812,0.73331,2.09614
48.3223,10.18067,4.56231,0.73203,2.09104
48.3429,10.18518,4.5665,0.73076,2.08595
48.3622,10.1897,4.57068,0.72948,2.08087
48.3822,10.19422,4.57486,0.7282,2.0758
48.403,10.19874,4.57903,0.72693,2.07074
48.4224,10.20328,4.5832,0.72562,2.06569
48.4425,10.20782,4.58736,0.7243,2.06064
48.4622,10.21236,4.59152,0.72299,2.05561
48.4825,10.21691,4.59567,0.72168,2.05059
48.5029,10.22147,4.59982,0.72037,2.04557
48.5222,10.22603,4.60396,0.71904,2.04057
48.5423,10.23059,4.60809,0.71772,2.03558
48.5622,10.23517,4.61222,0.71639,2.0306
48.5821,10.23975,4.61635,0.71507,2.02563
48.6026,10.24433,4.62047,0.71374,2.02067
48.6222,10.24892,4.62458,0.71241,2.01573
48.6422,10.25351,4.62869,0.71108,2.01079
48.6624,10.25811,4.63279,0.70975,2.00587
48.6822,10.26272,4.63688,0.70843,2.00096
48.7023,10.26733,4.64097,0.7071,1.99606
48.722,10.27195,4.64505,0.70576,1.99117
48.7423,10.27657,4.64913,0.70443,1.98629
48.7627,10.28119,4.6532,0.7031,1.98143
48.7827,10.28583,4.65726,0.70177,1.97658
48.8023,10.29047,4.66132,0.70044,1.97174
48.8221,10.29511,4.66537,0.6991,1.96691
48.8424,10.29976,4.66942,0.69777,1.9621
48.8628,10.30441,4.67346,0.69644,1.95729
48.883,10.30907,4.67749,0.6951,1.95251
48.903,10.31374,4.68152,0.69377,1.94773
48.923,10.31841,4.68554,0.69244,1.94297
48.9423,10.32308,4.68955,0.69111,1.93822
48.963,10.32777,4.69356,0.68978,1.93348
48.9825,10.33245,4.69756,0.68845,1.92876
49.0028,10.33714,4.70156,0.68712,1.92405
49.0224,10.34184,4.70555,0.68579,1.91935
49.0436,10.34654,4.70953,0.68446,1.91467
49.0629,10.35125,4.7135,0.68313,1.91
49.0823,10.35596,4.71748,0.6818,1.90535
49.1027,10.36068,4.72144,0.68047,1.90071
49.1222,10.36541,4.7254,0.67914,1.89608
49.1433,10.37013,4.72935,0.67781,1.89147
49.1628,10.37487,4.73329,0.67648,1.88687
49.1824,10.37961,4.73723,0.67515,1.88229
49.2021,10.38435,4.74116,0.67382,1.87772
49.2227,10.3891,4.74509,0.67249,1.87317
49.2426,10.39386,4.74901,0.67116,1.86863
49.2635,10.39862,4.75292,0.66983,1.8641
49.283,10.40338,4.75683,0.66851,1.85959
49.3024,10.40815,4.76073,0.66718,1.8551
49.3222,10.412,4.76366,0.66812,1.8517
49.3423,10.41576,4.76648,0.66963,1.84842
49.3631,10.41951,4.76931,0.67106,1.84515
49.3828,10.42327,4.77216,0.67235,1.84185
49.4024,10.42702,4.77502,0.67362,1.83855
49.4221,10.43084,4.7777,0.67732,1.83543
49.4424,10.43466,4.78038,0.68113,1.83231
49.4627,10.43847,4.78308,0.68494,1.82919
49.4825,10.44226,4.78579,0.68876,1.82606
49.5024,10.44605,4.78852,0.69257,1.82293
49.5226,10.44986,4.79104,0.69883,1.82
49.5422,10.45366,4.79357,0.70522,1.81706
49.5628,10.45745,4.79613,0.7116,1.81412
49.5824,10.46121,4.79871,0.71799,1.81116
49.6021,10.46496,4.80131,0.72437,1.80818
49.6225,10.46877,4.80375,0.73321,1.80537
49.6424,10.47256,4.80621,0.74217,1.80254
49.6628,10.47633,4.8087,0.75113,1.7997
49.6828,10.48008,4.81123,0.76008,1.79682
49.7027,10.4838,4.81379,0.76904,1.79393
49.7222,10.4875,4.81625,0.77912,1.79114
49.7428,10.49117,4.81874,0.78923,1.78832
49.7623,10.49482,4.82128,0.79934,1.78548
49.7824,10.49844,4.82384,0.80946,1.78261
49.8031,10.50203,4.82644,0.81958,1.77972
49.8228,10.5056,4.82908,0.82973,1.7768
49.8425,10.50914,4.83175,0.83988,1.77385
49.863,10.51266,4.83446,0.85003,1.77088
49.8824,10.51614,4.8372,0.86019,1.76788
49.9028,10.5196,4.83997,0.87036,1.76485
49.9223,10.52301,4.84272,0.88088,1.76186
49.9428,10.5264,4.8455,0.89142,1.75885
49.9626,10.52975,4.84831,0.90196,1.75581
49.9828,10.53308,4.85116,0.91251,1.75274
50.0027,10.53637,4.85405,0.92307,1.74965
50.0222,10.53962,4.85684,0.93437,1.74665
50.043,10.54284,4.85966,0.94569,1.74364
50.0626,10.54603,4.86252,0.95701,1.74059
50.0828,10.54918,4.86541,0.96835,1.73752
50.1027,10.55231,4.86833,0.9797,1.73442
50.1223,10.55538,4.87125,0.9913,1.73134
50.143,10.55842,4.8742,1.00291,1.72823
50.1626,10.56142,4.87718,1.01453,1.7251
50.1828,10.56439,4.88019,1.02616,1.72194
50.2023,10.56733,4.88324,1.0378,1.71875
50.2221,10.57022,4.8863,1.04956,1.71556
50.2425,10.57307,4.88939,1.06134,1.71234
50.2626,10.5759,4.89252,1.07312,1.70909
50.2829,10.57868,4.89567,1.0849,1.70582
50.3036,10.58143,4.89886,1.0967,1.70252
50.3225,10.58414,4.90207,1.10856,1.69921
50.3429,10.58681,4.9053,1.12042,1.69587
50.363,10.58944,4.90857,1.13229,1.69251
50.3822,10.59203,4.91188,1.14415,1.68912
50.4032,10.59458,4.91521,1.15602,1.6857
50.4227,10.59711,4.91857,1.16785,1.68226
50.4422,10.59961,4.92197,1.17967,1.67878
50.4623,10.60206,4.9254,1.19148,1.67528
50.4824,10.60447,4.92886,1.20329,1.67176
50.5026,10.60684,4.93235,1.21509,1.66821
50.5227,10.60919,4.93587,1.22685,1.66463
50.5427,10.6115,4.93943,1.23858,1.66102
50.5623,10.61376,4.94301,1.2503,1.65739
50.5823,10.61598,4.94662,1.26201,1.65373
50.6028,10.61816,4.95026,1.2737,1.65005
50.6222,10.6203,4.95393,1.28534,1.64634
50.6424,10.62241,4.95763,1.29696,1.6426
50.6626,10.62447,4.96136,1.30855,1.63884
50.6822,10.62648,4.96511,1.32012,1.63506
50.7027,10.62844,4.96889,1.33167,1.63125
50.7221,10.63038,4.9727,1.34316,1.62741
50.7429,10.63227,4.97655,1.35461,1.62355
50.7623,10.63411,4.98041,1.36603,1.61966
50.7823,10.6359,4.98431,1.37742,1.61576
50.8028,10.63764,4.98822,1.38877,1.61182
50.8223,10.63935,4.99217,1.40005,1.60786
50.8428,10.64101,4.99615,1.41129,1.60388
50.8624,10.64262,5.00014,1.42249,1.59987
50.8825,10.64417,5.00417,1.43364,1.59584
50.9026,10.64567,5.00821,1.44475,1.59179
50.9224,10.64711,5.01234,1.45548,1.58766
50.9426,10.6485,5.01649,1.46615,1.58351
50.9622,10.64983,5.02066,1.47677,1.57934
50.9823,10.6511,5.02486,1.48732,1.57514
51.0029,10.65232,5.02908,1.49782,1.57092
51.0225,10.65347,5.03339,1.50783,1.56661
51.0424,10.65455,5.03773,1.51776,1.56228
51.0624,10.65559,5.04208,1.52761,1.55793
51.0821,10.65657,5.04646,1.53738,1.55355
51.1025,10.6575,5.05086,1.54708,1.54916
51.1222,10.65834,5.05535,1.5563,1.54467
51.1422,10.65914,5.05986,1.56543,1.54017
51.1624,10.65988,5.06439,1.57447,1.53565
51.1821,10.66057,5.06894,1.5834,1.5311
51.2024,10.66121,5.07351,1.59224,1.52653
51.2224,10.6617,5.07838,1.5997,1.52167
51.2427,10.66211,5.08325,1.60671,1.5168
51.2623,10.66248,5.08814,1.61358,1.51191
51.2827,10.66281,5.09305,1.62033,1.50701
51.3027,10.66309,5.09798,1.62694,1.50208
51.3224,10.66326,5.10305,1.63277,1.49701
51.3424,10.66339,5.10814,1.63839,1.49192
51.3627,10.66348,5.11324,1.64387,1.48682
51.3824,10.66353,5.11837,1.6492,1.48169
51.4024,10.66354,5.12353,1.65439,1.47654
51.4225,10.66331,5.12959,1.65818,1.47047
51.4434,10.66298,5.13586,1.66089,1.46419
51.4631,10.66261,5.14215,1.6634,1.45791
51.4823,10.66221,5.14845,1.66576,1.4516
51.5035,10.66179,5.15476,1.66811,1.44529
51.5222,10.66118,5.16104,1.66807,1.439
51.5433,10.66055,5.16732,1.66785,1.43272
51.5626,10.65992,5.17359,1.66763,1.42644
51.5822,10.65929,5.17987,1.6674,1.42016
51.6034,10.65866,5.18615,1.66718,1.41388
51.6223,10.6579,5.1924,1.66508,1.40762
51.6427,10.65713,5.19865,1.66289,1.40136
51.6627,10.65638,5.20491,1.66069,1.39511
51.6829,10.65564,5.21117,1.6585,1.38885
51.7023,10.65492,5.21742,1.6563,1.38258
51.7225,10.65422,5.22367,1.65423,1.37634
51.7429,10.65354,5.22991,1.65218,1.3701
51.7627,10.65287,5.23615,1.65013,1.36386
51.7824,10.65221,5.24239,1.64807,1.35761
51.8025,10.65156,5.24863,1.64602,1.35137
51.8228,10.65095,5.25485,1.64416,1.34515
51.8428,10.65036,5.26105,1.64242,1.33895
51.8623,10.64977,5.26725,1.64067,1.33275
51.8824,10.6492,5.27346,1.63892,1.32655
51.9034,10.64864,5.27966,1.63718,1.32034
51.9223,10.64812,5.28581,1.63576,1.31419
51.9424,10.64762,5.29195,1.63442,1.30805
51.9628,10.64712,5.2981,1.63308,1.30191
51.9826,10.64663,5.30424,1.63175,1.29576
52.0044,10.64615,5.31039,1.63041,1.28962
52.0224,10.64569,5.31652,1.62915,1.28349
52.0441,10.64523,5.32265,1.6279,1.27736
52.0622,10.64478,5.32879,1.62665,1.27123
52.0822,10.64434,5.33492,1.62541,1.26509
52.1031,10.64391,5.34105,1.62416,1.25896
52.1237,10.64348,5.34719,1.6229,1.25283
52.1436,10.64306,5.35333,1.62165,1.24669
52.1635,10.64265,5.35946,1.62039,1.24056
52.1838,10.64225,5.3656,1.61913,1.23443
52.2049,10.64185,5.37174,1.61788,1.22829
52.2254,10.64146,5.37788,1.61661,1.22215
52.2452,10.64108,5.38402,1.61534,1.21601
52.2653,10.64071,5.39016,1.61407,1.20988
52.2854,10.64034,5.3963,1.6128,1.20374
52.3057,10.63998,5.40244,1.61153,1.1976
52.3257,10.63963,5.40859,1.61021,1.19145
52.3454,10.63928,5.41475,1.60889,1.1853
52.3652,10.63894,5.4209,1.60758,1.17915
52.3852,10.63861,5.42705,1.60626,1.17301
52.4059,10.63829,5.4332,1.60494,1.16686
52.4259,10.63798,5.43935,1.60361,1.16071
52.4454,10.63767,5.44551,1.60228,1.15456
52.4655,10.63737,5.45166,1.60096,1.14841
52.4862,10.63708,5.45782,1.59963,1.14225
52.5057,10.6368,5.46397,1.59831,1.1361
52.5267,10.63653,5.47013,1.59699,1.12995
52.5463,10.63626,5.47628,1.59567,1.1238
52.5667,10.63601,5.48244,1.59435,1.11765
52.5866,10.63576,5.48859,1.59304,1.1115
52.607,10.63552,5.49475,1.59172,1.10535
52.6268,10.63528,5.50091,1.59038,1.09919
52.6471,10.63506,5.50707,1.58905,1.09303
52.6666,10.63484,5.51323,1.58771,1.08688
52.6868,10.63463,5.51939,1.58638,1.08072
52.7065,10.63443,5.52555,1.58504,1.07457
52.7265,10.63424,5.53171,1.58371,1.06841
52.7467,10.63405,5.53787,1.58238,1.06225
52.7673,10.63388,5.54403,1.58104,1.0561
52.7871,10.63371,5.55019,1.57971,1.04994
52.8073,10.63355,5.55635,1.57837,1.04378
52.8267,10.6334,5.56251,1.57704,1.03762
52.8469,10.63326,5.56867,1.57571,1.03147
52.8666,10.63312,5.57483,1.57438,1.02531
52.8869,10.63299,5.58099,1.57305,1.01915
52.9065,10.63288,5.58715,1.57172,1.01299
52.9266,10.63277,5.59332,1.57039,1.00683
52.9468,10.63266,5.59948,1.56906,1.00067
52.9675,10.63257,5.60564,1.56773,0.99451
52.9884,10.63248,5.6118,1.5664,0.98835
53.0079,10.63241,5.61796,1.56507,0.9822
53.0288,10.63234,5.62412,1.56374,0.97604
53.0484,10.63228,5.63029,1.56241,0.96988
53.0689,10.63222,5.63645,1.56108,0.96372
53.0886,10.63218,5.64261,1.55975,0.95755
53.1107,10.63214,5.64877,1.55842,0.95139
53.1287,10.63211,5.65494,1.55709,0.94523
53.1489,10.63209,5.6611,1.55577,0.93907
53.1691,10.63208,5.66726,1.55444,0.93291
53.1885,10.63208,5.67342,1.55311,0.92675
53.2094,10.63208,5.67958,1.55178,0.92059
53.2289,10.6321,5.68575,1.55045,0.91443
53.2486,10.63212,5.69191,1.54912,0.90827
53.269,10.63215,5.69807,1.54779,0.90211
53.2894,10.63218,5.70423,1.54646,0.89594
53.3098,10.63223,5.7104,1.54513,0.88978
53.3287,10.63228,5.71656,1.5438,0.88362
53.3486,10.63234,5.72272,1.54247,0.87746
53.369,10.63241,5.72888,1.54114,0.8713
53.3885,10.63249,5.73504,1.53982,0.86513
53.41,10.63258,5.7412,1.53849,0.85897
53.429,10.63267,5.74737,1.53716,0.85281
53.4488,10.63278,5.75353,1.53583,0.84665
53.4689,10.63289,5.75969,1.5345,0.84049
53.4887,10.63301,5.76585,1.53317,0.83432
53.5091,10.63313,5.77201,1.53184,0.82816
53.529,10.63327,5.77817,1.53051,0.822
53.5487,10.63341,5.78433,1.52918,0.81584
53.5693,10.63357,5.79049,1.52785,0.80967
53.5886,10.63373,5.79665,1.52652,0.80351
53.609,10.63389,5.80281,1.52519,0.79735
53.6298,10.63407,5.80897,1.52386,0.79119
53.6494,10.63426,5.81513,1.52253,0.78503
53.6706,10.63445,5.82129,1.52121,0.77886
53.6899,10.63465,5.82745,1.51988,0.7727
53.7106,10.63486,5.83361,1.51855,0.76654
53.7303,10.63508,5.83977,1.51722,0.76038
53.7496,10.6353,5.84593,1.51589,0.75422
53.7703,10.63554,5.85208,1.51456,0.74806
53.7906,10.63578,5.85824,1.51323,0.74189
53.8109,10.63603,5.8644,1.5119,0.73573
53.8298,10.63629,5.87056,1.51057,0.72957
53.8497,10.63655,5.87671,1.50924,0.72341
53.8696,10.63683,5.88287,1.50791,0.71725
53.8907,10.63711,5.88902,1.50658,0.71109
53.9111,10.6374,5.89518,1.50525,0.70493
53.9297,10.6377,5.90134,1.50392,0.69877
53.9496,10.63801,5.90749,1.50259,0.69261
53.971,10.63832,5.91364,1.50126,0.68646
53.9898,10.63865,5.9198,1.49994,0.6803
54.011,10.63898,5.92595,1.49861,0.67414
54.0297,10.6394,5.93103,1.49941,0.66906
54.0501,10.63988,5.93593,1.50089,0.66415
54.0704,10.64033,5.94086,1.50227,0.65921
54.0902,10.64077,5.9458,1.50354,0.65427
54.1105,10.64121,5.95074,1.50481,0.64932
54.1307,10.64158,5.95663,1.50451,0.64343
54.1522,10.64189,5.96278,1.50321,0.63727
54.1718,10.6422,5.96894,1.50191,0.63111
54.1911,10.64252,5.97509,1.5006,0.62495
54.2117,10.64285,5.98125,1.4993,0.6188
54.2317,10.64319,5.9874,1.49799,0.61264
54.2514,10.64354,5.99355,1.49668,0.60649
54.2709,10.64389,5.9997,1.49536,0.60034
54.291,10.64425,6.00584,1.49405,0.59418
54.3132,10.64462,6.01199,1.49274,0.58803
54.3339,10.645,6.01814,1.49141,0.58188
54.3538,10.64538,6.02429,1.49008,0.57572
54.3746,10.64577,6.03044,1.48875,0.56957
54.3943,10.64618,6.03659,1.48742,0.56342
54.4141,10.64658,6.04274,1.48609,0.55727
54.4338,10.64699,6.04892,1.48456,0.55109
54.4538,10.6474,6.0551,1.48303,0.5449
54.475,10.64782,6.06128,1.4815,0.53872
54.494,10.64826,6.06746,1.47996,0.53254
54.5143,10.6487,6.07364,1.47843,0.52636
54.5338,10.64914,6.07985,1.4767,0.52015
54.5545,10.64959,6.08606,1.47496,0.51394
54.5745,10.65005,6.09227,1.47322,0.50773
54.5941,10.65052,6.09848,1.47149,0.50152
54.6138,10.651,6.10469,1.46975,0.49531
54.6341,10.65153,6.10978,1.47011,0.49023
54.6542,10.65211,6.11469,1.47109,0.48531
54.6741,10.65268,6.11964,1.47198,0.48036
54.6937,10.65324,6.1246,1.47281,0.47541
54.7142,10.65379,6.12956,1.47365,0.47045
54.7338,10.65452,6.13447,1.47686,0.46555
54.7542,10.65525,6.13938,1.48024,0.46065
54.775,10.65597,6.14429,1.48362,0.45575
54.7936,10.65667,6.1492,1.487,0.45085
54.8141,10.65735,6.15412,1.49038,0.44594
54.8338,10.65799,6.15999,1.4923,0.44008
54.854,10.65854,6.16612,1.49315,0.43397
54.8743,10.65908,6.17225,1.49396,0.42784
54.8947,10.65961,6.17839,1.49477,0.42172
54.9142,10.66015,6.18453,1.49558,0.4156
54.9338,10.66052,6.19068,1.49437,0.40946
54.9538,10.66088,6.19683,1.49304,0.40332
54.9738,10.66126,6.20298,1.49172,0.39718
54.9941,10.66164,6.20913,1.49039,0.39104
55.014,10.66203,6.21528,1.48906,0.38491
55.0342,10.66242,6.22146,1.48754,0.37874
55.0538,10.66281,6.22764,1.48602,0.37258
55.0742,10.66322,6.23382,1.4845,0.36642
55.0943,10.66363,6.24,1.48297,0.36026
55.1151,10.66406,6.24618,1.48145,0.3541
55.1361,10.66446,6.25242,1.47952,0.34788
55.1553,10.66488,6.25867,1.47758,0.34166
55.1757,10.66531,6.26491,1.47564,0.33544
55.1956,10.66576,6.27115,1.47371,0.32922
55.2151,10.66621,6.2774,1.47177,0.32301
55.2356,10.66668,6.28362,1.46994,0.31682
55.2555,10.66717,6.28984,1.46812,0.31063
55.2772,10.66767,6.29606,1.4663,0.30445
55.2974,10.66818,6.30228,1.46448,0.29827
55.3173,10.6687,6.3085,1.46266,0.2921
55.3379,10.66926,6.31359,1.46294,0.28706
55.3575,10.66987,6.3185,1.46384,0.2822
55.3776,10.67047,6.32345,1.46463,0.27731
55.3983,10.67105,6.32841,1.46538,0.27241
55.4188,10.67164,6.33337,1.46614,0.26751
55.4386,10.6724,6.33826,1.46929,0.26269
55.4596,10.67316,6.34315,1.47261,0.25789
55.4792,10.67391,6.34804,1.47594,0.25309
55.4989,10.67464,6.35293,1.47926,0.24829
55.5189,10.67535,6.35782,1.48258,0.2435
55.5386,10.67602,6.36365,1.48439,0.23778
55.5587,10.67661,6.36971,1.48518,0.23182
55.5786,10.67719,6.37578,1.48593,0.22586
55.5992,10.67777,6.38186,1.48668,0.2199
55.6208,10.67834,6.38793,1.48743,0.21396
55.6387,10.67878,6.394,1.48664,0.208
55.6592,10.67923,6.40007,1.48579,0.20206
55.6786,10.67968,6.40614,1.48494,0.19612
