[INFO] [launch]: All log files can be found below /home/bara/.ros/log/2026-08-14-16-57-34-390637-bara-5457
[INFO] [launch]: Default logging verbosity is set to INFO
[INFO] [launch.user]: PILHA subindo — espere os servidores ativarem (o Smac leva ~16 s montando a heurística) e então clique "2D Goal Pose" no RViz.
[INFO] [map_server-1]: process started with pid [5461]
[INFO] [planner_server-2]: process started with pid [5462]
[INFO] [smoother_server-3]: process started with pid [5463]
[INFO] [controller_server-4]: process started with pid [5464]
[INFO] [bt_navigator-5]: process started with pid [5465]
[INFO] [amcl-6]: process started with pid [5466]
[INFO] [lifecycle_manager-7]: process started with pid [5467]
[INFO] [heading_controller-8]: process started with pid [5468]
[INFO] [collision_monitor-9]: process started with pid [5469]
[INFO] [twist_mux-10]: process started with pid [5470]
[INFO] [compensador_rumo-11]: process started with pid [5471]
[INFO] [path_follower-12]: process started with pid [5472]
[INFO] [ros2-13]: process started with pid [5473]
[lifecycle_manager-7] [INFO] [1786737454.746876853] [lifecycle_manager_pilha]: Creating
[twist_mux-10] [INFO] [1786737454.752635769] [twist_mux]: Topic handler 'topics.autonomia' subscribed to topic 'auto_vel': timeout = 0.500000s , priority = 10.
[twist_mux-10] [INFO] [1786737454.767047306] [twist_mux]: Topic handler 'topics.desencalhe' subscribed to topic 'unstuck_vel': timeout = 0.500000s , priority = 30.
[twist_mux-10] [INFO] [1786737454.770140456] [twist_mux]: Topic handler 'topics.teclado' subscribed to topic 'key_vel': timeout = 0.500000s , priority = 90.
[twist_mux-10] [INFO] [1786737454.772685892] [twist_mux]: Topic handler 'topics.web' subscribed to topic 'web_vel': timeout = 0.500000s , priority = 50.
[lifecycle_manager-7] [INFO] [1786737454.786521082] [lifecycle_manager_pilha]: [34m[1mCreating and initializing lifecycle service clients[0m[0m
[amcl-6] [INFO] [1786737454.791566117] [amcl]: 
[amcl-6] 	amcl lifecycle node launched. 
[amcl-6] 	Waiting on external lifecycle transitions to activate
[amcl-6] 	See https://design.ros2.org/articles/node_lifecycle.html for more information.
[collision_monitor-9] [INFO] [1786737454.794730162] [collision_monitor]: 
[collision_monitor-9] 	collision_monitor lifecycle node launched. 
[collision_monitor-9] 	Waiting on external lifecycle transitions to activate
[collision_monitor-9] 	See https://design.ros2.org/articles/node_lifecycle.html for more information.
[amcl-6] [INFO] [1786737454.794871756] [amcl]: Creating
[smoother_server-3] [INFO] [1786737454.795367004] [smoother_server]: 
[smoother_server-3] 	smoother_server lifecycle node launched. 
[smoother_server-3] 	Waiting on external lifecycle transitions to activate
[smoother_server-3] 	See https://design.ros2.org/articles/node_lifecycle.html for more information.
[smoother_server-3] [INFO] [1786737454.812183885] [smoother_server]: Creating smoother server
[planner_server-2] [INFO] [1786737454.820777110] [planner_server]: 
[planner_server-2] 	planner_server lifecycle node launched. 
[planner_server-2] 	Waiting on external lifecycle transitions to activate
[planner_server-2] 	See https://design.ros2.org/articles/node_lifecycle.html for more information.
[planner_server-2] [INFO] [1786737454.825268812] [planner_server]: Creating
[bt_navigator-5] [INFO] [1786737454.847250558] [bt_navigator]: 
[bt_navigator-5] 	bt_navigator lifecycle node launched. 
[bt_navigator-5] 	Waiting on external lifecycle transitions to activate
[bt_navigator-5] 	See https://design.ros2.org/articles/node_lifecycle.html for more information.
[bt_navigator-5] [INFO] [1786737454.854137627] [bt_navigator]: Creating
[planner_server-2] [INFO] [1786737454.856788001] [global_costmap.global_costmap]: 
[planner_server-2] 	global_costmap lifecycle node launched. 
[planner_server-2] 	Waiting on external lifecycle transitions to activate
[planner_server-2] 	See https://design.ros2.org/articles/node_lifecycle.html for more information.
[planner_server-2] [INFO] [1786737454.863006105] [global_costmap.global_costmap]: Creating Costmap
[map_server-1] [INFO] [1786737454.880719004] [map_server]: 
[map_server-1] 	map_server lifecycle node launched. 
[map_server-1] 	Waiting on external lifecycle transitions to activate
[map_server-1] 	See https://design.ros2.org/articles/node_lifecycle.html for more information.
[map_server-1] [INFO] [1786737454.885045159] [map_server]: Creating
[controller_server-4] [INFO] [1786737454.936985933] [controller_server]: 
[controller_server-4] 	controller_server lifecycle node launched. 
[controller_server-4] 	Waiting on external lifecycle transitions to activate
[controller_server-4] 	See https://design.ros2.org/articles/node_lifecycle.html for more information.
[controller_server-4] [INFO] [1786737454.954958682] [controller_server]: Creating controller server
[lifecycle_manager-7] [INFO] [1786737455.209407180] [lifecycle_manager_pilha]: [34m[1mStarting managed nodes bringup...[0m[0m
[lifecycle_manager-7] [INFO] [1786737455.209552813] [lifecycle_manager_pilha]: [34m[1mConfiguring map_server[0m[0m
[map_server-1] [INFO] [1786737455.212948875] [map_server]: Configuring
[map_server-1] [INFO] [1786737455.213091768] [map_io]: Loading yaml file: /home/bara/Controle_robo_livox/maps/sala_andar3/sala_andar3.yaml
[map_server-1] [INFO] [1786737455.217037616] [map_io]: resolution: 0.05
[map_server-1] [INFO] [1786737455.217086628] [map_io]: origin[0]: -2.039
[map_server-1] [INFO] [1786737455.217110666] [map_io]: origin[1]: -13.044
[map_server-1] [INFO] [1786737455.217124879] [map_io]: origin[2]: 0
[map_server-1] [INFO] [1786737455.217137330] [map_io]: free_thresh: 0.196
[map_server-1] [INFO] [1786737455.217149865] [map_io]: occupied_thresh: 0.65
[map_server-1] [INFO] [1786737455.217163666] [map_io]: mode: trinary
[map_server-1] [INFO] [1786737455.217176945] [map_io]: negate: 0
[map_server-1] [INFO] [1786737455.232040451] [map_io]: Loading image_file: /home/bara/Controle_robo_livox/maps/sala_andar3/sala_andar3.pgm
[controller_server-4] [INFO] [1786737455.237949062] [local_costmap.local_costmap]: 
[controller_server-4] 	local_costmap lifecycle node launched. 
[controller_server-4] 	Waiting on external lifecycle transitions to activate
[controller_server-4] 	See https://design.ros2.org/articles/node_lifecycle.html for more information.
[controller_server-4] [INFO] [1786737455.240025339] [local_costmap.local_costmap]: Creating Costmap
[map_server-1] [INFO] [1786737455.250365387] [map_io]: Read map /home/bara/Controle_robo_livox/maps/sala_andar3/sala_andar3.pgm: 197 X 636 map @ 0.05 m/cell
[lifecycle_manager-7] [INFO] [1786737455.275585274] [lifecycle_manager_pilha]: [34m[1mConfiguring amcl[0m[0m
[amcl-6] [INFO] [1786737455.276684495] [amcl]: Configuring
[amcl-6] [INFO] [1786737455.277336832] [amcl]: initTransforms
[amcl-6] [INFO] [1786737455.294593961] [amcl]: initPubSub
[amcl-6] [INFO] [1786737455.315788154] [amcl]: Subscribed to map topic.
[lifecycle_manager-7] [INFO] [1786737455.324402580] [lifecycle_manager_pilha]: [34m[1mConfiguring planner_server[0m[0m
[planner_server-2] [INFO] [1786737455.324780975] [planner_server]: Configuring
[planner_server-2] [INFO] [1786737455.324836018] [global_costmap.global_costmap]: Configuring
[planner_server-2] [INFO] [1786737455.339883338] [global_costmap.global_costmap]: Using plugin "static_layer"
[planner_server-2] [INFO] [1786737455.356629116] [global_costmap.global_costmap]: Subscribing to the map topic (/map) with transient local durability
[planner_server-2] [INFO] [1786737455.360163256] [global_costmap.global_costmap]: Initialized plugin "static_layer"
[planner_server-2] [INFO] [1786737455.360203316] [global_costmap.global_costmap]: Using plugin "obstacle_layer"
[planner_server-2] [INFO] [1786737455.362678102] [global_costmap.global_costmap]: Subscribed to Topics: livox
[planner_server-2] [INFO] [1786737455.371982624] [global_costmap.global_costmap]: Initialized plugin "obstacle_layer"
[planner_server-2] [INFO] [1786737455.372018408] [global_costmap.global_costmap]: Using plugin "inflation_layer"
[planner_server-2] [INFO] [1786737455.373152477] [global_costmap.global_costmap]: Initialized plugin "inflation_layer"
[planner_server-2] [INFO] [1786737455.414094892] [planner_server]: Created global planner plugin GridBased of type nav2_theta_star_planner::ThetaStarPlanner
[planner_server-2] [INFO] [1786737455.414648985] [planner_server]: Planner Server has GridBased  planners available.
[lifecycle_manager-7] [INFO] [1786737455.433605797] [lifecycle_manager_pilha]: [34m[1mConfiguring smoother_server[0m[0m
[smoother_server-3] [INFO] [1786737455.434003341] [smoother_server]: Configuring smoother server
[smoother_server-3] [INFO] [1786737455.475132355] [smoother_server]: Created smoother : suave of type nav2_constrained_smoother/ConstrainedSmoother
[smoother_server-3] [INFO] [1786737455.477877514] [smoother_server]: Created smoother : simples of type nav2_smoother::SimpleSmoother
[smoother_server-3] [INFO] [1786737455.479532798] [smoother_server]: Created smoother : savgol of type nav2_smoother::SavitzkyGolaySmoother
[smoother_server-3] [INFO] [1786737455.479745830] [smoother_server]: Smoother Server has suave simples savgol  smoothers available.
[lifecycle_manager-7] [INFO] [1786737455.489564248] [lifecycle_manager_pilha]: [34m[1mConfiguring controller_server[0m[0m
[controller_server-4] [INFO] [1786737455.489835483] [controller_server]: Configuring controller interface
[controller_server-4] [INFO] [1786737455.489854436] [controller_server]: getting progress checker plugins..
[controller_server-4] [INFO] [1786737455.490053562] [controller_server]: getting goal checker plugins..
[controller_server-4] [INFO] [1786737455.490216516] [controller_server]: Controller frequency set to 5.0000Hz
[controller_server-4] [INFO] [1786737455.490261993] [local_costmap.local_costmap]: Configuring
[controller_server-4] [INFO] [1786737455.504417984] [local_costmap.local_costmap]: Using plugin "static_layer"
[controller_server-4] [INFO] [1786737455.510400160] [local_costmap.local_costmap]: Subscribing to the map topic (/map) with transient local durability
[controller_server-4] [INFO] [1786737455.513320911] [local_costmap.local_costmap]: Initialized plugin "static_layer"
[controller_server-4] [INFO] [1786737455.513356288] [local_costmap.local_costmap]: Using plugin "obstacle_layer"
[controller_server-4] [INFO] [1786737455.514620209] [local_costmap.local_costmap]: Subscribed to Topics: livox
[controller_server-4] [INFO] [1786737455.536070945] [local_costmap.local_costmap]: Initialized plugin "obstacle_layer"
[controller_server-4] [INFO] [1786737455.536104577] [local_costmap.local_costmap]: Using plugin "inflation_layer"
[controller_server-4] [INFO] [1786737455.537768738] [local_costmap.local_costmap]: Initialized plugin "inflation_layer"
[controller_server-4] [INFO] [1786737455.578935966] [controller_server]: Created progress_checker : progress_checker of type nav2_controller::SimpleProgressChecker
[controller_server-4] [INFO] [1786737455.579987440] [controller_server]: Controller Server has progress_checker  progress checkers available.
[controller_server-4] [INFO] [1786737455.581533071] [controller_server]: Created goal checker : goal_checker of type nav2_controller::SimpleGoalChecker
[controller_server-4] [INFO] [1786737455.582883573] [controller_server]: Controller Server has goal_checker  goal checkers available.
[controller_server-4] [INFO] [1786737455.587431286] [controller_server]: Created controller : FollowPath of type nav2_regulated_pure_pursuit_controller::RegulatedPurePursuitController
[controller_server-4] [INFO] [1786737455.603469948] [controller_server]: Controller Server has FollowPath  controllers available.
[lifecycle_manager-7] [INFO] [1786737455.623476625] [lifecycle_manager_pilha]: [34m[1mConfiguring bt_navigator[0m[0m
[bt_navigator-5] [INFO] [1786737455.623778642] [bt_navigator]: Configuring
[bt_navigator-5] [INFO] [1786737455.634552177] [bt_navigator]: Creating navigator id navigate_to_pose of type nav2_bt_navigator::NavigateToPoseNavigator
[bt_navigator-5] [WARN] [1786737455.645445232] [bt_navigator]: Error_code parameters were not set. Using default values of: follow_path_error_code compute_path_error_code
[bt_navigator-5] Make sure these match your BT and there are not other sources of error codes youreported to your application
[heading_controller-8] [WARN] [1786737455.705697871] [heading_controller]: parâmetros NÃO MEDIDOS neste robô — a_dec=0.1 rad/s², zona_morta=0.0178 m/s, bitola=0.27 m. Rodar tools/banco/ e corrigir (BO-3).
[heading_controller-8] [INFO] [1786737455.706206305] [heading_controller]: pivô DISPONÍVEL acima de 0.13 rad/s — o robô consegue virar no próprio eixo
[heading_controller-8] [WARN] [1786737455.737483200] [heading_controller]: sem /Odometry
[ros2-13] stdin is not a terminal device. Keyboard handling disabled.[INFO] [1786737455.743423755] [rosbag2_recorder]: Press SPACE for pausing/resuming
[ros2-13] [INFO] [1786737455.763412680] [rosbag2_recorder]: Listening for topics...
[ros2-13] [INFO] [1786737455.763458655] [rosbag2_recorder]: Event publisher thread: Starting
[ros2-13] [INFO] [1786737455.770029426] [rosbag2_recorder]: Subscribed to topic '/rosout'
[ros2-13] [INFO] [1786737455.770190418] [rosbag2_recorder]: Recording...
[lifecycle_manager-7] [INFO] [1786737455.820395487] [lifecycle_manager_pilha]: [34m[1mConfiguring collision_monitor[0m[0m
[collision_monitor-9] [INFO] [1786737455.820718324] [collision_monitor]: Configuring
[compensador_rumo-11] [WARN] [1786737455.832567462] [compensador_rumo]: compensador de rumo (decisão 011): ff -0.914 1/m frente, -0.098 ré; kp=0.25 ki=0.12, correção limitada a ±0.60 rad/s. Curva pedida (|wz|≥0.05) passa intocada.
[compensador_rumo-11] [WARN] [1786737455.834779223] [compensador_rumo]: GANHO DA CADEIA 1,00 (não medido nesta máquina): o cancelamento do arco sai ATENUADO pelo que o atuador deixar de entregar. No Gazebo isso valeu −0,12 rad/s de arco sobrando, e era ele que comia a curva suave. Medir com `tools/banco/ganho_de_giro.py`.
[compensador_rumo-11] [WARN] [1786737455.836422971] [compensador_rumo]: FREIO LINEAR LIGADO (decisão 038): comando cortado com o robô andando vira contra-torque, soltando em 0.25 m/s, teto 1.0 s. Sem ele a placa segura 0,52 s e o robô anda +0,10 m depois do corte — foi a batida de 13-08, com o reflexo tendo cortado a 0,30 m da parede.
[collision_monitor-9] [INFO] [1786737455.836879472] [collision_monitor]: [livox]: Creating PointCloud
[compensador_rumo-11] [WARN] [1786737455.837562492] [compensador_rumo]: ff MEDIDO em 2026-08-11: curv_frente -0.9145 1/m. Se esta data não for a de hoje, o valor é de outra sessão e vale como herdado.
[collision_monitor-9] [INFO] [1786737455.843577934] [collision_monitor]: [PolygonApproach]: Creating Polygon
[collision_monitor-9] [INFO] [1786737455.853914213] [collision_monitor]: [PolygonStop]: Creating Polygon
[lifecycle_manager-7] [INFO] [1786737455.875966675] [lifecycle_manager_pilha]: [34m[1mActivating map_server[0m[0m
[map_server-1] [INFO] [1786737455.876130695] [map_server]: Activating
[map_server-1] [INFO] [1786737455.876392989] [map_server]: Creating bond (map_server) to lifecycle manager.
[amcl-6] [INFO] [1786737455.877157679] [amcl]: Received a 197 X 636 map @ 0.050 m/pix
[planner_server-2] [INFO] [1786737455.877257122] [global_costmap.global_costmap]: StaticLayer: Resizing costmap to 197 X 636 at 0.050000 m/pix
[controller_server-4] [INFO] [1786737455.877257538] [local_costmap.local_costmap]: StaticLayer: Resizing static layer to 197 X 636 at 0.050000 m/pix
[ros2-13] [INFO] [1786737455.878788723] [rosbag2_recorder]: Subscribed to topic '/received_global_plan'
[lifecycle_manager-7] [INFO] [1786737455.983161604] [lifecycle_manager_pilha]: Server map_server connected with bond.
[lifecycle_manager-7] [INFO] [1786737455.983212402] [lifecycle_manager_pilha]: [34m[1mActivating amcl[0m[0m
[amcl-6] [INFO] [1786737455.983701674] [amcl]: Activating
[amcl-6] [INFO] [1786737455.983747095] [amcl]: initialPoseReceived
[amcl-6] [INFO] [1786737455.984324628] [amcl]: Setting pose (1786737455.984324): 0.000 0.000 0.000
[amcl-6] [INFO] [1786737455.985109302] [amcl]: Creating bond (amcl) to lifecycle manager.
[ros2-13] [INFO] [1786737455.988642346] [rosbag2_recorder]: Subscribed to topic '/auto_vel_raw'
[ros2-13] [INFO] [1786737455.991417131] [rosbag2_recorder]: Subscribed to topic '/heading_controller/rumo_alvo'
[ros2-13] [INFO] [1786737455.992580876] [rosbag2_recorder]: Subscribed to topic '/unstuck_vel'
[ros2-13] [INFO] [1786737455.994307465] [rosbag2_recorder]: Subscribed to topic '/heading_controller/velocidade_alvo'
[path_follower-12] [INFO] [1786737455.994597361] [path_follower]: log da corrida -> /home/bara/logs_robo2/seguidor_2026-08-14_165735.csv
[path_follower-12] [INFO] [1786737455.995770441] [path_follower]: seguidor de pé — raio da máquina 0.37 m, mira 0.37 m em curva e 1.00 m em reta (040), piso de linear 0.203 m/s
[path_follower-12] [INFO] [1786737455.996672096] [path_follower]: raio de chegada 0.25 m (mínimo viável 0.07 m)
[ros2-13] [INFO] [1786737455.996590865] [rosbag2_recorder]: Subscribed to topic '/hoverboard_base_controller/cmd_vel'
[lifecycle_manager-7] [INFO] [1786737456.096642669] [lifecycle_manager_pilha]: Server amcl connected with bond.
[lifecycle_manager-7] [INFO] [1786737456.096686012] [lifecycle_manager_pilha]: [34m[1mActivating planner_server[0m[0m
[planner_server-2] [INFO] [1786737456.097984716] [planner_server]: Activating
[planner_server-2] [INFO] [1786737456.098030851] [global_costmap.global_costmap]: Activating
[planner_server-2] [INFO] [1786737456.098043508] [global_costmap.global_costmap]: Checking transform
[planner_server-2] [INFO] [1786737456.098089635] [global_costmap.global_costmap]: Timed out waiting for transform from base_link to map to become available, tf error: Invalid frame ID "map" passed to canTransform argument target_frame - frame does not exist
[planner_server-2] [INFO] [1786737456.598143122] [global_costmap.global_costmap]: Timed out waiting for transform from base_link to map to become available, tf error: Invalid frame ID "map" passed to canTransform argument target_frame - frame does not exist
[ros2-13] [INFO] [1786737456.809314969] [rosbag2_recorder]: Subscribed to topic '/tf'
[ros2-13] [WARN] [1786737457.095665725] [rosbag2_recorder]: New publisher discovered on topic '/tf', offering incompatible QoS. No messages will be sent to it. Last incompatible policy: DURABILITY_QOS_POLICY
[planner_server-2] [INFO] [1786737457.098904628] [global_costmap.global_costmap]: Timed out waiting for transform from base_link to map to become available, tf error: Invalid frame ID "map" passed to canTransform argument target_frame - frame does not exist
[ros2-13] [WARN] [1786737457.117613604] [rosbag2_recorder]: A new publisher for subscribed topic /tf was found offering RMW_QOS_POLICY_DURABILITY_VOLATILE, but rosbag2 already subscribed requesting RMW_QOS_POLICY_DURABILITY_TRANSIENT_LOCAL. Messages from this new publisher will not be recorded.
[ros2-13] [INFO] [1786737457.123270714] [rosbag2_recorder]: Subscribed to topic '/tf_static'
[ros2-13] [WARN] [1786737457.236763904] [rosbag2_recorder]: New publisher discovered on topic '/tf', offering incompatible QoS. No messages will be sent to it. Last incompatible policy: DURABILITY_QOS_POLICY
[amcl-6] [INFO] [1786737457.243149982] [amcl]: createLaserObject
[ros2-13] [WARN] [1786737457.357576439] [rosbag2_recorder]: New publisher discovered on topic '/tf', offering incompatible QoS. No messages will be sent to it. Last incompatible policy: DURABILITY_QOS_POLICY
[planner_server-2] [INFO] [1786737457.598146424] [global_costmap.global_costmap]: Timed out waiting for transform from base_link to map to become available, tf error: Could not find a connection between 'map' and 'base_link' because they are not part of the same tree.Tf has two or more unconnected trees.
[ros2-13] [INFO] [1786737457.696642118] [rosbag2_recorder]: Subscribed to topic '/Odometry'
[planner_server-2] [INFO] [1786737458.098195042] [global_costmap.global_costmap]: start
[amcl-6] [WARN] [1786737458.489028541] [amcl]: New subscription discovered on topic '/tf', requesting incompatible QoS. No messages will be sent to it. Last incompatible policy: DURABILITY_QOS_POLICY
[ros2-13] [WARN] [1786737458.493087165] [rosbag2_recorder]: New publisher discovered on topic '/tf', offering incompatible QoS. No messages will be sent to it. Last incompatible policy: DURABILITY_QOS_POLICY
[ros2-13] [INFO] [1786737458.509010438] [rosbag2_recorder]: Subscribed to topic '/amcl_pose'
[ros2-13] [INFO] [1786737458.510380731] [rosbag2_recorder]: Subscribed to topic '/compensador_rumo/cmd_vel'
[ros2-13] [INFO] [1786737458.617428220] [rosbag2_recorder]: Subscribed to topic '/polygon_stop'
[ros2-13] [INFO] [1786737458.619492859] [rosbag2_recorder]: Subscribed to topic '/plan_smoothed'
[ros2-13] [INFO] [1786737458.621174124] [rosbag2_recorder]: Subscribed to topic '/auto_vel'
[ros2-13] [INFO] [1786737458.627088687] [rosbag2_recorder]: Subscribed to topic '/collision_monitor_state'
[ros2-13] [INFO] [1786737458.731430357] [rosbag2_recorder]: Subscribed to topic '/plan'
[planner_server-2] [INFO] [1786737459.149500871] [planner_server]: Activating plugin GridBased of type nav2_theta_star_planner
[planner_server-2] [INFO] [1786737459.151586752] [planner_server]: Creating bond (planner_server) to lifecycle manager.
[lifecycle_manager-7] [INFO] [1786737459.257915404] [lifecycle_manager_pilha]: Server planner_server connected with bond.
[lifecycle_manager-7] [INFO] [1786737459.257979175] [lifecycle_manager_pilha]: [34m[1mActivating smoother_server[0m[0m
[smoother_server-3] [INFO] [1786737459.258331260] [smoother_server]: Activating
[smoother_server-3] [INFO] [1786737459.258374107] [smoother_server]: Activating smoother: suave of type nav2_constrained_smoother::ConstrainedSmoother
[smoother_server-3] [INFO] [1786737459.258396965] [smoother_server]: Creating bond (smoother_server) to lifecycle manager.
[lifecycle_manager-7] [INFO] [1786737459.365589544] [lifecycle_manager_pilha]: Server smoother_server connected with bond.
[lifecycle_manager-7] [INFO] [1786737459.365642232] [lifecycle_manager_pilha]: [34m[1mActivating controller_server[0m[0m
[controller_server-4] [INFO] [1786737459.365989712] [controller_server]: Activating
[controller_server-4] [INFO] [1786737459.366041694] [local_costmap.local_costmap]: Activating
[controller_server-4] [INFO] [1786737459.366059477] [local_costmap.local_costmap]: Checking transform
[controller_server-4] [INFO] [1786737459.366169977] [local_costmap.local_costmap]: start
[controller_server-4] [INFO] [1786737459.617446958] [controller_server]: Activating controller: FollowPath of type regulated_pure_pursuit_controller::RegulatedPurePursuitController
[controller_server-4] [INFO] [1786737459.617543336] [controller_server]: Creating bond (controller_server) to lifecycle manager.
[lifecycle_manager-7] [INFO] [1786737459.723760503] [lifecycle_manager_pilha]: Server controller_server connected with bond.
[lifecycle_manager-7] [INFO] [1786737459.723830219] [lifecycle_manager_pilha]: [34m[1mActivating bt_navigator[0m[0m
[bt_navigator-5] [INFO] [1786737459.724208261] [bt_navigator]: Activating
[bt_navigator-5] [INFO] [1786737459.760242250] [bt_navigator]: Creating bond (bt_navigator) to lifecycle manager.
[ros2-13] [INFO] [1786737459.856863740] [rosbag2_recorder]: Subscribed to topic '/behavior_tree_log'
[lifecycle_manager-7] [INFO] [1786737459.867972415] [lifecycle_manager_pilha]: Server bt_navigator connected with bond.
[lifecycle_manager-7] [INFO] [1786737459.868026067] [lifecycle_manager_pilha]: [34m[1mActivating collision_monitor[0m[0m
[collision_monitor-9] [INFO] [1786737459.868330841] [collision_monitor]: Activating
[collision_monitor-9] [INFO] [1786737459.868442900] [collision_monitor]: Creating bond (collision_monitor) to lifecycle manager.
[lifecycle_manager-7] [INFO] [1786737460.045501751] [lifecycle_manager_pilha]: Server collision_monitor connected with bond.
[lifecycle_manager-7] [INFO] [1786737460.045557133] [lifecycle_manager_pilha]: [34m[1mManaged nodes are active[0m[0m
[lifecycle_manager-7] [INFO] [1786737460.045581822] [lifecycle_manager_pilha]: [34m[1mCreating bond timer...[0m[0m
[lifecycle_manager-7] [INFO] [1786737474.045724769] [lifecycle_manager_pilha]: [34m[1mHave not received a heartbeat from collision_monitor.[0m[0m
[lifecycle_manager-7] [ERROR] [1786737474.045790632] [lifecycle_manager_pilha]: CRITICAL FAILURE: SERVER collision_monitor IS DOWN after not receiving a heartbeat for 4000 ms. Shutting down related nodes.
[lifecycle_manager-7] [INFO] [1786737474.045837758] [lifecycle_manager_pilha]: [34m[1mTerminating bond timer...[0m[0m
[lifecycle_manager-7] [INFO] [1786737474.045866233] [lifecycle_manager_pilha]: [34m[1mResetting managed nodes...[0m[0m
[lifecycle_manager-7] [INFO] [1786737474.045886825] [lifecycle_manager_pilha]: [34m[1mDeactivating collision_monitor[0m[0m
[collision_monitor-9] [INFO] [1786737474.237451914] [collision_monitor]: Deactivating
[collision_monitor-9] [INFO] [1786737474.237505826] [collision_monitor]: Destroying bond (collision_monitor) to lifecycle manager.
[lifecycle_manager-7] [INFO] [1786737474.261243328] [lifecycle_manager_pilha]: [34m[1mDeactivating bt_navigator[0m[0m
[bt_navigator-5] [INFO] [1786737474.261533537] [bt_navigator]: Deactivating
[bt_navigator-5] [INFO] [1786737474.261581207] [bt_navigator]: Destroying bond (bt_navigator) to lifecycle manager.
[lifecycle_manager-7] [INFO] [1786737474.374632188] [lifecycle_manager_pilha]: [34m[1mDeactivating controller_server[0m[0m
[controller_server-4] [INFO] [1786737474.374956145] [controller_server]: Deactivating
[controller_server-4] [INFO] [1786737474.374999187] [controller_server]: Deactivating controller: FollowPath of type regulated_pure_pursuit_controller::RegulatedPurePursuitController
[controller_server-4] [INFO] [1786737474.375031772] [local_costmap.local_costmap]: Deactivating
[controller_server-4] [INFO] [1786737474.566385144] [controller_server]: Destroying bond (controller_server) to lifecycle manager.
[lifecycle_manager-7] [INFO] [1786737474.680046801] [lifecycle_manager_pilha]: [34m[1mDeactivating smoother_server[0m[0m
[smoother_server-3] [INFO] [1786737474.680518822] [smoother_server]: Deactivating
[smoother_server-3] [INFO] [1786737474.680597207] [smoother_server]: Deactivating smoother: suave of type nav2_constrained_smoother::ConstrainedSmoother
[smoother_server-3] [INFO] [1786737474.680650394] [smoother_server]: Destroying bond (smoother_server) to lifecycle manager.
[lifecycle_manager-7] [INFO] [1786737474.793706869] [lifecycle_manager_pilha]: [34m[1mDeactivating planner_server[0m[0m
[planner_server-2] [INFO] [1786737474.793996310] [planner_server]: Deactivating
[planner_server-2] [INFO] [1786737474.794071810] [global_costmap.global_costmap]: Deactivating
[planner_server-2] [INFO] [1786737475.098435201] [planner_server]: Deactivating plugin GridBased of type nav2_theta_star_planner
[planner_server-2] [INFO] [1786737475.098493941] [planner_server]: Destroying bond (planner_server) to lifecycle manager.
[lifecycle_manager-7] [INFO] [1786737475.211595511] [lifecycle_manager_pilha]: [34m[1mDeactivating amcl[0m[0m
[amcl-6] [INFO] [1786737475.211919755] [amcl]: Deactivating
[amcl-6] [INFO] [1786737475.211998522] [amcl]: Destroying bond (amcl) to lifecycle manager.
[lifecycle_manager-7] [INFO] [1786737475.324915384] [lifecycle_manager_pilha]: [34m[1mDeactivating map_server[0m[0m
[map_server-1] [INFO] [1786737475.325274773] [map_server]: Deactivating
[map_server-1] [INFO] [1786737475.325320344] [map_server]: Destroying bond (map_server) to lifecycle manager.
[lifecycle_manager-7] [INFO] [1786737475.438609506] [lifecycle_manager_pilha]: [34m[1mCleaning up collision_monitor[0m[0m
[collision_monitor-9] [INFO] [1786737475.438865711] [collision_monitor]: Cleaning up
[collision_monitor-9] [INFO] [1786737475.442376423] [collision_monitor]: [PolygonApproach]: Destroying Polygon
[collision_monitor-9] [INFO] [1786737475.443189264] [collision_monitor]: [PolygonStop]: Destroying Polygon
[collision_monitor-9] [INFO] [1786737475.443970156] [collision_monitor]: [livox]: Destroying PointCloud
[lifecycle_manager-7] [INFO] [1786737475.447533743] [lifecycle_manager_pilha]: [34m[1mCleaning up bt_navigator[0m[0m
[bt_navigator-5] [INFO] [1786737475.447748453] [bt_navigator]: Cleaning up
[bt_navigator-5] [INFO] [1786737475.505583743] [bt_navigator]: Completed Cleaning up
[lifecycle_manager-7] [INFO] [1786737475.506117964] [lifecycle_manager_pilha]: [34m[1mCleaning up controller_server[0m[0m
[controller_server-4] [INFO] [1786737475.506354269] [controller_server]: Cleaning up
[controller_server-4] [INFO] [1786737475.506403947] [controller_server]: Cleaning up controller: FollowPath of type regulated_pure_pursuit_controller::RegulatedPurePursuitController
[controller_server-4] [INFO] [1786737475.513248015] [local_costmap.local_costmap]: Cleaning up
[lifecycle_manager-7] [INFO] [1786737475.560702339] [lifecycle_manager_pilha]: [34m[1mCleaning up smoother_server[0m[0m
[smoother_server-3] [INFO] [1786737475.560931988] [smoother_server]: Cleaning up
[smoother_server-3] [INFO] [1786737475.560982025] [smoother_server]: Cleaning up smoother: suave of type nav2_constrained_smoother::ConstrainedSmoother
[lifecycle_manager-7] [INFO] [1786737475.575389157] [lifecycle_manager_pilha]: [34m[1mCleaning up planner_server[0m[0m
[planner_server-2] [INFO] [1786737475.575692111] [planner_server]: Cleaning up
[planner_server-2] [INFO] [1786737475.595193950] [global_costmap.global_costmap]: Cleaning up
[planner_server-2] [INFO] [1786737475.601520566] [planner_server]: CleaningUp plugin GridBased of type nav2_theta_star_planner
[lifecycle_manager-7] [INFO] [1786737475.629668233] [lifecycle_manager_pilha]: [34m[1mCleaning up amcl[0m[0m
[amcl-6] [INFO] [1786737475.629879878] [amcl]: Cleaning up
[lifecycle_manager-7] [INFO] [1786737475.644902172] [lifecycle_manager_pilha]: [34m[1mCleaning up map_server[0m[0m
[map_server-1] [INFO] [1786737475.645611709] [map_server]: Cleaning up
[lifecycle_manager-7] [INFO] [1786737475.651654553] [lifecycle_manager_pilha]: [34m[1mManaged nodes have been reset[0m[0m
[lifecycle_manager-7] [INFO] [1786737476.653649497] [lifecycle_manager_pilha]: [34m[1mSuccessfully re-established connections from server respawns, starting back up.[0m[0m
[lifecycle_manager-7] [INFO] [1786737476.653700125] [lifecycle_manager_pilha]: [34m[1mStarting managed nodes bringup...[0m[0m
[lifecycle_manager-7] [INFO] [1786737476.653727560] [lifecycle_manager_pilha]: [34m[1mConfiguring map_server[0m[0m
[map_server-1] [INFO] [1786737476.653895343] [map_server]: Configuring
[map_server-1] [INFO] [1786737476.653950191] [map_io]: Loading yaml file: /home/bara/Controle_robo_livox/maps/sala_andar3/sala_andar3.yaml
[map_server-1] [INFO] [1786737476.654137267] [map_io]: resolution: 0.05
[map_server-1] [INFO] [1786737476.654148149] [map_io]: origin[0]: -2.039
[map_server-1] [INFO] [1786737476.654156294] [map_io]: origin[1]: -13.044
[map_server-1] [INFO] [1786737476.654163223] [map_io]: origin[2]: 0
[map_server-1] [INFO] [1786737476.654170312] [map_io]: free_thresh: 0.196
[map_server-1] [INFO] [1786737476.654177279] [map_io]: occupied_thresh: 0.65
[map_server-1] [INFO] [1786737476.654183570] [map_io]: mode: trinary
[map_server-1] [INFO] [1786737476.654190029] [map_io]: negate: 0
[map_server-1] [INFO] [1786737476.654208591] [map_io]: Loading image_file: /home/bara/Controle_robo_livox/maps/sala_andar3/sala_andar3.pgm
[map_server-1] [INFO] [1786737476.656500290] [map_io]: Read map /home/bara/Controle_robo_livox/maps/sala_andar3/sala_andar3.pgm: 197 X 636 map @ 0.05 m/cell
[lifecycle_manager-7] [INFO] [1786737476.660706696] [lifecycle_manager_pilha]: [34m[1mConfiguring amcl[0m[0m
[amcl-6] [INFO] [1786737476.660890247] [amcl]: Configuring
[amcl-6] [INFO] [1786737476.660957498] [amcl]: initTransforms
[ros2-13] [WARN] [1786737476.664081401] [rosbag2_recorder]: New publisher discovered on topic '/tf', offering incompatible QoS. No messages will be sent to it. Last incompatible policy: DURABILITY_QOS_POLICY
[amcl-6] [INFO] [1786737476.667010859] [amcl]: initPubSub
[amcl-6] [INFO] [1786737476.671101211] [amcl]: Subscribed to map topic.
[amcl-6] [WARN] [1786737476.675110242] [amcl]: New subscription discovered on topic '/tf', requesting incompatible QoS. No messages will be sent to it. Last incompatible policy: DURABILITY_QOS_POLICY
[lifecycle_manager-7] [INFO] [1786737476.675384423] [lifecycle_manager_pilha]: [34m[1mConfiguring planner_server[0m[0m
[planner_server-2] [INFO] [1786737476.675586475] [planner_server]: Configuring
[planner_server-2] [INFO] [1786737476.675632748] [global_costmap.global_costmap]: Configuring
[planner_server-2] [INFO] [1786737476.682450352] [global_costmap.global_costmap]: Using plugin "static_layer"
[planner_server-2] [INFO] [1786737476.682546595] [global_costmap.global_costmap]: Subscribing to the map topic (/map) with transient local durability
[planner_server-2] [INFO] [1786737476.683539463] [global_costmap.global_costmap]: Initialized plugin "static_layer"
[planner_server-2] [INFO] [1786737476.683575993] [global_costmap.global_costmap]: Using plugin "obstacle_layer"
[planner_server-2] [INFO] [1786737476.683637762] [global_costmap.global_costmap]: Subscribed to Topics: livox
[planner_server-2] [INFO] [1786737476.687185429] [global_costmap.global_costmap]: Initialized plugin "obstacle_layer"
[planner_server-2] [INFO] [1786737476.687279250] [global_costmap.global_costmap]: Using plugin "inflation_layer"
[planner_server-2] [INFO] [1786737476.687486071] [global_costmap.global_costmap]: Initialized plugin "inflation_layer"
[planner_server-2] [INFO] [1786737476.714130126] [planner_server]: Created global planner plugin GridBased of type nav2_theta_star_planner::ThetaStarPlanner
[planner_server-2] [INFO] [1786737476.714207084] [planner_server]: Planner Server has GridBased GridBased  planners available.
[lifecycle_manager-7] [INFO] [1786737476.729529427] [lifecycle_manager_pilha]: [34m[1mConfiguring smoother_server[0m[0m
[smoother_server-3] [INFO] [1786737476.729763502] [smoother_server]: Configuring smoother server
[smoother_server-3] [INFO] [1786737476.739018170] [smoother_server]: Created smoother : suave of type nav2_constrained_smoother/ConstrainedSmoother
[smoother_server-3] [INFO] [1786737476.739147120] [smoother_server]: Created smoother : simples of type nav2_smoother::SimpleSmoother
[smoother_server-3] [INFO] [1786737476.739226202] [smoother_server]: Created smoother : savgol of type nav2_smoother::SavitzkyGolaySmoother
[smoother_server-3] [INFO] [1786737476.739264701] [smoother_server]: Smoother Server has suave simples savgol suave simples savgol  smoothers available.
[lifecycle_manager-7] [INFO] [1786737476.750864449] [lifecycle_manager_pilha]: [34m[1mConfiguring controller_server[0m[0m
[controller_server-4] [INFO] [1786737476.751149051] [controller_server]: Configuring controller interface
[controller_server-4] [INFO] [1786737476.751209865] [controller_server]: getting progress checker plugins..
[controller_server-4] [INFO] [1786737476.751254248] [controller_server]: getting goal checker plugins..
[controller_server-4] [INFO] [1786737476.751300655] [controller_server]: Controller frequency set to 5.0000Hz
[controller_server-4] [INFO] [1786737476.751353652] [local_costmap.local_costmap]: Configuring
[controller_server-4] [INFO] [1786737476.761484443] [local_costmap.local_costmap]: Using plugin "static_layer"
[controller_server-4] [INFO] [1786737476.761679070] [local_costmap.local_costmap]: Subscribing to the map topic (/map) with transient local durability
[controller_server-4] [INFO] [1786737476.763129696] [local_costmap.local_costmap]: Initialized plugin "static_layer"
[controller_server-4] [INFO] [1786737476.763178754] [local_costmap.local_costmap]: Using plugin "obstacle_layer"
[controller_server-4] [INFO] [1786737476.763273859] [local_costmap.local_costmap]: Subscribed to Topics: livox
[controller_server-4] [INFO] [1786737476.768452178] [local_costmap.local_costmap]: Initialized plugin "obstacle_layer"
[controller_server-4] [INFO] [1786737476.768507534] [local_costmap.local_costmap]: Using plugin "inflation_layer"
[controller_server-4] [INFO] [1786737476.768722826] [local_costmap.local_costmap]: Initialized plugin "inflation_layer"
[controller_server-4] [INFO] [1786737476.797997713] [controller_server]: Created progress_checker : progress_checker of type nav2_controller::SimpleProgressChecker
[controller_server-4] [INFO] [1786737476.798075358] [controller_server]: Controller Server has progress_checker progress_checker  progress checkers available.
[controller_server-4] [INFO] [1786737476.798137334] [controller_server]: Created goal checker : goal_checker of type nav2_controller::SimpleGoalChecker
[controller_server-4] [INFO] [1786737476.798190112] [controller_server]: Controller Server has goal_checker goal_checker  goal checkers available.
[controller_server-4] [INFO] [1786737476.798250178] [controller_server]: Created controller : FollowPath of type nav2_regulated_pure_pursuit_controller::RegulatedPurePursuitController
[controller_server-4] [INFO] [1786737476.805029020] [controller_server]: Controller Server has FollowPath FollowPath  controllers available.
[lifecycle_manager-7] [INFO] [1786737476.815877193] [lifecycle_manager_pilha]: [34m[1mConfiguring bt_navigator[0m[0m
[bt_navigator-5] [INFO] [1786737476.816140154] [bt_navigator]: Configuring
[bt_navigator-5] [INFO] [1786737476.821819626] [bt_navigator]: Creating navigator id navigate_to_pose of type nav2_bt_navigator::NavigateToPoseNavigator
[lifecycle_manager-7] [INFO] [1786737476.867764518] [lifecycle_manager_pilha]: [34m[1mConfiguring collision_monitor[0m[0m
[collision_monitor-9] [INFO] [1786737476.868050503] [collision_monitor]: Configuring
[collision_monitor-9] [INFO] [1786737476.871250049] [collision_monitor]: [livox]: Creating PointCloud
[collision_monitor-9] [INFO] [1786737476.872596766] [collision_monitor]: [PolygonApproach]: Creating Polygon
[collision_monitor-9] [INFO] [1786737476.873920615] [collision_monitor]: [PolygonStop]: Creating Polygon
[lifecycle_manager-7] [INFO] [1786737476.882989830] [lifecycle_manager_pilha]: [34m[1mActivating map_server[0m[0m
[map_server-1] [INFO] [1786737476.883246145] [map_server]: Activating
[map_server-1] [INFO] [1786737476.883410589] [map_server]: Creating bond (map_server) to lifecycle manager.
[planner_server-2] [INFO] [1786737476.883601206] [global_costmap.global_costmap]: StaticLayer: Resizing costmap to 197 X 636 at 0.050000 m/pix
[amcl-6] [INFO] [1786737476.883675913] [amcl]: Received a 197 X 636 map @ 0.050 m/pix
[controller_server-4] [INFO] [1786737476.883783913] [local_costmap.local_costmap]: StaticLayer: Resizing static layer to 197 X 636 at 0.050000 m/pix
[lifecycle_manager-7] [INFO] [1786737476.991066175] [lifecycle_manager_pilha]: Server map_server connected with bond.
[lifecycle_manager-7] [INFO] [1786737476.991121353] [lifecycle_manager_pilha]: [34m[1mActivating amcl[0m[0m
[amcl-6] [INFO] [1786737476.991411621] [amcl]: Activating
[amcl-6] [INFO] [1786737476.991464247] [amcl]: initialPoseReceived
[amcl-6] [INFO] [1786737476.991524892] [amcl]: Setting pose (1786737476.991525): 0.000 0.000 0.000
[amcl-6] [INFO] [1786737476.992267194] [amcl]: Creating bond (amcl) to lifecycle manager.
[lifecycle_manager-7] [INFO] [1786737477.096321708] [lifecycle_manager_pilha]: Server amcl connected with bond.
[lifecycle_manager-7] [INFO] [1786737477.096372211] [lifecycle_manager_pilha]: [34m[1mActivating planner_server[0m[0m
[planner_server-2] [INFO] [1786737477.096672535] [planner_server]: Activating
[planner_server-2] [INFO] [1786737477.096716146] [global_costmap.global_costmap]: Activating
[planner_server-2] [INFO] [1786737477.096727600] [global_costmap.global_costmap]: Checking transform
[planner_server-2] [INFO] [1786737477.096745461] [global_costmap.global_costmap]: Timed out waiting for transform from base_link to map to become available, tf error: Invalid frame ID "map" passed to canTransform argument target_frame - frame does not exist
[amcl-6] [INFO] [1786737477.326720397] [amcl]: createLaserObject
[planner_server-2] [INFO] [1786737477.596864007] [global_costmap.global_costmap]: Timed out waiting for transform from base_link to map to become available, tf error: Lookup would require extrapolation into the past.  Requested time 1786737477.515917 but the earliest data is at time 1786737477.815532, when looking up transform from frame [base_link] to frame [map]
[amcl-6] [INFO] [1786737477.707348501] [amcl]: Message Filter dropping message: frame 'base_link' at time 1786737476.316 for reason 'the timestamp on the message is earlier than all the data in the transform cache'
[amcl-6] [INFO] [1786737477.909601174] [amcl]: Message Filter dropping message: frame 'base_link' at time 1786737476.416 for reason 'the timestamp on the message is earlier than all the data in the transform cache'
[amcl-6] [INFO] [1786737478.014430824] [amcl]: Message Filter dropping message: frame 'base_link' at time 1786737476.516 for reason 'the timestamp on the message is earlier than all the data in the transform cache'
[planner_server-2] [INFO] [1786737478.096890777] [global_costmap.global_costmap]: start
[amcl-6] [INFO] [1786737478.115466603] [amcl]: Message Filter dropping message: frame 'base_link' at time 1786737476.616 for reason 'the timestamp on the message is earlier than all the data in the transform cache'
[amcl-6] [INFO] [1786737478.212446201] [amcl]: Message Filter dropping message: frame 'base_link' at time 1786737476.716 for reason 'the timestamp on the message is earlier than all the data in the transform cache'
[planner_server-2] [INFO] [1786737478.534653116] [global_costmap.global_costmap]: Message Filter dropping message: frame 'livox_frame' at time 1786737477.616 for reason 'the timestamp on the message is earlier than all the data in the transform cache'
[planner_server-2] [INFO] [1786737478.690011124] [global_costmap.global_costmap]: Message Filter dropping message: frame 'livox_frame' at time 1786737477.716 for reason 'the timestamp on the message is earlier than all the data in the transform cache'
[planner_server-2] [INFO] [1786737479.148400881] [planner_server]: Activating plugin GridBased of type nav2_theta_star_planner
[planner_server-2] [INFO] [1786737479.151616782] [planner_server]: Creating bond (planner_server) to lifecycle manager.
[lifecycle_manager-7] [INFO] [1786737479.256899817] [lifecycle_manager_pilha]: Server planner_server connected with bond.
[lifecycle_manager-7] [INFO] [1786737479.256952758] [lifecycle_manager_pilha]: [34m[1mActivating smoother_server[0m[0m
[smoother_server-3] [INFO] [1786737479.257334042] [smoother_server]: Activating
[smoother_server-3] [INFO] [1786737479.257378820] [smoother_server]: Activating smoother: suave of type nav2_constrained_smoother::ConstrainedSmoother
[smoother_server-3] [INFO] [1786737479.257415480] [smoother_server]: Creating bond (smoother_server) to lifecycle manager.
[lifecycle_manager-7] [INFO] [1786737479.363223299] [lifecycle_manager_pilha]: Server smoother_server connected with bond.
[lifecycle_manager-7] [INFO] [1786737479.363282720] [lifecycle_manager_pilha]: [34m[1mActivating controller_server[0m[0m
[controller_server-4] [INFO] [1786737479.363735035] [controller_server]: Activating
[controller_server-4] [INFO] [1786737479.363779560] [local_costmap.local_costmap]: Activating
[controller_server-4] [INFO] [1786737479.363791750] [local_costmap.local_costmap]: Checking transform
[controller_server-4] [INFO] [1786737479.363865568] [local_costmap.local_costmap]: start
[controller_server-4] [INFO] [1786737479.615076430] [controller_server]: Activating controller: FollowPath of type regulated_pure_pursuit_controller::RegulatedPurePursuitController
[controller_server-4] [INFO] [1786737479.615156892] [controller_server]: Creating bond (controller_server) to lifecycle manager.
[lifecycle_manager-7] [INFO] [1786737479.719365198] [lifecycle_manager_pilha]: Server controller_server connected with bond.
[lifecycle_manager-7] [INFO] [1786737479.719424421] [lifecycle_manager_pilha]: [34m[1mActivating bt_navigator[0m[0m
[bt_navigator-5] [INFO] [1786737479.719736169] [bt_navigator]: Activating
[bt_navigator-5] [INFO] [1786737479.759245589] [bt_navigator]: Creating bond (bt_navigator) to lifecycle manager.
[lifecycle_manager-7] [INFO] [1786737479.866985262] [lifecycle_manager_pilha]: Server bt_navigator connected with bond.
[lifecycle_manager-7] [INFO] [1786737479.867036397] [lifecycle_manager_pilha]: [34m[1mActivating collision_monitor[0m[0m
[collision_monitor-9] [INFO] [1786737479.867458954] [collision_monitor]: Activating
[collision_monitor-9] [INFO] [1786737479.867539070] [collision_monitor]: Creating bond (collision_monitor) to lifecycle manager.
[lifecycle_manager-7] [INFO] [1786737480.044762715] [lifecycle_manager_pilha]: Server collision_monitor connected with bond.
[lifecycle_manager-7] [INFO] [1786737480.044823740] [lifecycle_manager_pilha]: [34m[1mManaged nodes are active[0m[0m
[lifecycle_manager-7] [INFO] [1786737480.044837135] [lifecycle_manager_pilha]: [34m[1mCreating bond timer...[0m[0m
[ros2-13] [ERROR] [1786737480.317099213] [ROSBAG2_TRANSPORT]: Topic '/web_vel' has more than one type associated. Only topics with one type are supported
[ros2-13] [ERROR] [1786737480.420301474] [ROSBAG2_TRANSPORT]: Topic '/web_vel' has more than one type associated. Only topics with one type are supported
[ros2-13] [ERROR] [1786737480.522861955] [ROSBAG2_TRANSPORT]: Topic '/web_vel' has more than one type associated. Only topics with one type are supported
[ros2-13] [ERROR] [1786737480.625127907] [ROSBAG2_TRANSPORT]: Topic '/web_vel' has more than one type associated. Only topics with one type are supported
[ros2-13] [ERROR] [1786737480.727732590] [ROSBAG2_TRANSPORT]: Topic '/web_vel' has more than one type associated. Only topics with one type are supported
[ros2-13] [ERROR] [1786737480.830196357] [ROSBAG2_TRANSPORT]: Topic '/web_vel' has more than one type associated. Only topics with one type are supported
[ros2-13] [ERROR] [1786737480.932673044] [ROSBAG2_TRANSPORT]: Topic '/web_vel' has more than one type associated. Only topics with one type are supported
[ros2-13] [ERROR] [1786737481.035157206] [ROSBAG2_TRANSPORT]: Topic '/web_vel' has more than one type associated. Only topics with one type are supported
[ros2-13] [ERROR] [1786737481.138117089] [ROSBAG2_TRANSPORT]: Topic '/web_vel' has more than one type associated. Only topics with one type are supported
[ros2-13] [ERROR] [1786737481.240148042] [ROSBAG2_TRANSPORT]: Topic '/web_vel' has more than one type associated. Only topics with one type are supported
[ros2-13] [ERROR] [1786737481.343200277] [ROSBAG2_TRANSPORT]: Topic '/web_vel' has more than one type associated. Only topics with one type are supported
[ros2-13] [ERROR] [1786737481.446406505] [ROSBAG2_TRANSPORT]: Topic '/web_vel' has more than one type associated. Only topics with one type are supported
[ros2-13] [ERROR] [1786737481.548924202] [ROSBAG2_TRANSPORT]: Topic '/web_vel' has more than one type associated. Only topics with one type are supported
[ros2-13] [ERROR] [1786737481.651099597] [ROSBAG2_TRANSPORT]: Topic '/web_vel' has more than one type associated. Only topics with one type are supported
[ros2-13] [ERROR] [1786737481.753198838] [ROSBAG2_TRANSPORT]: Topic '/web_vel' has more than one type associated. Only topics with one type are supported
[ros2-13] [ERROR] [1786737481.855356738] [ROSBAG2_TRANSPORT]: Topic '/web_vel' has more than one type associated. Only topics with one type are supported
[ros2-13] [ERROR] [1786737481.958396697] [ROSBAG2_TRANSPORT]: Topic '/web_vel' has more than one type associated. Only topics with one type are supported
[ros2-13] [ERROR] [1786737482.060892206] [ROSBAG2_TRANSPORT]: Topic '/web_vel' has more than one type associated. Only topics with one type are supported
[ros2-13] [ERROR] [1786737482.163793041] [ROSBAG2_TRANSPORT]: Topic '/web_vel' has more than one type associated. Only topics with one type are supported
[ros2-13] [ERROR] [1786737482.266148511] [ROSBAG2_TRANSPORT]: Topic '/web_vel' has more than one type associated. Only topics with one type are supported
[ros2-13] [ERROR] [1786737482.368490371] [ROSBAG2_TRANSPORT]: Topic '/web_vel' has more than one type associated. Only topics with one type are supported
[ros2-13] [ERROR] [1786737482.471855924] [ROSBAG2_TRANSPORT]: Topic '/web_vel' has more than one type associated. Only topics with one type are supported
[ros2-13] [ERROR] [1786737482.574463465] [ROSBAG2_TRANSPORT]: Topic '/web_vel' has more than one type associated. Only topics with one type are supported
[ros2-13] [ERROR] [1786737482.676930977] [ROSBAG2_TRANSPORT]: Topic '/web_vel' has more than one type associated. Only topics with one type are supported
[ros2-13] [ERROR] [1786737482.779763099] [ROSBAG2_TRANSPORT]: Topic '/web_vel' has more than one type associated. Only topics with one type are supported
[ros2-13] [ERROR] [1786737482.882130153] [ROSBAG2_TRANSPORT]: Topic '/web_vel' has more than one type associated. Only topics with one type are supported
[ros2-13] [ERROR] [1786737482.984186149] [ROSBAG2_TRANSPORT]: Topic '/web_vel' has more than one type associated. Only topics with one type are supported
[ros2-13] [ERROR] [1786737483.086318245] [ROSBAG2_TRANSPORT]: Topic '/web_vel' has more than one type associated. Only topics with one type are supported
[ros2-13] [ERROR] [1786737483.188555868] [ROSBAG2_TRANSPORT]: Topic '/web_vel' has more than one type associated. Only topics with one type are supported
[ros2-13] [ERROR] [1786737483.290622535] [ROSBAG2_TRANSPORT]: Topic '/web_vel' has more than one type associated. Only topics with one type are supported
[ros2-13] [ERROR] [1786737483.392843569] [ROSBAG2_TRANSPORT]: Topic '/web_vel' has more than one type associated. Only topics with one type are supported
[ros2-13] [ERROR] [1786737483.494982483] [ROSBAG2_TRANSPORT]: Topic '/web_vel' has more than one type associated. Only topics with one type are supported
[ros2-13] [ERROR] [1786737483.597056432] [ROSBAG2_TRANSPORT]: Topic '/web_vel' has more than one type associated. Only topics with one type are supported
[ros2-13] [ERROR] [1786737483.699157519] [ROSBAG2_TRANSPORT]: Topic '/web_vel' has more than one type associated. Only topics with one type are supported
[ros2-13] [ERROR] [1786737483.801745447] [ROSBAG2_TRANSPORT]: Topic '/web_vel' has more than one type associated. Only topics with one type are supported
[ros2-13] [ERROR] [1786737483.904624685] [ROSBAG2_TRANSPORT]: Topic '/web_vel' has more than one type associated. Only topics with one type are supported
[ros2-13] [ERROR] [1786737484.006680816] [ROSBAG2_TRANSPORT]: Topic '/web_vel' has more than one type associated. Only topics with one type are supported
[ros2-13] [ERROR] [1786737484.108798501] [ROSBAG2_TRANSPORT]: Topic '/web_vel' has more than one type associated. Only topics with one type are supported
[ros2-13] [ERROR] [1786737484.211208297] [ROSBAG2_TRANSPORT]: Topic '/web_vel' has more than one type associated. Only topics with one type are supported
[ros2-13] [ERROR] [1786737484.313316211] [ROSBAG2_TRANSPORT]: Topic '/web_vel' has more than one type associated. Only topics with one type are supported
[ros2-13] [ERROR] [1786737484.415401275] [ROSBAG2_TRANSPORT]: Topic '/web_vel' has more than one type associated. Only topics with one type are supported
[ros2-13] [ERROR] [1786737484.517984704] [ROSBAG2_TRANSPORT]: Topic '/web_vel' has more than one type associated. Only topics with one type are supported
[ros2-13] [ERROR] [1786737484.620392400] [ROSBAG2_TRANSPORT]: Topic '/web_vel' has more than one type associated. Only topics with one type are supported
[ros2-13] [ERROR] [1786737484.723079246] [ROSBAG2_TRANSPORT]: Topic '/web_vel' has more than one type associated. Only topics with one type are supported
[ros2-13] [ERROR] [1786737484.825954472] [ROSBAG2_TRANSPORT]: Topic '/web_vel' has more than one type associated. Only topics with one type are supported
[ros2-13] [ERROR] [1786737484.929061761] [ROSBAG2_TRANSPORT]: Topic '/web_vel' has more than one type associated. Only topics with one type are supported
[ros2-13] [ERROR] [1786737485.031765400] [ROSBAG2_TRANSPORT]: Topic '/web_vel' has more than one type associated. Only topics with one type are supported
[ros2-13] [ERROR] [1786737485.134592346] [ROSBAG2_TRANSPORT]: Topic '/web_vel' has more than one type associated. Only topics with one type are supported
[ros2-13] [ERROR] [1786737485.237575793] [ROSBAG2_TRANSPORT]: Topic '/web_vel' has more than one type associated. Only topics with one type are supported
[ros2-13] [ERROR] [1786737485.340311312] [ROSBAG2_TRANSPORT]: Topic '/web_vel' has more than one type associated. Only topics with one type are supported
[ros2-13] [ERROR] [1786737485.442906983] [ROSBAG2_TRANSPORT]: Topic '/web_vel' has more than one type associated. Only topics with one type are supported
[ros2-13] [ERROR] [1786737485.545000095] [ROSBAG2_TRANSPORT]: Topic '/web_vel' has more than one type associated. Only topics with one type are supported
[ros2-13] [ERROR] [1786737485.648071719] [ROSBAG2_TRANSPORT]: Topic '/web_vel' has more than one type associated. Only topics with one type are supported
[ros2-13] [ERROR] [1786737485.750491907] [ROSBAG2_TRANSPORT]: Topic '/web_vel' has more than one type associated. Only topics with one type are supported
[ros2-13] [ERROR] [1786737485.853040644] [ROSBAG2_TRANSPORT]: Topic '/web_vel' has more than one type associated. Only topics with one type are supported
[ros2-13] [ERROR] [1786737485.955900012] [ROSBAG2_TRANSPORT]: Topic '/web_vel' has more than one type associated. Only topics with one type are supported
[ros2-13] [ERROR] [1786737486.058713573] [ROSBAG2_TRANSPORT]: Topic '/web_vel' has more than one type associated. Only topics with one type are supported
[ros2-13] [ERROR] [1786737486.160894533] [ROSBAG2_TRANSPORT]: Topic '/web_vel' has more than one type associated. Only topics with one type are supported
[ros2-13] [ERROR] [1786737486.263250373] [ROSBAG2_TRANSPORT]: Topic '/web_vel' has more than one type associated. Only topics with one type are supported
[ros2-13] [ERROR] [1786737486.365516825] [ROSBAG2_TRANSPORT]: Topic '/web_vel' has more than one type associated. Only topics with one type are supported
[ros2-13] [ERROR] [1786737486.467819881] [ROSBAG2_TRANSPORT]: Topic '/web_vel' has more than one type associated. Only topics with one type are supported
[ros2-13] [ERROR] [1786737486.570050604] [ROSBAG2_TRANSPORT]: Topic '/web_vel' has more than one type associated. Only topics with one type are supported
[ros2-13] [ERROR] [1786737486.672293663] [ROSBAG2_TRANSPORT]: Topic '/web_vel' has more than one type associated. Only topics with one type are supported
[ros2-13] [ERROR] [1786737486.774421773] [ROSBAG2_TRANSPORT]: Topic '/web_vel' has more than one type associated. Only topics with one type are supported
[ros2-13] [ERROR] [1786737486.877467306] [ROSBAG2_TRANSPORT]: Topic '/web_vel' has more than one type associated. Only topics with one type are supported
[ros2-13] [ERROR] [1786737486.979812917] [ROSBAG2_TRANSPORT]: Topic '/web_vel' has more than one type associated. Only topics with one type are supported
[ros2-13] [ERROR] [1786737487.081890228] [ROSBAG2_TRANSPORT]: Topic '/web_vel' has more than one type associated. Only topics with one type are supported
[ros2-13] [ERROR] [1786737487.183955893] [ROSBAG2_TRANSPORT]: Topic '/web_vel' has more than one type associated. Only topics with one type are supported
[ros2-13] [ERROR] [1786737487.286289305] [ROSBAG2_TRANSPORT]: Topic '/web_vel' has more than one type associated. Only topics with one type are supported
[ros2-13] [ERROR] [1786737487.388552972] [ROSBAG2_TRANSPORT]: Topic '/web_vel' has more than one type associated. Only topics with one type are supported
[ros2-13] [ERROR] [1786737487.490755386] [ROSBAG2_TRANSPORT]: Topic '/web_vel' has more than one type associated. Only topics with one type are supported
[ros2-13] [ERROR] [1786737487.593250887] [ROSBAG2_TRANSPORT]: Topic '/web_vel' has more than one type associated. Only topics with one type are supported
[ros2-13] [ERROR] [1786737487.695380228] [ROSBAG2_TRANSPORT]: Topic '/web_vel' has more than one type associated. Only topics with one type are supported
[ros2-13] [ERROR] [1786737487.797815239] [ROSBAG2_TRANSPORT]: Topic '/web_vel' has more than one type associated. Only topics with one type are supported
[ros2-13] [ERROR] [1786737487.900185341] [ROSBAG2_TRANSPORT]: Topic '/web_vel' has more than one type associated. Only topics with one type are supported
[ros2-13] [ERROR] [1786737488.002388920] [ROSBAG2_TRANSPORT]: Topic '/web_vel' has more than one type associated. Only topics with one type are supported
[ros2-13] [ERROR] [1786737488.104517753] [ROSBAG2_TRANSPORT]: Topic '/web_vel' has more than one type associated. Only topics with one type are supported
[ros2-13] [ERROR] [1786737488.206715947] [ROSBAG2_TRANSPORT]: Topic '/web_vel' has more than one type associated. Only topics with one type are supported
[ros2-13] [ERROR] [1786737488.309153251] [ROSBAG2_TRANSPORT]: Topic '/web_vel' has more than one type associated. Only topics with one type are supported
[ros2-13] [ERROR] [1786737488.411306050] [ROSBAG2_TRANSPORT]: Topic '/web_vel' has more than one type associated. Only topics with one type are supported
[ros2-13] [ERROR] [1786737488.513468525] [ROSBAG2_TRANSPORT]: Topic '/web_vel' has more than one type associated. Only topics with one type are supported
[ros2-13] [ERROR] [1786737488.615929782] [ROSBAG2_TRANSPORT]: Topic '/web_vel' has more than one type associated. Only topics with one type are supported
[ros2-13] [ERROR] [1786737488.718957771] [ROSBAG2_TRANSPORT]: Topic '/web_vel' has more than one type associated. Only topics with one type are supported
[ros2-13] [ERROR] [1786737488.821719694] [ROSBAG2_TRANSPORT]: Topic '/web_vel' has more than one type associated. Only topics with one type are supported
[ros2-13] [ERROR] [1786737488.924025234] [ROSBAG2_TRANSPORT]: Topic '/web_vel' has more than one type associated. Only topics with one type are supported
[ros2-13] [ERROR] [1786737489.027008411] [ROSBAG2_TRANSPORT]: Topic '/web_vel' has more than one type associated. Only topics with one type are supported
[ros2-13] [ERROR] [1786737489.130127371] [ROSBAG2_TRANSPORT]: Topic '/web_vel' has more than one type associated. Only topics with one type are supported
[ros2-13] [ERROR] [1786737489.232475250] [ROSBAG2_TRANSPORT]: Topic '/web_vel' has more than one type associated. Only topics with one type are supported
[ros2-13] [ERROR] [1786737489.335862601] [ROSBAG2_TRANSPORT]: Topic '/web_vel' has more than one type associated. Only topics with one type are supported
[ros2-13] [ERROR] [1786737489.438384750] [ROSBAG2_TRANSPORT]: Topic '/web_vel' has more than one type associated. Only topics with one type are supported
[ros2-13] [ERROR] [1786737489.540764058] [ROSBAG2_TRANSPORT]: Topic '/web_vel' has more than one type associated. Only topics with one type are supported
[ros2-13] [ERROR] [1786737489.642937368] [ROSBAG2_TRANSPORT]: Topic '/web_vel' has more than one type associated. Only topics with one type are supported
[ros2-13] [ERROR] [1786737489.745167490] [ROSBAG2_TRANSPORT]: Topic '/web_vel' has more than one type associated. Only topics with one type are supported
[ros2-13] [ERROR] [1786737489.847182103] [ROSBAG2_TRANSPORT]: Topic '/web_vel' has more than one type associated. Only topics with one type are supported
[ros2-13] [ERROR] [1786737489.949228231] [ROSBAG2_TRANSPORT]: Topic '/web_vel' has more than one type associated. Only topics with one type are supported
[ros2-13] [ERROR] [1786737490.051271951] [ROSBAG2_TRANSPORT]: Topic '/web_vel' has more than one type associated. Only topics with one type are supported
[ros2-13] [ERROR] [1786737490.153672304] [ROSBAG2_TRANSPORT]: Topic '/web_vel' has more than one type associated. Only topics with one type are supported
[ros2-13] [ERROR] [1786737490.255947500] [ROSBAG2_TRANSPORT]: Topic '/web_vel' has more than one type associated. Only topics with one type are supported
[ros2-13] [ERROR] [1786737490.358207748] [ROSBAG2_TRANSPORT]: Topic '/web_vel' has more than one type associated. Only topics with one type are supported
[ros2-13] [ERROR] [1786737490.460462239] [ROSBAG2_TRANSPORT]: Topic '/web_vel' has more than one type associated. Only topics with one type are supported
[ros2-13] [ERROR] [1786737490.562693177] [ROSBAG2_TRANSPORT]: Topic '/web_vel' has more than one type associated. Only topics with one type are supported
[ros2-13] [ERROR] [1786737490.665671825] [ROSBAG2_TRANSPORT]: Topic '/web_vel' has more than one type associated. Only topics with one type are supported
[ros2-13] [ERROR] [1786737490.767905969] [ROSBAG2_TRANSPORT]: Topic '/web_vel' has more than one type associated. Only topics with one type are supported
[ros2-13] [ERROR] [1786737490.870300553] [ROSBAG2_TRANSPORT]: Topic '/web_vel' has more than one type associated. Only topics with one type are supported
[ros2-13] [ERROR] [1786737490.972592274] [ROSBAG2_TRANSPORT]: Topic '/web_vel' has more than one type associated. Only topics with one type are supported
[ros2-13] [ERROR] [1786737491.074694416] [ROSBAG2_TRANSPORT]: Topic '/web_vel' has more than one type associated. Only topics with one type are supported
[ros2-13] [ERROR] [1786737491.176862439] [ROSBAG2_TRANSPORT]: Topic '/web_vel' has more than one type associated. Only topics with one type are supported
[ros2-13] [ERROR] [1786737491.279183412] [ROSBAG2_TRANSPORT]: Topic '/web_vel' has more than one type associated. Only topics with one type are supported
[ros2-13] [ERROR] [1786737491.381898545] [ROSBAG2_TRANSPORT]: Topic '/web_vel' has more than one type associated. Only topics with one type are supported
[ros2-13] [ERROR] [1786737491.484628289] [ROSBAG2_TRANSPORT]: Topic '/web_vel' has more than one type associated. Only topics with one type are supported
[ros2-13] [ERROR] [1786737491.586869834] [ROSBAG2_TRANSPORT]: Topic '/web_vel' has more than one type associated. Only topics with one type are supported
[ros2-13] [ERROR] [1786737491.689687382] [ROSBAG2_TRANSPORT]: Topic '/web_vel' has more than one type associated. Only topics with one type are supported
[ros2-13] [ERROR] [1786737491.792167545] [ROSBAG2_TRANSPORT]: Topic '/web_vel' has more than one type associated. Only topics with one type are supported
[ros2-13] [ERROR] [1786737491.894262040] [ROSBAG2_TRANSPORT]: Topic '/web_vel' has more than one type associated. Only topics with one type are supported
[ros2-13] [ERROR] [1786737491.996599996] [ROSBAG2_TRANSPORT]: Topic '/web_vel' has more than one type associated. Only topics with one type are supported
[ros2-13] [ERROR] [1786737492.098782172] [ROSBAG2_TRANSPORT]: Topic '/web_vel' has more than one type associated. Only topics with one type are supported
[ros2-13] [ERROR] [1786737492.200848790] [ROSBAG2_TRANSPORT]: Topic '/web_vel' has more than one type associated. Only topics with one type are supported
[ros2-13] [ERROR] [1786737492.303952494] [ROSBAG2_TRANSPORT]: Topic '/web_vel' has more than one type associated. Only topics with one type are supported
[ros2-13] [ERROR] [1786737492.407150430] [ROSBAG2_TRANSPORT]: Topic '/web_vel' has more than one type associated. Only topics with one type are supported
[ros2-13] [ERROR] [1786737492.509542679] [ROSBAG2_TRANSPORT]: Topic '/web_vel' has more than one type associated. Only topics with one type are supported
[ros2-13] [ERROR] [1786737492.611594795] [ROSBAG2_TRANSPORT]: Topic '/web_vel' has more than one type associated. Only topics with one type are supported
[ros2-13] [ERROR] [1786737492.713670459] [ROSBAG2_TRANSPORT]: Topic '/web_vel' has more than one type associated. Only topics with one type are supported
[ros2-13] [ERROR] [1786737492.816606039] [ROSBAG2_TRANSPORT]: Topic '/web_vel' has more than one type associated. Only topics with one type are supported
[ros2-13] [ERROR] [1786737492.919269520] [ROSBAG2_TRANSPORT]: Topic '/web_vel' has more than one type associated. Only topics with one type are supported
[ros2-13] [ERROR] [1786737493.021916301] [ROSBAG2_TRANSPORT]: Topic '/web_vel' has more than one type associated. Only topics with one type are supported
[ros2-13] [ERROR] [1786737493.124676755] [ROSBAG2_TRANSPORT]: Topic '/web_vel' has more than one type associated. Only topics with one type are supported
[ros2-13] [ERROR] [1786737493.227880770] [ROSBAG2_TRANSPORT]: Topic '/web_vel' has more than one type associated. Only topics with one type are supported
[ros2-13] [ERROR] [1786737493.330946131] [ROSBAG2_TRANSPORT]: Topic '/web_vel' has more than one type associated. Only topics with one type are supported
[ros2-13] [ERROR] [1786737493.433370764] [ROSBAG2_TRANSPORT]: Topic '/web_vel' has more than one type associated. Only topics with one type are supported
[ros2-13] [ERROR] [1786737493.535917904] [ROSBAG2_TRANSPORT]: Topic '/web_vel' has more than one type associated. Only topics with one type are supported
[ros2-13] [ERROR] [1786737493.638392595] [ROSBAG2_TRANSPORT]: Topic '/web_vel' has more than one type associated. Only topics with one type are supported
[ros2-13] [ERROR] [1786737493.741010242] [ROSBAG2_TRANSPORT]: Topic '/web_vel' has more than one type associated. Only topics with one type are supported
[ros2-13] [ERROR] [1786737493.843284621] [ROSBAG2_TRANSPORT]: Topic '/web_vel' has more than one type associated. Only topics with one type are supported
[ros2-13] [ERROR] [1786737493.945483652] [ROSBAG2_TRANSPORT]: Topic '/web_vel' has more than one type associated. Only topics with one type are supported
[lifecycle_manager-7] [INFO] [1786737494.044958468] [lifecycle_manager_pilha]: [34m[1mHave not received a heartbeat from collision_monitor.[0m[0m
[lifecycle_manager-7] [ERROR] [1786737494.045013096] [lifecycle_manager_pilha]: CRITICAL FAILURE: SERVER collision_monitor IS DOWN after not receiving a heartbeat for 4000 ms. Shutting down related nodes.
[lifecycle_manager-7] [INFO] [1786737494.045047274] [lifecycle_manager_pilha]: [34m[1mTerminating bond timer...[0m[0m
[lifecycle_manager-7] [INFO] [1786737494.045072035] [lifecycle_manager_pilha]: [34m[1mResetting managed nodes...[0m[0m
[lifecycle_manager-7] [INFO] [1786737494.045085422] [lifecycle_manager_pilha]: [34m[1mDeactivating collision_monitor[0m[0m
[ros2-13] [ERROR] [1786737494.047616112] [ROSBAG2_TRANSPORT]: Topic '/web_vel' has more than one type associated. Only topics with one type are supported
[collision_monitor-9] [INFO] [1786737494.140002467] [collision_monitor]: Deactivating
[collision_monitor-9] [INFO] [1786737494.140043369] [collision_monitor]: Destroying bond (collision_monitor) to lifecycle manager.
[ros2-13] [ERROR] [1786737494.150252786] [ROSBAG2_TRANSPORT]: Topic '/web_vel' has more than one type associated. Only topics with one type are supported
[lifecycle_manager-7] [INFO] [1786737494.162956356] [lifecycle_manager_pilha]: [34m[1mDeactivating bt_navigator[0m[0m
[bt_navigator-5] [INFO] [1786737494.163957708] [bt_navigator]: Deactivating
[bt_navigator-5] [INFO] [1786737494.164066855] [bt_navigator]: Destroying bond (bt_navigator) to lifecycle manager.
[ros2-13] [ERROR] [1786737494.253122893] [ROSBAG2_TRANSPORT]: Topic '/web_vel' has more than one type associated. Only topics with one type are supported
[lifecycle_manager-7] [INFO] [1786737494.278106608] [lifecycle_manager_pilha]: [34m[1mDeactivating controller_server[0m[0m
[controller_server-4] [INFO] [1786737494.278457335] [controller_server]: Deactivating
[controller_server-4] [INFO] [1786737494.278493822] [controller_server]: Deactivating controller: FollowPath of type regulated_pure_pursuit_controller::RegulatedPurePursuitController
[controller_server-4] [INFO] [1786737494.278514443] [local_costmap.local_costmap]: Deactivating
[ros2-13] [ERROR] [1786737494.355528821] [ROSBAG2_TRANSPORT]: Topic '/web_vel' has more than one type associated. Only topics with one type are supported
[controller_server-4] [INFO] [1786737494.364076406] [controller_server]: Destroying bond (controller_server) to lifecycle manager.
[ros2-13] [ERROR] [1786737494.457666960] [ROSBAG2_TRANSPORT]: Topic '/web_vel' has more than one type associated. Only topics with one type are supported
[lifecycle_manager-7] [INFO] [1786737494.477422079] [lifecycle_manager_pilha]: [34m[1mDeactivating smoother_server[0m[0m
[smoother_server-3] [INFO] [1786737494.477843011] [smoother_server]: Deactivating
[smoother_server-3] [INFO] [1786737494.477888810] [smoother_server]: Deactivating smoother: suave of type nav2_constrained_smoother::ConstrainedSmoother
[smoother_server-3] [INFO] [1786737494.477907817] [smoother_server]: Destroying bond (smoother_server) to lifecycle manager.
[ros2-13] [ERROR] [1786737494.559788315] [ROSBAG2_TRANSPORT]: Topic '/web_vel' has more than one type associated. Only topics with one type are supported
[lifecycle_manager-7] [INFO] [1786737494.590597824] [lifecycle_manager_pilha]: [34m[1mDeactivating planner_server[0m[0m
[planner_server-2] [INFO] [1786737494.590901348] [planner_server]: Deactivating
[planner_server-2] [INFO] [1786737494.590955560] [global_costmap.global_costmap]: Deactivating
[ros2-13] [ERROR] [1786737494.661839234] [ROSBAG2_TRANSPORT]: Topic '/web_vel' has more than one type associated. Only topics with one type are supported
[ros2-13] [ERROR] [1786737494.764803702] [ROSBAG2_TRANSPORT]: Topic '/web_vel' has more than one type associated. Only topics with one type are supported
[ros2-13] [ERROR] [1786737494.867250201] [ROSBAG2_TRANSPORT]: Topic '/web_vel' has more than one type associated. Only topics with one type are supported
[ros2-13] [ERROR] [1786737494.969366987] [ROSBAG2_TRANSPORT]: Topic '/web_vel' has more than one type associated. Only topics with one type are supported
[ros2-13] [ERROR] [1786737495.071525893] [ROSBAG2_TRANSPORT]: Topic '/web_vel' has more than one type associated. Only topics with one type are supported
[planner_server-2] [INFO] [1786737495.097124642] [planner_server]: Deactivating plugin GridBased of type nav2_theta_star_planner
[planner_server-2] [INFO] [1786737495.097199321] [planner_server]: Destroying bond (planner_server) to lifecycle manager.
[ros2-13] [ERROR] [1786737495.173648284] [ROSBAG2_TRANSPORT]: Topic '/web_vel' has more than one type associated. Only topics with one type are supported
[lifecycle_manager-7] [INFO] [1786737495.210661537] [lifecycle_manager_pilha]: [34m[1mDeactivating amcl[0m[0m
[amcl-6] [INFO] [1786737495.211148501] [amcl]: Deactivating
[amcl-6] [INFO] [1786737495.211191389] [amcl]: Destroying bond (amcl) to lifecycle manager.
[ros2-13] [ERROR] [1786737495.275780256] [ROSBAG2_TRANSPORT]: Topic '/web_vel' has more than one type associated. Only topics with one type are supported
[lifecycle_manager-7] [INFO] [1786737495.323822005] [lifecycle_manager_pilha]: [34m[1mDeactivating map_server[0m[0m
[map_server-1] [INFO] [1786737495.324379348] [map_server]: Deactivating
[map_server-1] [INFO] [1786737495.324433785] [map_server]: Destroying bond (map_server) to lifecycle manager.
[ros2-13] [ERROR] [1786737495.377819724] [ROSBAG2_TRANSPORT]: Topic '/web_vel' has more than one type associated. Only topics with one type are supported
[lifecycle_manager-7] [INFO] [1786737495.437088876] [lifecycle_manager_pilha]: [34m[1mCleaning up collision_monitor[0m[0m
[collision_monitor-9] [INFO] [1786737495.437450021] [collision_monitor]: Cleaning up
[collision_monitor-9] [INFO] [1786737495.441286633] [collision_monitor]: [PolygonApproach]: Destroying Polygon
[collision_monitor-9] [INFO] [1786737495.442178375] [collision_monitor]: [PolygonStop]: Destroying Polygon
[collision_monitor-9] [INFO] [1786737495.442954337] [collision_monitor]: [livox]: Destroying PointCloud
[lifecycle_manager-7] [INFO] [1786737495.446589045] [lifecycle_manager_pilha]: [34m[1mCleaning up bt_navigator[0m[0m
[bt_navigator-5] [INFO] [1786737495.446819160] [bt_navigator]: Cleaning up
[ros2-13] [ERROR] [1786737495.480987015] [ROSBAG2_TRANSPORT]: Topic '/web_vel' has more than one type associated. Only topics with one type are supported
[bt_navigator-5] [INFO] [1786737495.514559035] [bt_navigator]: Completed Cleaning up
[lifecycle_manager-7] [INFO] [1786737495.515047018] [lifecycle_manager_pilha]: [34m[1mCleaning up controller_server[0m[0m
[controller_server-4] [INFO] [1786737495.515273913] [controller_server]: Cleaning up
[controller_server-4] [INFO] [1786737495.515326768] [controller_server]: Cleaning up controller: FollowPath of type regulated_pure_pursuit_controller::RegulatedPurePursuitController
[controller_server-4] [INFO] [1786737495.522314469] [local_costmap.local_costmap]: Cleaning up
[lifecycle_manager-7] [INFO] [1786737495.576995611] [lifecycle_manager_pilha]: [34m[1mCleaning up smoother_server[0m[0m
[smoother_server-3] [INFO] [1786737495.577358982] [smoother_server]: Cleaning up
[smoother_server-3] [INFO] [1786737495.577420570] [smoother_server]: Cleaning up smoother: suave of type nav2_constrained_smoother::ConstrainedSmoother
[ros2-13] [ERROR] [1786737495.585723885] [ROSBAG2_TRANSPORT]: Topic '/web_vel' has more than one type associated. Only topics with one type are supported
[lifecycle_manager-7] [INFO] [1786737495.594170807] [lifecycle_manager_pilha]: [34m[1mCleaning up planner_server[0m[0m
[planner_server-2] [INFO] [1786737495.594427993] [planner_server]: Cleaning up
[planner_server-2] [INFO] [1786737495.614293188] [global_costmap.global_costmap]: Cleaning up
[planner_server-2] [INFO] [1786737495.624010047] [planner_server]: CleaningUp plugin GridBased of type nav2_theta_star_planner
[lifecycle_manager-7] [INFO] [1786737495.657711807] [lifecycle_manager_pilha]: [34m[1mCleaning up amcl[0m[0m
[amcl-6] [INFO] [1786737495.657982620] [amcl]: Cleaning up
[lifecycle_manager-7] [INFO] [1786737495.672445860] [lifecycle_manager_pilha]: [34m[1mCleaning up map_server[0m[0m
[map_server-1] [INFO] [1786737495.673060124] [map_server]: Cleaning up
[lifecycle_manager-7] [INFO] [1786737495.678213094] [lifecycle_manager_pilha]: [34m[1mManaged nodes have been reset[0m[0m
[ros2-13] [ERROR] [1786737495.689189634] [ROSBAG2_TRANSPORT]: Topic '/web_vel' has more than one type associated. Only topics with one type are supported
[ros2-13] [ERROR] [1786737495.791383085] [ROSBAG2_TRANSPORT]: Topic '/web_vel' has more than one type associated. Only topics with one type are supported
[ros2-13] [ERROR] [1786737495.893220389] [ROSBAG2_TRANSPORT]: Topic '/web_vel' has more than one type associated. Only topics with one type are supported
[ros2-13] [ERROR] [1786737495.994915816] [ROSBAG2_TRANSPORT]: Topic '/web_vel' has more than one type associated. Only topics with one type are supported
[ros2-13] [ERROR] [1786737496.096643304] [ROSBAG2_TRANSPORT]: Topic '/web_vel' has more than one type associated. Only topics with one type are supported
[ros2-13] [ERROR] [1786737496.198882597] [ROSBAG2_TRANSPORT]: Topic '/web_vel' has more than one type associated. Only topics with one type are supported
[ros2-13] [ERROR] [1786737496.301052664] [ROSBAG2_TRANSPORT]: Topic '/web_vel' has more than one type associated. Only topics with one type are supported
[ros2-13] [ERROR] [1786737496.403362186] [ROSBAG2_TRANSPORT]: Topic '/web_vel' has more than one type associated. Only topics with one type are supported
[ros2-13] [ERROR] [1786737496.505351510] [ROSBAG2_TRANSPORT]: Topic '/web_vel' has more than one type associated. Only topics with one type are supported
[ros2-13] [ERROR] [1786737496.607019690] [ROSBAG2_TRANSPORT]: Topic '/web_vel' has more than one type associated. Only topics with one type are supported
[lifecycle_manager-7] [INFO] [1786737496.680115374] [lifecycle_manager_pilha]: [34m[1mSuccessfully re-established connections from server respawns, starting back up.[0m[0m
[lifecycle_manager-7] [INFO] [1786737496.680156463] [lifecycle_manager_pilha]: [34m[1mStarting managed nodes bringup...[0m[0m
[lifecycle_manager-7] [INFO] [1786737496.680174584] [lifecycle_manager_pilha]: [34m[1mConfiguring map_server[0m[0m
[map_server-1] [INFO] [1786737496.680316763] [map_server]: Configuring
[map_server-1] [INFO] [1786737496.680370894] [map_io]: Loading yaml file: /home/bara/Controle_robo_livox/maps/sala_andar3/sala_andar3.yaml
[map_server-1] [INFO] [1786737496.680579679] [map_io]: resolution: 0.05
[map_server-1] [INFO] [1786737496.680590027] [map_io]: origin[0]: -2.039
[map_server-1] [INFO] [1786737496.680597392] [map_io]: origin[1]: -13.044
[map_server-1] [INFO] [1786737496.680603219] [map_io]: origin[2]: 0
[map_server-1] [INFO] [1786737496.680609244] [map_io]: free_thresh: 0.196
[map_server-1] [INFO] [1786737496.680614998] [map_io]: occupied_thresh: 0.65
[map_server-1] [INFO] [1786737496.680620240] [map_io]: mode: trinary
[map_server-1] [INFO] [1786737496.680625638] [map_io]: negate: 0
[map_server-1] [INFO] [1786737496.680640011] [map_io]: Loading image_file: /home/bara/Controle_robo_livox/maps/sala_andar3/sala_andar3.pgm
[map_server-1] [INFO] [1786737496.682549521] [map_io]: Read map /home/bara/Controle_robo_livox/maps/sala_andar3/sala_andar3.pgm: 197 X 636 map @ 0.05 m/cell
[lifecycle_manager-7] [INFO] [1786737496.687742839] [lifecycle_manager_pilha]: [34m[1mConfiguring amcl[0m[0m
[amcl-6] [INFO] [1786737496.687917677] [amcl]: Configuring
[amcl-6] [INFO] [1786737496.687987604] [amcl]: initTransforms
[ros2-13] [WARN] [1786737496.691189358] [rosbag2_recorder]: New publisher discovered on topic '/tf', offering incompatible QoS. No messages will be sent to it. Last incompatible policy: DURABILITY_QOS_POLICY
[amcl-6] [INFO] [1786737496.693452994] [amcl]: initPubSub
[amcl-6] [INFO] [1786737496.696929367] [amcl]: Subscribed to map topic.
[amcl-6] [WARN] [1786737496.701020489] [amcl]: New subscription discovered on topic '/tf', requesting incompatible QoS. No messages will be sent to it. Last incompatible policy: DURABILITY_QOS_POLICY
[lifecycle_manager-7] [INFO] [1786737496.701274238] [lifecycle_manager_pilha]: [34m[1mConfiguring planner_server[0m[0m
[planner_server-2] [INFO] [1786737496.701486047] [planner_server]: Configuring
[planner_server-2] [INFO] [1786737496.701542622] [global_costmap.global_costmap]: Configuring
[planner_server-2] [INFO] [1786737496.709729712] [global_costmap.global_costmap]: Using plugin "static_layer"
[planner_server-2] [INFO] [1786737496.709820812] [global_costmap.global_costmap]: Subscribing to the map topic (/map) with transient local durability
[ros2-13] [ERROR] [1786737496.710328533] [ROSBAG2_TRANSPORT]: Topic '/web_vel' has more than one type associated. Only topics with one type are supported
[planner_server-2] [INFO] [1786737496.710801002] [global_costmap.global_costmap]: Initialized plugin "static_layer"
[planner_server-2] [INFO] [1786737496.710853068] [global_costmap.global_costmap]: Using plugin "obstacle_layer"
[planner_server-2] [INFO] [1786737496.710960743] [global_costmap.global_costmap]: Subscribed to Topics: livox
[planner_server-2] [INFO] [1786737496.714482285] [global_costmap.global_costmap]: Initialized plugin "obstacle_layer"
[planner_server-2] [INFO] [1786737496.714534911] [global_costmap.global_costmap]: Using plugin "inflation_layer"
[planner_server-2] [INFO] [1786737496.714738352] [global_costmap.global_costmap]: Initialized plugin "inflation_layer"
[planner_server-2] [INFO] [1786737496.745109968] [planner_server]: Created global planner plugin GridBased of type nav2_theta_star_planner::ThetaStarPlanner
[planner_server-2] [INFO] [1786737496.745192935] [planner_server]: Planner Server has GridBased GridBased GridBased  planners available.
[lifecycle_manager-7] [INFO] [1786737496.759789746] [lifecycle_manager_pilha]: [34m[1mConfiguring smoother_server[0m[0m
[smoother_server-3] [INFO] [1786737496.760041133] [smoother_server]: Configuring smoother server
[smoother_server-3] [INFO] [1786737496.768054511] [smoother_server]: Created smoother : suave of type nav2_constrained_smoother/ConstrainedSmoother
[smoother_server-3] [INFO] [1786737496.768181633] [smoother_server]: Created smoother : simples of type nav2_smoother::SimpleSmoother
[smoother_server-3] [INFO] [1786737496.768251129] [smoother_server]: Created smoother : savgol of type nav2_smoother::SavitzkyGolaySmoother
[smoother_server-3] [INFO] [1786737496.768294548] [smoother_server]: Smoother Server has suave simples savgol suave simples savgol suave simples savgol  smoothers available.
[lifecycle_manager-7] [INFO] [1786737496.778000998] [lifecycle_manager_pilha]: [34m[1mConfiguring controller_server[0m[0m
[controller_server-4] [INFO] [1786737496.778236798] [controller_server]: Configuring controller interface
[controller_server-4] [INFO] [1786737496.778287706] [controller_server]: getting progress checker plugins..
[controller_server-4] [INFO] [1786737496.778316326] [controller_server]: getting goal checker plugins..
[controller_server-4] [INFO] [1786737496.778343675] [controller_server]: Controller frequency set to 5.0000Hz
[controller_server-4] [INFO] [1786737496.778376353] [local_costmap.local_costmap]: Configuring
[controller_server-4] [INFO] [1786737496.788123105] [local_costmap.local_costmap]: Using plugin "static_layer"
[controller_server-4] [INFO] [1786737496.788447912] [local_costmap.local_costmap]: Subscribing to the map topic (/map) with transient local durability
[controller_server-4] [INFO] [1786737496.789774466] [local_costmap.local_costmap]: Initialized plugin "static_layer"
[controller_server-4] [INFO] [1786737496.789821598] [local_costmap.local_costmap]: Using plugin "obstacle_layer"
[controller_server-4] [INFO] [1786737496.789908957] [local_costmap.local_costmap]: Subscribed to Topics: livox
[controller_server-4] [INFO] [1786737496.795070383] [local_costmap.local_costmap]: Initialized plugin "obstacle_layer"
[controller_server-4] [INFO] [1786737496.795123433] [local_costmap.local_costmap]: Using plugin "inflation_layer"
[controller_server-4] [INFO] [1786737496.795340481] [local_costmap.local_costmap]: Initialized plugin "inflation_layer"
[ros2-13] [ERROR] [1786737496.814739122] [ROSBAG2_TRANSPORT]: Topic '/web_vel' has more than one type associated. Only topics with one type are supported
[controller_server-4] [INFO] [1786737496.828103080] [controller_server]: Created progress_checker : progress_checker of type nav2_controller::SimpleProgressChecker
[controller_server-4] [INFO] [1786737496.828194645] [controller_server]: Controller Server has progress_checker progress_checker progress_checker  progress checkers available.
[controller_server-4] [INFO] [1786737496.828251447] [controller_server]: Created goal checker : goal_checker of type nav2_controller::SimpleGoalChecker
[controller_server-4] [INFO] [1786737496.828290802] [controller_server]: Controller Server has goal_checker goal_checker goal_checker  goal checkers available.
[controller_server-4] [INFO] [1786737496.828339767] [controller_server]: Created controller : FollowPath of type nav2_regulated_pure_pursuit_controller::RegulatedPurePursuitController
[controller_server-4] [INFO] [1786737496.833708745] [controller_server]: Controller Server has FollowPath FollowPath FollowPath  controllers available.
[lifecycle_manager-7] [INFO] [1786737496.846428882] [lifecycle_manager_pilha]: [34m[1mConfiguring bt_navigator[0m[0m
[bt_navigator-5] [INFO] [1786737496.846727200] [bt_navigator]: Configuring
[bt_navigator-5] [INFO] [1786737496.853106377] [bt_navigator]: Creating navigator id navigate_to_pose of type nav2_bt_navigator::NavigateToPoseNavigator
[lifecycle_manager-7] [INFO] [1786737496.897868609] [lifecycle_manager_pilha]: [34m[1mConfiguring collision_monitor[0m[0m
[collision_monitor-9] [INFO] [1786737496.898135801] [collision_monitor]: Configuring
[collision_monitor-9] [INFO] [1786737496.900987890] [collision_monitor]: [livox]: Creating PointCloud
[collision_monitor-9] [INFO] [1786737496.902494706] [collision_monitor]: [PolygonApproach]: Creating Polygon
[collision_monitor-9] [INFO] [1786737496.904427080] [collision_monitor]: [PolygonStop]: Creating Polygon
[lifecycle_manager-7] [INFO] [1786737496.914457889] [lifecycle_manager_pilha]: [34m[1mActivating map_server[0m[0m
[map_server-1] [INFO] [1786737496.914707784] [map_server]: Activating
[map_server-1] [INFO] [1786737496.914912655] [map_server]: Creating bond (map_server) to lifecycle manager.
[planner_server-2] [INFO] [1786737496.915124912] [global_costmap.global_costmap]: StaticLayer: Resizing costmap to 197 X 636 at 0.050000 m/pix
[controller_server-4] [INFO] [1786737496.915134019] [local_costmap.local_costmap]: StaticLayer: Resizing static layer to 197 X 636 at 0.050000 m/pix
[amcl-6] [INFO] [1786737496.915172446] [amcl]: Received a 197 X 636 map @ 0.050 m/pix
[ros2-13] [ERROR] [1786737496.919819507] [ROSBAG2_TRANSPORT]: Topic '/web_vel' has more than one type associated. Only topics with one type are supported
[ros2-13] [ERROR] [1786737497.022135113] [ROSBAG2_TRANSPORT]: Topic '/web_vel' has more than one type associated. Only topics with one type are supported
[lifecycle_manager-7] [INFO] [1786737497.023014646] [lifecycle_manager_pilha]: Server map_server connected with bond.
[lifecycle_manager-7] [INFO] [1786737497.023064575] [lifecycle_manager_pilha]: [34m[1mActivating amcl[0m[0m
[amcl-6] [INFO] [1786737497.023388630] [amcl]: Activating
[amcl-6] [INFO] [1786737497.023431565] [amcl]: initialPoseReceived
[amcl-6] [INFO] [1786737497.023486548] [amcl]: Setting pose (1786737497.023487): 0.003 -0.000 -0.000
[amcl-6] [INFO] [1786737497.023937153] [amcl]: Creating bond (amcl) to lifecycle manager.
[ros2-13] [ERROR] [1786737497.124823348] [ROSBAG2_TRANSPORT]: Topic '/web_vel' has more than one type associated. Only topics with one type are supported
[lifecycle_manager-7] [INFO] [1786737497.130694669] [lifecycle_manager_pilha]: Server amcl connected with bond.
[lifecycle_manager-7] [INFO] [1786737497.130762166] [lifecycle_manager_pilha]: [34m[1mActivating planner_server[0m[0m
[planner_server-2] [INFO] [1786737497.131107670] [planner_server]: Activating
[planner_server-2] [INFO] [1786737497.131172828] [global_costmap.global_costmap]: Activating
[planner_server-2] [INFO] [1786737497.131205144] [global_costmap.global_costmap]: Checking transform
[planner_server-2] [INFO] [1786737497.131234927] [global_costmap.global_costmap]: Timed out waiting for transform from base_link to map to become available, tf error: Invalid frame ID "map" passed to canTransform argument target_frame - frame does not exist
[ros2-13] [ERROR] [1786737497.227455159] [ROSBAG2_TRANSPORT]: Topic '/web_vel' has more than one type associated. Only topics with one type are supported
[ros2-13] [ERROR] [1786737497.329840309] [ROSBAG2_TRANSPORT]: Topic '/web_vel' has more than one type associated. Only topics with one type are supported
[ros2-13] [ERROR] [1786737497.432042122] [ROSBAG2_TRANSPORT]: Topic '/web_vel' has more than one type associated. Only topics with one type are supported
[amcl-6] [INFO] [1786737497.511191019] [amcl]: createLaserObject
[ros2-13] [ERROR] [1786737497.534693778] [ROSBAG2_TRANSPORT]: Topic '/web_vel' has more than one type associated. Only topics with one type are supported
[planner_server-2] [INFO] [1786737497.631320464] [global_costmap.global_costmap]: Timed out waiting for transform from base_link to map to become available, tf error: Lookup would require extrapolation at time 1786737497.515816, but only time 1786737497.815954 is in the buffer, when looking up transform from frame [base_link] to frame [map]
[ros2-13] [ERROR] [1786737497.637221788] [ROSBAG2_TRANSPORT]: Topic '/web_vel' has more than one type associated. Only topics with one type are supported
[ros2-13] [ERROR] [1786737497.739960227] [ROSBAG2_TRANSPORT]: Topic '/web_vel' has more than one type associated. Only topics with one type are supported
[ros2-13] [ERROR] [1786737497.842306744] [ROSBAG2_TRANSPORT]: Topic '/web_vel' has more than one type associated. Only topics with one type are supported
[amcl-6] [INFO] [1786737497.877663173] [amcl]: Message Filter dropping message: frame 'base_link' at time 1786737496.116 for reason 'the timestamp on the message is earlier than all the data in the transform cache'
[ros2-13] [ERROR] [1786737497.944451291] [ROSBAG2_TRANSPORT]: Topic '/web_vel' has more than one type associated. Only topics with one type are supported
[amcl-6] [INFO] [1786737498.003463067] [amcl]: Message Filter dropping message: frame 'base_link' at time 1786737496.316 for reason 'the timestamp on the message is earlier than all the data in the transform cache'
[ros2-13] [ERROR] [1786737498.047189773] [ROSBAG2_TRANSPORT]: Topic '/web_vel' has more than one type associated. Only topics with one type are supported
[amcl-6] [INFO] [1786737498.092347050] [amcl]: Message Filter dropping message: frame 'base_link' at time 1786737496.416 for reason 'the timestamp on the message is earlier than all the data in the transform cache'
[planner_server-2] [INFO] [1786737498.131409500] [global_costmap.global_costmap]: start
[ros2-13] [ERROR] [1786737498.149809007] [ROSBAG2_TRANSPORT]: Topic '/web_vel' has more than one type associated. Only topics with one type are supported
[amcl-6] [INFO] [1786737498.194079837] [amcl]: Message Filter dropping message: frame 'base_link' at time 1786737496.516 for reason 'the timestamp on the message is earlier than all the data in the transform cache'
[ros2-13] [ERROR] [1786737498.253115180] [ROSBAG2_TRANSPORT]: Topic '/web_vel' has more than one type associated. Only topics with one type are supported
[amcl-6] [INFO] [1786737498.303576387] [amcl]: Message Filter dropping message: frame 'base_link' at time 1786737496.616 for reason 'the timestamp on the message is earlier than all the data in the transform cache'
[ros2-13] [ERROR] [1786737498.355710050] [ROSBAG2_TRANSPORT]: Topic '/web_vel' has more than one type associated. Only topics with one type are supported
[amcl-6] [INFO] [1786737498.398382518] [amcl]: Message Filter dropping message: frame 'base_link' at time 1786737496.716 for reason 'the timestamp on the message is earlier than all the data in the transform cache'
[ros2-13] [ERROR] [1786737498.458305116] [ROSBAG2_TRANSPORT]: Topic '/web_vel' has more than one type associated. Only topics with one type are supported
[planner_server-2] [INFO] [1786737498.483334267] [global_costmap.global_costmap]: Message Filter dropping message: frame 'livox_frame' at time 1786737497.516 for reason 'the timestamp on the message is earlier than all the data in the transform cache'
[ros2-13] [ERROR] [1786737498.561771247] [ROSBAG2_TRANSPORT]: Topic '/web_vel' has more than one type associated. Only topics with one type are supported
[planner_server-2] [INFO] [1786737498.609803013] [global_costmap.global_costmap]: Message Filter dropping message: frame 'livox_frame' at time 1786737497.617 for reason 'the timestamp on the message is earlier than all the data in the transform cache'
[ros2-13] [ERROR] [1786737498.665078170] [ROSBAG2_TRANSPORT]: Topic '/web_vel' has more than one type associated. Only topics with one type are supported
[planner_server-2] [INFO] [1786737498.737484047] [global_costmap.global_costmap]: Message Filter dropping message: frame 'livox_frame' at time 1786737497.716 for reason 'the timestamp on the message is earlier than all the data in the transform cache'
[ros2-13] [ERROR] [1786737498.767574700] [ROSBAG2_TRANSPORT]: Topic '/web_vel' has more than one type associated. Only topics with one type are supported
[ros2-13] [ERROR] [1786737498.870118666] [ROSBAG2_TRANSPORT]: Topic '/web_vel' has more than one type associated. Only topics with one type are supported
[ros2-13] [ERROR] [1786737498.972798072] [ROSBAG2_TRANSPORT]: Topic '/web_vel' has more than one type associated. Only topics with one type are supported
[ros2-13] [ERROR] [1786737499.074927728] [ROSBAG2_TRANSPORT]: Topic '/web_vel' has more than one type associated. Only topics with one type are supported
[ros2-13] [ERROR] [1786737499.176953219] [ROSBAG2_TRANSPORT]: Topic '/web_vel' has more than one type associated. Only topics with one type are supported
[planner_server-2] [INFO] [1786737499.182837414] [planner_server]: Activating plugin GridBased of type nav2_theta_star_planner
[planner_server-2] [INFO] [1786737499.186907373] [planner_server]: Creating bond (planner_server) to lifecycle manager.
[ros2-13] [ERROR] [1786737499.279727951] [ROSBAG2_TRANSPORT]: Topic '/web_vel' has more than one type associated. Only topics with one type are supported
[lifecycle_manager-7] [INFO] [1786737499.292500429] [lifecycle_manager_pilha]: Server planner_server connected with bond.
[lifecycle_manager-7] [INFO] [1786737499.292554414] [lifecycle_manager_pilha]: [34m[1mActivating smoother_server[0m[0m
[smoother_server-3] [INFO] [1786737499.292867389] [smoother_server]: Activating
[smoother_server-3] [INFO] [1786737499.292908577] [smoother_server]: Activating smoother: suave of type nav2_constrained_smoother::ConstrainedSmoother
[smoother_server-3] [INFO] [1786737499.292928331] [smoother_server]: Creating bond (smoother_server) to lifecycle manager.
[ros2-13] [ERROR] [1786737499.381941678] [ROSBAG2_TRANSPORT]: Topic '/web_vel' has more than one type associated. Only topics with one type are supported
[lifecycle_manager-7] [INFO] [1786737499.399342338] [lifecycle_manager_pilha]: Server smoother_server connected with bond.
[lifecycle_manager-7] [INFO] [1786737499.399386437] [lifecycle_manager_pilha]: [34m[1mActivating controller_server[0m[0m
[controller_server-4] [INFO] [1786737499.399677600] [controller_server]: Activating
[controller_server-4] [INFO] [1786737499.399744262] [local_costmap.local_costmap]: Activating
[controller_server-4] [INFO] [1786737499.399763918] [local_costmap.local_costmap]: Checking transform
[controller_server-4] [INFO] [1786737499.399873270] [local_costmap.local_costmap]: start
[ros2-13] [ERROR] [1786737499.484078876] [ROSBAG2_TRANSPORT]: Topic '/web_vel' has more than one type associated. Only topics with one type are supported
[ros2-13] [ERROR] [1786737499.586124364] [ROSBAG2_TRANSPORT]: Topic '/web_vel' has more than one type associated. Only topics with one type are supported
[controller_server-4] [INFO] [1786737499.651291188] [controller_server]: Activating controller: FollowPath of type regulated_pure_pursuit_controller::RegulatedPurePursuitController
[controller_server-4] [INFO] [1786737499.651350186] [controller_server]: Creating bond (controller_server) to lifecycle manager.
[ros2-13] [ERROR] [1786737499.688369962] [ROSBAG2_TRANSPORT]: Topic '/web_vel' has more than one type associated. Only topics with one type are supported
[lifecycle_manager-7] [INFO] [1786737499.756894018] [lifecycle_manager_pilha]: Server controller_server connected with bond.
[lifecycle_manager-7] [INFO] [1786737499.756999192] [lifecycle_manager_pilha]: [34m[1mActivating bt_navigator[0m[0m
[bt_navigator-5] [INFO] [1786737499.757802494] [bt_navigator]: Activating
[bt_navigator-5] [INFO] [1786737499.786108572] [bt_navigator]: Creating bond (bt_navigator) to lifecycle manager.
[ros2-13] [ERROR] [1786737499.791819583] [ROSBAG2_TRANSPORT]: Topic '/web_vel' has more than one type associated. Only topics with one type are supported
[lifecycle_manager-7] [INFO] [1786737499.892134390] [lifecycle_manager_pilha]: Server bt_navigator connected with bond.
[lifecycle_manager-7] [INFO] [1786737499.892187373] [lifecycle_manager_pilha]: [34m[1mActivating collision_monitor[0m[0m
[collision_monitor-9] [INFO] [1786737499.892518710] [collision_monitor]: Activating
[collision_monitor-9] [INFO] [1786737499.892621933] [collision_monitor]: Creating bond (collision_monitor) to lifecycle manager.
[ros2-13] [ERROR] [1786737499.895048518] [ROSBAG2_TRANSPORT]: Topic '/web_vel' has more than one type associated. Only topics with one type are supported
[ros2-13] [ERROR] [1786737499.997597688] [ROSBAG2_TRANSPORT]: Topic '/web_vel' has more than one type associated. Only topics with one type are supported
[lifecycle_manager-7] [INFO] [1786737500.039004642] [lifecycle_manager_pilha]: Server collision_monitor connected with bond.
[lifecycle_manager-7] [INFO] [1786737500.039077491] [lifecycle_manager_pilha]: [34m[1mManaged nodes are active[0m[0m
[lifecycle_manager-7] [INFO] [1786737500.039106332] [lifecycle_manager_pilha]: [34m[1mCreating bond timer...[0m[0m
[ros2-13] [ERROR] [1786737500.100589048] [ROSBAG2_TRANSPORT]: Topic '/web_vel' has more than one type associated. Only topics with one type are supported
[ros2-13] [ERROR] [1786737500.202953268] [ROSBAG2_TRANSPORT]: Topic '/web_vel' has more than one type associated. Only topics with one type are supported
[ros2-13] [ERROR] [1786737500.304996032] [ROSBAG2_TRANSPORT]: Topic '/web_vel' has more than one type associated. Only topics with one type are supported
[ros2-13] [ERROR] [1786737500.407475828] [ROSBAG2_TRANSPORT]: Topic '/web_vel' has more than one type associated. Only topics with one type are supported
[ros2-13] [ERROR] [1786737500.510407146] [ROSBAG2_TRANSPORT]: Topic '/web_vel' has more than one type associated. Only topics with one type are supported
[ros2-13] [ERROR] [1786737500.613277824] [ROSBAG2_TRANSPORT]: Topic '/web_vel' has more than one type associated. Only topics with one type are supported
[ros2-13] [ERROR] [1786737500.715934736] [ROSBAG2_TRANSPORT]: Topic '/web_vel' has more than one type associated. Only topics with one type are supported
[ros2-13] [ERROR] [1786737500.818187744] [ROSBAG2_TRANSPORT]: Topic '/web_vel' has more than one type associated. Only topics with one type are supported
[ros2-13] [ERROR] [1786737500.920727458] [ROSBAG2_TRANSPORT]: Topic '/web_vel' has more than one type associated. Only topics with one type are supported
[ros2-13] [ERROR] [1786737501.023071296] [ROSBAG2_TRANSPORT]: Topic '/web_vel' has more than one type associated. Only topics with one type are supported
[ros2-13] [ERROR] [1786737501.125705952] [ROSBAG2_TRANSPORT]: Topic '/web_vel' has more than one type associated. Only topics with one type are supported
[ros2-13] [ERROR] [1786737501.228886077] [ROSBAG2_TRANSPORT]: Topic '/web_vel' has more than one type associated. Only topics with one type are supported
[ros2-13] [ERROR] [1786737501.331619496] [ROSBAG2_TRANSPORT]: Topic '/web_vel' has more than one type associated. Only topics with one type are supported
[ros2-13] [ERROR] [1786737501.434055964] [ROSBAG2_TRANSPORT]: Topic '/web_vel' has more than one type associated. Only topics with one type are supported
[ros2-13] [ERROR] [1786737501.536617832] [ROSBAG2_TRANSPORT]: Topic '/web_vel' has more than one type associated. Only topics with one type are supported
[ros2-13] [ERROR] [1786737501.639113566] [ROSBAG2_TRANSPORT]: Topic '/web_vel' has more than one type associated. Only topics with one type are supported
[ros2-13] [ERROR] [1786737501.741526574] [ROSBAG2_TRANSPORT]: Topic '/web_vel' has more than one type associated. Only topics with one type are supported
[ros2-13] [ERROR] [1786737501.843900919] [ROSBAG2_TRANSPORT]: Topic '/web_vel' has more than one type associated. Only topics with one type are supported
[ros2-13] [ERROR] [1786737501.946132771] [ROSBAG2_TRANSPORT]: Topic '/web_vel' has more than one type associated. Only topics with one type are supported
[ros2-13] [ERROR] [1786737502.048299421] [ROSBAG2_TRANSPORT]: Topic '/web_vel' has more than one type associated. Only topics with one type are supported
[ros2-13] [ERROR] [1786737502.150644289] [ROSBAG2_TRANSPORT]: Topic '/web_vel' has more than one type associated. Only topics with one type are supported
[ros2-13] [ERROR] [1786737502.252840553] [ROSBAG2_TRANSPORT]: Topic '/web_vel' has more than one type associated. Only topics with one type are supported
[ros2-13] [ERROR] [1786737502.355173261] [ROSBAG2_TRANSPORT]: Topic '/web_vel' has more than one type associated. Only topics with one type are supported
[ros2-13] [ERROR] [1786737502.457407107] [ROSBAG2_TRANSPORT]: Topic '/web_vel' has more than one type associated. Only topics with one type are supported
[ros2-13] [ERROR] [1786737502.559858206] [ROSBAG2_TRANSPORT]: Topic '/web_vel' has more than one type associated. Only topics with one type are supported
[ros2-13] [ERROR] [1786737502.661958019] [ROSBAG2_TRANSPORT]: Topic '/web_vel' has more than one type associated. Only topics with one type are supported
[ros2-13] [ERROR] [1786737502.764416242] [ROSBAG2_TRANSPORT]: Topic '/web_vel' has more than one type associated. Only topics with one type are supported
[ros2-13] [ERROR] [1786737502.866730374] [ROSBAG2_TRANSPORT]: Topic '/web_vel' has more than one type associated. Only topics with one type are supported
[ros2-13] [ERROR] [1786737502.968890741] [ROSBAG2_TRANSPORT]: Topic '/web_vel' has more than one type associated. Only topics with one type are supported
[ros2-13] [ERROR] [1786737503.071083743] [ROSBAG2_TRANSPORT]: Topic '/web_vel' has more than one type associated. Only topics with one type are supported
[ros2-13] [ERROR] [1786737503.173196964] [ROSBAG2_TRANSPORT]: Topic '/web_vel' has more than one type associated. Only topics with one type are supported
[ros2-13] [ERROR] [1786737503.276049197] [ROSBAG2_TRANSPORT]: Topic '/web_vel' has more than one type associated. Only topics with one type are supported
[ros2-13] [ERROR] [1786737503.378239439] [ROSBAG2_TRANSPORT]: Topic '/web_vel' has more than one type associated. Only topics with one type are supported
[ros2-13] [ERROR] [1786737503.482314696] [ROSBAG2_TRANSPORT]: Topic '/web_vel' has more than one type associated. Only topics with one type are supported
[ros2-13] [ERROR] [1786737503.584877541] [ROSBAG2_TRANSPORT]: Topic '/web_vel' has more than one type associated. Only topics with one type are supported
[ros2-13] [ERROR] [1786737503.687780454] [ROSBAG2_TRANSPORT]: Topic '/web_vel' has more than one type associated. Only topics with one type are supported
[ros2-13] [ERROR] [1786737503.790122365] [ROSBAG2_TRANSPORT]: Topic '/web_vel' has more than one type associated. Only topics with one type are supported
[ros2-13] [ERROR] [1786737503.892722420] [ROSBAG2_TRANSPORT]: Topic '/web_vel' has more than one type associated. Only topics with one type are supported
[ros2-13] [ERROR] [1786737503.994786712] [ROSBAG2_TRANSPORT]: Topic '/web_vel' has more than one type associated. Only topics with one type are supported
[ros2-13] [ERROR] [1786737504.096936277] [ROSBAG2_TRANSPORT]: Topic '/web_vel' has more than one type associated. Only topics with one type are supported
[ros2-13] [ERROR] [1786737504.199824900] [ROSBAG2_TRANSPORT]: Topic '/web_vel' has more than one type associated. Only topics with one type are supported
[ros2-13] [ERROR] [1786737504.302475114] [ROSBAG2_TRANSPORT]: Topic '/web_vel' has more than one type associated. Only topics with one type are supported
[ros2-13] [ERROR] [1786737504.405100343] [ROSBAG2_TRANSPORT]: Topic '/web_vel' has more than one type associated. Only topics with one type are supported
[ros2-13] [ERROR] [1786737504.507204327] [ROSBAG2_TRANSPORT]: Topic '/web_vel' has more than one type associated. Only topics with one type are supported
[ros2-13] [ERROR] [1786737504.609457643] [ROSBAG2_TRANSPORT]: Topic '/web_vel' has more than one type associated. Only topics with one type are supported
[ros2-13] [ERROR] [1786737504.711564157] [ROSBAG2_TRANSPORT]: Topic '/web_vel' has more than one type associated. Only topics with one type are supported
[ros2-13] [ERROR] [1786737504.813808036] [ROSBAG2_TRANSPORT]: Topic '/web_vel' has more than one type associated. Only topics with one type are supported
[ros2-13] [ERROR] [1786737504.915902443] [ROSBAG2_TRANSPORT]: Topic '/web_vel' has more than one type associated. Only topics with one type are supported
[ros2-13] [ERROR] [1786737505.018086937] [ROSBAG2_TRANSPORT]: Topic '/web_vel' has more than one type associated. Only topics with one type are supported
[collision_monitor-9] [WARN] [1786737505.107392374] [collision_monitor]: [livox]: Latest source and current collision monitor node timestamps differ on 1.091806 seconds. Ignoring the source.
[collision_monitor-9] [WARN] [1786737505.107462114] [collision_monitor]: Robot to stop due to invalid source. Either due to data not published yet, or to lack of new data received within the sensor timeout, or if impossible to transform data to base frame
[ros2-13] [ERROR] [1786737505.120720753] [ROSBAG2_TRANSPORT]: Topic '/web_vel' has more than one type associated. Only topics with one type are supported
[ros2-13] [ERROR] [1786737505.223483876] [ROSBAG2_TRANSPORT]: Topic '/web_vel' has more than one type associated. Only topics with one type are supported
[collision_monitor-9] [INFO] [1786737505.248288805] [collision_monitor]: Robot to continue normal operation
[ros2-13] [ERROR] [1786737505.325729159] [ROSBAG2_TRANSPORT]: Topic '/web_vel' has more than one type associated. Only topics with one type are supported
[ros2-13] [ERROR] [1786737505.428046382] [ROSBAG2_TRANSPORT]: Topic '/web_vel' has more than one type associated. Only topics with one type are supported
[ros2-13] [ERROR] [1786737505.530073865] [ROSBAG2_TRANSPORT]: Topic '/web_vel' has more than one type associated. Only topics with one type are supported
[ros2-13] [ERROR] [1786737505.633061970] [ROSBAG2_TRANSPORT]: Topic '/web_vel' has more than one type associated. Only topics with one type are supported
[ros2-13] [ERROR] [1786737505.736012630] [ROSBAG2_TRANSPORT]: Topic '/web_vel' has more than one type associated. Only topics with one type are supported
[ros2-13] [ERROR] [1786737505.840047139] [ROSBAG2_TRANSPORT]: Topic '/web_vel' has more than one type associated. Only topics with one type are supported
[ros2-13] [ERROR] [1786737505.945341736] [ROSBAG2_TRANSPORT]: Topic '/web_vel' has more than one type associated. Only topics with one type are supported
[ros2-13] [ERROR] [1786737506.047988981] [ROSBAG2_TRANSPORT]: Topic '/web_vel' has more than one type associated. Only topics with one type are supported
[ros2-13] [ERROR] [1786737506.150320418] [ROSBAG2_TRANSPORT]: Topic '/web_vel' has more than one type associated. Only topics with one type are supported
[ros2-13] [ERROR] [1786737506.252549591] [ROSBAG2_TRANSPORT]: Topic '/web_vel' has more than one type associated. Only topics with one type are supported
[ros2-13] [ERROR] [1786737506.355703368] [ROSBAG2_TRANSPORT]: Topic '/web_vel' has more than one type associated. Only topics with one type are supported
[ros2-13] [ERROR] [1786737506.458378762] [ROSBAG2_TRANSPORT]: Topic '/web_vel' has more than one type associated. Only topics with one type are supported
[ros2-13] [ERROR] [1786737506.561094351] [ROSBAG2_TRANSPORT]: Topic '/web_vel' has more than one type associated. Only topics with one type are supported
[ros2-13] [ERROR] [1786737506.663493665] [ROSBAG2_TRANSPORT]: Topic '/web_vel' has more than one type associated. Only topics with one type are supported
[ros2-13] [ERROR] [1786737506.766859431] [ROSBAG2_TRANSPORT]: Topic '/web_vel' has more than one type associated. Only topics with one type are supported
[ros2-13] [ERROR] [1786737506.869640045] [ROSBAG2_TRANSPORT]: Topic '/web_vel' has more than one type associated. Only topics with one type are supported
[ros2-13] [ERROR] [1786737506.971997629] [ROSBAG2_TRANSPORT]: Topic '/web_vel' has more than one type associated. Only topics with one type are supported
[ros2-13] [ERROR] [1786737507.074916553] [ROSBAG2_TRANSPORT]: Topic '/web_vel' has more than one type associated. Only topics with one type are supported
[ros2-13] [ERROR] [1786737507.178261364] [ROSBAG2_TRANSPORT]: Topic '/web_vel' has more than one type associated. Only topics with one type are supported
[ros2-13] [ERROR] [1786737507.281731179] [ROSBAG2_TRANSPORT]: Topic '/web_vel' has more than one type associated. Only topics with one type are supported
[ros2-13] [ERROR] [1786737507.384557691] [ROSBAG2_TRANSPORT]: Topic '/web_vel' has more than one type associated. Only topics with one type are supported
[ros2-13] [ERROR] [1786737507.488078489] [ROSBAG2_TRANSPORT]: Topic '/web_vel' has more than one type associated. Only topics with one type are supported
[ros2-13] [ERROR] [1786737507.590743173] [ROSBAG2_TRANSPORT]: Topic '/web_vel' has more than one type associated. Only topics with one type are supported
[ros2-13] [ERROR] [1786737507.693971395] [ROSBAG2_TRANSPORT]: Topic '/web_vel' has more than one type associated. Only topics with one type are supported
[ros2-13] [ERROR] [1786737507.796255810] [ROSBAG2_TRANSPORT]: Topic '/web_vel' has more than one type associated. Only topics with one type are supported
[ros2-13] [ERROR] [1786737507.898431824] [ROSBAG2_TRANSPORT]: Topic '/web_vel' has more than one type associated. Only topics with one type are supported
[ros2-13] [ERROR] [1786737508.000634623] [ROSBAG2_TRANSPORT]: Topic '/web_vel' has more than one type associated. Only topics with one type are supported
[ros2-13] [ERROR] [1786737508.103746203] [ROSBAG2_TRANSPORT]: Topic '/web_vel' has more than one type associated. Only topics with one type are supported
[ros2-13] [ERROR] [1786737508.206968599] [ROSBAG2_TRANSPORT]: Topic '/web_vel' has more than one type associated. Only topics with one type are supported
[ros2-13] [ERROR] [1786737508.310394571] [ROSBAG2_TRANSPORT]: Topic '/web_vel' has more than one type associated. Only topics with one type are supported
[ros2-13] [ERROR] [1786737508.412608083] [ROSBAG2_TRANSPORT]: Topic '/web_vel' has more than one type associated. Only topics with one type are supported
[ros2-13] [ERROR] [1786737508.515587843] [ROSBAG2_TRANSPORT]: Topic '/web_vel' has more than one type associated. Only topics with one type are supported
[ros2-13] [ERROR] [1786737508.618750090] [ROSBAG2_TRANSPORT]: Topic '/web_vel' has more than one type associated. Only topics with one type are supported
[ros2-13] [ERROR] [1786737508.722010070] [ROSBAG2_TRANSPORT]: Topic '/web_vel' has more than one type associated. Only topics with one type are supported
[ros2-13] [ERROR] [1786737508.825121995] [ROSBAG2_TRANSPORT]: Topic '/web_vel' has more than one type associated. Only topics with one type are supported
[ros2-13] [ERROR] [1786737508.928357066] [ROSBAG2_TRANSPORT]: Topic '/web_vel' has more than one type associated. Only topics with one type are supported
[ros2-13] [ERROR] [1786737509.031650606] [ROSBAG2_TRANSPORT]: Topic '/web_vel' has more than one type associated. Only topics with one type are supported
[ros2-13] [ERROR] [1786737509.134721834] [ROSBAG2_TRANSPORT]: Topic '/web_vel' has more than one type associated. Only topics with one type are supported
[ros2-13] [ERROR] [1786737509.237944715] [ROSBAG2_TRANSPORT]: Topic '/web_vel' has more than one type associated. Only topics with one type are supported
[ros2-13] [ERROR] [1786737509.340539775] [ROSBAG2_TRANSPORT]: Topic '/web_vel' has more than one type associated. Only topics with one type are supported
[ros2-13] [ERROR] [1786737509.443763249] [ROSBAG2_TRANSPORT]: Topic '/web_vel' has more than one type associated. Only topics with one type are supported
[ros2-13] [ERROR] [1786737509.547056074] [ROSBAG2_TRANSPORT]: Topic '/web_vel' has more than one type associated. Only topics with one type are supported
[ros2-13] [ERROR] [1786737509.649613795] [ROSBAG2_TRANSPORT]: Topic '/web_vel' has more than one type associated. Only topics with one type are supported
[ros2-13] [ERROR] [1786737509.751630177] [ROSBAG2_TRANSPORT]: Topic '/web_vel' has more than one type associated. Only topics with one type are supported
[ros2-13] [ERROR] [1786737509.854860451] [ROSBAG2_TRANSPORT]: Topic '/web_vel' has more than one type associated. Only topics with one type are supported
[ros2-13] [ERROR] [1786737509.957594183] [ROSBAG2_TRANSPORT]: Topic '/web_vel' has more than one type associated. Only topics with one type are supported
[ros2-13] [ERROR] [1786737510.059803290] [ROSBAG2_TRANSPORT]: Topic '/web_vel' has more than one type associated. Only topics with one type are supported
[ros2-13] [ERROR] [1786737510.161932731] [ROSBAG2_TRANSPORT]: Topic '/web_vel' has more than one type associated. Only topics with one type are supported
[ros2-13] [ERROR] [1786737510.264267635] [ROSBAG2_TRANSPORT]: Topic '/web_vel' has more than one type associated. Only topics with one type are supported
[ros2-13] [ERROR] [1786737510.367457483] [ROSBAG2_TRANSPORT]: Topic '/web_vel' has more than one type associated. Only topics with one type are supported
[ros2-13] [ERROR] [1786737510.469898879] [ROSBAG2_TRANSPORT]: Topic '/web_vel' has more than one type associated. Only topics with one type are supported
[ros2-13] [ERROR] [1786737510.572069396] [ROSBAG2_TRANSPORT]: Topic '/web_vel' has more than one type associated. Only topics with one type are supported
[ros2-13] [ERROR] [1786737510.674382522] [ROSBAG2_TRANSPORT]: Topic '/web_vel' has more than one type associated. Only topics with one type are supported
[ros2-13] [ERROR] [1786737510.776487949] [ROSBAG2_TRANSPORT]: Topic '/web_vel' has more than one type associated. Only topics with one type are supported
[ros2-13] [ERROR] [1786737510.878590728] [ROSBAG2_TRANSPORT]: Topic '/web_vel' has more than one type associated. Only topics with one type are supported
[ros2-13] [ERROR] [1786737510.981576741] [ROSBAG2_TRANSPORT]: Topic '/web_vel' has more than one type associated. Only topics with one type are supported
[ros2-13] [ERROR] [1786737511.084544282] [ROSBAG2_TRANSPORT]: Topic '/web_vel' has more than one type associated. Only topics with one type are supported
[ros2-13] [ERROR] [1786737511.186913336] [ROSBAG2_TRANSPORT]: Topic '/web_vel' has more than one type associated. Only topics with one type are supported
[ros2-13] [ERROR] [1786737511.289364387] [ROSBAG2_TRANSPORT]: Topic '/web_vel' has more than one type associated. Only topics with one type are supported
[ros2-13] [ERROR] [1786737511.392227377] [ROSBAG2_TRANSPORT]: Topic '/web_vel' has more than one type associated. Only topics with one type are supported
[ros2-13] [ERROR] [1786737511.494642114] [ROSBAG2_TRANSPORT]: Topic '/web_vel' has more than one type associated. Only topics with one type are supported
[ros2-13] [ERROR] [1786737511.597818163] [ROSBAG2_TRANSPORT]: Topic '/web_vel' has more than one type associated. Only topics with one type are supported
[ros2-13] [ERROR] [1786737511.700813566] [ROSBAG2_TRANSPORT]: Topic '/web_vel' has more than one type associated. Only topics with one type are supported
[ros2-13] [ERROR] [1786737511.803534030] [ROSBAG2_TRANSPORT]: Topic '/web_vel' has more than one type associated. Only topics with one type are supported
[ros2-13] [ERROR] [1786737511.906200700] [ROSBAG2_TRANSPORT]: Topic '/web_vel' has more than one type associated. Only topics with one type are supported
[ros2-13] [ERROR] [1786737512.008325847] [ROSBAG2_TRANSPORT]: Topic '/web_vel' has more than one type associated. Only topics with one type are supported
[ros2-13] [ERROR] [1786737512.110497330] [ROSBAG2_TRANSPORT]: Topic '/web_vel' has more than one type associated. Only topics with one type are supported
[ros2-13] [ERROR] [1786737512.212723531] [ROSBAG2_TRANSPORT]: Topic '/web_vel' has more than one type associated. Only topics with one type are supported
[ros2-13] [ERROR] [1786737512.314786619] [ROSBAG2_TRANSPORT]: Topic '/web_vel' has more than one type associated. Only topics with one type are supported
[ros2-13] [ERROR] [1786737512.417517342] [ROSBAG2_TRANSPORT]: Topic '/web_vel' has more than one type associated. Only topics with one type are supported
[ros2-13] [ERROR] [1786737512.520294680] [ROSBAG2_TRANSPORT]: Topic '/web_vel' has more than one type associated. Only topics with one type are supported
[ros2-13] [ERROR] [1786737512.622971747] [ROSBAG2_TRANSPORT]: Topic '/web_vel' has more than one type associated. Only topics with one type are supported
[ros2-13] [ERROR] [1786737512.725706462] [ROSBAG2_TRANSPORT]: Topic '/web_vel' has more than one type associated. Only topics with one type are supported
[ros2-13] [ERROR] [1786737512.828644895] [ROSBAG2_TRANSPORT]: Topic '/web_vel' has more than one type associated. Only topics with one type are supported
[ros2-13] [ERROR] [1786737512.931644092] [ROSBAG2_TRANSPORT]: Topic '/web_vel' has more than one type associated. Only topics with one type are supported
[ros2-13] [ERROR] [1786737513.034617416] [ROSBAG2_TRANSPORT]: Topic '/web_vel' has more than one type associated. Only topics with one type are supported
[ros2-13] [ERROR] [1786737513.137693090] [ROSBAG2_TRANSPORT]: Topic '/web_vel' has more than one type associated. Only topics with one type are supported
[ros2-13] [ERROR] [1786737513.239941132] [ROSBAG2_TRANSPORT]: Topic '/web_vel' has more than one type associated. Only topics with one type are supported
[ros2-13] [ERROR] [1786737513.342267003] [ROSBAG2_TRANSPORT]: Topic '/web_vel' has more than one type associated. Only topics with one type are supported
[ros2-13] [ERROR] [1786737513.444477072] [ROSBAG2_TRANSPORT]: Topic '/web_vel' has more than one type associated. Only topics with one type are supported
[ros2-13] [ERROR] [1786737513.546941192] [ROSBAG2_TRANSPORT]: Topic '/web_vel' has more than one type associated. Only topics with one type are supported
[ros2-13] [ERROR] [1786737513.649170457] [ROSBAG2_TRANSPORT]: Topic '/web_vel' has more than one type associated. Only topics with one type are supported
[ros2-13] [ERROR] [1786737513.751706955] [ROSBAG2_TRANSPORT]: Topic '/web_vel' has more than one type associated. Only topics with one type are supported
[ros2-13] [ERROR] [1786737513.854190496] [ROSBAG2_TRANSPORT]: Topic '/web_vel' has more than one type associated. Only topics with one type are supported
[ros2-13] [ERROR] [1786737513.957308504] [ROSBAG2_TRANSPORT]: Topic '/web_vel' has more than one type associated. Only topics with one type are supported
[ros2-13] [ERROR] [1786737514.059629998] [ROSBAG2_TRANSPORT]: Topic '/web_vel' has more than one type associated. Only topics with one type are supported
[ros2-13] [ERROR] [1786737514.161874453] [ROSBAG2_TRANSPORT]: Topic '/web_vel' has more than one type associated. Only topics with one type are supported
[ros2-13] [ERROR] [1786737514.265064586] [ROSBAG2_TRANSPORT]: Topic '/web_vel' has more than one type associated. Only topics with one type are supported
[ros2-13] [ERROR] [1786737514.367301291] [ROSBAG2_TRANSPORT]: Topic '/web_vel' has more than one type associated. Only topics with one type are supported
[ros2-13] [ERROR] [1786737514.470312950] [ROSBAG2_TRANSPORT]: Topic '/web_vel' has more than one type associated. Only topics with one type are supported
[ros2-13] [ERROR] [1786737514.572680503] [ROSBAG2_TRANSPORT]: Topic '/web_vel' has more than one type associated. Only topics with one type are supported
[ros2-13] [ERROR] [1786737514.675248776] [ROSBAG2_TRANSPORT]: Topic '/web_vel' has more than one type associated. Only topics with one type are supported
[ros2-13] [ERROR] [1786737514.777760459] [ROSBAG2_TRANSPORT]: Topic '/web_vel' has more than one type associated. Only topics with one type are supported
[ros2-13] [ERROR] [1786737514.880013230] [ROSBAG2_TRANSPORT]: Topic '/web_vel' has more than one type associated. Only topics with one type are supported
[ros2-13] [ERROR] [1786737514.982348825] [ROSBAG2_TRANSPORT]: Topic '/web_vel' has more than one type associated. Only topics with one type are supported
[ros2-13] [ERROR] [1786737515.084640662] [ROSBAG2_TRANSPORT]: Topic '/web_vel' has more than one type associated. Only topics with one type are supported
[ros2-13] [ERROR] [1786737515.187510728] [ROSBAG2_TRANSPORT]: Topic '/web_vel' has more than one type associated. Only topics with one type are supported
[ros2-13] [ERROR] [1786737515.290163166] [ROSBAG2_TRANSPORT]: Topic '/web_vel' has more than one type associated. Only topics with one type are supported
[ros2-13] [ERROR] [1786737515.392907361] [ROSBAG2_TRANSPORT]: Topic '/web_vel' has more than one type associated. Only topics with one type are supported
[ros2-13] [ERROR] [1786737515.495189705] [ROSBAG2_TRANSPORT]: Topic '/web_vel' has more than one type associated. Only topics with one type are supported
[ros2-13] [ERROR] [1786737515.597547632] [ROSBAG2_TRANSPORT]: Topic '/web_vel' has more than one type associated. Only topics with one type are supported
[ros2-13] [ERROR] [1786737515.700260182] [ROSBAG2_TRANSPORT]: Topic '/web_vel' has more than one type associated. Only topics with one type are supported
[ros2-13] [ERROR] [1786737515.802583812] [ROSBAG2_TRANSPORT]: Topic '/web_vel' has more than one type associated. Only topics with one type are supported
[ros2-13] [ERROR] [1786737515.905637361] [ROSBAG2_TRANSPORT]: Topic '/web_vel' has more than one type associated. Only topics with one type are supported
[ros2-13] [ERROR] [1786737516.008260722] [ROSBAG2_TRANSPORT]: Topic '/web_vel' has more than one type associated. Only topics with one type are supported
[ros2-13] [ERROR] [1786737516.110395200] [ROSBAG2_TRANSPORT]: Topic '/web_vel' has more than one type associated. Only topics with one type are supported
[ros2-13] [ERROR] [1786737516.212696996] [ROSBAG2_TRANSPORT]: Topic '/web_vel' has more than one type associated. Only topics with one type are supported
[ros2-13] [ERROR] [1786737516.314813946] [ROSBAG2_TRANSPORT]: Topic '/web_vel' has more than one type associated. Only topics with one type are supported
[ros2-13] [ERROR] [1786737516.417499346] [ROSBAG2_TRANSPORT]: Topic '/web_vel' has more than one type associated. Only topics with one type are supported
[ros2-13] [ERROR] [1786737516.520182748] [ROSBAG2_TRANSPORT]: Topic '/web_vel' has more than one type associated. Only topics with one type are supported
[ros2-13] [ERROR] [1786737516.623121882] [ROSBAG2_TRANSPORT]: Topic '/web_vel' has more than one type associated. Only topics with one type are supported
[ros2-13] [ERROR] [1786737516.726153463] [ROSBAG2_TRANSPORT]: Topic '/web_vel' has more than one type associated. Only topics with one type are supported
[ros2-13] [ERROR] [1786737516.829206258] [ROSBAG2_TRANSPORT]: Topic '/web_vel' has more than one type associated. Only topics with one type are supported
[ros2-13] [ERROR] [1786737516.931665623] [ROSBAG2_TRANSPORT]: Topic '/web_vel' has more than one type associated. Only topics with one type are supported
[ros2-13] [ERROR] [1786737517.034768988] [ROSBAG2_TRANSPORT]: Topic '/web_vel' has more than one type associated. Only topics with one type are supported
[ros2-13] [ERROR] [1786737517.137749134] [ROSBAG2_TRANSPORT]: Topic '/web_vel' has more than one type associated. Only topics with one type are supported
[ros2-13] [ERROR] [1786737517.239940584] [ROSBAG2_TRANSPORT]: Topic '/web_vel' has more than one type associated. Only topics with one type are supported
[ros2-13] [ERROR] [1786737517.342356781] [ROSBAG2_TRANSPORT]: Topic '/web_vel' has more than one type associated. Only topics with one type are supported
[ros2-13] [ERROR] [1786737517.444773448] [ROSBAG2_TRANSPORT]: Topic '/web_vel' has more than one type associated. Only topics with one type are supported
[ros2-13] [ERROR] [1786737517.548002111] [ROSBAG2_TRANSPORT]: Topic '/web_vel' has more than one type associated. Only topics with one type are supported
[ros2-13] [ERROR] [1786737517.651188555] [ROSBAG2_TRANSPORT]: Topic '/web_vel' has more than one type associated. Only topics with one type are supported
[ros2-13] [ERROR] [1786737517.753851542] [ROSBAG2_TRANSPORT]: Topic '/web_vel' has more than one type associated. Only topics with one type are supported
[ros2-13] [ERROR] [1786737517.857020526] [ROSBAG2_TRANSPORT]: Topic '/web_vel' has more than one type associated. Only topics with one type are supported
[ros2-13] [ERROR] [1786737517.959430722] [ROSBAG2_TRANSPORT]: Topic '/web_vel' has more than one type associated. Only topics with one type are supported
[ros2-13] [ERROR] [1786737518.061858979] [ROSBAG2_TRANSPORT]: Topic '/web_vel' has more than one type associated. Only topics with one type are supported
[ros2-13] [ERROR] [1786737518.164632448] [ROSBAG2_TRANSPORT]: Topic '/web_vel' has more than one type associated. Only topics with one type are supported
[ros2-13] [ERROR] [1786737518.267746576] [ROSBAG2_TRANSPORT]: Topic '/web_vel' has more than one type associated. Only topics with one type are supported
[ros2-13] [ERROR] [1786737518.370988117] [ROSBAG2_TRANSPORT]: Topic '/web_vel' has more than one type associated. Only topics with one type are supported
[ros2-13] [ERROR] [1786737518.473267096] [ROSBAG2_TRANSPORT]: Topic '/web_vel' has more than one type associated. Only topics with one type are supported
[ros2-13] [ERROR] [1786737518.575582714] [ROSBAG2_TRANSPORT]: Topic '/web_vel' has more than one type associated. Only topics with one type are supported
[ros2-13] [ERROR] [1786737518.678423630] [ROSBAG2_TRANSPORT]: Topic '/web_vel' has more than one type associated. Only topics with one type are supported
[ros2-13] [ERROR] [1786737518.782776230] [ROSBAG2_TRANSPORT]: Topic '/web_vel' has more than one type associated. Only topics with one type are supported
[ros2-13] [ERROR] [1786737518.885863713] [ROSBAG2_TRANSPORT]: Topic '/web_vel' has more than one type associated. Only topics with one type are supported
[ros2-13] [ERROR] [1786737518.988197261] [ROSBAG2_TRANSPORT]: Topic '/web_vel' has more than one type associated. Only topics with one type are supported
[ros2-13] [ERROR] [1786737519.091393971] [ROSBAG2_TRANSPORT]: Topic '/web_vel' has more than one type associated. Only topics with one type are supported
[ros2-13] [ERROR] [1786737519.194916634] [ROSBAG2_TRANSPORT]: Topic '/web_vel' has more than one type associated. Only topics with one type are supported
[ros2-13] [ERROR] [1786737519.298111849] [ROSBAG2_TRANSPORT]: Topic '/web_vel' has more than one type associated. Only topics with one type are supported
[ros2-13] [ERROR] [1786737519.401526067] [ROSBAG2_TRANSPORT]: Topic '/web_vel' has more than one type associated. Only topics with one type are supported
[ros2-13] [ERROR] [1786737519.505013143] [ROSBAG2_TRANSPORT]: Topic '/web_vel' has more than one type associated. Only topics with one type are supported
[ros2-13] [ERROR] [1786737519.608585664] [ROSBAG2_TRANSPORT]: Topic '/web_vel' has more than one type associated. Only topics with one type are supported
[ros2-13] [ERROR] [1786737519.712322593] [ROSBAG2_TRANSPORT]: Topic '/web_vel' has more than one type associated. Only topics with one type are supported
[ros2-13] [ERROR] [1786737519.815260575] [ROSBAG2_TRANSPORT]: Topic '/web_vel' has more than one type associated. Only topics with one type are supported
[ros2-13] [ERROR] [1786737519.917921068] [ROSBAG2_TRANSPORT]: Topic '/web_vel' has more than one type associated. Only topics with one type are supported
[ros2-13] [ERROR] [1786737520.020856020] [ROSBAG2_TRANSPORT]: Topic '/web_vel' has more than one type associated. Only topics with one type are supported
[ros2-13] [ERROR] [1786737520.123144122] [ROSBAG2_TRANSPORT]: Topic '/web_vel' has more than one type associated. Only topics with one type are supported
[ros2-13] [ERROR] [1786737520.225357244] [ROSBAG2_TRANSPORT]: Topic '/web_vel' has more than one type associated. Only topics with one type are supported
[ros2-13] [ERROR] [1786737520.327992642] [ROSBAG2_TRANSPORT]: Topic '/web_vel' has more than one type associated. Only topics with one type are supported
[ros2-13] [ERROR] [1786737520.430674950] [ROSBAG2_TRANSPORT]: Topic '/web_vel' has more than one type associated. Only topics with one type are supported
[ros2-13] [ERROR] [1786737520.533097559] [ROSBAG2_TRANSPORT]: Topic '/web_vel' has more than one type associated. Only topics with one type are supported
[ros2-13] [ERROR] [1786737520.635307309] [ROSBAG2_TRANSPORT]: Topic '/web_vel' has more than one type associated. Only topics with one type are supported
[ros2-13] [ERROR] [1786737520.738412116] [ROSBAG2_TRANSPORT]: Topic '/web_vel' has more than one type associated. Only topics with one type are supported
[ros2-13] [ERROR] [1786737520.841392849] [ROSBAG2_TRANSPORT]: Topic '/web_vel' has more than one type associated. Only topics with one type are supported
[ros2-13] [ERROR] [1786737520.944256823] [ROSBAG2_TRANSPORT]: Topic '/web_vel' has more than one type associated. Only topics with one type are supported
[ros2-13] [ERROR] [1786737521.046673356] [ROSBAG2_TRANSPORT]: Topic '/web_vel' has more than one type associated. Only topics with one type are supported
[ros2-13] [ERROR] [1786737521.149505694] [ROSBAG2_TRANSPORT]: Topic '/web_vel' has more than one type associated. Only topics with one type are supported
[ros2-13] [ERROR] [1786737521.251910220] [ROSBAG2_TRANSPORT]: Topic '/web_vel' has more than one type associated. Only topics with one type are supported
[ros2-13] [ERROR] [1786737521.354787376] [ROSBAG2_TRANSPORT]: Topic '/web_vel' has more than one type associated. Only topics with one type are supported
[ros2-13] [ERROR] [1786737521.456892257] [ROSBAG2_TRANSPORT]: Topic '/web_vel' has more than one type associated. Only topics with one type are supported
[ros2-13] [ERROR] [1786737521.559093329] [ROSBAG2_TRANSPORT]: Topic '/web_vel' has more than one type associated. Only topics with one type are supported
[ros2-13] [ERROR] [1786737521.662691487] [ROSBAG2_TRANSPORT]: Topic '/web_vel' has more than one type associated. Only topics with one type are supported
[ros2-13] [ERROR] [1786737521.765292854] [ROSBAG2_TRANSPORT]: Topic '/web_vel' has more than one type associated. Only topics with one type are supported
[ros2-13] [ERROR] [1786737521.868531798] [ROSBAG2_TRANSPORT]: Topic '/web_vel' has more than one type associated. Only topics with one type are supported
[ros2-13] [ERROR] [1786737521.970989046] [ROSBAG2_TRANSPORT]: Topic '/web_vel' has more than one type associated. Only topics with one type are supported
[ros2-13] [ERROR] [1786737522.073232095] [ROSBAG2_TRANSPORT]: Topic '/web_vel' has more than one type associated. Only topics with one type are supported
[ros2-13] [ERROR] [1786737522.175367632] [ROSBAG2_TRANSPORT]: Topic '/web_vel' has more than one type associated. Only topics with one type are supported
[ros2-13] [ERROR] [1786737522.277568513] [ROSBAG2_TRANSPORT]: Topic '/web_vel' has more than one type associated. Only topics with one type are supported
[ros2-13] [ERROR] [1786737522.379837910] [ROSBAG2_TRANSPORT]: Topic '/web_vel' has more than one type associated. Only topics with one type are supported
[ros2-13] [ERROR] [1786737522.482276948] [ROSBAG2_TRANSPORT]: Topic '/web_vel' has more than one type associated. Only topics with one type are supported
[ros2-13] [ERROR] [1786737522.584473369] [ROSBAG2_TRANSPORT]: Topic '/web_vel' has more than one type associated. Only topics with one type are supported
[ros2-13] [ERROR] [1786737522.686654285] [ROSBAG2_TRANSPORT]: Topic '/web_vel' has more than one type associated. Only topics with one type are supported
[ros2-13] [ERROR] [1786737522.789373619] [ROSBAG2_TRANSPORT]: Topic '/web_vel' has more than one type associated. Only topics with one type are supported
[ros2-13] [ERROR] [1786737522.892600144] [ROSBAG2_TRANSPORT]: Topic '/web_vel' has more than one type associated. Only topics with one type are supported
[ros2-13] [ERROR] [1786737522.995194670] [ROSBAG2_TRANSPORT]: Topic '/web_vel' has more than one type associated. Only topics with one type are supported
[ros2-13] [ERROR] [1786737523.097904005] [ROSBAG2_TRANSPORT]: Topic '/web_vel' has more than one type associated. Only topics with one type are supported
[collision_monitor-9] [WARN] [1786737523.128526775] [collision_monitor]: [livox]: Latest source and current collision monitor node timestamps differ on 1.312048 seconds. Ignoring the source.
[collision_monitor-9] [WARN] [1786737523.128600910] [collision_monitor]: Robot to stop due to invalid source. Either due to data not published yet, or to lack of new data received within the sensor timeout, or if impossible to transform data to base frame
[collision_monitor-9] [WARN] [1786737523.136771160] [collision_monitor]: [livox]: Latest source and current collision monitor node timestamps differ on 1.020171 seconds. Ignoring the source.
[ros2-13] [ERROR] [1786737523.200685619] [ROSBAG2_TRANSPORT]: Topic '/web_vel' has more than one type associated. Only topics with one type are supported
[ros2-13] [ERROR] [1786737523.303167623] [ROSBAG2_TRANSPORT]: Topic '/web_vel' has more than one type associated. Only topics with one type are supported
[ros2-13] [ERROR] [1786737523.405730647] [ROSBAG2_TRANSPORT]: Topic '/web_vel' has more than one type associated. Only topics with one type are supported
[collision_monitor-9] [INFO] [1786737523.470047287] [collision_monitor]: Robot to continue normal operation
[collision_monitor-9] [WARN] [1786737523.470730009] [collision_monitor]: [livox]: Latest source and current collision monitor node timestamps differ on 1.254270 seconds. Ignoring the source.
[collision_monitor-9] [WARN] [1786737523.470772900] [collision_monitor]: Robot to stop due to invalid source. Either due to data not published yet, or to lack of new data received within the sensor timeout, or if impossible to transform data to base frame
[ros2-13] [ERROR] [1786737523.507910558] [ROSBAG2_TRANSPORT]: Topic '/web_vel' has more than one type associated. Only topics with one type are supported
[collision_monitor-9] [INFO] [1786737523.538740004] [collision_monitor]: Robot to continue normal operation
[ros2-13] [ERROR] [1786737523.609975960] [ROSBAG2_TRANSPORT]: Topic '/web_vel' has more than one type associated. Only topics with one type are supported
[collision_monitor-9] [WARN] [1786737523.630643909] [collision_monitor]: [livox]: Latest source and current collision monitor node timestamps differ on 1.014143 seconds. Ignoring the source.
[collision_monitor-9] [WARN] [1786737523.630725123] [collision_monitor]: Robot to stop due to invalid source. Either due to data not published yet, or to lack of new data received within the sensor timeout, or if impossible to transform data to base frame
[ros2-13] [ERROR] [1786737523.712886077] [ROSBAG2_TRANSPORT]: Topic '/web_vel' has more than one type associated. Only topics with one type are supported
[collision_monitor-9] [INFO] [1786737523.748308671] [collision_monitor]: Robot to continue normal operation
[ros2-13] [ERROR] [1786737523.814993667] [ROSBAG2_TRANSPORT]: Topic '/web_vel' has more than one type associated. Only topics with one type are supported
[ros2-13] [ERROR] [1786737523.917149747] [ROSBAG2_TRANSPORT]: Topic '/web_vel' has more than one type associated. Only topics with one type are supported
[ros2-13] [ERROR] [1786737524.019409316] [ROSBAG2_TRANSPORT]: Topic '/web_vel' has more than one type associated. Only topics with one type are supported
[ros2-13] [ERROR] [1786737524.121514646] [ROSBAG2_TRANSPORT]: Topic '/web_vel' has more than one type associated. Only topics with one type are supported
[ros2-13] [ERROR] [1786737524.223811532] [ROSBAG2_TRANSPORT]: Topic '/web_vel' has more than one type associated. Only topics with one type are supported
[ros2-13] [ERROR] [1786737524.326024014] [ROSBAG2_TRANSPORT]: Topic '/web_vel' has more than one type associated. Only topics with one type are supported
[ros2-13] [ERROR] [1786737524.428917814] [ROSBAG2_TRANSPORT]: Topic '/web_vel' has more than one type associated. Only topics with one type are supported
[ros2-13] [ERROR] [1786737524.531890027] [ROSBAG2_TRANSPORT]: Topic '/web_vel' has more than one type associated. Only topics with one type are supported
[ros2-13] [ERROR] [1786737524.633974295] [ROSBAG2_TRANSPORT]: Topic '/web_vel' has more than one type associated. Only topics with one type are supported
[ros2-13] [ERROR] [1786737524.735973207] [ROSBAG2_TRANSPORT]: Topic '/web_vel' has more than one type associated. Only topics with one type are supported
[ros2-13] [ERROR] [1786737524.838485802] [ROSBAG2_TRANSPORT]: Topic '/web_vel' has more than one type associated. Only topics with one type are supported
[ros2-13] [ERROR] [1786737524.940892026] [ROSBAG2_TRANSPORT]: Topic '/web_vel' has more than one type associated. Only topics with one type are supported
[ros2-13] [ERROR] [1786737525.043463373] [ROSBAG2_TRANSPORT]: Topic '/web_vel' has more than one type associated. Only topics with one type are supported
[ros2-13] [ERROR] [1786737525.146403764] [ROSBAG2_TRANSPORT]: Topic '/web_vel' has more than one type associated. Only topics with one type are supported
[ros2-13] [ERROR] [1786737525.248788131] [ROSBAG2_TRANSPORT]: Topic '/web_vel' has more than one type associated. Only topics with one type are supported
[ros2-13] [ERROR] [1786737525.351862024] [ROSBAG2_TRANSPORT]: Topic '/web_vel' has more than one type associated. Only topics with one type are supported
[ros2-13] [ERROR] [1786737525.454383810] [ROSBAG2_TRANSPORT]: Topic '/web_vel' has more than one type associated. Only topics with one type are supported
[ros2-13] [ERROR] [1786737525.556620110] [ROSBAG2_TRANSPORT]: Topic '/web_vel' has more than one type associated. Only topics with one type are supported
[ros2-13] [ERROR] [1786737525.658899518] [ROSBAG2_TRANSPORT]: Topic '/web_vel' has more than one type associated. Only topics with one type are supported
[ros2-13] [ERROR] [1786737525.761322732] [ROSBAG2_TRANSPORT]: Topic '/web_vel' has more than one type associated. Only topics with one type are supported
[ros2-13] [ERROR] [1786737525.864302591] [ROSBAG2_TRANSPORT]: Topic '/web_vel' has more than one type associated. Only topics with one type are supported
[ros2-13] [ERROR] [1786737525.966659360] [ROSBAG2_TRANSPORT]: Topic '/web_vel' has more than one type associated. Only topics with one type are supported
[ros2-13] [ERROR] [1786737526.068853233] [ROSBAG2_TRANSPORT]: Topic '/web_vel' has more than one type associated. Only topics with one type are supported
[ros2-13] [ERROR] [1786737526.170831337] [ROSBAG2_TRANSPORT]: Topic '/web_vel' has more than one type associated. Only topics with one type are supported
[ros2-13] [ERROR] [1786737526.272955167] [ROSBAG2_TRANSPORT]: Topic '/web_vel' has more than one type associated. Only topics with one type are supported
[ros2-13] [ERROR] [1786737526.375733487] [ROSBAG2_TRANSPORT]: Topic '/web_vel' has more than one type associated. Only topics with one type are supported
[ros2-13] [ERROR] [1786737526.478038666] [ROSBAG2_TRANSPORT]: Topic '/web_vel' has more than one type associated. Only topics with one type are supported
[ros2-13] [ERROR] [1786737526.580171815] [ROSBAG2_TRANSPORT]: Topic '/web_vel' has more than one type associated. Only topics with one type are supported
[ros2-13] [ERROR] [1786737526.682177612] [ROSBAG2_TRANSPORT]: Topic '/web_vel' has more than one type associated. Only topics with one type are supported
[ros2-13] [ERROR] [1786737526.784224173] [ROSBAG2_TRANSPORT]: Topic '/web_vel' has more than one type associated. Only topics with one type are supported
[ros2-13] [ERROR] [1786737526.887181990] [ROSBAG2_TRANSPORT]: Topic '/web_vel' has more than one type associated. Only topics with one type are supported
[ros2-13] [ERROR] [1786737526.989640516] [ROSBAG2_TRANSPORT]: Topic '/web_vel' has more than one type associated. Only topics with one type are supported
[ros2-13] [ERROR] [1786737527.091921988] [ROSBAG2_TRANSPORT]: Topic '/web_vel' has more than one type associated. Only topics with one type are supported
[ros2-13] [ERROR] [1786737527.194152728] [ROSBAG2_TRANSPORT]: Topic '/web_vel' has more than one type associated. Only topics with one type are supported
[ros2-13] [ERROR] [1786737527.297740760] [ROSBAG2_TRANSPORT]: Topic '/web_vel' has more than one type associated. Only topics with one type are supported
[ros2-13] [ERROR] [1786737527.400403312] [ROSBAG2_TRANSPORT]: Topic '/web_vel' has more than one type associated. Only topics with one type are supported
[ros2-13] [ERROR] [1786737527.502601627] [ROSBAG2_TRANSPORT]: Topic '/web_vel' has more than one type associated. Only topics with one type are supported
[ros2-13] [ERROR] [1786737527.604891456] [ROSBAG2_TRANSPORT]: Topic '/web_vel' has more than one type associated. Only topics with one type are supported
[ros2-13] [ERROR] [1786737527.707150654] [ROSBAG2_TRANSPORT]: Topic '/web_vel' has more than one type associated. Only topics with one type are supported
[ros2-13] [ERROR] [1786737527.809762176] [ROSBAG2_TRANSPORT]: Topic '/web_vel' has more than one type associated. Only topics with one type are supported
[ros2-13] [ERROR] [1786737527.912923447] [ROSBAG2_TRANSPORT]: Topic '/web_vel' has more than one type associated. Only topics with one type are supported
[ros2-13] [ERROR] [1786737528.016046029] [ROSBAG2_TRANSPORT]: Topic '/web_vel' has more than one type associated. Only topics with one type are supported
[ros2-13] [ERROR] [1786737528.118357105] [ROSBAG2_TRANSPORT]: Topic '/web_vel' has more than one type associated. Only topics with one type are supported
[ros2-13] [ERROR] [1786737528.221692792] [ROSBAG2_TRANSPORT]: Topic '/web_vel' has more than one type associated. Only topics with one type are supported
[ros2-13] [ERROR] [1786737528.325000745] [ROSBAG2_TRANSPORT]: Topic '/web_vel' has more than one type associated. Only topics with one type are supported
[ros2-13] [ERROR] [1786737528.427459855] [ROSBAG2_TRANSPORT]: Topic '/web_vel' has more than one type associated. Only topics with one type are supported
[ros2-13] [ERROR] [1786737528.529564547] [ROSBAG2_TRANSPORT]: Topic '/web_vel' has more than one type associated. Only topics with one type are supported
[ros2-13] [ERROR] [1786737528.631850687] [ROSBAG2_TRANSPORT]: Topic '/web_vel' has more than one type associated. Only topics with one type are supported
[ros2-13] [ERROR] [1786737528.734335215] [ROSBAG2_TRANSPORT]: Topic '/web_vel' has more than one type associated. Only topics with one type are supported
[ros2-13] [ERROR] [1786737528.836655057] [ROSBAG2_TRANSPORT]: Topic '/web_vel' has more than one type associated. Only topics with one type are supported
[ros2-13] [ERROR] [1786737528.939181206] [ROSBAG2_TRANSPORT]: Topic '/web_vel' has more than one type associated. Only topics with one type are supported
[ros2-13] [ERROR] [1786737529.041706874] [ROSBAG2_TRANSPORT]: Topic '/web_vel' has more than one type associated. Only topics with one type are supported
[ros2-13] [ERROR] [1786737529.143941416] [ROSBAG2_TRANSPORT]: Topic '/web_vel' has more than one type associated. Only topics with one type are supported
[ros2-13] [ERROR] [1786737529.246305575] [ROSBAG2_TRANSPORT]: Topic '/web_vel' has more than one type associated. Only topics with one type are supported
[ros2-13] [ERROR] [1786737529.348466639] [ROSBAG2_TRANSPORT]: Topic '/web_vel' has more than one type associated. Only topics with one type are supported
[ros2-13] [ERROR] [1786737529.450548989] [ROSBAG2_TRANSPORT]: Topic '/web_vel' has more than one type associated. Only topics with one type are supported
[ros2-13] [ERROR] [1786737529.552616693] [ROSBAG2_TRANSPORT]: Topic '/web_vel' has more than one type associated. Only topics with one type are supported
[ros2-13] [ERROR] [1786737529.654950900] [ROSBAG2_TRANSPORT]: Topic '/web_vel' has more than one type associated. Only topics with one type are supported
[ros2-13] [ERROR] [1786737529.757855439] [ROSBAG2_TRANSPORT]: Topic '/web_vel' has more than one type associated. Only topics with one type are supported
[ros2-13] [ERROR] [1786737529.860287015] [ROSBAG2_TRANSPORT]: Topic '/web_vel' has more than one type associated. Only topics with one type are supported
[ros2-13] [ERROR] [1786737529.962991500] [ROSBAG2_TRANSPORT]: Topic '/web_vel' has more than one type associated. Only topics with one type are supported
[ros2-13] [ERROR] [1786737530.065409712] [ROSBAG2_TRANSPORT]: Topic '/web_vel' has more than one type associated. Only topics with one type are supported
[ros2-13] [ERROR] [1786737530.168156006] [ROSBAG2_TRANSPORT]: Topic '/web_vel' has more than one type associated. Only topics with one type are supported
[ros2-13] [ERROR] [1786737530.270519178] [ROSBAG2_TRANSPORT]: Topic '/web_vel' has more than one type associated. Only topics with one type are supported
[ros2-13] [ERROR] [1786737530.373505710] [ROSBAG2_TRANSPORT]: Topic '/web_vel' has more than one type associated. Only topics with one type are supported
[ros2-13] [ERROR] [1786737530.476730088] [ROSBAG2_TRANSPORT]: Topic '/web_vel' has more than one type associated. Only topics with one type are supported
[ros2-13] [ERROR] [1786737530.579920370] [ROSBAG2_TRANSPORT]: Topic '/web_vel' has more than one type associated. Only topics with one type are supported
[ros2-13] [ERROR] [1786737530.682178874] [ROSBAG2_TRANSPORT]: Topic '/web_vel' has more than one type associated. Only topics with one type are supported
[ros2-13] [ERROR] [1786737530.784271024] [ROSBAG2_TRANSPORT]: Topic '/web_vel' has more than one type associated. Only topics with one type are supported
[ros2-13] [ERROR] [1786737530.886429912] [ROSBAG2_TRANSPORT]: Topic '/web_vel' has more than one type associated. Only topics with one type are supported
[ros2-13] [ERROR] [1786737530.989047707] [ROSBAG2_TRANSPORT]: Topic '/web_vel' has more than one type associated. Only topics with one type are supported
[ros2-13] [ERROR] [1786737531.092111922] [ROSBAG2_TRANSPORT]: Topic '/web_vel' has more than one type associated. Only topics with one type are supported
[ros2-13] [ERROR] [1786737531.194308258] [ROSBAG2_TRANSPORT]: Topic '/web_vel' has more than one type associated. Only topics with one type are supported
[ros2-13] [ERROR] [1786737531.296907381] [ROSBAG2_TRANSPORT]: Topic '/web_vel' has more than one type associated. Only topics with one type are supported
[ros2-13] [ERROR] [1786737531.399374209] [ROSBAG2_TRANSPORT]: Topic '/web_vel' has more than one type associated. Only topics with one type are supported
[ros2-13] [ERROR] [1786737531.501875360] [ROSBAG2_TRANSPORT]: Topic '/web_vel' has more than one type associated. Only topics with one type are supported
[ros2-13] [ERROR] [1786737531.604423500] [ROSBAG2_TRANSPORT]: Topic '/web_vel' has more than one type associated. Only topics with one type are supported
[ros2-13] [ERROR] [1786737531.706759099] [ROSBAG2_TRANSPORT]: Topic '/web_vel' has more than one type associated. Only topics with one type are supported
[ros2-13] [ERROR] [1786737531.809185412] [ROSBAG2_TRANSPORT]: Topic '/web_vel' has more than one type associated. Only topics with one type are supported
[ros2-13] [ERROR] [1786737531.912541084] [ROSBAG2_TRANSPORT]: Topic '/web_vel' has more than one type associated. Only topics with one type are supported
[ros2-13] [ERROR] [1786737532.014833102] [ROSBAG2_TRANSPORT]: Topic '/web_vel' has more than one type associated. Only topics with one type are supported
[ros2-13] [ERROR] [1786737532.117783549] [ROSBAG2_TRANSPORT]: Topic '/web_vel' has more than one type associated. Only topics with one type are supported
[ros2-13] [ERROR] [1786737532.220573093] [ROSBAG2_TRANSPORT]: Topic '/web_vel' has more than one type associated. Only topics with one type are supported
[ros2-13] [ERROR] [1786737532.322826265] [ROSBAG2_TRANSPORT]: Topic '/web_vel' has more than one type associated. Only topics with one type are supported
[ros2-13] [ERROR] [1786737532.425970467] [ROSBAG2_TRANSPORT]: Topic '/web_vel' has more than one type associated. Only topics with one type are supported
[ros2-13] [ERROR] [1786737532.529114585] [ROSBAG2_TRANSPORT]: Topic '/web_vel' has more than one type associated. Only topics with one type are supported
[ros2-13] [ERROR] [1786737532.631640970] [ROSBAG2_TRANSPORT]: Topic '/web_vel' has more than one type associated. Only topics with one type are supported
[ros2-13] [ERROR] [1786737532.734028394] [ROSBAG2_TRANSPORT]: Topic '/web_vel' has more than one type associated. Only topics with one type are supported
[ros2-13] [ERROR] [1786737532.836817410] [ROSBAG2_TRANSPORT]: Topic '/web_vel' has more than one type associated. Only topics with one type are supported
[ros2-13] [ERROR] [1786737532.939274004] [ROSBAG2_TRANSPORT]: Topic '/web_vel' has more than one type associated. Only topics with one type are supported
[ros2-13] [ERROR] [1786737533.041613183] [ROSBAG2_TRANSPORT]: Topic '/web_vel' has more than one type associated. Only topics with one type are supported
[ros2-13] [ERROR] [1786737533.144392644] [ROSBAG2_TRANSPORT]: Topic '/web_vel' has more than one type associated. Only topics with one type are supported
[ros2-13] [ERROR] [1786737533.247197574] [ROSBAG2_TRANSPORT]: Topic '/web_vel' has more than one type associated. Only topics with one type are supported
[ros2-13] [ERROR] [1786737533.350477744] [ROSBAG2_TRANSPORT]: Topic '/web_vel' has more than one type associated. Only topics with one type are supported
[ros2-13] [ERROR] [1786737533.452866581] [ROSBAG2_TRANSPORT]: Topic '/web_vel' has more than one type associated. Only topics with one type are supported
[ros2-13] [ERROR] [1786737533.555062589] [ROSBAG2_TRANSPORT]: Topic '/web_vel' has more than one type associated. Only topics with one type are supported
[ros2-13] [ERROR] [1786737533.657168576] [ROSBAG2_TRANSPORT]: Topic '/web_vel' has more than one type associated. Only topics with one type are supported
[ros2-13] [ERROR] [1786737533.759715141] [ROSBAG2_TRANSPORT]: Topic '/web_vel' has more than one type associated. Only topics with one type are supported
[ros2-13] [ERROR] [1786737533.862121705] [ROSBAG2_TRANSPORT]: Topic '/web_vel' has more than one type associated. Only topics with one type are supported
[ros2-13] [ERROR] [1786737533.964322445] [ROSBAG2_TRANSPORT]: Topic '/web_vel' has more than one type associated. Only topics with one type are supported
[ros2-13] [ERROR] [1786737534.066378141] [ROSBAG2_TRANSPORT]: Topic '/web_vel' has more than one type associated. Only topics with one type are supported
[ros2-13] [ERROR] [1786737534.168796665] [ROSBAG2_TRANSPORT]: Topic '/web_vel' has more than one type associated. Only topics with one type are supported
[ros2-13] [ERROR] [1786737534.271287640] [ROSBAG2_TRANSPORT]: Topic '/web_vel' has more than one type associated. Only topics with one type are supported
[ros2-13] [ERROR] [1786737534.373503994] [ROSBAG2_TRANSPORT]: Topic '/web_vel' has more than one type associated. Only topics with one type are supported
[ros2-13] [ERROR] [1786737534.475566277] [ROSBAG2_TRANSPORT]: Topic '/web_vel' has more than one type associated. Only topics with one type are supported
[ros2-13] [ERROR] [1786737534.578117535] [ROSBAG2_TRANSPORT]: Topic '/web_vel' has more than one type associated. Only topics with one type are supported
[ros2-13] [ERROR] [1786737534.680269482] [ROSBAG2_TRANSPORT]: Topic '/web_vel' has more than one type associated. Only topics with one type are supported
[ros2-13] [ERROR] [1786737534.782349694] [ROSBAG2_TRANSPORT]: Topic '/web_vel' has more than one type associated. Only topics with one type are supported
[ros2-13] [ERROR] [1786737534.885257559] [ROSBAG2_TRANSPORT]: Topic '/web_vel' has more than one type associated. Only topics with one type are supported
[ros2-13] [ERROR] [1786737534.988010243] [ROSBAG2_TRANSPORT]: Topic '/web_vel' has more than one type associated. Only topics with one type are supported
[ros2-13] [ERROR] [1786737535.090432142] [ROSBAG2_TRANSPORT]: Topic '/web_vel' has more than one type associated. Only topics with one type are supported
[ros2-13] [ERROR] [1786737535.192685059] [ROSBAG2_TRANSPORT]: Topic '/web_vel' has more than one type associated. Only topics with one type are supported
[ros2-13] [ERROR] [1786737535.295000938] [ROSBAG2_TRANSPORT]: Topic '/web_vel' has more than one type associated. Only topics with one type are supported
[ros2-13] [ERROR] [1786737535.397709084] [ROSBAG2_TRANSPORT]: Topic '/web_vel' has more than one type associated. Only topics with one type are supported
[ros2-13] [ERROR] [1786737535.500086286] [ROSBAG2_TRANSPORT]: Topic '/web_vel' has more than one type associated. Only topics with one type are supported
[ros2-13] [ERROR] [1786737535.602181258] [ROSBAG2_TRANSPORT]: Topic '/web_vel' has more than one type associated. Only topics with one type are supported
[ros2-13] [ERROR] [1786737535.705151224] [ROSBAG2_TRANSPORT]: Topic '/web_vel' has more than one type associated. Only topics with one type are supported
[ros2-13] [ERROR] [1786737535.807616132] [ROSBAG2_TRANSPORT]: Topic '/web_vel' has more than one type associated. Only topics with one type are supported
[ros2-13] [ERROR] [1786737535.909695545] [ROSBAG2_TRANSPORT]: Topic '/web_vel' has more than one type associated. Only topics with one type are supported
[ros2-13] [ERROR] [1786737536.012047535] [ROSBAG2_TRANSPORT]: Topic '/web_vel' has more than one type associated. Only topics with one type are supported
[ros2-13] [ERROR] [1786737536.114087805] [ROSBAG2_TRANSPORT]: Topic '/web_vel' has more than one type associated. Only topics with one type are supported
[ros2-13] [ERROR] [1786737536.216403262] [ROSBAG2_TRANSPORT]: Topic '/web_vel' has more than one type associated. Only topics with one type are supported
[ros2-13] [ERROR] [1786737536.318812576] [ROSBAG2_TRANSPORT]: Topic '/web_vel' has more than one type associated. Only topics with one type are supported
[ros2-13] [ERROR] [1786737536.421238177] [ROSBAG2_TRANSPORT]: Topic '/web_vel' has more than one type associated. Only topics with one type are supported
[ros2-13] [ERROR] [1786737536.523491206] [ROSBAG2_TRANSPORT]: Topic '/web_vel' has more than one type associated. Only topics with one type are supported
[ros2-13] [ERROR] [1786737536.626556567] [ROSBAG2_TRANSPORT]: Topic '/web_vel' has more than one type associated. Only topics with one type are supported
[ros2-13] [ERROR] [1786737536.729522808] [ROSBAG2_TRANSPORT]: Topic '/web_vel' has more than one type associated. Only topics with one type are supported
[ros2-13] [ERROR] [1786737536.831831839] [ROSBAG2_TRANSPORT]: Topic '/web_vel' has more than one type associated. Only topics with one type are supported
[ros2-13] [ERROR] [1786737536.934285779] [ROSBAG2_TRANSPORT]: Topic '/web_vel' has more than one type associated. Only topics with one type are supported
[ros2-13] [ERROR] [1786737537.037321288] [ROSBAG2_TRANSPORT]: Topic '/web_vel' has more than one type associated. Only topics with one type are supported
[ros2-13] [ERROR] [1786737537.140625845] [ROSBAG2_TRANSPORT]: Topic '/web_vel' has more than one type associated. Only topics with one type are supported
[ros2-13] [ERROR] [1786737537.242913305] [ROSBAG2_TRANSPORT]: Topic '/web_vel' has more than one type associated. Only topics with one type are supported
[ros2-13] [ERROR] [1786737537.345640790] [ROSBAG2_TRANSPORT]: Topic '/web_vel' has more than one type associated. Only topics with one type are supported
[ros2-13] [ERROR] [1786737537.448228695] [ROSBAG2_TRANSPORT]: Topic '/web_vel' has more than one type associated. Only topics with one type are supported
[ros2-13] [ERROR] [1786737537.550643103] [ROSBAG2_TRANSPORT]: Topic '/web_vel' has more than one type associated. Only topics with one type are supported
[ros2-13] [ERROR] [1786737537.652940995] [ROSBAG2_TRANSPORT]: Topic '/web_vel' has more than one type associated. Only topics with one type are supported
[ros2-13] [ERROR] [1786737537.756131446] [ROSBAG2_TRANSPORT]: Topic '/web_vel' has more than one type associated. Only topics with one type are supported
[ros2-13] [ERROR] [1786737537.858497211] [ROSBAG2_TRANSPORT]: Topic '/web_vel' has more than one type associated. Only topics with one type are supported
[ros2-13] [ERROR] [1786737537.960516968] [ROSBAG2_TRANSPORT]: Topic '/web_vel' has more than one type associated. Only topics with one type are supported
[ros2-13] [ERROR] [1786737538.062730644] [ROSBAG2_TRANSPORT]: Topic '/web_vel' has more than one type associated. Only topics with one type are supported
[ros2-13] [ERROR] [1786737538.165434666] [ROSBAG2_TRANSPORT]: Topic '/web_vel' has more than one type associated. Only topics with one type are supported
[ros2-13] [ERROR] [1786737538.267992237] [ROSBAG2_TRANSPORT]: Topic '/web_vel' has more than one type associated. Only topics with one type are supported
[ros2-13] [ERROR] [1786737538.370793142] [ROSBAG2_TRANSPORT]: Topic '/web_vel' has more than one type associated. Only topics with one type are supported
[ros2-13] [ERROR] [1786737538.473007753] [ROSBAG2_TRANSPORT]: Topic '/web_vel' has more than one type associated. Only topics with one type are supported
[ros2-13] [ERROR] [1786737538.575025641] [ROSBAG2_TRANSPORT]: Topic '/web_vel' has more than one type associated. Only topics with one type are supported
[ros2-13] [ERROR] [1786737538.677073458] [ROSBAG2_TRANSPORT]: Topic '/web_vel' has more than one type associated. Only topics with one type are supported
[ros2-13] [ERROR] [1786737538.779107501] [ROSBAG2_TRANSPORT]: Topic '/web_vel' has more than one type associated. Only topics with one type are supported
[ros2-13] [ERROR] [1786737538.881946251] [ROSBAG2_TRANSPORT]: Topic '/web_vel' has more than one type associated. Only topics with one type are supported
[ros2-13] [ERROR] [1786737538.985127419] [ROSBAG2_TRANSPORT]: Topic '/web_vel' has more than one type associated. Only topics with one type are supported
[ros2-13] [ERROR] [1786737539.087636506] [ROSBAG2_TRANSPORT]: Topic '/web_vel' has more than one type associated. Only topics with one type are supported
[ros2-13] [ERROR] [1786737539.189994864] [ROSBAG2_TRANSPORT]: Topic '/web_vel' has more than one type associated. Only topics with one type are supported
[ros2-13] [ERROR] [1786737539.293144871] [ROSBAG2_TRANSPORT]: Topic '/web_vel' has more than one type associated. Only topics with one type are supported
[ros2-13] [ERROR] [1786737539.395724412] [ROSBAG2_TRANSPORT]: Topic '/web_vel' has more than one type associated. Only topics with one type are supported
[ros2-13] [ERROR] [1786737539.498519471] [ROSBAG2_TRANSPORT]: Topic '/web_vel' has more than one type associated. Only topics with one type are supported
[ros2-13] [ERROR] [1786737539.600575445] [ROSBAG2_TRANSPORT]: Topic '/web_vel' has more than one type associated. Only topics with one type are supported
[ros2-13] [ERROR] [1786737539.703148993] [ROSBAG2_TRANSPORT]: Topic '/web_vel' has more than one type associated. Only topics with one type are supported
[ros2-13] [ERROR] [1786737539.805358704] [ROSBAG2_TRANSPORT]: Topic '/web_vel' has more than one type associated. Only topics with one type are supported
[ros2-13] [ERROR] [1786737539.907769429] [ROSBAG2_TRANSPORT]: Topic '/web_vel' has more than one type associated. Only topics with one type are supported
[ros2-13] [ERROR] [1786737540.009754847] [ROSBAG2_TRANSPORT]: Topic '/web_vel' has more than one type associated. Only topics with one type are supported
[ros2-13] [ERROR] [1786737540.111733021] [ROSBAG2_TRANSPORT]: Topic '/web_vel' has more than one type associated. Only topics with one type are supported
[ros2-13] [ERROR] [1786737540.214022834] [ROSBAG2_TRANSPORT]: Topic '/web_vel' has more than one type associated. Only topics with one type are supported
[ros2-13] [ERROR] [1786737540.317162638] [ROSBAG2_TRANSPORT]: Topic '/web_vel' has more than one type associated. Only topics with one type are supported
[ros2-13] [ERROR] [1786737540.419909561] [ROSBAG2_TRANSPORT]: Topic '/web_vel' has more than one type associated. Only topics with one type are supported
[ros2-13] [ERROR] [1786737540.522305287] [ROSBAG2_TRANSPORT]: Topic '/web_vel' has more than one type associated. Only topics with one type are supported
[ros2-13] [ERROR] [1786737540.624631488] [ROSBAG2_TRANSPORT]: Topic '/web_vel' has more than one type associated. Only topics with one type are supported
[ros2-13] [ERROR] [1786737540.727083416] [ROSBAG2_TRANSPORT]: Topic '/web_vel' has more than one type associated. Only topics with one type are supported
[ros2-13] [ERROR] [1786737540.829338211] [ROSBAG2_TRANSPORT]: Topic '/web_vel' has more than one type associated. Only topics with one type are supported
[ros2-13] [ERROR] [1786737540.932653424] [ROSBAG2_TRANSPORT]: Topic '/web_vel' has more than one type associated. Only topics with one type are supported
[ros2-13] [ERROR] [1786737541.035143829] [ROSBAG2_TRANSPORT]: Topic '/web_vel' has more than one type associated. Only topics with one type are supported
[ros2-13] [ERROR] [1786737541.138468924] [ROSBAG2_TRANSPORT]: Topic '/web_vel' has more than one type associated. Only topics with one type are supported
[ros2-13] [ERROR] [1786737541.241505633] [ROSBAG2_TRANSPORT]: Topic '/web_vel' has more than one type associated. Only topics with one type are supported
[ros2-13] [ERROR] [1786737541.343917819] [ROSBAG2_TRANSPORT]: Topic '/web_vel' has more than one type associated. Only topics with one type are supported
[ros2-13] [ERROR] [1786737541.446922998] [ROSBAG2_TRANSPORT]: Topic '/web_vel' has more than one type associated. Only topics with one type are supported
[ros2-13] [ERROR] [1786737541.549241893] [ROSBAG2_TRANSPORT]: Topic '/web_vel' has more than one type associated. Only topics with one type are supported
[ros2-13] [ERROR] [1786737541.651339636] [ROSBAG2_TRANSPORT]: Topic '/web_vel' has more than one type associated. Only topics with one type are supported
[ros2-13] [ERROR] [1786737541.753905354] [ROSBAG2_TRANSPORT]: Topic '/web_vel' has more than one type associated. Only topics with one type are supported
[ros2-13] [ERROR] [1786737541.857103058] [ROSBAG2_TRANSPORT]: Topic '/web_vel' has more than one type associated. Only topics with one type are supported
[ros2-13] [ERROR] [1786737541.959238503] [ROSBAG2_TRANSPORT]: Topic '/web_vel' has more than one type associated. Only topics with one type are supported
[ros2-13] [ERROR] [1786737542.061924630] [ROSBAG2_TRANSPORT]: Topic '/web_vel' has more than one type associated. Only topics with one type are supported
[ros2-13] [ERROR] [1786737542.165273412] [ROSBAG2_TRANSPORT]: Topic '/web_vel' has more than one type associated. Only topics with one type are supported
[ros2-13] [ERROR] [1786737542.268732859] [ROSBAG2_TRANSPORT]: Topic '/web_vel' has more than one type associated. Only topics with one type are supported
[ros2-13] [ERROR] [1786737542.372150636] [ROSBAG2_TRANSPORT]: Topic '/web_vel' has more than one type associated. Only topics with one type are supported
[ros2-13] [ERROR] [1786737542.475089773] [ROSBAG2_TRANSPORT]: Topic '/web_vel' has more than one type associated. Only topics with one type are supported
[ros2-13] [ERROR] [1786737542.577796967] [ROSBAG2_TRANSPORT]: Topic '/web_vel' has more than one type associated. Only topics with one type are supported
[ros2-13] [ERROR] [1786737542.680533665] [ROSBAG2_TRANSPORT]: Topic '/web_vel' has more than one type associated. Only topics with one type are supported
[ros2-13] [ERROR] [1786737542.783195625] [ROSBAG2_TRANSPORT]: Topic '/web_vel' has more than one type associated. Only topics with one type are supported
[ros2-13] [ERROR] [1786737542.886605832] [ROSBAG2_TRANSPORT]: Topic '/web_vel' has more than one type associated. Only topics with one type are supported
[ros2-13] [ERROR] [1786737542.989982598] [ROSBAG2_TRANSPORT]: Topic '/web_vel' has more than one type associated. Only topics with one type are supported
[ros2-13] [ERROR] [1786737543.093088993] [ROSBAG2_TRANSPORT]: Topic '/web_vel' has more than one type associated. Only topics with one type are supported
[ros2-13] [ERROR] [1786737543.195055889] [ROSBAG2_TRANSPORT]: Topic '/web_vel' has more than one type associated. Only topics with one type are supported
[ros2-13] [ERROR] [1786737543.297674062] [ROSBAG2_TRANSPORT]: Topic '/web_vel' has more than one type associated. Only topics with one type are supported
[ros2-13] [ERROR] [1786737543.399981386] [ROSBAG2_TRANSPORT]: Topic '/web_vel' has more than one type associated. Only topics with one type are supported
[ros2-13] [ERROR] [1786737543.502072461] [ROSBAG2_TRANSPORT]: Topic '/web_vel' has more than one type associated. Only topics with one type are supported
[ros2-13] [ERROR] [1786737543.604939773] [ROSBAG2_TRANSPORT]: Topic '/web_vel' has more than one type associated. Only topics with one type are supported
[ros2-13] [ERROR] [1786737543.706958267] [ROSBAG2_TRANSPORT]: Topic '/web_vel' has more than one type associated. Only topics with one type are supported
[ros2-13] [ERROR] [1786737543.809304193] [ROSBAG2_TRANSPORT]: Topic '/web_vel' has more than one type associated. Only topics with one type are supported
[ros2-13] [ERROR] [1786737543.911894052] [ROSBAG2_TRANSPORT]: Topic '/web_vel' has more than one type associated. Only topics with one type are supported
[ros2-13] [ERROR] [1786737544.014112806] [ROSBAG2_TRANSPORT]: Topic '/web_vel' has more than one type associated. Only topics with one type are supported
[ros2-13] [ERROR] [1786737544.116339394] [ROSBAG2_TRANSPORT]: Topic '/web_vel' has more than one type associated. Only topics with one type are supported
[ros2-13] [ERROR] [1786737544.218829381] [ROSBAG2_TRANSPORT]: Topic '/web_vel' has more than one type associated. Only topics with one type are supported
[ros2-13] [ERROR] [1786737544.321897635] [ROSBAG2_TRANSPORT]: Topic '/web_vel' has more than one type associated. Only topics with one type are supported
[ros2-13] [ERROR] [1786737544.424967147] [ROSBAG2_TRANSPORT]: Topic '/web_vel' has more than one type associated. Only topics with one type are supported
[ros2-13] [ERROR] [1786737544.527401247] [ROSBAG2_TRANSPORT]: Topic '/web_vel' has more than one type associated. Only topics with one type are supported
[ros2-13] [ERROR] [1786737544.630380352] [ROSBAG2_TRANSPORT]: Topic '/web_vel' has more than one type associated. Only topics with one type are supported
[ros2-13] [ERROR] [1786737544.733383510] [ROSBAG2_TRANSPORT]: Topic '/web_vel' has more than one type associated. Only topics with one type are supported
[ros2-13] [ERROR] [1786737544.835579025] [ROSBAG2_TRANSPORT]: Topic '/web_vel' has more than one type associated. Only topics with one type are supported
[ros2-13] [ERROR] [1786737544.938877156] [ROSBAG2_TRANSPORT]: Topic '/web_vel' has more than one type associated. Only topics with one type are supported
[ros2-13] [ERROR] [1786737545.042012151] [ROSBAG2_TRANSPORT]: Topic '/web_vel' has more than one type associated. Only topics with one type are supported
[ros2-13] [ERROR] [1786737545.144068554] [ROSBAG2_TRANSPORT]: Topic '/web_vel' has more than one type associated. Only topics with one type are supported
[ros2-13] [ERROR] [1786737545.246573834] [ROSBAG2_TRANSPORT]: Topic '/web_vel' has more than one type associated. Only topics with one type are supported
[ros2-13] [ERROR] [1786737545.348671961] [ROSBAG2_TRANSPORT]: Topic '/web_vel' has more than one type associated. Only topics with one type are supported
[ros2-13] [ERROR] [1786737545.450839573] [ROSBAG2_TRANSPORT]: Topic '/web_vel' has more than one type associated. Only topics with one type are supported
[ros2-13] [ERROR] [1786737545.552974234] [ROSBAG2_TRANSPORT]: Topic '/web_vel' has more than one type associated. Only topics with one type are supported
[ros2-13] [ERROR] [1786737545.655266729] [ROSBAG2_TRANSPORT]: Topic '/web_vel' has more than one type associated. Only topics with one type are supported
[ros2-13] [ERROR] [1786737545.757375809] [ROSBAG2_TRANSPORT]: Topic '/web_vel' has more than one type associated. Only topics with one type are supported
[ros2-13] [ERROR] [1786737545.859505665] [ROSBAG2_TRANSPORT]: Topic '/web_vel' has more than one type associated. Only topics with one type are supported
[ros2-13] [ERROR] [1786737545.962100721] [ROSBAG2_TRANSPORT]: Topic '/web_vel' has more than one type associated. Only topics with one type are supported
[ros2-13] [ERROR] [1786737546.064708465] [ROSBAG2_TRANSPORT]: Topic '/web_vel' has more than one type associated. Only topics with one type are supported
[ros2-13] [ERROR] [1786737546.166898676] [ROSBAG2_TRANSPORT]: Topic '/web_vel' has more than one type associated. Only topics with one type are supported
[ros2-13] [ERROR] [1786737546.269143190] [ROSBAG2_TRANSPORT]: Topic '/web_vel' has more than one type associated. Only topics with one type are supported
[ros2-13] [ERROR] [1786737546.371863613] [ROSBAG2_TRANSPORT]: Topic '/web_vel' has more than one type associated. Only topics with one type are supported
[ros2-13] [ERROR] [1786737546.474288807] [ROSBAG2_TRANSPORT]: Topic '/web_vel' has more than one type associated. Only topics with one type are supported
[ros2-13] [ERROR] [1786737546.576328191] [ROSBAG2_TRANSPORT]: Topic '/web_vel' has more than one type associated. Only topics with one type are supported
[ros2-13] [ERROR] [1786737546.678411713] [ROSBAG2_TRANSPORT]: Topic '/web_vel' has more than one type associated. Only topics with one type are supported
[ros2-13] [ERROR] [1786737546.780588263] [ROSBAG2_TRANSPORT]: Topic '/web_vel' has more than one type associated. Only topics with one type are supported
[ros2-13] [ERROR] [1786737546.882939439] [ROSBAG2_TRANSPORT]: Topic '/web_vel' has more than one type associated. Only topics with one type are supported
[ros2-13] [ERROR] [1786737546.986187033] [ROSBAG2_TRANSPORT]: Topic '/web_vel' has more than one type associated. Only topics with one type are supported
[ros2-13] [ERROR] [1786737547.089291796] [ROSBAG2_TRANSPORT]: Topic '/web_vel' has more than one type associated. Only topics with one type are supported
[ros2-13] [ERROR] [1786737547.191759268] [ROSBAG2_TRANSPORT]: Topic '/web_vel' has more than one type associated. Only topics with one type are supported
[ros2-13] [ERROR] [1786737547.294071744] [ROSBAG2_TRANSPORT]: Topic '/web_vel' has more than one type associated. Only topics with one type are supported
[ros2-13] [ERROR] [1786737547.396295402] [ROSBAG2_TRANSPORT]: Topic '/web_vel' has more than one type associated. Only topics with one type are supported
[ros2-13] [ERROR] [1786737547.499304631] [ROSBAG2_TRANSPORT]: Topic '/web_vel' has more than one type associated. Only topics with one type are supported
[ros2-13] [ERROR] [1786737547.601731654] [ROSBAG2_TRANSPORT]: Topic '/web_vel' has more than one type associated. Only topics with one type are supported
[ros2-13] [ERROR] [1786737547.704116099] [ROSBAG2_TRANSPORT]: Topic '/web_vel' has more than one type associated. Only topics with one type are supported
[ros2-13] [ERROR] [1786737547.807173407] [ROSBAG2_TRANSPORT]: Topic '/web_vel' has more than one type associated. Only topics with one type are supported
[ros2-13] [ERROR] [1786737547.909384724] [ROSBAG2_TRANSPORT]: Topic '/web_vel' has more than one type associated. Only topics with one type are supported
[ros2-13] [ERROR] [1786737548.011506195] [ROSBAG2_TRANSPORT]: Topic '/web_vel' has more than one type associated. Only topics with one type are supported
[ros2-13] [ERROR] [1786737548.113592509] [ROSBAG2_TRANSPORT]: Topic '/web_vel' has more than one type associated. Only topics with one type are supported
[ros2-13] [ERROR] [1786737548.215785545] [ROSBAG2_TRANSPORT]: Topic '/web_vel' has more than one type associated. Only topics with one type are supported
[ros2-13] [ERROR] [1786737548.318037446] [ROSBAG2_TRANSPORT]: Topic '/web_vel' has more than one type associated. Only topics with one type are supported
[ros2-13] [ERROR] [1786737548.420278458] [ROSBAG2_TRANSPORT]: Topic '/web_vel' has more than one type associated. Only topics with one type are supported
[ros2-13] [ERROR] [1786737548.523294949] [ROSBAG2_TRANSPORT]: Topic '/web_vel' has more than one type associated. Only topics with one type are supported
[ros2-13] [ERROR] [1786737548.626575994] [ROSBAG2_TRANSPORT]: Topic '/web_vel' has more than one type associated. Only topics with one type are supported
[ros2-13] [ERROR] [1786737548.729739174] [ROSBAG2_TRANSPORT]: Topic '/web_vel' has more than one type associated. Only topics with one type are supported
[ros2-13] [ERROR] [1786737548.833897816] [ROSBAG2_TRANSPORT]: Topic '/web_vel' has more than one type associated. Only topics with one type are supported
[ros2-13] [ERROR] [1786737548.937091718] [ROSBAG2_TRANSPORT]: Topic '/web_vel' has more than one type associated. Only topics with one type are supported
[ros2-13] [ERROR] [1786737549.039883537] [ROSBAG2_TRANSPORT]: Topic '/web_vel' has more than one type associated. Only topics with one type are supported
[ros2-13] [ERROR] [1786737549.142851892] [ROSBAG2_TRANSPORT]: Topic '/web_vel' has more than one type associated. Only topics with one type are supported
[ros2-13] [ERROR] [1786737549.245293611] [ROSBAG2_TRANSPORT]: Topic '/web_vel' has more than one type associated. Only topics with one type are supported
[ros2-13] [ERROR] [1786737549.348560472] [ROSBAG2_TRANSPORT]: Topic '/web_vel' has more than one type associated. Only topics with one type are supported
[ros2-13] [ERROR] [1786737549.450878785] [ROSBAG2_TRANSPORT]: Topic '/web_vel' has more than one type associated. Only topics with one type are supported
[ros2-13] [ERROR] [1786737549.552924209] [ROSBAG2_TRANSPORT]: Topic '/web_vel' has more than one type associated. Only topics with one type are supported
[ros2-13] [ERROR] [1786737549.655699377] [ROSBAG2_TRANSPORT]: Topic '/web_vel' has more than one type associated. Only topics with one type are supported
[collision_monitor-9] [INFO] [1786737549.736911218] [collision_monitor]: Robot to stop due to PolygonStop polygon
[ros2-13] [ERROR] [1786737549.758459668] [ROSBAG2_TRANSPORT]: Topic '/web_vel' has more than one type associated. Only topics with one type are supported
[ros2-13] [ERROR] [1786737549.860566422] [ROSBAG2_TRANSPORT]: Topic '/web_vel' has more than one type associated. Only topics with one type are supported
[ros2-13] [ERROR] [1786737549.962642165] [ROSBAG2_TRANSPORT]: Topic '/web_vel' has more than one type associated. Only topics with one type are supported
[ros2-13] [ERROR] [1786737550.064893228] [ROSBAG2_TRANSPORT]: Topic '/web_vel' has more than one type associated. Only topics with one type are supported
[ros2-13] [ERROR] [1786737550.167057619] [ROSBAG2_TRANSPORT]: Topic '/web_vel' has more than one type associated. Only topics with one type are supported
[ros2-13] [ERROR] [1786737550.269034228] [ROSBAG2_TRANSPORT]: Topic '/web_vel' has more than one type associated. Only topics with one type are supported
[ros2-13] [ERROR] [1786737550.371555282] [ROSBAG2_TRANSPORT]: Topic '/web_vel' has more than one type associated. Only topics with one type are supported
[ros2-13] [ERROR] [1786737550.473834942] [ROSBAG2_TRANSPORT]: Topic '/web_vel' has more than one type associated. Only topics with one type are supported
[ros2-13] [ERROR] [1786737550.575927633] [ROSBAG2_TRANSPORT]: Topic '/web_vel' has more than one type associated. Only topics with one type are supported
[ros2-13] [ERROR] [1786737550.678108888] [ROSBAG2_TRANSPORT]: Topic '/web_vel' has more than one type associated. Only topics with one type are supported
[ros2-13] [ERROR] [1786737550.780137801] [ROSBAG2_TRANSPORT]: Topic '/web_vel' has more than one type associated. Only topics with one type are supported
[ros2-13] [ERROR] [1786737550.882223021] [ROSBAG2_TRANSPORT]: Topic '/web_vel' has more than one type associated. Only topics with one type are supported
[ros2-13] [ERROR] [1786737550.984373130] [ROSBAG2_TRANSPORT]: Topic '/web_vel' has more than one type associated. Only topics with one type are supported
[ros2-13] [ERROR] [1786737551.086971226] [ROSBAG2_TRANSPORT]: Topic '/web_vel' has more than one type associated. Only topics with one type are supported
[ros2-13] [ERROR] [1786737551.190147379] [ROSBAG2_TRANSPORT]: Topic '/web_vel' has more than one type associated. Only topics with one type are supported
[ros2-13] [ERROR] [1786737551.292551814] [ROSBAG2_TRANSPORT]: Topic '/web_vel' has more than one type associated. Only topics with one type are supported
[ros2-13] [ERROR] [1786737551.394969279] [ROSBAG2_TRANSPORT]: Topic '/web_vel' has more than one type associated. Only topics with one type are supported
[ros2-13] [ERROR] [1786737551.497099890] [ROSBAG2_TRANSPORT]: Topic '/web_vel' has more than one type associated. Only topics with one type are supported
[ros2-13] [ERROR] [1786737551.599839753] [ROSBAG2_TRANSPORT]: Topic '/web_vel' has more than one type associated. Only topics with one type are supported
[ros2-13] [ERROR] [1786737551.702253576] [ROSBAG2_TRANSPORT]: Topic '/web_vel' has more than one type associated. Only topics with one type are supported
[ros2-13] [ERROR] [1786737551.805414750] [ROSBAG2_TRANSPORT]: Topic '/web_vel' has more than one type associated. Only topics with one type are supported
[ros2-13] [ERROR] [1786737551.908850883] [ROSBAG2_TRANSPORT]: Topic '/web_vel' has more than one type associated. Only topics with one type are supported
[ros2-13] [ERROR] [1786737552.011073613] [ROSBAG2_TRANSPORT]: Topic '/web_vel' has more than one type associated. Only topics with one type are supported
[ros2-13] [ERROR] [1786737552.113127428] [ROSBAG2_TRANSPORT]: Topic '/web_vel' has more than one type associated. Only topics with one type are supported
[ros2-13] [ERROR] [1786737552.215299698] [ROSBAG2_TRANSPORT]: Topic '/web_vel' has more than one type associated. Only topics with one type are supported
[ros2-13] [ERROR] [1786737552.317726116] [ROSBAG2_TRANSPORT]: Topic '/web_vel' has more than one type associated. Only topics with one type are supported
[ros2-13] [ERROR] [1786737552.420008299] [ROSBAG2_TRANSPORT]: Topic '/web_vel' has more than one type associated. Only topics with one type are supported
[ros2-13] [ERROR] [1786737552.522585416] [ROSBAG2_TRANSPORT]: Topic '/web_vel' has more than one type associated. Only topics with one type are supported
[ros2-13] [ERROR] [1786737552.625765278] [ROSBAG2_TRANSPORT]: Topic '/web_vel' has more than one type associated. Only topics with one type are supported
[ros2-13] [ERROR] [1786737552.728267571] [ROSBAG2_TRANSPORT]: Topic '/web_vel' has more than one type associated. Only topics with one type are supported
[ros2-13] [ERROR] [1786737552.831319920] [ROSBAG2_TRANSPORT]: Topic '/web_vel' has more than one type associated. Only topics with one type are supported
[ros2-13] [ERROR] [1786737552.934435067] [ROSBAG2_TRANSPORT]: Topic '/web_vel' has more than one type associated. Only topics with one type are supported
[ros2-13] [ERROR] [1786737553.037727071] [ROSBAG2_TRANSPORT]: Topic '/web_vel' has more than one type associated. Only topics with one type are supported
[ros2-13] [ERROR] [1786737553.140501401] [ROSBAG2_TRANSPORT]: Topic '/web_vel' has more than one type associated. Only topics with one type are supported
[ros2-13] [ERROR] [1786737553.243581949] [ROSBAG2_TRANSPORT]: Topic '/web_vel' has more than one type associated. Only topics with one type are supported
[ros2-13] [ERROR] [1786737553.345930626] [ROSBAG2_TRANSPORT]: Topic '/web_vel' has more than one type associated. Only topics with one type are supported
[ros2-13] [ERROR] [1786737553.448248670] [ROSBAG2_TRANSPORT]: Topic '/web_vel' has more than one type associated. Only topics with one type are supported
[collision_monitor-9] [INFO] [1786737553.538698278] [collision_monitor]: Robot to continue normal operation
[ros2-13] [ERROR] [1786737553.550658448] [ROSBAG2_TRANSPORT]: Topic '/web_vel' has more than one type associated. Only topics with one type are supported
[ros2-13] [ERROR] [1786737553.653748827] [ROSBAG2_TRANSPORT]: Topic '/web_vel' has more than one type associated. Only topics with one type are supported
[ros2-13] [ERROR] [1786737553.756969805] [ROSBAG2_TRANSPORT]: Topic '/web_vel' has more than one type associated. Only topics with one type are supported
[ros2-13] [ERROR] [1786737553.860042524] [ROSBAG2_TRANSPORT]: Topic '/web_vel' has more than one type associated. Only topics with one type are supported
[ros2-13] [ERROR] [1786737553.963201585] [ROSBAG2_TRANSPORT]: Topic '/web_vel' has more than one type associated. Only topics with one type are supported
[ros2-13] [ERROR] [1786737554.066362096] [ROSBAG2_TRANSPORT]: Topic '/web_vel' has more than one type associated. Only topics with one type are supported
[ros2-13] [ERROR] [1786737554.169570806] [ROSBAG2_TRANSPORT]: Topic '/web_vel' has more than one type associated. Only topics with one type are supported
[ros2-13] [ERROR] [1786737554.272187938] [ROSBAG2_TRANSPORT]: Topic '/web_vel' has more than one type associated. Only topics with one type are supported
[ros2-13] [ERROR] [1786737554.374393438] [ROSBAG2_TRANSPORT]: Topic '/web_vel' has more than one type associated. Only topics with one type are supported
[ros2-13] [ERROR] [1786737554.476685891] [ROSBAG2_TRANSPORT]: Topic '/web_vel' has more than one type associated. Only topics with one type are supported
[ros2-13] [ERROR] [1786737554.578933541] [ROSBAG2_TRANSPORT]: Topic '/web_vel' has more than one type associated. Only topics with one type are supported
[ros2-13] [ERROR] [1786737554.681102557] [ROSBAG2_TRANSPORT]: Topic '/web_vel' has more than one type associated. Only topics with one type are supported
[ros2-13] [ERROR] [1786737554.783297362] [ROSBAG2_TRANSPORT]: Topic '/web_vel' has more than one type associated. Only topics with one type are supported
[ros2-13] [ERROR] [1786737554.885534878] [ROSBAG2_TRANSPORT]: Topic '/web_vel' has more than one type associated. Only topics with one type are supported
[ros2-13] [ERROR] [1786737554.988590028] [ROSBAG2_TRANSPORT]: Topic '/web_vel' has more than one type associated. Only topics with one type are supported
[ros2-13] [ERROR] [1786737555.091417081] [ROSBAG2_TRANSPORT]: Topic '/web_vel' has more than one type associated. Only topics with one type are supported
[ros2-13] [ERROR] [1786737555.193875753] [ROSBAG2_TRANSPORT]: Topic '/web_vel' has more than one type associated. Only topics with one type are supported
[ros2-13] [ERROR] [1786737555.296166467] [ROSBAG2_TRANSPORT]: Topic '/web_vel' has more than one type associated. Only topics with one type are supported
[ros2-13] [ERROR] [1786737555.398311066] [ROSBAG2_TRANSPORT]: Topic '/web_vel' has more than one type associated. Only topics with one type are supported
[ros2-13] [ERROR] [1786737555.500428304] [ROSBAG2_TRANSPORT]: Topic '/web_vel' has more than one type associated. Only topics with one type are supported
[ros2-13] [ERROR] [1786737555.602510352] [ROSBAG2_TRANSPORT]: Topic '/web_vel' has more than one type associated. Only topics with one type are supported
[ros2-13] [ERROR] [1786737555.705332144] [ROSBAG2_TRANSPORT]: Topic '/web_vel' has more than one type associated. Only topics with one type are supported
[ros2-13] [ERROR] [1786737555.807410180] [ROSBAG2_TRANSPORT]: Topic '/web_vel' has more than one type associated. Only topics with one type are supported
[ros2-13] [ERROR] [1786737555.909688858] [ROSBAG2_TRANSPORT]: Topic '/web_vel' has more than one type associated. Only topics with one type are supported
[ros2-13] [ERROR] [1786737556.012030592] [ROSBAG2_TRANSPORT]: Topic '/web_vel' has more than one type associated. Only topics with one type are supported
[ros2-13] [ERROR] [1786737556.115318932] [ROSBAG2_TRANSPORT]: Topic '/web_vel' has more than one type associated. Only topics with one type are supported
[ros2-13] [ERROR] [1786737556.218287109] [ROSBAG2_TRANSPORT]: Topic '/web_vel' has more than one type associated. Only topics with one type are supported
[ros2-13] [ERROR] [1786737556.321403804] [ROSBAG2_TRANSPORT]: Topic '/web_vel' has more than one type associated. Only topics with one type are supported
[ros2-13] [ERROR] [1786737556.424536955] [ROSBAG2_TRANSPORT]: Topic '/web_vel' has more than one type associated. Only topics with one type are supported
[ros2-13] [ERROR] [1786737556.527746233] [ROSBAG2_TRANSPORT]: Topic '/web_vel' has more than one type associated. Only topics with one type are supported
[ros2-13] [ERROR] [1786737556.631259754] [ROSBAG2_TRANSPORT]: Topic '/web_vel' has more than one type associated. Only topics with one type are supported
[ros2-13] [ERROR] [1786737556.734340785] [ROSBAG2_TRANSPORT]: Topic '/web_vel' has more than one type associated. Only topics with one type are supported
[ros2-13] [ERROR] [1786737556.836621565] [ROSBAG2_TRANSPORT]: Topic '/web_vel' has more than one type associated. Only topics with one type are supported
[ros2-13] [ERROR] [1786737556.939300965] [ROSBAG2_TRANSPORT]: Topic '/web_vel' has more than one type associated. Only topics with one type are supported
[ros2-13] [ERROR] [1786737557.041510462] [ROSBAG2_TRANSPORT]: Topic '/web_vel' has more than one type associated. Only topics with one type are supported
[ros2-13] [ERROR] [1786737557.144545874] [ROSBAG2_TRANSPORT]: Topic '/web_vel' has more than one type associated. Only topics with one type are supported
[ros2-13] [ERROR] [1786737557.247760735] [ROSBAG2_TRANSPORT]: Topic '/web_vel' has more than one type associated. Only topics with one type are supported
[ros2-13] [ERROR] [1786737557.350894420] [ROSBAG2_TRANSPORT]: Topic '/web_vel' has more than one type associated. Only topics with one type are supported
[ros2-13] [ERROR] [1786737557.452974094] [ROSBAG2_TRANSPORT]: Topic '/web_vel' has more than one type associated. Only topics with one type are supported
[ros2-13] [ERROR] [1786737557.555971094] [ROSBAG2_TRANSPORT]: Topic '/web_vel' has more than one type associated. Only topics with one type are supported
[ros2-13] [ERROR] [1786737557.659068021] [ROSBAG2_TRANSPORT]: Topic '/web_vel' has more than one type associated. Only topics with one type are supported
[ros2-13] [ERROR] [1786737557.762209552] [ROSBAG2_TRANSPORT]: Topic '/web_vel' has more than one type associated. Only topics with one type are supported
[ros2-13] [ERROR] [1786737557.865386866] [ROSBAG2_TRANSPORT]: Topic '/web_vel' has more than one type associated. Only topics with one type are supported
[ros2-13] [ERROR] [1786737557.968511910] [ROSBAG2_TRANSPORT]: Topic '/web_vel' has more than one type associated. Only topics with one type are supported
[ros2-13] [ERROR] [1786737558.071521775] [ROSBAG2_TRANSPORT]: Topic '/web_vel' has more than one type associated. Only topics with one type are supported
[ros2-13] [ERROR] [1786737558.174645022] [ROSBAG2_TRANSPORT]: Topic '/web_vel' has more than one type associated. Only topics with one type are supported
[ros2-13] [ERROR] [1786737558.277655343] [ROSBAG2_TRANSPORT]: Topic '/web_vel' has more than one type associated. Only topics with one type are supported
[ros2-13] [ERROR] [1786737558.380747698] [ROSBAG2_TRANSPORT]: Topic '/web_vel' has more than one type associated. Only topics with one type are supported
[ros2-13] [ERROR] [1786737558.483965162] [ROSBAG2_TRANSPORT]: Topic '/web_vel' has more than one type associated. Only topics with one type are supported
[ros2-13] [ERROR] [1786737558.587079463] [ROSBAG2_TRANSPORT]: Topic '/web_vel' has more than one type associated. Only topics with one type are supported
[ros2-13] [ERROR] [1786737558.690175427] [ROSBAG2_TRANSPORT]: Topic '/web_vel' has more than one type associated. Only topics with one type are supported
[ros2-13] [ERROR] [1786737558.793129441] [ROSBAG2_TRANSPORT]: Topic '/web_vel' has more than one type associated. Only topics with one type are supported
[ros2-13] [ERROR] [1786737558.896180302] [ROSBAG2_TRANSPORT]: Topic '/web_vel' has more than one type associated. Only topics with one type are supported
[ros2-13] [ERROR] [1786737558.999328733] [ROSBAG2_TRANSPORT]: Topic '/web_vel' has more than one type associated. Only topics with one type are supported
[ros2-13] [ERROR] [1786737559.102465983] [ROSBAG2_TRANSPORT]: Topic '/web_vel' has more than one type associated. Only topics with one type are supported
[ros2-13] [ERROR] [1786737559.205642370] [ROSBAG2_TRANSPORT]: Topic '/web_vel' has more than one type associated. Only topics with one type are supported
[ros2-13] [ERROR] [1786737559.308675192] [ROSBAG2_TRANSPORT]: Topic '/web_vel' has more than one type associated. Only topics with one type are supported
[ros2-13] [ERROR] [1786737559.411754361] [ROSBAG2_TRANSPORT]: Topic '/web_vel' has more than one type associated. Only topics with one type are supported
[ros2-13] [ERROR] [1786737559.514839844] [ROSBAG2_TRANSPORT]: Topic '/web_vel' has more than one type associated. Only topics with one type are supported
[ros2-13] [ERROR] [1786737559.617905072] [ROSBAG2_TRANSPORT]: Topic '/web_vel' has more than one type associated. Only topics with one type are supported
[ros2-13] [ERROR] [1786737559.721034726] [ROSBAG2_TRANSPORT]: Topic '/web_vel' has more than one type associated. Only topics with one type are supported
[ros2-13] [ERROR] [1786737559.824179442] [ROSBAG2_TRANSPORT]: Topic '/web_vel' has more than one type associated. Only topics with one type are supported
[ros2-13] [ERROR] [1786737559.926968651] [ROSBAG2_TRANSPORT]: Topic '/web_vel' has more than one type associated. Only topics with one type are supported
[ros2-13] [ERROR] [1786737560.029354767] [ROSBAG2_TRANSPORT]: Topic '/web_vel' has more than one type associated. Only topics with one type are supported
[ros2-13] [ERROR] [1786737560.131836580] [ROSBAG2_TRANSPORT]: Topic '/web_vel' has more than one type associated. Only topics with one type are supported
[ros2-13] [ERROR] [1786737560.234349024] [ROSBAG2_TRANSPORT]: Topic '/web_vel' has more than one type associated. Only topics with one type are supported
[ros2-13] [ERROR] [1786737560.336815876] [ROSBAG2_TRANSPORT]: Topic '/web_vel' has more than one type associated. Only topics with one type are supported
[ros2-13] [ERROR] [1786737560.439262019] [ROSBAG2_TRANSPORT]: Topic '/web_vel' has more than one type associated. Only topics with one type are supported
[ros2-13] [ERROR] [1786737560.541953592] [ROSBAG2_TRANSPORT]: Topic '/web_vel' has more than one type associated. Only topics with one type are supported
[ros2-13] [ERROR] [1786737560.644245134] [ROSBAG2_TRANSPORT]: Topic '/web_vel' has more than one type associated. Only topics with one type are supported
[ros2-13] [ERROR] [1786737560.746414420] [ROSBAG2_TRANSPORT]: Topic '/web_vel' has more than one type associated. Only topics with one type are supported
[ros2-13] [ERROR] [1786737560.848710526] [ROSBAG2_TRANSPORT]: Topic '/web_vel' has more than one type associated. Only topics with one type are supported
[ros2-13] [ERROR] [1786737560.951026057] [ROSBAG2_TRANSPORT]: Topic '/web_vel' has more than one type associated. Only topics with one type are supported
[ros2-13] [ERROR] [1786737561.053069015] [ROSBAG2_TRANSPORT]: Topic '/web_vel' has more than one type associated. Only topics with one type are supported
[ros2-13] [ERROR] [1786737561.155477936] [ROSBAG2_TRANSPORT]: Topic '/web_vel' has more than one type associated. Only topics with one type are supported
[ros2-13] [ERROR] [1786737561.257725362] [ROSBAG2_TRANSPORT]: Topic '/web_vel' has more than one type associated. Only topics with one type are supported
[ros2-13] [ERROR] [1786737561.360070111] [ROSBAG2_TRANSPORT]: Topic '/web_vel' has more than one type associated. Only topics with one type are supported
[ros2-13] [ERROR] [1786737561.462875407] [ROSBAG2_TRANSPORT]: Topic '/web_vel' has more than one type associated. Only topics with one type are supported
[ros2-13] [ERROR] [1786737561.565878041] [ROSBAG2_TRANSPORT]: Topic '/web_vel' has more than one type associated. Only topics with one type are supported
[ros2-13] [ERROR] [1786737561.668225978] [ROSBAG2_TRANSPORT]: Topic '/web_vel' has more than one type associated. Only topics with one type are supported
[ros2-13] [ERROR] [1786737561.770274455] [ROSBAG2_TRANSPORT]: Topic '/web_vel' has more than one type associated. Only topics with one type are supported
[ros2-13] [ERROR] [1786737561.873266444] [ROSBAG2_TRANSPORT]: Topic '/web_vel' has more than one type associated. Only topics with one type are supported
[ros2-13] [ERROR] [1786737561.975651861] [ROSBAG2_TRANSPORT]: Topic '/web_vel' has more than one type associated. Only topics with one type are supported
[ros2-13] [ERROR] [1786737562.077680914] [ROSBAG2_TRANSPORT]: Topic '/web_vel' has more than one type associated. Only topics with one type are supported
[ros2-13] [ERROR] [1786737562.179724444] [ROSBAG2_TRANSPORT]: Topic '/web_vel' has more than one type associated. Only topics with one type are supported
[ros2-13] [ERROR] [1786737562.281780403] [ROSBAG2_TRANSPORT]: Topic '/web_vel' has more than one type associated. Only topics with one type are supported
[ros2-13] [ERROR] [1786737562.383861081] [ROSBAG2_TRANSPORT]: Topic '/web_vel' has more than one type associated. Only topics with one type are supported
[ros2-13] [ERROR] [1786737562.486198983] [ROSBAG2_TRANSPORT]: Topic '/web_vel' has more than one type associated. Only topics with one type are supported
[ros2-13] [ERROR] [1786737562.588509929] [ROSBAG2_TRANSPORT]: Topic '/web_vel' has more than one type associated. Only topics with one type are supported
[ros2-13] [ERROR] [1786737562.690706644] [ROSBAG2_TRANSPORT]: Topic '/web_vel' has more than one type associated. Only topics with one type are supported
[ros2-13] [ERROR] [1786737562.793152715] [ROSBAG2_TRANSPORT]: Topic '/web_vel' has more than one type associated. Only topics with one type are supported
[ros2-13] [ERROR] [1786737562.895616816] [ROSBAG2_TRANSPORT]: Topic '/web_vel' has more than one type associated. Only topics with one type are supported
[ros2-13] [ERROR] [1786737562.998453098] [ROSBAG2_TRANSPORT]: Topic '/web_vel' has more than one type associated. Only topics with one type are supported
[ros2-13] [ERROR] [1786737563.101366767] [ROSBAG2_TRANSPORT]: Topic '/web_vel' has more than one type associated. Only topics with one type are supported
[ros2-13] [ERROR] [1786737563.204626813] [ROSBAG2_TRANSPORT]: Topic '/web_vel' has more than one type associated. Only topics with one type are supported
[ros2-13] [ERROR] [1786737563.307332853] [ROSBAG2_TRANSPORT]: Topic '/web_vel' has more than one type associated. Only topics with one type are supported
[ros2-13] [ERROR] [1786737563.410144117] [ROSBAG2_TRANSPORT]: Topic '/web_vel' has more than one type associated. Only topics with one type are supported
[ros2-13] [ERROR] [1786737563.513188933] [ROSBAG2_TRANSPORT]: Topic '/web_vel' has more than one type associated. Only topics with one type are supported
[ros2-13] [ERROR] [1786737563.615940119] [ROSBAG2_TRANSPORT]: Topic '/web_vel' has more than one type associated. Only topics with one type are supported
[ros2-13] [ERROR] [1786737563.718595255] [ROSBAG2_TRANSPORT]: Topic '/web_vel' has more than one type associated. Only topics with one type are supported
[ros2-13] [ERROR] [1786737563.822385370] [ROSBAG2_TRANSPORT]: Topic '/web_vel' has more than one type associated. Only topics with one type are supported
[ros2-13] [ERROR] [1786737563.925416437] [ROSBAG2_TRANSPORT]: Topic '/web_vel' has more than one type associated. Only topics with one type are supported
[ros2-13] [ERROR] [1786737564.028221300] [ROSBAG2_TRANSPORT]: Topic '/web_vel' has more than one type associated. Only topics with one type are supported
[ros2-13] [ERROR] [1786737564.130802682] [ROSBAG2_TRANSPORT]: Topic '/web_vel' has more than one type associated. Only topics with one type are supported
[ros2-13] [ERROR] [1786737564.233302910] [ROSBAG2_TRANSPORT]: Topic '/web_vel' has more than one type associated. Only topics with one type are supported
[ros2-13] [ERROR] [1786737564.335722545] [ROSBAG2_TRANSPORT]: Topic '/web_vel' has more than one type associated. Only topics with one type are supported
[ros2-13] [ERROR] [1786737564.438014220] [ROSBAG2_TRANSPORT]: Topic '/web_vel' has more than one type associated. Only topics with one type are supported
[ros2-13] [ERROR] [1786737564.540426604] [ROSBAG2_TRANSPORT]: Topic '/web_vel' has more than one type associated. Only topics with one type are supported
[ros2-13] [ERROR] [1786737564.642823884] [ROSBAG2_TRANSPORT]: Topic '/web_vel' has more than one type associated. Only topics with one type are supported
[ros2-13] [ERROR] [1786737564.745115305] [ROSBAG2_TRANSPORT]: Topic '/web_vel' has more than one type associated. Only topics with one type are supported
[ros2-13] [ERROR] [1786737564.847231506] [ROSBAG2_TRANSPORT]: Topic '/web_vel' has more than one type associated. Only topics with one type are supported
[ros2-13] [ERROR] [1786737564.949302348] [ROSBAG2_TRANSPORT]: Topic '/web_vel' has more than one type associated. Only topics with one type are supported
[ros2-13] [ERROR] [1786737565.052214790] [ROSBAG2_TRANSPORT]: Topic '/web_vel' has more than one type associated. Only topics with one type are supported
[ros2-13] [ERROR] [1786737565.154605883] [ROSBAG2_TRANSPORT]: Topic '/web_vel' has more than one type associated. Only topics with one type are supported
[ros2-13] [ERROR] [1786737565.256900231] [ROSBAG2_TRANSPORT]: Topic '/web_vel' has more than one type associated. Only topics with one type are supported
[ros2-13] [ERROR] [1786737565.359067071] [ROSBAG2_TRANSPORT]: Topic '/web_vel' has more than one type associated. Only topics with one type are supported
[ros2-13] [ERROR] [1786737565.461118661] [ROSBAG2_TRANSPORT]: Topic '/web_vel' has more than one type associated. Only topics with one type are supported
[ros2-13] [ERROR] [1786737565.563249629] [ROSBAG2_TRANSPORT]: Topic '/web_vel' has more than one type associated. Only topics with one type are supported
[ros2-13] [ERROR] [1786737565.665487873] [ROSBAG2_TRANSPORT]: Topic '/web_vel' has more than one type associated. Only topics with one type are supported
[ros2-13] [ERROR] [1786737565.767975825] [ROSBAG2_TRANSPORT]: Topic '/web_vel' has more than one type associated. Only topics with one type are supported
[ros2-13] [ERROR] [1786737565.870245889] [ROSBAG2_TRANSPORT]: Topic '/web_vel' has more than one type associated. Only topics with one type are supported
[ros2-13] [ERROR] [1786737565.973215152] [ROSBAG2_TRANSPORT]: Topic '/web_vel' has more than one type associated. Only topics with one type are supported
[ros2-13] [ERROR] [1786737566.075432147] [ROSBAG2_TRANSPORT]: Topic '/web_vel' has more than one type associated. Only topics with one type are supported
[ros2-13] [ERROR] [1786737566.177625257] [ROSBAG2_TRANSPORT]: Topic '/web_vel' has more than one type associated. Only topics with one type are supported
[ros2-13] [ERROR] [1786737566.279717955] [ROSBAG2_TRANSPORT]: Topic '/web_vel' has more than one type associated. Only topics with one type are supported
[ros2-13] [ERROR] [1786737566.382050993] [ROSBAG2_TRANSPORT]: Topic '/web_vel' has more than one type associated. Only topics with one type are supported
[ros2-13] [ERROR] [1786737566.485037059] [ROSBAG2_TRANSPORT]: Topic '/web_vel' has more than one type associated. Only topics with one type are supported
[ros2-13] [ERROR] [1786737566.587979780] [ROSBAG2_TRANSPORT]: Topic '/web_vel' has more than one type associated. Only topics with one type are supported
[ros2-13] [ERROR] [1786737566.690468663] [ROSBAG2_TRANSPORT]: Topic '/web_vel' has more than one type associated. Only topics with one type are supported
[ros2-13] [ERROR] [1786737566.792645599] [ROSBAG2_TRANSPORT]: Topic '/web_vel' has more than one type associated. Only topics with one type are supported
[ros2-13] [ERROR] [1786737566.894766295] [ROSBAG2_TRANSPORT]: Topic '/web_vel' has more than one type associated. Only topics with one type are supported
[ros2-13] [ERROR] [1786737566.997451830] [ROSBAG2_TRANSPORT]: Topic '/web_vel' has more than one type associated. Only topics with one type are supported
[ros2-13] [ERROR] [1786737567.099572204] [ROSBAG2_TRANSPORT]: Topic '/web_vel' has more than one type associated. Only topics with one type are supported
[ros2-13] [ERROR] [1786737567.201706428] [ROSBAG2_TRANSPORT]: Topic '/web_vel' has more than one type associated. Only topics with one type are supported
[ros2-13] [ERROR] [1786737567.304326925] [ROSBAG2_TRANSPORT]: Topic '/web_vel' has more than one type associated. Only topics with one type are supported
[ros2-13] [ERROR] [1786737567.406636805] [ROSBAG2_TRANSPORT]: Topic '/web_vel' has more than one type associated. Only topics with one type are supported
[ros2-13] [ERROR] [1786737567.509526624] [ROSBAG2_TRANSPORT]: Topic '/web_vel' has more than one type associated. Only topics with one type are supported
[ros2-13] [ERROR] [1786737567.612023327] [ROSBAG2_TRANSPORT]: Topic '/web_vel' has more than one type associated. Only topics with one type are supported
[ros2-13] [ERROR] [1786737567.714399881] [ROSBAG2_TRANSPORT]: Topic '/web_vel' has more than one type associated. Only topics with one type are supported
[ros2-13] [ERROR] [1786737567.816602931] [ROSBAG2_TRANSPORT]: Topic '/web_vel' has more than one type associated. Only topics with one type are supported
[ros2-13] [ERROR] [1786737567.919166391] [ROSBAG2_TRANSPORT]: Topic '/web_vel' has more than one type associated. Only topics with one type are supported
[ros2-13] [ERROR] [1786737568.021629171] [ROSBAG2_TRANSPORT]: Topic '/web_vel' has more than one type associated. Only topics with one type are supported
[ros2-13] [ERROR] [1786737568.124108653] [ROSBAG2_TRANSPORT]: Topic '/web_vel' has more than one type associated. Only topics with one type are supported
[ros2-13] [ERROR] [1786737568.226891423] [ROSBAG2_TRANSPORT]: Topic '/web_vel' has more than one type associated. Only topics with one type are supported
[ros2-13] [ERROR] [1786737568.329092739] [ROSBAG2_TRANSPORT]: Topic '/web_vel' has more than one type associated. Only topics with one type are supported
[ros2-13] [ERROR] [1786737568.431465858] [ROSBAG2_TRANSPORT]: Topic '/web_vel' has more than one type associated. Only topics with one type are supported
[ros2-13] [ERROR] [1786737568.533628857] [ROSBAG2_TRANSPORT]: Topic '/web_vel' has more than one type associated. Only topics with one type are supported
[ros2-13] [ERROR] [1786737568.636012940] [ROSBAG2_TRANSPORT]: Topic '/web_vel' has more than one type associated. Only topics with one type are supported
[ros2-13] [ERROR] [1786737568.739612085] [ROSBAG2_TRANSPORT]: Topic '/web_vel' has more than one type associated. Only topics with one type are supported
[ros2-13] [ERROR] [1786737568.842797629] [ROSBAG2_TRANSPORT]: Topic '/web_vel' has more than one type associated. Only topics with one type are supported
[ros2-13] [ERROR] [1786737568.945465769] [ROSBAG2_TRANSPORT]: Topic '/web_vel' has more than one type associated. Only topics with one type are supported
[ros2-13] [ERROR] [1786737569.047889322] [ROSBAG2_TRANSPORT]: Topic '/web_vel' has more than one type associated. Only topics with one type are supported
[ros2-13] [ERROR] [1786737569.150268486] [ROSBAG2_TRANSPORT]: Topic '/web_vel' has more than one type associated. Only topics with one type are supported
[ros2-13] [ERROR] [1786737569.252421967] [ROSBAG2_TRANSPORT]: Topic '/web_vel' has more than one type associated. Only topics with one type are supported
[ros2-13] [ERROR] [1786737569.355041368] [ROSBAG2_TRANSPORT]: Topic '/web_vel' has more than one type associated. Only topics with one type are supported
[ros2-13] [ERROR] [1786737569.457162859] [ROSBAG2_TRANSPORT]: Topic '/web_vel' has more than one type associated. Only topics with one type are supported
[ros2-13] [ERROR] [1786737569.559185815] [ROSBAG2_TRANSPORT]: Topic '/web_vel' has more than one type associated. Only topics with one type are supported
[ros2-13] [ERROR] [1786737569.661498707] [ROSBAG2_TRANSPORT]: Topic '/web_vel' has more than one type associated. Only topics with one type are supported
[ros2-13] [ERROR] [1786737569.764183620] [ROSBAG2_TRANSPORT]: Topic '/web_vel' has more than one type associated. Only topics with one type are supported
[ros2-13] [ERROR] [1786737569.866771841] [ROSBAG2_TRANSPORT]: Topic '/web_vel' has more than one type associated. Only topics with one type are supported
[ros2-13] [ERROR] [1786737569.968889155] [ROSBAG2_TRANSPORT]: Topic '/web_vel' has more than one type associated. Only topics with one type are supported
[ros2-13] [ERROR] [1786737570.071095443] [ROSBAG2_TRANSPORT]: Topic '/web_vel' has more than one type associated. Only topics with one type are supported
[ros2-13] [ERROR] [1786737570.173411048] [ROSBAG2_TRANSPORT]: Topic '/web_vel' has more than one type associated. Only topics with one type are supported
[ros2-13] [ERROR] [1786737570.275854320] [ROSBAG2_TRANSPORT]: Topic '/web_vel' has more than one type associated. Only topics with one type are supported
[ros2-13] [ERROR] [1786737570.378064358] [ROSBAG2_TRANSPORT]: Topic '/web_vel' has more than one type associated. Only topics with one type are supported
[ros2-13] [ERROR] [1786737570.480245123] [ROSBAG2_TRANSPORT]: Topic '/web_vel' has more than one type associated. Only topics with one type are supported
[ros2-13] [ERROR] [1786737570.582942290] [ROSBAG2_TRANSPORT]: Topic '/web_vel' has more than one type associated. Only topics with one type are supported
[ros2-13] [ERROR] [1786737570.685290263] [ROSBAG2_TRANSPORT]: Topic '/web_vel' has more than one type associated. Only topics with one type are supported
[ros2-13] [ERROR] [1786737570.788154290] [ROSBAG2_TRANSPORT]: Topic '/web_vel' has more than one type associated. Only topics with one type are supported
[ros2-13] [ERROR] [1786737570.891235642] [ROSBAG2_TRANSPORT]: Topic '/web_vel' has more than one type associated. Only topics with one type are supported
[ros2-13] [ERROR] [1786737570.993690633] [ROSBAG2_TRANSPORT]: Topic '/web_vel' has more than one type associated. Only topics with one type are supported
[bt_navigator-5] [INFO] [1786737571.009425688] [bt_navigator]: Begin navigating from current location (0.02, 0.01) to (6.23, 4.44)
[smoother_server-3] [INFO] [1786737571.030624787] [smoother_server]: Received a path to smooth.
[controller_server-4] [INFO] [1786737571.050369895] [controller_server]: Received a goal, begin computing control effort.
[controller_server-4] [WARN] [1786737571.050436245] [controller_server]: No goal checker was specified in parameter 'current_goal_checker'. Server will use only plugin loaded goal_checker goal_checker goal_checker . This warning will appear once.
[controller_server-4] [WARN] [1786737571.050480687] [controller_server]: No progress checker was specified in parameter 'current_progress_checker'. Server will use only plugin loaded progress_checker progress_checker progress_checker . This warning will appear once.
[path_follower-12] [WARN] [1786737571.058182647] [path_follower]: sem TF camera_init<-map (Could not find a connection between 'camera_init' and 'map' because they are not part of the same tree.Tf has two or more unconnected trees.); o plano não pode ser usado — dirigir com ele seria o defeito de 14-08 de volta
[ros2-13] [ERROR] [1786737571.096734340] [ROSBAG2_TRANSPORT]: Topic '/web_vel' has more than one type associated. Only topics with one type are supported
[ros2-13] [ERROR] [1786737571.199776924] [ROSBAG2_TRANSPORT]: Topic '/web_vel' has more than one type associated. Only topics with one type are supported
[ros2-13] [ERROR] [1786737571.302814907] [ROSBAG2_TRANSPORT]: Topic '/web_vel' has more than one type associated. Only topics with one type are supported
[ros2-13] [ERROR] [1786737571.405307463] [ROSBAG2_TRANSPORT]: Topic '/web_vel' has more than one type associated. Only topics with one type are supported
[ros2-13] [ERROR] [1786737571.507669519] [ROSBAG2_TRANSPORT]: Topic '/web_vel' has more than one type associated. Only topics with one type are supported
[ros2-13] [ERROR] [1786737571.610003046] [ROSBAG2_TRANSPORT]: Topic '/web_vel' has more than one type associated. Only topics with one type are supported
[ros2-13] [ERROR] [1786737571.712993087] [ROSBAG2_TRANSPORT]: Topic '/web_vel' has more than one type associated. Only topics with one type are supported
[ros2-13] [ERROR] [1786737571.815300482] [ROSBAG2_TRANSPORT]: Topic '/web_vel' has more than one type associated. Only topics with one type are supported
[ros2-13] [ERROR] [1786737571.917672824] [ROSBAG2_TRANSPORT]: Topic '/web_vel' has more than one type associated. Only topics with one type are supported
[ros2-13] [ERROR] [1786737572.020111211] [ROSBAG2_TRANSPORT]: Topic '/web_vel' has more than one type associated. Only topics with one type are supported
[smoother_server-3] [INFO] [1786737572.080197888] [smoother_server]: Received a path to smooth.
[controller_server-4] [WARN] [1786737572.100112926] [controller_server]: [follow_path] [ActionServer] Aborting handle.
[ros2-13] [ERROR] [1786737572.122799811] [ROSBAG2_TRANSPORT]: Topic '/web_vel' has more than one type associated. Only topics with one type are supported
[ros2-13] [ERROR] [1786737572.225094111] [ROSBAG2_TRANSPORT]: Topic '/web_vel' has more than one type associated. Only topics with one type are supported
[controller_server-4] [INFO] [1786737572.250657113] [controller_server]: Passing new path to controller.
[ros2-13] [ERROR] [1786737572.327750833] [ROSBAG2_TRANSPORT]: Topic '/web_vel' has more than one type associated. Only topics with one type are supported
[ros2-13] [ERROR] [1786737572.431356257] [ROSBAG2_TRANSPORT]: Topic '/web_vel' has more than one type associated. Only topics with one type are supported
[ros2-13] [ERROR] [1786737572.533679197] [ROSBAG2_TRANSPORT]: Topic '/web_vel' has more than one type associated. Only topics with one type are supported
[ros2-13] [ERROR] [1786737572.636042003] [ROSBAG2_TRANSPORT]: Topic '/web_vel' has more than one type associated. Only topics with one type are supported
[ros2-13] [ERROR] [1786737572.738961124] [ROSBAG2_TRANSPORT]: Topic '/web_vel' has more than one type associated. Only topics with one type are supported
[ros2-13] [ERROR] [1786737572.842119524] [ROSBAG2_TRANSPORT]: Topic '/web_vel' has more than one type associated. Only topics with one type are supported
[ros2-13] [ERROR] [1786737572.944179877] [ROSBAG2_TRANSPORT]: Topic '/web_vel' has more than one type associated. Only topics with one type are supported
[ros2-13] [ERROR] [1786737573.046496944] [ROSBAG2_TRANSPORT]: Topic '/web_vel' has more than one type associated. Only topics with one type are supported
[smoother_server-3] [INFO] [1786737573.130267871] [smoother_server]: Received a path to smooth.
[ros2-13] [ERROR] [1786737573.148863946] [ROSBAG2_TRANSPORT]: Topic '/web_vel' has more than one type associated. Only topics with one type are supported
[controller_server-4] [WARN] [1786737573.150120978] [controller_server]: [follow_path] [ActionServer] Aborting handle.
[controller_server-4] [INFO] [1786737573.250625066] [controller_server]: Passing new path to controller.
[ros2-13] [ERROR] [1786737573.251394864] [ROSBAG2_TRANSPORT]: Topic '/web_vel' has more than one type associated. Only topics with one type are supported
[ros2-13] [ERROR] [1786737573.354281974] [ROSBAG2_TRANSPORT]: Topic '/web_vel' has more than one type associated. Only topics with one type are supported
[ros2-13] [ERROR] [1786737573.456429945] [ROSBAG2_TRANSPORT]: Topic '/web_vel' has more than one type associated. Only topics with one type are supported
[ros2-13] [ERROR] [1786737573.559331299] [ROSBAG2_TRANSPORT]: Topic '/web_vel' has more than one type associated. Only topics with one type are supported
[ros2-13] [ERROR] [1786737573.661805607] [ROSBAG2_TRANSPORT]: Topic '/web_vel' has more than one type associated. Only topics with one type are supported
[ros2-13] [ERROR] [1786737573.764270641] [ROSBAG2_TRANSPORT]: Topic '/web_vel' has more than one type associated. Only topics with one type are supported
[ros2-13] [ERROR] [1786737573.866299167] [ROSBAG2_TRANSPORT]: Topic '/web_vel' has more than one type associated. Only topics with one type are supported
[ros2-13] [ERROR] [1786737573.968633080] [ROSBAG2_TRANSPORT]: Topic '/web_vel' has more than one type associated. Only topics with one type are supported
[ros2-13] [ERROR] [1786737574.070972454] [ROSBAG2_TRANSPORT]: Topic '/web_vel' has more than one type associated. Only topics with one type are supported
[ros2-13] [ERROR] [1786737574.174186634] [ROSBAG2_TRANSPORT]: Topic '/web_vel' has more than one type associated. Only topics with one type are supported
[smoother_server-3] [INFO] [1786737574.180168104] [smoother_server]: Received a path to smooth.
[controller_server-4] [WARN] [1786737574.200007555] [controller_server]: [follow_path] [ActionServer] Aborting handle.
[controller_server-4] [INFO] [1786737574.250652397] [controller_server]: Passing new path to controller.
[ros2-13] [ERROR] [1786737574.276911456] [ROSBAG2_TRANSPORT]: Topic '/web_vel' has more than one type associated. Only topics with one type are supported
[ros2-13] [ERROR] [1786737574.379154731] [ROSBAG2_TRANSPORT]: Topic '/web_vel' has more than one type associated. Only topics with one type are supported
[ros2-13] [ERROR] [1786737574.482087505] [ROSBAG2_TRANSPORT]: Topic '/web_vel' has more than one type associated. Only topics with one type are supported
[ros2-13] [ERROR] [1786737574.584471845] [ROSBAG2_TRANSPORT]: Topic '/web_vel' has more than one type associated. Only topics with one type are supported
[ros2-13] [ERROR] [1786737574.687373050] [ROSBAG2_TRANSPORT]: Topic '/web_vel' has more than one type associated. Only topics with one type are supported
[ros2-13] [ERROR] [1786737574.790293496] [ROSBAG2_TRANSPORT]: Topic '/web_vel' has more than one type associated. Only topics with one type are supported
[ros2-13] [ERROR] [1786737574.892708092] [ROSBAG2_TRANSPORT]: Topic '/web_vel' has more than one type associated. Only topics with one type are supported
[ros2-13] [ERROR] [1786737574.994785998] [ROSBAG2_TRANSPORT]: Topic '/web_vel' has more than one type associated. Only topics with one type are supported
[ros2-13] [ERROR] [1786737575.096973911] [ROSBAG2_TRANSPORT]: Topic '/web_vel' has more than one type associated. Only topics with one type are supported
[ros2-13] [ERROR] [1786737575.199028018] [ROSBAG2_TRANSPORT]: Topic '/web_vel' has more than one type associated. Only topics with one type are supported
[smoother_server-3] [INFO] [1786737575.230192344] [smoother_server]: Received a path to smooth.
[controller_server-4] [WARN] [1786737575.250068259] [controller_server]: [follow_path] [ActionServer] Aborting handle.
[controller_server-4] [INFO] [1786737575.250615097] [controller_server]: Passing new path to controller.
[ros2-13] [ERROR] [1786737575.302601159] [ROSBAG2_TRANSPORT]: Topic '/web_vel' has more than one type associated. Only topics with one type are supported
[ros2-13] [ERROR] [1786737575.405312544] [ROSBAG2_TRANSPORT]: Topic '/web_vel' has more than one type associated. Only topics with one type are supported
[ros2-13] [ERROR] [1786737575.507647609] [ROSBAG2_TRANSPORT]: Topic '/web_vel' has more than one type associated. Only topics with one type are supported
[ros2-13] [ERROR] [1786737575.609768285] [ROSBAG2_TRANSPORT]: Topic '/web_vel' has more than one type associated. Only topics with one type are supported
[ros2-13] [ERROR] [1786737575.712025655] [ROSBAG2_TRANSPORT]: Topic '/web_vel' has more than one type associated. Only topics with one type are supported
[ros2-13] [ERROR] [1786737575.814304818] [ROSBAG2_TRANSPORT]: Topic '/web_vel' has more than one type associated. Only topics with one type are supported
[ros2-13] [ERROR] [1786737575.916636521] [ROSBAG2_TRANSPORT]: Topic '/web_vel' has more than one type associated. Only topics with one type are supported
[ros2-13] [ERROR] [1786737576.019296780] [ROSBAG2_TRANSPORT]: Topic '/web_vel' has more than one type associated. Only topics with one type are supported
[path_follower-12] [WARN] [1786737576.058670534] [path_follower]: sem TF camera_init<-map (Could not find a connection between 'camera_init' and 'map' because they are not part of the same tree.Tf has two or more unconnected trees.); o plano não pode ser usado — dirigir com ele seria o defeito de 14-08 de volta
[ros2-13] [ERROR] [1786737576.121678312] [ROSBAG2_TRANSPORT]: Topic '/web_vel' has more than one type associated. Only topics with one type are supported
[ros2-13] [ERROR] [1786737576.224428130] [ROSBAG2_TRANSPORT]: Topic '/web_vel' has more than one type associated. Only topics with one type are supported
[smoother_server-3] [INFO] [1786737576.280117943] [smoother_server]: Received a path to smooth.
[controller_server-4] [WARN] [1786737576.300307003] [controller_server]: [follow_path] [ActionServer] Aborting handle.
[ros2-13] [ERROR] [1786737576.326864358] [ROSBAG2_TRANSPORT]: Topic '/web_vel' has more than one type associated. Only topics with one type are supported
[ros2-13] [ERROR] [1786737576.430050711] [ROSBAG2_TRANSPORT]: Topic '/web_vel' has more than one type associated. Only topics with one type are supported
[controller_server-4] [INFO] [1786737576.450622387] [controller_server]: Passing new path to controller.
[ros2-13] [ERROR] [1786737576.533146604] [ROSBAG2_TRANSPORT]: Topic '/web_vel' has more than one type associated. Only topics with one type are supported
[ros2-13] [ERROR] [1786737576.635556448] [ROSBAG2_TRANSPORT]: Topic '/web_vel' has more than one type associated. Only topics with one type are supported
[ros2-13] [ERROR] [1786737576.738087315] [ROSBAG2_TRANSPORT]: Topic '/web_vel' has more than one type associated. Only topics with one type are supported
[ros2-13] [ERROR] [1786737576.840421173] [ROSBAG2_TRANSPORT]: Topic '/web_vel' has more than one type associated. Only topics with one type are supported
[ros2-13] [ERROR] [1786737576.942811127] [ROSBAG2_TRANSPORT]: Topic '/web_vel' has more than one type associated. Only topics with one type are supported
[ros2-13] [ERROR] [1786737577.045011109] [ROSBAG2_TRANSPORT]: Topic '/web_vel' has more than one type associated. Only topics with one type are supported
[ros2-13] [ERROR] [1786737577.147793405] [ROSBAG2_TRANSPORT]: Topic '/web_vel' has more than one type associated. Only topics with one type are supported
[ros2-13] [ERROR] [1786737577.250648775] [ROSBAG2_TRANSPORT]: Topic '/web_vel' has more than one type associated. Only topics with one type are supported
[smoother_server-3] [INFO] [1786737577.330155082] [smoother_server]: Received a path to smooth.
[controller_server-4] [WARN] [1786737577.350015341] [controller_server]: [follow_path] [ActionServer] Aborting handle.
[ros2-13] [ERROR] [1786737577.352888485] [ROSBAG2_TRANSPORT]: Topic '/web_vel' has more than one type associated. Only topics with one type are supported
[controller_server-4] [INFO] [1786737577.450624561] [controller_server]: Passing new path to controller.
[ros2-13] [ERROR] [1786737577.455218994] [ROSBAG2_TRANSPORT]: Topic '/web_vel' has more than one type associated. Only topics with one type are supported
[ros2-13] [ERROR] [1786737577.557368346] [ROSBAG2_TRANSPORT]: Topic '/web_vel' has more than one type associated. Only topics with one type are supported
[ros2-13] [ERROR] [1786737577.659448455] [ROSBAG2_TRANSPORT]: Topic '/web_vel' has more than one type associated. Only topics with one type are supported
[ros2-13] [ERROR] [1786737577.762145155] [ROSBAG2_TRANSPORT]: Topic '/web_vel' has more than one type associated. Only topics with one type are supported
[ros2-13] [ERROR] [1786737577.864252981] [ROSBAG2_TRANSPORT]: Topic '/web_vel' has more than one type associated. Only topics with one type are supported
[ros2-13] [ERROR] [1786737577.966392178] [ROSBAG2_TRANSPORT]: Topic '/web_vel' has more than one type associated. Only topics with one type are supported
[ros2-13] [ERROR] [1786737578.068498739] [ROSBAG2_TRANSPORT]: Topic '/web_vel' has more than one type associated. Only topics with one type are supported
[ros2-13] [ERROR] [1786737578.171465442] [ROSBAG2_TRANSPORT]: Topic '/web_vel' has more than one type associated. Only topics with one type are supported
[ros2-13] [ERROR] [1786737578.273869573] [ROSBAG2_TRANSPORT]: Topic '/web_vel' has more than one type associated. Only topics with one type are supported
[ros2-13] [ERROR] [1786737578.376001328] [ROSBAG2_TRANSPORT]: Topic '/web_vel' has more than one type associated. Only topics with one type are supported
[smoother_server-3] [INFO] [1786737578.380173567] [smoother_server]: Received a path to smooth.
[controller_server-4] [WARN] [1786737578.400053386] [controller_server]: [follow_path] [ActionServer] Aborting handle.
[controller_server-4] [INFO] [1786737578.450622199] [controller_server]: Passing new path to controller.
[ros2-13] [ERROR] [1786737578.479057599] [ROSBAG2_TRANSPORT]: Topic '/web_vel' has more than one type associated. Only topics with one type are supported
[ros2-13] [ERROR] [1786737578.581480984] [ROSBAG2_TRANSPORT]: Topic '/web_vel' has more than one type associated. Only topics with one type are supported
[ros2-13] [ERROR] [1786737578.683571557] [ROSBAG2_TRANSPORT]: Topic '/web_vel' has more than one type associated. Only topics with one type are supported
[ros2-13] [ERROR] [1786737578.785894807] [ROSBAG2_TRANSPORT]: Topic '/web_vel' has more than one type associated. Only topics with one type are supported
[ros2-13] [ERROR] [1786737578.888030834] [ROSBAG2_TRANSPORT]: Topic '/web_vel' has more than one type associated. Only topics with one type are supported
[ros2-13] [ERROR] [1786737578.990659456] [ROSBAG2_TRANSPORT]: Topic '/web_vel' has more than one type associated. Only topics with one type are supported
[ros2-13] [ERROR] [1786737579.092980719] [ROSBAG2_TRANSPORT]: Topic '/web_vel' has more than one type associated. Only topics with one type are supported
[ros2-13] [ERROR] [1786737579.196014809] [ROSBAG2_TRANSPORT]: Topic '/web_vel' has more than one type associated. Only topics with one type are supported
[ros2-13] [ERROR] [1786737579.299156902] [ROSBAG2_TRANSPORT]: Topic '/web_vel' has more than one type associated. Only topics with one type are supported
[ros2-13] [ERROR] [1786737579.401474106] [ROSBAG2_TRANSPORT]: Topic '/web_vel' has more than one type associated. Only topics with one type are supported
[smoother_server-3] [INFO] [1786737579.430072730] [smoother_server]: Received a path to smooth.
[controller_server-4] [WARN] [1786737579.450207790] [controller_server]: [follow_path] [ActionServer] Aborting handle.
[controller_server-4] [INFO] [1786737579.450622396] [controller_server]: Passing new path to controller.
[ros2-13] [ERROR] [1786737579.504211211] [ROSBAG2_TRANSPORT]: Topic '/web_vel' has more than one type associated. Only topics with one type are supported
[ros2-13] [ERROR] [1786737579.606750711] [ROSBAG2_TRANSPORT]: Topic '/web_vel' has more than one type associated. Only topics with one type are supported
[ros2-13] [ERROR] [1786737579.709481103] [ROSBAG2_TRANSPORT]: Topic '/web_vel' has more than one type associated. Only topics with one type are supported
[ros2-13] [ERROR] [1786737579.812080349] [ROSBAG2_TRANSPORT]: Topic '/web_vel' has more than one type associated. Only topics with one type are supported
[ros2-13] [ERROR] [1786737579.914652124] [ROSBAG2_TRANSPORT]: Topic '/web_vel' has more than one type associated. Only topics with one type are supported
[ros2-13] [ERROR] [1786737580.017054169] [ROSBAG2_TRANSPORT]: Topic '/web_vel' has more than one type associated. Only topics with one type are supported
[ros2-13] [ERROR] [1786737580.119472861] [ROSBAG2_TRANSPORT]: Topic '/web_vel' has more than one type associated. Only topics with one type are supported
[ros2-13] [ERROR] [1786737580.222544755] [ROSBAG2_TRANSPORT]: Topic '/web_vel' has more than one type associated. Only topics with one type are supported
[ros2-13] [ERROR] [1786737580.325193796] [ROSBAG2_TRANSPORT]: Topic '/web_vel' has more than one type associated. Only topics with one type are supported
[ros2-13] [ERROR] [1786737580.428514262] [ROSBAG2_TRANSPORT]: Topic '/web_vel' has more than one type associated. Only topics with one type are supported
[smoother_server-3] [INFO] [1786737580.480276529] [smoother_server]: Received a path to smooth.
[controller_server-4] [WARN] [1786737580.500166310] [controller_server]: [follow_path] [ActionServer] Aborting handle.
[ros2-13] [ERROR] [1786737580.531623918] [ROSBAG2_TRANSPORT]: Topic '/web_vel' has more than one type associated. Only topics with one type are supported
[ros2-13] [ERROR] [1786737580.633968572] [ROSBAG2_TRANSPORT]: Topic '/web_vel' has more than one type associated. Only topics with one type are supported
[controller_server-4] [INFO] [1786737580.650622567] [controller_server]: Passing new path to controller.
[ros2-13] [ERROR] [1786737580.736742744] [ROSBAG2_TRANSPORT]: Topic '/web_vel' has more than one type associated. Only topics with one type are supported
[ros2-13] [ERROR] [1786737580.839053364] [ROSBAG2_TRANSPORT]: Topic '/web_vel' has more than one type associated. Only topics with one type are supported
[ros2-13] [ERROR] [1786737580.941688870] [ROSBAG2_TRANSPORT]: Topic '/web_vel' has more than one type associated. Only topics with one type are supported
[ros2-13] [ERROR] [1786737581.044659097] [ROSBAG2_TRANSPORT]: Topic '/web_vel' has more than one type associated. Only topics with one type are supported
[path_follower-12] [WARN] [1786737581.108071311] [path_follower]: sem TF camera_init<-map (Could not find a connection between 'camera_init' and 'map' because they are not part of the same tree.Tf has two or more unconnected trees.); o plano não pode ser usado — dirigir com ele seria o defeito de 14-08 de volta
[ros2-13] [ERROR] [1786737581.147320350] [ROSBAG2_TRANSPORT]: Topic '/web_vel' has more than one type associated. Only topics with one type are supported
[ros2-13] [ERROR] [1786737581.249967641] [ROSBAG2_TRANSPORT]: Topic '/web_vel' has more than one type associated. Only topics with one type are supported
[ros2-13] [ERROR] [1786737581.352722093] [ROSBAG2_TRANSPORT]: Topic '/web_vel' has more than one type associated. Only topics with one type are supported
[ros2-13] [ERROR] [1786737581.454989996] [ROSBAG2_TRANSPORT]: Topic '/web_vel' has more than one type associated. Only topics with one type are supported
[smoother_server-3] [INFO] [1786737581.530303943] [smoother_server]: Received a path to smooth.
[controller_server-4] [WARN] [1786737581.550074527] [controller_server]: [follow_path] [ActionServer] Aborting handle.
[ros2-13] [ERROR] [1786737581.557462006] [ROSBAG2_TRANSPORT]: Topic '/web_vel' has more than one type associated. Only topics with one type are supported
[controller_server-4] [INFO] [1786737581.650625722] [controller_server]: Passing new path to controller.
[ros2-13] [ERROR] [1786737581.660387012] [ROSBAG2_TRANSPORT]: Topic '/web_vel' has more than one type associated. Only topics with one type are supported
[ros2-13] [ERROR] [1786737581.763240798] [ROSBAG2_TRANSPORT]: Topic '/web_vel' has more than one type associated. Only topics with one type are supported
[ros2-13] [ERROR] [1786737581.865485479] [ROSBAG2_TRANSPORT]: Topic '/web_vel' has more than one type associated. Only topics with one type are supported
[ros2-13] [ERROR] [1786737581.967563030] [ROSBAG2_TRANSPORT]: Topic '/web_vel' has more than one type associated. Only topics with one type are supported
[ros2-13] [ERROR] [1786737582.069673880] [ROSBAG2_TRANSPORT]: Topic '/web_vel' has more than one type associated. Only topics with one type are supported
[ros2-13] [ERROR] [1786737582.172598635] [ROSBAG2_TRANSPORT]: Topic '/web_vel' has more than one type associated. Only topics with one type are supported
[ros2-13] [ERROR] [1786737582.274804381] [ROSBAG2_TRANSPORT]: Topic '/web_vel' has more than one type associated. Only topics with one type are supported
[ros2-13] [ERROR] [1786737582.376925753] [ROSBAG2_TRANSPORT]: Topic '/web_vel' has more than one type associated. Only topics with one type are supported
[ros2-13] [ERROR] [1786737582.479283328] [ROSBAG2_TRANSPORT]: Topic '/web_vel' has more than one type associated. Only topics with one type are supported
[smoother_server-3] [INFO] [1786737582.580214416] [smoother_server]: Received a path to smooth.
[ros2-13] [ERROR] [1786737582.582228280] [ROSBAG2_TRANSPORT]: Topic '/web_vel' has more than one type associated. Only topics with one type are supported
[controller_server-4] [WARN] [1786737582.600150683] [controller_server]: [follow_path] [ActionServer] Aborting handle.
[controller_server-4] [INFO] [1786737582.650625720] [controller_server]: Passing new path to controller.
[ros2-13] [ERROR] [1786737582.684387604] [ROSBAG2_TRANSPORT]: Topic '/web_vel' has more than one type associated. Only topics with one type are supported
[ros2-13] [ERROR] [1786737582.786465120] [ROSBAG2_TRANSPORT]: Topic '/web_vel' has more than one type associated. Only topics with one type are supported
[ros2-13] [ERROR] [1786737582.888755407] [ROSBAG2_TRANSPORT]: Topic '/web_vel' has more than one type associated. Only topics with one type are supported
[ros2-13] [ERROR] [1786737582.991464656] [ROSBAG2_TRANSPORT]: Topic '/web_vel' has more than one type associated. Only topics with one type are supported
[ros2-13] [ERROR] [1786737583.093911982] [ROSBAG2_TRANSPORT]: Topic '/web_vel' has more than one type associated. Only topics with one type are supported
[ros2-13] [ERROR] [1786737583.196128961] [ROSBAG2_TRANSPORT]: Topic '/web_vel' has more than one type associated. Only topics with one type are supported
[ros2-13] [ERROR] [1786737583.298541036] [ROSBAG2_TRANSPORT]: Topic '/web_vel' has more than one type associated. Only topics with one type are supported
[ros2-13] [ERROR] [1786737583.400798747] [ROSBAG2_TRANSPORT]: Topic '/web_vel' has more than one type associated. Only topics with one type are supported
[ros2-13] [ERROR] [1786737583.503066407] [ROSBAG2_TRANSPORT]: Topic '/web_vel' has more than one type associated. Only topics with one type are supported
[ros2-13] [ERROR] [1786737583.605514554] [ROSBAG2_TRANSPORT]: Topic '/web_vel' has more than one type associated. Only topics with one type are supported
[smoother_server-3] [INFO] [1786737583.630129115] [smoother_server]: Received a path to smooth.
[controller_server-4] [WARN] [1786737583.650077831] [controller_server]: [follow_path] [ActionServer] Aborting handle.
[controller_server-4] [INFO] [1786737583.650657293] [controller_server]: Passing new path to controller.
[ros2-13] [ERROR] [1786737583.708470984] [ROSBAG2_TRANSPORT]: Topic '/web_vel' has more than one type associated. Only topics with one type are supported
[ros2-13] [ERROR] [1786737583.810809131] [ROSBAG2_TRANSPORT]: Topic '/web_vel' has more than one type associated. Only topics with one type are supported
[ros2-13] [ERROR] [1786737583.912981102] [ROSBAG2_TRANSPORT]: Topic '/web_vel' has more than one type associated. Only topics with one type are supported
[ros2-13] [ERROR] [1786737584.015118351] [ROSBAG2_TRANSPORT]: Topic '/web_vel' has more than one type associated. Only topics with one type are supported
[ros2-13] [ERROR] [1786737584.117702403] [ROSBAG2_TRANSPORT]: Topic '/web_vel' has more than one type associated. Only topics with one type are supported
[ros2-13] [ERROR] [1786737584.220728815] [ROSBAG2_TRANSPORT]: Topic '/web_vel' has more than one type associated. Only topics with one type are supported
[ros2-13] [ERROR] [1786737584.323645740] [ROSBAG2_TRANSPORT]: Topic '/web_vel' has more than one type associated. Only topics with one type are supported
[ros2-13] [ERROR] [1786737584.426464249] [ROSBAG2_TRANSPORT]: Topic '/web_vel' has more than one type associated. Only topics with one type are supported
[ros2-13] [ERROR] [1786737584.529334693] [ROSBAG2_TRANSPORT]: Topic '/web_vel' has more than one type associated. Only topics with one type are supported
[ros2-13] [ERROR] [1786737584.632772220] [ROSBAG2_TRANSPORT]: Topic '/web_vel' has more than one type associated. Only topics with one type are supported
[smoother_server-3] [INFO] [1786737584.680185030] [smoother_server]: Received a path to smooth.
[controller_server-4] [WARN] [1786737584.700114191] [controller_server]: [follow_path] [ActionServer] Aborting handle.
[ros2-13] [ERROR] [1786737584.736898498] [ROSBAG2_TRANSPORT]: Topic '/web_vel' has more than one type associated. Only topics with one type are supported
[ros2-13] [ERROR] [1786737584.841214516] [ROSBAG2_TRANSPORT]: Topic '/web_vel' has more than one type associated. Only topics with one type are supported
[controller_server-4] [INFO] [1786737584.850627218] [controller_server]: Passing new path to controller.
[ros2-13] [ERROR] [1786737584.944938524] [ROSBAG2_TRANSPORT]: Topic '/web_vel' has more than one type associated. Only topics with one type are supported
[ros2-13] [ERROR] [1786737585.048734288] [ROSBAG2_TRANSPORT]: Topic '/web_vel' has more than one type associated. Only topics with one type are supported
[ros2-13] [ERROR] [1786737585.151646089] [ROSBAG2_TRANSPORT]: Topic '/web_vel' has more than one type associated. Only topics with one type are supported
[ros2-13] [ERROR] [1786737585.254275150] [ROSBAG2_TRANSPORT]: Topic '/web_vel' has more than one type associated. Only topics with one type are supported
[ros2-13] [ERROR] [1786737585.356660260] [ROSBAG2_TRANSPORT]: Topic '/web_vel' has more than one type associated. Only topics with one type are supported
[ros2-13] [ERROR] [1786737585.459722252] [ROSBAG2_TRANSPORT]: Topic '/web_vel' has more than one type associated. Only topics with one type are supported
[ros2-13] [ERROR] [1786737585.561881240] [ROSBAG2_TRANSPORT]: Topic '/web_vel' has more than one type associated. Only topics with one type are supported
[ros2-13] [ERROR] [1786737585.664530858] [ROSBAG2_TRANSPORT]: Topic '/web_vel' has more than one type associated. Only topics with one type are supported
[smoother_server-3] [INFO] [1786737585.730155543] [smoother_server]: Received a path to smooth.
[controller_server-4] [WARN] [1786737585.750142968] [controller_server]: [follow_path] [ActionServer] Aborting handle.
[ros2-13] [ERROR] [1786737585.767155615] [ROSBAG2_TRANSPORT]: Topic '/web_vel' has more than one type associated. Only topics with one type are supported
[controller_server-4] [INFO] [1786737585.850626555] [controller_server]: Passing new path to controller.
[ros2-13] [ERROR] [1786737585.869311470] [ROSBAG2_TRANSPORT]: Topic '/web_vel' has more than one type associated. Only topics with one type are supported
[ros2-13] [ERROR] [1786737585.971518615] [ROSBAG2_TRANSPORT]: Topic '/web_vel' has more than one type associated. Only topics with one type are supported
[ros2-13] [ERROR] [1786737586.073616669] [ROSBAG2_TRANSPORT]: Topic '/web_vel' has more than one type associated. Only topics with one type are supported
[path_follower-12] [WARN] [1786737586.108070695] [path_follower]: sem TF camera_init<-map (Could not find a connection between 'camera_init' and 'map' because they are not part of the same tree.Tf has two or more unconnected trees.); o plano não pode ser usado — dirigir com ele seria o defeito de 14-08 de volta
[ros2-13] [ERROR] [1786737586.176173930] [ROSBAG2_TRANSPORT]: Topic '/web_vel' has more than one type associated. Only topics with one type are supported
[ros2-13] [ERROR] [1786737586.278742442] [ROSBAG2_TRANSPORT]: Topic '/web_vel' has more than one type associated. Only topics with one type are supported
[ros2-13] [ERROR] [1786737586.381065652] [ROSBAG2_TRANSPORT]: Topic '/web_vel' has more than one type associated. Only topics with one type are supported
[ros2-13] [ERROR] [1786737586.483371880] [ROSBAG2_TRANSPORT]: Topic '/web_vel' has more than one type associated. Only topics with one type are supported
[ros2-13] [ERROR] [1786737586.585567877] [ROSBAG2_TRANSPORT]: Topic '/web_vel' has more than one type associated. Only topics with one type are supported
[ros2-13] [ERROR] [1786737586.687740472] [ROSBAG2_TRANSPORT]: Topic '/web_vel' has more than one type associated. Only topics with one type are supported
[smoother_server-3] [INFO] [1786737586.780160080] [smoother_server]: Received a path to smooth.
[ros2-13] [ERROR] [1786737586.790258362] [ROSBAG2_TRANSPORT]: Topic '/web_vel' has more than one type associated. Only topics with one type are supported
[controller_server-4] [WARN] [1786737586.800055371] [controller_server]: [follow_path] [ActionServer] Aborting handle.
[controller_server-4] [INFO] [1786737586.850624281] [controller_server]: Passing new path to controller.
[ros2-13] [ERROR] [1786737586.892900554] [ROSBAG2_TRANSPORT]: Topic '/web_vel' has more than one type associated. Only topics with one type are supported
[ros2-13] [ERROR] [1786737586.995124045] [ROSBAG2_TRANSPORT]: Topic '/web_vel' has more than one type associated. Only topics with one type are supported
[ros2-13] [ERROR] [1786737587.097286737] [ROSBAG2_TRANSPORT]: Topic '/web_vel' has more than one type associated. Only topics with one type are supported
[ros2-13] [ERROR] [1786737587.199330943] [ROSBAG2_TRANSPORT]: Topic '/web_vel' has more than one type associated. Only topics with one type are supported
[ros2-13] [ERROR] [1786737587.302332291] [ROSBAG2_TRANSPORT]: Topic '/web_vel' has more than one type associated. Only topics with one type are supported
[ros2-13] [ERROR] [1786737587.404783714] [ROSBAG2_TRANSPORT]: Topic '/web_vel' has more than one type associated. Only topics with one type are supported
[ros2-13] [ERROR] [1786737587.506972576] [ROSBAG2_TRANSPORT]: Topic '/web_vel' has more than one type associated. Only topics with one type are supported
[ros2-13] [ERROR] [1786737587.609082662] [ROSBAG2_TRANSPORT]: Topic '/web_vel' has more than one type associated. Only topics with one type are supported
[ros2-13] [ERROR] [1786737587.711180332] [ROSBAG2_TRANSPORT]: Topic '/web_vel' has more than one type associated. Only topics with one type are supported
[ros2-13] [ERROR] [1786737587.813608626] [ROSBAG2_TRANSPORT]: Topic '/web_vel' has more than one type associated. Only topics with one type are supported
[smoother_server-3] [INFO] [1786737587.830182925] [smoother_server]: Received a path to smooth.
[controller_server-4] [WARN] [1786737587.850148244] [controller_server]: [follow_path] [ActionServer] Aborting handle.
[controller_server-4] [INFO] [1786737587.850620896] [controller_server]: Passing new path to controller.
[ros2-13] [ERROR] [1786737587.915812874] [ROSBAG2_TRANSPORT]: Topic '/web_vel' has more than one type associated. Only topics with one type are supported
[ros2-13] [ERROR] [1786737588.018083477] [ROSBAG2_TRANSPORT]: Topic '/web_vel' has more than one type associated. Only topics with one type are supported
[ros2-13] [ERROR] [1786737588.121127001] [ROSBAG2_TRANSPORT]: Topic '/web_vel' has more than one type associated. Only topics with one type are supported
[ros2-13] [ERROR] [1786737588.223361269] [ROSBAG2_TRANSPORT]: Topic '/web_vel' has more than one type associated. Only topics with one type are supported
[ros2-13] [ERROR] [1786737588.325876934] [ROSBAG2_TRANSPORT]: Topic '/web_vel' has more than one type associated. Only topics with one type are supported
[ros2-13] [ERROR] [1786737588.428204218] [ROSBAG2_TRANSPORT]: Topic '/web_vel' has more than one type associated. Only topics with one type are supported
[ros2-13] [ERROR] [1786737588.530738103] [ROSBAG2_TRANSPORT]: Topic '/web_vel' has more than one type associated. Only topics with one type are supported
[ros2-13] [ERROR] [1786737588.633015335] [ROSBAG2_TRANSPORT]: Topic '/web_vel' has more than one type associated. Only topics with one type are supported
[ros2-13] [ERROR] [1786737588.735385738] [ROSBAG2_TRANSPORT]: Topic '/web_vel' has more than one type associated. Only topics with one type are supported
[ros2-13] [ERROR] [1786737588.837797867] [ROSBAG2_TRANSPORT]: Topic '/web_vel' has more than one type associated. Only topics with one type are supported
[smoother_server-3] [INFO] [1786737588.880108273] [smoother_server]: Received a path to smooth.
[controller_server-4] [WARN] [1786737588.900125409] [controller_server]: [follow_path] [ActionServer] Aborting handle.
[ros2-13] [ERROR] [1786737588.940922227] [ROSBAG2_TRANSPORT]: Topic '/web_vel' has more than one type associated. Only topics with one type are supported
[ros2-13] [ERROR] [1786737589.043952433] [ROSBAG2_TRANSPORT]: Topic '/web_vel' has more than one type associated. Only topics with one type are supported
[controller_server-4] [INFO] [1786737589.050622398] [controller_server]: Passing new path to controller.
[ros2-13] [ERROR] [1786737589.146162962] [ROSBAG2_TRANSPORT]: Topic '/web_vel' has more than one type associated. Only topics with one type are supported
[ros2-13] [ERROR] [1786737589.248462193] [ROSBAG2_TRANSPORT]: Topic '/web_vel' has more than one type associated. Only topics with one type are supported
[ros2-13] [ERROR] [1786737589.350625880] [ROSBAG2_TRANSPORT]: Topic '/web_vel' has more than one type associated. Only topics with one type are supported
[ros2-13] [ERROR] [1786737589.452705871] [ROSBAG2_TRANSPORT]: Topic '/web_vel' has more than one type associated. Only topics with one type are supported
[ros2-13] [ERROR] [1786737589.555470402] [ROSBAG2_TRANSPORT]: Topic '/web_vel' has more than one type associated. Only topics with one type are supported
[ros2-13] [ERROR] [1786737589.658272590] [ROSBAG2_TRANSPORT]: Topic '/web_vel' has more than one type associated. Only topics with one type are supported
[ros2-13] [ERROR] [1786737589.761412570] [ROSBAG2_TRANSPORT]: Topic '/web_vel' has more than one type associated. Only topics with one type are supported
[ros2-13] [ERROR] [1786737589.864252249] [ROSBAG2_TRANSPORT]: Topic '/web_vel' has more than one type associated. Only topics with one type are supported
[smoother_server-3] [INFO] [1786737589.930114602] [smoother_server]: Received a path to smooth.
[controller_server-4] [WARN] [1786737589.950036527] [controller_server]: [follow_path] [ActionServer] Aborting handle.
[ros2-13] [ERROR] [1786737589.966550172] [ROSBAG2_TRANSPORT]: Topic '/web_vel' has more than one type associated. Only topics with one type are supported
[controller_server-4] [INFO] [1786737590.050623435] [controller_server]: Passing new path to controller.
[ros2-13] [ERROR] [1786737590.068612476] [ROSBAG2_TRANSPORT]: Topic '/web_vel' has more than one type associated. Only topics with one type are supported
[ros2-13] [ERROR] [1786737590.171159714] [ROSBAG2_TRANSPORT]: Topic '/web_vel' has more than one type associated. Only topics with one type are supported
[ros2-13] [ERROR] [1786737590.273333216] [ROSBAG2_TRANSPORT]: Topic '/web_vel' has more than one type associated. Only topics with one type are supported
[ros2-13] [ERROR] [1786737590.375749211] [ROSBAG2_TRANSPORT]: Topic '/web_vel' has more than one type associated. Only topics with one type are supported
[ros2-13] [ERROR] [1786737590.478109046] [ROSBAG2_TRANSPORT]: Topic '/web_vel' has more than one type associated. Only topics with one type are supported
[ros2-13] [ERROR] [1786737590.580897557] [ROSBAG2_TRANSPORT]: Topic '/web_vel' has more than one type associated. Only topics with one type are supported
[ros2-13] [ERROR] [1786737590.683050533] [ROSBAG2_TRANSPORT]: Topic '/web_vel' has more than one type associated. Only topics with one type are supported
[ros2-13] [ERROR] [1786737590.785309603] [ROSBAG2_TRANSPORT]: Topic '/web_vel' has more than one type associated. Only topics with one type are supported
[ros2-13] [ERROR] [1786737590.887604545] [ROSBAG2_TRANSPORT]: Topic '/web_vel' has more than one type associated. Only topics with one type are supported
[smoother_server-3] [INFO] [1786737590.980146057] [smoother_server]: Received a path to smooth.
[ros2-13] [ERROR] [1786737590.990599544] [ROSBAG2_TRANSPORT]: Topic '/web_vel' has more than one type associated. Only topics with one type are supported
[controller_server-4] [WARN] [1786737591.000159594] [controller_server]: [follow_path] [ActionServer] Aborting handle.
[controller_server-4] [INFO] [1786737591.050646619] [controller_server]: Passing new path to controller.
[ros2-13] [ERROR] [1786737591.093050170] [ROSBAG2_TRANSPORT]: Topic '/web_vel' has more than one type associated. Only topics with one type are supported
[path_follower-12] [WARN] [1786737591.108604168] [path_follower]: sem TF camera_init<-map (Could not find a connection between 'camera_init' and 'map' because they are not part of the same tree.Tf has two or more unconnected trees.); o plano não pode ser usado — dirigir com ele seria o defeito de 14-08 de volta
[ros2-13] [ERROR] [1786737591.195329630] [ROSBAG2_TRANSPORT]: Topic '/web_vel' has more than one type associated. Only topics with one type are supported
[ros2-13] [ERROR] [1786737591.297695161] [ROSBAG2_TRANSPORT]: Topic '/web_vel' has more than one type associated. Only topics with one type are supported
[ros2-13] [ERROR] [1786737591.400491719] [ROSBAG2_TRANSPORT]: Topic '/web_vel' has more than one type associated. Only topics with one type are supported
[ros2-13] [ERROR] [1786737591.502619599] [ROSBAG2_TRANSPORT]: Topic '/web_vel' has more than one type associated. Only topics with one type are supported
[ros2-13] [ERROR] [1786737591.604913394] [ROSBAG2_TRANSPORT]: Topic '/web_vel' has more than one type associated. Only topics with one type are supported
[ros2-13] [ERROR] [1786737591.707128726] [ROSBAG2_TRANSPORT]: Topic '/web_vel' has more than one type associated. Only topics with one type are supported
[ros2-13] [ERROR] [1786737591.809309535] [ROSBAG2_TRANSPORT]: Topic '/web_vel' has more than one type associated. Only topics with one type are supported
[ros2-13] [ERROR] [1786737591.911524524] [ROSBAG2_TRANSPORT]: Topic '/web_vel' has more than one type associated. Only topics with one type are supported
[ros2-13] [ERROR] [1786737592.014236229] [ROSBAG2_TRANSPORT]: Topic '/web_vel' has more than one type associated. Only topics with one type are supported
[smoother_server-3] [INFO] [1786737592.030214109] [smoother_server]: Received a path to smooth.
[controller_server-4] [WARN] [1786737592.050116535] [controller_server]: [follow_path] [ActionServer] Aborting handle.
[controller_server-4] [INFO] [1786737592.050620752] [controller_server]: Passing new path to controller.
[ros2-13] [ERROR] [1786737592.116393210] [ROSBAG2_TRANSPORT]: Topic '/web_vel' has more than one type associated. Only topics with one type are supported
[ros2-13] [ERROR] [1786737592.218875199] [ROSBAG2_TRANSPORT]: Topic '/web_vel' has more than one type associated. Only topics with one type are supported
[ros2-13] [ERROR] [1786737592.321739890] [ROSBAG2_TRANSPORT]: Topic '/web_vel' has more than one type associated. Only topics with one type are supported
[ros2-13] [ERROR] [1786737592.424039427] [ROSBAG2_TRANSPORT]: Topic '/web_vel' has more than one type associated. Only topics with one type are supported
[ros2-13] [ERROR] [1786737592.526147208] [ROSBAG2_TRANSPORT]: Topic '/web_vel' has more than one type associated. Only topics with one type are supported
[ros2-13] [ERROR] [1786737592.629540054] [ROSBAG2_TRANSPORT]: Topic '/web_vel' has more than one type associated. Only topics with one type are supported
[ros2-13] [ERROR] [1786737592.732266382] [ROSBAG2_TRANSPORT]: Topic '/web_vel' has more than one type associated. Only topics with one type are supported
[ros2-13] [ERROR] [1786737592.834583622] [ROSBAG2_TRANSPORT]: Topic '/web_vel' has more than one type associated. Only topics with one type are supported
[ros2-13] [ERROR] [1786737592.936929615] [ROSBAG2_TRANSPORT]: Topic '/web_vel' has more than one type associated. Only topics with one type are supported
[ros2-13] [ERROR] [1786737593.039205060] [ROSBAG2_TRANSPORT]: Topic '/web_vel' has more than one type associated. Only topics with one type are supported
[smoother_server-3] [INFO] [1786737593.080288802] [smoother_server]: Received a path to smooth.
[controller_server-4] [WARN] [1786737593.100139008] [controller_server]: [follow_path] [ActionServer] Aborting handle.
[ros2-13] [ERROR] [1786737593.141895007] [ROSBAG2_TRANSPORT]: Topic '/web_vel' has more than one type associated. Only topics with one type are supported
[ros2-13] [ERROR] [1786737593.244408794] [ROSBAG2_TRANSPORT]: Topic '/web_vel' has more than one type associated. Only topics with one type are supported
[controller_server-4] [INFO] [1786737593.250623321] [controller_server]: Passing new path to controller.
[ros2-13] [ERROR] [1786737593.347454553] [ROSBAG2_TRANSPORT]: Topic '/web_vel' has more than one type associated. Only topics with one type are supported
[ros2-13] [ERROR] [1786737593.450017399] [ROSBAG2_TRANSPORT]: Topic '/web_vel' has more than one type associated. Only topics with one type are supported
[ros2-13] [ERROR] [1786737593.552047737] [ROSBAG2_TRANSPORT]: Topic '/web_vel' has more than one type associated. Only topics with one type are supported
[ros2-13] [ERROR] [1786737593.654741123] [ROSBAG2_TRANSPORT]: Topic '/web_vel' has more than one type associated. Only topics with one type are supported
[ros2-13] [ERROR] [1786737593.757834490] [ROSBAG2_TRANSPORT]: Topic '/web_vel' has more than one type associated. Only topics with one type are supported
[ros2-13] [ERROR] [1786737593.860448540] [ROSBAG2_TRANSPORT]: Topic '/web_vel' has more than one type associated. Only topics with one type are supported
[ros2-13] [ERROR] [1786737593.962788805] [ROSBAG2_TRANSPORT]: Topic '/web_vel' has more than one type associated. Only topics with one type are supported
[ros2-13] [ERROR] [1786737594.065112375] [ROSBAG2_TRANSPORT]: Topic '/web_vel' has more than one type associated. Only topics with one type are supported
[smoother_server-3] [INFO] [1786737594.130341242] [smoother_server]: Received a path to smooth.
[controller_server-4] [WARN] [1786737594.150031083] [controller_server]: [follow_path] [ActionServer] Aborting handle.
[ros2-13] [ERROR] [1786737594.168247264] [ROSBAG2_TRANSPORT]: Topic '/web_vel' has more than one type associated. Only topics with one type are supported
[controller_server-4] [INFO] [1786737594.250621886] [controller_server]: Passing new path to controller.
[ros2-13] [ERROR] [1786737594.270732516] [ROSBAG2_TRANSPORT]: Topic '/web_vel' has more than one type associated. Only topics with one type are supported
[ros2-13] [ERROR] [1786737594.373053765] [ROSBAG2_TRANSPORT]: Topic '/web_vel' has more than one type associated. Only topics with one type are supported
[ros2-13] [ERROR] [1786737594.475913672] [ROSBAG2_TRANSPORT]: Topic '/web_vel' has more than one type associated. Only topics with one type are supported
[ros2-13] [ERROR] [1786737594.578300526] [ROSBAG2_TRANSPORT]: Topic '/web_vel' has more than one type associated. Only topics with one type are supported
[ros2-13] [ERROR] [1786737594.680491359] [ROSBAG2_TRANSPORT]: Topic '/web_vel' has more than one type associated. Only topics with one type are supported
[ros2-13] [ERROR] [1786737594.783395392] [ROSBAG2_TRANSPORT]: Topic '/web_vel' has more than one type associated. Only topics with one type are supported
[ros2-13] [ERROR] [1786737594.885751575] [ROSBAG2_TRANSPORT]: Topic '/web_vel' has more than one type associated. Only topics with one type are supported
[ros2-13] [ERROR] [1786737594.988135077] [ROSBAG2_TRANSPORT]: Topic '/web_vel' has more than one type associated. Only topics with one type are supported
[ros2-13] [ERROR] [1786737595.090869349] [ROSBAG2_TRANSPORT]: Topic '/web_vel' has more than one type associated. Only topics with one type are supported
[smoother_server-3] [INFO] [1786737595.180085873] [smoother_server]: Received a path to smooth.
[ros2-13] [ERROR] [1786737595.193052509] [ROSBAG2_TRANSPORT]: Topic '/web_vel' has more than one type associated. Only topics with one type are supported
[controller_server-4] [WARN] [1786737595.200117297] [controller_server]: [follow_path] [ActionServer] Aborting handle.
[controller_server-4] [INFO] [1786737595.250621380] [controller_server]: Passing new path to controller.
[ros2-13] [ERROR] [1786737595.295277342] [ROSBAG2_TRANSPORT]: Topic '/web_vel' has more than one type associated. Only topics with one type are supported
[ros2-13] [ERROR] [1786737595.397642997] [ROSBAG2_TRANSPORT]: Topic '/web_vel' has more than one type associated. Only topics with one type are supported
[ros2-13] [ERROR] [1786737595.499805854] [ROSBAG2_TRANSPORT]: Topic '/web_vel' has more than one type associated. Only topics with one type are supported
[ros2-13] [ERROR] [1786737595.602504158] [ROSBAG2_TRANSPORT]: Topic '/web_vel' has more than one type associated. Only topics with one type are supported
[ros2-13] [ERROR] [1786737595.705314804] [ROSBAG2_TRANSPORT]: Topic '/web_vel' has more than one type associated. Only topics with one type are supported
[ros2-13] [ERROR] [1786737595.807624832] [ROSBAG2_TRANSPORT]: Topic '/web_vel' has more than one type associated. Only topics with one type are supported
[ros2-13] [ERROR] [1786737595.909905093] [ROSBAG2_TRANSPORT]: Topic '/web_vel' has more than one type associated. Only topics with one type are supported
[ros2-13] [ERROR] [1786737596.012387415] [ROSBAG2_TRANSPORT]: Topic '/web_vel' has more than one type associated. Only topics with one type are supported
[path_follower-12] [WARN] [1786737596.108659294] [path_follower]: sem TF camera_init<-map (Could not find a connection between 'camera_init' and 'map' because they are not part of the same tree.Tf has two or more unconnected trees.); o plano não pode ser usado — dirigir com ele seria o defeito de 14-08 de volta
[ros2-13] [ERROR] [1786737596.114947212] [ROSBAG2_TRANSPORT]: Topic '/web_vel' has more than one type associated. Only topics with one type are supported
[ros2-13] [ERROR] [1786737596.218175700] [ROSBAG2_TRANSPORT]: Topic '/web_vel' has more than one type associated. Only topics with one type are supported
[smoother_server-3] [INFO] [1786737596.230558752] [smoother_server]: Received a path to smooth.
[controller_server-4] [WARN] [1786737596.250116655] [controller_server]: [follow_path] [ActionServer] Aborting handle.
[controller_server-4] [INFO] [1786737596.250592017] [controller_server]: Passing new path to controller.
[ros2-13] [ERROR] [1786737596.320761701] [ROSBAG2_TRANSPORT]: Topic '/web_vel' has more than one type associated. Only topics with one type are supported
[ros2-13] [ERROR] [1786737596.423494927] [ROSBAG2_TRANSPORT]: Topic '/web_vel' has more than one type associated. Only topics with one type are supported
[ros2-13] [ERROR] [1786737596.526526029] [ROSBAG2_TRANSPORT]: Topic '/web_vel' has more than one type associated. Only topics with one type are supported
[ros2-13] [ERROR] [1786737596.628991075] [ROSBAG2_TRANSPORT]: Topic '/web_vel' has more than one type associated. Only topics with one type are supported
[ros2-13] [ERROR] [1786737596.732005119] [ROSBAG2_TRANSPORT]: Topic '/web_vel' has more than one type associated. Only topics with one type are supported
[ros2-13] [ERROR] [1786737596.834404719] [ROSBAG2_TRANSPORT]: Topic '/web_vel' has more than one type associated. Only topics with one type are supported
[ros2-13] [ERROR] [1786737596.936573229] [ROSBAG2_TRANSPORT]: Topic '/web_vel' has more than one type associated. Only topics with one type are supported
[ros2-13] [ERROR] [1786737597.038846973] [ROSBAG2_TRANSPORT]: Topic '/web_vel' has more than one type associated. Only topics with one type are supported
[ros2-13] [ERROR] [1786737597.141384774] [ROSBAG2_TRANSPORT]: Topic '/web_vel' has more than one type associated. Only topics with one type are supported
[ros2-13] [ERROR] [1786737597.244477141] [ROSBAG2_TRANSPORT]: Topic '/web_vel' has more than one type associated. Only topics with one type are supported
[smoother_server-3] [INFO] [1786737597.280197621] [smoother_server]: Received a path to smooth.
[controller_server-4] [WARN] [1786737597.300555781] [controller_server]: [follow_path] [ActionServer] Aborting handle.
[ros2-13] [ERROR] [1786737597.346672802] [ROSBAG2_TRANSPORT]: Topic '/web_vel' has more than one type associated. Only topics with one type are supported
[ros2-13] [ERROR] [1786737597.449038234] [ROSBAG2_TRANSPORT]: Topic '/web_vel' has more than one type associated. Only topics with one type are supported
[controller_server-4] [INFO] [1786737597.450625003] [controller_server]: Passing new path to controller.
[ros2-13] [ERROR] [1786737597.551918730] [ROSBAG2_TRANSPORT]: Topic '/web_vel' has more than one type associated. Only topics with one type are supported
[ros2-13] [ERROR] [1786737597.654887426] [ROSBAG2_TRANSPORT]: Topic '/web_vel' has more than one type associated. Only topics with one type are supported
[ros2-13] [ERROR] [1786737597.757952092] [ROSBAG2_TRANSPORT]: Topic '/web_vel' has more than one type associated. Only topics with one type are supported
[ros2-13] [ERROR] [1786737597.860784954] [ROSBAG2_TRANSPORT]: Topic '/web_vel' has more than one type associated. Only topics with one type are supported
[ros2-13] [ERROR] [1786737597.963083516] [ROSBAG2_TRANSPORT]: Topic '/web_vel' has more than one type associated. Only topics with one type are supported
[ros2-13] [ERROR] [1786737598.065202464] [ROSBAG2_TRANSPORT]: Topic '/web_vel' has more than one type associated. Only topics with one type are supported
[ros2-13] [ERROR] [1786737598.167248083] [ROSBAG2_TRANSPORT]: Topic '/web_vel' has more than one type associated. Only topics with one type are supported
[ros2-13] [ERROR] [1786737598.269388696] [ROSBAG2_TRANSPORT]: Topic '/web_vel' has more than one type associated. Only topics with one type are supported
[smoother_server-3] [INFO] [1786737598.330137525] [smoother_server]: Received a path to smooth.
[controller_server-4] [WARN] [1786737598.350017553] [controller_server]: [follow_path] [ActionServer] Aborting handle.
[ros2-13] [ERROR] [1786737598.372002289] [ROSBAG2_TRANSPORT]: Topic '/web_vel' has more than one type associated. Only topics with one type are supported
[controller_server-4] [INFO] [1786737598.450623807] [controller_server]: Passing new path to controller.
[ros2-13] [ERROR] [1786737598.474492612] [ROSBAG2_TRANSPORT]: Topic '/web_vel' has more than one type associated. Only topics with one type are supported
[ros2-13] [ERROR] [1786737598.576744970] [ROSBAG2_TRANSPORT]: Topic '/web_vel' has more than one type associated. Only topics with one type are supported
[ros2-13] [ERROR] [1786737598.679449307] [ROSBAG2_TRANSPORT]: Topic '/web_vel' has more than one type associated. Only topics with one type are supported
[ros2-13] [ERROR] [1786737598.782308726] [ROSBAG2_TRANSPORT]: Topic '/web_vel' has more than one type associated. Only topics with one type are supported
[ros2-13] [ERROR] [1786737598.885562246] [ROSBAG2_TRANSPORT]: Topic '/web_vel' has more than one type associated. Only topics with one type are supported
[ros2-13] [ERROR] [1786737598.988448883] [ROSBAG2_TRANSPORT]: Topic '/web_vel' has more than one type associated. Only topics with one type are supported
[ros2-13] [ERROR] [1786737599.091004144] [ROSBAG2_TRANSPORT]: Topic '/web_vel' has more than one type associated. Only topics with one type are supported
[ros2-13] [ERROR] [1786737599.193743517] [ROSBAG2_TRANSPORT]: Topic '/web_vel' has more than one type associated. Only topics with one type are supported
[ros2-13] [ERROR] [1786737599.296768785] [ROSBAG2_TRANSPORT]: Topic '/web_vel' has more than one type associated. Only topics with one type are supported
[smoother_server-3] [INFO] [1786737599.380247645] [smoother_server]: Received a path to smooth.
[ros2-13] [ERROR] [1786737599.399026109] [ROSBAG2_TRANSPORT]: Topic '/web_vel' has more than one type associated. Only topics with one type are supported
[controller_server-4] [WARN] [1786737599.400177914] [controller_server]: [follow_path] [ActionServer] Aborting handle.
[controller_server-4] [INFO] [1786737599.450624851] [controller_server]: Passing new path to controller.
[ros2-13] [ERROR] [1786737599.501314956] [ROSBAG2_TRANSPORT]: Topic '/web_vel' has more than one type associated. Only topics with one type are supported
[ros2-13] [ERROR] [1786737599.603530161] [ROSBAG2_TRANSPORT]: Topic '/web_vel' has more than one type associated. Only topics with one type are supported
[ros2-13] [ERROR] [1786737599.706012316] [ROSBAG2_TRANSPORT]: Topic '/web_vel' has more than one type associated. Only topics with one type are supported
[ros2-13] [ERROR] [1786737599.808135739] [ROSBAG2_TRANSPORT]: Topic '/web_vel' has more than one type associated. Only topics with one type are supported
[ros2-13] [ERROR] [1786737599.910406407] [ROSBAG2_TRANSPORT]: Topic '/web_vel' has more than one type associated. Only topics with one type are supported
[ros2-13] [ERROR] [1786737600.012611959] [ROSBAG2_TRANSPORT]: Topic '/web_vel' has more than one type associated. Only topics with one type are supported
[ros2-13] [ERROR] [1786737600.114814553] [ROSBAG2_TRANSPORT]: Topic '/web_vel' has more than one type associated. Only topics with one type are supported
[ros2-13] [ERROR] [1786737600.216887927] [ROSBAG2_TRANSPORT]: Topic '/web_vel' has more than one type associated. Only topics with one type are supported
[ros2-13] [ERROR] [1786737600.319053118] [ROSBAG2_TRANSPORT]: Topic '/web_vel' has more than one type associated. Only topics with one type are supported
[ros2-13] [ERROR] [1786737600.421703616] [ROSBAG2_TRANSPORT]: Topic '/web_vel' has more than one type associated. Only topics with one type are supported
[smoother_server-3] [INFO] [1786737600.430334647] [smoother_server]: Received a path to smooth.
[controller_server-4] [WARN] [1786737600.450149413] [controller_server]: [follow_path] [ActionServer] Aborting handle.
[controller_server-4] [INFO] [1786737600.450626786] [controller_server]: Passing new path to controller.
[ros2-13] [ERROR] [1786737600.525129636] [ROSBAG2_TRANSPORT]: Topic '/web_vel' has more than one type associated. Only topics with one type are supported
[ros2-13] [ERROR] [1786737600.627573108] [ROSBAG2_TRANSPORT]: Topic '/web_vel' has more than one type associated. Only topics with one type are supported
[ros2-13] [ERROR] [1786737600.729996120] [ROSBAG2_TRANSPORT]: Topic '/web_vel' has more than one type associated. Only topics with one type are supported
[ros2-13] [ERROR] [1786737600.832344520] [ROSBAG2_TRANSPORT]: Topic '/web_vel' has more than one type associated. Only topics with one type are supported
[ros2-13] [ERROR] [1786737600.935292815] [ROSBAG2_TRANSPORT]: Topic '/web_vel' has more than one type associated. Only topics with one type are supported
[ros2-13] [ERROR] [1786737601.038681415] [ROSBAG2_TRANSPORT]: Topic '/web_vel' has more than one type associated. Only topics with one type are supported
[ros2-13] [ERROR] [1786737601.141139429] [ROSBAG2_TRANSPORT]: Topic '/web_vel' has more than one type associated. Only topics with one type are supported
[path_follower-12] [WARN] [1786737601.158075854] [path_follower]: sem TF camera_init<-map (Could not find a connection between 'camera_init' and 'map' because they are not part of the same tree.Tf has two or more unconnected trees.); o plano não pode ser usado — dirigir com ele seria o defeito de 14-08 de volta
[ros2-13] [ERROR] [1786737601.243919402] [ROSBAG2_TRANSPORT]: Topic '/web_vel' has more than one type associated. Only topics with one type are supported
[ros2-13] [ERROR] [1786737601.346176127] [ROSBAG2_TRANSPORT]: Topic '/web_vel' has more than one type associated. Only topics with one type are supported
[ros2-13] [ERROR] [1786737601.448383195] [ROSBAG2_TRANSPORT]: Topic '/web_vel' has more than one type associated. Only topics with one type are supported
[smoother_server-3] [INFO] [1786737601.480058853] [smoother_server]: Received a path to smooth.
[controller_server-4] [WARN] [1786737601.500011434] [controller_server]: [follow_path] [ActionServer] Aborting handle.
[ros2-13] [ERROR] [1786737601.551417137] [ROSBAG2_TRANSPORT]: Topic '/web_vel' has more than one type associated. Only topics with one type are supported
[controller_server-4] [INFO] [1786737601.650626515] [controller_server]: Passing new path to controller.
[ros2-13] [ERROR] [1786737601.653807469] [ROSBAG2_TRANSPORT]: Topic '/web_vel' has more than one type associated. Only topics with one type are supported
[ros2-13] [ERROR] [1786737601.756188473] [ROSBAG2_TRANSPORT]: Topic '/web_vel' has more than one type associated. Only topics with one type are supported
[ros2-13] [ERROR] [1786737601.858417601] [ROSBAG2_TRANSPORT]: Topic '/web_vel' has more than one type associated. Only topics with one type are supported
[ros2-13] [ERROR] [1786737601.960914255] [ROSBAG2_TRANSPORT]: Topic '/web_vel' has more than one type associated. Only topics with one type are supported
[ros2-13] [ERROR] [1786737602.063406058] [ROSBAG2_TRANSPORT]: Topic '/web_vel' has more than one type associated. Only topics with one type are supported
[ros2-13] [ERROR] [1786737602.166483635] [ROSBAG2_TRANSPORT]: Topic '/web_vel' has more than one type associated. Only topics with one type are supported
[ros2-13] [ERROR] [1786737602.268490081] [ROSBAG2_TRANSPORT]: Topic '/web_vel' has more than one type associated. Only topics with one type are supported
[ros2-13] [ERROR] [1786737602.370789040] [ROSBAG2_TRANSPORT]: Topic '/web_vel' has more than one type associated. Only topics with one type are supported
[ros2-13] [ERROR] [1786737602.472922536] [ROSBAG2_TRANSPORT]: Topic '/web_vel' has more than one type associated. Only topics with one type are supported
[smoother_server-3] [INFO] [1786737602.530114014] [smoother_server]: Received a path to smooth.
[controller_server-4] [WARN] [1786737602.550069308] [controller_server]: [follow_path] [ActionServer] Aborting handle.
[ros2-13] [ERROR] [1786737602.575054593] [ROSBAG2_TRANSPORT]: Topic '/web_vel' has more than one type associated. Only topics with one type are supported
[controller_server-4] [INFO] [1786737602.650628128] [controller_server]: Passing new path to controller.
[ros2-13] [ERROR] [1786737602.677135044] [ROSBAG2_TRANSPORT]: Topic '/web_vel' has more than one type associated. Only topics with one type are supported
[ros2-13] [ERROR] [1786737602.779159292] [ROSBAG2_TRANSPORT]: Topic '/web_vel' has more than one type associated. Only topics with one type are supported
[ros2-13] [ERROR] [1786737602.881344317] [ROSBAG2_TRANSPORT]: Topic '/web_vel' has more than one type associated. Only topics with one type are supported
[ros2-13] [ERROR] [1786737602.984284520] [ROSBAG2_TRANSPORT]: Topic '/web_vel' has more than one type associated. Only topics with one type are supported
[ros2-13] [ERROR] [1786737603.086906868] [ROSBAG2_TRANSPORT]: Topic '/web_vel' has more than one type associated. Only topics with one type are supported
[ros2-13] [ERROR] [1786737603.189144775] [ROSBAG2_TRANSPORT]: Topic '/web_vel' has more than one type associated. Only topics with one type are supported
[ros2-13] [ERROR] [1786737603.291306563] [ROSBAG2_TRANSPORT]: Topic '/web_vel' has more than one type associated. Only topics with one type are supported
[ros2-13] [ERROR] [1786737603.393582356] [ROSBAG2_TRANSPORT]: Topic '/web_vel' has more than one type associated. Only topics with one type are supported
[ros2-13] [ERROR] [1786737603.495748132] [ROSBAG2_TRANSPORT]: Topic '/web_vel' has more than one type associated. Only topics with one type are supported
[smoother_server-3] [INFO] [1786737603.580235180] [smoother_server]: Received a path to smooth.
[ros2-13] [ERROR] [1786737603.597956044] [ROSBAG2_TRANSPORT]: Topic '/web_vel' has more than one type associated. Only topics with one type are supported
[controller_server-4] [WARN] [1786737603.600106238] [controller_server]: [follow_path] [ActionServer] Aborting handle.
[controller_server-4] [INFO] [1786737603.650624019] [controller_server]: Passing new path to controller.
[ros2-13] [ERROR] [1786737603.700339102] [ROSBAG2_TRANSPORT]: Topic '/web_vel' has more than one type associated. Only topics with one type are supported
[ros2-13] [ERROR] [1786737603.802928844] [ROSBAG2_TRANSPORT]: Topic '/web_vel' has more than one type associated. Only topics with one type are supported
[ros2-13] [ERROR] [1786737603.905450453] [ROSBAG2_TRANSPORT]: Topic '/web_vel' has more than one type associated. Only topics with one type are supported
[ros2-13] [ERROR] [1786737604.007768986] [ROSBAG2_TRANSPORT]: Topic '/web_vel' has more than one type associated. Only topics with one type are supported
[ros2-13] [ERROR] [1786737604.109808776] [ROSBAG2_TRANSPORT]: Topic '/web_vel' has more than one type associated. Only topics with one type are supported
[ros2-13] [ERROR] [1786737604.213086903] [ROSBAG2_TRANSPORT]: Topic '/web_vel' has more than one type associated. Only topics with one type are supported
[ros2-13] [ERROR] [1786737604.315562326] [ROSBAG2_TRANSPORT]: Topic '/web_vel' has more than one type associated. Only topics with one type are supported
[ros2-13] [ERROR] [1786737604.417772600] [ROSBAG2_TRANSPORT]: Topic '/web_vel' has more than one type associated. Only topics with one type are supported
[ros2-13] [ERROR] [1786737604.520224482] [ROSBAG2_TRANSPORT]: Topic '/web_vel' has more than one type associated. Only topics with one type are supported
[ros2-13] [ERROR] [1786737604.622995836] [ROSBAG2_TRANSPORT]: Topic '/web_vel' has more than one type associated. Only topics with one type are supported
[smoother_server-3] [INFO] [1786737604.630309328] [smoother_server]: Received a path to smooth.
[controller_server-4] [WARN] [1786737604.640160032] [controller_server]: [follow_path] [ActionServer] Aborting handle.
[controller_server-4] [INFO] [1786737604.650628029] [controller_server]: Passing new path to controller.
[ros2-13] [ERROR] [1786737604.725941684] [ROSBAG2_TRANSPORT]: Topic '/web_vel' has more than one type associated. Only topics with one type are supported
[ros2-13] [ERROR] [1786737604.829004147] [ROSBAG2_TRANSPORT]: Topic '/web_vel' has more than one type associated. Only topics with one type are supported
[ros2-13] [ERROR] [1786737604.931612459] [ROSBAG2_TRANSPORT]: Topic '/web_vel' has more than one type associated. Only topics with one type are supported
[ros2-13] [ERROR] [1786737605.035058902] [ROSBAG2_TRANSPORT]: Topic '/web_vel' has more than one type associated. Only topics with one type are supported
[ros2-13] [ERROR] [1786737605.139011117] [ROSBAG2_TRANSPORT]: Topic '/web_vel' has more than one type associated. Only topics with one type are supported
[ros2-13] [ERROR] [1786737605.243105834] [ROSBAG2_TRANSPORT]: Topic '/web_vel' has more than one type associated. Only topics with one type are supported
[ros2-13] [ERROR] [1786737605.347221886] [ROSBAG2_TRANSPORT]: Topic '/web_vel' has more than one type associated. Only topics with one type are supported
[ros2-13] [ERROR] [1786737605.450397112] [ROSBAG2_TRANSPORT]: Topic '/web_vel' has more than one type associated. Only topics with one type are supported
[ros2-13] [ERROR] [1786737605.554003729] [ROSBAG2_TRANSPORT]: Topic '/web_vel' has more than one type associated. Only topics with one type are supported
[ros2-13] [ERROR] [1786737605.657977548] [ROSBAG2_TRANSPORT]: Topic '/web_vel' has more than one type associated. Only topics with one type are supported
[smoother_server-3] [INFO] [1786737605.660505687] [smoother_server]: Received a path to smooth.
[controller_server-4] [WARN] [1786737605.680204264] [controller_server]: [follow_path] [ActionServer] Aborting handle.
[ros2-13] [ERROR] [1786737605.761297780] [ROSBAG2_TRANSPORT]: Topic '/web_vel' has more than one type associated. Only topics with one type are supported
[controller_server-4] [INFO] [1786737605.850631050] [controller_server]: Passing new path to controller.
[ros2-13] [ERROR] [1786737605.863973962] [ROSBAG2_TRANSPORT]: Topic '/web_vel' has more than one type associated. Only topics with one type are supported
[ros2-13] [ERROR] [1786737605.966718414] [ROSBAG2_TRANSPORT]: Topic '/web_vel' has more than one type associated. Only topics with one type are supported
[ros2-13] [ERROR] [1786737606.069576693] [ROSBAG2_TRANSPORT]: Topic '/web_vel' has more than one type associated. Only topics with one type are supported
[path_follower-12] [WARN] [1786737606.158689506] [path_follower]: sem TF camera_init<-map (Could not find a connection between 'camera_init' and 'map' because they are not part of the same tree.Tf has two or more unconnected trees.); o plano não pode ser usado — dirigir com ele seria o defeito de 14-08 de volta
[ros2-13] [ERROR] [1786737606.172865832] [ROSBAG2_TRANSPORT]: Topic '/web_vel' has more than one type associated. Only topics with one type are supported
[ros2-13] [ERROR] [1786737606.275289265] [ROSBAG2_TRANSPORT]: Topic '/web_vel' has more than one type associated. Only topics with one type are supported
[ros2-13] [ERROR] [1786737606.377540968] [ROSBAG2_TRANSPORT]: Topic '/web_vel' has more than one type associated. Only topics with one type are supported
[ros2-13] [ERROR] [1786737606.479652022] [ROSBAG2_TRANSPORT]: Topic '/web_vel' has more than one type associated. Only topics with one type are supported
[ros2-13] [ERROR] [1786737606.582764337] [ROSBAG2_TRANSPORT]: Topic '/web_vel' has more than one type associated. Only topics with one type are supported
[ros2-13] [ERROR] [1786737606.685175452] [ROSBAG2_TRANSPORT]: Topic '/web_vel' has more than one type associated. Only topics with one type are supported
[smoother_server-3] [INFO] [1786737606.710202253] [smoother_server]: Received a path to smooth.
[controller_server-4] [WARN] [1786737606.730121845] [controller_server]: [follow_path] [ActionServer] Aborting handle.
[ros2-13] [ERROR] [1786737606.787346852] [ROSBAG2_TRANSPORT]: Topic '/web_vel' has more than one type associated. Only topics with one type are supported
[controller_server-4] [INFO] [1786737606.850633898] [controller_server]: Passing new path to controller.
[ros2-13] [ERROR] [1786737606.889931119] [ROSBAG2_TRANSPORT]: Topic '/web_vel' has more than one type associated. Only topics with one type are supported
[ros2-13] [ERROR] [1786737606.992453064] [ROSBAG2_TRANSPORT]: Topic '/web_vel' has more than one type associated. Only topics with one type are supported
[ros2-13] [ERROR] [1786737607.094586756] [ROSBAG2_TRANSPORT]: Topic '/web_vel' has more than one type associated. Only topics with one type are supported
[ros2-13] [ERROR] [1786737607.196716985] [ROSBAG2_TRANSPORT]: Topic '/web_vel' has more than one type associated. Only topics with one type are supported
[ros2-13] [ERROR] [1786737607.299016602] [ROSBAG2_TRANSPORT]: Topic '/web_vel' has more than one type associated. Only topics with one type are supported
[ros2-13] [ERROR] [1786737607.401246934] [ROSBAG2_TRANSPORT]: Topic '/web_vel' has more than one type associated. Only topics with one type are supported
[ros2-13] [ERROR] [1786737607.504245679] [ROSBAG2_TRANSPORT]: Topic '/web_vel' has more than one type associated. Only topics with one type are supported
[ros2-13] [ERROR] [1786737607.606395284] [ROSBAG2_TRANSPORT]: Topic '/web_vel' has more than one type associated. Only topics with one type are supported
[ros2-13] [ERROR] [1786737607.708486552] [ROSBAG2_TRANSPORT]: Topic '/web_vel' has more than one type associated. Only topics with one type are supported
[smoother_server-3] [INFO] [1786737607.760164820] [smoother_server]: Received a path to smooth.
[controller_server-4] [WARN] [1786737607.780248424] [controller_server]: [follow_path] [ActionServer] Aborting handle.
[ros2-13] [ERROR] [1786737607.810863128] [ROSBAG2_TRANSPORT]: Topic '/web_vel' has more than one type associated. Only topics with one type are supported
[controller_server-4] [INFO] [1786737607.850628978] [controller_server]: Passing new path to controller.
[ros2-13] [ERROR] [1786737607.913839824] [ROSBAG2_TRANSPORT]: Topic '/web_vel' has more than one type associated. Only topics with one type are supported
[ros2-13] [ERROR] [1786737608.016193354] [ROSBAG2_TRANSPORT]: Topic '/web_vel' has more than one type associated. Only topics with one type are supported
[ros2-13] [ERROR] [1786737608.118528519] [ROSBAG2_TRANSPORT]: Topic '/web_vel' has more than one type associated. Only topics with one type are supported
[ros2-13] [ERROR] [1786737608.220796459] [ROSBAG2_TRANSPORT]: Topic '/web_vel' has more than one type associated. Only topics with one type are supported
[ros2-13] [ERROR] [1786737608.323015054] [ROSBAG2_TRANSPORT]: Topic '/web_vel' has more than one type associated. Only topics with one type are supported
[ros2-13] [ERROR] [1786737608.425348701] [ROSBAG2_TRANSPORT]: Topic '/web_vel' has more than one type associated. Only topics with one type are supported
[ros2-13] [ERROR] [1786737608.527659589] [ROSBAG2_TRANSPORT]: Topic '/web_vel' has more than one type associated. Only topics with one type are supported
[ros2-13] [ERROR] [1786737608.630666979] [ROSBAG2_TRANSPORT]: Topic '/web_vel' has more than one type associated. Only topics with one type are supported
[ros2-13] [ERROR] [1786737608.733286520] [ROSBAG2_TRANSPORT]: Topic '/web_vel' has more than one type associated. Only topics with one type are supported
[smoother_server-3] [INFO] [1786737608.810127443] [smoother_server]: Received a path to smooth.
[controller_server-4] [WARN] [1786737608.820217376] [controller_server]: [follow_path] [ActionServer] Aborting handle.
[ros2-13] [ERROR] [1786737608.835518532] [ROSBAG2_TRANSPORT]: Topic '/web_vel' has more than one type associated. Only topics with one type are supported
[controller_server-4] [INFO] [1786737608.850635554] [controller_server]: Passing new path to controller.
[ros2-13] [ERROR] [1786737608.938024882] [ROSBAG2_TRANSPORT]: Topic '/web_vel' has more than one type associated. Only topics with one type are supported
[ros2-13] [ERROR] [1786737609.040855725] [ROSBAG2_TRANSPORT]: Topic '/web_vel' has more than one type associated. Only topics with one type are supported
[ros2-13] [ERROR] [1786737609.144006359] [ROSBAG2_TRANSPORT]: Topic '/web_vel' has more than one type associated. Only topics with one type are supported
[ros2-13] [ERROR] [1786737609.246583709] [ROSBAG2_TRANSPORT]: Topic '/web_vel' has more than one type associated. Only topics with one type are supported
[ros2-13] [ERROR] [1786737609.348904482] [ROSBAG2_TRANSPORT]: Topic '/web_vel' has more than one type associated. Only topics with one type are supported
[ros2-13] [ERROR] [1786737609.451771164] [ROSBAG2_TRANSPORT]: Topic '/web_vel' has more than one type associated. Only topics with one type are supported
[ros2-13] [ERROR] [1786737609.553910755] [ROSBAG2_TRANSPORT]: Topic '/web_vel' has more than one type associated. Only topics with one type are supported
[ros2-13] [ERROR] [1786737609.656542213] [ROSBAG2_TRANSPORT]: Topic '/web_vel' has more than one type associated. Only topics with one type are supported
[ros2-13] [ERROR] [1786737609.759046793] [ROSBAG2_TRANSPORT]: Topic '/web_vel' has more than one type associated. Only topics with one type are supported
[smoother_server-3] [INFO] [1786737609.850071958] [smoother_server]: Received a path to smooth.
[controller_server-4] [INFO] [1786737609.850616075] [controller_server]: Passing new path to controller.
[ros2-13] [ERROR] [1786737609.861961408] [ROSBAG2_TRANSPORT]: Topic '/web_vel' has more than one type associated. Only topics with one type are supported
[ros2-13] [ERROR] [1786737609.964107730] [ROSBAG2_TRANSPORT]: Topic '/web_vel' has more than one type associated. Only topics with one type are supported
[controller_server-4] [INFO] [1786737610.050623289] [controller_server]: Passing new path to controller.
[ros2-13] [ERROR] [1786737610.067186045] [ROSBAG2_TRANSPORT]: Topic '/web_vel' has more than one type associated. Only topics with one type are supported
[ros2-13] [ERROR] [1786737610.169532615] [ROSBAG2_TRANSPORT]: Topic '/web_vel' has more than one type associated. Only topics with one type are supported
[ros2-13] [ERROR] [1786737610.272369633] [ROSBAG2_TRANSPORT]: Topic '/web_vel' has more than one type associated. Only topics with one type are supported
[ros2-13] [ERROR] [1786737610.374963806] [ROSBAG2_TRANSPORT]: Topic '/web_vel' has more than one type associated. Only topics with one type are supported
[ros2-13] [ERROR] [1786737610.477287510] [ROSBAG2_TRANSPORT]: Topic '/web_vel' has more than one type associated. Only topics with one type are supported
[ros2-13] [ERROR] [1786737610.579467610] [ROSBAG2_TRANSPORT]: Topic '/web_vel' has more than one type associated. Only topics with one type are supported
[ros2-13] [ERROR] [1786737610.682430741] [ROSBAG2_TRANSPORT]: Topic '/web_vel' has more than one type associated. Only topics with one type are supported
[ros2-13] [ERROR] [1786737610.784633882] [ROSBAG2_TRANSPORT]: Topic '/web_vel' has more than one type associated. Only topics with one type are supported
[ros2-13] [ERROR] [1786737610.887102394] [ROSBAG2_TRANSPORT]: Topic '/web_vel' has more than one type associated. Only topics with one type are supported
[smoother_server-3] [INFO] [1786737610.890329496] [smoother_server]: Received a path to smooth.
[controller_server-4] [WARN] [1786737610.910160153] [controller_server]: [follow_path] [ActionServer] Aborting handle.
[ros2-13] [ERROR] [1786737610.990398611] [ROSBAG2_TRANSPORT]: Topic '/web_vel' has more than one type associated. Only topics with one type are supported
[controller_server-4] [INFO] [1786737611.050631887] [controller_server]: Passing new path to controller.
[ros2-13] [ERROR] [1786737611.093828801] [ROSBAG2_TRANSPORT]: Topic '/web_vel' has more than one type associated. Only topics with one type are supported
[ros2-13] [ERROR] [1786737611.196292389] [ROSBAG2_TRANSPORT]: Topic '/web_vel' has more than one type associated. Only topics with one type are supported
[path_follower-12] [WARN] [1786737611.208148670] [path_follower]: sem TF camera_init<-map (Could not find a connection between 'camera_init' and 'map' because they are not part of the same tree.Tf has two or more unconnected trees.); o plano não pode ser usado — dirigir com ele seria o defeito de 14-08 de volta
[ros2-13] [ERROR] [1786737611.298734590] [ROSBAG2_TRANSPORT]: Topic '/web_vel' has more than one type associated. Only topics with one type are supported
[ros2-13] [ERROR] [1786737611.401326769] [ROSBAG2_TRANSPORT]: Topic '/web_vel' has more than one type associated. Only topics with one type are supported
[ros2-13] [ERROR] [1786737611.504002102] [ROSBAG2_TRANSPORT]: Topic '/web_vel' has more than one type associated. Only topics with one type are supported
[ros2-13] [ERROR] [1786737611.607063694] [ROSBAG2_TRANSPORT]: Topic '/web_vel' has more than one type associated. Only topics with one type are supported
[ros2-13] [ERROR] [1786737611.709820485] [ROSBAG2_TRANSPORT]: Topic '/web_vel' has more than one type associated. Only topics with one type are supported
[ros2-13] [ERROR] [1786737611.812099584] [ROSBAG2_TRANSPORT]: Topic '/web_vel' has more than one type associated. Only topics with one type are supported
[ros2-13] [ERROR] [1786737611.914163863] [ROSBAG2_TRANSPORT]: Topic '/web_vel' has more than one type associated. Only topics with one type are supported
[smoother_server-3] [INFO] [1786737611.967885123] [smoother_server]: Received a path to smooth.
[ros2-13] [ERROR] [1786737612.016506978] [ROSBAG2_TRANSPORT]: Topic '/web_vel' has more than one type associated. Only topics with one type are supported
[controller_server-4] [INFO] [1786737612.050628146] [controller_server]: Passing new path to controller.
[ros2-13] [ERROR] [1786737612.118848652] [ROSBAG2_TRANSPORT]: Topic '/web_vel' has more than one type associated. Only topics with one type are supported
[ros2-13] [ERROR] [1786737612.222054827] [ROSBAG2_TRANSPORT]: Topic '/web_vel' has more than one type associated. Only topics with one type are supported
[controller_server-4] [INFO] [1786737612.250624705] [controller_server]: Passing new path to controller.
[ros2-13] [ERROR] [1786737612.325417955] [ROSBAG2_TRANSPORT]: Topic '/web_vel' has more than one type associated. Only topics with one type are supported
[ros2-13] [ERROR] [1786737612.428171333] [ROSBAG2_TRANSPORT]: Topic '/web_vel' has more than one type associated. Only topics with one type are supported
[ros2-13] [ERROR] [1786737612.531172971] [ROSBAG2_TRANSPORT]: Topic '/web_vel' has more than one type associated. Only topics with one type are supported
[ros2-13] [ERROR] [1786737612.633572325] [ROSBAG2_TRANSPORT]: Topic '/web_vel' has more than one type associated. Only topics with one type are supported
[ros2-13] [ERROR] [1786737612.736374290] [ROSBAG2_TRANSPORT]: Topic '/web_vel' has more than one type associated. Only topics with one type are supported
[ros2-13] [ERROR] [1786737612.840051928] [ROSBAG2_TRANSPORT]: Topic '/web_vel' has more than one type associated. Only topics with one type are supported
[ros2-13] [ERROR] [1786737612.944107768] [ROSBAG2_TRANSPORT]: Topic '/web_vel' has more than one type associated. Only topics with one type are supported
[ros2-13] [ERROR] [1786737613.047151746] [ROSBAG2_TRANSPORT]: Topic '/web_vel' has more than one type associated. Only topics with one type are supported
[smoother_server-3] [INFO] [1786737613.109503983] [smoother_server]: Received a path to smooth.
[controller_server-4] [WARN] [1786737613.129338784] [controller_server]: [follow_path] [ActionServer] Aborting handle.
[ros2-13] [ERROR] [1786737613.149901512] [ROSBAG2_TRANSPORT]: Topic '/web_vel' has more than one type associated. Only topics with one type are supported
[controller_server-4] [INFO] [1786737613.250623395] [controller_server]: Passing new path to controller.
[ros2-13] [ERROR] [1786737613.252371384] [ROSBAG2_TRANSPORT]: Topic '/web_vel' has more than one type associated. Only topics with one type are supported
[ros2-13] [ERROR] [1786737613.354911941] [ROSBAG2_TRANSPORT]: Topic '/web_vel' has more than one type associated. Only topics with one type are supported
[ros2-13] [ERROR] [1786737613.457131731] [ROSBAG2_TRANSPORT]: Topic '/web_vel' has more than one type associated. Only topics with one type are supported
[ros2-13] [ERROR] [1786737613.559551585] [ROSBAG2_TRANSPORT]: Topic '/web_vel' has more than one type associated. Only topics with one type are supported
[ros2-13] [ERROR] [1786737613.661803406] [ROSBAG2_TRANSPORT]: Topic '/web_vel' has more than one type associated. Only topics with one type are supported
[ros2-13] [ERROR] [1786737613.764371071] [ROSBAG2_TRANSPORT]: Topic '/web_vel' has more than one type associated. Only topics with one type are supported
[ros2-13] [ERROR] [1786737613.866585152] [ROSBAG2_TRANSPORT]: Topic '/web_vel' has more than one type associated. Only topics with one type are supported
[ros2-13] [ERROR] [1786737613.968692794] [ROSBAG2_TRANSPORT]: Topic '/web_vel' has more than one type associated. Only topics with one type are supported
[ros2-13] [ERROR] [1786737614.070950953] [ROSBAG2_TRANSPORT]: Topic '/web_vel' has more than one type associated. Only topics with one type are supported
[smoother_server-3] [INFO] [1786737614.159469024] [smoother_server]: Received a path to smooth.
[ros2-13] [ERROR] [1786737614.174061323] [ROSBAG2_TRANSPORT]: Topic '/web_vel' has more than one type associated. Only topics with one type are supported
[controller_server-4] [WARN] [1786737614.179428466] [controller_server]: [follow_path] [ActionServer] Aborting handle.
[controller_server-4] [INFO] [1786737614.250655231] [controller_server]: Passing new path to controller.
[ros2-13] [ERROR] [1786737614.276924390] [ROSBAG2_TRANSPORT]: Topic '/web_vel' has more than one type associated. Only topics with one type are supported
[ros2-13] [ERROR] [1786737614.379574689] [ROSBAG2_TRANSPORT]: Topic '/web_vel' has more than one type associated. Only topics with one type are supported
[ros2-13] [ERROR] [1786737614.481754424] [ROSBAG2_TRANSPORT]: Topic '/web_vel' has more than one type associated. Only topics with one type are supported
[ros2-13] [ERROR] [1786737614.583941421] [ROSBAG2_TRANSPORT]: Topic '/web_vel' has more than one type associated. Only topics with one type are supported
[ros2-13] [ERROR] [1786737614.687028502] [ROSBAG2_TRANSPORT]: Topic '/web_vel' has more than one type associated. Only topics with one type are supported
[ros2-13] [ERROR] [1786737614.790036955] [ROSBAG2_TRANSPORT]: Topic '/web_vel' has more than one type associated. Only topics with one type are supported
[ros2-13] [ERROR] [1786737614.892226451] [ROSBAG2_TRANSPORT]: Topic '/web_vel' has more than one type associated. Only topics with one type are supported
[ros2-13] [ERROR] [1786737614.995424395] [ROSBAG2_TRANSPORT]: Topic '/web_vel' has more than one type associated. Only topics with one type are supported
[ros2-13] [ERROR] [1786737615.097682044] [ROSBAG2_TRANSPORT]: Topic '/web_vel' has more than one type associated. Only topics with one type are supported
[ros2-13] [ERROR] [1786737615.200167849] [ROSBAG2_TRANSPORT]: Topic '/web_vel' has more than one type associated. Only topics with one type are supported
[smoother_server-3] [INFO] [1786737615.209607434] [smoother_server]: Received a path to smooth.
[controller_server-4] [WARN] [1786737615.229351242] [controller_server]: [follow_path] [ActionServer] Aborting handle.
[controller_server-4] [INFO] [1786737615.250624964] [controller_server]: Passing new path to controller.
[ros2-13] [ERROR] [1786737615.304233202] [ROSBAG2_TRANSPORT]: Topic '/web_vel' has more than one type associated. Only topics with one type are supported
[ros2-13] [ERROR] [1786737615.406723071] [ROSBAG2_TRANSPORT]: Topic '/web_vel' has more than one type associated. Only topics with one type are supported
[ros2-13] [ERROR] [1786737615.508885432] [ROSBAG2_TRANSPORT]: Topic '/web_vel' has more than one type associated. Only topics with one type are supported
[ros2-13] [ERROR] [1786737615.611448804] [ROSBAG2_TRANSPORT]: Topic '/web_vel' has more than one type associated. Only topics with one type are supported
[ros2-13] [ERROR] [1786737615.713830110] [ROSBAG2_TRANSPORT]: Topic '/web_vel' has more than one type associated. Only topics with one type are supported
[ros2-13] [ERROR] [1786737615.816157449] [ROSBAG2_TRANSPORT]: Topic '/web_vel' has more than one type associated. Only topics with one type are supported
[ros2-13] [ERROR] [1786737615.918256856] [ROSBAG2_TRANSPORT]: Topic '/web_vel' has more than one type associated. Only topics with one type are supported
[ros2-13] [ERROR] [1786737616.020599850] [ROSBAG2_TRANSPORT]: Topic '/web_vel' has more than one type associated. Only topics with one type are supported
[ros2-13] [ERROR] [1786737616.123637105] [ROSBAG2_TRANSPORT]: Topic '/web_vel' has more than one type associated. Only topics with one type are supported
[ros2-13] [ERROR] [1786737616.226360268] [ROSBAG2_TRANSPORT]: Topic '/web_vel' has more than one type associated. Only topics with one type are supported
[path_follower-12] [WARN] [1786737616.258141193] [path_follower]: sem TF camera_init<-map (Could not find a connection between 'camera_init' and 'map' because they are not part of the same tree.Tf has two or more unconnected trees.); o plano não pode ser usado — dirigir com ele seria o defeito de 14-08 de volta
[smoother_server-3] [INFO] [1786737616.259363766] [smoother_server]: Received a path to smooth.
[controller_server-4] [WARN] [1786737616.279418228] [controller_server]: [follow_path] [ActionServer] Aborting handle.
[ros2-13] [ERROR] [1786737616.329145017] [ROSBAG2_TRANSPORT]: Topic '/web_vel' has more than one type associated. Only topics with one type are supported
[ros2-13] [ERROR] [1786737616.432040129] [ROSBAG2_TRANSPORT]: Topic '/web_vel' has more than one type associated. Only topics with one type are supported
[controller_server-4] [INFO] [1786737616.450626963] [controller_server]: Passing new path to controller.
[ros2-13] [ERROR] [1786737616.535264763] [ROSBAG2_TRANSPORT]: Topic '/web_vel' has more than one type associated. Only topics with one type are supported
[ros2-13] [ERROR] [1786737616.637764513] [ROSBAG2_TRANSPORT]: Topic '/web_vel' has more than one type associated. Only topics with one type are supported
[ros2-13] [ERROR] [1786737616.740946735] [ROSBAG2_TRANSPORT]: Topic '/web_vel' has more than one type associated. Only topics with one type are supported
[ros2-13] [ERROR] [1786737616.843559805] [ROSBAG2_TRANSPORT]: Topic '/web_vel' has more than one type associated. Only topics with one type are supported
[ros2-13] [ERROR] [1786737616.946003576] [ROSBAG2_TRANSPORT]: Topic '/web_vel' has more than one type associated. Only topics with one type are supported
[ros2-13] [ERROR] [1786737617.048158332] [ROSBAG2_TRANSPORT]: Topic '/web_vel' has more than one type associated. Only topics with one type are supported
[ros2-13] [ERROR] [1786737617.150582994] [ROSBAG2_TRANSPORT]: Topic '/web_vel' has more than one type associated. Only topics with one type are supported
[ros2-13] [ERROR] [1786737617.252907191] [ROSBAG2_TRANSPORT]: Topic '/web_vel' has more than one type associated. Only topics with one type are supported
[smoother_server-3] [INFO] [1786737617.309489728] [smoother_server]: Received a path to smooth.
[controller_server-4] [WARN] [1786737617.329669100] [controller_server]: [follow_path] [ActionServer] Aborting handle.
[ros2-13] [ERROR] [1786737617.355089250] [ROSBAG2_TRANSPORT]: Topic '/web_vel' has more than one type associated. Only topics with one type are supported
[controller_server-4] [INFO] [1786737617.450624983] [controller_server]: Passing new path to controller.
[ros2-13] [ERROR] [1786737617.457208657] [ROSBAG2_TRANSPORT]: Topic '/web_vel' has more than one type associated. Only topics with one type are supported
[ros2-13] [ERROR] [1786737617.559992045] [ROSBAG2_TRANSPORT]: Topic '/web_vel' has more than one type associated. Only topics with one type are supported
[ros2-13] [ERROR] [1786737617.662095208] [ROSBAG2_TRANSPORT]: Topic '/web_vel' has more than one type associated. Only topics with one type are supported
[ros2-13] [ERROR] [1786737617.764188819] [ROSBAG2_TRANSPORT]: Topic '/web_vel' has more than one type associated. Only topics with one type are supported
[ros2-13] [ERROR] [1786737617.866446460] [ROSBAG2_TRANSPORT]: Topic '/web_vel' has more than one type associated. Only topics with one type are supported
[ros2-13] [ERROR] [1786737617.969058037] [ROSBAG2_TRANSPORT]: Topic '/web_vel' has more than one type associated. Only topics with one type are supported
[ros2-13] [ERROR] [1786737618.071204281] [ROSBAG2_TRANSPORT]: Topic '/web_vel' has more than one type associated. Only topics with one type are supported
[ros2-13] [ERROR] [1786737618.173838727] [ROSBAG2_TRANSPORT]: Topic '/web_vel' has more than one type associated. Only topics with one type are supported
[ros2-13] [ERROR] [1786737618.276399595] [ROSBAG2_TRANSPORT]: Topic '/web_vel' has more than one type associated. Only topics with one type are supported
[smoother_server-3] [INFO] [1786737618.359451955] [smoother_server]: Received a path to smooth.
[ros2-13] [ERROR] [1786737618.378599599] [ROSBAG2_TRANSPORT]: Topic '/web_vel' has more than one type associated. Only topics with one type are supported
[controller_server-4] [WARN] [1786737618.379333185] [controller_server]: [follow_path] [ActionServer] Aborting handle.
[controller_server-4] [INFO] [1786737618.450623593] [controller_server]: Passing new path to controller.
[ros2-13] [ERROR] [1786737618.480932324] [ROSBAG2_TRANSPORT]: Topic '/web_vel' has more than one type associated. Only topics with one type are supported
[ros2-13] [ERROR] [1786737618.583094558] [ROSBAG2_TRANSPORT]: Topic '/web_vel' has more than one type associated. Only topics with one type are supported
[ros2-13] [ERROR] [1786737618.685359187] [ROSBAG2_TRANSPORT]: Topic '/web_vel' has more than one type associated. Only topics with one type are supported
[ros2-13] [ERROR] [1786737618.787540326] [ROSBAG2_TRANSPORT]: Topic '/web_vel' has more than one type associated. Only topics with one type are supported
[ros2-13] [ERROR] [1786737618.889944347] [ROSBAG2_TRANSPORT]: Topic '/web_vel' has more than one type associated. Only topics with one type are supported
[ros2-13] [ERROR] [1786737618.992881908] [ROSBAG2_TRANSPORT]: Topic '/web_vel' has more than one type associated. Only topics with one type are supported
[ros2-13] [ERROR] [1786737619.095400883] [ROSBAG2_TRANSPORT]: Topic '/web_vel' has more than one type associated. Only topics with one type are supported
[ros2-13] [ERROR] [1786737619.197666321] [ROSBAG2_TRANSPORT]: Topic '/web_vel' has more than one type associated. Only topics with one type are supported
[ros2-13] [ERROR] [1786737619.301374526] [ROSBAG2_TRANSPORT]: Topic '/web_vel' has more than one type associated. Only topics with one type are supported
[ros2-13] [ERROR] [1786737619.405292761] [ROSBAG2_TRANSPORT]: Topic '/web_vel' has more than one type associated. Only topics with one type are supported
[smoother_server-3] [INFO] [1786737619.409436388] [smoother_server]: Received a path to smooth.
[controller_server-4] [WARN] [1786737619.429534741] [controller_server]: [follow_path] [ActionServer] Aborting handle.
[controller_server-4] [INFO] [1786737619.450624468] [controller_server]: Passing new path to controller.
[ros2-13] [ERROR] [1786737619.508352390] [ROSBAG2_TRANSPORT]: Topic '/web_vel' has more than one type associated. Only topics with one type are supported
[ros2-13] [ERROR] [1786737619.611579291] [ROSBAG2_TRANSPORT]: Topic '/web_vel' has more than one type associated. Only topics with one type are supported
[ros2-13] [ERROR] [1786737619.713946651] [ROSBAG2_TRANSPORT]: Topic '/web_vel' has more than one type associated. Only topics with one type are supported
[ros2-13] [ERROR] [1786737619.816162248] [ROSBAG2_TRANSPORT]: Topic '/web_vel' has more than one type associated. Only topics with one type are supported
[ros2-13] [ERROR] [1786737619.918244468] [ROSBAG2_TRANSPORT]: Topic '/web_vel' has more than one type associated. Only topics with one type are supported
[ros2-13] [ERROR] [1786737620.021078614] [ROSBAG2_TRANSPORT]: Topic '/web_vel' has more than one type associated. Only topics with one type are supported
[ros2-13] [ERROR] [1786737620.124168223] [ROSBAG2_TRANSPORT]: Topic '/web_vel' has more than one type associated. Only topics with one type are supported
[ros2-13] [ERROR] [1786737620.226387753] [ROSBAG2_TRANSPORT]: Topic '/web_vel' has more than one type associated. Only topics with one type are supported
[ros2-13] [ERROR] [1786737620.329558448] [ROSBAG2_TRANSPORT]: Topic '/web_vel' has more than one type associated. Only topics with one type are supported
[ros2-13] [ERROR] [1786737620.432252060] [ROSBAG2_TRANSPORT]: Topic '/web_vel' has more than one type associated. Only topics with one type are supported
[smoother_server-3] [INFO] [1786737620.459530813] [smoother_server]: Received a path to smooth.
[controller_server-4] [WARN] [1786737620.479407811] [controller_server]: [follow_path] [ActionServer] Aborting handle.
[ros2-13] [ERROR] [1786737620.534854812] [ROSBAG2_TRANSPORT]: Topic '/web_vel' has more than one type associated. Only topics with one type are supported
[ros2-13] [ERROR] [1786737620.637638150] [ROSBAG2_TRANSPORT]: Topic '/web_vel' has more than one type associated. Only topics with one type are supported
[controller_server-4] [INFO] [1786737620.650630230] [controller_server]: Passing new path to controller.
[ros2-13] [ERROR] [1786737620.740566147] [ROSBAG2_TRANSPORT]: Topic '/web_vel' has more than one type associated. Only topics with one type are supported
[ros2-13] [ERROR] [1786737620.844073554] [ROSBAG2_TRANSPORT]: Topic '/web_vel' has more than one type associated. Only topics with one type are supported
[ros2-13] [ERROR] [1786737620.946300378] [ROSBAG2_TRANSPORT]: Topic '/web_vel' has more than one type associated. Only topics with one type are supported
[ros2-13] [ERROR] [1786737621.048509601] [ROSBAG2_TRANSPORT]: Topic '/web_vel' has more than one type associated. Only topics with one type are supported
[ros2-13] [ERROR] [1786737621.150774986] [ROSBAG2_TRANSPORT]: Topic '/web_vel' has more than one type associated. Only topics with one type are supported
[ros2-13] [ERROR] [1786737621.252863121] [ROSBAG2_TRANSPORT]: Topic '/web_vel' has more than one type associated. Only topics with one type are supported
[path_follower-12] [WARN] [1786737621.308032603] [path_follower]: sem TF camera_init<-map (Could not find a connection between 'camera_init' and 'map' because they are not part of the same tree.Tf has two or more unconnected trees.); o plano não pode ser usado — dirigir com ele seria o defeito de 14-08 de volta
[ros2-13] [ERROR] [1786737621.355908623] [ROSBAG2_TRANSPORT]: Topic '/web_vel' has more than one type associated. Only topics with one type are supported
[ros2-13] [ERROR] [1786737621.458919873] [ROSBAG2_TRANSPORT]: Topic '/web_vel' has more than one type associated. Only topics with one type are supported
[smoother_server-3] [INFO] [1786737621.509400086] [smoother_server]: Received a path to smooth.
[controller_server-4] [WARN] [1786737621.529374399] [controller_server]: [follow_path] [ActionServer] Aborting handle.
[ros2-13] [ERROR] [1786737621.561147867] [ROSBAG2_TRANSPORT]: Topic '/web_vel' has more than one type associated. Only topics with one type are supported
[controller_server-4] [INFO] [1786737621.650624597] [controller_server]: Passing new path to controller.
[ros2-13] [ERROR] [1786737621.663164136] [ROSBAG2_TRANSPORT]: Topic '/web_vel' has more than one type associated. Only topics with one type are supported
[ros2-13] [ERROR] [1786737621.765294322] [ROSBAG2_TRANSPORT]: Topic '/web_vel' has more than one type associated. Only topics with one type are supported
[ros2-13] [ERROR] [1786737621.867376410] [ROSBAG2_TRANSPORT]: Topic '/web_vel' has more than one type associated. Only topics with one type are supported
[ros2-13] [ERROR] [1786737621.969501814] [ROSBAG2_TRANSPORT]: Topic '/web_vel' has more than one type associated. Only topics with one type are supported
[ros2-13] [ERROR] [1786737622.071606142] [ROSBAG2_TRANSPORT]: Topic '/web_vel' has more than one type associated. Only topics with one type are supported
[ros2-13] [ERROR] [1786737622.174147273] [ROSBAG2_TRANSPORT]: Topic '/web_vel' has more than one type associated. Only topics with one type are supported
[ros2-13] [ERROR] [1786737622.276887076] [ROSBAG2_TRANSPORT]: Topic '/web_vel' has more than one type associated. Only topics with one type are supported
[ros2-13] [ERROR] [1786737622.379777048] [ROSBAG2_TRANSPORT]: Topic '/web_vel' has more than one type associated. Only topics with one type are supported
[ros2-13] [ERROR] [1786737622.481913089] [ROSBAG2_TRANSPORT]: Topic '/web_vel' has more than one type associated. Only topics with one type are supported
[smoother_server-3] [INFO] [1786737622.559506639] [smoother_server]: Received a path to smooth.
[controller_server-4] [WARN] [1786737622.579302588] [controller_server]: [follow_path] [ActionServer] Aborting handle.
[ros2-13] [ERROR] [1786737622.584044926] [ROSBAG2_TRANSPORT]: Topic '/web_vel' has more than one type associated. Only topics with one type are supported
[controller_server-4] [INFO] [1786737622.650623077] [controller_server]: Passing new path to controller.
[ros2-13] [ERROR] [1786737622.686043396] [ROSBAG2_TRANSPORT]: Topic '/web_vel' has more than one type associated. Only topics with one type are supported
[ros2-13] [ERROR] [1786737622.788277880] [ROSBAG2_TRANSPORT]: Topic '/web_vel' has more than one type associated. Only topics with one type are supported
[ros2-13] [ERROR] [1786737622.890686000] [ROSBAG2_TRANSPORT]: Topic '/web_vel' has more than one type associated. Only topics with one type are supported
[ros2-13] [ERROR] [1786737622.993225278] [ROSBAG2_TRANSPORT]: Topic '/web_vel' has more than one type associated. Only topics with one type are supported
[ros2-13] [ERROR] [1786737623.095461431] [ROSBAG2_TRANSPORT]: Topic '/web_vel' has more than one type associated. Only topics with one type are supported
[ros2-13] [ERROR] [1786737623.197888652] [ROSBAG2_TRANSPORT]: Topic '/web_vel' has more than one type associated. Only topics with one type are supported
[ros2-13] [ERROR] [1786737623.302364925] [ROSBAG2_TRANSPORT]: Topic '/web_vel' has more than one type associated. Only topics with one type are supported
[ros2-13] [ERROR] [1786737623.405206077] [ROSBAG2_TRANSPORT]: Topic '/web_vel' has more than one type associated. Only topics with one type are supported
[ros2-13] [ERROR] [1786737623.507469134] [ROSBAG2_TRANSPORT]: Topic '/web_vel' has more than one type associated. Only topics with one type are supported
[smoother_server-3] [INFO] [1786737623.609459093] [smoother_server]: Received a path to smooth.
[ros2-13] [ERROR] [1786737623.610365557] [ROSBAG2_TRANSPORT]: Topic '/web_vel' has more than one type associated. Only topics with one type are supported
[controller_server-4] [WARN] [1786737623.629514519] [controller_server]: [follow_path] [ActionServer] Aborting handle.
[controller_server-4] [INFO] [1786737623.650627489] [controller_server]: Passing new path to controller.
[ros2-13] [ERROR] [1786737623.713503525] [ROSBAG2_TRANSPORT]: Topic '/web_vel' has more than one type associated. Only topics with one type are supported
[ros2-13] [ERROR] [1786737623.817087612] [ROSBAG2_TRANSPORT]: Topic '/web_vel' has more than one type associated. Only topics with one type are supported
[ros2-13] [ERROR] [1786737623.920591704] [ROSBAG2_TRANSPORT]: Topic '/web_vel' has more than one type associated. Only topics with one type are supported
[ros2-13] [ERROR] [1786737624.022824927] [ROSBAG2_TRANSPORT]: Topic '/web_vel' has more than one type associated. Only topics with one type are supported
[ros2-13] [ERROR] [1786737624.125732279] [ROSBAG2_TRANSPORT]: Topic '/web_vel' has more than one type associated. Only topics with one type are supported
[ros2-13] [ERROR] [1786737624.229055116] [ROSBAG2_TRANSPORT]: Topic '/web_vel' has more than one type associated. Only topics with one type are supported
[ros2-13] [ERROR] [1786737624.333426319] [ROSBAG2_TRANSPORT]: Topic '/web_vel' has more than one type associated. Only topics with one type are supported
[ros2-13] [ERROR] [1786737624.437331525] [ROSBAG2_TRANSPORT]: Topic '/web_vel' has more than one type associated. Only topics with one type are supported
[ros2-13] [ERROR] [1786737624.539928497] [ROSBAG2_TRANSPORT]: Topic '/web_vel' has more than one type associated. Only topics with one type are supported
[ros2-13] [ERROR] [1786737624.642726593] [ROSBAG2_TRANSPORT]: Topic '/web_vel' has more than one type associated. Only topics with one type are supported
[smoother_server-3] [INFO] [1786737624.659506952] [smoother_server]: Received a path to smooth.
[controller_server-4] [WARN] [1786737624.679404778] [controller_server]: [follow_path] [ActionServer] Aborting handle.
[ros2-13] [ERROR] [1786737624.746203031] [ROSBAG2_TRANSPORT]: Topic '/web_vel' has more than one type associated. Only topics with one type are supported
[ros2-13] [ERROR] [1786737624.848770259] [ROSBAG2_TRANSPORT]: Topic '/web_vel' has more than one type associated. Only topics with one type are supported
[controller_server-4] [INFO] [1786737624.850638984] [controller_server]: Passing new path to controller.
[ros2-13] [ERROR] [1786737624.952736356] [ROSBAG2_TRANSPORT]: Topic '/web_vel' has more than one type associated. Only topics with one type are supported
[ros2-13] [ERROR] [1786737625.055320233] [ROSBAG2_TRANSPORT]: Topic '/web_vel' has more than one type associated. Only topics with one type are supported
[ros2-13] [ERROR] [1786737625.157591992] [ROSBAG2_TRANSPORT]: Topic '/web_vel' has more than one type associated. Only topics with one type are supported
[ros2-13] [ERROR] [1786737625.260011937] [ROSBAG2_TRANSPORT]: Topic '/web_vel' has more than one type associated. Only topics with one type are supported
[ros2-13] [ERROR] [1786737625.363021853] [ROSBAG2_TRANSPORT]: Topic '/web_vel' has more than one type associated. Only topics with one type are supported
[ros2-13] [ERROR] [1786737625.465302588] [ROSBAG2_TRANSPORT]: Topic '/web_vel' has more than one type associated. Only topics with one type are supported
[ros2-13] [ERROR] [1786737625.568253493] [ROSBAG2_TRANSPORT]: Topic '/web_vel' has more than one type associated. Only topics with one type are supported
[ros2-13] [ERROR] [1786737625.670446833] [ROSBAG2_TRANSPORT]: Topic '/web_vel' has more than one type associated. Only topics with one type are supported
[smoother_server-3] [INFO] [1786737625.709496554] [smoother_server]: Received a path to smooth.
[controller_server-4] [WARN] [1786737625.729470820] [controller_server]: [follow_path] [ActionServer] Aborting handle.
[ros2-13] [ERROR] [1786737625.773059053] [ROSBAG2_TRANSPORT]: Topic '/web_vel' has more than one type associated. Only topics with one type are supported
[controller_server-4] [INFO] [1786737625.850632321] [controller_server]: Passing new path to controller.
[ros2-13] [ERROR] [1786737625.876006697] [ROSBAG2_TRANSPORT]: Topic '/web_vel' has more than one type associated. Only topics with one type are supported
[ros2-13] [ERROR] [1786737625.978375742] [ROSBAG2_TRANSPORT]: Topic '/web_vel' has more than one type associated. Only topics with one type are supported
[ros2-13] [ERROR] [1786737626.081541606] [ROSBAG2_TRANSPORT]: Topic '/web_vel' has more than one type associated. Only topics with one type are supported
[ros2-13] [ERROR] [1786737626.183915793] [ROSBAG2_TRANSPORT]: Topic '/web_vel' has more than one type associated. Only topics with one type are supported
[ros2-13] [ERROR] [1786737626.286010935] [ROSBAG2_TRANSPORT]: Topic '/web_vel' has more than one type associated. Only topics with one type are supported
[path_follower-12] [WARN] [1786737626.308367967] [path_follower]: sem TF camera_init<-map (Could not find a connection between 'camera_init' and 'map' because they are not part of the same tree.Tf has two or more unconnected trees.); o plano não pode ser usado — dirigir com ele seria o defeito de 14-08 de volta
[ros2-13] [ERROR] [1786737626.388088022] [ROSBAG2_TRANSPORT]: Topic '/web_vel' has more than one type associated. Only topics with one type are supported
[ros2-13] [ERROR] [1786737626.490852713] [ROSBAG2_TRANSPORT]: Topic '/web_vel' has more than one type associated. Only topics with one type are supported
[ros2-13] [ERROR] [1786737626.593657301] [ROSBAG2_TRANSPORT]: Topic '/web_vel' has more than one type associated. Only topics with one type are supported
[ros2-13] [ERROR] [1786737626.697951421] [ROSBAG2_TRANSPORT]: Topic '/web_vel' has more than one type associated. Only topics with one type are supported
[ros2-13] [ERROR] [1786737626.800492491] [ROSBAG2_TRANSPORT]: Topic '/web_vel' has more than one type associated. Only topics with one type are supported
[ros2-13] [ERROR] [1786737626.902816080] [ROSBAG2_TRANSPORT]: Topic '/web_vel' has more than one type associated. Only topics with one type are supported
[ros2-13] [ERROR] [1786737627.005180433] [ROSBAG2_TRANSPORT]: Topic '/web_vel' has more than one type associated. Only topics with one type are supported
[controller_server-4] [WARN] [1786737627.007298901] [controller_server]: Control loop missed its desired rate of 5.0000 Hz. Current loop rate is 2.8038 Hz.
[smoother_server-3] [INFO] [1786737627.048036683] [smoother_server]: Received a path to smooth.
[controller_server-4] [INFO] [1786737627.050639197] [controller_server]: Passing new path to controller.
[ros2-13] [ERROR] [1786737627.107765411] [ROSBAG2_TRANSPORT]: Topic '/web_vel' has more than one type associated. Only topics with one type are supported
[ros2-13] [ERROR] [1786737627.210674559] [ROSBAG2_TRANSPORT]: Topic '/web_vel' has more than one type associated. Only topics with one type are supported
[controller_server-4] [INFO] [1786737627.250627818] [controller_server]: Passing new path to controller.
[ros2-13] [ERROR] [1786737627.312955938] [ROSBAG2_TRANSPORT]: Topic '/web_vel' has more than one type associated. Only topics with one type are supported
[ros2-13] [ERROR] [1786737627.415386887] [ROSBAG2_TRANSPORT]: Topic '/web_vel' has more than one type associated. Only topics with one type are supported
[ros2-13] [ERROR] [1786737627.518246934] [ROSBAG2_TRANSPORT]: Topic '/web_vel' has more than one type associated. Only topics with one type are supported
[ros2-13] [ERROR] [1786737627.620495161] [ROSBAG2_TRANSPORT]: Topic '/web_vel' has more than one type associated. Only topics with one type are supported
[ros2-13] [ERROR] [1786737627.723679147] [ROSBAG2_TRANSPORT]: Topic '/web_vel' has more than one type associated. Only topics with one type are supported
[ros2-13] [ERROR] [1786737627.826134768] [ROSBAG2_TRANSPORT]: Topic '/web_vel' has more than one type associated. Only topics with one type are supported
[ros2-13] [ERROR] [1786737627.929075366] [ROSBAG2_TRANSPORT]: Topic '/web_vel' has more than one type associated. Only topics with one type are supported
[ros2-13] [ERROR] [1786737628.031551896] [ROSBAG2_TRANSPORT]: Topic '/web_vel' has more than one type associated. Only topics with one type are supported
[smoother_server-3] [INFO] [1786737628.086598753] [smoother_server]: Received a path to smooth.
[controller_server-4] [WARN] [1786737628.106482007] [controller_server]: [follow_path] [ActionServer] Aborting handle.
[ros2-13] [ERROR] [1786737628.135838024] [ROSBAG2_TRANSPORT]: Topic '/web_vel' has more than one type associated. Only topics with one type are supported
[ros2-13] [ERROR] [1786737628.239062346] [ROSBAG2_TRANSPORT]: Topic '/web_vel' has more than one type associated. Only topics with one type are supported
[controller_server-4] [INFO] [1786737628.250655747] [controller_server]: Passing new path to controller.
[ros2-13] [ERROR] [1786737628.341739592] [ROSBAG2_TRANSPORT]: Topic '/web_vel' has more than one type associated. Only topics with one type are supported
[ros2-13] [ERROR] [1786737628.444290125] [ROSBAG2_TRANSPORT]: Topic '/web_vel' has more than one type associated. Only topics with one type are supported
[ros2-13] [ERROR] [1786737628.546899587] [ROSBAG2_TRANSPORT]: Topic '/web_vel' has more than one type associated. Only topics with one type are supported
[ros2-13] [ERROR] [1786737628.649194465] [ROSBAG2_TRANSPORT]: Topic '/web_vel' has more than one type associated. Only topics with one type are supported
[ros2-13] [ERROR] [1786737628.752241556] [ROSBAG2_TRANSPORT]: Topic '/web_vel' has more than one type associated. Only topics with one type are supported
[ros2-13] [ERROR] [1786737628.854827325] [ROSBAG2_TRANSPORT]: Topic '/web_vel' has more than one type associated. Only topics with one type are supported
[ros2-13] [ERROR] [1786737628.957242168] [ROSBAG2_TRANSPORT]: Topic '/web_vel' has more than one type associated. Only topics with one type are supported
[ros2-13] [ERROR] [1786737629.059717452] [ROSBAG2_TRANSPORT]: Topic '/web_vel' has more than one type associated. Only topics with one type are supported
[smoother_server-3] [INFO] [1786737629.136652128] [smoother_server]: Received a path to smooth.
[controller_server-4] [WARN] [1786737629.156764950] [controller_server]: [follow_path] [ActionServer] Aborting handle.
[ros2-13] [ERROR] [1786737629.162697083] [ROSBAG2_TRANSPORT]: Topic '/web_vel' has more than one type associated. Only topics with one type are supported
[controller_server-4] [INFO] [1786737629.250628086] [controller_server]: Passing new path to controller.
[ros2-13] [ERROR] [1786737629.265886183] [ROSBAG2_TRANSPORT]: Topic '/web_vel' has more than one type associated. Only topics with one type are supported
[ros2-13] [ERROR] [1786737629.368289197] [ROSBAG2_TRANSPORT]: Topic '/web_vel' has more than one type associated. Only topics with one type are supported
[ros2-13] [ERROR] [1786737629.470478337] [ROSBAG2_TRANSPORT]: Topic '/web_vel' has more than one type associated. Only topics with one type are supported
[ros2-13] [ERROR] [1786737629.572574402] [ROSBAG2_TRANSPORT]: Topic '/web_vel' has more than one type associated. Only topics with one type are supported
[ros2-13] [ERROR] [1786737629.674732960] [ROSBAG2_TRANSPORT]: Topic '/web_vel' has more than one type associated. Only topics with one type are supported
[ros2-13] [ERROR] [1786737629.776891467] [ROSBAG2_TRANSPORT]: Topic '/web_vel' has more than one type associated. Only topics with one type are supported
[ros2-13] [ERROR] [1786737629.879078984] [ROSBAG2_TRANSPORT]: Topic '/web_vel' has more than one type associated. Only topics with one type are supported
[ros2-13] [ERROR] [1786737629.981182007] [ROSBAG2_TRANSPORT]: Topic '/web_vel' has more than one type associated. Only topics with one type are supported
[ros2-13] [ERROR] [1786737630.084140002] [ROSBAG2_TRANSPORT]: Topic '/web_vel' has more than one type associated. Only topics with one type are supported
[smoother_server-3] [INFO] [1786737630.186646670] [smoother_server]: Received a path to smooth.
[ros2-13] [ERROR] [1786737630.187325670] [ROSBAG2_TRANSPORT]: Topic '/web_vel' has more than one type associated. Only topics with one type are supported
[controller_server-4] [WARN] [1786737630.206554688] [controller_server]: [follow_path] [ActionServer] Aborting handle.
[controller_server-4] [INFO] [1786737630.250622008] [controller_server]: Passing new path to controller.
[ros2-13] [ERROR] [1786737630.289901847] [ROSBAG2_TRANSPORT]: Topic '/web_vel' has more than one type associated. Only topics with one type are supported
[ros2-13] [ERROR] [1786737630.393020879] [ROSBAG2_TRANSPORT]: Topic '/web_vel' has more than one type associated. Only topics with one type are supported
[ros2-13] [ERROR] [1786737630.495342088] [ROSBAG2_TRANSPORT]: Topic '/web_vel' has more than one type associated. Only topics with one type are supported
[ros2-13] [ERROR] [1786737630.597597142] [ROSBAG2_TRANSPORT]: Topic '/web_vel' has more than one type associated. Only topics with one type are supported
[ros2-13] [ERROR] [1786737630.699989308] [ROSBAG2_TRANSPORT]: Topic '/web_vel' has more than one type associated. Only topics with one type are supported
[ros2-13] [ERROR] [1786737630.802277580] [ROSBAG2_TRANSPORT]: Topic '/web_vel' has more than one type associated. Only topics with one type are supported
[ros2-13] [ERROR] [1786737630.905012541] [ROSBAG2_TRANSPORT]: Topic '/web_vel' has more than one type associated. Only topics with one type are supported
[ros2-13] [ERROR] [1786737631.007951758] [ROSBAG2_TRANSPORT]: Topic '/web_vel' has more than one type associated. Only topics with one type are supported
[ros2-13] [ERROR] [1786737631.110419016] [ROSBAG2_TRANSPORT]: Topic '/web_vel' has more than one type associated. Only topics with one type are supported
[ros2-13] [ERROR] [1786737631.213350265] [ROSBAG2_TRANSPORT]: Topic '/web_vel' has more than one type associated. Only topics with one type are supported
[smoother_server-3] [INFO] [1786737631.236605551] [smoother_server]: Received a path to smooth.
[controller_server-4] [INFO] [1786737631.250627251] [controller_server]: Passing new path to controller.
[path_follower-12] [WARN] [1786737631.308560409] [path_follower]: sem TF camera_init<-map (Could not find a connection between 'camera_init' and 'map' because they are not part of the same tree.Tf has two or more unconnected trees.); o plano não pode ser usado — dirigir com ele seria o defeito de 14-08 de volta
[ros2-13] [ERROR] [1786737631.316497065] [ROSBAG2_TRANSPORT]: Topic '/web_vel' has more than one type associated. Only topics with one type are supported
[ros2-13] [ERROR] [1786737631.419615710] [ROSBAG2_TRANSPORT]: Topic '/web_vel' has more than one type associated. Only topics with one type are supported
[controller_server-4] [INFO] [1786737631.450628046] [controller_server]: Passing new path to controller.
[ros2-13] [ERROR] [1786737631.522513096] [ROSBAG2_TRANSPORT]: Topic '/web_vel' has more than one type associated. Only topics with one type are supported
[ros2-13] [ERROR] [1786737631.624959296] [ROSBAG2_TRANSPORT]: Topic '/web_vel' has more than one type associated. Only topics with one type are supported
[ros2-13] [ERROR] [1786737631.727272004] [ROSBAG2_TRANSPORT]: Topic '/web_vel' has more than one type associated. Only topics with one type are supported
[ros2-13] [ERROR] [1786737631.830068982] [ROSBAG2_TRANSPORT]: Topic '/web_vel' has more than one type associated. Only topics with one type are supported
[ros2-13] [ERROR] [1786737631.932853124] [ROSBAG2_TRANSPORT]: Topic '/web_vel' has more than one type associated. Only topics with one type are supported
[ros2-13] [ERROR] [1786737632.035148005] [ROSBAG2_TRANSPORT]: Topic '/web_vel' has more than one type associated. Only topics with one type are supported
[ros2-13] [ERROR] [1786737632.138570589] [ROSBAG2_TRANSPORT]: Topic '/web_vel' has more than one type associated. Only topics with one type are supported
[ros2-13] [ERROR] [1786737632.242060986] [ROSBAG2_TRANSPORT]: Topic '/web_vel' has more than one type associated. Only topics with one type are supported
[smoother_server-3] [INFO] [1786737632.276596511] [smoother_server]: Received a path to smooth.
[controller_server-4] [WARN] [1786737632.296600149] [controller_server]: [follow_path] [ActionServer] Aborting handle.
[ros2-13] [ERROR] [1786737632.345105837] [ROSBAG2_TRANSPORT]: Topic '/web_vel' has more than one type associated. Only topics with one type are supported
[ros2-13] [ERROR] [1786737632.448222956] [ROSBAG2_TRANSPORT]: Topic '/web_vel' has more than one type associated. Only topics with one type are supported
[controller_server-4] [INFO] [1786737632.450625807] [controller_server]: Passing new path to controller.
[ros2-13] [ERROR] [1786737632.550649985] [ROSBAG2_TRANSPORT]: Topic '/web_vel' has more than one type associated. Only topics with one type are supported
[ros2-13] [ERROR] [1786737632.652978277] [ROSBAG2_TRANSPORT]: Topic '/web_vel' has more than one type associated. Only topics with one type are supported
[ros2-13] [ERROR] [1786737632.756042786] [ROSBAG2_TRANSPORT]: Topic '/web_vel' has more than one type associated. Only topics with one type are supported
[ros2-13] [ERROR] [1786737632.858612302] [ROSBAG2_TRANSPORT]: Topic '/web_vel' has more than one type associated. Only topics with one type are supported
[ros2-13] [ERROR] [1786737632.961074833] [ROSBAG2_TRANSPORT]: Topic '/web_vel' has more than one type associated. Only topics with one type are supported
[ros2-13] [ERROR] [1786737633.063729757] [ROSBAG2_TRANSPORT]: Topic '/web_vel' has more than one type associated. Only topics with one type are supported
[ros2-13] [ERROR] [1786737633.166845900] [ROSBAG2_TRANSPORT]: Topic '/web_vel' has more than one type associated. Only topics with one type are supported
[ros2-13] [ERROR] [1786737633.270171289] [ROSBAG2_TRANSPORT]: Topic '/web_vel' has more than one type associated. Only topics with one type are supported
[smoother_server-3] [INFO] [1786737633.326583746] [smoother_server]: Received a path to smooth.
[controller_server-4] [WARN] [1786737633.346491841] [controller_server]: [follow_path] [ActionServer] Aborting handle.
[ros2-13] [ERROR] [1786737633.372699478] [ROSBAG2_TRANSPORT]: Topic '/web_vel' has more than one type associated. Only topics with one type are supported
[controller_server-4] [INFO] [1786737633.450623358] [controller_server]: Passing new path to controller.
[ros2-13] [ERROR] [1786737633.475236815] [ROSBAG2_TRANSPORT]: Topic '/web_vel' has more than one type associated. Only topics with one type are supported
[ros2-13] [ERROR] [1786737633.578123434] [ROSBAG2_TRANSPORT]: Topic '/web_vel' has more than one type associated. Only topics with one type are supported
[ros2-13] [ERROR] [1786737633.680469069] [ROSBAG2_TRANSPORT]: Topic '/web_vel' has more than one type associated. Only topics with one type are supported
[ros2-13] [ERROR] [1786737633.782983140] [ROSBAG2_TRANSPORT]: Topic '/web_vel' has more than one type associated. Only topics with one type are supported
[ros2-13] [ERROR] [1786737633.885056151] [ROSBAG2_TRANSPORT]: Topic '/web_vel' has more than one type associated. Only topics with one type are supported
[ros2-13] [ERROR] [1786737633.987890343] [ROSBAG2_TRANSPORT]: Topic '/web_vel' has more than one type associated. Only topics with one type are supported
[ros2-13] [ERROR] [1786737634.090381439] [ROSBAG2_TRANSPORT]: Topic '/web_vel' has more than one type associated. Only topics with one type are supported
[ros2-13] [ERROR] [1786737634.193664005] [ROSBAG2_TRANSPORT]: Topic '/web_vel' has more than one type associated. Only topics with one type are supported
[ros2-13] [ERROR] [1786737634.297142315] [ROSBAG2_TRANSPORT]: Topic '/web_vel' has more than one type associated. Only topics with one type are supported
[smoother_server-3] [INFO] [1786737634.376709164] [smoother_server]: Received a path to smooth.
[controller_server-4] [WARN] [1786737634.396797697] [controller_server]: [follow_path] [ActionServer] Aborting handle.
[ros2-13] [ERROR] [1786737634.400525919] [ROSBAG2_TRANSPORT]: Topic '/web_vel' has more than one type associated. Only topics with one type are supported
[controller_server-4] [INFO] [1786737634.450625453] [controller_server]: Passing new path to controller.
[ros2-13] [ERROR] [1786737634.503526549] [ROSBAG2_TRANSPORT]: Topic '/web_vel' has more than one type associated. Only topics with one type are supported
[ros2-13] [ERROR] [1786737634.606516885] [ROSBAG2_TRANSPORT]: Topic '/web_vel' has more than one type associated. Only topics with one type are supported
[ros2-13] [ERROR] [1786737634.710105193] [ROSBAG2_TRANSPORT]: Topic '/web_vel' has more than one type associated. Only topics with one type are supported
[ros2-13] [ERROR] [1786737634.812899454] [ROSBAG2_TRANSPORT]: Topic '/web_vel' has more than one type associated. Only topics with one type are supported
[ros2-13] [ERROR] [1786737634.915626854] [ROSBAG2_TRANSPORT]: Topic '/web_vel' has more than one type associated. Only topics with one type are supported
[ros2-13] [ERROR] [1786737635.019648679] [ROSBAG2_TRANSPORT]: Topic '/web_vel' has more than one type associated. Only topics with one type are supported
[ros2-13] [ERROR] [1786737635.123406920] [ROSBAG2_TRANSPORT]: Topic '/web_vel' has more than one type associated. Only topics with one type are supported
[ros2-13] [ERROR] [1786737635.226715089] [ROSBAG2_TRANSPORT]: Topic '/web_vel' has more than one type associated. Only topics with one type are supported
[ros2-13] [ERROR] [1786737635.329855815] [ROSBAG2_TRANSPORT]: Topic '/web_vel' has more than one type associated. Only topics with one type are supported
[smoother_server-3] [INFO] [1786737635.426548499] [smoother_server]: Received a path to smooth.
[ros2-13] [ERROR] [1786737635.432297513] [ROSBAG2_TRANSPORT]: Topic '/web_vel' has more than one type associated. Only topics with one type are supported
[controller_server-4] [WARN] [1786737635.446515475] [controller_server]: [follow_path] [ActionServer] Aborting handle.
[controller_server-4] [INFO] [1786737635.450624144] [controller_server]: Passing new path to controller.
[ros2-13] [ERROR] [1786737635.534463009] [ROSBAG2_TRANSPORT]: Topic '/web_vel' has more than one type associated. Only topics with one type are supported
[ros2-13] [ERROR] [1786737635.636698967] [ROSBAG2_TRANSPORT]: Topic '/web_vel' has more than one type associated. Only topics with one type are supported
[ros2-13] [ERROR] [1786737635.740239797] [ROSBAG2_TRANSPORT]: Topic '/web_vel' has more than one type associated. Only topics with one type are supported
[ros2-13] [ERROR] [1786737635.843371824] [ROSBAG2_TRANSPORT]: Topic '/web_vel' has more than one type associated. Only topics with one type are supported
[ros2-13] [ERROR] [1786737635.946729650] [ROSBAG2_TRANSPORT]: Topic '/web_vel' has more than one type associated. Only topics with one type are supported
[ros2-13] [ERROR] [1786737636.050207334] [ROSBAG2_TRANSPORT]: Topic '/web_vel' has more than one type associated. Only topics with one type are supported
[ros2-13] [ERROR] [1786737636.153047130] [ROSBAG2_TRANSPORT]: Topic '/web_vel' has more than one type associated. Only topics with one type are supported
[ros2-13] [ERROR] [1786737636.256417442] [ROSBAG2_TRANSPORT]: Topic '/web_vel' has more than one type associated. Only topics with one type are supported
[path_follower-12] [WARN] [1786737636.358185177] [path_follower]: sem TF camera_init<-map (Could not find a connection between 'camera_init' and 'map' because they are not part of the same tree.Tf has two or more unconnected trees.); o plano não pode ser usado — dirigir com ele seria o defeito de 14-08 de volta
[ros2-13] [ERROR] [1786737636.358973742] [ROSBAG2_TRANSPORT]: Topic '/web_vel' has more than one type associated. Only topics with one type are supported
[ros2-13] [ERROR] [1786737636.461305060] [ROSBAG2_TRANSPORT]: Topic '/web_vel' has more than one type associated. Only topics with one type are supported
[smoother_server-3] [INFO] [1786737636.476610599] [smoother_server]: Received a path to smooth.
[controller_server-4] [WARN] [1786737636.496713192] [controller_server]: [follow_path] [ActionServer] Aborting handle.
[ros2-13] [ERROR] [1786737636.563853836] [ROSBAG2_TRANSPORT]: Topic '/web_vel' has more than one type associated. Only topics with one type are supported
[controller_server-4] [INFO] [1786737636.650622366] [controller_server]: Passing new path to controller.
[ros2-13] [ERROR] [1786737636.666006803] [ROSBAG2_TRANSPORT]: Topic '/web_vel' has more than one type associated. Only topics with one type are supported
[ros2-13] [ERROR] [1786737636.768628957] [ROSBAG2_TRANSPORT]: Topic '/web_vel' has more than one type associated. Only topics with one type are supported
[ros2-13] [ERROR] [1786737636.871355969] [ROSBAG2_TRANSPORT]: Topic '/web_vel' has more than one type associated. Only topics with one type are supported
[ros2-13] [ERROR] [1786737636.973676067] [ROSBAG2_TRANSPORT]: Topic '/web_vel' has more than one type associated. Only topics with one type are supported
[ros2-13] [ERROR] [1786737637.076529293] [ROSBAG2_TRANSPORT]: Topic '/web_vel' has more than one type associated. Only topics with one type are supported
[ros2-13] [ERROR] [1786737637.178659864] [ROSBAG2_TRANSPORT]: Topic '/web_vel' has more than one type associated. Only topics with one type are supported
[ros2-13] [ERROR] [1786737637.281582685] [ROSBAG2_TRANSPORT]: Topic '/web_vel' has more than one type associated. Only topics with one type are supported
[ros2-13] [ERROR] [1786737637.383970954] [ROSBAG2_TRANSPORT]: Topic '/web_vel' has more than one type associated. Only topics with one type are supported
[ros2-13] [ERROR] [1786737637.486152893] [ROSBAG2_TRANSPORT]: Topic '/web_vel' has more than one type associated. Only topics with one type are supported
[smoother_server-3] [INFO] [1786737637.526566256] [smoother_server]: Received a path to smooth.
[controller_server-4] [WARN] [1786737637.546536828] [controller_server]: [follow_path] [ActionServer] Aborting handle.
[ros2-13] [ERROR] [1786737637.588340089] [ROSBAG2_TRANSPORT]: Topic '/web_vel' has more than one type associated. Only topics with one type are supported
[controller_server-4] [INFO] [1786737637.650623199] [controller_server]: Passing new path to controller.
[ros2-13] [ERROR] [1786737637.690633699] [ROSBAG2_TRANSPORT]: Topic '/web_vel' has more than one type associated. Only topics with one type are supported
[ros2-13] [ERROR] [1786737637.793388742] [ROSBAG2_TRANSPORT]: Topic '/web_vel' has more than one type associated. Only topics with one type are supported
[ros2-13] [ERROR] [1786737637.895873900] [ROSBAG2_TRANSPORT]: Topic '/web_vel' has more than one type associated. Only topics with one type are supported
[ros2-13] [ERROR] [1786737637.998149318] [ROSBAG2_TRANSPORT]: Topic '/web_vel' has more than one type associated. Only topics with one type are supported
[ros2-13] [ERROR] [1786737638.100621369] [ROSBAG2_TRANSPORT]: Topic '/web_vel' has more than one type associated. Only topics with one type are supported
[ros2-13] [ERROR] [1786737638.203533393] [ROSBAG2_TRANSPORT]: Topic '/web_vel' has more than one type associated. Only topics with one type are supported
[ros2-13] [ERROR] [1786737638.305841061] [ROSBAG2_TRANSPORT]: Topic '/web_vel' has more than one type associated. Only topics with one type are supported
[ros2-13] [ERROR] [1786737638.408175190] [ROSBAG2_TRANSPORT]: Topic '/web_vel' has more than one type associated. Only topics with one type are supported
[ros2-13] [ERROR] [1786737638.510572010] [ROSBAG2_TRANSPORT]: Topic '/web_vel' has more than one type associated. Only topics with one type are supported
[smoother_server-3] [INFO] [1786737638.576637313] [smoother_server]: Received a path to smooth.
[controller_server-4] [WARN] [1786737638.596429147] [controller_server]: [follow_path] [ActionServer] Aborting handle.
[ros2-13] [ERROR] [1786737638.612827010] [ROSBAG2_TRANSPORT]: Topic '/web_vel' has more than one type associated. Only topics with one type are supported
[controller_server-4] [INFO] [1786737638.650650644] [controller_server]: Passing new path to controller.
[ros2-13] [ERROR] [1786737638.715087271] [ROSBAG2_TRANSPORT]: Topic '/web_vel' has more than one type associated. Only topics with one type are supported
[ros2-13] [ERROR] [1786737638.817172394] [ROSBAG2_TRANSPORT]: Topic '/web_vel' has more than one type associated. Only topics with one type are supported
[ros2-13] [ERROR] [1786737638.919468832] [ROSBAG2_TRANSPORT]: Topic '/web_vel' has more than one type associated. Only topics with one type are supported
[ros2-13] [ERROR] [1786737639.022023670] [ROSBAG2_TRANSPORT]: Topic '/web_vel' has more than one type associated. Only topics with one type are supported
[ros2-13] [ERROR] [1786737639.125241142] [ROSBAG2_TRANSPORT]: Topic '/web_vel' has more than one type associated. Only topics with one type are supported
[ros2-13] [ERROR] [1786737639.228509325] [ROSBAG2_TRANSPORT]: Topic '/web_vel' has more than one type associated. Only topics with one type are supported
[ros2-13] [ERROR] [1786737639.331533593] [ROSBAG2_TRANSPORT]: Topic '/web_vel' has more than one type associated. Only topics with one type are supported
[ros2-13] [ERROR] [1786737639.434760647] [ROSBAG2_TRANSPORT]: Topic '/web_vel' has more than one type associated. Only topics with one type are supported
[ros2-13] [ERROR] [1786737639.538254532] [ROSBAG2_TRANSPORT]: Topic '/web_vel' has more than one type associated. Only topics with one type are supported
[smoother_server-3] [INFO] [1786737639.626649093] [smoother_server]: Received a path to smooth.
[ros2-13] [ERROR] [1786737639.640818317] [ROSBAG2_TRANSPORT]: Topic '/web_vel' has more than one type associated. Only topics with one type are supported
[controller_server-4] [WARN] [1786737639.646422620] [controller_server]: [follow_path] [ActionServer] Aborting handle.
[controller_server-4] [INFO] [1786737639.650624568] [controller_server]: Passing new path to controller.
[ros2-13] [ERROR] [1786737639.743507694] [ROSBAG2_TRANSPORT]: Topic '/web_vel' has more than one type associated. Only topics with one type are supported
[ros2-13] [ERROR] [1786737639.846713682] [ROSBAG2_TRANSPORT]: Topic '/web_vel' has more than one type associated. Only topics with one type are supported
[ros2-13] [ERROR] [1786737639.949026279] [ROSBAG2_TRANSPORT]: Topic '/web_vel' has more than one type associated. Only topics with one type are supported
[ros2-13] [ERROR] [1786737640.051341730] [ROSBAG2_TRANSPORT]: Topic '/web_vel' has more than one type associated. Only topics with one type are supported
[ros2-13] [ERROR] [1786737640.153582632] [ROSBAG2_TRANSPORT]: Topic '/web_vel' has more than one type associated. Only topics with one type are supported
[ros2-13] [ERROR] [1786737640.255869205] [ROSBAG2_TRANSPORT]: Topic '/web_vel' has more than one type associated. Only topics with one type are supported
[ros2-13] [ERROR] [1786737640.358171336] [ROSBAG2_TRANSPORT]: Topic '/web_vel' has more than one type associated. Only topics with one type are supported
[ros2-13] [ERROR] [1786737640.460458772] [ROSBAG2_TRANSPORT]: Topic '/web_vel' has more than one type associated. Only topics with one type are supported
[ros2-13] [ERROR] [1786737640.562887687] [ROSBAG2_TRANSPORT]: Topic '/web_vel' has more than one type associated. Only topics with one type are supported
[ros2-13] [ERROR] [1786737640.665286588] [ROSBAG2_TRANSPORT]: Topic '/web_vel' has more than one type associated. Only topics with one type are supported
[smoother_server-3] [INFO] [1786737640.676654318] [smoother_server]: Received a path to smooth.
[controller_server-4] [WARN] [1786737640.696508263] [controller_server]: [follow_path] [ActionServer] Aborting handle.
[ros2-13] [ERROR] [1786737640.768062868] [ROSBAG2_TRANSPORT]: Topic '/web_vel' has more than one type associated. Only topics with one type are supported
[controller_server-4] [INFO] [1786737640.850625109] [controller_server]: Passing new path to controller.
[ros2-13] [ERROR] [1786737640.870523089] [ROSBAG2_TRANSPORT]: Topic '/web_vel' has more than one type associated. Only topics with one type are supported
[ros2-13] [ERROR] [1786737640.973630366] [ROSBAG2_TRANSPORT]: Topic '/web_vel' has more than one type associated. Only topics with one type are supported
[ros2-13] [ERROR] [1786737641.075792772] [ROSBAG2_TRANSPORT]: Topic '/web_vel' has more than one type associated. Only topics with one type are supported
[ros2-13] [ERROR] [1786737641.178648520] [ROSBAG2_TRANSPORT]: Topic '/web_vel' has more than one type associated. Only topics with one type are supported
[ros2-13] [ERROR] [1786737641.281404610] [ROSBAG2_TRANSPORT]: Topic '/web_vel' has more than one type associated. Only topics with one type are supported
[ros2-13] [ERROR] [1786737641.384676380] [ROSBAG2_TRANSPORT]: Topic '/web_vel' has more than one type associated. Only topics with one type are supported
[path_follower-12] [WARN] [1786737641.408401131] [path_follower]: sem TF camera_init<-map (Could not find a connection between 'camera_init' and 'map' because they are not part of the same tree.Tf has two or more unconnected trees.); o plano não pode ser usado — dirigir com ele seria o defeito de 14-08 de volta
[ros2-13] [ERROR] [1786737641.488023371] [ROSBAG2_TRANSPORT]: Topic '/web_vel' has more than one type associated. Only topics with one type are supported
[ros2-13] [ERROR] [1786737641.590589512] [ROSBAG2_TRANSPORT]: Topic '/web_vel' has more than one type associated. Only topics with one type are supported
[ros2-13] [ERROR] [1786737641.693018658] [ROSBAG2_TRANSPORT]: Topic '/web_vel' has more than one type associated. Only topics with one type are supported
[smoother_server-3] [INFO] [1786737641.726592301] [smoother_server]: Received a path to smooth.
[controller_server-4] [WARN] [1786737641.746533690] [controller_server]: [follow_path] [ActionServer] Aborting handle.
[ros2-13] [ERROR] [1786737641.795573140] [ROSBAG2_TRANSPORT]: Topic '/web_vel' has more than one type associated. Only topics with one type are supported
[controller_server-4] [INFO] [1786737641.850621277] [controller_server]: Passing new path to controller.
[ros2-13] [ERROR] [1786737641.897861599] [ROSBAG2_TRANSPORT]: Topic '/web_vel' has more than one type associated. Only topics with one type are supported
[ros2-13] [ERROR] [1786737642.000556376] [ROSBAG2_TRANSPORT]: Topic '/web_vel' has more than one type associated. Only topics with one type are supported
[ros2-13] [ERROR] [1786737642.103377215] [ROSBAG2_TRANSPORT]: Topic '/web_vel' has more than one type associated. Only topics with one type are supported
[ros2-13] [ERROR] [1786737642.205756161] [ROSBAG2_TRANSPORT]: Topic '/web_vel' has more than one type associated. Only topics with one type are supported
[ros2-13] [ERROR] [1786737642.308924587] [ROSBAG2_TRANSPORT]: Topic '/web_vel' has more than one type associated. Only topics with one type are supported
[ros2-13] [ERROR] [1786737642.411176422] [ROSBAG2_TRANSPORT]: Topic '/web_vel' has more than one type associated. Only topics with one type are supported
[ros2-13] [ERROR] [1786737642.513645516] [ROSBAG2_TRANSPORT]: Topic '/web_vel' has more than one type associated. Only topics with one type are supported
[ros2-13] [ERROR] [1786737642.616114359] [ROSBAG2_TRANSPORT]: Topic '/web_vel' has more than one type associated. Only topics with one type are supported
[ros2-13] [ERROR] [1786737642.719197782] [ROSBAG2_TRANSPORT]: Topic '/web_vel' has more than one type associated. Only topics with one type are supported
[smoother_server-3] [INFO] [1786737642.776601251] [smoother_server]: Received a path to smooth.
[controller_server-4] [WARN] [1786737642.796452710] [controller_server]: [follow_path] [ActionServer] Aborting handle.
[ros2-13] [ERROR] [1786737642.822116844] [ROSBAG2_TRANSPORT]: Topic '/web_vel' has more than one type associated. Only topics with one type are supported
[controller_server-4] [INFO] [1786737642.850623570] [controller_server]: Passing new path to controller.
[ros2-13] [ERROR] [1786737642.925376406] [ROSBAG2_TRANSPORT]: Topic '/web_vel' has more than one type associated. Only topics with one type are supported
[ros2-13] [ERROR] [1786737643.027888709] [ROSBAG2_TRANSPORT]: Topic '/web_vel' has more than one type associated. Only topics with one type are supported
[ros2-13] [ERROR] [1786737643.130005677] [ROSBAG2_TRANSPORT]: Topic '/web_vel' has more than one type associated. Only topics with one type are supported
[ros2-13] [ERROR] [1786737643.232357426] [ROSBAG2_TRANSPORT]: Topic '/web_vel' has more than one type associated. Only topics with one type are supported
[ros2-13] [ERROR] [1786737643.334733161] [ROSBAG2_TRANSPORT]: Topic '/web_vel' has more than one type associated. Only topics with one type are supported
[ros2-13] [ERROR] [1786737643.437270594] [ROSBAG2_TRANSPORT]: Topic '/web_vel' has more than one type associated. Only topics with one type are supported
[ros2-13] [ERROR] [1786737643.540261589] [ROSBAG2_TRANSPORT]: Topic '/web_vel' has more than one type associated. Only topics with one type are supported
[ros2-13] [ERROR] [1786737643.642775647] [ROSBAG2_TRANSPORT]: Topic '/web_vel' has more than one type associated. Only topics with one type are supported
[ros2-13] [ERROR] [1786737643.745386593] [ROSBAG2_TRANSPORT]: Topic '/web_vel' has more than one type associated. Only topics with one type are supported
[smoother_server-3] [INFO] [1786737643.826794976] [smoother_server]: Received a path to smooth.
[controller_server-4] [WARN] [1786737643.846408397] [controller_server]: [follow_path] [ActionServer] Aborting handle.
[ros2-13] [ERROR] [1786737643.848662902] [ROSBAG2_TRANSPORT]: Topic '/web_vel' has more than one type associated. Only topics with one type are supported
[controller_server-4] [INFO] [1786737643.850623014] [controller_server]: Passing new path to controller.
[ros2-13] [ERROR] [1786737643.950968788] [ROSBAG2_TRANSPORT]: Topic '/web_vel' has more than one type associated. Only topics with one type are supported
[ros2-13] [ERROR] [1786737644.053152148] [ROSBAG2_TRANSPORT]: Topic '/web_vel' has more than one type associated. Only topics with one type are supported
[ros2-13] [ERROR] [1786737644.155815691] [ROSBAG2_TRANSPORT]: Topic '/web_vel' has more than one type associated. Only topics with one type are supported
[ros2-13] [ERROR] [1786737644.258550692] [ROSBAG2_TRANSPORT]: Topic '/web_vel' has more than one type associated. Only topics with one type are supported
[ros2-13] [ERROR] [1786737644.361695783] [ROSBAG2_TRANSPORT]: Topic '/web_vel' has more than one type associated. Only topics with one type are supported
[ros2-13] [ERROR] [1786737644.464424197] [ROSBAG2_TRANSPORT]: Topic '/web_vel' has more than one type associated. Only topics with one type are supported
[ros2-13] [ERROR] [1786737644.566616549] [ROSBAG2_TRANSPORT]: Topic '/web_vel' has more than one type associated. Only topics with one type are supported
[ros2-13] [ERROR] [1786737644.668867725] [ROSBAG2_TRANSPORT]: Topic '/web_vel' has more than one type associated. Only topics with one type are supported
[ros2-13] [ERROR] [1786737644.771689684] [ROSBAG2_TRANSPORT]: Topic '/web_vel' has more than one type associated. Only topics with one type are supported
[ros2-13] [ERROR] [1786737644.874189233] [ROSBAG2_TRANSPORT]: Topic '/web_vel' has more than one type associated. Only topics with one type are supported
[smoother_server-3] [INFO] [1786737644.876617158] [smoother_server]: Received a path to smooth.
[controller_server-4] [WARN] [1786737644.896491259] [controller_server]: [follow_path] [ActionServer] Aborting handle.
[ros2-13] [ERROR] [1786737644.976868553] [ROSBAG2_TRANSPORT]: Topic '/web_vel' has more than one type associated. Only topics with one type are supported
[controller_server-4] [INFO] [1786737645.050625404] [controller_server]: Passing new path to controller.
[ros2-13] [ERROR] [1786737645.078963571] [ROSBAG2_TRANSPORT]: Topic '/web_vel' has more than one type associated. Only topics with one type are supported
[ros2-13] [ERROR] [1786737645.181948603] [ROSBAG2_TRANSPORT]: Topic '/web_vel' has more than one type associated. Only topics with one type are supported
[ros2-13] [ERROR] [1786737645.284676527] [ROSBAG2_TRANSPORT]: Topic '/web_vel' has more than one type associated. Only topics with one type are supported
[ros2-13] [ERROR] [1786737645.387704763] [ROSBAG2_TRANSPORT]: Topic '/web_vel' has more than one type associated. Only topics with one type are supported
[ros2-13] [ERROR] [1786737645.490333381] [ROSBAG2_TRANSPORT]: Topic '/web_vel' has more than one type associated. Only topics with one type are supported
[ros2-13] [ERROR] [1786737645.593130373] [ROSBAG2_TRANSPORT]: Topic '/web_vel' has more than one type associated. Only topics with one type are supported
[ros2-13] [ERROR] [1786737645.695289348] [ROSBAG2_TRANSPORT]: Topic '/web_vel' has more than one type associated. Only topics with one type are supported
[ros2-13] [ERROR] [1786737645.797464836] [ROSBAG2_TRANSPORT]: Topic '/web_vel' has more than one type associated. Only topics with one type are supported
[ros2-13] [ERROR] [1786737645.900250549] [ROSBAG2_TRANSPORT]: Topic '/web_vel' has more than one type associated. Only topics with one type are supported
[smoother_server-3] [INFO] [1786737645.926544787] [smoother_server]: Received a path to smooth.
[controller_server-4] [WARN] [1786737645.946469254] [controller_server]: [follow_path] [ActionServer] Aborting handle.
[ros2-13] [ERROR] [1786737646.002785432] [ROSBAG2_TRANSPORT]: Topic '/web_vel' has more than one type associated. Only topics with one type are supported
[controller_server-4] [INFO] [1786737646.050623152] [controller_server]: Passing new path to controller.
[ros2-13] [ERROR] [1786737646.105867860] [ROSBAG2_TRANSPORT]: Topic '/web_vel' has more than one type associated. Only topics with one type are supported
[ros2-13] [ERROR] [1786737646.209170474] [ROSBAG2_TRANSPORT]: Topic '/web_vel' has more than one type associated. Only topics with one type are supported
[ros2-13] [ERROR] [1786737646.312434265] [ROSBAG2_TRANSPORT]: Topic '/web_vel' has more than one type associated. Only topics with one type are supported
[ros2-13] [ERROR] [1786737646.415293180] [ROSBAG2_TRANSPORT]: Topic '/web_vel' has more than one type associated. Only topics with one type are supported
[path_follower-12] [WARN] [1786737646.458065203] [path_follower]: sem TF camera_init<-map (Could not find a connection between 'camera_init' and 'map' because they are not part of the same tree.Tf has two or more unconnected trees.); o plano não pode ser usado — dirigir com ele seria o defeito de 14-08 de volta
[ros2-13] [ERROR] [1786737646.517864490] [ROSBAG2_TRANSPORT]: Topic '/web_vel' has more than one type associated. Only topics with one type are supported
[ros2-13] [ERROR] [1786737646.620248371] [ROSBAG2_TRANSPORT]: Topic '/web_vel' has more than one type associated. Only topics with one type are supported
[ros2-13] [ERROR] [1786737646.722428911] [ROSBAG2_TRANSPORT]: Topic '/web_vel' has more than one type associated. Only topics with one type are supported
[ros2-13] [ERROR] [1786737646.824808858] [ROSBAG2_TRANSPORT]: Topic '/web_vel' has more than one type associated. Only topics with one type are supported
[ros2-13] [ERROR] [1786737646.927131710] [ROSBAG2_TRANSPORT]: Topic '/web_vel' has more than one type associated. Only topics with one type are supported
[smoother_server-3] [INFO] [1786737646.976924983] [smoother_server]: Received a path to smooth.
[controller_server-4] [WARN] [1786737646.996590379] [controller_server]: [follow_path] [ActionServer] Aborting handle.
[ros2-13] [ERROR] [1786737647.029735031] [ROSBAG2_TRANSPORT]: Topic '/web_vel' has more than one type associated. Only topics with one type are supported
[controller_server-4] [INFO] [1786737647.050623025] [controller_server]: Passing new path to controller.
[bt_navigator-5] [ERROR] [1786737647.126454143] [bt_navigator_navigate_to_pose_rclcpp_node]: Failed to get result for follow_path in node halt!
[bt_navigator-5] [INFO] [1786737647.126596762] [bt_navigator]: [navigate_to_pose] [ActionServer] Client requested to cancel the goal. Cancelling.
[bt_navigator-5] [INFO] [1786737647.126868649] [bt_navigator]: Goal canceled
[ros2-13] [ERROR] [1786737647.132749041] [ROSBAG2_TRANSPORT]: Topic '/web_vel' has more than one type associated. Only topics with one type are supported
[ros2-13] [ERROR] [1786737647.234963463] [ROSBAG2_TRANSPORT]: Topic '/web_vel' has more than one type associated. Only topics with one type are supported
[controller_server-4] [INFO] [1786737647.250622204] [controller_server]: Cancellation was successful. Stopping the robot.
[controller_server-4] [INFO] [1786737647.250683103] [controller_server]: [follow_path] [ActionServer] Client requested to cancel the goal. Cancelling.
[ros2-13] [ERROR] [1786737647.337185167] [ROSBAG2_TRANSPORT]: Topic '/web_vel' has more than one type associated. Only topics with one type are supported
[ros2-13] [ERROR] [1786737647.439911382] [ROSBAG2_TRANSPORT]: Topic '/web_vel' has more than one type associated. Only topics with one type are supported
[ros2-13] [ERROR] [1786737647.542011363] [ROSBAG2_TRANSPORT]: Topic '/web_vel' has more than one type associated. Only topics with one type are supported
[ros2-13] [ERROR] [1786737647.644270788] [ROSBAG2_TRANSPORT]: Topic '/web_vel' has more than one type associated. Only topics with one type are supported
[ros2-13] [ERROR] [1786737647.746682358] [ROSBAG2_TRANSPORT]: Topic '/web_vel' has more than one type associated. Only topics with one type are supported
[ros2-13] [ERROR] [1786737647.848776938] [ROSBAG2_TRANSPORT]: Topic '/web_vel' has more than one type associated. Only topics with one type are supported
[ros2-13] [ERROR] [1786737647.950916650] [ROSBAG2_TRANSPORT]: Topic '/web_vel' has more than one type associated. Only topics with one type are supported
[ros2-13] [ERROR] [1786737648.053415871] [ROSBAG2_TRANSPORT]: Topic '/web_vel' has more than one type associated. Only topics with one type are supported
[ros2-13] [ERROR] [1786737648.155925859] [ROSBAG2_TRANSPORT]: Topic '/web_vel' has more than one type associated. Only topics with one type are supported
[ros2-13] [ERROR] [1786737648.258684633] [ROSBAG2_TRANSPORT]: Topic '/web_vel' has more than one type associated. Only topics with one type are supported
[ros2-13] [ERROR] [1786737648.361053548] [ROSBAG2_TRANSPORT]: Topic '/web_vel' has more than one type associated. Only topics with one type are supported
[ros2-13] [ERROR] [1786737648.463130877] [ROSBAG2_TRANSPORT]: Topic '/web_vel' has more than one type associated. Only topics with one type are supported
[ros2-13] [ERROR] [1786737648.565616302] [ROSBAG2_TRANSPORT]: Topic '/web_vel' has more than one type associated. Only topics with one type are supported
[ros2-13] [ERROR] [1786737648.667865517] [ROSBAG2_TRANSPORT]: Topic '/web_vel' has more than one type associated. Only topics with one type are supported
[ros2-13] [ERROR] [1786737648.770727965] [ROSBAG2_TRANSPORT]: Topic '/web_vel' has more than one type associated. Only topics with one type are supported
[ros2-13] [ERROR] [1786737648.873281455] [ROSBAG2_TRANSPORT]: Topic '/web_vel' has more than one type associated. Only topics with one type are supported
[ros2-13] [ERROR] [1786737648.975488825] [ROSBAG2_TRANSPORT]: Topic '/web_vel' has more than one type associated. Only topics with one type are supported
[ros2-13] [ERROR] [1786737649.077598717] [ROSBAG2_TRANSPORT]: Topic '/web_vel' has more than one type associated. Only topics with one type are supported
[ros2-13] [ERROR] [1786737649.179874600] [ROSBAG2_TRANSPORT]: Topic '/web_vel' has more than one type associated. Only topics with one type are supported
[ros2-13] [ERROR] [1786737649.282177512] [ROSBAG2_TRANSPORT]: Topic '/web_vel' has more than one type associated. Only topics with one type are supported
[ros2-13] [ERROR] [1786737649.385248748] [ROSBAG2_TRANSPORT]: Topic '/web_vel' has more than one type associated. Only topics with one type are supported
[ros2-13] [ERROR] [1786737649.487696816] [ROSBAG2_TRANSPORT]: Topic '/web_vel' has more than one type associated. Only topics with one type are supported
[ros2-13] [ERROR] [1786737649.590190353] [ROSBAG2_TRANSPORT]: Topic '/web_vel' has more than one type associated. Only topics with one type are supported
[ros2-13] [ERROR] [1786737649.693178067] [ROSBAG2_TRANSPORT]: Topic '/web_vel' has more than one type associated. Only topics with one type are supported
[ros2-13] [ERROR] [1786737649.795539257] [ROSBAG2_TRANSPORT]: Topic '/web_vel' has more than one type associated. Only topics with one type are supported
[ros2-13] [ERROR] [1786737649.897947323] [ROSBAG2_TRANSPORT]: Topic '/web_vel' has more than one type associated. Only topics with one type are supported
[ros2-13] [ERROR] [1786737650.000596778] [ROSBAG2_TRANSPORT]: Topic '/web_vel' has more than one type associated. Only topics with one type are supported
[ros2-13] [ERROR] [1786737650.103387206] [ROSBAG2_TRANSPORT]: Topic '/web_vel' has more than one type associated. Only topics with one type are supported
[ros2-13] [ERROR] [1786737650.206575998] [ROSBAG2_TRANSPORT]: Topic '/web_vel' has more than one type associated. Only topics with one type are supported
[ros2-13] [ERROR] [1786737650.309688974] [ROSBAG2_TRANSPORT]: Topic '/web_vel' has more than one type associated. Only topics with one type are supported
[ros2-13] [ERROR] [1786737650.412198799] [ROSBAG2_TRANSPORT]: Topic '/web_vel' has more than one type associated. Only topics with one type are supported
[ros2-13] [ERROR] [1786737650.514545611] [ROSBAG2_TRANSPORT]: Topic '/web_vel' has more than one type associated. Only topics with one type are supported
[ros2-13] [ERROR] [1786737650.616906326] [ROSBAG2_TRANSPORT]: Topic '/web_vel' has more than one type associated. Only topics with one type are supported
[ros2-13] [ERROR] [1786737650.719473928] [ROSBAG2_TRANSPORT]: Topic '/web_vel' has more than one type associated. Only topics with one type are supported
[ros2-13] [ERROR] [1786737650.821828071] [ROSBAG2_TRANSPORT]: Topic '/web_vel' has more than one type associated. Only topics with one type are supported
[ros2-13] [ERROR] [1786737650.924204608] [ROSBAG2_TRANSPORT]: Topic '/web_vel' has more than one type associated. Only topics with one type are supported
[ros2-13] [ERROR] [1786737651.027183022] [ROSBAG2_TRANSPORT]: Topic '/web_vel' has more than one type associated. Only topics with one type are supported
[ros2-13] [ERROR] [1786737651.129552942] [ROSBAG2_TRANSPORT]: Topic '/web_vel' has more than one type associated. Only topics with one type are supported
[ros2-13] [ERROR] [1786737651.232226229] [ROSBAG2_TRANSPORT]: Topic '/web_vel' has more than one type associated. Only topics with one type are supported
[ros2-13] [ERROR] [1786737651.334573296] [ROSBAG2_TRANSPORT]: Topic '/web_vel' has more than one type associated. Only topics with one type are supported
[ros2-13] [ERROR] [1786737651.437406296] [ROSBAG2_TRANSPORT]: Topic '/web_vel' has more than one type associated. Only topics with one type are supported
[path_follower-12] [WARN] [1786737651.458066645] [path_follower]: sem TF camera_init<-map (Could not find a connection between 'camera_init' and 'map' because they are not part of the same tree.Tf has two or more unconnected trees.); o plano não pode ser usado — dirigir com ele seria o defeito de 14-08 de volta
[ros2-13] [ERROR] [1786737651.540530560] [ROSBAG2_TRANSPORT]: Topic '/web_vel' has more than one type associated. Only topics with one type are supported
[ros2-13] [ERROR] [1786737651.643141793] [ROSBAG2_TRANSPORT]: Topic '/web_vel' has more than one type associated. Only topics with one type are supported
[ros2-13] [ERROR] [1786737651.746175346] [ROSBAG2_TRANSPORT]: Topic '/web_vel' has more than one type associated. Only topics with one type are supported
[ros2-13] [ERROR] [1786737651.848514924] [ROSBAG2_TRANSPORT]: Topic '/web_vel' has more than one type associated. Only topics with one type are supported
[ros2-13] [ERROR] [1786737651.950978505] [ROSBAG2_TRANSPORT]: Topic '/web_vel' has more than one type associated. Only topics with one type are supported
[ros2-13] [ERROR] [1786737652.053379050] [ROSBAG2_TRANSPORT]: Topic '/web_vel' has more than one type associated. Only topics with one type are supported
[ros2-13] [ERROR] [1786737652.156157681] [ROSBAG2_TRANSPORT]: Topic '/web_vel' has more than one type associated. Only topics with one type are supported
[ros2-13] [ERROR] [1786737652.258672935] [ROSBAG2_TRANSPORT]: Topic '/web_vel' has more than one type associated. Only topics with one type are supported
[ros2-13] [ERROR] [1786737652.360753259] [ROSBAG2_TRANSPORT]: Topic '/web_vel' has more than one type associated. Only topics with one type are supported
[ros2-13] [ERROR] [1786737652.462806615] [ROSBAG2_TRANSPORT]: Topic '/web_vel' has more than one type associated. Only topics with one type are supported
[ros2-13] [ERROR] [1786737652.564971629] [ROSBAG2_TRANSPORT]: Topic '/web_vel' has more than one type associated. Only topics with one type are supported
[ros2-13] [ERROR] [1786737652.667115948] [ROSBAG2_TRANSPORT]: Topic '/web_vel' has more than one type associated. Only topics with one type are supported
[ros2-13] [ERROR] [1786737652.769738740] [ROSBAG2_TRANSPORT]: Topic '/web_vel' has more than one type associated. Only topics with one type are supported
[ros2-13] [ERROR] [1786737652.872557008] [ROSBAG2_TRANSPORT]: Topic '/web_vel' has more than one type associated. Only topics with one type are supported
[ros2-13] [ERROR] [1786737652.975544409] [ROSBAG2_TRANSPORT]: Topic '/web_vel' has more than one type associated. Only topics with one type are supported
[ros2-13] [ERROR] [1786737653.077882380] [ROSBAG2_TRANSPORT]: Topic '/web_vel' has more than one type associated. Only topics with one type are supported
[ros2-13] [ERROR] [1786737653.180059756] [ROSBAG2_TRANSPORT]: Topic '/web_vel' has more than one type associated. Only topics with one type are supported
[ros2-13] [ERROR] [1786737653.282296266] [ROSBAG2_TRANSPORT]: Topic '/web_vel' has more than one type associated. Only topics with one type are supported
[ros2-13] [ERROR] [1786737653.384746494] [ROSBAG2_TRANSPORT]: Topic '/web_vel' has more than one type associated. Only topics with one type are supported
[ros2-13] [ERROR] [1786737653.486878955] [ROSBAG2_TRANSPORT]: Topic '/web_vel' has more than one type associated. Only topics with one type are supported
[ros2-13] [ERROR] [1786737653.589908058] [ROSBAG2_TRANSPORT]: Topic '/web_vel' has more than one type associated. Only topics with one type are supported
[ros2-13] [ERROR] [1786737653.691988953] [ROSBAG2_TRANSPORT]: Topic '/web_vel' has more than one type associated. Only topics with one type are supported
[ros2-13] [ERROR] [1786737653.794291378] [ROSBAG2_TRANSPORT]: Topic '/web_vel' has more than one type associated. Only topics with one type are supported
[ros2-13] [ERROR] [1786737653.896879615] [ROSBAG2_TRANSPORT]: Topic '/web_vel' has more than one type associated. Only topics with one type are supported
[ros2-13] [ERROR] [1786737653.999997754] [ROSBAG2_TRANSPORT]: Topic '/web_vel' has more than one type associated. Only topics with one type are supported
[ros2-13] [ERROR] [1786737654.102295984] [ROSBAG2_TRANSPORT]: Topic '/web_vel' has more than one type associated. Only topics with one type are supported
[ros2-13] [ERROR] [1786737654.204451305] [ROSBAG2_TRANSPORT]: Topic '/web_vel' has more than one type associated. Only topics with one type are supported
[ros2-13] [ERROR] [1786737654.306551290] [ROSBAG2_TRANSPORT]: Topic '/web_vel' has more than one type associated. Only topics with one type are supported
[ros2-13] [ERROR] [1786737654.408658319] [ROSBAG2_TRANSPORT]: Topic '/web_vel' has more than one type associated. Only topics with one type are supported
[ros2-13] [ERROR] [1786737654.510744196] [ROSBAG2_TRANSPORT]: Topic '/web_vel' has more than one type associated. Only topics with one type are supported
[ros2-13] [ERROR] [1786737654.612812462] [ROSBAG2_TRANSPORT]: Topic '/web_vel' has more than one type associated. Only topics with one type are supported
[ros2-13] [ERROR] [1786737654.715193774] [ROSBAG2_TRANSPORT]: Topic '/web_vel' has more than one type associated. Only topics with one type are supported
[ros2-13] [ERROR] [1786737654.817558070] [ROSBAG2_TRANSPORT]: Topic '/web_vel' has more than one type associated. Only topics with one type are supported
[ros2-13] [ERROR] [1786737654.919805662] [ROSBAG2_TRANSPORT]: Topic '/web_vel' has more than one type associated. Only topics with one type are supported
[ros2-13] [ERROR] [1786737655.022069216] [ROSBAG2_TRANSPORT]: Topic '/web_vel' has more than one type associated. Only topics with one type are supported
[ros2-13] [ERROR] [1786737655.124980492] [ROSBAG2_TRANSPORT]: Topic '/web_vel' has more than one type associated. Only topics with one type are supported
[ros2-13] [ERROR] [1786737655.228361335] [ROSBAG2_TRANSPORT]: Topic '/web_vel' has more than one type associated. Only topics with one type are supported
[ros2-13] [ERROR] [1786737655.331123910] [ROSBAG2_TRANSPORT]: Topic '/web_vel' has more than one type associated. Only topics with one type are supported
[ros2-13] [ERROR] [1786737655.434276640] [ROSBAG2_TRANSPORT]: Topic '/web_vel' has more than one type associated. Only topics with one type are supported
[ros2-13] [ERROR] [1786737655.537634939] [ROSBAG2_TRANSPORT]: Topic '/web_vel' has more than one type associated. Only topics with one type are supported
[ros2-13] [ERROR] [1786737655.641296003] [ROSBAG2_TRANSPORT]: Topic '/web_vel' has more than one type associated. Only topics with one type are supported
[ros2-13] [ERROR] [1786737655.744385520] [ROSBAG2_TRANSPORT]: Topic '/web_vel' has more than one type associated. Only topics with one type are supported
[ros2-13] [ERROR] [1786737655.847205744] [ROSBAG2_TRANSPORT]: Topic '/web_vel' has more than one type associated. Only topics with one type are supported
[ros2-13] [ERROR] [1786737655.950234133] [ROSBAG2_TRANSPORT]: Topic '/web_vel' has more than one type associated. Only topics with one type are supported
[ros2-13] [ERROR] [1786737656.053222352] [ROSBAG2_TRANSPORT]: Topic '/web_vel' has more than one type associated. Only topics with one type are supported
[ros2-13] [ERROR] [1786737656.156242510] [ROSBAG2_TRANSPORT]: Topic '/web_vel' has more than one type associated. Only topics with one type are supported
[ros2-13] [ERROR] [1786737656.259020808] [ROSBAG2_TRANSPORT]: Topic '/web_vel' has more than one type associated. Only topics with one type are supported
[ros2-13] [ERROR] [1786737656.361922568] [ROSBAG2_TRANSPORT]: Topic '/web_vel' has more than one type associated. Only topics with one type are supported
[path_follower-12] [WARN] [1786737656.458078179] [path_follower]: sem TF camera_init<-map (Could not find a connection between 'camera_init' and 'map' because they are not part of the same tree.Tf has two or more unconnected trees.); o plano não pode ser usado — dirigir com ele seria o defeito de 14-08 de volta
[ros2-13] [ERROR] [1786737656.464118644] [ROSBAG2_TRANSPORT]: Topic '/web_vel' has more than one type associated. Only topics with one type are supported
[ros2-13] [ERROR] [1786737656.566132757] [ROSBAG2_TRANSPORT]: Topic '/web_vel' has more than one type associated. Only topics with one type are supported
[ros2-13] [ERROR] [1786737656.668249231] [ROSBAG2_TRANSPORT]: Topic '/web_vel' has more than one type associated. Only topics with one type are supported
[ros2-13] [ERROR] [1786737656.771236811] [ROSBAG2_TRANSPORT]: Topic '/web_vel' has more than one type associated. Only topics with one type are supported
[ros2-13] [ERROR] [1786737656.873868503] [ROSBAG2_TRANSPORT]: Topic '/web_vel' has more than one type associated. Only topics with one type are supported
[ros2-13] [ERROR] [1786737656.976109373] [ROSBAG2_TRANSPORT]: Topic '/web_vel' has more than one type associated. Only topics with one type are supported
[ros2-13] [ERROR] [1786737657.078403801] [ROSBAG2_TRANSPORT]: Topic '/web_vel' has more than one type associated. Only topics with one type are supported
[ros2-13] [ERROR] [1786737657.180617829] [ROSBAG2_TRANSPORT]: Topic '/web_vel' has more than one type associated. Only topics with one type are supported
[ros2-13] [ERROR] [1786737657.282961826] [ROSBAG2_TRANSPORT]: Topic '/web_vel' has more than one type associated. Only topics with one type are supported
[ros2-13] [ERROR] [1786737657.385540069] [ROSBAG2_TRANSPORT]: Topic '/web_vel' has more than one type associated. Only topics with one type are supported
[ros2-13] [ERROR] [1786737657.487892718] [ROSBAG2_TRANSPORT]: Topic '/web_vel' has more than one type associated. Only topics with one type are supported
[ros2-13] [ERROR] [1786737657.590494666] [ROSBAG2_TRANSPORT]: Topic '/web_vel' has more than one type associated. Only topics with one type are supported
[ros2-13] [ERROR] [1786737657.693156913] [ROSBAG2_TRANSPORT]: Topic '/web_vel' has more than one type associated. Only topics with one type are supported
[ros2-13] [ERROR] [1786737657.795773745] [ROSBAG2_TRANSPORT]: Topic '/web_vel' has more than one type associated. Only topics with one type are supported
[ros2-13] [ERROR] [1786737657.898077821] [ROSBAG2_TRANSPORT]: Topic '/web_vel' has more than one type associated. Only topics with one type are supported
[ros2-13] [ERROR] [1786737658.000501119] [ROSBAG2_TRANSPORT]: Topic '/web_vel' has more than one type associated. Only topics with one type are supported
[ros2-13] [ERROR] [1786737658.103981833] [ROSBAG2_TRANSPORT]: Topic '/web_vel' has more than one type associated. Only topics with one type are supported
[ros2-13] [ERROR] [1786737658.206319521] [ROSBAG2_TRANSPORT]: Topic '/web_vel' has more than one type associated. Only topics with one type are supported
[ros2-13] [ERROR] [1786737658.309087561] [ROSBAG2_TRANSPORT]: Topic '/web_vel' has more than one type associated. Only topics with one type are supported
[ros2-13] [ERROR] [1786737658.411308417] [ROSBAG2_TRANSPORT]: Topic '/web_vel' has more than one type associated. Only topics with one type are supported
[ros2-13] [ERROR] [1786737658.513334902] [ROSBAG2_TRANSPORT]: Topic '/web_vel' has more than one type associated. Only topics with one type are supported
[ros2-13] [ERROR] [1786737658.615527502] [ROSBAG2_TRANSPORT]: Topic '/web_vel' has more than one type associated. Only topics with one type are supported
[ros2-13] [ERROR] [1786737658.717699480] [ROSBAG2_TRANSPORT]: Topic '/web_vel' has more than one type associated. Only topics with one type are supported
[ros2-13] [ERROR] [1786737658.819872642] [ROSBAG2_TRANSPORT]: Topic '/web_vel' has more than one type associated. Only topics with one type are supported
[ros2-13] [ERROR] [1786737658.922140959] [ROSBAG2_TRANSPORT]: Topic '/web_vel' has more than one type associated. Only topics with one type are supported
[ros2-13] [ERROR] [1786737659.025062420] [ROSBAG2_TRANSPORT]: Topic '/web_vel' has more than one type associated. Only topics with one type are supported
[ros2-13] [ERROR] [1786737659.127247579] [ROSBAG2_TRANSPORT]: Topic '/web_vel' has more than one type associated. Only topics with one type are supported
[ros2-13] [ERROR] [1786737659.229723525] [ROSBAG2_TRANSPORT]: Topic '/web_vel' has more than one type associated. Only topics with one type are supported
[ros2-13] [ERROR] [1786737659.332607332] [ROSBAG2_TRANSPORT]: Topic '/web_vel' has more than one type associated. Only topics with one type are supported
[ros2-13] [ERROR] [1786737659.434864123] [ROSBAG2_TRANSPORT]: Topic '/web_vel' has more than one type associated. Only topics with one type are supported
[ros2-13] [ERROR] [1786737659.538347889] [ROSBAG2_TRANSPORT]: Topic '/web_vel' has more than one type associated. Only topics with one type are supported
[ros2-13] [ERROR] [1786737659.641346027] [ROSBAG2_TRANSPORT]: Topic '/web_vel' has more than one type associated. Only topics with one type are supported
[ros2-13] [ERROR] [1786737659.743567809] [ROSBAG2_TRANSPORT]: Topic '/web_vel' has more than one type associated. Only topics with one type are supported
[ros2-13] [ERROR] [1786737659.846452982] [ROSBAG2_TRANSPORT]: Topic '/web_vel' has more than one type associated. Only topics with one type are supported
[ros2-13] [ERROR] [1786737659.949662998] [ROSBAG2_TRANSPORT]: Topic '/web_vel' has more than one type associated. Only topics with one type are supported
[ros2-13] [ERROR] [1786737660.052030188] [ROSBAG2_TRANSPORT]: Topic '/web_vel' has more than one type associated. Only topics with one type are supported
[ros2-13] [ERROR] [1786737660.154187985] [ROSBAG2_TRANSPORT]: Topic '/web_vel' has more than one type associated. Only topics with one type are supported
[ros2-13] [ERROR] [1786737660.256408498] [ROSBAG2_TRANSPORT]: Topic '/web_vel' has more than one type associated. Only topics with one type are supported
[ros2-13] [ERROR] [1786737660.359274047] [ROSBAG2_TRANSPORT]: Topic '/web_vel' has more than one type associated. Only topics with one type are supported
[ros2-13] [ERROR] [1786737660.461578282] [ROSBAG2_TRANSPORT]: Topic '/web_vel' has more than one type associated. Only topics with one type are supported
[ros2-13] [ERROR] [1786737660.563790659] [ROSBAG2_TRANSPORT]: Topic '/web_vel' has more than one type associated. Only topics with one type are supported
[ros2-13] [ERROR] [1786737660.666107603] [ROSBAG2_TRANSPORT]: Topic '/web_vel' has more than one type associated. Only topics with one type are supported
[ros2-13] [ERROR] [1786737660.768495388] [ROSBAG2_TRANSPORT]: Topic '/web_vel' has more than one type associated. Only topics with one type are supported
[ros2-13] [ERROR] [1786737660.870620447] [ROSBAG2_TRANSPORT]: Topic '/web_vel' has more than one type associated. Only topics with one type are supported
[ros2-13] [ERROR] [1786737660.973592763] [ROSBAG2_TRANSPORT]: Topic '/web_vel' has more than one type associated. Only topics with one type are supported
[ros2-13] [ERROR] [1786737661.075848531] [ROSBAG2_TRANSPORT]: Topic '/web_vel' has more than one type associated. Only topics with one type are supported
[ros2-13] [ERROR] [1786737661.177966974] [ROSBAG2_TRANSPORT]: Topic '/web_vel' has more than one type associated. Only topics with one type are supported
[ros2-13] [ERROR] [1786737661.280997606] [ROSBAG2_TRANSPORT]: Topic '/web_vel' has more than one type associated. Only topics with one type are supported
[ros2-13] [ERROR] [1786737661.383434412] [ROSBAG2_TRANSPORT]: Topic '/web_vel' has more than one type associated. Only topics with one type are supported
[path_follower-12] [WARN] [1786737661.458535046] [path_follower]: sem TF camera_init<-map (Could not find a connection between 'camera_init' and 'map' because they are not part of the same tree.Tf has two or more unconnected trees.); o plano não pode ser usado — dirigir com ele seria o defeito de 14-08 de volta
[ros2-13] [ERROR] [1786737661.485575885] [ROSBAG2_TRANSPORT]: Topic '/web_vel' has more than one type associated. Only topics with one type are supported
[ros2-13] [ERROR] [1786737661.587611250] [ROSBAG2_TRANSPORT]: Topic '/web_vel' has more than one type associated. Only topics with one type are supported
[ros2-13] [ERROR] [1786737661.689568985] [ROSBAG2_TRANSPORT]: Topic '/web_vel' has more than one type associated. Only topics with one type are supported
[ros2-13] [ERROR] [1786737661.792221036] [ROSBAG2_TRANSPORT]: Topic '/web_vel' has more than one type associated. Only topics with one type are supported
[ros2-13] [ERROR] [1786737661.895288575] [ROSBAG2_TRANSPORT]: Topic '/web_vel' has more than one type associated. Only topics with one type are supported
[ros2-13] [ERROR] [1786737661.997716244] [ROSBAG2_TRANSPORT]: Topic '/web_vel' has more than one type associated. Only topics with one type are supported
[ros2-13] [ERROR] [1786737662.099896839] [ROSBAG2_TRANSPORT]: Topic '/web_vel' has more than one type associated. Only topics with one type are supported
[ros2-13] [ERROR] [1786737662.202238234] [ROSBAG2_TRANSPORT]: Topic '/web_vel' has more than one type associated. Only topics with one type are supported
[ros2-13] [ERROR] [1786737662.304592197] [ROSBAG2_TRANSPORT]: Topic '/web_vel' has more than one type associated. Only topics with one type are supported
[ros2-13] [ERROR] [1786737662.406827539] [ROSBAG2_TRANSPORT]: Topic '/web_vel' has more than one type associated. Only topics with one type are supported
[ros2-13] [ERROR] [1786737662.509593613] [ROSBAG2_TRANSPORT]: Topic '/web_vel' has more than one type associated. Only topics with one type are supported
[ros2-13] [ERROR] [1786737662.611905458] [ROSBAG2_TRANSPORT]: Topic '/web_vel' has more than one type associated. Only topics with one type are supported
[ros2-13] [ERROR] [1786737662.714647676] [ROSBAG2_TRANSPORT]: Topic '/web_vel' has more than one type associated. Only topics with one type are supported
[ros2-13] [ERROR] [1786737662.816852720] [ROSBAG2_TRANSPORT]: Topic '/web_vel' has more than one type associated. Only topics with one type are supported
[ros2-13] [ERROR] [1786737662.918960310] [ROSBAG2_TRANSPORT]: Topic '/web_vel' has more than one type associated. Only topics with one type are supported
[ros2-13] [ERROR] [1786737663.021956190] [ROSBAG2_TRANSPORT]: Topic '/web_vel' has more than one type associated. Only topics with one type are supported
[ros2-13] [ERROR] [1786737663.125553286] [ROSBAG2_TRANSPORT]: Topic '/web_vel' has more than one type associated. Only topics with one type are supported
[ros2-13] [ERROR] [1786737663.228144981] [ROSBAG2_TRANSPORT]: Topic '/web_vel' has more than one type associated. Only topics with one type are supported
[ros2-13] [ERROR] [1786737663.330646562] [ROSBAG2_TRANSPORT]: Topic '/web_vel' has more than one type associated. Only topics with one type are supported
[ros2-13] [ERROR] [1786737663.433487931] [ROSBAG2_TRANSPORT]: Topic '/web_vel' has more than one type associated. Only topics with one type are supported
[ros2-13] [ERROR] [1786737663.535598246] [ROSBAG2_TRANSPORT]: Topic '/web_vel' has more than one type associated. Only topics with one type are supported
[ros2-13] [ERROR] [1786737663.637924979] [ROSBAG2_TRANSPORT]: Topic '/web_vel' has more than one type associated. Only topics with one type are supported
[ros2-13] [ERROR] [1786737663.741262969] [ROSBAG2_TRANSPORT]: Topic '/web_vel' has more than one type associated. Only topics with one type are supported
[ros2-13] [ERROR] [1786737663.844064656] [ROSBAG2_TRANSPORT]: Topic '/web_vel' has more than one type associated. Only topics with one type are supported
[ros2-13] [ERROR] [1786737663.947315434] [ROSBAG2_TRANSPORT]: Topic '/web_vel' has more than one type associated. Only topics with one type are supported
[ros2-13] [ERROR] [1786737664.050580949] [ROSBAG2_TRANSPORT]: Topic '/web_vel' has more than one type associated. Only topics with one type are supported
[ros2-13] [ERROR] [1786737664.153538311] [ROSBAG2_TRANSPORT]: Topic '/web_vel' has more than one type associated. Only topics with one type are supported
[ros2-13] [ERROR] [1786737664.255761712] [ROSBAG2_TRANSPORT]: Topic '/web_vel' has more than one type associated. Only topics with one type are supported
[ros2-13] [ERROR] [1786737664.358208641] [ROSBAG2_TRANSPORT]: Topic '/web_vel' has more than one type associated. Only topics with one type are supported
[ros2-13] [ERROR] [1786737664.461656024] [ROSBAG2_TRANSPORT]: Topic '/web_vel' has more than one type associated. Only topics with one type are supported
[ros2-13] [ERROR] [1786737664.564038950] [ROSBAG2_TRANSPORT]: Topic '/web_vel' has more than one type associated. Only topics with one type are supported
[ros2-13] [ERROR] [1786737664.667186389] [ROSBAG2_TRANSPORT]: Topic '/web_vel' has more than one type associated. Only topics with one type are supported
[ros2-13] [ERROR] [1786737664.769732584] [ROSBAG2_TRANSPORT]: Topic '/web_vel' has more than one type associated. Only topics with one type are supported
[ros2-13] [ERROR] [1786737664.872132796] [ROSBAG2_TRANSPORT]: Topic '/web_vel' has more than one type associated. Only topics with one type are supported
[ros2-13] [ERROR] [1786737664.974463419] [ROSBAG2_TRANSPORT]: Topic '/web_vel' has more than one type associated. Only topics with one type are supported
[ros2-13] [ERROR] [1786737665.076780019] [ROSBAG2_TRANSPORT]: Topic '/web_vel' has more than one type associated. Only topics with one type are supported
[ros2-13] [ERROR] [1786737665.179110880] [ROSBAG2_TRANSPORT]: Topic '/web_vel' has more than one type associated. Only topics with one type are supported
[ros2-13] [ERROR] [1786737665.281400263] [ROSBAG2_TRANSPORT]: Topic '/web_vel' has more than one type associated. Only topics with one type are supported
[ros2-13] [ERROR] [1786737665.383727682] [ROSBAG2_TRANSPORT]: Topic '/web_vel' has more than one type associated. Only topics with one type are supported
[ros2-13] [ERROR] [1786737665.486089906] [ROSBAG2_TRANSPORT]: Topic '/web_vel' has more than one type associated. Only topics with one type are supported
[ros2-13] [ERROR] [1786737665.589332145] [ROSBAG2_TRANSPORT]: Topic '/web_vel' has more than one type associated. Only topics with one type are supported
[ros2-13] [ERROR] [1786737665.693043288] [ROSBAG2_TRANSPORT]: Topic '/web_vel' has more than one type associated. Only topics with one type are supported
[ros2-13] [ERROR] [1786737665.795717860] [ROSBAG2_TRANSPORT]: Topic '/web_vel' has more than one type associated. Only topics with one type are supported
[ros2-13] [ERROR] [1786737665.898238240] [ROSBAG2_TRANSPORT]: Topic '/web_vel' has more than one type associated. Only topics with one type are supported
[ros2-13] [ERROR] [1786737666.000777696] [ROSBAG2_TRANSPORT]: Topic '/web_vel' has more than one type associated. Only topics with one type are supported
[ros2-13] [ERROR] [1786737666.103318232] [ROSBAG2_TRANSPORT]: Topic '/web_vel' has more than one type associated. Only topics with one type are supported
[ros2-13] [ERROR] [1786737666.206023913] [ROSBAG2_TRANSPORT]: Topic '/web_vel' has more than one type associated. Only topics with one type are supported
[ros2-13] [ERROR] [1786737666.309047179] [ROSBAG2_TRANSPORT]: Topic '/web_vel' has more than one type associated. Only topics with one type are supported
[ros2-13] [ERROR] [1786737666.411890217] [ROSBAG2_TRANSPORT]: Topic '/web_vel' has more than one type associated. Only topics with one type are supported
[path_follower-12] [WARN] [1786737666.458647044] [path_follower]: sem TF camera_init<-map (Could not find a connection between 'camera_init' and 'map' because they are not part of the same tree.Tf has two or more unconnected trees.); o plano não pode ser usado — dirigir com ele seria o defeito de 14-08 de volta
[ros2-13] [ERROR] [1786737666.514228019] [ROSBAG2_TRANSPORT]: Topic '/web_vel' has more than one type associated. Only topics with one type are supported
[ros2-13] [ERROR] [1786737666.616636978] [ROSBAG2_TRANSPORT]: Topic '/web_vel' has more than one type associated. Only topics with one type are supported
[ros2-13] [ERROR] [1786737666.719750021] [ROSBAG2_TRANSPORT]: Topic '/web_vel' has more than one type associated. Only topics with one type are supported
[ros2-13] [ERROR] [1786737666.822580415] [ROSBAG2_TRANSPORT]: Topic '/web_vel' has more than one type associated. Only topics with one type are supported
[ros2-13] [ERROR] [1786737666.925581730] [ROSBAG2_TRANSPORT]: Topic '/web_vel' has more than one type associated. Only topics with one type are supported
[ros2-13] [ERROR] [1786737667.027955401] [ROSBAG2_TRANSPORT]: Topic '/web_vel' has more than one type associated. Only topics with one type are supported
[ros2-13] [ERROR] [1786737667.131368241] [ROSBAG2_TRANSPORT]: Topic '/web_vel' has more than one type associated. Only topics with one type are supported
[ros2-13] [ERROR] [1786737667.233740057] [ROSBAG2_TRANSPORT]: Topic '/web_vel' has more than one type associated. Only topics with one type are supported
[ros2-13] [ERROR] [1786737667.336955389] [ROSBAG2_TRANSPORT]: Topic '/web_vel' has more than one type associated. Only topics with one type are supported
[ros2-13] [ERROR] [1786737667.439351122] [ROSBAG2_TRANSPORT]: Topic '/web_vel' has more than one type associated. Only topics with one type are supported
[ros2-13] [ERROR] [1786737667.541958676] [ROSBAG2_TRANSPORT]: Topic '/web_vel' has more than one type associated. Only topics with one type are supported
[ros2-13] [ERROR] [1786737667.644146813] [ROSBAG2_TRANSPORT]: Topic '/web_vel' has more than one type associated. Only topics with one type are supported
[ros2-13] [ERROR] [1786737667.746399203] [ROSBAG2_TRANSPORT]: Topic '/web_vel' has more than one type associated. Only topics with one type are supported
[ros2-13] [ERROR] [1786737667.848611534] [ROSBAG2_TRANSPORT]: Topic '/web_vel' has more than one type associated. Only topics with one type are supported
[ros2-13] [ERROR] [1786737667.950930164] [ROSBAG2_TRANSPORT]: Topic '/web_vel' has more than one type associated. Only topics with one type are supported
[ros2-13] [ERROR] [1786737668.053511063] [ROSBAG2_TRANSPORT]: Topic '/web_vel' has more than one type associated. Only topics with one type are supported
[ros2-13] [ERROR] [1786737668.155784622] [ROSBAG2_TRANSPORT]: Topic '/web_vel' has more than one type associated. Only topics with one type are supported
[ros2-13] [ERROR] [1786737668.258086717] [ROSBAG2_TRANSPORT]: Topic '/web_vel' has more than one type associated. Only topics with one type are supported
[ros2-13] [ERROR] [1786737668.360289795] [ROSBAG2_TRANSPORT]: Topic '/web_vel' has more than one type associated. Only topics with one type are supported
[ros2-13] [ERROR] [1786737668.462398486] [ROSBAG2_TRANSPORT]: Topic '/web_vel' has more than one type associated. Only topics with one type are supported
[ros2-13] [ERROR] [1786737668.564923362] [ROSBAG2_TRANSPORT]: Topic '/web_vel' has more than one type associated. Only topics with one type are supported
[ros2-13] [ERROR] [1786737668.667071146] [ROSBAG2_TRANSPORT]: Topic '/web_vel' has more than one type associated. Only topics with one type are supported
[ros2-13] [ERROR] [1786737668.769283911] [ROSBAG2_TRANSPORT]: Topic '/web_vel' has more than one type associated. Only topics with one type are supported
[ros2-13] [ERROR] [1786737668.871967417] [ROSBAG2_TRANSPORT]: Topic '/web_vel' has more than one type associated. Only topics with one type are supported
[ros2-13] [ERROR] [1786737668.974346518] [ROSBAG2_TRANSPORT]: Topic '/web_vel' has more than one type associated. Only topics with one type are supported
[ros2-13] [ERROR] [1786737669.076675021] [ROSBAG2_TRANSPORT]: Topic '/web_vel' has more than one type associated. Only topics with one type are supported
[ros2-13] [ERROR] [1786737669.178885090] [ROSBAG2_TRANSPORT]: Topic '/web_vel' has more than one type associated. Only topics with one type are supported
[ros2-13] [ERROR] [1786737669.281227582] [ROSBAG2_TRANSPORT]: Topic '/web_vel' has more than one type associated. Only topics with one type are supported
[ros2-13] [ERROR] [1786737669.384412946] [ROSBAG2_TRANSPORT]: Topic '/web_vel' has more than one type associated. Only topics with one type are supported
[ros2-13] [ERROR] [1786737669.486829107] [ROSBAG2_TRANSPORT]: Topic '/web_vel' has more than one type associated. Only topics with one type are supported
[ros2-13] [ERROR] [1786737669.589712667] [ROSBAG2_TRANSPORT]: Topic '/web_vel' has more than one type associated. Only topics with one type are supported
[ros2-13] [ERROR] [1786737669.692422952] [ROSBAG2_TRANSPORT]: Topic '/web_vel' has more than one type associated. Only topics with one type are supported
[ros2-13] [ERROR] [1786737669.795069014] [ROSBAG2_TRANSPORT]: Topic '/web_vel' has more than one type associated. Only topics with one type are supported
[ros2-13] [ERROR] [1786737669.898157903] [ROSBAG2_TRANSPORT]: Topic '/web_vel' has more than one type associated. Only topics with one type are supported
[ros2-13] [ERROR] [1786737670.000637114] [ROSBAG2_TRANSPORT]: Topic '/web_vel' has more than one type associated. Only topics with one type are supported
[ros2-13] [ERROR] [1786737670.102936610] [ROSBAG2_TRANSPORT]: Topic '/web_vel' has more than one type associated. Only topics with one type are supported
[ros2-13] [ERROR] [1786737670.206311516] [ROSBAG2_TRANSPORT]: Topic '/web_vel' has more than one type associated. Only topics with one type are supported
[ros2-13] [ERROR] [1786737670.309070730] [ROSBAG2_TRANSPORT]: Topic '/web_vel' has more than one type associated. Only topics with one type are supported
[ros2-13] [ERROR] [1786737670.411556456] [ROSBAG2_TRANSPORT]: Topic '/web_vel' has more than one type associated. Only topics with one type are supported
[ros2-13] [ERROR] [1786737670.514062109] [ROSBAG2_TRANSPORT]: Topic '/web_vel' has more than one type associated. Only topics with one type are supported
[ros2-13] [ERROR] [1786737670.616309675] [ROSBAG2_TRANSPORT]: Topic '/web_vel' has more than one type associated. Only topics with one type are supported
[ros2-13] [ERROR] [1786737670.718556003] [ROSBAG2_TRANSPORT]: Topic '/web_vel' has more than one type associated. Only topics with one type are supported
[ros2-13] [ERROR] [1786737670.820924530] [ROSBAG2_TRANSPORT]: Topic '/web_vel' has more than one type associated. Only topics with one type are supported
[ros2-13] [ERROR] [1786737670.923426230] [ROSBAG2_TRANSPORT]: Topic '/web_vel' has more than one type associated. Only topics with one type are supported
[ros2-13] [ERROR] [1786737671.026009124] [ROSBAG2_TRANSPORT]: Topic '/web_vel' has more than one type associated. Only topics with one type are supported
[ros2-13] [ERROR] [1786737671.128460944] [ROSBAG2_TRANSPORT]: Topic '/web_vel' has more than one type associated. Only topics with one type are supported
[ros2-13] [ERROR] [1786737671.231662668] [ROSBAG2_TRANSPORT]: Topic '/web_vel' has more than one type associated. Only topics with one type are supported
[ros2-13] [ERROR] [1786737671.334013085] [ROSBAG2_TRANSPORT]: Topic '/web_vel' has more than one type associated. Only topics with one type are supported
[ros2-13] [ERROR] [1786737671.437129327] [ROSBAG2_TRANSPORT]: Topic '/web_vel' has more than one type associated. Only topics with one type are supported
[path_follower-12] [WARN] [1786737671.508155632] [path_follower]: sem TF camera_init<-map (Could not find a connection between 'camera_init' and 'map' because they are not part of the same tree.Tf has two or more unconnected trees.); o plano não pode ser usado — dirigir com ele seria o defeito de 14-08 de volta
[ros2-13] [ERROR] [1786737671.540680805] [ROSBAG2_TRANSPORT]: Topic '/web_vel' has more than one type associated. Only topics with one type are supported
[ros2-13] [ERROR] [1786737671.642855667] [ROSBAG2_TRANSPORT]: Topic '/web_vel' has more than one type associated. Only topics with one type are supported
[ros2-13] [ERROR] [1786737671.746126224] [ROSBAG2_TRANSPORT]: Topic '/web_vel' has more than one type associated. Only topics with one type are supported
[ros2-13] [ERROR] [1786737671.849652659] [ROSBAG2_TRANSPORT]: Topic '/web_vel' has more than one type associated. Only topics with one type are supported
[ros2-13] [ERROR] [1786737671.951960395] [ROSBAG2_TRANSPORT]: Topic '/web_vel' has more than one type associated. Only topics with one type are supported
[ros2-13] [ERROR] [1786737672.054404644] [ROSBAG2_TRANSPORT]: Topic '/web_vel' has more than one type associated. Only topics with one type are supported
[ros2-13] [ERROR] [1786737672.156643114] [ROSBAG2_TRANSPORT]: Topic '/web_vel' has more than one type associated. Only topics with one type are supported
[ros2-13] [ERROR] [1786737672.259819407] [ROSBAG2_TRANSPORT]: Topic '/web_vel' has more than one type associated. Only topics with one type are supported
[ros2-13] [ERROR] [1786737672.362097949] [ROSBAG2_TRANSPORT]: Topic '/web_vel' has more than one type associated. Only topics with one type are supported
[ros2-13] [ERROR] [1786737672.464217713] [ROSBAG2_TRANSPORT]: Topic '/web_vel' has more than one type associated. Only topics with one type are supported
[ros2-13] [ERROR] [1786737672.566837100] [ROSBAG2_TRANSPORT]: Topic '/web_vel' has more than one type associated. Only topics with one type are supported
[ros2-13] [ERROR] [1786737672.669538824] [ROSBAG2_TRANSPORT]: Topic '/web_vel' has more than one type associated. Only topics with one type are supported
[ros2-13] [ERROR] [1786737672.773395038] [ROSBAG2_TRANSPORT]: Topic '/web_vel' has more than one type associated. Only topics with one type are supported
[ros2-13] [ERROR] [1786737672.876926620] [ROSBAG2_TRANSPORT]: Topic '/web_vel' has more than one type associated. Only topics with one type are supported
[ros2-13] [ERROR] [1786737672.979255741] [ROSBAG2_TRANSPORT]: Topic '/web_vel' has more than one type associated. Only topics with one type are supported
[ros2-13] [ERROR] [1786737673.081266217] [ROSBAG2_TRANSPORT]: Topic '/web_vel' has more than one type associated. Only topics with one type are supported
[ros2-13] [ERROR] [1786737673.184257343] [ROSBAG2_TRANSPORT]: Topic '/web_vel' has more than one type associated. Only topics with one type are supported
[ros2-13] [ERROR] [1786737673.286588863] [ROSBAG2_TRANSPORT]: Topic '/web_vel' has more than one type associated. Only topics with one type are supported
[ros2-13] [ERROR] [1786737673.388745133] [ROSBAG2_TRANSPORT]: Topic '/web_vel' has more than one type associated. Only topics with one type are supported
[ros2-13] [ERROR] [1786737673.491402174] [ROSBAG2_TRANSPORT]: Topic '/web_vel' has more than one type associated. Only topics with one type are supported
[ros2-13] [ERROR] [1786737673.593855535] [ROSBAG2_TRANSPORT]: Topic '/web_vel' has more than one type associated. Only topics with one type are supported
[ros2-13] [ERROR] [1786737673.696929557] [ROSBAG2_TRANSPORT]: Topic '/web_vel' has more than one type associated. Only topics with one type are supported
[ros2-13] [ERROR] [1786737673.799933554] [ROSBAG2_TRANSPORT]: Topic '/web_vel' has more than one type associated. Only topics with one type are supported
[ros2-13] [ERROR] [1786737673.902851917] [ROSBAG2_TRANSPORT]: Topic '/web_vel' has more than one type associated. Only topics with one type are supported
[ros2-13] [ERROR] [1786737674.005832533] [ROSBAG2_TRANSPORT]: Topic '/web_vel' has more than one type associated. Only topics with one type are supported
[ros2-13] [ERROR] [1786737674.108646312] [ROSBAG2_TRANSPORT]: Topic '/web_vel' has more than one type associated. Only topics with one type are supported
[ros2-13] [ERROR] [1786737674.211002150] [ROSBAG2_TRANSPORT]: Topic '/web_vel' has more than one type associated. Only topics with one type are supported
[ros2-13] [ERROR] [1786737674.313164934] [ROSBAG2_TRANSPORT]: Topic '/web_vel' has more than one type associated. Only topics with one type are supported
[ros2-13] [ERROR] [1786737674.416268043] [ROSBAG2_TRANSPORT]: Topic '/web_vel' has more than one type associated. Only topics with one type are supported
[ros2-13] [ERROR] [1786737674.518730492] [ROSBAG2_TRANSPORT]: Topic '/web_vel' has more than one type associated. Only topics with one type are supported
[ros2-13] [ERROR] [1786737674.621264713] [ROSBAG2_TRANSPORT]: Topic '/web_vel' has more than one type associated. Only topics with one type are supported
[ros2-13] [ERROR] [1786737674.723628633] [ROSBAG2_TRANSPORT]: Topic '/web_vel' has more than one type associated. Only topics with one type are supported
[ros2-13] [ERROR] [1786737674.826693854] [ROSBAG2_TRANSPORT]: Topic '/web_vel' has more than one type associated. Only topics with one type are supported
[ros2-13] [ERROR] [1786737674.929960041] [ROSBAG2_TRANSPORT]: Topic '/web_vel' has more than one type associated. Only topics with one type are supported
[ros2-13] [ERROR] [1786737675.033231582] [ROSBAG2_TRANSPORT]: Topic '/web_vel' has more than one type associated. Only topics with one type are supported
[ros2-13] [ERROR] [1786737675.136029425] [ROSBAG2_TRANSPORT]: Topic '/web_vel' has more than one type associated. Only topics with one type are supported
[ros2-13] [ERROR] [1786737675.239195688] [ROSBAG2_TRANSPORT]: Topic '/web_vel' has more than one type associated. Only topics with one type are supported
[ros2-13] [ERROR] [1786737675.341691908] [ROSBAG2_TRANSPORT]: Topic '/web_vel' has more than one type associated. Only topics with one type are supported
[ros2-13] [ERROR] [1786737675.444134183] [ROSBAG2_TRANSPORT]: Topic '/web_vel' has more than one type associated. Only topics with one type are supported
[ros2-13] [ERROR] [1786737675.546746295] [ROSBAG2_TRANSPORT]: Topic '/web_vel' has more than one type associated. Only topics with one type are supported
[ros2-13] [ERROR] [1786737675.649344923] [ROSBAG2_TRANSPORT]: Topic '/web_vel' has more than one type associated. Only topics with one type are supported
[ros2-13] [ERROR] [1786737675.751849616] [ROSBAG2_TRANSPORT]: Topic '/web_vel' has more than one type associated. Only topics with one type are supported
[ros2-13] [ERROR] [1786737675.853956869] [ROSBAG2_TRANSPORT]: Topic '/web_vel' has more than one type associated. Only topics with one type are supported
[ros2-13] [ERROR] [1786737675.956110899] [ROSBAG2_TRANSPORT]: Topic '/web_vel' has more than one type associated. Only topics with one type are supported
[ros2-13] [ERROR] [1786737676.059160844] [ROSBAG2_TRANSPORT]: Topic '/web_vel' has more than one type associated. Only topics with one type are supported
[ros2-13] [ERROR] [1786737676.161601025] [ROSBAG2_TRANSPORT]: Topic '/web_vel' has more than one type associated. Only topics with one type are supported
[ros2-13] [ERROR] [1786737676.263869977] [ROSBAG2_TRANSPORT]: Topic '/web_vel' has more than one type associated. Only topics with one type are supported
[ros2-13] [ERROR] [1786737676.365971187] [ROSBAG2_TRANSPORT]: Topic '/web_vel' has more than one type associated. Only topics with one type are supported
[ros2-13] [ERROR] [1786737676.468117766] [ROSBAG2_TRANSPORT]: Topic '/web_vel' has more than one type associated. Only topics with one type are supported
[path_follower-12] [WARN] [1786737676.558035101] [path_follower]: sem TF camera_init<-map (Could not find a connection between 'camera_init' and 'map' because they are not part of the same tree.Tf has two or more unconnected trees.); o plano não pode ser usado — dirigir com ele seria o defeito de 14-08 de volta
[ros2-13] [ERROR] [1786737676.570335582] [ROSBAG2_TRANSPORT]: Topic '/web_vel' has more than one type associated. Only topics with one type are supported
[ros2-13] [ERROR] [1786737676.672454389] [ROSBAG2_TRANSPORT]: Topic '/web_vel' has more than one type associated. Only topics with one type are supported
[ros2-13] [ERROR] [1786737676.774705924] [ROSBAG2_TRANSPORT]: Topic '/web_vel' has more than one type associated. Only topics with one type are supported
[ros2-13] [ERROR] [1786737676.877515724] [ROSBAG2_TRANSPORT]: Topic '/web_vel' has more than one type associated. Only topics with one type are supported
[ros2-13] [ERROR] [1786737676.979677234] [ROSBAG2_TRANSPORT]: Topic '/web_vel' has more than one type associated. Only topics with one type are supported
[ros2-13] [ERROR] [1786737677.082189323] [ROSBAG2_TRANSPORT]: Topic '/web_vel' has more than one type associated. Only topics with one type are supported
[ros2-13] [ERROR] [1786737677.184615508] [ROSBAG2_TRANSPORT]: Topic '/web_vel' has more than one type associated. Only topics with one type are supported
[ros2-13] [ERROR] [1786737677.286828595] [ROSBAG2_TRANSPORT]: Topic '/web_vel' has more than one type associated. Only topics with one type are supported
[ros2-13] [ERROR] [1786737677.389149743] [ROSBAG2_TRANSPORT]: Topic '/web_vel' has more than one type associated. Only topics with one type are supported
[ros2-13] [ERROR] [1786737677.491636527] [ROSBAG2_TRANSPORT]: Topic '/web_vel' has more than one type associated. Only topics with one type are supported
[ros2-13] [ERROR] [1786737677.593994373] [ROSBAG2_TRANSPORT]: Topic '/web_vel' has more than one type associated. Only topics with one type are supported
[ros2-13] [ERROR] [1786737677.696154868] [ROSBAG2_TRANSPORT]: Topic '/web_vel' has more than one type associated. Only topics with one type are supported
[ros2-13] [ERROR] [1786737677.798714325] [ROSBAG2_TRANSPORT]: Topic '/web_vel' has more than one type associated. Only topics with one type are supported
[ros2-13] [ERROR] [1786737677.900896706] [ROSBAG2_TRANSPORT]: Topic '/web_vel' has more than one type associated. Only topics with one type are supported
[ros2-13] [ERROR] [1786737678.003266216] [ROSBAG2_TRANSPORT]: Topic '/web_vel' has more than one type associated. Only topics with one type are supported
[ros2-13] [ERROR] [1786737678.105365484] [ROSBAG2_TRANSPORT]: Topic '/web_vel' has more than one type associated. Only topics with one type are supported
[ros2-13] [ERROR] [1786737678.208117778] [ROSBAG2_TRANSPORT]: Topic '/web_vel' has more than one type associated. Only topics with one type are supported
[ros2-13] [ERROR] [1786737678.310807711] [ROSBAG2_TRANSPORT]: Topic '/web_vel' has more than one type associated. Only topics with one type are supported
[ros2-13] [ERROR] [1786737678.413490936] [ROSBAG2_TRANSPORT]: Topic '/web_vel' has more than one type associated. Only topics with one type are supported
[ros2-13] [ERROR] [1786737678.516276995] [ROSBAG2_TRANSPORT]: Topic '/web_vel' has more than one type associated. Only topics with one type are supported
[ros2-13] [ERROR] [1786737678.619720482] [ROSBAG2_TRANSPORT]: Topic '/web_vel' has more than one type associated. Only topics with one type are supported
[ros2-13] [ERROR] [1786737678.723589829] [ROSBAG2_TRANSPORT]: Topic '/web_vel' has more than one type associated. Only topics with one type are supported
[ros2-13] [ERROR] [1786737678.827322628] [ROSBAG2_TRANSPORT]: Topic '/web_vel' has more than one type associated. Only topics with one type are supported
[ros2-13] [ERROR] [1786737678.930657069] [ROSBAG2_TRANSPORT]: Topic '/web_vel' has more than one type associated. Only topics with one type are supported
[ros2-13] [ERROR] [1786737679.033714883] [ROSBAG2_TRANSPORT]: Topic '/web_vel' has more than one type associated. Only topics with one type are supported
[ros2-13] [ERROR] [1786737679.137178237] [ROSBAG2_TRANSPORT]: Topic '/web_vel' has more than one type associated. Only topics with one type are supported
[ros2-13] [ERROR] [1786737679.240408917] [ROSBAG2_TRANSPORT]: Topic '/web_vel' has more than one type associated. Only topics with one type are supported
[ros2-13] [ERROR] [1786737679.342569388] [ROSBAG2_TRANSPORT]: Topic '/web_vel' has more than one type associated. Only topics with one type are supported
[ros2-13] [ERROR] [1786737679.444951872] [ROSBAG2_TRANSPORT]: Topic '/web_vel' has more than one type associated. Only topics with one type are supported
[ros2-13] [ERROR] [1786737679.547128911] [ROSBAG2_TRANSPORT]: Topic '/web_vel' has more than one type associated. Only topics with one type are supported
[ros2-13] [ERROR] [1786737679.649214073] [ROSBAG2_TRANSPORT]: Topic '/web_vel' has more than one type associated. Only topics with one type are supported
[ros2-13] [ERROR] [1786737679.752199669] [ROSBAG2_TRANSPORT]: Topic '/web_vel' has more than one type associated. Only topics with one type are supported
[ros2-13] [ERROR] [1786737679.854896882] [ROSBAG2_TRANSPORT]: Topic '/web_vel' has more than one type associated. Only topics with one type are supported
[ros2-13] [ERROR] [1786737679.957255096] [ROSBAG2_TRANSPORT]: Topic '/web_vel' has more than one type associated. Only topics with one type are supported
[ros2-13] [ERROR] [1786737680.059524831] [ROSBAG2_TRANSPORT]: Topic '/web_vel' has more than one type associated. Only topics with one type are supported
[ros2-13] [ERROR] [1786737680.161687444] [ROSBAG2_TRANSPORT]: Topic '/web_vel' has more than one type associated. Only topics with one type are supported
[ros2-13] [ERROR] [1786737680.263910830] [ROSBAG2_TRANSPORT]: Topic '/web_vel' has more than one type associated. Only topics with one type are supported
[ros2-13] [ERROR] [1786737680.365922121] [ROSBAG2_TRANSPORT]: Topic '/web_vel' has more than one type associated. Only topics with one type are supported
[ros2-13] [ERROR] [1786737680.468773912] [ROSBAG2_TRANSPORT]: Topic '/web_vel' has more than one type associated. Only topics with one type are supported
[ros2-13] [ERROR] [1786737680.571096062] [ROSBAG2_TRANSPORT]: Topic '/web_vel' has more than one type associated. Only topics with one type are supported
[ros2-13] [ERROR] [1786737680.673095836] [ROSBAG2_TRANSPORT]: Topic '/web_vel' has more than one type associated. Only topics with one type are supported
[ros2-13] [ERROR] [1786737680.775140078] [ROSBAG2_TRANSPORT]: Topic '/web_vel' has more than one type associated. Only topics with one type are supported
[ros2-13] [ERROR] [1786737680.878383181] [ROSBAG2_TRANSPORT]: Topic '/web_vel' has more than one type associated. Only topics with one type are supported
[ros2-13] [ERROR] [1786737680.980749463] [ROSBAG2_TRANSPORT]: Topic '/web_vel' has more than one type associated. Only topics with one type are supported
[ros2-13] [ERROR] [1786737681.082706531] [ROSBAG2_TRANSPORT]: Topic '/web_vel' has more than one type associated. Only topics with one type are supported
[ros2-13] [ERROR] [1786737681.184836714] [ROSBAG2_TRANSPORT]: Topic '/web_vel' has more than one type associated. Only topics with one type are supported
[ros2-13] [ERROR] [1786737681.287333632] [ROSBAG2_TRANSPORT]: Topic '/web_vel' has more than one type associated. Only topics with one type are supported
[ros2-13] [ERROR] [1786737681.389605548] [ROSBAG2_TRANSPORT]: Topic '/web_vel' has more than one type associated. Only topics with one type are supported
[ros2-13] [ERROR] [1786737681.492353691] [ROSBAG2_TRANSPORT]: Topic '/web_vel' has more than one type associated. Only topics with one type are supported
[path_follower-12] [WARN] [1786737681.558075307] [path_follower]: sem TF camera_init<-map (Could not find a connection between 'camera_init' and 'map' because they are not part of the same tree.Tf has two or more unconnected trees.); o plano não pode ser usado — dirigir com ele seria o defeito de 14-08 de volta
[ros2-13] [ERROR] [1786737681.595041361] [ROSBAG2_TRANSPORT]: Topic '/web_vel' has more than one type associated. Only topics with one type are supported
[ros2-13] [ERROR] [1786737681.697230748] [ROSBAG2_TRANSPORT]: Topic '/web_vel' has more than one type associated. Only topics with one type are supported
[ros2-13] [ERROR] [1786737681.799853695] [ROSBAG2_TRANSPORT]: Topic '/web_vel' has more than one type associated. Only topics with one type are supported
[ros2-13] [ERROR] [1786737681.902478933] [ROSBAG2_TRANSPORT]: Topic '/web_vel' has more than one type associated. Only topics with one type are supported
[ros2-13] [ERROR] [1786737682.004870085] [ROSBAG2_TRANSPORT]: Topic '/web_vel' has more than one type associated. Only topics with one type are supported
[ros2-13] [ERROR] [1786737682.107211644] [ROSBAG2_TRANSPORT]: Topic '/web_vel' has more than one type associated. Only topics with one type are supported
[ros2-13] [ERROR] [1786737682.210156820] [ROSBAG2_TRANSPORT]: Topic '/web_vel' has more than one type associated. Only topics with one type are supported
[ros2-13] [ERROR] [1786737682.312221765] [ROSBAG2_TRANSPORT]: Topic '/web_vel' has more than one type associated. Only topics with one type are supported
[ros2-13] [ERROR] [1786737682.414612110] [ROSBAG2_TRANSPORT]: Topic '/web_vel' has more than one type associated. Only topics with one type are supported
[ros2-13] [ERROR] [1786737682.516979644] [ROSBAG2_TRANSPORT]: Topic '/web_vel' has more than one type associated. Only topics with one type are supported
[ros2-13] [ERROR] [1786737682.619391491] [ROSBAG2_TRANSPORT]: Topic '/web_vel' has more than one type associated. Only topics with one type are supported
[ros2-13] [ERROR] [1786737682.722114501] [ROSBAG2_TRANSPORT]: Topic '/web_vel' has more than one type associated. Only topics with one type are supported
[ros2-13] [ERROR] [1786737682.824480397] [ROSBAG2_TRANSPORT]: Topic '/web_vel' has more than one type associated. Only topics with one type are supported
[ros2-13] [ERROR] [1786737682.926973764] [ROSBAG2_TRANSPORT]: Topic '/web_vel' has more than one type associated. Only topics with one type are supported
[ros2-13] [ERROR] [1786737683.029912062] [ROSBAG2_TRANSPORT]: Topic '/web_vel' has more than one type associated. Only topics with one type are supported
[ros2-13] [ERROR] [1786737683.133460839] [ROSBAG2_TRANSPORT]: Topic '/web_vel' has more than one type associated. Only topics with one type are supported
[ros2-13] [ERROR] [1786737683.236429116] [ROSBAG2_TRANSPORT]: Topic '/web_vel' has more than one type associated. Only topics with one type are supported
[ros2-13] [ERROR] [1786737683.339310376] [ROSBAG2_TRANSPORT]: Topic '/web_vel' has more than one type associated. Only topics with one type are supported
[ros2-13] [ERROR] [1786737683.441562449] [ROSBAG2_TRANSPORT]: Topic '/web_vel' has more than one type associated. Only topics with one type are supported
[ros2-13] [ERROR] [1786737683.544412710] [ROSBAG2_TRANSPORT]: Topic '/web_vel' has more than one type associated. Only topics with one type are supported
[ros2-13] [ERROR] [1786737683.646513633] [ROSBAG2_TRANSPORT]: Topic '/web_vel' has more than one type associated. Only topics with one type are supported
[ros2-13] [ERROR] [1786737683.749648710] [ROSBAG2_TRANSPORT]: Topic '/web_vel' has more than one type associated. Only topics with one type are supported
[ros2-13] [ERROR] [1786737683.851999446] [ROSBAG2_TRANSPORT]: Topic '/web_vel' has more than one type associated. Only topics with one type are supported
[ros2-13] [ERROR] [1786737683.954103893] [ROSBAG2_TRANSPORT]: Topic '/web_vel' has more than one type associated. Only topics with one type are supported
[ros2-13] [ERROR] [1786737684.056430484] [ROSBAG2_TRANSPORT]: Topic '/web_vel' has more than one type associated. Only topics with one type are supported
[ros2-13] [ERROR] [1786737684.159294165] [ROSBAG2_TRANSPORT]: Topic '/web_vel' has more than one type associated. Only topics with one type are supported
[ros2-13] [ERROR] [1786737684.261588931] [ROSBAG2_TRANSPORT]: Topic '/web_vel' has more than one type associated. Only topics with one type are supported
[ros2-13] [ERROR] [1786737684.363778001] [ROSBAG2_TRANSPORT]: Topic '/web_vel' has more than one type associated. Only topics with one type are supported
[ros2-13] [ERROR] [1786737684.465873565] [ROSBAG2_TRANSPORT]: Topic '/web_vel' has more than one type associated. Only topics with one type are supported
[ros2-13] [ERROR] [1786737684.568948707] [ROSBAG2_TRANSPORT]: Topic '/web_vel' has more than one type associated. Only topics with one type are supported
[ros2-13] [ERROR] [1786737684.671279375] [ROSBAG2_TRANSPORT]: Topic '/web_vel' has more than one type associated. Only topics with one type are supported
[ros2-13] [ERROR] [1786737684.773997369] [ROSBAG2_TRANSPORT]: Topic '/web_vel' has more than one type associated. Only topics with one type are supported
[ros2-13] [ERROR] [1786737684.876803099] [ROSBAG2_TRANSPORT]: Topic '/web_vel' has more than one type associated. Only topics with one type are supported
[ros2-13] [ERROR] [1786737684.979864986] [ROSBAG2_TRANSPORT]: Topic '/web_vel' has more than one type associated. Only topics with one type are supported
[ros2-13] [ERROR] [1786737685.082077638] [ROSBAG2_TRANSPORT]: Topic '/web_vel' has more than one type associated. Only topics with one type are supported
[ros2-13] [ERROR] [1786737685.184548314] [ROSBAG2_TRANSPORT]: Topic '/web_vel' has more than one type associated. Only topics with one type are supported
[ros2-13] [ERROR] [1786737685.286870020] [ROSBAG2_TRANSPORT]: Topic '/web_vel' has more than one type associated. Only topics with one type are supported
[ros2-13] [ERROR] [1786737685.389356297] [ROSBAG2_TRANSPORT]: Topic '/web_vel' has more than one type associated. Only topics with one type are supported
[ros2-13] [ERROR] [1786737685.491640031] [ROSBAG2_TRANSPORT]: Topic '/web_vel' has more than one type associated. Only topics with one type are supported
[ros2-13] [ERROR] [1786737685.594269237] [ROSBAG2_TRANSPORT]: Topic '/web_vel' has more than one type associated. Only topics with one type are supported
[ros2-13] [ERROR] [1786737685.696646218] [ROSBAG2_TRANSPORT]: Topic '/web_vel' has more than one type associated. Only topics with one type are supported
[ros2-13] [ERROR] [1786737685.799166810] [ROSBAG2_TRANSPORT]: Topic '/web_vel' has more than one type associated. Only topics with one type are supported
[ros2-13] [ERROR] [1786737685.901697372] [ROSBAG2_TRANSPORT]: Topic '/web_vel' has more than one type associated. Only topics with one type are supported
[ros2-13] [ERROR] [1786737686.004858791] [ROSBAG2_TRANSPORT]: Topic '/web_vel' has more than one type associated. Only topics with one type are supported
[ros2-13] [ERROR] [1786737686.107497131] [ROSBAG2_TRANSPORT]: Topic '/web_vel' has more than one type associated. Only topics with one type are supported
[ros2-13] [ERROR] [1786737686.211085965] [ROSBAG2_TRANSPORT]: Topic '/web_vel' has more than one type associated. Only topics with one type are supported
[ros2-13] [ERROR] [1786737686.314113243] [ROSBAG2_TRANSPORT]: Topic '/web_vel' has more than one type associated. Only topics with one type are supported
[ros2-13] [ERROR] [1786737686.417495164] [ROSBAG2_TRANSPORT]: Topic '/web_vel' has more than one type associated. Only topics with one type are supported
[ros2-13] [ERROR] [1786737686.520383007] [ROSBAG2_TRANSPORT]: Topic '/web_vel' has more than one type associated. Only topics with one type are supported
[path_follower-12] [WARN] [1786737686.558940099] [path_follower]: sem TF camera_init<-map (Could not find a connection between 'camera_init' and 'map' because they are not part of the same tree.Tf has two or more unconnected trees.); o plano não pode ser usado — dirigir com ele seria o defeito de 14-08 de volta
[ros2-13] [ERROR] [1786737686.623191626] [ROSBAG2_TRANSPORT]: Topic '/web_vel' has more than one type associated. Only topics with one type are supported
[ros2-13] [ERROR] [1786737686.726220067] [ROSBAG2_TRANSPORT]: Topic '/web_vel' has more than one type associated. Only topics with one type are supported
[ros2-13] [ERROR] [1786737686.828996382] [ROSBAG2_TRANSPORT]: Topic '/web_vel' has more than one type associated. Only topics with one type are supported
[ros2-13] [ERROR] [1786737686.932167680] [ROSBAG2_TRANSPORT]: Topic '/web_vel' has more than one type associated. Only topics with one type are supported
[ros2-13] [ERROR] [1786737687.035357498] [ROSBAG2_TRANSPORT]: Topic '/web_vel' has more than one type associated. Only topics with one type are supported
[ros2-13] [ERROR] [1786737687.138774150] [ROSBAG2_TRANSPORT]: Topic '/web_vel' has more than one type associated. Only topics with one type are supported
[ros2-13] [ERROR] [1786737687.242289980] [ROSBAG2_TRANSPORT]: Topic '/web_vel' has more than one type associated. Only topics with one type are supported
[ros2-13] [ERROR] [1786737687.344628624] [ROSBAG2_TRANSPORT]: Topic '/web_vel' has more than one type associated. Only topics with one type are supported
[ros2-13] [ERROR] [1786737687.447289788] [ROSBAG2_TRANSPORT]: Topic '/web_vel' has more than one type associated. Only topics with one type are supported
[ros2-13] [ERROR] [1786737687.550374678] [ROSBAG2_TRANSPORT]: Topic '/web_vel' has more than one type associated. Only topics with one type are supported
[ros2-13] [ERROR] [1786737687.652663512] [ROSBAG2_TRANSPORT]: Topic '/web_vel' has more than one type associated. Only topics with one type are supported
[ros2-13] [ERROR] [1786737687.755393615] [ROSBAG2_TRANSPORT]: Topic '/web_vel' has more than one type associated. Only topics with one type are supported
[ros2-13] [ERROR] [1786737687.858302340] [ROSBAG2_TRANSPORT]: Topic '/web_vel' has more than one type associated. Only topics with one type are supported
[ros2-13] [ERROR] [1786737687.960871483] [ROSBAG2_TRANSPORT]: Topic '/web_vel' has more than one type associated. Only topics with one type are supported
[ros2-13] [ERROR] [1786737688.064320495] [ROSBAG2_TRANSPORT]: Topic '/web_vel' has more than one type associated. Only topics with one type are supported
[ros2-13] [ERROR] [1786737688.166912549] [ROSBAG2_TRANSPORT]: Topic '/web_vel' has more than one type associated. Only topics with one type are supported
[ros2-13] [ERROR] [1786737688.269170935] [ROSBAG2_TRANSPORT]: Topic '/web_vel' has more than one type associated. Only topics with one type are supported
[ros2-13] [ERROR] [1786737688.371582071] [ROSBAG2_TRANSPORT]: Topic '/web_vel' has more than one type associated. Only topics with one type are supported
[ros2-13] [ERROR] [1786737688.474464420] [ROSBAG2_TRANSPORT]: Topic '/web_vel' has more than one type associated. Only topics with one type are supported
[ros2-13] [ERROR] [1786737688.577405570] [ROSBAG2_TRANSPORT]: Topic '/web_vel' has more than one type associated. Only topics with one type are supported
[ros2-13] [ERROR] [1786737688.679529952] [ROSBAG2_TRANSPORT]: Topic '/web_vel' has more than one type associated. Only topics with one type are supported
[ros2-13] [ERROR] [1786737688.782027872] [ROSBAG2_TRANSPORT]: Topic '/web_vel' has more than one type associated. Only topics with one type are supported
[ros2-13] [ERROR] [1786737688.884217164] [ROSBAG2_TRANSPORT]: Topic '/web_vel' has more than one type associated. Only topics with one type are supported
[ros2-13] [ERROR] [1786737688.986299282] [ROSBAG2_TRANSPORT]: Topic '/web_vel' has more than one type associated. Only topics with one type are supported
[ros2-13] [ERROR] [1786737689.089029049] [ROSBAG2_TRANSPORT]: Topic '/web_vel' has more than one type associated. Only topics with one type are supported
[ros2-13] [ERROR] [1786737689.191977876] [ROSBAG2_TRANSPORT]: Topic '/web_vel' has more than one type associated. Only topics with one type are supported
[ros2-13] [ERROR] [1786737689.294896147] [ROSBAG2_TRANSPORT]: Topic '/web_vel' has more than one type associated. Only topics with one type are supported
[ros2-13] [ERROR] [1786737689.397285902] [ROSBAG2_TRANSPORT]: Topic '/web_vel' has more than one type associated. Only topics with one type are supported
[ros2-13] [ERROR] [1786737689.500038700] [ROSBAG2_TRANSPORT]: Topic '/web_vel' has more than one type associated. Only topics with one type are supported
[ros2-13] [ERROR] [1786737689.602947376] [ROSBAG2_TRANSPORT]: Topic '/web_vel' has more than one type associated. Only topics with one type are supported
[ros2-13] [ERROR] [1786737689.705114957] [ROSBAG2_TRANSPORT]: Topic '/web_vel' has more than one type associated. Only topics with one type are supported
[ros2-13] [ERROR] [1786737689.807082623] [ROSBAG2_TRANSPORT]: Topic '/web_vel' has more than one type associated. Only topics with one type are supported
[ros2-13] [ERROR] [1786737689.909088288] [ROSBAG2_TRANSPORT]: Topic '/web_vel' has more than one type associated. Only topics with one type are supported
[ros2-13] [ERROR] [1786737690.011084021] [ROSBAG2_TRANSPORT]: Topic '/web_vel' has more than one type associated. Only topics with one type are supported
[ros2-13] [ERROR] [1786737690.113112002] [ROSBAG2_TRANSPORT]: Topic '/web_vel' has more than one type associated. Only topics with one type are supported
[ros2-13] [ERROR] [1786737690.215466282] [ROSBAG2_TRANSPORT]: Topic '/web_vel' has more than one type associated. Only topics with one type are supported
[ros2-13] [ERROR] [1786737690.318170265] [ROSBAG2_TRANSPORT]: Topic '/web_vel' has more than one type associated. Only topics with one type are supported
[ros2-13] [ERROR] [1786737690.420749071] [ROSBAG2_TRANSPORT]: Topic '/web_vel' has more than one type associated. Only topics with one type are supported
[ros2-13] [ERROR] [1786737690.524171405] [ROSBAG2_TRANSPORT]: Topic '/web_vel' has more than one type associated. Only topics with one type are supported
[ros2-13] [ERROR] [1786737690.626624500] [ROSBAG2_TRANSPORT]: Topic '/web_vel' has more than one type associated. Only topics with one type are supported
[ros2-13] [ERROR] [1786737690.729755425] [ROSBAG2_TRANSPORT]: Topic '/web_vel' has more than one type associated. Only topics with one type are supported
[ros2-13] [ERROR] [1786737690.832826868] [ROSBAG2_TRANSPORT]: Topic '/web_vel' has more than one type associated. Only topics with one type are supported
[ros2-13] [ERROR] [1786737690.935247087] [ROSBAG2_TRANSPORT]: Topic '/web_vel' has more than one type associated. Only topics with one type are supported
[ros2-13] [ERROR] [1786737691.037696587] [ROSBAG2_TRANSPORT]: Topic '/web_vel' has more than one type associated. Only topics with one type are supported
[ros2-13] [ERROR] [1786737691.139804401] [ROSBAG2_TRANSPORT]: Topic '/web_vel' has more than one type associated. Only topics with one type are supported
[ros2-13] [ERROR] [1786737691.241953734] [ROSBAG2_TRANSPORT]: Topic '/web_vel' has more than one type associated. Only topics with one type are supported
[ros2-13] [ERROR] [1786737691.344306612] [ROSBAG2_TRANSPORT]: Topic '/web_vel' has more than one type associated. Only topics with one type are supported
[ros2-13] [ERROR] [1786737691.446346417] [ROSBAG2_TRANSPORT]: Topic '/web_vel' has more than one type associated. Only topics with one type are supported
[ros2-13] [ERROR] [1786737691.549259660] [ROSBAG2_TRANSPORT]: Topic '/web_vel' has more than one type associated. Only topics with one type are supported
[path_follower-12] [WARN] [1786737691.607984140] [path_follower]: sem TF camera_init<-map (Could not find a connection between 'camera_init' and 'map' because they are not part of the same tree.Tf has two or more unconnected trees.); o plano não pode ser usado — dirigir com ele seria o defeito de 14-08 de volta
[ros2-13] [ERROR] [1786737691.651619691] [ROSBAG2_TRANSPORT]: Topic '/web_vel' has more than one type associated. Only topics with one type are supported
[ros2-13] [ERROR] [1786737691.754696329] [ROSBAG2_TRANSPORT]: Topic '/web_vel' has more than one type associated. Only topics with one type are supported
[ros2-13] [ERROR] [1786737691.857299994] [ROSBAG2_TRANSPORT]: Topic '/web_vel' has more than one type associated. Only topics with one type are supported
[ros2-13] [ERROR] [1786737691.959307494] [ROSBAG2_TRANSPORT]: Topic '/web_vel' has more than one type associated. Only topics with one type are supported
[ros2-13] [ERROR] [1786737692.062043705] [ROSBAG2_TRANSPORT]: Topic '/web_vel' has more than one type associated. Only topics with one type are supported
[ros2-13] [ERROR] [1786737692.164424924] [ROSBAG2_TRANSPORT]: Topic '/web_vel' has more than one type associated. Only topics with one type are supported
[ros2-13] [ERROR] [1786737692.266570445] [ROSBAG2_TRANSPORT]: Topic '/web_vel' has more than one type associated. Only topics with one type are supported
[ros2-13] [ERROR] [1786737692.368826625] [ROSBAG2_TRANSPORT]: Topic '/web_vel' has more than one type associated. Only topics with one type are supported
[ros2-13] [ERROR] [1786737692.470988979] [ROSBAG2_TRANSPORT]: Topic '/web_vel' has more than one type associated. Only topics with one type are supported
[ros2-13] [ERROR] [1786737692.573351655] [ROSBAG2_TRANSPORT]: Topic '/web_vel' has more than one type associated. Only topics with one type are supported
[ros2-13] [ERROR] [1786737692.675601648] [ROSBAG2_TRANSPORT]: Topic '/web_vel' has more than one type associated. Only topics with one type are supported
[ros2-13] [ERROR] [1786737692.778239894] [ROSBAG2_TRANSPORT]: Topic '/web_vel' has more than one type associated. Only topics with one type are supported
[ros2-13] [ERROR] [1786737692.880189683] [ROSBAG2_TRANSPORT]: Topic '/web_vel' has more than one type associated. Only topics with one type are supported
[ros2-13] [ERROR] [1786737692.982147600] [ROSBAG2_TRANSPORT]: Topic '/web_vel' has more than one type associated. Only topics with one type are supported
[ros2-13] [ERROR] [1786737693.084214153] [ROSBAG2_TRANSPORT]: Topic '/web_vel' has more than one type associated. Only topics with one type are supported
[ros2-13] [ERROR] [1786737693.186204954] [ROSBAG2_TRANSPORT]: Topic '/web_vel' has more than one type associated. Only topics with one type are supported
[ros2-13] [ERROR] [1786737693.288818602] [ROSBAG2_TRANSPORT]: Topic '/web_vel' has more than one type associated. Only topics with one type are supported
[ros2-13] [ERROR] [1786737693.392133990] [ROSBAG2_TRANSPORT]: Topic '/web_vel' has more than one type associated. Only topics with one type are supported
[ros2-13] [ERROR] [1786737693.495095306] [ROSBAG2_TRANSPORT]: Topic '/web_vel' has more than one type associated. Only topics with one type are supported
[ros2-13] [ERROR] [1786737693.597475632] [ROSBAG2_TRANSPORT]: Topic '/web_vel' has more than one type associated. Only topics with one type are supported
[ros2-13] [ERROR] [1786737693.699601945] [ROSBAG2_TRANSPORT]: Topic '/web_vel' has more than one type associated. Only topics with one type are supported
[ros2-13] [ERROR] [1786737693.801612242] [ROSBAG2_TRANSPORT]: Topic '/web_vel' has more than one type associated. Only topics with one type are supported
[ros2-13] [ERROR] [1786737693.904223147] [ROSBAG2_TRANSPORT]: Topic '/web_vel' has more than one type associated. Only topics with one type are supported
[ros2-13] [ERROR] [1786737694.006448059] [ROSBAG2_TRANSPORT]: Topic '/web_vel' has more than one type associated. Only topics with one type are supported
[ros2-13] [ERROR] [1786737694.108407468] [ROSBAG2_TRANSPORT]: Topic '/web_vel' has more than one type associated. Only topics with one type are supported
[ros2-13] [ERROR] [1786737694.210577940] [ROSBAG2_TRANSPORT]: Topic '/web_vel' has more than one type associated. Only topics with one type are supported
[ros2-13] [ERROR] [1786737694.313099399] [ROSBAG2_TRANSPORT]: Topic '/web_vel' has more than one type associated. Only topics with one type are supported
[ros2-13] [ERROR] [1786737694.415282331] [ROSBAG2_TRANSPORT]: Topic '/web_vel' has more than one type associated. Only topics with one type are supported
[ros2-13] [ERROR] [1786737694.517216146] [ROSBAG2_TRANSPORT]: Topic '/web_vel' has more than one type associated. Only topics with one type are supported
[ros2-13] [ERROR] [1786737694.619502111] [ROSBAG2_TRANSPORT]: Topic '/web_vel' has more than one type associated. Only topics with one type are supported
[ros2-13] [ERROR] [1786737694.721823167] [ROSBAG2_TRANSPORT]: Topic '/web_vel' has more than one type associated. Only topics with one type are supported
[ros2-13] [ERROR] [1786737694.824133611] [ROSBAG2_TRANSPORT]: Topic '/web_vel' has more than one type associated. Only topics with one type are supported
[ros2-13] [ERROR] [1786737694.926381215] [ROSBAG2_TRANSPORT]: Topic '/web_vel' has more than one type associated. Only topics with one type are supported
[ros2-13] [ERROR] [1786737695.028941654] [ROSBAG2_TRANSPORT]: Topic '/web_vel' has more than one type associated. Only topics with one type are supported
[ros2-13] [ERROR] [1786737695.131464747] [ROSBAG2_TRANSPORT]: Topic '/web_vel' has more than one type associated. Only topics with one type are supported
[ros2-13] [ERROR] [1786737695.234251120] [ROSBAG2_TRANSPORT]: Topic '/web_vel' has more than one type associated. Only topics with one type are supported
[ros2-13] [ERROR] [1786737695.336609556] [ROSBAG2_TRANSPORT]: Topic '/web_vel' has more than one type associated. Only topics with one type are supported
[ros2-13] [ERROR] [1786737695.438878068] [ROSBAG2_TRANSPORT]: Topic '/web_vel' has more than one type associated. Only topics with one type are supported
[ros2-13] [ERROR] [1786737695.541234403] [ROSBAG2_TRANSPORT]: Topic '/web_vel' has more than one type associated. Only topics with one type are supported
[ros2-13] [ERROR] [1786737695.643187591] [ROSBAG2_TRANSPORT]: Topic '/web_vel' has more than one type associated. Only topics with one type are supported
[ros2-13] [ERROR] [1786737695.745040378] [ROSBAG2_TRANSPORT]: Topic '/web_vel' has more than one type associated. Only topics with one type are supported
[ros2-13] [ERROR] [1786737695.846989988] [ROSBAG2_TRANSPORT]: Topic '/web_vel' has more than one type associated. Only topics with one type are supported
[ros2-13] [ERROR] [1786737695.949311616] [ROSBAG2_TRANSPORT]: Topic '/web_vel' has more than one type associated. Only topics with one type are supported
[ros2-13] [ERROR] [1786737696.051612395] [ROSBAG2_TRANSPORT]: Topic '/web_vel' has more than one type associated. Only topics with one type are supported
[ros2-13] [ERROR] [1786737696.153661526] [ROSBAG2_TRANSPORT]: Topic '/web_vel' has more than one type associated. Only topics with one type are supported
[ros2-13] [ERROR] [1786737696.255938982] [ROSBAG2_TRANSPORT]: Topic '/web_vel' has more than one type associated. Only topics with one type are supported
[ros2-13] [ERROR] [1786737696.358403366] [ROSBAG2_TRANSPORT]: Topic '/web_vel' has more than one type associated. Only topics with one type are supported
[ros2-13] [ERROR] [1786737696.460576019] [ROSBAG2_TRANSPORT]: Topic '/web_vel' has more than one type associated. Only topics with one type are supported
[ros2-13] [ERROR] [1786737696.562617837] [ROSBAG2_TRANSPORT]: Topic '/web_vel' has more than one type associated. Only topics with one type are supported
[path_follower-12] [WARN] [1786737696.608092675] [path_follower]: sem TF camera_init<-map (Could not find a connection between 'camera_init' and 'map' because they are not part of the same tree.Tf has two or more unconnected trees.); o plano não pode ser usado — dirigir com ele seria o defeito de 14-08 de volta
[ros2-13] [ERROR] [1786737696.664751857] [ROSBAG2_TRANSPORT]: Topic '/web_vel' has more than one type associated. Only topics with one type are supported
[ros2-13] [ERROR] [1786737696.767249194] [ROSBAG2_TRANSPORT]: Topic '/web_vel' has more than one type associated. Only topics with one type are supported
[ros2-13] [ERROR] [1786737696.869709423] [ROSBAG2_TRANSPORT]: Topic '/web_vel' has more than one type associated. Only topics with one type are supported
[ros2-13] [ERROR] [1786737696.972732542] [ROSBAG2_TRANSPORT]: Topic '/web_vel' has more than one type associated. Only topics with one type are supported
[ros2-13] [ERROR] [1786737697.075134427] [ROSBAG2_TRANSPORT]: Topic '/web_vel' has more than one type associated. Only topics with one type are supported
[ros2-13] [ERROR] [1786737697.177657492] [ROSBAG2_TRANSPORT]: Topic '/web_vel' has more than one type associated. Only topics with one type are supported
[ros2-13] [ERROR] [1786737697.279645273] [ROSBAG2_TRANSPORT]: Topic '/web_vel' has more than one type associated. Only topics with one type are supported
[ros2-13] [ERROR] [1786737697.381929469] [ROSBAG2_TRANSPORT]: Topic '/web_vel' has more than one type associated. Only topics with one type are supported
[ros2-13] [ERROR] [1786737697.484217320] [ROSBAG2_TRANSPORT]: Topic '/web_vel' has more than one type associated. Only topics with one type are supported
[ros2-13] [ERROR] [1786737697.586331231] [ROSBAG2_TRANSPORT]: Topic '/web_vel' has more than one type associated. Only topics with one type are supported
[ros2-13] [ERROR] [1786737697.689324860] [ROSBAG2_TRANSPORT]: Topic '/web_vel' has more than one type associated. Only topics with one type are supported
[ros2-13] [ERROR] [1786737697.791679668] [ROSBAG2_TRANSPORT]: Topic '/web_vel' has more than one type associated. Only topics with one type are supported
[ros2-13] [ERROR] [1786737697.894779662] [ROSBAG2_TRANSPORT]: Topic '/web_vel' has more than one type associated. Only topics with one type are supported
[ros2-13] [ERROR] [1786737697.997689220] [ROSBAG2_TRANSPORT]: Topic '/web_vel' has more than one type associated. Only topics with one type are supported
[ros2-13] [ERROR] [1786737698.100058400] [ROSBAG2_TRANSPORT]: Topic '/web_vel' has more than one type associated. Only topics with one type are supported
[ros2-13] [ERROR] [1786737698.202587843] [ROSBAG2_TRANSPORT]: Topic '/web_vel' has more than one type associated. Only topics with one type are supported
[ros2-13] [ERROR] [1786737698.305635205] [ROSBAG2_TRANSPORT]: Topic '/web_vel' has more than one type associated. Only topics with one type are supported
[ros2-13] [ERROR] [1786737698.407795425] [ROSBAG2_TRANSPORT]: Topic '/web_vel' has more than one type associated. Only topics with one type are supported
[ros2-13] [ERROR] [1786737698.510713714] [ROSBAG2_TRANSPORT]: Topic '/web_vel' has more than one type associated. Only topics with one type are supported
[ros2-13] [ERROR] [1786737698.613141835] [ROSBAG2_TRANSPORT]: Topic '/web_vel' has more than one type associated. Only topics with one type are supported
[ros2-13] [ERROR] [1786737698.716818176] [ROSBAG2_TRANSPORT]: Topic '/web_vel' has more than one type associated. Only topics with one type are supported
[ros2-13] [ERROR] [1786737698.819490926] [ROSBAG2_TRANSPORT]: Topic '/web_vel' has more than one type associated. Only topics with one type are supported
[ros2-13] [ERROR] [1786737698.921651833] [ROSBAG2_TRANSPORT]: Topic '/web_vel' has more than one type associated. Only topics with one type are supported
[ros2-13] [ERROR] [1786737699.024304097] [ROSBAG2_TRANSPORT]: Topic '/web_vel' has more than one type associated. Only topics with one type are supported
[ros2-13] [ERROR] [1786737699.126472425] [ROSBAG2_TRANSPORT]: Topic '/web_vel' has more than one type associated. Only topics with one type are supported
[ros2-13] [ERROR] [1786737699.229565858] [ROSBAG2_TRANSPORT]: Topic '/web_vel' has more than one type associated. Only topics with one type are supported
[ros2-13] [ERROR] [1786737699.331895655] [ROSBAG2_TRANSPORT]: Topic '/web_vel' has more than one type associated. Only topics with one type are supported
[ros2-13] [ERROR] [1786737699.434087030] [ROSBAG2_TRANSPORT]: Topic '/web_vel' has more than one type associated. Only topics with one type are supported
[ros2-13] [ERROR] [1786737699.536847898] [ROSBAG2_TRANSPORT]: Topic '/web_vel' has more than one type associated. Only topics with one type are supported
[ros2-13] [ERROR] [1786737699.639138101] [ROSBAG2_TRANSPORT]: Topic '/web_vel' has more than one type associated. Only topics with one type are supported
[ros2-13] [ERROR] [1786737699.741678017] [ROSBAG2_TRANSPORT]: Topic '/web_vel' has more than one type associated. Only topics with one type are supported
[ros2-13] [ERROR] [1786737699.844470190] [ROSBAG2_TRANSPORT]: Topic '/web_vel' has more than one type associated. Only topics with one type are supported
[ros2-13] [ERROR] [1786737699.947243251] [ROSBAG2_TRANSPORT]: Topic '/web_vel' has more than one type associated. Only topics with one type are supported
[ros2-13] [ERROR] [1786737700.049982673] [ROSBAG2_TRANSPORT]: Topic '/web_vel' has more than one type associated. Only topics with one type are supported
[ros2-13] [ERROR] [1786737700.152118333] [ROSBAG2_TRANSPORT]: Topic '/web_vel' has more than one type associated. Only topics with one type are supported
[ros2-13] [ERROR] [1786737700.254671165] [ROSBAG2_TRANSPORT]: Topic '/web_vel' has more than one type associated. Only topics with one type are supported
[ros2-13] [ERROR] [1786737700.356785686] [ROSBAG2_TRANSPORT]: Topic '/web_vel' has more than one type associated. Only topics with one type are supported
[ros2-13] [ERROR] [1786737700.459490230] [ROSBAG2_TRANSPORT]: Topic '/web_vel' has more than one type associated. Only topics with one type are supported
[ros2-13] [ERROR] [1786737700.562578568] [ROSBAG2_TRANSPORT]: Topic '/web_vel' has more than one type associated. Only topics with one type are supported
[ros2-13] [ERROR] [1786737700.665155289] [ROSBAG2_TRANSPORT]: Topic '/web_vel' has more than one type associated. Only topics with one type are supported
[ros2-13] [ERROR] [1786737700.767624516] [ROSBAG2_TRANSPORT]: Topic '/web_vel' has more than one type associated. Only topics with one type are supported
[ros2-13] [ERROR] [1786737700.869758527] [ROSBAG2_TRANSPORT]: Topic '/web_vel' has more than one type associated. Only topics with one type are supported
[ros2-13] [ERROR] [1786737700.971933092] [ROSBAG2_TRANSPORT]: Topic '/web_vel' has more than one type associated. Only topics with one type are supported
[ros2-13] [ERROR] [1786737701.074119869] [ROSBAG2_TRANSPORT]: Topic '/web_vel' has more than one type associated. Only topics with one type are supported
[ros2-13] [ERROR] [1786737701.176291262] [ROSBAG2_TRANSPORT]: Topic '/web_vel' has more than one type associated. Only topics with one type are supported
[ros2-13] [ERROR] [1786737701.278430832] [ROSBAG2_TRANSPORT]: Topic '/web_vel' has more than one type associated. Only topics with one type are supported
[ros2-13] [ERROR] [1786737701.381455272] [ROSBAG2_TRANSPORT]: Topic '/web_vel' has more than one type associated. Only topics with one type are supported
[ros2-13] [ERROR] [1786737701.484689694] [ROSBAG2_TRANSPORT]: Topic '/web_vel' has more than one type associated. Only topics with one type are supported
[ros2-13] [ERROR] [1786737701.587051398] [ROSBAG2_TRANSPORT]: Topic '/web_vel' has more than one type associated. Only topics with one type are supported
[path_follower-12] [WARN] [1786737701.658078313] [path_follower]: sem TF camera_init<-map (Could not find a connection between 'camera_init' and 'map' because they are not part of the same tree.Tf has two or more unconnected trees.); o plano não pode ser usado — dirigir com ele seria o defeito de 14-08 de volta
[ros2-13] [ERROR] [1786737701.689295805] [ROSBAG2_TRANSPORT]: Topic '/web_vel' has more than one type associated. Only topics with one type are supported
[ros2-13] [ERROR] [1786737701.792031824] [ROSBAG2_TRANSPORT]: Topic '/web_vel' has more than one type associated. Only topics with one type are supported
[ros2-13] [ERROR] [1786737701.895077806] [ROSBAG2_TRANSPORT]: Topic '/web_vel' has more than one type associated. Only topics with one type are supported
[ros2-13] [ERROR] [1786737701.997447015] [ROSBAG2_TRANSPORT]: Topic '/web_vel' has more than one type associated. Only topics with one type are supported
[ros2-13] [ERROR] [1786737702.100501178] [ROSBAG2_TRANSPORT]: Topic '/web_vel' has more than one type associated. Only topics with one type are supported
[ros2-13] [ERROR] [1786737702.204765881] [ROSBAG2_TRANSPORT]: Topic '/web_vel' has more than one type associated. Only topics with one type are supported
[ros2-13] [ERROR] [1786737702.308410964] [ROSBAG2_TRANSPORT]: Topic '/web_vel' has more than one type associated. Only topics with one type are supported
[ros2-13] [ERROR] [1786737702.410580491] [ROSBAG2_TRANSPORT]: Topic '/web_vel' has more than one type associated. Only topics with one type are supported
[ros2-13] [ERROR] [1786737702.512677957] [ROSBAG2_TRANSPORT]: Topic '/web_vel' has more than one type associated. Only topics with one type are supported
[ros2-13] [ERROR] [1786737702.614861049] [ROSBAG2_TRANSPORT]: Topic '/web_vel' has more than one type associated. Only topics with one type are supported
[ros2-13] [ERROR] [1786737702.717295923] [ROSBAG2_TRANSPORT]: Topic '/web_vel' has more than one type associated. Only topics with one type are supported
[ros2-13] [ERROR] [1786737702.819620614] [ROSBAG2_TRANSPORT]: Topic '/web_vel' has more than one type associated. Only topics with one type are supported
[ros2-13] [ERROR] [1786737702.921752409] [ROSBAG2_TRANSPORT]: Topic '/web_vel' has more than one type associated. Only topics with one type are supported
[ros2-13] [ERROR] [1786737703.024043823] [ROSBAG2_TRANSPORT]: Topic '/web_vel' has more than one type associated. Only topics with one type are supported
[ros2-13] [ERROR] [1786737703.126494047] [ROSBAG2_TRANSPORT]: Topic '/web_vel' has more than one type associated. Only topics with one type are supported
[ros2-13] [ERROR] [1786737703.229933241] [ROSBAG2_TRANSPORT]: Topic '/web_vel' has more than one type associated. Only topics with one type are supported
[ros2-13] [ERROR] [1786737703.332976891] [ROSBAG2_TRANSPORT]: Topic '/web_vel' has more than one type associated. Only topics with one type are supported
[ros2-13] [ERROR] [1786737703.435576105] [ROSBAG2_TRANSPORT]: Topic '/web_vel' has more than one type associated. Only topics with one type are supported
[ros2-13] [ERROR] [1786737703.537793263] [ROSBAG2_TRANSPORT]: Topic '/web_vel' has more than one type associated. Only topics with one type are supported
[collision_monitor-9] [INFO] [1786737703.634580416] [collision_monitor]: Robot to stop due to PolygonStop polygon
[ros2-13] [ERROR] [1786737703.640049037] [ROSBAG2_TRANSPORT]: Topic '/web_vel' has more than one type associated. Only topics with one type are supported
[collision_monitor-9] [INFO] [1786737703.736636241] [collision_monitor]: Robot to continue normal operation
[ros2-13] [ERROR] [1786737703.742916476] [ROSBAG2_TRANSPORT]: Topic '/web_vel' has more than one type associated. Only topics with one type are supported
[collision_monitor-9] [INFO] [1786737703.838593322] [collision_monitor]: Robot to stop due to PolygonStop polygon
[ros2-13] [ERROR] [1786737703.846136402] [ROSBAG2_TRANSPORT]: Topic '/web_vel' has more than one type associated. Only topics with one type are supported
[ros2-13] [ERROR] [1786737703.948538220] [ROSBAG2_TRANSPORT]: Topic '/web_vel' has more than one type associated. Only topics with one type are supported
[ros2-13] [ERROR] [1786737704.050758863] [ROSBAG2_TRANSPORT]: Topic '/web_vel' has more than one type associated. Only topics with one type are supported
[collision_monitor-9] [INFO] [1786737704.133658988] [collision_monitor]: Robot to continue normal operation
[ros2-13] [ERROR] [1786737704.153551742] [ROSBAG2_TRANSPORT]: Topic '/web_vel' has more than one type associated. Only topics with one type are supported
[collision_monitor-9] [INFO] [1786737704.245392236] [collision_monitor]: Robot to stop due to PolygonStop polygon
[ros2-13] [ERROR] [1786737704.256466617] [ROSBAG2_TRANSPORT]: Topic '/web_vel' has more than one type associated. Only topics with one type are supported
[ros2-13] [ERROR] [1786737704.358891896] [ROSBAG2_TRANSPORT]: Topic '/web_vel' has more than one type associated. Only topics with one type are supported
[ros2-13] [ERROR] [1786737704.461132605] [ROSBAG2_TRANSPORT]: Topic '/web_vel' has more than one type associated. Only topics with one type are supported
[ros2-13] [ERROR] [1786737704.563357017] [ROSBAG2_TRANSPORT]: Topic '/web_vel' has more than one type associated. Only topics with one type are supported
[ros2-13] [ERROR] [1786737704.666068700] [ROSBAG2_TRANSPORT]: Topic '/web_vel' has more than one type associated. Only topics with one type are supported
[ros2-13] [ERROR] [1786737704.768224135] [ROSBAG2_TRANSPORT]: Topic '/web_vel' has more than one type associated. Only topics with one type are supported
[collision_monitor-9] [INFO] [1786737704.834939685] [collision_monitor]: Robot to continue normal operation
[ros2-13] [ERROR] [1786737704.870320699] [ROSBAG2_TRANSPORT]: Topic '/web_vel' has more than one type associated. Only topics with one type are supported
[ros2-13] [ERROR] [1786737704.972575927] [ROSBAG2_TRANSPORT]: Topic '/web_vel' has more than one type associated. Only topics with one type are supported
[ros2-13] [ERROR] [1786737705.075043055] [ROSBAG2_TRANSPORT]: Topic '/web_vel' has more than one type associated. Only topics with one type are supported
[collision_monitor-9] [INFO] [1786737705.130291839] [collision_monitor]: Robot to stop due to PolygonStop polygon
[ros2-13] [ERROR] [1786737705.177144661] [ROSBAG2_TRANSPORT]: Topic '/web_vel' has more than one type associated. Only topics with one type are supported
[ros2-13] [ERROR] [1786737705.279470648] [ROSBAG2_TRANSPORT]: Topic '/web_vel' has more than one type associated. Only topics with one type are supported
[ros2-13] [ERROR] [1786737705.381857381] [ROSBAG2_TRANSPORT]: Topic '/web_vel' has more than one type associated. Only topics with one type are supported
[ros2-13] [ERROR] [1786737705.484140479] [ROSBAG2_TRANSPORT]: Topic '/web_vel' has more than one type associated. Only topics with one type are supported
[ros2-13] [ERROR] [1786737705.586242255] [ROSBAG2_TRANSPORT]: Topic '/web_vel' has more than one type associated. Only topics with one type are supported
[ros2-13] [ERROR] [1786737705.688346400] [ROSBAG2_TRANSPORT]: Topic '/web_vel' has more than one type associated. Only topics with one type are supported
[ros2-13] [ERROR] [1786737705.790671915] [ROSBAG2_TRANSPORT]: Topic '/web_vel' has more than one type associated. Only topics with one type are supported
[ros2-13] [ERROR] [1786737705.892931350] [ROSBAG2_TRANSPORT]: Topic '/web_vel' has more than one type associated. Only topics with one type are supported
[ros2-13] [ERROR] [1786737705.995088475] [ROSBAG2_TRANSPORT]: Topic '/web_vel' has more than one type associated. Only topics with one type are supported
[ros2-13] [ERROR] [1786737706.097120905] [ROSBAG2_TRANSPORT]: Topic '/web_vel' has more than one type associated. Only topics with one type are supported
[ros2-13] [ERROR] [1786737706.199765508] [ROSBAG2_TRANSPORT]: Topic '/web_vel' has more than one type associated. Only topics with one type are supported
[ros2-13] [ERROR] [1786737706.302599203] [ROSBAG2_TRANSPORT]: Topic '/web_vel' has more than one type associated. Only topics with one type are supported
[collision_monitor-9] [INFO] [1786737706.347758071] [collision_monitor]: Robot to continue normal operation
[ros2-13] [ERROR] [1786737706.406553207] [ROSBAG2_TRANSPORT]: Topic '/web_vel' has more than one type associated. Only topics with one type are supported
[collision_monitor-9] [INFO] [1786737706.449335872] [collision_monitor]: Robot to stop due to PolygonStop polygon
[ros2-13] [ERROR] [1786737706.510034565] [ROSBAG2_TRANSPORT]: Topic '/web_vel' has more than one type associated. Only topics with one type are supported
[ros2-13] [ERROR] [1786737706.612982798] [ROSBAG2_TRANSPORT]: Topic '/web_vel' has more than one type associated. Only topics with one type are supported
[path_follower-12] [WARN] [1786737706.658282595] [path_follower]: sem TF camera_init<-map (Could not find a connection between 'camera_init' and 'map' because they are not part of the same tree.Tf has two or more unconnected trees.); o plano não pode ser usado — dirigir com ele seria o defeito de 14-08 de volta
[ros2-13] [ERROR] [1786737706.716110267] [ROSBAG2_TRANSPORT]: Topic '/web_vel' has more than one type associated. Only topics with one type are supported
[ros2-13] [ERROR] [1786737706.819345530] [ROSBAG2_TRANSPORT]: Topic '/web_vel' has more than one type associated. Only topics with one type are supported
[ros2-13] [ERROR] [1786737706.923522824] [ROSBAG2_TRANSPORT]: Topic '/web_vel' has more than one type associated. Only topics with one type are supported
[ros2-13] [ERROR] [1786737707.027049691] [ROSBAG2_TRANSPORT]: Topic '/web_vel' has more than one type associated. Only topics with one type are supported
[ros2-13] [ERROR] [1786737707.131038342] [ROSBAG2_TRANSPORT]: Topic '/web_vel' has more than one type associated. Only topics with one type are supported
[collision_monitor-9] [INFO] [1786737707.140993597] [collision_monitor]: Robot to continue normal operation
[ros2-13] [ERROR] [1786737707.233496862] [ROSBAG2_TRANSPORT]: Topic '/web_vel' has more than one type associated. Only topics with one type are supported
[ros2-13] [ERROR] [1786737707.335769987] [ROSBAG2_TRANSPORT]: Topic '/web_vel' has more than one type associated. Only topics with one type are supported
[ros2-13] [ERROR] [1786737707.439259278] [ROSBAG2_TRANSPORT]: Topic '/web_vel' has more than one type associated. Only topics with one type are supported
[collision_monitor-9] [INFO] [1786737707.445975885] [collision_monitor]: Robot to stop due to PolygonStop polygon
[ros2-13] [ERROR] [1786737707.541525204] [ROSBAG2_TRANSPORT]: Topic '/web_vel' has more than one type associated. Only topics with one type are supported
[ros2-13] [ERROR] [1786737707.643714054] [ROSBAG2_TRANSPORT]: Topic '/web_vel' has more than one type associated. Only topics with one type are supported
[ros2-13] [ERROR] [1786737707.746386678] [ROSBAG2_TRANSPORT]: Topic '/web_vel' has more than one type associated. Only topics with one type are supported
[ros2-13] [ERROR] [1786737707.848780800] [ROSBAG2_TRANSPORT]: Topic '/web_vel' has more than one type associated. Only topics with one type are supported
[ros2-13] [ERROR] [1786737707.951117678] [ROSBAG2_TRANSPORT]: Topic '/web_vel' has more than one type associated. Only topics with one type are supported
[ros2-13] [ERROR] [1786737708.053231804] [ROSBAG2_TRANSPORT]: Topic '/web_vel' has more than one type associated. Only topics with one type are supported
[collision_monitor-9] [INFO] [1786737708.146034702] [collision_monitor]: Robot to continue normal operation
[ros2-13] [ERROR] [1786737708.156181142] [ROSBAG2_TRANSPORT]: Topic '/web_vel' has more than one type associated. Only topics with one type are supported
[collision_monitor-9] [INFO] [1786737708.247830040] [collision_monitor]: Robot to stop due to PolygonStop polygon
[ros2-13] [ERROR] [1786737708.259549545] [ROSBAG2_TRANSPORT]: Topic '/web_vel' has more than one type associated. Only topics with one type are supported
[collision_monitor-9] [INFO] [1786737708.329368895] [collision_monitor]: Robot to continue normal operation
[ros2-13] [ERROR] [1786737708.362049996] [ROSBAG2_TRANSPORT]: Topic '/web_vel' has more than one type associated. Only topics with one type are supported
[collision_monitor-9] [INFO] [1786737708.440898593] [collision_monitor]: Robot to stop due to PolygonStop polygon
[ros2-13] [ERROR] [1786737708.464580491] [ROSBAG2_TRANSPORT]: Topic '/web_vel' has more than one type associated. Only topics with one type are supported
[ros2-13] [ERROR] [1786737708.566960488] [ROSBAG2_TRANSPORT]: Topic '/web_vel' has more than one type associated. Only topics with one type are supported
[ros2-13] [ERROR] [1786737708.669155548] [ROSBAG2_TRANSPORT]: Topic '/web_vel' has more than one type associated. Only topics with one type are supported
[ros2-13] [ERROR] [1786737708.773011063] [ROSBAG2_TRANSPORT]: Topic '/web_vel' has more than one type associated. Only topics with one type are supported
[ros2-13] [ERROR] [1786737708.878374168] [ROSBAG2_TRANSPORT]: Topic '/web_vel' has more than one type associated. Only topics with one type are supported
[ros2-13] [ERROR] [1786737708.984355737] [ROSBAG2_TRANSPORT]: Topic '/web_vel' has more than one type associated. Only topics with one type are supported
[collision_monitor-9] [WARN] [1786737709.043309666] [collision_monitor]: [livox]: Latest source and current collision monitor node timestamps differ on 1.127607 seconds. Ignoring the source.
[collision_monitor-9] [WARN] [1786737709.043375908] [collision_monitor]: Robot to stop due to invalid source. Either due to data not published yet, or to lack of new data received within the sensor timeout, or if impossible to transform data to base frame
[collision_monitor-9] [WARN] [1786737709.086688988] [collision_monitor]: [livox]: Latest source and current collision monitor node timestamps differ on 1.070954 seconds. Ignoring the source.
[ros2-13] [ERROR] [1786737709.087335469] [ROSBAG2_TRANSPORT]: Topic '/web_vel' has more than one type associated. Only topics with one type are supported
[collision_monitor-9] [WARN] [1786737709.136624412] [collision_monitor]: [livox]: Latest source and current collision monitor node timestamps differ on 1.120888 seconds. Ignoring the source.
[ros2-13] [ERROR] [1786737709.189968610] [ROSBAG2_TRANSPORT]: Topic '/web_vel' has more than one type associated. Only topics with one type are supported
[collision_monitor-9] [INFO] [1786737709.247376883] [collision_monitor]: Robot to stop due to PolygonStop polygon
[collision_monitor-9] [WARN] [1786737709.247744855] [collision_monitor]: [livox]: Latest source and current collision monitor node timestamps differ on 1.031992 seconds. Ignoring the source.
[collision_monitor-9] [WARN] [1786737709.247780487] [collision_monitor]: Robot to stop due to invalid source. Either due to data not published yet, or to lack of new data received within the sensor timeout, or if impossible to transform data to base frame
[ros2-13] [ERROR] [1786737709.293093656] [ROSBAG2_TRANSPORT]: Topic '/web_vel' has more than one type associated. Only topics with one type are supported
[collision_monitor-9] [INFO] [1786737709.337266897] [collision_monitor]: Robot to stop due to PolygonStop polygon
[ros2-13] [ERROR] [1786737709.395144149] [ROSBAG2_TRANSPORT]: Topic '/web_vel' has more than one type associated. Only topics with one type are supported
[ros2-13] [ERROR] [1786737709.497264928] [ROSBAG2_TRANSPORT]: Topic '/web_vel' has more than one type associated. Only topics with one type are supported
[ros2-13] [ERROR] [1786737709.600084639] [ROSBAG2_TRANSPORT]: Topic '/web_vel' has more than one type associated. Only topics with one type are supported
[ros2-13] [ERROR] [1786737709.703043035] [ROSBAG2_TRANSPORT]: Topic '/web_vel' has more than one type associated. Only topics with one type are supported
[ros2-13] [ERROR] [1786737709.805884530] [ROSBAG2_TRANSPORT]: Topic '/web_vel' has more than one type associated. Only topics with one type are supported
[ros2-13] [ERROR] [1786737709.908629152] [ROSBAG2_TRANSPORT]: Topic '/web_vel' has more than one type associated. Only topics with one type are supported
[ros2-13] [ERROR] [1786737710.011316774] [ROSBAG2_TRANSPORT]: Topic '/web_vel' has more than one type associated. Only topics with one type are supported
[ros2-13] [ERROR] [1786737710.114160551] [ROSBAG2_TRANSPORT]: Topic '/web_vel' has more than one type associated. Only topics with one type are supported
[ros2-13] [ERROR] [1786737710.217231544] [ROSBAG2_TRANSPORT]: Topic '/web_vel' has more than one type associated. Only topics with one type are supported
[ros2-13] [ERROR] [1786737710.320157116] [ROSBAG2_TRANSPORT]: Topic '/web_vel' has more than one type associated. Only topics with one type are supported
[collision_monitor-9] [INFO] [1786737710.332411993] [collision_monitor]: Robot to continue normal operation
[ros2-13] [ERROR] [1786737710.423175047] [ROSBAG2_TRANSPORT]: Topic '/web_vel' has more than one type associated. Only topics with one type are supported
[collision_monitor-9] [INFO] [1786737710.434041012] [collision_monitor]: Robot to stop due to PolygonStop polygon
[ros2-13] [ERROR] [1786737710.526029103] [ROSBAG2_TRANSPORT]: Topic '/web_vel' has more than one type associated. Only topics with one type are supported
[ros2-13] [ERROR] [1786737710.629362787] [ROSBAG2_TRANSPORT]: Topic '/web_vel' has more than one type associated. Only topics with one type are supported
[ros2-13] [ERROR] [1786737710.732007244] [ROSBAG2_TRANSPORT]: Topic '/web_vel' has more than one type associated. Only topics with one type are supported
[ros2-13] [ERROR] [1786737710.834222719] [ROSBAG2_TRANSPORT]: Topic '/web_vel' has more than one type associated. Only topics with one type are supported
[collision_monitor-9] [INFO] [1786737710.931041582] [collision_monitor]: Robot to continue normal operation
[ros2-13] [ERROR] [1786737710.936467334] [ROSBAG2_TRANSPORT]: Topic '/web_vel' has more than one type associated. Only topics with one type are supported
[ros2-13] [ERROR] [1786737711.039014458] [ROSBAG2_TRANSPORT]: Topic '/web_vel' has more than one type associated. Only topics with one type are supported
[collision_monitor-9] [INFO] [1786737711.042626951] [collision_monitor]: Robot to stop due to PolygonStop polygon
[ros2-13] [ERROR] [1786737711.141105184] [ROSBAG2_TRANSPORT]: Topic '/web_vel' has more than one type associated. Only topics with one type are supported
[ros2-13] [ERROR] [1786737711.244071895] [ROSBAG2_TRANSPORT]: Topic '/web_vel' has more than one type associated. Only topics with one type are supported
[ros2-13] [ERROR] [1786737711.346231184] [ROSBAG2_TRANSPORT]: Topic '/web_vel' has more than one type associated. Only topics with one type are supported
[ros2-13] [ERROR] [1786737711.448853574] [ROSBAG2_TRANSPORT]: Topic '/web_vel' has more than one type associated. Only topics with one type are supported
[ros2-13] [ERROR] [1786737711.551166071] [ROSBAG2_TRANSPORT]: Topic '/web_vel' has more than one type associated. Only topics with one type are supported
[ros2-13] [ERROR] [1786737711.653339974] [ROSBAG2_TRANSPORT]: Topic '/web_vel' has more than one type associated. Only topics with one type are supported
[path_follower-12] [WARN] [1786737711.658454291] [path_follower]: sem TF camera_init<-map (Could not find a connection between 'camera_init' and 'map' because they are not part of the same tree.Tf has two or more unconnected trees.); o plano não pode ser usado — dirigir com ele seria o defeito de 14-08 de volta
[ros2-13] [ERROR] [1786737711.756149128] [ROSBAG2_TRANSPORT]: Topic '/web_vel' has more than one type associated. Only topics with one type are supported
[ros2-13] [ERROR] [1786737711.858963517] [ROSBAG2_TRANSPORT]: Topic '/web_vel' has more than one type associated. Only topics with one type are supported
[ros2-13] [ERROR] [1786737711.961055454] [ROSBAG2_TRANSPORT]: Topic '/web_vel' has more than one type associated. Only topics with one type are supported
[ros2-13] [ERROR] [1786737712.063114941] [ROSBAG2_TRANSPORT]: Topic '/web_vel' has more than one type associated. Only topics with one type are supported
[collision_monitor-9] [INFO] [1786737712.139917422] [collision_monitor]: Robot to continue normal operation
[ros2-13] [ERROR] [1786737712.165323109] [ROSBAG2_TRANSPORT]: Topic '/web_vel' has more than one type associated. Only topics with one type are supported
[collision_monitor-9] [INFO] [1786737712.231303491] [collision_monitor]: Robot to stop due to PolygonStop polygon
[ros2-13] [ERROR] [1786737712.267928259] [ROSBAG2_TRANSPORT]: Topic '/web_vel' has more than one type associated. Only topics with one type are supported
[ros2-13] [ERROR] [1786737712.369847865] [ROSBAG2_TRANSPORT]: Topic '/web_vel' has more than one type associated. Only topics with one type are supported
[ros2-13] [ERROR] [1786737712.471821276] [ROSBAG2_TRANSPORT]: Topic '/web_vel' has more than one type associated. Only topics with one type are supported
[collision_monitor-9] [INFO] [1786737712.535843450] [collision_monitor]: Robot to continue normal operation
[ros2-13] [ERROR] [1786737712.573937786] [ROSBAG2_TRANSPORT]: Topic '/web_vel' has more than one type associated. Only topics with one type are supported
[collision_monitor-9] [INFO] [1786737712.647520029] [collision_monitor]: Robot to stop due to PolygonStop polygon
[ros2-13] [ERROR] [1786737712.676773917] [ROSBAG2_TRANSPORT]: Topic '/web_vel' has more than one type associated. Only topics with one type are supported
[ros2-13] [ERROR] [1786737712.779575295] [ROSBAG2_TRANSPORT]: Topic '/web_vel' has more than one type associated. Only topics with one type are supported
[ros2-13] [ERROR] [1786737712.882059045] [ROSBAG2_TRANSPORT]: Topic '/web_vel' has more than one type associated. Only topics with one type are supported
[collision_monitor-9] [INFO] [1786737712.932951936] [collision_monitor]: Robot to continue normal operation
[ros2-13] [ERROR] [1786737712.984708177] [ROSBAG2_TRANSPORT]: Topic '/web_vel' has more than one type associated. Only topics with one type are supported
[ros2-13] [ERROR] [1786737713.087394614] [ROSBAG2_TRANSPORT]: Topic '/web_vel' has more than one type associated. Only topics with one type are supported
[ros2-13] [ERROR] [1786737713.189531330] [ROSBAG2_TRANSPORT]: Topic '/web_vel' has more than one type associated. Only topics with one type are supported
[ros2-13] [ERROR] [1786737713.291890883] [ROSBAG2_TRANSPORT]: Topic '/web_vel' has more than one type associated. Only topics with one type are supported
[ros2-13] [ERROR] [1786737713.394572516] [ROSBAG2_TRANSPORT]: Topic '/web_vel' has more than one type associated. Only topics with one type are supported
[ros2-13] [ERROR] [1786737713.497474844] [ROSBAG2_TRANSPORT]: Topic '/web_vel' has more than one type associated. Only topics with one type are supported
[ros2-13] [ERROR] [1786737713.600265649] [ROSBAG2_TRANSPORT]: Topic '/web_vel' has more than one type associated. Only topics with one type are supported
[ros2-13] [ERROR] [1786737713.702284139] [ROSBAG2_TRANSPORT]: Topic '/web_vel' has more than one type associated. Only topics with one type are supported
[ros2-13] [ERROR] [1786737713.804848243] [ROSBAG2_TRANSPORT]: Topic '/web_vel' has more than one type associated. Only topics with one type are supported
[ros2-13] [ERROR] [1786737713.906931994] [ROSBAG2_TRANSPORT]: Topic '/web_vel' has more than one type associated. Only topics with one type are supported
[ros2-13] [ERROR] [1786737714.010086491] [ROSBAG2_TRANSPORT]: Topic '/web_vel' has more than one type associated. Only topics with one type are supported
[ros2-13] [ERROR] [1786737714.112195565] [ROSBAG2_TRANSPORT]: Topic '/web_vel' has more than one type associated. Only topics with one type are supported
[ros2-13] [ERROR] [1786737714.214685598] [ROSBAG2_TRANSPORT]: Topic '/web_vel' has more than one type associated. Only topics with one type are supported
[ros2-13] [ERROR] [1786737714.316841592] [ROSBAG2_TRANSPORT]: Topic '/web_vel' has more than one type associated. Only topics with one type are supported
[ros2-13] [ERROR] [1786737714.418896903] [ROSBAG2_TRANSPORT]: Topic '/web_vel' has more than one type associated. Only topics with one type are supported
[ros2-13] [ERROR] [1786737714.521363635] [ROSBAG2_TRANSPORT]: Topic '/web_vel' has more than one type associated. Only topics with one type are supported
[ros2-13] [ERROR] [1786737714.624299697] [ROSBAG2_TRANSPORT]: Topic '/web_vel' has more than one type associated. Only topics with one type are supported
[ros2-13] [ERROR] [1786737714.726676155] [ROSBAG2_TRANSPORT]: Topic '/web_vel' has more than one type associated. Only topics with one type are supported
[ros2-13] [ERROR] [1786737714.829568233] [ROSBAG2_TRANSPORT]: Topic '/web_vel' has more than one type associated. Only topics with one type are supported
[ros2-13] [ERROR] [1786737714.932611290] [ROSBAG2_TRANSPORT]: Topic '/web_vel' has more than one type associated. Only topics with one type are supported
[ros2-13] [ERROR] [1786737715.035831955] [ROSBAG2_TRANSPORT]: Topic '/web_vel' has more than one type associated. Only topics with one type are supported
[ros2-13] [ERROR] [1786737715.138904705] [ROSBAG2_TRANSPORT]: Topic '/web_vel' has more than one type associated. Only topics with one type are supported
[ros2-13] [ERROR] [1786737715.242277022] [ROSBAG2_TRANSPORT]: Topic '/web_vel' has more than one type associated. Only topics with one type are supported
[ros2-13] [ERROR] [1786737715.345058345] [ROSBAG2_TRANSPORT]: Topic '/web_vel' has more than one type associated. Only topics with one type are supported
[ros2-13] [ERROR] [1786737715.447922236] [ROSBAG2_TRANSPORT]: Topic '/web_vel' has more than one type associated. Only topics with one type are supported
[ros2-13] [ERROR] [1786737715.550749598] [ROSBAG2_TRANSPORT]: Topic '/web_vel' has more than one type associated. Only topics with one type are supported
[ros2-13] [ERROR] [1786737715.653468307] [ROSBAG2_TRANSPORT]: Topic '/web_vel' has more than one type associated. Only topics with one type are supported
[ros2-13] [ERROR] [1786737715.756364886] [ROSBAG2_TRANSPORT]: Topic '/web_vel' has more than one type associated. Only topics with one type are supported
[ros2-13] [ERROR] [1786737715.859418168] [ROSBAG2_TRANSPORT]: Topic '/web_vel' has more than one type associated. Only topics with one type are supported
[ros2-13] [ERROR] [1786737715.961725094] [ROSBAG2_TRANSPORT]: Topic '/web_vel' has more than one type associated. Only topics with one type are supported
[ros2-13] [ERROR] [1786737716.063828564] [ROSBAG2_TRANSPORT]: Topic '/web_vel' has more than one type associated. Only topics with one type are supported
[ros2-13] [ERROR] [1786737716.166542658] [ROSBAG2_TRANSPORT]: Topic '/web_vel' has more than one type associated. Only topics with one type are supported
[ros2-13] [ERROR] [1786737716.269556106] [ROSBAG2_TRANSPORT]: Topic '/web_vel' has more than one type associated. Only topics with one type are supported
[ros2-13] [ERROR] [1786737716.371699634] [ROSBAG2_TRANSPORT]: Topic '/web_vel' has more than one type associated. Only topics with one type are supported
[ros2-13] [ERROR] [1786737716.474471438] [ROSBAG2_TRANSPORT]: Topic '/web_vel' has more than one type associated. Only topics with one type are supported
[ros2-13] [ERROR] [1786737716.576911035] [ROSBAG2_TRANSPORT]: Topic '/web_vel' has more than one type associated. Only topics with one type are supported
[ros2-13] [ERROR] [1786737716.678978308] [ROSBAG2_TRANSPORT]: Topic '/web_vel' has more than one type associated. Only topics with one type are supported
[path_follower-12] [WARN] [1786737716.708558472] [path_follower]: sem TF camera_init<-map (Could not find a connection between 'camera_init' and 'map' because they are not part of the same tree.Tf has two or more unconnected trees.); o plano não pode ser usado — dirigir com ele seria o defeito de 14-08 de volta
[ros2-13] [ERROR] [1786737716.781405284] [ROSBAG2_TRANSPORT]: Topic '/web_vel' has more than one type associated. Only topics with one type are supported
[ros2-13] [ERROR] [1786737716.883716256] [ROSBAG2_TRANSPORT]: Topic '/web_vel' has more than one type associated. Only topics with one type are supported
[ros2-13] [ERROR] [1786737716.985764711] [ROSBAG2_TRANSPORT]: Topic '/web_vel' has more than one type associated. Only topics with one type are supported
[ros2-13] [ERROR] [1786737717.088106908] [ROSBAG2_TRANSPORT]: Topic '/web_vel' has more than one type associated. Only topics with one type are supported
[ros2-13] [ERROR] [1786737717.190376468] [ROSBAG2_TRANSPORT]: Topic '/web_vel' has more than one type associated. Only topics with one type are supported
[ros2-13] [ERROR] [1786737717.292957411] [ROSBAG2_TRANSPORT]: Topic '/web_vel' has more than one type associated. Only topics with one type are supported
[ros2-13] [ERROR] [1786737717.395366825] [ROSBAG2_TRANSPORT]: Topic '/web_vel' has more than one type associated. Only topics with one type are supported
[ros2-13] [ERROR] [1786737717.497535467] [ROSBAG2_TRANSPORT]: Topic '/web_vel' has more than one type associated. Only topics with one type are supported
[ros2-13] [ERROR] [1786737717.600422701] [ROSBAG2_TRANSPORT]: Topic '/web_vel' has more than one type associated. Only topics with one type are supported
[ros2-13] [ERROR] [1786737717.703090043] [ROSBAG2_TRANSPORT]: Topic '/web_vel' has more than one type associated. Only topics with one type are supported
[ros2-13] [ERROR] [1786737717.805344380] [ROSBAG2_TRANSPORT]: Topic '/web_vel' has more than one type associated. Only topics with one type are supported
[ros2-13] [ERROR] [1786737717.907508305] [ROSBAG2_TRANSPORT]: Topic '/web_vel' has more than one type associated. Only topics with one type are supported
[ros2-13] [ERROR] [1786737718.009962681] [ROSBAG2_TRANSPORT]: Topic '/web_vel' has more than one type associated. Only topics with one type are supported
[ros2-13] [ERROR] [1786737718.112047758] [ROSBAG2_TRANSPORT]: Topic '/web_vel' has more than one type associated. Only topics with one type are supported
[ros2-13] [ERROR] [1786737718.214223557] [ROSBAG2_TRANSPORT]: Topic '/web_vel' has more than one type associated. Only topics with one type are supported
[ros2-13] [ERROR] [1786737718.317521406] [ROSBAG2_TRANSPORT]: Topic '/web_vel' has more than one type associated. Only topics with one type are supported
[ros2-13] [ERROR] [1786737718.420076644] [ROSBAG2_TRANSPORT]: Topic '/web_vel' has more than one type associated. Only topics with one type are supported
[ros2-13] [ERROR] [1786737718.522658531] [ROSBAG2_TRANSPORT]: Topic '/web_vel' has more than one type associated. Only topics with one type are supported
[ros2-13] [ERROR] [1786737718.624985520] [ROSBAG2_TRANSPORT]: Topic '/web_vel' has more than one type associated. Only topics with one type are supported
[ros2-13] [ERROR] [1786737718.727591026] [ROSBAG2_TRANSPORT]: Topic '/web_vel' has more than one type associated. Only topics with one type are supported
[ros2-13] [ERROR] [1786737718.829858196] [ROSBAG2_TRANSPORT]: Topic '/web_vel' has more than one type associated. Only topics with one type are supported
[ros2-13] [ERROR] [1786737718.932255029] [ROSBAG2_TRANSPORT]: Topic '/web_vel' has more than one type associated. Only topics with one type are supported
[ros2-13] [ERROR] [1786737719.034480332] [ROSBAG2_TRANSPORT]: Topic '/web_vel' has more than one type associated. Only topics with one type are supported
[ros2-13] [ERROR] [1786737719.136895008] [ROSBAG2_TRANSPORT]: Topic '/web_vel' has more than one type associated. Only topics with one type are supported
[ros2-13] [ERROR] [1786737719.239643176] [ROSBAG2_TRANSPORT]: Topic '/web_vel' has more than one type associated. Only topics with one type are supported
[ros2-13] [ERROR] [1786737719.342989365] [ROSBAG2_TRANSPORT]: Topic '/web_vel' has more than one type associated. Only topics with one type are supported
[ros2-13] [ERROR] [1786737719.445386591] [ROSBAG2_TRANSPORT]: Topic '/web_vel' has more than one type associated. Only topics with one type are supported
[ros2-13] [ERROR] [1786737719.547783058] [ROSBAG2_TRANSPORT]: Topic '/web_vel' has more than one type associated. Only topics with one type are supported
[ros2-13] [ERROR] [1786737719.650220542] [ROSBAG2_TRANSPORT]: Topic '/web_vel' has more than one type associated. Only topics with one type are supported
[ros2-13] [ERROR] [1786737719.752470368] [ROSBAG2_TRANSPORT]: Topic '/web_vel' has more than one type associated. Only topics with one type are supported
[ros2-13] [ERROR] [1786737719.854728069] [ROSBAG2_TRANSPORT]: Topic '/web_vel' has more than one type associated. Only topics with one type are supported
[ros2-13] [ERROR] [1786737719.956860067] [ROSBAG2_TRANSPORT]: Topic '/web_vel' has more than one type associated. Only topics with one type are supported
[ros2-13] [ERROR] [1786737720.059136049] [ROSBAG2_TRANSPORT]: Topic '/web_vel' has more than one type associated. Only topics with one type are supported
[ros2-13] [ERROR] [1786737720.162241439] [ROSBAG2_TRANSPORT]: Topic '/web_vel' has more than one type associated. Only topics with one type are supported
[ros2-13] [ERROR] [1786737720.264920686] [ROSBAG2_TRANSPORT]: Topic '/web_vel' has more than one type associated. Only topics with one type are supported
[ros2-13] [ERROR] [1786737720.368110382] [ROSBAG2_TRANSPORT]: Topic '/web_vel' has more than one type associated. Only topics with one type are supported
[ros2-13] [ERROR] [1786737720.470602823] [ROSBAG2_TRANSPORT]: Topic '/web_vel' has more than one type associated. Only topics with one type are supported
[ros2-13] [ERROR] [1786737720.572678197] [ROSBAG2_TRANSPORT]: Topic '/web_vel' has more than one type associated. Only topics with one type are supported
[ros2-13] [ERROR] [1786737720.675692612] [ROSBAG2_TRANSPORT]: Topic '/web_vel' has more than one type associated. Only topics with one type are supported
[ros2-13] [ERROR] [1786737720.778328947] [ROSBAG2_TRANSPORT]: Topic '/web_vel' has more than one type associated. Only topics with one type are supported
[ros2-13] [ERROR] [1786737720.880691468] [ROSBAG2_TRANSPORT]: Topic '/web_vel' has more than one type associated. Only topics with one type are supported
[ros2-13] [ERROR] [1786737720.982839371] [ROSBAG2_TRANSPORT]: Topic '/web_vel' has more than one type associated. Only topics with one type are supported
[ros2-13] [ERROR] [1786737721.084959901] [ROSBAG2_TRANSPORT]: Topic '/web_vel' has more than one type associated. Only topics with one type are supported
[ros2-13] [ERROR] [1786737721.188012594] [ROSBAG2_TRANSPORT]: Topic '/web_vel' has more than one type associated. Only topics with one type are supported
[ros2-13] [ERROR] [1786737721.290885426] [ROSBAG2_TRANSPORT]: Topic '/web_vel' has more than one type associated. Only topics with one type are supported
[ros2-13] [ERROR] [1786737721.393658386] [ROSBAG2_TRANSPORT]: Topic '/web_vel' has more than one type associated. Only topics with one type are supported
[ros2-13] [ERROR] [1786737721.495793484] [ROSBAG2_TRANSPORT]: Topic '/web_vel' has more than one type associated. Only topics with one type are supported
[ros2-13] [ERROR] [1786737721.597897932] [ROSBAG2_TRANSPORT]: Topic '/web_vel' has more than one type associated. Only topics with one type are supported
[ros2-13] [ERROR] [1786737721.700484565] [ROSBAG2_TRANSPORT]: Topic '/web_vel' has more than one type associated. Only topics with one type are supported
[path_follower-12] [WARN] [1786737721.758089413] [path_follower]: sem TF camera_init<-map (Could not find a connection between 'camera_init' and 'map' because they are not part of the same tree.Tf has two or more unconnected trees.); o plano não pode ser usado — dirigir com ele seria o defeito de 14-08 de volta
[ros2-13] [ERROR] [1786737721.803214975] [ROSBAG2_TRANSPORT]: Topic '/web_vel' has more than one type associated. Only topics with one type are supported
[ros2-13] [ERROR] [1786737721.905409730] [ROSBAG2_TRANSPORT]: Topic '/web_vel' has more than one type associated. Only topics with one type are supported
[ros2-13] [ERROR] [1786737722.007721987] [ROSBAG2_TRANSPORT]: Topic '/web_vel' has more than one type associated. Only topics with one type are supported
[ros2-13] [ERROR] [1786737722.110003726] [ROSBAG2_TRANSPORT]: Topic '/web_vel' has more than one type associated. Only topics with one type are supported
[ros2-13] [ERROR] [1786737722.212168717] [ROSBAG2_TRANSPORT]: Topic '/web_vel' has more than one type associated. Only topics with one type are supported
[ros2-13] [ERROR] [1786737722.314342892] [ROSBAG2_TRANSPORT]: Topic '/web_vel' has more than one type associated. Only topics with one type are supported
[ros2-13] [ERROR] [1786737722.416625606] [ROSBAG2_TRANSPORT]: Topic '/web_vel' has more than one type associated. Only topics with one type are supported
[ros2-13] [ERROR] [1786737722.518823054] [ROSBAG2_TRANSPORT]: Topic '/web_vel' has more than one type associated. Only topics with one type are supported
[ros2-13] [ERROR] [1786737722.622121217] [ROSBAG2_TRANSPORT]: Topic '/web_vel' has more than one type associated. Only topics with one type are supported
[ros2-13] [ERROR] [1786737722.725550347] [ROSBAG2_TRANSPORT]: Topic '/web_vel' has more than one type associated. Only topics with one type are supported
[ros2-13] [ERROR] [1786737722.828007351] [ROSBAG2_TRANSPORT]: Topic '/web_vel' has more than one type associated. Only topics with one type are supported
[ros2-13] [ERROR] [1786737722.930252736] [ROSBAG2_TRANSPORT]: Topic '/web_vel' has more than one type associated. Only topics with one type are supported
[ros2-13] [ERROR] [1786737723.032730598] [ROSBAG2_TRANSPORT]: Topic '/web_vel' has more than one type associated. Only topics with one type are supported
[ros2-13] [ERROR] [1786737723.135262285] [ROSBAG2_TRANSPORT]: Topic '/web_vel' has more than one type associated. Only topics with one type are supported
[ros2-13] [ERROR] [1786737723.237952470] [ROSBAG2_TRANSPORT]: Topic '/web_vel' has more than one type associated. Only topics with one type are supported
[ros2-13] [ERROR] [1786737723.340447592] [ROSBAG2_TRANSPORT]: Topic '/web_vel' has more than one type associated. Only topics with one type are supported
[ros2-13] [ERROR] [1786737723.442885866] [ROSBAG2_TRANSPORT]: Topic '/web_vel' has more than one type associated. Only topics with one type are supported
[ros2-13] [ERROR] [1786737723.545315444] [ROSBAG2_TRANSPORT]: Topic '/web_vel' has more than one type associated. Only topics with one type are supported
[ros2-13] [ERROR] [1786737723.647700047] [ROSBAG2_TRANSPORT]: Topic '/web_vel' has more than one type associated. Only topics with one type are supported
[ros2-13] [ERROR] [1786737723.750056073] [ROSBAG2_TRANSPORT]: Topic '/web_vel' has more than one type associated. Only topics with one type are supported
[ros2-13] [ERROR] [1786737723.852144982] [ROSBAG2_TRANSPORT]: Topic '/web_vel' has more than one type associated. Only topics with one type are supported
[ros2-13] [ERROR] [1786737723.954467819] [ROSBAG2_TRANSPORT]: Topic '/web_vel' has more than one type associated. Only topics with one type are supported
[ros2-13] [ERROR] [1786737724.056709952] [ROSBAG2_TRANSPORT]: Topic '/web_vel' has more than one type associated. Only topics with one type are supported
[ros2-13] [ERROR] [1786737724.158844411] [ROSBAG2_TRANSPORT]: Topic '/web_vel' has more than one type associated. Only topics with one type are supported
[ros2-13] [ERROR] [1786737724.261032193] [ROSBAG2_TRANSPORT]: Topic '/web_vel' has more than one type associated. Only topics with one type are supported
[ros2-13] [ERROR] [1786737724.363431879] [ROSBAG2_TRANSPORT]: Topic '/web_vel' has more than one type associated. Only topics with one type are supported
[ros2-13] [ERROR] [1786737724.465579182] [ROSBAG2_TRANSPORT]: Topic '/web_vel' has more than one type associated. Only topics with one type are supported
[ros2-13] [ERROR] [1786737724.567687727] [ROSBAG2_TRANSPORT]: Topic '/web_vel' has more than one type associated. Only topics with one type are supported
[ros2-13] [ERROR] [1786737724.669817648] [ROSBAG2_TRANSPORT]: Topic '/web_vel' has more than one type associated. Only topics with one type are supported
[ros2-13] [ERROR] [1786737724.772144177] [ROSBAG2_TRANSPORT]: Topic '/web_vel' has more than one type associated. Only topics with one type are supported
[ros2-13] [ERROR] [1786737724.874302655] [ROSBAG2_TRANSPORT]: Topic '/web_vel' has more than one type associated. Only topics with one type are supported
[ros2-13] [ERROR] [1786737724.976397277] [ROSBAG2_TRANSPORT]: Topic '/web_vel' has more than one type associated. Only topics with one type are supported
[ros2-13] [ERROR] [1786737725.078522511] [ROSBAG2_TRANSPORT]: Topic '/web_vel' has more than one type associated. Only topics with one type are supported
[ros2-13] [ERROR] [1786737725.181236891] [ROSBAG2_TRANSPORT]: Topic '/web_vel' has more than one type associated. Only topics with one type are supported
[ros2-13] [ERROR] [1786737725.283530880] [ROSBAG2_TRANSPORT]: Topic '/web_vel' has more than one type associated. Only topics with one type are supported
[ros2-13] [ERROR] [1786737725.386317937] [ROSBAG2_TRANSPORT]: Topic '/web_vel' has more than one type associated. Only topics with one type are supported
[ros2-13] [ERROR] [1786737725.488429870] [ROSBAG2_TRANSPORT]: Topic '/web_vel' has more than one type associated. Only topics with one type are supported
[ros2-13] [ERROR] [1786737725.591070507] [ROSBAG2_TRANSPORT]: Topic '/web_vel' has more than one type associated. Only topics with one type are supported
[ros2-13] [ERROR] [1786737725.693836711] [ROSBAG2_TRANSPORT]: Topic '/web_vel' has more than one type associated. Only topics with one type are supported
[ros2-13] [ERROR] [1786737725.796325767] [ROSBAG2_TRANSPORT]: Topic '/web_vel' has more than one type associated. Only topics with one type are supported
[ros2-13] [ERROR] [1786737725.899047167] [ROSBAG2_TRANSPORT]: Topic '/web_vel' has more than one type associated. Only topics with one type are supported
[ros2-13] [ERROR] [1786737726.001572436] [ROSBAG2_TRANSPORT]: Topic '/web_vel' has more than one type associated. Only topics with one type are supported
[ros2-13] [ERROR] [1786737726.104005790] [ROSBAG2_TRANSPORT]: Topic '/web_vel' has more than one type associated. Only topics with one type are supported
[ros2-13] [ERROR] [1786737726.206084615] [ROSBAG2_TRANSPORT]: Topic '/web_vel' has more than one type associated. Only topics with one type are supported
[ros2-13] [ERROR] [1786737726.308310285] [ROSBAG2_TRANSPORT]: Topic '/web_vel' has more than one type associated. Only topics with one type are supported
[ros2-13] [ERROR] [1786737726.410983586] [ROSBAG2_TRANSPORT]: Topic '/web_vel' has more than one type associated. Only topics with one type are supported
[ros2-13] [ERROR] [1786737726.513309432] [ROSBAG2_TRANSPORT]: Topic '/web_vel' has more than one type associated. Only topics with one type are supported
[ros2-13] [ERROR] [1786737726.615539723] [ROSBAG2_TRANSPORT]: Topic '/web_vel' has more than one type associated. Only topics with one type are supported
[ros2-13] [ERROR] [1786737726.718069268] [ROSBAG2_TRANSPORT]: Topic '/web_vel' has more than one type associated. Only topics with one type are supported
[path_follower-12] [WARN] [1786737726.758649843] [path_follower]: sem TF camera_init<-map (Could not find a connection between 'camera_init' and 'map' because they are not part of the same tree.Tf has two or more unconnected trees.); o plano não pode ser usado — dirigir com ele seria o defeito de 14-08 de volta
[ros2-13] [ERROR] [1786737726.820738665] [ROSBAG2_TRANSPORT]: Topic '/web_vel' has more than one type associated. Only topics with one type are supported
[ros2-13] [ERROR] [1786737726.923038285] [ROSBAG2_TRANSPORT]: Topic '/web_vel' has more than one type associated. Only topics with one type are supported
[ros2-13] [ERROR] [1786737727.025534415] [ROSBAG2_TRANSPORT]: Topic '/web_vel' has more than one type associated. Only topics with one type are supported
[ros2-13] [ERROR] [1786737727.128222342] [ROSBAG2_TRANSPORT]: Topic '/web_vel' has more than one type associated. Only topics with one type are supported
[ros2-13] [ERROR] [1786737727.230729252] [ROSBAG2_TRANSPORT]: Topic '/web_vel' has more than one type associated. Only topics with one type are supported
[ros2-13] [ERROR] [1786737727.333366875] [ROSBAG2_TRANSPORT]: Topic '/web_vel' has more than one type associated. Only topics with one type are supported
[ros2-13] [ERROR] [1786737727.436616399] [ROSBAG2_TRANSPORT]: Topic '/web_vel' has more than one type associated. Only topics with one type are supported
[ros2-13] [ERROR] [1786737727.540345841] [ROSBAG2_TRANSPORT]: Topic '/web_vel' has more than one type associated. Only topics with one type are supported
[ros2-13] [ERROR] [1786737727.643798991] [ROSBAG2_TRANSPORT]: Topic '/web_vel' has more than one type associated. Only topics with one type are supported
[ros2-13] [ERROR] [1786737727.747696191] [ROSBAG2_TRANSPORT]: Topic '/web_vel' has more than one type associated. Only topics with one type are supported
[ros2-13] [ERROR] [1786737727.851364955] [ROSBAG2_TRANSPORT]: Topic '/web_vel' has more than one type associated. Only topics with one type are supported
[ros2-13] [ERROR] [1786737727.954452966] [ROSBAG2_TRANSPORT]: Topic '/web_vel' has more than one type associated. Only topics with one type are supported
[ros2-13] [ERROR] [1786737728.057744264] [ROSBAG2_TRANSPORT]: Topic '/web_vel' has more than one type associated. Only topics with one type are supported
[ros2-13] [ERROR] [1786737728.161337487] [ROSBAG2_TRANSPORT]: Topic '/web_vel' has more than one type associated. Only topics with one type are supported
[ros2-13] [ERROR] [1786737728.264258594] [ROSBAG2_TRANSPORT]: Topic '/web_vel' has more than one type associated. Only topics with one type are supported
[ros2-13] [ERROR] [1786737728.366456675] [ROSBAG2_TRANSPORT]: Topic '/web_vel' has more than one type associated. Only topics with one type are supported
[ros2-13] [ERROR] [1786737728.468484129] [ROSBAG2_TRANSPORT]: Topic '/web_vel' has more than one type associated. Only topics with one type are supported
[ros2-13] [ERROR] [1786737728.570484498] [ROSBAG2_TRANSPORT]: Topic '/web_vel' has more than one type associated. Only topics with one type are supported
[ros2-13] [ERROR] [1786737728.672736690] [ROSBAG2_TRANSPORT]: Topic '/web_vel' has more than one type associated. Only topics with one type are supported
[ros2-13] [ERROR] [1786737728.774984666] [ROSBAG2_TRANSPORT]: Topic '/web_vel' has more than one type associated. Only topics with one type are supported
[ros2-13] [ERROR] [1786737728.876972362] [ROSBAG2_TRANSPORT]: Topic '/web_vel' has more than one type associated. Only topics with one type are supported
[ros2-13] [ERROR] [1786737728.979031427] [ROSBAG2_TRANSPORT]: Topic '/web_vel' has more than one type associated. Only topics with one type are supported
[ros2-13] [ERROR] [1786737729.081332537] [ROSBAG2_TRANSPORT]: Topic '/web_vel' has more than one type associated. Only topics with one type are supported
[ros2-13] [ERROR] [1786737729.183903737] [ROSBAG2_TRANSPORT]: Topic '/web_vel' has more than one type associated. Only topics with one type are supported
[ros2-13] [ERROR] [1786737729.286107882] [ROSBAG2_TRANSPORT]: Topic '/web_vel' has more than one type associated. Only topics with one type are supported
[ros2-13] [ERROR] [1786737729.388327661] [ROSBAG2_TRANSPORT]: Topic '/web_vel' has more than one type associated. Only topics with one type are supported
[ros2-13] [ERROR] [1786737729.490830391] [ROSBAG2_TRANSPORT]: Topic '/web_vel' has more than one type associated. Only topics with one type are supported
[ros2-13] [ERROR] [1786737729.593150718] [ROSBAG2_TRANSPORT]: Topic '/web_vel' has more than one type associated. Only topics with one type are supported
[ros2-13] [ERROR] [1786737729.695544058] [ROSBAG2_TRANSPORT]: Topic '/web_vel' has more than one type associated. Only topics with one type are supported
[ros2-13] [ERROR] [1786737729.797830088] [ROSBAG2_TRANSPORT]: Topic '/web_vel' has more than one type associated. Only topics with one type are supported
[ros2-13] [ERROR] [1786737729.900201489] [ROSBAG2_TRANSPORT]: Topic '/web_vel' has more than one type associated. Only topics with one type are supported
[ros2-13] [ERROR] [1786737730.002720510] [ROSBAG2_TRANSPORT]: Topic '/web_vel' has more than one type associated. Only topics with one type are supported
[ros2-13] [ERROR] [1786737730.105176704] [ROSBAG2_TRANSPORT]: Topic '/web_vel' has more than one type associated. Only topics with one type are supported
[ros2-13] [ERROR] [1786737730.208063274] [ROSBAG2_TRANSPORT]: Topic '/web_vel' has more than one type associated. Only topics with one type are supported
[ros2-13] [ERROR] [1786737730.310337208] [ROSBAG2_TRANSPORT]: Topic '/web_vel' has more than one type associated. Only topics with one type are supported
[ros2-13] [ERROR] [1786737730.412629725] [ROSBAG2_TRANSPORT]: Topic '/web_vel' has more than one type associated. Only topics with one type are supported
[ros2-13] [ERROR] [1786737730.515761173] [ROSBAG2_TRANSPORT]: Topic '/web_vel' has more than one type associated. Only topics with one type are supported
[ros2-13] [ERROR] [1786737730.618089354] [ROSBAG2_TRANSPORT]: Topic '/web_vel' has more than one type associated. Only topics with one type are supported
[ros2-13] [ERROR] [1786737730.720550411] [ROSBAG2_TRANSPORT]: Topic '/web_vel' has more than one type associated. Only topics with one type are supported
[ros2-13] [ERROR] [1786737730.823064243] [ROSBAG2_TRANSPORT]: Topic '/web_vel' has more than one type associated. Only topics with one type are supported
[ros2-13] [ERROR] [1786737730.926129358] [ROSBAG2_TRANSPORT]: Topic '/web_vel' has more than one type associated. Only topics with one type are supported
[ros2-13] [ERROR] [1786737731.029298022] [ROSBAG2_TRANSPORT]: Topic '/web_vel' has more than one type associated. Only topics with one type are supported
[ros2-13] [ERROR] [1786737731.132609708] [ROSBAG2_TRANSPORT]: Topic '/web_vel' has more than one type associated. Only topics with one type are supported
[ros2-13] [ERROR] [1786737731.234941707] [ROSBAG2_TRANSPORT]: Topic '/web_vel' has more than one type associated. Only topics with one type are supported
[ros2-13] [ERROR] [1786737731.337338662] [ROSBAG2_TRANSPORT]: Topic '/web_vel' has more than one type associated. Only topics with one type are supported
[ros2-13] [ERROR] [1786737731.440649219] [ROSBAG2_TRANSPORT]: Topic '/web_vel' has more than one type associated. Only topics with one type are supported
[ros2-13] [ERROR] [1786737731.542866881] [ROSBAG2_TRANSPORT]: Topic '/web_vel' has more than one type associated. Only topics with one type are supported
[ros2-13] [ERROR] [1786737731.645126710] [ROSBAG2_TRANSPORT]: Topic '/web_vel' has more than one type associated. Only topics with one type are supported
[ros2-13] [ERROR] [1786737731.747547198] [ROSBAG2_TRANSPORT]: Topic '/web_vel' has more than one type associated. Only topics with one type are supported
[path_follower-12] [WARN] [1786737731.808064044] [path_follower]: sem TF camera_init<-map (Could not find a connection between 'camera_init' and 'map' because they are not part of the same tree.Tf has two or more unconnected trees.); o plano não pode ser usado — dirigir com ele seria o defeito de 14-08 de volta
[ros2-13] [ERROR] [1786737731.849842634] [ROSBAG2_TRANSPORT]: Topic '/web_vel' has more than one type associated. Only topics with one type are supported
[ros2-13] [ERROR] [1786737731.952117394] [ROSBAG2_TRANSPORT]: Topic '/web_vel' has more than one type associated. Only topics with one type are supported
[ros2-13] [ERROR] [1786737732.054280934] [ROSBAG2_TRANSPORT]: Topic '/web_vel' has more than one type associated. Only topics with one type are supported
[ros2-13] [ERROR] [1786737732.157381733] [ROSBAG2_TRANSPORT]: Topic '/web_vel' has more than one type associated. Only topics with one type are supported
[ros2-13] [ERROR] [1786737732.260373141] [ROSBAG2_TRANSPORT]: Topic '/web_vel' has more than one type associated. Only topics with one type are supported
[ros2-13] [ERROR] [1786737732.362803151] [ROSBAG2_TRANSPORT]: Topic '/web_vel' has more than one type associated. Only topics with one type are supported
[ros2-13] [ERROR] [1786737732.465050646] [ROSBAG2_TRANSPORT]: Topic '/web_vel' has more than one type associated. Only topics with one type are supported
[ros2-13] [ERROR] [1786737732.568219268] [ROSBAG2_TRANSPORT]: Topic '/web_vel' has more than one type associated. Only topics with one type are supported
[ros2-13] [ERROR] [1786737732.670558025] [ROSBAG2_TRANSPORT]: Topic '/web_vel' has more than one type associated. Only topics with one type are supported
[collision_monitor-9] [INFO] [1786737732.748961156] [collision_monitor]: Robot to stop due to PolygonStop polygon
[ros2-13] [ERROR] [1786737732.772831774] [ROSBAG2_TRANSPORT]: Topic '/web_vel' has more than one type associated. Only topics with one type are supported
[ros2-13] [ERROR] [1786737732.875848231] [ROSBAG2_TRANSPORT]: Topic '/web_vel' has more than one type associated. Only topics with one type are supported
[ros2-13] [ERROR] [1786737732.978320875] [ROSBAG2_TRANSPORT]: Topic '/web_vel' has more than one type associated. Only topics with one type are supported
[ros2-13] [ERROR] [1786737733.081471891] [ROSBAG2_TRANSPORT]: Topic '/web_vel' has more than one type associated. Only topics with one type are supported
[ros2-13] [ERROR] [1786737733.183627467] [ROSBAG2_TRANSPORT]: Topic '/web_vel' has more than one type associated. Only topics with one type are supported
[ros2-13] [ERROR] [1786737733.285753944] [ROSBAG2_TRANSPORT]: Topic '/web_vel' has more than one type associated. Only topics with one type are supported
[ros2-13] [ERROR] [1786737733.388223135] [ROSBAG2_TRANSPORT]: Topic '/web_vel' has more than one type associated. Only topics with one type are supported
[collision_monitor-9] [INFO] [1786737733.441527528] [collision_monitor]: Robot to continue normal operation
[ros2-13] [ERROR] [1786737733.491163279] [ROSBAG2_TRANSPORT]: Topic '/web_vel' has more than one type associated. Only topics with one type are supported
[ros2-13] [ERROR] [1786737733.593555557] [ROSBAG2_TRANSPORT]: Topic '/web_vel' has more than one type associated. Only topics with one type are supported
[collision_monitor-9] [INFO] [1786737733.634907058] [collision_monitor]: Robot to stop due to PolygonStop polygon
[ros2-13] [ERROR] [1786737733.695622543] [ROSBAG2_TRANSPORT]: Topic '/web_vel' has more than one type associated. Only topics with one type are supported
[ros2-13] [ERROR] [1786737733.797898496] [ROSBAG2_TRANSPORT]: Topic '/web_vel' has more than one type associated. Only topics with one type are supported
[ros2-13] [ERROR] [1786737733.900609697] [ROSBAG2_TRANSPORT]: Topic '/web_vel' has more than one type associated. Only topics with one type are supported
[ros2-13] [ERROR] [1786737734.002945550] [ROSBAG2_TRANSPORT]: Topic '/web_vel' has more than one type associated. Only topics with one type are supported
[ros2-13] [ERROR] [1786737734.105533611] [ROSBAG2_TRANSPORT]: Topic '/web_vel' has more than one type associated. Only topics with one type are supported
[ros2-13] [ERROR] [1786737734.207935251] [ROSBAG2_TRANSPORT]: Topic '/web_vel' has more than one type associated. Only topics with one type are supported
[ros2-13] [ERROR] [1786737734.310095858] [ROSBAG2_TRANSPORT]: Topic '/web_vel' has more than one type associated. Only topics with one type are supported
[ros2-13] [ERROR] [1786737734.412266993] [ROSBAG2_TRANSPORT]: Topic '/web_vel' has more than one type associated. Only topics with one type are supported
[collision_monitor-9] [INFO] [1786737734.448507037] [collision_monitor]: Robot to continue normal operation
[ros2-13] [ERROR] [1786737734.514489556] [ROSBAG2_TRANSPORT]: Topic '/web_vel' has more than one type associated. Only topics with one type are supported
[collision_monitor-9] [INFO] [1786737734.539908922] [collision_monitor]: Robot to stop due to PolygonStop polygon
[ros2-13] [ERROR] [1786737734.616727024] [ROSBAG2_TRANSPORT]: Topic '/web_vel' has more than one type associated. Only topics with one type are supported
[collision_monitor-9] [INFO] [1786737734.641983208] [collision_monitor]: Robot to continue normal operation
[ros2-13] [ERROR] [1786737734.719563593] [ROSBAG2_TRANSPORT]: Topic '/web_vel' has more than one type associated. Only topics with one type are supported
[ros2-13] [ERROR] [1786737734.822006302] [ROSBAG2_TRANSPORT]: Topic '/web_vel' has more than one type associated. Only topics with one type are supported
[ros2-13] [ERROR] [1786737734.924337629] [ROSBAG2_TRANSPORT]: Topic '/web_vel' has more than one type associated. Only topics with one type are supported
[ros2-13] [ERROR] [1786737735.026476939] [ROSBAG2_TRANSPORT]: Topic '/web_vel' has more than one type associated. Only topics with one type are supported
[ros2-13] [ERROR] [1786737735.128965776] [ROSBAG2_TRANSPORT]: Topic '/web_vel' has more than one type associated. Only topics with one type are supported
[ros2-13] [ERROR] [1786737735.232175711] [ROSBAG2_TRANSPORT]: Topic '/web_vel' has more than one type associated. Only topics with one type are supported
[ros2-13] [ERROR] [1786737735.334430760] [ROSBAG2_TRANSPORT]: Topic '/web_vel' has more than one type associated. Only topics with one type are supported
[ros2-13] [ERROR] [1786737735.436515686] [ROSBAG2_TRANSPORT]: Topic '/web_vel' has more than one type associated. Only topics with one type are supported
[ros2-13] [ERROR] [1786737735.539224195] [ROSBAG2_TRANSPORT]: Topic '/web_vel' has more than one type associated. Only topics with one type are supported
[ros2-13] [ERROR] [1786737735.642404820] [ROSBAG2_TRANSPORT]: Topic '/web_vel' has more than one type associated. Only topics with one type are supported
[ros2-13] [ERROR] [1786737735.745261192] [ROSBAG2_TRANSPORT]: Topic '/web_vel' has more than one type associated. Only topics with one type are supported
[ros2-13] [ERROR] [1786737735.847434264] [ROSBAG2_TRANSPORT]: Topic '/web_vel' has more than one type associated. Only topics with one type are supported
[ros2-13] [ERROR] [1786737735.949548570] [ROSBAG2_TRANSPORT]: Topic '/web_vel' has more than one type associated. Only topics with one type are supported
[ros2-13] [ERROR] [1786737736.051777313] [ROSBAG2_TRANSPORT]: Topic '/web_vel' has more than one type associated. Only topics with one type are supported
[ros2-13] [ERROR] [1786737736.153985864] [ROSBAG2_TRANSPORT]: Topic '/web_vel' has more than one type associated. Only topics with one type are supported
[ros2-13] [ERROR] [1786737736.256213223] [ROSBAG2_TRANSPORT]: Topic '/web_vel' has more than one type associated. Only topics with one type are supported
[ros2-13] [ERROR] [1786737736.358499780] [ROSBAG2_TRANSPORT]: Topic '/web_vel' has more than one type associated. Only topics with one type are supported
[ros2-13] [ERROR] [1786737736.460734652] [ROSBAG2_TRANSPORT]: Topic '/web_vel' has more than one type associated. Only topics with one type are supported
[ros2-13] [ERROR] [1786737736.562926948] [ROSBAG2_TRANSPORT]: Topic '/web_vel' has more than one type associated. Only topics with one type are supported
[ros2-13] [ERROR] [1786737736.665149768] [ROSBAG2_TRANSPORT]: Topic '/web_vel' has more than one type associated. Only topics with one type are supported
[ros2-13] [ERROR] [1786737736.767305626] [ROSBAG2_TRANSPORT]: Topic '/web_vel' has more than one type associated. Only topics with one type are supported
[path_follower-12] [WARN] [1786737736.808488898] [path_follower]: sem TF camera_init<-map (Could not find a connection between 'camera_init' and 'map' because they are not part of the same tree.Tf has two or more unconnected trees.); o plano não pode ser usado — dirigir com ele seria o defeito de 14-08 de volta
[ros2-13] [ERROR] [1786737736.869535976] [ROSBAG2_TRANSPORT]: Topic '/web_vel' has more than one type associated. Only topics with one type are supported
[ros2-13] [ERROR] [1786737736.971643729] [ROSBAG2_TRANSPORT]: Topic '/web_vel' has more than one type associated. Only topics with one type are supported
[ros2-13] [ERROR] [1786737737.073762096] [ROSBAG2_TRANSPORT]: Topic '/web_vel' has more than one type associated. Only topics with one type are supported
[ros2-13] [ERROR] [1786737737.176009384] [ROSBAG2_TRANSPORT]: Topic '/web_vel' has more than one type associated. Only topics with one type are supported
[ros2-13] [ERROR] [1786737737.278069079] [ROSBAG2_TRANSPORT]: Topic '/web_vel' has more than one type associated. Only topics with one type are supported
[ros2-13] [ERROR] [1786737737.380025750] [ROSBAG2_TRANSPORT]: Topic '/web_vel' has more than one type associated. Only topics with one type are supported
[ros2-13] [ERROR] [1786737737.482110528] [ROSBAG2_TRANSPORT]: Topic '/web_vel' has more than one type associated. Only topics with one type are supported
[ros2-13] [ERROR] [1786737737.585051434] [ROSBAG2_TRANSPORT]: Topic '/web_vel' has more than one type associated. Only topics with one type are supported
[ros2-13] [ERROR] [1786737737.687221072] [ROSBAG2_TRANSPORT]: Topic '/web_vel' has more than one type associated. Only topics with one type are supported
[ros2-13] [ERROR] [1786737737.789903622] [ROSBAG2_TRANSPORT]: Topic '/web_vel' has more than one type associated. Only topics with one type are supported
[ros2-13] [ERROR] [1786737737.892548385] [ROSBAG2_TRANSPORT]: Topic '/web_vel' has more than one type associated. Only topics with one type are supported
[ros2-13] [ERROR] [1786737737.995116954] [ROSBAG2_TRANSPORT]: Topic '/web_vel' has more than one type associated. Only topics with one type are supported
[ros2-13] [ERROR] [1786737738.097614500] [ROSBAG2_TRANSPORT]: Topic '/web_vel' has more than one type associated. Only topics with one type are supported
[ros2-13] [ERROR] [1786737738.200183411] [ROSBAG2_TRANSPORT]: Topic '/web_vel' has more than one type associated. Only topics with one type are supported
[ros2-13] [ERROR] [1786737738.303239527] [ROSBAG2_TRANSPORT]: Topic '/web_vel' has more than one type associated. Only topics with one type are supported
[ros2-13] [ERROR] [1786737738.405852536] [ROSBAG2_TRANSPORT]: Topic '/web_vel' has more than one type associated. Only topics with one type are supported
[ros2-13] [ERROR] [1786737738.508082658] [ROSBAG2_TRANSPORT]: Topic '/web_vel' has more than one type associated. Only topics with one type are supported
[ros2-13] [ERROR] [1786737738.610154763] [ROSBAG2_TRANSPORT]: Topic '/web_vel' has more than one type associated. Only topics with one type are supported
[ros2-13] [ERROR] [1786737738.712165682] [ROSBAG2_TRANSPORT]: Topic '/web_vel' has more than one type associated. Only topics with one type are supported
[ros2-13] [ERROR] [1786737738.814271017] [ROSBAG2_TRANSPORT]: Topic '/web_vel' has more than one type associated. Only topics with one type are supported
[ros2-13] [ERROR] [1786737738.916373115] [ROSBAG2_TRANSPORT]: Topic '/web_vel' has more than one type associated. Only topics with one type are supported
[ros2-13] [ERROR] [1786737739.018574547] [ROSBAG2_TRANSPORT]: Topic '/web_vel' has more than one type associated. Only topics with one type are supported
[ros2-13] [ERROR] [1786737739.121061427] [ROSBAG2_TRANSPORT]: Topic '/web_vel' has more than one type associated. Only topics with one type are supported
[ros2-13] [ERROR] [1786737739.223480863] [ROSBAG2_TRANSPORT]: Topic '/web_vel' has more than one type associated. Only topics with one type are supported
[ros2-13] [ERROR] [1786737739.325884277] [ROSBAG2_TRANSPORT]: Topic '/web_vel' has more than one type associated. Only topics with one type are supported
[ros2-13] [ERROR] [1786737739.428200699] [ROSBAG2_TRANSPORT]: Topic '/web_vel' has more than one type associated. Only topics with one type are supported
[ros2-13] [ERROR] [1786737739.530476570] [ROSBAG2_TRANSPORT]: Topic '/web_vel' has more than one type associated. Only topics with one type are supported
[ros2-13] [ERROR] [1786737739.632960086] [ROSBAG2_TRANSPORT]: Topic '/web_vel' has more than one type associated. Only topics with one type are supported
[ros2-13] [ERROR] [1786737739.735196900] [ROSBAG2_TRANSPORT]: Topic '/web_vel' has more than one type associated. Only topics with one type are supported
[ros2-13] [ERROR] [1786737739.838167833] [ROSBAG2_TRANSPORT]: Topic '/web_vel' has more than one type associated. Only topics with one type are supported
[ros2-13] [ERROR] [1786737739.940665846] [ROSBAG2_TRANSPORT]: Topic '/web_vel' has more than one type associated. Only topics with one type are supported
[ros2-13] [ERROR] [1786737740.042945371] [ROSBAG2_TRANSPORT]: Topic '/web_vel' has more than one type associated. Only topics with one type are supported
[ros2-13] [ERROR] [1786737740.145282183] [ROSBAG2_TRANSPORT]: Topic '/web_vel' has more than one type associated. Only topics with one type are supported
[ros2-13] [ERROR] [1786737740.247720612] [ROSBAG2_TRANSPORT]: Topic '/web_vel' has more than one type associated. Only topics with one type are supported
[ros2-13] [ERROR] [1786737740.350008492] [ROSBAG2_TRANSPORT]: Topic '/web_vel' has more than one type associated. Only topics with one type are supported
[ros2-13] [ERROR] [1786737740.452559698] [ROSBAG2_TRANSPORT]: Topic '/web_vel' has more than one type associated. Only topics with one type are supported
[ros2-13] [ERROR] [1786737740.555024476] [ROSBAG2_TRANSPORT]: Topic '/web_vel' has more than one type associated. Only topics with one type are supported
[ros2-13] [ERROR] [1786737740.657141678] [ROSBAG2_TRANSPORT]: Topic '/web_vel' has more than one type associated. Only topics with one type are supported
[ros2-13] [ERROR] [1786737740.759654357] [ROSBAG2_TRANSPORT]: Topic '/web_vel' has more than one type associated. Only topics with one type are supported
[ros2-13] [ERROR] [1786737740.861830469] [ROSBAG2_TRANSPORT]: Topic '/web_vel' has more than one type associated. Only topics with one type are supported
[ros2-13] [ERROR] [1786737740.963951510] [ROSBAG2_TRANSPORT]: Topic '/web_vel' has more than one type associated. Only topics with one type are supported
[ros2-13] [ERROR] [1786737741.066058736] [ROSBAG2_TRANSPORT]: Topic '/web_vel' has more than one type associated. Only topics with one type are supported
[ros2-13] [ERROR] [1786737741.168748431] [ROSBAG2_TRANSPORT]: Topic '/web_vel' has more than one type associated. Only topics with one type are supported
[ros2-13] [ERROR] [1786737741.271097115] [ROSBAG2_TRANSPORT]: Topic '/web_vel' has more than one type associated. Only topics with one type are supported
[ros2-13] [ERROR] [1786737741.373070133] [ROSBAG2_TRANSPORT]: Topic '/web_vel' has more than one type associated. Only topics with one type are supported
[ros2-13] [ERROR] [1786737741.475265001] [ROSBAG2_TRANSPORT]: Topic '/web_vel' has more than one type associated. Only topics with one type are supported
[ros2-13] [ERROR] [1786737741.578227843] [ROSBAG2_TRANSPORT]: Topic '/web_vel' has more than one type associated. Only topics with one type are supported
[ros2-13] [ERROR] [1786737741.680385087] [ROSBAG2_TRANSPORT]: Topic '/web_vel' has more than one type associated. Only topics with one type are supported
[ros2-13] [ERROR] [1786737741.782917263] [ROSBAG2_TRANSPORT]: Topic '/web_vel' has more than one type associated. Only topics with one type are supported
[path_follower-12] [WARN] [1786737741.858063141] [path_follower]: sem TF camera_init<-map (Could not find a connection between 'camera_init' and 'map' because they are not part of the same tree.Tf has two or more unconnected trees.); o plano não pode ser usado — dirigir com ele seria o defeito de 14-08 de volta
[ros2-13] [ERROR] [1786737741.885371642] [ROSBAG2_TRANSPORT]: Topic '/web_vel' has more than one type associated. Only topics with one type are supported
[ros2-13] [ERROR] [1786737741.987559995] [ROSBAG2_TRANSPORT]: Topic '/web_vel' has more than one type associated. Only topics with one type are supported
[ros2-13] [ERROR] [1786737742.090026195] [ROSBAG2_TRANSPORT]: Topic '/web_vel' has more than one type associated. Only topics with one type are supported
[ros2-13] [ERROR] [1786737742.192270326] [ROSBAG2_TRANSPORT]: Topic '/web_vel' has more than one type associated. Only topics with one type are supported
[ros2-13] [ERROR] [1786737742.294679349] [ROSBAG2_TRANSPORT]: Topic '/web_vel' has more than one type associated. Only topics with one type are supported
[ros2-13] [ERROR] [1786737742.397087592] [ROSBAG2_TRANSPORT]: Topic '/web_vel' has more than one type associated. Only topics with one type are supported
[ros2-13] [ERROR] [1786737742.499097667] [ROSBAG2_TRANSPORT]: Topic '/web_vel' has more than one type associated. Only topics with one type are supported
[ros2-13] [ERROR] [1786737742.602120349] [ROSBAG2_TRANSPORT]: Topic '/web_vel' has more than one type associated. Only topics with one type are supported
[ros2-13] [ERROR] [1786737742.704768330] [ROSBAG2_TRANSPORT]: Topic '/web_vel' has more than one type associated. Only topics with one type are supported
[ros2-13] [ERROR] [1786737742.806987090] [ROSBAG2_TRANSPORT]: Topic '/web_vel' has more than one type associated. Only topics with one type are supported
[ros2-13] [ERROR] [1786737742.909135516] [ROSBAG2_TRANSPORT]: Topic '/web_vel' has more than one type associated. Only topics with one type are supported
[ros2-13] [ERROR] [1786737743.011350079] [ROSBAG2_TRANSPORT]: Topic '/web_vel' has more than one type associated. Only topics with one type are supported
[ros2-13] [ERROR] [1786737743.113580671] [ROSBAG2_TRANSPORT]: Topic '/web_vel' has more than one type associated. Only topics with one type are supported
[ros2-13] [ERROR] [1786737743.216614119] [ROSBAG2_TRANSPORT]: Topic '/web_vel' has more than one type associated. Only topics with one type are supported
[ros2-13] [ERROR] [1786737743.318789415] [ROSBAG2_TRANSPORT]: Topic '/web_vel' has more than one type associated. Only topics with one type are supported
[ros2-13] [ERROR] [1786737743.421180728] [ROSBAG2_TRANSPORT]: Topic '/web_vel' has more than one type associated. Only topics with one type are supported
[ros2-13] [ERROR] [1786737743.523930807] [ROSBAG2_TRANSPORT]: Topic '/web_vel' has more than one type associated. Only topics with one type are supported
[ros2-13] [ERROR] [1786737743.626357748] [ROSBAG2_TRANSPORT]: Topic '/web_vel' has more than one type associated. Only topics with one type are supported
[ros2-13] [ERROR] [1786737743.729372914] [ROSBAG2_TRANSPORT]: Topic '/web_vel' has more than one type associated. Only topics with one type are supported
[ros2-13] [ERROR] [1786737743.833051106] [ROSBAG2_TRANSPORT]: Topic '/web_vel' has more than one type associated. Only topics with one type are supported
[ros2-13] [ERROR] [1786737743.936210731] [ROSBAG2_TRANSPORT]: Topic '/web_vel' has more than one type associated. Only topics with one type are supported
[ros2-13] [ERROR] [1786737744.039359121] [ROSBAG2_TRANSPORT]: Topic '/web_vel' has more than one type associated. Only topics with one type are supported
[ros2-13] [ERROR] [1786737744.142480904] [ROSBAG2_TRANSPORT]: Topic '/web_vel' has more than one type associated. Only topics with one type are supported
[ros2-13] [ERROR] [1786737744.245612261] [ROSBAG2_TRANSPORT]: Topic '/web_vel' has more than one type associated. Only topics with one type are supported
[ros2-13] [ERROR] [1786737744.348862792] [ROSBAG2_TRANSPORT]: Topic '/web_vel' has more than one type associated. Only topics with one type are supported
[ros2-13] [ERROR] [1786737744.451065548] [ROSBAG2_TRANSPORT]: Topic '/web_vel' has more than one type associated. Only topics with one type are supported
[ros2-13] [ERROR] [1786737744.553153002] [ROSBAG2_TRANSPORT]: Topic '/web_vel' has more than one type associated. Only topics with one type are supported
[ros2-13] [ERROR] [1786737744.655390164] [ROSBAG2_TRANSPORT]: Topic '/web_vel' has more than one type associated. Only topics with one type are supported
[ros2-13] [ERROR] [1786737744.758100972] [ROSBAG2_TRANSPORT]: Topic '/web_vel' has more than one type associated. Only topics with one type are supported
[ros2-13] [ERROR] [1786737744.860348105] [ROSBAG2_TRANSPORT]: Topic '/web_vel' has more than one type associated. Only topics with one type are supported
[ros2-13] [ERROR] [1786737744.962537993] [ROSBAG2_TRANSPORT]: Topic '/web_vel' has more than one type associated. Only topics with one type are supported
[ros2-13] [ERROR] [1786737745.064712005] [ROSBAG2_TRANSPORT]: Topic '/web_vel' has more than one type associated. Only topics with one type are supported
[ros2-13] [ERROR] [1786737745.166816037] [ROSBAG2_TRANSPORT]: Topic '/web_vel' has more than one type associated. Only topics with one type are supported
[ros2-13] [ERROR] [1786737745.269071432] [ROSBAG2_TRANSPORT]: Topic '/web_vel' has more than one type associated. Only topics with one type are supported
[ros2-13] [ERROR] [1786737745.371256674] [ROSBAG2_TRANSPORT]: Topic '/web_vel' has more than one type associated. Only topics with one type are supported
[ros2-13] [ERROR] [1786737745.473334528] [ROSBAG2_TRANSPORT]: Topic '/web_vel' has more than one type associated. Only topics with one type are supported
[ros2-13] [ERROR] [1786737745.575661797] [ROSBAG2_TRANSPORT]: Topic '/web_vel' has more than one type associated. Only topics with one type are supported
[ros2-13] [ERROR] [1786737745.677803995] [ROSBAG2_TRANSPORT]: Topic '/web_vel' has more than one type associated. Only topics with one type are supported
[ros2-13] [ERROR] [1786737745.780266038] [ROSBAG2_TRANSPORT]: Topic '/web_vel' has more than one type associated. Only topics with one type are supported
[ros2-13] [ERROR] [1786737745.882698826] [ROSBAG2_TRANSPORT]: Topic '/web_vel' has more than one type associated. Only topics with one type are supported
[ros2-13] [ERROR] [1786737745.985671372] [ROSBAG2_TRANSPORT]: Topic '/web_vel' has more than one type associated. Only topics with one type are supported
[ros2-13] [ERROR] [1786737746.088741090] [ROSBAG2_TRANSPORT]: Topic '/web_vel' has more than one type associated. Only topics with one type are supported
[ros2-13] [ERROR] [1786737746.191857420] [ROSBAG2_TRANSPORT]: Topic '/web_vel' has more than one type associated. Only topics with one type are supported
[ros2-13] [ERROR] [1786737746.294140955] [ROSBAG2_TRANSPORT]: Topic '/web_vel' has more than one type associated. Only topics with one type are supported
[ros2-13] [ERROR] [1786737746.396453054] [ROSBAG2_TRANSPORT]: Topic '/web_vel' has more than one type associated. Only topics with one type are supported
[ros2-13] [ERROR] [1786737746.498744920] [ROSBAG2_TRANSPORT]: Topic '/web_vel' has more than one type associated. Only topics with one type are supported
[ros2-13] [ERROR] [1786737746.601449060] [ROSBAG2_TRANSPORT]: Topic '/web_vel' has more than one type associated. Only topics with one type are supported
[ros2-13] [ERROR] [1786737746.703654149] [ROSBAG2_TRANSPORT]: Topic '/web_vel' has more than one type associated. Only topics with one type are supported
[ros2-13] [ERROR] [1786737746.806631214] [ROSBAG2_TRANSPORT]: Topic '/web_vel' has more than one type associated. Only topics with one type are supported
[path_follower-12] [WARN] [1786737746.858095313] [path_follower]: sem TF camera_init<-map (Could not find a connection between 'camera_init' and 'map' because they are not part of the same tree.Tf has two or more unconnected trees.); o plano não pode ser usado — dirigir com ele seria o defeito de 14-08 de volta
[ros2-13] [ERROR] [1786737746.909565083] [ROSBAG2_TRANSPORT]: Topic '/web_vel' has more than one type associated. Only topics with one type are supported
[ros2-13] [ERROR] [1786737747.011764995] [ROSBAG2_TRANSPORT]: Topic '/web_vel' has more than one type associated. Only topics with one type are supported
[ros2-13] [ERROR] [1786737747.114058335] [ROSBAG2_TRANSPORT]: Topic '/web_vel' has more than one type associated. Only topics with one type are supported
[ros2-13] [ERROR] [1786737747.216081068] [ROSBAG2_TRANSPORT]: Topic '/web_vel' has more than one type associated. Only topics with one type are supported
[ros2-13] [ERROR] [1786737747.318186972] [ROSBAG2_TRANSPORT]: Topic '/web_vel' has more than one type associated. Only topics with one type are supported
[ros2-13] [ERROR] [1786737747.420750631] [ROSBAG2_TRANSPORT]: Topic '/web_vel' has more than one type associated. Only topics with one type are supported
[ros2-13] [ERROR] [1786737747.523047976] [ROSBAG2_TRANSPORT]: Topic '/web_vel' has more than one type associated. Only topics with one type are supported
[ros2-13] [ERROR] [1786737747.625380553] [ROSBAG2_TRANSPORT]: Topic '/web_vel' has more than one type associated. Only topics with one type are supported
[ros2-13] [ERROR] [1786737747.727616708] [ROSBAG2_TRANSPORT]: Topic '/web_vel' has more than one type associated. Only topics with one type are supported
[ros2-13] [ERROR] [1786737747.830506516] [ROSBAG2_TRANSPORT]: Topic '/web_vel' has more than one type associated. Only topics with one type are supported
[ros2-13] [ERROR] [1786737747.933231063] [ROSBAG2_TRANSPORT]: Topic '/web_vel' has more than one type associated. Only topics with one type are supported
[ros2-13] [ERROR] [1786737748.035752867] [ROSBAG2_TRANSPORT]: Topic '/web_vel' has more than one type associated. Only topics with one type are supported
[ros2-13] [ERROR] [1786737748.138304191] [ROSBAG2_TRANSPORT]: Topic '/web_vel' has more than one type associated. Only topics with one type are supported
[ros2-13] [ERROR] [1786737748.240815207] [ROSBAG2_TRANSPORT]: Topic '/web_vel' has more than one type associated. Only topics with one type are supported
[ros2-13] [ERROR] [1786737748.343739163] [ROSBAG2_TRANSPORT]: Topic '/web_vel' has more than one type associated. Only topics with one type are supported
[ros2-13] [ERROR] [1786737748.447350949] [ROSBAG2_TRANSPORT]: Topic '/web_vel' has more than one type associated. Only topics with one type are supported
[ros2-13] [ERROR] [1786737748.550473284] [ROSBAG2_TRANSPORT]: Topic '/web_vel' has more than one type associated. Only topics with one type are supported
[ros2-13] [ERROR] [1786737748.653477017] [ROSBAG2_TRANSPORT]: Topic '/web_vel' has more than one type associated. Only topics with one type are supported
[ros2-13] [ERROR] [1786737748.756709833] [ROSBAG2_TRANSPORT]: Topic '/web_vel' has more than one type associated. Only topics with one type are supported
[ros2-13] [ERROR] [1786737748.860657347] [ROSBAG2_TRANSPORT]: Topic '/web_vel' has more than one type associated. Only topics with one type are supported
[ros2-13] [ERROR] [1786737748.964212375] [ROSBAG2_TRANSPORT]: Topic '/web_vel' has more than one type associated. Only topics with one type are supported
[ros2-13] [ERROR] [1786737749.066895031] [ROSBAG2_TRANSPORT]: Topic '/web_vel' has more than one type associated. Only topics with one type are supported
[ros2-13] [ERROR] [1786737749.169555824] [ROSBAG2_TRANSPORT]: Topic '/web_vel' has more than one type associated. Only topics with one type are supported
[ros2-13] [ERROR] [1786737749.272104531] [ROSBAG2_TRANSPORT]: Topic '/web_vel' has more than one type associated. Only topics with one type are supported
[ros2-13] [ERROR] [1786737749.374723097] [ROSBAG2_TRANSPORT]: Topic '/web_vel' has more than one type associated. Only topics with one type are supported
[ros2-13] [ERROR] [1786737749.476971003] [ROSBAG2_TRANSPORT]: Topic '/web_vel' has more than one type associated. Only topics with one type are supported
[ros2-13] [ERROR] [1786737749.579946657] [ROSBAG2_TRANSPORT]: Topic '/web_vel' has more than one type associated. Only topics with one type are supported
[ros2-13] [ERROR] [1786737749.682293373] [ROSBAG2_TRANSPORT]: Topic '/web_vel' has more than one type associated. Only topics with one type are supported
[ros2-13] [ERROR] [1786737749.785117092] [ROSBAG2_TRANSPORT]: Topic '/web_vel' has more than one type associated. Only topics with one type are supported
[ros2-13] [ERROR] [1786737749.887405451] [ROSBAG2_TRANSPORT]: Topic '/web_vel' has more than one type associated. Only topics with one type are supported
[ros2-13] [ERROR] [1786737749.990415784] [ROSBAG2_TRANSPORT]: Topic '/web_vel' has more than one type associated. Only topics with one type are supported
[ros2-13] [ERROR] [1786737750.093547920] [ROSBAG2_TRANSPORT]: Topic '/web_vel' has more than one type associated. Only topics with one type are supported
[ros2-13] [ERROR] [1786737750.195664148] [ROSBAG2_TRANSPORT]: Topic '/web_vel' has more than one type associated. Only topics with one type are supported
[ros2-13] [ERROR] [1786737750.298077492] [ROSBAG2_TRANSPORT]: Topic '/web_vel' has more than one type associated. Only topics with one type are supported
[ros2-13] [ERROR] [1786737750.400667343] [ROSBAG2_TRANSPORT]: Topic '/web_vel' has more than one type associated. Only topics with one type are supported
[ros2-13] [ERROR] [1786737750.503641790] [ROSBAG2_TRANSPORT]: Topic '/web_vel' has more than one type associated. Only topics with one type are supported
[ros2-13] [ERROR] [1786737750.606023774] [ROSBAG2_TRANSPORT]: Topic '/web_vel' has more than one type associated. Only topics with one type are supported
[ros2-13] [ERROR] [1786737750.708797129] [ROSBAG2_TRANSPORT]: Topic '/web_vel' has more than one type associated. Only topics with one type are supported
[ros2-13] [ERROR] [1786737750.811107368] [ROSBAG2_TRANSPORT]: Topic '/web_vel' has more than one type associated. Only topics with one type are supported
[ros2-13] [ERROR] [1786737750.913476156] [ROSBAG2_TRANSPORT]: Topic '/web_vel' has more than one type associated. Only topics with one type are supported
[ros2-13] [ERROR] [1786737751.016217167] [ROSBAG2_TRANSPORT]: Topic '/web_vel' has more than one type associated. Only topics with one type are supported
[ros2-13] [ERROR] [1786737751.118536042] [ROSBAG2_TRANSPORT]: Topic '/web_vel' has more than one type associated. Only topics with one type are supported
[ros2-13] [ERROR] [1786737751.221206691] [ROSBAG2_TRANSPORT]: Topic '/web_vel' has more than one type associated. Only topics with one type are supported
[ros2-13] [ERROR] [1786737751.323336900] [ROSBAG2_TRANSPORT]: Topic '/web_vel' has more than one type associated. Only topics with one type are supported
[ros2-13] [ERROR] [1786737751.425830824] [ROSBAG2_TRANSPORT]: Topic '/web_vel' has more than one type associated. Only topics with one type are supported
[ros2-13] [ERROR] [1786737751.528822609] [ROSBAG2_TRANSPORT]: Topic '/web_vel' has more than one type associated. Only topics with one type are supported
[ros2-13] [ERROR] [1786737751.631847060] [ROSBAG2_TRANSPORT]: Topic '/web_vel' has more than one type associated. Only topics with one type are supported
[ros2-13] [ERROR] [1786737751.733919452] [ROSBAG2_TRANSPORT]: Topic '/web_vel' has more than one type associated. Only topics with one type are supported
[ros2-13] [ERROR] [1786737751.835984494] [ROSBAG2_TRANSPORT]: Topic '/web_vel' has more than one type associated. Only topics with one type are supported
[path_follower-12] [WARN] [1786737751.907955743] [path_follower]: sem TF camera_init<-map (Could not find a connection between 'camera_init' and 'map' because they are not part of the same tree.Tf has two or more unconnected trees.); o plano não pode ser usado — dirigir com ele seria o defeito de 14-08 de volta
[ros2-13] [ERROR] [1786737751.938525148] [ROSBAG2_TRANSPORT]: Topic '/web_vel' has more than one type associated. Only topics with one type are supported
[ros2-13] [ERROR] [1786737752.041544773] [ROSBAG2_TRANSPORT]: Topic '/web_vel' has more than one type associated. Only topics with one type are supported
[ros2-13] [ERROR] [1786737752.144162381] [ROSBAG2_TRANSPORT]: Topic '/web_vel' has more than one type associated. Only topics with one type are supported
[ros2-13] [ERROR] [1786737752.246235697] [ROSBAG2_TRANSPORT]: Topic '/web_vel' has more than one type associated. Only topics with one type are supported
[ros2-13] [ERROR] [1786737752.348767364] [ROSBAG2_TRANSPORT]: Topic '/web_vel' has more than one type associated. Only topics with one type are supported
[ros2-13] [ERROR] [1786737752.451742224] [ROSBAG2_TRANSPORT]: Topic '/web_vel' has more than one type associated. Only topics with one type are supported
[ros2-13] [ERROR] [1786737752.554020378] [ROSBAG2_TRANSPORT]: Topic '/web_vel' has more than one type associated. Only topics with one type are supported
[ros2-13] [ERROR] [1786737752.656459302] [ROSBAG2_TRANSPORT]: Topic '/web_vel' has more than one type associated. Only topics with one type are supported
[ros2-13] [ERROR] [1786737752.758828772] [ROSBAG2_TRANSPORT]: Topic '/web_vel' has more than one type associated. Only topics with one type are supported
[ros2-13] [ERROR] [1786737752.861902808] [ROSBAG2_TRANSPORT]: Topic '/web_vel' has more than one type associated. Only topics with one type are supported
[ros2-13] [ERROR] [1786737752.964436176] [ROSBAG2_TRANSPORT]: Topic '/web_vel' has more than one type associated. Only topics with one type are supported
[ros2-13] [ERROR] [1786737753.066678151] [ROSBAG2_TRANSPORT]: Topic '/web_vel' has more than one type associated. Only topics with one type are supported
[ros2-13] [ERROR] [1786737753.168835501] [ROSBAG2_TRANSPORT]: Topic '/web_vel' has more than one type associated. Only topics with one type are supported
[ros2-13] [ERROR] [1786737753.271236570] [ROSBAG2_TRANSPORT]: Topic '/web_vel' has more than one type associated. Only topics with one type are supported
[ros2-13] [ERROR] [1786737753.373354664] [ROSBAG2_TRANSPORT]: Topic '/web_vel' has more than one type associated. Only topics with one type are supported
[ros2-13] [ERROR] [1786737753.475785987] [ROSBAG2_TRANSPORT]: Topic '/web_vel' has more than one type associated. Only topics with one type are supported
[ros2-13] [ERROR] [1786737753.577949539] [ROSBAG2_TRANSPORT]: Topic '/web_vel' has more than one type associated. Only topics with one type are supported
[ros2-13] [ERROR] [1786737753.680081712] [ROSBAG2_TRANSPORT]: Topic '/web_vel' has more than one type associated. Only topics with one type are supported
[ros2-13] [ERROR] [1786737753.782980637] [ROSBAG2_TRANSPORT]: Topic '/web_vel' has more than one type associated. Only topics with one type are supported
[ros2-13] [ERROR] [1786737753.885289948] [ROSBAG2_TRANSPORT]: Topic '/web_vel' has more than one type associated. Only topics with one type are supported
[ros2-13] [ERROR] [1786737753.987431172] [ROSBAG2_TRANSPORT]: Topic '/web_vel' has more than one type associated. Only topics with one type are supported
[ros2-13] [ERROR] [1786737754.089771763] [ROSBAG2_TRANSPORT]: Topic '/web_vel' has more than one type associated. Only topics with one type are supported
[ros2-13] [ERROR] [1786737754.191899082] [ROSBAG2_TRANSPORT]: Topic '/web_vel' has more than one type associated. Only topics with one type are supported
[ros2-13] [ERROR] [1786737754.294757161] [ROSBAG2_TRANSPORT]: Topic '/web_vel' has more than one type associated. Only topics with one type are supported
[ros2-13] [ERROR] [1786737754.398043149] [ROSBAG2_TRANSPORT]: Topic '/web_vel' has more than one type associated. Only topics with one type are supported
[ros2-13] [ERROR] [1786737754.500888329] [ROSBAG2_TRANSPORT]: Topic '/web_vel' has more than one type associated. Only topics with one type are supported
[ros2-13] [ERROR] [1786737754.603667372] [ROSBAG2_TRANSPORT]: Topic '/web_vel' has more than one type associated. Only topics with one type are supported
[ros2-13] [ERROR] [1786737754.705851227] [ROSBAG2_TRANSPORT]: Topic '/web_vel' has more than one type associated. Only topics with one type are supported
[ros2-13] [ERROR] [1786737754.808054083] [ROSBAG2_TRANSPORT]: Topic '/web_vel' has more than one type associated. Only topics with one type are supported
[ros2-13] [ERROR] [1786737754.910056772] [ROSBAG2_TRANSPORT]: Topic '/web_vel' has more than one type associated. Only topics with one type are supported
[ros2-13] [ERROR] [1786737755.012205090] [ROSBAG2_TRANSPORT]: Topic '/web_vel' has more than one type associated. Only topics with one type are supported
[ros2-13] [ERROR] [1786737755.114777901] [ROSBAG2_TRANSPORT]: Topic '/web_vel' has more than one type associated. Only topics with one type are supported
[ros2-13] [ERROR] [1786737755.217264331] [ROSBAG2_TRANSPORT]: Topic '/web_vel' has more than one type associated. Only topics with one type are supported
[ros2-13] [ERROR] [1786737755.320194601] [ROSBAG2_TRANSPORT]: Topic '/web_vel' has more than one type associated. Only topics with one type are supported
[ros2-13] [ERROR] [1786737755.422372145] [ROSBAG2_TRANSPORT]: Topic '/web_vel' has more than one type associated. Only topics with one type are supported
[ros2-13] [ERROR] [1786737755.525354209] [ROSBAG2_TRANSPORT]: Topic '/web_vel' has more than one type associated. Only topics with one type are supported
[ros2-13] [ERROR] [1786737755.627980379] [ROSBAG2_TRANSPORT]: Topic '/web_vel' has more than one type associated. Only topics with one type are supported
[ros2-13] [ERROR] [1786737755.730502431] [ROSBAG2_TRANSPORT]: Topic '/web_vel' has more than one type associated. Only topics with one type are supported
[ros2-13] [ERROR] [1786737755.832680484] [ROSBAG2_TRANSPORT]: Topic '/web_vel' has more than one type associated. Only topics with one type are supported
[ros2-13] [ERROR] [1786737755.935029672] [ROSBAG2_TRANSPORT]: Topic '/web_vel' has more than one type associated. Only topics with one type are supported
[ros2-13] [ERROR] [1786737756.037329304] [ROSBAG2_TRANSPORT]: Topic '/web_vel' has more than one type associated. Only topics with one type are supported
[ros2-13] [ERROR] [1786737756.139743620] [ROSBAG2_TRANSPORT]: Topic '/web_vel' has more than one type associated. Only topics with one type are supported
[ros2-13] [ERROR] [1786737756.242174992] [ROSBAG2_TRANSPORT]: Topic '/web_vel' has more than one type associated. Only topics with one type are supported
[ros2-13] [ERROR] [1786737756.344330139] [ROSBAG2_TRANSPORT]: Topic '/web_vel' has more than one type associated. Only topics with one type are supported
[ros2-13] [ERROR] [1786737756.447190658] [ROSBAG2_TRANSPORT]: Topic '/web_vel' has more than one type associated. Only topics with one type are supported
[ros2-13] [ERROR] [1786737756.550360887] [ROSBAG2_TRANSPORT]: Topic '/web_vel' has more than one type associated. Only topics with one type are supported
[ros2-13] [ERROR] [1786737756.652526158] [ROSBAG2_TRANSPORT]: Topic '/web_vel' has more than one type associated. Only topics with one type are supported
[ros2-13] [ERROR] [1786737756.754844265] [ROSBAG2_TRANSPORT]: Topic '/web_vel' has more than one type associated. Only topics with one type are supported
[ros2-13] [ERROR] [1786737756.857372092] [ROSBAG2_TRANSPORT]: Topic '/web_vel' has more than one type associated. Only topics with one type are supported
[path_follower-12] [WARN] [1786737756.908044787] [path_follower]: sem TF camera_init<-map (Could not find a connection between 'camera_init' and 'map' because they are not part of the same tree.Tf has two or more unconnected trees.); o plano não pode ser usado — dirigir com ele seria o defeito de 14-08 de volta
[ros2-13] [ERROR] [1786737756.959517218] [ROSBAG2_TRANSPORT]: Topic '/web_vel' has more than one type associated. Only topics with one type are supported
[ros2-13] [ERROR] [1786737757.061644983] [ROSBAG2_TRANSPORT]: Topic '/web_vel' has more than one type associated. Only topics with one type are supported
[ros2-13] [ERROR] [1786737757.163903295] [ROSBAG2_TRANSPORT]: Topic '/web_vel' has more than one type associated. Only topics with one type are supported
[ros2-13] [ERROR] [1786737757.266919233] [ROSBAG2_TRANSPORT]: Topic '/web_vel' has more than one type associated. Only topics with one type are supported
[ros2-13] [ERROR] [1786737757.369252343] [ROSBAG2_TRANSPORT]: Topic '/web_vel' has more than one type associated. Only topics with one type are supported
[ros2-13] [ERROR] [1786737757.471544471] [ROSBAG2_TRANSPORT]: Topic '/web_vel' has more than one type associated. Only topics with one type are supported
[ros2-13] [ERROR] [1786737757.573688502] [ROSBAG2_TRANSPORT]: Topic '/web_vel' has more than one type associated. Only topics with one type are supported
[ros2-13] [ERROR] [1786737757.675924052] [ROSBAG2_TRANSPORT]: Topic '/web_vel' has more than one type associated. Only topics with one type are supported
[ros2-13] [ERROR] [1786737757.778531052] [ROSBAG2_TRANSPORT]: Topic '/web_vel' has more than one type associated. Only topics with one type are supported
[ros2-13] [ERROR] [1786737757.880668752] [ROSBAG2_TRANSPORT]: Topic '/web_vel' has more than one type associated. Only topics with one type are supported
[ros2-13] [ERROR] [1786737757.982777708] [ROSBAG2_TRANSPORT]: Topic '/web_vel' has more than one type associated. Only topics with one type are supported
[ros2-13] [ERROR] [1786737758.085697516] [ROSBAG2_TRANSPORT]: Topic '/web_vel' has more than one type associated. Only topics with one type are supported
[ros2-13] [ERROR] [1786737758.188488574] [ROSBAG2_TRANSPORT]: Topic '/web_vel' has more than one type associated. Only topics with one type are supported
[ros2-13] [ERROR] [1786737758.290813528] [ROSBAG2_TRANSPORT]: Topic '/web_vel' has more than one type associated. Only topics with one type are supported
[ros2-13] [ERROR] [1786737758.393826164] [ROSBAG2_TRANSPORT]: Topic '/web_vel' has more than one type associated. Only topics with one type are supported
[ros2-13] [ERROR] [1786737758.496513127] [ROSBAG2_TRANSPORT]: Topic '/web_vel' has more than one type associated. Only topics with one type are supported
[ros2-13] [ERROR] [1786737758.598833028] [ROSBAG2_TRANSPORT]: Topic '/web_vel' has more than one type associated. Only topics with one type are supported
[ros2-13] [ERROR] [1786737758.701190035] [ROSBAG2_TRANSPORT]: Topic '/web_vel' has more than one type associated. Only topics with one type are supported
[ros2-13] [ERROR] [1786737758.803900208] [ROSBAG2_TRANSPORT]: Topic '/web_vel' has more than one type associated. Only topics with one type are supported
[ros2-13] [ERROR] [1786737758.906118753] [ROSBAG2_TRANSPORT]: Topic '/web_vel' has more than one type associated. Only topics with one type are supported
[ros2-13] [ERROR] [1786737759.008203540] [ROSBAG2_TRANSPORT]: Topic '/web_vel' has more than one type associated. Only topics with one type are supported
[ros2-13] [ERROR] [1786737759.110813052] [ROSBAG2_TRANSPORT]: Topic '/web_vel' has more than one type associated. Only topics with one type are supported
[ros2-13] [ERROR] [1786737759.213922371] [ROSBAG2_TRANSPORT]: Topic '/web_vel' has more than one type associated. Only topics with one type are supported
[ros2-13] [ERROR] [1786737759.316281564] [ROSBAG2_TRANSPORT]: Topic '/web_vel' has more than one type associated. Only topics with one type are supported
[ros2-13] [ERROR] [1786737759.418644332] [ROSBAG2_TRANSPORT]: Topic '/web_vel' has more than one type associated. Only topics with one type are supported
[ros2-13] [ERROR] [1786737759.521023227] [ROSBAG2_TRANSPORT]: Topic '/web_vel' has more than one type associated. Only topics with one type are supported
[ros2-13] [ERROR] [1786737759.623046344] [ROSBAG2_TRANSPORT]: Topic '/web_vel' has more than one type associated. Only topics with one type are supported
[ros2-13] [ERROR] [1786737759.725267922] [ROSBAG2_TRANSPORT]: Topic '/web_vel' has more than one type associated. Only topics with one type are supported
[ros2-13] [ERROR] [1786737759.827679735] [ROSBAG2_TRANSPORT]: Topic '/web_vel' has more than one type associated. Only topics with one type are supported
[ros2-13] [ERROR] [1786737759.930589113] [ROSBAG2_TRANSPORT]: Topic '/web_vel' has more than one type associated. Only topics with one type are supported
[ros2-13] [ERROR] [1786737760.033972635] [ROSBAG2_TRANSPORT]: Topic '/web_vel' has more than one type associated. Only topics with one type are supported
[ros2-13] [ERROR] [1786737760.136071507] [ROSBAG2_TRANSPORT]: Topic '/web_vel' has more than one type associated. Only topics with one type are supported
[ros2-13] [ERROR] [1786737760.238389042] [ROSBAG2_TRANSPORT]: Topic '/web_vel' has more than one type associated. Only topics with one type are supported
[ros2-13] [ERROR] [1786737760.341022508] [ROSBAG2_TRANSPORT]: Topic '/web_vel' has more than one type associated. Only topics with one type are supported
[ros2-13] [ERROR] [1786737760.443271010] [ROSBAG2_TRANSPORT]: Topic '/web_vel' has more than one type associated. Only topics with one type are supported
[ros2-13] [ERROR] [1786737760.545402027] [ROSBAG2_TRANSPORT]: Topic '/web_vel' has more than one type associated. Only topics with one type are supported
[ros2-13] [ERROR] [1786737760.647621611] [ROSBAG2_TRANSPORT]: Topic '/web_vel' has more than one type associated. Only topics with one type are supported
[ros2-13] [ERROR] [1786737760.750028013] [ROSBAG2_TRANSPORT]: Topic '/web_vel' has more than one type associated. Only topics with one type are supported
[ros2-13] [ERROR] [1786737760.852422999] [ROSBAG2_TRANSPORT]: Topic '/web_vel' has more than one type associated. Only topics with one type are supported
[ros2-13] [ERROR] [1786737760.955155985] [ROSBAG2_TRANSPORT]: Topic '/web_vel' has more than one type associated. Only topics with one type are supported
[ros2-13] [ERROR] [1786737761.057417983] [ROSBAG2_TRANSPORT]: Topic '/web_vel' has more than one type associated. Only topics with one type are supported
[ros2-13] [ERROR] [1786737761.159396115] [ROSBAG2_TRANSPORT]: Topic '/web_vel' has more than one type associated. Only topics with one type are supported
[ros2-13] [ERROR] [1786737761.262192923] [ROSBAG2_TRANSPORT]: Topic '/web_vel' has more than one type associated. Only topics with one type are supported
[ros2-13] [ERROR] [1786737761.364846434] [ROSBAG2_TRANSPORT]: Topic '/web_vel' has more than one type associated. Only topics with one type are supported
[ros2-13] [ERROR] [1786737761.467089611] [ROSBAG2_TRANSPORT]: Topic '/web_vel' has more than one type associated. Only topics with one type are supported
[ros2-13] [ERROR] [1786737761.569393495] [ROSBAG2_TRANSPORT]: Topic '/web_vel' has more than one type associated. Only topics with one type are supported
[ros2-13] [ERROR] [1786737761.671505308] [ROSBAG2_TRANSPORT]: Topic '/web_vel' has more than one type associated. Only topics with one type are supported
[ros2-13] [ERROR] [1786737761.773605809] [ROSBAG2_TRANSPORT]: Topic '/web_vel' has more than one type associated. Only topics with one type are supported
[ros2-13] [ERROR] [1786737761.875758871] [ROSBAG2_TRANSPORT]: Topic '/web_vel' has more than one type associated. Only topics with one type are supported
[path_follower-12] [WARN] [1786737761.908532483] [path_follower]: sem TF camera_init<-map (Could not find a connection between 'camera_init' and 'map' because they are not part of the same tree.Tf has two or more unconnected trees.); o plano não pode ser usado — dirigir com ele seria o defeito de 14-08 de volta
[ros2-13] [ERROR] [1786737761.978299647] [ROSBAG2_TRANSPORT]: Topic '/web_vel' has more than one type associated. Only topics with one type are supported
[ros2-13] [ERROR] [1786737762.080413907] [ROSBAG2_TRANSPORT]: Topic '/web_vel' has more than one type associated. Only topics with one type are supported
[ros2-13] [ERROR] [1786737762.183527961] [ROSBAG2_TRANSPORT]: Topic '/web_vel' has more than one type associated. Only topics with one type are supported
[ros2-13] [ERROR] [1786737762.286044258] [ROSBAG2_TRANSPORT]: Topic '/web_vel' has more than one type associated. Only topics with one type are supported
[ros2-13] [ERROR] [1786737762.388505471] [ROSBAG2_TRANSPORT]: Topic '/web_vel' has more than one type associated. Only topics with one type are supported
[ros2-13] [ERROR] [1786737762.491197346] [ROSBAG2_TRANSPORT]: Topic '/web_vel' has more than one type associated. Only topics with one type are supported
[ros2-13] [ERROR] [1786737762.593683639] [ROSBAG2_TRANSPORT]: Topic '/web_vel' has more than one type associated. Only topics with one type are supported
[ros2-13] [ERROR] [1786737762.696653506] [ROSBAG2_TRANSPORT]: Topic '/web_vel' has more than one type associated. Only topics with one type are supported
[ros2-13] [ERROR] [1786737762.799753191] [ROSBAG2_TRANSPORT]: Topic '/web_vel' has more than one type associated. Only topics with one type are supported
[ros2-13] [ERROR] [1786737762.902239206] [ROSBAG2_TRANSPORT]: Topic '/web_vel' has more than one type associated. Only topics with one type are supported
[ros2-13] [ERROR] [1786737763.004582531] [ROSBAG2_TRANSPORT]: Topic '/web_vel' has more than one type associated. Only topics with one type are supported
[ros2-13] [ERROR] [1786737763.106634550] [ROSBAG2_TRANSPORT]: Topic '/web_vel' has more than one type associated. Only topics with one type are supported
[ros2-13] [ERROR] [1786737763.209545288] [ROSBAG2_TRANSPORT]: Topic '/web_vel' has more than one type associated. Only topics with one type are supported
[ros2-13] [ERROR] [1786737763.311638943] [ROSBAG2_TRANSPORT]: Topic '/web_vel' has more than one type associated. Only topics with one type are supported
[ros2-13] [ERROR] [1786737763.414111464] [ROSBAG2_TRANSPORT]: Topic '/web_vel' has more than one type associated. Only topics with one type are supported
[ros2-13] [ERROR] [1786737763.516357833] [ROSBAG2_TRANSPORT]: Topic '/web_vel' has more than one type associated. Only topics with one type are supported
[ros2-13] [ERROR] [1786737763.618491872] [ROSBAG2_TRANSPORT]: Topic '/web_vel' has more than one type associated. Only topics with one type are supported
[ros2-13] [ERROR] [1786737763.720687995] [ROSBAG2_TRANSPORT]: Topic '/web_vel' has more than one type associated. Only topics with one type are supported
[ros2-13] [ERROR] [1786737763.822905617] [ROSBAG2_TRANSPORT]: Topic '/web_vel' has more than one type associated. Only topics with one type are supported
[ros2-13] [ERROR] [1786737763.925036394] [ROSBAG2_TRANSPORT]: Topic '/web_vel' has more than one type associated. Only topics with one type are supported
[ros2-13] [ERROR] [1786737764.027297119] [ROSBAG2_TRANSPORT]: Topic '/web_vel' has more than one type associated. Only topics with one type are supported
[ros2-13] [ERROR] [1786737764.130124776] [ROSBAG2_TRANSPORT]: Topic '/web_vel' has more than one type associated. Only topics with one type are supported
[ros2-13] [ERROR] [1786737764.233192852] [ROSBAG2_TRANSPORT]: Topic '/web_vel' has more than one type associated. Only topics with one type are supported
[ros2-13] [ERROR] [1786737764.336258272] [ROSBAG2_TRANSPORT]: Topic '/web_vel' has more than one type associated. Only topics with one type are supported
[ros2-13] [ERROR] [1786737764.438701251] [ROSBAG2_TRANSPORT]: Topic '/web_vel' has more than one type associated. Only topics with one type are supported
[ros2-13] [ERROR] [1786737764.541234239] [ROSBAG2_TRANSPORT]: Topic '/web_vel' has more than one type associated. Only topics with one type are supported
[ros2-13] [ERROR] [1786737764.643375092] [ROSBAG2_TRANSPORT]: Topic '/web_vel' has more than one type associated. Only topics with one type are supported
[ros2-13] [ERROR] [1786737764.745647405] [ROSBAG2_TRANSPORT]: Topic '/web_vel' has more than one type associated. Only topics with one type are supported
[ros2-13] [ERROR] [1786737764.848149595] [ROSBAG2_TRANSPORT]: Topic '/web_vel' has more than one type associated. Only topics with one type are supported
[ros2-13] [ERROR] [1786737764.950259267] [ROSBAG2_TRANSPORT]: Topic '/web_vel' has more than one type associated. Only topics with one type are supported
[ros2-13] [ERROR] [1786737765.052537172] [ROSBAG2_TRANSPORT]: Topic '/web_vel' has more than one type associated. Only topics with one type are supported
[ros2-13] [ERROR] [1786737765.155467475] [ROSBAG2_TRANSPORT]: Topic '/web_vel' has more than one type associated. Only topics with one type are supported
[ros2-13] [ERROR] [1786737765.257902026] [ROSBAG2_TRANSPORT]: Topic '/web_vel' has more than one type associated. Only topics with one type are supported
[ros2-13] [ERROR] [1786737765.360254340] [ROSBAG2_TRANSPORT]: Topic '/web_vel' has more than one type associated. Only topics with one type are supported
[ros2-13] [ERROR] [1786737765.462383533] [ROSBAG2_TRANSPORT]: Topic '/web_vel' has more than one type associated. Only topics with one type are supported
[ros2-13] [ERROR] [1786737765.564453757] [ROSBAG2_TRANSPORT]: Topic '/web_vel' has more than one type associated. Only topics with one type are supported
[ros2-13] [ERROR] [1786737765.666847742] [ROSBAG2_TRANSPORT]: Topic '/web_vel' has more than one type associated. Only topics with one type are supported
[ros2-13] [ERROR] [1786737765.769093704] [ROSBAG2_TRANSPORT]: Topic '/web_vel' has more than one type associated. Only topics with one type are supported
[ros2-13] [ERROR] [1786737765.871618047] [ROSBAG2_TRANSPORT]: Topic '/web_vel' has more than one type associated. Only topics with one type are supported
[ros2-13] [ERROR] [1786737765.973887537] [ROSBAG2_TRANSPORT]: Topic '/web_vel' has more than one type associated. Only topics with one type are supported
[ros2-13] [ERROR] [1786737766.076428140] [ROSBAG2_TRANSPORT]: Topic '/web_vel' has more than one type associated. Only topics with one type are supported
[ros2-13] [ERROR] [1786737766.178590235] [ROSBAG2_TRANSPORT]: Topic '/web_vel' has more than one type associated. Only topics with one type are supported
[ros2-13] [ERROR] [1786737766.280731712] [ROSBAG2_TRANSPORT]: Topic '/web_vel' has more than one type associated. Only topics with one type are supported
[ros2-13] [ERROR] [1786737766.382922172] [ROSBAG2_TRANSPORT]: Topic '/web_vel' has more than one type associated. Only topics with one type are supported
[ros2-13] [ERROR] [1786737766.484896859] [ROSBAG2_TRANSPORT]: Topic '/web_vel' has more than one type associated. Only topics with one type are supported
[ros2-13] [ERROR] [1786737766.586978360] [ROSBAG2_TRANSPORT]: Topic '/web_vel' has more than one type associated. Only topics with one type are supported
[ros2-13] [ERROR] [1786737766.689095581] [ROSBAG2_TRANSPORT]: Topic '/web_vel' has more than one type associated. Only topics with one type are supported
[ros2-13] [ERROR] [1786737766.791477303] [ROSBAG2_TRANSPORT]: Topic '/web_vel' has more than one type associated. Only topics with one type are supported
[ros2-13] [ERROR] [1786737766.893886797] [ROSBAG2_TRANSPORT]: Topic '/web_vel' has more than one type associated. Only topics with one type are supported
[path_follower-12] [WARN] [1786737766.958210997] [path_follower]: sem TF camera_init<-map (Could not find a connection between 'camera_init' and 'map' because they are not part of the same tree.Tf has two or more unconnected trees.); o plano não pode ser usado — dirigir com ele seria o defeito de 14-08 de volta
[ros2-13] [ERROR] [1786737766.995963892] [ROSBAG2_TRANSPORT]: Topic '/web_vel' has more than one type associated. Only topics with one type are supported
[ros2-13] [ERROR] [1786737767.098148433] [ROSBAG2_TRANSPORT]: Topic '/web_vel' has more than one type associated. Only topics with one type are supported
[ros2-13] [ERROR] [1786737767.200372069] [ROSBAG2_TRANSPORT]: Topic '/web_vel' has more than one type associated. Only topics with one type are supported
[ros2-13] [ERROR] [1786737767.304020889] [ROSBAG2_TRANSPORT]: Topic '/web_vel' has more than one type associated. Only topics with one type are supported
[ros2-13] [ERROR] [1786737767.406436004] [ROSBAG2_TRANSPORT]: Topic '/web_vel' has more than one type associated. Only topics with one type are supported
[ros2-13] [ERROR] [1786737767.508648118] [ROSBAG2_TRANSPORT]: Topic '/web_vel' has more than one type associated. Only topics with one type are supported
[ros2-13] [ERROR] [1786737767.610795550] [ROSBAG2_TRANSPORT]: Topic '/web_vel' has more than one type associated. Only topics with one type are supported
[ros2-13] [ERROR] [1786737767.712897293] [ROSBAG2_TRANSPORT]: Topic '/web_vel' has more than one type associated. Only topics with one type are supported
[ros2-13] [ERROR] [1786737767.815049913] [ROSBAG2_TRANSPORT]: Topic '/web_vel' has more than one type associated. Only topics with one type are supported
[ros2-13] [ERROR] [1786737767.917201595] [ROSBAG2_TRANSPORT]: Topic '/web_vel' has more than one type associated. Only topics with one type are supported
[ros2-13] [ERROR] [1786737768.019513609] [ROSBAG2_TRANSPORT]: Topic '/web_vel' has more than one type associated. Only topics with one type are supported
[ros2-13] [ERROR] [1786737768.121658383] [ROSBAG2_TRANSPORT]: Topic '/web_vel' has more than one type associated. Only topics with one type are supported
[ros2-13] [ERROR] [1786737768.223990869] [ROSBAG2_TRANSPORT]: Topic '/web_vel' has more than one type associated. Only topics with one type are supported
[ros2-13] [ERROR] [1786737768.326095231] [ROSBAG2_TRANSPORT]: Topic '/web_vel' has more than one type associated. Only topics with one type are supported
[ros2-13] [ERROR] [1786737768.429048722] [ROSBAG2_TRANSPORT]: Topic '/web_vel' has more than one type associated. Only topics with one type are supported
[ros2-13] [ERROR] [1786737768.531712618] [ROSBAG2_TRANSPORT]: Topic '/web_vel' has more than one type associated. Only topics with one type are supported
[ros2-13] [ERROR] [1786737768.634454712] [ROSBAG2_TRANSPORT]: Topic '/web_vel' has more than one type associated. Only topics with one type are supported
[ros2-13] [ERROR] [1786737768.736762421] [ROSBAG2_TRANSPORT]: Topic '/web_vel' has more than one type associated. Only topics with one type are supported
[ros2-13] [ERROR] [1786737768.839032485] [ROSBAG2_TRANSPORT]: Topic '/web_vel' has more than one type associated. Only topics with one type are supported
[ros2-13] [ERROR] [1786737768.942229636] [ROSBAG2_TRANSPORT]: Topic '/web_vel' has more than one type associated. Only topics with one type are supported
[ros2-13] [ERROR] [1786737769.044711669] [ROSBAG2_TRANSPORT]: Topic '/web_vel' has more than one type associated. Only topics with one type are supported
[ros2-13] [ERROR] [1786737769.146908883] [ROSBAG2_TRANSPORT]: Topic '/web_vel' has more than one type associated. Only topics with one type are supported
[ros2-13] [ERROR] [1786737769.249281140] [ROSBAG2_TRANSPORT]: Topic '/web_vel' has more than one type associated. Only topics with one type are supported
[ros2-13] [ERROR] [1786737769.352177143] [ROSBAG2_TRANSPORT]: Topic '/web_vel' has more than one type associated. Only topics with one type are supported
[ros2-13] [ERROR] [1786737769.455165772] [ROSBAG2_TRANSPORT]: Topic '/web_vel' has more than one type associated. Only topics with one type are supported
[ros2-13] [ERROR] [1786737769.557940772] [ROSBAG2_TRANSPORT]: Topic '/web_vel' has more than one type associated. Only topics with one type are supported
[ros2-13] [ERROR] [1786737769.660871843] [ROSBAG2_TRANSPORT]: Topic '/web_vel' has more than one type associated. Only topics with one type are supported
[ros2-13] [ERROR] [1786737769.763778643] [ROSBAG2_TRANSPORT]: Topic '/web_vel' has more than one type associated. Only topics with one type are supported
[ros2-13] [ERROR] [1786737769.866706586] [ROSBAG2_TRANSPORT]: Topic '/web_vel' has more than one type associated. Only topics with one type are supported
[ros2-13] [ERROR] [1786737769.969501706] [ROSBAG2_TRANSPORT]: Topic '/web_vel' has more than one type associated. Only topics with one type are supported
[ros2-13] [ERROR] [1786737770.072174454] [ROSBAG2_TRANSPORT]: Topic '/web_vel' has more than one type associated. Only topics with one type are supported
[ros2-13] [ERROR] [1786737770.174852016] [ROSBAG2_TRANSPORT]: Topic '/web_vel' has more than one type associated. Only topics with one type are supported
[ros2-13] [ERROR] [1786737770.277621365] [ROSBAG2_TRANSPORT]: Topic '/web_vel' has more than one type associated. Only topics with one type are supported
[ros2-13] [ERROR] [1786737770.379778412] [ROSBAG2_TRANSPORT]: Topic '/web_vel' has more than one type associated. Only topics with one type are supported
[ros2-13] [ERROR] [1786737770.481853324] [ROSBAG2_TRANSPORT]: Topic '/web_vel' has more than one type associated. Only topics with one type are supported
[ros2-13] [ERROR] [1786737770.584672646] [ROSBAG2_TRANSPORT]: Topic '/web_vel' has more than one type associated. Only topics with one type are supported
[ros2-13] [ERROR] [1786737770.687163448] [ROSBAG2_TRANSPORT]: Topic '/web_vel' has more than one type associated. Only topics with one type are supported
[ros2-13] [ERROR] [1786737770.790465188] [ROSBAG2_TRANSPORT]: Topic '/web_vel' has more than one type associated. Only topics with one type are supported
[ros2-13] [ERROR] [1786737770.893580392] [ROSBAG2_TRANSPORT]: Topic '/web_vel' has more than one type associated. Only topics with one type are supported
[ros2-13] [ERROR] [1786737770.996332612] [ROSBAG2_TRANSPORT]: Topic '/web_vel' has more than one type associated. Only topics with one type are supported
[ros2-13] [ERROR] [1786737771.098651301] [ROSBAG2_TRANSPORT]: Topic '/web_vel' has more than one type associated. Only topics with one type are supported
[ros2-13] [ERROR] [1786737771.200968032] [ROSBAG2_TRANSPORT]: Topic '/web_vel' has more than one type associated. Only topics with one type are supported
[ros2-13] [ERROR] [1786737771.304300669] [ROSBAG2_TRANSPORT]: Topic '/web_vel' has more than one type associated. Only topics with one type are supported
[ros2-13] [ERROR] [1786737771.406602770] [ROSBAG2_TRANSPORT]: Topic '/web_vel' has more than one type associated. Only topics with one type are supported
[ros2-13] [ERROR] [1786737771.508914478] [ROSBAG2_TRANSPORT]: Topic '/web_vel' has more than one type associated. Only topics with one type are supported
[ros2-13] [ERROR] [1786737771.611009375] [ROSBAG2_TRANSPORT]: Topic '/web_vel' has more than one type associated. Only topics with one type are supported
[ros2-13] [ERROR] [1786737771.713207898] [ROSBAG2_TRANSPORT]: Topic '/web_vel' has more than one type associated. Only topics with one type are supported
[ros2-13] [ERROR] [1786737771.815284855] [ROSBAG2_TRANSPORT]: Topic '/web_vel' has more than one type associated. Only topics with one type are supported
[ros2-13] [ERROR] [1786737771.917420079] [ROSBAG2_TRANSPORT]: Topic '/web_vel' has more than one type associated. Only topics with one type are supported
[path_follower-12] [WARN] [1786737772.008072650] [path_follower]: sem TF camera_init<-map (Could not find a connection between 'camera_init' and 'map' because they are not part of the same tree.Tf has two or more unconnected trees.); o plano não pode ser usado — dirigir com ele seria o defeito de 14-08 de volta
[ros2-13] [ERROR] [1786737772.019763398] [ROSBAG2_TRANSPORT]: Topic '/web_vel' has more than one type associated. Only topics with one type are supported
[ros2-13] [ERROR] [1786737772.122036467] [ROSBAG2_TRANSPORT]: Topic '/web_vel' has more than one type associated. Only topics with one type are supported
[ros2-13] [ERROR] [1786737772.224673018] [ROSBAG2_TRANSPORT]: Topic '/web_vel' has more than one type associated. Only topics with one type are supported
[ros2-13] [ERROR] [1786737772.327143508] [ROSBAG2_TRANSPORT]: Topic '/web_vel' has more than one type associated. Only topics with one type are supported
[ros2-13] [ERROR] [1786737772.430199942] [ROSBAG2_TRANSPORT]: Topic '/web_vel' has more than one type associated. Only topics with one type are supported
[ros2-13] [ERROR] [1786737772.532853560] [ROSBAG2_TRANSPORT]: Topic '/web_vel' has more than one type associated. Only topics with one type are supported
[ros2-13] [ERROR] [1786737772.635153675] [ROSBAG2_TRANSPORT]: Topic '/web_vel' has more than one type associated. Only topics with one type are supported
[ros2-13] [ERROR] [1786737772.737564875] [ROSBAG2_TRANSPORT]: Topic '/web_vel' has more than one type associated. Only topics with one type are supported
[ros2-13] [ERROR] [1786737772.839949907] [ROSBAG2_TRANSPORT]: Topic '/web_vel' has more than one type associated. Only topics with one type are supported
[ros2-13] [ERROR] [1786737772.942313220] [ROSBAG2_TRANSPORT]: Topic '/web_vel' has more than one type associated. Only topics with one type are supported
[ros2-13] [ERROR] [1786737773.044718103] [ROSBAG2_TRANSPORT]: Topic '/web_vel' has more than one type associated. Only topics with one type are supported
[ros2-13] [ERROR] [1786737773.147424330] [ROSBAG2_TRANSPORT]: Topic '/web_vel' has more than one type associated. Only topics with one type are supported
[ros2-13] [ERROR] [1786737773.249745506] [ROSBAG2_TRANSPORT]: Topic '/web_vel' has more than one type associated. Only topics with one type are supported
[ros2-13] [ERROR] [1786737773.352075351] [ROSBAG2_TRANSPORT]: Topic '/web_vel' has more than one type associated. Only topics with one type are supported
[ros2-13] [ERROR] [1786737773.454646641] [ROSBAG2_TRANSPORT]: Topic '/web_vel' has more than one type associated. Only topics with one type are supported
[ros2-13] [ERROR] [1786737773.557804423] [ROSBAG2_TRANSPORT]: Topic '/web_vel' has more than one type associated. Only topics with one type are supported
[ros2-13] [ERROR] [1786737773.660528805] [ROSBAG2_TRANSPORT]: Topic '/web_vel' has more than one type associated. Only topics with one type are supported
[collision_monitor-9] [WARN] [1786737773.670938939] [collision_monitor]: [livox]: Latest source and current collision monitor node timestamps differ on 1.155314 seconds. Ignoring the source.
[collision_monitor-9] [WARN] [1786737773.672088009] [collision_monitor]: Robot to stop due to invalid source. Either due to data not published yet, or to lack of new data received within the sensor timeout, or if impossible to transform data to base frame
[collision_monitor-9] [INFO] [1786737773.748787098] [collision_monitor]: Robot to continue normal operation
[ros2-13] [ERROR] [1786737773.763062572] [ROSBAG2_TRANSPORT]: Topic '/web_vel' has more than one type associated. Only topics with one type are supported
[ros2-13] [ERROR] [1786737773.865541398] [ROSBAG2_TRANSPORT]: Topic '/web_vel' has more than one type associated. Only topics with one type are supported
[ros2-13] [ERROR] [1786737773.967680824] [ROSBAG2_TRANSPORT]: Topic '/web_vel' has more than one type associated. Only topics with one type are supported
[ros2-13] [ERROR] [1786737774.069703171] [ROSBAG2_TRANSPORT]: Topic '/web_vel' has more than one type associated. Only topics with one type are supported
[ros2-13] [ERROR] [1786737774.171699449] [ROSBAG2_TRANSPORT]: Topic '/web_vel' has more than one type associated. Only topics with one type are supported
[ros2-13] [ERROR] [1786737774.274348523] [ROSBAG2_TRANSPORT]: Topic '/web_vel' has more than one type associated. Only topics with one type are supported
[ros2-13] [ERROR] [1786737774.376565272] [ROSBAG2_TRANSPORT]: Topic '/web_vel' has more than one type associated. Only topics with one type are supported
[ros2-13] [ERROR] [1786737774.478588050] [ROSBAG2_TRANSPORT]: Topic '/web_vel' has more than one type associated. Only topics with one type are supported
[ros2-13] [ERROR] [1786737774.580574752] [ROSBAG2_TRANSPORT]: Topic '/web_vel' has more than one type associated. Only topics with one type are supported
[ros2-13] [ERROR] [1786737774.683387118] [ROSBAG2_TRANSPORT]: Topic '/web_vel' has more than one type associated. Only topics with one type are supported
[ros2-13] [ERROR] [1786737774.785668096] [ROSBAG2_TRANSPORT]: Topic '/web_vel' has more than one type associated. Only topics with one type are supported
[ros2-13] [ERROR] [1786737774.888651880] [ROSBAG2_TRANSPORT]: Topic '/web_vel' has more than one type associated. Only topics with one type are supported
[ros2-13] [ERROR] [1786737774.990891270] [ROSBAG2_TRANSPORT]: Topic '/web_vel' has more than one type associated. Only topics with one type are supported
[ros2-13] [ERROR] [1786737775.093358322] [ROSBAG2_TRANSPORT]: Topic '/web_vel' has more than one type associated. Only topics with one type are supported
[ros2-13] [ERROR] [1786737775.195600904] [ROSBAG2_TRANSPORT]: Topic '/web_vel' has more than one type associated. Only topics with one type are supported
[ros2-13] [ERROR] [1786737775.299214661] [ROSBAG2_TRANSPORT]: Topic '/web_vel' has more than one type associated. Only topics with one type are supported
[ros2-13] [ERROR] [1786737775.402738599] [ROSBAG2_TRANSPORT]: Topic '/web_vel' has more than one type associated. Only topics with one type are supported
[ros2-13] [ERROR] [1786737775.504838655] [ROSBAG2_TRANSPORT]: Topic '/web_vel' has more than one type associated. Only topics with one type are supported
[ros2-13] [ERROR] [1786737775.607019263] [ROSBAG2_TRANSPORT]: Topic '/web_vel' has more than one type associated. Only topics with one type are supported
[ros2-13] [ERROR] [1786737775.709055380] [ROSBAG2_TRANSPORT]: Topic '/web_vel' has more than one type associated. Only topics with one type are supported
[ros2-13] [ERROR] [1786737775.811035036] [ROSBAG2_TRANSPORT]: Topic '/web_vel' has more than one type associated. Only topics with one type are supported
[ros2-13] [ERROR] [1786737775.912934158] [ROSBAG2_TRANSPORT]: Topic '/web_vel' has more than one type associated. Only topics with one type are supported
[ros2-13] [ERROR] [1786737776.015399050] [ROSBAG2_TRANSPORT]: Topic '/web_vel' has more than one type associated. Only topics with one type are supported
[ros2-13] [ERROR] [1786737776.117468869] [ROSBAG2_TRANSPORT]: Topic '/web_vel' has more than one type associated. Only topics with one type are supported
[ros2-13] [ERROR] [1786737776.220391633] [ROSBAG2_TRANSPORT]: Topic '/web_vel' has more than one type associated. Only topics with one type are supported
[ros2-13] [ERROR] [1786737776.323181341] [ROSBAG2_TRANSPORT]: Topic '/web_vel' has more than one type associated. Only topics with one type are supported
[ros2-13] [ERROR] [1786737776.426405659] [ROSBAG2_TRANSPORT]: Topic '/web_vel' has more than one type associated. Only topics with one type are supported
[ros2-13] [ERROR] [1786737776.528575353] [ROSBAG2_TRANSPORT]: Topic '/web_vel' has more than one type associated. Only topics with one type are supported
[ros2-13] [ERROR] [1786737776.631311596] [ROSBAG2_TRANSPORT]: Topic '/web_vel' has more than one type associated. Only topics with one type are supported
[ros2-13] [ERROR] [1786737776.733657582] [ROSBAG2_TRANSPORT]: Topic '/web_vel' has more than one type associated. Only topics with one type are supported
[ros2-13] [ERROR] [1786737776.836168448] [ROSBAG2_TRANSPORT]: Topic '/web_vel' has more than one type associated. Only topics with one type are supported
[ros2-13] [ERROR] [1786737776.939031151] [ROSBAG2_TRANSPORT]: Topic '/web_vel' has more than one type associated. Only topics with one type are supported
[ros2-13] [ERROR] [1786737777.041244585] [ROSBAG2_TRANSPORT]: Topic '/web_vel' has more than one type associated. Only topics with one type are supported
[path_follower-12] [WARN] [1786737777.058075822] [path_follower]: sem TF camera_init<-map (Could not find a connection between 'camera_init' and 'map' because they are not part of the same tree.Tf has two or more unconnected trees.); o plano não pode ser usado — dirigir com ele seria o defeito de 14-08 de volta
[ros2-13] [ERROR] [1786737777.143486366] [ROSBAG2_TRANSPORT]: Topic '/web_vel' has more than one type associated. Only topics with one type are supported
[ros2-13] [ERROR] [1786737777.245939296] [ROSBAG2_TRANSPORT]: Topic '/web_vel' has more than one type associated. Only topics with one type are supported
[ros2-13] [ERROR] [1786737777.348166353] [ROSBAG2_TRANSPORT]: Topic '/web_vel' has more than one type associated. Only topics with one type are supported
[ros2-13] [ERROR] [1786737777.450268624] [ROSBAG2_TRANSPORT]: Topic '/web_vel' has more than one type associated. Only topics with one type are supported
[ros2-13] [ERROR] [1786737777.552783003] [ROSBAG2_TRANSPORT]: Topic '/web_vel' has more than one type associated. Only topics with one type are supported
[ros2-13] [ERROR] [1786737777.655598032] [ROSBAG2_TRANSPORT]: Topic '/web_vel' has more than one type associated. Only topics with one type are supported
[ros2-13] [ERROR] [1786737777.758370628] [ROSBAG2_TRANSPORT]: Topic '/web_vel' has more than one type associated. Only topics with one type are supported
[ros2-13] [ERROR] [1786737777.860627260] [ROSBAG2_TRANSPORT]: Topic '/web_vel' has more than one type associated. Only topics with one type are supported
[ros2-13] [ERROR] [1786737777.962674738] [ROSBAG2_TRANSPORT]: Topic '/web_vel' has more than one type associated. Only topics with one type are supported
[ros2-13] [ERROR] [1786737778.065569440] [ROSBAG2_TRANSPORT]: Topic '/web_vel' has more than one type associated. Only topics with one type are supported
[ros2-13] [ERROR] [1786737778.167614003] [ROSBAG2_TRANSPORT]: Topic '/web_vel' has more than one type associated. Only topics with one type are supported
[ros2-13] [ERROR] [1786737778.269758029] [ROSBAG2_TRANSPORT]: Topic '/web_vel' has more than one type associated. Only topics with one type are supported
[ros2-13] [ERROR] [1786737778.371901773] [ROSBAG2_TRANSPORT]: Topic '/web_vel' has more than one type associated. Only topics with one type are supported
[ros2-13] [ERROR] [1786737778.473914355] [ROSBAG2_TRANSPORT]: Topic '/web_vel' has more than one type associated. Only topics with one type are supported
[ros2-13] [ERROR] [1786737778.575992797] [ROSBAG2_TRANSPORT]: Topic '/web_vel' has more than one type associated. Only topics with one type are supported
[ros2-13] [ERROR] [1786737778.678229692] [ROSBAG2_TRANSPORT]: Topic '/web_vel' has more than one type associated. Only topics with one type are supported
[ros2-13] [ERROR] [1786737778.780311906] [ROSBAG2_TRANSPORT]: Topic '/web_vel' has more than one type associated. Only topics with one type are supported
[ros2-13] [ERROR] [1786737778.882307399] [ROSBAG2_TRANSPORT]: Topic '/web_vel' has more than one type associated. Only topics with one type are supported
[ros2-13] [ERROR] [1786737778.984295257] [ROSBAG2_TRANSPORT]: Topic '/web_vel' has more than one type associated. Only topics with one type are supported
[ros2-13] [ERROR] [1786737779.086929515] [ROSBAG2_TRANSPORT]: Topic '/web_vel' has more than one type associated. Only topics with one type are supported
[ros2-13] [ERROR] [1786737779.189168777] [ROSBAG2_TRANSPORT]: Topic '/web_vel' has more than one type associated. Only topics with one type are supported
[ros2-13] [ERROR] [1786737779.291319641] [ROSBAG2_TRANSPORT]: Topic '/web_vel' has more than one type associated. Only topics with one type are supported
[ros2-13] [ERROR] [1786737779.393876839] [ROSBAG2_TRANSPORT]: Topic '/web_vel' has more than one type associated. Only topics with one type are supported
[ros2-13] [ERROR] [1786737779.496406243] [ROSBAG2_TRANSPORT]: Topic '/web_vel' has more than one type associated. Only topics with one type are supported
[ros2-13] [ERROR] [1786737779.598660446] [ROSBAG2_TRANSPORT]: Topic '/web_vel' has more than one type associated. Only topics with one type are supported
[ros2-13] [ERROR] [1786737779.701576578] [ROSBAG2_TRANSPORT]: Topic '/web_vel' has more than one type associated. Only topics with one type are supported
[ros2-13] [ERROR] [1786737779.804466778] [ROSBAG2_TRANSPORT]: Topic '/web_vel' has more than one type associated. Only topics with one type are supported
[ros2-13] [ERROR] [1786737779.906549348] [ROSBAG2_TRANSPORT]: Topic '/web_vel' has more than one type associated. Only topics with one type are supported
[ros2-13] [ERROR] [1786737780.008788463] [ROSBAG2_TRANSPORT]: Topic '/web_vel' has more than one type associated. Only topics with one type are supported
[ros2-13] [ERROR] [1786737780.111079688] [ROSBAG2_TRANSPORT]: Topic '/web_vel' has more than one type associated. Only topics with one type are supported
[ros2-13] [ERROR] [1786737780.213509211] [ROSBAG2_TRANSPORT]: Topic '/web_vel' has more than one type associated. Only topics with one type are supported
[ros2-13] [ERROR] [1786737780.316027241] [ROSBAG2_TRANSPORT]: Topic '/web_vel' has more than one type associated. Only topics with one type are supported
[ros2-13] [ERROR] [1786737780.418721108] [ROSBAG2_TRANSPORT]: Topic '/web_vel' has more than one type associated. Only topics with one type are supported
[ros2-13] [ERROR] [1786737780.521075235] [ROSBAG2_TRANSPORT]: Topic '/web_vel' has more than one type associated. Only topics with one type are supported
[ros2-13] [ERROR] [1786737780.623577498] [ROSBAG2_TRANSPORT]: Topic '/web_vel' has more than one type associated. Only topics with one type are supported
[ros2-13] [ERROR] [1786737780.726298648] [ROSBAG2_TRANSPORT]: Topic '/web_vel' has more than one type associated. Only topics with one type are supported
[ros2-13] [ERROR] [1786737780.829779925] [ROSBAG2_TRANSPORT]: Topic '/web_vel' has more than one type associated. Only topics with one type are supported
[ros2-13] [ERROR] [1786737780.932092189] [ROSBAG2_TRANSPORT]: Topic '/web_vel' has more than one type associated. Only topics with one type are supported
[ros2-13] [ERROR] [1786737781.034215158] [ROSBAG2_TRANSPORT]: Topic '/web_vel' has more than one type associated. Only topics with one type are supported
[ros2-13] [ERROR] [1786737781.136969961] [ROSBAG2_TRANSPORT]: Topic '/web_vel' has more than one type associated. Only topics with one type are supported
[ros2-13] [ERROR] [1786737781.239263432] [ROSBAG2_TRANSPORT]: Topic '/web_vel' has more than one type associated. Only topics with one type are supported
[ros2-13] [ERROR] [1786737781.341681690] [ROSBAG2_TRANSPORT]: Topic '/web_vel' has more than one type associated. Only topics with one type are supported
[ros2-13] [ERROR] [1786737781.443973137] [ROSBAG2_TRANSPORT]: Topic '/web_vel' has more than one type associated. Only topics with one type are supported
[ros2-13] [ERROR] [1786737781.546916096] [ROSBAG2_TRANSPORT]: Topic '/web_vel' has more than one type associated. Only topics with one type are supported
[ros2-13] [ERROR] [1786737781.649264197] [ROSBAG2_TRANSPORT]: Topic '/web_vel' has more than one type associated. Only topics with one type are supported
[ros2-13] [ERROR] [1786737781.751912269] [ROSBAG2_TRANSPORT]: Topic '/web_vel' has more than one type associated. Only topics with one type are supported
[ros2-13] [ERROR] [1786737781.854119801] [ROSBAG2_TRANSPORT]: Topic '/web_vel' has more than one type associated. Only topics with one type are supported
[ros2-13] [ERROR] [1786737781.956404760] [ROSBAG2_TRANSPORT]: Topic '/web_vel' has more than one type associated. Only topics with one type are supported
[path_follower-12] [WARN] [1786737782.058613533] [path_follower]: sem TF camera_init<-map (Could not find a connection between 'camera_init' and 'map' because they are not part of the same tree.Tf has two or more unconnected trees.); o plano não pode ser usado — dirigir com ele seria o defeito de 14-08 de volta
[ros2-13] [ERROR] [1786737782.058772097] [ROSBAG2_TRANSPORT]: Topic '/web_vel' has more than one type associated. Only topics with one type are supported
[ros2-13] [ERROR] [1786737782.160972934] [ROSBAG2_TRANSPORT]: Topic '/web_vel' has more than one type associated. Only topics with one type are supported
[ros2-13] [ERROR] [1786737782.263596225] [ROSBAG2_TRANSPORT]: Topic '/web_vel' has more than one type associated. Only topics with one type are supported
[ros2-13] [ERROR] [1786737782.366132104] [ROSBAG2_TRANSPORT]: Topic '/web_vel' has more than one type associated. Only topics with one type are supported
[ros2-13] [ERROR] [1786737782.468325071] [ROSBAG2_TRANSPORT]: Topic '/web_vel' has more than one type associated. Only topics with one type are supported
[ros2-13] [ERROR] [1786737782.570536342] [ROSBAG2_TRANSPORT]: Topic '/web_vel' has more than one type associated. Only topics with one type are supported
[ros2-13] [ERROR] [1786737782.672732655] [ROSBAG2_TRANSPORT]: Topic '/web_vel' has more than one type associated. Only topics with one type are supported
[ros2-13] [ERROR] [1786737782.774930443] [ROSBAG2_TRANSPORT]: Topic '/web_vel' has more than one type associated. Only topics with one type are supported
[ros2-13] [ERROR] [1786737782.877021328] [ROSBAG2_TRANSPORT]: Topic '/web_vel' has more than one type associated. Only topics with one type are supported
[ros2-13] [ERROR] [1786737782.979689605] [ROSBAG2_TRANSPORT]: Topic '/web_vel' has more than one type associated. Only topics with one type are supported
[ros2-13] [ERROR] [1786737783.081860826] [ROSBAG2_TRANSPORT]: Topic '/web_vel' has more than one type associated. Only topics with one type are supported
[ros2-13] [ERROR] [1786737783.184946216] [ROSBAG2_TRANSPORT]: Topic '/web_vel' has more than one type associated. Only topics with one type are supported
[ros2-13] [ERROR] [1786737783.287471762] [ROSBAG2_TRANSPORT]: Topic '/web_vel' has more than one type associated. Only topics with one type are supported
[ros2-13] [ERROR] [1786737783.389911977] [ROSBAG2_TRANSPORT]: Topic '/web_vel' has more than one type associated. Only topics with one type are supported
[ros2-13] [ERROR] [1786737783.492197247] [ROSBAG2_TRANSPORT]: Topic '/web_vel' has more than one type associated. Only topics with one type are supported
[ros2-13] [ERROR] [1786737783.594893634] [ROSBAG2_TRANSPORT]: Topic '/web_vel' has more than one type associated. Only topics with one type are supported
[ros2-13] [ERROR] [1786737783.697389644] [ROSBAG2_TRANSPORT]: Topic '/web_vel' has more than one type associated. Only topics with one type are supported
[ros2-13] [ERROR] [1786737783.799817167] [ROSBAG2_TRANSPORT]: Topic '/web_vel' has more than one type associated. Only topics with one type are supported
[ros2-13] [ERROR] [1786737783.902929088] [ROSBAG2_TRANSPORT]: Topic '/web_vel' has more than one type associated. Only topics with one type are supported
[ros2-13] [ERROR] [1786737784.005346523] [ROSBAG2_TRANSPORT]: Topic '/web_vel' has more than one type associated. Only topics with one type are supported
[ros2-13] [ERROR] [1786737784.107530000] [ROSBAG2_TRANSPORT]: Topic '/web_vel' has more than one type associated. Only topics with one type are supported
[ros2-13] [ERROR] [1786737784.210102760] [ROSBAG2_TRANSPORT]: Topic '/web_vel' has more than one type associated. Only topics with one type are supported
[ros2-13] [ERROR] [1786737784.312354750] [ROSBAG2_TRANSPORT]: Topic '/web_vel' has more than one type associated. Only topics with one type are supported
[ros2-13] [ERROR] [1786737784.415162024] [ROSBAG2_TRANSPORT]: Topic '/web_vel' has more than one type associated. Only topics with one type are supported
[ros2-13] [ERROR] [1786737784.517624756] [ROSBAG2_TRANSPORT]: Topic '/web_vel' has more than one type associated. Only topics with one type are supported
[ros2-13] [ERROR] [1786737784.620663589] [ROSBAG2_TRANSPORT]: Topic '/web_vel' has more than one type associated. Only topics with one type are supported
[ros2-13] [ERROR] [1786737784.722841340] [ROSBAG2_TRANSPORT]: Topic '/web_vel' has more than one type associated. Only topics with one type are supported
[ros2-13] [ERROR] [1786737784.825063531] [ROSBAG2_TRANSPORT]: Topic '/web_vel' has more than one type associated. Only topics with one type are supported
[ros2-13] [ERROR] [1786737784.927536985] [ROSBAG2_TRANSPORT]: Topic '/web_vel' has more than one type associated. Only topics with one type are supported
[ros2-13] [ERROR] [1786737785.029950559] [ROSBAG2_TRANSPORT]: Topic '/web_vel' has more than one type associated. Only topics with one type are supported
[ros2-13] [ERROR] [1786737785.132279128] [ROSBAG2_TRANSPORT]: Topic '/web_vel' has more than one type associated. Only topics with one type are supported
[ros2-13] [ERROR] [1786737785.235048544] [ROSBAG2_TRANSPORT]: Topic '/web_vel' has more than one type associated. Only topics with one type are supported
[ros2-13] [ERROR] [1786737785.338972647] [ROSBAG2_TRANSPORT]: Topic '/web_vel' has more than one type associated. Only topics with one type are supported
[ros2-13] [ERROR] [1786737785.442068186] [ROSBAG2_TRANSPORT]: Topic '/web_vel' has more than one type associated. Only topics with one type are supported
[ros2-13] [ERROR] [1786737785.544850287] [ROSBAG2_TRANSPORT]: Topic '/web_vel' has more than one type associated. Only topics with one type are supported
[ros2-13] [ERROR] [1786737785.647389670] [ROSBAG2_TRANSPORT]: Topic '/web_vel' has more than one type associated. Only topics with one type are supported
[ros2-13] [ERROR] [1786737785.750180274] [ROSBAG2_TRANSPORT]: Topic '/web_vel' has more than one type associated. Only topics with one type are supported
[ros2-13] [ERROR] [1786737785.852963783] [ROSBAG2_TRANSPORT]: Topic '/web_vel' has more than one type associated. Only topics with one type are supported
[ros2-13] [ERROR] [1786737785.955727386] [ROSBAG2_TRANSPORT]: Topic '/web_vel' has more than one type associated. Only topics with one type are supported
[ros2-13] [ERROR] [1786737786.058147497] [ROSBAG2_TRANSPORT]: Topic '/web_vel' has more than one type associated. Only topics with one type are supported
[ros2-13] [ERROR] [1786737786.160345739] [ROSBAG2_TRANSPORT]: Topic '/web_vel' has more than one type associated. Only topics with one type are supported
[ros2-13] [ERROR] [1786737786.262793497] [ROSBAG2_TRANSPORT]: Topic '/web_vel' has more than one type associated. Only topics with one type are supported
[ros2-13] [ERROR] [1786737786.365647420] [ROSBAG2_TRANSPORT]: Topic '/web_vel' has more than one type associated. Only topics with one type are supported
[ros2-13] [ERROR] [1786737786.467875934] [ROSBAG2_TRANSPORT]: Topic '/web_vel' has more than one type associated. Only topics with one type are supported
[ros2-13] [ERROR] [1786737786.570033467] [ROSBAG2_TRANSPORT]: Topic '/web_vel' has more than one type associated. Only topics with one type are supported
[ros2-13] [ERROR] [1786737786.672143891] [ROSBAG2_TRANSPORT]: Topic '/web_vel' has more than one type associated. Only topics with one type are supported
[ros2-13] [ERROR] [1786737786.775200899] [ROSBAG2_TRANSPORT]: Topic '/web_vel' has more than one type associated. Only topics with one type are supported
[ros2-13] [ERROR] [1786737786.877348757] [ROSBAG2_TRANSPORT]: Topic '/web_vel' has more than one type associated. Only topics with one type are supported
[ros2-13] [ERROR] [1786737786.979679436] [ROSBAG2_TRANSPORT]: Topic '/web_vel' has more than one type associated. Only topics with one type are supported
[ros2-13] [ERROR] [1786737787.082055952] [ROSBAG2_TRANSPORT]: Topic '/web_vel' has more than one type associated. Only topics with one type are supported
[path_follower-12] [WARN] [1786737787.108118177] [path_follower]: sem TF camera_init<-map (Could not find a connection between 'camera_init' and 'map' because they are not part of the same tree.Tf has two or more unconnected trees.); o plano não pode ser usado — dirigir com ele seria o defeito de 14-08 de volta
[ros2-13] [ERROR] [1786737787.184735857] [ROSBAG2_TRANSPORT]: Topic '/web_vel' has more than one type associated. Only topics with one type are supported
[ros2-13] [ERROR] [1786737787.287098540] [ROSBAG2_TRANSPORT]: Topic '/web_vel' has more than one type associated. Only topics with one type are supported
[ros2-13] [ERROR] [1786737787.390357250] [ROSBAG2_TRANSPORT]: Topic '/web_vel' has more than one type associated. Only topics with one type are supported
[ros2-13] [ERROR] [1786737787.492914710] [ROSBAG2_TRANSPORT]: Topic '/web_vel' has more than one type associated. Only topics with one type are supported
[ros2-13] [ERROR] [1786737787.595400152] [ROSBAG2_TRANSPORT]: Topic '/web_vel' has more than one type associated. Only topics with one type are supported
[ros2-13] [ERROR] [1786737787.697758845] [ROSBAG2_TRANSPORT]: Topic '/web_vel' has more than one type associated. Only topics with one type are supported
[ros2-13] [ERROR] [1786737787.800392555] [ROSBAG2_TRANSPORT]: Topic '/web_vel' has more than one type associated. Only topics with one type are supported
[ros2-13] [ERROR] [1786737787.902640143] [ROSBAG2_TRANSPORT]: Topic '/web_vel' has more than one type associated. Only topics with one type are supported
[ros2-13] [ERROR] [1786737788.004988754] [ROSBAG2_TRANSPORT]: Topic '/web_vel' has more than one type associated. Only topics with one type are supported
[ros2-13] [ERROR] [1786737788.107125081] [ROSBAG2_TRANSPORT]: Topic '/web_vel' has more than one type associated. Only topics with one type are supported
[ros2-13] [ERROR] [1786737788.210214278] [ROSBAG2_TRANSPORT]: Topic '/web_vel' has more than one type associated. Only topics with one type are supported
[ros2-13] [ERROR] [1786737788.312415023] [ROSBAG2_TRANSPORT]: Topic '/web_vel' has more than one type associated. Only topics with one type are supported
[ros2-13] [ERROR] [1786737788.414663905] [ROSBAG2_TRANSPORT]: Topic '/web_vel' has more than one type associated. Only topics with one type are supported
[ros2-13] [ERROR] [1786737788.516846394] [ROSBAG2_TRANSPORT]: Topic '/web_vel' has more than one type associated. Only topics with one type are supported
[ros2-13] [ERROR] [1786737788.618976000] [ROSBAG2_TRANSPORT]: Topic '/web_vel' has more than one type associated. Only topics with one type are supported
[ros2-13] [ERROR] [1786737788.721776642] [ROSBAG2_TRANSPORT]: Topic '/web_vel' has more than one type associated. Only topics with one type are supported
[ros2-13] [ERROR] [1786737788.824580688] [ROSBAG2_TRANSPORT]: Topic '/web_vel' has more than one type associated. Only topics with one type are supported
[ros2-13] [ERROR] [1786737788.927176218] [ROSBAG2_TRANSPORT]: Topic '/web_vel' has more than one type associated. Only topics with one type are supported
[ros2-13] [ERROR] [1786737789.029687845] [ROSBAG2_TRANSPORT]: Topic '/web_vel' has more than one type associated. Only topics with one type are supported
[ros2-13] [ERROR] [1786737789.132656095] [ROSBAG2_TRANSPORT]: Topic '/web_vel' has more than one type associated. Only topics with one type are supported
[ros2-13] [ERROR] [1786737789.235305636] [ROSBAG2_TRANSPORT]: Topic '/web_vel' has more than one type associated. Only topics with one type are supported
[ros2-13] [ERROR] [1786737789.338142205] [ROSBAG2_TRANSPORT]: Topic '/web_vel' has more than one type associated. Only topics with one type are supported
[ros2-13] [ERROR] [1786737789.440848960] [ROSBAG2_TRANSPORT]: Topic '/web_vel' has more than one type associated. Only topics with one type are supported
[ros2-13] [ERROR] [1786737789.543937765] [ROSBAG2_TRANSPORT]: Topic '/web_vel' has more than one type associated. Only topics with one type are supported
[ros2-13] [ERROR] [1786737789.646165113] [ROSBAG2_TRANSPORT]: Topic '/web_vel' has more than one type associated. Only topics with one type are supported
[ros2-13] [ERROR] [1786737789.748543932] [ROSBAG2_TRANSPORT]: Topic '/web_vel' has more than one type associated. Only topics with one type are supported
[ros2-13] [ERROR] [1786737789.851239744] [ROSBAG2_TRANSPORT]: Topic '/web_vel' has more than one type associated. Only topics with one type are supported
[ros2-13] [ERROR] [1786737789.953516420] [ROSBAG2_TRANSPORT]: Topic '/web_vel' has more than one type associated. Only topics with one type are supported
[ros2-13] [ERROR] [1786737790.055862556] [ROSBAG2_TRANSPORT]: Topic '/web_vel' has more than one type associated. Only topics with one type are supported
[ros2-13] [ERROR] [1786737790.158532829] [ROSBAG2_TRANSPORT]: Topic '/web_vel' has more than one type associated. Only topics with one type are supported
[ros2-13] [ERROR] [1786737790.261732249] [ROSBAG2_TRANSPORT]: Topic '/web_vel' has more than one type associated. Only topics with one type are supported
[ros2-13] [ERROR] [1786737790.364882383] [ROSBAG2_TRANSPORT]: Topic '/web_vel' has more than one type associated. Only topics with one type are supported
[ros2-13] [ERROR] [1786737790.467811950] [ROSBAG2_TRANSPORT]: Topic '/web_vel' has more than one type associated. Only topics with one type are supported
[ros2-13] [ERROR] [1786737790.571289129] [ROSBAG2_TRANSPORT]: Topic '/web_vel' has more than one type associated. Only topics with one type are supported
[ros2-13] [ERROR] [1786737790.674129805] [ROSBAG2_TRANSPORT]: Topic '/web_vel' has more than one type associated. Only topics with one type are supported
[ros2-13] [ERROR] [1786737790.777015317] [ROSBAG2_TRANSPORT]: Topic '/web_vel' has more than one type associated. Only topics with one type are supported
[ros2-13] [ERROR] [1786737790.879602449] [ROSBAG2_TRANSPORT]: Topic '/web_vel' has more than one type associated. Only topics with one type are supported
[ros2-13] [ERROR] [1786737790.982879897] [ROSBAG2_TRANSPORT]: Topic '/web_vel' has more than one type associated. Only topics with one type are supported
[ros2-13] [ERROR] [1786737791.085936196] [ROSBAG2_TRANSPORT]: Topic '/web_vel' has more than one type associated. Only topics with one type are supported
[ros2-13] [ERROR] [1786737791.189877435] [ROSBAG2_TRANSPORT]: Topic '/web_vel' has more than one type associated. Only topics with one type are supported
[ros2-13] [ERROR] [1786737791.293234087] [ROSBAG2_TRANSPORT]: Topic '/web_vel' has more than one type associated. Only topics with one type are supported
[ros2-13] [ERROR] [1786737791.396533457] [ROSBAG2_TRANSPORT]: Topic '/web_vel' has more than one type associated. Only topics with one type are supported
[ros2-13] [ERROR] [1786737791.498751849] [ROSBAG2_TRANSPORT]: Topic '/web_vel' has more than one type associated. Only topics with one type are supported
[ros2-13] [ERROR] [1786737791.601633544] [ROSBAG2_TRANSPORT]: Topic '/web_vel' has more than one type associated. Only topics with one type are supported
[ros2-13] [ERROR] [1786737791.704149119] [ROSBAG2_TRANSPORT]: Topic '/web_vel' has more than one type associated. Only topics with one type are supported
[ros2-13] [ERROR] [1786737791.807142431] [ROSBAG2_TRANSPORT]: Topic '/web_vel' has more than one type associated. Only topics with one type are supported
[ros2-13] [ERROR] [1786737791.909572553] [ROSBAG2_TRANSPORT]: Topic '/web_vel' has more than one type associated. Only topics with one type are supported
[ros2-13] [ERROR] [1786737792.012586567] [ROSBAG2_TRANSPORT]: Topic '/web_vel' has more than one type associated. Only topics with one type are supported
[ros2-13] [ERROR] [1786737792.114739712] [ROSBAG2_TRANSPORT]: Topic '/web_vel' has more than one type associated. Only topics with one type are supported
[path_follower-12] [WARN] [1786737792.158036374] [path_follower]: sem TF camera_init<-map (Could not find a connection between 'camera_init' and 'map' because they are not part of the same tree.Tf has two or more unconnected trees.); o plano não pode ser usado — dirigir com ele seria o defeito de 14-08 de volta
[ros2-13] [ERROR] [1786737792.217239633] [ROSBAG2_TRANSPORT]: Topic '/web_vel' has more than one type associated. Only topics with one type are supported
[ros2-13] [ERROR] [1786737792.319567846] [ROSBAG2_TRANSPORT]: Topic '/web_vel' has more than one type associated. Only topics with one type are supported
[ros2-13] [ERROR] [1786737792.422030605] [ROSBAG2_TRANSPORT]: Topic '/web_vel' has more than one type associated. Only topics with one type are supported
[ros2-13] [ERROR] [1786737792.524295589] [ROSBAG2_TRANSPORT]: Topic '/web_vel' has more than one type associated. Only topics with one type are supported
                                                                                                                                                                                                                                                                                                                                                                                                                                                                                                                                                                                                                                                                                                                                                                                                                                                                                                                                                                                                                                                                                                                                                                                                                                                                                                                                                                                                                                                                                                                                                                                                                                                                                                                                                                                                                                                                                                                                                                                                                                                                                                                                                                                                                                                                                                                                                                                                                                                                                                                                                                                                                                    