[INFO] [launch]: All log files can be found below /home/bara/.ros/log/2026-10-01-18-51-09-513162-bara-5714
[INFO] [launch]: Default logging verbosity is set to INFO
[INFO] [launch.user]: PILHA subindo — espere os servidores ativarem (o Smac leva ~16 s montando a heurística) e então clique "2D Goal Pose" no RViz.
[INFO] [map_server-1]: process started with pid [5721]
[INFO] [planner_server-2]: process started with pid [5722]
[INFO] [smoother_server-3]: process started with pid [5723]
[INFO] [controller_server-4]: process started with pid [5724]
[INFO] [bt_navigator-5]: process started with pid [5725]
[INFO] [amcl-6]: process started with pid [5726]
[INFO] [lifecycle_manager-7]: process started with pid [5727]
[INFO] [heading_controller-8]: process started with pid [5728]
[INFO] [collision_monitor-9]: process started with pid [5729]
[INFO] [twist_mux-10]: process started with pid [5730]
[INFO] [compensador_rumo-11]: process started with pid [5731]
[INFO] [path_follower-12]: process started with pid [5732]
[INFO] [freeze_capture-13]: process started with pid [5733]
[amcl-6] [INFO] [1790891469.956139152] [amcl]: 
[amcl-6] 	amcl lifecycle node launched. 
[amcl-6] 	Waiting on external lifecycle transitions to activate
[amcl-6] 	See https://design.ros2.org/articles/node_lifecycle.html for more information.
[amcl-6] [INFO] [1790891469.958126253] [amcl]: Creating
[twist_mux-10] [INFO] [1790891469.966840626] [twist_mux]: Topic handler 'topics.autonomia' subscribed to topic 'auto_vel': timeout = 0.500000s , priority = 10.
[lifecycle_manager-7] [INFO] [1790891469.993613309] [lifecycle_manager_pilha]: Creating
[twist_mux-10] [INFO] [1790891469.992942757] [twist_mux]: Topic handler 'topics.desencalhe' subscribed to topic 'unstuck_vel': timeout = 0.500000s , priority = 30.
[bt_navigator-5] [INFO] [1790891469.997591404] [bt_navigator]: 
[bt_navigator-5] 	bt_navigator lifecycle node launched. 
[bt_navigator-5] 	Waiting on external lifecycle transitions to activate
[bt_navigator-5] 	See https://design.ros2.org/articles/node_lifecycle.html for more information.
[twist_mux-10] [INFO] [1790891469.998373073] [twist_mux]: Topic handler 'topics.joystick' subscribed to topic 'joy_vel': timeout = 0.500000s , priority = 100.
[twist_mux-10] [INFO] [1790891469.999217903] [twist_mux]: Topic handler 'topics.teclado' subscribed to topic 'key_vel': timeout = 0.500000s , priority = 90.
[twist_mux-10] [INFO] [1790891470.005747474] [twist_mux]: Topic handler 'topics.web' subscribed to topic 'web_vel': timeout = 0.500000s , priority = 50.
[bt_navigator-5] [INFO] [1790891470.006564987] [bt_navigator]: Creating
[lifecycle_manager-7] [INFO] [1790891470.037438168] [lifecycle_manager_pilha]: [34m[1mCreating and initializing lifecycle service clients[0m[0m
[map_server-1] [INFO] [1790891470.049499394] [map_server]: 
[map_server-1] 	map_server lifecycle node launched. 
[map_server-1] 	Waiting on external lifecycle transitions to activate
[map_server-1] 	See https://design.ros2.org/articles/node_lifecycle.html for more information.
[map_server-1] [INFO] [1790891470.049673924] [map_server]: Creating
[smoother_server-3] [INFO] [1790891470.091062366] [smoother_server]: 
[smoother_server-3] 	smoother_server lifecycle node launched. 
[smoother_server-3] 	Waiting on external lifecycle transitions to activate
[smoother_server-3] 	See https://design.ros2.org/articles/node_lifecycle.html for more information.
[smoother_server-3] [INFO] [1790891470.098190811] [smoother_server]: Creating smoother server
[collision_monitor-9] [INFO] [1790891470.397049943] [collision_monitor]: 
[collision_monitor-9] 	collision_monitor lifecycle node launched. 
[collision_monitor-9] 	Waiting on external lifecycle transitions to activate
[collision_monitor-9] 	See https://design.ros2.org/articles/node_lifecycle.html for more information.
[controller_server-4] [INFO] [1790891470.402195861] [controller_server]: 
[controller_server-4] 	controller_server lifecycle node launched. 
[controller_server-4] 	Waiting on external lifecycle transitions to activate
[controller_server-4] 	See https://design.ros2.org/articles/node_lifecycle.html for more information.
[planner_server-2] [INFO] [1790891470.416097501] [planner_server]: 
[planner_server-2] 	planner_server lifecycle node launched. 
[planner_server-2] 	Waiting on external lifecycle transitions to activate
[planner_server-2] 	See https://design.ros2.org/articles/node_lifecycle.html for more information.
[planner_server-2] [INFO] [1790891470.421861023] [planner_server]: Creating
[controller_server-4] [INFO] [1790891470.422566073] [controller_server]: Creating controller server
[planner_server-2] [INFO] [1790891470.456721117] [global_costmap.global_costmap]: 
[planner_server-2] 	global_costmap lifecycle node launched. 
[planner_server-2] 	Waiting on external lifecycle transitions to activate
[planner_server-2] 	See https://design.ros2.org/articles/node_lifecycle.html for more information.
[planner_server-2] [INFO] [1790891470.458076243] [global_costmap.global_costmap]: Creating Costmap
[controller_server-4] [INFO] [1790891470.494422303] [local_costmap.local_costmap]: 
[controller_server-4] 	local_costmap lifecycle node launched. 
[controller_server-4] 	Waiting on external lifecycle transitions to activate
[controller_server-4] 	See https://design.ros2.org/articles/node_lifecycle.html for more information.
[controller_server-4] [INFO] [1790891470.495677249] [local_costmap.local_costmap]: Creating Costmap
[heading_controller-8] [WARN] [1790891470.852494333] [heading_controller]: parâmetros NÃO MEDIDOS neste robô — a_dec=5.832 rad/s², zona_morta=0.0178 m/s, bitola=0.27 m. Rodar tools/banco/ e corrigir (BO-3).
[heading_controller-8] [INFO] [1790891470.853545720] [heading_controller]: pivô DISPONÍVEL acima de 0.13 rad/s — o robô consegue virar no próprio eixo
[heading_controller-8] [WARN] [1790891470.867210550] [heading_controller]: sem /Odometry
[compensador_rumo-11] [WARN] [1790891470.913180821] [compensador_rumo]: compensador de rumo (decisão 011): ff -0.837 1/m frente, -0.098 ré; kp=0.25 ki=0.12, correção limitada a ±0.60 rad/s. Curva pedida (|wz|≥0.05) passa intocada.
[compensador_rumo-11] [WARN] [1790891470.914427144] [compensador_rumo]: GANHO DA CADEIA 1,00 (não medido nesta máquina): o cancelamento do arco sai ATENUADO pelo que o atuador deixar de entregar. No Gazebo isso valeu −0,12 rad/s de arco sobrando, e era ele que comia a curva suave. Medir com `tools/banco/ganho_de_giro.py`.
[compensador_rumo-11] [ERROR] [1790891470.915738720] [compensador_rumo]: FREIO LINEAR DESLIGADO — o corte de comando não para este robô: ele desliza +0,10 m depois de zerar. Só rode assim numa bancada que precise do deslizamento cru.
[compensador_rumo-11] [WARN] [1790891470.917961283] [compensador_rumo]: ff MEDIDO em 2026-08-20: curv_frente -0.8365 1/m. Se esta data não for a de hoje, o valor é de outra sessão e vale como herdado.
[lifecycle_manager-7] [INFO] [1790891470.996837821] [lifecycle_manager_pilha]: [34m[1mStarting managed nodes bringup...[0m[0m
[lifecycle_manager-7] [INFO] [1790891470.996894739] [lifecycle_manager_pilha]: [34m[1mConfiguring map_server[0m[0m
[map_server-1] [INFO] [1790891470.997325125] [map_server]: Configuring
[map_server-1] [INFO] [1790891470.997388892] [map_io]: Loading yaml file: /home/bara/Controle_robo_livox/maps/andar3_completo/andar3_completo.yaml
[map_server-1] [INFO] [1790891470.997703252] [map_io]: resolution: 0.05
[map_server-1] [INFO] [1790891470.997723469] [map_io]: origin[0]: -2.202
[map_server-1] [INFO] [1790891470.997736670] [map_io]: origin[1]: -12.239
[map_server-1] [INFO] [1790891470.997746851] [map_io]: origin[2]: 0
[map_server-1] [INFO] [1790891470.997759051] [map_io]: free_thresh: 0.196
[map_server-1] [INFO] [1790891470.997767839] [map_io]: occupied_thresh: 0.65
[map_server-1] [INFO] [1790891470.997777803] [map_io]: mode: trinary
[map_server-1] [INFO] [1790891470.997786903] [map_io]: negate: 0
[map_server-1] [INFO] [1790891470.998193316] [map_io]: Loading image_file: /home/bara/Controle_robo_livox/maps/andar3_completo/andar3_completo.pgm
[map_server-1] [INFO] [1790891471.008460127] [map_io]: Read map /home/bara/Controle_robo_livox/maps/andar3_completo/andar3_completo.pgm: 391 X 1158 map @ 0.05 m/cell
[lifecycle_manager-7] [INFO] [1790891471.021680598] [lifecycle_manager_pilha]: [34m[1mConfiguring amcl[0m[0m
[amcl-6] [INFO] [1790891471.021951021] [amcl]: Configuring
[amcl-6] [INFO] [1790891471.022056825] [amcl]: initTransforms
[amcl-6] [INFO] [1790891471.064001211] [amcl]: initPubSub
[amcl-6] [INFO] [1790891471.098009875] [amcl]: Subscribed to map topic.
[lifecycle_manager-7] [INFO] [1790891471.106992068] [lifecycle_manager_pilha]: [34m[1mConfiguring planner_server[0m[0m
[planner_server-2] [INFO] [1790891471.107414088] [planner_server]: Configuring
[planner_server-2] [INFO] [1790891471.107460539] [global_costmap.global_costmap]: Configuring
[planner_server-2] [INFO] [1790891471.118339602] [global_costmap.global_costmap]: Using plugin "static_layer"
[planner_server-2] [INFO] [1790891471.124268643] [global_costmap.global_costmap]: Subscribing to the map topic (/map) with transient local durability
[planner_server-2] [INFO] [1790891471.126833737] [global_costmap.global_costmap]: Initialized plugin "static_layer"
[planner_server-2] [INFO] [1790891471.126865347] [global_costmap.global_costmap]: Using plugin "obstacle_layer"
[planner_server-2] [INFO] [1790891471.127626544] [global_costmap.global_costmap]: Subscribed to Topics: livox
[freeze_capture-13] [INFO] [1790891471.130896858] [freeze_capture]: freeze_capture: chain=/home/bara/logs_robo2/freeze_capture.csv diag=/home/bara/logs_robo2/freeze_diag.csv
[planner_server-2] [INFO] [1790891471.134869449] [global_costmap.global_costmap]: Initialized plugin "obstacle_layer"
[planner_server-2] [INFO] [1790891471.134901766] [global_costmap.global_costmap]: Using plugin "inflation_layer"
[planner_server-2] [INFO] [1790891471.135712498] [global_costmap.global_costmap]: Initialized plugin "inflation_layer"
[planner_server-2] [INFO] [1790891471.176803572] [planner_server]: Created global planner plugin GridBased of type nav2_smac_planner::SmacPlanner2D
[planner_server-2] [INFO] [1790891471.176843932] [planner_server]: Configuring GridBased of type SmacPlanner2D
[planner_server-2] [ERROR] [1790891471.178172906] [planner_server]: Inflation layer either not found or inflation is not set sufficiently for optimized non-circular collision checking capabilities. It is HIGHLY recommended to set the inflation radius to be at MINIMUM half of the robot's largest cross-section. See github.com/ros-planning/navigation2/tree/main/nav2_smac_planner#potential-fields for full instructions. This will substantially impact run-time performance.
[planner_server-2] [INFO] [1790891471.180249217] [planner_server]: Configured plugin GridBased of type SmacPlanner2D with tolerance 0.25, maximum iterations 1000000, max on approach iterations 1000, and not allowing unknown traversal.
[planner_server-2] [INFO] [1790891471.180297296] [planner_server]: Planner Server has GridBased  planners available.
[lifecycle_manager-7] [INFO] [1790891471.191911744] [lifecycle_manager_pilha]: [34m[1mConfiguring smoother_server[0m[0m
[smoother_server-3] [INFO] [1790891471.192418404] [smoother_server]: Configuring smoother server
[smoother_server-3] [INFO] [1790891471.219588014] [smoother_server]: Created smoother : suave of type nav2_constrained_smoother/ConstrainedSmoother
[smoother_server-3] [INFO] [1790891471.224002859] [smoother_server]: Created smoother : simples of type nav2_smoother::SimpleSmoother
[smoother_server-3] [INFO] [1790891471.225644382] [smoother_server]: Created smoother : savgol of type nav2_smoother::SavitzkyGolaySmoother
[smoother_server-3] [INFO] [1790891471.225936972] [smoother_server]: Smoother Server has suave simples savgol  smoothers available.
[lifecycle_manager-7] [INFO] [1790891471.235792424] [lifecycle_manager_pilha]: [34m[1mConfiguring controller_server[0m[0m
[controller_server-4] [INFO] [1790891471.236121197] [controller_server]: Configuring controller interface
[controller_server-4] [INFO] [1790891471.236141446] [controller_server]: getting progress checker plugins..
[controller_server-4] [INFO] [1790891471.236308418] [controller_server]: getting goal checker plugins..
[controller_server-4] [INFO] [1790891471.236545640] [controller_server]: Controller frequency set to 5.0000Hz
[controller_server-4] [INFO] [1790891471.236631700] [local_costmap.local_costmap]: Configuring
[controller_server-4] [INFO] [1790891471.249601229] [local_costmap.local_costmap]: Using plugin "static_layer"
[controller_server-4] [INFO] [1790891471.256002117] [local_costmap.local_costmap]: Subscribing to the map topic (/map) with transient local durability
[controller_server-4] [INFO] [1790891471.260348001] [local_costmap.local_costmap]: Initialized plugin "static_layer"
[controller_server-4] [INFO] [1790891471.260388509] [local_costmap.local_costmap]: Using plugin "obstacle_layer"
[controller_server-4] [INFO] [1790891471.260882686] [local_costmap.local_costmap]: Subscribed to Topics: livox
[controller_server-4] [INFO] [1790891471.280659980] [local_costmap.local_costmap]: Initialized plugin "obstacle_layer"
[controller_server-4] [INFO] [1790891471.280696576] [local_costmap.local_costmap]: Using plugin "inflation_layer"
[controller_server-4] [INFO] [1790891471.281581862] [local_costmap.local_costmap]: Initialized plugin "inflation_layer"
[controller_server-4] [INFO] [1790891471.308042667] [controller_server]: Created progress_checker : progress_checker of type nav2_controller::SimpleProgressChecker
[controller_server-4] [INFO] [1790891471.308347480] [controller_server]: Controller Server has progress_checker  progress checkers available.
[controller_server-4] [INFO] [1790891471.309041089] [controller_server]: Created goal checker : goal_checker of type nav2_controller::SimpleGoalChecker
[controller_server-4] [INFO] [1790891471.309384982] [controller_server]: Controller Server has goal_checker  goal checkers available.
[controller_server-4] [INFO] [1790891471.311228168] [controller_server]: Created controller : FollowPath of type nav2_regulated_pure_pursuit_controller::RegulatedPurePursuitController
[controller_server-4] [INFO] [1790891471.319111379] [controller_server]: Controller Server has FollowPath  controllers available.
[lifecycle_manager-7] [INFO] [1790891471.329481792] [lifecycle_manager_pilha]: [34m[1mConfiguring bt_navigator[0m[0m
[bt_navigator-5] [INFO] [1790891471.329714116] [bt_navigator]: Configuring
[bt_navigator-5] [INFO] [1790891471.337479187] [bt_navigator]: Creating navigator id navigate_to_pose of type nav2_bt_navigator::NavigateToPoseNavigator
[bt_navigator-5] [WARN] [1790891471.342777911] [bt_navigator]: Error_code parameters were not set. Using default values of: follow_path_error_code compute_path_error_code
[bt_navigator-5] Make sure these match your BT and there are not other sources of error codes youreported to your application
[lifecycle_manager-7] [INFO] [1790891471.456256503] [lifecycle_manager_pilha]: [34m[1mConfiguring collision_monitor[0m[0m
[collision_monitor-9] [INFO] [1790891471.457082529] [collision_monitor]: Configuring
[collision_monitor-9] [INFO] [1790891471.469526151] [collision_monitor]: [livox]: Creating PointCloud
[collision_monitor-9] [INFO] [1790891471.475256194] [collision_monitor]: [PolygonApproach]: Creating Polygon
[collision_monitor-9] [INFO] [1790891471.479972609] [collision_monitor]: [PolygonStop]: Creating Polygon
[lifecycle_manager-7] [INFO] [1790891471.500631364] [lifecycle_manager_pilha]: [34m[1mActivating map_server[0m[0m
[map_server-1] [INFO] [1790891471.500816098] [map_server]: Activating
[map_server-1] [INFO] [1790891471.501670097] [map_server]: Creating bond (map_server) to lifecycle manager.
[planner_server-2] [INFO] [1790891471.502739029] [global_costmap.global_costmap]: StaticLayer: Resizing costmap to 391 X 1158 at 0.050000 m/pix
[controller_server-4] [INFO] [1790891471.502995521] [local_costmap.local_costmap]: StaticLayer: Resizing static layer to 391 X 1158 at 0.050000 m/pix
[amcl-6] [INFO] [1790891471.502997496] [amcl]: Received a 391 X 1158 map @ 0.050 m/pix
[path_follower-12] [INFO] [1790891471.525704242] [path_follower]: log da corrida -> /home/bara/logs_robo2/seguidor_2026-10-01_185111.csv
[path_follower-12] [INFO] [1790891471.526350410] [path_follower]: seguidor de pé — raio da máquina 0.37 m, mira 0.37 m em curva e 1.00 m em reta (040), piso de linear 0.365 m/s
[path_follower-12] [INFO] [1790891471.526923996] [path_follower]: raio de chegada 0.25 m (mínimo viável 0.22 m)
[lifecycle_manager-7] [INFO] [1790891471.609628152] [lifecycle_manager_pilha]: Server map_server connected with bond.
[lifecycle_manager-7] [INFO] [1790891471.609665406] [lifecycle_manager_pilha]: [34m[1mActivating amcl[0m[0m
[amcl-6] [INFO] [1790891471.609949114] [amcl]: Activating
[amcl-6] [INFO] [1790891471.609998347] [amcl]: initialPoseReceived
[amcl-6] [INFO] [1790891471.610088090] [amcl]: Setting pose (1790891471.610088): 0.000 0.000 0.000
[amcl-6] [INFO] [1790891471.611201109] [amcl]: Creating bond (amcl) to lifecycle manager.
[lifecycle_manager-7] [INFO] [1790891472.037926175] [lifecycle_manager_pilha]: Server amcl connected with bond.
[lifecycle_manager-7] [INFO] [1790891472.038002714] [lifecycle_manager_pilha]: [34m[1mActivating planner_server[0m[0m
[planner_server-2] [INFO] [1790891472.057518116] [planner_server]: Activating
[planner_server-2] [INFO] [1790891472.057570127] [global_costmap.global_costmap]: Activating
[planner_server-2] [INFO] [1790891472.057584878] [global_costmap.global_costmap]: Checking transform
[planner_server-2] [INFO] [1790891472.057634382] [global_costmap.global_costmap]: Timed out waiting for transform from base_link to map to become available, tf error: Invalid frame ID "map" passed to canTransform argument target_frame - frame does not exist
[amcl-6] [INFO] [1790891472.194377351] [amcl]: Message Filter dropping message: frame 'base_link' at time 1790891470.437 for reason 'the timestamp on the message is earlier than all the data in the transform cache'
[amcl-6] [INFO] [1790891472.356039040] [amcl]: Message Filter dropping message: frame 'base_link' at time 1790891470.637 for reason 'the timestamp on the message is earlier than all the data in the transform cache'
[amcl-6] [INFO] [1790891472.531550272] [amcl]: Message Filter dropping message: frame 'base_link' at time 1790891470.837 for reason 'the timestamp on the message is earlier than all the data in the transform cache'
[planner_server-2] [INFO] [1790891472.557708616] [global_costmap.global_costmap]: Timed out waiting for transform from base_link to map to become available, tf error: Invalid frame ID "map" passed to canTransform argument target_frame - frame does not exist
[amcl-6] [INFO] [1790891472.695272531] [amcl]: Message Filter dropping message: frame 'base_link' at time 1790891470.937 for reason 'the timestamp on the message is earlier than all the data in the transform cache'
[amcl-6] [INFO] [1790891473.044040251] [amcl]: Message Filter dropping message: frame 'base_link' at time 1790891471.237 for reason 'the timestamp on the message is earlier than all the data in the transform cache'
[amcl-6] [INFO] [1790891473.044117849] [amcl]: Message Filter dropping message: frame 'base_link' at time 1790891471.137 for reason 'the timestamp on the message is earlier than all the data in the transform cache'
[planner_server-2] [INFO] [1790891473.057709541] [global_costmap.global_costmap]: Timed out waiting for transform from base_link to map to become available, tf error: Invalid frame ID "map" passed to canTransform argument target_frame - frame does not exist
[amcl-6] [INFO] [1790891473.112971415] [amcl]: Message Filter dropping message: frame 'base_link' at time 1790891471.437 for reason 'the timestamp on the message is earlier than all the data in the transform cache'
[amcl-6] [INFO] [1790891473.249158217] [amcl]: Message Filter dropping message: frame 'base_link' at time 1790891471.537 for reason 'the timestamp on the message is earlier than all the data in the transform cache'
[amcl-6] [INFO] [1790891473.394524118] [amcl]: Message Filter dropping message: frame 'base_link' at time 1790891471.737 for reason 'the timestamp on the message is earlier than all the data in the transform cache'
[amcl-6] [INFO] [1790891473.495277473] [amcl]: Message Filter dropping message: frame 'base_link' at time 1790891471.837 for reason 'the timestamp on the message is earlier than all the data in the transform cache'
[planner_server-2] [INFO] [1790891473.561014506] [global_costmap.global_costmap]: Timed out waiting for transform from base_link to map to become available, tf error: Invalid frame ID "map" passed to canTransform argument target_frame - frame does not exist
[amcl-6] [INFO] [1790891473.569319881] [amcl]: createLaserObject
[amcl-6] [INFO] [1790891473.644062948] [amcl]: Message Filter dropping message: frame 'base_link' at time 1790891471.937 for reason 'the timestamp on the message is earlier than all the data in the transform cache'
[amcl-6] [INFO] [1790891473.722371457] [amcl]: Message Filter dropping message: frame 'base_link' at time 1790891472.038 for reason 'the timestamp on the message is earlier than all the data in the transform cache'
[amcl-6] [INFO] [1790891473.844203428] [amcl]: Message Filter dropping message: frame 'base_link' at time 1790891472.137 for reason 'the timestamp on the message is earlier than all the data in the transform cache'
[amcl-6] [INFO] [1790891473.989904936] [amcl]: Message Filter dropping message: frame 'base_link' at time 1790891472.337 for reason 'the timestamp on the message is earlier than all the data in the transform cache'
[planner_server-2] [INFO] [1790891474.057824669] [global_costmap.global_costmap]: start
[amcl-6] [INFO] [1790891474.104216617] [amcl]: Message Filter dropping message: frame 'base_link' at time 1790891472.437 for reason 'the timestamp on the message is earlier than all the data in the transform cache'
[amcl-6] [INFO] [1790891474.207426551] [amcl]: Message Filter dropping message: frame 'base_link' at time 1790891472.537 for reason 'the timestamp on the message is earlier than all the data in the transform cache'
[amcl-6] [INFO] [1790891474.310059024] [amcl]: Message Filter dropping message: frame 'base_link' at time 1790891472.637 for reason 'the timestamp on the message is earlier than all the data in the transform cache'
[amcl-6] [INFO] [1790891474.416700172] [amcl]: Message Filter dropping message: frame 'base_link' at time 1790891472.737 for reason 'the timestamp on the message is earlier than all the data in the transform cache'
[planner_server-2] [INFO] [1790891474.459130120] [global_costmap.global_costmap]: Message Filter dropping message: frame 'livox_frame' at time 1790891473.437 for reason 'the timestamp on the message is earlier than all the data in the transform cache'
[planner_server-2] [INFO] [1790891474.608832479] [global_costmap.global_costmap]: Message Filter dropping message: frame 'livox_frame' at time 1790891473.637 for reason 'the timestamp on the message is earlier than all the data in the transform cache'
[planner_server-2] [INFO] [1790891474.720379713] [global_costmap.global_costmap]: Message Filter dropping message: frame 'livox_frame' at time 1790891473.737 for reason 'the timestamp on the message is earlier than all the data in the transform cache'
[planner_server-2] [INFO] [1790891475.109292491] [planner_server]: Activating plugin GridBased of type SmacPlanner2D
[planner_server-2] [INFO] [1790891475.111331340] [planner_server]: Creating bond (planner_server) to lifecycle manager.
[lifecycle_manager-7] [INFO] [1790891475.219221427] [lifecycle_manager_pilha]: Server planner_server connected with bond.
[lifecycle_manager-7] [INFO] [1790891475.219251255] [lifecycle_manager_pilha]: [34m[1mActivating smoother_server[0m[0m
[smoother_server-3] [INFO] [1790891475.219561428] [smoother_server]: Activating
[smoother_server-3] [INFO] [1790891475.219587873] [smoother_server]: Activating smoother: suave of type nav2_constrained_smoother::ConstrainedSmoother
[smoother_server-3] [INFO] [1790891475.219605870] [smoother_server]: Creating bond (smoother_server) to lifecycle manager.
[lifecycle_manager-7] [INFO] [1790891475.325721998] [lifecycle_manager_pilha]: Server smoother_server connected with bond.
[lifecycle_manager-7] [INFO] [1790891475.325753091] [lifecycle_manager_pilha]: [34m[1mActivating controller_server[0m[0m
[controller_server-4] [INFO] [1790891475.326057925] [controller_server]: Activating
[controller_server-4] [INFO] [1790891475.326085988] [local_costmap.local_costmap]: Activating
[controller_server-4] [INFO] [1790891475.326117480] [local_costmap.local_costmap]: Checking transform
[controller_server-4] [INFO] [1790891475.326214220] [local_costmap.local_costmap]: start
[controller_server-4] [INFO] [1790891475.577536793] [controller_server]: Activating controller: FollowPath of type regulated_pure_pursuit_controller::RegulatedPurePursuitController
[controller_server-4] [INFO] [1790891475.577575282] [controller_server]: Creating bond (controller_server) to lifecycle manager.
[lifecycle_manager-7] [INFO] [1790891475.685421127] [lifecycle_manager_pilha]: Server controller_server connected with bond.
[lifecycle_manager-7] [INFO] [1790891475.685472502] [lifecycle_manager_pilha]: [34m[1mActivating bt_navigator[0m[0m
[bt_navigator-5] [INFO] [1790891475.685993429] [bt_navigator]: Activating
[bt_navigator-5] [INFO] [1790891475.730324620] [bt_navigator]: Creating bond (bt_navigator) to lifecycle manager.
[lifecycle_manager-7] [INFO] [1790891475.839848865] [lifecycle_manager_pilha]: Server bt_navigator connected with bond.
[lifecycle_manager-7] [INFO] [1790891475.839884451] [lifecycle_manager_pilha]: [34m[1mActivating collision_monitor[0m[0m
[collision_monitor-9] [INFO] [1790891475.840297990] [collision_monitor]: Activating
[collision_monitor-9] [INFO] [1790891475.840407866] [collision_monitor]: Creating bond (collision_monitor) to lifecycle manager.
[lifecycle_manager-7] [INFO] [1790891475.959761399] [lifecycle_manager_pilha]: Server collision_monitor connected with bond.
[lifecycle_manager-7] [INFO] [1790891475.959794427] [lifecycle_manager_pilha]: [34m[1mManaged nodes are active[0m[0m
[lifecycle_manager-7] [INFO] [1790891475.959807774] [lifecycle_manager_pilha]: [34m[1mCreating bond timer...[0m[0m
[collision_monitor-9] [INFO] [1790891479.264231645] [collision_monitor]: Robot to stop due to PolygonStop polygon
[collision_monitor-9] [INFO] [1790891479.561579321] [collision_monitor]: Robot to continue normal operation
[collision_monitor-9] [INFO] [1790891479.858202136] [collision_monitor]: Robot to stop due to PolygonStop polygon
[collision_monitor-9] [INFO] [1790891480.166487064] [collision_monitor]: Robot to continue normal operation
[heading_controller-8] [WARN] [1790891499.121116457] [heading_controller]: AJUSTE AO VIVO: pedido linear do Nav2 em 1.00x (teto 0.50 m/s)
[heading_controller-8] [WARN] [1790891499.122186510] [heading_controller]: AJUSTE AO VIVO: força de curva do Nav2 em 1.00x (a_dec efetivo 5.832 rad/s²)
[path_follower-12] [WARN] [1790891499.301745613] [path_follower]: AJUSTE AO VIVO: pedido linear do Nav2 em 1.00x
[bt_navigator-5] [INFO] [1790891519.694629967] [bt_navigator]: Begin navigating from current location (-0.00, 0.00) to (1.13, 18.27)
[smoother_server-3] [INFO] [1790891519.766909549] [smoother_server]: Received a path to smooth.
[path_follower-12] [WARN] [1790891519.782840107] [path_follower]: plano CRU descartado — segurança exige /plan_smoothed; aguardando o suavizador
[controller_server-4] [INFO] [1790891519.786382454] [controller_server]: Received a goal, begin computing control effort.
[controller_server-4] [WARN] [1790891519.786430623] [controller_server]: No goal checker was specified in parameter 'current_goal_checker'. Server will use only plugin loaded goal_checker . This warning will appear once.
[controller_server-4] [WARN] [1790891519.786447549] [controller_server]: No progress checker was specified in parameter 'current_progress_checker'. Server will use only plugin loaded progress_checker . This warning will appear once.
[heading_controller-8] [ERROR] [1790891520.367540184] [heading_controller]: ROBÔ PARADO COM COMANDO SAINDO há 0.5 s — pedindo v=0.444 m/s, wz=-2.200 rad/s e a pose não mexe. Suspeita: zona morta (parâmetro=0.0178 m/s, não medido). Rodar tools/banco/, ensaios de zona morta.
[path_follower-12] [INFO] [1790891521.494258381] [path_follower]: 35 amostras -> /home/bara/logs_robo2/seguidor_2026-10-01_185111.csv
[path_follower-12] [WARN] [1790891523.844332054] [path_follower]: EMPERRADO com frente livre (0.88 m) — escape RETO para frente de até 0.20 m, remedindo a cada ciclo
[smoother_server-3] [INFO] [1790891524.866040276] [smoother_server]: Received a path to smooth.
[controller_server-4] [WARN] [1790891524.886180362] [controller_server]: [follow_path] [ActionServer] Aborting handle.
[controller_server-4] [INFO] [1790891524.986614003] [controller_server]: Passing new path to controller.
[path_follower-12] [WARN] [1790891525.093368442] [path_follower]: fim do escape para frente: percorreu 0.22 m em 1.2 s
[smoother_server-3] [INFO] [1790891529.956181488] [smoother_server]: Received a path to smooth.
[path_follower-12] [WARN] [1790891529.972186355] [path_follower]: plano CRU descartado — segurança exige /plan_smoothed; aguardando o suavizador
[controller_server-4] [WARN] [1790891529.975971708] [controller_server]: [follow_path] [ActionServer] Aborting handle.
[controller_server-4] [INFO] [1790891529.986656770] [controller_server]: Passing new path to controller.
[smoother_server-3] [INFO] [1790891535.055885784] [smoother_server]: Received a path to smooth.
[controller_server-4] [WARN] [1790891535.076055226] [controller_server]: [follow_path] [ActionServer] Aborting handle.
[controller_server-4] [INFO] [1790891535.186620566] [controller_server]: Passing new path to controller.
[path_follower-12] [WARN] [1790891538.294611801] [path_follower]: EMPERRADO com frente livre (1.35 m) — escape RETO para frente de até 0.20 m, remedindo a cada ciclo
[path_follower-12] [WARN] [1790891539.394601124] [path_follower]: fim do escape para frente: percorreu 0.22 m em 1.1 s
[smoother_server-3] [INFO] [1790891540.155902723] [smoother_server]: Received a path to smooth.
[path_follower-12] [WARN] [1790891540.174173357] [path_follower]: plano CRU descartado — segurança exige /plan_smoothed; aguardando o suavizador
[controller_server-4] [WARN] [1790891540.175936522] [controller_server]: [follow_path] [ActionServer] Aborting handle.
[controller_server-4] [INFO] [1790891540.186627524] [controller_server]: Passing new path to controller.
[smoother_server-3] [INFO] [1790891545.256156383] [smoother_server]: Received a path to smooth.
[controller_server-4] [WARN] [1790891545.275964627] [controller_server]: [follow_path] [ActionServer] Aborting handle.
[controller_server-4] [INFO] [1790891545.386608247] [controller_server]: Passing new path to controller.
[smoother_server-3] [INFO] [1790891550.356361945] [smoother_server]: Received a path to smooth.
[path_follower-12] [WARN] [1790891550.374233391] [path_follower]: plano CRU descartado — segurança exige /plan_smoothed; aguardando o suavizador
[controller_server-4] [WARN] [1790891550.376036130] [controller_server]: [follow_path] [ActionServer] Aborting handle.
[controller_server-4] [INFO] [1790891550.386659093] [controller_server]: Passing new path to controller.
[collision_monitor-9] [INFO] [1790891551.176898855] [collision_monitor]: Robot to approach for 0.750000 seconds away from collision
[path_follower-12] [INFO] [1790891551.507302532] [path_follower]: 633 amostras -> /home/bara/logs_robo2/seguidor_2026-10-01_185111.csv
[collision_monitor-9] [INFO] [1790891551.760666717] [collision_monitor]: Robot to continue normal operation
[collision_monitor-9] [INFO] [1790891552.663822774] [collision_monitor]: Robot to stop due to PolygonStop polygon
[collision_monitor-9] [INFO] [1790891552.858724675] [collision_monitor]: Robot to continue normal operation
[collision_monitor-9] [INFO] [1790891553.568109654] [collision_monitor]: Robot to stop due to PolygonStop polygon
[collision_monitor-9] [INFO] [1790891554.470552297] [collision_monitor]: Robot to continue normal operation
[collision_monitor-9] [INFO] [1790891554.562855826] [collision_monitor]: Robot to stop due to PolygonStop polygon
[path_follower-12] [WARN] [1790891554.945335477] [path_follower]: EMPERRADO com frente livre (1.82 m) — escape RETO para frente de até 0.20 m, remedindo a cada ciclo
[smoother_server-3] [INFO] [1790891555.445719953] [smoother_server]: Received a path to smooth.
[controller_server-4] [WARN] [1790891555.465965670] [controller_server]: [follow_path] [ActionServer] Aborting handle.
[collision_monitor-9] [INFO] [1790891555.471098373] [collision_monitor]: Robot to continue normal operation
[controller_server-4] [INFO] [1790891555.586653661] [controller_server]: Passing new path to controller.
[collision_monitor-9] [INFO] [1790891555.870599132] [collision_monitor]: Robot to stop due to PolygonStop polygon
[collision_monitor-9] [INFO] [1790891555.963232555] [collision_monitor]: Robot to continue normal operation
[path_follower-12] [WARN] [1790891556.295391279] [path_follower]: fim do escape para frente: percorreu 0.22 m em 1.4 s
[path_follower-12] [WARN] [1790891560.344197382] [path_follower]: EMPERRADO com frente livre (0.89 m) — escape RETO para frente de até 0.20 m, remedindo a cada ciclo
[smoother_server-3] [INFO] [1790891560.545894700] [smoother_server]: Received a path to smooth.
[path_follower-12] [WARN] [1790891560.548879059] [path_follower]: plano CRU descartado — segurança exige /plan_smoothed; aguardando o suavizador
[controller_server-4] [WARN] [1790891560.567123101] [controller_server]: [follow_path] [ActionServer] Aborting handle.
[controller_server-4] [INFO] [1790891560.586611982] [controller_server]: Passing new path to controller.
[path_follower-12] [WARN] [1790891561.593864289] [path_follower]: fim do escape para frente: percorreu 0.22 m em 1.3 s
[smoother_server-3] [INFO] [1790891565.636007723] [smoother_server]: Received a path to smooth.
[controller_server-4] [WARN] [1790891565.655645694] [controller_server]: [follow_path] [ActionServer] Aborting handle.
[controller_server-4] [INFO] [1790891565.786633161] [controller_server]: Passing new path to controller.
[smoother_server-3] [INFO] [1790891570.725738620] [smoother_server]: Received a path to smooth.
[path_follower-12] [WARN] [1790891570.735508621] [path_follower]: plano CRU descartado — segurança exige /plan_smoothed; aguardando o suavizador
[controller_server-4] [WARN] [1790891570.745795435] [controller_server]: [follow_path] [ActionServer] Aborting handle.
[controller_server-4] [INFO] [1790891570.786623390] [controller_server]: Passing new path to controller.
[smoother_server-3] [INFO] [1790891575.815947140] [smoother_server]: Received a path to smooth.
[controller_server-4] [WARN] [1790891575.836097574] [controller_server]: [follow_path] [ActionServer] Aborting handle.
[controller_server-4] [INFO] [1790891575.986621404] [controller_server]: Passing new path to controller.
[smoother_server-3] [INFO] [1790891580.905935563] [smoother_server]: Received a path to smooth.
[path_follower-12] [WARN] [1790891580.910838223] [path_follower]: plano CRU descartado — segurança exige /plan_smoothed; aguardando o suavizador
[controller_server-4] [WARN] [1790891580.925759969] [controller_server]: [follow_path] [ActionServer] Aborting handle.
[controller_server-4] [INFO] [1790891580.986617872] [controller_server]: Passing new path to controller.
[path_follower-12] [INFO] [1790891581.514290307] [path_follower]: 1231 amostras -> /home/bara/logs_robo2/seguidor_2026-10-01_185111.csv
[controller_server-4] [WARN] [1790891585.726414590] [local_costmap.local_costmap]: Sensor origin at (-6.69, 4.23 -0.02) is out of map bounds (-8.75, 2.25, 0.00) to (-4.77, 6.22, 0.78). The costmap cannot raytrace for it.
[controller_server-4] [WARN] [1790891585.926437396] [local_costmap.local_costmap]: Sensor origin at (-6.71, 4.23 -0.03) is out of map bounds (-8.80, 2.25, 0.00) to (-4.82, 6.22, 0.78). The costmap cannot raytrace for it.
[smoother_server-3] [INFO] [1790891585.995534465] [smoother_server]: Received a path to smooth.
[controller_server-4] [WARN] [1790891586.015692241] [controller_server]: [follow_path] [ActionServer] Aborting handle.
[controller_server-4] [WARN] [1790891586.126418243] [local_costmap.local_costmap]: Sensor origin at (-6.75, 4.23 -0.03) is out of map bounds (-8.80, 2.25, 0.00) to (-4.82, 6.22, 0.78). The costmap cannot raytrace for it.
[controller_server-4] [INFO] [1790891586.186653993] [controller_server]: Passing new path to controller.
[controller_server-4] [WARN] [1790891586.326436311] [local_costmap.local_costmap]: Sensor origin at (-6.82, 4.24 -0.04) is out of map bounds (-8.85, 2.25, 0.00) to (-4.87, 6.22, 0.78). The costmap cannot raytrace for it.
[controller_server-4] [WARN] [1790891586.526450027] [local_costmap.local_costmap]: Sensor origin at (-6.85, 4.25 -0.03) is out of map bounds (-8.90, 2.25, 0.00) to (-4.92, 6.22, 0.78). The costmap cannot raytrace for it.
[controller_server-4] [WARN] [1790891586.726446006] [local_costmap.local_costmap]: Sensor origin at (-6.90, 4.25 -0.02) is out of map bounds (-8.95, 2.25, 0.00) to (-4.97, 6.22, 0.78). The costmap cannot raytrace for it.
[controller_server-4] [WARN] [1790891586.926421296] [local_costmap.local_costmap]: Sensor origin at (-6.95, 4.25 -0.01) is out of map bounds (-9.05, 2.25, 0.00) to (-5.07, 6.22, 0.78). The costmap cannot raytrace for it.
[controller_server-4] [WARN] [1790891587.726422688] [local_costmap.local_costmap]: Sensor origin at (-7.15, 4.26 -0.02) is out of map bounds (-9.20, 2.25, 0.00) to (-5.22, 6.22, 0.78). The costmap cannot raytrace for it.
[controller_server-4] [WARN] [1790891587.926424390] [local_costmap.local_costmap]: Sensor origin at (-7.17, 4.26 -0.03) is out of map bounds (-9.20, 2.30, 0.00) to (-5.22, 6.27, 0.78). The costmap cannot raytrace for it.
[controller_server-4] [WARN] [1790891588.126440286] [local_costmap.local_costmap]: Sensor origin at (-7.21, 4.27 -0.03) is out of map bounds (-9.25, 2.30, 0.00) to (-5.27, 6.27, 0.78). The costmap cannot raytrace for it.
[controller_server-4] [WARN] [1790891588.326427224] [local_costmap.local_costmap]: Sensor origin at (-7.25, 4.27 -0.05) is out of map bounds (-9.30, 2.30, 0.00) to (-5.32, 6.27, 0.78). The costmap cannot raytrace for it.
[controller_server-4] [WARN] [1790891588.526443549] [local_costmap.local_costmap]: Sensor origin at (-7.29, 4.28 -0.04) is out of map bounds (-9.35, 2.30, 0.00) to (-5.37, 6.27, 0.78). The costmap cannot raytrace for it.
[controller_server-4] [WARN] [1790891588.726419715] [local_costmap.local_costmap]: Sensor origin at (-7.31, 4.28 -0.04) is out of map bounds (-9.40, 2.30, 0.00) to (-5.42, 6.27, 0.78). The costmap cannot raytrace for it.
[controller_server-4] [WARN] [1790891588.926434858] [local_costmap.local_costmap]: Sensor origin at (-7.36, 4.28 -0.04) is out of map bounds (-9.45, 2.30, 0.00) to (-5.47, 6.27, 0.78). The costmap cannot raytrace for it.
[controller_server-4] [WARN] [1790891589.126430723] [local_costmap.local_costmap]: Sensor origin at (-7.41, 4.28 -0.06) is out of map bounds (-9.50, 2.30, 0.00) to (-5.52, 6.27, 0.78). The costmap cannot raytrace for it.
[controller_server-4] [WARN] [1790891589.326431106] [local_costmap.local_costmap]: Sensor origin at (-7.46, 4.27 -0.07) is out of map bounds (-9.55, 2.30, 0.00) to (-5.57, 6.27, 0.78). The costmap cannot raytrace for it.
[controller_server-4] [WARN] [1790891589.526443168] [local_costmap.local_costmap]: Sensor origin at (-7.48, 4.27 -0.07) is out of map bounds (-9.60, 2.30, 0.00) to (-5.62, 6.27, 0.78). The costmap cannot raytrace for it.
[controller_server-4] [WARN] [1790891589.726475659] [local_costmap.local_costmap]: Sensor origin at (-7.56, 4.28 -0.08) is out of map bounds (-9.65, 2.30, 0.00) to (-5.67, 6.27, 0.78). The costmap cannot raytrace for it.
[controller_server-4] [WARN] [1790891589.926422183] [local_costmap.local_costmap]: Sensor origin at (-7.59, 4.28 -0.08) is out of map bounds (-9.70, 2.30, 0.00) to (-5.72, 6.27, 0.78). The costmap cannot raytrace for it.
[controller_server-4] [WARN] [1790891590.126420537] [local_costmap.local_costmap]: Sensor origin at (-7.64, 4.28 -0.06) is out of map bounds (-9.70, 2.30, 0.00) to (-5.72, 6.27, 0.78). The costmap cannot raytrace for it.
[controller_server-4] [WARN] [1790891590.326432419] [local_costmap.local_costmap]: Sensor origin at (-7.71, 4.28 -0.06) is out of map bounds (-9.75, 2.30, 0.00) to (-5.78, 6.27, 0.78). The costmap cannot raytrace for it.
[controller_server-4] [WARN] [1790891590.526454633] [local_costmap.local_costmap]: Sensor origin at (-7.74, 4.28 -0.07) is out of map bounds (-9.80, 2.30, 0.00) to (-5.83, 6.27, 0.78). The costmap cannot raytrace for it.
[controller_server-4] [WARN] [1790891590.726456944] [local_costmap.local_costmap]: Sensor origin at (-7.76, 4.28 -0.08) is out of map bounds (-9.85, 2.30, 0.00) to (-5.88, 6.27, 0.78). The costmap cannot raytrace for it.
[controller_server-4] [WARN] [1790891590.926437036] [local_costmap.local_costmap]: Sensor origin at (-7.82, 4.28 -0.09) is out of map bounds (-9.90, 2.30, 0.00) to (-5.93, 6.27, 0.78). The costmap cannot raytrace for it.
[path_follower-12] [WARN] [1790891591.083876179] [path_follower]: plano CRU descartado — segurança exige /plan_smoothed; aguardando o suavizador
[smoother_server-3] [INFO] [1790891591.085744316] [smoother_server]: Received a path to smooth.
[controller_server-4] [WARN] [1790891591.106327906] [controller_server]: [follow_path] [ActionServer] Aborting handle.
[controller_server-4] [WARN] [1790891591.126539147] [local_costmap.local_costmap]: Sensor origin at (-7.87, 4.28 -0.12) is out of map bounds (-9.95, 2.30, 0.00) to (-5.98, 6.27, 0.78). The costmap cannot raytrace for it.
[controller_server-4] [INFO] [1790891591.186623963] [controller_server]: Passing new path to controller.
[controller_server-4] [WARN] [1790891591.326420607] [local_costmap.local_costmap]: Sensor origin at (-7.89, 4.27 -0.13) is out of map bounds (-10.00, 2.30, 0.00) to (-6.03, 6.27, 0.78). The costmap cannot raytrace for it.
[controller_server-4] [WARN] [1790891591.526448516] [local_costmap.local_costmap]: Sensor origin at (-7.96, 4.27 -0.14) is out of map bounds (-10.05, 2.30, 0.00) to (-6.08, 6.27, 0.78). The costmap cannot raytrace for it.
[controller_server-4] [WARN] [1790891591.726469877] [local_costmap.local_costmap]: Sensor origin at (-8.02, 4.26 -0.12) is out of map bounds (-10.10, 2.30, 0.00) to (-6.13, 6.27, 0.78). The costmap cannot raytrace for it.
[controller_server-4] [WARN] [1790891591.926448096] [local_costmap.local_costmap]: Sensor origin at (-8.06, 4.26 -0.13) is out of map bounds (-10.15, 2.30, 0.00) to (-6.18, 6.27, 0.78). The costmap cannot raytrace for it.
[controller_server-4] [WARN] [1790891592.126467595] [local_costmap.local_costmap]: Sensor origin at (-8.11, 4.26 -0.14) is out of map bounds (-10.20, 2.30, 0.00) to (-6.23, 6.27, 0.78). The costmap cannot raytrace for it.
[controller_server-4] [WARN] [1790891592.326442657] [local_costmap.local_costmap]: Sensor origin at (-8.16, 4.25 -0.12) is out of map bounds (-10.20, 2.30, 0.00) to (-6.23, 6.27, 0.78). The costmap cannot raytrace for it.
[controller_server-4] [WARN] [1790891592.526554565] [local_costmap.local_costmap]: Sensor origin at (-8.19, 4.25 -0.12) is out of map bounds (-10.25, 2.30, 0.00) to (-6.28, 6.27, 0.78). The costmap cannot raytrace for it.
[controller_server-4] [WARN] [1790891592.726476042] [local_costmap.local_costmap]: Sensor origin at (-8.25, 4.25 -0.13) is out of map bounds (-10.30, 2.30, 0.00) to (-6.33, 6.27, 0.78). The costmap cannot raytrace for it.
[controller_server-4] [WARN] [1790891592.926467773] [local_costmap.local_costmap]: Sensor origin at (-8.30, 4.24 -0.14) is out of map bounds (-10.35, 2.25, 0.00) to (-6.38, 6.22, 0.78). The costmap cannot raytrace for it.
[controller_server-4] [WARN] [1790891593.126430758] [local_costmap.local_costmap]: Sensor origin at (-8.35, 4.24 -0.14) is out of map bounds (-10.40, 2.25, 0.00) to (-6.43, 6.22, 0.78). The costmap cannot raytrace for it.
[controller_server-4] [WARN] [1790891593.326516210] [local_costmap.local_costmap]: Sensor origin at (-8.39, 4.23 -0.14) is out of map bounds (-10.50, 2.25, 0.00) to (-6.53, 6.22, 0.78). The costmap cannot raytrace for it.
[controller_server-4] [WARN] [1790891593.526418032] [local_costmap.local_costmap]: Sensor origin at (-8.41, 4.22 -0.13) is out of map bounds (-10.50, 2.25, 0.00) to (-6.53, 6.22, 0.78). The costmap cannot raytrace for it.
[controller_server-4] [WARN] [1790891593.726463743] [local_costmap.local_costmap]: Sensor origin at (-8.49, 4.22 -0.16) is out of map bounds (-10.55, 2.25, 0.00) to (-6.58, 6.22, 0.78). The costmap cannot raytrace for it.
[controller_server-4] [WARN] [1790891593.926438930] [local_costmap.local_costmap]: Sensor origin at (-8.55, 4.21 -0.17) is out of map bounds (-10.60, 2.25, 0.00) to (-6.63, 6.22, 0.78). The costmap cannot raytrace for it.
[controller_server-4] [WARN] [1790891594.126461159] [local_costmap.local_costmap]: Sensor origin at (-8.59, 4.20 -0.17) is out of map bounds (-10.65, 2.25, 0.00) to (-6.68, 6.22, 0.78). The costmap cannot raytrace for it.
[controller_server-4] [WARN] [1790891594.326427343] [local_costmap.local_costmap]: Sensor origin at (-8.61, 4.20 -0.15) is out of map bounds (-10.70, 2.25, 0.00) to (-6.73, 6.22, 0.78). The costmap cannot raytrace for it.
[controller_server-4] [WARN] [1790891594.526419760] [local_costmap.local_costmap]: Sensor origin at (-8.66, 4.20 -0.15) is out of map bounds (-10.75, 2.25, 0.00) to (-6.78, 6.22, 0.78). The costmap cannot raytrace for it.
[controller_server-4] [WARN] [1790891594.726430598] [local_costmap.local_costmap]: Sensor origin at (-8.71, 4.20 -0.16) is out of map bounds (-10.80, 2.25, 0.00) to (-6.83, 6.22, 0.78). The costmap cannot raytrace for it.
[controller_server-4] [WARN] [1790891594.926437670] [local_costmap.local_costmap]: Sensor origin at (-8.73, 4.20 -0.15) is out of map bounds (-10.85, 2.25, 0.00) to (-6.88, 6.22, 0.78). The costmap cannot raytrace for it.
[controller_server-4] [WARN] [1790891595.126438712] [local_costmap.local_costmap]: Sensor origin at (-8.78, 4.20 -0.16) is out of map bounds (-10.90, 2.25, 0.00) to (-6.93, 6.22, 0.78). The costmap cannot raytrace for it.
[controller_server-4] [WARN] [1790891595.326443873] [local_costmap.local_costmap]: Sensor origin at (-8.86, 4.21 -0.14) is out of map bounds (-10.90, 2.25, 0.00) to (-6.93, 6.22, 0.78). The costmap cannot raytrace for it.
[controller_server-4] [WARN] [1790891595.526434592] [local_costmap.local_costmap]: Sensor origin at (-8.92, 4.21 -0.13) is out of map bounds (-11.00, 2.25, 0.00) to (-7.03, 6.22, 0.78). The costmap cannot raytrace for it.
[controller_server-4] [WARN] [1790891595.726464451] [local_costmap.local_costmap]: Sensor origin at (-8.94, 4.22 -0.14) is out of map bounds (-11.00, 2.25, 0.00) to (-7.03, 6.22, 0.78). The costmap cannot raytrace for it.
[controller_server-4] [WARN] [1790891595.926414399] [local_costmap.local_costmap]: Sensor origin at (-9.00, 4.21 -0.16) is out of map bounds (-11.05, 2.25, 0.00) to (-7.08, 6.22, 0.78). The costmap cannot raytrace for it.
[controller_server-4] [WARN] [1790891596.126435923] [local_costmap.local_costmap]: Sensor origin at (-9.05, 4.21 -0.18) is out of map bounds (-11.10, 2.25, 0.00) to (-7.13, 6.22, 0.78). The costmap cannot raytrace for it.
[smoother_server-3] [INFO] [1790891596.175734879] [smoother_server]: Received a path to smooth.
[controller_server-4] [INFO] [1790891596.186660159] [controller_server]: Passing new path to controller.
[controller_server-4] [WARN] [1790891596.326452391] [local_costmap.local_costmap]: Sensor origin at (-9.07, 4.21 -0.18) is out of map bounds (-11.15, 2.25, 0.00) to (-7.18, 6.22, 0.78). The costmap cannot raytrace for it.
[controller_server-4] [INFO] [1790891596.386622954] [controller_server]: Passing new path to controller.
[controller_server-4] [WARN] [1790891596.526446168] [local_costmap.local_costmap]: Sensor origin at (-9.14, 4.20 -0.17) is out of map bounds (-11.20, 2.25, 0.00) to (-7.23, 6.22, 0.78). The costmap cannot raytrace for it.
[controller_server-4] [WARN] [1790891596.726440675] [local_costmap.local_costmap]: Sensor origin at (-9.19, 4.21 -0.18) is out of map bounds (-11.25, 2.25, 0.00) to (-7.28, 6.22, 0.78). The costmap cannot raytrace for it.
[controller_server-4] [WARN] [1790891596.926457287] [local_costmap.local_costmap]: Sensor origin at (-9.22, 4.21 -0.19) is out of map bounds (-11.30, 2.25, 0.00) to (-7.33, 6.22, 0.78). The costmap cannot raytrace for it.
[controller_server-4] [WARN] [1790891597.126423494] [local_costmap.local_costmap]: Sensor origin at (-9.29, 4.20 -0.20) is out of map bounds (-11.35, 2.25, 0.00) to (-7.38, 6.22, 0.78). The costmap cannot raytrace for it.
[controller_server-4] [WARN] [1790891597.326423946] [local_costmap.local_costmap]: Sensor origin at (-9.33, 4.20 -0.20) is out of map bounds (-11.40, 2.25, 0.00) to (-7.43, 6.22, 0.78). The costmap cannot raytrace for it.
[controller_server-4] [WARN] [1790891597.526439335] [local_costmap.local_costmap]: Sensor origin at (-9.36, 4.21 -0.21) is out of map bounds (-11.45, 2.25, 0.00) to (-7.48, 6.22, 0.78). The costmap cannot raytrace for it.
[controller_server-4] [WARN] [1790891597.726467378] [local_costmap.local_costmap]: Sensor origin at (-9.41, 4.21 -0.21) is out of map bounds (-11.50, 2.25, 0.00) to (-7.53, 6.22, 0.78). The costmap cannot raytrace for it.
[controller_server-4] [WARN] [1790891597.926442479] [local_costmap.local_costmap]: Sensor origin at (-9.47, 4.21 -0.22) is out of map bounds (-11.55, 2.25, 0.00) to (-7.58, 6.22, 0.78). The costmap cannot raytrace for it.
[controller_server-4] [WARN] [1790891598.126545698] [local_costmap.local_costmap]: Sensor origin at (-9.52, 4.21 -0.22) is out of map bounds (-11.60, 2.25, 0.00) to (-7.63, 6.22, 0.78). The costmap cannot raytrace for it.
[controller_server-4] [WARN] [1790891598.326423824] [local_costmap.local_costmap]: Sensor origin at (-9.54, 4.20 -0.23) is out of map bounds (-11.65, 2.25, 0.00) to (-7.68, 6.22, 0.78). The costmap cannot raytrace for it.
[controller_server-4] [WARN] [1790891598.526453493] [local_costmap.local_costmap]: Sensor origin at (-9.62, 4.20 -0.24) is out of map bounds (-11.70, 2.25, 0.00) to (-7.73, 6.22, 0.78). The costmap cannot raytrace for it.
[controller_server-4] [WARN] [1790891598.726432153] [local_costmap.local_costmap]: Sensor origin at (-9.65, 4.20 -0.24) is out of map bounds (-11.75, 2.25, 0.00) to (-7.78, 6.22, 0.78). The costmap cannot raytrace for it.
[controller_server-4] [WARN] [1790891598.926757525] [local_costmap.local_costmap]: Sensor origin at (-9.72, 4.21 -0.24) is out of map bounds (-11.75, 2.25, 0.00) to (-7.78, 6.22, 0.78). The costmap cannot raytrace for it.
[controller_server-4] [WARN] [1790891599.126531187] [local_costmap.local_costmap]: Sensor origin at (-9.74, 4.21 -0.24) is out of map bounds (-11.80, 2.25, 0.00) to (-7.83, 6.22, 0.78). The costmap cannot raytrace for it.
[controller_server-4] [WARN] [1790891599.326960543] [local_costmap.local_costmap]: Sensor origin at (-9.80, 4.21 -0.25) is out of map bounds (-11.85, 2.25, 0.00) to (-7.88, 6.22, 0.78). The costmap cannot raytrace for it.
[controller_server-4] [WARN] [1790891599.526438735] [local_costmap.local_costmap]: Sensor origin at (-9.82, 4.21 -0.26) is out of map bounds (-11.90, 2.25, 0.00) to (-7.93, 6.22, 0.78). The costmap cannot raytrace for it.
[controller_server-4] [WARN] [1790891599.727141472] [local_costmap.local_costmap]: Sensor origin at (-9.88, 4.21 -0.26) is out of map bounds (-11.95, 2.25, 0.00) to (-7.98, 6.22, 0.78). The costmap cannot raytrace for it.
[controller_server-4] [WARN] [1790891599.926441727] [local_costmap.local_costmap]: Sensor origin at (-9.89, 4.22 -0.25) is out of map bounds (-11.95, 2.25, 0.00) to (-7.98, 6.22, 0.78). The costmap cannot raytrace for it.
[controller_server-4] [WARN] [1790891600.126423655] [local_costmap.local_costmap]: Sensor origin at (-9.93, 4.22 -0.26) is out of map bounds (-12.05, 2.25, 0.00) to (-8.08, 6.22, 0.78). The costmap cannot raytrace for it.
[controller_server-4] [WARN] [1790891600.326423773] [local_costmap.local_costmap]: Sensor origin at (-10.00, 4.24 -0.28) is out of map bounds (-12.10, 2.25, 0.00) to (-8.13, 6.22, 0.78). The costmap cannot raytrace for it.
[controller_server-4] [WARN] [1790891600.526440142] [local_costmap.local_costmap]: Sensor origin at (-10.02, 4.24 -0.27) is out of map bounds (-12.10, 2.25, 0.00) to (-8.13, 6.22, 0.78). The costmap cannot raytrace for it.
[controller_server-4] [WARN] [1790891600.726433981] [local_costmap.local_costmap]: Sensor origin at (-10.10, 4.24 -0.25) is out of map bounds (-12.15, 2.25, 0.00) to (-8.18, 6.22, 0.78). The costmap cannot raytrace for it.
[controller_server-4] [WARN] [1790891600.926919545] [local_costmap.local_costmap]: Sensor origin at (-10.13, 4.24 -0.25) is out of map bounds (-12.20, 2.25, 0.00) to (-8.23, 6.22, 0.78). The costmap cannot raytrace for it.
[controller_server-4] [WARN] [1790891601.126431358] [local_costmap.local_costmap]: Sensor origin at (-10.17, 4.23 -0.25) is out of map bounds (-12.25, 2.25, 0.00) to (-8.28, 6.22, 0.78). The costmap cannot raytrace for it.
[path_follower-12] [WARN] [1790891601.262154571] [path_follower]: plano CRU descartado — segurança exige /plan_smoothed; aguardando o suavizador
[smoother_server-3] [INFO] [1790891601.265768953] [smoother_server]: Received a path to smooth.
[controller_server-4] [WARN] [1790891601.285970074] [controller_server]: [follow_path] [ActionServer] Aborting handle.
[controller_server-4] [WARN] [1790891601.326436834] [local_costmap.local_costmap]: Sensor origin at (-10.23, 4.24 -0.27) is out of map bounds (-12.30, 2.25, 0.00) to (-8.33, 6.22, 0.78). The costmap cannot raytrace for it.
[controller_server-4] [INFO] [1790891601.386619450] [controller_server]: Passing new path to controller.
[controller_server-4] [WARN] [1790891601.526468070] [local_costmap.local_costmap]: Sensor origin at (-10.28, 4.24 -0.29) is out of map bounds (-12.35, 2.25, 0.00) to (-8.38, 6.22, 0.78). The costmap cannot raytrace for it.
[controller_server-4] [WARN] [1790891601.726453425] [local_costmap.local_costmap]: Sensor origin at (-10.30, 4.24 -0.30) is out of map bounds (-12.40, 2.25, 0.00) to (-8.43, 6.22, 0.78). The costmap cannot raytrace for it.
[controller_server-4] [WARN] [1790891601.926416119] [local_costmap.local_costmap]: Sensor origin at (-10.37, 4.24 -0.31) is out of map bounds (-12.45, 2.25, 0.00) to (-8.48, 6.22, 0.78). The costmap cannot raytrace for it.
[controller_server-4] [WARN] [1790891602.126445615] [local_costmap.local_costmap]: Sensor origin at (-10.42, 4.25 -0.32) is out of map bounds (-12.45, 2.25, 0.00) to (-8.48, 6.22, 0.78). The costmap cannot raytrace for it.
[controller_server-4] [WARN] [1790891602.326426905] [local_costmap.local_costmap]: Sensor origin at (-10.43, 4.25 -0.32) is out of map bounds (-12.50, 2.25, 0.00) to (-8.53, 6.22, 0.78). The costmap cannot raytrace for it.
[controller_server-4] [WARN] [1790891602.526436125] [local_costmap.local_costmap]: Sensor origin at (-10.48, 4.25 -0.31) is out of map bounds (-12.55, 2.25, 0.00) to (-8.58, 6.22, 0.78). The costmap cannot raytrace for it.
[controller_server-4] [WARN] [1790891602.726504123] [local_costmap.local_costmap]: Sensor origin at (-10.54, 4.26 -0.33) is out of map bounds (-12.60, 2.25, 0.00) to (-8.63, 6.22, 0.78). The costmap cannot raytrace for it.
[controller_server-4] [WARN] [1790891602.926445158] [local_costmap.local_costmap]: Sensor origin at (-10.56, 4.26 -0.33) is out of map bounds (-12.65, 2.25, 0.00) to (-8.68, 6.22, 0.78). The costmap cannot raytrace for it.
[controller_server-4] [WARN] [1790891603.126418090] [local_costmap.local_costmap]: Sensor origin at (-10.64, 4.25 -0.33) is out of map bounds (-12.70, 2.25, 0.00) to (-8.73, 6.22, 0.78). The costmap cannot raytrace for it.
[controller_server-4] [WARN] [1790891603.326516046] [local_costmap.local_costmap]: Sensor origin at (-10.67, 4.25 -0.33) is out of map bounds (-12.75, 2.25, 0.00) to (-8.78, 6.22, 0.78). The costmap cannot raytrace for it.
[controller_server-4] [WARN] [1790891603.526428840] [local_costmap.local_costmap]: Sensor origin at (-10.73, 4.25 -0.32) is out of map bounds (-12.80, 2.25, 0.00) to (-8.83, 6.22, 0.78). The costmap cannot raytrace for it.
[controller_server-4] [WARN] [1790891603.726464174] [local_costmap.local_costmap]: Sensor origin at (-10.78, 4.25 -0.33) is out of map bounds (-12.85, 2.25, 0.00) to (-8.88, 6.22, 0.78). The costmap cannot raytrace for it.
[controller_server-4] [WARN] [1790891603.926458915] [local_costmap.local_costmap]: Sensor origin at (-10.80, 4.25 -0.34) is out of map bounds (-12.90, 2.25, 0.00) to (-8.93, 6.22, 0.78). The costmap cannot raytrace for it.
[controller_server-4] [WARN] [1790891604.126453187] [local_costmap.local_costmap]: Sensor origin at (-10.85, 4.25 -0.35) is out of map bounds (-12.95, 2.25, 0.00) to (-8.98, 6.22, 0.78). The costmap cannot raytrace for it.
[controller_server-4] [WARN] [1790891604.326421026] [local_costmap.local_costmap]: Sensor origin at (-10.93, 4.26 -0.36) is out of map bounds (-12.95, 2.25, 0.00) to (-8.98, 6.22, 0.78). The costmap cannot raytrace for it.
[controller_server-4] [WARN] [1790891604.526431872] [local_costmap.local_costmap]: Sensor origin at (-10.95, 4.26 -0.34) is out of map bounds (-13.00, 2.25, 0.00) to (-9.03, 6.22, 0.78). The costmap cannot raytrace for it.
[controller_server-4] [WARN] [1790891604.726430156] [local_costmap.local_costmap]: Sensor origin at (-11.01, 4.26 -0.34) is out of map bounds (-13.05, 2.25, 0.00) to (-9.08, 6.22, 0.78). The costmap cannot raytrace for it.
[controller_server-4] [WARN] [1790891604.926483380] [local_costmap.local_costmap]: Sensor origin at (-11.03, 4.26 -0.35) is out of map bounds (-13.10, 2.25, 0.00) to (-9.13, 6.22, 0.78). The costmap cannot raytrace for it.
[controller_server-4] [WARN] [1790891605.126432125] [local_costmap.local_costmap]: Sensor origin at (-11.07, 4.26 -0.36) is out of map bounds (-13.15, 2.30, 0.00) to (-9.18, 6.27, 0.78). The costmap cannot raytrace for it.
[controller_server-4] [WARN] [1790891605.326414649] [local_costmap.local_costmap]: Sensor origin at (-11.15, 4.27 -0.38) is out of map bounds (-13.20, 2.30, 0.00) to (-9.23, 6.27, 0.78). The costmap cannot raytrace for it.
[controller_server-4] [WARN] [1790891605.526442244] [local_costmap.local_costmap]: Sensor origin at (-11.19, 4.27 -0.38) is out of map bounds (-13.25, 2.30, 0.00) to (-9.28, 6.27, 0.78). The costmap cannot raytrace for it.
[controller_server-4] [WARN] [1790891605.726453052] [local_costmap.local_costmap]: Sensor origin at (-11.21, 4.28 -0.37) is out of map bounds (-13.35, 2.30, 0.00) to (-9.38, 6.27, 0.78). The costmap cannot raytrace for it.
[controller_server-4] [WARN] [1790891605.926437872] [local_costmap.local_costmap]: Sensor origin at (-11.29, 4.28 -0.35) is out of map bounds (-13.35, 2.30, 0.00) to (-9.38, 6.27, 0.78). The costmap cannot raytrace for it.
[controller_server-4] [WARN] [1790891606.126438695] [local_costmap.local_costmap]: Sensor origin at (-11.32, 4.28 -0.34) is out of map bounds (-13.40, 2.30, 0.00) to (-9.43, 6.27, 0.78). The costmap cannot raytrace for it.
[controller_server-4] [WARN] [1790891606.326456535] [local_costmap.local_costmap]: Sensor origin at (-11.40, 4.29 -0.33) is out of map bounds (-13.45, 2.30, 0.00) to (-9.48, 6.27, 0.78). The costmap cannot raytrace for it.
[smoother_server-3] [INFO] [1790891606.355808046] [smoother_server]: Received a path to smooth.
[controller_server-4] [WARN] [1790891606.375540719] [controller_server]: [follow_path] [ActionServer] Aborting handle.
[controller_server-4] [INFO] [1790891606.386674419] [controller_server]: Passing new path to controller.
[controller_server-4] [WARN] [1790891606.526443236] [local_costmap.local_costmap]: Sensor origin at (-11.42, 4.29 -0.33) is out of map bounds (-13.50, 2.30, 0.00) to (-9.53, 6.27, 0.78). The costmap cannot raytrace for it.
[controller_server-4] [WARN] [1790891606.726456324] [local_costmap.local_costmap]: Sensor origin at (-11.47, 4.30 -0.34) is out of map bounds (-13.55, 2.30, 0.00) to (-9.58, 6.27, 0.78). The costmap cannot raytrace for it.
[controller_server-4] [WARN] [1790891606.926482586] [local_costmap.local_costmap]: Sensor origin at (-11.53, 4.30 -0.32) is out of map bounds (-13.60, 2.30, 0.00) to (-9.63, 6.27, 0.78). The costmap cannot raytrace for it.
[controller_server-4] [WARN] [1790891607.126430975] [local_costmap.local_costmap]: Sensor origin at (-11.58, 4.30 -0.33) is out of map bounds (-13.65, 2.30, 0.00) to (-9.68, 6.27, 0.78). The costmap cannot raytrace for it.
[controller_server-4] [WARN] [1790891607.326418005] [local_costmap.local_costmap]: Sensor origin at (-11.62, 4.30 -0.34) is out of map bounds (-13.70, 2.30, 0.00) to (-9.73, 6.27, 0.78). The costmap cannot raytrace for it.
[controller_server-4] [WARN] [1790891607.526440901] [local_costmap.local_costmap]: Sensor origin at (-11.64, 4.30 -0.35) is out of map bounds (-13.70, 2.30, 0.00) to (-9.73, 6.27, 0.78). The costmap cannot raytrace for it.
[controller_server-4] [WARN] [1790891607.726437119] [local_costmap.local_costmap]: Sensor origin at (-11.68, 4.30 -0.35) is out of map bounds (-13.75, 2.30, 0.00) to (-9.78, 6.27, 0.78). The costmap cannot raytrace for it.
[controller_server-4] [WARN] [1790891607.926418580] [local_costmap.local_costmap]: Sensor origin at (-11.75, 4.31 -0.37) is out of map bounds (-13.80, 2.30, 0.00) to (-9.83, 6.27, 0.78). The costmap cannot raytrace for it.
[controller_server-4] [WARN] [1790891608.126433652] [local_costmap.local_costmap]: Sensor origin at (-11.80, 4.32 -0.39) is out of map bounds (-13.85, 2.35, 0.00) to (-9.88, 6.32, 0.78). The costmap cannot raytrace for it.
[controller_server-4] [WARN] [1790891608.326421762] [local_costmap.local_costmap]: Sensor origin at (-11.82, 4.32 -0.39) is out of map bounds (-13.90, 2.35, 0.00) to (-9.93, 6.32, 0.78). The costmap cannot raytrace for it.
[controller_server-4] [WARN] [1790891608.526449717] [local_costmap.local_costmap]: Sensor origin at (-11.87, 4.33 -0.38) is out of map bounds (-13.95, 2.35, 0.00) to (-9.98, 6.32, 0.78). The costmap cannot raytrace for it.
[controller_server-4] [WARN] [1790891608.726423344] [local_costmap.local_costmap]: Sensor origin at (-11.94, 4.34 -0.34) is out of map bounds (-13.95, 2.35, 0.00) to (-9.98, 6.32, 0.78). The costmap cannot raytrace for it.
[controller_server-4] [WARN] [1790891608.926449276] [local_costmap.local_costmap]: Sensor origin at (-11.97, 4.34 -0.36) is out of map bounds (-14.05, 2.35, 0.00) to (-10.08, 6.32, 0.78). The costmap cannot raytrace for it.
[controller_server-4] [WARN] [1790891609.126419366] [local_costmap.local_costmap]: Sensor origin at (-12.02, 4.34 -0.37) is out of map bounds (-14.10, 2.35, 0.00) to (-10.13, 6.32, 0.78). The costmap cannot raytrace for it.
[controller_server-4] [WARN] [1790891609.326530326] [local_costmap.local_costmap]: Sensor origin at (-12.06, 4.35 -0.36) is out of map bounds (-14.15, 2.35, 0.00) to (-10.18, 6.32, 0.78). The costmap cannot raytrace for it.
[controller_server-4] [WARN] [1790891609.526466714] [local_costmap.local_costmap]: Sensor origin at (-12.08, 4.35 -0.36) is out of map bounds (-14.20, 2.35, 0.00) to (-10.23, 6.32, 0.78). The costmap cannot raytrace for it.
[controller_server-4] [WARN] [1790891609.726463786] [local_costmap.local_costmap]: Sensor origin at (-12.15, 4.35 -0.34) is out of map bounds (-14.25, 2.35, 0.00) to (-10.28, 6.32, 0.78). The costmap cannot raytrace for it.
[controller_server-4] [WARN] [1790891609.926422161] [local_costmap.local_costmap]: Sensor origin at (-12.18, 4.35 -0.35) is out of map bounds (-14.30, 2.35, 0.00) to (-10.33, 6.32, 0.78). The costmap cannot raytrace for it.
[controller_server-4] [WARN] [1790891610.126428479] [local_costmap.local_costmap]: Sensor origin at (-12.25, 4.35 -0.37) is out of map bounds (-14.35, 2.35, 0.00) to (-10.38, 6.32, 0.78). The costmap cannot raytrace for it.
[controller_server-4] [WARN] [1790891610.326426616] [local_costmap.local_costmap]: Sensor origin at (-12.30, 4.35 -0.38) is out of map bounds (-14.35, 2.35, 0.00) to (-10.38, 6.32, 0.78). The costmap cannot raytrace for it.
[controller_server-4] [WARN] [1790891610.526445898] [local_costmap.local_costmap]: Sensor origin at (-12.36, 4.36 -0.38) is out of map bounds (-14.40, 2.35, 0.00) to (-10.43, 6.32, 0.78). The costmap cannot raytrace for it.
[controller_server-4] [WARN] [1790891610.726455537] [local_costmap.local_costmap]: Sensor origin at (-12.38, 4.36 -0.38) is out of map bounds (-14.45, 2.35, 0.00) to (-10.48, 6.32, 0.78). The costmap cannot raytrace for it.
[controller_server-4] [WARN] [1790891610.926436778] [local_costmap.local_costmap]: Sensor origin at (-12.43, 4.36 -0.37) is out of map bounds (-14.55, 2.35, 0.00) to (-10.58, 6.32, 0.78). The costmap cannot raytrace for it.
[controller_server-4] [WARN] [1790891611.126419947] [local_costmap.local_costmap]: Sensor origin at (-12.47, 4.37 -0.38) is out of map bounds (-14.60, 2.35, 0.00) to (-10.63, 6.32, 0.78). The costmap cannot raytrace for it.
[controller_server-4] [WARN] [1790891611.326421050] [local_costmap.local_costmap]: Sensor origin at (-12.52, 4.37 -0.39) is out of map bounds (-14.60, 2.40, 0.00) to (-10.63, 6.37, 0.78). The costmap cannot raytrace for it.
[path_follower-12] [WARN] [1790891611.452024133] [path_follower]: plano CRU descartado — segurança exige /plan_smoothed; aguardando o suavizador
[smoother_server-3] [INFO] [1790891611.455708997] [smoother_server]: Received a path to smooth.
[controller_server-4] [WARN] [1790891611.475420182] [controller_server]: [follow_path] [ActionServer] Aborting handle.
[path_follower-12] [INFO] [1790891611.515069196] [path_follower]: 1831 amostras -> /home/bara/logs_robo2/seguidor_2026-10-01_185111.csv
[controller_server-4] [WARN] [1790891611.526419467] [local_costmap.local_costmap]: Sensor origin at (-12.60, 4.37 -0.38) is out of map bounds (-14.65, 2.40, 0.00) to (-10.68, 6.37, 0.78). The costmap cannot raytrace for it.
[controller_server-4] [INFO] [1790891611.586624185] [controller_server]: Passing new path to controller.
[controller_server-4] [WARN] [1790891611.726423627] [local_costmap.local_costmap]: Sensor origin at (-12.65, 4.38 -0.38) is out of map bounds (-14.70, 2.40, 0.00) to (-10.73, 6.37, 0.78). The costmap cannot raytrace for it.
[controller_server-4] [WARN] [1790891611.926458011] [local_costmap.local_costmap]: Sensor origin at (-12.67, 4.38 -0.38) is out of map bounds (-14.75, 2.40, 0.00) to (-10.78, 6.37, 0.78). The costmap cannot raytrace for it.
[controller_server-4] [WARN] [1790891612.126431623] [local_costmap.local_costmap]: Sensor origin at (-12.72, 4.39 -0.38) is out of map bounds (-14.80, 2.40, 0.00) to (-10.83, 6.37, 0.78). The costmap cannot raytrace for it.
[controller_server-4] [WARN] [1790891612.326431564] [local_costmap.local_costmap]: Sensor origin at (-12.79, 4.40 -0.39) is out of map bounds (-14.85, 2.40, 0.00) to (-10.88, 6.37, 0.78). The costmap cannot raytrace for it.
[controller_server-4] [WARN] [1790891612.526427721] [local_costmap.local_costmap]: Sensor origin at (-12.84, 4.40 -0.42) is out of map bounds (-14.90, 2.40, 0.00) to (-10.93, 6.37, 0.78). The costmap cannot raytrace for it.
[controller_server-4] [WARN] [1790891612.726437525] [local_costmap.local_costmap]: Sensor origin at (-12.89, 4.41 -0.44) is out of map bounds (-14.95, 2.40, 0.00) to (-10.98, 6.37, 0.78). The costmap cannot raytrace for it.
[controller_server-4] [WARN] [1790891612.926432262] [local_costmap.local_costmap]: Sensor origin at (-12.92, 4.41 -0.42) is out of map bounds (-15.00, 2.40, 0.00) to (-11.03, 6.37, 0.78). The costmap cannot raytrace for it.
[controller_server-4] [WARN] [1790891613.126434771] [local_costmap.local_costmap]: Sensor origin at (-12.97, 4.42 -0.42) is out of map bounds (-15.00, 2.40, 0.00) to (-11.03, 6.37, 0.78). The costmap cannot raytrace for it.
[controller_server-4] [WARN] [1790891613.326431675] [local_costmap.local_costmap]: Sensor origin at (-13.00, 4.42 -0.42) is out of map bounds (-15.10, 2.40, 0.00) to (-11.13, 6.37, 0.78). The costmap cannot raytrace for it.
[controller_server-4] [WARN] [1790891613.526439842] [local_costmap.local_costmap]: Sensor origin at (-13.02, 4.42 -0.43) is out of map bounds (-15.15, 2.45, 0.00) to (-11.18, 6.42, 0.78). The costmap cannot raytrace for it.
[controller_server-4] [WARN] [1790891613.726419283] [local_costmap.local_costmap]: Sensor origin at (-13.07, 4.42 -0.44) is out of map bounds (-15.20, 2.45, 0.00) to (-11.23, 6.42, 0.78). The costmap cannot raytrace for it.
[controller_server-4] [WARN] [1790891613.926428445] [local_costmap.local_costmap]: Sensor origin at (-13.17, 4.44 -0.44) is out of map bounds (-15.25, 2.45, 0.00) to (-11.28, 6.42, 0.78). The costmap cannot raytrace for it.
[controller_server-4] [WARN] [1790891614.126417902] [local_costmap.local_costmap]: Sensor origin at (-13.20, 4.44 -0.46) is out of map bounds (-15.30, 2.45, 0.00) to (-11.33, 6.42, 0.78). The costmap cannot raytrace for it.
[controller_server-4] [WARN] [1790891614.326423306] [local_costmap.local_costmap]: Sensor origin at (-13.27, 4.45 -0.45) is out of map bounds (-15.35, 2.45, 0.00) to (-11.38, 6.42, 0.78). The costmap cannot raytrace for it.
[controller_server-4] [WARN] [1790891614.526425536] [local_costmap.local_costmap]: Sensor origin at (-13.29, 4.45 -0.45) is out of map bounds (-15.40, 2.45, 0.00) to (-11.43, 6.42, 0.78). The costmap cannot raytrace for it.
[controller_server-4] [WARN] [1790891614.726460003] [local_costmap.local_costmap]: Sensor origin at (-13.33, 4.45 -0.47) is out of map bounds (-15.45, 2.45, 0.00) to (-11.48, 6.42, 0.78). The costmap cannot raytrace for it.
[controller_server-4] [WARN] [1790891614.926505324] [local_costmap.local_costmap]: Sensor origin at (-13.39, 4.46 -0.47) is out of map bounds (-15.50, 2.45, 0.00) to (-11.53, 6.42, 0.78). The costmap cannot raytrace for it.
[controller_server-4] [WARN] [1790891615.126454495] [local_costmap.local_costmap]: Sensor origin at (-13.44, 4.46 -0.48) is out of map bounds (-15.50, 2.45, 0.00) to (-11.53, 6.42, 0.78). The costmap cannot raytrace for it.
[controller_server-4] [WARN] [1790891615.326473912] [local_costmap.local_costmap]: Sensor origin at (-13.51, 4.46 -0.48) is out of map bounds (-15.55, 2.45, 0.00) to (-11.58, 6.42, 0.78). The costmap cannot raytrace for it.
[controller_server-4] [WARN] [1790891615.526432470] [local_costmap.local_costmap]: Sensor origin at (-13.53, 4.47 -0.47) is out of map bounds (-15.65, 2.50, 0.00) to (-11.68, 6.47, 0.78). The costmap cannot raytrace for it.
[controller_server-4] [WARN] [1790891615.726426917] [local_costmap.local_costmap]: Sensor origin at (-13.60, 4.48 -0.48) is out of map bounds (-15.65, 2.50, 0.00) to (-11.68, 6.47, 0.78). The costmap cannot raytrace for it.
[controller_server-4] [WARN] [1790891615.926421501] [local_costmap.local_costmap]: Sensor origin at (-13.65, 4.49 -0.49) is out of map bounds (-15.70, 2.50, 0.00) to (-11.73, 6.47, 0.78). The costmap cannot raytrace for it.
[controller_server-4] [WARN] [1790891616.126928949] [local_costmap.local_costmap]: Sensor origin at (-13.68, 4.49 -0.50) is out of map bounds (-15.75, 2.50, 0.00) to (-11.78, 6.47, 0.78). The costmap cannot raytrace for it.
[controller_server-4] [WARN] [1790891616.326439198] [local_costmap.local_costmap]: Sensor origin at (-13.75, 4.50 -0.50) is out of map bounds (-15.80, 2.50, 0.00) to (-11.83, 6.47, 0.78). The costmap cannot raytrace for it.
[controller_server-4] [WARN] [1790891616.526445091] [local_costmap.local_costmap]: Sensor origin at (-13.77, 4.51 -0.51) is out of map bounds (-15.85, 2.50, 0.00) to (-11.88, 6.47, 0.78). The costmap cannot raytrace for it.
[smoother_server-3] [INFO] [1790891616.535580338] [smoother_server]: Received a path to smooth.
[controller_server-4] [WARN] [1790891616.555502783] [controller_server]: [follow_path] [ActionServer] Aborting handle.
[controller_server-4] [INFO] [1790891616.586621604] [controller_server]: Passing new path to controller.
[controller_server-4] [WARN] [1790891616.726431884] [local_costmap.local_costmap]: Sensor origin at (-13.83, 4.52 -0.51) is out of map bounds (-15.90, 2.50, 0.00) to (-11.93, 6.47, 0.78). The costmap cannot raytrace for it.
[controller_server-4] [WARN] [1790891616.926420101] [local_costmap.local_costmap]: Sensor origin at (-13.90, 4.52 -0.50) is out of map bounds (-15.95, 2.55, 0.00) to (-11.98, 6.52, 0.78). The costmap cannot raytrace for it.
[controller_server-4] [WARN] [1790891617.126432830] [local_costmap.local_costmap]: Sensor origin at (-13.95, 4.53 -0.51) is out of map bounds (-16.00, 2.55, 0.00) to (-12.03, 6.52, 0.78). The costmap cannot raytrace for it.
[controller_server-4] [WARN] [1790891617.326446783] [local_costmap.local_costmap]: Sensor origin at (-13.97, 4.53 -0.52) is out of map bounds (-16.05, 2.55, 0.00) to (-12.08, 6.52, 0.78). The costmap cannot raytrace for it.
[controller_server-4] [WARN] [1790891617.526418520] [local_costmap.local_costmap]: Sensor origin at (-14.04, 4.54 -0.52) is out of map bounds (-16.10, 2.55, 0.00) to (-12.13, 6.52, 0.78). The costmap cannot raytrace for it.
[controller_server-4] [WARN] [1790891617.726426447] [local_costmap.local_costmap]: Sensor origin at (-14.09, 4.54 -0.53) is out of map bounds (-16.10, 2.55, 0.00) to (-12.13, 6.52, 0.78). The costmap cannot raytrace for it.
[controller_server-4] [WARN] [1790891617.926427762] [local_costmap.local_costmap]: Sensor origin at (-14.11, 4.54 -0.53) is out of map bounds (-16.15, 2.55, 0.00) to (-12.18, 6.52, 0.78). The costmap cannot raytrace for it.
[controller_server-4] [WARN] [1790891618.126459377] [local_costmap.local_costmap]: Sensor origin at (-14.17, 4.55 -0.53) is out of map bounds (-16.20, 2.55, 0.00) to (-12.23, 6.52, 0.78). The costmap cannot raytrace for it.
[controller_server-4] [WARN] [1790891618.326450009] [local_costmap.local_costmap]: Sensor origin at (-14.18, 4.55 -0.53) is out of map bounds (-16.20, 2.55, 0.00) to (-12.23, 6.52, 0.78). The costmap cannot raytrace for it.
[controller_server-4] [WARN] [1790891618.526428567] [local_costmap.local_costmap]: Sensor origin at (-14.23, 4.56 -0.54) is out of map bounds (-16.25, 2.55, 0.00) to (-12.28, 6.52, 0.78). The costmap cannot raytrace for it.
[controller_server-4] [WARN] [1790891618.726437526] [local_costmap.local_costmap]: Sensor origin at (-14.26, 4.55 -0.55) is out of map bounds (-16.30, 2.55, 0.00) to (-12.33, 6.52, 0.78). The costmap cannot raytrace for it.
[controller_server-4] [WARN] [1790891618.926440990] [local_costmap.local_costmap]: Sensor origin at (-14.28, 4.55 -0.55) is out of map bounds (-16.35, 2.55, 0.00) to (-12.38, 6.52, 0.78). The costmap cannot raytrace for it.
[controller_server-4] [WARN] [1790891619.126461408] [local_costmap.local_costmap]: Sensor origin at (-14.35, 4.55 -0.56) is out of map bounds (-16.40, 2.55, 0.00) to (-12.43, 6.52, 0.78). The costmap cannot raytrace for it.
[controller_server-4] [WARN] [1790891619.326432688] [local_costmap.local_costmap]: Sensor origin at (-14.39, 4.55 -0.54) is out of map bounds (-16.45, 2.55, 0.00) to (-12.48, 6.52, 0.78). The costmap cannot raytrace for it.
[controller_server-4] [WARN] [1790891619.526441100] [local_costmap.local_costmap]: Sensor origin at (-14.42, 4.55 -0.54) is out of map bounds (-16.50, 2.55, 0.00) to (-12.53, 6.52, 0.78). The costmap cannot raytrace for it.
[controller_server-4] [WARN] [1790891619.726419906] [local_costmap.local_costmap]: Sensor origin at (-14.46, 4.54 -0.54) is out of map bounds (-16.55, 2.55, 0.00) to (-12.58, 6.52, 0.78). The costmap cannot raytrace for it.
[controller_server-4] [WARN] [1790891619.926419487] [local_costmap.local_costmap]: Sensor origin at (-14.53, 4.53 -0.55) is out of map bounds (-16.60, 2.55, 0.00) to (-12.63, 6.52, 0.78). The costmap cannot raytrace for it.
[controller_server-4] [WARN] [1790891620.126457619] [local_costmap.local_costmap]: Sensor origin at (-14.55, 4.53 -0.55) is out of map bounds (-16.60, 2.55, 0.00) to (-12.63, 6.52, 0.78). The costmap cannot raytrace for it.
[controller_server-4] [WARN] [1790891620.326447187] [local_costmap.local_costmap]: Sensor origin at (-14.59, 4.52 -0.56) is out of map bounds (-16.65, 2.55, 0.00) to (-12.68, 6.52, 0.78). The costmap cannot raytrace for it.
[controller_server-4] [WARN] [1790891620.526439980] [local_costmap.local_costmap]: Sensor origin at (-14.65, 4.52 -0.57) is out of map bounds (-16.70, 2.55, 0.00) to (-12.73, 6.52, 0.78). The costmap cannot raytrace for it.
[controller_server-4] [WARN] [1790891620.726442854] [local_costmap.local_costmap]: Sensor origin at (-14.67, 4.51 -0.57) is out of map bounds (-16.75, 2.55, 0.00) to (-12.78, 6.52, 0.78). The costmap cannot raytrace for it.
[controller_server-4] [WARN] [1790891620.926457206] [local_costmap.local_costmap]: Sensor origin at (-14.74, 4.50 -0.56) is out of map bounds (-16.85, 2.55, 0.00) to (-12.88, 6.52, 0.78). The costmap cannot raytrace for it.
[controller_server-4] [WARN] [1790891621.126444181] [local_costmap.local_costmap]: Sensor origin at (-14.79, 4.49 -0.57) is out of map bounds (-16.85, 2.50, 0.00) to (-12.88, 6.47, 0.78). The costmap cannot raytrace for it.
[controller_server-4] [WARN] [1790891621.326439103] [local_costmap.local_costmap]: Sensor origin at (-14.82, 4.49 -0.59) is out of map bounds (-16.90, 2.50, 0.00) to (-12.93, 6.47, 0.78). The costmap cannot raytrace for it.
[controller_server-4] [WARN] [1790891621.526437385] [local_costmap.local_costmap]: Sensor origin at (-14.91, 4.49 -0.60) is out of map bounds (-16.95, 2.50, 0.00) to (-12.98, 6.47, 0.78). The costmap cannot raytrace for it.
[path_follower-12] [WARN] [1790891621.624296282] [path_follower]: plano CRU descartado — segurança exige /plan_smoothed; aguardando o suavizador
[smoother_server-3] [INFO] [1790891621.625653933] [smoother_server]: Received a path to smooth.
[controller_server-4] [WARN] [1790891621.645534341] [controller_server]: [follow_path] [ActionServer] Aborting handle.
[controller_server-4] [WARN] [1790891621.726451211] [local_costmap.local_costmap]: Sensor origin at (-14.93, 4.48 -0.59) is out of map bounds (-17.00, 2.50, 0.00) to (-13.03, 6.47, 0.78). The costmap cannot raytrace for it.
[controller_server-4] [INFO] [1790891621.786656745] [controller_server]: Passing new path to controller.
[controller_server-4] [WARN] [1790891621.926424453] [local_costmap.local_costmap]: Sensor origin at (-15.00, 4.47 -0.60) is out of map bounds (-17.05, 2.50, 0.00) to (-13.08, 6.47, 0.78). The costmap cannot raytrace for it.
[controller_server-4] [WARN] [1790891622.126463141] [local_costmap.local_costmap]: Sensor origin at (-15.02, 4.46 -0.60) is out of map bounds (-17.10, 2.50, 0.00) to (-13.13, 6.47, 0.78). The costmap cannot raytrace for it.
[controller_server-4] [WARN] [1790891622.326429607] [local_costmap.local_costmap]: Sensor origin at (-15.07, 4.46 -0.60) is out of map bounds (-17.15, 2.50, 0.00) to (-13.18, 6.47, 0.78). The costmap cannot raytrace for it.
[controller_server-4] [WARN] [1790891622.526436192] [local_costmap.local_costmap]: Sensor origin at (-15.13, 4.46 -0.59) is out of map bounds (-17.20, 2.50, 0.00) to (-13.23, 6.47, 0.78). The costmap cannot raytrace for it.
[controller_server-4] [WARN] [1790891622.726429365] [local_costmap.local_costmap]: Sensor origin at (-15.15, 4.45 -0.59) is out of map bounds (-17.25, 2.50, 0.00) to (-13.28, 6.47, 0.78). The costmap cannot raytrace for it.
[controller_server-4] [WARN] [1790891622.926429509] [local_costmap.local_costmap]: Sensor origin at (-15.22, 4.45 -0.61) is out of map bounds (-17.30, 2.50, 0.00) to (-13.33, 6.47, 0.78). The costmap cannot raytrace for it.
[controller_server-4] [WARN] [1790891623.126429872] [local_costmap.local_costmap]: Sensor origin at (-15.27, 4.45 -0.61) is out of map bounds (-17.35, 2.50, 0.00) to (-13.38, 6.47, 0.78). The costmap cannot raytrace for it.
[controller_server-4] [WARN] [1790891623.326423129] [local_costmap.local_costmap]: Sensor origin at (-15.30, 4.45 -0.62) is out of map bounds (-17.40, 2.50, 0.00) to (-13.43, 6.47, 0.78). The costmap cannot raytrace for it.
[controller_server-4] [WARN] [1790891623.526465466] [local_costmap.local_costmap]: Sensor origin at (-15.35, 4.45 -0.61) is out of map bounds (-17.45, 2.50, 0.00) to (-13.48, 6.47, 0.78). The costmap cannot raytrace for it.
[controller_server-4] [WARN] [1790891623.726395304] [local_costmap.local_costmap]: Sensor origin at (-15.40, 4.46 -0.62) is out of map bounds (-17.45, 2.50, 0.00) to (-13.48, 6.47, 0.78). The costmap cannot raytrace for it.
[controller_server-4] [WARN] [1790891623.926423529] [local_costmap.local_costmap]: Sensor origin at (-15.48, 4.46 -0.61) is out of map bounds (-17.50, 2.50, 0.00) to (-13.53, 6.47, 0.78). The costmap cannot raytrace for it.
[controller_server-4] [WARN] [1790891624.126452818] [local_costmap.local_costmap]: Sensor origin at (-15.49, 4.46 -0.62) is out of map bounds (-17.55, 2.50, 0.00) to (-13.58, 6.47, 0.78). The costmap cannot raytrace for it.
[controller_server-4] [WARN] [1790891624.326425443] [local_costmap.local_costmap]: Sensor origin at (-15.54, 4.46 -0.62) is out of map bounds (-17.60, 2.50, 0.00) to (-13.63, 6.47, 0.78). The costmap cannot raytrace for it.
[controller_server-4] [WARN] [1790891624.526434888] [local_costmap.local_costmap]: Sensor origin at (-15.58, 4.47 -0.63) is out of map bounds (-17.65, 2.50, 0.00) to (-13.68, 6.47, 0.78). The costmap cannot raytrace for it.
[controller_server-4] [WARN] [1790891624.726442905] [local_costmap.local_costmap]: Sensor origin at (-15.61, 4.48 -0.64) is out of map bounds (-17.70, 2.50, 0.00) to (-13.73, 6.47, 0.78). The costmap cannot raytrace for it.
[controller_server-4] [WARN] [1790891624.926422542] [local_costmap.local_costmap]: Sensor origin at (-15.68, 4.49 -0.64) is out of map bounds (-17.75, 2.50, 0.00) to (-13.78, 6.47, 0.78). The costmap cannot raytrace for it.
[controller_server-4] [WARN] [1790891625.126469555] [local_costmap.local_costmap]: Sensor origin at (-15.73, 4.51 -0.65) is out of map bounds (-17.80, 2.55, 0.00) to (-13.83, 6.52, 0.78). The costmap cannot raytrace for it.
[controller_server-4] [WARN] [1790891625.326426448] [local_costmap.local_costmap]: Sensor origin at (-15.76, 4.51 -0.65) is out of map bounds (-17.85, 2.55, 0.00) to (-13.88, 6.52, 0.78). The costmap cannot raytrace for it.
[controller_server-4] [WARN] [1790891625.526473545] [local_costmap.local_costmap]: Sensor origin at (-15.83, 4.53 -0.65) is out of map bounds (-17.85, 2.55, 0.00) to (-13.88, 6.52, 0.78). The costmap cannot raytrace for it.
[controller_server-4] [WARN] [1790891625.726422551] [local_costmap.local_costmap]: Sensor origin at (-15.85, 4.54 -0.65) is out of map bounds (-17.90, 2.55, 0.00) to (-13.93, 6.52, 0.78). The costmap cannot raytrace for it.
[controller_server-4] [WARN] [1790891625.926456789] [local_costmap.local_costmap]: Sensor origin at (-15.92, 4.56 -0.66) is out of map bounds (-17.95, 2.60, 0.00) to (-13.98, 6.57, 0.78). The costmap cannot raytrace for it.
[controller_server-4] [WARN] [1790891626.126427585] [local_costmap.local_costmap]: Sensor origin at (-15.94, 4.56 -0.65) is out of map bounds (-18.00, 2.60, 0.00) to (-14.03, 6.57, 0.78). The costmap cannot raytrace for it.
[controller_server-4] [WARN] [1790891626.326458989] [local_costmap.local_costmap]: Sensor origin at (-15.97, 4.58 -0.66) is out of map bounds (-18.05, 2.65, 0.00) to (-14.08, 6.62, 0.78). The costmap cannot raytrace for it.
[controller_server-4] [WARN] [1790891626.526427787] [local_costmap.local_costmap]: Sensor origin at (-16.04, 4.60 -0.66) is out of map bounds (-18.10, 2.65, 0.00) to (-14.13, 6.62, 0.78). The costmap cannot raytrace for it.
[smoother_server-3] [INFO] [1790891626.715630894] [smoother_server]: Received a path to smooth.
[controller_server-4] [WARN] [1790891626.726432153] [local_costmap.local_costmap]: Sensor origin at (-16.06, 4.61 -0.66) is out of map bounds (-18.15, 2.65, 0.00) to (-14.18, 6.62, 0.78). The costmap cannot raytrace for it.
[controller_server-4] [INFO] [1790891626.786648086] [controller_server]: Passing new path to controller.
[controller_server-4] [WARN] [1790891626.926421439] [local_costmap.local_costmap]: Sensor origin at (-16.12, 4.64 -0.66) is out of map bounds (-18.15, 2.70, 0.00) to (-14.18, 6.67, 0.78). The costmap cannot raytrace for it.
[controller_server-4] [WARN] [1790891627.126485374] [local_costmap.local_costmap]: Sensor origin at (-16.16, 4.66 -0.67) is out of map bounds (-18.20, 2.70, 0.00) to (-14.23, 6.67, 0.78). The costmap cannot raytrace for it.
[controller_server-4] [WARN] [1790891627.326438077] [local_costmap.local_costmap]: Sensor origin at (-16.18, 4.66 -0.66) is out of map bounds (-18.25, 2.70, 0.00) to (-14.28, 6.67, 0.78). The costmap cannot raytrace for it.
[controller_server-4] [WARN] [1790891627.526457530] [local_costmap.local_costmap]: Sensor origin at (-16.25, 4.69 -0.66) is out of map bounds (-18.30, 2.75, 0.00) to (-14.33, 6.72, 0.78). The costmap cannot raytrace for it.
[controller_server-4] [WARN] [1790891627.726444837] [local_costmap.local_costmap]: Sensor origin at (-16.27, 4.71 -0.67) is out of map bounds (-18.35, 2.75, 0.00) to (-14.38, 6.72, 0.78). The costmap cannot raytrace for it.
[controller_server-4] [WARN] [1790891627.926439293] [local_costmap.local_costmap]: Sensor origin at (-16.33, 4.73 -0.66) is out of map bounds (-18.40, 2.80, 0.00) to (-14.43, 6.77, 0.78). The costmap cannot raytrace for it.
[controller_server-4] [WARN] [1790891628.126458531] [local_costmap.local_costmap]: Sensor origin at (-16.35, 4.74 -0.66) is out of map bounds (-18.40, 2.80, 0.00) to (-14.43, 6.77, 0.78). The costmap cannot raytrace for it.
[controller_server-4] [WARN] [1790891628.326415849] [local_costmap.local_costmap]: Sensor origin at (-16.41, 4.77 -0.68) is out of map bounds (-18.50, 2.80, 0.00) to (-14.53, 6.77, 0.78). The costmap cannot raytrace for it.
[controller_server-4] [WARN] [1790891628.526443284] [local_costmap.local_costmap]: Sensor origin at (-16.43, 4.78 -0.69) is out of map bounds (-18.50, 2.85, 0.00) to (-14.53, 6.82, 0.78). The costmap cannot raytrace for it.
[path_follower-12] [WARN] [1790891628.645010802] [path_follower]: EMPERRADO com frente livre (1.76 m) — escape RETO para frente de até 0.20 m, remedindo a cada ciclo
[controller_server-4] [WARN] [1790891628.726458028] [local_costmap.local_costmap]: Sensor origin at (-16.48, 4.80 -0.70) is out of map bounds (-18.55, 2.85, 0.00) to (-14.58, 6.82, 0.78). The costmap cannot raytrace for it.
[controller_server-4] [WARN] [1790891628.926437076] [local_costmap.local_costmap]: Sensor origin at (-16.56, 4.83 -0.72) is out of map bounds (-18.60, 2.85, 0.00) to (-14.63, 6.82, 0.78). The costmap cannot raytrace for it.
[controller_server-4] [WARN] [1790891629.126420093] [local_costmap.local_costmap]: Sensor origin at (-16.58, 4.84 -0.72) is out of map bounds (-18.60, 2.90, 0.00) to (-14.63, 6.87, 0.78). The costmap cannot raytrace for it.
[controller_server-4] [WARN] [1790891629.326453934] [local_costmap.local_costmap]: Sensor origin at (-16.63, 4.86 -0.72) is out of map bounds (-18.65, 2.90, 0.00) to (-14.68, 6.87, 0.78). The costmap cannot raytrace for it.
[controller_server-4] [WARN] [1790891629.526462444] [local_costmap.local_costmap]: Sensor origin at (-16.67, 4.88 -0.72) is out of map bounds (-18.70, 2.90, 0.00) to (-14.73, 6.87, 0.78). The costmap cannot raytrace for it.
[path_follower-12] [WARN] [1790891629.593622700] [path_follower]: fim do escape para frente: percorreu 0.20 m em 0.9 s
[controller_server-4] [WARN] [1790891629.726458053] [local_costmap.local_costmap]: Sensor origin at (-16.68, 4.89 -0.73) is out of map bounds (-18.75, 2.90, 0.00) to (-14.78, 6.87, 0.78). The costmap cannot raytrace for it.
[controller_server-4] [WARN] [1790891629.926431955] [local_costmap.local_costmap]: Sensor origin at (-16.72, 4.91 -0.72) is out of map bounds (-18.80, 2.95, 0.00) to (-14.83, 6.92, 0.78). The costmap cannot raytrace for it.
[controller_server-4] [WARN] [1790891630.126410978] [local_costmap.local_costmap]: Sensor origin at (-16.76, 4.92 -0.73) is out of map bounds (-18.85, 2.95, 0.00) to (-14.88, 6.92, 0.78). The costmap cannot raytrace for it.
[controller_server-4] [WARN] [1790891630.326442583] [local_costmap.local_costmap]: Sensor origin at (-16.81, 4.93 -0.73) is out of map bounds (-18.90, 2.95, 0.00) to (-14.93, 6.92, 0.78). The costmap cannot raytrace for it.
[controller_server-4] [WARN] [1790891630.526435536] [local_costmap.local_costmap]: Sensor origin at (-16.84, 4.95 -0.74) is out of map bounds (-18.90, 2.95, 0.00) to (-14.93, 6.92, 0.78). The costmap cannot raytrace for it.
[controller_server-4] [WARN] [1790891630.726429311] [local_costmap.local_costmap]: Sensor origin at (-16.91, 4.97 -0.73) is out of map bounds (-18.95, 2.95, 0.00) to (-14.98, 6.92, 0.78). The costmap cannot raytrace for it.
[controller_server-4] [WARN] [1790891630.926437472] [local_costmap.local_costmap]: Sensor origin at (-16.93, 4.97 -0.73) is out of map bounds (-18.95, 3.00, 0.00) to (-14.98, 6.97, 0.78). The costmap cannot raytrace for it.
[controller_server-4] [WARN] [1790891631.126449483] [local_costmap.local_costmap]: Sensor origin at (-16.97, 4.98 -0.72) is out of map bounds (-19.00, 3.00, 0.00) to (-15.03, 6.97, 0.78). The costmap cannot raytrace for it.
[controller_server-4] [WARN] [1790891631.326497006] [local_costmap.local_costmap]: Sensor origin at (-17.00, 4.99 -0.73) is out of map bounds (-19.05, 3.00, 0.00) to (-15.08, 6.97, 0.78). The costmap cannot raytrace for it.
[controller_server-4] [WARN] [1790891631.526437661] [local_costmap.local_costmap]: Sensor origin at (-17.02, 4.99 -0.72) is out of map bounds (-19.05, 3.00, 0.00) to (-15.08, 6.97, 0.78). The costmap cannot raytrace for it.
[controller_server-4] [WARN] [1790891631.726433271] [local_costmap.local_costmap]: Sensor origin at (-17.05, 5.00 -0.72) is out of map bounds (-19.10, 3.00, 0.00) to (-15.13, 6.97, 0.78). The costmap cannot raytrace for it.
[path_follower-12] [WARN] [1790891631.782091952] [path_follower]: plano CRU descartado — segurança exige /plan_smoothed; aguardando o suavizador
[smoother_server-3] [INFO] [1790891631.785697807] [smoother_server]: Received a path to smooth.
[controller_server-4] [INFO] [1790891631.786661537] [controller_server]: Passing new path to controller.
[controller_server-4] [WARN] [1790891631.926432883] [local_costmap.local_costmap]: Sensor origin at (-17.10, 5.01 -0.73) is out of map bounds (-19.15, 3.00, 0.00) to (-15.18, 6.97, 0.78). The costmap cannot raytrace for it.
[controller_server-4] [INFO] [1790891631.986592883] [controller_server]: Passing new path to controller.
[controller_server-4] [WARN] [1790891632.126421752] [local_costmap.local_costmap]: Sensor origin at (-17.12, 5.02 -0.73) is out of map bounds (-19.15, 3.00, 0.00) to (-15.18, 6.97, 0.78). The costmap cannot raytrace for it.
[controller_server-4] [WARN] [1790891632.326601335] [local_costmap.local_costmap]: Sensor origin at (-17.16, 5.02 -0.74) is out of map bounds (-19.20, 3.00, 0.00) to (-15.23, 6.97, 0.78). The costmap cannot raytrace for it.
[controller_server-4] [WARN] [1790891632.526434096] [local_costmap.local_costmap]: Sensor origin at (-17.19, 5.02 -0.75) is out of map bounds (-19.20, 3.00, 0.00) to (-15.23, 6.97, 0.78). The costmap cannot raytrace for it.
[controller_server-4] [WARN] [1790891632.726440777] [local_costmap.local_costmap]: Sensor origin at (-17.22, 5.02 -0.75) is out of map bounds (-19.25, 3.00, 0.00) to (-15.28, 6.97, 0.78). The costmap cannot raytrace for it.
[controller_server-4] [WARN] [1790891632.926445090] [local_costmap.local_costmap]: Sensor origin at (-17.25, 5.02 -0.75) is out of map bounds (-19.30, 3.00, 0.00) to (-15.33, 6.97, 0.78). The costmap cannot raytrace for it.
[controller_server-4] [WARN] [1790891633.126435814] [local_costmap.local_costmap]: Sensor origin at (-17.30, 5.01 -0.74) is out of map bounds (-19.35, 3.00, 0.00) to (-15.38, 6.97, 0.78). The costmap cannot raytrace for it.
[controller_server-4] [WARN] [1790891633.326401356] [local_costmap.local_costmap]: Sensor origin at (-17.32, 5.01 -0.74) is out of map bounds (-19.40, 3.00, 0.00) to (-15.43, 6.97, 0.78). The costmap cannot raytrace for it.
[controller_server-4] [WARN] [1790891633.526423801] [local_costmap.local_costmap]: Sensor origin at (-17.38, 5.00 -0.76) is out of map bounds (-19.45, 3.00, 0.00) to (-15.48, 6.97, 0.78). The costmap cannot raytrace for it.
[path_follower-12] [WARN] [1790891633.645703214] [path_follower]: EMPERRADO com frente livre (0.85 m) — escape RETO para frente de até 0.20 m, remedindo a cada ciclo
[controller_server-4] [WARN] [1790891633.726441006] [local_costmap.local_costmap]: Sensor origin at (-17.43, 5.00 -0.76) is out of map bounds (-19.50, 3.00, 0.00) to (-15.53, 6.97, 0.78). The costmap cannot raytrace for it.
[controller_server-4] [WARN] [1790891633.926412056] [local_costmap.local_costmap]: Sensor origin at (-17.45, 4.99 -0.77) is out of map bounds (-19.55, 3.00, 0.00) to (-15.58, 6.97, 0.78). The costmap cannot raytrace for it.
[controller_server-4] [WARN] [1790891634.126453670] [local_costmap.local_costmap]: Sensor origin at (-17.54, 4.98 -0.78) is out of map bounds (-19.60, 3.00, 0.00) to (-15.63, 6.97, 0.78). The costmap cannot raytrace for it.
[controller_server-4] [WARN] [1790891634.326445393] [local_costmap.local_costmap]: Sensor origin at (-17.56, 4.98 -0.78) is out of map bounds (-19.65, 3.00, 0.00) to (-15.68, 6.97, 0.78). The costmap cannot raytrace for it.
[path_follower-12] [WARN] [1790891634.494277800] [path_follower]: fim do escape para frente: percorreu 0.21 m em 0.8 s
[controller_server-4] [WARN] [1790891634.526435851] [local_costmap.local_costmap]: Sensor origin at (-17.63, 4.97 -0.78) is out of map bounds (-19.70, 3.00, 0.00) to (-15.73, 6.97, 0.78). The costmap cannot raytrace for it.
[controller_server-4] [WARN] [1790891634.727311799] [local_costmap.local_costmap]: Sensor origin at (-17.65, 4.97 -0.79) is out of map bounds (-19.75, 3.00, 0.00) to (-15.78, 6.97, 0.78). The costmap cannot raytrace for it.
[controller_server-4] [WARN] [1790891634.926438768] [local_costmap.local_costmap]: Sensor origin at (-17.72, 4.97 -0.80) is out of map bounds (-19.80, 3.00, 0.00) to (-15.83, 6.97, 0.78). The costmap cannot raytrace for it.
[controller_server-4] [WARN] [1790891635.126431074] [local_costmap.local_costmap]: Sensor origin at (-17.75, 4.97 -0.81) is out of map bounds (-19.85, 3.00, 0.00) to (-15.88, 6.97, 0.78). The costmap cannot raytrace for it.
[controller_server-4] [WARN] [1790891635.326448200] [local_costmap.local_costmap]: Sensor origin at (-17.81, 4.96 -0.82) is out of map bounds (-19.85, 3.00, 0.00) to (-15.88, 6.97, 0.78). The costmap cannot raytrace for it.
[controller_server-4] [WARN] [1790891635.526432039] [local_costmap.local_costmap]: Sensor origin at (-17.83, 4.96 -0.82) is out of map bounds (-19.90, 3.00, 0.00) to (-15.93, 6.97, 0.78). The costmap cannot raytrace for it.
[controller_server-4] [WARN] [1790891635.726439182] [local_costmap.local_costmap]: Sensor origin at (-17.90, 4.95 -0.83) is out of map bounds (-19.95, 3.00, 0.00) to (-15.98, 6.97, 0.78). The costmap cannot raytrace for it.
[controller_server-4] [WARN] [1790891635.926437059] [local_costmap.local_costmap]: Sensor origin at (-17.93, 4.94 -0.84) is out of map bounds (-19.95, 3.00, 0.00) to (-15.98, 6.97, 0.78). The costmap cannot raytrace for it.
[controller_server-4] [WARN] [1790891636.126429832] [local_costmap.local_costmap]: Sensor origin at (-17.94, 4.94 -0.83) is out of map bounds (-20.00, 3.00, 0.00) to (-16.03, 6.97, 0.78). The costmap cannot raytrace for it.
[controller_server-4] [WARN] [1790891636.326440927] [local_costmap.local_costmap]: Sensor origin at (-17.99, 4.93 -0.83) is out of map bounds (-20.05, 3.00, 0.00) to (-16.08, 6.97, 0.78). The costmap cannot raytrace for it.
[collision_monitor-9] [INFO] [1790891636.469412003] [collision_monitor]: Robot to approach for 0.750000 seconds away from collision
[controller_server-4] [WARN] [1790891636.526433373] [local_costmap.local_costmap]: Sensor origin at (-18.01, 4.93 -0.83) is out of map bounds (-20.05, 3.00, 0.00) to (-16.08, 6.97, 0.78). The costmap cannot raytrace for it.
[controller_server-4] [WARN] [1790891636.726434118] [local_costmap.local_costmap]: Sensor origin at (-18.06, 4.93 -0.82) is out of map bounds (-20.10, 3.00, 0.00) to (-16.13, 6.97, 0.78). The costmap cannot raytrace for it.
[smoother_server-3] [INFO] [1790891636.865566911] [smoother_server]: Received a path to smooth.
[controller_server-4] [WARN] [1790891636.885469155] [controller_server]: [follow_path] [ActionServer] Aborting handle.
[controller_server-4] [WARN] [1790891636.926428673] [local_costmap.local_costmap]: Sensor origin at (-18.08, 4.93 -0.83) is out of map bounds (-20.15, 3.00, 0.00) to (-16.18, 6.97, 0.78). The costmap cannot raytrace for it.
[controller_server-4] [INFO] [1790891636.986626408] [controller_server]: Passing new path to controller.
[controller_server-4] [WARN] [1790891637.126467635] [local_costmap.local_costmap]: Sensor origin at (-18.15, 4.94 -0.81) is out of map bounds (-20.20, 3.00, 0.00) to (-16.23, 6.97, 0.78). The costmap cannot raytrace for it.
[controller_server-4] [WARN] [1790891637.326435695] [local_costmap.local_costmap]: Sensor origin at (-18.17, 4.94 -0.82) is out of map bounds (-20.25, 3.00, 0.00) to (-16.28, 6.97, 0.78). The costmap cannot raytrace for it.
[controller_server-4] [WARN] [1790891637.526438187] [local_costmap.local_costmap]: Sensor origin at (-18.22, 4.95 -0.83) is out of map bounds (-20.30, 3.00, 0.00) to (-16.33, 6.97, 0.78). The costmap cannot raytrace for it.
[controller_server-4] [WARN] [1790891637.726433436] [local_costmap.local_costmap]: Sensor origin at (-18.29, 4.97 -0.84) is out of map bounds (-20.35, 3.00, 0.00) to (-16.38, 6.97, 0.78). The costmap cannot raytrace for it.
[collision_monitor-9] [INFO] [1790891637.760536261] [collision_monitor]: Robot to continue normal operation
[controller_server-4] [WARN] [1790891637.926411491] [local_costmap.local_costmap]: Sensor origin at (-18.33, 4.98 -0.84) is out of map bounds (-20.40, 3.00, 0.00) to (-16.43, 6.97, 0.78). The costmap cannot raytrace for it.
[controller_server-4] [WARN] [1790891638.126510412] [local_costmap.local_costmap]: Sensor origin at (-18.35, 4.98 -0.84) is out of map bounds (-20.45, 3.00, 0.00) to (-16.48, 6.97, 0.78). The costmap cannot raytrace for it.
[controller_server-4] [WARN] [1790891638.326419821] [local_costmap.local_costmap]: Sensor origin at (-18.42, 5.00 -0.85) is out of map bounds (-20.45, 3.00, 0.00) to (-16.48, 6.97, 0.78). The costmap cannot raytrace for it.
[controller_server-4] [WARN] [1790891638.526418500] [local_costmap.local_costmap]: Sensor origin at (-18.45, 4.99 -0.85) is out of map bounds (-20.50, 3.00, 0.00) to (-16.53, 6.97, 0.78). The costmap cannot raytrace for it.
[path_follower-12] [WARN] [1790891638.595461479] [path_follower]: EMPERRADO com frente livre (2.49 m) — escape RETO para frente de até 0.20 m, remedindo a cada ciclo
[controller_server-4] [WARN] [1790891638.726467048] [local_costmap.local_costmap]: Sensor origin at (-18.51, 5.00 -0.84) is out of map bounds (-20.55, 3.00, 0.00) to (-16.58, 6.97, 0.78). The costmap cannot raytrace for it.
[collision_monitor-9] [INFO] [1790891638.763536526] [collision_monitor]: Robot to stop due to PolygonStop polygon
[collision_monitor-9] [INFO] [1790891638.865372328] [collision_monitor]: Robot to approach for 0.750000 seconds away from collision
[controller_server-4] [WARN] [1790891638.926443650] [local_costmap.local_costmap]: Sensor origin at (-18.53, 5.00 -0.85) is out of map bounds (-20.60, 3.00, 0.00) to (-16.63, 6.97, 0.78). The costmap cannot raytrace for it.
[collision_monitor-9] [INFO] [1790891638.967974983] [collision_monitor]: Robot to continue normal operation
[controller_server-4] [WARN] [1790891639.126491947] [local_costmap.local_costmap]: Sensor origin at (-18.58, 5.01 -0.84) is out of map bounds (-20.60, 3.00, 0.00) to (-16.63, 6.97, 0.78). The costmap cannot raytrace for it.
[controller_server-4] [WARN] [1790891639.326432803] [local_costmap.local_costmap]: Sensor origin at (-18.61, 5.01 -0.84) is out of map bounds (-20.65, 3.00, 0.00) to (-16.68, 6.97, 0.78). The costmap cannot raytrace for it.
[controller_server-4] [WARN] [1790891639.526443419] [local_costmap.local_costmap]: Sensor origin at (-18.64, 5.02 -0.84) is out of map bounds (-20.65, 3.00, 0.00) to (-16.68, 6.97, 0.78). The costmap cannot raytrace for it.
[controller_server-4] [WARN] [1790891639.726417003] [local_costmap.local_costmap]: Sensor origin at (-18.67, 5.01 -0.84) is out of map bounds (-20.70, 3.00, 0.00) to (-16.73, 6.97, 0.78). The costmap cannot raytrace for it.
[path_follower-12] [WARN] [1790891639.894806553] [path_follower]: fim do escape para frente: percorreu 0.22 m em 1.3 s
[controller_server-4] [WARN] [1790891639.926425735] [local_costmap.local_costmap]: Sensor origin at (-18.70, 5.00 -0.84) is out of map bounds (-20.75, 3.00, 0.00) to (-16.78, 6.97, 0.78). The costmap cannot raytrace for it.
[controller_server-4] [WARN] [1790891640.126430628] [local_costmap.local_costmap]: Sensor origin at (-18.72, 5.00 -0.85) is out of map bounds (-20.80, 3.00, 0.00) to (-16.83, 6.97, 0.78). The costmap cannot raytrace for it.
[controller_server-4] [WARN] [1790891640.326452934] [local_costmap.local_costmap]: Sensor origin at (-18.76, 5.00 -0.85) is out of map bounds (-20.85, 3.00, 0.00) to (-16.88, 6.97, 0.78). The costmap cannot raytrace for it.
[controller_server-4] [WARN] [1790891640.526439188] [local_costmap.local_costmap]: Sensor origin at (-18.80, 5.00 -0.85) is out of map bounds (-20.90, 3.00, 0.00) to (-16.93, 6.97, 0.78). The costmap cannot raytrace for it.
[controller_server-4] [WARN] [1790891640.726461640] [local_costmap.local_costmap]: Sensor origin at (-18.85, 4.99 -0.85) is out of map bounds (-20.90, 3.00, 0.00) to (-16.93, 6.97, 0.78). The costmap cannot raytrace for it.
[controller_server-4] [WARN] [1790891640.926426449] [local_costmap.local_costmap]: Sensor origin at (-18.91, 4.98 -0.86) is out of map bounds (-20.95, 3.00, 0.00) to (-16.98, 6.97, 0.78). The costmap cannot raytrace for it.
[controller_server-4] [WARN] [1790891641.126450611] [local_costmap.local_costmap]: Sensor origin at (-18.94, 4.97 -0.87) is out of map bounds (-21.00, 3.00, 0.00) to (-17.03, 6.97, 0.78). The costmap cannot raytrace for it.
[controller_server-4] [WARN] [1790891641.326435059] [local_costmap.local_costmap]: Sensor origin at (-18.99, 4.96 -0.86) is out of map bounds (-21.05, 3.00, 0.00) to (-17.08, 6.97, 0.78). The costmap cannot raytrace for it.
[controller_server-4] [WARN] [1790891641.526436708] [local_costmap.local_costmap]: Sensor origin at (-19.01, 4.96 -0.86) is out of map bounds (-21.10, 3.00, 0.00) to (-17.13, 6.97, 0.78). The costmap cannot raytrace for it.
[path_follower-12] [INFO] [1790891641.527499829] [path_follower]: 2428 amostras -> /home/bara/logs_robo2/seguidor_2026-10-01_185111.csv
[controller_server-4] [WARN] [1790891641.726434327] [local_costmap.local_costmap]: Sensor origin at (-19.05, 4.95 -0.85) is out of map bounds (-21.10, 3.00, 0.00) to (-17.13, 6.97, 0.78). The costmap cannot raytrace for it.
[controller_server-4] [WARN] [1790891641.926443217] [local_costmap.local_costmap]: Sensor origin at (-19.08, 4.95 -0.85) is out of map bounds (-21.15, 2.95, 0.00) to (-17.18, 6.92, 0.78). The costmap cannot raytrace for it.
[path_follower-12] [WARN] [1790891641.934816054] [path_follower]: plano CRU descartado — segurança exige /plan_smoothed; aguardando o suavizador
[smoother_server-3] [INFO] [1790891641.945592326] [smoother_server]: Received a path to smooth.
[controller_server-4] [WARN] [1790891641.965707354] [controller_server]: [follow_path] [ActionServer] Aborting handle.
[controller_server-4] [INFO] [1790891641.986626622] [controller_server]: Passing new path to controller.
[controller_server-4] [WARN] [1790891642.126427978] [local_costmap.local_costmap]: Sensor origin at (-19.13, 4.94 -0.86) is out of map bounds (-21.15, 2.95, 0.00) to (-17.18, 6.92, 0.78). The costmap cannot raytrace for it.
[controller_server-4] [WARN] [1790891642.326430266] [local_costmap.local_costmap]: Sensor origin at (-19.18, 4.93 -0.87) is out of map bounds (-21.20, 2.95, 0.00) to (-17.23, 6.92, 0.78). The costmap cannot raytrace for it.
[controller_server-4] [WARN] [1790891642.526497010] [local_costmap.local_costmap]: Sensor origin at (-19.19, 4.93 -0.87) is out of map bounds (-21.25, 2.95, 0.00) to (-17.28, 6.92, 0.78). The costmap cannot raytrace for it.
[controller_server-4] [WARN] [1790891642.726424250] [local_costmap.local_costmap]: Sensor origin at (-19.24, 4.91 -0.88) is out of map bounds (-21.25, 2.90, 0.00) to (-17.28, 6.87, 0.78). The costmap cannot raytrace for it.
[controller_server-4] [WARN] [1790891642.926501672] [local_costmap.local_costmap]: Sensor origin at (-19.27, 4.90 -0.88) is out of map bounds (-21.30, 2.90, 0.00) to (-17.33, 6.87, 0.78). The costmap cannot raytrace for it.
[controller_server-4] [WARN] [1790891643.126444874] [local_costmap.local_costmap]: Sensor origin at (-19.29, 4.90 -0.88) is out of map bounds (-21.35, 2.90, 0.00) to (-17.38, 6.87, 0.78). The costmap cannot raytrace for it.
[controller_server-4] [WARN] [1790891643.326432556] [local_costmap.local_costmap]: Sensor origin at (-19.34, 4.87 -0.88) is out of map bounds (-21.35, 2.85, 0.00) to (-17.38, 6.82, 0.78). The costmap cannot raytrace for it.
[controller_server-4] [WARN] [1790891643.526420014] [local_costmap.local_costmap]: Sensor origin at (-19.37, 4.86 -0.89) is out of map bounds (-21.40, 2.85, 0.00) to (-17.43, 6.82, 0.78). The costmap cannot raytrace for it.
[controller_server-4] [WARN] [1790891643.726433571] [local_costmap.local_costmap]: Sensor origin at (-19.41, 4.83 -0.91) is out of map bounds (-21.40, 2.85, 0.00) to (-17.43, 6.82, 0.78). The costmap cannot raytrace for it.
[controller_server-4] [WARN] [1790891643.926639623] [local_costmap.local_costmap]: Sensor origin at (-19.43, 4.82 -0.90) is out of map bounds (-21.45, 2.80, 0.00) to (-17.48, 6.77, 0.78). The costmap cannot raytrace for it.
[path_follower-12] [WARN] [1790891643.995597350] [path_follower]: EMPERRADO com frente livre (1.80 m) — escape RETO para frente de até 0.20 m, remedindo a cada ciclo
[controller_server-4] [WARN] [1790891644.126449114] [local_costmap.local_costmap]: Sensor origin at (-19.47, 4.80 -0.91) is out of map bounds (-21.50, 2.80, 0.00) to (-17.53, 6.77, 0.78). The costmap cannot raytrace for it.
[controller_server-4] [WARN] [1790891644.326437679] [local_costmap.local_costmap]: Sensor origin at (-19.48, 4.80 -0.91) is out of map bounds (-21.50, 2.75, 0.00) to (-17.53, 6.72, 0.78). The costmap cannot raytrace for it.
[controller_server-4] [WARN] [1790891644.526427987] [local_costmap.local_costmap]: Sensor origin at (-19.52, 4.77 -0.90) is out of map bounds (-21.55, 2.75, 0.00) to (-17.58, 6.72, 0.78). The costmap cannot raytrace for it.
[controller_server-4] [WARN] [1790891644.726426144] [local_costmap.local_costmap]: Sensor origin at (-19.53, 4.76 -0.90) is out of map bounds (-21.60, 2.70, 0.00) to (-17.63, 6.67, 0.78). The costmap cannot raytrace for it.
[path_follower-12] [WARN] [1790891644.894171987] [path_follower]: fim do escape para frente: percorreu 0.21 m em 0.9 s
[controller_server-4] [WARN] [1790891644.926432624] [local_costmap.local_costmap]: Sensor origin at (-19.56, 4.74 -0.90) is out of map bounds (-21.60, 2.65, 0.00) to (-17.63, 6.62, 0.78). The costmap cannot raytrace for it.
[controller_server-4] [WARN] [1790891645.126459241] [local_costmap.local_costmap]: Sensor origin at (-19.62, 4.69 -0.89) is out of map bounds (-21.65, 2.65, 0.00) to (-17.68, 6.62, 0.78). The costmap cannot raytrace for it.
[controller_server-4] [WARN] [1790891645.326416139] [local_costmap.local_costmap]: Sensor origin at (-19.64, 4.67 -0.91) is out of map bounds (-21.70, 2.60, 0.00) to (-17.73, 6.57, 0.78). The costmap cannot raytrace for it.
[controller_server-4] [WARN] [1790891645.526532578] [local_costmap.local_costmap]: Sensor origin at (-19.69, 4.62 -0.92) is out of map bounds (-21.75, 2.55, 0.00) to (-17.78, 6.52, 0.78). The costmap cannot raytrace for it.
[controller_server-4] [WARN] [1790891645.726427669] [local_costmap.local_costmap]: Sensor origin at (-19.70, 4.60 -0.93) is out of map bounds (-21.75, 2.55, 0.00) to (-17.78, 6.52, 0.78). The costmap cannot raytrace for it.
[controller_server-4] [WARN] [1790891645.926432281] [local_costmap.local_costmap]: Sensor origin at (-19.76, 4.55 -0.92) is out of map bounds (-21.80, 2.50, 0.00) to (-17.83, 6.47, 0.78). The costmap cannot raytrace for it.
[controller_server-4] [WARN] [1790891646.126437048] [local_costmap.local_costmap]: Sensor origin at (-19.78, 4.53 -0.93) is out of map bounds (-21.85, 2.50, 0.00) to (-17.88, 6.47, 0.78). The costmap cannot raytrace for it.
[controller_server-4] [WARN] [1790891646.326422022] [local_costmap.local_costmap]: Sensor origin at (-19.82, 4.51 -0.95) is out of map bounds (-21.85, 2.50, 0.00) to (-17.88, 6.47, 0.78). The costmap cannot raytrace for it.
[controller_server-4] [WARN] [1790891646.526462502] [local_costmap.local_costmap]: Sensor origin at (-19.87, 4.47 -0.95) is out of map bounds (-21.90, 2.45, 0.00) to (-17.93, 6.42, 0.78). The costmap cannot raytrace for it.
[controller_server-4] [WARN] [1790891646.726438162] [local_costmap.local_costmap]: Sensor origin at (-19.88, 4.46 -0.96) is out of map bounds (-21.90, 2.45, 0.00) to (-17.93, 6.42, 0.78). The costmap cannot raytrace for it.
[controller_server-4] [WARN] [1790891646.926454301] [local_costmap.local_costmap]: Sensor origin at (-19.93, 4.43 -0.95) is out of map bounds (-21.95, 2.40, 0.00) to (-17.98, 6.37, 0.78). The costmap cannot raytrace for it.
[smoother_server-3] [INFO] [1790891647.015452814] [smoother_server]: Received a path to smooth.
[controller_server-4] [WARN] [1790891647.035451180] [controller_server]: [follow_path] [ActionServer] Aborting handle.
[controller_server-4] [WARN] [1790891647.126418409] [local_costmap.local_costmap]: Sensor origin at (-19.96, 4.41 -0.95) is out of map bounds (-22.00, 2.40, 0.00) to (-18.03, 6.37, 0.78). The costmap cannot raytrace for it.
[controller_server-4] [INFO] [1790891647.186624465] [controller_server]: Passing new path to controller.
[controller_server-4] [WARN] [1790891647.326707212] [local_costmap.local_costmap]: Sensor origin at (-19.97, 4.40 -0.95) is out of map bounds (-22.05, 2.40, 0.00) to (-18.08, 6.37, 0.78). The costmap cannot raytrace for it.
[controller_server-4] [WARN] [1790891647.526450090] [local_costmap.local_costmap]: Sensor origin at (-20.03, 4.37 -0.95) is out of map bounds (-22.05, 2.40, 0.00) to (-18.08, 6.37, 0.78). The costmap cannot raytrace for it.
[controller_server-4] [WARN] [1790891647.726442978] [local_costmap.local_costmap]: Sensor origin at (-20.05, 4.36 -0.96) is out of map bounds (-22.10, 2.35, 0.00) to (-18.13, 6.32, 0.78). The costmap cannot raytrace for it.
[controller_server-4] [WARN] [1790891647.926455308] [local_costmap.local_costmap]: Sensor origin at (-20.09, 4.34 -0.96) is out of map bounds (-22.15, 2.35, 0.00) to (-18.18, 6.32, 0.78). The costmap cannot raytrace for it.
[controller_server-4] [WARN] [1790891648.126438786] [local_costmap.local_costmap]: Sensor origin at (-20.12, 4.33 -0.96) is out of map bounds (-22.20, 2.35, 0.00) to (-18.23, 6.32, 0.78). The costmap cannot raytrace for it.
[controller_server-4] [WARN] [1790891648.326444266] [local_costmap.local_costmap]: Sensor origin at (-20.16, 4.33 -0.95) is out of map bounds (-22.25, 2.35, 0.00) to (-18.28, 6.32, 0.78). The costmap cannot raytrace for it.
[controller_server-4] [WARN] [1790891648.526448318] [local_costmap.local_costmap]: Sensor origin at (-20.22, 4.30 -0.96) is out of map bounds (-22.30, 2.35, 0.00) to (-18.33, 6.32, 0.78). The costmap cannot raytrace for it.
[controller_server-4] [WARN] [1790891648.726439854] [local_costmap.local_costmap]: Sensor origin at (-20.24, 4.31 -0.96) is out of map bounds (-22.35, 2.35, 0.00) to (-18.38, 6.32, 0.78). The costmap cannot raytrace for it.
[controller_server-4] [WARN] [1790891648.926429429] [local_costmap.local_costmap]: Sensor origin at (-20.29, 4.30 -0.97) is out of map bounds (-22.40, 2.35, 0.00) to (-18.43, 6.32, 0.78). The costmap cannot raytrace for it.
[path_follower-12] [WARN] [1790891648.945221768] [path_follower]: EMPERRADO com frente livre (1.97 m) — escape RETO para frente de até 0.20 m, remedindo a cada ciclo
[controller_server-4] [WARN] [1790891649.126441081] [local_costmap.local_costmap]: Sensor origin at (-20.36, 4.30 -0.98) is out of map bounds (-22.45, 2.30, 0.00) to (-18.48, 6.27, 0.78). The costmap cannot raytrace for it.
[controller_server-4] [WARN] [1790891649.326497516] [local_costmap.local_costmap]: Sensor origin at (-20.41, 4.29 -0.99) is out of map bounds (-22.45, 2.30, 0.00) to (-18.48, 6.27, 0.78). The costmap cannot raytrace for it.
[controller_server-4] [WARN] [1790891649.526429614] [local_costmap.local_costmap]: Sensor origin at (-20.43, 4.28 -0.99) is out of map bounds (-22.50, 2.30, 0.00) to (-18.53, 6.27, 0.78). The costmap cannot raytrace for it.
[controller_server-4] [WARN] [1790891649.726428392] [local_costmap.local_costmap]: Sensor origin at (-20.50, 4.27 -1.00) is out of map bounds (-22.50, 2.30, 0.00) to (-18.53, 6.27, 0.78). The costmap cannot raytrace for it.
[controller_server-4] [WARN] [1790891649.926531879] [local_costmap.local_costmap]: Sensor origin at (-20.53, 4.26 -1.01) is out of map bounds (-22.55, 2.30, 0.00) to (-18.58, 6.27, 0.78). The costmap cannot raytrace for it.
[controller_server-4] [WARN] [1790891650.126479217] [local_costmap.local_costmap]: Sensor origin at (-20.55, 4.26 -1.01) is out of map bounds (-22.60, 2.30, 0.00) to (-18.63, 6.27, 0.78). The costmap cannot raytrace for it.
[path_follower-12] [WARN] [1790891650.193594515] [path_follower]: fim do escape para frente: percorreu 0.21 m em 1.2 s
[controller_server-4] [WARN] [1790891650.326668047] [local_costmap.local_costmap]: Sensor origin at (-20.58, 4.25 -1.00) is out of map bounds (-22.60, 2.30, 0.00) to (-18.63, 6.27, 0.78). The costmap cannot raytrace for it.
[controller_server-4] [WARN] [1790891650.526424899] [local_costmap.local_costmap]: Sensor origin at (-20.60, 4.25 -1.01) is out of map bounds (-22.65, 2.25, 0.00) to (-18.68, 6.22, 0.78). The costmap cannot raytrace for it.
[controller_server-4] [WARN] [1790891650.726449281] [local_costmap.local_costmap]: Sensor origin at (-20.63, 4.24 -1.00) is out of map bounds (-22.70, 2.25, 0.00) to (-18.73, 6.22, 0.78). The costmap cannot raytrace for it.
[heading_controller-8] [INFO] [1790891650.867124097] [heading_controller]: PIVÔ: +82° de erro — parando para virar no eixo (arcar daria raio de ~0,8 m)
[controller_server-4] [WARN] [1790891650.926462052] [local_costmap.local_costmap]: Sensor origin at (-20.69, 4.23 -1.00) is out of map bounds (-22.75, 2.25, 0.00) to (-18.78, 6.22, 0.78). The costmap cannot raytrace for it.
[controller_server-4] [WARN] [1790891651.126431278] [local_costmap.local_costmap]: Sensor origin at (-20.71, 4.22 -1.00) is out of map bounds (-22.80, 2.25, 0.00) to (-18.83, 6.22, 0.78). The costmap cannot raytrace for it.
[controller_server-4] [WARN] [1790891651.326434476] [local_costmap.local_costmap]: Sensor origin at (-20.78, 4.20 -1.00) is out of map bounds (-22.80, 2.20, 0.00) to (-18.83, 6.17, 0.78). The costmap cannot raytrace for it.
[controller_server-4] [WARN] [1790891651.526440334] [local_costmap.local_costmap]: Sensor origin at (-20.80, 4.19 -1.01) is out of map bounds (-22.85, 2.20, 0.00) to (-18.88, 6.17, 0.78). The costmap cannot raytrace for it.
[controller_server-4] [WARN] [1790891651.726453361] [local_costmap.local_costmap]: Sensor origin at (-20.87, 4.17 -1.02) is out of map bounds (-22.85, 2.20, 0.00) to (-18.88, 6.17, 0.78). The costmap cannot raytrace for it.
[controller_server-4] [WARN] [1790891651.926475343] [local_costmap.local_costmap]: Sensor origin at (-20.88, 4.16 -1.02) is out of map bounds (-22.85, 2.20, 0.00) to (-18.88, 6.17, 0.78). The costmap cannot raytrace for it.
[path_follower-12] [WARN] [1790891652.076661998] [path_follower]: plano CRU descartado — segurança exige /plan_smoothed; aguardando o suavizador
[smoother_server-3] [INFO] [1790891652.076887058] [smoother_server]: Received a path to smooth.
[controller_server-4] [WARN] [1790891652.095391691] [controller_server]: [follow_path] [ActionServer] Aborting handle.
[controller_server-4] [WARN] [1790891652.126446040] [local_costmap.local_costmap]: Sensor origin at (-20.91, 4.15 -1.03) is out of map bounds (-22.85, 2.20, 0.00) to (-18.88, 6.17, 0.78). The costmap cannot raytrace for it.
[collision_monitor-9] [INFO] [1790891652.168841186] [collision_monitor]: Robot to stop due to PolygonStop polygon
[controller_server-4] [INFO] [1790891652.186619312] [controller_server]: Passing new path to controller.
[controller_server-4] [WARN] [1790891652.326443167] [local_costmap.local_costmap]: Sensor origin at (-20.91, 4.15 -1.03) is out of map bounds (-22.85, 2.20, 0.00) to (-18.88, 6.17, 0.78). The costmap cannot raytrace for it.
[collision_monitor-9] [INFO] [1790891652.363548534] [collision_monitor]: Robot to continue normal operation
[collision_monitor-9] [INFO] [1790891652.466054788] [collision_monitor]: Robot to stop due to PolygonStop polygon
[controller_server-4] [WARN] [1790891652.526440909] [local_costmap.local_costmap]: Sensor origin at (-20.90, 4.15 -1.03) is out of map bounds (-22.85, 2.20, 0.00) to (-18.88, 6.17, 0.78). The costmap cannot raytrace for it.
[controller_server-4] [WARN] [1790891652.726446900] [local_costmap.local_costmap]: Sensor origin at (-20.89, 4.16 -1.03) is out of map bounds (-22.85, 2.20, 0.00) to (-18.88, 6.17, 0.78). The costmap cannot raytrace for it.
[collision_monitor-9] [INFO] [1790891652.764928020] [collision_monitor]: Robot to continue normal operation
[controller_server-4] [WARN] [1790891652.926445011] [local_costmap.local_costmap]: Sensor origin at (-20.89, 4.16 -1.02) is out of map bounds (-22.85, 2.20, 0.00) to (-18.88, 6.17, 0.78). The costmap cannot raytrace for it.
[controller_server-4] [WARN] [1790891653.126431046] [local_costmap.local_costmap]: Sensor origin at (-20.89, 4.17 -1.02) is out of map bounds (-22.85, 2.20, 0.00) to (-18.88, 6.17, 0.78). The costmap cannot raytrace for it.
[heading_controller-8] [ERROR] [1790891653.217452869] [heading_controller]: PIVÔ DESISTIU — 1 pulsos e ainda faltam 11° — o resíduo é menor que o pivô mínimo desta máquina?
[controller_server-4] [WARN] [1790891653.326421892] [local_costmap.local_costmap]: Sensor origin at (-20.89, 4.19 -1.01) is out of map bounds (-22.85, 2.20, 0.00) to (-18.88, 6.17, 0.78). The costmap cannot raytrace for it.
[collision_monitor-9] [INFO] [1790891653.461447004] [collision_monitor]: Robot to approach for 0.750000 seconds away from collision
[controller_server-4] [WARN] [1790891653.526432349] [local_costmap.local_costmap]: Sensor origin at (-20.89, 4.20 -1.01) is out of map bounds (-22.85, 2.20, 0.00) to (-18.88, 6.17, 0.78). The costmap cannot raytrace for it.
[controller_server-4] [WARN] [1790891653.726426487] [local_costmap.local_costmap]: Sensor origin at (-20.89, 4.21 -1.01) is out of map bounds (-22.85, 2.20, 0.00) to (-18.88, 6.17, 0.78). The costmap cannot raytrace for it.
[collision_monitor-9] [INFO] [1790891653.869670506] [collision_monitor]: Robot to continue normal operation
[controller_server-4] [WARN] [1790891653.926425561] [local_costmap.local_costmap]: Sensor origin at (-20.90, 4.20 -1.02) is out of map bounds (-22.85, 2.20, 0.00) to (-18.88, 6.17, 0.78). The costmap cannot raytrace for it.
[controller_server-4] [WARN] [1790891654.126458251] [local_costmap.local_costmap]: Sensor origin at (-20.90, 4.20 -1.02) is out of map bounds (-22.85, 2.20, 0.00) to (-18.88, 6.17, 0.78). The costmap cannot raytrace for it.
[path_follower-12] [WARN] [1790891654.244424916] [path_follower]: EMPERRADO com frente livre (0.57 m) — escape RETO para frente de até 0.20 m, remedindo a cada ciclo
[controller_server-4] [WARN] [1790891654.326460368] [local_costmap.local_costmap]: Sensor origin at (-20.91, 4.20 -1.02) is out of map bounds (-22.85, 2.15, 0.00) to (-18.88, 6.12, 0.78). The costmap cannot raytrace for it.
[controller_server-4] [WARN] [1790891654.526448508] [local_costmap.local_costmap]: Sensor origin at (-20.90, 4.19 -1.02) is out of map bounds (-22.85, 2.10, 0.00) to (-18.88, 6.07, 0.78). The costmap cannot raytrace for it.
[controller_server-4] [WARN] [1790891654.726458737] [local_costmap.local_costmap]: Sensor origin at (-20.88, 4.16 -1.00) is out of map bounds (-22.85, 2.10, 0.00) to (-18.88, 6.07, 0.78). The costmap cannot raytrace for it.
[controller_server-4] [WARN] [1790891654.926441893] [local_costmap.local_costmap]: Sensor origin at (-20.87, 4.14 -1.01) is out of map bounds (-22.80, 2.05, 0.00) to (-18.83, 6.02, 0.78). The costmap cannot raytrace for it.
[collision_monitor-9] [INFO] [1790891655.060093321] [collision_monitor]: Robot to approach for 0.750000 seconds away from collision
[path_follower-12] [WARN] [1790891655.094503920] [path_follower]: fim do escape para frente: percorreu 0.21 m em 0.9 s
[controller_server-4] [WARN] [1790891655.126440946] [local_costmap.local_costmap]: Sensor origin at (-20.85, 4.08 -1.02) is out of map bounds (-22.80, 2.00, 0.00) to (-18.83, 5.97, 0.78). The costmap cannot raytrace for it.
[collision_monitor-9] [INFO] [1790891655.172777602] [collision_monitor]: Robot to continue normal operation
[controller_server-4] [WARN] [1790891655.326395402] [local_costmap.local_costmap]: Sensor origin at (-20.84, 4.06 -1.02) is out of map bounds (-22.75, 1.95, 0.00) to (-18.78, 5.92, 0.78). The costmap cannot raytrace for it.
[collision_monitor-9] [INFO] [1790891655.368507456] [collision_monitor]: Robot to approach for 0.750000 seconds away from collision
[controller_server-4] [WARN] [1790891655.526427198] [local_costmap.local_costmap]: Sensor origin at (-20.83, 4.02 -1.02) is out of map bounds (-22.75, 1.90, 0.00) to (-18.78, 5.87, 0.78). The costmap cannot raytrace for it.
[collision_monitor-9] [INFO] [1790891655.562975022] [collision_monitor]: Robot to continue normal operation
[controller_server-4] [WARN] [1790891655.726434775] [local_costmap.local_costmap]: Sensor origin at (-20.81, 3.97 -1.03) is out of map bounds (-22.70, 1.85, 0.00) to (-18.73, 5.82, 0.78). The costmap cannot raytrace for it.
[controller_server-4] [WARN] [1790891655.926445530] [local_costmap.local_costmap]: Sensor origin at (-20.78, 3.92 -1.04) is out of map bounds (-22.70, 1.80, 0.00) to (-18.73, 5.77, 0.78). The costmap cannot raytrace for it.
[collision_monitor-9] [INFO] [1790891655.962885445] [collision_monitor]: Robot to stop due to PolygonStop polygon
[collision_monitor-9] [INFO] [1790891656.065464891] [collision_monitor]: Robot to continue normal operation
[controller_server-4] [WARN] [1790891656.126407882] [local_costmap.local_costmap]: Sensor origin at (-20.74, 3.84 -1.03) is out of map bounds (-22.70, 1.80, 0.00) to (-18.73, 5.77, 0.78). The costmap cannot raytrace for it.
[collision_monitor-9] [INFO] [1790891656.170161600] [collision_monitor]: Robot to stop due to PolygonStop polygon
[controller_server-4] [WARN] [1790891656.326419673] [local_costmap.local_costmap]: Sensor origin at (-20.73, 3.82 -1.01) is out of map bounds (-22.70, 1.75, 0.00) to (-18.73, 5.72, 0.78). The costmap cannot raytrace for it.
[controller_server-4] [WARN] [1790891656.526437530] [local_costmap.local_costmap]: Sensor origin at (-20.70, 3.78 -1.00) is out of map bounds (-22.65, 1.75, 0.00) to (-18.68, 5.72, 0.78). The costmap cannot raytrace for it.
[controller_server-4] [WARN] [1790891656.726451048] [local_costmap.local_costmap]: Sensor origin at (-20.69, 3.75 -0.97) is out of map bounds (-22.65, 1.75, 0.00) to (-18.68, 5.72, 0.78). The costmap cannot raytrace for it.
[collision_monitor-9] [INFO] [1790891656.866131078] [collision_monitor]: Robot to approach for 0.750000 seconds away from collision
[controller_server-4] [WARN] [1790891656.926425891] [local_costmap.local_costmap]: Sensor origin at (-20.68, 3.72 -0.98) is out of map bounds (-22.65, 1.75, 0.00) to (-18.68, 5.72, 0.78). The costmap cannot raytrace for it.
[controller_server-4] [WARN] [1790891657.126422664] [local_costmap.local_costmap]: Sensor origin at (-20.66, 3.68 -0.98) is out of map bounds (-22.65, 1.75, 0.00) to (-18.68, 5.72, 0.78). The costmap cannot raytrace for it.
[smoother_server-3] [INFO] [1790891657.135529510] [smoother_server]: Received a path to smooth.
[controller_server-4] [INFO] [1790891657.186623711] [controller_server]: Passing new path to controller.
[collision_monitor-9] [INFO] [1790891657.264693827] [collision_monitor]: Robot to stop due to PolygonStop polygon
[controller_server-4] [WARN] [1790891657.326465599] [local_costmap.local_costmap]: Sensor origin at (-20.66, 3.68 -0.97) is out of map bounds (-22.65, 1.70, 0.00) to (-18.68, 5.67, 0.78). The costmap cannot raytrace for it.
[collision_monitor-9] [INFO] [1790891657.358382037] [collision_monitor]: Robot to approach for 0.750000 seconds away from collision
[controller_server-4] [WARN] [1790891657.526430785] [local_costmap.local_costmap]: Sensor origin at (-20.66, 3.68 -0.99) is out of map bounds (-22.65, 1.70, 0.00) to (-18.68, 5.67, 0.78). The costmap cannot raytrace for it.
[collision_monitor-9] [INFO] [1790891657.563136531] [collision_monitor]: Robot to continue normal operation
[controller_server-4] [WARN] [1790891657.726449308] [local_costmap.local_costmap]: Sensor origin at (-20.68, 3.68 -0.98) is out of map bounds (-22.65, 1.65, 0.00) to (-18.68, 5.62, 0.78). The costmap cannot raytrace for it.
[controller_server-4] [WARN] [1790891657.926437775] [local_costmap.local_costmap]: Sensor origin at (-20.67, 3.68 -0.97) is out of map bounds (-22.65, 1.65, 0.00) to (-18.68, 5.62, 0.78). The costmap cannot raytrace for it.
[controller_server-4] [WARN] [1790891658.126451428] [local_costmap.local_costmap]: Sensor origin at (-20.66, 3.66 -0.98) is out of map bounds (-22.65, 1.65, 0.00) to (-18.68, 5.62, 0.78). The costmap cannot raytrace for it.
[controller_server-4] [WARN] [1790891658.326414054] [local_costmap.local_costmap]: Sensor origin at (-20.64, 3.62 -0.98) is out of map bounds (-22.65, 1.65, 0.00) to (-18.68, 5.62, 0.78). The costmap cannot raytrace for it.
[collision_monitor-9] [INFO] [1790891658.362217732] [collision_monitor]: Robot to stop due to PolygonStop polygon
[controller_server-4] [WARN] [1790891658.526422666] [local_costmap.local_costmap]: Sensor origin at (-20.63, 3.61 -1.00) is out of map bounds (-22.65, 1.60, 0.00) to (-18.68, 5.57, 0.78). The costmap cannot raytrace for it.
[collision_monitor-9] [INFO] [1790891658.568043871] [collision_monitor]: Robot to continue normal operation
[controller_server-4] [WARN] [1790891658.726431994] [local_costmap.local_costmap]: Sensor origin at (-20.65, 3.60 -1.00) is out of map bounds (-22.65, 1.55, 0.00) to (-18.68, 5.52, 0.78). The costmap cannot raytrace for it.
[controller_server-4] [WARN] [1790891658.926476092] [local_costmap.local_costmap]: Sensor origin at (-20.65, 3.60 -1.01) is out of map bounds (-22.65, 1.50, 0.00) to (-18.68, 5.47, 0.78). The costmap cannot raytrace for it.
[controller_server-4] [WARN] [1790891659.126415134] [local_costmap.local_costmap]: Sensor origin at (-20.66, 3.54 -1.01) is out of map bounds (-22.65, 1.45, 0.00) to (-18.68, 5.42, 0.78). The costmap cannot raytrace for it.
[controller_server-4] [WARN] [1790891659.326419957] [local_costmap.local_costmap]: Sensor origin at (-20.66, 3.49 -1.00) is out of map bounds (-22.65, 1.40, 0.00) to (-18.68, 5.37, 0.78). The costmap cannot raytrace for it.
[controller_server-4] [WARN] [1790891659.526413470] [local_costmap.local_costmap]: Sensor origin at (-20.67, 3.44 -0.99) is out of map bounds (-22.65, 1.35, 0.00) to (-18.68, 5.32, 0.78). The costmap cannot raytrace for it.
[collision_monitor-9] [INFO] [1790891659.662462671] [collision_monitor]: Robot to stop due to PolygonStop polygon
[controller_server-4] [WARN] [1790891659.726422961] [local_costmap.local_costmap]: Sensor origin at (-20.68, 3.39 -1.00) is out of map bounds (-22.65, 1.30, 0.00) to (-18.68, 5.27, 0.78). The costmap cannot raytrace for it.
[collision_monitor-9] [INFO] [1790891659.764780380] [collision_monitor]: Robot to continue normal operation
[collision_monitor-9] [INFO] [1790891659.856369831] [collision_monitor]: Robot to stop due to PolygonStop polygon
[controller_server-4] [WARN] [1790891659.926451584] [local_costmap.local_costmap]: Sensor origin at (-20.69, 3.34 -0.99) is out of map bounds (-22.65, 1.30, 0.00) to (-18.68, 5.27, 0.78). The costmap cannot raytrace for it.
[collision_monitor-9] [INFO] [1790891659.958443560] [collision_monitor]: Robot to continue normal operation
[collision_monitor-9] [INFO] [1790891660.060684935] [collision_monitor]: Robot to stop due to PolygonStop polygon
[controller_server-4] [WARN] [1790891660.126450699] [local_costmap.local_costmap]: Sensor origin at (-20.69, 3.31 -1.00) is out of map bounds (-22.65, 1.25, 0.00) to (-18.68, 5.22, 0.78). The costmap cannot raytrace for it.
[collision_monitor-9] [INFO] [1790891660.172778328] [collision_monitor]: Robot to continue normal operation
[collision_monitor-9] [INFO] [1790891660.264173287] [collision_monitor]: Robot to stop due to PolygonStop polygon
[controller_server-4] [WARN] [1790891660.326424928] [local_costmap.local_costmap]: Sensor origin at (-20.70, 3.27 -1.00) is out of map bounds (-22.70, 1.20, 0.00) to (-18.73, 5.17, 0.78). The costmap cannot raytrace for it.
[collision_monitor-9] [INFO] [1790891660.366566567] [collision_monitor]: Robot to continue normal operation
[controller_server-4] [WARN] [1790891660.526432502] [local_costmap.local_costmap]: Sensor origin at (-20.72, 3.22 -0.98) is out of map bounds (-22.70, 1.15, 0.00) to (-18.73, 5.12, 0.78). The costmap cannot raytrace for it.
[collision_monitor-9] [INFO] [1790891660.560372722] [collision_monitor]: Robot to stop due to PolygonStop polygon
[controller_server-4] [WARN] [1790891660.726423677] [local_costmap.local_costmap]: Sensor origin at (-20.72, 3.18 -0.99) is out of map bounds (-22.70, 1.15, 0.00) to (-18.73, 5.12, 0.78). The costmap cannot raytrace for it.
[controller_server-4] [WARN] [1790891660.926463563] [local_costmap.local_costmap]: Sensor origin at (-20.73, 3.14 -1.02) is out of map bounds (-22.70, 1.15, 0.00) to (-18.73, 5.12, 0.78). The costmap cannot raytrace for it.
[controller_server-4] [WARN] [1790891661.126442278] [local_costmap.local_costmap]: Sensor origin at (-20.73, 3.12 -1.04) is out of map bounds (-22.70, 1.15, 0.00) to (-18.73, 5.12, 0.78). The costmap cannot raytrace for it.
[collision_monitor-9] [INFO] [1790891661.266408460] [collision_monitor]: Robot to continue normal operation
[controller_server-4] [WARN] [1790891661.326423920] [local_costmap.local_costmap]: Sensor origin at (-20.73, 3.11 -1.03) is out of map bounds (-22.70, 1.15, 0.00) to (-18.73, 5.12, 0.78). The costmap cannot raytrace for it.
[collision_monitor-9] [INFO] [1790891661.358823728] [collision_monitor]: Robot to stop due to PolygonStop polygon
[collision_monitor-9] [INFO] [1790891661.461752328] [collision_monitor]: Robot to continue normal operation
[controller_server-4] [WARN] [1790891661.526463540] [local_costmap.local_costmap]: Sensor origin at (-20.73, 3.09 -1.02) is out of map bounds (-22.70, 1.15, 0.00) to (-18.73, 5.12, 0.78). The costmap cannot raytrace for it.
[collision_monitor-9] [INFO] [1790891661.563375074] [collision_monitor]: Robot to stop due to PolygonStop polygon
[controller_server-4] [WARN] [1790891661.726455512] [local_costmap.local_costmap]: Sensor origin at (-20.72, 3.09 -1.02) is out of map bounds (-22.70, 1.15, 0.00) to (-18.73, 5.12, 0.78). The costmap cannot raytrace for it.
[collision_monitor-9] [INFO] [1790891661.759578665] [collision_monitor]: Robot to continue normal operation
[controller_server-4] [WARN] [1790891661.926453714] [local_costmap.local_costmap]: Sensor origin at (-20.71, 3.08 -1.01) is out of map bounds (-22.70, 1.15, 0.00) to (-18.73, 5.12, 0.78). The costmap cannot raytrace for it.
[collision_monitor-9] [INFO] [1790891661.964222149] [collision_monitor]: Robot to stop due to PolygonStop polygon
[collision_monitor-9] [INFO] [1790891662.056149294] [collision_monitor]: Robot to continue normal operation
[controller_server-4] [WARN] [1790891662.126426863] [local_costmap.local_costmap]: Sensor origin at (-20.71, 3.09 -1.02) is out of map bounds (-22.70, 1.10, 0.00) to (-18.73, 5.07, 0.78). The costmap cannot raytrace for it.
[path_follower-12] [WARN] [1790891662.168192369] [path_follower]: plano CRU descartado — segurança exige /plan_smoothed; aguardando o suavizador
[smoother_server-3] [INFO] [1790891662.176591149] [smoother_server]: Received a path to smooth.
[collision_monitor-9] [INFO] [1790891662.179041045] [collision_monitor]: Robot to stop due to PolygonStop polygon
[controller_server-4] [WARN] [1790891662.185315688] [controller_server]: [follow_path] [ActionServer] Aborting handle.
[controller_server-4] [INFO] [1790891662.186627149] [controller_server]: Passing new path to controller.
[collision_monitor-9] [INFO] [1790891662.261127041] [collision_monitor]: Robot to continue normal operation
[controller_server-4] [WARN] [1790891662.326432369] [local_costmap.local_costmap]: Sensor origin at (-20.72, 3.09 -1.01) is out of map bounds (-22.70, 1.10, 0.00) to (-18.73, 5.07, 0.78). The costmap cannot raytrace for it.
[collision_monitor-9] [INFO] [1790891662.465032854] [collision_monitor]: Robot to stop due to PolygonStop polygon
[controller_server-4] [WARN] [1790891662.526416697] [local_costmap.local_costmap]: Sensor origin at (-20.72, 3.08 -1.00) is out of map bounds (-22.70, 1.05, 0.00) to (-18.73, 5.02, 0.78). The costmap cannot raytrace for it.
[collision_monitor-9] [INFO] [1790891662.557605772] [collision_monitor]: Robot to continue normal operation
[collision_monitor-9] [INFO] [1790891662.659901419] [collision_monitor]: Robot to stop due to PolygonStop polygon
[controller_server-4] [WARN] [1790891662.726411705] [local_costmap.local_costmap]: Sensor origin at (-20.72, 3.08 -0.99) is out of map bounds (-22.65, 1.05, 0.00) to (-18.68, 5.02, 0.78). The costmap cannot raytrace for it.
[collision_monitor-9] [INFO] [1790891662.762390303] [collision_monitor]: Robot to continue normal operation
[controller_server-4] [WARN] [1790891662.926415200] [local_costmap.local_costmap]: Sensor origin at (-20.70, 3.05 -0.98) is out of map bounds (-22.65, 1.00, 0.00) to (-18.68, 4.97, 0.78). The costmap cannot raytrace for it.
[collision_monitor-9] [INFO] [1790891663.060142193] [collision_monitor]: Robot to stop due to PolygonStop polygon
[controller_server-4] [WARN] [1790891663.126419441] [local_costmap.local_costmap]: Sensor origin at (-20.68, 3.01 -0.98) is out of map bounds (-22.60, 0.95, 0.00) to (-18.63, 4.92, 0.78). The costmap cannot raytrace for it.
[collision_monitor-9] [INFO] [1790891663.172707087] [collision_monitor]: Robot to continue normal operation
[controller_server-4] [WARN] [1790891663.326425492] [local_costmap.local_costmap]: Sensor origin at (-20.67, 2.99 -0.98) is out of map bounds (-22.60, 0.95, 0.00) to (-18.63, 4.92, 0.78). The costmap cannot raytrace for it.
[controller_server-4] [WARN] [1790891663.526456551] [local_costmap.local_costmap]: Sensor origin at (-20.65, 2.96 -0.98) is out of map bounds (-22.60, 0.90, 0.00) to (-18.63, 4.87, 0.78). The costmap cannot raytrace for it.
[controller_server-4] [WARN] [1790891663.726423887] [local_costmap.local_costmap]: Sensor origin at (-20.62, 2.93 -0.99) is out of map bounds (-22.55, 0.85, 0.00) to (-18.58, 4.82, 0.78). The costmap cannot raytrace for it.
[controller_server-4] [WARN] [1790891663.926428104] [local_costmap.local_costmap]: Sensor origin at (-20.61, 2.91 -1.00) is out of map bounds (-22.55, 0.85, 0.00) to (-18.58, 4.82, 0.78). The costmap cannot raytrace for it.
[controller_server-4] [WARN] [1790891664.126479568] [local_costmap.local_costmap]: Sensor origin at (-20.58, 2.86 -1.00) is out of map bounds (-22.55, 0.80, 0.00) to (-18.58, 4.77, 0.78). The costmap cannot raytrace for it.
[controller_server-4] [WARN] [1790891664.326424156] [local_costmap.local_costmap]: Sensor origin at (-20.56, 2.82 -1.01) is out of map bounds (-22.55, 0.75, 0.00) to (-18.58, 4.72, 0.78). The costmap cannot raytrace for it.
[controller_server-4] [WARN] [1790891664.526419862] [local_costmap.local_costmap]: Sensor origin at (-20.55, 2.80 -1.00) is out of map bounds (-22.55, 0.75, 0.00) to (-18.58, 4.72, 0.78). The costmap cannot raytrace for it.
[controller_server-4] [WARN] [1790891664.726436527] [local_costmap.local_costmap]: Sensor origin at (-20.54, 2.76 -1.03) is out of map bounds (-22.55, 0.70, 0.00) to (-18.58, 4.67, 0.78). The costmap cannot raytrace for it.
[collision_monitor-9] [INFO] [1790891664.761713229] [collision_monitor]: Robot to approach for 0.750000 seconds away from collision
[collision_monitor-9] [INFO] [1790891664.864379651] [collision_monitor]: Robot to continue normal operation
[controller_server-4] [WARN] [1790891664.926448182] [local_costmap.local_costmap]: Sensor origin at (-20.54, 2.72 -1.05) is out of map bounds (-22.55, 0.65, 0.00) to (-18.58, 4.62, 0.78). The costmap cannot raytrace for it.
[collision_monitor-9] [INFO] [1790891664.957011616] [collision_monitor]: Robot to approach for 0.750000 seconds away from collision
[collision_monitor-9] [INFO] [1790891665.069477207] [collision_monitor]: Robot to continue normal operation
[controller_server-4] [WARN] [1790891665.126443336] [local_costmap.local_costmap]: Sensor origin at (-20.54, 2.68 -1.07) is out of map bounds (-22.55, 0.65, 0.00) to (-18.58, 4.62, 0.78). The costmap cannot raytrace for it.
[collision_monitor-9] [INFO] [1790891665.263920164] [collision_monitor]: Robot to approach for 0.750000 seconds away from collision
[controller_server-4] [WARN] [1790891665.326482408] [local_costmap.local_costmap]: Sensor origin at (-20.54, 2.67 -1.05) is out of map bounds (-22.55, 0.60, 0.00) to (-18.58, 4.57, 0.78). The costmap cannot raytrace for it.
[collision_monitor-9] [INFO] [1790891665.366630045] [collision_monitor]: Robot to continue normal operation
[controller_server-4] [WARN] [1790891665.526420820] [local_costmap.local_costmap]: Sensor origin at (-20.54, 2.64 -1.03) is out of map bounds (-22.55, 0.55, 0.00) to (-18.58, 4.52, 0.78). The costmap cannot raytrace for it.
[controller_server-4] [WARN] [1790891665.726433703] [local_costmap.local_costmap]: Sensor origin at (-20.56, 2.59 -1.03) is out of map bounds (-22.55, 0.55, 0.00) to (-18.58, 4.52, 0.78). The costmap cannot raytrace for it.
[controller_server-4] [WARN] [1790891665.926407390] [local_costmap.local_costmap]: Sensor origin at (-20.56, 2.57 -1.04) is out of map bounds (-22.55, 0.50, 0.00) to (-18.58, 4.47, 0.78). The costmap cannot raytrace for it.
[controller_server-4] [WARN] [1790891666.126427313] [local_costmap.local_costmap]: Sensor origin at (-20.58, 2.53 -1.02) is out of map bounds (-22.55, 0.45, 0.00) to (-18.58, 4.42, 0.78). The costmap cannot raytrace for it.
[controller_server-4] [WARN] [1790891666.326444535] [local_costmap.local_costmap]: Sensor origin at (-20.60, 2.47 -1.03) is out of map bounds (-22.55, 0.40, 0.00) to (-18.58, 4.37, 0.78). The costmap cannot raytrace for it.
[controller_server-4] [WARN] [1790891666.526418825] [local_costmap.local_costmap]: Sensor origin at (-20.61, 2.45 -1.04) is out of map bounds (-22.60, 0.35, 0.00) to (-18.63, 4.32, 0.78). The costmap cannot raytrace for it.
[controller_server-4] [WARN] [1790891666.726414664] [local_costmap.local_costmap]: Sensor origin at (-20.63, 2.38 -1.04) is out of map bounds (-22.60, 0.30, 0.00) to (-18.63, 4.27, 0.78). The costmap cannot raytrace for it.
[controller_server-4] [WARN] [1790891666.926419837] [local_costmap.local_costmap]: Sensor origin at (-20.63, 2.36 -1.03) is out of map bounds (-22.60, 0.30, 0.00) to (-18.63, 4.27, 0.78). The costmap cannot raytrace for it.
[controller_server-4] [WARN] [1790891667.126425753] [local_costmap.local_costmap]: Sensor origin at (-20.65, 2.29 -1.02) is out of map bounds (-22.60, 0.25, 0.00) to (-18.63, 4.22, 0.78). The costmap cannot raytrace for it.
[smoother_server-3] [INFO] [1790891667.195744893] [smoother_server]: Received a path to smooth.
[controller_server-4] [WARN] [1790891667.215425529] [controller_server]: [follow_path] [ActionServer] Aborting handle.
[controller_server-4] [WARN] [1790891667.326433740] [local_costmap.local_costmap]: Sensor origin at (-20.66, 2.26 -1.01) is out of map bounds (-22.60, 0.25, 0.00) to (-18.63, 4.22, 0.78). The costmap cannot raytrace for it.
[controller_server-4] [INFO] [1790891667.386619211] [controller_server]: Passing new path to controller.
[controller_server-4] [WARN] [1790891667.526468609] [local_costmap.local_costmap]: Sensor origin at (-20.66, 2.23 -1.01) is out of map bounds (-22.65, 0.20, 0.00) to (-18.68, 4.17, 0.78). The costmap cannot raytrace for it.
[controller_server-4] [WARN] [1790891667.726465714] [local_costmap.local_costmap]: Sensor origin at (-20.67, 2.22 -1.01) is out of map bounds (-22.65, 0.20, 0.00) to (-18.68, 4.17, 0.78). The costmap cannot raytrace for it.
[controller_server-4] [WARN] [1790891667.926433371] [local_costmap.local_costmap]: Sensor origin at (-20.69, 2.18 -1.02) is out of map bounds (-22.65, 0.15, 0.00) to (-18.68, 4.12, 0.78). The costmap cannot raytrace for it.
[controller_server-4] [WARN] [1790891668.126417834] [local_costmap.local_costmap]: Sensor origin at (-20.69, 2.16 -1.01) is out of map bounds (-22.65, 0.10, 0.00) to (-18.68, 4.07, 0.78). The costmap cannot raytrace for it.
[controller_server-4] [WARN] [1790891668.326430512] [local_costmap.local_costmap]: Sensor origin at (-20.70, 2.12 -1.02) is out of map bounds (-22.65, 0.05, 0.00) to (-18.68, 4.02, 0.78). The costmap cannot raytrace for it.
[controller_server-4] [WARN] [1790891668.526440635] [local_costmap.local_costmap]: Sensor origin at (-20.69, 2.09 -1.03) is out of map bounds (-22.65, -0.00, 0.00) to (-18.68, 3.97, 0.78). The costmap cannot raytrace for it.
[controller_server-4] [WARN] [1790891668.726446307] [local_costmap.local_costmap]: Sensor origin at (-20.69, 2.04 -1.02) is out of map bounds (-22.65, -0.05, 0.00) to (-18.68, 3.92, 0.78). The costmap cannot raytrace for it.
[controller_server-4] [WARN] [1790891668.926430191] [local_costmap.local_costmap]: Sensor origin at (-20.68, 2.00 -1.01) is out of map bounds (-22.65, -0.10, 0.00) to (-18.68, 3.87, 0.78). The costmap cannot raytrace for it.
[controller_server-4] [WARN] [1790891669.126425766] [local_costmap.local_costmap]: Sensor origin at (-20.68, 1.97 -1.01) is out of map bounds (-22.65, -0.15, 0.00) to (-18.68, 3.82, 0.78). The costmap cannot raytrace for it.
[controller_server-4] [WARN] [1790891669.326471772] [local_costmap.local_costmap]: Sensor origin at (-20.67, 1.88 -1.02) is out of map bounds (-22.65, -0.20, 0.00) to (-18.68, 3.77, 0.78). The costmap cannot raytrace for it.
[controller_server-4] [WARN] [1790891669.526425762] [local_costmap.local_costmap]: Sensor origin at (-20.66, 1.86 -1.01) is out of map bounds (-22.65, -0.25, 0.00) to (-18.68, 3.72, 0.78). The costmap cannot raytrace for it.
[controller_server-4] [WARN] [1790891669.726458033] [local_costmap.local_costmap]: Sensor origin at (-20.66, 1.81 -1.00) is out of map bounds (-22.65, -0.30, 0.00) to (-18.68, 3.67, 0.78). The costmap cannot raytrace for it.
[controller_server-4] [WARN] [1790891669.926421810] [local_costmap.local_costmap]: Sensor origin at (-20.66, 1.74 -1.00) is out of map bounds (-22.65, -0.35, 0.00) to (-18.68, 3.62, 0.78). The costmap cannot raytrace for it.
[controller_server-4] [WARN] [1790891670.126425572] [local_costmap.local_costmap]: Sensor origin at (-20.66, 1.69 -1.00) is out of map bounds (-22.65, -0.40, 0.00) to (-18.68, 3.57, 0.78). The costmap cannot raytrace for it.
[controller_server-4] [WARN] [1790891670.326459812] [local_costmap.local_costmap]: Sensor origin at (-20.66, 1.67 -0.99) is out of map bounds (-22.65, -0.45, 0.00) to (-18.68, 3.52, 0.78). The costmap cannot raytrace for it.
[controller_server-4] [WARN] [1790891670.526417767] [local_costmap.local_costmap]: Sensor origin at (-20.66, 1.59 -0.96) is out of map bounds (-22.65, -0.50, 0.00) to (-18.68, 3.47, 0.78). The costmap cannot raytrace for it.
[controller_server-4] [WARN] [1790891670.726418665] [local_costmap.local_costmap]: Sensor origin at (-20.66, 1.54 -0.94) is out of map bounds (-22.65, -0.55, 0.00) to (-18.68, 3.42, 0.78). The costmap cannot raytrace for it.
[controller_server-4] [WARN] [1790891670.926430992] [local_costmap.local_costmap]: Sensor origin at (-20.66, 1.52 -0.93) is out of map bounds (-22.65, -0.60, 0.00) to (-18.68, 3.37, 0.78). The costmap cannot raytrace for it.
[controller_server-4] [WARN] [1790891671.126446726] [local_costmap.local_costmap]: Sensor origin at (-20.65, 1.44 -0.94) is out of map bounds (-22.65, -0.65, 0.00) to (-18.68, 3.32, 0.78). The costmap cannot raytrace for it.
[controller_server-4] [WARN] [1790891671.326433222] [local_costmap.local_costmap]: Sensor origin at (-20.64, 1.40 -0.93) is out of map bounds (-22.65, -0.65, 0.00) to (-18.68, 3.32, 0.78). The costmap cannot raytrace for it.
[controller_server-4] [WARN] [1790891671.526466108] [local_costmap.local_costmap]: Sensor origin at (-20.64, 1.37 -0.93) is out of map bounds (-22.65, -0.70, 0.00) to (-18.68, 3.27, 0.78). The costmap cannot raytrace for it.
[path_follower-12] [INFO] [1790891671.535103648] [path_follower]: 3025 amostras -> /home/bara/logs_robo2/seguidor_2026-10-01_185111.csv
[controller_server-4] [WARN] [1790891671.726435319] [local_costmap.local_costmap]: Sensor origin at (-20.63, 1.34 -0.95) is out of map bounds (-22.65, -0.75, 0.00) to (-18.68, 3.22, 0.78). The costmap cannot raytrace for it.
[controller_server-4] [WARN] [1790891671.926444849] [local_costmap.local_costmap]: Sensor origin at (-20.64, 1.28 -0.98) is out of map bounds (-22.65, -0.80, 0.00) to (-18.68, 3.17, 0.78). The costmap cannot raytrace for it.
[controller_server-4] [WARN] [1790891672.126459073] [local_costmap.local_costmap]: Sensor origin at (-20.64, 1.26 -0.97) is out of map bounds (-22.65, -0.85, 0.00) to (-18.68, 3.12, 0.78). The costmap cannot raytrace for it.
[path_follower-12] [WARN] [1790891672.230065077] [path_follower]: plano CRU descartado — segurança exige /plan_smoothed; aguardando o suavizador
[smoother_server-3] [INFO] [1790891672.245400578] [smoother_server]: Received a path to smooth.
[controller_server-4] [WARN] [1790891672.265542114] [controller_server]: [follow_path] [ActionServer] Aborting handle.
[controller_server-4] [WARN] [1790891672.326444650] [local_costmap.local_costmap]: Sensor origin at (-20.66, 1.19 -0.99) is out of map bounds (-22.65, -0.90, 0.00) to (-18.68, 3.07, 0.78). The costmap cannot raytrace for it.
[controller_server-4] [INFO] [1790891672.386613783] [controller_server]: Passing new path to controller.
[controller_server-4] [WARN] [1790891672.526437789] [local_costmap.local_costmap]: Sensor origin at (-20.66, 1.17 -1.00) is out of map bounds (-22.65, -0.90, 0.00) to (-18.68, 3.07, 0.78). The costmap cannot raytrace for it.
[controller_server-4] [WARN] [1790891672.726451793] [local_costmap.local_costmap]: Sensor origin at (-20.67, 1.12 -1.04) is out of map bounds (-22.65, -0.95, 0.00) to (-18.68, 3.02, 0.78). The costmap cannot raytrace for it.
[controller_server-4] [WARN] [1790891672.926425900] [local_costmap.local_costmap]: Sensor origin at (-20.67, 1.08 -1.04) is out of map bounds (-22.60, -1.00, 0.00) to (-18.63, 2.97, 0.78). The costmap cannot raytrace for it.
[controller_server-4] [WARN] [1790891673.126467861] [local_costmap.local_costmap]: Sensor origin at (-20.66, 1.04 -1.05) is out of map bounds (-22.60, -1.05, 0.00) to (-18.63, 2.92, 0.78). The costmap cannot raytrace for it.
[controller_server-4] [WARN] [1790891673.326419654] [local_costmap.local_costmap]: Sensor origin at (-20.64, 0.98 -1.02) is out of map bounds (-22.60, -1.10, 0.00) to (-18.63, 2.87, 0.78). The costmap cannot raytrace for it.
[controller_server-4] [WARN] [1790891673.526424039] [local_costmap.local_costmap]: Sensor origin at (-20.63, 0.96 -1.02) is out of map bounds (-22.60, -1.15, 0.00) to (-18.63, 2.82, 0.78). The costmap cannot raytrace for it.
[controller_server-4] [WARN] [1790891673.726419992] [local_costmap.local_costmap]: Sensor origin at (-20.61, 0.90 -1.00) is out of map bounds (-22.60, -1.20, 0.00) to (-18.63, 2.77, 0.78). The costmap cannot raytrace for it.
[controller_server-4] [WARN] [1790891673.926436279] [local_costmap.local_costmap]: Sensor origin at (-20.61, 0.86 -1.02) is out of map bounds (-22.60, -1.25, 0.00) to (-18.63, 2.72, 0.78). The costmap cannot raytrace for it.
[controller_server-4] [WARN] [1790891674.126437662] [local_costmap.local_costmap]: Sensor origin at (-20.61, 0.84 -1.03) is out of map bounds (-22.60, -1.30, 0.00) to (-18.63, 2.67, 0.78). The costmap cannot raytrace for it.
[controller_server-4] [WARN] [1790891674.326421943] [local_costmap.local_costmap]: Sensor origin at (-20.60, 0.76 -1.04) is out of map bounds (-22.60, -1.30, 0.00) to (-18.63, 2.67, 0.78). The costmap cannot raytrace for it.
[controller_server-4] [WARN] [1790891674.526470339] [local_costmap.local_costmap]: Sensor origin at (-20.60, 0.73 -1.03) is out of map bounds (-22.60, -1.35, 0.00) to (-18.63, 2.62, 0.78). The costmap cannot raytrace for it.
[controller_server-4] [WARN] [1790891674.726430498] [local_costmap.local_costmap]: Sensor origin at (-20.59, 0.66 -1.04) is out of map bounds (-22.60, -1.40, 0.00) to (-18.63, 2.57, 0.78). The costmap cannot raytrace for it.
[controller_server-4] [WARN] [1790891674.926444936] [local_costmap.local_costmap]: Sensor origin at (-20.59, 0.64 -1.04) is out of map bounds (-22.55, -1.45, 0.00) to (-18.58, 2.52, 0.78). The costmap cannot raytrace for it.
[controller_server-4] [WARN] [1790891675.126428306] [local_costmap.local_costmap]: Sensor origin at (-20.59, 0.59 -1.05) is out of map bounds (-22.55, -1.50, 0.00) to (-18.58, 2.47, 0.78). The costmap cannot raytrace for it.
[controller_server-4] [WARN] [1790891675.326434345] [local_costmap.local_costmap]: Sensor origin at (-20.58, 0.56 -1.05) is out of map bounds (-22.55, -1.55, 0.00) to (-18.58, 2.42, 0.78). The costmap cannot raytrace for it.
[controller_server-4] [WARN] [1790891675.526432173] [local_costmap.local_costmap]: Sensor origin at (-20.57, 0.49 -1.05) is out of map bounds (-22.55, -1.60, 0.00) to (-18.58, 2.37, 0.78). The costmap cannot raytrace for it.
[controller_server-4] [WARN] [1790891675.726443047] [local_costmap.local_costmap]: Sensor origin at (-20.57, 0.47 -1.05) is out of map bounds (-22.55, -1.60, 0.00) to (-18.58, 2.37, 0.78). The costmap cannot raytrace for it.
[controller_server-4] [WARN] [1790891675.926455469] [local_costmap.local_costmap]: Sensor origin at (-20.57, 0.41 -1.07) is out of map bounds (-22.55, -1.65, 0.00) to (-18.58, 2.32, 0.78). The costmap cannot raytrace for it.
[controller_server-4] [WARN] [1790891676.126438704] [local_costmap.local_costmap]: Sensor origin at (-20.56, 0.38 -1.07) is out of map bounds (-22.50, -1.70, 0.00) to (-18.53, 2.27, 0.78). The costmap cannot raytrace for it.
[controller_server-4] [WARN] [1790891676.326439801] [local_costmap.local_costmap]: Sensor origin at (-20.55, 0.33 -1.08) is out of map bounds (-22.50, -1.75, 0.00) to (-18.53, 2.22, 0.78). The costmap cannot raytrace for it.
[controller_server-4] [WARN] [1790891676.526432130] [local_costmap.local_costmap]: Sensor origin at (-20.54, 0.31 -1.08) is out of map bounds (-22.50, -1.75, 0.00) to (-18.53, 2.22, 0.78). The costmap cannot raytrace for it.
[controller_server-4] [WARN] [1790891676.726427150] [local_costmap.local_costmap]: Sensor origin at (-20.53, 0.25 -1.10) is out of map bounds (-22.50, -1.80, 0.00) to (-18.53, 2.17, 0.78). The costmap cannot raytrace for it.
[collision_monitor-9] [INFO] [1790891676.764715296] [collision_monitor]: Robot to stop due to PolygonStop polygon
[controller_server-4] [WARN] [1790891676.926441732] [local_costmap.local_costmap]: Sensor origin at (-20.53, 0.24 -1.10) is out of map bounds (-22.50, -1.85, 0.00) to (-18.53, 2.12, 0.78). The costmap cannot raytrace for it.
[controller_server-4] [WARN] [1790891677.126436209] [local_costmap.local_costmap]: Sensor origin at (-20.52, 0.20 -1.08) is out of map bounds (-22.45, -1.85, 0.00) to (-18.48, 2.12, 0.78). The costmap cannot raytrace for it.
[smoother_server-3] [INFO] [1790891677.295370442] [smoother_server]: Received a path to smooth.
[controller_server-4] [WARN] [1790891677.315341565] [controller_server]: [follow_path] [ActionServer] Aborting handle.
[controller_server-4] [WARN] [1790891677.326419798] [local_costmap.local_costmap]: Sensor origin at (-20.50, 0.15 -1.06) is out of map bounds (-22.45, -1.85, 0.00) to (-18.48, 2.12, 0.78). The costmap cannot raytrace for it.
[controller_server-4] [INFO] [1790891677.386647364] [controller_server]: Passing new path to controller.
[controller_server-4] [WARN] [1790891677.526447052] [local_costmap.local_costmap]: Sensor origin at (-20.49, 0.13 -1.06) is out of map bounds (-22.45, -1.85, 0.00) to (-18.48, 2.12, 0.78). The costmap cannot raytrace for it.
[controller_server-4] [WARN] [1790891677.726430047] [local_costmap.local_costmap]: Sensor origin at (-20.48, 0.11 -1.05) is out of map bounds (-22.45, -1.85, 0.00) to (-18.48, 2.12, 0.78). The costmap cannot raytrace for it.
[collision_monitor-9] [INFO] [1790891677.859233911] [collision_monitor]: Robot to approach for 0.750000 seconds away from collision
[controller_server-4] [WARN] [1790891677.926430813] [local_costmap.local_costmap]: Sensor origin at (-20.47, 0.08 -1.06) is out of map bounds (-22.45, -1.85, 0.00) to (-18.48, 2.12, 0.78). The costmap cannot raytrace for it.
[controller_server-4] [WARN] [1790891678.126415290] [local_costmap.local_costmap]: Sensor origin at (-20.47, 0.09 -1.05) is out of map bounds (-22.45, -1.85, 0.00) to (-18.48, 2.12, 0.78). The costmap cannot raytrace for it.
[controller_server-4] [WARN] [1790891678.326421123] [local_costmap.local_costmap]: Sensor origin at (-20.48, 0.09 -1.04) is out of map bounds (-22.45, -1.85, 0.00) to (-18.48, 2.12, 0.78). The costmap cannot raytrace for it.
[collision_monitor-9] [INFO] [1790891678.359520339] [collision_monitor]: Robot to stop due to PolygonStop polygon
[controller_server-4] [WARN] [1790891678.526427113] [local_costmap.local_costmap]: Sensor origin at (-20.48, 0.09 -1.04) is out of map bounds (-22.45, -1.85, 0.00) to (-18.48, 2.12, 0.78). The costmap cannot raytrace for it.
[collision_monitor-9] [INFO] [1790891678.563568798] [collision_monitor]: Robot to approach for 0.750000 seconds away from collision
[collision_monitor-9] [INFO] [1790891678.656290715] [collision_monitor]: Robot to stop due to PolygonStop polygon
[controller_server-4] [WARN] [1790891678.726419366] [local_costmap.local_costmap]: Sensor origin at (-20.49, 0.09 -1.05) is out of map bounds (-22.40, -1.85, 0.00) to (-18.43, 2.12, 0.78). The costmap cannot raytrace for it.
[collision_monitor-9] [INFO] [1790891678.859921784] [collision_monitor]: Robot to continue normal operation
[controller_server-4] [WARN] [1790891678.926419918] [local_costmap.local_costmap]: Sensor origin at (-20.49, 0.10 -1.05) is out of map bounds (-22.35, -1.85, 0.00) to (-18.38, 2.12, 0.78). The costmap cannot raytrace for it.
[collision_monitor-9] [INFO] [1790891678.961555623] [collision_monitor]: Robot to stop due to PolygonStop polygon
[controller_server-4] [WARN] [1790891679.126422685] [local_costmap.local_costmap]: Sensor origin at (-20.45, 0.11 -1.04) is out of map bounds (-22.30, -1.85, 0.00) to (-18.33, 2.12, 0.78). The costmap cannot raytrace for it.
[collision_monitor-9] [INFO] [1790891679.166544182] [collision_monitor]: Robot to continue normal operation
[collision_monitor-9] [INFO] [1790891679.258569830] [collision_monitor]: Robot to stop due to PolygonStop polygon
[controller_server-4] [WARN] [1790891679.326437091] [local_costmap.local_costmap]: Sensor origin at (-20.43, 0.11 -1.04) is out of map bounds (-22.30, -1.85, 0.00) to (-18.33, 2.12, 0.78). The costmap cannot raytrace for it.
[collision_monitor-9] [INFO] [1790891679.361901208] [collision_monitor]: Robot to continue normal operation
[controller_server-4] [WARN] [1790891679.526420641] [local_costmap.local_costmap]: Sensor origin at (-20.38, 0.13 -1.03) is out of map bounds (-22.25, -1.85, 0.00) to (-18.28, 2.12, 0.78). The costmap cannot raytrace for it.
[collision_monitor-9] [INFO] [1790891679.566454457] [collision_monitor]: Robot to approach for 0.750000 seconds away from collision
[controller_server-4] [WARN] [1790891679.726438867] [local_costmap.local_costmap]: Sensor origin at (-20.32, 0.15 -1.04) is out of map bounds (-22.25, -1.85, 0.00) to (-18.28, 2.12, 0.78). The costmap cannot raytrace for it.
[collision_monitor-9] [INFO] [1790891679.862720384] [collision_monitor]: Robot to continue normal operation
[controller_server-4] [WARN] [1790891679.926420633] [local_costmap.local_costmap]: Sensor origin at (-20.30, 0.15 -1.05) is out of map bounds (-22.25, -1.85, 0.00) to (-18.28, 2.12, 0.78). The costmap cannot raytrace for it.
[collision_monitor-9] [INFO] [1790891679.965171626] [collision_monitor]: Robot to stop due to PolygonStop polygon
[collision_monitor-9] [INFO] [1790891680.067386647] [collision_monitor]: Robot to continue normal operation
[controller_server-4] [WARN] [1790891680.126442341] [local_costmap.local_costmap]: Sensor origin at (-20.28, 0.16 -1.07) is out of map bounds (-22.20, -1.85, 0.00) to (-18.23, 2.12, 0.78). The costmap cannot raytrace for it.
[controller_server-4] [WARN] [1790891680.326457627] [local_costmap.local_costmap]: Sensor origin at (-20.28, 0.16 -1.07) is out of map bounds (-22.20, -1.85, 0.00) to (-18.23, 2.12, 0.78). The costmap cannot raytrace for it.
[controller_server-4] [WARN] [1790891680.526420398] [local_costmap.local_costmap]: Sensor origin at (-20.26, 0.17 -1.07) is out of map bounds (-22.15, -1.85, 0.00) to (-18.18, 2.12, 0.78). The costmap cannot raytrace for it.
[controller_server-4] [WARN] [1790891680.726428528] [local_costmap.local_costmap]: Sensor origin at (-20.25, 0.17 -1.06) is out of map bounds (-22.10, -1.85, 0.00) to (-18.13, 2.12, 0.78). The costmap cannot raytrace for it.
[controller_server-4] [WARN] [1790891680.926438480] [local_costmap.local_costmap]: Sensor origin at (-20.19, 0.18 -1.07) is out of map bounds (-22.05, -1.80, 0.00) to (-18.08, 2.17, 0.78). The costmap cannot raytrace for it.
[controller_server-4] [WARN] [1790891681.126448659] [local_costmap.local_costmap]: Sensor origin at (-20.15, 0.19 -1.05) is out of map bounds (-22.05, -1.80, 0.00) to (-18.08, 2.17, 0.78). The costmap cannot raytrace for it.
[controller_server-4] [WARN] [1790891681.326434214] [local_costmap.local_costmap]: Sensor origin at (-20.13, 0.19 -1.05) is out of map bounds (-22.00, -1.80, 0.00) to (-18.03, 2.17, 0.78). The costmap cannot raytrace for it.
[controller_server-4] [WARN] [1790891681.526427638] [local_costmap.local_costmap]: Sensor origin at (-20.10, 0.19 -1.04) is out of map bounds (-21.95, -1.80, 0.00) to (-17.98, 2.17, 0.78). The costmap cannot raytrace for it.
[controller_server-4] [WARN] [1790891681.726438701] [local_costmap.local_costmap]: Sensor origin at (-20.06, 0.19 -1.03) is out of map bounds (-21.90, -1.80, 0.00) to (-17.93, 2.17, 0.78). The costmap cannot raytrace for it.
[controller_server-4] [WARN] [1790891681.926420889] [local_costmap.local_costmap]: Sensor origin at (-20.02, 0.19 -1.03) is out of map bounds (-21.85, -1.80, 0.00) to (-17.88, 2.17, 0.78). The costmap cannot raytrace for it.
[collision_monitor-9] [INFO] [1790891681.964412801] [collision_monitor]: Robot to approach for 0.750000 seconds away from collision
[collision_monitor-9] [INFO] [1790891682.066631936] [collision_monitor]: Robot to continue normal operation
[controller_server-4] [WARN] [1790891682.126422505] [local_costmap.local_costmap]: Sensor origin at (-19.98, 0.20 -1.03) is out of map bounds (-21.80, -1.80, 0.00) to (-17.83, 2.17, 0.78). The costmap cannot raytrace for it.
[controller_server-4] [WARN] [1790891682.326434245] [local_costmap.local_costmap]: Sensor origin at (-19.93, 0.20 -1.04) is out of map bounds (-21.75, -1.80, 0.00) to (-17.78, 2.17, 0.78). The costmap cannot raytrace for it.
[path_follower-12] [WARN] [1790891682.331217370] [path_follower]: plano CRU descartado — segurança exige /plan_smoothed; aguardando o suavizador
[smoother_server-3] [INFO] [1790891682.345378366] [smoother_server]: Received a path to smooth.
[controller_server-4] [WARN] [1790891682.355808939] [controller_server]: [follow_path] [ActionServer] Aborting handle.
[controller_server-4] [INFO] [1790891682.386628544] [controller_server]: Passing new path to controller.
[controller_server-4] [WARN] [1790891682.526441383] [local_costmap.local_costmap]: Sensor origin at (-19.84, 0.20 -1.04) is out of map bounds (-21.70, -1.80, 0.00) to (-17.73, 2.17, 0.78). The costmap cannot raytrace for it.
[controller_server-4] [WARN] [1790891682.726435239] [local_costmap.local_costmap]: Sensor origin at (-19.81, 0.20 -1.04) is out of map bounds (-21.65, -1.80, 0.00) to (-17.68, 2.17, 0.78). The costmap cannot raytrace for it.
[controller_server-4] [WARN] [1790891682.926427439] [local_costmap.local_costmap]: Sensor origin at (-19.73, 0.21 -1.04) is out of map bounds (-21.60, -1.80, 0.00) to (-17.63, 2.17, 0.78). The costmap cannot raytrace for it.
[controller_server-4] [WARN] [1790891683.126420593] [local_costmap.local_costmap]: Sensor origin at (-19.68, 0.20 -1.04) is out of map bounds (-21.55, -1.80, 0.00) to (-17.58, 2.17, 0.78). The costmap cannot raytrace for it.
[controller_server-4] [WARN] [1790891683.326414721] [local_costmap.local_costmap]: Sensor origin at (-19.66, 0.20 -1.03) is out of map bounds (-21.50, -1.80, 0.00) to (-17.53, 2.17, 0.78). The costmap cannot raytrace for it.
[controller_server-4] [WARN] [1790891683.526418916] [local_costmap.local_costmap]: Sensor origin at (-19.63, 0.20 -1.04) is out of map bounds (-21.45, -1.80, 0.00) to (-17.48, 2.17, 0.78). The costmap cannot raytrace for it.
[controller_server-4] [WARN] [1790891683.726435373] [local_costmap.local_costmap]: Sensor origin at (-19.56, 0.19 -1.04) is out of map bounds (-21.40, -1.80, 0.00) to (-17.43, 2.17, 0.78). The costmap cannot raytrace for it.
[controller_server-4] [WARN] [1790891683.926415753] [local_costmap.local_costmap]: Sensor origin at (-19.54, 0.19 -1.05) is out of map bounds (-21.35, -1.80, 0.00) to (-17.38, 2.17, 0.78). The costmap cannot raytrace for it.
[controller_server-4] [WARN] [1790891684.126444726] [local_costmap.local_costmap]: Sensor origin at (-19.48, 0.19 -1.03) is out of map bounds (-21.35, -1.80, 0.00) to (-17.38, 2.17, 0.78). The costmap cannot raytrace for it.
[controller_server-4] [WARN] [1790891684.326441701] [local_costmap.local_costmap]: Sensor origin at (-19.45, 0.19 -1.03) is out of map bounds (-21.30, -1.80, 0.00) to (-17.33, 2.17, 0.78). The costmap cannot raytrace for it.
[controller_server-4] [WARN] [1790891684.526538088] [local_costmap.local_costmap]: Sensor origin at (-19.38, 0.18 -1.00) is out of map bounds (-21.25, -1.80, 0.00) to (-17.28, 2.17, 0.78). The costmap cannot raytrace for it.
[collision_monitor-9] [INFO] [1790891684.661332397] [collision_monitor]: Robot to stop due to PolygonStop polygon
[controller_server-4] [WARN] [1790891684.726451599] [local_costmap.local_costmap]: Sensor origin at (-19.35, 0.18 -1.00) is out of map bounds (-21.20, -1.80, 0.00) to (-17.23, 2.17, 0.78). The costmap cannot raytrace for it.
[controller_server-4] [WARN] [1790891684.926459486] [local_costmap.local_costmap]: Sensor origin at (-19.30, 0.17 -1.01) is out of map bounds (-21.15, -1.80, 0.00) to (-17.18, 2.17, 0.78). The costmap cannot raytrace for it.
[collision_monitor-9] [INFO] [1790891684.957433513] [collision_monitor]: Robot to continue normal operation
[controller_server-4] [WARN] [1790891685.126427976] [local_costmap.local_costmap]: Sensor origin at (-19.28, 0.17 -1.01) is out of map bounds (-21.15, -1.80, 0.00) to (-17.18, 2.17, 0.78). The costmap cannot raytrace for it.
[controller_server-4] [WARN] [1790891685.326436769] [local_costmap.local_costmap]: Sensor origin at (-19.24, 0.17 -1.02) is out of map bounds (-21.10, -1.80, 0.00) to (-17.13, 2.17, 0.78). The costmap cannot raytrace for it.
[collision_monitor-9] [INFO] [1790891685.458731527] [collision_monitor]: Robot to approach for 0.750000 seconds away from collision
[controller_server-4] [WARN] [1790891685.526441984] [local_costmap.local_costmap]: Sensor origin at (-19.17, 0.17 -1.03) is out of map bounds (-21.05, -1.80, 0.00) to (-17.08, 2.17, 0.78). The costmap cannot raytrace for it.
[collision_monitor-9] [INFO] [1790891685.561126171] [collision_monitor]: Robot to continue normal operation
[controller_server-4] [WARN] [1790891685.726425519] [local_costmap.local_costmap]: Sensor origin at (-19.15, 0.17 -1.04) is out of map bounds (-21.00, -1.80, 0.00) to (-17.03, 2.17, 0.78). The costmap cannot raytrace for it.
[controller_server-4] [WARN] [1790891685.926441461] [local_costmap.local_costmap]: Sensor origin at (-19.11, 0.17 -1.04) is out of map bounds (-21.00, -1.80, 0.00) to (-17.03, 2.17, 0.78). The costmap cannot raytrace for it.
[controller_server-4] [WARN] [1790891686.126451239] [local_costmap.local_costmap]: Sensor origin at (-19.05, 0.18 -1.03) is out of map bounds (-20.95, -1.80, 0.00) to (-16.98, 2.17, 0.78). The costmap cannot raytrace for it.
[controller_server-4] [WARN] [1790891686.326427977] [local_costmap.local_costmap]: Sensor origin at (-19.04, 0.17 -1.03) is out of map bounds (-20.85, -1.80, 0.00) to (-16.88, 2.17, 0.78). The costmap cannot raytrace for it.
[controller_server-4] [WARN] [1790891686.526432151] [local_costmap.local_costmap]: Sensor origin at (-18.98, 0.17 -1.01) is out of map bounds (-20.80, -1.80, 0.00) to (-16.83, 2.17, 0.78). The costmap cannot raytrace for it.
[controller_server-4] [WARN] [1790891686.726437598] [local_costmap.local_costmap]: Sensor origin at (-18.95, 0.17 -1.02) is out of map bounds (-20.75, -1.80, 0.00) to (-16.78, 2.17, 0.78). The costmap cannot raytrace for it.
[controller_server-4] [WARN] [1790891686.926440846] [local_costmap.local_costmap]: Sensor origin at (-18.89, 0.17 -1.00) is out of map bounds (-20.70, -1.80, 0.00) to (-16.73, 2.17, 0.78). The costmap cannot raytrace for it.
[controller_server-4] [WARN] [1790891687.126414008] [local_costmap.local_costmap]: Sensor origin at (-18.79, 0.16 -0.97) is out of map bounds (-20.65, -1.80, 0.00) to (-16.68, 2.17, 0.78). The costmap cannot raytrace for it.
[controller_server-4] [WARN] [1790891687.326387797] [local_costmap.local_costmap]: Sensor origin at (-18.76, 0.16 -0.96) is out of map bounds (-20.65, -1.80, 0.00) to (-16.68, 2.17, 0.78). The costmap cannot raytrace for it.
[smoother_server-3] [INFO] [1790891687.375348154] [smoother_server]: Received a path to smooth.
[controller_server-4] [WARN] [1790891687.385327413] [controller_server]: [follow_path] [ActionServer] Aborting handle.
[controller_server-4] [INFO] [1790891687.386659609] [controller_server]: Passing new path to controller.
[controller_server-4] [WARN] [1790891687.526448532] [local_costmap.local_costmap]: Sensor origin at (-18.71, 0.15 -0.94) is out of map bounds (-20.60, -1.80, 0.00) to (-16.63, 2.17, 0.78). The costmap cannot raytrace for it.
[controller_server-4] [WARN] [1790891687.726414599] [local_costmap.local_costmap]: Sensor origin at (-18.69, 0.15 -0.93) is out of map bounds (-20.55, -1.85, 0.00) to (-16.58, 2.12, 0.78). The costmap cannot raytrace for it.
[controller_server-4] [WARN] [1790891687.926443526] [local_costmap.local_costmap]: Sensor origin at (-18.65, 0.14 -0.92) is out of map bounds (-20.55, -1.85, 0.00) to (-16.58, 2.12, 0.78). The costmap cannot raytrace for it.
[controller_server-4] [WARN] [1790891688.126457311] [local_costmap.local_costmap]: Sensor origin at (-18.64, 0.14 -0.92) is out of map bounds (-20.45, -1.85, 0.00) to (-16.48, 2.12, 0.78). The costmap cannot raytrace for it.
[collision_monitor-9] [INFO] [1790891688.266454128] [collision_monitor]: Robot to stop due to PolygonStop polygon
[controller_server-4] [WARN] [1790891688.326428661] [local_costmap.local_costmap]: Sensor origin at (-18.58, 0.14 -0.93) is out of map bounds (-20.40, -1.85, 0.00) to (-16.43, 2.12, 0.78). The costmap cannot raytrace for it.
[collision_monitor-9] [INFO] [1790891688.359684284] [collision_monitor]: Robot to continue normal operation
[controller_server-4] [WARN] [1790891688.526440198] [local_costmap.local_costmap]: Sensor origin at (-18.52, 0.14 -0.93) is out of map bounds (-20.35, -1.85, 0.00) to (-16.38, 2.12, 0.78). The costmap cannot raytrace for it.
[controller_server-4] [WARN] [1790891688.726419855] [local_costmap.local_costmap]: Sensor origin at (-18.50, 0.14 -0.93) is out of map bounds (-20.30, -1.85, 0.00) to (-16.33, 2.12, 0.78). The costmap cannot raytrace for it.
[controller_server-4] [WARN] [1790891688.926417580] [local_costmap.local_costmap]: Sensor origin at (-18.41, 0.14 -0.93) is out of map bounds (-20.25, -1.85, 0.00) to (-16.28, 2.12, 0.78). The costmap cannot raytrace for it.
[collision_monitor-9] [INFO] [1790891688.963119878] [collision_monitor]: Robot to approach for 0.750000 seconds away from collision
[controller_server-4] [WARN] [1790891689.126433356] [local_costmap.local_costmap]: Sensor origin at (-18.38, 0.14 -0.93) is out of map bounds (-20.20, -1.85, 0.00) to (-16.23, 2.12, 0.78). The costmap cannot raytrace for it.
[controller_server-4] [WARN] [1790891689.326437122] [local_costmap.local_costmap]: Sensor origin at (-18.30, 0.14 -0.93) is out of map bounds (-20.20, -1.85, 0.00) to (-16.23, 2.12, 0.78). The costmap cannot raytrace for it.
[controller_server-4] [WARN] [1790891689.526443082] [local_costmap.local_costmap]: Sensor origin at (-18.27, 0.14 -0.94) is out of map bounds (-20.15, -1.85, 0.00) to (-16.18, 2.12, 0.78). The costmap cannot raytrace for it.
[collision_monitor-9] [INFO] [1790891689.661404070] [collision_monitor]: Robot to continue normal operation
[controller_server-4] [WARN] [1790891689.726453053] [local_costmap.local_costmap]: Sensor origin at (-18.21, 0.13 -0.94) is out of map bounds (-20.10, -1.85, 0.00) to (-16.13, 2.12, 0.78). The costmap cannot raytrace for it.
[collision_monitor-9] [INFO] [1790891689.855102248] [collision_monitor]: Robot to stop due to PolygonStop polygon
[controller_server-4] [WARN] [1790891689.926424428] [local_costmap.local_costmap]: Sensor origin at (-18.18, 0.13 -0.94) is out of map bounds (-20.05, -1.85, 0.00) to (-16.08, 2.12, 0.78). The costmap cannot raytrace for it.
[collision_monitor-9] [INFO] [1790891690.059631861] [collision_monitor]: Robot to continue normal operation
[controller_server-4] [WARN] [1790891690.126419523] [local_costmap.local_costmap]: Sensor origin at (-18.17, 0.13 -0.94) is out of map bounds (-20.05, -1.85, 0.00) to (-16.08, 2.12, 0.78). The costmap cannot raytrace for it.
[collision_monitor-9] [INFO] [1790891690.171593553] [collision_monitor]: Robot to stop due to PolygonStop polygon
[collision_monitor-9] [INFO] [1790891690.263625063] [collision_monitor]: Robot to continue normal operation
[controller_server-4] [WARN] [1790891690.326450498] [local_costmap.local_costmap]: Sensor origin at (-18.11, 0.14 -0.94) is out of map bounds (-20.00, -1.85, 0.00) to (-16.03, 2.12, 0.78). The costmap cannot raytrace for it.
[controller_server-4] [WARN] [1790891690.526543284] [local_costmap.local_costmap]: Sensor origin at (-18.10, 0.14 -0.93) is out of map bounds (-19.95, -1.85, 0.00) to (-15.98, 2.12, 0.78). The costmap cannot raytrace for it.
[controller_server-4] [WARN] [1790891690.726460702] [local_costmap.local_costmap]: Sensor origin at (-18.05, 0.14 -0.93) is out of map bounds (-19.90, -1.85, 0.00) to (-15.93, 2.12, 0.78). The costmap cannot raytrace for it.
[controller_server-4] [WARN] [1790891690.926414547] [local_costmap.local_costmap]: Sensor origin at (-18.03, 0.14 -0.93) is out of map bounds (-19.80, -1.85, 0.00) to (-15.83, 2.12, 0.78). The costmap cannot raytrace for it.
[controller_server-4] [WARN] [1790891691.126526873] [local_costmap.local_costmap]: Sensor origin at (-17.98, 0.14 -0.92) is out of map bounds (-19.75, -1.85, 0.00) to (-15.78, 2.12, 0.78). The costmap cannot raytrace for it.
[controller_server-4] [WARN] [1790891691.326431146] [local_costmap.local_costmap]: Sensor origin at (-17.92, 0.14 -0.91) is out of map bounds (-19.70, -1.85, 0.00) to (-15.73, 2.12, 0.78). The costmap cannot raytrace for it.
[controller_server-4] [WARN] [1790891691.526423604] [local_costmap.local_costmap]: Sensor origin at (-17.85, 0.14 -0.90) is out of map bounds (-19.65, -1.85, 0.00) to (-15.68, 2.12, 0.78). The costmap cannot raytrace for it.
[controller_server-4] [WARN] [1790891691.726429170] [local_costmap.local_costmap]: Sensor origin at (-17.75, 0.13 -0.91) is out of map bounds (-19.60, -1.85, 0.00) to (-15.63, 2.12, 0.78). The costmap cannot raytrace for it.
[controller_server-4] [WARN] [1790891691.926419605] [local_costmap.local_costmap]: Sensor origin at (-17.72, 0.13 -0.91) is out of map bounds (-19.60, -1.85, 0.00) to (-15.63, 2.12, 0.78). The costmap cannot raytrace for it.
[controller_server-4] [WARN] [1790891692.126413270] [local_costmap.local_costmap]: Sensor origin at (-17.65, 0.11 -0.91) is out of map bounds (-19.55, -1.85, 0.00) to (-15.58, 2.12, 0.78). The costmap cannot raytrace for it.
[controller_server-4] [WARN] [1790891692.326420874] [local_costmap.local_costmap]: Sensor origin at (-17.64, 0.11 -0.91) is out of map bounds (-19.50, -1.85, 0.00) to (-15.53, 2.12, 0.78). The costmap cannot raytrace for it.
[path_follower-12] [WARN] [1790891692.397767806] [path_follower]: plano CRU descartado — segurança exige /plan_smoothed; aguardando o suavizador
[smoother_server-3] [INFO] [1790891692.415264496] [smoother_server]: Received a path to smooth.
[controller_server-4] [WARN] [1790891692.425211912] [controller_server]: [follow_path] [ActionServer] Aborting handle.
[controller_server-4] [WARN] [1790891692.526434415] [local_costmap.local_costmap]: Sensor origin at (-17.60, 0.11 -0.92) is out of map bounds (-19.45, -1.85, 0.00) to (-15.48, 2.12, 0.78). The costmap cannot raytrace for it.
[controller_server-4] [INFO] [1790891692.586631169] [controller_server]: Passing new path to controller.
[controller_server-4] [WARN] [1790891692.726440354] [local_costmap.local_costmap]: Sensor origin at (-17.54, 0.11 -0.93) is out of map bounds (-19.40, -1.85, 0.00) to (-15.43, 2.12, 0.78). The costmap cannot raytrace for it.
[controller_server-4] [WARN] [1790891692.926469204] [local_costmap.local_costmap]: Sensor origin at (-17.52, 0.11 -0.93) is out of map bounds (-19.35, -1.85, 0.00) to (-15.38, 2.12, 0.78). The costmap cannot raytrace for it.
[path_follower-12] [INFO] [1790891693.093061003] [path_follower]: parado (chegou)
[controller_server-4] [WARN] [1790891693.126451427] [local_costmap.local_costmap]: Sensor origin at (-17.45, 0.12 -0.93) is out of map bounds (-19.30, -1.85, 0.00) to (-15.33, 2.12, 0.78). The costmap cannot raytrace for it.
[controller_server-4] [WARN] [1790891693.326429568] [local_costmap.local_costmap]: Sensor origin at (-17.43, 0.12 -0.94) is out of map bounds (-19.25, -1.85, 0.00) to (-15.28, 2.12, 0.78). The costmap cannot raytrace for it.
[controller_server-4] [WARN] [1790891693.526426629] [local_costmap.local_costmap]: Sensor origin at (-17.35, 0.13 -0.97) is out of map bounds (-19.20, -1.85, 0.00) to (-15.23, 2.12, 0.78). The costmap cannot raytrace for it.
[controller_server-4] [WARN] [1790891693.726445508] [local_costmap.local_costmap]: Sensor origin at (-17.32, 0.13 -0.98) is out of map bounds (-19.20, -1.85, 0.00) to (-15.23, 2.12, 0.78). The costmap cannot raytrace for it.
[collision_monitor-9] [INFO] [1790891693.760320430] [collision_monitor]: Robot to stop due to PolygonStop polygon
[controller_server-4] [WARN] [1790891693.926424261] [local_costmap.local_costmap]: Sensor origin at (-17.25, 0.12 -0.99) is out of map bounds (-19.15, -1.85, 0.00) to (-15.18, 2.12, 0.78). The costmap cannot raytrace for it.
[collision_monitor-9] [INFO] [1790891693.964192933] [collision_monitor]: Robot to continue normal operation
[controller_server-4] [INFO] [1790891693.986760895] [controller_server]: Reached the goal!
[bt_navigator-5] [INFO] [1790891694.015562745] [bt_navigator]: Goal succeeded
[controller_server-4] [WARN] [1790891694.126469915] [local_costmap.local_costmap]: Sensor origin at (-17.23, 0.12 -1.00) is out of map bounds (-19.15, -1.85, 0.00) to (-15.18, 2.12, 0.78). The costmap cannot raytrace for it.
[collision_monitor-9] [INFO] [1790891694.178073081] [collision_monitor]: Robot to stop due to PolygonStop polygon
[controller_server-4] [WARN] [1790891694.326456004] [local_costmap.local_costmap]: Sensor origin at (-17.19, 0.11 -0.99) is out of map bounds (-19.15, -1.85, 0.00) to (-15.18, 2.12, 0.78). The costmap cannot raytrace for it.
[controller_server-4] [WARN] [1790891694.526464283] [local_costmap.local_costmap]: Sensor origin at (-17.16, 0.12 -0.96) is out of map bounds (-19.15, -1.85, 0.00) to (-15.18, 2.12, 0.78). The costmap cannot raytrace for it.
[controller_server-4] [WARN] [1790891694.726432500] [local_costmap.local_costmap]: Sensor origin at (-17.15, 0.12 -0.96) is out of map bounds (-19.15, -1.85, 0.00) to (-15.18, 2.12, 0.78). The costmap cannot raytrace for it.
[collision_monitor-9] [INFO] [1790891694.861407477] [collision_monitor]: Robot to continue normal operation
[controller_server-4] [WARN] [1790891694.926414534] [local_costmap.local_costmap]: Sensor origin at (-17.18, 0.12 -0.95) is out of map bounds (-19.15, -1.85, 0.00) to (-15.18, 2.12, 0.78). The costmap cannot raytrace for it.
[heading_controller-8] [WARN] [1790891695.066655474] [heading_controller]: alvo de rumo venceu
[controller_server-4] [WARN] [1790891695.126430924] [local_costmap.local_costmap]: Sensor origin at (-17.19, 0.13 -0.95) is out of map bounds (-19.15, -1.85, 0.00) to (-15.18, 2.12, 0.78). The costmap cannot raytrace for it.
[controller_server-4] [WARN] [1790891695.326423281] [local_costmap.local_costmap]: Sensor origin at (-17.19, 0.13 -0.96) is out of map bounds (-19.15, -1.85, 0.00) to (-15.18, 2.12, 0.78). The costmap cannot raytrace for it.
[controller_server-4] [WARN] [1790891695.526432444] [local_costmap.local_costmap]: Sensor origin at (-17.19, 0.13 -0.96) is out of map bounds (-19.15, -1.85, 0.00) to (-15.18, 2.12, 0.78). The costmap cannot raytrace for it.
[controller_server-4] [WARN] [1790891695.726439285] [local_costmap.local_costmap]: Sensor origin at (-17.18, 0.12 -0.98) is out of map bounds (-19.15, -1.85, 0.00) to (-15.18, 2.12, 0.78). The costmap cannot raytrace for it.
[controller_server-4] [WARN] [1790891695.926441872] [local_costmap.local_costmap]: Sensor origin at (-17.18, 0.12 -0.98) is out of map bounds (-19.15, -1.85, 0.00) to (-15.18, 2.12, 0.78). The costmap cannot raytrace for it.
[controller_server-4] [WARN] [1790891696.126458883] [local_costmap.local_costmap]: Sensor origin at (-17.17, 0.11 -0.98) is out of map bounds (-19.15, -1.85, 0.00) to (-15.18, 2.12, 0.78). The costmap cannot raytrace for it.
[controller_server-4] [WARN] [1790891696.326446750] [local_costmap.local_costmap]: Sensor origin at (-17.17, 0.11 -0.98) is out of map bounds (-19.15, -1.85, 0.00) to (-15.18, 2.12, 0.78). The costmap cannot raytrace for it.
[controller_server-4] [WARN] [1790891696.526456805] [local_costmap.local_costmap]: Sensor origin at (-17.16, 0.11 -0.97) is out of map bounds (-19.15, -1.85, 0.00) to (-15.18, 2.12, 0.78). The costmap cannot raytrace for it.
[controller_server-4] [WARN] [1790891696.726433781] [local_costmap.local_costmap]: Sensor origin at (-17.17, 0.11 -0.97) is out of map bounds (-19.15, -1.85, 0.00) to (-15.18, 2.12, 0.78). The costmap cannot raytrace for it.
[controller_server-4] [WARN] [1790891696.926434085] [local_costmap.local_costmap]: Sensor origin at (-17.17, 0.11 -0.97) is out of map bounds (-19.15, -1.85, 0.00) to (-15.18, 2.12, 0.78). The costmap cannot raytrace for it.
[controller_server-4] [WARN] [1790891697.126418776] [local_costmap.local_costmap]: Sensor origin at (-17.16, 0.11 -0.97) is out of map bounds (-19.15, -1.85, 0.00) to (-15.18, 2.12, 0.78). The costmap cannot raytrace for it.
[controller_server-4] [WARN] [1790891697.326470413] [local_costmap.local_costmap]: Sensor origin at (-17.16, 0.11 -0.97) is out of map bounds (-19.15, -1.85, 0.00) to (-15.18, 2.12, 0.78). The costmap cannot raytrace for it.
[controller_server-4] [WARN] [1790891697.526431913] [local_costmap.local_costmap]: Sensor origin at (-17.16, 0.11 -0.96) is out of map bounds (-19.15, -1.85, 0.00) to (-15.18, 2.12, 0.78). The costmap cannot raytrace for it.
[controller_server-4] [WARN] [1790891697.726433128] [local_costmap.local_costmap]: Sensor origin at (-17.18, 0.11 -0.96) is out of map bounds (-19.15, -1.85, 0.00) to (-15.18, 2.12, 0.78). The costmap cannot raytrace for it.
[controller_server-4] [WARN] [1790891697.926430576] [local_costmap.local_costmap]: Sensor origin at (-17.18, 0.11 -0.96) is out of map bounds (-19.15, -1.85, 0.00) to (-15.18, 2.12, 0.78). The costmap cannot raytrace for it.
[collision_monitor-9] [INFO] [1790891697.959925620] [collision_monitor]: Robot to stop due to PolygonStop polygon
[controller_server-4] [WARN] [1790891698.126428674] [local_costmap.local_costmap]: Sensor origin at (-17.18, 0.11 -0.96) is out of map bounds (-19.15, -1.85, 0.00) to (-15.18, 2.12, 0.78). The costmap cannot raytrace for it.
[collision_monitor-9] [INFO] [1790891698.174627958] [collision_monitor]: Robot to continue normal operation
[collision_monitor-9] [INFO] [1790891698.257005503] [collision_monitor]: Robot to stop due to PolygonStop polygon
[controller_server-4] [WARN] [1790891698.326440437] [local_costmap.local_costmap]: Sensor origin at (-17.19, 0.11 -0.96) is out of map bounds (-19.15, -1.85, 0.00) to (-15.18, 2.12, 0.78). The costmap cannot raytrace for it.
[collision_monitor-9] [INFO] [1790891698.359223590] [collision_monitor]: Robot to continue normal operation
[controller_server-4] [WARN] [1790891698.526416524] [local_costmap.local_costmap]: Sensor origin at (-17.17, 0.11 -0.96) is out of map bounds (-19.15, -1.85, 0.00) to (-15.18, 2.12, 0.78). The costmap cannot raytrace for it.
[collision_monitor-9] [INFO] [1790891698.562774566] [collision_monitor]: Robot to stop due to PolygonStop polygon
[collision_monitor-9] [INFO] [1790891698.664812350] [collision_monitor]: Robot to continue normal operation
[controller_server-4] [WARN] [1790891698.726442485] [local_costmap.local_costmap]: Sensor origin at (-17.16, 0.11 -0.96) is out of map bounds (-19.15, -1.85, 0.00) to (-15.18, 2.12, 0.78). The costmap cannot raytrace for it.
[controller_server-4] [WARN] [1790891698.926429787] [local_costmap.local_costmap]: Sensor origin at (-17.16, 0.11 -0.97) is out of map bounds (-19.15, -1.85, 0.00) to (-15.18, 2.12, 0.78). The costmap cannot raytrace for it.
[controller_server-4] [WARN] [1790891699.126430539] [local_costmap.local_costmap]: Sensor origin at (-17.16, 0.11 -0.96) is out of map bounds (-19.15, -1.85, 0.00) to (-15.18, 2.12, 0.78). The costmap cannot raytrace for it.
[controller_server-4] [WARN] [1790891699.326451661] [local_costmap.local_costmap]: Sensor origin at (-17.17, 0.11 -0.96) is out of map bounds (-19.15, -1.85, 0.00) to (-15.18, 2.12, 0.78). The costmap cannot raytrace for it.
[controller_server-4] [WARN] [1790891699.526396791] [local_costmap.local_costmap]: Sensor origin at (-17.17, 0.11 -0.96) is out of map bounds (-19.15, -1.85, 0.00) to (-15.18, 2.12, 0.78). The costmap cannot raytrace for it.
[collision_monitor-9] [INFO] [1790891699.563144752] [collision_monitor]: Robot to stop due to PolygonStop polygon
[controller_server-4] [WARN] [1790891699.726433202] [local_costmap.local_costmap]: Sensor origin at (-17.17, 0.11 -0.96) is out of map bounds (-19.15, -1.85, 0.00) to (-15.18, 2.12, 0.78). The costmap cannot raytrace for it.
[collision_monitor-9] [INFO] [1790891699.757214893] [collision_monitor]: Robot to continue normal operation
[controller_server-4] [WARN] [1790891699.926418681] [local_costmap.local_costmap]: Sensor origin at (-17.17, 0.11 -0.96) is out of map bounds (-19.15, -1.85, 0.00) to (-15.18, 2.12, 0.78). The costmap cannot raytrace for it.
[collision_monitor-9] [INFO] [1790891699.961693884] [collision_monitor]: Robot to stop due to PolygonStop polygon
[collision_monitor-9] [INFO] [1790891700.063822906] [collision_monitor]: Robot to continue normal operation
[heading_controller-8] [WARN] [1790891700.066926810] [heading_controller]: alvo de rumo venceu
[controller_server-4] [WARN] [1790891700.126445138] [local_costmap.local_costmap]: Sensor origin at (-17.16, 0.11 -0.96) is out of map bounds (-19.15, -1.85, 0.00) to (-15.18, 2.12, 0.78). The costmap cannot raytrace for it.
[controller_server-4] [WARN] [1790891700.326487778] [local_costmap.local_costmap]: Sensor origin at (-17.16, 0.11 -0.97) is out of map bounds (-19.15, -1.85, 0.00) to (-15.18, 2.12, 0.78). The costmap cannot raytrace for it.
[controller_server-4] [WARN] [1790891700.526420039] [local_costmap.local_costmap]: Sensor origin at (-17.16, 0.11 -0.96) is out of map bounds (-19.15, -1.85, 0.00) to (-15.18, 2.12, 0.78). The costmap cannot raytrace for it.
[controller_server-4] [WARN] [1790891700.726431601] [local_costmap.local_costmap]: Sensor origin at (-17.15, 0.11 -0.97) is out of map bounds (-19.15, -1.85, 0.00) to (-15.18, 2.12, 0.78). The costmap cannot raytrace for it.
[controller_server-4] [WARN] [1790891700.926455226] [local_costmap.local_costmap]: Sensor origin at (-17.16, 0.11 -0.96) is out of map bounds (-19.15, -1.85, 0.00) to (-15.18, 2.12, 0.78). The costmap cannot raytrace for it.
[controller_server-4] [WARN] [1790891701.126445458] [local_costmap.local_costmap]: Sensor origin at (-17.16, 0.11 -0.97) is out of map bounds (-19.15, -1.85, 0.00) to (-15.18, 2.12, 0.78). The costmap cannot raytrace for it.
[controller_server-4] [WARN] [1790891701.326460726] [local_costmap.local_costmap]: Sensor origin at (-17.16, 0.11 -0.98) is out of map bounds (-19.15, -1.85, 0.00) to (-15.18, 2.12, 0.78). The costmap cannot raytrace for it.
[controller_server-4] [WARN] [1790891701.526428971] [local_costmap.local_costmap]: Sensor origin at (-17.15, 0.11 -0.99) is out of map bounds (-19.15, -1.85, 0.00) to (-15.18, 2.12, 0.78). The costmap cannot raytrace for it.
[path_follower-12] [INFO] [1790891701.551255342] [path_follower]: 3456 amostras -> /home/bara/logs_robo2/seguidor_2026-10-01_185111.csv
[controller_server-4] [WARN] [1790891701.726432555] [local_costmap.local_costmap]: Sensor origin at (-17.15, 0.11 -0.98) is out of map bounds (-19.15, -1.85, 0.00) to (-15.18, 2.12, 0.78). The costmap cannot raytrace for it.
[collision_monitor-9] [INFO] [1790891701.861874112] [collision_monitor]: Robot to stop due to PolygonStop polygon
[controller_server-4] [WARN] [1790891701.926424683] [local_costmap.local_costmap]: Sensor origin at (-17.16, 0.11 -0.98) is out of map bounds (-19.15, -1.85, 0.00) to (-15.18, 2.12, 0.78). The costmap cannot raytrace for it.
[collision_monitor-9] [INFO] [1790891702.065872280] [collision_monitor]: Robot to continue normal operation
[controller_server-4] [WARN] [1790891702.126434412] [local_costmap.local_costmap]: Sensor origin at (-17.15, 0.11 -0.98) is out of map bounds (-19.15, -1.85, 0.00) to (-15.18, 2.12, 0.78). The costmap cannot raytrace for it.
[controller_server-4] [WARN] [1790891702.326452239] [local_costmap.local_costmap]: Sensor origin at (-17.16, 0.11 -0.97) is out of map bounds (-19.15, -1.85, 0.00) to (-15.18, 2.12, 0.78). The costmap cannot raytrace for it.
[controller_server-4] [WARN] [1790891702.526422508] [local_costmap.local_costmap]: Sensor origin at (-17.17, 0.11 -0.96) is out of map bounds (-19.15, -1.85, 0.00) to (-15.18, 2.12, 0.78). The costmap cannot raytrace for it.
[controller_server-4] [WARN] [1790891702.726433006] [local_costmap.local_costmap]: Sensor origin at (-17.17, 0.11 -0.96) is out of map bounds (-19.15, -1.85, 0.00) to (-15.18, 2.12, 0.78). The costmap cannot raytrace for it.
[controller_server-4] [WARN] [1790891702.926428727] [local_costmap.local_costmap]: Sensor origin at (-17.17, 0.11 -0.96) is out of map bounds (-19.15, -1.85, 0.00) to (-15.18, 2.12, 0.78). The costmap cannot raytrace for it.
[collision_monitor-9] [INFO] [1790891703.058227955] [collision_monitor]: Robot to stop due to PolygonStop polygon
[controller_server-4] [WARN] [1790891703.126476534] [local_costmap.local_costmap]: Sensor origin at (-17.17, 0.11 -0.96) is out of map bounds (-19.15, -1.85, 0.00) to (-15.18, 2.12, 0.78). The costmap cannot raytrace for it.
[collision_monitor-9] [INFO] [1790891703.170994764] [collision_monitor]: Robot to continue normal operation
[controller_server-4] [WARN] [1790891703.326425553] [local_costmap.local_costmap]: Sensor origin at (-17.16, 0.11 -0.96) is out of map bounds (-19.15, -1.85, 0.00) to (-15.18, 2.12, 0.78). The costmap cannot raytrace for it.
[collision_monitor-9] [INFO] [1790891703.355449191] [collision_monitor]: Robot to stop due to PolygonStop polygon
[controller_server-4] [WARN] [1790891703.526434722] [local_costmap.local_costmap]: Sensor origin at (-17.16, 0.11 -0.97) is out of map bounds (-19.15, -1.85, 0.00) to (-15.18, 2.12, 0.78). The costmap cannot raytrace for it.
[collision_monitor-9] [INFO] [1790891703.569292963] [collision_monitor]: Robot to continue normal operation
[controller_server-4] [WARN] [1790891703.726441813] [local_costmap.local_costmap]: Sensor origin at (-17.16, 0.11 -0.98) is out of map bounds (-19.15, -1.85, 0.00) to (-15.18, 2.12, 0.78). The costmap cannot raytrace for it.
[controller_server-4] [WARN] [1790891703.926423832] [local_costmap.local_costmap]: Sensor origin at (-17.16, 0.11 -0.97) is out of map bounds (-19.15, -1.85, 0.00) to (-15.18, 2.12, 0.78). The costmap cannot raytrace for it.
[controller_server-4] [WARN] [1790891704.126426084] [local_costmap.local_costmap]: Sensor origin at (-17.16, 0.11 -0.98) is out of map bounds (-19.15, -1.85, 0.00) to (-15.18, 2.12, 0.78). The costmap cannot raytrace for it.
[controller_server-4] [WARN] [1790891704.326425014] [local_costmap.local_costmap]: Sensor origin at (-17.16, 0.11 -0.97) is out of map bounds (-19.15, -1.85, 0.00) to (-15.18, 2.12, 0.78). The costmap cannot raytrace for it.
[controller_server-4] [WARN] [1790891704.526424824] [local_costmap.local_costmap]: Sensor origin at (-17.17, 0.11 -0.96) is out of map bounds (-19.15, -1.85, 0.00) to (-15.18, 2.12, 0.78). The costmap cannot raytrace for it.
[controller_server-4] [WARN] [1790891704.726451773] [local_costmap.local_costmap]: Sensor origin at (-17.17, 0.11 -0.95) is out of map bounds (-19.15, -1.85, 0.00) to (-15.18, 2.12, 0.78). The costmap cannot raytrace for it.
[controller_server-4] [WARN] [1790891704.926453736] [local_costmap.local_costmap]: Sensor origin at (-17.17, 0.11 -0.97) is out of map bounds (-19.15, -1.85, 0.00) to (-15.18, 2.12, 0.78). The costmap cannot raytrace for it.
[heading_controller-8] [WARN] [1790891705.116781630] [heading_controller]: alvo de rumo venceu
[controller_server-4] [WARN] [1790891705.126428644] [local_costmap.local_costmap]: Sensor origin at (-17.17, 0.11 -0.96) is out of map bounds (-19.15, -1.85, 0.00) to (-15.18, 2.12, 0.78). The costmap cannot raytrace for it.
[controller_server-4] [WARN] [1790891705.326430734] [local_costmap.local_costmap]: Sensor origin at (-17.17, 0.11 -0.97) is out of map bounds (-19.15, -1.85, 0.00) to (-15.18, 2.12, 0.78). The costmap cannot raytrace for it.
[collision_monitor-9] [INFO] [1790891705.359283551] [collision_monitor]: Robot to stop due to PolygonStop polygon
[collision_monitor-9] [INFO] [1790891705.461208064] [collision_monitor]: Robot to continue normal operation
[controller_server-4] [WARN] [1790891705.526443387] [local_costmap.local_costmap]: Sensor origin at (-17.17, 0.11 -0.97) is out of map bounds (-19.15, -1.85, 0.00) to (-15.18, 2.12, 0.78). The costmap cannot raytrace for it.
[controller_server-4] [WARN] [1790891705.726420042] [local_costmap.local_costmap]: Sensor origin at (-17.16, 0.11 -0.97) is out of map bounds (-19.15, -1.85, 0.00) to (-15.18, 2.12, 0.78). The costmap cannot raytrace for it.
[controller_server-4] [WARN] [1790891705.926422605] [local_costmap.local_costmap]: Sensor origin at (-17.16, 0.11 -0.98) is out of map bounds (-19.15, -1.85, 0.00) to (-15.18, 2.12, 0.78). The costmap cannot raytrace for it.
[controller_server-4] [WARN] [1790891706.126433509] [local_costmap.local_costmap]: Sensor origin at (-17.16, 0.11 -0.98) is out of map bounds (-19.15, -1.85, 0.00) to (-15.18, 2.12, 0.78). The costmap cannot raytrace for it.
[controller_server-4] [WARN] [1790891706.326436245] [local_costmap.local_costmap]: Sensor origin at (-17.16, 0.11 -0.98) is out of map bounds (-19.15, -1.85, 0.00) to (-15.18, 2.12, 0.78). The costmap cannot raytrace for it.
[controller_server-4] [WARN] [1790891706.526418257] [local_costmap.local_costmap]: Sensor origin at (-17.17, 0.11 -0.96) is out of map bounds (-19.15, -1.85, 0.00) to (-15.18, 2.12, 0.78). The costmap cannot raytrace for it.
[controller_server-4] [WARN] [1790891706.726433033] [local_costmap.local_costmap]: Sensor origin at (-17.16, 0.11 -0.96) is out of map bounds (-19.15, -1.85, 0.00) to (-15.18, 2.12, 0.78). The costmap cannot raytrace for it.
[collision_monitor-9] [INFO] [1790891706.861667655] [collision_monitor]: Robot to stop due to PolygonStop polygon
[controller_server-4] [WARN] [1790891706.926424780] [local_costmap.local_costmap]: Sensor origin at (-17.17, 0.11 -0.96) is out of map bounds (-19.15, -1.85, 0.00) to (-15.18, 2.12, 0.78). The costmap cannot raytrace for it.
[collision_monitor-9] [INFO] [1790891706.963743791] [collision_monitor]: Robot to continue normal operation
[collision_monitor-9] [INFO] [1790891707.058262646] [collision_monitor]: Robot to stop due to PolygonStop polygon
[controller_server-4] [WARN] [1790891707.126444253] [local_costmap.local_costmap]: Sensor origin at (-17.16, 0.11 -0.97) is out of map bounds (-19.15, -1.85, 0.00) to (-15.18, 2.12, 0.78). The costmap cannot raytrace for it.
[collision_monitor-9] [INFO] [1790891707.170495730] [collision_monitor]: Robot to continue normal operation
[controller_server-4] [WARN] [1790891707.326422482] [local_costmap.local_costmap]: Sensor origin at (-17.17, 0.11 -0.97) is out of map bounds (-19.15, -1.85, 0.00) to (-15.18, 2.12, 0.78). The costmap cannot raytrace for it.
[controller_server-4] [WARN] [1790891707.526475591] [local_costmap.local_costmap]: Sensor origin at (-17.17, 0.11 -0.97) is out of map bounds (-19.15, -1.85, 0.00) to (-15.18, 2.12, 0.78). The costmap cannot raytrace for it.
[collision_monitor-9] [INFO] [1790891707.660247988] [collision_monitor]: Robot to stop due to PolygonStop polygon
[controller_server-4] [WARN] [1790891707.726448095] [local_costmap.local_costmap]: Sensor origin at (-17.16, 0.11 -0.98) is out of map bounds (-19.15, -1.85, 0.00) to (-15.18, 2.12, 0.78). The costmap cannot raytrace for it.
[collision_monitor-9] [INFO] [1790891707.864514525] [collision_monitor]: Robot to continue normal operation
[controller_server-4] [WARN] [1790891707.926432978] [local_costmap.local_costmap]: Sensor origin at (-17.16, 0.11 -0.97) is out of map bounds (-19.15, -1.85, 0.00) to (-15.18, 2.12, 0.78). The costmap cannot raytrace for it.
[controller_server-4] [WARN] [1790891708.126430319] [local_costmap.local_costmap]: Sensor origin at (-17.16, 0.11 -0.97) is out of map bounds (-19.15, -1.85, 0.00) to (-15.18, 2.12, 0.78). The costmap cannot raytrace for it.
[controller_server-4] [WARN] [1790891708.326452076] [local_costmap.local_costmap]: Sensor origin at (-17.16, 0.11 -0.96) is out of map bounds (-19.15, -1.85, 0.00) to (-15.18, 2.12, 0.78). The costmap cannot raytrace for it.
[controller_server-4] [WARN] [1790891708.526434310] [local_costmap.local_costmap]: Sensor origin at (-17.16, 0.11 -0.96) is out of map bounds (-19.15, -1.85, 0.00) to (-15.18, 2.12, 0.78). The costmap cannot raytrace for it.
[controller_server-4] [WARN] [1790891708.726446283] [local_costmap.local_costmap]: Sensor origin at (-17.17, 0.11 -0.97) is out of map bounds (-19.15, -1.85, 0.00) to (-15.18, 2.12, 0.78). The costmap cannot raytrace for it.
[collision_monitor-9] [INFO] [1790891708.858685254] [collision_monitor]: Robot to stop due to PolygonStop polygon
[controller_server-4] [WARN] [1790891708.926452621] [local_costmap.local_costmap]: Sensor origin at (-17.16, 0.11 -0.98) is out of map bounds (-19.15, -1.85, 0.00) to (-15.18, 2.12, 0.78). The costmap cannot raytrace for it.
[collision_monitor-9] [INFO] [1790891709.062793907] [collision_monitor]: Robot to continue normal operation
[controller_server-4] [WARN] [1790891709.126453058] [local_costmap.local_costmap]: Sensor origin at (-17.16, 0.11 -0.98) is out of map bounds (-19.15, -1.85, 0.00) to (-15.18, 2.12, 0.78). The costmap cannot raytrace for it.
[controller_server-4] [WARN] [1790891709.326458028] [local_costmap.local_costmap]: Sensor origin at (-17.16, 0.11 -0.98) is out of map bounds (-19.15, -1.85, 0.00) to (-15.18, 2.12, 0.78). The costmap cannot raytrace for it.
[controller_server-4] [WARN] [1790891709.526441195] [local_costmap.local_costmap]: Sensor origin at (-17.16, 0.11 -0.97) is out of map bounds (-19.15, -1.85, 0.00) to (-15.18, 2.12, 0.78). The costmap cannot raytrace for it.
[controller_server-4] [WARN] [1790891709.726415504] [local_costmap.local_costmap]: Sensor origin at (-17.17, 0.11 -0.97) is out of map bounds (-19.15, -1.85, 0.00) to (-15.18, 2.12, 0.78). The costmap cannot raytrace for it.
[collision_monitor-9] [INFO] [1790891709.766604627] [collision_monitor]: Robot to stop due to PolygonStop polygon
[controller_server-4] [WARN] [1790891709.926459271] [local_costmap.local_costmap]: Sensor origin at (-17.17, 0.11 -0.96) is out of map bounds (-19.15, -1.85, 0.00) to (-15.18, 2.12, 0.78). The costmap cannot raytrace for it.
[collision_monitor-9] [INFO] [1790891710.063370173] [collision_monitor]: Robot to continue normal operation
[heading_controller-8] [WARN] [1790891710.116881974] [heading_controller]: alvo de rumo venceu
[controller_server-4] [WARN] [1790891710.126426288] [local_costmap.local_costmap]: Sensor origin at (-17.17, 0.11 -0.96) is out of map bounds (-19.15, -1.85, 0.00) to (-15.18, 2.12, 0.78). The costmap cannot raytrace for it.
[controller_server-4] [WARN] [1790891710.326431767] [local_costmap.local_costmap]: Sensor origin at (-17.17, 0.11 -0.97) is out of map bounds (-19.15, -1.85, 0.00) to (-15.18, 2.12, 0.78). The costmap cannot raytrace for it.
[controller_server-4] [WARN] [1790891710.526418487] [local_costmap.local_costmap]: Sensor origin at (-17.17, 0.11 -0.97) is out of map bounds (-19.15, -1.85, 0.00) to (-15.18, 2.12, 0.78). The costmap cannot raytrace for it.
[controller_server-4] [WARN] [1790891710.726435471] [local_costmap.local_costmap]: Sensor origin at (-17.17, 0.11 -0.96) is out of map bounds (-19.15, -1.85, 0.00) to (-15.18, 2.12, 0.78). The costmap cannot raytrace for it.
[controller_server-4] [WARN] [1790891710.926435231] [local_costmap.local_costmap]: Sensor origin at (-17.17, 0.11 -0.97) is out of map bounds (-19.15, -1.85, 0.00) to (-15.18, 2.12, 0.78). The costmap cannot raytrace for it.
[controller_server-4] [WARN] [1790891711.126441654] [local_costmap.local_costmap]: Sensor origin at (-17.17, 0.11 -0.97) is out of map bounds (-19.15, -1.85, 0.00) to (-15.18, 2.12, 0.78). The costmap cannot raytrace for it.
[controller_server-4] [WARN] [1790891711.326451244] [local_costmap.local_costmap]: Sensor origin at (-17.17, 0.11 -0.97) is out of map bounds (-19.15, -1.85, 0.00) to (-15.18, 2.12, 0.78). The costmap cannot raytrace for it.
[collision_monitor-9] [INFO] [1790891711.363478938] [collision_monitor]: Robot to stop due to PolygonStop polygon
[collision_monitor-9] [INFO] [1790891711.455882340] [collision_monitor]: Robot to continue normal operation
[controller_server-4] [WARN] [1790891711.526438916] [local_costmap.local_costmap]: Sensor origin at (-17.17, 0.11 -0.97) is out of map bounds (-19.15, -1.85, 0.00) to (-15.18, 2.12, 0.78). The costmap cannot raytrace for it.
[controller_server-4] [WARN] [1790891711.726450613] [local_costmap.local_costmap]: Sensor origin at (-17.17, 0.11 -0.96) is out of map bounds (-19.15, -1.85, 0.00) to (-15.18, 2.12, 0.78). The costmap cannot raytrace for it.
[collision_monitor-9] [INFO] [1790891711.761650306] [collision_monitor]: Robot to stop due to PolygonStop polygon
[collision_monitor-9] [INFO] [1790891711.863601682] [collision_monitor]: Robot to continue normal operation
[controller_server-4] [WARN] [1790891711.926424880] [local_costmap.local_costmap]: Sensor origin at (-17.17, 0.11 -0.96) is out of map bounds (-19.15, -1.85, 0.00) to (-15.18, 2.12, 0.78). The costmap cannot raytrace for it.
[controller_server-4] [WARN] [1790891712.126453222] [local_costmap.local_costmap]: Sensor origin at (-17.16, 0.11 -0.97) is out of map bounds (-19.15, -1.85, 0.00) to (-15.18, 2.12, 0.78). The costmap cannot raytrace for it.
[controller_server-4] [WARN] [1790891712.326430628] [local_costmap.local_costmap]: Sensor origin at (-17.16, 0.11 -0.98) is out of map bounds (-19.15, -1.85, 0.00) to (-15.18, 2.12, 0.78). The costmap cannot raytrace for it.
[controller_server-4] [WARN] [1790891712.526448647] [local_costmap.local_costmap]: Sensor origin at (-17.16, 0.11 -0.98) is out of map bounds (-19.15, -1.85, 0.00) to (-15.18, 2.12, 0.78). The costmap cannot raytrace for it.
[collision_monitor-9] [INFO] [1790891712.660470328] [collision_monitor]: Robot to stop due to PolygonStop polygon
[controller_server-4] [WARN] [1790891712.726418982] [local_costmap.local_costmap]: Sensor origin at (-17.16, 0.11 -0.97) is out of map bounds (-19.15, -1.85, 0.00) to (-15.18, 2.12, 0.78). The costmap cannot raytrace for it.
[collision_monitor-9] [INFO] [1790891712.762395996] [collision_monitor]: Robot to continue normal operation
[controller_server-4] [WARN] [1790891712.926435458] [local_costmap.local_costmap]: Sensor origin at (-17.16, 0.11 -0.97) is out of map bounds (-19.15, -1.85, 0.00) to (-15.18, 2.12, 0.78). The costmap cannot raytrace for it.
[controller_server-4] [WARN] [1790891713.126404250] [local_costmap.local_costmap]: Sensor origin at (-17.16, 0.11 -0.97) is out of map bounds (-19.15, -1.85, 0.00) to (-15.18, 2.12, 0.78). The costmap cannot raytrace for it.
[collision_monitor-9] [INFO] [1790891713.170753444] [collision_monitor]: Robot to stop due to PolygonStop polygon
[collision_monitor-9] [INFO] [1790891713.262511770] [collision_monitor]: Robot to continue normal operation
[controller_server-4] [WARN] [1790891713.326430610] [local_costmap.local_costmap]: Sensor origin at (-17.16, 0.11 -0.97) is out of map bounds (-19.15, -1.85, 0.00) to (-15.18, 2.12, 0.78). The costmap cannot raytrace for it.
[collision_monitor-9] [INFO] [1790891713.364079318] [collision_monitor]: Robot to stop due to PolygonStop polygon
[collision_monitor-9] [INFO] [1790891713.456783724] [collision_monitor]: Robot to continue normal operation
[controller_server-4] [WARN] [1790891713.526444758] [local_costmap.local_costmap]: Sensor origin at (-17.16, 0.11 -0.97) is out of map bounds (-19.15, -1.85, 0.00) to (-15.18, 2.12, 0.78). The costmap cannot raytrace for it.
[controller_server-4] [WARN] [1790891713.726456355] [local_costmap.local_costmap]: Sensor origin at (-17.16, 0.11 -0.98) is out of map bounds (-19.15, -1.85, 0.00) to (-15.18, 2.12, 0.78). The costmap cannot raytrace for it.
[collision_monitor-9] [INFO] [1790891713.856026285] [collision_monitor]: Robot to stop due to PolygonStop polygon
[controller_server-4] [WARN] [1790891713.926429607] [local_costmap.local_costmap]: Sensor origin at (-17.15, 0.11 -0.98) is out of map bounds (-19.15, -1.85, 0.00) to (-15.18, 2.12, 0.78). The costmap cannot raytrace for it.
[collision_monitor-9] [INFO] [1790891713.960879792] [collision_monitor]: Robot to continue normal operation
[controller_server-4] [WARN] [1790891714.126446999] [local_costmap.local_costmap]: Sensor origin at (-17.16, 0.11 -0.97) is out of map bounds (-19.15, -1.85, 0.00) to (-15.18, 2.12, 0.78). The costmap cannot raytrace for it.
[controller_server-4] [WARN] [1790891714.326431219] [local_costmap.local_costmap]: Sensor origin at (-17.17, 0.11 -0.97) is out of map bounds (-19.15, -1.85, 0.00) to (-15.18, 2.12, 0.78). The costmap cannot raytrace for it.
[controller_server-4] [WARN] [1790891714.526422331] [local_costmap.local_costmap]: Sensor origin at (-17.16, 0.11 -0.98) is out of map bounds (-19.15, -1.85, 0.00) to (-15.18, 2.12, 0.78). The costmap cannot raytrace for it.
[collision_monitor-9] [INFO] [1790891714.664976349] [collision_monitor]: Robot to stop due to PolygonStop polygon
[controller_server-4] [WARN] [1790891714.726415475] [local_costmap.local_costmap]: Sensor origin at (-17.16, 0.11 -0.97) is out of map bounds (-19.15, -1.85, 0.00) to (-15.18, 2.12, 0.78). The costmap cannot raytrace for it.
[collision_monitor-9] [INFO] [1790891714.858885266] [collision_monitor]: Robot to continue normal operation
[controller_server-4] [WARN] [1790891714.926425927] [local_costmap.local_costmap]: Sensor origin at (-17.16, 0.11 -0.97) is out of map bounds (-19.15, -1.85, 0.00) to (-15.18, 2.12, 0.78). The costmap cannot raytrace for it.
[controller_server-4] [WARN] [1790891715.126442014] [local_costmap.local_costmap]: Sensor origin at (-17.16, 0.11 -0.98) is out of map bounds (-19.15, -1.85, 0.00) to (-15.18, 2.12, 0.78). The costmap cannot raytrace for it.
[heading_controller-8] [WARN] [1790891715.167583022] [heading_controller]: alvo de rumo venceu
[collision_monitor-9] [INFO] [1790891715.267368379] [collision_monitor]: Robot to stop due to PolygonStop polygon
[controller_server-4] [WARN] [1790891715.326432504] [local_costmap.local_costmap]: Sensor origin at (-17.16, 0.11 -0.99) is out of map bounds (-19.15, -1.85, 0.00) to (-15.18, 2.12, 0.78). The costmap cannot raytrace for it.
[collision_monitor-9] [INFO] [1790891715.369834290] [collision_monitor]: Robot to continue normal operation
[controller_server-4] [WARN] [1790891715.526432869] [local_costmap.local_costmap]: Sensor origin at (-17.15, 0.11 -0.99) is out of map bounds (-19.15, -1.85, 0.00) to (-15.18, 2.12, 0.78). The costmap cannot raytrace for it.
[controller_server-4] [WARN] [1790891715.726437004] [local_costmap.local_costmap]: Sensor origin at (-17.16, 0.11 -0.98) is out of map bounds (-19.15, -1.85, 0.00) to (-15.18, 2.12, 0.78). The costmap cannot raytrace for it.
[controller_server-4] [WARN] [1790891715.926442092] [local_costmap.local_costmap]: Sensor origin at (-17.16, 0.11 -0.98) is out of map bounds (-19.15, -1.85, 0.00) to (-15.18, 2.12, 0.78). The costmap cannot raytrace for it.
[controller_server-4] [WARN] [1790891716.126445927] [local_costmap.local_costmap]: Sensor origin at (-17.16, 0.11 -0.98) is out of map bounds (-19.15, -1.85, 0.00) to (-15.18, 2.12, 0.78). The costmap cannot raytrace for it.
[controller_server-4] [WARN] [1790891716.326454603] [local_costmap.local_costmap]: Sensor origin at (-17.16, 0.11 -0.99) is out of map bounds (-19.15, -1.85, 0.00) to (-15.18, 2.12, 0.78). The costmap cannot raytrace for it.
[controller_server-4] [WARN] [1790891716.526420593] [local_costmap.local_costmap]: Sensor origin at (-17.16, 0.11 -0.99) is out of map bounds (-19.15, -1.85, 0.00) to (-15.18, 2.12, 0.78). The costmap cannot raytrace for it.
[controller_server-4] [WARN] [1790891716.726437879] [local_costmap.local_costmap]: Sensor origin at (-17.17, 0.11 -0.98) is out of map bounds (-19.15, -1.85, 0.00) to (-15.18, 2.12, 0.78). The costmap cannot raytrace for it.
[controller_server-4] [WARN] [1790891716.926456004] [local_costmap.local_costmap]: Sensor origin at (-17.17, 0.11 -0.97) is out of map bounds (-19.15, -1.85, 0.00) to (-15.18, 2.12, 0.78). The costmap cannot raytrace for it.
[controller_server-4] [WARN] [1790891717.126420189] [local_costmap.local_costmap]: Sensor origin at (-17.17, 0.11 -0.97) is out of map bounds (-19.15, -1.85, 0.00) to (-15.18, 2.12, 0.78). The costmap cannot raytrace for it.
[controller_server-4] [WARN] [1790891717.326457376] [local_costmap.local_costmap]: Sensor origin at (-17.16, 0.11 -0.97) is out of map bounds (-19.15, -1.85, 0.00) to (-15.18, 2.12, 0.78). The costmap cannot raytrace for it.
[controller_server-4] [WARN] [1790891717.526422544] [local_costmap.local_costmap]: Sensor origin at (-17.16, 0.11 -0.97) is out of map bounds (-19.15, -1.85, 0.00) to (-15.18, 2.12, 0.78). The costmap cannot raytrace for it.
[collision_monitor-9] [INFO] [1790891717.565219514] [collision_monitor]: Robot to stop due to PolygonStop polygon
[collision_monitor-9] [INFO] [1790891717.658618214] [collision_monitor]: Robot to continue normal operation
[controller_server-4] [WARN] [1790891717.726424124] [local_costmap.local_costmap]: Sensor origin at (-17.15, 0.11 -0.98) is out of map bounds (-19.15, -1.85, 0.00) to (-15.18, 2.12, 0.78). The costmap cannot raytrace for it.
[controller_server-4] [WARN] [1790891717.926422095] [local_costmap.local_costmap]: Sensor origin at (-17.15, 0.11 -0.99) is out of map bounds (-19.15, -1.85, 0.00) to (-15.18, 2.12, 0.78). The costmap cannot raytrace for it.
[controller_server-4] [WARN] [1790891718.126431400] [local_costmap.local_costmap]: Sensor origin at (-17.15, 0.11 -1.00) is out of map bounds (-19.15, -1.85, 0.00) to (-15.18, 2.12, 0.78). The costmap cannot raytrace for it.
[controller_server-4] [WARN] [1790891718.326441273] [local_costmap.local_costmap]: Sensor origin at (-17.15, 0.11 -0.99) is out of map bounds (-19.15, -1.85, 0.00) to (-15.18, 2.12, 0.78). The costmap cannot raytrace for it.
[controller_server-4] [WARN] [1790891718.526448331] [local_costmap.local_costmap]: Sensor origin at (-17.17, 0.11 -0.98) is out of map bounds (-19.15, -1.85, 0.00) to (-15.18, 2.12, 0.78). The costmap cannot raytrace for it.
[controller_server-4] [WARN] [1790891718.726435623] [local_costmap.local_costmap]: Sensor origin at (-17.16, 0.11 -0.98) is out of map bounds (-19.15, -1.85, 0.00) to (-15.18, 2.12, 0.78). The costmap cannot raytrace for it.
[controller_server-4] [WARN] [1790891718.926442070] [local_costmap.local_costmap]: Sensor origin at (-17.17, 0.11 -0.98) is out of map bounds (-19.15, -1.85, 0.00) to (-15.18, 2.12, 0.78). The costmap cannot raytrace for it.
[controller_server-4] [WARN] [1790891719.126435383] [local_costmap.local_costmap]: Sensor origin at (-17.17, 0.11 -0.98) is out of map bounds (-19.15, -1.85, 0.00) to (-15.18, 2.12, 0.78). The costmap cannot raytrace for it.
[collision_monitor-9] [INFO] [1790891719.166238600] [collision_monitor]: Robot to stop due to PolygonStop polygon
[controller_server-4] [WARN] [1790891719.326423539] [local_costmap.local_costmap]: Sensor origin at (-17.17, 0.11 -0.97) is out of map bounds (-19.15, -1.85, 0.00) to (-15.18, 2.12, 0.78). The costmap cannot raytrace for it.
[collision_monitor-9] [INFO] [1790891719.359880518] [collision_monitor]: Robot to continue normal operation
[controller_server-4] [WARN] [1790891719.526425747] [local_costmap.local_costmap]: Sensor origin at (-17.16, 0.11 -0.98) is out of map bounds (-19.15, -1.85, 0.00) to (-15.18, 2.12, 0.78). The costmap cannot raytrace for it.
[controller_server-4] [WARN] [1790891719.726465857] [local_costmap.local_costmap]: Sensor origin at (-17.16, 0.11 -0.97) is out of map bounds (-19.15, -1.85, 0.00) to (-15.18, 2.12, 0.78). The costmap cannot raytrace for it.
[controller_server-4] [WARN] [1790891719.926446843] [local_costmap.local_costmap]: Sensor origin at (-17.16, 0.11 -0.97) is out of map bounds (-19.15, -1.85, 0.00) to (-15.18, 2.12, 0.78). The costmap cannot raytrace for it.
[controller_server-4] [WARN] [1790891720.126429946] [local_costmap.local_costmap]: Sensor origin at (-17.16, 0.11 -0.96) is out of map bounds (-19.15, -1.85, 0.00) to (-15.18, 2.12, 0.78). The costmap cannot raytrace for it.
[heading_controller-8] [WARN] [1790891720.169650155] [heading_controller]: alvo de rumo venceu
[controller_server-4] [WARN] [1790891720.326427173] [local_costmap.local_costmap]: Sensor origin at (-17.16, 0.11 -0.96) is out of map bounds (-19.15, -1.85, 0.00) to (-15.18, 2.12, 0.78). The costmap cannot raytrace for it.
[controller_server-4] [WARN] [1790891720.526419962] [local_costmap.local_costmap]: Sensor origin at (-17.16, 0.11 -0.98) is out of map bounds (-19.15, -1.85, 0.00) to (-15.18, 2.12, 0.78). The costmap cannot raytrace for it.
[collision_monitor-9] [INFO] [1790891720.657795599] [collision_monitor]: Robot to stop due to PolygonStop polygon
[controller_server-4] [WARN] [1790891720.726437871] [local_costmap.local_costmap]: Sensor origin at (-17.16, 0.11 -0.99) is out of map bounds (-19.15, -1.85, 0.00) to (-15.18, 2.12, 0.78). The costmap cannot raytrace for it.
[collision_monitor-9] [INFO] [1790891720.759769071] [collision_monitor]: Robot to continue normal operation
[collision_monitor-9] [INFO] [1790891720.861575563] [collision_monitor]: Robot to stop due to PolygonStop polygon
[controller_server-4] [WARN] [1790891720.926448501] [local_costmap.local_costmap]: Sensor origin at (-17.16, 0.11 -1.00) is out of map bounds (-19.15, -1.85, 0.00) to (-15.18, 2.12, 0.78). The costmap cannot raytrace for it.
[collision_monitor-9] [INFO] [1790891720.963568563] [collision_monitor]: Robot to continue normal operation
[controller_server-4] [WARN] [1790891721.126421493] [local_costmap.local_costmap]: Sensor origin at (-17.16, 0.11 -0.98) is out of map bounds (-19.15, -1.85, 0.00) to (-15.18, 2.12, 0.78). The costmap cannot raytrace for it.
[collision_monitor-9] [INFO] [1790891721.177506625] [collision_monitor]: Robot to stop due to PolygonStop polygon
[controller_server-4] [WARN] [1790891721.326453029] [local_costmap.local_costmap]: Sensor origin at (-17.16, 0.11 -0.99) is out of map bounds (-19.15, -1.85, 0.00) to (-15.18, 2.12, 0.78). The costmap cannot raytrace for it.
[collision_monitor-9] [INFO] [1790891721.361923491] [collision_monitor]: Robot to continue normal operation
[controller_server-4] [WARN] [1790891721.526452302] [local_costmap.local_costmap]: Sensor origin at (-17.17, 0.11 -0.98) is out of map bounds (-19.15, -1.85, 0.00) to (-15.18, 2.12, 0.78). The costmap cannot raytrace for it.
[controller_server-4] [WARN] [1790891721.726427644] [local_costmap.local_costmap]: Sensor origin at (-17.17, 0.11 -0.98) is out of map bounds (-19.15, -1.85, 0.00) to (-15.18, 2.12, 0.78). The costmap cannot raytrace for it.
[controller_server-4] [WARN] [1790891721.926491738] [local_costmap.local_costmap]: Sensor origin at (-17.16, 0.11 -0.98) is out of map bounds (-19.15, -1.85, 0.00) to (-15.18, 2.12, 0.78). The costmap cannot raytrace for it.
[controller_server-4] [WARN] [1790891722.126461510] [local_costmap.local_costmap]: Sensor origin at (-17.16, 0.11 -0.98) is out of map bounds (-19.15, -1.85, 0.00) to (-15.18, 2.12, 0.78). The costmap cannot raytrace for it.
[controller_server-4] [WARN] [1790891722.326461268] [local_costmap.local_costmap]: Sensor origin at (-17.16, 0.11 -0.98) is out of map bounds (-19.15, -1.85, 0.00) to (-15.18, 2.12, 0.78). The costmap cannot raytrace for it.
[controller_server-4] [WARN] [1790891722.526436114] [local_costmap.local_costmap]: Sensor origin at (-17.16, 0.11 -0.99) is out of map bounds (-19.15, -1.85, 0.00) to (-15.18, 2.12, 0.78). The costmap cannot raytrace for it.
[controller_server-4] [WARN] [1790891722.726451351] [local_costmap.local_costmap]: Sensor origin at (-17.16, 0.11 -0.99) is out of map bounds (-19.15, -1.85, 0.00) to (-15.18, 2.12, 0.78). The costmap cannot raytrace for it.
[collision_monitor-9] [INFO] [1790891722.762308968] [collision_monitor]: Robot to stop due to PolygonStop polygon
[controller_server-4] [WARN] [1790891722.926423310] [local_costmap.local_costmap]: Sensor origin at (-17.16, 0.11 -0.98) is out of map bounds (-19.15, -1.85, 0.00) to (-15.18, 2.12, 0.78). The costmap cannot raytrace for it.
[collision_monitor-9] [INFO] [1790891722.958663729] [collision_monitor]: Robot to continue normal operation
[controller_server-4] [WARN] [1790891723.126420058] [local_costmap.local_costmap]: Sensor origin at (-17.16, 0.11 -0.98) is out of map bounds (-19.15, -1.85, 0.00) to (-15.18, 2.12, 0.78). The costmap cannot raytrace for it.
[controller_server-4] [WARN] [1790891723.326419638] [local_costmap.local_costmap]: Sensor origin at (-17.15, 0.11 -0.99) is out of map bounds (-19.15, -1.85, 0.00) to (-15.18, 2.12, 0.78). The costmap cannot raytrace for it.
[collision_monitor-9] [INFO] [1790891723.360369522] [collision_monitor]: Robot to stop due to PolygonStop polygon
[controller_server-4] [WARN] [1790891723.526441685] [local_costmap.local_costmap]: Sensor origin at (-17.15, 0.11 -0.98) is out of map bounds (-19.15, -1.85, 0.00) to (-15.18, 2.12, 0.78). The costmap cannot raytrace for it.
[collision_monitor-9] [INFO] [1790891723.666474386] [collision_monitor]: Robot to continue normal operation
[controller_server-4] [WARN] [1790891723.726444016] [local_costmap.local_costmap]: Sensor origin at (-17.16, 0.11 -0.99) is out of map bounds (-19.15, -1.85, 0.00) to (-15.18, 2.12, 0.78). The costmap cannot raytrace for it.
[controller_server-4] [WARN] [1790891723.926424247] [local_costmap.local_costmap]: Sensor origin at (-17.16, 0.11 -0.98) is out of map bounds (-19.15, -1.85, 0.00) to (-15.18, 2.12, 0.78). The costmap cannot raytrace for it.
[controller_server-4] [WARN] [1790891724.126469375] [local_costmap.local_costmap]: Sensor origin at (-17.17, 0.11 -0.97) is out of map bounds (-19.15, -1.85, 0.00) to (-15.18, 2.12, 0.78). The costmap cannot raytrace for it.
[controller_server-4] [WARN] [1790891724.326458637] [local_costmap.local_costmap]: Sensor origin at (-17.17, 0.11 -0.97) is out of map bounds (-19.15, -1.85, 0.00) to (-15.18, 2.12, 0.78). The costmap cannot raytrace for it.
[controller_server-4] [WARN] [1790891724.526547171] [local_costmap.local_costmap]: Sensor origin at (-17.16, 0.11 -0.97) is out of map bounds (-19.15, -1.85, 0.00) to (-15.18, 2.12, 0.78). The costmap cannot raytrace for it.
[collision_monitor-9] [INFO] [1790891724.558363294] [collision_monitor]: Robot to stop due to PolygonStop polygon
[controller_server-4] [WARN] [1790891724.726506109] [local_costmap.local_costmap]: Sensor origin at (-17.16, 0.11 -0.98) is out of map bounds (-19.15, -1.85, 0.00) to (-15.18, 2.12, 0.78). The costmap cannot raytrace for it.
[collision_monitor-9] [INFO] [1790891724.762072678] [collision_monitor]: Robot to continue normal operation
[controller_server-4] [WARN] [1790891724.926441614] [local_costmap.local_costmap]: Sensor origin at (-17.15, 0.11 -0.97) is out of map bounds (-19.15, -1.85, 0.00) to (-15.18, 2.12, 0.78). The costmap cannot raytrace for it.
[collision_monitor-9] [INFO] [1790891724.956020762] [collision_monitor]: Robot to stop due to PolygonStop polygon
[collision_monitor-9] [INFO] [1790891725.058911427] [collision_monitor]: Robot to continue normal operation
[controller_server-4] [WARN] [1790891725.126607574] [local_costmap.local_costmap]: Sensor origin at (-17.15, 0.11 -0.98) is out of map bounds (-19.15, -1.85, 0.00) to (-15.18, 2.12, 0.78). The costmap cannot raytrace for it.
[heading_controller-8] [WARN] [1790891725.216829231] [heading_controller]: alvo de rumo venceu
[controller_server-4] [WARN] [1790891725.326417132] [local_costmap.local_costmap]: Sensor origin at (-17.15, 0.11 -0.98) is out of map bounds (-19.15, -1.85, 0.00) to (-15.18, 2.12, 0.78). The costmap cannot raytrace for it.
[controller_server-4] [WARN] [1790891725.526463677] [local_costmap.local_costmap]: Sensor origin at (-17.15, 0.11 -0.99) is out of map bounds (-19.15, -1.85, 0.00) to (-15.18, 2.12, 0.78). The costmap cannot raytrace for it.
[controller_server-4] [WARN] [1790891725.726440385] [local_costmap.local_costmap]: Sensor origin at (-17.15, 0.11 -0.99) is out of map bounds (-19.15, -1.85, 0.00) to (-15.18, 2.12, 0.78). The costmap cannot raytrace for it.
[controller_server-4] [WARN] [1790891725.926459865] [local_costmap.local_costmap]: Sensor origin at (-17.16, 0.11 -0.99) is out of map bounds (-19.15, -1.85, 0.00) to (-15.18, 2.12, 0.78). The costmap cannot raytrace for it.
[controller_server-4] [WARN] [1790891726.126432225] [local_costmap.local_costmap]: Sensor origin at (-17.16, 0.11 -0.99) is out of map bounds (-19.15, -1.85, 0.00) to (-15.18, 2.12, 0.78). The costmap cannot raytrace for it.
[controller_server-4] [WARN] [1790891726.326435839] [local_costmap.local_costmap]: Sensor origin at (-17.16, 0.11 -0.98) is out of map bounds (-19.15, -1.85, 0.00) to (-15.18, 2.12, 0.78). The costmap cannot raytrace for it.
[controller_server-4] [WARN] [1790891726.526443440] [local_costmap.local_costmap]: Sensor origin at (-17.16, 0.11 -0.97) is out of map bounds (-19.15, -1.85, 0.00) to (-15.18, 2.12, 0.78). The costmap cannot raytrace for it.
[bt_navigator-5] [INFO] [1790891726.540895309] [bt_navigator]: Begin navigating from current location (1.02, 18.49) to (2.04, 0.37)
[planner_server-2] [WARN] [1790891726.542589184] [planner_server]: GridBased plugin failed to plan from (1.02, 18.49) to (2.04, 0.37): "no valid path found"
[planner_server-2] [WARN] [1790891726.542647890] [planner_server]: [compute_path_to_pose] [ActionServer] Aborting handle.
[planner_server-2] [INFO] [1790891726.561403300] [global_costmap.global_costmap]: Received request to clear entirely the global_costmap
[controller_server-4] [WARN] [1790891726.726427245] [local_costmap.local_costmap]: Sensor origin at (-17.16, 0.11 -0.98) is out of map bounds (-19.15, -1.85, 0.00) to (-15.18, 2.12, 0.78). The costmap cannot raytrace for it.
[controller_server-4] [WARN] [1790891726.926472231] [local_costmap.local_costmap]: Sensor origin at (-17.16, 0.11 -0.98) is out of map bounds (-19.15, -1.85, 0.00) to (-15.18, 2.12, 0.78). The costmap cannot raytrace for it.
[controller_server-4] [WARN] [1790891727.126431581] [local_costmap.local_costmap]: Sensor origin at (-17.16, 0.11 -0.98) is out of map bounds (-19.15, -1.85, 0.00) to (-15.18, 2.12, 0.78). The costmap cannot raytrace for it.
[smoother_server-3] [INFO] [1790891727.162441742] [smoother_server]: Received a path to smooth.
[controller_server-4] [INFO] [1790891727.182449309] [controller_server]: Received a goal, begin computing control effort.
[path_follower-12] [WARN] [1790891727.184157790] [path_follower]: plano CRU descartado — segurança exige /plan_smoothed; aguardando o suavizador
[collision_monitor-9] [INFO] [1790891727.260478390] [collision_monitor]: Robot to stop due to PolygonStop polygon
[heading_controller-8] [INFO] [1790891727.266971876] [heading_controller]: PIVÔ: +158° de erro — parando para virar no eixo (arcar daria raio de ~0,8 m)
[controller_server-4] [WARN] [1790891727.326435382] [local_costmap.local_costmap]: Sensor origin at (-17.17, 0.11 -0.98) is out of map bounds (-19.15, -1.85, 0.00) to (-15.18, 2.12, 0.78). The costmap cannot raytrace for it.
[collision_monitor-9] [INFO] [1790891727.362862136] [collision_monitor]: Robot to continue normal operation
[controller_server-4] [WARN] [1790891727.526440673] [local_costmap.local_costmap]: Sensor origin at (-17.17, 0.11 -0.98) is out of map bounds (-19.15, -1.85, 0.00) to (-15.18, 2.12, 0.78). The costmap cannot raytrace for it.
[controller_server-4] [WARN] [1790891727.726422065] [local_costmap.local_costmap]: Sensor origin at (-17.17, 0.11 -0.97) is out of map bounds (-19.15, -1.85, 0.00) to (-15.18, 2.12, 0.78). The costmap cannot raytrace for it.
[collision_monitor-9] [INFO] [1790891727.761249603] [collision_monitor]: Robot to approach for 0.750000 seconds away from collision
[controller_server-4] [WARN] [1790891727.926425209] [local_costmap.local_costmap]: Sensor origin at (-17.16, 0.11 -0.98) is out of map bounds (-19.15, -1.85, 0.00) to (-15.18, 2.12, 0.78). The costmap cannot raytrace for it.
[collision_monitor-9] [INFO] [1790891727.965821114] [collision_monitor]: Robot to continue normal operation
[controller_server-4] [WARN] [1790891728.126425953] [local_costmap.local_costmap]: Sensor origin at (-17.15, 0.11 -1.00) is out of map bounds (-19.15, -1.85, 0.00) to (-15.18, 2.12, 0.78). The costmap cannot raytrace for it.
[controller_server-4] [WARN] [1790891728.326421675] [local_costmap.local_costmap]: Sensor origin at (-17.15, 0.11 -0.99) is out of map bounds (-19.15, -1.85, 0.00) to (-15.18, 2.12, 0.78). The costmap cannot raytrace for it.
[collision_monitor-9] [INFO] [1790891728.364527346] [collision_monitor]: Robot to approach for 0.750000 seconds away from collision
[collision_monitor-9] [INFO] [1790891728.456770569] [collision_monitor]: Robot to stop due to PolygonStop polygon
[controller_server-4] [WARN] [1790891728.526435706] [local_costmap.local_costmap]: Sensor origin at (-17.15, 0.11 -0.99) is out of map bounds (-19.15, -1.85, 0.00) to (-15.18, 2.12, 0.78). The costmap cannot raytrace for it.
[collision_monitor-9] [INFO] [1790891728.660888547] [collision_monitor]: Robot to continue normal operation
[controller_server-4] [WARN] [1790891728.726411890] [local_costmap.local_costmap]: Sensor origin at (-17.16, 0.12 -0.99) is out of map bounds (-19.15, -1.85, 0.00) to (-15.18, 2.12, 0.78). The costmap cannot raytrace for it.
[controller_server-4] [WARN] [1790891728.926457365] [local_costmap.local_costmap]: Sensor origin at (-17.18, 0.11 -0.99) is out of map bounds (-19.15, -1.85, 0.00) to (-15.18, 2.12, 0.78). The costmap cannot raytrace for it.
[controller_server-4] [WARN] [1790891729.126483363] [local_costmap.local_costmap]: Sensor origin at (-17.18, 0.12 -0.99) is out of map bounds (-19.15, -1.90, 0.00) to (-15.18, 2.07, 0.78). The costmap cannot raytrace for it.
[controller_server-4] [WARN] [1790891729.326411522] [local_costmap.local_costmap]: Sensor origin at (-17.19, 0.11 -0.98) is out of map bounds (-19.15, -1.90, 0.00) to (-15.18, 2.07, 0.78). The costmap cannot raytrace for it.
[collision_monitor-9] [INFO] [1790891729.459118229] [collision_monitor]: Robot to stop due to PolygonStop polygon
[controller_server-4] [WARN] [1790891729.526476804] [local_costmap.local_costmap]: Sensor origin at (-17.19, 0.10 -0.98) is out of map bounds (-19.15, -1.90, 0.00) to (-15.18, 2.07, 0.78). The costmap cannot raytrace for it.
[controller_server-4] [WARN] [1790891729.726470316] [local_costmap.local_costmap]: Sensor origin at (-17.19, 0.09 -0.98) is out of map bounds (-19.15, -1.90, 0.00) to (-15.18, 2.07, 0.78). The costmap cannot raytrace for it.
[controller_server-4] [WARN] [1790891729.926428440] [local_costmap.local_costmap]: Sensor origin at (-17.19, 0.08 -0.98) is out of map bounds (-19.15, -1.90, 0.00) to (-15.18, 2.07, 0.78). The costmap cannot raytrace for it.
[collision_monitor-9] [INFO] [1790891729.960510453] [collision_monitor]: Robot to continue normal operation
[controller_server-4] [WARN] [1790891730.126435179] [local_costmap.local_costmap]: Sensor origin at (-17.20, 0.07 -1.00) is out of map bounds (-19.15, -1.90, 0.00) to (-15.18, 2.07, 0.78). The costmap cannot raytrace for it.
[heading_controller-8] [INFO] [1790891730.267361256] [heading_controller]: pivô fechado, sobrou -0.3°
[controller_server-4] [WARN] [1790891730.326435408] [local_costmap.local_costmap]: Sensor origin at (-17.20, 0.07 -1.00) is out of map bounds (-19.15, -1.90, 0.00) to (-15.18, 2.07, 0.78). The costmap cannot raytrace for it.
[controller_server-4] [WARN] [1790891730.526424458] [local_costmap.local_costmap]: Sensor origin at (-17.20, 0.07 -1.01) is out of map bounds (-19.15, -1.90, 0.00) to (-15.18, 2.07, 0.78). The costmap cannot raytrace for it.
[controller_server-4] [WARN] [1790891730.726459443] [local_costmap.local_costmap]: Sensor origin at (-17.19, 0.06 -1.01) is out of map bounds (-19.15, -1.90, 0.00) to (-15.18, 2.07, 0.78). The costmap cannot raytrace for it.
[heading_controller-8] [ERROR] [1790891730.816868789] [heading_controller]: ROBÔ PARADO COM COMANDO SAINDO há 0.5 s — pedindo v=0.500 m/s, wz=0.652 rad/s e a pose não mexe. Suspeita: zona morta (parâmetro=0.0178 m/s, não medido). Rodar tools/banco/, ensaios de zona morta.
[controller_server-4] [WARN] [1790891730.926449720] [local_costmap.local_costmap]: Sensor origin at (-17.19, 0.06 -1.00) is out of map bounds (-19.15, -1.90, 0.00) to (-15.18, 2.07, 0.78). The costmap cannot raytrace for it.
[controller_server-4] [WARN] [1790891731.126428901] [local_costmap.local_costmap]: Sensor origin at (-17.19, 0.06 -0.99) is out of map bounds (-19.20, -1.90, 0.00) to (-15.23, 2.07, 0.78). The costmap cannot raytrace for it.
[controller_server-4] [WARN] [1790891731.326445905] [local_costmap.local_costmap]: Sensor origin at (-17.19, 0.06 -0.97) is out of map bounds (-19.25, -1.90, 0.00) to (-15.28, 2.07, 0.78). The costmap cannot raytrace for it.
[controller_server-4] [WARN] [1790891731.526450750] [local_costmap.local_costmap]: Sensor origin at (-17.20, 0.06 -0.98) is out of map bounds (-19.25, -1.90, 0.00) to (-15.28, 2.07, 0.78). The costmap cannot raytrace for it.
[controller_server-4] [WARN] [1790891731.726455958] [local_costmap.local_costmap]: Sensor origin at (-17.26, 0.07 -0.97) is out of map bounds (-19.30, -1.90, 0.00) to (-15.33, 2.07, 0.78). The costmap cannot raytrace for it.
[controller_server-4] [WARN] [1790891731.926431355] [local_costmap.local_costmap]: Sensor origin at (-17.28, 0.08 -0.97) is out of map bounds (-19.35, -1.90, 0.00) to (-15.38, 2.07, 0.78). The costmap cannot raytrace for it.
[controller_server-4] [WARN] [1790891732.126421456] [local_costmap.local_costmap]: Sensor origin at (-17.33, 0.09 -0.97) is out of map bounds (-19.40, -1.85, 0.00) to (-15.43, 2.12, 0.78). The costmap cannot raytrace for it.
[smoother_server-3] [INFO] [1790891732.272092018] [smoother_server]: Received a path to smooth.
[controller_server-4] [WARN] [1790891732.292239709] [controller_server]: [follow_path] [ActionServer] Aborting handle.
[controller_server-4] [WARN] [1790891732.326429792] [local_costmap.local_costmap]: Sensor origin at (-17.39, 0.11 -0.97) is out of map bounds (-19.45, -1.85, 0.00) to (-15.48, 2.12, 0.78). The costmap cannot raytrace for it.
[controller_server-4] [INFO] [1790891732.382632005] [controller_server]: Passing new path to controller.
[controller_server-4] [WARN] [1790891732.526440978] [local_costmap.local_costmap]: Sensor origin at (-17.42, 0.12 -0.97) is out of map bounds (-19.45, -1.85, 0.00) to (-15.48, 2.12, 0.78). The costmap cannot raytrace for it.
[controller_server-4] [WARN] [1790891732.726439663] [local_costmap.local_costmap]: Sensor origin at (-17.46, 0.13 -0.98) is out of map bounds (-19.50, -1.85, 0.00) to (-15.53, 2.12, 0.78). The costmap cannot raytrace for it.
[controller_server-4] [WARN] [1790891732.928217838] [local_costmap.local_costmap]: Sensor origin at (-17.50, 0.13 -0.98) is out of map bounds (-19.55, -1.85, 0.00) to (-15.58, 2.12, 0.78). The costmap cannot raytrace for it.
[controller_server-4] [WARN] [1790891733.126413304] [local_costmap.local_costmap]: Sensor origin at (-17.52, 0.13 -0.98) is out of map bounds (-19.60, -1.85, 0.00) to (-15.63, 2.12, 0.78). The costmap cannot raytrace for it.
[controller_server-4] [WARN] [1790891733.326450264] [local_costmap.local_costmap]: Sensor origin at (-17.57, 0.14 -0.98) is out of map bounds (-19.65, -1.85, 0.00) to (-15.68, 2.12, 0.78). The costmap cannot raytrace for it.
[controller_server-4] [WARN] [1790891733.526429212] [local_costmap.local_costmap]: Sensor origin at (-17.64, 0.14 -0.98) is out of map bounds (-19.70, -1.85, 0.00) to (-15.73, 2.12, 0.78). The costmap cannot raytrace for it.
[controller_server-4] [WARN] [1790891733.726413094] [local_costmap.local_costmap]: Sensor origin at (-17.66, 0.15 -0.98) is out of map bounds (-19.75, -1.80, 0.00) to (-15.78, 2.17, 0.78). The costmap cannot raytrace for it.
[controller_server-4] [WARN] [1790891733.926422365] [local_costmap.local_costmap]: Sensor origin at (-17.71, 0.16 -0.98) is out of map bounds (-19.80, -1.80, 0.00) to (-15.83, 2.17, 0.78). The costmap cannot raytrace for it.
[controller_server-4] [WARN] [1790891734.126439242] [local_costmap.local_costmap]: Sensor origin at (-17.77, 0.17 -0.98) is out of map bounds (-19.85, -1.80, 0.00) to (-15.88, 2.17, 0.78). The costmap cannot raytrace for it.
[path_follower-12] [WARN] [1790891734.195027645] [path_follower]: EMPERRADO com frente livre (1.83 m) — escape RETO para frente de até 0.20 m, remedindo a cada ciclo
[controller_server-4] [WARN] [1790891734.326418837] [local_costmap.local_costmap]: Sensor origin at (-17.82, 0.18 -0.97) is out of map bounds (-19.90, -1.80, 0.00) to (-15.93, 2.17, 0.78). The costmap cannot raytrace for it.
[controller_server-4] [WARN] [1790891734.526462834] [local_costmap.local_costmap]: Sensor origin at (-17.84, 0.18 -0.96) is out of map bounds (-19.90, -1.80, 0.00) to (-15.93, 2.17, 0.78). The costmap cannot raytrace for it.
[controller_server-4] [WARN] [1790891734.726450490] [local_costmap.local_costmap]: Sensor origin at (-17.89, 0.19 -0.94) is out of map bounds (-19.95, -1.80, 0.00) to (-15.98, 2.17, 0.78). The costmap cannot raytrace for it.
[controller_server-4] [WARN] [1790891734.926451261] [local_costmap.local_costmap]: Sensor origin at (-17.94, 0.20 -0.93) is out of map bounds (-20.05, -1.80, 0.00) to (-16.08, 2.17, 0.78). The costmap cannot raytrace for it.
[path_follower-12] [WARN] [1790891734.993810395] [path_follower]: fim do escape para frente: percorreu 0.20 m em 0.8 s
[controller_server-4] [WARN] [1790891735.126423999] [local_costmap.local_costmap]: Sensor origin at (-18.01, 0.21 -0.92) is out of map bounds (-20.05, -1.75, 0.00) to (-16.08, 2.22, 0.78). The costmap cannot raytrace for it.
[controller_server-4] [WARN] [1790891735.326443307] [local_costmap.local_costmap]: Sensor origin at (-18.04, 0.22 -0.92) is out of map bounds (-20.10, -1.75, 0.00) to (-16.13, 2.22, 0.78). The costmap cannot raytrace for it.
[controller_server-4] [WARN] [1790891735.526454748] [local_costmap.local_costmap]: Sensor origin at (-18.11, 0.22 -0.93) is out of map bounds (-20.15, -1.75, 0.00) to (-16.18, 2.22, 0.78). The costmap cannot raytrace for it.
[controller_server-4] [WARN] [1790891735.726423162] [local_costmap.local_costmap]: Sensor origin at (-18.14, 0.23 -0.93) is out of map bounds (-20.20, -1.75, 0.00) to (-16.23, 2.22, 0.78). The costmap cannot raytrace for it.
[controller_server-4] [WARN] [1790891735.926424328] [local_costmap.local_costmap]: Sensor origin at (-18.20, 0.23 -0.93) is out of map bounds (-20.25, -1.75, 0.00) to (-16.28, 2.22, 0.78). The costmap cannot raytrace for it.
[controller_server-4] [WARN] [1790891736.126423855] [local_costmap.local_costmap]: Sensor origin at (-18.21, 0.24 -0.93) is out of map bounds (-20.25, -1.75, 0.00) to (-16.28, 2.22, 0.78). The costmap cannot raytrace for it.
[controller_server-4] [WARN] [1790891736.326455862] [local_costmap.local_costmap]: Sensor origin at (-18.28, 0.25 -0.93) is out of map bounds (-20.30, -1.75, 0.00) to (-16.33, 2.22, 0.78). The costmap cannot raytrace for it.
[controller_server-4] [WARN] [1790891736.526462081] [local_costmap.local_costmap]: Sensor origin at (-18.30, 0.26 -0.92) is out of map bounds (-20.40, -1.75, 0.00) to (-16.43, 2.22, 0.78). The costmap cannot raytrace for it.
[path_follower-12] [INFO] [1790891736.549858261] [path_follower]: 3642 amostras -> /home/bara/logs_robo2/seguidor_2026-10-01_185111.csv
[controller_server-4] [WARN] [1790891736.726434276] [local_costmap.local_costmap]: Sensor origin at (-18.33, 0.26 -0.93) is out of map bounds (-20.45, -1.75, 0.00) to (-16.48, 2.22, 0.78). The costmap cannot raytrace for it.
[controller_server-4] [WARN] [1790891736.926437097] [local_costmap.local_costmap]: Sensor origin at (-18.41, 0.27 -0.95) is out of map bounds (-20.45, -1.70, 0.00) to (-16.48, 2.27, 0.78). The costmap cannot raytrace for it.
[controller_server-4] [WARN] [1790891737.126442605] [local_costmap.local_costmap]: Sensor origin at (-18.47, 0.27 -0.98) is out of map bounds (-20.50, -1.70, 0.00) to (-16.53, 2.27, 0.78). The costmap cannot raytrace for it.
[controller_server-4] [WARN] [1790891737.326427240] [local_costmap.local_costmap]: Sensor origin at (-18.49, 0.27 -0.99) is out of map bounds (-20.50, -1.70, 0.00) to (-16.53, 2.27, 0.78). The costmap cannot raytrace for it.
[smoother_server-3] [INFO] [1790891737.372525077] [smoother_server]: Received a path to smooth.
[controller_server-4] [INFO] [1790891737.382636088] [controller_server]: Passing new path to controller.
[path_follower-12] [WARN] [1790891737.393213316] [path_follower]: plano CRU descartado — segurança exige /plan_smoothed; aguardando o suavizador
[controller_server-4] [WARN] [1790891737.526491526] [local_costmap.local_costmap]: Sensor origin at (-18.53, 0.27 -1.02) is out of map bounds (-20.55, -1.70, 0.00) to (-16.58, 2.27, 0.78). The costmap cannot raytrace for it.
[controller_server-4] [INFO] [1790891737.582629985] [controller_server]: Passing new path to controller.
[controller_server-4] [WARN] [1790891737.726477302] [local_costmap.local_costmap]: Sensor origin at (-18.56, 0.28 -1.06) is out of map bounds (-20.55, -1.70, 0.00) to (-16.58, 2.27, 0.78). The costmap cannot raytrace for it.
[controller_server-4] [WARN] [1790891737.926466603] [local_costmap.local_costmap]: Sensor origin at (-18.59, 0.28 -1.07) is out of map bounds (-20.60, -1.70, 0.00) to (-16.63, 2.27, 0.78). The costmap cannot raytrace for it.
[controller_server-4] [WARN] [1790891738.126429233] [local_costmap.local_costmap]: Sensor origin at (-18.60, 0.27 -1.07) is out of map bounds (-20.65, -1.70, 0.00) to (-16.68, 2.27, 0.78). The costmap cannot raytrace for it.
[controller_server-4] [WARN] [1790891738.326458804] [local_costmap.local_costmap]: Sensor origin at (-18.65, 0.27 -1.06) is out of map bounds (-20.75, -1.70, 0.00) to (-16.78, 2.27, 0.78). The costmap cannot raytrace for it.
[controller_server-4] [WARN] [1790891738.526433389] [local_costmap.local_costmap]: Sensor origin at (-18.67, 0.27 -1.06) is out of map bounds (-20.80, -1.70, 0.00) to (-16.83, 2.27, 0.78). The costmap cannot raytrace for it.
[controller_server-4] [WARN] [1790891738.726419637] [local_costmap.local_costmap]: Sensor origin at (-18.74, 0.27 -1.08) is out of map bounds (-20.85, -1.70, 0.00) to (-16.88, 2.27, 0.78). The costmap cannot raytrace for it.
[controller_server-4] [WARN] [1790891738.926426492] [local_costmap.local_costmap]: Sensor origin at (-18.81, 0.27 -1.11) is out of map bounds (-20.90, -1.70, 0.00) to (-16.93, 2.27, 0.78). The costmap cannot raytrace for it.
[path_follower-12] [WARN] [1790891739.095377001] [path_follower]: EMPERRADO com frente livre (2.16 m) — escape RETO para frente de até 0.20 m, remedindo a cada ciclo
[controller_server-4] [WARN] [1790891739.126447684] [local_costmap.local_costmap]: Sensor origin at (-18.84, 0.27 -1.13) is out of map bounds (-20.95, -1.70, 0.00) to (-16.98, 2.27, 0.78). The costmap cannot raytrace for it.
[controller_server-4] [WARN] [1790891739.326431747] [local_costmap.local_costmap]: Sensor origin at (-18.93, 0.28 -1.13) is out of map bounds (-21.00, -1.70, 0.00) to (-17.03, 2.27, 0.78). The costmap cannot raytrace for it.
[controller_server-4] [WARN] [1790891739.526411748] [local_costmap.local_costmap]: Sensor origin at (-18.98, 0.27 -1.12) is out of map bounds (-21.05, -1.70, 0.00) to (-17.08, 2.27, 0.78). The costmap cannot raytrace for it.
[controller_server-4] [WARN] [1790891739.726425483] [local_costmap.local_costmap]: Sensor origin at (-19.01, 0.27 -1.12) is out of map bounds (-21.10, -1.70, 0.00) to (-17.13, 2.27, 0.78). The costmap cannot raytrace for it.
[controller_server-4] [WARN] [1790891739.926433962] [local_costmap.local_costmap]: Sensor origin at (-19.05, 0.27 -1.13) is out of map bounds (-21.10, -1.70, 0.00) to (-17.13, 2.27, 0.78). The costmap cannot raytrace for it.
[path_follower-12] [WARN] [1790891740.094357382] [path_follower]: fim do escape para frente: percorreu 0.20 m em 1.0 s
[controller_server-4] [WARN] [1790891740.126451426] [local_costmap.local_costmap]: Sensor origin at (-19.11, 0.26 -1.14) is out of map bounds (-21.15, -1.70, 0.00) to (-17.18, 2.27, 0.78). The costmap cannot raytrace for it.
[controller_server-4] [WARN] [1790891740.326429645] [local_costmap.local_costmap]: Sensor origin at (-19.15, 0.26 -1.13) is out of map bounds (-21.20, -1.70, 0.00) to (-17.23, 2.27, 0.78). The costmap cannot raytrace for it.
[controller_server-4] [WARN] [1790891740.526427496] [local_costmap.local_costmap]: Sensor origin at (-19.17, 0.25 -1.14) is out of map bounds (-21.25, -1.70, 0.00) to (-17.28, 2.27, 0.78). The costmap cannot raytrace for it.
[controller_server-4] [WARN] [1790891740.726459757] [local_costmap.local_costmap]: Sensor origin at (-19.23, 0.25 -1.12) is out of map bounds (-21.30, -1.70, 0.00) to (-17.33, 2.27, 0.78). The costmap cannot raytrace for it.
[controller_server-4] [WARN] [1790891740.926437081] [local_costmap.local_costmap]: Sensor origin at (-19.25, 0.25 -1.14) is out of map bounds (-21.35, -1.70, 0.00) to (-17.38, 2.27, 0.78). The costmap cannot raytrace for it.
[controller_server-4] [WARN] [1790891741.126421103] [local_costmap.local_costmap]: Sensor origin at (-19.30, 0.25 -1.15) is out of map bounds (-21.40, -1.70, 0.00) to (-17.43, 2.27, 0.78). The costmap cannot raytrace for it.
[controller_server-4] [WARN] [1790891741.326443788] [local_costmap.local_costmap]: Sensor origin at (-19.34, 0.25 -1.14) is out of map bounds (-21.45, -1.70, 0.00) to (-17.48, 2.27, 0.78). The costmap cannot raytrace for it.
[controller_server-4] [WARN] [1790891741.526430091] [local_costmap.local_costmap]: Sensor origin at (-19.41, 0.25 -1.12) is out of map bounds (-21.50, -1.70, 0.00) to (-17.53, 2.27, 0.78). The costmap cannot raytrace for it.
[controller_server-4] [WARN] [1790891741.726467768] [local_costmap.local_costmap]: Sensor origin at (-19.46, 0.25 -1.13) is out of map bounds (-21.50, -1.70, 0.00) to (-17.53, 2.27, 0.78). The costmap cannot raytrace for it.
[controller_server-4] [WARN] [1790891741.926442099] [local_costmap.local_costmap]: Sensor origin at (-19.52, 0.25 -1.12) is out of map bounds (-21.55, -1.70, 0.00) to (-17.58, 2.27, 0.78). The costmap cannot raytrace for it.
[controller_server-4] [WARN] [1790891742.126447774] [local_costmap.local_costmap]: Sensor origin at (-19.54, 0.25 -1.12) is out of map bounds (-21.60, -1.70, 0.00) to (-17.63, 2.27, 0.78). The costmap cannot raytrace for it.
[controller_server-4] [WARN] [1790891742.326433262] [local_costmap.local_costmap]: Sensor origin at (-19.58, 0.24 -1.14) is out of map bounds (-21.60, -1.75, 0.00) to (-17.63, 2.22, 0.78). The costmap cannot raytrace for it.
[smoother_server-3] [INFO] [1790891742.492173003] [smoother_server]: Received a path to smooth.
[controller_server-4] [WARN] [1790891742.512339398] [controller_server]: [follow_path] [ActionServer] Aborting handle.
[controller_server-4] [WARN] [1790891742.526423844] [local_costmap.local_costmap]: Sensor origin at (-19.60, 0.23 -1.12) is out of map bounds (-21.65, -1.75, 0.00) to (-17.68, 2.22, 0.78). The costmap cannot raytrace for it.
[controller_server-4] [INFO] [1790891742.582633599] [controller_server]: Passing new path to controller.
[controller_server-4] [WARN] [1790891742.726461968] [local_costmap.local_costmap]: Sensor origin at (-19.63, 0.22 -1.08) is out of map bounds (-21.70, -1.75, 0.00) to (-17.73, 2.22, 0.78). The costmap cannot raytrace for it.
[controller_server-4] [WARN] [1790891742.926433632] [local_costmap.local_costmap]: Sensor origin at (-19.69, 0.21 -1.06) is out of map bounds (-21.75, -1.75, 0.00) to (-17.78, 2.22, 0.78). The costmap cannot raytrace for it.
[controller_server-4] [WARN] [1790891743.126450250] [local_costmap.local_costmap]: Sensor origin at (-19.73, 0.21 -1.05) is out of map bounds (-21.80, -1.75, 0.00) to (-17.83, 2.22, 0.78). The costmap cannot raytrace for it.
[controller_server-4] [WARN] [1790891743.326447238] [local_costmap.local_costmap]: Sensor origin at (-19.76, 0.20 -1.04) is out of map bounds (-21.85, -1.80, 0.00) to (-17.88, 2.17, 0.78). The costmap cannot raytrace for it.
[controller_server-4] [WARN] [1790891743.526457875] [local_costmap.local_costmap]: Sensor origin at (-19.80, 0.20 -1.02) is out of map bounds (-21.90, -1.80, 0.00) to (-17.93, 2.17, 0.78). The costmap cannot raytrace for it.
[controller_server-4] [WARN] [1790891743.726443139] [local_costmap.local_costmap]: Sensor origin at (-19.87, 0.18 -1.02) is out of map bounds (-21.95, -1.80, 0.00) to (-17.98, 2.17, 0.78). The costmap cannot raytrace for it.
[controller_server-4] [WARN] [1790891743.926449850] [local_costmap.local_costmap]: Sensor origin at (-19.89, 0.17 -1.03) is out of map bounds (-21.95, -1.80, 0.00) to (-17.98, 2.17, 0.78). The costmap cannot raytrace for it.
[controller_server-4] [WARN] [1790891744.126430622] [local_costmap.local_costmap]: Sensor origin at (-19.97, 0.16 -1.04) is out of map bounds (-22.00, -1.80, 0.00) to (-18.03, 2.17, 0.78). The costmap cannot raytrace for it.
[path_follower-12] [WARN] [1790891744.194622880] [path_follower]: EMPERRADO com frente livre (0.67 m) — escape RETO para frente de até 0.20 m, remedindo a cada ciclo
[controller_server-4] [WARN] [1790891744.326427274] [local_costmap.local_costmap]: Sensor origin at (-19.99, 0.15 -1.05) is out of map bounds (-22.05, -1.80, 0.00) to (-18.08, 2.17, 0.78). The costmap cannot raytrace for it.
[controller_server-4] [WARN] [1790891744.526428199] [local_costmap.local_costmap]: Sensor origin at (-20.03, 0.14 -1.05) is out of map bounds (-22.05, -1.80, 0.00) to (-18.08, 2.17, 0.78). The costmap cannot raytrace for it.
[controller_server-4] [WARN] [1790891744.726448021] [local_costmap.local_costmap]: Sensor origin at (-20.08, 0.13 -1.05) is out of map bounds (-22.10, -1.80, 0.00) to (-18.13, 2.17, 0.78). The costmap cannot raytrace for it.
[controller_server-4] [WARN] [1790891744.926430719] [local_costmap.local_costmap]: Sensor origin at (-20.09, 0.13 -1.05) is out of map bounds (-22.15, -1.80, 0.00) to (-18.18, 2.17, 0.78). The costmap cannot raytrace for it.
[controller_server-4] [WARN] [1790891745.126444402] [local_costmap.local_costmap]: Sensor origin at (-20.14, 0.13 -1.04) is out of map bounds (-22.20, -1.80, 0.00) to (-18.23, 2.17, 0.78). The costmap cannot raytrace for it.
[path_follower-12] [WARN] [1790891745.293530169] [path_follower]: fim do escape para frente: percorreu 0.22 m em 1.1 s
[controller_server-4] [WARN] [1790891745.326420476] [local_costmap.local_costmap]: Sensor origin at (-20.16, 0.14 -1.04) is out of map bounds (-22.20, -1.80, 0.00) to (-18.23, 2.17, 0.78). The costmap cannot raytrace for it.
[controller_server-4] [WARN] [1790891745.526432687] [local_costmap.local_costmap]: Sensor origin at (-20.20, 0.15 -1.03) is out of map bounds (-22.25, -1.80, 0.00) to (-18.28, 2.17, 0.78). The costmap cannot raytrace for it.
[controller_server-4] [WARN] [1790891745.726426244] [local_costmap.local_costmap]: Sensor origin at (-20.26, 0.15 -1.06) is out of map bounds (-22.30, -1.80, 0.00) to (-18.33, 2.17, 0.78). The costmap cannot raytrace for it.
[controller_server-4] [WARN] [1790891745.926447555] [local_costmap.local_costmap]: Sensor origin at (-20.27, 0.16 -1.06) is out of map bounds (-22.35, -1.80, 0.00) to (-18.38, 2.17, 0.78). The costmap cannot raytrace for it.
[controller_server-4] [WARN] [1790891746.126461537] [local_costmap.local_costmap]: Sensor origin at (-20.31, 0.16 -1.08) is out of map bounds (-22.40, -1.75, 0.00) to (-18.43, 2.22, 0.78). The costmap cannot raytrace for it.
[controller_server-4] [WARN] [1790891746.326472365] [local_costmap.local_costmap]: Sensor origin at (-20.39, 0.19 -1.10) is out of map bounds (-22.45, -1.75, 0.00) to (-18.48, 2.22, 0.78). The costmap cannot raytrace for it.
[controller_server-4] [WARN] [1790891746.526435285] [local_costmap.local_costmap]: Sensor origin at (-20.42, 0.20 -1.10) is out of map bounds (-22.45, -1.75, 0.00) to (-18.48, 2.22, 0.78). The costmap cannot raytrace for it.
[controller_server-4] [WARN] [1790891746.726406755] [local_costmap.local_costmap]: Sensor origin at (-20.49, 0.22 -1.11) is out of map bounds (-22.50, -1.75, 0.00) to (-18.53, 2.22, 0.78). The costmap cannot raytrace for it.
[controller_server-4] [WARN] [1790891746.926422005] [local_costmap.local_costmap]: Sensor origin at (-20.52, 0.23 -1.11) is out of map bounds (-22.55, -1.75, 0.00) to (-18.58, 2.22, 0.78). The costmap cannot raytrace for it.
[controller_server-4] [WARN] [1790891747.126449096] [local_costmap.local_costmap]: Sensor origin at (-20.54, 0.24 -1.11) is out of map bounds (-22.55, -1.70, 0.00) to (-18.58, 2.27, 0.78). The costmap cannot raytrace for it.
[controller_server-4] [WARN] [1790891747.326419522] [local_costmap.local_costmap]: Sensor origin at (-20.56, 0.24 -1.12) is out of map bounds (-22.60, -1.70, 0.00) to (-18.63, 2.27, 0.78). The costmap cannot raytrace for it.
[planner_server-2] [WARN] [1790891747.523834842] [planner_server]: GridBased plugin failed to plan from (1.21, 22.07) to (2.04, 0.37): "no valid path found"
[planner_server-2] [WARN] [1790891747.523921476] [planner_server]: [compute_path_to_pose] [ActionServer] Aborting handle.
[controller_server-4] [WARN] [1790891747.526458661] [local_costmap.local_costmap]: Sensor origin at (-20.60, 0.26 -1.11) is out of map bounds (-22.60, -1.70, 0.00) to (-18.63, 2.27, 0.78). The costmap cannot raytrace for it.
[planner_server-2] [INFO] [1790891747.541366278] [global_costmap.global_costmap]: Received request to clear entirely the global_costmap
[controller_server-4] [WARN] [1790891747.726439092] [local_costmap.local_costmap]: Sensor origin at (-20.65, 0.28 -1.09) is out of map bounds (-22.65, -1.65, 0.00) to (-18.68, 2.32, 0.78). The costmap cannot raytrace for it.
[controller_server-4] [WARN] [1790891747.926424294] [local_costmap.local_costmap]: Sensor origin at (-20.67, 0.28 -1.09) is out of map bounds (-22.65, -1.65, 0.00) to (-18.68, 2.32, 0.78). The costmap cannot raytrace for it.
[controller_server-4] [WARN] [1790891748.126423423] [local_costmap.local_costmap]: Sensor origin at (-20.70, 0.31 -1.10) is out of map bounds (-22.70, -1.65, 0.00) to (-18.73, 2.32, 0.78). The costmap cannot raytrace for it.
[smoother_server-3] [INFO] [1790891748.162349650] [smoother_server]: Received a path to smooth.
[controller_server-4] [INFO] [1790891748.182637769] [controller_server]: Passing new path to controller.
[path_follower-12] [WARN] [1790891748.183999314] [path_follower]: plano CRU descartado — segurança exige /plan_smoothed; aguardando o suavizador
[controller_server-4] [WARN] [1790891748.326433109] [local_costmap.local_costmap]: Sensor origin at (-20.71, 0.32 -1.10) is out of map bounds (-22.70, -1.60, 0.00) to (-18.73, 2.37, 0.78). The costmap cannot raytrace for it.
[controller_server-4] [INFO] [1790891748.382638595] [controller_server]: Passing new path to controller.
[controller_server-4] [WARN] [1790891748.526422396] [local_costmap.local_costmap]: Sensor origin at (-20.74, 0.35 -1.11) is out of map bounds (-22.75, -1.60, 0.00) to (-18.78, 2.37, 0.78). The costmap cannot raytrace for it.
[controller_server-4] [WARN] [1790891748.726412605] [local_costmap.local_costmap]: Sensor origin at (-20.75, 0.36 -1.11) is out of map bounds (-22.75, -1.55, 0.00) to (-18.78, 2.42, 0.78). The costmap cannot raytrace for it.
[controller_server-4] [WARN] [1790891748.926409250] [local_costmap.local_costmap]: Sensor origin at (-20.78, 0.39 -1.12) is out of map bounds (-22.75, -1.55, 0.00) to (-18.78, 2.42, 0.78). The costmap cannot raytrace for it.
[controller_server-4] [WARN] [1790891749.126425730] [local_costmap.local_costmap]: Sensor origin at (-20.79, 0.41 -1.12) is out of map bounds (-22.75, -1.50, 0.00) to (-18.78, 2.47, 0.78). The costmap cannot raytrace for it.
[controller_server-4] [WARN] [1790891749.326433777] [local_costmap.local_costmap]: Sensor origin at (-20.82, 0.44 -1.11) is out of map bounds (-22.80, -1.45, 0.00) to (-18.83, 2.52, 0.78). The costmap cannot raytrace for it.
[path_follower-12] [WARN] [1790891749.394006376] [path_follower]: EMPERRADO a 21.83 m do objetivo — ré de até 0.11 m (vão medido atrás: 0.41 m)
[controller_server-4] [WARN] [1790891749.526421927] [local_costmap.local_costmap]: Sensor origin at (-20.84, 0.48 -1.10) is out of map bounds (-22.80, -1.45, 0.00) to (-18.83, 2.52, 0.78). The costmap cannot raytrace for it.
[controller_server-4] [WARN] [1790891749.726440488] [local_costmap.local_costmap]: Sensor origin at (-20.84, 0.50 -1.09) is out of map bounds (-22.80, -1.40, 0.00) to (-18.83, 2.57, 0.78). The costmap cannot raytrace for it.
[controller_server-4] [WARN] [1790891749.926413556] [local_costmap.local_costmap]: Sensor origin at (-20.86, 0.54 -1.08) is out of map bounds (-22.80, -1.40, 0.00) to (-18.83, 2.57, 0.78). The costmap cannot raytrace for it.
[controller_server-4] [WARN] [1790891750.126430644] [local_costmap.local_costmap]: Sensor origin at (-20.87, 0.55 -1.08) is out of map bounds (-22.80, -1.35, 0.00) to (-18.83, 2.62, 0.78). The costmap cannot raytrace for it.
[controller_server-4] [WARN] [1790891750.326438185] [local_costmap.local_costmap]: Sensor origin at (-20.87, 0.60 -1.07) is out of map bounds (-22.85, -1.35, 0.00) to (-18.88, 2.62, 0.78). The costmap cannot raytrace for it.
[controller_server-4] [WARN] [1790891750.526431853] [local_costmap.local_costmap]: Sensor origin at (-20.87, 0.62 -1.08) is out of map bounds (-22.85, -1.35, 0.00) to (-18.88, 2.62, 0.78). The costmap cannot raytrace for it.
[controller_server-4] [WARN] [1790891750.726439540] [local_costmap.local_costmap]: Sensor origin at (-20.88, 0.65 -1.08) is out of map bounds (-22.85, -1.35, 0.00) to (-18.88, 2.62, 0.78). The costmap cannot raytrace for it.
[controller_server-4] [WARN] [1790891750.926417215] [local_costmap.local_costmap]: Sensor origin at (-20.89, 0.66 -1.07) is out of map bounds (-22.85, -1.40, 0.00) to (-18.88, 2.57, 0.78). The costmap cannot raytrace for it.
[path_follower-12] [WARN] [1790891751.093672970] [path_follower]: fim do ré: percorreu 0.08 m em 1.7 s
[controller_server-4] [WARN] [1790891751.126450374] [local_costmap.local_costmap]: Sensor origin at (-20.90, 0.63 -1.10) is out of map bounds (-22.85, -1.50, 0.00) to (-18.88, 2.47, 0.78). The costmap cannot raytrace for it.
[controller_server-4] [WARN] [1790891751.326462628] [local_costmap.local_costmap]: Sensor origin at (-20.91, 0.59 -1.08) is out of map bounds (-22.85, -1.55, 0.00) to (-18.88, 2.42, 0.78). The costmap cannot raytrace for it.
[controller_server-4] [WARN] [1790891751.526437497] [local_costmap.local_costmap]: Sensor origin at (-20.91, 0.57 -1.07) is out of map bounds (-22.90, -1.60, 0.00) to (-18.93, 2.37, 0.78). The costmap cannot raytrace for it.
[collision_monitor-9] [INFO] [1790891751.571291930] [collision_monitor]: Robot to approach for 0.750000 seconds away from collision
[controller_server-4] [WARN] [1790891751.728089711] [local_costmap.local_costmap]: Sensor origin at (-20.93, 0.49 -1.07) is out of map bounds (-22.90, -1.65, 0.00) to (-18.93, 2.32, 0.78). The costmap cannot raytrace for it.
[controller_server-4] [WARN] [1790891751.926434495] [local_costmap.local_costmap]: Sensor origin at (-20.94, 0.47 -1.07) is out of map bounds (-22.90, -1.65, 0.00) to (-18.93, 2.32, 0.78). The costmap cannot raytrace for it.
[collision_monitor-9] [INFO] [1790891752.060727527] [collision_monitor]: Robot to stop due to PolygonStop polygon
[controller_server-4] [WARN] [1790891752.126502789] [local_costmap.local_costmap]: Sensor origin at (-20.94, 0.41 -1.08) is out of map bounds (-22.90, -1.70, 0.00) to (-18.93, 2.27, 0.78). The costmap cannot raytrace for it.
[controller_server-4] [WARN] [1790891752.326427317] [local_costmap.local_costmap]: Sensor origin at (-20.96, 0.34 -1.07) is out of map bounds (-22.90, -1.70, 0.00) to (-18.93, 2.27, 0.78). The costmap cannot raytrace for it.
[controller_server-4] [WARN] [1790891752.526442140] [local_costmap.local_costmap]: Sensor origin at (-20.96, 0.30 -1.08) is out of map bounds (-22.90, -1.70, 0.00) to (-18.93, 2.27, 0.78). The costmap cannot raytrace for it.
[controller_server-4] [WARN] [1790891752.726443772] [local_costmap.local_costmap]: Sensor origin at (-20.96, 0.28 -1.08) is out of map bounds (-22.90, -1.70, 0.00) to (-18.93, 2.27, 0.78). The costmap cannot raytrace for it.
[controller_server-4] [WARN] [1790891752.926420867] [local_costmap.local_costmap]: Sensor origin at (-20.96, 0.28 -1.08) is out of map bounds (-22.90, -1.70, 0.00) to (-18.93, 2.27, 0.78). The costmap cannot raytrace for it.
[controller_server-4] [WARN] [1790891753.126444974] [local_costmap.local_costmap]: Sensor origin at (-20.95, 0.28 -1.08) is out of map bounds (-22.90, -1.70, 0.00) to (-18.93, 2.27, 0.78). The costmap cannot raytrace for it.
[smoother_server-3] [INFO] [1790891753.272369503] [smoother_server]: Received a path to smooth.
[controller_server-4] [WARN] [1790891753.291958827] [controller_server]: [follow_path] [ActionServer] Aborting handle.
[controller_server-4] [WARN] [1790891753.326447298] [local_costmap.local_costmap]: Sensor origin at (-20.95, 0.28 -1.09) is out of map bounds (-22.90, -1.70, 0.00) to (-18.93, 2.27, 0.78). The costmap cannot raytrace for it.
[controller_server-4] [INFO] [1790891753.382626521] [controller_server]: Passing new path to controller.
[controller_server-4] [WARN] [1790891753.526435346] [local_costmap.local_costmap]: Sensor origin at (-20.95, 0.28 -1.09) is out of map bounds (-22.90, -1.70, 0.00) to (-18.93, 2.27, 0.78). The costmap cannot raytrace for it.
[heading_controller-8] [ERROR] [1790891753.616952898] [heading_controller]: ROBÔ PARADO COM COMANDO SAINDO há 0.5 s — pedindo v=0.500 m/s, wz=0.654 rad/s e a pose não mexe. Suspeita: zona morta (parâmetro=0.0178 m/s, não medido). Rodar tools/banco/, ensaios de zona morta.
[collision_monitor-9] [WARN] [1790891753.660039520] [collision_monitor]: [livox]: Latest source and current collision monitor node timestamps differ on 1.022284 seconds. Ignoring the source.
[collision_monitor-9] [WARN] [1790891753.660104990] [collision_monitor]: Robot to stop due to invalid source. Either due to data not published yet, or to lack of new data received within the sensor timeout, or if impossible to transform data to base frame
[controller_server-4] [WARN] [1790891753.726436081] [local_costmap.local_costmap]: Sensor origin at (-20.96, 0.28 -1.11) is out of map bounds (-22.90, -1.70, 0.00) to (-18.93, 2.27, 0.78). The costmap cannot raytrace for it.
[collision_monitor-9] [INFO] [1790891753.757927746] [collision_monitor]: Robot to stop due to PolygonStop polygon
[controller_server-4] [WARN] [1790891753.926453563] [local_costmap.local_costmap]: Sensor origin at (-20.96, 0.28 -1.11) is out of map bounds (-22.90, -1.70, 0.00) to (-18.93, 2.27, 0.78). The costmap cannot raytrace for it.
[controller_server-4] [WARN] [1790891754.126447531] [local_costmap.local_costmap]: Sensor origin at (-20.96, 0.28 -1.12) is out of map bounds (-22.90, -1.70, 0.00) to (-18.93, 2.27, 0.78). The costmap cannot raytrace for it.
[controller_server-4] [WARN] [1790891754.326464351] [local_costmap.local_costmap]: Sensor origin at (-20.96, 0.28 -1.12) is out of map bounds (-22.90, -1.70, 0.00) to (-18.93, 2.27, 0.78). The costmap cannot raytrace for it.
[controller_server-4] [WARN] [1790891754.526472404] [local_costmap.local_costmap]: Sensor origin at (-20.96, 0.28 -1.13) is out of map bounds (-22.90, -1.70, 0.00) to (-18.93, 2.27, 0.78). The costmap cannot raytrace for it.
[controller_server-4] [WARN] [1790891754.726472742] [local_costmap.local_costmap]: Sensor origin at (-20.96, 0.28 -1.12) is out of map bounds (-22.90, -1.70, 0.00) to (-18.93, 2.27, 0.78). The costmap cannot raytrace for it.
[controller_server-4] [WARN] [1790891754.926441271] [local_costmap.local_costmap]: Sensor origin at (-20.96, 0.28 -1.12) is out of map bounds (-22.90, -1.70, 0.00) to (-18.93, 2.27, 0.78). The costmap cannot raytrace for it.
[controller_server-4] [WARN] [1790891755.126454597] [local_costmap.local_costmap]: Sensor origin at (-20.96, 0.28 -1.13) is out of map bounds (-22.90, -1.70, 0.00) to (-18.93, 2.27, 0.78). The costmap cannot raytrace for it.
[path_follower-12] [WARN] [1790891755.144552520] [path_follower]: EMPERRADO com frente livre (1.02 m) — escape RETO para frente de até 0.20 m, remedindo a cada ciclo
[controller_server-4] [WARN] [1790891755.326449727] [local_costmap.local_costmap]: Sensor origin at (-20.96, 0.28 -1.12) is out of map bounds (-22.90, -1.70, 0.00) to (-18.93, 2.27, 0.78). The costmap cannot raytrace for it.
[controller_server-4] [WARN] [1790891755.526443965] [local_costmap.local_costmap]: Sensor origin at (-20.96, 0.28 -1.12) is out of map bounds (-22.90, -1.70, 0.00) to (-18.93, 2.27, 0.78). The costmap cannot raytrace for it.
[controller_server-4] [WARN] [1790891755.726424175] [local_costmap.local_costmap]: Sensor origin at (-20.96, 0.28 -1.11) is out of map bounds (-22.90, -1.70, 0.00) to (-18.93, 2.27, 0.78). The costmap cannot raytrace for it.
[controller_server-4] [WARN] [1790891755.926455477] [local_costmap.local_costmap]: Sensor origin at (-20.96, 0.28 -1.11) is out of map bounds (-22.90, -1.65, 0.00) to (-18.93, 2.32, 0.78). The costmap cannot raytrace for it.
[controller_server-4] [WARN] [1790891756.126422851] [local_costmap.local_costmap]: Sensor origin at (-20.96, 0.28 -1.12) is out of map bounds (-22.90, -1.65, 0.00) to (-18.93, 2.32, 0.78). The costmap cannot raytrace for it.
[collision_monitor-9] [INFO] [1790891756.260042407] [collision_monitor]: Robot to continue normal operation
[controller_server-4] [WARN] [1790891756.326460139] [local_costmap.local_costmap]: Sensor origin at (-20.95, 0.29 -1.12) is out of map bounds (-22.85, -1.60, 0.00) to (-18.88, 2.37, 0.78). The costmap cannot raytrace for it.
[path_follower-12] [WARN] [1790891756.494520214] [path_follower]: fim do escape para frente: percorreu 0.22 m em 1.4 s
[controller_server-4] [WARN] [1790891756.526434673] [local_costmap.local_costmap]: Sensor origin at (-20.94, 0.33 -1.13) is out of map bounds (-22.85, -1.55, 0.00) to (-18.88, 2.42, 0.78). The costmap cannot raytrace for it.
[controller_server-4] [WARN] [1790891756.726437925] [local_costmap.local_costmap]: Sensor origin at (-20.92, 0.37 -1.12) is out of map bounds (-22.80, -1.50, 0.00) to (-18.83, 2.47, 0.78). The costmap cannot raytrace for it.
[controller_server-4] [WARN] [1790891756.926446321] [local_costmap.local_costmap]: Sensor origin at (-20.88, 0.43 -1.12) is out of map bounds (-22.80, -1.45, 0.00) to (-18.83, 2.52, 0.78). The costmap cannot raytrace for it.
[controller_server-4] [WARN] [1790891757.126426962] [local_costmap.local_costmap]: Sensor origin at (-20.86, 0.45 -1.13) is out of map bounds (-22.75, -1.40, 0.00) to (-18.78, 2.57, 0.78). The costmap cannot raytrace for it.
[controller_server-4] [WARN] [1790891757.326410176] [local_costmap.local_costmap]: Sensor origin at (-20.83, 0.51 -1.13) is out of map bounds (-22.75, -1.40, 0.00) to (-18.78, 2.57, 0.78). The costmap cannot raytrace for it.
[controller_server-4] [WARN] [1790891757.526489767] [local_costmap.local_costmap]: Sensor origin at (-20.81, 0.53 -1.14) is out of map bounds (-22.70, -1.35, 0.00) to (-18.73, 2.62, 0.78). The costmap cannot raytrace for it.
[controller_server-4] [WARN] [1790891757.726453865] [local_costmap.local_costmap]: Sensor origin at (-20.78, 0.58 -1.13) is out of map bounds (-22.70, -1.30, 0.00) to (-18.73, 2.67, 0.78). The costmap cannot raytrace for it.
[controller_server-4] [WARN] [1790891757.926443151] [local_costmap.local_costmap]: Sensor origin at (-20.76, 0.62 -1.11) is out of map bounds (-22.70, -1.30, 0.00) to (-18.73, 2.67, 0.78). The costmap cannot raytrace for it.
[controller_server-4] [WARN] [1790891758.126437380] [local_costmap.local_costmap]: Sensor origin at (-20.74, 0.66 -1.11) is out of map bounds (-22.70, -1.25, 0.00) to (-18.73, 2.72, 0.78). The costmap cannot raytrace for it.
[planner_server-2] [WARN] [1790891758.304050833] [planner_server]: GridBased plugin failed to plan from (1.70, 22.08) to (2.04, 0.37): "no valid path found"
[planner_server-2] [WARN] [1790891758.304104790] [planner_server]: [compute_path_to_pose] [ActionServer] Aborting handle.
[planner_server-2] [INFO] [1790891758.321397467] [global_costmap.global_costmap]: Received request to clear entirely the global_costmap
[controller_server-4] [WARN] [1790891758.326448017] [local_costmap.local_costmap]: Sensor origin at (-20.72, 0.71 -1.10) is out of map bounds (-22.65, -1.20, 0.00) to (-18.68, 2.77, 0.78). The costmap cannot raytrace for it.
[controller_server-4] [WARN] [1790891758.526430023] [local_costmap.local_costmap]: Sensor origin at (-20.72, 0.72 -1.10) is out of map bounds (-22.65, -1.20, 0.00) to (-18.68, 2.77, 0.78). The costmap cannot raytrace for it.
[controller_server-4] [WARN] [1790891758.726594192] [local_costmap.local_costmap]: Sensor origin at (-20.69, 0.77 -1.07) is out of map bounds (-22.65, -1.15, 0.00) to (-18.68, 2.82, 0.78). The costmap cannot raytrace for it.
[controller_server-4] [WARN] [1790891758.926459619] [local_costmap.local_costmap]: Sensor origin at (-20.68, 0.80 -1.06) is out of map bounds (-22.60, -1.15, 0.00) to (-18.63, 2.82, 0.78). The costmap cannot raytrace for it.
[controller_server-4] [WARN] [1790891759.126468159] [local_costmap.local_costmap]: Sensor origin at (-20.67, 0.81 -1.07) is out of map bounds (-22.60, -1.10, 0.00) to (-18.63, 2.87, 0.78). The costmap cannot raytrace for it.
[smoother_server-3] [INFO] [1790891759.151944999] [smoother_server]: Received a path to smooth.
[path_follower-12] [WARN] [1790891759.168413897] [path_follower]: plano CRU descartado — segurança exige /plan_smoothed; aguardando o suavizador
[controller_server-4] [WARN] [1790891759.173493351] [controller_server]: [follow_path] [ActionServer] Aborting handle.
[controller_server-4] [INFO] [1790891759.182603761] [controller_server]: Passing new path to controller.
[controller_server-4] [WARN] [1790891759.326440065] [local_costmap.local_costmap]: Sensor origin at (-20.66, 0.85 -1.08) is out of map bounds (-22.55, -1.05, 0.00) to (-18.58, 2.92, 0.78). The costmap cannot raytrace for it.
[controller_server-4] [WARN] [1790891759.526434572] [local_costmap.local_costmap]: Sensor origin at (-20.64, 0.88 -1.08) is out of map bounds (-22.55, -1.05, 0.00) to (-18.58, 2.92, 0.78). The costmap cannot raytrace for it.
[controller_server-4] [WARN] [1790891759.726428866] [local_costmap.local_costmap]: Sensor origin at (-20.61, 0.92 -1.06) is out of map bounds (-22.55, -1.00, 0.00) to (-18.58, 2.97, 0.78). The costmap cannot raytrace for it.
[controller_server-4] [WARN] [1790891759.926644262] [local_costmap.local_costmap]: Sensor origin at (-20.59, 0.96 -1.06) is out of map bounds (-22.55, -1.00, 0.00) to (-18.58, 2.97, 0.78). The costmap cannot raytrace for it.
[controller_server-4] [WARN] [1790891760.126444408] [local_costmap.local_costmap]: Sensor origin at (-20.59, 0.97 -1.05) is out of map bounds (-22.55, -0.95, 0.00) to (-18.58, 3.02, 0.78). The costmap cannot raytrace for it.
[controller_server-4] [WARN] [1790891760.326442147] [local_costmap.local_costmap]: Sensor origin at (-20.58, 1.01 -1.04) is out of map bounds (-22.55, -0.95, 0.00) to (-18.58, 3.02, 0.78). The costmap cannot raytrace for it.
[controller_server-4] [WARN] [1790891760.526445258] [local_costmap.local_costmap]: Sensor origin at (-20.58, 1.02 -1.04) is out of map bounds (-22.55, -0.90, 0.00) to (-18.58, 3.07, 0.78). The costmap cannot raytrace for it.
[controller_server-4] [WARN] [1790891760.726432023] [local_costmap.local_costmap]: Sensor origin at (-20.58, 1.06 -1.03) is out of map bounds (-22.55, -0.85, 0.00) to (-18.58, 3.12, 0.78). The costmap cannot raytrace for it.
[controller_server-4] [WARN] [1790891760.926444159] [local_costmap.local_costmap]: Sensor origin at (-20.58, 1.07 -1.03) is out of map bounds (-22.55, -0.80, 0.00) to (-18.58, 3.17, 0.78). The costmap cannot raytrace for it.
[controller_server-4] [WARN] [1790891761.126436233] [local_costmap.local_costmap]: Sensor origin at (-20.59, 1.10 -1.03) is out of map bounds (-22.55, -0.80, 0.00) to (-18.58, 3.17, 0.78). The costmap cannot raytrace for it.
[controller_server-4] [WARN] [1790891761.326424424] [local_costmap.local_costmap]: Sensor origin at (-20.60, 1.14 -1.05) is out of map bounds (-22.55, -0.75, 0.00) to (-18.58, 3.22, 0.78). The costmap cannot raytrace for it.
[controller_server-4] [WARN] [1790891761.526443825] [local_costmap.local_costmap]: Sensor origin at (-20.61, 1.17 -1.07) is out of map bounds (-22.60, -0.70, 0.00) to (-18.63, 3.27, 0.78). The costmap cannot raytrace for it.
[controller_server-4] [WARN] [1790891761.726493894] [local_costmap.local_costmap]: Sensor origin at (-20.61, 1.21 -1.09) is out of map bounds (-22.60, -0.65, 0.00) to (-18.63, 3.32, 0.78). The costmap cannot raytrace for it.
[controller_server-4] [WARN] [1790891761.926410241] [local_costmap.local_costmap]: Sensor origin at (-20.61, 1.26 -1.10) is out of map bounds (-22.65, -0.60, 0.00) to (-18.68, 3.37, 0.78). The costmap cannot raytrace for it.
[controller_server-4] [WARN] [1790891762.126438929] [local_costmap.local_costmap]: Sensor origin at (-20.66, 1.32 -1.12) is out of map bounds (-22.65, -0.60, 0.00) to (-18.68, 3.37, 0.78). The costmap cannot raytrace for it.
[controller_server-4] [WARN] [1790891762.326433043] [local_costmap.local_costmap]: Sensor origin at (-20.68, 1.34 -1.12) is out of map bounds (-22.65, -0.55, 0.00) to (-18.68, 3.42, 0.78). The costmap cannot raytrace for it.
[controller_server-4] [WARN] [1790891762.526426362] [local_costmap.local_costmap]: Sensor origin at (-20.70, 1.40 -1.11) is out of map bounds (-22.65, -0.50, 0.00) to (-18.68, 3.47, 0.78). The costmap cannot raytrace for it.
[controller_server-4] [WARN] [1790891762.726431289] [local_costmap.local_costmap]: Sensor origin at (-20.70, 1.42 -1.12) is out of map bounds (-22.65, -0.45, 0.00) to (-18.68, 3.52, 0.78). The costmap cannot raytrace for it.
[controller_server-4] [WARN] [1790891762.926429023] [local_costmap.local_costmap]: Sensor origin at (-20.71, 1.46 -1.12) is out of map bounds (-22.65, -0.40, 0.00) to (-18.68, 3.57, 0.78). The costmap cannot raytrace for it.
[controller_server-4] [WARN] [1790891763.126468314] [local_costmap.local_costmap]: Sensor origin at (-20.72, 1.52 -1.09) is out of map bounds (-22.65, -0.40, 0.00) to (-18.68, 3.57, 0.78). The costmap cannot raytrace for it.
[controller_server-4] [WARN] [1790891763.326422869] [local_costmap.local_costmap]: Sensor origin at (-20.73, 1.54 -1.08) is out of map bounds (-22.65, -0.35, 0.00) to (-18.68, 3.62, 0.78). The costmap cannot raytrace for it.
[path_follower-12] [WARN] [1790891763.394504135] [path_follower]: EMPERRADO com frente livre (0.82 m) — escape RETO para frente de até 0.20 m, remedindo a cada ciclo
[controller_server-4] [WARN] [1790891763.526440636] [local_costmap.local_costmap]: Sensor origin at (-20.73, 1.58 -1.08) is out of map bounds (-22.65, -0.30, 0.00) to (-18.68, 3.67, 0.78). The costmap cannot raytrace for it.
[controller_server-4] [WARN] [1790891763.726416402] [local_costmap.local_costmap]: Sensor origin at (-20.72, 1.62 -1.08) is out of map bounds (-22.65, -0.25, 0.00) to (-18.68, 3.72, 0.78). The costmap cannot raytrace for it.
[controller_server-4] [WARN] [1790891763.926439676] [local_costmap.local_costmap]: Sensor origin at (-20.70, 1.66 -1.06) is out of map bounds (-22.65, -0.20, 0.00) to (-18.68, 3.77, 0.78). The costmap cannot raytrace for it.
[controller_server-4] [WARN] [1790891764.126425630] [local_costmap.local_costmap]: Sensor origin at (-20.68, 1.71 -1.07) is out of map bounds (-22.65, -0.15, 0.00) to (-18.68, 3.82, 0.78). The costmap cannot raytrace for it.
[smoother_server-3] [INFO] [1790891764.262095862] [smoother_server]: Received a path to smooth.
[controller_server-4] [WARN] [1790891764.282140441] [controller_server]: [follow_path] [ActionServer] Aborting handle.
[controller_server-4] [WARN] [1790891764.326424416] [local_costmap.local_costmap]: Sensor origin at (-20.66, 1.75 -1.07) is out of map bounds (-22.65, -0.10, 0.00) to (-18.68, 3.87, 0.78). The costmap cannot raytrace for it.
[controller_server-4] [INFO] [1790891764.382637012] [controller_server]: Passing new path to controller.
[path_follower-12] [WARN] [1790891764.393908751] [path_follower]: fim do escape para frente: percorreu 0.22 m em 1.0 s
[controller_server-4] [WARN] [1790891764.526430636] [local_costmap.local_costmap]: Sensor origin at (-20.66, 1.81 -1.07) is out of map bounds (-22.65, -0.05, 0.00) to (-18.68, 3.92, 0.78). The costmap cannot raytrace for it.
[controller_server-4] [WARN] [1790891764.726413604] [local_costmap.local_costmap]: Sensor origin at (-20.68, 1.85 -1.08) is out of map bounds (-22.65, -0.00, 0.00) to (-18.68, 3.97, 0.78). The costmap cannot raytrace for it.
[controller_server-4] [WARN] [1790891764.926407485] [local_costmap.local_costmap]: Sensor origin at (-20.69, 1.87 -1.07) is out of map bounds (-22.65, 0.05, 0.00) to (-18.68, 4.02, 0.78). The costmap cannot raytrace for it.
[controller_server-4] [WARN] [1790891765.126433925] [local_costmap.local_costmap]: Sensor origin at (-20.71, 1.93 -1.08) is out of map bounds (-22.65, 0.10, 0.00) to (-18.68, 4.07, 0.78). The costmap cannot raytrace for it.
[controller_server-4] [WARN] [1790891765.326476828] [local_costmap.local_costmap]: Sensor origin at (-20.72, 1.98 -1.08) is out of map bounds (-22.65, 0.10, 0.00) to (-18.68, 4.07, 0.78). The costmap cannot raytrace for it.
[controller_server-4] [WARN] [1790891765.526431492] [local_costmap.local_costmap]: Sensor origin at (-20.72, 2.02 -1.09) is out of map bounds (-22.65, 0.15, 0.00) to (-18.68, 4.12, 0.78). The costmap cannot raytrace for it.
[controller_server-4] [WARN] [1790891765.726438121] [local_costmap.local_costmap]: Sensor origin at (-20.73, 2.08 -1.10) is out of map bounds (-22.65, 0.20, 0.00) to (-18.68, 4.17, 0.78). The costmap cannot raytrace for it.
[controller_server-4] [WARN] [1790891765.926428760] [local_costmap.local_costmap]: Sensor origin at (-20.73, 2.11 -1.10) is out of map bounds (-22.65, 0.25, 0.00) to (-18.68, 4.22, 0.78). The costmap cannot raytrace for it.
[controller_server-4] [WARN] [1790891766.126444469] [local_costmap.local_costmap]: Sensor origin at (-20.70, 2.17 -1.12) is out of map bounds (-22.65, 0.25, 0.00) to (-18.68, 4.22, 0.78). The costmap cannot raytrace for it.
[controller_server-4] [WARN] [1790891766.326431734] [local_costmap.local_costmap]: Sensor origin at (-20.67, 2.22 -1.11) is out of map bounds (-22.65, 0.30, 0.00) to (-18.68, 4.27, 0.78). The costmap cannot raytrace for it.
[controller_server-4] [WARN] [1790891766.526445022] [local_costmap.local_costmap]: Sensor origin at (-20.67, 2.23 -1.11) is out of map bounds (-22.65, 0.35, 0.00) to (-18.68, 4.32, 0.78). The costmap cannot raytrace for it.
[path_follower-12] [INFO] [1790891766.553623904] [path_follower]: 4237 amostras -> /home/bara/logs_robo2/seguidor_2026-10-01_185111.csv
[controller_server-4] [WARN] [1790891766.726445128] [local_costmap.local_costmap]: Sensor origin at (-20.67, 2.28 -1.13) is out of map bounds (-22.65, 0.40, 0.00) to (-18.68, 4.37, 0.78). The costmap cannot raytrace for it.
[controller_server-4] [WARN] [1790891766.926424970] [local_costmap.local_costmap]: Sensor origin at (-20.68, 2.31 -1.13) is out of map bounds (-22.65, 0.45, 0.00) to (-18.68, 4.42, 0.78). The costmap cannot raytrace for it.
[collision_monitor-9] [INFO] [1790891766.965803365] [collision_monitor]: Robot to stop due to PolygonStop polygon
[controller_server-4] [WARN] [1790891767.126464958] [local_costmap.local_costmap]: Sensor origin at (-20.69, 2.33 -1.13) is out of map bounds (-22.70, 0.45, 0.00) to (-18.73, 4.42, 0.78). The costmap cannot raytrace for it.
[controller_server-4] [WARN] [1790891767.326484267] [local_costmap.local_costmap]: Sensor origin at (-20.70, 2.38 -1.14) is out of map bounds (-22.70, 0.50, 0.00) to (-18.73, 4.47, 0.78). The costmap cannot raytrace for it.
[controller_server-4] [WARN] [1790891767.526449495] [local_costmap.local_costmap]: Sensor origin at (-20.74, 2.44 -1.16) is out of map bounds (-22.75, 0.55, 0.00) to (-18.78, 4.52, 0.78). The costmap cannot raytrace for it.
[controller_server-4] [WARN] [1790891767.726447788] [local_costmap.local_costmap]: Sensor origin at (-20.76, 2.46 -1.16) is out of map bounds (-22.75, 0.60, 0.00) to (-18.78, 4.57, 0.78). The costmap cannot raytrace for it.
[controller_server-4] [WARN] [1790891767.926425268] [local_costmap.local_costmap]: Sensor origin at (-20.79, 2.52 -1.17) is out of map bounds (-22.75, 0.65, 0.00) to (-18.78, 4.62, 0.78). The costmap cannot raytrace for it.
[controller_server-4] [WARN] [1790891768.126446848] [local_costmap.local_costmap]: Sensor origin at (-20.80, 2.55 -1.17) is out of map bounds (-22.75, 0.65, 0.00) to (-18.78, 4.62, 0.78). The costmap cannot raytrace for it.
[collision_monitor-9] [INFO] [1790891768.170891421] [collision_monitor]: Robot to continue normal operation
[collision_monitor-9] [INFO] [1790891768.262454733] [collision_monitor]: Robot to stop due to PolygonStop polygon
[controller_server-4] [WARN] [1790891768.326460992] [local_costmap.local_costmap]: Sensor origin at (-20.81, 2.62 -1.17) is out of map bounds (-22.75, 0.70, 0.00) to (-18.78, 4.67, 0.78). The costmap cannot raytrace for it.
[collision_monitor-9] [INFO] [1790891768.365621305] [collision_monitor]: Robot to continue normal operation
[controller_server-4] [WARN] [1790891768.526435382] [local_costmap.local_costmap]: Sensor origin at (-20.82, 2.64 -1.17) is out of map bounds (-22.75, 0.70, 0.00) to (-18.78, 4.67, 0.78). The costmap cannot raytrace for it.
[controller_server-4] [WARN] [1790891768.726432371] [local_costmap.local_costmap]: Sensor origin at (-20.82, 2.68 -1.17) is out of map bounds (-22.75, 0.70, 0.00) to (-18.78, 4.67, 0.78). The costmap cannot raytrace for it.
[collision_monitor-9] [INFO] [1790891768.759115491] [collision_monitor]: Robot to stop due to PolygonStop polygon
[controller_server-4] [WARN] [1790891768.926431452] [local_costmap.local_costmap]: Sensor origin at (-20.82, 2.70 -1.12) is out of map bounds (-22.75, 0.70, 0.00) to (-18.78, 4.67, 0.78). The costmap cannot raytrace for it.
[collision_monitor-9] [INFO] [1790891769.064895648] [collision_monitor]: Robot to continue normal operation
[controller_server-4] [WARN] [1790891769.126415679] [local_costmap.local_costmap]: Sensor origin at (-20.81, 2.70 -1.11) is out of map bounds (-22.70, 0.75, 0.00) to (-18.73, 4.72, 0.78). The costmap cannot raytrace for it.
[controller_server-4] [WARN] [1790891769.326435656] [local_costmap.local_costmap]: Sensor origin at (-20.79, 2.70 -1.07) is out of map bounds (-22.70, 0.75, 0.00) to (-18.73, 4.72, 0.78). The costmap cannot raytrace for it.
[smoother_server-3] [INFO] [1790891769.372361104] [smoother_server]: Received a path to smooth.
[path_follower-12] [WARN] [1790891769.378619890] [path_follower]: plano CRU descartado — segurança exige /plan_smoothed; aguardando o suavizador
[controller_server-4] [INFO] [1790891769.382638771] [controller_server]: Passing new path to controller.
[controller_server-4] [WARN] [1790891769.526432520] [local_costmap.local_costmap]: Sensor origin at (-20.78, 2.71 -1.07) is out of map bounds (-22.70, 0.80, 0.00) to (-18.73, 4.77, 0.78). The costmap cannot raytrace for it.
[controller_server-4] [INFO] [1790891769.582637893] [controller_server]: Passing new path to controller.
[controller_server-4] [WARN] [1790891769.726442039] [local_costmap.local_costmap]: Sensor origin at (-20.75, 2.75 -1.04) is out of map bounds (-22.70, 0.80, 0.00) to (-18.73, 4.77, 0.78). The costmap cannot raytrace for it.
[path_follower-12] [WARN] [1790891769.845441790] [path_follower]: EMPERRADO com frente livre (2.72 m) — escape RETO para frente de até 0.20 m, remedindo a cada ciclo
[controller_server-4] [WARN] [1790891769.926441698] [local_costmap.local_costmap]: Sensor origin at (-20.74, 2.77 -1.00) is out of map bounds (-22.70, 0.85, 0.00) to (-18.73, 4.82, 0.78). The costmap cannot raytrace for it.
[path_follower-12] [WARN] [1790891769.943867941] [path_follower]: desencalhe ABORTADO no meio: o vão escolhido fechou
[controller_server-4] [WARN] [1790891770.126418726] [local_costmap.local_costmap]: Sensor origin at (-20.73, 2.78 -0.99) is out of map bounds (-22.70, 0.85, 0.00) to (-18.73, 4.82, 0.78). The costmap cannot raytrace for it.
[collision_monitor-9] [INFO] [1790891770.176803454] [collision_monitor]: Robot to approach for 0.750000 seconds away from collision
[controller_server-4] [WARN] [1790891770.326417921] [local_costmap.local_costmap]: Sensor origin at (-20.73, 2.81 -0.97) is out of map bounds (-22.70, 0.90, 0.00) to (-18.73, 4.87, 0.78). The costmap cannot raytrace for it.
[collision_monitor-9] [INFO] [1790891770.462935704] [collision_monitor]: Robot to continue normal operation
[controller_server-4] [WARN] [1790891770.526432827] [local_costmap.local_costmap]: Sensor origin at (-20.75, 2.85 -0.98) is out of map bounds (-22.70, 0.95, 0.00) to (-18.73, 4.92, 0.78). The costmap cannot raytrace for it.
[collision_monitor-9] [INFO] [1790891770.565022142] [collision_monitor]: Robot to approach for 0.750000 seconds away from collision
[collision_monitor-9] [INFO] [1790891770.667644649] [collision_monitor]: Robot to continue normal operation
[controller_server-4] [WARN] [1790891770.726451733] [local_costmap.local_costmap]: Sensor origin at (-20.75, 2.88 -0.98) is out of map bounds (-22.70, 1.00, 0.00) to (-18.73, 4.97, 0.78). The costmap cannot raytrace for it.
[collision_monitor-9] [INFO] [1790891770.759551325] [collision_monitor]: Robot to approach for 0.750000 seconds away from collision
[controller_server-4] [WARN] [1790891770.926412919] [local_costmap.local_costmap]: Sensor origin at (-20.76, 2.91 -0.99) is out of map bounds (-22.70, 1.05, 0.00) to (-18.73, 5.02, 0.78). The costmap cannot raytrace for it.
[collision_monitor-9] [INFO] [1790891770.964081549] [collision_monitor]: Robot to continue normal operation
[controller_server-4] [WARN] [1790891771.126429316] [local_costmap.local_costmap]: Sensor origin at (-20.76, 2.96 -0.99) is out of map bounds (-22.70, 1.10, 0.00) to (-18.73, 5.07, 0.78). The costmap cannot raytrace for it.
[collision_monitor-9] [INFO] [1790891771.179269848] [collision_monitor]: Robot to approach for 0.750000 seconds away from collision
[collision_monitor-9] [INFO] [1790891771.271843675] [collision_monitor]: Robot to continue normal operation
[controller_server-4] [WARN] [1790891771.326442541] [local_costmap.local_costmap]: Sensor origin at (-20.76, 3.03 -0.99) is out of map bounds (-22.70, 1.15, 0.00) to (-18.73, 5.12, 0.78). The costmap cannot raytrace for it.
[controller_server-4] [WARN] [1790891771.526438016] [local_costmap.local_costmap]: Sensor origin at (-20.76, 3.06 -0.97) is out of map bounds (-22.70, 1.20, 0.00) to (-18.73, 5.17, 0.78). The costmap cannot raytrace for it.
[controller_server-4] [WARN] [1790891771.726535068] [local_costmap.local_costmap]: Sensor origin at (-20.74, 3.13 -0.96) is out of map bounds (-22.70, 1.20, 0.00) to (-18.73, 5.17, 0.78). The costmap cannot raytrace for it.
[controller_server-4] [WARN] [1790891771.926452250] [local_costmap.local_costmap]: Sensor origin at (-20.73, 3.15 -0.97) is out of map bounds (-22.70, 1.25, 0.00) to (-18.73, 5.22, 0.78). The costmap cannot raytrace for it.
[controller_server-4] [WARN] [1790891772.126442999] [local_costmap.local_costmap]: Sensor origin at (-20.71, 3.21 -0.97) is out of map bounds (-22.70, 1.30, 0.00) to (-18.73, 5.27, 0.78). The costmap cannot raytrace for it.
[controller_server-4] [WARN] [1790891772.326427811] [local_costmap.local_costmap]: Sensor origin at (-20.71, 3.23 -0.96) is out of map bounds (-22.70, 1.35, 0.00) to (-18.73, 5.32, 0.78). The costmap cannot raytrace for it.
[collision_monitor-9] [INFO] [1790891772.459338786] [collision_monitor]: Robot to approach for 0.750000 seconds away from collision
[controller_server-4] [WARN] [1790891772.526443444] [local_costmap.local_costmap]: Sensor origin at (-20.72, 3.27 -0.97) is out of map bounds (-22.70, 1.35, 0.00) to (-18.73, 5.32, 0.78). The costmap cannot raytrace for it.
[collision_monitor-9] [INFO] [1790891772.561325336] [collision_monitor]: Robot to continue normal operation
[controller_server-4] [WARN] [1790891772.726446150] [local_costmap.local_costmap]: Sensor origin at (-20.72, 3.29 -0.96) is out of map bounds (-22.70, 1.40, 0.00) to (-18.73, 5.37, 0.78). The costmap cannot raytrace for it.
[controller_server-4] [WARN] [1790891772.926420623] [local_costmap.local_costmap]: Sensor origin at (-20.73, 3.34 -0.91) is out of map bounds (-22.65, 1.45, 0.00) to (-18.68, 5.42, 0.78). The costmap cannot raytrace for it.
[collision_monitor-9] [INFO] [1790891773.063877829] [collision_monitor]: Robot to approach for 0.750000 seconds away from collision
[controller_server-4] [WARN] [1790891773.126449318] [local_costmap.local_costmap]: Sensor origin at (-20.73, 3.36 -0.92) is out of map bounds (-22.65, 1.45, 0.00) to (-18.68, 5.42, 0.78). The costmap cannot raytrace for it.
[collision_monitor-9] [INFO] [1790891773.176177518] [collision_monitor]: Robot to continue normal operation
[controller_server-4] [WARN] [1790891773.326448803] [local_costmap.local_costmap]: Sensor origin at (-20.74, 3.40 -0.93) is out of map bounds (-22.65, 1.50, 0.00) to (-18.68, 5.47, 0.78). The costmap cannot raytrace for it.
[collision_monitor-9] [INFO] [1790891773.359954600] [collision_monitor]: Robot to approach for 0.750000 seconds away from collision
[controller_server-4] [WARN] [1790891773.526425742] [local_costmap.local_costmap]: Sensor origin at (-20.69, 3.45 -0.95) is out of map bounds (-22.65, 1.55, 0.00) to (-18.68, 5.52, 0.78). The costmap cannot raytrace for it.
[collision_monitor-9] [INFO] [1790891773.564249556] [collision_monitor]: Robot to continue normal operation
[controller_server-4] [WARN] [1790891773.726440024] [local_costmap.local_costmap]: Sensor origin at (-20.68, 3.47 -0.95) is out of map bounds (-22.65, 1.60, 0.00) to (-18.68, 5.57, 0.78). The costmap cannot raytrace for it.
[controller_server-4] [WARN] [1790891773.926433375] [local_costmap.local_costmap]: Sensor origin at (-20.67, 3.51 -0.95) is out of map bounds (-22.65, 1.60, 0.00) to (-18.68, 5.57, 0.78). The costmap cannot raytrace for it.
[controller_server-4] [WARN] [1790891774.126443787] [local_costmap.local_costmap]: Sensor origin at (-20.68, 3.57 -0.94) is out of map bounds (-22.65, 1.65, 0.00) to (-18.68, 5.62, 0.78). The costmap cannot raytrace for it.
[controller_server-4] [WARN] [1790891774.326454953] [local_costmap.local_costmap]: Sensor origin at (-20.68, 3.58 -0.93) is out of map bounds (-22.65, 1.70, 0.00) to (-18.68, 5.67, 0.78). The costmap cannot raytrace for it.
[smoother_server-3] [INFO] [1790891774.462001668] [smoother_server]: Received a path to smooth.
[controller_server-4] [WARN] [1790891774.526434824] [local_costmap.local_costmap]: Sensor origin at (-20.69, 3.63 -0.96) is out of map bounds (-22.65, 1.75, 0.00) to (-18.68, 5.72, 0.78). The costmap cannot raytrace for it.
[controller_server-4] [INFO] [1790891774.582633504] [controller_server]: Passing new path to controller.
[collision_monitor-9] [INFO] [1790891774.662234569] [collision_monitor]: Robot to stop due to PolygonStop polygon
[controller_server-4] [WARN] [1790891774.726423934] [local_costmap.local_costmap]: Sensor origin at (-20.70, 3.65 -0.96) is out of map bounds (-22.65, 1.75, 0.00) to (-18.68, 5.72, 0.78). The costmap cannot raytrace for it.
[collision_monitor-9] [INFO] [1790891774.764610343] [collision_monitor]: Robot to continue normal operation
[controller_server-4] [WARN] [1790891774.926462553] [local_costmap.local_costmap]: Sensor origin at (-20.71, 3.70 -0.97) is out of map bounds (-22.70, 1.80, 0.00) to (-18.73, 5.77, 0.78). The costmap cannot raytrace for it.
[controller_server-4] [WARN] [1790891775.126457131] [local_costmap.local_costmap]: Sensor origin at (-20.72, 3.71 -0.98) is out of map bounds (-22.70, 1.85, 0.00) to (-18.73, 5.82, 0.78). The costmap cannot raytrace for it.
[controller_server-4] [WARN] [1790891775.326430495] [local_costmap.local_costmap]: Sensor origin at (-20.75, 3.78 -0.98) is out of map bounds (-22.70, 1.90, 0.00) to (-18.73, 5.87, 0.78). The costmap cannot raytrace for it.
[path_follower-12] [WARN] [1790891775.394458929] [path_follower]: EMPERRADO com frente livre (1.23 m) — escape RETO para frente de até 0.20 m, remedindo a cada ciclo
[controller_server-4] [WARN] [1790891775.526446199] [local_costmap.local_costmap]: Sensor origin at (-20.75, 3.80 -0.99) is out of map bounds (-22.75, 1.95, 0.00) to (-18.78, 5.92, 0.78). The costmap cannot raytrace for it.
[controller_server-4] [WARN] [1790891775.726439173] [local_costmap.local_costmap]: Sensor origin at (-20.80, 3.86 -0.96) is out of map bounds (-22.75, 1.95, 0.00) to (-18.78, 5.92, 0.78). The costmap cannot raytrace for it.
[controller_server-4] [WARN] [1790891775.926736474] [local_costmap.local_costmap]: Sensor origin at (-20.80, 3.91 -0.96) is out of map bounds (-22.75, 2.00, 0.00) to (-18.78, 5.97, 0.78). The costmap cannot raytrace for it.
[controller_server-4] [WARN] [1790891776.126417423] [local_costmap.local_costmap]: Sensor origin at (-20.81, 3.92 -0.95) is out of map bounds (-22.75, 2.05, 0.00) to (-18.78, 6.02, 0.78). The costmap cannot raytrace for it.
[controller_server-4] [WARN] [1790891776.326421950] [local_costmap.local_costmap]: Sensor origin at (-20.82, 3.98 -0.97) is out of map bounds (-22.80, 2.10, 0.00) to (-18.83, 6.07, 0.78). The costmap cannot raytrace for it.
[path_follower-12] [WARN] [1790891776.494282849] [path_follower]: fim do escape para frente: percorreu 0.23 m em 1.1 s
[controller_server-4] [WARN] [1790891776.526438957] [local_costmap.local_costmap]: Sensor origin at (-20.83, 3.99 -0.97) is out of map bounds (-22.80, 2.15, 0.00) to (-18.83, 6.12, 0.78). The costmap cannot raytrace for it.
[controller_server-4] [WARN] [1790891776.726427971] [local_costmap.local_costmap]: Sensor origin at (-20.83, 4.04 -0.97) is out of map bounds (-22.80, 2.15, 0.00) to (-18.83, 6.12, 0.78). The costmap cannot raytrace for it.
[controller_server-4] [WARN] [1790891776.926460009] [local_costmap.local_costmap]: Sensor origin at (-20.85, 4.09 -0.96) is out of map bounds (-22.80, 2.20, 0.00) to (-18.83, 6.17, 0.78). The costmap cannot raytrace for it.
[controller_server-4] [WARN] [1790891777.126444741] [local_costmap.local_costmap]: Sensor origin at (-20.86, 4.11 -0.98) is out of map bounds (-22.80, 2.25, 0.00) to (-18.83, 6.22, 0.78). The costmap cannot raytrace for it.
[controller_server-4] [WARN] [1790891777.326419661] [local_costmap.local_costmap]: Sensor origin at (-20.87, 4.18 -0.99) is out of map bounds (-22.80, 2.30, 0.00) to (-18.83, 6.27, 0.78). The costmap cannot raytrace for it.
[controller_server-4] [WARN] [1790891777.526424593] [local_costmap.local_costmap]: Sensor origin at (-20.88, 4.20 -0.99) is out of map bounds (-22.80, 2.35, 0.00) to (-18.83, 6.32, 0.78). The costmap cannot raytrace for it.
[controller_server-4] [WARN] [1790891777.726430730] [local_costmap.local_costmap]: Sensor origin at (-20.88, 4.26 -1.01) is out of map bounds (-22.85, 2.35, 0.00) to (-18.88, 6.32, 0.78). The costmap cannot raytrace for it.
[controller_server-4] [WARN] [1790891777.926427219] [local_costmap.local_costmap]: Sensor origin at (-20.88, 4.28 -1.01) is out of map bounds (-22.85, 2.40, 0.00) to (-18.88, 6.37, 0.78). The costmap cannot raytrace for it.
[controller_server-4] [WARN] [1790891778.126414248] [local_costmap.local_costmap]: Sensor origin at (-20.88, 4.34 -1.03) is out of map bounds (-22.85, 2.45, 0.00) to (-18.88, 6.42, 0.78). The costmap cannot raytrace for it.
[controller_server-4] [WARN] [1790891778.326446533] [local_costmap.local_costmap]: Sensor origin at (-20.90, 4.36 -1.02) is out of map bounds (-22.85, 2.45, 0.00) to (-18.88, 6.42, 0.78). The costmap cannot raytrace for it.
[controller_server-4] [WARN] [1790891778.526454029] [local_costmap.local_costmap]: Sensor origin at (-20.91, 4.40 -0.99) is out of map bounds (-22.85, 2.45, 0.00) to (-18.88, 6.42, 0.78). The costmap cannot raytrace for it.
[controller_server-4] [WARN] [1790891778.726431383] [local_costmap.local_costmap]: Sensor origin at (-20.90, 4.44 -0.98) is out of map bounds (-22.85, 2.45, 0.00) to (-18.88, 6.42, 0.78). The costmap cannot raytrace for it.
[controller_server-4] [WARN] [1790891778.926429688] [local_costmap.local_costmap]: Sensor origin at (-20.90, 4.45 -0.98) is out of map bounds (-22.85, 2.50, 0.00) to (-18.88, 6.47, 0.78). The costmap cannot raytrace for it.
[controller_server-4] [WARN] [1790891779.126446433] [local_costmap.local_costmap]: Sensor origin at (-20.89, 4.47 -0.98) is out of map bounds (-22.80, 2.50, 0.00) to (-18.83, 6.47, 0.78). The costmap cannot raytrace for it.
[controller_server-4] [WARN] [1790891779.326439285] [local_costmap.local_costmap]: Sensor origin at (-20.86, 4.49 -0.97) is out of map bounds (-22.80, 2.50, 0.00) to (-18.83, 6.47, 0.78). The costmap cannot raytrace for it.
[smoother_server-3] [INFO] [1790891779.521968716] [smoother_server]: Received a path to smooth.
[controller_server-4] [WARN] [1790891779.526442911] [local_costmap.local_costmap]: Sensor origin at (-20.85, 4.50 -0.98) is out of map bounds (-22.75, 2.55, 0.00) to (-18.78, 6.52, 0.78). The costmap cannot raytrace for it.
[path_follower-12] [WARN] [1790891779.530640185] [path_follower]: plano CRU descartado — segurança exige /plan_smoothed; aguardando o suavizador
[controller_server-4] [WARN] [1790891779.541919500] [controller_server]: [follow_path] [ActionServer] Aborting handle.
[controller_server-4] [INFO] [1790891779.582633659] [controller_server]: Passing new path to controller.
[controller_server-4] [WARN] [1790891779.726430908] [local_costmap.local_costmap]: Sensor origin at (-20.85, 4.50 -0.99) is out of map bounds (-22.75, 2.55, 0.00) to (-18.78, 6.52, 0.78). The costmap cannot raytrace for it.
[controller_server-4] [WARN] [1790891779.926438896] [local_costmap.local_costmap]: Sensor origin at (-20.81, 4.54 -0.99) is out of map bounds (-22.70, 2.60, 0.00) to (-18.73, 6.57, 0.78). The costmap cannot raytrace for it.
[controller_server-4] [WARN] [1790891780.126460319] [local_costmap.local_costmap]: Sensor origin at (-20.79, 4.55 -0.99) is out of map bounds (-22.70, 2.60, 0.00) to (-18.73, 6.57, 0.78). The costmap cannot raytrace for it.
[controller_server-4] [WARN] [1790891780.326418143] [local_costmap.local_costmap]: Sensor origin at (-20.78, 4.56 -0.99) is out of map bounds (-22.65, 2.60, 0.00) to (-18.68, 6.57, 0.78). The costmap cannot raytrace for it.
[controller_server-4] [WARN] [1790891780.526445493] [local_costmap.local_costmap]: Sensor origin at (-20.74, 4.60 -0.98) is out of map bounds (-22.65, 2.60, 0.00) to (-18.68, 6.57, 0.78). The costmap cannot raytrace for it.
[controller_server-4] [WARN] [1790891780.726416447] [local_costmap.local_costmap]: Sensor origin at (-20.72, 4.61 -0.98) is out of map bounds (-22.60, 2.60, 0.00) to (-18.63, 6.57, 0.78). The costmap cannot raytrace for it.
[controller_server-4] [WARN] [1790891780.926476929] [local_costmap.local_costmap]: Sensor origin at (-20.67, 4.63 -0.99) is out of map bounds (-22.55, 2.65, 0.00) to (-18.58, 6.62, 0.78). The costmap cannot raytrace for it.
[controller_server-4] [WARN] [1790891781.126429576] [local_costmap.local_costmap]: Sensor origin at (-20.63, 4.63 -1.00) is out of map bounds (-22.50, 2.65, 0.00) to (-18.53, 6.62, 0.78). The costmap cannot raytrace for it.
[controller_server-4] [WARN] [1790891781.326429929] [local_costmap.local_costmap]: Sensor origin at (-20.61, 4.64 -1.01) is out of map bounds (-22.45, 2.65, 0.00) to (-18.48, 6.62, 0.78). The costmap cannot raytrace for it.
[controller_server-4] [WARN] [1790891781.526448927] [local_costmap.local_costmap]: Sensor origin at (-20.54, 4.65 -1.02) is out of map bounds (-22.45, 2.65, 0.00) to (-18.48, 6.62, 0.78). The costmap cannot raytrace for it.
[controller_server-4] [WARN] [1790891781.726428819] [local_costmap.local_costmap]: Sensor origin at (-20.52, 4.66 -1.02) is out of map bounds (-22.40, 2.65, 0.00) to (-18.43, 6.62, 0.78). The costmap cannot raytrace for it.
[controller_server-4] [WARN] [1790891781.926416539] [local_costmap.local_costmap]: Sensor origin at (-20.47, 4.66 -1.02) is out of map bounds (-22.35, 2.65, 0.00) to (-18.38, 6.62, 0.78). The costmap cannot raytrace for it.
[controller_server-4] [WARN] [1790891782.126446547] [local_costmap.local_costmap]: Sensor origin at (-20.43, 4.66 -1.01) is out of map bounds (-22.35, 2.65, 0.00) to (-18.38, 6.62, 0.78). The costmap cannot raytrace for it.
[controller_server-4] [WARN] [1790891782.326436975] [local_costmap.local_costmap]: Sensor origin at (-20.42, 4.66 -1.01) is out of map bounds (-22.30, 2.65, 0.00) to (-18.33, 6.62, 0.78). The costmap cannot raytrace for it.
[controller_server-4] [WARN] [1790891782.526456771] [local_costmap.local_costmap]: Sensor origin at (-20.36, 4.67 -0.98) is out of map bounds (-22.25, 2.65, 0.00) to (-18.28, 6.62, 0.78). The costmap cannot raytrace for it.
[controller_server-4] [WARN] [1790891782.726462481] [local_costmap.local_costmap]: Sensor origin at (-20.34, 4.67 -0.98) is out of map bounds (-22.20, 2.65, 0.00) to (-18.23, 6.62, 0.78). The costmap cannot raytrace for it.
[controller_server-4] [WARN] [1790891782.926460834] [local_costmap.local_costmap]: Sensor origin at (-20.28, 4.65 -0.97) is out of map bounds (-22.15, 2.65, 0.00) to (-18.18, 6.62, 0.78). The costmap cannot raytrace for it.
[controller_server-4] [WARN] [1790891783.126435058] [local_costmap.local_costmap]: Sensor origin at (-20.22, 4.64 -0.97) is out of map bounds (-22.10, 2.65, 0.00) to (-18.13, 6.62, 0.78). The costmap cannot raytrace for it.
[controller_server-4] [WARN] [1790891783.326459112] [local_costmap.local_costmap]: Sensor origin at (-20.20, 4.63 -0.96) is out of map bounds (-22.05, 2.65, 0.00) to (-18.08, 6.62, 0.78). The costmap cannot raytrace for it.
[controller_server-4] [WARN] [1790891783.526447488] [local_costmap.local_costmap]: Sensor origin at (-20.15, 4.63 -0.95) is out of map bounds (-22.00, 2.60, 0.00) to (-18.03, 6.57, 0.78). The costmap cannot raytrace for it.
[controller_server-4] [WARN] [1790891783.726446654] [local_costmap.local_costmap]: Sensor origin at (-20.13, 4.62 -0.95) is out of map bounds (-22.00, 2.60, 0.00) to (-18.03, 6.57, 0.78). The costmap cannot raytrace for it.
[controller_server-4] [WARN] [1790891783.926448371] [local_costmap.local_costmap]: Sensor origin at (-20.06, 4.60 -0.97) is out of map bounds (-21.95, 2.60, 0.00) to (-17.98, 6.57, 0.78). The costmap cannot raytrace for it.
[controller_server-4] [WARN] [1790891784.126438189] [local_costmap.local_costmap]: Sensor origin at (-20.04, 4.60 -0.97) is out of map bounds (-21.90, 2.60, 0.00) to (-17.93, 6.57, 0.78). The costmap cannot raytrace for it.
[controller_server-4] [WARN] [1790891784.326450469] [local_costmap.local_costmap]: Sensor origin at (-20.00, 4.59 -0.98) is out of map bounds (-21.90, 2.60, 0.00) to (-17.93, 6.57, 0.78). The costmap cannot raytrace for it.
[controller_server-4] [WARN] [1790891784.526449942] [local_costmap.local_costmap]: Sensor origin at (-19.98, 4.59 -0.97) is out of map bounds (-21.85, 2.60, 0.00) to (-17.88, 6.57, 0.78). The costmap cannot raytrace for it.
[smoother_server-3] [INFO] [1790891784.592129982] [smoother_server]: Received a path to smooth.
[controller_server-4] [WARN] [1790891784.611856060] [controller_server]: [follow_path] [ActionServer] Aborting handle.
[controller_server-4] [WARN] [1790891784.726445246] [local_costmap.local_costmap]: Sensor origin at (-19.93, 4.59 -0.96) is out of map bounds (-21.80, 2.60, 0.00) to (-17.83, 6.57, 0.78). The costmap cannot raytrace for it.
[controller_server-4] [INFO] [1790891784.782636893] [controller_server]: Passing new path to controller.
[controller_server-4] [WARN] [1790891784.926452830] [local_costmap.local_costmap]: Sensor origin at (-19.91, 4.60 -0.95) is out of map bounds (-21.80, 2.60, 0.00) to (-17.83, 6.57, 0.78). The costmap cannot raytrace for it.
[controller_server-4] [WARN] [1790891785.126436159] [local_costmap.local_costmap]: Sensor origin at (-19.86, 4.59 -0.95) is out of map bounds (-21.80, 2.60, 0.00) to (-17.83, 6.57, 0.78). The costmap cannot raytrace for it.
[controller_server-4] [WARN] [1790891785.326799933] [local_costmap.local_costmap]: Sensor origin at (-19.83, 4.60 -0.95) is out of map bounds (-21.75, 2.60, 0.00) to (-17.78, 6.57, 0.78). The costmap cannot raytrace for it.
[controller_server-4] [WARN] [1790891785.526441644] [local_costmap.local_costmap]: Sensor origin at (-19.81, 4.60 -0.95) is out of map bounds (-21.70, 2.60, 0.00) to (-17.73, 6.57, 0.78). The costmap cannot raytrace for it.
[controller_server-4] [WARN] [1790891785.726434096] [local_costmap.local_costmap]: Sensor origin at (-19.78, 4.61 -0.96) is out of map bounds (-21.65, 2.60, 0.00) to (-17.68, 6.57, 0.78). The costmap cannot raytrace for it.
[controller_server-4] [WARN] [1790891785.926457495] [local_costmap.local_costmap]: Sensor origin at (-19.77, 4.61 -0.96) is out of map bounds (-21.60, 2.60, 0.00) to (-17.63, 6.57, 0.78). The costmap cannot raytrace for it.
[controller_server-4] [WARN] [1790891786.126483572] [local_costmap.local_costmap]: Sensor origin at (-19.70, 4.63 -0.95) is out of map bounds (-21.55, 2.65, 0.00) to (-17.58, 6.62, 0.78). The costmap cannot raytrace for it.
[controller_server-4] [WARN] [1790891786.326456731] [local_costmap.local_costmap]: Sensor origin at (-19.68, 4.64 -0.95) is out of map bounds (-21.50, 2.65, 0.00) to (-17.53, 6.62, 0.78). The costmap cannot raytrace for it.
[controller_server-4] [WARN] [1790891786.526468459] [local_costmap.local_costmap]: Sensor origin at (-19.61, 4.64 -0.94) is out of map bounds (-21.45, 2.65, 0.00) to (-17.48, 6.62, 0.78). The costmap cannot raytrace for it.
[controller_server-4] [WARN] [1790891786.726438493] [local_costmap.local_costmap]: Sensor origin at (-19.59, 4.65 -0.94) is out of map bounds (-21.45, 2.65, 0.00) to (-17.48, 6.62, 0.78). The costmap cannot raytrace for it.
[controller_server-4] [WARN] [1790891786.926443349] [local_costmap.local_costmap]: Sensor origin at (-19.51, 4.66 -0.94) is out of map bounds (-21.40, 2.70, 0.00) to (-17.43, 6.67, 0.78). The costmap cannot raytrace for it.
[controller_server-4] [WARN] [1790891787.126513297] [local_costmap.local_costmap]: Sensor origin at (-19.47, 4.68 -0.91) is out of map bounds (-21.35, 2.70, 0.00) to (-17.38, 6.67, 0.78). The costmap cannot raytrace for it.
[controller_server-4] [WARN] [1790891787.326464824] [local_costmap.local_costmap]: Sensor origin at (-19.46, 4.69 -0.92) is out of map bounds (-21.30, 2.70, 0.00) to (-17.33, 6.67, 0.78). The costmap cannot raytrace for it.
[controller_server-4] [WARN] [1790891787.526457634] [local_costmap.local_costmap]: Sensor origin at (-19.41, 4.70 -0.91) is out of map bounds (-21.25, 2.75, 0.00) to (-17.28, 6.72, 0.78). The costmap cannot raytrace for it.
[controller_server-4] [WARN] [1790891787.726441015] [local_costmap.local_costmap]: Sensor origin at (-19.36, 4.71 -0.93) is out of map bounds (-21.20, 2.75, 0.00) to (-17.23, 6.72, 0.78). The costmap cannot raytrace for it.
[controller_server-4] [WARN] [1790891787.926446065] [local_costmap.local_costmap]: Sensor origin at (-19.29, 4.74 -0.92) is out of map bounds (-21.15, 2.75, 0.00) to (-17.18, 6.72, 0.78). The costmap cannot raytrace for it.
[controller_server-4] [WARN] [1790891788.126449319] [local_costmap.local_costmap]: Sensor origin at (-19.26, 4.75 -0.91) is out of map bounds (-21.10, 2.80, 0.00) to (-17.13, 6.77, 0.78). The costmap cannot raytrace for it.
[controller_server-4] [WARN] [1790891788.326430002] [local_costmap.local_costmap]: Sensor origin at (-19.20, 4.77 -0.90) is out of map bounds (-21.05, 2.80, 0.00) to (-17.08, 6.77, 0.78). The costmap cannot raytrace for it.
[controller_server-4] [WARN] [1790891788.526417659] [local_costmap.local_costmap]: Sensor origin at (-19.18, 4.78 -0.89) is out of map bounds (-21.00, 2.80, 0.00) to (-17.03, 6.77, 0.78). The costmap cannot raytrace for it.
[controller_server-4] [WARN] [1790891788.726442225] [local_costmap.local_costmap]: Sensor origin at (-19.12, 4.80 -0.88) is out of map bounds (-21.00, 2.80, 0.00) to (-17.03, 6.77, 0.78). The costmap cannot raytrace for it.
[collision_monitor-9] [INFO] [1790891788.768676004] [collision_monitor]: Robot to approach for 0.750000 seconds away from collision
[collision_monitor-9] [INFO] [1790891788.861010573] [collision_monitor]: Robot to continue normal operation
[controller_server-4] [WARN] [1790891788.926433011] [local_costmap.local_costmap]: Sensor origin at (-19.08, 4.82 -0.88) is out of map bounds (-20.95, 2.85, 0.00) to (-16.98, 6.82, 0.78). The costmap cannot raytrace for it.
[controller_server-4] [WARN] [1790891789.126427445] [local_costmap.local_costmap]: Sensor origin at (-19.05, 4.83 -0.87) is out of map bounds (-20.90, 2.85, 0.00) to (-16.93, 6.82, 0.78). The costmap cannot raytrace for it.
[controller_server-4] [WARN] [1790891789.326462207] [local_costmap.local_costmap]: Sensor origin at (-18.99, 4.85 -0.86) is out of map bounds (-20.85, 2.85, 0.00) to (-16.88, 6.82, 0.78). The costmap cannot raytrace for it.
[collision_monitor-9] [INFO] [1790891789.465876342] [collision_monitor]: Robot to approach for 0.750000 seconds away from collision
[controller_server-4] [WARN] [1790891789.526430737] [local_costmap.local_costmap]: Sensor origin at (-18.97, 4.85 -0.86) is out of map bounds (-20.85, 2.90, 0.00) to (-16.88, 6.87, 0.78). The costmap cannot raytrace for it.
[smoother_server-3] [INFO] [1790891789.662367279] [smoother_server]: Received a path to smooth.
[path_follower-12] [WARN] [1790891789.665470253] [path_follower]: plano CRU descartado — segurança exige /plan_smoothed; aguardando o suavizador
[controller_server-4] [WARN] [1790891789.726449728] [local_costmap.local_costmap]: Sensor origin at (-18.91, 4.88 -0.87) is out of map bounds (-20.80, 2.90, 0.00) to (-16.83, 6.87, 0.78). The costmap cannot raytrace for it.
[controller_server-4] [INFO] [1790891789.782634454] [controller_server]: Passing new path to controller.
[collision_monitor-9] [INFO] [1790891789.863784589] [collision_monitor]: Robot to continue normal operation
[controller_server-4] [WARN] [1790891789.926432994] [local_costmap.local_costmap]: Sensor origin at (-18.88, 4.88 -0.88) is out of map bounds (-20.75, 2.90, 0.00) to (-16.78, 6.87, 0.78). The costmap cannot raytrace for it.
[collision_monitor-9] [INFO] [1790891789.966271419] [collision_monitor]: Robot to approach for 0.750000 seconds away from collision
[controller_server-4] [WARN] [1790891790.126443484] [local_costmap.local_costmap]: Sensor origin at (-18.85, 4.90 -0.88) is out of map bounds (-20.70, 2.95, 0.00) to (-16.73, 6.92, 0.78). The costmap cannot raytrace for it.
[collision_monitor-9] [INFO] [1790891790.180874785] [collision_monitor]: Robot to stop due to PolygonStop polygon
[collision_monitor-9] [INFO] [1790891790.266762281] [collision_monitor]: Robot to continue normal operation
[controller_server-4] [WARN] [1790891790.326451950] [local_costmap.local_costmap]: Sensor origin at (-18.79, 4.92 -0.89) is out of map bounds (-20.65, 2.95, 0.00) to (-16.68, 6.92, 0.78). The costmap cannot raytrace for it.
[collision_monitor-9] [INFO] [1790891790.358722338] [collision_monitor]: Robot to stop due to PolygonStop polygon
[controller_server-4] [WARN] [1790891790.526441335] [local_costmap.local_costmap]: Sensor origin at (-18.76, 4.94 -0.89) is out of map bounds (-20.60, 2.95, 0.00) to (-16.63, 6.92, 0.78). The costmap cannot raytrace for it.
[collision_monitor-9] [INFO] [1790891790.563833530] [collision_monitor]: Robot to continue normal operation
[collision_monitor-9] [INFO] [1790891790.676396490] [collision_monitor]: Robot to stop due to PolygonStop polygon
[controller_server-4] [WARN] [1790891790.726443723] [local_costmap.local_costmap]: Sensor origin at (-18.73, 4.95 -0.89) is out of map bounds (-20.55, 3.00, 0.00) to (-16.58, 6.97, 0.78). The costmap cannot raytrace for it.
[controller_server-4] [WARN] [1790891790.926434631] [local_costmap.local_costmap]: Sensor origin at (-18.69, 4.98 -0.88) is out of map bounds (-20.50, 3.00, 0.00) to (-16.53, 6.97, 0.78). The costmap cannot raytrace for it.
[controller_server-4] [WARN] [1790891791.126417877] [local_costmap.local_costmap]: Sensor origin at (-18.65, 5.00 -0.88) is out of map bounds (-20.50, 3.05, 0.00) to (-16.53, 7.02, 0.78). The costmap cannot raytrace for it.
[controller_server-4] [WARN] [1790891791.326494726] [local_costmap.local_costmap]: Sensor origin at (-18.60, 5.02 -0.86) is out of map bounds (-20.45, 3.05, 0.00) to (-16.48, 7.02, 0.78). The costmap cannot raytrace for it.
[controller_server-4] [WARN] [1790891791.526475543] [local_costmap.local_costmap]: Sensor origin at (-18.55, 5.04 -0.86) is out of map bounds (-20.40, 3.05, 0.00) to (-16.43, 7.02, 0.78). The costmap cannot raytrace for it.
[controller_server-4] [WARN] [1790891791.726413988] [local_costmap.local_costmap]: Sensor origin at (-18.51, 5.06 -0.86) is out of map bounds (-20.40, 3.05, 0.00) to (-16.43, 7.02, 0.78). The costmap cannot raytrace for it.
[collision_monitor-9] [INFO] [1790891791.766866507] [collision_monitor]: Robot to continue normal operation
[controller_server-4] [WARN] [1790891791.926447921] [local_costmap.local_costmap]: Sensor origin at (-18.45, 5.08 -0.86) is out of map bounds (-20.40, 3.05, 0.00) to (-16.43, 7.02, 0.78). The costmap cannot raytrace for it.
[controller_server-4] [WARN] [1790891792.126444238] [local_costmap.local_costmap]: Sensor origin at (-18.43, 5.08 -0.86) is out of map bounds (-20.40, 3.10, 0.00) to (-16.43, 7.07, 0.78). The costmap cannot raytrace for it.
[controller_server-4] [WARN] [1790891792.326425636] [local_costmap.local_costmap]: Sensor origin at (-18.40, 5.10 -0.85) is out of map bounds (-20.35, 3.10, 0.00) to (-16.38, 7.07, 0.78). The costmap cannot raytrace for it.
[controller_server-4] [WARN] [1790891792.526448104] [local_costmap.local_costmap]: Sensor origin at (-18.39, 5.10 -0.86) is out of map bounds (-20.35, 3.10, 0.00) to (-16.38, 7.07, 0.78). The costmap cannot raytrace for it.
[controller_server-4] [WARN] [1790891792.726435379] [local_costmap.local_costmap]: Sensor origin at (-18.39, 5.10 -0.86) is out of map bounds (-20.30, 3.10, 0.00) to (-16.33, 7.07, 0.78). The costmap cannot raytrace for it.
[controller_server-4] [WARN] [1790891792.926458386] [local_costmap.local_costmap]: Sensor origin at (-18.39, 5.11 -0.86) is out of map bounds (-20.25, 3.10, 0.00) to (-16.28, 7.07, 0.78). The costmap cannot raytrace for it.
[controller_server-4] [WARN] [1790891793.126429195] [local_costmap.local_costmap]: Sensor origin at (-18.34, 5.12 -0.88) is out of map bounds (-20.20, 3.10, 0.00) to (-16.23, 7.07, 0.78). The costmap cannot raytrace for it.
[controller_server-4] [WARN] [1790891793.326419182] [local_costmap.local_costmap]: Sensor origin at (-18.32, 5.12 -0.86) is out of map bounds (-20.15, 3.10, 0.00) to (-16.18, 7.07, 0.78). The costmap cannot raytrace for it.
[controller_server-4] [WARN] [1790891793.526416700] [local_costmap.local_costmap]: Sensor origin at (-18.25, 5.14 -0.85) is out of map bounds (-20.15, 3.10, 0.00) to (-16.18, 7.07, 0.78). The costmap cannot raytrace for it.
[controller_server-4] [WARN] [1790891793.726450862] [local_costmap.local_costmap]: Sensor origin at (-18.24, 5.14 -0.84) is out of map bounds (-20.10, 3.15, 0.00) to (-16.13, 7.12, 0.78). The costmap cannot raytrace for it.
[controller_server-4] [WARN] [1790891793.926442735] [local_costmap.local_costmap]: Sensor origin at (-18.20, 5.14 -0.84) is out of map bounds (-20.10, 3.15, 0.00) to (-16.13, 7.12, 0.78). The costmap cannot raytrace for it.
[controller_server-4] [WARN] [1790891794.126558215] [local_costmap.local_costmap]: Sensor origin at (-18.17, 5.14 -0.85) is out of map bounds (-20.05, 3.15, 0.00) to (-16.08, 7.12, 0.78). The costmap cannot raytrace for it.
[controller_server-4] [WARN] [1790891794.326452457] [local_costmap.local_costmap]: Sensor origin at (-18.14, 5.15 -0.85) is out of map bounds (-20.05, 3.15, 0.00) to (-16.08, 7.12, 0.78). The costmap cannot raytrace for it.
[controller_server-4] [WARN] [1790891794.526431832] [local_costmap.local_costmap]: Sensor origin at (-18.10, 5.15 -0.84) is out of map bounds (-20.00, 3.15, 0.00) to (-16.03, 7.12, 0.78). The costmap cannot raytrace for it.
[smoother_server-3] [INFO] [1790891794.712037331] [smoother_server]: Received a path to smooth.
[controller_server-4] [WARN] [1790891794.726646192] [local_costmap.local_costmap]: Sensor origin at (-18.09, 5.15 -0.83) is out of map bounds (-20.00, 3.15, 0.00) to (-16.03, 7.12, 0.78). The costmap cannot raytrace for it.
[controller_server-4] [WARN] [1790891794.731762791] [controller_server]: [follow_path] [ActionServer] Aborting handle.
[controller_server-4] [INFO] [1790891794.782636374] [controller_server]: Passing new path to controller.
[controller_server-4] [WARN] [1790891794.926450602] [local_costmap.local_costmap]: Sensor origin at (-18.05, 5.14 -0.83) is out of map bounds (-19.95, 3.15, 0.00) to (-15.98, 7.12, 0.78). The costmap cannot raytrace for it.
[controller_server-4] [WARN] [1790891795.126460117] [local_costmap.local_costmap]: Sensor origin at (-18.01, 5.14 -0.83) is out of map bounds (-19.95, 3.15, 0.00) to (-15.98, 7.12, 0.78). The costmap cannot raytrace for it.
[controller_server-4] [WARN] [1790891795.326428697] [local_costmap.local_costmap]: Sensor origin at (-18.00, 5.13 -0.84) is out of map bounds (-19.90, 3.10, 0.00) to (-15.93, 7.07, 0.78). The costmap cannot raytrace for it.
[controller_server-4] [WARN] [1790891795.526530821] [local_costmap.local_costmap]: Sensor origin at (-17.97, 5.11 -0.82) is out of map bounds (-19.85, 3.10, 0.00) to (-15.88, 7.07, 0.78). The costmap cannot raytrace for it.
[controller_server-4] [WARN] [1790891795.726462085] [local_costmap.local_costmap]: Sensor origin at (-17.95, 5.11 -0.81) is out of map bounds (-19.80, 3.05, 0.00) to (-15.83, 7.02, 0.78). The costmap cannot raytrace for it.
[controller_server-4] [WARN] [1790891795.926441690] [local_costmap.local_costmap]: Sensor origin at (-17.90, 5.08 -0.79) is out of map bounds (-19.75, 3.00, 0.00) to (-15.78, 6.97, 0.78). The costmap cannot raytrace for it.
[controller_server-4] [WARN] [1790891796.126445178] [local_costmap.local_costmap]: Sensor origin at (-17.88, 5.07 -0.80) is out of map bounds (-19.70, 3.00, 0.00) to (-15.73, 6.97, 0.78). The costmap cannot raytrace for it.
[controller_server-4] [WARN] [1790891796.326446905] [local_costmap.local_costmap]: Sensor origin at (-17.81, 5.02 -0.81) is out of map bounds (-19.70, 2.95, 0.00) to (-15.73, 6.92, 0.78). The costmap cannot raytrace for it.
[controller_server-4] [WARN] [1790891796.526441498] [local_costmap.local_costmap]: Sensor origin at (-17.78, 5.00 -0.81) is out of map bounds (-19.65, 2.95, 0.00) to (-15.68, 6.92, 0.78). The costmap cannot raytrace for it.
[path_follower-12] [INFO] [1790891796.582375887] [path_follower]: 4835 amostras -> /home/bara/logs_robo2/seguidor_2026-10-01_185111.csv
[controller_server-4] [WARN] [1790891796.726429104] [local_costmap.local_costmap]: Sensor origin at (-17.76, 4.99 -0.81) is out of map bounds (-19.60, 2.90, 0.00) to (-15.63, 6.87, 0.78). The costmap cannot raytrace for it.
[controller_server-4] [WARN] [1790891796.926451573] [local_costmap.local_costmap]: Sensor origin at (-17.70, 4.95 -0.80) is out of map bounds (-19.60, 2.90, 0.00) to (-15.63, 6.87, 0.78). The costmap cannot raytrace for it.
[controller_server-4] [WARN] [1790891797.126441045] [local_costmap.local_costmap]: Sensor origin at (-17.65, 4.91 -0.80) is out of map bounds (-19.55, 2.90, 0.00) to (-15.58, 6.87, 0.78). The costmap cannot raytrace for it.
[controller_server-4] [WARN] [1790891797.326432006] [local_costmap.local_costmap]: Sensor origin at (-17.64, 4.90 -0.79) is out of map bounds (-19.50, 2.85, 0.00) to (-15.53, 6.82, 0.78). The costmap cannot raytrace for it.
[controller_server-4] [WARN] [1790891797.526455203] [local_costmap.local_costmap]: Sensor origin at (-17.60, 4.88 -0.79) is out of map bounds (-19.50, 2.85, 0.00) to (-15.53, 6.82, 0.78). The costmap cannot raytrace for it.
[controller_server-4] [WARN] [1790891797.726442216] [local_costmap.local_costmap]: Sensor origin at (-17.56, 4.86 -0.79) is out of map bounds (-19.45, 2.85, 0.00) to (-15.48, 6.82, 0.78). The costmap cannot raytrace for it.
[controller_server-4] [WARN] [1790891797.926429047] [local_costmap.local_costmap]: Sensor origin at (-17.52, 4.84 -0.78) is out of map bounds (-19.40, 2.85, 0.00) to (-15.43, 6.82, 0.78). The costmap cannot raytrace for it.
[controller_server-4] [WARN] [1790891798.126461242] [local_costmap.local_costmap]: Sensor origin at (-17.50, 4.83 -0.78) is out of map bounds (-19.40, 2.80, 0.00) to (-15.43, 6.77, 0.78). The costmap cannot raytrace for it.
[controller_server-4] [WARN] [1790891798.326451864] [local_costmap.local_costmap]: Sensor origin at (-17.45, 4.82 -0.78) is out of map bounds (-19.35, 2.80, 0.00) to (-15.38, 6.77, 0.78). The costmap cannot raytrace for it.
[controller_server-4] [WARN] [1790891798.526434264] [local_costmap.local_costmap]: Sensor origin at (-17.43, 4.81 -0.78) is out of map bounds (-19.35, 2.80, 0.00) to (-15.38, 6.77, 0.78). The costmap cannot raytrace for it.
[controller_server-4] [WARN] [1790891798.726449306] [local_costmap.local_costmap]: Sensor origin at (-17.39, 4.79 -0.78) is out of map bounds (-19.30, 2.80, 0.00) to (-15.33, 6.77, 0.78). The costmap cannot raytrace for it.
[controller_server-4] [WARN] [1790891798.926430200] [local_costmap.local_costmap]: Sensor origin at (-17.37, 4.79 -0.78) is out of map bounds (-19.30, 2.80, 0.00) to (-15.33, 6.77, 0.78). The costmap cannot raytrace for it.
[controller_server-4] [WARN] [1790891799.126426390] [local_costmap.local_costmap]: Sensor origin at (-17.35, 4.78 -0.79) is out of map bounds (-19.25, 2.80, 0.00) to (-15.28, 6.77, 0.78). The costmap cannot raytrace for it.
[controller_server-4] [WARN] [1790891799.326401063] [local_costmap.local_costmap]: Sensor origin at (-17.33, 4.78 -0.77) is out of map bounds (-19.20, 2.80, 0.00) to (-15.23, 6.77, 0.78). The costmap cannot raytrace for it.
[controller_server-4] [WARN] [1790891799.526423725] [local_costmap.local_costmap]: Sensor origin at (-17.30, 4.78 -0.76) is out of map bounds (-19.20, 2.80, 0.00) to (-15.23, 6.77, 0.78). The costmap cannot raytrace for it.
[controller_server-4] [WARN] [1790891799.726389600] [local_costmap.local_costmap]: Sensor origin at (-17.27, 4.77 -0.76) is out of map bounds (-19.15, 2.80, 0.00) to (-15.18, 6.77, 0.78). The costmap cannot raytrace for it.
[smoother_server-3] [INFO] [1790891799.782340694] [smoother_server]: Received a path to smooth.
[path_follower-12] [WARN] [1790891799.797454522] [path_follower]: plano CRU descartado — segurança exige /plan_smoothed; aguardando o suavizador
[controller_server-4] [WARN] [1790891799.801775317] [controller_server]: [follow_path] [ActionServer] Aborting handle.
[controller_server-4] [WARN] [1790891799.926431216] [local_costmap.local_costmap]: Sensor origin at (-17.22, 4.76 -0.75) is out of map bounds (-19.15, 2.80, 0.00) to (-15.18, 6.77, 0.78). The costmap cannot raytrace for it.
[controller_server-4] [INFO] [1790891799.982672002] [controller_server]: Passing new path to controller.
[controller_server-4] [WARN] [1790891800.126637964] [local_costmap.local_costmap]: Sensor origin at (-17.20, 4.77 -0.75) is out of map bounds (-19.10, 2.80, 0.00) to (-15.13, 6.77, 0.78). The costmap cannot raytrace for it.
[controller_server-4] [WARN] [1790891800.326428291] [local_costmap.local_costmap]: Sensor origin at (-17.19, 4.77 -0.75) is out of map bounds (-19.10, 2.80, 0.00) to (-15.13, 6.77, 0.78). The costmap cannot raytrace for it.
[controller_server-4] [WARN] [1790891800.526417129] [local_costmap.local_costmap]: Sensor origin at (-17.15, 4.78 -0.76) is out of map bounds (-19.05, 2.80, 0.00) to (-15.08, 6.77, 0.78). The costmap cannot raytrace for it.
[controller_server-4] [WARN] [1790891800.726428735] [local_costmap.local_costmap]: Sensor origin at (-17.13, 4.78 -0.75) is out of map bounds (-19.00, 2.80, 0.00) to (-15.03, 6.77, 0.78). The costmap cannot raytrace for it.
[controller_server-4] [WARN] [1790891800.926510952] [local_costmap.local_costmap]: Sensor origin at (-17.08, 4.79 -0.75) is out of map bounds (-18.95, 2.80, 0.00) to (-14.98, 6.77, 0.78). The costmap cannot raytrace for it.
[controller_server-4] [WARN] [1790891801.126451508] [local_costmap.local_costmap]: Sensor origin at (-17.06, 4.80 -0.75) is out of map bounds (-18.90, 2.80, 0.00) to (-14.93, 6.77, 0.78). The costmap cannot raytrace for it.
[controller_server-4] [WARN] [1790891801.326419219] [local_costmap.local_costmap]: Sensor origin at (-17.03, 4.80 -0.75) is out of map bounds (-18.85, 2.80, 0.00) to (-14.88, 6.77, 0.78). The costmap cannot raytrace for it.
[controller_server-4] [WARN] [1790891801.526435791] [local_costmap.local_costmap]: Sensor origin at (-16.95, 4.82 -0.73) is out of map bounds (-18.80, 2.85, 0.00) to (-14.83, 6.82, 0.78). The costmap cannot raytrace for it.
[controller_server-4] [WARN] [1790891801.726421824] [local_costmap.local_costmap]: Sensor origin at (-16.93, 4.83 -0.74) is out of map bounds (-18.75, 2.85, 0.00) to (-14.78, 6.82, 0.78). The costmap cannot raytrace for it.
[controller_server-4] [WARN] [1790891801.926437848] [local_costmap.local_costmap]: Sensor origin at (-16.85, 4.85 -0.72) is out of map bounds (-18.70, 2.85, 0.00) to (-14.73, 6.82, 0.78). The costmap cannot raytrace for it.
[controller_server-4] [WARN] [1790891802.126465716] [local_costmap.local_costmap]: Sensor origin at (-16.83, 4.86 -0.72) is out of map bounds (-18.70, 2.90, 0.00) to (-14.73, 6.87, 0.78). The costmap cannot raytrace for it.
[controller_server-4] [WARN] [1790891802.326519001] [local_costmap.local_costmap]: Sensor origin at (-16.79, 4.87 -0.70) is out of map bounds (-18.65, 2.90, 0.00) to (-14.68, 6.87, 0.78). The costmap cannot raytrace for it.
[controller_server-4] [WARN] [1790891802.526428129] [local_costmap.local_costmap]: Sensor origin at (-16.74, 4.89 -0.70) is out of map bounds (-18.60, 2.90, 0.00) to (-14.63, 6.87, 0.78). The costmap cannot raytrace for it.
[controller_server-4] [WARN] [1790891802.726423575] [local_costmap.local_costmap]: Sensor origin at (-16.70, 4.91 -0.70) is out of map bounds (-18.55, 2.90, 0.00) to (-14.58, 6.87, 0.78). The costmap cannot raytrace for it.
[controller_server-4] [WARN] [1790891802.926480454] [local_costmap.local_costmap]: Sensor origin at (-16.65, 4.92 -0.71) is out of map bounds (-18.50, 2.90, 0.00) to (-14.53, 6.87, 0.78). The costmap cannot raytrace for it.
[controller_server-4] [WARN] [1790891803.126418530] [local_costmap.local_costmap]: Sensor origin at (-16.60, 4.93 -0.71) is out of map bounds (-18.45, 2.90, 0.00) to (-14.48, 6.87, 0.78). The costmap cannot raytrace for it.
[controller_server-4] [WARN] [1790891803.326435080] [local_costmap.local_costmap]: Sensor origin at (-16.58, 4.93 -0.71) is out of map bounds (-18.45, 2.90, 0.00) to (-14.48, 6.87, 0.78). The costmap cannot raytrace for it.
[controller_server-4] [WARN] [1790891803.526452034] [local_costmap.local_costmap]: Sensor origin at (-16.52, 4.92 -0.71) is out of map bounds (-18.40, 2.90, 0.00) to (-14.43, 6.87, 0.78). The costmap cannot raytrace for it.
[controller_server-4] [WARN] [1790891803.726430148] [local_costmap.local_costmap]: Sensor origin at (-16.50, 4.92 -0.70) is out of map bounds (-18.40, 2.90, 0.00) to (-14.43, 6.87, 0.78). The costmap cannot raytrace for it.
[controller_server-4] [WARN] [1790891803.926440161] [local_costmap.local_costmap]: Sensor origin at (-16.45, 4.92 -0.70) is out of map bounds (-18.35, 2.90, 0.00) to (-14.38, 6.87, 0.78). The costmap cannot raytrace for it.
[controller_server-4] [WARN] [1790891804.126463629] [local_costmap.local_costmap]: Sensor origin at (-16.42, 4.92 -0.69) is out of map bounds (-18.35, 2.90, 0.00) to (-14.38, 6.87, 0.78). The costmap cannot raytrace for it.
[controller_server-4] [WARN] [1790891804.326438981] [local_costmap.local_costmap]: Sensor origin at (-16.41, 4.92 -0.69) is out of map bounds (-18.30, 2.90, 0.00) to (-14.33, 6.87, 0.78). The costmap cannot raytrace for it.
[controller_server-4] [WARN] [1790891804.526430045] [local_costmap.local_costmap]: Sensor origin at (-16.37, 4.91 -0.70) is out of map bounds (-18.25, 2.90, 0.00) to (-14.28, 6.87, 0.78). The costmap cannot raytrace for it.
[controller_server-4] [WARN] [1790891804.726449964] [local_costmap.local_costmap]: Sensor origin at (-16.35, 4.91 -0.69) is out of map bounds (-18.25, 2.90, 0.00) to (-14.28, 6.87, 0.78). The costmap cannot raytrace for it.
[smoother_server-3] [INFO] [1790891804.841955290] [smoother_server]: Received a path to smooth.
[controller_server-4] [WARN] [1790891804.861904357] [controller_server]: [follow_path] [ActionServer] Aborting handle.
[controller_server-4] [WARN] [1790891804.926432234] [local_costmap.local_costmap]: Sensor origin at (-16.33, 4.90 -0.69) is out of map bounds (-18.20, 2.85, 0.00) to (-14.23, 6.82, 0.78). The costmap cannot raytrace for it.
[controller_server-4] [INFO] [1790891804.982637318] [controller_server]: Passing new path to controller.
[controller_server-4] [WARN] [1790891805.126436056] [local_costmap.local_costmap]: Sensor origin at (-16.28, 4.88 -0.68) is out of map bounds (-18.15, 2.85, 0.00) to (-14.18, 6.82, 0.78). The costmap cannot raytrace for it.
[controller_server-4] [WARN] [1790891805.326421244] [local_costmap.local_costmap]: Sensor origin at (-16.25, 4.87 -0.67) is out of map bounds (-18.10, 2.80, 0.00) to (-14.13, 6.77, 0.78). The costmap cannot raytrace for it.
[controller_server-4] [WARN] [1790891805.526418782] [local_costmap.local_costmap]: Sensor origin at (-16.21, 4.85 -0.68) is out of map bounds (-18.10, 2.80, 0.00) to (-14.13, 6.77, 0.78). The costmap cannot raytrace for it.
[controller_server-4] [WARN] [1790891805.726422857] [local_costmap.local_costmap]: Sensor origin at (-16.18, 4.83 -0.67) is out of map bounds (-18.05, 2.75, 0.00) to (-14.08, 6.72, 0.78). The costmap cannot raytrace for it.
[controller_server-4] [WARN] [1790891805.926414613] [local_costmap.local_costmap]: Sensor origin at (-16.12, 4.79 -0.68) is out of map bounds (-18.00, 2.75, 0.00) to (-14.03, 6.72, 0.78). The costmap cannot raytrace for it.
[controller_server-4] [WARN] [1790891806.126436821] [local_costmap.local_costmap]: Sensor origin at (-16.09, 4.78 -0.67) is out of map bounds (-17.95, 2.75, 0.00) to (-13.98, 6.72, 0.78). The costmap cannot raytrace for it.
[controller_server-4] [WARN] [1790891806.326511914] [local_costmap.local_costmap]: Sensor origin at (-16.06, 4.75 -0.68) is out of map bounds (-17.95, 2.70, 0.00) to (-13.98, 6.67, 0.78). The costmap cannot raytrace for it.
[controller_server-4] [WARN] [1790891806.526464223] [local_costmap.local_costmap]: Sensor origin at (-16.00, 4.72 -0.66) is out of map bounds (-17.90, 2.70, 0.00) to (-13.93, 6.67, 0.78). The costmap cannot raytrace for it.
[controller_server-4] [WARN] [1790891806.726434584] [local_costmap.local_costmap]: Sensor origin at (-15.98, 4.70 -0.66) is out of map bounds (-17.85, 2.65, 0.00) to (-13.88, 6.62, 0.78). The costmap cannot raytrace for it.
[controller_server-4] [WARN] [1790891806.926418429] [local_costmap.local_costmap]: Sensor origin at (-15.92, 4.68 -0.65) is out of map bounds (-17.80, 2.65, 0.00) to (-13.83, 6.62, 0.78). The costmap cannot raytrace for it.
[controller_server-4] [WARN] [1790891807.126461830] [local_costmap.local_costmap]: Sensor origin at (-15.91, 4.67 -0.65) is out of map bounds (-17.80, 2.65, 0.00) to (-13.83, 6.62, 0.78). The costmap cannot raytrace for it.
[controller_server-4] [WARN] [1790891807.326429032] [local_costmap.local_costmap]: Sensor origin at (-15.89, 4.66 -0.65) is out of map bounds (-17.75, 2.65, 0.00) to (-13.78, 6.62, 0.78). The costmap cannot raytrace for it.
[controller_server-4] [WARN] [1790891807.526457580] [local_costmap.local_costmap]: Sensor origin at (-15.84, 4.63 -0.65) is out of map bounds (-17.70, 2.60, 0.00) to (-13.73, 6.57, 0.78). The costmap cannot raytrace for it.
[controller_server-4] [WARN] [1790891807.726433497] [local_costmap.local_costmap]: Sensor origin at (-15.79, 4.61 -0.65) is out of map bounds (-17.70, 2.60, 0.00) to (-13.73, 6.57, 0.78). The costmap cannot raytrace for it.
[controller_server-4] [WARN] [1790891807.926438767] [local_costmap.local_costmap]: Sensor origin at (-15.78, 4.60 -0.64) is out of map bounds (-17.65, 2.60, 0.00) to (-13.68, 6.57, 0.78). The costmap cannot raytrace for it.
[controller_server-4] [WARN] [1790891808.126443585] [local_costmap.local_costmap]: Sensor origin at (-15.72, 4.58 -0.64) is out of map bounds (-17.60, 2.60, 0.00) to (-13.63, 6.57, 0.78). The costmap cannot raytrace for it.
[controller_server-4] [WARN] [1790891808.326463915] [local_costmap.local_costmap]: Sensor origin at (-15.68, 4.57 -0.65) is out of map bounds (-17.55, 2.55, 0.00) to (-13.58, 6.52, 0.78). The costmap cannot raytrace for it.
[controller_server-4] [WARN] [1790891808.526423991] [local_costmap.local_costmap]: Sensor origin at (-15.66, 4.57 -0.65) is out of map bounds (-17.50, 2.55, 0.00) to (-13.53, 6.52, 0.78). The costmap cannot raytrace for it.
[controller_server-4] [WARN] [1790891808.726421523] [local_costmap.local_costmap]: Sensor origin at (-15.62, 4.56 -0.65) is out of map bounds (-17.45, 2.55, 0.00) to (-13.48, 6.52, 0.78). The costmap cannot raytrace for it.
[controller_server-4] [WARN] [1790891808.926422694] [local_costmap.local_costmap]: Sensor origin at (-15.55, 4.55 -0.65) is out of map bounds (-17.45, 2.55, 0.00) to (-13.48, 6.52, 0.78). The costmap cannot raytrace for it.
[controller_server-4] [WARN] [1790891809.126457401] [local_costmap.local_costmap]: Sensor origin at (-15.51, 4.54 -0.66) is out of map bounds (-17.40, 2.55, 0.00) to (-13.43, 6.52, 0.78). The costmap cannot raytrace for it.
[controller_server-4] [WARN] [1790891809.326427101] [local_costmap.local_costmap]: Sensor origin at (-15.50, 4.53 -0.66) is out of map bounds (-17.35, 2.55, 0.00) to (-13.38, 6.52, 0.78). The costmap cannot raytrace for it.
[controller_server-4] [WARN] [1790891809.526606707] [local_costmap.local_costmap]: Sensor origin at (-15.42, 4.52 -0.65) is out of map bounds (-17.30, 2.50, 0.00) to (-13.33, 6.47, 0.78). The costmap cannot raytrace for it.
[controller_server-4] [WARN] [1790891809.726448517] [local_costmap.local_costmap]: Sensor origin at (-15.40, 4.52 -0.65) is out of map bounds (-17.25, 2.50, 0.00) to (-13.28, 6.47, 0.78). The costmap cannot raytrace for it.
[smoother_server-3] [INFO] [1790891809.902025129] [smoother_server]: Received a path to smooth.
[path_follower-12] [WARN] [1790891809.903235700] [path_follower]: plano CRU descartado — segurança exige /plan_smoothed; aguardando o suavizador
[controller_server-4] [WARN] [1790891809.921793557] [controller_server]: [follow_path] [ActionServer] Aborting handle.
[controller_server-4] [WARN] [1790891809.926428850] [local_costmap.local_costmap]: Sensor origin at (-15.33, 4.50 -0.64) is out of map bounds (-17.20, 2.50, 0.00) to (-13.23, 6.47, 0.78). The costmap cannot raytrace for it.
[controller_server-4] [INFO] [1790891809.982638938] [controller_server]: Passing new path to controller.
[controller_server-4] [WARN] [1790891810.126455013] [local_costmap.local_costmap]: Sensor origin at (-15.31, 4.50 -0.64) is out of map bounds (-17.15, 2.50, 0.00) to (-13.18, 6.47, 0.78). The costmap cannot raytrace for it.
[controller_server-4] [WARN] [1790891810.326439311] [local_costmap.local_costmap]: Sensor origin at (-15.23, 4.49 -0.63) is out of map bounds (-17.10, 2.50, 0.00) to (-13.13, 6.47, 0.78). The costmap cannot raytrace for it.
[controller_server-4] [WARN] [1790891810.526431595] [local_costmap.local_costmap]: Sensor origin at (-15.21, 4.49 -0.63) is out of map bounds (-17.05, 2.50, 0.00) to (-13.08, 6.47, 0.78). The costmap cannot raytrace for it.
[controller_server-4] [WARN] [1790891810.726421009] [local_costmap.local_costmap]: Sensor origin at (-15.14, 4.48 -0.62) is out of map bounds (-17.00, 2.50, 0.00) to (-13.03, 6.47, 0.78). The costmap cannot raytrace for it.
[controller_server-4] [WARN] [1790891810.926434714] [local_costmap.local_costmap]: Sensor origin at (-15.09, 4.48 -0.61) is out of map bounds (-16.95, 2.50, 0.00) to (-12.98, 6.47, 0.78). The costmap cannot raytrace for it.
[controller_server-4] [WARN] [1790891811.126438114] [local_costmap.local_costmap]: Sensor origin at (-15.07, 4.47 -0.61) is out of map bounds (-16.90, 2.50, 0.00) to (-12.93, 6.47, 0.78). The costmap cannot raytrace for it.
[controller_server-4] [WARN] [1790891811.326423504] [local_costmap.local_costmap]: Sensor origin at (-14.99, 4.46 -0.62) is out of map bounds (-16.85, 2.45, 0.00) to (-12.88, 6.42, 0.78). The costmap cannot raytrace for it.
[controller_server-4] [WARN] [1790891811.526451492] [local_costmap.local_costmap]: Sensor origin at (-14.93, 4.45 -0.61) is out of map bounds (-16.80, 2.45, 0.00) to (-12.83, 6.42, 0.78). The costmap cannot raytrace for it.
[controller_server-4] [WARN] [1790891811.726447210] [local_costmap.local_costmap]: Sensor origin at (-14.91, 4.46 -0.61) is out of map bounds (-16.75, 2.45, 0.00) to (-12.78, 6.42, 0.78). The costmap cannot raytrace for it.
[controller_server-4] [WARN] [1790891811.926435376] [local_costmap.local_costmap]: Sensor origin at (-14.84, 4.45 -0.60) is out of map bounds (-16.70, 2.45, 0.00) to (-12.73, 6.42, 0.78). The costmap cannot raytrace for it.
[controller_server-4] [WARN] [1790891812.126448705] [local_costmap.local_costmap]: Sensor origin at (-14.82, 4.45 -0.60) is out of map bounds (-16.70, 2.45, 0.00) to (-12.73, 6.42, 0.78). The costmap cannot raytrace for it.
[controller_server-4] [WARN] [1790891812.326453196] [local_costmap.local_costmap]: Sensor origin at (-14.76, 4.45 -0.59) is out of map bounds (-16.65, 2.45, 0.00) to (-12.68, 6.42, 0.78). The costmap cannot raytrace for it.
[controller_server-4] [WARN] [1790891812.526431718] [local_costmap.local_costmap]: Sensor origin at (-14.75, 4.44 -0.58) is out of map bounds (-16.60, 2.45, 0.00) to (-12.63, 6.42, 0.78). The costmap cannot raytrace for it.
[controller_server-4] [WARN] [1790891812.726425779] [local_costmap.local_costmap]: Sensor origin at (-14.71, 4.44 -0.57) is out of map bounds (-16.55, 2.45, 0.00) to (-12.58, 6.42, 0.78). The costmap cannot raytrace for it.
[controller_server-4] [WARN] [1790891812.926442610] [local_costmap.local_costmap]: Sensor origin at (-14.65, 4.44 -0.56) is out of map bounds (-16.55, 2.45, 0.00) to (-12.58, 6.42, 0.78). The costmap cannot raytrace for it.
[controller_server-4] [WARN] [1790891813.126470396] [local_costmap.local_costmap]: Sensor origin at (-14.63, 4.44 -0.56) is out of map bounds (-16.50, 2.45, 0.00) to (-12.53, 6.42, 0.78). The costmap cannot raytrace for it.
[controller_server-4] [WARN] [1790891813.326430256] [local_costmap.local_costmap]: Sensor origin at (-14.61, 4.44 -0.55) is out of map bounds (-16.45, 2.45, 0.00) to (-12.48, 6.42, 0.78). The costmap cannot raytrace for it.
[controller_server-4] [WARN] [1790891813.526430404] [local_costmap.local_costmap]: Sensor origin at (-14.54, 4.44 -0.58) is out of map bounds (-16.40, 2.45, 0.00) to (-12.43, 6.42, 0.78). The costmap cannot raytrace for it.
[controller_server-4] [WARN] [1790891813.726435565] [local_costmap.local_costmap]: Sensor origin at (-14.52, 4.44 -0.57) is out of map bounds (-16.35, 2.45, 0.00) to (-12.38, 6.42, 0.78). The costmap cannot raytrace for it.
[controller_server-4] [WARN] [1790891813.927248073] [local_costmap.local_costmap]: Sensor origin at (-14.47, 4.46 -0.57) is out of map bounds (-16.35, 2.45, 0.00) to (-12.38, 6.42, 0.78). The costmap cannot raytrace for it.
[controller_server-4] [WARN] [1790891814.126424086] [local_costmap.local_costmap]: Sensor origin at (-14.43, 4.46 -0.56) is out of map bounds (-16.30, 2.45, 0.00) to (-12.33, 6.42, 0.78). The costmap cannot raytrace for it.
[controller_server-4] [WARN] [1790891814.326442414] [local_costmap.local_costmap]: Sensor origin at (-14.40, 4.46 -0.55) is out of map bounds (-16.25, 2.45, 0.00) to (-12.28, 6.42, 0.78). The costmap cannot raytrace for it.
[controller_server-4] [WARN] [1790891814.526419649] [local_costmap.local_costmap]: Sensor origin at (-14.36, 4.47 -0.54) is out of map bounds (-16.20, 2.45, 0.00) to (-12.23, 6.42, 0.78). The costmap cannot raytrace for it.
[controller_server-4] [WARN] [1790891814.726432452] [local_costmap.local_costmap]: Sensor origin at (-14.30, 4.48 -0.54) is out of map bounds (-16.15, 2.50, 0.00) to (-12.18, 6.47, 0.78). The costmap cannot raytrace for it.
[controller_server-4] [WARN] [1790891814.926443686] [local_costmap.local_costmap]: Sensor origin at (-14.28, 4.49 -0.54) is out of map bounds (-16.10, 2.50, 0.00) to (-12.13, 6.47, 0.78). The costmap cannot raytrace for it.
[smoother_server-3] [INFO] [1790891814.961835473] [smoother_server]: Received a path to smooth.
[controller_server-4] [WARN] [1790891814.982025780] [controller_server]: [follow_path] [ActionServer] Aborting handle.
[controller_server-4] [INFO] [1790891814.982634691] [controller_server]: Passing new path to controller.
[controller_server-4] [WARN] [1790891815.126445220] [local_costmap.local_costmap]: Sensor origin at (-14.21, 4.50 -0.55) is out of map bounds (-16.10, 2.50, 0.00) to (-12.13, 6.47, 0.78). The costmap cannot raytrace for it.
[controller_server-4] [WARN] [1790891815.326438595] [local_costmap.local_costmap]: Sensor origin at (-14.19, 4.51 -0.56) is out of map bounds (-16.05, 2.50, 0.00) to (-12.08, 6.47, 0.78). The costmap cannot raytrace for it.
[controller_server-4] [WARN] [1790891815.526446711] [local_costmap.local_costmap]: Sensor origin at (-14.13, 4.52 -0.55) is out of map bounds (-16.00, 2.50, 0.00) to (-12.03, 6.47, 0.78). The costmap cannot raytrace for it.
[controller_server-4] [WARN] [1790891815.726470415] [local_costmap.local_costmap]: Sensor origin at (-14.11, 4.52 -0.54) is out of map bounds (-15.95, 2.50, 0.00) to (-11.98, 6.47, 0.78). The costmap cannot raytrace for it.
[controller_server-4] [WARN] [1790891815.926433421] [local_costmap.local_costmap]: Sensor origin at (-14.05, 4.53 -0.52) is out of map bounds (-15.90, 2.50, 0.00) to (-11.93, 6.47, 0.78). The costmap cannot raytrace for it.
[controller_server-4] [WARN] [1790891816.126435156] [local_costmap.local_costmap]: Sensor origin at (-14.03, 4.53 -0.53) is out of map bounds (-15.85, 2.50, 0.00) to (-11.88, 6.47, 0.78). The costmap cannot raytrace for it.
[controller_server-4] [WARN] [1790891816.326427357] [local_costmap.local_costmap]: Sensor origin at (-13.95, 4.54 -0.52) is out of map bounds (-15.80, 2.50, 0.00) to (-11.83, 6.47, 0.78). The costmap cannot raytrace for it.
[controller_server-4] [WARN] [1790891816.526439638] [local_costmap.local_costmap]: Sensor origin at (-13.93, 4.54 -0.52) is out of map bounds (-15.75, 2.50, 0.00) to (-11.78, 6.47, 0.78). The costmap cannot raytrace for it.
[controller_server-4] [WARN] [1790891816.726462142] [local_costmap.local_costmap]: Sensor origin at (-13.86, 4.54 -0.52) is out of map bounds (-15.70, 2.50, 0.00) to (-11.73, 6.47, 0.78). The costmap cannot raytrace for it.
[controller_server-4] [WARN] [1790891816.926427744] [local_costmap.local_costmap]: Sensor origin at (-13.82, 4.54 -0.53) is out of map bounds (-15.65, 2.50, 0.00) to (-11.68, 6.47, 0.78). The costmap cannot raytrace for it.
[controller_server-4] [WARN] [1790891817.126483695] [local_costmap.local_costmap]: Sensor origin at (-13.80, 4.54 -0.53) is out of map bounds (-15.60, 2.50, 0.00) to (-11.63, 6.47, 0.78). The costmap cannot raytrace for it.
[controller_server-4] [WARN] [1790891817.326427533] [local_costmap.local_costmap]: Sensor origin at (-13.72, 4.54 -0.52) is out of map bounds (-15.60, 2.50, 0.00) to (-11.63, 6.47, 0.78). The costmap cannot raytrace for it.
[controller_server-4] [WARN] [1790891817.526432286] [local_costmap.local_costmap]: Sensor origin at (-13.70, 4.54 -0.51) is out of map bounds (-15.55, 2.50, 0.00) to (-11.58, 6.47, 0.78). The costmap cannot raytrace for it.
[controller_server-4] [WARN] [1790891817.726441709] [local_costmap.local_costmap]: Sensor origin at (-13.63, 4.54 -0.50) is out of map bounds (-15.50, 2.50, 0.00) to (-11.53, 6.47, 0.78). The costmap cannot raytrace for it.
[controller_server-4] [WARN] [1790891817.926430354] [local_costmap.local_costmap]: Sensor origin at (-13.61, 4.54 -0.49) is out of map bounds (-15.45, 2.50, 0.00) to (-11.48, 6.47, 0.78). The costmap cannot raytrace for it.
[controller_server-4] [WARN] [1790891818.126473242] [local_costmap.local_costmap]: Sensor origin at (-13.56, 4.54 -0.48) is out of map bounds (-15.40, 2.50, 0.00) to (-11.43, 6.47, 0.78). The costmap cannot raytrace for it.
[controller_server-4] [WARN] [1790891818.326458335] [local_costmap.local_costmap]: Sensor origin at (-13.51, 4.53 -0.48) is out of map bounds (-15.35, 2.50, 0.00) to (-11.38, 6.47, 0.78). The costmap cannot raytrace for it.
[controller_server-4] [WARN] [1790891818.526448256] [local_costmap.local_costmap]: Sensor origin at (-13.46, 4.52 -0.48) is out of map bounds (-15.30, 2.50, 0.00) to (-11.33, 6.47, 0.78). The costmap cannot raytrace for it.
[controller_server-4] [WARN] [1790891818.726494356] [local_costmap.local_costmap]: Sensor origin at (-13.40, 4.52 -0.48) is out of map bounds (-15.25, 2.50, 0.00) to (-11.28, 6.47, 0.78). The costmap cannot raytrace for it.
[controller_server-4] [WARN] [1790891818.926445834] [local_costmap.local_costmap]: Sensor origin at (-13.38, 4.51 -0.49) is out of map bounds (-15.25, 2.50, 0.00) to (-11.28, 6.47, 0.78). The costmap cannot raytrace for it.
[controller_server-4] [WARN] [1790891819.126439422] [local_costmap.local_costmap]: Sensor origin at (-13.31, 4.51 -0.47) is out of map bounds (-15.20, 2.50, 0.00) to (-11.23, 6.47, 0.78). The costmap cannot raytrace for it.
[controller_server-4] [WARN] [1790891819.326497628] [local_costmap.local_costmap]: Sensor origin at (-13.29, 4.51 -0.47) is out of map bounds (-15.15, 2.50, 0.00) to (-11.18, 6.47, 0.78). The costmap cannot raytrace for it.
[controller_server-4] [WARN] [1790891819.526469032] [local_costmap.local_costmap]: Sensor origin at (-13.25, 4.50 -0.46) is out of map bounds (-15.10, 2.50, 0.00) to (-11.13, 6.47, 0.78). The costmap cannot raytrace for it.
[controller_server-4] [WARN] [1790891819.726471908] [local_costmap.local_costmap]: Sensor origin at (-13.19, 4.49 -0.46) is out of map bounds (-15.05, 2.50, 0.00) to (-11.08, 6.47, 0.78). The costmap cannot raytrace for it.
[controller_server-4] [WARN] [1790891819.926487020] [local_costmap.local_costmap]: Sensor origin at (-13.17, 4.49 -0.46) is out of map bounds (-15.05, 2.50, 0.00) to (-11.08, 6.47, 0.78). The costmap cannot raytrace for it.
[path_follower-12] [WARN] [1790891820.020623684] [path_follower]: plano CRU descartado — segurança exige /plan_smoothed; aguardando o suavizador
[smoother_server-3] [INFO] [1790891820.021897813] [smoother_server]: Received a path to smooth.
[controller_server-4] [WARN] [1790891820.041760485] [controller_server]: [follow_path] [ActionServer] Aborting handle.
[controller_server-4] [WARN] [1790891820.126463271] [local_costmap.local_costmap]: Sensor origin at (-13.10, 4.48 -0.45) is out of map bounds (-15.00, 2.50, 0.00) to (-11.03, 6.47, 0.78). The costmap cannot raytrace for it.
[controller_server-4] [INFO] [1790891820.183009745] [controller_server]: Passing new path to controller.
[controller_server-4] [WARN] [1790891820.326468847] [local_costmap.local_costmap]: Sensor origin at (-13.08, 4.49 -0.45) is out of map bounds (-14.95, 2.50, 0.00) to (-10.98, 6.47, 0.78). The costmap cannot raytrace for it.
[controller_server-4] [WARN] [1790891820.526477759] [local_costmap.local_costmap]: Sensor origin at (-13.05, 4.48 -0.45) is out of map bounds (-14.90, 2.50, 0.00) to (-10.93, 6.47, 0.78). The costmap cannot raytrace for it.
[controller_server-4] [WARN] [1790891820.726460980] [local_costmap.local_costmap]: Sensor origin at (-13.03, 4.48 -0.45) is out of map bounds (-14.85, 2.50, 0.00) to (-10.88, 6.47, 0.78). The costmap cannot raytrace for it.
[controller_server-4] [WARN] [1790891820.926481966] [local_costmap.local_costmap]: Sensor origin at (-12.94, 4.48 -0.43) is out of map bounds (-14.80, 2.50, 0.00) to (-10.83, 6.47, 0.78). The costmap cannot raytrace for it.
[controller_server-4] [WARN] [1790891821.126473257] [local_costmap.local_costmap]: Sensor origin at (-12.92, 4.47 -0.43) is out of map bounds (-14.75, 2.50, 0.00) to (-10.78, 6.47, 0.78). The costmap cannot raytrace for it.
[controller_server-4] [WARN] [1790891821.326493199] [local_costmap.local_costmap]: Sensor origin at (-12.86, 4.47 -0.43) is out of map bounds (-14.70, 2.50, 0.00) to (-10.73, 6.47, 0.78). The costmap cannot raytrace for it.
[controller_server-4] [WARN] [1790891821.526452865] [local_costmap.local_costmap]: Sensor origin at (-12.84, 4.47 -0.43) is out of map bounds (-14.65, 2.50, 0.00) to (-10.68, 6.47, 0.78). The costmap cannot raytrace for it.
[controller_server-4] [WARN] [1790891821.726490150] [local_costmap.local_costmap]: Sensor origin at (-12.80, 4.47 -0.42) is out of map bounds (-14.65, 2.50, 0.00) to (-10.68, 6.47, 0.78). The costmap cannot raytrace for it.
[controller_server-4] [WARN] [1790891821.926474882] [local_costmap.local_costmap]: Sensor origin at (-12.72, 4.46 -0.44) is out of map bounds (-14.60, 2.45, 0.00) to (-10.63, 6.42, 0.78). The costmap cannot raytrace for it.
[controller_server-4] [WARN] [1790891822.126498209] [local_costmap.local_costmap]: Sensor origin at (-12.70, 4.46 -0.45) is out of map bounds (-14.55, 2.45, 0.00) to (-10.58, 6.42, 0.78). The costmap cannot raytrace for it.
[controller_server-4] [WARN] [1790891822.326561170] [local_costmap.local_costmap]: Sensor origin at (-12.66, 4.46 -0.44) is out of map bounds (-14.50, 2.45, 0.00) to (-10.53, 6.42, 0.78). The costmap cannot raytrace for it.
[controller_server-4] [WARN] [1790891822.526459118] [local_costmap.local_costmap]: Sensor origin at (-12.63, 4.45 -0.45) is out of map bounds (-14.50, 2.45, 0.00) to (-10.53, 6.42, 0.78). The costmap cannot raytrace for it.
[controller_server-4] [WARN] [1790891822.726475113] [local_costmap.local_costmap]: Sensor origin at (-12.59, 4.45 -0.44) is out of map bounds (-14.45, 2.45, 0.00) to (-10.48, 6.42, 0.78). The costmap cannot raytrace for it.
[controller_server-4] [WARN] [1790891822.926464606] [local_costmap.local_costmap]: Sensor origin at (-12.53, 4.45 -0.42) is out of map bounds (-14.40, 2.45, 0.00) to (-10.43, 6.42, 0.78). The costmap cannot raytrace for it.
[controller_server-4] [WARN] [1790891823.126467926] [local_costmap.local_costmap]: Sensor origin at (-12.51, 4.45 -0.41) is out of map bounds (-14.35, 2.45, 0.00) to (-10.38, 6.42, 0.78). The costmap cannot raytrace for it.
[controller_server-4] [WARN] [1790891823.326534257] [local_costmap.local_costmap]: Sensor origin at (-12.46, 4.44 -0.39) is out of map bounds (-14.30, 2.45, 0.00) to (-10.33, 6.42, 0.78). The costmap cannot raytrace for it.
[controller_server-4] [WARN] [1790891823.526449049] [local_costmap.local_costmap]: Sensor origin at (-12.41, 4.44 -0.39) is out of map bounds (-14.25, 2.45, 0.00) to (-10.28, 6.42, 0.78). The costmap cannot raytrace for it.
[controller_server-4] [WARN] [1790891823.726509960] [local_costmap.local_costmap]: Sensor origin at (-12.33, 4.44 -0.39) is out of map bounds (-14.20, 2.45, 0.00) to (-10.23, 6.42, 0.78). The costmap cannot raytrace for it.
[controller_server-4] [WARN] [1790891823.926424415] [local_costmap.local_costmap]: Sensor origin at (-12.28, 4.44 -0.39) is out of map bounds (-14.15, 2.45, 0.00) to (-10.18, 6.42, 0.78). The costmap cannot raytrace for it.
[controller_server-4] [WARN] [1790891824.126445496] [local_costmap.local_costmap]: Sensor origin at (-12.25, 4.43 -0.39) is out of map bounds (-14.10, 2.45, 0.00) to (-10.13, 6.42, 0.78). The costmap cannot raytrace for it.
[controller_server-4] [WARN] [1790891824.326466420] [local_costmap.local_costmap]: Sensor origin at (-12.18, 4.42 -0.38) is out of map bounds (-14.05, 2.45, 0.00) to (-10.08, 6.42, 0.78). The costmap cannot raytrace for it.
[controller_server-4] [WARN] [1790891824.526504010] [local_costmap.local_costmap]: Sensor origin at (-12.16, 4.43 -0.37) is out of map bounds (-14.00, 2.45, 0.00) to (-10.03, 6.42, 0.78). The costmap cannot raytrace for it.
[controller_server-4] [WARN] [1790891824.726484123] [local_costmap.local_costmap]: Sensor origin at (-12.09, 4.42 -0.36) is out of map bounds (-13.95, 2.45, 0.00) to (-9.98, 6.42, 0.78). The costmap cannot raytrace for it.
[controller_server-4] [WARN] [1790891824.926457377] [local_costmap.local_costmap]: Sensor origin at (-12.07, 4.41 -0.35) is out of map bounds (-13.95, 2.45, 0.00) to (-9.98, 6.42, 0.78). The costmap cannot raytrace for it.
[smoother_server-3] [INFO] [1790891825.081747480] [smoother_server]: Received a path to smooth.
[controller_server-4] [WARN] [1790891825.101736729] [controller_server]: [follow_path] [ActionServer] Aborting handle.
[controller_server-4] [WARN] [1790891825.126437271] [local_costmap.local_costmap]: Sensor origin at (-12.03, 4.41 -0.34) is out of map bounds (-13.90, 2.45, 0.00) to (-9.93, 6.42, 0.78). The costmap cannot raytrace for it.
[controller_server-4] [INFO] [1790891825.182638706] [controller_server]: Passing new path to controller.
[controller_server-4] [WARN] [1790891825.326532864] [local_costmap.local_costmap]: Sensor origin at (-11.99, 4.41 -0.35) is out of map bounds (-13.85, 2.45, 0.00) to (-9.88, 6.42, 0.78). The costmap cannot raytrace for it.
[controller_server-4] [WARN] [1790891825.526446405] [local_costmap.local_costmap]: Sensor origin at (-11.95, 4.41 -0.34) is out of map bounds (-13.80, 2.45, 0.00) to (-9.83, 6.42, 0.78). The costmap cannot raytrace for it.
[controller_server-4] [WARN] [1790891825.726479630] [local_costmap.local_costmap]: Sensor origin at (-11.89, 4.41 -0.36) is out of map bounds (-13.75, 2.45, 0.00) to (-9.78, 6.42, 0.78). The costmap cannot raytrace for it.
[controller_server-4] [WARN] [1790891825.926470124] [local_costmap.local_costmap]: Sensor origin at (-11.86, 4.41 -0.36) is out of map bounds (-13.70, 2.40, 0.00) to (-9.73, 6.37, 0.78). The costmap cannot raytrace for it.
[controller_server-4] [WARN] [1790891826.126451524] [local_costmap.local_costmap]: Sensor origin at (-11.79, 4.42 -0.39) is out of map bounds (-13.65, 2.40, 0.00) to (-9.68, 6.37, 0.78). The costmap cannot raytrace for it.
[controller_server-4] [WARN] [1790891826.326646162] [local_costmap.local_costmap]: Sensor origin at (-11.76, 4.41 -0.39) is out of map bounds (-13.60, 2.40, 0.00) to (-9.63, 6.37, 0.78). The costmap cannot raytrace for it.
[controller_server-4] [WARN] [1790891826.526438544] [local_costmap.local_costmap]: Sensor origin at (-11.68, 4.39 -0.38) is out of map bounds (-13.55, 2.40, 0.00) to (-9.58, 6.37, 0.78). The costmap cannot raytrace for it.
[controller_server-4] [WARN] [1790891826.726434199] [local_costmap.local_costmap]: Sensor origin at (-11.64, 4.38 -0.37) is out of map bounds (-13.50, 2.40, 0.00) to (-9.53, 6.37, 0.78). The costmap cannot raytrace for it.
[controller_server-4] [WARN] [1790891826.926454794] [local_costmap.local_costmap]: Sensor origin at (-11.61, 4.38 -0.36) is out of map bounds (-13.45, 2.40, 0.00) to (-9.48, 6.37, 0.78). The costmap cannot raytrace for it.
[controller_server-4] [WARN] [1790891827.126446464] [local_costmap.local_costmap]: Sensor origin at (-11.53, 4.38 -0.35) is out of map bounds (-13.40, 2.40, 0.00) to (-9.43, 6.37, 0.78). The costmap cannot raytrace for it.
[controller_server-4] [WARN] [1790891827.326465675] [local_costmap.local_costmap]: Sensor origin at (-11.50, 4.38 -0.34) is out of map bounds (-13.35, 2.40, 0.00) to (-9.38, 6.37, 0.78). The costmap cannot raytrace for it.
[controller_server-4] [WARN] [1790891827.526432776] [local_costmap.local_costmap]: Sensor origin at (-11.44, 4.37 -0.32) is out of map bounds (-13.30, 2.40, 0.00) to (-9.33, 6.37, 0.78). The costmap cannot raytrace for it.
[controller_server-4] [WARN] [1790891827.726467262] [local_costmap.local_costmap]: Sensor origin at (-11.41, 4.37 -0.32) is out of map bounds (-13.25, 2.40, 0.00) to (-9.28, 6.37, 0.78). The costmap cannot raytrace for it.
[controller_server-4] [WARN] [1790891827.926445179] [local_costmap.local_costmap]: Sensor origin at (-11.36, 4.36 -0.34) is out of map bounds (-13.20, 2.40, 0.00) to (-9.23, 6.37, 0.78). The costmap cannot raytrace for it.
[controller_server-4] [WARN] [1790891828.126436180] [local_costmap.local_costmap]: Sensor origin at (-11.32, 4.36 -0.35) is out of map bounds (-13.15, 2.40, 0.00) to (-9.18, 6.37, 0.78). The costmap cannot raytrace for it.
[controller_server-4] [WARN] [1790891828.326444757] [local_costmap.local_costmap]: Sensor origin at (-11.24, 4.36 -0.34) is out of map bounds (-13.10, 2.40, 0.00) to (-9.13, 6.37, 0.78). The costmap cannot raytrace for it.
[controller_server-4] [WARN] [1790891828.526454683] [local_costmap.local_costmap]: Sensor origin at (-11.22, 4.36 -0.34) is out of map bounds (-13.05, 2.35, 0.00) to (-9.08, 6.32, 0.78). The costmap cannot raytrace for it.
[controller_server-4] [WARN] [1790891828.726443590] [local_costmap.local_costmap]: Sensor origin at (-11.14, 4.35 -0.37) is out of map bounds (-13.00, 2.35, 0.00) to (-9.03, 6.32, 0.78). The costmap cannot raytrace for it.
[controller_server-4] [WARN] [1790891828.926453751] [local_costmap.local_costmap]: Sensor origin at (-11.11, 4.35 -0.38) is out of map bounds (-12.95, 2.35, 0.00) to (-8.98, 6.32, 0.78). The costmap cannot raytrace for it.
[controller_server-4] [WARN] [1790891829.126526091] [local_costmap.local_costmap]: Sensor origin at (-11.04, 4.35 -0.38) is out of map bounds (-12.90, 2.35, 0.00) to (-8.93, 6.32, 0.78). The costmap cannot raytrace for it.
[controller_server-4] [WARN] [1790891829.326427487] [local_costmap.local_costmap]: Sensor origin at (-11.01, 4.34 -0.38) is out of map bounds (-12.85, 2.35, 0.00) to (-8.88, 6.32, 0.78). The costmap cannot raytrace for it.
[controller_server-4] [WARN] [1790891829.526448267] [local_costmap.local_costmap]: Sensor origin at (-10.94, 4.34 -0.36) is out of map bounds (-12.80, 2.35, 0.00) to (-8.83, 6.32, 0.78). The costmap cannot raytrace for it.
[controller_server-4] [WARN] [1790891829.726448140] [local_costmap.local_costmap]: Sensor origin at (-10.90, 4.34 -0.33) is out of map bounds (-12.75, 2.35, 0.00) to (-8.78, 6.32, 0.78). The costmap cannot raytrace for it.
[controller_server-4] [WARN] [1790891829.926432703] [local_costmap.local_costmap]: Sensor origin at (-10.87, 4.34 -0.33) is out of map bounds (-12.70, 2.30, 0.00) to (-8.73, 6.27, 0.78). The costmap cannot raytrace for it.
[controller_server-4] [WARN] [1790891830.126482310] [local_costmap.local_costmap]: Sensor origin at (-10.79, 4.33 -0.32) is out of map bounds (-12.60, 2.30, 0.00) to (-8.63, 6.27, 0.78). The costmap cannot raytrace for it.
[path_follower-12] [WARN] [1790891830.134374226] [path_follower]: plano CRU descartado — segurança exige /plan_smoothed; aguardando o suavizador
[smoother_server-3] [INFO] [1790891830.141805822] [smoother_server]: Received a path to smooth.
[controller_server-4] [WARN] [1790891830.162194366] [controller_server]: [follow_path] [ActionServer] Aborting handle.
[controller_server-4] [INFO] [1790891830.182638538] [controller_server]: Passing new path to controller.
[controller_server-4] [WARN] [1790891830.326455738] [local_costmap.local_costmap]: Sensor origin at (-10.72, 4.31 -0.31) is out of map bounds (-12.55, 2.30, 0.00) to (-8.58, 6.27, 0.78). The costmap cannot raytrace for it.
[controller_server-4] [WARN] [1790891830.526495207] [local_costmap.local_costmap]: Sensor origin at (-10.67, 4.31 -0.30) is out of map bounds (-12.50, 2.30, 0.00) to (-8.53, 6.27, 0.78). The costmap cannot raytrace for it.
[controller_server-4] [WARN] [1790891830.726457727] [local_costmap.local_costmap]: Sensor origin at (-10.64, 4.31 -0.29) is out of map bounds (-12.45, 2.30, 0.00) to (-8.48, 6.27, 0.78). The costmap cannot raytrace for it.
[controller_server-4] [WARN] [1790891830.926449938] [local_costmap.local_costmap]: Sensor origin at (-10.56, 4.31 -0.28) is out of map bounds (-12.40, 2.30, 0.00) to (-8.43, 6.27, 0.78). The costmap cannot raytrace for it.
[controller_server-4] [WARN] [1790891831.126452653] [local_costmap.local_costmap]: Sensor origin at (-10.51, 4.30 -0.27) is out of map bounds (-12.35, 2.30, 0.00) to (-8.38, 6.27, 0.78). The costmap cannot raytrace for it.
[controller_server-4] [WARN] [1790891831.326466601] [local_costmap.local_costmap]: Sensor origin at (-10.48, 4.30 -0.28) is out of map bounds (-12.30, 2.30, 0.00) to (-8.33, 6.27, 0.78). The costmap cannot raytrace for it.
[controller_server-4] [WARN] [1790891831.526442946] [local_costmap.local_costmap]: Sensor origin at (-10.40, 4.30 -0.28) is out of map bounds (-12.25, 2.30, 0.00) to (-8.28, 6.27, 0.78). The costmap cannot raytrace for it.
[path_follower-12] [INFO] [1790891831.567458997] [path_follower]: 5535 amostras -> /home/bara/logs_robo2/seguidor_2026-10-01_185111.csv
[controller_server-4] [WARN] [1790891831.726463014] [local_costmap.local_costmap]: Sensor origin at (-10.38, 4.30 -0.29) is out of map bounds (-12.25, 2.30, 0.00) to (-8.28, 6.27, 0.78). The costmap cannot raytrace for it.
[controller_server-4] [WARN] [1790891831.926472785] [local_costmap.local_costmap]: Sensor origin at (-10.31, 4.28 -0.29) is out of map bounds (-12.20, 2.30, 0.00) to (-8.23, 6.27, 0.78). The costmap cannot raytrace for it.
[controller_server-4] [WARN] [1790891832.126426724] [local_costmap.local_costmap]: Sensor origin at (-10.27, 4.29 -0.30) is out of map bounds (-12.10, 2.30, 0.00) to (-8.13, 6.27, 0.78). The costmap cannot raytrace for it.
[controller_server-4] [WARN] [1790891832.326483716] [local_costmap.local_costmap]: Sensor origin at (-10.25, 4.29 -0.29) is out of map bounds (-12.10, 2.30, 0.00) to (-8.13, 6.27, 0.78). The costmap cannot raytrace for it.
[controller_server-4] [WARN] [1790891832.526440291] [local_costmap.local_costmap]: Sensor origin at (-10.17, 4.28 -0.31) is out of map bounds (-12.05, 2.30, 0.00) to (-8.08, 6.27, 0.78). The costmap cannot raytrace for it.
[controller_server-4] [WARN] [1790891832.726445436] [local_costmap.local_costmap]: Sensor origin at (-10.12, 4.27 -0.31) is out of map bounds (-12.00, 2.25, 0.00) to (-8.03, 6.22, 0.78). The costmap cannot raytrace for it.
[controller_server-4] [WARN] [1790891832.926477289] [local_costmap.local_costmap]: Sensor origin at (-10.10, 4.27 -0.31) is out of map bounds (-11.95, 2.25, 0.00) to (-7.98, 6.22, 0.78). The costmap cannot raytrace for it.
[controller_server-4] [WARN] [1790891833.126472648] [local_costmap.local_costmap]: Sensor origin at (-10.04, 4.26 -0.26) is out of map bounds (-11.90, 2.25, 0.00) to (-7.93, 6.22, 0.78). The costmap cannot raytrace for it.
[controller_server-4] [WARN] [1790891833.326462265] [local_costmap.local_costmap]: Sensor origin at (-10.02, 4.25 -0.24) is out of map bounds (-11.85, 2.25, 0.00) to (-7.88, 6.22, 0.78). The costmap cannot raytrace for it.
[controller_server-4] [WARN] [1790891833.526472720] [local_costmap.local_costmap]: Sensor origin at (-9.95, 4.23 -0.22) is out of map bounds (-11.80, 2.25, 0.00) to (-7.83, 6.22, 0.78). The costmap cannot raytrace for it.
[controller_server-4] [WARN] [1790891833.726458482] [local_costmap.local_costmap]: Sensor origin at (-9.90, 4.23 -0.21) is out of map bounds (-11.75, 2.25, 0.00) to (-7.78, 6.22, 0.78). The costmap cannot raytrace for it.
[controller_server-4] [WARN] [1790891833.926426320] [local_costmap.local_costmap]: Sensor origin at (-9.87, 4.23 -0.20) is out of map bounds (-11.70, 2.25, 0.00) to (-7.73, 6.22, 0.78). The costmap cannot raytrace for it.
[controller_server-4] [WARN] [1790891834.126451416] [local_costmap.local_costmap]: Sensor origin at (-9.82, 4.22 -0.21) is out of map bounds (-11.65, 2.25, 0.00) to (-7.68, 6.22, 0.78). The costmap cannot raytrace for it.
[controller_server-4] [WARN] [1790891834.326454034] [local_costmap.local_costmap]: Sensor origin at (-9.74, 4.22 -0.21) is out of map bounds (-11.60, 2.25, 0.00) to (-7.63, 6.22, 0.78). The costmap cannot raytrace for it.
[controller_server-4] [WARN] [1790891834.526443105] [local_costmap.local_costmap]: Sensor origin at (-9.70, 4.22 -0.22) is out of map bounds (-11.55, 2.25, 0.00) to (-7.58, 6.22, 0.78). The costmap cannot raytrace for it.
[compensador_rumo-11] [ERROR] [1790891834.561045088] [compensador_rumo]: SEM POSE FRESCA no /Odometry — comando passa SEM correção de rumo, o robô vai arcar como sempre arcou
[controller_server-4] [WARN] [1790891834.726528235] [local_costmap.local_costmap]: Sensor origin at (-9.67, 4.21 -0.22) is out of map bounds (-11.50, 2.25, 0.00) to (-7.53, 6.22, 0.78). The costmap cannot raytrace for it.
[controller_server-4] [WARN] [1790891834.926444272] [local_costmap.local_costmap]: Sensor origin at (-9.59, 4.21 -0.25) is out of map bounds (-11.45, 2.20, 0.00) to (-7.48, 6.17, 0.78). The costmap cannot raytrace for it.
[controller_server-4] [WARN] [1790891835.126443481] [local_costmap.local_costmap]: Sensor origin at (-9.56, 4.21 -0.26) is out of map bounds (-11.40, 2.20, 0.00) to (-7.43, 6.17, 0.78). The costmap cannot raytrace for it.
[smoother_server-3] [INFO] [1790891835.191676295] [smoother_server]: Received a path to smooth.
[controller_server-4] [WARN] [1790891835.211695758] [controller_server]: [follow_path] [ActionServer] Aborting handle.
[controller_server-4] [WARN] [1790891835.326436207] [local_costmap.local_costmap]: Sensor origin at (-9.48, 4.20 -0.27) is out of map bounds (-11.35, 2.20, 0.00) to (-7.38, 6.17, 0.78). The costmap cannot raytrace for it.
[controller_server-4] [INFO] [1790891835.382638939] [controller_server]: Passing new path to controller.
[controller_server-4] [WARN] [1790891835.526436090] [local_costmap.local_costmap]: Sensor origin at (-9.46, 4.20 -0.27) is out of map bounds (-11.30, 2.20, 0.00) to (-7.33, 6.17, 0.78). The costmap cannot raytrace for it.
[controller_server-4] [WARN] [1790891835.726444778] [local_costmap.local_costmap]: Sensor origin at (-9.39, 4.19 -0.27) is out of map bounds (-11.25, 2.20, 0.00) to (-7.28, 6.17, 0.78). The costmap cannot raytrace for it.
[controller_server-4] [WARN] [1790891835.926446327] [local_costmap.local_costmap]: Sensor origin at (-9.37, 4.19 -0.27) is out of map bounds (-11.25, 2.20, 0.00) to (-7.28, 6.17, 0.78). The costmap cannot raytrace for it.
[controller_server-4] [WARN] [1790891836.126443281] [local_costmap.local_costmap]: Sensor origin at (-9.31, 4.19 -0.26) is out of map bounds (-11.20, 2.20, 0.00) to (-7.23, 6.17, 0.78). The costmap cannot raytrace for it.
[controller_server-4] [WARN] [1790891836.326454134] [local_costmap.local_costmap]: Sensor origin at (-9.26, 4.18 -0.24) is out of map bounds (-11.15, 2.20, 0.00) to (-7.18, 6.17, 0.78). The costmap cannot raytrace for it.
[controller_server-4] [WARN] [1790891836.526463301] [local_costmap.local_costmap]: Sensor origin at (-9.24, 4.17 -0.23) is out of map bounds (-11.10, 2.20, 0.00) to (-7.13, 6.17, 0.78). The costmap cannot raytrace for it.
[controller_server-4] [WARN] [1790891836.726438702] [local_costmap.local_costmap]: Sensor origin at (-9.19, 4.17 -0.22) is out of map bounds (-11.05, 2.20, 0.00) to (-7.08, 6.17, 0.78). The costmap cannot raytrace for it.
[controller_server-4] [WARN] [1790891836.926463950] [local_costmap.local_costmap]: Sensor origin at (-9.17, 4.17 -0.22) is out of map bounds (-11.00, 2.20, 0.00) to (-7.03, 6.17, 0.78). The costmap cannot raytrace for it.
[controller_server-4] [WARN] [1790891837.126460651] [local_costmap.local_costmap]: Sensor origin at (-9.11, 4.16 -0.22) is out of map bounds (-10.95, 2.20, 0.00) to (-6.98, 6.17, 0.78). The costmap cannot raytrace for it.
[controller_server-4] [WARN] [1790891837.326430484] [local_costmap.local_costmap]: Sensor origin at (-9.09, 4.17 -0.23) is out of map bounds (-10.95, 2.20, 0.00) to (-6.98, 6.17, 0.78). The costmap cannot raytrace for it.
[controller_server-4] [WARN] [1790891837.526474222] [local_costmap.local_costmap]: Sensor origin at (-9.02, 4.17 -0.22) is out of map bounds (-10.90, 2.20, 0.00) to (-6.93, 6.17, 0.78). The costmap cannot raytrace for it.
[controller_server-4] [WARN] [1790891837.726464425] [local_costmap.local_costmap]: Sensor origin at (-8.99, 4.16 -0.23) is out of map bounds (-10.90, 2.20, 0.00) to (-6.93, 6.17, 0.78). The costmap cannot raytrace for it.
[controller_server-4] [WARN] [1790891837.926469069] [local_costmap.local_costmap]: Sensor origin at (-8.95, 4.17 -0.24) is out of map bounds (-10.85, 2.20, 0.00) to (-6.88, 6.17, 0.78). The costmap cannot raytrace for it.
[controller_server-4] [WARN] [1790891838.126449129] [local_costmap.local_costmap]: Sensor origin at (-8.90, 4.17 -0.23) is out of map bounds (-10.80, 2.20, 0.00) to (-6.83, 6.17, 0.78). The costmap cannot raytrace for it.
[controller_server-4] [WARN] [1790891838.326506047] [local_costmap.local_costmap]: Sensor origin at (-8.89, 4.17 -0.23) is out of map bounds (-10.75, 2.20, 0.00) to (-6.78, 6.17, 0.78). The costmap cannot raytrace for it.
[controller_server-4] [WARN] [1790891838.526437843] [local_costmap.local_costmap]: Sensor origin at (-8.84, 4.16 -0.22) is out of map bounds (-10.70, 2.20, 0.00) to (-6.73, 6.17, 0.78). The costmap cannot raytrace for it.
[controller_server-4] [WARN] [1790891838.726430026] [local_costmap.local_costmap]: Sensor origin at (-8.82, 4.16 -0.22) is out of map bounds (-10.65, 2.20, 0.00) to (-6.68, 6.17, 0.78). The costmap cannot raytrace for it.
[controller_server-4] [WARN] [1790891838.926436162] [local_costmap.local_costmap]: Sensor origin at (-8.77, 4.17 -0.23) is out of map bounds (-10.55, 2.20, 0.00) to (-6.58, 6.17, 0.78). The costmap cannot raytrace for it.
[controller_server-4] [WARN] [1790891839.126454622] [local_costmap.local_costmap]: Sensor origin at (-8.72, 4.17 -0.20) is out of map bounds (-10.50, 2.20, 0.00) to (-6.53, 6.17, 0.78). The costmap cannot raytrace for it.
[controller_server-4] [WARN] [1790891839.326429063] [local_costmap.local_costmap]: Sensor origin at (-8.66, 4.17 -0.20) is out of map bounds (-10.45, 2.20, 0.00) to (-6.48, 6.17, 0.78). The costmap cannot raytrace for it.
[controller_server-4] [WARN] [1790891839.526443846] [local_costmap.local_costmap]: Sensor origin at (-8.56, 4.17 -0.20) is out of map bounds (-10.40, 2.20, 0.00) to (-6.43, 6.17, 0.78). The costmap cannot raytrace for it.
[controller_server-4] [WARN] [1790891839.726452279] [local_costmap.local_costmap]: Sensor origin at (-8.53, 4.17 -0.20) is out of map bounds (-10.40, 2.20, 0.00) to (-6.43, 6.17, 0.78). The costmap cannot raytrace for it.
[controller_server-4] [WARN] [1790891839.926453316] [local_costmap.local_costmap]: Sensor origin at (-8.49, 4.17 -0.22) is out of map bounds (-10.35, 2.20, 0.00) to (-6.38, 6.17, 0.78). The costmap cannot raytrace for it.
[controller_server-4] [WARN] [1790891840.126439127] [local_costmap.local_costmap]: Sensor origin at (-8.45, 4.17 -0.25) is out of map bounds (-10.30, 2.20, 0.00) to (-6.32, 6.17, 0.78). The costmap cannot raytrace for it.
[smoother_server-3] [INFO] [1790891840.241755455] [smoother_server]: Received a path to smooth.
[path_follower-12] [WARN] [1790891840.242515859] [path_follower]: plano CRU descartado — segurança exige /plan_smoothed; aguardando o suavizador
[controller_server-4] [WARN] [1790891840.264135621] [controller_server]: [follow_path] [ActionServer] Aborting handle.
[controller_server-4] [WARN] [1790891840.326441451] [local_costmap.local_costmap]: Sensor origin at (-8.41, 4.18 -0.24) is out of map bounds (-10.25, 2.20, 0.00) to (-6.27, 6.17, 0.78). The costmap cannot raytrace for it.
[controller_server-4] [INFO] [1790891840.382637609] [controller_server]: Passing new path to controller.
[controller_server-4] [WARN] [1790891840.526483517] [local_costmap.local_costmap]: Sensor origin at (-8.35, 4.18 -0.24) is out of map bounds (-10.20, 2.20, 0.00) to (-6.22, 6.17, 0.78). The costmap cannot raytrace for it.
[controller_server-4] [WARN] [1790891840.726388636] [local_costmap.local_costmap]: Sensor origin at (-8.34, 4.18 -0.25) is out of map bounds (-10.15, 2.20, 0.00) to (-6.17, 6.17, 0.78). The costmap cannot raytrace for it.
[controller_server-4] [WARN] [1790891840.926434272] [local_costmap.local_costmap]: Sensor origin at (-8.30, 4.19 -0.23) is out of map bounds (-10.15, 2.20, 0.00) to (-6.17, 6.17, 0.78). The costmap cannot raytrace for it.
[controller_server-4] [WARN] [1790891841.126460959] [local_costmap.local_costmap]: Sensor origin at (-8.24, 4.19 -0.21) is out of map bounds (-10.10, 2.20, 0.00) to (-6.12, 6.17, 0.78). The costmap cannot raytrace for it.
[controller_server-4] [WARN] [1790891841.326446008] [local_costmap.local_costmap]: Sensor origin at (-8.19, 4.20 -0.18) is out of map bounds (-10.05, 2.20, 0.00) to (-6.07, 6.17, 0.78). The costmap cannot raytrace for it.
[controller_server-4] [WARN] [1790891841.526424843] [local_costmap.local_costmap]: Sensor origin at (-8.16, 4.20 -0.17) is out of map bounds (-10.00, 2.20, 0.00) to (-6.02, 6.17, 0.78). The costmap cannot raytrace for it.
[controller_server-4] [WARN] [1790891841.726448790] [local_costmap.local_costmap]: Sensor origin at (-8.09, 4.20 -0.15) is out of map bounds (-9.95, 2.20, 0.00) to (-5.97, 6.17, 0.78). The costmap cannot raytrace for it.
[controller_server-4] [WARN] [1790891841.926466010] [local_costmap.local_costmap]: Sensor origin at (-8.04, 4.19 -0.13) is out of map bounds (-9.90, 2.20, 0.00) to (-5.92, 6.17, 0.78). The costmap cannot raytrace for it.
[controller_server-4] [WARN] [1790891842.126432910] [local_costmap.local_costmap]: Sensor origin at (-8.00, 4.19 -0.13) is out of map bounds (-9.85, 2.20, 0.00) to (-5.87, 6.17, 0.78). The costmap cannot raytrace for it.
[controller_server-4] [WARN] [1790891842.326428692] [local_costmap.local_costmap]: Sensor origin at (-7.94, 4.19 -0.13) is out of map bounds (-9.80, 2.20, 0.00) to (-5.82, 6.17, 0.78). The costmap cannot raytrace for it.
[controller_server-4] [WARN] [1790891842.526450214] [local_costmap.local_costmap]: Sensor origin at (-7.92, 4.19 -0.14) is out of map bounds (-9.75, 2.20, 0.00) to (-5.77, 6.17, 0.78). The costmap cannot raytrace for it.
[controller_server-4] [WARN] [1790891842.726449971] [local_costmap.local_costmap]: Sensor origin at (-7.87, 4.19 -0.13) is out of map bounds (-9.75, 2.20, 0.00) to (-5.77, 6.17, 0.78). The costmap cannot raytrace for it.
[controller_server-4] [WARN] [1790891842.926477841] [local_costmap.local_costmap]: Sensor origin at (-7.83, 4.19 -0.14) is out of map bounds (-9.70, 2.20, 0.00) to (-5.72, 6.17, 0.78). The costmap cannot raytrace for it.
[controller_server-4] [WARN] [1790891843.126463168] [local_costmap.local_costmap]: Sensor origin at (-7.77, 4.20 -0.13) is out of map bounds (-9.65, 2.20, 0.00) to (-5.67, 6.17, 0.78). The costmap cannot raytrace for it.
[controller_server-4] [WARN] [1790891843.326468752] [local_costmap.local_costmap]: Sensor origin at (-7.75, 4.19 -0.14) is out of map bounds (-9.60, 2.20, 0.00) to (-5.62, 6.17, 0.78). The costmap cannot raytrace for it.
[controller_server-4] [WARN] [1790891843.526471393] [local_costmap.local_costmap]: Sensor origin at (-7.72, 4.19 -0.13) is out of map bounds (-9.50, 2.20, 0.00) to (-5.52, 6.17, 0.78). The costmap cannot raytrace for it.
[controller_server-4] [WARN] [1790891843.726430912] [local_costmap.local_costmap]: Sensor origin at (-7.64, 4.19 -0.13) is out of map bounds (-9.45, 2.20, 0.00) to (-5.47, 6.17, 0.78). The costmap cannot raytrace for it.
[controller_server-4] [WARN] [1790891843.926438355] [local_costmap.local_costmap]: Sensor origin at (-7.62, 4.19 -0.14) is out of map bounds (-9.40, 2.20, 0.00) to (-5.42, 6.17, 0.78). The costmap cannot raytrace for it.
[controller_server-4] [WARN] [1790891844.126432487] [local_costmap.local_costmap]: Sensor origin at (-7.52, 4.19 -0.12) is out of map bounds (-9.35, 2.20, 0.00) to (-5.37, 6.17, 0.78). The costmap cannot raytrace for it.
[controller_server-4] [WARN] [1790891844.326505261] [local_costmap.local_costmap]: Sensor origin at (-7.49, 4.20 -0.12) is out of map bounds (-9.35, 2.20, 0.00) to (-5.37, 6.17, 0.78). The costmap cannot raytrace for it.
[controller_server-4] [WARN] [1790891844.526425109] [local_costmap.local_costmap]: Sensor origin at (-7.43, 4.20 -0.12) is out of map bounds (-9.30, 2.20, 0.00) to (-5.32, 6.17, 0.78). The costmap cannot raytrace for it.
[controller_server-4] [WARN] [1790891844.726421491] [local_costmap.local_costmap]: Sensor origin at (-7.36, 4.19 -0.12) is out of map bounds (-9.25, 2.20, 0.00) to (-5.27, 6.17, 0.78). The costmap cannot raytrace for it.
[controller_server-4] [WARN] [1790891844.926444592] [local_costmap.local_costmap]: Sensor origin at (-7.34, 4.19 -0.12) is out of map bounds (-9.20, 2.20, 0.00) to (-5.22, 6.17, 0.78). The costmap cannot raytrace for it.
[controller_server-4] [WARN] [1790891845.126447661] [local_costmap.local_costmap]: Sensor origin at (-7.31, 4.19 -0.12) is out of map bounds (-9.20, 2.20, 0.00) to (-5.22, 6.17, 0.78). The costmap cannot raytrace for it.
[smoother_server-3] [INFO] [1790891845.291737370] [smoother_server]: Received a path to smooth.
[controller_server-4] [WARN] [1790891845.311521951] [controller_server]: [follow_path] [ActionServer] Aborting handle.
[controller_server-4] [WARN] [1790891845.326439734] [local_costmap.local_costmap]: Sensor origin at (-7.26, 4.20 -0.09) is out of map bounds (-9.10, 2.20, 0.00) to (-5.12, 6.17, 0.78). The costmap cannot raytrace for it.
[controller_server-4] [INFO] [1790891845.382670707] [controller_server]: Passing new path to controller.
[controller_server-4] [WARN] [1790891845.526424120] [local_costmap.local_costmap]: Sensor origin at (-7.24, 4.20 -0.09) is out of map bounds (-9.05, 2.20, 0.00) to (-5.07, 6.17, 0.78). The costmap cannot raytrace for it.
[controller_server-4] [WARN] [1790891845.726425798] [local_costmap.local_costmap]: Sensor origin at (-7.17, 4.21 -0.08) is out of map bounds (-9.00, 2.20, 0.00) to (-5.02, 6.17, 0.78). The costmap cannot raytrace for it.
[controller_server-4] [WARN] [1790891845.926431244] [local_costmap.local_costmap]: Sensor origin at (-7.13, 4.21 -0.10) is out of map bounds (-8.95, 2.20, 0.00) to (-4.97, 6.17, 0.78). The costmap cannot raytrace for it.
[controller_server-4] [WARN] [1790891846.126444618] [local_costmap.local_costmap]: Sensor origin at (-7.03, 4.22 -0.09) is out of map bounds (-8.90, 2.20, 0.00) to (-4.92, 6.17, 0.78). The costmap cannot raytrace for it.
[controller_server-4] [WARN] [1790891846.326442936] [local_costmap.local_costmap]: Sensor origin at (-7.01, 4.22 -0.09) is out of map bounds (-8.85, 2.20, 0.00) to (-4.87, 6.17, 0.78). The costmap cannot raytrace for it.
[controller_server-4] [WARN] [1790891846.526447620] [local_costmap.local_costmap]: Sensor origin at (-6.93, 4.22 -0.09) is out of map bounds (-8.80, 2.20, 0.00) to (-4.82, 6.17, 0.78). The costmap cannot raytrace for it.
[controller_server-4] [WARN] [1790891846.726439989] [local_costmap.local_costmap]: Sensor origin at (-6.91, 4.22 -0.08) is out of map bounds (-8.75, 2.20, 0.00) to (-4.77, 6.17, 0.78). The costmap cannot raytrace for it.
[controller_server-4] [WARN] [1790891846.926434607] [local_costmap.local_costmap]: Sensor origin at (-6.86, 4.22 -0.08) is out of map bounds (-8.75, 2.20, 0.00) to (-4.77, 6.17, 0.78). The costmap cannot raytrace for it.
[controller_server-4] [WARN] [1790891847.126431382] [local_costmap.local_costmap]: Sensor origin at (-6.84, 4.23 -0.08) is out of map bounds (-8.70, 2.20, 0.00) to (-4.72, 6.17, 0.78). The costmap cannot raytrace for it.
[controller_server-4] [WARN] [1790891847.326534771] [local_costmap.local_costmap]: Sensor origin at (-6.77, 4.24 -0.08) is out of map bounds (-8.65, 2.20, 0.00) to (-4.67, 6.17, 0.78). The costmap cannot raytrace for it.
[controller_server-4] [WARN] [1790891847.526439736] [local_costmap.local_costmap]: Sensor origin at (-6.73, 4.24 -0.07) is out of map bounds (-8.60, 2.20, 0.00) to (-4.62, 6.17, 0.78). The costmap cannot raytrace for it.
[controller_server-4] [WARN] [1790891847.726424750] [local_costmap.local_costmap]: Sensor origin at (-6.71, 4.24 -0.06) is out of map bounds (-8.50, 2.20, 0.00) to (-4.52, 6.17, 0.78). The costmap cannot raytrace for it.
[controller_server-4] [WARN] [1790891847.926431466] [local_costmap.local_costmap]: Sensor origin at (-6.68, 4.23 -0.06) is out of map bounds (-8.45, 2.20, 0.00) to (-4.47, 6.17, 0.78). The costmap cannot raytrace for it.
[controller_server-4] [WARN] [1790891848.126442877] [local_costmap.local_costmap]: Sensor origin at (-6.59, 4.23 -0.05) is out of map bounds (-8.40, 2.20, 0.00) to (-4.42, 6.17, 0.78). The costmap cannot raytrace for it.
[controller_server-4] [WARN] [1790891848.326423146] [local_costmap.local_costmap]: Sensor origin at (-6.55, 4.23 -0.05) is out of map bounds (-8.40, 2.20, 0.00) to (-4.42, 6.17, 0.78). The costmap cannot raytrace for it.
[controller_server-4] [WARN] [1790891848.526447542] [local_costmap.local_costmap]: Sensor origin at (-6.48, 4.23 -0.04) is out of map bounds (-8.35, 2.20, 0.00) to (-4.37, 6.17, 0.78). The costmap cannot raytrace for it.
[controller_server-4] [WARN] [1790891848.726437959] [local_costmap.local_costmap]: Sensor origin at (-6.42, 4.23 -0.04) is out of map bounds (-8.30, 2.20, 0.00) to (-4.32, 6.17, 0.78). The costmap cannot raytrace for it.
[controller_server-4] [WARN] [1790891848.926431283] [local_costmap.local_costmap]: Sensor origin at (-6.40, 4.23 -0.04) is out of map bounds (-8.25, 2.20, 0.00) to (-4.27, 6.17, 0.78). The costmap cannot raytrace for it.
[controller_server-4] [WARN] [1790891849.126422542] [local_costmap.local_costmap]: Sensor origin at (-6.34, 4.23 -0.06) is out of map bounds (-8.20, 2.20, 0.00) to (-4.22, 6.17, 0.78). The costmap cannot raytrace for it.
[controller_server-4] [WARN] [1790891849.326440339] [local_costmap.local_costmap]: Sensor origin at (-6.32, 4.23 -0.05) is out of map bounds (-8.10, 2.20, 0.00) to (-4.12, 6.17, 0.78). The costmap cannot raytrace for it.
[controller_server-4] [WARN] [1790891849.526464432] [local_costmap.local_costmap]: Sensor origin at (-6.24, 4.23 -0.03) is out of map bounds (-8.10, 2.20, 0.00) to (-4.12, 6.17, 0.78). The costmap cannot raytrace for it.
[controller_server-4] [WARN] [1790891849.726454251] [local_costmap.local_costmap]: Sensor origin at (-6.20, 4.23 -0.02) is out of map bounds (-8.05, 2.20, 0.00) to (-4.07, 6.17, 0.78). The costmap cannot raytrace for it.
[controller_server-4] [WARN] [1790891849.926465655] [local_costmap.local_costmap]: Sensor origin at (-6.15, 4.22 -0.00) is out of map bounds (-8.00, 2.20, 0.00) to (-4.02, 6.17, 0.78). The costmap cannot raytrace for it.
[path_follower-12] [WARN] [1790891850.337619124] [path_follower]: plano CRU descartado — segurança exige /plan_smoothed; aguardando o suavizador
[smoother_server-3] [INFO] [1790891850.341706281] [smoother_server]: Received a path to smooth.
[controller_server-4] [WARN] [1790891850.361702657] [controller_server]: [follow_path] [ActionServer] Aborting handle.
[controller_server-4] [INFO] [1790891850.382663970] [controller_server]: Passing new path to controller.
[controller_server-4] [WARN] [1790891850.926435021] [local_costmap.local_costmap]: Sensor origin at (-5.90, 4.21 -0.00) is out of map bounds (-7.80, 2.20, 0.00) to (-3.82, 6.17, 0.78). The costmap cannot raytrace for it.
[controller_server-4] [WARN] [1790891851.126431676] [local_costmap.local_costmap]: Sensor origin at (-5.88, 4.21 -0.01) is out of map bounds (-7.75, 2.20, 0.00) to (-3.77, 6.17, 0.78). The costmap cannot raytrace for it.
[controller_server-4] [WARN] [1790891851.326440300] [local_costmap.local_costmap]: Sensor origin at (-5.84, 4.21 -0.02) is out of map bounds (-7.70, 2.20, 0.00) to (-3.72, 6.17, 0.78). The costmap cannot raytrace for it.
[controller_server-4] [WARN] [1790891851.526443786] [local_costmap.local_costmap]: Sensor origin at (-5.79, 4.21 -0.03) is out of map bounds (-7.65, 2.20, 0.00) to (-3.67, 6.17, 0.78). The costmap cannot raytrace for it.
[controller_server-4] [WARN] [1790891851.726451364] [local_costmap.local_costmap]: Sensor origin at (-5.76, 4.21 -0.03) is out of map bounds (-7.60, 2.20, 0.00) to (-3.62, 6.17, 0.78). The costmap cannot raytrace for it.
[controller_server-4] [WARN] [1790891851.926440800] [local_costmap.local_costmap]: Sensor origin at (-5.69, 4.21 -0.05) is out of map bounds (-7.55, 2.20, 0.00) to (-3.57, 6.17, 0.78). The costmap cannot raytrace for it.
[controller_server-4] [WARN] [1790891852.126431945] [local_costmap.local_costmap]: Sensor origin at (-5.67, 4.21 -0.05) is out of map bounds (-7.50, 2.20, 0.00) to (-3.52, 6.17, 0.78). The costmap cannot raytrace for it.
[controller_server-4] [WARN] [1790891852.326429658] [local_costmap.local_costmap]: Sensor origin at (-5.58, 4.22 -0.03) is out of map bounds (-7.40, 2.20, 0.00) to (-3.42, 6.17, 0.78). The costmap cannot raytrace for it.
[controller_server-4] [WARN] [1790891852.526482449] [local_costmap.local_costmap]: Sensor origin at (-5.53, 4.23 -0.01) is out of map bounds (-7.40, 2.20, 0.00) to (-3.42, 6.17, 0.78). The costmap cannot raytrace for it.
[controller_server-4] [WARN] [1790891852.726436360] [local_costmap.local_costmap]: Sensor origin at (-5.50, 4.23 -0.00) is out of map bounds (-7.35, 2.20, 0.00) to (-3.37, 6.17, 0.78). The costmap cannot raytrace for it.
[controller_server-4] [WARN] [1790891852.926430548] [local_costmap.local_costmap]: Sensor origin at (-5.42, 4.23 -0.01) is out of map bounds (-7.30, 2.20, 0.00) to (-3.32, 6.17, 0.78). The costmap cannot raytrace for it.
[controller_server-4] [WARN] [1790891853.126434327] [local_costmap.local_costmap]: Sensor origin at (-5.39, 4.22 -0.02) is out of map bounds (-7.25, 2.20, 0.00) to (-3.27, 6.17, 0.78). The costmap cannot raytrace for it.
[controller_server-4] [WARN] [1790891853.326457443] [local_costmap.local_costmap]: Sensor origin at (-5.36, 4.21 -0.03) is out of map bounds (-7.20, 2.20, 0.00) to (-3.22, 6.17, 0.78). The costmap cannot raytrace for it.
[controller_server-4] [WARN] [1790891853.526498300] [local_costmap.local_costmap]: Sensor origin at (-5.31, 4.22 -0.04) is out of map bounds (-7.15, 2.20, 0.00) to (-3.17, 6.17, 0.78). The costmap cannot raytrace for it.
[controller_server-4] [WARN] [1790891853.726465241] [local_costmap.local_costmap]: Sensor origin at (-5.24, 4.22 -0.06) is out of map bounds (-7.05, 2.20, 0.00) to (-3.07, 6.17, 0.78). The costmap cannot raytrace for it.
[controller_server-4] [WARN] [1790891853.926452837] [local_costmap.local_costmap]: Sensor origin at (-5.19, 4.21 -0.05) is out of map bounds (-7.00, 2.20, 0.00) to (-3.02, 6.17, 0.78). The costmap cannot raytrace for it.
[controller_server-4] [WARN] [1790891854.126460599] [local_costmap.local_costmap]: Sensor origin at (-5.16, 4.21 -0.05) is out of map bounds (-6.95, 2.20, 0.00) to (-2.97, 6.17, 0.78). The costmap cannot raytrace for it.
[controller_server-4] [WARN] [1790891854.326443848] [local_costmap.local_costmap]: Sensor origin at (-5.06, 4.20 -0.03) is out of map bounds (-6.95, 2.20, 0.00) to (-2.97, 6.17, 0.78). The costmap cannot raytrace for it.
[controller_server-4] [WARN] [1790891854.526468656] [local_costmap.local_costmap]: Sensor origin at (-5.03, 4.20 -0.02) is out of map bounds (-6.90, 2.20, 0.00) to (-2.92, 6.17, 0.78). The costmap cannot raytrace for it.
[controller_server-4] [WARN] [1790891854.726434160] [local_costmap.local_costmap]: Sensor origin at (-4.99, 4.20 -0.01) is out of map bounds (-6.85, 2.20, 0.00) to (-2.87, 6.17, 0.78). The costmap cannot raytrace for it.
[controller_server-4] [WARN] [1790891854.926436791] [local_costmap.local_costmap]: Sensor origin at (-4.95, 4.21 -0.00) is out of map bounds (-6.80, 2.20, 0.00) to (-2.82, 6.17, 0.78). The costmap cannot raytrace for it.
[smoother_server-3] [INFO] [1790891855.391968442] [smoother_server]: Received a path to smooth.
[controller_server-4] [WARN] [1790891855.411691232] [controller_server]: [follow_path] [ActionServer] Aborting handle.
[controller_server-4] [INFO] [1790891855.582637430] [controller_server]: Passing new path to controller.
[path_follower-12] [WARN] [1790891860.436798995] [path_follower]: plano CRU descartado — segurança exige /plan_smoothed; aguardando o suavizador
[smoother_server-3] [INFO] [1790891860.441747853] [smoother_server]: Received a path to smooth.
[controller_server-4] [WARN] [1790891860.461624342] [controller_server]: [follow_path] [ActionServer] Aborting handle.
[controller_server-4] [INFO] [1790891860.582635801] [controller_server]: Passing new path to controller.
[path_follower-12] [INFO] [1790891861.625637701] [path_follower]: 6134 amostras -> /home/bara/logs_robo2/seguidor_2026-10-01_185111.csv
                                                                                                                                                                                                                                                                                                                                                                                                                                                                                                                                                                                                                                                                                                                                                                                                                                                                                                                                                                                                                                                                                                                                                                                                                                                                                                                                                                                                                                                                                                                                                                                                                                                                                                                                                                                                                                                                                                                                                                                                                                                                                                                                                                                                                                                                                                                                                                                                                                                                                                                                                                                                                                                                                                                                                                                                                                                                             