t,estado,x,y,rumo,rumo_alvo,erro_rumo,v_alvo,dist,raio_curva,desvio_lateral
1787083666.65,seguindo,0.0285,-0.047,0.0278,-0.4427,-0.4705,0.5,16.7123,inf,0.0251
1787083666.685,seguindo,0.0284,-0.045,0.0285,-0.4473,-0.4757,0.5,16.7105,inf,0.0269
1787083666.735,seguindo,0.0284,-0.045,0.0285,-0.4473,-0.4757,0.5,16.7105,inf,0.0269
1787083666.785,seguindo,0.0305,-0.0464,0.0298,-0.4465,-0.4762,0.5,16.7109,inf,0.0263
1787083666.835,seguindo,0.0305,-0.0464,0.0298,-0.4465,-0.4762,0.5,16.7109,inf,0.0263
1787083666.885,seguindo,0.0294,-0.0448,0.0281,-0.4492,-0.4773,0.5,16.7099,inf,0.0275
1787083666.935,seguindo,0.0294,-0.0448,0.0281,-0.4492,-0.4773,0.5,16.7099,inf,0.0275
1787083666.985,seguindo,0.03,-0.0459,0.0281,-0.4471,-0.4752,0.5,16.7107,inf,0.0266
1787083667.035,seguindo,0.03,-0.0459,0.0281,-0.4471,-0.4752,0.5,16.7107,inf,0.0266
1787083667.085,seguindo,0.028,-0.0478,0.0269,-0.4399,-0.4668,0.5,16.7132,inf,0.0241
1787083667.135,seguindo,0.028,-0.0478,0.0269,-0.4399,-0.4668,0.5,16.7132,inf,0.0241
1787083667.185,seguindo,0.0331,-0.0457,0.0125,-0.4513,-0.4638,0.5,16.7093,inf,0.0278
1787083667.235,seguindo,0.0331,-0.0457,0.0125,-0.4513,-0.4638,0.5,16.7093,inf,0.0278
1787083667.285,seguindo,0.045,-0.0483,-0.0211,-0.4291,-0.408,0.5,16.7069,inf,0.0294
1787083667.335,seguindo,0.045,-0.0483,-0.0211,-0.4291,-0.408,0.5,16.7069,inf,0.0294
1787083667.385,seguindo,0.0622,-0.0539,-0.0616,-0.4344,-0.3728,0.5,16.7052,inf,0.0298
1787083667.435,seguindo,0.0622,-0.0539,-0.0616,-0.4344,-0.3728,0.5,16.7052,inf,0.0298
1787083667.485,seguindo,0.0867,-0.0586,-0.1063,-0.4516,-0.3453,0.5,16.6997,inf,0.0343
1787083667.535,seguindo,0.0867,-0.0586,-0.1063,-0.4516,-0.3453,0.5,16.6997,inf,0.0343
1787083667.585,seguindo,0.1125,-0.0607,-0.1497,-0.1904,-0.0407,0.5,16.6914,1.0521,0.0417
1787083667.635,seguindo,0.1125,-0.0607,-0.1497,-0.1904,-0.0407,0.5,16.6914,1.0521,0.0417
1787083667.704,seguindo,0.1442,-0.0655,-0.1978,-0.1688,0.029,0.5,16.6833,0.6482,-0.0124
1787083667.735,seguindo,0.1442,-0.0655,-0.1978,-0.1688,0.029,0.5,16.6833,0.6482,-0.0124
1787083667.785,seguindo,0.1784,-0.0729,-0.2445,-0.1672,0.0773,0.5,16.6766,0.6482,0.0058
1787083667.835,seguindo,0.1784,-0.0729,-0.2445,-0.1672,0.0773,0.5,16.6766,0.6482,0.0058
1787083667.885,seguindo,0.2115,-0.0841,-0.2874,-0.1512,0.1362,0.5,16.674,0.6784,0.0163
1787083667.935,seguindo,0.2115,-0.0841,-0.2874,-0.1512,0.1362,0.5,16.674,0.6784,0.0163
1787083667.985,seguindo,0.2423,-0.0937,-0.3302,-0.1463,0.1839,0.5,16.6708,0.6784,0.026
1787083668.035,seguindo,0.2423,-0.0937,-0.3302,-0.1463,0.1839,0.5,16.6708,0.6784,0.026
1787083668.085,seguindo,0.2694,-0.1046,-0.3671,-0.1298,0.2373,0.5,16.6703,0.7943,0.0322
1787083668.135,seguindo,0.2694,-0.1046,-0.3671,-0.1298,0.2373,0.5,16.6703,0.7943,0.0322
1787083668.185,seguindo,0.2964,-0.1161,-0.4057,-0.1217,0.284,0.5,16.6705,0.7943,0.0364
1787083668.235,seguindo,0.2964,-0.1161,-0.4057,-0.1217,0.284,0.5,16.6705,0.7943,0.0364
1787083668.285,seguindo,0.3213,-0.1247,-0.4403,-0.0961,0.3442,0.5,16.6712,0.9989,0.0392
1787083668.335,seguindo,0.3213,-0.1247,-0.4403,-0.0961,0.3442,0.5,16.6712,0.9989,0.0392
1787083668.385,seguindo,0.3461,-0.1369,-0.4728,-0.086,0.3869,0.5,16.6733,0.9989,0.0388
1787083668.435,seguindo,0.3461,-0.1369,-0.4728,-0.086,0.3869,0.5,16.6733,0.9989,0.0388
1787083668.485,seguindo,0.3691,-0.1532,-0.4961,-0.0645,0.4316,0.5,16.6798,1.2647,0.0334
1787083668.535,seguindo,0.3691,-0.1532,-0.4961,-0.0645,0.4316,0.5,16.6798,1.2647,0.0334
1787083668.585,seguindo,0.3913,-0.1659,-0.5207,-0.0529,0.4678,0.5,16.6834,1.2647,0.0286
1787083668.636,seguindo,0.3913,-0.1659,-0.5207,-0.0529,0.4678,0.5,16.6834,1.2647,0.0286
1787083668.685,seguindo,0.4126,-0.1775,-0.5441,-0.037,0.5071,0.5,16.6862,1.5278,0.0244
1787083668.743,seguindo,0.4126,-0.1775,-0.5441,-0.0593,0.4848,0.5,16.6862,0.6867,-0.0157
1787083668.785,seguindo,0.4391,-0.1895,-0.5627,-0.0451,0.5176,0.5,16.6876,0.8109,-0.0145
1787083668.835,seguindo,0.4391,-0.1895,-0.5627,-0.0387,0.524,0.5,16.6887,0.8109,-0.0152
1787083668.885,seguindo,0.4606,-0.208,-0.5871,-0.021,0.5661,0.5,16.6981,0.8109,-0.0229
1787083668.935,seguindo,0.4606,-0.208,-0.5871,-0.021,0.5661,0.5,16.6981,0.8109,-0.0229
1787083668.985,seguindo,0.4844,-0.2244,-0.6027,-0.0031,0.5996,0.5,16.7047,1.089,-0.0283
1787083669.035,seguindo,0.4844,-0.2244,-0.6027,-0.0031,0.5996,0.5,16.7047,1.089,-0.0283
1787083669.085,seguindo,0.5064,-0.2436,-0.6203,0.016,0.6363,0.5,16.7148,1.089,-0.0385
1787083669.135,seguindo,0.5064,-0.2436,-0.6203,0.016,0.6363,0.5,16.7148,1.089,-0.0385
1787083669.185,seguindo,0.5257,-0.2609,-0.6304,0.0337,0.6641,0.5,16.724,1.6067,-0.0488
1787083669.235,seguindo,0.5257,-0.2609,-0.6304,0.0337,0.6641,0.5,16.724,1.6067,-0.0488
1787083669.285,seguindo,0.546,-0.2793,-0.6407,0.0524,0.6931,0.5,16.7339,1.6067,-0.0604
1787083669.335,seguindo,0.546,-0.2793,-0.6407,0.0524,0.6931,0.5,16.7339,1.6067,-0.0604
1787083669.385,seguindo,0.5657,-0.2966,-0.6479,0.0709,0.7187,0.5,16.7431,1.6067,-0.073
1787083669.435,seguindo,0.5657,-0.2966,-0.6479,0.0709,0.7187,0.5,16.7431,1.6067,-0.073
1787083669.485,seguindo,0.5867,-0.3089,-0.651,0.0823,0.7333,0.5,16.7471,2.5362,-0.0804
1787083669.535,seguindo,0.5867,-0.3089,-0.651,0.0823,0.7333,0.5,16.7471,2.5362,-0.0804
1787083669.586,seguindo,0.6088,-0.3222,-0.6518,0.0973,0.7492,0.5,16.7518,2.5362,-0.0901
1787083669.635,seguindo,0.6088,-0.3222,-0.6518,0.0973,0.7492,0.5,16.7518,2.5362,-0.0901
1787083669.685,seguindo,0.6331,-0.3365,-0.6504,0.1105,0.7608,0.5,16.7567,4.2043,-0.101
1787083669.735,seguindo,0.6331,-0.3365,-0.6504,0.1139,0.7643,0.5,16.7599,4.2043,-0.1017
1787083669.785,seguindo,0.6528,-0.3501,-0.6486,0.1293,0.7778,0.5,16.7659,4.2043,-0.1126
1787083669.835,seguindo,0.6528,-0.3501,-0.6486,0.1293,0.7778,0.5,16.7659,4.2043,-0.1126
1787083669.885,seguindo,0.6733,-0.366,-0.6438,0.1475,0.7913,0.5,16.7737,4.2043,-0.1267
1787083669.936,seguindo,0.6733,-0.366,-0.6438,0.1475,0.7913,0.5,16.7737,4.2043,-0.1267
1787083669.985,seguindo,0.6939,-0.3815,-0.6374,0.1604,0.7978,0.5,16.7813,7.2293,-0.1408
1787083670.036,seguindo,0.6939,-0.3815,-0.6374,0.1604,0.7978,0.5,16.7813,7.2293,-0.1408
1787083670.085,seguindo,0.7133,-0.3962,-0.6244,0.1776,0.8019,0.5,16.7884,7.2293,-0.1541
1787083670.136,seguindo,0.7133,-0.3962,-0.6244,0.1776,0.8019,0.5,16.7884,7.2293,-0.1541
1787083670.185,seguindo,0.7303,-0.4122,-0.6143,0.1962,0.8105,0.5,16.7977,7.2293,-0.1696
1787083670.235,seguindo,0.7303,-0.4122,-0.6143,0.1962,0.8105,0.5,16.7977,7.2293,-0.1696
1787083670.285,seguindo,0.7507,-0.4244,-0.6036,0.2048,0.8084,0.5,16.8022,12.7846,-0.1813
1787083670.336,seguindo,0.7507,-0.4244,-0.6036,0.2048,0.8084,0.5,16.8022,12.7846,-0.1813
1787083670.385,seguindo,0.767,-0.4376,-0.5919,0.2207,0.8125,0.5,16.8092,12.7846,-0.1941
1787083670.436,seguindo,0.767,-0.4376,-0.5919,0.2207,0.8125,0.5,16.8092,12.7846,-0.1941
1787083670.485,seguindo,0.7841,-0.4474,-0.5764,0.2338,0.8102,0.5,16.8127,12.7846,-0.2039
1787083670.535,seguindo,0.7841,-0.4474,-0.5764,0.2338,0.8102,0.5,16.8127,12.7846,-0.2039
1787083670.585,seguindo,0.803,-0.4597,-0.5697,0.2344,0.8041,0.5,16.8179,23.1027,-0.2161
1787083670.635,seguindo,0.803,-0.4597,-0.5697,0.2344,0.8041,0.5,16.8179,23.1027,-0.2161
1787083670.685,seguindo,0.8241,-0.4694,-0.5674,0.2477,0.8151,0.5,16.82,23.1027,-0.2258
1787083670.735,seguindo,0.8241,-0.4694,-0.5674,0.2477,0.8151,0.5,16.82,23.1027,-0.2258
1787083676.845,seguindo,0.8773,-0.497,-0.6794,0.2042,0.8836,0.5,16.7132,1.0991,0.0235
1787083676.885,seguindo,0.8773,-0.4969,-0.6811,0.2041,0.8852,0.5,16.7131,1.0991,0.0236
1787083676.935,seguindo,0.8773,-0.4969,-0.6811,0.2041,0.8852,0.5,16.7131,1.0991,0.0236
1787083676.985,seguindo,0.8789,-0.4993,-0.6799,0.2068,0.8867,0.5,16.7146,1.0991,0.0207
1787083677.035,seguindo,0.8789,-0.4993,-0.6799,0.2068,0.8867,0.5,16.7146,1.0991,0.0207
1787083677.085,seguindo,0.8784,-0.4991,-0.6827,0.2065,0.8892,0.5,16.7146,1.0991,0.0212
1787083677.135,seguindo,0.8784,-0.4991,-0.6827,0.2065,0.8892,0.5,16.7146,1.0991,0.0212
1787083677.185,seguindo,0.8783,-0.5015,-0.6821,0.2088,0.8909,0.5,16.7168,1.0991,0.0195
1787083677.235,seguindo,0.8783,-0.5015,-0.6821,0.2088,0.8909,0.5,16.7168,1.0991,0.0195
1787083677.285,seguindo,0.8792,-0.5004,-0.6797,0.2079,0.8876,0.5,16.7155,1.0991,0.0197
1787083677.335,seguindo,0.8792,-0.5004,-0.6797,0.2079,0.8876,0.5,16.7155,1.0991,0.0197
1787083677.385,seguindo,0.8837,-0.5056,-0.6707,0.214,0.8847,0.5,16.7184,1.0991,0.0128
1787083677.435,seguindo,0.8837,-0.5056,-0.6707,0.214,0.8847,0.5,16.7184,1.0991,0.0128
1787083677.485,seguindo,0.8908,-0.5072,-0.6506,0.2171,0.8678,0.5,16.7169,1.0991,0.0074
1787083677.535,seguindo,0.8908,-0.5072,-0.6506,0.2171,0.8678,0.5,16.7169,1.0991,0.0074
1787083677.585,seguindo,0.8987,-0.5116,-0.625,0.2233,0.8483,0.5,16.7176,1.0991,-0.0004
1787083677.636,seguindo,0.8987,-0.5116,-0.625,0.2233,0.8483,0.5,16.7176,1.0991,-0.0004
1787083677.685,seguindo,0.9123,-0.5234,-0.5997,0.2383,0.838,0.5,16.7228,1.0991,-0.0175
1787083677.735,seguindo,0.9123,-0.5234,-0.5997,0.2383,0.838,0.5,16.7228,1.0991,-0.0175
1787083677.785,seguindo,0.9276,-0.5373,-0.5674,0.2562,0.8236,0.5,16.7292,1.0991,-0.0373
1787083677.835,seguindo,0.9276,-0.5373,-0.5674,0.2562,0.8236,0.5,16.7292,1.0991,-0.0373
1787083677.888,seguindo,0.9416,-0.5545,-0.5349,0.5439,1.0788,0.5,16.7391,inf,0.0088
1787083677.935,seguindo,0.9416,-0.5545,-0.5349,0.5439,1.0788,0.5,16.7391,inf,0.0088
1787083677.986,seguindo,0.9579,-0.5689,-0.5036,0.5952,1.0987,0.5,16.7456,inf,-0.0127
1787083678.035,seguindo,0.9579,-0.5689,-0.5036,0.5952,1.0987,0.5,16.7456,inf,-0.0127
1787083678.085,seguindo,0.9751,-0.5793,-0.4677,0.6414,1.1091,0.5,16.7481,inf,-0.0318
1787083678.135,seguindo,0.9751,-0.5793,-0.4677,0.6414,1.1091,0.5,16.7481,inf,-0.0318
1787083678.185,seguindo,0.9895,-0.591,-0.4286,0.6871,1.1157,0.5,16.753,inf,-0.0499
1787083678.235,seguindo,0.9895,-0.591,-0.4286,0.6871,1.1157,0.5,16.753,inf,-0.0499
1787083678.285,seguindo,1.008,-0.6002,-0.3935,0.7362,1.1298,0.5,16.7539,inf,-0.0688
1787083678.335,seguindo,1.008,-0.6002,-0.3935,0.7362,1.1298,0.5,16.7539,inf,-0.0688
1787083678.385,seguindo,1.021,-0.6081,-0.3507,0.7183,1.069,0.5,16.7558,inf,-0.0832
1787083678.435,seguindo,1.021,-0.6081,-0.3507,0.7183,1.069,0.5,16.7558,inf,-0.0832
1787083678.485,seguindo,1.0361,-0.6143,-0.2995,0.753,1.0525,0.5,16.7554,inf,-0.0976
1787083678.535,seguindo,1.0361,-0.6143,-0.2995,0.753,1.0525,0.5,16.7554,inf,-0.0976
1787083678.585,seguindo,1.0519,-0.6155,-0.2434,0.7815,1.0249,0.5,16.7502,inf,-0.1086
1787083678.635,seguindo,1.0519,-0.6155,-0.2434,0.7815,1.0249,0.5,16.7502,inf,-0.1086
1787083678.685,seguindo,1.0641,-0.6158,-0.1787,0.8035,0.9822,0.5,16.7456,inf,-0.1167
1787083678.735,seguindo,1.0641,-0.6158,-0.1787,0.8087,0.9874,0.5,16.7463,inf,-0.122
1787083678.785,seguindo,1.0805,-0.6215,-0.1089,0.8487,0.9576,0.5,16.7447,inf,-0.1366
1787083678.835,seguindo,1.0805,-0.6215,-0.1089,0.8487,0.9576,0.5,16.7447,inf,-0.1366
1787083678.885,seguindo,1.0909,-0.624,-0.0292,0.873,0.9022,0.5,16.7427,inf,-0.145
1787083678.943,seguindo,1.0909,-0.624,-0.0292,0.873,0.9022,0.5,16.7427,inf,-0.145
1787083678.985,seguindo,1.1006,-0.6259,0.0531,0.7231,0.67,0.5,16.7406,inf,-0.0163
1787083679.035,seguindo,1.1006,-0.6259,0.0531,0.7231,0.67,0.5,16.7406,inf,-0.0163
1787083679.085,seguindo,1.11,-0.6255,0.1374,0.7382,0.6008,0.5,16.7363,inf,-0.0222
1787083679.135,seguindo,1.11,-0.6255,0.1374,0.7382,0.6008,0.5,16.7363,inf,-0.0222
1787083679.185,seguindo,1.1208,-0.6256,0.2213,0.7578,0.5366,0.5,16.732,inf,-0.0295
1787083679.235,seguindo,1.1208,-0.6256,0.2213,0.7578,0.5366,0.5,16.732,inf,-0.0295
1787083679.285,seguindo,1.1322,-0.6237,0.3062,0.7937,0.4875,0.5,16.7275,inf,-0.0429
1787083679.335,seguindo,1.1322,-0.6237,0.3062,0.7937,0.4875,0.5,16.7275,inf,-0.0429
1787083679.385,seguindo,1.1434,-0.6204,0.3854,0.7647,0.3793,0.5,16.72,inf,-0.0479
1787083679.435,seguindo,1.1434,-0.6204,0.3854,0.7647,0.3793,0.5,16.72,inf,-0.0479
1787083679.485,seguindo,1.1564,-0.616,0.4646,0.7761,0.3114,0.5,16.7113,inf,-0.0543
1787083679.535,seguindo,1.1564,-0.616,0.4646,0.7761,0.3114,0.5,16.7113,inf,-0.0543
1787083679.585,seguindo,1.1671,-0.6117,0.54,0.7876,0.2475,0.5,16.7031,inf,-0.0582
1787083679.635,seguindo,1.1671,-0.6117,0.54,0.7876,0.2475,0.5,16.7031,inf,-0.0582
1787083679.685,seguindo,1.1812,-0.6061,0.6127,0.8036,0.1908,0.5,16.6922,inf,-0.0632
1787083679.735,seguindo,1.1812,-0.6061,0.6127,0.8036,0.1908,0.5,16.6922,inf,-0.0632
1787083679.785,seguindo,1.1975,-0.5956,0.6768,0.816,0.1392,0.5,16.6759,inf,-0.066
1787083679.835,seguindo,1.1975,-0.5956,0.6768,0.8065,0.1297,0.5,16.6774,inf,-0.0691
1787083679.885,seguindo,1.2114,-0.581,0.7353,0.7421,0.0069,0.5,16.6582,inf,-0.0669
1787083679.935,seguindo,1.2114,-0.581,0.7353,0.7421,0.0069,0.5,16.6582,inf,-0.0669
1787083679.99,seguindo,1.22,-0.569,0.7877,0.5465,-0.2412,0.5,16.6437,inf,0.0091
1787083680.035,seguindo,1.22,-0.569,0.7877,0.5465,-0.2412,0.5,16.6437,inf,0.0091
1787083680.085,seguindo,1.2379,-0.5521,0.8385,0.5319,-0.3066,0.5,16.6208,inf,0.0069
1787083680.135,seguindo,1.2379,-0.5521,0.8385,0.5219,-0.3166,0.5,16.6179,inf,0.0013
1787083680.185,seguindo,1.2565,-0.5352,0.8863,0.4186,-0.4677,0.5,16.5945,inf,0.0036
1787083680.235,seguindo,1.2565,-0.5352,0.8863,0.4186,-0.4677,0.5,16.5945,inf,0.0036
1787083680.285,seguindo,1.2723,-0.5167,0.9278,0.3923,-0.5354,0.5,16.5709,inf,0.0089
1787083680.335,seguindo,1.2723,-0.5167,0.9278,0.3923,-0.5354,0.5,16.5709,inf,0.0089
1787083680.385,seguindo,1.2874,-0.4989,0.9639,0.364,-0.5998,0.5,16.5482,inf,0.0144
1787083680.435,seguindo,1.2874,-0.4989,0.9639,0.367,-0.5968,0.5,16.5479,inf,0.0071
1787083680.485,seguindo,1.3046,-0.477,0.992,0.2873,-0.7047,0.5,16.5206,inf,0.0151
1787083680.535,seguindo,1.3046,-0.477,0.992,0.2873,-0.7047,0.5,16.5206,inf,0.0151
1787083680.585,seguindo,1.3206,-0.4562,1.0099,0.2464,-0.7634,0.5,16.4948,inf,0.0233
1787083680.635,seguindo,1.3206,-0.4562,1.0099,0.2464,-0.7634,0.5,16.4948,inf,0.0233
1787083680.685,seguindo,1.3381,-0.4327,1.0192,0.1672,-0.852,0.5,16.4659,inf,0.0335
1787083680.735,seguindo,1.3381,-0.4327,1.0192,0.1672,-0.852,0.5,16.4659,inf,0.0335
1787083680.785,seguindo,1.3547,-0.4109,1.0153,0.091,-0.9242,0.5,16.4348,inf,0.048
1787083680.835,seguindo,1.3547,-0.4109,1.0153,0.091,-0.9242,0.5,16.4348,inf,0.048
1787083680.885,seguindo,1.3709,-0.3859,1.0091,0.0268,-0.9824,0.5,16.4051,inf,0.0621
1787083680.935,seguindo,1.3709,-0.3859,1.0091,0.0268,-0.9824,0.5,16.4051,inf,0.0621
1787083680.985,seguindo,1.3859,-0.3611,0.9932,-0.0664,-1.0595,0.5,16.3762,0.7281,0.0766
1787083681.039,seguindo,1.3859,-0.3611,0.9932,-0.0126,-1.0058,0.5,16.3762,0.804,0.0212
1787083681.085,seguindo,1.3997,-0.3372,0.9724,-0.0378,-1.0102,0.5,16.3486,0.8958,0.0393
1787083681.135,seguindo,1.3997,-0.3372,0.9724,-0.0378,-1.0102,0.5,16.3486,0.8958,0.0393
1787083681.185,seguindo,1.414,-0.3133,0.9464,-0.0616,-1.0079,0.5,16.3208,0.8958,0.0574
1787083681.235,seguindo,1.414,-0.3133,0.9464,-0.0616,-1.0079,0.5,16.3208,0.8958,0.0574
1787083681.285,seguindo,1.4356,-0.2886,0.9107,-0.0874,-0.9981,0.5,16.2889,0.8958,0.0748
1787083681.335,seguindo,1.4356,-0.2886,0.9107,-0.0874,-0.9981,0.5,16.2889,0.8958,0.0748
1787083681.385,seguindo,1.452,-0.2651,0.8743,-0.1095,-0.9839,0.5,16.2605,1.1262,0.0927
1787083681.435,seguindo,1.452,-0.2651,0.8743,-0.1095,-0.9839,0.5,16.2605,1.1262,0.0927
1787083681.485,seguindo,1.4694,-0.2438,0.8312,-0.132,-0.9632,0.5,16.2335,1.1262,0.1089
1787083681.535,seguindo,1.4694,-0.2438,0.8312,-0.132,-0.9632,0.5,16.2335,1.1262,0.1089
1787083681.585,seguindo,1.4857,-0.2204,0.7869,-0.152,-0.9389,0.5,16.2052,1.5988,0.1281
1787083681.635,seguindo,1.4857,-0.2204,0.7869,-0.152,-0.9389,0.5,16.2052,1.5988,0.1281
1787083681.685,seguindo,1.5052,-0.1998,0.7351,-0.1742,-0.9094,0.5,16.1779,1.5988,0.144
1787083681.735,seguindo,1.5052,-0.1998,0.7351,-0.1742,-0.9094,0.5,16.1779,1.5988,0.144
1787083681.785,seguindo,1.5262,-0.1828,0.6865,-0.1939,-0.8804,0.5,16.1532,1.5988,0.1572
1787083681.835,seguindo,1.5262,-0.1828,0.6865,-0.1939,-0.8804,0.5,16.1532,1.5988,0.1572
1787083681.885,seguindo,1.5512,-0.1658,0.6331,-0.2074,-0.8405,0.5,16.1265,2.6387,0.1704
1787083681.935,seguindo,1.5512,-0.1658,0.6331,-0.2074,-0.8405,0.5,16.1265,2.6387,0.1704
1787083681.985,seguindo,1.5708,-0.1533,0.5751,-0.1699,-0.745,0.5,16.1162,2.6387,0.1523
1787083682.035,seguindo,1.5708,-0.1533,0.5751,-0.1699,-0.745,0.5,16.1162,2.6387,0.1523
1787083682.085,seguindo,1.5939,-0.1387,0.5181,-0.1798,-0.6979,0.5,16.0931,5.5071,0.1644
1787083682.135,seguindo,1.5939,-0.1387,0.5181,-0.1798,-0.6979,0.5,16.0931,5.5071,0.1644
1787083682.185,seguindo,1.6197,-0.1273,0.4581,-0.1953,-0.6534,0.5,16.0719,5.5071,0.1739
1787083682.235,seguindo,1.6197,-0.1273,0.4581,-0.1953,-0.6534,0.5,16.0719,5.5071,0.1739
1787083682.285,seguindo,1.6489,-0.1137,0.3971,-0.2044,-0.6015,0.5,16.0471,16.6053,0.1863
1787083682.335,seguindo,1.6489,-0.1137,0.3971,-0.2044,-0.6015,0.5,16.0471,16.6053,0.1863
1787083682.385,seguindo,1.6727,-0.1009,0.3366,-0.2214,-0.558,0.5,16.0254,16.6053,0.1984
1787083682.435,seguindo,1.6727,-0.1009,0.3366,-0.2214,-0.558,0.5,16.0254,16.6053,0.1984
1787083682.485,seguindo,1.7028,-0.0934,0.278,-0.2238,-0.5018,0.5,16.0058,20.2353,0.206
1787083682.535,seguindo,1.7028,-0.0934,0.278,-0.1947,-0.4727,0.5,16.0081,20.2353,0.1952
1787083682.585,seguindo,1.7318,-0.0912,0.2271,-0.1906,-0.4177,0.5,15.9945,14.594,0.1975
1787083682.635,seguindo,1.7318,-0.0912,0.2271,-0.1906,-0.4177,0.5,15.9945,14.594,0.1975
1787083682.685,seguindo,1.7599,-0.0885,0.1753,-0.1984,-0.3737,0.5,15.9808,14.594,0.2004
1787083682.735,seguindo,1.7599,-0.0885,0.1753,-0.1984,-0.3737,0.5,15.9808,14.594,0.2004
1787083682.785,seguindo,1.7839,-0.0847,0.1228,-0.207,-0.3298,0.5,15.9677,14.594,0.2048
1787083682.835,seguindo,1.7839,-0.0847,0.1228,-0.207,-0.3298,0.5,15.9677,14.594,0.2048
1787083682.885,seguindo,1.8174,-0.0808,0.0735,-0.204,-0.2775,0.5,15.951,14.0235,0.2094
1787083682.935,seguindo,1.8174,-0.0808,0.0735,-0.1352,-0.2087,0.5,15.9704,14.0235,0.1835
1787083682.985,seguindo,1.8487,-0.08,0.0293,-0.1271,-0.1563,0.5,15.9586,12.7379,0.1837
1787083683.035,seguindo,1.8487,-0.08,0.0293,-0.1271,-0.1563,0.5,15.9586,12.7379,0.1837
1787083686.694,seguindo,2.0972,-0.0995,-0.6147,-0.3646,0.2502,0.5,15.8912,inf,-0.0244
1787083686.735,seguindo,2.0972,-0.0995,-0.6147,-0.3646,0.2502,0.5,15.8912,inf,-0.0244
1787083686.785,seguindo,2.0981,-0.1006,-0.6131,-0.363,0.2501,0.5,15.892,inf,-0.0241
1787083686.835,seguindo,2.0981,-0.1006,-0.6131,-0.363,0.2501,0.5,15.892,inf,-0.0241
1787083686.885,seguindo,2.0971,-0.1013,-0.6131,-0.3604,0.2527,0.5,15.8929,inf,-0.0254
1787083686.935,seguindo,2.0971,-0.1013,-0.6131,-0.3604,0.2527,0.5,15.8929,inf,-0.0254
1787083686.985,seguindo,2.0996,-0.1018,-0.6134,-0.3616,0.2518,0.5,15.8928,inf,-0.0236
1787083687.035,seguindo,2.0996,-0.1018,-0.6134,-0.3616,0.2518,0.5,15.8928,inf,-0.0236
1787083687.085,seguindo,2.1006,-0.1027,-0.6124,-0.3602,0.2521,0.5,15.8935,inf,-0.0234
1787083687.135,seguindo,2.1006,-0.1027,-0.6124,-0.3602,0.2521,0.5,15.8935,inf,-0.0234
1787083687.185,seguindo,2.1038,-0.1028,-0.6031,-0.3628,0.2403,0.5,15.8928,inf,-0.0211
1787083687.235,seguindo,2.1038,-0.1028,-0.6031,-0.3628,0.2403,0.5,15.8928,inf,-0.0211
1787083687.285,seguindo,2.1126,-0.1111,-0.5827,-0.3511,0.2316,0.5,15.8987,inf,-0.0237
1787083687.335,seguindo,2.1126,-0.1111,-0.5827,-0.3511,0.2316,0.5,15.8987,inf,-0.0237
1787083687.385,seguindo,2.1243,-0.1204,-0.5655,-0.3388,0.2267,0.5,15.905,inf,-0.0274
1787083687.435,seguindo,2.1243,-0.1204,-0.5655,-0.3388,0.2267,0.5,15.905,inf,-0.0274
1787083687.485,seguindo,2.1446,-0.1273,-0.5507,-0.3017,0.249,0.5,15.9068,inf,-0.0253
1787083687.535,seguindo,2.1446,-0.1273,-0.5507,-0.3017,0.249,0.5,15.9068,inf,-0.0253
1787083687.585,seguindo,2.1624,-0.1422,-0.5388,-0.2786,0.2602,0.5,15.9171,inf,-0.0307
1787083687.635,seguindo,2.1624,-0.1422,-0.5388,-0.2786,0.2602,0.5,15.9171,inf,-0.0307
1787083687.685,seguindo,2.1807,-0.1546,-0.5296,-0.2257,0.3039,0.5,15.9249,inf,-0.0329
1787083687.748,seguindo,2.1807,-0.1546,-0.5296,-0.0309,0.4987,0.5,15.9249,0.6113,-0.0145
1787083687.785,seguindo,2.1988,-0.1687,-0.5206,-0.0047,0.516,0.5,15.9343,0.8063,-0.0182
1787083687.835,seguindo,2.1988,-0.1687,-0.5206,-0.0047,0.516,0.5,15.9343,0.8063,-0.0182
1787083687.885,seguindo,2.2193,-0.181,-0.5109,0.0074,0.5183,0.5,15.9415,0.8063,-0.0192
1787083687.935,seguindo,2.2193,-0.181,-0.5109,0.0074,0.5183,0.5,15.9415,0.8063,-0.0192
1787083687.985,seguindo,2.2386,-0.1935,-0.5009,0.0202,0.5212,0.5,15.9492,0.8063,-0.0225
1787083688.035,seguindo,2.2386,-0.1935,-0.5009,0.0202,0.5212,0.5,15.9492,0.8063,-0.0225
1787083688.085,seguindo,2.2645,-0.2051,-0.4915,0.0492,0.5407,0.5,15.9545,1.2606,-0.0222
1787083688.135,seguindo,2.2645,-0.2051,-0.4915,0.0492,0.5407,0.5,15.9545,1.2606,-0.0222
1787083688.185,seguindo,2.2854,-0.2204,-0.4835,0.0656,0.5492,0.5,15.9647,1.2606,-0.0302
1787083688.235,seguindo,2.2854,-0.2204,-0.4835,0.0656,0.5492,0.5,15.9647,1.2606,-0.0302
1787083688.285,seguindo,2.3067,-0.233,-0.4722,0.0993,0.5715,0.5,15.9721,2.1628,-0.0362
1787083688.335,seguindo,2.3067,-0.233,-0.4722,0.0993,0.5715,0.5,15.9721,2.1628,-0.0362
1787083688.385,seguindo,2.3244,-0.2435,-0.461,0.1115,0.5725,0.5,15.9784,2.1628,-0.0418
1787083688.435,seguindo,2.3244,-0.2435,-0.461,0.1115,0.5725,0.5,15.9784,2.1628,-0.0418
1787083688.485,seguindo,2.3466,-0.2526,-0.4515,0.1447,0.5962,0.5,15.9822,1.6434,-0.0471
1787083688.535,seguindo,2.3466,-0.2526,-0.4515,0.1447,0.5962,0.5,15.9822,1.6434,-0.0471
1787083688.585,seguindo,2.3635,-0.265,-0.4368,0.1592,0.596,0.5,15.9905,1.6434,-0.0565
1787083688.635,seguindo,2.3635,-0.265,-0.4368,0.1592,0.596,0.5,15.9905,1.6434,-0.0565
1787083688.685,seguindo,2.3858,-0.2761,-0.4239,0.1738,0.5977,0.5,15.9964,1.6434,-0.065
1787083688.735,seguindo,2.3858,-0.2761,-0.4239,0.1738,0.5977,0.5,15.9964,1.6434,-0.065
1787083688.791,seguindo,2.4026,-0.2855,-0.4103,0.2694,0.6797,0.5,16.0019,0.8257,-0.0389
1787083688.835,seguindo,2.4026,-0.2855,-0.4103,0.2694,0.6797,0.5,16.0019,0.8257,-0.0389
1787083688.885,seguindo,2.4224,-0.2956,-0.3964,0.284,0.6804,0.5,16.0074,0.8257,-0.035
1787083688.935,seguindo,2.4224,-0.2956,-0.3964,0.284,0.6804,0.5,16.0074,0.8257,-0.035
1787083688.985,seguindo,2.4433,-0.302,-0.3802,0.2959,0.6761,0.5,16.0091,0.8257,-0.0404
1787083689.035,seguindo,2.4433,-0.302,-0.3802,0.2959,0.6761,0.5,16.0091,0.8257,-0.0404
1787083689.085,seguindo,2.4636,-0.3103,-0.3621,0.3099,0.672,0.5,16.0128,0.8257,-0.0516
1787083689.135,seguindo,2.4636,-0.3103,-0.3621,0.3099,0.672,0.5,16.0128,0.8257,-0.0516
1787083689.185,seguindo,2.4879,-0.319,-0.341,0.3392,0.6803,0.5,16.0161,0.871,-0.0638
1787083689.235,seguindo,2.4879,-0.319,-0.341,0.3392,0.6803,0.5,16.0161,0.871,-0.0638
1787083689.285,seguindo,2.5071,-0.3298,-0.3235,0.3556,0.6791,0.5,16.0226,0.871,-0.0773
1787083689.335,seguindo,2.5071,-0.3298,-0.3235,0.3556,0.6791,0.5,16.0226,0.871,-0.0773
1787083689.385,seguindo,2.527,-0.3393,-0.3033,0.3839,0.6872,0.5,16.0276,0.9552,-0.0897
1787083689.436,seguindo,2.527,-0.3393,-0.3033,0.3839,0.6872,0.5,16.0276,0.9552,-0.0897
1787083689.485,seguindo,2.5452,-0.3457,-0.2854,0.3963,0.6817,0.5,16.0301,0.9552,-0.0988
1787083689.535,seguindo,2.5452,-0.3457,-0.2854,0.4547,0.7401,0.5,16.0556,0.9552,-0.1287
1787083689.585,seguindo,2.5639,-0.3514,-0.2614,0.4677,0.7291,0.5,16.0578,0.9552,-0.1376
1787083689.635,seguindo,2.5639,-0.3514,-0.2614,0.4677,0.7291,0.5,16.0578,0.9552,-0.1376
1787083689.685,seguindo,2.5848,-0.3577,-0.2445,0.4932,0.7377,0.5,16.0603,1.1044,-0.1475
1787083689.735,seguindo,2.5848,-0.3577,-0.2445,0.4932,0.7377,0.5,16.0603,1.1044,-0.1475
1787083689.785,seguindo,2.6073,-0.3655,-0.2233,0.51,0.7334,0.5,16.0639,1.1044,-0.1592
1787083689.843,seguindo,2.6073,-0.3655,-0.2233,0.5123,0.7356,0.5,16.0639,17.1255,-0.0527
1787083689.885,seguindo,2.6266,-0.3713,-0.2016,0.5263,0.7279,0.5,16.0662,17.1255,-0.0661
1787083689.935,seguindo,2.6266,-0.3713,-0.2016,0.5263,0.7279,0.5,16.0662,17.1255,-0.0661
1787083689.985,seguindo,2.645,-0.3784,-0.1799,0.5414,0.7214,0.5,16.07,8.8999,-0.0802
1787083690.035,seguindo,2.645,-0.3784,-0.1799,0.5414,0.7214,0.5,16.07,8.8999,-0.0802
1787083690.085,seguindo,2.6692,-0.3843,-0.1595,0.5589,0.7183,0.5,16.0715,8.8999,-0.0957
1787083690.135,seguindo,2.6692,-0.3843,-0.1595,0.5589,0.7183,0.5,16.0715,8.8999,-0.0957
1787083690.185,seguindo,2.6911,-0.3873,-0.1348,0.5732,0.708,0.5,16.0707,8.8999,-0.1076
1787083690.235,seguindo,2.6911,-0.3873,-0.1348,0.5732,0.708,0.5,16.0707,8.8999,-0.1076
1787083690.285,seguindo,2.7153,-0.3911,-0.1117,0.5978,0.7095,0.5,16.0703,4.9334,-0.1212
1787083690.335,seguindo,2.7153,-0.3911,-0.1117,0.5978,0.7095,0.5,16.0703,4.9334,-0.1212
1787083690.385,seguindo,2.7342,-0.3927,-0.0862,0.6097,0.6959,0.5,16.0687,4.9334,-0.1306
1787083690.435,seguindo,2.7342,-0.3927,-0.0862,0.6097,0.6959,0.5,16.0687,4.9334,-0.1306
1787083690.485,seguindo,2.7573,-0.396,-0.0626,0.6347,0.6973,0.5,16.0681,2.9005,-0.1433
1787083690.535,seguindo,2.7573,-0.396,-0.0626,0.6556,0.7182,0.5,16.0777,2.9005,-0.1584
1787083690.585,seguindo,2.7776,-0.3953,-0.0385,0.6672,0.7057,0.5,16.0737,2.9005,-0.1663
1787083690.635,seguindo,2.7776,-0.3953,-0.0385,0.6672,0.7057,0.5,16.0737,2.9005,-0.1663
1787083690.685,seguindo,2.7937,-0.3937,-0.0115,0.6759,0.6874,0.5,16.0695,2.9005,-0.1717
1787083690.735,seguindo,2.7937,-0.3937,-0.0115,0.6759,0.6874,0.5,16.0695,2.9005,-0.1717
1787083690.785,re,2.8145,-0.3972,0.0174,0.0174,0.0,-0.203,16.0697,inf,0.0
1787083690.835,re,2.8145,-0.3972,0.0174,0.0174,0.0,-0.203,16.0697,inf,0.0
1787083690.893,re,2.8309,-0.3974,0.0439,0.0439,0.0,-0.203,16.0673,inf,0.0
1787083690.935,re,2.8309,-0.3974,0.0439,0.0439,0.0,-0.203,16.0673,inf,0.0
1787083690.985,re,2.8518,-0.3958,0.0714,0.0714,0.0,-0.203,16.0624,inf,0.0
1787083691.036,re,2.8518,-0.3958,0.0714,0.0714,0.0,-0.203,16.0624,inf,0.0
1787083691.085,re,2.8673,-0.3978,0.1025,0.1025,0.0,-0.203,16.062,inf,0.0
1787083691.135,re,2.8673,-0.3978,0.1025,0.1025,0.0,-0.203,16.062,inf,0.0
1787083691.185,re,2.8889,-0.397,0.1273,0.1273,0.0,-0.203,16.0579,inf,0.0
1787083691.236,re,2.8889,-0.397,0.1273,0.1273,0.0,-0.203,16.0579,inf,0.0
1787083691.285,re,2.9083,-0.3928,0.1525,0.1525,0.0,-0.203,16.0508,inf,0.0
1787083691.335,re,2.9083,-0.3928,0.1525,0.1525,0.0,-0.203,16.0508,inf,0.0
1787083691.385,re,2.9339,-0.39,0.1745,0.1745,0.0,-0.203,16.0441,inf,0.0
1787083691.436,re,2.9339,-0.39,0.1745,0.1745,0.0,-0.203,16.0441,inf,0.0
1787083691.485,re,2.9471,-0.3883,0.1904,0.1904,0.0,-0.203,16.0404,inf,0.0
1787083691.536,re,2.9471,-0.3883,0.1904,0.1904,0.0,-0.203,16.0404,inf,0.0
1787083691.585,re,2.9391,-0.3911,0.2017,0.2017,0.0,-0.203,16.0636,inf,0.0
1787083691.635,re,2.9391,-0.3911,0.2017,0.2017,0.0,-0.203,16.0636,inf,0.0
1787083691.685,re,2.9213,-0.3959,0.2083,0.2083,0.0,-0.203,16.071,inf,0.0
1787083691.735,re,2.9213,-0.3959,0.2083,0.2083,0.0,-0.203,16.071,inf,0.0
1787083691.785,re,2.898,-0.3992,0.2147,0.2147,0.0,-0.203,16.0775,inf,0.0
1787083691.836,re,2.898,-0.3992,0.2147,0.2147,0.0,-0.203,16.0775,inf,0.0
1787083691.885,re,2.8705,-0.4018,0.217,0.217,0.0,-0.203,16.084,inf,0.0
1787083691.943,re,2.8705,-0.4018,0.217,0.217,0.0,-0.203,16.084,inf,0.0
1787083691.985,re,2.8424,-0.408,0.2164,0.2164,0.0,-0.203,16.0942,inf,0.0
1787083692.035,re,2.8424,-0.408,0.2164,0.2164,0.0,-0.203,16.0942,inf,0.0
1787083692.085,re,2.8131,-0.4165,0.2137,0.2137,0.0,-0.203,16.1069,inf,0.0
1787083692.135,re,2.8131,-0.4165,0.2137,0.2137,0.0,-0.203,16.1069,inf,0.0
1787083692.185,re,2.7769,-0.4274,0.2078,0.2078,0.0,-0.203,16.1231,inf,0.0
1787083692.235,re,2.7769,-0.4274,0.2078,0.2078,0.0,-0.203,16.1231,inf,0.0
1787083692.285,re,2.7426,-0.432,0.2034,0.2034,0.0,-0.203,16.1328,inf,0.0
1787083692.335,re,2.7426,-0.432,0.2034,0.2034,0.0,-0.203,16.1328,inf,0.0
1787083692.385,re,2.7121,-0.4343,0.1955,0.1955,0.0,-0.203,16.1397,inf,0.0
1787083692.435,re,2.7121,-0.4343,0.1955,0.1955,0.0,-0.203,16.1397,inf,0.0
1787083692.485,re,2.6791,-0.4377,0.1939,0.1939,0.0,-0.203,16.1482,inf,0.0
1787083692.535,re,2.6791,-0.4377,0.1939,0.1939,0.0,-0.203,16.1482,inf,0.0
1787083692.585,re,2.6491,-0.439,0.1859,0.1859,0.0,-0.203,16.1541,inf,0.0
1787083692.635,re,2.6491,-0.439,0.1859,0.1859,0.0,-0.203,16.1541,inf,0.0
1787083692.685,re,2.62,-0.4423,0.1802,0.1802,0.0,-0.203,16.1619,inf,0.0
1787083692.735,re,2.62,-0.4423,0.1802,0.1802,0.0,-0.203,16.1619,inf,0.0
1787083692.785,re,2.5902,-0.446,0.1717,0.1717,0.0,-0.203,16.1704,inf,0.0
1787083692.835,re,2.5902,-0.446,0.1717,0.1717,0.0,-0.203,16.1704,inf,0.0
1787083692.885,re,2.5592,-0.4487,0.1649,0.1649,0.0,-0.203,16.178,inf,0.0
1787083692.935,re,2.5592,-0.4487,0.1649,0.1649,0.0,-0.203,16.178,inf,0.0
1787083692.999,re,2.5328,-0.455,0.155,0.155,0.0,-0.203,16.1886,inf,0.0
1787083693.035,re,2.5328,-0.455,0.155,0.155,0.0,-0.203,16.1886,inf,0.0
1787083693.136,seguindo,2.5001,-0.4621,0.1458,0.4854,0.3397,0.5,16.201,1.0791,0.0336
1787083693.185,seguindo,2.4682,-0.4661,0.1378,0.475,0.3371,0.5,16.2103,1.0791,0.0651
1787083693.235,seguindo,2.4682,-0.4661,0.1378,0.475,0.3371,0.5,16.2103,1.0791,0.0651
1787083693.285,seguindo,2.4317,-0.4697,0.1289,0.4629,0.334,0.5,16.22,1.0791,0.1014
1787083693.335,seguindo,2.4317,-0.4697,0.1289,0.4629,0.334,0.5,16.22,1.0791,0.1014
1787083693.385,seguindo,2.3996,-0.4743,0.1206,0.454,0.3334,0.5,16.23,1.0791,0.1338
1787083693.435,seguindo,2.3996,-0.4743,0.1206,0.454,0.3334,0.5,16.23,1.0791,0.1338
1787083693.485,seguindo,2.3663,-0.48,0.113,0.5082,0.3952,0.5,16.2406,1.0791,0.1506
1787083693.535,seguindo,2.3663,-0.48,0.113,0.5082,0.3952,0.5,16.2406,1.0791,0.1506
1787083693.585,seguindo,2.3487,-0.4824,0.1035,0.5027,0.3991,0.5,16.2451,1.0791,0.1681
1787083693.635,seguindo,2.3487,-0.4824,0.1035,0.5027,0.3991,0.5,16.2451,1.0791,0.1681
1787083693.685,seguindo,2.3482,-0.4835,0.0891,0.5033,0.4142,0.5,16.2462,1.0791,0.1689
1787083693.735,seguindo,2.3482,-0.4835,0.0891,0.5033,0.4142,0.5,16.2462,1.0791,0.1689
1787083693.785,seguindo,2.3626,-0.4817,0.0783,0.5079,0.4296,0.5,16.2428,1.0791,0.1546
1787083693.835,seguindo,2.3626,-0.4817,0.0783,0.5079,0.4296,0.5,16.2428,1.0791,0.1546
1787083693.885,seguindo,2.3874,-0.4815,0.0712,0.5183,0.447,0.5,16.2396,1.0791,0.1309
1787083693.935,seguindo,2.3874,-0.4815,0.0712,0.5183,0.447,0.5,16.2396,1.0791,0.1309
1787083693.985,seguindo,2.4089,-0.4761,0.074,0.5235,0.4495,0.5,16.2317,1.0791,0.1089
1787083694.043,seguindo,2.4089,-0.4761,0.074,0.5178,0.4438,0.5,16.2317,1.0671,-0.0202
1787083694.085,seguindo,2.4267,-0.4733,0.0886,0.524,0.4353,0.5,16.2268,1.0671,-0.0222
1787083694.135,seguindo,2.4267,-0.4733,0.0886,0.524,0.4353,0.5,16.2268,1.0671,-0.0222
1787083694.185,seguindo,2.4442,-0.4707,0.1103,0.5304,0.4201,0.5,16.2222,1.0671,-0.0306
1787083694.235,seguindo,2.4442,-0.4707,0.1103,0.5304,0.4201,0.5,16.2222,1.0671,-0.0306
1787083694.285,seguindo,2.4615,-0.4706,0.1348,0.549,0.4143,0.5,16.2201,1.0893,-0.0408
1787083694.335,seguindo,2.4615,-0.4706,0.1348,0.549,0.4143,0.5,16.2201,1.0893,-0.0408
1787083694.385,seguindo,2.4774,-0.4699,0.166,0.5564,0.3904,0.5,16.2177,1.0893,-0.0498
1787083694.435,seguindo,2.4774,-0.4699,0.166,0.5564,0.3904,0.5,16.2177,1.0893,-0.0498
1787083694.485,seguindo,2.4968,-0.4667,0.1989,0.5637,0.3648,0.5,16.2123,1.0893,-0.0588
1787083694.535,seguindo,2.4968,-0.4667,0.1989,0.5637,0.3648,0.5,16.2123,1.0893,-0.0588
1787083694.585,seguindo,2.5176,-0.4625,0.2289,0.5833,0.3544,0.5,16.2058,1.3111,-0.0679
1787083694.635,seguindo,2.5176,-0.4625,0.2289,0.5833,0.3544,0.5,16.2058,1.3111,-0.0679
1787083694.685,seguindo,2.5358,-0.4609,0.2576,0.5917,0.3341,0.5,16.2022,1.3111,-0.0775
1787083694.735,seguindo,2.5358,-0.4609,0.2576,0.5917,0.3341,0.5,16.2022,1.3111,-0.0775
1787083694.785,seguindo,2.5599,-0.4579,0.2856,0.6024,0.3168,0.5,16.1966,1.3111,-0.0895
1787083694.835,seguindo,2.5599,-0.4579,0.2856,0.6024,0.3168,0.5,16.1966,1.3111,-0.0895
1787083694.885,seguindo,2.5833,-0.4517,0.3108,0.6236,0.3129,0.5,16.188,1.239,-0.0985
1787083694.935,seguindo,2.5833,-0.4517,0.3108,0.6236,0.3129,0.5,16.188,1.239,-0.0985
1787083694.985,seguindo,2.6043,-0.4445,0.3349,0.6298,0.2949,0.5,16.1786,1.239,-0.1051
1787083695.035,seguindo,2.6043,-0.4445,0.3349,0.6298,0.2949,0.5,16.1786,1.239,-0.1051
1787083695.088,seguindo,2.6246,-0.4372,0.3574,0.6307,0.2733,0.5,16.1692,2.9968,-0.0226
1787083695.135,seguindo,2.6246,-0.4372,0.3574,0.6307,0.2733,0.5,16.1692,2.9968,-0.0226
1787083695.185,seguindo,2.6477,-0.4304,0.3774,0.6387,0.2613,0.5,16.16,2.9968,-0.031
1787083695.235,seguindo,2.6477,-0.4304,0.3774,0.6387,0.2613,0.5,16.16,2.9968,-0.031
1787083695.285,seguindo,2.6702,-0.4205,0.3957,0.6503,0.2547,0.5,16.1479,3.2895,-0.0366
1787083695.335,seguindo,2.6702,-0.4205,0.3957,0.6503,0.2547,0.5,16.1479,3.2895,-0.0366
1787083695.385,seguindo,2.6932,-0.4117,0.415,0.6572,0.2422,0.5,16.1368,3.2895,-0.0434
1787083695.435,seguindo,2.6932,-0.4117,0.415,0.6572,0.2422,0.5,16.1368,3.2895,-0.0434
1787083695.485,seguindo,2.718,-0.4047,0.4332,0.6752,0.242,0.5,16.1274,2.4376,-0.0526
1787083695.535,seguindo,2.718,-0.4047,0.4332,0.6752,0.242,0.5,16.1274,2.4376,-0.0526
1787083695.585,seguindo,2.7396,-0.398,0.4527,0.6833,0.2306,0.5,16.1186,2.4376,-0.0602
1787083695.635,seguindo,2.7396,-0.398,0.4527,0.6833,0.2306,0.5,16.1186,2.4376,-0.0602
1787083695.685,seguindo,2.7596,-0.3857,0.4686,0.6966,0.228,0.5,16.1045,2.1352,-0.0623
1787083695.735,seguindo,2.7596,-0.3857,0.4686,0.6966,0.228,0.5,16.1045,2.1352,-0.0623
1787083695.785,seguindo,2.7798,-0.3772,0.486,0.7028,0.2167,0.5,16.094,2.1352,-0.0676
1787083695.835,seguindo,2.7798,-0.3772,0.486,0.7222,0.2362,0.5,16.105,2.1352,-0.0827
1787083695.885,seguindo,2.8022,-0.366,0.5046,0.7388,0.2342,0.5,16.0918,1.9249,-0.0872
1787083695.935,seguindo,2.8022,-0.366,0.5046,0.7388,0.2342,0.5,16.0918,1.9249,-0.0872
1787083695.985,seguindo,2.8186,-0.3534,0.5198,0.7404,0.2206,0.5,16.0779,1.9249,-0.087
1787083696.035,seguindo,2.8186,-0.3534,0.5198,0.7404,0.2206,0.5,16.0779,1.9249,-0.087
1787083696.085,seguindo,2.8414,-0.3416,0.5384,0.747,0.2086,0.5,16.0641,1.9249,-0.0911
1787083696.144,seguindo,2.8414,-0.3416,0.5384,0.7496,0.2113,0.5,16.0641,1.6448,-0.0278
1787083696.185,seguindo,2.8642,-0.3268,0.5547,0.7543,0.1996,0.5,16.0475,1.6448,-0.0267
1787083696.235,seguindo,2.8642,-0.3268,0.5547,0.7543,0.1996,0.5,16.0475,1.6448,-0.0267
1787083696.285,seguindo,2.8862,-0.312,0.5735,0.7687,0.1952,0.5,16.0309,1.2449,-0.0283
1787083696.335,seguindo,2.8862,-0.312,0.5735,0.7687,0.1952,0.5,16.0309,1.2449,-0.0283
1787083696.385,seguindo,2.9121,-0.2979,0.5905,0.7765,0.1859,0.5,16.0146,1.2449,-0.0326
1787083696.435,seguindo,2.9121,-0.2979,0.5905,0.7765,0.1859,0.5,16.0146,1.2449,-0.0326
1787083696.485,seguindo,2.9371,-0.286,0.6078,0.7946,0.1867,0.5,16.0008,1.0855,-0.0383
1787083696.535,seguindo,2.9371,-0.286,0.6078,0.7946,0.1867,0.5,16.0008,1.0855,-0.0383
1787083696.585,seguindo,2.9581,-0.2735,0.6238,0.8008,0.177,0.5,15.9867,1.0855,-0.041
1787083696.635,seguindo,2.9581,-0.2735,0.6238,0.8008,0.177,0.5,15.9867,1.0855,-0.041
1787083696.685,seguindo,2.977,-0.2622,0.6408,0.8145,0.1737,0.5,15.9739,1.1216,-0.0434
1787083696.735,seguindo,2.977,-0.2622,0.6408,0.8145,0.1737,0.5,15.9739,1.1216,-0.0434
1787083696.785,seguindo,2.9999,-0.2505,0.6564,0.8231,0.1666,0.5,15.9605,1.1216,-0.0479
1787083696.835,seguindo,2.9999,-0.2505,0.6564,0.8231,0.1666,0.5,15.9605,1.1216,-0.0479
1787083696.885,seguindo,3.0187,-0.2387,0.675,0.8357,0.1607,0.5,15.9473,1.3469,-0.0499
1787083696.935,seguindo,3.0187,-0.2387,0.675,0.8357,0.1607,0.5,15.9473,1.3469,-0.0499
1787083696.985,seguindo,3.0361,-0.225,0.691,0.8394,0.1484,0.5,15.9323,1.3469,-0.0495
1787083697.035,seguindo,3.0361,-0.225,0.691,0.8931,0.2022,0.5,15.9779,1.3469,-0.0968
1787083697.085,seguindo,3.0531,-0.2106,0.708,0.8973,0.1893,0.5,15.9626,1.3469,-0.0959
1787083697.135,seguindo,3.0531,-0.2106,0.708,0.8973,0.1893,0.5,15.9626,1.3469,-0.0959
1787083697.196,seguindo,3.0689,-0.1937,0.725,0.903,0.178,0.5,15.9447,1.0846,-0.0744
1787083697.235,seguindo,3.0689,-0.1937,0.725,0.903,0.178,0.5,15.9447,1.0846,-0.0744
1787083697.285,seguindo,3.0884,-0.1776,0.7411,0.9083,0.1672,0.5,15.9275,1.0846,-0.0692
1787083697.335,seguindo,3.0884,-0.1776,0.7411,0.9083,0.1672,0.5,15.9275,1.0846,-0.0692
1787083697.385,seguindo,3.1096,-0.1595,0.7577,0.9173,0.1596,0.5,15.9082,1.1361,-0.0679
1787083697.435,seguindo,3.1096,-0.1595,0.7577,0.9173,0.1596,0.5,15.9082,1.1361,-0.0679
1787083697.485,seguindo,3.128,-0.139,0.7699,0.9195,0.1496,0.5,15.8867,1.1361,-0.0631
1787083697.535,seguindo,3.128,-0.139,0.7699,0.9195,0.1496,0.5,15.8867,1.1361,-0.0631
1787083697.585,seguindo,3.1499,-0.1142,0.7835,0.9252,0.1417,0.5,15.8607,1.3839,-0.057
1787083697.635,seguindo,3.1499,-0.1142,0.7835,0.9252,0.1417,0.5,15.8607,1.3839,-0.057
1787083697.685,seguindo,3.1717,-0.0922,0.7918,0.9293,0.1375,0.5,15.8376,1.3839,-0.0532
1787083697.735,seguindo,3.1717,-0.0922,0.7918,0.9293,0.1375,0.5,15.8376,1.3839,-0.0532
1787083697.785,seguindo,3.1926,-0.0723,0.8018,0.9373,0.1355,0.5,15.8166,1.2284,-0.0505
1787083697.836,seguindo,3.1926,-0.0723,0.8018,0.9373,0.1355,0.5,15.8166,1.2284,-0.0505
1787083697.885,seguindo,3.2104,-0.0534,0.8099,0.9404,0.1305,0.5,15.7969,1.2284,-0.0466
1787083697.935,seguindo,3.2104,-0.0534,0.8099,0.9404,0.1305,0.5,15.7969,1.2284,-0.0466
1787083697.985,seguindo,3.2314,-0.0346,0.8173,0.9492,0.132,0.5,15.777,1.0846,-0.0449
1787083698.035,seguindo,3.2314,-0.0346,0.8173,0.9492,0.132,0.5,15.777,1.0846,-0.0449
1787083698.085,seguindo,3.2487,-0.0171,0.8251,0.953,0.128,0.5,15.7587,1.0846,-0.042
1787083698.135,seguindo,3.2487,-0.0171,0.8251,0.953,0.128,0.5,15.7587,1.0846,-0.042
1787083698.185,seguindo,3.2673,-0.0019,0.8347,0.9625,0.1277,0.5,15.7426,1.1361,-0.0419
1787083698.241,seguindo,3.2673,-0.0019,0.8347,0.9625,0.1277,0.5,15.7426,1.7591,-0.0265
1787083698.285,seguindo,3.2836,0.0131,0.8443,0.9671,0.1228,0.5,15.7269,1.7591,-0.0162
1787083698.335,seguindo,3.2836,0.0131,0.8443,1.0196,0.1753,0.5,15.7344,2.3506,-0.0571
1787083698.385,seguindo,3.3031,0.0326,0.8554,1.0256,0.1703,0.5,15.7142,2.3506,-0.0571
1787083698.435,seguindo,3.3031,0.0326,0.8554,1.0256,0.1703,0.5,15.7142,2.3506,-0.0571
1787083698.485,seguindo,3.3204,0.0505,0.863,1.031,0.168,0.5,15.6957,2.3506,-0.0575
1787083698.535,seguindo,3.3204,0.0505,0.863,1.031,0.168,0.5,15.6957,2.3506,-0.0575
1787083698.585,seguindo,3.3356,0.0693,0.8738,1.0373,0.1635,0.5,15.6764,3.7037,-0.0558
1787083698.635,seguindo,3.3356,0.0693,0.8738,1.0373,0.1635,0.5,15.6764,3.7037,-0.0558
1787083698.685,seguindo,3.3546,0.0925,0.8839,1.0417,0.1577,0.5,15.6525,3.7037,-0.0549
1787083698.735,seguindo,3.3546,0.0925,0.8839,1.0417,0.1577,0.5,15.6525,3.7037,-0.0549
1787083698.785,seguindo,3.3737,0.114,0.8972,1.0535,0.1563,0.5,15.6305,6.357,-0.0558
1787083698.835,seguindo,3.3737,0.114,0.8972,1.0535,0.1563,0.5,15.6305,6.357,-0.0558
1787083698.885,seguindo,3.3898,0.1385,0.9074,1.0553,0.148,0.5,15.6055,6.357,-0.0532
1787083698.935,seguindo,3.3898,0.1385,0.9074,1.0553,0.148,0.5,15.6055,6.357,-0.0532
1787083698.985,seguindo,3.4068,0.1635,0.9181,1.069,0.1509,0.5,15.58,9.4561,-0.0516
1787083699.035,seguindo,3.4068,0.1635,0.9181,1.069,0.1509,0.5,15.58,9.4561,-0.0516
1787083699.085,seguindo,3.4237,0.1822,0.9338,1.0746,0.1408,0.5,15.5609,9.4561,-0.0542
1787083699.135,seguindo,3.4237,0.1822,0.9338,1.0746,0.1408,0.5,15.5609,9.4561,-0.0542
1787083699.185,seguindo,3.4427,0.2021,0.9512,1.096,0.1448,0.5,15.5404,5.5112,-0.0581
1787083699.235,seguindo,3.4427,0.2021,0.9512,1.096,0.1448,0.5,15.5404,5.5112,-0.0581
1787083699.294,seguindo,3.4565,0.2192,0.9674,1.0999,0.1325,0.5,15.5229,1.634,-0.022
1787083699.335,seguindo,3.4565,0.2192,0.9674,1.0999,0.1325,0.5,15.5229,1.634,-0.022
1787083699.385,seguindo,3.4678,0.2347,0.986,1.1029,0.117,0.5,15.5071,1.634,-0.0265
1787083699.435,seguindo,3.4678,0.2347,0.986,1.1029,0.117,0.5,15.5071,1.634,-0.0265
1787083699.485,seguindo,3.4824,0.2517,1.0025,1.124,0.1215,0.5,15.4898,2.2249,-0.034
1787083699.535,seguindo,3.4824,0.2517,1.0025,1.124,0.1215,0.5,15.4898,2.2249,-0.034
1787083699.585,seguindo,3.5003,0.272,1.0204,1.1313,0.1109,0.5,15.469,2.2249,-0.0432
1787083699.635,seguindo,3.5003,0.272,1.0204,1.1419,0.1215,0.5,15.4909,2.2249,-0.0722
1787083699.685,seguindo,3.5132,0.2907,1.0383,1.1458,0.1076,0.5,15.4718,2.2249,-0.0765
1787083699.735,seguindo,3.5132,0.2907,1.0383,1.1458,0.1076,0.5,15.4718,2.2249,-0.0765
1787083699.785,seguindo,3.5252,0.3123,1.057,1.1624,0.1053,0.5,15.4497,1.8097,-0.0787
1787083699.835,seguindo,3.5252,0.3123,1.057,1.1624,0.1053,0.5,15.4497,1.8097,-0.0787
1787083699.885,seguindo,3.5332,0.3335,1.0752,1.1613,0.0861,0.5,15.4282,1.8097,-0.0764
1787083699.935,seguindo,3.5332,0.3335,1.0752,1.1613,0.0861,0.5,15.4282,1.8097,-0.0764
1787083699.985,seguindo,3.545,0.3543,1.0946,1.1779,0.0833,0.5,15.407,1.1416,-0.0773
1787083700.035,seguindo,3.545,0.3543,1.0946,1.1779,0.0833,0.5,15.407,1.1416,-0.0773
1787083700.085,seguindo,3.5537,0.3766,1.112,1.1774,0.0655,0.5,15.3844,1.1416,-0.0741
1787083700.135,seguindo,3.5537,0.3766,1.112,1.1774,0.0655,0.5,15.3844,1.1416,-0.0741
1787083700.185,seguindo,3.5674,0.3989,1.1317,1.1937,0.062,0.5,15.3616,0.8162,-0.0746
1787083700.235,seguindo,3.5674,0.3989,1.1317,1.1937,0.062,0.5,15.3616,0.8162,-0.0746
1787083700.285,seguindo,3.58,0.4221,1.1507,1.1969,0.0462,0.5,15.338,0.8162,-0.0733
1787083700.341,seguindo,3.58,0.4221,1.1507,1.1968,0.0461,0.5,15.338,0.749,-0.0176
1787083700.385,seguindo,3.5924,0.4458,1.172,1.1998,0.0278,0.5,15.3138,0.749,-0.0048
1787083700.435,seguindo,3.5924,0.4458,1.172,1.1998,0.0278,0.5,15.3138,0.749,-0.0048
1787083700.485,seguindo,3.6028,0.4687,1.1896,1.2107,0.021,0.5,15.2906,0.9184,-0.0054
1787083700.535,seguindo,3.6028,0.4687,1.1896,1.2107,0.021,0.5,15.2906,0.9184,-0.0054
1787083700.585,seguindo,3.614,0.4909,1.2101,1.2134,0.0033,0.5,15.268,0.9184,-0.007
1787083700.635,seguindo,3.614,0.4909,1.2101,1.2134,0.0033,0.5,15.268,0.9184,-0.007
1787083700.685,seguindo,3.6232,0.5158,1.2269,1.2132,-0.0137,0.5,15.2428,0.9184,-0.0047
1787083700.735,seguindo,3.6232,0.5158,1.2269,1.2132,-0.0137,0.5,15.2428,0.9184,-0.0047
1787083700.785,seguindo,3.6366,0.538,1.2458,1.2206,-0.0251,0.5,15.2202,0.798,-0.0074
1787083700.835,seguindo,3.6366,0.538,1.2458,1.2209,-0.0249,0.5,15.2221,0.798,-0.0224
1787083700.885,seguindo,3.6469,0.5623,1.2642,1.2222,-0.042,0.5,15.1973,0.798,-0.0196
1787083700.935,seguindo,3.6469,0.5623,1.2642,1.2222,-0.042,0.5,15.1973,0.798,-0.0196
1787083700.985,seguindo,3.6581,0.5901,1.284,1.2155,-0.0685,0.5,15.1691,0.7213,-0.0159
1787083701.035,seguindo,3.6581,0.5901,1.284,1.2155,-0.0685,0.5,15.1691,0.7213,-0.0159
1787083701.085,seguindo,3.6664,0.618,1.2994,1.2135,-0.0859,0.5,15.1409,0.7213,-0.0086
1787083701.135,seguindo,3.6664,0.618,1.2994,1.2135,-0.0859,0.5,15.1409,0.7213,-0.0086
1787083701.185,seguindo,3.672,0.6447,1.312,1.1983,-0.1137,0.5,15.1139,0.749,0.0006
1787083701.235,seguindo,3.672,0.6447,1.312,1.1983,-0.1137,0.5,15.1139,0.749,0.0006
1787083701.285,seguindo,3.6801,0.6755,1.3237,1.1946,-0.1291,0.5,15.0828,0.749,0.0103
1787083701.335,seguindo,3.6801,0.6755,1.3237,1.1946,-0.1291,0.5,15.0828,0.749,0.0103
1787083701.39,seguindo,3.6837,0.7032,1.3288,1.1041,-0.2247,0.5,15.055,0.9156,-0.0156
1787083701.435,seguindo,3.6837,0.7032,1.3288,1.1041,-0.2247,0.5,15.055,0.9156,-0.0156
1787083701.485,seguindo,3.6895,0.7299,1.3327,1.0973,-0.2353,0.5,15.0281,0.9156,-0.0049
1787083701.535,seguindo,3.6895,0.7299,1.3327,1.0973,-0.2353,0.5,15.0281,0.9156,-0.0049
1787083701.585,seguindo,3.6957,0.7537,1.3368,1.0805,-0.2563,0.5,15.004,0.7748,0.0037
1787083701.635,seguindo,3.6957,0.7537,1.3368,1.0805,-0.2563,0.5,15.004,0.7748,0.0037
1787083701.685,seguindo,3.6995,0.7789,1.3348,1.0721,-0.2627,0.5,14.9788,0.7748,0.0149
1787083701.735,seguindo,3.6995,0.7789,1.3348,1.0721,-0.2627,0.5,14.9788,0.7748,0.0149
1787083701.785,seguindo,3.7069,0.8045,1.3323,1.0526,-0.2797,0.5,14.9529,0.8165,0.0234
1787083701.835,seguindo,3.7069,0.8045,1.3323,1.0526,-0.2797,0.5,14.9529,0.8165,0.0234
1787083701.885,seguindo,3.7149,0.836,1.3279,1.044,-0.284,0.5,14.921,0.8165,0.0347
1787083701.935,seguindo,3.7149,0.836,1.3279,1.0314,-0.2965,0.5,14.9288,0.8165,0.0241
1787083701.985,seguindo,3.7215,0.8663,1.3225,1.0032,-0.3193,0.5,14.8982,0.8245,0.0364
1787083702.035,seguindo,3.7215,0.8663,1.3225,1.0032,-0.3193,0.5,14.8982,0.8245,0.0364
1787083702.085,seguindo,3.7306,0.8982,1.3157,0.9937,-0.322,0.5,14.8659,0.8245,0.0474
1787083702.135,seguindo,3.7306,0.8982,1.3157,0.9937,-0.322,0.5,14.8659,0.8245,0.0474
1787083702.185,seguindo,3.7405,0.9312,1.3081,0.9597,-0.3484,0.5,14.8323,0.9156,0.0582
1787083702.235,seguindo,3.7405,0.9312,1.3081,0.9597,-0.3484,0.5,14.8323,0.9156,0.0582
1787083702.285,seguindo,3.7494,0.9612,1.3006,0.9496,-0.351,0.5,14.8018,0.9156,0.0676
1787083702.335,seguindo,3.7494,0.9612,1.3006,0.9496,-0.351,0.5,14.8018,0.9156,0.0676
1787083702.385,seguindo,3.7602,0.9923,1.2905,0.9113,-0.3792,0.5,14.77,0.7748,0.0759
1787083702.443,seguindo,3.7602,0.9923,1.2905,0.9115,-0.379,0.5,14.77,1.3658,0.0143
1787083702.485,seguindo,3.7674,1.0212,1.2784,0.899,-0.3794,0.5,14.7408,1.3658,0.0215
1787083702.535,seguindo,3.7674,1.0212,1.2784,0.899,-0.3794,0.5,14.7408,1.3658,0.0215
1787083702.585,seguindo,3.7757,1.0492,1.2631,0.8245,-0.4386,0.5,14.7123,0.9473,0.0302
1787083702.635,seguindo,3.7757,1.0492,1.2631,0.8245,-0.4386,0.5,14.7123,0.9473,0.0302
1787083702.685,seguindo,3.7875,1.0739,1.2499,0.8163,-0.4335,0.5,14.687,0.9473,0.034
1787083702.735,seguindo,3.7875,1.0739,1.2499,0.8163,-0.4335,0.5,14.687,0.9473,0.034
1787083702.785,seguindo,3.7943,1.1023,1.2366,0.973,-0.2636,0.5,14.6582,inf,0.0437
1787083702.835,seguindo,3.7943,1.1023,1.2366,0.8849,-0.3517,0.5,14.6578,inf,0.0612
1787083702.885,seguindo,3.8044,1.1311,1.2225,0.8695,-0.353,0.5,14.6282,inf,0.0695
1787083702.935,seguindo,3.8044,1.1311,1.2225,0.8695,-0.353,0.5,14.6282,inf,0.0695
1787083702.985,seguindo,3.8185,1.1613,1.2089,0.8462,-0.3627,0.5,14.5967,inf,0.0744
1787083703.035,seguindo,3.8185,1.1613,1.2089,0.8462,-0.3627,0.5,14.5967,inf,0.0744
1787083703.085,seguindo,3.8311,1.1915,1.1914,0.8303,-0.3611,0.5,14.5654,inf,0.0801
1787083703.135,seguindo,3.8311,1.1915,1.1914,0.8303,-0.3611,0.5,14.5654,inf,0.0801
1787083703.185,seguindo,3.8485,1.2259,1.1758,0.8141,-0.3617,0.5,14.5294,inf,0.0822
1787083703.235,seguindo,3.8485,1.2259,1.1758,0.8141,-0.3617,0.5,14.5294,inf,0.0822
1787083703.285,seguindo,3.8615,1.2508,1.16,0.7941,-0.3659,0.5,14.5034,inf,0.0829
1787083703.335,seguindo,3.8615,1.2508,1.16,0.7941,-0.3659,0.5,14.5034,inf,0.0829
1787083703.385,seguindo,3.8741,1.2733,1.1438,0.7962,-0.3477,0.5,14.4798,inf,0.0821
1787083703.435,seguindo,3.8741,1.2733,1.1438,0.7962,-0.3477,0.5,14.4798,inf,0.0821
1787083703.496,seguindo,3.8824,1.294,1.1222,0.9328,-0.1894,0.5,14.4584,inf,-0.0243
1787083703.536,seguindo,3.8824,1.294,1.1222,0.9328,-0.1894,0.5,14.4584,inf,-0.0243
1787083703.585,seguindo,3.8933,1.3159,1.1043,0.9006,-0.2037,0.5,14.4356,inf,-0.019
1787083703.636,seguindo,3.8933,1.3159,1.1043,0.9006,-0.2037,0.5,14.4356,inf,-0.019
1787083703.685,seguindo,3.9068,1.3429,1.0838,0.8857,-0.1981,0.5,14.4262,inf,-0.0138
1787083703.735,seguindo,3.9068,1.3429,1.0838,0.8857,-0.1981,0.5,14.4262,inf,-0.0138
1787083703.785,seguindo,3.9177,1.37,1.0606,0.8621,-0.1985,0.5,14.3982,inf,-0.0052
1787083703.835,seguindo,3.9177,1.37,1.0606,0.8621,-0.1985,0.5,14.3982,inf,-0.0052
1787083703.885,seguindo,3.9311,1.3953,1.0351,0.7957,-0.2394,0.5,14.3717,inf,0.0003
1787083703.935,seguindo,3.9311,1.3953,1.0351,0.7957,-0.2394,0.5,14.3717,inf,0.0003
1787083703.985,seguindo,3.9476,1.4234,1.0087,0.7762,-0.2325,0.5,14.3422,inf,0.0053
1787083704.035,seguindo,3.9476,1.4234,1.0087,0.7762,-0.2325,0.5,14.3422,inf,0.0053
1787083704.085,seguindo,3.9672,1.4565,0.9793,0.717,-0.2623,0.5,14.3075,inf,0.0111
1787083704.135,seguindo,3.9672,1.4565,0.9793,0.717,-0.2623,0.5,14.3075,inf,0.0111
1787083704.185,seguindo,3.9889,1.4934,0.9528,0.6446,-0.3083,0.5,14.2687,inf,0.0179
1787083704.235,seguindo,3.9889,1.4934,0.9528,0.6446,-0.3083,0.5,14.2687,inf,0.0179
1787083704.285,seguindo,4.0094,1.5269,0.9266,0.6072,-0.3194,0.5,14.2334,inf,0.0238
1787083704.335,seguindo,4.0094,1.5269,0.9266,0.6072,-0.3194,0.5,14.2334,inf,0.0238
1787083704.385,seguindo,4.0298,1.5503,0.8938,0.5482,-0.3456,0.5,14.2084,inf,0.0234
1787083704.435,seguindo,4.0298,1.5503,0.8938,0.5482,-0.3456,0.5,14.2084,inf,0.0234
1787083704.485,seguindo,4.0498,1.5723,0.8663,0.526,-0.3402,0.5,14.1847,inf,0.0229
1787083704.542,seguindo,4.0498,1.5723,0.8663,0.6237,-0.2425,0.5,14.1847,inf,-0.0182
1787083704.585,seguindo,4.0668,1.5923,0.8425,0.6067,-0.2359,0.5,14.1632,inf,-0.0157
1787083704.635,seguindo,4.0668,1.5923,0.8425,0.6067,-0.2359,0.5,14.1632,inf,-0.0157
1787083704.685,seguindo,4.0915,1.6116,0.8123,0.5444,-0.2679,0.5,14.142,inf,-0.0202
1787083704.735,seguindo,4.0915,1.6116,0.8123,0.5327,-0.2796,0.5,14.1497,inf,0.0005
1787083704.785,seguindo,4.1148,1.6345,0.7886,0.4599,-0.3286,0.5,14.1243,inf,0.0005
1787083704.835,seguindo,4.1148,1.6345,0.7886,0.4599,-0.3286,0.5,14.1243,inf,0.0005
1787083704.885,seguindo,4.1342,1.6584,0.7603,0.3756,-0.3848,0.5,14.0983,inf,0.0047
1787083704.935,seguindo,4.1342,1.6584,0.7603,0.3756,-0.3848,0.5,14.0983,inf,0.0047
1787083704.985,seguindo,4.1559,1.6868,0.7318,0.3259,-0.4059,0.5,14.0677,inf,0.0116
1787083705.035,seguindo,4.1559,1.6868,0.7318,0.3259,-0.4059,0.5,14.0677,inf,0.0116
1787083705.085,seguindo,4.178,1.7047,0.7037,0.2524,-0.4512,0.5,14.0474,inf,0.0108
1787083705.135,seguindo,4.178,1.7047,0.7037,0.2524,-0.4512,0.5,14.0474,inf,0.0108
1787083705.185,seguindo,4.2033,1.7236,0.6795,0.178,-0.5014,0.5,14.0259,inf,0.011
1787083705.235,seguindo,4.2033,1.7236,0.6795,0.178,-0.5014,0.5,14.0259,inf,0.011
1787083705.285,seguindo,4.2306,1.7413,0.6529,0.145,-0.5079,0.5,14.0053,inf,0.0103
1787083705.335,seguindo,4.2306,1.7413,0.6529,0.145,-0.5079,0.5,14.0053,inf,0.0103
1787083705.385,seguindo,4.254,1.7593,0.6293,0.0728,-0.5565,0.5,13.985,inf,0.0138
1787083705.435,seguindo,4.254,1.7593,0.6293,0.0728,-0.5565,0.5,13.985,inf,0.0138
1787083705.485,seguindo,4.2801,1.7735,0.6083,0.0405,-0.5679,0.5,13.9681,inf,0.0148
1787083705.535,seguindo,4.2801,1.7735,0.6083,0.0052,-0.6032,0.5,13.9645,inf,0.0229
1787083705.589,seguindo,4.3037,1.7912,0.584,-0.059,-0.6431,0.5,13.9441,inf,-0.0215
1787083705.635,seguindo,4.3037,1.7912,0.584,-0.059,-0.6431,0.5,13.9441,inf,-0.0215
1787083705.685,seguindo,4.329,1.8122,0.5649,-0.1162,-0.681,0.5,13.92,inf,0.0048
1787083705.735,seguindo,4.329,1.8122,0.5649,-0.1162,-0.681,0.5,13.92,inf,0.0048
1787083705.785,seguindo,4.3553,1.8282,0.543,-0.1698,-0.7128,0.5,13.901,inf,0.0206
1787083705.835,seguindo,4.3553,1.8282,0.543,-0.1698,-0.7128,0.5,13.901,inf,0.0206
1787083705.885,seguindo,4.3828,1.8403,0.5167,-0.2115,-0.7282,0.5,13.8856,inf,0.0328
1787083705.935,seguindo,4.3828,1.8403,0.5167,-0.2115,-0.7282,0.5,13.8856,inf,0.0328
1787083705.985,seguindo,4.4095,1.8521,0.494,-0.2457,-0.7397,0.5,13.8707,inf,0.0448
1787083706.035,seguindo,4.4095,1.8521,0.494,-0.2457,-0.7397,0.5,13.8707,inf,0.0448
1787083706.085,seguindo,4.4208,1.8524,0.4715,-0.253,-0.7246,0.5,13.8691,inf,0.0453
1787083706.135,seguindo,4.4208,1.8524,0.4715,-0.253,-0.7246,0.5,13.8691,inf,0.0453
1787083706.185,seguindo,4.4131,1.846,0.4645,-0.2336,-0.6981,0.5,13.8764,inf,0.0387
1787083706.235,seguindo,4.4131,1.846,0.4645,-0.2336,-0.6981,0.5,13.8764,inf,0.0387
1787083706.285,seguindo,4.3925,1.8335,0.46,-0.1995,-0.6595,0.5,13.8913,inf,0.026
1787083706.335,seguindo,4.3925,1.8335,0.46,-0.1995,-0.6595,0.5,13.8913,inf,0.026
1787083706.385,seguindo,4.3705,1.8227,0.4571,-0.1629,-0.6201,0.5,13.9045,inf,0.0151
1787083706.435,seguindo,4.3705,1.8227,0.4571,-0.2209,-0.6781,0.5,13.891,inf,0.0311
1787083706.485,seguindo,4.3463,1.8137,0.457,-0.1858,-0.6428,0.5,13.9036,inf,0.0215
1787083706.535,seguindo,4.3463,1.8137,0.457,-0.1858,-0.6428,0.5,13.9036,inf,0.0215
1787083706.585,seguindo,4.3238,1.8072,0.4541,-0.1606,-0.6147,0.5,13.9135,inf,0.0189
1787083706.64,seguindo,4.3238,1.8072,0.4541,-0.1606,-0.6147,0.5,13.9135,inf,0.0189
1787083706.685,seguindo,4.3108,1.7988,0.4514,-0.1367,-0.588,0.5,13.9238,inf,0.0257
1787083706.735,seguindo,4.3108,1.7988,0.4514,-0.1367,-0.588,0.5,13.9238,inf,0.0257
1787083706.785,seguindo,4.3086,1.8028,0.4419,-0.1452,-0.5871,0.5,13.9201,inf,0.0291
1787083706.835,seguindo,4.3086,1.8028,0.4419,-0.1452,-0.5871,0.5,13.9201,inf,0.0291
1787083706.885,seguindo,4.3088,1.7983,0.4385,-0.1348,-0.5733,0.5,13.9246,inf,0.0275
1787083706.935,seguindo,4.3088,1.7983,0.4385,-0.1348,-0.5733,0.5,13.9246,inf,0.0275
1787083706.985,seguindo,4.3126,1.7999,0.4257,-0.1397,-0.5654,0.5,13.9224,inf,0.0243
1787083707.035,seguindo,4.3126,1.7999,0.4257,-0.1397,-0.5654,0.5,13.9224,inf,0.0243
1787083707.085,seguindo,4.3153,1.7994,0.418,-0.1395,-0.5575,0.5,13.9225,inf,0.0216
1787083707.135,seguindo,4.3153,1.7994,0.418,-0.1395,-0.5575,0.5,13.9225,inf,0.0216
1787083707.185,seguindo,4.3145,1.8007,0.4128,-0.1423,-0.5551,0.5,13.9213,inf,0.0228
1787083707.235,seguindo,4.3145,1.8007,0.4128,-0.1423,-0.5551,0.5,13.9213,inf,0.0228
1787083707.285,seguindo,4.3141,1.8017,0.4152,-0.1444,-0.5596,0.5,13.9204,inf,0.0235
1787083707.335,seguindo,4.3141,1.8017,0.4152,-0.1444,-0.5596,0.5,13.9204,inf,0.0235
1787083707.385,seguindo,4.312,1.8052,0.4161,-0.1518,-0.5679,0.5,13.9173,inf,0.0269
1787083707.435,seguindo,4.312,1.8052,0.4161,-0.1518,-0.5679,0.5,13.9173,inf,0.0269
1787083707.485,seguindo,4.3106,1.8054,0.4176,-0.1517,-0.5693,0.5,13.9173,inf,0.0282
1787083707.535,seguindo,4.3106,1.8054,0.4176,-0.1517,-0.5693,0.5,13.9173,inf,0.0282
1787083707.585,seguindo,4.3108,1.8041,0.4188,-0.1488,-0.5676,0.5,13.9185,inf,0.0275
1787083707.635,seguindo,4.3108,1.8041,0.4188,-0.1488,-0.5676,0.5,13.9185,inf,0.0275
1787083707.695,seguindo,4.3123,1.8016,0.417,-0.1436,-0.5606,0.5,13.9208,inf,0.0251
1787083707.735,seguindo,4.3123,1.8016,0.417,-0.1436,-0.5606,0.5,13.9208,inf,0.0251
1787083707.785,seguindo,4.3161,1.8021,0.4081,-0.1462,-0.5543,0.5,13.9196,inf,0.0218
1787083707.835,seguindo,4.3161,1.8021,0.4081,-0.1462,-0.5543,0.5,13.9196,inf,0.0218
1787083707.885,seguindo,4.3182,1.8028,0.3984,-0.1485,-0.5469,0.5,13.9186,inf,0.0204
1787083707.935,seguindo,4.3182,1.8028,0.3984,-0.1485,-0.5469,0.5,13.9186,inf,0.0204
1787083707.985,seguindo,4.3205,1.8035,0.3888,-0.1508,-0.5396,0.5,13.9176,inf,0.0188
1787083708.035,seguindo,4.3205,1.8035,0.3888,-0.1508,-0.5396,0.5,13.9176,inf,0.0188
1787083708.085,seguindo,4.3233,1.804,0.38,-0.153,-0.533,0.5,13.9167,inf,0.0169
1787083708.135,seguindo,4.3233,1.804,0.38,-0.153,-0.533,0.5,13.9167,inf,0.0169
1787083708.185,seguindo,4.3292,1.8033,0.3637,-0.1536,-0.5173,0.5,13.9165,inf,0.0127
1787083708.235,seguindo,4.3292,1.8033,0.3637,-0.1536,-0.5173,0.5,13.9165,inf,0.0127
1787083708.285,seguindo,4.3398,1.8051,0.3354,-0.1619,-0.4973,0.5,13.9131,inf,0.0127
1787083708.335,seguindo,4.3398,1.8051,0.3354,-0.1619,-0.4973,0.5,13.9131,inf,0.0127
1787083708.385,seguindo,4.346,1.8039,0.3099,-0.1616,-0.4715,0.5,13.9133,inf,0.0117
1787083708.435,seguindo,4.346,1.8039,0.3099,-0.1616,-0.4715,0.5,13.9133,inf,0.0117
1787083708.485,seguindo,4.3493,1.807,0.2843,-0.1707,-0.455,0.5,13.9098,inf,0.0149
1787083708.535,seguindo,4.3493,1.807,0.2843,-0.1707,-0.455,0.5,13.9098,inf,0.0149
1787083708.585,seguindo,4.3535,1.8105,0.2548,-0.1813,-0.436,0.5,13.9057,inf,0.0185
1787083708.635,seguindo,4.3535,1.8105,0.2548,-0.1813,-0.436,0.5,13.9057,inf,0.0185
1787083708.685,seguindo,4.3651,1.8157,0.2099,-0.2022,-0.4121,0.5,13.8988,inf,0.0239
1787083708.735,seguindo,4.3651,1.8157,0.2099,-0.1982,-0.4081,0.5,13.8988,inf,-0.0341
1787083708.785,seguindo,4.3841,1.819,0.1581,-0.2151,-0.3732,0.5,13.8927,inf,-0.0241
1787083708.835,seguindo,4.3841,1.819,0.1581,-0.2151,-0.3732,0.5,13.8927,inf,-0.0241
1787083708.885,seguindo,4.4064,1.8258,0.1068,-0.2394,-0.3462,0.5,13.8827,inf,-0.0118
1787083708.935,seguindo,4.4064,1.8258,0.1068,-0.2691,-0.3759,0.5,13.8725,inf,-0.0012
1787083708.985,seguindo,4.4287,1.8316,0.0544,-0.2966,-0.3509,0.5,13.8634,inf,0.0103
1787083709.035,seguindo,4.4287,1.8316,0.0544,-0.16,-0.2144,0.5,13.8634,2.8351,0.0103
1787083709.085,seguindo,4.452,1.8338,0.0027,-0.1659,-0.1686,0.5,13.8577,2.8351,0.0186
1787083709.135,seguindo,4.452,1.8338,0.0027,-0.1659,-0.1686,0.5,13.8577,2.8351,0.0186
1787083709.185,seguindo,4.4762,1.8345,-0.0473,-0.1347,-0.0874,0.5,13.8534,2.9983,0.0258
1787083709.235,seguindo,4.4762,1.8345,-0.0473,-0.1347,-0.0874,0.5,13.8534,2.9983,0.0258
1787083709.285,seguindo,4.5042,1.8362,-0.0904,-0.1402,-0.0498,0.5,13.8476,2.9983,0.0352
1787083709.335,seguindo,4.5042,1.8362,-0.0904,-0.1402,-0.0498,0.5,13.8476,2.9983,0.0352
1787083709.385,seguindo,4.5341,1.8335,-0.1369,-0.3433,-0.2064,0.5,13.8459,inf,0.041
1787083709.435,seguindo,4.5341,1.8335,-0.1369,-0.3433,-0.2064,0.5,13.8459,inf,0.041
1787083709.485,seguindo,4.5654,1.8329,-0.1827,-0.3687,-0.186,0.5,13.842,inf,0.0496
1787083709.535,seguindo,4.5654,1.8329,-0.1827,-0.3433,-0.1606,0.5,13.8496,inf,0.0404
1787083709.585,seguindo,4.5954,1.826,-0.2304,-0.3317,-0.1013,0.5,13.8523,inf,0.0426
1787083709.635,seguindo,4.5954,1.826,-0.2304,-0.3317,-0.1013,0.5,13.8523,inf,0.0426
1787083709.685,seguindo,4.6279,1.818,-0.277,-0.3395,-0.0625,0.5,13.8557,inf,0.0447
1787083709.735,seguindo,4.6279,1.818,-0.277,-0.3395,-0.0625,0.5,13.8557,inf,0.0447
1787083709.785,seguindo,4.6559,1.8059,-0.3234,-0.3118,0.0116,0.5,13.8639,inf,-0.0362
1787083709.835,seguindo,4.6559,1.8059,-0.3234,-0.3118,0.0116,0.5,13.8639,inf,-0.0362
1787083709.885,seguindo,4.6819,1.7957,-0.3683,-0.3073,0.0609,0.5,13.8705,inf,-0.0093
1787083709.935,seguindo,4.6819,1.7957,-0.3683,-0.3073,0.0609,0.5,13.8705,inf,-0.0093
1787083709.985,re,4.707,1.7841,-0.4107,-0.4107,0.0,-0.203,13.8786,inf,0.0
1787083710.035,re,4.707,1.7841,-0.4107,-0.4107,0.0,-0.203,13.8786,inf,0.0
1787083710.085,re,4.7311,1.7763,-0.4514,-0.4514,0.0,-0.203,13.8775,inf,0.0
1787083710.135,re,4.7311,1.7763,-0.4514,-0.4514,0.0,-0.203,13.8775,inf,0.0
1787083710.235,seguindo,4.7576,1.7603,-0.4858,-0.2876,0.1982,0.5,13.8898,inf,-0.0011
1787083710.285,seguindo,4.7824,1.743,-0.5219,-0.2566,0.2653,0.5,13.9036,inf,-0.0071
1787083710.335,seguindo,4.7824,1.743,-0.5219,-0.2566,0.2653,0.5,13.9036,inf,-0.0071
1787083710.385,seguindo,4.8101,1.7255,-0.5557,-0.2315,0.3242,0.5,13.9174,inf,-0.0133
1787083710.435,seguindo,4.8101,1.7255,-0.5557,-0.2315,0.3242,0.5,13.9174,inf,-0.0133
1787083710.485,seguindo,4.8301,1.7094,-0.5896,-0.1932,0.3963,0.5,13.9307,inf,-0.0213
1787083710.535,seguindo,4.8301,1.7094,-0.5896,-0.2012,0.3884,0.5,13.9297,inf,-0.0214
1787083710.585,seguindo,4.8571,1.6941,-0.6248,-0.1771,0.4477,0.5,13.9412,inf,-0.0271
1787083710.635,seguindo,4.8571,1.6941,-0.6248,-0.1771,0.4477,0.5,13.9412,inf,-0.0271
1787083710.685,seguindo,4.88,1.6733,-0.6593,-0.12,0.5393,0.5,13.9588,inf,-0.0399
1787083710.735,seguindo,4.88,1.6733,-0.6593,-0.12,0.5393,0.5,13.9588,inf,-0.0399
1787083710.785,seguindo,4.905,1.6555,-0.6956,-0.0829,0.6127,0.5,13.9732,inf,-0.0502
1787083710.835,seguindo,4.905,1.6555,-0.6956,-0.0854,0.6102,0.5,13.9732,inf,0.0116
1787083710.885,seguindo,4.9162,1.6473,-0.7292,-0.0664,0.6628,0.5,13.9799,inf,0.0018
1787083710.935,seguindo,4.9162,1.6473,-0.7292,-0.0664,0.6628,0.5,13.9799,inf,0.0018
1787083710.985,seguindo,4.9137,1.6474,-0.7563,-0.0664,0.6898,0.5,13.9801,inf,0.0023
1787083711.035,seguindo,4.9137,1.6474,-0.7563,-0.0664,0.6898,0.5,13.9801,inf,0.0023
1787083711.085,seguindo,4.9177,1.6385,-0.7696,-0.0437,0.7259,0.5,13.9884,inf,-0.0071
1787083711.136,seguindo,4.9177,1.6385,-0.7696,-0.073,0.6966,0.5,13.9848,inf,0.004
1787083711.185,seguindo,4.9241,1.6308,-0.7665,-0.0548,0.7117,0.5,13.9915,inf,-0.0058
1787083711.235,seguindo,4.9241,1.6308,-0.7665,-0.0548,0.7117,0.5,13.9915,inf,-0.0058
1787083711.285,seguindo,4.9342,1.6229,-0.7584,-0.036,0.7224,0.5,13.9978,inf,-0.0149
1787083711.335,seguindo,4.9342,1.6229,-0.7584,-0.036,0.7224,0.5,13.9978,inf,-0.0149
1787083711.385,seguindo,4.9491,1.6176,-0.7433,-0.0088,0.7345,0.5,14.0009,inf,-0.0222
1787083711.435,seguindo,4.9491,1.6176,-0.7433,-0.0088,0.7345,0.5,14.0009,inf,-0.0222
1787083711.485,seguindo,4.9607,1.6009,-0.7267,0.0315,0.7582,0.5,14.0158,inf,-0.0402
1787083711.535,seguindo,4.9607,1.6009,-0.7267,0.0315,0.7582,0.5,14.0158,inf,-0.0402
1787083711.585,seguindo,4.9717,1.5812,-0.7062,0.0819,0.788,0.5,14.0338,inf,-0.0613
1787083711.635,seguindo,4.9717,1.5812,-0.7062,0.0819,0.788,0.5,14.0338,inf,-0.0613
1787083711.685,seguindo,4.9859,1.5606,-0.6831,0.1378,0.8209,0.5,14.0522,inf,-0.0831
1787083711.735,seguindo,4.9859,1.5606,-0.6831,0.1378,0.8209,0.5,14.0522,inf,-0.0831
1787083711.785,seguindo,5.004,1.5462,-0.6555,0.1886,0.8441,0.5,14.0639,inf,-0.0985
1787083711.835,seguindo,5.004,1.5462,-0.6555,0.1886,0.8441,0.5,14.0639,inf,-0.0985
1787083711.885,seguindo,5.0205,1.5276,-0.6277,0.2294,0.8571,0.5,14.08,inf,-0.008
1787083711.935,seguindo,5.0205,1.5276,-0.6277,0.2294,0.8571,0.5,14.08,inf,-0.008
1787083711.985,seguindo,5.0365,1.5152,-0.5957,0.269,0.8647,0.5,14.0902,inf,-0.0242
1787083712.036,seguindo,5.0365,1.5152,-0.5957,0.269,0.8647,0.5,14.0902,inf,-0.0242
1787083712.085,seguindo,5.0551,1.501,-0.5635,0.3174,0.8808,0.5,14.1017,inf,-0.0431
1787083712.135,seguindo,5.0551,1.501,-0.5635,0.3174,0.8808,0.5,14.1017,inf,-0.0431
1787083712.185,seguindo,5.0717,1.4913,-0.5271,0.3627,0.8898,0.5,14.1091,inf,-0.0572
1787083712.235,seguindo,5.0717,1.4913,-0.5271,0.3627,0.8898,0.5,14.1091,inf,-0.0572
1787083712.286,seguindo,5.0882,1.4844,-0.49,0.3925,0.8825,0.5,14.1138,inf,-0.0686
1787083712.336,seguindo,5.0882,1.4844,-0.49,0.3925,0.8825,0.5,14.1138,inf,-0.0686
1787083712.385,seguindo,5.1039,1.4781,-0.4528,0.422,0.8749,0.5,14.1179,inf,-0.0785
1787083712.435,seguindo,5.1039,1.4781,-0.4528,0.422,0.8749,0.5,14.1179,inf,-0.0785
1787083712.485,seguindo,5.1229,1.4742,-0.4119,0.4598,0.8717,0.5,14.1193,inf,-0.0869
1787083712.536,seguindo,5.1229,1.4742,-0.4119,0.4598,0.8717,0.5,14.1193,inf,-0.0869
1787083712.585,seguindo,5.142,1.4668,-0.3709,0.4948,0.8658,0.5,14.1242,inf,-0.0987
1787083712.635,seguindo,5.142,1.4668,-0.3709,0.4948,0.8658,0.5,14.1242,inf,-0.0987
1787083712.685,seguindo,5.1567,1.4557,-0.3285,0.5346,0.863,0.5,14.1333,inf,-0.1124
1787083712.735,seguindo,5.1567,1.4557,-0.3285,0.5346,0.863,0.5,14.1333,inf,-0.1124
1787083712.785,seguindo,5.1744,1.4498,-0.2842,0.5742,0.8584,0.5,14.137,inf,-0.1216
1787083712.835,seguindo,5.1744,1.4498,-0.2842,0.5742,0.8584,0.5,14.137,inf,-0.1216
1787083712.885,seguindo,5.1935,1.4468,-0.2414,0.6023,0.8437,0.5,14.1375,inf,-0.1281
1787083712.935,seguindo,5.1935,1.4468,-0.2414,0.4976,0.739,0.5,14.1375,inf,0.0291
1787083712.985,seguindo,5.2125,1.4408,-0.1962,0.6146,0.8108,0.5,14.1605,inf,-0.014
1787083713.035,seguindo,5.2125,1.4408,-0.1962,0.6146,0.8108,0.5,14.1605,inf,-0.014
1787083713.085,seguindo,5.2298,1.4374,-0.1529,0.6462,0.7991,0.5,14.1623,inf,-0.0243
1787083713.135,seguindo,5.2298,1.4374,-0.1529,0.6462,0.7991,0.5,14.1623,inf,-0.0243
1787083713.185,seguindo,5.2498,1.4332,-0.1061,0.6856,0.7916,0.5,14.1647,inf,-0.0392
1787083713.235,seguindo,5.2498,1.4332,-0.1061,0.6856,0.7916,0.5,14.1647,inf,-0.0392
1787083713.285,seguindo,5.2696,1.4294,-0.0563,0.7266,0.7829,0.5,14.1668,inf,-0.0535
1787083713.335,seguindo,5.2696,1.4294,-0.0563,0.7266,0.7829,0.5,14.1668,inf,-0.0535
1787083713.385,seguindo,5.2894,1.4292,-0.0055,0.7575,0.763,0.5,14.1653,inf,-0.0649
1787083713.435,seguindo,5.2894,1.4292,-0.0055,0.7745,0.78,0.5,14.1724,inf,-0.0704
1787083713.485,seguindo,5.3099,1.425,0.0472,0.8153,0.7681,0.5,14.1749,inf,-0.0855
1787083713.535,seguindo,5.3099,1.425,0.0472,0.8153,0.7681,0.5,14.1749,inf,-0.0855
1787083713.585,seguindo,5.3331,1.4206,0.1027,0.8636,0.7609,0.5,14.1775,inf,-0.1019
1787083713.635,seguindo,5.3331,1.4206,0.1027,0.8636,0.7609,0.5,14.1775,inf,-0.1019
1787083713.685,seguindo,5.3535,1.421,0.1574,0.8833,0.7259,0.5,14.1755,inf,-0.1129
1787083713.735,seguindo,5.3535,1.421,0.1574,0.8833,0.7259,0.5,14.1755,inf,-0.1129
1787083713.785,seguindo,5.3724,1.4183,0.2111,0.9192,0.7081,0.5,14.1769,inf,-0.1255
1787083713.835,seguindo,5.3724,1.4183,0.2111,0.9192,0.7081,0.5,14.1769,inf,-0.1255
1787083713.885,seguindo,5.3895,1.4225,0.2665,1.0485,0.782,0.5,14.1994,inf,-0.1693
1787083713.935,seguindo,5.3895,1.4225,0.2665,1.0485,0.782,0.5,14.1994,inf,-0.1693
1787083713.985,seguindo,5.4068,1.4308,0.3218,0.9047,0.5829,0.5,14.1903,inf,-0.0247
1787083714.035,seguindo,5.4068,1.4308,0.3218,0.9047,0.5829,0.5,14.1903,inf,-0.0247
1787083714.085,seguindo,5.4221,1.4383,0.3809,0.9228,0.5419,0.5,14.182,inf,-0.031
1787083714.135,seguindo,5.4221,1.4383,0.3809,0.9228,0.5419,0.5,14.182,inf,-0.031
1787083714.185,seguindo,5.4368,1.4448,0.4403,0.9427,0.5024,0.5,14.1749,inf,-0.0376
1787083714.235,seguindo,5.4368,1.4448,0.4403,0.9427,0.5024,0.5,14.1749,inf,-0.0376
1787083714.285,seguindo,5.4516,1.4476,0.5013,0.9553,0.4539,0.5,14.1713,inf,-0.0467
1787083714.335,re,5.4516,1.4476,0.5013,0.5013,0.0,-0.203,14.1842,inf,0.0
1787083714.385,re,5.4682,1.4559,0.5612,0.5612,0.0,-0.203,14.1753,inf,0.0
1787083714.435,re,5.4682,1.4559,0.5612,0.5612,0.0,-0.203,14.1753,inf,0.0
1787083714.485,re,5.486,1.4635,0.6248,0.6248,0.0,-0.203,14.1669,inf,0.0
1787083714.536,re,5.486,1.4635,0.6248,0.6248,0.0,-0.203,14.1669,inf,0.0
1787083714.585,re,5.4992,1.4781,0.6822,0.6822,0.0,-0.203,14.1517,inf,0.0
1787083714.635,re,5.4992,1.4781,0.6822,0.6822,0.0,-0.203,14.1517,inf,0.0
1787083714.685,re,5.5141,1.491,0.7374,0.7374,0.0,-0.203,14.1457,inf,0.0
1787083714.735,re,5.5141,1.491,0.7374,0.7374,0.0,-0.203,14.1457,inf,0.0
1787083714.785,re,5.5306,1.4993,0.7843,0.7843,0.0,-0.203,14.1369,inf,0.0
1787083714.835,re,5.5306,1.4993,0.7843,0.7843,0.0,-0.203,14.1369,inf,0.0
1787083714.885,re,5.5433,1.5135,0.8231,0.8231,0.0,-0.203,14.1224,inf,0.0
1787083714.935,re,5.5433,1.5135,0.8231,0.8231,0.0,-0.203,14.1224,inf,0.0
1787083714.985,re,5.5617,1.5302,0.8528,0.8528,0.0,-0.203,14.1053,inf,0.0
1787083715.035,re,5.5617,1.5302,0.8528,0.8528,0.0,-0.203,14.1053,inf,0.0
1787083715.135,seguindo,5.5768,1.5455,0.8772,0.9719,0.0946,0.5,14.0896,inf,-0.0094
1787083715.185,seguindo,5.5811,1.5528,0.8979,1.0083,0.1103,0.5,14.0735,inf,-0.0143
1787083715.235,seguindo,5.5811,1.5528,0.8979,1.0083,0.1103,0.5,14.0735,inf,-0.0143
1787083715.285,seguindo,5.58,1.544,0.9107,1.0177,0.107,0.5,14.0823,inf,-0.0191
1787083715.335,seguindo,5.58,1.544,0.9107,1.0177,0.107,0.5,14.0823,inf,-0.0191
1787083715.385,seguindo,5.5716,1.5292,0.9209,1.0009,0.08,0.5,14.0974,inf,-0.0222
1787083715.435,seguindo,5.5716,1.5292,0.9209,1.0009,0.08,0.5,14.0974,inf,-0.0222
1787083715.485,seguindo,5.5647,1.5149,0.9317,1.006,0.0743,0.5,14.1119,inf,-0.0262
1787083715.535,seguindo,5.5647,1.5149,0.9317,1.006,0.0743,0.5,14.1119,inf,-0.0262
1787083715.585,seguindo,5.5546,1.5039,0.9386,0.9931,0.0545,0.5,14.1142,inf,-0.02
1787083715.635,seguindo,5.5546,1.5039,0.9386,0.9931,0.0545,0.5,14.1142,inf,-0.02
1787083715.685,seguindo,5.5474,1.494,0.9442,0.9916,0.0474,0.5,14.1243,inf,-0.0221
1787083715.735,seguindo,5.5474,1.494,0.9442,0.9916,0.0474,0.5,14.1243,inf,-0.0221
1787083715.785,seguindo,5.5402,1.4859,0.9477,0.9876,0.0399,0.5,14.1326,inf,-0.0275
1787083715.835,seguindo,5.5402,1.4859,0.9477,0.9876,0.0399,0.5,14.1326,inf,-0.0275
1787083715.885,seguindo,5.5381,1.4833,0.9493,0.9868,0.0375,0.5,14.1353,inf,-0.0299
1787083715.935,seguindo,5.5381,1.4833,0.9493,0.9868,0.0375,0.5,14.1353,inf,-0.0299
1787083715.985,seguindo,5.5405,1.4854,0.9617,0.9889,0.0272,0.5,14.1331,inf,-0.028
1787083716.035,seguindo,5.5405,1.4854,0.9617,0.9889,0.0272,0.5,14.1331,inf,-0.028
1787083716.085,seguindo,5.5471,1.4931,0.985,0.9922,0.0072,0.5,14.1253,inf,-0.0228
1787083716.135,seguindo,5.5471,1.4931,0.985,0.9922,0.0072,0.5,14.1253,inf,-0.0228
1787083716.185,seguindo,5.5529,1.5029,1.0142,0.9909,-0.0233,0.5,14.1153,inf,-0.0193
1787083716.235,seguindo,5.5529,1.5029,1.0142,0.9909,-0.0233,0.5,14.1153,inf,-0.0193
1787083716.285,seguindo,5.5601,1.5194,1.0506,0.9827,-0.0679,0.5,14.0987,inf,-0.0143
1787083716.335,seguindo,5.5601,1.5194,1.0506,0.9827,-0.0679,0.5,14.0987,inf,-0.0143
1787083716.385,seguindo,5.5662,1.5345,1.0964,0.9967,-0.0997,0.5,14.0835,inf,-0.0094
1787083716.435,seguindo,5.5662,1.5345,1.0964,0.9967,-0.0997,0.5,14.0835,inf,-0.0094
1787083716.485,seguindo,5.5745,1.5487,1.1421,0.9947,-0.1475,0.5,14.0691,inf,-0.0067
1787083716.535,seguindo,5.5745,1.5487,1.1421,0.9947,-0.1475,0.5,14.0691,inf,-0.0067
1787083716.585,seguindo,5.59,1.5694,1.1849,0.9994,-0.1854,0.5,14.048,inf,-0.0055
1787083716.635,seguindo,5.59,1.5694,1.1849,0.9994,-0.1854,0.5,14.048,inf,-0.0055
1787083716.685,seguindo,5.5994,1.5942,1.2165,1.0499,-0.1666,0.5,14.0231,inf,0.0029
1787083716.735,seguindo,5.5994,1.5942,1.2165,1.0499,-0.1666,0.5,14.0231,inf,0.0029
1787083716.785,seguindo,5.6106,1.6146,1.2428,1.049,-0.1939,0.5,14.0024,inf,0.0071
1787083716.835,seguindo,5.6106,1.6146,1.2428,1.049,-0.1939,0.5,14.0024,inf,0.0071
1787083716.885,seguindo,5.6201,1.6443,1.2601,1.0321,-0.2281,0.5,13.9725,inf,0.0182
1787083716.935,seguindo,5.6201,1.6443,1.2601,1.0321,-0.2281,0.5,13.9725,inf,0.0182
1787083716.985,seguindo,5.6268,1.6739,1.2735,1.0726,-0.2009,0.5,13.9338,inf,0.0253
1787083717.035,seguindo,5.6268,1.6739,1.2735,1.0726,-0.2009,0.5,13.9338,inf,0.0253
1787083717.085,seguindo,5.632,1.7086,1.2812,1.0396,-0.2416,0.5,13.899,inf,0.0417
1787083717.135,seguindo,5.632,1.7086,1.2812,1.0696,-0.2116,0.5,13.899,inf,-0.0193
1787083717.185,seguindo,5.6418,1.7373,1.2897,1.1254,-0.1643,0.5,13.8701,inf,-0.0093
1787083717.235,seguindo,5.6418,1.7373,1.2897,1.1254,-0.1643,0.5,13.8701,inf,-0.0093
1787083717.285,seguindo,5.6512,1.7602,1.2953,1.1219,-0.1733,0.5,13.8471,inf,-0.0026
1787083717.335,seguindo,5.6512,1.7602,1.2953,1.1219,-0.1733,0.5,13.8471,inf,-0.0026
1787083717.385,seguindo,5.6602,1.7898,1.301,1.1093,-0.1917,0.5,13.8174,inf,0.0081
1787083717.436,seguindo,5.6602,1.7898,1.301,1.1093,-0.1917,0.5,13.8174,inf,0.0081
1787083717.485,seguindo,5.6678,1.8135,1.3066,1.144,-0.1626,0.5,13.7936,inf,0.0163
1787083717.535,seguindo,5.6678,1.8135,1.3066,1.144,-0.1626,0.5,13.7936,inf,0.0163
1787083717.585,seguindo,5.6755,1.8427,1.3074,1.1301,-0.1773,0.5,13.7643,inf,0.0274
1787083717.635,seguindo,5.6755,1.8427,1.3074,1.1301,-0.1773,0.5,13.7643,inf,0.0274
1787083717.685,seguindo,5.684,1.8669,1.3066,1.1707,-0.1359,0.5,13.7399,inf,0.0343
1787083717.735,seguindo,5.684,1.8669,1.3066,1.1707,-0.1359,0.5,13.7399,inf,0.0343
1787083717.785,seguindo,5.6937,1.9001,1.3049,1.1594,-0.1455,0.5,13.7066,inf,0.0449
1787083717.835,seguindo,5.6937,1.9001,1.3049,1.1594,-0.1455,0.5,13.7066,inf,0.0449
1787083717.885,seguindo,5.7002,1.9254,1.3007,1.4346,0.1338,0.5,13.6813,0.7731,0.0526
1787083717.935,seguindo,5.7002,1.9254,1.3007,1.4346,0.1338,0.5,13.6813,0.7731,0.0526
1787083717.985,seguindo,5.709,1.9534,1.2937,1.4396,0.1459,0.5,13.6532,0.7731,0.0593
1787083718.035,seguindo,5.709,1.9534,1.2937,1.4551,0.1614,0.5,13.6408,0.7731,0.0465
1787083718.085,seguindo,5.7162,1.9816,1.2882,1.4631,0.1749,0.5,13.6124,1.032,0.0527
1787083718.135,seguindo,5.7162,1.9816,1.2882,1.4631,0.1749,0.5,13.6124,1.032,0.0527
1787083718.185,seguindo,5.7261,2.014,1.2804,1.471,0.1905,0.5,13.5799,0.6602,-0.0132
1787083718.235,seguindo,5.7261,2.014,1.2804,1.471,0.1905,0.5,13.5799,0.6602,-0.0132
1787083718.285,seguindo,5.7354,2.0449,1.2697,1.4761,0.2064,0.5,13.5489,0.804,-0.0053
1787083718.335,seguindo,5.7354,2.0449,1.2697,1.4761,0.2064,0.5,13.5489,0.804,-0.0053
1787083718.385,seguindo,5.7444,2.072,1.2609,1.4826,0.2216,0.5,13.5217,0.804,-0.0002
1787083718.435,seguindo,5.7444,2.072,1.2609,1.4826,0.2216,0.5,13.5217,0.804,-0.0002
1787083718.485,seguindo,5.7538,2.0971,1.2533,1.4864,0.2331,0.5,13.4965,1.0959,0.0027
1787083718.535,seguindo,5.7538,2.0971,1.2533,1.4864,0.2331,0.5,13.4965,1.0959,0.0027
1787083718.585,seguindo,5.7628,2.1246,1.2455,1.493,0.2476,0.5,13.4689,1.0959,0.0057
1787083718.635,seguindo,5.7628,2.1246,1.2455,1.493,0.2476,0.5,13.4689,1.0959,0.0057
1787083718.685,seguindo,5.7734,2.1441,1.2396,1.4972,0.2577,0.5,13.4493,1.6127,0.0028
1787083718.735,seguindo,5.7734,2.1441,1.2396,1.4972,0.2577,0.5,13.4493,1.6127,0.0028
1787083718.785,seguindo,5.7831,2.1727,1.235,1.5049,0.2698,0.5,13.4206,1.6127,0.0027
1787083718.835,seguindo,5.7831,2.1727,1.235,1.5049,0.2698,0.5,13.4206,1.6127,0.0027
1787083718.885,seguindo,5.7935,2.1956,1.2327,1.5308,0.298,0.5,13.407,2.4545,-0.0092
1787083718.935,seguindo,5.7935,2.1956,1.2327,1.5308,0.298,0.5,13.407,2.4545,-0.0092
1787083718.985,seguindo,5.8039,2.2196,1.2319,1.5401,0.3082,0.5,13.3831,2.4545,-0.0136
1787083719.035,seguindo,5.8039,2.2196,1.2319,1.5401,0.3082,0.5,13.3831,2.4545,-0.0136
1787083719.085,seguindo,5.8118,2.2467,1.2311,1.5415,0.3104,0.5,13.3561,2.8258,-0.017
1787083719.135,seguindo,5.8118,2.2467,1.2311,1.5415,0.3104,0.5,13.3561,2.8258,-0.017
1787083719.185,seguindo,5.8198,2.2778,1.2327,1.5486,0.3159,0.5,13.3251,2.8258,-0.0205
1787083719.235,seguindo,5.8198,2.2778,1.2327,1.5972,0.3645,0.5,13.3251,4.1966,-0.0224
1787083719.285,seguindo,5.828,2.2993,1.2375,1.6039,0.3664,0.5,13.3036,4.1816,-0.0299
1787083719.335,seguindo,5.828,2.2993,1.2375,1.6039,0.3664,0.5,13.3036,4.1816,-0.0299
1787083719.385,seguindo,5.8354,2.3254,1.2397,1.6122,0.3725,0.5,13.2777,4.1816,-0.0365
1787083719.435,seguindo,5.8354,2.3254,1.2397,1.6122,0.3725,0.5,13.2777,4.1816,-0.0365
1787083719.485,seguindo,5.8463,2.3516,1.2424,1.6212,0.3787,0.5,13.2515,4.9837,-0.0466
1787083719.535,seguindo,5.8463,2.3516,1.2424,1.6212,0.3787,0.5,13.2515,4.9837,-0.0466
1787083719.585,seguindo,5.8556,2.3797,1.2452,1.6319,0.3866,0.5,13.2236,4.9837,-0.0549
1787083719.635,seguindo,5.8556,2.3797,1.2452,1.6319,0.3866,0.5,13.2236,4.9837,-0.0549
1787083719.685,seguindo,5.8693,2.3996,1.2495,1.6425,0.3931,0.5,13.2039,4.8227,-0.068
1787083719.735,seguindo,5.8693,2.3996,1.2495,1.6425,0.3931,0.5,13.2039,4.8227,-0.068
1787083719.785,seguindo,5.8797,2.4272,1.2563,1.6549,0.3987,0.5,13.1765,4.8227,-0.0775
1787083719.835,seguindo,5.8797,2.4272,1.2563,1.6549,0.3987,0.5,13.1765,4.8227,-0.0775
1787083719.885,seguindo,5.8896,2.4492,1.2618,1.6611,0.3993,0.5,13.1546,4.1966,-0.0867
1787083719.935,seguindo,5.8896,2.4492,1.2618,1.6611,0.3993,0.5,13.1546,4.1966,-0.0867
1787083719.985,seguindo,5.897,2.4771,1.273,1.679,0.4059,0.5,13.1302,4.1966,-0.0955
1787083720.035,seguindo,5.897,2.4771,1.273,1.679,0.4059,0.5,13.1302,4.1966,-0.0955
1787083720.085,seguindo,5.9069,2.5016,1.2828,1.6848,0.4019,0.5,13.106,4.1816,-0.1049
1787083720.135,seguindo,5.9069,2.5016,1.2828,1.6848,0.4019,0.5,13.106,4.1816,-0.1049
1787083720.185,seguindo,5.9131,2.531,1.2925,1.6942,0.4018,0.5,13.0768,4.1816,-0.1105
1787083720.235,seguindo,5.9131,2.531,1.2925,1.6942,0.4018,0.5,13.0768,4.1816,-0.1105
1787083720.285,seguindo,5.9213,2.5475,1.3033,1.6515,0.3482,0.5,13.0604,0.9492,-0.0013
1787083720.335,seguindo,5.9213,2.5475,1.3033,1.6515,0.3482,0.5,13.0604,0.9492,-0.0013
1787083720.385,seguindo,5.9298,2.5728,1.3167,1.6597,0.343,0.5,13.0354,0.9219,-0.0196
1787083720.435,seguindo,5.9298,2.5728,1.3167,1.6597,0.343,0.5,13.0354,0.9219,-0.0196
1787083720.485,seguindo,5.9365,2.5967,1.3271,1.6686,0.3415,0.5,13.0117,0.9219,-0.0358
1787083720.535,seguindo,5.9365,2.5967,1.3271,1.6686,0.3415,0.5,13.0117,0.9219,-0.0358
1787083720.585,seguindo,5.9407,2.625,1.3397,1.6759,0.3362,0.5,12.9834,0.9219,-0.0513
1787083720.635,seguindo,5.9407,2.625,1.3397,1.6759,0.3362,0.5,12.9834,0.9219,-0.0513
1787083720.685,seguindo,5.9463,2.6529,1.3538,1.6809,0.3271,0.5,12.9557,0.9426,-0.0677
1787083720.736,seguindo,5.9463,2.6529,1.3538,1.6809,0.3271,0.5,12.9557,0.9426,-0.0677
1787083720.785,seguindo,5.9521,2.6799,1.3663,1.6901,0.3237,0.5,12.9289,0.9426,-0.0834
1787083720.835,seguindo,5.9521,2.6799,1.3663,1.6901,0.3237,0.5,12.9289,0.9426,-0.0834
1787083720.885,seguindo,5.9555,2.7053,1.3805,1.6919,0.3114,0.5,12.9036,0.9226,-0.096
1787083720.935,seguindo,5.9555,2.7053,1.3805,1.6919,0.3114,0.5,12.9036,0.9226,-0.096
1787083720.985,seguindo,5.9609,2.7304,1.3952,1.7006,0.3054,0.5,12.8787,0.9226,-0.1098
1787083721.035,seguindo,5.9609,2.7304,1.3952,1.7006,0.3054,0.5,12.8787,0.9226,-0.1098
1787083721.085,seguindo,5.9697,2.7599,1.4102,1.6973,0.2871,0.5,12.8348,0.9492,-0.1312
1787083721.135,seguindo,5.9697,2.7599,1.4102,1.6973,0.2871,0.5,12.8348,0.9492,-0.1312
1787083721.185,seguindo,5.9761,2.7835,1.4264,1.7004,0.274,0.5,12.8114,1.0417,-0.1439
1787083721.235,seguindo,5.9761,2.7835,1.4264,1.7004,0.274,0.5,12.8114,1.0417,-0.1439
1787083721.285,seguindo,5.9795,2.8108,1.442,1.7075,0.2655,0.5,12.7841,1.0417,-0.1541
1787083721.335,seguindo,5.9795,2.8108,1.442,1.6777,0.2357,0.5,12.7841,0.8183,0.0288
1787083721.385,seguindo,5.9828,2.8367,1.4571,1.6838,0.2267,0.5,12.7583,0.8183,0.0132
1787083721.435,seguindo,5.9828,2.8367,1.4571,1.6838,0.2267,0.5,12.7583,0.8183,0.0132
1787083721.485,seguindo,5.9865,2.861,1.4726,1.685,0.2124,0.5,12.7341,0.8481,-0.0016
1787083721.535,seguindo,5.9865,2.861,1.4726,1.685,0.2124,0.5,12.7341,0.8481,-0.0016
1787083721.585,seguindo,5.9885,2.8872,1.4871,1.69,0.203,0.5,12.7079,0.8481,-0.0156
1787083721.636,seguindo,5.9885,2.8872,1.4871,1.69,0.203,0.5,12.7079,0.8481,-0.0156
1787083721.685,seguindo,5.9873,2.9145,1.5009,1.6866,0.1857,0.5,12.6806,0.9553,-0.0264
1787083721.735,seguindo,5.9873,2.9145,1.5009,1.6866,0.1857,0.5,12.6806,0.9553,-0.0264
1787083721.785,seguindo,5.9879,2.9392,1.516,1.6901,0.1741,0.5,12.6559,0.9553,-0.0377
1787083721.835,seguindo,5.9879,2.9392,1.516,1.6901,0.1741,0.5,12.6559,0.9553,-0.0377
1787083721.885,seguindo,5.9877,2.9622,1.5307,1.6928,0.1621,0.5,12.6329,0.9553,-0.0464
1787083721.935,seguindo,5.9877,2.9622,1.5307,1.6928,0.1621,0.5,12.6329,0.9553,-0.0464
1787083721.985,seguindo,5.9923,2.9888,1.5475,1.695,0.1475,0.5,12.6064,1.1576,-0.0608
1787083722.035,seguindo,5.9923,2.9888,1.5475,1.695,0.1475,0.5,12.6064,1.1576,-0.0608
1787083722.085,seguindo,5.9985,3.0162,1.5618,1.7049,0.1431,0.5,12.5791,1.1576,-0.0758
1787083722.135,seguindo,5.9985,3.0162,1.5618,1.7282,0.1665,0.5,12.5772,1.1576,-0.0813
1787083722.185,seguindo,5.999,3.0421,1.5771,1.7262,0.1492,0.5,12.5513,1.5089,-0.0905
1787083722.235,seguindo,5.999,3.0421,1.5771,1.7262,0.1492,0.5,12.5513,1.5089,-0.0905
1787083722.285,seguindo,5.9978,3.0697,1.5923,1.7229,0.1306,0.5,12.5237,2.1144,-0.0971
1787083722.335,seguindo,5.9978,3.0697,1.5923,1.7229,0.1306,0.5,12.5237,2.1144,-0.0971
1787083722.385,seguindo,5.9987,3.0917,1.6072,1.7437,0.1365,0.5,12.5018,0.6686,-0.0261
1787083722.435,seguindo,5.9987,3.0917,1.6072,1.7437,0.1365,0.5,12.5018,0.6686,-0.0261
1787083722.485,seguindo,5.9983,3.1223,1.6226,1.7488,0.1262,0.5,12.4712,0.6686,-0.0427
1787083722.535,seguindo,5.9983,3.1223,1.6226,1.7488,0.1262,0.5,12.4712,0.6686,-0.0427
1787083722.585,seguindo,5.999,3.1484,1.6392,1.7447,0.1055,0.5,12.4452,0.7908,-0.0577
1787083722.635,seguindo,5.999,3.1484,1.6392,1.7447,0.1055,0.5,12.4452,0.7908,-0.0577
1787083722.685,seguindo,5.9986,3.1779,1.6541,1.7497,0.0955,0.5,12.4156,0.7908,-0.0726
1787083722.735,seguindo,5.9986,3.1779,1.6541,1.7497,0.0955,0.5,12.4156,0.7908,-0.0726
1787083722.785,seguindo,5.9976,3.202,1.6696,1.7434,0.0739,0.5,12.3915,1.253,-0.0839
1787083722.835,seguindo,5.9976,3.202,1.6696,1.7434,0.0739,0.5,12.3915,1.253,-0.0839
1787083722.885,seguindo,5.9947,3.2265,1.6838,1.7449,0.061,0.5,12.3669,1.253,-0.0925
1787083722.935,seguindo,5.9947,3.2265,1.6838,1.7449,0.061,0.5,12.3669,1.253,-0.0925
1787083722.985,seguindo,5.9921,3.2448,1.6995,1.7362,0.0367,0.5,12.3485,1.7324,-0.0978
1787083723.035,seguindo,5.9921,3.2448,1.6995,1.7362,0.0367,0.5,12.3485,1.7324,-0.0978
1787083723.085,seguindo,5.9888,3.2708,1.714,1.7372,0.0233,0.5,12.3224,1.7324,-0.1043
1787083723.136,seguindo,5.9888,3.2708,1.714,1.7367,0.0228,0.5,12.3185,1.7324,-0.1099
1787083723.185,seguindo,5.9828,3.2982,1.7303,1.726,-0.0042,0.5,12.2909,2.3471,-0.1127
1787083723.235,seguindo,5.9828,3.2982,1.7303,1.726,-0.0042,0.5,12.2909,2.3471,-0.1127
1787083723.285,seguindo,5.9785,3.3326,1.7451,1.7108,-0.0343,0.5,12.2563,2.948,-0.1167
1787083723.335,seguindo,5.9785,3.3326,1.7451,1.7108,-0.0343,0.5,12.2563,2.948,-0.1167
1787083723.385,seguindo,5.9754,3.3609,1.7603,1.7045,-0.0558,0.5,12.2279,3.181,-0.119
1787083723.435,seguindo,5.9754,3.3609,1.7603,1.7165,-0.0438,0.5,12.2279,1.1049,-0.0299
1787083723.485,seguindo,5.9694,3.3945,1.773,1.7154,-0.0576,0.5,12.1942,1.1049,-0.0295
1787083723.535,seguindo,5.9694,3.3945,1.773,1.7154,-0.0576,0.5,12.1942,1.1049,-0.0295
1787083723.585,seguindo,5.9615,3.4227,1.7877,1.7037,-0.084,0.5,12.1658,1.0965,-0.0328
1787083723.635,seguindo,5.9615,3.4227,1.7877,1.7037,-0.084,0.5,12.1658,1.0965,-0.0328
1787083723.685,seguindo,5.9555,3.4527,1.7985,1.7017,-0.0968,0.5,12.1356,1.0965,-0.0384
1787083723.735,seguindo,5.9555,3.4527,1.7985,1.7017,-0.0968,0.5,12.1356,1.0965,-0.0384
1787083723.785,seguindo,5.9497,3.478,1.8073,1.692,-0.1153,0.5,12.1101,0.9828,-0.0423
1787083723.835,seguindo,5.9497,3.478,1.8073,1.692,-0.1153,0.5,12.1101,0.9828,-0.0423
1787083723.885,seguindo,5.9477,3.5034,1.8106,1.6931,-0.1175,0.5,12.0847,0.9828,-0.0496
1787083723.935,seguindo,5.9477,3.5034,1.8106,1.6931,-0.1175,0.5,12.0847,0.9828,-0.0496
1787083723.985,seguindo,5.9416,3.5305,1.8144,1.6836,-0.1307,0.5,12.0574,0.9863,-0.0535
1787083724.035,seguindo,5.9416,3.5305,1.8144,1.6836,-0.1307,0.5,12.0574,0.9863,-0.0535
1787083724.085,seguindo,5.9371,3.5552,1.8129,1.6818,-0.1311,0.5,12.0326,0.9863,-0.0574
1787083724.135,seguindo,5.9371,3.5552,1.8129,1.6354,-0.1775,0.5,12.0334,1.1049,-0.0414
1787083724.185,seguindo,5.9304,3.5835,1.8101,1.6306,-0.1796,0.5,12.005,1.1049,-0.0436
1787083724.235,seguindo,5.9304,3.5835,1.8101,1.6306,-0.1796,0.5,12.005,1.1049,-0.0436
1787083724.285,seguindo,5.9247,3.607,1.8037,1.6221,-0.1816,0.5,11.9815,1.3746,-0.0445
1787083724.335,seguindo,5.9247,3.607,1.8037,1.6221,-0.1816,0.5,11.9815,1.3746,-0.0445
1787083724.385,seguindo,5.9182,3.6333,1.796,1.6168,-0.1791,0.5,11.9552,1.3746,-0.0449
1787083724.435,seguindo,5.9182,3.6333,1.796,1.6168,-0.1791,0.5,11.9552,1.3746,-0.0449
1787083724.485,seguindo,5.9094,3.6643,1.7874,1.6814,-0.106,0.5,11.9242,1.6535,0.0167
1787083724.535,seguindo,5.9094,3.6643,1.7874,1.6814,-0.106,0.5,11.9242,1.6535,0.0167
1787083724.585,seguindo,5.903,3.6885,1.7785,1.6776,-0.1008,0.5,11.8999,1.6535,0.0149
1787083724.635,seguindo,5.903,3.6885,1.7785,1.6776,-0.1008,0.5,11.8999,1.6535,0.0149
1787083724.685,seguindo,5.8993,3.7119,1.7675,1.6694,-0.0982,0.5,11.8765,2.3852,0.0108
1787083724.735,seguindo,5.8993,3.7119,1.7675,1.6694,-0.0982,0.5,11.8765,2.3852,0.0108
1787083724.785,seguindo,5.8955,3.7424,1.7559,1.6593,-0.0966,0.5,11.846,3.7026,0.0061
1787083724.835,seguindo,5.8955,3.7424,1.7559,1.6593,-0.0966,0.5,11.846,3.7026,0.0061
1787083724.885,seguindo,5.8923,3.7665,1.7456,1.6582,-0.0873,0.5,11.822,3.7026,0.0028
1787083724.935,seguindo,5.8923,3.7665,1.7456,1.6582,-0.0873,0.5,11.822,3.7026,0.0028
1787083724.985,seguindo,5.8883,3.7942,1.7334,1.6457,-0.0877,0.5,11.7943,3.8365,0.0007
1787083725.035,seguindo,5.8883,3.7942,1.7334,1.6457,-0.0877,0.5,11.7943,3.8365,0.0007
1787083725.085,seguindo,5.884,3.8252,1.722,1.6592,-0.0628,0.5,11.7528,3.8365,-0.0103
1787083725.135,seguindo,5.884,3.8252,1.722,1.6592,-0.0628,0.5,11.7528,3.8365,-0.0103
1787083725.185,seguindo,5.8799,3.8514,1.709,1.6463,-0.0628,0.5,11.7266,2.719,-0.0111
1787083725.235,seguindo,5.8799,3.8514,1.709,1.6463,-0.0628,0.5,11.7266,2.719,-0.0111
1787083725.285,seguindo,5.8765,3.8802,1.6962,1.645,-0.0512,0.5,11.6978,2.719,-0.0123
1787083725.335,seguindo,5.8765,3.8802,1.6962,1.645,-0.0512,0.5,11.6978,2.719,-0.0123
1787083725.385,seguindo,5.8748,3.9108,1.6838,1.6355,-0.0483,0.5,11.6672,1.8706,-0.0152
1787083725.436,seguindo,5.8748,3.9108,1.6838,1.6355,-0.0483,0.5,11.6672,1.8706,-0.0152
1787083725.485,seguindo,5.8721,3.9412,1.6714,1.6263,-0.045,0.5,11.6368,1.2444,-0.0166
1787083725.535,seguindo,5.8721,3.9412,1.6714,1.6019,-0.0695,0.5,11.6368,3123.848,-0.017
1787083725.585,seguindo,5.8686,3.9699,1.6602,1.5992,-0.0609,0.5,11.608,3123.848,-0.0034
1787083725.635,seguindo,5.8686,3.9699,1.6602,1.5992,-0.0609,0.5,11.608,3123.848,-0.0034
1787083725.685,seguindo,5.8658,3.9974,1.6483,1.5969,-0.0514,0.5,11.5805,1660.4249,-0.0013
1787083725.735,seguindo,5.8658,3.9974,1.6483,1.5969,-0.0514,0.5,11.5805,1660.4249,-0.0013
1787083725.785,seguindo,5.8641,4.0348,1.6365,1.596,-0.0405,0.5,11.5431,895.2999,-0.0006
1787083725.835,seguindo,5.8641,4.0348,1.6365,1.596,-0.0405,0.5,11.5431,895.2999,-0.0006
1787083725.885,seguindo,5.8618,4.0662,1.6236,1.5945,-0.0291,0.5,11.5117,895.2999,0.0009
1787083725.935,seguindo,5.8618,4.0662,1.6236,1.5945,-0.0291,0.5,11.5117,895.2999,0.0009
1787083725.985,seguindo,5.8604,4.094,1.6113,1.5935,-0.0178,0.5,11.4838,491.0359,0.0016
1787083726.035,seguindo,5.8604,4.094,1.6113,1.5935,-0.0178,0.5,11.4838,491.0359,0.0016
1787083726.085,seguindo,5.8577,4.1288,1.5981,1.5648,-0.0333,0.5,11.465,491.0359,0.0163
1787083726.135,seguindo,5.8577,4.1288,1.5981,1.5648,-0.0333,0.5,11.465,491.0359,0.0163
1787083726.185,seguindo,5.8561,4.1533,1.5839,1.5634,-0.0205,0.5,11.4405,274.9052,0.0177
1787083726.235,seguindo,5.8561,4.1533,1.5839,1.5634,-0.0205,0.5,11.4405,274.9052,0.0177
1787083726.285,seguindo,5.8541,4.1818,1.5711,1.5612,-0.01,0.5,11.4121,274.9052,0.0193
1787083726.335,seguindo,5.8541,4.1818,1.5711,1.5612,-0.01,0.5,11.4121,274.9052,0.0193
1787083726.385,seguindo,5.8542,4.2091,1.5585,1.5613,0.0028,0.5,11.3848,157.8356,0.019
1787083726.435,seguindo,5.8542,4.2091,1.5585,1.5613,0.0028,0.5,11.3848,157.8356,0.019
1787083726.485,seguindo,5.8561,4.241,1.5465,1.5629,0.0164,0.5,11.3529,157.8356,0.0167
1787083726.535,seguindo,5.8561,4.241,1.5465,1.5629,0.0164,0.5,11.3529,157.8356,0.0167
1787083726.585,seguindo,5.859,4.2627,1.5359,1.5736,0.0377,0.5,11.3311,8.5923,0.0095
1787083726.635,seguindo,5.859,4.2627,1.5359,1.5736,0.0377,0.5,11.3311,8.5923,0.0095
1787083726.685,seguindo,5.8638,4.292,1.5259,1.5785,0.0526,0.5,11.3018,8.5923,-0.0045
1787083726.735,seguindo,5.8638,4.292,1.5259,1.5785,0.0526,0.5,11.3018,8.5923,-0.0045
1787083726.785,seguindo,5.8693,4.3226,1.5144,1.5853,0.0709,0.5,11.2712,10.4624,-0.011
1787083726.835,seguindo,5.8693,4.3226,1.5144,1.5853,0.0709,0.5,11.2712,10.4624,-0.011
1787083726.885,seguindo,5.8766,4.3567,1.5028,1.5937,0.0909,0.5,11.237,10.7573,-0.0194
1787083726.935,seguindo,5.8766,4.3567,1.5028,1.5937,0.0909,0.5,11.237,10.7573,-0.0194
1787083726.985,seguindo,5.8791,4.3843,1.4957,1.6029,0.1072,0.5,11.1999,10.7573,-0.0208
1787083727.035,seguindo,5.8791,4.3843,1.4957,1.6029,0.1072,0.5,11.1999,10.7573,-0.0208
1787083727.085,seguindo,5.8812,4.4134,1.4881,1.6057,0.1177,0.5,11.1709,8.4395,-0.0238
1787083727.135,seguindo,5.8812,4.4134,1.4881,1.6057,0.1177,0.5,11.1709,8.4395,-0.0238
1787083727.185,seguindo,5.8829,4.444,1.4833,1.6075,0.1242,0.5,11.1402,7.5545,-0.0261
1787083727.236,seguindo,5.8829,4.444,1.4833,1.6075,0.1242,0.5,11.1402,7.5545,-0.0261
1787083727.285,seguindo,5.8838,4.4738,1.48,1.6096,0.1296,0.5,11.1104,7.5545,-0.0276
1787083727.335,seguindo,5.8838,4.4738,1.48,1.6096,0.1296,0.5,11.1104,7.5545,-0.0276
1787083727.385,seguindo,5.8859,4.5092,1.4793,1.6112,0.1319,0.5,11.0751,8.0095,-0.0301
1787083727.435,seguindo,5.8859,4.5092,1.4793,1.6112,0.1319,0.5,11.0751,8.0095,-0.0301
1787083727.485,seguindo,5.8876,4.5397,1.4816,1.6115,0.1299,0.5,11.0445,10.7573,-0.0319
1787083727.535,seguindo,5.8876,4.5397,1.4816,1.6115,0.1299,0.5,11.0445,10.7573,-0.0319
1787083727.585,seguindo,5.8906,4.5681,1.485,1.6157,0.1306,0.5,11.0161,10.7573,-0.0351
1787083727.635,seguindo,5.8906,4.5681,1.485,1.6,0.115,0.5,11.0161,5.4289,0.0038
1787083727.685,seguindo,5.894,4.5969,1.4917,1.6016,0.1099,0.5,10.9874,6.2115,-0.0013
1787083727.735,seguindo,5.894,4.5969,1.4917,1.6016,0.1099,0.5,10.9874,6.2115,-0.0013
1787083727.786,seguindo,5.8958,4.6203,1.4992,1.604,0.1048,0.5,10.9639,6.2115,-0.0045
1787083727.835,seguindo,5.8958,4.6203,1.4992,1.604,0.1048,0.5,10.9639,6.2115,-0.0045
1787083727.885,seguindo,5.8964,4.648,1.5073,1.6029,0.0956,0.5,10.9362,6.2077,-0.0068
1787083727.935,seguindo,5.8964,4.648,1.5073,1.5914,0.0841,0.5,10.9172,6.2077,-0.0045
1787083727.985,seguindo,5.8969,4.6742,1.5156,1.59,0.0744,0.5,10.891,5.427,-0.0064
1787083728.035,seguindo,5.8969,4.6742,1.5156,1.59,0.0744,0.5,10.891,5.427,-0.0064
1787083728.085,seguindo,5.896,4.6962,1.5239,1.5895,0.0656,0.5,10.869,5.427,-0.0066
1787083728.135,seguindo,5.896,4.6962,1.5239,1.5895,0.0656,0.5,10.869,5.427,-0.0066
1787083728.185,seguindo,5.8994,4.7245,1.5307,1.5908,0.0601,0.5,10.8407,5.1824,-0.0114
1787083728.235,seguindo,5.8994,4.7245,1.5307,1.5908,0.0601,0.5,10.8407,5.1824,-0.0114
1787083728.285,seguindo,5.9036,4.7587,1.5391,1.5956,0.0565,0.5,10.8065,5.1824,-0.0174
1787083728.335,seguindo,5.9036,4.7587,1.5391,1.5956,0.0565,0.5,10.8065,5.1824,-0.0174
1787083728.385,seguindo,5.909,4.7884,1.5468,1.5988,0.0519,0.5,10.7768,5.4289,-0.0244
1787083728.435,seguindo,5.909,4.7884,1.5468,1.5988,0.0519,0.5,10.7768,5.4289,-0.0244
1787083728.485,seguindo,5.9095,4.8092,1.5547,1.5998,0.0451,0.5,10.7559,5.4289,-0.026
1787083728.535,seguindo,5.9095,4.8092,1.5547,1.5998,0.0451,0.5,10.7559,5.4289,-0.026
1787083728.585,seguindo,5.9086,4.8339,1.5617,1.5968,0.035,0.5,10.7312,6.2115,-0.0263
1787083728.636,seguindo,5.9086,4.8339,1.5617,1.5968,0.035,0.5,10.7312,6.2115,-0.0263
1787083728.685,seguindo,5.9103,4.8577,1.5695,1.6279,0.0584,0.5,10.7074,11.2965,-0.0293
1787083728.735,seguindo,5.9103,4.8577,1.5695,1.6279,0.0584,0.5,10.7074,11.2965,-0.0293
1787083728.785,seguindo,5.9108,4.8839,1.5778,1.6394,0.0616,0.5,10.6821,12.9221,-0.0426
1787083728.835,seguindo,5.9108,4.8839,1.5778,1.6394,0.0616,0.5,10.6821,12.9221,-0.0426
1787083728.885,seguindo,5.9096,4.9121,1.5862,1.6401,0.0538,0.5,10.6539,12.9221,-0.0428
1787083728.935,seguindo,5.9096,4.9121,1.5862,1.6401,0.0538,0.5,10.6539,12.9221,-0.0428
1787083728.985,seguindo,5.9081,4.935,1.5931,1.6375,0.0444,0.5,10.631,12.9281,-0.0425
1787083729.035,seguindo,5.9081,4.935,1.5931,1.6375,0.0444,0.5,10.631,12.9281,-0.0425
1787083729.085,seguindo,5.9078,4.96,1.6002,1.6389,0.0387,0.5,10.606,12.9281,-0.0436
1787083729.135,seguindo,5.9078,4.96,1.6002,1.6389,0.0387,0.5,10.606,12.9281,-0.0436
1787083729.185,seguindo,5.9077,4.9861,1.6075,1.6378,0.0304,0.5,10.5799,11.298,-0.0448
1787083729.235,seguindo,5.9077,4.9861,1.6075,1.6378,0.0304,0.5,10.5799,11.298,-0.0448
1787083729.285,seguindo,5.9057,5.0095,1.6144,1.6374,0.023,0.5,10.5565,11.298,-0.044
1787083729.335,seguindo,5.9057,5.0095,1.6144,1.6374,0.023,0.5,10.5565,11.298,-0.044
1787083729.385,seguindo,5.9064,5.0415,1.621,1.6376,0.0166,0.5,10.5245,10.786,-0.0464
1787083729.435,seguindo,5.9064,5.0415,1.621,1.6376,0.0166,0.5,10.5245,10.786,-0.0464
1787083729.485,seguindo,5.9067,5.0716,1.6312,1.6398,0.0086,0.5,10.4944,10.786,-0.0482
1787083729.535,seguindo,5.9067,5.0716,1.6312,1.6398,0.0086,0.5,10.4944,10.786,-0.0482
1787083729.585,seguindo,5.9068,5.0983,1.6392,1.639,-0.0002,0.5,10.4677,11.2965,-0.0496
1787083729.635,seguindo,5.9068,5.0983,1.6392,1.639,-0.0002,0.5,10.4677,11.2965,-0.0496
1787083729.685,seguindo,5.9053,5.1314,1.6478,1.6371,-0.0108,0.5,10.4346,12.9221,-0.0497
1787083729.735,seguindo,5.9053,5.1314,1.6478,1.6362,-0.0117,0.5,10.4346,2.5404,0.0173
1787083729.785,seguindo,5.9019,5.1661,1.6558,1.6377,-0.0181,0.5,10.4146,2.5404,-0.0022
1787083729.835,seguindo,5.9019,5.1661,1.6558,1.6377,-0.0181,0.5,10.4146,2.5404,-0.0022
1787083729.885,seguindo,5.9007,5.1989,1.6633,1.632,-0.0313,0.5,10.3818,2.4196,-0.0051
1787083729.935,seguindo,5.9007,5.1989,1.6633,1.632,-0.0313,0.5,10.3818,2.4196,-0.0051
1787083729.985,seguindo,5.8987,5.2261,1.6692,1.6316,-0.0376,0.5,10.3546,2.4196,-0.0064
1787083730.035,seguindo,5.8987,5.2261,1.6692,1.6316,-0.0376,0.5,10.3546,2.4196,-0.0064
1787083730.085,seguindo,5.8961,5.2542,1.6761,1.6243,-0.0519,0.5,10.3266,2.3545,-0.0072
1787083730.135,seguindo,5.8961,5.2542,1.6761,1.6243,-0.0519,0.5,10.3266,2.3545,-0.0072
1787083730.185,seguindo,5.8944,5.2795,1.6834,1.624,-0.0594,0.5,10.3013,2.3545,-0.0087
1787083730.235,seguindo,5.8944,5.2795,1.6834,1.624,-0.0594,0.5,10.3013,2.3545,-0.0087
1787083730.285,seguindo,5.8939,5.3029,1.6898,1.6186,-0.0712,0.5,10.2779,2.5421,-0.011
1787083730.335,seguindo,5.8939,5.3029,1.6898,1.6186,-0.0712,0.5,10.2779,2.5421,-0.011
1787083730.385,seguindo,5.8938,5.3291,1.6946,1.6199,-0.0747,0.5,10.2516,2.5421,-0.0143
1787083730.435,seguindo,5.8938,5.3291,1.6946,1.6199,-0.0747,0.5,10.2516,2.5421,-0.0143
1787083730.485,seguindo,5.8904,5.3493,1.6955,1.6116,-0.0839,0.5,10.2315,2.5404,-0.0133
1787083730.535,seguindo,5.8904,5.3493,1.6955,1.6116,-0.0839,0.5,10.2315,2.5404,-0.0133
1787083730.585,seguindo,5.888,5.3781,1.6935,1.6104,-0.0831,0.5,10.2027,2.5404,-0.0145
1787083730.635,seguindo,5.888,5.3781,1.6935,1.6104,-0.0831,0.5,10.2027,2.5404,-0.0145
1787083730.685,seguindo,5.8824,5.4039,1.6914,1.6005,-0.0909,0.5,10.1769,2.4196,-0.0121
1787083730.735,seguindo,5.8824,5.4039,1.6914,1.6073,-0.0841,0.5,10.182,2.4196,-0.0095
1787083730.785,seguindo,5.8805,5.4293,1.6861,1.5887,-0.0975,0.5,10.1567,1.5687,0.0063
1787083730.835,seguindo,5.8805,5.4293,1.6861,1.5887,-0.0975,0.5,10.1567,1.5687,0.0063
1787083730.885,seguindo,5.8738,5.4501,1.6826,1.5797,-0.1028,0.5,10.1358,1.6469,0.0094
1787083730.935,seguindo,5.8738,5.4501,1.6826,1.5797,-0.1028,0.5,10.1358,1.6469,0.0094
1787083730.985,seguindo,5.8691,5.4772,1.6772,1.5752,-0.102,0.5,10.1087,1.6469,0.0095
1787083731.035,seguindo,5.8691,5.4772,1.6772,1.5752,-0.102,0.5,10.1087,1.6469,0.0095
1787083731.085,seguindo,5.865,5.506,1.6703,1.5706,-0.0998,0.5,10.0799,1.5583,0.0087
1787083731.135,seguindo,5.865,5.506,1.6703,1.5706,-0.0998,0.5,10.0799,1.5583,0.0087
1787083731.185,seguindo,5.8638,5.5334,1.6596,1.5693,-0.0903,0.5,10.0525,1.5583,0.0053
1787083731.235,seguindo,5.8638,5.5334,1.6596,1.5693,-0.0903,0.5,10.0525,1.5583,0.0053
1787083731.285,seguindo,5.8614,5.5658,1.6458,1.5676,-0.0782,0.5,10.0202,1.9431,0.0023
1787083731.335,seguindo,5.8614,5.5658,1.6458,1.5676,-0.0782,0.5,10.0202,1.9431,0.0023
1787083731.385,seguindo,5.8593,5.5956,1.6287,1.5671,-0.0616,0.5,9.9903,1.5687,-0.0004
1787083731.435,seguindo,5.8593,5.5956,1.6287,1.5671,-0.0616,0.5,9.9903,1.5687,-0.0004
1787083731.485,seguindo,5.8578,5.6237,1.6106,1.5655,-0.0451,0.5,9.9622,1.5687,-0.0034
1787083731.536,seguindo,5.8578,5.6237,1.6106,1.5655,-0.0451,0.5,9.9622,1.5687,-0.0034
1787083731.585,seguindo,5.8566,5.6578,1.5922,1.5665,-0.0257,0.5,9.9282,1.6469,-0.0075
1787083731.635,seguindo,5.8566,5.6578,1.5922,1.5665,-0.0257,0.5,9.9282,1.6469,-0.0075
1787083731.685,seguindo,5.8578,5.6944,1.5747,1.5702,-0.0045,0.5,9.8916,1.5583,-0.014
1787083731.735,seguindo,5.8578,5.6944,1.5747,1.5767,0.002,0.5,9.9048,1.6469,-0.022
1787083731.785,seguindo,5.8606,5.7296,1.5588,1.5819,0.0231,0.5,9.8696,1.5583,-0.0298
1787083731.835,seguindo,5.8606,5.7296,1.5588,1.6009,0.042,0.5,9.8696,inf,-0.0013
1787083731.885,seguindo,5.8607,5.7631,1.5404,1.6019,0.0615,0.5,9.8361,inf,-0.0012
1787083731.935,seguindo,5.8607,5.7631,1.5404,1.6019,0.0615,0.5,9.8361,inf,-0.0012
1787083731.985,seguindo,5.8636,5.7993,1.5237,1.606,0.0823,0.5,9.7999,inf,-0.0052
1787083732.035,seguindo,5.8636,5.7993,1.5237,1.606,0.0823,0.5,9.7999,inf,-0.0052
1787083732.085,seguindo,5.8648,5.8258,1.506,1.6079,0.1019,0.5,9.7734,inf,-0.0072
1787083732.135,seguindo,5.8648,5.8258,1.506,1.6079,0.1019,0.5,9.7734,inf,-0.0072
1787083732.185,seguindo,5.8664,5.8517,1.4899,1.6105,0.1206,0.5,9.7474,inf,-0.0095
1787083732.235,seguindo,5.8664,5.8517,1.4899,1.6105,0.1206,0.5,9.7474,inf,-0.0095
1787083732.285,seguindo,5.8683,5.8742,1.4756,1.6128,0.1372,0.5,9.725,140194.5289,-0.0121
1787083732.335,seguindo,5.8683,5.8742,1.4756,1.6128,0.1372,0.5,9.725,140194.5289,-0.0121
1787083732.385,seguindo,5.8692,5.895,1.4628,1.6146,0.1518,0.5,9.7041,140194.5289,-0.0136
1787083732.435,seguindo,5.8692,5.895,1.4628,1.6146,0.1518,0.5,9.7041,140194.5289,-0.0136
1787083732.485,seguindo,5.8725,5.9152,1.4509,1.618,0.1671,0.5,9.684,70641.5975,-0.0175
1787083732.535,seguindo,5.8725,5.9152,1.4509,1.618,0.1671,0.5,9.684,70641.5975,-0.0175
1787083732.585,seguindo,5.8753,5.9382,1.4407,1.601,0.1603,0.5,9.6834,70641.5974,-0.0141
1787083732.635,seguindo,5.8753,5.9382,1.4407,1.601,0.1603,0.5,9.6834,70641.5974,-0.0141
1787083732.685,seguindo,5.8824,5.9631,1.4322,1.6089,0.1767,0.5,9.6584,70641.5974,-0.0216
1787083732.735,seguindo,5.8824,5.9631,1.4322,1.6089,0.1767,0.5,9.6584,70641.5974,-0.0216
1787083732.785,seguindo,5.8861,5.9875,1.4267,1.6124,0.1856,0.5,9.634,35821.809,-0.0257
1787083732.835,seguindo,5.8861,5.9875,1.4267,1.6124,0.1856,0.5,9.634,35821.809,-0.0257
1787083732.885,seguindo,5.8925,6.0138,1.423,1.6315,0.2085,0.5,9.6076,2.805,0.0088
1787083732.935,seguindo,5.8925,6.0138,1.423,1.6315,0.2085,0.5,9.6076,2.805,0.0088
1787083732.985,seguindo,5.8958,6.0401,1.422,1.6328,0.2108,0.5,9.5813,3.3018,0.0019
1787083733.035,seguindo,5.8958,6.0401,1.422,1.6328,0.2108,0.5,9.5813,3.3018,0.0019
1787083733.085,seguindo,5.9026,6.0678,1.4245,1.6414,0.217,0.5,9.5535,3.3018,-0.0086
1787083733.135,seguindo,5.9026,6.0678,1.4245,1.6414,0.217,0.5,9.5535,3.3018,-0.0086
1787083733.185,seguindo,5.9083,6.0983,1.4311,1.6451,0.214,0.5,9.523,2.8242,-0.0184
1787083733.236,seguindo,5.9083,6.0983,1.4311,1.6451,0.214,0.5,9.523,2.8242,-0.0184
1787083733.285,seguindo,5.913,6.1217,1.4406,1.6517,0.211,0.5,9.4995,2.8242,-0.0262
1787083733.336,seguindo,5.913,6.1217,1.4406,1.6517,0.211,0.5,9.4995,2.8242,-0.0262
1787083733.385,seguindo,5.9164,6.145,1.4509,1.6524,0.2015,0.5,9.4761,2.6575,-0.0328
1787083733.436,seguindo,5.9164,6.145,1.4509,1.6524,0.2015,0.5,9.4761,2.6575,-0.0328
1787083733.485,seguindo,5.9215,6.1714,1.4654,1.6597,0.1943,0.5,9.4497,2.6575,-0.0414
1787083733.535,seguindo,5.9215,6.1714,1.4654,1.6597,0.1943,0.5,9.4497,2.6575,-0.0414
1787083733.585,seguindo,5.9251,6.1983,1.4816,1.6608,0.1792,0.5,9.4227,2.805,-0.0486
1787083733.636,seguindo,5.9251,6.1983,1.4816,1.6608,0.1792,0.5,9.4227,2.805,-0.0486
1787083733.685,seguindo,5.929,6.222,1.4979,1.667,0.1691,0.5,9.3991,2.805,-0.0557
1787083733.736,seguindo,5.929,6.222,1.4979,1.667,0.1691,0.5,9.3991,2.805,-0.0557
1787083733.785,seguindo,5.9321,6.247,1.5134,1.6673,0.1539,0.5,9.374,3.3018,-0.0621
1787083733.835,seguindo,5.9321,6.247,1.5134,1.6647,0.1513,0.5,9.4071,2.805,-0.0596
1787083733.885,seguindo,5.9344,6.271,1.5322,1.664,0.1318,0.5,9.3832,3.3018,-0.0649
1787083733.936,seguindo,5.9344,6.271,1.5322,1.6545,0.1223,0.5,9.3832,1.4468,0.0203
1787083733.985,seguindo,5.9346,6.2937,1.5476,1.6566,0.109,0.5,9.3605,1.4468,0.0035
1787083734.035,seguindo,5.9346,6.2937,1.5476,1.6566,0.109,0.5,9.3605,1.4468,0.0035
1787083734.085,seguindo,5.9342,6.3188,1.5641,1.6561,0.0921,0.5,9.3354,1.6261,-0.0028
1787083734.135,seguindo,5.9342,6.3188,1.5641,1.6561,0.0921,0.5,9.3354,1.6261,-0.0028
1787083734.185,seguindo,5.9325,6.3493,1.5807,1.657,0.0763,0.5,9.3049,1.6261,-0.0093
1787083734.235,seguindo,5.9325,6.3493,1.5807,1.657,0.0763,0.5,9.3049,1.6261,-0.0093
1787083734.285,seguindo,5.9309,6.3788,1.5959,1.6557,0.0598,0.5,9.2754,2.0614,-0.0152
1787083734.335,seguindo,5.9309,6.3788,1.5959,1.6557,0.0598,0.5,9.2754,2.0614,-0.0152
1787083734.385,seguindo,5.9279,6.4133,1.6094,1.6556,0.0462,0.5,9.241,2.0614,-0.0202
1787083734.435,seguindo,5.9279,6.4133,1.6094,1.6556,0.0462,0.5,9.241,2.0614,-0.0202
1787083734.485,seguindo,5.9253,6.4416,1.6235,1.6532,0.0297,0.5,9.2127,2.8997,-0.0239
1787083734.535,seguindo,5.9253,6.4416,1.6235,1.6532,0.0297,0.5,9.2127,2.8997,-0.0239
1787083734.585,seguindo,5.9265,6.4712,1.6372,1.6547,0.0175,0.5,9.1831,4.405,-0.0303
1787083734.635,seguindo,5.9265,6.4712,1.6372,1.6547,0.0175,0.5,9.1831,4.405,-0.0303
1787083734.685,seguindo,5.9266,6.4968,1.6518,1.6569,0.0051,0.5,9.1574,4.405,-0.0346
1787083734.735,seguindo,5.9266,6.4968,1.6518,1.6569,0.0051,0.5,9.1574,4.405,-0.0346
1787083734.785,seguindo,5.9268,6.5232,1.6644,1.6571,-0.0073,0.5,9.1311,7.0822,-0.0383
1787083734.835,seguindo,5.9268,6.5232,1.6644,1.6571,-0.0073,0.5,9.1311,7.0822,-0.0383
1787083734.885,seguindo,5.9257,6.549,1.6777,1.6582,-0.0195,0.5,9.1053,7.0822,-0.0404
1787083734.935,seguindo,5.9257,6.549,1.6777,1.6138,-0.0638,0.5,9.1278,7.0822,-0.018
1787083734.985,seguindo,5.9243,6.5793,1.6903,1.6138,-0.0765,0.5,9.0976,1.4468,0.0199
1787083735.035,seguindo,5.9243,6.5793,1.6903,1.6138,-0.0765,0.5,9.0976,1.4468,0.0199
1787083735.085,seguindo,5.9204,6.6053,1.7006,1.6097,-0.091,0.5,9.0717,1.6261,0.0173
1787083735.135,seguindo,5.9204,6.6053,1.7006,1.6097,-0.091,0.5,9.0717,1.6261,0.0173
1787083735.185,seguindo,5.9153,6.6308,1.7095,1.6055,-0.104,0.5,9.0465,1.6261,0.0164
1787083735.235,seguindo,5.9153,6.6308,1.7095,1.6055,-0.104,0.5,9.0465,1.6261,0.0164
1787083735.285,seguindo,5.9131,6.6567,1.7155,1.6034,-0.1121,0.5,9.0207,2.0614,0.0125
1787083735.335,seguindo,5.9131,6.6567,1.7155,1.6034,-0.1121,0.5,9.0207,2.0614,0.0125
1787083735.385,seguindo,5.9111,6.6848,1.7221,1.6016,-0.1205,0.5,8.9927,2.8997,0.0089
1787083735.435,seguindo,5.9111,6.6848,1.7221,1.6016,-0.1205,0.5,8.9927,2.8997,0.0089
1787083735.485,seguindo,5.9091,6.7081,1.7262,1.6003,-0.1259,0.5,8.9695,2.8997,0.0063
1787083735.535,seguindo,5.9091,6.7081,1.7262,1.6003,-0.1259,0.5,8.9695,2.8997,0.0063
1787083735.585,seguindo,5.9046,6.7326,1.7287,1.5964,-0.1322,0.5,8.9452,2.8997,0.0071
1787083735.635,seguindo,5.9046,6.7326,1.7287,1.5964,-0.1322,0.5,8.9452,2.8997,0.0071
1787083735.685,seguindo,5.8979,6.7622,1.7304,1.5901,-0.1403,0.5,8.9159,4.405,0.0093
1787083735.735,seguindo,5.8979,6.7622,1.7304,1.5901,-0.1403,0.5,8.9159,4.405,0.0093
1787083735.785,seguindo,5.8929,6.7867,1.7274,1.5856,-0.1418,0.5,8.8917,7.0822,0.0117
1787083735.835,seguindo,5.8929,6.7867,1.7274,1.6169,-0.1105,0.5,8.8788,7.0822,-0.0054
1787083735.885,seguindo,5.8887,6.8153,1.7222,1.6139,-0.1083,0.5,8.8503,7.0822,-0.0042
1787083735.935,seguindo,5.8887,6.8153,1.7222,1.6139,-0.1083,0.5,8.8503,7.0822,-0.0042
1787083735.985,seguindo,5.884,6.8432,1.7153,1.61,-0.1053,0.5,8.8226,11.8837,-0.0021
1787083736.035,seguindo,5.884,6.8432,1.7153,1.6103,-0.1051,0.5,8.8226,405.0286,-0.0087
1787083736.085,seguindo,5.8787,6.8704,1.7071,1.6061,-0.101,0.5,8.7956,405.0286,-0.002
1787083736.135,seguindo,5.8787,6.8704,1.7071,1.6061,-0.101,0.5,8.7956,405.0286,-0.002
1787083736.185,seguindo,5.8755,6.8994,1.698,1.6044,-0.0936,0.5,8.7666,215.7106,0.0002
1787083736.235,seguindo,5.8755,6.8994,1.698,1.6044,-0.0936,0.5,8.7666,215.7106,0.0002
1787083736.285,seguindo,5.8731,6.9274,1.687,1.6038,-0.0832,0.5,8.7387,116.5772,0.0016
1787083736.335,seguindo,5.8731,6.9274,1.687,1.6038,-0.0832,0.5,8.7387,116.5772,0.0016
1787083736.385,seguindo,5.8687,6.9552,1.6742,1.6004,-0.0738,0.5,8.711,116.5772,0.0051
1787083736.435,seguindo,5.8687,6.9552,1.6742,1.6004,-0.0738,0.5,8.711,116.5772,0.0051
1787083736.485,seguindo,5.8675,6.9916,1.6599,1.6018,-0.0581,0.5,8.6748,36.0045,0.0052
1787083736.535,seguindo,5.8675,6.9916,1.6599,1.6018,-0.0581,0.5,8.6748,36.0045,0.0052
1787083736.585,seguindo,5.8693,7.0174,1.6422,1.6043,-0.0378,0.5,8.6489,36.0045,0.0025
1787083736.635,seguindo,5.8693,7.0174,1.6422,1.6043,-0.0378,0.5,8.6489,36.0045,0.0025
1787083736.685,seguindo,5.8704,7.0461,1.6273,1.6084,-0.0189,0.5,8.6201,20.7522,0.0005
1787083736.735,seguindo,5.8704,7.0461,1.6273,1.6084,-0.0189,0.5,8.6201,20.7522,0.0005
1787083736.785,seguindo,5.8708,7.075,1.6139,1.6129,-0.001,0.5,8.5912,12.3597,-0.0009
1787083736.835,seguindo,5.8708,7.075,1.6139,1.6285,0.0146,0.5,8.6067,20.7522,-0.0093
1787083736.885,seguindo,5.8688,7.105,1.6019,1.631,0.0292,0.5,8.5768,12.3597,-0.0086
1787083736.935,seguindo,5.8688,7.105,1.6019,1.631,0.0292,0.5,8.5768,12.3597,-0.0086
1787083736.985,seguindo,5.868,7.1395,1.5917,1.6323,0.0405,0.5,8.5423,12.3597,-0.0093
1787083737.035,seguindo,5.868,7.1395,1.5917,1.6323,0.0405,0.5,8.5423,12.3597,-0.0093
1787083737.085,seguindo,5.8636,7.1737,1.5804,1.6523,0.0719,0.5,8.5082,2.4353,-0.0063
1787083737.135,seguindo,5.8636,7.1737,1.5804,1.6523,0.0719,0.5,8.5082,2.4353,-0.0063
1787083737.185,seguindo,5.8623,7.2041,1.5744,1.6575,0.0831,0.5,8.4778,2.2513,-0.0064
1787083737.235,seguindo,5.8623,7.2041,1.5744,1.6575,0.0831,0.5,8.4778,2.2513,-0.0064
1787083737.285,seguindo,5.8644,7.2364,1.5686,1.6625,0.0939,0.5,8.4455,2.2513,-0.0099
1787083737.335,seguindo,5.8644,7.2364,1.5686,1.6625,0.0939,0.5,8.4455,2.2513,-0.0099
1787083737.385,seguindo,5.8655,7.2657,1.564,1.6683,0.1042,0.5,8.4162,2.5101,-0.0122
1787083737.435,seguindo,5.8655,7.2657,1.564,1.6683,0.1042,0.5,8.4162,2.5101,-0.0122
1787083737.485,seguindo,5.8659,7.2957,1.565,1.6719,0.107,0.5,8.3861,3.8186,-0.014
1787083737.536,seguindo,5.8659,7.2957,1.565,1.6719,0.107,0.5,8.3861,3.8186,-0.014
1787083737.585,seguindo,5.8672,7.317,1.565,1.6753,0.1104,0.5,8.3649,3.8186,-0.0162
1787083737.635,seguindo,5.8672,7.317,1.565,1.6753,0.1104,0.5,8.3649,3.8186,-0.0162
1787083737.685,seguindo,5.867,7.3405,1.5682,1.6764,0.1082,0.5,8.3414,3.2329,-0.017
1787083737.735,seguindo,5.867,7.3405,1.5682,1.6674,0.0992,0.5,8.3834,3.8186,-0.0179
1787083737.785,seguindo,5.8683,7.3613,1.5698,1.6707,0.1009,0.5,8.3626,3.8186,-0.0199
1787083737.836,seguindo,5.8683,7.3613,1.5698,1.6707,0.1009,0.5,8.3626,3.8186,-0.0199
1787083737.885,seguindo,5.8719,7.3871,1.572,1.6753,0.1033,0.5,8.3367,3.2329,-0.0244
1787083737.935,seguindo,5.8719,7.3871,1.572,1.6753,0.1033,0.5,8.3367,3.2329,-0.0244
1787083737.985,seguindo,5.8693,7.4103,1.5751,1.6752,0.1,0.5,8.3135,3.2329,-0.0226
1787083738.035,seguindo,5.8693,7.4103,1.5751,1.6752,0.1,0.5,8.3135,3.2329,-0.0226
1787083738.085,seguindo,5.8694,7.4352,1.5752,1.6753,0.1001,0.5,8.2887,2.4353,-0.0236
1787083738.135,seguindo,5.8694,7.4352,1.5752,1.6681,0.0929,0.5,8.2887,2.1536,-0.0322
1787083738.185,seguindo,5.868,7.4639,1.5774,1.6695,0.0921,0.5,8.2601,2.1536,-0.0232
1787083738.235,seguindo,5.868,7.4639,1.5774,1.6695,0.0921,0.5,8.2601,2.1536,-0.0232
1787083738.285,seguindo,5.8656,7.4901,1.5786,1.6702,0.0916,0.5,8.2339,2.6802,-0.0217
1787083738.335,seguindo,5.8656,7.4901,1.5786,1.6702,0.0916,0.5,8.2339,2.6802,-0.0217
1787083738.385,seguindo,5.8672,7.5145,1.5805,1.6742,0.0938,0.5,8.2094,2.6802,-0.0241
1787083738.435,seguindo,5.8672,7.5145,1.5805,1.6742,0.0938,0.5,8.2094,2.6802,-0.0241
1787083738.485,seguindo,5.8678,7.5442,1.5819,1.6769,0.095,0.5,8.1798,3.6085,-0.0258
1787083738.535,seguindo,5.8678,7.5442,1.5819,1.6769,0.095,0.5,8.1798,3.6085,-0.0258
1787083738.585,seguindo,5.8699,7.5712,1.5849,1.6818,0.0969,0.5,8.1527,3.6085,-0.0288
1787083738.635,seguindo,5.8699,7.5712,1.5849,1.6818,0.0969,0.5,8.1527,3.6085,-0.0288
1787083738.685,seguindo,5.8701,7.5985,1.5879,1.7061,0.1182,0.5,8.159,3.6085,-0.0389
1787083738.735,seguindo,5.8701,7.5985,1.5879,1.7061,0.1182,0.5,8.159,3.6085,-0.0389
1787083738.785,seguindo,5.868,7.6248,1.5915,1.7048,0.1133,0.5,8.1327,2.8785,-0.0381
1787083738.835,seguindo,5.868,7.6248,1.5915,1.7048,0.1133,0.5,8.1327,2.8785,-0.0381
1787083738.885,seguindo,5.8658,7.6498,1.5958,1.706,0.1102,0.5,8.1077,2.8785,-0.0372
1787083738.935,seguindo,5.8658,7.6498,1.5958,1.706,0.1102,0.5,8.1077,2.8785,-0.0372
1787083738.985,seguindo,5.8629,7.6752,1.6008,1.703,0.1022,0.5,8.0824,2.1932,-0.0355
1787083739.035,seguindo,5.8629,7.6752,1.6008,1.703,0.1022,0.5,8.0824,2.1932,-0.0355
1787083739.085,seguindo,5.8633,7.6967,1.6062,1.7063,0.1001,0.5,8.0609,2.1932,-0.0369
1787083739.135,seguindo,5.8633,7.6967,1.6062,1.7063,0.1001,0.5,8.0609,2.1932,-0.0369
1787083739.185,seguindo,5.8663,7.7186,1.6122,1.7083,0.0961,0.5,8.039,4.7001,0.0051
1787083739.235,seguindo,5.8663,7.7186,1.6122,1.7083,0.0961,0.5,8.039,4.7001,0.0051
1787083739.285,seguindo,5.864,7.739,1.6187,1.7088,0.0901,0.5,8.0186,4.7001,0.0036
1787083739.335,seguindo,5.864,7.739,1.6187,1.7088,0.0901,0.5,8.0186,4.7001,0.0036
1787083739.385,seguindo,5.8645,7.7665,1.6259,1.7088,0.0829,0.5,7.9911,4.5276,-0.002
1787083739.435,seguindo,5.8645,7.7665,1.6259,1.7088,0.0829,0.5,7.9911,4.5276,-0.002
1787083739.485,seguindo,5.866,7.7875,1.6313,1.7131,0.0818,0.5,7.97,4.5276,-0.0073
1787083739.535,seguindo,5.866,7.7875,1.6313,1.7131,0.0818,0.5,7.97,4.5276,-0.0073
1787083739.585,seguindo,5.8651,7.8128,1.6378,1.7159,0.0781,0.5,7.9448,4.5276,-0.0111
1787083739.635,seguindo,5.8651,7.8128,1.6378,1.7159,0.0781,0.5,7.9448,4.5276,-0.0111
1787083739.685,seguindo,5.8638,7.8429,1.6437,1.7443,0.1005,0.5,7.9697,4.5276,-0.024
1787083739.735,seguindo,5.8638,7.8429,1.6437,1.7443,0.1005,0.5,7.9697,4.5276,-0.024
1787083739.785,seguindo,5.8612,7.8735,1.6509,1.747,0.0961,0.5,7.9391,4.5276,-0.0274
1787083739.835,seguindo,5.8612,7.8735,1.6509,1.747,0.0961,0.5,7.9391,4.5276,-0.0274
1787083739.885,seguindo,5.8596,7.9042,1.6584,1.745,0.0867,0.5,7.9084,2.9622,-0.0318
1787083739.935,seguindo,5.8596,7.9042,1.6584,1.745,0.0867,0.5,7.9084,2.9622,-0.0318
1787083739.985,seguindo,5.858,7.9298,1.6668,1.742,0.0752,0.5,7.8828,2.2618,-0.0352
1787083740.035,seguindo,5.858,7.9298,1.6668,1.742,0.0752,0.5,7.8828,2.2618,-0.0352
1787083740.085,seguindo,5.8573,7.9552,1.6731,1.7457,0.0726,0.5,7.8574,2.2618,-0.0393
1787083740.135,seguindo,5.8573,7.9552,1.6731,1.7457,0.0726,0.5,7.8574,2.2618,-0.0393
1787083740.185,seguindo,5.8551,7.9888,1.68,1.743,0.0629,0.5,7.8238,2.2323,-0.0433
1787083740.235,seguindo,5.8551,7.9888,1.68,1.7413,0.0613,0.5,7.8238,2.0189,-0.0145
1787083740.285,seguindo,5.8529,8.009,1.6858,1.7426,0.0568,0.5,7.8036,2.0189,-0.0128
1787083740.335,seguindo,5.8529,8.009,1.6858,1.7426,0.0568,0.5,7.8036,2.0189,-0.0128
1787083740.385,seguindo,5.8469,8.0319,1.6922,1.7326,0.0404,0.5,7.7807,2.4041,-0.0126
1787083740.435,seguindo,5.8469,8.0319,1.6922,1.7326,0.0404,0.5,7.7807,2.4041,-0.0126
1787083740.485,seguindo,5.8442,8.0611,1.6971,1.7347,0.0377,0.5,7.7515,2.4041,-0.0172
1787083740.535,seguindo,5.8442,8.0611,1.6971,1.7347,0.0377,0.5,7.7515,2.4041,-0.0172
1787083740.585,seguindo,5.8387,8.0943,1.7033,1.7254,0.0221,0.5,7.7183,2.2032,-0.02
1787083740.635,seguindo,5.8387,8.0943,1.7033,1.7254,0.0221,0.5,7.7183,2.2032,-0.02
1787083740.685,seguindo,5.8318,8.1229,1.7065,1.723,0.0165,0.5,7.6897,2.2032,-0.0202
1787083740.735,seguindo,5.8318,8.1229,1.7065,1.723,0.0165,0.5,7.6897,2.2032,-0.0202
1787083740.785,seguindo,5.8281,8.1485,1.7103,1.7124,0.0021,0.5,7.7162,2.2032,-0.0126
1787083740.835,seguindo,5.8281,8.1485,1.7103,1.7124,0.0021,0.5,7.7162,2.2032,-0.0126
1787083740.885,seguindo,5.8257,8.1743,1.7143,1.7137,-0.0006,0.5,7.6904,2.2032,-0.0163
1787083740.935,seguindo,5.8257,8.1743,1.7143,1.7137,-0.0006,0.5,7.6904,2.2032,-0.0163
1787083740.985,seguindo,5.8265,8.1998,1.7183,1.7073,-0.0109,0.5,7.6649,1.9362,-0.0231
1787083741.035,seguindo,5.8265,8.1998,1.7183,1.7073,-0.0109,0.5,7.6649,1.9362,-0.0231
1787083741.085,seguindo,5.8231,8.2242,1.7229,1.7073,-0.0156,0.5,7.6405,1.9362,-0.0253
1787083741.135,seguindo,5.8231,8.2242,1.7229,1.7073,-0.0156,0.5,7.6405,1.9362,-0.0253
1787083741.185,seguindo,5.8203,8.2502,1.7261,1.6952,-0.0309,0.5,7.6145,2.0189,-0.0285
1787083741.235,seguindo,5.8203,8.2502,1.7261,1.6952,-0.0309,0.5,7.6145,2.0189,-0.0285
1787083741.285,seguindo,5.8173,8.2794,1.7294,1.6813,-0.0481,0.5,7.5853,1.3956,-0.0008
1787083741.335,seguindo,5.8173,8.2794,1.7294,1.6813,-0.0481,0.5,7.5853,1.3956,-0.0008
1787083741.385,seguindo,5.8127,8.3118,1.733,1.6803,-0.0527,0.5,7.5529,1.3956,-0.008
1787083741.435,seguindo,5.8127,8.3118,1.733,1.6803,-0.0527,0.5,7.5529,1.3956,-0.008
1787083741.485,seguindo,5.8111,8.3362,1.7349,1.6661,-0.0688,0.5,7.5285,1.2782,-0.015
1787083741.535,seguindo,5.8111,8.3362,1.7349,1.6661,-0.0688,0.5,7.5285,1.2782,-0.015
1787083741.585,seguindo,5.8076,8.3666,1.7386,1.6655,-0.0731,0.5,7.4982,1.2782,-0.0222
1787083741.635,seguindo,5.8076,8.3666,1.7386,1.6655,-0.0731,0.5,7.4982,1.2782,-0.0222
1787083741.685,seguindo,5.8042,8.3953,1.7382,1.649,-0.0892,0.5,7.4696,1.311,-0.0287
1787083741.735,seguindo,5.8042,8.3953,1.7382,1.6169,-0.1213,0.5,7.5047,1.2782,0.0021
1787083741.785,seguindo,5.799,8.4273,1.7372,1.5985,-0.1387,0.5,7.4729,1.311,-0.003
1787083741.835,seguindo,5.799,8.4273,1.7372,1.5985,-0.1387,0.5,7.4729,1.311,-0.003
1787083741.885,seguindo,5.7952,8.454,1.7355,1.5817,-0.1538,0.5,7.4463,1.4946,-0.0073
1787083741.935,seguindo,5.7952,8.454,1.7355,1.5817,-0.1538,0.5,7.4463,1.4946,-0.0073
1787083741.985,seguindo,5.7912,8.4819,1.7332,1.5779,-0.1553,0.5,7.4187,1.4946,-0.0116
1787083742.035,seguindo,5.7912,8.4819,1.7332,1.5779,-0.1553,0.5,7.4187,1.4946,-0.0116
1787083742.085,seguindo,5.7866,8.505,1.732,1.5608,-0.1711,0.5,7.3957,1.2453,-0.0133
1787083742.135,seguindo,5.7866,8.505,1.732,1.5608,-0.1711,0.5,7.3957,1.2453,-0.0133
1787083742.185,seguindo,5.7812,8.5351,1.7276,1.5551,-0.1726,0.5,7.3659,1.2453,-0.0158
1787083742.235,seguindo,5.7812,8.5351,1.7276,1.5551,-0.1726,0.5,7.3659,1.2453,-0.0158
1787083742.285,seguindo,5.7719,8.5656,1.7227,1.5342,-0.1885,0.5,7.3358,1.1857,-0.0137
1787083742.335,seguindo,5.7719,8.5656,1.7227,1.5548,-0.168,0.5,7.3358,1.6929,0.0199
1787083742.385,seguindo,5.7665,8.5959,1.713,1.5487,-0.1643,0.5,7.3057,1.6929,0.0171
1787083742.435,seguindo,5.7665,8.5959,1.713,1.5487,-0.1643,0.5,7.3057,1.6929,0.0171
1787083742.485,seguindo,5.7624,8.6235,1.703,1.5352,-0.1679,0.5,7.2783,1.454,0.018
1787083742.535,seguindo,5.7624,8.6235,1.703,1.5352,-0.1679,0.5,7.2783,1.454,0.018
1787083742.585,seguindo,5.76,8.6513,1.6899,1.5317,-0.1583,0.5,7.2507,1.454,0.0172
1787083742.635,seguindo,5.76,8.6513,1.6899,1.5616,-0.1284,0.5,7.2588,1.454,0.0048
1787083742.685,seguindo,5.7597,8.678,1.6758,1.5522,-0.1237,0.5,7.2322,1.454,0.0016
1787083742.735,seguindo,5.7597,8.678,1.6758,1.5522,-0.1237,0.5,7.2322,1.454,0.0016
1787083742.785,seguindo,5.7595,8.7064,1.6604,1.5513,-0.109,0.5,7.2037,1.454,-0.0021
1787083742.835,seguindo,5.7595,8.7064,1.6604,1.5513,-0.109,0.5,7.2037,1.454,-0.0021
1787083742.885,seguindo,5.761,8.7342,1.642,1.5438,-0.0983,0.5,7.1759,1.4023,-0.0075
1787083742.935,seguindo,5.761,8.7342,1.642,1.5438,-0.0983,0.5,7.1759,1.4023,-0.0075
1787083742.985,seguindo,5.7626,8.7653,1.6227,1.5365,-0.0862,0.5,7.1447,1.4891,-0.0135
1787083743.035,seguindo,5.7626,8.7653,1.6227,1.5365,-0.0862,0.5,7.1447,1.4891,-0.0135
1787083743.085,seguindo,5.7616,8.7963,1.6033,1.5343,-0.069,0.5,7.1138,1.4891,-0.017
1787083743.135,seguindo,5.7616,8.7963,1.6033,1.5343,-0.069,0.5,7.1138,1.4891,-0.017
1787083743.185,seguindo,5.7619,8.8286,1.5824,1.5257,-0.0566,0.5,7.0815,1.6929,-0.022
1787083743.235,seguindo,5.7619,8.8286,1.5824,1.5257,-0.0566,0.5,7.0815,1.6929,-0.022
1787083743.285,seguindo,5.7619,8.8601,1.564,1.5243,-0.0398,0.5,7.05,1.6929,-0.0265
1787083743.335,seguindo,5.7619,8.8601,1.564,1.5243,-0.0398,0.5,7.05,1.6929,-0.0265
1787083743.385,seguindo,5.7622,8.8951,1.5454,1.4958,-0.0496,0.5,7.015,1.227,-0.0142
1787083743.435,seguindo,5.7622,8.8951,1.5454,1.4958,-0.0496,0.5,7.015,1.227,-0.0142
1787083743.485,seguindo,5.7639,8.9299,1.5271,1.5004,-0.0267,0.5,7.0077,1.227,-0.0192
1787083743.536,seguindo,5.7639,8.9299,1.5271,1.5004,-0.0267,0.5,7.0077,1.227,-0.0192
1787083743.585,seguindo,5.7664,8.9643,1.5064,1.4988,-0.0076,0.5,6.9733,1.0498,-0.0289
1787083743.635,seguindo,5.7664,8.9643,1.5064,1.4988,-0.0076,0.5,6.9733,1.0498,-0.0289
1787083743.685,seguindo,5.7666,8.9959,1.4885,1.4974,0.0089,0.5,6.9417,1.0753,-0.0353
1787083743.735,seguindo,5.7666,8.9959,1.4885,1.4974,0.0089,0.5,6.9417,1.0753,-0.0353
1787083743.785,seguindo,5.7685,9.0252,1.4704,1.4971,0.0267,0.5,6.9123,1.0753,-0.0427
1787083743.835,seguindo,5.7685,9.0252,1.4704,1.4971,0.0267,0.5,6.9123,1.0753,-0.0427
1787083743.885,seguindo,5.7697,9.0576,1.4546,1.498,0.0434,0.5,6.8799,1.2008,-0.0492
1787083743.935,seguindo,5.7697,9.0576,1.4546,1.498,0.0434,0.5,6.8799,1.2008,-0.0492
1787083743.985,seguindo,5.7726,9.0849,1.4379,1.4989,0.061,0.5,6.8525,1.2008,-0.0559
1787083744.035,seguindo,5.7726,9.0849,1.4379,1.4989,0.061,0.5,6.8525,1.2008,-0.0559
1787083744.085,seguindo,5.7767,9.1081,1.4209,1.504,0.0831,0.5,6.8292,1.3557,-0.0627
1787083744.135,seguindo,5.7767,9.1081,1.4209,1.504,0.0831,0.5,6.8292,1.3557,-0.0627
1787083744.185,seguindo,5.7811,9.1387,1.4063,1.5064,0.1001,0.5,6.7985,1.3557,-0.0697
1787083744.235,seguindo,5.7811,9.1387,1.4063,1.5064,0.1001,0.5,6.7985,1.3557,-0.0697
1787083744.285,seguindo,5.7895,9.1664,1.3915,1.5176,0.1261,0.5,6.7997,1.3557,-0.0833
1787083744.335,seguindo,5.7895,9.1664,1.3915,1.5176,0.1261,0.5,6.7997,1.3557,-0.0833
1787083744.385,seguindo,5.7951,9.1977,1.3776,1.5234,0.1458,0.5,6.7683,1.6148,-0.0907
1787083744.435,seguindo,5.7951,9.1977,1.3776,1.5337,0.1562,0.5,6.7683,0.8395,0.051
1787083744.485,seguindo,5.8034,9.229,1.3639,1.5407,0.1767,0.5,6.7369,0.8395,-0.0261
1787083744.535,seguindo,5.8034,9.229,1.3639,1.5407,0.1767,0.5,6.7369,0.8395,-0.0261
1787083744.585,seguindo,5.812,9.2591,1.3508,1.5485,0.1977,0.5,6.7066,0.8395,-0.029
1787083744.635,seguindo,5.812,9.2591,1.3508,1.5485,0.1977,0.5,6.7066,0.8395,-0.029
1787083744.685,seguindo,5.8159,9.2812,1.3377,1.552,0.2142,0.5,6.6844,0.8395,-0.0386
1787083744.735,seguindo,5.8159,9.2812,1.3377,1.552,0.2142,0.5,6.6844,0.8395,-0.0386
1787083744.785,seguindo,5.8255,9.3088,1.3263,1.5639,0.2376,0.5,6.6566,0.8318,-0.0551
1787083744.835,seguindo,5.8255,9.3088,1.3263,1.5639,0.2376,0.5,6.6566,0.8318,-0.0551
1787083744.886,seguindo,5.8323,9.34,1.3129,1.5728,0.2598,0.5,6.6252,0.7954,-0.0692
1787083744.935,seguindo,5.8323,9.34,1.3129,1.5728,0.2598,0.5,6.6252,0.7954,-0.0692
1787083744.985,seguindo,5.8385,9.3673,1.3028,1.5791,0.2763,0.5,6.5979,0.7954,-0.0816
1787083745.036,seguindo,5.8385,9.3673,1.3028,1.5791,0.2763,0.5,6.5979,0.7954,-0.0816
1787083745.085,seguindo,5.8449,9.3899,1.2932,1.5875,0.2943,0.5,6.5752,1.0219,-0.0923
1787083745.135,seguindo,5.8449,9.3899,1.2932,1.5875,0.2943,0.5,6.5752,1.0219,-0.0923
1787083745.185,seguindo,5.8543,9.4122,1.2843,1.5973,0.313,0.5,6.5528,1.0219,-0.1057
1787083745.235,seguindo,5.8543,9.4122,1.2843,1.6117,0.3274,0.5,6.5731,1.0219,-0.1082
1787083745.285,seguindo,5.8616,9.438,1.2763,1.6202,0.3439,0.5,6.5472,1.0219,-0.1204
1787083745.335,seguindo,5.8616,9.438,1.2763,1.6202,0.3439,0.5,6.5472,1.0219,-0.1204
1787083745.385,seguindo,5.8694,9.465,1.2707,1.6296,0.3588,0.5,6.5202,1.508,-0.1317
1787083745.435,seguindo,5.8694,9.465,1.2707,1.6296,0.3588,0.5,6.5202,1.508,-0.1317
1787083745.485,seguindo,5.8764,9.489,1.2644,1.637,0.3726,0.5,6.4962,inf,-0.0356
1787083745.535,seguindo,5.8764,9.489,1.2644,1.637,0.3726,0.5,6.4962,inf,-0.0356
1787083745.585,seguindo,5.8841,9.5148,1.259,1.646,0.387,0.5,6.4704,inf,-0.0206
1787083745.635,seguindo,5.8841,9.5148,1.259,1.646,0.387,0.5,6.4704,inf,-0.0206
1787083745.685,seguindo,5.8926,9.5423,1.2522,1.6562,0.404,0.5,6.4429,inf,-0.0285
1787083745.735,seguindo,5.8926,9.5423,1.2522,1.6562,0.404,0.5,6.4429,inf,-0.0285
1787083745.785,seguindo,5.8998,9.5712,1.2464,1.6639,0.4175,0.5,6.414,152730.9916,-0.0373
1787083745.835,seguindo,5.8998,9.5712,1.2464,1.6639,0.4175,0.5,6.414,152730.9916,-0.0373
1787083745.885,seguindo,5.9092,9.5988,1.2444,1.6755,0.4312,0.5,6.3864,152730.9916,-0.0483
1787083745.935,seguindo,5.9092,9.5988,1.2444,1.6755,0.4312,0.5,6.3864,152730.9916,-0.0483
1787083745.985,seguindo,5.9188,9.628,1.242,1.6854,0.4433,0.5,6.3572,76072.6328,-0.0596
1787083746.035,seguindo,5.9188,9.628,1.242,1.6854,0.4433,0.5,6.3572,76072.6328,-0.0596
1787083746.085,seguindo,5.9316,9.6564,1.2403,1.6976,0.4573,0.5,6.3289,19042.8783,-0.0741
1787083746.135,seguindo,5.9316,9.6564,1.2403,1.6976,0.4573,0.5,6.3289,19042.8783,-0.0741
1787083746.185,seguindo,5.9408,9.6762,1.2389,1.7081,0.4692,0.5,6.3217,19042.8783,-0.0876
1787083746.235,seguindo,5.9408,9.6762,1.2389,1.7081,0.4692,0.5,6.3217,19042.8783,-0.0876
1787083746.285,seguindo,5.9522,9.7041,1.2395,1.7226,0.4831,0.5,6.2938,19042.8783,-0.1005
1787083746.335,seguindo,5.9522,9.7041,1.2395,1.7226,0.4831,0.5,6.2938,19042.8783,-0.1005
1787083746.385,seguindo,5.9635,9.7279,1.2393,1.7319,0.4926,0.5,6.2701,9644.8428,-0.1131
1787083746.435,seguindo,5.9635,9.7279,1.2393,1.7319,0.4926,0.5,6.2701,9644.8428,-0.1131
1787083746.485,seguindo,5.9747,9.7554,1.2389,1.7467,0.5078,0.5,6.2427,9644.8428,-0.1258
1787083746.535,seguindo,5.9747,9.7554,1.2389,1.7134,0.4744,0.5,6.2427,0.7573,0.0439
1787083746.585,seguindo,5.9847,9.7836,1.2399,1.7271,0.4872,0.5,6.2147,0.7573,0.0156
1787083746.635,seguindo,5.9847,9.7836,1.2399,1.7271,0.4872,0.5,6.2147,0.7573,0.0156
1787083746.685,seguindo,5.9932,9.8065,1.2425,1.7392,0.4967,0.5,6.1918,0.7573,-0.0042
1787083746.735,seguindo,5.9932,9.8065,1.2425,1.7392,0.4967,0.5,6.1918,0.7573,-0.0042
1787083746.785,seguindo,6.0044,9.8304,1.2458,1.7547,0.5089,0.5,6.1682,0.7573,-0.0266
1787083746.835,seguindo,6.0044,9.8304,1.2458,1.7547,0.5089,0.5,6.1682,0.7573,-0.0266
1787083746.885,seguindo,6.0108,9.8574,1.2527,1.7553,0.5026,0.5,6.1412,0.8923,-0.0468
1787083746.935,seguindo,6.0108,9.8574,1.2527,1.7553,0.5026,0.5,6.1412,0.8923,-0.0468
1787083746.985,seguindo,6.0216,9.8786,1.2613,1.7701,0.5088,0.5,6.1202,0.8923,-0.0673
1787083747.035,seguindo,6.0216,9.8786,1.2613,1.7701,0.5088,0.5,6.1202,0.8923,-0.0673
1787083747.085,seguindo,6.0287,9.8963,1.2689,1.781,0.512,0.5,6.1027,0.8923,-0.0824
1787083747.135,seguindo,6.0287,9.8963,1.2689,1.781,0.512,0.5,6.1027,0.8923,-0.0824
1787083747.185,seguindo,6.0391,9.9179,1.2833,1.8153,0.5321,0.5,6.1058,0.8923,-0.0985
1787083747.235,seguindo,6.0391,9.9179,1.2833,1.8153,0.5321,0.5,6.1058,0.8923,-0.0985
1787083747.285,seguindo,6.044,9.9405,1.2953,1.8261,0.5308,0.5,6.0834,0.8923,-0.1144
1787083747.335,seguindo,6.044,9.9405,1.2953,1.8261,0.5308,0.5,6.0834,0.8923,-0.1144
1787083747.385,seguindo,6.0476,9.9656,1.3097,1.8231,0.5133,0.5,6.0584,1.1799,-0.1305
1787083747.435,seguindo,6.0476,9.9656,1.3097,1.8231,0.5133,0.5,6.0584,1.1799,-0.1305
1787083747.485,seguindo,6.0511,9.99,1.3236,1.8331,0.5095,0.5,6.0342,1.1799,-0.1455
1787083747.536,seguindo,6.0511,9.99,1.3236,1.8331,0.5095,0.5,6.0342,1.1799,-0.1455
1787083747.585,seguindo,6.0557,10.0189,1.3378,2.1877,0.8499,0.5,6.0055,inf,-0.0313
1787083747.635,seguindo,6.0557,10.0189,1.3378,2.1877,0.8499,0.5,6.0055,inf,-0.0313
1787083747.685,seguindo,6.0639,10.044,1.3533,2.241,0.8877,0.5,5.9808,inf,-0.0462
1787083747.735,seguindo,6.0639,10.044,1.3533,2.241,0.8877,0.5,5.9808,inf,-0.0462
1787083747.785,seguindo,6.0697,10.0665,1.3696,2.2892,0.9197,0.5,5.9586,inf,-0.0649
1787083747.835,seguindo,6.0697,10.0665,1.3696,2.2892,0.9197,0.5,5.9586,inf,-0.0649
1787083747.885,seguindo,6.0764,10.0891,1.3862,2.3429,0.9568,0.5,5.9363,inf,-0.0853
1787083747.935,seguindo,6.0764,10.0891,1.3862,2.3429,0.9568,0.5,5.9363,inf,-0.0853
1787083747.985,seguindo,6.0829,10.1095,1.4068,2.3953,0.9885,0.5,5.9162,inf,-0.1041
1787083748.035,seguindo,6.0829,10.1095,1.4068,2.3953,0.9885,0.5,5.9162,inf,-0.1041
1787083748.085,seguindo,6.0896,10.1286,1.426,2.3615,0.9355,0.5,5.8974,inf,-0.1221
1787083748.135,seguindo,6.0896,10.1286,1.426,2.3615,0.9355,0.5,5.8974,inf,-0.1221
1787083748.185,seguindo,6.0939,10.1488,1.4504,2.4069,0.9566,0.5,5.8775,inf,-0.1391
1787083748.235,seguindo,6.0939,10.1488,1.4504,2.4069,0.9566,0.5,5.8775,inf,-0.1391
1787083748.285,seguindo,6.0977,10.1668,1.4751,2.4495,0.9745,0.5,5.8597,inf,-0.1543
1787083748.335,seguindo,6.0977,10.1668,1.4751,2.4495,0.9745,0.5,5.8597,inf,-0.1543
1787083748.385,seguindo,6.1014,10.1851,1.5054,2.5472,1.0418,0.5,5.8371,inf,-0.1884
1787083748.435,seguindo,6.1014,10.1851,1.5054,2.5472,1.0418,0.5,5.8371,inf,-0.1884
1787083748.485,seguindo,6.102,10.2032,1.5434,2.5887,1.0453,0.5,5.8191,inf,-0.2012
1787083748.535,seguindo,6.102,10.2032,1.5434,2.5887,1.0453,0.5,5.8191,inf,-0.2012
1787083748.585,seguindo,6.1015,10.2247,1.5837,2.6392,1.0554,0.5,5.7976,inf,-0.2154
1787083748.635,seguindo,6.1015,10.2247,1.5837,2.3016,0.7178,0.5,5.7976,inf,-0.0129
1787083748.685,seguindo,6.1026,10.2456,1.6313,2.3427,0.7114,0.5,5.7768,inf,-0.0273
1787083748.735,seguindo,6.1026,10.2456,1.6313,2.3427,0.7114,0.5,5.7768,inf,-0.0273
1787083748.785,seguindo,6.1024,10.2624,1.681,2.376,0.6951,0.5,5.7601,inf,-0.0393
1787083748.835,seguindo,6.1024,10.2624,1.681,2.376,0.6951,0.5,5.7601,inf,-0.0393
1787083748.885,seguindo,6.105,10.2836,1.7357,2.4271,0.6914,0.5,5.739,inf,-0.0565
1787083748.935,seguindo,6.105,10.2836,1.7357,2.4271,0.6914,0.5,5.739,inf,-0.0565
1787083748.985,seguindo,6.1037,10.3009,1.7936,2.3257,0.5322,0.5,5.7217,inf,-0.0681
1787083749.035,seguindo,6.1037,10.3009,1.7936,2.3257,0.5322,0.5,5.7217,inf,-0.0681
1787083749.085,seguindo,6.0961,10.3176,1.853,2.3406,0.4876,0.5,5.7045,inf,-0.075
1787083749.135,seguindo,6.0961,10.3176,1.853,2.3406,0.4876,0.5,5.7045,inf,-0.075
1787083749.185,seguindo,6.0901,10.3391,1.9091,2.369,0.46,0.5,5.6827,inf,-0.0862
1787083749.235,seguindo,6.0901,10.3391,1.9091,2.4167,0.5077,0.5,5.6734,inf,-0.1039
1787083749.285,seguindo,6.0812,10.3585,1.9633,2.4406,0.4773,0.5,5.6536,inf,-0.1115
1787083749.335,seguindo,6.0812,10.3585,1.9633,2.4406,0.4773,0.5,5.6536,inf,-0.1115
1787083749.385,seguindo,6.0716,10.3798,2.0139,2.3832,0.3693,0.5,5.6316,inf,-0.12
1787083749.435,seguindo,6.0716,10.3798,2.0139,2.3832,0.3693,0.5,5.6316,inf,-0.12
1787083749.485,seguindo,6.0614,10.401,2.0627,2.4066,0.344,0.5,5.6099,inf,-0.1276
1787083749.535,seguindo,6.0614,10.401,2.0627,2.4066,0.344,0.5,5.6099,inf,-0.1276
1787083749.585,seguindo,6.0538,10.4155,2.1074,2.4233,0.3159,0.5,5.5949,inf,-0.1321
1787083749.635,seguindo,6.0538,10.4155,2.1074,2.4233,0.3159,0.5,5.5949,inf,-0.1321
1787083749.685,seguindo,6.0439,10.4295,2.1494,2.2725,0.1232,0.5,5.5439,inf,-0.0438
1787083749.735,seguindo,6.0439,10.4295,2.1494,2.2725,0.1232,0.5,5.5439,inf,-0.0438
1787083749.785,seguindo,6.0333,10.4495,2.1922,2.2845,0.0923,0.5,5.5233,inf,-0.0514
1787083749.835,seguindo,6.0333,10.4495,2.1922,2.2845,0.0923,0.5,5.5233,inf,-0.0514
1787083749.885,seguindo,6.0218,10.4663,2.2319,2.2906,0.0588,0.5,5.5058,inf,-0.0558
1787083749.935,seguindo,6.0218,10.4663,2.2319,2.2906,0.0588,0.5,5.5058,inf,-0.0558
1787083749.985,seguindo,6.0111,10.4807,2.2715,2.2326,-0.0389,0.5,5.4908,inf,-0.059
1787083750.035,seguindo,6.0111,10.4807,2.2715,2.2326,-0.0389,0.5,5.4908,inf,-0.059
1787083750.085,seguindo,5.9978,10.4987,2.3095,2.2341,-0.0754,0.5,5.4719,inf,-0.0628
1787083750.135,seguindo,5.9978,10.4987,2.3095,2.2072,-0.1023,0.5,5.4401,inf,-0.0847
1787083750.185,seguindo,5.9804,10.5127,2.3465,2.192,-0.1545,0.5,5.4254,inf,-0.0819
1787083750.235,seguindo,5.9804,10.5127,2.3465,2.192,-0.1545,0.5,5.4254,inf,-0.0819
1787083750.285,seguindo,5.9624,10.5309,2.3794,2.1205,-0.2588,0.5,5.4064,inf,-0.0806
1787083750.335,seguindo,5.9624,10.5309,2.3794,2.1205,-0.2588,0.5,5.4064,inf,-0.0806
1787083750.385,seguindo,5.9451,10.5521,2.4093,2.1107,-0.2987,0.5,5.3845,inf,-0.0814
1787083750.435,seguindo,5.9451,10.5521,2.4093,2.1107,-0.2987,0.5,5.3845,inf,-0.0814
1787083750.485,seguindo,5.9242,10.5708,2.4348,1.7863,-0.6484,0.5,5.365,0.8964,-0.0762
1787083750.535,seguindo,5.9242,10.5708,2.4348,1.7863,-0.6484,0.5,5.365,0.8964,-0.0762
1787083750.585,seguindo,5.9031,10.5898,2.4528,1.7689,-0.684,0.5,5.3453,0.8964,-0.0696
1787083750.635,seguindo,5.9031,10.5898,2.4528,1.7889,-0.664,0.5,5.3187,1.3554,-0.0996
1787083750.685,seguindo,5.8828,10.6085,2.4658,1.7724,-0.6935,0.5,5.2992,1.3554,-0.0911
1787083750.735,seguindo,5.8828,10.6085,2.4658,1.7568,-0.7091,0.5,5.2992,1.3168,-0.0327
1787083750.785,seguindo,5.8581,10.6303,2.4732,1.7359,-0.7373,0.5,5.2766,1.3168,-0.0187
1787083750.835,seguindo,5.8581,10.6303,2.4732,1.7359,-0.7373,0.5,5.2766,1.3168,-0.0187
1787083750.885,seguindo,5.8363,10.6496,2.4763,1.7103,-0.766,0.5,5.2567,1.6157,-0.0069
1787083750.935,seguindo,5.8363,10.6496,2.4763,1.7103,-0.766,0.5,5.2567,1.6157,-0.0069
1787083750.985,seguindo,5.8146,10.6671,2.4753,1.6909,-0.7844,0.5,5.2386,1.6157,0.0065
1787083751.035,seguindo,5.8146,10.6671,2.4753,1.6909,-0.7844,0.5,5.2386,1.6157,0.0065
1787083751.085,seguindo,5.7926,10.69,2.4663,1.6668,-0.7995,0.5,5.2153,2.0674,0.0183
1787083751.135,seguindo,5.7926,10.69,2.4663,1.6668,-0.7995,0.5,5.2153,2.0674,0.0183
1787083751.185,seguindo,5.7697,10.7036,2.4539,1.6451,-0.8088,0.5,5.2013,2.0674,0.0355
1787083751.235,seguindo,5.7697,10.7036,2.4539,1.6451,-0.8088,0.5,5.2013,2.0674,0.0355
1787083751.285,seguindo,5.7472,10.7234,2.4381,1.6217,-0.8163,0.5,5.1812,2.387,0.0504
1787083751.335,seguindo,5.7472,10.7234,2.4381,1.6217,-0.8163,0.5,5.1812,2.387,0.0504
1787083751.385,seguindo,5.7272,10.739,2.4164,1.5885,-0.8279,0.5,5.2046,2.387,0.0756
1787083751.435,seguindo,5.7272,10.739,2.4164,1.5885,-0.8279,0.5,5.2046,2.387,0.0756
1787083751.485,seguindo,5.7079,10.76,2.3889,1.57,-0.8189,0.5,5.1838,2.387,0.0874
1787083751.535,seguindo,5.7079,10.76,2.3889,1.57,-0.8189,0.5,5.1838,2.387,0.0874
1787083751.585,seguindo,5.6838,10.7767,2.3607,1.546,-0.8147,0.5,5.1673,2.387,0.1063
1787083751.635,seguindo,5.6838,10.7767,2.3607,1.546,-0.8147,0.5,5.1673,2.387,0.1063
1787083751.685,seguindo,5.6619,10.7988,2.3295,1.5255,-0.804,0.5,5.1457,2.489,0.1217
1787083751.735,seguindo,5.6619,10.7988,2.3295,1.5118,-0.8177,0.5,5.1457,2.6742,-0.0371
1787083751.785,seguindo,5.6413,10.8207,2.2953,1.4901,-0.8052,0.5,5.1242,2.6742,-0.0069
1787083751.835,seguindo,5.6413,10.8207,2.2953,1.4901,-0.8052,0.5,5.1242,2.6742,-0.0069
1787083751.885,seguindo,5.6255,10.8441,2.2593,1.4723,-0.787,0.5,5.1012,2.6742,0.0148
1787083751.935,seguindo,5.6255,10.8441,2.2593,1.4723,-0.787,0.5,5.1012,2.6742,0.0148
1787083751.985,seguindo,5.609,10.8646,2.2217,1.4567,-0.765,0.5,5.0812,5.1495,0.0356
1787083752.035,seguindo,5.609,10.8646,2.2217,1.4567,-0.765,0.5,5.0812,5.1495,0.0356
1787083752.085,seguindo,5.5941,10.8901,2.185,1.4391,-0.7459,0.5,5.0563,5.1495,0.056
1787083752.135,seguindo,5.5941,10.8901,2.185,1.4391,-0.7459,0.5,5.0563,5.1495,0.056
1787083752.185,seguindo,5.5767,10.9127,2.1446,1.4183,-0.7262,0.5,5.0342,5.1495,0.0775
1787083752.235,seguindo,5.5767,10.9127,2.1446,1.4183,-0.7262,0.5,5.0342,5.1495,0.0775
1787083752.285,seguindo,5.5616,10.9407,2.1053,1.4044,-0.7009,0.5,5.0069,4.5028,0.0977
1787083752.335,seguindo,5.5616,10.9407,2.1053,1.4044,-0.7009,0.5,5.0069,4.5028,0.0977
1787083752.385,seguindo,5.5458,10.9647,2.0631,1.3845,-0.6786,0.5,4.9836,4.5028,0.1169
1787083752.435,seguindo,5.5458,10.9647,2.0631,1.3845,-0.6786,0.5,4.9836,4.5028,0.1169
1787083752.485,seguindo,5.5299,10.9933,2.0216,1.3706,-0.6511,0.5,4.9558,5.2887,0.1366
1787083752.535,seguindo,5.5299,10.9933,2.0216,1.3774,-0.6443,0.5,4.9447,5.2887,0.1323
1787083752.585,seguindo,5.5168,11.0188,1.9801,1.3671,-0.613,0.5,4.9198,8.0319,0.1479
1787083752.635,seguindo,5.5168,11.0188,1.9801,1.3671,-0.613,0.5,4.9198,8.0319,0.1479
1787083752.685,seguindo,5.5077,11.047,1.9393,1.3525,-0.5869,0.5,4.892,8.0319,0.1594
1787083752.735,seguindo,5.5077,11.047,1.9393,1.3525,-0.5869,0.5,4.892,8.0319,0.1594
1787083752.785,seguindo,5.4961,11.0744,1.8955,1.3749,-0.5206,0.5,4.8653,0.5664,-0.0119
1787083752.835,seguindo,5.4961,11.0744,1.8955,1.3749,-0.5206,0.5,4.8653,0.5664,-0.0119
1787083752.885,seguindo,5.4883,11.1,1.8518,1.3621,-0.4897,0.5,4.8401,0.5664,0.0101
1787083752.935,seguindo,5.4883,11.1,1.8518,1.3621,-0.4897,0.5,4.8401,0.5664,0.0101
1787083752.985,seguindo,5.4839,11.1297,1.8115,1.3513,-0.4602,0.5,4.8107,0.5664,0.0319
1787083753.035,seguindo,5.4839,11.1297,1.8115,1.3513,-0.4602,0.5,4.8107,0.5664,0.0319
1787083753.085,seguindo,5.4759,11.1585,1.7699,1.3362,-0.4336,0.5,4.7823,0.5664,0.0559
1787083753.135,seguindo,5.4759,11.1585,1.7699,1.3313,-0.4386,0.5,4.7948,0.5664,0.0503
1787083753.185,seguindo,5.4718,11.1836,1.7249,1.3206,-0.4042,0.5,4.7701,0.5664,0.0688
1787083753.235,seguindo,5.4718,11.1836,1.7249,1.3206,-0.4042,0.5,4.7701,0.5664,0.0688
1787083753.285,seguindo,5.465,11.2123,1.6811,1.3239,-0.3572,0.5,4.7418,0.5484,0.0918
1787083753.335,seguindo,5.465,11.2123,1.6811,1.3239,-0.3572,0.5,4.7418,0.5484,0.0918
1787083753.385,seguindo,5.4586,11.2403,1.6373,1.3104,-0.3269,0.5,4.7143,0.5484,0.114
1787083753.435,seguindo,5.4586,11.2403,1.6373,1.3104,-0.3269,0.5,4.7143,0.5484,0.114
1787083753.485,seguindo,5.4545,11.2681,1.5925,1.2987,-0.2937,0.5,4.6869,0.5484,0.1335
1787083753.535,seguindo,5.4545,11.2681,1.5925,1.2987,-0.2937,0.5,4.6869,0.5484,0.1335
1787083753.585,seguindo,5.4548,11.2981,1.5499,1.2973,-0.2527,0.5,4.6568,0.6061,0.151
1787083753.635,seguindo,5.4548,11.2981,1.5499,1.308,-0.2419,0.5,4.6684,0.6061,0.1428
1787083753.685,seguindo,5.4573,11.3282,1.5044,1.3023,-0.2021,0.5,4.6383,0.6061,0.1579
1787083753.735,seguindo,5.4573,11.3282,1.5044,1.3023,-0.2021,0.5,4.6383,0.6061,0.1579
1787083753.785,seguindo,5.4598,11.3529,1.4597,1.3026,-0.1571,0.5,4.6134,0.7583,0.1689
1787083753.835,seguindo,5.4598,11.3529,1.4597,1.306,-0.1537,0.5,4.6134,0.717,-0.0282
1787083753.885,seguindo,5.4672,11.3843,1.4147,1.3049,-0.1098,0.5,4.5816,0.717,-0.0121
1787083753.935,seguindo,5.4672,11.3843,1.4147,1.3049,-0.1098,0.5,4.5816,0.717,-0.0121
1787083753.985,seguindo,5.4722,11.4123,1.3707,1.3053,-0.0654,0.5,4.5534,0.5965,0.0014
1787083754.035,seguindo,5.4722,11.4123,1.3707,1.3053,-0.0654,0.5,4.5534,0.5965,0.0014
1787083754.085,seguindo,5.4765,11.4444,1.3265,1.3009,-0.0256,0.5,4.5211,0.5965,0.018
1787083754.135,seguindo,5.4765,11.4444,1.3265,1.3009,-0.0256,0.5,4.5211,0.5965,0.018
1787083754.185,seguindo,5.4845,11.4738,1.2837,1.3131,0.0295,0.5,4.501,0.5965,0.0174
1787083754.236,seguindo,5.4845,11.4738,1.2837,1.3131,0.0295,0.5,4.501,0.5965,0.0174
1787083754.285,seguindo,5.4944,11.5042,1.2411,1.3193,0.0782,0.5,4.4702,0.5733,0.0281
1787083754.335,seguindo,5.4944,11.5042,1.2411,1.3193,0.0782,0.5,4.4702,0.5733,0.0281
1787083754.385,seguindo,5.504,11.5328,1.2021,1.3217,0.1196,0.5,4.4411,0.5733,0.0372
1787083754.435,seguindo,5.504,11.5328,1.2021,1.3217,0.1196,0.5,4.4411,0.5733,0.0372
1787083754.485,seguindo,5.5151,11.5629,1.1635,1.3406,0.1771,0.5,4.4105,0.6303,0.0457
1787083754.535,seguindo,5.5151,11.5629,1.1635,1.3406,0.1771,0.5,4.4105,0.6303,0.0457
1787083754.585,seguindo,5.5252,11.5946,1.1279,1.3432,0.2152,0.5,4.3783,0.6303,0.0549
1787083754.635,seguindo,5.5252,11.5946,1.1279,1.3432,0.2152,0.5,4.3783,0.6303,0.0549
1787083754.685,seguindo,5.5371,11.629,1.0951,1.3573,0.2622,0.5,4.3435,0.7894,0.0633
1787083754.735,seguindo,5.5371,11.629,1.0951,1.3557,0.2607,0.5,4.3876,0.6303,0.0422
1787083754.785,seguindo,5.5485,11.6538,1.0631,1.3711,0.308,0.5,4.3624,0.7894,0.0458
1787083754.835,seguindo,5.5485,11.6538,1.0631,1.3711,0.308,0.5,4.3624,0.7894,0.0458
1787083754.885,seguindo,5.5623,11.6817,1.0315,1.4006,0.3691,0.5,4.334,0.8517,-0.0606
1787083754.935,seguindo,5.5623,11.6817,1.0315,1.4006,0.3691,0.5,4.334,0.8517,-0.0606
1787083754.985,seguindo,5.5808,11.7021,1.0042,1.4144,0.4102,0.5,4.313,0.8517,-0.0408
1787083755.035,seguindo,5.5808,11.7021,1.0042,1.4144,0.4102,0.5,4.313,0.8517,-0.0408
1787083755.085,seguindo,5.5962,11.7223,0.9795,1.426,0.4465,0.5,4.2923,0.8517,-0.0318
1787083755.135,seguindo,5.5962,11.7223,0.9795,1.426,0.4465,0.5,4.2923,0.8517,-0.0318
1787083755.185,seguindo,5.6135,11.7396,0.9578,1.4403,0.4825,0.5,4.2746,0.8517,-0.0389
1787083755.235,seguindo,5.6135,11.7396,0.9578,1.4403,0.4825,0.5,4.2746,0.8517,-0.0389
1787083755.285,seguindo,5.6286,11.7567,0.9394,1.4583,0.519,0.5,4.2571,1.0535,-0.0445
1787083755.335,seguindo,5.6286,11.7567,0.9394,1.4188,0.4795,0.5,4.2768,0.8517,-0.0374
1787083755.385,seguindo,5.645,11.7769,0.9246,1.4374,0.5128,0.5,4.2559,1.0535,-0.0424
1787083755.435,seguindo,5.645,11.7769,0.9246,1.4374,0.5128,0.5,4.2559,1.0535,-0.0424
1787083755.485,seguindo,5.6627,11.802,0.9108,1.4513,0.5405,0.5,4.2301,1.0535,-0.0468
1787083755.535,seguindo,5.6627,11.802,0.9108,1.4513,0.5405,0.5,4.2301,1.0535,-0.0468
1787083755.585,seguindo,5.6788,11.8209,0.9028,1.4691,0.5662,0.5,4.2107,1.5674,-0.0531
1787083755.635,seguindo,5.6788,11.8209,0.9028,1.4691,0.5662,0.5,4.2107,1.5674,-0.0531
1787083755.685,seguindo,5.6969,11.8421,0.8961,1.4845,0.5883,0.5,4.1889,1.5674,-0.0606
1787083755.735,seguindo,5.6969,11.8421,0.8961,1.4845,0.5883,0.5,4.1889,1.5674,-0.0606
1787083755.785,seguindo,5.7158,11.8625,0.8922,1.5013,0.6091,0.5,4.168,1.5674,-0.071
1787083755.835,seguindo,5.7158,11.8625,0.8922,1.5013,0.6091,0.5,4.168,1.5674,-0.071
1787083755.885,seguindo,5.7347,11.8815,0.889,1.5207,0.6317,0.5,4.1486,2.9758,-0.0819
1787083755.935,seguindo,5.7347,11.8815,0.889,1.5144,0.6254,0.5,4.1486,5.5563,-0.0008
1787083755.985,seguindo,5.7506,11.9033,0.8893,1.529,0.6397,0.5,4.1266,5.1893,-0.0159
1787083756.035,seguindo,5.7506,11.9033,0.8893,1.529,0.6397,0.5,4.1266,5.1893,-0.0159
1787083756.085,seguindo,5.7694,11.9264,0.8917,1.5468,0.6551,0.5,4.1031,5.1893,-0.034
1787083756.135,seguindo,5.7694,11.9264,0.8917,1.5468,0.6551,0.5,4.1031,5.1893,-0.034
1787083756.185,seguindo,5.7871,11.9424,0.9012,1.5645,0.6634,0.5,4.087,5.1893,-0.0512
1787083756.235,seguindo,5.7871,11.9424,0.9012,1.5645,0.6634,0.5,4.087,5.1893,-0.0512
1787083756.285,seguindo,5.8028,11.96,0.9148,1.5774,0.6627,0.5,4.0693,4.3208,-0.0663
1787083756.335,seguindo,5.8028,11.96,0.9148,1.5774,0.6627,0.5,4.0693,4.3208,-0.0663
1787083756.385,seguindo,5.8183,11.9752,0.9342,1.5899,0.6557,0.5,4.0509,4.3208,-0.0744
1787083756.435,seguindo,5.8183,11.9752,0.9342,1.5899,0.6557,0.5,4.0509,4.3208,-0.0744
1787083756.485,seguindo,5.8336,11.9919,0.9575,1.6014,0.6439,0.5,4.0343,4.2765,-0.0892
1787083756.535,seguindo,5.8336,11.9919,0.9575,1.6014,0.6439,0.5,4.0343,4.2765,-0.0892
1787083756.585,seguindo,5.8494,12.0127,0.9877,1.6178,0.6301,0.5,4.0136,4.2765,-0.1045
1787083756.635,seguindo,5.8494,12.0127,0.9877,1.6178,0.6301,0.5,4.0136,4.2765,-0.1045
1787083756.685,seguindo,5.8649,12.0327,1.0188,1.6343,0.6155,0.5,3.9938,4.2765,-0.1194
1787083756.735,seguindo,5.8649,12.0327,1.0188,1.6343,0.6155,0.5,3.9938,4.2765,-0.1194
1787083756.785,seguindo,5.8762,12.057,1.0546,1.641,0.5864,0.5,3.9696,3.9772,-0.13
1787083756.835,seguindo,5.8762,12.057,1.0546,1.641,0.5864,0.5,3.9696,3.9772,-0.13
1787083756.885,seguindo,5.8873,12.0784,1.0945,1.6537,0.5592,0.5,3.9484,3.9772,-0.1404
1787083756.935,seguindo,5.8873,12.0784,1.0945,1.6537,0.5592,0.5,3.9484,3.9772,-0.1404
1787083756.985,seguindo,5.9001,12.094,1.137,1.6807,0.5437,0.5,3.9331,2.8105,-0.0241
1787083757.035,seguindo,5.9001,12.094,1.137,1.6807,0.5437,0.5,3.9331,2.8105,-0.0241
1787083757.085,seguindo,5.9098,12.1104,1.1837,1.6859,0.5022,0.5,3.9169,3.1399,-0.0368
1787083757.135,seguindo,5.9098,12.1104,1.1837,1.6859,0.5022,0.5,3.9169,3.1399,-0.0368
1787083757.185,seguindo,5.918,12.1264,1.2287,1.6958,0.4671,0.5,3.9012,3.1399,-0.0479
1787083757.235,seguindo,5.918,12.1264,1.2287,1.6958,0.4671,0.5,3.9012,3.1399,-0.0479
1787083757.285,seguindo,5.9266,12.1456,1.2761,1.707,0.4308,0.5,3.8822,3.1399,-0.06
1787083757.335,seguindo,5.9266,12.1456,1.2761,1.707,0.4308,0.5,3.8822,3.1399,-0.06
1787083757.385,seguindo,5.9352,12.1682,1.3213,1.711,0.3897,0.5,3.8599,2.9507,-0.0727
1787083757.435,seguindo,5.9352,12.1682,1.3213,1.711,0.3897,0.5,3.8599,2.9507,-0.0727
1787083757.485,seguindo,5.942,12.1883,1.3684,1.7206,0.3521,0.5,3.84,2.9507,-0.0832
1787083757.535,seguindo,5.942,12.1883,1.3684,1.7206,0.3521,0.5,3.84,2.9507,-0.0832
1787083757.585,seguindo,5.9478,12.2062,1.4165,1.713,0.2965,0.5,3.8484,2.9507,-0.077
1787083757.635,seguindo,5.9478,12.2062,1.4165,1.713,0.2965,0.5,3.8484,2.9507,-0.077
1787083757.685,seguindo,5.952,12.2235,1.4649,1.7198,0.2549,0.5,3.8312,2.9507,-0.0844
1787083757.735,seguindo,5.952,12.2235,1.4649,1.7198,0.2549,0.5,3.8312,2.9507,-0.0844
1787083757.785,seguindo,5.9546,12.2456,1.5136,1.7174,0.2039,0.5,3.8092,2.7349,-0.0911
1787083757.835,seguindo,5.9546,12.2456,1.5136,1.7174,0.2039,0.5,3.8092,2.7349,-0.0911
1787083757.885,seguindo,5.9519,12.2676,1.5622,1.7179,0.1557,0.5,3.7872,2.7349,-0.0924
1787083757.935,seguindo,5.9519,12.2676,1.5622,1.7179,0.1557,0.5,3.7872,2.7349,-0.0924
1787083757.985,seguindo,5.9517,12.2912,1.6085,1.7131,0.1046,0.5,3.7636,2.8105,-0.0965
1787083758.035,seguindo,5.9517,12.2912,1.6085,1.7102,0.1017,0.5,3.7636,1.2644,-0.0255
1787083758.085,seguindo,5.9491,12.3111,1.6514,1.7103,0.0589,0.5,3.7436,1.2644,-0.0218
1787083758.135,seguindo,5.9491,12.3111,1.6514,1.6759,0.0245,0.5,3.7678,1.2644,0.0169
1787083758.185,seguindo,5.9485,12.3369,1.6924,1.678,-0.0144,0.5,3.7419,1.2644,-0.0069
1787083758.235,seguindo,5.9485,12.3369,1.6924,1.678,-0.0144,0.5,3.7419,1.2644,-0.0069
1787083758.285,seguindo,5.9445,12.3616,1.7281,1.6706,-0.0575,0.5,3.7171,1.1918,-0.0124
1787083758.335,seguindo,5.9445,12.3616,1.7281,1.6706,-0.0575,0.5,3.7171,1.1918,-0.0124
1787083758.385,seguindo,5.9442,12.3852,1.7595,1.6727,-0.0868,0.5,3.6936,1.1918,-0.0208
1787083758.435,seguindo,5.9442,12.3852,1.7595,1.6727,-0.0868,0.5,3.6936,1.1918,-0.0208
1787083758.485,seguindo,5.9398,12.4111,1.7891,1.6652,-0.1239,0.5,3.6677,1.1817,-0.0258
1787083758.535,seguindo,5.9398,12.4111,1.7891,1.6652,-0.1239,0.5,3.6677,1.1817,-0.0258
1787083758.585,seguindo,5.9359,12.4358,1.8178,1.6637,-0.1542,0.5,3.6429,1.1817,-0.0308
1787083758.635,seguindo,5.9359,12.4358,1.8178,1.6637,-0.1542,0.5,3.6429,1.1817,-0.0308
1787083758.685,seguindo,5.9283,12.4603,1.8417,1.6311,-0.2107,0.5,3.6419,1.1817,-0.0139
1787083758.735,seguindo,5.9283,12.4603,1.8417,1.6311,-0.2107,0.5,3.6419,1.1817,-0.0139
1787083758.785,seguindo,5.9214,12.4844,1.8611,1.6214,-0.2397,0.5,3.6179,1.2285,-0.0146
1787083758.835,seguindo,5.9214,12.4844,1.8611,1.6214,-0.2397,0.5,3.6179,1.2285,-0.0146
1787083758.885,seguindo,5.9144,12.5162,1.8733,1.616,-0.2573,0.5,3.5863,1.2285,-0.017
1787083758.935,seguindo,5.9144,12.5162,1.8733,1.616,-0.2573,0.5,3.5863,1.2285,-0.017
1787083758.985,seguindo,5.9081,12.5448,1.8811,1.6077,-0.2734,0.5,3.5577,1.3625,-0.0185
1787083759.035,seguindo,5.9081,12.5448,1.8811,1.6077,-0.2734,0.5,3.5577,1.3625,-0.0185
1787083759.085,seguindo,5.8984,12.5711,1.8854,1.5973,-0.2881,0.5,3.5317,1.4561,-0.0041
1787083759.135,seguindo,5.8984,12.5711,1.8854,1.5973,-0.2881,0.5,3.5317,1.4561,-0.0041
1787083759.185,seguindo,5.8874,12.5986,1.882,1.5832,-0.2988,0.5,3.5044,1.4106,0.0004
1787083759.235,seguindo,5.8874,12.5986,1.882,1.5832,-0.2988,0.5,3.5044,1.4106,0.0004
1787083759.285,seguindo,5.8771,12.6285,1.8774,1.5672,-0.3102,0.5,3.4795,1.5152,0.0046
1787083759.335,seguindo,5.8771,12.6285,1.8774,1.5672,-0.3102,0.5,3.4795,1.5152,0.0046
1787083759.385,seguindo,5.8661,12.6597,1.8703,1.556,-0.3143,0.5,3.4486,1.5152,0.009
1787083759.436,seguindo,5.8661,12.6597,1.8703,1.556,-0.3143,0.5,3.4486,1.5152,0.009
1787083759.485,seguindo,5.8578,12.6865,1.8588,1.5455,-0.3133,0.5,3.4222,1.7822,0.0121
1787083759.535,seguindo,5.8578,12.6865,1.8588,1.5455,-0.3133,0.5,3.4222,1.7822,0.0121
1787083759.585,seguindo,5.8526,12.7125,1.847,1.5395,-0.3075,0.5,3.3964,1.7822,0.0129
1787083759.635,seguindo,5.8526,12.7125,1.847,1.5395,-0.3075,0.5,3.3964,1.7822,0.0129
1787083759.685,seguindo,5.846,12.7398,1.8328,1.5309,-0.3019,0.5,3.3694,2.2793,0.0152
1787083759.735,seguindo,5.846,12.7398,1.8328,1.5309,-0.3019,0.5,3.3694,2.2793,0.0152
1787083759.785,seguindo,5.8399,12.7666,1.816,1.5237,-0.2923,0.5,3.3428,2.2793,0.0178
1787083759.835,seguindo,5.8399,12.7666,1.816,1.5237,-0.2923,0.5,3.3428,2.2793,0.0178
1787083759.885,seguindo,5.829,12.7954,1.7997,1.5111,-0.2886,0.5,3.3145,3.125,0.0254
1787083759.935,seguindo,5.829,12.7954,1.7997,1.5111,-0.2886,0.5,3.3145,3.125,0.0254
1787083759.985,seguindo,5.8228,12.8287,1.7792,1.5033,-0.2759,0.5,3.2816,4.5621,0.029
1787083760.035,seguindo,5.8228,12.8287,1.7792,1.5033,-0.2759,0.5,3.2816,4.5621,0.029
1787083760.085,seguindo,5.8184,12.8624,1.7544,1.4965,-0.2579,0.5,3.2481,4.5621,0.0315
1787083760.135,seguindo,5.8184,12.8624,1.7544,1.5163,-0.2381,0.5,3.2481,1.3355,-0.0229
1787083760.185,seguindo,5.8123,12.8947,1.7309,1.5128,-0.2181,0.5,3.2513,1.3355,-0.014
1787083760.235,seguindo,5.8123,12.8947,1.7309,1.5128,-0.2181,0.5,3.2513,1.3355,-0.014
1787083760.285,seguindo,5.805,12.9246,1.7083,1.5078,-0.2004,0.5,3.2217,1.71,-0.0
1787083760.335,seguindo,5.805,12.9246,1.7083,1.5078,-0.2004,0.5,3.2217,1.71,-0.0
1787083760.385,seguindo,5.7989,12.9547,1.682,1.4998,-0.1823,0.5,3.192,1.71,0.0119
1787083760.435,seguindo,5.7989,12.9547,1.682,1.4998,-0.1823,0.5,3.192,1.71,0.0119
1787083760.485,seguindo,5.7962,12.9868,1.6592,1.4995,-0.1597,0.5,3.16,1.7705,0.0202
1787083760.535,seguindo,5.7962,12.9868,1.6592,1.4995,-0.1597,0.5,3.16,1.7705,0.0202
1787083760.585,seguindo,5.7951,13.0169,1.6362,1.501,-0.1352,0.5,3.13,1.1959,0.0243
1787083760.635,seguindo,5.7951,13.0169,1.6362,1.501,-0.1352,0.5,3.13,1.1959,0.0243
1787083760.685,seguindo,5.7944,13.0446,1.6116,1.4984,-0.1131,0.5,3.1024,1.1959,0.0271
1787083760.735,seguindo,5.7944,13.0446,1.6116,1.4984,-0.1131,0.5,3.1024,1.1959,0.0271
1787083760.785,seguindo,5.7947,13.0751,1.589,1.5013,-0.0877,0.5,3.0719,1.3355,0.0274
1787083760.835,seguindo,5.7947,13.0751,1.589,1.5013,-0.0877,0.5,3.0719,1.3355,0.0274
1787083760.885,seguindo,5.7935,13.1078,1.5655,1.4977,-0.0677,0.5,3.0393,1.3355,0.028
1787083760.935,seguindo,5.7935,13.1078,1.5655,1.4977,-0.0677,0.5,3.0393,1.3355,0.028
1787083760.985,seguindo,5.796,13.137,1.5423,1.4828,-0.0595,0.5,3.0415,1.3355,0.0368
1787083761.035,seguindo,5.796,13.137,1.5423,1.4828,-0.0595,0.5,3.0415,1.3355,0.0368
1787083761.085,seguindo,5.8006,13.1643,1.5204,1.4903,-0.0301,0.5,3.014,1.5948,0.0312
1787083761.135,seguindo,5.8006,13.1643,1.5204,1.4956,-0.0248,0.5,3.014,1.5118,-0.0536
1787083761.185,seguindo,5.8058,13.1974,1.4971,1.4982,0.0011,0.5,2.9807,1.5118,-0.0213
1787083761.235,seguindo,5.8058,13.1974,1.4971,1.4982,0.0011,0.5,2.9807,1.5118,-0.0213
1787083761.285,seguindo,5.8098,13.2258,1.4744,1.5002,0.0258,0.5,2.952,1.5118,-0.0071
1787083761.335,seguindo,5.8098,13.2258,1.4744,1.5002,0.0258,0.5,2.952,1.5118,-0.0071
1787083761.385,seguindo,5.8148,13.2525,1.4527,1.508,0.0554,0.5,2.9251,1.3977,-0.0044
1787083761.435,seguindo,5.8148,13.2525,1.4527,1.508,0.0554,0.5,2.9251,1.3977,-0.0044
1787083761.485,seguindo,5.8172,13.2847,1.4292,1.5084,0.0792,0.5,2.8928,1.3977,0.0023
1787083761.535,seguindo,5.8172,13.2847,1.4292,1.5084,0.0792,0.5,2.8928,1.3977,0.0023
1787083761.585,seguindo,5.8192,13.3207,1.4071,1.5132,0.106,0.5,2.8568,1.2817,0.0102
1787083761.635,seguindo,5.8192,13.3207,1.4071,1.5132,0.106,0.5,2.8568,1.2817,0.0102
1787083761.685,seguindo,5.8228,13.3582,1.3847,1.5198,0.1351,0.5,2.8191,1.318,0.0167
1787083761.735,seguindo,5.8228,13.3582,1.3847,1.5198,0.1351,0.5,2.8191,1.318,0.0167
1787083761.785,seguindo,5.8269,13.3854,1.3631,1.5225,0.1594,0.5,2.7918,1.318,0.0196
1787083761.835,seguindo,5.8269,13.3854,1.3631,1.5225,0.1594,0.5,2.7918,1.318,0.0196
1787083761.885,seguindo,5.8328,13.4171,1.3401,1.532,0.1919,0.5,2.7904,1.318,0.0121
1787083761.935,seguindo,5.8328,13.4171,1.3401,1.532,0.1919,0.5,2.7904,1.318,0.0121
1787083761.985,seguindo,5.8412,13.4458,1.3193,1.5447,0.2254,0.5,2.7613,1.5118,0.0109
1787083762.035,seguindo,5.8412,13.4458,1.3193,1.5447,0.2254,0.5,2.7613,1.5118,0.0109
1787083762.085,seguindo,5.8497,13.4776,1.2982,1.5582,0.2601,0.5,2.7291,1.9244,0.0094
1787083762.135,seguindo,5.8497,13.4776,1.2982,1.5582,0.2601,0.5,2.7291,1.9244,0.0094
1787083762.185,seguindo,5.8605,13.5048,1.2892,1.5786,0.2894,0.5,2.7014,1.7288,-0.0486
1787083762.235,seguindo,5.8605,13.5048,1.2892,1.5786,0.2894,0.5,2.7014,1.7288,-0.0486
1787083762.286,seguindo,5.8741,13.5144,1.2967,1.5918,0.2951,0.5,2.6912,1.7288,-0.0477
1787083762.335,seguindo,5.8741,13.5144,1.2967,1.5918,0.2951,0.5,2.6912,1.7288,-0.0477
1787083762.385,seguindo,5.8845,13.5279,1.3036,1.6022,0.2987,0.5,2.6773,1.7288,-0.0477
1787083762.435,seguindo,5.8845,13.5279,1.3036,1.6022,0.2987,0.5,2.6773,1.7288,-0.0477
1787083762.485,seguindo,5.8923,13.5531,1.3143,1.6108,0.2965,0.5,2.6518,1.7288,-0.0488
1787083762.535,seguindo,5.8923,13.5531,1.3143,1.6108,0.2965,0.5,2.6518,1.7288,-0.0488
1787083762.585,seguindo,5.885,13.5691,1.3276,1.6107,0.2831,0.5,2.6361,1.7677,-0.0387
1787083762.635,seguindo,5.885,13.5691,1.3276,1.6107,0.2831,0.5,2.6361,1.7677,-0.0387
1787083762.685,seguindo,5.8883,13.5933,1.3073,1.615,0.3077,0.5,2.6119,1.7677,-0.0375
1787083762.735,seguindo,5.8883,13.5933,1.3073,1.615,0.3077,0.5,2.6119,1.7677,-0.0375
1787083762.785,seguindo,5.8941,13.6233,1.2727,1.6285,0.3558,0.5,2.5816,2.0381,-0.038
1787083762.835,seguindo,5.8941,13.6233,1.2727,1.6285,0.3558,0.5,2.5816,2.0381,-0.038
1787083762.885,seguindo,5.9012,13.6557,1.2552,1.6657,0.4105,0.5,2.5843,2.0381,-0.0562
1787083762.935,seguindo,5.9012,13.6557,1.2552,1.6657,0.4105,0.5,2.5843,2.0381,-0.0562
1787083762.985,seguindo,5.9171,13.6822,1.2359,1.6839,0.448,0.5,2.5577,2.0381,-0.068
1787083763.035,seguindo,5.9171,13.6822,1.2359,1.6839,0.448,0.5,2.5577,2.0381,-0.068
1787083763.085,seguindo,5.9354,13.717,1.2269,1.7099,0.483,0.5,2.5229,2.6124,-0.0816
1787083763.135,seguindo,5.9354,13.717,1.2269,1.7099,0.483,0.5,2.5229,2.6124,-0.0816
1787083763.185,seguindo,5.9462,13.7487,1.2242,1.725,0.5008,0.5,2.4913,2.6124,-0.089
1787083763.235,seguindo,5.9462,13.7487,1.2242,1.7434,0.5192,0.5,2.4913,3.7507,-0.0212
1787083763.285,seguindo,5.957,13.7817,1.2172,1.764,0.5468,0.5,2.4584,2.6049,-0.0372
1787083763.335,seguindo,5.957,13.7817,1.2172,1.764,0.5468,0.5,2.4584,2.6049,-0.0372
1787083763.385,seguindo,5.9693,13.8086,1.2266,1.7814,0.5547,0.5,2.4317,2.6049,-0.0537
1787083763.435,seguindo,5.9693,13.8086,1.2266,1.7814,0.5547,0.5,2.4317,2.6049,-0.0537
1787083763.485,seguindo,5.9789,13.837,1.2328,1.7968,0.5639,0.5,2.4035,1.8227,-0.0678
1787083763.535,seguindo,5.9789,13.837,1.2328,1.7968,0.5639,0.5,2.4035,1.8227,-0.0678
1787083763.585,seguindo,5.9853,13.8585,1.2431,1.8078,0.5647,0.5,2.3822,1.8227,-0.0775
1787083763.635,seguindo,5.9853,13.8585,1.2431,1.8078,0.5647,0.5,2.3822,1.8227,-0.0775
1787083763.685,seguindo,5.9932,13.8822,1.2573,1.8169,0.5596,0.5,2.3586,1.4293,-0.0891
1787083763.735,seguindo,5.9932,13.8822,1.2573,1.8169,0.5596,0.5,2.3586,1.4293,-0.0891
1787083763.785,seguindo,6.0022,13.9019,1.2743,1.8303,0.556,0.5,2.3393,1.4293,-0.1012
1787083763.835,seguindo,6.0022,13.9019,1.2743,1.8303,0.556,0.5,2.3393,1.4293,-0.1012
1787083763.885,seguindo,6.0089,13.9226,1.2939,1.8422,0.5482,0.5,2.3188,1.4293,-0.111
1787083763.935,seguindo,6.0089,13.9226,1.2939,1.8139,0.52,0.5,2.3953,1.8227,-0.0936
1787083763.985,seguindo,6.0186,13.9484,1.3158,1.8297,0.5139,0.5,2.3697,1.8227,-0.1071
1787083764.035,seguindo,6.0186,13.9484,1.3158,1.8297,0.5139,0.5,2.3697,1.8227,-0.1071
1787083764.085,seguindo,6.0263,13.9788,1.3378,1.8393,0.5015,0.5,2.3396,1.4293,-0.1192
1787083764.135,seguindo,6.0263,13.9788,1.3378,1.8393,0.5015,0.5,2.3396,1.4293,-0.1192
1787083764.185,seguindo,6.03,14.0089,1.361,1.8424,0.4814,0.5,2.3097,1.5306,-0.1274
1787083764.235,seguindo,6.03,14.0089,1.361,1.8424,0.4814,0.5,2.3097,1.5306,-0.1274
1787083764.285,seguindo,6.0353,14.0364,1.3832,1.8428,0.4596,0.5,2.2824,0.9178,0.0343
1787083764.335,seguindo,6.0353,14.0364,1.3832,1.8428,0.4596,0.5,2.2824,0.9178,0.0343
1787083764.385,seguindo,6.041,14.0594,1.4041,1.854,0.4499,0.5,2.2597,0.9178,-0.0203
1787083764.435,seguindo,6.041,14.0594,1.4041,1.854,0.4499,0.5,2.2597,0.9178,-0.0203
1787083764.485,seguindo,6.0439,14.0881,1.4272,1.8646,0.4374,0.5,2.2311,0.9178,-0.0283
1787083764.536,seguindo,6.0439,14.0881,1.4272,1.8646,0.4374,0.5,2.2311,0.9178,-0.0283
1787083764.585,seguindo,6.0483,14.1093,1.4493,1.875,0.4258,0.5,2.2101,0.9178,-0.0432
1787083764.635,seguindo,6.0483,14.1093,1.4493,1.875,0.4258,0.5,2.2101,0.9178,-0.0432
1787083764.685,seguindo,6.0534,14.1344,1.4714,1.8739,0.4026,0.5,2.1853,0.9505,-0.0606
1787083764.735,seguindo,6.0534,14.1344,1.4714,1.8739,0.4026,0.5,2.1853,0.9505,-0.0606
1787083764.785,seguindo,6.0561,14.1547,1.4939,1.8826,0.3886,0.5,2.1651,0.9505,-0.0736
1787083764.835,seguindo,6.0561,14.1547,1.4939,1.8826,0.3886,0.5,2.1651,0.9505,-0.0736
1787083764.885,seguindo,6.0584,14.1786,1.5154,1.604,0.0886,0.5,13.8748,0.9178,11.6278
1787083764.935,seguindo,6.0584,14.1786,1.5154,1.604,0.0886,0.5,13.8748,0.9178,11.6278
1787083764.985,seguindo,6.0625,14.2001,1.539,1.6043,0.0653,0.5,13.8534,0.9178,11.6063
1787083765.035,seguindo,6.0625,14.2001,1.539,1.6043,0.0653,0.5,13.8534,0.9178,11.6063
1787083765.085,seguindo,6.062,14.2198,1.5616,1.6043,0.0427,0.5,13.8337,0.9178,11.5866
1787083765.135,seguindo,6.062,14.2198,1.5616,1.6043,0.0427,0.5,13.8337,0.9178,11.5866
1787083765.185,seguindo,6.06,14.2399,1.5833,1.6042,0.021,0.5,13.8136,0.9178,11.5665
1787083765.235,seguindo,6.06,14.2399,1.5833,1.6042,0.021,0.5,13.8136,0.9178,11.5665
1787083765.285,seguindo,6.0625,14.2634,1.6059,1.6045,-0.0014,0.5,13.7902,0.9178,11.5431
1787083765.335,seguindo,6.0625,14.2634,1.6059,1.6045,-0.0014,0.5,13.7902,0.9178,11.5431
1787083765.385,seguindo,6.0605,14.2906,1.6292,1.6044,-0.0248,0.5,13.7629,0.9178,11.5158
1787083765.435,seguindo,6.0605,14.2906,1.6292,1.6044,-0.0248,0.5,13.7629,0.9178,11.5158
1787083765.485,seguindo,6.0602,14.3221,1.6473,1.6045,-0.0428,0.5,13.7314,0.9178,11.4843
1787083765.535,seguindo,6.0602,14.3221,1.6473,1.6045,-0.0428,0.5,13.7314,0.9178,11.4843
1787083765.585,seguindo,6.0587,14.3534,1.6683,1.6044,-0.0639,0.5,13.7001,0.9178,11.453
1787083765.635,seguindo,6.0587,14.3534,1.6683,1.6044,-0.0639,0.5,13.7001,0.9178,11.453
1787083765.685,seguindo,6.0584,14.3848,1.689,1.6045,-0.0845,0.5,13.6686,0.9178,11.4215
1787083765.735,seguindo,6.0584,14.3848,1.689,1.8404,0.1514,0.5,13.6686,0.887,-0.0146
1787083765.785,seguindo,6.0541,14.4124,1.7091,1.8916,0.1824,0.5,13.6451,0.887,-0.0482
1787083765.835,seguindo,6.0541,14.4124,1.7091,1.8916,0.1824,0.5,13.6451,0.887,-0.0482
1787083765.885,seguindo,6.0509,14.44,1.7285,1.8974,0.1689,0.5,13.6174,0.887,-0.0595
1787083765.935,seguindo,6.0509,14.44,1.7285,1.8974,0.1689,0.5,13.6174,0.887,-0.0595
1787083765.985,seguindo,6.0444,14.4642,1.7489,1.8829,0.134,0.5,13.5929,0.9006,-0.0665
1787083766.035,seguindo,6.0444,14.4642,1.7489,1.8829,0.134,0.5,13.5929,0.9006,-0.0665
1787083766.085,seguindo,6.0366,14.4895,1.7648,1.8833,0.1185,0.5,13.5673,0.9006,-0.0727
1787083766.135,seguindo,6.0366,14.4895,1.7648,1.8833,0.1185,0.5,13.5673,0.9006,-0.0727
1787083766.185,seguindo,6.0348,14.5119,1.7772,1.871,0.0937,0.5,13.5449,1.0202,-0.0826
1787083766.235,seguindo,6.0348,14.5119,1.7772,1.871,0.0937,0.5,13.5449,1.0202,-0.0826
1787083766.285,seguindo,6.0326,14.5342,1.7886,1.8756,0.087,0.5,13.5226,1.0202,-0.0921
1787083766.335,seguindo,6.0326,14.5342,1.7886,1.8756,0.087,0.5,13.5226,1.0202,-0.0921
1787083766.385,seguindo,6.0289,14.5675,1.8004,1.8627,0.0623,0.5,13.4891,0.9796,-0.1058
1787083766.435,seguindo,6.0289,14.5675,1.8004,1.8627,0.0623,0.5,13.4891,0.9796,-0.1058
1787083766.485,seguindo,6.0244,14.596,1.814,1.8667,0.0527,0.5,13.4605,0.9796,-0.1163
1787083766.535,seguindo,6.0244,14.596,1.814,1.8667,0.0527,0.5,13.4605,0.9796,-0.1163
1787083766.585,seguindo,6.0189,14.6228,1.8279,1.8482,0.0203,0.5,13.4335,0.887,-0.1248
1787083766.635,seguindo,6.0189,14.6228,1.8279,1.8482,0.0203,0.5,13.4335,0.887,-0.1248
1787083766.685,seguindo,6.0124,14.6494,1.8417,1.8493,0.0076,0.5,13.4067,0.887,-0.1322
1787083766.735,seguindo,6.0124,14.6494,1.8417,1.8493,0.0076,0.5,13.4067,0.887,-0.1322
1787083766.785,seguindo,6.0029,14.677,1.8558,1.8618,0.006,0.5,13.394,0.669,0.0151
1787083766.835,seguindo,6.0029,14.677,1.8558,1.8618,0.006,0.5,13.394,0.669,0.0151
1787083766.885,seguindo,5.9987,14.7033,1.87,1.8652,-0.0048,0.5,13.3675,0.669,-0.0006
1787083766.935,seguindo,5.9987,14.7033,1.87,1.8652,-0.0048,0.5,13.3675,0.669,-0.0006
1787083766.985,seguindo,5.9891,14.7301,1.8835,1.8639,-0.0196,0.5,13.3398,0.669,-0.0123
1787083767.035,seguindo,5.9891,14.7301,1.8835,1.8639,-0.0196,0.5,13.3398,0.669,-0.0123
1787083767.085,seguindo,5.9794,14.7559,1.8928,1.8508,-0.0419,0.5,13.3132,0.6693,-0.0231
1787083767.135,seguindo,5.9794,14.7559,1.8928,1.8508,-0.0419,0.5,13.3132,0.6693,-0.0231
1787083767.185,seguindo,5.971,14.7836,1.8991,1.8504,-0.0487,0.5,13.2848,0.6693,-0.0351
1787083767.235,seguindo,5.971,14.7836,1.8991,1.8504,-0.0487,0.5,13.2848,0.6693,-0.0351
1787083767.285,seguindo,5.9619,14.8118,1.9066,1.8387,-0.0678,0.5,13.2559,0.73,-0.0466
1787083767.335,seguindo,5.9619,14.8118,1.9066,1.8387,-0.0678,0.5,13.2559,0.73,-0.0466
1787083767.385,seguindo,5.9546,14.8348,1.9132,1.8378,-0.0754,0.5,13.2323,0.73,-0.055
1787083767.435,seguindo,5.9546,14.8348,1.9132,1.8378,-0.0754,0.5,13.2323,0.73,-0.055
1787083767.485,seguindo,5.9469,14.8607,1.9234,1.8271,-0.0963,0.5,13.2057,0.8677,-0.0643
1787083767.535,seguindo,5.9469,14.8607,1.9234,1.8271,-0.0963,0.5,13.2057,0.8677,-0.0643
1787083767.585,seguindo,5.9393,14.8848,1.9304,1.8258,-0.1046,0.5,13.181,0.8677,-0.0717
1787083767.635,seguindo,5.9393,14.8848,1.9304,1.8258,-0.1046,0.5,13.181,0.8677,-0.0717
1787083767.685,seguindo,5.9306,14.9047,1.9395,1.8132,-0.1263,0.5,13.1604,1.1219,-0.075
1787083767.735,seguindo,5.9306,14.9047,1.9395,1.8132,-0.1263,0.5,13.1604,1.1219,-0.075
1787083767.785,seguindo,5.9174,14.9301,1.9461,1.8061,-0.1399,0.5,13.1338,1.1219,-0.0761
1787083767.835,seguindo,5.9174,14.9301,1.9461,1.7425,-0.2036,0.5,13.1338,0.8754,-0.0215
1787083767.885,seguindo,5.9039,14.9544,1.9528,1.7558,-0.1971,0.5,13.122,0.8754,-0.034
1787083767.935,seguindo,5.9039,14.9544,1.9528,1.7558,-0.1971,0.5,13.122,0.8754,-0.034
1787083767.985,seguindo,5.8936,14.9789,1.9577,1.75,-0.2077,0.5,13.0966,0.8754,-0.0341
1787083768.035,seguindo,5.8936,14.9789,1.9577,1.75,-0.2077,0.5,13.0966,0.8754,-0.0341
1787083768.085,seguindo,5.8815,15.0045,1.9613,1.739,-0.2222,0.5,13.0701,0.8306,-0.0368
1787083768.135,seguindo,5.8815,15.0045,1.9613,1.739,-0.2222,0.5,13.0701,0.8306,-0.0368
1787083768.185,seguindo,5.8719,15.0334,1.9628,1.7343,-0.2284,0.5,13.0404,0.8306,-0.0431
1787083768.235,seguindo,5.8719,15.0334,1.9628,1.7343,-0.2284,0.5,13.0404,0.8306,-0.0431
1787083768.285,seguindo,5.8638,15.0606,1.9623,1.7286,-0.2337,0.5,13.0126,0.8534,-0.0495
1787083768.335,seguindo,5.8638,15.0606,1.9623,1.7286,-0.2337,0.5,13.0126,0.8534,-0.0495
1787083768.385,seguindo,5.8498,15.0903,1.9573,1.7182,-0.2391,0.5,12.9817,1.0227,-0.051
1787083768.435,seguindo,5.8498,15.0903,1.9573,1.7182,-0.2391,0.5,12.9817,1.0227,-0.051
1787083768.485,seguindo,5.8392,15.1217,1.95,1.7123,-0.2377,0.5,12.9495,1.0227,-0.0555
1787083768.535,seguindo,5.8392,15.1217,1.95,1.7123,-0.2377,0.5,12.9495,1.0227,-0.0555
1787083768.585,seguindo,5.8306,15.1498,1.9396,1.7072,-0.2323,0.5,12.9208,1.0951,-0.0592
1787083768.635,seguindo,5.8306,15.1498,1.9396,1.7072,-0.2323,0.5,12.9208,1.0951,-0.0592
1787083768.685,seguindo,5.8218,15.1775,1.9259,1.7022,-0.2237,0.5,12.8924,1.0951,-0.0612
1787083768.735,seguindo,5.8218,15.1775,1.9259,1.7022,-0.2237,0.5,12.8924,1.0951,-0.0612
1787083768.785,seguindo,5.8106,15.2101,1.9099,1.6952,-0.2147,0.5,12.8589,1.1731,-0.0614
1787083768.835,re,5.8106,15.2101,1.9099,1.9099,0.0,-0.203,12.8589,inf,0.0
1787083768.885,re,5.8022,15.2435,1.895,1.895,0.0,-0.203,12.825,inf,0.0
1787083768.935,re,5.8022,15.2435,1.895,1.895,0.0,-0.203,12.825,inf,0.0
1787083768.985,re,5.7941,15.2693,1.8777,1.8777,0.0,-0.203,12.7985,inf,0.0
1787083769.035,re,5.7941,15.2693,1.8777,1.8777,0.0,-0.203,12.7608,inf,0.0
1787083769.085,re,5.7864,15.2992,1.862,1.862,0.0,-0.203,12.7306,inf,0.0
1787083769.135,re,5.7864,15.2992,1.862,1.862,0.0,-0.203,12.7306,inf,0.0
1787083769.185,re,5.7781,15.3267,1.8469,1.8469,0.0,-0.203,12.7027,inf,0.0
1787083769.235,re,5.7781,15.3267,1.8469,1.8469,0.0,-0.203,12.7027,inf,0.0
1787083769.285,re,5.7718,15.3524,1.8318,1.8318,0.0,-0.203,12.6766,inf,0.0
1787083769.335,re,5.7718,15.3524,1.8318,1.8318,0.0,-0.203,12.6766,inf,0.0
1787083769.385,re,5.7652,15.3854,1.8157,1.8157,0.0,-0.203,12.6433,inf,0.0
1787083769.435,re,5.7652,15.3854,1.8157,1.8157,0.0,-0.203,12.6433,inf,0.0
1787083769.485,re,5.7568,15.4149,1.7983,1.7983,0.0,-0.203,12.6135,inf,0.0
1787083769.535,re,5.7568,15.4149,1.7983,1.7983,0.0,-0.203,12.6135,inf,0.0
1787083769.585,re,5.75,15.4456,1.7808,1.7808,0.0,-0.203,12.5825,inf,0.0
1787083769.635,re,5.75,15.4456,1.7808,1.7808,0.0,-0.203,12.5825,inf,0.0
1787083769.685,re,5.7433,15.4767,1.7694,1.7694,0.0,-0.203,12.551,inf,0.0
1787083769.735,re,5.7433,15.4767,1.7694,1.7694,0.0,-0.203,12.551,inf,0.0
1787083769.785,re,5.74,15.486,1.7688,1.7688,0.0,-0.203,12.5416,inf,0.0
1787083769.835,re,5.74,15.486,1.7688,1.7688,0.0,-0.203,12.5416,inf,0.0
1787083769.885,re,5.7392,15.4802,1.7714,1.7714,0.0,-0.203,12.5473,inf,0.0
1787083769.935,re,5.7392,15.4802,1.7714,1.7714,0.0,-0.203,12.5473,inf,0.0
1787083769.985,re,5.7436,15.4633,1.7776,1.7776,0.0,-0.203,12.558,inf,0.0
1787083770.035,re,5.7436,15.4633,1.7776,1.7776,0.0,-0.203,12.558,inf,0.0
1787083770.085,re,5.7484,15.4417,1.783,1.783,0.0,-0.203,12.5798,inf,0.0
1787083770.135,re,5.7484,15.4417,1.783,1.783,0.0,-0.203,12.5798,inf,0.0
1787083770.185,re,5.7552,15.4144,1.7882,1.7882,0.0,-0.203,12.6075,inf,0.0
1787083770.235,re,5.7552,15.4144,1.7882,1.7882,0.0,-0.203,12.6075,inf,0.0
1787083770.285,re,5.7604,15.3817,1.7918,1.7918,0.0,-0.203,12.6404,inf,0.0
1787083770.335,re,5.7604,15.3817,1.7918,1.7918,0.0,-0.203,12.6404,inf,0.0
1787083770.385,re,5.7672,15.3521,1.7982,1.7982,0.0,-0.203,12.6704,inf,0.0
1787083770.435,re,5.7672,15.3521,1.7982,1.7982,0.0,-0.203,12.6704,inf,0.0
1787083770.485,re,5.7746,15.3206,1.8071,1.8071,0.0,-0.203,12.7023,inf,0.0
1787083770.535,re,5.7746,15.3206,1.8071,1.8071,0.0,-0.203,12.7023,inf,0.0
1787083770.585,re,5.7823,15.295,1.816,1.816,0.0,-0.203,12.7284,inf,0.0
1787083770.635,re,5.7823,15.295,1.816,1.816,0.0,-0.203,12.7284,inf,0.0
1787083770.685,re,5.7875,15.2674,1.8227,1.8227,0.0,-0.203,12.7562,inf,0.0
1787083770.735,re,5.7875,15.2674,1.8227,1.8227,0.0,-0.203,12.7562,inf,0.0
1787083770.785,re,5.7932,15.2378,1.8279,1.8279,0.0,-0.203,12.7861,inf,0.0
1787083770.835,re,5.7932,15.2378,1.8279,1.8279,0.0,-0.203,12.7861,inf,0.0
1787083770.885,re,5.801,15.2059,1.8319,1.8319,0.0,-0.203,12.8184,inf,0.0
1787083770.935,re,5.801,15.2059,1.8319,1.8319,0.0,-0.203,12.8184,inf,0.0
1787083770.985,re,5.809,15.176,1.8352,1.8352,0.0,-0.203,12.8488,inf,0.0
1787083771.035,re,5.809,15.176,1.8352,1.8352,0.0,-0.203,12.8488,inf,0.0
1787083771.085,re,5.8175,15.1429,1.8385,1.8385,0.0,-0.203,12.8824,inf,0.0
1787083771.135,re,5.8175,15.1429,1.8385,1.8385,0.0,-0.203,12.8824,inf,0.0
1787083771.185,re,5.826,15.1162,1.8403,1.8403,0.0,-0.203,12.9095,inf,0.0
1787083771.235,re,5.826,15.1162,1.8403,1.8403,0.0,-0.203,12.9095,inf,0.0
1787083771.285,re,5.8325,15.0885,1.841,1.841,0.0,-0.203,12.9376,inf,0.0
1787083771.335,re,5.8325,15.0885,1.841,1.841,0.0,-0.203,12.9376,inf,0.0
1787083771.385,re,5.8389,15.0601,1.8409,1.8409,0.0,-0.203,12.9663,inf,0.0
1787083771.435,re,5.8389,15.0601,1.8409,1.8409,0.0,-0.203,12.9663,inf,0.0
1787083771.485,re,5.8451,15.0332,1.8384,1.8384,0.0,-0.203,12.9936,inf,0.0
1787083771.535,re,5.8451,15.0332,1.8384,1.8384,0.0,-0.203,12.9936,inf,0.0
1787083771.585,re,5.8509,15.0074,1.8374,1.8374,0.0,-0.203,13.0198,inf,0.0
1787083771.635,re,5.8509,15.0074,1.8374,1.8374,0.0,-0.203,13.0198,inf,0.0
1787083771.685,re,5.8603,14.9801,1.8368,1.8368,0.0,-0.203,13.0476,inf,0.0
1787083771.735,re,5.8603,14.9801,1.8368,1.8368,0.0,-0.203,13.0476,inf,0.0
1787083771.785,re,5.8665,14.9545,1.8358,1.8358,0.0,-0.203,13.0736,inf,0.0
1787083771.835,re,5.8665,14.9545,1.8358,1.8358,0.0,-0.203,13.0736,inf,0.0
1787083771.885,re,5.8724,14.9264,1.8356,1.8356,0.0,-0.203,13.1028,inf,0.0
1787083771.935,re,5.8724,14.9264,1.8356,1.8356,0.0,-0.203,13.1028,inf,0.0
1787083772.035,seguindo,5.8808,14.8944,1.8364,1.7088,-0.1276,0.5,13.1353,2.2255,0.0176
1787083772.085,seguindo,5.8877,14.8644,1.8368,1.7114,-0.1255,0.5,13.1656,2.2255,0.0469
1787083772.135,seguindo,5.8877,14.8644,1.8368,1.7114,-0.1255,0.5,13.1656,2.2255,0.0469
1787083772.185,seguindo,5.8918,14.8378,1.8356,1.7117,-0.1238,0.5,13.1924,2.2255,0.0737
1787083772.235,seguindo,5.8918,14.8378,1.8356,1.7117,-0.1238,0.5,13.1924,2.2255,0.0737
1787083772.285,seguindo,5.8967,14.8088,1.837,1.7124,-0.1247,0.5,13.2216,2.2255,0.103
1787083772.335,seguindo,5.8967,14.8088,1.837,1.7124,-0.1247,0.5,13.2216,2.2255,0.103
1787083772.385,seguindo,5.9039,14.781,1.8359,1.7153,-0.1207,0.5,13.2497,2.2255,0.1315
1787083772.435,seguindo,5.9039,14.781,1.8359,1.7153,-0.1207,0.5,13.2497,2.2255,0.1315
1787083772.485,seguindo,5.9061,14.7628,1.8325,1.7149,-0.1176,0.5,13.2681,2.2255,0.1499
1787083772.535,seguindo,5.9061,14.7628,1.8325,1.7149,-0.1176,0.5,13.2681,2.2255,0.1499
1787083772.585,seguindo,5.9038,14.7671,1.8221,1.7134,-0.1087,0.5,13.2636,2.2255,0.1453
1787083772.635,seguindo,5.9038,14.7671,1.8221,1.7134,-0.1087,0.5,13.2636,2.2255,0.1453
1787083772.685,seguindo,5.8971,14.7853,1.8114,1.7098,-0.1016,0.5,13.2451,2.2255,0.1264
1787083772.735,seguindo,5.8971,14.7853,1.8114,1.7098,-0.1016,0.5,13.2451,2.2255,0.1264
1787083772.785,seguindo,5.8965,14.8031,1.8037,1.7115,-0.0922,0.5,13.2272,2.2255,0.1086
1787083772.835,seguindo,5.8965,14.8031,1.8037,1.7115,-0.0922,0.5,13.2272,2.2255,0.1086
1787083772.885,seguindo,5.8938,14.8264,1.7917,1.7324,-0.0593,0.5,13.1752,2.2255,-0.0637
1787083772.935,seguindo,5.8938,14.8264,1.7917,1.7324,-0.0593,0.5,13.1752,2.2255,-0.0637
1787083772.985,seguindo,5.8924,14.8506,1.7829,1.7348,-0.0481,0.5,13.1511,2.2255,-0.0435
1787083773.035,seguindo,5.8924,14.8506,1.7829,1.7348,-0.0481,0.5,13.1511,2.2255,-0.0435
1787083773.085,seguindo,5.8901,14.8746,1.7731,1.7572,-0.0159,0.5,13.127,1.5152,-0.0318
1787083773.135,seguindo,5.8901,14.8746,1.7731,1.7572,-0.0159,0.5,13.127,1.5152,-0.0318
1787083773.185,seguindo,5.8863,14.9006,1.7633,1.7583,-0.005,0.5,13.1008,1.5152,-0.0338
1787083773.235,seguindo,5.8863,14.9006,1.7633,1.7583,-0.005,0.5,13.1008,1.5152,-0.0338
1787083773.285,seguindo,5.8839,14.9267,1.7523,1.7506,-0.0017,0.5,13.0746,1.4026,-0.0376
1787083773.335,seguindo,5.8839,14.9267,1.7523,1.7506,-0.0017,0.5,13.0746,1.4026,-0.0376
1787083773.385,seguindo,5.8814,14.9546,1.7427,1.7533,0.0105,0.5,13.0466,1.4026,-0.0422
1787083773.435,seguindo,5.8814,14.9546,1.7427,1.7533,0.0105,0.5,13.0466,1.4026,-0.0422
1787083773.485,seguindo,5.8778,14.981,1.7305,1.7444,0.0139,0.5,13.02,1.3851,-0.0456
1787083773.535,seguindo,5.8778,14.981,1.7305,1.7444,0.0139,0.5,13.02,1.3851,-0.0456
1787083773.585,seguindo,5.8697,15.0096,1.7189,1.7414,0.0225,0.5,12.9911,1.3851,-0.0463
1787083773.635,seguindo,5.8697,15.0096,1.7189,1.7414,0.0225,0.5,12.9911,1.3851,-0.0463
1787083773.685,seguindo,5.8639,15.037,1.7063,1.7308,0.0246,0.5,12.9634,1.6693,-0.0491
1787083773.735,seguindo,5.8639,15.037,1.7063,1.7308,0.0246,0.5,12.9634,1.6693,-0.0491
1787083773.785,seguindo,5.8567,15.0685,1.6946,1.72,0.0254,0.5,12.9316,1.5152,-0.0523
1787083773.835,seguindo,5.8567,15.0685,1.6946,1.72,0.0254,0.5,12.9316,1.5152,-0.0523
1787083773.885,seguindo,5.8562,15.0984,1.6804,1.724,0.0436,0.5,12.9017,1.5152,-0.0615
1787083773.935,seguindo,5.8562,15.0984,1.6804,1.724,0.0436,0.5,12.9017,1.5152,-0.0615
1787083773.985,seguindo,5.8536,15.1297,1.6675,1.7179,0.0504,0.5,12.8704,1.4026,-0.0691
1787083774.035,seguindo,5.8536,15.1297,1.6675,1.7179,0.0504,0.5,12.8704,1.4026,-0.0691
1787083774.085,seguindo,5.852,15.1561,1.6572,1.7202,0.063,0.5,12.8439,1.4026,-0.0759
1787083774.135,seguindo,5.852,15.1561,1.6572,1.7184,0.0612,0.5,12.8439,1.6159,-0.0318
1787083774.185,seguindo,5.8496,15.184,1.6469,1.7202,0.0732,0.5,12.8159,1.6159,-0.0193
1787083774.235,seguindo,5.8496,15.184,1.6469,1.7202,0.0732,0.5,12.8159,1.6159,-0.0193
1787083774.285,seguindo,5.8471,15.2107,1.6364,1.7216,0.0852,0.5,12.7891,1.6159,-0.0248
1787083774.335,seguindo,5.8471,15.2107,1.6364,1.7216,0.0852,0.5,12.7891,1.6159,-0.0248
1787083774.385,seguindo,5.8485,15.2413,1.6267,1.7234,0.0967,0.5,12.7586,1.6023,-0.0354
1787083774.435,seguindo,5.8485,15.2413,1.6267,1.7081,0.0814,0.5,12.7796,1.6023,-0.0304
1787083774.485,seguindo,5.8473,15.2708,1.6187,1.711,0.0922,0.5,12.7501,1.6023,-0.0376
1787083774.535,seguindo,5.8473,15.2708,1.6187,1.711,0.0922,0.5,12.7501,1.6023,-0.0376
1787083774.585,seguindo,5.8478,15.299,1.6097,1.7109,0.1012,0.5,12.7219,1.7641,-0.0459
1787083774.635,seguindo,5.8478,15.299,1.6097,1.7109,0.1012,0.5,12.7219,1.7641,-0.0459
1787083774.685,seguindo,5.8484,15.3285,1.6034,1.7158,0.1124,0.5,12.6924,1.7641,-0.0544
1787083774.735,seguindo,5.8484,15.3285,1.6034,1.7158,0.1124,0.5,12.6924,1.7641,-0.0544
1787083774.785,seguindo,5.8458,15.359,1.597,1.7129,0.1159,0.5,12.6618,2.1195,-0.0597
1787083774.835,seguindo,5.8458,15.359,1.597,1.7129,0.1159,0.5,12.6618,2.1195,-0.0597
1787083774.885,seguindo,5.8433,15.393,1.5926,1.7108,0.1182,0.5,12.6278,2.7394,-0.0651
1787083774.935,seguindo,5.8433,15.393,1.5926,1.7108,0.1182,0.5,12.6278,2.7394,-0.0651
1787083774.985,seguindo,5.8432,15.4262,1.5862,1.7154,0.1292,0.5,12.5946,2.7394,-0.0719
1787083775.035,seguindo,5.8432,15.4262,1.5862,1.7154,0.1292,0.5,12.5946,2.7394,-0.0719
1787083775.085,seguindo,5.8438,15.4592,1.5831,1.7161,0.133,0.5,12.5617,3.7429,-0.0787
1787083775.135,seguindo,5.8438,15.4592,1.5831,1.7161,0.133,0.5,12.5617,3.7429,-0.0787
1787083775.186,seguindo,5.8459,15.4879,1.5803,1.7192,0.139,0.5,12.533,0.8421,-0.0071
1787083775.235,seguindo,5.8459,15.4879,1.5803,1.7192,0.139,0.5,12.533,0.8421,-0.0071
1787083775.285,seguindo,5.8455,15.5182,1.5796,1.7234,0.1439,0.5,12.5027,0.8421,-0.0214
1787083775.335,seguindo,5.8455,15.5182,1.5796,1.699,0.1194,0.5,12.5087,0.8421,-0.0054
1787083775.385,seguindo,5.8469,15.5423,1.5825,1.6972,0.1147,0.5,12.4846,1.0049,-0.0177
1787083775.435,seguindo,5.8469,15.5423,1.5825,1.6972,0.1147,0.5,12.4846,1.0049,-0.0177
1787083775.485,seguindo,5.8472,15.568,1.5861,1.7008,0.1147,0.5,12.4589,1.0049,-0.0298
1787083775.535,seguindo,5.8472,15.568,1.5861,1.7008,0.1147,0.5,12.4589,1.0049,-0.0298
1787083775.585,seguindo,5.8491,15.5898,1.5923,1.7056,0.1133,0.5,12.4372,1.0049,-0.0407
1787083775.635,seguindo,5.8491,15.5898,1.5923,1.7056,0.1133,0.5,12.4372,1.0049,-0.0407
1787083775.685,seguindo,5.851,15.6128,1.5966,1.7042,0.1076,0.5,12.4142,1.3313,-0.0521
1787083775.735,seguindo,5.851,15.6128,1.5966,1.7042,0.1076,0.5,12.4142,1.3313,-0.0521
1787083775.785,seguindo,5.8514,15.6351,1.6012,1.7075,0.1063,0.5,12.392,1.3313,-0.0611
1787083775.835,seguindo,5.8514,15.6351,1.6012,1.7075,0.1063,0.5,12.392,1.3313,-0.0611
1787083775.885,seguindo,5.8519,15.6572,1.607,1.7047,0.0977,0.5,12.37,2.1873,-0.0692
1787083775.935,seguindo,5.8519,15.6572,1.607,1.7047,0.0977,0.5,12.37,2.1873,-0.0692
1787083775.985,seguindo,5.8526,15.6787,1.6147,1.7083,0.0936,0.5,12.3485,2.1873,-0.0771
1787083776.035,seguindo,5.8526,15.6787,1.6147,1.7083,0.0936,0.5,12.3485,2.1873,-0.0771
1787083776.085,seguindo,5.852,15.702,1.6212,1.7047,0.0834,0.5,12.3252,2.9344,-0.0828
1787083776.135,seguindo,5.852,15.702,1.6212,1.7047,0.0834,0.5,12.3252,2.9344,-0.0828
1787083776.196,seguindo,5.8514,15.7296,1.627,1.7078,0.0808,0.5,12.2975,2.9344,-0.0892
1787083776.235,seguindo,5.8514,15.7296,1.627,1.7479,0.1209,0.5,12.3016,1.3324,-0.0165
1787083776.285,seguindo,5.8466,15.7568,1.6329,1.74,0.1071,0.5,12.2742,1.359,-0.0228
1787083776.335,seguindo,5.8466,15.7568,1.6329,1.74,0.1071,0.5,12.2742,1.359,-0.0228
1787083776.385,seguindo,5.8426,15.7845,1.6397,1.7407,0.1011,0.5,12.2463,1.359,-0.0298
1787083776.435,seguindo,5.8426,15.7845,1.6397,1.7407,0.1011,0.5,12.2463,1.359,-0.0298
1787083776.485,seguindo,5.8415,15.8126,1.6465,1.7367,0.0902,0.5,12.2183,1.2266,-0.0396
1787083776.536,seguindo,5.8415,15.8126,1.6465,1.7367,0.0902,0.5,12.2183,1.2266,-0.0396
1787083776.585,seguindo,5.8414,15.8383,1.6534,1.7408,0.0874,0.5,12.1926,1.2266,-0.0492
1787083776.635,seguindo,5.8414,15.8383,1.6534,1.7408,0.0874,0.5,12.1926,1.2266,-0.0492
1787083776.685,seguindo,5.8394,15.8601,1.6607,1.7349,0.0742,0.5,12.1707,1.2252,-0.0555
1787083776.735,seguindo,5.8394,15.8601,1.6607,1.7349,0.0742,0.5,12.1707,1.2252,-0.0555
1787083776.785,seguindo,5.8372,15.8852,1.6676,1.7368,0.0692,0.5,12.1455,1.2252,-0.0627
1787083776.835,seguindo,5.8372,15.8852,1.6676,1.7368,0.0692,0.5,12.1455,1.2252,-0.0627
1787083776.886,seguindo,5.8351,15.9096,1.6766,1.7313,0.0547,0.5,12.121,1.3324,-0.0694
1787083776.935,seguindo,5.8351,15.9096,1.6766,1.7313,0.0547,0.5,12.121,1.3324,-0.0694
1787083776.985,seguindo,5.8329,15.9351,1.6824,1.7332,0.0509,0.5,12.0955,1.3324,-0.0761
1787083777.035,seguindo,5.8329,15.9351,1.6824,1.7332,0.0509,0.5,12.0955,1.3324,-0.0761
1787083777.085,seguindo,5.8323,15.9643,1.6908,1.7301,0.0393,0.5,12.0663,1.5431,-0.085
1787083777.135,seguindo,5.8323,15.9643,1.6908,1.7301,0.0393,0.5,12.0663,1.5431,-0.085
1787083777.185,seguindo,5.8276,15.9954,1.6973,1.7304,0.0332,0.5,12.035,1.5431,-0.09
1787083777.235,seguindo,5.8276,15.9954,1.6973,1.7304,0.0332,0.5,12.035,1.5431,-0.09
1787083777.285,seguindo,5.8283,16.0248,1.7038,1.7425,0.0387,0.5,12.0057,1.4889,-0.0206
1787083777.335,seguindo,5.8283,16.0248,1.7038,1.7425,0.0387,0.5,12.0057,1.4889,-0.0206
1787083777.385,seguindo,5.8259,16.0515,1.711,1.6837,-0.0273,0.5,11.9785,1.8011,-0.0064
1787083777.435,seguindo,5.8259,16.0515,1.711,1.6837,-0.0273,0.5,11.9785,1.8011,-0.0064
1787083777.485,seguindo,5.8243,16.0794,1.718,1.6854,-0.0327,0.5,11.9506,1.8011,-0.0144
1787083777.535,seguindo,5.8243,16.0794,1.718,1.6854,-0.0327,0.5,11.9506,1.8011,-0.0144
1787083777.586,seguindo,5.8217,16.1015,1.7252,1.6768,-0.0484,0.5,11.9284,1.4977,-0.0191
1787083777.635,seguindo,5.8217,16.1015,1.7252,1.6768,-0.0484,0.5,11.9284,1.4977,-0.0191
1787083777.685,seguindo,5.8167,16.1312,1.7307,1.675,-0.0558,0.5,11.8987,1.4977,-0.0234
1787083777.735,seguindo,5.8167,16.1312,1.7307,1.675,-0.0558,0.5,11.8987,1.4977,-0.0234
1787083777.785,seguindo,5.8116,16.1504,1.7369,1.6647,-0.0722,0.5,11.8795,1.3369,-0.0239
1787083777.835,seguindo,5.8116,16.1504,1.7369,1.6647,-0.0722,0.5,11.8795,1.3369,-0.0239
1787083777.885,seguindo,5.8073,16.1746,1.738,1.6628,-0.0752,0.5,11.8552,1.3369,-0.0262
1787083777.935,seguindo,5.8073,16.1746,1.738,1.6628,-0.0752,0.5,11.8552,1.3369,-0.0262
1787083777.985,seguindo,5.8015,16.196,1.7357,1.6531,-0.0826,0.5,11.8336,1.4109,-0.0256
1787083778.035,seguindo,5.8015,16.196,1.7357,1.6531,-0.0826,0.5,11.8336,1.4109,-0.0256
1787083778.085,seguindo,5.7954,16.2227,1.7301,1.6492,-0.0809,0.5,11.8069,1.4109,-0.0257
1787083778.135,seguindo,5.7954,16.2227,1.7301,1.6492,-0.0809,0.5,11.8069,1.4109,-0.0257
1787083778.185,seguindo,5.7925,16.2443,1.7223,1.6433,-0.079,0.5,11.7852,1.5259,-0.0272
1787083778.235,seguindo,5.7925,16.2443,1.7223,1.6433,-0.079,0.5,11.7852,1.5259,-0.0272
1787083778.285,seguindo,5.7865,16.2754,1.7106,1.6232,-0.0874,0.5,11.7541,3.9958,-0.0213
1787083778.335,seguindo,5.7865,16.2754,1.7106,1.6232,-0.0874,0.5,11.7541,3.9958,-0.0213
1787083778.385,seguindo,5.7857,16.309,1.697,1.6317,-0.0653,0.5,11.7137,4.6839,-0.0284
1787083778.435,seguindo,5.7857,16.309,1.697,1.6317,-0.0653,0.5,11.7137,4.6839,-0.0284
1787083778.485,seguindo,5.7829,16.349,1.6801,1.6272,-0.0529,0.5,11.6737,4.1081,-0.0286
1787083778.535,seguindo,5.7829,16.349,1.6801,1.6272,-0.0529,0.5,11.6737,4.1081,-0.0286
1787083778.585,seguindo,5.7783,16.3814,1.6628,1.6211,-0.0417,0.5,11.6411,3.9475,-0.0265
1787083778.635,seguindo,5.7783,16.3814,1.6628,1.6211,-0.0417,0.5,11.6411,3.9475,-0.0265
1787083778.685,seguindo,5.7752,16.4102,1.6446,1.6193,-0.0253,0.5,11.6123,3.9475,-0.0255
1787083778.735,seguindo,5.7752,16.4102,1.6446,1.6193,-0.0253,0.5,11.6123,3.9475,-0.0255
1787083778.785,seguindo,5.7754,16.4409,1.629,1.6181,-0.0109,0.5,11.5817,3.4748,-0.0281
1787083778.835,seguindo,5.7754,16.4409,1.629,1.6181,-0.0109,0.5,11.5817,3.4748,-0.0281
1787083778.885,seguindo,5.7751,16.4732,1.6116,1.6193,0.0077,0.5,11.5493,3.4748,-0.0301
1787083778.935,seguindo,5.7751,16.4732,1.6116,1.6193,0.0077,0.5,11.5493,3.4748,-0.0301
1787083778.985,seguindo,5.7723,16.4995,1.5959,1.6151,0.0192,0.5,11.5229,3.9958,-0.0294
1787083779.035,seguindo,5.7723,16.4995,1.5959,1.6151,0.0192,0.5,11.5229,3.9958,-0.0294
1787083779.085,seguindo,5.7712,16.5304,1.5816,1.6129,0.0314,0.5,11.4921,4.6839,-0.0306
1787083779.135,seguindo,5.7712,16.5304,1.5816,1.6129,0.0314,0.5,11.4921,4.6839,-0.0306
1787083779.185,seguindo,5.7714,16.555,1.5656,1.6142,0.0486,0.5,11.4674,4.6839,-0.0326
1787083779.235,seguindo,5.7714,16.555,1.5656,1.6142,0.0486,0.5,11.4674,4.6839,-0.0326
1787083779.285,seguindo,5.7731,16.5789,1.5524,1.5928,0.0404,0.5,11.4373,4.1081,-0.0213
1787083779.335,seguindo,5.7731,16.5789,1.5524,1.6173,0.0648,0.5,11.4373,1.8821,0.0333
1787083779.385,seguindo,5.7754,16.6012,1.54,1.6206,0.0807,0.5,11.415,1.8821,0.0243
1787083779.435,seguindo,5.7754,16.6012,1.54,1.6206,0.0807,0.5,11.415,1.8821,0.0243
1787083779.485,seguindo,5.7777,16.6266,1.5292,1.6194,0.0902,0.5,11.3896,1.5461,0.0186
1787083779.535,seguindo,5.7777,16.6266,1.5292,1.6194,0.0902,0.5,11.3896,1.5461,0.0186
1787083779.585,seguindo,5.781,16.6531,1.5184,1.624,0.1056,0.5,11.3632,1.5461,0.0117
1787083779.635,seguindo,5.781,16.6531,1.5184,1.624,0.1056,0.5,11.3632,1.5461,0.0117
1787083779.685,seguindo,5.7812,16.6845,1.5069,1.6213,0.1144,0.5,11.3318,1.4567,0.0073
1787083779.735,seguindo,5.7812,16.6845,1.5069,1.6213,0.1144,0.5,11.3318,1.4567,0.0073
1787083779.785,seguindo,5.7827,16.7119,1.4967,1.6243,0.1276,0.5,11.3044,1.4567,0.0021
1787083779.835,seguindo,5.7827,16.7119,1.4967,1.6243,0.1276,0.5,11.3044,1.4567,0.0021
1787083779.885,seguindo,5.7854,16.7381,1.4868,1.6239,0.1371,0.5,11.2783,1.6181,-0.004
1787083779.935,seguindo,5.7854,16.7381,1.4868,1.6239,0.1371,0.5,11.2783,1.6181,-0.004
1787083779.985,seguindo,5.7872,16.7645,1.4774,1.6272,0.1498,0.5,11.2518,1.6181,-0.0094
1787083780.035,seguindo,5.7872,16.7645,1.4774,1.6272,0.1498,0.5,11.2518,1.6181,-0.0094
1787083780.085,seguindo,5.7888,16.7858,1.4687,1.6254,0.1567,0.5,11.2305,1.8821,-0.0139
1787083780.135,seguindo,5.7888,16.7858,1.4687,1.6254,0.1567,0.5,11.2305,1.8821,-0.0139
1787083780.185,seguindo,5.7917,16.8142,1.462,1.6299,0.1678,0.5,11.2022,1.8821,-0.0205
1787083780.235,seguindo,5.7917,16.8142,1.462,1.6299,0.1678,0.5,11.2022,1.8821,-0.0205
1787083780.285,seguindo,5.7937,16.8376,1.4549,1.6282,0.1733,0.5,11.1788,1.5461,-0.0257
1787083780.335,seguindo,5.7937,16.8376,1.4549,1.6091,0.1543,0.5,11.1845,1.5461,-0.0177
1787083780.385,seguindo,5.7992,16.8619,1.451,1.6111,0.1601,0.5,11.1603,1.3264,-0.0096
1787083780.435,seguindo,5.7992,16.8619,1.451,1.6111,0.1601,0.5,11.1603,1.3264,-0.0096
1787083780.485,seguindo,5.8051,16.8907,1.4435,1.6135,0.17,0.5,11.1314,1.2645,-0.0195
1787083780.535,seguindo,5.8051,16.8907,1.4435,1.6135,0.17,0.5,11.1314,1.2645,-0.0195
1787083780.585,seguindo,5.8094,16.9169,1.4371,1.619,0.1819,0.5,11.1052,1.2645,-0.0274
1787083780.635,seguindo,5.8094,16.9169,1.4371,1.619,0.1819,0.5,11.1052,1.2645,-0.0274
1787083780.685,seguindo,5.8151,16.9471,1.4293,1.6203,0.191,0.5,11.0751,1.4212,-0.0372
1787083780.735,seguindo,5.8151,16.9471,1.4293,1.6203,0.191,0.5,11.0751,1.4212,-0.0372
1787083780.785,seguindo,5.8164,16.9748,1.4216,1.6231,0.2015,0.5,11.0474,1.4212,-0.0423
1787083780.835,seguindo,5.8164,16.9748,1.4216,1.6231,0.2015,0.5,11.0474,1.4212,-0.0423
1787083780.885,seguindo,5.8219,16.9976,1.4178,1.6224,0.2046,0.5,11.0245,1.9915,-0.051
1787083780.935,seguindo,5.8219,16.9976,1.4178,1.6224,0.2046,0.5,11.0245,1.9915,-0.051
1787083780.985,seguindo,5.8273,17.0239,1.4139,1.6293,0.2154,0.5,10.9983,1.9915,-0.0599
1787083781.035,seguindo,5.8273,17.0239,1.4139,1.6293,0.2154,0.5,10.9983,1.9915,-0.0599
1787083781.085,seguindo,5.8329,17.0542,1.4128,1.6143,0.2015,0.5,10.968,1.6088,-0.0696
1787083781.135,seguindo,5.8329,17.0542,1.4128,1.6143,0.2015,0.5,10.968,1.6088,-0.0696
1787083781.185,seguindo,5.8408,17.0825,1.4132,1.6233,0.2102,0.5,10.9397,1.6088,-0.0813
1787083781.235,seguindo,5.8408,17.0825,1.4132,1.6233,0.2102,0.5,10.9397,1.6088,-0.0813
1787083781.285,seguindo,5.8474,17.114,1.4153,1.6296,0.2143,0.5,10.9164,1.3264,-0.1025
1787083781.335,seguindo,5.8474,17.114,1.4153,1.6296,0.2143,0.5,10.9164,1.3264,-0.1025
1787083781.385,seguindo,5.8508,17.1393,1.4159,1.6344,0.2185,0.5,10.8911,1.3264,-0.1094
1787083781.435,seguindo,5.8508,17.1393,1.4159,1.6327,0.2168,0.5,10.8911,1.0713,-0.0461
1787083781.485,seguindo,5.8532,17.1677,1.4189,1.6366,0.2178,0.5,10.8628,1.0713,-0.0418
1787083781.535,seguindo,5.8532,17.1677,1.4189,1.6366,0.2178,0.5,10.8628,1.0713,-0.0418
1787083781.585,seguindo,5.8572,17.1925,1.4212,1.6422,0.221,0.5,10.838,1.0713,-0.0486
1787083781.635,seguindo,5.8572,17.1925,1.4212,1.6422,0.221,0.5,10.838,1.0713,-0.0486
1787083781.685,seguindo,5.8585,17.214,1.4244,1.6185,0.1941,0.5,10.8165,0.8375,-0.0524
1787083781.735,seguindo,5.8585,17.214,1.4244,1.6185,0.1941,0.5,10.8165,0.8375,-0.0524
1787083781.785,seguindo,5.8645,17.2379,1.4295,1.6257,0.1961,0.5,10.7927,0.8375,-0.0612
1787083781.835,seguindo,5.8645,17.2379,1.4295,1.6257,0.1961,0.5,10.7927,0.8375,-0.0612
1787083781.885,seguindo,5.8683,17.2628,1.4333,1.6309,0.1976,0.5,10.7678,3.5825,-0.0678
1787083781.935,seguindo,5.8683,17.2628,1.4333,1.6309,0.1976,0.5,10.7678,3.5825,-0.0678
1787083781.985,seguindo,5.8741,17.29,1.4382,1.6386,0.2004,0.5,10.7407,3.5825,-0.0768
1787083782.035,seguindo,5.8741,17.29,1.4382,1.6386,0.2004,0.5,10.7407,3.5825,-0.0768
1787083782.085,seguindo,5.8788,17.3235,1.4441,1.6146,0.1705,0.5,10.7073,0.5728,-0.0853
1787083782.135,seguindo,5.8788,17.3235,1.4441,1.6146,0.1705,0.5,10.7073,0.5728,-0.0853
1787083782.185,seguindo,5.8842,17.3471,1.4503,1.6215,0.1712,0.5,10.6837,0.5728,-0.0935
1787083782.235,seguindo,5.8842,17.3471,1.4503,1.6215,0.1712,0.5,10.6837,0.5728,-0.0935
1787083782.285,seguindo,5.8884,17.3715,1.4551,1.5942,0.1391,0.5,10.6594,0.5518,-0.1005
1787083782.335,seguindo,5.8884,17.3715,1.4551,1.5942,0.1391,0.5,10.6594,0.5518,-0.1005
1787083782.385,seguindo,5.8932,17.3903,1.4616,1.6029,0.1414,0.5,10.6481,0.5518,-0.1091
1787083782.435,seguindo,5.8932,17.3903,1.4616,1.6029,0.1414,0.5,10.6481,0.5518,-0.1091
1787083782.485,seguindo,5.8953,17.4106,1.4677,1.9644,0.4967,0.5,10.6279,inf,0.0162
1787083782.535,seguindo,5.8953,17.4106,1.4677,1.9644,0.4967,0.5,10.6279,inf,0.0162
1787083782.585,seguindo,5.8965,17.4339,1.4762,1.9919,0.5157,0.5,10.6046,inf,-0.0066
1787083782.635,seguindo,5.8965,17.4339,1.4762,1.9919,0.5157,0.5,10.6046,inf,-0.0066
1787083782.685,seguindo,5.8954,17.4571,1.486,2.0166,0.5306,0.5,10.5814,inf,-0.0192
1787083782.735,seguindo,5.8954,17.4571,1.486,2.0166,0.5306,0.5,10.5814,inf,-0.0192
1787083782.785,seguindo,5.8972,17.4839,1.496,1.9496,0.4536,0.5,10.5547,inf,-0.0362
1787083782.835,seguindo,5.8972,17.4839,1.496,1.9496,0.4536,0.5,10.5547,inf,-0.0362
1787083782.885,seguindo,5.9013,17.5088,1.5075,1.9831,0.4756,0.5,10.5299,inf,-0.0538
1787083782.935,seguindo,5.9013,17.5088,1.5075,1.9831,0.4756,0.5,10.5299,inf,-0.0538
1787083782.985,seguindo,5.9031,17.5388,1.5227,1.9609,0.4382,0.5,10.4998,inf,-0.0716
1787083783.035,seguindo,5.9031,17.5388,1.5227,1.9609,0.4382,0.5,10.4998,inf,-0.0716
1787083783.085,seguindo,5.9032,17.5634,1.5426,1.9855,0.4429,0.5,10.4753,inf,-0.0851
1787083783.135,seguindo,5.9032,17.5634,1.5426,1.9855,0.4429,0.5,10.4753,inf,-0.0851
1787083783.185,seguindo,5.9073,17.587,1.5639,2.0216,0.4577,0.5,10.4517,inf,-0.1001
1787083783.235,seguindo,5.9073,17.587,1.5639,2.0216,0.4577,0.5,10.4517,inf,-0.1001
1787083783.285,seguindo,5.9102,17.6126,1.5871,1.9899,0.4028,0.5,10.4262,inf,-0.1148
1787083783.335,seguindo,5.9102,17.6126,1.5871,1.9899,0.4028,0.5,10.4262,inf,-0.1148
1787083783.385,seguindo,5.9136,17.6378,1.6098,1.9425,0.3328,0.5,10.4051,inf,-0.1036
1787083783.435,seguindo,5.9136,17.6378,1.6098,1.9425,0.3328,0.5,10.4051,inf,-0.1036
1787083783.485,seguindo,5.9141,17.6599,1.6369,1.9006,0.2638,0.5,10.383,inf,-0.1125
1787083783.535,seguindo,5.9141,17.6599,1.6369,1.8524,0.2155,0.5,10.383,inf,0.0457
1787083783.585,seguindo,5.9139,17.6781,1.6598,1.8658,0.206,0.5,10.3648,inf,0.0346
1787083783.635,seguindo,5.9139,17.6781,1.6598,1.8658,0.206,0.5,10.3648,inf,0.0346
1787083783.685,seguindo,5.9102,17.6926,1.6836,1.7755,0.0919,0.5,10.3503,inf,0.0287
1787083783.735,seguindo,5.9102,17.6926,1.6836,1.7755,0.0919,0.5,10.3503,inf,0.0287
1787083783.785,seguindo,5.9087,17.7135,1.7088,1.7823,0.0735,0.5,10.3293,inf,0.0169
1787083783.835,seguindo,5.9087,17.7135,1.7088,1.7823,0.0735,0.5,10.3293,inf,0.0169
1787083783.885,seguindo,5.9073,17.7356,1.732,1.7906,0.0587,0.5,10.3072,inf,0.0048
1787083783.935,seguindo,5.9073,17.7356,1.732,1.7906,0.0587,0.5,10.3072,inf,0.0048
1787083783.985,seguindo,5.9017,17.7605,1.7564,1.7323,-0.0241,0.5,10.2824,inf,-0.0052
1787083784.035,seguindo,5.9017,17.7605,1.7564,1.7323,-0.0241,0.5,10.2824,inf,-0.0052
1787083784.085,seguindo,5.8955,17.7836,1.7814,1.7261,-0.0553,0.5,10.2593,inf,-0.0136
1787083784.135,seguindo,5.8955,17.7836,1.7814,1.7261,-0.0553,0.5,10.2593,inf,-0.0136
1787083784.185,seguindo,5.8919,17.8077,1.8054,1.7265,-0.0789,0.5,10.2352,inf,-0.0231
1787083784.235,seguindo,5.8919,17.8077,1.8054,1.7265,-0.0789,0.5,10.2352,inf,-0.0231
1787083784.285,seguindo,5.887,17.8352,1.8315,1.6567,-0.1749,0.5,10.2078,inf,-0.0329
1787083784.335,seguindo,5.887,17.8352,1.8315,1.6567,-0.1749,0.5,10.2078,inf,-0.0329
1787083784.385,seguindo,5.8816,17.8616,1.8579,1.6036,-0.2543,0.5,10.1795,inf,-0.0289
1787083784.435,seguindo,5.8816,17.8616,1.8579,1.6036,-0.2543,0.5,10.1795,inf,-0.0289
1787083784.485,seguindo,5.8763,17.8832,1.8844,1.5228,-0.3615,0.5,10.158,inf,-0.0325
1787083784.535,seguindo,5.8763,17.8832,1.8844,1.5228,-0.3615,0.5,10.158,inf,-0.0325
1787083784.585,seguindo,5.8706,17.9114,1.9083,1.4362,-0.472,0.5,10.1299,inf,-0.0215
1787083784.635,seguindo,5.8706,17.9114,1.9083,1.4362,-0.472,0.5,10.1299,inf,-0.0215
1787083784.685,seguindo,5.8604,17.9396,1.9263,1.3976,-0.5287,0.5,10.1018,inf,-0.0075
1787083784.735,seguindo,5.8604,17.9396,1.9263,1.3976,-0.5287,0.5,10.1018,inf,-0.0075
1787083784.785,seguindo,5.8506,17.9742,1.941,1.2957,-0.6452,0.5,10.0674,inf,-0.0045
1787083784.835,seguindo,5.8506,17.9742,1.941,1.2957,-0.6452,0.5,10.0674,inf,-0.0045
1787083784.885,seguindo,5.8403,18.0012,1.9517,1.1519,-0.7998,0.498,10.0406,0.498,0.0019
1787083784.935,seguindo,5.8403,18.0012,1.9517,1.1519,-0.7998,0.498,10.0406,0.498,0.0019
1787083784.985,seguindo,5.8304,18.0257,1.9561,1.133,-0.8231,0.498,10.0163,0.498,0.0088
1787083785.035,seguindo,5.8304,18.0257,1.9561,1.133,-0.8231,0.498,10.0163,0.498,0.0088
1787083785.085,seguindo,5.818,18.0501,1.9575,1.1323,-0.8253,0.5,9.9921,0.6577,0.0206
1787083785.135,seguindo,5.818,18.0501,1.9575,1.1323,-0.8253,0.5,9.9921,0.6577,0.0206
1787083785.185,seguindo,5.8041,18.0777,1.9506,1.1085,-0.8421,0.5,9.9648,0.6577,0.0345
1787083785.235,seguindo,5.8041,18.0777,1.9506,1.1085,-0.8421,0.5,9.9648,0.6577,0.0345
1787083785.285,seguindo,5.7931,18.1068,1.9376,1.109,-0.8286,0.5,9.936,0.6835,0.0486
1787083785.335,seguindo,5.7931,18.1068,1.9376,1.0881,-0.8495,0.5,9.9438,0.6577,0.0541
1787083785.385,seguindo,5.7835,18.1346,1.9143,1.091,-0.8232,0.5,9.9162,0.6835,0.0667
1787083785.435,seguindo,5.7835,18.1346,1.9143,1.091,-0.8232,0.5,9.9162,0.6835,0.0667
1787083785.485,seguindo,5.773,18.1583,1.8836,1.0712,-0.8124,0.5,9.8928,0.6835,0.082
1787083785.536,seguindo,5.773,18.1583,1.8836,1.0712,-0.8124,0.5,9.8928,0.6835,0.082
1787083785.585,seguindo,5.7639,18.1861,1.8475,1.076,-0.7715,0.5,9.8652,0.6434,0.0976
1787083785.635,seguindo,5.7639,18.1861,1.8475,0.8515,-0.996,0.5,9.8652,inf,-0.0047
1787083785.685,seguindo,5.7553,18.2159,1.8074,0.7951,-1.0123,0.5,9.8356,inf,0.0218
1787083785.735,seguindo,5.7553,18.2159,1.8074,0.7951,-1.0123,0.5,9.8356,inf,0.0218
1787083785.785,seguindo,5.7501,18.2462,1.7644,0.734,-1.0304,0.5,9.8054,inf,0.0461
1787083785.835,seguindo,5.7501,18.2462,1.7644,0.734,-1.0304,0.5,9.8054,inf,0.0461
1787083785.885,seguindo,5.7441,18.2806,1.7159,0.6582,-1.0577,0.5,9.7711,inf,0.0737
1787083785.935,seguindo,5.7441,18.2806,1.7159,0.6582,-1.0577,0.5,9.7711,inf,0.0737
1787083785.985,seguindo,5.7405,18.3089,1.6676,0.6334,-1.0342,0.5,9.7429,inf,0.0955
1787083786.035,seguindo,5.7405,18.3089,1.6676,0.6334,-1.0342,0.5,9.7429,inf,0.0955
1787083786.085,seguindo,5.7381,18.3386,1.6195,0.5718,-1.0477,0.5,9.7134,inf,0.1173
1787083786.135,seguindo,5.7381,18.3386,1.6195,0.5718,-1.0477,0.5,9.7134,inf,0.1173
1787083786.185,seguindo,5.7375,18.3689,1.569,0.561,-1.0079,0.5,9.6831,inf,0.1382
1787083786.235,seguindo,5.7375,18.3689,1.569,0.561,-1.0079,0.5,9.6831,inf,0.1382
1787083786.285,seguindo,5.7368,18.3901,1.5148,0.4599,-1.055,0.5,9.6864,inf,0.1606
1787083786.335,seguindo,5.7368,18.3901,1.5148,0.4599,-1.055,0.5,9.6864,inf,0.1606
1787083786.385,seguindo,5.7407,18.4151,1.4613,0.4707,-0.9906,0.5,9.6614,inf,0.1748
1787083786.435,seguindo,5.7407,18.4151,1.4613,0.4707,-0.9906,0.5,9.6614,inf,0.1748
1787083786.485,seguindo,5.7443,18.4367,1.4063,0.431,-0.9753,0.5,9.6396,inf,0.1871
1787083786.535,seguindo,5.7443,18.4367,1.4063,0.431,-0.9753,0.5,9.6396,inf,0.1871
1787083786.585,seguindo,5.7471,18.4648,1.3496,0.3745,-0.9751,0.5,9.6114,inf,0.2043
1787083786.635,seguindo,5.7471,18.4648,1.3496,0.3745,-0.9751,0.5,9.6114,inf,0.2043
1787083786.685,seguindo,5.7552,18.4831,1.2907,0.6635,-0.6273,0.5,9.5927,inf,-0.0266
1787083786.735,seguindo,5.7552,18.4831,1.2907,0.6635,-0.6273,0.5,9.5927,inf,-0.0266
1787083786.785,seguindo,5.7638,18.5066,1.232,0.6289,-0.6031,0.5,9.5689,inf,0.0097
1787083786.835,seguindo,5.7638,18.5066,1.232,0.6831,-0.549,0.5,9.5968,inf,-0.0268
1787083786.885,seguindo,5.7703,18.532,1.1693,0.642,-0.5272,0.5,9.5711,inf,0.0051
1787083786.935,seguindo,5.7703,18.532,1.1693,0.642,-0.5272,0.5,9.5711,inf,0.0051
1787083786.985,seguindo,5.779,18.5549,1.1046,0.6055,-0.4991,0.5,9.548,inf,0.0186
1787083787.035,seguindo,5.779,18.5549,1.1046,0.6055,-0.4991,0.5,9.548,inf,0.0186
1787083787.085,seguindo,5.7911,18.5823,1.0395,0.6001,-0.4394,0.5,9.5201,inf,0.0356
1787083787.135,seguindo,5.7911,18.5823,1.0395,0.6001,-0.4394,0.5,9.5201,inf,0.0356
1787083787.185,seguindo,5.8047,18.6047,0.9747,0.5705,-0.4043,0.5,9.4972,inf,0.0475
1787083787.235,seguindo,5.8047,18.6047,0.9747,0.7143,-0.2604,0.5,9.5049,inf,0.019
1787083787.285,seguindo,5.8181,18.633,0.917,0.6799,-0.2372,0.5,9.4765,inf,0.0348
1787083787.335,seguindo,5.8181,18.633,0.917,0.6799,-0.2372,0.5,9.4765,inf,0.0348
1787083787.385,seguindo,5.837,18.649,0.8627,0.7241,-0.1387,0.5,9.4604,inf,0.037
1787083787.435,seguindo,5.837,18.649,0.8627,0.7241,-0.1387,0.5,9.4604,inf,0.037
1787083787.485,seguindo,5.8592,18.6682,0.8115,0.7249,-0.0866,0.5,9.4411,inf,0.0393
1787083787.535,seguindo,5.8592,18.6682,0.8115,0.7249,-0.0866,0.5,9.4411,inf,0.0393
1787083787.585,seguindo,5.8773,18.6892,0.7626,0.8543,0.0917,0.5,9.4464,inf,0.0162
1787083787.635,seguindo,5.8773,18.6892,0.7626,0.8543,0.0917,0.5,9.4464,inf,0.0162
1787083787.685,seguindo,5.8973,18.7127,0.7137,0.8534,0.1398,0.5,9.4234,inf,0.0213
1787083787.735,seguindo,5.8973,18.7127,0.7137,1.0398,0.3261,0.5,9.4234,inf,-0.0301
1787083787.785,seguindo,5.9205,18.7279,0.6661,1.098,0.4319,0.5,9.4086,inf,-0.0381
1787083787.835,seguindo,5.9205,18.7279,0.6661,1.098,0.4319,0.5,9.4086,inf,-0.0381
1787083787.885,seguindo,5.9447,18.7553,0.6204,1.1224,0.502,0.5,9.3818,inf,-0.0393
1787083787.935,seguindo,5.9447,18.7553,0.6204,1.1224,0.502,0.5,9.3818,inf,-0.0393
1787083787.985,seguindo,5.969,18.7681,0.5761,1.1961,0.62,0.5,9.3697,inf,-0.0499
1787083788.035,seguindo,5.969,18.7681,0.5761,1.2245,0.6484,0.5,9.3718,inf,-0.0554
1787083788.085,seguindo,5.9942,18.7825,0.535,1.2741,0.7391,0.5,9.3586,inf,-0.0664
1787083788.135,seguindo,5.9942,18.7825,0.535,1.2741,0.7391,0.5,9.3586,inf,-0.0664
1787083788.185,seguindo,6.0249,18.8025,0.4979,1.3611,0.8632,0.5,9.34,inf,-0.0785
1787083788.235,seguindo,6.0249,18.8025,0.4979,1.3611,0.8632,0.5,9.34,inf,-0.0785
1787083788.285,seguindo,6.0537,18.8198,0.4623,1.4443,0.9819,0.5,9.3241,inf,-0.0914
1787083788.335,seguindo,6.0537,18.8198,0.4623,1.4443,0.9819,0.5,9.3241,inf,-0.0914
1787083788.385,seguindo,6.0825,18.8279,0.4299,1.5101,1.0802,0.5,9.3175,inf,-0.1097
1787083788.435,seguindo,6.0825,18.8279,0.4299,1.5101,1.0802,0.5,9.3175,inf,-0.1097
1787083788.485,seguindo,6.109,18.8412,0.4019,1.5737,1.1718,0.5,9.3057,inf,-0.124
1787083788.535,seguindo,6.109,18.8412,0.4019,1.5866,1.1847,0.5,9.3145,inf,-0.1326
1787083788.585,seguindo,6.1381,18.851,0.3764,1.6643,1.2879,0.5,9.3066,inf,-0.1513
1787083788.635,seguindo,6.1381,18.851,0.3764,1.6643,1.2879,0.5,9.3066,inf,-0.1513
1787083788.685,seguindo,6.1664,18.8639,0.3532,1.7238,1.3707,0.5,9.2955,inf,-0.1678
1787083788.735,seguindo,6.1664,18.8639,0.3532,1.7238,1.3707,0.5,9.2955,inf,-0.1678
1787083788.785,seguindo,6.1931,18.8699,0.3312,1.6592,1.328,0.5,9.2914,inf,0.002
1787083788.835,seguindo,6.1931,18.8699,0.3312,1.6592,1.328,0.5,9.2914,inf,0.002
1787083788.885,seguindo,6.2182,18.8756,0.3111,1.725,1.414,0.5,9.2874,inf,-0.0238
1787083788.935,seguindo,6.2182,18.8756,0.3111,1.725,1.414,0.5,9.2874,inf,-0.0238
1787083788.985,seguindo,6.2395,18.8871,0.2965,1.7852,1.4886,0.5,9.2775,inf,-0.047
1787083789.035,seguindo,6.2395,18.8871,0.2965,1.7852,1.4886,0.5,9.2775,inf,-0.047
1787083789.085,seguindo,6.2659,18.8923,0.2878,-0.8371,-1.1249,0.5,17.806,inf,10.0388
1787083789.135,seguindo,6.2659,18.8923,0.2878,-0.8371,-1.1249,0.5,17.806,inf,10.0388
1787083789.185,seguindo,6.2918,18.9035,0.2834,-0.8397,-1.1231,0.5,17.7882,inf,10.0305
1787083789.235,seguindo,6.2918,18.9035,0.2834,-0.8397,-1.1231,0.5,17.7882,inf,10.0305
1787083789.285,seguindo,6.3142,18.9064,0.2867,-0.8415,-1.1282,0.5,17.7696,inf,10.0183
1787083789.335,seguindo,6.3142,18.9064,0.2867,-0.8415,-1.1282,0.5,17.7696,inf,10.0183
1787083789.385,seguindo,6.3319,18.9099,0.3087,-0.843,-1.1517,0.5,17.7556,inf,10.0096
1787083789.435,seguindo,6.3319,18.9099,0.3087,-0.843,-1.1517,0.5,17.7556,inf,10.0096
1787083789.485,seguindo,6.3424,18.9112,0.3649,-0.8439,-1.2088,0.5,17.7469,inf,10.0038
1787083789.535,seguindo,6.3424,18.9112,0.3649,-0.8439,-1.2088,0.5,17.7469,inf,10.0038
1787083789.585,seguindo,6.3406,18.9073,0.4624,-0.8435,-1.3059,0.5,17.7467,inf,10.002
1787083789.635,seguindo,6.3406,18.9073,0.4624,-0.8435,-1.3059,0.5,17.7467,inf,10.002
1787083789.685,seguindo,6.3362,18.9052,0.5875,-0.843,-1.4305,0.5,17.7496,inf,10.0032
1787083789.735,seguindo,6.3362,18.9052,0.5875,-0.843,-1.4305,0.5,17.7496,inf,10.0032
1787083789.785,seguindo,6.3359,18.9009,0.7019,-0.8427,-1.5446,0.5,17.7478,inf,10.0001
1787083789.835,seguindo,6.3359,18.9009,0.7019,-0.8427,-1.5446,0.5,17.7478,inf,10.0001
1787083789.885,seguindo,6.3356,18.896,0.7956,-0.8424,-1.638,0.5,17.7459,inf,9.9966
1787083789.935,seguindo,6.3356,18.896,0.7956,-0.8424,-1.638,0.5,17.7459,inf,9.9966
1787083789.985,seguindo,6.3336,18.8927,0.8711,-0.842,-1.7132,0.5,17.7461,inf,9.9953
1787083790.035,seguindo,6.3336,18.8927,0.8711,-0.842,-1.7132,0.5,17.7461,inf,9.9953
1787083790.085,seguindo,6.3328,18.8886,0.926,-0.8417,-1.7677,0.5,17.745,inf,9.9927
1787083790.135,seguindo,6.3328,18.8886,0.926,-0.8417,-1.7677,0.5,17.745,inf,9.9927
1787083790.185,seguindo,6.3269,18.8786,0.9593,-0.8406,-1.7999,0.5,17.7455,inf,9.9889
1787083790.235,seguindo,6.3269,18.8786,0.9593,-0.8406,-1.7999,0.5,17.7455,inf,9.9889
1787083790.285,seguindo,6.325,18.8784,0.9775,-0.8405,-1.818,0.5,17.7471,inf,9.9899
1787083790.335,seguindo,6.325,18.8784,0.9775,-0.8405,-1.818,0.5,17.7471,inf,9.9899
1787083790.385,seguindo,6.3241,18.8775,0.9831,-0.8403,-1.8234,0.5,17.7475,inf,9.9898
1787083790.435,seguindo,6.3241,18.8775,0.9831,-0.8428,-1.8259,0.5,17.7727,inf,10.0283
1787083790.485,seguindo,6.3232,18.8746,0.9779,-0.8425,-1.8204,0.5,17.7721,inf,10.0267
1787083790.535,seguindo,6.3232,18.8746,0.9779,-0.8425,-1.8204,0.5,17.7721,inf,10.0267
1787083790.585,seguindo,6.3228,18.879,0.97,-0.8428,-1.8128,0.5,17.7745,inf,10.0303
1787083790.635,seguindo,6.3228,18.879,0.97,-0.8428,-1.8128,0.5,17.7745,inf,10.0303
1787083790.685,seguindo,6.3258,18.878,0.967,-0.8429,-1.8099,0.5,17.7713,inf,10.0276
1787083790.735,seguindo,6.3258,18.878,0.967,-0.8205,-1.7874,0.5,17.7544,inf,10.0021
1787083794.885,re,6.3239,18.8828,0.968,0.968,0.0,-0.203,17.7582,inf,0.0
1787083794.935,re,6.3239,18.8828,0.968,0.968,0.0,-0.203,17.7582,inf,0.0
1787083794.985,re,6.3236,18.8842,0.9685,0.9685,0.0,-0.203,17.7591,inf,0.0
1787083795.035,re,6.3236,18.8842,0.9685,0.9685,0.0,-0.203,17.7591,inf,0.0
1787083795.085,re,6.3215,18.8809,0.968,0.968,0.0,-0.203,17.7595,inf,0.0
1787083795.135,re,6.3215,18.8809,0.968,0.968,0.0,-0.203,17.7595,inf,0.0
1787083795.185,re,6.3193,18.8758,0.963,0.963,0.0,-0.203,17.7592,inf,0.0
1787083795.235,re,6.3193,18.8758,0.963,0.963,0.0,-0.203,17.7592,inf,0.0
1787083795.285,re,6.3089,18.8585,0.959,0.959,0.0,-0.203,17.7609,inf,0.0
1787083795.335,re,6.3089,18.8585,0.959,0.959,0.0,-0.203,17.7609,inf,0.0
1787083795.385,re,6.294,18.8397,0.9548,0.9548,0.0,-0.203,17.7659,inf,0.0
1787083795.435,re,6.294,18.8397,0.9548,0.9548,0.0,-0.203,17.7659,inf,0.0
1787083795.485,re,6.2778,18.8194,0.9534,0.9534,0.0,-0.203,17.7715,inf,0.0
1787083795.535,re,6.2778,18.8194,0.9534,0.9534,0.0,-0.203,17.7715,inf,0.0
1787083795.585,re,6.2599,18.7949,0.95,0.95,0.0,-0.203,17.7768,inf,0.0
1787083795.635,re,6.2599,18.7949,0.95,0.95,0.0,-0.203,17.7768,inf,0.0
1787083795.686,re,6.2409,18.7699,0.9455,0.9455,0.0,-0.203,17.7828,inf,0.0
1787083795.735,re,6.2409,18.7699,0.9455,0.9455,0.0,-0.203,17.7828,inf,0.0
1787083795.785,re,6.2212,18.746,0.9388,0.9388,0.0,-0.203,17.7901,inf,0.0
1787083795.835,re,6.2212,18.746,0.9388,0.9388,0.0,-0.203,17.7901,inf,0.0
1787083795.885,re,6.2071,18.7275,0.9297,0.9297,0.0,-0.203,17.7947,inf,0.0
1787083795.935,re,6.2071,18.7275,0.9297,0.9297,0.0,-0.203,17.7947,inf,0.0
1787083795.985,re,6.1872,18.7038,0.9222,0.9222,0.0,-0.203,17.8023,inf,0.0
1787083796.036,re,6.1872,18.7038,0.9222,0.9222,0.0,-0.203,17.8023,inf,0.0
1787083796.085,re,6.17,18.686,0.9123,0.9123,0.0,-0.203,17.8101,inf,0.0
1787083796.135,re,6.17,18.686,0.9123,0.9123,0.0,-0.203,17.8101,inf,0.0
1787083796.185,re,6.1525,18.658,0.9014,0.9014,0.0,-0.203,17.8138,inf,0.0
1787083796.236,re,6.1525,18.658,0.9014,0.9014,0.0,-0.203,17.8138,inf,0.0
1787083796.335,seguindo,6.1347,18.636,0.8877,-1.6367,-2.5244,0.5,17.8204,inf,-0.0276
1787083796.385,seguindo,6.1145,18.6119,0.8736,-1.5878,-2.4614,0.5,17.8283,inf,-0.0377
1787083796.435,seguindo,6.1145,18.6119,0.8736,-1.5878,-2.4614,0.5,17.8283,inf,-0.0377
1787083796.485,seguindo,6.0939,18.5842,0.8591,-1.5431,-2.4023,0.5,17.8351,inf,-0.0499
1787083796.535,seguindo,6.0939,18.5842,0.8591,-1.5431,-2.4023,0.5,17.8351,inf,-0.0499
1787083796.585,seguindo,6.0724,18.5618,0.8454,-1.4898,-2.3352,0.5,17.8451,inf,-0.0648
1787083796.636,seguindo,6.0724,18.5618,0.8454,-1.4898,-2.3352,0.5,17.8451,inf,-0.0648
1787083796.685,seguindo,6.0485,18.5394,0.8309,-1.4251,-2.256,0.5,17.8572,inf,-0.0841
1787083796.741,seguindo,6.0485,18.5394,0.8309,-1.4251,-2.256,0.5,17.8572,inf,-0.0841
1787083796.785,seguindo,6.0362,18.5264,0.8185,-1.4189,-2.2375,0.5,17.8628,inf,-0.0303
1787083796.835,seguindo,6.0362,18.5264,0.8185,-1.4189,-2.2375,0.5,17.8628,inf,-0.0303
1787083796.885,seguindo,6.0391,18.5301,0.8106,-1.4277,-2.2384,0.5,17.8618,inf,-0.0274
1787083796.935,seguindo,6.0391,18.5301,0.8106,-1.4277,-2.2384,0.5,17.8618,inf,-0.0274
1787083796.985,seguindo,6.0513,18.5428,0.8063,-1.4628,-2.2691,0.5,17.856,inf,-0.0151
1787083797.035,seguindo,6.0513,18.5428,0.8063,-1.344,-2.1503,0.5,17.9437,inf,-0.1581
1787083797.086,seguindo,6.0651,18.5562,0.7999,-1.3729,-2.1729,0.5,17.935,inf,-0.167
1787083797.135,seguindo,6.0651,18.5562,0.7999,-1.3729,-2.1729,0.5,17.935,inf,-0.167
1787083797.185,seguindo,6.0794,18.5688,0.7777,-1.4016,-2.1793,0.5,17.9257,inf,-0.1767
1787083797.235,seguindo,6.0794,18.5688,0.7777,-1.4016,-2.1793,0.5,17.9257,inf,-0.1767
1787083797.285,seguindo,6.0877,18.5809,0.7075,-1.4189,-2.1264,0.5,17.9218,inf,0.1878
1787083797.335,seguindo,6.0877,18.5809,0.7075,-1.4189,-2.1264,0.5,17.9218,inf,0.1878
1787083797.385,seguindo,6.0969,18.5951,0.5904,-1.4376,-2.028,0.5,17.9178,inf,0.2014
1787083797.435,seguindo,6.0969,18.5951,0.5904,-1.4376,-2.028,0.5,17.9178,inf,0.2014
1787083797.485,seguindo,6.1013,18.5961,0.4438,-1.4451,-1.8889,0.5,17.914,inf,0.2022
1787083797.535,seguindo,6.1013,18.5961,0.4438,-1.4451,-1.8889,0.5,17.914,inf,0.2022
1787083797.585,seguindo,6.1029,18.5991,0.2771,-1.4484,-1.7255,0.5,17.9135,inf,0.2052
1787083797.635,seguindo,6.1029,18.5991,0.2771,-1.4484,-1.7255,0.5,17.9135,inf,0.2052
1787083797.685,seguindo,6.1049,18.6041,0.0988,-1.4526,-1.5514,0.5,17.9132,inf,0.2102
1787083797.735,seguindo,6.1049,18.6041,0.0988,-1.4526,-1.5514,0.5,17.9132,inf,0.2102
1787083797.791,seguindo,6.1069,18.6081,-0.0887,-1.4566,-1.3679,0.5,17.9127,inf,0.2142
1787083797.835,seguindo,6.1069,18.6081,-0.0887,-1.4298,-1.3411,0.5,17.9127,inf,-0.0322
1787083797.885,seguindo,6.1057,18.6069,-0.2777,-1.4265,-1.1488,0.5,17.9134,inf,-0.033
1787083797.935,seguindo,6.1057,18.6069,-0.2777,-1.4265,-1.1488,0.5,17.9134,inf,-0.033
1787083797.985,seguindo,6.1081,18.6067,-0.4682,-1.4075,-0.9393,0.5,17.9413,inf,-0.0625
1787083798.035,seguindo,6.1081,18.6067,-0.4682,-1.4075,-0.9393,0.5,17.9413,inf,-0.0625
1787083798.085,seguindo,6.111,18.6039,-0.6554,-1.4131,-0.7578,0.5,17.9375,inf,-0.0585
1787083798.135,seguindo,6.111,18.6039,-0.6554,-1.4131,-0.7578,0.5,17.9375,inf,-0.0585
1787083798.185,seguindo,6.1121,18.6108,-0.8448,-1.3645,-0.5198,0.5,17.9568,inf,-0.0833
1787083798.235,seguindo,6.1121,18.6108,-0.8448,-1.3645,-0.5198,0.5,17.9568,inf,-0.0833
1787083798.285,seguindo,6.1116,18.6184,-1.0334,-1.428,-0.3946,0.5,17.9597,0.9507,-0.0888
1787083798.335,seguindo,6.1116,18.6184,-1.0334,-1.428,-0.3946,0.5,17.9597,0.9507,-0.0888
1787083798.385,seguindo,6.1148,18.6195,-1.2329,-1.4311,-0.1982,0.5,17.9571,0.9507,-0.0875
1787083798.435,seguindo,6.1148,18.6195,-1.2329,-1.3996,-0.1667,0.5,17.9895,0.9507,-0.1326
1787083798.485,seguindo,6.1179,18.6242,-1.4351,-1.4031,0.032,0.5,17.9879,0.9507,-0.1345
1787083798.535,seguindo,6.1179,18.6242,-1.4351,-1.4031,0.032,0.5,17.9879,0.9507,-0.1345
1787083798.585,seguindo,6.1245,18.6288,-1.6387,-1.4095,0.2292,0.5,17.983,0.9507,-0.1346
1787083798.635,seguindo,6.1245,18.6288,-1.6387,-1.3977,0.2411,0.5,17.9857,0.9507,-0.1398
1787083798.685,seguindo,6.1288,18.6284,-1.8203,-1.4013,0.4189,0.5,17.9815,0.9507,-0.1373
1787083798.735,seguindo,6.1288,18.6284,-1.8203,-1.4013,0.4189,0.5,17.9815,0.9507,-0.1373
1787083798.785,seguindo,6.1314,18.6292,-1.9256,-1.4038,0.5218,0.5,17.9792,0.9507,-0.1367
1787083798.835,seguindo,6.1314,18.6292,-1.9256,-1.3554,0.5702,0.5,17.9794,0.9507,-0.1267
1787083798.885,seguindo,6.1343,18.6396,-1.9508,-1.3598,0.591,0.5,17.9793,0.9507,-0.1335
1787083798.935,seguindo,6.1343,18.6396,-1.9508,-1.3598,0.591,0.5,17.9793,0.9507,-0.1335
1787083798.985,seguindo,6.1368,18.6436,-1.914,-1.3628,0.5513,0.5,17.9778,0.9507,-0.1356
1787083799.035,seguindo,6.1368,18.6436,-1.914,-1.3628,0.5513,0.5,17.9778,0.9507,-0.1356
1787083799.085,seguindo,6.1371,18.653,-1.8334,-1.3153,0.5181,0.5,17.9986,0.9507,-0.1538
1787083799.135,seguindo,6.1371,18.653,-1.8334,-1.3153,0.5181,0.5,17.9986,0.9507,-0.1538
1787083799.185,seguindo,6.1378,18.6608,-1.7282,-1.2711,0.4571,0.5,18.0164,0.9507,-0.1844
1787083799.235,seguindo,6.1378,18.6608,-1.7282,-1.2711,0.4571,0.5,18.0164,0.9507,-0.1844
1787083799.285,seguindo,6.1364,18.664,-1.5971,-1.2708,0.3263,0.5,18.0183,0.9507,-0.1878
1787083799.335,seguindo,6.1364,18.664,-1.5971,-1.2708,0.3263,0.5,18.0183,0.9507,-0.1878
1787083799.385,seguindo,6.1351,18.6693,-1.4478,-1.2358,0.2119,0.5,18.0337,0.9507,-0.204
1787083799.435,seguindo,6.1351,18.6693,-1.4478,-1.2358,0.2119,0.5,18.0337,0.9507,-0.204
1787083799.485,seguindo,6.1362,18.6699,-1.2812,-1.2369,0.0443,0.5,18.0327,0.9507,-0.2037
1787083799.535,seguindo,6.1362,18.6699,-1.2812,-1.2369,0.0443,0.5,18.0327,0.9507,-0.2037
1787083799.585,seguindo,6.1355,18.6771,-1.1042,-1.2384,-0.1342,0.5,18.0345,0.9507,-0.2098
1787083799.635,seguindo,6.1355,18.6771,-1.1042,-1.2384,-0.1342,0.5,18.0345,0.9507,-0.2098
1787083799.685,seguindo,6.1304,18.677,-0.9122,-1.2342,-0.322,0.5,18.0396,0.9507,-0.2129
1787083799.735,seguindo,6.1304,18.677,-0.9122,-1.2342,-0.322,0.5,18.0396,0.9507,-0.2129
1787083799.785,seguindo,6.1212,18.6867,-0.7194,-1.2297,-0.5103,0.5,18.0502,0.9507,-0.2263
1787083811.685,seguindo,6.1932,18.3112,-1.8507,-0.968,0.8826,0.5,17.9823,inf,-0.0061
1787083811.735,seguindo,6.1932,18.3112,-1.8507,-0.968,0.8826,0.5,17.9823,inf,-0.0061
1787083811.785,seguindo,6.183,18.231,-1.8183,-0.733,1.0853,0.5,17.997,inf,-0.0494
1787083811.835,seguindo,6.183,18.231,-1.8183,-0.733,1.0853,0.5,17.997,inf,-0.0494
1787083811.885,seguindo,6.1678,18.1337,-1.7575,-0.4779,1.2795,0.5,18.0182,inf,-0.107
1787083811.935,seguindo,6.1678,18.1337,-1.7575,-0.4779,1.2795,0.5,18.0182,inf,-0.107
1787083811.985,seguindo,6.1536,18.0206,-1.6918,-0.2943,1.3975,0.5,18.0287,inf,-0.152
1787083812.035,seguindo,6.1536,18.0206,-1.6918,-0.2943,1.3975,0.5,18.0287,inf,-0.152
1787083812.085,seguindo,6.1362,17.9018,-1.6494,-0.2149,1.4345,0.5,18.053,1.4962,-0.2208
1787083812.135,seguindo,6.1362,17.9018,-1.6494,-0.2149,1.4345,0.5,18.053,1.4962,-0.2208
1787083812.185,seguindo,6.1275,17.779,-1.6162,-0.1099,1.5062,0.5,18.0697,1.4962,-0.3088
1787083812.235,seguindo,6.1275,17.779,-1.6162,-0.1099,1.5062,0.5,18.0697,1.4962,-0.3088
1787083812.285,seguindo,6.1214,17.662,-1.5805,-0.0272,1.5533,0.5,18.0842,2.1791,-0.4053
1787083812.335,seguindo,6.1214,17.662,-1.5805,-0.0272,1.5533,0.5,18.0842,2.1791,-0.4053
1787083812.385,seguindo,6.1189,17.5502,-1.5574,0.0377,1.5951,0.5,18.0955,inf,-0.4958
1787083812.435,seguindo,6.1189,17.5502,-1.5574,-0.074,1.4834,0.5,18.0484,inf,-0.4049
1787083812.485,seguindo,6.1194,17.4265,-1.5519,0.0266,1.5785,0.5,18.0522,inf,-0.5041
1787083812.535,seguindo,6.1194,17.4265,-1.5519,0.0266,1.5785,0.5,18.0522,inf,-0.5041
1787083812.585,seguindo,6.1177,17.2886,-1.559,0.1379,1.6968,0.5,18.0597,inf,-0.626
1787083812.636,seguindo,6.1177,17.2886,-1.559,0.1379,1.6968,0.5,18.0597,inf,-0.626
1787083812.685,seguindo,6.1052,17.1546,-1.5814,0.1925,1.7739,0.5,18.0723,inf,-0.6936
1787083812.735,seguindo,6.1052,17.1546,-1.5814,0.1925,1.7739,0.5,18.0723,inf,-0.6936
1787083812.785,seguindo,6.081,17.0277,-1.6036,0.2839,1.8875,0.5,18.1032,inf,-0.8202
1787083812.835,seguindo,6.081,17.0277,-1.6036,0.2839,1.8875,0.5,18.1032,inf,-0.8202
1787083812.885,seguindo,6.0576,16.9032,-1.6204,0.366,1.9863,0.5,18.1341,inf,-0.9445
1787083812.935,seguindo,6.0576,16.9032,-1.6204,0.366,1.9863,0.5,18.1341,inf,-0.9445
1787083812.985,seguindo,6.0306,16.7759,-1.6328,0.3187,1.9515,0.5,18.0786,inf,-1.0072
1787083813.035,seguindo,6.0306,16.7759,-1.6328,0.3187,1.9515,0.5,18.0786,inf,-1.0072
1787083813.085,seguindo,6.0036,16.6316,-1.623,0.4039,2.0269,0.5,18.1088,inf,-1.1497
1787083813.135,seguindo,6.0036,16.6316,-1.623,0.4039,2.0269,0.5,18.1088,inf,-1.1497
1787083813.185,seguindo,5.984,16.4926,-1.6268,0.4169,2.0437,0.5,18.1201,1.7633,-1.2217
1787083813.235,seguindo,5.984,16.4926,-1.6268,0.4169,2.0437,0.5,18.1201,1.7633,-1.2217
1787083813.285,seguindo,5.9653,16.3638,-1.6075,0.483,2.0904,0.5,18.1437,1.7633,-1.3469
1787083813.335,seguindo,5.9653,16.3638,-1.6075,0.483,2.0904,0.5,18.1437,1.7633,-1.3469
1787083813.385,seguindo,5.9581,16.2455,-1.596,0.5415,2.1375,0.5,18.1563,1.7633,-1.4578
1787083813.435,seguindo,5.9581,16.2455,-1.596,0.5415,2.1375,0.5,18.1563,1.7633,-1.4578
1787083813.485,seguindo,5.9546,16.1251,-1.5821,0.571,2.1531,0.5,18.166,1.7633,-1.5691
1787083813.535,seguindo,5.9546,16.1251,-1.5821,0.5933,2.1755,0.5,18.2344,1.7633,-1.5456
1787083813.585,seguindo,5.9543,15.986,-1.5816,0.6536,2.2352,0.5,18.2485,1.7633,-1.6751
1787083813.635,seguindo,5.9543,15.986,-1.5816,0.6536,2.2352,0.5,18.2485,1.7633,-1.6751
1787083820.685,seguindo,5.888,6.6551,-1.6751,-2.137,-0.462,0.5,10.9339,inf,-0.0528
1787083820.735,seguindo,5.888,6.6551,-1.6751,-2.137,-0.462,0.5,10.9339,inf,-0.0528
1787083820.785,seguindo,5.8823,6.5296,-1.6595,-2.2918,-0.6323,0.5,10.8293,inf,0.0317
1787083820.835,seguindo,5.8823,6.5296,-1.6595,-2.2918,-0.6323,0.5,10.8293,inf,0.0317
1787083820.885,seguindo,5.8769,6.405,-1.6484,-2.3858,-0.7374,0.5,10.7045,inf,0.1105
1787083820.935,seguindo,5.8769,6.405,-1.6484,-2.3858,-0.7374,0.5,10.7045,inf,0.1105
1787083820.985,seguindo,5.876,6.2838,-1.6425,-2.455,-0.8125,0.5,10.5834,inf,0.1879
1787083821.035,seguindo,5.876,6.2838,-1.6425,-2.455,-0.8125,0.5,10.5834,inf,0.1879
1787083821.085,seguindo,5.8782,6.1704,-1.635,-1.983,-0.3481,0.5,10.4702,0.7597,0.257
1787083821.135,seguindo,5.8782,6.1704,-1.635,-1.9429,-0.308,0.5,10.5269,0.7597,0.2102
1787083821.185,seguindo,5.8916,6.0487,-1.6312,-1.969,-0.3377,0.5,10.4059,1.2065,0.2851
1787083821.235,seguindo,5.8916,6.0487,-1.6312,-1.969,-0.3377,0.5,10.4059,1.2065,0.2851
1787083821.285,seguindo,5.9064,5.9185,-1.6304,-1.9626,-0.3322,0.5,10.2766,5.6736,0.3336
1787083821.335,seguindo,5.9064,5.9185,-1.6304,-1.9626,-0.3322,0.5,10.2766,5.6736,0.3336
1787083821.385,seguindo,5.9212,5.7777,-1.6393,-1.9726,-0.3333,0.5,10.1367,15.4311,0.364
1787083821.435,seguindo,5.9212,5.7777,-1.6393,-1.9164,-0.2771,0.5,10.1931,12.256,0.3261
1787083821.485,seguindo,5.9361,5.6535,-1.6518,-1.9157,-0.2639,0.5,10.0693,10.9705,0.3483
1787083821.535,seguindo,5.9361,5.6535,-1.6518,-1.9157,-0.2639,0.5,10.0693,10.9705,0.3483
1787083821.585,seguindo,5.9457,5.5362,-1.6515,-1.925,-0.2735,0.5,9.9523,5.9682,0.3632
1787083821.635,seguindo,5.9457,5.5362,-1.6515,-1.925,-0.2735,0.5,9.9523,5.9682,0.3632
1787083821.685,seguindo,5.9507,5.4186,-1.6411,-1.9297,-0.2886,0.5,9.8348,4.7304,0.3725
1787083821.735,seguindo,5.9507,5.4186,-1.6411,-2.0146,-0.3735,0.5,9.894,inf,-0.1206
1787083821.785,seguindo,5.9531,5.2796,-1.6266,-2.1803,-0.5537,0.5,9.7551,inf,-0.0186
1787083821.835,seguindo,5.9531,5.2796,-1.6266,-2.1803,-0.5537,0.5,9.7551,inf,-0.0186
1787083821.885,seguindo,5.9494,5.142,-1.6145,-2.3664,-0.7519,0.5,9.6174,inf,0.0678
1787083821.935,seguindo,5.9494,5.142,-1.6145,-2.3664,-0.7519,0.5,9.6174,inf,0.0678
1787083821.985,seguindo,5.9493,5.0108,-1.6197,-2.5289,-0.9092,0.5,9.539,inf,0.1457
1787083822.035,seguindo,5.9493,5.0108,-1.6197,-2.5289,-0.9092,0.5,9.539,inf,0.1457
1787083822.085,seguindo,5.9502,4.8844,-1.6219,-2.4364,-0.8145,0.5,9.4814,inf,0.1686
1787083822.135,seguindo,5.9502,4.8844,-1.6219,-2.4364,-0.8145,0.5,9.4814,inf,0.1686
1787083822.185,seguindo,5.9532,4.7705,-1.6226,-2.5738,-0.9512,0.5,9.3676,inf,0.241
1787083822.235,seguindo,5.9532,4.7705,-1.6226,-2.5738,-0.9512,0.5,9.3676,inf,0.241
1787083822.285,seguindo,5.9484,4.6389,-1.6332,-1.725,-0.0919,0.5,9.236,0.7982,0.3031
1787083822.335,seguindo,5.9484,4.6389,-1.6332,-1.725,-0.0919,0.5,9.236,0.7982,0.3031
1787083822.385,seguindo,5.9399,4.5151,-1.6518,-1.7353,-0.0835,0.5,9.2052,0.9775,0.3169
1787083822.435,seguindo,5.9399,4.5151,-1.6518,-1.7353,-0.0835,0.5,9.2052,0.9775,0.3169
1787083822.485,seguindo,5.9297,4.3742,-1.6738,-1.7193,-0.0455,0.5,9.0641,0.977,0.3001
1787083822.535,seguindo,5.9297,4.3742,-1.6738,-1.7193,-0.0455,0.5,9.0641,0.977,0.3001
1787083822.585,seguindo,5.9081,4.2374,-1.6998,-1.6934,0.0064,0.5,8.9267,1.0219,0.2498
1787083822.635,seguindo,5.9081,4.2374,-1.6998,-1.6784,0.0215,0.5,9.027,0.885,0.2509
1787083822.685,seguindo,5.8856,4.1245,-1.7181,-1.6552,0.0629,0.5,8.9135,1.0219,0.2045
1787083822.735,seguindo,5.8856,4.1245,-1.7181,-1.6552,0.0629,0.5,8.9135,1.0219,0.2045
1787083822.785,seguindo,5.8575,4.0059,-1.7263,-1.6161,0.1102,0.5,8.7942,1.512,-0.1198
1787083822.835,seguindo,5.8575,4.0059,-1.7263,-1.6161,0.1102,0.5,8.7942,1.512,-0.1198
1787083822.885,seguindo,5.8185,3.8826,-1.7305,-1.5828,0.1477,0.5,8.6702,1.512,-0.0349
1787083822.935,seguindo,5.8185,3.8826,-1.7305,-1.5956,0.1349,0.5,8.7495,1.512,-0.0789
1787083822.985,seguindo,5.7779,3.758,-1.7212,-1.5546,0.1666,0.5,8.624,1.3977,-0.0489
1787083823.035,seguindo,5.7779,3.758,-1.7212,-1.5546,0.1666,0.5,8.624,1.3977,-0.0489
1787083823.085,seguindo,5.7408,3.6442,-1.7318,-1.5129,0.2189,0.5,8.5097,1.512,-0.0585
1787083823.135,seguindo,5.7408,3.6442,-1.7318,-1.5129,0.2189,0.5,8.5097,1.512,-0.0585
1787083823.185,seguindo,5.7153,3.4999,-1.7309,-1.4832,0.2477,0.5,8.4317,1.9249,-0.0697
1787083823.235,seguindo,5.7153,3.4999,-1.7309,-1.4832,0.2477,0.5,8.4317,1.9249,-0.0697
1787083823.285,seguindo,5.6921,3.3622,-1.738,-1.4583,0.2797,0.5,8.2938,6.5599,-0.0791
1787083823.335,seguindo,5.6921,3.3622,-1.738,-1.4583,0.2797,0.5,8.2938,6.5599,-0.0791
1787083823.385,seguindo,5.6755,3.2203,-1.7502,-1.3935,0.3568,0.5,8.1888,14.0099,-0.1249
1787083823.435,seguindo,5.6755,3.2203,-1.7502,-1.3935,0.3568,0.5,8.1888,14.0099,-0.1249
1787083823.485,seguindo,5.6602,3.0809,-1.7778,-1.3702,0.4076,0.5,8.0497,8.2768,-0.147
1787083823.535,seguindo,5.6602,3.0809,-1.7778,-1.3702,0.4076,0.5,8.0497,8.2768,-0.147
1787083823.585,seguindo,5.6425,2.9635,-1.8056,-1.4298,0.3758,0.5,8.0138,7.2341,-0.1242
1787083823.635,seguindo,5.6425,2.9635,-1.8056,-1.4298,0.3758,0.5,8.0138,7.2341,-0.1242
1787083823.685,seguindo,5.6222,2.855,-1.8389,-1.4112,0.4277,0.5,7.9052,8.2817,-0.149
1787083823.735,seguindo,5.6222,2.855,-1.8389,-1.4112,0.4277,0.5,7.9052,8.2817,-0.149
1787083823.785,seguindo,5.5947,2.765,-1.8593,-1.3888,0.4705,0.5,7.815,7.2341,-0.1804
1787083823.835,seguindo,5.5947,2.765,-1.8593,-1.052,0.8074,0.5,7.815,1.8372,0.1271
1787083823.885,seguindo,5.5593,2.6922,-1.8656,-1.0687,0.7969,0.5,7.8067,1.8372,0.1217
1787083823.935,seguindo,5.5593,2.6922,-1.8656,-1.0687,0.7969,0.5,7.8067,1.8372,0.1217
1787083823.985,seguindo,5.5149,2.6049,-1.8577,-0.9887,0.869,0.5,7.7186,1.8372,0.0275
1787083824.035,seguindo,5.5149,2.6049,-1.8577,-0.9887,0.869,0.5,7.7186,1.8372,0.0275
1787083824.085,seguindo,5.4556,2.5005,-1.8416,-0.9896,0.852,0.5,7.7315,1.8372,0.0265
1787083824.135,seguindo,5.4556,2.5005,-1.8416,-0.9896,0.852,0.5,7.7315,1.8372,0.0265
1787083824.185,seguindo,5.4011,2.4047,-1.8583,-0.8902,0.9681,0.5,7.6347,1.8372,-0.081
1787083824.235,seguindo,5.4011,2.4047,-1.8583,-0.8902,0.9681,0.5,7.6347,1.8372,-0.081
1787083824.285,seguindo,5.3459,2.3216,-1.8839,-0.8022,1.0817,0.5,7.551,2.3825,-0.176
1787083824.335,seguindo,5.3459,2.3216,-1.8839,-0.8022,1.0817,0.5,7.551,2.3825,-0.176
1787083824.385,seguindo,5.3014,2.2318,-1.9291,-0.7036,1.2255,0.5,7.5046,2.3825,-0.2749
1787083824.435,seguindo,5.3014,2.2318,-1.9291,-0.7036,1.2255,0.5,7.5046,2.3825,-0.2749
1787083824.485,seguindo,5.2554,2.1359,-1.9947,-0.6036,1.3911,0.5,7.4093,2.3825,-0.3706
1787083824.535,seguindo,5.2554,2.1359,-1.9947,-0.6036,1.3911,0.5,7.4093,2.3825,-0.3706
1787083824.585,seguindo,5.205,2.0378,-2.0815,-0.5227,1.5588,0.5,7.3122,2.2105,-0.4699
1787083824.635,seguindo,5.205,2.0378,-2.0815,-0.5227,1.5588,0.5,7.3122,2.2105,-0.4699
1787083824.685,seguindo,5.1482,1.9441,-2.1787,-0.4715,1.7072,0.5,7.304,2.2105,-0.5164
1787083824.735,seguindo,5.1482,1.9441,-2.1787,-0.4715,1.7072,0.5,7.304,2.2105,-0.5164
1787083824.785,seguindo,5.0801,1.8684,-2.2781,-0.3854,1.8928,0.5,7.2323,2.2105,-0.6164
1787083824.835,seguindo,5.0801,1.8684,-2.2781,-0.3854,1.8928,0.5,7.2323,2.2105,-0.6164
1787083824.885,seguindo,5.0046,1.8015,-2.3708,-0.3395,2.0313,0.5,7.1706,1.8264,-0.7169
1787083824.935,seguindo,5.0046,1.8015,-2.3708,-0.3395,2.0313,0.5,7.1706,1.8264,-0.7169
1787083824.985,seguindo,4.9248,1.7534,-2.466,-0.2535,2.2125,0.5,7.1289,2.2105,-0.8096
1787083825.035,seguindo,4.9248,1.7534,-2.466,-0.2005,2.2655,0.5,7.1568,2.3825,-0.8379
1787083825.085,seguindo,4.837,1.7126,-2.5562,-0.1278,2.4285,0.5,7.1276,1.8372,-0.9304
1787083825.135,seguindo,4.837,1.7126,-2.5562,-0.1278,2.4285,0.5,7.1276,1.8372,-0.9304
1787083825.185,seguindo,4.7338,1.6779,-2.6225,-0.094,2.5285,0.5,7.1078,1.8372,-1.0305
1787083825.235,seguindo,4.7338,1.6779,-2.6225,-0.094,2.5285,0.5,7.1078,1.8372,-1.0305
1787083825.285,seguindo,4.6139,1.6314,-2.6597,-0.0563,2.6035,0.5,7.0809,1.8372,-1.1525
1787083825.335,seguindo,4.6139,1.6314,-2.6597,0.2631,2.9228,0.5,7.1989,inf,-1.0626
1787083825.385,seguindo,4.4936,1.583,-2.6921,0.2751,2.9672,0.5,7.1752,inf,-1.189
1787083825.435,seguindo,4.4936,1.583,-2.6921,0.2751,2.9672,0.5,7.1752,inf,-1.189
1787083825.485,seguindo,4.3877,1.5366,-2.718,0.2864,3.0044,0.5,7.1526,inf,-1.3028
1787083825.535,seguindo,4.3877,1.5366,-2.718,0.2864,3.0044,0.5,7.1526,inf,-1.3028
1787083825.585,seguindo,4.2923,1.483,-2.728,0.3027,3.0307,0.5,7.1222,inf,-1.412
1787083825.635,seguindo,4.2923,1.483,-2.728,-0.0096,2.7184,0.5,7.1222,1.8372,-1.412
1787083825.685,seguindo,4.2065,1.4213,-2.7141,0.021,2.7351,0.5,7.1567,1.8372,-1.5426
1787083825.735,seguindo,4.2065,1.4213,-2.7141,0.021,2.7351,0.5,7.1567,1.8372,-1.5426
1787083825.785,seguindo,4.1163,1.3433,-2.6997,0.0576,2.7573,0.5,7.1084,1.8372,-1.6604
1787083830.689,seguindo,0.0351,0.0389,0.6551,0.8041,0.1489,0.5,16.2382,inf,-0.1003
1787083830.735,seguindo,0.0351,0.0389,0.6551,0.8041,0.1489,0.5,16.2382,inf,-0.1003
1787083830.785,seguindo,0.0428,-0.0186,0.5216,0.9526,0.431,0.5,16.3716,inf,-0.2264
1787083830.835,seguindo,0.0428,-0.0186,0.5216,0.9526,0.431,0.5,16.3716,inf,-0.2264
1787083830.885,seguindo,0.0493,-0.0857,0.4015,1.0269,0.6254,0.5,16.5556,inf,-0.4169
1787083830.935,seguindo,0.0493,-0.0857,0.4015,1.0269,0.6254,0.5,16.5556,inf,-0.4169
1787083830.985,seguindo,0.0443,-0.1349,0.3101,1.0508,0.7408,0.5,16.6577,inf,-0.517
1787083831.035,seguindo,0.0443,-0.1349,0.3101,1.0508,0.7408,0.5,16.6577,inf,-0.517
1787083831.085,seguindo,0.0389,-0.1718,0.2099,1.0412,0.8313,0.5,16.7697,inf,-0.6254
1787083831.135,seguindo,0.0389,-0.1718,0.2099,1.0412,0.8313,0.5,16.7697,inf,-0.6254
1787083831.185,seguindo,0.0373,-0.1952,0.1142,1.0513,0.9371,0.5,16.7921,inf,-0.6481
1787083831.235,seguindo,0.0373,-0.1952,0.1142,1.0513,0.9371,0.5,16.7921,inf,-0.6481
1787083831.285,seguindo,0.0307,-0.2099,0.0359,1.0528,1.0168,0.5,16.8081,inf,-0.6641
1787083831.335,seguindo,0.0307,-0.2099,0.0359,1.1218,1.0859,0.5,16.7305,inf,-0.5909
1787083831.385,seguindo,0.0279,-0.2095,0.0032,1.119,1.1159,0.5,16.7311,inf,-0.591
1787083831.435,seguindo,0.0279,-0.2095,0.0032,1.119,1.1159,0.5,16.7311,inf,-0.591
1787083831.485,seguindo,0.0344,-0.2062,-0.018,1.1237,1.1417,0.5,16.7259,inf,-0.5866
1787083831.535,seguindo,0.0344,-0.2062,-0.018,0.964,0.982,0.5,16.7002,inf,-0.5545
1787083831.585,seguindo,0.0387,-0.1913,0.001,0.9586,0.9576,0.5,16.6847,inf,-0.5391
1787083831.635,seguindo,0.0387,-0.1913,0.001,0.9586,0.9576,0.5,16.6847,inf,-0.5391
1787083831.685,seguindo,0.0385,-0.1666,0.0241,0.943,0.9189,0.5,16.662,inf,-0.5167
1787083831.735,seguindo,0.0385,-0.1666,0.0241,-0.8708,-0.8949,0.5,16.662,inf,0.0667
1787083831.785,seguindo,0.0214,-0.1462,0.0366,-0.871,-0.9075,0.5,16.6498,inf,0.0915
1787083831.835,seguindo,0.0214,-0.1462,0.0366,-0.9867,-1.0232,0.5,16.5186,inf,0.2277
1787083831.885,seguindo,0.0094,-0.1249,0.0379,-0.9894,-1.0273,0.5,16.5028,inf,0.251
1787083831.935,seguindo,0.0094,-0.1249,0.0379,-0.9894,-1.0273,0.5,16.5028,inf,0.251
1787083831.985,seguindo,-0.0087,-0.1057,0.0346,-0.9825,-1.0171,0.5,16.4913,inf,0.2738
1787083832.035,seguindo,-0.0087,-0.1057,0.0346,-0.9825,-1.0171,0.5,16.4913,inf,0.2738
1787083832.085,seguindo,-0.032,-0.096,0.0353,-0.9617,-0.997,0.5,16.4905,inf,0.2897
1787083832.135,seguindo,-0.032,-0.096,0.0353,-0.9617,-0.997,0.5,16.4905,inf,0.2897
1787083832.185,seguindo,-0.0542,-0.0907,0.041,-0.94,-0.981,0.5,16.4934,inf,0.3024
1787083832.235,seguindo,-0.0542,-0.0907,0.041,-0.94,-0.981,0.5,16.4934,inf,0.3024
1787083832.285,seguindo,-0.061,-0.0921,0.0527,-0.9309,-0.9836,0.5,16.4971,inf,0.3038
1787083832.335,seguindo,-0.061,-0.0921,0.0527,-0.9309,-0.9836,0.5,16.4971,inf,0.3038
1787083832.385,seguindo,-0.0557,-0.0994,0.0376,-0.9308,-0.9684,0.5,16.502,inf,0.295
1787083832.435,seguindo,-0.0557,-0.0994,0.0376,-0.9308,-0.9684,0.5,16.502,inf,0.295
1787083832.485,seguindo,-0.0595,-0.1098,0.0317,-0.9171,-0.9488,0.5,16.5132,inf,0.2871
1787083832.535,seguindo,-0.0595,-0.1098,0.0317,-0.9171,-0.9488,0.5,16.5132,inf,0.2871
1787083832.585,seguindo,-0.0703,-0.1197,0.032,-0.8958,-0.9278,0.5,16.5262,inf,0.2829
1787083832.635,seguindo,-0.0703,-0.1197,0.032,-0.8958,-0.9278,0.5,16.5262,inf,0.2829
1787083832.685,seguindo,-0.067,-0.1275,0.0174,-0.8923,-0.9097,0.5,16.5324,inf,0.2744
1787083832.735,seguindo,-0.067,-0.1275,0.0174,-0.8923,-0.9097,0.5,16.5324,inf,0.2744
1787083832.785,seguindo,-0.065,-0.1278,0.0328,-2.1979,-2.2307,0.5,16.5319,inf,0.0894
1787083832.835,seguindo,-0.065,-0.1278,0.0328,-2.1979,-2.2307,0.5,16.5319,inf,0.0894
1787083832.885,seguindo,-0.0669,-0.1202,0.0469,-2.18,-2.2269,0.5,16.5255,inf,0.0827
1787083832.935,seguindo,-0.0669,-0.1202,0.0469,-2.18,-2.2269,0.5,16.5255,inf,0.0827
1787083832.985,seguindo,-0.0699,-0.1104,0.049,-2.1558,-2.2048,0.5,16.5174,inf,0.0737
1787083833.035,seguindo,-0.0699,-0.1104,0.049,-2.1558,-2.2048,0.5,16.5174,inf,0.0737
1787083833.085,seguindo,-0.0698,-0.1051,0.0431,-2.1476,-2.1907,0.5,16.5125,inf,0.0704
1787083833.135,seguindo,-0.0698,-0.1051,0.0431,-2.1476,-2.1907,0.5,16.5125,inf,0.0704
1787083833.185,seguindo,-0.0636,-0.0999,0.0473,-2.1544,-2.2017,0.5,16.5053,inf,0.0724
1787083833.235,seguindo,-0.0636,-0.0999,0.0473,-2.1544,-2.2017,0.5,16.5053,inf,0.0724
1787083833.285,seguindo,-0.0587,-0.0961,0.0541,-2.16,-2.2141,0.5,16.5,inf,0.0748
1787083833.335,seguindo,-0.0587,-0.0961,0.0541,-2.16,-2.2141,0.5,16.5,inf,0.0748
1787083833.385,seguindo,-0.0469,-0.0928,0.0552,-2.1819,-2.2371,0.5,16.4928,inf,0.0841
1787083833.435,seguindo,-0.0469,-0.0928,0.0552,-2.1819,-2.2371,0.5,16.4928,inf,0.0841
1787083833.485,seguindo,-0.0305,-0.0888,0.0495,-2.2115,-2.261,0.5,16.4832,inf,0.0983
1787083833.535,seguindo,-0.0305,-0.0888,0.0495,-2.2115,-2.261,0.5,16.4832,inf,0.0983
1787083833.585,seguindo,-0.0132,-0.0885,0.0384,-2.2469,-2.2853,0.5,16.4768,inf,0.115
1787083833.635,seguindo,-0.0132,-0.0885,0.0384,-2.2469,-2.2853,0.5,16.4768,inf,0.115
1787083833.685,seguindo,0.0019,-0.0893,0.0367,-2.2777,-2.3144,0.5,16.4721,inf,0.1298
1787083833.735,seguindo,0.0019,-0.0893,0.0367,-2.2777,-2.3144,0.5,16.4721,inf,0.1298
1787083833.785,seguindo,0.0126,-0.0918,0.0309,-2.3022,-2.3331,0.5,16.4707,inf,0.1409
1787083833.835,seguindo,0.0126,-0.0918,0.0309,-2.3022,-2.3331,0.5,16.4707,inf,0.1409
1787083833.885,seguindo,0.0244,-0.0915,0.0289,-2.3231,-2.352,0.5,16.4663,inf,0.1523
1787083833.935,seguindo,0.0244,-0.0915,0.0289,-2.3231,-2.352,0.5,16.4663,inf,0.1523
1787083833.986,seguindo,0.0304,-0.0938,0.0186,-2.3375,-2.3561,0.5,16.4663,inf,0.1587
1787083834.035,seguindo,0.0304,-0.0938,0.0186,-2.3375,-2.3561,0.5,16.4663,inf,0.1587
1787083834.085,seguindo,0.0358,-0.0926,0.0141,-2.3449,-2.359,0.5,16.4633,inf,0.1637
1787083834.135,seguindo,0.0358,-0.0926,0.0141,-2.3449,-2.359,0.5,16.4633,inf,0.1637
1787083834.185,seguindo,0.0405,-0.0934,0.016,-2.3541,-2.3701,0.5,16.4624,inf,0.1684
1787083834.235,seguindo,0.0405,-0.0934,0.016,-2.3541,-2.3701,0.5,16.4624,inf,0.1684
1787083834.285,seguindo,0.0488,-0.0949,0.0245,-2.3706,-2.3951,0.5,16.4609,inf,0.1769
1787083834.335,seguindo,0.0488,-0.0949,0.0245,-2.3706,-2.3951,0.5,16.4609,inf,0.1769
1787083834.385,seguindo,0.0552,-0.0995,0.0344,-2.3886,-2.423,0.5,16.463,inf,0.184
1787083834.435,seguindo,0.0552,-0.0995,0.0344,-2.3886,-2.423,0.5,16.463,inf,0.184
1787083834.485,seguindo,0.0593,-0.1003,0.0462,-2.3966,-2.4428,0.5,16.4623,inf,0.1882
1787083834.535,seguindo,0.0593,-0.1003,0.0462,-2.3966,-2.4428,0.5,16.4623,inf,0.1882
1787083834.585,seguindo,0.064,-0.1,0.0504,-2.4035,-2.4538,0.5,16.4604,inf,0.1928
1787083834.635,seguindo,0.064,-0.1,0.0504,-2.4035,-2.4538,0.5,16.4604,inf,0.1928
1787083834.69,seguindo,0.0676,-0.0994,0.0517,-0.0329,-0.0846,0.5,16.4585,inf,-0.0781
1787083834.735,seguindo,0.0676,-0.0994,0.0517,-0.0329,-0.0846,0.5,16.4585,inf,-0.0781
1787083834.785,seguindo,0.0668,-0.0996,0.0506,-0.0324,-0.083,0.5,16.4589,inf,-0.0783
1787083834.835,seguindo,0.0668,-0.0996,0.0506,-0.0324,-0.083,0.5,16.4589,inf,-0.0783
1787083834.885,seguindo,0.0676,-0.1024,0.054,-0.0256,-0.0796,0.5,16.4613,inf,-0.0811
1787083834.935,seguindo,0.0676,-0.1024,0.054,-0.0256,-0.0796,0.5,16.4613,inf,-0.0811
1787083834.985,seguindo,0.0657,-0.1049,0.0513,-0.0193,-0.0706,0.5,16.4643,inf,-0.0837
1787083835.035,seguindo,0.0657,-0.1049,0.0513,-0.0193,-0.0706,0.5,16.4643,inf,-0.0837
1787083835.085,seguindo,0.0639,-0.1049,0.0533,-0.0193,-0.0726,0.5,16.4649,inf,-0.0838
1787083835.135,seguindo,0.0639,-0.1049,0.0533,-0.0193,-0.0726,0.5,16.4649,inf,-0.0838
1787083835.185,seguindo,0.0609,-0.1032,0.0508,-0.0231,-0.0738,0.5,16.4645,inf,-0.0824
1787083835.235,seguindo,0.0609,-0.1032,0.0508,-0.0231,-0.0738,0.5,16.4645,inf,-0.0824
1787083835.285,seguindo,0.0613,-0.105,0.0515,-0.0188,-0.0703,0.5,16.466,inf,-0.0841
1787083835.335,seguindo,0.0613,-0.105,0.0515,-0.0188,-0.0703,0.5,16.466,inf,-0.0841
1787083835.385,seguindo,0.0604,-0.103,0.0478,-0.0237,-0.0715,0.5,16.4644,inf,-0.0821
1787083835.435,seguindo,0.0604,-0.103,0.0478,-0.0237,-0.0715,0.5,16.4644,inf,-0.0821
1787083835.485,seguindo,0.0604,-0.1028,0.048,-0.0242,-0.0722,0.5,16.4642,inf,-0.0819
1787083835.535,seguindo,0.0604,-0.1028,0.048,-0.0242,-0.0722,0.5,16.4642,inf,-0.0819
1787083835.585,seguindo,0.0633,-0.1009,0.0503,-0.0288,-0.0791,0.5,16.4615,inf,-0.0799
1787083835.635,seguindo,0.0633,-0.1009,0.0503,-0.0288,-0.0791,0.5,16.4615,inf,-0.0799
1787083835.685,seguindo,0.0626,-0.0983,0.0468,-0.0352,-0.0821,0.5,16.4592,inf,-0.0773
1787083835.743,seguindo,0.0626,-0.0983,0.0468,-0.049,-0.0958,0.5,16.4592,inf,-0.0773
1787083835.785,seguindo,0.0669,-0.0952,0.0511,-0.0571,-0.1082,0.5,16.4548,inf,-0.0739
1787083835.835,seguindo,0.0669,-0.0952,0.0511,-0.0571,-0.1082,0.5,16.4548,inf,-0.0739
1787083835.885,seguindo,0.0666,-0.0967,0.0484,-0.0532,-0.1017,0.5,16.4564,inf,-0.0755
1787083835.935,seguindo,0.0666,-0.0967,0.0484,-0.0532,-0.1017,0.5,16.4564,inf,-0.0755
1787083835.985,seguindo,0.0687,-0.0995,0.052,-0.0468,-0.0987,0.5,16.4582,inf,-0.0781
1787083836.035,seguindo,0.0687,-0.0995,0.052,-0.0468,-0.0987,0.5,16.4582,inf,-0.0781
1787083836.085,seguindo,0.0706,-0.1008,0.0486,-0.0436,-0.0922,0.5,16.4588,inf,-0.0793
1787083836.135,seguindo,0.0706,-0.1008,0.0486,-0.0436,-0.0922,0.5,16.4588,inf,-0.0793
1787083836.185,seguindo,0.0735,-0.102,0.0518,-0.0411,-0.0929,0.5,16.4589,inf,-0.0803
1787083836.235,seguindo,0.0735,-0.102,0.0518,-0.0411,-0.0929,0.5,16.4589,inf,-0.0803
1787083836.286,seguindo,0.0765,-0.1057,0.0512,-0.032,-0.0832,0.5,16.4613,inf,-0.0838
1787083836.335,seguindo,0.0765,-0.1057,0.0512,-0.032,-0.0832,0.5,16.4613,inf,-0.0838
1787083836.385,seguindo,0.0785,-0.109,0.0519,-0.0238,-0.0757,0.5,16.4637,inf,-0.0869
1787083836.435,seguindo,0.0785,-0.109,0.0519,-0.0238,-0.0757,0.5,16.4637,inf,-0.0869
1787083836.485,seguindo,0.08,-0.1097,0.0495,-0.0222,-0.0718,0.5,16.4638,inf,-0.0875
1787083836.535,seguindo,0.08,-0.1097,0.0495,-0.0222,-0.0718,0.5,16.4638,inf,-0.0875
1787083836.585,seguindo,0.0793,-0.1078,0.0526,-0.0269,-0.0795,0.5,16.4623,inf,-0.0857
1787083836.635,seguindo,0.0793,-0.1078,0.0526,-0.0269,-0.0795,0.5,16.4623,inf,-0.0857
1787083836.685,seguindo,0.0801,-0.1067,0.05,-0.0298,-0.0798,0.5,16.461,inf,-0.0845
1787083836.735,seguindo,0.0801,-0.1067,0.05,-0.0298,-0.0798,0.5,16.461,inf,-0.0845
1787083836.79,seguindo,0.0797,-0.1041,0.0511,0.2663,0.2151,0.5,16.4587,inf,-0.063
1787083836.835,seguindo,0.0797,-0.1041,0.0511,0.2663,0.2151,0.5,16.4587,inf,-0.063
1787083836.885,seguindo,0.0784,-0.1025,0.0504,0.2602,0.2098,0.5,16.4577,inf,-0.0609
1787083836.935,seguindo,0.0784,-0.1025,0.0504,0.2602,0.2098,0.5,16.4577,inf,-0.0609
1787083836.985,seguindo,0.0759,-0.1,0.0498,0.2501,0.2003,0.5,16.4562,inf,-0.0573
1787083837.035,seguindo,0.0759,-0.1,0.0498,0.2501,0.2003,0.5,16.4562,inf,-0.0573
1787083837.085,seguindo,0.0756,-0.1008,0.0499,0.2524,0.2024,0.5,16.457,inf,-0.0577
1787083837.135,seguindo,0.0756,-0.1008,0.0499,0.2524,0.2024,0.5,16.457,inf,-0.0577
1787083837.185,seguindo,0.0734,-0.1014,0.0493,0.2524,0.2031,0.5,16.4583,inf,-0.0566
1787083837.235,seguindo,0.0734,-0.1014,0.0493,0.2524,0.2031,0.5,16.4583,inf,-0.0566
1787083837.285,seguindo,0.0736,-0.103,0.0505,0.2578,0.2073,0.5,16.4598,inf,-0.0581
1787083837.335,seguindo,0.0736,-0.103,0.0505,0.2578,0.2073,0.5,16.4598,inf,-0.0581
1787083837.385,seguindo,0.074,-0.1012,0.0489,0.2526,0.2037,0.5,16.458,inf,-0.057
1787083837.435,seguindo,0.074,-0.1012,0.0489,0.2526,0.2037,0.5,16.458,inf,-0.057
1787083837.485,seguindo,0.0731,-0.1021,0.051,0.2544,0.2034,0.5,16.4591,inf,-0.057
1787083837.535,seguindo,0.0731,-0.1021,0.051,0.2544,0.2034,0.5,16.4591,inf,-0.057
1787083837.585,seguindo,0.074,-0.1045,0.0496,0.2626,0.213,0.5,16.4611,inf,-0.0594
1787083837.635,seguindo,0.074,-0.1045,0.0496,0.2626,0.213,0.5,16.4611,inf,-0.0594
1787083837.685,seguindo,0.0734,-0.1043,0.049,0.2614,0.2124,0.5,16.4611,inf,-0.0589
1787083837.735,seguindo,0.0734,-0.1043,0.049,0.2614,0.2124,0.5,16.4611,inf,-0.0589
1787083837.785,seguindo,0.0746,-0.1021,0.0502,0.2557,0.2055,0.5,16.4586,inf,-0.058
1787083837.851,seguindo,0.0746,-0.1021,0.0502,-0.1396,-0.1898,0.5,16.4586,inf,-0.0594
1787083837.885,seguindo,0.0744,-0.1007,0.0492,-0.1429,-0.1921,0.5,16.4574,inf,-0.0582
1787083837.935,seguindo,0.0744,-0.1007,0.0492,-0.1429,-0.1921,0.5,16.4574,inf,-0.0582
1787083837.985,seguindo,0.0739,-0.0982,0.0507,-0.1489,-0.1997,0.5,16.4552,inf,-0.0559
1787083838.035,seguindo,0.0739,-0.0982,0.0507,-0.1489,-0.1997,0.5,16.4552,inf,-0.0559
1787083838.085,seguindo,0.0716,-0.0981,0.0505,-0.1483,-0.1988,0.5,16.4559,inf,-0.0565
1787083838.135,seguindo,0.0716,-0.0981,0.0505,-0.1483,-0.1988,0.5,16.4559,inf,-0.0565
1787083838.185,seguindo,0.0706,-0.0949,0.0486,-0.1559,-0.2045,0.5,16.4532,inf,-0.0538
1787083838.236,seguindo,0.0706,-0.0949,0.0486,-0.1559,-0.2045,0.5,16.4532,inf,-0.0538
1787083838.285,seguindo,0.0677,-0.0935,0.0492,-0.1581,-0.2073,0.5,16.453,inf,-0.0534
1787083838.335,seguindo,0.0677,-0.0935,0.0492,-0.1581,-0.2073,0.5,16.453,inf,-0.0534
1787083838.385,seguindo,0.0674,-0.0922,0.048,-0.1612,-0.2092,0.5,16.4518,inf,-0.0522
1787083838.435,seguindo,0.0674,-0.0922,0.048,-0.1612,-0.2092,0.5,16.4518,inf,-0.0522
1787083838.485,seguindo,0.0641,-0.0933,0.0487,-0.1571,-0.2058,0.5,16.4541,inf,-0.0543
1787083838.535,seguindo,0.0641,-0.0933,0.0487,-0.1571,-0.2058,0.5,16.4541,inf,-0.0543
1787083838.585,seguindo,0.0638,-0.0933,0.0514,-0.1572,-0.2086,0.5,16.4541,inf,-0.0544
1787083838.635,seguindo,0.0638,-0.0933,0.0514,-0.1572,-0.2086,0.5,16.4541,inf,-0.0544
1787083838.685,seguindo,0.0599,-0.093,0.0493,-0.1563,-0.2056,0.5,16.4553,inf,-0.0553
1787083838.735,seguindo,0.0599,-0.093,0.0493,-0.1563,-0.2056,0.5,16.4553,inf,-0.0553
1787083838.785,seguindo,0.0626,-0.09,0.0476,-0.1646,-0.2122,0.5,16.4514,inf,-0.0516
1787083838.835,seguindo,0.0626,-0.09,0.0476,-0.1646,-0.2122,0.5,16.4514,inf,-0.0516
1787083838.885,seguindo,0.0629,-0.0901,0.0479,-0.1644,-0.2123,0.5,16.4515,inf,-0.0516
1787083838.935,seguindo,0.0629,-0.0901,0.0479,-0.1644,-0.2123,0.5,16.4515,inf,-0.0516
1787083838.985,seguindo,0.0644,-0.0939,0.047,-0.156,-0.203,0.5,16.4545,inf,-0.0547
1787083839.035,seguindo,0.0644,-0.0939,0.047,-0.156,-0.203,0.5,16.4545,inf,-0.0547
1787083839.085,seguindo,0.0643,-0.0967,0.0477,-0.149,-0.1968,0.5,16.4572,inf,-0.0575
1787083839.135,seguindo,0.0643,-0.0967,0.0477,-0.149,-0.1968,0.5,16.4572,inf,-0.0575
1787083839.185,seguindo,0.0611,-0.0937,0.0464,-0.1551,-0.2015,0.5,16.4555,inf,-0.0556
1787083839.235,seguindo,0.0611,-0.0937,0.0464,-0.1551,-0.2015,0.5,16.4555,inf,-0.0556
1787083839.285,seguindo,0.0654,-0.0969,0.0482,-0.149,-0.1972,0.5,16.457,inf,-0.0573
1787083839.335,seguindo,0.0654,-0.0969,0.0482,-0.149,-0.1972,0.5,16.457,inf,-0.0573
1787083839.385,seguindo,0.0654,-0.0983,0.0468,-0.1457,-0.1925,0.5,16.4583,inf,-0.0586
1787083839.435,seguindo,0.0654,-0.0983,0.0468,-0.1457,-0.1925,0.5,16.4583,inf,-0.0586
1787083839.485,seguindo,0.0692,-0.0987,0.0504,-0.1459,-0.1963,0.5,16.4574,inf,-0.0579
1787083839.535,seguindo,0.0692,-0.0987,0.0504,-0.1459,-0.1963,0.5,16.4574,inf,-0.0579
1787083839.585,seguindo,0.0658,-0.102,0.0493,-0.1368,-0.1861,0.5,16.4616,inf,-0.0621
1787083839.635,seguindo,0.0658,-0.102,0.0493,-0.1368,-0.1861,0.5,16.4616,inf,-0.0621
1787083839.695,seguindo,0.0654,-0.1,0.0511,-0.2632,-0.3143,0.5,16.4599,inf,-0.0616
1787083839.735,seguindo,0.0654,-0.1,0.0511,-0.2632,-0.3143,0.5,16.4599,inf,-0.0616
1787083839.785,seguindo,0.063,-0.1023,0.0479,-0.2553,-0.3032,0.5,16.4629,inf,-0.0646
1787083839.835,seguindo,0.063,-0.1023,0.0479,-0.2553,-0.3032,0.5,16.4629,inf,-0.0646
1787083839.885,seguindo,0.0605,-0.1003,0.0492,-0.259,-0.3082,0.5,16.4618,inf,-0.0637
1787083839.935,seguindo,0.0605,-0.1003,0.0492,-0.259,-0.3082,0.5,16.4618,inf,-0.0637
1787083839.985,seguindo,0.06,-0.0999,0.0486,-0.2596,-0.3082,0.5,16.4617,inf,-0.0635
1787083840.035,seguindo,0.06,-0.0999,0.0486,-0.2596,-0.3082,0.5,16.4617,inf,-0.0635
1787083840.085,seguindo,0.0588,-0.0979,0.0491,-0.2642,-0.3133,0.5,16.4602,inf,-0.0621
1787083840.135,seguindo,0.0588,-0.0979,0.0491,-0.2642,-0.3133,0.5,16.4602,inf,-0.0621
1787083840.185,seguindo,0.0603,-0.1008,0.0484,-0.2576,-0.306,0.5,16.4623,inf,-0.0642
1787083840.235,seguindo,0.0603,-0.1008,0.0484,-0.2576,-0.306,0.5,16.4623,inf,-0.0642
1787083840.285,seguindo,0.061,-0.1007,0.0494,-0.2582,-0.3076,0.5,16.4621,inf,-0.0639
1787083840.335,seguindo,0.061,-0.1007,0.0494,-0.2582,-0.3076,0.5,16.4621,inf,-0.0639
1787083840.385,seguindo,0.0616,-0.1006,0.0428,-0.2588,-0.3016,0.5,16.4618,inf,-0.0636
1787083840.435,seguindo,0.0616,-0.1006,0.0428,-0.2588,-0.3016,0.5,16.4618,inf,-0.0636
1787083840.485,seguindo,0.0627,-0.0998,0.0422,-0.2619,-0.3041,0.5,16.4606,inf,-0.0624
1787083840.535,seguindo,0.0627,-0.0998,0.0422,-0.2619,-0.3041,0.5,16.4606,inf,-0.0624
1787083840.585,seguindo,0.0645,-0.0977,0.0405,-0.2687,-0.3092,0.5,16.458,inf,-0.0598
1787083840.635,seguindo,0.0645,-0.0977,0.0405,-0.2687,-0.3092,0.5,16.458,inf,-0.0598
1787083840.685,seguindo,0.065,-0.0971,0.044,-0.2707,-0.3148,0.5,16.4573,inf,-0.059
1787083840.735,seguindo,0.065,-0.0971,0.044,-0.2707,-0.3148,0.5,16.4573,inf,-0.059
1787083840.785,seguindo,0.0638,-0.0947,0.0406,-0.2763,-0.317,0.5,16.4554,inf,-0.0572
1787083840.835,seguindo,0.0638,-0.0947,0.0406,-0.2763,-0.317,0.5,16.4554,inf,-0.0572
1787083840.885,seguindo,0.0684,-0.0975,0.0441,-0.2724,-0.3165,0.5,16.4564,inf,-0.058
1787083840.935,seguindo,0.0684,-0.0975,0.0441,-0.2724,-0.3165,0.5,16.4564,inf,-0.058
1787083840.986,seguindo,0.0693,-0.0997,0.0433,-0.2668,-0.3101,0.5,16.4583,inf,-0.0598
1787083841.036,seguindo,0.0693,-0.0997,0.0433,-0.2668,-0.3101,0.5,16.4583,inf,-0.0598
1787083841.085,seguindo,0.0712,-0.1022,0.0458,-0.2615,-0.3072,0.5,16.4599,inf,-0.0613
1787083841.135,seguindo,0.0712,-0.1022,0.0458,-0.2615,-0.3072,0.5,16.4599,inf,-0.0613
1787083841.185,seguindo,0.0707,-0.1036,0.0429,-0.2572,-0.3001,0.5,16.4614,inf,-0.0628
1787083841.235,seguindo,0.0707,-0.1036,0.0429,-0.2572,-0.3001,0.5,16.4614,inf,-0.0628
1787083841.285,seguindo,0.0713,-0.1046,0.0432,-0.255,-0.2982,0.5,16.4621,inf,-0.0635
1787083841.335,seguindo,0.0713,-0.1046,0.0432,-0.255,-0.2982,0.5,16.4621,inf,-0.0635
1787083841.385,seguindo,0.0691,-0.1051,0.0441,-0.2522,-0.2963,0.5,16.4633,inf,-0.0648
1787083841.435,seguindo,0.0691,-0.1051,0.0441,-0.2522,-0.2963,0.5,16.4633,inf,-0.0648
1787083841.485,seguindo,0.066,-0.1056,0.0447,-0.2486,-0.2933,0.5,16.4648,inf,-0.0664
1787083841.535,seguindo,0.066,-0.1056,0.0447,-0.2486,-0.2933,0.5,16.4648,inf,-0.0664
1787083841.585,seguindo,0.0702,-0.1043,0.0449,-0.255,-0.2999,0.5,16.4622,inf,-0.0637
1787083841.635,seguindo,0.0702,-0.1043,0.0449,-0.255,-0.2999,0.5,16.4622,inf,-0.0637
1787083841.689,seguindo,0.068,-0.1027,0.0396,-0.3886,-0.4282,0.5,16.4614,inf,-0.0086
1787083841.735,seguindo,0.068,-0.1027,0.0396,-0.3886,-0.4282,0.5,16.4614,inf,-0.0086
1787083841.785,seguindo,0.0716,-0.1018,0.0434,-0.3943,-0.4377,0.5,16.4594,inf,-0.0062
1787083841.835,seguindo,0.0716,-0.1018,0.0434,-0.3943,-0.4377,0.5,16.4594,inf,-0.0062
1787083841.885,seguindo,0.0679,-0.0986,0.0427,-0.3983,-0.441,0.5,16.4577,inf,-0.0052
1787083841.935,seguindo,0.0679,-0.0986,0.0427,-0.3983,-0.441,0.5,16.4577,inf,-0.0052
1787083841.985,seguindo,0.0672,-0.0968,0.0415,-0.4019,-0.4434,0.5,16.4563,inf,-0.004
1787083842.035,seguindo,0.0672,-0.0968,0.0415,-0.4019,-0.4434,0.5,16.4563,inf,-0.004
1787083842.085,seguindo,0.0679,-0.0975,0.0409,-0.4009,-0.4418,0.5,16.4567,inf,-0.0043
1787083842.135,seguindo,0.0679,-0.0975,0.0409,-0.4009,-0.4418,0.5,16.4567,inf,-0.0043
1787083842.185,seguindo,0.0706,-0.0998,0.0426,-0.3981,-0.4408,0.5,16.4579,inf,-0.0049
1787083842.235,seguindo,0.0706,-0.0998,0.0426,-0.3981,-0.4408,0.5,16.4579,inf,-0.0049
1787083842.285,seguindo,0.0682,-0.0995,0.0411,-0.3964,-0.4375,0.5,16.4584,inf,-0.0059
1787083842.335,seguindo,0.0682,-0.0995,0.0411,-0.3964,-0.4375,0.5,16.4584,inf,-0.0059
1787083842.385,seguindo,0.069,-0.1026,0.0434,-0.3897,-0.4331,0.5,16.461,inf,-0.0081
1787083842.435,seguindo,0.069,-0.1026,0.0434,-0.3897,-0.4331,0.5,16.461,inf,-0.0081
1787083842.485,seguindo,0.0698,-0.1043,0.0412,-0.3862,-0.4274,0.5,16.4624,inf,-0.0092
1787083842.535,seguindo,0.0698,-0.1043,0.0412,-0.3862,-0.4274,0.5,16.4624,inf,-0.0092
1787083842.585,seguindo,0.0687,-0.105,0.0414,-0.3836,-0.4251,0.5,16.4633,inf,-0.0103
1787083842.635,seguindo,0.0687,-0.105,0.0414,-0.3836,-0.4251,0.5,16.4633,inf,-0.0103
1787083842.685,seguindo,0.0686,-0.1047,0.0419,-0.3841,-0.426,0.5,16.4631,inf,-0.0102
1787083842.735,seguindo,0.0686,-0.1047,0.0419,-0.3841,-0.426,0.5,16.4631,inf,-0.0102
1787083842.785,seguindo,0.0674,-0.1046,0.0419,-0.3831,-0.4251,0.5,16.4635,inf,-0.0107
1787083842.835,seguindo,0.0674,-0.1046,0.0419,-0.3831,-0.4251,0.5,16.4635,inf,-0.0107
1787083842.885,seguindo,0.0708,-0.1055,0.044,-0.3844,-0.4283,0.5,16.4631,inf,-0.0098
1787083842.935,seguindo,0.0708,-0.1055,0.044,-0.3844,-0.4283,0.5,16.4631,inf,-0.0098
1787083842.985,seguindo,0.0739,-0.1053,0.0395,-0.388,-0.4275,0.5,16.4618,inf,-0.0081
1787083843.035,seguindo,0.0739,-0.1053,0.0395,-0.388,-0.4275,0.5,16.4618,inf,-0.0081
1787083843.085,seguindo,0.0749,-0.1058,0.0402,-0.3876,-0.4278,0.5,16.462,inf,-0.0081
1787083843.135,seguindo,0.0749,-0.1058,0.0402,-0.3876,-0.4278,0.5,16.462,inf,-0.0081
1787083843.185,seguindo,0.0766,-0.1031,0.0395,-0.3963,-0.4357,0.5,16.4588,inf,-0.0048
1787083843.235,seguindo,0.0766,-0.1031,0.0395,-0.3963,-0.4357,0.5,16.4588,inf,-0.0048
1787083843.285,seguindo,0.0814,-0.1013,0.04,-0.4059,-0.4459,0.5,16.4555,inf,-0.0009
1787083843.335,seguindo,0.0814,-0.1013,0.04,-0.4059,-0.4459,0.5,16.4555,inf,-0.0009
1787083843.385,seguindo,0.0817,-0.0994,0.0348,-0.4111,-0.4459,0.5,16.4536,inf,0.0009
1787083843.435,seguindo,0.0817,-0.0994,0.0348,-0.4111,-0.4459,0.5,16.4536,inf,0.0009
1787083843.485,seguindo,0.0831,-0.1016,0.0354,-0.407,-0.4424,0.5,16.4552,inf,-0.0003
1787083843.535,seguindo,0.0831,-0.1016,0.0354,-0.407,-0.4424,0.5,16.4552,inf,-0.0003
1787083843.585,seguindo,0.0801,-0.1036,0.0334,-0.3987,-0.4322,0.5,16.4581,inf,-0.0035
1787083843.635,seguindo,0.0801,-0.1036,0.0334,-0.3987,-0.4322,0.5,16.4581,inf,-0.0035
1787083843.702,seguindo,0.0823,-0.1055,0.0362,-0.1647,-0.2009,0.5,16.4591,0.9306,-0.0342
1787083843.735,seguindo,0.0823,-0.1055,0.0362,-0.1647,-0.2009,0.5,16.4591,0.9306,-0.0342
1787083843.785,seguindo,0.0772,-0.1067,0.0314,-0.1627,-0.1941,0.5,16.462,0.9306,-0.0356
1787083843.835,seguindo,0.0772,-0.1067,0.0314,-0.1627,-0.1941,0.5,16.462,0.9306,-0.0356
1787083843.885,seguindo,0.0743,-0.1078,0.0354,-0.1612,-0.1966,0.5,16.464,0.9306,-0.0368
1787083843.935,seguindo,0.0743,-0.1078,0.0354,-0.1612,-0.1966,0.5,16.464,0.9306,-0.0368
1787083843.986,seguindo,0.0737,-0.1069,0.0311,-0.162,-0.1931,0.5,16.4634,0.9306,-0.0359
1787083844.035,seguindo,0.0737,-0.1069,0.0311,-0.162,-0.1931,0.5,16.4634,0.9306,-0.0359
1787083844.085,seguindo,0.0713,-0.1071,0.0338,-0.1614,-0.1951,0.5,16.4645,0.9306,-0.0363
1787083844.135,seguindo,0.0713,-0.1071,0.0338,-0.1614,-0.1951,0.5,16.4645,0.9306,-0.0363
1787083844.185,seguindo,0.0703,-0.108,0.0301,-0.1604,-0.1905,0.5,16.4656,0.9306,-0.0372
1787083844.235,seguindo,0.0703,-0.108,0.0301,-0.1604,-0.1905,0.5,16.4656,0.9306,-0.0372
1787083844.285,seguindo,0.0683,-0.1074,0.0313,-0.1607,-0.192,0.5,16.4658,0.9306,-0.0367
1787083844.335,seguindo,0.0683,-0.1074,0.0313,-0.1607,-0.192,0.5,16.4658,0.9306,-0.0367
1787083844.385,seguindo,0.0669,-0.1045,0.0321,-0.1633,-0.1954,0.5,16.4635,0.9306,-0.0339
1787083844.435,seguindo,0.0669,-0.1045,0.0321,-0.1633,-0.1954,0.5,16.4635,0.9306,-0.0339
1787083844.485,seguindo,0.07,-0.1056,0.0321,-0.1626,-0.1948,0.5,16.4635,0.9306,-0.0349
1787083844.535,seguindo,0.07,-0.1056,0.0321,-0.1626,-0.1948,0.5,16.4635,0.9306,-0.0349
1787083844.585,seguindo,0.0687,-0.1041,0.0315,-0.1639,-0.1955,0.5,16.4625,0.9306,-0.0334
1787083844.635,seguindo,0.0687,-0.1041,0.0315,-0.1639,-0.1955,0.5,16.4625,0.9306,-0.0334
1787083844.685,seguindo,0.0696,-0.1037,0.0309,-0.1644,-0.1953,0.5,16.4619,0.9306,-0.033
1787083844.735,seguindo,0.0696,-0.1037,0.0309,-0.1644,-0.1953,0.5,16.4619,0.9306,-0.033
1787083844.785,seguindo,0.0692,-0.1023,0.0326,-0.1658,-0.1983,0.5,16.4606,0.9306,-0.0316
1787083844.835,seguindo,0.0692,-0.1023,0.0326,-0.1658,-0.1983,0.5,16.4606,0.9306,-0.0316
1787083844.885,seguindo,0.0675,-0.1032,0.0307,-0.1646,-0.1953,0.5,16.4622,0.9306,-0.0326
1787083844.935,seguindo,0.0675,-0.1032,0.0307,-0.1646,-0.1953,0.5,16.4622,0.9306,-0.0326
1787083844.985,seguindo,0.0684,-0.1002,0.0312,-0.1677,-0.1989,0.5,16.459,0.9306,-0.0295
1787083845.035,seguindo,0.0684,-0.1002,0.0312,-0.1677,-0.1989,0.5,16.459,0.9306,-0.0295
1787083845.085,seguindo,0.0691,-0.1005,0.0342,-0.1675,-0.2017,0.5,16.459,0.9306,-0.0298
1787083845.135,seguindo,0.0691,-0.1005,0.0342,-0.1675,-0.2017,0.5,16.459,0.9306,-0.0298
1787083845.185,seguindo,0.0725,-0.1031,0.0342,-0.1655,-0.1997,0.5,16.4603,0.9306,-0.0322
1787083845.235,seguindo,0.0725,-0.1031,0.0342,-0.1655,-0.1997,0.5,16.4603,0.9306,-0.0322
1787083845.285,seguindo,0.0765,-0.1055,0.036,-0.1638,-0.1997,0.5,16.4612,0.9306,-0.0345
1787083845.335,seguindo,0.0765,-0.1055,0.036,-0.1638,-0.1997,0.5,16.4612,0.9306,-0.0345
1787083845.385,seguindo,0.0756,-0.1046,0.0338,-0.1646,-0.1984,0.5,16.4606,0.9306,-0.0335
1787083845.435,seguindo,0.0756,-0.1046,0.0338,-0.1646,-0.1984,0.5,16.4606,0.9306,-0.0335
1787083845.485,seguindo,0.0794,-0.1063,0.036,-0.1635,-0.1995,0.5,16.4609,0.9306,-0.0351
1787083845.535,seguindo,0.0794,-0.1063,0.036,-0.1635,-0.1995,0.5,16.4609,0.9306,-0.0351
1787083845.585,seguindo,0.0779,-0.1077,0.0372,-0.1618,-0.199,0.5,16.4627,0.9306,-0.0366
1787083845.635,seguindo,0.0779,-0.1077,0.0372,-0.1618,-0.199,0.5,16.4627,0.9306,-0.0366
1787083845.703,seguindo,0.0777,-0.109,0.0319,-0.2399,-0.2718,0.3953,16.464,0.3953,-0.0378
1787083845.735,seguindo,0.0777,-0.109,0.0319,-0.2399,-0.2718,0.3953,16.464,0.3953,-0.0378
1787083845.785,seguindo,0.0762,-0.1091,0.0358,-0.2394,-0.2752,0.3953,16.4646,0.3953,-0.038
1787083845.835,seguindo,0.0762,-0.1091,0.0358,-0.2394,-0.2752,0.3953,16.4646,0.3953,-0.038
1787083845.885,seguindo,0.0761,-0.1061,0.0356,-0.2424,-0.278,0.3953,16.4618,0.3953,-0.0351
1787083845.935,seguindo,0.0761,-0.1061,0.0356,-0.2424,-0.278,0.3953,16.4618,0.3953,-0.0351
1787083845.985,seguindo,0.0761,-0.1063,0.0353,-0.2422,-0.2774,0.3953,16.4621,0.3953,-0.0353
1787083846.035,seguindo,0.0761,-0.1063,0.0353,-0.2422,-0.2774,0.3953,16.4621,0.3953,-0.0353
1787083846.085,seguindo,0.0744,-0.1033,0.0358,-0.2448,-0.2805,0.3953,16.4598,0.3953,-0.0324
1787083846.135,seguindo,0.0744,-0.1033,0.0358,-0.2448,-0.2805,0.3953,16.4598,0.3953,-0.0324
1787083846.185,seguindo,0.0745,-0.1042,0.0326,-0.2439,-0.2766,0.3953,16.4606,0.3953,-0.0332
1787083846.235,seguindo,0.0745,-0.1042,0.0326,-0.2439,-0.2766,0.3953,16.4606,0.3953,-0.0332
1787083846.285,seguindo,0.075,-0.1031,0.0337,-0.2452,-0.2789,0.3953,16.4594,0.3953,-0.0321
1787083846.335,seguindo,0.075,-0.1031,0.0337,-0.2452,-0.2789,0.3953,16.4594,0.3953,-0.0321
1787083846.385,seguindo,0.0764,-0.1057,0.0317,-0.2429,-0.2746,0.3953,16.4614,0.3953,-0.0346
1787083846.435,seguindo,0.0764,-0.1057,0.0317,-0.2429,-0.2746,0.3953,16.4614,0.3953,-0.0346
1787083846.485,seguindo,0.0778,-0.1031,0.0346,-0.2458,-0.2804,0.3953,16.4584,0.3953,-0.032
1787083846.535,seguindo,0.0778,-0.1031,0.0346,-0.2458,-0.2804,0.3953,16.4584,0.3953,-0.032
1787083846.585,seguindo,0.0754,-0.1027,0.0315,-0.2456,-0.2772,0.3953,16.4589,0.3953,-0.0317
1787083846.635,seguindo,0.0754,-0.1027,0.0315,-0.2456,-0.2772,0.3953,16.4589,0.3953,-0.0317
1787083846.685,seguindo,0.0776,-0.1032,0.0357,-0.2457,-0.2814,0.3953,16.4586,0.3953,-0.0321
1787083846.735,seguindo,0.0776,-0.1032,0.0357,-0.2457,-0.2814,0.3953,16.4586,0.3953,-0.0321
1787083846.785,seguindo,0.0775,-0.1031,0.0336,-0.2458,-0.2794,0.3953,16.4585,0.3953,-0.032
1787083846.835,seguindo,0.0775,-0.1031,0.0336,-0.2458,-0.2794,0.3953,16.4585,0.3953,-0.032
1787083846.885,seguindo,0.0736,-0.103,0.0334,-0.2449,-0.2783,0.3953,16.4598,0.3953,-0.0321
1787083846.935,seguindo,0.0736,-0.103,0.0334,-0.2449,-0.2783,0.3953,16.4598,0.3953,-0.0321
1787083846.985,seguindo,0.0757,-0.1017,0.0346,-0.2468,-0.2814,0.3953,16.4578,0.3953,-0.0306
1787083847.035,seguindo,0.0757,-0.1017,0.0346,-0.2468,-0.2814,0.3953,16.4578,0.3953,-0.0306
1787083847.086,seguindo,0.0723,-0.1051,0.0329,-0.2425,-0.2754,0.3953,16.4622,0.3953,-0.0342
1787083847.135,seguindo,0.0723,-0.1051,0.0329,-0.2425,-0.2754,0.3953,16.4622,0.3953,-0.0342
1787083847.185,seguindo,0.0721,-0.1041,0.0345,-0.2434,-0.2779,0.3953,16.4614,0.3953,-0.0333
1787083847.235,seguindo,0.0721,-0.1041,0.0345,-0.2434,-0.2779,0.3953,16.4614,0.3953,-0.0333
1787083847.285,seguindo,0.0744,-0.1028,0.0347,-0.2453,-0.28,0.3953,16.4594,0.3953,-0.0319
1787083847.335,seguindo,0.0744,-0.1028,0.0347,-0.2453,-0.28,0.3953,16.4594,0.3953,-0.0319
1787083847.385,seguindo,0.0747,-0.1026,0.0332,-0.2456,-0.2787,0.3953,16.4591,0.3953,-0.0316
1787083847.435,seguindo,0.0747,-0.1026,0.0332,-0.2456,-0.2787,0.3953,16.4591,0.3953,-0.0316
1787083847.485,seguindo,0.0742,-0.1018,0.0337,-0.2463,-0.28,0.3953,16.4585,0.3953,-0.0308
1787083847.535,seguindo,0.0742,-0.1018,0.0337,-0.2463,-0.28,0.3953,16.4585,0.3953,-0.0308
1787083847.585,seguindo,0.0729,-0.1039,0.0334,-0.2438,-0.2773,0.3953,16.4609,0.3953,-0.033
1787083847.635,seguindo,0.0729,-0.1039,0.0334,-0.2438,-0.2773,0.3953,16.4609,0.3953,-0.033
1787083847.688,seguindo,0.0733,-0.1042,0.0355,-0.2436,-0.2792,0.3953,16.461,0.3953,-0.0333
1787083847.735,seguindo,0.0733,-0.1042,0.0355,-0.2375,-0.273,0.372,16.461,0.372,-0.0333
1787083847.785,seguindo,0.0737,-0.1042,0.0338,-0.2376,-0.2714,0.372,16.4609,0.372,-0.0333
1787083847.835,seguindo,0.0737,-0.1042,0.0338,-0.2376,-0.2714,0.372,16.4609,0.372,-0.0333
1787083847.885,seguindo,0.0725,-0.103,0.0312,-0.2385,-0.2696,0.372,16.4602,0.372,-0.0322
1787083847.935,seguindo,0.0725,-0.103,0.0312,-0.2385,-0.2696,0.372,16.4602,0.372,-0.0322
1787083847.985,seguindo,0.0725,-0.1057,0.0335,-0.2358,-0.2693,0.372,16.4627,0.372,-0.0348
1787083848.035,seguindo,0.0725,-0.1057,0.0335,-0.2358,-0.2693,0.372,16.4627,0.372,-0.0348
1787083848.085,seguindo,0.0721,-0.1006,0.0344,-0.2408,-0.2753,0.372,16.4581,0.372,-0.0297
1787083848.135,seguindo,0.0721,-0.1006,0.0344,-0.2408,-0.2753,0.372,16.4581,0.372,-0.0297
1787083848.185,seguindo,0.0703,-0.0995,0.0342,-0.2415,-0.2757,0.372,16.4577,0.372,-0.0288
1787083848.235,seguindo,0.0703,-0.0995,0.0342,-0.2415,-0.2757,0.372,16.4577,0.372,-0.0288
1787083848.285,seguindo,0.0684,-0.0983,0.0308,-0.2422,-0.273,0.372,16.4572,0.372,-0.0276
1787083848.335,seguindo,0.0684,-0.0983,0.0308,-0.2422,-0.273,0.372,16.4572,0.372,-0.0276
1787083848.385,seguindo,0.0698,-0.1008,0.0355,-0.2401,-0.2756,0.372,16.4591,0.372,-0.0301
1787083848.435,seguindo,0.0698,-0.1008,0.0355,-0.2401,-0.2756,0.372,16.4591,0.372,-0.0301
1787083848.485,seguindo,0.0685,-0.0988,0.0338,-0.2418,-0.2756,0.372,16.4576,0.372,-0.0281
1787083848.535,seguindo,0.0685,-0.0988,0.0338,-0.2418,-0.2756,0.372,16.4576,0.372,-0.0281
1787083848.585,seguindo,0.0709,-0.1002,0.0343,-0.2409,-0.2752,0.372,16.4581,0.372,-0.0294
1787083848.635,seguindo,0.0709,-0.1002,0.0343,-0.2409,-0.2752,0.372,16.4581,0.372,-0.0294
1787083848.685,seguindo,0.0704,-0.1009,0.0337,-0.2401,-0.2738,0.372,16.4589,0.372,-0.0301
1787083848.735,seguindo,0.0704,-0.1009,0.0337,-0.2401,-0.2738,0.372,16.4589,0.372,-0.0301
1787083848.785,seguindo,0.0707,-0.1028,0.0308,-0.2382,-0.2691,0.372,16.4607,0.372,-0.0321
1787083848.835,seguindo,0.0707,-0.1028,0.0308,-0.2382,-0.2691,0.372,16.4607,0.372,-0.0321
1787083848.885,seguindo,0.0721,-0.1015,0.035,-0.2399,-0.275,0.372,16.4589,0.372,-0.0307
1787083848.935,seguindo,0.0721,-0.1015,0.035,-0.2399,-0.275,0.372,16.4589,0.372,-0.0307
1787083848.985,seguindo,0.074,-0.101,0.0344,-0.2409,-0.2753,0.372,16.4578,0.372,-0.0301
1787083849.035,seguindo,0.074,-0.101,0.0344,-0.2409,-0.2753,0.372,16.4578,0.372,-0.0301
1787083849.085,seguindo,0.0744,-0.0984,0.0313,-0.2436,-0.2749,0.372,16.4552,0.372,-0.0274
1787083849.135,seguindo,0.0744,-0.0984,0.0313,-0.2436,-0.2749,0.372,16.4552,0.372,-0.0274
1787083849.185,seguindo,0.0756,-0.1,0.0341,-0.2423,-0.2765,0.372,16.4563,0.372,-0.0289
1787083849.235,seguindo,0.0756,-0.1,0.0341,-0.2423,-0.2765,0.372,16.4563,0.372,-0.0289
1787083849.285,seguindo,0.0756,-0.1003,0.0325,-0.242,-0.2745,0.372,16.4566,0.372,-0.0293
1787083849.335,seguindo,0.0756,-0.1003,0.0325,-0.242,-0.2745,0.372,16.4566,0.372,-0.0293
1787083849.385,seguindo,0.0727,-0.0999,0.0346,-0.2417,-0.2763,0.372,16.4572,0.372,-0.029
1787083849.435,seguindo,0.0727,-0.0999,0.0346,-0.2417,-0.2763,0.372,16.4572,0.372,-0.029
1787083849.485,seguindo,0.0714,-0.1004,0.035,-0.2408,-0.2759,0.372,16.4582,0.372,-0.0296
1787083849.535,seguindo,0.0714,-0.1004,0.035,-0.2408,-0.2759,0.372,16.4582,0.372,-0.0296
1787083849.585,seguindo,0.0741,-0.1006,0.0346,-0.2413,-0.2759,0.372,16.4574,0.372,-0.0297
1787083849.635,seguindo,0.0741,-0.1006,0.0346,-0.2413,-0.2759,0.372,16.4574,0.372,-0.0297
1787083849.685,seguindo,0.0754,-0.1001,0.0362,-0.2422,-0.2784,0.372,16.4564,0.372,-0.0291
1787083850.692,seguindo,0.0688,-0.1035,0.0326,-0.2038,-0.2364,0.5,16.462,0.8872,-0.0224
1787083850.735,seguindo,0.0688,-0.1035,0.0326,-0.2038,-0.2364,0.5,16.462,0.8872,-0.0224
1787083850.785,seguindo,0.0679,-0.101,0.0326,-0.2061,-0.2386,0.5,16.4599,0.8872,-0.0202
1787083850.836,seguindo,0.0679,-0.101,0.0326,-0.2061,-0.2386,0.5,16.4599,0.8872,-0.0202
1787083850.885,seguindo,0.0681,-0.0995,0.0299,-0.2076,-0.2374,0.5,16.4585,0.8872,-0.0188
1787083850.935,seguindo,0.0681,-0.0995,0.0299,-0.2076,-0.2374,0.5,16.4585,0.8872,-0.0188
1787083850.985,seguindo,0.0681,-0.1015,0.0308,-0.2057,-0.2365,0.5,16.4603,0.8872,-0.0206
1787083851.035,seguindo,0.0681,-0.1015,0.0308,-0.2057,-0.2365,0.5,16.4603,0.8872,-0.0206
1787083851.085,seguindo,0.0705,-0.1055,0.0354,-0.2022,-0.2376,0.5,16.4633,0.8872,-0.0238
1787083851.135,seguindo,0.0705,-0.1055,0.0354,-0.2022,-0.2376,0.5,16.4633,0.8872,-0.0238
1787083851.185,seguindo,0.0723,-0.1054,0.0336,-0.2026,-0.2362,0.5,16.4625,0.8872,-0.0232
1787083851.235,seguindo,0.0723,-0.1054,0.0336,-0.2026,-0.2362,0.5,16.4625,0.8872,-0.0232
1787083851.285,seguindo,0.0729,-0.1046,0.0329,-0.2035,-0.2365,0.5,16.4616,0.8872,-0.0223
1787083851.335,seguindo,0.0729,-0.1046,0.0329,-0.2035,-0.2365,0.5,16.4616,0.8872,-0.0223
1787083851.385,seguindo,0.0755,-0.1025,0.0333,-0.2061,-0.2394,0.5,16.4587,0.8872,-0.0195
1787083851.435,seguindo,0.0755,-0.1025,0.0333,-0.2061,-0.2394,0.5,16.4587,0.8872,-0.0195
1787083851.485,seguindo,0.0768,-0.1025,0.0329,-0.2064,-0.2393,0.5,16.4582,0.8872,-0.0191
1787083851.535,seguindo,0.0768,-0.1025,0.0329,-0.2064,-0.2393,0.5,16.4582,0.8872,-0.0191
1787083851.585,seguindo,0.0759,-0.1016,0.0339,-0.2071,-0.241,0.5,16.4577,0.8872,-0.0185
1787083851.635,seguindo,0.0759,-0.1016,0.0339,-0.2071,-0.241,0.5,16.4577,0.8872,-0.0185
1787083851.685,seguindo,0.0788,-0.1036,0.0345,-0.2057,-0.2402,0.5,16.4586,0.8872,-0.0196
1787083851.735,seguindo,0.0788,-0.1036,0.0345,-0.2057,-0.2402,0.5,16.4586,0.8872,-0.0196
1787083851.785,seguindo,0.0786,-0.1041,0.0359,-0.2052,-0.2411,0.5,16.4591,0.8872,-0.0201
1787083851.835,seguindo,0.0786,-0.1041,0.0359,-0.2052,-0.2411,0.5,16.4591,0.8872,-0.0201
1787083851.885,seguindo,0.0773,-0.1043,0.0354,-0.2048,-0.2402,0.5,16.4597,0.8872,-0.0207
1787083851.935,seguindo,0.0773,-0.1043,0.0354,-0.2048,-0.2402,0.5,16.4597,0.8872,-0.0207
1787083851.985,seguindo,0.0749,-0.1063,0.0313,-0.2023,-0.2336,0.5,16.4624,0.8872,-0.0233
1787083852.035,seguindo,0.0749,-0.1063,0.0313,-0.2023,-0.2336,0.5,16.4624,0.8872,-0.0233
1787083852.085,seguindo,0.0733,-0.1089,0.0338,-0.1994,-0.2332,0.5,16.4654,0.8872,-0.0262
1787083852.135,seguindo,0.0733,-0.1089,0.0338,-0.1994,-0.2332,0.5,16.4654,0.8872,-0.0262
1787083852.185,seguindo,0.0719,-0.105,0.0333,-0.203,-0.2362,0.5,16.4623,0.8872,-0.0229
1787083852.235,seguindo,0.0719,-0.105,0.0333,-0.203,-0.2362,0.5,16.4623,0.8872,-0.0229
1787083852.285,seguindo,0.0707,-0.1035,0.0334,-0.2042,-0.2376,0.5,16.4613,0.8872,-0.0218
1787083852.335,seguindo,0.0707,-0.1035,0.0334,-0.2042,-0.2376,0.5,16.4613,0.8872,-0.0218
1787083852.385,seguindo,0.0737,-0.1032,0.0316,-0.205,-0.2367,0.5,16.46,0.8872,-0.0207
1787083852.435,seguindo,0.0737,-0.1032,0.0316,-0.205,-0.2367,0.5,16.46,0.8872,-0.0207
1787083852.485,seguindo,0.0766,-0.1035,0.0332,-0.2054,-0.2386,0.5,16.4592,0.8872,-0.0201
1787083852.535,seguindo,0.0766,-0.1035,0.0332,-0.2054,-0.2386,0.5,16.4592,0.8872,-0.0201
1787083852.585,seguindo,0.0736,-0.1013,0.0333,-0.2069,-0.2403,0.5,16.4582,0.8872,-0.0189
1787083852.635,seguindo,0.0736,-0.1013,0.0333,-0.2069,-0.2403,0.5,16.4582,0.8872,-0.0189
1787083852.694,seguindo,0.0712,-0.1019,0.0323,-0.1078,-0.1401,0.5,16.4596,1.1399,-0.0529
1787083852.735,seguindo,0.0712,-0.1019,0.0323,-0.1078,-0.1401,0.5,16.4596,1.1399,-0.0529
1787083852.785,seguindo,0.0732,-0.1018,0.0337,-0.1081,-0.1418,0.5,16.4588,1.1399,-0.0519
1787083852.835,seguindo,0.0732,-0.1018,0.0337,-0.1081,-0.1418,0.5,16.4588,1.1399,-0.0519
1787083852.885,seguindo,0.0738,-0.1025,0.0336,-0.1075,-0.1411,0.5,16.4593,1.1399,-0.0522
1787083852.935,seguindo,0.0738,-0.1025,0.0336,-0.1075,-0.1411,0.5,16.4593,1.1399,-0.0522
1787083852.985,seguindo,0.0723,-0.1015,0.0322,-0.1083,-0.1404,0.5,16.4589,1.1399,-0.052
1787083853.035,seguindo,0.0723,-0.1015,0.0322,-0.1083,-0.1404,0.5,16.4589,1.1399,-0.052
1787083853.085,seguindo,0.0734,-0.1042,0.0325,-0.1058,-0.1383,0.5,16.461,1.1399,-0.0539
1787083853.135,seguindo,0.0734,-0.1042,0.0325,-0.1058,-0.1383,0.5,16.461,1.1399,-0.0539
1787083853.185,seguindo,0.0741,-0.1055,0.0341,-0.1046,-0.1387,0.5,16.462,1.1399,-0.0547
1787083853.235,seguindo,0.0741,-0.1055,0.0341,-0.1046,-0.1387,0.5,16.462,1.1399,-0.0547
1787083853.285,seguindo,0.0738,-0.1052,0.0355,-0.1049,-0.1404,0.5,16.4618,1.1399,-0.0546
1787083853.335,seguindo,0.0738,-0.1052,0.0355,-0.1049,-0.1404,0.5,16.4618,1.1399,-0.0546
1787083853.385,seguindo,0.0736,-0.1065,0.0343,-0.1037,-0.138,0.5,16.4631,1.1399,-0.0558
1787083853.435,seguindo,0.0736,-0.1065,0.0343,-0.1037,-0.138,0.5,16.4631,1.1399,-0.0558
1787083853.485,seguindo,0.0755,-0.1093,0.0329,-0.1012,-0.1341,0.5,16.465,1.1399,-0.0574
1787083853.535,seguindo,0.0755,-0.1093,0.0329,-0.1012,-0.1341,0.5,16.465,1.1399,-0.0574
1787083853.585,seguindo,0.0725,-0.1054,0.0328,-0.1046,-0.1374,0.5,16.4624,1.1399,-0.0554
1787083853.635,seguindo,0.0725,-0.1054,0.0328,-0.1046,-0.1374,0.5,16.4624,1.1399,-0.0554
1787083853.685,seguindo,0.0721,-0.1055,0.0369,-0.1045,-0.1414,0.5,16.4627,1.1399,-0.0556
1787083853.735,seguindo,0.0721,-0.1055,0.0369,-0.1045,-0.1414,0.5,16.4627,1.1399,-0.0556
1787083853.785,seguindo,0.0681,-0.1017,0.0348,-0.1266,-0.1614,0.5,16.4605,1.2801,-0.0542
1787083853.835,seguindo,0.0681,-0.1017,0.0348,-0.1266,-0.1614,0.5,16.4605,1.2801,-0.0542
1787083853.885,seguindo,0.069,-0.1017,0.0328,-0.1267,-0.1596,0.5,16.4602,1.2801,-0.0537
1787083853.935,seguindo,0.069,-0.1017,0.0328,-0.1267,-0.1596,0.5,16.4602,1.2801,-0.0537
1787083853.985,seguindo,0.0668,-0.1005,0.0348,-0.1276,-0.1624,0.5,16.4598,1.2801,-0.0537
1787083854.035,seguindo,0.0668,-0.1005,0.0348,-0.1276,-0.1624,0.5,16.4598,1.2801,-0.0537
1787083854.085,seguindo,0.0685,-0.0987,0.0331,-0.1296,-0.1627,0.5,16.4576,1.2801,-0.0513
1787083854.135,seguindo,0.0685,-0.0987,0.0331,-0.1296,-0.1627,0.5,16.4576,1.2801,-0.0513
1787083854.185,seguindo,0.0705,-0.0997,0.0335,-0.1289,-0.1624,0.5,16.4578,1.2801,-0.0512
1787083854.235,seguindo,0.0705,-0.0997,0.0335,-0.1289,-0.1624,0.5,16.4578,1.2801,-0.0512
1787083854.285,seguindo,0.0721,-0.1005,0.0339,-0.1092,-0.1431,0.5,16.458,1.1399,-0.0513
1787083854.335,seguindo,0.0721,-0.1005,0.0339,-0.1092,-0.1431,0.5,16.458,1.1399,-0.0513
1787083854.385,seguindo,0.0738,-0.1019,0.0337,-0.108,-0.1417,0.5,16.4587,1.1399,-0.0517
1787083854.435,seguindo,0.0738,-0.1019,0.0337,-0.108,-0.1417,0.5,16.4587,1.1399,-0.0517
1787083854.485,seguindo,0.0726,-0.1004,0.0317,-0.1093,-0.141,0.5,16.4577,1.1399,-0.0509
1787083854.535,seguindo,0.0726,-0.1004,0.0317,-0.1093,-0.141,0.5,16.4577,1.1399,-0.0509
1787083854.585,seguindo,0.0768,-0.1058,0.0335,-0.1046,-0.1382,0.5,16.4613,1.1399,-0.0537
1787083854.635,seguindo,0.0768,-0.1058,0.0335,-0.1046,-0.1382,0.5,16.4613,1.1399,-0.0537
1787083854.693,seguindo,0.079,-0.108,0.0367,-0.2087,-0.2454,0.5,16.4626,0.7947,-0.0189
1787083854.735,seguindo,0.079,-0.108,0.0367,-0.2087,-0.2454,0.5,16.4626,0.7947,-0.0189
1787083854.785,seguindo,0.0778,-0.1103,0.0357,-0.2063,-0.242,0.5,16.4652,0.7947,-0.0214
1787083854.835,seguindo,0.0778,-0.1103,0.0357,-0.2063,-0.242,0.5,16.4652,0.7947,-0.0214
1787083854.885,seguindo,0.0788,-0.1093,0.0326,-0.2074,-0.24,0.5,16.4639,0.7947,-0.0202
1787083854.935,seguindo,0.0788,-0.1093,0.0326,-0.2074,-0.24,0.5,16.4639,0.7947,-0.0202
1787083854.985,seguindo,0.0808,-0.1098,0.0345,-0.2074,-0.2419,0.5,16.4637,0.7947,-0.0198
1787083855.035,seguindo,0.0808,-0.1098,0.0345,-0.2074,-0.2419,0.5,16.4637,0.7947,-0.0198
1787083855.085,seguindo,0.0783,-0.1095,0.0307,-0.2071,-0.2379,0.5,16.4642,0.7947,-0.0205
1787083855.135,seguindo,0.0783,-0.1095,0.0307,-0.2071,-0.2379,0.5,16.4642,0.7947,-0.0205
1787083855.185,seguindo,0.078,-0.1084,0.0311,-0.2081,-0.2393,0.5,16.4633,0.7947,-0.0196
1787083855.235,seguindo,0.078,-0.1084,0.0311,-0.2081,-0.2393,0.5,16.4633,0.7947,-0.0196
1787083855.285,seguindo,0.0746,-0.1079,0.0321,-0.208,-0.2401,0.5,16.464,0.7947,-0.0204
1787083855.335,seguindo,0.0746,-0.1079,0.0321,-0.208,-0.2401,0.5,16.464,0.7947,-0.0204
1787083855.385,seguindo,0.074,-0.1065,0.0346,-0.2092,-0.2438,0.5,16.4629,0.7947,-0.0193
1787083855.435,seguindo,0.074,-0.1065,0.0346,-0.2092,-0.2438,0.5,16.4629,0.7947,-0.0193
1787083855.485,seguindo,0.0674,-0.104,0.0327,-0.2102,-0.243,0.5,16.4629,0.7947,-0.0196
1787083855.535,seguindo,0.0674,-0.104,0.0327,-0.2102,-0.243,0.5,16.4629,0.7947,-0.0196
1787083855.585,seguindo,0.0667,-0.1023,0.0334,-0.2118,-0.2452,0.5,16.4615,0.7947,-0.0182
1787083855.635,seguindo,0.0667,-0.1023,0.0334,-0.2118,-0.2452,0.5,16.4615,0.7947,-0.0182
1787083855.685,seguindo,0.0631,-0.1025,0.0303,-0.2108,-0.241,0.5,16.463,0.7947,-0.0197
1787083855.735,seguindo,0.0631,-0.1025,0.0303,-0.2108,-0.241,0.5,16.463,0.7947,-0.0197
1787083855.785,seguindo,0.0643,-0.0987,0.0328,-0.2147,-0.2475,0.5,16.4591,0.7947,-0.0158
1787083855.835,seguindo,0.0643,-0.0987,0.0328,-0.2147,-0.2475,0.5,16.4591,0.7947,-0.0158
1787083855.886,seguindo,0.0643,-0.0948,0.0321,-0.2185,-0.2506,0.5,16.4553,0.7947,-0.012
1787083855.935,seguindo,0.0643,-0.0948,0.0321,-0.2185,-0.2506,0.5,16.4553,0.7947,-0.012
1787083855.985,seguindo,0.0679,-0.0944,0.0317,-0.2196,-0.2513,0.5,16.4538,0.7947,-0.0105
1787083856.035,seguindo,0.0679,-0.0944,0.0317,-0.2196,-0.2513,0.5,16.4538,0.7947,-0.0105
1787083856.085,seguindo,0.0676,-0.0972,0.033,-0.2169,-0.2499,0.5,16.4564,0.7947,-0.0131
1787083856.135,seguindo,0.0676,-0.0972,0.033,-0.2169,-0.2499,0.5,16.4564,0.7947,-0.0131
1787083856.185,seguindo,0.0714,-0.1005,0.0315,-0.2145,-0.246,0.5,16.4582,0.7947,-0.0148
1787083856.235,seguindo,0.0714,-0.1005,0.0315,-0.2145,-0.246,0.5,16.4582,0.7947,-0.0148
1787083856.285,seguindo,0.0728,-0.0992,0.0302,-0.216,-0.2461,0.5,16.4566,0.7947,-0.0131
1787083856.335,seguindo,0.0728,-0.0992,0.0302,-0.216,-0.2461,0.5,16.4566,0.7947,-0.0131
1787083856.385,seguindo,0.0748,-0.0992,0.0304,-0.2164,-0.2468,0.5,16.4558,0.7947,-0.0123
1787083856.435,seguindo,0.0748,-0.0992,0.0304,-0.2164,-0.2468,0.5,16.4558,0.7947,-0.0123
1787083856.485,seguindo,0.0741,-0.1027,0.0322,-0.2129,-0.2451,0.5,16.4593,0.7947,-0.0158
1787083856.535,seguindo,0.0741,-0.1027,0.0322,-0.2129,-0.2451,0.5,16.4593,0.7947,-0.0158
1787083856.585,seguindo,0.0743,-0.1013,0.0331,-0.2143,-0.2474,0.5,16.458,0.7947,-0.0144
1787083856.635,seguindo,0.0743,-0.1013,0.0331,-0.2143,-0.2474,0.5,16.458,0.7947,-0.0144
1787083856.685,seguindo,0.0768,-0.1021,0.032,-0.2141,-0.2461,0.5,16.4578,0.7947,-0.0142
1787083857.685,seguindo,0.0746,-0.1021,0.0327,-0.1926,-0.2253,0.5,16.4586,1.1572,-0.0497
1787083857.735,seguindo,0.0746,-0.1021,0.0327,-0.1563,-0.189,0.5,16.4586,1.1016,-0.0504
1787083857.785,seguindo,0.0726,-0.1025,0.0315,-0.1556,-0.1872,0.5,16.4597,1.1016,-0.0517
1787083857.835,seguindo,0.0726,-0.1025,0.0315,-0.1556,-0.1872,0.5,16.4597,1.1016,-0.0517
1787083857.885,seguindo,0.0744,-0.1059,0.0337,-0.1527,-0.1864,0.5,16.4622,1.1016,-0.0538
1787083857.935,seguindo,0.0744,-0.1059,0.0337,-0.1527,-0.1864,0.5,16.4622,1.1016,-0.0538
1787083857.985,seguindo,0.0756,-0.1048,0.0339,-0.1539,-0.1879,0.5,16.4607,1.1016,-0.0522
1787083858.035,seguindo,0.0756,-0.1048,0.0339,-0.1539,-0.1879,0.5,16.4607,1.1016,-0.0522
1787083858.085,seguindo,0.0741,-0.1085,0.0324,-0.1502,-0.1825,0.5,16.4648,1.1016,-0.0563
1787083858.135,seguindo,0.0741,-0.1085,0.0324,-0.1502,-0.1825,0.5,16.4648,1.1016,-0.0563
1787083858.185,seguindo,0.0771,-0.1067,0.0349,-0.1523,-0.1872,0.5,16.4621,1.1016,-0.0533
1787083858.235,seguindo,0.0771,-0.1067,0.0349,-0.1523,-0.1872,0.5,16.4621,1.1016,-0.0533
1787083858.285,seguindo,0.0744,-0.1054,0.0327,-0.1532,-0.1858,0.5,16.4617,1.1016,-0.0533
1787083858.335,seguindo,0.0744,-0.1054,0.0327,-0.1532,-0.1858,0.5,16.4617,1.1016,-0.0533
1787083858.385,seguindo,0.0754,-0.1069,0.0348,-0.1519,-0.1867,0.5,16.4628,1.1016,-0.0542
1787083858.435,seguindo,0.0754,-0.1069,0.0348,-0.1519,-0.1867,0.5,16.4628,1.1016,-0.0542
1787083858.485,seguindo,0.0758,-0.1079,0.0342,-0.151,-0.1852,0.5,16.4636,1.1016,-0.0549
1787083858.535,seguindo,0.0758,-0.1079,0.0342,-0.151,-0.1852,0.5,16.4636,1.1016,-0.0549
1787083858.585,seguindo,0.076,-0.1093,0.0341,-0.1497,-0.1837,0.5,16.4649,1.1016,-0.056
1787083858.635,seguindo,0.076,-0.1093,0.0341,-0.1497,-0.1837,0.5,16.4649,1.1016,-0.056
1787083858.685,seguindo,0.0765,-0.1086,0.0332,-0.1504,-0.1836,0.5,16.4641,1.1016,-0.0552
1787083858.735,seguindo,0.0765,-0.1086,0.0332,-0.1504,-0.1836,0.5,16.4641,1.1016,-0.0552
1787083858.785,seguindo,0.0762,-0.109,0.0331,-0.15,-0.183,0.5,16.4646,1.1016,-0.0557
1787083858.835,seguindo,0.0762,-0.109,0.0331,-0.15,-0.183,0.5,16.4646,1.1016,-0.0557
1787083858.885,seguindo,0.0781,-0.1083,0.0369,-0.1509,-0.1878,0.5,16.4632,1.1016,-0.0542
1787083858.935,seguindo,0.0781,-0.1083,0.0369,-0.1509,-0.1878,0.5,16.4632,1.1016,-0.0542
1787083858.985,seguindo,0.0791,-0.1084,0.0375,-0.151,-0.1885,0.5,16.4629,1.1016,-0.0537
1787083859.035,seguindo,0.0791,-0.1084,0.0375,-0.151,-0.1885,0.5,16.4629,1.1016,-0.0537
1787083859.085,seguindo,0.0786,-0.1043,0.0343,-0.1548,-0.1892,0.5,16.4593,1.1016,-0.0504
1787083859.135,seguindo,0.0786,-0.1043,0.0343,-0.1548,-0.1892,0.5,16.4593,1.1016,-0.0504
1787083859.185,seguindo,0.0766,-0.1071,0.0342,-0.1518,-0.186,0.5,16.4626,1.1016,-0.0539
1787083859.235,seguindo,0.0766,-0.1071,0.0342,-0.1518,-0.186,0.5,16.4626,1.1016,-0.0539
1787083859.285,seguindo,0.0746,-0.1061,0.0345,-0.1525,-0.187,0.5,16.4624,1.1016,-0.0539
1787083859.336,seguindo,0.0746,-0.1061,0.0345,-0.1525,-0.187,0.5,16.4624,1.1016,-0.0539
1787083859.385,seguindo,0.0733,-0.104,0.0336,-0.1543,-0.1879,0.5,16.4609,1.1016,-0.0527
1787083859.435,seguindo,0.0733,-0.104,0.0336,-0.1543,-0.1879,0.5,16.4609,1.1016,-0.0527
1787083859.485,seguindo,0.0742,-0.1026,0.033,-0.1557,-0.1887,0.5,16.4593,1.1016,-0.0511
1787083859.535,seguindo,0.0742,-0.1026,0.033,-0.1557,-0.1887,0.5,16.4593,1.1016,-0.0511
1787083859.585,seguindo,0.0749,-0.0995,0.0348,-0.1588,-0.1936,0.5,16.4561,1.1016,-0.048
1787083859.635,seguindo,0.0749,-0.0995,0.0348,-0.1588,-0.1936,0.5,16.4561,1.1016,-0.048
1787083859.696,seguindo,0.0756,-0.1018,0.0366,-0.1306,-0.1672,0.5,16.458,1.0295,-0.0497
1787083859.735,seguindo,0.0756,-0.1018,0.0366,-0.1306,-0.1672,0.5,16.458,1.0295,-0.0497
1787083859.785,seguindo,0.0789,-0.1044,0.0339,-0.1285,-0.1624,0.5,16.4593,1.0295,-0.0504
1787083859.835,seguindo,0.0789,-0.1044,0.0339,-0.1285,-0.1624,0.5,16.4593,1.0295,-0.0504
1787083859.885,seguindo,0.081,-0.1062,0.0345,-0.127,-0.1615,0.5,16.4602,1.0295,-0.051
1787083859.935,seguindo,0.081,-0.1062,0.0345,-0.127,-0.1615,0.5,16.4602,1.0295,-0.051
1787083859.985,seguindo,0.0798,-0.1061,0.0311,-0.127,-0.1581,0.5,16.4606,1.0295,-0.0514
1787083860.035,seguindo,0.0798,-0.1061,0.0311,-0.127,-0.1581,0.5,16.4606,1.0295,-0.0514
1787083860.085,seguindo,0.0785,-0.1081,0.0329,-0.125,-0.1579,0.5,16.4628,1.0295,-0.0538
1787083860.135,seguindo,0.0785,-0.1081,0.0329,-0.125,-0.1579,0.5,16.4628,1.0295,-0.0538
1787083860.185,seguindo,0.0801,-0.1085,0.0339,-0.1247,-0.1586,0.5,16.4627,1.0295,-0.0534
1787083860.235,seguindo,0.0801,-0.1085,0.0339,-0.1247,-0.1586,0.5,16.4627,1.0295,-0.0534
1787083860.285,seguindo,0.0786,-0.1073,0.0336,-0.1257,-0.1594,0.5,16.4621,1.0295,-0.053
1787083860.335,seguindo,0.0786,-0.1073,0.0336,-0.1257,-0.1594,0.5,16.4621,1.0295,-0.053
1787083860.385,seguindo,0.0794,-0.1075,0.0349,-0.1256,-0.1606,0.5,16.462,1.0295,-0.0528
1787083860.435,seguindo,0.0794,-0.1075,0.0349,-0.1256,-0.1606,0.5,16.462,1.0295,-0.0528
1787083860.485,seguindo,0.0781,-0.1069,0.0316,-0.1261,-0.1577,0.5,16.4619,1.0295,-0.0529
1787083860.535,seguindo,0.0781,-0.1069,0.0316,-0.1261,-0.1577,0.5,16.4619,1.0295,-0.0529
1787083860.585,seguindo,0.0765,-0.1052,0.0336,-0.1275,-0.161,0.5,16.4609,1.0295,-0.0522
1787083860.635,seguindo,0.0765,-0.1052,0.0336,-0.1275,-0.161,0.5,16.4609,1.0295,-0.0522
1787083860.685,seguindo,0.0738,-0.1069,0.0315,-0.1255,-0.1571,0.5,16.4634,1.0295,-0.055
1787083860.735,seguindo,0.0738,-0.1069,0.0315,-0.1255,-0.1571,0.5,16.4634,1.0295,-0.055
1787083860.785,seguindo,0.0741,-0.104,0.0333,-0.1284,-0.1617,0.5,16.4605,1.0295,-0.0523
1787083860.835,seguindo,0.0741,-0.104,0.0333,-0.1284,-0.1617,0.5,16.4605,1.0295,-0.0523
1787083860.885,seguindo,0.0719,-0.1051,0.0325,-0.127,-0.1595,0.5,16.4624,1.0295,-0.0544
1787083860.935,seguindo,0.0719,-0.1051,0.0325,-0.127,-0.1595,0.5,16.4624,1.0295,-0.0544
1787083860.985,seguindo,0.0753,-0.103,0.0359,-0.1294,-0.1654,0.5,16.4592,1.0295,-0.0509
1787083861.035,seguindo,0.0753,-0.103,0.0359,-0.1294,-0.1654,0.5,16.4592,1.0295,-0.0509
1787083861.085,seguindo,0.0724,-0.1044,0.0323,-0.1278,-0.16,0.5,16.4615,1.0295,-0.0535
1787083861.135,seguindo,0.0724,-0.1044,0.0323,-0.1278,-0.16,0.5,16.4615,1.0295,-0.0535
1787083861.185,seguindo,0.075,-0.1045,0.0335,-0.128,-0.1615,0.5,16.4607,1.0295,-0.0523
1787083861.235,seguindo,0.075,-0.1045,0.0335,-0.128,-0.1615,0.5,16.4607,1.0295,-0.0523
1787083861.285,seguindo,0.076,-0.107,0.0328,-0.1257,-0.1585,0.5,16.4628,1.0295,-0.0541
1787083861.335,seguindo,0.076,-0.107,0.0328,-0.1257,-0.1585,0.5,16.4628,1.0295,-0.0541
1787083861.385,seguindo,0.0811,-0.1108,0.0374,-0.1227,-0.1601,0.5,16.4644,1.0295,-0.0549
1787083861.435,seguindo,0.0811,-0.1108,0.0374,-0.1227,-0.1601,0.5,16.4644,1.0295,-0.0549
1787083861.485,seguindo,0.0787,-0.1101,0.0334,-0.123,-0.1565,0.5,16.4647,1.0295,-0.0555
1787083861.535,seguindo,0.0787,-0.1101,0.0334,-0.123,-0.1565,0.5,16.4647,1.0295,-0.0555
1787083861.585,seguindo,0.0782,-0.1083,0.0354,-0.1247,-0.1601,0.5,16.4631,1.0295,-0.0541
1787083861.635,seguindo,0.0782,-0.1083,0.0354,-0.1247,-0.1601,0.5,16.4631,1.0295,-0.0541
1787083861.699,seguindo,0.079,-0.1088,0.0346,-0.168,-0.2027,0.5,16.4633,1.2054,-0.0273
1787083861.735,seguindo,0.079,-0.1088,0.0346,-0.168,-0.2027,0.5,16.4633,1.2054,-0.0273
1787083861.785,seguindo,0.0787,-0.1079,0.0348,-0.1689,-0.2037,0.5,16.4626,1.2054,-0.0266
1787083861.837,seguindo,0.0787,-0.1079,0.0348,-0.1689,-0.2037,0.5,16.4626,1.2054,-0.0266
1787083861.885,seguindo,0.0755,-0.1053,0.0349,-0.1709,-0.2058,0.5,16.4613,1.2054,-0.0249
1787083861.935,seguindo,0.0755,-0.1053,0.0349,-0.1709,-0.2058,0.5,16.4613,1.2054,-0.0249
1787083861.985,seguindo,0.0716,-0.1045,0.0325,-0.171,-0.2035,0.5,16.4619,1.2054,-0.0251
1787083862.035,seguindo,0.0716,-0.1045,0.0325,-0.171,-0.2035,0.5,16.4619,1.2054,-0.0251
1787083862.085,seguindo,0.0715,-0.1035,0.0354,-0.172,-0.2074,0.5,16.461,1.2054,-0.0242
1787083862.135,seguindo,0.0715,-0.1035,0.0354,-0.172,-0.2074,0.5,16.461,1.2054,-0.0242
1787083862.185,seguindo,0.0724,-0.1057,0.0346,-0.1699,-0.2045,0.5,16.4628,1.2054,-0.0261
1787083862.235,seguindo,0.0724,-0.1057,0.0346,-0.1699,-0.2045,0.5,16.4628,1.2054,-0.0261
1787083862.285,seguindo,0.0728,-0.1059,0.0326,-0.1698,-0.2023,0.5,16.4629,1.2054,-0.0262
1787083862.335,seguindo,0.0728,-0.1059,0.0326,-0.1698,-0.2023,0.5,16.4629,1.2054,-0.0262
1787083862.385,seguindo,0.0714,-0.1066,0.0313,-0.1689,-0.2002,0.5,16.464,1.2054,-0.0272
1787083862.436,seguindo,0.0714,-0.1066,0.0313,-0.1689,-0.2002,0.5,16.464,1.2054,-0.0272
1787083862.485,seguindo,0.072,-0.1079,0.0331,-0.1678,-0.2008,0.5,16.4649,1.2054,-0.0282
1787083862.535,seguindo,0.072,-0.1079,0.0331,-0.1678,-0.2008,0.5,16.4649,1.2054,-0.0282
1787083862.585,seguindo,0.0709,-0.107,0.0338,-0.1684,-0.2022,0.5,16.4645,1.2054,-0.0277
1787083862.635,seguindo,0.0709,-0.107,0.0338,-0.1684,-0.2022,0.5,16.4645,1.2054,-0.0277
1787083862.685,seguindo,0.0732,-0.1049,0.0367,-0.1709,-0.2076,0.5,16.4617,1.2054,-0.0251
1787083862.735,seguindo,0.0732,-0.1049,0.0367,-0.1728,-0.2095,0.5,16.4617,1.3667,-0.023
1787083862.785,seguindo,0.071,-0.1042,0.0352,-0.173,-0.2082,0.5,16.4618,1.3667,-0.0229
1787083862.835,seguindo,0.071,-0.1042,0.0352,-0.173,-0.2082,0.5,16.4618,1.3667,-0.0229
1787083862.885,seguindo,0.074,-0.1046,0.0372,-0.1732,-0.2104,0.5,16.4611,1.3667,-0.0225
1787083862.935,seguindo,0.074,-0.1046,0.0372,-0.1732,-0.2104,0.5,16.4611,1.3667,-0.0225
1787083862.985,seguindo,0.0725,-0.1033,0.0358,-0.1741,-0.2099,0.5,16.4605,1.3667,-0.0217
1787083863.035,seguindo,0.0725,-0.1033,0.0358,-0.1741,-0.2099,0.5,16.4605,1.3667,-0.0217
1787083863.085,seguindo,0.0728,-0.1056,0.0339,-0.172,-0.2059,0.5,16.4625,1.3667,-0.0237
1787083863.135,seguindo,0.0728,-0.1056,0.0339,-0.172,-0.2059,0.5,16.4625,1.3667,-0.0237
1787083863.185,seguindo,0.0739,-0.1081,0.0354,-0.1697,-0.2051,0.5,16.4645,1.3667,-0.0259
1787083863.235,seguindo,0.0739,-0.1081,0.0354,-0.1697,-0.2051,0.5,16.4645,1.3667,-0.0259
1787083863.285,seguindo,0.0764,-0.109,0.0357,-0.1692,-0.2049,0.5,16.4644,1.3667,-0.026
1787083863.335,seguindo,0.0764,-0.109,0.0357,-0.1692,-0.2049,0.5,16.4644,1.3667,-0.026
1787083863.385,seguindo,0.0748,-0.1045,0.0381,-0.1734,-0.2115,0.5,16.4608,1.3667,-0.0221
1787083863.435,seguindo,0.0748,-0.1045,0.0381,-0.1734,-0.2115,0.5,16.4608,1.3667,-0.0221
1787083863.485,seguindo,0.0715,-0.1013,0.0357,-0.176,-0.2117,0.5,16.4589,1.3667,-0.02
1787083863.535,seguindo,0.0715,-0.1013,0.0357,-0.176,-0.2117,0.5,16.4589,1.3667,-0.02
1787083863.585,seguindo,0.0712,-0.0968,0.0353,-0.1804,-0.2157,0.5,16.4548,1.3667,-0.0158
1787083863.635,seguindo,0.0712,-0.0968,0.0353,-0.1804,-0.2157,0.5,16.4548,1.3667,-0.0158
1787083863.685,seguindo,0.0717,-0.0985,0.0326,-0.1788,-0.2114,0.5,16.4562,1.3667,-0.0173
1787083863.735,seguindo,0.0717,-0.0985,0.0326,-0.1788,-0.2114,0.5,16.4562,1.3667,-0.0173
1787083863.785,seguindo,0.0735,-0.0971,0.0332,-0.1804,-0.2136,0.5,16.4543,1.3667,-0.0155
1787083863.835,seguindo,0.0735,-0.0971,0.0332,-0.1804,-0.2136,0.5,16.4543,1.3667,-0.0155
1787083863.885,seguindo,0.0726,-0.0955,0.035,-0.1819,-0.2169,0.5,16.4531,1.3667,-0.0141
1787083863.936,seguindo,0.0726,-0.0955,0.035,-0.1819,-0.2169,0.5,16.4531,1.3667,-0.0141
1787083863.985,seguindo,0.0698,-0.0943,0.0342,-0.1826,-0.2168,0.5,16.453,1.3667,-0.0138
1787083864.035,seguindo,0.0698,-0.0943,0.0342,-0.1826,-0.2168,0.5,16.453,1.3667,-0.0138
1787083864.085,seguindo,0.0719,-0.0965,0.0326,-0.1808,-0.2134,0.5,16.4543,1.3667,-0.0153
1787083864.135,seguindo,0.0719,-0.0965,0.0326,-0.1808,-0.2134,0.5,16.4543,1.3667,-0.0153
1787083864.185,seguindo,0.0745,-0.0968,0.0333,-0.1809,-0.2142,0.5,16.4537,1.3667,-0.0149
1787083864.235,seguindo,0.0745,-0.0968,0.0333,-0.1809,-0.2142,0.5,16.4537,1.3667,-0.0149
1787083864.285,seguindo,0.0769,-0.098,0.0343,-0.1802,-0.2145,0.5,16.4539,1.3667,-0.0153
1787083864.335,seguindo,0.0769,-0.098,0.0343,-0.1802,-0.2145,0.5,16.4539,1.3667,-0.0153
1787083864.385,seguindo,0.0774,-0.1016,0.0322,-0.1767,-0.2089,0.5,16.4572,1.3667,-0.0187
1787083864.435,seguindo,0.0774,-0.1016,0.0322,-0.1767,-0.2089,0.5,16.4572,1.3667,-0.0187
1787083864.485,seguindo,0.0764,-0.1022,0.0325,-0.1759,-0.2085,0.5,16.4581,1.3667,-0.0195
1787083864.535,seguindo,0.0764,-0.1022,0.0325,-0.1759,-0.2085,0.5,16.4581,1.3667,-0.0195
1787083864.585,seguindo,0.0782,-0.1044,0.0356,-0.1741,-0.2097,0.5,16.4595,1.3667,-0.0211
1787083864.635,seguindo,0.0782,-0.1044,0.0356,-0.1741,-0.2097,0.5,16.4595,1.3667,-0.0211
1787083864.685,seguindo,0.0762,-0.1038,0.0335,-0.1744,-0.2079,0.5,16.4596,1.3667,-0.0211
