t,x,y,yaw,dist,plano_n,rumo_alvo,erro_rumo,raw_v,raw_wz,saida_v,saida_wz,mux_v,mux_wz,key_v
0.0,0.1271,-0.0002,-0.1126,7.1024,0,,,0.0,0.0,0.5,0.0,0.5,0.0,0.0
0.049,0.1399,-0.0012,-0.1181,7.0922,112,,,0.0,0.0,0.5,0.0,0.5,0.0,0.0
0.099,0.1526,-0.0023,-0.1235,7.082,112,,,0.0,0.0,0.5,0.0,0.5,0.0,0.0
0.149,0.1715,-0.0041,-0.1309,7.067,112,,,0.0,0.0,0.5,0.0,0.5,0.0,0.0
0.199,0.1838,-0.0055,-0.1343,7.0573,112,,,0.0,0.0,0.5,0.0,0.5,0.0,0.0
0.25,0.19,-0.0062,-0.136,7.0525,112,,,0.0,0.0,0.5,0.0,0.5,0.0,0.0
0.299,0.202,-0.0077,-0.1373,7.0432,112,,,0.0,0.0,0.5,0.0,0.5,0.0,0.0
0.35,0.2137,-0.0094,-0.1364,7.0343,112,,,0.0,0.0,0.5,0.0,0.5,0.0,0.0
0.4,0.2253,-0.0111,-0.1354,7.0254,112,,,0.0,0.0,0.5,0.0,0.5,0.0,0.0
0.45,0.2366,-0.0128,-0.1325,7.0168,112,,,0.0,0.0,0.5,0.0,0.5,0.0,0.0
0.5,0.2479,-0.0146,-0.1295,7.0082,112,,,0.0,0.0,0.5,0.0,0.5,0.0,0.0
0.55,0.2536,-0.0154,-0.128,7.004,112,,,0.0,0.0,0.5,0.0,0.5,0.0,0.0
0.599,0.2649,-0.0171,-0.1252,6.9953,112,,,0.0,0.0,0.5,0.0,0.5,0.0,0.0
0.649,0.2819,-0.0195,-0.1209,6.9824,112,,,0.0,0.0,0.5,0.0,0.5,0.0,0.0
0.7,0.2933,-0.0211,-0.1182,6.9737,112,,,0.0,0.0,0.5,0.0,0.5,0.0,0.0
0.749,0.2933,-0.0211,-0.1182,6.9737,112,,,0.0,0.0,0.5,0.0,0.5,0.0,0.0
0.799,0.2933,-0.0211,-0.1182,6.9737,112,,,0.0,0.0,0.5,0.0,0.5,0.0,0.0
0.85,0.2933,-0.0211,-0.1182,6.9737,112,,,0.0,0.0,0.5,0.0,0.5,0.0,0.0
0.9,0.2933,-0.0211,-0.1182,6.9737,112,,,0.0,0.0,0.5,0.0,0.5,0.0,0.0
0.95,0.2933,-0.0211,-0.1182,6.9737,112,,,0.0,0.0,0.5,0.0,0.5,0.0,0.0
0.999,0.2933,-0.0211,-0.1182,6.9737,112,,,0.0,0.0,0.5,0.0,0.5,0.0,0.0
1.05,0.3793,-0.0319,-0.1016,6.9077,108,,,0.5,0.0,0.5,0.0,0.5,0.0,0.0
1.1,0.3908,-0.0332,-0.0999,6.8988,108,,,0.5,0.0,0.5,0.0,0.5,0.0,0.0
1.15,0.4024,-0.0345,-0.0983,6.8899,108,,,0.5,0.0,0.5,0.0,0.5,0.0,0.0
1.2,0.414,-0.0358,-0.0967,6.8809,108,,,0.5,0.0,0.5,0.0,0.5,0.0,0.0
1.25,0.4198,-0.0364,-0.0959,6.8765,108,,,0.5,0.0,0.5,0.0,0.5,0.0,0.0
1.3,0.4198,-0.0364,-0.0959,6.8765,108,,,0.5,0.0,0.5,0.0,0.5,0.0,0.0
1.349,0.4198,-0.0364,-0.0959,6.8765,108,,,0.5,0.0,0.5,0.0,0.5,0.0,0.0
1.4,0.4198,-0.0364,-0.0959,6.8765,108,,,0.5,0.0,0.5,0.0,0.5,0.0,0.0
1.45,0.4198,-0.0364,-0.0959,6.8765,108,,,0.5,0.0,0.5,0.0,0.5,0.0,0.0
1.501,0.4198,-0.0364,-0.0959,6.8765,108,,,0.5,0.0,0.5,0.0,0.5,0.0,0.0
1.549,0.4198,-0.0364,-0.0959,6.8765,108,,,0.5,0.0,0.5,0.0,0.5,0.0,0.0
1.6,0.5066,-0.0453,-0.083,6.8094,108,-0.0821,0.0008,0.5,0.0,0.5,0.0,0.5,0.0,0.0
1.65,0.5182,-0.0464,-0.0812,6.8004,108,-0.082,-0.0008,0.5,0.0,0.5,0.0,0.5,0.0,0.0
1.699,0.5297,-0.0474,-0.0794,6.7915,108,-0.0832,-0.0038,0.5,0.0,0.5,0.0,0.5,0.0,0.0
1.749,0.5471,-0.049,-0.0767,6.778,108,-0.0826,-0.0059,0.5,0.0,0.5,0.0,0.5,0.0,0.0
1.799,0.5587,-0.05,-0.0749,6.7691,108,-0.0824,-0.0076,0.5,0.0,0.5,0.0,0.5,0.0,0.0
1.849,0.576,-0.0515,-0.0721,6.7556,108,-0.0824,-0.0102,0.5,0.0,0.5,0.0,0.5,0.0,0.0
1.899,0.5876,-0.0525,-0.0703,6.7466,108,-0.0823,-0.012,0.5,0.0,0.5,0.0,0.5,0.0,0.0
1.949,0.5992,-0.0535,-0.0685,6.7377,108,-0.0823,-0.0138,0.5,0.0,0.5,0.0,0.5,0.0,0.0
2.006,0.6108,-0.0544,-0.0667,6.7287,107,-0.0809,-0.0141,0.5,0.0,0.5,0.0,0.5,0.0,0.0
2.051,0.6282,-0.0558,-0.064,6.7152,107,-0.0886,-0.0246,0.5,0.0,0.5,0.0,0.5,0.0,0.0
2.1,0.6397,-0.0566,-0.0623,6.7062,107,-0.0886,-0.0264,0.5,0.0,0.5,0.0,0.5,0.0,0.0
2.149,0.6513,-0.0575,-0.0605,6.6971,107,-0.084,-0.0236,0.5,0.0,0.5,0.0,0.5,0.0,0.0
2.2,0.6629,-0.0583,-0.0587,6.6881,107,-0.0842,-0.0256,0.5,0.0,0.5,0.0,0.5,0.0,0.0
2.249,0.6803,-0.0596,-0.056,6.6746,107,-0.0844,-0.0284,0.5,0.0,0.5,0.0,0.5,0.0,0.0
2.299,0.6919,-0.0603,-0.0542,6.6656,107,-0.0845,-0.0303,0.5,0.0,0.5,0.0,0.5,0.0,0.0
2.349,0.7035,-0.0611,-0.0524,6.6565,107,-0.0848,-0.0324,0.5,0.0,0.5,0.0,0.5,0.0,0.0
2.4,0.7209,-0.0622,-0.0497,6.643,107,-0.0851,-0.0353,0.5,0.0,0.5,0.0,0.5,0.0,0.0
2.449,0.7325,-0.0629,-0.0479,6.6339,107,-0.0797,-0.0317,0.5,0.0,0.5,0.0,0.5,0.0,0.0
2.5,0.7441,-0.0636,-0.0462,6.6249,107,-0.0799,-0.0337,0.5,0.0,0.5,0.0,0.5,0.0,0.0
2.55,0.7557,-0.0643,-0.0444,6.6158,107,-0.0799,-0.0355,0.5,0.0,0.5,0.0,0.5,0.0,0.0
2.599,0.7673,-0.0649,-0.0426,6.6067,107,-0.0802,-0.0377,0.5,0.0,0.5,0.0,0.5,0.0,0.0
2.651,0.7847,-0.0659,-0.0399,6.5931,107,-0.0805,-0.0406,0.5,0.0,0.5,0.0,0.5,0.0,0.0
2.7,0.7964,-0.0665,-0.0381,6.5841,107,-0.081,-0.0429,0.5,0.0,0.5,0.0,0.5,0.0,0.0
2.749,0.808,-0.0671,-0.0363,6.575,107,-0.0755,-0.0392,0.5,0.0,0.5,0.0,0.5,0.0,0.0
2.799,0.8196,-0.0676,-0.0345,6.5659,107,-0.1021,-0.0676,0.5,0.0,0.5,0.0,0.5,0.0,0.0
2.849,0.8312,-0.0682,-0.0327,6.5568,107,-0.1028,-0.07,0.5,0.0,0.5,0.0,0.5,0.0,0.0
2.899,0.8428,-0.0687,-0.0309,6.5477,107,-0.1037,-0.0728,0.5,0.0,0.5,0.0,0.5,0.0,0.0
2.949,0.8602,-0.0694,-0.0283,6.5341,107,-0.1044,-0.0762,0.5,0.0,0.5,0.0,0.5,0.0,0.0
3.0,0.8718,-0.0699,-0.0265,6.525,107,-0.1055,-0.0791,0.5,0.0,0.5,0.0,0.5,0.0,0.0
3.054,0.8834,-0.0703,-0.0247,6.5159,104,-0.1055,-0.0809,0.5,0.0,0.5,0.0,0.5,0.0,0.0
3.099,0.8951,-0.0707,-0.0229,6.5067,104,-0.0512,-0.0283,0.5,0.0,0.5,0.0,0.5,0.0,0.0
3.149,0.9067,-0.0711,-0.0211,6.4976,104,-0.0514,-0.0303,0.5,0.0,0.5,0.0,0.5,0.0,0.0
3.199,0.9241,-0.0717,-0.0184,6.4839,104,-0.0516,-0.0332,0.5,0.0,0.5,0.0,0.5,0.0,0.0
3.249,0.9357,-0.072,-0.0166,6.4748,104,-0.0568,-0.0402,0.5,0.0,0.5,0.0,0.5,0.0,0.0
3.3,0.9531,-0.0725,-0.0139,6.4611,104,-0.0573,-0.0433,0.5,0.0,0.5,0.0,0.5,0.0,0.0
3.349,0.9648,-0.0728,-0.0122,6.4519,104,-0.0576,-0.0455,0.5,0.0,0.5,0.0,0.5,0.0,0.0
3.399,0.9822,-0.0732,-0.0095,6.4382,104,-0.058,-0.0485,0.5,0.0,0.5,0.0,0.5,0.0,0.0
3.449,0.9938,-0.0735,-0.0077,6.429,104,-0.0586,-0.0509,0.5,0.0,0.5,0.0,0.5,0.0,0.0
3.5,1.0054,-0.0737,-0.0059,6.4199,104,-0.0652,-0.0593,0.5,0.0,0.5,0.0,0.5,0.0,0.0
3.549,1.017,-0.0739,-0.004,6.4107,104,-0.0652,-0.0611,0.5,0.0,0.5,0.0,0.5,0.0,0.0
3.599,1.0287,-0.0741,-0.0022,6.4016,104,-0.066,-0.0637,0.5,0.0,0.5,0.0,0.5,0.0,0.0
3.649,1.0461,-0.0743,0.0005,6.3878,104,-0.0665,-0.067,0.5,0.0,0.5,0.0,0.5,0.0,0.0
3.699,1.0577,-0.0745,0.0023,6.3786,104,-0.0674,-0.0697,0.5,0.0,0.5,0.0,0.5,0.0,0.0
3.749,1.0751,-0.0746,0.005,6.3648,104,-0.068,-0.073,0.5,0.0,0.5,0.0,0.5,0.0,0.0
3.799,1.0868,-0.0747,0.0068,6.3556,104,-0.0761,-0.0828,0.5,0.0,0.5,0.0,0.5,0.0,0.0
3.85,1.1042,-0.0748,0.0095,6.3418,104,-0.0769,-0.0863,0.5,0.0,0.5,0.0,0.5,0.0,0.0
3.899,1.1158,-0.0748,0.0112,6.3326,104,-0.0852,-0.0964,0.5,0.0,0.5,0.0,0.5,0.0,0.0
3.949,1.1274,-0.0748,0.013,6.3234,104,-0.0861,-0.0991,0.5,0.0,0.5,0.0,0.5,0.0,0.0
3.999,1.1449,-0.0748,0.0157,6.3096,104,-0.0875,-0.1032,0.5,0.0,0.5,0.0,0.5,0.0,0.0
4.049,1.1565,-0.0747,0.0175,6.3003,104,-0.0891,-0.1066,0.5,0.0,0.5,0.0,0.5,0.0,0.0
4.099,1.1739,-0.0746,0.0202,6.2865,98,-0.0902,-0.1103,0.5,0.0,0.5,0.0,0.5,0.0,0.0
4.149,1.1856,-0.0745,0.022,6.2772,98,-0.1197,-0.1416,0.5,0.0,0.5,0.0,0.5,0.0,0.0
4.199,1.203,-0.0743,0.0246,6.2634,98,-0.1218,-0.1465,0.5,0.0,0.5,0.0,0.5,0.0,0.0
4.249,1.2146,-0.0742,0.0264,6.2541,98,-0.1234,-0.1498,0.5,0.0,0.5,0.0,0.5,0.0,0.0
4.299,1.2321,-0.0739,0.0291,6.2402,98,-0.1255,-0.1547,0.5,0.0,0.5,0.0,0.5,0.0,0.0
4.349,1.2437,-0.0737,0.0309,6.231,98,-0.1271,-0.158,0.5,0.0,0.5,0.0,0.5,0.0,0.0
4.399,1.2611,-0.0734,0.0336,6.2171,98,-0.1295,-0.1631,0.5,0.0,0.5,0.0,0.5,0.0,0.0
4.449,1.2727,-0.0731,0.0354,6.2078,98,-0.1311,-0.1665,0.5,0.0,0.5,0.0,0.5,0.0,0.0
4.499,1.2902,-0.0727,0.0381,6.1939,98,-0.1337,-0.1718,0.5,0.0,0.5,0.0,0.5,0.0,0.0
4.549,1.3018,-0.0724,0.0399,6.1846,98,-0.1356,-0.1754,0.5,0.0,0.5,0.0,0.5,0.0,0.0
4.599,1.3134,-0.0721,0.0417,6.1753,98,-0.1369,-0.1785,0.5,0.0,0.5,0.0,0.5,0.0,0.0
4.649,1.3308,-0.0715,0.0443,6.1614,98,-0.1387,-0.183,0.5,0.0,0.5,0.0,0.5,0.0,0.0
4.699,1.3424,-0.0712,0.0461,6.1521,98,-0.1406,-0.1867,0.5,0.0,0.5,0.0,0.5,0.0,0.0
4.75,1.3599,-0.0705,0.0488,6.1381,98,-0.1425,-0.1914,0.5,0.0,0.5,0.0,0.5,0.0,0.0
4.8,1.3715,-0.0701,0.0506,6.1288,98,-0.1456,-0.1962,0.5,0.0,0.5,0.0,0.5,0.0,0.0
4.849,1.3889,-0.0694,0.0533,6.1148,98,-0.1449,-0.1982,0.5,0.0,0.5,0.0,0.5,0.0,0.0
4.9,1.4005,-0.0689,0.0551,6.1055,98,-0.148,-0.2031,0.5,0.0,0.5,0.0,0.5,0.0,0.0
4.95,1.4179,-0.0682,0.0578,6.0915,98,-0.1501,-0.2079,0.5,0.0,0.5,0.0,0.5,0.0,0.0
4.999,1.4295,-0.0676,0.0595,6.0822,98,-0.1534,-0.2129,0.5,0.0,0.5,0.0,0.5,0.0,0.0
5.049,1.4469,-0.0668,0.0622,6.0682,98,-0.1557,-0.2179,0.5,0.0,0.5,0.0,0.5,0.0,0.0
5.099,1.4586,-0.0662,0.064,6.0588,98,-0.1545,-0.2186,0.5,0.0,0.5,0.0,0.5,0.0,0.0
5.151,1.4702,-0.0656,0.0658,6.0495,95,-0.1568,-0.2226,0.5,0.0,0.5,0.0,0.5,0.0,0.0
5.199,1.4876,-0.0647,0.0685,6.0354,95,-0.1583,-0.2268,0.5,0.0,0.5,0.0,0.5,0.0,0.0
5.249,1.4992,-0.064,0.0703,6.0261,95,-0.1608,-0.2311,0.5,0.0,0.5,0.0,0.5,0.0,0.0
5.299,1.5166,-0.063,0.073,6.012,95,-0.1589,-0.2319,0.5,0.0,0.5,0.0,0.5,0.0,0.0
5.349,1.5282,-0.0623,0.0748,6.0026,95,-0.1614,-0.2361,0.5,0.0,0.5,0.0,0.5,0.0,0.0
5.399,1.5456,-0.0612,0.0774,5.9886,95,-0.1651,-0.2426,0.5,0.0,0.5,0.0,0.5,0.0,0.0
5.449,1.5572,-0.0604,0.0792,5.9792,95,-0.1677,-0.2469,0.5,0.0,0.5,0.0,0.5,0.0,0.0
5.499,1.5688,-0.0596,0.081,5.9698,95,-0.1718,-0.2528,0.5,0.0,0.5,0.0,0.5,0.0,0.0
5.55,1.5862,-0.0584,0.0837,5.9557,95,-0.1718,-0.2555,0.5,0.0,0.5,0.0,0.5,0.0,0.0
5.599,1.5978,-0.0575,0.0855,5.9463,95,-0.1656,-0.2511,0.5,0.0,0.5,0.0,0.5,0.0,0.0
5.651,1.6094,-0.0567,0.0873,5.9369,95,-0.1721,-0.2593,0.5,0.0,0.5,0.0,0.5,0.0,0.0
5.699,1.6267,-0.0554,0.09,5.9228,95,-0.1748,-0.2647,0.5,0.0,0.5,0.0,0.5,0.0,0.0
5.749,1.6383,-0.0545,0.0918,5.9134,95,-0.179,-0.2707,0.5,0.0,0.5,0.0,0.5,0.0,0.0
5.799,1.6557,-0.0531,0.0944,5.8993,95,-0.1819,-0.2763,0.5,0.0,0.5,0.0,0.5,0.0,0.0
5.849,1.6673,-0.0521,0.0962,5.8898,95,-0.1864,-0.2826,0.5,0.0,0.5,0.0,0.5,0.0,0.0
5.899,1.6847,-0.0506,0.0989,5.8757,95,-0.1758,-0.2747,0.4802,-0.4118,0.4802,-0.4118,0.4802,-0.4118,0.0
5.949,1.6962,-0.0496,0.1007,5.8662,95,-0.1801,-0.2808,0.4813,-0.406,0.4813,-0.406,0.4813,-0.406,0.0
6.0,1.7078,-0.0486,0.1025,5.8568,95,-0.183,-0.2855,0.4804,-0.4104,0.4804,-0.4104,0.4804,-0.4104,0.0
6.049,1.7194,-0.0475,0.1043,5.8474,95,-0.1876,-0.2919,0.4796,-0.4145,0.4796,-0.4145,0.4796,-0.4145,0.0
6.101,1.7367,-0.0459,0.107,5.8332,95,-0.1908,-0.2978,0.4787,-0.4191,0.4787,-0.4191,0.4787,-0.4191,0.0
6.15,1.7483,-0.0448,0.1088,5.8237,95,-0.1957,-0.3045,0.4779,-0.4233,0.4779,-0.4233,0.4787,-0.4191,0.0
6.2,1.7657,-0.0431,0.1115,5.8095,95,-0.1798,-0.2912,0.4769,-0.428,0.4779,-0.4233,0.4779,-0.4233,0.0
6.249,1.7772,-0.0419,0.1133,5.8001,90,-0.098,-0.2113,0.4788,-0.4187,0.4788,-0.4187,0.4788,-0.4187,0.0
6.299,1.7888,-0.0408,0.1152,5.7906,90,-0.1003,-0.2154,0.4888,-0.3569,0.4788,-0.4187,0.4788,-0.4187,0.0
6.349,1.801,-0.0391,0.1122,5.7804,90,-0.1043,-0.2165,0.4888,-0.3571,0.4888,-0.3569,0.4888,-0.3569,0.0
6.4,1.8133,-0.0375,0.1089,5.7701,90,-0.1043,-0.2133,0.4888,-0.3571,0.4888,-0.3571,0.4888,-0.3571,0.0
6.449,1.8255,-0.0357,0.1032,5.7597,90,-0.087,-0.1902,0.4887,-0.3577,0.4887,-0.3577,0.4887,-0.3577,0.0
6.5,1.8377,-0.0338,0.0947,5.7494,90,-0.0912,-0.1859,0.4893,-0.334,0.4893,-0.334,0.4893,-0.334,0.0
6.55,1.8499,-0.032,0.0862,5.739,90,-0.0941,-0.1803,0.4883,-0.3301,0.4893,-0.334,0.4893,-0.334,0.0
6.599,1.8681,-0.029,0.066,5.7234,90,-0.0783,-0.1443,0.4863,-0.3164,0.4863,-0.3164,0.4883,-0.3301,0.0
6.649,1.8803,-0.0271,0.0524,5.7131,90,-0.0812,-0.1336,0.4872,-0.2873,0.4872,-0.2873,0.4872,-0.2873,0.0
6.7,1.8925,-0.0251,0.0347,5.7027,90,-0.0812,-0.1158,0.4865,-0.2636,0.4872,-0.2873,0.4872,-0.2873,0.0
6.749,1.9047,-0.0234,0.0168,5.6924,90,-0.0621,-0.0788,0.4865,-0.2636,0.4865,-0.2636,0.4865,-0.2636,0.0
6.8,1.9233,-0.0212,-0.009,5.6771,90,-0.0645,-0.0555,0.5,0.0,0.5,0.0,0.5,0.0,0.0
6.849,1.936,-0.0202,-0.0244,5.667,90,-0.0678,-0.0434,0.5,0.0,0.5,0.0,0.5,0.0,0.0
6.899,1.9553,-0.0191,-0.0463,5.6519,90,-0.0696,-0.0234,0.5,0.0,0.5,0.0,0.5,0.0,0.0
6.949,1.9683,-0.0186,-0.0602,5.6421,90,-0.0721,-0.0119,0.5,0.0,0.5,0.0,0.5,0.0,0.0
7.0,1.9878,-0.0183,-0.0804,5.6274,90,-0.0735,0.0069,0.5,0.0,0.5,0.0,0.5,0.0,0.0
7.049,2.0009,-0.0184,-0.0934,5.6178,90,-0.0468,0.0466,0.5,0.0,0.5,0.0,0.5,0.0,0.0
7.1,2.0141,-0.0187,-0.106,5.6083,90,-0.0473,0.0587,0.5,0.0,0.5,0.0,0.5,0.0,0.0
7.149,2.0275,-0.0193,-0.117,5.5989,90,-0.0477,0.0693,0.5,0.0,0.5,0.0,0.5,0.0,0.0
7.199,2.0409,-0.0201,-0.1277,5.5896,90,-0.0477,0.08,0.5,0.0,0.5,0.0,0.5,0.0,0.0
7.249,2.0525,-0.021,-0.1348,5.5817,90,-0.0254,0.1095,0.5,0.0,0.5,0.0,0.5,0.0,0.0
7.299,2.0697,-0.0225,-0.1463,5.5701,90,0.0106,0.1569,0.5,0.0,0.5,0.0,0.5,0.0,0.0
7.349,2.0811,-0.0241,-0.1472,5.5629,90,0.0128,0.16,0.5,0.0,0.5,0.0,0.5,0.0,0.0
7.401,2.0981,-0.0266,-0.148,5.5522,90,0.0146,0.1626,0.5,0.0,0.5,0.0,0.5,0.0,0.0
7.449,2.1037,-0.0275,-0.1463,5.5488,90,0.0146,0.1609,0.5,0.0,0.5,0.0,0.5,0.0,0.0
7.499,2.115,-0.0295,-0.1424,5.5419,90,0.0176,0.16,0.5,0.0,0.5,0.0,0.5,0.0,0.0
7.55,2.1263,-0.0314,-0.1384,5.5351,90,0.0197,0.1581,0.5,0.0,0.5,0.0,0.5,0.0,0.0
7.6,2.1319,-0.0324,-0.1362,5.5317,90,0.0197,0.1559,0.5,0.0,0.5,0.0,0.5,0.0,0.0
7.649,2.1488,-0.0352,-0.1295,5.5214,90,0.0455,0.175,0.5,0.0,0.5,0.0,0.5,0.0,0.0
7.7,2.1601,-0.037,-0.1255,5.5144,90,0.0478,0.1733,0.5,0.0,0.5,0.0,0.5,0.0,0.0
7.749,2.1714,-0.0387,-0.122,5.5074,90,0.0512,0.1732,0.5,0.0,0.5,0.0,0.5,0.0,0.0
7.799,2.1885,-0.0411,-0.1178,5.4968,90,0.0534,0.1712,0.5,0.0,0.5,0.0,0.5,0.0,0.0
7.849,2.1999,-0.0426,-0.1158,5.4896,90,0.0567,0.1724,0.5,0.0,0.5,0.0,0.5,0.0,0.0
7.899,2.2172,-0.0448,-0.1129,5.4788,90,0.0833,0.1962,0.5,0.0,0.5,0.0,0.5,0.0,0.0
7.949,2.2288,-0.0462,-0.1112,5.4715,90,0.0868,0.198,0.5,0.0,0.5,0.0,0.5,0.0,0.0
8.0,2.2461,-0.0483,-0.1088,5.4606,90,0.0892,0.1979,0.5,0.0,0.5,0.0,0.5,0.0,0.0
8.049,2.2577,-0.0497,-0.1071,5.4534,90,0.0928,0.1999,0.5,0.0,0.5,0.0,0.5,0.0,0.0
8.1,2.2692,-0.0511,-0.1055,5.4461,90,0.0952,0.2007,0.5,0.0,0.5,0.0,0.5,0.0,0.0
8.149,2.2866,-0.0531,-0.1031,5.4352,90,0.1249,0.228,0.5,0.0,0.5,0.0,0.5,0.0,0.0
8.2,2.2982,-0.0544,-0.1015,5.4279,90,0.1276,0.229,0.5,0.0,0.5,0.0,0.5,0.0,0.0
8.249,2.3097,-0.0557,-0.0998,5.4207,90,0.1276,0.2274,0.5,0.0,0.5,0.0,0.5,0.0,0.0
8.299,2.3213,-0.057,-0.0981,5.4134,90,0.1453,0.2434,0.5,0.0,0.5,0.0,0.5,0.0,0.0
8.35,2.3329,-0.0583,-0.0964,5.4062,85,0.1482,0.2447,0.5,0.0,0.5,0.0,0.5,0.0,0.0
8.4,2.3444,-0.0595,-0.0947,5.3989,85,-0.1788,-0.0841,0.5,0.0,0.5,0.0,0.5,0.0,0.0
8.449,2.3618,-0.0614,-0.092,5.3881,85,-0.1606,-0.0686,0.5,0.0,0.5,0.0,0.5,0.0,0.0
8.5,2.3733,-0.0626,-0.0902,5.3808,85,-0.1622,-0.0719,0.5,0.0,0.5,0.0,0.5,0.0,0.0
8.549,2.3849,-0.0638,-0.0885,5.3736,85,-0.1639,-0.0754,0.5,0.0,0.5,0.0,0.5,0.0,0.0
8.6,2.4023,-0.0655,-0.0857,5.3627,85,-0.1667,-0.081,0.5,0.0,0.5,0.0,0.5,0.0,0.0
8.649,2.4138,-0.0666,-0.0839,5.3555,85,-0.1689,-0.0849,0.5,0.0,0.5,0.0,0.5,0.0,0.0
8.699,2.4312,-0.0683,-0.0812,5.3446,85,-0.1724,-0.0912,0.5,0.0,0.5,0.0,0.5,0.0,0.0
8.749,2.4427,-0.0694,-0.0794,5.3374,85,-0.1394,-0.06,0.5,0.0,0.5,0.0,0.5,0.0,0.0
8.8,2.4601,-0.071,-0.0767,5.3265,85,-0.1415,-0.0648,0.5,0.0,0.5,0.0,0.5,0.0,0.0
8.85,2.4717,-0.072,-0.0749,5.3192,85,-0.143,-0.0681,0.5,0.0,0.5,0.0,0.5,0.0,0.0
8.9,2.4775,-0.0725,-0.074,5.3156,85,-0.143,-0.069,0.5,0.0,0.5,0.0,0.5,0.0,0.0
8.949,2.489,-0.0735,-0.0722,5.3084,85,-0.1456,-0.0734,0.5,0.0,0.5,0.0,0.5,0.0,0.0
9.0,2.5064,-0.0749,-0.0695,5.2975,85,-0.1486,-0.0791,0.5,0.0,0.5,0.0,0.5,0.0,0.0
9.049,2.518,-0.0759,-0.0677,5.2902,85,-0.1012,-0.0335,0.5,0.0,0.5,0.0,0.5,0.0,0.0
9.1,2.5296,-0.0768,-0.0659,5.283,85,-0.1018,-0.0359,0.5,0.0,0.5,0.0,0.5,0.0,0.0
9.149,2.5412,-0.0777,-0.0642,5.2757,85,-0.1018,-0.0377,0.5,0.0,0.5,0.0,0.5,0.0,0.0
9.199,2.5528,-0.0786,-0.0625,5.2685,85,-0.1029,-0.0405,0.5,0.0,0.5,0.0,0.5,0.0,0.0
9.249,2.5702,-0.0799,-0.0598,5.2576,85,-0.1038,-0.0439,0.5,0.0,0.5,0.0,0.5,0.0,0.0
9.299,2.5818,-0.0807,-0.058,5.2503,85,-0.031,0.027,0.5,0.0,0.5,0.0,0.5,0.0,0.0
9.35,2.5992,-0.0819,-0.0555,5.2394,85,0.0194,0.0748,0.5,0.0,0.5,0.0,0.5,0.0,0.0
9.401,2.6108,-0.0827,-0.0538,5.2321,79,0.0232,0.077,0.5,0.0,0.5,0.0,0.5,0.0,0.0
9.449,2.6282,-0.0838,-0.0512,5.2213,79,0.3063,0.3575,0.5,0.0,0.5,0.0,0.5,0.0,0.0
9.5,2.6398,-0.0845,-0.0494,5.214,79,0.3176,0.367,0.465,0.4631,0.465,0.4631,0.465,0.4631,0.0
9.55,2.6514,-0.0852,-0.0476,5.2068,79,0.3275,0.3751,0.4633,0.4692,0.4633,0.4692,0.4633,0.4692,0.0
9.601,2.6688,-0.0862,-0.0449,5.1959,79,0.343,0.3879,0.462,0.4738,0.462,0.4738,0.462,0.4738,0.0
9.65,2.6746,-0.0866,-0.044,5.1922,79,0.3539,0.3979,0.4593,0.4824,0.462,0.4738,0.462,0.4738,0.0
9.699,2.692,-0.0875,-0.0413,5.1814,79,0.3713,0.4126,0.4576,0.4875,0.4576,0.4875,0.4576,0.4875,0.0
9.749,2.7036,-0.0882,-0.0395,5.1741,79,0.3836,0.4232,0.4544,0.497,0.4576,0.4875,0.4576,0.4875,0.0
9.799,2.721,-0.0891,-0.0367,5.1632,79,0.4034,0.44,0.4523,0.5027,0.4523,0.5027,0.4523,0.5027,0.0
9.849,2.7326,-0.0896,-0.0347,5.156,79,0.4127,0.4475,0.4484,0.5133,0.4523,0.5027,0.4523,0.5027,0.0
9.899,2.746,-0.091,-0.0229,5.1482,79,0.429,0.4519,0.4456,0.5139,0.4484,0.5133,0.4484,0.5133,0.0
9.949,2.7548,-0.0919,-0.0133,5.1431,79,0.4398,0.4531,0.4404,0.518,0.4456,0.5139,0.4456,0.5139,0.0
9.999,2.7683,-0.0937,0.0084,5.1356,79,0.4574,0.449,0.4349,0.5131,0.4404,0.518,0.4404,0.518,0.0
10.049,2.7772,-0.0948,0.0237,5.1306,79,0.4698,0.4462,0.4273,0.5147,0.4349,0.5131,0.4349,0.5131,0.0
10.099,2.7863,-0.0962,0.0439,5.1256,79,0.4898,0.4459,0.4273,0.5147,0.4273,0.5147,0.4273,0.5147,0.0
10.149,2.7953,-0.0974,0.0649,5.1206,79,0.4898,0.4249,0.4186,0.5055,0.4186,0.5055,0.4186,0.5055,0.0
10.199,2.809,-0.0992,0.1004,5.1131,79,0.5037,0.4032,0.4107,0.5049,0.4107,0.5049,0.4107,0.5049,0.0
10.25,2.818,-0.1002,0.1258,5.108,79,0.5255,0.3997,0.4034,0.4919,0.4034,0.4919,0.4034,0.4919,0.0
10.3,2.827,-0.1011,0.1513,5.1028,79,0.5232,0.3719,0.3961,0.4897,0.3961,0.4897,0.3961,0.4897,0.0
10.349,2.8403,-0.1019,0.1893,5.0948,79,0.5064,0.3171,0.3996,0.4642,0.3996,0.4642,0.3996,0.4642,0.0
10.399,2.8491,-0.1022,0.2134,5.0893,79,0.5178,0.3044,0.4073,0.4362,0.4073,0.4362,0.4073,0.4362,0.0
10.449,2.8578,-0.102,0.2356,5.0836,79,0.5343,0.2987,0.4118,0.4193,0.4118,0.4193,0.4118,0.4193,0.0
10.499,2.8709,-0.1014,0.2676,5.0746,79,0.5756,0.308,0.4137,0.4158,0.4137,0.4158,0.4137,0.4158,0.0
10.549,2.8796,-0.1007,0.2891,5.0686,79,0.582,0.2929,0.4116,0.4223,0.4116,0.4223,0.4116,0.4223,0.0
10.599,2.8925,-0.0994,0.3217,5.0593,79,0.5862,0.2645,0.4193,0.4114,0.4193,0.4114,0.4193,0.4114,0.0
10.649,2.9011,-0.0984,0.3437,5.053,79,0.6092,0.2655,0.4288,0.39,0.4288,0.39,0.4288,0.39,0.0
10.699,2.9139,-0.0964,0.3764,5.0432,79,0.6148,0.2384,0.4276,0.3908,0.4276,0.3908,0.4276,0.3908,0.0
10.749,2.9225,-0.0948,0.3977,5.0365,79,0.6456,0.2479,0.4367,0.3696,0.4367,0.3696,0.4367,0.3696,0.0
10.799,2.9353,-0.092,0.4293,5.0262,79,0.6493,0.2199,0.4344,0.3773,0.4344,0.3773,0.4344,0.3773,0.0
10.849,2.944,-0.0896,0.4487,5.0188,79,0.6545,0.2058,0.442,0.355,0.442,0.355,0.442,0.355,0.0
10.9,2.957,-0.0857,0.4773,5.0076,79,0.6578,0.1806,0.4455,0.3432,0.442,0.355,0.442,0.355,0.0
10.949,2.9656,-0.083,0.4963,5.0,79,0.6781,0.1818,0.4546,0.3204,0.4546,0.3204,0.4546,0.3204,0.0
11.0,2.9784,-0.0784,0.5247,4.9883,79,0.6811,0.1563,0.4556,0.3215,0.4556,0.3215,0.4556,0.3215,0.0
11.049,2.9869,-0.0752,0.5432,4.9804,79,0.6853,0.1421,0.461,0.2971,0.461,0.2971,0.461,0.2971,0.0
11.1,2.9997,-0.0699,0.5703,4.9682,79,0.6879,0.1177,0.4659,0.2825,0.4659,0.2825,0.4659,0.2825,0.0
11.15,3.0082,-0.0661,0.5879,4.9599,79,0.6917,0.1038,0.4711,0.2555,0.4659,0.2825,0.4659,0.2825,0.0
11.199,3.0167,-0.0621,0.6052,4.9514,79,0.6941,0.0889,0.4738,0.2389,0.4711,0.2555,0.4711,0.2555,0.0
11.249,3.0295,-0.0557,0.6305,4.9384,79,0.7041,0.0736,0.5,0.0,0.5,0.0,0.5,0.0,0.0
11.299,3.038,-0.0512,0.6469,4.9296,79,0.7063,0.0593,0.5,0.0,0.5,0.0,0.5,0.0,0.0
11.349,3.0465,-0.0465,0.6628,4.9206,79,0.7231,0.0603,0.5,0.0,0.5,0.0,0.5,0.0,0.0
11.399,3.0592,-0.0391,0.6859,4.9068,79,0.7258,0.0399,0.5,0.0,0.5,0.0,0.5,0.0,0.0
11.449,3.0677,-0.0339,0.7006,4.8975,79,0.7275,0.0268,0.5,0.0,0.5,0.0,0.5,0.0,0.0
11.499,3.0803,-0.0258,0.7221,4.8832,79,0.729,0.0069,0.5,0.0,0.5,0.0,0.5,0.0,0.0
11.549,3.0887,-0.02,0.735,4.8735,73,0.6819,-0.0532,0.5,0.0,0.5,0.0,0.5,0.0,0.0
11.599,3.1011,-0.011,0.7534,4.8586,73,0.6819,-0.0716,0.5,0.0,0.5,0.0,0.5,0.0,0.0
11.649,3.1102,-0.0033,0.761,4.847,73,0.6824,-0.0786,0.5,0.0,0.5,0.0,0.5,0.0,0.0
11.699,3.1193,0.0045,0.7674,4.8352,73,0.6825,-0.0849,0.5,0.0,0.5,0.0,0.5,0.0,0.0
11.749,3.1324,0.0167,0.7714,4.8175,73,0.6986,-0.0728,0.5,0.0,0.5,0.0,0.5,0.0,0.0
11.799,3.1409,0.0249,0.772,4.8057,73,0.6977,-0.0743,0.5,0.0,0.5,0.0,0.5,0.0,0.0
11.849,3.1537,0.0374,0.7725,4.788,73,0.6969,-0.0757,0.5,0.0,0.5,0.0,0.5,0.0,0.0
11.899,3.1623,0.0456,0.7727,4.7762,73,0.6956,-0.0771,0.5,0.0,0.5,0.0,0.5,0.0,0.0
11.949,3.1708,0.0539,0.773,4.7645,73,0.6947,-0.0783,0.5,0.0,0.5,0.0,0.5,0.0,0.0
11.999,3.1793,0.0622,0.7733,4.7527,73,0.7097,-0.0636,0.5,0.0,0.5,0.0,0.5,0.0,0.0
12.05,3.192,0.0745,0.7741,4.7351,73,0.7091,-0.0651,0.5,0.0,0.5,0.0,0.5,0.0,0.0
12.1,3.2005,0.0827,0.775,4.7235,73,0.708,-0.067,0.5,0.0,0.5,0.0,0.5,0.0,0.0
12.15,3.2089,0.0909,0.776,4.7118,73,0.7073,-0.0686,0.5,0.0,0.5,0.0,0.5,0.0,0.0
12.199,3.2173,0.0989,0.7777,4.7003,73,0.7063,-0.0714,0.5,0.0,0.5,0.0,0.5,0.0,0.0
12.25,3.2299,0.111,0.7803,4.683,73,0.7056,-0.0747,0.5,0.0,0.5,0.0,0.5,0.0,0.0
12.299,3.2382,0.119,0.7824,4.6715,73,0.7056,-0.0768,0.5,0.0,0.5,0.0,0.5,0.0,0.0
12.349,3.2465,0.1271,0.7844,4.66,73,0.7206,-0.0639,0.5,0.0,0.5,0.0,0.5,0.0,0.0
12.399,3.259,0.1392,0.7875,4.6428,73,0.72,-0.0675,0.5,0.0,0.5,0.0,0.5,0.0,0.0
12.449,3.2673,0.1473,0.7895,4.6313,73,0.7192,-0.0703,0.5,0.0,0.5,0.0,0.5,0.0,0.0
12.499,3.2797,0.1595,0.7925,4.6141,73,0.7185,-0.074,0.5,0.0,0.5,0.0,0.5,0.0,0.0
12.549,3.2879,0.1677,0.7944,4.6025,73,0.7129,-0.0815,0.5,0.0,0.5,0.0,0.5,0.0,0.0
12.599,3.2961,0.1758,0.7964,4.591,72,0.7748,-0.0216,0.5,0.0,0.5,0.0,0.5,0.0,0.0
12.651,3.3085,0.1881,0.7992,4.5737,72,0.7747,-0.0246,0.5,0.0,0.5,0.0,0.5,0.0,0.0
12.699,3.3167,0.1964,0.8011,4.5622,72,0.7745,-0.0266,0.5,0.0,0.5,0.0,0.5,0.0,0.0
12.75,3.3248,0.2046,0.803,4.5507,72,0.783,-0.02,0.5,0.0,0.5,0.0,0.5,0.0,0.0
12.801,3.3371,0.217,0.8057,4.5334,72,0.7829,-0.0228,0.5,0.0,0.5,0.0,0.5,0.0,0.0
12.849,3.3452,0.2253,0.8075,4.5218,72,0.7828,-0.0247,0.5,0.0,0.5,0.0,0.5,0.0,0.0
12.899,3.3534,0.2336,0.8092,4.5102,72,0.7826,-0.0266,0.5,0.0,0.5,0.0,0.5,0.0,0.0
12.949,3.3655,0.2461,0.8119,4.4929,72,0.7824,-0.0295,0.5,0.0,0.5,0.0,0.5,0.0,0.0
13.0,3.3736,0.2544,0.8136,4.4813,72,0.7822,-0.0315,0.5,0.0,0.5,0.0,0.5,0.0,0.0
13.049,3.3858,0.267,0.8163,4.464,72,0.7907,-0.0256,0.5,0.0,0.5,0.0,0.5,0.0,0.0
13.1,3.3938,0.2753,0.818,4.4524,72,0.7906,-0.0275,0.5,0.0,0.5,0.0,0.5,0.0,0.0
13.15,3.4059,0.2879,0.8207,4.4351,72,0.7903,-0.0304,0.5,0.0,0.5,0.0,0.5,0.0,0.0
13.2,3.4099,0.2921,0.8216,4.4293,72,0.7903,-0.0313,0.5,0.0,0.5,0.0,0.5,0.0,0.0
13.25,3.4219,0.3048,0.8243,4.4119,72,0.7901,-0.0342,0.5,0.0,0.5,0.0,0.5,0.0,0.0
13.3,3.4259,0.309,0.8252,4.4061,72,0.7897,-0.0354,0.5,0.0,0.5,0.0,0.5,0.0,0.0
13.35,3.4339,0.3174,0.8269,4.3946,72,0.7971,-0.0298,0.5,0.0,0.5,0.0,0.5,0.0,0.0
13.4,3.4419,0.3259,0.8287,4.383,72,0.7971,-0.0316,0.5,0.0,0.5,0.0,0.5,0.0,0.0
13.449,3.4498,0.3344,0.8305,4.3714,72,0.7969,-0.0336,0.5,0.0,0.5,0.0,0.5,0.0,0.0
13.499,3.4538,0.3386,0.8314,4.3656,72,0.7966,-0.0349,0.5,0.0,0.5,0.0,0.5,0.0,0.0
13.549,3.4657,0.3514,0.8341,4.3483,72,0.7963,-0.0378,0.5,0.0,0.5,0.0,0.5,0.0,0.0
13.6,3.4736,0.3599,0.8359,4.3367,72,0.796,-0.0399,0.5,0.0,0.5,0.0,0.5,0.0,0.0
13.649,3.4815,0.3684,0.8377,4.3251,68,0.796,-0.0417,0.5,0.0,0.5,0.0,0.5,0.0,0.0
13.699,3.4894,0.377,0.8395,4.3135,68,0.8462,0.0067,0.5,0.0,0.5,0.0,0.5,0.0,0.0
13.75,3.4972,0.3855,0.8413,4.3019,68,0.8464,0.0051,0.5,0.0,0.5,0.0,0.5,0.0,0.0
13.8,3.509,0.3984,0.844,4.2846,68,0.8351,-0.0089,0.5,0.0,0.5,0.0,0.5,0.0,0.0
13.851,3.5168,0.407,0.8458,4.273,68,0.8351,-0.0106,0.5,0.0,0.5,0.0,0.5,0.0,0.0
13.9,3.5246,0.4156,0.8475,4.2614,68,0.862,0.0144,0.5,0.0,0.5,0.0,0.5,0.0,0.0
13.95,3.5324,0.4242,0.8493,4.2498,68,0.8623,0.0129,0.5,0.0,0.5,0.0,0.5,0.0,0.0
13.999,3.5441,0.4372,0.852,4.2324,68,0.8627,0.0107,0.5,0.0,0.5,0.0,0.5,0.0,0.0
14.049,3.5518,0.4458,0.8538,4.2208,68,0.863,0.0091,0.5,0.0,0.5,0.0,0.5,0.0,0.0
14.1,3.5596,0.4545,0.8555,4.2092,68,0.8473,-0.0083,0.5,0.0,0.5,0.0,0.5,0.0,0.0
14.149,3.5712,0.4676,0.8581,4.1918,68,0.8473,-0.0108,0.5,0.0,0.5,0.0,0.5,0.0,0.0
14.2,3.5789,0.4763,0.8599,4.1802,68,0.8473,-0.0126,0.5,0.0,0.5,0.0,0.5,0.0,0.0
14.249,3.5866,0.485,0.8617,4.1686,68,0.8473,-0.0144,0.5,0.0,0.5,0.0,0.5,0.0,0.0
14.3,3.598,0.4981,0.8645,4.1512,68,0.8473,-0.0171,0.5,0.0,0.5,0.0,0.5,0.0,0.0
14.349,3.6057,0.5068,0.8663,4.1396,68,0.8473,-0.019,0.5,0.0,0.5,0.0,0.5,0.0,0.0
14.399,3.6171,0.52,0.869,4.1222,68,0.8472,-0.0218,0.5,0.0,0.5,0.0,0.5,0.0,0.0
14.45,3.6209,0.5244,0.8699,4.1164,68,0.8267,-0.0432,0.5,0.0,0.5,0.0,0.5,0.0,0.0
14.501,3.6323,0.5376,0.8726,4.099,68,0.8264,-0.0462,0.5,0.0,0.5,0.0,0.5,0.0,0.0
14.549,3.6399,0.5464,0.8744,4.0874,68,0.8258,-0.0486,0.5,0.0,0.5,0.0,0.5,0.0,0.0
14.599,3.6475,0.5552,0.8762,4.0758,68,0.8254,-0.0508,0.5,0.0,0.5,0.0,0.5,0.0,0.0
14.649,3.6588,0.5685,0.8789,4.0584,68,0.8247,-0.0542,0.5,0.0,0.5,0.0,0.5,0.0,0.0
14.701,3.6663,0.5773,0.8807,4.0468,65,0.8028,-0.0779,0.5,0.0,0.5,0.0,0.5,0.0,0.0
14.749,3.6775,0.5907,0.8833,4.0293,65,0.8017,-0.0817,0.5,0.0,0.5,0.0,0.5,0.0,0.0
14.799,3.685,0.5996,0.8851,4.0177,65,0.8009,-0.0843,0.5,0.0,0.5,0.0,0.5,0.0,0.0
14.849,3.6925,0.6085,0.887,4.0061,65,0.8009,-0.0861,0.5,0.0,0.5,0.0,0.5,0.0,0.0
14.9,3.7036,0.6218,0.8897,3.9887,65,0.7707,-0.119,0.5,0.0,0.5,0.0,0.5,0.0,0.0
14.949,3.7111,0.6308,0.8915,3.9771,65,0.7695,-0.122,0.5,0.0,0.5,0.0,0.5,0.0,0.0
15.0,3.7185,0.6397,0.8933,3.9655,65,0.7677,-0.1256,0.5,0.0,0.5,0.0,0.5,0.0,0.0
15.049,3.7259,0.6487,0.8951,3.9539,65,0.7665,-0.1286,0.5,0.0,0.5,0.0,0.5,0.0,0.0
15.099,3.7369,0.6622,0.8978,3.9364,65,0.7645,-0.1333,0.5,0.0,0.5,0.0,0.5,0.0,0.0
15.151,3.7443,0.6712,0.8996,3.9248,65,0.7631,-0.1365,0.5,0.0,0.5,0.0,0.5,0.0,0.0
15.199,3.7479,0.6757,0.9005,3.919,65,0.7651,-0.1353,0.5,0.0,0.5,0.0,0.5,0.0,0.0
15.25,3.7516,0.6802,0.9014,3.9132,65,0.7651,-0.1362,0.5,0.0,0.5,0.0,0.5,0.0,0.0
15.302,3.7553,0.6847,0.9022,3.9074,65,0.7651,-0.1371,0.5,0.0,0.5,0.0,0.5,0.0,0.0
15.35,3.7626,0.6938,0.904,3.8958,65,0.7303,-0.1737,0.5,0.0,0.5,0.0,0.5,0.0,0.0
15.4,3.7699,0.7028,0.9058,3.8841,65,0.7276,-0.1782,0.5,0.0,0.5,0.0,0.5,0.0,0.0
15.45,3.7735,0.7073,0.9067,3.8783,65,0.7276,-0.1791,0.5,0.0,0.5,0.0,0.5,0.0,0.0
15.502,3.7808,0.7164,0.9085,3.8667,65,0.7258,-0.1827,0.5,0.0,0.5,0.0,0.5,0.0,0.0
15.551,3.788,0.7255,0.9103,3.8551,65,0.7229,-0.1874,0.5,0.0,0.5,0.0,0.5,0.0,0.0
15.6,3.7917,0.73,0.9112,3.8493,65,0.7229,-0.1883,0.5,0.0,0.5,0.0,0.5,0.0,0.0
15.65,3.7979,0.738,0.9122,3.8392,65,0.7208,-0.1914,0.5,0.0,0.5,0.0,0.5,0.0,0.0
15.699,3.803,0.7445,0.9123,3.8309,65,0.7181,-0.1941,0.5,0.0,0.5,0.0,0.5,0.0,0.0
15.75,3.8116,0.7555,0.9129,3.817,61,0.6802,-0.2327,0.5,0.0,0.5,0.0,0.5,0.0,0.0
15.8,3.8187,0.7645,0.9147,3.8054,61,0.7417,-0.1729,0.5,0.0,0.5,0.0,0.5,0.0,0.0
15.849,3.8295,0.7782,0.9174,3.788,61,0.7399,-0.1775,0.5,0.0,0.5,0.0,0.5,0.0,0.0
15.899,3.8367,0.7874,0.9192,3.7764,61,0.7369,-0.1822,0.5,0.0,0.5,0.0,0.5,0.0,0.0
15.949,3.8438,0.7965,0.9209,3.7648,61,0.7349,-0.1861,0.5,0.0,0.5,0.0,0.5,0.0,0.0
15.999,3.8546,0.8103,0.9236,3.7473,61,0.6913,-0.2324,0.5,0.0,0.5,0.0,0.5,0.0,0.0
16.049,3.8617,0.8195,0.9254,3.7357,61,0.6887,-0.2367,0.5,0.0,0.5,0.0,0.5,0.0,0.0
16.1,3.8693,0.8295,0.9256,3.7231,61,0.6854,-0.2402,0.5,0.0,0.5,0.0,0.5,0.0,0.0
16.149,3.8743,0.8363,0.9256,3.7147,61,0.6823,-0.2433,0.5,0.0,0.5,0.0,0.5,0.0,0.0
16.2,3.8812,0.8453,0.9258,3.7033,61,0.6795,-0.2463,0.5,0.0,0.5,0.0,0.5,0.0,0.0
16.249,3.8917,0.8592,0.9262,3.6859,61,0.6766,-0.2496,0.5,0.0,0.5,0.0,0.5,0.0,0.0
16.299,3.8988,0.8685,0.9273,3.6742,61,0.9054,-0.0219,0.5,0.0,0.5,0.0,0.5,0.0,0.0
16.349,3.9095,0.8825,0.929,3.6566,61,0.905,-0.024,0.5,0.0,0.5,0.0,0.5,0.0,0.0
16.399,3.9165,0.8917,0.9308,3.645,61,0.9044,-0.0264,0.5,0.0,0.5,0.0,0.5,0.0,0.0
16.449,3.9271,0.9056,0.9335,3.6275,61,0.9039,-0.0295,0.5,0.0,0.5,0.0,0.5,0.0,0.0
16.499,3.9342,0.915,0.9343,3.6158,61,0.9029,-0.0314,0.5,0.0,0.5,0.0,0.5,0.0,0.0
16.551,3.9412,0.9245,0.9351,3.604,61,0.9029,-0.0322,0.5,0.0,0.5,0.0,0.5,0.0,0.0
16.6,3.9447,0.9292,0.9356,3.5981,61,0.8794,-0.0561,0.5,0.0,0.5,0.0,0.5,0.0,0.0
16.649,3.9518,0.9387,0.9358,3.5862,61,0.8794,-0.0564,0.5,0.0,0.5,0.0,0.5,0.0,0.0
16.699,3.9588,0.9483,0.9361,3.5744,61,0.8159,-0.1202,0.5,0.0,0.5,0.0,0.5,0.0,0.0
16.749,3.9694,0.9624,0.9374,3.5567,61,0.8125,-0.1249,0.5,0.0,0.5,0.0,0.5,0.0,0.0
16.799,3.9764,0.9718,0.9386,3.545,61,0.8072,-0.1314,0.5,0.0,0.5,0.0,0.5,0.0,0.0
16.85,3.9799,0.9765,0.9392,3.5392,57,0.6925,-0.2466,0.5,0.0,0.5,0.0,0.5,0.0,0.0
16.899,3.9903,0.9905,0.9419,3.5217,57,0.6855,-0.2565,0.5,0.0,0.5,0.0,0.5,0.0,0.0
16.949,3.9973,0.9998,0.9438,3.5101,57,0.6779,-0.2658,0.5,0.0,0.5,0.0,0.5,0.0,0.0
16.999,4.0077,1.0137,0.9465,3.4927,57,0.6611,-0.2854,0.5,0.0,0.5,0.0,0.5,0.0,0.0
17.049,4.0146,1.0231,0.9484,3.4811,57,0.6499,-0.2985,0.4796,-0.4145,0.5,0.0,0.5,0.0,0.0
17.099,4.0214,1.0324,0.9503,3.4695,57,0.6418,-0.3085,0.4776,-0.4246,0.4796,-0.4145,0.4796,-0.4145,0.0
17.15,4.0317,1.0465,0.9532,3.4521,57,0.6333,-0.32,0.4761,-0.4316,0.4776,-0.4246,0.4776,-0.4246,0.0
17.199,4.0386,1.0558,0.9552,3.4405,57,0.6194,-0.3358,0.4743,-0.4395,0.4761,-0.4316,0.4761,-0.4316,0.0
17.25,4.0488,1.0699,0.9581,3.4231,57,0.6094,-0.3487,0.4718,-0.4502,0.4743,-0.4395,0.4743,-0.4395,0.0
17.299,4.0556,1.0793,0.96,3.4115,57,0.6094,-0.3506,0.4718,-0.4502,0.4718,-0.4502,0.4718,-0.4502,0.0
17.35,4.0624,1.0888,0.9619,3.3999,57,0.5696,-0.3922,0.4696,-0.4586,0.4696,-0.4586,0.4696,-0.4586,0.0
17.4,4.0691,1.0982,0.9637,3.3883,57,0.5594,-0.4043,0.462,-0.4851,0.462,-0.4851,0.462,-0.4851,0.0
17.449,4.0759,1.1077,0.9655,3.3767,57,0.543,-0.4225,0.4595,-0.493,0.4595,-0.493,0.4595,-0.493,0.0
17.5,4.0859,1.1222,0.9658,3.359,57,0.5313,-0.4346,0.4559,-0.504,0.4559,-0.504,0.4559,-0.504,0.0
17.549,4.0927,1.1324,0.9625,3.3468,57,0.5107,-0.4518,0.4539,-0.5097,0.4539,-0.5097,0.4539,-0.5097,0.0
17.6,4.0995,1.1426,0.9592,3.3346,57,0.4747,-0.4845,0.4502,-0.5197,0.4539,-0.5097,0.4539,-0.5097,0.0
17.651,4.1092,1.1581,0.9466,3.3164,57,0.4533,-0.4933,0.4398,-0.5345,0.4502,-0.5197,0.4502,-0.5197,0.0
17.699,4.1158,1.1683,0.9382,3.3043,57,0.4382,-0.5,0.4327,-0.5417,0.4398,-0.5345,0.4398,-0.5345,0.0
17.75,4.1253,1.1838,0.918,3.2862,57,0.4138,-0.5042,0.425,-0.5403,0.4327,-0.5417,0.4327,-0.5417,0.0
17.8,4.1318,1.1939,0.9044,3.2742,57,0.3879,-0.5165,0.4163,-0.5463,0.425,-0.5403,0.425,-0.5403,0.0
17.85,4.138,1.2041,0.8858,3.2624,58,0.3074,-0.5783,0.4072,-0.5466,0.4163,-0.5463,0.4163,-0.5463,0.0
17.899,4.1477,1.2191,0.8577,3.2446,58,0.4184,-0.4393,0.3816,-0.5795,0.4072,-0.5466,0.4072,-0.5466,0.0
17.949,4.1541,1.2291,0.8362,3.2328,58,0.3915,-0.4446,0.4158,-0.5007,0.3816,-0.5795,0.3816,-0.5795,0.0
18.001,4.1642,1.2437,0.8038,3.2151,58,0.3915,-0.4123,0.4158,-0.5007,0.4158,-0.5007,0.4158,-0.5007,0.0
18.05,4.171,1.2532,0.7812,3.2034,58,0.3333,-0.4479,0.4105,-0.4974,0.4105,-0.4974,0.4105,-0.4974,0.0
18.099,4.1815,1.2672,0.7474,3.1858,58,0.317,-0.4304,0.3956,-0.5184,0.3956,-0.5184,0.3956,-0.5184,0.0
18.149,4.1888,1.2763,0.7243,3.1742,58,0.3004,-0.4239,0.3944,-0.5148,0.3944,-0.5148,0.3944,-0.5148,0.0
18.199,4.1962,1.2852,0.7012,3.1626,58,0.275,-0.4262,0.3968,-0.5043,0.3968,-0.5043,0.3968,-0.5043,0.0
18.249,4.2076,1.2983,0.6658,3.1453,58,0.2578,-0.408,0.3932,-0.5057,0.3932,-0.5057,0.3932,-0.5057,0.0
18.299,4.2155,1.3067,0.6419,3.1338,58,0.2107,-0.4312,0.3982,-0.4948,0.3982,-0.4948,0.3982,-0.4948,0.0
18.349,4.2254,1.3173,0.6081,3.1194,58,0.1799,-0.4282,0.3898,-0.5087,0.3898,-0.5087,0.3898,-0.5087,0.0
18.399,4.2311,1.3236,0.5829,3.1109,58,0.1597,-0.4232,0.3883,-0.5068,0.3883,-0.5068,0.3883,-0.5068,0.0
18.449,4.2376,1.3304,0.5568,3.1015,58,0.1471,-0.4097,0.384,-0.5039,0.384,-0.5039,0.384,-0.5039,0.0
18.499,4.2502,1.3416,0.5188,3.085,58,0.1255,-0.3934,0.3892,-0.4879,0.3892,-0.4879,0.3892,-0.4879,0.0
18.549,4.2592,1.3488,0.4951,3.0738,58,0.1098,-0.3853,0.3896,-0.4858,0.3896,-0.4858,0.3896,-0.4858,0.0
18.6,4.2732,1.3592,0.4609,3.0569,58,0.086,-0.3749,0.3975,-0.4736,0.3975,-0.4736,0.3975,-0.4736,0.0
18.649,4.2828,1.3659,0.4382,3.0458,58,0.0699,-0.3683,0.3974,-0.4743,0.3974,-0.4743,0.3974,-0.4743,0.0
18.7,4.2975,1.3755,0.4045,3.0292,58,0.0341,-0.3704,0.4079,-0.4629,0.4079,-0.4629,0.4079,-0.4629,0.0
18.749,4.3074,1.3817,0.3813,3.0184,58,0.02,-0.3613,0.4069,-0.4714,0.4069,-0.4714,0.4069,-0.4714,0.0
18.8,4.3222,1.3905,0.3454,3.0024,58,-0.0014,-0.3468,0.4145,-0.4578,0.4145,-0.4578,0.4145,-0.4578,0.0
18.849,4.3323,1.396,0.3215,2.9919,58,-0.0159,-0.3374,0.4152,-0.4562,0.4152,-0.4562,0.4152,-0.4562,0.0
18.899,4.3425,1.4013,0.2976,2.9815,58,-0.0379,-0.3355,0.4188,-0.4419,0.4188,-0.4419,0.4188,-0.4419,0.0
18.949,4.3581,1.4088,0.2621,2.9661,51,-0.0148,-0.2769,0.4188,-0.4406,0.4188,-0.4406,0.4188,-0.4406,0.0
18.999,4.3688,1.4135,0.2395,2.9559,51,-0.0059,-0.2454,0.4349,-0.3992,0.4349,-0.3992,0.4349,-0.3992,0.0
19.05,4.3852,1.42,0.2062,2.9409,51,-0.0106,-0.2168,0.4428,-0.3749,0.4428,-0.3749,0.4428,-0.3749,0.0
19.1,4.3964,1.424,0.1851,2.931,51,0.0055,-0.1796,0.4491,-0.3517,0.4491,-0.3517,0.4491,-0.3517,0.0
19.149,4.4135,1.4295,0.1539,2.9164,51,-0.0,-0.1539,0.4594,-0.3186,0.4491,-0.3517,0.4491,-0.3517,0.0
19.2,4.425,1.4329,0.1333,2.9069,51,-0.0084,-0.1417,0.4659,-0.2935,0.4659,-0.2935,0.4659,-0.2935,0.0
19.25,4.4424,1.4375,0.1026,2.893,51,-0.0117,-0.1144,0.469,-0.2808,0.469,-0.2808,0.469,-0.2808,0.0
19.299,4.4542,1.4402,0.0827,2.8839,51,-0.0164,-0.0991,0.4745,-0.2502,0.4745,-0.2502,0.4745,-0.2502,0.0
19.349,4.4719,1.4438,0.0529,2.8705,51,-0.0193,-0.0722,0.4774,-0.2312,0.4774,-0.2312,0.4774,-0.2312,0.0
19.399,4.4841,1.4459,0.0345,2.8618,51,0.0429,0.0084,0.5,0.0,0.4774,-0.2312,0.4774,-0.2312,0.0
19.45,4.4963,1.4477,0.0167,2.8533,51,0.0416,0.0249,0.5,0.0,0.5,0.0,0.5,0.0,0.0
19.5,4.5087,1.4492,-0.0003,2.845,51,0.0401,0.0404,0.5,0.0,0.5,0.0,0.5,0.0,0.0
19.549,4.5278,1.4508,-0.0237,2.8327,51,0.0395,0.0631,0.5,0.0,0.5,0.0,0.5,0.0,0.0
19.6,4.5407,1.4516,-0.0376,2.8248,51,0.039,0.0766,0.5,0.0,0.5,0.0,0.5,0.0,0.0
19.649,4.5604,1.4522,-0.0565,2.8131,51,0.0391,0.0956,0.5,0.0,0.5,0.0,0.5,0.0,0.0
19.699,4.5738,1.4523,-0.0679,2.8056,51,0.1548,0.2226,0.5,0.0,0.5,0.0,0.5,0.0,0.0
19.749,4.594,1.452,-0.0835,2.7946,51,0.157,0.2404,0.5,0.0,0.5,0.0,0.5,0.0,0.0
19.8,4.6057,1.4516,-0.0903,2.7885,51,0.157,0.2473,0.5,0.0,0.5,0.0,0.5,0.0,0.0
19.851,4.623,1.4508,-0.1013,2.7796,51,0.1605,0.2618,0.5,0.0,0.5,0.0,0.5,0.0,0.0
19.9,4.6345,1.4497,-0.1019,2.7743,51,0.1629,0.2648,0.5,0.0,0.5,0.0,0.5,0.0,0.0
19.949,4.646,1.4485,-0.1021,2.7691,51,-0.0409,0.0612,0.5,0.0,0.5,0.0,0.5,0.0,0.0
20.0,4.663,1.4465,-0.0989,2.7616,52,-0.0081,0.0907,0.5,0.0,0.5,0.0,0.5,0.0,0.0
20.049,4.6744,1.4451,-0.0951,2.7567,52,-0.0069,0.0882,0.5,0.0,0.5,0.0,0.5,0.0,0.0
20.099,4.6915,1.443,-0.089,2.7495,52,-0.0056,0.0835,0.5,0.0,0.5,0.0,0.5,0.0,0.0
20.149,4.7028,1.4417,-0.0848,2.7446,52,0.0238,0.1086,0.5,0.0,0.5,0.0,0.5,0.0,0.0
20.2,4.7142,1.4404,-0.0808,2.7398,52,0.0253,0.1062,0.5,0.0,0.5,0.0,0.5,0.0,0.0
20.249,4.7256,1.4392,-0.0773,2.7349,52,0.0276,0.1049,0.5,0.0,0.5,0.0,0.5,0.0,0.0
20.3,4.737,1.4381,-0.0743,2.73,52,0.029,0.1032,0.5,0.0,0.5,0.0,0.5,0.0,0.0
20.349,4.7485,1.4371,-0.0721,2.725,52,0.031,0.1031,0.5,0.0,0.5,0.0,0.5,0.0,0.0
20.399,4.7658,1.4356,-0.0689,2.7174,52,0.0324,0.1013,0.5,0.0,0.5,0.0,0.5,0.0,0.0
20.45,4.7774,1.4347,-0.0672,2.7124,52,0.0324,0.0996,0.5,0.0,0.5,0.0,0.5,0.0,0.0
20.499,4.789,1.4338,-0.0656,2.7074,52,0.0686,0.1341,0.5,0.0,0.5,0.0,0.5,0.0,0.0
20.55,4.8006,1.4329,-0.0639,2.7024,52,0.0711,0.135,0.5,0.0,0.5,0.0,0.5,0.0,0.0
20.599,4.8123,1.432,-0.0624,2.6974,52,0.0728,0.1351,0.5,0.0,0.5,0.0,0.5,0.0,0.0
20.649,4.8239,1.4312,-0.0608,2.6924,52,0.0745,0.1353,0.5,0.0,0.5,0.0,0.5,0.0,0.0
20.699,4.8413,1.43,-0.0583,2.685,52,0.1344,0.1928,0.5,0.0,0.5,0.0,0.5,0.0,0.0
20.749,4.8529,1.4292,-0.0567,2.6801,52,0.1368,0.1935,0.5,0.0,0.5,0.0,0.5,0.0,0.0
20.799,4.8703,1.428,-0.0541,2.6728,52,0.1404,0.1945,0.5,0.0,0.5,0.0,0.5,0.0,0.0
20.849,4.882,1.4272,-0.0524,2.668,52,0.1428,0.1952,0.5,0.0,0.5,0.0,0.5,0.0,0.0
20.9,4.8936,1.4265,-0.0507,2.6632,52,0.1428,0.1935,0.5,0.0,0.5,0.0,0.5,0.0,0.0
20.95,4.911,1.4254,-0.048,2.6561,52,0.1466,0.1946,0.5,0.0,0.5,0.0,0.5,0.0,0.0
21.0,4.9226,1.4247,-0.0463,2.6513,45,0.1491,0.1954,0.5,0.0,0.5,0.0,0.5,0.0,0.0
21.049,4.9342,1.424,-0.0445,2.6466,45,0.0106,0.0551,0.5,0.0,0.5,0.0,0.5,0.0,0.0
21.099,4.9458,1.4234,-0.0426,2.6419,45,0.0129,0.0555,0.5,0.0,0.5,0.0,0.5,0.0,0.0
21.149,4.9632,1.4224,-0.0399,2.635,45,0.035,0.0749,0.5,0.0,0.5,0.0,0.5,0.0,0.0
21.199,4.9748,1.4218,-0.0381,2.6303,45,0.0376,0.0757,0.5,0.0,0.5,0.0,0.5,0.0,0.0
21.249,4.9922,1.421,-0.0354,2.6234,45,0.0416,0.077,0.5,0.0,0.5,0.0,0.5,0.0,0.0
21.3,5.0038,1.4204,-0.0336,2.6189,45,0.0445,0.0781,0.5,0.0,0.5,0.0,0.5,0.0,0.0
21.349,5.0154,1.4199,-0.0318,2.6143,45,0.049,0.0808,0.5,0.0,0.5,0.0,0.5,0.0,0.0
21.399,5.0328,1.4192,-0.0291,2.6076,45,0.0521,0.0812,0.5,0.0,0.5,0.0,0.5,0.0,0.0
21.449,5.0444,1.4187,-0.0273,2.6031,45,0.0995,0.1268,0.5,0.0,0.5,0.0,0.5,0.0,0.0
21.499,5.0619,1.418,-0.0246,2.5964,45,0.1037,0.1283,0.5,0.0,0.5,0.0,0.5,0.0,0.0
21.549,5.0735,1.4176,-0.0228,2.592,45,0.1103,0.1331,0.5,0.0,0.5,0.0,0.5,0.0,0.0
21.6,5.0909,1.417,-0.0201,2.5854,45,0.115,0.1351,0.5,0.0,0.5,0.0,0.5,0.0,0.0
21.651,5.1025,1.4166,-0.0183,2.5811,45,0.167,0.1854,0.5,0.0,0.5,0.0,0.5,0.0,0.0
21.7,5.1083,1.4164,-0.0175,2.5789,45,0.167,0.1845,0.5,0.0,0.5,0.0,0.5,0.0,0.0
21.75,5.12,1.4161,-0.0157,2.5746,45,0.2082,0.2238,0.5,0.0,0.5,0.0,0.5,0.0,0.0
21.8,5.1316,1.4158,-0.0139,2.5703,45,0.2186,0.2325,0.5,0.0,0.5,0.0,0.5,0.0,0.0
21.85,5.149,1.4154,-0.0112,2.5639,45,0.2261,0.2373,0.5,0.0,0.5,0.0,0.5,0.0,0.0
21.899,5.1606,1.4151,-0.0095,2.5597,45,0.238,0.2475,0.5,0.0,0.5,0.0,0.5,0.0,0.0
21.95,5.1723,1.4149,-0.0078,2.5555,45,0.2466,0.2543,0.5,0.0,0.5,0.0,0.5,0.0,0.0
22.0,5.1897,1.4145,-0.0051,2.5492,45,0.3535,0.3586,0.5,0.0,0.5,0.0,0.5,0.0,0.0
22.05,5.2013,1.4143,-0.0033,2.5451,40,0.5228,0.5261,0.465,0.4633,0.5,0.0,0.5,0.0,0.0
22.101,5.2187,1.4141,-0.0005,2.539,40,0.5445,0.545,0.4281,0.5608,0.465,0.4633,0.465,0.4633,0.0
22.15,5.2245,1.414,0.0004,2.5369,40,0.5445,0.5441,0.4281,0.5608,0.4281,0.5608,0.4281,0.5608,0.0
22.2,5.2362,1.4139,0.0022,2.5329,40,0.5678,0.5656,0.4228,0.5714,0.4228,0.5714,0.4228,0.5714,0.0
22.249,5.2478,1.4138,0.0039,2.5289,40,0.6548,0.6509,0.4171,0.5821,0.4171,0.5821,0.4171,0.5821,0.0
22.299,5.2652,1.4136,0.0065,2.5229,40,0.671,0.6645,0.3921,0.6245,0.3921,0.6245,0.3921,0.6245,0.0
22.35,5.2769,1.4136,0.0083,2.5189,40,0.6965,0.6881,0.3879,0.631,0.3921,0.6245,0.3921,0.6245,0.0
22.399,5.2885,1.4135,0.0101,2.515,40,0.7143,0.7042,0.3803,0.6421,0.3879,0.631,0.3879,0.631,0.0
22.449,5.3059,1.4135,0.0129,2.5092,40,0.7424,0.7295,0.3754,0.6491,0.3754,0.6491,0.3754,0.6491,0.0
22.5,5.3175,1.4135,0.0147,2.5053,40,0.7621,0.7473,0.3666,0.6612,0.3754,0.6491,0.3754,0.6491,0.0
22.549,5.3262,1.4131,0.022,2.5029,40,0.8517,0.8297,0.3587,0.6663,0.3666,0.6612,0.3666,0.6612,0.0
22.599,5.3388,1.4123,0.036,2.4996,40,0.8665,0.8305,0.3239,0.7017,0.3587,0.6663,0.3587,0.6663,0.0
22.65,5.347,1.4115,0.0501,2.4977,40,0.8595,0.8093,0.3124,0.6999,0.3239,0.7017,0.3239,0.7017,0.0
22.7,5.3593,1.4104,0.0727,2.4949,40,0.8595,0.7868,0.3124,0.6999,0.3124,0.6999,0.3124,0.6999,0.0
22.75,5.3672,1.4094,0.0927,2.4934,40,0.8747,0.782,0.3104,0.6904,0.3104,0.6904,0.3104,0.6904,0.0
22.799,5.3751,1.4085,0.1136,2.4918,40,0.8981,0.7845,0.2967,0.685,0.2967,0.685,0.2967,0.685,0.0
22.849,5.383,1.4076,0.1371,2.4903,40,0.9139,0.7768,0.2766,0.6861,0.2766,0.6861,0.2766,0.6861,0.0
22.899,5.3948,1.4062,0.1766,2.488,40,0.9383,0.7617,0.265,0.6769,0.265,0.6769,0.265,0.6769,0.0
22.95,5.4027,1.4053,0.2054,2.4865,40,0.9548,0.7494,0.2515,0.676,0.265,0.6769,0.265,0.6769,0.0
23.0,5.4106,1.4045,0.2363,2.485,40,0.9801,0.7438,0.2421,0.6636,0.2515,0.676,0.2515,0.676,0.0
23.05,5.4183,1.4039,0.2667,2.4832,40,1.0508,0.7841,0.231,0.6611,0.2421,0.6636,0.2421,0.6636,0.0
23.1,5.4257,1.4032,0.3008,2.4818,39,1.0508,0.75,0.231,0.6611,0.231,0.6611,0.231,0.6611,0.0
23.149,5.4328,1.4027,0.3338,2.4803,39,0.8532,0.5194,0.2206,0.6708,0.2206,0.6708,0.2206,0.6708,0.0
23.199,5.4399,1.4024,0.3673,2.4786,39,0.867,0.4997,0.2892,0.5582,0.2892,0.5582,0.2892,0.5582,0.0
23.249,5.4505,1.4022,0.4186,2.4757,39,0.8877,0.4692,0.291,0.5381,0.291,0.5381,0.291,0.5381,0.0
23.3,5.4575,1.4023,0.454,2.4737,39,0.9015,0.4475,0.2883,0.5306,0.2883,0.5306,0.2883,0.5306,0.0
23.349,5.4677,1.4026,0.5088,2.4706,39,0.9836,0.4747,0.2915,0.5075,0.2915,0.5075,0.2915,0.5075,0.0
23.399,5.4744,1.403,0.5463,2.4684,39,0.9957,0.4494,0.2656,0.5337,0.2656,0.5337,0.2656,0.5337,0.0
23.449,5.4844,1.4038,0.6038,2.465,39,1.0666,0.4628,0.272,0.5081,0.272,0.5081,0.272,0.5081,0.0
23.499,5.4911,1.4048,0.6422,2.4622,39,1.0784,0.4362,0.2511,0.527,0.2511,0.527,0.2511,0.527,0.0
23.55,5.4981,1.4064,0.679,2.4588,39,1.0961,0.417,0.2642,0.5005,0.2642,0.5005,0.2642,0.5005,0.0
23.6,5.5087,1.4099,0.7306,2.4528,39,1.1078,0.3772,0.2725,0.4894,0.2725,0.4894,0.2725,0.4894,0.0
23.649,5.5157,1.4127,0.7619,2.4482,39,1.1251,0.3632,0.3004,0.4656,0.3004,0.4656,0.3004,0.4656,0.0
23.699,5.526,1.4178,0.8063,2.4407,39,1.1363,0.33,0.3105,0.4571,0.3105,0.4571,0.3105,0.4571,0.0
23.749,5.5328,1.4216,0.835,2.4353,39,1.1191,0.2841,0.3439,0.4352,0.3439,0.4352,0.3439,0.4352,0.0
23.799,5.5428,1.4276,0.8787,2.427,39,1.1338,0.2551,0.3696,0.4023,0.3439,0.4352,0.3439,0.4352,0.0
23.849,5.5492,1.4316,0.9087,2.4215,39,1.1435,0.2347,0.3876,0.3796,0.3696,0.4023,0.3696,0.4023,0.0
23.901,5.5524,1.4337,0.9238,2.4187,39,1.1435,0.2197,0.3876,0.3796,0.3876,0.3796,0.3876,0.3796,0.0
23.949,5.5617,1.4403,0.9692,2.4101,39,1.153,0.1838,0.3966,0.3631,0.3966,0.3631,0.3966,0.3631,0.0
24.0,5.5678,1.4448,0.9996,2.4043,39,1.167,0.1674,0.406,0.3321,0.406,0.3321,0.406,0.3321,0.0
24.049,5.5737,1.4495,1.0301,2.3983,39,1.2216,0.1915,0.4106,0.3169,0.4106,0.3169,0.4106,0.3169,0.0
24.099,5.5826,1.457,1.0754,2.3889,39,1.2365,0.1611,0.4061,0.3253,0.4061,0.3253,0.4061,0.3253,0.0
24.149,5.5877,1.4614,1.1037,2.3835,36,1.4542,0.3505,0.4107,0.3109,0.4107,0.3109,0.4107,0.3109,0.0
24.199,5.5938,1.4662,1.1456,2.3774,36,1.4601,0.3146,0.3484,0.4502,0.3484,0.4502,0.3484,0.4502,0.0
24.249,5.5983,1.4706,1.1736,2.3721,36,1.4636,0.29,0.3503,0.4344,0.3484,0.4502,0.3484,0.4502,0.0
24.299,5.6031,1.477,1.1987,2.3648,36,1.4694,0.2707,0.3668,0.408,0.3668,0.408,0.3668,0.408,0.0
24.349,5.6077,1.4835,1.2237,2.3574,36,1.4732,0.2495,0.3802,0.3936,0.3668,0.408,0.3668,0.408,0.0
24.399,5.6148,1.496,1.2559,2.3436,36,1.4991,0.2432,0.4057,0.3698,0.4057,0.3698,0.4057,0.3698,0.0
24.449,5.6192,1.5045,1.277,2.3343,36,1.503,0.226,0.4123,0.3736,0.4057,0.3698,0.4057,0.3698,0.0
24.499,5.6256,1.5175,1.3077,2.3203,36,1.5085,0.2007,0.4323,0.3511,0.4323,0.3511,0.4323,0.3511,0.0
24.549,5.6295,1.5262,1.328,2.3108,36,1.512,0.184,0.4427,0.3381,0.4427,0.3381,0.4427,0.3381,0.0
24.599,5.6353,1.5381,1.365,2.298,36,1.5172,0.1522,0.4547,0.3096,0.4547,0.3096,0.4547,0.3096,0.0
24.651,5.639,1.5457,1.3909,2.2897,36,1.5191,0.1282,0.4561,0.289,0.4547,0.3096,0.4547,0.3096,0.0
24.699,5.644,1.5578,1.4263,2.2768,36,1.5235,0.0972,0.461,0.2501,0.461,0.2501,0.461,0.2501,0.0
24.749,5.6471,1.5659,1.4486,2.2683,36,1.5262,0.0775,0.5,0.0,0.5,0.0,0.5,0.0,0.0
24.8,5.651,1.5788,1.4784,2.2549,36,1.55,0.0715,0.5,0.0,0.5,0.0,0.5,0.0,0.0
24.85,5.6534,1.5875,1.4978,2.2459,36,1.5533,0.0555,0.5,0.0,0.5,0.0,0.5,0.0,0.0
24.899,5.6555,1.5963,1.5165,2.2368,36,1.5553,0.0389,0.5,0.0,0.5,0.0,0.5,0.0,0.0
24.953,5.6584,1.6098,1.5438,2.223,36,1.5553,0.0116,0.5,0.0,0.5,0.0,0.5,0.0,0.0
24.999,5.6598,1.6191,1.5597,2.2136,36,1.5541,-0.0057,0.5,0.0,0.5,0.0,0.5,0.0,0.0
25.049,5.6611,1.6286,1.5752,2.204,36,1.5561,-0.0191,0.5,0.0,0.5,0.0,0.5,0.0,0.0
25.099,5.6624,1.645,1.5942,2.1877,36,1.5573,-0.0369,0.5,0.0,0.5,0.0,0.5,0.0,0.0
25.149,5.6629,1.6569,1.6037,2.176,34,1.5583,-0.0454,0.5,0.0,0.5,0.0,0.5,0.0,0.0
25.199,5.6629,1.6749,1.6125,2.1584,34,1.5494,-0.0631,0.5,0.0,0.5,0.0,0.5,0.0,0.0
25.249,5.6627,1.687,1.616,2.1468,34,1.549,-0.0669,0.5,0.0,0.5,0.0,0.5,0.0,0.0
25.3,5.6622,1.699,1.6175,2.1351,34,1.5469,-0.0705,0.5,0.0,0.5,0.0,0.5,0.0,0.0
25.349,5.6616,1.711,1.6168,2.1236,34,1.5458,-0.071,0.5,0.0,0.5,0.0,0.5,0.0,0.0
25.399,5.6607,1.729,1.6159,2.1063,34,1.5449,-0.071,0.5,0.0,0.5,0.0,0.5,0.0,0.0
25.45,5.6599,1.7469,1.6153,2.089,34,1.5436,-0.0718,0.5,0.0,0.5,0.0,0.5,0.0,0.0
25.499,5.6594,1.7588,1.6154,2.0776,34,1.5426,-0.0727,0.5,0.0,0.5,0.0,0.5,0.0,0.0
25.549,5.6589,1.7706,1.6159,2.0662,34,1.5402,-0.0757,0.5,0.0,0.5,0.0,0.5,0.0,0.0
25.599,5.6584,1.7824,1.6164,2.0548,34,1.5394,-0.077,0.5,0.0,0.5,0.0,0.5,0.0,0.0
25.649,5.6578,1.7954,1.6165,2.0423,34,1.5383,-0.0781,0.5,0.0,0.5,0.0,0.5,0.0,0.0
25.699,5.6574,1.8041,1.6165,2.034,34,1.5377,-0.0788,0.5,0.0,0.5,0.0,0.5,0.0,0.0
25.749,5.657,1.8153,1.6188,2.0232,34,1.5366,-0.0822,0.5,0.0,0.5,0.0,0.5,0.0,0.0
25.799,5.6565,1.8326,1.6233,2.0065,34,1.5366,-0.0867,0.5,0.0,0.5,0.0,0.5,0.0,0.0
25.85,5.6561,1.8442,1.6262,1.9954,34,1.5412,-0.085,0.5,0.0,0.5,0.0,0.5,0.0,0.0
25.901,5.6555,1.8615,1.6306,1.9787,34,1.5412,-0.0894,0.5,0.0,0.5,0.0,0.5,0.0,0.0
25.95,5.655,1.8731,1.6335,1.9676,34,1.5405,-0.093,0.5,0.0,0.5,0.0,0.5,0.0,0.0
26.0,5.6545,1.8846,1.6363,1.9565,34,1.5393,-0.097,0.5,0.0,0.5,0.0,0.5,0.0,0.0
26.05,5.6536,1.9021,1.6391,1.9398,34,1.5384,-0.1007,0.5,0.0,0.5,0.0,0.5,0.0,0.0
26.1,5.6529,1.9139,1.6405,1.9287,34,1.5369,-0.1036,0.5,0.0,0.5,0.0,0.5,0.0,0.0
26.149,5.6521,1.9256,1.6414,1.9175,34,1.5353,-0.1062,0.5,0.0,0.5,0.0,0.5,0.0,0.0
26.2,5.6513,1.9374,1.6419,1.9063,30,1.5335,-0.1084,0.5,0.0,0.5,0.0,0.5,0.0,0.0
26.249,5.6501,1.9551,1.6429,1.8895,30,1.5338,-0.1092,0.5,0.0,0.5,0.0,0.5,0.0,0.0
26.299,5.6494,1.9668,1.6441,1.8784,30,1.5319,-0.1121,0.5,0.0,0.5,0.0,0.5,0.0,0.0
26.35,5.6483,1.9843,1.6461,1.8618,30,1.5307,-0.1154,0.5,0.0,0.5,0.0,0.5,0.0,0.0
26.399,5.6475,1.9959,1.6478,1.8508,30,1.5286,-0.1193,0.5,0.0,0.5,0.0,0.5,0.0,0.0
26.451,5.6464,2.0133,1.6505,1.8344,30,1.5274,-0.1232,0.5,0.0,0.5,0.0,0.5,0.0,0.0
26.499,5.6456,2.0249,1.6524,1.8234,30,1.5255,-0.1269,0.5,0.0,0.5,0.0,0.5,0.0,0.0
26.549,5.6448,2.0364,1.6543,1.8125,30,1.5242,-0.1302,0.5,0.0,0.5,0.0,0.5,0.0,0.0
26.599,5.6435,2.0538,1.6572,1.7962,30,1.5221,-0.1351,0.5,0.0,0.5,0.0,0.5,0.0,0.0
26.65,5.6427,2.0654,1.6591,1.7853,30,1.5209,-0.1381,0.5,0.0,0.5,0.0,0.5,0.0,0.0
26.699,5.6414,2.0827,1.662,1.769,30,1.5188,-0.1432,0.5,0.0,0.5,0.0,0.5,0.0,0.0
26.75,5.6404,2.0943,1.6639,1.7582,30,1.5174,-0.1466,0.5,0.0,0.5,0.0,0.5,0.0,0.0
26.8,5.6395,2.1059,1.6658,1.7473,30,1.5174,-0.1484,0.5,0.0,0.5,0.0,0.5,0.0,0.0
26.85,5.639,2.1117,1.6667,1.7419,30,1.4753,-0.1915,0.5,0.0,0.5,0.0,0.5,0.0,0.0
26.9,5.6381,2.1232,1.6686,1.7311,30,1.4732,-0.1954,0.5,0.0,0.5,0.0,0.5,0.0,0.0
26.95,5.6366,2.1406,1.6713,1.715,30,1.472,-0.1993,0.5,0.0,0.5,0.0,0.5,0.0,0.0
27.0,5.6355,2.1522,1.6731,1.7042,30,1.4699,-0.2032,0.5,0.0,0.5,0.0,0.5,0.0,0.0
27.049,5.6345,2.1637,1.6749,1.6935,30,1.4699,-0.205,0.5,0.0,0.5,0.0,0.5,0.0,0.0
27.099,5.6334,2.1753,1.6767,1.6828,30,1.4667,-0.21,0.5,0.0,0.5,0.0,0.5,0.0,0.0
27.149,5.6317,2.1927,1.6793,1.6667,30,1.4644,-0.2149,0.5,0.0,0.5,0.0,0.5,0.0,0.0
27.2,5.6306,2.2042,1.6811,1.656,30,1.4609,-0.2202,0.5,0.0,0.5,0.0,0.5,0.0,0.0
27.249,5.6295,2.2158,1.6829,1.6454,27,1.463,-0.2198,0.5,0.0,0.5,0.0,0.5,0.0,0.0
27.3,5.6283,2.2274,1.6846,1.6348,27,1.4608,-0.2239,0.5,0.0,0.5,0.0,0.5,0.0,0.0
27.349,5.6265,2.2447,1.6873,1.6189,27,1.4584,-0.2289,0.5,0.0,0.5,0.0,0.5,0.0,0.0
27.399,5.6253,2.2563,1.6891,1.6083,27,1.456,-0.2331,0.5,0.0,0.5,0.0,0.5,0.0,0.0
27.449,5.6241,2.2678,1.6909,1.5977,27,1.4536,-0.2373,0.5,0.0,0.5,0.0,0.5,0.0,0.0
27.499,5.6228,2.2794,1.6927,1.5872,27,1.4536,-0.2391,0.5,0.0,0.5,0.0,0.5,0.0,0.0
27.549,5.6215,2.291,1.6944,1.5767,27,1.4499,-0.2445,0.5,0.0,0.5,0.0,0.5,0.0,0.0
27.6,5.6202,2.3025,1.6962,1.5663,27,1.4474,-0.2489,0.5,0.0,0.5,0.0,0.5,0.0,0.0
27.649,5.6189,2.3141,1.698,1.5558,27,1.4434,-0.2546,0.5,0.0,0.5,0.0,0.5,0.0,0.0
27.7,5.6182,2.3198,1.6989,1.5506,27,1.4434,-0.2555,0.5,0.0,0.5,0.0,0.5,0.0,0.0
27.75,5.6169,2.3314,1.7007,1.5402,27,1.4409,-0.2598,0.5,0.0,0.5,0.0,0.5,0.0,0.0
27.799,5.6155,2.3429,1.7025,1.5298,27,1.4369,-0.2656,0.5,0.0,0.5,0.0,0.5,0.0,0.0
27.85,5.6134,2.3602,1.7052,1.5143,27,1.4342,-0.271,0.5,0.0,0.5,0.0,0.5,0.0,0.0
27.9,5.612,2.3718,1.707,1.504,27,1.44,-0.267,0.5,0.0,0.5,0.0,0.5,0.0,0.0
27.95,5.6098,2.3891,1.7097,1.4886,27,1.4372,-0.2725,0.5,0.0,0.5,0.0,0.5,0.0,0.0
28.001,5.6084,2.4006,1.7115,1.4783,27,1.4243,-0.2872,0.5,0.0,0.5,0.0,0.5,0.0,0.0
28.049,5.6069,2.4121,1.7133,1.4681,27,1.4214,-0.2919,0.4794,-0.4157,0.4794,-0.4157,0.4794,-0.4157,0.0
28.1,5.6046,2.4294,1.716,1.4529,27,1.4169,-0.2991,0.4786,-0.4198,0.4786,-0.4198,0.4786,-0.4198,0.0
28.149,5.603,2.4409,1.7179,1.4428,27,1.4138,-0.3041,0.4777,-0.4243,0.4777,-0.4243,0.4777,-0.4243,0.0
28.2,5.6007,2.4582,1.7206,1.4276,27,1.409,-0.3116,0.4768,-0.4284,0.4777,-0.4243,0.4777,-0.4243,0.0
28.25,5.5991,2.4697,1.7224,1.4176,23,1.4057,-0.3167,0.4758,-0.433,0.4768,-0.4284,0.4768,-0.4284,0.0
28.3,5.5975,2.4812,1.7242,1.4076,23,1.4057,-0.3185,0.4758,-0.433,0.4758,-0.433,0.4758,-0.433,0.0
28.349,5.5958,2.4927,1.726,1.3976,23,1.4021,-0.3239,0.4748,-0.4372,0.4748,-0.4372,0.4748,-0.4372,0.0
28.399,5.5933,2.5099,1.7288,1.3827,23,1.3967,-0.332,0.474,-0.4409,0.474,-0.4409,0.474,-0.4409,0.0
28.449,5.5916,2.5214,1.7306,1.3728,23,1.393,-0.3376,0.4727,-0.4463,0.4727,-0.4463,0.4727,-0.4463,0.0
28.5,5.5886,2.5392,1.7284,1.3578,23,1.3719,-0.3565,0.4718,-0.45,0.4718,-0.45,0.4718,-0.45,0.0
28.549,5.5864,2.5513,1.725,1.3476,23,1.3674,-0.3576,0.4686,-0.4625,0.4686,-0.4625,0.4686,-0.4625,0.0
28.6,5.5829,2.5694,1.715,1.3327,23,1.3629,-0.3521,0.4684,-0.4632,0.4684,-0.4632,0.4684,-0.4632,0.0
28.649,5.5805,2.5814,1.7065,1.3228,23,1.3556,-0.3509,0.4655,-0.4597,0.4655,-0.4597,0.4655,-0.4597,0.0
28.699,5.578,2.5934,1.6956,1.313,23,1.3506,-0.345,0.4627,-0.4589,0.4627,-0.4589,0.4627,-0.4589,0.0
28.75,5.5755,2.6053,1.682,1.3033,23,1.3547,-0.3273,0.4597,-0.4505,0.4597,-0.4505,0.4597,-0.4505,0.0
28.8,5.5731,2.6173,1.6683,1.2935,23,1.3437,-0.3247,0.4585,-0.4385,0.4597,-0.4505,0.4597,-0.4505,0.0
28.849,5.5693,2.6352,1.6403,1.2792,23,1.3259,-0.3144,0.4554,-0.4285,0.4585,-0.4385,0.4585,-0.4385,0.0
28.899,5.567,2.6472,1.6216,1.2694,23,1.3136,-0.308,0.4512,-0.4278,0.4512,-0.4278,0.4512,-0.4278,0.0
28.95,5.564,2.6652,1.5922,1.2549,23,1.2821,-0.3102,0.4493,-0.416,0.4512,-0.4278,0.4512,-0.4278,0.0
29.0,5.5623,2.6772,1.5727,1.245,23,1.2821,-0.2906,0.4435,-0.4245,0.4493,-0.416,0.4493,-0.416,0.0
29.05,5.5608,2.6892,1.5533,1.235,23,1.2768,-0.2766,0.4435,-0.4245,0.4435,-0.4245,0.4435,-0.4245,0.0
29.1,5.5595,2.7013,1.5341,1.2249,23,1.2407,-0.2934,0.4464,-0.4073,0.4464,-0.4073,0.4464,-0.4073,0.0
29.15,5.5585,2.7135,1.5149,1.2147,23,1.2356,-0.2792,0.4406,-0.4196,0.4406,-0.4196,0.4406,-0.4196,0.0
29.2,5.5578,2.7257,1.496,1.2044,23,1.2283,-0.2677,0.4465,-0.4023,0.4465,-0.4023,0.4465,-0.4023,0.0
29.249,5.5571,2.744,1.4677,1.1887,23,1.2236,-0.2441,0.4491,-0.3936,0.4491,-0.3936,0.4491,-0.3936,0.0
29.299,5.557,2.7563,1.4494,1.178,19,1.2167,-0.2327,0.4536,-0.3754,0.4536,-0.3754,0.4536,-0.3754,0.0
29.35,5.5571,2.7687,1.4313,1.1673,19,1.181,-0.2502,0.4575,-0.3663,0.4575,-0.3663,0.4575,-0.3663,0.0
29.4,5.5575,2.7811,1.4134,1.1564,19,1.181,-0.2324,0.4575,-0.3663,0.4575,-0.3663,0.4575,-0.3663,0.0
29.449,5.5581,2.7934,1.3957,1.1454,19,1.1744,-0.2212,0.4564,-0.3734,0.4564,-0.3734,0.4564,-0.3734,0.0
29.5,5.5589,2.8058,1.378,1.1343,19,1.1702,-0.2078,0.4582,-0.3643,0.4582,-0.3643,0.4582,-0.3643,0.0
29.549,5.56,2.8182,1.3605,1.1231,19,1.123,-0.2376,0.4631,-0.3456,0.4631,-0.3456,0.4631,-0.3456,0.0
29.599,5.5613,2.8306,1.3431,1.1119,19,1.1187,-0.2243,0.4588,-0.3706,0.4588,-0.3706,0.4588,-0.3706,0.0
29.649,5.5637,2.8491,1.3172,1.0948,19,1.1109,-0.2062,0.4635,-0.3525,0.4635,-0.3525,0.4635,-0.3525,0.0
29.7,5.5655,2.8615,1.2999,1.0834,19,1.1069,-0.193,0.4646,-0.3443,0.4646,-0.3443,0.4646,-0.3443,0.0
29.749,5.5688,2.88,1.2751,1.0659,19,1.2134,-0.0617,0.4689,-0.3252,0.4689,-0.3252,0.4689,-0.3252,0.0
29.799,5.5713,2.8924,1.2591,1.0541,19,1.2088,-0.0503,0.5,0.0,0.4689,-0.3252,0.4689,-0.3252,0.0
29.85,5.5741,2.9048,1.2433,1.0422,19,1.2024,-0.041,0.5,0.0,0.5,0.0,0.5,0.0,0.0
29.899,5.5786,2.9233,1.2197,1.0243,19,1.1983,-0.0213,0.5,0.0,0.5,0.0,0.5,0.0,0.0
29.95,5.5819,2.9357,1.2044,1.0121,19,1.2068,0.0024,0.5,0.0,0.5,0.0,0.5,0.0,0.0
30.001,5.5873,2.9542,1.1828,0.9937,19,1.2068,0.024,0.5,0.0,0.5,0.0,0.5,0.0,0.0
30.049,5.5911,2.9665,1.1682,0.9814,19,1.2045,0.0364,0.5,0.0,0.5,0.0,0.5,0.0,0.0
30.1,5.5951,2.9787,1.1535,0.969,19,1.2016,0.0481,0.5,0.0,0.5,0.0,0.5,0.0,0.0
30.149,5.5993,2.9909,1.139,0.9566,19,1.2001,0.0611,0.5,0.0,0.5,0.0,0.5,0.0,0.0
30.2,5.6062,3.0092,1.1187,0.9376,19,1.1985,0.0798,0.5,0.0,0.5,0.0,0.5,0.0,0.0
30.25,5.6085,3.0152,1.112,0.9313,19,1.2114,0.0994,0.5,0.0,0.5,0.0,0.5,0.0,0.0
30.299,5.6129,3.026,1.1013,0.9199,19,1.2156,0.1143,0.5,0.0,0.5,0.0,0.5,0.0,0.0
30.349,5.6174,3.0367,1.0897,0.9087,15,1.2156,0.1259,0.5,0.0,0.5,0.0,0.5,0.0,0.0
30.399,5.6247,3.0523,1.0793,0.8917,15,1.2161,0.1368,0.5,0.0,0.5,0.0,0.5,0.0,0.0
30.449,5.6298,3.0625,1.0749,0.8804,15,1.2202,0.1452,0.5,0.0,0.5,0.0,0.5,0.0,0.0
30.499,5.638,3.0776,1.0751,0.8633,15,1.2242,0.1491,0.5,0.0,0.5,0.0,0.5,0.0,0.0
30.55,5.6436,3.0876,1.0778,0.852,15,1.2308,0.1529,0.5,0.0,0.5,0.0,0.5,0.0,0.0
30.599,5.6492,3.0976,1.081,0.8406,15,1.236,0.155,0.5,0.0,0.5,0.0,0.5,0.0,0.0
30.649,5.6577,3.1125,1.087,0.8235,15,1.2445,0.1575,0.5,0.0,0.5,0.0,0.5,0.0,0.0
30.699,5.6633,3.1226,1.0906,0.8121,15,1.2505,0.1599,0.5,0.0,0.5,0.0,0.5,0.0,0.0
30.749,5.6716,3.1377,1.0956,0.7949,15,1.2494,0.1538,0.5,0.0,0.5,0.0,0.5,0.0,0.0
30.799,5.6771,3.1479,1.0982,0.7835,15,1.2545,0.1563,0.5,0.0,0.5,0.0,0.5,0.0,0.0
30.849,5.6852,3.1633,1.101,0.7662,15,1.2624,0.1614,0.5,0.0,0.5,0.0,0.5,0.0,0.0
30.9,5.6905,3.1736,1.1028,0.7548,15,1.2679,0.1651,0.5,0.0,0.5,0.0,0.5,0.0,0.0
30.949,5.6986,3.1892,1.1052,0.7375,15,1.2766,0.1714,0.5,0.0,0.5,0.0,0.5,0.0,0.0
30.999,5.7039,3.1995,1.1069,0.726,15,1.2828,0.176,0.5,0.0,0.5,0.0,0.5,0.0,0.0
31.049,5.7119,3.2151,1.1093,0.7088,15,1.2485,0.1392,0.5,0.0,0.5,0.0,0.5,0.0,0.0
31.099,5.7172,3.2254,1.111,0.6974,15,1.253,0.1421,0.5,0.0,0.5,0.0,0.5,0.0,0.0
31.149,5.7225,3.2358,1.1126,0.6859,15,1.2603,0.1477,0.5,0.0,0.5,0.0,0.5,0.0,0.0
31.199,5.7304,3.2514,1.1151,0.6688,15,1.2654,0.1503,0.5,0.0,0.5,0.0,0.5,0.0,0.0
31.249,5.7356,3.2618,1.1168,0.6573,15,1.2737,0.1569,0.5,0.0,0.5,0.0,0.5,0.0,0.0
31.299,5.7434,3.2774,1.1194,0.6402,15,1.2085,0.089,0.5,0.0,0.5,0.0,0.5,0.0,0.0
31.349,5.7486,3.2878,1.1212,0.6289,15,1.2401,0.1189,0.5,0.0,0.5,0.0,0.5,0.0,0.0
31.4,5.7564,3.3034,1.1239,0.6118,50,0.7207,-0.4033,0.5,0.0,0.5,0.0,0.5,0.0,0.0
31.449,5.7615,3.3138,1.1257,0.6005,50,0.7141,-0.4117,0.4597,-0.4924,0.4597,-0.4924,0.4597,-0.4924,0.0
31.5,5.7666,3.3242,1.1275,0.5892,50,0.7095,-0.418,0.458,-0.4975,0.458,-0.4975,0.458,-0.4975,0.0
31.549,5.7718,3.3347,1.1293,0.5779,50,0.7095,-0.4198,0.458,-0.4975,0.458,-0.4975,0.458,-0.4975,0.0
31.599,5.7768,3.3451,1.1311,0.5666,50,0.7191,-0.412,0.4566,-0.5019,0.4566,-0.5019,0.4566,-0.5019,0.0
31.649,5.7844,3.3608,1.1339,0.5497,50,0.7125,-0.4213,0.4582,-0.4972,0.4582,-0.4972,0.4582,-0.4972,0.0
31.7,5.7895,3.3713,1.1357,0.5384,50,0.708,-0.4277,0.4563,-0.5028,0.4563,-0.5028,0.4563,-0.5028,0.0
31.749,5.7956,3.3842,1.1367,0.5246,50,0.7033,-0.4334,0.455,-0.5066,0.455,-0.5066,0.455,-0.5066,0.0
31.799,5.7991,3.3918,1.1368,0.5166,50,0.6973,-0.4394,0.4538,-0.5099,0.4538,-0.5099,0.4538,-0.5099,0.0
31.849,5.8053,3.4059,1.1325,0.5019,50,0.6938,-0.4388,0.4525,-0.5135,0.4525,-0.5135,0.4525,-0.5135,0.0
31.899,5.8099,3.4166,1.1274,0.4909,50,0.7124,-0.4149,0.4526,-0.5131,0.4526,-0.5131,0.4526,-0.5131,0.0
31.949,5.8144,3.4274,1.1198,0.4799,50,0.7074,-0.4124,0.4552,-0.499,0.4552,-0.499,0.4552,-0.499,0.0
32.0,5.8211,3.4437,1.1045,0.4634,50,0.6995,-0.405,0.4517,-0.4943,0.4517,-0.4943,0.4517,-0.4943,0.0
32.049,5.8255,3.4547,1.0918,0.4525,50,0.6913,-0.4005,0.4469,-0.4898,0.4469,-0.4898,0.4469,-0.4898,0.0
32.1,5.8321,3.4711,1.0687,0.4361,50,0.6854,-0.3833,0.4437,-0.4855,0.4437,-0.4855,0.4437,-0.4855,0.0
32.149,5.8366,3.482,1.0509,0.4253,50,0.6796,-0.3713,0.4411,-0.4796,0.4411,-0.4796,0.4411,-0.4796,0.0
32.199,5.8433,3.4982,1.0201,0.4092,50,0.7059,-0.3143,0.4383,-0.4654,0.4383,-0.4654,0.4383,-0.4654,0.0
32.249,5.8479,3.5089,0.9984,0.3985,50,0.7006,-0.2978,0.4442,-0.4342,0.4442,-0.4342,0.4442,-0.4342,0.0
32.299,5.8551,3.5248,0.9638,0.3825,50,0.6927,-0.2711,0.444,-0.4144,0.444,-0.4144,0.444,-0.4144,0.0
32.349,5.8603,3.5352,0.9409,0.3717,50,0.6875,-0.2534,0.4434,-0.4033,0.4434,-0.4033,0.4434,-0.4033,0.0
32.399,5.8687,3.5508,0.9083,0.3551,47,0.7221,-0.1862,0.4466,-0.3813,0.4466,-0.3813,0.4466,-0.3813,0.0
32.449,5.8747,3.5611,0.887,0.344,47,0.7118,-0.1752,0.4573,-0.3342,0.4573,-0.3342,0.4573,-0.3342,0.0
32.5,5.8841,3.5763,0.8556,0.3271,47,0.6957,-0.1599,0.4607,-0.3144,0.4607,-0.3144,0.4607,-0.3144,0.0
32.549,5.8907,3.5863,0.8349,0.3157,47,0.685,-0.1499,0.4547,-0.3097,0.4547,-0.3097,0.4547,-0.3097,0.0
32.6,5.9011,3.601,0.8045,0.2985,47,0.6406,-0.1639,0.4519,-0.2896,0.4519,-0.2896,0.4519,-0.2896,0.0
32.649,5.9083,3.6107,0.7844,0.287,47,0.6311,-0.1533,0.4385,-0.3136,0.4385,-0.3136,0.4385,-0.3136,0.0
32.699,5.9159,3.6203,0.7656,0.2752,47,0.6171,-0.1485,0.4363,-0.2937,0.4363,-0.2937,0.4363,-0.2937,0.0
32.75,5.9278,3.6345,0.7385,0.2573,47,0.6079,-0.1306,0.4282,-0.2893,0.4282,-0.2893,0.4282,-0.2893,0.0
32.799,5.9362,3.6438,0.7216,0.2451,47,0.6374,-0.0842,0.4247,-0.2706,0.4247,-0.2706,0.4247,-0.2706,0.0
32.85,5.9491,3.6576,0.697,0.2268,47,0.6301,-0.0669,0.4369,0.0,0.4369,0.0,0.4369,0.0,0.0
32.9,5.9583,3.6666,0.6826,0.2142,47,0.6022,-0.0804,0.4283,0.0,0.4283,0.0,0.4283,0.0,0.0
32.949,5.9677,3.6756,0.669,0.2014,47,0.5964,-0.0726,0.4149,0.0,0.4283,0.0,0.4283,0.0,0.0
33.001,5.9823,3.6889,0.65,0.1821,47,0.5881,-0.0619,0.4055,0.0,0.4149,0.0,0.4149,0.0,0.0
33.05,5.9872,3.6933,0.6438,0.1757,47,0.5881,-0.0557,0.4055,0.0,0.4055,0.0,0.4055,0.0,0.0
33.101,5.9961,3.7009,0.6327,0.1642,47,0.6438,0.0111,0.3909,0.0,0.3909,0.0,0.4055,0.0,0.0
33.15,6.0038,3.7074,0.6239,0.1544,47,0.6285,0.0046,0.0,0.0,0.3909,0.0,0.3909,0.0,0.0
33.202,6.0114,3.7139,0.6139,0.1446,47,0.6189,0.005,0.0,0.0,0.0,0.0,0.0,0.0,0.0
33.249,6.0214,3.7222,0.6007,0.132,47,0.6189,0.0182,0.0,0.0,0.0,0.0,0.0,0.0,0.0
33.3,6.0316,3.7305,0.5853,0.1192,47,0.6007,0.0154,0.0,0.0,0.0,0.0,0.0,0.0,0.0
33.35,6.0413,3.7381,0.5731,0.1072,47,0.5853,0.0122,0.0,0.0,0.0,0.0,0.0,0.0,0.0
33.399,6.0549,3.7479,0.561,0.0909,47,0.5692,0.0083,0.0,0.0,0.0,0.0,0.0,0.0,0.0
33.45,6.0641,3.7542,0.556,0.0802,47,0.561,0.005,0.0,0.0,0.0,0.0,0.0,0.0,0.0
33.5,6.0734,3.7601,0.5548,0.0695,47,0.5554,0.0006,0.0,0.0,0.0,0.0,0.0,0.0,0.0
33.55,6.0862,3.7681,0.5529,0.0551,47,0.5542,0.0012,0.0,0.0,0.0,0.0,0.0,0.0,0.0
33.6,6.0927,3.7723,0.5518,0.0479,47,0.5523,0.0005,0.0,0.0,0.0,0.0,0.0,0.0,0.0
33.649,6.0994,3.7764,0.5507,0.0408,47,0.5513,0.0005,0.0,0.0,0.0,0.0,0.0,0.0,0.0
33.699,6.1052,3.7802,0.549,0.0348,47,0.5495,0.0005,0.0,0.0,0.0,0.0,0.0,0.0,0.0
33.75,6.1092,3.7827,0.5479,0.031,47,0.5485,0.0005,0.0,0.0,0.0,0.0,0.0,0.0,0.0
33.8,6.1098,3.7832,0.5473,0.0303,47,0.5485,0.0012,0.0,0.0,0.0,0.0,0.0,0.0,0.0
33.852,6.111,3.784,0.5462,0.0293,47,0.5467,0.0005,0.0,0.0,0.0,0.0,0.0,0.0,0.0
33.9,6.1121,3.7848,0.5451,0.0283,47,0.5467,0.0016,0.0,0.0,0.0,0.0,0.0,0.0,0.0
33.949,6.1107,3.784,0.5439,0.0296,47,0.5457,0.0018,0.0,0.0,0.0,0.0,0.0,0.0,0.0
33.999,6.1091,3.7832,0.5428,0.0311,47,0.5439,0.0011,0.0,0.0,0.0,0.0,0.0,0.0,0.0
34.049,6.1041,3.7803,0.541,0.0359,47,0.5423,0.0012,0.0,0.0,0.0,0.0,0.0,0.0,0.0
34.099,6.0998,3.7778,0.5399,0.0403,47,0.541,0.0011,0.0,0.0,0.0,0.0,0.0,0.0,0.0
34.15,6.0907,3.7725,0.5383,0.0499,47,0.5399,0.0017,0.0,0.0,0.0,0.0,0.0,0.0,0.0
34.199,6.0836,3.7684,0.5372,0.0576,47,0.5383,0.001,0.0,0.0,0.0,0.0,0.0,0.0,0.0
34.249,6.0764,3.7642,0.5363,0.0655,47,0.5372,0.0009,0.0,0.0,0.0,0.0,0.0,0.0,0.0
34.299,6.0653,3.7577,0.5352,0.0779,47,0.536,0.0008,0.0,0.0,0.0,0.0,0.0,0.0,0.0
34.349,6.0587,3.7539,0.5345,0.0853,47,0.5352,0.0007,0.0,0.0,0.0,0.0,0.0,0.0,0.0
34.399,6.0505,3.7492,0.5336,0.0947,47,0.5342,0.0006,0.0,0.0,0.0,0.0,0.0,0.0,0.0
34.45,6.0458,3.7465,0.5332,0.0999,47,0.5334,0.0002,0.0,0.0,0.0,0.0,0.0,0.0,0.0
34.5,6.0405,3.7434,0.5326,0.106,47,0.533,0.0004,0.0,0.0,0.0,0.0,0.0,0.0,0.0
34.549,6.0379,3.7419,0.5324,0.109,47,0.5326,0.0003,0.0,0.0,0.0,0.0,0.0,0.0,0.0
34.599,6.0363,3.741,0.5322,0.1108,47,0.5323,0.0001,0.0,0.0,0.0,0.0,0.0,0.0,0.0
34.649,6.0346,3.7401,0.5321,0.1127,47,0.5321,0.0001,0.0,0.0,0.0,0.0,0.0,0.0,0.0
34.699,6.0346,3.7401,0.5321,0.1127,47,0.5321,0.0,0.0,0.0,0.0,0.0,0.0,0.0,0.0
34.749,6.0346,3.7401,0.5321,0.1127,47,0.5321,0.0,0.0,0.0,0.0,0.0,0.0,0.0,0.0
34.799,6.0346,3.7401,0.5321,0.1127,47,0.5321,0.0,0.0,0.0,0.0,0.0,0.0,0.0,0.0
34.849,6.0346,3.7401,0.5321,0.1127,47,0.5321,0.0,0.0,0.0,0.0,0.0,0.0,0.0,0.0
34.9,6.0346,3.7401,0.5321,0.1127,47,0.5321,0.0,0.0,0.0,0.0,0.0,0.0,0.0,0.0
34.949,6.0346,3.7401,0.5321,0.1127,47,0.5321,0.0,0.0,0.0,0.0,0.0,0.0,0.0,0.0
34.999,6.0346,3.7401,0.5321,0.1127,47,0.5321,0.0,0.0,0.0,0.0,0.0,0.0,0.0,0.0
35.049,6.0346,3.7401,0.5321,0.1127,47,0.5321,0.0,0.0,0.0,0.0,0.0,0.0,0.0,0.0
35.1,6.0346,3.7401,0.5321,0.1127,47,0.5321,0.0,0.0,0.0,0.0,0.0,0.0,0.0,0.0
35.149,6.0346,3.7401,0.5321,0.1127,47,0.5321,0.0,0.0,0.0,0.0,0.0,0.0,0.0,0.0
35.2,6.0346,3.7401,0.5321,0.1127,47,0.5321,0.0,0.0,0.0,0.0,0.0,0.0,0.0,0.0
35.249,6.0346,3.7401,0.5321,0.1127,47,0.5321,0.0,0.0,0.0,0.0,0.0,0.0,0.0,0.0
35.299,6.0346,3.7401,0.5321,0.1127,47,0.5321,0.0,0.0,0.0,0.0,0.0,0.0,0.0,0.0
35.35,6.0346,3.7401,0.5321,0.1127,47,0.5321,0.0,0.0,0.0,0.0,0.0,0.0,0.0,0.0
35.4,6.0346,3.7401,0.5321,0.1127,47,0.5321,0.0,0.0,0.0,0.0,0.0,0.0,0.0,0.0
35.45,6.0346,3.7401,0.5321,0.1127,47,0.5321,0.0,0.0,0.0,0.0,0.0,0.0,0.0,0.0
35.5,6.0346,3.7401,0.5321,0.1127,47,0.5321,0.0,0.0,0.0,0.0,0.0,0.0,0.0,0.0
35.549,6.0346,3.7401,0.5321,0.1127,47,0.5321,0.0,0.0,0.0,0.0,0.0,0.0,0.0,0.0
35.6,6.0346,3.7401,0.5321,0.1127,47,0.5321,0.0,0.0,0.0,0.0,0.0,0.0,0.0,0.0
35.649,6.0346,3.7401,0.5321,0.1127,47,0.5321,0.0,0.0,0.0,0.0,0.0,0.0,0.0,0.0
35.7,6.0346,3.7401,0.5321,0.1127,47,0.5321,0.0,0.0,0.0,0.0,0.0,0.0,0.0,0.0
35.749,6.0346,3.7401,0.5321,0.1127,47,0.5321,0.0,0.0,0.0,0.0,0.0,0.0,0.0,0.0
35.799,6.0346,3.7401,0.5321,0.1127,47,0.5321,0.0,0.0,0.0,0.0,0.0,0.0,0.0,0.0
35.849,6.0346,3.7401,0.5321,0.1127,47,0.5321,0.0,0.0,0.0,0.0,0.0,0.0,0.0,0.0
35.899,6.0346,3.7401,0.5321,0.1127,47,0.5321,0.0,0.0,0.0,0.0,0.0,0.0,0.0,0.0
35.95,6.0346,3.7401,0.5321,0.1127,47,0.5321,0.0,0.0,0.0,0.0,0.0,0.0,0.0,0.0
35.999,6.0346,3.7401,0.5321,0.1127,47,0.5321,0.0,0.0,0.0,0.0,0.0,0.0,0.0,0.0
36.049,6.0346,3.7401,0.5321,0.1127,47,0.5321,0.0,0.0,0.0,0.0,0.0,0.0,0.0,0.0
36.099,6.0346,3.7401,0.5321,0.1127,47,0.5321,0.0,0.0,0.0,0.0,0.0,0.0,0.0,0.0
36.149,6.0346,3.7401,0.5321,0.1127,47,0.5321,0.0,0.0,0.0,0.0,0.0,0.0,0.0,0.0
36.199,6.0346,3.7401,0.5321,0.1127,47,0.5321,0.0,0.0,0.0,0.0,0.0,0.0,0.0,0.0
36.249,6.0346,3.7401,0.5321,0.1127,47,0.5321,0.0,0.0,0.0,0.0,0.0,0.0,0.0,0.0
36.3,6.0346,3.7401,0.5321,0.1127,47,0.5321,0.0,0.0,0.0,0.0,0.0,0.0,0.0,0.0
36.349,6.0346,3.7401,0.5321,0.1127,47,0.5321,0.0,0.0,0.0,0.0,0.0,0.0,0.0,0.0
36.399,6.0346,3.7401,0.5321,0.1127,47,0.5321,0.0,0.0,0.0,0.0,0.0,0.0,0.0,0.0
36.449,6.0346,3.7401,0.5321,0.1127,47,0.5321,0.0,0.0,0.0,0.0,0.0,0.0,0.0,0.0
36.499,6.0346,3.7401,0.5321,0.1127,47,0.5321,0.0,0.0,0.0,0.0,0.0,0.0,0.0,0.0
36.549,6.0346,3.7401,0.5321,0.1127,47,0.5321,0.0,0.0,0.0,0.0,0.0,0.0,0.0,0.0
36.6,6.0346,3.7401,0.5321,0.1127,47,0.5321,0.0,0.0,0.0,0.0,0.0,0.0,0.0,0.0
36.649,6.0346,3.7401,0.5321,0.1127,47,0.5321,0.0,0.0,0.0,0.0,0.0,0.0,0.0,0.0
36.699,6.0346,3.7401,0.5321,0.1127,47,0.5321,0.0,0.0,0.0,0.0,0.0,0.0,0.0,0.0
36.75,6.0346,3.7401,0.5321,0.1127,47,0.5321,0.0,0.0,0.0,0.0,0.0,0.0,0.0,0.0
36.8,6.0346,3.7401,0.5321,0.1127,47,0.5321,0.0,0.0,0.0,0.0,0.0,0.0,0.0,0.0
36.849,6.0346,3.7401,0.5321,0.1127,47,0.5321,0.0,0.0,0.0,0.0,0.0,0.0,0.0,0.0
36.899,6.0346,3.7401,0.5321,0.1127,47,0.5321,0.0,0.0,0.0,0.0,0.0,0.0,0.0,0.0
36.949,6.0346,3.7401,0.5321,0.1127,47,0.5321,0.0,0.0,0.0,0.0,0.0,0.0,0.0,0.0
36.999,6.0346,3.7401,0.5321,0.1127,47,0.5321,0.0,0.0,0.0,0.0,0.0,0.0,0.0,0.0
37.049,6.0346,3.7401,0.5321,0.1127,47,0.5321,0.0,0.0,0.0,0.0,0.0,0.0,0.0,0.0
37.099,6.0346,3.7401,0.5321,0.1127,47,0.5321,0.0,0.0,0.0,0.0,0.0,0.0,0.0,0.0
37.149,6.0346,3.7401,0.5321,0.1127,47,0.5321,0.0,0.0,0.0,0.0,0.0,0.0,0.0,0.0
37.2,6.0346,3.7401,0.5321,0.1127,47,0.5321,0.0,0.0,0.0,0.0,0.0,0.0,0.0,0.0
37.25,6.0346,3.7401,0.5321,0.1127,47,0.5321,0.0,0.0,0.0,0.0,0.0,0.0,0.0,0.0
37.299,6.0346,3.7401,0.5321,0.1127,47,0.5321,0.0,0.0,0.0,0.0,0.0,0.0,0.0,0.0
37.349,6.0346,3.7401,0.5321,0.1127,47,0.5321,0.0,0.0,0.0,0.0,0.0,0.0,0.0,0.0
37.399,6.0346,3.7401,0.5321,0.1127,47,0.5321,0.0,0.0,0.0,0.0,0.0,0.0,0.0,0.0
37.449,6.0346,3.7401,0.5321,0.1127,47,0.5321,0.0,0.0,0.0,0.0,0.0,0.0,0.0,0.0
37.5,6.0346,3.7401,0.5321,0.1127,47,0.5321,0.0,0.0,0.0,0.0,0.0,0.0,0.0,0.0
37.549,6.0346,3.7401,0.5321,0.1127,47,0.5321,0.0,0.0,0.0,0.0,0.0,0.0,0.0,0.0
37.599,6.0346,3.7401,0.5321,0.1127,47,0.5321,0.0,0.0,0.0,0.0,0.0,0.0,0.0,0.0
37.65,6.0346,3.7401,0.5321,0.1127,47,0.5321,0.0,0.0,0.0,0.0,0.0,0.0,0.0,0.0
37.699,6.0346,3.7401,0.5321,0.1127,47,0.5321,0.0,0.0,0.0,0.0,0.0,0.0,0.0,0.0
37.749,6.0346,3.7401,0.5321,0.1127,47,0.5321,0.0,0.0,0.0,0.0,0.0,0.0,0.0,0.0
37.799,6.0346,3.7401,0.5321,0.1127,47,0.5321,0.0,0.0,0.0,0.0,0.0,0.0,0.0,0.0
37.85,6.0346,3.7401,0.5321,0.1127,47,0.5321,0.0,0.0,0.0,0.0,0.0,0.0,0.0,0.0
37.899,6.0346,3.7401,0.5321,0.1127,47,0.5321,0.0,0.0,0.0,0.0,0.0,0.0,0.0,0.0
37.95,6.0346,3.7401,0.5321,0.1127,47,0.5321,0.0,0.0,0.0,0.0,0.0,0.0,0.0,0.0
38.0,6.0346,3.7401,0.5321,0.1127,47,0.5321,0.0,0.0,0.0,0.0,0.0,0.0,0.0,0.0
38.049,6.0346,3.7401,0.5321,0.1127,47,0.5321,0.0,0.0,0.0,0.0,0.0,0.0,0.0,0.0
38.099,6.0346,3.7401,0.5321,0.1127,47,0.5321,0.0,0.0,0.0,0.0,0.0,0.0,0.0,0.0
38.149,6.0346,3.7401,0.5321,0.1127,47,0.5321,0.0,0.0,0.0,0.0,0.0,0.0,0.0,0.0
38.199,6.0346,3.7401,0.5321,0.1127,47,0.5321,0.0,0.0,0.0,0.0,0.0,0.0,0.0,0.0
38.249,6.0346,3.7401,0.5321,0.1127,47,0.5321,0.0,0.0,0.0,0.0,0.0,0.0,0.0,0.0
38.299,6.0346,3.7401,0.5321,0.1127,47,0.5321,0.0,0.0,0.0,0.0,0.0,0.0,0.0,0.0
38.349,6.0346,3.7401,0.5321,0.1127,47,0.5321,0.0,0.0,0.0,0.0,0.0,0.0,0.0,0.0
38.399,6.0346,3.7401,0.5321,0.1127,47,0.5321,0.0,0.0,0.0,0.0,0.0,0.0,0.0,0.0
38.449,6.0346,3.7401,0.5321,0.1127,47,0.5321,0.0,0.0,0.0,0.0,0.0,0.0,0.0,0.0
38.499,6.0346,3.7401,0.5321,0.1127,47,0.5321,0.0,0.0,0.0,0.0,0.0,0.0,0.0,0.0
38.549,6.0346,3.7401,0.5321,0.1127,47,0.5321,0.0,0.0,0.0,0.0,0.0,0.0,0.0,0.0
38.599,6.0346,3.7401,0.5321,0.1127,47,0.5321,0.0,0.0,0.0,0.0,0.0,0.0,0.0,0.0
38.649,6.0346,3.7401,0.5321,0.1127,47,0.5321,0.0,0.0,0.0,0.0,0.0,0.0,0.0,0.0
38.699,6.0346,3.7401,0.5321,0.1127,47,0.5321,0.0,0.0,0.0,0.0,0.0,0.0,0.0,0.0
38.749,6.0346,3.7401,0.5321,0.1127,47,0.5321,0.0,0.0,0.0,0.0,0.0,0.0,0.0,0.0
38.799,6.0346,3.7401,0.5321,0.1127,47,0.5321,0.0,0.0,0.0,0.0,0.0,0.0,0.0,0.0
38.849,6.0346,3.7401,0.5321,0.1127,47,0.5321,0.0,0.0,0.0,0.0,0.0,0.0,0.0,0.0
38.9,6.0346,3.7401,0.5321,0.1127,47,0.5321,0.0,0.0,0.0,0.0,0.0,0.0,0.0,0.0
38.949,6.0346,3.7401,0.5321,0.1127,47,0.5321,0.0,0.0,0.0,0.0,0.0,0.0,0.0,0.0
39.0,6.0346,3.7401,0.5321,0.1127,47,0.5321,0.0,0.0,0.0,0.0,0.0,0.0,0.0,0.0
39.049,6.0346,3.7401,0.5321,0.1127,47,0.5321,0.0,0.0,0.0,0.0,0.0,0.0,0.0,0.0
39.099,6.0346,3.7401,0.5321,0.1127,47,0.5321,0.0,0.0,0.0,0.0,0.0,0.0,0.0,0.0
39.149,6.0346,3.7401,0.5321,0.1127,47,0.5321,0.0,0.0,0.0,0.0,0.0,0.0,0.0,0.0
39.2,6.0346,3.7401,0.5321,0.1127,47,0.5321,0.0,0.0,0.0,0.0,0.0,0.0,0.0,0.0
39.249,6.0346,3.7401,0.5321,0.1127,47,0.5321,0.0,0.0,0.0,0.0,0.0,0.0,0.0,0.0
39.3,6.0346,3.7401,0.5321,0.1127,47,0.5321,0.0,0.0,0.0,0.0,0.0,0.0,0.0,0.0
39.349,6.0346,3.7401,0.5321,0.1127,47,0.5321,0.0,0.0,0.0,0.0,0.0,0.0,0.0,0.0
39.4,6.0346,3.7401,0.5321,0.1127,47,0.5321,0.0,0.0,0.0,0.0,0.0,0.0,0.0,0.0
39.449,6.0346,3.7401,0.5321,0.1127,47,0.5321,0.0,0.0,0.0,0.0,0.0,0.0,0.0,0.0
39.5,6.0346,3.7401,0.5321,0.1127,47,0.5321,0.0,0.0,0.0,0.0,0.0,0.0,0.0,0.0
39.549,6.0346,3.7401,0.5321,0.1127,47,0.5321,0.0,0.0,0.0,0.0,0.0,0.0,0.0,0.0
39.599,6.0346,3.7401,0.5321,0.1127,47,0.5321,0.0,0.0,0.0,0.0,0.0,0.0,0.0,0.0
39.649,6.0346,3.7401,0.5321,0.1127,47,0.5321,0.0,0.0,0.0,0.0,0.0,0.0,0.0,0.0
39.699,6.0346,3.7401,0.5321,0.1127,47,0.5321,0.0,0.0,0.0,0.0,0.0,0.0,0.0,0.0
39.75,6.0346,3.7401,0.5321,0.1127,47,0.5321,0.0,0.0,0.0,0.0,0.0,0.0,0.0,0.0
39.801,6.0346,3.7401,0.5321,0.1127,47,0.5321,0.0,0.0,0.0,0.0,0.0,0.0,0.0,0.0
39.85,6.0346,3.7401,0.5321,0.1127,47,0.5321,0.0,0.0,0.0,0.0,0.0,0.0,0.0,0.0
39.9,6.0346,3.7401,0.5321,0.1127,47,0.5321,0.0,0.0,0.0,0.0,0.0,0.0,0.0,0.0
39.949,6.0346,3.7401,0.5321,0.1127,47,0.5321,0.0,0.0,0.0,0.0,0.0,0.0,0.0,0.0
40.0,6.0346,3.7401,0.5321,0.1127,47,0.5321,0.0,0.0,0.0,0.0,0.0,0.0,0.0,0.0
40.05,6.0346,3.7401,0.5321,0.1127,47,0.5321,0.0,0.0,0.0,0.0,0.0,0.0,0.0,0.0
40.1,6.0346,3.7401,0.5321,0.1127,47,0.5321,0.0,0.0,0.0,0.0,0.0,0.0,0.0,0.0
40.149,6.0346,3.7401,0.5321,0.1127,47,0.5321,0.0,0.0,0.0,0.0,0.0,0.0,0.0,0.0
40.2,6.0346,3.7401,0.5321,0.1127,47,0.5321,0.0,0.0,0.0,0.0,0.0,0.0,0.0,0.0
40.249,6.0346,3.7401,0.5321,0.1127,47,0.5321,0.0,0.0,0.0,0.0,0.0,0.0,0.0,0.0
40.3,6.0346,3.7401,0.5321,0.1127,47,0.5321,0.0,0.0,0.0,0.0,0.0,0.0,0.0,0.0
40.35,6.0346,3.7401,0.5321,0.1127,47,0.5321,0.0,0.0,0.0,0.0,0.0,0.0,0.0,0.0
40.4,6.0346,3.7401,0.5321,0.1127,47,0.5321,0.0,0.0,0.0,0.0,0.0,0.0,0.0,0.0
40.449,6.0346,3.7401,0.5321,0.1127,47,0.5321,0.0,0.0,0.0,0.0,0.0,0.0,0.0,0.0
40.5,6.0346,3.7401,0.5321,0.1127,47,0.5321,0.0,0.0,0.0,0.0,0.0,0.0,0.0,0.0
40.549,6.0346,3.7401,0.5321,0.1127,47,0.5321,0.0,0.0,0.0,0.0,0.0,0.0,0.0,0.0
40.599,6.0346,3.7401,0.5321,0.1127,47,0.5321,0.0,0.0,0.0,0.0,0.0,0.0,0.0,0.0
40.65,6.0346,3.7401,0.5321,0.1127,47,0.5321,0.0,0.0,0.0,0.0,0.0,0.0,0.0,0.0
40.699,6.0346,3.7401,0.5321,0.1127,47,0.5321,0.0,0.0,0.0,0.0,0.0,0.0,0.0,0.0
40.749,6.0346,3.7401,0.5321,0.1127,47,0.5321,0.0,0.0,0.0,0.0,0.0,0.0,0.0,0.0
40.8,6.0346,3.7401,0.5321,0.1127,47,0.5321,0.0,0.0,0.0,0.0,0.0,0.0,0.0,0.0
40.849,6.0346,3.7401,0.5321,0.1127,47,0.5321,0.0,0.0,0.0,0.0,0.0,0.0,0.0,0.0
40.9,6.0346,3.7401,0.5321,0.1127,47,0.5321,0.0,0.0,0.0,0.0,0.0,0.0,0.0,0.0
40.949,6.0346,3.7401,0.5321,0.1127,47,0.5321,0.0,0.0,0.0,0.0,0.0,0.0,0.0,0.0
40.999,6.0346,3.7401,0.5321,0.1127,47,0.5321,0.0,0.0,0.0,0.0,0.0,0.0,0.0,0.0
41.049,6.0346,3.7401,0.5321,0.1127,47,0.5321,0.0,0.0,0.0,0.0,0.0,0.0,0.0,0.0
41.099,6.0346,3.7401,0.5321,0.1127,47,0.5321,0.0,0.0,0.0,0.0,0.0,0.0,0.0,0.0
41.149,6.0346,3.7401,0.5321,0.1127,47,0.5321,0.0,0.0,0.0,0.0,0.0,0.0,0.0,0.0
41.2,6.0346,3.7401,0.5321,0.1127,47,0.5321,0.0,0.0,0.0,0.0,0.0,0.0,0.0,0.0
41.249,6.0346,3.7401,0.5321,0.1127,47,0.5321,0.0,0.0,0.0,0.0,0.0,0.0,0.0,0.0
41.3,6.0346,3.7401,0.5321,0.1127,47,0.5321,0.0,0.0,0.0,0.0,0.0,0.0,0.0,0.0
41.35,6.0346,3.7401,0.5321,0.1127,47,0.5321,0.0,0.0,0.0,0.0,0.0,0.0,0.0,0.0
41.4,6.0346,3.7401,0.5321,0.1127,47,0.5321,0.0,0.0,0.0,0.0,0.0,0.0,0.0,0.0
41.449,6.0346,3.7401,0.5321,0.1127,47,0.5321,0.0,0.0,0.0,0.0,0.0,0.0,0.0,0.0
41.5,6.0346,3.7401,0.5321,0.1127,47,0.5321,0.0,0.0,0.0,0.0,0.0,0.0,0.0,0.0
41.549,6.0346,3.7401,0.5321,0.1127,47,0.5321,0.0,0.0,0.0,0.0,0.0,0.0,0.0,0.0
41.6,6.0346,3.7401,0.5321,0.1127,47,0.5321,0.0,0.0,0.0,0.0,0.0,0.0,0.0,0.0
41.649,6.0346,3.7401,0.5321,0.1127,47,0.5321,0.0,0.0,0.0,0.0,0.0,0.0,0.0,0.0
41.699,6.0346,3.7401,0.5321,0.1127,47,0.5321,0.0,0.0,0.0,0.0,0.0,0.0,0.0,0.0
41.749,6.0346,3.7401,0.5321,0.1127,47,0.5321,0.0,0.0,0.0,0.0,0.0,0.0,0.0,0.0
41.8,6.0346,3.7401,0.5321,0.1127,47,0.5321,0.0,0.0,0.0,0.0,0.0,0.0,0.0,0.0
41.849,6.0346,3.7401,0.5321,0.1127,47,0.5321,0.0,0.0,0.0,0.0,0.0,0.0,0.0,0.0
41.899,6.0346,3.7401,0.5321,0.1127,47,0.5321,0.0,0.0,0.0,0.0,0.0,0.0,0.0,0.0
41.949,6.0346,3.7401,0.5321,0.1127,47,0.5321,0.0,0.0,0.0,0.0,0.0,0.0,0.0,0.0
41.999,6.0346,3.7401,0.5321,0.1127,47,0.5321,0.0,0.0,0.0,0.0,0.0,0.0,0.0,0.0
42.049,6.0346,3.7401,0.5321,0.1127,47,0.5321,0.0,0.0,0.0,0.0,0.0,0.0,0.0,0.0
42.101,6.0346,3.7401,0.5321,0.1127,47,0.5321,0.0,0.0,0.0,0.0,0.0,0.0,0.0,0.0
42.149,6.0346,3.7401,0.5321,0.1127,47,0.5321,0.0,0.0,0.0,0.0,0.0,0.0,0.0,0.0
42.2,6.0346,3.7401,0.5321,0.1127,47,0.5321,0.0,0.0,0.0,0.0,0.0,0.0,0.0,0.0
42.249,6.0346,3.7401,0.5321,0.1127,47,0.5321,0.0,0.0,0.0,0.0,0.0,0.0,0.0,0.0
42.3,6.0346,3.7401,0.5321,0.1127,47,0.5321,0.0,0.0,0.0,0.0,0.0,0.0,0.0,0.0
42.35,6.0346,3.7401,0.5321,0.1127,47,0.5321,0.0,0.0,0.0,0.0,0.0,0.0,0.0,0.0
42.399,6.0346,3.7401,0.5321,0.1127,47,0.5321,0.0,0.0,0.0,0.0,0.0,0.0,0.0,0.0
42.449,6.0346,3.7401,0.5321,0.1127,47,0.5321,0.0,0.0,0.0,0.0,0.0,0.0,0.0,0.0
42.499,6.0346,3.7401,0.5321,0.1127,47,0.5321,0.0,0.0,0.0,0.0,0.0,0.0,0.0,0.0
42.549,6.0346,3.7401,0.5321,0.1127,47,0.5321,0.0,0.0,0.0,0.0,0.0,0.0,0.0,0.0
42.599,6.0346,3.7401,0.5321,0.1127,47,0.5321,0.0,0.0,0.0,0.0,0.0,0.0,0.0,0.0
42.649,6.0346,3.7401,0.5321,0.1127,47,0.5321,0.0,0.0,0.0,0.0,0.0,0.0,0.0,0.0
42.699,6.0346,3.7401,0.5321,0.1127,47,0.5321,0.0,0.0,0.0,0.0,0.0,0.0,0.0,0.0
42.749,6.0346,3.7401,0.5321,0.1127,47,0.5321,0.0,0.0,0.0,0.0,0.0,0.0,0.0,0.0
42.799,6.0346,3.7401,0.5321,0.1127,47,0.5321,0.0,0.0,0.0,0.0,0.0,0.0,0.0,0.0
42.849,6.0346,3.7401,0.5321,0.1127,47,0.5321,0.0,0.0,0.0,0.0,0.0,0.0,0.0,0.0
42.899,6.0346,3.7401,0.5321,0.1127,47,0.5321,0.0,0.0,0.0,0.0,0.0,0.0,0.0,0.0
42.949,6.0346,3.7401,0.5321,0.1127,47,0.5321,0.0,0.0,0.0,0.0,0.0,0.0,0.0,0.0
43.0,6.0346,3.7401,0.5321,0.1127,47,0.5321,0.0,0.0,0.0,0.0,0.0,0.0,0.0,0.0
43.049,6.0346,3.7401,0.5321,0.1127,47,0.5321,0.0,0.0,0.0,0.0,0.0,0.0,0.0,0.0
43.099,6.0346,3.7401,0.5321,0.1127,47,0.5321,0.0,0.0,0.0,0.0,0.0,0.0,0.0,0.0
43.149,6.0346,3.7401,0.5321,0.1127,47,0.5321,0.0,0.0,0.0,0.0,0.0,0.0,0.0,0.0
43.199,6.0346,3.7401,0.5321,0.1127,47,0.5321,0.0,0.0,0.0,0.0,0.0,0.0,0.0,0.0
43.249,6.0346,3.7401,0.5321,0.1127,47,0.5321,0.0,0.0,0.0,0.0,0.0,0.0,0.0,0.0
43.299,6.0346,3.7401,0.5321,0.1127,47,0.5321,0.0,0.0,0.0,0.0,0.0,0.0,0.0,0.0
43.349,6.0346,3.7401,0.5321,0.1127,47,0.5321,0.0,0.0,0.0,0.0,0.0,0.0,0.0,0.0
43.399,6.0346,3.7401,0.5321,0.1127,47,0.5321,0.0,0.0,0.0,0.0,0.0,0.0,0.0,0.0
43.45,6.0346,3.7401,0.5321,0.1127,47,0.5321,0.0,0.0,0.0,0.0,0.0,0.0,0.0,0.0
43.5,6.0346,3.7401,0.5321,0.1127,47,0.5321,0.0,0.0,0.0,0.0,0.0,0.0,0.0,0.0
43.549,6.0346,3.7401,0.5321,0.1127,47,0.5321,0.0,0.0,0.0,0.0,0.0,0.0,0.0,0.0
43.599,6.0346,3.7401,0.5321,0.1127,47,0.5321,0.0,0.0,0.0,0.0,0.0,0.0,0.0,0.0
43.649,6.0346,3.7401,0.5321,0.1127,47,0.5321,0.0,0.0,0.0,0.0,0.0,0.0,0.0,0.0
43.7,6.0346,3.7401,0.5321,0.1127,47,0.5321,0.0,0.0,0.0,0.0,0.0,0.0,0.0,0.0
43.749,6.0346,3.7401,0.5321,0.1127,47,0.5321,0.0,0.0,0.0,0.0,0.0,0.0,0.0,0.0
43.8,6.0346,3.7401,0.5321,0.1127,47,0.5321,0.0,0.0,0.0,0.0,0.0,0.0,0.0,0.0
43.849,6.0346,3.7401,0.5321,0.1127,47,0.5321,0.0,0.0,0.0,0.0,0.0,0.0,0.0,0.0
43.899,6.0346,3.7401,0.5321,0.1127,47,0.5321,0.0,0.0,0.0,0.0,0.0,0.0,0.0,0.0
43.949,6.0346,3.7401,0.5321,0.1127,47,0.5321,0.0,0.0,0.0,0.0,0.0,0.0,0.0,0.0
43.999,6.0346,3.7401,0.5321,0.1127,47,0.5321,0.0,0.0,0.0,0.0,0.0,0.0,0.0,0.0
44.049,6.0346,3.7401,0.5321,0.1127,47,0.5321,0.0,0.0,0.0,0.0,0.0,0.0,0.0,0.0
44.099,6.0346,3.7401,0.5321,0.1127,47,0.5321,0.0,0.0,0.0,0.0,0.0,0.0,0.0,0.0
44.149,6.0346,3.7401,0.5321,0.1127,47,0.5321,0.0,0.0,0.0,0.0,0.0,0.0,0.0,0.0
44.199,6.0346,3.7401,0.5321,0.1127,47,0.5321,0.0,0.0,0.0,0.0,0.0,0.0,0.0,0.0
44.249,6.0346,3.7401,0.5321,0.1127,47,0.5321,0.0,0.0,0.0,0.0,0.0,0.0,0.0,0.0
44.299,6.0346,3.7401,0.5321,0.1127,47,0.5321,0.0,0.0,0.0,0.0,0.0,0.0,0.0,0.0
44.35,6.0346,3.7401,0.5321,0.1127,47,0.5321,0.0,0.0,0.0,0.0,0.0,0.0,0.0,0.0
44.399,6.0346,3.7401,0.5321,0.1127,47,0.5321,0.0,0.0,0.0,0.0,0.0,0.0,0.0,0.0
44.449,6.0346,3.7401,0.5321,0.1127,47,0.5321,0.0,0.0,0.0,0.0,0.0,0.0,0.0,0.0
44.499,6.0346,3.7401,0.5321,0.1127,47,0.5321,0.0,0.0,0.0,0.0,0.0,0.0,0.0,0.0
44.549,6.0346,3.7401,0.5321,0.1127,47,0.5321,0.0,0.0,0.0,0.0,0.0,0.0,0.0,0.0
44.6,6.0346,3.7401,0.5321,0.1127,47,0.5321,0.0,0.0,0.0,0.0,0.0,0.0,0.0,0.0
44.65,6.0346,3.7401,0.5321,0.1127,47,0.5321,0.0,0.0,0.0,0.0,0.0,0.0,0.0,0.0
44.699,6.0346,3.7401,0.5321,0.1127,47,0.5321,0.0,0.0,0.0,0.0,0.0,0.0,0.0,0.0
44.749,6.0346,3.7401,0.5321,0.1127,47,0.5321,0.0,0.0,0.0,0.0,0.0,0.0,0.0,0.0
44.801,6.0346,3.7401,0.5321,0.1127,47,0.5321,0.0,0.0,0.0,0.0,0.0,0.0,0.0,0.0
44.849,6.0346,3.7401,0.5321,0.1127,47,0.5321,0.0,0.0,0.0,0.0,0.0,0.0,0.0,0.0
44.899,6.0346,3.7401,0.5321,0.1127,47,0.5321,0.0,0.0,0.0,0.0,0.0,0.0,0.0,0.0
44.949,6.0346,3.7401,0.5321,0.1127,47,0.5321,0.0,0.0,0.0,0.0,0.0,0.0,0.0,0.0
44.999,6.0346,3.7401,0.5321,0.1127,47,0.5321,0.0,0.0,0.0,0.0,0.0,0.0,0.0,0.0
45.05,6.0346,3.7401,0.5321,0.1127,47,0.5321,0.0,0.0,0.0,0.0,0.0,0.0,0.0,0.0
45.1,6.0346,3.7401,0.5321,0.1127,47,0.5321,0.0,0.0,0.0,0.0,0.0,0.0,0.0,0.0
45.149,6.0346,3.7401,0.5321,0.1127,47,0.5321,0.0,0.0,0.0,0.0,0.0,0.0,0.0,0.0
45.199,6.0346,3.7401,0.5321,0.1127,47,0.5321,0.0,0.0,0.0,0.0,0.0,0.0,0.0,0.0
45.249,6.0346,3.7401,0.5321,0.1127,47,0.5321,0.0,0.0,0.0,0.0,0.0,0.0,0.0,0.0
45.299,6.0346,3.7401,0.5321,0.1127,47,0.5321,0.0,0.0,0.0,0.0,0.0,0.0,0.0,0.0
45.35,6.0346,3.7401,0.5321,0.1127,47,0.5321,0.0,0.0,0.0,0.0,0.0,0.0,0.0,0.0
45.399,6.0346,3.7401,0.5321,0.1127,47,0.5321,0.0,0.0,0.0,0.0,0.0,0.0,0.0,0.0
45.449,6.0346,3.7401,0.5321,0.1127,47,0.5321,0.0,0.0,0.0,0.0,0.0,0.0,0.0,0.0
45.5,6.0346,3.7401,0.5321,0.1127,47,0.5321,0.0,0.0,0.0,0.0,0.0,0.0,0.0,0.0
45.549,6.0346,3.7401,0.5321,0.1127,47,0.5321,0.0,0.0,0.0,0.0,0.0,0.0,0.0,0.0
45.599,6.0346,3.7401,0.5321,0.1127,47,0.5321,0.0,0.0,0.0,0.0,0.0,0.0,0.0,0.0
45.65,6.0346,3.7401,0.5321,0.1127,47,0.5321,0.0,0.0,0.0,0.0,0.0,0.0,0.0,0.0
45.7,6.0346,3.7401,0.5321,0.1127,47,0.5321,0.0,0.0,0.0,0.0,0.0,0.0,0.0,0.0
45.749,6.0346,3.7401,0.5321,0.1127,47,0.5321,0.0,0.0,0.0,0.0,0.0,0.0,0.0,0.0
45.799,6.0346,3.7401,0.5321,0.1127,47,0.5321,0.0,0.0,0.0,0.0,0.0,0.0,0.0,0.0
45.849,6.0346,3.7401,0.5321,0.1127,47,0.5321,0.0,0.0,0.0,0.0,0.0,0.0,0.0,0.0
45.9,6.0346,3.7401,0.5321,0.1127,47,0.5321,0.0,0.0,0.0,0.0,0.0,0.0,0.0,0.0
45.949,6.0346,3.7401,0.5321,0.1127,47,0.5321,0.0,0.0,0.0,0.0,0.0,0.0,0.0,0.0
45.999,6.0346,3.7401,0.5321,0.1127,47,0.5321,0.0,0.0,0.0,0.0,0.0,0.0,0.0,0.0
46.049,6.0346,3.7401,0.5321,0.1127,47,0.5321,0.0,0.0,0.0,0.0,0.0,0.0,0.0,0.0
46.099,6.0346,3.7401,0.5321,0.1127,47,0.5321,0.0,0.0,0.0,0.0,0.0,0.0,0.0,0.0
46.149,6.0346,3.7401,0.5321,0.1127,47,0.5321,0.0,0.0,0.0,0.0,0.0,0.0,0.0,0.0
46.199,6.0346,3.7401,0.5321,0.1127,47,0.5321,0.0,0.0,0.0,0.0,0.0,0.0,0.0,0.0
46.249,6.0346,3.7401,0.5321,0.1127,47,0.5321,0.0,0.0,0.0,0.0,0.0,0.0,0.0,0.0
46.299,6.0346,3.7401,0.5321,0.1127,47,0.5321,0.0,0.0,0.0,0.0,0.0,0.0,0.0,0.0
46.35,6.0346,3.7401,0.5321,0.1127,47,0.5321,0.0,0.0,0.0,0.0,0.0,0.0,0.0,0.0
46.4,6.0346,3.7401,0.5321,0.1127,47,0.5321,0.0,0.0,0.0,0.0,0.0,0.0,0.0,0.0
46.45,6.0346,3.7401,0.5321,0.1127,47,0.5321,0.0,0.0,0.0,0.0,0.0,0.0,0.0,0.0
46.5,6.0346,3.7401,0.5321,0.1127,47,0.5321,0.0,0.0,0.0,0.0,0.0,0.0,0.0,0.0
46.55,6.0346,3.7401,0.5321,0.1127,47,0.5321,0.0,0.0,0.0,0.0,0.0,0.0,0.0,0.0
46.599,6.0346,3.7401,0.5321,0.1127,47,0.5321,0.0,0.0,0.0,0.0,0.0,0.0,0.0,0.0
46.65,6.0346,3.7401,0.5321,0.1127,47,0.5321,0.0,0.0,0.0,0.0,0.0,0.0,0.0,0.0
46.699,6.0346,3.7401,0.5321,0.1127,47,0.5321,0.0,0.0,0.0,0.0,0.0,0.0,0.0,0.0
46.75,6.0346,3.7401,0.5321,0.1127,47,0.5321,0.0,0.0,0.0,0.0,0.0,0.0,0.0,0.0
46.799,6.0346,3.7401,0.5321,0.1127,47,0.5321,0.0,0.0,0.0,0.0,0.0,0.0,0.0,0.0
46.85,6.0346,3.7401,0.5321,0.1127,47,0.5321,0.0,0.0,0.0,0.0,0.0,0.0,0.0,0.0
46.899,6.0346,3.7401,0.5321,0.1127,47,0.5321,0.0,0.0,0.0,0.0,0.0,0.0,0.0,0.0
46.949,6.0346,3.7401,0.5321,0.1127,47,0.5321,0.0,0.0,0.0,0.0,0.0,0.0,0.0,0.0
47.0,6.0346,3.7401,0.5321,0.1127,47,0.5321,0.0,0.0,0.0,0.0,0.0,0.0,0.0,0.0
47.049,6.0346,3.7401,0.5321,0.1127,47,0.5321,0.0,0.0,0.0,0.0,0.0,0.0,0.0,0.0
47.1,6.0346,3.7401,0.5321,0.1127,47,0.5321,0.0,0.0,0.0,0.0,0.0,0.0,0.0,0.0
47.15,6.0346,3.7401,0.5321,0.1127,47,0.5321,0.0,0.0,0.0,0.0,0.0,0.0,0.0,0.0
47.199,6.0346,3.7401,0.5321,0.1127,47,0.5321,0.0,0.0,0.0,0.0,0.0,0.0,0.0,0.0
47.25,6.0346,3.7401,0.5321,0.1127,47,0.5321,0.0,0.0,0.0,0.0,0.0,0.0,0.0,0.0
47.299,6.0346,3.7401,0.5321,0.1127,47,0.5321,0.0,0.0,0.0,0.0,0.0,0.0,0.0,0.0
47.351,6.0346,3.7401,0.5321,0.1127,47,0.5321,0.0,0.0,0.0,0.0,0.0,0.0,0.0,0.0
47.399,6.0346,3.7401,0.5321,0.1127,47,0.5321,0.0,0.0,0.0,0.0,0.0,0.0,0.0,0.0
47.449,6.0346,3.7401,0.5321,0.1127,47,0.5321,0.0,0.0,0.0,0.0,0.0,0.0,0.0,0.0
47.499,6.0346,3.7401,0.5321,0.1127,47,0.5321,0.0,0.0,0.0,0.0,0.0,0.0,0.0,0.0
47.549,6.0346,3.7401,0.5321,0.1127,47,0.5321,0.0,0.0,0.0,0.0,0.0,0.0,0.0,0.0
47.6,6.0346,3.7401,0.5321,0.1127,47,0.5321,0.0,0.0,0.0,0.0,0.0,0.0,0.0,0.0
47.649,6.0346,3.7401,0.5321,0.1127,47,0.5321,0.0,0.0,0.0,0.0,0.0,0.0,0.0,0.0
47.699,6.0346,3.7401,0.5321,0.1127,47,0.5321,0.0,0.0,0.0,0.0,0.0,0.0,0.0,0.0
47.749,6.0346,3.7401,0.5321,0.1127,47,0.5321,0.0,0.0,0.0,0.0,0.0,0.0,0.0,0.0
47.799,6.0346,3.7401,0.5321,0.1127,47,0.5321,0.0,0.0,0.0,0.0,0.0,0.0,0.0,0.0
47.849,6.0346,3.7401,0.5321,0.1127,47,0.5321,0.0,0.0,0.0,0.0,0.0,0.0,0.0,0.0
47.899,6.0346,3.7401,0.5321,0.1127,47,0.5321,0.0,0.0,0.0,0.0,0.0,0.0,0.0,0.0
47.95,6.0346,3.7401,0.5321,0.1127,47,0.5321,0.0,0.0,0.0,0.0,0.0,0.0,0.0,0.0
48.0,6.0346,3.7401,0.5321,0.1127,47,0.5321,0.0,0.0,0.0,0.0,0.0,0.0,0.0,0.0
48.05,6.0346,3.7401,0.5321,0.1127,47,0.5321,0.0,0.0,0.0,0.0,0.0,0.0,0.0,0.0
48.099,6.0346,3.7401,0.5321,0.1127,47,0.5321,0.0,0.0,0.0,0.0,0.0,0.0,0.0,0.0
48.15,6.0346,3.7401,0.5321,0.1127,47,0.5321,0.0,0.0,0.0,0.0,0.0,0.0,0.0,0.0
48.199,6.0346,3.7401,0.5321,0.1127,47,0.5321,0.0,0.0,0.0,0.0,0.0,0.0,0.0,0.0
48.25,6.0346,3.7401,0.5321,0.1127,47,0.5321,0.0,0.0,0.0,0.0,0.0,0.0,0.0,0.0
48.299,6.0346,3.7401,0.5321,0.1127,47,0.5321,0.0,0.0,0.0,0.0,0.0,0.0,0.0,0.0
48.349,6.0346,3.7401,0.5321,0.1127,47,0.5321,0.0,0.0,0.0,0.0,0.0,0.0,0.0,0.0
48.399,6.0346,3.7401,0.5321,0.1127,47,0.5321,0.0,0.0,0.0,0.0,0.0,0.0,0.0,0.0
48.449,6.0346,3.7401,0.5321,0.1127,47,0.5321,0.0,0.0,0.0,0.0,0.0,0.0,0.0,0.0
48.5,6.0346,3.7401,0.5321,0.1127,47,0.5321,0.0,0.0,0.0,0.0,0.0,0.0,0.0,0.0
48.55,6.0346,3.7401,0.5321,0.1127,47,0.5321,0.0,0.0,0.0,0.0,0.0,0.0,0.0,0.0
48.599,6.0346,3.7401,0.5321,0.1127,47,0.5321,0.0,0.0,0.0,0.0,0.0,0.0,0.0,0.0
48.649,6.0346,3.7401,0.5321,0.1127,47,0.5321,0.0,0.0,0.0,0.0,0.0,0.0,0.0,0.0
48.7,6.0346,3.7401,0.5321,0.1127,47,0.5321,0.0,0.0,0.0,0.0,0.0,0.0,0.0,0.0
48.749,6.0346,3.7401,0.5321,0.1127,47,0.5321,0.0,0.0,0.0,0.0,0.0,0.0,0.0,0.0
48.801,6.0346,3.7401,0.5321,0.1127,47,0.5321,0.0,0.0,0.0,0.0,0.0,0.0,0.0,0.0
48.85,6.0346,3.7401,0.5321,0.1127,47,0.5321,0.0,0.0,0.0,0.0,0.0,0.0,0.0,0.0
48.901,6.0346,3.7401,0.5321,0.1127,47,0.5321,0.0,0.0,0.0,0.0,0.0,0.0,0.0,0.0
48.95,6.0346,3.7401,0.5321,0.1127,47,0.5321,0.0,0.0,0.0,0.0,0.0,0.0,0.0,0.0
49.0,6.0346,3.7401,0.5321,0.1127,47,0.5321,0.0,0.0,0.0,0.0,0.0,0.0,0.0,0.0
49.05,6.0346,3.7401,0.5321,0.1127,47,0.5321,0.0,0.0,0.0,0.0,0.0,0.0,0.0,0.0
49.101,6.0346,3.7401,0.5321,0.1127,47,0.5321,0.0,0.0,0.0,0.0,0.0,0.0,0.0,0.0
49.15,6.0346,3.7401,0.5321,0.1127,47,0.5321,0.0,0.0,0.0,0.0,0.0,0.0,0.0,0.0
49.2,6.0346,3.7401,0.5321,0.1127,47,0.5321,0.0,0.0,0.0,0.0,0.0,0.0,0.0,0.0
49.249,6.0346,3.7401,0.5321,0.1127,47,0.5321,0.0,0.0,0.0,0.0,0.0,0.0,0.0,0.0
49.3,6.0346,3.7401,0.5321,0.1127,47,0.5321,0.0,0.0,0.0,0.0,0.0,0.0,0.0,0.0
49.35,6.0346,3.7401,0.5321,0.1127,47,0.5321,0.0,0.0,0.0,0.0,0.0,0.0,0.0,0.0
49.4,6.0346,3.7401,0.5321,0.1127,47,0.5321,0.0,0.0,0.0,0.0,0.0,0.0,0.0,0.0
49.45,6.0346,3.7401,0.5321,0.1127,47,0.5321,0.0,0.0,0.0,0.0,0.0,0.0,0.0,0.0
49.499,6.0346,3.7401,0.5321,0.1127,47,0.5321,0.0,0.0,0.0,0.0,0.0,0.0,0.0,0.0
49.55,6.0346,3.7401,0.5321,0.1127,47,0.5321,0.0,0.0,0.0,0.0,0.0,0.0,0.0,0.0
49.599,6.0346,3.7401,0.5321,0.1127,47,0.5321,0.0,0.0,0.0,0.0,0.0,0.0,0.0,0.0
49.649,6.0346,3.7401,0.5321,0.1127,47,0.5321,0.0,0.0,0.0,0.0,0.0,0.0,0.0,0.0
49.7,6.0346,3.7401,0.5321,0.1127,47,0.5321,0.0,0.0,0.0,0.0,0.0,0.0,0.0,0.0
49.749,6.0346,3.7401,0.5321,0.1127,47,0.5321,0.0,0.0,0.0,0.0,0.0,0.0,0.0,0.0
49.8,6.0346,3.7401,0.5321,0.1127,47,0.5321,0.0,0.0,0.0,0.0,0.0,0.0,0.0,0.0
49.85,6.0346,3.7401,0.5321,0.1127,47,0.5321,0.0,0.0,0.0,0.0,0.0,0.0,0.0,0.0
49.9,6.0346,3.7401,0.5321,0.1127,47,0.5321,0.0,0.0,0.0,0.0,0.0,0.0,0.0,0.0
49.95,6.0346,3.7401,0.5321,0.1127,47,0.5321,0.0,0.0,0.0,0.0,0.0,0.0,0.0,0.0
50.001,6.0346,3.7401,0.5321,0.1127,47,0.5321,0.0,0.0,0.0,0.0,0.0,0.0,0.0,0.0
50.049,6.0346,3.7401,0.5321,0.1127,47,0.5321,0.0,0.0,0.0,0.0,0.0,0.0,0.0,0.0
50.099,6.0346,3.7401,0.5321,0.1127,47,0.5321,0.0,0.0,0.0,0.0,0.0,0.0,0.0,0.0
50.151,6.0346,3.7401,0.5321,0.1127,47,0.5321,0.0,0.0,0.0,0.0,0.0,0.0,0.0,0.0
50.199,6.0346,3.7401,0.5321,0.1127,47,0.5321,0.0,0.0,0.0,0.0,0.0,0.0,0.0,0.0
50.249,6.0346,3.7401,0.5321,0.1127,47,0.5321,0.0,0.0,0.0,0.0,0.0,0.0,0.0,0.0
50.299,6.0346,3.7401,0.5321,0.1127,47,0.5321,0.0,0.0,0.0,0.0,0.0,0.0,0.0,0.0
50.349,6.0346,3.7401,0.5321,0.1127,47,0.5321,0.0,0.0,0.0,0.0,0.0,0.0,0.0,0.0
50.4,6.0346,3.7401,0.5321,0.1127,47,0.5321,0.0,0.0,0.0,0.0,0.0,0.0,0.0,0.0
50.449,6.0346,3.7401,0.5321,0.1127,47,0.5321,0.0,0.0,0.0,0.0,0.0,0.0,0.0,0.0
50.499,6.0346,3.7401,0.5321,0.1127,47,0.5321,0.0,0.0,0.0,0.0,0.0,0.0,0.0,0.0
50.549,6.0346,3.7401,0.5321,0.1127,47,0.5321,0.0,0.0,0.0,0.0,0.0,0.0,0.0,0.0
50.6,6.0346,3.7401,0.5321,0.1127,47,0.5321,0.0,0.0,0.0,0.0,0.0,0.0,0.0,0.0
50.649,6.0346,3.7401,0.5321,0.1127,47,0.5321,0.0,0.0,0.0,0.0,0.0,0.0,0.0,0.0
50.699,6.0346,3.7401,0.5321,0.1127,47,0.5321,0.0,0.0,0.0,0.0,0.0,0.0,0.0,0.0
50.749,6.0346,3.7401,0.5321,0.1127,47,0.5321,0.0,0.0,0.0,0.0,0.0,0.0,0.0,0.0
50.799,6.0346,3.7401,0.5321,0.1127,47,0.5321,0.0,0.0,0.0,0.0,0.0,0.0,0.0,0.0
50.849,6.0346,3.7401,0.5321,0.1127,47,0.5321,0.0,0.0,0.0,0.0,0.0,0.0,0.0,0.0
50.899,6.0346,3.7401,0.5321,0.1127,47,0.5321,0.0,0.0,0.0,0.0,0.0,0.0,0.0,0.0
50.949,6.0346,3.7401,0.5321,0.1127,47,0.5321,0.0,0.0,0.0,0.0,0.0,0.0,0.0,0.0
50.999,6.0346,3.7401,0.5321,0.1127,47,0.5321,0.0,0.0,0.0,0.0,0.0,0.0,0.0,0.0
51.05,6.0346,3.7401,0.5321,0.1127,47,0.5321,0.0,0.0,0.0,0.0,0.0,0.0,0.0,0.0
51.099,6.0346,3.7401,0.5321,0.1127,47,0.5321,0.0,0.0,0.0,0.0,0.0,0.0,0.0,0.0
51.149,6.0346,3.7401,0.5321,0.1127,47,0.5321,0.0,0.0,0.0,0.0,0.0,0.0,0.0,0.0
51.201,6.0346,3.7401,0.5321,0.1127,47,0.5321,0.0,0.0,0.0,0.0,0.0,0.0,0.0,0.0
51.249,6.0346,3.7401,0.5321,0.1127,47,0.5321,0.0,0.0,0.0,0.0,0.0,0.0,0.0,0.0
51.3,6.0346,3.7401,0.5321,0.1127,47,0.5321,0.0,0.0,0.0,0.0,0.0,0.0,0.0,0.0
51.349,6.0346,3.7401,0.5321,0.1127,47,0.5321,0.0,0.0,0.0,0.0,0.0,0.0,0.0,0.0
51.399,6.0346,3.7401,0.5321,0.1127,47,0.5321,0.0,0.0,0.0,0.0,0.0,0.0,0.0,0.0
51.449,6.0346,3.7401,0.5321,0.1127,47,0.5321,0.0,0.0,0.0,0.0,0.0,0.0,0.0,0.0
51.499,6.0346,3.7401,0.5321,0.1127,47,0.5321,0.0,0.0,0.0,0.0,0.0,0.0,0.0,0.0
51.549,6.0346,3.7401,0.5321,0.1127,47,0.5321,0.0,0.0,0.0,0.0,0.0,0.0,0.0,0.0
51.6,6.0346,3.7401,0.5321,0.1127,47,0.5321,0.0,0.0,0.0,0.0,0.0,0.0,0.0,0.0
51.649,6.0346,3.7401,0.5321,0.1127,47,0.5321,0.0,0.0,0.0,0.0,0.0,0.0,0.0,0.0
51.699,6.0346,3.7401,0.5321,0.1127,47,0.5321,0.0,0.0,0.0,0.0,0.0,0.0,0.0,0.0
51.749,6.0346,3.7401,0.5321,0.1127,47,0.5321,0.0,0.0,0.0,0.0,0.0,0.0,0.0,0.0
51.8,6.0346,3.7401,0.5321,0.1127,47,0.5321,0.0,0.0,0.0,0.0,0.0,0.0,0.0,0.0
51.851,6.0346,3.7401,0.5321,0.1127,47,0.5321,0.0,0.0,0.0,0.0,0.0,0.0,0.0,0.0
51.899,6.0346,3.7401,0.5321,0.1127,47,0.5321,0.0,0.0,0.0,0.0,0.0,0.0,0.0,0.0
51.949,6.0346,3.7401,0.5321,0.1127,47,0.5321,0.0,0.0,0.0,0.0,0.0,0.0,0.0,0.0
52.0,6.0346,3.7401,0.5321,0.1127,47,0.5321,0.0,0.0,0.0,0.0,0.0,0.0,0.0,0.0
52.049,6.0346,3.7401,0.5321,0.1127,47,0.5321,0.0,0.0,0.0,0.0,0.0,0.0,0.0,0.0
52.1,6.0346,3.7401,0.5321,0.1127,47,0.5321,0.0,0.0,0.0,0.0,0.0,0.0,0.0,0.0
52.149,6.0346,3.7401,0.5321,0.1127,47,0.5321,0.0,0.0,0.0,0.0,0.0,0.0,0.0,0.0
52.199,6.0346,3.7401,0.5321,0.1127,47,0.5321,0.0,0.0,0.0,0.0,0.0,0.0,0.0,0.0
52.249,6.0346,3.7401,0.5321,0.1127,47,0.5321,0.0,0.0,0.0,0.0,0.0,0.0,0.0,0.0
52.299,6.0346,3.7401,0.5321,0.1127,47,0.5321,0.0,0.0,0.0,0.0,0.0,0.0,0.0,0.0
52.349,6.0346,3.7401,0.5321,0.1127,47,0.5321,0.0,0.0,0.0,0.0,0.0,0.0,0.0,0.0
52.399,6.0346,3.7401,0.5321,0.1127,47,0.5321,0.0,0.0,0.0,0.0,0.0,0.0,0.0,0.0
52.449,6.0346,3.7401,0.5321,0.1127,47,0.5321,0.0,0.0,0.0,0.0,0.0,0.0,0.0,0.0
52.5,6.0346,3.7401,0.5321,0.1127,47,0.5321,0.0,0.0,0.0,0.0,0.0,0.0,0.0,0.0
52.549,6.0346,3.7401,0.5321,0.1127,47,0.5321,0.0,0.0,0.0,0.0,0.0,0.0,0.0,0.0
52.6,6.0346,3.7401,0.5321,0.1127,47,0.5321,0.0,0.0,0.0,0.0,0.0,0.0,0.0,0.0
52.649,6.0346,3.7401,0.5321,0.1127,47,0.5321,0.0,0.0,0.0,0.0,0.0,0.0,0.0,0.0
52.7,6.0346,3.7401,0.5321,0.1127,47,0.5321,0.0,0.0,0.0,0.0,0.0,0.0,0.0,0.0
52.749,6.0346,3.7401,0.5321,0.1127,47,0.5321,0.0,0.0,0.0,0.0,0.0,0.0,0.0,0.0
52.799,6.0346,3.7401,0.5321,0.1127,47,0.5321,0.0,0.0,0.0,0.0,0.0,0.0,0.0,0.0
52.849,6.0346,3.7401,0.5321,0.1127,47,0.5321,0.0,0.0,0.0,0.0,0.0,0.0,0.0,0.0
52.902,6.0346,3.7401,0.5321,0.1127,47,0.5321,0.0,0.0,0.0,0.0,0.0,0.0,0.0,0.0
52.949,6.0346,3.7401,0.5321,0.1127,47,0.5321,0.0,0.0,0.0,0.0,0.0,0.0,0.0,0.0
52.999,6.0346,3.7401,0.5321,0.1127,47,0.5321,0.0,0.0,0.0,0.0,0.0,0.0,0.0,0.0
53.049,6.0346,3.7401,0.5321,0.1127,47,0.5321,0.0,0.0,0.0,0.0,0.0,0.0,0.0,0.0
53.1,6.0346,3.7401,0.5321,0.1127,47,0.5321,0.0,0.0,0.0,0.0,0.0,0.0,0.0,0.0
53.149,6.0346,3.7401,0.5321,0.1127,47,0.5321,0.0,0.0,0.0,0.0,0.0,0.0,0.0,0.0
53.199,6.0346,3.7401,0.5321,0.1127,47,0.5321,0.0,0.0,0.0,0.0,0.0,0.0,0.0,0.0
53.249,6.0346,3.7401,0.5321,0.1127,47,0.5321,0.0,0.0,0.0,0.0,0.0,0.0,0.0,0.0
53.3,6.0346,3.7401,0.5321,0.1127,47,0.5321,0.0,0.0,0.0,0.0,0.0,0.0,0.0,0.0
53.35,6.0346,3.7401,0.5321,0.1127,47,0.5321,0.0,0.0,0.0,0.0,0.0,0.0,0.0,0.0
53.399,6.0346,3.7401,0.5321,0.1127,47,0.5321,0.0,0.0,0.0,0.0,0.0,0.0,0.0,0.0
53.45,6.0346,3.7401,0.5321,0.1127,47,0.5321,0.0,0.0,0.0,0.0,0.0,0.0,0.0,0.0
53.5,6.0346,3.7401,0.5321,0.1127,47,0.5321,0.0,0.0,0.0,0.0,0.0,0.0,0.0,0.0
53.549,6.0346,3.7401,0.5321,0.1127,47,0.5321,0.0,0.0,0.0,0.0,0.0,0.0,0.0,0.0
53.6,6.0346,3.7401,0.5321,0.1127,47,0.5321,0.0,0.0,0.0,0.0,0.0,0.0,0.0,0.0
53.649,6.0346,3.7401,0.5321,0.1127,47,0.5321,0.0,0.0,0.0,0.0,0.0,0.0,0.0,0.0
53.699,6.0346,3.7401,0.5321,0.1127,47,0.5321,0.0,0.0,0.0,0.0,0.0,0.0,0.0,0.0
53.749,6.0346,3.7401,0.5321,0.1127,47,0.5321,0.0,0.0,0.0,0.0,0.0,0.0,0.0,0.0
53.799,6.0346,3.7401,0.5321,0.1127,47,0.5321,0.0,0.0,0.0,0.0,0.0,0.0,0.0,0.0
53.849,6.0346,3.7401,0.5321,0.1127,47,0.5321,0.0,0.0,0.0,0.0,0.0,0.0,0.0,0.0
53.9,6.0346,3.7401,0.5321,0.1127,47,0.5321,0.0,0.0,0.0,0.0,0.0,0.0,0.0,0.0
53.949,6.0346,3.7401,0.5321,0.1127,47,0.5321,0.0,0.0,0.0,0.0,0.0,0.0,0.0,0.0
54.0,6.0346,3.7401,0.5321,0.1127,47,0.5321,0.0,0.0,0.0,0.0,0.0,0.0,0.0,0.0
54.049,6.0346,3.7401,0.5321,0.1127,47,0.5321,0.0,0.0,0.0,0.0,0.0,0.0,0.0,0.0
54.099,6.0346,3.7401,0.5321,0.1127,47,0.5321,0.0,0.0,0.0,0.0,0.0,0.0,0.0,0.0
54.15,6.0346,3.7401,0.5321,0.1127,47,0.5321,0.0,0.0,0.0,0.0,0.0,0.0,0.0,0.0
54.199,6.0346,3.7401,0.5321,0.1127,47,0.5321,0.0,0.0,0.0,0.0,0.0,0.0,0.0,0.0
54.25,6.0346,3.7401,0.5321,0.1127,47,0.5321,0.0,0.0,0.0,0.0,0.0,0.0,0.0,0.0
54.299,6.0346,3.7401,0.5321,0.1127,47,0.5321,0.0,0.0,0.0,0.0,0.0,0.0,0.0,0.0
54.349,6.0346,3.7401,0.5321,0.1127,47,0.5321,0.0,0.0,0.0,0.0,0.0,0.0,0.0,0.0
54.399,6.0346,3.7401,0.5321,0.1127,47,0.5321,0.0,0.0,0.0,0.0,0.0,0.0,0.0,0.0
54.449,6.0346,3.7401,0.5321,0.1127,47,0.5321,0.0,0.0,0.0,0.0,0.0,0.0,0.0,0.0
54.5,6.0346,3.7401,0.5321,0.1127,47,0.5321,0.0,0.0,0.0,0.0,0.0,0.0,0.0,0.0
54.549,6.0346,3.7401,0.5321,0.1127,47,0.5321,0.0,0.0,0.0,0.0,0.0,0.0,0.0,0.0
54.599,6.0346,3.7401,0.5321,0.1127,47,0.5321,0.0,0.0,0.0,0.0,0.0,0.0,0.0,0.0
54.649,6.0346,3.7401,0.5321,0.1127,47,0.5321,0.0,0.0,0.0,0.0,0.0,0.0,0.0,0.0
54.7,6.0346,3.7401,0.5321,0.1127,47,0.5321,0.0,0.0,0.0,0.0,0.0,0.0,0.0,0.0
54.749,6.0346,3.7401,0.5321,0.1127,47,0.5321,0.0,0.0,0.0,0.0,0.0,0.0,0.0,0.0
54.799,6.0346,3.7401,0.5321,0.1127,47,0.5321,0.0,0.0,0.0,0.0,0.0,0.0,0.0,0.0
54.849,6.0346,3.7401,0.5321,0.1127,47,0.5321,0.0,0.0,0.0,0.0,0.0,0.0,0.0,0.0
54.899,6.0346,3.7401,0.5321,0.1127,47,0.5321,0.0,0.0,0.0,0.0,0.0,0.0,0.0,0.0
54.951,6.0346,3.7401,0.5321,0.1127,47,0.5321,0.0,0.0,0.0,0.0,0.0,0.0,0.0,0.0
54.999,6.0346,3.7401,0.5321,0.1127,47,0.5321,0.0,0.0,0.0,0.0,0.0,0.0,0.0,0.0
55.049,6.0346,3.7401,0.5321,0.1127,47,0.5321,0.0,0.0,0.0,0.0,0.0,0.0,0.0,0.0
55.099,6.0346,3.7401,0.5321,0.1127,47,0.5321,0.0,0.0,0.0,0.0,0.0,0.0,0.0,0.0
55.15,6.0346,3.7401,0.5321,0.1127,47,0.5321,0.0,0.0,0.0,0.0,0.0,0.0,0.0,0.0
55.2,6.0346,3.7401,0.5321,0.1127,47,0.5321,0.0,0.0,0.0,0.0,0.0,0.0,0.0,0.0
55.249,6.0346,3.7401,0.5321,0.1127,47,0.5321,0.0,0.0,0.0,0.0,0.0,0.0,0.0,0.0
55.299,6.0346,3.7401,0.5321,0.1127,47,0.5321,0.0,0.0,0.0,0.0,0.0,0.0,0.0,0.0
55.349,6.0346,3.7401,0.5321,0.1127,47,0.5321,0.0,0.0,0.0,0.0,0.0,0.0,0.0,0.0
55.4,6.0346,3.7401,0.5321,0.1127,47,0.5321,0.0,0.0,0.0,0.0,0.0,0.0,0.0,0.0
55.45,6.0346,3.7401,0.5321,0.1127,47,0.5321,0.0,0.0,0.0,0.0,0.0,0.0,0.0,0.0
55.499,6.0346,3.7401,0.5321,0.1127,47,0.5321,0.0,0.0,0.0,0.0,0.0,0.0,0.0,0.0
55.549,6.0346,3.7401,0.5321,0.1127,47,0.5321,0.0,0.0,0.0,0.0,0.0,0.0,0.0,0.0
55.603,6.0346,3.7401,0.5321,0.1127,47,0.5321,0.0,0.0,0.0,0.0,0.0,0.0,0.0,0.0
55.65,6.0346,3.7401,0.5321,0.1127,47,0.5321,0.0,0.0,0.0,0.0,0.0,0.0,0.0,0.0
55.7,6.0346,3.7401,0.5321,0.1127,47,0.5321,0.0,0.0,0.0,0.0,0.0,0.0,0.0,0.0
55.749,6.0346,3.7401,0.5321,0.1127,47,0.5321,0.0,0.0,0.0,0.0,0.0,0.0,0.0,0.0
55.799,6.0346,3.7401,0.5321,0.1127,47,0.5321,0.0,0.0,0.0,0.0,0.0,0.0,0.0,0.0
55.849,6.0346,3.7401,0.5321,0.1127,47,0.5321,0.0,0.0,0.0,0.0,0.0,0.0,0.0,0.0
55.9,6.0346,3.7401,0.5321,0.1127,47,0.5321,0.0,0.0,0.0,0.0,0.0,0.0,0.0,0.0
55.95,6.0346,3.7401,0.5321,0.1127,47,0.5321,0.0,0.0,0.0,0.0,0.0,0.0,0.0,0.0
56.0,6.0346,3.7401,0.5321,0.1127,47,0.5321,0.0,0.0,0.0,0.0,0.0,0.0,0.0,0.0
56.05,6.0346,3.7401,0.5321,0.1127,47,0.5321,0.0,0.0,0.0,0.0,0.0,0.0,0.0,0.0
56.101,6.0346,3.7401,0.5321,0.1127,47,0.5321,0.0,0.0,0.0,0.0,0.0,0.0,0.0,0.0
56.151,6.0346,3.7401,0.5321,0.1127,47,0.5321,0.0,0.0,0.0,0.0,0.0,0.0,0.0,0.0
56.201,6.0346,3.7401,0.5321,0.1127,47,0.5321,0.0,0.0,0.0,0.0,0.0,0.0,0.0,0.0
56.25,6.0346,3.7401,0.5321,0.1127,47,0.5321,0.0,0.0,0.0,0.0,0.0,0.0,0.0,0.0
56.3,6.0346,3.7401,0.5321,0.1127,47,0.5321,0.0,0.0,0.0,0.0,0.0,0.0,0.0,0.0
56.349,6.0346,3.7401,0.5321,0.1127,47,0.5321,0.0,0.0,0.0,0.0,0.0,0.0,0.0,0.0
56.4,6.0346,3.7401,0.5321,0.1127,47,0.5321,0.0,0.0,0.0,0.0,0.0,0.0,0.0,0.0
56.45,6.0346,3.7401,0.5321,0.1127,47,0.5321,0.0,0.0,0.0,0.0,0.0,0.0,0.0,0.0
56.502,6.0346,3.7401,0.5321,0.1127,47,0.5321,0.0,0.0,0.0,0.0,0.0,0.0,0.0,0.0
56.55,6.0346,3.7401,0.5321,0.1127,47,0.5321,0.0,0.0,0.0,0.0,0.0,0.0,0.0,0.0
56.599,6.0346,3.7401,0.5321,0.1127,47,0.5321,0.0,0.0,0.0,0.0,0.0,0.0,0.0,0.0
56.65,6.0346,3.7401,0.5321,0.1127,47,0.5321,0.0,0.0,0.0,0.0,0.0,0.0,0.0,0.0
56.7,6.0346,3.7401,0.5321,0.1127,47,0.5321,0.0,0.0,0.0,0.0,0.0,0.0,0.0,0.0
56.75,6.0346,3.7401,0.5321,0.1127,47,0.5321,0.0,0.0,0.0,0.0,0.0,0.0,0.0,0.0
56.799,6.0346,3.7401,0.5321,0.1127,47,0.5321,0.0,0.0,0.0,0.0,0.0,0.0,0.0,0.0
56.85,6.0346,3.7401,0.5321,0.1127,47,0.5321,0.0,0.0,0.0,0.0,0.0,0.0,0.0,0.0
56.9,6.0346,3.7401,0.5321,0.1127,47,0.5321,0.0,0.0,0.0,0.0,0.0,0.0,0.0,0.0
56.95,6.0346,3.7401,0.5321,0.1127,47,0.5321,0.0,0.0,0.0,0.0,0.0,0.0,0.0,0.0
57.0,6.0346,3.7401,0.5321,0.1127,47,0.5321,0.0,0.0,0.0,0.0,0.0,0.0,0.0,0.0
57.051,6.0346,3.7401,0.5321,0.1127,47,0.5321,0.0,0.0,0.0,0.0,0.0,0.0,0.0,0.0
57.101,6.0346,3.7401,0.5321,0.1127,47,0.5321,0.0,0.0,0.0,0.0,0.0,0.0,0.0,0.0
57.149,6.0346,3.7401,0.5321,0.1127,47,0.5321,0.0,0.0,0.0,0.0,0.0,0.0,0.0,0.0
57.209,6.0346,3.7401,0.5321,0.1127,47,0.5321,0.0,0.0,0.0,0.0,0.0,0.0,0.0,0.0
57.249,6.0346,3.7401,0.5321,0.1127,47,0.5321,0.0,0.0,0.0,0.0,0.0,0.0,0.0,0.0
57.3,6.0346,3.7401,0.5321,0.1127,47,0.5321,0.0,0.0,0.0,0.0,0.0,0.0,0.0,0.0
57.349,6.0346,3.7401,0.5321,0.1127,47,0.5321,0.0,0.0,0.0,0.0,0.0,0.0,0.0,0.0
57.399,6.0346,3.7401,0.5321,0.1127,47,0.5321,0.0,0.0,0.0,0.0,0.0,0.0,0.0,0.0
57.449,6.0346,3.7401,0.5321,0.1127,47,0.5321,0.0,0.0,0.0,0.0,0.0,0.0,0.0,0.0
57.5,6.0346,3.7401,0.5321,0.1127,47,0.5321,0.0,0.0,0.0,0.0,0.0,0.0,0.0,0.0
57.55,6.0346,3.7401,0.5321,0.1127,47,0.5321,0.0,0.0,0.0,0.0,0.0,0.0,0.0,0.0
57.6,6.0346,3.7401,0.5321,0.1127,47,0.5321,0.0,0.0,0.0,0.0,0.0,0.0,0.0,0.0
57.649,6.0346,3.7401,0.5321,0.1127,47,0.5321,0.0,0.0,0.0,0.0,0.0,0.0,0.0,0.0
57.7,6.0346,3.7401,0.5321,0.1127,47,0.5321,0.0,0.0,0.0,0.0,0.0,0.0,0.0,0.0
57.75,6.0346,3.7401,0.5321,0.1127,47,0.5321,0.0,0.0,0.0,0.0,0.0,0.0,0.0,0.0
57.8,6.0346,3.7401,0.5321,0.1127,47,0.5321,0.0,0.0,0.0,0.0,0.0,0.0,0.0,0.0
57.85,6.0346,3.7401,0.5321,0.1127,47,0.5321,0.0,0.0,0.0,0.0,0.0,0.0,0.0,0.0
57.9,6.0346,3.7401,0.5321,0.1127,47,0.5321,0.0,0.0,0.0,0.0,0.0,0.0,0.0,0.0
57.949,6.0346,3.7401,0.5321,0.1127,47,0.5321,0.0,0.0,0.0,0.0,0.0,0.0,0.0,0.0
58.001,6.0346,3.7401,0.5321,0.1127,47,0.5321,0.0,0.0,0.0,0.0,0.0,0.0,0.0,0.0
58.049,6.0346,3.7401,0.5321,0.1127,47,0.5321,0.0,0.0,0.0,0.0,0.0,0.0,0.0,0.0
58.101,6.0346,3.7401,0.5321,0.1127,47,0.5321,0.0,0.0,0.0,0.0,0.0,0.0,0.0,0.0
58.149,6.0346,3.7401,0.5321,0.1127,47,0.5321,0.0,0.0,0.0,0.0,0.0,0.0,0.0,0.0
58.2,6.0346,3.7401,0.5321,0.1127,47,0.5321,0.0,0.0,0.0,0.0,0.0,0.0,0.0,0.0
58.249,6.0346,3.7401,0.5321,0.1127,47,0.5321,0.0,0.0,0.0,0.0,0.0,0.0,0.0,0.0
58.3,6.0346,3.7401,0.5321,0.1127,47,0.5321,0.0,0.0,0.0,0.0,0.0,0.0,0.0,0.0
58.349,6.0346,3.7401,0.5321,0.1127,47,0.5321,0.0,0.0,0.0,0.0,0.0,0.0,0.0,0.0
58.4,6.0346,3.7401,0.5321,0.1127,47,0.5321,0.0,0.0,0.0,0.0,0.0,0.0,0.0,0.0
58.449,6.0346,3.7401,0.5321,0.1127,47,0.5321,0.0,0.0,0.0,0.0,0.0,0.0,0.0,0.0
58.5,6.0346,3.7401,0.5321,0.1127,47,0.5321,0.0,0.0,0.0,0.0,0.0,0.0,0.0,0.0
58.55,6.0346,3.7401,0.5321,0.1127,47,0.5321,0.0,0.0,0.0,0.0,0.0,0.0,0.0,0.0
58.6,6.0346,3.7401,0.5321,0.1127,47,0.5321,0.0,0.0,0.0,0.0,0.0,0.0,0.0,0.0
58.649,6.0346,3.7401,0.5321,0.1127,47,0.5321,0.0,0.0,0.0,0.0,0.0,0.0,0.0,0.0
58.699,6.0346,3.7401,0.5321,0.1127,47,0.5321,0.0,0.0,0.0,0.0,0.0,0.0,0.0,0.0
58.75,6.0346,3.7401,0.5321,0.1127,47,0.5321,0.0,0.0,0.0,0.0,0.0,0.0,0.0,0.0
58.799,6.0346,3.7401,0.5321,0.1127,47,0.5321,0.0,0.0,0.0,0.0,0.0,0.0,0.0,0.0
58.849,6.0346,3.7401,0.5321,0.1127,47,0.5321,0.0,0.0,0.0,0.0,0.0,0.0,0.0,0.0
58.899,6.0346,3.7401,0.5321,0.1127,47,0.5321,0.0,0.0,0.0,0.0,0.0,0.0,0.0,0.0
58.949,6.0346,3.7401,0.5321,0.1127,47,0.5321,0.0,0.0,0.0,0.0,0.0,0.0,0.0,0.0
58.999,6.0346,3.7401,0.5321,0.1127,47,0.5321,0.0,0.0,0.0,0.0,0.0,0.0,0.0,0.0
59.049,6.0346,3.7401,0.5321,0.1127,47,0.5321,0.0,0.0,0.0,0.0,0.0,0.0,0.0,0.0
59.099,6.0346,3.7401,0.5321,0.1127,47,0.5321,0.0,0.0,0.0,0.0,0.0,0.0,0.0,0.0
59.15,6.0346,3.7401,0.5321,0.1127,47,0.5321,0.0,0.0,0.0,0.0,0.0,0.0,0.0,0.0
59.2,6.0346,3.7401,0.5321,0.1127,47,0.5321,0.0,0.0,0.0,0.0,0.0,0.0,0.0,0.0
59.25,6.0346,3.7401,0.5321,0.1127,47,0.5321,0.0,0.0,0.0,0.0,0.0,0.0,0.0,0.0
59.299,6.0346,3.7401,0.5321,0.1127,47,0.5321,0.0,0.0,0.0,0.0,0.0,0.0,0.0,0.0
59.349,6.0346,3.7401,0.5321,0.1127,47,0.5321,0.0,0.0,0.0,0.0,0.0,0.0,0.0,0.0
59.401,6.0346,3.7401,0.5321,0.1127,47,0.5321,0.0,0.0,0.0,0.0,0.0,0.0,0.0,0.0
59.449,6.0346,3.7401,0.5321,0.1127,47,0.5321,0.0,0.0,0.0,0.0,0.0,0.0,0.0,0.0
59.5,6.0346,3.7401,0.5321,0.1127,47,0.5321,0.0,0.0,0.0,0.0,0.0,0.0,0.0,0.0
59.55,6.0346,3.7401,0.5321,0.1127,47,0.5321,0.0,0.0,0.0,0.0,0.0,0.0,0.0,0.0
59.6,6.0346,3.7401,0.5321,0.1127,47,0.5321,0.0,0.0,0.0,0.0,0.0,0.0,0.0,0.0
59.65,6.0346,3.7401,0.5321,0.1127,47,0.5321,0.0,0.0,0.0,0.0,0.0,0.0,0.0,0.0
59.7,6.0346,3.7401,0.5321,0.1127,47,0.5321,0.0,0.0,0.0,0.0,0.0,0.0,0.0,0.0
59.75,6.0346,3.7401,0.5321,0.1127,47,0.5321,0.0,0.0,0.0,0.0,0.0,0.0,0.0,0.0
59.8,6.0346,3.7401,0.5321,0.1127,47,0.5321,0.0,0.0,0.0,0.0,0.0,0.0,0.0,0.0
59.85,6.0346,3.7401,0.5321,0.1127,47,0.5321,0.0,0.0,0.0,0.0,0.0,0.0,0.0,0.0
59.901,6.0346,3.7401,0.5321,0.1127,47,0.5321,0.0,0.0,0.0,0.0,0.0,0.0,0.0,0.0
59.95,6.0346,3.7401,0.5321,0.1127,47,0.5321,0.0,0.0,0.0,0.0,0.0,0.0,0.0,0.0
60.0,6.0346,3.7401,0.5321,0.1127,47,0.5321,0.0,0.0,0.0,0.0,0.0,0.0,0.0,0.0
60.049,6.0346,3.7401,0.5321,0.1127,47,0.5321,0.0,0.0,0.0,0.0,0.0,0.0,0.0,0.0
60.103,6.0346,3.7401,0.5321,0.1127,47,0.5321,0.0,0.0,0.0,0.0,0.0,0.0,0.0,0.0
60.149,6.0346,3.7401,0.5321,0.1127,47,0.5321,0.0,0.0,0.0,0.0,0.0,0.0,0.0,0.0
60.199,6.0346,3.7401,0.5321,0.1127,47,0.5321,0.0,0.0,0.0,0.0,0.0,0.0,0.0,0.0
60.25,6.0346,3.7401,0.5321,0.1127,47,0.5321,0.0,0.0,0.0,0.0,0.0,0.0,0.0,0.0
60.3,6.0346,3.7401,0.5321,0.1127,47,0.5321,0.0,0.0,0.0,0.0,0.0,0.0,0.0,0.0
60.35,6.0346,3.7401,0.5321,0.1127,47,0.5321,0.0,0.0,0.0,0.0,0.0,0.0,0.0,0.0
60.399,6.0346,3.7401,0.5321,0.1127,47,0.5321,0.0,0.0,0.0,0.0,0.0,0.0,0.0,0.0
60.449,6.0346,3.7401,0.5321,0.1127,47,0.5321,0.0,0.0,0.0,0.0,0.0,0.0,0.0,0.0
60.502,6.0346,3.7401,0.5321,0.1127,47,0.5321,0.0,0.0,0.0,0.0,0.0,0.0,0.0,0.0
60.55,6.0346,3.7401,0.5321,0.1127,47,0.5321,0.0,0.0,0.0,0.0,0.0,0.0,0.0,0.0
60.599,6.0346,3.7401,0.5321,0.1127,47,0.5321,0.0,0.0,0.0,0.0,0.0,0.0,0.0,0.0
60.649,6.0346,3.7401,0.5321,0.1127,47,0.5321,0.0,0.0,0.0,0.0,0.0,0.0,0.0,0.0
60.7,6.0346,3.7401,0.5321,0.1127,47,0.5321,0.0,0.0,0.0,0.0,0.0,0.0,0.0,0.0
60.75,6.0346,3.7401,0.5321,0.1127,47,0.5321,0.0,0.0,0.0,0.0,0.0,0.0,0.0,0.0
60.8,6.0346,3.7401,0.5321,0.1127,47,0.5321,0.0,0.0,0.0,0.0,0.0,0.0,0.0,0.0
60.849,6.0346,3.7401,0.5321,0.1127,47,0.5321,0.0,0.0,0.0,0.0,0.0,0.0,0.0,0.0
60.9,6.0346,3.7401,0.5321,0.1127,47,0.5321,0.0,0.0,0.0,0.0,0.0,0.0,0.0,0.0
60.949,6.0346,3.7401,0.5321,0.1127,47,0.5321,0.0,0.0,0.0,0.0,0.0,0.0,0.0,0.0
61.0,6.0346,3.7401,0.5321,0.1127,47,0.5321,0.0,0.0,0.0,0.0,0.0,0.0,0.0,0.0
61.049,6.0346,3.7401,0.5321,0.1127,47,0.5321,0.0,0.0,0.0,0.0,0.0,0.0,0.0,0.0
61.1,6.0346,3.7401,0.5321,0.1127,47,0.5321,0.0,0.0,0.0,0.0,0.0,0.0,0.0,0.0
61.149,6.0346,3.7401,0.5321,0.1127,47,0.5321,0.0,0.0,0.0,0.0,0.0,0.0,0.0,0.0
61.2,6.0346,3.7401,0.5321,0.1127,47,0.5321,0.0,0.0,0.0,0.0,0.0,0.0,0.0,0.0
61.249,6.0346,3.7401,0.5321,0.1127,47,0.5321,0.0,0.0,0.0,0.0,0.0,0.0,0.0,0.0
61.299,6.0346,3.7401,0.5321,0.1127,47,0.5321,0.0,0.0,0.0,0.0,0.0,0.0,0.0,0.0
61.349,6.0346,3.7401,0.5321,0.1127,47,0.5321,0.0,0.0,0.0,0.0,0.0,0.0,0.0,0.0
61.401,6.0346,3.7401,0.5321,0.1127,47,0.5321,0.0,0.0,0.0,0.0,0.0,0.0,0.0,0.0
61.449,6.0346,3.7401,0.5321,0.1127,47,0.5321,0.0,0.0,0.0,0.0,0.0,0.0,0.0,0.0
61.5,6.0346,3.7401,0.5321,0.1127,47,0.5321,0.0,0.0,0.0,0.0,0.0,0.0,0.0,0.0
61.549,6.0346,3.7401,0.5321,0.1127,47,0.5321,0.0,0.0,0.0,0.0,0.0,0.0,0.0,0.0
61.599,6.0346,3.7401,0.5321,0.1127,47,0.5321,0.0,0.0,0.0,0.0,0.0,0.0,0.0,0.0
61.649,6.0346,3.7401,0.5321,0.1127,47,0.5321,0.0,0.0,0.0,0.0,0.0,0.0,0.0,0.0
61.7,6.0346,3.7401,0.5321,0.1127,47,0.5321,0.0,0.0,0.0,0.0,0.0,0.0,0.0,0.0
61.75,6.0346,3.7401,0.5321,0.1127,47,0.5321,0.0,0.0,0.0,0.0,0.0,0.0,0.0,0.0
61.8,6.0346,3.7401,0.5321,0.1127,47,0.5321,0.0,0.0,0.0,0.0,0.0,0.0,0.0,0.0
61.849,6.0346,3.7401,0.5321,0.1127,47,0.5321,0.0,0.0,0.0,0.0,0.0,0.0,0.0,0.0
61.9,6.0346,3.7401,0.5321,0.1127,47,0.5321,0.0,0.0,0.0,0.0,0.0,0.0,0.0,0.0
61.95,6.0346,3.7401,0.5321,0.1127,47,0.5321,0.0,0.0,0.0,0.0,0.0,0.0,0.0,0.0
62.002,6.0346,3.7401,0.5321,0.1127,47,0.5321,0.0,0.0,0.0,0.0,0.0,0.0,0.0,0.0
62.05,6.0346,3.7401,0.5321,0.1127,47,0.5321,0.0,0.0,0.0,0.0,0.0,0.0,0.0,0.0
62.099,6.0346,3.7401,0.5321,0.1127,47,0.5321,0.0,0.0,0.0,0.0,0.0,0.0,0.0,0.0
62.15,6.0346,3.7401,0.5321,0.1127,47,0.5321,0.0,0.0,0.0,0.0,0.0,0.0,0.0,0.0
62.2,6.0346,3.7401,0.5321,0.1127,47,0.5321,0.0,0.0,0.0,0.0,0.0,0.0,0.0,0.0
62.25,6.0346,3.7401,0.5321,0.1127,47,0.5321,0.0,0.0,0.0,0.0,0.0,0.0,0.0,0.0
62.3,6.0346,3.7401,0.5321,0.1127,47,0.5321,0.0,0.0,0.0,0.0,0.0,0.0,0.0,0.0
62.35,6.0346,3.7401,0.5321,0.1127,47,0.5321,0.0,0.0,0.0,0.0,0.0,0.0,0.0,0.0
62.399,6.0346,3.7401,0.5321,0.1127,47,0.5321,0.0,0.0,0.0,0.0,0.0,0.0,0.0,0.0
62.449,6.0346,3.7401,0.5321,0.1127,47,0.5321,0.0,0.0,0.0,0.0,0.0,0.0,0.0,0.0
62.5,6.0346,3.7401,0.5321,0.1127,47,0.5321,0.0,0.0,0.0,0.0,0.0,0.0,0.0,0.0
62.549,6.0346,3.7401,0.5321,0.1127,47,0.5321,0.0,0.0,0.0,0.0,0.0,0.0,0.0,0.0
62.599,6.0346,3.7401,0.5321,0.1127,47,0.5321,0.0,0.0,0.0,0.0,0.0,0.0,0.0,0.0
62.649,6.0346,3.7401,0.5321,0.1127,47,0.5321,0.0,0.0,0.0,0.0,0.0,0.0,0.0,0.0
62.7,6.0346,3.7401,0.5321,0.1127,47,0.5321,0.0,0.0,0.0,0.0,0.0,0.0,0.0,0.0
62.749,6.0346,3.7401,0.5321,0.1127,47,0.5321,0.0,0.0,0.0,0.0,0.0,0.0,0.0,0.0
62.8,6.0346,3.7401,0.5321,0.1127,47,0.5321,0.0,0.0,0.0,0.0,0.0,0.0,0.0,0.0
62.849,6.0346,3.7401,0.5321,0.1127,47,0.5321,0.0,0.0,0.0,0.0,0.0,0.0,0.0,0.0
62.9,6.0346,3.7401,0.5321,0.1127,47,0.5321,0.0,0.0,0.0,0.0,0.0,0.0,0.0,0.0
62.95,6.0346,3.7401,0.5321,0.1127,47,0.5321,0.0,0.0,0.0,0.0,0.0,0.0,0.0,0.0
62.999,6.0346,3.7401,0.5321,0.1127,47,0.5321,0.0,0.0,0.0,0.0,0.0,0.0,0.0,0.0
63.049,6.0346,3.7401,0.5321,0.1127,47,0.5321,0.0,0.0,0.0,0.0,0.0,0.0,0.0,0.0
63.1,6.0346,3.7401,0.5321,0.1127,47,0.5321,0.0,0.0,0.0,0.0,0.0,0.0,0.0,0.0
63.15,6.0346,3.7401,0.5321,0.1127,47,0.5321,0.0,0.0,0.0,0.0,0.0,0.0,0.0,0.0
63.199,6.0346,3.7401,0.5321,0.1127,47,0.5321,0.0,0.0,0.0,0.0,0.0,0.0,0.0,0.0
63.249,6.0346,3.7401,0.5321,0.1127,47,0.5321,0.0,0.0,0.0,0.0,0.0,0.0,0.0,0.0
63.3,6.0346,3.7401,0.5321,0.1127,47,0.5321,0.0,0.0,0.0,0.0,0.0,0.0,0.0,0.0
63.35,6.0346,3.7401,0.5321,0.1127,47,0.5321,0.0,0.0,0.0,0.0,0.0,0.0,0.0,0.0
63.4,6.0346,3.7401,0.5321,0.1127,47,0.5321,0.0,0.0,0.0,0.0,0.0,0.0,0.0,0.0
63.45,6.0346,3.7401,0.5321,0.1127,47,0.5321,0.0,0.0,0.0,0.0,0.0,0.0,0.0,0.0
63.503,6.0346,3.7401,0.5321,0.1127,47,0.5321,0.0,0.0,0.0,0.0,0.0,0.0,0.0,0.0
63.549,6.0346,3.7401,0.5321,0.1127,47,0.5321,0.0,0.0,0.0,0.0,0.0,0.0,0.0,0.0
63.6,6.0346,3.7401,0.5321,0.1127,47,0.5321,0.0,0.0,0.0,0.0,0.0,0.0,0.0,0.0
63.649,6.0346,3.7401,0.5321,0.1127,47,0.5321,0.0,0.0,0.0,0.0,0.0,0.0,0.0,0.0
63.699,6.0346,3.7401,0.5321,0.1127,47,0.5321,0.0,0.0,0.0,0.0,0.0,0.0,0.0,0.0
63.749,6.0346,3.7401,0.5321,0.1127,47,0.5321,0.0,0.0,0.0,0.0,0.0,0.0,0.0,0.0
63.799,6.0346,3.7401,0.5321,0.1127,47,0.5321,0.0,0.0,0.0,0.0,0.0,0.0,0.0,0.0
63.852,6.0346,3.7401,0.5321,0.1127,47,0.5321,0.0,0.0,0.0,0.0,0.0,0.0,0.0,0.0
63.899,6.0346,3.7401,0.5321,0.1127,47,0.5321,0.0,0.0,0.0,0.0,0.0,0.0,0.0,0.0
63.95,6.0346,3.7401,0.5321,0.1127,47,0.5321,0.0,0.0,0.0,0.0,0.0,0.0,0.0,0.0
64.0,6.0346,3.7401,0.5321,0.1127,47,0.5321,0.0,0.0,0.0,0.0,0.0,0.0,0.0,0.0
64.05,6.0346,3.7401,0.5321,0.1127,47,0.5321,0.0,0.0,0.0,0.0,0.0,0.0,0.0,0.0
64.101,6.0346,3.7401,0.5321,0.1127,47,0.5321,0.0,0.0,0.0,0.0,0.0,0.0,0.0,0.0
64.149,6.0346,3.7401,0.5321,0.1127,47,0.5321,0.0,0.0,0.0,0.0,0.0,0.0,0.0,0.0
64.2,6.0346,3.7401,0.5321,0.1127,47,0.5321,0.0,0.0,0.0,0.0,0.0,0.0,0.0,0.0
64.25,6.0346,3.7401,0.5321,0.1127,47,0.5321,0.0,0.0,0.0,0.0,0.0,0.0,0.0,0.0
64.299,6.0346,3.7401,0.5321,0.1127,47,0.5321,0.0,0.0,0.0,0.0,0.0,0.0,0.0,0.0
64.349,6.0346,3.7401,0.5321,0.1127,47,0.5321,0.0,0.0,0.0,0.0,0.0,0.0,0.0,0.0
64.4,6.0346,3.7401,0.5321,0.1127,47,0.5321,0.0,0.0,0.0,0.0,0.0,0.0,0.0,0.0
64.449,6.0346,3.7401,0.5321,0.1127,47,0.5321,0.0,0.0,0.0,0.0,0.0,0.0,0.0,0.0
64.499,6.0346,3.7401,0.5321,0.1127,47,0.5321,0.0,0.0,0.0,0.0,0.0,0.0,0.0,0.0
64.55,6.0346,3.7401,0.5321,0.1127,47,0.5321,0.0,0.0,0.0,0.0,0.0,0.0,0.0,0.0
64.6,6.0346,3.7401,0.5321,0.1127,47,0.5321,0.0,0.0,0.0,0.0,0.0,0.0,0.0,0.0
64.65,6.0346,3.7401,0.5321,0.1127,47,0.5321,0.0,0.0,0.0,0.0,0.0,0.0,0.0,0.0
64.7,6.0346,3.7401,0.5321,0.1127,47,0.5321,0.0,0.0,0.0,0.0,0.0,0.0,0.0,0.0
64.749,6.0346,3.7401,0.5321,0.1127,47,0.5321,0.0,0.0,0.0,0.0,0.0,0.0,0.0,0.0
64.799,6.0346,3.7401,0.5321,0.1127,47,0.5321,0.0,0.0,0.0,0.0,0.0,0.0,0.0,0.0
64.852,6.0346,3.7401,0.5321,0.1127,47,0.5321,0.0,0.0,0.0,0.0,0.0,0.0,0.0,0.0
64.9,6.0346,3.7401,0.5321,0.1127,47,0.5321,0.0,0.0,0.0,0.0,0.0,0.0,0.0,0.0
64.951,6.0346,3.7401,0.5321,0.1127,47,0.5321,0.0,0.0,0.0,0.0,0.0,0.0,0.0,0.0
65.001,6.0346,3.7401,0.5321,0.1127,47,0.5321,0.0,0.0,0.0,0.0,0.0,0.0,0.0,0.0
65.051,6.0346,3.7401,0.5321,0.1127,47,0.5321,0.0,0.0,0.0,0.0,0.0,0.0,0.0,0.0
65.099,6.0346,3.7401,0.5321,0.1127,47,0.5321,0.0,0.0,0.0,0.0,0.0,0.0,0.0,0.0
65.15,6.0346,3.7401,0.5321,0.1127,47,0.5321,0.0,0.0,0.0,0.0,0.0,0.0,0.0,0.0
65.202,6.0346,3.7401,0.5321,0.1127,47,0.5321,0.0,0.0,0.0,0.0,0.0,0.0,0.0,0.0
65.25,6.0346,3.7401,0.5321,0.1127,47,0.5321,0.0,0.0,0.0,0.0,0.0,0.0,0.0,0.0
65.299,6.0346,3.7401,0.5321,0.1127,47,0.5321,0.0,0.0,0.0,0.0,0.0,0.0,0.0,0.0
65.349,6.0346,3.7401,0.5321,0.1127,47,0.5321,0.0,0.0,0.0,0.0,0.0,0.0,0.0,0.0
65.4,6.0346,3.7401,0.5321,0.1127,47,0.5321,0.0,0.0,0.0,0.0,0.0,0.0,0.0,0.0
65.45,6.0346,3.7401,0.5321,0.1127,47,0.5321,0.0,0.0,0.0,0.0,0.0,0.0,0.0,0.0
65.5,6.0346,3.7401,0.5321,0.1127,47,0.5321,0.0,0.0,0.0,0.0,0.0,0.0,0.0,0.0
65.551,6.0346,3.7401,0.5321,0.1127,47,0.5321,0.0,0.0,0.0,0.0,0.0,0.0,0.0,0.0
65.6,6.0346,3.7401,0.5321,0.1127,47,0.5321,0.0,0.0,0.0,0.0,0.0,0.0,0.0,0.0
65.649,6.0346,3.7401,0.5321,0.1127,47,0.5321,0.0,0.0,0.0,0.0,0.0,0.0,0.0,0.0
65.7,6.0346,3.7401,0.5321,0.1127,47,0.5321,0.0,0.0,0.0,0.0,0.0,0.0,0.0,0.0
65.75,6.0346,3.7401,0.5321,0.1127,47,0.5321,0.0,0.0,0.0,0.0,0.0,0.0,0.0,0.0
65.799,6.0346,3.7401,0.5321,0.1127,47,0.5321,0.0,0.0,0.0,0.0,0.0,0.0,0.0,0.0
65.849,6.0346,3.7401,0.5321,0.1127,47,0.5321,0.0,0.0,0.0,0.0,0.0,0.0,0.0,0.0
65.9,6.0346,3.7401,0.5321,0.1127,47,0.5321,0.0,0.0,0.0,0.0,0.0,0.0,0.0,0.0
65.95,6.0346,3.7401,0.5321,0.1127,47,0.5321,0.0,0.0,0.0,0.0,0.0,0.0,0.0,0.0
66.0,6.0346,3.7401,0.5321,0.1127,47,0.5321,0.0,0.0,0.0,0.0,0.0,0.0,0.0,0.0
66.05,6.0346,3.7401,0.5321,0.1127,47,0.5321,0.0,0.0,0.0,0.0,0.0,0.0,0.0,0.0
66.1,6.0346,3.7401,0.5321,0.1127,47,0.5321,0.0,0.0,0.0,0.0,0.0,0.0,0.0,0.0
66.149,6.0346,3.7401,0.5321,0.1127,47,0.5321,0.0,0.0,0.0,0.0,0.0,0.0,0.0,0.0
66.2,6.0346,3.7401,0.5321,0.1127,47,0.5321,0.0,0.0,0.0,0.0,0.0,0.0,0.0,0.0
66.249,6.0346,3.7401,0.5321,0.1127,47,0.5321,0.0,0.0,0.0,0.0,0.0,0.0,0.0,0.0
66.3,6.0346,3.7401,0.5321,0.1127,47,0.5321,0.0,0.0,0.0,0.0,0.0,0.0,0.0,0.0
66.35,6.0346,3.7401,0.5321,0.1127,47,0.5321,0.0,0.0,0.0,0.0,0.0,0.0,0.0,0.0
66.399,6.0346,3.7401,0.5321,0.1127,47,0.5321,0.0,0.0,0.0,0.0,0.0,0.0,0.0,0.0
66.449,6.0346,3.7401,0.5321,0.1127,47,0.5321,0.0,0.0,0.0,0.0,0.0,0.0,0.0,0.0
66.499,6.0346,3.7401,0.5321,0.1127,47,0.5321,0.0,0.0,0.0,0.0,0.0,0.0,0.0,0.0
66.552,6.0346,3.7401,0.5321,0.1127,47,0.5321,0.0,0.0,0.0,0.0,0.0,0.0,0.0,0.0
66.599,6.0346,3.7401,0.5321,0.1127,47,0.5321,0.0,0.0,0.0,0.0,0.0,0.0,0.0,0.0
66.649,6.0346,3.7401,0.5321,0.1127,47,0.5321,0.0,0.0,0.0,0.0,0.0,0.0,0.0,0.0
66.701,6.0346,3.7401,0.5321,0.1127,47,0.5321,0.0,0.0,0.0,0.0,0.0,0.0,0.0,0.0
66.75,6.0346,3.7401,0.5321,0.1127,47,0.5321,0.0,0.0,0.0,0.0,0.0,0.0,0.0,0.0
66.8,6.0346,3.7401,0.5321,0.1127,47,0.5321,0.0,0.0,0.0,0.0,0.0,0.0,0.0,0.0
66.85,6.0346,3.7401,0.5321,0.1127,47,0.5321,0.0,0.0,0.0,0.0,0.0,0.0,0.0,0.0
66.9,6.0346,3.7401,0.5321,0.1127,47,0.5321,0.0,0.0,0.0,0.0,0.0,0.0,0.0,0.0
66.949,6.0346,3.7401,0.5321,0.1127,47,0.5321,0.0,0.0,0.0,0.0,0.0,0.0,0.0,0.0
67.0,6.0346,3.7401,0.5321,0.1127,47,0.5321,0.0,0.0,0.0,0.0,0.0,0.0,0.0,0.0
67.051,6.0346,3.7401,0.5321,0.1127,47,0.5321,0.0,0.0,0.0,0.0,0.0,0.0,0.0,0.0
67.1,6.0346,3.7401,0.5321,0.1127,47,0.5321,0.0,0.0,0.0,0.0,0.0,0.0,0.0,0.0
67.149,6.0346,3.7401,0.5321,0.1127,47,0.5321,0.0,0.0,0.0,0.0,0.0,0.0,0.0,0.0
67.199,6.0346,3.7401,0.5321,0.1127,47,0.5321,0.0,0.0,0.0,0.0,0.0,0.0,0.0,0.0
67.252,6.0346,3.7401,0.5321,0.1127,47,0.5321,0.0,0.0,0.0,0.0,0.0,0.0,0.0,0.0
67.3,6.0346,3.7401,0.5321,0.1127,47,0.5321,0.0,0.0,0.0,0.0,0.0,0.0,0.0,0.0
67.349,6.0346,3.7401,0.5321,0.1127,47,0.5321,0.0,0.0,0.0,0.0,0.0,0.0,0.0,0.0
67.399,6.0346,3.7401,0.5321,0.1127,47,0.5321,0.0,0.0,0.0,0.0,0.0,0.0,0.0,0.0
67.45,6.0346,3.7401,0.5321,0.1127,47,0.5321,0.0,0.0,0.0,0.0,0.0,0.0,0.0,0.0
67.5,6.0346,3.7401,0.5321,0.1127,47,0.5321,0.0,0.0,0.0,0.0,0.0,0.0,0.0,0.0
67.55,6.0346,3.7401,0.5321,0.1127,47,0.5321,0.0,0.0,0.0,0.0,0.0,0.0,0.0,0.0
67.599,6.0346,3.7401,0.5321,0.1127,47,0.5321,0.0,0.0,0.0,0.0,0.0,0.0,0.0,0.0
67.651,6.0346,3.7401,0.5321,0.1127,47,0.5321,0.0,0.0,0.0,0.0,0.0,0.0,0.0,0.0
67.7,6.0346,3.7401,0.5321,0.1127,47,0.5321,0.0,0.0,0.0,0.0,0.0,0.0,0.0,0.0
67.75,6.0346,3.7401,0.5321,0.1127,47,0.5321,0.0,0.0,0.0,0.0,0.0,0.0,0.0,0.0
67.799,6.0346,3.7401,0.5321,0.1127,47,0.5321,0.0,0.0,0.0,0.0,0.0,0.0,0.0,0.0
67.852,6.0346,3.7401,0.5321,0.1127,47,0.5321,0.0,0.0,0.0,0.0,0.0,0.0,0.0,0.0
67.9,6.0346,3.7401,0.5321,0.1127,47,0.5321,0.0,0.0,0.0,0.0,0.0,0.0,0.0,0.0
67.95,6.0346,3.7401,0.5321,0.1127,47,0.5321,0.0,0.0,0.0,0.0,0.0,0.0,0.0,0.0
68.0,6.0346,3.7401,0.5321,0.1127,47,0.5321,0.0,0.0,0.0,0.0,0.0,0.0,0.0,0.0
68.049,6.0346,3.7401,0.5321,0.1127,47,0.5321,0.0,0.0,0.0,0.0,0.0,0.0,0.0,0.0
68.099,6.0346,3.7401,0.5321,0.1127,47,0.5321,0.0,0.0,0.0,0.0,0.0,0.0,0.0,0.0
68.15,6.0346,3.7401,0.5321,0.1127,47,0.5321,0.0,0.0,0.0,0.0,0.0,0.0,0.0,0.0
68.199,6.0346,3.7401,0.5321,0.1127,47,0.5321,0.0,0.0,0.0,0.0,0.0,0.0,0.0,0.0
68.252,6.0346,3.7401,0.5321,0.1127,47,0.5321,0.0,0.0,0.0,0.0,0.0,0.0,0.0,0.0
68.3,6.0346,3.7401,0.5321,0.1127,47,0.5321,0.0,0.0,0.0,0.0,0.0,0.0,0.0,0.0
68.35,6.0346,3.7401,0.5321,0.1127,47,0.5321,0.0,0.0,0.0,0.0,0.0,0.0,0.0,0.0
68.401,6.0346,3.7401,0.5321,0.1127,47,0.5321,0.0,0.0,0.0,0.0,0.0,0.0,0.0,0.0
68.45,6.0346,3.7401,0.5321,0.1127,47,0.5321,0.0,0.0,0.0,0.0,0.0,0.0,0.0,0.0
68.5,6.0346,3.7401,0.5321,0.1127,47,0.5321,0.0,0.0,0.0,0.0,0.0,0.0,0.0,0.0
68.549,6.0346,3.7401,0.5321,0.1127,47,0.5321,0.0,0.0,0.0,0.0,0.0,0.0,0.0,0.0
68.6,6.0346,3.7401,0.5321,0.1127,47,0.5321,0.0,0.0,0.0,0.0,0.0,0.0,0.0,0.0
68.652,6.0346,3.7401,0.5321,0.1127,47,0.5321,0.0,0.0,0.0,0.0,0.0,0.0,0.0,0.0
68.7,6.0346,3.7401,0.5321,0.1127,47,0.5321,0.0,0.0,0.0,0.0,0.0,0.0,0.0,0.0
68.749,6.0346,3.7401,0.5321,0.1127,47,0.5321,0.0,0.0,0.0,0.0,0.0,0.0,0.0,0.0
68.801,6.0346,3.7401,0.5321,0.1127,47,0.5321,0.0,0.0,0.0,0.0,0.0,0.0,0.0,0.0
68.85,6.0346,3.7401,0.5321,0.1127,47,0.5321,0.0,0.0,0.0,0.0,0.0,0.0,0.0,0.0
68.9,6.0346,3.7401,0.5321,0.1127,47,0.5321,0.0,0.0,0.0,0.0,0.0,0.0,0.0,0.0
68.953,6.0346,3.7401,0.5321,0.1127,47,0.5321,0.0,0.0,0.0,0.0,0.0,0.0,0.0,0.0
69.0,6.0346,3.7401,0.5321,0.1127,47,0.5321,0.0,0.0,0.0,0.0,0.0,0.0,0.0,0.0
69.05,6.0346,3.7401,0.5321,0.1127,47,0.5321,0.0,0.0,0.0,0.0,0.0,0.0,0.0,0.0
69.101,6.0346,3.7401,0.5321,0.1127,47,0.5321,0.0,0.0,0.0,0.0,0.0,0.0,0.0,0.0
69.149,6.0346,3.7401,0.5321,0.1127,47,0.5321,0.0,0.0,0.0,0.0,0.0,0.0,0.0,0.0
69.199,6.0346,3.7401,0.5321,0.1127,47,0.5321,0.0,0.0,0.0,0.0,0.0,0.0,0.0,0.0
69.249,6.0346,3.7401,0.5321,0.1127,47,0.5321,0.0,0.0,0.0,0.0,0.0,0.0,0.0,0.0
69.3,6.0346,3.7401,0.5321,0.1127,47,0.5321,0.0,0.0,0.0,0.0,0.0,0.0,0.0,0.0
69.351,6.0346,3.7401,0.5321,0.1127,47,0.5321,0.0,0.0,0.0,0.0,0.0,0.0,0.0,0.0
69.4,6.0346,3.7401,0.5321,0.1127,47,0.5321,0.0,0.0,0.0,0.0,0.0,0.0,0.0,0.0
69.45,6.0346,3.7401,0.5321,0.1127,47,0.5321,0.0,0.0,0.0,0.0,0.0,0.0,0.0,0.0
69.5,6.0346,3.7401,0.5321,0.1127,47,0.5321,0.0,0.0,0.0,0.0,0.0,0.0,0.0,0.0
69.549,6.0346,3.7401,0.5321,0.1127,47,0.5321,0.0,0.0,0.0,0.0,0.0,0.0,0.0,0.0
69.603,6.0346,3.7401,0.5321,0.1127,47,0.5321,0.0,0.0,0.0,0.0,0.0,0.0,0.0,0.0
69.65,6.0346,3.7401,0.5321,0.1127,47,0.5321,0.0,0.0,0.0,0.0,0.0,0.0,0.0,0.0
69.7,6.0346,3.7401,0.5321,0.1127,47,0.5321,0.0,0.0,0.0,0.0,0.0,0.0,0.0,0.0
69.749,6.0346,3.7401,0.5321,0.1127,47,0.5321,0.0,0.0,0.0,0.0,0.0,0.0,0.0,0.0
69.802,6.0346,3.7401,0.5321,0.1127,47,0.5321,0.0,0.0,0.0,0.0,0.0,0.0,0.0,0.0
69.855,6.0346,3.7401,0.5321,0.1127,47,0.5321,0.0,0.0,0.0,0.0,0.0,0.0,0.0,0.0
69.901,6.0346,3.7401,0.5321,0.1127,47,0.5321,0.0,0.0,0.0,0.0,0.0,0.0,0.0,0.0
69.949,6.0346,3.7401,0.5321,0.1127,47,0.5321,0.0,0.0,0.0,0.0,0.0,0.0,0.0,0.0
69.999,6.0346,3.7401,0.5321,0.1127,47,0.5321,0.0,0.0,0.0,0.0,0.0,0.0,0.0,0.0
70.049,6.0346,3.7401,0.5321,0.1127,47,0.5321,0.0,0.0,0.0,0.0,0.0,0.0,0.0,0.0
70.099,6.0346,3.7401,0.5321,0.1127,47,0.5321,0.0,0.0,0.0,0.0,0.0,0.0,0.0,0.0
70.149,6.0346,3.7401,0.5321,0.1127,47,0.5321,0.0,0.0,0.0,0.0,0.0,0.0,0.0,0.0
70.199,6.0346,3.7401,0.5321,0.1127,47,0.5321,0.0,0.0,0.0,0.0,0.0,0.0,0.0,0.0
70.251,6.0346,3.7401,0.5321,0.1127,47,0.5321,0.0,0.0,0.0,0.0,0.0,0.0,0.0,0.0
70.303,6.0346,3.7401,0.5321,0.1127,47,0.5321,0.0,0.0,0.0,0.0,0.0,0.0,0.0,0.0
70.35,6.0346,3.7401,0.5321,0.1127,47,0.5321,0.0,0.0,0.0,0.0,0.0,0.0,0.0,0.0
70.4,6.0346,3.7401,0.5321,0.1127,47,0.5321,0.0,0.0,0.0,0.0,0.0,0.0,0.0,0.0
70.449,6.0346,3.7401,0.5321,0.1127,47,0.5321,0.0,0.0,0.0,0.0,0.0,0.0,0.0,0.0
70.499,6.0346,3.7401,0.5321,0.1127,47,0.5321,0.0,0.0,0.0,0.0,0.0,0.0,0.0,0.0
70.549,6.0346,3.7401,0.5321,0.1127,47,0.5321,0.0,0.0,0.0,0.0,0.0,0.0,0.0,0.0
70.6,6.0346,3.7401,0.5321,0.1127,47,0.5321,0.0,0.0,0.0,0.0,0.0,0.0,0.0,0.0
70.65,6.0346,3.7401,0.5321,0.1127,47,0.5321,0.0,0.0,0.0,0.0,0.0,0.0,0.0,0.0
70.7,6.0346,3.7401,0.5321,0.1127,47,0.5321,0.0,0.0,0.0,0.0,0.0,0.0,0.0,0.0
70.749,6.0346,3.7401,0.5321,0.1127,47,0.5321,0.0,0.0,0.0,0.0,0.0,0.0,0.0,0.0
70.8,6.0346,3.7401,0.5321,0.1127,47,0.5321,0.0,0.0,0.0,0.0,0.0,0.0,0.0,0.0
70.85,6.0346,3.7401,0.5321,0.1127,47,0.5321,0.0,0.0,0.0,0.0,0.0,0.0,0.0,0.0
70.9,6.0346,3.7401,0.5321,0.1127,47,0.5321,0.0,0.0,0.0,0.0,0.0,0.0,0.0,0.0
70.95,6.0346,3.7401,0.5321,0.1127,47,0.5321,0.0,0.0,0.0,0.0,0.0,0.0,0.0,0.0
70.999,6.0346,3.7401,0.5321,0.1127,47,0.5321,0.0,0.0,0.0,0.0,0.0,0.0,0.0,0.0
71.05,6.0346,3.7401,0.5321,0.1127,47,0.5321,0.0,0.0,0.0,0.0,0.0,0.0,0.0,0.0
71.101,6.0346,3.7401,0.5321,0.1127,47,0.5321,0.0,0.0,0.0,0.0,0.0,0.0,0.0,0.0
71.15,6.0346,3.7401,0.5321,0.1127,47,0.5321,0.0,0.0,0.0,0.0,0.0,0.0,0.0,0.0
71.2,6.0346,3.7401,0.5321,0.1127,47,0.5321,0.0,0.0,0.0,0.0,0.0,0.0,0.0,0.0
71.249,6.0346,3.7401,0.5321,0.1127,47,0.5321,0.0,0.0,0.0,0.0,0.0,0.0,0.0,0.0
71.299,6.0346,3.7401,0.5321,0.1127,47,0.5321,0.0,0.0,0.0,0.0,0.0,0.0,0.0,0.0
71.349,6.0346,3.7401,0.5321,0.1127,47,0.5321,0.0,0.0,0.0,0.0,0.0,0.0,0.0,0.0
71.401,6.0346,3.7401,0.5321,0.1127,47,0.5321,0.0,0.0,0.0,0.0,0.0,0.0,0.0,0.0
71.45,6.0346,3.7401,0.5321,0.1127,47,0.5321,0.0,0.0,0.0,0.0,0.0,0.0,0.0,0.0
71.505,6.0346,3.7401,0.5321,0.1127,47,0.5321,0.0,0.0,0.0,0.0,0.0,0.0,0.0,0.0
71.549,6.0346,3.7401,0.5321,0.1127,47,0.5321,0.0,0.0,0.0,0.0,0.0,0.0,0.0,0.0
71.599,6.0346,3.7401,0.5321,0.1127,47,0.5321,0.0,0.0,0.0,0.0,0.0,0.0,0.0,0.0
71.649,6.0346,3.7401,0.5321,0.1127,47,0.5321,0.0,0.0,0.0,0.0,0.0,0.0,0.0,0.0
71.7,6.0346,3.7401,0.5321,0.1127,47,0.5321,0.0,0.0,0.0,0.0,0.0,0.0,0.0,0.0
71.75,6.0346,3.7401,0.5321,0.1127,47,0.5321,0.0,0.0,0.0,0.0,0.0,0.0,0.0,0.0
71.799,6.0346,3.7401,0.5321,0.1127,47,0.5321,0.0,0.0,0.0,0.0,0.0,0.0,0.0,0.0
71.85,6.0346,3.7401,0.5321,0.1127,47,0.5321,0.0,0.0,0.0,0.0,0.0,0.0,0.0,0.0
71.9,6.0346,3.7401,0.5321,0.1127,47,0.5321,0.0,0.0,0.0,0.0,0.0,0.0,0.0,0.0
71.95,6.0346,3.7401,0.5321,0.1127,47,0.5321,0.0,0.0,0.0,0.0,0.0,0.0,0.0,0.0
72.0,6.0346,3.7401,0.5321,0.1127,47,0.5321,0.0,0.0,0.0,0.0,0.0,0.0,0.0,0.0
72.05,6.0346,3.7401,0.5321,0.1127,47,0.5321,0.0,0.0,0.0,0.0,0.0,0.0,0.0,0.0
72.1,6.0346,3.7401,0.5321,0.1127,47,0.5321,0.0,0.0,0.0,0.0,0.0,0.0,0.0,0.0
72.149,6.0346,3.7401,0.5321,0.1127,47,0.5321,0.0,0.0,0.0,0.0,0.0,0.0,0.0,0.0
72.199,6.0346,3.7401,0.5321,0.1127,47,0.5321,0.0,0.0,0.0,0.0,0.0,0.0,0.0,0.0
72.249,6.0346,3.7401,0.5321,0.1127,47,0.5321,0.0,0.0,0.0,0.0,0.0,0.0,0.0,0.0
72.3,6.0346,3.7401,0.5321,0.1127,47,0.5321,0.0,0.0,0.0,0.0,0.0,0.0,0.0,0.0
72.349,6.0346,3.7401,0.5321,0.1127,47,0.5321,0.0,0.0,0.0,0.0,0.0,0.0,0.0,0.0
72.4,6.0346,3.7401,0.5321,0.1127,47,0.5321,0.0,0.0,0.0,0.0,0.0,0.0,0.0,0.0
72.449,6.0346,3.7401,0.5321,0.1127,47,0.5321,0.0,0.0,0.0,0.0,0.0,0.0,0.0,0.0
72.499,6.0346,3.7401,0.5321,0.1127,47,0.5321,0.0,0.0,0.0,0.0,0.0,0.0,0.0,0.0
72.549,6.0346,3.7401,0.5321,0.1127,47,0.5321,0.0,0.0,0.0,0.0,0.0,0.0,0.0,0.0
72.6,6.0346,3.7401,0.5321,0.1127,47,0.5321,0.0,0.0,0.0,0.0,0.0,0.0,0.0,0.0
72.649,6.0346,3.7401,0.5321,0.1127,47,0.5321,0.0,0.0,0.0,0.0,0.0,0.0,0.0,0.0
72.699,6.0346,3.7401,0.5321,0.1127,47,0.5321,0.0,0.0,0.0,0.0,0.0,0.0,0.0,0.0
72.75,6.0346,3.7401,0.5321,0.1127,47,0.5321,0.0,0.0,0.0,0.0,0.0,0.0,0.0,0.0
72.8,6.0346,3.7401,0.5321,0.1127,47,0.5321,0.0,0.0,0.0,0.0,0.0,0.0,0.0,0.0
72.852,6.0346,3.7401,0.5321,0.1127,47,0.5321,0.0,0.0,0.0,0.0,0.0,0.0,0.0,0.0
72.9,6.0346,3.7401,0.5321,0.1127,47,0.5321,0.0,0.0,0.0,0.0,0.0,0.0,0.0,0.0
72.949,6.0346,3.7401,0.5321,0.1127,47,0.5321,0.0,0.0,0.0,0.0,0.0,0.0,0.0,0.0
72.999,6.0346,3.7401,0.5321,0.1127,47,0.5321,0.0,0.0,0.0,0.0,0.0,0.0,0.0,0.0
73.051,6.0346,3.7401,0.5321,0.1127,47,0.5321,0.0,0.0,0.0,0.0,0.0,0.0,0.0,0.0
73.101,6.0346,3.7401,0.5321,0.1127,47,0.5321,0.0,0.0,0.0,0.0,0.0,0.0,0.0,0.0
73.15,6.0346,3.7401,0.5321,0.1127,47,0.5321,0.0,0.0,0.0,0.0,0.0,0.0,0.0,0.0
73.2,6.0346,3.7401,0.5321,0.1127,47,0.5321,0.0,0.0,0.0,0.0,0.0,0.0,0.0,0.0
73.252,6.0346,3.7401,0.5321,0.1127,47,0.5321,0.0,0.0,0.0,0.0,0.0,0.0,0.0,0.0
73.3,6.0346,3.7401,0.5321,0.1127,47,0.5321,0.0,0.0,0.0,0.0,0.0,0.0,0.0,0.0
73.349,6.0346,3.7401,0.5321,0.1127,47,0.5321,0.0,0.0,0.0,0.0,0.0,0.0,0.0,0.0
73.399,6.0346,3.7401,0.5321,0.1127,47,0.5321,0.0,0.0,0.0,0.0,0.0,0.0,0.0,0.0
73.449,6.0346,3.7401,0.5321,0.1127,47,0.5321,0.0,0.0,0.0,0.0,0.0,0.0,0.0,0.0
73.5,6.0346,3.7401,0.5321,0.1127,47,0.5321,0.0,0.0,0.0,0.0,0.0,0.0,0.0,0.0
73.55,6.0346,3.7401,0.5321,0.1127,47,0.5321,0.0,0.0,0.0,0.0,0.0,0.0,0.0,0.0
73.6,6.0346,3.7401,0.5321,0.1127,47,0.5321,0.0,0.0,0.0,0.0,0.0,0.0,0.0,0.0
73.649,6.0346,3.7401,0.5321,0.1127,47,0.5321,0.0,0.0,0.0,0.0,0.0,0.0,0.0,0.0
73.699,6.0346,3.7401,0.5321,0.1127,47,0.5321,0.0,0.0,0.0,0.0,0.0,0.0,0.0,0.0
73.75,6.0346,3.7401,0.5321,0.1127,47,0.5321,0.0,0.0,0.0,0.0,0.0,0.0,0.0,0.0
73.8,6.0346,3.7401,0.5321,0.1127,47,0.5321,0.0,0.0,0.0,0.0,0.0,0.0,0.0,0.0
73.851,6.0346,3.7401,0.5321,0.1127,47,0.5321,0.0,0.0,0.0,0.0,0.0,0.0,0.0,0.0
73.9,6.0346,3.7401,0.5321,0.1127,47,0.5321,0.0,0.0,0.0,0.0,0.0,0.0,0.0,0.0
73.95,6.0346,3.7401,0.5321,0.1127,47,0.5321,0.0,0.0,0.0,0.0,0.0,0.0,0.0,0.0
73.999,6.0346,3.7401,0.5321,0.1127,47,0.5321,0.0,0.0,0.0,0.0,0.0,0.0,0.0,0.0
74.049,6.0346,3.7401,0.5321,0.1127,47,0.5321,0.0,0.0,0.0,0.0,0.0,0.0,0.0,0.0
74.1,6.0346,3.7401,0.5321,0.1127,47,0.5321,0.0,0.0,0.0,0.0,0.0,0.0,0.0,0.0
74.15,6.0346,3.7401,0.5321,0.1127,47,0.5321,0.0,0.0,0.0,0.0,0.0,0.0,0.0,0.0
74.2,6.0346,3.7401,0.5321,0.1127,47,0.5321,0.0,0.0,0.0,0.0,0.0,0.0,0.0,0.0
74.25,6.0346,3.7401,0.5321,0.1127,47,0.5321,0.0,0.0,0.0,0.0,0.0,0.0,0.0,0.0
74.3,6.0346,3.7401,0.5321,0.1127,47,0.5321,0.0,0.0,0.0,0.0,0.0,0.0,0.0,0.0
74.35,6.0346,3.7401,0.5321,0.1127,47,0.5321,0.0,0.0,0.0,0.0,0.0,0.0,0.0,0.0
74.4,6.0346,3.7401,0.5321,0.1127,47,0.5321,0.0,0.0,0.0,0.0,0.0,0.0,0.0,0.0
74.45,6.0346,3.7401,0.5321,0.1127,47,0.5321,0.0,0.0,0.0,0.0,0.0,0.0,0.0,0.0
74.5,6.0346,3.7401,0.5321,0.1127,47,0.5321,0.0,0.0,0.0,0.0,0.0,0.0,0.0,0.0
74.549,6.0346,3.7401,0.5321,0.1127,47,0.5321,0.0,0.0,0.0,0.0,0.0,0.0,0.0,0.0
74.6,6.0346,3.7401,0.5321,0.1127,47,0.5321,0.0,0.0,0.0,0.0,0.0,0.0,0.0,0.0
74.65,6.0346,3.7401,0.5321,0.1127,47,0.5321,0.0,0.0,0.0,0.0,0.0,0.0,0.0,0.0
74.699,6.0346,3.7401,0.5321,0.1127,47,0.5321,0.0,0.0,0.0,0.0,0.0,0.0,0.0,0.0
74.75,6.0346,3.7401,0.5321,0.1127,47,0.5321,0.0,0.0,0.0,0.0,0.0,0.0,0.0,0.0
74.799,6.0346,3.7401,0.5321,0.1127,47,0.5321,0.0,0.0,0.0,0.0,0.0,0.0,0.0,0.0
74.85,6.0346,3.7401,0.5321,0.1127,47,0.5321,0.0,0.0,0.0,0.0,0.0,0.0,0.0,0.0
74.902,6.0346,3.7401,0.5321,0.1127,47,0.5321,0.0,0.0,0.0,0.0,0.0,0.0,0.0,0.0
74.949,6.0346,3.7401,0.5321,0.1127,47,0.5321,0.0,0.0,0.0,0.0,0.0,0.0,0.0,0.0
75.0,6.0346,3.7401,0.5321,0.1127,47,0.5321,0.0,0.0,0.0,0.0,0.0,0.0,0.0,0.0
75.052,6.0346,3.7401,0.5321,0.1127,47,0.5321,0.0,0.0,0.0,0.0,0.0,0.0,0.0,0.0
75.1,6.0346,3.7401,0.5321,0.1127,47,0.5321,0.0,0.0,0.0,0.0,0.0,0.0,0.0,0.0
75.149,6.0346,3.7401,0.5321,0.1127,47,0.5321,0.0,0.0,0.0,0.0,0.0,0.0,0.0,0.0
75.199,6.0346,3.7401,0.5321,0.1127,47,0.5321,0.0,0.0,0.0,0.0,0.0,0.0,0.0,0.0
75.249,6.0346,3.7401,0.5321,0.1127,47,0.5321,0.0,0.0,0.0,0.0,0.0,0.0,0.0,0.0
75.299,6.0346,3.7401,0.5321,0.1127,47,0.5321,0.0,0.0,0.0,0.0,0.0,0.0,0.0,0.0
75.349,6.0346,3.7401,0.5321,0.1127,47,0.5321,0.0,0.0,0.0,0.0,0.0,0.0,0.0,0.0
75.399,6.0346,3.7401,0.5321,0.1127,47,0.5321,0.0,0.0,0.0,0.0,0.0,0.0,0.0,0.0
75.449,6.0346,3.7401,0.5321,0.1127,47,0.5321,0.0,0.0,0.0,0.0,0.0,0.0,0.0,0.0
75.501,6.0346,3.7401,0.5321,0.1127,47,0.5321,0.0,0.0,0.0,0.0,0.0,0.0,0.0,0.0
75.55,6.0346,3.7401,0.5321,0.1127,47,0.5321,0.0,0.0,0.0,0.0,0.0,0.0,0.0,0.0
75.599,6.0346,3.7401,0.5321,0.1127,47,0.5321,0.0,0.0,0.0,0.0,0.0,0.0,0.0,0.0
75.651,6.0346,3.7401,0.5321,0.1127,47,0.5321,0.0,0.0,0.0,0.0,0.0,0.0,0.0,0.0
75.7,6.0346,3.7401,0.5321,0.1127,47,0.5321,0.0,0.0,0.0,0.0,0.0,0.0,0.0,0.0
75.75,6.0346,3.7401,0.5321,0.1127,47,0.5321,0.0,0.0,0.0,0.0,0.0,0.0,0.0,0.0
75.8,6.0346,3.7401,0.5321,0.1127,47,0.5321,0.0,0.0,0.0,0.0,0.0,0.0,0.0,0.0
75.85,6.0346,3.7401,0.5321,0.1127,47,0.5321,0.0,0.0,0.0,0.0,0.0,0.0,0.0,0.0
75.899,6.0346,3.7401,0.5321,0.1127,47,0.5321,0.0,0.0,0.0,0.0,0.0,0.0,0.0,0.0
75.951,6.0346,3.7401,0.5321,0.1127,47,0.5321,0.0,0.0,0.0,0.0,0.0,0.0,0.0,0.0
75.999,6.0346,3.7401,0.5321,0.1127,47,0.5321,0.0,0.0,0.0,0.0,0.0,0.0,0.0,0.0
76.05,6.0346,3.7401,0.5321,0.1127,47,0.5321,0.0,0.0,0.0,0.0,0.0,0.0,0.0,0.0
76.099,6.0346,3.7401,0.5321,0.1127,47,0.5321,0.0,0.0,0.0,0.0,0.0,0.0,0.0,0.0
76.15,6.0346,3.7401,0.5321,0.1127,47,0.5321,0.0,0.0,0.0,0.0,0.0,0.0,0.0,0.0
76.202,6.0346,3.7401,0.5321,0.1127,47,0.5321,0.0,0.0,0.0,0.0,0.0,0.0,0.0,0.0
76.251,6.0346,3.7401,0.5321,0.1127,47,0.5321,0.0,0.0,0.0,0.0,0.0,0.0,0.0,0.0
76.3,6.0346,3.7401,0.5321,0.1127,47,0.5321,0.0,0.0,0.0,0.0,0.0,0.0,0.0,0.0
76.349,6.0346,3.7401,0.5321,0.1127,47,0.5321,0.0,0.0,0.0,0.0,0.0,0.0,0.0,0.0
76.4,6.0346,3.7401,0.5321,0.1127,47,0.5321,0.0,0.0,0.0,0.0,0.0,0.0,0.0,0.0
76.449,6.0346,3.7401,0.5321,0.1127,47,0.5321,0.0,0.0,0.0,0.0,0.0,0.0,0.0,0.0
76.501,6.0346,3.7401,0.5321,0.1127,47,0.5321,0.0,0.0,0.0,0.0,0.0,0.0,0.0,0.0
76.549,6.0346,3.7401,0.5321,0.1127,47,0.5321,0.0,0.0,0.0,0.0,0.0,0.0,0.0,0.0
76.599,6.0346,3.7401,0.5321,0.1127,47,0.5321,0.0,0.0,0.0,0.0,0.0,0.0,0.0,0.0
76.65,6.0346,3.7401,0.5321,0.1127,47,0.5321,0.0,0.0,0.0,0.0,0.0,0.0,0.0,0.0
76.7,6.0346,3.7401,0.5321,0.1127,47,0.5321,0.0,0.0,0.0,0.0,0.0,0.0,0.0,0.0
76.751,6.0346,3.7401,0.5321,0.1127,47,0.5321,0.0,0.0,0.0,0.0,0.0,0.0,0.0,0.0
76.799,6.0346,3.7401,0.5321,0.1127,47,0.5321,0.0,0.0,0.0,0.0,0.0,0.0,0.0,0.0
76.849,6.0346,3.7401,0.5321,0.1127,47,0.5321,0.0,0.0,0.0,0.0,0.0,0.0,0.0,0.0
76.9,6.0346,3.7401,0.5321,0.1127,47,0.5321,0.0,0.0,0.0,0.0,0.0,0.0,0.0,0.0
76.95,6.0346,3.7401,0.5321,0.1127,47,0.5321,0.0,0.0,0.0,0.0,0.0,0.0,0.0,0.0
76.999,6.0346,3.7401,0.5321,0.1127,47,0.5321,0.0,0.0,0.0,0.0,0.0,0.0,0.0,0.0
77.05,6.0346,3.7401,0.5321,0.1127,47,0.5321,0.0,0.0,0.0,0.0,0.0,0.0,0.0,0.0
77.1,6.0346,3.7401,0.5321,0.1127,47,0.5321,0.0,0.0,0.0,0.0,0.0,0.0,0.0,0.0
77.149,6.0346,3.7401,0.5321,0.1127,47,0.5321,0.0,0.0,0.0,0.0,0.0,0.0,0.0,0.0
77.199,6.0346,3.7401,0.5321,0.1127,47,0.5321,0.0,0.0,0.0,0.0,0.0,0.0,0.0,0.0
77.25,6.0346,3.7401,0.5321,0.1127,47,0.5321,0.0,0.0,0.0,0.0,0.0,0.0,0.0,0.0
77.299,6.0346,3.7401,0.5321,0.1127,47,0.5321,0.0,0.0,0.0,0.0,0.0,0.0,0.0,0.0
77.349,6.0346,3.7401,0.5321,0.1127,47,0.5321,0.0,0.0,0.0,0.0,0.0,0.0,0.0,0.0
77.401,6.0346,3.7401,0.5321,0.1127,47,0.5321,0.0,0.0,0.0,0.0,0.0,0.0,0.0,0.0
77.45,6.0346,3.7401,0.5321,0.1127,47,0.5321,0.0,0.0,0.0,0.0,0.0,0.0,0.0,0.0
77.5,6.0346,3.7401,0.5321,0.1127,47,0.5321,0.0,0.0,0.0,0.0,0.0,0.0,0.0,0.0
77.55,6.0346,3.7401,0.5321,0.1127,47,0.5321,0.0,0.0,0.0,0.0,0.0,0.0,0.0,0.0
77.599,6.0346,3.7401,0.5321,0.1127,47,0.5321,0.0,0.0,0.0,0.0,0.0,0.0,0.0,0.0
77.649,6.0346,3.7401,0.5321,0.1127,47,0.5321,0.0,0.0,0.0,0.0,0.0,0.0,0.0,0.0
77.7,6.0346,3.7401,0.5321,0.1127,47,0.5321,0.0,0.0,0.0,0.0,0.0,0.0,0.0,0.0
77.749,6.0346,3.7401,0.5321,0.1127,47,0.5321,0.0,0.0,0.0,0.0,0.0,0.0,0.0,0.0
77.8,6.0346,3.7401,0.5321,0.1127,47,0.5321,0.0,0.0,0.0,0.0,0.0,0.0,0.0,0.0
77.851,6.0346,3.7401,0.5321,0.1127,47,0.5321,0.0,0.0,0.0,0.0,0.0,0.0,0.0,0.0
77.9,6.0346,3.7401,0.5321,0.1127,47,0.5321,0.0,0.0,0.0,0.0,0.0,0.0,0.0,0.0
77.95,6.0346,3.7401,0.5321,0.1127,47,0.5321,0.0,0.0,0.0,0.0,0.0,0.0,0.0,0.0
78.0,6.0346,3.7401,0.5321,0.1127,47,0.5321,0.0,0.0,0.0,0.0,0.0,0.0,0.0,0.0
78.051,6.0346,3.7401,0.5321,0.1127,47,0.5321,0.0,0.0,0.0,0.0,0.0,0.0,0.0,0.0
78.101,6.0346,3.7401,0.5321,0.1127,47,0.5321,0.0,0.0,0.0,0.0,0.0,0.0,0.0,0.0
78.151,6.0346,3.7401,0.5321,0.1127,47,0.5321,0.0,0.0,0.0,0.0,0.0,0.0,0.0,0.0
78.199,6.0346,3.7401,0.5321,0.1127,47,0.5321,0.0,0.0,0.0,0.0,0.0,0.0,0.0,0.0
78.252,6.0346,3.7401,0.5321,0.1127,47,0.5321,0.0,0.0,0.0,0.0,0.0,0.0,0.0,0.0
78.301,6.0346,3.7401,0.5321,0.1127,47,0.5321,0.0,0.0,0.0,0.0,0.0,0.0,0.0,0.0
78.349,6.0346,3.7401,0.5321,0.1127,47,0.5321,0.0,0.0,0.0,0.0,0.0,0.0,0.0,0.0
78.399,6.0346,3.7401,0.5321,0.1127,47,0.5321,0.0,0.0,0.0,0.0,0.0,0.0,0.0,0.0
78.45,6.0346,3.7401,0.5321,0.1127,47,0.5321,0.0,0.0,0.0,0.0,0.0,0.0,0.0,0.0
78.5,6.0346,3.7401,0.5321,0.1127,47,0.5321,0.0,0.0,0.0,0.0,0.0,0.0,0.0,0.0
78.549,6.0346,3.7401,0.5321,0.1127,47,0.5321,0.0,0.0,0.0,0.0,0.0,0.0,0.0,0.0
78.6,6.0346,3.7401,0.5321,0.1127,47,0.5321,0.0,0.0,0.0,0.0,0.0,0.0,0.0,0.0
78.649,6.0346,3.7401,0.5321,0.1127,47,0.5321,0.0,0.0,0.0,0.0,0.0,0.0,0.0,0.0
78.699,6.0346,3.7401,0.5321,0.1127,47,0.5321,0.0,0.0,0.0,0.0,0.0,0.0,0.0,0.0
78.75,6.0346,3.7401,0.5321,0.1127,47,0.5321,0.0,0.0,0.0,0.0,0.0,0.0,0.0,0.0
78.802,6.0346,3.7401,0.5321,0.1127,47,0.5321,0.0,0.0,0.0,0.0,0.0,0.0,0.0,0.0
78.85,6.0346,3.7401,0.5321,0.1127,47,0.5321,0.0,0.0,0.0,0.0,0.0,0.0,0.0,0.0
78.899,6.0346,3.7401,0.5321,0.1127,47,0.5321,0.0,0.0,0.0,0.0,0.0,0.0,0.0,0.0
78.949,6.0346,3.7401,0.5321,0.1127,47,0.5321,0.0,0.0,0.0,0.0,0.0,0.0,0.0,0.0
79.0,6.0346,3.7401,0.5321,0.1127,47,0.5321,0.0,0.0,0.0,0.0,0.0,0.0,0.0,0.0
79.049,6.0346,3.7401,0.5321,0.1127,47,0.5321,0.0,0.0,0.0,0.0,0.0,0.0,0.0,0.0
79.1,6.0346,3.7401,0.5321,0.1127,47,0.5321,0.0,0.0,0.0,0.0,0.0,0.0,0.0,0.0
79.15,6.0346,3.7401,0.5321,0.1127,47,0.5321,0.0,0.0,0.0,0.0,0.0,0.0,0.0,0.0
79.2,6.0346,3.7401,0.5321,0.1127,47,0.5321,0.0,0.0,0.0,0.0,0.0,0.0,0.0,0.0
79.251,6.0346,3.7401,0.5321,0.1127,47,0.5321,0.0,0.0,0.0,0.0,0.0,0.0,0.0,0.0
79.3,6.0346,3.7401,0.5321,0.1127,47,0.5321,0.0,0.0,0.0,0.0,0.0,0.0,0.0,0.0
79.349,6.0346,3.7401,0.5321,0.1127,47,0.5321,0.0,0.0,0.0,0.0,0.0,0.0,0.0,0.0
79.399,6.0346,3.7401,0.5321,0.1127,47,0.5321,0.0,0.0,0.0,0.0,0.0,0.0,0.0,0.0
79.45,6.0346,3.7401,0.5321,0.1127,47,0.5321,0.0,0.0,0.0,0.0,0.0,0.0,0.0,0.0
79.499,6.0346,3.7401,0.5321,0.1127,47,0.5321,0.0,0.0,0.0,0.0,0.0,0.0,0.0,0.0
79.549,6.0346,3.7401,0.5321,0.1127,47,0.5321,0.0,0.0,0.0,0.0,0.0,0.0,0.0,0.0
79.601,6.0346,3.7401,0.5321,0.1127,47,0.5321,0.0,0.0,0.0,0.0,0.0,0.0,0.0,0.0
79.649,6.0346,3.7401,0.5321,0.1127,47,0.5321,0.0,0.0,0.0,0.0,0.0,0.0,0.0,0.0
79.7,6.0346,3.7401,0.5321,0.1127,47,0.5321,0.0,0.0,0.0,0.0,0.0,0.0,0.0,0.0
79.75,6.0346,3.7401,0.5321,0.1127,47,0.5321,0.0,0.0,0.0,0.0,0.0,0.0,0.0,0.0
79.8,6.0346,3.7401,0.5321,0.1127,47,0.5321,0.0,0.0,0.0,0.0,0.0,0.0,0.0,0.0
79.85,6.0346,3.7401,0.5321,0.1127,47,0.5321,0.0,0.0,0.0,0.0,0.0,0.0,0.0,0.0
79.899,6.0346,3.7401,0.5321,0.1127,47,0.5321,0.0,0.0,0.0,0.0,0.0,0.0,0.0,0.0
79.951,6.0346,3.7401,0.5321,0.1127,47,0.5321,0.0,0.0,0.0,0.0,0.0,0.0,0.0,0.0
80.0,6.0346,3.7401,0.5321,0.1127,47,0.5321,0.0,0.0,0.0,0.0,0.0,0.0,0.0,0.0
80.05,6.0346,3.7401,0.5321,0.1127,47,0.5321,0.0,0.0,0.0,0.0,0.0,0.0,0.0,0.0
80.099,6.0346,3.7401,0.5321,0.1127,47,0.5321,0.0,0.0,0.0,0.0,0.0,0.0,0.0,0.0
80.15,6.0346,3.7401,0.5321,0.1127,47,0.5321,0.0,0.0,0.0,0.0,0.0,0.0,0.0,0.0
80.199,6.0346,3.7401,0.5321,0.1127,47,0.5321,0.0,0.0,0.0,0.0,0.0,0.0,0.0,0.0
80.25,6.0346,3.7401,0.5321,0.1127,47,0.5321,0.0,0.0,0.0,0.0,0.0,0.0,0.0,0.0
80.299,6.0346,3.7401,0.5321,0.1127,47,0.5321,0.0,0.0,0.0,0.0,0.0,0.0,0.0,0.0
80.349,6.0346,3.7401,0.5321,0.1127,47,0.5321,0.0,0.0,0.0,0.0,0.0,0.0,0.0,0.0
80.399,6.0346,3.7401,0.5321,0.1127,47,0.5321,0.0,0.0,0.0,0.0,0.0,0.0,0.0,0.0
80.449,6.0346,3.7401,0.5321,0.1127,47,0.5321,0.0,0.0,0.0,0.0,0.0,0.0,0.0,0.0
80.499,6.0346,3.7401,0.5321,0.1127,47,0.5321,0.0,0.0,0.0,0.0,0.0,0.0,0.0,0.0
80.549,6.0346,3.7401,0.5321,0.1127,47,0.5321,0.0,0.0,0.0,0.0,0.0,0.0,0.0,0.0
80.6,6.0346,3.7401,0.5321,0.1127,47,0.5321,0.0,0.0,0.0,0.0,0.0,0.0,0.0,0.0
80.649,6.0346,3.7401,0.5321,0.1127,47,0.5321,0.0,0.0,0.0,0.0,0.0,0.0,0.0,0.0
80.7,6.0346,3.7401,0.5321,0.1127,47,0.5321,0.0,0.0,0.0,0.0,0.0,0.0,0.0,0.0
80.75,6.0346,3.7401,0.5321,0.1127,47,0.5321,0.0,0.0,0.0,0.0,0.0,0.0,0.0,0.0
80.8,6.0346,3.7401,0.5321,0.1127,47,0.5321,0.0,0.0,0.0,0.0,0.0,0.0,0.0,0.0
80.85,6.0346,3.7401,0.5321,0.1127,47,0.5321,0.0,0.0,0.0,0.0,0.0,0.0,0.0,0.0
80.899,6.0346,3.7401,0.5321,0.1127,47,0.5321,0.0,0.0,0.0,0.0,0.0,0.0,0.0,0.0
80.95,6.0346,3.7401,0.5321,0.1127,47,0.5321,0.0,0.0,0.0,0.0,0.0,0.0,0.0,0.0
80.999,6.0346,3.7401,0.5321,0.1127,47,0.5321,0.0,0.0,0.0,0.0,0.0,0.0,0.0,0.0
81.049,6.0346,3.7401,0.5321,0.1127,47,0.5321,0.0,0.0,0.0,0.0,0.0,0.0,0.0,0.0
81.099,6.0346,3.7401,0.5321,0.1127,47,0.5321,0.0,0.0,0.0,0.0,0.0,0.0,0.0,0.0
81.15,6.0346,3.7401,0.5321,0.1127,47,0.5321,0.0,0.0,0.0,0.0,0.0,0.0,0.0,0.0
81.2,6.0346,3.7401,0.5321,0.1127,47,0.5321,0.0,0.0,0.0,0.0,0.0,0.0,0.0,0.0
81.249,6.0346,3.7401,0.5321,0.1127,47,0.5321,0.0,0.0,0.0,0.0,0.0,0.0,0.0,0.0
81.301,6.0346,3.7401,0.5321,0.1127,47,0.5321,0.0,0.0,0.0,0.0,0.0,0.0,0.0,0.0
81.35,6.0346,3.7401,0.5321,0.1127,47,0.5321,0.0,0.0,0.0,0.0,0.0,0.0,0.0,0.0
81.399,6.0346,3.7401,0.5321,0.1127,47,0.5321,0.0,0.0,0.0,0.0,0.0,0.0,0.0,0.0
81.45,6.0346,3.7401,0.5321,0.1127,47,0.5321,0.0,0.0,0.0,0.0,0.0,0.0,0.0,0.0
81.499,6.0346,3.7401,0.5321,0.1127,47,0.5321,0.0,0.0,0.0,0.0,0.0,0.0,0.0,0.0
81.55,6.0346,3.7401,0.5321,0.1127,47,0.5321,0.0,0.0,0.0,0.0,0.0,0.0,0.0,0.0
81.6,6.0346,3.7401,0.5321,0.1127,47,0.5321,0.0,0.0,0.0,0.0,0.0,0.0,0.0,0.0
81.649,6.0346,3.7401,0.5321,0.1127,47,0.5321,0.0,0.0,0.0,0.0,0.0,0.0,0.0,0.0
81.7,6.0346,3.7401,0.5321,0.1127,47,0.5321,0.0,0.0,0.0,0.0,0.0,0.0,0.0,0.0
81.75,6.0346,3.7401,0.5321,0.1127,47,0.5321,0.0,0.0,0.0,0.0,0.0,0.0,0.0,0.0
81.8,6.0346,3.7401,0.5321,0.1127,47,0.5321,0.0,0.0,0.0,0.0,0.0,0.0,0.0,0.0
81.85,6.0346,3.7401,0.5321,0.1127,47,0.5321,0.0,0.0,0.0,0.0,0.0,0.0,0.0,0.0
81.9,6.0346,3.7401,0.5321,0.1127,47,0.5321,0.0,0.0,0.0,0.0,0.0,0.0,0.0,0.0
81.95,6.0346,3.7401,0.5321,0.1127,47,0.5321,0.0,0.0,0.0,0.0,0.0,0.0,0.0,0.0
82.003,6.0346,3.7401,0.5321,0.1127,47,0.5321,0.0,0.0,0.0,0.0,0.0,0.0,0.0,0.0
82.049,6.0346,3.7401,0.5321,0.1127,47,0.5321,0.0,0.0,0.0,0.0,0.0,0.0,0.0,0.0
82.101,6.0346,3.7401,0.5321,0.1127,47,0.5321,0.0,0.0,0.0,0.0,0.0,0.0,0.0,0.0
82.15,6.0346,3.7401,0.5321,0.1127,47,0.5321,0.0,0.0,0.0,0.0,0.0,0.0,0.0,0.0
82.199,6.0346,3.7401,0.5321,0.1127,47,0.5321,0.0,0.0,0.0,0.0,0.0,0.0,0.0,0.0
82.25,6.0346,3.7401,0.5321,0.1127,47,0.5321,0.0,0.0,0.0,0.0,0.0,0.0,0.0,0.0
82.301,6.0346,3.7401,0.5321,0.1127,47,0.5321,0.0,0.0,0.0,0.0,0.0,0.0,0.0,0.0
82.349,6.0346,3.7401,0.5321,0.1127,47,0.5321,0.0,0.0,0.0,0.0,0.0,0.0,0.0,0.0
82.4,6.0346,3.7401,0.5321,0.1127,47,0.5321,0.0,0.0,0.0,0.0,0.0,0.0,0.0,0.0
82.45,6.0346,3.7401,0.5321,0.1127,47,0.5321,0.0,0.0,0.0,0.0,0.0,0.0,0.0,0.0
82.499,6.0346,3.7401,0.5321,0.1127,47,0.5321,0.0,0.0,0.0,0.0,0.0,0.0,0.0,0.0
82.55,6.0346,3.7401,0.5321,0.1127,47,0.5321,0.0,0.0,0.0,0.0,0.0,0.0,0.0,0.0
82.6,6.0346,3.7401,0.5321,0.1127,47,0.5321,0.0,0.0,0.0,0.0,0.0,0.0,0.0,0.0
82.65,6.0346,3.7401,0.5321,0.1127,47,0.5321,0.0,0.0,0.0,0.0,0.0,0.0,0.0,0.0
82.699,6.0346,3.7401,0.5321,0.1127,47,0.5321,0.0,0.0,0.0,0.0,0.0,0.0,0.0,0.0
82.749,6.0346,3.7401,0.5321,0.1127,47,0.5321,0.0,0.0,0.0,0.0,0.0,0.0,0.0,0.0
82.8,6.0346,3.7401,0.5321,0.1127,47,0.5321,0.0,0.0,0.0,0.0,0.0,0.0,0.0,0.0
82.85,6.0346,3.7401,0.5321,0.1127,47,0.5321,0.0,0.0,0.0,0.0,0.0,0.0,0.0,0.0
82.9,6.0346,3.7401,0.5321,0.1127,47,0.5321,0.0,0.0,0.0,0.0,0.0,0.0,0.0,0.0
82.95,6.0346,3.7401,0.5321,0.1127,47,0.5321,0.0,0.0,0.0,0.0,0.0,0.0,0.0,0.0
83.001,6.0346,3.7401,0.5321,0.1127,47,0.5321,0.0,0.0,0.0,0.0,0.0,0.0,0.0,0.0
83.049,6.0346,3.7401,0.5321,0.1127,47,0.5321,0.0,0.0,0.0,0.0,0.0,0.0,0.0,0.0
83.099,6.0346,3.7401,0.5321,0.1127,47,0.5321,0.0,0.0,0.0,0.0,0.0,0.0,0.0,0.0
83.151,6.0346,3.7401,0.5321,0.1127,47,0.5321,0.0,0.0,0.0,0.0,0.0,0.0,0.0,0.0
83.199,6.0346,3.7401,0.5321,0.1127,47,0.5321,0.0,0.0,0.0,0.0,0.0,0.0,0.0,0.0
83.25,6.0346,3.7401,0.5321,0.1127,47,0.5321,0.0,0.0,0.0,0.0,0.0,0.0,0.0,0.0
83.299,6.0346,3.7401,0.5321,0.1127,47,0.5321,0.0,0.0,0.0,0.0,0.0,0.0,0.0,0.0
83.35,6.0346,3.7401,0.5321,0.1127,47,0.5321,0.0,0.0,0.0,0.0,0.0,0.0,0.0,0.0
83.399,6.0346,3.7401,0.5321,0.1127,47,0.5321,0.0,0.0,0.0,0.0,0.0,0.0,0.0,0.0
83.449,6.0346,3.7401,0.5321,0.1127,47,0.5321,0.0,0.0,0.0,0.0,0.0,0.0,0.0,0.0
83.499,6.0346,3.7401,0.5321,0.1127,47,0.5321,0.0,0.0,0.0,0.0,0.0,0.0,0.0,0.0
83.549,6.0346,3.7401,0.5321,0.1127,47,0.5321,0.0,0.0,0.0,0.0,0.0,0.0,0.0,0.0
83.599,6.0346,3.7401,0.5321,0.1127,47,0.5321,0.0,0.0,0.0,0.0,0.0,0.0,0.0,0.0
83.649,6.0346,3.7401,0.5321,0.1127,47,0.5321,0.0,0.0,0.0,0.0,0.0,0.0,0.0,0.0
83.699,6.0346,3.7401,0.5321,0.1127,47,0.5321,0.0,0.0,0.0,0.0,0.0,0.0,0.0,0.0
83.749,6.0346,3.7401,0.5321,0.1127,47,0.5321,0.0,0.0,0.0,0.0,0.0,0.0,0.0,0.0
83.799,6.0346,3.7401,0.5321,0.1127,47,0.5321,0.0,0.0,0.0,0.0,0.0,0.0,0.0,0.0
83.85,6.0346,3.7401,0.5321,0.1127,47,0.5321,0.0,0.0,0.0,0.0,0.0,0.0,0.0,0.0
83.899,6.0346,3.7401,0.5321,0.1127,47,0.5321,0.0,0.0,0.0,0.0,0.0,0.0,0.0,0.0
83.95,6.0346,3.7401,0.5321,0.1127,47,0.5321,0.0,0.0,0.0,0.0,0.0,0.0,0.0,0.0
83.999,6.0346,3.7401,0.5321,0.1127,47,0.5321,0.0,0.0,0.0,0.0,0.0,0.0,0.0,0.0
84.049,6.0346,3.7401,0.5321,0.1127,47,0.5321,0.0,0.0,0.0,0.0,0.0,0.0,0.0,0.0
84.1,6.0346,3.7401,0.5321,0.1127,47,0.5321,0.0,0.0,0.0,0.0,0.0,0.0,0.0,0.0
84.149,6.0346,3.7401,0.5321,0.1127,47,0.5321,0.0,0.0,0.0,0.0,0.0,0.0,0.0,0.0
84.2,6.0346,3.7401,0.5321,0.1127,47,0.5321,0.0,0.0,0.0,0.0,0.0,0.0,0.0,0.0
84.249,6.0346,3.7401,0.5321,0.1127,47,0.5321,0.0,0.0,0.0,0.0,0.0,0.0,0.0,0.0
84.299,6.0346,3.7401,0.5321,0.1127,47,0.5321,0.0,0.0,0.0,0.0,0.0,0.0,0.0,0.0
84.349,6.0346,3.7401,0.5321,0.1127,47,0.5321,0.0,0.0,0.0,0.0,0.0,0.0,0.0,0.0
84.399,6.0346,3.7401,0.5321,0.1127,47,0.5321,0.0,0.0,0.0,0.0,0.0,0.0,0.0,0.0
84.449,6.0346,3.7401,0.5321,0.1127,47,0.5321,0.0,0.0,0.0,0.0,0.0,0.0,0.0,0.0
84.5,6.0346,3.7401,0.5321,0.1127,47,0.5321,0.0,0.0,0.0,0.0,0.0,0.0,0.0,0.0
84.549,6.0346,3.7401,0.5321,0.1127,47,0.5321,0.0,0.0,0.0,0.0,0.0,0.0,0.0,0.0
84.6,6.0346,3.7401,0.5321,0.1127,47,0.5321,0.0,0.0,0.0,0.0,0.0,0.0,0.0,0.0
84.649,6.0346,3.7401,0.5321,0.1127,47,0.5321,0.0,0.0,0.0,0.0,0.0,0.0,0.0,0.0
84.7,6.0346,3.7401,0.5321,0.1127,47,0.5321,0.0,0.0,0.0,0.0,0.0,0.0,0.0,0.0
84.752,6.0346,3.7401,0.5321,0.1127,47,0.5321,0.0,0.0,0.0,0.0,0.0,0.0,0.0,0.0
84.8,6.0346,3.7401,0.5321,0.1127,47,0.5321,0.0,0.0,0.0,0.0,0.0,0.0,0.0,0.0
84.849,6.0346,3.7401,0.5321,0.1127,47,0.5321,0.0,0.0,0.0,0.0,0.0,0.0,0.0,0.0
84.9,6.0346,3.7401,0.5321,0.1127,47,0.5321,0.0,0.0,0.0,0.0,0.0,0.0,0.0,0.0
84.95,6.0346,3.7401,0.5321,0.1127,47,0.5321,0.0,0.0,0.0,0.0,0.0,0.0,0.0,0.0
85.0,6.0346,3.7401,0.5321,0.1127,47,0.5321,0.0,0.0,0.0,0.0,0.0,0.0,0.0,0.0
85.049,6.0346,3.7401,0.5321,0.1127,47,0.5321,0.0,0.0,0.0,0.0,0.0,0.0,0.0,0.0
85.1,6.0346,3.7401,0.5321,0.1127,47,0.5321,0.0,0.0,0.0,0.0,0.0,0.0,0.0,0.0
85.152,6.0346,3.7401,0.5321,0.1127,47,0.5321,0.0,0.0,0.0,0.0,0.0,0.0,0.0,0.0
85.2,6.0346,3.7401,0.5321,0.1127,47,0.5321,0.0,0.0,0.0,0.0,0.0,0.0,0.0,0.0
85.249,6.0346,3.7401,0.5321,0.1127,47,0.5321,0.0,0.0,0.0,0.0,0.0,0.0,0.0,0.0
85.299,6.0346,3.7401,0.5321,0.1127,47,0.5321,0.0,0.0,0.0,0.0,0.0,0.0,0.0,0.0
85.35,6.0346,3.7401,0.5321,0.1127,47,0.5321,0.0,0.0,0.0,0.0,0.0,0.0,0.0,0.0
85.401,6.0346,3.7401,0.5321,0.1127,47,0.5321,0.0,0.0,0.0,0.0,0.0,0.0,0.0,0.0
85.449,6.0346,3.7401,0.5321,0.1127,47,0.5321,0.0,0.0,0.0,0.0,0.0,0.0,0.0,0.0
85.5,6.0346,3.7401,0.5321,0.1127,47,0.5321,0.0,0.0,0.0,0.0,0.0,0.0,0.0,0.0
85.549,6.0346,3.7401,0.5321,0.1127,47,0.5321,0.0,0.0,0.0,0.0,0.0,0.0,0.0,0.0
85.6,6.0346,3.7401,0.5321,0.1127,47,0.5321,0.0,0.0,0.0,0.0,0.0,0.0,0.0,0.0
85.649,6.0346,3.7401,0.5321,0.1127,47,0.5321,0.0,0.0,0.0,0.0,0.0,0.0,0.0,0.0
85.699,6.0346,3.7401,0.5321,0.1127,47,0.5321,0.0,0.0,0.0,0.0,0.0,0.0,0.0,0.0
85.749,6.0346,3.7401,0.5321,0.1127,47,0.5321,0.0,0.0,0.0,0.0,0.0,0.0,0.0,0.0
85.799,6.0346,3.7401,0.5321,0.1127,47,0.5321,0.0,0.0,0.0,0.0,0.0,0.0,0.0,0.0
85.851,6.0346,3.7401,0.5321,0.1127,47,0.5321,0.0,0.0,0.0,0.0,0.0,0.0,0.0,0.0
85.899,6.0346,3.7401,0.5321,0.1127,47,0.5321,0.0,0.0,0.0,0.0,0.0,0.0,0.0,0.0
85.95,6.0346,3.7401,0.5321,0.1127,47,0.5321,0.0,0.0,0.0,0.0,0.0,0.0,0.0,0.0
86.0,6.0346,3.7401,0.5321,0.1127,47,0.5321,0.0,0.0,0.0,0.0,0.0,0.0,0.0,0.0
86.05,6.0346,3.7401,0.5321,0.1127,47,0.5321,0.0,0.0,0.0,0.0,0.0,0.0,0.0,0.0
86.099,6.0346,3.7401,0.5321,0.1127,47,0.5321,0.0,0.0,0.0,0.0,0.0,0.0,0.0,0.0
86.15,6.0346,3.7401,0.5321,0.1127,47,0.5321,0.0,0.0,0.0,0.0,0.0,0.0,0.0,0.0
86.199,6.0346,3.7401,0.5321,0.1127,47,0.5321,0.0,0.0,0.0,0.0,0.0,0.0,0.0,0.0
86.25,6.0346,3.7401,0.5321,0.1127,47,0.5321,0.0,0.0,0.0,0.0,0.0,0.0,0.0,0.0
86.299,6.0346,3.7401,0.5321,0.1127,47,0.5321,0.0,0.0,0.0,0.0,0.0,0.0,0.0,0.0
86.35,6.0346,3.7401,0.5321,0.1127,47,0.5321,0.0,0.0,0.0,0.0,0.0,0.0,0.0,0.0
86.399,6.0346,3.7401,0.5321,0.1127,47,0.5321,0.0,0.0,0.0,0.0,0.0,0.0,0.0,0.0
86.449,6.0346,3.7401,0.5321,0.1127,47,0.5321,0.0,0.0,0.0,0.0,0.0,0.0,0.0,0.0
86.5,6.0346,3.7401,0.5321,0.1127,47,0.5321,0.0,0.0,0.0,0.0,0.0,0.0,0.0,0.0
86.55,6.0346,3.7401,0.5321,0.1127,47,0.5321,0.0,0.0,0.0,0.0,0.0,0.0,0.0,0.0
86.6,6.0346,3.7401,0.5321,0.1127,47,0.5321,0.0,0.0,0.0,0.0,0.0,0.0,0.0,0.0
86.649,6.0346,3.7401,0.5321,0.1127,47,0.5321,0.0,0.0,0.0,0.0,0.0,0.0,0.0,0.0
86.7,6.0346,3.7401,0.5321,0.1127,47,0.5321,0.0,0.0,0.0,0.0,0.0,0.0,0.0,0.0
86.75,6.0346,3.7401,0.5321,0.1127,47,0.5321,0.0,0.0,0.0,0.0,0.0,0.0,0.0,0.0
86.8,6.0346,3.7401,0.5321,0.1127,47,0.5321,0.0,0.0,0.0,0.0,0.0,0.0,0.0,0.0
86.849,6.0346,3.7401,0.5321,0.1127,47,0.5321,0.0,0.0,0.0,0.0,0.0,0.0,0.0,0.0
86.9,6.0346,3.7401,0.5321,0.1127,47,0.5321,0.0,0.0,0.0,0.0,0.0,0.0,0.0,0.0
86.95,6.0346,3.7401,0.5321,0.1127,47,0.5321,0.0,0.0,0.0,0.0,0.0,0.0,0.0,0.0
86.999,6.0346,3.7401,0.5321,0.1127,47,0.5321,0.0,0.0,0.0,0.0,0.0,0.0,0.0,0.0
87.049,6.0346,3.7401,0.5321,0.1127,47,0.5321,0.0,0.0,0.0,0.0,0.0,0.0,0.0,0.0
87.099,6.0346,3.7401,0.5321,0.1127,47,0.5321,0.0,0.0,0.0,0.0,0.0,0.0,0.0,0.0
87.15,6.0346,3.7401,0.5321,0.1127,47,0.5321,0.0,0.0,0.0,0.0,0.0,0.0,0.0,0.0
87.2,6.0346,3.7401,0.5321,0.1127,47,0.5321,0.0,0.0,0.0,0.0,0.0,0.0,0.0,0.0
87.25,6.0346,3.7401,0.5321,0.1127,47,0.5321,0.0,0.0,0.0,0.0,0.0,0.0,0.0,0.0
87.3,6.0346,3.7401,0.5321,0.1127,47,0.5321,0.0,0.0,0.0,0.0,0.0,0.0,0.0,0.0
87.349,6.0346,3.7401,0.5321,0.1127,47,0.5321,0.0,0.0,0.0,0.0,0.0,0.0,0.0,0.0
87.401,6.0346,3.7401,0.5321,0.1127,47,0.5321,0.0,0.0,0.0,0.0,0.0,0.0,0.0,0.0
87.452,6.0346,3.7401,0.5321,0.1127,47,0.5321,0.0,0.0,0.0,0.0,0.0,0.0,0.0,0.0
87.5,6.0346,3.7401,0.5321,0.1127,47,0.5321,0.0,0.0,0.0,0.0,0.0,0.0,0.0,0.0
87.549,6.0346,3.7401,0.5321,0.1127,47,0.5321,0.0,0.0,0.0,0.0,0.0,0.0,0.0,0.0
87.599,6.0346,3.7401,0.5321,0.1127,47,0.5321,0.0,0.0,0.0,0.0,0.0,0.0,0.0,0.0
87.65,6.0346,3.7401,0.5321,0.1127,47,0.5321,0.0,0.0,0.0,0.0,0.0,0.0,0.0,0.0
87.7,6.0346,3.7401,0.5321,0.1127,47,0.5321,0.0,0.0,0.0,0.0,0.0,0.0,0.0,0.0
87.75,6.0346,3.7401,0.5321,0.1127,47,0.5321,0.0,0.0,0.0,0.0,0.0,0.0,0.0,0.0
87.799,6.0346,3.7401,0.5321,0.1127,47,0.5321,0.0,0.0,0.0,0.0,0.0,0.0,0.0,0.0
87.852,6.0346,3.7401,0.5321,0.1127,47,0.5321,0.0,0.0,0.0,0.0,0.0,0.0,0.0,0.0
87.899,6.0346,3.7401,0.5321,0.1127,47,0.5321,0.0,0.0,0.0,0.0,0.0,0.0,0.0,0.0
87.949,6.0346,3.7401,0.5321,0.1127,47,0.5321,0.0,0.0,0.0,0.0,0.0,0.0,0.0,0.0
87.999,6.0346,3.7401,0.5321,0.1127,47,0.5321,0.0,0.0,0.0,0.0,0.0,0.0,0.0,0.0
88.049,6.0346,3.7401,0.5321,0.1127,47,0.5321,0.0,0.0,0.0,0.0,0.0,0.0,0.0,0.0
88.1,6.0346,3.7401,0.5321,0.1127,47,0.5321,0.0,0.0,0.0,0.0,0.0,0.0,0.0,0.0
88.149,6.0346,3.7401,0.5321,0.1127,47,0.5321,0.0,0.0,0.0,0.0,0.0,0.0,0.0,0.0
88.199,6.0346,3.7401,0.5321,0.1127,47,0.5321,0.0,0.0,0.0,0.0,0.0,0.0,0.0,0.0
88.249,6.0346,3.7401,0.5321,0.1127,47,0.5321,0.0,0.0,0.0,0.0,0.0,0.0,0.0,0.0
88.299,6.0346,3.7401,0.5321,0.1127,47,0.5321,0.0,0.0,0.0,0.0,0.0,0.0,0.0,0.0
88.35,6.0346,3.7401,0.5321,0.1127,47,0.5321,0.0,0.0,0.0,0.0,0.0,0.0,0.0,0.0
88.4,6.0346,3.7401,0.5321,0.1127,47,0.5321,0.0,0.0,0.0,0.0,0.0,0.0,0.0,0.0
88.45,6.0346,3.7401,0.5321,0.1127,47,0.5321,0.0,0.0,0.0,0.0,0.0,0.0,0.0,0.0
88.499,6.0346,3.7401,0.5321,0.1127,47,0.5321,0.0,0.0,0.0,0.0,0.0,0.0,0.0,0.0
88.549,6.0346,3.7401,0.5321,0.1127,47,0.5321,0.0,0.0,0.0,0.0,0.0,0.0,0.0,0.0
88.599,6.0346,3.7401,0.5321,0.1127,47,0.5321,0.0,0.0,0.0,0.0,0.0,0.0,0.0,0.0
88.65,6.0346,3.7401,0.5321,0.1127,47,0.5321,0.0,0.0,0.0,0.0,0.0,0.0,0.0,0.0
88.7,6.0346,3.7401,0.5321,0.1127,47,0.5321,0.0,0.0,0.0,0.0,0.0,0.0,0.0,0.0
88.75,6.0346,3.7401,0.5321,0.1127,47,0.5321,0.0,0.0,0.0,0.0,0.0,0.0,0.0,0.0
