t,estado,modo,x,y,rumo,rumo_alvo,rumo_geometrico,wz_real,erro_rumo,v_alvo,dist,raio_curva,mira,alvo_x,alvo_y,desvio_lateral
28.35,seguindo,normal,2.0,5.0,0.0,-0.9532,-0.9532,0.0,-0.9532,0.5,8.7967,4.635,1.0,2.6037,4.15,-0.0
28.4,seguindo,normal,2.0,5.0,0.0,-0.9532,-0.9532,0.0,-0.9532,0.5,8.7967,4.635,1.0,2.6037,4.15,-0.0
28.45,seguindo,normal,2.0,5.0,0.0,-0.9532,-0.9532,0.0,-0.9532,0.5,8.7967,4.635,1.0,2.6037,4.15,-0.0
28.5,seguindo,normal,2.0,5.0,0.0,-0.9532,-0.9532,0.0,-0.9532,0.5,8.7967,4.635,1.0,2.6037,4.15,-0.0
28.55,seguindo,normal,2.0,5.0,0.0,-0.9532,-0.9532,0.0,-0.9532,0.5,8.7967,4.635,1.0,2.6037,4.15,-0.0
28.6,seguindo,normal,2.0,5.0,0.0,-0.9532,-0.9532,0.0,-0.9532,0.5,8.7967,4.635,1.0,2.6037,4.15,-0.0
28.65,seguindo,normal,2.0,5.0,0.0,-0.9532,-0.9532,0.0,-0.9532,0.5,8.7967,4.635,1.0,2.6037,4.15,-0.0
28.7,seguindo,normal,2.0,5.0,0.0,-0.9532,-0.9532,0.0,-0.9532,0.5,8.7967,4.635,1.0,2.6037,4.15,-0.0
28.75,seguindo,normal,2.0,5.0,0.0,-0.9532,-0.9532,0.0,-0.9532,0.5,8.7967,4.635,1.0,2.6037,4.15,-0.0
28.8,seguindo,normal,2.0,5.0,0.0,-0.9532,-0.9532,0.0,-0.9532,0.5,8.7967,4.635,1.0,2.6037,4.15,-0.0
28.85,seguindo,normal,2.0027,5.0003,-0.0037,-0.9555,-0.9555,-0.0366,-0.9518,0.5,8.794,4.635,1.0,2.6037,4.15,0.0024
28.9,seguindo,normal,2.0059,5.0007,-0.0088,-0.9583,-0.9583,-0.0884,-0.9494,0.5,8.7908,4.635,1.0,2.6037,4.15,0.0053
28.95,seguindo,normal,2.0135,5.0015,-0.0202,-0.9647,-0.9647,-0.1672,-0.9444,0.5,8.7832,4.635,1.0,2.6037,4.15,0.012
29.0,seguindo,normal,2.0199,5.0022,-0.0305,-0.9701,-0.9701,-0.2022,-0.9396,0.5,8.7768,4.635,1.0,2.6037,4.15,0.0177
29.05,seguindo,normal,2.0312,5.0034,-0.0505,-0.9799,-0.9799,-0.3028,-0.9293,0.5,8.7654,4.635,1.0,2.6037,4.15,0.0276
29.1,seguindo,normal,2.0395,5.0041,-0.066,-0.987,-0.987,-0.3543,-0.9211,0.5,8.7571,4.635,1.0,2.6037,4.15,0.0349
29.15,seguindo,normal,2.0521,5.0054,-0.0941,-0.998,-0.998,-0.4272,-0.904,0.5,8.7445,4.635,1.0,2.6037,4.15,0.046
29.2,seguindo,normal,2.0605,5.0062,-0.1146,-1.0054,-1.0054,-0.4868,-0.8908,0.5,8.7361,4.635,1.0,2.6037,4.15,0.0534
29.25,seguindo,normal,2.0733,5.0075,-0.1505,-1.0084,-1.0084,-0.564,-0.8579,0.5,8.7233,4.7682,1.0,2.6452,4.1,0.0647
29.3,seguindo,normal,2.0819,5.0082,-0.1762,-1.0156,-1.0156,-0.6093,-0.8394,0.5,8.7147,4.7682,1.0,2.6452,4.1,0.0722
29.35,seguindo,normal,2.0949,5.0092,-0.2197,-1.0265,-1.0265,-0.6922,-0.8068,0.5,8.7017,4.7682,1.0,2.6452,4.1,0.0835
29.4,seguindo,normal,2.1037,5.0097,-0.2505,-1.0339,-1.0339,-0.7506,-0.7834,0.5,8.693,4.7682,1.0,2.6452,4.1,0.091
29.45,seguindo,normal,2.117,5.0103,-0.3017,-1.045,-1.045,-0.8206,-0.7433,0.5,8.6798,4.7682,1.0,2.6452,4.1,0.1023
29.5,seguindo,normal,2.126,5.0104,-0.3377,-1.0524,-1.0524,-0.8626,-0.7147,0.5,8.671,4.7682,1.0,2.6452,4.1,0.1098
29.55,seguindo,normal,2.1395,5.0104,-0.3967,-1.0637,-1.0637,-0.9496,-0.667,0.5,8.6577,4.7682,1.0,2.6452,4.1,0.121
29.6,seguindo,normal,2.1486,5.01,-0.4378,-1.0712,-1.0712,-1.0005,-0.6334,0.5,8.6488,4.7682,1.0,2.6452,4.1,0.1283
29.65,seguindo,normal,2.1601,5.0099,-0.5007,-1.081,-1.081,-1.0379,-0.5803,0.5,8.6375,4.7682,1.0,2.6452,4.1,0.1378
29.7,seguindo,normal,2.167,5.0103,-0.5464,-1.087,-1.087,-1.0854,-0.5406,0.5,8.6307,4.7682,1.0,2.6452,4.1,0.1437
29.75,seguindo,normal,2.1744,5.0117,-0.6085,-1.0941,-1.0941,-1.078,-0.4856,0.5,8.6231,4.7682,1.0,2.6452,4.1,0.1506
29.8,seguindo,normal,2.1781,5.013,-0.6482,-1.0979,-1.0979,-1.0175,-0.4497,0.5,8.6193,4.7682,1.0,2.6452,4.1,0.1544
29.85,seguindo,normal,2.1819,5.0156,-0.702,-1.1023,-1.1023,-0.9352,-0.4003,0.5,8.615,4.7682,1.0,2.6452,4.1,0.159
29.9,seguindo,normal,2.1837,5.0177,-0.7354,-1.1048,-1.1048,-0.8726,-0.3694,0.5,8.6129,4.7682,1.0,2.6452,4.1,0.1617
29.95,seguindo,normal,2.1887,5.0189,-0.7896,-1.1097,-1.1097,-0.8762,-0.3201,0.5,8.6077,4.7682,1.0,2.6452,4.1,0.1665
30.0,seguindo,normal,2.1932,5.0187,-0.8279,-1.1004,-1.1004,-0.9102,-0.2725,0.5,8.6034,5.2955,1.0,2.6858,4.05,0.1701
30.05,seguindo,normal,2.2013,5.016,-0.8807,-1.1059,-1.1059,-0.9108,-0.2252,0.5,8.5959,5.2955,1.0,2.6858,4.05,0.1754
30.1,seguindo,normal,2.207,5.0129,-0.9119,-1.1094,-1.1094,-0.8398,-0.1975,0.5,8.5908,5.2955,1.0,2.6858,4.05,0.1784
30.15,seguindo,normal,2.2171,5.0058,-0.9579,-1.1149,-1.1149,-0.7784,-0.157,0.5,8.5823,5.2955,1.0,2.6858,4.05,0.1827
30.2,seguindo,normal,2.2246,4.9998,-0.9895,-1.1188,-1.1188,-0.7764,-0.1293,0.5,8.576,5.2955,1.0,2.6858,4.05,0.1856
30.25,seguindo,normal,2.2354,4.9907,-1.0389,-1.1243,-1.1243,-0.8138,-0.0854,0.5,8.5671,5.2955,1.0,2.6858,4.05,0.1896
30.3,seguindo,normal,2.2423,4.9844,-1.0727,-1.1277,-1.1277,-0.832,-0.0549,0.5,8.5615,5.2955,1.0,2.6858,4.05,0.1919
30.35,seguindo,normal,2.2525,4.9745,-1.1278,-1.1199,-1.1199,-0.8897,0.0079,0.5,8.5534,4.68,1.0,2.7243,4.0,0.195
30.4,seguindo,normal,2.2592,4.9676,-1.1664,-1.1227,-1.1227,-0.9369,0.0437,0.5,8.5481,4.68,1.0,2.7243,4.0,0.1968
30.45,seguindo,normal,2.2691,4.956,-1.2242,-1.1264,-1.1264,-0.9634,0.0978,0.5,8.5406,4.68,1.0,2.7243,4.0,0.1987
30.5,seguindo,normal,2.2757,4.9476,-1.2624,-1.1287,-1.1287,-0.9608,0.1337,0.5,8.5357,4.68,1.0,2.7243,4.0,0.1998
30.55,seguindo,normal,2.285,4.9333,-1.3152,-1.1308,-1.1308,-0.9101,0.1844,0.5,8.5295,4.68,1.0,2.7243,4.0,0.1997
30.6,seguindo,normal,2.2905,4.923,-1.3474,-1.1214,-1.1214,-0.8509,0.2261,0.5,8.526,4.5924,1.0,2.7599,3.95,0.1988
30.65,seguindo,normal,2.2979,4.9066,-1.3929,-1.1209,-1.1209,-0.784,0.272,0.5,8.5221,4.5924,1.0,2.7599,3.95,0.1962
30.7,seguindo,normal,2.3021,4.8956,-1.4202,-1.12,-1.12,-0.7279,0.3003,0.5,8.5201,4.5924,1.0,2.7599,3.95,0.1938
30.75,seguindo,normal,2.3075,4.8786,-1.4569,-1.1175,-1.1175,-0.6397,0.3394,0.5,8.5183,4.5924,1.0,2.7599,3.95,0.1892
30.8,seguindo,normal,2.3105,4.8672,-1.4786,-1.1093,-1.1093,-0.5836,0.3693,0.5,8.5176,5.3454,1.0,2.7915,3.9,0.1856
30.85,seguindo,normal,2.3141,4.8498,-1.5053,-1.1051,-1.1051,-0.4843,0.4002,0.5,8.5176,5.3454,1.0,2.7915,3.9,0.1793
30.9,seguindo,normal,2.316,4.8383,-1.52,-1.1018,-1.1018,-0.4143,0.4183,0.5,8.5182,5.3454,1.0,2.7915,3.9,0.1747
30.95,seguindo,normal,2.3181,4.8209,-1.5363,-1.096,-1.096,-0.3102,0.4403,0.5,8.5197,5.3454,1.0,2.7915,3.9,0.1671
31.0,seguindo,normal,2.3191,4.8093,-1.5443,-1.0908,-1.0908,-0.2403,0.4535,0.5,8.5212,2.7534,1.0,2.8185,3.85,0.1617
31.05,seguindo,normal,2.32,4.7919,-1.5504,-1.084,-1.084,-0.1413,0.4664,0.5,8.524,2.7534,1.0,2.8185,3.85,0.153
31.1,seguindo,normal,2.3204,4.7803,-1.5523,-1.0792,-1.0792,-0.0811,0.4731,0.5,8.5261,2.7534,1.0,2.8185,3.85,0.147
31.15,seguindo,normal,2.3205,4.7654,-1.5503,-1.0725,-1.0725,-0.0074,0.4778,0.5,8.5291,2.7534,1.0,2.8185,3.85,0.139
31.2,seguindo,normal,2.3204,4.7566,-1.547,-1.0684,-1.0684,0.0537,0.4786,0.5,8.5311,2.7534,1.0,2.8185,3.85,0.1341
31.25,seguindo,normal,2.32,4.7435,-1.5372,-1.0665,-1.0665,0.1317,0.4707,0.5,8.5344,1.7232,1.0,2.8407,3.8,0.1265
31.3,seguindo,normal,2.3196,4.7349,-1.5288,-1.0623,-1.0623,0.1647,0.4665,0.5,8.5366,1.7232,1.0,2.8407,3.8,0.1215
31.35,seguindo,normal,2.3188,4.7221,-1.5113,-1.0558,-1.0558,0.2584,0.4555,0.5,8.5402,1.7232,1.0,2.8407,3.8,0.1138
31.4,seguindo,normal,2.3183,4.7135,-1.4978,-1.0513,-1.0513,0.2954,0.4465,0.5,8.5426,1.7232,1.0,2.8407,3.8,0.1087
31.45,seguindo,normal,2.3173,4.7008,-1.4726,-1.0445,-1.0445,0.387,0.4282,0.5,8.5464,1.7232,1.0,2.8407,3.8,0.1008
31.5,seguindo,normal,2.3167,4.6923,-1.454,-1.0398,-1.0398,0.4216,0.4142,0.5,8.5489,1.7232,1.0,2.8407,3.8,0.0955
31.55,seguindo,normal,2.3158,4.6794,-1.4229,-1.0327,-1.0327,0.4976,0.3901,0.5,8.5526,1.7232,1.0,2.8407,3.8,0.0876
31.6,seguindo,normal,2.3154,4.6708,-1.401,-1.0382,-1.0382,0.5299,0.3628,0.5,8.5549,1.2104,1.0,2.8581,3.75,0.0825
31.65,seguindo,normal,2.3152,4.6578,-1.3686,-1.0318,-1.0318,0.5436,0.3368,0.5,8.5581,1.2104,1.0,2.8581,3.75,0.075
31.7,seguindo,normal,2.3153,4.6491,-1.3472,-1.0276,-1.0276,0.5378,0.3196,0.5,8.56,1.2104,1.0,2.8581,3.75,0.0702
31.75,seguindo,normal,2.3158,4.636,-1.3154,-1.0215,-1.0215,0.5363,0.2939,0.5,8.5625,1.2104,1.0,2.8581,3.75,0.0633
31.8,seguindo,normal,2.3164,4.6273,-1.2943,-1.0176,-1.0176,0.5298,0.2767,0.5,8.5639,1.2104,1.0,2.8581,3.75,0.0589
31.85,seguindo,normal,2.3176,4.6142,-1.2627,-1.0119,-1.0119,0.5273,0.2508,0.5,8.5657,1.2104,1.0,2.8581,3.75,0.0524
31.9,seguindo,normal,2.3187,4.6055,-1.2416,-1.0082,-1.0082,0.5271,0.2334,0.5,8.5667,1.2104,1.0,2.8581,3.75,0.0484
31.95,seguindo,normal,2.3207,4.5925,-1.2103,-1.018,-1.018,0.5239,0.1923,0.5,8.5679,0.9312,1.0,2.8712,3.7,0.0426
32.0,seguindo,normal,2.3222,4.5838,-1.1896,-1.0149,-1.0149,0.5212,0.1747,0.5,8.5684,0.9312,1.0,2.8712,3.7,0.0389
32.05,seguindo,normal,2.325,4.5708,-1.1591,-1.0105,-1.0105,0.5127,0.1486,0.5,8.5688,0.9312,1.0,2.8712,3.7,0.0338
32.1,seguindo,normal,2.3271,4.5621,-1.1396,-1.0078,-1.0078,0.4952,0.1318,0.5,8.5687,0.9312,1.0,2.8712,3.7,0.0306
32.15,seguindo,normal,2.3308,4.549,-1.1109,-1.0039,-1.0039,0.4846,0.107,0.5,8.5683,0.9312,1.0,2.8712,3.7,0.026
32.2,seguindo,normal,2.3335,4.5403,-1.0927,-1.0015,-1.0015,0.4694,0.0911,0.5,8.5677,0.9312,1.0,2.8712,3.7,0.0233
32.25,seguindo,normal,2.338,4.5273,-1.066,-1.0167,-1.0167,0.4522,0.0492,0.5,8.5665,0.783,1.0,2.8808,3.65,0.0194
32.3,seguindo,normal,2.3414,4.5185,-1.0493,-1.015,-1.015,0.4377,0.0342,0.5,8.5654,0.783,1.0,2.8808,3.65,0.0172
32.35,seguindo,normal,2.3468,4.5054,-1.0249,-1.0128,-1.0128,0.4101,0.0122,0.5,8.5633,0.783,1.0,2.8808,3.65,0.014
32.4,seguindo,normal,2.3508,4.4967,-1.0099,-1.0115,-1.0115,0.3972,-0.0016,0.5,8.5616,0.783,1.0,2.8808,3.65,0.0122
32.45,seguindo,normal,2.3572,4.4836,-0.9884,-1.0099,-1.0099,0.3649,-0.0214,0.5,8.5587,0.783,1.0,2.8808,3.65,0.0097
32.5,seguindo,normal,2.3618,4.4747,-0.9757,-0.9305,-0.9305,0.3421,0.0452,0.5,8.5563,4.4854,0.37,2.6037,4.15,0.0084
32.55,seguindo,normal,2.3691,4.4615,-0.9577,-0.9253,-0.9253,0.3043,0.0324,0.5,8.5525,4.4854,0.37,2.6037,4.15,0.0066
32.6,seguindo,normal,2.3743,4.4527,-0.947,-0.9223,-0.9223,0.2869,0.0247,0.5,8.5497,4.4854,0.37,2.6037,4.15,0.0057
32.65,seguindo,normal,2.3835,4.4384,-0.935,-0.9188,-0.9188,0.2364,0.0162,0.5,8.5444,4.4854,0.37,2.6037,4.15,0.0048
32.7,seguindo,normal,2.3903,4.4285,-0.9295,-0.917,-0.917,0.1903,0.0125,0.5,8.5403,4.4854,0.37,2.6037,4.15,0.0044
32.75,seguindo,normal,2.4009,4.414,-0.9262,-0.9095,-0.9095,0.0976,0.0167,0.5,8.5339,5.4291,0.37,2.6452,4.1,0.0044
32.8,seguindo,normal,2.408,4.4045,-0.9258,-0.9089,-0.9089,0.054,0.0169,0.5,8.5294,5.4291,0.37,2.6452,4.1,0.0046
32.85,seguindo,normal,2.4188,4.3902,-0.9256,-0.9081,-0.9081,0.0056,0.0176,0.5,8.5227,5.4291,0.37,2.6452,4.1,0.0047
32.9,seguindo,normal,2.4259,4.3806,-0.9257,-0.9075,-0.9075,0.0023,0.0182,0.5,8.5183,5.4291,0.37,2.6452,4.1,0.0047
32.95,seguindo,normal,2.4367,4.3664,-0.9255,-0.9038,-0.9038,0.0013,0.0217,0.5,8.5116,9.8722,0.37,2.6858,4.05,0.0048
33.0,seguindo,normal,2.4438,4.3569,-0.9253,-0.9031,-0.9031,0.0046,0.0222,0.5,8.5073,9.8722,0.37,2.6858,4.05,0.0048
33.05,seguindo,normal,2.4543,4.3427,-0.9242,-0.9018,-0.9018,0.0123,0.0224,0.5,8.5008,9.8722,0.37,2.6858,4.05,0.0046
33.1,seguindo,normal,2.4614,4.3333,-0.9232,-0.9009,-0.9009,0.0209,0.0223,0.5,8.4966,9.8722,0.37,2.6858,4.05,0.0044
33.15,seguindo,normal,2.4718,4.3193,-0.9208,-0.9015,-0.9015,0.0327,0.0192,0.5,8.4903,45.5646,0.37,2.7243,4.0,0.0041
33.2,seguindo,normal,2.4787,4.3099,-0.9189,-0.9006,-0.9006,0.0401,0.0183,0.5,8.4862,45.5646,0.37,2.7243,4.0,0.0039
33.25,seguindo,normal,2.489,4.296,-0.9158,-0.8992,-0.8992,0.0491,0.0167,0.5,8.48,45.5646,0.37,2.7243,4.0,0.0035
33.3,seguindo,normal,2.496,4.2867,-0.9137,-0.8982,-0.8982,0.0506,0.0155,0.5,8.4758,45.5646,0.37,2.7243,4.0,0.0031
33.35,seguindo,normal,2.5064,4.2728,-0.9106,-0.9052,-0.9052,0.0517,0.0055,0.5,8.4696,5.4817,0.37,2.7599,3.95,0.0026
33.4,seguindo,normal,2.5134,4.2636,-0.9086,-0.9046,-0.9046,0.0519,0.004,0.5,8.4654,5.4817,0.37,2.7599,3.95,0.0023
33.45,seguindo,normal,2.5239,4.2497,-0.9056,-0.9039,-0.9039,0.0523,0.0017,0.5,8.4592,5.4817,0.37,2.7599,3.95,0.0019
33.5,seguindo,normal,2.5309,4.2405,-0.9036,-0.9034,-0.9034,0.0504,0.0002,0.5,8.455,5.4817,0.37,2.7599,3.95,0.0015
33.55,seguindo,normal,2.5415,4.2267,-0.9008,-0.9028,-0.9028,0.0486,-0.002,0.5,8.4487,5.4817,0.37,2.7599,3.95,0.001
33.6,seguindo,normal,2.5486,4.2175,-0.8989,-0.9179,-0.9179,0.0473,-0.019,0.5,8.4444,2.6319,0.37,2.7915,3.9,0.0006
33.65,seguindo,normal,2.5593,4.2038,-0.8962,-0.9182,-0.9182,0.046,-0.022,0.5,8.4381,2.6319,0.37,2.7915,3.9,0.0002
33.7,seguindo,normal,2.5665,4.1946,-0.8944,-0.9186,-0.9186,0.0453,-0.0242,0.5,8.4338,2.6319,0.37,2.7915,3.9,-0.0001
33.75,seguindo,normal,2.5773,4.1809,-0.8918,-0.9192,-0.9192,0.0443,-0.0274,0.5,8.4274,2.6319,0.37,2.7915,3.9,-0.0006
33.8,seguindo,normal,2.5845,4.1717,-0.89,-0.9673,-0.9673,0.0441,-0.0773,0.5,8.4232,1.63,0.37,2.8407,3.8,-0.0009
33.85,seguindo,normal,2.5953,4.1581,-0.8874,-0.97,-0.97,0.0439,-0.0826,0.5,8.4167,1.63,0.37,2.8407,3.8,-0.0013
33.9,seguindo,normal,2.6025,4.149,-0.8856,-0.9719,-0.9719,0.0439,-0.0863,0.5,8.4125,1.63,0.37,2.8407,3.8,-0.0016
33.95,seguindo,normal,2.6134,4.1353,-0.883,-0.9752,-0.9752,0.044,-0.0922,0.5,8.406,1.63,0.37,2.8407,3.8,-0.0019
34.0,seguindo,normal,2.6207,4.1263,-0.8812,-0.9775,-0.9775,0.0441,-0.0963,0.5,8.4017,1.63,0.37,2.8407,3.8,-0.0021
34.05,seguindo,normal,2.6316,4.1127,-0.8785,-1.0126,-1.0126,0.0443,-0.1341,0.5,8.3953,1.1173,0.37,2.8581,3.75,-0.0024
34.1,seguindo,normal,2.6389,4.1037,-0.8767,-1.016,-1.016,0.0445,-0.1393,0.5,8.391,1.1173,0.37,2.8581,3.75,-0.0025
34.15,seguindo,normal,2.6499,4.0901,-0.8741,-1.0216,-1.0216,0.0447,-0.1476,0.5,8.3845,1.1173,0.37,2.8581,3.75,-0.0026
34.2,seguindo,normal,2.6573,4.0811,-0.8723,-1.0257,-1.0257,0.0451,-0.1534,0.5,8.3802,1.1173,0.37,2.8581,3.75,-0.0025
34.25,seguindo,normal,2.6684,4.0677,-0.8696,-1.0666,-1.0666,0.0448,-0.197,0.5,8.3737,0.8607,0.37,2.8712,3.7,-0.0024
34.3,seguindo,normal,2.6757,4.0587,-0.8678,-1.0718,-1.0718,0.0448,-0.204,0.5,8.3694,0.8607,0.37,2.8712,3.7,-0.0023
34.35,seguindo,normal,2.6869,4.0453,-0.8651,-1.0803,-1.0803,0.0448,-0.2152,0.5,8.3629,0.8607,0.37,2.8712,3.7,-0.002
34.4,seguindo,normal,2.6943,4.0363,-0.8633,-1.0865,-1.0865,0.0448,-0.2232,0.5,8.3586,0.8607,0.37,2.8712,3.7,-0.0016
34.45,seguindo,normal,2.7055,4.023,-0.8606,-1.1314,-1.1314,0.0452,-0.2708,0.5,8.352,0.7485,0.37,2.8808,3.65,-0.0009
34.5,seguindo,normal,2.713,4.0141,-0.8588,-1.1388,-1.1388,0.0448,-0.28,0.5,8.3477,0.7485,0.37,2.8808,3.65,-0.0004
34.55,seguindo,normal,2.7242,4.0007,-0.8561,-1.1508,-1.1508,0.0448,-0.2947,0.5,8.3411,0.7485,0.37,2.8808,3.65,0.0004
34.6,seguindo,normal,2.7317,3.9919,-0.8543,-1.1595,-1.1595,0.0448,-0.3052,0.5,8.3368,0.7485,0.37,2.8808,3.65,0.0013
34.65,seguindo,normal,2.743,3.9786,-0.8517,-1.1737,-1.1737,0.0448,-0.3221,0.5,8.3302,0.7485,0.37,2.8808,3.65,0.0028
34.7,seguindo,normal,2.7544,3.9653,-0.849,-1.2212,-1.2212,0.0447,-0.3722,0.5,8.3236,0.7217,0.37,2.8876,3.6,0.0044
34.75,seguindo,normal,2.7619,3.9565,-0.8472,-1.232,-1.232,0.0447,-0.3848,0.5,8.3192,0.7217,0.37,2.8876,3.6,0.0055
34.8,seguindo,normal,2.7695,3.9477,-0.8454,-1.2435,-1.2435,0.0451,-0.3981,0.5,8.3148,0.7217,0.37,2.8876,3.6,0.007
34.85,seguindo,normal,2.7809,3.9346,-0.8427,-1.2623,-1.2623,0.0451,-0.4196,0.5,8.3082,0.7217,0.37,2.8876,3.6,0.0096
34.9,seguindo,normal,2.7886,3.9258,-0.8409,-1.3249,-1.3249,0.0447,-0.484,0.5,8.3038,0.7647,0.37,2.8954,3.5,0.0113
34.95,seguindo,normal,2.8008,3.9124,-0.8432,-1.3452,-1.3452,-0.005,-0.502,0.5,8.2966,0.7647,0.37,2.8954,3.5,0.0145
35.0,seguindo,normal,2.8092,3.9034,-0.8466,-1.3601,-1.3601,-0.0403,-0.5135,0.5,8.2916,0.7647,0.37,2.8954,3.5,0.0172
35.05,seguindo,normal,2.8219,3.8901,-0.8567,-1.3845,-1.3845,-0.127,-0.5278,0.5,8.2839,0.7647,0.37,2.8954,3.5,0.0221
35.1,seguindo,normal,2.8304,3.8813,-0.8653,-1.416,-1.416,-0.1868,-0.5507,0.5,8.2787,0.8817,0.37,2.8977,3.45,0.0253
35.15,seguindo,normal,2.8431,3.8683,-0.8831,-1.441,-1.441,-0.2551,-0.558,0.5,8.271,0.8817,0.37,2.8977,3.45,0.0304
35.2,seguindo,normal,2.8515,3.8598,-0.8967,-1.4585,-1.4585,-0.3112,-0.5618,0.5,8.2659,0.8817,0.37,2.8977,3.45,0.0341
35.25,seguindo,normal,2.8641,3.847,-0.9223,-1.4863,-1.4863,-0.3838,-0.564,0.5,8.2583,0.8817,0.37,2.8977,3.45,0.0405
35.3,seguindo,normal,2.8724,3.8385,-0.9414,-1.4693,-1.4693,-0.4291,-0.5279,0.5,8.2533,1.1736,1.0,2.9774,2.8081,0.0446
35.35,seguindo,normal,2.8847,3.8258,-0.9738,-1.4799,-1.4799,-0.5152,-0.5061,0.5,8.246,1.1736,1.0,2.9774,2.8081,0.0507
35.4,seguindo,normal,2.8926,3.8173,-0.997,-1.487,-1.487,-0.5433,-0.49,0.5,8.2414,1.1736,1.0,2.9774,2.8081,0.0548
35.45,seguindo,normal,2.9043,3.8043,-1.0324,-1.4975,-1.4975,-0.5859,-0.4651,0.5,8.2348,1.1736,1.0,2.9774,2.8081,0.0615
35.5,seguindo,normal,2.9118,3.7955,-1.0564,-1.4907,-1.4907,-0.5941,-0.4342,0.5,8.2308,1.3856,1.0,2.9947,2.7627,0.0657
35.55,seguindo,normal,2.9226,3.7821,-1.0933,-1.5002,-1.5002,-0.606,-0.4069,0.5,8.2252,1.3856,1.0,2.9947,2.7627,0.0715
35.6,seguindo,normal,2.9295,3.773,-1.1182,-1.5063,-1.5063,-0.6181,-0.3881,0.5,8.2218,1.3856,1.0,2.9947,2.7627,0.075
35.65,seguindo,normal,2.9395,3.7592,-1.1564,-1.5154,-1.5154,-0.6292,-0.359,0.5,8.2172,1.3856,1.0,2.9947,2.7627,0.081
35.7,seguindo,normal,2.9458,3.7499,-1.1822,-1.5213,-1.5213,-0.6371,-0.3391,0.5,8.2145,1.3856,1.0,2.9947,2.7627,0.0848
35.75,seguindo,normal,2.955,3.7356,-1.2212,-1.4913,-1.4913,-0.6525,-0.2701,0.5,8.2108,1.157,1.0,3.0392,2.679,0.09
35.8,seguindo,normal,2.9608,3.726,-1.2475,-1.4961,-1.4961,-0.6523,-0.2486,0.5,8.2087,1.157,1.0,3.0392,2.679,0.0932
35.85,seguindo,normal,2.9692,3.7113,-1.2873,-1.5031,-1.5031,-0.6605,-0.2158,0.5,8.2061,1.157,1.0,3.0392,2.679,0.0983
35.9,seguindo,normal,2.9744,3.7014,-1.314,-1.5075,-1.5075,-0.6638,-0.1936,0.5,8.2047,1.157,1.0,3.0392,2.679,0.1016
35.95,seguindo,normal,2.9818,3.6862,-1.3534,-1.7454,-1.7454,-0.6677,-0.392,0.5,8.2031,3.5422,0.37,2.9049,3.2501,0.106
36.0,seguindo,normal,2.9864,3.6758,-1.3794,-1.7599,-1.7599,-0.6545,-0.3805,0.5,8.2026,3.5422,0.37,2.9049,3.2501,0.1085
36.05,seguindo,normal,2.9917,3.6623,-1.4138,-1.7784,-1.7784,-0.6117,-0.3645,0.5,8.2024,3.5422,0.37,2.9049,3.2501,0.1115
36.1,seguindo,normal,2.9948,3.6543,-1.4375,-1.7897,-1.7897,-0.5803,-0.3523,0.5,8.2024,3.5422,0.37,2.9049,3.2501,0.1135
36.15,seguindo,normal,2.9997,3.6394,-1.4753,-1.7773,-1.7773,-0.5982,-0.302,0.5,8.2032,7.8331,0.37,2.9076,3.2001,0.1164
36.2,seguindo,normal,3.0028,3.6281,-1.5022,-1.7895,-1.7895,-0.6384,-0.2874,0.5,8.2044,7.8331,0.37,2.9076,3.2001,0.118
36.25,seguindo,normal,3.0066,3.61,-1.5383,-1.8078,-1.8078,-0.6377,-0.2694,0.5,8.2074,7.8331,0.37,2.9076,3.2001,0.1195
36.3,seguindo,normal,3.0087,3.5976,-1.5604,-1.8198,-1.8198,-0.5975,-0.2594,0.5,8.21,7.8331,0.37,2.9076,3.2001,0.1204
36.35,seguindo,normal,3.0111,3.5784,-1.5903,-1.7996,-1.7996,-0.5196,-0.2093,0.5,8.2148,182.5749,0.37,2.9114,3.1502,0.121
36.4,seguindo,normal,3.0122,3.5655,-1.6087,-1.809,-1.809,-0.4946,-0.2002,0.5,8.2185,182.5749,0.37,2.9114,3.1502,0.1209
36.45,seguindo,normal,3.0138,3.5471,-1.64,-1.8233,-1.8233,-0.4966,-0.1834,0.5,8.2239,182.5749,0.37,2.9114,3.1502,0.1211
36.5,seguindo,normal,3.0147,3.5355,-1.6629,-1.8329,-1.8329,-0.5415,-0.17,0.5,8.2273,182.5749,0.37,2.9114,3.1502,0.1213
36.55,seguindo,normal,3.0157,3.5181,-1.6979,-1.8045,-1.8045,-0.5765,-0.1066,0.5,8.2329,8.0557,0.37,2.9162,3.1004,0.1211
36.6,seguindo,normal,3.0159,3.5065,-1.7208,-1.8116,-1.8116,-0.579,-0.0908,0.5,8.237,8.0557,0.37,2.9162,3.1004,0.1207
36.65,seguindo,normal,3.0156,3.4886,-1.7524,-1.8213,-1.8213,-0.5513,-0.0689,0.5,8.2441,8.0557,0.37,2.9162,3.1004,0.1195
36.7,seguindo,normal,3.0148,3.4765,-1.772,-1.7844,-1.7844,-0.5217,-0.0124,0.5,8.2494,4.2944,0.37,2.9225,3.0507,0.1182
36.75,seguindo,normal,3.0129,3.4578,-1.7978,-1.7894,-1.7894,-0.4615,0.0083,0.5,8.2582,4.2944,0.37,2.9225,3.0507,0.1154
36.8,seguindo,normal,3.0112,3.4452,-1.813,-1.792,-1.792,-0.4231,0.021,0.5,8.2647,4.2944,0.37,2.9225,3.0507,0.1132
36.85,seguindo,normal,3.0081,3.4261,-1.8346,-1.7522,-1.7522,-0.3684,0.0824,0.5,8.2748,3.0086,0.37,2.9301,3.0011,0.1094
36.9,seguindo,normal,3.0056,3.4133,-1.8481,-1.752,-1.752,-0.3548,0.0961,0.5,8.282,3.0086,0.37,2.9301,3.0011,0.1066
36.95,seguindo,normal,3.0016,3.394,-1.8673,-1.7507,-1.7507,-0.3266,0.1165,0.5,8.2932,3.0086,0.37,2.9301,3.0011,0.1019
37.0,seguindo,normal,2.9986,3.3811,-1.8794,-1.7491,-1.7491,-0.3138,0.1303,0.5,8.3009,3.0086,0.37,2.9301,3.0011,0.0985
37.05,seguindo,normal,2.9941,3.3633,-1.8948,-1.7032,-1.7032,-0.2813,0.1916,0.5,8.312,2.3796,0.37,2.9393,2.9519,0.0934
37.1,seguindo,normal,2.9911,3.3521,-1.9045,-1.6995,-1.6995,-0.2509,0.205,0.5,8.3191,2.3796,0.37,2.9393,2.9519,0.0901
37.15,seguindo,normal,2.986,3.3355,-1.9123,-1.6918,-1.6918,-0.1862,0.2205,0.5,8.3303,2.3796,0.37,2.9393,2.9519,0.0844
37.2,seguindo,normal,2.9823,3.3246,-1.9149,-1.647,-1.647,-0.1268,0.2678,0.5,8.338,2.0251,0.37,2.9501,2.9031,0.0803
37.25,seguindo,normal,2.9763,3.3085,-1.9125,-1.6354,-1.6354,-0.0126,0.2771,0.5,8.3498,2.0251,0.37,2.9501,2.9031,0.0738
37.301,seguindo,normal,2.9701,3.2924,-1.9065,-1.6223,-1.6223,0.0956,0.2842,0.5,8.3618,2.0251,0.37,2.9501,2.9031,0.067
37.35,seguindo,normal,2.9661,3.2817,-1.9024,-1.613,-1.613,0.1019,0.2894,0.5,8.3698,2.0251,0.37,2.9501,2.9031,0.0625
37.4,seguindo,normal,2.9621,3.271,-1.8983,-1.5694,-1.5694,0.1023,0.3289,0.5,8.3777,1.8014,0.37,2.9627,2.8551,0.058
37.45,seguindo,normal,2.9574,3.2578,-1.8957,-1.5577,-1.5577,0.0661,0.338,0.5,8.3873,1.8014,0.37,2.9627,2.8551,0.0528
37.5,seguindo,normal,2.9548,3.2501,-1.8958,-1.5509,-1.5509,0.0241,0.3449,0.5,8.3927,1.8014,0.37,2.9627,2.8551,0.0499
37.55,seguindo,normal,2.9498,3.2359,-1.8946,-1.5371,-1.5371,0.0114,0.3575,0.5,8.403,1.8014,0.37,2.9627,2.8551,0.0441
37.6,seguindo,normal,2.9461,3.2252,-1.8926,-1.4959,-1.4959,0.0329,0.3967,0.5,8.4107,1.6264,0.37,2.9774,2.8081,0.0398
37.65,seguindo,normal,2.9404,3.2088,-1.8897,-1.4788,-1.4788,0.0489,0.411,0.5,8.4225,1.6264,0.37,2.9774,2.8081,0.0332
37.7,seguindo,normal,2.9366,3.1978,-1.888,-1.4666,-1.4666,0.0466,0.4214,0.5,8.4304,1.6264,0.37,2.9774,2.8081,0.0287
37.75,seguindo,normal,2.9313,3.1837,-1.8796,-1.4487,-1.4487,0.0923,0.4308,0.5,8.4409,1.6264,0.37,2.9774,2.8081,0.0224
37.8,seguindo,normal,2.928,3.1752,-1.8723,-1.4104,-1.4104,0.1384,0.4618,0.5,8.4474,1.4436,0.37,2.9947,2.7627,0.0184
37.85,seguindo,normal,2.9228,3.1626,-1.8563,-1.393,-1.393,0.2353,0.4633,0.5,8.4572,1.4436,0.37,2.9947,2.7627,0.0124
37.9,seguindo,normal,2.9194,3.1543,-1.8437,-1.3807,-1.3807,0.2678,0.463,0.5,8.4638,1.4436,0.37,2.9947,2.7627,0.0083
37.95,seguindo,normal,2.914,3.1418,-1.8197,-1.3611,-1.3611,0.3651,0.4587,0.5,8.4738,1.4436,0.37,2.9947,2.7627,0.0018
38.0,seguindo,normal,2.9105,3.1335,-1.8019,-1.3474,-1.3474,0.4177,0.4545,0.5,8.4804,1.4436,0.37,2.9947,2.7627,-0.0025
38.05,seguindo,normal,2.9053,3.1212,-1.7722,-1.3039,-1.3039,0.4704,0.4684,0.5,8.4902,1.2306,0.37,3.0152,2.7194,-0.0089
38.1,seguindo,normal,2.902,3.113,-1.7515,-1.2908,-1.2908,0.5042,0.4607,0.5,8.4965,1.2306,0.37,3.0152,2.7194,-0.0129
38.15,seguindo,normal,2.8974,3.1006,-1.7204,-1.2711,-1.2711,0.5187,0.4493,0.5,8.5058,1.2306,0.37,3.0152,2.7194,-0.0188
38.2,seguindo,normal,2.8945,3.0923,-1.6996,-1.2578,-1.2578,0.5186,0.4418,0.5,8.5119,1.2306,0.37,3.0152,2.7194,-0.0226
38.25,seguindo,normal,2.8904,3.0799,-1.6678,-1.2377,-1.2377,0.5301,0.43,0.5,8.5207,1.2306,0.37,3.0152,2.7194,-0.0281
38.3,seguindo,normal,2.888,3.0715,-1.6463,-1.2031,-1.2031,0.5311,0.4432,0.5,8.5264,1.005,0.37,3.0392,2.679,-0.0316
38.35,seguindo,normal,2.8846,3.059,-1.6139,-1.1844,-1.1844,0.5387,0.4295,0.5,8.5347,1.005,0.37,3.0392,2.679,-0.0366
38.4,seguindo,normal,2.8825,3.0505,-1.5922,-1.1718,-1.1718,0.5202,0.4204,0.5,8.54,1.005,0.37,3.0392,2.679,-0.0396
38.45,seguindo,normal,2.8798,3.0379,-1.5593,-1.1529,-1.1529,0.55,0.4064,0.5,8.5478,1.005,0.37,3.0392,2.679,-0.0441
38.5,seguindo,normal,2.8782,3.0294,-1.5372,-1.1401,-1.1401,0.5729,0.3971,0.5,8.5528,1.005,0.37,3.0392,2.679,-0.047
38.55,seguindo,normal,2.876,3.0168,-1.5032,-1.0992,-1.0992,0.559,0.404,0.5,8.56,0.7999,0.37,3.0671,2.6422,-0.0511
38.6,seguindo,normal,2.8748,3.0084,-1.4803,-1.0873,-1.0873,0.5632,0.393,0.5,8.5646,0.7999,0.37,3.0671,2.6422,-0.0535
38.65,seguindo,normal,2.8734,2.9957,-1.4462,-1.0695,-1.0695,0.5758,0.3766,0.5,8.5713,0.7999,0.37,3.0671,2.6422,-0.0569
38.7,seguindo,normal,2.8727,2.9872,-1.4236,-1.0577,-1.0577,0.5685,0.3659,0.5,8.5755,0.7999,0.37,3.0671,2.6422,-0.059
38.75,seguindo,normal,2.872,2.9744,-1.3895,-1.0398,-1.0398,0.5664,0.3497,0.5,8.5815,0.7999,0.37,3.0671,2.6422,-0.0621
38.8,seguindo,normal,2.8718,2.9659,-1.3668,-1.0279,-1.0279,0.5674,0.3389,0.5,8.5853,0.7999,0.37,3.0671,2.6422,-0.0638
38.85,seguindo,normal,2.8718,2.953,-1.3331,-0.9862,-0.9862,0.5583,0.3469,0.5,8.5907,0.6355,0.37,3.099,2.6098,-0.0661
38.9,seguindo,normal,2.8722,2.9444,-1.3112,-0.9751,-0.9751,0.5505,0.336,0.5,8.5941,0.6355,0.37,3.099,2.6098,-0.0674
38.95,seguindo,normal,2.8731,2.9314,-1.2787,-0.9586,-0.9586,0.544,0.3202,0.5,8.5988,0.6355,0.37,3.099,2.6098,-0.0691
39.0,seguindo,normal,2.874,2.9227,-1.2575,-0.9475,-0.9475,0.5419,0.31,0.5,8.6017,0.6355,0.37,3.099,2.6098,-0.0701
39.05,seguindo,normal,2.8757,2.9097,-1.2258,-0.9016,-0.9016,0.5295,0.3242,0.5,8.6057,0.5153,0.37,3.1347,2.5822,-0.0712
39.1,seguindo,normal,2.8771,2.9011,-1.2047,-0.8911,-0.8911,0.533,0.3136,0.5,8.6082,0.5153,0.37,3.1347,2.5822,-0.0717
39.15,seguindo,normal,2.8796,2.8881,-1.1736,-0.8755,-0.8755,0.5232,0.2981,0.5,8.6115,0.5153,0.37,3.1347,2.5822,-0.0721
39.2,seguindo,normal,2.8815,2.8794,-1.1534,-0.8651,-0.8651,0.5152,0.2883,0.5,8.6135,0.5153,0.37,3.1347,2.5822,-0.0724
39.25,seguindo,normal,2.8848,2.8665,-1.1234,-0.8495,-0.8495,0.5025,0.2739,0.5,8.6161,0.5153,0.37,3.1347,2.5822,-0.0725
39.3,seguindo,normal,2.8872,2.8579,-1.1035,-0.8048,-0.8048,0.4998,0.2987,0.4343,8.6177,0.4343,0.37,3.1739,2.5598,-0.0723
39.35,seguindo,normal,2.8912,2.845,-1.0743,-0.7899,-0.7899,0.4924,0.2844,0.4343,8.6196,0.4343,0.37,3.1739,2.5598,-0.0716
39.4,seguindo,normal,2.8942,2.8365,-1.0553,-0.78,-0.78,0.4848,0.2754,0.4343,8.6207,0.4343,0.37,3.1739,2.5598,-0.0709
39.45,seguindo,normal,2.899,2.8237,-1.0275,-0.7651,-0.7651,0.4683,0.2624,0.4343,8.6219,0.4343,0.37,3.1739,2.5598,-0.0701
39.5,seguindo,normal,2.9025,2.8152,-1.0094,-0.7551,-0.7551,0.4617,0.2543,0.4343,8.6225,0.4343,0.37,3.1739,2.5598,-0.0693
39.55,seguindo,normal,2.9081,2.8026,-0.9822,-0.7019,-0.7019,0.4523,0.2803,0.3856,8.6231,0.3856,0.37,3.2161,2.5422,-0.0678
39.6,seguindo,normal,2.9119,2.7943,-0.9641,-0.6921,-0.6921,0.4578,0.2719,0.3856,8.6233,0.3856,0.37,3.2161,2.5422,-0.0666
39.65,seguindo,normal,2.9181,2.7819,-0.9375,-0.6775,-0.6775,0.4482,0.26,0.3856,8.6232,0.3856,0.37,3.2161,2.5422,-0.0647
39.701,seguindo,normal,2.9247,2.7697,-0.9117,-0.6629,-0.6629,0.4286,0.2488,0.3856,8.6227,0.3856,0.37,3.2161,2.5422,-0.0629
39.75,re,,2.9288,2.7618,-0.8914,-0.8914,,,0.0,0.203,8.6225,inf,,,,0.0
39.8,re,,2.9331,2.754,-0.871,-0.871,,,0.0,0.203,8.6222,inf,,,,0.0
39.85,re,,2.9399,2.7425,-0.8411,-0.8411,,,0.0,0.203,8.6213,inf,,,,0.0
39.9,re,,2.9446,2.7349,-0.8217,-0.8217,,,0.0,0.203,8.6204,inf,,,,0.0
39.95,re,,2.9522,2.7237,-0.7931,-0.7931,,,0.0,0.203,8.6187,inf,,,,0.0
40.0,re,,2.9575,2.7162,-0.7745,-0.7745,,,0.0,0.203,8.6173,inf,,,,0.0
40.05,re,,2.9651,2.7055,-0.7433,-0.7433,,,0.0,0.203,8.6154,inf,,,,0.0
40.1,re,,2.9702,2.6985,-0.7215,-0.7215,,,0.0,0.203,8.614,inf,,,,0.0
40.15,re,,2.9793,2.6875,-0.6914,-0.6914,,,0.0,0.203,8.6109,inf,,,,0.0
40.2,re,,2.9863,2.68,-0.674,-0.674,,,0.0,0.203,8.6081,inf,,,,0.0
40.25,re,,2.9972,2.669,-0.6514,-0.6514,,,0.0,0.203,8.6034,inf,,,,0.0
40.3,re,,3.0048,2.662,-0.6394,-0.6394,,,0.0,0.203,8.5998,inf,,,,0.0
40.35,re,,3.0165,2.6518,-0.6232,-0.6232,,,0.0,0.203,8.5941,inf,,,,0.0
40.4,re,,3.0244,2.6452,-0.6129,-0.6129,,,0.0,0.203,8.5902,inf,,,,0.0
40.45,re,,3.0363,2.6354,-0.5976,-0.5976,,,0.0,0.203,8.5841,inf,,,,0.0
40.5,re,,3.0444,2.6289,-0.5873,-0.5873,,,0.0,0.203,8.5799,inf,,,,0.0
40.55,re,,3.0566,2.6194,-0.5718,-0.5718,,,0.0,0.203,8.5735,inf,,,,0.0
40.65,seguindo,gargalo_centro,3.077,2.604,-0.5444,-0.1185,-0.1185,0.2717,0.4258,0.25,8.5626,0.6006,0.8792,3.95,2.5001,-0.0197
40.7,seguindo,gargalo_centro,3.0851,2.5981,-0.5326,-0.1128,-0.1128,0.2834,0.4197,0.25,8.5582,0.6006,0.8704,3.95,2.5001,-0.0181
40.75,seguindo,gargalo_centro,3.0973,2.5893,-0.5141,-0.1043,-0.1043,0.301,0.4099,0.25,8.5515,0.6006,0.8573,3.95,2.5001,-0.0173
40.8,seguindo,gargalo_centro,3.1055,2.5836,-0.5016,-0.0985,-0.0985,0.307,0.4031,0.25,8.547,0.6006,0.8486,3.95,2.5001,-0.0168
40.85,seguindo,gargalo_centro,3.1179,2.5752,-0.4828,-0.09,-0.09,0.3131,0.3928,0.25,8.54,0.7681,0.8355,3.95,2.5001,-0.0159
40.9,seguindo,gargalo_centro,3.1263,2.5697,-0.4703,-0.0843,-0.0843,0.31,0.386,0.25,8.5352,0.7681,0.8267,3.95,2.5001,-0.0151
40.95,seguindo,gargalo_centro,3.1389,2.5617,-0.4515,-0.0758,-0.0758,0.3131,0.3757,0.25,8.5278,0.7681,0.8134,3.95,2.5001,-0.0157
41.0,seguindo,gargalo_centro,3.1474,2.5565,-0.439,-0.0702,-0.0702,0.3162,0.3688,0.25,8.5228,1.0209,0.8045,3.95,2.5001,-0.016
41.05,seguindo,gargalo_centro,3.1603,2.5489,-0.4202,-0.0618,-0.0618,0.31,0.3584,0.25,8.5151,1.0209,0.7912,3.95,2.5001,-0.0162
41.1,seguindo,gargalo_centro,3.169,2.544,-0.4077,-0.0562,-0.0562,0.3131,0.3515,0.25,8.5098,1.0209,0.7822,3.95,2.5001,-0.0165
41.15,seguindo,gargalo_centro,3.1822,2.5368,-0.3889,-0.0478,-0.0478,0.3131,0.3411,0.25,8.5017,1.0209,0.7687,3.95,2.5001,-0.0181
41.2,seguindo,gargalo_centro,3.191,2.5321,-0.3764,-0.0422,-0.0422,0.3131,0.3342,0.25,8.4961,1.4037,0.7597,3.95,2.5001,-0.019
41.25,seguindo,gargalo_centro,3.2017,2.5267,-0.361,-0.0355,-0.0355,0.2846,0.3255,0.25,8.4893,1.4037,0.7488,3.95,2.5001,-0.0199
41.3,seguindo,gargalo_centro,3.2077,2.5236,-0.3513,-0.0317,-0.0317,0.2615,0.3196,0.25,8.4856,1.4037,0.7427,3.95,2.5001,-0.0204
41.35,seguindo,gargalo_centro,3.2141,2.5205,-0.3426,-0.0278,-0.0278,0.1894,0.3148,0.25,8.4814,1.4037,0.7362,3.95,2.5001,-0.0213
41.4,seguindo,gargalo_centro,3.2173,2.5191,-0.3398,-0.026,-0.026,0.1382,0.3137,0.25,8.4793,1.4037,0.733,3.95,2.5001,-0.0218
41.45,seguindo,gargalo_centro,3.2193,2.5183,-0.338,-0.025,-0.025,0.0461,0.313,0.25,8.478,1.4037,0.731,3.95,2.5001,-0.022
41.5,seguindo,gargalo_centro,3.2195,2.5182,-0.338,-0.0249,-0.0249,0.0174,0.3132,0.25,8.4778,1.4037,0.7308,3.95,2.5001,-0.022
41.55,seguindo,gargalo_centro,3.2224,2.5168,-0.3339,-0.023,-0.023,0.0405,0.3109,0.25,8.476,1.4037,0.7278,3.95,2.5001,-0.0225
41.6,seguindo,gargalo_centro,3.2255,2.5153,-0.3285,-0.021,-0.021,0.095,0.3075,0.25,8.474,1.4037,0.7246,3.95,2.5001,-0.0231
41.65,seguindo,gargalo_centro,3.2327,2.5118,-0.3163,-0.0163,-0.0163,0.1686,0.3,0.25,8.4694,1.9903,0.7174,3.95,2.5001,-0.0244
41.7,seguindo,gargalo_centro,3.2387,2.5089,-0.3057,-0.0125,-0.0125,0.2123,0.2933,0.25,8.4655,1.9903,0.7114,3.95,2.5001,-0.0254
41.75,seguindo,gargalo_centro,3.248,2.5043,-0.2851,-0.0061,-0.0061,0.3047,0.2791,0.25,8.4595,1.9903,0.702,3.95,2.5001,-0.0272
41.8,seguindo,gargalo_centro,3.2544,2.5012,-0.2697,-0.0016,-0.0016,0.344,0.2681,0.25,8.4554,1.9903,0.6956,3.95,2.5001,-0.0284
41.85,seguindo,gargalo_centro,3.2645,2.4962,-0.2418,0.0056,0.0056,0.4259,0.2474,0.25,8.4491,1.9903,0.6855,3.95,2.5001,-0.0313
41.9,seguindo,gargalo_centro,3.2714,2.4928,-0.2212,0.0106,0.0106,0.4803,0.2319,0.25,8.4447,1.9903,0.6786,3.95,2.5001,-0.0332
41.95,seguindo,gargalo_centro,3.2821,2.4877,-0.1854,0.0186,0.0186,0.5631,0.204,0.25,8.4379,2.9026,0.668,3.95,2.5001,-0.0361
42.001,seguindo,gargalo_eixo,3.2931,2.4826,-0.1469,-0.2749,0.0107,0.6347,-0.128,0.25,8.4307,2.9026,1.657,4.95,2.5004,-0.0388
42.05,seguindo,gargalo_eixo,3.3002,2.4794,-0.1189,-0.2837,0.0127,0.6587,-0.1648,0.25,8.4261,2.9026,1.6499,4.95,2.5004,-0.0405
42.1,seguindo,gargalo_eixo,3.3074,2.4763,-0.0909,-0.295,0.0146,0.6881,-0.2041,0.25,8.4213,2.9026,1.6428,4.95,2.5004,-0.0426
42.15,seguindo,gargalo_eixo,3.3181,2.472,-0.0473,-0.3036,0.0174,0.7133,-0.2563,0.25,8.4141,2.9026,1.6321,4.95,2.5004,-0.0453
42.2,seguindo,gargalo_eixo,3.3253,2.4694,-0.0177,-0.3079,0.0191,0.7267,-0.2902,0.25,8.4091,4.3437,1.625,4.95,2.5004,-0.0469
42.25,seguindo,gargalo_eixo,3.3362,2.4658,0.0265,-0.311,0.0214,0.7388,-0.3375,0.25,8.4014,4.3437,1.6142,4.95,2.5004,-0.0489
42.3,seguindo,gargalo_eixo,3.3436,2.4637,0.0559,-0.3053,0.0228,0.7291,-0.3612,0.25,8.396,4.3437,1.6069,4.95,2.5004,-0.05
42.35,seguindo,gargalo_eixo,3.3548,2.461,0.0993,-0.3035,0.0247,0.7292,-0.4028,0.25,8.3875,4.3437,1.5957,4.95,2.5004,-0.0514
42.4,seguindo,gargalo_eixo,3.3625,2.4596,0.1277,-0.2985,0.0257,0.7204,-0.4261,0.25,8.3816,4.3437,1.5881,4.95,2.5004,-0.0521
42.45,seguindo,gargalo_eixo,3.3764,2.4583,0.1692,-0.2877,0.0267,0.6986,-0.4568,0.25,8.3702,6.6551,1.5742,4.95,2.5004,-0.0521
42.5,seguindo,gargalo_eixo,3.3869,2.4581,0.1946,-0.2743,0.027,0.6697,-0.469,0.25,8.3611,6.6551,1.5637,4.95,2.5004,-0.0512
42.55,seguindo,gargalo_eixo,3.4031,2.4587,0.2286,-0.2458,0.0269,0.606,-0.4744,0.25,8.3467,6.6551,1.5475,4.95,2.5004,-0.0492
42.6,seguindo,gargalo_eixo,3.414,2.4598,0.2478,-0.2126,0.0264,0.5312,-0.4604,0.25,8.3368,6.6551,1.5366,4.95,2.5004,-0.0476
42.65,seguindo,gargalo_eixo,3.4296,2.4619,0.2712,-0.1738,0.0253,0.4424,-0.4449,0.25,8.3221,6.6259,1.5209,4.95,2.5004,-0.0445
42.7,seguindo,gargalo_eixo,3.4397,2.4636,0.2846,-0.1489,0.0244,0.385,-0.4335,0.25,8.3126,6.6259,1.5108,4.95,2.5004,-0.0422
42.75,seguindo,gargalo_eixo,3.4544,2.4665,0.3017,-0.1174,0.0226,0.3113,-0.4191,0.25,8.2983,6.6259,1.496,4.95,2.5004,-0.0384
42.8,seguindo,gargalo_eixo,3.4689,2.4699,0.3151,-0.0868,0.0206,0.2386,-0.4019,0.25,8.284,6.6259,1.4814,4.95,2.5004,-0.0345
42.85,seguindo,gargalo_eixo,3.4782,2.4726,0.3185,-0.0631,0.0189,0.1822,-0.3817,0.25,8.2746,4.3875,1.4721,4.95,2.5004,-0.0314
42.9,seguindo,gargalo_eixo,3.4874,2.4754,0.3212,-0.0387,0.017,0.124,-0.36,0.25,8.2652,4.3875,1.4628,4.95,2.5004,-0.0282
42.95,seguindo,gargalo_eixo,3.5012,2.4801,0.3203,0.0062,0.014,0.0173,-0.3141,0.25,8.251,4.3875,1.4489,4.95,2.5004,-0.023
43.0,seguindo,gargalo_eixo,3.5104,2.4833,0.3178,0.0272,0.0118,-0.0342,-0.2906,0.25,8.2414,4.3875,1.4397,4.95,2.5004,-0.0195
43.05,seguindo,gargalo_eixo,3.5242,2.4886,0.3091,0.0552,0.0083,-0.1042,-0.2539,0.25,8.2269,4.3875,1.4259,4.95,2.5004,-0.014
43.1,seguindo,gargalo_eixo,3.5334,2.4921,0.3014,0.0795,0.0058,-0.1637,-0.222,0.25,8.2171,2.979,1.4166,4.95,2.5004,-0.0102
43.15,seguindo,gargalo_eixo,3.5474,2.4978,0.285,0.1075,0.0019,-0.2348,-0.1775,0.25,8.2022,2.979,1.4026,4.95,2.5004,-0.0042
43.2,seguindo,gargalo_eixo,3.5567,2.5015,0.2722,0.1232,-0.0008,-0.2757,-0.149,0.25,8.1922,2.979,1.3933,4.95,2.5004,-0.0003
43.25,seguindo,gargalo_eixo,3.5709,2.5074,0.248,0.1575,-0.0051,-0.3613,-0.0905,0.25,8.177,2.979,1.3791,4.95,2.5004,0.0058
43.3,seguindo,gargalo_eixo,3.5805,2.5112,0.2301,0.174,-0.0079,-0.4042,-0.0561,0.25,8.1668,2.084,1.3695,4.95,2.5004,0.0098
43.35,seguindo,gargalo_eixo,3.5952,2.5171,0.1982,0.2079,-0.0123,-0.4894,0.0097,0.25,8.1511,2.084,1.3549,4.95,2.5004,0.0159
43.406,seguindo,gargalo_eixo,3.6101,2.5227,0.1637,0.227,-0.0166,-0.5415,0.0633,0.25,8.1354,2.084,1.34,4.95,2.5004,0.0216
43.45,seguindo,gargalo_eixo,3.6207,2.5264,0.1378,0.2495,-0.0196,-0.598,0.1117,0.25,8.1244,2.084,1.3296,4.95,2.5004,0.0255
43.5,seguindo,gargalo_eixo,3.6314,2.5299,0.1119,0.2627,-0.0224,-0.6335,0.1508,0.25,8.1134,1.5161,1.319,4.95,2.5004,0.029
43.55,seguindo,gargalo_eixo,3.6477,2.5346,0.074,0.2718,-0.0263,-0.6623,0.1978,0.25,8.0969,1.5161,1.3028,4.95,2.5004,0.0339
43.6,seguindo,gargalo_eixo,3.659,2.5372,0.0505,0.2506,-0.0285,-0.6202,0.2001,0.25,8.0858,1.5161,1.2916,4.95,2.5004,0.0366
43.65,seguindo,gargalo_eixo,3.6769,2.5404,0.02,0.2094,-0.0314,-0.5351,0.1895,0.25,8.0688,1.1564,1.2738,4.95,2.5004,0.0398
43.7,seguindo,gargalo_eixo,3.6893,2.5419,0.0023,0.1911,-0.033,-0.4979,0.1888,0.25,8.0572,1.1564,1.2614,4.95,2.5004,0.0415
43.75,seguindo,gargalo_eixo,3.7063,2.5437,-0.0208,0.1534,-0.0348,-0.4181,0.1742,0.25,8.0417,1.1564,1.2445,4.95,2.5004,0.0433
43.8,seguindo,gargalo_eixo,3.7168,2.5447,-0.0366,0.1426,-0.0359,-0.3966,0.1792,0.25,8.0321,1.1564,1.234,4.95,2.5004,0.0443
43.85,seguindo,gargalo_eixo,3.7324,2.5454,-0.0542,0.1155,-0.0369,-0.3388,0.1697,0.25,8.0183,0.932,1.2184,4.95,2.5004,0.0451
43.9,seguindo,gargalo_eixo,3.7428,2.5455,-0.0633,0.0924,-0.0374,-0.2883,0.1556,0.25,8.0093,0.932,1.2081,4.95,2.5004,0.0452
43.95,seguindo,gargalo_eixo,3.7582,2.545,-0.0701,0.0338,-0.0374,-0.1584,0.1039,0.25,7.9962,0.932,1.1926,4.95,2.5004,0.0448
44.0,seguindo,gargalo_eixo,3.7684,2.5444,-0.0719,0.0018,-0.0373,-0.0868,0.0737,0.25,7.9877,0.932,1.1824,4.95,2.5004,0.0442
44.05,seguindo,gargalo_eixo,3.7836,2.5431,-0.0688,-0.0423,-0.0366,0.0127,0.0264,0.25,7.9754,0.7994,1.1672,4.95,2.5004,0.0429
44.1,seguindo,gargalo_eixo,3.7936,2.5421,-0.0642,-0.0707,-0.036,0.077,-0.0064,0.25,7.9672,0.7994,1.1571,4.95,2.5004,0.0419
44.15,seguindo,gargalo_eixo,3.8085,2.5402,-0.0523,-0.105,-0.0349,0.1558,-0.0527,0.25,7.9553,0.7994,1.1422,4.95,2.5004,0.0401
44.2,seguindo,gargalo_eixo,3.8185,2.5389,-0.0426,-0.1236,-0.0341,0.199,-0.081,0.25,7.9474,0.7994,1.1322,4.95,2.5004,0.0388
44.25,seguindo,gargalo_eixo,3.8337,2.5372,-0.0275,-0.1437,-0.0329,0.246,-0.1162,0.25,7.9353,0.7332,1.1169,4.95,2.5004,0.0371
44.3,seguindo,gargalo_eixo,3.844,2.5361,-0.0173,-0.1452,-0.0323,0.2509,-0.1279,0.25,7.927,0.7332,1.1066,4.95,2.5004,0.036
44.35,seguindo,gargalo_eixo,3.8596,2.5348,-0.0028,-0.1433,-0.0315,0.2484,-0.1405,0.25,7.9143,0.7332,1.091,4.95,2.5004,0.0347
44.4,seguindo,gargalo_eixo,3.87,2.534,0.0064,-0.1392,-0.0312,0.2401,-0.1456,0.25,7.9057,0.7332,1.0805,4.95,2.5004,0.034
44.45,seguindo,gargalo_eixo,3.8857,2.5331,0.0201,-0.1338,-0.0308,0.2291,-0.1539,0.25,7.8927,0.7208,1.0648,4.95,2.5004,0.0331
44.5,seguindo,gargalo_eixo,3.8962,2.5326,0.0291,-0.1326,-0.0306,0.2267,-0.1617,0.25,7.884,0.7208,1.0543,4.95,2.5004,0.0326
44.55,seguindo,gargalo_eixo,3.912,2.5321,0.0424,-0.1312,-0.0306,0.2236,-0.1736,0.25,7.8707,0.7208,1.0385,4.95,2.5004,0.0321
44.6,seguindo,gargalo_eixo,3.9225,2.5319,0.0513,-0.1304,-0.0307,0.2217,-0.1817,0.25,7.8618,0.7208,1.0279,4.95,2.5004,0.0318
44.65,seguindo,gargalo_eixo,3.9383,2.5317,0.0646,-0.1306,-0.031,0.2213,-0.1951,0.25,7.8484,0.7587,1.0122,4.95,2.5004,0.0317
44.7,seguindo,gargalo_eixo,3.9489,2.5317,0.0735,-0.1312,-0.0313,0.2219,-0.2047,0.25,7.8394,0.7587,1.0016,4.95,2.5004,0.0317
44.75,seguindo,gargalo_eixo,3.9646,2.5319,0.0871,-0.1331,-0.032,0.2248,-0.2202,0.25,7.8259,0.7241,0.9859,4.95,2.5004,0.0318
44.8,seguindo,gargalo_eixo,3.9751,2.5321,0.0963,-0.1341,-0.0325,0.2257,-0.2304,0.25,7.8168,0.7709,0.9754,4.95,2.5004,0.032
44.85,seguindo,gargalo_eixo,3.9908,2.5326,0.1103,-0.1375,-0.0335,0.2311,-0.2478,0.25,7.8032,0.7207,0.9598,4.95,2.5004,0.0325
44.9,seguindo,gargalo_eixo,4.0012,2.533,0.1196,-0.1392,-0.0344,0.2329,-0.2588,0.25,7.794,0.688,0.9493,4.95,2.5004,0.0329
44.95,seguindo,gargalo_eixo,4.0169,2.5338,0.1338,-0.1408,-0.0358,0.2334,-0.2747,0.25,7.7802,0.6365,0.9337,4.95,2.5004,0.0337
45.0,seguindo,gargalo_eixo,4.0273,2.5345,0.1433,-0.1434,-0.037,0.2366,-0.2868,0.25,7.771,0.694,0.9233,4.95,2.5004,0.0344
45.05,seguindo,gargalo_eixo,4.0429,2.5357,0.1576,-0.1466,-0.0389,0.2393,-0.3042,0.25,7.7571,0.6262,0.9078,4.95,2.5004,0.0356
45.1,seguindo,gargalo_eixo,4.0533,2.5366,0.1671,-0.1462,-0.0404,0.2352,-0.3133,0.25,7.7478,0.582,0.8974,4.95,2.5004,0.0365
45.15,seguindo,gargalo_eixo,4.0689,2.5382,0.1813,-0.1497,-0.0429,0.2375,-0.3311,0.25,7.7337,0.5086,0.8819,4.95,2.5004,0.038
45.2,seguindo,gargalo_eixo,4.0792,2.5393,0.1908,-0.1515,-0.0447,0.2372,-0.3423,0.25,7.7242,0.5442,0.8716,4.95,2.5004,0.0391
45.25,seguindo,gargalo_eixo,4.0948,2.5413,0.205,-0.1543,-0.0478,0.2367,-0.3593,0.25,7.71,0.4457,0.8562,4.95,2.5004,0.041
45.3,seguindo,gargalo_eixo,4.1051,2.5427,0.2144,-0.1563,-0.05,0.2362,-0.3707,0.25,7.7005,0.3818,0.8459,4.95,2.5004,0.0424
45.35,seguindo,gargalo_eixo,4.1206,2.545,0.2285,-0.1598,-0.0537,0.2356,-0.3883,0.25,7.6861,0.2678,0.8306,4.95,2.5004,0.0447
45.4,seguindo,gargalo_eixo,4.131,2.5466,0.2379,-0.1623,-0.0564,0.2353,-0.4002,0.2097,7.6764,0.2097,0.8203,4.95,2.5004,0.0463
45.45,seguindo,gargalo_eixo,4.1469,2.5497,0.2482,-0.1499,-0.0614,0.1967,-0.3981,0.0478,7.6613,0.0478,0.8046,4.95,2.5004,0.0494
45.5,seguindo,gargalo_eixo,4.1577,2.5521,0.2528,-0.132,-0.0652,0.1484,-0.3847,0.25,7.6509,0.7445,0.794,4.95,2.5004,0.0517
45.55,seguindo,gargalo_eixo,4.1735,2.5561,0.2542,-0.0984,-0.0716,0.0595,-0.3526,0.25,7.6353,0.7027,0.7785,4.95,2.5004,0.0556
45.6,seguindo,gargalo_eixo,4.1839,2.5589,0.2534,-0.0789,-0.0762,0.0059,-0.3322,0.25,7.625,0.7479,0.7683,4.95,2.5004,0.0583
45.65,seguindo,gargalo_eixo,4.1994,2.5633,0.2471,-0.0551,-0.0837,-0.0635,-0.3022,0.25,7.6096,0.7003,0.7533,4.95,2.5004,0.0627
45.7,seguindo,gargalo_eixo,4.2096,2.5664,0.241,-0.0411,-0.0889,-0.1062,-0.2822,0.25,7.5993,0.6697,0.7434,4.95,2.5004,0.0656
45.75,seguindo,gargalo_eixo,4.2246,2.5712,0.227,-0.0107,-0.0973,-0.1924,-0.2377,0.25,7.584,0.7181,0.7288,4.95,2.5004,0.0703
45.8,seguindo,gargalo_eixo,4.2346,2.5743,0.2158,0.0093,-0.103,-0.2496,-0.2065,0.25,7.5738,0.6758,0.7192,4.95,2.5004,0.0734
45.85,seguindo,gargalo_eixo,4.2491,2.5792,0.1941,0.0323,-0.112,-0.3205,-0.1619,0.25,7.559,0.6154,0.7053,4.95,2.5004,0.0781
45.9,seguindo,gargalo_eixo,4.2635,2.5838,0.1696,0.0536,-0.121,-0.3881,-0.116,0.25,7.5444,0.5575,0.6916,4.95,2.5004,0.0825
45.95,seguindo,gargalo_eixo,4.2735,2.5872,0.1484,0.0779,-0.1277,-0.4568,-0.0706,0.25,7.534,0.509,0.682,4.95,2.5004,0.0857
46.0,seguindo,gargalo_eixo,4.2837,2.5904,0.127,0.0944,-0.1343,-0.5082,-0.0326,0.25,7.5237,0.5489,0.6724,4.95,2.5004,0.0887
46.05,seguindo,gargalo_eixo,4.2994,2.5952,0.0899,0.1174,-0.1447,-0.5825,0.0276,0.25,7.5079,0.4539,0.6575,4.95,2.5004,0.0933
46.1,seguindo,gargalo_eixo,4.3101,2.5982,0.0633,0.1323,-0.1516,-0.6309,0.069,0.25,7.4973,0.3905,0.6473,4.95,2.5004,0.096
46.15,seguindo,normal,4.3264,2.6021,0.024,-0.0484,-0.0484,-0.6597,-0.0724,0.5,7.4814,0.9961,0.37,4.75,2.5816,0.0995
46.2,seguindo,normal,4.3376,2.6042,-0.0007,-0.0549,-0.0549,-0.6546,-0.0542,0.5,7.4708,0.9961,0.37,4.75,2.5816,0.1014
46.25,seguindo,normal,4.3548,2.6068,-0.0357,-0.0637,-0.0637,-0.6044,-0.0279,0.5,7.4549,0.9961,0.37,4.75,2.5816,0.1034
46.3,seguindo,normal,4.3666,2.608,-0.057,-0.0687,-0.0687,-0.5714,-0.0117,0.5,7.4443,0.9961,0.37,4.75,2.5816,0.1041
46.35,seguindo,normal,4.3855,2.6088,-0.0843,-0.0004,-0.0004,-0.498,0.0838,0.5,7.4279,0.8387,0.37,4.8,2.6087,0.1043
46.4,seguindo,normal,4.3986,2.6089,-0.0996,-0.0006,-0.0006,-0.442,0.099,0.5,7.4168,0.8387,0.37,4.8,2.6087,0.1037
46.45,seguindo,normal,4.4158,2.6086,-0.1191,0.0001,0.0001,-0.3485,0.1192,0.5,7.4025,0.8387,0.37,4.8,2.6087,0.1024
46.5,seguindo,normal,4.4263,2.6084,-0.1323,0.0752,0.0752,-0.3269,0.2075,0.5,7.3938,0.7545,0.37,4.85,2.6403,0.1015
46.55,seguindo,normal,4.4417,2.6073,-0.1461,0.0806,0.0806,-0.2695,0.2267,0.5,7.3813,0.7545,0.37,4.85,2.6403,0.0996
46.6,seguindo,normal,4.452,2.6063,-0.1526,0.0852,0.0852,-0.203,0.2378,0.5,7.3733,0.7545,0.37,4.85,2.6403,0.0977
46.65,seguindo,normal,4.4685,2.604,-0.1561,0.0948,0.0948,-0.1112,0.2509,0.5,7.3606,0.7218,0.37,4.85,2.6403,0.0939
46.7,seguindo,normal,4.48,2.6022,-0.1555,0.1027,0.1027,-0.0512,0.2582,0.5,7.352,0.7218,0.37,4.85,2.6403,0.091
46.75,seguindo,normal,4.4971,2.5993,-0.1526,0.1158,0.1158,0.0325,0.2683,0.5,7.3392,0.7218,0.37,4.85,2.6403,0.0863
46.8,seguindo,normal,4.5085,2.5973,-0.1498,0.1253,0.1253,0.0501,0.2751,0.5,7.3308,0.7218,0.37,4.85,2.6403,0.0828
46.85,seguindo,normal,4.5256,2.5944,-0.1458,0.2141,0.2141,0.0671,0.3599,0.5,7.318,0.7402,0.37,4.9,2.6758,0.0777
46.9,seguindo,normal,4.5369,2.5926,-0.1435,0.2255,0.2255,0.0643,0.3689,0.5,7.3095,0.7402,0.37,4.9,2.6758,0.0743
46.95,seguindo,normal,4.5543,2.5899,-0.1413,0.2436,0.2436,0.0456,0.3849,0.5,7.2965,0.7402,0.37,4.9,2.6758,0.0686
47.0,seguindo,normal,4.5659,2.5882,-0.1403,0.3172,0.3172,0.0317,0.4575,0.5,7.2877,0.8154,0.37,4.95,2.7143,0.0647
47.05,seguindo,normal,4.5833,2.5856,-0.1388,0.3375,0.3375,0.0244,0.4763,0.5,7.2746,0.8154,0.37,4.95,2.7143,0.0589
47.1,seguindo,normal,4.5949,2.5839,-0.1379,0.3519,0.3519,0.0243,0.4898,0.5,7.2659,0.8154,0.37,4.95,2.7143,0.0546
47.15,seguindo,normal,4.6123,2.5814,-0.1358,0.375,0.375,0.0296,0.5108,0.5,7.2528,0.8154,0.37,4.95,2.7143,0.0477
47.2,seguindo,normal,4.6238,2.5797,-0.1341,0.459,0.459,0.0351,0.5931,0.5,7.2442,0.7525,1.0,5.55,3.0374,0.0431
47.25,seguindo,normal,4.6411,2.5771,-0.1316,0.4687,0.4687,0.0412,0.6003,0.5,7.2312,0.7525,1.0,5.55,3.0374,0.0361
47.3,seguindo,normal,4.6526,2.5755,-0.1299,0.4753,0.4753,0.0425,0.6052,0.5,7.2226,0.7525,1.0,5.55,3.0374,0.0308
47.35,seguindo,normal,4.6672,2.573,-0.1216,0.4843,0.4843,0.0902,0.6059,0.5,7.2119,0.7525,1.0,5.55,3.0374,0.0236
47.4,seguindo,normal,4.6758,2.5712,-0.1122,0.5399,0.5399,0.1545,0.6521,0.5,7.2057,1.2234,0.37,5.05,2.7954,0.0191
47.45,seguindo,normal,4.6886,2.5683,-0.0932,0.5611,0.5611,0.2846,0.6543,0.5,7.1967,1.2234,0.37,5.05,2.7954,0.0121
47.5,seguindo,normal,4.697,2.5663,-0.0782,0.5757,0.5757,0.3366,0.6539,0.5,7.1908,1.2234,0.37,5.05,2.7954,0.0075
47.55,seguindo,normal,4.7097,2.5632,-0.0504,0.5989,0.5989,0.4279,0.6492,0.5,7.1821,1.2234,0.37,5.05,2.7954,-0.0005
47.6,seguindo,normal,4.7182,2.5612,-0.0296,0.6148,0.6148,0.4909,0.6443,0.5,7.1762,1.2234,0.37,5.05,2.7954,-0.0058
47.65,seguindo,normal,4.7307,2.5581,0.0067,0.6447,0.6447,0.5604,0.638,0.5,7.1676,1.7007,0.37,5.1,2.8357,-0.0137
47.7,seguindo,normal,4.739,2.5561,0.0328,0.6589,0.6589,0.6074,0.6261,0.5,7.1619,1.7007,0.37,5.1,2.8357,-0.0188
47.75,seguindo,normal,4.7515,2.5533,0.0751,0.6809,0.6809,0.6782,0.6058,0.5,7.1532,1.7007,0.37,5.1,2.8357,-0.0264
47.8,seguindo,normal,4.7598,2.5517,0.1039,0.6956,0.6956,0.7011,0.5917,0.5,7.1473,1.7007,0.37,5.1,2.8357,-0.0313
47.85,seguindo,normal,4.772,2.5498,0.1463,0.7169,0.7169,0.7145,0.5707,0.5,7.1383,1.7007,0.37,5.1,2.8357,-0.0384
47.9,seguindo,normal,4.7798,2.5488,0.1736,0.7307,0.7307,0.6905,0.5571,0.5,7.1324,1.7007,0.37,5.1,2.8357,-0.0431
47.95,seguindo,normal,4.7915,2.5476,0.2155,0.7513,0.7513,0.6921,0.5358,0.5,7.1234,1.7007,0.37,5.1,2.8357,-0.0497
48.0,seguindo,normal,4.7993,2.547,0.2437,0.765,0.765,0.7083,0.5213,0.5,7.1174,1.7007,0.37,5.1,2.8357,-0.0539
48.05,seguindo,normal,4.8109,2.5465,0.2874,0.7855,0.7855,0.7188,0.4982,0.5,7.1082,2.7904,0.37,5.1,2.8357,-0.0598
48.1,seguindo,normal,4.8223,2.5464,0.3316,0.806,0.806,0.7325,0.4743,0.5,7.0989,2.7904,0.37,5.1,2.8357,-0.0654
48.15,seguindo,normal,4.8299,2.5464,0.362,0.8195,0.8195,0.7393,0.4575,0.5,7.0926,2.7904,0.37,5.1,2.8357,-0.0689
48.2,seguindo,normal,4.8374,2.5468,0.3924,0.8331,0.8331,0.759,0.4406,0.5,7.0863,2.7904,0.37,5.1,2.8357,-0.0723
48.25,seguindo,normal,4.8487,2.5477,0.4379,0.8533,0.8533,0.7585,0.4154,0.5,7.0765,2.7904,0.37,5.1,2.8357,-0.0776
48.3,seguindo,normal,4.8562,2.5486,0.4681,0.8667,0.8667,0.7488,0.3987,0.5,7.0698,2.7904,0.37,5.1,2.8357,-0.0808
48.35,seguindo,normal,4.8675,2.5505,0.5126,0.8867,0.8867,0.7484,0.3742,0.5,7.0595,2.7904,0.37,5.1,2.8357,-0.0852
48.4,seguindo,normal,4.875,2.5521,0.5416,0.8639,0.8639,0.7388,0.3223,0.5,7.0524,7.8109,0.37,5.15,2.8742,-0.0879
48.452,seguindo,normal,4.8862,2.5551,0.5843,0.8799,0.8799,0.725,0.2956,0.5,7.0414,7.8109,0.37,5.15,2.8742,-0.0914
48.5,seguindo,normal,4.8937,2.5575,0.612,0.7198,0.7198,0.7078,0.1078,0.5,7.0339,33.3881,0.37,5.2,2.826,-0.0209
48.551,seguindo,normal,4.9049,2.5616,0.6528,0.7307,0.7307,0.6779,0.0779,0.5,7.0224,33.3881,0.37,5.2,2.826,-0.0245
48.6,seguindo,normal,4.9123,2.5647,0.6793,0.7375,0.7375,0.7311,0.0582,0.5,7.0146,33.3881,0.37,5.2,2.826,-0.0267
48.65,seguindo,normal,4.9233,2.5696,0.719,0.7474,0.7474,0.6626,0.0284,0.5,7.0027,33.3881,0.37,5.2,2.826,-0.0295
48.7,seguindo,normal,4.9306,2.5733,0.7452,0.7536,0.7536,0.6457,0.0085,0.5,6.9947,33.3881,0.37,5.2,2.826,-0.0312
48.75,seguindo,normal,4.9416,2.5791,0.7839,0.7626,0.7626,0.651,-0.0213,0.5,6.9824,33.3881,0.37,5.2,2.826,-0.0333
48.8,seguindo,normal,4.9488,2.5833,0.8095,0.7449,0.7449,0.6492,-0.0645,0.5,6.974,5.9033,0.37,5.25,2.861,-0.0345
48.85,seguindo,normal,4.9597,2.5904,0.8452,0.7503,0.7503,0.6177,-0.0949,0.5,6.961,5.9033,0.37,5.25,2.861,-0.0356
48.9,seguindo,normal,4.967,2.5956,0.8676,0.7534,0.7534,0.5902,-0.1142,0.5,6.9521,5.9033,0.37,5.25,2.861,-0.0361
48.95,seguindo,normal,4.9793,2.6061,0.8972,0.7554,0.7554,0.52,-0.1418,0.5,6.936,5.9033,0.37,5.25,2.861,-0.0355
49.0,seguindo,normal,4.9881,2.6145,0.9138,0.7551,0.7551,0.478,-0.1587,0.5,6.924,5.9033,0.37,5.25,2.861,-0.0344
49.05,seguindo,normal,5.0005,2.6278,0.9338,0.7234,0.7234,0.381,-0.2105,0.5,6.9061,2.7895,0.37,5.3,2.8922,-0.0317
49.1,seguindo,normal,5.0085,2.6369,0.9443,0.7194,0.7194,0.3049,-0.2249,0.5,6.8944,2.7895,0.37,5.3,2.8922,-0.0296
49.15,seguindo,normal,5.0199,2.6511,0.9543,0.7107,0.7107,0.2164,-0.2436,0.5,6.8769,2.7895,0.37,5.3,2.8922,-0.0256
49.2,seguindo,normal,5.0272,2.6608,0.9584,0.7034,0.7034,0.1608,-0.255,0.5,6.8654,2.7895,0.37,5.3,2.8922,-0.0226
49.25,seguindo,normal,5.0377,2.6756,0.9593,0.632,0.632,0.0605,-0.3273,0.5,6.8483,1.6774,0.37,5.4,2.941,-0.0177
49.302,seguindo,normal,5.048,2.6905,0.9576,0.6183,0.6183,-0.0266,-0.3393,0.5,6.8313,1.6774,0.37,5.4,2.941,-0.0126
49.35,seguindo,normal,5.0548,2.7003,0.9576,0.6089,0.6089,-0.017,-0.3487,0.5,6.8201,1.6774,0.37,5.4,2.941,-0.0093
49.4,seguindo,normal,5.0617,2.71,0.9576,0.5989,0.5989,-0.0098,-0.3586,0.5,6.8089,1.6774,0.37,5.4,2.941,-0.006
49.45,seguindo,normal,5.0719,2.7243,0.9591,0.5835,0.5835,0.0156,-0.3757,0.5,6.7923,1.6774,0.37,5.4,2.941,-0.0013
49.5,seguindo,normal,5.0787,2.7338,0.9607,0.5436,0.5436,0.0262,-0.4171,0.5,6.7814,1.1396,0.37,5.45,2.9582,0.0018
49.55,seguindo,normal,5.0888,2.7479,0.9638,0.5273,0.5273,0.0462,-0.4365,0.5,6.765,1.1396,0.37,5.45,2.9582,0.0064
49.6,seguindo,normal,5.0955,2.7573,0.966,0.5157,0.5157,0.0521,-0.4503,0.5,6.7541,1.1396,0.37,5.45,2.9582,0.0095
49.65,seguindo,normal,5.1056,2.7714,0.9693,0.497,0.497,0.0558,-0.4724,0.5,6.7378,1.1396,0.37,5.45,2.9582,0.0144
49.7,seguindo,normal,5.1123,2.7809,0.9716,0.4836,0.4836,0.0556,-0.488,0.5,6.727,1.1396,0.37,5.45,2.9582,0.0176
49.75,seguindo,normal,5.1223,2.7957,0.9699,0.4351,0.4351,0.0144,-0.5349,0.5,6.7103,0.876,0.37,5.5,2.9713,0.0231
49.8,seguindo,normal,5.1289,2.8058,0.967,0.4194,0.4194,-0.0285,-0.5476,0.5,6.6991,0.876,0.37,5.5,2.9713,0.0269
49.85,seguindo,normal,5.1386,2.8211,0.9577,0.3938,0.3938,-0.1144,-0.5638,0.5,6.6824,0.876,0.37,5.5,2.9713,0.0331
49.9,seguindo,normal,5.1451,2.8313,0.9497,0.3757,0.3757,-0.1569,-0.574,0.5,6.6714,0.876,0.37,5.5,2.9713,0.0373
49.95,seguindo,normal,5.1544,2.8465,0.9326,0.3272,0.3272,-0.253,-0.6054,0.5,6.6551,0.7581,0.37,5.55,2.9808,0.0438
50.0,seguindo,normal,5.1606,2.8565,0.9195,0.3088,0.3088,-0.285,-0.6106,0.5,6.6443,0.7581,0.37,5.55,2.9808,0.0481
50.05,seguindo,normal,5.1698,2.8715,0.8947,0.2797,0.2797,-0.3791,-0.615,0.5,6.6283,0.7581,0.37,5.55,2.9808,0.0546
50.1,seguindo,normal,5.1759,2.8815,0.8764,0.2595,0.2595,-0.4263,-0.617,0.5,6.6176,0.7581,0.37,5.55,2.9808,0.0592
50.15,seguindo,normal,5.1852,2.8963,0.8444,0.2276,0.2276,-0.4956,-0.6168,0.5,6.6016,0.7581,0.37,5.55,2.9808,0.066
50.2,seguindo,normal,5.1916,2.9061,0.8214,0.1966,0.1966,-0.5346,-0.6248,0.5,6.5909,0.728,0.37,5.6,2.9874,0.0704
50.25,seguindo,normal,5.2013,2.9203,0.7857,0.1667,0.1667,-0.5845,-0.6191,0.5,6.5748,0.728,0.37,5.6,2.9874,0.0765
50.3,seguindo,normal,5.208,2.9297,0.7616,0.1463,0.1463,-0.5996,-0.6152,0.5,6.5641,0.728,0.37,5.6,2.9874,0.0805
50.35,seguindo,normal,5.2183,2.9433,0.7244,0.1152,0.1152,-0.6173,-0.6092,0.5,6.5479,0.728,0.37,5.6,2.9874,0.0866
50.4,seguindo,normal,5.2291,2.9564,0.6867,0.0816,0.0816,-0.6272,-0.6052,0.5,6.5316,0.7676,0.37,5.7,2.995,0.0921
50.45,seguindo,normal,5.2363,2.965,0.6602,0.0646,0.0646,-0.6419,-0.5956,0.5,6.5209,0.7676,0.37,5.7,2.995,0.0955
50.5,seguindo,normal,5.2437,2.9733,0.6336,0.0475,0.0475,-0.6516,-0.5862,0.5,6.5101,0.7676,0.37,5.7,2.995,0.0986
50.55,seguindo,normal,5.2551,2.9853,0.5931,0.0216,0.0216,-0.6707,-0.5715,0.5,6.4939,0.7676,0.37,5.7,2.995,0.1033
50.6,seguindo,normal,5.2629,2.9931,0.5659,0.0042,0.0042,-0.6776,-0.5617,0.5,6.4831,0.7676,0.37,5.7,2.995,0.1065
50.65,seguindo,normal,5.2748,3.0044,0.5237,-0.0158,-0.0158,-0.692,-0.5395,0.5,6.4669,0.8787,0.37,5.75,2.9969,0.1108
50.7,seguindo,normal,5.2829,3.0116,0.4952,-0.0315,-0.0315,-0.7028,-0.5266,0.5,6.4562,0.8787,0.37,5.75,2.9969,0.1133
50.75,seguindo,normal,5.2956,3.022,0.4526,-0.0551,-0.0551,-0.7117,-0.5077,0.5,6.4399,0.8787,0.37,5.75,2.9969,0.1165
50.8,seguindo,normal,5.3042,3.0286,0.4243,-0.0709,-0.0709,-0.7097,-0.4952,0.5,6.429,0.8787,0.37,5.75,2.9969,0.1188
50.85,seguindo,normal,5.3175,3.038,0.3815,-0.0948,-0.0948,-0.7105,-0.4763,0.5,6.4128,0.8787,0.37,5.75,2.9969,0.1221
50.9,seguindo,normal,5.3265,3.044,0.3528,-0.041,-0.041,-0.7136,-0.3937,0.5,6.4019,1.1475,1.0,6.4,3.0,0.1239
50.95,seguindo,normal,5.3405,3.0525,0.3104,-0.0495,-0.0495,-0.7181,-0.3599,0.5,6.3856,1.1475,1.0,6.4,3.0,0.126
51.0,seguindo,normal,5.3501,3.0578,0.2825,-0.055,-0.055,-0.6957,-0.3375,0.5,6.3746,1.1475,1.0,6.4,3.0,0.1271
51.05,seguindo,normal,5.3648,3.0652,0.2413,-0.0629,-0.0629,-0.691,-0.3042,0.5,6.3583,1.1475,1.0,6.4,3.0,0.129
51.1,seguindo,normal,5.3749,3.0699,0.2141,-0.068,-0.068,-0.6909,-0.2821,0.5,6.3473,1.1475,1.0,6.4,3.0,0.13
51.15,seguindo,normal,5.3903,3.0762,0.174,-0.0718,-0.0718,-0.674,-0.2457,0.5,6.331,1.5116,1.0,6.45,3.0001,0.131
51.2,seguindo,normal,5.4008,3.0801,0.1477,-0.0761,-0.0761,-0.667,-0.2238,0.5,6.3201,1.5116,1.0,6.45,3.0001,0.1313
51.25,seguindo,normal,5.4168,3.0854,0.1088,-0.0824,-0.0824,-0.6527,-0.1912,0.5,6.3039,1.5116,1.0,6.45,3.0001,0.1314
51.3,seguindo,normal,5.4276,3.0885,0.0835,-0.0863,-0.0863,-0.6441,-0.1698,0.5,6.2932,1.5116,1.0,6.45,3.0001,0.1317
51.35,seguindo,normal,5.4442,3.0926,0.0463,-0.0874,-0.0874,-0.6267,-0.1338,0.5,6.2771,2.0859,1.0,6.5,3.0001,0.1315
51.4,seguindo,normal,5.4556,3.095,0.0231,-0.0906,-0.0906,-0.6087,-0.1137,0.5,6.2664,2.0859,1.0,6.5,3.0001,0.1309
51.45,seguindo,normal,5.4732,3.0977,-0.009,-0.0948,-0.0948,-0.5663,-0.0858,0.5,6.2503,2.0859,1.0,6.5,3.0001,0.1292
51.5,seguindo,normal,5.4852,3.0991,-0.0288,-0.0972,-0.0972,-0.528,-0.0684,0.5,6.2395,2.0859,1.0,6.5,3.0001,0.1283
51.55,seguindo,normal,5.5034,3.1006,-0.0576,-0.0957,-0.0957,-0.4861,-0.0381,0.5,6.2236,2.9918,1.0,6.55,3.0002,0.1265
51.6,seguindo,normal,5.5158,3.1013,-0.0753,-0.0975,-0.0975,-0.4648,-0.0222,0.5,6.213,2.9918,1.0,6.55,3.0002,0.1248
51.65,seguindo,normal,5.5345,3.1017,-0.1009,-0.0997,-0.0997,-0.4378,0.0012,0.5,6.1973,2.9918,1.0,6.55,3.0002,0.1219
51.7,seguindo,normal,5.5473,3.1016,-0.1162,-0.1008,-0.1008,-0.4145,0.0154,0.5,6.1868,2.9918,1.0,6.55,3.0002,0.1201
51.75,seguindo,normal,5.5666,3.1009,-0.1377,-0.097,-0.097,-0.3751,0.0407,0.5,6.1713,4.4328,1.0,6.6,3.0003,0.1169
51.8,seguindo,normal,5.5797,3.1,-0.1503,-0.0974,-0.0974,-0.3476,0.0529,0.5,6.161,4.4328,1.0,6.6,3.0003,0.1143
51.85,seguindo,normal,5.598,3.0984,-0.1663,-0.0976,-0.0976,-0.2946,0.0687,0.5,6.1468,4.4328,1.0,6.6,3.0003,0.1107
51.9,seguindo,normal,5.6096,3.0973,-0.1767,-0.0976,-0.0976,-0.2718,0.079,0.5,6.138,4.4328,1.0,6.6,3.0003,0.1085
51.95,seguindo,normal,5.6268,3.0948,-0.1855,-0.092,-0.092,-0.1913,0.0935,0.5,6.1252,6.7541,1.0,6.65,3.0005,0.1045
52.0,seguindo,normal,5.6383,3.0929,-0.1887,-0.0911,-0.0911,-0.1436,0.0975,0.5,6.117,6.7541,1.0,6.65,3.0005,0.1016
52.05,seguindo,normal,5.6552,3.0896,-0.1875,-0.0894,-0.0894,-0.0199,0.0981,0.5,6.105,6.7541,1.0,6.65,3.0005,0.0972
52.1,seguindo,normal,5.6665,3.0872,-0.184,-0.088,-0.088,0.0466,0.0961,0.5,6.0972,6.7541,1.0,6.65,3.0005,0.0941
52.15,seguindo,normal,5.6833,3.0836,-0.1784,-0.0813,-0.0813,0.0886,0.0971,0.5,6.0855,10.5456,1.0,6.7,3.0008,0.0895
52.2,seguindo,normal,5.6945,3.0813,-0.1746,-0.0799,-0.0799,0.0931,0.0946,0.5,6.0776,10.5456,1.0,6.7,3.0008,0.0865
52.25,seguindo,normal,5.7115,3.0779,-0.1691,-0.0779,-0.0779,0.0938,0.0912,0.5,6.0658,10.5456,1.0,6.7,3.0008,0.0825
52.3,seguindo,normal,5.7227,3.0758,-0.166,-0.0724,-0.0724,0.0871,0.0936,0.5,6.0579,16.8276,1.0,6.75,3.0012,0.0799
52.35,seguindo,normal,5.7397,3.0727,-0.1625,-0.0706,-0.0706,0.0701,0.0919,0.5,6.0459,16.8276,1.0,6.75,3.0012,0.0761
52.4,seguindo,normal,5.7511,3.0706,-0.1604,-0.0694,-0.0694,0.0596,0.091,0.5,6.0378,16.8276,1.0,6.75,3.0012,0.0737
52.45,seguindo,normal,5.7683,3.0676,-0.1576,-0.0675,-0.0675,0.0483,0.09,0.5,6.0257,16.8276,1.0,6.75,3.0012,0.0703
52.5,seguindo,normal,5.7798,3.0657,-0.1559,-0.0624,-0.0624,0.0464,0.0935,0.5,6.0175,27.3911,1.0,6.8,3.002,0.068
52.55,seguindo,normal,5.797,3.0628,-0.1533,-0.0606,-0.0606,0.0431,0.0927,0.5,6.0053,27.3911,1.0,6.8,3.002,0.0647
52.6,seguindo,normal,5.8085,3.0609,-0.1516,-0.0594,-0.0594,0.0422,0.0923,0.5,5.9971,27.3911,1.0,6.8,3.002,0.0626
52.65,seguindo,normal,5.8257,3.0581,-0.1491,-0.0537,-0.0537,0.0414,0.0954,0.5,5.9849,18.6248,1.0,6.85,3.003,0.0596
52.7,seguindo,normal,5.8372,3.0562,-0.1475,-0.0525,-0.0525,0.0417,0.095,0.5,5.9767,18.6248,1.0,6.85,3.003,0.0575
52.75,seguindo,normal,5.8544,3.0535,-0.1449,-0.0506,-0.0506,0.0418,0.0943,0.5,5.9645,18.6248,1.0,6.85,3.003,0.0546
52.8,seguindo,normal,5.8659,3.0517,-0.1433,-0.0494,-0.0494,0.042,0.0939,0.5,5.9563,18.6248,1.0,6.85,3.003,0.0526
52.85,seguindo,normal,5.8832,3.049,-0.1407,-0.0437,-0.0437,0.0426,0.097,0.5,5.9441,12.7485,1.0,6.9,3.0046,0.0498
52.9,seguindo,normal,5.8947,3.0472,-0.1389,-0.0424,-0.0424,0.0431,0.0965,0.5,5.9359,12.7485,1.0,6.9,3.0046,0.0479
52.95,seguindo,normal,5.9119,3.0446,-0.1363,-0.0405,-0.0405,0.044,0.0958,0.5,5.9237,12.7485,1.0,6.9,3.0046,0.0452
53.0,seguindo,normal,5.9234,3.0429,-0.1345,-0.0392,-0.0392,0.0447,0.0952,0.5,5.9155,12.7485,1.0,6.9,3.0046,0.0434
53.05,seguindo,normal,5.9407,3.0404,-0.1318,-0.0333,-0.0333,0.0449,0.0985,0.5,5.9033,9.0501,1.0,6.95,3.0067,0.0408
53.1,seguindo,normal,5.9522,3.0387,-0.13,-0.032,-0.032,0.0451,0.0979,0.5,5.8951,9.0501,1.0,6.95,3.0067,0.0391
53.15,seguindo,normal,5.9694,3.0363,-0.1273,-0.0301,-0.0301,0.0451,0.0972,0.5,5.8829,9.0501,1.0,6.95,3.0067,0.0366
53.2,seguindo,normal,5.9809,3.0346,-0.1255,-0.0246,-0.0246,0.0451,0.1009,0.5,5.8747,6.7069,1.0,7.0,3.0096,0.0349
53.25,seguindo,normal,5.9982,3.0323,-0.1228,-0.0226,-0.0226,0.0451,0.1001,0.5,5.8624,6.7069,1.0,7.0,3.0096,0.0325
53.3,seguindo,normal,6.0097,3.0307,-0.121,-0.0213,-0.0213,0.0451,0.0996,0.5,5.8542,6.7069,1.0,7.0,3.0096,0.0309
53.35,seguindo,normal,6.027,3.0284,-0.1183,-0.0148,-0.0148,0.045,0.1034,0.5,5.842,5.2331,1.0,7.05,3.0132,0.0286
53.4,seguindo,normal,6.0385,3.0269,-0.1165,-0.0135,-0.0135,0.045,0.103,0.5,5.8338,5.2331,1.0,7.05,3.0132,0.0271
53.45,seguindo,normal,6.0558,3.0247,-0.1138,-0.0115,-0.0115,0.0448,0.1023,0.5,5.8215,5.2331,1.0,7.05,3.0132,0.0248
53.502,seguindo,normal,6.0731,3.0225,-0.1111,-0.0095,-0.0095,0.0439,0.1016,0.5,5.8092,5.2331,1.0,7.05,3.0132,0.0226
53.55,seguindo,normal,6.0846,3.0211,-0.1093,-0.0034,-0.0034,0.0447,0.1059,0.5,5.801,4.3475,1.0,7.1,3.0176,0.0212
53.6,seguindo,normal,6.0962,3.0197,-0.1075,-0.0021,-0.0021,0.0456,0.1054,0.5,5.7928,4.3475,1.0,7.1,3.0176,0.0198
53.65,seguindo,normal,6.1135,3.0176,-0.1048,-0.0,-0.0,0.0447,0.1048,0.5,5.7804,4.3475,1.0,7.1,3.0176,0.0177
53.7,seguindo,normal,6.125,3.0163,-0.103,0.0061,0.0061,0.0442,0.1091,0.5,5.7722,3.9054,1.0,7.15,3.0225,0.0163
53.75,seguindo,normal,6.1424,3.0143,-0.1004,0.0082,0.0082,0.0447,0.1085,0.5,5.7599,3.9054,1.0,7.15,3.0225,0.0143
53.8,seguindo,normal,6.1539,3.013,-0.0986,0.0096,0.0096,0.0447,0.1081,0.5,5.7517,3.9054,1.0,7.15,3.0225,0.013
53.85,seguindo,normal,6.1712,3.0111,-0.0959,0.0117,0.0117,0.0447,0.1076,0.5,5.7393,3.9054,1.0,7.15,3.0225,0.0111
53.9,seguindo,normal,6.1828,3.0098,-0.0941,0.0175,0.0175,0.0451,0.1116,0.5,5.7311,3.8801,1.0,7.2,3.0276,0.0098
53.95,seguindo,normal,6.2001,3.008,-0.0914,0.0196,0.0196,0.0447,0.111,0.5,5.7187,3.8801,1.0,7.2,3.0276,0.008
54.0,seguindo,normal,6.2117,3.0068,-0.0896,0.0211,0.0211,0.0447,0.1107,0.5,5.7105,3.8801,1.0,7.2,3.0276,0.0068
54.05,seguindo,normal,6.229,3.005,-0.0869,0.0269,0.0269,0.0447,0.1139,0.5,5.6981,4.4296,1.0,7.25,3.0325,0.0051
54.1,seguindo,normal,6.2406,3.0039,-0.0852,0.0284,0.0284,0.0447,0.1135,0.5,5.6899,4.4296,1.0,7.25,3.0325,0.0039
54.15,seguindo,normal,6.258,3.0022,-0.0825,0.0306,0.0306,0.0447,0.113,0.5,5.6775,4.4296,1.0,7.25,3.0325,0.0022
54.2,seguindo,normal,6.2695,3.0011,-0.0807,0.032,0.032,0.0447,0.1127,0.5,5.6693,4.4296,1.0,7.25,3.0325,0.0011
54.25,seguindo,normal,6.2869,2.9995,-0.078,0.037,0.037,0.0447,0.115,0.5,5.6569,4.3475,1.0,7.3,3.037,-0.0005
54.3,seguindo,normal,6.2985,2.9985,-0.0762,0.0384,0.0384,0.0451,0.1146,0.5,5.6486,4.3475,1.0,7.3,3.037,-0.0015
54.35,seguindo,normal,6.3158,2.997,-0.0735,0.0407,0.0407,0.0447,0.1142,0.5,5.6362,4.3475,1.0,7.3,3.037,-0.003
54.4,seguindo,normal,6.3274,2.996,-0.0717,0.0438,0.0438,0.0447,0.1155,0.5,5.6279,3.9054,1.0,7.35,3.0408,-0.004
54.45,seguindo,normal,6.3448,2.9945,-0.069,0.046,0.046,0.0447,0.115,0.5,5.6155,3.9054,1.0,7.35,3.0408,-0.0055
54.5,seguindo,normal,6.3564,2.9936,-0.0673,0.0475,0.0475,0.0447,0.1147,0.5,5.6073,3.9054,1.0,7.35,3.0408,-0.0064
54.55,seguindo,normal,6.3738,2.9922,-0.0646,0.0497,0.0497,0.0447,0.1143,0.5,5.5948,3.9054,1.0,7.35,3.0408,-0.0078
54.6,seguindo,normal,6.3853,2.9913,-0.0628,0.0518,0.0518,0.0447,0.1146,0.5,5.5866,3.8801,1.0,7.4,3.0439,-0.0087
54.65,seguindo,normal,6.4027,2.9901,-0.0601,0.054,0.054,0.0443,0.1141,0.5,5.5741,3.8801,1.0,7.4,3.0439,-0.01
54.7,seguindo,normal,6.4143,2.9892,-0.0584,0.0555,0.0555,0.0436,0.1139,0.5,5.5658,3.8801,1.0,7.4,3.0439,-0.0108
54.75,seguindo,normal,6.4317,2.988,-0.0558,0.0574,0.0574,0.0438,0.1132,0.5,5.5534,4.4296,1.0,7.45,3.0466,-0.012
54.8,seguindo,normal,6.4433,2.9872,-0.054,0.0589,0.0589,0.044,0.1128,0.5,5.5451,4.4296,1.0,7.45,3.0466,-0.0128
54.85,seguindo,normal,6.4607,2.9861,-0.0512,0.0611,0.0611,0.0452,0.1123,0.5,5.5327,4.4296,1.0,7.45,3.0466,-0.014
54.9,seguindo,normal,6.4723,2.9854,-0.0494,0.0625,0.0625,0.046,0.1119,0.5,5.5244,4.4296,1.0,7.45,3.0466,-0.0147
54.95,seguindo,normal,6.4897,2.9843,-0.0467,0.0638,0.0638,0.046,0.1105,0.5,5.5119,4.3475,1.0,7.5,3.0489,-0.0158
55.0,seguindo,normal,6.5013,2.9836,-0.0449,0.0652,0.0652,0.0452,0.1101,0.5,5.5036,4.3475,1.0,7.5,3.0489,-0.0165
55.05,seguindo,normal,6.5187,2.9826,-0.0422,0.0674,0.0674,0.0451,0.1096,0.5,5.4912,4.3475,1.0,7.5,3.0489,-0.0175
55.1,seguindo,normal,6.5303,2.982,-0.0404,0.0677,0.0677,0.0448,0.1081,0.5,5.4828,3.9054,1.0,7.55,3.0512,-0.0181
55.15,seguindo,normal,6.5477,2.9811,-0.0377,0.0698,0.0698,0.0448,0.1075,0.5,5.4704,3.9054,1.0,7.55,3.0512,-0.019
55.2,seguindo,normal,6.5593,2.9805,-0.0359,0.0712,0.0712,0.0448,0.1071,0.5,5.462,3.9054,1.0,7.55,3.0512,-0.0196
55.25,seguindo,normal,6.5768,2.9797,-0.0332,0.0723,0.0723,0.0448,0.1055,0.5,5.4496,3.8801,1.0,7.6,3.0538,-0.0205
55.3,seguindo,normal,6.5884,2.9792,-0.0314,0.0736,0.0736,0.0448,0.1051,0.5,5.4412,3.8801,1.0,7.6,3.0538,-0.0211
55.35,seguindo,normal,6.6058,2.9785,-0.0288,0.0757,0.0757,0.0447,0.1044,0.5,5.4287,3.8801,1.0,7.6,3.0538,-0.0218
55.4,seguindo,normal,6.6174,2.978,-0.027,0.077,0.077,0.0454,0.104,0.5,5.4204,3.8801,1.0,7.6,3.0538,-0.0224
55.45,seguindo,normal,6.6348,2.9773,-0.0243,0.0786,0.0786,0.0447,0.1029,0.5,5.4079,4.4296,1.0,7.65,3.0573,-0.0231
55.5,seguindo,normal,6.6464,2.9769,-0.0225,0.08,0.08,0.0447,0.1025,0.5,5.3996,4.4296,1.0,7.65,3.0573,-0.0236
55.55,seguindo,normal,6.6639,2.9763,-0.0198,0.082,0.082,0.0447,0.1018,0.5,5.3871,4.4296,1.0,7.65,3.0573,-0.0242
55.6,seguindo,normal,6.6755,2.9759,-0.018,0.084,0.084,0.0447,0.102,0.5,5.3787,4.3475,1.0,7.7,3.0622,-0.0247
55.65,seguindo,normal,6.6929,2.9754,-0.0154,0.0859,0.0859,0.0443,0.1013,0.5,5.3662,4.3475,1.0,7.7,3.0622,-0.0253
55.7,seguindo,normal,6.7046,2.9751,-0.0137,0.0872,0.0872,0.0436,0.1009,0.5,5.3578,4.3475,1.0,7.7,3.0622,-0.0257
55.75,seguindo,normal,6.722,2.9747,-0.011,0.0892,0.0892,0.0438,0.1002,0.5,5.3453,4.3475,1.0,7.7,3.0622,-0.0263
55.8,seguindo,normal,6.7336,2.9744,-0.0092,0.0928,0.0928,0.0446,0.102,0.5,5.3369,3.9054,1.0,7.75,3.069,-0.0266
55.85,seguindo,normal,6.751,2.9741,-0.0065,0.0948,0.0948,0.0452,0.1013,0.5,5.3244,3.9054,1.0,7.75,3.069,-0.0272
55.9,seguindo,normal,6.7626,2.9739,-0.0047,0.0961,0.0961,0.046,0.1008,0.5,5.3161,3.9054,1.0,7.75,3.069,-0.0276
55.95,seguindo,normal,6.7801,2.9736,-0.0019,0.1027,0.1027,0.0456,0.1046,0.5,5.3035,2.7658,1.0,7.8,3.0787,-0.0281
56.0,seguindo,normal,6.7917,2.9734,-0.0001,0.104,0.104,0.0452,0.1042,0.5,5.2952,2.7658,1.0,7.8,3.0787,-0.0284
56.05,seguindo,normal,6.8091,2.9732,0.0025,0.106,0.106,0.0443,0.1035,0.5,5.2826,2.7658,1.0,7.8,3.0787,-0.0289
56.102,seguindo,normal,6.8266,2.9731,0.0052,0.1156,0.1156,0.0439,0.1103,0.5,5.27,1.7481,1.0,7.85,3.0919,-0.0294
56.15,seguindo,normal,6.8382,2.973,0.007,0.117,0.117,0.0448,0.1099,0.5,5.2617,1.7481,1.0,7.85,3.0919,-0.0298
56.2,seguindo,normal,6.8498,2.9729,0.0088,0.1184,0.1184,0.0448,0.1095,0.5,5.2533,1.7481,1.0,7.85,3.0919,-0.0301
56.25,seguindo,normal,6.8672,2.9729,0.0115,0.1205,0.1205,0.0452,0.109,0.5,5.2407,1.7481,1.0,7.85,3.0919,-0.0306
56.3,seguindo,normal,6.8789,2.9729,0.0133,0.1328,0.1328,0.0447,0.1196,0.5,5.2323,1.248,1.0,7.9,3.1093,-0.031
56.35,seguindo,normal,6.8963,2.9729,0.016,0.1351,0.1351,0.0446,0.1191,0.5,5.2198,1.248,1.0,7.9,3.1093,-0.0315
56.4,seguindo,normal,6.9079,2.973,0.0177,0.1366,0.1366,0.0446,0.1188,0.5,5.2114,1.248,1.0,7.9,3.1093,-0.0319
56.45,seguindo,normal,6.9254,2.9731,0.0204,0.1389,0.1389,0.0442,0.1185,0.5,5.1988,1.248,1.0,7.9,3.1093,-0.0325
56.5,seguindo,normal,6.937,2.9732,0.0222,0.1551,0.1551,0.0447,0.1328,0.5,5.1904,0.9729,1.0,7.95,3.1316,-0.0329
56.55,seguindo,normal,6.9544,2.9734,0.0249,0.1575,0.1575,0.0452,0.1326,0.5,5.1778,0.9729,1.0,7.95,3.1316,-0.0335
56.6,seguindo,normal,6.966,2.9735,0.0267,0.1592,0.1592,0.0443,0.1325,0.5,5.1694,0.9729,1.0,7.95,3.1316,-0.034
56.65,seguindo,normal,6.9835,2.9738,0.0294,0.1799,0.1799,0.0447,0.1505,0.5,5.1568,0.8196,1.0,8.0,3.1586,-0.0348
56.7,seguindo,normal,6.9951,2.974,0.0312,0.1817,0.1817,0.0452,0.1505,0.5,5.1484,0.8196,1.0,8.0,3.1586,-0.0352
56.75,seguindo,normal,7.0125,2.9744,0.0338,0.1845,0.1845,0.0447,0.1506,0.5,5.1358,0.8196,1.0,8.0,3.1586,-0.036
56.8,seguindo,normal,7.0299,2.9748,0.0365,0.1693,0.1693,0.0448,0.1328,0.5,5.1232,8.9817,0.37,7.45,3.0466,-0.0369
56.85,seguindo,normal,7.0416,2.975,0.0383,0.1733,0.1733,0.0448,0.135,0.5,5.1148,8.9817,0.37,7.45,3.0466,-0.0375
56.9,seguindo,normal,7.0532,2.9754,0.0401,0.1775,0.1775,0.0448,0.1374,0.5,5.1064,8.9817,0.37,7.45,3.0466,-0.038
56.95,seguindo,normal,7.0706,2.9759,0.0428,0.1842,0.1842,0.0448,0.1414,0.5,5.0938,8.9817,0.37,7.45,3.0466,-0.039
57.0,seguindo,normal,7.0822,2.9762,0.0446,0.1722,0.1722,0.0448,0.1276,0.5,5.0853,5.5652,0.37,7.5,3.0489,-0.0397
57.05,seguindo,normal,7.0997,2.9768,0.0473,0.1781,0.1781,0.0447,0.1308,0.5,5.0727,5.5652,0.37,7.5,3.0489,-0.0406
57.1,seguindo,normal,7.1113,2.9772,0.0491,0.1823,0.1823,0.0447,0.1332,0.5,5.0643,5.5652,0.37,7.5,3.0489,-0.0413
57.15,seguindo,normal,7.1287,2.9779,0.0518,0.1889,0.1889,0.0447,0.1372,0.5,5.0517,5.5652,0.37,7.5,3.0489,-0.0423
57.2,seguindo,normal,7.1403,2.9783,0.0535,0.1759,0.1759,0.0451,0.1224,0.5,5.0432,4.9103,0.37,7.55,3.0512,-0.043
57.25,seguindo,normal,7.1577,2.9791,0.0562,0.1817,0.1817,0.0447,0.1255,0.5,5.0306,4.9103,0.37,7.55,3.0512,-0.044
57.3,seguindo,normal,7.1693,2.9796,0.058,0.1858,0.1858,0.0447,0.1278,0.5,5.0222,4.9103,0.37,7.55,3.0512,-0.0446
57.35,seguindo,normal,7.1868,2.9804,0.0607,0.1758,0.1758,0.0447,0.1151,0.5,5.0095,5.5746,0.37,7.6,3.0538,-0.0456
57.4,seguindo,normal,7.1984,2.981,0.0625,0.1794,0.1794,0.0447,0.1169,0.5,5.0011,5.5746,0.37,7.6,3.0538,-0.0462
57.45,seguindo,normal,7.2158,2.9819,0.0652,0.1851,0.1851,0.0447,0.12,0.5,4.9885,5.5746,0.37,7.6,3.0538,-0.0471
57.5,seguindo,normal,7.2274,2.9825,0.067,0.1891,0.1891,0.0447,0.1222,0.5,4.98,5.5746,0.37,7.6,3.0538,-0.0476
57.55,seguindo,normal,7.2448,2.9835,0.0696,0.1803,0.1803,0.0447,0.1106,0.5,4.9674,9.0246,0.37,7.65,3.0573,-0.0483
57.6,seguindo,normal,7.2564,2.9841,0.0714,0.1838,0.1838,0.0447,0.1124,0.5,4.9589,9.0246,0.37,7.65,3.0573,-0.0488
57.65,seguindo,normal,7.2738,2.9852,0.0741,0.1894,0.1894,0.0447,0.1153,0.5,4.9463,9.0246,0.37,7.65,3.0573,-0.0493
57.7,seguindo,normal,7.2854,2.9859,0.0759,0.1819,0.1819,0.0447,0.106,0.5,4.9378,245.5028,0.37,7.7,3.0622,-0.0496
57.75,seguindo,normal,7.3028,2.987,0.0787,0.1869,0.1869,0.0452,0.1083,0.5,4.9252,245.5028,0.37,7.7,3.0622,-0.05
57.8,seguindo,normal,7.3144,2.9878,0.0805,0.1905,0.1905,0.0457,0.11,0.5,4.9167,245.5028,0.37,7.7,3.0622,-0.0501
57.85,seguindo,normal,7.3318,2.989,0.0832,0.189,0.189,0.0458,0.1058,0.5,4.9041,7.3242,0.37,7.75,3.069,-0.0502
57.9,seguindo,normal,7.3434,2.9898,0.085,0.1923,0.1923,0.0453,0.1073,0.5,4.8956,7.3242,0.37,7.75,3.069,-0.0503
57.95,seguindo,normal,7.3607,2.9911,0.0877,0.1975,0.1975,0.0451,0.1098,0.5,4.8829,7.3242,0.37,7.75,3.069,-0.0502
58.0,seguindo,normal,7.3723,2.992,0.0895,0.2012,0.2012,0.0447,0.1117,0.5,4.8745,7.3242,0.37,7.75,3.069,-0.0501
58.05,seguindo,normal,7.3897,2.9934,0.0922,0.205,0.205,0.0447,0.1128,0.5,4.8618,3.2344,0.37,7.8,3.0787,-0.0498
58.1,seguindo,normal,7.4013,2.9943,0.094,0.2085,0.2085,0.0447,0.1146,0.5,4.8534,3.2344,0.37,7.8,3.0787,-0.0496
58.15,seguindo,normal,7.4187,2.9958,0.0966,0.2141,0.2141,0.0447,0.1175,0.5,4.8407,3.2344,0.37,7.8,3.0787,-0.0491
58.2,seguindo,normal,7.4303,2.9967,0.0984,0.2229,0.2229,0.0447,0.1245,0.5,4.8322,1.9547,0.37,7.85,3.0919,-0.0487
58.25,seguindo,normal,7.4476,2.9983,0.1011,0.2286,0.2286,0.0447,0.1275,0.5,4.8195,1.9547,0.37,7.85,3.0919,-0.0481
58.3,seguindo,normal,7.4592,2.9993,0.1029,0.2326,0.2326,0.0446,0.1297,0.5,4.8111,1.9547,0.37,7.85,3.0919,-0.0476
58.35,seguindo,normal,7.4766,3.0009,0.1056,0.239,0.239,0.0446,0.1334,0.5,4.7984,1.9547,0.37,7.85,3.0919,-0.0468
58.4,seguindo,normal,7.4881,3.002,0.1074,0.255,0.255,0.0447,0.1476,0.5,4.7899,1.3588,0.37,7.9,3.1093,-0.0463
58.45,seguindo,normal,7.5055,3.0037,0.11,0.2617,0.2617,0.0447,0.1517,0.5,4.7772,1.3588,0.37,7.9,3.1093,-0.0454
58.5,seguindo,normal,7.5171,3.0048,0.1118,0.2665,0.2665,0.0447,0.1547,0.5,4.7687,1.3588,0.37,7.9,3.1093,-0.0448
58.55,seguindo,normal,7.5344,3.0065,0.1145,0.2922,0.2922,0.0447,0.1777,0.5,4.756,1.0374,0.37,7.95,3.1316,-0.0439
58.6,seguindo,normal,7.546,3.0077,0.1163,0.2973,0.2973,0.0447,0.181,0.5,4.7476,1.0374,0.37,7.95,3.1316,-0.0432
58.65,seguindo,normal,7.5633,3.0096,0.119,0.3056,0.3056,0.0459,0.1866,0.5,4.7349,1.0374,0.37,7.95,3.1316,-0.0422
58.7,seguindo,normal,7.5749,3.0108,0.1208,0.3114,0.3114,0.0452,0.1906,0.5,4.7264,1.0374,0.37,7.95,3.1316,-0.0416
58.75,seguindo,normal,7.5922,3.0127,0.1235,0.3436,0.3436,0.0448,0.2201,0.5,4.7137,0.8574,0.37,8.0,3.1586,-0.0406
58.8,seguindo,normal,7.6037,3.014,0.1253,0.3499,0.3499,0.0448,0.2247,0.5,4.7052,0.8574,0.37,8.0,3.1586,-0.04
58.85,seguindo,normal,7.6211,3.016,0.1279,0.36,0.36,0.0448,0.2321,0.5,4.6925,0.8574,0.37,8.0,3.1586,-0.0392
58.9,seguindo,normal,7.6326,3.0173,0.1297,0.3928,0.3928,0.0448,0.2631,0.5,4.684,0.764,0.37,8.05,3.1903,-0.0387
58.95,seguindo,normal,7.6499,3.0194,0.1324,0.4037,0.4037,0.0447,0.2713,0.5,4.6713,0.764,0.37,8.05,3.1903,-0.0378
59.0,seguindo,normal,7.6615,3.0208,0.1342,0.4113,0.4113,0.0447,0.2771,0.5,4.6628,0.764,0.37,8.05,3.1903,-0.0374
59.05,seguindo,normal,7.6788,3.0229,0.1369,0.4235,0.4235,0.0447,0.2866,0.5,4.6501,0.727,0.37,8.05,3.1903,-0.037
59.1,seguindo,normal,7.6903,3.0244,0.1387,0.4321,0.4321,0.0447,0.2934,0.5,4.6416,0.727,0.37,8.05,3.1903,-0.0366
59.15,seguindo,normal,7.7076,3.0266,0.1414,0.4459,0.4459,0.0447,0.3045,0.5,4.6289,0.727,0.37,8.05,3.1903,-0.0362
59.2,seguindo,normal,7.7191,3.0281,0.1432,0.4557,0.4557,0.0447,0.3126,0.5,4.6204,0.727,0.37,8.05,3.1903,-0.0363
59.25,seguindo,normal,7.7364,3.0304,0.1458,0.4932,0.4932,0.0447,0.3473,0.5,4.6077,0.7434,0.37,8.1,3.2258,-0.0364
59.3,seguindo,normal,7.7479,3.032,0.1476,0.5033,0.5033,0.0443,0.3557,0.5,4.5992,0.7434,0.37,8.1,3.2258,-0.0364
59.35,seguindo,normal,7.7652,3.0343,0.1503,0.5195,0.5195,0.0447,0.3692,0.5,4.5865,0.7434,0.37,8.1,3.2258,-0.0369
59.4,seguindo,normal,7.7767,3.0359,0.1521,0.5311,0.5311,0.0447,0.379,0.5,4.578,0.7434,0.37,8.1,3.2258,-0.0375
59.45,seguindo,normal,7.794,3.0384,0.1548,0.5654,0.5654,0.0447,0.4106,0.5,4.5653,0.8176,0.37,8.15,3.2643,-0.0384
59.5,seguindo,normal,7.8055,3.0401,0.1566,0.577,0.577,0.0447,0.4204,0.5,4.5568,0.8176,0.37,8.15,3.2643,-0.039
59.55,seguindo,normal,7.8205,3.0418,0.165,0.594,0.594,0.1024,0.4289,0.5,4.5461,0.8176,0.37,8.15,3.2643,-0.0409
59.6,seguindo,normal,7.8296,3.0425,0.1746,0.6054,0.6054,0.1803,0.4308,0.5,4.5399,0.8176,0.37,8.15,3.2643,-0.0425
59.65,seguindo,normal,7.8434,3.0435,0.1937,0.5403,0.5403,0.2739,0.3467,0.5,4.5305,0.7525,1.0,8.75,3.5874,-0.0451
59.7,seguindo,normal,7.8527,3.0441,0.2088,0.5444,0.5444,0.3421,0.3356,0.5,4.5243,0.7525,1.0,8.75,3.5874,-0.0468
59.75,seguindo,normal,7.8666,3.045,0.2368,0.5507,0.5507,0.4201,0.3139,0.5,4.5151,0.7525,1.0,8.75,3.5874,-0.0498
59.8,seguindo,normal,7.8758,3.0455,0.2578,0.5549,0.5549,0.4722,0.2971,0.5,4.5089,0.7525,1.0,8.75,3.5874,-0.0523
59.85,seguindo,normal,7.8897,3.0465,0.2921,0.5613,0.5613,0.5458,0.2692,0.5,4.4996,0.7525,1.0,8.75,3.5874,-0.0559
59.9,seguindo,normal,7.8989,3.0474,0.3161,0.7039,0.7039,0.5742,0.3878,0.5,4.4933,1.2249,0.37,8.25,3.3454,-0.0582
59.95,seguindo,normal,7.9125,3.0489,0.3526,0.7208,0.7208,0.6048,0.3683,0.5,4.4838,1.2249,0.37,8.25,3.3454,-0.0612
60.0,seguindo,normal,7.9258,3.051,0.3881,0.7373,0.7373,0.5983,0.3492,0.5,4.474,1.2249,0.37,8.25,3.3454,-0.0638
60.05,seguindo,normal,7.9345,3.0527,0.41,0.748,0.748,0.5742,0.338,0.5,4.4674,1.2249,0.37,8.25,3.3454,-0.0658
60.1,seguindo,normal,7.9431,3.0547,0.4305,0.7583,0.7583,0.5401,0.3278,0.5,4.4605,1.2249,0.37,8.25,3.3454,-0.0674
60.15,seguindo,normal,7.956,3.0582,0.4605,0.7609,0.7609,0.5102,0.3003,0.5,4.45,1.7022,0.37,8.3,3.3857,-0.0695
60.2,seguindo,normal,7.9646,3.0608,0.4799,0.7695,0.7695,0.4937,0.2897,0.5,4.4427,1.7022,0.37,8.3,3.3857,-0.0706
60.25,seguindo,normal,7.9775,3.0651,0.5082,0.7825,0.7825,0.4792,0.2742,0.5,4.4315,1.7022,0.37,8.3,3.3857,-0.0719
60.3,seguindo,normal,7.9861,3.0682,0.5267,0.791,0.791,0.4706,0.2643,0.5,4.4238,1.7022,0.37,8.3,3.3857,-0.0729
60.35,seguindo,normal,7.9986,3.0728,0.557,0.804,0.804,0.4888,0.2469,0.5,4.4126,1.7022,0.37,8.3,3.3857,-0.0748
60.4,seguindo,normal,8.0068,3.076,0.5781,0.8127,0.8127,0.5046,0.2346,0.5,4.4051,1.7022,0.37,8.3,3.3857,-0.0759
60.45,seguindo,normal,8.0189,3.0811,0.6093,0.8255,0.8255,0.5227,0.2162,0.5,4.3937,2.7926,0.37,8.3,3.3857,-0.0772
60.5,seguindo,normal,8.027,3.0848,0.6298,0.834,0.834,0.5181,0.2042,0.5,4.3859,2.7926,0.37,8.3,3.3857,-0.0778
60.55,seguindo,normal,8.0391,3.0907,0.6601,0.8466,0.8466,0.5028,0.1865,0.5,4.374,2.7926,0.37,8.3,3.3857,-0.0784
60.6,seguindo,normal,8.0471,3.0949,0.6799,0.8549,0.8549,0.4966,0.175,0.5,4.3659,2.7926,0.37,8.3,3.3857,-0.079
60.65,seguindo,normal,8.059,3.1016,0.709,0.8674,0.8674,0.4892,0.1583,0.5,4.3534,2.7926,0.37,8.3,3.3857,-0.0798
60.7,seguindo,normal,8.0669,3.1063,0.728,0.8756,0.8756,0.4827,0.1477,0.5,4.3449,2.7926,0.37,8.3,3.3857,-0.0801
60.75,seguindo,normal,8.0788,3.1137,0.7557,0.8528,0.8528,0.4693,0.0971,0.5,4.3319,7.82,0.37,8.35,3.4242,-0.0801
60.8,seguindo,normal,8.0867,3.1189,0.7738,0.859,0.859,0.4601,0.0853,0.5,4.323,7.82,0.37,8.35,3.4242,-0.0799
60.85,seguindo,normal,8.0984,3.1271,0.7999,0.8681,0.8681,0.4447,0.0681,0.5,4.3094,7.82,0.37,8.35,3.4242,-0.0795
60.9,seguindo,normal,8.1062,3.1329,0.8168,0.8739,0.8739,0.4337,0.0571,0.5,4.3002,7.82,0.37,8.35,3.4242,-0.0794
60.95,seguindo,normal,8.1177,3.1419,0.8412,0.8823,0.8823,0.4131,0.041,0.5,4.2862,7.82,0.37,8.35,3.4242,-0.0787
61.0,seguindo,gargalo_centro,8.1253,3.1481,0.8569,0.4996,0.4996,0.4043,-0.3574,0.25,4.2766,0.7288,0.9395,8.95,3.5982,-0.078
61.05,seguindo,gargalo_centro,8.1365,3.1578,0.8795,0.4961,0.4961,0.3828,-0.3834,0.25,4.2622,0.7288,0.925,8.95,3.5982,-0.0766
61.1,seguindo,gargalo_centro,8.1438,3.1645,0.894,0.4935,0.4935,0.3706,-0.4005,0.25,4.2525,0.7288,0.9154,8.95,3.5982,-0.0753
61.15,seguindo,gargalo_centro,8.1546,3.175,0.9147,0.4889,0.4889,0.354,-0.4257,0.25,4.2377,0.7288,0.901,8.95,3.5982,-0.0736
61.2,seguindo,gargalo_centro,8.1617,3.1822,0.9278,0.4856,0.4856,0.3383,-0.4423,0.25,4.2277,0.7288,0.8913,8.95,3.5982,-0.0722
61.25,seguindo,gargalo_centro,8.1728,3.1948,0.9427,0.4787,0.4787,0.2896,-0.464,0.25,4.2109,0.816,0.8756,8.95,3.5982,-0.069
61.3,seguindo,gargalo_centro,8.1803,3.204,0.95,0.4732,0.4732,0.2199,-0.4768,0.25,4.199,0.816,0.8647,8.95,3.5982,-0.0663
61.35,seguindo,gargalo_centro,8.191,3.2183,0.9552,0.464,0.464,0.1355,-0.4912,0.25,4.1812,0.6423,0.8487,8.95,3.5982,-0.0616
61.4,seguindo,gargalo_centro,8.198,3.228,0.9566,0.4574,0.4574,0.0849,-0.4992,0.25,4.1693,0.5117,0.8382,8.95,3.5982,-0.0584
61.45,seguindo,gargalo_centro,8.2072,3.2415,0.9535,0.4477,0.4477,-0.0172,-0.5058,0.25,4.1529,0.321,0.8239,8.95,3.5982,-0.0537
61.5,seguindo,gargalo_centro,8.213,3.2501,0.9498,0.4412,0.4412,-0.0513,-0.5086,0.25,4.1425,0.3332,0.815,8.95,3.5982,-0.0506
61.55,seguindo,gargalo_centro,8.2213,3.2631,0.9391,0.431,0.431,-0.1378,-0.5081,0.0456,4.1272,0.0456,0.8021,8.95,3.5982,-0.0457
61.6,seguindo,gargalo_centro,8.2267,3.2717,0.9302,0.424,0.424,-0.1952,-0.5062,0.25,4.1171,0.7403,0.7935,8.95,3.5982,-0.0424
61.65,seguindo,gargalo_centro,8.2347,3.2846,0.9119,0.4131,0.4131,-0.264,-0.4988,0.25,4.1019,0.7403,0.781,8.95,3.5982,-0.0374
61.7,seguindo,gargalo_centro,8.24,3.2932,0.8979,0.4057,0.4057,-0.3238,-0.4922,0.25,4.0918,0.7403,0.7727,8.95,3.5982,-0.0341
61.75,seguindo,gargalo_centro,8.2479,3.3062,0.8718,0.394,0.394,-0.3922,-0.4778,0.25,4.0766,0.7302,0.7604,8.95,3.5982,-0.029
61.8,seguindo,gargalo_centro,8.2533,3.3149,0.8527,0.3861,0.3861,-0.4469,-0.4666,0.25,4.0665,0.7302,0.7521,8.95,3.5982,-0.0257
61.85,seguindo,gargalo_centro,8.2613,3.3279,0.819,0.374,0.374,-0.5199,-0.445,0.25,4.0513,0.7302,0.7399,8.95,3.5982,-0.0207
61.9,seguindo,gargalo_centro,8.2667,3.3364,0.7947,0.3658,0.3658,-0.5627,-0.4289,0.25,4.0412,0.7302,0.7317,8.95,3.5982,-0.0175
61.95,seguindo,gargalo_centro,8.2749,3.3491,0.7533,0.3534,0.3534,-0.6485,-0.4,0.25,4.0261,0.7302,0.7196,8.95,3.5982,-0.0127
62.001,seguindo,gargalo_centro,8.2834,3.3616,0.7092,0.341,0.341,-0.7267,-0.3682,0.25,4.011,0.7975,0.7073,8.95,3.5982,-0.0083
62.05,seguindo,gargalo_centro,8.2891,3.3699,0.6749,0.3325,0.3325,-0.7838,-0.3425,0.25,4.0009,0.7975,0.6992,8.95,3.5982,-0.0054
62.1,seguindo,gargalo_centro,8.295,3.3781,0.6406,0.3241,0.3241,-0.8335,-0.3164,0.25,3.9908,0.7975,0.6909,8.95,3.5982,-0.0028
62.15,seguindo,gargalo_centro,8.3045,3.3899,0.5891,0.3121,0.3121,-0.8589,-0.277,0.25,3.9757,0.7975,0.6782,8.95,3.5982,0.0006
62.2,seguindo,gargalo_centro,8.3111,3.3975,0.5548,0.3043,0.3043,-0.858,-0.2505,0.25,3.9656,0.7975,0.6696,8.95,3.5982,0.0026
62.25,seguindo,gargalo_centro,8.3217,3.4085,0.5038,0.2931,0.2931,-0.8534,-0.2107,0.25,3.9505,0.7009,0.6563,8.95,3.5982,0.0049
62.3,seguindo,gargalo_centro,8.3291,3.4155,0.4702,0.2861,0.2861,-0.8475,-0.1842,0.25,3.9405,0.7497,0.6472,8.95,3.5982,0.0059
62.35,seguindo,gargalo_centro,8.3407,3.4256,0.4205,0.276,0.276,-0.8347,-0.1445,0.25,3.9255,0.6719,0.6333,8.95,3.5982,0.0068
62.4,seguindo,gargalo_centro,8.3489,3.432,0.3881,0.2697,0.2697,-0.824,-0.1184,0.25,3.9156,0.4783,0.6237,8.95,3.5982,0.007
62.45,seguindo,gargalo_centro,8.3616,3.4411,0.3404,0.2609,0.2609,-0.8034,-0.0795,0.1814,3.9007,0.1814,0.609,8.95,3.5982,0.007
62.5,seguindo,gargalo_centro,8.3706,3.4468,0.31,0.2555,0.2555,-0.7737,-0.0545,0.25,3.8908,0.7497,0.5988,8.95,3.5982,0.0065
62.55,seguindo,gargalo_centro,8.3848,3.4548,0.2665,0.2484,0.2484,-0.7387,-0.0181,0.25,3.876,0.7322,0.5831,8.95,3.5982,0.0048
62.6,seguindo,gargalo_centro,8.3946,3.4597,0.239,0.2443,0.2443,-0.7171,0.0053,0.25,3.8663,0.7322,0.5724,8.95,3.5982,0.0031
62.65,seguindo,gargalo_centro,8.41,3.4665,0.1995,0.2391,0.2391,-0.6767,0.0397,0.25,3.8518,0.7322,0.5558,8.95,3.5982,0.0004
62.7,seguindo,gargalo_centro,8.4206,3.4707,0.1748,0.2363,0.2363,-0.6356,0.0615,0.25,3.8423,0.7322,0.5445,8.95,3.5982,-0.0018
62.75,seguindo,gargalo_centro,8.4376,3.4762,0.1426,0.2337,0.2337,-0.581,0.0912,0.25,3.8279,0.7856,0.5267,8.95,3.5982,-0.0062
62.8,seguindo,gargalo_centro,8.4495,3.4794,0.1236,0.233,0.233,-0.5117,0.1094,0.25,3.8185,0.7856,0.5144,8.95,3.5982,-0.0098
62.85,seguindo,gargalo_centro,8.466,3.4833,0.0987,0.2331,0.2331,-0.4483,0.1343,0.25,3.8058,0.7856,0.4975,8.95,3.5982,-0.0147
62.9,seguindo,gargalo_centro,8.4763,3.4856,0.0815,0.2333,0.2333,-0.4285,0.1518,0.25,3.798,0.7856,0.4869,8.95,3.5982,-0.0176
62.95,seguindo,gargalo_centro,8.4917,3.4883,0.062,0.2353,0.2353,-0.3736,0.1733,0.25,3.787,0.9145,0.4713,8.95,3.5982,-0.0225
63.0,seguindo,gargalo_centro,8.502,3.4897,0.0517,0.2375,0.2375,-0.2927,0.1858,0.25,3.7799,0.9145,0.4609,8.95,3.5982,-0.0262
63.05,seguindo,gargalo_centro,8.5174,3.4911,0.0429,0.2425,0.2425,-0.1907,0.1996,0.25,3.77,0.7558,0.4456,8.95,3.5982,-0.032
63.1,seguindo,gargalo_centro,8.5277,3.4918,0.0398,0.2466,0.2466,-0.1201,0.2069,0.25,3.7636,0.5977,0.4355,8.95,3.5982,-0.0355
63.15,seguindo,gargalo_centro,8.543,3.4923,0.0416,0.2545,0.2545,-0.0241,0.2129,0.25,3.7547,0.5347,0.4206,8.95,3.5982,-0.0413
63.2,seguindo,gargalo_centro,8.5532,3.4924,0.0455,0.2604,0.2604,0.058,0.2149,0.25,3.7488,0.2977,0.4107,8.95,3.5982,-0.0453
63.25,seguindo,gargalo_centro,8.5683,3.4923,0.0562,0.2705,0.2705,0.1377,0.2144,0.25,3.7405,1.1316,0.3961,8.95,3.5982,-0.0516
63.3,seguindo,gargalo_centro,8.5784,3.4922,0.065,0.2778,0.2778,0.1781,0.2128,0.25,3.735,1.1105,0.3864,8.95,3.5982,-0.0551
63.35,seguindo,gargalo_centro,8.5937,3.4921,0.0797,0.2893,0.2893,0.2331,0.2096,0.25,3.7266,1.0784,0.3718,8.95,3.5982,-0.0602
63.4,seguindo,gargalo_centro,8.604,3.4921,0.0898,0.2974,0.2974,0.246,0.2076,0.25,3.7209,1.4069,0.3618,8.95,3.5982,-0.0635
63.45,seguindo,gargalo_centro,8.6197,3.4925,0.1043,0.3096,0.3096,0.2478,0.2054,0.25,3.712,1.4069,0.3468,8.95,3.5982,-0.0684
63.5,seguindo,gargalo_centro,8.6301,3.4929,0.1135,0.318,0.318,0.2398,0.2045,0.25,3.706,1.4069,0.3368,8.95,3.5982,-0.0707
63.55,seguindo,gargalo_centro,8.6458,3.4936,0.1273,0.331,0.331,0.2303,0.2037,0.25,3.6968,1.9355,0.3216,8.95,3.5982,-0.0739
63.6,seguindo,gargalo_centro,8.6563,3.4943,0.1364,0.34,0.34,0.2284,0.2036,0.25,3.6906,1.9355,0.3115,8.95,3.5982,-0.076
63.65,seguindo,gargalo_centro,8.672,3.4954,0.1499,0.354,0.354,0.2264,0.2041,0.25,3.6811,1.9355,0.2963,8.95,3.5982,-0.0785
63.7,seguindo,gargalo_centro,8.6825,3.4963,0.1588,0.3638,0.3638,0.2307,0.205,0.25,3.6748,1.9355,0.2862,8.95,3.5982,-0.0796
63.75,seguindo,gargalo_centro,8.6982,3.4978,0.1723,0.3792,0.3792,0.2219,0.2069,0.25,3.6651,2.781,0.271,8.95,3.5982,-0.0811
63.8,seguindo,gargalo_centro,8.7087,3.4989,0.1813,0.39,0.39,0.2229,0.2087,0.25,3.6586,2.781,0.2609,8.95,3.5982,-0.0819
63.85,seguindo,gargalo_centro,8.7243,3.5008,0.195,0.4073,0.4073,0.2269,0.2123,0.25,3.6488,2.781,0.2458,8.95,3.5982,-0.0824
63.9,seguindo,gargalo_centro,8.7347,3.5021,0.2042,0.4196,0.4196,0.2282,0.2153,0.25,3.6422,2.781,0.2358,8.95,3.5982,-0.0825
63.95,seguindo,gargalo_centro,8.7502,3.5043,0.2182,0.4393,0.4393,0.2313,0.2211,0.25,3.6322,4.1732,0.2207,8.95,3.5982,-0.0824
64.0,seguindo,gargalo_centro,8.7606,3.5058,0.2276,0.4535,0.4535,0.233,0.2259,0.25,3.6254,4.1732,0.2107,8.95,3.5982,-0.0822
64.05,seguindo,gargalo_centro,8.776,3.5083,0.2418,0.4766,0.4766,0.238,0.2347,0.25,3.6153,4.1732,0.1958,8.95,3.5982,-0.0811
64.1,seguindo,gargalo_centro,8.7863,3.5101,0.2514,0.4934,0.4934,0.2374,0.242,0.25,3.6084,6.6264,0.1859,8.95,3.5982,-0.0802
64.15,seguindo,gargalo_centro,8.8017,3.513,0.2657,0.5213,0.5213,0.2383,0.2556,0.25,3.598,6.6264,0.171,8.95,3.5982,-0.0788
64.2,seguindo,gargalo_centro,8.8119,3.515,0.2751,0.542,0.542,0.2375,0.2668,0.25,3.591,6.6264,0.1612,8.95,3.5982,-0.0775
64.25,seguindo,gargalo_centro,8.8272,3.5183,0.2893,0.577,0.577,0.2369,0.2877,0.25,3.5804,6.6264,0.1465,8.95,3.5982,-0.0752
64.3,seguindo,gargalo_centro,8.8374,3.5205,0.2988,0.6037,0.6037,0.2344,0.3049,0.25,3.5733,11.7295,0.1367,8.95,3.5982,-0.0735
64.35,seguindo,gargalo_centro,8.8527,3.5241,0.313,0.6503,0.6503,0.2363,0.3373,0.25,3.5625,11.7295,0.1223,8.95,3.5982,-0.0708
64.4,seguindo,gargalo_centro,8.8628,3.5267,0.3224,0.6869,0.6869,0.2361,0.3645,0.25,3.5552,11.7295,0.1127,8.95,3.5982,-0.0687
64.45,seguindo,gargalo_centro,8.878,3.5306,0.3365,0.7533,0.7533,0.2331,0.4168,0.25,3.5442,29.3807,0.0987,8.95,3.5982,-0.0654
64.5,seguindo,gargalo_centro,8.8881,3.5334,0.3459,0.8078,0.8078,0.2374,0.4619,0.25,3.5367,29.3807,0.0896,8.95,3.5982,-0.063
64.55,seguindo,gargalo_centro,8.9031,3.5377,0.36,0.9113,0.9113,0.2369,0.5513,0.25,3.5255,29.3807,0.0765,8.95,3.5982,-0.0592
64.6,seguindo,gargalo_centro,8.9132,3.5407,0.3693,1.0005,1.0005,0.2363,0.6311,0.25,3.5179,29.3807,0.0682,8.95,3.5982,-0.0565
64.65,seguindo,gargalo_centro,8.9281,3.5454,0.3834,1.1778,1.1778,0.2342,0.7944,0.25,3.5065,89.6072,0.0571,8.95,3.5982,-0.0522
64.7,seguindo,gargalo_centro,8.9381,3.5486,0.3928,1.3345,1.3345,0.2362,0.9417,0.25,3.4988,89.6072,0.0509,8.95,3.5982,-0.0492
64.75,seguindo,gargalo_centro,8.9506,3.5521,0.4134,1.5838,1.5838,0.2996,1.1704,0.25,3.4896,89.6072,0.046,8.95,3.5982,-0.046
64.8,seguindo,gargalo_eixo,8.9579,3.5537,0.4327,-0.103,0.0645,0.3723,-0.5358,0.25,3.4848,0.3838,0.994,9.9498,3.6177,-0.0446
64.85,seguindo,gargalo_eixo,8.9671,3.555,0.4664,-0.1752,0.0637,0.5308,-0.6416,0.25,3.4791,0.3749,0.9847,9.9498,3.6177,-0.0434
64.9,seguindo,gargalo_eixo,8.9725,3.5555,0.4924,-0.2047,0.0636,0.5962,-0.6971,0.25,3.4761,0.3699,0.9793,9.9498,3.6177,-0.043
64.95,seguindo,gargalo_eixo,8.9804,3.556,0.5345,-0.2379,0.0636,0.67,-0.7724,0.25,3.4719,0.3547,0.9714,9.9498,3.6177,-0.0427
65.0,seguindo,gargalo_eixo,8.9855,3.5563,0.564,-0.2588,0.0636,0.7165,-0.8228,0.25,3.4692,0.3475,0.9663,9.9498,3.6177,-0.0425
65.05,seguindo,gargalo_eixo,8.9903,3.5556,0.6029,-0.24,0.0646,0.6769,-0.8429,0.25,3.4674,0.3407,0.9615,9.9498,3.6177,-0.0432
65.1,seguindo,gargalo_eixo,8.9919,3.5545,0.625,-0.2181,0.0659,0.6312,-0.8431,0.25,3.4677,0.3387,0.96,9.9498,3.6177,-0.0443
65.15,seguindo,gargalo_eixo,8.9921,3.5518,0.6524,-0.1603,0.0687,0.5088,-0.8127,0.25,3.4699,0.3387,0.96,9.9498,3.6177,-0.047
65.2,seguindo,gargalo_eixo,8.9909,3.5492,0.6684,-0.1335,0.0713,0.4551,-0.8019,0.25,3.4727,0.3405,0.9614,9.9498,3.6177,-0.0496
65.25,seguindo,gargalo_eixo,8.9869,3.5441,0.687,-0.0793,0.0763,0.3459,-0.7664,0.25,3.4791,0.3466,0.9657,9.9498,3.6177,-0.0547
65.3,seguindo,gargalo_eixo,8.9832,3.5399,0.6972,-0.0564,0.0803,0.3038,-0.7535,0.25,3.4847,0.3524,0.9698,9.9498,3.6177,-0.0588
65.35,seguindo,gargalo_eixo,8.976,3.5327,0.707,-0.0029,0.0871,0.1998,-0.7099,0.25,3.4944,0.3683,0.9775,9.9498,3.6177,-0.0659
65.4,seguindo,gargalo_eixo,8.9705,3.5276,0.7113,0.0281,0.0918,0.1415,-0.6832,0.25,3.5015,0.3736,0.9834,9.9498,3.6177,-0.0709
65.45,seguindo,gargalo_eixo,8.9638,3.5215,0.7136,0.0636,0.0972,0.0747,-0.65,0.25,3.51,0.3805,0.9907,9.9498,3.6177,-0.0768
65.5,seguindo,gargalo_eixo,8.9599,3.5182,0.7131,0.092,0.1002,0.0182,-0.6212,0.25,3.5149,0.3847,0.9949,9.9498,3.6177,-0.0801
65.55,seguindo,gargalo_eixo,8.9557,3.5146,0.7127,0.1076,0.1033,-0.0095,-0.6051,0.25,3.5199,0.3893,0.9994,9.9498,3.6177,-0.0836
65.6,seguindo,gargalo_eixo,8.9537,3.5137,0.7125,0.1076,0.1041,-0.0078,-0.6049,0.25,3.5218,0.3899,1.0016,9.9498,3.6177,-0.0845
65.65,seguindo,gargalo_eixo,8.952,3.5137,0.7115,0.1086,0.1039,-0.0105,-0.6029,0.25,3.5226,0.3899,1.0032,9.9498,3.6177,-0.0845
65.7,seguindo,gargalo_eixo,8.9515,3.5137,0.7114,0.1084,0.1038,-0.0101,-0.6031,0.25,3.5228,0.3899,1.0037,9.9498,3.6177,-0.0845
65.75,seguindo,gargalo_eixo,8.9512,3.5137,0.7114,0.1044,0.1038,-0.0014,-0.607,0.25,3.523,0.3899,1.004,9.9498,3.6177,-0.0845
65.8,seguindo,gargalo_eixo,8.9512,3.5137,0.7114,0.1042,0.1038,-0.0008,-0.6072,0.25,3.523,0.3899,1.004,9.9498,3.6177,-0.0845
65.85,seguindo,gargalo_eixo,8.9512,3.5137,0.7114,0.1038,0.1038,0.0,-0.6076,0.25,3.523,0.3899,1.004,9.9498,3.6177,-0.0845
65.9,seguindo,gargalo_eixo,8.9512,3.5137,0.7114,0.1038,0.1038,0.0,-0.6076,0.25,3.523,0.3899,1.004,9.9498,3.6177,-0.0845
65.95,seguindo,gargalo_eixo,8.9512,3.5137,0.7114,0.1038,0.1038,0.0,-0.6076,0.25,3.523,0.3899,1.004,9.9498,3.6177,-0.0845
66.0,seguindo,gargalo_eixo,8.9512,3.5137,0.7114,0.1038,0.1038,0.0,-0.6076,0.25,3.523,0.3899,1.004,9.9498,3.6177,-0.0845
66.05,seguindo,gargalo_eixo,8.9512,3.5137,0.7114,0.1038,0.1038,0.0,-0.6076,0.25,3.523,0.3899,1.004,9.9498,3.6177,-0.0845
66.1,seguindo,gargalo_eixo,8.9512,3.5137,0.7114,0.1038,0.1038,0.0,-0.6076,0.25,3.523,0.3899,1.004,9.9498,3.6177,-0.0845
66.15,seguindo,gargalo_eixo,8.9512,3.5137,0.7114,0.1038,0.1038,-0.0,-0.6076,0.25,3.523,0.3899,1.004,9.9498,3.6177,-0.0845
66.2,seguindo,gargalo_eixo,8.9512,3.5137,0.7114,0.1038,0.1038,-0.0,-0.6076,0.25,3.523,0.3899,1.004,9.9498,3.6177,-0.0845
66.25,seguindo,gargalo_eixo,8.9512,3.5137,0.7114,0.1038,0.1038,0.0,-0.6076,0.25,3.523,0.3899,1.004,9.9498,3.6177,-0.0845
66.3,seguindo,gargalo_eixo,8.9512,3.5137,0.7114,0.1038,0.1038,0.0,-0.6076,0.25,3.523,0.3899,1.004,9.9498,3.6177,-0.0845
66.35,seguindo,gargalo_eixo,8.9512,3.5137,0.7114,0.1038,0.1038,0.0,-0.6076,0.25,3.523,0.3899,1.004,9.9498,3.6177,-0.0845
66.4,seguindo,gargalo_eixo,8.9512,3.5137,0.7114,0.1038,0.1038,0.0,-0.6076,0.25,3.523,0.3899,1.004,9.9498,3.6177,-0.0845
66.45,seguindo,gargalo_eixo,8.9512,3.5137,0.7114,0.1038,0.1038,0.0,-0.6076,0.25,3.523,0.3899,1.004,9.9498,3.6177,-0.0845
66.5,seguindo,gargalo_eixo,8.9512,3.5137,0.7114,0.1038,0.1038,0.0,-0.6076,0.25,3.523,0.3899,1.004,9.9498,3.6177,-0.0845
66.55,seguindo,gargalo_eixo,8.9512,3.5137,0.7114,0.1038,0.1038,0.0,-0.6076,0.25,3.523,0.3899,1.004,9.9498,3.6177,-0.0845
66.6,seguindo,gargalo_eixo,8.9512,3.5137,0.7114,0.1038,0.1038,0.0,-0.6076,0.25,3.523,0.3899,1.004,9.9498,3.6177,-0.0845
66.65,seguindo,gargalo_eixo,8.9512,3.5137,0.7114,0.1038,0.1038,0.0,-0.6076,0.25,3.523,0.3899,1.004,9.9498,3.6177,-0.0845
66.7,seguindo,gargalo_eixo,8.9512,3.5137,0.7114,0.1038,0.1038,0.0,-0.6076,0.25,3.523,0.3899,1.004,9.9498,3.6177,-0.0845
66.75,seguindo,gargalo_eixo,8.9512,3.5137,0.7114,0.1038,0.1038,0.0,-0.6076,0.25,3.523,0.3899,1.004,9.9498,3.6177,-0.0845
66.8,seguindo,gargalo_eixo,8.9512,3.5137,0.7114,0.1038,0.1038,0.0,-0.6076,0.25,3.523,0.3899,1.004,9.9498,3.6177,-0.0845
66.85,seguindo,gargalo_eixo,8.9512,3.5137,0.7114,0.1038,0.1038,0.0,-0.6076,0.25,3.523,0.3899,1.004,9.9498,3.6177,-0.0845
66.9,seguindo,gargalo_eixo,8.9512,3.5137,0.7114,0.1038,0.1038,0.0,-0.6076,0.25,3.523,0.3899,1.004,9.9498,3.6177,-0.0845
66.95,seguindo,gargalo_eixo,8.9512,3.5137,0.7114,0.1038,0.1038,0.0,-0.6076,0.25,3.523,0.3899,1.004,9.9498,3.6177,-0.0845
67.0,seguindo,gargalo_eixo,8.9512,3.5137,0.7114,0.1038,0.1038,0.0,-0.6076,0.25,3.523,0.3899,1.004,9.9498,3.6177,-0.0845
67.05,seguindo,gargalo_eixo,8.9512,3.5137,0.7114,0.1038,0.1038,0.0,-0.6076,0.25,3.523,0.3899,1.004,9.9498,3.6177,-0.0845
67.1,seguindo,gargalo_eixo,8.9512,3.5137,0.7114,0.1038,0.1038,0.0,-0.6076,0.25,3.523,0.3899,1.004,9.9498,3.6177,-0.0845
67.15,seguindo,gargalo_eixo,8.9512,3.5137,0.7114,0.1038,0.1038,0.0,-0.6076,0.25,3.523,0.3899,1.004,9.9498,3.6177,-0.0845
67.2,seguindo,gargalo_eixo,8.9512,3.5137,0.7114,0.1038,0.1038,0.0,-0.6076,0.25,3.523,0.3899,1.004,9.9498,3.6177,-0.0845
67.25,seguindo,gargalo_eixo,8.9512,3.5137,0.7114,0.1038,0.1038,0.0,-0.6076,0.25,3.523,0.3899,1.004,9.9498,3.6177,-0.0845
67.3,seguindo,gargalo_eixo,8.9512,3.5137,0.7114,0.1038,0.1038,0.0,-0.6076,0.25,3.523,0.3899,1.004,9.9498,3.6177,-0.0845
67.35,seguindo,gargalo_eixo,8.9512,3.5137,0.7114,0.1038,0.1038,0.0,-0.6076,0.25,3.523,0.3899,1.004,9.9498,3.6177,-0.0845
67.4,seguindo,gargalo_eixo,8.9512,3.5137,0.7114,0.1038,0.1038,0.0,-0.6076,0.25,3.523,0.3899,1.004,9.9498,3.6177,-0.0845
67.45,seguindo,gargalo_eixo,8.9512,3.5137,0.7114,0.1038,0.1038,0.0,-0.6076,0.25,3.523,0.3899,1.004,9.9498,3.6177,-0.0845
67.5,seguindo,gargalo_eixo,8.9512,3.5137,0.7114,0.1038,0.1038,0.0,-0.6076,0.25,3.523,0.3899,1.004,9.9498,3.6177,-0.0845
67.55,seguindo,gargalo_eixo,8.9512,3.5137,0.7114,0.1038,0.1038,0.0,-0.6076,0.25,3.523,0.3899,1.004,9.9498,3.6177,-0.0845
67.6,seguindo,gargalo_eixo,8.9512,3.5137,0.7114,0.1038,0.1038,0.0,-0.6076,0.25,3.523,0.3899,1.004,9.9498,3.6177,-0.0845
67.65,seguindo,gargalo_eixo,8.9512,3.5137,0.7114,0.1038,0.1038,0.0,-0.6076,0.25,3.523,0.3899,1.004,9.9498,3.6177,-0.0845
67.7,seguindo,gargalo_eixo,8.9512,3.5137,0.7114,0.1038,0.1038,0.0,-0.6076,0.25,3.523,0.3899,1.004,9.9498,3.6177,-0.0845
67.75,seguindo,gargalo_eixo,8.9512,3.5137,0.7114,0.1038,0.1038,0.0,-0.6076,0.25,3.523,0.3899,1.004,9.9498,3.6177,-0.0845
67.8,seguindo,gargalo_eixo,8.9512,3.5137,0.7114,0.1038,0.1038,0.0,-0.6076,0.25,3.523,0.3899,1.004,9.9498,3.6177,-0.0845
67.85,seguindo,gargalo_eixo,8.9512,3.5137,0.7114,0.1038,0.1038,0.0,-0.6076,0.25,3.523,0.3899,1.004,9.9498,3.6177,-0.0845
67.9,seguindo,gargalo_eixo,8.9512,3.5137,0.7114,0.1038,0.1038,0.0,-0.6076,0.25,3.523,0.3899,1.004,9.9498,3.6177,-0.0845
67.95,seguindo,gargalo_eixo,8.9512,3.5137,0.7114,0.1038,0.1038,0.0,-0.6076,0.25,3.523,0.3899,1.004,9.9498,3.6177,-0.0845
68.0,seguindo,gargalo_eixo,8.9512,3.5137,0.7114,0.1038,0.1038,0.0,-0.6076,0.25,3.523,0.3899,1.004,9.9498,3.6177,-0.0845
68.05,seguindo,gargalo_eixo,8.9512,3.5137,0.7114,0.1038,0.1038,0.0,-0.6076,0.25,3.523,0.3899,1.004,9.9498,3.6177,-0.0845
68.1,seguindo,gargalo_eixo,8.9512,3.5137,0.7114,0.1038,0.1038,0.0,-0.6076,0.25,3.523,0.3899,1.004,9.9498,3.6177,-0.0845
68.15,seguindo,gargalo_eixo,8.9512,3.5137,0.7114,0.1038,0.1038,0.0,-0.6076,0.25,3.523,0.3899,1.004,9.9498,3.6177,-0.0845
68.2,seguindo,gargalo_eixo,8.9512,3.5137,0.7114,0.1038,0.1038,0.0,-0.6076,0.25,3.523,0.3899,1.004,9.9498,3.6177,-0.0845
68.25,seguindo,gargalo_eixo,8.9512,3.5137,0.7114,0.1038,0.1038,0.0,-0.6076,0.25,3.523,0.3899,1.004,9.9498,3.6177,-0.0845
68.3,seguindo,gargalo_eixo,8.9512,3.5137,0.7114,0.1038,0.1038,0.0,-0.6076,0.25,3.523,0.3899,1.004,9.9498,3.6177,-0.0845
68.35,seguindo,gargalo_eixo,8.9512,3.5137,0.7114,0.1038,0.1038,0.0,-0.6076,0.25,3.523,0.3899,1.004,9.9498,3.6177,-0.0845
68.4,seguindo,gargalo_eixo,8.9512,3.5137,0.7114,0.1038,0.1038,0.0,-0.6076,0.25,3.523,0.3899,1.004,9.9498,3.6177,-0.0845
68.45,seguindo,gargalo_eixo,8.9512,3.5137,0.7114,0.1038,0.1038,0.0,-0.6076,0.25,3.523,0.3899,1.004,9.9498,3.6177,-0.0845
68.5,seguindo,gargalo_eixo,8.9512,3.5137,0.7114,0.1038,0.1038,0.0,-0.6076,0.25,3.523,0.3899,1.004,9.9498,3.6177,-0.0845
68.55,seguindo,gargalo_eixo,8.9512,3.5137,0.7114,0.1038,0.1038,0.0,-0.6076,0.25,3.523,0.3899,1.004,9.9498,3.6177,-0.0845
68.6,seguindo,gargalo_eixo,8.9512,3.5137,0.7114,0.1038,0.1038,0.0,-0.6076,0.25,3.523,0.3899,1.004,9.9498,3.6177,-0.0845
68.65,seguindo,gargalo_eixo,8.9512,3.5137,0.7114,0.1038,0.1038,0.0,-0.6076,0.25,3.523,0.3899,1.004,9.9498,3.6177,-0.0845
68.7,seguindo,gargalo_eixo,8.9512,3.5137,0.7114,0.1038,0.1038,0.0,-0.6076,0.25,3.523,0.3899,1.004,9.9498,3.6177,-0.0845
68.75,seguindo,gargalo_eixo,8.9512,3.5137,0.7114,0.1038,0.1038,0.0,-0.6076,0.25,3.523,0.3899,1.004,9.9498,3.6177,-0.0845
68.8,seguindo,gargalo_eixo,8.9512,3.5137,0.7114,0.1038,0.1038,0.0,-0.6076,0.25,3.523,0.3899,1.004,9.9498,3.6177,-0.0845
68.85,pivo_escape,,8.9512,3.5137,0.7114,0.7114,,,0.0,0.0,3.523,inf,,,,0.0
68.902,pivo_escape,,8.9512,3.5137,0.7114,0.7114,,,0.0,0.0,3.523,inf,,,,0.0
68.95,pivo_escape,,8.9512,3.5137,0.7114,0.7114,,,0.0,0.0,3.523,inf,,,,0.0
69.0,pivo_escape,,8.9512,3.5137,0.7114,0.7114,,,0.0,0.0,3.523,inf,,,,0.0
69.05,pivo_escape,,8.9512,3.5137,0.7114,0.7114,,,0.0,0.0,3.523,inf,,,,0.0
69.1,pivo_escape,,8.9512,3.5137,0.7114,0.7114,,,0.0,0.0,3.523,inf,,,,0.0
69.15,pivo_escape,,8.9512,3.5137,0.7114,0.7114,,,0.0,0.0,3.523,inf,,,,0.0
69.2,pivo_escape,,8.9512,3.5137,0.7114,0.7114,,,0.0,0.0,3.523,inf,,,,0.0
69.25,pivo_escape,,8.9521,3.5149,0.7068,0.7068,,,0.0,0.0,3.5214,inf,,,,0.0
69.3,pivo_escape,,8.953,3.5163,0.7016,0.7016,,,0.0,0.0,3.5198,inf,,,,0.0
69.35,pivo_escape,,8.9542,3.5186,0.6889,0.6889,,,0.0,0.0,3.5172,inf,,,,0.0
69.4,pivo_escape,,8.9549,3.5203,0.6786,0.6786,,,0.0,0.0,3.5154,inf,,,,0.0
69.45,pivo_escape,,8.9558,3.5231,0.6582,0.6582,,,0.0,0.0,3.5125,inf,,,,0.0
69.5,pivo_escape,,8.9563,3.525,0.6427,0.6427,,,0.0,0.0,3.5105,inf,,,,0.0
69.55,pivo_escape,,8.9569,3.5283,0.6146,0.6146,,,0.0,0.0,3.5074,inf,,,,0.0
69.6,pivo_escape,,8.9573,3.5306,0.594,0.594,,,0.0,0.0,3.5052,inf,,,,0.0
69.65,pivo_escape,,8.9577,3.5344,0.5581,0.5581,,,0.0,0.0,3.5017,inf,,,,0.0
69.7,pivo_escape,,8.958,3.537,0.5324,0.5324,,,0.0,0.0,3.4993,inf,,,,0.0
69.75,pivo_escape,,8.9583,3.5412,0.4888,0.4888,,,0.0,0.0,3.4954,inf,,,,0.0
69.8,pivo_escape,,8.9586,3.5442,0.458,0.458,,,0.0,0.0,3.4926,inf,,,,0.0
69.85,pivo_escape,,8.9591,3.549,0.4067,0.4067,,,0.0,0.0,3.4882,inf,,,,0.0
69.9,pivo_escape,,8.9597,3.554,0.3527,0.3527,,,0.0,0.0,3.4836,inf,,,,0.0
69.95,pivo_escape,,8.9601,3.5577,0.3117,0.3117,,,0.0,0.0,3.4802,inf,,,,0.0
70.05,seguindo,gargalo_eixo,8.9617,3.5672,0.2038,0.4001,0.0511,-1.0785,0.1963,0.25,3.4711,0.3793,0.9894,9.9498,3.6177,-0.0311
70.1,seguindo,gargalo_eixo,8.9626,3.5712,0.1575,0.3961,0.0471,-1.113,0.2386,0.25,3.4671,0.3782,0.9883,9.9498,3.6177,-0.0272
70.15,seguindo,gargalo_eixo,8.9643,3.5775,0.0831,0.3898,0.0408,-1.1986,0.3067,0.25,3.4608,0.3764,0.9864,9.9498,3.6177,-0.0209
70.2,seguindo,gargalo_eixo,8.9656,3.5818,0.0317,0.3856,0.0365,-1.2583,0.3538,0.25,3.4564,0.375,0.9848,9.9498,3.6177,-0.0166
70.25,seguindo,gargalo_eixo,8.9681,3.5884,-0.0504,0.3789,0.0298,-1.322,0.4292,0.25,3.4494,0.3725,0.9822,9.9498,3.6177,-0.01
70.3,seguindo,gargalo_eixo,8.97,3.5929,-0.107,0.3744,0.0253,-1.3698,0.4813,0.25,3.4445,0.3706,0.9801,9.9498,3.6177,-0.0056
70.35,seguindo,gargalo_eixo,8.9735,3.5998,-0.1968,0.3674,0.0184,-1.4788,0.5642,0.25,3.4369,0.3674,0.9765,9.9498,3.6177,0.0013
70.4,seguindo,gargalo_eixo,8.9762,3.6043,-0.2585,0.3628,0.0137,-1.5112,0.6213,0.25,3.4316,0.3576,0.9737,9.9498,3.6177,0.0058
70.45,seguindo,gargalo_eixo,8.9809,3.6112,-0.3561,0.3558,0.0067,-1.5978,0.7119,0.25,3.4233,0.3512,0.9689,9.9498,3.6177,0.0125
70.5,seguindo,gargalo_eixo,8.9844,3.6156,-0.4229,0.3512,0.0022,-1.6442,0.7742,0.25,3.4177,0.3462,0.9654,9.9498,3.6177,0.0169
70.55,seguindo,gargalo_eixo,8.9905,3.6221,-0.5282,0.3444,-0.0046,-1.7215,0.8727,0.25,3.4091,0.3377,0.9593,9.9498,3.6177,0.0233
70.6,seguindo,gargalo_eixo,8.995,3.6262,-0.6002,0.3401,-0.0089,-1.756,0.9403,0.25,3.4033,0.3316,0.9549,9.9498,3.6177,0.0274
70.65,seguindo,gargalo_eixo,9.0026,3.6321,-0.7148,0.3338,-0.0152,-1.8547,1.0486,0.25,3.3944,0.3214,0.9473,9.9498,3.6177,0.0332
70.7,seguindo,gargalo_eixo,9.0081,3.636,-0.7956,0.3296,-0.0194,-1.954,1.1253,0.25,3.3884,0.3141,0.9419,9.9498,3.6177,0.037
70.75,seguindo,gargalo_eixo,9.0164,3.6418,-0.9186,0.3233,-0.0258,-2.0385,1.2419,0.25,3.3793,0.3036,0.9337,9.9498,3.6177,0.0426
70.8,seguindo,gargalo_eixo,9.0221,3.6455,-1.0023,0.3191,-0.03,-2.0615,1.3214,0.25,3.3733,0.2967,0.9281,9.9498,3.6177,0.0463
70.85,seguindo,gargalo_eixo,9.0307,3.6504,-1.1237,0.3135,-0.0356,-2.0505,1.4372,0.25,3.3649,0.2896,0.9197,9.9498,3.6177,0.0511
70.9,seguindo,gargalo_eixo,9.0365,3.6531,-1.2018,0.3104,-0.0387,-1.9948,1.5122,0.25,3.3598,0.2789,0.914,9.9498,3.6177,0.0537
70.95,seguindo,gargalo_eixo,9.0451,3.6556,-1.3118,0.3072,-0.0419,-1.8947,1.619,0.25,3.3534,0.2631,0.9055,9.9498,3.6177,0.0562
71.0,seguindo,gargalo_eixo,9.0506,3.6567,-1.3811,0.3057,-0.0433,-1.7933,1.6869,0.25,3.3498,0.253,0.9,9.9498,3.6177,0.0572
71.05,seguindo,gargalo_eixo,9.0585,3.6578,-1.4789,0.3042,-0.0449,-1.6703,1.783,0.2387,3.3451,0.2387,0.8922,9.9498,3.6177,0.0582
71.1,seguindo,gargalo_eixo,9.0634,3.6583,-1.5396,0.3033,-0.0458,-1.6085,1.8429,0.23,3.3423,0.23,0.8873,9.9498,3.6177,0.0588
71.15,seguindo,gargalo_eixo,9.0704,3.6586,-1.6251,0.3026,-0.0465,-1.4482,1.9277,0.218,3.3387,0.218,0.8803,9.9498,3.6177,0.059
71.2,seguindo,gargalo_eixo,9.0748,3.6584,-1.6789,0.3026,-0.0464,-1.3789,1.9815,0.2231,3.3368,0.2231,0.8759,9.9498,3.6177,0.0587
71.25,seguindo,gargalo_eixo,9.0809,3.6577,-1.7542,0.303,-0.046,-1.3039,2.0573,0.2091,3.3345,0.2091,0.8698,9.9498,3.6177,0.058
71.3,seguindo,gargalo_eixo,9.0848,3.6573,-1.801,0.3033,-0.0458,-1.2393,2.1043,0.1988,3.3331,0.1988,0.866,9.9498,3.6177,0.0576
71.35,seguindo,gargalo_eixo,9.0903,3.6577,-1.8657,0.3026,-0.0465,-1.1146,2.1683,0.184,3.3301,0.184,0.8604,9.9498,3.6177,0.0579
71.4,seguindo,gargalo_eixo,9.0942,3.6581,-1.9088,0.3019,-0.0472,-1.0779,2.2107,0.1739,3.328,0.1739,0.8566,9.9498,3.6177,0.0583
71.45,seguindo,gargalo_eixo,9.0995,3.6587,-1.9666,0.3009,-0.0482,-1.0193,2.2675,0.16,3.325,0.16,0.8513,9.9498,3.6177,0.0589
71.5,seguindo,gargalo_eixo,9.1028,3.659,-2.0025,0.3003,-0.0487,-0.9367,2.3028,0.1513,3.3231,0.1513,0.848,9.9498,3.6177,0.0592
71.55,seguindo,gargalo_eixo,9.1073,3.6595,-2.0493,0.2994,-0.0496,-0.8265,2.3487,0.1396,3.3206,0.1396,0.8435,9.9498,3.6177,0.0597
71.6,seguindo,gargalo_eixo,9.1101,3.6599,-2.0777,0.2988,-0.0502,-0.7761,2.3765,0.1323,3.3189,0.1323,0.8407,9.9498,3.6177,0.06
71.65,seguindo,gargalo_eixo,9.1139,3.6606,-2.1132,0.2419,-0.0513,-0.6516,2.3551,0.1227,3.3166,0.1227,0.837,9.9498,3.6177,0.0607
71.7,seguindo,gargalo_eixo,9.1162,3.6612,-2.1339,0.201,-0.0521,-0.5624,2.3349,0.1168,3.315,0.1168,0.8347,9.9498,3.6177,0.0612
71.75,seguindo,gargalo_eixo,9.1192,3.6621,-2.1581,0.1485,-0.0534,-0.4487,2.3065,0.1095,3.3128,0.1095,0.8318,9.9498,3.6177,0.0621
71.8,seguindo,gargalo_eixo,9.1209,3.6628,-2.1711,0.1236,-0.0544,-0.3956,2.2947,0.1053,3.3113,0.1053,0.8301,9.9498,3.6177,0.0629
71.85,seguindo,gargalo_eixo,9.1229,3.6638,-2.1838,0.0603,-0.0557,-0.2577,2.2441,0.1005,3.3096,0.1005,0.8282,9.9498,3.6177,0.0638
71.9,seguindo,gargalo_eixo,9.1245,3.6647,-2.1918,0.0085,-0.0569,-0.1453,2.2003,0.097,3.308,0.097,0.8267,9.9498,3.6177,0.0647
71.95,seguindo,gargalo_eixo,9.1249,3.6654,-2.192,-0.0159,-0.0577,-0.0929,2.1761,0.1047,3.3072,0.1047,0.8262,9.9498,3.6177,0.0654
72.0,seguindo,gargalo_eixo,9.1254,3.666,-2.1921,-0.046,-0.0585,-0.028,2.1461,0.1035,3.3064,0.1035,0.8258,9.9498,3.6177,0.066
72.05,seguindo,gargalo_eixo,9.1256,3.667,-2.1871,-0.0818,-0.0597,0.0491,2.1053,0.1031,3.3055,0.1031,0.8257,9.9498,3.6177,0.067
72.1,seguindo,gargalo_eixo,9.1255,3.6676,-2.182,-0.0983,-0.0605,0.084,2.0837,0.1034,3.305,0.1034,0.8258,9.9498,3.6177,0.0676
72.15,seguindo,gargalo_eixo,9.125,3.6685,-2.1696,-0.1368,-0.0615,0.1671,2.0329,0.1052,3.3044,0.1052,0.8264,9.9498,3.6177,0.0685
72.2,seguindo,gargalo_eixo,9.1244,3.6691,-2.1597,-0.1623,-0.0622,0.2224,1.9974,0.0978,3.3042,0.0978,0.827,9.9498,3.6177,0.0691
72.25,seguindo,gargalo_eixo,9.1237,3.6697,-2.1493,-0.1544,-0.0628,0.2036,1.9948,0.0995,3.304,0.0995,0.8277,9.9498,3.6177,0.0697
72.3,seguindo,gargalo_eixo,9.1234,3.6699,-2.1445,-0.1387,-0.0631,0.168,2.0058,0.1003,3.304,0.1003,0.8281,9.9498,3.6177,0.0699
72.35,seguindo,gargalo_eixo,9.1232,3.67,-2.142,-0.0957,-0.0632,0.0723,2.0463,0.1007,3.3039,0.1007,0.8282,9.9498,3.6177,0.07
72.4,seguindo,gargalo_eixo,9.1232,3.67,-2.142,-0.0743,-0.0632,0.0247,2.0677,0.1007,3.3039,0.1007,0.8282,9.9498,3.6177,0.07
72.45,seguindo,gargalo_eixo,9.1232,3.67,-2.142,-0.0632,-0.0632,0.0,2.0789,0.1007,3.3039,0.1007,0.8282,9.9498,3.6177,0.07
72.5,seguindo,gargalo_eixo,9.1232,3.67,-2.142,-0.0632,-0.0632,0.0,2.0789,0.1007,3.3039,0.1007,0.8282,9.9498,3.6177,0.07
72.55,seguindo,gargalo_eixo,9.1232,3.67,-2.142,-0.0632,-0.0632,0.0,2.0789,0.1007,3.3039,0.1007,0.8282,9.9498,3.6177,0.07
72.6,seguindo,gargalo_eixo,9.1232,3.67,-2.142,-0.0632,-0.0632,0.0,2.0789,0.1007,3.3039,0.1007,0.8282,9.9498,3.6177,0.07
72.65,seguindo,gargalo_eixo,9.1232,3.67,-2.142,-0.0632,-0.0632,0.0,2.0789,0.1007,3.3039,0.1007,0.8282,9.9498,3.6177,0.07
72.7,seguindo,gargalo_eixo,9.1232,3.67,-2.142,-0.0632,-0.0632,0.0,2.0789,0.1007,3.3039,0.1007,0.8282,9.9498,3.6177,0.07
72.75,seguindo,gargalo_eixo,9.1232,3.67,-2.142,-0.0632,-0.0632,0.0,2.0789,0.1007,3.3039,0.1007,0.8282,9.9498,3.6177,0.07
72.8,seguindo,gargalo_eixo,9.1232,3.67,-2.142,-0.0632,-0.0632,0.0,2.0789,0.1007,3.3039,0.1007,0.8282,9.9498,3.6177,0.07
72.85,seguindo,gargalo_eixo,9.1232,3.67,-2.142,-0.0632,-0.0632,0.0,2.0789,0.1007,3.3039,0.1007,0.8282,9.9498,3.6177,0.07
72.9,seguindo,gargalo_eixo,9.1232,3.67,-2.142,-0.0632,-0.0632,0.0,2.0789,0.1007,3.3039,0.1007,0.8282,9.9498,3.6177,0.07
72.95,seguindo,gargalo_eixo,9.1232,3.67,-2.142,-0.0632,-0.0632,0.0,2.0789,0.1007,3.3039,0.1007,0.8282,9.9498,3.6177,0.07
73.0,seguindo,gargalo_eixo,9.1232,3.67,-2.142,-0.0632,-0.0632,0.0,2.0789,0.1007,3.3039,0.1007,0.8282,9.9498,3.6177,0.07
73.05,seguindo,gargalo_eixo,9.1232,3.67,-2.142,-0.0632,-0.0632,0.0,2.0789,0.1007,3.3039,0.1007,0.8282,9.9498,3.6177,0.07
73.1,seguindo,gargalo_eixo,9.1232,3.67,-2.142,-0.0632,-0.0632,0.0,2.0789,0.1007,3.3039,0.1007,0.8282,9.9498,3.6177,0.07
73.15,seguindo,gargalo_eixo,9.1232,3.67,-2.142,-0.0632,-0.0632,0.0,2.0789,0.1007,3.3039,0.1007,0.8282,9.9498,3.6177,0.07
73.2,seguindo,gargalo_eixo,9.1232,3.67,-2.142,-0.0632,-0.0632,0.0,2.0789,0.1007,3.3039,0.1007,0.8282,9.9498,3.6177,0.07
73.25,seguindo,gargalo_eixo,9.1232,3.67,-2.142,-0.0632,-0.0632,0.0,2.0789,0.1007,3.3039,0.1007,0.8282,9.9498,3.6177,0.07
73.3,seguindo,gargalo_eixo,9.1232,3.67,-2.142,-0.0632,-0.0632,0.0,2.0789,0.1007,3.3039,0.1007,0.8282,9.9498,3.6177,0.07
73.35,seguindo,gargalo_eixo,9.1232,3.67,-2.142,-0.0632,-0.0632,0.0,2.0789,0.1007,3.3039,0.1007,0.8282,9.9498,3.6177,0.07
73.4,seguindo,gargalo_eixo,9.1232,3.67,-2.142,-0.0632,-0.0632,0.0,2.0789,0.1007,3.3039,0.1007,0.8282,9.9498,3.6177,0.07
73.45,seguindo,gargalo_eixo,9.1232,3.67,-2.142,-0.0632,-0.0632,0.0,2.0789,0.1007,3.3039,0.1007,0.8282,9.9498,3.6177,0.07
73.5,seguindo,gargalo_eixo,9.1232,3.67,-2.142,-0.0632,-0.0632,0.0,2.0789,0.1007,3.3039,0.1007,0.8282,9.9498,3.6177,0.07
73.55,seguindo,gargalo_eixo,9.1232,3.67,-2.142,-0.0632,-0.0632,0.0,2.0789,0.1007,3.3039,0.1007,0.8282,9.9498,3.6177,0.07
73.6,seguindo,gargalo_eixo,9.1232,3.67,-2.142,-0.0632,-0.0632,0.0,2.0789,0.1007,3.3039,0.1007,0.8282,9.9498,3.6177,0.07
73.65,seguindo,gargalo_eixo,9.1232,3.67,-2.142,-0.0632,-0.0632,0.0,2.0789,0.1007,3.3039,0.1007,0.8282,9.9498,3.6177,0.07
73.7,seguindo,gargalo_eixo,9.1232,3.67,-2.142,-0.0632,-0.0632,0.0,2.0789,0.1007,3.3039,0.1007,0.8282,9.9498,3.6177,0.07
73.75,seguindo,gargalo_eixo,9.1232,3.67,-2.142,-0.0632,-0.0632,0.0,2.0789,0.1007,3.3039,0.1007,0.8282,9.9498,3.6177,0.07
73.8,seguindo,gargalo_eixo,9.1232,3.67,-2.142,-0.0632,-0.0632,0.0,2.0789,0.1007,3.3039,0.1007,0.8282,9.9498,3.6177,0.07
73.85,seguindo,gargalo_eixo,9.1232,3.67,-2.142,-0.0632,-0.0632,0.0,2.0789,0.1007,3.3039,0.1007,0.8282,9.9498,3.6177,0.07
73.9,seguindo,gargalo_eixo,9.1232,3.67,-2.142,-0.0632,-0.0632,0.0,2.0789,0.1007,3.3039,0.1007,0.8282,9.9498,3.6177,0.07
73.95,seguindo,gargalo_eixo,9.1232,3.67,-2.142,-0.0632,-0.0632,0.0,2.0789,0.1007,3.3039,0.1007,0.8282,9.9498,3.6177,0.07
74.0,seguindo,gargalo_eixo,9.1232,3.67,-2.142,-0.0632,-0.0632,0.0,2.0789,0.1007,3.3039,0.1007,0.8282,9.9498,3.6177,0.07
74.05,seguindo,gargalo_eixo,9.1232,3.67,-2.142,-0.0632,-0.0632,0.0,2.0789,0.1007,3.3039,0.1007,0.8282,9.9498,3.6177,0.07
74.1,seguindo,gargalo_eixo,9.1232,3.67,-2.142,-0.0632,-0.0632,0.0,2.0789,0.1007,3.3039,0.1007,0.8282,9.9498,3.6177,0.07
74.15,seguindo,gargalo_eixo,9.1232,3.67,-2.142,-0.0632,-0.0632,0.0,2.0789,0.1007,3.3039,0.1007,0.8282,9.9498,3.6177,0.07
74.2,seguindo,gargalo_eixo,9.1232,3.67,-2.142,-0.0632,-0.0632,0.0,2.0789,0.1007,3.3039,0.1007,0.8282,9.9498,3.6177,0.07
74.25,seguindo,gargalo_eixo,9.1232,3.67,-2.142,-0.0632,-0.0632,0.0,2.0789,0.1007,3.3039,0.1007,0.8282,9.9498,3.6177,0.07
74.3,seguindo,gargalo_eixo,9.1232,3.67,-2.142,-0.0632,-0.0632,0.0,2.0789,0.1007,3.3039,0.1007,0.8282,9.9498,3.6177,0.07
74.35,seguindo,gargalo_eixo,9.1232,3.67,-2.142,-0.0632,-0.0632,0.0,2.0789,0.1007,3.3039,0.1007,0.8282,9.9498,3.6177,0.07
74.4,seguindo,gargalo_eixo,9.1232,3.67,-2.142,-0.0632,-0.0632,0.0,2.0789,0.1007,3.3039,0.1007,0.8282,9.9498,3.6177,0.07
74.45,seguindo,gargalo_eixo,9.1232,3.67,-2.142,-0.0632,-0.0632,0.0,2.0789,0.1007,3.3039,0.1007,0.8282,9.9498,3.6177,0.07
74.5,seguindo,gargalo_eixo,9.1232,3.67,-2.142,-0.0632,-0.0632,0.0,2.0789,0.1007,3.3039,0.1007,0.8282,9.9498,3.6177,0.07
74.55,seguindo,gargalo_eixo,9.1232,3.67,-2.142,-0.0632,-0.0632,0.0,2.0789,0.1007,3.3039,0.1007,0.8282,9.9498,3.6177,0.07
74.6,seguindo,gargalo_eixo,9.1232,3.67,-2.142,-0.0632,-0.0632,0.0,2.0789,0.1007,3.3039,0.1007,0.8282,9.9498,3.6177,0.07
74.65,seguindo,gargalo_eixo,9.1232,3.67,-2.142,-0.0632,-0.0632,0.0,2.0789,0.1007,3.3039,0.1007,0.8282,9.9498,3.6177,0.07
74.7,seguindo,gargalo_eixo,9.1232,3.67,-2.142,-0.0632,-0.0632,0.0,2.0789,0.1007,3.3039,0.1007,0.8282,9.9498,3.6177,0.07
74.75,seguindo,gargalo_eixo,9.1232,3.67,-2.142,-0.0632,-0.0632,0.0,2.0789,0.1007,3.3039,0.1007,0.8282,9.9498,3.6177,0.07
74.8,seguindo,gargalo_eixo,9.1232,3.67,-2.142,-0.0632,-0.0632,0.0,2.0789,0.1007,3.3039,0.1007,0.8282,9.9498,3.6177,0.07
74.85,seguindo,gargalo_eixo,9.1232,3.67,-2.142,-0.0632,-0.0632,0.0,2.0789,0.1007,3.3039,0.1007,0.8282,9.9498,3.6177,0.07
74.9,seguindo,gargalo_eixo,9.1232,3.67,-2.142,-0.0632,-0.0632,0.0,2.0789,0.1007,3.3039,0.1007,0.8282,9.9498,3.6177,0.07
74.95,seguindo,gargalo_eixo,9.1232,3.67,-2.142,-0.0632,-0.0632,0.0,2.0789,0.1007,3.3039,0.1007,0.8282,9.9498,3.6177,0.07
75.0,seguindo,gargalo_eixo,9.1232,3.67,-2.142,-0.0632,-0.0632,0.0,2.0789,0.1007,3.3039,0.1007,0.8282,9.9498,3.6177,0.07
75.05,seguindo,gargalo_eixo,9.1232,3.67,-2.142,-0.0632,-0.0632,0.0,2.0789,0.1007,3.3039,0.1007,0.8282,9.9498,3.6177,0.07
75.1,seguindo,gargalo_eixo,9.1232,3.67,-2.142,-0.0632,-0.0632,0.0,2.0789,0.1007,3.3039,0.1007,0.8282,9.9498,3.6177,0.07
75.15,seguindo,gargalo_eixo,9.1232,3.67,-2.142,-0.0632,-0.0632,0.0,2.0789,0.1007,3.3039,0.1007,0.8282,9.9498,3.6177,0.07
75.2,seguindo,gargalo_eixo,9.1232,3.67,-2.142,-0.0632,-0.0632,0.0,2.0789,0.1007,3.3039,0.1007,0.8282,9.9498,3.6177,0.07
75.25,seguindo,gargalo_eixo,9.1232,3.67,-2.142,-0.0632,-0.0632,0.0,2.0789,0.1007,3.3039,0.1007,0.8282,9.9498,3.6177,0.07
75.3,seguindo,gargalo_eixo,9.1232,3.67,-2.142,-0.0632,-0.0632,0.0,2.0789,0.1007,3.3039,0.1007,0.8282,9.9498,3.6177,0.07
75.35,seguindo,gargalo_eixo,9.1232,3.67,-2.142,-0.0632,-0.0632,0.0,2.0789,0.1007,3.3039,0.1007,0.8282,9.9498,3.6177,0.07
75.4,seguindo,gargalo_eixo,9.1232,3.67,-2.142,-0.0632,-0.0632,0.0,2.0789,0.1007,3.3039,0.1007,0.8282,9.9498,3.6177,0.07
75.45,seguindo,gargalo_eixo,9.1232,3.67,-2.142,-0.0632,-0.0632,0.0,2.0789,0.1007,3.3039,0.1007,0.8282,9.9498,3.6177,0.07
75.5,seguindo,gargalo_eixo,9.1232,3.67,-2.142,-0.0632,-0.0632,0.0,2.0789,0.1007,3.3039,0.1007,0.8282,9.9498,3.6177,0.07
75.55,seguindo,gargalo_eixo,9.1232,3.67,-2.142,-0.0632,-0.0632,0.0,2.0789,0.1007,3.3039,0.1007,0.8282,9.9498,3.6177,0.07
75.6,seguindo,gargalo_eixo,9.1232,3.67,-2.142,-0.0632,-0.0632,0.0,2.0789,0.1007,3.3039,0.1007,0.8282,9.9498,3.6177,0.07
75.65,seguindo,gargalo_eixo,9.1232,3.67,-2.142,-0.0632,-0.0632,0.0,2.0789,0.1007,3.3039,0.1007,0.8282,9.9498,3.6177,0.07
75.7,seguindo,gargalo_eixo,9.1232,3.67,-2.142,-0.0632,-0.0632,0.0,2.0789,0.1007,3.3039,0.1007,0.8282,9.9498,3.6177,0.07
75.75,seguindo,gargalo_eixo,9.1232,3.67,-2.142,-0.0632,-0.0632,0.0,2.0789,0.1007,3.3039,0.1007,0.8282,9.9498,3.6177,0.07
75.8,seguindo,gargalo_eixo,9.1232,3.67,-2.142,-0.0632,-0.0632,0.0,2.0789,0.1007,3.3039,0.1007,0.8282,9.9498,3.6177,0.07
75.85,pivo_escape,,9.1232,3.67,-2.142,-2.142,,,0.0,0.0,3.3039,inf,,,,0.0
75.9,pivo_escape,,9.1232,3.67,-2.142,-2.142,,,0.0,0.0,3.3039,inf,,,,0.0
75.95,pivo_escape,,9.1232,3.67,-2.142,-2.142,,,0.0,0.0,3.3039,inf,,,,0.0
76.0,pivo_escape,,9.1232,3.67,-2.142,-2.142,,,0.0,0.0,3.3039,inf,,,,0.0
76.05,pivo_escape,,9.1232,3.67,-2.142,-2.142,,,0.0,0.0,3.3039,inf,,,,0.0
76.1,pivo_escape,,9.1232,3.67,-2.142,-2.142,,,0.0,0.0,3.3039,inf,,,,0.0
76.15,pivo_escape,,9.1232,3.67,-2.142,-2.142,,,0.0,0.0,3.3039,inf,,,,0.0
76.2,pivo_escape,,9.1232,3.67,-2.142,-2.142,,,0.0,0.0,3.3039,inf,,,,0.0
76.25,pivo_escape,,9.1237,3.6715,-2.1367,-2.1367,,,0.0,0.0,3.3024,inf,,,,0.0
76.3,pivo_escape,,9.1242,3.6731,-2.1316,-2.1316,,,0.0,0.0,3.3007,inf,,,,0.0
76.35,pivo_escape,,9.1246,3.6757,-2.1189,-2.1189,,,0.0,0.0,3.2983,inf,,,,0.0
76.4,pivo_escape,,9.1247,3.6775,-2.1086,-2.1086,,,0.0,0.0,3.2966,inf,,,,0.0
76.45,pivo_escape,,9.1245,3.6804,-2.0882,-2.0882,,,0.0,0.0,3.2941,inf,,,,0.0
76.5,pivo_escape,,9.1242,3.6824,-2.0728,-2.0728,,,0.0,0.0,3.2925,inf,,,,0.0
76.55,pivo_escape,,9.1233,3.6856,-2.0447,-2.0447,,,0.0,0.0,3.2901,inf,,,,0.0
76.6,pivo_escape,,9.1225,3.6878,-2.0241,-2.0241,,,0.0,0.0,3.2885,inf,,,,0.0
76.65,pivo_escape,,9.1209,3.6912,-1.9882,-1.9882,,,0.0,0.0,3.2863,inf,,,,0.0
76.7,pivo_escape,,9.1196,3.6935,-1.9625,-1.9625,,,0.0,0.0,3.2848,inf,,,,0.0
76.75,pivo_escape,,9.1171,3.697,-1.9189,-1.9189,,,0.0,0.0,3.2829,inf,,,,0.0
76.8,pivo_escape,,9.1153,3.6993,-1.8881,-1.8881,,,0.0,0.0,3.2817,inf,,,,0.0
76.85,pivo_escape,,9.112,3.7028,-1.8368,-1.8368,,,0.0,0.0,3.2801,inf,,,,0.0
76.9,pivo_escape,,9.1095,3.7051,-1.8008,-1.8008,,,0.0,0.0,3.2793,inf,,,,0.0
76.95,pivo_escape,,9.1053,3.7084,-1.7418,-1.7418,,,0.0,0.0,3.2783,inf,,,,0.0
77.05,seguindo,gargalo_eixo,9.0971,3.7134,-1.634,-0.4608,-0.1118,1.0676,1.1731,0.1779,3.2778,0.1779,0.8581,9.9498,3.6177,0.1136
77.1,seguindo,gargalo_eixo,9.0933,3.7152,-1.5877,-0.4624,-0.1133,1.1129,1.1253,0.1883,3.278,0.1883,0.862,9.9498,3.6177,0.1154
77.15,seguindo,gargalo_eixo,9.0872,3.7175,-1.5133,-0.4642,-0.1151,1.2067,1.0491,0.2051,3.2789,0.2051,0.8683,9.9498,3.6177,0.1177
77.2,seguindo,gargalo_eixo,9.0829,3.7187,-1.4619,-0.4651,-0.116,1.2581,0.9968,0.217,3.2799,0.217,0.8727,9.9498,3.6177,0.119
77.25,seguindo,gargalo_eixo,9.076,3.7201,-1.3798,-0.4657,-0.1166,1.349,0.9141,0.2306,3.282,0.2306,0.8798,9.9498,3.6177,0.1204
77.3,seguindo,gargalo_eixo,9.0711,3.7207,-1.3232,-0.4657,-0.1166,1.3732,0.8575,0.2255,3.2838,0.2255,0.8847,9.9498,3.6177,0.121
77.35,seguindo,gargalo_eixo,9.0634,3.7209,-1.2334,-0.4649,-0.1159,1.4677,0.7685,0.239,3.2874,0.239,0.8924,9.9498,3.6177,0.1213
77.4,seguindo,gargalo_eixo,9.0582,3.7205,-1.1717,-0.4639,-0.1148,1.53,0.7078,0.2484,3.2902,0.2484,0.8975,9.9498,3.6177,0.121
77.45,seguindo,gargalo_eixo,9.05,3.7193,-1.0742,-0.4615,-0.1124,1.5833,0.6127,0.25,3.2952,0.2631,0.9055,9.9498,3.6177,0.1198
77.5,seguindo,gargalo_eixo,9.0476,3.716,-1.0294,-0.4575,-0.1085,1.4235,0.5718,0.25,3.2993,0.2667,0.9075,9.9498,3.6177,0.1165
77.55,seguindo,gargalo_eixo,9.0491,3.7075,-0.9894,-0.4484,-0.0994,0.8486,0.5409,0.25,3.306,0.2625,0.9052,9.9498,3.6177,0.108
77.6,seguindo,gargalo_eixo,9.0504,3.7017,-0.9627,-0.3904,-0.0931,0.6607,0.5723,0.25,3.3104,0.259,0.9033,9.9498,3.6177,0.1022
77.65,seguindo,gargalo_eixo,9.0529,3.6925,-0.9217,-0.3879,-0.0832,0.677,0.5338,0.25,3.3172,0.2529,0.9,9.9498,3.6177,0.093
77.7,seguindo,gargalo_eixo,9.0542,3.6865,-0.8886,-0.4102,-0.0767,0.7411,0.4784,0.2496,3.3219,0.2496,0.8982,9.9498,3.6177,0.087
77.75,seguindo,gargalo_eixo,9.0498,3.6785,-0.782,-0.4165,-0.0675,1.3969,0.3655,0.25,3.331,0.2567,0.9021,9.9498,3.6177,0.079
77.8,seguindo,gargalo_eixo,9.0463,3.6732,-0.7052,-0.4104,-0.0613,1.689,0.2948,0.25,3.3374,0.2625,0.9052,9.9498,3.6177,0.0738
77.85,seguindo,gargalo_eixo,9.0409,3.6653,-0.588,-0.4014,-0.0523,1.94,0.1866,0.25,3.3469,0.2716,0.9101,9.9498,3.6177,0.0659
77.9,seguindo,gargalo_eixo,9.0375,3.6598,-0.5093,-0.3952,-0.0462,1.9591,0.1141,0.25,3.3533,0.2775,0.9132,9.9498,3.6177,0.0605
77.95,seguindo,gargalo_eixo,9.0334,3.6518,-0.3986,-0.3862,-0.0372,1.8942,0.0123,0.25,3.3623,0.2845,0.917,9.9498,3.6177,0.0525
78.0,seguindo,gargalo_eixo,9.0313,3.6464,-0.3278,-0.3803,-0.0313,1.8152,-0.0525,0.25,3.3681,0.2883,0.919,9.9498,3.6177,0.0472
78.05,seguindo,gargalo_eixo,9.0288,3.6388,-0.2291,-0.3719,-0.0229,1.6946,-0.1428,0.25,3.376,0.2926,0.9213,9.9498,3.6177,0.0395
78.1,seguindo,gargalo_eixo,9.0275,3.6339,-0.1672,-0.3666,-0.0176,1.6323,-0.1994,0.25,3.3809,0.2949,0.9225,9.9498,3.6177,0.0347
78.15,seguindo,gargalo_eixo,9.0255,3.6268,-0.0776,-0.3589,-0.0099,1.5231,-0.2813,0.25,3.3881,0.2976,0.9244,9.9498,3.6177,0.0276
78.2,seguindo,gargalo_eixo,9.0239,3.6223,-0.0213,-0.354,-0.005,1.4595,-0.3327,0.25,3.3928,0.2941,0.926,9.9498,3.6177,0.0231
78.25,seguindo,gargalo_eixo,9.0221,3.6158,0.059,-0.347,0.0021,1.3659,-0.406,0.25,3.3994,0.2962,0.9278,9.9498,3.6177,0.0166
78.3,seguindo,gargalo_eixo,9.0215,3.6117,0.1108,-0.3426,0.0065,1.3326,-0.4533,0.25,3.4032,0.2969,0.9283,9.9498,3.6177,0.0125
78.35,seguindo,gargalo_eixo,9.0214,3.6058,0.1846,-0.3362,0.0128,1.2561,-0.5208,0.25,3.4084,0.2971,0.9285,9.9498,3.6177,0.0066
78.4,seguindo,gargalo_eixo,9.0215,3.6022,0.23,-0.3324,0.0167,1.1917,-0.5623,0.25,3.4116,0.297,0.9284,9.9498,3.6177,0.003
78.45,seguindo,gargalo_eixo,9.0247,3.5977,0.295,-0.3275,0.0216,1.104,-0.6225,0.25,3.414,0.2933,0.9253,9.9498,3.6177,-0.0015
78.5,seguindo,gargalo_eixo,9.0283,3.5953,0.3364,-0.3248,0.0243,1.0647,-0.6612,0.25,3.4144,0.2936,0.9218,9.9498,3.6177,-0.0039
78.55,seguindo,gargalo_eixo,9.0362,3.5935,0.3937,-0.3226,0.0265,0.987,-0.7163,0.25,3.4122,0.2787,0.9139,9.9498,3.6177,-0.0058
78.6,seguindo,gargalo_eixo,9.0428,3.5933,0.4279,-0.3222,0.0269,0.9333,-0.75,0.25,3.4093,0.2665,0.9074,9.9498,3.6177,-0.0061
78.65,seguindo,gargalo_eixo,9.0546,3.5949,0.4741,-0.3236,0.0255,0.8187,-0.7977,0.2447,3.4024,0.2447,0.8955,9.9498,3.6177,-0.0046
78.7,seguindo,gargalo_eixo,9.0633,3.597,0.5017,-0.3089,0.0234,0.7384,-0.8106,0.2291,3.3964,0.2291,0.8867,9.9498,3.6177,-0.0026
78.75,seguindo,gargalo_eixo,9.0764,3.6009,0.5385,-0.2707,0.0192,0.6443,-0.8093,0.2186,3.3869,0.2186,0.8736,9.9498,3.6177,0.0012
78.8,seguindo,gargalo_eixo,9.0847,3.6038,0.5603,-0.2544,0.0161,0.601,-0.8147,0.1968,3.3804,0.1968,0.8652,9.9498,3.6177,0.0041
78.85,seguindo,gargalo_eixo,9.0968,3.6087,0.5892,-0.2174,0.0106,0.5067,-0.8066,0.1646,3.3705,0.1646,0.8531,9.9498,3.6177,0.0089
78.9,seguindo,gargalo_eixo,9.1047,3.6121,0.6063,-0.2006,0.0067,0.4606,-0.807,0.1437,3.3639,0.1437,0.8451,9.9498,3.6177,0.0122
78.95,seguindo,gargalo_eixo,9.1161,3.6177,0.6285,-0.1767,-0.0,0.3927,-0.8052,0.1143,3.3537,0.1143,0.8337,9.9498,3.6177,0.0178
79.0,seguindo,gargalo_eixo,9.1235,3.6217,0.6405,-0.1584,-0.0048,0.3413,-0.7989,0.0961,3.3467,0.0961,0.8263,9.9498,3.6177,0.0217
79.05,seguindo,gargalo_eixo,9.1333,3.6277,0.6525,-0.1206,-0.0123,0.2406,-0.7731,0.0691,3.3369,0.0691,0.8165,9.9498,3.6177,0.0277
79.1,seguindo,gargalo_eixo,9.1394,3.6318,0.6579,-0.1051,-0.0174,0.1947,-0.763,0.044,3.3305,0.044,0.8105,9.9498,3.6177,0.0317
79.15,seguindo,gargalo_eixo,9.1471,3.6375,0.6608,-0.0664,-0.0247,0.0928,-0.7272,0.0123,3.3219,0.0123,0.8029,9.9498,3.6177,0.0374
79.2,seguindo,gargalo_eixo,9.1518,3.6411,0.6608,-0.0421,-0.0294,0.0283,-0.7028,0.25,3.3166,0.3882,0.7984,9.9498,3.6177,0.041
79.25,seguindo,gargalo_eixo,9.1608,3.6486,0.6567,-0.021,-0.0391,-0.0403,-0.6777,0.25,3.3058,0.3795,0.7896,9.9498,3.6177,0.0483
79.3,seguindo,gargalo_eixo,9.1678,3.6545,0.6516,-0.0126,-0.047,-0.0764,-0.6642,0.25,3.2975,0.3732,0.7829,9.9498,3.6177,0.0542
79.35,seguindo,gargalo_eixo,9.1802,3.6643,0.6483,-0.0225,-0.0604,-0.0843,-0.6708,0.25,3.2831,0.3541,0.771,9.9498,3.6177,0.0639
79.4,seguindo,gargalo_eixo,9.1893,3.6712,0.6483,-0.0552,-0.0702,-0.0334,-0.7035,0.25,3.2728,0.3419,0.7623,9.9498,3.6177,0.0707
79.45,seguindo,gargalo_eixo,9.2009,3.6794,0.6535,-0.1054,-0.0823,0.0515,-0.7589,0.25,3.2603,0.3268,0.7514,9.9498,3.6177,0.0789
79.5,seguindo,gargalo_eixo,9.2077,3.684,0.6592,-0.1386,-0.0891,0.1098,-0.7978,0.25,3.2532,0.3184,0.7451,9.9498,3.6177,0.0834
79.55,seguindo,gargalo_eixo,9.2164,3.6895,0.6731,-0.186,-0.0976,0.1964,-0.8591,0.25,3.2444,0.3076,0.7369,9.9498,3.6177,0.0888
79.6,seguindo,gargalo_eixo,9.2216,3.6924,0.6847,-0.2081,-0.1023,0.2352,-0.8928,0.25,3.2395,0.3015,0.732,9.9498,3.6177,0.0917
79.65,seguindo,gargalo_eixo,9.231,3.6989,0.6974,-0.2262,-0.1124,0.2528,-0.9236,0.25,3.2296,0.2962,0.7233,9.9498,3.6177,0.098
79.7,seguindo,gargalo_eixo,9.238,3.704,0.7031,-0.2038,-0.1207,0.1848,-0.907,0.25,3.2219,0.2845,0.717,9.9498,3.6177,0.1031
79.75,seguindo,gargalo_eixo,9.2483,3.7124,0.7061,-0.1729,-0.1342,0.086,-0.8789,0.25,3.2099,0.2674,0.7079,9.9498,3.6177,0.1113
79.8,seguindo,gargalo_eixo,9.2551,3.7182,0.7061,-0.1566,-0.1437,0.0288,-0.8627,0.25,3.2017,0.2565,0.702,9.9498,3.6177,0.117
79.85,seguindo,gargalo_eixo,9.2651,3.7273,0.701,-0.1361,-0.1587,-0.0501,-0.8372,0.2409,3.1891,0.2409,0.6934,9.9498,3.6177,0.126
79.9,seguindo,gargalo_eixo,9.2718,3.7334,0.6959,-0.1229,-0.1691,-0.1026,-0.8188,0.2309,3.1807,0.2309,0.6878,9.9498,3.6177,0.132
79.95,seguindo,gargalo_eixo,9.2814,3.7427,0.6832,-0.1047,-0.1849,-0.1782,-0.7879,0.2309,3.1681,0.2309,0.68,9.9498,3.6177,0.1411
80.0,seguindo,gargalo_eixo,9.2877,3.7489,0.673,-0.0925,-0.1956,-0.2291,-0.7654,0.2212,3.1599,0.2212,0.6749,9.9498,3.6177,0.1472
80.05,seguindo,gargalo_eixo,9.297,3.7582,0.6526,-0.0743,-0.212,-0.3061,-0.7269,0.2034,3.1474,0.2034,0.6677,9.9498,3.6177,0.1564
80.1,seguindo,gargalo_eixo,9.3032,3.7644,0.6372,-0.0699,-0.2232,-0.3406,-0.7071,0.1909,3.1392,0.1909,0.663,9.9498,3.6177,0.1624
80.15,seguindo,gargalo_eixo,9.3126,3.774,0.6092,-0.047,-0.2406,-0.4302,-0.6562,0.1725,3.1265,0.1725,0.6561,9.9498,3.6177,0.1718
80.2,seguindo,gargalo_eixo,9.319,3.7804,0.5886,-0.0338,-0.2525,-0.4859,-0.6225,0.1602,3.1179,0.1602,0.6514,9.9498,3.6177,0.178
80.25,seguindo,gargalo_eixo,9.3288,3.7902,0.5528,-0.0147,-0.2709,-0.5693,-0.5675,0.1581,3.1049,0.1581,0.6445,9.9498,3.6177,0.1875
80.3,seguindo,gargalo_eixo,9.3355,3.7966,0.5271,-0.0141,-0.2834,-0.5985,-0.5412,0.1443,3.0963,0.1443,0.6399,9.9498,3.6177,0.1938
80.35,seguindo,gargalo_eixo,9.3446,3.8062,0.4782,0.0338,-0.3019,-0.746,-0.4443,0.1268,3.0838,0.1268,0.6339,9.9498,3.6177,0.2031
80.4,seguindo,gargalo_eixo,9.3501,3.8125,0.4393,0.035,-0.314,-0.8782,-0.4042,0.117,3.0757,0.117,0.6305,9.9498,3.6177,0.2092
80.45,seguindo,gargalo_eixo,9.3607,3.8223,0.3852,0.0148,-0.3343,-0.9299,-0.3704,0.0979,3.0623,0.0979,0.6237,9.9498,3.6177,0.2186
80.5,seguindo,normal,9.369,3.8287,0.354,-0.2946,-0.2946,-0.8525,-0.6487,0.5,3.053,0.6103,0.37,9.7608,3.7098,0.2246
80.55,seguindo,normal,9.3835,3.8377,0.3125,-0.3269,-0.3269,-0.7272,-0.6394,0.5,3.0388,0.6103,0.37,9.7608,3.7098,0.2331
80.6,seguindo,normal,9.394,3.8433,0.2878,-0.3492,-0.3492,-0.6861,-0.637,0.5,3.0293,0.6103,0.37,9.7608,3.7098,0.2381
80.65,seguindo,normal,9.4085,3.8501,0.256,-0.3791,-0.3791,-0.5771,-0.6351,0.5,3.0171,0.6103,0.37,9.7608,3.7098,0.244
80.7,seguindo,normal,9.4174,3.8539,0.2378,-0.2879,-0.2879,-0.5001,-0.5257,0.4971,3.01,0.4971,0.37,9.7948,3.7422,0.2473
80.75,seguindo,normal,9.4289,3.8585,0.215,-0.3078,-0.3078,-0.4098,-0.5228,0.4971,3.0011,0.4971,0.37,9.7948,3.7422,0.2511
80.8,seguindo,normal,9.4357,3.861,0.2023,-0.3194,-0.3194,-0.3735,-0.5217,0.4971,2.9961,0.4971,0.37,9.7948,3.7422,0.253
80.85,seguindo,normal,9.4441,3.8639,0.1866,-0.3341,-0.3341,-0.2841,-0.5207,0.4971,2.99,0.4971,0.37,9.7948,3.7422,0.2551
80.9,seguindo,normal,9.449,3.8655,0.1782,-0.2266,-0.2266,-0.2405,-0.4048,0.4285,2.9866,0.4285,0.37,9.8245,3.779,0.2562
80.95,seguindo,normal,9.4535,3.867,0.1699,-0.233,-0.233,-0.1654,-0.4029,0.4285,2.9834,0.4285,0.37,9.8245,3.779,0.2573
81.0,seguindo,normal,9.4553,3.8676,0.1666,-0.2356,-0.2356,-0.1155,-0.4023,0.4285,2.9822,0.4285,0.37,9.8245,3.779,0.2577
81.05,seguindo,normal,9.4552,3.8678,0.1636,-0.236,-0.236,-0.0629,-0.3997,0.4285,2.982,0.4285,0.37,9.8245,3.779,0.2579
81.1,seguindo,normal,9.4539,3.8677,0.1626,-0.2349,-0.2349,-0.0471,-0.3975,0.4285,2.9827,0.4285,0.37,9.8245,3.779,0.2579
81.15,seguindo,normal,9.449,3.867,0.1608,-0.2303,-0.2303,-0.0289,-0.3911,0.4285,2.9853,0.4285,0.37,9.8245,3.779,0.2577
81.2,seguindo,normal,9.4445,3.8664,0.1596,-0.3407,-0.3407,-0.0293,-0.5003,0.4971,2.9876,0.4971,0.37,9.7948,3.7422,0.2575
81.25,seguindo,normal,9.4348,3.8649,0.1581,-0.3286,-0.3286,-0.0268,-0.4867,0.4971,2.9929,0.4971,0.37,9.7948,3.7422,0.257
81.3,seguindo,normal,9.4271,3.8638,0.1572,-0.3194,-0.3194,-0.025,-0.4766,0.4971,2.997,0.4971,0.37,9.7948,3.7422,0.2565
81.35,seguindo,normal,9.4183,3.8629,0.1517,-0.3103,-0.3103,-0.0645,-0.462,0.4971,3.0015,0.4971,0.37,9.7948,3.7422,0.2562
81.4,seguindo,normal,9.4137,3.8628,0.1452,-0.3064,-0.3064,-0.1202,-0.4515,0.4971,3.0035,0.4971,0.37,9.7948,3.7422,0.2563
81.45,seguindo,normal,9.4094,3.8633,0.1312,-0.3045,-0.3045,-0.2055,-0.4357,0.4971,3.0047,0.4971,0.37,9.7948,3.7422,0.2571
81.5,seguindo,normal,9.4078,3.8641,0.119,-0.3053,-0.3053,-0.2591,-0.4243,0.4971,3.0047,0.4971,0.37,9.7948,3.7422,0.258
81.55,seguindo,normal,9.4082,3.866,0.0969,-0.3099,-0.3099,-0.343,-0.4068,0.4971,3.0028,0.4971,0.37,9.7948,3.7422,0.2599
81.6,seguindo,normal,9.4108,3.8683,0.0714,-0.3173,-0.3173,-0.3997,-0.3887,0.4971,2.9996,0.4971,0.37,9.7948,3.7422,0.262
81.65,seguindo,normal,9.4152,3.8703,0.0505,-0.3254,-0.3254,-0.4588,-0.376,0.4971,2.996,0.4971,0.37,9.7948,3.7422,0.2637
81.7,seguindo,normal,9.4202,3.8722,0.029,-0.3342,-0.3342,-0.5071,-0.3632,0.4971,2.9922,0.4971,0.37,9.7948,3.7422,0.2654
81.75,seguindo,normal,9.4304,3.8752,-0.0061,-0.35,-0.35,-0.5665,-0.3439,0.4971,2.9853,0.4971,0.37,9.7948,3.7422,0.2676
81.8,seguindo,normal,9.4387,3.877,-0.0303,-0.362,-0.362,-0.5836,-0.3317,0.4971,2.9802,0.4971,0.37,9.7948,3.7422,0.2687
81.85,seguindo,normal,9.4501,3.8793,-0.0647,-0.2619,-0.2619,-0.5858,-0.1972,0.4285,2.9735,0.4285,0.37,9.8245,3.779,0.2699
81.9,seguindo,normal,9.4571,3.8807,-0.0885,-0.2703,-0.2703,-0.5845,-0.1817,0.4285,2.9694,0.4285,0.37,9.8245,3.779,0.2706
81.95,seguindo,normal,9.4655,3.8823,-0.1185,-0.2804,-0.2804,-0.5377,-0.1619,0.4285,2.9646,0.4285,0.37,9.8245,3.779,0.2715
82.0,seguindo,normal,9.4701,3.8832,-0.1362,-0.2861,-0.2861,-0.4818,-0.1499,0.4285,2.9619,0.4285,0.37,9.8245,3.779,0.2717
82.05,seguindo,normal,9.4752,3.8842,-0.1564,-0.2925,-0.2925,-0.375,-0.1361,0.4285,2.9591,0.4285,0.37,9.8245,3.779,0.2719
82.1,seguindo,normal,9.4777,3.8846,-0.167,-0.2957,-0.2957,-0.3308,-0.1287,0.4285,2.9576,0.4285,0.37,9.8245,3.779,0.272
82.15,seguindo,normal,9.4843,3.885,-0.1876,-0.1777,-0.1777,-0.3037,0.0099,0.3915,2.9546,0.3915,0.37,9.8498,3.8194,0.2715
82.2,seguindo,normal,9.4902,3.8852,-0.2038,-0.1811,-0.1811,-0.3682,0.0227,0.3915,2.9521,0.3915,0.37,9.8498,3.8194,0.2709
82.25,seguindo,normal,9.5017,3.885,-0.2333,-0.1864,-0.1864,-0.4526,0.047,0.3915,2.9478,0.3915,0.37,9.8498,3.8194,0.269
82.3,seguindo,normal,9.5108,3.8846,-0.2556,-0.1901,-0.1901,-0.4986,0.0654,0.3915,2.9447,0.3915,0.37,9.8498,3.8194,0.2668
82.35,seguindo,normal,9.5269,3.883,-0.2903,-0.059,-0.059,-0.5758,0.2314,0.3789,2.94,0.3789,0.37,9.871,3.8627,0.262
82.4,seguindo,normal,9.5388,3.8813,-0.314,-0.056,-0.056,-0.5845,0.258,0.3789,2.937,0.3789,0.37,9.871,3.8627,0.2573
82.45,seguindo,normal,9.5567,3.8781,-0.3492,0.09,0.09,-0.5884,0.4392,0.3873,2.9332,0.3873,0.37,9.8886,3.9081,0.2493
82.5,seguindo,normal,9.5686,3.8757,-0.3723,0.101,0.101,-0.5825,0.4733,0.3873,2.9311,0.3873,0.37,9.8886,3.9081,0.2425
82.55,seguindo,normal,9.5864,3.8713,-0.4061,0.2585,0.2585,-0.5695,0.6646,0.416,2.9286,0.416,0.37,9.9031,3.9551,0.2314
82.6,seguindo,normal,9.5983,3.8681,-0.428,0.4032,0.4032,-0.5605,0.8312,0.4667,2.9274,0.4667,0.37,9.9149,4.0031,0.2229
82.65,seguindo,normal,9.6157,3.8625,-0.4577,0.4394,0.4394,-0.5229,0.8971,0.4667,2.9264,0.4667,0.37,9.9149,4.0031,0.2089
82.7,seguindo,normal,9.6269,3.8584,-0.4752,0.5768,0.5768,-0.4721,1.052,0.5,2.9263,0.5422,0.37,9.9243,4.0519,0.199
82.75,seguindo,normal,9.6432,3.8518,-0.4958,0.6187,0.6187,-0.3814,1.1146,0.5,2.9268,0.5422,0.37,9.9243,4.0519,0.1839
82.8,seguindo,normal,9.6539,3.847,-0.5064,0.6484,0.6484,-0.3318,1.1547,0.5,2.9276,0.5422,0.37,9.9243,4.0519,0.1731
82.85,seguindo,normal,9.667,3.8408,-0.5165,0.687,0.687,-0.2069,1.2036,0.5,2.9291,0.5422,0.37,9.9243,4.0519,0.1596
82.9,seguindo,normal,9.6743,3.837,-0.521,0.7984,0.7984,-0.146,1.3194,0.5,2.9302,0.6449,0.37,9.9317,4.1011,0.1517
82.95,seguindo,normal,9.6843,3.8313,-0.5219,0.8287,0.8287,-0.0533,1.3505,0.5,2.9323,0.6449,0.37,9.9317,4.1011,0.1408
83.0,seguindo,normal,9.6905,3.8276,-0.5206,0.8481,0.8481,0.0035,1.3687,0.5,2.9337,0.6449,0.37,9.9317,4.1011,0.1338
83.05,seguindo,normal,9.6987,3.8223,-0.5134,0.8748,0.8748,0.0842,1.3882,0.5,2.9361,0.6449,0.37,9.9317,4.1011,0.1243
83.1,seguindo,normal,9.7038,3.8188,-0.5071,0.8917,0.8917,0.1192,1.3987,0.5,2.9377,0.6449,0.37,9.9317,4.1011,0.1182
83.15,seguindo,normal,9.7105,3.8138,-0.492,0.9146,0.9146,0.2057,1.4066,0.5,2.9403,0.6449,0.37,9.9317,4.1011,0.11
83.2,seguindo,normal,9.7146,3.8106,-0.4805,0.929,0.929,0.2656,1.4095,0.5,2.9421,0.6449,0.37,9.9317,4.1011,0.1049
83.25,seguindo,normal,9.7207,3.8055,-0.4582,0.9509,0.9509,0.3379,1.4091,0.5,2.945,0.6449,0.37,9.9317,4.1011,0.0969
83.3,seguindo,normal,9.7247,3.802,-0.4416,0.9656,0.9656,0.3752,1.4072,0.5,2.947,0.6449,0.37,9.9317,4.1011,0.0916
83.35,seguindo,normal,9.7309,3.7965,-0.4117,0.9881,0.9881,0.4656,1.3998,0.5,2.9503,0.6449,0.37,9.9317,4.1011,0.0833
83.4,seguindo,normal,9.7352,3.7928,-0.3899,1.0033,1.0033,0.5171,1.3932,0.5,2.9525,0.6449,0.37,9.9317,4.1011,0.0778
83.45,seguindo,normal,9.7415,3.787,-0.3522,1.0263,1.0263,0.5947,1.3785,0.5,2.9561,0.6449,0.37,9.9317,4.1011,0.0692
83.5,seguindo,normal,9.7458,3.7832,-0.3252,1.0417,1.0417,0.6467,1.367,0.5,2.9584,0.6449,0.37,9.9317,4.1011,0.0635
83.55,seguindo,normal,9.7523,3.7772,-0.2798,1.0651,1.0651,0.724,1.3449,0.5,2.9621,0.6449,0.37,9.9317,4.1011,0.0546
83.6,seguindo,normal,9.7568,3.7733,-0.2477,1.0807,1.0807,0.7586,1.3284,0.5,2.9645,0.6449,0.37,9.9317,4.1011,0.0487
83.65,seguindo,normal,9.7637,3.7673,-0.1945,1.1045,1.1045,0.8441,1.299,0.5,2.9681,0.6449,0.37,9.9317,4.1011,0.0396
83.7,seguindo,normal,9.7684,3.7634,-0.1573,0.8484,0.8484,0.9039,1.0057,0.5,2.9704,0.7451,0.37,10.0272,4.057,0.0001
83.75,seguindo,normal,9.7758,3.7575,-0.0971,0.8724,0.8724,0.9839,0.9695,0.5,2.9739,0.7451,0.37,10.0272,4.057,-0.0089
83.8,seguindo,normal,9.7808,3.7537,-0.0555,0.9164,0.9164,1.0207,0.9719,0.5,2.976,0.6933,0.37,10.0498,4.1044,-0.015
83.85,seguindo,normal,9.7887,3.7484,0.0071,0.9379,0.9379,1.0423,0.9308,0.5,2.9788,0.6933,0.37,10.0498,4.1044,-0.0239
83.9,seguindo,normal,9.7941,3.7452,0.0488,0.9522,0.9522,1.0516,0.9033,0.5,2.9804,0.6933,0.37,10.0498,4.1044,-0.0297
83.95,seguindo,normal,9.8025,3.7407,0.1116,0.9735,0.9735,1.0451,0.8619,0.5,2.9823,0.6933,0.37,10.0498,4.1044,-0.0382
84.0,seguindo,normal,9.8082,3.738,0.1535,0.9877,0.9877,1.0466,0.8342,0.5,2.9832,0.6933,0.37,10.0498,4.1044,-0.0437
84.05,seguindo,normal,9.8169,3.7344,0.2165,1.0089,1.0089,1.0493,0.7924,0.5,2.9842,0.6933,0.37,10.0498,4.1044,-0.0517
84.1,seguindo,normal,9.8228,3.7323,0.2586,1.023,1.023,1.0507,0.7644,0.5,2.9846,0.6933,0.37,10.0498,4.1044,-0.0569
84.15,seguindo,normal,9.832,3.7297,0.321,1.0441,1.0441,1.0459,0.7231,0.5,2.9845,0.6933,0.37,10.0498,4.1044,-0.0643
84.2,seguindo,normal,9.8382,3.7284,0.3619,1.0582,1.0582,1.0327,0.6963,0.5,2.9841,0.6933,0.37,10.0498,4.1044,-0.0692
84.25,seguindo,normal,9.8477,3.727,0.4231,1.0792,1.0792,1.0111,0.6561,0.5,2.983,0.6933,0.37,10.0498,4.1044,-0.0761
84.3,seguindo,normal,9.8541,3.7263,0.4639,1.0931,1.0931,1.0203,0.6292,0.5,2.9819,0.6933,0.37,10.0498,4.1044,-0.0805
84.35,seguindo,normal,9.8638,3.7259,0.5247,1.1139,1.1139,1.026,0.5892,0.5,2.9797,0.6933,0.37,10.0498,4.1044,-0.0867
84.4,seguindo,normal,9.8702,3.7259,0.5651,1.1282,1.1282,1.0119,0.5632,0.5,2.978,0.7254,0.37,10.0725,4.1527,-0.0906
84.45,seguindo,normal,9.8799,3.7265,0.6253,1.1464,1.1464,1.0058,0.5211,0.5,2.9749,0.7254,0.37,10.0725,4.1527,-0.096
84.5,seguindo,normal,9.8863,3.7273,0.6652,1.1583,1.1583,1.0016,0.4931,0.5,2.9725,0.7254,0.37,10.0725,4.1527,-0.0993
84.55,seguindo,normal,9.8959,3.729,0.7247,1.1761,1.1761,0.9947,0.4513,0.5,2.9684,0.7254,0.37,10.0725,4.1527,-0.1038
84.6,seguindo,normal,9.9023,3.7305,0.7642,1.1877,1.1877,0.9913,0.4235,0.5,2.9653,0.7254,0.37,10.0725,4.1527,-0.1065
84.65,seguindo,normal,9.9118,3.7333,0.823,1.2049,1.2049,0.9726,0.3819,0.5,2.9603,0.7254,0.37,10.0725,4.1527,-0.1105
84.7,seguindo,normal,9.918,3.7355,0.862,1.2162,1.2162,0.9776,0.3542,0.5,2.9566,0.7254,0.37,10.0725,4.1527,-0.1129
84.75,seguindo,normal,9.9271,3.7393,0.9199,1.2328,1.2328,0.9788,0.3128,0.5,2.9507,0.7254,0.37,10.0725,4.1527,-0.116
84.8,seguindo,normal,9.9331,3.7421,0.9584,1.0824,1.0824,0.966,0.124,0.5,2.9464,0.9482,1.0,10.442,4.7,-0.1177
84.85,seguindo,normal,9.9419,3.747,1.0155,1.0875,1.0875,0.9555,0.072,0.5,2.9396,0.9482,1.0,10.442,4.7,-0.1198
84.9,seguindo,normal,9.9476,3.7505,1.0533,1.0907,1.0907,0.9592,0.0374,0.5,2.9348,0.9482,1.0,10.442,4.7,-0.1208
84.95,seguindo,normal,9.9559,3.7562,1.1101,1.0952,1.0952,0.9456,-0.0149,0.5,2.9273,0.9482,1.0,10.442,4.7,-0.1219
85.001,seguindo,normal,9.9615,3.7603,1.1477,1.0981,1.0981,0.9438,-0.0496,0.5,2.922,0.9482,1.0,10.442,4.7,-0.1228
85.05,seguindo,normal,9.9698,3.7676,1.2013,1.102,1.102,0.9122,-0.0993,0.5,2.913,0.9482,1.0,10.442,4.7,-0.1234
85.1,seguindo,normal,9.9753,3.7729,1.2355,1.1044,1.1044,0.8887,-0.1312,0.5,2.9065,0.9482,1.0,10.442,4.7,-0.1235
85.151,seguindo,normal,9.9828,3.782,1.2834,1.1055,1.1055,0.834,-0.1779,0.5,2.8959,1.463,1.0,10.4688,4.75,-0.1223
85.2,seguindo,normal,9.9874,3.7884,1.3124,1.1066,1.1066,0.7686,-0.2058,0.5,2.8886,1.463,1.0,10.4688,4.75,-0.121
85.25,seguindo,normal,9.9943,3.8012,1.3519,1.107,1.107,0.6852,-0.2449,0.5,2.8746,1.463,1.0,10.4688,4.75,-0.1168
85.3,seguindo,normal,9.9985,3.8113,1.3749,1.1063,1.1063,0.6416,-0.2686,0.5,2.8638,1.463,1.0,10.4688,4.75,-0.1131
85.35,seguindo,normal,10.0042,3.8278,1.4044,1.1041,1.1041,0.5258,-0.3004,0.5,2.8464,1.463,1.0,10.4688,4.75,-0.1067
85.4,seguindo,normal,10.0075,3.8394,1.4213,1.1046,1.1046,0.4646,-0.3167,0.5,2.8343,1.4813,1.0,10.4909,4.8,-0.1017
85.45,seguindo,normal,10.0118,3.8572,1.4423,1.1007,1.1007,0.3782,-0.3416,0.5,2.8161,1.4813,1.0,10.4909,4.8,-0.0934
85.5,seguindo,normal,10.0142,3.8691,1.4532,1.0976,1.0976,0.319,-0.3556,0.5,2.804,1.4813,1.0,10.4909,4.8,-0.0876
85.55,seguindo,normal,10.0172,3.887,1.464,1.0922,1.0922,0.2171,-0.3718,0.5,2.7858,1.4813,1.0,10.4909,4.8,-0.0794
85.6,seguindo,normal,10.0188,3.8991,1.4684,1.0881,1.0881,0.1717,-0.3803,0.5,2.7737,1.4813,1.0,10.4909,4.8,-0.0737
85.65,seguindo,normal,10.0207,3.9172,1.4699,1.0893,1.0893,0.0695,-0.3806,0.5,2.7556,1.2505,1.0,10.5082,4.85,-0.0648
85.7,seguindo,normal,10.0219,3.9291,1.469,1.0849,1.0849,0.0056,-0.3841,0.5,2.7437,1.2505,1.0,10.5082,4.85,-0.0588
85.75,seguindo,normal,10.0233,3.9472,1.4627,1.0779,1.0779,-0.0713,-0.3849,0.5,2.7258,1.2505,1.0,10.5082,4.85,-0.0501
85.8,seguindo,normal,10.0241,3.9594,1.4567,1.073,1.073,-0.1059,-0.3838,0.5,2.7138,1.2505,1.0,10.5082,4.85,-0.0446
85.85,seguindo,normal,10.0252,3.9776,1.4428,1.0774,1.0774,-0.1995,-0.3654,0.5,2.6959,0.9807,1.0,10.5212,4.9,-0.0361
85.9,seguindo,normal,10.0259,3.9897,1.4317,1.0725,1.0725,-0.2504,-0.3592,0.5,2.6839,0.9807,1.0,10.5212,4.9,-0.0305
85.95,seguindo,normal,10.0268,4.0079,1.41,1.0648,1.0648,-0.3278,-0.3453,0.5,2.666,0.9807,1.0,10.5212,4.9,-0.0225
86.0,seguindo,normal,10.0275,4.0199,1.3937,1.0596,1.0596,-0.3798,-0.3341,0.5,2.6541,0.9807,1.0,10.5212,4.9,-0.0175
86.05,seguindo,normal,10.0287,4.038,1.3656,1.0676,1.0676,-0.4436,-0.2981,0.5,2.6362,0.8291,1.0,10.5307,4.95,-0.0101
86.1,seguindo,normal,10.0297,4.05,1.3457,1.0628,1.0628,-0.4723,-0.2829,0.5,2.6243,0.8291,1.0,10.5307,4.95,-0.0054
86.15,seguindo,normal,10.0316,4.0681,1.3157,1.0557,1.0557,-0.4991,-0.26,0.5,2.6064,0.8291,1.0,10.5307,4.95,0.0008
86.2,seguindo,normal,10.0331,4.08,1.2958,1.0512,1.0512,-0.4932,-0.2446,0.5,2.5944,0.8291,1.0,10.5307,4.95,0.0046
86.25,seguindo,normal,10.0359,4.098,1.2661,1.0634,1.0634,-0.4967,-0.2027,0.5,2.5763,0.7544,1.0,10.5374,5.0,0.0098
86.3,seguindo,normal,10.0381,4.1099,1.2463,1.0596,1.0596,-0.4961,-0.1867,0.5,2.5642,0.7544,1.0,10.5374,5.0,0.0129
86.35,seguindo,normal,10.0419,4.1277,1.217,1.0542,1.0542,-0.4906,-0.1628,0.5,2.546,0.7544,1.0,10.5374,5.0,0.0171
86.4,seguindo,normal,10.0447,4.1395,1.1979,0.9559,0.9559,-0.4834,-0.2421,0.5,2.5338,1.4934,0.37,10.2993,4.5001,0.0196
86.45,seguindo,normal,10.0495,4.1573,1.1698,0.9409,0.9409,-0.4722,-0.2289,0.5,2.5155,1.4934,0.37,10.2993,4.5001,0.0228
86.5,seguindo,normal,10.053,4.1691,1.1515,0.9309,0.9309,-0.4647,-0.2206,0.5,2.5032,1.4934,0.37,10.2993,4.5001,0.0247
86.55,seguindo,normal,10.0587,4.1867,1.1245,0.9159,0.9159,-0.4527,-0.2087,0.5,2.4847,1.4934,0.37,10.2993,4.5001,0.0273
86.6,seguindo,normal,10.0629,4.1985,1.1077,0.9062,0.9062,-0.4412,-0.2015,0.5,2.4722,1.7927,0.37,10.3383,4.55,0.0287
86.65,seguindo,normal,10.0698,4.2162,1.0834,0.8934,0.8934,-0.4152,-0.19,0.5,2.4534,1.7927,0.37,10.3383,4.55,0.0304
86.7,seguindo,normal,10.0748,4.228,1.0687,0.885,0.885,-0.3895,-0.1838,0.5,2.4407,1.7927,0.37,10.3383,4.55,0.0316
86.75,seguindo,normal,10.0829,4.2458,1.0482,0.8797,0.8797,-0.3522,-0.1685,0.5,2.4216,2.5546,0.37,10.3759,4.6,0.0329
86.8,seguindo,normal,10.0886,4.2576,1.0353,0.8727,0.8727,-0.3419,-0.1626,0.5,2.4088,2.5546,0.37,10.3759,4.6,0.0335
86.85,seguindo,normal,10.097,4.2749,1.0135,0.8618,0.8618,-0.3473,-0.1517,0.5,2.3899,2.5546,0.37,10.3759,4.6,0.0346
86.9,seguindo,normal,10.1028,4.2863,0.9983,0.8544,0.8544,-0.3696,-0.1439,0.5,2.3775,2.5546,0.37,10.3759,4.6,0.0356
86.95,seguindo,normal,10.1118,4.3033,0.9761,0.8435,0.8435,-0.3741,-0.1325,0.5,2.3589,5.3157,0.37,10.3759,4.6,0.0366
87.0,seguindo,normal,10.1181,4.3146,0.9618,0.8363,0.8363,-0.3614,-0.1254,0.5,2.3465,5.3157,0.37,10.3759,4.6,0.0369
87.05,seguindo,normal,10.128,4.3314,0.9409,0.8256,0.8256,-0.3479,-0.1153,0.5,2.3279,5.3157,0.37,10.3759,4.6,0.0377
87.1,seguindo,normal,10.1349,4.3425,0.9275,0.8186,0.8186,-0.3461,-0.109,0.5,2.3156,5.3157,0.37,10.3759,4.6,0.0382
87.15,seguindo,normal,10.1455,4.359,0.908,0.8316,0.8316,-0.3304,-0.0764,0.5,2.2971,24.5957,0.37,10.4108,4.65,0.0385
87.2,seguindo,normal,10.1528,4.3699,0.8955,0.8265,0.8265,-0.317,-0.069,0.5,2.2848,24.5957,0.37,10.4108,4.65,0.0384
87.25,seguindo,normal,10.1642,4.3862,0.8774,0.8192,0.8192,-0.3058,-0.0583,0.5,2.2665,24.5957,0.37,10.4108,4.65,0.0386
87.3,seguindo,normal,10.1721,4.397,0.8661,0.8145,0.8145,-0.2976,-0.0516,0.5,2.2543,24.5957,0.37,10.4108,4.65,0.0386
87.35,seguindo,normal,10.1842,4.413,0.8497,0.8388,0.8388,-0.2779,-0.0108,0.5,2.236,3.4858,0.37,10.442,4.7,0.0382
87.4,seguindo,normal,10.1925,4.4237,0.8393,0.8363,0.8363,-0.2678,-0.0029,0.5,2.2239,3.4858,0.37,10.442,4.7,0.0377
87.45,seguindo,normal,10.2052,4.4394,0.8245,0.8332,0.8332,-0.2486,0.0086,0.5,2.2059,3.4858,0.37,10.442,4.7,0.0372
87.5,seguindo,normal,10.2138,4.4497,0.8152,0.9016,0.9016,-0.2412,0.0864,0.5,2.1941,1.7818,0.37,10.4909,4.8,0.0366
87.55,seguindo,normal,10.2267,4.4648,0.802,0.9034,0.9034,-0.228,0.1014,0.5,2.1767,1.7818,0.37,10.4909,4.8,0.0355
87.6,seguindo,normal,10.2355,4.4748,0.7938,0.9052,0.9052,-0.2134,0.1113,0.5,2.1653,1.7818,0.37,10.4909,4.8,0.0346
87.65,seguindo,normal,10.2477,4.488,0.7861,0.9088,0.9088,-0.1665,0.1228,0.5,2.15,1.7818,0.37,10.4909,4.8,0.0332
87.7,seguindo,normal,10.2556,4.4962,0.7831,0.9508,0.9508,-0.1076,0.1678,0.5,2.1404,1.1629,0.37,10.5082,4.85,0.032
87.75,seguindo,normal,10.2678,4.5083,0.7836,0.9578,0.9578,-0.025,0.1742,0.5,2.1264,1.1629,0.37,10.5082,4.85,0.0299
87.8,seguindo,normal,10.276,4.5162,0.7857,0.963,0.963,0.0095,0.1773,0.5,2.1171,1.1629,0.37,10.5082,4.85,0.0283
87.85,seguindo,normal,10.2882,4.528,0.7902,0.9716,0.9716,0.0644,0.1814,0.5,2.1033,1.1629,0.37,10.5082,4.85,0.0259
87.9,seguindo,normal,10.2964,4.5359,0.7936,0.9776,0.9776,0.0778,0.1841,0.5,2.0942,1.1629,0.37,10.5082,4.85,0.0243
87.95,seguindo,normal,10.3087,4.5478,0.7986,1.0277,1.0277,0.0843,0.2291,0.5,2.0804,0.8827,0.37,10.5212,4.9,0.022
88.0,seguindo,normal,10.3168,4.5558,0.8019,1.0348,1.0348,0.0844,0.2329,0.5,2.0712,0.8827,0.37,10.5212,4.9,0.0205
88.05,seguindo,normal,10.3289,4.5679,0.8065,1.0459,1.0459,0.0787,0.2395,0.5,2.0573,0.8827,0.37,10.5212,4.9,0.0182
88.1,seguindo,normal,10.337,4.576,0.8092,1.0538,1.0538,0.0724,0.2446,0.5,2.048,0.8827,0.37,10.5212,4.9,0.0166
88.15,seguindo,normal,10.3492,4.5884,0.8124,1.1054,1.1054,0.0608,0.2931,0.5,2.0339,0.7596,0.37,10.5307,4.95,0.0144
88.2,seguindo,normal,10.3573,4.5968,0.8142,1.1143,1.1143,0.05,0.3001,0.5,2.0245,0.7596,0.37,10.5307,4.95,0.0129
88.25,seguindo,normal,10.3694,4.6093,0.8167,1.1285,1.1285,0.0426,0.3118,0.5,2.0103,0.7596,0.37,10.5307,4.95,0.0107
88.3,seguindo,normal,10.3775,4.6178,0.8182,1.1385,1.1385,0.0413,0.3203,0.5,2.0009,0.7596,0.37,10.5307,4.95,0.0089
88.35,seguindo,normal,10.3895,4.6304,0.8205,1.1902,1.1902,0.0388,0.3697,0.5,1.9867,0.7277,0.37,10.5374,5.0,0.0062
88.4,seguindo,normal,10.3976,4.6389,0.822,1.2014,1.2014,0.0387,0.3793,0.5,1.9773,0.7277,0.37,10.5374,5.0,0.0045
88.45,seguindo,normal,10.4096,4.6516,0.8244,1.2193,1.2193,0.0388,0.3948,0.5,1.9632,0.7277,0.37,10.5374,5.0,0.0018
88.5,seguindo,normal,10.4176,4.66,0.826,1.232,1.232,0.0399,0.406,0.5,1.9538,0.7277,0.37,10.5374,5.0,-0.0005
88.55,seguindo,normal,10.4296,4.6727,0.8285,1.2525,1.2525,0.0411,0.424,0.5,1.9398,0.7277,0.37,10.5374,5.0,-0.0039
88.6,seguindo,normal,10.4375,4.6812,0.8302,1.3197,1.3197,0.0419,0.4895,0.5,1.9305,0.7666,0.37,10.5449,5.1,-0.0061
88.65,seguindo,normal,10.4481,4.6919,0.8387,1.3379,1.3379,0.0921,0.4992,0.5,1.9188,0.7666,0.37,10.5449,5.1,-0.0095
88.7,seguindo,normal,10.4547,4.6981,0.8482,1.35,1.35,0.1796,0.5018,0.5,1.9119,0.7666,0.37,10.5449,5.1,-0.0121
88.75,seguindo,normal,10.4649,4.7074,0.868,1.3697,1.3697,0.2926,0.5017,0.5,1.9016,0.7666,0.37,10.5449,5.1,-0.0167
88.8,seguindo,normal,10.4717,4.7134,0.8846,1.3835,1.3835,0.3431,0.4988,0.5,1.895,0.7666,0.37,10.5449,5.1,-0.0198
88.85,seguindo,normal,10.4819,4.7224,0.914,1.42,1.42,0.4607,0.506,0.5,1.8851,0.8772,0.37,10.5469,5.15,-0.0246
88.9,seguindo,normal,10.4887,4.7282,0.9375,1.4337,1.4337,0.5288,0.4962,0.5,1.8787,0.8772,0.37,10.5469,5.15,-0.0278
88.95,seguindo,normal,10.4988,4.7372,0.9754,1.4549,1.4549,0.6139,0.4794,0.5,1.8689,0.8772,0.37,10.5469,5.15,-0.0326
89.0,seguindo,normal,10.5054,4.743,1.004,1.4693,1.4693,0.6647,0.4653,0.5,1.8626,0.8772,0.37,10.5469,5.15,-0.0363
89.05,seguindo,normal,10.5149,4.7518,1.0479,1.4907,1.4907,0.7245,0.4428,0.5,1.8532,0.8772,0.37,10.5469,5.15,-0.0415
89.1,seguindo,normal,10.5209,4.7576,1.0772,1.5424,1.5424,0.7326,0.4652,0.5,1.8469,1.1454,1.0,10.5505,5.8,-0.0446
89.15,seguindo,normal,10.5294,4.7667,1.119,1.5504,1.5504,0.7166,0.4314,0.5,1.8373,1.1454,1.0,10.5505,5.8,-0.0487
89.2,seguindo,normal,10.5349,4.7728,1.1452,1.5556,1.5556,0.6794,0.4104,0.5,1.8308,1.1454,1.0,10.5505,5.8,-0.0513
89.25,seguindo,normal,10.543,4.7823,1.1841,1.5634,1.5634,0.6511,0.3793,0.5,1.8208,1.1454,1.0,10.5505,5.8,-0.055
89.3,seguindo,normal,10.5481,4.7888,1.21,1.5684,1.5684,0.649,0.3584,0.5,1.814,1.1454,1.0,10.5505,5.8,-0.0578
89.35,seguindo,normal,10.5554,4.7988,1.2491,1.5757,1.5757,0.6503,0.3266,0.5,1.8037,1.1454,1.0,10.5505,5.8,-0.0614
89.4,seguindo,normal,10.56,4.8056,1.2752,1.5795,1.5795,0.6517,0.3043,0.5,1.7967,1.5089,1.0,10.5509,5.85,-0.0635
89.45,seguindo,normal,10.5665,4.816,1.3142,1.5859,1.5859,0.6508,0.2717,0.5,1.786,1.5089,1.0,10.5509,5.85,-0.0662
89.5,seguindo,normal,10.5705,4.8231,1.3401,1.5899,1.5899,0.6491,0.2499,0.5,1.7787,1.5089,1.0,10.5509,5.85,-0.0678
89.55,seguindo,normal,10.5762,4.8339,1.3788,1.5957,1.5957,0.6463,0.2169,0.5,1.7677,1.5089,1.0,10.5509,5.85,-0.0699
89.6,seguindo,normal,10.5797,4.8412,1.4045,1.5994,1.5994,0.644,0.1949,0.5,1.7602,1.5089,1.0,10.5509,5.85,-0.0714
89.65,seguindo,normal,10.5846,4.8525,1.4426,1.6046,1.6046,0.6388,0.1621,0.5,1.7487,1.5089,1.0,10.5509,5.85,-0.0733
89.7,seguindo,normal,10.5877,4.8602,1.4677,1.6056,1.6056,0.632,0.1379,0.5,1.7409,2.0825,1.0,10.5514,5.9,-0.0743
89.75,seguindo,normal,10.5917,4.8721,1.5035,1.61,1.61,0.6098,0.1064,0.5,1.7289,2.0825,1.0,10.5514,5.9,-0.0752
89.8,seguindo,normal,10.5941,4.8803,1.5266,1.6126,1.6126,0.5957,0.086,0.5,1.7207,2.0825,1.0,10.5514,5.9,-0.0755
89.85,seguindo,normal,10.5972,4.8929,1.5596,1.6162,1.6162,0.5601,0.0566,0.5,1.708,2.0825,1.0,10.5514,5.9,-0.0759
89.9,seguindo,normal,10.5989,4.9014,1.5807,1.6183,1.6183,0.5403,0.0377,0.5,1.6993,2.0825,1.0,10.5514,5.9,-0.076
89.95,seguindo,normal,10.601,4.9148,1.6099,1.6178,1.6178,0.5033,0.0079,0.5,1.686,2.9875,1.0,10.5523,5.95,-0.0756
90.0,seguindo,normal,10.602,4.9238,1.6281,1.6192,1.6192,0.4749,-0.0089,0.5,1.6768,2.9875,1.0,10.5523,5.95,-0.0749
90.05,seguindo,normal,10.6031,4.9379,1.6529,1.6209,1.6209,0.4297,-0.0319,0.5,1.6627,2.9875,1.0,10.5523,5.95,-0.0733
90.1,seguindo,normal,10.6035,4.9524,1.6753,1.6221,1.6221,0.382,-0.0532,0.5,1.6483,2.9875,1.0,10.5523,5.95,-0.0718
90.15,seguindo,normal,10.6034,4.9624,1.6877,1.6225,1.6225,0.374,-0.0652,0.5,1.6383,2.9875,1.0,10.5523,5.95,-0.0704
90.2,seguindo,normal,10.6032,4.9725,1.6994,1.619,1.619,0.327,-0.0804,0.5,1.6282,4.4285,1.0,10.5536,6.0,-0.0688
90.25,seguindo,normal,10.6019,4.9894,1.7122,1.6185,1.6185,0.2445,-0.0936,0.5,1.6113,4.4285,1.0,10.5536,6.0,-0.0653
90.3,seguindo,normal,10.5999,5.0074,1.7207,1.6175,1.6175,0.1577,-0.1033,0.5,1.5934,4.4285,1.0,10.5536,6.0,-0.0616
90.35,seguindo,normal,10.5982,5.0193,1.7214,1.6162,1.6162,0.0919,-0.1051,0.5,1.5815,4.4285,1.0,10.5536,6.0,-0.0588
90.4,seguindo,normal,10.5964,5.0312,1.7218,1.6109,1.6109,0.0563,-0.1109,0.5,1.5697,6.7545,1.0,10.5555,6.05,-0.056
90.45,seguindo,normal,10.5937,5.049,1.7216,1.6089,1.6089,0.0027,-0.1127,0.5,1.552,6.7545,1.0,10.5555,6.05,-0.0517
90.5,seguindo,normal,10.5919,5.0608,1.7212,1.6075,1.6075,-0.0062,-0.1137,0.5,1.5403,6.7545,1.0,10.5555,6.05,-0.0492
90.55,seguindo,normal,10.5892,5.0785,1.721,1.6011,1.6011,-0.0062,-0.12,0.5,1.5227,7.1786,1.0,10.5583,6.1,-0.0454
90.6,seguindo,normal,10.5874,5.0903,1.721,1.5996,1.5996,-0.0019,-0.1214,0.5,1.511,7.1786,1.0,10.5583,6.1,-0.043
90.65,seguindo,normal,10.5848,5.1078,1.7219,1.5976,1.5976,0.0077,-0.1244,0.5,1.4936,7.1786,1.0,10.5583,6.1,-0.0395
90.7,seguindo,normal,10.5831,5.1194,1.7228,1.5961,1.5961,0.018,-0.1267,0.5,1.4821,7.1786,1.0,10.5583,6.1,-0.0374
90.75,seguindo,normal,10.5806,5.1368,1.7251,1.5891,1.5891,0.0314,-0.136,0.5,1.4649,5.1437,1.0,10.5621,6.15,-0.0342
90.8,seguindo,normal,10.579,5.1483,1.7269,1.5877,1.5877,0.04,-0.1392,0.5,1.4535,5.1437,1.0,10.5621,6.15,-0.0321
90.85,seguindo,normal,10.5765,5.1655,1.7299,1.5855,1.5855,0.0482,-0.1444,0.5,1.4364,5.1437,1.0,10.5621,6.15,-0.0292
90.9,seguindo,normal,10.5748,5.1769,1.732,1.5783,1.5783,0.0521,-0.1537,0.5,1.4251,3.8403,1.0,10.5671,6.2,-0.0273
90.95,seguindo,normal,10.5723,5.1941,1.7352,1.5759,1.5759,0.0528,-0.1593,0.5,1.4081,3.8403,1.0,10.5671,6.2,-0.0243
91.0,seguindo,normal,10.5696,5.2113,1.7383,1.5734,1.5734,0.0524,-0.1649,0.5,1.3911,3.8403,1.0,10.5671,6.2,-0.0214
91.05,seguindo,normal,10.5679,5.2227,1.7403,1.5716,1.5716,0.0514,-0.1687,0.5,1.3797,3.8403,1.0,10.5671,6.2,-0.0194
91.1,seguindo,normal,10.5661,5.2342,1.7423,1.5634,1.5634,0.0506,-0.1789,0.5,1.3684,3.0039,1.0,10.5735,6.25,-0.0174
91.15,seguindo,normal,10.5633,5.2513,1.7452,1.5605,1.5605,0.0492,-0.1847,0.5,1.3514,3.0039,1.0,10.5735,6.25,-0.0144
91.2,seguindo,normal,10.5614,5.2628,1.7471,1.5585,1.5585,0.0478,-0.1886,0.5,1.3401,3.0039,1.0,10.5735,6.25,-0.0124
91.25,seguindo,normal,10.5586,5.28,1.7498,1.5484,1.5484,0.046,-0.2014,0.5,1.3232,2.4763,1.0,10.5814,6.3,-0.0094
91.3,seguindo,normal,10.5566,5.2915,1.7516,1.5462,1.5462,0.0452,-0.2054,0.5,1.3119,2.4763,1.0,10.5814,6.3,-0.0074
91.35,seguindo,normal,10.5537,5.3086,1.7542,1.5428,1.5428,0.0435,-0.2114,0.5,1.2949,2.4763,1.0,10.5814,6.3,-0.0043
91.4,seguindo,normal,10.5517,5.3201,1.756,1.5405,1.5405,0.0438,-0.2155,0.5,1.2837,2.4763,1.0,10.5814,6.3,-0.0022
91.45,seguindo,normal,10.5487,5.3373,1.7586,1.5294,1.5294,0.0442,-0.2292,0.5,1.2668,2.1629,1.0,10.5906,6.35,0.0009
91.5,seguindo,normal,10.5466,5.3487,1.7603,1.5269,1.5269,0.0438,-0.2334,0.5,1.2555,2.1629,1.0,10.5906,6.35,0.003
91.55,seguindo,normal,10.5435,5.3659,1.763,1.523,1.523,0.0439,-0.24,0.5,1.2387,2.1629,1.0,10.5906,6.35,0.0062
91.6,seguindo,normal,10.5414,5.3773,1.7647,1.5126,1.5126,0.0436,-0.2521,0.5,1.2275,2.0093,1.0,10.601,6.4,0.0083
91.65,seguindo,normal,10.5383,5.3945,1.7674,1.5085,1.5085,0.0442,-0.2589,0.5,1.2107,2.0093,1.0,10.601,6.4,0.0115
91.7,seguindo,normal,10.5361,5.4059,1.7692,1.5057,1.5057,0.0449,-0.2635,0.5,1.1995,2.0093,1.0,10.601,6.4,0.0137
91.75,seguindo,normal,10.5329,5.423,1.7719,1.5012,1.5012,0.0446,-0.2707,0.5,1.1828,2.0093,1.0,10.601,6.4,0.017
91.8,seguindo,normal,10.5307,5.4345,1.7736,1.4906,1.4906,0.0447,-0.283,0.5,1.1716,1.9875,1.0,10.6123,6.45,0.0192
91.85,seguindo,normal,10.5274,5.4516,1.7763,1.4859,1.4859,0.0444,-0.2904,0.5,1.155,1.9875,1.0,10.6123,6.45,0.0225
91.9,seguindo,normal,10.5251,5.463,1.7781,1.4827,1.4827,0.0452,-0.2954,0.5,1.1439,1.9875,1.0,10.6123,6.45,0.0248
91.95,seguindo,normal,10.5217,5.4801,1.7808,1.4705,1.4705,0.0449,-0.3104,0.5,1.1272,2.0908,1.0,10.6244,6.5,0.0282
92.0,seguindo,normal,10.5194,5.4915,1.7826,1.4671,1.4671,0.0449,-0.3155,0.5,1.1162,2.0908,1.0,10.6244,6.5,0.0305
92.05,seguindo,normal,10.516,5.5086,1.7853,1.4619,1.4619,0.0448,-0.3235,0.5,1.0996,2.0908,1.0,10.6244,6.5,0.034
92.1,seguindo,normal,10.5136,5.5199,1.7871,1.4582,1.4582,0.0448,-0.3289,0.5,1.0886,2.0908,1.0,10.6244,6.5,0.0363
92.15,seguindo,normal,10.5101,5.537,1.7898,1.4461,1.4461,0.0448,-0.3437,0.5,1.0722,2.1629,1.0,10.6371,6.55,0.0399
92.2,seguindo,normal,10.5077,5.5484,1.7916,1.4423,1.4423,0.0448,-0.3492,0.5,1.0612,2.1629,1.0,10.6371,6.55,0.0423
92.25,seguindo,normal,10.5036,5.566,1.7895,1.4359,1.4359,-0.0032,-0.3535,0.5,1.0443,2.1629,1.0,10.6371,6.55,0.0464
92.3,seguindo,normal,10.5006,5.578,1.7862,1.4257,1.4257,-0.0377,-0.3605,0.5,1.0329,2.0093,1.0,10.65,6.6,0.0494
92.35,seguindo,normal,10.496,5.5958,1.7762,1.4186,1.4186,-0.1329,-0.3576,0.5,1.0159,2.0093,1.0,10.65,6.6,0.054
92.4,seguindo,normal,10.4929,5.6077,1.7677,1.4137,1.4137,-0.1848,-0.3539,0.5,1.0047,2.0093,1.0,10.65,6.6,0.0572
92.45,seguindo,normal,10.488,5.6254,1.75,1.4061,1.4061,-0.2618,-0.3439,0.5,0.988,1.9875,1.0,10.65,6.6,0.0621
92.5,seguindo,normal,10.4848,5.6372,1.7364,1.4009,1.4009,-0.3127,-0.3355,0.5,0.9769,1.9875,1.0,10.65,6.6,0.0653
92.55,seguindo,normal,10.4811,5.6522,1.7193,1.3944,1.3944,-0.3065,-0.3249,0.5,0.9628,1.9875,1.0,10.65,6.6,0.069
92.6,seguindo,normal,10.479,5.6607,1.7099,1.3907,1.3907,-0.2647,-0.3192,0.5,0.9547,1.9875,1.0,10.65,6.6,0.0711
92.65,seguindo,normal,10.4755,5.6763,1.6924,1.384,1.384,-0.2666,-0.3084,0.5,0.94,2.0908,1.0,10.65,6.6,0.0747
92.7,seguindo,normal,10.4729,5.6881,1.6784,1.379,1.379,-0.3156,-0.2994,0.5,0.9289,2.0908,1.0,10.65,6.6,0.0772
92.75,seguindo,normal,10.4691,5.7059,1.653,1.3712,1.3712,-0.3982,-0.2818,0.5,0.9122,2.0908,1.0,10.65,6.6,0.0811
92.8,seguindo,normal,10.4667,5.7179,1.6343,1.366,1.366,-0.4253,-0.2684,0.5,0.901,2.0908,1.0,10.65,6.6,0.0835
92.85,seguindo,normal,10.4635,5.7359,1.6061,1.3583,1.3583,-0.4686,-0.2479,0.5,0.884,2.1629,1.0,10.65,6.6,0.0867
92.9,seguindo,normal,10.4617,5.748,1.5873,1.3533,1.3533,-0.4702,-0.234,0.5,0.8726,2.1629,1.0,10.65,6.6,0.0886
92.95,seguindo,normal,10.4593,5.7661,1.5586,1.346,1.346,-0.4756,-0.2126,0.5,0.8554,2.1629,1.0,10.65,6.6,0.0911
93.0,seguindo,normal,10.458,5.7782,1.5393,1.3413,1.3413,-0.4801,-0.198,0.5,0.8439,0.6737,1.0,10.65,6.6,0.0924
93.05,seguindo,normal,10.4564,5.7964,1.51,1.3344,1.3344,-0.4853,-0.1756,0.5,0.8266,0.6737,1.0,10.65,6.6,0.0941
93.1,seguindo,normal,10.4557,5.8085,1.4905,1.3301,1.3301,-0.4882,-0.1604,0.5,0.815,0.6737,1.0,10.65,6.6,0.0949
93.15,seguindo,normal,10.455,5.8267,1.4614,1.3238,1.3238,-0.4873,-0.1375,0.5,0.7975,1.9875,1.0,10.65,6.6,0.0957
93.2,seguindo,normal,10.455,5.839,1.4426,1.3199,1.3199,-0.4782,-0.1227,0.5,0.7856,1.9875,1.0,10.65,6.6,0.0958
93.25,seguindo,normal,10.4554,5.8575,1.4157,1.3145,1.3145,-0.4563,-0.1013,0.5,0.7676,1.9875,1.0,10.65,6.6,0.0956
93.3,seguindo,normal,10.456,5.87,1.3986,1.3111,1.3111,-0.4441,-0.0875,0.5,0.7553,1.9875,1.0,10.65,6.6,0.0951
93.35,seguindo,normal,10.4575,5.8889,1.3743,1.3065,1.3065,-0.414,-0.0678,0.5,0.7367,2.0908,1.0,10.65,6.6,0.0938
93.4,seguindo,normal,10.4589,5.9016,1.3591,1.3037,1.3037,-0.3956,-0.0554,0.5,0.7241,2.0908,1.0,10.65,6.6,0.0925
93.45,seguindo,normal,10.4614,5.9207,1.3372,1.3,1.3,-0.3711,-0.0372,0.5,0.705,2.0908,1.0,10.65,6.6,0.0904
93.5,seguindo,normal,10.4634,5.9335,1.3236,1.2978,1.2978,-0.3615,-0.0258,0.5,0.6921,2.1629,1.0,10.65,6.6,0.0886
93.55,seguindo,normal,10.4668,5.9529,1.3039,1.295,1.295,-0.333,-0.009,0.5,0.6726,2.1629,1.0,10.65,6.6,0.0855
93.6,seguindo,normal,10.4694,5.9659,1.2919,1.2934,1.2934,-0.3173,0.0016,0.5,0.6594,2.1629,1.0,10.65,6.6,0.0832
93.65,seguindo,normal,10.4738,5.9853,1.2753,1.2916,1.2916,-0.2915,0.0163,0.5,0.6395,0.6719,1.0,10.65,6.6,0.0794
93.7,seguindo,normal,10.477,5.9983,1.2656,1.2908,1.2908,-0.2624,0.0252,0.5,0.6261,0.6719,1.0,10.65,6.6,0.0765
93.75,seguindo,normal,10.4817,6.016,1.2551,1.2903,1.2903,-0.2023,0.0352,0.5,0.6078,0.6719,1.0,10.65,6.6,0.0724
93.8,seguindo,normal,10.4849,6.0271,1.249,1.2902,1.2902,-0.1783,0.0412,0.5,0.5963,0.6719,1.0,10.65,6.6,0.0697
93.85,seguindo,normal,10.4902,6.0434,1.2467,1.2911,1.2911,-0.0842,0.0445,0.5,0.5791,1.9875,1.0,10.65,6.6,0.065
93.9,seguindo,normal,10.4939,6.0543,1.2477,1.2922,1.2922,-0.0124,0.0445,0.5,0.5676,1.9875,1.0,10.65,6.6,0.0618
93.95,seguindo,normal,10.4997,6.0704,1.2522,1.2942,1.2942,0.0558,0.0419,0.5,0.5505,1.9875,1.0,10.65,6.6,0.0569
94.0,seguindo,normal,10.5035,6.0812,1.2564,1.2957,1.2957,0.0868,0.0392,0.5,0.5391,2.0911,1.0,10.65,6.6,0.0536
94.05,seguindo,normal,10.5093,6.0973,1.263,1.2979,1.2979,0.1073,0.0349,0.5,0.522,2.0911,1.0,10.65,6.6,0.0487
94.1,seguindo,normal,10.5131,6.1081,1.2674,1.2993,1.2993,0.11,0.0319,0.5,0.5106,2.0911,1.0,10.65,6.6,0.0457
94.15,seguindo,normal,10.5186,6.1244,1.2733,1.3013,1.3013,0.105,0.028,0.5,0.4934,2.0911,1.0,10.65,6.6,0.0414
94.2,seguindo,normal,10.5222,6.1353,1.2769,1.3025,1.3025,0.0954,0.0256,0.5,0.482,2.323,1.0,10.65,6.6,0.0386
94.25,seguindo,normal,10.5275,6.1518,1.281,1.3041,1.3041,0.0765,0.0231,0.5,0.4646,2.323,1.0,10.65,6.6,0.0345
94.3,seguindo,normal,10.531,6.1628,1.283,1.305,1.305,0.066,0.022,0.5,0.4531,2.323,1.0,10.65,6.6,0.0322
94.35,seguindo,normal,10.5361,6.1795,1.2857,1.3064,1.3064,0.0474,0.0206,0.5,0.4356,0.6411,1.0,10.65,6.6,0.0287
94.4,seguindo,normal,10.5395,6.1906,1.2874,1.3072,1.3072,0.0435,0.0199,0.5,0.424,0.6411,1.0,10.65,6.6,0.0265
94.45,seguindo,normal,10.5446,6.2074,1.2898,1.3085,1.3085,0.0407,0.0187,0.4939,0.4065,0.6411,1.0,10.65,6.6,0.0233
94.5,seguindo,normal,10.5479,6.2185,1.2914,1.3094,1.3094,0.0404,0.018,0.4868,0.3949,0.6411,1.0,10.65,6.6,0.0214
94.55,seguindo,normal,10.5529,6.2353,1.2938,1.3107,1.3107,0.0404,0.0169,0.4759,0.3774,3.2074,1.0,10.65,6.6,0.0186
94.6,seguindo,normal,10.5562,6.2465,1.2955,1.3116,1.3116,0.0405,0.0161,0.4685,0.3658,3.2074,1.0,10.65,6.6,0.0167
94.65,seguindo,normal,10.5612,6.2632,1.298,1.3129,1.3129,0.0412,0.0149,0.4572,0.3483,3.2074,1.0,10.65,6.6,0.0143
94.7,seguindo,normal,10.5644,6.2744,1.2997,1.3138,1.3138,0.042,0.0141,0.4495,0.3367,3.2074,1.0,10.65,6.6,0.0128
94.75,seguindo,normal,10.5693,6.2911,1.3023,1.3152,1.3152,0.043,0.0129,0.4377,0.3192,3.5862,1.0,10.65,6.6,0.0106
94.8,seguindo,normal,10.5725,6.3023,1.304,1.3161,1.3161,0.0434,0.0121,0.4296,0.3076,3.5862,1.0,10.65,6.6,0.0092
94.85,seguindo,normal,10.5773,6.3191,1.3067,1.3175,1.3175,0.0447,0.0108,0.4173,0.2902,3.5862,1.0,10.65,6.6,0.0075
94.9,seguindo,normal,10.582,6.3358,1.3094,1.3189,1.3189,0.0456,0.0095,0.4045,0.2728,4.3686,1.0,10.65,6.6,0.0059
94.95,seguindo,normal,10.5852,6.347,1.3115,1.3199,1.3199,0.048,0.0084,0.3959,0.2612,4.3686,1.0,10.65,6.6,0.0048
