t,x,y,yaw,dist,plano_n,rumo_alvo,erro_rumo,raw_v,raw_wz,saida_v,saida_wz,mux_v,mux_wz,key_v
0.0,2.0,5.0,0.0,2.2,45,,,0.0,0.0,0.0,0.0,0.0,0.0,0.0
0.05,2.0,5.0,0.0,2.2,45,,,0.0,0.0,0.0,0.0,0.0,0.0,0.0
0.1,2.0,5.0,0.0,2.2,45,,,0.0,0.0,0.0,0.0,0.0,0.0,0.0
0.15,2.0,5.0,0.0,2.2,45,,,0.0,0.0,0.0,0.0,0.0,0.0,0.0
0.2,2.0,5.0,0.0,2.2,45,,,0.0,0.0,0.0,0.0,0.0,0.0,0.0
0.25,2.0,5.0,0.0,2.2,45,,,0.0,0.0,0.0,0.0,0.0,0.0,0.0
0.3,2.0,5.0,0.0,2.2,45,,,0.0,0.0,0.0,0.0,0.0,0.0,0.0
0.35,2.0,5.0,0.0,2.2,45,,,0.0,0.0,0.0,0.0,0.0,0.0,0.0
0.4,2.0,5.0,0.0,2.2,45,,,0.0,1.0,0.0,1.0,0.0,1.0,0.0
0.45,2.0,5.0,0.0,2.2,45,1.6374,1.6374,0.0,1.0,0.0,1.0,0.0,1.0,0.0
0.5,1.9977,4.9994,0.0076,2.2006,45,1.6332,1.6256,0.0,1.0,0.0,1.0,0.0,1.0,0.0
0.55,1.9961,4.9989,0.0128,2.2011,45,1.6289,1.6162,0.0,1.0,0.0,1.0,0.0,1.0,0.0
0.6,1.9937,4.9976,0.028,2.2024,45,1.6225,1.5945,0.0,1.0,0.0,1.0,0.0,1.0,0.0
0.65,1.9921,4.9968,0.0383,2.2033,45,1.6182,1.5799,0.0,1.0,0.0,1.0,0.0,1.0,0.0
0.7,1.9898,4.9948,0.0612,2.2052,45,1.6118,1.5507,0.0,1.0,0.0,1.0,0.0,1.0,0.0
0.75,1.9883,4.9934,0.0765,2.2066,45,1.6077,1.5311,0.0,1.0,0.0,1.0,0.0,1.0,0.0
0.8,1.9861,4.9907,0.1072,2.2093,45,1.6017,1.4945,0.0,1.0,0.0,1.0,0.0,1.0,0.0
0.85,1.9847,4.9889,0.1278,2.2112,45,1.5979,1.4701,0.0,1.0,0.0,1.0,0.0,1.0,0.0
0.9,1.9828,4.9854,0.1662,2.2147,45,1.5926,1.4264,0.0,1.0,0.0,1.0,0.0,1.0,0.0
0.95,1.9816,4.9831,0.1919,2.217,45,1.5893,1.3974,0.0,1.0,0.0,1.0,0.0,1.0,0.0
1.0,1.9801,4.9789,0.238,2.2212,45,1.5849,1.3469,0.0,1.0,0.0,1.0,0.0,1.0,0.0
1.05,1.9792,4.976,0.2689,2.224,45,1.5824,1.3135,0.0,1.0,0.0,1.0,0.0,1.0,0.0
1.1,1.9784,4.9728,0.3047,2.2273,45,1.5794,1.2746,0.0,1.0,0.0,1.0,0.0,1.0,0.0
1.15,1.9776,4.9679,0.3587,2.2323,45,1.5778,1.2191,0.0,1.0,0.0,1.0,0.0,1.0,0.0
1.2,1.9773,4.9642,0.3997,2.2359,45,1.5765,1.1768,0.0,1.0,0.0,1.0,0.0,1.0,0.0
1.25,1.9773,4.9586,0.4615,2.2415,45,1.5762,1.1148,0.0,1.0,0.0,1.0,0.0,1.0,0.0
1.3,1.9776,4.9545,0.5076,2.2456,45,1.5762,1.0686,0.0,1.0,0.0,1.0,0.0,1.0,0.0
1.35,1.9781,4.9505,0.5539,2.2496,45,1.5769,1.023,0.0,1.0,0.0,1.0,0.0,1.0,0.0
1.4,1.9789,4.9463,0.6026,2.2538,45,1.5781,0.9755,0.0,0.0,0.0,0.0,0.0,0.0,0.0
1.45,1.9801,4.9419,0.6539,2.2581,45,1.5812,0.9273,0.0,0.0,0.0,0.0,0.0,0.0,0.0
1.5,1.9824,4.9354,0.7334,2.2646,45,1.584,0.8506,0.0,0.0,0.0,0.0,0.0,0.0,0.0
1.55,1.9844,4.931,0.79,2.2691,45,1.5897,0.7997,0.0,0.0,0.0,0.0,0.0,0.0,0.0
1.6,1.988,4.9244,0.8773,2.2756,45,1.5943,0.717,0.0,0.0,0.0,0.0,0.0,0.0,0.0
1.65,1.991,4.9201,0.939,2.2799,45,1.6028,0.6638,0.0,0.0,0.0,0.0,0.0,0.0,0.0
1.7,1.9942,4.9159,1.0007,2.2841,45,1.6127,0.612,0.0,0.0,0.0,0.0,0.0,0.0,0.0
1.75,2.0001,4.9098,1.1008,2.2902,45,1.6206,0.5198,0.0,0.0,0.0,0.0,0.0,0.0,0.0
1.8,2.0044,4.906,1.1676,2.294,45,1.629,0.4614,0.0,0.0,0.0,0.0,0.0,0.0,0.0
1.85,2.0119,4.9009,1.2754,2.2991,45,1.6432,0.3678,0.0,0.0,0.0,0.0,0.0,0.0,0.0
1.9,2.0171,4.898,1.3474,2.3021,45,1.6536,0.3062,0.0,0.0,0.0,0.0,0.0,0.0,0.0
1.95,2.0252,4.8943,1.4525,2.3059,45,1.6695,0.217,0.0,0.0,0.0,0.0,0.0,0.0,0.0
2.0,2.0306,4.8924,1.5207,2.3078,45,1.6801,0.1595,0.0,0.0,0.0,0.0,0.0,0.0,0.0
2.05,2.0387,4.8903,1.6197,2.31,47,1.6225,0.0029,0.0,0.0,0.0,0.0,0.0,0.0,0.0
2.1,2.044,4.8895,1.684,2.311,47,1.6362,-0.0478,0.0,0.0,0.0,0.0,0.0,0.0,0.0
2.15,2.0519,4.8885,1.7781,2.3121,47,1.6564,-0.1217,0.0,0.0,0.0,0.0,0.0,0.0,0.0
2.2,2.0571,4.8883,1.84,2.3124,47,1.6698,-0.1702,0.0,0.0,0.0,0.0,0.0,0.0,0.0
2.25,2.0648,4.8884,1.9299,2.3125,47,1.6896,-0.2403,0.0,0.0,0.0,0.0,0.0,0.0,0.0
2.3,2.0698,4.8889,1.9886,2.3121,47,1.7025,-0.2861,0.0,0.0,0.0,0.0,0.0,0.0,0.0
2.35,2.0765,4.8904,2.0705,2.3109,47,1.7207,-0.3497,0.0,0.0,0.0,0.0,0.0,0.0,0.0
2.4,2.0807,4.8917,2.1232,2.3097,47,1.7322,-0.391,0.0,0.0,0.0,0.0,0.0,0.0,0.0
2.45,2.0864,4.8939,2.1965,2.3077,47,1.7483,-0.4483,0.0,0.0,0.0,0.0,0.0,0.0,0.0
2.5,2.09,4.8955,2.243,2.3062,47,1.7583,-0.4848,0.0,0.0,0.0,0.0,0.0,0.0,0.0
2.55,2.0947,4.8981,2.307,2.3038,47,1.772,-0.535,0.0,0.0,0.0,0.0,0.0,0.0,0.0
2.6,2.0975,4.8999,2.3471,2.3022,47,1.7805,-0.5666,0.0,0.0,0.0,0.0,0.0,0.0,0.0
2.65,2.1012,4.9025,2.4017,2.2997,47,1.792,-0.6097,0.0,0.0,0.0,0.0,0.0,0.0,0.0
2.7,2.1034,4.9043,2.4354,2.2981,47,1.7751,-0.6603,0.0,0.0,0.0,0.0,0.0,0.0,0.0
2.75,2.1062,4.9068,2.4807,2.2957,47,1.7832,-0.6975,0.0,0.0,0.0,0.0,0.0,0.0,0.0
2.8,2.1078,4.9084,2.5081,2.2942,47,1.7879,-0.7202,0.0,0.0,0.0,0.0,0.0,0.0,0.0
2.85,2.1091,4.9099,2.5326,2.2927,47,1.7939,-0.7388,0.0,0.0,0.0,0.0,0.0,0.0,0.0
2.9,2.1108,4.912,2.5646,2.2907,47,1.7972,-0.7674,0.0,0.0,0.0,0.0,0.0,0.0,0.0
2.95,2.1116,4.9133,2.5833,2.2894,47,1.8014,-0.7819,0.0,0.0,0.0,0.0,0.0,0.0,0.0
3.0,2.1127,4.9149,2.6068,2.2879,47,1.8036,-0.8031,0.0,0.0,0.0,0.0,0.0,0.0,0.0
3.05,2.1132,4.9158,2.6193,2.287,45,1.8065,-0.8128,0.0,0.0,0.0,0.0,0.0,0.0,0.0
3.1,2.1139,4.9169,2.6348,2.2859,45,1.7185,-0.9163,0.0,0.0,0.0,0.0,0.0,0.0,0.0
3.15,2.1141,4.9173,2.6406,2.2855,45,1.7198,-0.9208,0.0,0.0,0.0,0.0,0.0,0.0,0.0
3.2,2.1144,4.9179,2.6483,2.285,45,1.7204,-0.928,0.0,0.0,0.0,0.0,0.0,0.0,0.0
3.25,2.1144,4.9179,2.6485,2.285,45,1.7207,-0.9278,0.0,0.0,0.0,0.0,0.0,0.0,0.0
3.3,2.1144,4.9179,2.6485,2.285,45,1.7207,-0.9278,0.0,0.0,0.0,0.0,0.0,0.0,0.0
3.35,2.1144,4.9179,2.6485,2.285,45,1.7207,-0.9278,0.0,-1.0,0.0,-1.0,0.0,-1.0,0.0
3.4,2.1144,4.9179,2.6485,2.285,45,1.7207,-0.9278,0.0,-1.0,0.0,-1.0,0.0,-1.0,0.0
3.45,2.1144,4.9179,2.6485,2.285,45,1.7207,-0.9278,0.0,-1.0,0.0,-1.0,0.0,-1.0,0.0
3.5,2.1144,4.9179,2.6485,2.285,45,1.7207,-0.9278,0.0,-1.0,0.0,-1.0,0.0,-1.0,0.0
3.55,2.1144,4.9179,2.6485,2.285,45,1.7207,-0.9278,0.0,-1.0,0.0,-1.0,0.0,-1.0,0.0
3.6,2.1144,4.9179,2.6485,2.285,45,1.7207,-0.9278,0.0,-1.0,0.0,-1.0,0.0,-1.0,0.0
3.65,2.1144,4.9179,2.6485,2.285,45,1.7207,-0.9278,0.0,-1.0,0.0,-1.0,0.0,-1.0,0.0
3.7,2.1144,4.9179,2.6485,2.285,45,1.7207,-0.9278,0.0,-1.0,0.0,-1.0,0.0,-1.0,0.0
3.75,2.113,4.9183,2.6438,2.2845,45,1.7207,-0.9232,0.0,-1.0,0.0,-1.0,0.0,-1.0,0.0
3.8,2.1113,4.9187,2.6387,2.284,45,1.7175,-0.9213,0.0,-1.0,0.0,-1.0,0.0,-1.0,0.0
3.85,2.1088,4.9189,2.626,2.2836,45,1.714,-0.912,0.0,-1.0,0.0,-1.0,0.0,-1.0,0.0
3.9,2.1069,4.919,2.6158,2.2835,45,1.7082,-0.9075,0.0,-1.0,0.0,-1.0,0.0,-1.0,0.0
3.95,2.104,4.9188,2.5953,2.2836,45,1.7042,-0.8911,0.0,-1.0,0.0,-1.0,0.0,-1.0,0.0
4.0,2.102,4.9186,2.5799,2.2837,45,1.6976,-0.8823,0.0,-1.0,0.0,-1.0,0.0,-1.0,0.0
4.05,2.0988,4.918,2.5517,2.2842,45,1.6929,-0.8588,0.0,-1.0,0.0,-1.0,0.0,-1.0,0.0
4.1,2.0965,4.9175,2.5312,2.2845,43,1.6854,-0.8458,0.0,-1.0,0.0,-1.0,0.0,-1.0,0.0
4.15,2.0941,4.9169,2.5081,2.285,43,1.6599,-0.8482,0.0,-1.0,0.0,-1.0,0.0,-1.0,0.0
4.2,2.0903,4.9159,2.4696,2.2859,43,1.653,-0.8166,0.0,-1.0,0.0,-1.0,0.0,-1.0,0.0
4.25,2.0876,4.9151,2.4414,2.2866,43,1.6482,-0.7932,0.0,-1.0,0.0,-1.0,0.0,-1.0,0.0
4.3,2.0833,4.9139,2.3951,2.2876,43,1.6404,-0.7547,0.0,-1.0,0.0,-1.0,0.0,-1.0,0.0
4.35,2.0803,4.913,2.3618,2.2884,43,1.635,-0.7268,0.0,-1.0,0.0,-1.0,0.0,-1.0,0.0
4.4,2.0754,4.9117,2.3078,2.2895,43,1.6264,-0.6814,0.0,-1.0,0.0,-1.0,0.0,-1.0,0.0
4.45,2.072,4.9109,2.2694,2.2903,43,1.6203,-0.649,0.0,-1.0,0.0,-1.0,0.0,-1.0,0.0
4.5,2.0666,4.9096,2.2077,2.2913,43,1.6107,-0.597,0.0,0.0,0.0,0.0,0.0,0.0,0.0
4.55,2.0628,4.9089,2.1641,2.292,43,1.604,-0.5601,0.0,0.0,0.0,0.0,0.0,0.0,0.0
4.6,2.0567,4.9079,2.0947,2.2928,43,1.5932,-0.5015,0.0,0.0,0.0,0.0,0.0,0.0,0.0
4.65,2.0525,4.9074,2.046,2.2932,43,1.5858,-0.4603,0.0,0.0,0.0,0.0,0.0,0.0,0.0
4.701,2.0457,4.9069,1.9689,2.2935,43,1.5739,-0.395,0.0,0.0,0.0,0.0,0.0,0.0,0.0
4.75,2.0411,4.9068,1.915,2.2935,43,1.5657,-0.3493,0.0,0.0,0.0,0.0,0.0,0.0,0.0
4.801,2.0338,4.9071,1.8302,2.2932,43,1.5528,-0.2774,0.0,0.0,0.0,0.0,0.0,0.0,0.0
4.85,2.0287,4.9075,1.7712,2.2926,43,1.5439,-0.2273,0.0,0.0,0.0,0.0,0.0,0.0,0.0
4.9,2.0235,4.9083,1.7095,2.2919,43,1.5298,-0.1796,0.0,0.0,0.0,0.0,0.0,0.0,0.0
4.95,2.0156,4.9098,1.6145,2.2902,43,1.5202,-0.0943,0.0,0.0,0.0,0.0,0.0,0.0,0.0
5.0,2.0101,4.9111,1.5477,2.2889,43,1.5053,-0.0423,0.0,0.0,0.0,0.0,0.0,0.0,0.0
5.05,2.0021,4.9136,1.4477,2.2864,43,1.4952,0.0475,0.0,0.0,0.0,0.0,0.0,0.0,0.0
5.1,1.997,4.9154,1.3831,2.2846,43,1.4803,0.0972,0.0,0.0,0.0,0.0,0.0,0.0,0.0
5.15,1.9898,4.9183,1.2889,2.2818,43,1.6058,0.3168,0.0,0.0,0.0,0.0,0.0,0.0,0.0
5.2,1.9852,4.9202,1.2288,2.2798,43,1.5931,0.3644,0.0,0.0,0.0,0.0,0.0,0.0,0.0
5.25,1.9788,4.9234,1.1414,2.2767,43,1.5852,0.4438,0.0,0.0,0.0,0.0,0.0,0.0,0.0
5.3,1.9747,4.9256,1.0863,2.2745,43,1.5739,0.4876,0.0,0.0,0.0,0.0,0.0,0.0,0.0
5.35,1.9692,4.9289,1.0071,2.2713,43,1.5668,0.5597,0.0,0.0,0.0,0.0,0.0,0.0,0.0
5.4,1.9657,4.9311,0.9577,2.2691,43,1.5568,0.5991,0.0,0.0,0.0,0.0,0.0,0.0,0.0
5.451,1.961,4.9345,0.8874,2.2658,43,1.5506,0.6633,0.0,0.0,0.0,0.0,0.0,0.0,0.0
5.5,1.9581,4.9367,0.844,2.2637,43,1.5421,0.6982,0.0,0.0,0.0,0.0,0.0,0.0,0.0
5.55,1.9544,4.94,0.7823,2.2604,43,1.537,0.7547,0.0,0.0,0.0,0.0,0.0,0.0,0.0
5.6,1.9521,4.9422,0.7446,2.2583,43,1.5301,0.7855,0.0,0.0,0.0,0.0,0.0,0.0,0.0
5.65,1.9492,4.9455,0.6909,2.2551,43,1.5259,0.835,0.0,0.0,0.0,0.0,0.0,0.0,0.0
5.7,1.9474,4.9475,0.6585,2.2531,43,1.5203,0.8619,0.0,0.0,0.0,0.0,0.0,0.0,0.0
5.75,1.9459,4.9495,0.6275,2.2512,43,1.517,0.8895,0.0,0.0,0.0,0.0,0.0,0.0,0.0
5.8,1.9438,4.9523,0.5854,2.2484,43,1.5126,0.9272,0.0,0.0,0.0,0.0,0.0,0.0,0.0
5.85,1.9427,4.9541,0.5596,2.2467,43,1.51,0.9504,0.0,0.0,0.0,0.0,0.0,0.0,0.0
5.9,1.9411,4.9565,0.5252,2.2443,43,1.5066,0.9814,0.0,0.0,0.0,0.0,0.0,0.0,0.0
5.95,1.9403,4.9579,0.5046,2.2429,43,1.5047,1.0,0.0,0.0,0.0,0.0,0.0,0.0,0.0
6.0,1.9392,4.9599,0.4779,2.241,43,1.5021,1.0242,0.0,0.0,0.0,0.0,0.0,0.0,0.0
6.05,1.9386,4.961,0.4625,2.2399,43,1.5007,1.0382,0.0,0.0,0.0,0.0,0.0,0.0,0.0
6.1,1.9379,4.9623,0.4446,2.2386,43,1.499,1.0544,0.0,0.0,0.0,0.0,0.0,0.0,0.0
6.15,1.9375,4.9631,0.4343,2.2378,43,1.4981,1.0639,0.0,0.0,0.0,0.0,0.0,0.0,0.0
6.2,1.9372,4.9637,0.4259,2.2372,43,1.4973,1.0714,0.0,0.0,0.0,0.0,0.0,0.0,0.0
6.25,1.9371,4.9641,0.4207,2.2368,43,1.4969,1.0762,0.0,0.0,0.0,0.0,0.0,0.0,0.0
6.3,1.937,4.9641,0.4205,2.2368,43,1.4966,1.0761,0.0,0.0,0.0,0.0,0.0,0.0,0.0
6.35,1.937,4.9641,0.4205,2.2368,43,1.4966,1.0762,0.0,1.0,0.0,0.0,0.0,0.0,0.0
6.4,1.937,4.9641,0.4205,2.2368,43,1.4966,1.0762,0.0,1.0,0.0,1.0,0.0,1.0,0.0
6.45,1.937,4.9641,0.4205,2.2368,43,1.4966,1.0762,0.0,1.0,0.0,1.0,0.0,1.0,0.0
6.5,1.937,4.9641,0.4205,2.2368,43,1.4966,1.0762,0.0,1.0,0.0,1.0,0.0,1.0,0.0
6.55,1.937,4.9641,0.4205,2.2368,43,1.4966,1.0762,0.0,1.0,0.0,1.0,0.0,1.0,0.0
6.6,1.937,4.9641,0.4205,2.2368,43,1.4966,1.0762,0.0,1.0,0.0,1.0,0.0,1.0,0.0
6.65,1.937,4.9641,0.4205,2.2368,43,1.4966,1.0762,0.0,1.0,0.0,1.0,0.0,1.0,0.0
6.7,1.937,4.9641,0.4205,2.2368,43,1.4966,1.0762,0.0,1.0,0.0,1.0,0.0,1.0,0.0
6.75,1.937,4.9641,0.4205,2.2368,43,1.4966,1.0762,0.0,1.0,0.0,1.0,0.0,1.0,0.0
6.8,1.9358,4.9631,0.4257,2.2378,43,1.4944,1.0687,0.0,1.0,0.0,1.0,0.0,1.0,0.0
6.85,1.9339,4.9615,0.4334,2.2395,43,1.4921,1.0586,0.0,1.0,0.0,1.0,0.0,1.0,0.0
6.9,1.9328,4.9601,0.4436,2.2409,43,1.489,1.0454,0.0,1.0,0.0,1.0,0.0,1.0,0.0
6.95,1.9312,4.9579,0.459,2.2431,43,1.4872,1.0281,0.0,1.0,0.0,1.0,0.0,1.0,0.0
7.0,1.9303,4.9561,0.4743,2.245,43,1.4849,1.0106,0.0,1.0,0.0,1.0,0.0,1.0,0.0
7.05,1.9291,4.9533,0.4975,2.2478,43,1.4836,0.9861,0.0,1.0,0.0,1.0,0.0,1.0,0.0
7.1,1.9285,4.9511,0.5178,2.2501,43,1.4822,0.9644,0.0,1.0,0.0,1.0,0.0,1.0,0.0
7.15,1.9277,4.9477,0.5486,2.2535,42,1.3571,0.8085,0.0,1.0,0.0,1.0,0.0,1.0,0.0
7.2,1.9274,4.9451,0.5742,2.2561,42,1.3576,0.7834,0.0,1.0,0.0,1.0,0.0,1.0,0.0
7.25,1.9272,4.9424,0.5999,2.2587,42,1.3576,0.7577,0.0,1.0,0.0,1.0,0.0,1.0,0.0
7.3,1.9273,4.9382,0.6435,2.263,42,1.3583,0.7148,0.0,1.0,0.0,1.0,0.0,1.0,0.0
7.35,1.9276,4.9352,0.6744,2.266,42,1.36,0.6857,0.0,1.0,0.0,1.0,0.0,1.0,0.0
7.4,1.9285,4.9305,0.7257,2.2707,42,1.3615,0.6359,0.0,1.0,0.0,1.0,0.0,1.0,0.0
7.45,1.9293,4.9272,0.7617,2.2739,42,1.3646,0.603,0.0,1.0,0.0,1.0,0.0,1.0,0.0
7.5,1.931,4.9221,0.8207,2.2789,42,1.3671,0.5464,0.0,0.0,0.0,0.0,0.0,0.0,0.0
7.55,1.9324,4.9187,0.8618,2.2823,42,1.3717,0.5098,0.0,0.0,0.0,0.0,0.0,0.0,0.0
7.6,1.9352,4.9134,0.9286,2.2875,42,1.3752,0.4466,0.0,0.0,0.0,0.0,0.0,0.0,0.0
7.65,1.9373,4.9099,0.9749,2.2909,42,1.3813,0.4065,0.0,0.0,0.0,0.0,0.0,0.0,0.0
7.7,1.9412,4.9047,1.0493,2.2961,42,1.3859,0.3366,0.0,0.0,0.0,0.0,0.0,0.0,0.0
7.75,1.9441,4.9013,1.1007,2.2994,42,1.3937,0.293,0.0,0.0,0.0,0.0,0.0,0.0,0.0
7.8,1.9492,4.8963,1.1829,2.3042,42,1.3994,0.2165,0.0,0.0,0.0,0.0,0.0,0.0,0.0
7.85,1.9529,4.8932,1.2394,2.3073,42,1.4088,0.1694,0.0,0.0,0.0,0.0,0.0,0.0,0.0
7.9,1.957,4.8903,1.2984,2.3101,42,1.4156,0.1172,0.0,0.0,0.0,0.0,0.0,0.0,0.0
7.95,1.9639,4.8865,1.391,2.3137,42,1.4268,0.0358,0.0,0.0,0.0,0.0,0.0,0.0,0.0
8.0,1.9686,4.8844,1.4525,2.3158,42,1.4347,-0.0178,0.0,0.0,0.0,0.0,0.0,0.0,0.0
8.05,1.9758,4.8821,1.5425,2.3181,42,1.4467,-0.0958,0.0,0.0,0.0,0.0,0.0,0.0,0.0
8.1,1.9806,4.8809,1.6016,2.3191,42,1.4545,-0.1471,0.0,0.0,0.0,0.0,0.0,0.0,0.0
8.15,1.9877,4.8797,1.6874,2.3204,42,1.4662,-0.2211,0.0,0.0,0.0,0.0,0.0,0.0,0.0
8.2,1.9924,4.8791,1.7435,2.3209,43,1.4738,-0.2697,0.0,0.0,0.0,0.0,0.0,0.0,0.0
8.25,1.9993,4.8786,1.825,2.3214,43,1.3097,-0.5153,0.0,0.0,0.0,0.0,0.0,0.0,0.0
8.3,2.0038,4.8787,1.878,2.3213,43,1.3173,-0.5607,0.0,0.0,0.0,0.0,0.0,0.0,0.0
8.35,2.0103,4.879,1.9541,2.321,43,1.3281,-0.6259,0.0,0.0,0.0,0.0,0.0,0.0,0.0
8.4,2.0143,4.8797,2.0026,2.3203,43,1.335,-0.6676,0.0,0.0,0.0,0.0,0.0,0.0,0.0
8.45,2.0198,4.881,2.0699,2.3191,43,1.3443,-0.7256,0.0,0.0,0.0,0.0,0.0,0.0,0.0
8.5,2.0231,4.8822,2.1126,2.318,43,1.35,-0.7626,0.0,0.0,0.0,0.0,0.0,0.0,0.0
8.55,2.0277,4.8839,2.1708,2.3163,43,1.3576,-0.8132,0.0,0.0,0.0,0.0,0.0,0.0,0.0
8.6,2.0304,4.8852,2.2072,2.315,43,1.3622,-0.845,0.0,0.0,0.0,0.0,0.0,0.0,0.0
8.65,2.0341,4.887,2.2561,2.3132,43,1.3683,-0.8878,0.0,0.0,0.0,0.0,0.0,0.0,0.0
8.7,2.0362,4.8883,2.2862,2.312,43,1.3719,-0.9143,0.0,0.0,0.0,0.0,0.0,0.0,0.0
8.75,2.039,4.8901,2.3257,2.3102,43,1.3765,-0.9492,0.0,0.0,0.0,0.0,0.0,0.0,0.0
8.8,2.0405,4.8913,2.3495,2.309,43,1.3792,-0.9704,0.0,0.0,0.0,0.0,0.0,0.0,0.0
8.85,2.0425,4.8929,2.3797,2.3075,43,1.3824,-0.9972,0.0,0.0,0.0,0.0,0.0,0.0,0.0
8.9,2.0435,4.8939,2.3974,2.3065,43,1.3842,-1.0132,0.0,0.0,0.0,0.0,0.0,0.0,0.0
8.95,2.0448,4.8952,2.4186,2.3052,43,1.3863,-1.0323,0.0,0.0,0.0,0.0,0.0,0.0,0.0
9.0,2.0454,4.8959,2.4304,2.3045,43,1.3874,-1.0429,0.0,0.0,0.0,0.0,0.0,0.0,0.0
9.05,2.0461,4.8967,2.4427,2.3038,43,1.3887,-1.054,0.0,0.0,0.0,0.0,0.0,0.0,0.0
9.1,2.0464,4.897,2.4484,2.3034,43,1.3893,-1.0591,0.0,0.0,0.0,0.0,0.0,0.0,0.0
9.15,2.0466,4.8973,2.4526,2.3032,43,1.3898,-1.0628,0.0,0.0,0.0,0.0,0.0,0.0,0.0
9.2,2.0467,4.8974,2.454,2.3031,42,1.39,-1.064,0.0,0.0,0.0,0.0,0.0,0.0,0.0
9.25,2.0467,4.8974,2.454,2.3031,42,1.4047,-1.0493,0.0,-1.0,0.0,-1.0,0.0,-1.0,0.0
9.3,2.0467,4.8974,2.454,2.3031,42,1.4047,-1.0493,0.0,-1.0,0.0,-1.0,0.0,-1.0,0.0
9.35,2.0467,4.8974,2.454,2.3031,42,1.4047,-1.0493,0.0,-1.0,0.0,-1.0,0.0,-1.0,0.0
9.4,2.0467,4.8974,2.454,2.3031,42,1.4047,-1.0493,0.0,-1.0,0.0,-1.0,0.0,-1.0,0.0
9.45,2.0467,4.8974,2.454,2.3031,42,1.4047,-1.0493,0.0,-1.0,0.0,-1.0,0.0,-1.0,0.0
9.501,2.0467,4.8974,2.454,2.3031,42,1.4047,-1.0493,0.0,-1.0,0.0,-1.0,0.0,-1.0,0.0
9.55,2.0467,4.8974,2.454,2.3031,42,1.4047,-1.0493,0.0,-1.0,0.0,-1.0,0.0,-1.0,0.0
9.6,2.0461,4.8977,2.4519,2.3028,42,1.4047,-1.0472,0.0,-1.0,0.0,-1.0,0.0,-1.0,0.0
9.65,2.0446,4.8984,2.4468,2.302,42,1.4023,-1.0445,0.0,-1.0,0.0,-1.0,0.0,-1.0,0.0
9.7,2.0422,4.8993,2.4366,2.3011,42,1.3997,-1.0369,0.0,-1.0,0.0,-1.0,0.0,-1.0,0.0
9.75,2.0405,4.8997,2.4263,2.3006,42,1.3955,-1.0309,0.0,-1.0,0.0,-1.0,0.0,-1.0,0.0
9.8,2.0377,4.9002,2.4084,2.3001,42,1.3925,-1.0159,0.0,-1.0,0.0,-1.0,0.0,-1.0,0.0
9.85,2.0357,4.9004,2.393,2.2999,42,1.3878,-1.0052,0.0,-1.0,0.0,-1.0,0.0,-1.0,0.0
9.9,2.0325,4.9005,2.3674,2.2997,42,1.3845,-0.9829,0.0,-1.0,0.0,-1.0,0.0,-1.0,0.0
9.95,2.0302,4.9005,2.3469,2.2997,42,1.3792,-0.9677,0.0,-1.0,0.0,-1.0,0.0,-1.0,0.0
10.0,2.0266,4.9004,2.3136,2.2998,42,1.3755,-0.9381,0.0,-1.0,0.0,-1.0,0.0,-1.0,0.0
10.05,2.0239,4.9002,2.2879,2.3,42,1.3696,-0.9183,0.0,-1.0,0.0,-1.0,0.0,-1.0,0.0
10.1,2.0198,4.8999,2.2469,2.3002,42,1.3654,-0.8815,0.0,-1.0,0.0,-1.0,0.0,-1.0,0.0
10.15,2.0169,4.8996,2.2161,2.3005,42,1.3588,-0.8573,0.0,-1.0,0.0,-1.0,0.0,-1.0,0.0
10.2,2.0122,4.8992,2.1674,2.3008,42,1.3542,-0.8132,0.0,-1.0,0.0,-1.0,0.0,-1.0,0.0
10.25,2.0089,4.899,2.1314,2.3011,43,1.1835,-0.9478,0.0,-1.0,0.0,-1.0,0.0,-1.0,0.0
10.3,2.0037,4.8987,2.0749,2.3013,43,1.1787,-0.8962,0.0,-1.0,0.0,-1.0,0.0,-1.0,0.0
10.35,2.0,4.8986,2.0338,2.3014,43,1.1708,-0.8629,0.0,-1.0,0.0,-1.0,0.0,-1.0,0.0
10.4,1.9943,4.8986,1.9696,2.3014,43,1.1654,-0.8042,0.0,-1.0,0.0,-1.0,0.0,-1.0,0.0
10.45,1.9902,4.8987,1.9233,2.3014,43,1.1566,-0.7667,0.0,0.0,0.0,0.0,0.0,0.0,0.0
10.5,1.9861,4.899,1.8771,2.3011,43,1.1505,-0.7266,0.0,0.0,0.0,0.0,0.0,0.0,0.0
10.55,1.9794,4.8996,1.8001,2.3005,43,1.1407,-0.6594,0.0,0.0,0.0,0.0,0.0,0.0,0.0
10.6,1.975,4.9003,1.7486,2.2998,43,1.1339,-0.6148,0.0,0.0,0.0,0.0,0.0,0.0,0.0
10.65,1.9702,4.9012,1.6922,2.299,43,1.123,-0.5693,0.0,0.0,0.0,0.0,0.0,0.0,0.0
10.7,1.9631,4.9031,1.6074,2.2972,43,1.1154,-0.492,0.0,0.0,0.0,0.0,0.0,0.0,0.0
10.75,1.9581,4.9046,1.5458,2.2957,43,1.1034,-0.4424,0.0,0.0,0.0,0.0,0.0,0.0,0.0
10.8,1.9507,4.9076,1.4533,2.293,43,1.0951,-0.3582,0.0,0.0,0.0,0.0,0.0,0.0,0.0
10.85,1.9456,4.91,1.3866,2.2907,43,1.082,-0.3045,0.0,0.0,0.0,0.0,0.0,0.0,0.0
10.9,1.9382,4.9142,1.2863,2.2867,43,1.0731,-0.2132,0.0,0.0,0.0,0.0,0.0,0.0,0.0
10.95,1.9333,4.9172,1.2172,2.2838,43,1.1149,-0.1023,0.0,0.0,0.0,0.0,0.0,0.0,0.0
11.0,1.9263,4.9223,1.1136,2.2789,43,1.1063,-0.0072,0.0,0.0,0.0,0.0,0.0,0.0,0.0
11.05,1.9219,4.9259,1.0462,2.2755,43,1.0937,0.0475,0.0,0.0,0.0,0.0,0.0,0.0,0.0
11.1,1.9159,4.9313,0.9489,2.2703,43,1.0858,0.1369,0.0,0.0,0.0,0.0,0.0,0.0,0.0
11.15,1.9123,4.935,0.8867,2.2666,43,1.0745,0.1878,0.0,0.0,0.0,0.0,0.0,0.0,0.0
11.201,1.9074,4.9406,0.7975,2.2613,43,1.0674,0.2699,0.0,0.0,0.0,0.0,0.0,0.0,0.0
11.251,1.9046,4.9444,0.7407,2.2576,43,1.0574,0.3167,0.0,0.0,0.0,0.0,0.0,0.0,0.0
11.3,1.9007,4.9498,0.6599,2.2524,43,1.0512,0.3913,0.0,0.0,0.0,0.0,0.0,0.0,0.0
11.35,1.8984,4.9534,0.6082,2.2489,43,1.0971,0.4889,0.0,0.0,0.0,0.0,0.0,0.0,0.0
11.4,1.8953,4.9585,0.5351,2.2439,43,1.0921,0.557,0.0,0.0,0.0,0.0,0.0,0.0,0.0
11.45,1.8934,4.9619,0.4886,2.2407,43,1.0849,0.5964,0.0,0.0,0.0,0.0,0.0,0.0,0.0
11.5,1.891,4.9667,0.4231,2.236,43,1.0806,0.6574,0.0,0.0,0.0,0.0,0.0,0.0,0.0
11.55,1.8896,4.9698,0.3817,2.233,43,1.0745,0.6927,0.0,0.0,0.0,0.0,0.0,0.0,0.0
11.6,1.8879,4.9742,0.324,2.2287,43,1.0709,0.7469,0.0,0.0,0.0,0.0,0.0,0.0,0.0
11.65,1.8869,4.977,0.2877,2.2259,43,1.0659,0.7782,0.0,0.0,0.0,0.0,0.0,0.0,0.0
11.701,1.8858,4.9809,0.2376,2.222,43,1.0629,0.8253,0.0,0.0,0.0,0.0,0.0,0.0,0.0
11.75,1.8852,4.9834,0.2064,2.2196,43,1.0629,0.8565,0.0,0.0,0.0,0.0,0.0,0.0,0.0
11.8,1.8847,4.9857,0.1781,2.2173,43,1.0589,0.8808,0.0,0.0,0.0,0.0,0.0,0.0,0.0
11.85,1.8841,4.9889,0.138,2.2141,43,1.0566,0.9186,0.0,0.0,0.0,0.0,0.0,0.0,0.0
11.9,1.8838,4.9908,0.1148,2.2122,43,1.0535,0.9386,0.0,0.0,0.0,0.0,0.0,0.0,0.0
11.95,1.8835,4.9935,0.0824,2.2096,43,1.0517,0.9693,0.0,0.0,0.0,0.0,0.0,0.0,0.0
12.0,1.8834,4.9949,0.0643,2.2081,43,1.0493,0.985,0.0,0.0,0.0,0.0,0.0,0.0,0.0
12.05,1.8833,4.997,0.0396,2.2061,43,1.048,1.0084,0.0,0.0,0.0,0.0,0.0,0.0,0.0
12.101,1.8832,4.998,0.0267,2.2051,43,1.0463,1.0196,0.0,0.0,0.0,0.0,0.0,0.0,0.0
12.15,1.8832,4.9992,0.0117,2.2039,43,1.0454,1.0338,0.0,0.0,0.0,0.0,0.0,0.0,0.0
12.2,1.8832,4.9998,0.0043,2.2033,43,1.0445,1.0401,0.0,0.0,0.0,0.0,0.0,0.0,0.0
12.25,1.8832,5.0003,-0.0018,2.2028,43,1.0986,1.1004,0.0,0.0,0.0,0.0,0.0,0.0,0.0
12.3,1.8832,5.0005,-0.004,2.2026,43,1.0983,1.1023,0.0,0.0,0.0,0.0,0.0,0.0,0.0
12.35,1.8832,5.0006,-0.0051,2.2025,43,1.0981,1.1033,0.0,0.0,0.0,0.0,0.0,0.0,0.0
12.4,1.8832,5.0006,-0.0051,2.2025,43,1.0981,1.1032,0.0,1.0,0.0,1.0,0.0,1.0,0.0
12.45,1.8832,5.0006,-0.0051,2.2025,43,1.0981,1.1032,0.0,1.0,0.0,1.0,0.0,1.0,0.0
12.5,1.8832,5.0006,-0.0051,2.2025,43,1.0981,1.1032,0.0,1.0,0.0,1.0,0.0,1.0,0.0
12.55,1.8832,5.0006,-0.0051,2.2025,43,1.0981,1.1032,0.0,1.0,0.0,1.0,0.0,1.0,0.0
12.6,1.8832,5.0006,-0.0051,2.2025,43,1.0981,1.1032,0.0,1.0,0.0,1.0,0.0,1.0,0.0
12.65,1.8832,5.0006,-0.0051,2.2025,43,1.0981,1.1032,0.0,1.0,0.0,1.0,0.0,1.0,0.0
12.7,1.8832,5.0006,-0.0051,2.2025,43,1.0981,1.1032,0.0,1.0,0.0,1.0,0.0,1.0,0.0
12.75,1.8817,5.0002,-0.0,2.203,43,1.0981,1.0981,0.0,1.0,0.0,1.0,0.0,1.0,0.0
12.8,1.8801,4.9998,0.0052,2.2035,43,1.0964,1.0912,0.0,1.0,0.0,1.0,0.0,1.0,0.0
12.85,1.8785,4.9991,0.0128,2.2042,43,1.0946,1.0818,0.0,1.0,0.0,1.0,0.0,1.0,0.0
12.9,1.8761,4.9978,0.0283,2.2057,43,1.0922,1.064,0.0,1.0,0.0,1.0,0.0,1.0,0.0
12.95,1.8745,4.9967,0.041,2.2068,43,1.0908,1.0498,0.0,1.0,0.0,1.0,0.0,1.0,0.0
13.0,1.8722,4.9947,0.0642,2.209,43,1.089,1.0248,0.0,1.0,0.0,1.0,0.0,1.0,0.0
13.05,1.8707,4.9932,0.082,2.2106,43,1.0879,1.0059,0.0,1.0,0.0,1.0,0.0,1.0,0.0
13.1,1.8686,4.9904,0.1129,2.2135,43,1.0326,0.9197,0.0,1.0,0.0,1.0,0.0,1.0,0.0
13.15,1.8672,4.9884,0.1359,2.2156,43,1.0322,0.8963,0.0,1.0,0.0,1.0,0.0,1.0,0.0
13.2,1.8653,4.9849,0.1745,2.2192,43,1.0321,0.8576,0.0,1.0,0.0,1.0,0.0,1.0,0.0
13.25,1.8642,4.9823,0.2026,2.2218,43,1.0323,0.8297,0.0,1.0,0.0,1.0,0.0,1.0,0.0
13.3,1.8627,4.9781,0.249,2.2261,43,0.2181,-0.0309,0.0,1.0,0.0,1.0,0.0,1.0,0.0
13.35,1.8619,4.9751,0.2823,2.2292,43,0.249,-0.0333,0.0,0.0,0.0,0.0,0.0,0.0,0.0
13.4,1.8609,4.9702,0.3364,2.2342,43,0.3003,-0.0361,0.0,0.0,0.0,0.0,0.0,0.0,0.0
13.45,1.8605,4.9667,0.3748,2.2377,43,0.3364,-0.0385,0.0,0.0,0.0,0.0,0.0,0.0,0.0
13.5,1.8603,4.9611,0.4366,2.2433,43,0.3954,-0.0412,0.0,0.0,0.0,0.0,0.0,0.0,0.0
13.55,1.8604,4.9572,0.4803,2.2471,43,0.4366,-0.0436,0.0,0.0,0.0,0.0,0.0,0.0,0.0
13.6,1.8611,4.9511,0.5498,2.2532,43,0.5034,-0.0463,0.0,0.0,0.0,0.0,0.0,0.0,0.0
13.65,1.8619,4.9469,0.5986,2.2573,43,0.5498,-0.0488,0.0,0.0,0.0,0.0,0.0,0.0,0.0
13.7,1.8637,4.9404,0.6758,2.2637,43,0.6243,-0.0515,0.0,0.0,0.0,0.0,0.0,0.0,0.0
13.75,1.8654,4.9361,0.7297,2.2679,43,0.6758,-0.0539,0.0,0.0,0.0,0.0,0.0,0.0,0.0
13.8,1.8686,4.9296,0.8145,2.2742,43,0.758,-0.0566,0.0,0.0,0.0,0.0,0.0,0.0,0.0
13.85,1.8713,4.9254,0.8735,2.2783,43,0.8145,-0.059,0.0,0.0,0.0,0.0,0.0,0.0,0.0
13.9,1.8762,4.9194,0.9661,2.284,43,0.9044,-0.0617,0.0,0.0,0.0,0.0,0.0,0.0,0.0
13.95,1.8798,4.9157,1.0274,2.2875,43,0.9661,-0.0613,0.0,0.0,0.0,0.0,0.0,0.0,0.0
14.0,1.8852,4.9108,1.1146,2.292,43,1.0569,-0.0577,0.0,0.0,0.0,0.0,0.0,0.0,0.0
14.05,1.889,4.9081,1.1708,2.2946,43,1.1146,-0.0562,0.0,0.0,0.0,0.0,0.0,0.0,0.0
14.1,1.8947,4.9047,1.2506,2.2977,43,1.1979,-0.0527,0.0,0.0,0.0,0.0,0.0,0.0,0.0
14.15,1.8985,4.903,1.3016,2.2993,43,1.2506,-0.0511,0.0,0.0,0.0,0.0,0.0,0.0,0.0
14.2,1.9042,4.9009,1.3738,2.3011,43,1.3262,-0.0476,0.0,0.0,0.0,0.0,0.0,0.0,0.0
14.25,1.9079,4.8999,1.4199,2.3019,43,1.3738,-0.0461,0.0,0.0,0.0,0.0,0.0,0.0,0.0
14.3,1.9132,4.899,1.4848,2.3026,43,1.4421,-0.0427,0.0,0.0,0.0,0.0,0.0,0.0,0.0
14.35,1.9165,4.8988,1.5259,2.3028,43,1.4848,-0.0411,0.0,0.0,0.0,0.0,0.0,0.0,0.0
14.401,1.9213,4.8985,1.584,2.3029,43,1.5458,-0.0382,0.0,0.0,0.0,0.0,0.0,0.0,0.0
14.45,1.9243,4.8983,1.621,2.3029,43,1.584,-0.0371,0.0,0.0,0.0,0.0,0.0,0.0,0.0
14.5,1.9272,4.8981,1.6561,2.3031,43,1.6389,-0.0173,0.0,0.0,0.0,0.0,0.0,0.0,0.0
14.55,1.9313,4.8979,1.7062,2.3031,43,1.6731,-0.033,0.0,0.0,0.0,0.0,0.0,0.0,0.0
14.6,1.9339,4.8977,1.7368,2.3032,43,1.7218,-0.015,0.0,0.0,0.0,0.0,0.0,0.0,0.0
14.65,1.9374,4.8978,1.7793,2.3031,43,1.7514,-0.0279,0.0,0.0,0.0,0.0,0.0,0.0,0.0
14.7,1.9395,4.8979,1.8041,2.3029,43,1.792,-0.0121,0.0,0.0,0.0,0.0,0.0,0.0,0.0
14.75,1.9422,4.8982,1.8373,2.3026,43,1.8157,-0.0216,0.0,0.0,0.0,0.0,0.0,0.0,0.0
14.8,1.9437,4.8984,1.8558,2.3023,43,1.8469,-0.0089,0.0,0.0,0.0,0.0,0.0,0.0,0.0
14.85,1.9456,4.8988,1.8793,2.3019,43,1.8643,-0.015,0.0,0.0,0.0,0.0,0.0,0.0,0.0
14.9,1.9466,4.8989,1.891,2.3017,43,1.8854,-0.0056,0.0,0.0,0.0,0.0,0.0,0.0,0.0
14.95,1.9477,4.8993,1.9047,2.3013,43,1.8963,-0.0084,0.0,0.0,0.0,0.0,0.0,0.0,0.0
15.0,1.9481,4.8994,1.91,2.3012,43,1.9074,-0.0025,0.0,0.0,0.0,0.0,0.0,0.0,0.0
15.05,1.9485,4.8995,1.9152,2.301,43,1.9125,-0.0027,0.0,0.0,0.0,0.0,0.0,0.0,0.0
15.1,1.9485,4.8995,1.9152,2.301,43,1.9152,0.0,0.0,0.0,0.0,0.0,0.0,0.0,0.0
15.15,1.9485,4.8995,1.9152,2.301,43,1.9152,0.0,0.0,0.0,0.0,0.0,0.0,0.0,0.0
15.2,1.9485,4.8995,1.9152,2.301,43,1.9152,0.0,0.0,0.0,0.0,0.0,0.0,0.0,0.0
15.25,1.9485,4.8995,1.9152,2.301,43,1.9152,0.0,0.0,0.0,0.0,0.0,0.0,0.0,0.0
15.3,1.9485,4.8995,1.9152,2.301,43,1.9152,0.0,0.0,0.0,0.0,0.0,0.0,0.0,0.0
15.35,1.9485,4.8995,1.9152,2.301,43,1.9152,0.0,0.0,0.0,0.0,0.0,0.0,0.0,0.0
15.4,1.9485,4.8995,1.9152,2.301,43,1.9152,0.0,0.0,0.0,0.0,0.0,0.0,0.0,0.0
15.45,1.9485,4.8995,1.9152,2.301,43,1.9152,0.0,0.0,0.0,0.0,0.0,0.0,0.0,0.0
15.5,1.9485,4.8995,1.9152,2.301,43,1.9152,0.0,0.0,0.0,0.0,0.0,0.0,0.0,0.0
15.55,1.9485,4.8995,1.9152,2.301,43,1.9152,0.0,0.0,0.0,0.0,0.0,0.0,0.0,0.0
15.6,1.9485,4.8995,1.9152,2.301,43,1.9152,0.0,0.0,0.0,0.0,0.0,0.0,0.0,0.0
15.65,1.9485,4.8995,1.9152,2.301,43,1.9152,0.0,0.0,0.0,0.0,0.0,0.0,0.0,0.0
15.7,1.9485,4.8995,1.9152,2.301,43,1.9152,0.0,0.0,0.0,0.0,0.0,0.0,0.0,0.0
15.75,1.9485,4.8995,1.9152,2.301,43,1.9152,0.0,0.0,0.0,0.0,0.0,0.0,0.0,0.0
15.8,1.9485,4.8995,1.9152,2.301,43,1.9152,0.0,0.0,0.0,0.0,0.0,0.0,0.0,0.0
15.85,1.9485,4.8995,1.9152,2.301,43,1.9152,0.0,0.0,0.0,0.0,0.0,0.0,0.0,0.0
15.9,1.9485,4.8995,1.9152,2.301,43,1.9152,0.0,0.0,0.0,0.0,0.0,0.0,0.0,0.0
15.95,1.9485,4.8995,1.9152,2.301,43,1.9152,0.0,0.0,0.0,0.0,0.0,0.0,0.0,0.0
16.0,1.9485,4.8995,1.9152,2.301,43,1.9152,0.0,0.0,0.0,0.0,0.0,0.0,0.0,0.0
16.05,1.9485,4.8995,1.9152,2.301,43,1.9152,0.0,0.0,0.0,0.0,0.0,0.0,0.0,0.0
16.1,1.9485,4.8995,1.9152,2.301,43,1.9152,0.0,0.0,0.0,0.0,0.0,0.0,0.0,0.0
16.15,1.9485,4.8995,1.9152,2.301,43,1.9152,0.0,0.0,0.0,0.0,0.0,0.0,0.0,0.0
16.2,1.9485,4.8995,1.9152,2.301,43,1.9152,0.0,0.0,0.0,0.0,0.0,0.0,0.0,0.0
16.25,1.9485,4.8995,1.9152,2.301,43,1.9152,0.0,0.0,0.0,0.0,0.0,0.0,0.0,0.0
16.3,1.9485,4.8995,1.9152,2.301,43,1.9152,0.0,0.0,0.0,0.0,0.0,0.0,0.0,0.0
16.35,1.9485,4.8995,1.9152,2.301,43,1.9152,0.0,0.0,0.0,0.0,0.0,0.0,0.0,0.0
16.4,1.9485,4.8995,1.9152,2.301,43,1.9152,0.0,0.0,0.0,0.0,0.0,0.0,0.0,0.0
16.451,1.9485,4.8995,1.9152,2.301,43,1.9152,0.0,0.0,0.0,0.0,0.0,0.0,0.0,0.0
16.5,1.9485,4.8995,1.9152,2.301,43,1.9152,0.0,0.0,0.0,0.0,0.0,0.0,0.0,0.0
16.55,1.9485,4.8995,1.9152,2.301,43,1.9152,0.0,0.0,0.0,0.0,0.0,0.0,0.0,0.0
16.6,1.9485,4.8995,1.9152,2.301,43,1.9152,0.0,0.0,0.0,0.0,0.0,0.0,0.0,0.0
16.65,1.9485,4.8995,1.9152,2.301,43,1.9152,0.0,0.0,0.0,0.0,0.0,0.0,0.0,0.0
16.7,1.9485,4.8995,1.9152,2.301,43,1.9152,0.0,0.0,0.0,0.0,0.0,0.0,0.0,0.0
16.75,1.9485,4.8995,1.9152,2.301,43,1.9152,0.0,0.0,0.0,0.0,0.0,0.0,0.0,0.0
16.8,1.9485,4.8995,1.9152,2.301,43,1.9152,0.0,0.0,0.0,0.0,0.0,0.0,0.0,0.0
16.85,1.9485,4.8995,1.9152,2.301,43,1.9152,0.0,0.0,0.0,0.0,0.0,0.0,0.0,0.0
16.9,1.9485,4.8995,1.9152,2.301,43,1.9152,0.0,0.0,0.0,0.0,0.0,0.0,0.0,0.0
16.95,1.9485,4.8995,1.9152,2.301,43,1.9152,0.0,0.0,0.0,0.0,0.0,0.0,0.0,0.0
17.0,1.9485,4.8995,1.9152,2.301,43,1.9152,0.0,0.0,0.0,0.0,0.0,0.0,0.0,0.0
17.05,1.9485,4.8995,1.9152,2.301,43,1.9152,0.0,0.0,0.0,0.0,0.0,0.0,0.0,0.0
17.1,1.9485,4.8995,1.9152,2.301,43,1.9152,0.0,0.0,0.0,0.0,0.0,0.0,0.0,0.0
17.15,1.9485,4.8995,1.9152,2.301,43,1.9152,0.0,0.0,0.0,0.0,0.0,0.0,0.0,0.0
17.2,1.9485,4.8995,1.9152,2.301,43,1.9152,0.0,0.0,0.0,0.0,0.0,0.0,0.0,0.0
17.25,1.9485,4.8995,1.9152,2.301,43,1.9152,0.0,0.0,0.0,0.0,0.0,0.0,0.0,0.0
17.3,1.9485,4.8995,1.9152,2.301,43,1.9152,0.0,0.0,0.0,0.0,0.0,0.0,0.0,0.0
17.35,1.9485,4.8995,1.9152,2.301,43,1.9152,0.0,0.0,0.0,0.0,0.0,0.0,0.0,0.0
17.4,1.9485,4.8995,1.9152,2.301,43,1.9152,0.0,0.0,0.0,0.0,0.0,0.0,0.0,0.0
17.45,1.9485,4.8995,1.9152,2.301,43,1.9152,0.0,0.0,0.0,0.0,0.0,0.0,0.0,0.0
17.5,1.9485,4.8995,1.9152,2.301,43,1.9152,0.0,0.0,0.0,0.0,0.0,0.0,0.0,0.0
17.55,1.9485,4.8995,1.9152,2.301,43,1.9152,0.0,0.0,0.0,0.0,0.0,0.0,0.0,0.0
17.6,1.9485,4.8995,1.9152,2.301,43,1.9152,0.0,0.0,0.0,0.0,0.0,0.0,0.0,0.0
17.65,1.9485,4.8995,1.9152,2.301,43,1.9152,0.0,0.0,0.0,0.0,0.0,0.0,0.0,0.0
17.701,1.9485,4.8995,1.9152,2.301,43,1.9152,0.0,0.0,0.0,0.0,0.0,0.0,0.0,0.0
17.75,1.9485,4.8995,1.9152,2.301,43,1.9152,0.0,0.0,0.0,0.0,0.0,0.0,0.0,0.0
17.8,1.9485,4.8995,1.9152,2.301,43,1.9152,0.0,0.0,0.0,0.0,0.0,0.0,0.0,0.0
17.85,1.9485,4.8995,1.9152,2.301,43,1.9152,0.0,0.0,0.0,0.0,0.0,0.0,0.0,0.0
17.9,1.9485,4.8995,1.9152,2.301,43,1.9152,0.0,0.0,0.0,0.0,0.0,0.0,0.0,0.0
17.95,1.9485,4.8995,1.9152,2.301,43,1.9152,0.0,0.0,0.0,0.0,0.0,0.0,0.0,0.0
18.0,1.9485,4.8995,1.9152,2.301,43,1.9152,0.0,0.0,0.0,0.0,0.0,0.0,0.0,0.0
18.05,1.9485,4.8995,1.9152,2.301,43,1.9152,0.0,0.0,0.0,0.0,0.0,0.0,0.0,0.0
18.1,1.9485,4.8995,1.9152,2.301,43,1.9152,0.0,0.0,0.0,0.0,0.0,0.0,0.0,0.0
18.15,1.9485,4.8995,1.9152,2.301,43,1.9152,0.0,0.0,0.0,0.0,0.0,0.0,0.0,0.0
18.2,1.9485,4.8995,1.9152,2.301,43,1.9152,0.0,0.0,0.0,0.0,0.0,0.0,0.0,0.0
18.25,1.9485,4.8995,1.9152,2.301,43,1.9152,0.0,0.0,0.0,0.0,0.0,0.0,0.0,0.0
18.3,1.9485,4.8995,1.9152,2.301,43,1.9152,0.0,0.0,0.0,0.0,0.0,0.0,0.0,0.0
18.35,1.9485,4.8995,1.9152,2.301,43,1.9152,0.0,0.0,0.0,0.0,0.0,0.0,0.0,0.0
18.4,1.9485,4.8995,1.9152,2.301,43,1.9152,0.0,0.0,0.0,0.0,0.0,0.0,0.0,0.0
18.45,1.9485,4.8995,1.9152,2.301,43,1.9152,0.0,0.0,0.0,0.0,0.0,0.0,0.0,0.0
18.5,1.9485,4.8995,1.9152,2.301,43,1.9152,0.0,0.0,0.0,0.0,0.0,0.0,0.0,0.0
18.55,1.9485,4.8995,1.9152,2.301,43,1.9152,0.0,0.0,0.0,0.0,0.0,0.0,0.0,0.0
18.6,1.9485,4.8995,1.9152,2.301,43,1.9152,0.0,0.0,0.0,0.0,0.0,0.0,0.0,0.0
18.65,1.9485,4.8995,1.9152,2.301,43,1.9152,0.0,0.0,0.0,0.0,0.0,0.0,0.0,0.0
18.7,1.9485,4.8995,1.9152,2.301,43,1.9152,0.0,0.0,0.0,0.0,0.0,0.0,0.0,0.0
18.75,1.9485,4.8995,1.9152,2.301,43,1.9152,0.0,0.0,0.0,0.0,0.0,0.0,0.0,0.0
18.8,1.9485,4.8995,1.9152,2.301,43,1.9152,0.0,0.0,0.0,0.0,0.0,0.0,0.0,0.0
18.85,1.9485,4.8995,1.9152,2.301,43,1.9152,0.0,0.0,0.0,0.0,0.0,0.0,0.0,0.0
18.9,1.9485,4.8995,1.9152,2.301,43,1.9152,0.0,0.0,0.0,0.0,0.0,0.0,0.0,0.0
18.95,1.9485,4.8995,1.9152,2.301,43,1.9152,0.0,0.0,0.0,0.0,0.0,0.0,0.0,0.0
19.0,1.9485,4.8995,1.9152,2.301,43,1.9152,0.0,0.0,0.0,0.0,0.0,0.0,0.0,0.0
19.05,1.9485,4.8995,1.9152,2.301,43,1.9152,0.0,0.0,0.0,0.0,0.0,0.0,0.0,0.0
19.1,1.9485,4.8995,1.9152,2.301,43,1.9152,0.0,0.0,0.0,0.0,0.0,0.0,0.0,0.0
19.15,1.9485,4.8995,1.9152,2.301,43,1.9152,0.0,0.0,0.0,0.0,0.0,0.0,0.0,0.0
19.2,1.9485,4.8995,1.9152,2.301,43,1.9152,0.0,0.0,0.0,0.0,0.0,0.0,0.0,0.0
19.25,1.9485,4.8995,1.9152,2.301,43,1.9152,0.0,0.0,0.0,0.0,0.0,0.0,0.0,0.0
19.3,1.9485,4.8995,1.9152,2.301,43,1.9152,0.0,0.0,0.0,0.0,0.0,0.0,0.0,0.0
19.35,1.9485,4.8995,1.9152,2.301,43,1.9152,0.0,0.0,0.0,0.0,0.0,0.0,0.0,0.0
19.4,1.9485,4.8995,1.9152,2.301,43,1.9152,0.0,0.0,0.0,0.0,0.0,0.0,0.0,0.0
19.45,1.9485,4.8995,1.9152,2.301,43,1.9152,0.0,0.0,0.0,0.0,0.0,0.0,0.0,0.0
19.5,1.9485,4.8995,1.9152,2.301,43,1.9152,0.0,0.0,0.0,0.0,0.0,0.0,0.0,0.0
19.55,1.9485,4.8995,1.9152,2.301,43,1.9152,0.0,0.0,0.0,0.0,0.0,0.0,0.0,0.0
19.6,1.9485,4.8995,1.9152,2.301,43,1.9152,0.0,0.0,0.0,0.0,0.0,0.0,0.0,0.0
19.65,1.9485,4.8995,1.9152,2.301,43,1.9152,0.0,0.0,0.0,0.0,0.0,0.0,0.0,0.0
19.7,1.9485,4.8995,1.9152,2.301,43,1.9152,0.0,0.0,0.0,0.0,0.0,0.0,0.0,0.0
19.75,1.9485,4.8995,1.9152,2.301,43,1.9152,0.0,0.0,0.0,0.0,0.0,0.0,0.0,0.0
19.8,1.9485,4.8995,1.9152,2.301,43,1.9152,0.0,0.0,0.0,0.0,0.0,0.0,0.0,0.0
19.85,1.9485,4.8995,1.9152,2.301,43,1.9152,0.0,0.0,0.0,0.0,0.0,0.0,0.0,0.0
19.9,1.9485,4.8995,1.9152,2.301,43,1.9152,0.0,0.0,0.0,0.0,0.0,0.0,0.0,0.0
19.95,1.9485,4.8995,1.9152,2.301,43,1.9152,0.0,0.0,0.0,0.0,0.0,0.0,0.0,0.0
20.0,1.9485,4.8995,1.9152,2.301,43,1.9152,0.0,0.0,0.0,0.0,0.0,0.0,0.0,0.0
20.05,1.9485,4.8995,1.9152,2.301,43,1.9152,0.0,0.0,0.0,0.0,0.0,0.0,0.0,0.0
20.1,1.9485,4.8995,1.9152,2.301,43,1.9152,0.0,0.0,0.0,0.0,0.0,0.0,0.0,0.0
20.15,1.9485,4.8995,1.9152,2.301,43,1.9152,0.0,0.0,0.0,0.0,0.0,0.0,0.0,0.0
20.2,1.9485,4.8995,1.9152,2.301,43,1.9152,0.0,0.0,0.0,0.0,0.0,0.0,0.0,0.0
20.25,1.9485,4.8995,1.9152,2.301,43,1.9152,0.0,0.0,0.0,0.0,0.0,0.0,0.0,0.0
20.3,1.9485,4.8995,1.9152,2.301,43,1.9152,0.0,0.0,0.0,0.0,0.0,0.0,0.0,0.0
20.35,1.9485,4.8995,1.9152,2.301,43,1.9152,0.0,0.0,0.0,0.0,0.0,0.0,0.0,0.0
20.4,1.9485,4.8995,1.9152,2.301,43,1.9152,0.0,0.0,0.0,0.0,0.0,0.0,0.0,0.0
20.45,1.9485,4.8995,1.9152,2.301,43,1.9152,0.0,0.0,0.0,0.0,0.0,0.0,0.0,0.0
20.5,1.9485,4.8995,1.9152,2.301,43,1.9152,0.0,0.0,0.0,0.0,0.0,0.0,0.0,0.0
20.55,1.9485,4.8995,1.9152,2.301,43,1.9152,0.0,0.0,0.0,0.0,0.0,0.0,0.0,0.0
20.6,1.9485,4.8995,1.9152,2.301,43,1.9152,0.0,0.0,0.0,0.0,0.0,0.0,0.0,0.0
20.65,1.9485,4.8995,1.9152,2.301,43,1.9152,0.0,0.0,0.0,0.0,0.0,0.0,0.0,0.0
20.7,1.9485,4.8995,1.9152,2.301,43,1.9152,0.0,0.0,0.0,0.0,0.0,0.0,0.0,0.0
20.75,1.9485,4.8995,1.9152,2.301,43,1.9152,0.0,0.0,0.0,0.0,0.0,0.0,0.0,0.0
20.8,1.9485,4.8995,1.9152,2.301,43,1.9152,0.0,0.0,0.0,0.0,0.0,0.0,0.0,0.0
20.85,1.9485,4.8995,1.9152,2.301,43,1.9152,0.0,0.0,0.0,0.0,0.0,0.0,0.0,0.0
20.9,1.9485,4.8995,1.9152,2.301,43,1.9152,0.0,0.0,0.0,0.0,0.0,0.0,0.0,0.0
20.95,1.9485,4.8995,1.9152,2.301,43,1.9152,0.0,0.0,0.0,0.0,0.0,0.0,0.0,0.0
21.0,1.9485,4.8995,1.9152,2.301,43,1.9152,0.0,0.0,0.0,0.0,0.0,0.0,0.0,0.0
21.05,1.9485,4.8995,1.9152,2.301,43,1.9152,0.0,0.0,0.0,0.0,0.0,0.0,0.0,0.0
21.1,1.9485,4.8995,1.9152,2.301,43,1.9152,0.0,0.0,0.0,0.0,0.0,0.0,0.0,0.0
21.15,1.9485,4.8995,1.9152,2.301,43,1.9152,0.0,0.0,0.0,0.0,0.0,0.0,0.0,0.0
21.2,1.9485,4.8995,1.9152,2.301,43,1.9152,0.0,0.0,0.0,0.0,0.0,0.0,0.0,0.0
21.25,1.9485,4.8995,1.9152,2.301,43,1.9152,0.0,0.0,0.0,0.0,0.0,0.0,0.0,0.0
21.3,1.9485,4.8995,1.9152,2.301,43,1.9152,0.0,0.0,0.0,0.0,0.0,0.0,0.0,0.0
21.35,1.9485,4.8995,1.9152,2.301,43,1.9152,0.0,0.0,0.0,0.0,0.0,0.0,0.0,0.0
21.4,1.9485,4.8995,1.9152,2.301,43,1.9152,0.0,0.0,0.0,0.0,0.0,0.0,0.0,0.0
21.45,1.9485,4.8995,1.9152,2.301,43,1.9152,0.0,0.0,0.0,0.0,0.0,0.0,0.0,0.0
21.5,1.9485,4.8995,1.9152,2.301,43,1.9152,0.0,0.0,0.0,0.0,0.0,0.0,0.0,0.0
21.55,1.9485,4.8995,1.9152,2.301,43,1.9152,0.0,0.0,0.0,0.0,0.0,0.0,0.0,0.0
21.6,1.9485,4.8995,1.9152,2.301,43,1.9152,0.0,0.0,0.0,0.0,0.0,0.0,0.0,0.0
21.65,1.9485,4.8995,1.9152,2.301,43,1.9152,0.0,0.0,0.0,0.0,0.0,0.0,0.0,0.0
21.7,1.9485,4.8995,1.9152,2.301,43,1.9152,0.0,0.0,0.0,0.0,0.0,0.0,0.0,0.0
21.75,1.9485,4.8995,1.9152,2.301,43,1.9152,0.0,0.0,0.0,0.0,0.0,0.0,0.0,0.0
21.8,1.9485,4.8995,1.9152,2.301,43,1.9152,0.0,0.0,0.0,0.0,0.0,0.0,0.0,0.0
21.85,1.9485,4.8995,1.9152,2.301,43,1.9152,0.0,0.0,0.0,0.0,0.0,0.0,0.0,0.0
21.901,1.9485,4.8995,1.9152,2.301,43,1.9152,0.0,0.0,0.0,0.0,0.0,0.0,0.0,0.0
21.95,1.9485,4.8995,1.9152,2.301,43,1.9152,0.0,0.0,0.0,0.0,0.0,0.0,0.0,0.0
22.0,1.9485,4.8995,1.9152,2.301,43,1.9152,0.0,0.0,0.0,0.0,0.0,0.0,0.0,0.0
22.05,1.9485,4.8995,1.9152,2.301,43,1.9152,0.0,0.0,0.0,0.0,0.0,0.0,0.0,0.0
22.1,1.9485,4.8995,1.9152,2.301,43,1.9152,0.0,0.0,0.0,0.0,0.0,0.0,0.0,0.0
22.15,1.9485,4.8995,1.9152,2.301,43,1.9152,0.0,0.0,0.0,0.0,0.0,0.0,0.0,0.0
22.2,1.9485,4.8995,1.9152,2.301,43,1.9152,0.0,0.0,0.0,0.0,0.0,0.0,0.0,0.0
22.25,1.9485,4.8995,1.9152,2.301,43,1.9152,0.0,0.0,0.0,0.0,0.0,0.0,0.0,0.0
22.3,1.9485,4.8995,1.9152,2.301,43,1.9152,0.0,0.0,0.0,0.0,0.0,0.0,0.0,0.0
22.35,1.9485,4.8995,1.9152,2.301,43,1.9152,0.0,0.0,0.0,0.0,0.0,0.0,0.0,0.0
22.4,1.9485,4.8995,1.9152,2.301,43,1.9152,0.0,0.0,0.0,0.0,0.0,0.0,0.0,0.0
22.45,1.9485,4.8995,1.9152,2.301,43,1.9152,0.0,0.0,0.0,0.0,0.0,0.0,0.0,0.0
22.5,1.9485,4.8995,1.9152,2.301,43,1.9152,0.0,0.0,0.0,0.0,0.0,0.0,0.0,0.0
22.55,1.9485,4.8995,1.9152,2.301,43,1.9152,0.0,0.0,0.0,0.0,0.0,0.0,0.0,0.0
22.6,1.9485,4.8995,1.9152,2.301,43,1.9152,0.0,0.0,0.0,0.0,0.0,0.0,0.0,0.0
22.65,1.9485,4.8995,1.9152,2.301,43,1.9152,0.0,0.0,0.0,0.0,0.0,0.0,0.0,0.0
22.7,1.9485,4.8995,1.9152,2.301,43,1.9152,0.0,0.0,0.0,0.0,0.0,0.0,0.0,0.0
22.75,1.9485,4.8995,1.9152,2.301,43,1.9152,0.0,0.0,0.0,0.0,0.0,0.0,0.0,0.0
22.8,1.9485,4.8995,1.9152,2.301,43,1.9152,0.0,0.0,0.0,0.0,0.0,0.0,0.0,0.0
22.85,1.9485,4.8995,1.9152,2.301,43,1.9152,0.0,0.0,0.0,0.0,0.0,0.0,0.0,0.0
22.9,1.9485,4.8995,1.9152,2.301,43,1.9152,0.0,0.0,0.0,0.0,0.0,0.0,0.0,0.0
22.95,1.9485,4.8995,1.9152,2.301,43,1.9152,0.0,0.0,0.0,0.0,0.0,0.0,0.0,0.0
23.0,1.9485,4.8995,1.9152,2.301,43,1.9152,0.0,0.0,0.0,0.0,0.0,0.0,0.0,0.0
23.05,1.9485,4.8995,1.9152,2.301,43,1.9152,0.0,0.0,0.0,0.0,0.0,0.0,0.0,0.0
23.1,1.9485,4.8995,1.9152,2.301,43,1.9152,0.0,0.0,0.0,0.0,0.0,0.0,0.0,0.0
23.15,1.9485,4.8995,1.9152,2.301,43,1.9152,0.0,0.0,0.0,0.0,0.0,0.0,0.0,0.0
23.2,1.9485,4.8995,1.9152,2.301,43,1.9152,0.0,0.0,0.0,0.0,0.0,0.0,0.0,0.0
23.25,1.9485,4.8995,1.9152,2.301,43,1.9152,0.0,0.0,0.0,0.0,0.0,0.0,0.0,0.0
23.3,1.9485,4.8995,1.9152,2.301,43,1.9152,0.0,0.0,0.0,0.0,0.0,0.0,0.0,0.0
23.35,1.9485,4.8995,1.9152,2.301,43,1.9152,0.0,0.0,0.0,0.0,0.0,0.0,0.0,0.0
23.4,1.9485,4.8995,1.9152,2.301,43,1.9152,0.0,0.0,0.0,0.0,0.0,0.0,0.0,0.0
23.45,1.9485,4.8995,1.9152,2.301,43,1.9152,0.0,0.0,0.0,0.0,0.0,0.0,0.0,0.0
23.5,1.9485,4.8995,1.9152,2.301,43,1.9152,0.0,0.0,0.0,0.0,0.0,0.0,0.0,0.0
23.55,1.9485,4.8995,1.9152,2.301,43,1.9152,0.0,0.0,0.0,0.0,0.0,0.0,0.0,0.0
23.6,1.9485,4.8995,1.9152,2.301,43,1.9152,0.0,0.0,0.0,0.0,0.0,0.0,0.0,0.0
23.65,1.9485,4.8995,1.9152,2.301,43,1.9152,0.0,0.0,0.0,0.0,0.0,0.0,0.0,0.0
23.7,1.9485,4.8995,1.9152,2.301,43,1.9152,0.0,0.0,0.0,0.0,0.0,0.0,0.0,0.0
23.75,1.9485,4.8995,1.9152,2.301,43,1.9152,0.0,0.0,0.0,0.0,0.0,0.0,0.0,0.0
23.8,1.9485,4.8995,1.9152,2.301,43,1.9152,0.0,0.0,0.0,0.0,0.0,0.0,0.0,0.0
23.85,1.9485,4.8995,1.9152,2.301,43,1.9152,0.0,0.0,0.0,0.0,0.0,0.0,0.0,0.0
23.9,1.9485,4.8995,1.9152,2.301,43,1.9152,0.0,0.0,0.0,0.0,0.0,0.0,0.0,0.0
23.95,1.9485,4.8995,1.9152,2.301,43,1.9152,0.0,0.0,0.0,0.0,0.0,0.0,0.0,0.0
24.0,1.9485,4.8995,1.9152,2.301,43,1.9152,0.0,0.0,0.0,0.0,0.0,0.0,0.0,0.0
24.05,1.9485,4.8995,1.9152,2.301,43,1.9152,0.0,0.0,0.0,0.0,0.0,0.0,0.0,0.0
24.1,1.9485,4.8995,1.9152,2.301,43,1.9152,0.0,0.0,0.0,0.0,0.0,0.0,0.0,0.0
24.15,1.9485,4.8995,1.9152,2.301,43,1.9152,0.0,0.0,0.0,0.0,0.0,0.0,0.0,0.0
24.2,1.9485,4.8995,1.9152,2.301,43,1.9152,0.0,0.0,0.0,0.0,0.0,0.0,0.0,0.0
24.25,1.9485,4.8995,1.9152,2.301,43,1.9152,0.0,0.0,0.0,0.0,0.0,0.0,0.0,0.0
24.3,1.9485,4.8995,1.9152,2.301,43,1.9152,0.0,0.0,0.0,0.0,0.0,0.0,0.0,0.0
24.35,1.9485,4.8995,1.9152,2.301,43,1.9152,0.0,0.0,0.0,0.0,0.0,0.0,0.0,0.0
24.4,1.9485,4.8995,1.9152,2.301,43,1.9152,0.0,0.0,0.0,0.0,0.0,0.0,0.0,0.0
24.45,1.9485,4.8995,1.9152,2.301,43,1.9152,0.0,0.0,0.0,0.0,0.0,0.0,0.0,0.0
24.5,1.9485,4.8995,1.9152,2.301,43,1.9152,0.0,0.0,0.0,0.0,0.0,0.0,0.0,0.0
24.55,1.9485,4.8995,1.9152,2.301,43,1.9152,0.0,0.0,0.0,0.0,0.0,0.0,0.0,0.0
24.6,1.9485,4.8995,1.9152,2.301,43,1.9152,0.0,0.0,0.0,0.0,0.0,0.0,0.0,0.0
24.65,1.9485,4.8995,1.9152,2.301,43,1.9152,0.0,0.0,0.0,0.0,0.0,0.0,0.0,0.0
24.7,1.9485,4.8995,1.9152,2.301,43,1.9152,0.0,0.0,0.0,0.0,0.0,0.0,0.0,0.0
24.75,1.9485,4.8995,1.9152,2.301,43,1.9152,0.0,0.0,0.0,0.0,0.0,0.0,0.0,0.0
24.8,1.9485,4.8995,1.9152,2.301,43,1.9152,0.0,0.0,0.0,0.0,0.0,0.0,0.0,0.0
24.85,1.9485,4.8995,1.9152,2.301,43,1.9152,0.0,0.0,0.0,0.0,0.0,0.0,0.0,0.0
24.9,1.9485,4.8995,1.9152,2.301,43,1.9152,0.0,0.0,0.0,0.0,0.0,0.0,0.0,0.0
24.95,1.9485,4.8995,1.9152,2.301,43,1.9152,0.0,0.0,0.0,0.0,0.0,0.0,0.0,0.0
25.0,1.9485,4.8995,1.9152,2.301,43,1.9152,0.0,0.0,0.0,0.0,0.0,0.0,0.0,0.0
25.05,1.9485,4.8995,1.9152,2.301,43,1.9152,0.0,0.0,0.0,0.0,0.0,0.0,0.0,0.0
25.1,1.9485,4.8995,1.9152,2.301,43,1.9152,0.0,0.0,0.0,0.0,0.0,0.0,0.0,0.0
25.15,1.9485,4.8995,1.9152,2.301,43,1.9152,0.0,0.0,0.0,0.0,0.0,0.0,0.0,0.0
25.2,1.9485,4.8995,1.9152,2.301,43,1.9152,0.0,0.0,0.0,0.0,0.0,0.0,0.0,0.0
25.25,1.9485,4.8995,1.9152,2.301,43,1.9152,0.0,0.0,0.0,0.0,0.0,0.0,0.0,0.0
25.3,1.9485,4.8995,1.9152,2.301,43,1.9152,0.0,0.0,0.0,0.0,0.0,0.0,0.0,0.0
25.35,1.9485,4.8995,1.9152,2.301,43,1.9152,0.0,0.0,0.0,0.0,0.0,0.0,0.0,0.0
25.4,1.9485,4.8995,1.9152,2.301,43,1.9152,0.0,0.0,0.0,0.0,0.0,0.0,0.0,0.0
25.45,1.9485,4.8995,1.9152,2.301,43,1.9152,0.0,0.0,0.0,0.0,0.0,0.0,0.0,0.0
25.5,1.9485,4.8995,1.9152,2.301,43,1.9152,0.0,0.0,0.0,0.0,0.0,0.0,0.0,0.0
25.55,1.9485,4.8995,1.9152,2.301,43,1.9152,0.0,0.0,0.0,0.0,0.0,0.0,0.0,0.0
25.6,1.9485,4.8995,1.9152,2.301,43,1.9152,0.0,0.0,0.0,0.0,0.0,0.0,0.0,0.0
25.65,1.9485,4.8995,1.9152,2.301,43,1.9152,0.0,0.0,0.0,0.0,0.0,0.0,0.0,0.0
25.7,1.9485,4.8995,1.9152,2.301,43,1.9152,0.0,0.0,0.0,0.0,0.0,0.0,0.0,0.0
25.75,1.9485,4.8995,1.9152,2.301,43,1.9152,0.0,0.0,0.0,0.0,0.0,0.0,0.0,0.0
25.8,1.9485,4.8995,1.9152,2.301,43,1.9152,0.0,0.0,0.0,0.0,0.0,0.0,0.0,0.0
25.85,1.9485,4.8995,1.9152,2.301,43,1.9152,0.0,0.0,0.0,0.0,0.0,0.0,0.0,0.0
25.9,1.9485,4.8995,1.9152,2.301,43,1.9152,0.0,0.0,0.0,0.0,0.0,0.0,0.0,0.0
25.95,1.9485,4.8995,1.9152,2.301,43,1.9152,0.0,0.0,0.0,0.0,0.0,0.0,0.0,0.0
26.0,1.9485,4.8995,1.9152,2.301,43,1.9152,0.0,0.0,0.0,0.0,0.0,0.0,0.0,0.0
26.05,1.9485,4.8995,1.9152,2.301,43,1.9152,0.0,0.0,0.0,0.0,0.0,0.0,0.0,0.0
26.1,1.9485,4.8995,1.9152,2.301,43,1.9152,0.0,0.0,0.0,0.0,0.0,0.0,0.0,0.0
26.15,1.9485,4.8995,1.9152,2.301,43,1.9152,0.0,0.0,0.0,0.0,0.0,0.0,0.0,0.0
26.2,1.9485,4.8995,1.9152,2.301,43,1.9152,0.0,0.0,0.0,0.0,0.0,0.0,0.0,0.0
26.25,1.9485,4.8995,1.9152,2.301,43,1.9152,0.0,0.0,0.0,0.0,0.0,0.0,0.0,0.0
26.3,1.9485,4.8995,1.9152,2.301,43,1.9152,0.0,0.0,0.0,0.0,0.0,0.0,0.0,0.0
26.35,1.9485,4.8995,1.9152,2.301,43,1.9152,0.0,0.0,0.0,0.0,0.0,0.0,0.0,0.0
26.4,1.9485,4.8995,1.9152,2.301,43,1.9152,0.0,0.0,0.0,0.0,0.0,0.0,0.0,0.0
26.45,1.9485,4.8995,1.9152,2.301,43,1.9152,0.0,0.0,0.0,0.0,0.0,0.0,0.0,0.0
26.5,1.9485,4.8995,1.9152,2.301,43,1.9152,0.0,0.0,0.0,0.0,0.0,0.0,0.0,0.0
26.55,1.9485,4.8995,1.9152,2.301,43,1.9152,0.0,0.0,0.0,0.0,0.0,0.0,0.0,0.0
26.6,1.9485,4.8995,1.9152,2.301,43,1.9152,0.0,0.0,0.0,0.0,0.0,0.0,0.0,0.0
26.65,1.9485,4.8995,1.9152,2.301,43,1.9152,0.0,0.0,0.0,0.0,0.0,0.0,0.0,0.0
26.7,1.9485,4.8995,1.9152,2.301,43,1.9152,0.0,0.0,0.0,0.0,0.0,0.0,0.0,0.0
26.75,1.9485,4.8995,1.9152,2.301,43,1.9152,0.0,0.0,0.0,0.0,0.0,0.0,0.0,0.0
26.8,1.9485,4.8995,1.9152,2.301,43,1.9152,0.0,0.0,0.0,0.0,0.0,0.0,0.0,0.0
26.85,1.9485,4.8995,1.9152,2.301,43,1.9152,0.0,0.0,0.0,0.0,0.0,0.0,0.0,0.0
26.9,1.9485,4.8995,1.9152,2.301,43,1.9152,0.0,0.0,0.0,0.0,0.0,0.0,0.0,0.0
26.95,1.9485,4.8995,1.9152,2.301,43,1.9152,0.0,0.0,0.0,0.0,0.0,0.0,0.0,0.0
27.0,1.9485,4.8995,1.9152,2.301,43,1.9152,0.0,0.0,0.0,0.0,0.0,0.0,0.0,0.0
27.05,1.9485,4.8995,1.9152,2.301,43,1.9152,0.0,0.0,0.0,0.0,0.0,0.0,0.0,0.0
27.1,1.9485,4.8995,1.9152,2.301,43,1.9152,0.0,0.0,0.0,0.0,0.0,0.0,0.0,0.0
27.15,1.9485,4.8995,1.9152,2.301,43,1.9152,0.0,0.0,0.0,0.0,0.0,0.0,0.0,0.0
27.2,1.9485,4.8995,1.9152,2.301,43,1.9152,0.0,0.0,0.0,0.0,0.0,0.0,0.0,0.0
27.25,1.9485,4.8995,1.9152,2.301,43,1.9152,0.0,0.0,0.0,0.0,0.0,0.0,0.0,0.0
27.301,1.9485,4.8995,1.9152,2.301,43,1.9152,0.0,0.0,0.0,0.0,0.0,0.0,0.0,0.0
27.35,1.9485,4.8995,1.9152,2.301,43,1.9152,0.0,0.0,0.0,0.0,0.0,0.0,0.0,0.0
27.4,1.9485,4.8995,1.9152,2.301,43,1.9152,0.0,0.0,0.0,0.0,0.0,0.0,0.0,0.0
27.45,1.9485,4.8995,1.9152,2.301,43,1.9152,0.0,0.0,0.0,0.0,0.0,0.0,0.0,0.0
27.5,1.9485,4.8995,1.9152,2.301,43,1.9152,0.0,0.0,0.0,0.0,0.0,0.0,0.0,0.0
27.55,1.9485,4.8995,1.9152,2.301,43,1.9152,0.0,0.0,0.0,0.0,0.0,0.0,0.0,0.0
27.6,1.9485,4.8995,1.9152,2.301,43,1.9152,0.0,0.0,0.0,0.0,0.0,0.0,0.0,0.0
27.65,1.9485,4.8995,1.9152,2.301,43,1.9152,0.0,0.0,0.0,0.0,0.0,0.0,0.0,0.0
27.7,1.9485,4.8995,1.9152,2.301,43,1.9152,0.0,0.0,0.0,0.0,0.0,0.0,0.0,0.0
27.75,1.9485,4.8995,1.9152,2.301,43,1.9152,0.0,0.0,0.0,0.0,0.0,0.0,0.0,0.0
27.8,1.9485,4.8995,1.9152,2.301,43,1.9152,0.0,0.0,0.0,0.0,0.0,0.0,0.0,0.0
27.85,1.9485,4.8995,1.9152,2.301,43,1.9152,0.0,0.0,0.0,0.0,0.0,0.0,0.0,0.0
27.9,1.9485,4.8995,1.9152,2.301,43,1.9152,0.0,0.0,0.0,0.0,0.0,0.0,0.0,0.0
27.95,1.9485,4.8995,1.9152,2.301,43,1.9152,0.0,0.0,0.0,0.0,0.0,0.0,0.0,0.0
28.0,1.9485,4.8995,1.9152,2.301,43,1.9152,0.0,0.0,0.0,0.0,0.0,0.0,0.0,0.0
28.05,1.9485,4.8995,1.9152,2.301,43,1.9152,0.0,0.0,0.0,0.0,0.0,0.0,0.0,0.0
28.1,1.9485,4.8995,1.9152,2.301,43,1.9152,0.0,0.0,0.0,0.0,0.0,0.0,0.0,0.0
28.15,1.9485,4.8995,1.9152,2.301,43,1.9152,0.0,0.0,0.0,0.0,0.0,0.0,0.0,0.0
28.2,1.9485,4.8995,1.9152,2.301,43,1.9152,0.0,0.0,0.0,0.0,0.0,0.0,0.0,0.0
28.25,1.9485,4.8995,1.9152,2.301,43,1.9152,0.0,0.0,0.0,0.0,0.0,0.0,0.0,0.0
28.3,1.9485,4.8995,1.9152,2.301,43,1.9152,0.0,0.0,0.0,0.0,0.0,0.0,0.0,0.0
28.35,1.9485,4.8995,1.9152,2.301,43,1.9152,0.0,0.0,0.0,0.0,0.0,0.0,0.0,0.0
28.4,1.9485,4.8995,1.9152,2.301,43,1.9152,0.0,0.0,0.0,0.0,0.0,0.0,0.0,0.0
28.45,1.9485,4.8995,1.9152,2.301,43,1.9152,0.0,0.0,0.0,0.0,0.0,0.0,0.0,0.0
28.5,1.9485,4.8995,1.9152,2.301,43,1.9152,0.0,0.0,0.0,0.0,0.0,0.0,0.0,0.0
28.55,1.9485,4.8995,1.9152,2.301,43,1.9152,0.0,0.0,0.0,0.0,0.0,0.0,0.0,0.0
28.6,1.9485,4.8995,1.9152,2.301,43,1.9152,0.0,0.0,0.0,0.0,0.0,0.0,0.0,0.0
28.65,1.9485,4.8995,1.9152,2.301,43,1.9152,0.0,0.0,0.0,0.0,0.0,0.0,0.0,0.0
28.7,1.9485,4.8995,1.9152,2.301,43,1.9152,0.0,0.0,0.0,0.0,0.0,0.0,0.0,0.0
28.75,1.9485,4.8995,1.9152,2.301,43,1.9152,0.0,0.0,0.0,0.0,0.0,0.0,0.0,0.0
28.8,1.9485,4.8995,1.9152,2.301,43,1.9152,0.0,0.0,0.0,0.0,0.0,0.0,0.0,0.0
28.85,1.9485,4.8995,1.9152,2.301,43,1.9152,0.0,0.0,0.0,0.0,0.0,0.0,0.0,0.0
28.9,1.9485,4.8995,1.9152,2.301,43,1.9152,0.0,0.0,0.0,0.0,0.0,0.0,0.0,0.0
28.95,1.9485,4.8995,1.9152,2.301,43,1.9152,0.0,0.0,0.0,0.0,0.0,0.0,0.0,0.0
29.0,1.9485,4.8995,1.9152,2.301,43,1.9152,0.0,0.0,0.0,0.0,0.0,0.0,0.0,0.0
29.05,1.9485,4.8995,1.9152,2.301,43,1.9152,0.0,0.0,0.0,0.0,0.0,0.0,0.0,0.0
29.1,1.9485,4.8995,1.9152,2.301,43,1.9152,0.0,0.0,0.0,0.0,0.0,0.0,0.0,0.0
29.15,1.9485,4.8995,1.9152,2.301,43,1.9152,0.0,0.0,0.0,0.0,0.0,0.0,0.0,0.0
29.2,1.9485,4.8995,1.9152,2.301,43,1.9152,0.0,0.0,0.0,0.0,0.0,0.0,0.0,0.0
29.25,1.9485,4.8995,1.9152,2.301,43,1.9152,0.0,0.0,0.0,0.0,0.0,0.0,0.0,0.0
29.3,1.9485,4.8995,1.9152,2.301,43,1.9152,0.0,0.0,0.0,0.0,0.0,0.0,0.0,0.0
29.35,1.9485,4.8995,1.9152,2.301,43,1.9152,0.0,0.0,0.0,0.0,0.0,0.0,0.0,0.0
29.4,1.9485,4.8995,1.9152,2.301,43,1.9152,0.0,0.0,0.0,0.0,0.0,0.0,0.0,0.0
29.45,1.9485,4.8995,1.9152,2.301,43,1.9152,0.0,0.0,0.0,0.0,0.0,0.0,0.0,0.0
29.5,1.9485,4.8995,1.9152,2.301,43,1.9152,0.0,0.0,0.0,0.0,0.0,0.0,0.0,0.0
29.55,1.9485,4.8995,1.9152,2.301,43,1.9152,0.0,0.0,0.0,0.0,0.0,0.0,0.0,0.0
29.6,1.9485,4.8995,1.9152,2.301,43,1.9152,0.0,0.0,0.0,0.0,0.0,0.0,0.0,0.0
29.65,1.9485,4.8995,1.9152,2.301,43,1.9152,0.0,0.0,0.0,0.0,0.0,0.0,0.0,0.0
29.7,1.9485,4.8995,1.9152,2.301,43,1.9152,0.0,0.0,0.0,0.0,0.0,0.0,0.0,0.0
29.75,1.9485,4.8995,1.9152,2.301,43,1.9152,0.0,0.0,0.0,0.0,0.0,0.0,0.0,0.0
29.8,1.9485,4.8995,1.9152,2.301,43,1.9152,0.0,0.0,0.0,0.0,0.0,0.0,0.0,0.0
29.85,1.9485,4.8995,1.9152,2.301,43,1.9152,0.0,0.0,0.0,0.0,0.0,0.0,0.0,0.0
29.9,1.9485,4.8995,1.9152,2.301,43,1.9152,0.0,0.0,0.0,0.0,0.0,0.0,0.0,0.0
29.95,1.9485,4.8995,1.9152,2.301,43,1.9152,0.0,0.0,0.0,0.0,0.0,0.0,0.0,0.0
30.0,1.9485,4.8995,1.9152,2.301,43,1.9152,0.0,0.0,0.0,0.0,0.0,0.0,0.0,0.0
30.05,1.9485,4.8995,1.9152,2.301,43,1.9152,0.0,0.0,0.0,0.0,0.0,0.0,0.0,0.0
30.1,1.9485,4.8995,1.9152,2.301,43,1.9152,0.0,0.0,0.0,0.0,0.0,0.0,0.0,0.0
30.15,1.9485,4.8995,1.9152,2.301,43,1.9152,0.0,0.0,0.0,0.0,0.0,0.0,0.0,0.0
30.2,1.9485,4.8995,1.9152,2.301,43,1.9152,0.0,0.0,0.0,0.0,0.0,0.0,0.0,0.0
30.25,1.9485,4.8995,1.9152,2.301,43,1.9152,0.0,0.0,0.0,0.0,0.0,0.0,0.0,0.0
30.3,1.9485,4.8995,1.9152,2.301,43,1.9152,0.0,0.0,0.0,0.0,0.0,0.0,0.0,0.0
30.35,1.9485,4.8995,1.9152,2.301,43,1.9152,0.0,0.0,0.0,0.0,0.0,0.0,0.0,0.0
30.4,1.9485,4.8995,1.9152,2.301,43,1.9152,0.0,0.0,0.0,0.0,0.0,0.0,0.0,0.0
30.45,1.9485,4.8995,1.9152,2.301,43,1.9152,0.0,0.0,0.0,0.0,0.0,0.0,0.0,0.0
30.5,1.9485,4.8995,1.9152,2.301,43,1.9152,0.0,0.0,0.0,0.0,0.0,0.0,0.0,0.0
30.55,1.9485,4.8995,1.9152,2.301,43,1.9152,0.0,0.0,0.0,0.0,0.0,0.0,0.0,0.0
30.6,1.9485,4.8995,1.9152,2.301,43,1.9152,0.0,0.0,0.0,0.0,0.0,0.0,0.0,0.0
30.65,1.9485,4.8995,1.9152,2.301,43,1.9152,0.0,0.0,0.0,0.0,0.0,0.0,0.0,0.0
30.7,1.9485,4.8995,1.9152,2.301,43,1.9152,0.0,0.0,0.0,0.0,0.0,0.0,0.0,0.0
30.75,1.9485,4.8995,1.9152,2.301,43,1.9152,0.0,0.0,0.0,0.0,0.0,0.0,0.0,0.0
30.8,1.9485,4.8995,1.9152,2.301,43,1.9152,0.0,0.0,0.0,0.0,0.0,0.0,0.0,0.0
30.85,1.9485,4.8995,1.9152,2.301,43,1.9152,0.0,0.0,0.0,0.0,0.0,0.0,0.0,0.0
30.9,1.9485,4.8995,1.9152,2.301,43,1.9152,0.0,0.0,0.0,0.0,0.0,0.0,0.0,0.0
30.95,1.9485,4.8995,1.9152,2.301,43,1.9152,0.0,0.0,0.0,0.0,0.0,0.0,0.0,0.0
31.001,1.9485,4.8995,1.9152,2.301,43,1.9152,0.0,0.0,0.0,0.0,0.0,0.0,0.0,0.0
31.05,1.9485,4.8995,1.9152,2.301,43,1.9152,0.0,0.0,0.0,0.0,0.0,0.0,0.0,0.0
31.1,1.9485,4.8995,1.9152,2.301,43,1.9152,0.0,0.0,0.0,0.0,0.0,0.0,0.0,0.0
31.15,1.9485,4.8995,1.9152,2.301,43,1.9152,0.0,0.0,0.0,0.0,0.0,0.0,0.0,0.0
31.2,1.9485,4.8995,1.9152,2.301,43,1.9152,0.0,0.0,0.0,0.0,0.0,0.0,0.0,0.0
31.25,1.9485,4.8995,1.9152,2.301,43,1.9152,0.0,0.0,0.0,0.0,0.0,0.0,0.0,0.0
31.3,1.9485,4.8995,1.9152,2.301,43,1.9152,0.0,0.0,0.0,0.0,0.0,0.0,0.0,0.0
31.35,1.9485,4.8995,1.9152,2.301,43,1.9152,0.0,0.0,0.0,0.0,0.0,0.0,0.0,0.0
31.4,1.9485,4.8995,1.9152,2.301,43,1.9152,0.0,0.0,0.0,0.0,0.0,0.0,0.0,0.0
31.45,1.9485,4.8995,1.9152,2.301,43,1.9152,0.0,0.0,0.0,0.0,0.0,0.0,0.0,0.0
31.5,1.9485,4.8995,1.9152,2.301,43,1.9152,0.0,0.0,0.0,0.0,0.0,0.0,0.0,0.0
31.55,1.9485,4.8995,1.9152,2.301,43,1.9152,0.0,0.0,0.0,0.0,0.0,0.0,0.0,0.0
31.6,1.9485,4.8995,1.9152,2.301,43,1.9152,0.0,0.0,0.0,0.0,0.0,0.0,0.0,0.0
31.65,1.9485,4.8995,1.9152,2.301,43,1.9152,0.0,0.0,0.0,0.0,0.0,0.0,0.0,0.0
31.7,1.9485,4.8995,1.9152,2.301,43,1.9152,0.0,0.0,0.0,0.0,0.0,0.0,0.0,0.0
31.75,1.9485,4.8995,1.9152,2.301,43,1.9152,0.0,0.0,0.0,0.0,0.0,0.0,0.0,0.0
31.8,1.9485,4.8995,1.9152,2.301,43,1.9152,0.0,0.0,0.0,0.0,0.0,0.0,0.0,0.0
31.85,1.9485,4.8995,1.9152,2.301,43,1.9152,0.0,0.0,0.0,0.0,0.0,0.0,0.0,0.0
31.9,1.9485,4.8995,1.9152,2.301,43,1.9152,0.0,0.0,0.0,0.0,0.0,0.0,0.0,0.0
31.95,1.9485,4.8995,1.9152,2.301,43,1.9152,0.0,0.0,0.0,0.0,0.0,0.0,0.0,0.0
32.0,1.9485,4.8995,1.9152,2.301,43,1.9152,0.0,0.0,0.0,0.0,0.0,0.0,0.0,0.0
32.05,1.9485,4.8995,1.9152,2.301,43,1.9152,0.0,0.0,0.0,0.0,0.0,0.0,0.0,0.0
32.1,1.9485,4.8995,1.9152,2.301,43,1.9152,0.0,0.0,0.0,0.0,0.0,0.0,0.0,0.0
32.15,1.9485,4.8995,1.9152,2.301,43,1.9152,0.0,0.0,0.0,0.0,0.0,0.0,0.0,0.0
32.2,1.9485,4.8995,1.9152,2.301,43,1.9152,0.0,0.0,0.0,0.0,0.0,0.0,0.0,0.0
32.25,1.9485,4.8995,1.9152,2.301,43,1.9152,0.0,0.0,0.0,0.0,0.0,0.0,0.0,0.0
32.3,1.9485,4.8995,1.9152,2.301,43,1.9152,0.0,0.0,0.0,0.0,0.0,0.0,0.0,0.0
32.35,1.9485,4.8995,1.9152,2.301,43,1.9152,0.0,0.0,0.0,0.0,0.0,0.0,0.0,0.0
32.4,1.9485,4.8995,1.9152,2.301,43,1.9152,0.0,0.0,0.0,0.0,0.0,0.0,0.0,0.0
32.45,1.9485,4.8995,1.9152,2.301,43,1.9152,0.0,0.0,0.0,0.0,0.0,0.0,0.0,0.0
32.5,1.9485,4.8995,1.9152,2.301,43,1.9152,0.0,0.0,0.0,0.0,0.0,0.0,0.0,0.0
32.55,1.9485,4.8995,1.9152,2.301,43,1.9152,0.0,0.0,0.0,0.0,0.0,0.0,0.0,0.0
32.6,1.9485,4.8995,1.9152,2.301,43,1.9152,0.0,0.0,0.0,0.0,0.0,0.0,0.0,0.0
32.65,1.9485,4.8995,1.9152,2.301,43,1.9152,0.0,0.0,0.0,0.0,0.0,0.0,0.0,0.0
32.7,1.9485,4.8995,1.9152,2.301,43,1.9152,0.0,0.0,0.0,0.0,0.0,0.0,0.0,0.0
32.75,1.9485,4.8995,1.9152,2.301,43,1.9152,0.0,0.0,0.0,0.0,0.0,0.0,0.0,0.0
32.8,1.9485,4.8995,1.9152,2.301,43,1.9152,0.0,0.0,0.0,0.0,0.0,0.0,0.0,0.0
32.85,1.9485,4.8995,1.9152,2.301,43,1.9152,0.0,0.0,0.0,0.0,0.0,0.0,0.0,0.0
32.9,1.9485,4.8995,1.9152,2.301,43,1.9152,0.0,0.0,0.0,0.0,0.0,0.0,0.0,0.0
32.95,1.9485,4.8995,1.9152,2.301,43,1.9152,0.0,0.0,0.0,0.0,0.0,0.0,0.0,0.0
33.0,1.9485,4.8995,1.9152,2.301,43,1.9152,0.0,0.0,0.0,0.0,0.0,0.0,0.0,0.0
33.05,1.9485,4.8995,1.9152,2.301,43,1.9152,0.0,0.0,0.0,0.0,0.0,0.0,0.0,0.0
33.1,1.9485,4.8995,1.9152,2.301,43,1.9152,0.0,0.0,0.0,0.0,0.0,0.0,0.0,0.0
33.15,1.9485,4.8995,1.9152,2.301,43,1.9152,0.0,0.0,0.0,0.0,0.0,0.0,0.0,0.0
33.2,1.9485,4.8995,1.9152,2.301,43,1.9152,0.0,0.0,0.0,0.0,0.0,0.0,0.0,0.0
33.25,1.9485,4.8995,1.9152,2.301,43,1.9152,0.0,0.0,0.0,0.0,0.0,0.0,0.0,0.0
33.3,1.9485,4.8995,1.9152,2.301,43,1.9152,0.0,0.0,0.0,0.0,0.0,0.0,0.0,0.0
33.35,1.9485,4.8995,1.9152,2.301,43,1.9152,0.0,0.0,0.0,0.0,0.0,0.0,0.0,0.0
33.4,1.9485,4.8995,1.9152,2.301,43,1.9152,0.0,0.0,0.0,0.0,0.0,0.0,0.0,0.0
33.45,1.9485,4.8995,1.9152,2.301,43,1.9152,0.0,0.0,0.0,0.0,0.0,0.0,0.0,0.0
33.5,1.9485,4.8995,1.9152,2.301,43,1.9152,0.0,0.0,0.0,0.0,0.0,0.0,0.0,0.0
33.55,1.9485,4.8995,1.9152,2.301,43,1.9152,0.0,0.0,0.0,0.0,0.0,0.0,0.0,0.0
33.6,1.9485,4.8995,1.9152,2.301,43,1.9152,0.0,0.0,0.0,0.0,0.0,0.0,0.0,0.0
33.65,1.9485,4.8995,1.9152,2.301,43,1.9152,0.0,0.0,0.0,0.0,0.0,0.0,0.0,0.0
33.7,1.9485,4.8995,1.9152,2.301,43,1.9152,0.0,0.0,0.0,0.0,0.0,0.0,0.0,0.0
33.75,1.9485,4.8995,1.9152,2.301,43,1.9152,0.0,0.0,0.0,0.0,0.0,0.0,0.0,0.0
33.8,1.9485,4.8995,1.9152,2.301,43,1.9152,0.0,0.0,0.0,0.0,0.0,0.0,0.0,0.0
33.85,1.9485,4.8995,1.9152,2.301,43,1.9152,0.0,0.0,0.0,0.0,0.0,0.0,0.0,0.0
33.9,1.9485,4.8995,1.9152,2.301,43,1.9152,0.0,0.0,0.0,0.0,0.0,0.0,0.0,0.0
33.95,1.9485,4.8995,1.9152,2.301,43,1.9152,0.0,0.0,0.0,0.0,0.0,0.0,0.0,0.0
34.0,1.9485,4.8995,1.9152,2.301,43,1.9152,0.0,0.0,0.0,0.0,0.0,0.0,0.0,0.0
34.05,1.9485,4.8995,1.9152,2.301,43,1.9152,0.0,0.0,0.0,0.0,0.0,0.0,0.0,0.0
34.1,1.9485,4.8995,1.9152,2.301,43,1.9152,0.0,0.0,0.0,0.0,0.0,0.0,0.0,0.0
34.15,1.9485,4.8995,1.9152,2.301,43,1.9152,0.0,0.0,0.0,0.0,0.0,0.0,0.0,0.0
34.2,1.9485,4.8995,1.9152,2.301,43,1.9152,0.0,0.0,0.0,0.0,0.0,0.0,0.0,0.0
34.25,1.9485,4.8995,1.9152,2.301,43,1.9152,0.0,0.0,0.0,0.0,0.0,0.0,0.0,0.0
34.3,1.9485,4.8995,1.9152,2.301,43,1.9152,0.0,0.0,0.0,0.0,0.0,0.0,0.0,0.0
34.35,1.9485,4.8995,1.9152,2.301,43,1.9152,0.0,0.0,0.0,0.0,0.0,0.0,0.0,0.0
34.4,1.9485,4.8995,1.9152,2.301,43,1.9152,0.0,0.0,0.0,0.0,0.0,0.0,0.0,0.0
34.45,1.9485,4.8995,1.9152,2.301,43,1.9152,0.0,0.0,0.0,0.0,0.0,0.0,0.0,0.0
34.5,1.9485,4.8995,1.9152,2.301,43,1.9152,0.0,0.0,0.0,0.0,0.0,0.0,0.0,0.0
34.55,1.9485,4.8995,1.9152,2.301,43,1.9152,0.0,0.0,0.0,0.0,0.0,0.0,0.0,0.0
34.6,1.9485,4.8995,1.9152,2.301,43,1.9152,0.0,0.0,0.0,0.0,0.0,0.0,0.0,0.0
34.65,1.9485,4.8995,1.9152,2.301,43,1.9152,0.0,0.0,0.0,0.0,0.0,0.0,0.0,0.0
34.7,1.9485,4.8995,1.9152,2.301,43,1.9152,0.0,0.0,0.0,0.0,0.0,0.0,0.0,0.0
34.75,1.9485,4.8995,1.9152,2.301,43,1.9152,0.0,0.0,0.0,0.0,0.0,0.0,0.0,0.0
34.8,1.9485,4.8995,1.9152,2.301,43,1.9152,0.0,0.0,0.0,0.0,0.0,0.0,0.0,0.0
34.85,1.9485,4.8995,1.9152,2.301,43,1.9152,0.0,0.0,0.0,0.0,0.0,0.0,0.0,0.0
34.9,1.9485,4.8995,1.9152,2.301,43,1.9152,0.0,0.0,0.0,0.0,0.0,0.0,0.0,0.0
34.95,1.9485,4.8995,1.9152,2.301,43,1.9152,0.0,0.0,0.0,0.0,0.0,0.0,0.0,0.0
35.0,1.9485,4.8995,1.9152,2.301,43,1.9152,0.0,0.0,0.0,0.0,0.0,0.0,0.0,0.0
35.05,1.9485,4.8995,1.9152,2.301,43,1.9152,0.0,0.0,0.0,0.0,0.0,0.0,0.0,0.0
35.1,1.9485,4.8995,1.9152,2.301,43,1.9152,0.0,0.0,0.0,0.0,0.0,0.0,0.0,0.0
35.15,1.9485,4.8995,1.9152,2.301,43,1.9152,0.0,0.0,0.0,0.0,0.0,0.0,0.0,0.0
35.2,1.9485,4.8995,1.9152,2.301,43,1.9152,0.0,0.0,0.0,0.0,0.0,0.0,0.0,0.0
35.25,1.9485,4.8995,1.9152,2.301,43,1.9152,0.0,0.0,0.0,0.0,0.0,0.0,0.0,0.0
35.3,1.9485,4.8995,1.9152,2.301,43,1.9152,0.0,0.0,0.0,0.0,0.0,0.0,0.0,0.0
35.35,1.9485,4.8995,1.9152,2.301,43,1.9152,0.0,0.0,0.0,0.0,0.0,0.0,0.0,0.0
35.4,1.9485,4.8995,1.9152,2.301,43,1.9152,0.0,0.0,0.0,0.0,0.0,0.0,0.0,0.0
35.451,1.9485,4.8995,1.9152,2.301,43,1.9152,0.0,0.0,0.0,0.0,0.0,0.0,0.0,0.0
35.5,1.9485,4.8995,1.9152,2.301,43,1.9152,0.0,0.0,0.0,0.0,0.0,0.0,0.0,0.0
35.55,1.9485,4.8995,1.9152,2.301,43,1.9152,0.0,0.0,0.0,0.0,0.0,0.0,0.0,0.0
35.6,1.9485,4.8995,1.9152,2.301,43,1.9152,0.0,0.0,0.0,0.0,0.0,0.0,0.0,0.0
35.65,1.9485,4.8995,1.9152,2.301,43,1.9152,0.0,0.0,0.0,0.0,0.0,0.0,0.0,0.0
35.7,1.9485,4.8995,1.9152,2.301,43,1.9152,0.0,0.0,0.0,0.0,0.0,0.0,0.0,0.0
35.75,1.9485,4.8995,1.9152,2.301,43,1.9152,0.0,0.0,0.0,0.0,0.0,0.0,0.0,0.0
35.8,1.9485,4.8995,1.9152,2.301,43,1.9152,0.0,0.0,0.0,0.0,0.0,0.0,0.0,0.0
35.85,1.9485,4.8995,1.9152,2.301,43,1.9152,0.0,0.0,0.0,0.0,0.0,0.0,0.0,0.0
35.9,1.9485,4.8995,1.9152,2.301,43,1.9152,0.0,0.0,0.0,0.0,0.0,0.0,0.0,0.0
35.95,1.9485,4.8995,1.9152,2.301,43,1.9152,0.0,0.0,0.0,0.0,0.0,0.0,0.0,0.0
36.001,1.9485,4.8995,1.9152,2.301,43,1.9152,0.0,0.0,0.0,0.0,0.0,0.0,0.0,0.0
36.05,1.9485,4.8995,1.9152,2.301,43,1.9152,0.0,0.0,0.0,0.0,0.0,0.0,0.0,0.0
36.1,1.9485,4.8995,1.9152,2.301,43,1.9152,0.0,0.0,0.0,0.0,0.0,0.0,0.0,0.0
36.15,1.9485,4.8995,1.9152,2.301,43,1.9152,0.0,0.0,0.0,0.0,0.0,0.0,0.0,0.0
36.2,1.9485,4.8995,1.9152,2.301,43,1.9152,0.0,0.0,0.0,0.0,0.0,0.0,0.0,0.0
36.25,1.9485,4.8995,1.9152,2.301,43,1.9152,0.0,0.0,0.0,0.0,0.0,0.0,0.0,0.0
36.3,1.9485,4.8995,1.9152,2.301,43,1.9152,0.0,0.0,0.0,0.0,0.0,0.0,0.0,0.0
36.35,1.9485,4.8995,1.9152,2.301,43,1.9152,0.0,0.0,0.0,0.0,0.0,0.0,0.0,0.0
36.401,1.9485,4.8995,1.9152,2.301,43,1.9152,0.0,0.0,0.0,0.0,0.0,0.0,0.0,0.0
36.45,1.9485,4.8995,1.9152,2.301,43,1.9152,0.0,0.0,0.0,0.0,0.0,0.0,0.0,0.0
36.5,1.9485,4.8995,1.9152,2.301,43,1.9152,0.0,0.0,0.0,0.0,0.0,0.0,0.0,0.0
36.55,1.9485,4.8995,1.9152,2.301,43,1.9152,0.0,0.0,0.0,0.0,0.0,0.0,0.0,0.0
36.6,1.9485,4.8995,1.9152,2.301,43,1.9152,0.0,0.0,0.0,0.0,0.0,0.0,0.0,0.0
36.65,1.9485,4.8995,1.9152,2.301,43,1.9152,0.0,0.0,0.0,0.0,0.0,0.0,0.0,0.0
36.7,1.9485,4.8995,1.9152,2.301,43,1.9152,0.0,0.0,0.0,0.0,0.0,0.0,0.0,0.0
36.75,1.9485,4.8995,1.9152,2.301,43,1.9152,0.0,0.0,0.0,0.0,0.0,0.0,0.0,0.0
36.8,1.9485,4.8995,1.9152,2.301,43,1.9152,0.0,0.0,0.0,0.0,0.0,0.0,0.0,0.0
36.85,1.9485,4.8995,1.9152,2.301,43,1.9152,0.0,0.0,0.0,0.0,0.0,0.0,0.0,0.0
36.9,1.9485,4.8995,1.9152,2.301,43,1.9152,0.0,0.0,0.0,0.0,0.0,0.0,0.0,0.0
36.95,1.9485,4.8995,1.9152,2.301,43,1.9152,0.0,0.0,0.0,0.0,0.0,0.0,0.0,0.0
37.0,1.9485,4.8995,1.9152,2.301,43,1.9152,0.0,0.0,0.0,0.0,0.0,0.0,0.0,0.0
37.05,1.9485,4.8995,1.9152,2.301,43,1.9152,0.0,0.0,0.0,0.0,0.0,0.0,0.0,0.0
37.1,1.9485,4.8995,1.9152,2.301,43,1.9152,0.0,0.0,0.0,0.0,0.0,0.0,0.0,0.0
37.15,1.9485,4.8995,1.9152,2.301,43,1.9152,0.0,0.0,0.0,0.0,0.0,0.0,0.0,0.0
37.2,1.9485,4.8995,1.9152,2.301,43,1.9152,0.0,0.0,0.0,0.0,0.0,0.0,0.0,0.0
37.25,1.9485,4.8995,1.9152,2.301,43,1.9152,0.0,0.0,0.0,0.0,0.0,0.0,0.0,0.0
37.3,1.9485,4.8995,1.9152,2.301,43,1.9152,0.0,0.0,0.0,0.0,0.0,0.0,0.0,0.0
37.35,1.9485,4.8995,1.9152,2.301,43,1.9152,0.0,0.0,0.0,0.0,0.0,0.0,0.0,0.0
37.4,1.9485,4.8995,1.9152,2.301,43,1.9152,0.0,0.0,0.0,0.0,0.0,0.0,0.0,0.0
37.45,1.9485,4.8995,1.9152,2.301,43,1.9152,0.0,0.0,0.0,0.0,0.0,0.0,0.0,0.0
37.5,1.9485,4.8995,1.9152,2.301,43,1.9152,0.0,0.0,0.0,0.0,0.0,0.0,0.0,0.0
37.55,1.9485,4.8995,1.9152,2.301,43,1.9152,0.0,0.0,0.0,0.0,0.0,0.0,0.0,0.0
37.6,1.9485,4.8995,1.9152,2.301,43,1.9152,0.0,0.0,0.0,0.0,0.0,0.0,0.0,0.0
37.65,1.9485,4.8995,1.9152,2.301,43,1.9152,0.0,0.0,0.0,0.0,0.0,0.0,0.0,0.0
37.7,1.9485,4.8995,1.9152,2.301,43,1.9152,0.0,0.0,0.0,0.0,0.0,0.0,0.0,0.0
37.75,1.9485,4.8995,1.9152,2.301,43,1.9152,0.0,0.0,0.0,0.0,0.0,0.0,0.0,0.0
37.8,1.9485,4.8995,1.9152,2.301,43,1.9152,0.0,0.0,0.0,0.0,0.0,0.0,0.0,0.0
37.85,1.9485,4.8995,1.9152,2.301,43,1.9152,0.0,0.0,0.0,0.0,0.0,0.0,0.0,0.0
37.9,1.9485,4.8995,1.9152,2.301,43,1.9152,0.0,0.0,0.0,0.0,0.0,0.0,0.0,0.0
37.95,1.9485,4.8995,1.9152,2.301,43,1.9152,0.0,0.0,0.0,0.0,0.0,0.0,0.0,0.0
38.0,1.9485,4.8995,1.9152,2.301,43,1.9152,0.0,0.0,0.0,0.0,0.0,0.0,0.0,0.0
38.05,1.9485,4.8995,1.9152,2.301,43,1.9152,0.0,0.0,0.0,0.0,0.0,0.0,0.0,0.0
38.1,1.9485,4.8995,1.9152,2.301,43,1.9152,0.0,0.0,0.0,0.0,0.0,0.0,0.0,0.0
38.15,1.9485,4.8995,1.9152,2.301,43,1.9152,0.0,0.0,0.0,0.0,0.0,0.0,0.0,0.0
38.2,1.9485,4.8995,1.9152,2.301,43,1.9152,0.0,0.0,0.0,0.0,0.0,0.0,0.0,0.0
38.25,1.9485,4.8995,1.9152,2.301,43,1.9152,0.0,0.0,0.0,0.0,0.0,0.0,0.0,0.0
38.3,1.9485,4.8995,1.9152,2.301,43,1.9152,0.0,0.0,0.0,0.0,0.0,0.0,0.0,0.0
38.35,1.9485,4.8995,1.9152,2.301,43,1.9152,0.0,0.0,0.0,0.0,0.0,0.0,0.0,0.0
38.4,1.9485,4.8995,1.9152,2.301,43,1.9152,0.0,0.0,0.0,0.0,0.0,0.0,0.0,0.0
38.45,1.9485,4.8995,1.9152,2.301,43,1.9152,0.0,0.0,0.0,0.0,0.0,0.0,0.0,0.0
38.5,1.9485,4.8995,1.9152,2.301,43,1.9152,0.0,0.0,0.0,0.0,0.0,0.0,0.0,0.0
38.55,1.9485,4.8995,1.9152,2.301,43,1.9152,0.0,0.0,0.0,0.0,0.0,0.0,0.0,0.0
38.6,1.9485,4.8995,1.9152,2.301,43,1.9152,0.0,0.0,0.0,0.0,0.0,0.0,0.0,0.0
38.65,1.9485,4.8995,1.9152,2.301,43,1.9152,0.0,0.0,0.0,0.0,0.0,0.0,0.0,0.0
38.7,1.9485,4.8995,1.9152,2.301,43,1.9152,0.0,0.0,0.0,0.0,0.0,0.0,0.0,0.0
38.75,1.9485,4.8995,1.9152,2.301,43,1.9152,0.0,0.0,0.0,0.0,0.0,0.0,0.0,0.0
38.8,1.9485,4.8995,1.9152,2.301,43,1.9152,0.0,0.0,0.0,0.0,0.0,0.0,0.0,0.0
38.85,1.9485,4.8995,1.9152,2.301,43,1.9152,0.0,0.0,0.0,0.0,0.0,0.0,0.0,0.0
38.9,1.9485,4.8995,1.9152,2.301,43,1.9152,0.0,0.0,0.0,0.0,0.0,0.0,0.0,0.0
38.95,1.9485,4.8995,1.9152,2.301,43,1.9152,0.0,0.0,0.0,0.0,0.0,0.0,0.0,0.0
39.0,1.9485,4.8995,1.9152,2.301,43,1.9152,0.0,0.0,0.0,0.0,0.0,0.0,0.0,0.0
39.05,1.9485,4.8995,1.9152,2.301,43,1.9152,0.0,0.0,0.0,0.0,0.0,0.0,0.0,0.0
39.1,1.9485,4.8995,1.9152,2.301,43,1.9152,0.0,0.0,0.0,0.0,0.0,0.0,0.0,0.0
39.15,1.9485,4.8995,1.9152,2.301,43,1.9152,0.0,0.0,0.0,0.0,0.0,0.0,0.0,0.0
39.2,1.9485,4.8995,1.9152,2.301,43,1.9152,0.0,0.0,0.0,0.0,0.0,0.0,0.0,0.0
39.25,1.9485,4.8995,1.9152,2.301,43,1.9152,0.0,0.0,0.0,0.0,0.0,0.0,0.0,0.0
39.3,1.9485,4.8995,1.9152,2.301,43,1.9152,0.0,0.0,0.0,0.0,0.0,0.0,0.0,0.0
39.35,1.9485,4.8995,1.9152,2.301,43,1.9152,0.0,0.0,0.0,0.0,0.0,0.0,0.0,0.0
39.4,1.9485,4.8995,1.9152,2.301,43,1.9152,0.0,0.0,0.0,0.0,0.0,0.0,0.0,0.0
39.45,1.9485,4.8995,1.9152,2.301,43,1.9152,0.0,0.0,0.0,0.0,0.0,0.0,0.0,0.0
39.5,1.9485,4.8995,1.9152,2.301,43,1.9152,0.0,0.0,0.0,0.0,0.0,0.0,0.0,0.0
39.55,1.9485,4.8995,1.9152,2.301,43,1.9152,0.0,0.0,0.0,0.0,0.0,0.0,0.0,0.0
39.6,1.9485,4.8995,1.9152,2.301,43,1.9152,0.0,0.0,0.0,0.0,0.0,0.0,0.0,0.0
39.65,1.9485,4.8995,1.9152,2.301,43,1.9152,0.0,0.0,0.0,0.0,0.0,0.0,0.0,0.0
39.7,1.9485,4.8995,1.9152,2.301,43,1.9152,0.0,0.0,0.0,0.0,0.0,0.0,0.0,0.0
39.75,1.9485,4.8995,1.9152,2.301,43,1.9152,0.0,0.0,0.0,0.0,0.0,0.0,0.0,0.0
39.8,1.9485,4.8995,1.9152,2.301,43,1.9152,0.0,0.0,0.0,0.0,0.0,0.0,0.0,0.0
39.85,1.9485,4.8995,1.9152,2.301,43,1.9152,0.0,0.0,0.0,0.0,0.0,0.0,0.0,0.0
39.9,1.9485,4.8995,1.9152,2.301,43,1.9152,0.0,0.0,0.0,0.0,0.0,0.0,0.0,0.0
39.95,1.9485,4.8995,1.9152,2.301,43,1.9152,0.0,0.0,0.0,0.0,0.0,0.0,0.0,0.0
40.0,1.9485,4.8995,1.9152,2.301,43,1.9152,0.0,0.0,0.0,0.0,0.0,0.0,0.0,0.0
40.05,1.9485,4.8995,1.9152,2.301,43,1.9152,0.0,0.0,0.0,0.0,0.0,0.0,0.0,0.0
40.1,1.9485,4.8995,1.9152,2.301,43,1.9152,0.0,0.0,0.0,0.0,0.0,0.0,0.0,0.0
40.15,1.9485,4.8995,1.9152,2.301,43,1.9152,0.0,0.0,0.0,0.0,0.0,0.0,0.0,0.0
40.2,1.9485,4.8995,1.9152,2.301,43,1.9152,0.0,0.0,0.0,0.0,0.0,0.0,0.0,0.0
40.25,1.9485,4.8995,1.9152,2.301,43,1.9152,0.0,0.0,0.0,0.0,0.0,0.0,0.0,0.0
40.3,1.9485,4.8995,1.9152,2.301,43,1.9152,0.0,0.0,0.0,0.0,0.0,0.0,0.0,0.0
40.35,1.9485,4.8995,1.9152,2.301,43,1.9152,0.0,0.0,0.0,0.0,0.0,0.0,0.0,0.0
40.4,1.9485,4.8995,1.9152,2.301,43,1.9152,0.0,0.0,0.0,0.0,0.0,0.0,0.0,0.0
40.45,1.9485,4.8995,1.9152,2.301,43,1.9152,0.0,0.0,0.0,0.0,0.0,0.0,0.0,0.0
40.5,1.9485,4.8995,1.9152,2.301,43,1.9152,0.0,0.0,0.0,0.0,0.0,0.0,0.0,0.0
40.55,1.9485,4.8995,1.9152,2.301,43,1.9152,0.0,0.0,0.0,0.0,0.0,0.0,0.0,0.0
40.6,1.9485,4.8995,1.9152,2.301,43,1.9152,0.0,0.0,0.0,0.0,0.0,0.0,0.0,0.0
40.65,1.9485,4.8995,1.9152,2.301,43,1.9152,0.0,0.0,0.0,0.0,0.0,0.0,0.0,0.0
40.701,1.9485,4.8995,1.9152,2.301,43,1.9152,0.0,0.0,0.0,0.0,0.0,0.0,0.0,0.0
40.75,1.9485,4.8995,1.9152,2.301,43,1.9152,0.0,0.0,0.0,0.0,0.0,0.0,0.0,0.0
40.8,1.9485,4.8995,1.9152,2.301,43,1.9152,0.0,0.0,0.0,0.0,0.0,0.0,0.0,0.0
40.85,1.9485,4.8995,1.9152,2.301,43,1.9152,0.0,0.0,0.0,0.0,0.0,0.0,0.0,0.0
40.9,1.9485,4.8995,1.9152,2.301,43,1.9152,0.0,0.0,0.0,0.0,0.0,0.0,0.0,0.0
40.95,1.9485,4.8995,1.9152,2.301,43,1.9152,0.0,0.0,0.0,0.0,0.0,0.0,0.0,0.0
41.0,1.9485,4.8995,1.9152,2.301,43,1.9152,0.0,0.0,0.0,0.0,0.0,0.0,0.0,0.0
41.05,1.9485,4.8995,1.9152,2.301,43,1.9152,0.0,0.0,0.0,0.0,0.0,0.0,0.0,0.0
41.1,1.9485,4.8995,1.9152,2.301,43,1.9152,0.0,0.0,0.0,0.0,0.0,0.0,0.0,0.0
41.15,1.9485,4.8995,1.9152,2.301,43,1.9152,0.0,0.0,0.0,0.0,0.0,0.0,0.0,0.0
41.2,1.9485,4.8995,1.9152,2.301,43,1.9152,0.0,0.0,0.0,0.0,0.0,0.0,0.0,0.0
41.25,1.9485,4.8995,1.9152,2.301,43,1.9152,0.0,0.0,0.0,0.0,0.0,0.0,0.0,0.0
41.3,1.9485,4.8995,1.9152,2.301,43,1.9152,0.0,0.0,0.0,0.0,0.0,0.0,0.0,0.0
41.35,1.9485,4.8995,1.9152,2.301,43,1.9152,0.0,0.0,0.0,0.0,0.0,0.0,0.0,0.0
41.4,1.9485,4.8995,1.9152,2.301,43,1.9152,0.0,0.0,0.0,0.0,0.0,0.0,0.0,0.0
41.45,1.9485,4.8995,1.9152,2.301,43,1.9152,0.0,0.0,0.0,0.0,0.0,0.0,0.0,0.0
41.5,1.9485,4.8995,1.9152,2.301,43,1.9152,0.0,0.0,0.0,0.0,0.0,0.0,0.0,0.0
41.55,1.9485,4.8995,1.9152,2.301,43,1.9152,0.0,0.0,0.0,0.0,0.0,0.0,0.0,0.0
41.6,1.9485,4.8995,1.9152,2.301,43,1.9152,0.0,0.0,0.0,0.0,0.0,0.0,0.0,0.0
41.65,1.9485,4.8995,1.9152,2.301,43,1.9152,0.0,0.0,0.0,0.0,0.0,0.0,0.0,0.0
41.7,1.9485,4.8995,1.9152,2.301,43,1.9152,0.0,0.0,0.0,0.0,0.0,0.0,0.0,0.0
41.75,1.9485,4.8995,1.9152,2.301,43,1.9152,0.0,0.0,0.0,0.0,0.0,0.0,0.0,0.0
41.8,1.9485,4.8995,1.9152,2.301,43,1.9152,0.0,0.0,0.0,0.0,0.0,0.0,0.0,0.0
41.85,1.9485,4.8995,1.9152,2.301,43,1.9152,0.0,0.0,0.0,0.0,0.0,0.0,0.0,0.0
41.9,1.9485,4.8995,1.9152,2.301,43,1.9152,0.0,0.0,0.0,0.0,0.0,0.0,0.0,0.0
41.95,1.9485,4.8995,1.9152,2.301,43,1.9152,0.0,0.0,0.0,0.0,0.0,0.0,0.0,0.0
42.0,1.9485,4.8995,1.9152,2.301,43,1.9152,0.0,0.0,0.0,0.0,0.0,0.0,0.0,0.0
42.05,1.9485,4.8995,1.9152,2.301,43,1.9152,0.0,0.0,0.0,0.0,0.0,0.0,0.0,0.0
42.1,1.9485,4.8995,1.9152,2.301,43,1.9152,0.0,0.0,0.0,0.0,0.0,0.0,0.0,0.0
42.15,1.9485,4.8995,1.9152,2.301,43,1.9152,0.0,0.0,0.0,0.0,0.0,0.0,0.0,0.0
42.2,1.9485,4.8995,1.9152,2.301,43,1.9152,0.0,0.0,0.0,0.0,0.0,0.0,0.0,0.0
42.25,1.9485,4.8995,1.9152,2.301,43,1.9152,0.0,0.0,0.0,0.0,0.0,0.0,0.0,0.0
42.3,1.9485,4.8995,1.9152,2.301,43,1.9152,0.0,0.0,0.0,0.0,0.0,0.0,0.0,0.0
42.35,1.9485,4.8995,1.9152,2.301,43,1.9152,0.0,0.0,0.0,0.0,0.0,0.0,0.0,0.0
42.4,1.9485,4.8995,1.9152,2.301,43,1.9152,0.0,0.0,0.0,0.0,0.0,0.0,0.0,0.0
42.45,1.9485,4.8995,1.9152,2.301,43,1.9152,0.0,0.0,0.0,0.0,0.0,0.0,0.0,0.0
42.5,1.9485,4.8995,1.9152,2.301,43,1.9152,0.0,0.0,0.0,0.0,0.0,0.0,0.0,0.0
42.55,1.9485,4.8995,1.9152,2.301,43,1.9152,0.0,0.0,0.0,0.0,0.0,0.0,0.0,0.0
42.6,1.9485,4.8995,1.9152,2.301,43,1.9152,0.0,0.0,0.0,0.0,0.0,0.0,0.0,0.0
42.65,1.9485,4.8995,1.9152,2.301,43,1.9152,0.0,0.0,0.0,0.0,0.0,0.0,0.0,0.0
42.7,1.9485,4.8995,1.9152,2.301,43,1.9152,0.0,0.0,0.0,0.0,0.0,0.0,0.0,0.0
42.75,1.9485,4.8995,1.9152,2.301,43,1.9152,0.0,0.0,0.0,0.0,0.0,0.0,0.0,0.0
42.8,1.9485,4.8995,1.9152,2.301,43,1.9152,0.0,0.0,0.0,0.0,0.0,0.0,0.0,0.0
42.85,1.9485,4.8995,1.9152,2.301,43,1.9152,0.0,0.0,0.0,0.0,0.0,0.0,0.0,0.0
42.9,1.9485,4.8995,1.9152,2.301,43,1.9152,0.0,0.0,0.0,0.0,0.0,0.0,0.0,0.0
42.95,1.9485,4.8995,1.9152,2.301,43,1.9152,0.0,0.0,0.0,0.0,0.0,0.0,0.0,0.0
43.0,1.9485,4.8995,1.9152,2.301,43,1.9152,0.0,0.0,0.0,0.0,0.0,0.0,0.0,0.0
43.05,1.9485,4.8995,1.9152,2.301,43,1.9152,0.0,0.0,0.0,0.0,0.0,0.0,0.0,0.0
43.1,1.9485,4.8995,1.9152,2.301,43,1.9152,0.0,0.0,0.0,0.0,0.0,0.0,0.0,0.0
43.15,1.9485,4.8995,1.9152,2.301,43,1.9152,0.0,0.0,0.0,0.0,0.0,0.0,0.0,0.0
43.2,1.9485,4.8995,1.9152,2.301,43,1.9152,0.0,0.0,0.0,0.0,0.0,0.0,0.0,0.0
43.25,1.9485,4.8995,1.9152,2.301,43,1.9152,0.0,0.0,0.0,0.0,0.0,0.0,0.0,0.0
43.3,1.9485,4.8995,1.9152,2.301,43,1.9152,0.0,0.0,0.0,0.0,0.0,0.0,0.0,0.0
43.35,1.9485,4.8995,1.9152,2.301,43,1.9152,0.0,0.0,0.0,0.0,0.0,0.0,0.0,0.0
43.4,1.9485,4.8995,1.9152,2.301,43,1.9152,0.0,0.0,0.0,0.0,0.0,0.0,0.0,0.0
43.45,1.9485,4.8995,1.9152,2.301,43,1.9152,0.0,0.0,0.0,0.0,0.0,0.0,0.0,0.0
43.5,1.9485,4.8995,1.9152,2.301,43,1.9152,0.0,0.0,0.0,0.0,0.0,0.0,0.0,0.0
43.55,1.9485,4.8995,1.9152,2.301,43,1.9152,0.0,0.0,0.0,0.0,0.0,0.0,0.0,0.0
43.6,1.9485,4.8995,1.9152,2.301,43,1.9152,0.0,0.0,0.0,0.0,0.0,0.0,0.0,0.0
43.65,1.9485,4.8995,1.9152,2.301,43,1.9152,0.0,0.0,0.0,0.0,0.0,0.0,0.0,0.0
43.7,1.9485,4.8995,1.9152,2.301,43,1.9152,0.0,0.0,0.0,0.0,0.0,0.0,0.0,0.0
43.75,1.9485,4.8995,1.9152,2.301,43,1.9152,0.0,0.0,0.0,0.0,0.0,0.0,0.0,0.0
43.8,1.9485,4.8995,1.9152,2.301,43,1.9152,0.0,0.0,0.0,0.0,0.0,0.0,0.0,0.0
43.85,1.9485,4.8995,1.9152,2.301,43,1.9152,0.0,0.0,0.0,0.0,0.0,0.0,0.0,0.0
43.9,1.9485,4.8995,1.9152,2.301,43,1.9152,0.0,0.0,0.0,0.0,0.0,0.0,0.0,0.0
43.95,1.9485,4.8995,1.9152,2.301,43,1.9152,0.0,0.0,0.0,0.0,0.0,0.0,0.0,0.0
44.0,1.9485,4.8995,1.9152,2.301,43,1.9152,0.0,0.0,0.0,0.0,0.0,0.0,0.0,0.0
44.05,1.9485,4.8995,1.9152,2.301,43,1.9152,0.0,0.0,0.0,0.0,0.0,0.0,0.0,0.0
44.1,1.9485,4.8995,1.9152,2.301,43,1.9152,0.0,0.0,0.0,0.0,0.0,0.0,0.0,0.0
44.15,1.9485,4.8995,1.9152,2.301,43,1.9152,0.0,0.0,0.0,0.0,0.0,0.0,0.0,0.0
44.201,1.9485,4.8995,1.9152,2.301,43,1.9152,0.0,0.0,0.0,0.0,0.0,0.0,0.0,0.0
44.25,1.9485,4.8995,1.9152,2.301,43,1.9152,0.0,0.0,0.0,0.0,0.0,0.0,0.0,0.0
44.3,1.9485,4.8995,1.9152,2.301,43,1.9152,0.0,0.0,0.0,0.0,0.0,0.0,0.0,0.0
44.35,1.9485,4.8995,1.9152,2.301,43,1.9152,0.0,0.0,0.0,0.0,0.0,0.0,0.0,0.0
44.4,1.9485,4.8995,1.9152,2.301,43,1.9152,0.0,0.0,0.0,0.0,0.0,0.0,0.0,0.0
44.45,1.9485,4.8995,1.9152,2.301,43,1.9152,0.0,0.0,0.0,0.0,0.0,0.0,0.0,0.0
44.5,1.9485,4.8995,1.9152,2.301,43,1.9152,0.0,0.0,0.0,0.0,0.0,0.0,0.0,0.0
44.55,1.9485,4.8995,1.9152,2.301,43,1.9152,0.0,0.0,0.0,0.0,0.0,0.0,0.0,0.0
44.6,1.9485,4.8995,1.9152,2.301,43,1.9152,0.0,0.0,0.0,0.0,0.0,0.0,0.0,0.0
44.65,1.9485,4.8995,1.9152,2.301,43,1.9152,0.0,0.0,0.0,0.0,0.0,0.0,0.0,0.0
44.701,1.9485,4.8995,1.9152,2.301,43,1.9152,0.0,0.0,0.0,0.0,0.0,0.0,0.0,0.0
44.75,1.9485,4.8995,1.9152,2.301,43,1.9152,0.0,0.0,0.0,0.0,0.0,0.0,0.0,0.0
44.8,1.9485,4.8995,1.9152,2.301,43,1.9152,0.0,0.0,0.0,0.0,0.0,0.0,0.0,0.0
44.85,1.9485,4.8995,1.9152,2.301,43,1.9152,0.0,0.0,0.0,0.0,0.0,0.0,0.0,0.0
44.9,1.9485,4.8995,1.9152,2.301,43,1.9152,0.0,0.0,0.0,0.0,0.0,0.0,0.0,0.0
44.95,1.9485,4.8995,1.9152,2.301,43,1.9152,0.0,0.0,0.0,0.0,0.0,0.0,0.0,0.0
45.0,1.9485,4.8995,1.9152,2.301,43,1.9152,0.0,0.0,0.0,0.0,0.0,0.0,0.0,0.0
45.05,1.9485,4.8995,1.9152,2.301,43,1.9152,0.0,0.0,0.0,0.0,0.0,0.0,0.0,0.0
45.1,1.9485,4.8995,1.9152,2.301,43,1.9152,0.0,0.0,0.0,0.0,0.0,0.0,0.0,0.0
45.15,1.9485,4.8995,1.9152,2.301,43,1.9152,0.0,0.0,0.0,0.0,0.0,0.0,0.0,0.0
45.2,1.9485,4.8995,1.9152,2.301,43,1.9152,0.0,0.0,0.0,0.0,0.0,0.0,0.0,0.0
45.25,1.9485,4.8995,1.9152,2.301,43,1.9152,0.0,0.0,0.0,0.0,0.0,0.0,0.0,0.0
45.3,1.9485,4.8995,1.9152,2.301,43,1.9152,0.0,0.0,0.0,0.0,0.0,0.0,0.0,0.0
45.35,1.9485,4.8995,1.9152,2.301,43,1.9152,0.0,0.0,0.0,0.0,0.0,0.0,0.0,0.0
45.4,1.9485,4.8995,1.9152,2.301,43,1.9152,0.0,0.0,0.0,0.0,0.0,0.0,0.0,0.0
45.45,1.9485,4.8995,1.9152,2.301,43,1.9152,0.0,0.0,0.0,0.0,0.0,0.0,0.0,0.0
45.5,1.9485,4.8995,1.9152,2.301,43,1.9152,0.0,0.0,0.0,0.0,0.0,0.0,0.0,0.0
45.55,1.9485,4.8995,1.9152,2.301,43,1.9152,0.0,0.0,0.0,0.0,0.0,0.0,0.0,0.0
45.6,1.9485,4.8995,1.9152,2.301,43,1.9152,0.0,0.0,0.0,0.0,0.0,0.0,0.0,0.0
45.65,1.9485,4.8995,1.9152,2.301,43,1.9152,0.0,0.0,0.0,0.0,0.0,0.0,0.0,0.0
45.7,1.9485,4.8995,1.9152,2.301,43,1.9152,0.0,0.0,0.0,0.0,0.0,0.0,0.0,0.0
45.75,1.9485,4.8995,1.9152,2.301,43,1.9152,0.0,0.0,0.0,0.0,0.0,0.0,0.0,0.0
45.8,1.9485,4.8995,1.9152,2.301,43,1.9152,0.0,0.0,0.0,0.0,0.0,0.0,0.0,0.0
45.85,1.9485,4.8995,1.9152,2.301,43,1.9152,0.0,0.0,0.0,0.0,0.0,0.0,0.0,0.0
45.9,1.9485,4.8995,1.9152,2.301,43,1.9152,0.0,0.0,0.0,0.0,0.0,0.0,0.0,0.0
45.95,1.9485,4.8995,1.9152,2.301,43,1.9152,0.0,0.0,0.0,0.0,0.0,0.0,0.0,0.0
46.0,1.9485,4.8995,1.9152,2.301,43,1.9152,0.0,0.0,0.0,0.0,0.0,0.0,0.0,0.0
46.05,1.9485,4.8995,1.9152,2.301,43,1.9152,0.0,0.0,0.0,0.0,0.0,0.0,0.0,0.0
46.1,1.9485,4.8995,1.9152,2.301,43,1.9152,0.0,0.0,0.0,0.0,0.0,0.0,0.0,0.0
46.15,1.9485,4.8995,1.9152,2.301,43,1.9152,0.0,0.0,0.0,0.0,0.0,0.0,0.0,0.0
46.2,1.9485,4.8995,1.9152,2.301,43,1.9152,0.0,0.0,0.0,0.0,0.0,0.0,0.0,0.0
46.25,1.9485,4.8995,1.9152,2.301,43,1.9152,0.0,0.0,0.0,0.0,0.0,0.0,0.0,0.0
46.3,1.9485,4.8995,1.9152,2.301,43,1.9152,0.0,0.0,0.0,0.0,0.0,0.0,0.0,0.0
46.35,1.9485,4.8995,1.9152,2.301,43,1.9152,0.0,0.0,0.0,0.0,0.0,0.0,0.0,0.0
46.4,1.9485,4.8995,1.9152,2.301,43,1.9152,0.0,0.0,0.0,0.0,0.0,0.0,0.0,0.0
46.45,1.9485,4.8995,1.9152,2.301,43,1.9152,0.0,0.0,0.0,0.0,0.0,0.0,0.0,0.0
46.5,1.9485,4.8995,1.9152,2.301,43,1.9152,0.0,0.0,0.0,0.0,0.0,0.0,0.0,0.0
46.55,1.9485,4.8995,1.9152,2.301,43,1.9152,0.0,0.0,0.0,0.0,0.0,0.0,0.0,0.0
46.6,1.9485,4.8995,1.9152,2.301,43,1.9152,0.0,0.0,0.0,0.0,0.0,0.0,0.0,0.0
46.65,1.9485,4.8995,1.9152,2.301,43,1.9152,0.0,0.0,0.0,0.0,0.0,0.0,0.0,0.0
46.7,1.9485,4.8995,1.9152,2.301,43,1.9152,0.0,0.0,0.0,0.0,0.0,0.0,0.0,0.0
46.75,1.9485,4.8995,1.9152,2.301,43,1.9152,0.0,0.0,0.0,0.0,0.0,0.0,0.0,0.0
46.8,1.9485,4.8995,1.9152,2.301,43,1.9152,0.0,0.0,0.0,0.0,0.0,0.0,0.0,0.0
46.85,1.9485,4.8995,1.9152,2.301,43,1.9152,0.0,0.0,0.0,0.0,0.0,0.0,0.0,0.0
46.9,1.9485,4.8995,1.9152,2.301,43,1.9152,0.0,0.0,0.0,0.0,0.0,0.0,0.0,0.0
46.95,1.9485,4.8995,1.9152,2.301,43,1.9152,0.0,0.0,0.0,0.0,0.0,0.0,0.0,0.0
47.0,1.9485,4.8995,1.9152,2.301,43,1.9152,0.0,0.0,0.0,0.0,0.0,0.0,0.0,0.0
47.05,1.9485,4.8995,1.9152,2.301,43,1.9152,0.0,0.0,0.0,0.0,0.0,0.0,0.0,0.0
47.1,1.9485,4.8995,1.9152,2.301,43,1.9152,0.0,0.0,0.0,0.0,0.0,0.0,0.0,0.0
47.15,1.9485,4.8995,1.9152,2.301,43,1.9152,0.0,0.0,0.0,0.0,0.0,0.0,0.0,0.0
47.2,1.9485,4.8995,1.9152,2.301,43,1.9152,0.0,0.0,0.0,0.0,0.0,0.0,0.0,0.0
47.25,1.9485,4.8995,1.9152,2.301,43,1.9152,0.0,0.0,0.0,0.0,0.0,0.0,0.0,0.0
47.3,1.9485,4.8995,1.9152,2.301,43,1.9152,0.0,0.0,0.0,0.0,0.0,0.0,0.0,0.0
47.35,1.9485,4.8995,1.9152,2.301,43,1.9152,0.0,0.0,0.0,0.0,0.0,0.0,0.0,0.0
47.4,1.9485,4.8995,1.9152,2.301,43,1.9152,0.0,0.0,0.0,0.0,0.0,0.0,0.0,0.0
47.45,1.9485,4.8995,1.9152,2.301,43,1.9152,0.0,0.0,0.0,0.0,0.0,0.0,0.0,0.0
47.5,1.9485,4.8995,1.9152,2.301,43,1.9152,0.0,0.0,0.0,0.0,0.0,0.0,0.0,0.0
47.55,1.9485,4.8995,1.9152,2.301,43,1.9152,0.0,0.0,0.0,0.0,0.0,0.0,0.0,0.0
47.6,1.9485,4.8995,1.9152,2.301,43,1.9152,0.0,0.0,0.0,0.0,0.0,0.0,0.0,0.0
47.65,1.9485,4.8995,1.9152,2.301,43,1.9152,0.0,0.0,0.0,0.0,0.0,0.0,0.0,0.0
47.7,1.9485,4.8995,1.9152,2.301,43,1.9152,0.0,0.0,0.0,0.0,0.0,0.0,0.0,0.0
47.75,1.9485,4.8995,1.9152,2.301,43,1.9152,0.0,0.0,0.0,0.0,0.0,0.0,0.0,0.0
47.8,1.9485,4.8995,1.9152,2.301,43,1.9152,0.0,0.0,0.0,0.0,0.0,0.0,0.0,0.0
47.85,1.9485,4.8995,1.9152,2.301,43,1.9152,0.0,0.0,0.0,0.0,0.0,0.0,0.0,0.0
47.9,1.9485,4.8995,1.9152,2.301,43,1.9152,0.0,0.0,0.0,0.0,0.0,0.0,0.0,0.0
47.95,1.9485,4.8995,1.9152,2.301,43,1.9152,0.0,0.0,0.0,0.0,0.0,0.0,0.0,0.0
48.0,1.9485,4.8995,1.9152,2.301,43,1.9152,0.0,0.0,0.0,0.0,0.0,0.0,0.0,0.0
48.05,1.9485,4.8995,1.9152,2.301,43,1.9152,0.0,0.0,0.0,0.0,0.0,0.0,0.0,0.0
48.1,1.9485,4.8995,1.9152,2.301,43,1.9152,0.0,0.0,0.0,0.0,0.0,0.0,0.0,0.0
48.15,1.9485,4.8995,1.9152,2.301,43,1.9152,0.0,0.0,0.0,0.0,0.0,0.0,0.0,0.0
48.2,1.9485,4.8995,1.9152,2.301,43,1.9152,0.0,0.0,0.0,0.0,0.0,0.0,0.0,0.0
48.25,1.9485,4.8995,1.9152,2.301,43,1.9152,0.0,0.0,0.0,0.0,0.0,0.0,0.0,0.0
48.3,1.9485,4.8995,1.9152,2.301,43,1.9152,0.0,0.0,0.0,0.0,0.0,0.0,0.0,0.0
48.35,1.9485,4.8995,1.9152,2.301,43,1.9152,0.0,0.0,0.0,0.0,0.0,0.0,0.0,0.0
48.4,1.9485,4.8995,1.9152,2.301,43,1.9152,0.0,0.0,0.0,0.0,0.0,0.0,0.0,0.0
48.45,1.9485,4.8995,1.9152,2.301,43,1.9152,0.0,0.0,0.0,0.0,0.0,0.0,0.0,0.0
48.5,1.9485,4.8995,1.9152,2.301,43,1.9152,0.0,0.0,0.0,0.0,0.0,0.0,0.0,0.0
48.55,1.9485,4.8995,1.9152,2.301,43,1.9152,0.0,0.0,0.0,0.0,0.0,0.0,0.0,0.0
48.6,1.9485,4.8995,1.9152,2.301,43,1.9152,0.0,0.0,0.0,0.0,0.0,0.0,0.0,0.0
48.65,1.9485,4.8995,1.9152,2.301,43,1.9152,0.0,0.0,0.0,0.0,0.0,0.0,0.0,0.0
48.7,1.9485,4.8995,1.9152,2.301,43,1.9152,0.0,0.0,0.0,0.0,0.0,0.0,0.0,0.0
48.75,1.9485,4.8995,1.9152,2.301,43,1.9152,0.0,0.0,0.0,0.0,0.0,0.0,0.0,0.0
48.8,1.9485,4.8995,1.9152,2.301,43,1.9152,0.0,0.0,0.0,0.0,0.0,0.0,0.0,0.0
48.85,1.9485,4.8995,1.9152,2.301,43,1.9152,0.0,0.0,0.0,0.0,0.0,0.0,0.0,0.0
48.9,1.9485,4.8995,1.9152,2.301,43,1.9152,0.0,0.0,0.0,0.0,0.0,0.0,0.0,0.0
48.95,1.9485,4.8995,1.9152,2.301,43,1.9152,0.0,0.0,0.0,0.0,0.0,0.0,0.0,0.0
49.0,1.9485,4.8995,1.9152,2.301,43,1.9152,0.0,0.0,0.0,0.0,0.0,0.0,0.0,0.0
49.05,1.9485,4.8995,1.9152,2.301,43,1.9152,0.0,0.0,0.0,0.0,0.0,0.0,0.0,0.0
49.1,1.9485,4.8995,1.9152,2.301,43,1.9152,0.0,0.0,0.0,0.0,0.0,0.0,0.0,0.0
49.15,1.9485,4.8995,1.9152,2.301,43,1.9152,0.0,0.0,0.0,0.0,0.0,0.0,0.0,0.0
49.2,1.9485,4.8995,1.9152,2.301,43,1.9152,0.0,0.0,0.0,0.0,0.0,0.0,0.0,0.0
49.25,1.9485,4.8995,1.9152,2.301,43,1.9152,0.0,0.0,0.0,0.0,0.0,0.0,0.0,0.0
49.3,1.9485,4.8995,1.9152,2.301,43,1.9152,0.0,0.0,0.0,0.0,0.0,0.0,0.0,0.0
49.35,1.9485,4.8995,1.9152,2.301,43,1.9152,0.0,0.0,0.0,0.0,0.0,0.0,0.0,0.0
49.4,1.9485,4.8995,1.9152,2.301,43,1.9152,0.0,0.0,0.0,0.0,0.0,0.0,0.0,0.0
49.45,1.9485,4.8995,1.9152,2.301,43,1.9152,0.0,0.0,0.0,0.0,0.0,0.0,0.0,0.0
49.5,1.9485,4.8995,1.9152,2.301,43,1.9152,0.0,0.0,0.0,0.0,0.0,0.0,0.0,0.0
49.55,1.9485,4.8995,1.9152,2.301,43,1.9152,0.0,0.0,0.0,0.0,0.0,0.0,0.0,0.0
49.6,1.9485,4.8995,1.9152,2.301,43,1.9152,0.0,0.0,0.0,0.0,0.0,0.0,0.0,0.0
49.65,1.9485,4.8995,1.9152,2.301,43,1.9152,0.0,0.0,0.0,0.0,0.0,0.0,0.0,0.0
49.7,1.9485,4.8995,1.9152,2.301,43,1.9152,0.0,0.0,0.0,0.0,0.0,0.0,0.0,0.0
49.75,1.9485,4.8995,1.9152,2.301,43,1.9152,0.0,0.0,0.0,0.0,0.0,0.0,0.0,0.0
49.8,1.9485,4.8995,1.9152,2.301,43,1.9152,0.0,0.0,0.0,0.0,0.0,0.0,0.0,0.0
49.85,1.9485,4.8995,1.9152,2.301,43,1.9152,0.0,0.0,0.0,0.0,0.0,0.0,0.0,0.0
49.9,1.9485,4.8995,1.9152,2.301,43,1.9152,0.0,0.0,0.0,0.0,0.0,0.0,0.0,0.0
49.95,1.9485,4.8995,1.9152,2.301,43,1.9152,0.0,0.0,0.0,0.0,0.0,0.0,0.0,0.0
50.0,1.9485,4.8995,1.9152,2.301,43,1.9152,0.0,0.0,0.0,0.0,0.0,0.0,0.0,0.0
50.05,1.9485,4.8995,1.9152,2.301,43,1.9152,0.0,0.0,0.0,0.0,0.0,0.0,0.0,0.0
50.1,1.9485,4.8995,1.9152,2.301,43,1.9152,0.0,0.0,0.0,0.0,0.0,0.0,0.0,0.0
50.15,1.9485,4.8995,1.9152,2.301,43,1.9152,0.0,0.0,0.0,0.0,0.0,0.0,0.0,0.0
50.2,1.9485,4.8995,1.9152,2.301,43,1.9152,0.0,0.0,0.0,0.0,0.0,0.0,0.0,0.0
50.25,1.9485,4.8995,1.9152,2.301,43,1.9152,0.0,0.0,0.0,0.0,0.0,0.0,0.0,0.0
50.3,1.9485,4.8995,1.9152,2.301,43,1.9152,0.0,0.0,0.0,0.0,0.0,0.0,0.0,0.0
50.35,1.9485,4.8995,1.9152,2.301,43,1.9152,0.0,0.0,0.0,0.0,0.0,0.0,0.0,0.0
50.4,1.9485,4.8995,1.9152,2.301,43,1.9152,0.0,0.0,0.0,0.0,0.0,0.0,0.0,0.0
50.45,1.9485,4.8995,1.9152,2.301,43,1.9152,0.0,0.0,0.0,0.0,0.0,0.0,0.0,0.0
50.5,1.9485,4.8995,1.9152,2.301,43,1.9152,0.0,0.0,0.0,0.0,0.0,0.0,0.0,0.0
50.55,1.9485,4.8995,1.9152,2.301,43,1.9152,0.0,0.0,0.0,0.0,0.0,0.0,0.0,0.0
50.6,1.9485,4.8995,1.9152,2.301,43,1.9152,0.0,0.0,0.0,0.0,0.0,0.0,0.0,0.0
50.65,1.9485,4.8995,1.9152,2.301,43,1.9152,0.0,0.0,0.0,0.0,0.0,0.0,0.0,0.0
50.7,1.9485,4.8995,1.9152,2.301,43,1.9152,0.0,0.0,0.0,0.0,0.0,0.0,0.0,0.0
50.75,1.9485,4.8995,1.9152,2.301,43,1.9152,0.0,0.0,0.0,0.0,0.0,0.0,0.0,0.0
50.801,1.9485,4.8995,1.9152,2.301,43,1.9152,0.0,0.0,0.0,0.0,0.0,0.0,0.0,0.0
50.85,1.9485,4.8995,1.9152,2.301,43,1.9152,0.0,0.0,0.0,0.0,0.0,0.0,0.0,0.0
50.9,1.9485,4.8995,1.9152,2.301,43,1.9152,0.0,0.0,0.0,0.0,0.0,0.0,0.0,0.0
50.95,1.9485,4.8995,1.9152,2.301,43,1.9152,0.0,0.0,0.0,0.0,0.0,0.0,0.0,0.0
51.0,1.9485,4.8995,1.9152,2.301,43,1.9152,0.0,0.0,0.0,0.0,0.0,0.0,0.0,0.0
51.05,1.9485,4.8995,1.9152,2.301,43,1.9152,0.0,0.0,0.0,0.0,0.0,0.0,0.0,0.0
51.1,1.9485,4.8995,1.9152,2.301,43,1.9152,0.0,0.0,0.0,0.0,0.0,0.0,0.0,0.0
51.15,1.9485,4.8995,1.9152,2.301,43,1.9152,0.0,0.0,0.0,0.0,0.0,0.0,0.0,0.0
51.2,1.9485,4.8995,1.9152,2.301,43,1.9152,0.0,0.0,0.0,0.0,0.0,0.0,0.0,0.0
51.25,1.9485,4.8995,1.9152,2.301,43,1.9152,0.0,0.0,0.0,0.0,0.0,0.0,0.0,0.0
51.3,1.9485,4.8995,1.9152,2.301,43,1.9152,0.0,0.0,0.0,0.0,0.0,0.0,0.0,0.0
51.35,1.9485,4.8995,1.9152,2.301,43,1.9152,0.0,0.0,0.0,0.0,0.0,0.0,0.0,0.0
51.4,1.9485,4.8995,1.9152,2.301,43,1.9152,0.0,0.0,0.0,0.0,0.0,0.0,0.0,0.0
51.45,1.9485,4.8995,1.9152,2.301,43,1.9152,0.0,0.0,0.0,0.0,0.0,0.0,0.0,0.0
51.5,1.9485,4.8995,1.9152,2.301,43,1.9152,0.0,0.0,0.0,0.0,0.0,0.0,0.0,0.0
51.55,1.9485,4.8995,1.9152,2.301,43,1.9152,0.0,0.0,0.0,0.0,0.0,0.0,0.0,0.0
51.6,1.9485,4.8995,1.9152,2.301,43,1.9152,0.0,0.0,0.0,0.0,0.0,0.0,0.0,0.0
51.65,1.9485,4.8995,1.9152,2.301,43,1.9152,0.0,0.0,0.0,0.0,0.0,0.0,0.0,0.0
51.7,1.9485,4.8995,1.9152,2.301,43,1.9152,0.0,0.0,0.0,0.0,0.0,0.0,0.0,0.0
51.75,1.9485,4.8995,1.9152,2.301,43,1.9152,0.0,0.0,0.0,0.0,0.0,0.0,0.0,0.0
51.8,1.9485,4.8995,1.9152,2.301,43,1.9152,0.0,0.0,0.0,0.0,0.0,0.0,0.0,0.0
51.85,1.9485,4.8995,1.9152,2.301,43,1.9152,0.0,0.0,0.0,0.0,0.0,0.0,0.0,0.0
51.9,1.9485,4.8995,1.9152,2.301,43,1.9152,0.0,0.0,0.0,0.0,0.0,0.0,0.0,0.0
51.95,1.9485,4.8995,1.9152,2.301,43,1.9152,0.0,0.0,0.0,0.0,0.0,0.0,0.0,0.0
52.0,1.9485,4.8995,1.9152,2.301,43,1.9152,0.0,0.0,0.0,0.0,0.0,0.0,0.0,0.0
52.05,1.9485,4.8995,1.9152,2.301,43,1.9152,0.0,0.0,0.0,0.0,0.0,0.0,0.0,0.0
52.1,1.9485,4.8995,1.9152,2.301,43,1.9152,0.0,0.0,0.0,0.0,0.0,0.0,0.0,0.0
52.15,1.9485,4.8995,1.9152,2.301,43,1.9152,0.0,0.0,0.0,0.0,0.0,0.0,0.0,0.0
52.2,1.9485,4.8995,1.9152,2.301,43,1.9152,0.0,0.0,0.0,0.0,0.0,0.0,0.0,0.0
52.25,1.9485,4.8995,1.9152,2.301,43,1.9152,0.0,0.0,0.0,0.0,0.0,0.0,0.0,0.0
52.3,1.9485,4.8995,1.9152,2.301,43,1.9152,0.0,0.0,0.0,0.0,0.0,0.0,0.0,0.0
52.35,1.9485,4.8995,1.9152,2.301,43,1.9152,0.0,0.0,0.0,0.0,0.0,0.0,0.0,0.0
52.4,1.9485,4.8995,1.9152,2.301,43,1.9152,0.0,0.0,0.0,0.0,0.0,0.0,0.0,0.0
52.45,1.9485,4.8995,1.9152,2.301,43,1.9152,0.0,0.0,0.0,0.0,0.0,0.0,0.0,0.0
52.5,1.9485,4.8995,1.9152,2.301,43,1.9152,0.0,0.0,0.0,0.0,0.0,0.0,0.0,0.0
52.55,1.9485,4.8995,1.9152,2.301,43,1.9152,0.0,0.0,0.0,0.0,0.0,0.0,0.0,0.0
52.6,1.9485,4.8995,1.9152,2.301,43,1.9152,0.0,0.0,0.0,0.0,0.0,0.0,0.0,0.0
52.65,1.9485,4.8995,1.9152,2.301,43,1.9152,0.0,0.0,0.0,0.0,0.0,0.0,0.0,0.0
52.7,1.9485,4.8995,1.9152,2.301,43,1.9152,0.0,0.0,0.0,0.0,0.0,0.0,0.0,0.0
52.75,1.9485,4.8995,1.9152,2.301,43,1.9152,0.0,0.0,0.0,0.0,0.0,0.0,0.0,0.0
52.8,1.9485,4.8995,1.9152,2.301,43,1.9152,0.0,0.0,0.0,0.0,0.0,0.0,0.0,0.0
52.85,1.9485,4.8995,1.9152,2.301,43,1.9152,0.0,0.0,0.0,0.0,0.0,0.0,0.0,0.0
52.9,1.9485,4.8995,1.9152,2.301,43,1.9152,0.0,0.0,0.0,0.0,0.0,0.0,0.0,0.0
52.95,1.9485,4.8995,1.9152,2.301,43,1.9152,0.0,0.0,0.0,0.0,0.0,0.0,0.0,0.0
53.0,1.9485,4.8995,1.9152,2.301,43,1.9152,0.0,0.0,0.0,0.0,0.0,0.0,0.0,0.0
53.051,1.9485,4.8995,1.9152,2.301,43,1.9152,0.0,0.0,0.0,0.0,0.0,0.0,0.0,0.0
53.1,1.9485,4.8995,1.9152,2.301,43,1.9152,0.0,0.0,0.0,0.0,0.0,0.0,0.0,0.0
53.15,1.9485,4.8995,1.9152,2.301,43,1.9152,0.0,0.0,0.0,0.0,0.0,0.0,0.0,0.0
53.2,1.9485,4.8995,1.9152,2.301,43,1.9152,0.0,0.0,0.0,0.0,0.0,0.0,0.0,0.0
53.25,1.9485,4.8995,1.9152,2.301,43,1.9152,0.0,0.0,0.0,0.0,0.0,0.0,0.0,0.0
53.3,1.9485,4.8995,1.9152,2.301,43,1.9152,0.0,0.0,0.0,0.0,0.0,0.0,0.0,0.0
53.35,1.9485,4.8995,1.9152,2.301,43,1.9152,0.0,0.0,0.0,0.0,0.0,0.0,0.0,0.0
53.401,1.9485,4.8995,1.9152,2.301,43,1.9152,0.0,0.0,0.0,0.0,0.0,0.0,0.0,0.0
53.45,1.9485,4.8995,1.9152,2.301,43,1.9152,0.0,0.0,0.0,0.0,0.0,0.0,0.0,0.0
53.5,1.9485,4.8995,1.9152,2.301,43,1.9152,0.0,0.0,0.0,0.0,0.0,0.0,0.0,0.0
53.55,1.9485,4.8995,1.9152,2.301,43,1.9152,0.0,0.0,0.0,0.0,0.0,0.0,0.0,0.0
53.6,1.9485,4.8995,1.9152,2.301,43,1.9152,0.0,0.0,0.0,0.0,0.0,0.0,0.0,0.0
53.65,1.9485,4.8995,1.9152,2.301,43,1.9152,0.0,0.0,0.0,0.0,0.0,0.0,0.0,0.0
53.7,1.9485,4.8995,1.9152,2.301,43,1.9152,0.0,0.0,0.0,0.0,0.0,0.0,0.0,0.0
53.75,1.9485,4.8995,1.9152,2.301,43,1.9152,0.0,0.0,0.0,0.0,0.0,0.0,0.0,0.0
53.8,1.9485,4.8995,1.9152,2.301,43,1.9152,0.0,0.0,0.0,0.0,0.0,0.0,0.0,0.0
53.85,1.9485,4.8995,1.9152,2.301,43,1.9152,0.0,0.0,0.0,0.0,0.0,0.0,0.0,0.0
53.9,1.9485,4.8995,1.9152,2.301,43,1.9152,0.0,0.0,0.0,0.0,0.0,0.0,0.0,0.0
53.95,1.9485,4.8995,1.9152,2.301,43,1.9152,0.0,0.0,0.0,0.0,0.0,0.0,0.0,0.0
54.0,1.9485,4.8995,1.9152,2.301,43,1.9152,0.0,0.0,0.0,0.0,0.0,0.0,0.0,0.0
54.05,1.9485,4.8995,1.9152,2.301,43,1.9152,0.0,0.0,0.0,0.0,0.0,0.0,0.0,0.0
54.1,1.9485,4.8995,1.9152,2.301,43,1.9152,0.0,0.0,0.0,0.0,0.0,0.0,0.0,0.0
54.15,1.9485,4.8995,1.9152,2.301,43,1.9152,0.0,0.0,0.0,0.0,0.0,0.0,0.0,0.0
54.2,1.9485,4.8995,1.9152,2.301,43,1.9152,0.0,0.0,0.0,0.0,0.0,0.0,0.0,0.0
54.25,1.9485,4.8995,1.9152,2.301,43,1.9152,0.0,0.0,0.0,0.0,0.0,0.0,0.0,0.0
54.3,1.9485,4.8995,1.9152,2.301,43,1.9152,0.0,0.0,0.0,0.0,0.0,0.0,0.0,0.0
54.35,1.9485,4.8995,1.9152,2.301,43,1.9152,0.0,0.0,0.0,0.0,0.0,0.0,0.0,0.0
54.4,1.9485,4.8995,1.9152,2.301,43,1.9152,0.0,0.0,0.0,0.0,0.0,0.0,0.0,0.0
54.45,1.9485,4.8995,1.9152,2.301,43,1.9152,0.0,0.0,0.0,0.0,0.0,0.0,0.0,0.0
54.5,1.9485,4.8995,1.9152,2.301,43,1.9152,0.0,0.0,0.0,0.0,0.0,0.0,0.0,0.0
54.55,1.9485,4.8995,1.9152,2.301,43,1.9152,0.0,0.0,0.0,0.0,0.0,0.0,0.0,0.0
54.6,1.9485,4.8995,1.9152,2.301,43,1.9152,0.0,0.0,0.0,0.0,0.0,0.0,0.0,0.0
54.65,1.9485,4.8995,1.9152,2.301,43,1.9152,0.0,0.0,0.0,0.0,0.0,0.0,0.0,0.0
54.7,1.9485,4.8995,1.9152,2.301,43,1.9152,0.0,0.0,0.0,0.0,0.0,0.0,0.0,0.0
54.75,1.9485,4.8995,1.9152,2.301,43,1.9152,0.0,0.0,0.0,0.0,0.0,0.0,0.0,0.0
54.8,1.9485,4.8995,1.9152,2.301,43,1.9152,0.0,0.0,0.0,0.0,0.0,0.0,0.0,0.0
54.851,1.9485,4.8995,1.9152,2.301,43,1.9152,0.0,0.0,0.0,0.0,0.0,0.0,0.0,0.0
54.9,1.9485,4.8995,1.9152,2.301,43,1.9152,0.0,0.0,0.0,0.0,0.0,0.0,0.0,0.0
54.95,1.9485,4.8995,1.9152,2.301,43,1.9152,0.0,0.0,0.0,0.0,0.0,0.0,0.0,0.0
55.0,1.9485,4.8995,1.9152,2.301,43,1.9152,0.0,0.0,0.0,0.0,0.0,0.0,0.0,0.0
55.05,1.9485,4.8995,1.9152,2.301,43,1.9152,0.0,0.0,0.0,0.0,0.0,0.0,0.0,0.0
55.1,1.9485,4.8995,1.9152,2.301,43,1.9152,0.0,0.0,0.0,0.0,0.0,0.0,0.0,0.0
55.15,1.9485,4.8995,1.9152,2.301,43,1.9152,0.0,0.0,0.0,0.0,0.0,0.0,0.0,0.0
55.2,1.9485,4.8995,1.9152,2.301,43,1.9152,0.0,0.0,0.0,0.0,0.0,0.0,0.0,0.0
55.25,1.9485,4.8995,1.9152,2.301,43,1.9152,0.0,0.0,0.0,0.0,0.0,0.0,0.0,0.0
55.3,1.9485,4.8995,1.9152,2.301,43,1.9152,0.0,0.0,0.0,0.0,0.0,0.0,0.0,0.0
55.35,1.9485,4.8995,1.9152,2.301,43,1.9152,0.0,0.0,0.0,0.0,0.0,0.0,0.0,0.0
55.4,1.9485,4.8995,1.9152,2.301,43,1.9152,0.0,0.0,0.0,0.0,0.0,0.0,0.0,0.0
55.45,1.9485,4.8995,1.9152,2.301,43,1.9152,0.0,0.0,0.0,0.0,0.0,0.0,0.0,0.0
55.5,1.9485,4.8995,1.9152,2.301,43,1.9152,0.0,0.0,0.0,0.0,0.0,0.0,0.0,0.0
55.55,1.9485,4.8995,1.9152,2.301,43,1.9152,0.0,0.0,0.0,0.0,0.0,0.0,0.0,0.0
55.601,1.9485,4.8995,1.9152,2.301,43,1.9152,0.0,0.0,0.0,0.0,0.0,0.0,0.0,0.0
55.65,1.9485,4.8995,1.9152,2.301,43,1.9152,0.0,0.0,0.0,0.0,0.0,0.0,0.0,0.0
55.7,1.9485,4.8995,1.9152,2.301,43,1.9152,0.0,0.0,0.0,0.0,0.0,0.0,0.0,0.0
55.75,1.9485,4.8995,1.9152,2.301,43,1.9152,0.0,0.0,0.0,0.0,0.0,0.0,0.0,0.0
55.8,1.9485,4.8995,1.9152,2.301,43,1.9152,0.0,0.0,0.0,0.0,0.0,0.0,0.0,0.0
55.85,1.9485,4.8995,1.9152,2.301,43,1.9152,0.0,0.0,0.0,0.0,0.0,0.0,0.0,0.0
55.9,1.9485,4.8995,1.9152,2.301,43,1.9152,0.0,0.0,0.0,0.0,0.0,0.0,0.0,0.0
55.95,1.9485,4.8995,1.9152,2.301,43,1.9152,0.0,0.0,0.0,0.0,0.0,0.0,0.0,0.0
56.0,1.9485,4.8995,1.9152,2.301,43,1.9152,0.0,0.0,0.0,0.0,0.0,0.0,0.0,0.0
56.05,1.9485,4.8995,1.9152,2.301,43,1.9152,0.0,0.0,0.0,0.0,0.0,0.0,0.0,0.0
56.1,1.9485,4.8995,1.9152,2.301,43,1.9152,0.0,0.0,0.0,0.0,0.0,0.0,0.0,0.0
56.15,1.9485,4.8995,1.9152,2.301,43,1.9152,0.0,0.0,0.0,0.0,0.0,0.0,0.0,0.0
56.2,1.9485,4.8995,1.9152,2.301,43,1.9152,0.0,0.0,0.0,0.0,0.0,0.0,0.0,0.0
56.25,1.9485,4.8995,1.9152,2.301,43,1.9152,0.0,0.0,0.0,0.0,0.0,0.0,0.0,0.0
56.3,1.9485,4.8995,1.9152,2.301,43,1.9152,0.0,0.0,0.0,0.0,0.0,0.0,0.0,0.0
56.35,1.9485,4.8995,1.9152,2.301,43,1.9152,0.0,0.0,0.0,0.0,0.0,0.0,0.0,0.0
56.4,1.9485,4.8995,1.9152,2.301,43,1.9152,0.0,0.0,0.0,0.0,0.0,0.0,0.0,0.0
56.45,1.9485,4.8995,1.9152,2.301,43,1.9152,0.0,0.0,0.0,0.0,0.0,0.0,0.0,0.0
56.5,1.9485,4.8995,1.9152,2.301,43,1.9152,0.0,0.0,0.0,0.0,0.0,0.0,0.0,0.0
56.55,1.9485,4.8995,1.9152,2.301,43,1.9152,0.0,0.0,0.0,0.0,0.0,0.0,0.0,0.0
56.6,1.9485,4.8995,1.9152,2.301,43,1.9152,0.0,0.0,0.0,0.0,0.0,0.0,0.0,0.0
56.65,1.9485,4.8995,1.9152,2.301,43,1.9152,0.0,0.0,0.0,0.0,0.0,0.0,0.0,0.0
56.7,1.9485,4.8995,1.9152,2.301,43,1.9152,0.0,0.0,0.0,0.0,0.0,0.0,0.0,0.0
56.75,1.9485,4.8995,1.9152,2.301,43,1.9152,0.0,0.0,0.0,0.0,0.0,0.0,0.0,0.0
56.8,1.9485,4.8995,1.9152,2.301,43,1.9152,0.0,0.0,0.0,0.0,0.0,0.0,0.0,0.0
56.85,1.9485,4.8995,1.9152,2.301,43,1.9152,0.0,0.0,0.0,0.0,0.0,0.0,0.0,0.0
56.9,1.9485,4.8995,1.9152,2.301,43,1.9152,0.0,0.0,0.0,0.0,0.0,0.0,0.0,0.0
56.95,1.9485,4.8995,1.9152,2.301,43,1.9152,0.0,0.0,0.0,0.0,0.0,0.0,0.0,0.0
57.0,1.9485,4.8995,1.9152,2.301,43,1.9152,0.0,0.0,0.0,0.0,0.0,0.0,0.0,0.0
57.05,1.9485,4.8995,1.9152,2.301,43,1.9152,0.0,0.0,0.0,0.0,0.0,0.0,0.0,0.0
57.1,1.9485,4.8995,1.9152,2.301,43,1.9152,0.0,0.0,0.0,0.0,0.0,0.0,0.0,0.0
57.15,1.9485,4.8995,1.9152,2.301,43,1.9152,0.0,0.0,0.0,0.0,0.0,0.0,0.0,0.0
57.2,1.9485,4.8995,1.9152,2.301,43,1.9152,0.0,0.0,0.0,0.0,0.0,0.0,0.0,0.0
57.25,1.9485,4.8995,1.9152,2.301,43,1.9152,0.0,0.0,0.0,0.0,0.0,0.0,0.0,0.0
57.3,1.9485,4.8995,1.9152,2.301,43,1.9152,0.0,0.0,0.0,0.0,0.0,0.0,0.0,0.0
57.35,1.9485,4.8995,1.9152,2.301,43,1.9152,0.0,0.0,0.0,0.0,0.0,0.0,0.0,0.0
57.4,1.9485,4.8995,1.9152,2.301,43,1.9152,0.0,0.0,0.0,0.0,0.0,0.0,0.0,0.0
57.45,1.9485,4.8995,1.9152,2.301,43,1.9152,0.0,0.0,0.0,0.0,0.0,0.0,0.0,0.0
57.5,1.9485,4.8995,1.9152,2.301,43,1.9152,0.0,0.0,0.0,0.0,0.0,0.0,0.0,0.0
57.55,1.9485,4.8995,1.9152,2.301,43,1.9152,0.0,0.0,0.0,0.0,0.0,0.0,0.0,0.0
57.6,1.9485,4.8995,1.9152,2.301,43,1.9152,0.0,0.0,0.0,0.0,0.0,0.0,0.0,0.0
57.65,1.9485,4.8995,1.9152,2.301,43,1.9152,0.0,0.0,0.0,0.0,0.0,0.0,0.0,0.0
57.7,1.9485,4.8995,1.9152,2.301,43,1.9152,0.0,0.0,0.0,0.0,0.0,0.0,0.0,0.0
57.75,1.9485,4.8995,1.9152,2.301,43,1.9152,0.0,0.0,0.0,0.0,0.0,0.0,0.0,0.0
57.8,1.9485,4.8995,1.9152,2.301,43,1.9152,0.0,0.0,0.0,0.0,0.0,0.0,0.0,0.0
57.85,1.9485,4.8995,1.9152,2.301,43,1.9152,0.0,0.0,0.0,0.0,0.0,0.0,0.0,0.0
57.901,1.9485,4.8995,1.9152,2.301,43,1.9152,0.0,0.0,0.0,0.0,0.0,0.0,0.0,0.0
57.95,1.9485,4.8995,1.9152,2.301,43,1.9152,0.0,0.0,0.0,0.0,0.0,0.0,0.0,0.0
58.0,1.9485,4.8995,1.9152,2.301,43,1.9152,0.0,0.0,0.0,0.0,0.0,0.0,0.0,0.0
58.05,1.9485,4.8995,1.9152,2.301,43,1.9152,0.0,0.0,0.0,0.0,0.0,0.0,0.0,0.0
58.1,1.9485,4.8995,1.9152,2.301,43,1.9152,0.0,0.0,0.0,0.0,0.0,0.0,0.0,0.0
58.15,1.9485,4.8995,1.9152,2.301,43,1.9152,0.0,0.0,0.0,0.0,0.0,0.0,0.0,0.0
58.2,1.9485,4.8995,1.9152,2.301,43,1.9152,0.0,0.0,0.0,0.0,0.0,0.0,0.0,0.0
58.25,1.9485,4.8995,1.9152,2.301,43,1.9152,0.0,0.0,0.0,0.0,0.0,0.0,0.0,0.0
58.3,1.9485,4.8995,1.9152,2.301,43,1.9152,0.0,0.0,0.0,0.0,0.0,0.0,0.0,0.0
58.35,1.9485,4.8995,1.9152,2.301,43,1.9152,0.0,0.0,0.0,0.0,0.0,0.0,0.0,0.0
58.4,1.9485,4.8995,1.9152,2.301,43,1.9152,0.0,0.0,0.0,0.0,0.0,0.0,0.0,0.0
58.45,1.9485,4.8995,1.9152,2.301,43,1.9152,0.0,0.0,0.0,0.0,0.0,0.0,0.0,0.0
58.5,1.9485,4.8995,1.9152,2.301,43,1.9152,0.0,0.0,0.0,0.0,0.0,0.0,0.0,0.0
58.55,1.9485,4.8995,1.9152,2.301,43,1.9152,0.0,0.0,0.0,0.0,0.0,0.0,0.0,0.0
58.6,1.9485,4.8995,1.9152,2.301,43,1.9152,0.0,0.0,0.0,0.0,0.0,0.0,0.0,0.0
58.65,1.9485,4.8995,1.9152,2.301,43,1.9152,0.0,0.0,0.0,0.0,0.0,0.0,0.0,0.0
58.7,1.9485,4.8995,1.9152,2.301,43,1.9152,0.0,0.0,0.0,0.0,0.0,0.0,0.0,0.0
58.75,1.9485,4.8995,1.9152,2.301,43,1.9152,0.0,0.0,0.0,0.0,0.0,0.0,0.0,0.0
58.8,1.9485,4.8995,1.9152,2.301,43,1.9152,0.0,0.0,0.0,0.0,0.0,0.0,0.0,0.0
58.85,1.9485,4.8995,1.9152,2.301,43,1.9152,0.0,0.0,0.0,0.0,0.0,0.0,0.0,0.0
58.9,1.9485,4.8995,1.9152,2.301,43,1.9152,0.0,0.0,0.0,0.0,0.0,0.0,0.0,0.0
58.95,1.9485,4.8995,1.9152,2.301,43,1.9152,0.0,0.0,0.0,0.0,0.0,0.0,0.0,0.0
59.0,1.9485,4.8995,1.9152,2.301,43,1.9152,0.0,0.0,0.0,0.0,0.0,0.0,0.0,0.0
59.05,1.9485,4.8995,1.9152,2.301,43,1.9152,0.0,0.0,0.0,0.0,0.0,0.0,0.0,0.0
59.1,1.9485,4.8995,1.9152,2.301,43,1.9152,0.0,0.0,0.0,0.0,0.0,0.0,0.0,0.0
59.15,1.9485,4.8995,1.9152,2.301,43,1.9152,0.0,0.0,0.0,0.0,0.0,0.0,0.0,0.0
59.2,1.9485,4.8995,1.9152,2.301,43,1.9152,0.0,0.0,0.0,0.0,0.0,0.0,0.0,0.0
59.25,1.9485,4.8995,1.9152,2.301,43,1.9152,0.0,0.0,0.0,0.0,0.0,0.0,0.0,0.0
59.3,1.9485,4.8995,1.9152,2.301,43,1.9152,0.0,0.0,0.0,0.0,0.0,0.0,0.0,0.0
59.35,1.9485,4.8995,1.9152,2.301,43,1.9152,0.0,0.0,0.0,0.0,0.0,0.0,0.0,0.0
59.4,1.9485,4.8995,1.9152,2.301,43,1.9152,0.0,0.0,0.0,0.0,0.0,0.0,0.0,0.0
59.45,1.9485,4.8995,1.9152,2.301,43,1.9152,0.0,0.0,0.0,0.0,0.0,0.0,0.0,0.0
59.5,1.9485,4.8995,1.9152,2.301,43,1.9152,0.0,0.0,0.0,0.0,0.0,0.0,0.0,0.0
59.55,1.9485,4.8995,1.9152,2.301,43,1.9152,0.0,0.0,0.0,0.0,0.0,0.0,0.0,0.0
59.6,1.9485,4.8995,1.9152,2.301,43,1.9152,0.0,0.0,0.0,0.0,0.0,0.0,0.0,0.0
59.65,1.9485,4.8995,1.9152,2.301,43,1.9152,0.0,0.0,0.0,0.0,0.0,0.0,0.0,0.0
59.7,1.9485,4.8995,1.9152,2.301,43,1.9152,0.0,0.0,0.0,0.0,0.0,0.0,0.0,0.0
59.75,1.9485,4.8995,1.9152,2.301,43,1.9152,0.0,0.0,0.0,0.0,0.0,0.0,0.0,0.0
59.8,1.9485,4.8995,1.9152,2.301,43,1.9152,0.0,0.0,0.0,0.0,0.0,0.0,0.0,0.0
59.85,1.9485,4.8995,1.9152,2.301,43,1.9152,0.0,0.0,0.0,0.0,0.0,0.0,0.0,0.0
59.9,1.9485,4.8995,1.9152,2.301,43,1.9152,0.0,0.0,0.0,0.0,0.0,0.0,0.0,0.0
59.95,1.9485,4.8995,1.9152,2.301,43,1.9152,0.0,0.0,0.0,0.0,0.0,0.0,0.0,0.0
60.0,1.9485,4.8995,1.9152,2.301,43,1.9152,0.0,0.0,0.0,0.0,0.0,0.0,0.0,0.0
60.05,1.9485,4.8995,1.9152,2.301,43,1.9152,0.0,0.0,0.0,0.0,0.0,0.0,0.0,0.0
60.1,1.9485,4.8995,1.9152,2.301,43,1.9152,0.0,0.0,0.0,0.0,0.0,0.0,0.0,0.0
60.15,1.9485,4.8995,1.9152,2.301,43,1.9152,0.0,0.0,0.0,0.0,0.0,0.0,0.0,0.0
60.2,1.9485,4.8995,1.9152,2.301,43,1.9152,0.0,0.0,0.0,0.0,0.0,0.0,0.0,0.0
60.25,1.9485,4.8995,1.9152,2.301,43,1.9152,0.0,0.0,0.0,0.0,0.0,0.0,0.0,0.0
60.3,1.9485,4.8995,1.9152,2.301,43,1.9152,0.0,0.0,0.0,0.0,0.0,0.0,0.0,0.0
60.35,1.9485,4.8995,1.9152,2.301,43,1.9152,0.0,0.0,0.0,0.0,0.0,0.0,0.0,0.0
60.4,1.9485,4.8995,1.9152,2.301,43,1.9152,0.0,0.0,0.0,0.0,0.0,0.0,0.0,0.0
60.45,1.9485,4.8995,1.9152,2.301,43,1.9152,0.0,0.0,0.0,0.0,0.0,0.0,0.0,0.0
60.5,1.9485,4.8995,1.9152,2.301,43,1.9152,0.0,0.0,0.0,0.0,0.0,0.0,0.0,0.0
60.55,1.9485,4.8995,1.9152,2.301,43,1.9152,0.0,0.0,0.0,0.0,0.0,0.0,0.0,0.0
60.6,1.9485,4.8995,1.9152,2.301,43,1.9152,0.0,0.0,0.0,0.0,0.0,0.0,0.0,0.0
60.65,1.9485,4.8995,1.9152,2.301,43,1.9152,0.0,0.0,0.0,0.0,0.0,0.0,0.0,0.0
60.7,1.9485,4.8995,1.9152,2.301,43,1.9152,0.0,0.0,0.0,0.0,0.0,0.0,0.0,0.0
60.751,1.9485,4.8995,1.9152,2.301,43,1.9152,0.0,0.0,0.0,0.0,0.0,0.0,0.0,0.0
60.8,1.9485,4.8995,1.9152,2.301,43,1.9152,0.0,0.0,0.0,0.0,0.0,0.0,0.0,0.0
60.85,1.9485,4.8995,1.9152,2.301,43,1.9152,0.0,0.0,0.0,0.0,0.0,0.0,0.0,0.0
60.9,1.9485,4.8995,1.9152,2.301,43,1.9152,0.0,0.0,0.0,0.0,0.0,0.0,0.0,0.0
60.95,1.9485,4.8995,1.9152,2.301,43,1.9152,0.0,0.0,0.0,0.0,0.0,0.0,0.0,0.0
61.0,1.9485,4.8995,1.9152,2.301,43,1.9152,0.0,0.0,0.0,0.0,0.0,0.0,0.0,0.0
61.05,1.9485,4.8995,1.9152,2.301,43,1.9152,0.0,0.0,0.0,0.0,0.0,0.0,0.0,0.0
61.1,1.9485,4.8995,1.9152,2.301,43,1.9152,0.0,0.0,0.0,0.0,0.0,0.0,0.0,0.0
61.15,1.9485,4.8995,1.9152,2.301,43,1.9152,0.0,0.0,0.0,0.0,0.0,0.0,0.0,0.0
61.2,1.9485,4.8995,1.9152,2.301,43,1.9152,0.0,0.0,0.0,0.0,0.0,0.0,0.0,0.0
61.25,1.9485,4.8995,1.9152,2.301,43,1.9152,0.0,0.0,0.0,0.0,0.0,0.0,0.0,0.0
61.3,1.9485,4.8995,1.9152,2.301,43,1.9152,0.0,0.0,0.0,0.0,0.0,0.0,0.0,0.0
61.35,1.9485,4.8995,1.9152,2.301,43,1.9152,0.0,0.0,0.0,0.0,0.0,0.0,0.0,0.0
61.4,1.9485,4.8995,1.9152,2.301,43,1.9152,0.0,0.0,0.0,0.0,0.0,0.0,0.0,0.0
61.45,1.9485,4.8995,1.9152,2.301,43,1.9152,0.0,0.0,0.0,0.0,0.0,0.0,0.0,0.0
61.501,1.9485,4.8995,1.9152,2.301,43,1.9152,0.0,0.0,0.0,0.0,0.0,0.0,0.0,0.0
61.55,1.9485,4.8995,1.9152,2.301,43,1.9152,0.0,0.0,0.0,0.0,0.0,0.0,0.0,0.0
61.6,1.9485,4.8995,1.9152,2.301,43,1.9152,0.0,0.0,0.0,0.0,0.0,0.0,0.0,0.0
61.65,1.9485,4.8995,1.9152,2.301,43,1.9152,0.0,0.0,0.0,0.0,0.0,0.0,0.0,0.0
61.7,1.9485,4.8995,1.9152,2.301,43,1.9152,0.0,0.0,0.0,0.0,0.0,0.0,0.0,0.0
61.75,1.9485,4.8995,1.9152,2.301,43,1.9152,0.0,0.0,0.0,0.0,0.0,0.0,0.0,0.0
61.8,1.9485,4.8995,1.9152,2.301,43,1.9152,0.0,0.0,0.0,0.0,0.0,0.0,0.0,0.0
61.85,1.9485,4.8995,1.9152,2.301,43,1.9152,0.0,0.0,0.0,0.0,0.0,0.0,0.0,0.0
61.9,1.9485,4.8995,1.9152,2.301,43,1.9152,0.0,0.0,0.0,0.0,0.0,0.0,0.0,0.0
61.95,1.9485,4.8995,1.9152,2.301,43,1.9152,0.0,0.0,0.0,0.0,0.0,0.0,0.0,0.0
62.0,1.9485,4.8995,1.9152,2.301,43,1.9152,0.0,0.0,0.0,0.0,0.0,0.0,0.0,0.0
62.05,1.9485,4.8995,1.9152,2.301,43,1.9152,0.0,0.0,0.0,0.0,0.0,0.0,0.0,0.0
62.1,1.9485,4.8995,1.9152,2.301,43,1.9152,0.0,0.0,0.0,0.0,0.0,0.0,0.0,0.0
62.15,1.9485,4.8995,1.9152,2.301,43,1.9152,0.0,0.0,0.0,0.0,0.0,0.0,0.0,0.0
62.2,1.9485,4.8995,1.9152,2.301,43,1.9152,0.0,0.0,0.0,0.0,0.0,0.0,0.0,0.0
62.25,1.9485,4.8995,1.9152,2.301,43,1.9152,0.0,0.0,0.0,0.0,0.0,0.0,0.0,0.0
62.3,1.9485,4.8995,1.9152,2.301,43,1.9152,0.0,0.0,0.0,0.0,0.0,0.0,0.0,0.0
62.35,1.9485,4.8995,1.9152,2.301,43,1.9152,0.0,0.0,0.0,0.0,0.0,0.0,0.0,0.0
62.4,1.9485,4.8995,1.9152,2.301,43,1.9152,0.0,0.0,0.0,0.0,0.0,0.0,0.0,0.0
62.45,1.9485,4.8995,1.9152,2.301,43,1.9152,0.0,0.0,0.0,0.0,0.0,0.0,0.0,0.0
62.5,1.9485,4.8995,1.9152,2.301,43,1.9152,0.0,0.0,0.0,0.0,0.0,0.0,0.0,0.0
62.55,1.9485,4.8995,1.9152,2.301,43,1.9152,0.0,0.0,0.0,0.0,0.0,0.0,0.0,0.0
62.6,1.9485,4.8995,1.9152,2.301,43,1.9152,0.0,0.0,0.0,0.0,0.0,0.0,0.0,0.0
62.65,1.9485,4.8995,1.9152,2.301,43,1.9152,0.0,0.0,0.0,0.0,0.0,0.0,0.0,0.0
62.7,1.9485,4.8995,1.9152,2.301,43,1.9152,0.0,0.0,0.0,0.0,0.0,0.0,0.0,0.0
62.75,1.9485,4.8995,1.9152,2.301,43,1.9152,0.0,0.0,0.0,0.0,0.0,0.0,0.0,0.0
62.8,1.9485,4.8995,1.9152,2.301,43,1.9152,0.0,0.0,0.0,0.0,0.0,0.0,0.0,0.0
62.85,1.9485,4.8995,1.9152,2.301,43,1.9152,0.0,0.0,0.0,0.0,0.0,0.0,0.0,0.0
62.9,1.9485,4.8995,1.9152,2.301,43,1.9152,0.0,0.0,0.0,0.0,0.0,0.0,0.0,0.0
62.95,1.9485,4.8995,1.9152,2.301,43,1.9152,0.0,0.0,0.0,0.0,0.0,0.0,0.0,0.0
63.0,1.9485,4.8995,1.9152,2.301,43,1.9152,0.0,0.0,0.0,0.0,0.0,0.0,0.0,0.0
63.05,1.9485,4.8995,1.9152,2.301,43,1.9152,0.0,0.0,0.0,0.0,0.0,0.0,0.0,0.0
63.1,1.9485,4.8995,1.9152,2.301,43,1.9152,0.0,0.0,0.0,0.0,0.0,0.0,0.0,0.0
63.15,1.9485,4.8995,1.9152,2.301,43,1.9152,0.0,0.0,0.0,0.0,0.0,0.0,0.0,0.0
63.2,1.9485,4.8995,1.9152,2.301,43,1.9152,0.0,0.0,0.0,0.0,0.0,0.0,0.0,0.0
63.25,1.9485,4.8995,1.9152,2.301,43,1.9152,0.0,0.0,0.0,0.0,0.0,0.0,0.0,0.0
63.3,1.9485,4.8995,1.9152,2.301,43,1.9152,0.0,0.0,0.0,0.0,0.0,0.0,0.0,0.0
63.35,1.9485,4.8995,1.9152,2.301,43,1.9152,0.0,0.0,0.0,0.0,0.0,0.0,0.0,0.0
63.4,1.9485,4.8995,1.9152,2.301,43,1.9152,0.0,0.0,0.0,0.0,0.0,0.0,0.0,0.0
63.45,1.9485,4.8995,1.9152,2.301,43,1.9152,0.0,0.0,0.0,0.0,0.0,0.0,0.0,0.0
63.5,1.9485,4.8995,1.9152,2.301,43,1.9152,0.0,0.0,0.0,0.0,0.0,0.0,0.0,0.0
63.55,1.9485,4.8995,1.9152,2.301,43,1.9152,0.0,0.0,0.0,0.0,0.0,0.0,0.0,0.0
63.6,1.9485,4.8995,1.9152,2.301,43,1.9152,0.0,0.0,0.0,0.0,0.0,0.0,0.0,0.0
63.65,1.9485,4.8995,1.9152,2.301,43,1.9152,0.0,0.0,0.0,0.0,0.0,0.0,0.0,0.0
63.7,1.9485,4.8995,1.9152,2.301,43,1.9152,0.0,0.0,0.0,0.0,0.0,0.0,0.0,0.0
63.75,1.9485,4.8995,1.9152,2.301,43,1.9152,0.0,0.0,0.0,0.0,0.0,0.0,0.0,0.0
63.8,1.9485,4.8995,1.9152,2.301,43,1.9152,0.0,0.0,0.0,0.0,0.0,0.0,0.0,0.0
63.85,1.9485,4.8995,1.9152,2.301,43,1.9152,0.0,0.0,0.0,0.0,0.0,0.0,0.0,0.0
63.9,1.9485,4.8995,1.9152,2.301,43,1.9152,0.0,0.0,0.0,0.0,0.0,0.0,0.0,0.0
63.95,1.9485,4.8995,1.9152,2.301,43,1.9152,0.0,0.0,0.0,0.0,0.0,0.0,0.0,0.0
64.0,1.9485,4.8995,1.9152,2.301,43,1.9152,0.0,0.0,0.0,0.0,0.0,0.0,0.0,0.0
64.05,1.9485,4.8995,1.9152,2.301,43,1.9152,0.0,0.0,0.0,0.0,0.0,0.0,0.0,0.0
64.1,1.9485,4.8995,1.9152,2.301,43,1.9152,0.0,0.0,0.0,0.0,0.0,0.0,0.0,0.0
64.151,1.9485,4.8995,1.9152,2.301,43,1.9152,0.0,0.0,0.0,0.0,0.0,0.0,0.0,0.0
64.2,1.9485,4.8995,1.9152,2.301,43,1.9152,0.0,0.0,0.0,0.0,0.0,0.0,0.0,0.0
64.25,1.9485,4.8995,1.9152,2.301,43,1.9152,0.0,0.0,0.0,0.0,0.0,0.0,0.0,0.0
64.3,1.9485,4.8995,1.9152,2.301,43,1.9152,0.0,0.0,0.0,0.0,0.0,0.0,0.0,0.0
64.35,1.9485,4.8995,1.9152,2.301,43,1.9152,0.0,0.0,0.0,0.0,0.0,0.0,0.0,0.0
64.4,1.9485,4.8995,1.9152,2.301,43,1.9152,0.0,0.0,0.0,0.0,0.0,0.0,0.0,0.0
64.45,1.9485,4.8995,1.9152,2.301,43,1.9152,0.0,0.0,0.0,0.0,0.0,0.0,0.0,0.0
64.5,1.9485,4.8995,1.9152,2.301,43,1.9152,0.0,0.0,0.0,0.0,0.0,0.0,0.0,0.0
64.55,1.9485,4.8995,1.9152,2.301,43,1.9152,0.0,0.0,0.0,0.0,0.0,0.0,0.0,0.0
64.6,1.9485,4.8995,1.9152,2.301,43,1.9152,0.0,0.0,0.0,0.0,0.0,0.0,0.0,0.0
64.65,1.9485,4.8995,1.9152,2.301,43,1.9152,0.0,0.0,0.0,0.0,0.0,0.0,0.0,0.0
64.7,1.9485,4.8995,1.9152,2.301,43,1.9152,0.0,0.0,0.0,0.0,0.0,0.0,0.0,0.0
64.75,1.9485,4.8995,1.9152,2.301,43,1.9152,0.0,0.0,0.0,0.0,0.0,0.0,0.0,0.0
64.8,1.9485,4.8995,1.9152,2.301,43,1.9152,0.0,0.0,0.0,0.0,0.0,0.0,0.0,0.0
64.85,1.9485,4.8995,1.9152,2.301,43,1.9152,0.0,0.0,0.0,0.0,0.0,0.0,0.0,0.0
64.9,1.9485,4.8995,1.9152,2.301,43,1.9152,0.0,0.0,0.0,0.0,0.0,0.0,0.0,0.0
64.95,1.9485,4.8995,1.9152,2.301,43,1.9152,0.0,0.0,0.0,0.0,0.0,0.0,0.0,0.0
65.0,1.9485,4.8995,1.9152,2.301,43,1.9152,0.0,0.0,0.0,0.0,0.0,0.0,0.0,0.0
65.05,1.9485,4.8995,1.9152,2.301,43,1.9152,0.0,0.0,0.0,0.0,0.0,0.0,0.0,0.0
65.1,1.9485,4.8995,1.9152,2.301,43,1.9152,0.0,0.0,0.0,0.0,0.0,0.0,0.0,0.0
65.15,1.9485,4.8995,1.9152,2.301,43,1.9152,0.0,0.0,0.0,0.0,0.0,0.0,0.0,0.0
65.2,1.9485,4.8995,1.9152,2.301,43,1.9152,0.0,0.0,0.0,0.0,0.0,0.0,0.0,0.0
65.25,1.9485,4.8995,1.9152,2.301,43,1.9152,0.0,0.0,0.0,0.0,0.0,0.0,0.0,0.0
65.3,1.9485,4.8995,1.9152,2.301,43,1.9152,0.0,0.0,0.0,0.0,0.0,0.0,0.0,0.0
65.35,1.9485,4.8995,1.9152,2.301,43,1.9152,0.0,0.0,0.0,0.0,0.0,0.0,0.0,0.0
65.4,1.9485,4.8995,1.9152,2.301,43,1.9152,0.0,0.0,0.0,0.0,0.0,0.0,0.0,0.0
65.45,1.9485,4.8995,1.9152,2.301,43,1.9152,0.0,0.0,0.0,0.0,0.0,0.0,0.0,0.0
65.5,1.9485,4.8995,1.9152,2.301,43,1.9152,0.0,0.0,0.0,0.0,0.0,0.0,0.0,0.0
65.55,1.9485,4.8995,1.9152,2.301,43,1.9152,0.0,0.0,0.0,0.0,0.0,0.0,0.0,0.0
65.6,1.9485,4.8995,1.9152,2.301,43,1.9152,0.0,0.0,0.0,0.0,0.0,0.0,0.0,0.0
65.65,1.9485,4.8995,1.9152,2.301,43,1.9152,0.0,0.0,0.0,0.0,0.0,0.0,0.0,0.0
65.7,1.9485,4.8995,1.9152,2.301,43,1.9152,0.0,0.0,0.0,0.0,0.0,0.0,0.0,0.0
65.75,1.9485,4.8995,1.9152,2.301,43,1.9152,0.0,0.0,0.0,0.0,0.0,0.0,0.0,0.0
65.8,1.9485,4.8995,1.9152,2.301,43,1.9152,0.0,0.0,0.0,0.0,0.0,0.0,0.0,0.0
65.85,1.9485,4.8995,1.9152,2.301,43,1.9152,0.0,0.0,0.0,0.0,0.0,0.0,0.0,0.0
65.9,1.9485,4.8995,1.9152,2.301,43,1.9152,0.0,0.0,0.0,0.0,0.0,0.0,0.0,0.0
65.95,1.9485,4.8995,1.9152,2.301,43,1.9152,0.0,0.0,0.0,0.0,0.0,0.0,0.0,0.0
66.0,1.9485,4.8995,1.9152,2.301,43,1.9152,0.0,0.0,0.0,0.0,0.0,0.0,0.0,0.0
66.05,1.9485,4.8995,1.9152,2.301,43,1.9152,0.0,0.0,0.0,0.0,0.0,0.0,0.0,0.0
66.1,1.9485,4.8995,1.9152,2.301,43,1.9152,0.0,0.0,0.0,0.0,0.0,0.0,0.0,0.0
66.15,1.9485,4.8995,1.9152,2.301,43,1.9152,0.0,0.0,0.0,0.0,0.0,0.0,0.0,0.0
66.2,1.9485,4.8995,1.9152,2.301,43,1.9152,0.0,0.0,0.0,0.0,0.0,0.0,0.0,0.0
66.25,1.9485,4.8995,1.9152,2.301,43,1.9152,0.0,0.0,0.0,0.0,0.0,0.0,0.0,0.0
66.3,1.9485,4.8995,1.9152,2.301,43,1.9152,0.0,0.0,0.0,0.0,0.0,0.0,0.0,0.0
66.35,1.9485,4.8995,1.9152,2.301,43,1.9152,0.0,0.0,0.0,0.0,0.0,0.0,0.0,0.0
66.4,1.9485,4.8995,1.9152,2.301,43,1.9152,0.0,0.0,0.0,0.0,0.0,0.0,0.0,0.0
66.45,1.9485,4.8995,1.9152,2.301,43,1.9152,0.0,0.0,0.0,0.0,0.0,0.0,0.0,0.0
66.5,1.9485,4.8995,1.9152,2.301,43,1.9152,0.0,0.0,0.0,0.0,0.0,0.0,0.0,0.0
66.55,1.9485,4.8995,1.9152,2.301,43,1.9152,0.0,0.0,0.0,0.0,0.0,0.0,0.0,0.0
66.6,1.9485,4.8995,1.9152,2.301,43,1.9152,0.0,0.0,0.0,0.0,0.0,0.0,0.0,0.0
66.65,1.9485,4.8995,1.9152,2.301,43,1.9152,0.0,0.0,0.0,0.0,0.0,0.0,0.0,0.0
66.7,1.9485,4.8995,1.9152,2.301,43,1.9152,0.0,0.0,0.0,0.0,0.0,0.0,0.0,0.0
66.75,1.9485,4.8995,1.9152,2.301,43,1.9152,0.0,0.0,0.0,0.0,0.0,0.0,0.0,0.0
66.8,1.9485,4.8995,1.9152,2.301,43,1.9152,0.0,0.0,0.0,0.0,0.0,0.0,0.0,0.0
66.85,1.9485,4.8995,1.9152,2.301,43,1.9152,0.0,0.0,0.0,0.0,0.0,0.0,0.0,0.0
66.9,1.9485,4.8995,1.9152,2.301,43,1.9152,0.0,0.0,0.0,0.0,0.0,0.0,0.0,0.0
66.95,1.9485,4.8995,1.9152,2.301,43,1.9152,0.0,0.0,0.0,0.0,0.0,0.0,0.0,0.0
67.0,1.9485,4.8995,1.9152,2.301,43,1.9152,0.0,0.0,0.0,0.0,0.0,0.0,0.0,0.0
67.05,1.9485,4.8995,1.9152,2.301,43,1.9152,0.0,0.0,0.0,0.0,0.0,0.0,0.0,0.0
67.1,1.9485,4.8995,1.9152,2.301,43,1.9152,0.0,0.0,0.0,0.0,0.0,0.0,0.0,0.0
67.15,1.9485,4.8995,1.9152,2.301,43,1.9152,0.0,0.0,0.0,0.0,0.0,0.0,0.0,0.0
67.2,1.9485,4.8995,1.9152,2.301,43,1.9152,0.0,0.0,0.0,0.0,0.0,0.0,0.0,0.0
67.25,1.9485,4.8995,1.9152,2.301,43,1.9152,0.0,0.0,0.0,0.0,0.0,0.0,0.0,0.0
67.3,1.9485,4.8995,1.9152,2.301,43,1.9152,0.0,0.0,0.0,0.0,0.0,0.0,0.0,0.0
67.35,1.9485,4.8995,1.9152,2.301,43,1.9152,0.0,0.0,0.0,0.0,0.0,0.0,0.0,0.0
67.401,1.9485,4.8995,1.9152,2.301,43,1.9152,0.0,0.0,0.0,0.0,0.0,0.0,0.0,0.0
67.45,1.9485,4.8995,1.9152,2.301,43,1.9152,0.0,0.0,0.0,0.0,0.0,0.0,0.0,0.0
67.5,1.9485,4.8995,1.9152,2.301,43,1.9152,0.0,0.0,0.0,0.0,0.0,0.0,0.0,0.0
67.55,1.9485,4.8995,1.9152,2.301,43,1.9152,0.0,0.0,0.0,0.0,0.0,0.0,0.0,0.0
67.6,1.9485,4.8995,1.9152,2.301,43,1.9152,0.0,0.0,0.0,0.0,0.0,0.0,0.0,0.0
67.65,1.9485,4.8995,1.9152,2.301,43,1.9152,0.0,0.0,0.0,0.0,0.0,0.0,0.0,0.0
67.7,1.9485,4.8995,1.9152,2.301,43,1.9152,0.0,0.0,0.0,0.0,0.0,0.0,0.0,0.0
67.75,1.9485,4.8995,1.9152,2.301,43,1.9152,0.0,0.0,0.0,0.0,0.0,0.0,0.0,0.0
67.8,1.9485,4.8995,1.9152,2.301,43,1.9152,0.0,0.0,0.0,0.0,0.0,0.0,0.0,0.0
67.85,1.9485,4.8995,1.9152,2.301,43,1.9152,0.0,0.0,0.0,0.0,0.0,0.0,0.0,0.0
67.9,1.9485,4.8995,1.9152,2.301,43,1.9152,0.0,0.0,0.0,0.0,0.0,0.0,0.0,0.0
67.95,1.9485,4.8995,1.9152,2.301,43,1.9152,0.0,0.0,0.0,0.0,0.0,0.0,0.0,0.0
68.0,1.9485,4.8995,1.9152,2.301,43,1.9152,0.0,0.0,0.0,0.0,0.0,0.0,0.0,0.0
68.05,1.9485,4.8995,1.9152,2.301,43,1.9152,0.0,0.0,0.0,0.0,0.0,0.0,0.0,0.0
68.1,1.9485,4.8995,1.9152,2.301,43,1.9152,0.0,0.0,0.0,0.0,0.0,0.0,0.0,0.0
68.15,1.9485,4.8995,1.9152,2.301,43,1.9152,0.0,0.0,0.0,0.0,0.0,0.0,0.0,0.0
68.2,1.9485,4.8995,1.9152,2.301,43,1.9152,0.0,0.0,0.0,0.0,0.0,0.0,0.0,0.0
68.25,1.9485,4.8995,1.9152,2.301,43,1.9152,0.0,0.0,0.0,0.0,0.0,0.0,0.0,0.0
68.3,1.9485,4.8995,1.9152,2.301,43,1.9152,0.0,0.0,0.0,0.0,0.0,0.0,0.0,0.0
68.35,1.9485,4.8995,1.9152,2.301,43,1.9152,0.0,0.0,0.0,0.0,0.0,0.0,0.0,0.0
68.4,1.9485,4.8995,1.9152,2.301,43,1.9152,0.0,0.0,0.0,0.0,0.0,0.0,0.0,0.0
68.45,1.9485,4.8995,1.9152,2.301,43,1.9152,0.0,0.0,0.0,0.0,0.0,0.0,0.0,0.0
68.5,1.9485,4.8995,1.9152,2.301,43,1.9152,0.0,0.0,0.0,0.0,0.0,0.0,0.0,0.0
68.55,1.9485,4.8995,1.9152,2.301,43,1.9152,0.0,0.0,0.0,0.0,0.0,0.0,0.0,0.0
68.6,1.9485,4.8995,1.9152,2.301,43,1.9152,0.0,0.0,0.0,0.0,0.0,0.0,0.0,0.0
68.65,1.9485,4.8995,1.9152,2.301,43,1.9152,0.0,0.0,0.0,0.0,0.0,0.0,0.0,0.0
68.7,1.9485,4.8995,1.9152,2.301,43,1.9152,0.0,0.0,0.0,0.0,0.0,0.0,0.0,0.0
68.75,1.9485,4.8995,1.9152,2.301,43,1.9152,0.0,0.0,0.0,0.0,0.0,0.0,0.0,0.0
68.801,1.9485,4.8995,1.9152,2.301,43,1.9152,0.0,0.0,0.0,0.0,0.0,0.0,0.0,0.0
68.85,1.9485,4.8995,1.9152,2.301,43,1.9152,0.0,0.0,0.0,0.0,0.0,0.0,0.0,0.0
68.9,1.9485,4.8995,1.9152,2.301,43,1.9152,0.0,0.0,0.0,0.0,0.0,0.0,0.0,0.0
68.95,1.9485,4.8995,1.9152,2.301,43,1.9152,0.0,0.0,0.0,0.0,0.0,0.0,0.0,0.0
69.0,1.9485,4.8995,1.9152,2.301,43,1.9152,0.0,0.0,0.0,0.0,0.0,0.0,0.0,0.0
69.05,1.9485,4.8995,1.9152,2.301,43,1.9152,0.0,0.0,0.0,0.0,0.0,0.0,0.0,0.0
69.1,1.9485,4.8995,1.9152,2.301,43,1.9152,0.0,0.0,0.0,0.0,0.0,0.0,0.0,0.0
69.15,1.9485,4.8995,1.9152,2.301,43,1.9152,0.0,0.0,0.0,0.0,0.0,0.0,0.0,0.0
69.2,1.9485,4.8995,1.9152,2.301,43,1.9152,0.0,0.0,0.0,0.0,0.0,0.0,0.0,0.0
69.25,1.9485,4.8995,1.9152,2.301,43,1.9152,0.0,0.0,0.0,0.0,0.0,0.0,0.0,0.0
69.3,1.9485,4.8995,1.9152,2.301,43,1.9152,0.0,0.0,0.0,0.0,0.0,0.0,0.0,0.0
69.351,1.9485,4.8995,1.9152,2.301,43,1.9152,0.0,0.0,0.0,0.0,0.0,0.0,0.0,0.0
69.4,1.9485,4.8995,1.9152,2.301,43,1.9152,0.0,0.0,0.0,0.0,0.0,0.0,0.0,0.0
69.45,1.9485,4.8995,1.9152,2.301,43,1.9152,0.0,0.0,0.0,0.0,0.0,0.0,0.0,0.0
69.5,1.9485,4.8995,1.9152,2.301,43,1.9152,0.0,0.0,0.0,0.0,0.0,0.0,0.0,0.0
69.55,1.9485,4.8995,1.9152,2.301,43,1.9152,0.0,0.0,0.0,0.0,0.0,0.0,0.0,0.0
69.6,1.9485,4.8995,1.9152,2.301,43,1.9152,0.0,0.0,0.0,0.0,0.0,0.0,0.0,0.0
69.65,1.9485,4.8995,1.9152,2.301,43,1.9152,0.0,0.0,0.0,0.0,0.0,0.0,0.0,0.0
69.7,1.9485,4.8995,1.9152,2.301,43,1.9152,0.0,0.0,0.0,0.0,0.0,0.0,0.0,0.0
69.75,1.9485,4.8995,1.9152,2.301,43,1.9152,0.0,0.0,0.0,0.0,0.0,0.0,0.0,0.0
69.8,1.9485,4.8995,1.9152,2.301,43,1.9152,0.0,0.0,0.0,0.0,0.0,0.0,0.0,0.0
69.85,1.9485,4.8995,1.9152,2.301,43,1.9152,0.0,0.0,0.0,0.0,0.0,0.0,0.0,0.0
69.9,1.9485,4.8995,1.9152,2.301,43,1.9152,0.0,0.0,0.0,0.0,0.0,0.0,0.0,0.0
69.95,1.9485,4.8995,1.9152,2.301,43,1.9152,0.0,0.0,0.0,0.0,0.0,0.0,0.0,0.0
70.0,1.9485,4.8995,1.9152,2.301,43,1.9152,0.0,0.0,0.0,0.0,0.0,0.0,0.0,0.0
70.05,1.9485,4.8995,1.9152,2.301,43,1.9152,0.0,0.0,0.0,0.0,0.0,0.0,0.0,0.0
70.1,1.9485,4.8995,1.9152,2.301,43,1.9152,0.0,0.0,0.0,0.0,0.0,0.0,0.0,0.0
70.15,1.9485,4.8995,1.9152,2.301,43,1.9152,0.0,0.0,0.0,0.0,0.0,0.0,0.0,0.0
70.2,1.9485,4.8995,1.9152,2.301,43,1.9152,0.0,0.0,0.0,0.0,0.0,0.0,0.0,0.0
70.25,1.9485,4.8995,1.9152,2.301,43,1.9152,0.0,0.0,0.0,0.0,0.0,0.0,0.0,0.0
70.3,1.9485,4.8995,1.9152,2.301,43,1.9152,0.0,0.0,0.0,0.0,0.0,0.0,0.0,0.0
70.35,1.9485,4.8995,1.9152,2.301,43,1.9152,0.0,0.0,0.0,0.0,0.0,0.0,0.0,0.0
70.4,1.9485,4.8995,1.9152,2.301,43,1.9152,0.0,0.0,0.0,0.0,0.0,0.0,0.0,0.0
70.45,1.9485,4.8995,1.9152,2.301,43,1.9152,0.0,0.0,0.0,0.0,0.0,0.0,0.0,0.0
70.5,1.9485,4.8995,1.9152,2.301,43,1.9152,0.0,0.0,0.0,0.0,0.0,0.0,0.0,0.0
70.55,1.9485,4.8995,1.9152,2.301,43,1.9152,0.0,0.0,0.0,0.0,0.0,0.0,0.0,0.0
70.6,1.9485,4.8995,1.9152,2.301,43,1.9152,0.0,0.0,0.0,0.0,0.0,0.0,0.0,0.0
70.65,1.9485,4.8995,1.9152,2.301,43,1.9152,0.0,0.0,0.0,0.0,0.0,0.0,0.0,0.0
70.7,1.9485,4.8995,1.9152,2.301,43,1.9152,0.0,0.0,0.0,0.0,0.0,0.0,0.0,0.0
70.75,1.9485,4.8995,1.9152,2.301,43,1.9152,0.0,0.0,0.0,0.0,0.0,0.0,0.0,0.0
70.8,1.9485,4.8995,1.9152,2.301,43,1.9152,0.0,0.0,0.0,0.0,0.0,0.0,0.0,0.0
70.85,1.9485,4.8995,1.9152,2.301,43,1.9152,0.0,0.0,0.0,0.0,0.0,0.0,0.0,0.0
70.9,1.9485,4.8995,1.9152,2.301,43,1.9152,0.0,0.0,0.0,0.0,0.0,0.0,0.0,0.0
70.95,1.9485,4.8995,1.9152,2.301,43,1.9152,0.0,0.0,0.0,0.0,0.0,0.0,0.0,0.0
71.0,1.9485,4.8995,1.9152,2.301,43,1.9152,0.0,0.0,0.0,0.0,0.0,0.0,0.0,0.0
71.05,1.9485,4.8995,1.9152,2.301,43,1.9152,0.0,0.0,0.0,0.0,0.0,0.0,0.0,0.0
71.1,1.9485,4.8995,1.9152,2.301,43,1.9152,0.0,0.0,0.0,0.0,0.0,0.0,0.0,0.0
71.15,1.9485,4.8995,1.9152,2.301,43,1.9152,0.0,0.0,0.0,0.0,0.0,0.0,0.0,0.0
71.2,1.9485,4.8995,1.9152,2.301,43,1.9152,0.0,0.0,0.0,0.0,0.0,0.0,0.0,0.0
71.25,1.9485,4.8995,1.9152,2.301,43,1.9152,0.0,0.0,0.0,0.0,0.0,0.0,0.0,0.0
71.3,1.9485,4.8995,1.9152,2.301,43,1.9152,0.0,0.0,0.0,0.0,0.0,0.0,0.0,0.0
71.35,1.9485,4.8995,1.9152,2.301,43,1.9152,0.0,0.0,0.0,0.0,0.0,0.0,0.0,0.0
71.4,1.9485,4.8995,1.9152,2.301,43,1.9152,0.0,0.0,0.0,0.0,0.0,0.0,0.0,0.0
71.45,1.9485,4.8995,1.9152,2.301,43,1.9152,0.0,0.0,0.0,0.0,0.0,0.0,0.0,0.0
71.5,1.9485,4.8995,1.9152,2.301,43,1.9152,0.0,0.0,0.0,0.0,0.0,0.0,0.0,0.0
71.55,1.9485,4.8995,1.9152,2.301,43,1.9152,0.0,0.0,0.0,0.0,0.0,0.0,0.0,0.0
71.6,1.9485,4.8995,1.9152,2.301,43,1.9152,0.0,0.0,0.0,0.0,0.0,0.0,0.0,0.0
71.65,1.9485,4.8995,1.9152,2.301,43,1.9152,0.0,0.0,0.0,0.0,0.0,0.0,0.0,0.0
71.7,1.9485,4.8995,1.9152,2.301,43,1.9152,0.0,0.0,0.0,0.0,0.0,0.0,0.0,0.0
71.75,1.9485,4.8995,1.9152,2.301,43,1.9152,0.0,0.0,0.0,0.0,0.0,0.0,0.0,0.0
71.8,1.9485,4.8995,1.9152,2.301,43,1.9152,0.0,0.0,0.0,0.0,0.0,0.0,0.0,0.0
71.85,1.9485,4.8995,1.9152,2.301,43,1.9152,0.0,0.0,0.0,0.0,0.0,0.0,0.0,0.0
71.9,1.9485,4.8995,1.9152,2.301,43,1.9152,0.0,0.0,0.0,0.0,0.0,0.0,0.0,0.0
71.95,1.9485,4.8995,1.9152,2.301,43,1.9152,0.0,0.0,0.0,0.0,0.0,0.0,0.0,0.0
72.0,1.9485,4.8995,1.9152,2.301,43,1.9152,0.0,0.0,0.0,0.0,0.0,0.0,0.0,0.0
72.05,1.9485,4.8995,1.9152,2.301,43,1.9152,0.0,0.0,0.0,0.0,0.0,0.0,0.0,0.0
72.1,1.9485,4.8995,1.9152,2.301,43,1.9152,0.0,0.0,0.0,0.0,0.0,0.0,0.0,0.0
72.15,1.9485,4.8995,1.9152,2.301,43,1.9152,0.0,0.0,0.0,0.0,0.0,0.0,0.0,0.0
72.2,1.9485,4.8995,1.9152,2.301,43,1.9152,0.0,0.0,0.0,0.0,0.0,0.0,0.0,0.0
72.25,1.9485,4.8995,1.9152,2.301,43,1.9152,0.0,0.0,0.0,0.0,0.0,0.0,0.0,0.0
72.3,1.9485,4.8995,1.9152,2.301,43,1.9152,0.0,0.0,0.0,0.0,0.0,0.0,0.0,0.0
72.35,1.9485,4.8995,1.9152,2.301,43,1.9152,0.0,0.0,0.0,0.0,0.0,0.0,0.0,0.0
72.4,1.9485,4.8995,1.9152,2.301,43,1.9152,0.0,0.0,0.0,0.0,0.0,0.0,0.0,0.0
72.45,1.9485,4.8995,1.9152,2.301,43,1.9152,0.0,0.0,0.0,0.0,0.0,0.0,0.0,0.0
72.5,1.9485,4.8995,1.9152,2.301,43,1.9152,0.0,0.0,0.0,0.0,0.0,0.0,0.0,0.0
72.55,1.9485,4.8995,1.9152,2.301,43,1.9152,0.0,0.0,0.0,0.0,0.0,0.0,0.0,0.0
72.6,1.9485,4.8995,1.9152,2.301,43,1.9152,0.0,0.0,0.0,0.0,0.0,0.0,0.0,0.0
72.65,1.9485,4.8995,1.9152,2.301,43,1.9152,0.0,0.0,0.0,0.0,0.0,0.0,0.0,0.0
72.7,1.9485,4.8995,1.9152,2.301,43,1.9152,0.0,0.0,0.0,0.0,0.0,0.0,0.0,0.0
72.75,1.9485,4.8995,1.9152,2.301,43,1.9152,0.0,0.0,0.0,0.0,0.0,0.0,0.0,0.0
72.8,1.9485,4.8995,1.9152,2.301,43,1.9152,0.0,0.0,0.0,0.0,0.0,0.0,0.0,0.0
72.85,1.9485,4.8995,1.9152,2.301,43,1.9152,0.0,0.0,0.0,0.0,0.0,0.0,0.0,0.0
72.9,1.9485,4.8995,1.9152,2.301,43,1.9152,0.0,0.0,0.0,0.0,0.0,0.0,0.0,0.0
72.95,1.9485,4.8995,1.9152,2.301,43,1.9152,0.0,0.0,0.0,0.0,0.0,0.0,0.0,0.0
73.0,1.9485,4.8995,1.9152,2.301,43,1.9152,0.0,0.0,0.0,0.0,0.0,0.0,0.0,0.0
73.05,1.9485,4.8995,1.9152,2.301,43,1.9152,0.0,0.0,0.0,0.0,0.0,0.0,0.0,0.0
73.1,1.9485,4.8995,1.9152,2.301,43,1.9152,0.0,0.0,0.0,0.0,0.0,0.0,0.0,0.0
73.15,1.9485,4.8995,1.9152,2.301,43,1.9152,0.0,0.0,0.0,0.0,0.0,0.0,0.0,0.0
73.2,1.9485,4.8995,1.9152,2.301,43,1.9152,0.0,0.0,0.0,0.0,0.0,0.0,0.0,0.0
73.25,1.9485,4.8995,1.9152,2.301,43,1.9152,0.0,0.0,0.0,0.0,0.0,0.0,0.0,0.0
73.3,1.9485,4.8995,1.9152,2.301,43,1.9152,0.0,0.0,0.0,0.0,0.0,0.0,0.0,0.0
73.35,1.9485,4.8995,1.9152,2.301,43,1.9152,0.0,0.0,0.0,0.0,0.0,0.0,0.0,0.0
73.4,1.9485,4.8995,1.9152,2.301,43,1.9152,0.0,0.0,0.0,0.0,0.0,0.0,0.0,0.0
73.45,1.9485,4.8995,1.9152,2.301,43,1.9152,0.0,0.0,0.0,0.0,0.0,0.0,0.0,0.0
73.5,1.9485,4.8995,1.9152,2.301,43,1.9152,0.0,0.0,0.0,0.0,0.0,0.0,0.0,0.0
73.55,1.9485,4.8995,1.9152,2.301,43,1.9152,0.0,0.0,0.0,0.0,0.0,0.0,0.0,0.0
73.6,1.9485,4.8995,1.9152,2.301,43,1.9152,0.0,0.0,0.0,0.0,0.0,0.0,0.0,0.0
73.65,1.9485,4.8995,1.9152,2.301,43,1.9152,0.0,0.0,0.0,0.0,0.0,0.0,0.0,0.0
73.7,1.9485,4.8995,1.9152,2.301,43,1.9152,0.0,0.0,0.0,0.0,0.0,0.0,0.0,0.0
73.75,1.9485,4.8995,1.9152,2.301,43,1.9152,0.0,0.0,0.0,0.0,0.0,0.0,0.0,0.0
73.8,1.9485,4.8995,1.9152,2.301,43,1.9152,0.0,0.0,0.0,0.0,0.0,0.0,0.0,0.0
73.85,1.9485,4.8995,1.9152,2.301,43,1.9152,0.0,0.0,0.0,0.0,0.0,0.0,0.0,0.0
73.9,1.9485,4.8995,1.9152,2.301,43,1.9152,0.0,0.0,0.0,0.0,0.0,0.0,0.0,0.0
73.95,1.9485,4.8995,1.9152,2.301,43,1.9152,0.0,0.0,0.0,0.0,0.0,0.0,0.0,0.0
74.0,1.9485,4.8995,1.9152,2.301,43,1.9152,0.0,0.0,0.0,0.0,0.0,0.0,0.0,0.0
74.05,1.9485,4.8995,1.9152,2.301,43,1.9152,0.0,0.0,0.0,0.0,0.0,0.0,0.0,0.0
74.101,1.9485,4.8995,1.9152,2.301,43,1.9152,0.0,0.0,0.0,0.0,0.0,0.0,0.0,0.0
74.15,1.9485,4.8995,1.9152,2.301,43,1.9152,0.0,0.0,0.0,0.0,0.0,0.0,0.0,0.0
74.2,1.9485,4.8995,1.9152,2.301,43,1.9152,0.0,0.0,0.0,0.0,0.0,0.0,0.0,0.0
74.25,1.9485,4.8995,1.9152,2.301,43,1.9152,0.0,0.0,0.0,0.0,0.0,0.0,0.0,0.0
74.3,1.9485,4.8995,1.9152,2.301,43,1.9152,0.0,0.0,0.0,0.0,0.0,0.0,0.0,0.0
74.35,1.9485,4.8995,1.9152,2.301,43,1.9152,0.0,0.0,0.0,0.0,0.0,0.0,0.0,0.0
74.4,1.9485,4.8995,1.9152,2.301,43,1.9152,0.0,0.0,0.0,0.0,0.0,0.0,0.0,0.0
74.45,1.9485,4.8995,1.9152,2.301,43,1.9152,0.0,0.0,0.0,0.0,0.0,0.0,0.0,0.0
74.5,1.9485,4.8995,1.9152,2.301,43,1.9152,0.0,0.0,0.0,0.0,0.0,0.0,0.0,0.0
74.55,1.9485,4.8995,1.9152,2.301,43,1.9152,0.0,0.0,0.0,0.0,0.0,0.0,0.0,0.0
74.6,1.9485,4.8995,1.9152,2.301,43,1.9152,0.0,0.0,0.0,0.0,0.0,0.0,0.0,0.0
74.65,1.9485,4.8995,1.9152,2.301,43,1.9152,0.0,0.0,0.0,0.0,0.0,0.0,0.0,0.0
74.7,1.9485,4.8995,1.9152,2.301,43,1.9152,0.0,0.0,0.0,0.0,0.0,0.0,0.0,0.0
74.75,1.9485,4.8995,1.9152,2.301,43,1.9152,0.0,0.0,0.0,0.0,0.0,0.0,0.0,0.0
74.8,1.9485,4.8995,1.9152,2.301,43,1.9152,0.0,0.0,0.0,0.0,0.0,0.0,0.0,0.0
74.85,1.9485,4.8995,1.9152,2.301,43,1.9152,0.0,0.0,0.0,0.0,0.0,0.0,0.0,0.0
74.9,1.9485,4.8995,1.9152,2.301,43,1.9152,0.0,0.0,0.0,0.0,0.0,0.0,0.0,0.0
74.95,1.9485,4.8995,1.9152,2.301,43,1.9152,0.0,0.0,0.0,0.0,0.0,0.0,0.0,0.0
