t,x,y,yaw,dist,plano_n,rumo_alvo,erro_rumo,raw_v,raw_wz,saida_v,saida_wz,mux_v,mux_wz,key_v
0.0,-0.0,-0.0,-0.0,7.2103,0,,,0.0,0.0,0.0,0.0,0.0,0.0,0.0
0.05,-0.0,-0.0,-0.0,7.2103,99,-0.0467,-0.0467,0.0,0.0,0.0,0.0,0.0,0.0,0.0
0.1,-0.0,-0.0,-0.0,7.2103,99,-0.0467,-0.0467,0.5,0.0,0.5,0.0,0.5,0.0,0.0
0.15,-0.0,-0.0,-0.0,7.2103,99,-0.0467,-0.0467,0.5,0.0,0.5,0.0,0.5,0.0,0.0
0.2,-0.0,-0.0,-0.0,7.2103,99,-0.0467,-0.0467,0.5,0.0,0.5,0.0,0.5,0.0,0.0
0.256,-0.0,-0.0,-0.0,7.2103,99,-0.0467,-0.0467,0.5,0.0,0.5,0.0,0.5,0.0,0.0
0.301,-0.0,-0.0,-0.0,7.2103,99,-0.0467,-0.0467,0.5,0.0,0.5,0.0,0.5,0.0,0.0
0.352,-0.0,-0.0,-0.0,7.2103,99,-0.0467,-0.0467,0.5,0.0,0.5,0.0,0.5,0.0,0.0
0.4,-0.0,-0.0,-0.0,7.2103,99,-0.0467,-0.0467,0.5,0.0,0.5,0.0,0.5,0.0,0.0
0.45,-0.0,-0.0,-0.0,7.2103,99,-0.0467,-0.0467,0.5,0.0,0.5,0.0,0.5,0.0,0.0
0.5,-0.0,-0.0,-0.0,7.2103,99,-0.0467,-0.0467,0.5,0.0,0.5,0.0,0.5,0.0,0.0
0.55,-0.0,-0.0,-0.0,7.2103,99,-0.0467,-0.0467,0.5,0.0,0.5,0.0,0.5,0.0,0.0
0.6,-0.0,-0.0,-0.0,7.2103,99,-0.0467,-0.0467,0.5,0.0,0.5,0.0,0.5,0.0,0.0
0.65,0.0011,0.0001,-0.0011,7.2092,99,-0.0467,-0.0456,0.5,0.0,0.5,0.0,0.5,0.0,0.0
0.7,0.0044,0.0005,-0.0063,7.2063,99,-0.0471,-0.0408,0.5,0.0,0.5,0.0,0.5,0.0,0.0
0.751,0.0104,0.0012,-0.0152,7.2008,99,-0.0476,-0.0324,0.5,0.0,0.5,0.0,0.5,0.0,0.0
0.8,0.0168,0.0019,-0.0254,7.195,99,-0.0487,-0.0233,0.5,0.0,0.5,0.0,0.5,0.0,0.0
0.85,0.0232,0.0025,-0.0356,7.1892,99,-0.0497,-0.0141,0.5,0.0,0.5,0.0,0.5,0.0,0.0
0.9,0.0323,0.003,-0.0463,7.1812,99,-0.051,-0.0048,0.5,0.0,0.5,0.0,0.5,0.0,0.0
0.95,0.042,0.0033,-0.0564,7.1728,99,-0.051,0.0054,0.5,0.0,0.5,0.0,0.5,0.0,0.0
1.0,0.0592,0.0035,-0.0724,7.1581,99,-0.0519,0.0205,0.5,0.0,0.5,0.0,0.5,0.0,0.0
1.05,0.0721,0.0033,-0.0826,7.1473,99,-0.0487,0.0339,0.5,0.0,0.5,0.0,0.5,0.0,0.0
1.1,0.0851,0.003,-0.0928,7.1364,101,-0.0493,0.0435,0.5,0.0,0.5,0.0,0.5,0.0,0.0
1.15,0.0984,0.0024,-0.102,7.1254,101,-0.1357,-0.0337,0.5,0.0,0.5,0.0,0.5,0.0,0.0
1.2,0.1182,0.0013,-0.1146,7.1092,101,-0.1368,-0.0223,0.5,0.0,0.5,0.0,0.5,0.0,0.0
1.25,0.1311,0.0003,-0.1209,7.0988,101,-0.1341,-0.0132,0.5,0.0,0.5,0.0,0.5,0.0,0.0
1.3,0.144,-0.0008,-0.1273,7.0885,101,-0.1347,-0.0074,0.5,0.0,0.5,0.0,0.5,0.0,0.0
1.35,0.1562,-0.0021,-0.1308,7.0788,101,-0.1354,-0.0046,0.5,0.0,0.5,0.0,0.5,0.0,0.0
1.4,0.1685,-0.0035,-0.1338,7.0692,101,-0.1356,-0.0019,0.5,0.0,0.5,0.0,0.5,0.0,0.0
1.45,0.1839,-0.0054,-0.1355,7.0572,101,-0.1356,-0.0001,0.5,0.0,0.5,0.0,0.5,0.0,0.0
1.5,0.1929,-0.0066,-0.1356,7.0503,101,-0.1358,-0.0002,0.5,0.0,0.5,0.0,0.5,0.0,0.0
1.55,0.2029,-0.0081,-0.1347,7.0426,101,-0.1358,-0.0011,0.5,0.0,0.5,0.0,0.5,0.0,0.0
1.6,0.2142,-0.0099,-0.1312,7.034,101,-0.1356,-0.0043,0.5,0.0,0.5,0.0,0.5,0.0,0.0
1.65,0.2256,-0.0116,-0.1276,7.0254,101,-0.1313,-0.0037,0.5,0.0,0.5,0.0,0.5,0.0,0.0
1.7,0.2369,-0.0134,-0.1233,7.0169,101,-0.1309,-0.0076,0.5,0.0,0.5,0.0,0.5,0.0,0.0
1.75,0.2538,-0.016,-0.1169,7.0041,101,-0.1306,-0.0137,0.5,0.0,0.5,0.0,0.5,0.0,0.0
1.8,0.2652,-0.0176,-0.1131,6.9954,101,-0.1306,-0.0175,0.5,0.0,0.5,0.0,0.5,0.0,0.0
1.85,0.2765,-0.0192,-0.1093,6.9867,101,-0.1414,-0.0321,0.5,0.0,0.5,0.0,0.5,0.0,0.0
1.9,0.2938,-0.0214,-0.1051,6.9734,101,-0.1414,-0.0364,0.5,0.0,0.5,0.0,0.5,0.0,0.0
1.95,0.3054,-0.0228,-0.1028,6.9645,101,-0.1417,-0.0388,0.5,0.0,0.5,0.0,0.5,0.0,0.0
2.0,0.317,-0.0241,-0.1013,6.9555,101,-0.1419,-0.0406,0.5,0.0,0.5,0.0,0.5,0.0,0.0
2.05,0.3287,-0.0254,-0.1004,6.9464,101,-0.1385,-0.0381,0.5,0.0,0.5,0.0,0.5,0.0,0.0
2.1,0.3404,-0.0266,-0.0996,6.9373,101,-0.1389,-0.0393,0.5,0.0,0.5,0.0,0.5,0.0,0.0
2.15,0.3578,-0.0285,-0.0976,6.9237,98,-0.1446,-0.047,0.5,0.0,0.5,0.0,0.5,0.0,0.0
2.2,0.3695,-0.0297,-0.0963,6.9147,98,-0.145,-0.0488,0.5,0.0,0.5,0.0,0.5,0.0,0.0
2.25,0.3868,-0.0316,-0.0939,6.9012,98,-0.1457,-0.0518,0.5,0.0,0.5,0.0,0.5,0.0,0.0
2.3,0.3984,-0.0328,-0.0923,6.8922,98,-0.1417,-0.0494,0.5,0.0,0.5,0.0,0.5,0.0,0.0
2.35,0.41,-0.034,-0.0906,6.8833,98,-0.1417,-0.0511,0.5,0.0,0.5,0.0,0.5,0.0,0.0
2.4,0.4216,-0.0352,-0.0888,6.8743,98,-0.1421,-0.0533,0.5,0.0,0.5,0.0,0.5,0.0,0.0
2.45,0.4331,-0.0363,-0.087,6.8653,98,-0.1426,-0.0555,0.5,0.0,0.5,0.0,0.5,0.0,0.0
2.5,0.4505,-0.0381,-0.0842,6.8519,98,-0.1433,-0.059,0.5,0.0,0.5,0.0,0.5,0.0,0.0
2.55,0.462,-0.0392,-0.0824,6.8429,98,-0.144,-0.0616,0.5,0.0,0.5,0.0,0.5,0.0,0.0
2.6,0.4736,-0.0403,-0.0806,6.8339,98,-0.1446,-0.064,0.5,0.0,0.5,0.0,0.5,0.0,0.0
2.65,0.4909,-0.0419,-0.0778,6.8205,98,-0.1452,-0.0674,0.5,0.0,0.5,0.0,0.5,0.0,0.0
2.7,0.5025,-0.0429,-0.0759,6.8115,98,-0.1409,-0.065,0.5,0.0,0.5,0.0,0.5,0.0,0.0
2.75,0.5141,-0.044,-0.074,6.8025,98,-0.1415,-0.0675,0.5,0.0,0.5,0.0,0.5,0.0,0.0
2.8,0.5256,-0.0449,-0.0721,6.7935,98,-0.1556,-0.0835,0.5,0.0,0.5,0.0,0.5,0.0,0.0
2.849,0.543,-0.0464,-0.0694,6.78,98,-0.1564,-0.087,0.5,0.0,0.5,0.0,0.5,0.0,0.0
2.9,0.5546,-0.0473,-0.0676,6.7709,98,-0.1564,-0.0888,0.5,0.0,0.5,0.0,0.5,0.0,0.0
2.95,0.5662,-0.0483,-0.0658,6.7619,98,-0.1577,-0.0918,0.5,0.0,0.5,0.0,0.5,0.0,0.0
3.0,0.5778,-0.0492,-0.0641,6.7528,98,-0.1586,-0.0945,0.5,0.0,0.5,0.0,0.5,0.0,0.0
3.05,0.5894,-0.05,-0.0623,6.7438,98,-0.1539,-0.0916,0.5,0.0,0.5,0.0,0.5,0.0,0.0
3.1,0.601,-0.0509,-0.0606,6.7347,98,-0.1548,-0.0942,0.5,0.0,0.5,0.0,0.5,0.0,0.0
3.154,0.6126,-0.0517,-0.0588,6.7257,93,-0.1548,-0.096,0.5,0.0,0.5,0.0,0.5,0.0,0.0
3.2,0.6242,-0.0526,-0.0571,6.7166,93,-0.1561,-0.0991,0.5,0.0,0.5,0.0,0.5,0.0,0.0
3.25,0.6415,-0.0537,-0.0543,6.703,93,-0.1105,-0.0562,0.5,0.0,0.5,0.0,0.5,0.0,0.0
3.3,0.6531,-0.0545,-0.0525,6.694,93,-0.1112,-0.0587,0.5,0.0,0.5,0.0,0.5,0.0,0.0
3.35,0.6675,-0.0553,-0.0514,6.6827,93,-0.1107,-0.0594,0.5,0.0,0.5,0.0,0.5,0.0,0.0
3.4,0.6716,-0.0556,-0.0514,6.6794,93,-0.1114,-0.06,0.5,0.0,0.5,0.0,0.5,0.0,0.0
3.45,0.6801,-0.056,-0.0514,6.6727,93,-0.1119,-0.0605,0.5,0.0,0.5,0.0,0.5,0.0,0.0
3.5,0.6971,-0.057,-0.0492,6.6595,93,-0.1127,-0.0635,0.5,0.0,0.5,0.0,0.5,0.0,0.0
3.55,0.7087,-0.0578,-0.0474,6.6504,93,-0.1132,-0.0658,0.5,0.0,0.5,0.0,0.5,0.0,0.0
3.601,0.7203,-0.0584,-0.0456,6.6413,93,-0.1132,-0.0676,0.5,0.0,0.5,0.0,0.5,0.0,0.0
3.65,0.7261,-0.0588,-0.0447,6.6368,93,-0.1141,-0.0694,0.5,0.0,0.5,0.0,0.5,0.0,0.0
3.7,0.7377,-0.0594,-0.0429,6.6277,93,-0.1148,-0.0718,0.5,0.0,0.5,0.0,0.5,0.0,0.0
3.75,0.7493,-0.0601,-0.0411,6.6186,93,-0.1148,-0.0737,0.5,0.0,0.5,0.0,0.5,0.0,0.0
3.8,0.7551,-0.0604,-0.0401,6.6141,93,-0.114,-0.0739,0.5,0.0,0.5,0.0,0.5,0.0,0.0
3.85,0.7667,-0.061,-0.0383,6.605,93,-0.1146,-0.0763,0.5,0.0,0.5,0.0,0.5,0.0,0.0
3.9,0.7726,-0.0612,-0.0379,6.6003,93,-0.1146,-0.0768,0.5,0.0,0.5,0.0,0.5,0.0,0.0
3.952,0.7843,-0.0618,-0.037,6.5911,93,-0.1265,-0.0895,0.5,0.0,0.5,0.0,0.5,0.0,0.0
4.0,0.7902,-0.062,-0.0366,6.5865,93,-0.1265,-0.0899,0.5,0.0,0.5,0.0,0.5,0.0,0.0
4.051,0.8079,-0.0627,-0.0359,6.5725,93,-0.1274,-0.0915,0.5,0.0,0.5,0.0,0.5,0.0,0.0
4.1,0.8198,-0.0631,-0.0357,6.5631,93,-0.1289,-0.0933,0.5,0.0,0.5,0.0,0.5,0.0,0.0
4.15,0.8316,-0.0636,-0.035,6.5538,93,-0.13,-0.095,0.5,0.0,0.5,0.0,0.5,0.0,0.0
4.2,0.8491,-0.0644,-0.0332,6.5401,93,-0.1284,-0.0952,0.5,0.0,0.5,0.0,0.5,0.0,0.0
4.25,0.8608,-0.0649,-0.0318,6.5309,93,-0.1294,-0.0976,0.5,0.0,0.5,0.0,0.5,0.0,0.0
4.3,0.8724,-0.0654,-0.03,6.5218,93,-0.0703,-0.0403,0.5,0.0,0.5,0.0,0.5,0.0,0.0
4.35,0.8898,-0.0661,-0.0273,6.5082,93,-0.0706,-0.0433,0.5,0.0,0.5,0.0,0.5,0.0,0.0
4.4,0.9014,-0.0665,-0.0255,6.4991,93,-0.0769,-0.0515,0.5,0.0,0.5,0.0,0.5,0.0,0.0
4.45,0.9072,-0.0668,-0.0245,6.4946,93,-0.0769,-0.0524,0.5,0.0,0.5,0.0,0.5,0.0,0.0
4.501,0.9189,-0.0672,-0.0227,6.4855,93,-0.0773,-0.0546,0.5,0.0,0.5,0.0,0.5,0.0,0.0
4.55,0.9247,-0.0674,-0.0218,6.4809,93,-0.078,-0.0563,0.5,0.0,0.5,0.0,0.5,0.0,0.0
4.6,0.9363,-0.0678,-0.0199,6.4718,93,-0.078,-0.0581,0.5,0.0,0.5,0.0,0.5,0.0,0.0
4.65,0.9537,-0.0683,-0.017,6.4582,93,-0.0785,-0.0615,0.5,0.0,0.5,0.0,0.5,0.0,0.0
4.7,0.9652,-0.0687,-0.015,6.4491,93,-0.0793,-0.0642,0.5,0.0,0.5,0.0,0.5,0.0,0.0
4.75,0.9768,-0.069,-0.0131,6.44,93,-0.0798,-0.0667,0.5,0.0,0.5,0.0,0.5,0.0,0.0
4.8,0.9826,-0.0692,-0.0121,6.4354,93,-0.0807,-0.0686,0.5,0.0,0.5,0.0,0.5,0.0,0.0
4.85,0.9942,-0.0695,-0.0102,6.4263,93,-0.0807,-0.0705,0.5,0.0,0.5,0.0,0.5,0.0,0.0
4.9,1.0058,-0.0697,-0.0083,6.4172,93,-0.087,-0.0786,0.5,0.0,0.5,0.0,0.5,0.0,0.0
4.95,1.0233,-0.0701,-0.0056,6.4034,93,-0.0877,-0.0821,0.5,0.0,0.5,0.0,0.5,0.0,0.0
5.0,1.0349,-0.0703,-0.0038,6.3943,93,-0.0884,-0.0846,0.5,0.0,0.5,0.0,0.5,0.0,0.0
5.05,1.0465,-0.0704,-0.002,6.3851,93,-0.1087,-0.1067,0.5,0.0,0.5,0.0,0.5,0.0,0.0
5.101,1.0639,-0.0707,0.0006,6.3713,93,-0.1098,-0.1104,0.5,0.0,0.5,0.0,0.5,0.0,0.0
5.15,1.0756,-0.0708,0.0024,6.3622,93,-0.1114,-0.1138,0.5,0.0,0.5,0.0,0.5,0.0,0.0
5.2,1.0872,-0.0709,0.0042,6.353,93,-0.1126,-0.1168,0.5,0.0,0.5,0.0,0.5,0.0,0.0
5.25,1.0988,-0.071,0.006,6.3438,93,-0.1126,-0.1185,0.5,0.0,0.5,0.0,0.5,0.0,0.0
5.3,1.1104,-0.071,0.0077,6.3346,91,-0.1174,-0.1251,0.5,0.0,0.5,0.0,0.5,0.0,0.0
5.35,1.1221,-0.0711,0.0095,6.3254,91,-0.1176,-0.1271,0.5,0.0,0.5,0.0,0.5,0.0,0.0
5.4,1.1279,-0.0711,0.0104,6.3208,91,-0.1195,-0.1299,0.5,0.0,0.5,0.0,0.5,0.0,0.0
5.451,1.1395,-0.0711,0.0122,6.3116,91,-0.1195,-0.1317,0.5,0.0,0.5,0.0,0.5,0.0,0.0
5.5,1.1511,-0.0711,0.0139,6.3024,91,-0.1209,-0.1348,0.5,0.0,0.5,0.0,0.5,0.0,0.0
5.55,1.1628,-0.0711,0.0157,6.2932,91,-0.1147,-0.1305,0.5,0.0,0.5,0.0,0.5,0.0,0.0
5.6,1.1744,-0.071,0.0175,6.2839,91,-0.116,-0.1335,0.5,0.0,0.5,0.0,0.5,0.0,0.0
5.65,1.1918,-0.0709,0.0201,6.2701,91,-0.118,-0.1381,0.5,0.0,0.5,0.0,0.5,0.0,0.0
5.7,1.2035,-0.0708,0.0218,6.2608,91,-0.1194,-0.1412,0.5,0.0,0.5,0.0,0.5,0.0,0.0
5.75,1.2209,-0.0706,0.0244,6.247,91,-0.1215,-0.146,0.5,0.0,0.5,0.0,0.5,0.0,0.0
5.8,1.2325,-0.0705,0.0262,6.2377,91,-0.123,-0.1492,0.5,0.0,0.5,0.0,0.5,0.0,0.0
5.851,1.2383,-0.0704,0.0271,6.2331,91,-0.123,-0.1501,0.5,0.0,0.5,0.0,0.5,0.0,0.0
5.9,1.25,-0.0702,0.0289,6.2239,91,-0.1254,-0.1543,0.5,0.0,0.5,0.0,0.5,0.0,0.0
5.95,1.2616,-0.07,0.0308,6.2146,91,-0.1172,-0.148,0.5,0.0,0.5,0.0,0.5,0.0,0.0
6.0,1.2732,-0.0698,0.0326,6.2054,91,-0.1172,-0.1498,0.5,0.0,0.5,0.0,0.5,0.0,0.0
6.05,1.279,-0.0697,0.0336,6.2008,91,-0.1193,-0.1529,0.5,0.0,0.5,0.0,0.5,0.0,0.0
6.1,1.2906,-0.0694,0.0354,6.1915,91,-0.1209,-0.1563,0.5,0.0,0.5,0.0,0.5,0.0,0.0
6.15,1.3022,-0.0692,0.0372,6.1822,91,-0.1209,-0.1581,0.5,0.0,0.5,0.0,0.5,0.0,0.0
6.201,1.3138,-0.0689,0.039,6.173,91,-0.1232,-0.1622,0.5,0.0,0.5,0.0,0.5,0.0,0.0
6.25,1.3197,-0.0687,0.0399,6.1683,91,-0.1232,-0.1631,0.5,0.0,0.5,0.0,0.5,0.0,0.0
6.3,1.3313,-0.0684,0.0417,6.1591,91,-0.1258,-0.1674,0.5,0.0,0.5,0.0,0.5,0.0,0.0
6.351,1.3371,-0.0682,0.0426,6.1544,91,-0.0989,-0.1415,0.5,0.0,0.5,0.0,0.5,0.0,0.0
6.4,1.3487,-0.0679,0.0444,6.1451,91,-0.1221,-0.1665,0.5,0.0,0.5,0.0,0.5,0.0,0.0
6.45,1.3545,-0.0677,0.0453,6.1405,91,-0.1221,-0.1674,0.5,0.0,0.5,0.0,0.5,0.0,0.0
6.503,1.3661,-0.0673,0.0471,6.1312,91,-0.1248,-0.1718,0.5,0.0,0.5,0.0,0.5,0.0,0.0
6.55,1.3719,-0.0671,0.048,6.1265,91,-0.1248,-0.1727,0.5,0.0,0.5,0.0,0.5,0.0,0.0
6.6,1.3777,-0.0669,0.0489,6.1219,91,-0.1266,-0.1754,0.5,0.0,0.5,0.0,0.5,0.0,0.0
6.65,1.3893,-0.0664,0.0506,6.1126,91,-0.1266,-0.1772,0.5,0.0,0.5,0.0,0.5,0.0,0.0
6.7,1.401,-0.066,0.0524,6.1033,91,-0.1165,-0.1689,0.5,0.0,0.5,0.0,0.5,0.0,0.0
6.75,1.4068,-0.0658,0.0533,6.0986,91,-0.1181,-0.1714,0.5,0.0,0.5,0.0,0.5,0.0,0.0
6.8,1.4184,-0.0653,0.0551,6.0893,91,-0.1181,-0.1732,0.5,0.0,0.5,0.0,0.5,0.0,0.0
6.85,1.43,-0.0648,0.0569,6.08,91,-0.1207,-0.1776,0.5,0.0,0.5,0.0,0.5,0.0,0.0
6.903,1.4416,-0.0642,0.0587,6.0707,91,-0.1235,-0.1821,0.5,0.0,0.5,0.0,0.5,0.0,0.0
6.95,1.4532,-0.0637,0.0605,6.0613,91,-0.1254,-0.1858,0.5,0.0,0.5,0.0,0.5,0.0,0.0
7.002,1.459,-0.0634,0.0614,6.0567,91,-0.1254,-0.1867,0.5,0.0,0.5,0.0,0.5,0.0,0.0
7.05,1.4706,-0.0628,0.0631,6.0473,91,-0.1273,-0.1905,0.5,0.0,0.5,0.0,0.5,0.0,0.0
7.1,1.4764,-0.0625,0.064,6.0427,91,-0.1304,-0.1944,0.5,0.0,0.5,0.0,0.5,0.0,0.0
7.15,1.4938,-0.0616,0.0667,6.0287,91,-0.115,-0.1818,0.5,0.0,0.5,0.0,0.5,0.0,0.0
7.2,1.5055,-0.061,0.0685,6.0193,91,-0.1178,-0.1863,0.5,0.0,0.5,0.0,0.5,0.0,0.0
7.25,1.5229,-0.06,0.0712,6.0053,91,-0.1197,-0.1909,0.5,0.0,0.5,0.0,0.5,0.0,0.0
7.3,1.5345,-0.0593,0.073,5.9959,91,-0.1197,-0.1927,0.5,0.0,0.5,0.0,0.5,0.0,0.0
7.35,1.5461,-0.0586,0.0748,5.9866,91,-0.1227,-0.1975,0.5,0.0,0.5,0.0,0.5,0.0,0.0
7.4,1.5519,-0.0582,0.0757,5.9819,84,-0.1248,-0.2004,0.5,0.0,0.5,0.0,0.5,0.0,0.0
7.45,1.5635,-0.0575,0.0775,5.9725,84,-0.127,-0.2045,0.5,0.0,0.5,0.0,0.5,0.0,0.0
7.5,1.5808,-0.0563,0.0803,5.9585,84,-0.127,-0.2073,0.5,0.0,0.5,0.0,0.5,0.0,0.0
7.55,1.5924,-0.0555,0.0821,5.9491,84,-0.1292,-0.2112,0.5,0.0,0.5,0.0,0.5,0.0,0.0
7.6,1.604,-0.0547,0.0839,5.9397,84,-0.1075,-0.1914,0.5,0.0,0.5,0.0,0.5,0.0,0.0
7.65,1.6156,-0.0539,0.0856,5.9303,84,-0.1094,-0.1951,0.5,0.0,0.5,0.0,0.5,0.0,0.0
7.7,1.6272,-0.053,0.0874,5.9209,84,-0.1124,-0.1999,0.5,0.0,0.5,0.0,0.5,0.0,0.0
7.75,1.633,-0.0526,0.0883,5.9162,84,-0.1124,-0.2008,0.5,0.0,0.5,0.0,0.5,0.0,0.0
7.8,1.6446,-0.0517,0.0901,5.9068,84,-0.1156,-0.2057,0.5,0.0,0.5,0.0,0.5,0.0,0.0
7.85,1.6562,-0.0508,0.0919,5.8974,84,-0.1178,-0.2097,0.5,0.0,0.5,0.0,0.5,0.0,0.0
7.9,1.6678,-0.0498,0.0937,5.888,84,-0.12,-0.2137,0.5,0.0,0.5,0.0,0.5,0.0,0.0
7.95,1.6794,-0.0489,0.0954,5.8786,84,-0.1235,-0.2189,0.5,0.0,0.5,0.0,0.5,0.0,0.0
8.001,1.6967,-0.0474,0.098,5.8644,84,-0.1235,-0.2215,0.5,0.0,0.5,0.0,0.5,0.0,0.0
8.05,1.7083,-0.0464,0.0998,5.855,84,-0.1044,-0.2042,0.5,0.0,0.5,0.0,0.5,0.0,0.0
8.1,1.7199,-0.0454,0.1015,5.8456,84,-0.1075,-0.209,0.5,0.0,0.5,0.0,0.5,0.0,0.0
8.15,1.7315,-0.0443,0.1033,5.8361,84,-0.1097,-0.213,0.5,0.0,0.5,0.0,0.5,0.0,0.0
8.2,1.7431,-0.0433,0.1051,5.8267,84,-0.1131,-0.2182,0.5,0.0,0.5,0.0,0.5,0.0,0.0
8.25,1.7604,-0.0416,0.1078,5.8125,84,-0.1154,-0.2232,0.5,0.0,0.5,0.0,0.5,0.0,0.0
8.3,1.7662,-0.0411,0.1087,5.8078,84,-0.119,-0.2278,0.5,0.0,0.5,0.0,0.5,0.0,0.0
8.35,1.7836,-0.0394,0.1114,5.7936,84,-0.1216,-0.233,0.5,0.0,0.5,0.0,0.5,0.0,0.0
8.4,1.7951,-0.0382,0.1132,5.7842,86,-0.1216,-0.2347,0.5,0.0,0.5,0.0,0.5,0.0,0.0
8.45,1.8067,-0.037,0.1149,5.7747,86,-0.0966,-0.2115,0.5,0.0,0.5,0.0,0.5,0.0,0.0
8.5,1.8183,-0.0358,0.1167,5.7652,86,-0.0226,-0.1392,0.5,0.0,0.5,0.0,0.5,0.0,0.0
8.55,1.8356,-0.034,0.1194,5.751,86,-0.0248,-0.1441,0.5,0.0,0.5,0.0,0.5,0.0,0.0
8.6,1.8472,-0.0328,0.1212,5.7416,86,-0.0075,-0.1287,0.5,0.0,0.5,0.0,0.5,0.0,0.0
8.65,1.8587,-0.0315,0.123,5.7321,86,-0.0088,-0.1318,0.5,0.0,0.5,0.0,0.5,0.0,0.0
8.7,1.876,-0.0296,0.1258,5.7179,86,-0.0101,-0.1359,0.5,0.0,0.5,0.0,0.5,0.0,0.0
8.75,1.8876,-0.0282,0.1276,5.7084,86,-0.0082,-0.1358,0.5,0.0,0.5,0.0,0.5,0.0,0.0
8.8,1.8991,-0.0269,0.1293,5.6989,86,-0.0096,-0.1389,0.5,0.0,0.5,0.0,0.5,0.0,0.0
8.85,1.9164,-0.0248,0.132,5.6847,86,-0.0118,-0.1438,0.5,0.0,0.5,0.0,0.5,0.0,0.0
8.9,1.928,-0.0234,0.1338,5.6752,86,-0.0133,-0.1471,0.5,0.0,0.5,0.0,0.5,0.0,0.0
8.95,1.9395,-0.022,0.1356,5.6657,86,-0.0133,-0.1489,0.5,0.0,0.5,0.0,0.5,0.0,0.0
9.0,1.9453,-0.0213,0.1365,5.6609,86,0.0094,-0.1271,0.5,0.0,0.5,0.0,0.5,0.0,0.0
9.05,1.9568,-0.0199,0.1383,5.6514,86,0.0082,-0.1301,0.5,0.0,0.5,0.0,0.5,0.0,0.0
9.1,1.9741,-0.0177,0.141,5.6371,86,0.0062,-0.1348,0.5,0.0,0.5,0.0,0.5,0.0,0.0
9.15,1.9856,-0.0162,0.1428,5.6276,86,0.0048,-0.1379,0.5,0.0,0.5,0.0,0.5,0.0,0.0
9.2,1.9971,-0.0146,0.1446,5.6181,86,0.0027,-0.1419,0.5,0.0,0.5,0.0,0.5,0.0,0.0
9.25,2.0144,-0.0123,0.1472,5.6038,86,0.0012,-0.1461,0.5,0.0,0.5,0.0,0.5,0.0,0.0
9.3,2.0259,-0.0107,0.149,5.5942,86,0.0012,-0.1479,0.5,0.0,0.5,0.0,0.5,0.0,0.0
9.35,2.0374,-0.0092,0.1508,5.5847,86,-0.0012,-0.152,0.5,0.0,0.5,0.0,0.5,0.0,0.0
9.4,2.049,-0.0075,0.1526,5.5751,86,0.0281,-0.1246,0.5,0.0,0.5,0.0,0.5,0.0,0.0
9.457,2.0605,-0.0059,0.1544,5.5656,79,0.0262,-0.1282,0.5,0.0,0.5,0.0,0.5,0.0,0.0
9.5,2.072,-0.0043,0.1562,5.556,79,-0.0008,-0.157,0.5,0.0,0.5,0.0,0.5,0.0,0.0
9.55,2.0835,-0.0026,0.158,5.5465,79,-0.0034,-0.1614,0.5,0.0,0.5,0.0,0.5,0.0,0.0
9.6,2.095,-0.0009,0.1598,5.5369,79,-0.0034,-0.1632,0.5,0.0,0.5,0.0,0.5,0.0,0.0
9.651,2.1065,0.0008,0.1616,5.5273,79,-0.0052,-0.1667,0.5,0.0,0.5,0.0,0.5,0.0,0.0
9.7,2.118,0.0026,0.1634,5.5178,79,0.0253,-0.1381,0.5,0.0,0.5,0.0,0.5,0.0,0.0
9.75,2.1294,0.0043,0.1653,5.5082,79,0.0239,-0.1413,0.5,0.0,0.5,0.0,0.5,0.0,0.0
9.8,2.1409,0.0061,0.1671,5.4986,79,0.0043,-0.1627,0.5,0.0,0.5,0.0,0.5,0.0,0.0
9.85,2.1581,0.0088,0.1697,5.4843,79,0.0026,-0.1672,0.5,0.0,0.5,0.0,0.5,0.0,0.0
9.9,2.1696,0.0106,0.1715,5.4747,79,0.0026,-0.1689,0.5,0.0,0.5,0.0,0.5,0.0,0.0
9.95,2.1811,0.0125,0.1733,5.4651,79,-0.0001,-0.1735,0.5,0.0,0.5,0.0,0.5,0.0,0.0
10.0,2.1926,0.0143,0.1751,5.4555,79,-0.002,-0.1772,0.5,0.0,0.5,0.0,0.5,0.0,0.0
10.05,2.204,0.0162,0.1769,5.4459,79,-0.005,-0.1819,0.5,0.0,0.5,0.0,0.5,0.0,0.0
10.1,2.2155,0.0181,0.1787,5.4363,79,-0.0071,-0.1858,0.5,0.0,0.5,0.0,0.5,0.0,0.0
10.15,2.2327,0.021,0.1815,5.4219,79,0.0303,-0.1512,0.5,0.0,0.5,0.0,0.5,0.0,0.0
10.201,2.2441,0.023,0.1835,5.4123,79,0.0287,-0.1547,0.5,0.0,0.5,0.0,0.5,0.0,0.0
10.25,2.2556,0.025,0.1853,5.4027,79,0.0287,-0.1565,0.5,0.0,0.5,0.0,0.5,0.0,0.0
10.302,2.2613,0.026,0.1861,5.3979,79,0.0262,-0.16,0.5,0.0,0.5,0.0,0.5,0.0,0.0
10.35,2.267,0.027,0.187,5.3931,79,0.0262,-0.1608,0.5,0.0,0.5,0.0,0.5,0.0,0.0
10.4,2.2785,0.029,0.1888,5.3834,79,0.0244,-0.1644,0.5,0.0,0.5,0.0,0.5,0.0,0.0
10.45,2.2956,0.0321,0.1914,5.369,79,0.0217,-0.1697,0.5,0.0,0.5,0.0,0.5,0.0,0.0
10.5,2.3071,0.0342,0.1932,5.3593,75,0.0198,-0.1734,0.5,0.0,0.5,0.0,0.5,0.0,0.0
10.55,2.3185,0.0363,0.1949,5.3497,75,0.1356,-0.0593,0.5,0.0,0.5,0.0,0.5,0.0,0.0
10.6,2.3356,0.0395,0.1977,5.3352,75,0.1351,-0.0626,0.5,0.0,0.5,0.0,0.5,0.0,0.0
10.651,2.3471,0.0416,0.1995,5.3256,75,0.1342,-0.0653,0.5,0.0,0.5,0.0,0.5,0.0,0.0
10.701,2.3585,0.0438,0.2013,5.316,75,0.1601,-0.0412,0.5,0.0,0.5,0.0,0.5,0.0,0.0
10.75,2.3642,0.0449,0.2022,5.3111,75,0.1601,-0.0421,0.5,0.0,0.5,0.0,0.5,0.0,0.0
10.8,2.3756,0.0471,0.204,5.3015,75,0.1596,-0.0444,0.5,0.0,0.5,0.0,0.5,0.0,0.0
10.85,2.387,0.0493,0.2058,5.2918,75,0.1592,-0.0465,0.5,0.0,0.5,0.0,0.5,0.0,0.0
10.9,2.3984,0.0515,0.2076,5.2821,75,0.1592,-0.0483,0.5,0.0,0.5,0.0,0.5,0.0,0.0
10.95,2.4041,0.0527,0.2085,5.2773,75,0.1584,-0.0501,0.5,0.0,0.5,0.0,0.5,0.0,0.0
11.0,2.4155,0.0549,0.2103,5.2676,75,0.158,-0.0523,0.5,0.0,0.5,0.0,0.5,0.0,0.0
11.05,2.4212,0.0561,0.2111,5.2628,75,0.158,-0.0531,0.5,0.0,0.5,0.0,0.5,0.0,0.0
11.1,2.4326,0.0584,0.2129,5.2531,75,0.1573,-0.0556,0.5,0.0,0.5,0.0,0.5,0.0,0.0
11.15,2.444,0.0607,0.2146,5.2434,75,0.1568,-0.0578,0.5,0.0,0.5,0.0,0.5,0.0,0.0
11.2,2.4611,0.0642,0.2173,5.2289,75,0.186,-0.0312,0.5,0.0,0.5,0.0,0.5,0.0,0.0
11.25,2.4725,0.0666,0.2191,5.2192,75,0.1858,-0.0332,0.5,0.0,0.5,0.0,0.5,0.0,0.0
11.302,2.4838,0.069,0.2209,5.2095,75,0.1855,-0.0354,0.5,0.0,0.5,0.0,0.5,0.0,0.0
11.351,2.5009,0.0726,0.2237,5.195,75,0.1855,-0.0382,0.5,0.0,0.5,0.0,0.5,0.0,0.0
11.4,2.5122,0.0751,0.2255,5.1853,75,0.1852,-0.0403,0.5,0.0,0.5,0.0,0.5,0.0,0.0
11.45,2.5236,0.0775,0.2273,5.1756,75,0.1848,-0.0425,0.5,0.0,0.5,0.0,0.5,0.0,0.0
11.499,2.5406,0.0813,0.2299,5.161,75,0.1844,-0.0455,0.5,0.0,0.5,0.0,0.5,0.0,0.0
11.55,2.552,0.0838,0.2317,5.1513,73,0.2164,-0.0154,0.5,0.0,0.5,0.0,0.5,0.0,0.0
11.6,2.569,0.0876,0.2344,5.1367,73,0.1944,-0.0401,0.5,0.0,0.5,0.0,0.5,0.0,0.0
11.65,2.5803,0.0902,0.2362,5.127,73,0.1939,-0.0423,0.5,0.0,0.5,0.0,0.5,0.0,0.0
11.7,2.5916,0.0927,0.238,5.1173,73,0.1936,-0.0444,0.5,0.0,0.5,0.0,0.5,0.0,0.0
11.753,2.603,0.0954,0.2397,5.1076,73,0.2272,-0.0125,0.5,0.0,0.5,0.0,0.5,0.0,0.0
11.8,2.6143,0.098,0.2414,5.0978,73,0.2272,-0.0142,0.5,0.0,0.5,0.0,0.5,0.0,0.0
11.85,2.6256,0.1006,0.2432,5.0881,73,0.2272,-0.016,0.5,0.0,0.5,0.0,0.5,0.0,0.0
11.9,2.6426,0.1047,0.2459,5.0735,73,0.2271,-0.0188,0.5,0.0,0.5,0.0,0.5,0.0,0.0
11.95,2.6539,0.1073,0.2477,5.0637,73,0.2271,-0.0206,0.5,0.0,0.5,0.0,0.5,0.0,0.0
12.0,2.6652,0.1101,0.2496,5.054,73,0.2602,0.0106,0.5,0.0,0.5,0.0,0.5,0.0,0.0
12.05,2.6765,0.1128,0.2514,5.0442,73,0.2605,0.009,0.5,0.0,0.5,0.0,0.5,0.0,0.0
12.1,2.6878,0.1156,0.2532,5.0345,73,0.2608,0.0077,0.5,0.0,0.5,0.0,0.5,0.0,0.0
12.15,2.6991,0.1183,0.255,5.0247,73,0.2974,0.0424,0.5,0.0,0.5,0.0,0.5,0.0,0.0
12.2,2.7103,0.1211,0.2568,5.015,73,0.2983,0.0416,0.5,0.0,0.5,0.0,0.5,0.0,0.0
12.25,2.7272,0.1254,0.2595,5.0003,73,0.2989,0.0395,0.5,0.0,0.5,0.0,0.5,0.0,0.0
12.3,2.7385,0.1282,0.2613,4.9906,73,0.2989,0.0377,0.5,0.0,0.5,0.0,0.5,0.0,0.0
12.35,2.7498,0.1311,0.2631,4.9808,73,0.2998,0.0368,0.5,0.0,0.5,0.0,0.5,0.0,0.0
12.401,2.761,0.134,0.2648,4.971,73,0.3004,0.0356,0.5,0.0,0.5,0.0,0.5,0.0,0.0
12.45,2.7723,0.1369,0.2666,4.9612,73,0.3013,0.0347,0.5,0.0,0.5,0.0,0.5,0.0,0.0
12.5,2.7835,0.1398,0.2684,4.9514,73,0.3019,0.0334,0.5,0.0,0.5,0.0,0.5,0.0,0.0
12.55,2.7948,0.1428,0.2702,4.9417,73,0.3019,0.0317,0.5,0.0,0.5,0.0,0.5,0.0,0.0
12.6,2.806,0.1458,0.272,4.9319,72,0.3419,0.0699,0.5,0.0,0.5,0.0,0.5,0.0,0.0
12.65,2.8116,0.1472,0.2729,4.927,72,0.3533,0.0804,0.5,0.0,0.5,0.0,0.5,0.0,0.0
12.7,2.8229,0.1502,0.2747,4.9172,72,0.3549,0.0802,0.5,0.0,0.5,0.0,0.5,0.0,0.0
12.75,2.8341,0.1533,0.2765,4.9074,72,0.3549,0.0784,0.5,0.0,0.5,0.0,0.5,0.0,0.0
12.8,2.8509,0.1578,0.2792,4.8927,72,0.356,0.0768,0.5,0.0,0.5,0.0,0.5,0.0,0.0
12.85,2.8621,0.1609,0.281,4.8829,72,0.394,0.113,0.5,0.0,0.5,0.0,0.5,0.0,0.0
12.9,2.8733,0.164,0.2828,4.8731,72,0.3955,0.1126,0.5,0.0,0.5,0.0,0.5,0.0,0.0
12.95,2.8901,0.1687,0.2854,4.8583,72,0.3976,0.1122,0.5,0.0,0.5,0.0,0.5,0.0,0.0
13.0,2.9013,0.1718,0.2872,4.8485,72,0.399,0.1118,0.5,0.0,0.5,0.0,0.5,0.0,0.0
13.05,2.9125,0.175,0.289,4.8387,72,0.4041,0.1151,0.5,0.0,0.5,0.0,0.5,0.0,0.0
13.1,2.9293,0.1798,0.2917,4.824,72,0.4055,0.1139,0.5,0.0,0.5,0.0,0.5,0.0,0.0
13.15,2.9404,0.183,0.2935,4.8141,72,0.4078,0.1142,0.5,0.0,0.5,0.0,0.5,0.0,0.0
13.2,2.9572,0.1878,0.2963,4.7994,72,0.4093,0.113,0.5,0.0,0.5,0.0,0.5,0.0,0.0
13.25,2.9683,0.1911,0.2981,4.7896,72,0.4508,0.1527,0.5,0.0,0.5,0.0,0.5,0.0,0.0
13.3,2.9795,0.1944,0.2999,4.7797,72,0.4526,0.1528,0.5,0.0,0.5,0.0,0.5,0.0,0.0
13.35,2.9906,0.1977,0.3016,4.7699,72,0.4526,0.151,0.5,0.0,0.5,0.0,0.5,0.0,0.0
13.4,3.0017,0.201,0.3034,4.76,72,0.4554,0.152,0.5,0.0,0.5,0.0,0.5,0.0,0.0
13.45,3.0129,0.2043,0.3052,4.7502,72,0.4574,0.1521,0.5,0.0,0.5,0.0,0.5,0.0,0.0
13.5,3.0296,0.2094,0.3079,4.7354,72,0.4603,0.1524,0.5,0.0,0.5,0.0,0.5,0.0,0.0
13.55,3.0407,0.2128,0.3097,4.7256,72,0.4622,0.1525,0.5,0.0,0.5,0.0,0.5,0.0,0.0
13.6,3.0573,0.2179,0.3124,4.7108,72,0.4652,0.1529,0.5,0.0,0.5,0.0,0.5,0.0,0.0
13.65,3.0684,0.2214,0.3141,4.7009,67,0.509,0.1948,0.5,0.0,0.5,0.0,0.5,0.0,0.0
13.7,3.0795,0.2248,0.3159,4.691,67,0.5721,0.2563,0.5,0.0,0.5,0.0,0.5,0.0,0.0
13.75,3.0906,0.2283,0.3176,4.6811,67,0.5752,0.2576,0.5,0.0,0.5,0.0,0.5,0.0,0.0
13.8,3.1017,0.2318,0.3194,4.6713,67,0.5752,0.2558,0.5,0.0,0.5,0.0,0.5,0.0,0.0
13.85,3.1073,0.2336,0.3203,4.6663,67,0.5799,0.2596,0.5,0.0,0.5,0.0,0.5,0.0,0.0
13.9,3.1183,0.2371,0.3221,4.6565,67,0.583,0.261,0.5,0.0,0.5,0.0,0.5,0.0,0.0
13.949,3.1349,0.2424,0.3248,4.6416,67,0.6142,0.2893,0.5,0.0,0.5,0.0,0.5,0.0,0.0
14.0,3.146,0.246,0.3267,4.6318,67,0.6175,0.2908,0.4765,0.416,0.4765,0.416,0.4765,0.416,0.0
14.05,3.157,0.2496,0.3285,4.6219,67,0.5983,0.2699,0.4765,0.4164,0.4765,0.416,0.4765,0.416,0.0
14.1,3.1736,0.255,0.3312,4.607,67,0.6016,0.2704,0.4795,0.4011,0.4765,0.4164,0.4765,0.4164,0.0
14.15,3.1846,0.2587,0.3329,4.5972,67,0.6016,0.2686,0.4795,0.4015,0.4795,0.4011,0.4795,0.4011,0.0
14.2,3.1957,0.2624,0.3347,4.5873,67,0.6065,0.2717,0.4795,0.4015,0.4795,0.4015,0.4795,0.4015,0.0
14.25,3.2053,0.2656,0.3357,4.5786,67,0.6115,0.2758,0.479,0.4038,0.479,0.4038,0.4795,0.4015,0.0
14.3,3.2131,0.2683,0.3358,4.5715,67,0.6387,0.3028,0.4788,0.4068,0.479,0.4038,0.479,0.4038,0.0
14.35,3.2171,0.2697,0.3358,4.5679,67,0.6387,0.3028,0.4788,0.4068,0.4788,0.4068,0.4788,0.4068,0.0
14.4,3.2262,0.2729,0.3369,4.5596,67,0.6422,0.3053,0.4751,0.4263,0.4788,0.4068,0.4788,0.4068,0.0
14.45,3.2372,0.2766,0.3394,4.5497,67,0.6456,0.3062,0.475,0.4271,0.475,0.4271,0.475,0.4271,0.0
14.5,3.2482,0.2803,0.3419,4.5399,67,0.6492,0.3073,0.4747,0.4277,0.475,0.4271,0.475,0.4271,0.0
14.55,3.2616,0.284,0.3545,4.5285,67,0.6544,0.2999,0.4733,0.4239,0.4747,0.4277,0.4747,0.4277,0.0
14.6,3.2704,0.2865,0.364,4.521,67,0.6579,0.2938,0.4714,0.4208,0.4714,0.4208,0.4714,0.4208,0.0
14.65,3.2796,0.2888,0.3781,4.5134,67,0.6579,0.2798,0.4714,0.4208,0.4714,0.4208,0.4714,0.4208,0.0
14.7,3.2887,0.2912,0.3929,4.5057,68,0.6634,0.2705,0.4685,0.4097,0.4685,0.4097,0.4685,0.4097,0.0
14.75,3.2979,0.2936,0.41,4.498,68,0.6179,0.2079,0.4654,0.4029,0.4654,0.4029,0.4654,0.4029,0.0
14.8,3.3073,0.2961,0.4295,4.4902,68,0.6231,0.1937,0.4704,0.3448,0.4704,0.3448,0.4704,0.3448,0.0
14.85,3.3165,0.2986,0.4491,4.4824,68,0.6266,0.1775,0.4677,0.3321,0.4704,0.3448,0.4704,0.3448,0.0
14.901,3.3301,0.3028,0.4778,4.4706,68,0.6614,0.1836,0.4676,0.3081,0.4676,0.3081,0.4676,0.3081,0.0
14.95,3.339,0.3059,0.4958,4.4626,68,0.6645,0.1687,0.4624,0.3236,0.4676,0.3081,0.4676,0.3081,0.0
15.0,3.3478,0.309,0.5135,4.4546,68,0.6688,0.1553,0.4649,0.301,0.4624,0.3236,0.4624,0.3236,0.0
15.05,3.3566,0.3123,0.5311,4.4466,68,0.6688,0.1377,0.4649,0.301,0.4649,0.301,0.4649,0.301,0.0
15.1,3.3652,0.3158,0.5486,4.4385,68,0.6716,0.123,0.4672,0.2875,0.4672,0.2875,0.4672,0.2875,0.0
15.15,3.3738,0.3195,0.5658,4.4302,68,0.6926,0.1268,0.4717,0.262,0.4717,0.262,0.4717,0.262,0.0
15.201,3.3867,0.3253,0.5912,4.4176,68,0.6952,0.104,0.4707,0.2664,0.4707,0.2664,0.4707,0.2664,0.0
15.25,3.3952,0.3295,0.6076,4.4091,68,0.6989,0.0913,0.476,0.2397,0.476,0.2397,0.476,0.2397,0.0
15.3,3.4038,0.3338,0.6236,4.4004,68,0.7248,0.1012,0.5,0.0,0.476,0.2397,0.476,0.2397,0.0
15.35,3.4165,0.3408,0.6465,4.387,68,0.7281,0.0816,0.5,0.0,0.5,0.0,0.5,0.0,0.0
15.4,3.425,0.3457,0.6612,4.3779,68,0.7311,0.0699,0.5,0.0,0.5,0.0,0.5,0.0,0.0
15.45,3.4335,0.3507,0.6755,4.3686,68,0.7311,0.0556,0.5,0.0,0.5,0.0,0.5,0.0,0.0
15.5,3.4462,0.3586,0.6965,4.3546,68,0.733,0.0365,0.5,0.0,0.5,0.0,0.5,0.0,0.0
15.55,3.4546,0.3642,0.7096,4.345,68,0.7348,0.0252,0.5,0.0,0.5,0.0,0.5,0.0,0.0
15.6,3.4629,0.3699,0.7222,4.3354,68,0.7371,0.0149,0.5,0.0,0.5,0.0,0.5,0.0,0.0
15.65,3.4755,0.3788,0.7402,4.3206,68,0.7385,-0.0017,0.5,0.0,0.5,0.0,0.5,0.0,0.0
15.7,3.4838,0.385,0.7517,4.3106,68,0.7404,-0.0113,0.5,0.0,0.5,0.0,0.5,0.0,0.0
15.75,3.4924,0.3919,0.7611,4.2999,61,0.7583,-0.0028,0.5,0.0,0.5,0.0,0.5,0.0,0.0
15.8,3.5014,0.3998,0.767,4.2882,61,0.7597,-0.0073,0.5,0.0,0.5,0.0,0.5,0.0,0.0
15.85,3.5103,0.4077,0.7725,4.2764,61,0.7603,-0.0122,0.5,0.0,0.5,0.0,0.5,0.0,0.0
15.9,3.5231,0.4201,0.7727,4.2588,61,0.7602,-0.0125,0.5,0.0,0.5,0.0,0.5,0.0,0.0
15.95,3.5316,0.4284,0.7728,4.247,61,0.7596,-0.0132,0.5,0.0,0.5,0.0,0.5,0.0,0.0
16.0,3.5401,0.4367,0.7731,4.2352,61,0.7594,-0.0136,0.5,0.0,0.5,0.0,0.5,0.0,0.0
16.05,3.5529,0.4491,0.7735,4.2176,61,0.7592,-0.0143,0.5,0.0,0.5,0.0,0.5,0.0,0.0
16.1,3.5614,0.4573,0.7739,4.2059,61,0.7591,-0.0148,0.5,0.0,0.5,0.0,0.5,0.0,0.0
16.15,3.5698,0.4656,0.7743,4.1942,61,0.7591,-0.0152,0.5,0.0,0.5,0.0,0.5,0.0,0.0
16.2,3.5783,0.4738,0.775,4.1825,61,0.7589,-0.0161,0.5,0.0,0.5,0.0,0.5,0.0,0.0
16.25,3.5868,0.482,0.776,4.1709,61,0.7587,-0.0173,0.5,0.0,0.5,0.0,0.5,0.0,0.0
16.3,3.591,0.4861,0.7765,4.165,61,0.7587,-0.0178,0.5,0.0,0.5,0.0,0.5,0.0,0.0
16.35,3.5994,0.4942,0.7779,4.1535,61,0.7529,-0.025,0.5,0.0,0.5,0.0,0.5,0.0,0.0
16.404,3.6078,0.5022,0.7796,4.142,61,0.7527,-0.027,0.5,0.0,0.5,0.0,0.5,0.0,0.0
16.45,3.6161,0.5103,0.7814,4.1305,61,0.7525,-0.0289,0.5,0.0,0.5,0.0,0.5,0.0,0.0
16.5,3.6245,0.5184,0.7834,4.119,61,0.7522,-0.0312,0.5,0.0,0.5,0.0,0.5,0.0,0.0
16.55,3.6328,0.5264,0.7854,4.1075,61,0.7522,-0.0332,0.5,0.0,0.5,0.0,0.5,0.0,0.0
16.601,3.6411,0.5345,0.7874,4.0961,61,0.752,-0.0354,0.5,0.0,0.5,0.0,0.5,0.0,0.0
16.65,3.6535,0.5467,0.7904,4.0789,61,0.7516,-0.0388,0.5,0.0,0.5,0.0,0.5,0.0,0.0
16.7,3.6618,0.5548,0.7924,4.0674,61,0.7395,-0.0529,0.5,0.0,0.5,0.0,0.5,0.0,0.0
16.75,3.6741,0.567,0.7954,4.0501,61,0.739,-0.0563,0.5,0.0,0.5,0.0,0.5,0.0,0.0
16.8,3.6823,0.5752,0.7973,4.0386,59,0.7386,-0.0587,0.5,0.0,0.5,0.0,0.5,0.0,0.0
16.85,3.6906,0.5834,0.7992,4.0271,59,0.7643,-0.0349,0.5,0.0,0.5,0.0,0.5,0.0,0.0
16.9,3.7029,0.5958,0.802,4.0099,59,0.764,-0.038,0.5,0.0,0.5,0.0,0.5,0.0,0.0
16.95,3.711,0.604,0.8038,3.9983,59,0.7636,-0.0402,0.5,0.0,0.5,0.0,0.5,0.0,0.0
17.0,3.7192,0.6123,0.8056,3.9868,59,0.7341,-0.0715,0.5,0.0,0.5,0.0,0.5,0.0,0.0
17.05,3.7273,0.6206,0.8074,3.9753,59,0.7331,-0.0742,0.5,0.0,0.5,0.0,0.5,0.0,0.0
17.1,3.7395,0.6331,0.81,3.958,59,0.7324,-0.0776,0.5,0.0,0.5,0.0,0.5,0.0,0.0
17.15,3.7476,0.6414,0.8118,3.9464,59,0.7313,-0.0805,0.5,0.0,0.5,0.0,0.5,0.0,0.0
17.2,3.7557,0.6497,0.8136,3.9349,59,0.7313,-0.0823,0.5,0.0,0.5,0.0,0.5,0.0,0.0
17.25,3.7638,0.6581,0.8154,3.9233,59,0.7301,-0.0853,0.5,0.0,0.5,0.0,0.5,0.0,0.0
17.3,3.7719,0.6664,0.8172,3.9118,59,0.7292,-0.088,0.5,0.0,0.5,0.0,0.5,0.0,0.0
17.35,3.7799,0.6748,0.819,3.9003,59,0.7283,-0.0906,0.5,0.0,0.5,0.0,0.5,0.0,0.0
17.4,3.788,0.6832,0.8207,3.8887,59,0.7283,-0.0923,0.5,0.0,0.5,0.0,0.5,0.0,0.0
17.45,3.796,0.6917,0.8224,3.8771,59,0.7387,-0.0837,0.5,0.0,0.5,0.0,0.5,0.0,0.0
17.504,3.8,0.6959,0.8233,3.8713,59,0.7025,-0.1208,0.5,0.0,0.5,0.0,0.5,0.0,0.0
17.551,3.808,0.7043,0.8251,3.8598,59,0.7025,-0.1226,0.5,0.0,0.5,0.0,0.5,0.0,0.0
17.6,3.812,0.7085,0.826,3.854,59,0.7007,-0.1253,0.5,0.0,0.5,0.0,0.5,0.0,0.0
17.65,3.816,0.7128,0.8268,3.8482,59,0.7007,-0.1262,0.5,0.0,0.5,0.0,0.5,0.0,0.0
17.7,3.824,0.7212,0.8286,3.8367,59,0.6994,-0.1292,0.5,0.0,0.5,0.0,0.5,0.0,0.0
17.75,3.8359,0.7339,0.8312,3.8193,59,0.6974,-0.1338,0.5,0.0,0.5,0.0,0.5,0.0,0.0
17.8,3.8438,0.7425,0.8329,3.8078,59,0.696,-0.137,0.5,0.0,0.5,0.0,0.5,0.0,0.0
17.851,3.8518,0.751,0.8347,3.7962,59,0.9588,0.1241,0.5,0.0,0.5,0.0,0.5,0.0,0.0
17.901,3.8597,0.7595,0.8364,3.7846,59,0.9631,0.1267,0.5,0.0,0.5,0.0,0.5,0.0,0.0
17.95,3.8715,0.7723,0.8392,3.7673,59,0.9699,0.1307,0.5,0.0,0.5,0.0,0.5,0.0,0.0
18.0,3.8794,0.7808,0.841,3.7557,59,0.9748,0.1338,0.5,0.0,0.5,0.0,0.5,0.0,0.0
18.05,3.8872,0.7894,0.8429,3.7442,59,0.9169,0.074,0.5,0.0,0.5,0.0,0.5,0.0,0.0
18.1,3.8989,0.8023,0.8456,3.7268,59,0.9189,0.0733,0.5,0.0,0.5,0.0,0.5,0.0,0.0
18.151,3.9107,0.8152,0.8483,3.7095,59,0.9221,0.0737,0.5,0.0,0.5,0.0,0.5,0.0,0.0
18.2,3.9184,0.8238,0.8501,3.6979,59,0.9242,0.0741,0.5,0.0,0.5,0.0,0.5,0.0,0.0
18.25,3.9262,0.8325,0.8519,3.6863,59,0.9276,0.0757,0.5,0.0,0.5,0.0,0.5,0.0,0.0
18.3,3.9378,0.8454,0.8546,3.6689,59,0.93,0.0754,0.5,0.0,0.5,0.0,0.5,0.0,0.0
18.35,3.9434,0.8518,0.8548,3.6605,59,0.9327,0.078,0.5,0.0,0.5,0.0,0.5,0.0,0.0
18.4,3.9489,0.8581,0.8548,3.6522,59,0.9327,0.0779,0.5,0.0,0.5,0.0,0.5,0.0,0.0
18.45,3.9551,0.8653,0.8548,3.6427,59,0.9343,0.0795,0.5,0.0,0.5,0.0,0.5,0.0,0.0
18.503,3.9585,0.8691,0.8549,3.6376,59,0.8882,0.0334,0.5,0.0,0.5,0.0,0.5,0.0,0.0
18.552,3.9628,0.874,0.8554,3.6311,59,0.8886,0.0332,0.5,0.0,0.5,0.0,0.5,0.0,0.0
18.6,3.9684,0.8803,0.8572,3.6227,59,0.8897,0.0325,0.5,0.0,0.5,0.0,0.5,0.0,0.0
18.65,3.9712,0.8834,0.858,3.6185,59,0.8897,0.0316,0.5,0.0,0.5,0.0,0.5,0.0,0.0
18.7,3.9777,0.8907,0.8599,3.6088,59,0.891,0.0311,0.5,0.0,0.5,0.0,0.5,0.0,0.0
18.75,3.9816,0.895,0.8608,3.6031,59,0.8922,0.0314,0.5,0.0,0.5,0.0,0.5,0.0,0.0
18.8,3.9931,0.9081,0.8634,3.5857,59,0.8933,0.0299,0.5,0.0,0.5,0.0,0.5,0.0,0.0
18.85,4.0008,0.917,0.8644,3.5739,59,0.895,0.0305,0.5,0.0,0.5,0.0,0.5,0.0,0.0
18.9,4.0123,0.9303,0.8659,3.5564,54,0.895,0.0291,0.5,0.0,0.5,0.0,0.5,0.0,0.0
18.955,4.0162,0.935,0.865,3.5503,54,0.7523,-0.1126,0.5,0.0,0.5,0.0,0.5,0.0,0.0
19.001,4.024,0.9444,0.8631,3.5381,54,0.7784,-0.0847,0.5,0.0,0.5,0.0,0.5,0.0,0.0
19.05,4.0279,0.9491,0.8621,3.532,54,0.7784,-0.0838,0.5,0.0,0.5,0.0,0.5,0.0,0.0
19.1,4.0358,0.9585,0.8598,3.5197,54,0.7751,-0.0846,0.5,0.0,0.5,0.0,0.5,0.0,0.0
19.15,4.0476,0.9728,0.8555,3.5012,54,0.7697,-0.0858,0.5,0.0,0.5,0.0,0.5,0.0,0.0
19.2,4.0555,0.9821,0.8535,3.4891,54,0.7334,-0.1202,0.5,0.0,0.5,0.0,0.5,0.0,0.0
19.25,4.0634,0.9912,0.8525,3.477,54,0.7275,-0.125,0.5,0.0,0.5,0.0,0.5,0.0,0.0
19.3,4.0713,1.0003,0.8515,3.465,54,0.7236,-0.128,0.5,0.0,0.5,0.0,0.5,0.0,0.0
19.35,4.0829,1.0135,0.8533,3.4475,54,0.7177,-0.1356,0.5,0.0,0.5,0.0,0.5,0.0,0.0
19.4,4.0907,1.0223,0.8545,3.4358,54,0.7137,-0.1408,0.5,0.0,0.5,0.0,0.5,0.0,0.0
19.45,4.0984,1.0309,0.8565,3.4243,54,0.7137,-0.1428,0.5,0.0,0.5,0.0,0.5,0.0,0.0
19.5,4.1061,1.0396,0.8585,3.4127,54,0.7073,-0.1512,0.5,0.0,0.5,0.0,0.5,0.0,0.0
19.55,4.1177,1.0525,0.8618,3.3954,54,0.7027,-0.1591,0.5,0.0,0.5,0.0,0.5,0.0,0.0
19.6,4.1253,1.0612,0.8641,3.3839,54,0.6625,-0.2016,0.5,0.0,0.5,0.0,0.5,0.0,0.0
19.65,4.1367,1.0742,0.8676,3.3667,54,0.6573,-0.2103,0.5,0.0,0.5,0.0,0.5,0.0,0.0
19.7,4.1443,1.0829,0.8699,3.3552,54,0.6488,-0.221,0.5,0.0,0.5,0.0,0.5,0.0,0.0
19.751,4.1481,1.0872,0.871,3.3494,54,0.6426,-0.2284,0.5,0.0,0.5,0.0,0.5,0.0,0.0
19.8,4.1557,1.096,0.8731,3.3379,54,0.6426,-0.2305,0.5,0.0,0.5,0.0,0.5,0.0,0.0
19.851,4.1595,1.1003,0.8742,3.3321,54,0.6325,-0.2417,0.5,0.0,0.5,0.0,0.5,0.0,0.0
19.9,4.1708,1.1135,0.8774,3.3148,54,0.6251,-0.2523,0.5,0.0,0.5,0.0,0.5,0.0,0.0
19.95,4.1783,1.1223,0.8793,3.3032,55,0.6056,-0.2737,0.5,0.0,0.5,0.0,0.5,0.0,0.0
20.0,4.1858,1.1312,0.8813,3.2917,55,0.5991,-0.2822,0.5,0.0,0.5,0.0,0.5,0.0,0.0
20.05,4.1933,1.14,0.8831,3.2801,55,0.5991,-0.284,0.48,-0.4128,0.5,0.0,0.5,0.0,0.0
20.1,4.2008,1.1489,0.8848,3.2685,55,0.5886,-0.2963,0.48,-0.4128,0.48,-0.4128,0.48,-0.4128,0.0
20.15,4.2083,1.1579,0.8866,3.2569,55,0.581,-0.3056,0.4782,-0.4216,0.4782,-0.4216,0.4782,-0.4216,0.0
20.2,4.2195,1.1713,0.8892,3.2394,55,0.5688,-0.3204,0.4767,-0.4288,0.4767,-0.4288,0.4767,-0.4288,0.0
20.25,4.2269,1.1802,0.8909,3.2278,55,0.5172,-0.3737,0.4746,-0.4385,0.4746,-0.4385,0.4767,-0.4288,0.0
20.3,4.2343,1.1892,0.8926,3.2162,55,0.5042,-0.3884,0.4653,-0.474,0.4653,-0.474,0.4653,-0.474,0.0
20.352,4.2454,1.2026,0.8952,3.1988,55,0.495,-0.4002,0.4626,-0.4833,0.4626,-0.4833,0.4626,-0.4833,0.0
20.4,4.2528,1.2116,0.897,3.1872,55,0.4786,-0.4184,0.4603,-0.4906,0.4603,-0.4906,0.4603,-0.4906,0.0
20.45,4.2601,1.2206,0.8987,3.1756,55,0.4685,-0.4302,0.4565,-0.5021,0.4603,-0.4906,0.4603,-0.4906,0.0
20.5,4.2676,1.2304,0.8955,3.1633,55,0.4511,-0.4444,0.4551,-0.5062,0.4565,-0.5021,0.4565,-0.5021,0.0
20.552,4.2789,1.2451,0.8904,3.1448,55,0.4383,-0.4521,0.4521,-0.5144,0.4551,-0.5062,0.4551,-0.5062,0.0
20.6,4.2861,1.255,0.882,3.1325,55,0.4383,-0.4437,0.4521,-0.5144,0.4521,-0.5144,0.4521,-0.5144,0.0
20.65,4.2933,1.2648,0.8735,3.1203,55,0.4172,-0.4562,0.4423,-0.5281,0.4423,-0.5281,0.4423,-0.5281,0.0
20.7,4.3005,1.2746,0.8625,3.1082,55,0.3683,-0.4942,0.4398,-0.5207,0.4423,-0.5281,0.4423,-0.5281,0.0
20.75,4.3075,1.2844,0.8488,3.0962,55,0.3476,-0.5012,0.4252,-0.5408,0.4252,-0.5408,0.4252,-0.5408,0.0
20.8,4.318,1.2989,0.8258,3.0782,55,0.3333,-0.4925,0.4169,-0.5446,0.4252,-0.5408,0.4252,-0.5408,0.0
20.85,4.325,1.3086,0.8069,3.0663,55,0.3107,-0.4962,0.4111,-0.5383,0.4111,-0.5383,0.4111,-0.5383,0.0
20.9,4.3321,1.3181,0.788,3.0544,55,0.295,-0.493,0.4037,-0.5404,0.4037,-0.5404,0.4037,-0.5404,0.0
20.95,4.3393,1.3276,0.7667,3.0425,50,0.2707,-0.496,0.4,-0.532,0.4037,-0.5404,0.4037,-0.5404,0.0
21.0,4.3504,1.3415,0.7346,3.0248,50,0.2176,-0.517,0.3937,-0.5336,0.3937,-0.5336,0.3937,-0.5336,0.0
21.05,4.3578,1.3505,0.7122,3.0131,50,0.1938,-0.5184,0.3816,-0.5447,0.3937,-0.5336,0.3937,-0.5336,0.0
21.1,4.3694,1.3638,0.6786,2.9955,50,0.1776,-0.501,0.3775,-0.5455,0.3816,-0.5447,0.3816,-0.5447,0.0
21.15,4.3733,1.3681,0.6671,2.9897,50,0.1776,-0.4894,0.3775,-0.5455,0.3775,-0.5455,0.3775,-0.5455,0.0
21.2,4.3813,1.3766,0.644,2.9782,50,0.107,-0.537,0.3791,-0.5355,0.3775,-0.5455,0.3775,-0.5455,0.0
21.25,4.3894,1.3849,0.6209,2.9667,50,0.0892,-0.5318,0.3624,-0.5615,0.3624,-0.5615,0.3624,-0.5615,0.0
21.3,4.3977,1.393,0.5976,2.9553,50,0.0892,-0.5085,0.3624,-0.5615,0.3624,-0.5615,0.3624,-0.5615,0.0
21.35,4.4019,1.3969,0.586,2.9496,50,0.0613,-0.5247,0.3666,-0.5523,0.3666,-0.5523,0.3666,-0.5523,0.0
21.4,4.4105,1.4048,0.5627,2.9382,50,0.0462,-0.5165,0.3624,-0.5548,0.3624,-0.5548,0.3624,-0.5548,0.0
21.449,4.4236,1.4161,0.5273,2.9213,50,0.0233,-0.5039,0.3699,-0.5438,0.3624,-0.5548,0.3624,-0.5548,0.0
21.5,4.4325,1.4234,0.5036,2.9102,50,0.0079,-0.4957,0.3678,-0.5434,0.3678,-0.5434,0.3678,-0.5434,0.0
21.55,4.4415,1.4304,0.4789,2.8992,50,0.0079,-0.471,0.3678,-0.5434,0.3678,-0.5434,0.3678,-0.5434,0.0
21.6,4.4506,1.4373,0.4542,2.8883,50,-0.0154,-0.4697,0.3752,-0.5316,0.3752,-0.5316,0.3752,-0.5316,0.0
21.65,4.4597,1.4439,0.4288,2.8776,50,-0.0312,-0.46,0.3728,-0.5308,0.3728,-0.5308,0.3728,-0.5308,0.0
21.701,4.4736,1.4534,0.3896,2.8618,50,-0.1018,-0.4914,0.3779,-0.5178,0.3779,-0.5178,0.3779,-0.5178,0.0
21.75,4.4831,1.4594,0.3637,2.8514,50,-0.1031,-0.4668,0.3629,-0.543,0.3629,-0.543,0.3629,-0.543,0.0
21.8,4.4927,1.4652,0.338,2.8411,50,-0.1165,-0.4546,0.3719,-0.5219,0.3719,-0.5219,0.3719,-0.5219,0.0
21.85,4.5025,1.4707,0.3124,2.8309,50,-0.13,-0.4423,0.3767,-0.5148,0.3767,-0.5148,0.3767,-0.5148,0.0
21.9,4.5176,1.4785,0.2744,2.8158,50,-0.1502,-0.4245,0.3844,-0.5002,0.3844,-0.5002,0.3844,-0.5002,0.0
21.95,4.5278,1.4834,0.2491,2.806,50,-0.1636,-0.4127,0.3859,-0.4971,0.3859,-0.4971,0.3859,-0.4971,0.0
22.0,4.5382,1.488,0.2243,2.7962,50,-0.184,-0.4082,0.3924,-0.4825,0.3859,-0.4971,0.3859,-0.4971,0.0
22.049,4.5541,1.4944,0.1873,2.7819,50,-0.1462,-0.3335,0.3946,-0.4797,0.3946,-0.4797,0.3924,-0.4825,0.0
22.1,4.5649,1.4983,0.163,2.7726,50,-0.1462,-0.3092,0.3946,-0.4797,0.3946,-0.4797,0.3946,-0.4797,0.0
22.15,4.5757,1.502,0.1388,2.7634,50,-0.0657,-0.2045,0.4192,-0.4307,0.4192,-0.4307,0.4192,-0.4307,0.0
22.2,4.5921,1.507,0.1021,2.75,50,-0.0702,-0.1723,0.4445,-0.3503,0.4445,-0.3503,0.4445,-0.3503,0.0
22.25,4.6031,1.51,0.0775,2.7413,50,-0.0579,-0.1355,0.4535,-0.3215,0.4535,-0.3215,0.4535,-0.3215,0.0
22.3,4.613,1.5126,0.0537,2.7337,50,-0.0615,-0.1152,0.4611,-0.2851,0.4611,-0.2851,0.4611,-0.2851,0.0
22.35,4.6253,1.516,0.0165,2.7239,50,-0.0661,-0.0825,0.465,-0.2495,0.465,-0.2495,0.465,-0.2495,0.0
22.4,4.6346,1.5183,-0.0106,2.7169,50,-0.0689,-0.0583,0.5,0.0,0.5,0.0,0.5,0.0,0.0
22.45,4.6518,1.5214,-0.056,2.7048,50,-0.0734,-0.0174,0.5,0.0,0.5,0.0,0.5,0.0,0.0
22.5,4.6635,1.523,-0.0854,2.6971,50,-0.0763,0.009,0.5,0.0,0.5,0.0,0.5,0.0,0.0
22.551,4.6756,1.524,-0.1125,2.6896,50,-0.08,0.0325,0.5,0.0,0.5,0.0,0.5,0.0,0.0
22.6,4.6878,1.5247,-0.1395,2.6824,50,-0.0335,0.1059,0.5,0.0,0.5,0.0,0.5,0.0,0.0
22.65,4.7007,1.5244,-0.1599,2.6757,50,-0.0342,0.1257,0.5,0.0,0.5,0.0,0.5,0.0,0.0
22.7,4.7135,1.5238,-0.1794,2.6693,50,-0.0342,0.1452,0.5,0.0,0.5,0.0,0.5,0.0,0.0
22.75,4.7251,1.523,-0.1957,2.6638,50,-0.0339,0.1618,0.5,0.0,0.5,0.0,0.5,0.0,0.0
22.8,4.7396,1.5213,-0.2111,2.6576,50,-0.0333,0.1778,0.5,0.0,0.5,0.0,0.5,0.0,0.0
22.85,4.7501,1.5197,-0.2192,2.6535,50,-0.032,0.1872,0.5,0.0,0.5,0.0,0.5,0.0,0.0
22.9,4.7617,1.5175,-0.2242,2.6493,50,-0.0303,0.1939,0.5,0.0,0.5,0.0,0.5,0.0,0.0
22.95,4.7733,1.5152,-0.2289,2.6452,50,-0.0284,0.2005,0.5,0.0,0.5,0.0,0.5,0.0,0.0
23.0,4.7904,1.5111,-0.2275,2.6399,50,0.0049,0.2325,0.5,0.0,0.5,0.0,0.5,0.0,0.0
23.05,4.8018,1.5084,-0.2265,2.6365,43,0.009,0.2355,0.5,0.0,0.5,0.0,0.5,0.0,0.0
23.099,4.8186,1.5043,-0.223,2.6316,43,-0.0117,0.2112,0.5,0.0,0.5,0.0,0.5,0.0,0.0
23.15,4.8298,1.5015,-0.2206,2.6283,43,-0.0052,0.2154,0.5,0.0,0.5,0.0,0.5,0.0,0.0
23.2,4.8467,1.4975,-0.2176,2.6234,43,0.0246,0.2423,0.5,0.0,0.5,0.0,0.5,0.0,0.0
23.25,4.858,1.4949,-0.2156,2.6202,43,0.0312,0.2468,0.5,0.0,0.5,0.0,0.5,0.0,0.0
23.302,4.8694,1.4923,-0.2145,2.6169,43,0.0312,0.2457,0.5,0.0,0.5,0.0,0.5,0.0,0.0
23.35,4.8809,1.4897,-0.2134,2.6136,43,0.0415,0.2549,0.5,0.0,0.5,0.0,0.5,0.0,0.0
23.4,4.8923,1.4871,-0.2121,2.6104,43,0.0487,0.2609,0.5,0.0,0.5,0.0,0.5,0.0,0.0
23.45,4.9093,1.4833,-0.2098,2.6056,43,0.0604,0.2702,0.5,0.0,0.5,0.0,0.5,0.0,0.0
23.5,4.9207,1.4807,-0.2082,2.6025,43,0.0686,0.2768,0.5,0.0,0.5,0.0,0.5,0.0,0.0
23.551,4.9321,1.4782,-0.2064,2.5995,43,0.168,0.3744,0.5,0.0,0.5,0.0,0.5,0.0,0.0
23.6,4.9491,1.4744,-0.2038,2.595,43,0.1829,0.3866,0.4626,0.4734,0.4626,0.4734,0.4626,0.4734,0.0
23.65,4.9604,1.472,-0.202,2.592,43,0.1933,0.3953,0.46,0.4811,0.46,0.4811,0.46,0.4811,0.0
23.7,4.9775,1.4683,-0.1993,2.5876,43,0.2043,0.4036,0.4581,0.4865,0.4581,0.4865,0.4581,0.4865,0.0
23.75,4.9888,1.4658,-0.1975,2.5847,43,0.2217,0.4192,0.4563,0.4916,0.4581,0.4865,0.4581,0.4865,0.0
23.8,5.0002,1.4634,-0.1957,2.5818,43,0.2341,0.4297,0.4529,0.501,0.4529,0.501,0.4529,0.501,0.0
23.85,5.0173,1.4598,-0.1929,2.5775,43,0.2538,0.4466,0.4509,0.5067,0.4509,0.5067,0.4509,0.5067,0.0
23.9,5.0286,1.4575,-0.191,2.5747,43,0.2803,0.4714,0.4468,0.5171,0.4509,0.5067,0.4509,0.5067,0.0
23.95,5.0457,1.454,-0.1884,2.5706,43,0.2995,0.4879,0.4414,0.5308,0.4414,0.5308,0.4414,0.5308,0.0
24.0,5.0571,1.4517,-0.1866,2.5678,43,0.313,0.4996,0.4342,0.5475,0.4414,0.5308,0.4414,0.5308,0.0
24.05,5.0655,1.4501,-0.1864,2.5657,43,0.3303,0.5168,0.4348,0.5474,0.4342,0.5475,0.4342,0.5475,0.0
24.1,5.0738,1.4485,-0.1865,2.5637,44,0.3303,0.5168,0.4348,0.5474,0.4348,0.5474,0.4348,0.5474,0.0
24.15,5.0863,1.4458,-0.1815,2.5611,44,-0.0232,0.1582,0.4312,0.5569,0.4312,0.5569,0.4312,0.5569,0.0
24.2,5.0947,1.4438,-0.1763,2.5594,44,-0.0166,0.1597,0.4921,0.3081,0.4921,0.3081,0.4921,0.3081,0.0
24.25,5.103,1.4417,-0.1687,2.5579,44,-0.0116,0.157,0.4913,0.3095,0.4913,0.3095,0.4913,0.3095,0.0
24.3,5.1154,1.4384,-0.1531,2.5559,44,0.023,0.1762,0.4899,0.3019,0.4899,0.3019,0.4899,0.3019,0.0
24.35,5.1236,1.4362,-0.1404,2.5547,44,0.0288,0.1692,0.4849,0.3251,0.4849,0.3251,0.4849,0.3251,0.0
24.401,5.1276,1.435,-0.1327,2.5542,44,0.0383,0.171,0.4823,0.3113,0.4849,0.3251,0.4849,0.3251,0.0
24.45,5.1357,1.4327,-0.1173,2.5531,44,0.0383,0.1556,0.4823,0.3113,0.4823,0.3113,0.4823,0.3113,0.0
24.5,5.1438,1.4304,-0.0995,2.5521,44,0.0449,0.1444,0.4787,0.3055,0.4787,0.3055,0.4787,0.3055,0.0
24.551,5.156,1.4268,-0.0686,2.5506,44,0.0558,0.1244,0.476,0.2837,0.476,0.2837,0.476,0.2837,0.0
24.6,5.1648,1.4247,-0.0491,2.5492,44,0.0633,0.1124,0.4736,0.2732,0.476,0.2837,0.476,0.2837,0.0
24.65,5.1746,1.4229,-0.0323,2.5472,44,0.0742,0.1066,0.4735,0.2495,0.4735,0.2495,0.4735,0.2495,0.0
24.7,5.1896,1.4207,-0.0095,2.5435,44,0.081,0.0905,0.4741,0.2434,0.4741,0.2434,0.4741,0.2434,0.0
24.75,5.1996,1.4197,0.003,2.5408,44,0.2391,0.2361,0.5,0.0,0.5,0.0,0.5,0.0,0.0
24.8,5.2148,1.4184,0.0205,2.5364,44,0.2463,0.2259,0.5,0.0,0.5,0.0,0.5,0.0,0.0
24.85,5.2248,1.4177,0.0325,2.5334,44,0.2573,0.2249,0.5,0.0,0.5,0.0,0.5,0.0,0.0
24.9,5.2348,1.4171,0.0445,2.5303,44,0.2648,0.2203,0.5,0.0,0.5,0.0,0.5,0.0,0.0
24.95,5.245,1.4167,0.0559,2.5271,44,0.2648,0.2089,0.5,0.0,0.5,0.0,0.5,0.0,0.0
25.0,5.2551,1.4164,0.0671,2.5238,44,0.276,0.2088,0.5,0.0,0.5,0.0,0.5,0.0,0.0
25.05,5.2653,1.4162,0.0781,2.5204,44,0.2873,0.2091,0.5,0.0,0.5,0.0,0.5,0.0,0.0
25.1,5.2756,1.4162,0.0886,2.5169,43,0.3403,0.2517,0.5,0.0,0.5,0.0,0.5,0.0,0.0
25.154,5.2918,1.4166,0.1027,2.511,43,0.1278,0.0252,0.5,0.0,0.5,0.0,0.5,0.0,0.0
25.2,5.3036,1.4174,0.1082,2.5062,43,0.1314,0.0233,0.5,0.0,0.5,0.0,0.5,0.0,0.0
25.25,5.3155,1.4183,0.1134,2.5015,43,0.1333,0.0199,0.5,0.0,0.5,0.0,0.5,0.0,0.0
25.3,5.3272,1.4196,0.1139,2.4964,43,0.1333,0.0194,0.5,0.0,0.5,0.0,0.5,0.0,0.0
25.35,5.339,1.4209,0.1143,2.4913,43,0.1577,0.0434,0.5,0.0,0.5,0.0,0.5,0.0,0.0
25.402,5.3508,1.4223,0.1147,2.4863,43,0.159,0.0443,0.5,0.0,0.5,0.0,0.5,0.0,0.0
25.45,5.3684,1.4243,0.1153,2.4789,43,0.161,0.0458,0.5,0.0,0.5,0.0,0.5,0.0,0.0
25.501,5.3743,1.4249,0.1155,2.4764,43,0.1625,0.047,0.5,0.0,0.5,0.0,0.5,0.0,0.0
25.55,5.3861,1.4263,0.116,2.4715,43,0.1625,0.0466,0.5,0.0,0.5,0.0,0.5,0.0,0.0
25.6,5.3978,1.4276,0.1164,2.4667,43,0.1649,0.0484,0.5,0.0,0.5,0.0,0.5,0.0,0.0
25.65,5.4095,1.4289,0.1172,2.462,43,0.1666,0.0494,0.5,0.0,0.5,0.0,0.5,0.0,0.0
25.7,5.427,1.4308,0.1188,2.455,43,0.2072,0.0884,0.5,0.0,0.5,0.0,0.5,0.0,0.0
25.75,5.4386,1.4321,0.1202,2.4504,43,0.21,0.0898,0.5,0.0,0.5,0.0,0.5,0.0,0.0
25.801,5.4386,1.4321,0.1202,2.4504,43,0.21,0.0898,0.5,0.0,0.5,0.0,0.5,0.0,0.0
25.85,5.4502,1.4334,0.1219,2.4459,43,0.2146,0.0927,0.5,0.0,0.5,0.0,0.5,0.0,0.0
25.901,5.4618,1.4347,0.1236,2.4414,43,0.2179,0.0943,0.5,0.0,0.5,0.0,0.5,0.0,0.0
25.95,5.4791,1.4366,0.1266,2.4348,43,0.3779,0.2513,0.5,0.0,0.5,0.0,0.5,0.0,0.0
26.001,5.4906,1.4379,0.1286,2.4305,43,0.4614,0.3328,0.5,0.0,0.5,0.0,0.5,0.0,0.0
26.05,5.5021,1.4392,0.1306,2.4261,43,0.4614,0.3308,0.5,0.0,0.5,0.0,0.5,0.0,0.0
26.1,5.5136,1.4406,0.1326,2.4218,43,0.4744,0.3418,0.4697,0.4455,0.4697,0.4455,0.4697,0.4455,0.0
26.15,5.5251,1.442,0.1345,2.4175,37,0.4836,0.349,0.4676,0.4529,0.4676,0.4529,0.4676,0.4529,0.0
26.2,5.5424,1.4441,0.1375,2.4111,37,0.9192,0.7818,0.4663,0.457,0.4663,0.457,0.4663,0.457,0.0
26.25,5.5539,1.4456,0.1394,2.4069,37,0.9394,0.8001,0.3474,0.6849,0.4663,0.457,0.4663,0.457,0.0
26.3,5.5654,1.447,0.1413,2.4027,37,0.9712,0.83,0.341,0.6924,0.341,0.6924,0.341,0.6924,0.0
26.35,5.5827,1.4493,0.144,2.3964,37,0.9934,0.8494,0.33,0.7053,0.33,0.7053,0.33,0.7053,0.0
26.4,5.5942,1.4508,0.1458,2.3923,37,1.0627,0.9168,0.3228,0.7135,0.3228,0.7135,0.3228,0.7135,0.0
26.45,5.6103,1.4528,0.151,2.3867,37,1.0838,0.9329,0.2964,0.7413,0.2964,0.7413,0.2964,0.7413,0.0
26.5,5.6193,1.4535,0.1597,2.3841,37,1.1126,0.9529,0.2868,0.7465,0.2868,0.7465,0.2868,0.7465,0.0
26.55,5.6283,1.4542,0.1693,2.3815,37,1.1307,0.9614,0.2727,0.7542,0.2868,0.7465,0.2868,0.7465,0.0
26.6,5.6374,1.4546,0.1836,2.3791,37,1.1307,0.9471,0.2727,0.7542,0.2727,0.7542,0.2727,0.7542,0.0
26.651,5.6465,1.4551,0.1988,2.3767,37,1.1592,0.9604,0.2592,0.7538,0.2592,0.7538,0.2592,0.7538,0.0
26.701,5.651,1.4554,0.2067,2.3755,37,1.1787,0.9721,0.2423,0.7591,0.2423,0.7591,0.2423,0.7591,0.0
26.75,5.6618,1.4552,0.2384,2.3735,37,1.205,0.9666,0.232,0.7556,0.232,0.7556,0.232,0.7556,0.0
26.8,5.6688,1.455,0.2614,2.3723,37,1.2392,0.9778,0.2322,0.757,0.2322,0.757,0.2322,0.757,0.0
26.85,5.6796,1.4548,0.3004,2.3704,37,1.2606,0.9602,0.232,0.7557,0.2322,0.757,0.2322,0.757,0.0
26.9,5.6866,1.4548,0.3268,2.369,37,1.2749,0.948,0.2318,0.7538,0.2318,0.7538,0.2318,0.7538,0.0
26.951,5.6935,1.4546,0.3574,2.3679,37,1.2749,0.9174,0.2318,0.7538,0.2318,0.7538,0.2318,0.7538,0.0
27.0,5.7002,1.4546,0.3876,2.3666,37,1.296,0.9084,0.2302,0.7419,0.2302,0.7419,0.2302,0.7419,0.0
27.05,5.7099,1.4545,0.436,2.3649,37,1.3098,0.8738,0.2297,0.7383,0.2297,0.7383,0.2297,0.7383,0.0
27.1,5.7161,1.4546,0.4687,2.3638,37,1.4049,0.9362,0.2278,0.7241,0.2278,0.7241,0.2278,0.7241,0.0
27.15,5.7223,1.4546,0.5039,2.3626,37,1.4173,0.9135,0.2312,0.7495,0.2312,0.7495,0.2312,0.7495,0.0
27.201,5.7284,1.4545,0.5417,2.3616,37,1.4359,0.8941,0.2289,0.7326,0.2289,0.7326,0.2289,0.7326,0.0
27.25,5.7345,1.4547,0.5796,2.3604,37,1.2243,0.6447,0.2268,0.7168,0.2289,0.7326,0.2289,0.7326,0.0
27.3,5.7376,1.4548,0.6003,2.3598,37,1.2243,0.624,0.2268,0.7168,0.2268,0.7168,0.2268,0.7168,0.0
27.35,5.7439,1.4552,0.6419,2.3583,37,1.2452,0.6034,0.2112,0.6016,0.2112,0.6016,0.2112,0.6016,0.0
27.4,5.7503,1.4558,0.6835,2.3567,37,1.2594,0.5759,0.2098,0.5912,0.2098,0.5912,0.2098,0.5912,0.0
27.45,5.7566,1.4567,0.7247,2.3547,37,1.3209,0.5962,0.2065,0.5664,0.2098,0.5912,0.2098,0.5912,0.0
27.5,5.7659,1.4586,0.7866,2.3513,37,1.3349,0.5483,0.2079,0.5771,0.2065,0.5664,0.2065,0.5664,0.0
27.55,5.7721,1.4602,0.8274,2.3487,37,1.3557,0.5283,0.2045,0.5518,0.2079,0.5771,0.2079,0.5771,0.0
27.6,5.7813,1.4632,0.8886,2.3444,37,1.3695,0.4809,0.203,0.5408,0.2045,0.5518,0.2045,0.5518,0.0
27.65,5.7872,1.4655,0.9293,2.3412,37,1.3575,0.4283,0.2111,0.5139,0.203,0.5408,0.203,0.5408,0.0
27.7,5.7931,1.468,0.9699,2.3378,37,1.3575,0.3876,0.2111,0.5139,0.2111,0.5139,0.2111,0.5139,0.0
27.75,5.7989,1.4709,1.0103,2.3342,37,1.37,0.3597,0.2311,0.4822,0.2311,0.4822,0.2311,0.4822,0.0
27.8,5.8075,1.4759,1.0687,2.328,37,1.3885,0.3198,0.2551,0.4517,0.2551,0.4517,0.2551,0.4517,0.0
27.85,5.813,1.4796,1.1074,2.3235,37,1.4006,0.2932,0.2728,0.4381,0.2551,0.4517,0.2551,0.4517,0.0
27.9,5.8184,1.4835,1.1461,2.3189,37,1.4185,0.2725,0.2967,0.4054,0.2967,0.4054,0.2967,0.4054,0.0
27.95,5.8237,1.4876,1.1849,2.3142,37,1.4386,0.2537,0.3076,0.3897,0.3076,0.3897,0.3076,0.3897,0.0
28.0,5.8314,1.494,1.2432,2.3067,37,1.4568,0.2136,0.3206,0.359,0.3206,0.359,0.3206,0.359,0.0
28.05,5.8363,1.4985,1.2822,2.3016,37,1.4666,0.1843,0.3341,0.3412,0.3341,0.3412,0.3341,0.3412,0.0
28.1,5.8434,1.5057,1.3406,2.2936,37,1.481,0.1404,0.348,0.2954,0.348,0.2954,0.3341,0.3412,0.0
28.15,5.8457,1.5082,1.36,2.2908,37,1.481,0.121,0.348,0.2954,0.348,0.2954,0.348,0.2954,0.0
28.2,5.8501,1.5136,1.3977,2.2849,37,1.4905,0.0928,0.3552,0.2694,0.3552,0.2694,0.3552,0.2694,0.0
28.25,5.8543,1.5196,1.4334,2.2784,35,1.579,0.1457,0.5,0.0,0.5,0.0,0.5,0.0,0.0
28.3,5.8581,1.5258,1.469,2.2718,35,1.5829,0.114,0.5,0.0,0.5,0.0,0.5,0.0,0.0
28.35,5.8629,1.5367,1.5147,2.2603,35,1.5927,0.078,0.5,0.0,0.5,0.0,0.5,0.0,0.0
28.4,5.8656,1.5442,1.5442,2.2526,35,1.5957,0.0516,0.5,0.0,0.5,0.0,0.5,0.0,0.0
28.45,5.8678,1.5525,1.5696,2.2441,35,1.5957,0.0262,0.5,0.0,0.5,0.0,0.5,0.0,0.0
28.5,5.8697,1.5607,1.5934,2.2357,35,1.5996,0.0062,0.5,0.0,0.5,0.0,0.5,0.0,0.0
28.55,5.8712,1.5694,1.615,2.2269,35,1.6017,-0.0133,0.5,0.0,0.5,0.0,0.5,0.0,0.0
28.6,5.8722,1.5785,1.6335,2.2177,35,1.6042,-0.0293,0.5,0.0,0.5,0.0,0.5,0.0,0.0
28.65,5.873,1.5877,1.6513,2.2085,35,1.6046,-0.0467,0.5,0.0,0.5,0.0,0.5,0.0,0.0
28.7,5.873,1.6055,1.6716,2.1908,35,1.6056,-0.0661,0.5,0.0,0.5,0.0,0.5,0.0,0.0
28.75,5.8726,1.6177,1.6835,2.1788,35,1.6058,-0.0777,0.5,0.0,0.5,0.0,0.5,0.0,0.0
28.799,5.8718,1.6299,1.6904,2.1668,35,1.6054,-0.0851,0.5,0.0,0.5,0.0,0.5,0.0,0.0
28.85,5.8702,1.6482,1.699,2.1488,35,1.6054,-0.0936,0.5,0.0,0.5,0.0,0.5,0.0,0.0
28.9,5.8687,1.6602,1.6996,2.137,35,1.6044,-0.0952,0.5,0.0,0.5,0.0,0.5,0.0,0.0
28.95,5.8672,1.6723,1.7001,2.1253,35,1.5814,-0.1187,0.5,0.0,0.5,0.0,0.5,0.0,0.0
29.0,5.8648,1.6903,1.6993,2.1078,35,1.58,-0.1193,0.5,0.0,0.5,0.0,0.5,0.0,0.0
29.05,5.8632,1.7022,1.6983,2.0961,35,1.5778,-0.1205,0.5,0.0,0.5,0.0,0.5,0.0,0.0
29.1,5.8616,1.7141,1.6979,2.0846,35,1.5762,-0.1217,0.5,0.0,0.5,0.0,0.5,0.0,0.0
29.15,5.8594,1.7317,1.6984,2.0674,35,1.574,-0.1243,0.5,0.0,0.5,0.0,0.5,0.0,0.0
29.2,5.858,1.7434,1.6993,2.056,35,1.5726,-0.1267,0.5,0.0,0.5,0.0,0.5,0.0,0.0
29.25,5.8566,1.755,1.701,2.0448,32,1.5706,-0.1304,0.5,0.0,0.5,0.0,0.5,0.0,0.0
29.3,5.8552,1.7665,1.7027,2.0335,32,1.5703,-0.1323,0.5,0.0,0.5,0.0,0.5,0.0,0.0
29.35,5.8532,1.7837,1.7061,2.0168,32,1.5683,-0.1379,0.5,0.0,0.5,0.0,0.5,0.0,0.0
29.4,5.8518,1.7952,1.7084,2.0056,32,1.5672,-0.1412,0.5,0.0,0.5,0.0,0.5,0.0,0.0
29.45,5.8504,1.8066,1.7107,1.9945,32,1.5651,-0.1456,0.5,0.0,0.5,0.0,0.5,0.0,0.0
29.5,5.8482,1.8238,1.7141,1.9778,32,1.5636,-0.1505,0.5,0.0,0.5,0.0,0.5,0.0,0.0
29.55,5.8467,1.8353,1.7162,1.9667,32,1.5612,-0.1549,0.5,0.0,0.5,0.0,0.5,0.0,0.0
29.6,5.8444,1.8525,1.7194,1.95,32,1.5596,-0.1598,0.5,0.0,0.5,0.0,0.5,0.0,0.0
29.65,5.8429,1.864,1.7213,1.9389,32,1.5579,-0.1634,0.5,0.0,0.5,0.0,0.5,0.0,0.0
29.7,5.8405,1.8812,1.7242,1.9222,32,1.5579,-0.1662,0.5,0.0,0.5,0.0,0.5,0.0,0.0
29.75,5.8388,1.8927,1.7259,1.9111,32,1.5562,-0.1697,0.5,0.0,0.5,0.0,0.5,0.0,0.0
29.8,5.8372,1.9043,1.7277,1.9,32,1.5536,-0.1741,0.5,0.0,0.5,0.0,0.5,0.0,0.0
29.85,5.8355,1.9158,1.7295,1.889,32,1.5517,-0.1777,0.5,0.0,0.5,0.0,0.5,0.0,0.0
29.9,5.8338,1.9273,1.7312,1.8779,32,1.5842,-0.147,0.5,0.0,0.5,0.0,0.5,0.0,0.0
29.95,5.8312,1.9445,1.7339,1.8613,32,1.5827,-0.1512,0.5,0.0,0.5,0.0,0.5,0.0,0.0
30.0,5.8294,1.956,1.7356,1.8503,32,1.5801,-0.1556,0.5,0.0,0.5,0.0,0.5,0.0,0.0
30.05,5.8276,1.9675,1.7374,1.8392,32,1.5776,-0.1597,0.5,0.0,0.5,0.0,0.5,0.0,0.0
30.1,5.8249,1.9847,1.7399,1.8227,32,1.5759,-0.164,0.5,0.0,0.5,0.0,0.5,0.0,0.0
30.15,5.8231,1.9962,1.7416,1.8117,32,1.5742,-0.1674,0.5,0.0,0.5,0.0,0.5,0.0,0.0
30.2,5.8203,2.0134,1.7443,1.7952,32,1.5714,-0.1728,0.5,0.0,0.5,0.0,0.5,0.0,0.0
30.25,5.8185,2.0249,1.746,1.7843,32,1.5695,-0.1765,0.5,0.0,0.5,0.0,0.5,0.0,0.0
30.3,5.8166,2.0364,1.7479,1.7734,28,1.5797,-0.1682,0.5,0.0,0.5,0.0,0.5,0.0,0.0
30.35,5.8137,2.0536,1.7506,1.757,28,1.578,-0.1727,0.5,0.0,0.5,0.0,0.5,0.0,0.0
30.4,5.8117,2.065,1.7524,1.7461,28,1.5752,-0.1773,0.5,0.0,0.5,0.0,0.5,0.0,0.0
30.45,5.8088,2.0822,1.7551,1.7298,28,1.5732,-0.1819,0.5,0.0,0.5,0.0,0.5,0.0,0.0
30.5,5.8068,2.0937,1.7569,1.719,28,1.5732,-0.1837,0.5,0.0,0.5,0.0,0.5,0.0,0.0
30.55,5.8048,2.1051,1.7587,1.7081,28,1.5675,-0.1912,0.5,0.0,0.5,0.0,0.5,0.0,0.0
30.6,5.8017,2.1223,1.7614,1.6919,28,1.5645,-0.1969,0.5,0.0,0.5,0.0,0.5,0.0,0.0
30.65,5.7996,2.1337,1.7632,1.6811,28,1.5624,-0.2008,0.5,0.0,0.5,0.0,0.5,0.0,0.0
30.7,5.7965,2.1508,1.7659,1.665,28,1.5603,-0.2057,0.5,0.0,0.5,0.0,0.5,0.0,0.0
30.75,5.7944,2.1623,1.7677,1.6542,28,1.5569,-0.2108,0.5,0.0,0.5,0.0,0.5,0.0,0.0
30.8,5.7922,2.1737,1.7695,1.6435,28,1.552,-0.2175,0.5,0.0,0.5,0.0,0.5,0.0,0.0
30.85,5.789,2.1908,1.7722,1.6275,28,1.5347,-0.2375,0.5,0.0,0.5,0.0,0.5,0.0,0.0
30.9,5.7868,2.2022,1.774,1.6168,28,1.5322,-0.2418,0.5,0.0,0.5,0.0,0.5,0.0,0.0
30.95,5.7846,2.2137,1.7757,1.6062,28,1.5283,-0.2475,0.5,0.0,0.5,0.0,0.5,0.0,0.0
31.0,5.7824,2.2251,1.7775,1.5955,28,1.5242,-0.2533,0.5,0.0,0.5,0.0,0.5,0.0,0.0
31.05,5.779,2.2422,1.7802,1.5796,28,1.5214,-0.2588,0.5,0.0,0.5,0.0,0.5,0.0,0.0
31.1,5.7767,2.2536,1.782,1.5691,28,1.5185,-0.2635,0.5,0.0,0.5,0.0,0.5,0.0,0.0
31.15,5.7744,2.2649,1.7839,1.5585,28,1.5121,-0.2718,0.5,0.0,0.5,0.0,0.5,0.0,0.0
31.2,5.7709,2.282,1.7866,1.5428,28,1.5091,-0.2775,0.5,0.0,0.5,0.0,0.5,0.0,0.0
31.25,5.7685,2.2934,1.7884,1.5323,28,1.5091,-0.2793,0.5,0.0,0.5,0.0,0.5,0.0,0.0
31.3,5.7662,2.3048,1.7902,1.5219,28,1.5046,-0.2856,0.5,0.0,0.5,0.0,0.5,0.0,0.0
31.35,5.7638,2.3161,1.792,1.5114,25,1.5015,-0.2905,0.4797,-0.414,0.4797,-0.414,0.4797,-0.414,0.0
31.401,5.7601,2.3332,1.7947,1.4958,25,1.4965,-0.2982,0.4789,-0.4182,0.4789,-0.4182,0.4789,-0.4182,0.0
31.45,5.7577,2.3446,1.7965,1.4855,25,1.4934,-0.3031,0.4779,-0.423,0.4779,-0.423,0.4779,-0.423,0.0
31.5,5.7552,2.3559,1.7983,1.4752,25,1.4886,-0.3097,0.4771,-0.4271,0.4771,-0.4271,0.4771,-0.4271,0.0
31.55,5.7515,2.3729,1.801,1.4597,25,1.4853,-0.3157,0.4761,-0.4317,0.4761,-0.4317,0.4761,-0.4317,0.0
31.6,5.749,2.3843,1.8028,1.4495,25,1.4723,-0.3305,0.4751,-0.4359,0.4761,-0.4317,0.4761,-0.4317,0.0
31.65,5.7449,2.4015,1.8033,1.434,25,1.4672,-0.3362,0.4728,-0.4459,0.4728,-0.4459,0.4728,-0.4459,0.0
31.7,5.7418,2.4135,1.8,1.4234,25,1.4631,-0.3369,0.4723,-0.448,0.4723,-0.448,0.4723,-0.448,0.0
31.75,5.7388,2.4254,1.7967,1.4128,25,1.4589,-0.3378,0.4722,-0.4485,0.4723,-0.448,0.4723,-0.448,0.0
31.8,5.7338,2.4432,1.7841,1.3972,25,1.4674,-0.3167,0.4699,-0.4446,0.4699,-0.4446,0.4699,-0.4446,0.0
31.85,5.7305,2.4551,1.7756,1.3868,25,1.4631,-0.3125,0.4701,-0.433,0.4701,-0.433,0.4701,-0.433,0.0
31.9,5.7273,2.4684,1.7689,1.375,25,1.4579,-0.311,0.4682,-0.4296,0.4682,-0.4296,0.4682,-0.4296,0.0
31.95,5.7252,2.4773,1.7653,1.3671,25,1.4549,-0.3105,0.4668,-0.4308,0.4668,-0.4308,0.4668,-0.4308,0.0
32.0,5.7209,2.4945,1.7534,1.3521,25,1.4317,-0.3217,0.4662,-0.4264,0.4668,-0.4308,0.4668,-0.4308,0.0
32.05,5.718,2.5063,1.7445,1.3418,25,1.4274,-0.317,0.4622,-0.4363,0.4662,-0.4264,0.4662,-0.4264,0.0
32.1,5.7149,2.518,1.7304,1.3317,25,1.4207,-0.3097,0.4623,-0.4263,0.4622,-0.4363,0.4622,-0.4363,0.0
32.15,5.7119,2.5298,1.7162,1.3215,25,1.4207,-0.2955,0.4623,-0.4263,0.4623,-0.4263,0.4623,-0.4263,0.0
32.2,5.7074,2.5475,1.6905,1.3062,25,1.4161,-0.2743,0.4615,-0.421,0.4615,-0.421,0.4615,-0.421,0.0
32.25,5.7046,2.5594,1.6719,1.2959,25,1.4091,-0.2629,0.4604,-0.4057,0.4604,-0.4057,0.4604,-0.4057,0.0
32.3,5.7007,2.5774,1.6439,1.2803,25,1.3816,-0.2623,0.459,-0.3971,0.459,-0.3971,0.459,-0.3971,0.0
32.35,5.6984,2.5895,1.6252,1.2698,21,1.3747,-0.2505,0.4549,-0.3967,0.4549,-0.3967,0.4549,-0.3967,0.0
32.4,5.6973,2.5955,1.6158,1.2645,21,1.3983,-0.2175,0.4549,-0.3877,0.4549,-0.3877,0.4549,-0.3877,0.0
32.45,5.6953,2.6075,1.5966,1.254,21,1.3381,-0.2585,0.4634,-0.3449,0.4549,-0.3877,0.4549,-0.3877,0.0
32.5,5.6936,2.6196,1.5775,1.2433,21,1.3381,-0.2393,0.4634,-0.3449,0.4634,-0.3449,0.4634,-0.3449,0.0
32.55,5.6914,2.6378,1.5489,1.2272,21,1.3339,-0.215,0.4537,-0.379,0.4537,-0.379,0.4537,-0.379,0.0
32.6,5.6902,2.65,1.5303,1.2162,21,1.3169,-0.2134,0.458,-0.3592,0.458,-0.3592,0.458,-0.3592,0.0
32.65,5.6893,2.6622,1.5118,1.2052,21,1.3128,-0.199,0.4612,-0.35,0.4612,-0.35,0.4612,-0.35,0.0
32.701,5.6885,2.6808,1.4849,1.1884,21,1.307,-0.1779,0.4632,-0.3375,0.4632,-0.3375,0.4632,-0.3375,0.0
32.75,5.6883,2.6932,1.4677,1.1769,21,1.2684,-0.1992,0.4658,-0.3267,0.4658,-0.3267,0.4658,-0.3267,0.0
32.8,5.6883,2.7058,1.4508,1.1654,21,1.2628,-0.188,0.4654,-0.3384,0.4658,-0.3267,0.4658,-0.3267,0.0
32.85,5.6885,2.7183,1.434,1.1537,21,1.2592,-0.1748,0.4681,-0.3283,0.4681,-0.3283,0.4681,-0.3283,0.0
32.9,5.689,2.7309,1.4175,1.142,21,1.2592,-0.1583,0.4681,-0.3283,0.4681,-0.3283,0.4681,-0.3283,0.0
32.95,5.6897,2.7435,1.4017,1.1301,21,1.2541,-0.1476,0.4727,-0.3081,0.4727,-0.3081,0.4727,-0.3081,0.0
33.0,5.6907,2.7562,1.3864,1.118,21,1.2116,-0.1749,0.4751,-0.2976,0.4751,-0.2976,0.4751,-0.2976,0.0
33.051,5.6919,2.769,1.3712,1.1059,21,1.2065,-0.1647,0.4723,-0.3168,0.4751,-0.2976,0.4751,-0.2976,0.0
33.1,5.6933,2.7816,1.3559,1.0937,21,1.2033,-0.1527,0.4745,-0.307,0.4745,-0.307,0.4745,-0.307,0.0
33.151,5.6959,2.8008,1.334,1.0752,21,1.1884,-0.1456,0.4782,-0.2876,0.4745,-0.307,0.4745,-0.307,0.0
33.2,5.6979,2.8135,1.3198,1.0628,21,1.1854,-0.1344,0.4786,-0.2883,0.4786,-0.2883,0.4786,-0.2883,0.0
33.25,5.7001,2.8263,1.3057,1.0503,21,1.1854,-0.1203,0.4786,-0.2883,0.4786,-0.2883,0.4786,-0.2883,0.0
33.3,5.7024,2.839,1.2916,1.0378,21,1.1811,-0.1105,0.4819,-0.2687,0.4819,-0.2687,0.4819,-0.2687,0.0
33.35,5.705,2.8517,1.2776,1.0252,21,1.3646,0.087,0.4845,-0.2492,0.4845,-0.2492,0.4845,-0.2492,0.0
33.4,5.7078,2.8645,1.2645,1.0124,17,1.3644,0.1,0.4978,0.2371,0.4978,0.2371,0.4978,0.2371,0.0
33.45,5.7093,2.8709,1.2581,1.006,17,1.3644,0.1063,0.4978,0.2371,0.4978,0.2371,0.4978,0.2371,0.0
33.5,5.7108,2.8773,1.2518,0.9995,17,1.3632,0.1114,0.4972,0.2526,0.4978,0.2371,0.4978,0.2371,0.0
33.55,5.714,2.89,1.239,0.9867,17,1.3632,0.1242,0.4972,0.2526,0.4972,0.2526,0.4972,0.2526,0.0
33.6,5.7174,2.9027,1.2261,0.9738,17,1.3644,0.1383,0.4961,0.273,0.4961,0.273,0.4961,0.273,0.0
33.65,5.7191,2.909,1.2197,0.9673,17,1.3616,0.1419,0.4952,0.288,0.4961,0.273,0.4961,0.273,0.0
33.7,5.7209,2.9154,1.2134,0.9609,17,1.3616,0.1482,0.4952,0.288,0.4952,0.288,0.4952,0.288,0.0
33.75,5.7228,2.9217,1.2074,0.9543,17,1.3637,0.1564,0.4941,0.3042,0.4952,0.288,0.4952,0.288,0.0
33.8,5.7287,2.9408,1.1902,0.9345,17,1.3665,0.1763,0.493,0.3173,0.4941,0.3042,0.4941,0.3042,0.0
33.85,5.733,2.9536,1.1794,0.9212,17,1.372,0.1925,0.4913,0.335,0.493,0.3173,0.493,0.3173,0.0
33.9,5.7374,2.9663,1.169,0.9078,17,1.372,0.203,0.4913,0.335,0.4913,0.335,0.4913,0.335,0.0
33.953,5.7414,2.9777,1.1602,0.8959,17,1.3765,0.2163,0.4892,0.3534,0.4892,0.3534,0.4913,0.335,0.0
34.0,5.7451,2.9873,1.1536,0.8856,17,1.3683,0.2147,0.488,0.3628,0.488,0.3628,0.488,0.3628,0.0
34.05,5.7488,2.9969,1.1462,0.8754,17,1.372,0.2258,0.4881,0.362,0.488,0.3628,0.488,0.3628,0.0
34.1,5.7527,3.0059,1.1456,0.8655,17,1.4111,0.2655,0.4872,0.3686,0.4881,0.362,0.4881,0.362,0.0
34.15,5.7588,3.0193,1.1451,0.8509,17,1.4111,0.266,0.4872,0.3686,0.4872,0.3686,0.4872,0.3686,0.0
34.2,5.7631,3.0278,1.1511,0.8413,17,1.4169,0.2657,0.4824,0.3993,0.4824,0.3994,0.4824,0.3994,0.0
34.25,5.7675,3.0364,1.1579,0.8316,17,1.427,0.2691,0.4824,0.3993,0.4824,0.3993,0.4824,0.3993,0.0
34.3,5.7742,3.0489,1.173,0.8175,17,1.4345,0.2615,0.482,0.4018,0.482,0.4018,0.482,0.4018,0.0
34.35,5.7788,3.0572,1.1857,0.808,17,1.4467,0.261,0.4777,0.3961,0.4777,0.3961,0.4777,0.3961,0.0
34.4,5.7833,3.0654,1.2005,0.7986,17,1.4555,0.255,0.4728,0.3957,0.4728,0.3957,0.4728,0.3957,0.0
34.45,5.7901,3.0776,1.2251,0.7847,14,1.4327,0.2077,0.4669,0.3847,0.4669,0.3847,0.4669,0.3847,0.0
34.5,5.7944,3.086,1.2409,0.7753,14,1.4291,0.1882,0.4698,0.353,0.4669,0.3847,0.4669,0.3847,0.0
34.55,5.7986,3.0946,1.2565,0.7657,14,1.4363,0.1798,0.4696,0.3289,0.4696,0.3289,0.4696,0.3289,0.0
34.6,5.8047,3.1075,1.2799,0.7514,14,1.4435,0.1636,0.4688,0.3213,0.4688,0.3213,0.4688,0.3213,0.0
34.65,5.8086,3.1162,1.2958,0.7419,14,1.4542,0.1585,0.47,0.3057,0.47,0.3057,0.47,0.3057,0.0
34.7,5.8123,3.1249,1.3116,0.7325,14,1.4613,0.1497,0.4706,0.3005,0.4706,0.3005,0.4706,0.3005,0.0
34.75,5.8176,3.1381,1.3353,0.7183,14,1.4265,0.0912,0.4729,0.2834,0.4729,0.2834,0.4729,0.2834,0.0
34.8,5.821,3.147,1.3511,0.7088,14,1.4315,0.0803,0.5,0.0,0.4729,0.2834,0.4729,0.2834,0.0
34.85,5.8243,3.156,1.3669,0.6994,14,1.4512,0.0843,0.5,0.0,0.5,0.0,0.5,0.0,0.0
34.9,5.8289,3.1695,1.3906,0.6852,14,1.4562,0.0656,0.5,0.0,0.5,0.0,0.5,0.0,0.0
34.95,5.8318,3.1786,1.4061,0.6758,14,1.4634,0.0573,0.5,0.0,0.5,0.0,0.5,0.0,0.0
35.0,5.8359,3.1924,1.4287,0.6616,14,1.468,0.0393,0.5,0.0,0.5,0.0,0.5,0.0,0.0
35.05,5.8372,3.1971,1.4361,0.6569,14,1.468,0.032,0.5,0.0,0.5,0.0,0.5,0.0,0.0
35.1,5.8408,3.2112,1.4575,0.6427,14,1.4107,-0.0468,0.5,0.0,0.5,0.0,0.5,0.0,0.0
35.15,5.843,3.2208,1.4713,0.6332,14,1.4127,-0.0586,0.5,0.0,0.5,0.0,0.5,0.0,0.0
35.2,5.845,3.2304,1.4847,0.6237,14,1.415,-0.0697,0.5,0.0,0.5,0.0,0.5,0.0,0.0
35.25,5.8477,3.2459,1.5026,0.6089,14,1.416,-0.0866,0.5,0.0,0.5,0.0,0.5,0.0,0.0
35.3,5.8491,3.2576,1.5107,0.5979,14,1.4158,-0.095,0.5,0.0,0.5,0.0,0.5,0.0,0.0
35.35,5.8504,3.2694,1.5183,0.587,14,1.338,-0.1803,0.5,0.0,0.5,0.0,0.5,0.0,0.0
35.4,5.8516,3.2872,1.5215,0.571,14,1.3313,-0.1902,0.5,0.0,0.5,0.0,0.5,0.0,0.0
35.45,5.8523,3.2991,1.5233,0.5604,14,1.326,-0.1973,0.5,0.0,0.5,0.0,0.5,0.0,0.0
35.5,5.8529,3.311,1.5233,0.5499,42,1.326,-0.1973,0.5,0.0,0.5,0.0,0.5,0.0,0.0
35.55,5.8534,3.3229,1.5232,0.5395,42,0.9471,-0.5761,0.5,0.0,0.5,0.0,0.5,0.0,0.0
35.6,5.8543,3.3407,1.5234,0.524,42,0.9404,-0.5831,0.4193,-0.5879,0.4193,-0.5879,0.4193,-0.5879,0.0
35.65,5.8549,3.3526,1.5237,0.5138,42,0.9871,-0.5366,0.4174,-0.5915,0.4174,-0.5915,0.4174,-0.5915,0.0
35.7,5.8555,3.3644,1.5242,0.5037,42,0.9813,-0.5429,0.4297,-0.5674,0.4297,-0.5674,0.4297,-0.5674,0.0
35.75,5.8561,3.3762,1.5249,0.4937,42,0.9724,-0.5525,0.428,-0.5709,0.4297,-0.5674,0.4297,-0.5674,0.0
35.8,5.8567,3.3879,1.5257,0.4837,42,0.9663,-0.5593,0.4255,-0.576,0.4255,-0.576,0.4255,-0.576,0.0
35.85,5.8573,3.3995,1.5274,0.474,42,0.9571,-0.5703,0.4233,-0.5802,0.4255,-0.576,0.4255,-0.576,0.0
35.9,5.8583,3.417,1.5301,0.4595,42,0.9509,-0.5792,0.4204,-0.5859,0.4233,-0.5802,0.4233,-0.5802,0.0
35.95,5.8589,3.4285,1.5321,0.4501,42,0.9509,-0.5812,0.4204,-0.5859,0.4204,-0.5859,0.4204,-0.5859,0.0
36.0,5.8595,3.4401,1.5342,0.4407,42,1.0156,-0.5186,0.4179,-0.5905,0.4179,-0.5905,0.4179,-0.5905,0.0
36.05,5.86,3.457,1.5323,0.4275,42,1.01,-0.5223,0.4343,-0.5578,0.4343,-0.5578,0.4343,-0.5578,0.0
36.1,5.8602,3.4682,1.5292,0.419,42,1.0012,-0.528,0.4333,-0.5598,0.4333,-0.5598,0.4333,-0.5598,0.0
36.15,5.8602,3.485,1.5197,0.4066,42,0.9952,-0.5244,0.4319,-0.5628,0.4319,-0.5628,0.4319,-0.5628,0.0
36.2,5.8601,3.4963,1.5115,0.3985,42,0.9857,-0.5258,0.4278,-0.5609,0.4278,-0.5609,0.4278,-0.5609,0.0
36.25,5.86,3.5076,1.5009,0.3907,42,0.7509,-0.75,0.4231,-0.5617,0.4231,-0.5617,0.4231,-0.5617,0.0
36.3,5.8597,3.5244,1.4809,0.3793,42,0.7321,-0.7488,0.3452,-0.6678,0.3452,-0.6678,0.3452,-0.6678,0.0
36.35,5.8596,3.5343,1.469,0.3728,42,0.7129,-0.7561,0.3337,-0.6703,0.3337,-0.6703,0.3337,-0.6703,0.0
36.4,5.8597,3.5423,1.459,0.3675,42,0.6883,-0.7707,0.3256,-0.6714,0.3256,-0.6714,0.3256,-0.6714,0.0
36.45,5.8598,3.5529,1.4448,0.3607,42,0.6739,-0.7709,0.3148,-0.6775,0.3148,-0.6775,0.3148,-0.6775,0.0
36.5,5.8601,3.5577,1.4411,0.3575,38,0.6575,-0.7836,0.3082,-0.6793,0.3082,-0.6793,0.3082,-0.6793,0.0
36.55,5.8604,3.5625,1.437,0.3543,38,0.6825,-0.7545,0.3013,-0.6848,0.3082,-0.6793,0.3082,-0.6793,0.0
36.599,5.861,3.5741,1.4237,0.3468,38,0.6659,-0.7578,0.3153,-0.6691,0.3153,-0.6691,0.3013,-0.6848,0.0
36.65,5.8613,3.5821,1.413,0.3418,38,0.652,-0.761,0.31,-0.6719,0.31,-0.6719,0.31,-0.6719,0.0
36.7,5.8618,3.5921,1.3979,0.3357,38,0.6271,-0.7708,0.3082,-0.669,0.31,-0.6719,0.31,-0.6719,0.0
36.75,5.8623,3.6023,1.3815,0.3297,38,0.6271,-0.7544,0.3082,-0.669,0.3082,-0.669,0.3082,-0.669,0.0
36.8,5.8631,3.6176,1.3532,0.321,38,0.5988,-0.7544,0.2979,-0.6728,0.2979,-0.6728,0.2979,-0.6728,0.0
36.852,5.8638,3.6278,1.3334,0.3154,38,0.5791,-0.7542,0.2836,-0.6728,0.2836,-0.6728,0.2836,-0.6728,0.0
36.9,5.8645,3.6377,1.3118,0.3101,38,0.5486,-0.7631,0.2743,-0.6727,0.2836,-0.6728,0.2836,-0.6728,0.0
36.95,5.8651,3.6473,1.2881,0.3052,38,0.4983,-0.7897,0.2613,-0.6714,0.2613,-0.6714,0.2613,-0.6714,0.0
37.0,5.866,3.6569,1.2644,0.3003,38,0.4825,-0.7819,0.2415,-0.6832,0.2613,-0.6714,0.2613,-0.6714,0.0
37.05,5.8673,3.6715,1.2214,0.2935,38,0.4581,-0.7633,0.2363,-0.6723,0.2363,-0.6723,0.2415,-0.6832,0.0
37.1,5.8685,3.6812,1.1926,0.289,38,0.4415,-0.7511,0.227,-0.6703,0.2363,-0.6723,0.2363,-0.6723,0.0
37.15,5.8696,3.6911,1.1589,0.2846,38,0.4415,-0.7173,0.227,-0.6703,0.227,-0.6703,0.227,-0.6703,0.0
37.2,5.8711,3.7009,1.1249,0.2803,38,0.4159,-0.7091,0.224,-0.6561,0.224,-0.6561,0.224,-0.6561,0.0
37.25,5.8728,3.7108,1.0904,0.276,38,0.3898,-0.7006,0.2181,-0.6523,0.2181,-0.6523,0.2181,-0.6523,0.0
37.3,5.876,3.7254,1.0375,0.2696,38,0.3722,-0.6653,0.2164,-0.6401,0.2164,-0.6401,0.2164,-0.6401,0.0
37.35,5.8784,3.735,1.0016,0.2654,38,0.3547,-0.6469,0.2153,-0.6318,0.2153,-0.6318,0.2153,-0.6318,0.0
37.4,5.8826,3.7491,0.9468,0.2592,38,0.2919,-0.655,0.2164,-0.6142,0.2164,-0.6142,0.2164,-0.6142,0.0
37.45,5.8842,3.7537,0.9286,0.2572,38,0.274,-0.6545,0.2146,-0.6269,0.2146,-0.6269,0.2146,-0.6269,0.0
37.5,5.8889,3.7673,0.8708,0.2514,38,0.1836,-0.6871,0.2121,-0.6079,0.2121,-0.6079,0.2121,-0.6079,0.0
37.55,5.8907,3.7717,0.8515,0.2495,37,0.1836,-0.6679,0.2121,-0.6079,0.2121,-0.6079,0.2121,-0.6079,0.0
37.6,5.8964,3.7849,0.7934,0.2437,37,0.5399,-0.2535,0.2155,-0.633,0.2155,-0.633,0.2155,-0.633,0.0
37.65,5.9006,3.7934,0.7546,0.2398,37,0.5178,-0.2367,0.3085,-0.39,0.3085,-0.39,0.3085,-0.39,0.0
37.7,5.9052,3.8018,0.7158,0.2359,37,0.5034,-0.2124,0.3067,-0.3769,0.3067,-0.3769,0.3067,-0.3769,0.0
37.75,5.91,3.81,0.6771,0.2319,37,0.4931,-0.1839,0.311,-0.3403,0.311,-0.3403,0.311,-0.3403,0.0
37.8,5.9152,3.818,0.6384,0.2279,37,0.6577,0.0194,0.3112,-0.3143,0.311,-0.3403,0.311,-0.3403,0.0
37.85,5.9209,3.8258,0.6003,0.2239,37,0.6003,0.0,0.0,0.0,0.3112,-0.3143,0.3112,-0.3143,0.0
37.9,5.9268,3.8334,0.5627,0.2198,37,0.6003,0.0376,0.0,0.0,0.0,0.0,0.0,0.0,0.0
37.95,5.9331,3.8408,0.5249,0.2157,37,0.5627,0.0377,0.0,0.0,0.0,0.0,0.0,0.0,0.0
38.0,5.9396,3.8479,0.487,0.2116,37,0.506,0.0189,0.0,0.0,0.0,0.0,0.0,0.0,0.0
38.05,5.9463,3.8548,0.4492,0.2076,37,0.4681,0.0189,0.0,0.0,0.0,0.0,0.0,0.0,0.0
38.1,5.9548,3.8622,0.4115,0.2026,37,0.4681,0.0566,0.0,0.0,0.0,0.0,0.0,0.0,0.0
38.15,5.9638,3.8694,0.3749,0.1976,37,0.4115,0.0366,0.0,0.0,0.0,0.0,0.0,0.0,0.0
38.2,5.9734,3.8764,0.3403,0.1924,37,0.3749,0.0346,0.0,0.0,0.0,0.0,0.0,0.0,0.0
38.25,5.9834,3.8829,0.3086,0.1873,37,0.3244,0.0157,0.0,0.0,0.0,0.0,0.0,0.0,0.0
38.3,5.9992,3.8917,0.2637,0.1797,37,0.2931,0.0294,0.0,0.0,0.0,0.0,0.0,0.0,0.0
38.35,6.0101,3.8969,0.2378,0.1747,37,0.2505,0.0127,0.0,0.0,0.0,0.0,0.0,0.0,0.0
38.4,6.0262,3.9036,0.2025,0.168,37,0.2254,0.0229,0.0,0.0,0.0,0.0,0.0,0.0,0.0
38.45,6.0358,3.9073,0.1801,0.1645,37,0.1916,0.0115,0.0,0.0,0.0,0.0,0.0,0.0,0.0
38.5,6.0491,3.9122,0.1475,0.1604,37,0.1684,0.0209,0.0,0.0,0.0,0.0,0.0,0.0,0.0
38.55,6.0565,3.9145,0.1318,0.1583,37,0.1399,0.0081,0.0,0.0,0.0,0.0,0.0,0.0,0.0
38.6,6.0638,3.9168,0.115,0.1566,37,0.1235,0.0084,0.0,0.0,0.0,0.0,0.0,0.0,0.0
38.65,6.0706,3.9187,0.1009,0.1551,37,0.1053,0.0044,0.0,0.0,0.0,0.0,0.0,0.0,0.0
38.7,6.0749,3.9199,0.092,0.1543,37,0.0964,0.0045,0.0,0.0,0.0,0.0,0.0,0.0,0.0
38.75,6.0768,3.9204,0.0878,0.154,37,0.0887,0.001,0.0,0.0,0.0,0.0,0.0,0.0,0.0
38.8,6.0779,3.9206,0.0859,0.1537,37,0.0869,0.0009,0.0,0.0,0.0,0.0,0.0,0.0,0.0
38.85,6.0761,3.9206,0.0846,0.1544,37,0.0869,0.0022,0.0,0.0,0.0,0.0,0.0,0.0,0.0
38.9,6.074,3.9205,0.0835,0.1552,37,0.0846,0.0011,0.0,0.0,0.0,0.0,0.0,0.0,0.0
38.951,6.0706,3.9203,0.0823,0.1565,37,0.0835,0.0011,0.0,0.0,0.0,0.0,0.0,0.0,0.0
39.0,6.0627,3.9198,0.0806,0.1598,37,0.0817,0.0012,0.0,0.0,0.0,0.0,0.0,0.0,0.0
39.05,6.0601,3.9196,0.08,0.1609,37,0.0806,0.0005,0.0,0.0,0.0,0.0,0.0,0.0,0.0
39.1,6.0518,3.919,0.079,0.1646,37,0.079,0.0,0.0,0.0,0.0,0.0,0.0,0.0,0.0
39.151,6.0392,3.9182,0.0776,0.171,37,0.0781,0.0004,0.0,0.0,0.0,0.0,0.0,0.0,0.0
39.2,6.0318,3.9177,0.0769,0.1751,37,0.0769,0.0,0.0,0.0,0.0,0.0,0.0,0.0,0.0
39.25,6.0207,3.9169,0.0759,0.1816,37,0.0763,0.0003,0.0,0.0,0.0,0.0,0.0,0.0,0.0
39.3,6.0179,3.9167,0.0757,0.1833,37,0.0763,0.0006,0.0,0.0,0.0,0.0,0.0,0.0,0.0
39.35,6.0106,3.9162,0.0749,0.1879,37,0.0754,0.0005,0.0,0.0,0.0,0.0,0.0,0.0,0.0
39.4,6.0065,3.916,0.0744,0.1905,37,0.0749,0.0004,0.0,0.0,0.0,0.0,0.0,0.0,0.0
39.45,6.0036,3.9158,0.0741,0.1924,37,0.0743,0.0002,0.0,0.0,0.0,0.0,0.0,0.0,0.0
39.5,6.0007,3.9156,0.0738,0.1944,37,0.0739,0.0002,0.0,0.0,0.0,0.0,0.0,0.0,0.0
39.55,5.9995,3.9155,0.0737,0.1952,37,0.0737,0.0,0.0,0.0,0.0,0.0,0.0,0.0,0.0
39.6,5.9988,3.9155,0.0736,0.1957,37,0.0736,0.0,0.0,0.0,0.0,0.0,0.0,0.0,0.0
39.65,5.9988,3.9155,0.0736,0.1957,37,0.0736,0.0,0.0,0.0,0.0,0.0,0.0,0.0,0.0
39.7,5.9988,3.9155,0.0736,0.1957,37,0.0736,0.0,0.0,0.0,0.0,0.0,0.0,0.0,0.0
39.75,5.9988,3.9155,0.0736,0.1957,37,0.0736,0.0,0.0,0.0,0.0,0.0,0.0,0.0,0.0
39.8,5.9988,3.9155,0.0736,0.1957,37,0.0736,0.0,0.0,0.0,0.0,0.0,0.0,0.0,0.0
39.85,5.9988,3.9155,0.0736,0.1957,37,0.0736,0.0,0.0,0.0,0.0,0.0,0.0,0.0,0.0
39.901,5.9988,3.9155,0.0736,0.1957,37,0.0736,0.0,0.0,0.0,0.0,0.0,0.0,0.0,0.0
39.95,5.9988,3.9155,0.0736,0.1957,37,0.0736,0.0,0.0,0.0,0.0,0.0,0.0,0.0,0.0
40.0,5.9988,3.9155,0.0736,0.1957,37,0.0736,0.0,0.0,0.0,0.0,0.0,0.0,0.0,0.0
40.05,5.9988,3.9155,0.0736,0.1957,37,0.0736,0.0,0.0,0.0,0.0,0.0,0.0,0.0,0.0
40.1,5.9988,3.9155,0.0736,0.1957,37,0.0736,0.0,0.0,0.0,0.0,0.0,0.0,0.0,0.0
40.15,5.9988,3.9155,0.0736,0.1957,37,0.0736,0.0,0.0,0.0,0.0,0.0,0.0,0.0,0.0
40.2,5.9988,3.9155,0.0736,0.1957,37,0.0736,0.0,0.0,0.0,0.0,0.0,0.0,0.0,0.0
40.25,5.9988,3.9155,0.0736,0.1957,37,0.0736,0.0,0.0,0.0,0.0,0.0,0.0,0.0,0.0
40.3,5.9988,3.9155,0.0736,0.1957,37,0.0736,0.0,0.0,0.0,0.0,0.0,0.0,0.0,0.0
40.351,5.9988,3.9155,0.0736,0.1957,37,0.0736,0.0,0.0,0.0,0.0,0.0,0.0,0.0,0.0
40.4,5.9988,3.9155,0.0736,0.1957,37,0.0736,0.0,0.0,0.0,0.0,0.0,0.0,0.0,0.0
40.45,5.9988,3.9155,0.0736,0.1957,37,0.0736,0.0,0.0,0.0,0.0,0.0,0.0,0.0,0.0
40.5,5.9988,3.9155,0.0736,0.1957,37,0.0736,0.0,0.0,0.0,0.0,0.0,0.0,0.0,0.0
40.55,5.9988,3.9155,0.0736,0.1957,37,0.0736,0.0,0.0,0.0,0.0,0.0,0.0,0.0,0.0
40.6,5.9988,3.9155,0.0736,0.1957,37,0.0736,0.0,0.0,0.0,0.0,0.0,0.0,0.0,0.0
40.65,5.9988,3.9155,0.0736,0.1957,37,0.0736,0.0,0.0,0.0,0.0,0.0,0.0,0.0,0.0
40.7,5.9988,3.9155,0.0736,0.1957,37,0.0736,0.0,0.0,0.0,0.0,0.0,0.0,0.0,0.0
40.75,5.9988,3.9155,0.0736,0.1957,37,0.0736,0.0,0.0,0.0,0.0,0.0,0.0,0.0,0.0
40.8,5.9988,3.9155,0.0736,0.1957,37,0.0736,0.0,0.0,0.0,0.0,0.0,0.0,0.0,0.0
40.85,5.9988,3.9155,0.0736,0.1957,37,0.0736,0.0,0.0,0.0,0.0,0.0,0.0,0.0,0.0
40.9,5.9988,3.9155,0.0736,0.1957,37,0.0736,0.0,0.0,0.0,0.0,0.0,0.0,0.0,0.0
40.95,5.9988,3.9155,0.0736,0.1957,37,0.0736,0.0,0.0,0.0,0.0,0.0,0.0,0.0,0.0
41.0,5.9988,3.9155,0.0736,0.1957,37,0.0736,0.0,0.0,0.0,0.0,0.0,0.0,0.0,0.0
41.05,5.9988,3.9155,0.0736,0.1957,37,0.0736,0.0,0.0,0.0,0.0,0.0,0.0,0.0,0.0
41.1,5.9988,3.9155,0.0736,0.1957,37,0.0736,0.0,0.0,0.0,0.0,0.0,0.0,0.0,0.0
41.15,5.9988,3.9155,0.0736,0.1957,37,0.0736,0.0,0.0,0.0,0.0,0.0,0.0,0.0,0.0
41.2,5.9988,3.9155,0.0736,0.1957,37,0.0736,0.0,0.0,0.0,0.0,0.0,0.0,0.0,0.0
41.25,5.9988,3.9155,0.0736,0.1957,37,0.0736,0.0,0.0,0.0,0.0,0.0,0.0,0.0,0.0
41.3,5.9988,3.9155,0.0736,0.1957,37,0.0736,0.0,0.0,0.0,0.0,0.0,0.0,0.0,0.0
41.35,5.9988,3.9155,0.0736,0.1957,37,0.0736,0.0,0.0,0.0,0.0,0.0,0.0,0.0,0.0
41.4,5.9988,3.9155,0.0736,0.1957,37,0.0736,0.0,0.0,0.0,0.0,0.0,0.0,0.0,0.0
41.45,5.9988,3.9155,0.0736,0.1957,37,0.0736,0.0,0.0,0.0,0.0,0.0,0.0,0.0,0.0
41.5,5.9988,3.9155,0.0736,0.1957,37,0.0736,0.0,0.0,0.0,0.0,0.0,0.0,0.0,0.0
41.55,5.9988,3.9155,0.0736,0.1957,37,0.0736,0.0,0.0,0.0,0.0,0.0,0.0,0.0,0.0
41.6,5.9988,3.9155,0.0736,0.1957,37,0.0736,0.0,0.0,0.0,0.0,0.0,0.0,0.0,0.0
41.65,5.9988,3.9155,0.0736,0.1957,37,0.0736,0.0,0.0,0.0,0.0,0.0,0.0,0.0,0.0
41.7,5.9988,3.9155,0.0736,0.1957,37,0.0736,0.0,0.0,0.0,0.0,0.0,0.0,0.0,0.0
41.75,5.9988,3.9155,0.0736,0.1957,37,0.0736,0.0,0.0,0.0,0.0,0.0,0.0,0.0,0.0
41.8,5.9988,3.9155,0.0736,0.1957,37,0.0736,0.0,0.0,0.0,0.0,0.0,0.0,0.0,0.0
41.85,5.9988,3.9155,0.0736,0.1957,37,0.0736,0.0,0.0,0.0,0.0,0.0,0.0,0.0,0.0
41.9,5.9988,3.9155,0.0736,0.1957,37,0.0736,0.0,0.0,0.0,0.0,0.0,0.0,0.0,0.0
41.95,5.9988,3.9155,0.0736,0.1957,37,0.0736,0.0,0.0,0.0,0.0,0.0,0.0,0.0,0.0
42.0,5.9988,3.9155,0.0736,0.1957,37,0.0736,0.0,0.0,0.0,0.0,0.0,0.0,0.0,0.0
42.05,5.9988,3.9155,0.0736,0.1957,37,0.0736,0.0,0.0,0.0,0.0,0.0,0.0,0.0,0.0
42.1,5.9988,3.9155,0.0736,0.1957,37,0.0736,0.0,0.0,0.0,0.0,0.0,0.0,0.0,0.0
42.15,5.9988,3.9155,0.0736,0.1957,37,0.0736,0.0,0.0,0.0,0.0,0.0,0.0,0.0,0.0
42.2,5.9988,3.9155,0.0736,0.1957,37,0.0736,0.0,0.0,0.0,0.0,0.0,0.0,0.0,0.0
42.25,5.9988,3.9155,0.0736,0.1957,37,0.0736,0.0,0.0,0.0,0.0,0.0,0.0,0.0,0.0
42.3,5.9988,3.9155,0.0736,0.1957,37,0.0736,0.0,0.0,0.0,0.0,0.0,0.0,0.0,0.0
42.35,5.9988,3.9155,0.0736,0.1957,37,0.0736,0.0,0.0,0.0,0.0,0.0,0.0,0.0,0.0
42.401,5.9988,3.9155,0.0736,0.1957,37,0.0736,0.0,0.0,0.0,0.0,0.0,0.0,0.0,0.0
42.45,5.9988,3.9155,0.0736,0.1957,37,0.0736,0.0,0.0,0.0,0.0,0.0,0.0,0.0,0.0
42.5,5.9988,3.9155,0.0736,0.1957,37,0.0736,0.0,0.0,0.0,0.0,0.0,0.0,0.0,0.0
42.55,5.9988,3.9155,0.0736,0.1957,37,0.0736,0.0,0.0,0.0,0.0,0.0,0.0,0.0,0.0
42.6,5.9988,3.9155,0.0736,0.1957,37,0.0736,0.0,0.0,0.0,0.0,0.0,0.0,0.0,0.0
42.65,5.9988,3.9155,0.0736,0.1957,37,0.0736,0.0,0.0,0.0,0.0,0.0,0.0,0.0,0.0
42.7,5.9988,3.9155,0.0736,0.1957,37,0.0736,0.0,0.0,0.0,0.0,0.0,0.0,0.0,0.0
42.75,5.9988,3.9155,0.0736,0.1957,37,0.0736,0.0,0.0,0.0,0.0,0.0,0.0,0.0,0.0
42.8,5.9988,3.9155,0.0736,0.1957,37,0.0736,0.0,0.0,0.0,0.0,0.0,0.0,0.0,0.0
42.85,5.9988,3.9155,0.0736,0.1957,37,0.0736,0.0,0.0,0.0,0.0,0.0,0.0,0.0,0.0
42.9,5.9988,3.9155,0.0736,0.1957,37,0.0736,0.0,0.0,0.0,0.0,0.0,0.0,0.0,0.0
42.95,5.9988,3.9155,0.0736,0.1957,37,0.0736,0.0,0.0,0.0,0.0,0.0,0.0,0.0,0.0
43.0,5.9988,3.9155,0.0736,0.1957,37,0.0736,0.0,0.0,0.0,0.0,0.0,0.0,0.0,0.0
43.05,5.9988,3.9155,0.0736,0.1957,37,0.0736,0.0,0.0,0.0,0.0,0.0,0.0,0.0,0.0
43.1,5.9988,3.9155,0.0736,0.1957,37,0.0736,0.0,0.0,0.0,0.0,0.0,0.0,0.0,0.0
43.15,5.9988,3.9155,0.0736,0.1957,37,0.0736,0.0,0.0,0.0,0.0,0.0,0.0,0.0,0.0
43.2,5.9988,3.9155,0.0736,0.1957,37,0.0736,0.0,0.0,0.0,0.0,0.0,0.0,0.0,0.0
43.25,5.9988,3.9155,0.0736,0.1957,37,0.0736,0.0,0.0,0.0,0.0,0.0,0.0,0.0,0.0
43.3,5.9988,3.9155,0.0736,0.1957,37,0.0736,0.0,0.0,0.0,0.0,0.0,0.0,0.0,0.0
43.35,5.9988,3.9155,0.0736,0.1957,37,0.0736,0.0,0.0,0.0,0.0,0.0,0.0,0.0,0.0
43.4,5.9988,3.9155,0.0736,0.1957,37,0.0736,0.0,0.0,0.0,0.0,0.0,0.0,0.0,0.0
43.45,5.9988,3.9155,0.0736,0.1957,37,0.0736,0.0,0.0,0.0,0.0,0.0,0.0,0.0,0.0
43.5,5.9988,3.9155,0.0736,0.1957,37,0.0736,0.0,0.0,0.0,0.0,0.0,0.0,0.0,0.0
43.55,5.9988,3.9155,0.0736,0.1957,37,0.0736,0.0,0.0,0.0,0.0,0.0,0.0,0.0,0.0
43.6,5.9988,3.9155,0.0736,0.1957,37,0.0736,0.0,0.0,0.0,0.0,0.0,0.0,0.0,0.0
43.65,5.9988,3.9155,0.0736,0.1957,37,0.0736,0.0,0.0,0.0,0.0,0.0,0.0,0.0,0.0
43.702,5.9988,3.9155,0.0736,0.1957,37,0.0736,0.0,0.0,0.0,0.0,0.0,0.0,0.0,0.0
43.75,5.9988,3.9155,0.0736,0.1957,37,0.0736,0.0,0.0,0.0,0.0,0.0,0.0,0.0,0.0
43.8,5.9988,3.9155,0.0736,0.1957,37,0.0736,0.0,0.0,0.0,0.0,0.0,0.0,0.0,0.0
43.85,5.9988,3.9155,0.0736,0.1957,37,0.0736,0.0,0.0,0.0,0.0,0.0,0.0,0.0,0.0
43.9,5.9988,3.9155,0.0736,0.1957,37,0.0736,0.0,0.0,0.0,0.0,0.0,0.0,0.0,0.0
43.95,5.9988,3.9155,0.0736,0.1957,37,0.0736,0.0,0.0,0.0,0.0,0.0,0.0,0.0,0.0
44.0,5.9988,3.9155,0.0736,0.1957,37,0.0736,0.0,0.0,0.0,0.0,0.0,0.0,0.0,0.0
44.05,5.9988,3.9155,0.0736,0.1957,37,0.0736,0.0,0.0,0.0,0.0,0.0,0.0,0.0,0.0
44.1,5.9988,3.9155,0.0736,0.1957,37,0.0736,0.0,0.0,0.0,0.0,0.0,0.0,0.0,0.0
44.15,5.9988,3.9155,0.0736,0.1957,37,0.0736,0.0,0.0,0.0,0.0,0.0,0.0,0.0,0.0
44.2,5.9988,3.9155,0.0736,0.1957,37,0.0736,0.0,0.0,0.0,0.0,0.0,0.0,0.0,0.0
44.25,5.9988,3.9155,0.0736,0.1957,37,0.0736,0.0,0.0,0.0,0.0,0.0,0.0,0.0,0.0
44.3,5.9988,3.9155,0.0736,0.1957,37,0.0736,0.0,0.0,0.0,0.0,0.0,0.0,0.0,0.0
44.351,5.9988,3.9155,0.0736,0.1957,37,0.0736,0.0,0.0,0.0,0.0,0.0,0.0,0.0,0.0
44.4,5.9988,3.9155,0.0736,0.1957,37,0.0736,0.0,0.0,0.0,0.0,0.0,0.0,0.0,0.0
44.45,5.9988,3.9155,0.0736,0.1957,37,0.0736,0.0,0.0,0.0,0.0,0.0,0.0,0.0,0.0
44.5,5.9988,3.9155,0.0736,0.1957,37,0.0736,0.0,0.0,0.0,0.0,0.0,0.0,0.0,0.0
44.55,5.9988,3.9155,0.0736,0.1957,37,0.0736,0.0,0.0,0.0,0.0,0.0,0.0,0.0,0.0
44.6,5.9988,3.9155,0.0736,0.1957,37,0.0736,0.0,0.0,0.0,0.0,0.0,0.0,0.0,0.0
44.65,5.9988,3.9155,0.0736,0.1957,37,0.0736,0.0,0.0,0.0,0.0,0.0,0.0,0.0,0.0
44.7,5.9988,3.9155,0.0736,0.1957,37,0.0736,0.0,0.0,0.0,0.0,0.0,0.0,0.0,0.0
44.75,5.9988,3.9155,0.0736,0.1957,37,0.0736,0.0,0.0,0.0,0.0,0.0,0.0,0.0,0.0
44.8,5.9988,3.9155,0.0736,0.1957,37,0.0736,0.0,0.0,0.0,0.0,0.0,0.0,0.0,0.0
44.85,5.9988,3.9155,0.0736,0.1957,37,0.0736,0.0,0.0,0.0,0.0,0.0,0.0,0.0,0.0
44.9,5.9988,3.9155,0.0736,0.1957,37,0.0736,0.0,0.0,0.0,0.0,0.0,0.0,0.0,0.0
44.95,5.9988,3.9155,0.0736,0.1957,37,0.0736,0.0,0.0,0.0,0.0,0.0,0.0,0.0,0.0
45.0,5.9988,3.9155,0.0736,0.1957,37,0.0736,0.0,0.0,0.0,0.0,0.0,0.0,0.0,0.0
45.05,5.9988,3.9155,0.0736,0.1957,37,0.0736,0.0,0.0,0.0,0.0,0.0,0.0,0.0,0.0
45.1,5.9988,3.9155,0.0736,0.1957,37,0.0736,0.0,0.0,0.0,0.0,0.0,0.0,0.0,0.0
45.152,5.9988,3.9155,0.0736,0.1957,37,0.0736,0.0,0.0,0.0,0.0,0.0,0.0,0.0,0.0
45.2,5.9988,3.9155,0.0736,0.1957,37,0.0736,0.0,0.0,0.0,0.0,0.0,0.0,0.0,0.0
45.25,5.9988,3.9155,0.0736,0.1957,37,0.0736,0.0,0.0,0.0,0.0,0.0,0.0,0.0,0.0
45.3,5.9988,3.9155,0.0736,0.1957,37,0.0736,0.0,0.0,0.0,0.0,0.0,0.0,0.0,0.0
45.35,5.9988,3.9155,0.0736,0.1957,37,0.0736,0.0,0.0,0.0,0.0,0.0,0.0,0.0,0.0
45.4,5.9988,3.9155,0.0736,0.1957,37,0.0736,0.0,0.0,0.0,0.0,0.0,0.0,0.0,0.0
45.45,5.9988,3.9155,0.0736,0.1957,37,0.0736,0.0,0.0,0.0,0.0,0.0,0.0,0.0,0.0
45.502,5.9988,3.9155,0.0736,0.1957,37,0.0736,0.0,0.0,0.0,0.0,0.0,0.0,0.0,0.0
45.55,5.9988,3.9155,0.0736,0.1957,37,0.0736,0.0,0.0,0.0,0.0,0.0,0.0,0.0,0.0
45.6,5.9988,3.9155,0.0736,0.1957,37,0.0736,0.0,0.0,0.0,0.0,0.0,0.0,0.0,0.0
45.65,5.9988,3.9155,0.0736,0.1957,37,0.0736,0.0,0.0,0.0,0.0,0.0,0.0,0.0,0.0
45.7,5.9988,3.9155,0.0736,0.1957,37,0.0736,0.0,0.0,0.0,0.0,0.0,0.0,0.0,0.0
45.75,5.9988,3.9155,0.0736,0.1957,37,0.0736,0.0,0.0,0.0,0.0,0.0,0.0,0.0,0.0
45.8,5.9988,3.9155,0.0736,0.1957,37,0.0736,0.0,0.0,0.0,0.0,0.0,0.0,0.0,0.0
45.85,5.9988,3.9155,0.0736,0.1957,37,0.0736,0.0,0.0,0.0,0.0,0.0,0.0,0.0,0.0
45.903,5.9988,3.9155,0.0736,0.1957,37,0.0736,0.0,0.0,0.0,0.0,0.0,0.0,0.0,0.0
45.95,5.9988,3.9155,0.0736,0.1957,37,0.0736,0.0,0.0,0.0,0.0,0.0,0.0,0.0,0.0
46.001,5.9988,3.9155,0.0736,0.1957,37,0.0736,0.0,0.0,0.0,0.0,0.0,0.0,0.0,0.0
46.05,5.9988,3.9155,0.0736,0.1957,37,0.0736,0.0,0.0,0.0,0.0,0.0,0.0,0.0,0.0
46.1,5.9988,3.9155,0.0736,0.1957,37,0.0736,0.0,0.0,0.0,0.0,0.0,0.0,0.0,0.0
46.15,5.9988,3.9155,0.0736,0.1957,37,0.0736,0.0,0.0,0.0,0.0,0.0,0.0,0.0,0.0
46.2,5.9988,3.9155,0.0736,0.1957,37,0.0736,0.0,0.0,0.0,0.0,0.0,0.0,0.0,0.0
46.25,5.9988,3.9155,0.0736,0.1957,37,0.0736,0.0,0.0,0.0,0.0,0.0,0.0,0.0,0.0
46.3,5.9988,3.9155,0.0736,0.1957,37,0.0736,0.0,0.0,0.0,0.0,0.0,0.0,0.0,0.0
46.35,5.9988,3.9155,0.0736,0.1957,37,0.0736,0.0,0.0,0.0,0.0,0.0,0.0,0.0,0.0
46.4,5.9988,3.9155,0.0736,0.1957,37,0.0736,0.0,0.0,0.0,0.0,0.0,0.0,0.0,0.0
46.45,5.9988,3.9155,0.0736,0.1957,37,0.0736,0.0,0.0,0.0,0.0,0.0,0.0,0.0,0.0
46.5,5.9988,3.9155,0.0736,0.1957,37,0.0736,0.0,0.0,0.0,0.0,0.0,0.0,0.0,0.0
46.55,5.9988,3.9155,0.0736,0.1957,37,0.0736,0.0,0.0,0.0,0.0,0.0,0.0,0.0,0.0
46.6,5.9988,3.9155,0.0736,0.1957,37,0.0736,0.0,0.0,0.0,0.0,0.0,0.0,0.0,0.0
46.649,5.9988,3.9155,0.0736,0.1957,37,0.0736,0.0,0.0,0.0,0.0,0.0,0.0,0.0,0.0
46.7,5.9988,3.9155,0.0736,0.1957,37,0.0736,0.0,0.0,0.0,0.0,0.0,0.0,0.0,0.0
46.75,5.9988,3.9155,0.0736,0.1957,37,0.0736,0.0,0.0,0.0,0.0,0.0,0.0,0.0,0.0
46.8,5.9988,3.9155,0.0736,0.1957,37,0.0736,0.0,0.0,0.0,0.0,0.0,0.0,0.0,0.0
46.85,5.9988,3.9155,0.0736,0.1957,37,0.0736,0.0,0.0,0.0,0.0,0.0,0.0,0.0,0.0
46.9,5.9988,3.9155,0.0736,0.1957,37,0.0736,0.0,0.0,0.0,0.0,0.0,0.0,0.0,0.0
46.95,5.9988,3.9155,0.0736,0.1957,37,0.0736,0.0,0.0,0.0,0.0,0.0,0.0,0.0,0.0
47.0,5.9988,3.9155,0.0736,0.1957,37,0.0736,0.0,0.0,0.0,0.0,0.0,0.0,0.0,0.0
47.05,5.9988,3.9155,0.0736,0.1957,37,0.0736,0.0,0.0,0.0,0.0,0.0,0.0,0.0,0.0
47.1,5.9988,3.9155,0.0736,0.1957,37,0.0736,0.0,0.0,0.0,0.0,0.0,0.0,0.0,0.0
47.15,5.9988,3.9155,0.0736,0.1957,37,0.0736,0.0,0.0,0.0,0.0,0.0,0.0,0.0,0.0
47.2,5.9988,3.9155,0.0736,0.1957,37,0.0736,0.0,0.0,0.0,0.0,0.0,0.0,0.0,0.0
47.25,5.9988,3.9155,0.0736,0.1957,37,0.0736,0.0,0.0,0.0,0.0,0.0,0.0,0.0,0.0
47.3,5.9988,3.9155,0.0736,0.1957,37,0.0736,0.0,0.0,0.0,0.0,0.0,0.0,0.0,0.0
47.35,5.9988,3.9155,0.0736,0.1957,37,0.0736,0.0,0.0,0.0,0.0,0.0,0.0,0.0,0.0
47.4,5.9988,3.9155,0.0736,0.1957,37,0.0736,0.0,0.0,0.0,0.0,0.0,0.0,0.0,0.0
47.45,5.9988,3.9155,0.0736,0.1957,37,0.0736,0.0,0.0,0.0,0.0,0.0,0.0,0.0,0.0
47.5,5.9988,3.9155,0.0736,0.1957,37,0.0736,0.0,0.0,0.0,0.0,0.0,0.0,0.0,0.0
47.55,5.9988,3.9155,0.0736,0.1957,37,0.0736,0.0,0.0,0.0,0.0,0.0,0.0,0.0,0.0
47.6,5.9988,3.9155,0.0736,0.1957,37,0.0736,0.0,0.0,0.0,0.0,0.0,0.0,0.0,0.0
47.65,5.9988,3.9155,0.0736,0.1957,37,0.0736,0.0,0.0,0.0,0.0,0.0,0.0,0.0,0.0
47.7,5.9988,3.9155,0.0736,0.1957,37,0.0736,0.0,0.0,0.0,0.0,0.0,0.0,0.0,0.0
47.75,5.9988,3.9155,0.0736,0.1957,37,0.0736,0.0,0.0,0.0,0.0,0.0,0.0,0.0,0.0
47.8,5.9988,3.9155,0.0736,0.1957,37,0.0736,0.0,0.0,0.0,0.0,0.0,0.0,0.0,0.0
47.85,5.9988,3.9155,0.0736,0.1957,37,0.0736,0.0,0.0,0.0,0.0,0.0,0.0,0.0,0.0
47.9,5.9988,3.9155,0.0736,0.1957,37,0.0736,0.0,0.0,0.0,0.0,0.0,0.0,0.0,0.0
47.95,5.9988,3.9155,0.0736,0.1957,37,0.0736,0.0,0.0,0.0,0.0,0.0,0.0,0.0,0.0
48.0,5.9988,3.9155,0.0736,0.1957,37,0.0736,0.0,0.0,0.0,0.0,0.0,0.0,0.0,0.0
48.05,5.9988,3.9155,0.0736,0.1957,37,0.0736,0.0,0.0,0.0,0.0,0.0,0.0,0.0,0.0
48.1,5.9988,3.9155,0.0736,0.1957,37,0.0736,0.0,0.0,0.0,0.0,0.0,0.0,0.0,0.0
48.15,5.9988,3.9155,0.0736,0.1957,37,0.0736,0.0,0.0,0.0,0.0,0.0,0.0,0.0,0.0
48.2,5.9988,3.9155,0.0736,0.1957,37,0.0736,0.0,0.0,0.0,0.0,0.0,0.0,0.0,0.0
48.25,5.9988,3.9155,0.0736,0.1957,37,0.0736,0.0,0.0,0.0,0.0,0.0,0.0,0.0,0.0
48.3,5.9988,3.9155,0.0736,0.1957,37,0.0736,0.0,0.0,0.0,0.0,0.0,0.0,0.0,0.0
48.35,5.9988,3.9155,0.0736,0.1957,37,0.0736,0.0,0.0,0.0,0.0,0.0,0.0,0.0,0.0
48.4,5.9988,3.9155,0.0736,0.1957,37,0.0736,0.0,0.0,0.0,0.0,0.0,0.0,0.0,0.0
48.45,5.9988,3.9155,0.0736,0.1957,37,0.0736,0.0,0.0,0.0,0.0,0.0,0.0,0.0,0.0
48.5,5.9988,3.9155,0.0736,0.1957,37,0.0736,0.0,0.0,0.0,0.0,0.0,0.0,0.0,0.0
48.55,5.9988,3.9155,0.0736,0.1957,37,0.0736,0.0,0.0,0.0,0.0,0.0,0.0,0.0,0.0
48.6,5.9988,3.9155,0.0736,0.1957,37,0.0736,0.0,0.0,0.0,0.0,0.0,0.0,0.0,0.0
48.65,5.9988,3.9155,0.0736,0.1957,37,0.0736,0.0,0.0,0.0,0.0,0.0,0.0,0.0,0.0
48.701,5.9988,3.9155,0.0736,0.1957,37,0.0736,0.0,0.0,0.0,0.0,0.0,0.0,0.0,0.0
48.75,5.9988,3.9155,0.0736,0.1957,37,0.0736,0.0,0.0,0.0,0.0,0.0,0.0,0.0,0.0
48.8,5.9988,3.9155,0.0736,0.1957,37,0.0736,0.0,0.0,0.0,0.0,0.0,0.0,0.0,0.0
48.85,5.9988,3.9155,0.0736,0.1957,37,0.0736,0.0,0.0,0.0,0.0,0.0,0.0,0.0,0.0
48.9,5.9988,3.9155,0.0736,0.1957,37,0.0736,0.0,0.0,0.0,0.0,0.0,0.0,0.0,0.0
48.95,5.9988,3.9155,0.0736,0.1957,37,0.0736,0.0,0.0,0.0,0.0,0.0,0.0,0.0,0.0
49.0,5.9988,3.9155,0.0736,0.1957,37,0.0736,0.0,0.0,0.0,0.0,0.0,0.0,0.0,0.0
49.05,5.9988,3.9155,0.0736,0.1957,37,0.0736,0.0,0.0,0.0,0.0,0.0,0.0,0.0,0.0
49.1,5.9988,3.9155,0.0736,0.1957,37,0.0736,0.0,0.0,0.0,0.0,0.0,0.0,0.0,0.0
49.15,5.9988,3.9155,0.0736,0.1957,37,0.0736,0.0,0.0,0.0,0.0,0.0,0.0,0.0,0.0
49.2,5.9988,3.9155,0.0736,0.1957,37,0.0736,0.0,0.0,0.0,0.0,0.0,0.0,0.0,0.0
49.25,5.9988,3.9155,0.0736,0.1957,37,0.0736,0.0,0.0,0.0,0.0,0.0,0.0,0.0,0.0
49.3,5.9988,3.9155,0.0736,0.1957,37,0.0736,0.0,0.0,0.0,0.0,0.0,0.0,0.0,0.0
49.35,5.9988,3.9155,0.0736,0.1957,37,0.0736,0.0,0.0,0.0,0.0,0.0,0.0,0.0,0.0
49.4,5.9988,3.9155,0.0736,0.1957,37,0.0736,0.0,0.0,0.0,0.0,0.0,0.0,0.0,0.0
49.45,5.9988,3.9155,0.0736,0.1957,37,0.0736,0.0,0.0,0.0,0.0,0.0,0.0,0.0,0.0
49.5,5.9988,3.9155,0.0736,0.1957,37,0.0736,0.0,0.0,0.0,0.0,0.0,0.0,0.0,0.0
49.55,5.9988,3.9155,0.0736,0.1957,37,0.0736,0.0,0.0,0.0,0.0,0.0,0.0,0.0,0.0
49.6,5.9988,3.9155,0.0736,0.1957,37,0.0736,0.0,0.0,0.0,0.0,0.0,0.0,0.0,0.0
49.65,5.9988,3.9155,0.0736,0.1957,37,0.0736,0.0,0.0,0.0,0.0,0.0,0.0,0.0,0.0
49.7,5.9988,3.9155,0.0736,0.1957,37,0.0736,0.0,0.0,0.0,0.0,0.0,0.0,0.0,0.0
49.75,5.9988,3.9155,0.0736,0.1957,37,0.0736,0.0,0.0,0.0,0.0,0.0,0.0,0.0,0.0
49.8,5.9988,3.9155,0.0736,0.1957,37,0.0736,0.0,0.0,0.0,0.0,0.0,0.0,0.0,0.0
49.85,5.9988,3.9155,0.0736,0.1957,37,0.0736,0.0,0.0,0.0,0.0,0.0,0.0,0.0,0.0
49.9,5.9988,3.9155,0.0736,0.1957,37,0.0736,0.0,0.0,0.0,0.0,0.0,0.0,0.0,0.0
49.95,5.9988,3.9155,0.0736,0.1957,37,0.0736,0.0,0.0,0.0,0.0,0.0,0.0,0.0,0.0
50.0,5.9988,3.9155,0.0736,0.1957,37,0.0736,0.0,0.0,0.0,0.0,0.0,0.0,0.0,0.0
50.05,5.9988,3.9155,0.0736,0.1957,37,0.0736,0.0,0.0,0.0,0.0,0.0,0.0,0.0,0.0
50.1,5.9988,3.9155,0.0736,0.1957,37,0.0736,0.0,0.0,0.0,0.0,0.0,0.0,0.0,0.0
50.15,5.9988,3.9155,0.0736,0.1957,37,0.0736,0.0,0.0,0.0,0.0,0.0,0.0,0.0,0.0
50.2,5.9988,3.9155,0.0736,0.1957,37,0.0736,0.0,0.0,0.0,0.0,0.0,0.0,0.0,0.0
50.251,5.9988,3.9155,0.0736,0.1957,37,0.0736,0.0,0.0,0.0,0.0,0.0,0.0,0.0,0.0
50.3,5.9988,3.9155,0.0736,0.1957,37,0.0736,0.0,0.0,0.0,0.0,0.0,0.0,0.0,0.0
50.35,5.9988,3.9155,0.0736,0.1957,37,0.0736,0.0,0.0,0.0,0.0,0.0,0.0,0.0,0.0
50.4,5.9988,3.9155,0.0736,0.1957,37,0.0736,0.0,0.0,0.0,0.0,0.0,0.0,0.0,0.0
50.45,5.9988,3.9155,0.0736,0.1957,37,0.0736,0.0,0.0,0.0,0.0,0.0,0.0,0.0,0.0
50.5,5.9988,3.9155,0.0736,0.1957,37,0.0736,0.0,0.0,0.0,0.0,0.0,0.0,0.0,0.0
50.55,5.9988,3.9155,0.0736,0.1957,37,0.0736,0.0,0.0,0.0,0.0,0.0,0.0,0.0,0.0
50.6,5.9988,3.9155,0.0736,0.1957,37,0.0736,0.0,0.0,0.0,0.0,0.0,0.0,0.0,0.0
50.65,5.9988,3.9155,0.0736,0.1957,37,0.0736,0.0,0.0,0.0,0.0,0.0,0.0,0.0,0.0
50.7,5.9988,3.9155,0.0736,0.1957,37,0.0736,0.0,0.0,0.0,0.0,0.0,0.0,0.0,0.0
50.75,5.9988,3.9155,0.0736,0.1957,37,0.0736,0.0,0.0,0.0,0.0,0.0,0.0,0.0,0.0
50.8,5.9988,3.9155,0.0736,0.1957,37,0.0736,0.0,0.0,0.0,0.0,0.0,0.0,0.0,0.0
50.85,5.9988,3.9155,0.0736,0.1957,37,0.0736,0.0,0.0,0.0,0.0,0.0,0.0,0.0,0.0
50.9,5.9988,3.9155,0.0736,0.1957,37,0.0736,0.0,0.0,0.0,0.0,0.0,0.0,0.0,0.0
50.95,5.9988,3.9155,0.0736,0.1957,37,0.0736,0.0,0.0,0.0,0.0,0.0,0.0,0.0,0.0
51.0,5.9988,3.9155,0.0736,0.1957,37,0.0736,0.0,0.0,0.0,0.0,0.0,0.0,0.0,0.0
51.05,5.9988,3.9155,0.0736,0.1957,37,0.0736,0.0,0.0,0.0,0.0,0.0,0.0,0.0,0.0
51.1,5.9988,3.9155,0.0736,0.1957,37,0.0736,0.0,0.0,0.0,0.0,0.0,0.0,0.0,0.0
51.15,5.9988,3.9155,0.0736,0.1957,37,0.0736,0.0,0.0,0.0,0.0,0.0,0.0,0.0,0.0
51.2,5.9988,3.9155,0.0736,0.1957,37,0.0736,0.0,0.0,0.0,0.0,0.0,0.0,0.0,0.0
51.25,5.9988,3.9155,0.0736,0.1957,37,0.0736,0.0,0.0,0.0,0.0,0.0,0.0,0.0,0.0
51.3,5.9988,3.9155,0.0736,0.1957,37,0.0736,0.0,0.0,0.0,0.0,0.0,0.0,0.0,0.0
51.35,5.9988,3.9155,0.0736,0.1957,37,0.0736,0.0,0.0,0.0,0.0,0.0,0.0,0.0,0.0
51.403,5.9988,3.9155,0.0736,0.1957,37,0.0736,0.0,0.0,0.0,0.0,0.0,0.0,0.0,0.0
51.45,5.9988,3.9155,0.0736,0.1957,37,0.0736,0.0,0.0,0.0,0.0,0.0,0.0,0.0,0.0
51.502,5.9988,3.9155,0.0736,0.1957,37,0.0736,0.0,0.0,0.0,0.0,0.0,0.0,0.0,0.0
51.55,5.9988,3.9155,0.0736,0.1957,37,0.0736,0.0,0.0,0.0,0.0,0.0,0.0,0.0,0.0
51.6,5.9988,3.9155,0.0736,0.1957,37,0.0736,0.0,0.0,0.0,0.0,0.0,0.0,0.0,0.0
51.651,5.9988,3.9155,0.0736,0.1957,37,0.0736,0.0,0.0,0.0,0.0,0.0,0.0,0.0,0.0
51.7,5.9988,3.9155,0.0736,0.1957,37,0.0736,0.0,0.0,0.0,0.0,0.0,0.0,0.0,0.0
51.75,5.9988,3.9155,0.0736,0.1957,37,0.0736,0.0,0.0,0.0,0.0,0.0,0.0,0.0,0.0
51.8,5.9988,3.9155,0.0736,0.1957,37,0.0736,0.0,0.0,0.0,0.0,0.0,0.0,0.0,0.0
51.85,5.9988,3.9155,0.0736,0.1957,37,0.0736,0.0,0.0,0.0,0.0,0.0,0.0,0.0,0.0
51.9,5.9988,3.9155,0.0736,0.1957,37,0.0736,0.0,0.0,0.0,0.0,0.0,0.0,0.0,0.0
51.95,5.9988,3.9155,0.0736,0.1957,37,0.0736,0.0,0.0,0.0,0.0,0.0,0.0,0.0,0.0
52.0,5.9988,3.9155,0.0736,0.1957,37,0.0736,0.0,0.0,0.0,0.0,0.0,0.0,0.0,0.0
52.05,5.9988,3.9155,0.0736,0.1957,37,0.0736,0.0,0.0,0.0,0.0,0.0,0.0,0.0,0.0
52.1,5.9988,3.9155,0.0736,0.1957,37,0.0736,0.0,0.0,0.0,0.0,0.0,0.0,0.0,0.0
52.15,5.9988,3.9155,0.0736,0.1957,37,0.0736,0.0,0.0,0.0,0.0,0.0,0.0,0.0,0.0
52.2,5.9988,3.9155,0.0736,0.1957,37,0.0736,0.0,0.0,0.0,0.0,0.0,0.0,0.0,0.0
52.25,5.9988,3.9155,0.0736,0.1957,37,0.0736,0.0,0.0,0.0,0.0,0.0,0.0,0.0,0.0
52.3,5.9988,3.9155,0.0736,0.1957,37,0.0736,0.0,0.0,0.0,0.0,0.0,0.0,0.0,0.0
52.35,5.9988,3.9155,0.0736,0.1957,37,0.0736,0.0,0.0,0.0,0.0,0.0,0.0,0.0,0.0
52.4,5.9988,3.9155,0.0736,0.1957,37,0.0736,0.0,0.0,0.0,0.0,0.0,0.0,0.0,0.0
52.45,5.9988,3.9155,0.0736,0.1957,37,0.0736,0.0,0.0,0.0,0.0,0.0,0.0,0.0,0.0
52.5,5.9988,3.9155,0.0736,0.1957,37,0.0736,0.0,0.0,0.0,0.0,0.0,0.0,0.0,0.0
52.55,5.9988,3.9155,0.0736,0.1957,37,0.0736,0.0,0.0,0.0,0.0,0.0,0.0,0.0,0.0
52.6,5.9988,3.9155,0.0736,0.1957,37,0.0736,0.0,0.0,0.0,0.0,0.0,0.0,0.0,0.0
52.65,5.9988,3.9155,0.0736,0.1957,37,0.0736,0.0,0.0,0.0,0.0,0.0,0.0,0.0,0.0
52.7,5.9988,3.9155,0.0736,0.1957,37,0.0736,0.0,0.0,0.0,0.0,0.0,0.0,0.0,0.0
52.75,5.9988,3.9155,0.0736,0.1957,37,0.0736,0.0,0.0,0.0,0.0,0.0,0.0,0.0,0.0
52.8,5.9988,3.9155,0.0736,0.1957,37,0.0736,0.0,0.0,0.0,0.0,0.0,0.0,0.0,0.0
52.85,5.9988,3.9155,0.0736,0.1957,37,0.0736,0.0,0.0,0.0,0.0,0.0,0.0,0.0,0.0
52.9,5.9988,3.9155,0.0736,0.1957,37,0.0736,0.0,0.0,0.0,0.0,0.0,0.0,0.0,0.0
52.95,5.9988,3.9155,0.0736,0.1957,37,0.0736,0.0,0.0,0.0,0.0,0.0,0.0,0.0,0.0
53.0,5.9988,3.9155,0.0736,0.1957,37,0.0736,0.0,0.0,0.0,0.0,0.0,0.0,0.0,0.0
53.05,5.9988,3.9155,0.0736,0.1957,37,0.0736,0.0,0.0,0.0,0.0,0.0,0.0,0.0,0.0
53.1,5.9988,3.9155,0.0736,0.1957,37,0.0736,0.0,0.0,0.0,0.0,0.0,0.0,0.0,0.0
53.15,5.9988,3.9155,0.0736,0.1957,37,0.0736,0.0,0.0,0.0,0.0,0.0,0.0,0.0,0.0
53.2,5.9988,3.9155,0.0736,0.1957,37,0.0736,0.0,0.0,0.0,0.0,0.0,0.0,0.0,0.0
53.25,5.9988,3.9155,0.0736,0.1957,37,0.0736,0.0,0.0,0.0,0.0,0.0,0.0,0.0,0.0
53.3,5.9988,3.9155,0.0736,0.1957,37,0.0736,0.0,0.0,0.0,0.0,0.0,0.0,0.0,0.0
53.35,5.9988,3.9155,0.0736,0.1957,37,0.0736,0.0,0.0,0.0,0.0,0.0,0.0,0.0,0.0
53.4,5.9988,3.9155,0.0736,0.1957,37,0.0736,0.0,0.0,0.0,0.0,0.0,0.0,0.0,0.0
53.45,5.9988,3.9155,0.0736,0.1957,37,0.0736,0.0,0.0,0.0,0.0,0.0,0.0,0.0,0.0
53.5,5.9988,3.9155,0.0736,0.1957,37,0.0736,0.0,0.0,0.0,0.0,0.0,0.0,0.0,0.0
53.55,5.9988,3.9155,0.0736,0.1957,37,0.0736,0.0,0.0,0.0,0.0,0.0,0.0,0.0,0.0
53.6,5.9988,3.9155,0.0736,0.1957,37,0.0736,0.0,0.0,0.0,0.0,0.0,0.0,0.0,0.0
53.65,5.9988,3.9155,0.0736,0.1957,37,0.0736,0.0,0.0,0.0,0.0,0.0,0.0,0.0,0.0
53.7,5.9988,3.9155,0.0736,0.1957,37,0.0736,0.0,0.0,0.0,0.0,0.0,0.0,0.0,0.0
53.75,5.9988,3.9155,0.0736,0.1957,37,0.0736,0.0,0.0,0.0,0.0,0.0,0.0,0.0,0.0
53.8,5.9988,3.9155,0.0736,0.1957,37,0.0736,0.0,0.0,0.0,0.0,0.0,0.0,0.0,0.0
53.85,5.9988,3.9155,0.0736,0.1957,37,0.0736,0.0,0.0,0.0,0.0,0.0,0.0,0.0,0.0
53.9,5.9988,3.9155,0.0736,0.1957,37,0.0736,0.0,0.0,0.0,0.0,0.0,0.0,0.0,0.0
53.95,5.9988,3.9155,0.0736,0.1957,37,0.0736,0.0,0.0,0.0,0.0,0.0,0.0,0.0,0.0
54.001,5.9988,3.9155,0.0736,0.1957,37,0.0736,0.0,0.0,0.0,0.0,0.0,0.0,0.0,0.0
54.05,5.9988,3.9155,0.0736,0.1957,37,0.0736,0.0,0.0,0.0,0.0,0.0,0.0,0.0,0.0
54.1,5.9988,3.9155,0.0736,0.1957,37,0.0736,0.0,0.0,0.0,0.0,0.0,0.0,0.0,0.0
54.152,5.9988,3.9155,0.0736,0.1957,37,0.0736,0.0,0.0,0.0,0.0,0.0,0.0,0.0,0.0
54.2,5.9988,3.9155,0.0736,0.1957,37,0.0736,0.0,0.0,0.0,0.0,0.0,0.0,0.0,0.0
54.25,5.9988,3.9155,0.0736,0.1957,37,0.0736,0.0,0.0,0.0,0.0,0.0,0.0,0.0,0.0
54.3,5.9988,3.9155,0.0736,0.1957,37,0.0736,0.0,0.0,0.0,0.0,0.0,0.0,0.0,0.0
54.35,5.9988,3.9155,0.0736,0.1957,37,0.0736,0.0,0.0,0.0,0.0,0.0,0.0,0.0,0.0
54.4,5.9988,3.9155,0.0736,0.1957,37,0.0736,0.0,0.0,0.0,0.0,0.0,0.0,0.0,0.0
54.451,5.9988,3.9155,0.0736,0.1957,37,0.0736,0.0,0.0,0.0,0.0,0.0,0.0,0.0,0.0
54.5,5.9988,3.9155,0.0736,0.1957,37,0.0736,0.0,0.0,0.0,0.0,0.0,0.0,0.0,0.0
54.55,5.9988,3.9155,0.0736,0.1957,37,0.0736,0.0,0.0,0.0,0.0,0.0,0.0,0.0,0.0
54.6,5.9988,3.9155,0.0736,0.1957,37,0.0736,0.0,0.0,0.0,0.0,0.0,0.0,0.0,0.0
54.65,5.9988,3.9155,0.0736,0.1957,37,0.0736,0.0,0.0,0.0,0.0,0.0,0.0,0.0,0.0
54.7,5.9988,3.9155,0.0736,0.1957,37,0.0736,0.0,0.0,0.0,0.0,0.0,0.0,0.0,0.0
54.75,5.9988,3.9155,0.0736,0.1957,37,0.0736,0.0,0.0,0.0,0.0,0.0,0.0,0.0,0.0
54.8,5.9988,3.9155,0.0736,0.1957,37,0.0736,0.0,0.0,0.0,0.0,0.0,0.0,0.0,0.0
54.85,5.9988,3.9155,0.0736,0.1957,37,0.0736,0.0,0.0,0.0,0.0,0.0,0.0,0.0,0.0
54.9,5.9988,3.9155,0.0736,0.1957,37,0.0736,0.0,0.0,0.0,0.0,0.0,0.0,0.0,0.0
54.95,5.9988,3.9155,0.0736,0.1957,37,0.0736,0.0,0.0,0.0,0.0,0.0,0.0,0.0,0.0
55.001,5.9988,3.9155,0.0736,0.1957,37,0.0736,0.0,0.0,0.0,0.0,0.0,0.0,0.0,0.0
55.05,5.9988,3.9155,0.0736,0.1957,37,0.0736,0.0,0.0,0.0,0.0,0.0,0.0,0.0,0.0
55.1,5.9988,3.9155,0.0736,0.1957,37,0.0736,0.0,0.0,0.0,0.0,0.0,0.0,0.0,0.0
55.15,5.9988,3.9155,0.0736,0.1957,37,0.0736,0.0,0.0,0.0,0.0,0.0,0.0,0.0,0.0
55.2,5.9988,3.9155,0.0736,0.1957,37,0.0736,0.0,0.0,0.0,0.0,0.0,0.0,0.0,0.0
55.25,5.9988,3.9155,0.0736,0.1957,37,0.0736,0.0,0.0,0.0,0.0,0.0,0.0,0.0,0.0
55.3,5.9988,3.9155,0.0736,0.1957,37,0.0736,0.0,0.0,0.0,0.0,0.0,0.0,0.0,0.0
55.35,5.9988,3.9155,0.0736,0.1957,37,0.0736,0.0,0.0,0.0,0.0,0.0,0.0,0.0,0.0
55.4,5.9988,3.9155,0.0736,0.1957,37,0.0736,0.0,0.0,0.0,0.0,0.0,0.0,0.0,0.0
55.45,5.9988,3.9155,0.0736,0.1957,37,0.0736,0.0,0.0,0.0,0.0,0.0,0.0,0.0,0.0
55.5,5.9988,3.9155,0.0736,0.1957,37,0.0736,0.0,0.0,0.0,0.0,0.0,0.0,0.0,0.0
55.55,5.9988,3.9155,0.0736,0.1957,37,0.0736,0.0,0.0,0.0,0.0,0.0,0.0,0.0,0.0
55.6,5.9988,3.9155,0.0736,0.1957,37,0.0736,0.0,0.0,0.0,0.0,0.0,0.0,0.0,0.0
55.65,5.9988,3.9155,0.0736,0.1957,37,0.0736,0.0,0.0,0.0,0.0,0.0,0.0,0.0,0.0
55.7,5.9988,3.9155,0.0736,0.1957,37,0.0736,0.0,0.0,0.0,0.0,0.0,0.0,0.0,0.0
55.75,5.9988,3.9155,0.0736,0.1957,37,0.0736,0.0,0.0,0.0,0.0,0.0,0.0,0.0,0.0
55.8,5.9988,3.9155,0.0736,0.1957,37,0.0736,0.0,0.0,0.0,0.0,0.0,0.0,0.0,0.0
55.85,5.9988,3.9155,0.0736,0.1957,37,0.0736,0.0,0.0,0.0,0.0,0.0,0.0,0.0,0.0
55.9,5.9988,3.9155,0.0736,0.1957,37,0.0736,0.0,0.0,0.0,0.0,0.0,0.0,0.0,0.0
55.95,5.9988,3.9155,0.0736,0.1957,37,0.0736,0.0,0.0,0.0,0.0,0.0,0.0,0.0,0.0
56.0,5.9988,3.9155,0.0736,0.1957,37,0.0736,0.0,0.0,0.0,0.0,0.0,0.0,0.0,0.0
56.05,5.9988,3.9155,0.0736,0.1957,37,0.0736,0.0,0.0,0.0,0.0,0.0,0.0,0.0,0.0
56.1,5.9988,3.9155,0.0736,0.1957,37,0.0736,0.0,0.0,0.0,0.0,0.0,0.0,0.0,0.0
56.15,5.9988,3.9155,0.0736,0.1957,37,0.0736,0.0,0.0,0.0,0.0,0.0,0.0,0.0,0.0
56.2,5.9988,3.9155,0.0736,0.1957,37,0.0736,0.0,0.0,0.0,0.0,0.0,0.0,0.0,0.0
56.25,5.9988,3.9155,0.0736,0.1957,37,0.0736,0.0,0.0,0.0,0.0,0.0,0.0,0.0,0.0
56.3,5.9988,3.9155,0.0736,0.1957,37,0.0736,0.0,0.0,0.0,0.0,0.0,0.0,0.0,0.0
56.35,5.9988,3.9155,0.0736,0.1957,37,0.0736,0.0,0.0,0.0,0.0,0.0,0.0,0.0,0.0
56.4,5.9988,3.9155,0.0736,0.1957,37,0.0736,0.0,0.0,0.0,0.0,0.0,0.0,0.0,0.0
56.45,5.9988,3.9155,0.0736,0.1957,37,0.0736,0.0,0.0,0.0,0.0,0.0,0.0,0.0,0.0
56.5,5.9988,3.9155,0.0736,0.1957,37,0.0736,0.0,0.0,0.0,0.0,0.0,0.0,0.0,0.0
56.55,5.9988,3.9155,0.0736,0.1957,37,0.0736,0.0,0.0,0.0,0.0,0.0,0.0,0.0,0.0
56.6,5.9988,3.9155,0.0736,0.1957,37,0.0736,0.0,0.0,0.0,0.0,0.0,0.0,0.0,0.0
56.65,5.9988,3.9155,0.0736,0.1957,37,0.0736,0.0,0.0,0.0,0.0,0.0,0.0,0.0,0.0
56.7,5.9988,3.9155,0.0736,0.1957,37,0.0736,0.0,0.0,0.0,0.0,0.0,0.0,0.0,0.0
56.75,5.9988,3.9155,0.0736,0.1957,37,0.0736,0.0,0.0,0.0,0.0,0.0,0.0,0.0,0.0
56.8,5.9988,3.9155,0.0736,0.1957,37,0.0736,0.0,0.0,0.0,0.0,0.0,0.0,0.0,0.0
56.85,5.9988,3.9155,0.0736,0.1957,37,0.0736,0.0,0.0,0.0,0.0,0.0,0.0,0.0,0.0
56.9,5.9988,3.9155,0.0736,0.1957,37,0.0736,0.0,0.0,0.0,0.0,0.0,0.0,0.0,0.0
56.95,5.9988,3.9155,0.0736,0.1957,37,0.0736,0.0,0.0,0.0,0.0,0.0,0.0,0.0,0.0
57.0,5.9988,3.9155,0.0736,0.1957,37,0.0736,0.0,0.0,0.0,0.0,0.0,0.0,0.0,0.0
57.05,5.9988,3.9155,0.0736,0.1957,37,0.0736,0.0,0.0,0.0,0.0,0.0,0.0,0.0,0.0
57.1,5.9988,3.9155,0.0736,0.1957,37,0.0736,0.0,0.0,0.0,0.0,0.0,0.0,0.0,0.0
57.15,5.9988,3.9155,0.0736,0.1957,37,0.0736,0.0,0.0,0.0,0.0,0.0,0.0,0.0,0.0
57.2,5.9988,3.9155,0.0736,0.1957,37,0.0736,0.0,0.0,0.0,0.0,0.0,0.0,0.0,0.0
57.25,5.9988,3.9155,0.0736,0.1957,37,0.0736,0.0,0.0,0.0,0.0,0.0,0.0,0.0,0.0
57.3,5.9988,3.9155,0.0736,0.1957,37,0.0736,0.0,0.0,0.0,0.0,0.0,0.0,0.0,0.0
57.35,5.9988,3.9155,0.0736,0.1957,37,0.0736,0.0,0.0,0.0,0.0,0.0,0.0,0.0,0.0
57.4,5.9988,3.9155,0.0736,0.1957,37,0.0736,0.0,0.0,0.0,0.0,0.0,0.0,0.0,0.0
57.45,5.9988,3.9155,0.0736,0.1957,37,0.0736,0.0,0.0,0.0,0.0,0.0,0.0,0.0,0.0
57.502,5.9988,3.9155,0.0736,0.1957,37,0.0736,0.0,0.0,0.0,0.0,0.0,0.0,0.0,0.0
57.55,5.9988,3.9155,0.0736,0.1957,37,0.0736,0.0,0.0,0.0,0.0,0.0,0.0,0.0,0.0
57.6,5.9988,3.9155,0.0736,0.1957,37,0.0736,0.0,0.0,0.0,0.0,0.0,0.0,0.0,0.0
57.65,5.9988,3.9155,0.0736,0.1957,37,0.0736,0.0,0.0,0.0,0.0,0.0,0.0,0.0,0.0
57.7,5.9988,3.9155,0.0736,0.1957,37,0.0736,0.0,0.0,0.0,0.0,0.0,0.0,0.0,0.0
57.75,5.9988,3.9155,0.0736,0.1957,37,0.0736,0.0,0.0,0.0,0.0,0.0,0.0,0.0,0.0
57.8,5.9988,3.9155,0.0736,0.1957,37,0.0736,0.0,0.0,0.0,0.0,0.0,0.0,0.0,0.0
57.85,5.9988,3.9155,0.0736,0.1957,37,0.0736,0.0,0.0,0.0,0.0,0.0,0.0,0.0,0.0
57.9,5.9988,3.9155,0.0736,0.1957,37,0.0736,0.0,0.0,0.0,0.0,0.0,0.0,0.0,0.0
57.95,5.9988,3.9155,0.0736,0.1957,37,0.0736,0.0,0.0,0.0,0.0,0.0,0.0,0.0,0.0
58.0,5.9988,3.9155,0.0736,0.1957,37,0.0736,0.0,0.0,0.0,0.0,0.0,0.0,0.0,0.0
58.05,5.9988,3.9155,0.0736,0.1957,37,0.0736,0.0,0.0,0.0,0.0,0.0,0.0,0.0,0.0
58.1,5.9988,3.9155,0.0736,0.1957,37,0.0736,0.0,0.0,0.0,0.0,0.0,0.0,0.0,0.0
58.15,5.9988,3.9155,0.0736,0.1957,37,0.0736,0.0,0.0,0.0,0.0,0.0,0.0,0.0,0.0
58.2,5.9988,3.9155,0.0736,0.1957,37,0.0736,0.0,0.0,0.0,0.0,0.0,0.0,0.0,0.0
58.25,5.9988,3.9155,0.0736,0.1957,37,0.0736,0.0,0.0,0.0,0.0,0.0,0.0,0.0,0.0
58.3,5.9988,3.9155,0.0736,0.1957,37,0.0736,0.0,0.0,0.0,0.0,0.0,0.0,0.0,0.0
58.35,5.9988,3.9155,0.0736,0.1957,37,0.0736,0.0,0.0,0.0,0.0,0.0,0.0,0.0,0.0
58.4,5.9988,3.9155,0.0736,0.1957,37,0.0736,0.0,0.0,0.0,0.0,0.0,0.0,0.0,0.0
58.45,5.9988,3.9155,0.0736,0.1957,37,0.0736,0.0,0.0,0.0,0.0,0.0,0.0,0.0,0.0
58.5,5.9988,3.9155,0.0736,0.1957,37,0.0736,0.0,0.0,0.0,0.0,0.0,0.0,0.0,0.0
58.55,5.9988,3.9155,0.0736,0.1957,37,0.0736,0.0,0.0,0.0,0.0,0.0,0.0,0.0,0.0
58.6,5.9988,3.9155,0.0736,0.1957,37,0.0736,0.0,0.0,0.0,0.0,0.0,0.0,0.0,0.0
58.65,5.9988,3.9155,0.0736,0.1957,37,0.0736,0.0,0.0,0.0,0.0,0.0,0.0,0.0,0.0
58.7,5.9988,3.9155,0.0736,0.1957,37,0.0736,0.0,0.0,0.0,0.0,0.0,0.0,0.0,0.0
58.75,5.9988,3.9155,0.0736,0.1957,37,0.0736,0.0,0.0,0.0,0.0,0.0,0.0,0.0,0.0
58.801,5.9988,3.9155,0.0736,0.1957,37,0.0736,0.0,0.0,0.0,0.0,0.0,0.0,0.0,0.0
58.85,5.9988,3.9155,0.0736,0.1957,37,0.0736,0.0,0.0,0.0,0.0,0.0,0.0,0.0,0.0
58.9,5.9988,3.9155,0.0736,0.1957,37,0.0736,0.0,0.0,0.0,0.0,0.0,0.0,0.0,0.0
58.95,5.9988,3.9155,0.0736,0.1957,37,0.0736,0.0,0.0,0.0,0.0,0.0,0.0,0.0,0.0
59.0,5.9988,3.9155,0.0736,0.1957,37,0.0736,0.0,0.0,0.0,0.0,0.0,0.0,0.0,0.0
59.05,5.9988,3.9155,0.0736,0.1957,37,0.0736,0.0,0.0,0.0,0.0,0.0,0.0,0.0,0.0
59.1,5.9988,3.9155,0.0736,0.1957,37,0.0736,0.0,0.0,0.0,0.0,0.0,0.0,0.0,0.0
59.151,5.9988,3.9155,0.0736,0.1957,37,0.0736,0.0,0.0,0.0,0.0,0.0,0.0,0.0,0.0
59.2,5.9988,3.9155,0.0736,0.1957,37,0.0736,0.0,0.0,0.0,0.0,0.0,0.0,0.0,0.0
59.25,5.9988,3.9155,0.0736,0.1957,37,0.0736,0.0,0.0,0.0,0.0,0.0,0.0,0.0,0.0
59.3,5.9988,3.9155,0.0736,0.1957,37,0.0736,0.0,0.0,0.0,0.0,0.0,0.0,0.0,0.0
59.35,5.9988,3.9155,0.0736,0.1957,37,0.0736,0.0,0.0,0.0,0.0,0.0,0.0,0.0,0.0
59.4,5.9988,3.9155,0.0736,0.1957,37,0.0736,0.0,0.0,0.0,0.0,0.0,0.0,0.0,0.0
59.45,5.9988,3.9155,0.0736,0.1957,37,0.0736,0.0,0.0,0.0,0.0,0.0,0.0,0.0,0.0
59.5,5.9988,3.9155,0.0736,0.1957,37,0.0736,0.0,0.0,0.0,0.0,0.0,0.0,0.0,0.0
59.55,5.9988,3.9155,0.0736,0.1957,37,0.0736,0.0,0.0,0.0,0.0,0.0,0.0,0.0,0.0
59.601,5.9988,3.9155,0.0736,0.1957,37,0.0736,0.0,0.0,0.0,0.0,0.0,0.0,0.0,0.0
59.652,5.9988,3.9155,0.0736,0.1957,37,0.0736,0.0,0.0,0.0,0.0,0.0,0.0,0.0,0.0
59.7,5.9988,3.9155,0.0736,0.1957,37,0.0736,0.0,0.0,0.0,0.0,0.0,0.0,0.0,0.0
59.75,5.9988,3.9155,0.0736,0.1957,37,0.0736,0.0,0.0,0.0,0.0,0.0,0.0,0.0,0.0
59.8,5.9988,3.9155,0.0736,0.1957,37,0.0736,0.0,0.0,0.0,0.0,0.0,0.0,0.0,0.0
59.85,5.9988,3.9155,0.0736,0.1957,37,0.0736,0.0,0.0,0.0,0.0,0.0,0.0,0.0,0.0
59.9,5.9988,3.9155,0.0736,0.1957,37,0.0736,0.0,0.0,0.0,0.0,0.0,0.0,0.0,0.0
59.95,5.9988,3.9155,0.0736,0.1957,37,0.0736,0.0,0.0,0.0,0.0,0.0,0.0,0.0,0.0
60.0,5.9988,3.9155,0.0736,0.1957,37,0.0736,0.0,0.0,0.0,0.0,0.0,0.0,0.0,0.0
60.05,5.9988,3.9155,0.0736,0.1957,37,0.0736,0.0,0.0,0.0,0.0,0.0,0.0,0.0,0.0
60.101,5.9988,3.9155,0.0736,0.1957,37,0.0736,0.0,0.0,0.0,0.0,0.0,0.0,0.0,0.0
60.15,5.9988,3.9155,0.0736,0.1957,37,0.0736,0.0,0.0,0.0,0.0,0.0,0.0,0.0,0.0
60.2,5.9988,3.9155,0.0736,0.1957,37,0.0736,0.0,0.0,0.0,0.0,0.0,0.0,0.0,0.0
60.25,5.9988,3.9155,0.0736,0.1957,37,0.0736,0.0,0.0,0.0,0.0,0.0,0.0,0.0,0.0
60.3,5.9988,3.9155,0.0736,0.1957,37,0.0736,0.0,0.0,0.0,0.0,0.0,0.0,0.0,0.0
60.35,5.9988,3.9155,0.0736,0.1957,37,0.0736,0.0,0.0,0.0,0.0,0.0,0.0,0.0,0.0
60.4,5.9988,3.9155,0.0736,0.1957,37,0.0736,0.0,0.0,0.0,0.0,0.0,0.0,0.0,0.0
60.45,5.9988,3.9155,0.0736,0.1957,37,0.0736,0.0,0.0,0.0,0.0,0.0,0.0,0.0,0.0
60.5,5.9988,3.9155,0.0736,0.1957,37,0.0736,0.0,0.0,0.0,0.0,0.0,0.0,0.0,0.0
60.55,5.9988,3.9155,0.0736,0.1957,37,0.0736,0.0,0.0,0.0,0.0,0.0,0.0,0.0,0.0
60.6,5.9988,3.9155,0.0736,0.1957,37,0.0736,0.0,0.0,0.0,0.0,0.0,0.0,0.0,0.0
60.65,5.9988,3.9155,0.0736,0.1957,37,0.0736,0.0,0.0,0.0,0.0,0.0,0.0,0.0,0.0
60.7,5.9988,3.9155,0.0736,0.1957,37,0.0736,0.0,0.0,0.0,0.0,0.0,0.0,0.0,0.0
60.75,5.9988,3.9155,0.0736,0.1957,37,0.0736,0.0,0.0,0.0,0.0,0.0,0.0,0.0,0.0
60.8,5.9988,3.9155,0.0736,0.1957,37,0.0736,0.0,0.0,0.0,0.0,0.0,0.0,0.0,0.0
60.85,5.9988,3.9155,0.0736,0.1957,37,0.0736,0.0,0.0,0.0,0.0,0.0,0.0,0.0,0.0
60.9,5.9988,3.9155,0.0736,0.1957,37,0.0736,0.0,0.0,0.0,0.0,0.0,0.0,0.0,0.0
60.95,5.9988,3.9155,0.0736,0.1957,37,0.0736,0.0,0.0,0.0,0.0,0.0,0.0,0.0,0.0
61.0,5.9988,3.9155,0.0736,0.1957,37,0.0736,0.0,0.0,0.0,0.0,0.0,0.0,0.0,0.0
61.05,5.9988,3.9155,0.0736,0.1957,37,0.0736,0.0,0.0,0.0,0.0,0.0,0.0,0.0,0.0
61.101,5.9988,3.9155,0.0736,0.1957,37,0.0736,0.0,0.0,0.0,0.0,0.0,0.0,0.0,0.0
61.15,5.9988,3.9155,0.0736,0.1957,37,0.0736,0.0,0.0,0.0,0.0,0.0,0.0,0.0,0.0
61.202,5.9988,3.9155,0.0736,0.1957,37,0.0736,0.0,0.0,0.0,0.0,0.0,0.0,0.0,0.0
61.25,5.9988,3.9155,0.0736,0.1957,37,0.0736,0.0,0.0,0.0,0.0,0.0,0.0,0.0,0.0
61.3,5.9988,3.9155,0.0736,0.1957,37,0.0736,0.0,0.0,0.0,0.0,0.0,0.0,0.0,0.0
61.35,5.9988,3.9155,0.0736,0.1957,37,0.0736,0.0,0.0,0.0,0.0,0.0,0.0,0.0,0.0
61.402,5.9988,3.9155,0.0736,0.1957,37,0.0736,0.0,0.0,0.0,0.0,0.0,0.0,0.0,0.0
61.45,5.9988,3.9155,0.0736,0.1957,37,0.0736,0.0,0.0,0.0,0.0,0.0,0.0,0.0,0.0
61.5,5.9988,3.9155,0.0736,0.1957,37,0.0736,0.0,0.0,0.0,0.0,0.0,0.0,0.0,0.0
61.55,5.9988,3.9155,0.0736,0.1957,37,0.0736,0.0,0.0,0.0,0.0,0.0,0.0,0.0,0.0
61.6,5.9988,3.9155,0.0736,0.1957,37,0.0736,0.0,0.0,0.0,0.0,0.0,0.0,0.0,0.0
61.65,5.9988,3.9155,0.0736,0.1957,37,0.0736,0.0,0.0,0.0,0.0,0.0,0.0,0.0,0.0
61.7,5.9988,3.9155,0.0736,0.1957,37,0.0736,0.0,0.0,0.0,0.0,0.0,0.0,0.0,0.0
61.75,5.9988,3.9155,0.0736,0.1957,37,0.0736,0.0,0.0,0.0,0.0,0.0,0.0,0.0,0.0
61.8,5.9988,3.9155,0.0736,0.1957,37,0.0736,0.0,0.0,0.0,0.0,0.0,0.0,0.0,0.0
61.85,5.9988,3.9155,0.0736,0.1957,37,0.0736,0.0,0.0,0.0,0.0,0.0,0.0,0.0,0.0
61.9,5.9988,3.9155,0.0736,0.1957,37,0.0736,0.0,0.0,0.0,0.0,0.0,0.0,0.0,0.0
61.95,5.9988,3.9155,0.0736,0.1957,37,0.0736,0.0,0.0,0.0,0.0,0.0,0.0,0.0,0.0
62.0,5.9988,3.9155,0.0736,0.1957,37,0.0736,0.0,0.0,0.0,0.0,0.0,0.0,0.0,0.0
62.05,5.9988,3.9155,0.0736,0.1957,37,0.0736,0.0,0.0,0.0,0.0,0.0,0.0,0.0,0.0
62.1,5.9988,3.9155,0.0736,0.1957,37,0.0736,0.0,0.0,0.0,0.0,0.0,0.0,0.0,0.0
62.15,5.9988,3.9155,0.0736,0.1957,37,0.0736,0.0,0.0,0.0,0.0,0.0,0.0,0.0,0.0
62.2,5.9988,3.9155,0.0736,0.1957,37,0.0736,0.0,0.0,0.0,0.0,0.0,0.0,0.0,0.0
62.25,5.9988,3.9155,0.0736,0.1957,37,0.0736,0.0,0.0,0.0,0.0,0.0,0.0,0.0,0.0
62.303,5.9988,3.9155,0.0736,0.1957,37,0.0736,0.0,0.0,0.0,0.0,0.0,0.0,0.0,0.0
62.35,5.9988,3.9155,0.0736,0.1957,37,0.0736,0.0,0.0,0.0,0.0,0.0,0.0,0.0,0.0
62.4,5.9988,3.9155,0.0736,0.1957,37,0.0736,0.0,0.0,0.0,0.0,0.0,0.0,0.0,0.0
62.451,5.9988,3.9155,0.0736,0.1957,37,0.0736,0.0,0.0,0.0,0.0,0.0,0.0,0.0,0.0
62.5,5.9988,3.9155,0.0736,0.1957,37,0.0736,0.0,0.0,0.0,0.0,0.0,0.0,0.0,0.0
62.55,5.9988,3.9155,0.0736,0.1957,37,0.0736,0.0,0.0,0.0,0.0,0.0,0.0,0.0,0.0
62.6,5.9988,3.9155,0.0736,0.1957,37,0.0736,0.0,0.0,0.0,0.0,0.0,0.0,0.0,0.0
62.65,5.9988,3.9155,0.0736,0.1957,37,0.0736,0.0,0.0,0.0,0.0,0.0,0.0,0.0,0.0
62.7,5.9988,3.9155,0.0736,0.1957,37,0.0736,0.0,0.0,0.0,0.0,0.0,0.0,0.0,0.0
62.75,5.9988,3.9155,0.0736,0.1957,37,0.0736,0.0,0.0,0.0,0.0,0.0,0.0,0.0,0.0
62.8,5.9988,3.9155,0.0736,0.1957,37,0.0736,0.0,0.0,0.0,0.0,0.0,0.0,0.0,0.0
62.85,5.9988,3.9155,0.0736,0.1957,37,0.0736,0.0,0.0,0.0,0.0,0.0,0.0,0.0,0.0
62.9,5.9988,3.9155,0.0736,0.1957,37,0.0736,0.0,0.0,0.0,0.0,0.0,0.0,0.0,0.0
62.95,5.9988,3.9155,0.0736,0.1957,37,0.0736,0.0,0.0,0.0,0.0,0.0,0.0,0.0,0.0
63.0,5.9988,3.9155,0.0736,0.1957,37,0.0736,0.0,0.0,0.0,0.0,0.0,0.0,0.0,0.0
63.05,5.9988,3.9155,0.0736,0.1957,37,0.0736,0.0,0.0,0.0,0.0,0.0,0.0,0.0,0.0
63.1,5.9988,3.9155,0.0736,0.1957,37,0.0736,0.0,0.0,0.0,0.0,0.0,0.0,0.0,0.0
63.15,5.9988,3.9155,0.0736,0.1957,37,0.0736,0.0,0.0,0.0,0.0,0.0,0.0,0.0,0.0
63.2,5.9988,3.9155,0.0736,0.1957,37,0.0736,0.0,0.0,0.0,0.0,0.0,0.0,0.0,0.0
63.25,5.9988,3.9155,0.0736,0.1957,37,0.0736,0.0,0.0,0.0,0.0,0.0,0.0,0.0,0.0
63.3,5.9988,3.9155,0.0736,0.1957,37,0.0736,0.0,0.0,0.0,0.0,0.0,0.0,0.0,0.0
63.35,5.9988,3.9155,0.0736,0.1957,37,0.0736,0.0,0.0,0.0,0.0,0.0,0.0,0.0,0.0
63.4,5.9988,3.9155,0.0736,0.1957,37,0.0736,0.0,0.0,0.0,0.0,0.0,0.0,0.0,0.0
63.45,5.9988,3.9155,0.0736,0.1957,37,0.0736,0.0,0.0,0.0,0.0,0.0,0.0,0.0,0.0
63.5,5.9988,3.9155,0.0736,0.1957,37,0.0736,0.0,0.0,0.0,0.0,0.0,0.0,0.0,0.0
63.55,5.9988,3.9155,0.0736,0.1957,37,0.0736,0.0,0.0,0.0,0.0,0.0,0.0,0.0,0.0
63.6,5.9988,3.9155,0.0736,0.1957,37,0.0736,0.0,0.0,0.0,0.0,0.0,0.0,0.0,0.0
63.65,5.9988,3.9155,0.0736,0.1957,37,0.0736,0.0,0.0,0.0,0.0,0.0,0.0,0.0,0.0
63.699,5.9988,3.9155,0.0736,0.1957,37,0.0736,0.0,0.0,0.0,0.0,0.0,0.0,0.0,0.0
63.75,5.9988,3.9155,0.0736,0.1957,37,0.0736,0.0,0.0,0.0,0.0,0.0,0.0,0.0,0.0
63.8,5.9988,3.9155,0.0736,0.1957,37,0.0736,0.0,0.0,0.0,0.0,0.0,0.0,0.0,0.0
63.85,5.9988,3.9155,0.0736,0.1957,37,0.0736,0.0,0.0,0.0,0.0,0.0,0.0,0.0,0.0
63.901,5.9988,3.9155,0.0736,0.1957,37,0.0736,0.0,0.0,0.0,0.0,0.0,0.0,0.0,0.0
63.95,5.9988,3.9155,0.0736,0.1957,37,0.0736,0.0,0.0,0.0,0.0,0.0,0.0,0.0,0.0
64.0,5.9988,3.9155,0.0736,0.1957,37,0.0736,0.0,0.0,0.0,0.0,0.0,0.0,0.0,0.0
64.05,5.9988,3.9155,0.0736,0.1957,37,0.0736,0.0,0.0,0.0,0.0,0.0,0.0,0.0,0.0
64.1,5.9988,3.9155,0.0736,0.1957,37,0.0736,0.0,0.0,0.0,0.0,0.0,0.0,0.0,0.0
64.15,5.9988,3.9155,0.0736,0.1957,37,0.0736,0.0,0.0,0.0,0.0,0.0,0.0,0.0,0.0
64.2,5.9988,3.9155,0.0736,0.1957,37,0.0736,0.0,0.0,0.0,0.0,0.0,0.0,0.0,0.0
64.25,5.9988,3.9155,0.0736,0.1957,37,0.0736,0.0,0.0,0.0,0.0,0.0,0.0,0.0,0.0
64.3,5.9988,3.9155,0.0736,0.1957,37,0.0736,0.0,0.0,0.0,0.0,0.0,0.0,0.0,0.0
64.35,5.9988,3.9155,0.0736,0.1957,37,0.0736,0.0,0.0,0.0,0.0,0.0,0.0,0.0,0.0
64.4,5.9988,3.9155,0.0736,0.1957,37,0.0736,0.0,0.0,0.0,0.0,0.0,0.0,0.0,0.0
64.45,5.9988,3.9155,0.0736,0.1957,37,0.0736,0.0,0.0,0.0,0.0,0.0,0.0,0.0,0.0
64.5,5.9988,3.9155,0.0736,0.1957,37,0.0736,0.0,0.0,0.0,0.0,0.0,0.0,0.0,0.0
64.55,5.9988,3.9155,0.0736,0.1957,37,0.0736,0.0,0.0,0.0,0.0,0.0,0.0,0.0,0.0
64.6,5.9988,3.9155,0.0736,0.1957,37,0.0736,0.0,0.0,0.0,0.0,0.0,0.0,0.0,0.0
64.65,5.9988,3.9155,0.0736,0.1957,37,0.0736,0.0,0.0,0.0,0.0,0.0,0.0,0.0,0.0
64.7,5.9988,3.9155,0.0736,0.1957,37,0.0736,0.0,0.0,0.0,0.0,0.0,0.0,0.0,0.0
64.75,5.9988,3.9155,0.0736,0.1957,37,0.0736,0.0,0.0,0.0,0.0,0.0,0.0,0.0,0.0
64.8,5.9988,3.9155,0.0736,0.1957,37,0.0736,0.0,0.0,0.0,0.0,0.0,0.0,0.0,0.0
64.85,5.9988,3.9155,0.0736,0.1957,37,0.0736,0.0,0.0,0.0,0.0,0.0,0.0,0.0,0.0
64.9,5.9988,3.9155,0.0736,0.1957,37,0.0736,0.0,0.0,0.0,0.0,0.0,0.0,0.0,0.0
64.95,5.9988,3.9155,0.0736,0.1957,37,0.0736,0.0,0.0,0.0,0.0,0.0,0.0,0.0,0.0
65.0,5.9988,3.9155,0.0736,0.1957,37,0.0736,0.0,0.0,0.0,0.0,0.0,0.0,0.0,0.0
65.05,5.9988,3.9155,0.0736,0.1957,37,0.0736,0.0,0.0,0.0,0.0,0.0,0.0,0.0,0.0
65.1,5.9988,3.9155,0.0736,0.1957,37,0.0736,0.0,0.0,0.0,0.0,0.0,0.0,0.0,0.0
65.15,5.9988,3.9155,0.0736,0.1957,37,0.0736,0.0,0.0,0.0,0.0,0.0,0.0,0.0,0.0
65.2,5.9988,3.9155,0.0736,0.1957,37,0.0736,0.0,0.0,0.0,0.0,0.0,0.0,0.0,0.0
65.25,5.9988,3.9155,0.0736,0.1957,37,0.0736,0.0,0.0,0.0,0.0,0.0,0.0,0.0,0.0
65.3,5.9988,3.9155,0.0736,0.1957,37,0.0736,0.0,0.0,0.0,0.0,0.0,0.0,0.0,0.0
65.35,5.9988,3.9155,0.0736,0.1957,37,0.0736,0.0,0.0,0.0,0.0,0.0,0.0,0.0,0.0
65.4,5.9988,3.9155,0.0736,0.1957,37,0.0736,0.0,0.0,0.0,0.0,0.0,0.0,0.0,0.0
65.45,5.9988,3.9155,0.0736,0.1957,37,0.0736,0.0,0.0,0.0,0.0,0.0,0.0,0.0,0.0
65.501,5.9988,3.9155,0.0736,0.1957,37,0.0736,0.0,0.0,0.0,0.0,0.0,0.0,0.0,0.0
65.55,5.9988,3.9155,0.0736,0.1957,37,0.0736,0.0,0.0,0.0,0.0,0.0,0.0,0.0,0.0
65.6,5.9988,3.9155,0.0736,0.1957,37,0.0736,0.0,0.0,0.0,0.0,0.0,0.0,0.0,0.0
65.65,5.9988,3.9155,0.0736,0.1957,37,0.0736,0.0,0.0,0.0,0.0,0.0,0.0,0.0,0.0
65.7,5.9988,3.9155,0.0736,0.1957,37,0.0736,0.0,0.0,0.0,0.0,0.0,0.0,0.0,0.0
65.75,5.9988,3.9155,0.0736,0.1957,37,0.0736,0.0,0.0,0.0,0.0,0.0,0.0,0.0,0.0
65.8,5.9988,3.9155,0.0736,0.1957,37,0.0736,0.0,0.0,0.0,0.0,0.0,0.0,0.0,0.0
65.85,5.9988,3.9155,0.0736,0.1957,37,0.0736,0.0,0.0,0.0,0.0,0.0,0.0,0.0,0.0
65.9,5.9988,3.9155,0.0736,0.1957,37,0.0736,0.0,0.0,0.0,0.0,0.0,0.0,0.0,0.0
65.95,5.9988,3.9155,0.0736,0.1957,37,0.0736,0.0,0.0,0.0,0.0,0.0,0.0,0.0,0.0
66.0,5.9988,3.9155,0.0736,0.1957,37,0.0736,0.0,0.0,0.0,0.0,0.0,0.0,0.0,0.0
66.05,5.9988,3.9155,0.0736,0.1957,37,0.0736,0.0,0.0,0.0,0.0,0.0,0.0,0.0,0.0
66.1,5.9988,3.9155,0.0736,0.1957,37,0.0736,0.0,0.0,0.0,0.0,0.0,0.0,0.0,0.0
66.15,5.9988,3.9155,0.0736,0.1957,37,0.0736,0.0,0.0,0.0,0.0,0.0,0.0,0.0,0.0
66.2,5.9988,3.9155,0.0736,0.1957,37,0.0736,0.0,0.0,0.0,0.0,0.0,0.0,0.0,0.0
66.25,5.9988,3.9155,0.0736,0.1957,37,0.0736,0.0,0.0,0.0,0.0,0.0,0.0,0.0,0.0
66.3,5.9988,3.9155,0.0736,0.1957,37,0.0736,0.0,0.0,0.0,0.0,0.0,0.0,0.0,0.0
66.35,5.9988,3.9155,0.0736,0.1957,37,0.0736,0.0,0.0,0.0,0.0,0.0,0.0,0.0,0.0
66.4,5.9988,3.9155,0.0736,0.1957,37,0.0736,0.0,0.0,0.0,0.0,0.0,0.0,0.0,0.0
66.45,5.9988,3.9155,0.0736,0.1957,37,0.0736,0.0,0.0,0.0,0.0,0.0,0.0,0.0,0.0
66.5,5.9988,3.9155,0.0736,0.1957,37,0.0736,0.0,0.0,0.0,0.0,0.0,0.0,0.0,0.0
66.55,5.9988,3.9155,0.0736,0.1957,37,0.0736,0.0,0.0,0.0,0.0,0.0,0.0,0.0,0.0
66.6,5.9988,3.9155,0.0736,0.1957,37,0.0736,0.0,0.0,0.0,0.0,0.0,0.0,0.0,0.0
66.65,5.9988,3.9155,0.0736,0.1957,37,0.0736,0.0,0.0,0.0,0.0,0.0,0.0,0.0,0.0
66.7,5.9988,3.9155,0.0736,0.1957,37,0.0736,0.0,0.0,0.0,0.0,0.0,0.0,0.0,0.0
66.75,5.9988,3.9155,0.0736,0.1957,37,0.0736,0.0,0.0,0.0,0.0,0.0,0.0,0.0,0.0
66.8,5.9988,3.9155,0.0736,0.1957,37,0.0736,0.0,0.0,0.0,0.0,0.0,0.0,0.0,0.0
66.85,5.9988,3.9155,0.0736,0.1957,37,0.0736,0.0,0.0,0.0,0.0,0.0,0.0,0.0,0.0
66.9,5.9988,3.9155,0.0736,0.1957,37,0.0736,0.0,0.0,0.0,0.0,0.0,0.0,0.0,0.0
66.95,5.9988,3.9155,0.0736,0.1957,37,0.0736,0.0,0.0,0.0,0.0,0.0,0.0,0.0,0.0
67.0,5.9988,3.9155,0.0736,0.1957,37,0.0736,0.0,0.0,0.0,0.0,0.0,0.0,0.0,0.0
67.05,5.9988,3.9155,0.0736,0.1957,37,0.0736,0.0,0.0,0.0,0.0,0.0,0.0,0.0,0.0
67.1,5.9988,3.9155,0.0736,0.1957,37,0.0736,0.0,0.0,0.0,0.0,0.0,0.0,0.0,0.0
67.15,5.9988,3.9155,0.0736,0.1957,37,0.0736,0.0,0.0,0.0,0.0,0.0,0.0,0.0,0.0
67.2,5.9988,3.9155,0.0736,0.1957,37,0.0736,0.0,0.0,0.0,0.0,0.0,0.0,0.0,0.0
67.25,5.9988,3.9155,0.0736,0.1957,37,0.0736,0.0,0.0,0.0,0.0,0.0,0.0,0.0,0.0
67.3,5.9988,3.9155,0.0736,0.1957,37,0.0736,0.0,0.0,0.0,0.0,0.0,0.0,0.0,0.0
67.35,5.9988,3.9155,0.0736,0.1957,37,0.0736,0.0,0.0,0.0,0.0,0.0,0.0,0.0,0.0
67.4,5.9988,3.9155,0.0736,0.1957,37,0.0736,0.0,0.0,0.0,0.0,0.0,0.0,0.0,0.0
67.45,5.9988,3.9155,0.0736,0.1957,37,0.0736,0.0,0.0,0.0,0.0,0.0,0.0,0.0,0.0
67.5,5.9988,3.9155,0.0736,0.1957,37,0.0736,0.0,0.0,0.0,0.0,0.0,0.0,0.0,0.0
67.552,5.9988,3.9155,0.0736,0.1957,37,0.0736,0.0,0.0,0.0,0.0,0.0,0.0,0.0,0.0
67.604,5.9988,3.9155,0.0736,0.1957,37,0.0736,0.0,0.0,0.0,0.0,0.0,0.0,0.0,0.0
67.651,5.9988,3.9155,0.0736,0.1957,37,0.0736,0.0,0.0,0.0,0.0,0.0,0.0,0.0,0.0
67.7,5.9988,3.9155,0.0736,0.1957,37,0.0736,0.0,0.0,0.0,0.0,0.0,0.0,0.0,0.0
67.75,5.9988,3.9155,0.0736,0.1957,37,0.0736,0.0,0.0,0.0,0.0,0.0,0.0,0.0,0.0
67.8,5.9988,3.9155,0.0736,0.1957,37,0.0736,0.0,0.0,0.0,0.0,0.0,0.0,0.0,0.0
67.85,5.9988,3.9155,0.0736,0.1957,37,0.0736,0.0,0.0,0.0,0.0,0.0,0.0,0.0,0.0
67.9,5.9988,3.9155,0.0736,0.1957,37,0.0736,0.0,0.0,0.0,0.0,0.0,0.0,0.0,0.0
67.95,5.9988,3.9155,0.0736,0.1957,37,0.0736,0.0,0.0,0.0,0.0,0.0,0.0,0.0,0.0
68.0,5.9988,3.9155,0.0736,0.1957,37,0.0736,0.0,0.0,0.0,0.0,0.0,0.0,0.0,0.0
68.05,5.9988,3.9155,0.0736,0.1957,37,0.0736,0.0,0.0,0.0,0.0,0.0,0.0,0.0,0.0
68.1,5.9988,3.9155,0.0736,0.1957,37,0.0736,0.0,0.0,0.0,0.0,0.0,0.0,0.0,0.0
68.151,5.9988,3.9155,0.0736,0.1957,37,0.0736,0.0,0.0,0.0,0.0,0.0,0.0,0.0,0.0
68.2,5.9988,3.9155,0.0736,0.1957,37,0.0736,0.0,0.0,0.0,0.0,0.0,0.0,0.0,0.0
68.25,5.9988,3.9155,0.0736,0.1957,37,0.0736,0.0,0.0,0.0,0.0,0.0,0.0,0.0,0.0
68.3,5.9988,3.9155,0.0736,0.1957,37,0.0736,0.0,0.0,0.0,0.0,0.0,0.0,0.0,0.0
68.35,5.9988,3.9155,0.0736,0.1957,37,0.0736,0.0,0.0,0.0,0.0,0.0,0.0,0.0,0.0
68.4,5.9988,3.9155,0.0736,0.1957,37,0.0736,0.0,0.0,0.0,0.0,0.0,0.0,0.0,0.0
68.45,5.9988,3.9155,0.0736,0.1957,37,0.0736,0.0,0.0,0.0,0.0,0.0,0.0,0.0,0.0
68.5,5.9988,3.9155,0.0736,0.1957,37,0.0736,0.0,0.0,0.0,0.0,0.0,0.0,0.0,0.0
68.55,5.9988,3.9155,0.0736,0.1957,37,0.0736,0.0,0.0,0.0,0.0,0.0,0.0,0.0,0.0
68.6,5.9988,3.9155,0.0736,0.1957,37,0.0736,0.0,0.0,0.0,0.0,0.0,0.0,0.0,0.0
68.65,5.9988,3.9155,0.0736,0.1957,37,0.0736,0.0,0.0,0.0,0.0,0.0,0.0,0.0,0.0
68.7,5.9988,3.9155,0.0736,0.1957,37,0.0736,0.0,0.0,0.0,0.0,0.0,0.0,0.0,0.0
68.75,5.9988,3.9155,0.0736,0.1957,37,0.0736,0.0,0.0,0.0,0.0,0.0,0.0,0.0,0.0
68.8,5.9988,3.9155,0.0736,0.1957,37,0.0736,0.0,0.0,0.0,0.0,0.0,0.0,0.0,0.0
68.85,5.9988,3.9155,0.0736,0.1957,37,0.0736,0.0,0.0,0.0,0.0,0.0,0.0,0.0,0.0
68.9,5.9988,3.9155,0.0736,0.1957,37,0.0736,0.0,0.0,0.0,0.0,0.0,0.0,0.0,0.0
68.95,5.9988,3.9155,0.0736,0.1957,37,0.0736,0.0,0.0,0.0,0.0,0.0,0.0,0.0,0.0
69.0,5.9988,3.9155,0.0736,0.1957,37,0.0736,0.0,0.0,0.0,0.0,0.0,0.0,0.0,0.0
69.05,5.9988,3.9155,0.0736,0.1957,37,0.0736,0.0,0.0,0.0,0.0,0.0,0.0,0.0,0.0
69.101,5.9988,3.9155,0.0736,0.1957,37,0.0736,0.0,0.0,0.0,0.0,0.0,0.0,0.0,0.0
69.15,5.9988,3.9155,0.0736,0.1957,37,0.0736,0.0,0.0,0.0,0.0,0.0,0.0,0.0,0.0
69.2,5.9988,3.9155,0.0736,0.1957,37,0.0736,0.0,0.0,0.0,0.0,0.0,0.0,0.0,0.0
69.25,5.9988,3.9155,0.0736,0.1957,37,0.0736,0.0,0.0,0.0,0.0,0.0,0.0,0.0,0.0
69.3,5.9988,3.9155,0.0736,0.1957,37,0.0736,0.0,0.0,0.0,0.0,0.0,0.0,0.0,0.0
69.35,5.9988,3.9155,0.0736,0.1957,37,0.0736,0.0,0.0,0.0,0.0,0.0,0.0,0.0,0.0
69.4,5.9988,3.9155,0.0736,0.1957,37,0.0736,0.0,0.0,0.0,0.0,0.0,0.0,0.0,0.0
69.45,5.9988,3.9155,0.0736,0.1957,37,0.0736,0.0,0.0,0.0,0.0,0.0,0.0,0.0,0.0
69.5,5.9988,3.9155,0.0736,0.1957,37,0.0736,0.0,0.0,0.0,0.0,0.0,0.0,0.0,0.0
69.55,5.9988,3.9155,0.0736,0.1957,37,0.0736,0.0,0.0,0.0,0.0,0.0,0.0,0.0,0.0
69.6,5.9988,3.9155,0.0736,0.1957,37,0.0736,0.0,0.0,0.0,0.0,0.0,0.0,0.0,0.0
69.65,5.9988,3.9155,0.0736,0.1957,37,0.0736,0.0,0.0,0.0,0.0,0.0,0.0,0.0,0.0
69.7,5.9988,3.9155,0.0736,0.1957,37,0.0736,0.0,0.0,0.0,0.0,0.0,0.0,0.0,0.0
69.75,5.9988,3.9155,0.0736,0.1957,37,0.0736,0.0,0.0,0.0,0.0,0.0,0.0,0.0,0.0
69.8,5.9988,3.9155,0.0736,0.1957,37,0.0736,0.0,0.0,0.0,0.0,0.0,0.0,0.0,0.0
69.85,5.9988,3.9155,0.0736,0.1957,37,0.0736,0.0,0.0,0.0,0.0,0.0,0.0,0.0,0.0
69.9,5.9988,3.9155,0.0736,0.1957,37,0.0736,0.0,0.0,0.0,0.0,0.0,0.0,0.0,0.0
69.95,5.9988,3.9155,0.0736,0.1957,37,0.0736,0.0,0.0,0.0,0.0,0.0,0.0,0.0,0.0
70.0,5.9988,3.9155,0.0736,0.1957,37,0.0736,0.0,0.0,0.0,0.0,0.0,0.0,0.0,0.0
70.05,5.9988,3.9155,0.0736,0.1957,37,0.0736,0.0,0.0,0.0,0.0,0.0,0.0,0.0,0.0
70.1,5.9988,3.9155,0.0736,0.1957,37,0.0736,0.0,0.0,0.0,0.0,0.0,0.0,0.0,0.0
70.15,5.9988,3.9155,0.0736,0.1957,37,0.0736,0.0,0.0,0.0,0.0,0.0,0.0,0.0,0.0
70.2,5.9988,3.9155,0.0736,0.1957,37,0.0736,0.0,0.0,0.0,0.0,0.0,0.0,0.0,0.0
70.25,5.9988,3.9155,0.0736,0.1957,37,0.0736,0.0,0.0,0.0,0.0,0.0,0.0,0.0,0.0
70.302,5.9988,3.9155,0.0736,0.1957,37,0.0736,0.0,0.0,0.0,0.0,0.0,0.0,0.0,0.0
70.35,5.9988,3.9155,0.0736,0.1957,37,0.0736,0.0,0.0,0.0,0.0,0.0,0.0,0.0,0.0
70.401,5.9988,3.9155,0.0736,0.1957,37,0.0736,0.0,0.0,0.0,0.0,0.0,0.0,0.0,0.0
70.45,5.9988,3.9155,0.0736,0.1957,37,0.0736,0.0,0.0,0.0,0.0,0.0,0.0,0.0,0.0
70.5,5.9988,3.9155,0.0736,0.1957,37,0.0736,0.0,0.0,0.0,0.0,0.0,0.0,0.0,0.0
70.551,5.9988,3.9155,0.0736,0.1957,37,0.0736,0.0,0.0,0.0,0.0,0.0,0.0,0.0,0.0
70.6,5.9988,3.9155,0.0736,0.1957,37,0.0736,0.0,0.0,0.0,0.0,0.0,0.0,0.0,0.0
70.651,5.9988,3.9155,0.0736,0.1957,37,0.0736,0.0,0.0,0.0,0.0,0.0,0.0,0.0,0.0
70.702,5.9988,3.9155,0.0736,0.1957,37,0.0736,0.0,0.0,0.0,0.0,0.0,0.0,0.0,0.0
70.75,5.9988,3.9155,0.0736,0.1957,37,0.0736,0.0,0.0,0.0,0.0,0.0,0.0,0.0,0.0
70.8,5.9988,3.9155,0.0736,0.1957,37,0.0736,0.0,0.0,0.0,0.0,0.0,0.0,0.0,0.0
70.851,5.9988,3.9155,0.0736,0.1957,37,0.0736,0.0,0.0,0.0,0.0,0.0,0.0,0.0,0.0
70.9,5.9988,3.9155,0.0736,0.1957,37,0.0736,0.0,0.0,0.0,0.0,0.0,0.0,0.0,0.0
70.95,5.9988,3.9155,0.0736,0.1957,37,0.0736,0.0,0.0,0.0,0.0,0.0,0.0,0.0,0.0
71.0,5.9988,3.9155,0.0736,0.1957,37,0.0736,0.0,0.0,0.0,0.0,0.0,0.0,0.0,0.0
71.05,5.9988,3.9155,0.0736,0.1957,37,0.0736,0.0,0.0,0.0,0.0,0.0,0.0,0.0,0.0
71.1,5.9988,3.9155,0.0736,0.1957,37,0.0736,0.0,0.0,0.0,0.0,0.0,0.0,0.0,0.0
71.15,5.9988,3.9155,0.0736,0.1957,37,0.0736,0.0,0.0,0.0,0.0,0.0,0.0,0.0,0.0
71.2,5.9988,3.9155,0.0736,0.1957,37,0.0736,0.0,0.0,0.0,0.0,0.0,0.0,0.0,0.0
71.25,5.9988,3.9155,0.0736,0.1957,37,0.0736,0.0,0.0,0.0,0.0,0.0,0.0,0.0,0.0
71.3,5.9988,3.9155,0.0736,0.1957,37,0.0736,0.0,0.0,0.0,0.0,0.0,0.0,0.0,0.0
71.35,5.9988,3.9155,0.0736,0.1957,37,0.0736,0.0,0.0,0.0,0.0,0.0,0.0,0.0,0.0
71.4,5.9988,3.9155,0.0736,0.1957,37,0.0736,0.0,0.0,0.0,0.0,0.0,0.0,0.0,0.0
71.45,5.9988,3.9155,0.0736,0.1957,37,0.0736,0.0,0.0,0.0,0.0,0.0,0.0,0.0,0.0
71.5,5.9988,3.9155,0.0736,0.1957,37,0.0736,0.0,0.0,0.0,0.0,0.0,0.0,0.0,0.0
71.551,5.9988,3.9155,0.0736,0.1957,37,0.0736,0.0,0.0,0.0,0.0,0.0,0.0,0.0,0.0
71.601,5.9988,3.9155,0.0736,0.1957,37,0.0736,0.0,0.0,0.0,0.0,0.0,0.0,0.0,0.0
71.65,5.9988,3.9155,0.0736,0.1957,37,0.0736,0.0,0.0,0.0,0.0,0.0,0.0,0.0,0.0
71.7,5.9988,3.9155,0.0736,0.1957,37,0.0736,0.0,0.0,0.0,0.0,0.0,0.0,0.0,0.0
71.75,5.9988,3.9155,0.0736,0.1957,37,0.0736,0.0,0.0,0.0,0.0,0.0,0.0,0.0,0.0
71.801,5.9988,3.9155,0.0736,0.1957,37,0.0736,0.0,0.0,0.0,0.0,0.0,0.0,0.0,0.0
71.85,5.9988,3.9155,0.0736,0.1957,37,0.0736,0.0,0.0,0.0,0.0,0.0,0.0,0.0,0.0
71.9,5.9988,3.9155,0.0736,0.1957,37,0.0736,0.0,0.0,0.0,0.0,0.0,0.0,0.0,0.0
71.95,5.9988,3.9155,0.0736,0.1957,37,0.0736,0.0,0.0,0.0,0.0,0.0,0.0,0.0,0.0
72.0,5.9988,3.9155,0.0736,0.1957,37,0.0736,0.0,0.0,0.0,0.0,0.0,0.0,0.0,0.0
72.05,5.9988,3.9155,0.0736,0.1957,37,0.0736,0.0,0.0,0.0,0.0,0.0,0.0,0.0,0.0
72.1,5.9988,3.9155,0.0736,0.1957,37,0.0736,0.0,0.0,0.0,0.0,0.0,0.0,0.0,0.0
72.15,5.9988,3.9155,0.0736,0.1957,37,0.0736,0.0,0.0,0.0,0.0,0.0,0.0,0.0,0.0
72.2,5.9988,3.9155,0.0736,0.1957,37,0.0736,0.0,0.0,0.0,0.0,0.0,0.0,0.0,0.0
72.25,5.9988,3.9155,0.0736,0.1957,37,0.0736,0.0,0.0,0.0,0.0,0.0,0.0,0.0,0.0
72.3,5.9988,3.9155,0.0736,0.1957,37,0.0736,0.0,0.0,0.0,0.0,0.0,0.0,0.0,0.0
72.351,5.9988,3.9155,0.0736,0.1957,37,0.0736,0.0,0.0,0.0,0.0,0.0,0.0,0.0,0.0
72.4,5.9988,3.9155,0.0736,0.1957,37,0.0736,0.0,0.0,0.0,0.0,0.0,0.0,0.0,0.0
72.45,5.9988,3.9155,0.0736,0.1957,37,0.0736,0.0,0.0,0.0,0.0,0.0,0.0,0.0,0.0
72.5,5.9988,3.9155,0.0736,0.1957,37,0.0736,0.0,0.0,0.0,0.0,0.0,0.0,0.0,0.0
72.55,5.9988,3.9155,0.0736,0.1957,37,0.0736,0.0,0.0,0.0,0.0,0.0,0.0,0.0,0.0
72.6,5.9988,3.9155,0.0736,0.1957,37,0.0736,0.0,0.0,0.0,0.0,0.0,0.0,0.0,0.0
72.65,5.9988,3.9155,0.0736,0.1957,37,0.0736,0.0,0.0,0.0,0.0,0.0,0.0,0.0,0.0
72.7,5.9988,3.9155,0.0736,0.1957,37,0.0736,0.0,0.0,0.0,0.0,0.0,0.0,0.0,0.0
72.751,5.9988,3.9155,0.0736,0.1957,37,0.0736,0.0,0.0,0.0,0.0,0.0,0.0,0.0,0.0
72.8,5.9988,3.9155,0.0736,0.1957,37,0.0736,0.0,0.0,0.0,0.0,0.0,0.0,0.0,0.0
72.85,5.9988,3.9155,0.0736,0.1957,37,0.0736,0.0,0.0,0.0,0.0,0.0,0.0,0.0,0.0
72.9,5.9988,3.9155,0.0736,0.1957,37,0.0736,0.0,0.0,0.0,0.0,0.0,0.0,0.0,0.0
72.95,5.9988,3.9155,0.0736,0.1957,37,0.0736,0.0,0.0,0.0,0.0,0.0,0.0,0.0,0.0
73.0,5.9988,3.9155,0.0736,0.1957,37,0.0736,0.0,0.0,0.0,0.0,0.0,0.0,0.0,0.0
73.05,5.9988,3.9155,0.0736,0.1957,37,0.0736,0.0,0.0,0.0,0.0,0.0,0.0,0.0,0.0
73.1,5.9988,3.9155,0.0736,0.1957,37,0.0736,0.0,0.0,0.0,0.0,0.0,0.0,0.0,0.0
73.15,5.9988,3.9155,0.0736,0.1957,37,0.0736,0.0,0.0,0.0,0.0,0.0,0.0,0.0,0.0
73.201,5.9988,3.9155,0.0736,0.1957,37,0.0736,0.0,0.0,0.0,0.0,0.0,0.0,0.0,0.0
73.25,5.9988,3.9155,0.0736,0.1957,37,0.0736,0.0,0.0,0.0,0.0,0.0,0.0,0.0,0.0
73.3,5.9988,3.9155,0.0736,0.1957,37,0.0736,0.0,0.0,0.0,0.0,0.0,0.0,0.0,0.0
73.35,5.9988,3.9155,0.0736,0.1957,37,0.0736,0.0,0.0,0.0,0.0,0.0,0.0,0.0,0.0
73.4,5.9988,3.9155,0.0736,0.1957,37,0.0736,0.0,0.0,0.0,0.0,0.0,0.0,0.0,0.0
73.45,5.9988,3.9155,0.0736,0.1957,37,0.0736,0.0,0.0,0.0,0.0,0.0,0.0,0.0,0.0
73.5,5.9988,3.9155,0.0736,0.1957,37,0.0736,0.0,0.0,0.0,0.0,0.0,0.0,0.0,0.0
73.55,5.9988,3.9155,0.0736,0.1957,37,0.0736,0.0,0.0,0.0,0.0,0.0,0.0,0.0,0.0
73.6,5.9988,3.9155,0.0736,0.1957,37,0.0736,0.0,0.0,0.0,0.0,0.0,0.0,0.0,0.0
73.65,5.9988,3.9155,0.0736,0.1957,37,0.0736,0.0,0.0,0.0,0.0,0.0,0.0,0.0,0.0
73.7,5.9988,3.9155,0.0736,0.1957,37,0.0736,0.0,0.0,0.0,0.0,0.0,0.0,0.0,0.0
73.75,5.9988,3.9155,0.0736,0.1957,37,0.0736,0.0,0.0,0.0,0.0,0.0,0.0,0.0,0.0
73.8,5.9988,3.9155,0.0736,0.1957,37,0.0736,0.0,0.0,0.0,0.0,0.0,0.0,0.0,0.0
73.85,5.9988,3.9155,0.0736,0.1957,37,0.0736,0.0,0.0,0.0,0.0,0.0,0.0,0.0,0.0
73.9,5.9988,3.9155,0.0736,0.1957,37,0.0736,0.0,0.0,0.0,0.0,0.0,0.0,0.0,0.0
73.95,5.9988,3.9155,0.0736,0.1957,37,0.0736,0.0,0.0,0.0,0.0,0.0,0.0,0.0,0.0
74.0,5.9988,3.9155,0.0736,0.1957,37,0.0736,0.0,0.0,0.0,0.0,0.0,0.0,0.0,0.0
74.05,5.9988,3.9155,0.0736,0.1957,37,0.0736,0.0,0.0,0.0,0.0,0.0,0.0,0.0,0.0
74.1,5.9988,3.9155,0.0736,0.1957,37,0.0736,0.0,0.0,0.0,0.0,0.0,0.0,0.0,0.0
74.15,5.9988,3.9155,0.0736,0.1957,37,0.0736,0.0,0.0,0.0,0.0,0.0,0.0,0.0,0.0
74.2,5.9988,3.9155,0.0736,0.1957,37,0.0736,0.0,0.0,0.0,0.0,0.0,0.0,0.0,0.0
74.25,5.9988,3.9155,0.0736,0.1957,37,0.0736,0.0,0.0,0.0,0.0,0.0,0.0,0.0,0.0
74.3,5.9988,3.9155,0.0736,0.1957,37,0.0736,0.0,0.0,0.0,0.0,0.0,0.0,0.0,0.0
74.35,5.9988,3.9155,0.0736,0.1957,37,0.0736,0.0,0.0,0.0,0.0,0.0,0.0,0.0,0.0
74.4,5.9988,3.9155,0.0736,0.1957,37,0.0736,0.0,0.0,0.0,0.0,0.0,0.0,0.0,0.0
74.45,5.9988,3.9155,0.0736,0.1957,37,0.0736,0.0,0.0,0.0,0.0,0.0,0.0,0.0,0.0
74.5,5.9988,3.9155,0.0736,0.1957,37,0.0736,0.0,0.0,0.0,0.0,0.0,0.0,0.0,0.0
74.55,5.9988,3.9155,0.0736,0.1957,37,0.0736,0.0,0.0,0.0,0.0,0.0,0.0,0.0,0.0
74.6,5.9988,3.9155,0.0736,0.1957,37,0.0736,0.0,0.0,0.0,0.0,0.0,0.0,0.0,0.0
74.65,5.9988,3.9155,0.0736,0.1957,37,0.0736,0.0,0.0,0.0,0.0,0.0,0.0,0.0,0.0
74.7,5.9988,3.9155,0.0736,0.1957,37,0.0736,0.0,0.0,0.0,0.0,0.0,0.0,0.0,0.0
74.75,5.9988,3.9155,0.0736,0.1957,37,0.0736,0.0,0.0,0.0,0.0,0.0,0.0,0.0,0.0
74.8,5.9988,3.9155,0.0736,0.1957,37,0.0736,0.0,0.0,0.0,0.0,0.0,0.0,0.0,0.0
74.85,5.9988,3.9155,0.0736,0.1957,37,0.0736,0.0,0.0,0.0,0.0,0.0,0.0,0.0,0.0
74.9,5.9988,3.9155,0.0736,0.1957,37,0.0736,0.0,0.0,0.0,0.0,0.0,0.0,0.0,0.0
74.95,5.9988,3.9155,0.0736,0.1957,37,0.0736,0.0,0.0,0.0,0.0,0.0,0.0,0.0,0.0
75.0,5.9988,3.9155,0.0736,0.1957,37,0.0736,0.0,0.0,0.0,0.0,0.0,0.0,0.0,0.0
75.05,5.9988,3.9155,0.0736,0.1957,37,0.0736,0.0,0.0,0.0,0.0,0.0,0.0,0.0,0.0
75.1,5.9988,3.9155,0.0736,0.1957,37,0.0736,0.0,0.0,0.0,0.0,0.0,0.0,0.0,0.0
75.15,5.9988,3.9155,0.0736,0.1957,37,0.0736,0.0,0.0,0.0,0.0,0.0,0.0,0.0,0.0
75.2,5.9988,3.9155,0.0736,0.1957,37,0.0736,0.0,0.0,0.0,0.0,0.0,0.0,0.0,0.0
75.25,5.9988,3.9155,0.0736,0.1957,37,0.0736,0.0,0.0,0.0,0.0,0.0,0.0,0.0,0.0
75.3,5.9988,3.9155,0.0736,0.1957,37,0.0736,0.0,0.0,0.0,0.0,0.0,0.0,0.0,0.0
75.35,5.9988,3.9155,0.0736,0.1957,37,0.0736,0.0,0.0,0.0,0.0,0.0,0.0,0.0,0.0
75.4,5.9988,3.9155,0.0736,0.1957,37,0.0736,0.0,0.0,0.0,0.0,0.0,0.0,0.0,0.0
75.45,5.9988,3.9155,0.0736,0.1957,37,0.0736,0.0,0.0,0.0,0.0,0.0,0.0,0.0,0.0
75.5,5.9988,3.9155,0.0736,0.1957,37,0.0736,0.0,0.0,0.0,0.0,0.0,0.0,0.0,0.0
75.55,5.9988,3.9155,0.0736,0.1957,37,0.0736,0.0,0.0,0.0,0.0,0.0,0.0,0.0,0.0
75.6,5.9988,3.9155,0.0736,0.1957,37,0.0736,0.0,0.0,0.0,0.0,0.0,0.0,0.0,0.0
75.65,5.9988,3.9155,0.0736,0.1957,37,0.0736,0.0,0.0,0.0,0.0,0.0,0.0,0.0,0.0
75.7,5.9988,3.9155,0.0736,0.1957,37,0.0736,0.0,0.0,0.0,0.0,0.0,0.0,0.0,0.0
75.75,5.9988,3.9155,0.0736,0.1957,37,0.0736,0.0,0.0,0.0,0.0,0.0,0.0,0.0,0.0
75.8,5.9988,3.9155,0.0736,0.1957,37,0.0736,0.0,0.0,0.0,0.0,0.0,0.0,0.0,0.0
75.85,5.9988,3.9155,0.0736,0.1957,37,0.0736,0.0,0.0,0.0,0.0,0.0,0.0,0.0,0.0
75.9,5.9988,3.9155,0.0736,0.1957,37,0.0736,0.0,0.0,0.0,0.0,0.0,0.0,0.0,0.0
75.95,5.9988,3.9155,0.0736,0.1957,37,0.0736,0.0,0.0,0.0,0.0,0.0,0.0,0.0,0.0
76.0,5.9988,3.9155,0.0736,0.1957,37,0.0736,0.0,0.0,0.0,0.0,0.0,0.0,0.0,0.0
76.05,5.9988,3.9155,0.0736,0.1957,37,0.0736,0.0,0.0,0.0,0.0,0.0,0.0,0.0,0.0
76.1,5.9988,3.9155,0.0736,0.1957,37,0.0736,0.0,0.0,0.0,0.0,0.0,0.0,0.0,0.0
76.15,5.9988,3.9155,0.0736,0.1957,37,0.0736,0.0,0.0,0.0,0.0,0.0,0.0,0.0,0.0
76.2,5.9988,3.9155,0.0736,0.1957,37,0.0736,0.0,0.0,0.0,0.0,0.0,0.0,0.0,0.0
76.25,5.9988,3.9155,0.0736,0.1957,37,0.0736,0.0,0.0,0.0,0.0,0.0,0.0,0.0,0.0
76.3,5.9988,3.9155,0.0736,0.1957,37,0.0736,0.0,0.0,0.0,0.0,0.0,0.0,0.0,0.0
76.35,5.9988,3.9155,0.0736,0.1957,37,0.0736,0.0,0.0,0.0,0.0,0.0,0.0,0.0,0.0
76.4,5.9988,3.9155,0.0736,0.1957,37,0.0736,0.0,0.0,0.0,0.0,0.0,0.0,0.0,0.0
76.45,5.9988,3.9155,0.0736,0.1957,37,0.0736,0.0,0.0,0.0,0.0,0.0,0.0,0.0,0.0
76.5,5.9988,3.9155,0.0736,0.1957,37,0.0736,0.0,0.0,0.0,0.0,0.0,0.0,0.0,0.0
76.55,5.9988,3.9155,0.0736,0.1957,37,0.0736,0.0,0.0,0.0,0.0,0.0,0.0,0.0,0.0
76.6,5.9988,3.9155,0.0736,0.1957,37,0.0736,0.0,0.0,0.0,0.0,0.0,0.0,0.0,0.0
76.65,5.9988,3.9155,0.0736,0.1957,37,0.0736,0.0,0.0,0.0,0.0,0.0,0.0,0.0,0.0
76.7,5.9988,3.9155,0.0736,0.1957,37,0.0736,0.0,0.0,0.0,0.0,0.0,0.0,0.0,0.0
76.75,5.9988,3.9155,0.0736,0.1957,37,0.0736,0.0,0.0,0.0,0.0,0.0,0.0,0.0,0.0
76.8,5.9988,3.9155,0.0736,0.1957,37,0.0736,0.0,0.0,0.0,0.0,0.0,0.0,0.0,0.0
76.85,5.9988,3.9155,0.0736,0.1957,37,0.0736,0.0,0.0,0.0,0.0,0.0,0.0,0.0,0.0
76.9,5.9988,3.9155,0.0736,0.1957,37,0.0736,0.0,0.0,0.0,0.0,0.0,0.0,0.0,0.0
76.95,5.9988,3.9155,0.0736,0.1957,37,0.0736,0.0,0.0,0.0,0.0,0.0,0.0,0.0,0.0
77.0,5.9988,3.9155,0.0736,0.1957,37,0.0736,0.0,0.0,0.0,0.0,0.0,0.0,0.0,0.0
77.05,5.9988,3.9155,0.0736,0.1957,37,0.0736,0.0,0.0,0.0,0.0,0.0,0.0,0.0,0.0
77.1,5.9988,3.9155,0.0736,0.1957,37,0.0736,0.0,0.0,0.0,0.0,0.0,0.0,0.0,0.0
77.15,5.9988,3.9155,0.0736,0.1957,37,0.0736,0.0,0.0,0.0,0.0,0.0,0.0,0.0,0.0
77.2,5.9988,3.9155,0.0736,0.1957,37,0.0736,0.0,0.0,0.0,0.0,0.0,0.0,0.0,0.0
77.25,5.9988,3.9155,0.0736,0.1957,37,0.0736,0.0,0.0,0.0,0.0,0.0,0.0,0.0,0.0
77.301,5.9988,3.9155,0.0736,0.1957,37,0.0736,0.0,0.0,0.0,0.0,0.0,0.0,0.0,0.0
77.35,5.9988,3.9155,0.0736,0.1957,37,0.0736,0.0,0.0,0.0,0.0,0.0,0.0,0.0,0.0
77.401,5.9988,3.9155,0.0736,0.1957,37,0.0736,0.0,0.0,0.0,0.0,0.0,0.0,0.0,0.0
77.45,5.9988,3.9155,0.0736,0.1957,37,0.0736,0.0,0.0,0.0,0.0,0.0,0.0,0.0,0.0
77.5,5.9988,3.9155,0.0736,0.1957,37,0.0736,0.0,0.0,0.0,0.0,0.0,0.0,0.0,0.0
77.55,5.9988,3.9155,0.0736,0.1957,37,0.0736,0.0,0.0,0.0,0.0,0.0,0.0,0.0,0.0
77.604,5.9988,3.9155,0.0736,0.1957,37,0.0736,0.0,0.0,0.0,0.0,0.0,0.0,0.0,0.0
77.651,5.9988,3.9155,0.0736,0.1957,37,0.0736,0.0,0.0,0.0,0.0,0.0,0.0,0.0,0.0
77.7,5.9988,3.9155,0.0736,0.1957,37,0.0736,0.0,0.0,0.0,0.0,0.0,0.0,0.0,0.0
77.752,5.9988,3.9155,0.0736,0.1957,37,0.0736,0.0,0.0,0.0,0.0,0.0,0.0,0.0,0.0
77.8,5.9988,3.9155,0.0736,0.1957,37,0.0736,0.0,0.0,0.0,0.0,0.0,0.0,0.0,0.0
77.85,5.9988,3.9155,0.0736,0.1957,37,0.0736,0.0,0.0,0.0,0.0,0.0,0.0,0.0,0.0
77.9,5.9988,3.9155,0.0736,0.1957,37,0.0736,0.0,0.0,0.0,0.0,0.0,0.0,0.0,0.0
77.95,5.9988,3.9155,0.0736,0.1957,37,0.0736,0.0,0.0,0.0,0.0,0.0,0.0,0.0,0.0
78.0,5.9988,3.9155,0.0736,0.1957,37,0.0736,0.0,0.0,0.0,0.0,0.0,0.0,0.0,0.0
78.05,5.9988,3.9155,0.0736,0.1957,37,0.0736,0.0,0.0,0.0,0.0,0.0,0.0,0.0,0.0
78.1,5.9988,3.9155,0.0736,0.1957,37,0.0736,0.0,0.0,0.0,0.0,0.0,0.0,0.0,0.0
78.15,5.9988,3.9155,0.0736,0.1957,37,0.0736,0.0,0.0,0.0,0.0,0.0,0.0,0.0,0.0
78.2,5.9988,3.9155,0.0736,0.1957,37,0.0736,0.0,0.0,0.0,0.0,0.0,0.0,0.0,0.0
78.25,5.9988,3.9155,0.0736,0.1957,37,0.0736,0.0,0.0,0.0,0.0,0.0,0.0,0.0,0.0
78.3,5.9988,3.9155,0.0736,0.1957,37,0.0736,0.0,0.0,0.0,0.0,0.0,0.0,0.0,0.0
78.35,5.9988,3.9155,0.0736,0.1957,37,0.0736,0.0,0.0,0.0,0.0,0.0,0.0,0.0,0.0
78.4,5.9988,3.9155,0.0736,0.1957,37,0.0736,0.0,0.0,0.0,0.0,0.0,0.0,0.0,0.0
78.45,5.9988,3.9155,0.0736,0.1957,37,0.0736,0.0,0.0,0.0,0.0,0.0,0.0,0.0,0.0
78.5,5.9988,3.9155,0.0736,0.1957,37,0.0736,0.0,0.0,0.0,0.0,0.0,0.0,0.0,0.0
78.55,5.9988,3.9155,0.0736,0.1957,37,0.0736,0.0,0.0,0.0,0.0,0.0,0.0,0.0,0.0
78.6,5.9988,3.9155,0.0736,0.1957,37,0.0736,0.0,0.0,0.0,0.0,0.0,0.0,0.0,0.0
78.65,5.9988,3.9155,0.0736,0.1957,37,0.0736,0.0,0.0,0.0,0.0,0.0,0.0,0.0,0.0
78.7,5.9988,3.9155,0.0736,0.1957,37,0.0736,0.0,0.0,0.0,0.0,0.0,0.0,0.0,0.0
78.75,5.9988,3.9155,0.0736,0.1957,37,0.0736,0.0,0.0,0.0,0.0,0.0,0.0,0.0,0.0
78.8,5.9988,3.9155,0.0736,0.1957,37,0.0736,0.0,0.0,0.0,0.0,0.0,0.0,0.0,0.0
78.85,5.9988,3.9155,0.0736,0.1957,37,0.0736,0.0,0.0,0.0,0.0,0.0,0.0,0.0,0.0
78.9,5.9988,3.9155,0.0736,0.1957,37,0.0736,0.0,0.0,0.0,0.0,0.0,0.0,0.0,0.0
78.95,5.9988,3.9155,0.0736,0.1957,37,0.0736,0.0,0.0,0.0,0.0,0.0,0.0,0.0,0.0
79.0,5.9988,3.9155,0.0736,0.1957,37,0.0736,0.0,0.0,0.0,0.0,0.0,0.0,0.0,0.0
79.05,5.9988,3.9155,0.0736,0.1957,37,0.0736,0.0,0.0,0.0,0.0,0.0,0.0,0.0,0.0
79.1,5.9988,3.9155,0.0736,0.1957,37,0.0736,0.0,0.0,0.0,0.0,0.0,0.0,0.0,0.0
79.15,5.9988,3.9155,0.0736,0.1957,37,0.0736,0.0,0.0,0.0,0.0,0.0,0.0,0.0,0.0
79.2,5.9988,3.9155,0.0736,0.1957,37,0.0736,0.0,0.0,0.0,0.0,0.0,0.0,0.0,0.0
79.25,5.9988,3.9155,0.0736,0.1957,37,0.0736,0.0,0.0,0.0,0.0,0.0,0.0,0.0,0.0
79.3,5.9988,3.9155,0.0736,0.1957,37,0.0736,0.0,0.0,0.0,0.0,0.0,0.0,0.0,0.0
79.35,5.9988,3.9155,0.0736,0.1957,37,0.0736,0.0,0.0,0.0,0.0,0.0,0.0,0.0,0.0
79.4,5.9988,3.9155,0.0736,0.1957,37,0.0736,0.0,0.0,0.0,0.0,0.0,0.0,0.0,0.0
79.45,5.9988,3.9155,0.0736,0.1957,37,0.0736,0.0,0.0,0.0,0.0,0.0,0.0,0.0,0.0
79.501,5.9988,3.9155,0.0736,0.1957,37,0.0736,0.0,0.0,0.0,0.0,0.0,0.0,0.0,0.0
79.551,5.9988,3.9155,0.0736,0.1957,37,0.0736,0.0,0.0,0.0,0.0,0.0,0.0,0.0,0.0
79.6,5.9988,3.9155,0.0736,0.1957,37,0.0736,0.0,0.0,0.0,0.0,0.0,0.0,0.0,0.0
79.65,5.9988,3.9155,0.0736,0.1957,37,0.0736,0.0,0.0,0.0,0.0,0.0,0.0,0.0,0.0
79.7,5.9988,3.9155,0.0736,0.1957,37,0.0736,0.0,0.0,0.0,0.0,0.0,0.0,0.0,0.0
79.75,5.9988,3.9155,0.0736,0.1957,37,0.0736,0.0,0.0,0.0,0.0,0.0,0.0,0.0,0.0
79.8,5.9988,3.9155,0.0736,0.1957,37,0.0736,0.0,0.0,0.0,0.0,0.0,0.0,0.0,0.0
79.85,5.9988,3.9155,0.0736,0.1957,37,0.0736,0.0,0.0,0.0,0.0,0.0,0.0,0.0,0.0
79.9,5.9988,3.9155,0.0736,0.1957,37,0.0736,0.0,0.0,0.0,0.0,0.0,0.0,0.0,0.0
79.95,5.9988,3.9155,0.0736,0.1957,37,0.0736,0.0,0.0,0.0,0.0,0.0,0.0,0.0,0.0
80.0,5.9988,3.9155,0.0736,0.1957,37,0.0736,0.0,0.0,0.0,0.0,0.0,0.0,0.0,0.0
80.05,5.9988,3.9155,0.0736,0.1957,37,0.0736,0.0,0.0,0.0,0.0,0.0,0.0,0.0,0.0
80.1,5.9988,3.9155,0.0736,0.1957,37,0.0736,0.0,0.0,0.0,0.0,0.0,0.0,0.0,0.0
80.151,5.9988,3.9155,0.0736,0.1957,37,0.0736,0.0,0.0,0.0,0.0,0.0,0.0,0.0,0.0
80.2,5.9988,3.9155,0.0736,0.1957,37,0.0736,0.0,0.0,0.0,0.0,0.0,0.0,0.0,0.0
80.25,5.9988,3.9155,0.0736,0.1957,37,0.0736,0.0,0.0,0.0,0.0,0.0,0.0,0.0,0.0
80.3,5.9988,3.9155,0.0736,0.1957,37,0.0736,0.0,0.0,0.0,0.0,0.0,0.0,0.0,0.0
80.35,5.9988,3.9155,0.0736,0.1957,37,0.0736,0.0,0.0,0.0,0.0,0.0,0.0,0.0,0.0
80.401,5.9988,3.9155,0.0736,0.1957,37,0.0736,0.0,0.0,0.0,0.0,0.0,0.0,0.0,0.0
80.451,5.9988,3.9155,0.0736,0.1957,37,0.0736,0.0,0.0,0.0,0.0,0.0,0.0,0.0,0.0
80.5,5.9988,3.9155,0.0736,0.1957,37,0.0736,0.0,0.0,0.0,0.0,0.0,0.0,0.0,0.0
80.55,5.9988,3.9155,0.0736,0.1957,37,0.0736,0.0,0.0,0.0,0.0,0.0,0.0,0.0,0.0
80.6,5.9988,3.9155,0.0736,0.1957,37,0.0736,0.0,0.0,0.0,0.0,0.0,0.0,0.0,0.0
80.65,5.9988,3.9155,0.0736,0.1957,37,0.0736,0.0,0.0,0.0,0.0,0.0,0.0,0.0,0.0
80.7,5.9988,3.9155,0.0736,0.1957,37,0.0736,0.0,0.0,0.0,0.0,0.0,0.0,0.0,0.0
80.75,5.9988,3.9155,0.0736,0.1957,37,0.0736,0.0,0.0,0.0,0.0,0.0,0.0,0.0,0.0
80.8,5.9988,3.9155,0.0736,0.1957,37,0.0736,0.0,0.0,0.0,0.0,0.0,0.0,0.0,0.0
80.85,5.9988,3.9155,0.0736,0.1957,37,0.0736,0.0,0.0,0.0,0.0,0.0,0.0,0.0,0.0
80.9,5.9988,3.9155,0.0736,0.1957,37,0.0736,0.0,0.0,0.0,0.0,0.0,0.0,0.0,0.0
80.95,5.9988,3.9155,0.0736,0.1957,37,0.0736,0.0,0.0,0.0,0.0,0.0,0.0,0.0,0.0
81.0,5.9988,3.9155,0.0736,0.1957,37,0.0736,0.0,0.0,0.0,0.0,0.0,0.0,0.0,0.0
81.05,5.9988,3.9155,0.0736,0.1957,37,0.0736,0.0,0.0,0.0,0.0,0.0,0.0,0.0,0.0
81.1,5.9988,3.9155,0.0736,0.1957,37,0.0736,0.0,0.0,0.0,0.0,0.0,0.0,0.0,0.0
81.15,5.9988,3.9155,0.0736,0.1957,37,0.0736,0.0,0.0,0.0,0.0,0.0,0.0,0.0,0.0
81.2,5.9988,3.9155,0.0736,0.1957,37,0.0736,0.0,0.0,0.0,0.0,0.0,0.0,0.0,0.0
81.251,5.9988,3.9155,0.0736,0.1957,37,0.0736,0.0,0.0,0.0,0.0,0.0,0.0,0.0,0.0
81.3,5.9988,3.9155,0.0736,0.1957,37,0.0736,0.0,0.0,0.0,0.0,0.0,0.0,0.0,0.0
81.35,5.9988,3.9155,0.0736,0.1957,37,0.0736,0.0,0.0,0.0,0.0,0.0,0.0,0.0,0.0
81.4,5.9988,3.9155,0.0736,0.1957,37,0.0736,0.0,0.0,0.0,0.0,0.0,0.0,0.0,0.0
81.45,5.9988,3.9155,0.0736,0.1957,37,0.0736,0.0,0.0,0.0,0.0,0.0,0.0,0.0,0.0
81.5,5.9988,3.9155,0.0736,0.1957,37,0.0736,0.0,0.0,0.0,0.0,0.0,0.0,0.0,0.0
81.55,5.9988,3.9155,0.0736,0.1957,37,0.0736,0.0,0.0,0.0,0.0,0.0,0.0,0.0,0.0
81.6,5.9988,3.9155,0.0736,0.1957,37,0.0736,0.0,0.0,0.0,0.0,0.0,0.0,0.0,0.0
81.65,5.9988,3.9155,0.0736,0.1957,37,0.0736,0.0,0.0,0.0,0.0,0.0,0.0,0.0,0.0
81.7,5.9988,3.9155,0.0736,0.1957,37,0.0736,0.0,0.0,0.0,0.0,0.0,0.0,0.0,0.0
81.75,5.9988,3.9155,0.0736,0.1957,37,0.0736,0.0,0.0,0.0,0.0,0.0,0.0,0.0,0.0
81.8,5.9988,3.9155,0.0736,0.1957,37,0.0736,0.0,0.0,0.0,0.0,0.0,0.0,0.0,0.0
81.85,5.9988,3.9155,0.0736,0.1957,37,0.0736,0.0,0.0,0.0,0.0,0.0,0.0,0.0,0.0
81.9,5.9988,3.9155,0.0736,0.1957,37,0.0736,0.0,0.0,0.0,0.0,0.0,0.0,0.0,0.0
81.95,5.9988,3.9155,0.0736,0.1957,37,0.0736,0.0,0.0,0.0,0.0,0.0,0.0,0.0,0.0
82.0,5.9988,3.9155,0.0736,0.1957,37,0.0736,0.0,0.0,0.0,0.0,0.0,0.0,0.0,0.0
82.05,5.9988,3.9155,0.0736,0.1957,37,0.0736,0.0,0.0,0.0,0.0,0.0,0.0,0.0,0.0
82.1,5.9988,3.9155,0.0736,0.1957,37,0.0736,0.0,0.0,0.0,0.0,0.0,0.0,0.0,0.0
82.15,5.9988,3.9155,0.0736,0.1957,37,0.0736,0.0,0.0,0.0,0.0,0.0,0.0,0.0,0.0
82.2,5.9988,3.9155,0.0736,0.1957,37,0.0736,0.0,0.0,0.0,0.0,0.0,0.0,0.0,0.0
82.25,5.9988,3.9155,0.0736,0.1957,37,0.0736,0.0,0.0,0.0,0.0,0.0,0.0,0.0,0.0
82.3,5.9988,3.9155,0.0736,0.1957,37,0.0736,0.0,0.0,0.0,0.0,0.0,0.0,0.0,0.0
82.35,5.9988,3.9155,0.0736,0.1957,37,0.0736,0.0,0.0,0.0,0.0,0.0,0.0,0.0,0.0
82.4,5.9988,3.9155,0.0736,0.1957,37,0.0736,0.0,0.0,0.0,0.0,0.0,0.0,0.0,0.0
82.45,5.9988,3.9155,0.0736,0.1957,37,0.0736,0.0,0.0,0.0,0.0,0.0,0.0,0.0,0.0
82.5,5.9988,3.9155,0.0736,0.1957,37,0.0736,0.0,0.0,0.0,0.0,0.0,0.0,0.0,0.0
82.55,5.9988,3.9155,0.0736,0.1957,37,0.0736,0.0,0.0,0.0,0.0,0.0,0.0,0.0,0.0
82.6,5.9988,3.9155,0.0736,0.1957,37,0.0736,0.0,0.0,0.0,0.0,0.0,0.0,0.0,0.0
82.65,5.9988,3.9155,0.0736,0.1957,37,0.0736,0.0,0.0,0.0,0.0,0.0,0.0,0.0,0.0
82.7,5.9988,3.9155,0.0736,0.1957,37,0.0736,0.0,0.0,0.0,0.0,0.0,0.0,0.0,0.0
82.75,5.9988,3.9155,0.0736,0.1957,37,0.0736,0.0,0.0,0.0,0.0,0.0,0.0,0.0,0.0
82.8,5.9988,3.9155,0.0736,0.1957,37,0.0736,0.0,0.0,0.0,0.0,0.0,0.0,0.0,0.0
82.85,5.9988,3.9155,0.0736,0.1957,37,0.0736,0.0,0.0,0.0,0.0,0.0,0.0,0.0,0.0
82.901,5.9988,3.9155,0.0736,0.1957,37,0.0736,0.0,0.0,0.0,0.0,0.0,0.0,0.0,0.0
82.95,5.9988,3.9155,0.0736,0.1957,37,0.0736,0.0,0.0,0.0,0.0,0.0,0.0,0.0,0.0
83.0,5.9988,3.9155,0.0736,0.1957,37,0.0736,0.0,0.0,0.0,0.0,0.0,0.0,0.0,0.0
83.05,5.9988,3.9155,0.0736,0.1957,37,0.0736,0.0,0.0,0.0,0.0,0.0,0.0,0.0,0.0
83.1,5.9988,3.9155,0.0736,0.1957,37,0.0736,0.0,0.0,0.0,0.0,0.0,0.0,0.0,0.0
83.15,5.9988,3.9155,0.0736,0.1957,37,0.0736,0.0,0.0,0.0,0.0,0.0,0.0,0.0,0.0
83.2,5.9988,3.9155,0.0736,0.1957,37,0.0736,0.0,0.0,0.0,0.0,0.0,0.0,0.0,0.0
83.251,5.9988,3.9155,0.0736,0.1957,37,0.0736,0.0,0.0,0.0,0.0,0.0,0.0,0.0,0.0
83.3,5.9988,3.9155,0.0736,0.1957,37,0.0736,0.0,0.0,0.0,0.0,0.0,0.0,0.0,0.0
83.35,5.9988,3.9155,0.0736,0.1957,37,0.0736,0.0,0.0,0.0,0.0,0.0,0.0,0.0,0.0
83.4,5.9988,3.9155,0.0736,0.1957,37,0.0736,0.0,0.0,0.0,0.0,0.0,0.0,0.0,0.0
83.45,5.9988,3.9155,0.0736,0.1957,37,0.0736,0.0,0.0,0.0,0.0,0.0,0.0,0.0,0.0
83.5,5.9988,3.9155,0.0736,0.1957,37,0.0736,0.0,0.0,0.0,0.0,0.0,0.0,0.0,0.0
83.55,5.9988,3.9155,0.0736,0.1957,37,0.0736,0.0,0.0,0.0,0.0,0.0,0.0,0.0,0.0
83.6,5.9988,3.9155,0.0736,0.1957,37,0.0736,0.0,0.0,0.0,0.0,0.0,0.0,0.0,0.0
83.65,5.9988,3.9155,0.0736,0.1957,37,0.0736,0.0,0.0,0.0,0.0,0.0,0.0,0.0,0.0
83.7,5.9988,3.9155,0.0736,0.1957,37,0.0736,0.0,0.0,0.0,0.0,0.0,0.0,0.0,0.0
83.75,5.9988,3.9155,0.0736,0.1957,37,0.0736,0.0,0.0,0.0,0.0,0.0,0.0,0.0,0.0
83.8,5.9988,3.9155,0.0736,0.1957,37,0.0736,0.0,0.0,0.0,0.0,0.0,0.0,0.0,0.0
83.85,5.9988,3.9155,0.0736,0.1957,37,0.0736,0.0,0.0,0.0,0.0,0.0,0.0,0.0,0.0
83.9,5.9988,3.9155,0.0736,0.1957,37,0.0736,0.0,0.0,0.0,0.0,0.0,0.0,0.0,0.0
83.95,5.9988,3.9155,0.0736,0.1957,37,0.0736,0.0,0.0,0.0,0.0,0.0,0.0,0.0,0.0
84.0,5.9988,3.9155,0.0736,0.1957,37,0.0736,0.0,0.0,0.0,0.0,0.0,0.0,0.0,0.0
84.05,5.9988,3.9155,0.0736,0.1957,37,0.0736,0.0,0.0,0.0,0.0,0.0,0.0,0.0,0.0
84.1,5.9988,3.9155,0.0736,0.1957,37,0.0736,0.0,0.0,0.0,0.0,0.0,0.0,0.0,0.0
84.15,5.9988,3.9155,0.0736,0.1957,37,0.0736,0.0,0.0,0.0,0.0,0.0,0.0,0.0,0.0
84.2,5.9988,3.9155,0.0736,0.1957,37,0.0736,0.0,0.0,0.0,0.0,0.0,0.0,0.0,0.0
84.25,5.9988,3.9155,0.0736,0.1957,37,0.0736,0.0,0.0,0.0,0.0,0.0,0.0,0.0,0.0
84.3,5.9988,3.9155,0.0736,0.1957,37,0.0736,0.0,0.0,0.0,0.0,0.0,0.0,0.0,0.0
84.35,5.9988,3.9155,0.0736,0.1957,37,0.0736,0.0,0.0,0.0,0.0,0.0,0.0,0.0,0.0
84.4,5.9988,3.9155,0.0736,0.1957,37,0.0736,0.0,0.0,0.0,0.0,0.0,0.0,0.0,0.0
84.45,5.9988,3.9155,0.0736,0.1957,37,0.0736,0.0,0.0,0.0,0.0,0.0,0.0,0.0,0.0
84.5,5.9988,3.9155,0.0736,0.1957,37,0.0736,0.0,0.0,0.0,0.0,0.0,0.0,0.0,0.0
84.55,5.9988,3.9155,0.0736,0.1957,37,0.0736,0.0,0.0,0.0,0.0,0.0,0.0,0.0,0.0
84.599,5.9988,3.9155,0.0736,0.1957,37,0.0736,0.0,0.0,0.0,0.0,0.0,0.0,0.0,0.0
84.65,5.9988,3.9155,0.0736,0.1957,37,0.0736,0.0,0.0,0.0,0.0,0.0,0.0,0.0,0.0
84.7,5.9988,3.9155,0.0736,0.1957,37,0.0736,0.0,0.0,0.0,0.0,0.0,0.0,0.0,0.0
84.75,5.9988,3.9155,0.0736,0.1957,37,0.0736,0.0,0.0,0.0,0.0,0.0,0.0,0.0,0.0
84.8,5.9988,3.9155,0.0736,0.1957,37,0.0736,0.0,0.0,0.0,0.0,0.0,0.0,0.0,0.0
84.85,5.9988,3.9155,0.0736,0.1957,37,0.0736,0.0,0.0,0.0,0.0,0.0,0.0,0.0,0.0
84.9,5.9988,3.9155,0.0736,0.1957,37,0.0736,0.0,0.0,0.0,0.0,0.0,0.0,0.0,0.0
84.95,5.9988,3.9155,0.0736,0.1957,37,0.0736,0.0,0.0,0.0,0.0,0.0,0.0,0.0,0.0
85.001,5.9988,3.9155,0.0736,0.1957,37,0.0736,0.0,0.0,0.0,0.0,0.0,0.0,0.0,0.0
85.05,5.9988,3.9155,0.0736,0.1957,37,0.0736,0.0,0.0,0.0,0.0,0.0,0.0,0.0,0.0
85.1,5.9988,3.9155,0.0736,0.1957,37,0.0736,0.0,0.0,0.0,0.0,0.0,0.0,0.0,0.0
85.15,5.9988,3.9155,0.0736,0.1957,37,0.0736,0.0,0.0,0.0,0.0,0.0,0.0,0.0,0.0
85.2,5.9988,3.9155,0.0736,0.1957,37,0.0736,0.0,0.0,0.0,0.0,0.0,0.0,0.0,0.0
85.25,5.9988,3.9155,0.0736,0.1957,37,0.0736,0.0,0.0,0.0,0.0,0.0,0.0,0.0,0.0
85.3,5.9988,3.9155,0.0736,0.1957,37,0.0736,0.0,0.0,0.0,0.0,0.0,0.0,0.0,0.0
85.35,5.9988,3.9155,0.0736,0.1957,37,0.0736,0.0,0.0,0.0,0.0,0.0,0.0,0.0,0.0
85.4,5.9988,3.9155,0.0736,0.1957,37,0.0736,0.0,0.0,0.0,0.0,0.0,0.0,0.0,0.0
85.45,5.9988,3.9155,0.0736,0.1957,37,0.0736,0.0,0.0,0.0,0.0,0.0,0.0,0.0,0.0
85.501,5.9988,3.9155,0.0736,0.1957,37,0.0736,0.0,0.0,0.0,0.0,0.0,0.0,0.0,0.0
85.55,5.9988,3.9155,0.0736,0.1957,37,0.0736,0.0,0.0,0.0,0.0,0.0,0.0,0.0,0.0
85.6,5.9988,3.9155,0.0736,0.1957,37,0.0736,0.0,0.0,0.0,0.0,0.0,0.0,0.0,0.0
85.65,5.9988,3.9155,0.0736,0.1957,37,0.0736,0.0,0.0,0.0,0.0,0.0,0.0,0.0,0.0
85.7,5.9988,3.9155,0.0736,0.1957,37,0.0736,0.0,0.0,0.0,0.0,0.0,0.0,0.0,0.0
85.75,5.9988,3.9155,0.0736,0.1957,37,0.0736,0.0,0.0,0.0,0.0,0.0,0.0,0.0,0.0
85.8,5.9988,3.9155,0.0736,0.1957,37,0.0736,0.0,0.0,0.0,0.0,0.0,0.0,0.0,0.0
85.85,5.9988,3.9155,0.0736,0.1957,37,0.0736,0.0,0.0,0.0,0.0,0.0,0.0,0.0,0.0
85.9,5.9988,3.9155,0.0736,0.1957,37,0.0736,0.0,0.0,0.0,0.0,0.0,0.0,0.0,0.0
85.951,5.9988,3.9155,0.0736,0.1957,37,0.0736,0.0,0.0,0.0,0.0,0.0,0.0,0.0,0.0
86.0,5.9988,3.9155,0.0736,0.1957,37,0.0736,0.0,0.0,0.0,0.0,0.0,0.0,0.0,0.0
86.05,5.9988,3.9155,0.0736,0.1957,37,0.0736,0.0,0.0,0.0,0.0,0.0,0.0,0.0,0.0
86.1,5.9988,3.9155,0.0736,0.1957,37,0.0736,0.0,0.0,0.0,0.0,0.0,0.0,0.0,0.0
86.152,5.9988,3.9155,0.0736,0.1957,37,0.0736,0.0,0.0,0.0,0.0,0.0,0.0,0.0,0.0
86.2,5.9988,3.9155,0.0736,0.1957,37,0.0736,0.0,0.0,0.0,0.0,0.0,0.0,0.0,0.0
86.25,5.9988,3.9155,0.0736,0.1957,37,0.0736,0.0,0.0,0.0,0.0,0.0,0.0,0.0,0.0
86.3,5.9988,3.9155,0.0736,0.1957,37,0.0736,0.0,0.0,0.0,0.0,0.0,0.0,0.0,0.0
86.35,5.9988,3.9155,0.0736,0.1957,37,0.0736,0.0,0.0,0.0,0.0,0.0,0.0,0.0,0.0
86.4,5.9988,3.9155,0.0736,0.1957,37,0.0736,0.0,0.0,0.0,0.0,0.0,0.0,0.0,0.0
86.45,5.9988,3.9155,0.0736,0.1957,37,0.0736,0.0,0.0,0.0,0.0,0.0,0.0,0.0,0.0
86.5,5.9988,3.9155,0.0736,0.1957,37,0.0736,0.0,0.0,0.0,0.0,0.0,0.0,0.0,0.0
86.55,5.9988,3.9155,0.0736,0.1957,37,0.0736,0.0,0.0,0.0,0.0,0.0,0.0,0.0,0.0
86.6,5.9988,3.9155,0.0736,0.1957,37,0.0736,0.0,0.0,0.0,0.0,0.0,0.0,0.0,0.0
86.65,5.9988,3.9155,0.0736,0.1957,37,0.0736,0.0,0.0,0.0,0.0,0.0,0.0,0.0,0.0
86.7,5.9988,3.9155,0.0736,0.1957,37,0.0736,0.0,0.0,0.0,0.0,0.0,0.0,0.0,0.0
86.75,5.9988,3.9155,0.0736,0.1957,37,0.0736,0.0,0.0,0.0,0.0,0.0,0.0,0.0,0.0
86.8,5.9988,3.9155,0.0736,0.1957,37,0.0736,0.0,0.0,0.0,0.0,0.0,0.0,0.0,0.0
86.851,5.9988,3.9155,0.0736,0.1957,37,0.0736,0.0,0.0,0.0,0.0,0.0,0.0,0.0,0.0
86.9,5.9988,3.9155,0.0736,0.1957,37,0.0736,0.0,0.0,0.0,0.0,0.0,0.0,0.0,0.0
86.95,5.9988,3.9155,0.0736,0.1957,37,0.0736,0.0,0.0,0.0,0.0,0.0,0.0,0.0,0.0
87.0,5.9988,3.9155,0.0736,0.1957,37,0.0736,0.0,0.0,0.0,0.0,0.0,0.0,0.0,0.0
87.053,5.9988,3.9155,0.0736,0.1957,37,0.0736,0.0,0.0,0.0,0.0,0.0,0.0,0.0,0.0
87.101,5.9988,3.9155,0.0736,0.1957,37,0.0736,0.0,0.0,0.0,0.0,0.0,0.0,0.0,0.0
87.15,5.9988,3.9155,0.0736,0.1957,37,0.0736,0.0,0.0,0.0,0.0,0.0,0.0,0.0,0.0
87.2,5.9988,3.9155,0.0736,0.1957,37,0.0736,0.0,0.0,0.0,0.0,0.0,0.0,0.0,0.0
87.25,5.9988,3.9155,0.0736,0.1957,37,0.0736,0.0,0.0,0.0,0.0,0.0,0.0,0.0,0.0
87.3,5.9988,3.9155,0.0736,0.1957,37,0.0736,0.0,0.0,0.0,0.0,0.0,0.0,0.0,0.0
87.35,5.9988,3.9155,0.0736,0.1957,37,0.0736,0.0,0.0,0.0,0.0,0.0,0.0,0.0,0.0
87.4,5.9988,3.9155,0.0736,0.1957,37,0.0736,0.0,0.0,0.0,0.0,0.0,0.0,0.0,0.0
87.45,5.9988,3.9155,0.0736,0.1957,37,0.0736,0.0,0.0,0.0,0.0,0.0,0.0,0.0,0.0
87.5,5.9988,3.9155,0.0736,0.1957,37,0.0736,0.0,0.0,0.0,0.0,0.0,0.0,0.0,0.0
87.55,5.9988,3.9155,0.0736,0.1957,37,0.0736,0.0,0.0,0.0,0.0,0.0,0.0,0.0,0.0
87.602,5.9988,3.9155,0.0736,0.1957,37,0.0736,0.0,0.0,0.0,0.0,0.0,0.0,0.0,0.0
87.65,5.9988,3.9155,0.0736,0.1957,37,0.0736,0.0,0.0,0.0,0.0,0.0,0.0,0.0,0.0
87.7,5.9988,3.9155,0.0736,0.1957,37,0.0736,0.0,0.0,0.0,0.0,0.0,0.0,0.0,0.0
87.75,5.9988,3.9155,0.0736,0.1957,37,0.0736,0.0,0.0,0.0,0.0,0.0,0.0,0.0,0.0
87.8,5.9988,3.9155,0.0736,0.1957,37,0.0736,0.0,0.0,0.0,0.0,0.0,0.0,0.0,0.0
87.85,5.9988,3.9155,0.0736,0.1957,37,0.0736,0.0,0.0,0.0,0.0,0.0,0.0,0.0,0.0
87.9,5.9988,3.9155,0.0736,0.1957,37,0.0736,0.0,0.0,0.0,0.0,0.0,0.0,0.0,0.0
87.951,5.9988,3.9155,0.0736,0.1957,37,0.0736,0.0,0.0,0.0,0.0,0.0,0.0,0.0,0.0
88.0,5.9988,3.9155,0.0736,0.1957,37,0.0736,0.0,0.0,0.0,0.0,0.0,0.0,0.0,0.0
88.05,5.9988,3.9155,0.0736,0.1957,37,0.0736,0.0,0.0,0.0,0.0,0.0,0.0,0.0,0.0
88.1,5.9988,3.9155,0.0736,0.1957,37,0.0736,0.0,0.0,0.0,0.0,0.0,0.0,0.0,0.0
88.152,5.9988,3.9155,0.0736,0.1957,37,0.0736,0.0,0.0,0.0,0.0,0.0,0.0,0.0,0.0
88.2,5.9988,3.9155,0.0736,0.1957,37,0.0736,0.0,0.0,0.0,0.0,0.0,0.0,0.0,0.0
88.25,5.9988,3.9155,0.0736,0.1957,37,0.0736,0.0,0.0,0.0,0.0,0.0,0.0,0.0,0.0
88.3,5.9988,3.9155,0.0736,0.1957,37,0.0736,0.0,0.0,0.0,0.0,0.0,0.0,0.0,0.0
88.35,5.9988,3.9155,0.0736,0.1957,37,0.0736,0.0,0.0,0.0,0.0,0.0,0.0,0.0,0.0
88.4,5.9988,3.9155,0.0736,0.1957,37,0.0736,0.0,0.0,0.0,0.0,0.0,0.0,0.0,0.0
88.45,5.9988,3.9155,0.0736,0.1957,37,0.0736,0.0,0.0,0.0,0.0,0.0,0.0,0.0,0.0
88.5,5.9988,3.9155,0.0736,0.1957,37,0.0736,0.0,0.0,0.0,0.0,0.0,0.0,0.0,0.0
88.55,5.9988,3.9155,0.0736,0.1957,37,0.0736,0.0,0.0,0.0,0.0,0.0,0.0,0.0,0.0
88.6,5.9988,3.9155,0.0736,0.1957,37,0.0736,0.0,0.0,0.0,0.0,0.0,0.0,0.0,0.0
88.65,5.9988,3.9155,0.0736,0.1957,37,0.0736,0.0,0.0,0.0,0.0,0.0,0.0,0.0,0.0
88.7,5.9988,3.9155,0.0736,0.1957,37,0.0736,0.0,0.0,0.0,0.0,0.0,0.0,0.0,0.0
88.75,5.9988,3.9155,0.0736,0.1957,37,0.0736,0.0,0.0,0.0,0.0,0.0,0.0,0.0,0.0
88.8,5.9988,3.9155,0.0736,0.1957,37,0.0736,0.0,0.0,0.0,0.0,0.0,0.0,0.0,0.0
88.85,5.9988,3.9155,0.0736,0.1957,37,0.0736,0.0,0.0,0.0,0.0,0.0,0.0,0.0,0.0
88.9,5.9988,3.9155,0.0736,0.1957,37,0.0736,0.0,0.0,0.0,0.0,0.0,0.0,0.0,0.0
88.95,5.9988,3.9155,0.0736,0.1957,37,0.0736,0.0,0.0,0.0,0.0,0.0,0.0,0.0,0.0
89.0,5.9988,3.9155,0.0736,0.1957,37,0.0736,0.0,0.0,0.0,0.0,0.0,0.0,0.0,0.0
89.05,5.9988,3.9155,0.0736,0.1957,37,0.0736,0.0,0.0,0.0,0.0,0.0,0.0,0.0,0.0
89.1,5.9988,3.9155,0.0736,0.1957,37,0.0736,0.0,0.0,0.0,0.0,0.0,0.0,0.0,0.0
89.15,5.9988,3.9155,0.0736,0.1957,37,0.0736,0.0,0.0,0.0,0.0,0.0,0.0,0.0,0.0
89.201,5.9988,3.9155,0.0736,0.1957,37,0.0736,0.0,0.0,0.0,0.0,0.0,0.0,0.0,0.0
89.25,5.9988,3.9155,0.0736,0.1957,37,0.0736,0.0,0.0,0.0,0.0,0.0,0.0,0.0,0.0
89.3,5.9988,3.9155,0.0736,0.1957,37,0.0736,0.0,0.0,0.0,0.0,0.0,0.0,0.0,0.0
89.351,5.9988,3.9155,0.0736,0.1957,37,0.0736,0.0,0.0,0.0,0.0,0.0,0.0,0.0,0.0
89.4,5.9988,3.9155,0.0736,0.1957,37,0.0736,0.0,0.0,0.0,0.0,0.0,0.0,0.0,0.0
89.45,5.9988,3.9155,0.0736,0.1957,37,0.0736,0.0,0.0,0.0,0.0,0.0,0.0,0.0,0.0
89.5,5.9988,3.9155,0.0736,0.1957,37,0.0736,0.0,0.0,0.0,0.0,0.0,0.0,0.0,0.0
89.55,5.9988,3.9155,0.0736,0.1957,37,0.0736,0.0,0.0,0.0,0.0,0.0,0.0,0.0,0.0
89.6,5.9988,3.9155,0.0736,0.1957,37,0.0736,0.0,0.0,0.0,0.0,0.0,0.0,0.0,0.0
89.65,5.9988,3.9155,0.0736,0.1957,37,0.0736,0.0,0.0,0.0,0.0,0.0,0.0,0.0,0.0
89.7,5.9988,3.9155,0.0736,0.1957,37,0.0736,0.0,0.0,0.0,0.0,0.0,0.0,0.0,0.0
89.75,5.9988,3.9155,0.0736,0.1957,37,0.0736,0.0,0.0,0.0,0.0,0.0,0.0,0.0,0.0
89.8,5.9988,3.9155,0.0736,0.1957,37,0.0736,0.0,0.0,0.0,0.0,0.0,0.0,0.0,0.0
89.85,5.9988,3.9155,0.0736,0.1957,37,0.0736,0.0,0.0,0.0,0.0,0.0,0.0,0.0,0.0
89.9,5.9988,3.9155,0.0736,0.1957,37,0.0736,0.0,0.0,0.0,0.0,0.0,0.0,0.0,0.0
89.95,5.9988,3.9155,0.0736,0.1957,37,0.0736,0.0,0.0,0.0,0.0,0.0,0.0,0.0,0.0
