t,tecla,alvo_speed,alvo_steer,speed,steer,mega_steer,mega_speed,mega_set_ok,mega_pc_bad,mega_len_bad,mega_hover_tx
0.000,,0,0,0,0,,,,,,
0.020,,0,0,0,0,,,,,,
0.040,,0,0,0,0,,,,,,
0.060,,0,0,0,0,,,,,,
0.080,,0,0,0,0,,,,,,
0.100,,0,0,0,0,,,,,,
0.120,,0,0,0,0,,,,,,
0.140,,0,0,0,0,,,,,,
0.160,,0,0,0,0,,,,,,
0.180,,0,0,0,0,,,,,,
0.200,,0,0,0,0,,,,,,
0.220,,0,0,0,0,,,,,,
0.240,,0,0,0,0,,,,,,
0.260,,0,0,0,0,,,,,,
0.280,,0,0,0,0,,,,,,
0.300,,0,0,0,0,,,,,,
0.320,,0,0,0,0,,,,,,
0.340,,0,0,0,0,,,,,,
0.360,,0,0,0,0,,,,,,
0.380,,0,0,0,0,,,,,,
0.400,,0,0,0,0,,,,,,
0.420,,0,0,0,0,,,,,,
0.440,,0,0,0,0,,,,,,
0.460,,0,0,0,0,,,,,,
0.480,,0,0,0,0,,,,,,
0.500,,0,0,0,0,,,,,,
0.520,,0,0,0,0,,,,,,
0.540,,0,0,0,0,,,,,,
0.560,,0,0,0,0,,,,,,
0.580,,0,0,0,0,,,,,,
0.600,,0,0,0,0,,,,,,
0.620,,0,0,0,0,,,,,,
0.640,,0,0,0,0,,,,,,
0.660,,0,0,0,0,,,,,,
0.680,,0,0,0,0,,,,,,
0.700,,0,0,0,0,,,,,,
0.720,,0,0,0,0,,,,,,
0.740,,0,0,0,0,,,,,,
0.760,,0,0,0,0,,,,,,
0.780,,0,0,0,0,,,,,,
0.800,,0,0,0,0,,,,,,
0.820,,0,0,0,0,,,,,,
0.840,,0,0,0,0,,,,,,
0.860,,0,0,0,0,,,,,,
0.880,,0,0,0,0,,,,,,
0.900,,0,0,0,0,,,,,,
0.920,,0,0,0,0,,,,,,
0.940,,0,0,0,0,,,,,,
0.960,,0,0,0,0,,,,,,
0.980,,0,0,0,0,,,,,,
1.000,,0,0,0,0,,,,,,
1.020,,0,0,0,0,,,,,,
1.040,,0,0,0,0,,,,,,
1.060,,0,0,0,0,,,,,,
1.080,,0,0,0,0,,,,,,
1.100,,0,0,0,0,,,,,,
1.120,,0,0,0,0,,,,,,
1.140,,0,0,0,0,,,,,,
1.160,,0,0,0,0,,,,,,
1.180,,0,0,0,0,,,,,,
1.200,,0,0,0,0,,,,,,
1.220,,0,0,0,0,,,,,,
1.240,,0,0,0,0,,,,,,
1.260,,0,0,0,0,,,,,,
1.280,,0,0,0,0,,,,,,
1.300,,0,0,0,0,,,,,,
1.320,,0,0,0,0,,,,,,
1.340,,0,0,0,0,,,,,,
1.360,,0,0,0,0,,,,,,
1.380,,0,0,0,0,,,,,,
1.400,,0,0,0,0,,,,,,
1.420,,0,0,0,0,,,,,,
1.440,,0,0,0,0,,,,,,
1.460,,0,0,0,0,,,,,,
1.480,,0,0,0,0,,,,,,
1.500,,0,0,0,0,,,,,,
1.520,,0,0,0,0,,,,,,
1.540,,0,0,0,0,,,,,,
1.560,,0,0,0,0,,,,,,
1.580,,0,0,0,0,,,,,,
1.600,,0,0,0,0,,,,,,
1.620,,0,0,0,0,,,,,,
1.640,,0,0,0,0,,,,,,
1.660,,0,0,0,0,,,,,,
1.680,,0,0,0,0,,,,,,
1.700,,0,0,0,0,,,,,,
1.720,,0,0,0,0,,,,,,
1.740,,0,0,0,0,,,,,,
1.760,,0,0,0,0,,,,,,
1.780,,0,0,0,0,,,,,,
1.800,,0,0,0,0,,,,,,
1.820,,0,0,0,0,,,,,,
1.840,,0,0,0,0,,,,,,
1.860,,0,0,0,0,,,,,,
1.880,,0,0,0,0,,,,,,
1.900,,0,0,0,0,,,,,,
1.920,,0,0,0,0,,,,,,
1.940,,0,0,0,0,,,,,,
1.960,,0,0,0,0,,,,,,
1.980,,0,0,0,0,,,,,,
2.000,,0,0,0,0,,,,,,
2.020,,0,0,0,0,,,,,,
2.040,,0,0,0,0,,,,,,
2.060,,0,0,0,0,,,,,,
2.080,,0,0,0,0,,,,,,
2.100,,0,0,0,0,,,,,,
2.120,,0,0,0,0,,,,,,
2.140,,0,0,0,0,,,,,,
2.160,,0,0,0,0,,,,,,
2.180,,0,0,0,0,,,,,,
2.200,,0,0,0,0,,,,,,
2.220,,0,0,0,0,,,,,,
2.240,,0,0,0,0,,,,,,
2.260,,0,0,0,0,,,,,,
2.280,,0,0,0,0,,,,,,
2.300,,0,0,0,0,,,,,,
2.320,,0,0,0,0,,,,,,
2.340,,0,0,0,0,,,,,,
2.360,,0,0,0,0,,,,,,
2.380,,0,0,0,0,,,,,,
2.400,,0,0,0,0,,,,,,
2.420,,0,0,0,0,,,,,,
2.440,,0,0,0,0,,,,,,
2.460,,0,0,0,0,,,,,,
2.480,,0,0,0,0,,,,,,
2.500,,0,0,0,0,,,,,,
2.520,,0,0,0,0,,,,,,
2.540,,0,0,0,0,,,,,,
2.560,,0,0,0,0,,,,,,
2.580,,0,0,0,0,,,,,,
2.600,,0,0,0,0,,,,,,
2.620,,0,0,0,0,,,,,,
2.640,,0,0,0,0,,,,,,
2.660,,0,0,0,0,,,,,,
2.680,,0,0,0,0,,,,,,
2.700,,0,0,0,0,,,,,,
2.720,,0,0,0,0,,,,,,
2.740,,0,0,0,0,,,,,,
2.760,,0,0,0,0,,,,,,
2.780,,0,0,0,0,,,,,,
2.800,,0,0,0,0,,,,,,
2.820,,0,0,0,0,,,,,,
2.840,,0,0,0,0,,,,,,
2.860,,0,0,0,0,,,,,,
2.880,,0,0,0,0,,,,,,
2.900,,0,0,0,0,,,,,,
2.920,,0,0,0,0,,,,,,
2.940,,0,0,0,0,,,,,,
2.960,,0,0,0,0,,,,,,
2.980,,0,0,0,0,,,,,,
3.000,,0,0,0,0,,,,,,
3.020,,0,0,0,0,,,,,,
3.040,,0,0,0,0,,,,,,
3.060,,0,0,0,0,,,,,,
3.080,,0,0,0,0,,,,,,
3.100,,0,0,0,0,,,,,,
3.120,,0,0,0,0,,,,,,
3.140,,0,0,0,0,,,,,,
3.160,,0,0,0,0,,,,,,
3.180,,0,0,0,0,,,,,,
3.200,,0,0,0,0,,,,,,
3.220,,0,0,0,0,,,,,,
3.240,,0,0,0,0,,,,,,
3.260,,0,0,0,0,,,,,,
3.280,,0,0,0,0,,,,,,
3.300,,0,0,0,0,,,,,,
3.320,,0,0,0,0,,,,,,
3.340,,0,0,0,0,,,,,,
3.360,,0,0,0,0,,,,,,
3.380,,0,0,0,0,,,,,,
3.400,,0,0,0,0,,,,,,
3.420,,0,0,0,0,,,,,,
3.440,,0,0,0,0,,,,,,
3.460,,0,0,0,0,,,,,,
3.480,,0,0,0,0,,,,,,
3.500,,0,0,0,0,,,,,,
3.520,,0,0,0,0,,,,,,
3.540,,0,0,0,0,,,,,,
3.560,,0,0,0,0,,,,,,
3.580,,0,0,0,0,,,,,,
3.600,,0,0,0,0,,,,,,
3.620,,0,0,0,0,,,,,,
3.640,,0,0,0,0,,,,,,
3.660,,0,0,0,0,,,,,,
3.680,,0,0,0,0,,,,,,
3.700,,0,0,0,0,,,,,,
3.720,,0,0,0,0,,,,,,
3.740,,0,0,0,0,,,,,,
3.760,,0,0,0,0,,,,,,
3.780,,0,0,0,0,,,,,,
3.800,,0,0,0,0,,,,,,
3.820,,0,0,0,0,,,,,,
3.840,,0,0,0,0,,,,,,
3.860,,0,0,0,0,,,,,,
3.880,,0,0,0,0,,,,,,
3.900,,0,0,0,0,,,,,,
3.920,,0,0,0,0,,,,,,
3.940,,0,0,0,0,,,,,,
3.960,,0,0,0,0,,,,,,
3.980,,-250,0,-15,0,,,,,,
4.000,,-250,0,-30,0,,,,,,
4.020,,-250,0,-45,0,,,,,,
4.040,,-250,0,-60,0,,,,,,
4.060,,-250,0,-75,0,,,,,,
4.080,,-250,0,-90,0,,,,,,
4.100,,-250,0,-105,0,,,,,,
4.120,,-250,0,-120,0,,,,,,
4.140,,-250,0,-135,0,,,,,,
4.160,,-250,0,-150,0,,,,,,
4.180,,-250,0,-165,0,,,,,,
4.200,,-250,0,-180,0,,,,,,
4.220,,-250,0,-195,0,,,,,,
4.240,,-250,0,-210,0,,,,,,
4.260,,-250,0,-225,0,,,,,,
4.280,,-250,0,-240,0,,,,,,
4.300,,-250,0,-250,0,,,,,,
4.320,,-250,0,-250,0,,,,,,
4.340,,-250,0,-250,0,,,,,,
4.360,,-250,0,-250,0,,,,,,
4.380,,-250,0,-250,0,,,,,,
4.400,,-250,0,-250,0,,,,,,
4.420,,-250,0,-250,0,,,,,,
4.440,,-250,0,-250,0,,,,,,
4.460,,-250,0,-250,0,,,,,,
4.480,,-250,0,-250,0,,,,,,
4.500,,-250,0,-250,0,,,,,,
4.520,,-250,0,-250,0,,,,,,
4.540,,-250,0,-250,0,,,,,,
4.560,,-250,0,-250,0,,,,,,
4.580,,-250,0,-250,0,,,,,,
4.600,,-250,0,-250,0,,,,,,
4.620,,-250,0,-250,0,,,,,,
4.640,,-250,0,-250,0,,,,,,
4.660,,-250,0,-250,0,,,,,,
4.680,,-250,0,-250,0,,,,,,
4.700,,-250,0,-250,0,,,,,,
4.720,,-250,0,-250,0,,,,,,
4.740,,-250,0,-250,0,,,,,,
4.760,,-250,0,-250,0,,,,,,
4.780,,-250,0,-250,0,,,,,,
4.800,,-250,0,-250,0,,,,,,
4.820,,-250,0,-250,0,,,,,,
4.840,,-250,0,-250,0,,,,,,
4.860,,-250,0,-250,0,,,,,,
4.880,,-250,0,-250,0,,,,,,
4.900,,-250,0,-250,0,,,,,,
4.920,,-250,0,-250,0,,,,,,
4.940,,-250,0,-250,0,,,,,,
4.960,,-250,0,-250,0,,,,,,
4.980,,-250,0,-250,0,,,,,,
5.000,,-250,0,-250,0,,,,,,
5.020,,-250,0,-250,0,,,,,,
5.040,,-250,0,-250,0,,,,,,
5.060,,-250,0,-250,0,,,,,,
5.080,,-250,0,-250,0,,,,,,
5.100,,-250,0,-250,0,,,,,,
5.120,,-250,0,-250,0,,,,,,
5.140,,-250,0,-250,0,,,,,,
5.160,,-250,0,-250,0,,,,,,
5.180,,-250,0,-250,0,,,,,,
5.200,,-250,0,-250,0,,,,,,
5.220,,-250,0,-250,0,,,,,,
5.240,,-250,0,-250,0,,,,,,
5.260,,-250,0,-250,0,,,,,,
5.280,,-250,0,-250,0,,,,,,
5.300,,-250,0,-250,0,,,,,,
5.320,,-250,0,-250,0,,,,,,
5.340,,-250,0,-250,0,,,,,,
5.360,,-250,0,-250,0,,,,,,
5.380,,-250,0,-250,0,,,,,,
5.400,,-250,0,-250,0,,,,,,
5.420,,-250,0,-250,0,,,,,,
5.440,,0,0,-235,0,,,,,,
5.460,,0,-150,-220,-15,,,,,,
5.480,,0,-150,-205,-30,,,,,,
5.500,,0,-150,-190,-45,,,,,,
5.520,,0,-150,-175,-60,,,,,,
5.540,,0,-150,-160,-75,,,,,,
5.560,,0,-150,-145,-90,,,,,,
5.580,,0,-150,-130,-105,,,,,,
5.600,,0,-150,-115,-120,,,,,,
5.620,,0,-150,-100,-135,,,,,,
5.640,,0,-150,-85,-150,,,,,,
5.660,,0,-150,-70,-150,,,,,,
5.680,,0,-150,-55,-150,,,,,,
5.700,,0,-150,-40,-150,,,,,,
5.720,,0,-150,-25,-150,,,,,,
5.740,,0,-150,-10,-150,,,,,,
5.760,,0,-150,0,-150,,,,,,
5.780,,0,-150,0,-150,,,,,,
5.800,,0,-150,0,-150,,,,,,
5.820,,0,-150,0,-150,,,,,,
5.840,,0,-150,0,-150,,,,,,
5.860,,0,-150,0,-150,,,,,,
5.880,,0,-150,0,-150,,,,,,
5.900,,0,-150,0,-150,,,,,,
5.920,,0,-150,0,-150,,,,,,
5.940,,0,-150,0,-150,,,,,,
5.960,,0,-150,0,-150,,,,,,
5.980,,0,-150,0,-150,,,,,,
6.000,,0,-150,0,-150,,,,,,
6.020,,0,-150,0,-150,,,,,,
6.040,,0,-150,0,-150,,,,,,
6.060,,0,-150,0,-150,,,,,,
6.080,,0,-150,0,-150,,,,,,
6.100,,0,-150,0,-150,,,,,,
6.120,,0,-150,0,-150,,,,,,
6.140,,0,-150,0,-150,,,,,,
6.160,,0,-150,0,-150,,,,,,
6.180,,0,-150,0,-150,,,,,,
6.200,,0,-150,0,-150,,,,,,
6.220,,0,-150,0,-150,,,,,,
6.240,,0,-150,0,-150,,,,,,
6.260,,0,-150,0,-150,,,,,,
6.280,,0,-150,0,-150,,,,,,
6.300,,0,-150,0,-150,,,,,,
6.320,,0,-150,0,-150,,,,,,
6.340,,0,-150,0,-150,,,,,,
6.360,,0,-150,0,-150,,,,,,
6.380,,0,-150,0,-150,,,,,,
6.400,,0,-150,0,-150,,,,,,
6.420,,0,-150,0,-150,,,,,,
6.440,,0,-150,0,-150,,,,,,
6.460,,0,150,0,-135,,,,,,
6.480,,0,150,0,-120,,,,,,
6.500,,0,150,0,-105,,,,,,
6.520,,0,150,0,-90,,,,,,
6.540,,0,150,0,-75,,,,,,
6.560,,0,150,0,-60,,,,,,
6.580,,0,150,0,-45,,,,,,
6.600,,0,150,0,-30,,,,,,
6.620,,0,150,0,-15,,,,,,
6.640,,0,150,0,0,,,,,,
6.660,,0,150,0,15,,,,,,
6.680,,0,150,0,30,,,,,,
6.700,,0,150,0,45,,,,,,
6.720,,0,150,0,60,,,,,,
6.740,,0,150,0,75,,,,,,
6.760,,0,150,0,90,,,,,,
6.780,,0,150,0,105,,,,,,
6.800,,0,150,0,120,,,,,,
6.820,,0,150,0,135,,,,,,
6.840,,0,150,0,150,,,,,,
6.860,,0,150,0,150,,,,,,
6.880,,0,150,0,150,,,,,,
6.900,,0,150,0,150,,,,,,
6.920,,0,150,0,150,,,,,,
6.940,,0,150,0,150,,,,,,
6.960,,0,150,0,150,,,,,,
6.980,,0,150,0,150,,,,,,
7.000,,0,150,0,150,,,,,,
7.020,,0,150,0,150,,,,,,
7.040,,0,150,0,150,,,,,,
7.060,,0,150,0,150,,,,,,
7.080,,0,150,0,150,,,,,,
7.100,,0,150,0,150,,,,,,
7.120,,0,150,0,150,,,,,,
7.140,,0,150,0,150,,,,,,
7.160,,0,150,0,150,,,,,,
7.180,,0,150,0,150,,,,,,
7.200,,0,150,0,150,,,,,,
7.220,,0,150,0,150,,,,,,
7.240,,0,150,0,150,,,,,,
7.260,,0,150,0,150,,,,,,
7.280,,0,150,0,150,,,,,,
7.300,,0,150,0,150,,,,,,
7.320,,0,150,0,150,,,,,,
7.340,,0,150,0,150,,,,,,
7.360,,0,150,0,150,,,,,,
7.380,,0,150,0,150,,,,,,
7.400,,0,150,0,150,,,,,,
7.420,,0,150,0,150,,,,,,
7.440,,0,150,0,150,,,,,,
7.460,,0,150,0,150,,,,,,
7.480,,0,150,0,150,,,,,,
7.500,,0,150,0,150,,,,,,
7.520,,0,150,0,150,,,,,,
7.540,,0,150,0,150,,,,,,
7.560,,0,150,0,150,,,,,,
7.580,,0,150,0,150,,,,,,
7.600,,0,150,0,150,,,,,,
7.620,,0,150,0,150,,,,,,
7.640,,0,150,0,150,,,,,,
7.660,,0,150,0,150,,,,,,
7.680,,0,150,0,150,,,,,,
7.700,,0,150,0,150,,,,,,
7.720,,0,150,0,150,,,,,,
7.740,,0,150,0,150,,,,,,
7.760,,0,150,0,150,,,,,,
7.780,,0,150,0,150,,,,,,
7.800,,0,150,0,150,,,,,,
7.820,,0,150,0,150,,,,,,
7.840,,0,150,0,150,,,,,,
7.860,,0,150,0,150,,,,,,
7.880,,0,150,0,150,,,,,,
7.900,,0,150,0,150,,,,,,
7.920,,0,150,0,150,,,,,,
7.940,,0,150,0,150,,,,,,
7.960,,0,150,0,150,,,,,,
7.980,,0,150,0,150,,,,,,
8.000,,0,150,0,150,,,,,,
8.020,,0,150,0,150,,,,,,
8.040,,0,150,0,150,,,,,,
8.060,,0,150,0,150,,,,,,
8.080,,0,150,0,150,,,,,,
8.100,,0,150,0,150,,,,,,
8.120,,0,150,0,150,,,,,,
8.140,,0,150,0,150,,,,,,
8.160,,0,150,0,150,,,,,,
8.180,,0,150,0,150,,,,,,
8.200,,0,150,0,150,,,,,,
8.220,,0,150,0,150,,,,,,
8.240,,0,150,0,150,,,,,,
8.260,,0,150,0,150,,,,,,
8.280,,0,150,0,150,,,,,,
8.300,,0,150,0,150,,,,,,
8.320,,0,150,0,150,,,,,,
8.340,,0,150,0,150,,,,,,
8.360,,0,150,0,150,,,,,,
8.380,,0,150,0,150,,,,,,
8.400,,0,150,0,150,,,,,,
8.420,,0,150,0,150,,,,,,
8.440,,0,150,0,150,,,,,,
8.460,,0,150,0,150,,,,,,
8.480,,0,150,0,150,,,,,,
8.500,,0,150,0,150,,,,,,
8.520,,0,150,0,150,,,,,,
8.540,,-250,150,-15,150,,,,,,
8.560,,-250,150,-30,150,,,,,,
8.580,,-250,150,-45,150,,,,,,
8.600,,-250,150,-60,150,,,,,,
8.620,,-250,150,-75,150,,,,,,
8.640,,-250,150,-90,150,,,,,,
8.660,,-250,150,-105,150,,,,,,
8.680,,-250,150,-120,150,,,,,,
8.700,,-250,150,-135,150,,,,,,
8.720,,-250,150,-150,150,,,,,,
8.740,,-250,150,-165,150,,,,,,
8.760,,-250,150,-180,150,,,,,,
8.780,,-250,150,-195,150,,,,,,
8.800,,-250,150,-210,150,,,,,,
8.820,,-250,150,-225,150,,,,,,
8.840,,-250,150,-240,150,,,,,,
8.860,,-250,150,-250,150,,,,,,
8.880,,-250,150,-250,150,,,,,,
8.900,,-250,150,-250,150,,,,,,
8.920,,-250,150,-250,150,,,,,,
8.940,,-250,150,-250,150,,,,,,
8.960,,-250,150,-250,150,,,,,,
8.980,,-250,150,-250,150,,,,,,
9.000,,-250,150,-250,150,,,,,,
9.020,,-250,150,-250,150,,,,,,
9.040,,-250,150,-250,150,,,,,,
9.060,,-250,150,-250,150,,,,,,
9.080,,-250,150,-250,150,,,,,,
9.100,,-250,150,-250,150,,,,,,
9.120,,-250,150,-250,150,,,,,,
9.140,,-250,150,-250,150,,,,,,
9.160,,-250,150,-250,150,,,,,,
9.180,,-250,150,-250,150,,,,,,
9.200,,-250,150,-250,150,,,,,,
9.220,,-250,150,-250,150,,,,,,
9.240,,-250,150,-250,150,,,,,,
9.260,,-250,150,-250,150,,,,,,
9.280,,-250,150,-250,150,,,,,,
9.300,,-250,150,-250,150,,,,,,
9.320,,-250,150,-250,150,,,,,,
9.340,,-250,150,-250,150,,,,,,
9.360,,-250,150,-250,150,,,,,,
9.380,,-250,150,-250,150,,,,,,
9.400,,-250,150,-250,150,,,,,,
9.420,,-250,150,-250,150,,,,,,
9.440,,-250,150,-250,150,,,,,,
9.460,,-250,150,-250,150,,,,,,
9.480,,-250,150,-250,150,,,,,,
9.500,,-250,150,-250,150,,,,,,
9.520,,-250,150,-250,150,,,,,,
9.540,,-250,150,-250,150,,,,,,
9.560,,-250,150,-250,150,,,,,,
9.580,,-250,150,-250,150,,,,,,
9.600,,-250,150,-250,150,,,,,,
9.620,,-250,150,-250,150,,,,,,
9.640,,-250,150,-250,150,,,,,,
9.660,,-250,150,-250,150,,,,,,
9.680,,-250,150,-250,150,,,,,,
9.700,,-250,150,-250,150,,,,,,
9.720,,-250,150,-250,150,,,,,,
9.740,,250,150,-235,150,,,,,,
9.760,,250,150,-220,150,,,,,,
9.780,,250,150,-205,150,,,,,,
9.800,,250,150,-190,150,,,,,,
9.820,,250,150,-175,150,,,,,,
9.840,,250,150,-160,150,,,,,,
9.860,,250,150,-145,150,,,,,,
9.880,,250,150,-130,150,,,,,,
9.900,,250,150,-115,150,,,,,,
9.920,,250,150,-100,150,,,,,,
9.940,,250,150,-85,150,,,,,,
9.960,,250,150,-70,150,,,,,,
9.980,,250,150,-55,150,,,,,,
10.000,,250,150,-40,150,,,,,,
10.020,,250,150,-25,150,,,,,,
10.040,,250,150,-10,150,,,,,,
10.060,,250,150,5,150,,,,,,
10.080,,250,150,20,150,,,,,,
10.100,,250,150,35,150,,,,,,
10.120,,250,150,50,150,,,,,,
10.140,,250,150,65,150,,,,,,
10.160,,250,150,80,150,,,,,,
10.180,,250,150,95,150,,,,,,
10.200,,250,150,110,150,,,,,,
10.220,,250,150,125,150,,,,,,
10.240,,250,150,140,150,,,,,,
10.260,,250,150,155,150,,,,,,
10.280,,250,150,170,150,,,,,,
10.300,,250,150,185,150,,,,,,
10.320,,250,150,200,150,,,,,,
10.340,,250,150,215,150,,,,,,
10.360,,250,150,230,150,,,,,,
10.380,,250,150,245,150,,,,,,
10.400,,250,150,250,150,,,,,,
10.420,,250,150,250,150,,,,,,
10.440,,250,150,250,150,,,,,,
10.460,,250,150,250,150,,,,,,
10.480,,250,150,250,150,,,,,,
10.500,,250,150,250,150,,,,,,
10.520,,250,150,250,150,,,,,,
10.540,,250,150,250,150,,,,,,
10.560,,250,150,250,150,,,,,,
10.580,,250,150,250,150,,,,,,
10.600,,250,150,250,150,,,,,,
10.620,,250,150,250,150,,,,,,
10.640,,250,150,250,150,,,,,,
10.660,,250,150,250,150,,,,,,
10.680,,250,150,250,150,,,,,,
10.700,,250,150,250,150,,,,,,
10.720,,250,150,250,150,,,,,,
10.740,,250,150,250,150,,,,,,
10.760,,250,150,250,150,,,,,,
10.780,,250,150,250,150,,,,,,
10.800,,250,150,250,150,,,,,,
10.820,,250,150,250,150,,,,,,
10.840,,250,150,250,150,,,,,,
10.860,,250,150,250,150,,,,,,
10.880,,250,150,250,150,,,,,,
10.900,,250,150,250,150,,,,,,
10.920,,250,150,250,150,,,,,,
10.940,,250,150,250,150,,,,,,
10.960,,250,150,250,150,,,,,,
10.980,,250,150,250,150,,,,,,
11.000,,250,150,250,150,,,,,,
11.020,,250,150,250,150,,,,,,
11.040,,250,150,250,150,,,,,,
11.060,,250,150,250,150,,,,,,
11.080,,250,150,250,150,,,,,,
11.100,,250,150,250,150,,,,,,
11.120,,250,150,250,150,,,,,,
11.140,,250,150,250,150,,,,,,
11.160,,250,150,250,150,,,,,,
11.180,,250,150,250,150,,,,,,
11.200,,250,150,250,150,,,,,,
11.220,,250,150,250,150,,,,,,
11.240,,250,150,250,150,,,,,,
11.260,,250,150,250,150,,,,,,
11.280,,250,150,250,150,,,,,,
11.300,,250,150,250,150,,,,,,
11.320,,250,150,250,150,,,,,,
11.340,,250,150,250,150,,,,,,
11.360,,250,150,250,150,,,,,,
11.380,,250,150,250,150,,,,,,
11.400,,250,150,250,150,,,,,,
11.420,,250,150,250,150,,,,,,
11.440,,250,150,250,150,,,,,,
11.460,,250,150,250,150,,,,,,
11.480,,250,150,250,150,,,,,,
11.500,,250,150,250,150,,,,,,
11.520,,250,150,250,150,,,,,,
11.540,,250,150,250,150,,,,,,
11.560,,250,150,250,150,,,,,,
11.580,,250,150,250,150,,,,,,
11.600,,250,150,250,150,,,,,,
11.620,,250,150,250,150,,,,,,
11.640,,250,150,250,150,,,,,,
11.660,,250,150,250,150,,,,,,
11.680,,250,150,250,150,,,,,,
11.700,,250,150,250,150,,,,,,
11.720,,0,0,235,135,,,,,,
11.740,,0,0,220,120,,,,,,
11.760,,0,0,205,105,,,,,,
11.780,,0,0,190,90,,,,,,
11.800,,0,0,175,75,,,,,,
11.820,,0,0,160,60,,,,,,
11.840,,0,0,145,45,,,,,,
11.860,,0,0,130,30,,,,,,
11.880,,0,0,115,15,,,,,,
11.900,,0,0,100,0,,,,,,
11.920,,0,0,85,0,,,,,,
11.940,,0,0,70,0,,,,,,
11.960,,0,0,55,0,,,,,,
11.980,,0,0,40,0,,,,,,
12.000,,0,0,25,0,,,,,,
12.020,,0,0,10,0,,,,,,
12.040,,0,0,0,0,,,,,,
12.060,,0,0,0,0,,,,,,
12.080,,0,0,0,0,,,,,,
12.100,,0,0,0,0,,,,,,
12.120,,0,0,0,0,,,,,,
12.140,,0,0,0,0,,,,,,
12.160,,0,0,0,0,,,,,,
12.180,,0,0,0,0,,,,,,
12.200,,0,0,0,0,,,,,,
12.220,,0,0,0,0,,,,,,
12.240,,0,0,0,0,,,,,,
12.260,,0,0,0,0,,,,,,
12.280,,0,0,0,0,,,,,,
12.300,,0,0,0,0,,,,,,
12.320,,0,0,0,0,,,,,,
12.340,,0,0,0,0,,,,,,
12.360,,0,0,0,0,,,,,,
12.380,,0,0,0,0,,,,,,
12.400,,0,0,0,0,,,,,,
12.420,,0,0,0,0,,,,,,
12.440,,0,0,0,0,,,,,,
12.460,,0,0,0,0,,,,,,
12.480,,0,0,0,0,,,,,,
12.500,,0,0,0,0,,,,,,
12.520,,0,0,0,0,,,,,,
12.540,,0,0,0,0,,,,,,
12.560,,0,0,0,0,,,,,,
12.580,,0,0,0,0,,,,,,
12.600,,0,0,0,0,,,,,,
12.620,,0,0,0,0,,,,,,
12.640,,0,0,0,0,,,,,,
12.660,,0,0,0,0,,,,,,
12.680,,0,0,0,0,,,,,,
12.700,,0,0,0,0,,,,,,
12.720,,0,0,0,0,,,,,,
12.740,,0,0,0,0,,,,,,
12.760,,0,0,0,0,,,,,,
12.780,,0,0,0,0,,,,,,
12.800,,0,0,0,0,,,,,,
12.820,,0,0,0,0,,,,,,
12.840,,0,0,0,0,,,,,,
12.860,,0,0,0,0,,,,,,
12.880,,0,0,0,0,,,,,,
12.900,,0,0,0,0,,,,,,
12.920,,0,0,0,0,,,,,,
12.940,,0,0,0,0,,,,,,
12.960,,0,0,0,0,,,,,,
12.980,,0,0,0,0,,,,,,
13.000,,0,0,0,0,,,,,,
13.020,,0,0,0,0,,,,,,
13.040,,0,0,0,0,,,,,,
13.060,,0,0,0,0,,,,,,
13.080,,0,0,0,0,,,,,,
13.100,,0,0,0,0,,,,,,
13.120,,0,0,0,0,,,,,,
13.140,,0,0,0,0,,,,,,
13.160,,0,0,0,0,,,,,,
13.180,,-250,0,-15,0,,,,,,
13.200,,-250,0,-30,0,,,,,,
13.220,,-250,0,-45,0,,,,,,
13.240,,-250,0,-60,0,,,,,,
13.260,,-250,0,-75,0,,,,,,
13.280,,-250,0,-90,0,,,,,,
13.300,,-250,0,-105,0,,,,,,
13.320,,-250,0,-120,0,,,,,,
13.340,,-250,0,-135,0,,,,,,
13.360,,-250,0,-150,0,,,,,,
13.380,,-250,0,-165,0,,,,,,
13.400,,-250,0,-180,0,,,,,,
13.420,,-250,0,-195,0,,,,,,
13.440,,-250,0,-210,0,,,,,,
13.460,,-250,0,-225,0,,,,,,
13.480,,-250,0,-240,0,,,,,,
13.500,,-250,0,-250,0,,,,,,
13.520,,-250,0,-250,0,,,,,,
13.540,,-250,0,-250,0,,,,,,
13.560,,-250,0,-250,0,,,,,,
13.580,,-250,0,-250,0,,,,,,
13.600,,-250,0,-250,0,,,,,,
13.620,,-250,0,-250,0,,,,,,
13.640,,-250,0,-250,0,,,,,,
13.660,,-250,0,-250,0,,,,,,
13.680,,-250,0,-250,0,,,,,,
13.700,,-250,0,-250,0,,,,,,
13.720,,-250,0,-250,0,,,,,,
13.740,,-250,0,-250,0,,,,,,
13.760,,-250,0,-250,0,,,,,,
13.780,,-250,0,-250,0,,,,,,
13.800,,-250,0,-250,0,,,,,,
13.820,,-250,0,-250,0,,,,,,
13.840,,-250,0,-250,0,,,,,,
13.860,,-250,0,-250,0,,,,,,
13.880,,-250,0,-250,0,,,,,,
13.900,,-250,0,-250,0,,,,,,
13.920,,-250,0,-250,0,,,,,,
13.940,,-250,0,-250,0,,,,,,
13.960,,-250,0,-250,0,,,,,,
13.980,,-250,0,-250,0,,,,,,
14.000,,-250,0,-250,0,,,,,,
14.020,,-250,0,-250,0,,,,,,
14.040,,-250,0,-250,0,,,,,,
14.060,,-250,0,-250,0,,,,,,
14.080,,-250,0,-250,0,,,,,,
14.100,,-250,0,-250,0,,,,,,
14.120,,-250,0,-250,0,,,,,,
14.140,,-250,0,-250,0,,,,,,
14.160,,-250,0,-250,0,,,,,,
14.180,,-250,0,-250,0,,,,,,
14.200,,-250,0,-250,0,,,,,,
14.220,,-250,0,-250,0,,,,,,
14.240,,-250,0,-250,0,,,,,,
14.260,,-250,0,-250,0,,,,,,
14.280,,-250,0,-250,0,,,,,,
14.300,,-250,0,-250,0,,,,,,
14.320,,-250,0,-250,0,,,,,,
14.340,,-250,0,-250,0,,,,,,
14.360,,-250,0,-250,0,,,,,,
14.380,,-250,0,-250,0,,,,,,
14.400,,-250,0,-250,0,,,,,,
14.420,,-250,0,-250,0,,,,,,
14.440,,-250,0,-250,0,,,,,,
14.460,,-250,0,-250,0,,,,,,
14.480,,-250,0,-250,0,,,,,,
14.500,,-250,0,-250,0,,,,,,
14.520,,-250,0,-250,0,,,,,,
14.540,,-250,0,-250,0,,,,,,
14.560,,-250,0,-250,0,,,,,,
14.580,,-250,0,-250,0,,,,,,
14.600,,-250,0,-250,0,,,,,,
14.620,,-250,0,-250,0,,,,,,
14.640,,-250,0,-250,0,,,,,,
14.660,,-250,0,-250,0,,,,,,
14.680,,-250,0,-250,0,,,,,,
14.700,,-250,0,-250,0,,,,,,
14.720,,-250,0,-250,0,,,,,,
14.740,,-250,0,-250,0,,,,,,
14.760,,-250,0,-250,0,,,,,,
14.780,,-250,0,-250,0,,,,,,
14.800,,-250,0,-250,0,,,,,,
14.820,,-250,0,-250,0,,,,,,
14.840,,-250,0,-250,0,,,,,,
14.860,,-250,0,-250,0,,,,,,
14.880,,-250,0,-250,0,,,,,,
14.900,,-250,0,-250,0,,,,,,
14.920,,-250,0,-250,0,,,,,,
14.940,,-250,0,-250,0,,,,,,
14.960,,-250,0,-250,0,,,,,,
14.980,,-250,0,-250,0,,,,,,
15.000,,-250,0,-250,0,,,,,,
15.020,,-250,0,-250,0,,,,,,
15.040,,-250,0,-250,0,,,,,,
15.060,,-250,0,-250,0,,,,,,
15.080,,-250,0,-250,0,,,,,,
15.100,,-250,0,-250,0,,,,,,
15.120,,0,0,-235,0,,,,,,
15.140,,0,0,-220,0,,,,,,
15.160,,0,0,-205,0,,,,,,
15.180,,0,0,-190,0,,,,,,
15.200,,0,0,-175,0,,,,,,
15.220,,0,0,-160,0,,,,,,
15.240,,0,0,-145,0,,,,,,
15.260,,0,0,-130,0,,,,,,
15.280,,0,0,-115,0,,,,,,
15.300,,0,0,-100,0,,,,,,
15.320,,0,0,-85,0,,,,,,
15.340,,0,0,-70,0,,,,,,
15.360,,0,0,-55,0,,,,,,
15.380,,0,0,-40,0,,,,,,
15.400,,0,0,-25,0,,,,,,
15.420,,0,0,-10,0,,,,,,
15.440,,0,0,0,0,,,,,,
15.460,,0,0,0,0,,,,,,
15.480,,0,0,0,0,,,,,,
15.500,,0,0,0,0,,,,,,
15.520,,0,0,0,0,,,,,,
15.540,,0,0,0,0,,,,,,
15.560,,0,0,0,0,,,,,,
15.580,,0,0,0,0,,,,,,
15.600,,0,0,0,0,,,,,,
15.620,,0,0,0,0,,,,,,
15.640,,0,0,0,0,,,,,,
15.660,,0,0,0,0,,,,,,
15.680,,0,0,0,0,,,,,,
15.700,,0,0,0,0,,,,,,
15.720,,0,0,0,0,,,,,,
15.740,,0,0,0,0,,,,,,
15.760,,0,0,0,0,,,,,,
15.780,,0,0,0,0,,,,,,
15.800,,0,0,0,0,,,,,,
15.820,,0,0,0,0,,,,,,
15.840,,0,0,0,0,,,,,,
15.860,,0,0,0,0,,,,,,
15.880,,0,0,0,0,,,,,,
15.900,,0,0,0,0,,,,,,
15.920,,0,0,0,0,,,,,,
15.940,,0,0,0,0,,,,,,
15.960,,0,0,0,0,,,,,,
15.980,,0,0,0,0,,,,,,
16.000,,0,0,0,0,,,,,,
16.020,,0,0,0,0,,,,,,
16.040,,0,0,0,0,,,,,,
16.060,,0,0,0,0,,,,,,
16.080,,0,0,0,0,,,,,,
16.100,,0,0,0,0,,,,,,
16.120,,0,0,0,0,,,,,,
16.140,,0,0,0,0,,,,,,
16.160,,0,0,0,0,,,,,,
16.180,,0,0,0,0,,,,,,
16.200,,0,0,0,0,,,,,,
16.220,,0,0,0,0,,,,,,
16.240,,0,0,0,0,,,,,,
16.260,,0,0,0,0,,,,,,
16.280,,0,0,0,0,,,,,,
16.300,,0,0,0,0,,,,,,
16.320,,0,0,0,0,,,,,,
16.340,,0,0,0,0,,,,,,
16.360,,0,0,0,0,,,,,,
16.380,,0,0,0,0,,,,,,
16.400,,0,0,0,0,,,,,,
16.420,,0,0,0,0,,,,,,
16.440,,0,0,0,0,,,,,,
16.460,,0,0,0,0,,,,,,
16.480,,0,0,0,0,,,,,,
16.500,,0,0,0,0,,,,,,
16.520,,0,0,0,0,,,,,,
16.540,,0,0,0,0,,,,,,
16.560,,0,0,0,0,,,,,,
16.580,,0,0,0,0,,,,,,
16.600,,0,0,0,0,,,,,,
16.620,,0,0,0,0,,,,,,
16.640,,0,0,0,0,,,,,,
16.660,,0,0,0,0,,,,,,
16.680,,0,0,0,0,,,,,,
16.700,,0,0,0,0,,,,,,
16.720,,0,0,0,0,,,,,,
16.740,,0,0,0,0,,,,,,
16.760,,0,0,0,0,,,,,,
16.780,,0,0,0,0,,,,,,
16.800,,0,0,0,0,,,,,,
16.820,,0,0,0,0,,,,,,
16.840,,0,0,0,0,,,,,,
16.860,,0,0,0,0,,,,,,
16.880,,0,0,0,0,,,,,,
16.900,,0,0,0,0,,,,,,
16.920,,0,0,0,0,,,,,,
16.940,,0,0,0,0,,,,,,
16.960,,0,0,0,0,,,,,,
16.980,,0,0,0,0,,,,,,
17.000,,0,0,0,0,,,,,,
17.020,,0,0,0,0,,,,,,
17.040,,0,0,0,0,,,,,,
17.060,,0,0,0,0,,,,,,
17.080,,0,0,0,0,,,,,,
17.100,,-250,0,-15,0,,,,,,
17.120,,-250,0,-30,0,,,,,,
17.140,,-250,0,-45,0,,,,,,
17.160,,-250,0,-60,0,,,,,,
17.180,,-250,0,-75,0,,,,,,
17.200,,-250,0,-90,0,,,,,,
17.220,,-250,0,-105,0,,,,,,
17.243,,-250,0,-120,0,,,,,,
17.260,,-250,0,-135,0,,,,,,
17.280,,-250,0,-150,0,,,,,,
17.300,,-250,0,-165,0,,,,,,
17.320,,-250,0,-180,0,,,,,,
17.340,,-250,0,-195,0,,,,,,
17.360,,-250,0,-210,0,,,,,,
17.380,,-250,0,-225,0,,,,,,
17.400,,-250,0,-240,0,,,,,,
17.420,,-250,0,-250,0,,,,,,
17.440,,-250,0,-250,0,,,,,,
17.460,,-250,0,-250,0,,,,,,
17.480,,-250,0,-250,0,,,,,,
17.500,,-250,0,-250,0,,,,,,
17.520,,-250,0,-250,0,,,,,,
17.540,,-250,0,-250,0,,,,,,
17.560,,-250,0,-250,0,,,,,,
17.580,,-250,0,-250,0,,,,,,
17.600,,-250,0,-250,0,,,,,,
17.620,,-250,0,-250,0,,,,,,
17.640,,-250,0,-250,0,,,,,,
17.660,,-250,0,-250,0,,,,,,
17.680,,-250,0,-250,0,,,,,,
17.700,,-250,0,-250,0,,,,,,
17.720,,-250,0,-250,0,,,,,,
17.740,,-250,0,-250,0,,,,,,
17.760,,-250,0,-250,0,,,,,,
17.780,,-250,0,-250,0,,,,,,
17.800,,-250,0,-250,0,,,,,,
17.820,,-250,0,-250,0,,,,,,
17.840,,-250,0,-250,0,,,,,,
17.860,,-250,0,-250,0,,,,,,
17.880,,-250,0,-250,0,,,,,,
17.900,,-250,0,-250,0,,,,,,
17.920,,-250,0,-250,0,,,,,,
17.940,,-250,0,-250,0,,,,,,
17.960,,-250,0,-250,0,,,,,,
17.980,,-250,0,-250,0,,,,,,
18.000,,-250,0,-250,0,,,,,,
18.020,,-250,0,-250,0,,,,,,
18.040,,-250,0,-250,0,,,,,,
18.060,,-250,0,-250,0,,,,,,
18.080,,-250,0,-250,0,,,,,,
18.100,,-250,0,-250,0,,,,,,
18.120,,-250,0,-250,0,,,,,,
18.140,,-250,0,-250,0,,,,,,
18.160,,-250,0,-250,0,,,,,,
18.180,,-250,0,-250,0,,,,,,
18.200,,-250,0,-250,0,,,,,,
18.220,,-250,0,-250,0,,,,,,
18.240,,-250,0,-250,0,,,,,,
18.260,,-250,0,-250,0,,,,,,
18.280,,-250,0,-250,0,,,,,,
18.300,,-250,0,-250,0,,,,,,
18.320,,-250,0,-250,0,,,,,,
18.340,,-250,0,-250,0,,,,,,
18.360,,-250,0,-250,0,,,,,,
18.380,,-250,0,-250,0,,,,,,
18.400,,-250,0,-250,0,,,,,,
18.420,,-250,0,-250,0,,,,,,
18.440,,-250,0,-250,0,,,,,,
18.460,,-250,0,-250,0,,,,,,
18.480,,-250,0,-250,0,,,,,,
18.500,,-250,0,-250,0,,,,,,
18.520,,-250,0,-250,0,,,,,,
18.540,,-250,0,-250,0,,,,,,
18.560,,-250,0,-250,0,,,,,,
18.580,,-250,0,-250,0,,,,,,
18.600,,-250,0,-250,0,,,,,,
18.620,,-250,0,-250,0,,,,,,
18.640,,-250,0,-250,0,,,,,,
18.660,,-250,0,-250,0,,,,,,
18.680,,-250,0,-250,0,,,,,,
18.700,,-250,0,-250,0,,,,,,
18.720,,-250,0,-250,0,,,,,,
18.740,,-250,0,-250,0,,,,,,
18.760,,-250,0,-250,0,,,,,,
18.780,,-250,0,-250,0,,,,,,
18.800,,-250,0,-250,0,,,,,,
18.820,,-250,0,-250,0,,,,,,
18.840,,-250,0,-250,0,,,,,,
18.860,,-250,0,-250,0,,,,,,
18.880,,-250,0,-250,0,,,,,,
18.900,,-250,0,-250,0,,,,,,
18.920,,-250,0,-250,0,,,,,,
18.940,,-250,0,-250,0,,,,,,
18.960,,-250,0,-250,0,,,,,,
18.980,,-250,0,-250,0,,,,,,
19.000,,-250,0,-250,0,,,,,,
19.020,,-250,0,-250,0,,,,,,
19.040,,-250,0,-250,0,,,,,,
19.060,,-250,0,-250,0,,,,,,
19.080,,-250,0,-250,0,,,,,,
19.100,,-250,0,-250,0,,,,,,
19.120,,-250,0,-250,0,,,,,,
19.140,,-250,0,-250,0,,,,,,
19.160,,-250,0,-250,0,,,,,,
19.180,,-250,0,-250,0,,,,,,
19.200,,-250,0,-250,0,,,,,,
19.220,,-250,0,-250,0,,,,,,
19.240,,-250,0,-250,0,,,,,,
19.260,,-250,0,-250,0,,,,,,
19.280,,-250,0,-250,0,,,,,,
19.300,,-250,0,-250,0,,,,,,
19.320,,-250,0,-250,0,,,,,,
19.340,,-250,0,-250,0,,,,,,
19.360,,-250,0,-250,0,,,,,,
19.380,,-250,0,-250,0,,,,,,
19.400,,-250,0,-250,0,,,,,,
19.420,,-250,0,-250,0,,,,,,
19.440,,-250,0,-250,0,,,,,,
19.460,,-250,0,-250,0,,,,,,
19.480,,-250,0,-250,0,,,,,,
19.500,,-250,0,-250,0,,,,,,
19.520,,-250,0,-250,0,,,,,,
19.540,,-250,0,-250,0,,,,,,
19.560,,-250,0,-250,0,,,,,,
19.580,,-250,0,-250,0,,,,,,
19.600,,-250,0,-250,0,,,,,,
19.620,,-250,0,-250,0,,,,,,
19.640,,-250,0,-250,0,,,,,,
19.660,,-250,0,-250,0,,,,,,
19.680,,-250,0,-250,0,,,,,,
19.700,,-250,0,-250,0,,,,,,
19.720,,-250,0,-250,0,,,,,,
19.740,,-250,0,-250,0,,,,,,
19.760,,-250,0,-250,0,,,,,,
19.780,,-250,0,-250,0,,,,,,
19.800,,-250,0,-250,0,,,,,,
19.820,,-250,0,-250,0,,,,,,
19.840,,-250,0,-250,0,,,,,,
19.860,,-250,0,-250,0,,,,,,
19.880,,-250,0,-250,0,,,,,,
19.900,,-250,0,-250,0,,,,,,
19.920,,-250,0,-250,0,,,,,,
19.940,,-250,0,-250,0,,,,,,
19.960,,-250,0,-250,0,,,,,,
19.980,,-250,0,-250,0,,,,,,
20.000,,-250,0,-250,0,,,,,,
20.020,,-250,0,-250,0,,,,,,
20.040,,-250,0,-250,0,,,,,,
20.060,,-250,0,-250,0,,,,,,
20.080,,-250,0,-250,0,,,,,,
20.100,,-250,0,-250,0,,,,,,
20.120,,-250,0,-250,0,,,,,,
20.140,,-250,0,-250,0,,,,,,
20.160,,-250,0,-250,0,,,,,,
20.180,,-250,0,-250,0,,,,,,
20.200,,-250,0,-250,0,,,,,,
20.220,,-250,0,-250,0,,,,,,
20.240,,-250,0,-250,0,,,,,,
20.260,,-250,0,-250,0,,,,,,
20.280,,-250,0,-250,0,,,,,,
20.300,,-250,0,-250,0,,,,,,
20.320,,-250,0,-250,0,,,,,,
20.340,,-250,0,-250,0,,,,,,
20.360,,-250,0,-250,0,,,,,,
20.380,,-250,0,-250,0,,,,,,
20.400,,-250,0,-250,0,,,,,,
20.420,,-250,0,-250,0,,,,,,
20.440,,-250,0,-250,0,,,,,,
20.460,,-250,0,-250,0,,,,,,
20.480,,-250,0,-250,0,,,,,,
20.500,,-250,0,-250,0,,,,,,
20.520,,-250,0,-250,0,,,,,,
20.540,,-250,0,-250,0,,,,,,
20.560,,-250,0,-250,0,,,,,,
20.580,,-250,0,-250,0,,,,,,
20.600,,-250,0,-250,0,,,,,,
20.620,,-250,0,-250,0,,,,,,
20.640,,-250,0,-250,0,,,,,,
20.660,,-250,0,-250,0,,,,,,
20.680,,-250,0,-250,0,,,,,,
20.700,,-250,0,-250,0,,,,,,
20.720,,-250,0,-250,0,,,,,,
20.740,,-250,0,-250,0,,,,,,
20.760,,-250,0,-250,0,,,,,,
20.780,,-250,0,-250,0,,,,,,
20.800,,-250,0,-250,0,,,,,,
20.820,,-250,0,-250,0,,,,,,
20.840,,-250,0,-250,0,,,,,,
20.860,,-250,0,-250,0,,,,,,
20.880,,-250,0,-250,0,,,,,,
20.900,,-250,0,-250,0,,,,,,
20.920,,-250,0,-250,0,,,,,,
20.940,,-250,0,-250,0,,,,,,
20.960,,-250,0,-250,0,,,,,,
20.980,,-250,0,-250,0,,,,,,
21.000,,-250,0,-250,0,,,,,,
21.020,,-250,0,-250,0,,,,,,
21.040,,-250,0,-250,0,,,,,,
21.060,,-250,0,-250,0,,,,,,
21.080,,-250,0,-250,0,,,,,,
21.100,,-250,0,-250,0,,,,,,
21.120,,-250,0,-250,0,,,,,,
21.140,,-250,0,-250,0,,,,,,
21.160,,-250,0,-250,0,,,,,,
21.180,,-250,0,-250,0,,,,,,
21.200,,-250,0,-250,0,,,,,,
21.220,,-250,0,-250,0,,,,,,
21.240,,-250,0,-250,0,,,,,,
21.260,,-250,0,-250,0,,,,,,
21.280,,-250,0,-250,0,,,,,,
21.300,,-250,0,-250,0,,,,,,
21.320,,0,0,-235,0,,,,,,
21.340,,0,0,-220,0,,,,,,
21.360,,0,0,-205,0,,,,,,
21.380,,0,0,-190,0,,,,,,
21.400,,0,0,-175,0,,,,,,
21.420,,0,0,-160,0,,,,,,
21.440,,0,0,-145,0,,,,,,
21.460,,0,0,-130,0,,,,,,
21.480,,0,0,-115,0,,,,,,
21.500,,0,0,-100,0,,,,,,
21.520,,0,0,-85,0,,,,,,
21.540,,0,0,-70,0,,,,,,
21.560,,0,0,-55,0,,,,,,
21.580,,0,0,-40,0,,,,,,
21.600,,0,0,-25,0,,,,,,
21.620,,0,0,-10,0,,,,,,
21.640,,0,0,0,0,,,,,,
21.660,,0,0,0,0,,,,,,
21.680,,0,0,0,0,,,,,,
21.700,,0,0,0,0,,,,,,
21.720,,0,0,0,0,,,,,,
21.740,,0,0,0,0,,,,,,
21.760,,0,0,0,0,,,,,,
21.780,,0,0,0,0,,,,,,
21.800,,0,0,0,0,,,,,,
21.820,,0,0,0,0,,,,,,
21.840,,0,0,0,0,,,,,,
21.860,,0,0,0,0,,,,,,
21.880,,0,0,0,0,,,,,,
21.900,,0,0,0,0,,,,,,
21.920,,0,0,0,0,,,,,,
21.940,,0,0,0,0,,,,,,
21.960,,0,0,0,0,,,,,,
21.980,,0,0,0,0,,,,,,
22.000,,0,0,0,0,,,,,,
22.020,,0,0,0,0,,,,,,
22.040,,0,0,0,0,,,,,,
22.060,,0,0,0,0,,,,,,
22.080,,0,0,0,0,,,,,,
22.100,,0,0,0,0,,,,,,
22.120,,0,0,0,0,,,,,,
22.140,,0,0,0,0,,,,,,
22.160,,0,0,0,0,,,,,,
22.180,,0,0,0,0,,,,,,
22.200,,0,0,0,0,,,,,,
22.220,,0,0,0,0,,,,,,
22.240,,0,0,0,0,,,,,,
22.260,,0,0,0,0,,,,,,
22.280,,0,0,0,0,,,,,,
22.300,,0,0,0,0,,,,,,
22.320,,0,0,0,0,,,,,,
22.340,,0,0,0,0,,,,,,
22.360,,0,0,0,0,,,,,,
22.380,,0,0,0,0,,,,,,
22.400,,0,0,0,0,,,,,,
22.420,,0,0,0,0,,,,,,
22.440,,0,0,0,0,,,,,,
22.460,,0,0,0,0,,,,,,
22.480,,0,0,0,0,,,,,,
22.500,,0,0,0,0,,,,,,
22.520,,0,0,0,0,,,,,,
22.540,,0,0,0,0,,,,,,
22.560,,0,0,0,0,,,,,,
22.580,,0,0,0,0,,,,,,
22.600,,0,0,0,0,,,,,,
22.620,,0,0,0,0,,,,,,
22.640,,0,0,0,0,,,,,,
22.660,,0,0,0,0,,,,,,
22.680,,0,0,0,0,,,,,,
22.700,,0,0,0,0,,,,,,
22.720,,0,0,0,0,,,,,,
22.740,,0,0,0,0,,,,,,
22.760,,0,0,0,0,,,,,,
22.780,,0,0,0,0,,,,,,
22.800,,0,0,0,0,,,,,,
22.820,,0,0,0,0,,,,,,
22.840,,0,0,0,0,,,,,,
22.860,,250,0,15,0,,,,,,
22.880,,250,0,30,0,,,,,,
22.900,,250,0,45,0,,,,,,
22.920,,250,0,60,0,,,,,,
22.940,,250,0,75,0,,,,,,
22.960,,250,0,90,0,,,,,,
22.980,,250,0,105,0,,,,,,
23.000,,250,0,120,0,,,,,,
23.020,,250,0,135,0,,,,,,
23.040,,250,0,150,0,,,,,,
23.060,,250,0,165,0,,,,,,
23.080,,250,0,180,0,,,,,,
23.100,,250,0,195,0,,,,,,
23.120,,250,0,210,0,,,,,,
23.140,,250,0,225,0,,,,,,
23.160,,250,0,240,0,,,,,,
23.180,,250,0,250,0,,,,,,
23.200,,250,0,250,0,,,,,,
23.220,,250,0,250,0,,,,,,
23.240,,250,0,250,0,,,,,,
23.260,,250,0,250,0,,,,,,
23.280,,250,0,250,0,,,,,,
23.300,,250,0,250,0,,,,,,
23.320,,250,0,250,0,,,,,,
23.340,,250,0,250,0,,,,,,
23.360,,250,0,250,0,,,,,,
23.380,,250,0,250,0,,,,,,
23.400,,250,0,250,0,,,,,,
23.420,,250,0,250,0,,,,,,
23.440,,250,0,250,0,,,,,,
23.460,,250,0,250,0,,,,,,
23.480,,250,0,250,0,,,,,,
23.500,,250,0,250,0,,,,,,
23.520,,250,0,250,0,,,,,,
23.540,,250,0,250,0,,,,,,
23.560,,250,0,250,0,,,,,,
23.580,,250,0,250,0,,,,,,
23.600,,250,0,250,0,,,,,,
23.620,,250,0,250,0,,,,,,
23.640,,250,0,250,0,,,,,,
23.660,,250,0,250,0,,,,,,
23.680,,250,0,250,0,,,,,,
23.700,,250,0,250,0,,,,,,
23.720,,250,0,250,0,,,,,,
23.740,,250,0,250,0,,,,,,
23.760,,250,0,250,0,,,,,,
23.780,,250,0,250,0,,,,,,
23.800,,250,0,250,0,,,,,,
23.820,,250,0,250,0,,,,,,
23.840,,250,0,250,0,,,,,,
23.860,,250,0,250,0,,,,,,
23.880,,250,0,250,0,,,,,,
23.900,,250,0,250,0,,,,,,
23.920,,250,0,250,0,,,,,,
23.940,,250,0,250,0,,,,,,
23.960,,250,0,250,0,,,,,,
23.980,,250,0,250,0,,,,,,
24.000,,250,0,250,0,,,,,,
24.020,,250,0,250,0,,,,,,
24.040,,250,0,250,0,,,,,,
24.060,,250,0,250,0,,,,,,
24.080,,250,0,250,0,,,,,,
24.100,,250,0,250,0,,,,,,
24.120,,250,0,250,0,,,,,,
24.140,,250,0,250,0,,,,,,
24.160,,250,0,250,0,,,,,,
24.180,,250,0,250,0,,,,,,
24.200,,250,0,250,0,,,,,,
24.220,,250,0,250,0,,,,,,
24.240,,250,0,250,0,,,,,,
24.260,,250,0,250,0,,,,,,
24.280,,250,0,250,0,,,,,,
24.300,,250,0,250,0,,,,,,
24.320,,250,0,250,0,,,,,,
24.340,,250,0,250,0,,,,,,
24.360,,250,0,250,0,,,,,,
24.380,,250,0,250,0,,,,,,
24.400,,250,0,250,0,,,,,,
24.420,,250,0,250,0,,,,,,
24.440,,250,0,250,0,,,,,,
24.460,,250,0,250,0,,,,,,
24.480,,250,0,250,0,,,,,,
24.500,,250,0,250,0,,,,,,
24.520,,250,0,250,0,,,,,,
24.540,,250,0,250,0,,,,,,
24.560,,250,0,250,0,,,,,,
24.580,,250,0,250,0,,,,,,
24.600,,250,0,250,0,,,,,,
24.620,,250,0,250,0,,,,,,
24.640,,250,0,250,0,,,,,,
24.660,,250,0,250,0,,,,,,
24.680,,250,0,250,0,,,,,,
24.700,,250,0,250,0,,,,,,
24.720,,250,0,250,0,,,,,,
24.740,,250,0,250,0,,,,,,
24.760,,250,0,250,0,,,,,,
24.780,,250,0,250,0,,,,,,
24.800,,250,0,250,0,,,,,,
24.820,,250,0,250,0,,,,,,
24.840,,250,0,250,0,,,,,,
24.860,,250,0,250,0,,,,,,
24.880,,250,0,250,0,,,,,,
24.900,,250,0,250,0,,,,,,
24.920,,250,0,250,0,,,,,,
24.940,,250,0,250,0,,,,,,
24.960,,250,0,250,0,,,,,,
24.980,,250,0,250,0,,,,,,
25.000,,250,0,250,0,,,,,,
25.020,,250,0,250,0,,,,,,
25.040,,250,0,250,0,,,,,,
25.060,,250,0,250,0,,,,,,
25.080,,250,0,250,0,,,,,,
25.100,,250,0,250,0,,,,,,
25.120,,250,0,250,0,,,,,,
25.140,,250,0,250,0,,,,,,
25.160,,250,0,250,0,,,,,,
25.180,,250,0,250,0,,,,,,
25.200,,250,0,250,0,,,,,,
25.220,,250,0,250,0,,,,,,
25.240,,250,0,250,0,,,,,,
25.260,,250,0,250,0,,,,,,
25.280,,250,0,250,0,,,,,,
25.300,,250,0,250,0,,,,,,
25.320,,250,0,250,0,,,,,,
25.340,,250,0,250,0,,,,,,
25.360,,250,0,250,0,,,,,,
25.380,,250,0,250,0,,,,,,
25.400,,250,0,250,0,,,,,,
25.420,,250,0,250,0,,,,,,
25.440,,250,0,250,0,,,,,,
25.460,,250,0,250,0,,,,,,
25.480,,250,0,250,0,,,,,,
25.500,,250,0,250,0,,,,,,
25.520,,250,0,250,0,,,,,,
25.540,,250,0,250,0,,,,,,
25.560,,250,0,250,0,,,,,,
25.580,,250,0,250,0,,,,,,
25.600,,250,0,250,0,,,,,,
25.620,,250,0,250,0,,,,,,
25.640,,250,0,250,0,,,,,,
25.660,,250,0,250,0,,,,,,
25.680,,250,0,250,0,,,,,,
25.700,,250,0,250,0,,,,,,
25.720,,250,0,250,0,,,,,,
25.740,,250,0,250,0,,,,,,
25.760,,250,0,250,0,,,,,,
25.780,,250,0,250,0,,,,,,
25.800,,250,0,250,0,,,,,,
25.820,,250,0,250,0,,,,,,
25.840,,250,0,250,0,,,,,,
25.860,,250,0,250,0,,,,,,
25.880,,250,0,250,0,,,,,,
25.900,,250,0,250,0,,,,,,
25.920,,250,0,250,0,,,,,,
25.940,,250,0,250,0,,,,,,
25.960,,250,0,250,0,,,,,,
25.980,,250,0,250,0,,,,,,
26.000,,250,0,250,0,,,,,,
26.020,,250,0,250,0,,,,,,
26.040,,250,0,250,0,,,,,,
26.060,,250,0,250,0,,,,,,
26.080,,250,0,250,0,,,,,,
26.100,,250,0,250,0,,,,,,
26.120,,250,0,250,0,,,,,,
26.140,,250,0,250,0,,,,,,
26.160,,250,0,250,0,,,,,,
26.180,,250,0,250,0,,,,,,
26.200,,250,0,250,0,,,,,,
26.220,,250,0,250,0,,,,,,
26.240,,250,0,250,0,,,,,,
26.260,,250,0,250,0,,,,,,
26.280,,250,0,250,0,,,,,,
26.300,,250,0,250,0,,,,,,
26.320,,250,0,250,0,,,,,,
26.340,,250,0,250,0,,,,,,
26.360,,250,0,250,0,,,,,,
26.380,,250,0,250,0,,,,,,
26.400,,250,0,250,0,,,,,,
26.420,,250,0,250,0,,,,,,
26.440,,250,0,250,0,,,,,,
26.460,,250,0,250,0,,,,,,
26.480,,250,0,250,0,,,,,,
26.500,,250,0,250,0,,,,,,
26.520,,250,0,250,0,,,,,,
26.540,,250,0,250,0,,,,,,
26.560,,250,0,250,0,,,,,,
26.580,,250,0,250,0,,,,,,
26.600,,250,0,250,0,,,,,,
26.620,,250,0,250,0,,,,,,
26.640,,250,0,250,0,,,,,,
26.660,,0,0,235,0,,,,,,
26.680,,0,0,220,0,,,,,,
26.700,,0,0,205,0,,,,,,
26.720,,0,0,190,0,,,,,,
26.740,,0,0,175,0,,,,,,
26.760,,0,0,160,0,,,,,,
26.780,,0,0,145,0,,,,,,
26.800,,0,0,130,0,,,,,,
26.820,,0,0,115,0,,,,,,
26.840,,0,0,100,0,,,,,,
26.860,,0,0,85,0,,,,,,
26.880,,0,0,70,0,,,,,,
26.900,,0,0,55,0,,,,,,
26.920,,0,0,40,0,,,,,,
26.940,,0,0,25,0,,,,,,
26.960,,0,0,10,0,,,,,,
26.980,,0,0,0,0,,,,,,
27.000,,0,0,0,0,,,,,,
27.020,,0,0,0,0,,,,,,
27.040,,0,0,0,0,,,,,,
27.060,,0,0,0,0,,,,,,
27.080,,0,0,0,0,,,,,,
27.100,,0,0,0,0,,,,,,
27.120,,0,0,0,0,,,,,,
27.140,,0,0,0,0,,,,,,
27.160,,0,0,0,0,,,,,,
27.180,,0,0,0,0,,,,,,
27.200,,0,0,0,0,,,,,,
27.220,,0,0,0,0,,,,,,
27.240,,0,0,0,0,,,,,,
27.260,,0,0,0,0,,,,,,
27.280,,0,0,0,0,,,,,,
27.300,,0,0,0,0,,,,,,
27.320,,0,0,0,0,,,,,,
27.340,,0,0,0,0,,,,,,
27.360,,0,0,0,0,,,,,,
27.380,,0,0,0,0,,,,,,
27.400,,0,0,0,0,,,,,,
27.420,,0,0,0,0,,,,,,
27.440,,0,0,0,0,,,,,,
27.460,,0,0,0,0,,,,,,
27.480,,0,0,0,0,,,,,,
27.500,,0,0,0,0,,,,,,
27.520,,0,0,0,0,,,,,,
27.540,,0,0,0,0,,,,,,
27.560,,0,0,0,0,,,,,,
27.580,,0,0,0,0,,,,,,
27.600,,0,0,0,0,,,,,,
27.620,,0,0,0,0,,,,,,
27.640,,0,0,0,0,,,,,,
27.660,,0,0,0,0,,,,,,
27.680,,0,0,0,0,,,,,,
27.700,,0,0,0,0,,,,,,
27.720,,0,0,0,0,,,,,,
27.740,,0,0,0,0,,,,,,
27.760,,0,0,0,0,,,,,,
27.780,,0,0,0,0,,,,,,
27.800,,0,0,0,0,,,,,,
27.820,,0,0,0,0,,,,,,
27.840,,0,0,0,0,,,,,,
27.860,,0,0,0,0,,,,,,
27.880,,0,0,0,0,,,,,,
27.900,,0,0,0,0,,,,,,
27.920,,0,0,0,0,,,,,,
27.940,,0,0,0,0,,,,,,
27.960,,0,0,0,0,,,,,,
27.980,,0,0,0,0,,,,,,
28.000,,0,0,0,0,,,,,,
28.020,,0,0,0,0,,,,,,
28.040,,0,0,0,0,,,,,,
28.060,,0,0,0,0,,,,,,
28.080,,0,0,0,0,,,,,,
28.100,,0,0,0,0,,,,,,
28.120,,0,0,0,0,,,,,,
28.140,,0,0,0,0,,,,,,
28.160,,0,0,0,0,,,,,,
28.180,,0,0,0,0,,,,,,
28.200,,0,0,0,0,,,,,,
28.220,,0,0,0,0,,,,,,
28.240,,0,0,0,0,,,,,,
28.260,,0,0,0,0,,,,,,
28.280,,0,0,0,0,,,,,,
28.300,,0,0,0,0,,,,,,
28.320,,0,0,0,0,,,,,,
28.340,,0,0,0,0,,,,,,
28.360,,0,0,0,0,,,,,,
28.380,,250,0,15,0,,,,,,
28.400,,250,0,30,0,,,,,,
28.420,,250,0,45,0,,,,,,
28.440,,250,0,60,0,,,,,,
28.460,,250,0,75,0,,,,,,
28.480,,250,0,90,0,,,,,,
28.500,,250,0,105,0,,,,,,
28.520,,250,0,120,0,,,,,,
28.540,,250,0,135,0,,,,,,
28.560,,250,0,150,0,,,,,,
28.580,,250,0,165,0,,,,,,
28.600,,250,0,180,0,,,,,,
28.620,,250,0,195,0,,,,,,
28.640,,250,0,210,0,,,,,,
28.660,,250,0,225,0,,,,,,
28.680,,250,0,240,0,,,,,,
28.700,,250,0,250,0,,,,,,
28.720,,250,0,250,0,,,,,,
28.740,,250,0,250,0,,,,,,
28.760,,250,0,250,0,,,,,,
28.780,,250,0,250,0,,,,,,
28.800,,250,0,250,0,,,,,,
28.820,,250,0,250,0,,,,,,
28.840,,250,0,250,0,,,,,,
28.860,,250,0,250,0,,,,,,
28.880,,250,0,250,0,,,,,,
28.900,,250,0,250,0,,,,,,
28.920,,250,0,250,0,,,,,,
28.940,,250,0,250,0,,,,,,
28.960,,250,0,250,0,,,,,,
28.980,,250,0,250,0,,,,,,
29.000,,250,0,250,0,,,,,,
29.020,,250,0,250,0,,,,,,
29.040,,250,0,250,0,,,,,,
29.060,,250,0,250,0,,,,,,
29.080,,250,0,250,0,,,,,,
29.100,,250,0,250,0,,,,,,
29.120,,250,0,250,0,,,,,,
29.140,,250,0,250,0,,,,,,
29.160,,250,0,250,0,,,,,,
29.180,,250,0,250,0,,,,,,
29.200,,250,0,250,0,,,,,,
29.220,,250,0,250,0,,,,,,
29.240,,250,0,250,0,,,,,,
29.260,,250,0,250,0,,,,,,
29.280,,250,0,250,0,,,,,,
29.300,,250,0,250,0,,,,,,
29.320,,250,0,250,0,,,,,,
29.340,,250,0,250,0,,,,,,
29.360,,250,0,250,0,,,,,,
29.380,,250,0,250,0,,,,,,
29.400,,250,0,250,0,,,,,,
29.420,,250,0,250,0,,,,,,
29.440,,250,0,250,0,,,,,,
29.460,,250,0,250,0,,,,,,
29.480,,250,0,250,0,,,,,,
29.500,,250,0,250,0,,,,,,
29.520,,250,0,250,0,,,,,,
29.540,,250,0,250,0,,,,,,
29.560,,250,0,250,0,,,,,,
29.580,,250,0,250,0,,,,,,
29.600,,250,0,250,0,,,,,,
29.620,,250,0,250,0,,,,,,
29.640,,250,0,250,0,,,,,,
29.660,,250,0,250,0,,,,,,
29.680,,250,0,250,0,,,,,,
29.700,,250,0,250,0,,,,,,
29.720,,250,0,250,0,,,,,,
29.740,,250,0,250,0,,,,,,
29.760,,250,0,250,0,,,,,,
29.780,,250,0,250,0,,,,,,
29.800,,250,0,250,0,,,,,,
29.820,,250,0,250,0,,,,,,
29.840,,250,0,250,0,,,,,,
29.860,,250,0,250,0,,,,,,
29.880,,250,0,250,0,,,,,,
29.900,,250,0,250,0,,,,,,
29.920,,250,0,250,0,,,,,,
29.940,,250,0,250,0,,,,,,
29.960,,250,0,250,0,,,,,,
29.980,,250,0,250,0,,,,,,
30.000,,250,0,250,0,,,,,,
30.020,,250,0,250,0,,,,,,
30.040,,250,0,250,0,,,,,,
30.060,,250,0,250,0,,,,,,
30.080,,250,0,250,0,,,,,,
30.100,,250,0,250,0,,,,,,
30.120,,250,0,250,0,,,,,,
30.140,,250,0,250,0,,,,,,
30.160,,250,0,250,0,,,,,,
30.180,,250,0,250,0,,,,,,
30.200,,250,0,250,0,,,,,,
30.220,,250,0,250,0,,,,,,
30.240,,250,0,250,0,,,,,,
30.260,,250,0,250,0,,,,,,
30.280,,250,0,250,0,,,,,,
30.300,,250,0,250,0,,,,,,
30.320,,250,0,250,0,,,,,,
30.340,,250,0,250,0,,,,,,
30.360,,250,0,250,0,,,,,,
30.380,,250,0,250,0,,,,,,
30.400,,250,0,250,0,,,,,,
30.420,,250,0,250,0,,,,,,
30.440,,250,0,250,0,,,,,,
30.460,,250,0,250,0,,,,,,
30.480,,250,0,250,0,,,,,,
30.500,,250,0,250,0,,,,,,
30.520,,250,0,250,0,,,,,,
30.540,,250,0,250,0,,,,,,
30.560,,250,0,250,0,,,,,,
30.580,,250,0,250,0,,,,,,
30.600,,250,0,250,0,,,,,,
30.620,,250,0,250,0,,,,,,
30.640,,250,0,250,0,,,,,,
30.660,,250,0,250,0,,,,,,
30.680,,250,0,250,0,,,,,,
30.700,,250,0,250,0,,,,,,
30.720,,250,0,250,0,,,,,,
30.740,,250,0,250,0,,,,,,
30.760,,250,0,250,0,,,,,,
30.780,,250,0,250,0,,,,,,
30.800,,250,0,250,0,,,,,,
30.820,,250,0,250,0,,,,,,
30.840,,250,0,250,0,,,,,,
30.860,,250,0,250,0,,,,,,
30.880,,250,0,250,0,,,,,,
30.900,,250,0,250,0,,,,,,
30.920,,250,0,250,0,,,,,,
30.940,,250,0,250,0,,,,,,
30.960,,250,0,250,0,,,,,,
30.980,,250,0,250,0,,,,,,
31.000,,250,0,250,0,,,,,,
31.020,,250,0,250,0,,,,,,
31.040,,250,0,250,0,,,,,,
31.060,,250,0,250,0,,,,,,
31.080,,250,0,250,0,,,,,,
31.100,,250,0,250,0,,,,,,
31.120,,250,0,250,0,,,,,,
31.140,,250,0,250,0,,,,,,
31.160,,250,0,250,0,,,,,,
31.180,,250,0,250,0,,,,,,
31.200,,250,0,250,0,,,,,,
31.220,,250,0,250,0,,,,,,
31.240,,250,0,250,0,,,,,,
31.260,,250,0,250,0,,,,,,
31.280,,250,0,250,0,,,,,,
31.300,,250,0,250,0,,,,,,
31.320,,250,0,250,0,,,,,,
31.340,,250,0,250,0,,,,,,
31.360,,250,0,250,0,,,,,,
31.380,,250,0,250,0,,,,,,
31.400,,250,0,250,0,,,,,,
31.420,,250,0,250,0,,,,,,
31.440,,250,0,250,0,,,,,,
31.460,,250,0,250,0,,,,,,
31.480,,250,0,250,0,,,,,,
31.500,,250,0,250,0,,,,,,
31.520,,250,0,250,0,,,,,,
31.540,,250,0,250,0,,,,,,
31.560,,250,0,250,0,,,,,,
31.580,,250,0,250,0,,,,,,
31.600,,250,0,250,0,,,,,,
31.620,,250,0,250,0,,,,,,
31.640,,250,0,250,0,,,,,,
31.660,,250,0,250,0,,,,,,
31.680,,250,0,250,0,,,,,,
31.700,,250,0,250,0,,,,,,
31.720,,250,0,250,0,,,,,,
31.740,,250,0,250,0,,,,,,
31.760,,250,0,250,0,,,,,,
31.780,,250,0,250,0,,,,,,
31.800,,250,0,250,0,,,,,,
31.820,,250,0,250,0,,,,,,
31.840,,250,0,250,0,,,,,,
31.860,,250,0,250,0,,,,,,
31.880,,250,0,250,0,,,,,,
31.900,,250,0,250,0,,,,,,
31.920,,250,0,250,0,,,,,,
31.940,,250,0,250,0,,,,,,
31.960,,250,0,250,0,,,,,,
31.980,,250,0,250,0,,,,,,
32.000,,250,0,250,0,,,,,,
32.020,,250,0,250,0,,,,,,
32.040,,250,0,250,0,,,,,,
32.060,,250,0,250,0,,,,,,
32.080,,250,0,250,0,,,,,,
32.100,,250,0,250,0,,,,,,
32.120,,250,0,250,0,,,,,,
32.140,,250,0,250,0,,,,,,
32.160,,250,0,250,0,,,,,,
32.180,,250,0,250,0,,,,,,
32.200,,250,0,250,0,,,,,,
32.220,,250,0,250,0,,,,,,
32.240,,250,0,250,0,,,,,,
32.260,,250,0,250,0,,,,,,
32.280,,250,0,250,0,,,,,,
32.300,,250,0,250,0,,,,,,
32.320,,250,0,250,0,,,,,,
32.340,,250,0,250,0,,,,,,
32.360,,250,0,250,0,,,,,,
32.380,,250,0,250,0,,,,,,
32.400,,250,0,250,0,,,,,,
32.420,,250,0,250,0,,,,,,
32.440,,250,0,250,0,,,,,,
32.460,,250,0,250,0,,,,,,
32.480,,250,0,250,0,,,,,,
32.500,,250,0,250,0,,,,,,
32.520,,250,0,250,0,,,,,,
32.540,,250,0,250,0,,,,,,
32.560,,250,0,250,0,,,,,,
32.580,,250,0,250,0,,,,,,
32.600,,250,0,250,0,,,,,,
32.620,,250,0,250,0,,,,,,
32.640,,250,0,250,0,,,,,,
32.660,,250,0,250,0,,,,,,
32.680,,250,0,250,0,,,,,,
32.700,,250,0,250,0,,,,,,
32.720,,250,0,250,0,,,,,,
32.740,,250,0,250,0,,,,,,
32.760,,250,0,250,0,,,,,,
32.780,,250,0,250,0,,,,,,
32.800,,250,0,250,0,,,,,,
32.820,,250,0,250,0,,,,,,
32.840,,250,0,250,0,,,,,,
32.860,,250,0,250,0,,,,,,
32.880,,250,0,250,0,,,,,,
32.900,,250,0,250,0,,,,,,
32.920,,250,0,250,0,,,,,,
32.940,,250,0,250,0,,,,,,
32.960,,250,0,250,0,,,,,,
32.980,,250,0,250,0,,,,,,
33.000,,250,0,250,0,,,,,,
33.020,,250,0,250,0,,,,,,
33.040,,250,0,250,0,,,,,,
33.060,,250,0,250,0,,,,,,
33.080,,250,0,250,0,,,,,,
33.100,,250,0,250,0,,,,,,
33.120,,250,0,250,0,,,,,,
33.140,,250,0,250,0,,,,,,
33.160,,250,0,250,0,,,,,,
33.180,,250,0,250,0,,,,,,
33.200,,250,0,250,0,,,,,,
33.220,,250,0,250,0,,,,,,
33.240,,250,0,250,0,,,,,,
33.260,,250,0,250,0,,,,,,
33.280,,250,0,250,0,,,,,,
33.300,,250,0,250,0,,,,,,
33.320,,250,0,250,0,,,,,,
33.340,,250,0,250,0,,,,,,
33.360,,250,0,250,0,,,,,,
33.380,,250,0,250,0,,,,,,
33.400,,250,0,250,0,,,,,,
33.420,,250,0,250,0,,,,,,
33.440,,250,0,250,0,,,,,,
33.460,,250,0,250,0,,,,,,
33.480,,250,0,250,0,,,,,,
33.500,,250,0,250,0,,,,,,
33.520,,250,0,250,0,,,,,,
33.540,,250,0,250,0,,,,,,
33.560,,250,0,250,0,,,,,,
33.580,,250,0,250,0,,,,,,
33.600,,250,0,250,0,,,,,,
33.620,,250,0,250,0,,,,,,
33.640,,250,0,250,0,,,,,,
33.660,,250,0,250,0,,,,,,
33.680,,250,0,250,0,,,,,,
33.700,,250,0,250,0,,,,,,
33.720,,250,0,250,0,,,,,,
33.740,,250,0,250,0,,,,,,
33.760,,250,0,250,0,,,,,,
33.780,,250,0,250,0,,,,,,
33.800,,250,0,250,0,,,,,,
33.820,,250,0,250,0,,,,,,
33.840,,250,0,250,0,,,,,,
33.860,,250,0,250,0,,,,,,
33.880,,250,0,250,0,,,,,,
33.900,,250,0,250,0,,,,,,
33.920,,250,0,250,0,,,,,,
33.940,,250,0,250,0,,,,,,
33.960,,250,0,250,0,,,,,,
33.980,,250,0,250,0,,,,,,
34.000,,250,0,250,0,,,,,,
34.020,,250,0,250,0,,,,,,
34.040,,250,0,250,0,,,,,,
34.060,,250,0,250,0,,,,,,
34.080,,250,0,250,0,,,,,,
34.100,,250,0,250,0,,,,,,
34.120,,250,0,250,0,,,,,,
34.140,,250,0,250,0,,,,,,
34.160,,250,0,250,0,,,,,,
34.180,,250,0,250,0,,,,,,
34.200,,250,0,250,0,,,,,,
34.220,,250,0,250,0,,,,,,
34.240,,250,0,250,0,,,,,,
34.260,,250,0,250,0,,,,,,
34.280,,250,0,250,0,,,,,,
34.300,,0,0,235,0,,,,,,
34.320,,0,0,220,0,,,,,,
34.340,,0,0,205,0,,,,,,
34.360,,0,0,190,0,,,,,,
34.380,,0,0,175,0,,,,,,
34.400,,0,0,160,0,,,,,,
34.420,,0,0,145,0,,,,,,
34.440,,0,0,130,0,,,,,,
34.460,,0,0,115,0,,,,,,
34.480,,0,0,100,0,,,,,,
34.500,,0,0,85,0,,,,,,
34.520,,0,0,70,0,,,,,,
34.540,,0,0,55,0,,,,,,
34.560,,0,0,40,0,,,,,,
34.580,,0,0,25,0,,,,,,
34.600,,0,0,10,0,,,,,,
34.620,,0,0,0,0,,,,,,
34.640,,0,0,0,0,,,,,,
34.660,,0,0,0,0,,,,,,
34.680,,0,0,0,0,,,,,,
34.700,,0,0,0,0,,,,,,
34.720,,0,0,0,0,,,,,,
34.740,,0,0,0,0,,,,,,
34.760,,0,0,0,0,,,,,,
34.780,,0,0,0,0,,,,,,
34.800,,0,0,0,0,,,,,,
34.820,,0,0,0,0,,,,,,
34.840,,0,0,0,0,,,,,,
34.860,,0,0,0,0,,,,,,
34.880,,0,0,0,0,,,,,,
34.900,,0,0,0,0,,,,,,
34.920,,0,0,0,0,,,,,,
34.940,,0,0,0,0,,,,,,
34.960,,0,0,0,0,,,,,,
34.980,,0,0,0,0,,,,,,
35.000,,0,0,0,0,,,,,,
35.020,,0,0,0,0,,,,,,
35.040,,0,0,0,0,,,,,,
35.060,,0,0,0,0,,,,,,
35.080,,0,0,0,0,,,,,,
35.100,,0,0,0,0,,,,,,
35.120,,0,0,0,0,,,,,,
35.140,,0,0,0,0,,,,,,
35.160,,0,0,0,0,,,,,,
35.180,,0,0,0,0,,,,,,
35.200,,0,0,0,0,,,,,,
35.220,,0,0,0,0,,,,,,
35.240,,0,0,0,0,,,,,,
35.260,,0,0,0,0,,,,,,
35.280,,0,0,0,0,,,,,,
35.300,,0,0,0,0,,,,,,
35.320,,0,0,0,0,,,,,,
35.340,,0,0,0,0,,,,,,
35.360,,0,0,0,0,,,,,,
35.380,,0,0,0,0,,,,,,
35.400,,0,0,0,0,,,,,,
35.420,,0,0,0,0,,,,,,
35.440,,0,0,0,0,,,,,,
35.460,,0,0,0,0,,,,,,
35.480,,0,0,0,0,,,,,,
35.500,,0,0,0,0,,,,,,
35.520,,0,0,0,0,,,,,,
35.540,,0,0,0,0,,,,,,
35.560,,0,0,0,0,,,,,,
35.580,,0,0,0,0,,,,,,
35.600,,0,0,0,0,,,,,,
35.620,,0,0,0,0,,,,,,
35.640,,0,0,0,0,,,,,,
35.660,,0,0,0,0,,,,,,
35.680,,0,0,0,0,,,,,,
35.700,,0,0,0,0,,,,,,
35.720,,0,0,0,0,,,,,,
35.740,,0,0,0,0,,,,,,
35.760,,0,0,0,0,,,,,,
35.780,,0,0,0,0,,,,,,
35.800,,0,0,0,0,,,,,,
35.820,,0,0,0,0,,,,,,
35.840,,0,0,0,0,,,,,,
35.860,,0,0,0,0,,,,,,
35.880,,0,0,0,0,,,,,,
35.900,,0,0,0,0,,,,,,
35.920,,0,0,0,0,,,,,,
35.940,,0,0,0,0,,,,,,
35.960,,0,0,0,0,,,,,,
35.980,,0,0,0,0,,,,,,
36.000,,0,0,0,0,,,,,,
36.020,,0,0,0,0,,,,,,
36.040,,0,0,0,0,,,,,,
36.060,,0,0,0,0,,,,,,
36.080,,0,0,0,0,,,,,,
36.100,,0,0,0,0,,,,,,
36.120,,0,0,0,0,,,,,,
36.140,,0,0,0,0,,,,,,
36.160,,0,0,0,0,,,,,,
36.180,,0,0,0,0,,,,,,
36.200,,0,0,0,0,,,,,,
36.220,,0,0,0,0,,,,,,
36.240,,0,0,0,0,,,,,,
36.260,,0,0,0,0,,,,,,
36.280,,0,0,0,0,,,,,,
36.300,,0,0,0,0,,,,,,
36.320,,0,0,0,0,,,,,,
36.340,,0,0,0,0,,,,,,
36.360,,0,0,0,0,,,,,,
36.380,,0,0,0,0,,,,,,
36.400,,0,0,0,0,,,,,,
36.420,,0,0,0,0,,,,,,
36.440,,0,0,0,0,,,,,,
36.460,,0,0,0,0,,,,,,
36.480,,0,0,0,0,,,,,,
36.500,,0,0,0,0,,,,,,
36.520,,0,0,0,0,,,,,,
36.540,,0,0,0,0,,,,,,
36.560,,0,0,0,0,,,,,,
36.580,,0,0,0,0,,,,,,
36.600,,0,0,0,0,,,,,,
36.620,,0,0,0,0,,,,,,
36.640,,0,0,0,0,,,,,,
36.660,,0,0,0,0,,,,,,
36.680,,0,0,0,0,,,,,,
36.700,,0,0,0,0,,,,,,
36.720,,0,0,0,0,,,,,,
36.740,,0,0,0,0,,,,,,
36.760,,0,0,0,0,,,,,,
36.780,,0,0,0,0,,,,,,
36.800,,0,0,0,0,,,,,,
36.820,,0,0,0,0,,,,,,
36.840,,0,0,0,0,,,,,,
36.860,,0,0,0,0,,,,,,
36.880,,0,0,0,0,,,,,,
36.900,,0,0,0,0,,,,,,
36.920,,0,0,0,0,,,,,,
36.940,,0,0,0,0,,,,,,
36.960,,0,0,0,0,,,,,,
36.980,,0,0,0,0,,,,,,
37.000,,0,0,0,0,,,,,,
37.020,,0,0,0,0,,,,,,
37.040,,0,0,0,0,,,,,,
37.060,,0,0,0,0,,,,,,
37.080,,0,0,0,0,,,,,,
37.100,,0,0,0,0,,,,,,
37.120,,0,0,0,0,,,,,,
37.140,,0,0,0,0,,,,,,
37.160,,0,0,0,0,,,,,,
37.180,,0,0,0,0,,,,,,
37.200,,0,0,0,0,,,,,,
37.220,,0,0,0,0,,,,,,
37.240,,0,0,0,0,,,,,,
37.260,,0,0,0,0,,,,,,
37.280,,0,0,0,0,,,,,,
37.300,,0,0,0,0,,,,,,
37.320,,0,0,0,0,,,,,,
37.340,,0,0,0,0,,,,,,
37.360,,0,0,0,0,,,,,,
37.380,,0,0,0,0,,,,,,
37.400,,0,0,0,0,,,,,,
37.420,,0,0,0,0,,,,,,
37.440,,0,0,0,0,,,,,,
37.460,,0,0,0,0,,,,,,
37.480,,0,0,0,0,,,,,,
37.500,,0,0,0,0,,,,,,
37.520,,0,0,0,0,,,,,,
37.540,,0,0,0,0,,,,,,
37.560,,0,0,0,0,,,,,,
37.580,,0,0,0,0,,,,,,
37.600,,0,0,0,0,,,,,,
37.620,,0,0,0,0,,,,,,
37.640,,0,0,0,0,,,,,,
37.660,,0,0,0,0,,,,,,
37.680,,0,0,0,0,,,,,,
37.700,,0,0,0,0,,,,,,
37.720,,0,0,0,0,,,,,,
37.740,,0,0,0,0,,,,,,
37.760,,0,0,0,0,,,,,,
37.780,,0,0,0,0,,,,,,
37.800,,0,0,0,0,,,,,,
37.820,,0,0,0,0,,,,,,
37.840,,0,0,0,0,,,,,,
37.860,,0,0,0,0,,,,,,
37.880,,0,0,0,0,,,,,,
37.900,,0,0,0,0,,,,,,
37.920,,0,0,0,0,,,,,,
37.940,,0,0,0,0,,,,,,
37.960,,0,0,0,0,,,,,,
37.980,,0,0,0,0,,,,,,
38.000,,0,0,0,0,,,,,,
38.020,,0,0,0,0,,,,,,
38.040,,0,0,0,0,,,,,,
38.060,,0,0,0,0,,,,,,
38.080,,0,0,0,0,,,,,,
38.100,,0,0,0,0,,,,,,
38.120,,0,0,0,0,,,,,,
38.140,,0,0,0,0,,,,,,
38.160,,0,0,0,0,,,,,,
38.180,,0,0,0,0,,,,,,
38.200,,0,0,0,0,,,,,,
38.220,,0,0,0,0,,,,,,
38.240,,0,0,0,0,,,,,,
38.260,,0,0,0,0,,,,,,
38.280,,0,0,0,0,,,,,,
38.300,,0,0,0,0,,,,,,
38.320,,0,0,0,0,,,,,,
38.340,,0,0,0,0,,,,,,
38.360,,0,0,0,0,,,,,,
38.380,,0,0,0,0,,,,,,
38.400,,0,0,0,0,,,,,,
38.420,,0,0,0,0,,,,,,
38.440,,0,0,0,0,,,,,,
38.460,,0,0,0,0,,,,,,
38.480,,0,0,0,0,,,,,,
38.500,,0,0,0,0,,,,,,
38.520,,0,0,0,0,,,,,,
38.540,,0,0,0,0,,,,,,
38.560,,0,0,0,0,,,,,,
38.580,,0,0,0,0,,,,,,
38.600,,0,0,0,0,,,,,,
38.620,,0,0,0,0,,,,,,
38.640,,0,0,0,0,,,,,,
38.660,,0,0,0,0,,,,,,
38.680,,0,0,0,0,,,,,,
38.700,,0,0,0,0,,,,,,
38.720,,0,0,0,0,,,,,,
38.740,,0,0,0,0,,,,,,
38.760,,0,0,0,0,,,,,,
38.780,,0,0,0,0,,,,,,
38.800,,0,0,0,0,,,,,,
38.820,,0,0,0,0,,,,,,
38.840,,0,0,0,0,,,,,,
38.860,,0,0,0,0,,,,,,
38.880,,0,0,0,0,,,,,,
38.900,,0,0,0,0,,,,,,
38.920,,0,0,0,0,,,,,,
38.940,,0,0,0,0,,,,,,
38.960,,0,0,0,0,,,,,,
38.980,,0,0,0,0,,,,,,
39.000,,0,0,0,0,,,,,,
39.020,,0,0,0,0,,,,,,
39.040,,0,0,0,0,,,,,,
39.060,,0,0,0,0,,,,,,
39.080,,0,0,0,0,,,,,,
39.100,,0,0,0,0,,,,,,
39.120,,0,0,0,0,,,,,,
39.140,,0,0,0,0,,,,,,
39.160,,0,0,0,0,,,,,,
39.180,,0,0,0,0,,,,,,
39.200,,0,0,0,0,,,,,,
39.220,,0,0,0,0,,,,,,
39.240,,0,0,0,0,,,,,,
39.260,,0,0,0,0,,,,,,
39.280,,0,0,0,0,,,,,,
39.300,,0,0,0,0,,,,,,
39.320,,0,0,0,0,,,,,,
39.340,,0,0,0,0,,,,,,
39.360,,0,0,0,0,,,,,,
39.380,,0,0,0,0,,,,,,
39.400,,0,0,0,0,,,,,,
39.420,,0,0,0,0,,,,,,
39.440,,0,0,0,0,,,,,,
39.460,,0,0,0,0,,,,,,
39.480,,0,0,0,0,,,,,,
39.500,,0,0,0,0,,,,,,
39.520,,0,0,0,0,,,,,,
39.540,,0,0,0,0,,,,,,
39.560,,0,0,0,0,,,,,,
39.580,,0,0,0,0,,,,,,
39.600,,0,0,0,0,,,,,,
39.620,,0,0,0,0,,,,,,
39.640,,0,0,0,0,,,,,,
39.660,,0,0,0,0,,,,,,
39.680,,0,0,0,0,,,,,,
39.700,,0,0,0,0,,,,,,
39.720,,0,0,0,0,,,,,,
39.740,,0,0,0,0,,,,,,
39.760,,0,0,0,0,,,,,,
39.780,,0,0,0,0,,,,,,
39.800,,0,0,0,0,,,,,,
39.820,,0,0,0,0,,,,,,
39.840,,0,0,0,0,,,,,,
39.860,,0,0,0,0,,,,,,
39.880,,0,0,0,0,,,,,,
39.900,,0,0,0,0,,,,,,
39.920,,0,0,0,0,,,,,,
39.940,,0,0,0,0,,,,,,
39.960,,0,0,0,0,,,,,,
39.980,,0,0,0,0,,,,,,
40.000,,0,0,0,0,,,,,,
40.020,,0,0,0,0,,,,,,
40.040,,0,0,0,0,,,,,,
40.060,,0,0,0,0,,,,,,
40.080,,0,0,0,0,,,,,,
40.100,,0,0,0,0,,,,,,
40.120,,0,0,0,0,,,,,,
40.140,,0,0,0,0,,,,,,
40.160,,0,0,0,0,,,,,,
40.180,,0,0,0,0,,,,,,
40.200,,0,0,0,0,,,,,,
40.220,,0,0,0,0,,,,,,
40.240,,0,0,0,0,,,,,,
40.260,,0,0,0,0,,,,,,
40.280,,0,0,0,0,,,,,,
40.300,,0,0,0,0,,,,,,
40.320,,0,0,0,0,,,,,,
40.340,,0,0,0,0,,,,,,
40.360,,0,0,0,0,,,,,,
40.380,,0,0,0,0,,,,,,
40.400,,0,0,0,0,,,,,,
40.420,,0,0,0,0,,,,,,
40.440,,0,0,0,0,,,,,,
40.460,,0,0,0,0,,,,,,
40.480,,0,0,0,0,,,,,,
40.500,,0,0,0,0,,,,,,
40.520,,0,0,0,0,,,,,,
40.540,,0,0,0,0,,,,,,
40.560,,0,0,0,0,,,,,,
40.580,,0,0,0,0,,,,,,
40.600,,0,0,0,0,,,,,,
40.620,,0,0,0,0,,,,,,
40.640,,0,0,0,0,,,,,,
40.660,,0,0,0,0,,,,,,
40.680,,0,0,0,0,,,,,,
40.700,,0,0,0,0,,,,,,
40.720,,0,0,0,0,,,,,,
40.740,,0,0,0,0,,,,,,
40.760,,0,0,0,0,,,,,,
40.780,,0,0,0,0,,,,,,
40.800,,0,0,0,0,,,,,,
40.820,,0,0,0,0,,,,,,
40.840,,0,0,0,0,,,,,,
40.860,,0,0,0,0,,,,,,
40.880,,0,0,0,0,,,,,,
40.900,,0,0,0,0,,,,,,
40.920,,0,0,0,0,,,,,,
40.940,,0,0,0,0,,,,,,
40.960,,0,0,0,0,,,,,,
40.980,,0,0,0,0,,,,,,
41.000,,0,0,0,0,,,,,,
41.020,,0,0,0,0,,,,,,
41.040,,0,0,0,0,,,,,,
41.060,,0,0,0,0,,,,,,
41.080,,0,0,0,0,,,,,,
41.100,,0,0,0,0,,,,,,
41.120,,0,0,0,0,,,,,,
41.140,,0,0,0,0,,,,,,
41.160,,0,0,0,0,,,,,,
41.180,,0,0,0,0,,,,,,
41.200,,0,0,0,0,,,,,,
41.220,,0,0,0,0,,,,,,
41.240,,0,0,0,0,,,,,,
41.260,,0,0,0,0,,,,,,
41.280,,0,0,0,0,,,,,,
41.300,,0,0,0,0,,,,,,
41.320,,0,0,0,0,,,,,,
41.340,,0,0,0,0,,,,,,
41.360,,0,0,0,0,,,,,,
41.380,,0,0,0,0,,,,,,
41.400,,0,0,0,0,,,,,,
41.420,,0,0,0,0,,,,,,
41.440,,0,0,0,0,,,,,,
41.460,,0,0,0,0,,,,,,
41.480,,0,0,0,0,,,,,,
41.500,,0,0,0,0,,,,,,
41.520,,0,0,0,0,,,,,,
41.540,,0,0,0,0,,,,,,
41.560,,0,0,0,0,,,,,,
41.580,,0,0,0,0,,,,,,
41.600,,0,0,0,0,,,,,,
41.620,,0,0,0,0,,,,,,
41.640,,0,0,0,0,,,,,,
41.660,,0,0,0,0,,,,,,
41.680,,0,0,0,0,,,,,,
41.700,,0,0,0,0,,,,,,
41.720,,0,0,0,0,,,,,,
41.740,,0,0,0,0,,,,,,
41.760,,0,0,0,0,,,,,,
41.780,,0,0,0,0,,,,,,
41.800,,0,0,0,0,,,,,,
41.820,,0,0,0,0,,,,,,
41.840,,0,0,0,0,,,,,,
41.860,,0,0,0,0,,,,,,
41.880,,0,0,0,0,,,,,,
41.900,,0,0,0,0,,,,,,
41.920,,0,0,0,0,,,,,,
41.940,,0,0,0,0,,,,,,
41.960,,0,0,0,0,,,,,,
41.980,,0,0,0,0,,,,,,
42.000,,0,0,0,0,,,,,,
42.020,,0,0,0,0,,,,,,
42.040,,0,0,0,0,,,,,,
42.060,,0,0,0,0,,,,,,
42.080,,0,0,0,0,,,,,,
42.100,,0,0,0,0,,,,,,
42.120,,0,0,0,0,,,,,,
42.140,,0,0,0,0,,,,,,
42.160,,0,0,0,0,,,,,,
42.180,,0,0,0,0,,,,,,
42.200,,0,0,0,0,,,,,,
42.220,,0,0,0,0,,,,,,
42.240,,0,0,0,0,,,,,,
42.260,,0,0,0,0,,,,,,
42.280,,0,0,0,0,,,,,,
42.300,,0,0,0,0,,,,,,
42.320,,0,0,0,0,,,,,,
42.340,,0,0,0,0,,,,,,
42.360,,0,0,0,0,,,,,,
42.380,,0,0,0,0,,,,,,
42.400,,0,0,0,0,,,,,,
42.420,,0,0,0,0,,,,,,
42.440,,0,0,0,0,,,,,,
42.460,,0,0,0,0,,,,,,
42.480,,0,0,0,0,,,,,,
42.500,,0,0,0,0,,,,,,
42.520,,0,0,0,0,,,,,,
42.540,,0,0,0,0,,,,,,
42.560,,0,0,0,0,,,,,,
42.580,,0,0,0,0,,,,,,
42.600,,0,0,0,0,,,,,,
42.620,,0,0,0,0,,,,,,
42.640,,0,0,0,0,,,,,,
42.660,,0,0,0,0,,,,,,
42.680,,0,0,0,0,,,,,,
42.700,,0,0,0,0,,,,,,
42.720,,0,0,0,0,,,,,,
42.740,,0,0,0,0,,,,,,
42.760,,0,0,0,0,,,,,,
42.780,,0,0,0,0,,,,,,
42.800,,0,0,0,0,,,,,,
42.820,,0,0,0,0,,,,,,
42.840,,0,0,0,0,,,,,,
42.860,,0,0,0,0,,,,,,
42.880,,0,0,0,0,,,,,,
42.900,,0,0,0,0,,,,,,
42.920,,0,0,0,0,,,,,,
42.940,,0,0,0,0,,,,,,
42.960,,0,0,0,0,,,,,,
42.980,,0,0,0,0,,,,,,
43.000,,0,0,0,0,,,,,,
43.020,,0,0,0,0,,,,,,
43.040,,0,0,0,0,,,,,,
43.060,,0,0,0,0,,,,,,
43.080,,0,0,0,0,,,,,,
43.100,,0,0,0,0,,,,,,
43.120,,0,0,0,0,,,,,,
43.140,,0,0,0,0,,,,,,
43.160,,0,0,0,0,,,,,,
43.180,,0,0,0,0,,,,,,
43.200,,0,0,0,0,,,,,,
43.220,,0,0,0,0,,,,,,
43.241,,0,0,0,0,,,,,,
43.260,,0,0,0,0,,,,,,
43.280,,0,0,0,0,,,,,,
43.300,,0,0,0,0,,,,,,
43.320,,0,0,0,0,,,,,,
43.340,,0,0,0,0,,,,,,
43.360,,0,0,0,0,,,,,,
43.380,,0,0,0,0,,,,,,
43.400,,0,0,0,0,,,,,,
43.420,,0,0,0,0,,,,,,
43.440,,0,0,0,0,,,,,,
43.460,,0,0,0,0,,,,,,
43.480,,0,0,0,0,,,,,,
43.500,,0,0,0,0,,,,,,
43.520,,0,0,0,0,,,,,,
43.540,,0,0,0,0,,,,,,
43.560,,0,0,0,0,,,,,,
43.580,,0,0,0,0,,,,,,
43.600,,0,0,0,0,,,,,,
43.620,,0,0,0,0,,,,,,
43.640,,0,0,0,0,,,,,,
43.660,,0,0,0,0,,,,,,
43.680,,0,0,0,0,,,,,,
43.700,,0,0,0,0,,,,,,
43.720,,0,0,0,0,,,,,,
43.740,,0,0,0,0,,,,,,
43.760,,0,0,0,0,,,,,,
43.780,,0,0,0,0,,,,,,
43.800,,0,0,0,0,,,,,,
43.820,,0,0,0,0,,,,,,
43.840,,0,0,0,0,,,,,,
43.860,,0,0,0,0,,,,,,
43.880,,0,0,0,0,,,,,,
43.900,,0,0,0,0,,,,,,
43.920,,0,0,0,0,,,,,,
43.940,,0,0,0,0,,,,,,
43.960,,0,0,0,0,,,,,,
43.980,,0,0,0,0,,,,,,
44.000,,0,0,0,0,,,,,,
44.020,,0,0,0,0,,,,,,
44.040,,0,0,0,0,,,,,,
44.060,,0,0,0,0,,,,,,
44.080,,0,0,0,0,,,,,,
44.100,,0,0,0,0,,,,,,
44.120,,0,0,0,0,,,,,,
44.140,,0,0,0,0,,,,,,
44.160,,0,0,0,0,,,,,,
44.180,,0,0,0,0,,,,,,
44.200,,0,0,0,0,,,,,,
44.220,,0,0,0,0,,,,,,
44.240,,0,0,0,0,,,,,,
44.260,,0,0,0,0,,,,,,
44.280,,0,0,0,0,,,,,,
44.300,,0,0,0,0,,,,,,
44.320,,0,0,0,0,,,,,,
44.340,,0,0,0,0,,,,,,
44.360,,0,0,0,0,,,,,,
44.380,,0,0,0,0,,,,,,
44.400,,0,0,0,0,,,,,,
44.420,,0,0,0,0,,,,,,
44.440,,0,0,0,0,,,,,,
44.460,,0,0,0,0,,,,,,
44.480,,0,0,0,0,,,,,,
44.500,,0,0,0,0,,,,,,
44.520,,0,0,0,0,,,,,,
44.540,,0,0,0,0,,,,,,
44.560,,0,0,0,0,,,,,,
44.580,,0,0,0,0,,,,,,
44.600,,0,0,0,0,,,,,,
44.620,,0,0,0,0,,,,,,
44.640,,0,0,0,0,,,,,,
44.660,,0,0,0,0,,,,,,
44.680,,0,0,0,0,,,,,,
44.700,,0,0,0,0,,,,,,
44.720,,0,0,0,0,,,,,,
44.740,,0,0,0,0,,,,,,
44.760,,0,0,0,0,,,,,,
44.780,,0,0,0,0,,,,,,
44.800,,0,0,0,0,,,,,,
44.820,,0,0,0,0,,,,,,
44.840,,0,0,0,0,,,,,,
44.860,,0,0,0,0,,,,,,
44.880,,0,0,0,0,,,,,,
44.900,,0,0,0,0,,,,,,
44.920,,0,0,0,0,,,,,,
44.940,,0,0,0,0,,,,,,
44.960,,0,0,0,0,,,,,,
44.980,,0,0,0,0,,,,,,
45.000,,0,0,0,0,,,,,,
45.020,,0,0,0,0,,,,,,
45.040,,0,0,0,0,,,,,,
45.060,,0,0,0,0,,,,,,
45.080,,0,0,0,0,,,,,,
45.100,,0,0,0,0,,,,,,
45.120,,0,0,0,0,,,,,,
45.140,,0,0,0,0,,,,,,
45.160,,0,0,0,0,,,,,,
45.180,,0,0,0,0,,,,,,
45.200,,0,0,0,0,,,,,,
45.220,,0,0,0,0,,,,,,
45.240,,0,0,0,0,,,,,,
45.260,,0,0,0,0,,,,,,
45.280,,0,0,0,0,,,,,,
45.300,,0,0,0,0,,,,,,
45.320,,0,0,0,0,,,,,,
45.340,,0,0,0,0,,,,,,
45.360,,0,0,0,0,,,,,,
45.380,,0,0,0,0,,,,,,
45.400,,0,0,0,0,,,,,,
45.420,,0,0,0,0,,,,,,
45.440,,0,0,0,0,,,,,,
45.460,,0,0,0,0,,,,,,
45.480,,0,0,0,0,,,,,,
45.500,,0,0,0,0,,,,,,
45.520,,0,0,0,0,,,,,,
45.540,,0,0,0,0,,,,,,
45.560,,0,0,0,0,,,,,,
45.580,,0,0,0,0,,,,,,
45.600,,0,0,0,0,,,,,,
45.620,,0,0,0,0,,,,,,
45.640,,0,0,0,0,,,,,,
45.660,,0,0,0,0,,,,,,
45.680,,0,0,0,0,,,,,,
45.700,,0,0,0,0,,,,,,
45.720,,0,0,0,0,,,,,,
45.740,,0,0,0,0,,,,,,
45.760,,0,0,0,0,,,,,,
45.780,,0,0,0,0,,,,,,
45.800,,0,0,0,0,,,,,,
45.820,,0,0,0,0,,,,,,
45.840,,0,0,0,0,,,,,,
45.860,,0,0,0,0,,,,,,
45.880,,0,0,0,0,,,,,,
45.900,,0,0,0,0,,,,,,
45.920,,0,0,0,0,,,,,,
45.940,,0,0,0,0,,,,,,
45.960,,0,0,0,0,,,,,,
45.980,,0,0,0,0,,,,,,
46.000,,0,0,0,0,,,,,,
46.020,,0,0,0,0,,,,,,
46.040,,0,0,0,0,,,,,,
46.060,,0,0,0,0,,,,,,
46.080,,0,0,0,0,,,,,,
46.100,,0,0,0,0,,,,,,
46.120,,0,0,0,0,,,,,,
46.140,,0,0,0,0,,,,,,
46.160,,0,0,0,0,,,,,,
46.180,,0,0,0,0,,,,,,
46.200,,0,0,0,0,,,,,,
46.220,,0,0,0,0,,,,,,
46.240,,0,0,0,0,,,,,,
46.260,,0,0,0,0,,,,,,
46.280,,0,0,0,0,,,,,,
46.300,,0,0,0,0,,,,,,
46.320,,0,0,0,0,,,,,,
46.340,,0,0,0,0,,,,,,
46.360,,0,0,0,0,,,,,,
46.380,,0,0,0,0,,,,,,
46.400,,0,0,0,0,,,,,,
46.420,,0,0,0,0,,,,,,
46.440,,0,0,0,0,,,,,,
46.460,,0,0,0,0,,,,,,
46.480,,0,0,0,0,,,,,,
46.500,,0,0,0,0,,,,,,
46.520,,0,0,0,0,,,,,,
46.540,,0,0,0,0,,,,,,
46.560,,0,0,0,0,,,,,,
46.580,,0,0,0,0,,,,,,
46.600,,0,0,0,0,,,,,,
46.620,,0,0,0,0,,,,,,
46.640,,0,0,0,0,,,,,,
46.660,,0,0,0,0,,,,,,
46.680,,0,0,0,0,,,,,,
46.700,,0,0,0,0,,,,,,
46.720,,0,0,0,0,,,,,,
46.740,,0,0,0,0,,,,,,
46.760,,0,0,0,0,,,,,,
46.780,,0,0,0,0,,,,,,
46.800,,0,0,0,0,,,,,,
46.820,,0,0,0,0,,,,,,
46.840,,0,0,0,0,,,,,,
46.860,,0,0,0,0,,,,,,
46.880,,0,0,0,0,,,,,,
46.900,,0,0,0,0,,,,,,
46.920,,0,0,0,0,,,,,,
46.940,,0,0,0,0,,,,,,
46.960,,0,0,0,0,,,,,,
46.980,,0,0,0,0,,,,,,
47.000,,0,0,0,0,,,,,,
47.020,,0,0,0,0,,,,,,
47.040,,0,0,0,0,,,,,,
47.060,,0,0,0,0,,,,,,
47.080,,0,0,0,0,,,,,,
47.100,,0,0,0,0,,,,,,
47.120,,0,0,0,0,,,,,,
47.140,,0,0,0,0,,,,,,
47.160,,0,0,0,0,,,,,,
47.180,,0,0,0,0,,,,,,
47.200,,0,0,0,0,,,,,,
47.220,,0,0,0,0,,,,,,
47.240,,0,0,0,0,,,,,,
47.260,,0,0,0,0,,,,,,
47.280,,0,0,0,0,,,,,,
47.300,,0,0,0,0,,,,,,
47.320,,0,0,0,0,,,,,,
47.340,,0,0,0,0,,,,,,
47.360,,0,0,0,0,,,,,,
47.380,,0,0,0,0,,,,,,
47.400,,0,0,0,0,,,,,,
47.420,,0,0,0,0,,,,,,
47.440,,0,0,0,0,,,,,,
47.460,,0,0,0,0,,,,,,
47.480,,0,0,0,0,,,,,,
47.500,,0,0,0,0,,,,,,
47.520,,0,0,0,0,,,,,,
47.540,,0,0,0,0,,,,,,
47.560,,0,0,0,0,,,,,,
47.580,,0,0,0,0,,,,,,
47.600,,0,0,0,0,,,,,,
47.620,,0,0,0,0,,,,,,
47.640,,0,0,0,0,,,,,,
47.660,,0,0,0,0,,,,,,
47.680,,0,0,0,0,,,,,,
47.700,,0,0,0,0,,,,,,
47.720,,0,0,0,0,,,,,,
47.740,,0,0,0,0,,,,,,
47.760,,0,0,0,0,,,,,,
47.780,,0,0,0,0,,,,,,
47.800,,0,0,0,0,,,,,,
47.820,,0,0,0,0,,,,,,
47.840,,0,0,0,0,,,,,,
47.860,,0,0,0,0,,,,,,
47.880,,0,0,0,0,,,,,,
47.900,,0,0,0,0,,,,,,
47.920,,0,0,0,0,,,,,,
47.940,,0,0,0,0,,,,,,
47.960,,0,0,0,0,,,,,,
47.980,,0,0,0,0,,,,,,
48.000,,0,0,0,0,,,,,,
48.020,,0,0,0,0,,,,,,
48.040,,0,0,0,0,,,,,,
48.060,,0,0,0,0,,,,,,
48.080,,0,0,0,0,,,,,,
48.100,,0,0,0,0,,,,,,
48.120,,0,0,0,0,,,,,,
48.140,,0,0,0,0,,,,,,
48.160,,0,0,0,0,,,,,,
48.180,,0,0,0,0,,,,,,
48.200,,0,0,0,0,,,,,,
48.220,,0,0,0,0,,,,,,
48.240,,0,0,0,0,,,,,,
48.260,,0,0,0,0,,,,,,
48.280,,0,0,0,0,,,,,,
48.300,,0,0,0,0,,,,,,
48.320,,0,0,0,0,,,,,,
48.340,,0,0,0,0,,,,,,
48.360,,0,0,0,0,,,,,,
48.380,,0,0,0,0,,,,,,
48.400,,0,0,0,0,,,,,,
48.420,,0,0,0,0,,,,,,
48.440,,0,0,0,0,,,,,,
48.460,,0,0,0,0,,,,,,
48.480,,0,0,0,0,,,,,,
48.500,,0,0,0,0,,,,,,
48.520,,0,0,0,0,,,,,,
48.540,,0,0,0,0,,,,,,
48.560,,0,0,0,0,,,,,,
48.580,,0,0,0,0,,,,,,
48.600,,0,0,0,0,,,,,,
48.620,,0,0,0,0,,,,,,
48.640,,0,0,0,0,,,,,,
48.660,,0,0,0,0,,,,,,
48.680,,0,0,0,0,,,,,,
48.700,,0,0,0,0,,,,,,
48.720,,0,0,0,0,,,,,,
48.740,,0,0,0,0,,,,,,
48.760,,0,0,0,0,,,,,,
48.780,,0,0,0,0,,,,,,
48.800,,0,0,0,0,,,,,,
48.820,,0,0,0,0,,,,,,
48.840,,0,0,0,0,,,,,,
48.860,,0,0,0,0,,,,,,
48.880,,0,0,0,0,,,,,,
48.900,,0,0,0,0,,,,,,
48.920,,0,0,0,0,,,,,,
48.940,,0,0,0,0,,,,,,
48.960,,0,0,0,0,,,,,,
48.980,,0,0,0,0,,,,,,
49.000,,0,0,0,0,,,,,,
49.020,,0,0,0,0,,,,,,
49.040,,0,0,0,0,,,,,,
49.060,,0,0,0,0,,,,,,
49.080,,0,0,0,0,,,,,,
49.100,,0,0,0,0,,,,,,
49.120,,0,0,0,0,,,,,,
49.140,,0,0,0,0,,,,,,
49.160,,0,0,0,0,,,,,,
49.180,,0,0,0,0,,,,,,
49.200,,0,0,0,0,,,,,,
49.220,,0,0,0,0,,,,,,
49.240,,0,0,0,0,,,,,,
49.260,,0,0,0,0,,,,,,
49.280,,0,0,0,0,,,,,,
49.300,,0,0,0,0,,,,,,
49.320,,0,0,0,0,,,,,,
49.340,,0,0,0,0,,,,,,
49.360,,0,0,0,0,,,,,,
49.380,,0,0,0,0,,,,,,
49.400,,0,0,0,0,,,,,,
49.420,,0,0,0,0,,,,,,
49.440,,0,0,0,0,,,,,,
49.460,,0,0,0,0,,,,,,
49.480,,0,0,0,0,,,,,,
49.500,,0,0,0,0,,,,,,
49.520,,0,0,0,0,,,,,,
49.540,,0,0,0,0,,,,,,
49.560,,0,0,0,0,,,,,,
49.580,,0,0,0,0,,,,,,
49.600,,0,0,0,0,,,,,,
49.620,,0,0,0,0,,,,,,
49.640,,0,0,0,0,,,,,,
49.660,,0,0,0,0,,,,,,
49.680,,0,0,0,0,,,,,,
49.700,,0,0,0,0,,,,,,
49.720,,0,0,0,0,,,,,,
49.740,,0,0,0,0,,,,,,
49.760,,0,0,0,0,,,,,,
49.780,,0,0,0,0,,,,,,
49.800,,0,0,0,0,,,,,,
49.820,,0,0,0,0,,,,,,
49.840,,0,0,0,0,,,,,,
49.860,,0,0,0,0,,,,,,
49.880,,0,0,0,0,,,,,,
49.900,,0,0,0,0,,,,,,
49.920,,0,0,0,0,,,,,,
49.940,,0,0,0,0,,,,,,
49.960,,0,0,0,0,,,,,,
49.980,,0,0,0,0,,,,,,
50.000,,0,0,0,0,,,,,,
50.020,,0,0,0,0,,,,,,
50.040,,0,0,0,0,,,,,,
50.060,,0,0,0,0,,,,,,
50.080,,0,0,0,0,,,,,,
50.100,,0,0,0,0,,,,,,
50.120,,0,0,0,0,,,,,,
50.140,,0,0,0,0,,,,,,
50.160,,0,0,0,0,,,,,,
50.180,,0,0,0,0,,,,,,
50.200,,0,0,0,0,,,,,,
50.220,,0,0,0,0,,,,,,
50.240,,0,0,0,0,,,,,,
50.260,,0,0,0,0,,,,,,
50.280,,0,0,0,0,,,,,,
50.300,,0,0,0,0,,,,,,
50.320,,0,0,0,0,,,,,,
50.340,,0,0,0,0,,,,,,
50.360,,0,0,0,0,,,,,,
50.380,,0,0,0,0,,,,,,
50.400,,0,0,0,0,,,,,,
50.420,,0,0,0,0,,,,,,
50.440,,0,0,0,0,,,,,,
50.460,,0,0,0,0,,,,,,
50.480,,0,0,0,0,,,,,,
50.500,,0,0,0,0,,,,,,
50.520,,0,0,0,0,,,,,,
50.540,,0,0,0,0,,,,,,
50.560,,0,0,0,0,,,,,,
50.580,,0,0,0,0,,,,,,
50.600,,0,0,0,0,,,,,,
50.620,,0,0,0,0,,,,,,
50.640,,0,0,0,0,,,,,,
50.660,,0,0,0,0,,,,,,
50.680,,0,0,0,0,,,,,,
50.700,,0,0,0,0,,,,,,
50.720,,0,0,0,0,,,,,,
50.740,,0,0,0,0,,,,,,
50.760,,0,0,0,0,,,,,,
50.780,,0,0,0,0,,,,,,
50.800,,0,0,0,0,,,,,,
50.820,,0,0,0,0,,,,,,
50.840,,0,0,0,0,,,,,,
50.860,,0,0,0,0,,,,,,
50.880,,0,0,0,0,,,,,,
50.900,,0,0,0,0,,,,,,
50.920,,0,0,0,0,,,,,,
50.940,,0,0,0,0,,,,,,
50.960,,0,0,0,0,,,,,,
50.980,,0,0,0,0,,,,,,
51.000,,0,0,0,0,,,,,,
51.020,,0,0,0,0,,,,,,
51.040,,0,0,0,0,,,,,,
51.060,,0,0,0,0,,,,,,
51.080,,0,0,0,0,,,,,,
51.100,,0,0,0,0,,,,,,
51.120,,0,0,0,0,,,,,,
51.140,,0,0,0,0,,,,,,
51.160,,0,0,0,0,,,,,,
51.180,,0,0,0,0,,,,,,
51.200,,0,0,0,0,,,,,,
51.220,,0,0,0,0,,,,,,
51.240,,0,0,0,0,,,,,,
51.260,,0,0,0,0,,,,,,
51.280,,0,0,0,0,,,,,,
51.300,,0,0,0,0,,,,,,
51.320,,0,0,0,0,,,,,,
51.340,,0,0,0,0,,,,,,
51.360,,0,0,0,0,,,,,,
51.380,,0,0,0,0,,,,,,
51.400,,0,0,0,0,,,,,,
51.420,,0,0,0,0,,,,,,
51.440,,0,0,0,0,,,,,,
51.460,,0,0,0,0,,,,,,
51.480,,0,0,0,0,,,,,,
51.500,,0,0,0,0,,,,,,
51.520,,0,0,0,0,,,,,,
51.540,,0,0,0,0,,,,,,
51.560,,0,0,0,0,,,,,,
51.580,,0,0,0,0,,,,,,
51.600,,0,0,0,0,,,,,,
51.620,,0,0,0,0,,,,,,
51.640,,0,0,0,0,,,,,,
51.660,,0,0,0,0,,,,,,
51.680,,0,0,0,0,,,,,,
51.700,,0,0,0,0,,,,,,
51.720,,0,0,0,0,,,,,,
51.740,,0,0,0,0,,,,,,
51.760,,0,0,0,0,,,,,,
51.780,,0,0,0,0,,,,,,
51.800,,0,0,0,0,,,,,,
51.820,,0,0,0,0,,,,,,
51.840,,0,0,0,0,,,,,,
51.860,,0,0,0,0,,,,,,
51.880,,0,0,0,0,,,,,,
51.900,,0,0,0,0,,,,,,
51.920,,0,0,0,0,,,,,,
51.940,,0,0,0,0,,,,,,
51.960,,0,0,0,0,,,,,,
51.980,,0,0,0,0,,,,,,
52.000,,0,0,0,0,,,,,,
52.020,,0,0,0,0,,,,,,
52.040,,0,0,0,0,,,,,,
52.060,,0,0,0,0,,,,,,
52.080,,0,0,0,0,,,,,,
52.100,,0,0,0,0,,,,,,
52.120,,0,0,0,0,,,,,,
52.140,,0,0,0,0,,,,,,
52.160,,0,0,0,0,,,,,,
52.180,,0,0,0,0,,,,,,
52.200,,0,0,0,0,,,,,,
52.220,,0,0,0,0,,,,,,
52.240,,0,0,0,0,,,,,,
52.260,,0,0,0,0,,,,,,
52.280,,0,0,0,0,,,,,,
52.300,,0,0,0,0,,,,,,
52.320,,0,0,0,0,,,,,,
52.340,,0,0,0,0,,,,,,
52.360,,0,0,0,0,,,,,,
52.380,,0,0,0,0,,,,,,
52.400,,0,0,0,0,,,,,,
52.420,,0,0,0,0,,,,,,
52.440,,0,0,0,0,,,,,,
52.460,,0,0,0,0,,,,,,
52.480,,0,0,0,0,,,,,,
52.500,,0,0,0,0,,,,,,
52.520,,0,0,0,0,,,,,,
52.540,,0,0,0,0,,,,,,
52.560,,0,0,0,0,,,,,,
52.580,,0,0,0,0,,,,,,
52.600,,0,0,0,0,,,,,,
52.620,,0,0,0,0,,,,,,
52.640,,0,0,0,0,,,,,,
52.660,,0,0,0,0,,,,,,
52.680,,0,0,0,0,,,,,,
52.700,,0,0,0,0,,,,,,
52.720,,0,0,0,0,,,,,,
52.740,,0,0,0,0,,,,,,
52.760,,0,0,0,0,,,,,,
52.780,,0,0,0,0,,,,,,
52.800,,0,0,0,0,,,,,,
52.820,,0,0,0,0,,,,,,
52.840,,0,0,0,0,,,,,,
52.860,,0,0,0,0,,,,,,
52.880,,0,0,0,0,,,,,,
52.900,,0,0,0,0,,,,,,
52.920,,0,0,0,0,,,,,,
52.940,,0,0,0,0,,,,,,
52.960,,0,0,0,0,,,,,,
52.980,,0,0,0,0,,,,,,
53.000,,0,0,0,0,,,,,,
53.020,,0,0,0,0,,,,,,
53.040,,0,0,0,0,,,,,,
53.060,,0,0,0,0,,,,,,
53.080,,0,0,0,0,,,,,,
53.100,,0,0,0,0,,,,,,
53.120,,0,0,0,0,,,,,,
53.140,,0,0,0,0,,,,,,
53.160,,0,0,0,0,,,,,,
53.180,,0,0,0,0,,,,,,
53.200,,0,0,0,0,,,,,,
53.220,,0,0,0,0,,,,,,
53.240,,0,0,0,0,,,,,,
53.260,,0,0,0,0,,,,,,
53.280,,0,0,0,0,,,,,,
53.300,,0,0,0,0,,,,,,
53.320,,0,0,0,0,,,,,,
53.340,,0,0,0,0,,,,,,
53.360,,0,0,0,0,,,,,,
53.380,,0,0,0,0,,,,,,
53.400,,0,0,0,0,,,,,,
53.420,,0,0,0,0,,,,,,
53.440,,0,0,0,0,,,,,,
53.460,,0,0,0,0,,,,,,
53.480,,0,0,0,0,,,,,,
53.500,,0,0,0,0,,,,,,
53.520,,0,0,0,0,,,,,,
53.540,,0,0,0,0,,,,,,
53.560,,0,0,0,0,,,,,,
53.580,,0,0,0,0,,,,,,
53.600,,0,0,0,0,,,,,,
53.620,,0,0,0,0,,,,,,
53.640,,0,0,0,0,,,,,,
53.660,,0,0,0,0,,,,,,
53.680,,0,0,0,0,,,,,,
53.700,,0,0,0,0,,,,,,
53.720,,0,0,0,0,,,,,,
53.740,,0,0,0,0,,,,,,
53.760,,0,0,0,0,,,,,,
53.780,,0,0,0,0,,,,,,
53.800,,0,0,0,0,,,,,,
53.820,,0,0,0,0,,,,,,
53.840,,0,0,0,0,,,,,,
53.860,,0,0,0,0,,,,,,
53.880,,0,0,0,0,,,,,,
53.900,,0,0,0,0,,,,,,
53.920,,0,0,0,0,,,,,,
53.940,,0,0,0,0,,,,,,
53.960,,0,0,0,0,,,,,,
53.980,,0,0,0,0,,,,,,
54.000,,0,0,0,0,,,,,,
54.020,,0,0,0,0,,,,,,
54.040,,0,0,0,0,,,,,,
54.060,,0,0,0,0,,,,,,
54.080,,0,0,0,0,,,,,,
54.100,,0,0,0,0,,,,,,
54.120,,0,0,0,0,,,,,,
54.140,,0,0,0,0,,,,,,
54.160,,0,0,0,0,,,,,,
54.180,,0,0,0,0,,,,,,
54.200,,0,0,0,0,,,,,,
54.220,,0,0,0,0,,,,,,
54.240,,0,0,0,0,,,,,,
54.260,,0,0,0,0,,,,,,
54.280,,0,0,0,0,,,,,,
54.300,,0,0,0,0,,,,,,
54.320,,0,0,0,0,,,,,,
54.340,,0,0,0,0,,,,,,
54.360,,0,0,0,0,,,,,,
54.380,,0,-150,0,-15,,,,,,
54.400,,0,-150,0,-30,,,,,,
54.420,,0,-150,0,-45,,,,,,
54.440,,0,-150,0,-60,,,,,,
54.460,,0,-150,0,-75,,,,,,
54.480,,0,-150,0,-90,,,,,,
54.500,,0,-150,0,-105,,,,,,
54.520,,0,-150,0,-120,,,,,,
54.540,,0,-150,0,-135,,,,,,
54.560,,0,-150,0,-150,,,,,,
54.580,,0,-150,0,-150,,,,,,
54.600,,0,-150,0,-150,,,,,,
54.620,,0,-150,0,-150,,,,,,
54.640,,0,-150,0,-150,,,,,,
54.660,,0,-150,0,-150,,,,,,
54.680,,0,-150,0,-150,,,,,,
54.700,,0,-150,0,-150,,,,,,
54.720,,0,-150,0,-150,,,,,,
54.740,,0,-150,0,-150,,,,,,
54.760,,0,-150,0,-150,,,,,,
54.780,,0,-150,0,-150,,,,,,
54.800,,0,-150,0,-150,,,,,,
54.820,,0,-150,0,-150,,,,,,
54.840,,0,-150,0,-150,,,,,,
54.860,,0,-150,0,-150,,,,,,
54.880,,0,-150,0,-150,,,,,,
54.900,,0,-150,0,-150,,,,,,
54.920,,0,-150,0,-150,,,,,,
54.940,,0,-150,0,-150,,,,,,
54.960,,0,-150,0,-150,,,,,,
54.980,,0,-150,0,-150,,,,,,
55.000,,0,-150,0,-150,,,,,,
55.020,,0,-150,0,-150,,,,,,
55.040,,0,-150,0,-150,,,,,,
55.060,,0,-150,0,-150,,,,,,
55.080,,0,-150,0,-150,,,,,,
55.100,,0,-150,0,-150,,,,,,
55.120,,0,-150,0,-150,,,,,,
55.140,,0,-150,0,-150,,,,,,
55.160,,0,-150,0,-150,,,,,,
55.180,,0,-150,0,-150,,,,,,
55.200,,0,-150,0,-150,,,,,,
55.220,,0,-150,0,-150,,,,,,
55.240,,0,-150,0,-150,,,,,,
55.260,,0,-150,0,-150,,,,,,
55.280,,0,-150,0,-150,,,,,,
55.300,,0,-150,0,-150,,,,,,
55.320,,0,-150,0,-150,,,,,,
55.340,,0,-150,0,-150,,,,,,
55.360,,0,-150,0,-150,,,,,,
55.380,,0,-150,0,-150,,,,,,
55.400,,0,-150,0,-150,,,,,,
55.420,,0,-150,0,-150,,,,,,
55.440,,0,-150,0,-150,,,,,,
55.460,,0,-150,0,-150,,,,,,
55.480,,0,-150,0,-150,,,,,,
55.500,,0,-150,0,-150,,,,,,
55.520,,0,-150,0,-150,,,,,,
55.540,,0,-150,0,-150,,,,,,
55.560,,0,-150,0,-150,,,,,,
55.580,,0,-150,0,-150,,,,,,
55.600,,0,-150,0,-150,,,,,,
55.620,,0,-150,0,-150,,,,,,
55.640,,0,-150,0,-150,,,,,,
55.660,,0,-150,0,-150,,,,,,
55.680,,0,-150,0,-150,,,,,,
55.700,,0,-150,0,-150,,,,,,
55.720,,0,-150,0,-150,,,,,,
55.740,,0,0,0,-135,,,,,,
55.760,,0,0,0,-120,,,,,,
55.780,,0,0,0,-105,,,,,,
55.800,,0,0,0,-90,,,,,,
55.820,,0,0,0,-75,,,,,,
55.840,,0,0,0,-60,,,,,,
55.860,,0,0,0,-45,,,,,,
55.880,,0,0,0,-30,,,,,,
55.900,,0,0,0,-15,,,,,,
55.920,,0,0,0,0,,,,,,
55.940,,0,0,0,0,,,,,,
55.960,,0,0,0,0,,,,,,
55.980,,0,0,0,0,,,,,,
56.000,,0,0,0,0,,,,,,
56.020,,0,0,0,0,,,,,,
56.040,,0,0,0,0,,,,,,
56.060,,0,0,0,0,,,,,,
56.080,,0,0,0,0,,,,,,
56.100,,0,0,0,0,,,,,,
56.120,,0,0,0,0,,,,,,
56.140,,0,0,0,0,,,,,,
56.160,,0,0,0,0,,,,,,
56.180,,0,0,0,0,,,,,,
56.200,,0,0,0,0,,,,,,
56.220,,0,0,0,0,,,,,,
56.240,,0,0,0,0,,,,,,
56.260,,0,0,0,0,,,,,,
56.280,,0,0,0,0,,,,,,
56.300,,0,0,0,0,,,,,,
56.320,,0,0,0,0,,,,,,
56.340,,0,0,0,0,,,,,,
56.360,,0,0,0,0,,,,,,
56.380,,0,0,0,0,,,,,,
56.400,,0,0,0,0,,,,,,
56.420,,0,0,0,0,,,,,,
56.440,,0,0,0,0,,,,,,
56.460,,0,0,0,0,,,,,,
56.480,,0,0,0,0,,,,,,
56.500,,0,0,0,0,,,,,,
56.520,,0,0,0,0,,,,,,
56.540,,0,0,0,0,,,,,,
56.560,,0,0,0,0,,,,,,
56.580,,0,0,0,0,,,,,,
56.600,,0,0,0,0,,,,,,
56.620,,0,0,0,0,,,,,,
56.640,,0,150,0,15,,,,,,
56.660,,0,150,0,30,,,,,,
56.680,,0,150,0,45,,,,,,
56.700,,0,150,0,60,,,,,,
56.720,,0,150,0,75,,,,,,
56.740,,0,150,0,90,,,,,,
56.760,,0,150,0,105,,,,,,
56.780,,0,150,0,120,,,,,,
56.800,,0,150,0,135,,,,,,
56.820,,0,150,0,150,,,,,,
56.840,,0,150,0,150,,,,,,
56.860,,0,150,0,150,,,,,,
56.880,,0,150,0,150,,,,,,
56.900,,0,150,0,150,,,,,,
56.920,,0,150,0,150,,,,,,
56.940,,0,150,0,150,,,,,,
56.960,,0,150,0,150,,,,,,
56.980,,0,150,0,150,,,,,,
57.000,,0,150,0,150,,,,,,
57.020,,0,150,0,150,,,,,,
57.040,,0,150,0,150,,,,,,
57.060,,0,150,0,150,,,,,,
57.080,,0,150,0,150,,,,,,
57.100,,0,150,0,150,,,,,,
57.120,,0,150,0,150,,,,,,
57.140,,0,150,0,150,,,,,,
57.160,,0,150,0,150,,,,,,
57.180,,0,150,0,150,,,,,,
57.200,,0,150,0,150,,,,,,
57.220,,0,150,0,150,,,,,,
57.240,,0,150,0,150,,,,,,
57.260,,0,150,0,150,,,,,,
57.280,,0,150,0,150,,,,,,
57.300,,0,150,0,150,,,,,,
57.320,,0,150,0,150,,,,,,
57.340,,0,150,0,150,,,,,,
57.360,,0,150,0,150,,,,,,
57.380,,0,150,0,150,,,,,,
57.400,,0,150,0,150,,,,,,
57.420,,0,150,0,150,,,,,,
57.440,,0,150,0,150,,,,,,
57.460,,0,150,0,150,,,,,,
57.480,,0,150,0,150,,,,,,
57.500,,0,150,0,150,,,,,,
57.520,,0,150,0,150,,,,,,
57.540,,0,150,0,150,,,,,,
57.560,,0,150,0,150,,,,,,
57.580,,0,150,0,150,,,,,,
57.600,,0,150,0,150,,,,,,
57.620,,0,150,0,150,,,,,,
57.640,,0,150,0,150,,,,,,
57.660,,0,150,0,150,,,,,,
57.680,,0,150,0,150,,,,,,
57.700,,0,150,0,150,,,,,,
57.720,,0,150,0,150,,,,,,
57.740,,0,150,0,150,,,,,,
57.760,,0,150,0,150,,,,,,
57.780,,0,150,0,150,,,,,,
57.800,,0,150,0,150,,,,,,
57.820,,0,150,0,150,,,,,,
57.840,,0,150,0,150,,,,,,
57.860,,0,150,0,150,,,,,,
57.880,,0,150,0,150,,,,,,
57.900,,0,150,0,150,,,,,,
57.920,,0,150,0,150,,,,,,
57.940,,0,150,0,150,,,,,,
57.960,,0,150,0,150,,,,,,
57.980,,0,150,0,150,,,,,,
58.000,,0,150,0,150,,,,,,
58.020,,0,150,0,150,,,,,,
58.040,,0,150,0,150,,,,,,
58.060,,0,150,0,150,,,,,,
58.080,,0,150,0,150,,,,,,
58.100,,0,150,0,150,,,,,,
58.120,,0,150,0,150,,,,,,
58.140,,0,150,0,150,,,,,,
58.160,,0,150,0,150,,,,,,
58.180,,0,150,0,150,,,,,,
58.200,,0,150,0,150,,,,,,
58.220,,0,150,0,150,,,,,,
58.240,,0,150,0,150,,,,,,
58.260,,0,150,0,150,,,,,,
58.280,,0,150,0,150,,,,,,
58.300,,0,150,0,150,,,,,,
58.320,,0,150,0,150,,,,,,
58.340,,0,150,0,150,,,,,,
58.360,,0,150,0,150,,,,,,
58.380,,0,150,0,150,,,,,,
58.400,,0,150,0,150,,,,,,
58.420,,0,150,0,150,,,,,,
58.440,,0,150,0,150,,,,,,
58.460,,0,150,0,150,,,,,,
58.480,,0,150,0,150,,,,,,
58.500,,0,150,0,150,,,,,,
58.520,,0,150,0,150,,,,,,
58.540,,0,150,0,150,,,,,,
58.560,,0,150,0,150,,,,,,
58.580,,0,150,0,150,,,,,,
58.600,,0,150,0,150,,,,,,
58.620,,0,150,0,150,,,,,,
58.640,,0,150,0,150,,,,,,
58.660,,0,150,0,150,,,,,,
58.680,,0,0,0,135,,,,,,
58.700,,0,0,0,120,,,,,,
58.720,,0,0,0,105,,,,,,
58.740,,0,0,0,90,,,,,,
58.760,,0,0,0,75,,,,,,
58.780,,0,0,0,60,,,,,,
58.800,,0,0,0,45,,,,,,
58.820,,0,0,0,30,,,,,,
58.840,,0,0,0,15,,,,,,
58.860,,0,0,0,0,,,,,,
58.880,,0,0,0,0,,,,,,
58.900,,0,0,0,0,,,,,,
58.920,,0,0,0,0,,,,,,
58.940,,0,0,0,0,,,,,,
58.960,,0,0,0,0,,,,,,
58.980,,0,0,0,0,,,,,,
59.000,,0,0,0,0,,,,,,
59.020,,0,0,0,0,,,,,,
59.040,,0,0,0,0,,,,,,
59.060,,0,0,0,0,,,,,,
59.080,,0,0,0,0,,,,,,
59.100,,0,0,0,0,,,,,,
59.120,,0,0,0,0,,,,,,
59.140,,0,0,0,0,,,,,,
59.160,,0,0,0,0,,,,,,
59.180,,0,0,0,0,,,,,,
59.200,,0,0,0,0,,,,,,
59.220,,0,-150,0,-15,,,,,,
59.240,,0,-150,0,-30,,,,,,
59.260,,0,-150,0,-45,,,,,,
59.280,,0,-150,0,-60,,,,,,
59.300,,0,-150,0,-75,,,,,,
59.320,,0,-150,0,-90,,,,,,
59.340,,0,-150,0,-105,,,,,,
59.360,,0,-150,0,-120,,,,,,
59.380,,0,-150,0,-135,,,,,,
59.400,,0,-150,0,-150,,,,,,
59.420,,0,-150,0,-150,,,,,,
59.440,,0,-150,0,-150,,,,,,
59.460,,0,-150,0,-150,,,,,,
59.480,,0,-150,0,-150,,,,,,
59.500,,0,-150,0,-150,,,,,,
59.520,,0,-150,0,-150,,,,,,
59.540,,0,-150,0,-150,,,,,,
59.560,,0,-150,0,-150,,,,,,
59.580,,0,-150,0,-150,,,,,,
59.600,,0,-150,0,-150,,,,,,
59.620,,0,-150,0,-150,,,,,,
59.640,,0,-150,0,-150,,,,,,
59.660,,0,-150,0,-150,,,,,,
59.680,,0,-150,0,-150,,,,,,
59.700,,0,-150,0,-150,,,,,,
59.720,,0,-150,0,-150,,,,,,
59.740,,0,-150,0,-150,,,,,,
59.760,,0,-150,0,-150,,,,,,
59.780,,0,-150,0,-150,,,,,,
59.800,,0,-150,0,-150,,,,,,
59.820,,0,-150,0,-150,,,,,,
59.840,,0,-150,0,-150,,,,,,
59.860,,0,-150,0,-150,,,,,,
59.880,,0,-150,0,-150,,,,,,
59.900,,0,-150,0,-150,,,,,,
59.920,,0,-150,0,-150,,,,,,
59.940,,0,-150,0,-150,,,,,,
59.960,,0,-150,0,-150,,,,,,
59.980,,0,-150,0,-150,,,,,,
60.000,,0,-150,0,-150,,,,,,
60.020,,0,-150,0,-150,,,,,,
60.040,,0,-150,0,-150,,,,,,
60.060,,0,-150,0,-150,,,,,,
60.080,,0,-150,0,-150,,,,,,
60.100,,0,-150,0,-150,,,,,,
60.120,,0,-150,0,-150,,,,,,
60.140,,0,-150,0,-150,,,,,,
60.160,,0,-150,0,-150,,,,,,
60.180,,0,-150,0,-150,,,,,,
60.200,,0,-150,0,-150,,,,,,
60.220,a,0,-150,0,-150,,,,,,
60.240,,0,-150,0,-150,,,,,,
60.260,,0,-150,0,-150,,,,,,
60.280,,0,-150,0,-150,,,,,,
60.300,,0,-150,0,-150,,,,,,
60.320,,0,-150,0,-150,,,,,,
60.340,,0,-150,0,-150,,,,,,
60.360,,0,-150,0,-150,,,,,,
60.380,,0,-150,0,-150,,,,,,
60.400,,0,-150,0,-150,,,,,,
60.420,,0,-150,0,-150,,,,,,
60.440,,0,-150,0,-150,,,,,,
60.460,,0,-150,0,-150,,,,,,
60.480,,0,-150,0,-150,,,,,,
60.500,,0,-150,0,-150,,,,,,
60.520,,0,-150,0,-150,,,,,,
60.540,,0,-150,0,-150,,,,,,
60.560,,0,-150,0,-150,,,,,,
60.580,,0,-150,0,-150,,,,,,
60.600,,0,-150,0,-150,,,,,,
60.620,,0,-150,0,-150,,,,,,
60.640,,0,-150,0,-150,,,,,,
60.660,,0,-150,0,-150,,,,,,
60.680,,0,-150,0,-150,,,,,,
60.700,,0,-150,0,-150,,,,,,
60.720,,0,-150,0,-150,,,,,,
60.740,,0,-150,0,-150,,,,,,
60.760,,0,-150,0,-150,,,,,,
60.780,,0,-150,0,-150,,,,,,
60.800,,0,-150,0,-150,,,,,,
60.820,,0,-150,0,-150,,,,,,
60.840,,0,-150,0,-150,,,,,,
60.860,,0,-150,0,-150,,,,,,
60.880,,0,-150,0,-150,,,,,,
60.900,,0,-150,0,-150,,,,,,
60.920,,0,-150,0,-150,,,,,,
60.940,,0,-150,0,-150,,,,,,
60.960,,0,-150,0,-150,,,,,,
60.980,,0,-150,0,-150,,,,,,
61.000,,0,-150,0,-150,,,,,,
61.020,,0,-150,0,-150,,,,,,
61.040,,0,-150,0,-150,,,,,,
61.060,,0,-150,0,-150,,,,,,
61.080,,0,-150,0,-150,,,,,,
61.100,,0,-150,0,-150,,,,,,
61.120,,0,-150,0,-150,,,,,,
61.140,,0,-150,0,-150,,,,,,
61.160,,0,-150,0,-150,,,,,,
61.180,,0,0,0,-135,,,,,,
61.200,,0,0,0,-120,,,,,,
61.220,,0,0,0,-105,,,,,,
61.240,,0,0,0,-90,,,,,,
61.260,,0,0,0,-75,,,,,,
61.280,,0,0,0,-60,,,,,,
61.300,,0,0,0,-45,,,,,,
61.320,,0,0,0,-30,,,,,,
61.340,,0,0,0,-15,,,,,,
61.360,,0,0,0,0,,,,,,
61.380,,0,0,0,0,,,,,,
61.400,,0,0,0,0,,,,,,
61.420,,0,0,0,0,,,,,,
61.440,,0,0,0,0,,,,,,
61.460,,0,0,0,0,,,,,,
61.480,,0,0,0,0,,,,,,
61.500,,0,0,0,0,,,,,,
61.520,,0,0,0,0,,,,,,
61.540,,0,0,0,0,,,,,,
61.560,,0,0,0,0,,,,,,
61.580,,0,0,0,0,,,,,,
61.600,,0,0,0,0,,,,,,
61.620,,0,0,0,0,,,,,,
61.640,,0,0,0,0,,,,,,
61.660,,0,0,0,0,,,,,,
61.680,,0,0,0,0,,,,,,
61.700,,0,0,0,0,,,,,,
61.720,,0,0,0,0,,,,,,
61.740,,0,0,0,0,,,,,,
61.760,,0,0,0,0,,,,,,
61.780,,0,0,0,0,,,,,,
61.800,,0,0,0,0,,,,,,
61.820,,0,0,0,0,,,,,,
61.840,,0,0,0,0,,,,,,
61.860,,0,0,0,0,,,,,,
61.880,,0,0,0,0,,,,,,
61.900,,0,0,0,0,,,,,,
61.920,,0,0,0,0,,,,,,
61.940,,0,0,0,0,,,,,,
61.960,,0,0,0,0,,,,,,
61.980,,0,0,0,0,,,,,,
62.000,,0,0,0,0,,,,,,
62.020,,0,0,0,0,,,,,,
62.040,,0,0,0,0,,,,,,
62.060,,0,0,0,0,,,,,,
62.080,,0,0,0,0,,,,,,
62.100,,0,0,0,0,,,,,,
62.120,,0,0,0,0,,,,,,
62.140,,0,0,0,0,,,,,,
62.160,,0,0,0,0,,,,,,
62.180,,0,0,0,0,,,,,,
62.200,,0,0,0,0,,,,,,
62.220,,0,0,0,0,,,,,,
62.240,,0,-150,0,-15,,,,,,
62.260,,0,-150,0,-30,,,,,,
62.280,,0,-150,0,-45,,,,,,
62.300,,0,-150,0,-60,,,,,,
62.320,,0,-150,0,-75,,,,,,
62.340,,0,-150,0,-90,,,,,,
62.360,,0,-150,0,-105,,,,,,
62.380,,0,-150,0,-120,,,,,,
62.400,,0,-150,0,-135,,,,,,
62.420,,0,-150,0,-150,,,,,,
62.440,,0,-150,0,-150,,,,,,
62.460,,0,-150,0,-150,,,,,,
62.480,,0,-150,0,-150,,,,,,
62.500,,0,-150,0,-150,,,,,,
62.520,,0,-150,0,-150,,,,,,
62.540,,0,-150,0,-150,,,,,,
62.560,,0,-150,0,-150,,,,,,
62.580,,0,-150,0,-150,,,,,,
62.600,,0,-150,0,-150,,,,,,
62.620,,0,-150,0,-150,,,,,,
62.640,,0,-150,0,-150,,,,,,
62.660,,0,-150,0,-150,,,,,,
62.680,,0,-150,0,-150,,,,,,
62.700,,0,-150,0,-150,,,,,,
62.720,,0,-150,0,-150,,,,,,
62.740,,0,-150,0,-150,,,,,,
62.760,,0,-150,0,-150,,,,,,
62.780,,0,-150,0,-150,,,,,,
62.800,,0,-150,0,-150,,,,,,
62.820,,0,-150,0,-150,,,,,,
62.840,,0,-150,0,-150,,,,,,
62.860,,0,-150,0,-150,,,,,,
62.880,,0,-150,0,-150,,,,,,
62.900,,0,-150,0,-150,,,,,,
62.920,,0,-150,0,-150,,,,,,
62.940,,0,-150,0,-150,,,,,,
62.960,,0,-150,0,-150,,,,,,
62.980,,0,-150,0,-150,,,,,,
63.000,,0,-150,0,-150,,,,,,
63.020,,0,-150,0,-150,,,,,,
63.040,a,0,-150,0,-150,,,,,,
63.060,,0,-150,0,-150,,,,,,
63.080,,0,-150,0,-150,,,,,,
63.100,,0,-150,0,-150,,,,,,
63.120,,0,-150,0,-150,,,,,,
63.140,,0,-150,0,-150,,,,,,
63.160,,0,-150,0,-150,,,,,,
63.180,,0,-150,0,-150,,,,,,
63.200,,0,-150,0,-150,,,,,,
63.220,,0,-150,0,-150,,,,,,
63.240,,0,-150,0,-150,,,,,,
63.260,,0,-150,0,-150,,,,,,
63.280,,0,-150,0,-150,,,,,,
63.300,,0,-150,0,-150,,,,,,
63.320,,0,-150,0,-150,,,,,,
63.340,,0,-150,0,-150,,,,,,
63.360,,0,-150,0,-150,,,,,,
63.380,,0,-150,0,-150,,,,,,
63.400,,0,-150,0,-150,,,,,,
63.420,,0,-150,0,-150,,,,,,
63.440,,0,-150,0,-150,,,,,,
63.460,,0,-150,0,-150,,,,,,
63.480,,0,-150,0,-150,,,,,,
63.500,,0,-150,0,-150,,,,,,
63.520,,0,-150,0,-150,,,,,,
63.540,,0,-150,0,-150,,,,,,
63.560,,0,-150,0,-150,,,,,,
63.580,,0,-150,0,-150,,,,,,
63.600,,0,-150,0,-150,,,,,,
63.620,,0,-150,0,-150,,,,,,
63.640,a,0,-150,0,-150,,,,,,
63.660,,0,-150,0,-150,,,,,,
63.680,,0,-150,0,-150,,,,,,
63.700,,0,-150,0,-150,,,,,,
63.720,,0,-150,0,-150,,,,,,
63.740,,0,-150,0,-150,,,,,,
63.760,,0,-150,0,-150,,,,,,
63.780,,0,-150,0,-150,,,,,,
63.800,,0,-150,0,-150,,,,,,
63.820,a,0,-150,0,-150,,,,,,
63.840,,0,-150,0,-150,,,,,,
63.860,,0,-150,0,-150,,,,,,
63.880,,0,-150,0,-150,,,,,,
63.900,,0,-150,0,-150,,,,,,
63.920,,0,-150,0,-150,,,,,,
63.940,,0,-150,0,-150,,,,,,
63.960,,0,-150,0,-150,,,,,,
63.980,,0,-150,0,-150,,,,,,
64.000,,0,-150,0,-150,,,,,,
64.020,,0,-150,0,-150,,,,,,
64.040,,0,-150,0,-150,,,,,,
64.060,,0,-150,0,-150,,,,,,
64.080,,0,-150,0,-150,,,,,,
64.100,,0,-150,0,-150,,,,,,
64.120,,0,-150,0,-150,,,,,,
64.140,,0,-150,0,-150,,,,,,
64.160,,0,-150,0,-150,,,,,,
64.180,,0,-150,0,-150,,,,,,
64.200,,0,-150,0,-150,,,,,,
64.220,,0,-150,0,-150,,,,,,
64.240,a,0,-150,0,-150,,,,,,
64.260,,0,-150,0,-150,,,,,,
64.280,,0,-150,0,-150,,,,,,
64.300,,0,-150,0,-150,,,,,,
64.320,,0,-150,0,-150,,,,,,
64.340,,0,-150,0,-150,,,,,,
64.360,a,0,-150,0,-150,,,,,,
64.380,,0,-150,0,-150,,,,,,
64.400,,0,-150,0,-150,,,,,,
64.420,a,0,-150,0,-150,,,,,,
64.440,,0,-150,0,-150,,,,,,
64.460,,0,-150,0,-150,,,,,,
64.480,,0,-150,0,-150,,,,,,
64.500,,0,-150,0,-150,,,,,,
64.520,,0,-150,0,-150,,,,,,
64.540,a,0,-150,0,-150,,,,,,
64.560,,0,-150,0,-150,,,,,,
64.580,,0,-150,0,-150,,,,,,
64.600,,0,-150,0,-150,,,,,,
64.620,,0,-150,0,-150,,,,,,
64.640,,0,-150,0,-150,,,,,,
64.660,a,0,-150,0,-150,,,,,,
64.680,,0,-150,0,-150,,,,,,
64.700,,0,-150,0,-150,,,,,,
64.720,a,0,-150,0,-150,,,,,,
64.740,,0,-150,0,-150,,,,,,
64.760,,0,-150,0,-150,,,,,,
64.780,,0,-150,0,-150,,,,,,
64.800,,0,-150,0,-150,,,,,,
64.820,,0,-150,0,-150,,,,,,
64.840,a,0,-150,0,-150,,,,,,
64.860,,0,-150,0,-150,,,,,,
64.880,,0,-150,0,-150,,,,,,
64.900,,0,-150,0,-150,,,,,,
64.920,,0,-150,0,-150,,,,,,
64.940,,0,-150,0,-150,,,,,,
64.960,,0,-150,0,-150,,,,,,
64.980,,0,-150,0,-150,,,,,,
65.000,,0,-150,0,-150,,,,,,
65.020,,0,-150,0,-150,,,,,,
65.040,,0,-150,0,-150,,,,,,
65.060,,0,-150,0,-150,,,,,,
65.080,,0,-150,0,-150,,,,,,
65.100,,0,-150,0,-150,,,,,,
65.120,,0,-150,0,-150,,,,,,
65.140,a,0,-150,0,-150,,,,,,
65.160,,0,-150,0,-150,,,,,,
65.180,,0,-150,0,-150,,,,,,
65.200,,0,-150,0,-150,,,,,,
65.220,,0,-150,0,-150,,,,,,
65.240,,0,-150,0,-150,,,,,,
65.260,,0,-150,0,-150,,,,,,
65.280,,0,-150,0,-150,,,,,,
65.300,,0,-150,0,-150,,,,,,
65.320,,0,-150,0,-150,,,,,,
65.340,,0,-150,0,-150,,,,,,
65.360,,0,-150,0,-150,,,,,,
65.380,,0,-150,0,-150,,,,,,
65.400,,0,-150,0,-150,,,,,,
65.420,,0,-150,0,-150,,,,,,
65.440,a,0,-150,0,-150,,,,,,
65.460,,0,-150,0,-150,,,,,,
65.480,,0,-150,0,-150,,,,,,
65.500,,0,-150,0,-150,,,,,,
65.520,,0,-150,0,-150,,,,,,
65.540,,0,-150,0,-150,,,,,,
65.560,,0,-150,0,-150,,,,,,
65.580,,0,-150,0,-150,,,,,,
65.600,,0,-150,0,-150,,,,,,
65.620,,0,-150,0,-150,,,,,,
65.640,,0,-150,0,-150,,,,,,
65.660,,0,-150,0,-150,,,,,,
65.680,,0,-150,0,-150,,,,,,
65.700,,0,-150,0,-150,,,,,,
65.720,,0,-150,0,-150,,,,,,
65.740,,0,-150,0,-150,,,,,,
65.760,,0,-150,0,-150,,,,,,
65.780,,0,-150,0,-150,,,,,,
65.800,,0,-150,0,-150,,,,,,
65.820,,0,-150,0,-150,,,,,,
65.840,,0,-150,0,-150,,,,,,
65.860,,0,-150,0,-150,,,,,,
65.880,,0,-150,0,-150,,,,,,
65.900,,0,-150,0,-150,,,,,,
65.920,,0,-150,0,-150,,,,,,
65.940,,0,-150,0,-150,,,,,,
65.960,,0,-150,0,-150,,,,,,
65.980,,0,-150,0,-150,,,,,,
66.000,,0,-150,0,-150,,,,,,
66.020,,0,-150,0,-150,,,,,,
66.040,,0,-150,0,-150,,,,,,
66.060,,0,-150,0,-150,,,,,,
66.080,,0,-150,0,-150,,,,,,
66.100,,0,-150,0,-150,,,,,,
66.120,,0,-150,0,-150,,,,,,
66.140,,0,-150,0,-150,,,,,,
66.160,a,0,-150,0,-150,,,,,,
66.180,,0,-150,0,-150,,,,,,
66.200,,0,-150,0,-150,,,,,,
66.220,,0,-150,0,-150,,,,,,
66.240,,0,-150,0,-150,,,,,,
66.260,,0,-150,0,-150,,,,,,
66.280,,0,-150,0,-150,,,,,,
66.300,,0,-150,0,-150,,,,,,
66.320,,0,-150,0,-150,,,,,,
66.340,a,0,-150,0,-150,,,,,,
66.360,,0,-150,0,-150,,,,,,
66.380,,0,-150,0,-150,,,,,,
66.400,,0,-150,0,-150,,,,,,
66.420,,0,-150,0,-150,,,,,,
66.440,,0,-150,0,-150,,,,,,
66.460,,0,-150,0,-150,,,,,,
66.480,,0,-150,0,-150,,,,,,
66.500,,0,-150,0,-150,,,,,,
66.520,,0,-150,0,-150,,,,,,
66.540,,0,-150,0,-150,,,,,,
66.560,,0,-150,0,-150,,,,,,
66.580,,0,-150,0,-150,,,,,,
66.600,,0,-150,0,-150,,,,,,
66.620,,0,-150,0,-150,,,,,,
66.640,,0,-150,0,-150,,,,,,
66.660,,0,-150,0,-150,,,,,,
66.680,,0,-150,0,-150,,,,,,
66.700,,0,-150,0,-150,,,,,,
66.720,,0,-150,0,-150,,,,,,
66.740,,0,-150,0,-150,,,,,,
66.760,,0,-150,0,-150,,,,,,
66.780,,0,-150,0,-150,,,,,,
66.800,,0,-150,0,-150,,,,,,
66.820,a,0,-150,0,-150,,,,,,
66.840,,0,-150,0,-150,,,,,,
66.860,,0,-150,0,-150,,,,,,
66.880,,0,-150,0,-150,,,,,,
66.900,,0,-150,0,-150,,,,,,
66.920,,0,-150,0,-150,,,,,,
66.940,,0,-150,0,-150,,,,,,
66.960,,0,-150,0,-150,,,,,,
66.980,,0,-150,0,-150,,,,,,
67.000,,0,-150,0,-150,,,,,,
67.020,,0,-150,0,-150,,,,,,
67.040,,0,-150,0,-150,,,,,,
67.060,a,0,-150,0,-150,,,,,,
67.080,,0,-150,0,-150,,,,,,
67.100,,0,-150,0,-150,,,,,,
67.120,,0,-150,0,-150,,,,,,
67.140,,0,-150,0,-150,,,,,,
67.160,,0,-150,0,-150,,,,,,
67.180,a,0,-150,0,-150,,,,,,
67.200,,0,-150,0,-150,,,,,,
67.220,,0,-150,0,-150,,,,,,
67.240,,0,-150,0,-150,,,,,,
67.260,,0,-150,0,-150,,,,,,
67.280,,0,-150,0,-150,,,,,,
67.300,,0,-150,0,-150,,,,,,
67.320,,0,-150,0,-150,,,,,,
67.340,,0,-150,0,-150,,,,,,
67.360,,0,-150,0,-150,,,,,,
67.380,,0,-150,0,-150,,,,,,
67.400,,0,-150,0,-150,,,,,,
67.420,,0,-150,0,-150,,,,,,
67.440,,0,-150,0,-150,,,,,,
67.460,,0,-150,0,-150,,,,,,
67.480,,0,-150,0,-150,,,,,,
67.500,,0,-150,0,-150,,,,,,
67.520,,0,-150,0,-150,,,,,,
67.540,,0,-150,0,-150,,,,,,
67.560,,0,-150,0,-150,,,,,,
67.580,,0,-150,0,-150,,,,,,
67.600,,0,-150,0,-150,,,,,,
67.620,,0,-150,0,-150,,,,,,
67.640,,0,-150,0,-150,,,,,,
67.660,,0,-150,0,-150,,,,,,
67.680,,0,-150,0,-150,,,,,,
67.700,,0,-150,0,-150,,,,,,
67.720,,0,-150,0,-150,,,,,,
67.740,,0,-150,0,-150,,,,,,
67.760,,0,-150,0,-150,,,,,,
67.780,,0,-150,0,-150,,,,,,
67.800,,0,-150,0,-150,,,,,,
67.820,,0,-150,0,-150,,,,,,
67.840,,0,-150,0,-150,,,,,,
67.860,,0,-150,0,-150,,,,,,
67.880,,0,0,0,-135,,,,,,
67.900,,0,0,0,-120,,,,,,
67.920,,0,0,0,-105,,,,,,
67.940,,0,-150,0,-120,,,,,,
67.960,,0,-150,0,-135,,,,,,
67.980,,0,-150,0,-150,,,,,,
68.000,,0,-150,0,-150,,,,,,
68.020,,0,-150,0,-150,,,,,,
68.040,,0,-150,0,-150,,,,,,
68.060,,0,-150,0,-150,,,,,,
68.080,,0,-150,0,-150,,,,,,
68.100,,0,-150,0,-150,,,,,,
68.120,,0,-150,0,-150,,,,,,
68.140,,0,-150,0,-150,,,,,,
68.160,,0,-150,0,-150,,,,,,
68.180,,0,-150,0,-150,,,,,,
68.200,,0,-150,0,-150,,,,,,
68.220,,0,-150,0,-150,,,,,,
68.240,,0,-150,0,-150,,,,,,
68.260,,0,-150,0,-150,,,,,,
68.280,,0,-150,0,-150,,,,,,
68.300,,0,-150,0,-150,,,,,,
68.320,,0,-150,0,-150,,,,,,
68.340,,0,-150,0,-150,,,,,,
68.360,,0,-150,0,-150,,,,,,
68.380,,0,-150,0,-150,,,,,,
68.400,,0,-150,0,-150,,,,,,
68.420,,0,-150,0,-150,,,,,,
68.440,,0,-150,0,-150,,,,,,
68.460,,0,-150,0,-150,,,,,,
68.480,,0,-150,0,-150,,,,,,
68.500,,0,-150,0,-150,,,,,,
68.520,,0,-150,0,-150,,,,,,
68.540,,0,-150,0,-150,,,,,,
68.560,,0,-150,0,-150,,,,,,
68.580,,0,-150,0,-150,,,,,,
68.600,,0,-150,0,-150,,,,,,
68.620,,0,-150,0,-150,,,,,,
68.640,,0,-150,0,-150,,,,,,
68.660,,0,-150,0,-150,,,,,,
68.680,,0,-150,0,-150,,,,,,
68.700,,0,-150,0,-150,,,,,,
68.720,,0,-150,0,-150,,,,,,
68.740,,0,-150,0,-150,,,,,,
68.760,,0,-150,0,-150,,,,,,
68.780,,0,-150,0,-150,,,,,,
68.800,a,0,-150,0,-150,,,,,,
68.820,,0,-150,0,-150,,,,,,
68.840,,0,-150,0,-150,,,,,,
68.860,,0,-150,0,-150,,,,,,
68.880,,0,-150,0,-150,,,,,,
68.900,,0,-150,0,-150,,,,,,
68.920,,0,-150,0,-150,,,,,,
68.940,,0,-150,0,-150,,,,,,
68.960,,0,-150,0,-150,,,,,,
68.980,,0,-150,0,-150,,,,,,
69.000,,0,-150,0,-150,,,,,,
69.020,,0,-150,0,-150,,,,,,
69.040,,0,-150,0,-150,,,,,,
69.060,,0,-150,0,-150,,,,,,
69.080,,0,-150,0,-150,,,,,,
69.100,,0,-150,0,-150,,,,,,
69.120,,0,-150,0,-150,,,,,,
69.140,,0,-150,0,-150,,,,,,
69.160,,0,-150,0,-150,,,,,,
69.180,,0,-150,0,-150,,,,,,
69.200,,0,-150,0,-150,,,,,,
69.220,,0,-150,0,-150,,,,,,
69.240,,0,-150,0,-150,,,,,,
69.260,,0,-150,0,-150,,,,,,
69.280,,0,-150,0,-150,,,,,,
69.300,,0,-150,0,-150,,,,,,
69.320,,0,-150,0,-150,,,,,,
69.340,,0,-150,0,-150,,,,,,
69.360,,0,-150,0,-150,,,,,,
69.380,,0,-150,0,-150,,,,,,
69.400,,0,-150,0,-150,,,,,,
69.420,,0,-150,0,-150,,,,,,
69.440,,0,-150,0,-150,,,,,,
69.460,,0,-150,0,-150,,,,,,
69.480,,0,-150,0,-150,,,,,,
69.500,,0,-150,0,-150,,,,,,
69.520,,0,-150,0,-150,,,,,,
69.540,,0,-150,0,-150,,,,,,
69.560,,0,-150,0,-150,,,,,,
69.580,,0,-150,0,-150,,,,,,
69.600,,0,-150,0,-150,,,,,,
69.620,,0,-150,0,-150,,,,,,
69.640,,0,-150,0,-150,,,,,,
69.660,,0,-150,0,-150,,,,,,
69.680,,0,-150,0,-150,,,,,,
69.700,,0,-150,0,-150,,,,,,
69.720,,0,-150,0,-150,,,,,,
69.740,,0,-150,0,-150,,,,,,
69.760,,0,-150,0,-150,,,,,,
69.780,,0,-150,0,-150,,,,,,
69.800,,0,-150,0,-150,,,,,,
69.820,,0,-150,0,-150,,,,,,
69.840,,0,-150,0,-150,,,,,,
69.860,,0,-150,0,-150,,,,,,
69.880,,0,-150,0,-150,,,,,,
69.900,,0,-150,0,-150,,,,,,
69.920,,0,-150,0,-150,,,,,,
69.940,,0,-150,0,-150,,,,,,
69.960,,0,-150,0,-150,,,,,,
69.980,,0,-150,0,-150,,,,,,
70.000,,0,-150,0,-150,,,,,,
70.020,,0,-150,0,-150,,,,,,
70.040,,0,-150,0,-150,,,,,,
70.060,,0,-150,0,-150,,,,,,
70.080,,0,-150,0,-150,,,,,,
70.100,,0,-150,0,-150,,,,,,
70.120,,0,-150,0,-150,,,,,,
70.140,,0,-150,0,-150,,,,,,
70.160,,0,-150,0,-150,,,,,,
70.180,,0,-150,0,-150,,,,,,
70.200,,0,-150,0,-150,,,,,,
70.220,,0,-150,0,-150,,,,,,
70.240,,0,-150,0,-150,,,,,,
70.260,,0,-150,0,-150,,,,,,
70.280,,0,-150,0,-150,,,,,,
70.300,,0,-150,0,-150,,,,,,
70.320,,0,-150,0,-150,,,,,,
70.340,,0,-150,0,-150,,,,,,
70.360,,0,-150,0,-150,,,,,,
70.380,,0,-150,0,-150,,,,,,
70.400,,0,-150,0,-150,,,,,,
70.420,,0,-150,0,-150,,,,,,
70.440,,0,-150,0,-150,,,,,,
70.460,,0,-150,0,-150,,,,,,
70.480,,0,-150,0,-150,,,,,,
70.500,,0,-150,0,-150,,,,,,
70.520,,0,-150,0,-150,,,,,,
70.540,,0,-150,0,-150,,,,,,
70.560,,0,-150,0,-150,,,,,,
70.580,,0,-150,0,-150,,,,,,
70.600,,0,-150,0,-150,,,,,,
70.620,,0,-150,0,-150,,,,,,
70.640,,0,-150,0,-150,,,,,,
70.660,,0,-150,0,-150,,,,,,
70.680,,0,-150,0,-150,,,,,,
70.700,,0,-150,0,-150,,,,,,
70.720,,0,-150,0,-150,,,,,,
70.740,,0,-150,0,-150,,,,,,
70.760,,0,-150,0,-150,,,,,,
70.780,,0,-150,0,-150,,,,,,
70.800,,0,-150,0,-150,,,,,,
70.820,,0,-150,0,-150,,,,,,
70.840,,0,-150,0,-150,,,,,,
70.860,,0,-150,0,-150,,,,,,
70.880,,0,-150,0,-150,,,,,,
70.900,,0,-150,0,-150,,,,,,
70.920,,0,-150,0,-150,,,,,,
70.940,,0,-150,0,-150,,,,,,
70.960,,0,-150,0,-150,,,,,,
70.980,,0,-150,0,-150,,,,,,
71.000,,0,-150,0,-150,,,,,,
71.020,,0,-150,0,-150,,,,,,
71.040,,0,-150,0,-150,,,,,,
71.060,,0,-150,0,-150,,,,,,
71.080,,0,-150,0,-150,,,,,,
71.100,,0,-150,0,-150,,,,,,
71.120,,0,-150,0,-150,,,,,,
71.140,,0,-150,0,-150,,,,,,
71.160,,0,-150,0,-150,,,,,,
71.180,,0,-150,0,-150,,,,,,
71.200,,0,-150,0,-150,,,,,,
71.220,,0,-150,0,-150,,,,,,
71.240,,0,-150,0,-150,,,,,,
71.260,,0,-150,0,-150,,,,,,
71.280,,0,-150,0,-150,,,,,,
71.300,,0,-150,0,-150,,,,,,
71.320,,0,-150,0,-150,,,,,,
71.340,,0,-150,0,-150,,,,,,
71.360,,0,-150,0,-150,,,,,,
71.380,,0,-150,0,-150,,,,,,
71.400,,0,-150,0,-150,,,,,,
71.420,,0,-150,0,-150,,,,,,
71.440,,0,-150,0,-150,,,,,,
71.460,,0,-150,0,-150,,,,,,
71.480,,0,-150,0,-150,,,,,,
71.500,,0,-150,0,-150,,,,,,
71.520,,0,-150,0,-150,,,,,,
71.540,,0,-150,0,-150,,,,,,
71.560,,0,-150,0,-150,,,,,,
71.580,,0,-150,0,-150,,,,,,
71.600,,0,-150,0,-150,,,,,,
71.620,,0,-150,0,-150,,,,,,
71.640,,0,-150,0,-150,,,,,,
71.660,,0,-150,0,-150,,,,,,
71.680,,0,-150,0,-150,,,,,,
71.700,,0,-150,0,-150,,,,,,
71.720,,0,-150,0,-150,,,,,,
71.740,,0,-150,0,-150,,,,,,
71.760,,0,-150,0,-150,,,,,,
71.780,,0,-150,0,-150,,,,,,
71.800,,0,-150,0,-150,,,,,,
71.820,,0,-150,0,-150,,,,,,
71.840,,0,-150,0,-150,,,,,,
71.860,,0,-150,0,-150,,,,,,
71.880,,0,-150,0,-150,,,,,,
71.900,,0,-150,0,-150,,,,,,
71.920,,0,-150,0,-150,,,,,,
71.940,,0,-150,0,-150,,,,,,
71.960,,0,-150,0,-150,,,,,,
71.980,,0,-150,0,-150,,,,,,
72.000,,0,-150,0,-150,,,,,,
72.020,,0,-150,0,-150,,,,,,
72.040,,0,-150,0,-150,,,,,,
72.060,,0,-150,0,-150,,,,,,
72.080,,0,-150,0,-150,,,,,,
72.100,,0,-150,0,-150,,,,,,
72.120,,0,-150,0,-150,,,,,,
72.140,,0,-150,0,-150,,,,,,
72.160,,0,-150,0,-150,,,,,,
72.180,,0,-150,0,-150,,,,,,
72.200,,0,-150,0,-150,,,,,,
72.220,,0,-150,0,-150,,,,,,
72.240,,0,-150,0,-150,,,,,,
72.260,,0,-150,0,-150,,,,,,
72.280,,0,-150,0,-150,,,,,,
72.300,,0,-150,0,-150,,,,,,
72.320,,0,-150,0,-150,,,,,,
72.340,,0,-150,0,-150,,,,,,
72.360,,0,-150,0,-150,,,,,,
72.380,,0,-150,0,-150,,,,,,
72.400,,0,-150,0,-150,,,,,,
72.420,,0,-150,0,-150,,,,,,
72.440,,0,-150,0,-150,,,,,,
72.460,,0,-150,0,-150,,,,,,
72.480,,0,-150,0,-150,,,,,,
72.500,,0,-150,0,-150,,,,,,
72.520,,0,-150,0,-150,,,,,,
72.540,,0,-150,0,-150,,,,,,
72.560,,0,-150,0,-150,,,,,,
72.580,,0,-150,0,-150,,,,,,
72.600,,0,-150,0,-150,,,,,,
72.620,,0,-150,0,-150,,,,,,
72.640,,0,-150,0,-150,,,,,,
72.660,,0,-150,0,-150,,,,,,
72.680,,0,-150,0,-150,,,,,,
72.700,,0,-150,0,-150,,,,,,
72.720,,0,-150,0,-150,,,,,,
72.740,,0,-150,0,-150,,,,,,
72.760,,0,-150,0,-150,,,,,,
72.780,,0,-150,0,-150,,,,,,
72.800,,0,-150,0,-150,,,,,,
72.820,,0,-150,0,-150,,,,,,
72.840,,0,-150,0,-150,,,,,,
72.860,,0,-150,0,-150,,,,,,
72.880,,0,-150,0,-150,,,,,,
72.900,,0,-150,0,-150,,,,,,
72.920,,0,-150,0,-150,,,,,,
72.940,,0,-150,0,-150,,,,,,
72.960,,0,-150,0,-150,,,,,,
72.980,,0,-150,0,-150,,,,,,
73.000,,0,-150,0,-150,,,,,,
73.020,,0,-150,0,-150,,,,,,
73.040,,0,-150,0,-150,,,,,,
73.060,,0,-150,0,-150,,,,,,
73.080,,0,-150,0,-150,,,,,,
73.100,,0,-150,0,-150,,,,,,
73.120,,0,-150,0,-150,,,,,,
73.140,,0,-150,0,-150,,,,,,
73.160,,0,-150,0,-150,,,,,,
73.180,,0,-150,0,-150,,,,,,
73.200,,0,-150,0,-150,,,,,,
73.220,,0,-150,0,-150,,,,,,
73.240,,0,-150,0,-150,,,,,,
73.260,,0,-150,0,-150,,,,,,
73.280,,0,-150,0,-150,,,,,,
73.300,,0,-150,0,-150,,,,,,
73.320,,0,-150,0,-150,,,,,,
73.340,,0,-150,0,-150,,,,,,
73.360,,0,-150,0,-150,,,,,,
73.380,,0,-150,0,-150,,,,,,
73.400,,0,-150,0,-150,,,,,,
73.420,,0,-150,0,-150,,,,,,
73.440,,0,-150,0,-150,,,,,,
73.460,,0,-150,0,-150,,,,,,
73.480,,0,-150,0,-150,,,,,,
73.500,,0,-150,0,-150,,,,,,
73.520,,0,-150,0,-150,,,,,,
73.540,,0,-150,0,-150,,,,,,
73.560,,0,-150,0,-150,,,,,,
73.580,,0,-150,0,-150,,,,,,
73.600,,0,-150,0,-150,,,,,,
73.620,,0,-150,0,-150,,,,,,
73.640,,0,-150,0,-150,,,,,,
73.660,,0,-150,0,-150,,,,,,
73.680,,0,-150,0,-150,,,,,,
73.700,,0,-150,0,-150,,,,,,
73.720,,0,-150,0,-150,,,,,,
73.740,,0,-150,0,-150,,,,,,
73.760,,0,-150,0,-150,,,,,,
73.780,,0,-150,0,-150,,,,,,
73.800,,0,-150,0,-150,,,,,,
73.820,,0,-150,0,-150,,,,,,
73.840,,0,-150,0,-150,,,,,,
73.860,,0,-150,0,-150,,,,,,
73.880,,0,-150,0,-150,,,,,,
73.900,,0,-150,0,-150,,,,,,
73.920,,0,-150,0,-150,,,,,,
73.940,,0,-150,0,-150,,,,,,
73.960,,0,-150,0,-150,,,,,,
73.980,,0,-150,0,-150,,,,,,
74.000,,0,-150,0,-150,,,,,,
74.020,,0,-150,0,-150,,,,,,
74.040,,0,-150,0,-150,,,,,,
74.060,,0,-150,0,-150,,,,,,
74.080,,0,-150,0,-150,,,,,,
74.100,,0,-150,0,-150,,,,,,
74.120,,0,-150,0,-150,,,,,,
74.140,,0,-150,0,-150,,,,,,
74.160,,0,-150,0,-150,,,,,,
74.180,,0,-150,0,-150,,,,,,
74.200,,0,-150,0,-150,,,,,,
74.220,,0,-150,0,-150,,,,,,
74.240,,0,-150,0,-150,,,,,,
74.260,,0,-150,0,-150,,,,,,
74.280,,0,-150,0,-150,,,,,,
74.300,,0,-150,0,-150,,,,,,
74.320,,0,-150,0,-150,,,,,,
74.340,,0,-150,0,-150,,,,,,
74.360,,0,-150,0,-150,,,,,,
74.380,,0,-150,0,-150,,,,,,
74.400,,0,-150,0,-150,,,,,,
74.420,,0,-150,0,-150,,,,,,
74.440,,0,-150,0,-150,,,,,,
74.460,,0,-150,0,-150,,,,,,
74.480,,0,-150,0,-150,,,,,,
74.500,,0,-150,0,-150,,,,,,
74.520,,0,-150,0,-150,,,,,,
74.540,,0,-150,0,-150,,,,,,
74.560,,0,-150,0,-150,,,,,,
74.580,,0,-150,0,-150,,,,,,
74.600,,0,-150,0,-150,,,,,,
74.620,,0,-150,0,-150,,,,,,
74.640,,0,-150,0,-150,,,,,,
74.660,,0,-150,0,-150,,,,,,
74.680,,0,-150,0,-150,,,,,,
74.700,,0,-150,0,-150,,,,,,
74.720,,0,-150,0,-150,,,,,,
74.740,,0,-150,0,-150,,,,,,
74.760,,0,-150,0,-150,,,,,,
74.780,,0,-150,0,-150,,,,,,
74.800,,0,-150,0,-150,,,,,,
74.820,,0,-150,0,-150,,,,,,
74.840,,0,-150,0,-150,,,,,,
74.860,,0,-150,0,-150,,,,,,
74.880,,0,-150,0,-150,,,,,,
74.900,,0,-150,0,-150,,,,,,
74.920,,0,-150,0,-150,,,,,,
74.940,,0,-150,0,-150,,,,,,
74.960,,0,-150,0,-150,,,,,,
74.980,,0,-150,0,-150,,,,,,
75.000,,0,-150,0,-150,,,,,,
75.020,,0,-150,0,-150,,,,,,
75.040,,0,-150,0,-150,,,,,,
75.060,,0,-150,0,-150,,,,,,
75.080,,0,-150,0,-150,,,,,,
75.100,,0,-150,0,-150,,,,,,
75.120,,0,-150,0,-150,,,,,,
75.140,,0,-150,0,-150,,,,,,
75.160,,0,-150,0,-150,,,,,,
75.180,,0,-150,0,-150,,,,,,
75.200,,0,-150,0,-150,,,,,,
75.220,,0,-150,0,-150,,,,,,
75.240,,0,-150,0,-150,,,,,,
75.260,,0,-150,0,-150,,,,,,
75.280,,0,-150,0,-150,,,,,,
75.300,,0,-150,0,-150,,,,,,
75.320,,0,-150,0,-150,,,,,,
75.340,,0,-150,0,-150,,,,,,
75.360,,0,-150,0,-150,,,,,,
75.380,,0,-150,0,-150,,,,,,
75.400,,0,-150,0,-150,,,,,,
75.420,,0,-150,0,-150,,,,,,
75.440,,0,-150,0,-150,,,,,,
75.460,,0,-150,0,-150,,,,,,
75.480,,0,-150,0,-150,,,,,,
75.500,,0,-150,0,-150,,,,,,
75.520,,0,-150,0,-150,,,,,,
75.540,,0,-150,0,-150,,,,,,
75.560,,0,-150,0,-150,,,,,,
75.580,,0,-150,0,-150,,,,,,
75.600,,0,-150,0,-150,,,,,,
75.620,,0,-150,0,-150,,,,,,
75.640,,0,-150,0,-150,,,,,,
75.660,,0,-150,0,-150,,,,,,
75.680,,0,-150,0,-150,,,,,,
75.700,,0,-150,0,-150,,,,,,
75.720,,0,-150,0,-150,,,,,,
75.740,,0,-150,0,-150,,,,,,
75.760,,0,-150,0,-150,,,,,,
75.780,,0,-150,0,-150,,,,,,
75.800,,0,-150,0,-150,,,,,,
75.820,,0,-150,0,-150,,,,,,
75.840,,0,-150,0,-150,,,,,,
75.860,,0,-150,0,-150,,,,,,
75.880,,0,-150,0,-150,,,,,,
75.900,,0,-150,0,-150,,,,,,
75.920,,0,-150,0,-150,,,,,,
75.940,,0,-150,0,-150,,,,,,
75.960,,0,-150,0,-150,,,,,,
75.980,,0,-150,0,-150,,,,,,
76.000,,0,-150,0,-150,,,,,,
76.020,,0,-150,0,-150,,,,,,
76.040,,0,-150,0,-150,,,,,,
76.060,,0,-150,0,-150,,,,,,
76.080,,0,-150,0,-150,,,,,,
76.100,,0,-150,0,-150,,,,,,
76.120,,0,-150,0,-150,,,,,,
76.140,,0,-150,0,-150,,,,,,
76.160,,0,-150,0,-150,,,,,,
76.180,,0,-150,0,-150,,,,,,
76.200,,0,-150,0,-150,,,,,,
76.220,,0,-150,0,-150,,,,,,
76.240,,0,-150,0,-150,,,,,,
76.260,,0,-150,0,-150,,,,,,
76.280,,0,-150,0,-150,,,,,,
76.300,,0,-150,0,-150,,,,,,
76.320,,0,-150,0,-150,,,,,,
76.340,,0,-150,0,-150,,,,,,
76.360,,0,-150,0,-150,,,,,,
76.380,,0,-150,0,-150,,,,,,
76.400,,0,-150,0,-150,,,,,,
76.420,,0,-150,0,-150,,,,,,
76.440,,0,-150,0,-150,,,,,,
76.460,,0,-150,0,-150,,,,,,
76.480,,0,-150,0,-150,,,,,,
76.500,,0,-150,0,-150,,,,,,
76.520,,0,-150,0,-150,,,,,,
76.540,,0,-150,0,-150,,,,,,
76.560,,0,-150,0,-150,,,,,,
76.580,,0,-150,0,-150,,,,,,
76.600,,0,-150,0,-150,,,,,,
76.620,,0,-150,0,-150,,,,,,
76.640,,0,-150,0,-150,,,,,,
76.660,,0,-150,0,-150,,,,,,
76.680,,0,-150,0,-150,,,,,,
76.700,,0,-150,0,-150,,,,,,
76.720,,0,-150,0,-150,,,,,,
76.740,,0,-150,0,-150,,,,,,
76.760,,0,-150,0,-150,,,,,,
76.780,,0,-150,0,-150,,,,,,
76.800,,0,-150,0,-150,,,,,,
76.820,,0,-150,0,-150,,,,,,
76.840,,0,-150,0,-150,,,,,,
76.860,,0,-150,0,-150,,,,,,
76.880,,0,-150,0,-150,,,,,,
76.900,,0,-150,0,-150,,,,,,
76.920,,0,-150,0,-150,,,,,,
76.940,,0,-150,0,-150,,,,,,
76.960,,0,-150,0,-150,,,,,,
76.980,,0,-150,0,-150,,,,,,
77.000,,0,-150,0,-150,,,,,,
77.020,,0,-150,0,-150,,,,,,
77.040,,0,-150,0,-150,,,,,,
77.060,,0,-150,0,-150,,,,,,
77.080,,0,-150,0,-150,,,,,,
77.100,,0,-150,0,-150,,,,,,
77.120,,0,-150,0,-150,,,,,,
77.140,,0,-150,0,-150,,,,,,
77.160,,0,-150,0,-150,,,,,,
77.180,,0,-150,0,-150,,,,,,
77.200,,0,-150,0,-150,,,,,,
77.220,,0,-150,0,-150,,,,,,
77.240,,0,-150,0,-150,,,,,,
77.260,,0,-150,0,-150,,,,,,
77.280,,0,-150,0,-150,,,,,,
77.300,,0,-150,0,-150,,,,,,
77.320,,0,-150,0,-150,,,,,,
77.340,,0,-150,0,-150,,,,,,
77.360,,0,-150,0,-150,,,,,,
77.380,,0,-150,0,-150,,,,,,
77.400,,0,-150,0,-150,,,,,,
77.420,,0,-150,0,-150,,,,,,
77.440,,0,-150,0,-150,,,,,,
77.460,,0,-150,0,-150,,,,,,
77.480,,0,-150,0,-150,,,,,,
77.500,,0,-150,0,-150,,,,,,
77.520,,0,-150,0,-150,,,,,,
77.540,,0,-150,0,-150,,,,,,
77.560,,0,-150,0,-150,,,,,,
77.580,,0,-150,0,-150,,,,,,
77.600,,0,-150,0,-150,,,,,,
77.620,,0,-150,0,-150,,,,,,
77.640,,0,-150,0,-150,,,,,,
77.660,,0,-150,0,-150,,,,,,
77.680,,0,-150,0,-150,,,,,,
77.700,,0,-150,0,-150,,,,,,
77.720,,0,-150,0,-150,,,,,,
77.740,,0,-150,0,-150,,,,,,
77.760,,0,-150,0,-150,,,,,,
77.780,,0,-150,0,-150,,,,,,
77.800,,0,-150,0,-150,,,,,,
77.820,,0,-150,0,-150,,,,,,
77.840,,0,-150,0,-150,,,,,,
77.860,,0,-150,0,-150,,,,,,
77.880,,0,-150,0,-150,,,,,,
77.900,,0,-150,0,-150,,,,,,
77.920,,0,-150,0,-150,,,,,,
77.940,,0,-150,0,-150,,,,,,
77.960,,0,-150,0,-150,,,,,,
77.980,,0,-150,0,-150,,,,,,
78.000,,0,-150,0,-150,,,,,,
78.020,,0,-150,0,-150,,,,,,
78.040,,0,-150,0,-150,,,,,,
78.060,,0,-150,0,-150,,,,,,
78.080,,0,-150,0,-150,,,,,,
78.100,,0,-150,0,-150,,,,,,
78.120,,0,-150,0,-150,,,,,,
78.140,,0,-150,0,-150,,,,,,
78.160,,0,-150,0,-150,,,,,,
78.180,,0,-150,0,-150,,,,,,
78.200,,0,-150,0,-150,,,,,,
78.220,,0,-150,0,-150,,,,,,
78.240,,0,-150,0,-150,,,,,,
78.260,,0,-150,0,-150,,,,,,
78.280,,0,-150,0,-150,,,,,,
78.300,,0,-150,0,-150,,,,,,
78.320,,0,-150,0,-150,,,,,,
78.340,,0,-150,0,-150,,,,,,
78.360,,0,-150,0,-150,,,,,,
78.380,,0,-150,0,-150,,,,,,
78.400,,0,-150,0,-150,,,,,,
78.420,,0,-150,0,-150,,,,,,
78.440,,0,-150,0,-150,,,,,,
78.460,,0,-150,0,-150,,,,,,
78.480,,0,-150,0,-150,,,,,,
78.500,,0,-150,0,-150,,,,,,
78.520,,0,-150,0,-150,,,,,,
78.540,,0,-150,0,-150,,,,,,
78.560,,0,-150,0,-150,,,,,,
78.580,,0,-150,0,-150,,,,,,
78.600,,0,-150,0,-150,,,,,,
78.620,,0,-150,0,-150,,,,,,
78.640,,0,-150,0,-150,,,,,,
78.660,,0,-150,0,-150,,,,,,
78.680,,0,-150,0,-150,,,,,,
78.700,,0,-150,0,-150,,,,,,
78.720,,0,-150,0,-150,,,,,,
78.740,,0,-150,0,-150,,,,,,
78.760,,0,-150,0,-150,,,,,,
78.780,,0,-150,0,-150,,,,,,
78.800,,0,-150,0,-150,,,,,,
78.820,,0,-150,0,-150,,,,,,
78.840,,0,-150,0,-150,,,,,,
78.860,,0,-150,0,-150,,,,,,
78.880,,0,-150,0,-150,,,,,,
78.900,,0,-150,0,-150,,,,,,
78.920,,0,-150,0,-150,,,,,,
78.940,,0,-150,0,-150,,,,,,
78.960,,0,-150,0,-150,,,,,,
78.980,,0,-150,0,-150,,,,,,
79.000,,0,-150,0,-150,,,,,,
79.020,,0,-150,0,-150,,,,,,
79.040,,0,-150,0,-150,,,,,,
79.060,,0,-150,0,-150,,,,,,
79.080,,0,-150,0,-150,,,,,,
79.100,,0,-150,0,-150,,,,,,
79.120,,0,-150,0,-150,,,,,,
79.140,,0,-150,0,-150,,,,,,
79.160,,0,-150,0,-150,,,,,,
79.180,,0,-150,0,-150,,,,,,
79.200,,0,-150,0,-150,,,,,,
79.220,,0,-150,0,-150,,,,,,
79.240,,0,-150,0,-150,,,,,,
79.260,,0,-150,0,-150,,,,,,
79.280,,0,-150,0,-150,,,,,,
79.300,,0,-150,0,-150,,,,,,
79.320,,0,-150,0,-150,,,,,,
79.340,,0,-150,0,-150,,,,,,
79.360,,0,-150,0,-150,,,,,,
79.380,,0,-150,0,-150,,,,,,
79.400,,0,-150,0,-150,,,,,,
79.420,,0,-150,0,-150,,,,,,
79.440,,0,-150,0,-150,,,,,,
79.460,,0,-150,0,-150,,,,,,
79.480,,0,-150,0,-150,,,,,,
79.500,,0,-150,0,-150,,,,,,
79.520,,0,-150,0,-150,,,,,,
79.540,,0,0,0,-135,,,,,,
79.560,,0,0,0,-120,,,,,,
79.580,,0,0,0,-105,,,,,,
79.600,,0,0,0,-90,,,,,,
79.620,,0,0,0,-75,,,,,,
79.640,,-250,0,-15,-60,,,,,,
79.660,,-250,0,-30,-45,,,,,,
79.680,,-250,0,-45,-30,,,,,,
79.700,,-250,0,-60,-15,,,,,,
79.720,,-250,0,-75,0,,,,,,
79.740,,-250,0,-90,0,,,,,,
79.760,,-250,0,-105,0,,,,,,
79.780,,-250,0,-120,0,,,,,,
79.800,,-250,0,-135,0,,,,,,
79.820,,-250,0,-150,0,,,,,,
79.840,,-250,0,-165,0,,,,,,
79.860,,-250,0,-180,0,,,,,,
79.880,,-250,0,-195,0,,,,,,
79.900,,-250,0,-210,0,,,,,,
79.920,,-250,0,-225,0,,,,,,
79.940,,-250,0,-240,0,,,,,,
79.960,,-250,0,-250,0,,,,,,
79.980,,-250,0,-250,0,,,,,,
80.000,,-250,0,-250,0,,,,,,
80.020,,-250,0,-250,0,,,,,,
80.040,,-250,0,-250,0,,,,,,
80.060,,-250,0,-250,0,,,,,,
80.080,,-250,0,-250,0,,,,,,
80.100,,-250,0,-250,0,,,,,,
80.120,,-250,0,-250,0,,,,,,
80.140,,-250,0,-250,0,,,,,,
80.160,,-250,0,-250,0,,,,,,
80.180,,-250,0,-250,0,,,,,,
80.200,,-250,0,-250,0,,,,,,
80.220,,-250,0,-250,0,,,,,,
80.240,,-250,0,-250,0,,,,,,
80.260,,-250,0,-250,0,,,,,,
80.280,,-250,0,-250,0,,,,,,
80.300,,-250,0,-250,0,,,,,,
80.320,,-250,0,-250,0,,,,,,
80.340,,-250,0,-250,0,,,,,,
80.360,,-250,0,-250,0,,,,,,
80.380,,-250,0,-250,0,,,,,,
80.400,,-250,0,-250,0,,,,,,
80.420,,-250,0,-250,0,,,,,,
80.440,,-250,0,-250,0,,,,,,
80.460,,-250,0,-250,0,,,,,,
80.480,,-250,0,-250,0,,,,,,
80.500,,-250,0,-250,0,,,,,,
80.520,,-250,0,-250,0,,,,,,
80.540,,-250,0,-250,0,,,,,,
80.560,,-250,0,-250,0,,,,,,
80.580,,-250,0,-250,0,,,,,,
80.600,,-250,0,-250,0,,,,,,
80.620,,-250,0,-250,0,,,,,,
80.640,,-250,0,-250,0,,,,,,
80.660,,-250,0,-250,0,,,,,,
80.680,,-250,0,-250,0,,,,,,
80.700,,-250,0,-250,0,,,,,,
80.720,,-250,0,-250,0,,,,,,
80.740,,-250,0,-250,0,,,,,,
80.760,,-250,0,-250,0,,,,,,
80.780,,-250,0,-250,0,,,,,,
80.800,,-250,0,-250,0,,,,,,
80.820,,-250,0,-250,0,,,,,,
80.840,,-250,0,-250,0,,,,,,
80.860,,-250,0,-250,0,,,,,,
80.880,,-250,0,-250,0,,,,,,
80.900,,-250,0,-250,0,,,,,,
80.920,,-250,0,-250,0,,,,,,
80.940,,-250,0,-250,0,,,,,,
80.960,,-250,0,-250,0,,,,,,
80.980,,-250,0,-250,0,,,,,,
81.000,,-250,0,-250,0,,,,,,
81.020,,-250,0,-250,0,,,,,,
81.040,,-250,0,-250,0,,,,,,
81.060,,-250,0,-250,0,,,,,,
81.080,,-250,0,-250,0,,,,,,
81.100,,-250,0,-250,0,,,,,,
81.120,,-250,0,-250,0,,,,,,
81.140,,-250,0,-250,0,,,,,,
81.160,,-250,0,-250,0,,,,,,
81.180,,-250,0,-250,0,,,,,,
81.200,,-250,0,-250,0,,,,,,
81.220,,-250,0,-250,0,,,,,,
81.240,,-250,0,-250,0,,,,,,
81.260,,-250,0,-250,0,,,,,,
81.280,,-250,0,-250,0,,,,,,
81.300,,-250,0,-250,0,,,,,,
81.320,,-250,0,-250,0,,,,,,
81.340,,-250,0,-250,0,,,,,,
81.360,,-250,0,-250,0,,,,,,
81.380,,-250,0,-250,0,,,,,,
81.400,,-250,0,-250,0,,,,,,
81.420,,-250,0,-250,0,,,,,,
81.440,,-250,0,-250,0,,,,,,
81.460,,-250,0,-250,0,,,,,,
81.480,,-250,0,-250,0,,,,,,
81.500,,-250,0,-250,0,,,,,,
81.520,,-250,0,-250,0,,,,,,
81.540,,-250,0,-250,0,,,,,,
81.560,,-250,0,-250,0,,,,,,
81.580,,-250,0,-250,0,,,,,,
81.600,,-250,0,-250,0,,,,,,
81.620,,-250,0,-250,0,,,,,,
81.640,,-250,0,-250,0,,,,,,
81.660,,-250,0,-250,0,,,,,,
81.680,,-250,0,-250,0,,,,,,
81.700,,-250,0,-250,0,,,,,,
81.720,,-250,0,-250,0,,,,,,
81.740,,-250,0,-250,0,,,,,,
81.760,,-250,0,-250,0,,,,,,
81.780,,-250,0,-250,0,,,,,,
81.800,,-250,0,-250,0,,,,,,
81.820,,-250,0,-250,0,,,,,,
81.840,,-250,0,-250,0,,,,,,
81.860,,-250,0,-250,0,,,,,,
81.880,,-250,0,-250,0,,,,,,
81.900,,-250,0,-250,0,,,,,,
81.920,,-250,0,-250,0,,,,,,
81.940,,-250,0,-250,0,,,,,,
81.960,,-250,0,-250,0,,,,,,
81.980,,-250,0,-250,0,,,,,,
82.000,,-250,0,-250,0,,,,,,
82.020,,-250,0,-250,0,,,,,,
82.040,,-250,0,-250,0,,,,,,
82.060,,-250,0,-250,0,,,,,,
82.080,,-250,0,-250,0,,,,,,
82.100,,-250,0,-250,0,,,,,,
82.120,,-250,0,-250,0,,,,,,
82.140,,-250,0,-250,0,,,,,,
82.160,,-250,0,-250,0,,,,,,
82.180,,-250,0,-250,0,,,,,,
82.200,,-250,0,-250,0,,,,,,
82.220,,-250,0,-250,0,,,,,,
82.240,,-250,0,-250,0,,,,,,
82.260,,-250,0,-250,0,,,,,,
82.280,,-250,0,-250,0,,,,,,
82.300,,-250,0,-250,0,,,,,,
82.320,,-250,0,-250,0,,,,,,
82.340,,-250,0,-250,0,,,,,,
82.360,,-250,0,-250,0,,,,,,
82.380,,-250,0,-250,0,,,,,,
82.400,,-250,0,-250,0,,,,,,
82.420,,-250,0,-250,0,,,,,,
82.440,,-250,0,-250,0,,,,,,
82.460,,-250,0,-250,0,,,,,,
82.480,,-250,0,-250,0,,,,,,
82.500,,-250,0,-250,0,,,,,,
82.520,,-250,0,-250,0,,,,,,
82.540,,-250,0,-250,0,,,,,,
82.560,,-250,0,-250,0,,,,,,
82.580,,-250,0,-250,0,,,,,,
82.600,,-250,0,-250,0,,,,,,
82.620,,-250,0,-250,0,,,,,,
82.640,,-250,0,-250,0,,,,,,
82.660,,-250,0,-250,0,,,,,,
82.680,,-250,0,-250,0,,,,,,
82.700,,-250,0,-250,0,,,,,,
82.720,,-250,0,-250,0,,,,,,
82.740,,-250,0,-250,0,,,,,,
82.760,,0,0,-235,0,,,,,,
82.780,,0,0,-220,0,,,,,,
82.800,,0,0,-205,0,,,,,,
82.820,,0,0,-190,0,,,,,,
82.840,,0,0,-175,0,,,,,,
82.860,,0,0,-160,0,,,,,,
82.880,,-250,0,-175,0,,,,,,
82.900,,-250,0,-190,0,,,,,,
82.920,,-250,0,-205,0,,,,,,
82.940,,-250,0,-220,0,,,,,,
82.960,,-250,0,-235,0,,,,,,
82.980,,-250,0,-250,0,,,,,,
83.000,,-250,0,-250,0,,,,,,
83.020,,-250,0,-250,0,,,,,,
83.040,,-250,0,-250,0,,,,,,
83.060,,-250,0,-250,0,,,,,,
83.080,,-250,0,-250,0,,,,,,
83.100,,-250,0,-250,0,,,,,,
83.120,,-250,0,-250,0,,,,,,
83.140,,-250,0,-250,0,,,,,,
83.160,,-250,0,-250,0,,,,,,
83.180,,-250,0,-250,0,,,,,,
83.200,,-250,0,-250,0,,,,,,
83.220,,-250,0,-250,0,,,,,,
83.240,,-250,0,-250,0,,,,,,
83.260,,-250,0,-250,0,,,,,,
83.280,,-250,0,-250,0,,,,,,
83.300,,-250,0,-250,0,,,,,,
83.320,,-250,0,-250,0,,,,,,
83.340,,-250,0,-250,0,,,,,,
83.360,,-250,0,-250,0,,,,,,
83.380,,-250,0,-250,0,,,,,,
83.400,w,-250,0,-250,0,,,,,,
83.420,,-250,0,-250,0,,,,,,
83.440,,-250,0,-250,0,,,,,,
83.460,,-250,0,-250,0,,,,,,
83.480,,-250,0,-250,0,,,,,,
83.500,,-250,0,-250,0,,,,,,
83.520,,-250,0,-250,0,,,,,,
83.540,,-250,0,-250,0,,,,,,
83.560,,-250,0,-250,0,,,,,,
83.580,,-250,0,-250,0,,,,,,
83.600,,-250,0,-250,0,,,,,,
83.620,,-250,0,-250,0,,,,,,
83.640,,-250,0,-250,0,,,,,,
83.660,,-250,0,-250,0,,,,,,
83.680,,-250,0,-250,0,,,,,,
83.700,,-250,0,-250,0,,,,,,
83.720,,-250,0,-250,0,,,,,,
83.740,,-250,0,-250,0,,,,,,
83.760,,-250,0,-250,0,,,,,,
83.780,,-250,0,-250,0,,,,,,
83.800,,-250,0,-250,0,,,,,,
83.820,,-250,0,-250,0,,,,,,
83.840,,-250,0,-250,0,,,,,,
83.860,,-250,0,-250,0,,,,,,
83.880,,-250,0,-250,0,,,,,,
83.900,,-250,0,-250,0,,,,,,
83.920,,-250,0,-250,0,,,,,,
83.940,,-250,0,-250,0,,,,,,
83.960,,-250,0,-250,0,,,,,,
83.980,,-250,0,-250,0,,,,,,
84.000,,-250,0,-250,0,,,,,,
84.020,,-250,0,-250,0,,,,,,
84.040,,-250,0,-250,0,,,,,,
84.060,,-250,0,-250,0,,,,,,
84.080,,-250,0,-250,0,,,,,,
84.100,,-250,0,-250,0,,,,,,
84.120,,-250,0,-250,0,,,,,,
84.140,,-250,0,-250,0,,,,,,
84.160,,-250,0,-250,0,,,,,,
84.180,,-250,0,-250,0,,,,,,
84.200,,-250,0,-250,0,,,,,,
84.220,,-250,0,-250,0,,,,,,
84.240,,-250,0,-250,0,,,,,,
84.260,,-250,0,-250,0,,,,,,
84.280,,-250,0,-250,0,,,,,,
84.300,,-250,0,-250,0,,,,,,
84.320,,-250,0,-250,0,,,,,,
84.340,,-250,0,-250,0,,,,,,
84.360,,-250,0,-250,0,,,,,,
84.380,,-250,0,-250,0,,,,,,
84.400,,-250,0,-250,0,,,,,,
84.420,,-250,0,-250,0,,,,,,
84.440,,-250,0,-250,0,,,,,,
84.460,,-250,0,-250,0,,,,,,
84.480,,-250,0,-250,0,,,,,,
84.500,,-250,0,-250,0,,,,,,
84.520,,-250,0,-250,0,,,,,,
84.540,,-250,0,-250,0,,,,,,
84.560,,250,0,-235,0,,,,,,
84.580,,250,0,-220,0,,,,,,
84.600,,250,0,-205,0,,,,,,
84.620,,250,0,-190,0,,,,,,
84.640,,250,0,-175,0,,,,,,
84.660,,250,0,-160,0,,,,,,
84.680,,250,0,-145,0,,,,,,
84.700,,250,0,-130,0,,,,,,
84.720,,250,0,-115,0,,,,,,
84.740,,250,0,-100,0,,,,,,
84.760,,250,0,-85,0,,,,,,
84.780,,250,0,-70,0,,,,,,
84.800,,250,0,-55,0,,,,,,
84.820,,250,0,-40,0,,,,,,
84.840,,250,0,-25,0,,,,,,
84.860,,250,0,-10,0,,,,,,
84.880,,250,0,5,0,,,,,,
84.900,,250,0,20,0,,,,,,
84.920,,250,0,35,0,,,,,,
84.940,,250,0,50,0,,,,,,
84.960,,250,0,65,0,,,,,,
84.980,,250,0,80,0,,,,,,
85.000,,250,0,95,0,,,,,,
85.020,,250,0,110,0,,,,,,
85.040,,250,0,125,0,,,,,,
85.060,,250,0,140,0,,,,,,
85.080,,250,0,155,0,,,,,,
85.100,,250,0,170,0,,,,,,
85.120,,250,0,185,0,,,,,,
85.140,,250,0,200,0,,,,,,
85.160,,250,0,215,0,,,,,,
85.180,,250,0,230,0,,,,,,
85.200,,250,0,245,0,,,,,,
85.220,,250,0,250,0,,,,,,
85.240,,250,0,250,0,,,,,,
85.260,,250,0,250,0,,,,,,
85.280,,250,0,250,0,,,,,,
85.300,,250,0,250,0,,,,,,
85.320,,250,0,250,0,,,,,,
85.340,,250,0,250,0,,,,,,
85.360,,250,0,250,0,,,,,,
85.380,,250,0,250,0,,,,,,
85.400,,250,0,250,0,,,,,,
85.420,,250,0,250,0,,,,,,
85.440,,250,0,250,0,,,,,,
85.460,,250,0,250,0,,,,,,
85.480,,250,0,250,0,,,,,,
85.500,,250,0,250,0,,,,,,
85.520,,250,0,250,0,,,,,,
85.540,,250,0,250,0,,,,,,
85.560,,250,0,250,0,,,,,,
85.580,,250,0,250,0,,,,,,
85.600,,250,0,250,0,,,,,,
85.620,,250,0,250,0,,,,,,
85.640,,250,0,250,0,,,,,,
85.660,,250,0,250,0,,,,,,
85.680,,250,0,250,0,,,,,,
85.700,,250,0,250,0,,,,,,
85.720,,250,0,250,0,,,,,,
85.740,,250,0,250,0,,,,,,
85.760,,250,0,250,0,,,,,,
85.780,,250,0,250,0,,,,,,
85.800,,250,0,250,0,,,,,,
85.820,,250,0,250,0,,,,,,
85.840,,250,0,250,0,,,,,,
85.860,,250,0,250,0,,,,,,
85.880,,250,0,250,0,,,,,,
85.900,,0,0,235,0,,,,,,
85.920,,0,0,220,0,,,,,,
85.940,,0,0,205,0,,,,,,
85.960,,0,0,190,0,,,,,,
85.980,,0,0,175,0,,,,,,
86.000,,0,0,160,0,,,,,,
86.020,,0,0,145,0,,,,,,
86.040,,0,0,130,0,,,,,,
86.060,,0,0,115,0,,,,,,
86.080,,0,0,100,0,,,,,,
86.100,,0,0,85,0,,,,,,
86.120,,0,0,70,0,,,,,,
86.140,,0,0,55,0,,,,,,
86.160,,0,0,40,0,,,,,,
86.180,,0,0,25,0,,,,,,
86.200,,0,0,10,0,,,,,,
86.220,,0,0,0,0,,,,,,
86.240,,0,0,0,0,,,,,,
86.260,,0,0,0,0,,,,,,
86.280,,0,0,0,0,,,,,,
86.300,,0,0,0,0,,,,,,
86.320,,0,0,0,0,,,,,,
86.340,,0,0,0,0,,,,,,
86.360,,0,0,0,0,,,,,,
86.380,,0,0,0,0,,,,,,
86.400,,0,0,0,0,,,,,,
86.420,,0,0,0,0,,,,,,
86.440,,0,0,0,0,,,,,,
86.460,,0,0,0,0,,,,,,
86.482,,0,0,0,0,,,,,,
86.500,,0,0,0,0,,,,,,
86.520,,0,0,0,0,,,,,,
86.540,,0,0,0,0,,,,,,
86.560,,0,0,0,0,,,,,,
86.580,,0,0,0,0,,,,,,
86.600,,0,0,0,0,,,,,,
86.620,,0,0,0,0,,,,,,
86.640,,0,0,0,0,,,,,,
86.660,,0,0,0,0,,,,,,
86.680,,0,0,0,0,,,,,,
86.700,,0,0,0,0,,,,,,
86.720,,0,0,0,0,,,,,,
86.740,,0,0,0,0,,,,,,
86.760,,0,0,0,0,,,,,,
86.780,,0,0,0,0,,,,,,
86.800,,0,0,0,0,,,,,,
86.820,,0,0,0,0,,,,,,
86.840,,0,0,0,0,,,,,,
86.860,,0,0,0,0,,,,,,
86.880,,0,0,0,0,,,,,,
86.900,,0,0,0,0,,,,,,
86.920,,0,0,0,0,,,,,,
86.940,,0,0,0,0,,,,,,
86.960,,0,0,0,0,,,,,,
86.980,,0,0,0,0,,,,,,
87.000,,0,0,0,0,,,,,,
87.020,,0,0,0,0,,,,,,
87.040,,0,0,0,0,,,,,,
87.060,,0,0,0,0,,,,,,
87.080,,-250,0,-15,0,,,,,,
87.100,,-250,0,-30,0,,,,,,
87.120,,-250,0,-45,0,,,,,,
87.140,,-250,0,-60,0,,,,,,
87.160,,-250,0,-75,0,,,,,,
87.180,,-250,0,-90,0,,,,,,
87.200,,-250,0,-105,0,,,,,,
87.220,,-250,0,-120,0,,,,,,
87.240,,-250,0,-135,0,,,,,,
87.260,,-250,0,-150,0,,,,,,
87.280,,-250,0,-165,0,,,,,,
87.300,,-250,0,-180,0,,,,,,
87.320,,-250,0,-195,0,,,,,,
87.340,,-250,0,-210,0,,,,,,
87.360,,-250,0,-225,0,,,,,,
87.380,,-250,0,-240,0,,,,,,
87.400,,-250,0,-250,0,,,,,,
87.420,,-250,0,-250,0,,,,,,
87.440,,-250,0,-250,0,,,,,,
87.460,,-250,0,-250,0,,,,,,
87.480,,-250,0,-250,0,,,,,,
87.500,,-250,0,-250,0,,,,,,
87.520,,-250,0,-250,0,,,,,,
87.540,,-250,0,-250,0,,,,,,
87.560,,-250,0,-250,0,,,,,,
87.580,,-250,0,-250,0,,,,,,
87.600,,-250,0,-250,0,,,,,,
87.620,,-250,0,-250,0,,,,,,
87.640,,-250,0,-250,0,,,,,,
87.660,,-250,0,-250,0,,,,,,
87.680,,-250,0,-250,0,,,,,,
87.700,,-250,0,-250,0,,,,,,
87.720,,-250,0,-250,0,,,,,,
87.740,,-250,0,-250,0,,,,,,
87.760,,-250,0,-250,0,,,,,,
87.780,,-250,0,-250,0,,,,,,
87.800,,-250,0,-250,0,,,,,,
87.820,,-250,0,-250,0,,,,,,
87.840,,-250,0,-250,0,,,,,,
87.860,,-250,0,-250,0,,,,,,
87.880,,-250,0,-250,0,,,,,,
87.900,,-250,0,-250,0,,,,,,
87.920,,-250,0,-250,0,,,,,,
87.940,,-250,0,-250,0,,,,,,
87.960,,-250,0,-250,0,,,,,,
87.980,,-250,0,-250,0,,,,,,
88.000,,-250,0,-250,0,,,,,,
88.020,,-250,0,-250,0,,,,,,
88.040,,-250,0,-250,0,,,,,,
88.060,,-250,0,-250,0,,,,,,
88.080,,-250,0,-250,0,,,,,,
88.100,,-250,0,-250,0,,,,,,
88.120,,-250,0,-250,0,,,,,,
88.140,,-250,0,-250,0,,,,,,
88.160,,-250,0,-250,0,,,,,,
88.180,,-250,0,-250,0,,,,,,
88.200,,-250,0,-250,0,,,,,,
88.220,,-250,0,-250,0,,,,,,
88.240,,-250,0,-250,0,,,,,,
88.260,,-250,0,-250,0,,,,,,
88.280,,-250,0,-250,0,,,,,,
88.300,,-250,0,-250,0,,,,,,
88.320,,-250,0,-250,0,,,,,,
88.340,,-250,0,-250,0,,,,,,
88.360,,-250,0,-250,0,,,,,,
88.380,,-250,0,-250,0,,,,,,
88.400,,-250,0,-250,0,,,,,,
88.420,,-250,0,-250,0,,,,,,
88.440,,-250,0,-250,0,,,,,,
88.460,,-250,0,-250,0,,,,,,
88.480,,-250,0,-250,0,,,,,,
88.500,,-250,0,-250,0,,,,,,
88.520,,-250,0,-250,0,,,,,,
88.540,,-250,0,-250,0,,,,,,
88.560,,-250,0,-250,0,,,,,,
88.580,,-250,0,-250,0,,,,,,
88.600,,-250,0,-250,0,,,,,,
88.620,,-250,0,-250,0,,,,,,
88.640,,-250,0,-250,0,,,,,,
88.660,,-250,0,-250,0,,,,,,
88.680,,-250,0,-250,0,,,,,,
88.700,,-250,0,-250,0,,,,,,
88.720,,-250,0,-250,0,,,,,,
88.740,,-250,0,-250,0,,,,,,
88.760,,-250,0,-250,0,,,,,,
88.780,,-250,0,-250,0,,,,,,
88.800,,-250,0,-250,0,,,,,,
88.820,,-250,0,-250,0,,,,,,
88.840,,-250,0,-250,0,,,,,,
88.860,,-250,0,-250,0,,,,,,
88.880,,-250,0,-250,0,,,,,,
88.900,,-250,0,-250,0,,,,,,
88.920,,-250,0,-250,0,,,,,,
88.940,,-250,0,-250,0,,,,,,
88.960,,-250,0,-250,0,,,,,,
88.980,,-250,0,-250,0,,,,,,
89.000,,-250,0,-250,0,,,,,,
89.020,,-250,0,-250,0,,,,,,
89.040,,-250,0,-250,0,,,,,,
89.060,,-250,0,-250,0,,,,,,
89.080,,-250,0,-250,0,,,,,,
89.100,,-250,0,-250,0,,,,,,
89.120,,-250,0,-250,0,,,,,,
89.140,,-250,0,-250,0,,,,,,
89.160,,-250,0,-250,0,,,,,,
89.180,,-250,0,-250,0,,,,,,
89.200,,-250,0,-250,0,,,,,,
89.220,,-250,0,-250,0,,,,,,
89.240,,-250,0,-250,0,,,,,,
89.260,,-250,0,-250,0,,,,,,
89.280,,-250,0,-250,0,,,,,,
89.300,,0,0,-235,0,,,,,,
89.320,,0,0,-220,0,,,,,,
89.340,,0,0,-205,0,,,,,,
89.360,,0,0,-190,0,,,,,,
89.380,,0,0,-175,0,,,,,,
89.400,,0,0,-160,0,,,,,,
89.420,,0,0,-145,0,,,,,,
89.440,,0,0,-130,0,,,,,,
89.460,,0,0,-115,0,,,,,,
89.480,,0,0,-100,0,,,,,,
89.500,,0,0,-85,0,,,,,,
89.520,,0,0,-70,0,,,,,,
89.540,,0,0,-55,0,,,,,,
89.560,,0,0,-40,0,,,,,,
89.580,,0,0,-25,0,,,,,,
89.600,,0,0,-10,0,,,,,,
89.620,,0,0,0,0,,,,,,
89.640,,0,0,0,0,,,,,,
89.660,,0,0,0,0,,,,,,
89.680,,0,0,0,0,,,,,,
89.700,,0,0,0,0,,,,,,
89.720,,0,0,0,0,,,,,,
89.740,,0,0,0,0,,,,,,
89.760,,0,0,0,0,,,,,,
89.780,,0,0,0,0,,,,,,
89.800,,0,0,0,0,,,,,,
89.820,,0,0,0,0,,,,,,
89.840,,0,0,0,0,,,,,,
89.860,,0,0,0,0,,,,,,
89.880,,0,0,0,0,,,,,,
89.900,,0,0,0,0,,,,,,
89.920,,0,0,0,0,,,,,,
89.940,,0,0,0,0,,,,,,
89.960,,0,0,0,0,,,,,,
89.980,,0,0,0,0,,,,,,
90.000,,0,0,0,0,,,,,,
90.020,,0,0,0,0,,,,,,
90.040,,0,0,0,0,,,,,,
90.060,,0,0,0,0,,,,,,
90.080,,0,0,0,0,,,,,,
90.100,,0,0,0,0,,,,,,
90.120,,0,0,0,0,,,,,,
90.140,,0,0,0,0,,,,,,
90.160,,0,0,0,0,,,,,,
90.180,,0,0,0,0,,,,,,
90.200,,0,0,0,0,,,,,,
90.220,,0,0,0,0,,,,,,
90.240,,0,0,0,0,,,,,,
90.260,,0,0,0,0,,,,,,
90.280,,0,0,0,0,,,,,,
90.300,,0,0,0,0,,,,,,
90.320,,0,0,0,0,,,,,,
90.340,w,-250,0,-15,0,,,,,,
90.360,,-250,0,-30,0,,,,,,
90.380,,-250,0,-45,0,,,,,,
90.400,,-250,0,-60,0,,,,,,
90.420,,-250,0,-75,0,,,,,,
90.440,,-250,0,-90,0,,,,,,
90.460,,-250,0,-105,0,,,,,,
90.480,,-250,0,-120,0,,,,,,
90.500,,-250,0,-135,0,,,,,,
90.520,,-250,0,-150,0,,,,,,
90.540,,-250,0,-165,0,,,,,,
90.560,,-250,0,-180,0,,,,,,
90.580,,-250,0,-195,0,,,,,,
90.600,,-250,0,-210,0,,,,,,
90.620,,-250,0,-225,0,,,,,,
90.640,,-250,0,-240,0,,,,,,
90.660,,-250,0,-250,0,,,,,,
90.680,,-250,0,-250,0,,,,,,
90.700,,-250,0,-250,0,,,,,,
90.720,,-250,0,-250,0,,,,,,
90.740,,-250,0,-250,0,,,,,,
90.760,,-250,0,-250,0,,,,,,
90.780,,-250,0,-250,0,,,,,,
90.800,,-250,0,-250,0,,,,,,
90.820,,-250,0,-250,0,,,,,,
90.840,,-250,0,-250,0,,,,,,
90.860,,-250,0,-250,0,,,,,,
90.880,,-250,0,-250,0,,,,,,
90.900,w,-250,0,-250,0,,,,,,
90.920,,-250,0,-250,0,,,,,,
90.940,,-250,0,-250,0,,,,,,
90.960,,-250,0,-250,0,,,,,,
90.980,,-250,0,-250,0,,,,,,
91.000,,-250,0,-250,0,,,,,,
91.020,w,-250,0,-250,0,,,,,,
91.040,,-250,0,-250,0,,,,,,
91.060,,-250,0,-250,0,,,,,,
91.080,,-250,0,-250,0,,,,,,
91.100,,-250,0,-250,0,,,,,,
91.120,,-250,0,-250,0,,,,,,
91.140,,-250,0,-250,0,,,,,,
91.160,,-250,0,-250,0,,,,,,
91.180,,-250,0,-250,0,,,,,,
91.200,w,-250,0,-250,0,,,,,,
91.220,,-250,0,-250,0,,,,,,
91.240,,-250,0,-250,0,,,,,,
91.260,,-250,0,-250,0,,,,,,
91.280,,-250,0,-250,0,,,,,,
91.300,,-250,0,-250,0,,,,,,
91.320,,-250,0,-250,0,,,,,,
91.340,,-250,0,-250,0,,,,,,
91.360,,-250,0,-250,0,,,,,,
91.380,,-250,0,-250,0,,,,,,
91.400,,-250,0,-250,0,,,,,,
91.420,,-250,0,-250,0,,,,,,
91.440,w,-250,0,-250,0,,,,,,
91.460,,-250,0,-250,0,,,,,,
91.480,,-250,0,-250,0,,,,,,
91.500,,-250,0,-250,0,,,,,,
91.520,,-250,0,-250,0,,,,,,
91.540,,-250,0,-250,0,,,,,,
91.560,,-250,0,-250,0,,,,,,
91.580,,-250,0,-250,0,,,,,,
91.600,,-250,0,-250,0,,,,,,
91.620,,-250,0,-250,0,,,,,,
91.640,,-250,0,-250,0,,,,,,
91.660,,-250,0,-250,0,,,,,,
91.680,,-250,0,-250,0,,,,,,
91.700,,-250,0,-250,0,,,,,,
91.720,,-250,0,-250,0,,,,,,
91.740,,-250,0,-250,0,,,,,,
91.760,,-250,0,-250,0,,,,,,
91.780,,-250,0,-250,0,,,,,,
91.800,,-250,0,-250,0,,,,,,
91.820,,-250,0,-250,0,,,,,,
91.840,,-250,0,-250,0,,,,,,
91.860,,-250,0,-250,0,,,,,,
91.880,,-250,0,-250,0,,,,,,
91.900,,-250,0,-250,0,,,,,,
91.920,,-250,0,-250,0,,,,,,
91.940,,-250,0,-250,0,,,,,,
91.960,,-250,0,-250,0,,,,,,
91.980,,-250,0,-250,0,,,,,,
92.000,,-250,0,-250,0,,,,,,
92.020,,-250,0,-250,0,,,,,,
92.040,,-250,0,-250,0,,,,,,
92.060,,-250,0,-250,0,,,,,,
92.080,,-250,0,-250,0,,,,,,
92.100,,-250,0,-250,0,,,,,,
92.120,,-250,0,-250,0,,,,,,
92.140,,-250,0,-250,0,,,,,,
92.160,w,-250,0,-250,0,,,,,,
92.180,,-250,0,-250,0,,,,,,
92.200,,-250,0,-250,0,,,,,,
92.220,,-250,0,-250,0,,,,,,
92.240,,-250,0,-250,0,,,,,,
92.260,,-250,0,-250,0,,,,,,
92.280,,-250,0,-250,0,,,,,,
92.300,,-250,0,-250,0,,,,,,
92.320,,-250,0,-250,0,,,,,,
92.340,,-250,0,-250,0,,,,,,
92.360,,-250,0,-250,0,,,,,,
92.380,,-250,0,-250,0,,,,,,
92.400,,-250,0,-250,0,,,,,,
92.420,,-250,0,-250,0,,,,,,
92.440,,-250,0,-250,0,,,,,,
92.460,,-250,0,-250,0,,,,,,
92.480,,-250,0,-250,0,,,,,,
92.500,,-250,0,-250,0,,,,,,
92.520,,-250,0,-250,0,,,,,,
92.540,,-250,0,-250,0,,,,,,
92.560,,-250,0,-250,0,,,,,,
92.580,,-250,0,-250,0,,,,,,
92.600,,-250,0,-250,0,,,,,,
92.620,,-250,0,-250,0,,,,,,
92.640,w,-250,0,-250,0,,,,,,
92.660,,-250,0,-250,0,,,,,,
92.680,,-250,0,-250,0,,,,,,
92.700,,-250,0,-250,0,,,,,,
92.720,,-250,0,-250,0,,,,,,
92.740,,-250,0,-250,0,,,,,,
92.760,,-250,0,-250,0,,,,,,
92.780,,-250,0,-250,0,,,,,,
92.800,,-250,0,-250,0,,,,,,
92.820,,-250,0,-250,0,,,,,,
92.840,,-250,0,-250,0,,,,,,
92.860,,-250,0,-250,0,,,,,,
92.880,w,-250,0,-250,0,,,,,,
92.900,,-250,0,-250,0,,,,,,
92.920,,-250,0,-250,0,,,,,,
92.940,w,-250,0,-250,0,,,,,,
92.960,,-250,0,-250,0,,,,,,
92.980,,-250,0,-250,0,,,,,,
93.000,,-250,0,-250,0,,,,,,
93.020,,-250,0,-250,0,,,,,,
93.040,,-250,0,-250,0,,,,,,
93.060,,-250,0,-250,0,,,,,,
93.080,,-250,0,-250,0,,,,,,
93.100,,-250,0,-250,0,,,,,,
93.120,w,-250,0,-250,0,,,,,,
93.140,,-250,0,-250,0,,,,,,
93.160,,-250,0,-250,0,,,,,,
93.180,,-250,0,-250,0,,,,,,
93.200,,-250,0,-250,0,,,,,,
93.220,,-250,0,-250,0,,,,,,
93.240,,-250,0,-250,0,,,,,,
93.260,,-250,0,-250,0,,,,,,
93.280,,-250,0,-250,0,,,,,,
93.300,,-250,0,-250,0,,,,,,
93.320,,-250,0,-250,0,,,,,,
93.340,,-250,0,-250,0,,,,,,
93.360,,-250,0,-250,0,,,,,,
93.380,,-250,0,-250,0,,,,,,
93.400,,-250,0,-250,0,,,,,,
93.420,,-250,0,-250,0,,,,,,
93.440,,-250,0,-250,0,,,,,,
93.460,,-250,0,-250,0,,,,,,
93.480,,-250,0,-250,0,,,,,,
93.500,,-250,0,-250,0,,,,,,
93.520,,-250,0,-250,0,,,,,,
93.540,,-250,0,-250,0,,,,,,
93.560,,-250,0,-250,0,,,,,,
93.580,,-250,0,-250,0,,,,,,
93.600,,-250,0,-250,0,,,,,,
93.620,,-250,0,-250,0,,,,,,
93.640,,-250,0,-250,0,,,,,,
93.660,,-250,0,-250,0,,,,,,
93.680,,-250,0,-250,0,,,,,,
93.700,,-250,0,-250,0,,,,,,
93.720,,-250,0,-250,0,,,,,,
93.740,,-250,0,-250,0,,,,,,
93.760,,-250,0,-250,0,,,,,,
93.780,,-250,0,-250,0,,,,,,
93.800,,-250,0,-250,0,,,,,,
93.820,,-250,0,-250,0,,,,,,
93.840,,-250,0,-250,0,,,,,,
93.860,,-250,0,-250,0,,,,,,
93.880,,-250,0,-250,0,,,,,,
93.900,,-250,0,-250,0,,,,,,
93.920,,-250,0,-250,0,,,,,,
93.940,,-250,0,-250,0,,,,,,
93.960,,-250,0,-250,0,,,,,,
93.980,,-250,0,-250,0,,,,,,
94.000,,-250,0,-250,0,,,,,,
94.020,,-250,0,-250,0,,,,,,
94.040,,-250,0,-250,0,,,,,,
94.060,,-250,0,-250,0,,,,,,
94.080,,-250,0,-250,0,,,,,,
94.100,,-250,0,-250,0,,,,,,
94.120,,-250,0,-250,0,,,,,,
94.140,,-250,0,-250,0,,,,,,
94.160,,-250,0,-250,0,,,,,,
94.180,,-250,0,-250,0,,,,,,
94.200,,-250,0,-250,0,,,,,,
94.220,,-250,0,-250,0,,,,,,
94.240,,-250,0,-250,0,,,,,,
94.260,,-250,0,-250,0,,,,,,
94.280,,-250,0,-250,0,,,,,,
94.300,,-250,0,-250,0,,,,,,
94.320,,-250,0,-250,0,,,,,,
94.340,,-250,0,-250,0,,,,,,
94.360,,-250,0,-250,0,,,,,,
94.380,,-250,0,-250,0,,,,,,
94.400,,-250,0,-250,0,,,,,,
94.420,,-250,0,-250,0,,,,,,
94.440,,-250,0,-250,0,,,,,,
94.460,,-250,0,-250,0,,,,,,
94.480,,-250,0,-250,0,,,,,,
94.500,,-250,0,-250,0,,,,,,
94.520,,-250,0,-250,0,,,,,,
94.540,,-250,0,-250,0,,,,,,
94.560,,-250,0,-250,0,,,,,,
94.580,,-250,0,-250,0,,,,,,
94.600,,-250,0,-250,0,,,,,,
94.620,,-250,0,-250,0,,,,,,
94.640,,-250,0,-250,0,,,,,,
94.660,,-250,0,-250,0,,,,,,
94.680,,-250,0,-250,0,,,,,,
94.700,,-250,0,-250,0,,,,,,
94.720,,-250,0,-250,0,,,,,,
94.740,w,-250,0,-250,0,,,,,,
94.760,,-250,0,-250,0,,,,,,
94.780,,-250,0,-250,0,,,,,,
94.800,,-250,0,-250,0,,,,,,
94.820,,-250,0,-250,0,,,,,,
94.840,,-250,0,-250,0,,,,,,
94.860,,-250,0,-250,0,,,,,,
94.880,,-250,0,-250,0,,,,,,
94.900,,-250,0,-250,0,,,,,,
94.920,,-250,0,-250,0,,,,,,
94.940,,-250,0,-250,0,,,,,,
94.960,,-250,0,-250,0,,,,,,
94.980,,-250,0,-250,0,,,,,,
95.000,,-250,0,-250,0,,,,,,
95.020,,-250,0,-250,0,,,,,,
95.040,,-250,0,-250,0,,,,,,
95.060,,-250,0,-250,0,,,,,,
95.080,,-250,0,-250,0,,,,,,
95.100,,-250,0,-250,0,,,,,,
95.120,,-250,0,-250,0,,,,,,
95.140,,-250,0,-250,0,,,,,,
95.160,,-250,0,-250,0,,,,,,
95.180,,-250,0,-250,0,,,,,,
95.200,,-250,0,-250,0,,,,,,
95.220,,-250,0,-250,0,,,,,,
95.240,,-250,0,-250,0,,,,,,
95.260,,-250,0,-250,0,,,,,,
95.280,,-250,0,-250,0,,,,,,
95.300,,-250,0,-250,0,,,,,,
95.320,,-250,0,-250,0,,,,,,
95.340,,-250,0,-250,0,,,,,,
95.360,,-250,0,-250,0,,,,,,
95.380,,-250,0,-250,0,,,,,,
95.400,,-250,0,-250,0,,,,,,
95.420,,-250,0,-250,0,,,,,,
95.440,,-250,0,-250,0,,,,,,
95.460,,-250,0,-250,0,,,,,,
95.480,,-250,0,-250,0,,,,,,
95.500,,-250,0,-250,0,,,,,,
95.520,,-250,0,-250,0,,,,,,
95.540,,-250,0,-250,0,,,,,,
95.560,,-250,0,-250,0,,,,,,
95.580,,-250,0,-250,0,,,,,,
95.600,,-250,0,-250,0,,,,,,
95.620,,-250,0,-250,0,,,,,,
95.640,,-250,0,-250,0,,,,,,
95.660,,0,0,-235,0,,,,,,
95.680,,0,0,-220,0,,,,,,
95.700,,0,0,-205,0,,,,,,
95.720,,0,0,-190,0,,,,,,
95.740,,0,0,-175,0,,,,,,
95.760,,0,0,-160,0,,,,,,
95.780,,0,0,-145,0,,,,,,
95.800,,0,0,-130,0,,,,,,
95.820,,0,0,-115,0,,,,,,
95.840,,0,0,-100,0,,,,,,
95.860,,0,0,-85,0,,,,,,
95.880,,0,0,-70,0,,,,,,
95.900,,0,0,-55,0,,,,,,
95.920,,0,0,-40,0,,,,,,
95.940,,0,0,-25,0,,,,,,
95.960,,0,0,-10,0,,,,,,
95.980,,0,0,0,0,,,,,,
96.000,,0,0,0,0,,,,,,
96.020,,0,0,0,0,,,,,,
96.040,,0,0,0,0,,,,,,
96.060,,0,0,0,0,,,,,,
96.080,,0,0,0,0,,,,,,
96.100,,0,0,0,0,,,,,,
96.120,,0,0,0,0,,,,,,
96.140,,0,0,0,0,,,,,,
96.160,,0,0,0,0,,,,,,
96.180,,0,0,0,0,,,,,,
96.200,,0,0,0,0,,,,,,
96.220,,0,0,0,0,,,,,,
96.240,,0,0,0,0,,,,,,
96.260,,0,0,0,0,,,,,,
96.280,,0,0,0,0,,,,,,
96.300,,0,0,0,0,,,,,,
96.320,,0,0,0,0,,,,,,
96.340,,0,0,0,0,,,,,,
96.360,,0,0,0,0,,,,,,
96.380,,0,0,0,0,,,,,,
96.400,,0,0,0,0,,,,,,
96.420,,0,0,0,0,,,,,,
96.440,,0,0,0,0,,,,,,
96.460,,0,0,0,0,,,,,,
96.480,,0,0,0,0,,,,,,
96.500,,0,0,0,0,,,,,,
96.520,,0,0,0,0,,,,,,
96.540,,0,0,0,0,,,,,,
96.560,,0,0,0,0,,,,,,
96.580,,0,0,0,0,,,,,,
96.600,,0,0,0,0,,,,,,
96.620,,0,0,0,0,,,,,,
96.640,,0,0,0,0,,,,,,
96.660,,0,0,0,0,,,,,,
96.680,,0,0,0,0,,,,,,
96.700,,0,0,0,0,,,,,,
96.720,,0,0,0,0,,,,,,
96.740,,0,0,0,0,,,,,,
96.760,,0,0,0,0,,,,,,
96.780,,0,0,0,0,,,,,,
96.800,,0,0,0,0,,,,,,
96.820,,0,0,0,0,,,,,,
96.840,,0,0,0,0,,,,,,
96.860,,0,0,0,0,,,,,,
96.880,,0,0,0,0,,,,,,
96.900,,0,0,0,0,,,,,,
96.920,,-250,0,-15,0,,,,,,
96.940,,-250,0,-30,0,,,,,,
96.960,,-250,0,-45,0,,,,,,
96.980,,-250,0,-60,0,,,,,,
97.000,,-250,0,-75,0,,,,,,
97.020,,-250,0,-90,0,,,,,,
97.040,,-250,0,-105,0,,,,,,
97.060,,-250,0,-120,0,,,,,,
97.080,,-250,0,-135,0,,,,,,
97.100,,-250,0,-150,0,,,,,,
97.120,,-250,0,-165,0,,,,,,
97.140,,-250,0,-180,0,,,,,,
97.160,,-250,0,-195,0,,,,,,
97.180,,-250,0,-210,0,,,,,,
97.200,,-250,0,-225,0,,,,,,
97.220,,-250,0,-240,0,,,,,,
97.240,,-250,0,-250,0,,,,,,
97.260,,-250,0,-250,0,,,,,,
97.280,,-250,0,-250,0,,,,,,
97.300,,-250,0,-250,0,,,,,,
97.320,,-250,0,-250,0,,,,,,
97.340,,-250,0,-250,0,,,,,,
97.360,,-250,0,-250,0,,,,,,
97.380,,-250,0,-250,0,,,,,,
97.400,,-250,0,-250,0,,,,,,
97.420,,-250,0,-250,0,,,,,,
97.440,,-250,0,-250,0,,,,,,
97.460,,-250,0,-250,0,,,,,,
97.480,,-250,0,-250,0,,,,,,
97.500,w,-250,0,-250,0,,,,,,
97.520,,-250,0,-250,0,,,,,,
97.540,,-250,0,-250,0,,,,,,
97.560,,-250,0,-250,0,,,,,,
97.580,,-250,0,-250,0,,,,,,
97.600,,-250,0,-250,0,,,,,,
97.620,,-250,0,-250,0,,,,,,
97.640,,-250,0,-250,0,,,,,,
97.660,,-250,0,-250,0,,,,,,
97.680,,-250,0,-250,0,,,,,,
97.700,,-250,0,-250,0,,,,,,
97.720,,-250,0,-250,0,,,,,,
97.740,,-250,0,-250,0,,,,,,
97.760,,-250,0,-250,0,,,,,,
97.780,,-250,0,-250,0,,,,,,
97.800,,-250,0,-250,0,,,,,,
97.820,,-250,0,-250,0,,,,,,
97.840,,-250,0,-250,0,,,,,,
97.860,,-250,0,-250,0,,,,,,
97.880,,-250,0,-250,0,,,,,,
97.900,,-250,0,-250,0,,,,,,
97.920,,-250,0,-250,0,,,,,,
97.940,,-250,0,-250,0,,,,,,
97.960,,-250,0,-250,0,,,,,,
97.980,,-250,0,-250,0,,,,,,
98.000,,-250,0,-250,0,,,,,,
98.020,,-250,0,-250,0,,,,,,
98.040,,-250,0,-250,0,,,,,,
98.060,,-250,0,-250,0,,,,,,
98.080,,-250,0,-250,0,,,,,,
98.100,w,-250,0,-250,0,,,,,,
98.120,,-250,0,-250,0,,,,,,
98.140,,-250,0,-250,0,,,,,,
98.160,,-250,0,-250,0,,,,,,
98.180,,-250,0,-250,0,,,,,,
98.200,,-250,0,-250,0,,,,,,
98.220,,-250,0,-250,0,,,,,,
98.240,,-250,0,-250,0,,,,,,
98.260,,-250,0,-250,0,,,,,,
98.280,,-250,0,-250,0,,,,,,
98.300,,-250,0,-250,0,,,,,,
98.320,,-250,0,-250,0,,,,,,
98.340,,-250,0,-250,0,,,,,,
98.360,,-250,0,-250,0,,,,,,
98.380,,-250,0,-250,0,,,,,,
98.400,,-250,0,-250,0,,,,,,
98.420,,-250,0,-250,0,,,,,,
98.440,,-250,0,-250,0,,,,,,
98.460,,-250,0,-250,0,,,,,,
98.480,,-250,0,-250,0,,,,,,
98.500,,-250,0,-250,0,,,,,,
98.520,,-250,0,-250,0,,,,,,
98.540,,-250,0,-250,0,,,,,,
98.560,,-250,0,-250,0,,,,,,
98.580,,-250,0,-250,0,,,,,,
98.600,,-250,0,-250,0,,,,,,
98.620,,-250,0,-250,0,,,,,,
98.640,,-250,0,-250,0,,,,,,
98.660,,-250,0,-250,0,,,,,,
98.680,,-250,0,-250,0,,,,,,
98.700,w,-250,0,-250,0,,,,,,
98.720,,-250,0,-250,0,,,,,,
98.740,,-250,0,-250,0,,,,,,
98.760,,-250,0,-250,0,,,,,,
98.780,,-250,0,-250,0,,,,,,
98.800,,-250,0,-250,0,,,,,,
98.820,,-250,0,-250,0,,,,,,
98.840,,-250,0,-250,0,,,,,,
98.860,,-250,0,-250,0,,,,,,
98.880,,-250,0,-250,0,,,,,,
98.900,,-250,0,-250,0,,,,,,
98.920,,-250,0,-250,0,,,,,,
98.940,,-250,0,-250,0,,,,,,
98.960,,-250,0,-250,0,,,,,,
98.980,,-250,0,-250,0,,,,,,
99.000,,-250,0,-250,0,,,,,,
99.020,,-250,0,-250,0,,,,,,
99.040,,-250,0,-250,0,,,,,,
99.060,,-250,0,-250,0,,,,,,
99.080,,-250,0,-250,0,,,,,,
99.100,,-250,0,-250,0,,,,,,
99.120,,-250,0,-250,0,,,,,,
99.140,,-250,0,-250,0,,,,,,
99.160,,-250,0,-250,0,,,,,,
99.180,,-250,0,-250,0,,,,,,
99.200,,-250,0,-250,0,,,,,,
99.220,,-250,0,-250,0,,,,,,
99.240,,-250,0,-250,0,,,,,,
99.260,,-250,0,-250,0,,,,,,
99.280,,-250,0,-250,0,,,,,,
99.300,,-250,0,-250,0,,,,,,
99.320,,-250,0,-250,0,,,,,,
99.340,,-250,0,-250,0,,,,,,
99.360,,-250,0,-250,0,,,,,,
99.380,,-250,0,-250,0,,,,,,
99.400,,-250,0,-250,0,,,,,,
99.420,,-250,0,-250,0,,,,,,
99.440,,0,0,-235,0,,,,,,
99.460,,0,0,-220,0,,,,,,
99.480,,0,0,-205,0,,,,,,
99.500,,0,0,-190,0,,,,,,
99.520,,0,0,-175,0,,,,,,
99.540,,0,0,-160,0,,,,,,
99.560,,0,0,-145,0,,,,,,
99.580,,0,0,-130,0,,,,,,
99.600,,0,0,-115,0,,,,,,
99.620,,0,0,-100,0,,,,,,
99.640,,0,0,-85,0,,,,,,
99.660,,0,0,-70,0,,,,,,
99.680,,0,0,-55,0,,,,,,
99.700,,0,0,-40,0,,,,,,
99.720,,0,0,-25,0,,,,,,
99.740,,0,0,-10,0,,,,,,
99.760,,0,0,0,0,,,,,,
99.780,,0,0,0,0,,,,,,
99.800,,0,0,0,0,,,,,,
99.820,,0,0,0,0,,,,,,
99.840,,0,0,0,0,,,,,,
99.860,,0,0,0,0,,,,,,
99.880,,0,0,0,0,,,,,,
99.900,,0,0,0,0,,,,,,
99.920,,0,0,0,0,,,,,,
99.940,,0,0,0,0,,,,,,
99.960,,0,0,0,0,,,,,,
99.980,,0,0,0,0,,,,,,
100.000,,0,0,0,0,,,,,,
100.020,,0,0,0,0,,,,,,
100.040,,0,0,0,0,,,,,,
100.060,,0,0,0,0,,,,,,
100.080,,0,0,0,0,,,,,,
100.100,,0,0,0,0,,,,,,
100.120,,0,0,0,0,,,,,,
100.140,,0,0,0,0,,,,,,
100.160,,0,0,0,0,,,,,,
100.180,,0,0,0,0,,,,,,
100.200,,0,0,0,0,,,,,,
100.220,,0,0,0,0,,,,,,
100.240,,0,0,0,0,,,,,,
100.260,,0,0,0,0,,,,,,
100.280,,0,0,0,0,,,,,,
100.300,,0,0,0,0,,,,,,
100.320,,0,0,0,0,,,,,,
100.340,,0,0,0,0,,,,,,
100.360,,0,0,0,0,,,,,,
100.380,,0,0,0,0,,,,,,
100.400,,0,0,0,0,,,,,,
100.420,,0,0,0,0,,,,,,
100.440,,0,0,0,0,,,,,,
100.460,,0,0,0,0,,,,,,
100.480,,0,0,0,0,,,,,,
100.500,,0,0,0,0,,,,,,
100.520,,0,0,0,0,,,,,,
100.540,,0,0,0,0,,,,,,
100.560,,0,0,0,0,,,,,,
100.580,,0,0,0,0,,,,,,
100.600,,0,0,0,0,,,,,,
100.620,,0,0,0,0,,,,,,
100.640,,0,0,0,0,,,,,,
100.660,,0,0,0,0,,,,,,
100.680,,0,0,0,0,,,,,,
100.700,,0,0,0,0,,,,,,
100.720,,0,0,0,0,,,,,,
100.740,,0,0,0,0,,,,,,
100.760,,0,0,0,0,,,,,,
100.780,,0,0,0,0,,,,,,
100.800,,0,0,0,0,,,,,,
100.820,,0,0,0,0,,,,,,
100.840,,0,0,0,0,,,,,,
100.860,,0,0,0,0,,,,,,
100.880,,0,0,0,0,,,,,,
100.900,,0,0,0,0,,,,,,
100.920,,0,0,0,0,,,,,,
100.940,,0,0,0,0,,,,,,
100.960,,0,0,0,0,,,,,,
100.980,,0,0,0,0,,,,,,
101.000,,0,0,0,0,,,,,,
101.020,,0,0,0,0,,,,,,
101.040,,0,0,0,0,,,,,,
101.060,,0,0,0,0,,,,,,
101.080,,0,0,0,0,,,,,,
101.100,,0,0,0,0,,,,,,
101.120,,0,0,0,0,,,,,,
101.140,,0,0,0,0,,,,,,
101.160,,0,0,0,0,,,,,,
101.180,,0,0,0,0,,,,,,
101.200,,0,0,0,0,,,,,,
101.220,,0,0,0,0,,,,,,
101.240,,0,0,0,0,,,,,,
101.260,,0,0,0,0,,,,,,
101.280,,0,0,0,0,,,,,,
101.300,,0,0,0,0,,,,,,
101.320,,0,0,0,0,,,,,,
101.340,,0,0,0,0,,,,,,
101.360,,0,0,0,0,,,,,,
101.380,,0,0,0,0,,,,,,
101.400,,0,0,0,0,,,,,,
101.420,,0,0,0,0,,,,,,
101.440,,0,0,0,0,,,,,,
101.460,,0,0,0,0,,,,,,
101.480,,0,0,0,0,,,,,,
101.500,,0,0,0,0,,,,,,
101.520,,0,0,0,0,,,,,,
101.540,,0,0,0,0,,,,,,
101.560,,0,0,0,0,,,,,,
101.580,,0,0,0,0,,,,,,
101.600,,0,0,0,0,,,,,,
101.620,,0,0,0,0,,,,,,
101.640,,0,0,0,0,,,,,,
101.660,,0,0,0,0,,,,,,
101.680,,0,0,0,0,,,,,,
101.700,,0,0,0,0,,,,,,
101.720,,0,0,0,0,,,,,,
101.740,,0,0,0,0,,,,,,
101.760,,0,0,0,0,,,,,,
101.780,,0,0,0,0,,,,,,
101.800,,0,0,0,0,,,,,,
101.820,,0,0,0,0,,,,,,
101.840,,0,0,0,0,,,,,,
101.860,,0,0,0,0,,,,,,
101.880,,0,0,0,0,,,,,,
101.900,,0,0,0,0,,,,,,
101.920,,0,0,0,0,,,,,,
101.940,,0,0,0,0,,,,,,
101.960,,0,0,0,0,,,,,,
101.980,,0,0,0,0,,,,,,
102.000,,0,0,0,0,,,,,,
102.020,,0,0,0,0,,,,,,
102.040,,0,0,0,0,,,,,,
102.060,,0,0,0,0,,,,,,
102.080,,0,0,0,0,,,,,,
102.100,,0,0,0,0,,,,,,
102.120,,0,0,0,0,,,,,,
102.140,,0,0,0,0,,,,,,
102.160,,0,0,0,0,,,,,,
102.180,,0,0,0,0,,,,,,
102.200,,0,0,0,0,,,,,,
102.220,,0,0,0,0,,,,,,
102.240,,0,0,0,0,,,,,,
102.260,,0,0,0,0,,,,,,
102.280,,0,0,0,0,,,,,,
102.300,,0,0,0,0,,,,,,
102.320,,0,0,0,0,,,,,,
102.340,,0,0,0,0,,,,,,
102.360,,0,0,0,0,,,,,,
102.380,,0,0,0,0,,,,,,
102.400,,0,0,0,0,,,,,,
102.420,,0,0,0,0,,,,,,
102.440,,0,0,0,0,,,,,,
102.460,,0,0,0,0,,,,,,
102.480,,0,0,0,0,,,,,,
102.500,,0,0,0,0,,,,,,
102.520,,0,0,0,0,,,,,,
102.540,,0,0,0,0,,,,,,
102.560,,0,0,0,0,,,,,,
102.580,,0,0,0,0,,,,,,
102.600,,0,0,0,0,,,,,,
102.620,,0,0,0,0,,,,,,
102.640,,0,0,0,0,,,,,,
102.660,,0,0,0,0,,,,,,
102.680,,0,0,0,0,,,,,,
102.700,,0,0,0,0,,,,,,
102.720,,0,0,0,0,,,,,,
102.740,,0,0,0,0,,,,,,
102.760,,0,0,0,0,,,,,,
102.780,,0,0,0,0,,,,,,
102.800,,0,0,0,0,,,,,,
102.820,,0,0,0,0,,,,,,
102.840,,0,0,0,0,,,,,,
102.860,,0,0,0,0,,,,,,
102.880,,0,0,0,0,,,,,,
102.900,,0,0,0,0,,,,,,
102.920,,0,0,0,0,,,,,,
102.940,,0,0,0,0,,,,,,
102.960,,0,0,0,0,,,,,,
102.980,,0,0,0,0,,,,,,
103.000,,0,0,0,0,,,,,,
103.020,,0,0,0,0,,,,,,
103.040,,0,0,0,0,,,,,,
103.060,,0,0,0,0,,,,,,
103.080,,0,0,0,0,,,,,,
103.100,,0,0,0,0,,,,,,
103.120,,0,0,0,0,,,,,,
103.140,,0,0,0,0,,,,,,
103.160,,0,0,0,0,,,,,,
103.180,,0,0,0,0,,,,,,
103.200,,0,0,0,0,,,,,,
103.220,,0,0,0,0,,,,,,
103.240,,0,0,0,0,,,,,,
103.260,,0,0,0,0,,,,,,
103.280,,0,0,0,0,,,,,,
103.300,,0,0,0,0,,,,,,
103.320,,0,0,0,0,,,,,,
103.340,,0,0,0,0,,,,,,
103.360,,0,0,0,0,,,,,,
103.380,,0,0,0,0,,,,,,
103.400,,0,0,0,0,,,,,,
103.420,,0,0,0,0,,,,,,
103.440,,0,0,0,0,,,,,,
103.460,,0,0,0,0,,,,,,
103.480,,0,0,0,0,,,,,,
103.500,,0,0,0,0,,,,,,
103.520,,0,0,0,0,,,,,,
103.540,,0,0,0,0,,,,,,
103.560,,0,0,0,0,,,,,,
103.580,,0,0,0,0,,,,,,
103.600,,0,0,0,0,,,,,,
103.620,,0,0,0,0,,,,,,
103.640,,0,0,0,0,,,,,,
103.660,,0,0,0,0,,,,,,
103.680,,0,0,0,0,,,,,,
103.700,,0,0,0,0,,,,,,
103.720,,0,0,0,0,,,,,,
103.740,,0,0,0,0,,,,,,
103.760,,0,0,0,0,,,,,,
103.780,,0,0,0,0,,,,,,
103.800,,0,0,0,0,,,,,,
103.820,,0,0,0,0,,,,,,
103.840,,0,0,0,0,,,,,,
103.860,,0,0,0,0,,,,,,
103.880,,0,0,0,0,,,,,,
103.900,,0,0,0,0,,,,,,
103.920,,0,0,0,0,,,,,,
103.940,,0,0,0,0,,,,,,
103.960,,0,0,0,0,,,,,,
103.980,,0,0,0,0,,,,,,
104.000,,0,0,0,0,,,,,,
104.020,,0,0,0,0,,,,,,
104.040,,0,0,0,0,,,,,,
104.060,,0,0,0,0,,,,,,
104.080,,0,0,0,0,,,,,,
104.100,,0,0,0,0,,,,,,
104.120,,0,0,0,0,,,,,,
104.140,,0,0,0,0,,,,,,
104.160,,0,0,0,0,,,,,,
104.180,,0,0,0,0,,,,,,
104.200,,0,0,0,0,,,,,,
104.220,,0,0,0,0,,,,,,
104.240,,0,0,0,0,,,,,,
104.260,,0,0,0,0,,,,,,
104.280,,0,0,0,0,,,,,,
104.300,,0,0,0,0,,,,,,
104.320,,0,0,0,0,,,,,,
104.340,,0,0,0,0,,,,,,
104.360,,0,0,0,0,,,,,,
104.380,,0,0,0,0,,,,,,
104.400,,0,0,0,0,,,,,,
104.420,,0,0,0,0,,,,,,
104.440,,0,0,0,0,,,,,,
104.460,,0,0,0,0,,,,,,
104.480,,0,0,0,0,,,,,,
104.500,,0,0,0,0,,,,,,
104.520,,0,0,0,0,,,,,,
104.540,,0,0,0,0,,,,,,
104.560,,0,0,0,0,,,,,,
104.580,,0,0,0,0,,,,,,
104.600,,0,0,0,0,,,,,,
104.620,,0,0,0,0,,,,,,
104.640,,0,0,0,0,,,,,,
104.660,,0,0,0,0,,,,,,
104.680,,0,0,0,0,,,,,,
104.700,,0,0,0,0,,,,,,
104.720,,0,0,0,0,,,,,,
104.740,,0,0,0,0,,,,,,
104.760,,0,0,0,0,,,,,,
104.780,,0,0,0,0,,,,,,
104.800,,0,0,0,0,,,,,,
104.820,,0,0,0,0,,,,,,
104.840,,0,0,0,0,,,,,,
104.860,,0,0,0,0,,,,,,
104.880,,0,0,0,0,,,,,,
104.900,,0,0,0,0,,,,,,
104.920,,0,0,0,0,,,,,,
104.940,,0,0,0,0,,,,,,
104.960,,0,0,0,0,,,,,,
104.980,,0,0,0,0,,,,,,
105.000,,0,0,0,0,,,,,,
105.020,,0,0,0,0,,,,,,
105.040,,0,0,0,0,,,,,,
105.060,,0,0,0,0,,,,,,
105.080,,0,0,0,0,,,,,,
105.100,,0,0,0,0,,,,,,
105.120,,0,0,0,0,,,,,,
105.140,,0,0,0,0,,,,,,
105.160,,0,0,0,0,,,,,,
105.180,,0,0,0,0,,,,,,
105.200,,0,0,0,0,,,,,,
105.220,,0,0,0,0,,,,,,
105.240,,0,0,0,0,,,,,,
105.260,,0,0,0,0,,,,,,
105.280,,0,0,0,0,,,,,,
105.300,,0,0,0,0,,,,,,
105.320,,0,0,0,0,,,,,,
105.340,,0,0,0,0,,,,,,
105.360,,0,0,0,0,,,,,,
105.380,,0,0,0,0,,,,,,
105.400,,0,0,0,0,,,,,,
105.420,,0,0,0,0,,,,,,
105.440,,0,0,0,0,,,,,,
105.460,,0,0,0,0,,,,,,
105.480,,0,0,0,0,,,,,,
105.500,,0,0,0,0,,,,,,
105.520,,0,0,0,0,,,,,,
105.540,,0,0,0,0,,,,,,
105.560,,0,0,0,0,,,,,,
105.580,,0,0,0,0,,,,,,
105.600,,0,0,0,0,,,,,,
105.620,,0,0,0,0,,,,,,
105.640,,0,0,0,0,,,,,,
105.660,,0,0,0,0,,,,,,
105.680,,0,0,0,0,,,,,,
105.700,,0,0,0,0,,,,,,
105.720,,0,0,0,0,,,,,,
105.740,,0,0,0,0,,,,,,
105.760,,0,0,0,0,,,,,,
105.780,,0,0,0,0,,,,,,
105.800,,0,0,0,0,,,,,,
105.820,,0,0,0,0,,,,,,
105.840,,0,0,0,0,,,,,,
105.860,,0,0,0,0,,,,,,
105.880,,0,0,0,0,,,,,,
105.900,,0,0,0,0,,,,,,
105.920,,0,0,0,0,,,,,,
105.940,,0,0,0,0,,,,,,
105.960,,0,0,0,0,,,,,,
105.980,,0,0,0,0,,,,,,
106.000,,0,0,0,0,,,,,,
106.020,,0,0,0,0,,,,,,
106.040,,0,0,0,0,,,,,,
106.060,,0,0,0,0,,,,,,
106.080,,0,0,0,0,,,,,,
106.100,,0,0,0,0,,,,,,
106.120,,0,0,0,0,,,,,,
106.140,,0,0,0,0,,,,,,
106.160,,0,0,0,0,,,,,,
106.180,,0,0,0,0,,,,,,
106.200,,0,0,0,0,,,,,,
106.220,,0,0,0,0,,,,,,
106.240,,0,0,0,0,,,,,,
106.260,,0,0,0,0,,,,,,
106.280,,0,0,0,0,,,,,,
106.300,,0,0,0,0,,,,,,
106.320,,0,0,0,0,,,,,,
106.340,,0,0,0,0,,,,,,
106.360,,0,0,0,0,,,,,,
106.380,,0,0,0,0,,,,,,
106.400,,0,0,0,0,,,,,,
106.420,,0,0,0,0,,,,,,
106.440,,0,0,0,0,,,,,,
106.460,,0,0,0,0,,,,,,
106.480,,0,0,0,0,,,,,,
106.500,,0,0,0,0,,,,,,
106.520,,0,0,0,0,,,,,,
106.540,,0,0,0,0,,,,,,
106.560,,0,0,0,0,,,,,,
106.580,,0,0,0,0,,,,,,
106.600,,0,0,0,0,,,,,,
106.620,,0,0,0,0,,,,,,
106.640,,0,0,0,0,,,,,,
106.660,,0,0,0,0,,,,,,
106.680,,0,0,0,0,,,,,,
106.700,,0,0,0,0,,,,,,
106.720,,0,0,0,0,,,,,,
106.740,,0,0,0,0,,,,,,
106.760,,0,0,0,0,,,,,,
106.780,,0,0,0,0,,,,,,
106.800,,0,0,0,0,,,,,,
106.820,,0,0,0,0,,,,,,
106.840,,0,0,0,0,,,,,,
106.860,,0,0,0,0,,,,,,
106.880,,0,0,0,0,,,,,,
106.900,,0,0,0,0,,,,,,
106.920,,0,0,0,0,,,,,,
106.940,,0,0,0,0,,,,,,
106.960,,0,0,0,0,,,,,,
106.980,,0,0,0,0,,,,,,
107.000,,0,0,0,0,,,,,,
107.020,,0,0,0,0,,,,,,
107.040,,0,0,0,0,,,,,,
107.060,,0,0,0,0,,,,,,
107.080,,0,0,0,0,,,,,,
107.100,,0,0,0,0,,,,,,
107.120,,0,0,0,0,,,,,,
107.140,,0,0,0,0,,,,,,
107.160,,0,0,0,0,,,,,,
107.180,,0,0,0,0,,,,,,
107.200,,0,0,0,0,,,,,,
107.220,,0,0,0,0,,,,,,
107.240,,0,0,0,0,,,,,,
107.260,,0,0,0,0,,,,,,
107.280,,0,0,0,0,,,,,,
107.300,,0,0,0,0,,,,,,
107.320,,0,0,0,0,,,,,,
107.340,,0,0,0,0,,,,,,
107.360,,0,0,0,0,,,,,,
107.380,,0,0,0,0,,,,,,
107.400,,0,0,0,0,,,,,,
107.420,,0,0,0,0,,,,,,
107.440,,0,0,0,0,,,,,,
107.460,,0,0,0,0,,,,,,
107.480,,0,0,0,0,,,,,,
107.500,,0,0,0,0,,,,,,
107.520,,0,0,0,0,,,,,,
107.540,,0,0,0,0,,,,,,
107.560,,0,0,0,0,,,,,,
107.580,,0,0,0,0,,,,,,
107.600,,0,0,0,0,,,,,,
107.620,,0,0,0,0,,,,,,
107.640,,0,0,0,0,,,,,,
107.660,,0,0,0,0,,,,,,
107.680,,0,0,0,0,,,,,,
107.700,,0,0,0,0,,,,,,
107.720,,0,0,0,0,,,,,,
107.740,,0,0,0,0,,,,,,
107.760,,0,0,0,0,,,,,,
107.780,,0,0,0,0,,,,,,
107.800,,0,0,0,0,,,,,,
107.820,,0,0,0,0,,,,,,
107.840,,0,0,0,0,,,,,,
107.860,,0,0,0,0,,,,,,
107.880,,0,0,0,0,,,,,,
107.900,,0,0,0,0,,,,,,
107.920,,0,0,0,0,,,,,,
107.940,,0,0,0,0,,,,,,
107.960,,0,0,0,0,,,,,,
107.980,,0,0,0,0,,,,,,
108.000,,0,0,0,0,,,,,,
108.020,,0,0,0,0,,,,,,
108.040,,0,0,0,0,,,,,,
108.060,,0,0,0,0,,,,,,
108.080,,0,0,0,0,,,,,,
108.100,,0,0,0,0,,,,,,
108.120,,0,0,0,0,,,,,,
108.140,,0,0,0,0,,,,,,
108.160,,0,0,0,0,,,,,,
108.180,,0,0,0,0,,,,,,
108.200,,0,0,0,0,,,,,,
108.220,,0,0,0,0,,,,,,
108.240,,0,0,0,0,,,,,,
108.260,,0,0,0,0,,,,,,
108.280,,0,0,0,0,,,,,,
108.300,,0,0,0,0,,,,,,
108.320,,0,0,0,0,,,,,,
108.340,,0,0,0,0,,,,,,
108.360,,0,0,0,0,,,,,,
108.380,,0,0,0,0,,,,,,
108.400,,0,0,0,0,,,,,,
108.420,,0,0,0,0,,,,,,
108.440,,0,0,0,0,,,,,,
108.460,,0,0,0,0,,,,,,
108.480,,0,0,0,0,,,,,,
108.500,,0,0,0,0,,,,,,
108.520,,0,0,0,0,,,,,,
108.540,,0,0,0,0,,,,,,
108.560,,0,0,0,0,,,,,,
108.580,,0,0,0,0,,,,,,
108.600,,0,0,0,0,,,,,,
108.620,,0,0,0,0,,,,,,
108.640,,0,0,0,0,,,,,,
108.660,,0,0,0,0,,,,,,
108.680,,0,0,0,0,,,,,,
108.700,,0,0,0,0,,,,,,
108.720,,0,0,0,0,,,,,,
108.740,,0,0,0,0,,,,,,
108.760,,0,0,0,0,,,,,,
108.780,,0,0,0,0,,,,,,
108.800,,0,0,0,0,,,,,,
108.820,,0,0,0,0,,,,,,
108.840,,0,0,0,0,,,,,,
108.860,,0,0,0,0,,,,,,
108.880,,0,0,0,0,,,,,,
108.900,,0,0,0,0,,,,,,
108.920,,0,0,0,0,,,,,,
108.940,,0,0,0,0,,,,,,
108.960,,0,0,0,0,,,,,,
108.980,,0,0,0,0,,,,,,
109.000,,0,0,0,0,,,,,,
109.020,,0,0,0,0,,,,,,
109.040,,0,0,0,0,,,,,,
109.060,,0,0,0,0,,,,,,
109.080,,0,0,0,0,,,,,,
109.100,,0,0,0,0,,,,,,
109.120,,0,0,0,0,,,,,,
109.140,,0,0,0,0,,,,,,
109.160,,0,0,0,0,,,,,,
109.180,,0,0,0,0,,,,,,
109.200,,0,0,0,0,,,,,,
109.220,,0,0,0,0,,,,,,
109.240,,0,0,0,0,,,,,,
109.260,,0,0,0,0,,,,,,
109.280,,0,0,0,0,,,,,,
109.300,,0,0,0,0,,,,,,
109.320,,0,0,0,0,,,,,,
109.340,,0,0,0,0,,,,,,
109.360,,0,0,0,0,,,,,,
109.380,,0,0,0,0,,,,,,
109.400,,0,0,0,0,,,,,,
109.420,,0,0,0,0,,,,,,
109.440,,0,0,0,0,,,,,,
109.460,,0,0,0,0,,,,,,
109.480,,0,0,0,0,,,,,,
109.500,,0,0,0,0,,,,,,
109.520,,0,0,0,0,,,,,,
109.540,,0,0,0,0,,,,,,
109.560,,0,0,0,0,,,,,,
109.580,,0,0,0,0,,,,,,
109.600,,0,0,0,0,,,,,,
109.620,,0,0,0,0,,,,,,
109.640,,0,0,0,0,,,,,,
109.660,,0,0,0,0,,,,,,
109.680,,0,0,0,0,,,,,,
109.700,,0,0,0,0,,,,,,
109.720,,0,0,0,0,,,,,,
109.740,,0,0,0,0,,,,,,
109.760,,0,0,0,0,,,,,,
109.780,,0,0,0,0,,,,,,
109.800,,0,0,0,0,,,,,,
109.820,,0,0,0,0,,,,,,
109.840,,0,0,0,0,,,,,,
109.860,,0,0,0,0,,,,,,
109.880,,0,0,0,0,,,,,,
109.900,,0,0,0,0,,,,,,
109.920,,0,0,0,0,,,,,,
109.940,,0,0,0,0,,,,,,
109.960,,0,0,0,0,,,,,,
109.980,,0,0,0,0,,,,,,
110.000,,0,0,0,0,,,,,,
110.020,,0,0,0,0,,,,,,
110.040,,0,0,0,0,,,,,,
110.060,,0,0,0,0,,,,,,
110.080,,0,0,0,0,,,,,,
110.100,,0,0,0,0,,,,,,
110.120,,0,0,0,0,,,,,,
110.140,,0,0,0,0,,,,,,
110.160,,0,0,0,0,,,,,,
110.180,,0,0,0,0,,,,,,
110.200,,0,0,0,0,,,,,,
110.220,,0,0,0,0,,,,,,
110.240,,0,0,0,0,,,,,,
110.260,,0,0,0,0,,,,,,
110.280,,0,0,0,0,,,,,,
110.300,,0,0,0,0,,,,,,
110.320,,0,0,0,0,,,,,,
110.340,,0,0,0,0,,,,,,
110.360,,0,0,0,0,,,,,,
110.380,,0,0,0,0,,,,,,
110.400,,0,0,0,0,,,,,,
110.420,,0,0,0,0,,,,,,
110.440,,0,0,0,0,,,,,,
110.460,,0,0,0,0,,,,,,
110.480,,0,0,0,0,,,,,,
110.500,,0,0,0,0,,,,,,
110.520,,0,0,0,0,,,,,,
110.540,,0,0,0,0,,,,,,
110.560,,0,0,0,0,,,,,,
110.580,,0,0,0,0,,,,,,
110.600,,0,0,0,0,,,,,,
110.620,,0,0,0,0,,,,,,
110.640,,0,0,0,0,,,,,,
110.660,,0,0,0,0,,,,,,
110.680,,0,0,0,0,,,,,,
110.700,,0,0,0,0,,,,,,
110.720,,0,0,0,0,,,,,,
110.740,,0,0,0,0,,,,,,
110.760,,0,0,0,0,,,,,,
110.780,,0,0,0,0,,,,,,
110.800,,0,0,0,0,,,,,,
110.820,,0,0,0,0,,,,,,
110.840,,0,0,0,0,,,,,,
110.860,,0,0,0,0,,,,,,
110.880,,0,0,0,0,,,,,,
110.900,,0,0,0,0,,,,,,
110.920,,0,0,0,0,,,,,,
110.940,,0,0,0,0,,,,,,
110.960,,0,0,0,0,,,,,,
110.980,,0,0,0,0,,,,,,
111.000,,0,0,0,0,,,,,,
111.020,,0,0,0,0,,,,,,
111.040,,0,0,0,0,,,,,,
111.060,,0,0,0,0,,,,,,
111.080,,0,0,0,0,,,,,,
111.100,,0,0,0,0,,,,,,
111.120,,0,0,0,0,,,,,,
111.140,,0,0,0,0,,,,,,
111.160,,0,0,0,0,,,,,,
111.180,,0,0,0,0,,,,,,
111.200,,0,0,0,0,,,,,,
111.220,,0,0,0,0,,,,,,
111.240,,0,0,0,0,,,,,,
111.260,,0,0,0,0,,,,,,
111.280,,0,0,0,0,,,,,,
111.300,,0,0,0,0,,,,,,
111.320,,0,0,0,0,,,,,,
111.340,,0,0,0,0,,,,,,
111.360,,0,0,0,0,,,,,,
111.380,,0,0,0,0,,,,,,
111.400,,0,0,0,0,,,,,,
111.420,,0,0,0,0,,,,,,
111.440,,0,0,0,0,,,,,,
111.460,,0,0,0,0,,,,,,
111.480,,0,0,0,0,,,,,,
111.500,,0,0,0,0,,,,,,
111.520,,0,0,0,0,,,,,,
111.540,,0,0,0,0,,,,,,
111.560,,0,0,0,0,,,,,,
111.580,,0,0,0,0,,,,,,
111.600,,0,0,0,0,,,,,,
111.620,,0,0,0,0,,,,,,
111.640,,0,0,0,0,,,,,,
111.660,,0,0,0,0,,,,,,
111.680,,0,0,0,0,,,,,,
111.700,,0,0,0,0,,,,,,
111.720,,0,0,0,0,,,,,,
111.740,,0,0,0,0,,,,,,
111.760,,0,0,0,0,,,,,,
111.780,,0,0,0,0,,,,,,
111.800,,0,0,0,0,,,,,,
111.820,,0,0,0,0,,,,,,
111.840,,0,0,0,0,,,,,,
111.860,,0,0,0,0,,,,,,
111.880,,0,0,0,0,,,,,,
111.900,,0,0,0,0,,,,,,
111.920,,0,0,0,0,,,,,,
111.940,,0,0,0,0,,,,,,
111.960,,0,0,0,0,,,,,,
111.980,,0,0,0,0,,,,,,
112.000,,0,0,0,0,,,,,,
112.020,,0,0,0,0,,,,,,
112.040,,0,0,0,0,,,,,,
112.060,,0,0,0,0,,,,,,
112.080,,0,0,0,0,,,,,,
112.100,,0,0,0,0,,,,,,
112.120,,0,0,0,0,,,,,,
112.140,,0,0,0,0,,,,,,
112.160,,0,0,0,0,,,,,,
112.180,,0,0,0,0,,,,,,
112.200,,0,0,0,0,,,,,,
112.220,,0,0,0,0,,,,,,
112.240,,0,0,0,0,,,,,,
112.260,,0,0,0,0,,,,,,
112.280,,0,0,0,0,,,,,,
112.300,,0,0,0,0,,,,,,
112.320,,0,0,0,0,,,,,,
112.340,,0,0,0,0,,,,,,
112.360,,0,0,0,0,,,,,,
112.380,,0,0,0,0,,,,,,
112.400,,0,0,0,0,,,,,,
112.420,,0,0,0,0,,,,,,
112.440,,0,0,0,0,,,,,,
112.460,,0,0,0,0,,,,,,
112.480,,0,0,0,0,,,,,,
112.500,,0,0,0,0,,,,,,
112.520,,0,0,0,0,,,,,,
112.540,,0,0,0,0,,,,,,
112.560,,0,0,0,0,,,,,,
112.580,,0,0,0,0,,,,,,
112.600,,0,0,0,0,,,,,,
112.620,,0,0,0,0,,,,,,
112.640,,0,0,0,0,,,,,,
112.660,,0,0,0,0,,,,,,
112.680,,0,0,0,0,,,,,,
112.700,,0,0,0,0,,,,,,
112.720,,0,0,0,0,,,,,,
112.740,,0,0,0,0,,,,,,
112.760,,0,0,0,0,,,,,,
112.780,,0,0,0,0,,,,,,
112.800,,0,0,0,0,,,,,,
112.820,,0,0,0,0,,,,,,
112.840,,0,0,0,0,,,,,,
112.860,,0,0,0,0,,,,,,
112.880,,0,0,0,0,,,,,,
112.900,,0,0,0,0,,,,,,
112.920,,0,0,0,0,,,,,,
112.940,,0,0,0,0,,,,,,
112.960,,0,0,0,0,,,,,,
112.980,,0,0,0,0,,,,,,
113.000,,0,0,0,0,,,,,,
113.020,,0,0,0,0,,,,,,
113.040,,0,0,0,0,,,,,,
113.060,,0,0,0,0,,,,,,
113.080,,0,0,0,0,,,,,,
113.100,,0,0,0,0,,,,,,
113.120,,0,0,0,0,,,,,,
113.140,,0,0,0,0,,,,,,
113.160,,0,0,0,0,,,,,,
113.180,,0,0,0,0,,,,,,
113.200,,0,0,0,0,,,,,,
113.220,,0,0,0,0,,,,,,
113.240,,0,0,0,0,,,,,,
113.260,,0,0,0,0,,,,,,
113.280,,0,0,0,0,,,,,,
113.300,,0,0,0,0,,,,,,
113.320,,0,0,0,0,,,,,,
113.340,,0,0,0,0,,,,,,
113.360,,0,0,0,0,,,,,,
113.380,,0,0,0,0,,,,,,
113.400,,0,0,0,0,,,,,,
113.420,,0,0,0,0,,,,,,
113.440,,0,0,0,0,,,,,,
113.460,,0,0,0,0,,,,,,
113.480,,0,0,0,0,,,,,,
113.500,,0,0,0,0,,,,,,
113.520,,0,0,0,0,,,,,,
113.540,,0,0,0,0,,,,,,
113.560,,0,0,0,0,,,,,,
113.580,,0,0,0,0,,,,,,
113.600,,0,0,0,0,,,,,,
113.620,,0,0,0,0,,,,,,
113.640,,0,0,0,0,,,,,,
113.660,,0,0,0,0,,,,,,
113.680,,0,0,0,0,,,,,,
113.700,,0,0,0,0,,,,,,
113.720,,0,0,0,0,,,,,,
113.740,,0,0,0,0,,,,,,
113.760,,0,0,0,0,,,,,,
113.780,,0,0,0,0,,,,,,
113.800,,0,0,0,0,,,,,,
113.820,,0,0,0,0,,,,,,
113.840,,0,0,0,0,,,,,,
113.860,,0,0,0,0,,,,,,
113.880,,0,0,0,0,,,,,,
113.900,,0,0,0,0,,,,,,
113.920,,0,0,0,0,,,,,,
113.940,,0,0,0,0,,,,,,
113.960,,0,0,0,0,,,,,,
113.980,,0,0,0,0,,,,,,
114.000,,0,0,0,0,,,,,,
114.020,,0,0,0,0,,,,,,
114.040,,0,0,0,0,,,,,,
114.060,,0,0,0,0,,,,,,
114.080,,0,0,0,0,,,,,,
114.100,,0,0,0,0,,,,,,
114.120,,0,0,0,0,,,,,,
114.140,,0,0,0,0,,,,,,
114.160,,0,0,0,0,,,,,,
114.180,,0,0,0,0,,,,,,
114.200,,0,0,0,0,,,,,,
114.220,,0,0,0,0,,,,,,
114.240,,0,0,0,0,,,,,,
114.260,,0,0,0,0,,,,,,
114.280,,0,0,0,0,,,,,,
114.300,,0,0,0,0,,,,,,
114.320,,0,0,0,0,,,,,,
114.340,,0,0,0,0,,,,,,
114.360,,0,0,0,0,,,,,,
114.380,,0,0,0,0,,,,,,
114.400,,0,0,0,0,,,,,,
114.420,,0,0,0,0,,,,,,
114.440,,0,0,0,0,,,,,,
114.460,,0,0,0,0,,,,,,
114.480,,0,0,0,0,,,,,,
114.500,,0,0,0,0,,,,,,
114.520,,0,0,0,0,,,,,,
114.540,,0,0,0,0,,,,,,
114.560,,0,0,0,0,,,,,,
114.580,,0,0,0,0,,,,,,
114.600,,0,0,0,0,,,,,,
114.620,,0,0,0,0,,,,,,
114.640,,0,0,0,0,,,,,,
114.660,,0,0,0,0,,,,,,
114.680,,0,0,0,0,,,,,,
114.700,,0,0,0,0,,,,,,
114.720,,0,0,0,0,,,,,,
114.740,,0,0,0,0,,,,,,
114.760,,0,0,0,0,,,,,,
114.780,,0,0,0,0,,,,,,
114.800,,0,0,0,0,,,,,,
114.820,,0,0,0,0,,,,,,
114.840,,0,0,0,0,,,,,,
114.860,,0,0,0,0,,,,,,
114.880,,0,0,0,0,,,,,,
114.900,,0,0,0,0,,,,,,
114.920,,0,0,0,0,,,,,,
114.940,,0,0,0,0,,,,,,
114.960,,0,0,0,0,,,,,,
114.980,,0,0,0,0,,,,,,
115.000,,0,0,0,0,,,,,,
115.020,,0,0,0,0,,,,,,
115.040,,0,0,0,0,,,,,,
115.060,,0,0,0,0,,,,,,
115.080,,0,0,0,0,,,,,,
115.100,,0,0,0,0,,,,,,
115.120,,0,0,0,0,,,,,,
115.140,,0,0,0,0,,,,,,
115.160,,0,0,0,0,,,,,,
115.180,,0,0,0,0,,,,,,
115.200,,0,0,0,0,,,,,,
115.220,,0,0,0,0,,,,,,
115.240,,0,0,0,0,,,,,,
115.260,,0,0,0,0,,,,,,
115.280,,0,0,0,0,,,,,,
115.300,,0,0,0,0,,,,,,
115.320,,0,0,0,0,,,,,,
115.340,,0,0,0,0,,,,,,
115.360,,0,0,0,0,,,,,,
115.380,,0,0,0,0,,,,,,
115.400,,0,0,0,0,,,,,,
115.420,,0,0,0,0,,,,,,
115.440,,0,0,0,0,,,,,,
115.460,,0,0,0,0,,,,,,
115.480,,0,0,0,0,,,,,,
115.500,,0,0,0,0,,,,,,
115.520,,0,0,0,0,,,,,,
115.540,,0,0,0,0,,,,,,
115.560,,0,0,0,0,,,,,,
115.580,,0,0,0,0,,,,,,
115.600,,0,0,0,0,,,,,,
115.620,,0,0,0,0,,,,,,
115.640,,0,0,0,0,,,,,,
115.660,,0,0,0,0,,,,,,
115.680,,0,0,0,0,,,,,,
115.700,,0,0,0,0,,,,,,
115.720,,0,0,0,0,,,,,,
115.740,,0,0,0,0,,,,,,
115.760,,0,0,0,0,,,,,,
115.780,,0,0,0,0,,,,,,
115.800,,0,0,0,0,,,,,,
115.820,,0,0,0,0,,,,,,
115.840,,0,0,0,0,,,,,,
115.860,,0,0,0,0,,,,,,
115.880,,0,0,0,0,,,,,,
115.900,,0,0,0,0,,,,,,
115.920,,0,0,0,0,,,,,,
115.940,,0,0,0,0,,,,,,
115.960,,0,0,0,0,,,,,,
115.980,,0,0,0,0,,,,,,
116.000,,0,0,0,0,,,,,,
116.020,,0,0,0,0,,,,,,
116.040,,0,0,0,0,,,,,,
116.060,,0,0,0,0,,,,,,
116.080,,0,0,0,0,,,,,,
116.100,,0,0,0,0,,,,,,
116.120,,0,0,0,0,,,,,,
116.140,,0,0,0,0,,,,,,
116.160,,0,0,0,0,,,,,,
116.180,,0,0,0,0,,,,,,
116.200,,0,0,0,0,,,,,,
116.220,,0,0,0,0,,,,,,
116.240,,0,0,0,0,,,,,,
116.260,,0,0,0,0,,,,,,
116.280,,0,0,0,0,,,,,,
116.300,,0,0,0,0,,,,,,
116.320,,0,0,0,0,,,,,,
116.340,,0,0,0,0,,,,,,
116.360,,0,0,0,0,,,,,,
116.380,,0,0,0,0,,,,,,
116.400,,0,0,0,0,,,,,,
116.420,,0,0,0,0,,,,,,
116.440,,0,0,0,0,,,,,,
116.460,,0,0,0,0,,,,,,
116.480,,0,0,0,0,,,,,,
116.500,,0,0,0,0,,,,,,
116.520,,0,0,0,0,,,,,,
116.540,,0,0,0,0,,,,,,
116.560,,0,0,0,0,,,,,,
116.580,,0,0,0,0,,,,,,
116.600,,0,0,0,0,,,,,,
116.620,,0,0,0,0,,,,,,
116.640,,0,0,0,0,,,,,,
116.660,,0,0,0,0,,,,,,
116.680,,0,0,0,0,,,,,,
116.700,,0,0,0,0,,,,,,
116.720,,0,0,0,0,,,,,,
116.740,,0,0,0,0,,,,,,
116.760,,0,0,0,0,,,,,,
116.780,,0,0,0,0,,,,,,
116.800,,0,0,0,0,,,,,,
116.820,,0,0,0,0,,,,,,
116.840,,0,0,0,0,,,,,,
116.860,,0,0,0,0,,,,,,
116.880,,0,0,0,0,,,,,,
116.900,,0,0,0,0,,,,,,
116.920,,0,0,0,0,,,,,,
116.940,,0,0,0,0,,,,,,
116.960,,0,0,0,0,,,,,,
116.980,,0,0,0,0,,,,,,
117.000,,0,0,0,0,,,,,,
117.020,,0,0,0,0,,,,,,
117.040,,0,0,0,0,,,,,,
117.060,,0,0,0,0,,,,,,
117.080,,0,0,0,0,,,,,,
117.100,,0,0,0,0,,,,,,
117.120,,0,0,0,0,,,,,,
117.140,,0,0,0,0,,,,,,
117.160,,0,0,0,0,,,,,,
117.180,,0,0,0,0,,,,,,
117.200,,0,0,0,0,,,,,,
117.220,,0,0,0,0,,,,,,
117.240,,0,0,0,0,,,,,,
117.260,,0,0,0,0,,,,,,
117.280,,0,0,0,0,,,,,,
117.300,,0,0,0,0,,,,,,
117.320,,0,0,0,0,,,,,,
117.340,,0,0,0,0,,,,,,
117.360,,0,0,0,0,,,,,,
117.380,,0,0,0,0,,,,,,
117.400,,0,0,0,0,,,,,,
117.420,,0,0,0,0,,,,,,
117.440,,0,0,0,0,,,,,,
117.460,,0,0,0,0,,,,,,
117.480,,0,0,0,0,,,,,,
117.500,,0,0,0,0,,,,,,
117.520,,0,0,0,0,,,,,,
117.540,,0,0,0,0,,,,,,
117.560,,0,0,0,0,,,,,,
117.580,,0,0,0,0,,,,,,
117.600,,0,0,0,0,,,,,,
117.620,,0,0,0,0,,,,,,
117.640,,0,0,0,0,,,,,,
117.660,,0,0,0,0,,,,,,
117.680,,0,0,0,0,,,,,,
117.700,,0,0,0,0,,,,,,
117.720,,0,0,0,0,,,,,,
117.740,,0,0,0,0,,,,,,
117.760,,0,0,0,0,,,,,,
117.780,,0,0,0,0,,,,,,
117.800,,0,0,0,0,,,,,,
117.820,,0,0,0,0,,,,,,
117.840,,0,0,0,0,,,,,,
117.860,,0,0,0,0,,,,,,
117.880,,0,0,0,0,,,,,,
117.900,,0,0,0,0,,,,,,
117.920,,0,0,0,0,,,,,,
117.940,,0,0,0,0,,,,,,
117.960,,0,0,0,0,,,,,,
117.980,,0,0,0,0,,,,,,
118.000,,0,0,0,0,,,,,,
118.020,,0,0,0,0,,,,,,
118.040,,0,0,0,0,,,,,,
118.060,,0,0,0,0,,,,,,
118.080,,0,0,0,0,,,,,,
118.100,,0,0,0,0,,,,,,
118.120,,0,0,0,0,,,,,,
118.140,,0,0,0,0,,,,,,
118.160,,0,0,0,0,,,,,,
118.180,,0,0,0,0,,,,,,
118.200,,0,0,0,0,,,,,,
118.220,,0,0,0,0,,,,,,
118.240,,0,0,0,0,,,,,,
118.260,,0,0,0,0,,,,,,
118.280,,0,0,0,0,,,,,,
118.300,,0,0,0,0,,,,,,
118.320,,0,0,0,0,,,,,,
118.340,,0,0,0,0,,,,,,
118.360,,0,0,0,0,,,,,,
118.380,,0,0,0,0,,,,,,
118.400,,0,0,0,0,,,,,,
118.420,,0,0,0,0,,,,,,
118.440,,0,0,0,0,,,,,,
118.460,,0,0,0,0,,,,,,
118.480,,0,0,0,0,,,,,,
118.500,,0,0,0,0,,,,,,
118.520,,0,0,0,0,,,,,,
118.540,,0,0,0,0,,,,,,
118.560,,0,0,0,0,,,,,,
118.580,,0,0,0,0,,,,,,
118.600,,0,0,0,0,,,,,,
118.620,,0,0,0,0,,,,,,
118.640,,0,0,0,0,,,,,,
118.660,,0,0,0,0,,,,,,
118.680,,0,0,0,0,,,,,,
118.700,,0,0,0,0,,,,,,
118.720,,0,0,0,0,,,,,,
118.740,,0,0,0,0,,,,,,
118.760,,0,0,0,0,,,,,,
118.780,,0,0,0,0,,,,,,
118.800,,0,0,0,0,,,,,,
118.820,,0,0,0,0,,,,,,
118.840,,0,0,0,0,,,,,,
118.860,,0,0,0,0,,,,,,
118.880,,0,0,0,0,,,,,,
118.900,,0,0,0,0,,,,,,
118.920,,0,0,0,0,,,,,,
118.940,,0,0,0,0,,,,,,
118.960,,0,0,0,0,,,,,,
118.980,,0,0,0,0,,,,,,
119.000,,0,0,0,0,,,,,,
119.020,,0,0,0,0,,,,,,
119.040,,0,0,0,0,,,,,,
119.060,,0,0,0,0,,,,,,
119.080,,0,0,0,0,,,,,,
119.100,,0,0,0,0,,,,,,
119.120,,0,0,0,0,,,,,,
119.140,,0,0,0,0,,,,,,
119.160,,0,0,0,0,,,,,,
119.180,,0,0,0,0,,,,,,
119.200,,0,0,0,0,,,,,,
119.220,,0,0,0,0,,,,,,
119.240,,0,0,0,0,,,,,,
119.260,,0,0,0,0,,,,,,
119.280,,0,0,0,0,,,,,,
119.300,,0,0,0,0,,,,,,
119.320,,0,0,0,0,,,,,,
119.340,,0,0,0,0,,,,,,
119.360,,0,0,0,0,,,,,,
119.380,,0,0,0,0,,,,,,
119.400,,0,0,0,0,,,,,,
119.420,,0,0,0,0,,,,,,
119.440,,0,0,0,0,,,,,,
119.460,,0,0,0,0,,,,,,
119.480,,0,0,0,0,,,,,,
119.500,,0,0,0,0,,,,,,
119.520,,0,0,0,0,,,,,,
119.540,,0,0,0,0,,,,,,
119.560,,0,0,0,0,,,,,,
119.580,,0,0,0,0,,,,,,
119.600,,0,0,0,0,,,,,,
119.620,,0,0,0,0,,,,,,
119.640,,0,0,0,0,,,,,,
119.660,,0,0,0,0,,,,,,
119.680,,0,0,0,0,,,,,,
119.700,,0,0,0,0,,,,,,
119.720,,0,0,0,0,,,,,,
119.740,,0,0,0,0,,,,,,
119.760,,0,0,0,0,,,,,,
119.780,,0,0,0,0,,,,,,
119.800,,0,0,0,0,,,,,,
119.820,,0,0,0,0,,,,,,
119.840,,0,0,0,0,,,,,,
119.860,,0,0,0,0,,,,,,
119.880,,0,0,0,0,,,,,,
119.900,,0,0,0,0,,,,,,
119.920,,0,0,0,0,,,,,,
119.940,,0,0,0,0,,,,,,
119.960,,0,0,0,0,,,,,,
119.980,,0,0,0,0,,,,,,
120.000,,0,0,0,0,,,,,,
120.020,,0,0,0,0,,,,,,
120.040,,0,0,0,0,,,,,,
120.060,,0,0,0,0,,,,,,
120.080,,0,0,0,0,,,,,,
120.100,,0,0,0,0,,,,,,
120.120,,0,0,0,0,,,,,,
120.140,,0,0,0,0,,,,,,
120.160,,0,0,0,0,,,,,,
120.180,,0,0,0,0,,,,,,
120.200,,0,0,0,0,,,,,,
120.220,,0,0,0,0,,,,,,
120.240,,0,0,0,0,,,,,,
120.260,,0,0,0,0,,,,,,
120.280,,0,0,0,0,,,,,,
120.300,,0,0,0,0,,,,,,
120.320,,0,0,0,0,,,,,,
120.340,,0,0,0,0,,,,,,
120.360,,0,0,0,0,,,,,,
120.380,,0,0,0,0,,,,,,
120.400,,0,0,0,0,,,,,,
120.420,,0,0,0,0,,,,,,
120.440,,0,0,0,0,,,,,,
120.460,,0,0,0,0,,,,,,
120.480,,0,0,0,0,,,,,,
120.500,,0,0,0,0,,,,,,
120.520,,0,0,0,0,,,,,,
120.540,,0,0,0,0,,,,,,
120.560,,0,0,0,0,,,,,,
120.580,,0,0,0,0,,,,,,
120.600,,0,0,0,0,,,,,,
120.620,,0,0,0,0,,,,,,
120.640,,0,0,0,0,,,,,,
120.660,,0,0,0,0,,,,,,
120.680,,0,0,0,0,,,,,,
120.700,,0,0,0,0,,,,,,
120.720,,0,0,0,0,,,,,,
120.740,,0,0,0,0,,,,,,
120.760,,0,0,0,0,,,,,,
120.780,,0,0,0,0,,,,,,
120.800,,0,0,0,0,,,,,,
120.820,,0,0,0,0,,,,,,
120.840,,0,0,0,0,,,,,,
120.860,,0,0,0,0,,,,,,
120.880,,0,0,0,0,,,,,,
120.900,,0,0,0,0,,,,,,
120.920,,0,0,0,0,,,,,,
120.940,,0,0,0,0,,,,,,
120.960,,0,0,0,0,,,,,,
120.980,,0,0,0,0,,,,,,
121.000,,0,0,0,0,,,,,,
121.020,,0,0,0,0,,,,,,
121.040,,0,0,0,0,,,,,,
121.060,,0,0,0,0,,,,,,
121.080,,0,0,0,0,,,,,,
121.100,,0,0,0,0,,,,,,
121.120,,0,0,0,0,,,,,,
121.140,,0,0,0,0,,,,,,
121.160,,0,0,0,0,,,,,,
121.180,,0,0,0,0,,,,,,
121.200,,0,0,0,0,,,,,,
121.220,,0,0,0,0,,,,,,
121.240,,0,0,0,0,,,,,,
121.260,,0,0,0,0,,,,,,
121.280,,0,0,0,0,,,,,,
121.300,,0,0,0,0,,,,,,
121.320,,0,0,0,0,,,,,,
121.340,,0,0,0,0,,,,,,
121.360,,0,0,0,0,,,,,,
121.380,,0,0,0,0,,,,,,
121.400,,0,0,0,0,,,,,,
121.420,,0,0,0,0,,,,,,
121.440,,0,0,0,0,,,,,,
121.460,,0,0,0,0,,,,,,
121.480,,0,0,0,0,,,,,,
121.500,,0,0,0,0,,,,,,
121.520,,0,0,0,0,,,,,,
121.540,,0,0,0,0,,,,,,
121.560,,0,0,0,0,,,,,,
121.580,,0,0,0,0,,,,,,
121.600,,0,0,0,0,,,,,,
121.620,,0,0,0,0,,,,,,
121.640,,0,0,0,0,,,,,,
121.660,,0,0,0,0,,,,,,
121.680,,0,0,0,0,,,,,,
121.700,,0,0,0,0,,,,,,
121.720,,0,0,0,0,,,,,,
121.740,,0,0,0,0,,,,,,
121.760,,0,0,0,0,,,,,,
121.780,,0,0,0,0,,,,,,
121.800,,0,0,0,0,,,,,,
121.820,,0,0,0,0,,,,,,
121.840,,0,0,0,0,,,,,,
121.860,,0,0,0,0,,,,,,
121.880,,0,0,0,0,,,,,,
121.900,,0,0,0,0,,,,,,
121.920,,0,0,0,0,,,,,,
121.940,,0,0,0,0,,,,,,
121.960,,0,0,0,0,,,,,,
121.980,,0,0,0,0,,,,,,
122.000,,0,0,0,0,,,,,,
122.020,,0,0,0,0,,,,,,
122.040,,0,0,0,0,,,,,,
122.060,,0,0,0,0,,,,,,
122.080,,0,0,0,0,,,,,,
122.100,,0,0,0,0,,,,,,
122.120,,0,0,0,0,,,,,,
122.140,,0,0,0,0,,,,,,
122.160,,0,0,0,0,,,,,,
122.180,,0,0,0,0,,,,,,
122.200,,0,0,0,0,,,,,,
122.220,,0,0,0,0,,,,,,
122.240,,0,0,0,0,,,,,,
122.260,,0,0,0,0,,,,,,
122.280,,0,0,0,0,,,,,,
122.300,,0,0,0,0,,,,,,
122.320,,0,0,0,0,,,,,,
122.340,,0,0,0,0,,,,,,
122.360,,0,0,0,0,,,,,,
122.380,,0,0,0,0,,,,,,
122.400,,0,0,0,0,,,,,,
122.420,,0,0,0,0,,,,,,
122.440,,0,0,0,0,,,,,,
122.460,,0,0,0,0,,,,,,
122.480,,0,0,0,0,,,,,,
122.500,,0,0,0,0,,,,,,
122.520,,0,0,0,0,,,,,,
122.540,,0,0,0,0,,,,,,
122.560,,0,0,0,0,,,,,,
122.580,,0,0,0,0,,,,,,
122.600,,0,0,0,0,,,,,,
122.620,,0,0,0,0,,,,,,
122.640,,0,0,0,0,,,,,,
122.660,,0,0,0,0,,,,,,
122.680,,0,0,0,0,,,,,,
122.700,,0,0,0,0,,,,,,
122.720,,0,0,0,0,,,,,,
122.740,,0,0,0,0,,,,,,
122.760,,0,0,0,0,,,,,,
122.780,,0,0,0,0,,,,,,
122.800,,0,0,0,0,,,,,,
122.820,,0,0,0,0,,,,,,
122.840,,0,0,0,0,,,,,,
122.860,,0,0,0,0,,,,,,
122.880,,0,0,0,0,,,,,,
122.900,,0,0,0,0,,,,,,
122.920,,0,0,0,0,,,,,,
122.940,,0,0,0,0,,,,,,
122.960,,0,0,0,0,,,,,,
122.980,,0,0,0,0,,,,,,
123.000,,0,0,0,0,,,,,,
123.020,,0,0,0,0,,,,,,
123.040,,0,0,0,0,,,,,,
123.060,,0,0,0,0,,,,,,
123.080,,0,0,0,0,,,,,,
123.100,,0,0,0,0,,,,,,
123.120,,0,0,0,0,,,,,,
123.140,,0,0,0,0,,,,,,
123.160,,0,0,0,0,,,,,,
123.180,,0,0,0,0,,,,,,
123.200,,0,0,0,0,,,,,,
123.220,,0,0,0,0,,,,,,
123.240,,0,0,0,0,,,,,,
123.260,,0,0,0,0,,,,,,
123.280,,0,0,0,0,,,,,,
123.300,,0,0,0,0,,,,,,
123.320,,0,0,0,0,,,,,,
123.340,,0,0,0,0,,,,,,
123.360,,0,0,0,0,,,,,,
123.380,,0,0,0,0,,,,,,
123.400,,0,0,0,0,,,,,,
123.420,,0,0,0,0,,,,,,
123.440,,0,0,0,0,,,,,,
123.460,,0,0,0,0,,,,,,
123.480,,0,0,0,0,,,,,,
123.500,,0,0,0,0,,,,,,
123.520,,0,0,0,0,,,,,,
123.540,,0,0,0,0,,,,,,
123.560,,0,0,0,0,,,,,,
123.580,,0,0,0,0,,,,,,
123.600,,0,0,0,0,,,,,,
123.620,,0,0,0,0,,,,,,
123.640,,0,0,0,0,,,,,,
123.660,,0,0,0,0,,,,,,
123.680,,0,0,0,0,,,,,,
123.700,,0,0,0,0,,,,,,
123.720,,0,0,0,0,,,,,,
123.740,,0,0,0,0,,,,,,
123.760,,0,0,0,0,,,,,,
123.780,,0,0,0,0,,,,,,
123.800,,0,0,0,0,,,,,,
123.820,,0,0,0,0,,,,,,
123.840,,0,0,0,0,,,,,,
123.860,,0,0,0,0,,,,,,
123.880,,0,0,0,0,,,,,,
123.900,,0,0,0,0,,,,,,
123.920,,0,0,0,0,,,,,,
123.940,,0,0,0,0,,,,,,
123.960,,0,0,0,0,,,,,,
123.980,,0,0,0,0,,,,,,
124.000,,0,0,0,0,,,,,,
124.020,,0,0,0,0,,,,,,
124.040,,0,0,0,0,,,,,,
124.060,,0,0,0,0,,,,,,
124.080,,0,0,0,0,,,,,,
124.100,,0,0,0,0,,,,,,
124.120,,0,0,0,0,,,,,,
124.140,,0,0,0,0,,,,,,
124.160,,0,0,0,0,,,,,,
124.180,,0,0,0,0,,,,,,
124.200,,0,0,0,0,,,,,,
124.220,,0,0,0,0,,,,,,
124.240,,0,0,0,0,,,,,,
124.260,,0,0,0,0,,,,,,
124.280,,0,0,0,0,,,,,,
124.300,,0,0,0,0,,,,,,
124.320,,0,0,0,0,,,,,,
124.340,,0,0,0,0,,,,,,
124.360,,0,0,0,0,,,,,,
124.380,,0,0,0,0,,,,,,
124.400,,0,0,0,0,,,,,,
124.420,,0,0,0,0,,,,,,
124.440,,0,0,0,0,,,,,,
124.460,,0,0,0,0,,,,,,
124.480,,0,0,0,0,,,,,,
124.500,,0,0,0,0,,,,,,
124.520,,0,0,0,0,,,,,,
124.540,,0,0,0,0,,,,,,
124.560,,0,0,0,0,,,,,,
124.580,,0,0,0,0,,,,,,
124.600,,0,0,0,0,,,,,,
124.620,,0,0,0,0,,,,,,
124.640,,0,0,0,0,,,,,,
124.660,,0,0,0,0,,,,,,
124.680,,0,0,0,0,,,,,,
124.700,,0,0,0,0,,,,,,
124.720,,0,0,0,0,,,,,,
124.740,,0,0,0,0,,,,,,
124.760,,0,0,0,0,,,,,,
124.780,,0,0,0,0,,,,,,
124.800,,0,0,0,0,,,,,,
124.820,,0,0,0,0,,,,,,
124.840,,0,0,0,0,,,,,,
124.860,,0,0,0,0,,,,,,
124.880,,0,0,0,0,,,,,,
124.900,,0,0,0,0,,,,,,
124.920,,0,0,0,0,,,,,,
124.940,,0,0,0,0,,,,,,
124.960,,0,0,0,0,,,,,,
124.980,,0,0,0,0,,,,,,
125.000,,0,0,0,0,,,,,,
125.020,,0,0,0,0,,,,,,
125.040,,0,0,0,0,,,,,,
125.060,,0,0,0,0,,,,,,
125.080,,0,0,0,0,,,,,,
125.100,,0,0,0,0,,,,,,
125.120,,0,0,0,0,,,,,,
125.140,,0,0,0,0,,,,,,
125.160,,0,0,0,0,,,,,,
125.180,,0,0,0,0,,,,,,
125.200,,0,0,0,0,,,,,,
125.220,,0,0,0,0,,,,,,
125.240,,0,0,0,0,,,,,,
125.260,,0,0,0,0,,,,,,
125.280,,0,0,0,0,,,,,,
125.300,,0,0,0,0,,,,,,
125.320,,0,0,0,0,,,,,,
125.340,,0,0,0,0,,,,,,
125.360,,0,0,0,0,,,,,,
125.380,,0,0,0,0,,,,,,
125.400,,0,0,0,0,,,,,,
125.420,,0,0,0,0,,,,,,
125.440,,0,0,0,0,,,,,,
125.460,,0,0,0,0,,,,,,
125.480,,0,0,0,0,,,,,,
125.500,,0,0,0,0,,,,,,
125.520,,0,0,0,0,,,,,,
125.540,,0,0,0,0,,,,,,
125.560,,0,0,0,0,,,,,,
125.580,,0,0,0,0,,,,,,
125.600,,0,0,0,0,,,,,,
125.620,,0,0,0,0,,,,,,
125.640,,0,0,0,0,,,,,,
125.660,,0,0,0,0,,,,,,
125.680,,0,0,0,0,,,,,,
125.700,,0,0,0,0,,,,,,
125.720,,0,0,0,0,,,,,,
125.740,,0,0,0,0,,,,,,
125.760,,0,0,0,0,,,,,,
125.780,,0,0,0,0,,,,,,
125.800,,0,0,0,0,,,,,,
125.820,,0,0,0,0,,,,,,
125.840,,0,0,0,0,,,,,,
125.860,,0,0,0,0,,,,,,
125.880,,0,0,0,0,,,,,,
125.900,,0,0,0,0,,,,,,
125.920,,0,0,0,0,,,,,,
125.940,,0,0,0,0,,,,,,
125.960,,0,0,0,0,,,,,,
125.980,,0,0,0,0,,,,,,
126.000,,0,0,0,0,,,,,,
126.020,,0,0,0,0,,,,,,
126.040,,0,0,0,0,,,,,,
126.060,,0,0,0,0,,,,,,
126.080,,0,0,0,0,,,,,,
126.100,,0,0,0,0,,,,,,
126.120,,0,0,0,0,,,,,,
126.140,,0,0,0,0,,,,,,
126.160,,0,0,0,0,,,,,,
126.180,,0,0,0,0,,,,,,
126.200,,0,0,0,0,,,,,,
126.220,,0,0,0,0,,,,,,
126.240,,0,0,0,0,,,,,,
126.260,,0,0,0,0,,,,,,
126.280,,0,0,0,0,,,,,,
126.300,,0,0,0,0,,,,,,
126.320,,0,0,0,0,,,,,,
126.340,,0,0,0,0,,,,,,
126.360,,0,0,0,0,,,,,,
126.380,,0,0,0,0,,,,,,
126.400,,0,0,0,0,,,,,,
126.420,,0,0,0,0,,,,,,
126.440,,0,0,0,0,,,,,,
126.460,,0,0,0,0,,,,,,
126.480,,0,0,0,0,,,,,,
126.500,,0,0,0,0,,,,,,
126.520,,0,0,0,0,,,,,,
126.540,,0,0,0,0,,,,,,
126.560,,0,0,0,0,,,,,,
126.580,,0,0,0,0,,,,,,
126.600,,0,0,0,0,,,,,,
126.620,,0,0,0,0,,,,,,
126.640,,0,0,0,0,,,,,,
126.660,,0,0,0,0,,,,,,
126.680,,0,0,0,0,,,,,,
126.700,,0,0,0,0,,,,,,
126.720,,0,0,0,0,,,,,,
126.740,,0,0,0,0,,,,,,
126.760,,0,0,0,0,,,,,,
126.780,,0,0,0,0,,,,,,
126.800,,0,0,0,0,,,,,,
126.820,,0,0,0,0,,,,,,
126.840,,0,0,0,0,,,,,,
126.860,,0,0,0,0,,,,,,
126.880,,0,0,0,0,,,,,,
126.900,,0,0,0,0,,,,,,
126.920,,0,0,0,0,,,,,,
126.940,,0,0,0,0,,,,,,
126.960,,0,0,0,0,,,,,,
126.980,,0,0,0,0,,,,,,
127.000,,0,0,0,0,,,,,,
127.020,,0,0,0,0,,,,,,
127.040,,0,0,0,0,,,,,,
127.060,,0,0,0,0,,,,,,
127.080,,0,0,0,0,,,,,,
127.100,,0,0,0,0,,,,,,
127.120,,0,0,0,0,,,,,,
127.140,,0,0,0,0,,,,,,
127.160,,0,0,0,0,,,,,,
127.180,,0,0,0,0,,,,,,
127.200,,0,0,0,0,,,,,,
127.220,,0,0,0,0,,,,,,
127.240,,0,0,0,0,,,,,,
127.260,,0,0,0,0,,,,,,
127.280,,0,0,0,0,,,,,,
127.300,,0,0,0,0,,,,,,
127.320,,0,0,0,0,,,,,,
127.340,,0,0,0,0,,,,,,
127.360,,0,0,0,0,,,,,,
127.380,,0,0,0,0,,,,,,
127.400,,0,0,0,0,,,,,,
127.420,,0,0,0,0,,,,,,
127.440,,0,0,0,0,,,,,,
127.460,,0,0,0,0,,,,,,
127.480,,0,0,0,0,,,,,,
127.500,,0,0,0,0,,,,,,
127.520,,0,0,0,0,,,,,,
127.540,,0,0,0,0,,,,,,
127.560,,0,0,0,0,,,,,,
127.580,,0,0,0,0,,,,,,
127.600,,0,0,0,0,,,,,,
127.620,,0,0,0,0,,,,,,
127.640,,0,0,0,0,,,,,,
127.660,,0,0,0,0,,,,,,
127.680,,0,0,0,0,,,,,,
127.700,,0,0,0,0,,,,,,
127.720,,0,0,0,0,,,,,,
127.740,,0,0,0,0,,,,,,
127.760,,0,0,0,0,,,,,,
127.780,,0,0,0,0,,,,,,
127.800,,0,0,0,0,,,,,,
127.820,,0,0,0,0,,,,,,
127.840,,0,0,0,0,,,,,,
127.860,,0,0,0,0,,,,,,
127.880,,0,0,0,0,,,,,,
127.900,,0,0,0,0,,,,,,
127.920,,0,0,0,0,,,,,,
127.940,,0,0,0,0,,,,,,
127.960,,0,0,0,0,,,,,,
127.980,,0,0,0,0,,,,,,
128.000,,0,0,0,0,,,,,,
128.020,,0,0,0,0,,,,,,
128.040,,0,0,0,0,,,,,,
128.060,,0,0,0,0,,,,,,
128.080,,0,0,0,0,,,,,,
128.100,,0,0,0,0,,,,,,
128.120,,0,0,0,0,,,,,,
128.140,,0,0,0,0,,,,,,
128.160,,0,0,0,0,,,,,,
128.180,,0,0,0,0,,,,,,
128.200,,0,0,0,0,,,,,,
128.220,,0,0,0,0,,,,,,
128.240,,0,0,0,0,,,,,,
128.260,,0,0,0,0,,,,,,
128.280,,0,0,0,0,,,,,,
128.300,,0,0,0,0,,,,,,
128.320,,0,0,0,0,,,,,,
128.340,,0,0,0,0,,,,,,
128.360,,0,0,0,0,,,,,,
128.380,,0,0,0,0,,,,,,
128.400,,0,0,0,0,,,,,,
128.420,,0,0,0,0,,,,,,
128.440,,0,0,0,0,,,,,,
128.460,,0,0,0,0,,,,,,
128.480,,0,0,0,0,,,,,,
128.500,,0,0,0,0,,,,,,
128.520,,0,0,0,0,,,,,,
128.540,,0,0,0,0,,,,,,
128.560,,0,0,0,0,,,,,,
128.580,,0,0,0,0,,,,,,
128.600,,0,0,0,0,,,,,,
128.620,,0,0,0,0,,,,,,
128.640,,0,0,0,0,,,,,,
128.660,,0,0,0,0,,,,,,
128.680,,0,0,0,0,,,,,,
128.700,,0,0,0,0,,,,,,
128.720,,0,0,0,0,,,,,,
128.740,,0,0,0,0,,,,,,
128.760,,0,0,0,0,,,,,,
128.780,,0,0,0,0,,,,,,
128.800,,0,0,0,0,,,,,,
128.820,,0,0,0,0,,,,,,
128.840,,0,0,0,0,,,,,,
128.860,,0,0,0,0,,,,,,
128.880,,0,0,0,0,,,,,,
128.900,,0,0,0,0,,,,,,
128.920,,0,0,0,0,,,,,,
128.940,,0,0,0,0,,,,,,
128.960,,0,0,0,0,,,,,,
128.980,,0,0,0,0,,,,,,
129.000,,0,0,0,0,,,,,,
129.020,,0,0,0,0,,,,,,
129.040,,0,0,0,0,,,,,,
129.060,,0,0,0,0,,,,,,
129.080,,0,0,0,0,,,,,,
129.100,,0,0,0,0,,,,,,
129.120,,0,0,0,0,,,,,,
129.140,,0,0,0,0,,,,,,
129.160,,0,0,0,0,,,,,,
129.180,,0,0,0,0,,,,,,
129.200,,0,0,0,0,,,,,,
129.220,,0,0,0,0,,,,,,
129.240,,0,0,0,0,,,,,,
129.260,,0,0,0,0,,,,,,
129.280,,0,0,0,0,,,,,,
129.300,,0,0,0,0,,,,,,
129.320,,0,0,0,0,,,,,,
129.340,,0,0,0,0,,,,,,
129.360,,0,0,0,0,,,,,,
129.380,,0,0,0,0,,,,,,
129.400,,0,0,0,0,,,,,,
129.420,,0,0,0,0,,,,,,
129.440,,0,0,0,0,,,,,,
129.460,,0,0,0,0,,,,,,
129.480,,0,0,0,0,,,,,,
129.500,,0,0,0,0,,,,,,
129.520,,0,0,0,0,,,,,,
129.540,,0,0,0,0,,,,,,
129.560,,0,0,0,0,,,,,,
129.580,,0,0,0,0,,,,,,
129.600,,0,0,0,0,,,,,,
129.620,,0,0,0,0,,,,,,
129.640,,0,0,0,0,,,,,,
129.660,,0,0,0,0,,,,,,
129.680,,0,0,0,0,,,,,,
129.700,,0,0,0,0,,,,,,
129.720,,0,0,0,0,,,,,,
129.740,,0,0,0,0,,,,,,
129.760,,0,0,0,0,,,,,,
129.780,,0,0,0,0,,,,,,
129.800,,0,0,0,0,,,,,,
129.820,,0,0,0,0,,,,,,
129.840,,0,0,0,0,,,,,,
129.860,,0,0,0,0,,,,,,
129.881,,0,0,0,0,,,,,,
129.900,,0,0,0,0,,,,,,
129.920,,0,0,0,0,,,,,,
129.940,,0,0,0,0,,,,,,
129.960,,0,0,0,0,,,,,,
129.980,,0,0,0,0,,,,,,
130.000,,0,0,0,0,,,,,,
130.020,,0,0,0,0,,,,,,
130.040,,0,0,0,0,,,,,,
130.060,,0,0,0,0,,,,,,
130.080,,0,0,0,0,,,,,,
130.100,,0,0,0,0,,,,,,
130.120,,0,0,0,0,,,,,,
130.140,,0,0,0,0,,,,,,
130.160,,0,0,0,0,,,,,,
130.180,,0,0,0,0,,,,,,
130.200,,0,0,0,0,,,,,,
130.220,,0,0,0,0,,,,,,
130.240,,0,0,0,0,,,,,,
130.260,,0,0,0,0,,,,,,
130.280,,0,0,0,0,,,,,,
130.300,,0,0,0,0,,,,,,
130.320,,0,0,0,0,,,,,,
130.340,,0,0,0,0,,,,,,
130.360,,0,0,0,0,,,,,,
130.380,,0,0,0,0,,,,,,
130.400,,0,0,0,0,,,,,,
130.420,,0,0,0,0,,,,,,
130.440,,0,0,0,0,,,,,,
130.460,,0,0,0,0,,,,,,
130.480,,0,0,0,0,,,,,,
130.500,,0,0,0,0,,,,,,
130.520,,0,0,0,0,,,,,,
130.540,,0,0,0,0,,,,,,
130.560,,0,0,0,0,,,,,,
130.580,,0,0,0,0,,,,,,
130.600,,0,0,0,0,,,,,,
130.620,,0,0,0,0,,,,,,
130.640,,0,0,0,0,,,,,,
130.660,,0,0,0,0,,,,,,
130.680,,0,0,0,0,,,,,,
130.700,,0,0,0,0,,,,,,
130.720,,0,0,0,0,,,,,,
130.740,,0,0,0,0,,,,,,
130.760,,0,0,0,0,,,,,,
130.780,,0,0,0,0,,,,,,
130.800,,0,0,0,0,,,,,,
130.820,,0,0,0,0,,,,,,
130.840,,0,0,0,0,,,,,,
130.860,,0,0,0,0,,,,,,
130.880,,0,0,0,0,,,,,,
130.900,,0,0,0,0,,,,,,
130.920,,0,0,0,0,,,,,,
130.940,,0,0,0,0,,,,,,
130.960,,0,0,0,0,,,,,,
130.980,,0,0,0,0,,,,,,
131.000,,0,0,0,0,,,,,,
131.020,,0,0,0,0,,,,,,
131.040,,0,0,0,0,,,,,,
131.060,,0,0,0,0,,,,,,
131.080,,0,0,0,0,,,,,,
131.100,,0,0,0,0,,,,,,
131.120,,0,0,0,0,,,,,,
131.140,,0,0,0,0,,,,,,
131.160,,0,0,0,0,,,,,,
131.180,,0,0,0,0,,,,,,
131.200,,0,0,0,0,,,,,,
131.220,,0,0,0,0,,,,,,
131.240,,0,0,0,0,,,,,,
131.260,,0,0,0,0,,,,,,
131.280,,0,0,0,0,,,,,,
131.300,,0,0,0,0,,,,,,
131.320,,0,0,0,0,,,,,,
131.340,,0,0,0,0,,,,,,
131.360,,0,0,0,0,,,,,,
131.380,,0,0,0,0,,,,,,
131.400,,0,0,0,0,,,,,,
131.420,,0,0,0,0,,,,,,
131.440,,0,0,0,0,,,,,,
131.460,,0,0,0,0,,,,,,
131.480,,0,0,0,0,,,,,,
131.500,,0,0,0,0,,,,,,
131.520,,0,0,0,0,,,,,,
131.540,,0,0,0,0,,,,,,
131.560,,0,0,0,0,,,,,,
131.580,,0,0,0,0,,,,,,
131.600,,0,0,0,0,,,,,,
131.620,,0,0,0,0,,,,,,
131.640,,0,0,0,0,,,,,,
131.660,,0,0,0,0,,,,,,
131.680,,0,0,0,0,,,,,,
131.700,,0,0,0,0,,,,,,
131.720,,0,0,0,0,,,,,,
131.740,,0,0,0,0,,,,,,
131.760,,0,0,0,0,,,,,,
131.780,,0,0,0,0,,,,,,
131.800,,0,0,0,0,,,,,,
131.820,,0,0,0,0,,,,,,
131.840,,0,0,0,0,,,,,,
131.860,,0,0,0,0,,,,,,
131.880,,0,0,0,0,,,,,,
131.900,,0,0,0,0,,,,,,
131.920,,0,0,0,0,,,,,,
131.940,,0,0,0,0,,,,,,
131.960,,0,0,0,0,,,,,,
131.980,,0,0,0,0,,,,,,
132.000,,0,0,0,0,,,,,,
132.020,,0,0,0,0,,,,,,
132.040,,0,0,0,0,,,,,,
132.060,,0,0,0,0,,,,,,
132.080,,0,0,0,0,,,,,,
132.100,,0,0,0,0,,,,,,
132.120,,0,0,0,0,,,,,,
132.140,,0,0,0,0,,,,,,
132.160,,0,0,0,0,,,,,,
132.180,,0,0,0,0,,,,,,
132.200,,0,0,0,0,,,,,,
132.220,,0,0,0,0,,,,,,
132.240,,0,0,0,0,,,,,,
132.260,,0,0,0,0,,,,,,
132.280,,0,0,0,0,,,,,,
132.300,,0,0,0,0,,,,,,
132.320,,0,0,0,0,,,,,,
132.340,,0,0,0,0,,,,,,
132.360,,0,0,0,0,,,,,,
132.380,,0,0,0,0,,,,,,
132.400,,0,0,0,0,,,,,,
132.420,,0,0,0,0,,,,,,
132.440,,0,0,0,0,,,,,,
132.460,,0,0,0,0,,,,,,
132.480,,0,0,0,0,,,,,,
132.500,,0,0,0,0,,,,,,
132.520,,0,0,0,0,,,,,,
132.540,,0,0,0,0,,,,,,
132.560,,0,0,0,0,,,,,,
132.580,,0,0,0,0,,,,,,
132.600,,0,0,0,0,,,,,,
132.620,,0,0,0,0,,,,,,
132.640,,0,0,0,0,,,,,,
132.660,,0,0,0,0,,,,,,
132.680,,0,0,0,0,,,,,,
132.700,,0,0,0,0,,,,,,
132.720,,0,0,0,0,,,,,,
132.740,,0,0,0,0,,,,,,
132.760,,0,0,0,0,,,,,,
132.780,,0,0,0,0,,,,,,
132.800,,0,0,0,0,,,,,,
132.820,,0,0,0,0,,,,,,
132.840,,0,0,0,0,,,,,,
132.860,,0,0,0,0,,,,,,
132.880,,0,0,0,0,,,,,,
132.900,,0,0,0,0,,,,,,
132.920,,0,0,0,0,,,,,,
132.940,,0,0,0,0,,,,,,
132.960,,0,0,0,0,,,,,,
132.980,,0,0,0,0,,,,,,
133.000,,0,0,0,0,,,,,,
133.020,,0,0,0,0,,,,,,
133.040,,0,0,0,0,,,,,,
133.060,,0,0,0,0,,,,,,
133.080,,0,0,0,0,,,,,,
133.100,,0,0,0,0,,,,,,
133.120,,0,0,0,0,,,,,,
133.140,,0,0,0,0,,,,,,
133.160,,0,0,0,0,,,,,,
133.180,,0,0,0,0,,,,,,
133.200,,0,0,0,0,,,,,,
133.220,,0,0,0,0,,,,,,
133.240,,0,0,0,0,,,,,,
133.260,,0,0,0,0,,,,,,
133.280,,0,0,0,0,,,,,,
133.300,,0,0,0,0,,,,,,
133.320,,0,0,0,0,,,,,,
133.340,,0,0,0,0,,,,,,
133.360,,0,0,0,0,,,,,,
133.380,,0,0,0,0,,,,,,
133.400,,0,0,0,0,,,,,,
133.420,,0,0,0,0,,,,,,
133.440,,0,0,0,0,,,,,,
133.460,,0,0,0,0,,,,,,
133.480,,0,0,0,0,,,,,,
133.500,,0,0,0,0,,,,,,
133.520,,0,0,0,0,,,,,,
133.540,,0,0,0,0,,,,,,
133.560,,0,0,0,0,,,,,,
133.580,,0,0,0,0,,,,,,
133.600,,0,0,0,0,,,,,,
133.620,,0,0,0,0,,,,,,
133.640,,0,0,0,0,,,,,,
133.660,,0,0,0,0,,,,,,
133.680,,0,0,0,0,,,,,,
133.700,,0,0,0,0,,,,,,
133.720,,0,0,0,0,,,,,,
133.740,,0,0,0,0,,,,,,
133.760,,0,0,0,0,,,,,,
133.780,,0,0,0,0,,,,,,
133.800,,0,0,0,0,,,,,,
133.820,,0,0,0,0,,,,,,
133.840,,0,0,0,0,,,,,,
133.860,,0,0,0,0,,,,,,
133.880,,0,0,0,0,,,,,,
133.900,,0,0,0,0,,,,,,
133.920,,0,0,0,0,,,,,,
133.940,,0,0,0,0,,,,,,
133.960,,0,0,0,0,,,,,,
133.980,,0,0,0,0,,,,,,
134.000,,0,0,0,0,,,,,,
134.020,,0,0,0,0,,,,,,
134.040,,0,0,0,0,,,,,,
134.060,,0,0,0,0,,,,,,
134.080,,0,0,0,0,,,,,,
134.100,,0,0,0,0,,,,,,
134.120,,0,0,0,0,,,,,,
134.140,,0,0,0,0,,,,,,
134.160,,0,0,0,0,,,,,,
134.180,,0,0,0,0,,,,,,
134.200,,0,0,0,0,,,,,,
134.220,,0,0,0,0,,,,,,
134.240,,0,0,0,0,,,,,,
134.260,,0,0,0,0,,,,,,
134.280,,0,0,0,0,,,,,,
134.300,,0,0,0,0,,,,,,
134.320,,0,0,0,0,,,,,,
134.340,,0,0,0,0,,,,,,
134.360,,0,0,0,0,,,,,,
134.380,,0,0,0,0,,,,,,
134.400,,0,0,0,0,,,,,,
134.420,,0,0,0,0,,,,,,
134.440,,0,0,0,0,,,,,,
134.460,,0,0,0,0,,,,,,
134.480,,0,0,0,0,,,,,,
134.500,,0,0,0,0,,,,,,
134.520,,0,0,0,0,,,,,,
134.540,,0,0,0,0,,,,,,
134.560,,0,0,0,0,,,,,,
134.580,,0,0,0,0,,,,,,
134.600,,0,0,0,0,,,,,,
134.620,,0,0,0,0,,,,,,
134.640,,0,0,0,0,,,,,,
134.660,,0,0,0,0,,,,,,
134.680,,0,0,0,0,,,,,,
134.700,,0,0,0,0,,,,,,
134.720,,0,0,0,0,,,,,,
134.740,,0,0,0,0,,,,,,
134.760,,0,0,0,0,,,,,,
134.780,,0,0,0,0,,,,,,
134.800,,0,0,0,0,,,,,,
134.820,,0,0,0,0,,,,,,
134.840,,0,0,0,0,,,,,,
134.860,,0,0,0,0,,,,,,
134.880,,0,0,0,0,,,,,,
134.900,,0,0,0,0,,,,,,
134.920,,0,0,0,0,,,,,,
134.940,,0,0,0,0,,,,,,
134.960,,0,0,0,0,,,,,,
134.980,,0,0,0,0,,,,,,
135.000,,0,0,0,0,,,,,,
135.020,,0,0,0,0,,,,,,
135.040,,0,0,0,0,,,,,,
135.060,,0,0,0,0,,,,,,
135.080,,0,0,0,0,,,,,,
135.100,,0,0,0,0,,,,,,
135.120,,0,0,0,0,,,,,,
135.140,,0,0,0,0,,,,,,
135.160,,0,0,0,0,,,,,,
135.180,,0,0,0,0,,,,,,
135.200,,0,0,0,0,,,,,,
135.220,,0,0,0,0,,,,,,
135.240,,0,0,0,0,,,,,,
135.260,,0,0,0,0,,,,,,
135.280,,0,0,0,0,,,,,,
135.300,,0,0,0,0,,,,,,
135.320,,0,0,0,0,,,,,,
135.340,,0,0,0,0,,,,,,
135.360,,0,0,0,0,,,,,,
135.380,,0,0,0,0,,,,,,
135.400,,0,0,0,0,,,,,,
135.420,,0,0,0,0,,,,,,
135.440,,0,0,0,0,,,,,,
135.460,,0,0,0,0,,,,,,
135.480,,0,0,0,0,,,,,,
135.500,,0,0,0,0,,,,,,
135.520,,0,0,0,0,,,,,,
135.540,,0,0,0,0,,,,,,
135.560,,0,0,0,0,,,,,,
135.580,,0,0,0,0,,,,,,
135.600,,0,0,0,0,,,,,,
135.620,,0,0,0,0,,,,,,
135.640,,0,0,0,0,,,,,,
135.660,,0,0,0,0,,,,,,
135.680,,0,0,0,0,,,,,,
135.700,,0,0,0,0,,,,,,
135.720,,0,0,0,0,,,,,,
135.740,,0,0,0,0,,,,,,
135.760,,0,0,0,0,,,,,,
135.780,,0,0,0,0,,,,,,
135.800,,0,0,0,0,,,,,,
135.820,,0,0,0,0,,,,,,
135.840,,0,0,0,0,,,,,,
135.860,,0,0,0,0,,,,,,
135.880,,0,0,0,0,,,,,,
135.900,,0,0,0,0,,,,,,
135.920,,0,0,0,0,,,,,,
135.940,,0,0,0,0,,,,,,
135.960,,0,0,0,0,,,,,,
135.980,,0,0,0,0,,,,,,
136.000,,0,0,0,0,,,,,,
136.020,,0,0,0,0,,,,,,
136.040,,0,0,0,0,,,,,,
136.060,,0,0,0,0,,,,,,
136.080,,0,0,0,0,,,,,,
136.100,,0,0,0,0,,,,,,
136.120,,0,0,0,0,,,,,,
136.140,,0,0,0,0,,,,,,
136.160,,0,0,0,0,,,,,,
136.180,,0,0,0,0,,,,,,
136.200,,0,0,0,0,,,,,,
136.220,,0,0,0,0,,,,,,
136.240,,0,0,0,0,,,,,,
136.260,,0,0,0,0,,,,,,
136.280,,0,0,0,0,,,,,,
136.300,,0,0,0,0,,,,,,
136.320,,0,0,0,0,,,,,,
136.340,,0,0,0,0,,,,,,
136.360,,0,0,0,0,,,,,,
136.380,,0,0,0,0,,,,,,
136.400,,0,0,0,0,,,,,,
136.421,,0,0,0,0,,,,,,
136.440,,0,0,0,0,,,,,,
136.460,,0,0,0,0,,,,,,
136.480,,0,0,0,0,,,,,,
136.500,,0,0,0,0,,,,,,
136.520,,0,0,0,0,,,,,,
136.540,,0,0,0,0,,,,,,
136.560,,0,0,0,0,,,,,,
136.580,,0,0,0,0,,,,,,
136.600,,0,0,0,0,,,,,,
136.620,,0,0,0,0,,,,,,
136.640,,0,0,0,0,,,,,,
136.660,,0,0,0,0,,,,,,
136.680,,0,0,0,0,,,,,,
136.700,,0,0,0,0,,,,,,
136.720,,0,0,0,0,,,,,,
136.740,,0,0,0,0,,,,,,
136.760,,0,0,0,0,,,,,,
136.780,,0,0,0,0,,,,,,
136.800,,0,0,0,0,,,,,,
136.820,,0,0,0,0,,,,,,
136.840,,0,0,0,0,,,,,,
136.860,,0,0,0,0,,,,,,
136.880,,0,0,0,0,,,,,,
136.900,,0,0,0,0,,,,,,
136.920,,0,0,0,0,,,,,,
136.940,,0,0,0,0,,,,,,
136.960,,0,0,0,0,,,,,,
136.980,,0,0,0,0,,,,,,
137.000,,0,0,0,0,,,,,,
137.020,,0,0,0,0,,,,,,
137.040,,0,0,0,0,,,,,,
137.060,,0,0,0,0,,,,,,
137.080,,0,0,0,0,,,,,,
137.100,,0,0,0,0,,,,,,
137.120,,0,0,0,0,,,,,,
137.140,,0,0,0,0,,,,,,
137.160,,0,0,0,0,,,,,,
137.180,,0,0,0,0,,,,,,
137.200,,0,0,0,0,,,,,,
137.220,,0,0,0,0,,,,,,
137.240,,0,0,0,0,,,,,,
137.260,,0,0,0,0,,,,,,
137.280,,0,0,0,0,,,,,,
137.300,,0,0,0,0,,,,,,
137.320,,0,0,0,0,,,,,,
137.340,,0,0,0,0,,,,,,
137.360,,0,0,0,0,,,,,,
137.380,,0,0,0,0,,,,,,
137.400,,0,0,0,0,,,,,,
137.420,,0,0,0,0,,,,,,
137.440,,0,0,0,0,,,,,,
137.460,,0,0,0,0,,,,,,
137.480,,0,0,0,0,,,,,,
137.500,,0,0,0,0,,,,,,
137.520,,0,0,0,0,,,,,,
137.540,,0,0,0,0,,,,,,
137.560,,0,0,0,0,,,,,,
137.580,,0,0,0,0,,,,,,
137.600,,0,0,0,0,,,,,,
137.620,,0,0,0,0,,,,,,
137.640,,0,0,0,0,,,,,,
137.660,,0,0,0,0,,,,,,
137.680,,0,0,0,0,,,,,,
137.700,,0,0,0,0,,,,,,
137.720,,0,0,0,0,,,,,,
137.740,,0,0,0,0,,,,,,
137.760,,0,0,0,0,,,,,,
137.780,,0,0,0,0,,,,,,
137.800,,0,0,0,0,,,,,,
137.820,,0,0,0,0,,,,,,
137.840,,0,0,0,0,,,,,,
137.860,,0,0,0,0,,,,,,
137.880,,0,0,0,0,,,,,,
137.900,,0,0,0,0,,,,,,
137.920,,0,0,0,0,,,,,,
137.940,,0,0,0,0,,,,,,
137.960,,0,0,0,0,,,,,,
137.980,,0,0,0,0,,,,,,
138.000,,0,0,0,0,,,,,,
138.020,,0,0,0,0,,,,,,
138.040,,0,0,0,0,,,,,,
138.060,,0,0,0,0,,,,,,
138.080,,0,0,0,0,,,,,,
138.100,,0,0,0,0,,,,,,
138.120,,0,0,0,0,,,,,,
138.140,,0,0,0,0,,,,,,
138.160,,0,0,0,0,,,,,,
138.180,,0,0,0,0,,,,,,
138.200,,0,0,0,0,,,,,,
138.220,,0,0,0,0,,,,,,
138.240,,0,0,0,0,,,,,,
138.260,,0,0,0,0,,,,,,
138.280,,0,0,0,0,,,,,,
138.300,,0,0,0,0,,,,,,
138.320,,0,0,0,0,,,,,,
138.340,,0,0,0,0,,,,,,
138.360,,0,0,0,0,,,,,,
138.380,,0,0,0,0,,,,,,
138.400,,0,0,0,0,,,,,,
138.420,,0,0,0,0,,,,,,
138.440,,0,0,0,0,,,,,,
138.460,,0,0,0,0,,,,,,
138.480,,0,0,0,0,,,,,,
138.500,,0,0,0,0,,,,,,
138.520,,0,0,0,0,,,,,,
138.540,,0,0,0,0,,,,,,
138.560,,0,0,0,0,,,,,,
138.580,,0,0,0,0,,,,,,
138.600,,0,0,0,0,,,,,,
138.620,,0,0,0,0,,,,,,
138.640,,0,0,0,0,,,,,,
138.660,,0,0,0,0,,,,,,
138.680,,0,0,0,0,,,,,,
138.700,,0,0,0,0,,,,,,
138.720,,0,0,0,0,,,,,,
138.740,,0,0,0,0,,,,,,
138.760,,0,0,0,0,,,,,,
138.780,,0,0,0,0,,,,,,
138.800,,0,0,0,0,,,,,,
138.820,,0,0,0,0,,,,,,
138.840,,0,0,0,0,,,,,,
138.860,,0,0,0,0,,,,,,
138.880,,0,0,0,0,,,,,,
138.900,,0,0,0,0,,,,,,
138.920,,0,0,0,0,,,,,,
138.940,,0,0,0,0,,,,,,
138.960,,0,0,0,0,,,,,,
138.980,,0,0,0,0,,,,,,
139.000,,0,0,0,0,,,,,,
139.020,,0,0,0,0,,,,,,
139.040,,0,0,0,0,,,,,,
139.060,,0,0,0,0,,,,,,
139.080,,0,0,0,0,,,,,,
139.100,,0,0,0,0,,,,,,
139.120,,0,0,0,0,,,,,,
139.140,,0,0,0,0,,,,,,
139.160,,0,0,0,0,,,,,,
139.180,,0,0,0,0,,,,,,
139.200,,0,0,0,0,,,,,,
139.220,,0,0,0,0,,,,,,
139.240,,0,0,0,0,,,,,,
139.260,,0,0,0,0,,,,,,
139.280,,0,0,0,0,,,,,,
139.300,,0,0,0,0,,,,,,
139.320,,0,0,0,0,,,,,,
139.340,,0,0,0,0,,,,,,
139.360,,0,0,0,0,,,,,,
139.380,,0,0,0,0,,,,,,
139.400,,0,0,0,0,,,,,,
139.420,,0,0,0,0,,,,,,
139.440,,0,0,0,0,,,,,,
139.460,,0,0,0,0,,,,,,
139.480,,0,0,0,0,,,,,,
139.500,,0,0,0,0,,,,,,
139.520,,0,0,0,0,,,,,,
139.540,,0,0,0,0,,,,,,
139.560,,0,0,0,0,,,,,,
139.580,,0,0,0,0,,,,,,
139.600,,0,0,0,0,,,,,,
139.620,,0,0,0,0,,,,,,
139.640,,0,0,0,0,,,,,,
139.660,,0,0,0,0,,,,,,
139.680,,0,0,0,0,,,,,,
139.700,,0,0,0,0,,,,,,
139.720,,0,0,0,0,,,,,,
139.740,,0,0,0,0,,,,,,
139.760,,0,0,0,0,,,,,,
139.780,,0,0,0,0,,,,,,
139.800,,0,0,0,0,,,,,,
139.820,,0,0,0,0,,,,,,
139.840,,0,0,0,0,,,,,,
139.860,,0,0,0,0,,,,,,
139.880,,0,0,0,0,,,,,,
139.900,,0,0,0,0,,,,,,
139.920,,0,0,0,0,,,,,,
139.940,,0,0,0,0,,,,,,
139.960,,0,0,0,0,,,,,,
139.980,,0,0,0,0,,,,,,
140.000,,0,0,0,0,,,,,,
140.020,,0,0,0,0,,,,,,
140.040,,0,0,0,0,,,,,,
140.060,,0,0,0,0,,,,,,
140.080,,0,0,0,0,,,,,,
140.100,,0,0,0,0,,,,,,
140.120,,0,0,0,0,,,,,,
140.140,,0,0,0,0,,,,,,
140.160,,0,0,0,0,,,,,,
140.180,,0,0,0,0,,,,,,
140.200,,0,0,0,0,,,,,,
140.220,,0,0,0,0,,,,,,
140.240,,0,0,0,0,,,,,,
140.260,,0,0,0,0,,,,,,
140.280,,0,0,0,0,,,,,,
140.300,,0,0,0,0,,,,,,
140.320,,0,0,0,0,,,,,,
140.340,,0,0,0,0,,,,,,
140.360,,0,0,0,0,,,,,,
140.380,,0,0,0,0,,,,,,
140.400,,0,0,0,0,,,,,,
140.420,,0,0,0,0,,,,,,
140.440,,0,0,0,0,,,,,,
140.460,,0,0,0,0,,,,,,
140.480,,0,0,0,0,,,,,,
140.500,,0,0,0,0,,,,,,
140.520,,0,0,0,0,,,,,,
140.540,,0,0,0,0,,,,,,
140.560,,0,0,0,0,,,,,,
140.580,,0,0,0,0,,,,,,
140.600,,0,0,0,0,,,,,,
140.620,,0,0,0,0,,,,,,
140.640,,0,0,0,0,,,,,,
140.660,,0,0,0,0,,,,,,
140.680,,0,0,0,0,,,,,,
140.700,,0,0,0,0,,,,,,
140.720,,0,0,0,0,,,,,,
140.740,,0,0,0,0,,,,,,
140.760,,0,0,0,0,,,,,,
140.780,,0,0,0,0,,,,,,
140.800,,0,0,0,0,,,,,,
140.820,,0,0,0,0,,,,,,
140.840,,0,0,0,0,,,,,,
140.860,,0,0,0,0,,,,,,
140.880,,0,0,0,0,,,,,,
140.900,,0,0,0,0,,,,,,
140.920,,0,0,0,0,,,,,,
140.940,,0,0,0,0,,,,,,
140.960,,0,0,0,0,,,,,,
140.980,,0,0,0,0,,,,,,
141.000,,0,0,0,0,,,,,,
141.020,,0,0,0,0,,,,,,
141.040,,0,0,0,0,,,,,,
141.060,,0,0,0,0,,,,,,
141.080,,0,0,0,0,,,,,,
141.100,,0,0,0,0,,,,,,
141.120,,0,0,0,0,,,,,,
141.140,,0,0,0,0,,,,,,
141.160,,0,0,0,0,,,,,,
141.180,,0,0,0,0,,,,,,
141.200,,0,0,0,0,,,,,,
141.220,,0,0,0,0,,,,,,
141.240,,0,0,0,0,,,,,,
141.260,,0,0,0,0,,,,,,
141.280,,0,0,0,0,,,,,,
141.300,,0,0,0,0,,,,,,
141.320,,0,0,0,0,,,,,,
141.340,,0,0,0,0,,,,,,
141.360,,0,0,0,0,,,,,,
141.380,,0,0,0,0,,,,,,
141.400,,0,0,0,0,,,,,,
141.420,,0,0,0,0,,,,,,
141.440,,0,0,0,0,,,,,,
141.460,,0,0,0,0,,,,,,
141.480,,0,0,0,0,,,,,,
141.500,,0,0,0,0,,,,,,
141.520,,0,0,0,0,,,,,,
141.540,,0,0,0,0,,,,,,
141.560,,0,0,0,0,,,,,,
141.580,,0,0,0,0,,,,,,
141.600,,0,0,0,0,,,,,,
141.620,,0,0,0,0,,,,,,
141.640,,0,0,0,0,,,,,,
141.660,,0,0,0,0,,,,,,
141.680,,0,0,0,0,,,,,,
141.700,,0,0,0,0,,,,,,
141.720,,0,0,0,0,,,,,,
141.740,,0,0,0,0,,,,,,
141.760,,0,0,0,0,,,,,,
141.780,,0,0,0,0,,,,,,
141.800,,0,0,0,0,,,,,,
141.820,,0,0,0,0,,,,,,
141.840,,0,0,0,0,,,,,,
141.860,,0,0,0,0,,,,,,
141.880,,0,0,0,0,,,,,,
141.900,,0,0,0,0,,,,,,
141.920,,0,0,0,0,,,,,,
141.940,,0,0,0,0,,,,,,
141.960,,0,0,0,0,,,,,,
141.980,,0,0,0,0,,,,,,
142.000,,0,0,0,0,,,,,,
142.020,,0,0,0,0,,,,,,
142.040,,0,0,0,0,,,,,,
142.060,,0,0,0,0,,,,,,
142.080,,0,0,0,0,,,,,,
142.100,,0,0,0,0,,,,,,
142.120,,0,0,0,0,,,,,,
142.140,,0,0,0,0,,,,,,
142.160,,0,0,0,0,,,,,,
142.180,,0,0,0,0,,,,,,
142.200,,0,0,0,0,,,,,,
142.220,,0,0,0,0,,,,,,
142.240,,0,0,0,0,,,,,,
142.260,,0,0,0,0,,,,,,
142.280,,0,0,0,0,,,,,,
142.300,,0,0,0,0,,,,,,
142.320,,0,0,0,0,,,,,,
142.340,,0,0,0,0,,,,,,
142.360,,0,0,0,0,,,,,,
142.380,,0,0,0,0,,,,,,
142.400,,0,0,0,0,,,,,,
142.420,,0,0,0,0,,,,,,
142.440,,0,0,0,0,,,,,,
142.460,,0,0,0,0,,,,,,
142.480,,0,0,0,0,,,,,,
142.500,,0,0,0,0,,,,,,
142.520,,0,0,0,0,,,,,,
142.540,,0,0,0,0,,,,,,
142.560,,0,0,0,0,,,,,,
142.580,,0,0,0,0,,,,,,
142.600,,0,0,0,0,,,,,,
142.620,,0,0,0,0,,,,,,
142.640,,0,0,0,0,,,,,,
142.660,,0,0,0,0,,,,,,
142.680,,0,0,0,0,,,,,,
142.700,,0,0,0,0,,,,,,
142.720,,0,0,0,0,,,,,,
142.740,,0,0,0,0,,,,,,
142.760,,0,0,0,0,,,,,,
142.780,,0,0,0,0,,,,,,
142.800,,0,0,0,0,,,,,,
142.820,,0,0,0,0,,,,,,
142.840,,0,0,0,0,,,,,,
142.860,,0,0,0,0,,,,,,
142.880,,0,0,0,0,,,,,,
142.900,,0,0,0,0,,,,,,
142.920,,0,0,0,0,,,,,,
142.940,,0,0,0,0,,,,,,
142.960,,0,0,0,0,,,,,,
142.980,,0,0,0,0,,,,,,
143.000,,0,0,0,0,,,,,,
143.020,,0,0,0,0,,,,,,
143.040,,0,0,0,0,,,,,,
143.060,,0,0,0,0,,,,,,
143.080,,0,0,0,0,,,,,,
143.100,,0,0,0,0,,,,,,
143.120,,0,0,0,0,,,,,,
143.140,,0,0,0,0,,,,,,
143.160,,0,0,0,0,,,,,,
143.180,,0,0,0,0,,,,,,
143.200,,0,0,0,0,,,,,,
143.220,,0,0,0,0,,,,,,
143.240,,0,0,0,0,,,,,,
143.260,,0,0,0,0,,,,,,
143.280,,0,0,0,0,,,,,,
143.300,,0,0,0,0,,,,,,
143.320,,0,0,0,0,,,,,,
143.340,,0,0,0,0,,,,,,
143.360,,0,0,0,0,,,,,,
143.380,,0,0,0,0,,,,,,
143.400,,0,0,0,0,,,,,,
143.420,,0,0,0,0,,,,,,
143.440,,0,0,0,0,,,,,,
143.460,,0,0,0,0,,,,,,
143.480,,0,0,0,0,,,,,,
143.500,,0,0,0,0,,,,,,
143.520,,0,0,0,0,,,,,,
143.540,,0,0,0,0,,,,,,
143.560,,0,0,0,0,,,,,,
143.580,,0,0,0,0,,,,,,
143.600,,0,0,0,0,,,,,,
143.620,,0,0,0,0,,,,,,
143.640,,0,0,0,0,,,,,,
143.660,,0,0,0,0,,,,,,
143.680,,0,0,0,0,,,,,,
143.700,,0,0,0,0,,,,,,
143.720,,0,0,0,0,,,,,,
143.740,,0,0,0,0,,,,,,
143.760,,0,0,0,0,,,,,,
143.780,,0,0,0,0,,,,,,
143.800,,0,0,0,0,,,,,,
143.820,,0,0,0,0,,,,,,
143.840,,0,0,0,0,,,,,,
143.860,,0,0,0,0,,,,,,
143.880,,0,0,0,0,,,,,,
143.900,,0,0,0,0,,,,,,
143.920,,0,0,0,0,,,,,,
143.940,,0,0,0,0,,,,,,
143.960,,0,0,0,0,,,,,,
143.980,,0,0,0,0,,,,,,
144.000,,0,0,0,0,,,,,,
144.020,,0,0,0,0,,,,,,
144.040,,0,0,0,0,,,,,,
144.060,,0,0,0,0,,,,,,
144.080,,0,0,0,0,,,,,,
144.100,,0,0,0,0,,,,,,
144.120,,0,0,0,0,,,,,,
144.140,,0,0,0,0,,,,,,
144.160,,0,0,0,0,,,,,,
144.180,,0,0,0,0,,,,,,
144.200,,0,0,0,0,,,,,,
144.220,,0,0,0,0,,,,,,
144.240,,0,0,0,0,,,,,,
144.260,,0,0,0,0,,,,,,
144.280,,0,0,0,0,,,,,,
144.300,,0,0,0,0,,,,,,
144.320,,0,0,0,0,,,,,,
144.340,,0,0,0,0,,,,,,
144.360,,0,0,0,0,,,,,,
144.380,,0,0,0,0,,,,,,
144.400,,0,0,0,0,,,,,,
144.420,,0,0,0,0,,,,,,
144.440,,0,0,0,0,,,,,,
144.460,,0,0,0,0,,,,,,
144.480,,250,150,15,15,,,,,,
144.500,,250,150,30,30,,,,,,
144.520,,250,150,45,45,,,,,,
144.540,,250,150,60,60,,,,,,
144.560,,250,150,75,75,,,,,,
144.580,,250,150,90,90,,,,,,
144.600,,250,150,105,105,,,,,,
144.620,,250,150,120,120,,,,,,
144.640,,250,150,135,135,,,,,,
144.660,,250,150,150,150,,,,,,
144.680,,250,150,165,150,,,,,,
144.700,,250,150,180,150,,,,,,
144.720,,250,150,195,150,,,,,,
144.740,,250,150,210,150,,,,,,
144.760,,250,150,225,150,,,,,,
144.780,,250,150,240,150,,,,,,
144.800,,250,150,250,150,,,,,,
144.820,,250,150,250,150,,,,,,
144.840,,250,150,250,150,,,,,,
144.860,,250,150,250,150,,,,,,
144.880,,250,150,250,150,,,,,,
144.900,,250,150,250,150,,,,,,
144.920,,250,150,250,150,,,,,,
144.940,,250,150,250,150,,,,,,
144.960,,250,150,250,150,,,,,,
144.980,,250,150,250,150,,,,,,
145.000,,250,150,250,150,,,,,,
145.020,,250,150,250,150,,,,,,
145.040,,250,150,250,150,,,,,,
145.060,,250,150,250,150,,,,,,
145.080,,250,150,250,150,,,,,,
145.100,,250,150,250,150,,,,,,
145.120,,250,150,250,150,,,,,,
145.140,,250,150,250,150,,,,,,
145.160,,250,150,250,150,,,,,,
145.180,,250,150,250,150,,,,,,
145.200,,250,150,250,150,,,,,,
145.220,,250,150,250,150,,,,,,
145.240,,250,150,250,150,,,,,,
145.260,,250,150,250,150,,,,,,
145.280,,250,150,250,150,,,,,,
145.300,,250,150,250,150,,,,,,
145.320,,250,150,250,150,,,,,,
145.340,,250,150,250,150,,,,,,
145.360,,250,150,250,150,,,,,,
145.380,,250,150,250,150,,,,,,
145.400,,250,150,250,150,,,,,,
145.420,,250,150,250,150,,,,,,
145.440,,250,150,250,150,,,,,,
145.460,,250,150,250,150,,,,,,
145.480,,250,150,250,150,,,,,,
145.500,,250,150,250,150,,,,,,
145.520,,250,150,250,150,,,,,,
145.540,,250,150,250,150,,,,,,
145.560,,250,150,250,150,,,,,,
145.580,,250,150,250,150,,,,,,
145.600,,250,150,250,150,,,,,,
145.620,,250,150,250,150,,,,,,
145.640,,250,150,250,150,,,,,,
145.660,,250,150,250,150,,,,,,
145.680,,250,150,250,150,,,,,,
145.700,,250,150,250,150,,,,,,
145.720,,250,150,250,150,,,,,,
145.740,,250,150,250,150,,,,,,
145.760,,0,0,235,135,,,,,,
145.780,,0,0,220,120,,,,,,
145.800,,0,0,205,105,,,,,,
145.820,,0,0,190,90,,,,,,
145.840,,0,0,175,75,,,,,,
145.860,,0,0,160,60,,,,,,
145.880,,0,0,145,45,,,,,,
145.900,,0,0,130,30,,,,,,
145.920,,0,0,115,15,,,,,,
145.940,,0,0,100,0,,,,,,
145.960,,0,0,85,0,,,,,,
145.980,,0,0,70,0,,,,,,
146.000,,0,0,55,0,,,,,,
146.020,,0,0,40,0,,,,,,
146.040,,0,0,25,0,,,,,,
146.060,,0,0,10,0,,,,,,
146.080,,0,0,0,0,,,,,,
146.100,,0,0,0,0,,,,,,
146.120,,0,0,0,0,,,,,,
146.140,,0,0,0,0,,,,,,
146.160,,0,0,0,0,,,,,,
146.180,,0,0,0,0,,,,,,
146.200,,0,0,0,0,,,,,,
146.220,,0,0,0,0,,,,,,
146.240,,0,0,0,0,,,,,,
146.260,,0,0,0,0,,,,,,
146.280,,0,0,0,0,,,,,,
146.300,,0,0,0,0,,,,,,
146.320,,0,0,0,0,,,,,,
146.340,,0,0,0,0,,,,,,
146.360,,0,0,0,0,,,,,,
146.380,,0,0,0,0,,,,,,
146.400,,0,0,0,0,,,,,,
146.420,,0,0,0,0,,,,,,
146.440,,0,0,0,0,,,,,,
146.460,,0,0,0,0,,,,,,
146.480,,0,0,0,0,,,,,,
146.500,,0,0,0,0,,,,,,
146.520,,0,0,0,0,,,,,,
146.540,,0,0,0,0,,,,,,
146.560,,0,0,0,0,,,,,,
146.580,,0,0,0,0,,,,,,
146.600,,0,0,0,0,,,,,,
146.620,,0,0,0,0,,,,,,
146.640,,0,0,0,0,,,,,,
146.660,,0,0,0,0,,,,,,
146.680,,0,150,0,15,,,,,,
146.700,,0,150,0,30,,,,,,
146.720,,0,150,0,45,,,,,,
146.740,,0,150,0,60,,,,,,
146.760,,0,150,0,75,,,,,,
146.780,,0,150,0,90,,,,,,
146.800,,0,150,0,105,,,,,,
146.820,,0,150,0,120,,,,,,
146.840,,0,150,0,135,,,,,,
146.860,,0,150,0,150,,,,,,
146.880,,0,150,0,150,,,,,,
146.900,,0,150,0,150,,,,,,
146.920,,0,150,0,150,,,,,,
146.940,,0,150,0,150,,,,,,
146.960,,0,150,0,150,,,,,,
146.980,,0,150,0,150,,,,,,
147.000,,0,150,0,150,,,,,,
147.020,,0,150,0,150,,,,,,
147.040,,0,150,0,150,,,,,,
147.060,,0,150,0,150,,,,,,
147.080,,0,150,0,150,,,,,,
147.100,,0,150,0,150,,,,,,
147.120,,0,150,0,150,,,,,,
147.140,,0,150,0,150,,,,,,
147.160,,0,150,0,150,,,,,,
147.180,,0,150,0,150,,,,,,
147.200,,0,150,0,150,,,,,,
147.220,,0,150,0,150,,,,,,
147.240,,0,150,0,150,,,,,,
147.260,,0,150,0,150,,,,,,
147.280,,0,150,0,150,,,,,,
147.300,,0,150,0,150,,,,,,
147.320,,0,150,0,150,,,,,,
147.340,,0,150,0,150,,,,,,
147.360,,0,150,0,150,,,,,,
147.380,,0,150,0,150,,,,,,
147.400,,0,150,0,150,,,,,,
147.420,,0,150,0,150,,,,,,
147.440,,0,150,0,150,,,,,,
147.460,,0,150,0,150,,,,,,
147.480,,0,150,0,150,,,,,,
147.500,,0,150,0,150,,,,,,
147.520,,0,150,0,150,,,,,,
147.540,,0,150,0,150,,,,,,
147.560,,0,150,0,150,,,,,,
147.580,,0,150,0,150,,,,,,
147.600,,0,150,0,150,,,,,,
147.620,,0,150,0,150,,,,,,
147.640,,0,150,0,150,,,,,,
147.660,,0,150,0,150,,,,,,
147.680,,0,150,0,150,,,,,,
147.700,,0,150,0,150,,,,,,
147.720,,0,150,0,150,,,,,,
147.740,,0,150,0,150,,,,,,
147.760,,0,150,0,150,,,,,,
147.780,,0,150,0,150,,,,,,
147.800,,0,150,0,150,,,,,,
147.820,,0,150,0,150,,,,,,
147.840,,0,150,0,150,,,,,,
147.860,,0,150,0,150,,,,,,
147.880,,0,150,0,150,,,,,,
147.900,,0,150,0,150,,,,,,
147.920,,0,150,0,150,,,,,,
147.940,,0,150,0,150,,,,,,
147.960,,0,150,0,150,,,,,,
147.980,,0,150,0,150,,,,,,
148.000,,0,150,0,150,,,,,,
148.020,,0,150,0,150,,,,,,
148.040,,0,150,0,150,,,,,,
148.060,,0,150,0,150,,,,,,
148.080,,0,150,0,150,,,,,,
148.100,,0,150,0,150,,,,,,
148.120,,0,150,0,150,,,,,,
148.140,,0,150,0,150,,,,,,
148.160,,0,150,0,150,,,,,,
148.180,,0,150,0,150,,,,,,
148.200,,0,150,0,150,,,,,,
148.220,,0,150,0,150,,,,,,
148.240,,0,150,0,150,,,,,,
148.260,,0,150,0,150,,,,,,
148.280,,0,150,0,150,,,,,,
148.300,,0,150,0,150,,,,,,
148.320,,0,150,0,150,,,,,,
148.340,,0,150,0,150,,,,,,
148.360,,0,150,0,150,,,,,,
148.380,,0,150,0,150,,,,,,
148.400,,0,150,0,150,,,,,,
148.420,,0,150,0,150,,,,,,
148.440,,0,150,0,150,,,,,,
148.460,,0,150,0,150,,,,,,
148.480,,0,150,0,150,,,,,,
148.500,,0,150,0,150,,,,,,
148.520,,0,150,0,150,,,,,,
148.540,,0,150,0,150,,,,,,
148.560,,0,150,0,150,,,,,,
148.580,,0,150,0,150,,,,,,
148.600,,0,150,0,150,,,,,,
148.620,,0,150,0,150,,,,,,
148.640,,0,150,0,150,,,,,,
148.660,,0,150,0,150,,,,,,
148.680,,0,150,0,150,,,,,,
148.700,,0,150,0,150,,,,,,
148.720,,0,150,0,150,,,,,,
148.740,,0,150,0,150,,,,,,
148.760,,0,150,0,150,,,,,,
148.780,,0,150,0,150,,,,,,
148.800,,0,150,0,150,,,,,,
148.820,,0,150,0,150,,,,,,
148.840,,0,150,0,150,,,,,,
148.860,,0,150,0,150,,,,,,
148.880,,0,150,0,150,,,,,,
148.900,,0,150,0,150,,,,,,
148.920,,0,150,0,150,,,,,,
148.940,,0,150,0,150,,,,,,
148.960,,0,150,0,150,,,,,,
148.980,,0,150,0,150,,,,,,
149.000,,0,150,0,150,,,,,,
149.020,,0,150,0,150,,,,,,
149.040,,0,150,0,150,,,,,,
149.060,,0,150,0,150,,,,,,
149.080,,0,150,0,150,,,,,,
149.100,,0,150,0,150,,,,,,
149.120,,0,150,0,150,,,,,,
149.140,,0,150,0,150,,,,,,
149.160,,0,150,0,150,,,,,,
149.180,,0,150,0,150,,,,,,
149.200,,0,150,0,150,,,,,,
149.220,,0,150,0,150,,,,,,
149.240,,0,150,0,150,,,,,,
149.260,,0,150,0,150,,,,,,
149.280,,0,150,0,150,,,,,,
149.300,,0,150,0,150,,,,,,
149.320,,0,150,0,150,,,,,,
149.340,,0,0,0,135,,,,,,
149.360,,0,0,0,120,,,,,,
149.380,,0,0,0,105,,,,,,
149.400,,0,0,0,90,,,,,,
149.420,,0,0,0,75,,,,,,
149.440,,0,0,0,60,,,,,,
149.460,,0,0,0,45,,,,,,
149.480,,0,0,0,30,,,,,,
149.500,,0,0,0,15,,,,,,
149.520,,0,0,0,0,,,,,,
149.540,,0,0,0,0,,,,,,
149.560,,0,0,0,0,,,,,,
149.580,,0,0,0,0,,,,,,
149.600,,0,0,0,0,,,,,,
149.620,,0,0,0,0,,,,,,
149.640,,0,0,0,0,,,,,,
149.660,,0,0,0,0,,,,,,
149.680,,0,0,0,0,,,,,,
149.700,,0,0,0,0,,,,,,
149.720,,0,0,0,0,,,,,,
149.740,,0,0,0,0,,,,,,
149.760,,0,0,0,0,,,,,,
149.780,,0,0,0,0,,,,,,
149.800,,0,0,0,0,,,,,,
149.820,,0,0,0,0,,,,,,
149.840,,0,0,0,0,,,,,,
149.860,,0,0,0,0,,,,,,
149.880,,0,0,0,0,,,,,,
149.900,,0,0,0,0,,,,,,
149.920,,0,0,0,0,,,,,,
149.940,,0,0,0,0,,,,,,
149.960,,0,0,0,0,,,,,,
149.980,,0,0,0,0,,,,,,
150.000,,0,0,0,0,,,,,,
150.020,,0,0,0,0,,,,,,
150.040,,0,0,0,0,,,,,,
150.060,,0,0,0,0,,,,,,
150.080,,0,0,0,0,,,,,,
150.100,,0,0,0,0,,,,,,
150.120,,0,0,0,0,,,,,,
150.140,,0,0,0,0,,,,,,
150.160,,0,0,0,0,,,,,,
150.180,,0,0,0,0,,,,,,
150.200,,0,0,0,0,,,,,,
150.220,,0,-150,0,-15,,,,,,
150.240,,0,-150,0,-30,,,,,,
150.260,,0,-150,0,-45,,,,,,
150.280,,0,-150,0,-60,,,,,,
150.300,,0,-150,0,-75,,,,,,
150.320,,0,-150,0,-90,,,,,,
150.340,,0,-150,0,-105,,,,,,
150.360,,0,-150,0,-120,,,,,,
150.380,,0,-150,0,-135,,,,,,
150.400,,0,-150,0,-150,,,,,,
150.420,,0,-150,0,-150,,,,,,
150.440,,0,-150,0,-150,,,,,,
150.460,,0,-150,0,-150,,,,,,
150.480,,0,-150,0,-150,,,,,,
150.500,,0,-150,0,-150,,,,,,
150.520,,0,-150,0,-150,,,,,,
150.540,,0,-150,0,-150,,,,,,
150.561,,0,-150,0,-150,,,,,,
150.580,,0,-150,0,-150,,,,,,
150.600,,0,-150,0,-150,,,,,,
150.620,,0,-150,0,-150,,,,,,
150.640,,0,-150,0,-150,,,,,,
150.660,,0,-150,0,-150,,,,,,
150.680,,0,-150,0,-150,,,,,,
150.700,,0,-150,0,-150,,,,,,
150.720,,0,-150,0,-150,,,,,,
150.740,,0,-150,0,-150,,,,,,
150.760,,0,-150,0,-150,,,,,,
150.780,,0,-150,0,-150,,,,,,
150.800,,0,-150,0,-150,,,,,,
150.820,,0,-150,0,-150,,,,,,
150.840,,0,-150,0,-150,,,,,,
150.860,,0,-150,0,-150,,,,,,
150.880,,0,-150,0,-150,,,,,,
150.900,,0,-150,0,-150,,,,,,
150.920,,0,-150,0,-150,,,,,,
150.940,,0,-150,0,-150,,,,,,
150.960,,0,-150,0,-150,,,,,,
150.980,,0,-150,0,-150,,,,,,
151.000,,0,-150,0,-150,,,,,,
151.020,,0,-150,0,-150,,,,,,
151.040,,0,-150,0,-150,,,,,,
151.060,,0,-150,0,-150,,,,,,
151.080,,0,-150,0,-150,,,,,,
151.100,,0,-150,0,-150,,,,,,
151.120,d,0,-150,0,-150,,,,,,
151.140,,0,-150,0,-150,,,,,,
151.160,,0,-150,0,-150,,,,,,
151.180,,0,-150,0,-150,,,,,,
151.200,,0,-150,0,-150,,,,,,
151.220,,0,-150,0,-150,,,,,,
151.240,,0,-150,0,-150,,,,,,
151.260,,0,-150,0,-150,,,,,,
151.280,,0,-150,0,-150,,,,,,
151.300,,0,-150,0,-150,,,,,,
151.320,,0,-150,0,-150,,,,,,
151.340,,0,-150,0,-150,,,,,,
151.360,,0,-150,0,-150,,,,,,
151.380,,0,-150,0,-150,,,,,,
151.400,,0,-150,0,-150,,,,,,
151.420,,0,-150,0,-150,,,,,,
151.440,,0,-150,0,-150,,,,,,
151.460,,0,-150,0,-150,,,,,,
151.480,,0,-150,0,-150,,,,,,
151.500,,0,-150,0,-150,,,,,,
151.520,,0,-150,0,-150,,,,,,
151.540,,0,-150,0,-150,,,,,,
151.560,,0,-150,0,-150,,,,,,
151.580,,0,-150,0,-150,,,,,,
151.600,,0,-150,0,-150,,,,,,
151.620,,0,-150,0,-150,,,,,,
151.640,,0,-150,0,-150,,,,,,
151.660,,0,-150,0,-150,,,,,,
151.680,,0,-150,0,-150,,,,,,
151.700,,0,-150,0,-150,,,,,,
151.720,,0,-150,0,-150,,,,,,
151.740,,0,-150,0,-150,,,,,,
151.760,,0,-150,0,-150,,,,,,
151.780,,0,-150,0,-150,,,,,,
151.800,,0,-150,0,-150,,,,,,
151.820,,0,-150,0,-150,,,,,,
151.840,,0,-150,0,-150,,,,,,
151.860,,0,-150,0,-150,,,,,,
151.880,,0,-150,0,-150,,,,,,
151.900,,0,-150,0,-150,,,,,,
151.920,,0,-150,0,-150,,,,,,
151.940,,0,-150,0,-150,,,,,,
151.960,,0,-150,0,-150,,,,,,
151.980,,0,-150,0,-150,,,,,,
152.000,,0,-150,0,-150,,,,,,
152.020,,0,-150,0,-150,,,,,,
152.040,,0,-150,0,-150,,,,,,
152.060,,0,-150,0,-150,,,,,,
152.080,,0,-150,0,-150,,,,,,
152.100,,0,-150,0,-150,,,,,,
152.120,,0,-150,0,-150,,,,,,
152.140,,0,-150,0,-150,,,,,,
152.160,,0,-150,0,-150,,,,,,
152.180,,0,-150,0,-150,,,,,,
152.200,,0,-150,0,-150,,,,,,
152.220,,0,-150,0,-150,,,,,,
152.240,,0,-150,0,-150,,,,,,
152.260,,0,-150,0,-150,,,,,,
152.280,,0,-150,0,-150,,,,,,
152.300,,0,-150,0,-150,,,,,,
152.320,,0,-150,0,-150,,,,,,
152.340,,0,-150,0,-150,,,,,,
152.360,,0,-150,0,-150,,,,,,
152.380,,0,-150,0,-150,,,,,,
152.400,,0,-150,0,-150,,,,,,
152.420,,0,-150,0,-150,,,,,,
152.440,,0,-150,0,-150,,,,,,
152.460,,0,-150,0,-150,,,,,,
152.480,,0,-150,0,-150,,,,,,
152.500,d,0,-150,0,-150,,,,,,
152.520,,0,-150,0,-150,,,,,,
152.540,,0,-150,0,-150,,,,,,
152.560,,0,-150,0,-150,,,,,,
152.580,,0,-150,0,-150,,,,,,
152.600,,0,-150,0,-150,,,,,,
152.620,,0,-150,0,-150,,,,,,
152.640,,0,-150,0,-150,,,,,,
152.660,,0,-150,0,-150,,,,,,
152.680,,0,-150,0,-150,,,,,,
152.700,,0,-150,0,-150,,,,,,
152.720,,0,-150,0,-150,,,,,,
152.740,,0,-150,0,-150,,,,,,
152.760,d,0,-150,0,-150,,,,,,
152.780,,0,-150,0,-150,,,,,,
152.800,,0,-150,0,-150,,,,,,
152.820,,0,-150,0,-150,,,,,,
152.840,,0,-150,0,-150,,,,,,
152.860,,0,-150,0,-150,,,,,,
152.880,,0,-150,0,-150,,,,,,
152.900,,0,-150,0,-150,,,,,,
152.920,,0,-150,0,-150,,,,,,
152.940,,0,-150,0,-150,,,,,,
152.960,,0,-150,0,-150,,,,,,
152.980,,0,-150,0,-150,,,,,,
153.000,,0,-150,0,-150,,,,,,
153.020,,0,-150,0,-150,,,,,,
153.040,,0,-150,0,-150,,,,,,
153.060,,0,-150,0,-150,,,,,,
153.080,,0,-150,0,-150,,,,,,
153.100,,0,-150,0,-150,,,,,,
153.120,,0,-150,0,-150,,,,,,
153.140,,0,-150,0,-150,,,,,,
153.160,,0,-150,0,-150,,,,,,
153.180,,0,-150,0,-150,,,,,,
153.200,,0,-150,0,-150,,,,,,
153.220,,0,-150,0,-150,,,,,,
153.240,,0,-150,0,-150,,,,,,
153.260,,0,-150,0,-150,,,,,,
153.280,,0,-150,0,-150,,,,,,
153.300,,0,-150,0,-150,,,,,,
153.320,,0,-150,0,-150,,,,,,
153.340,,0,-150,0,-150,,,,,,
153.360,,0,-150,0,-150,,,,,,
153.380,,0,-150,0,-150,,,,,,
153.400,,0,-150,0,-150,,,,,,
153.420,,0,-150,0,-150,,,,,,
153.440,,0,-150,0,-150,,,,,,
153.460,,0,-150,0,-150,,,,,,
153.480,,0,-150,0,-150,,,,,,
153.500,,0,-150,0,-150,,,,,,
153.520,,0,-150,0,-150,,,,,,
153.540,,0,-150,0,-150,,,,,,
153.560,,0,-150,0,-150,,,,,,
153.580,,0,-150,0,-150,,,,,,
153.600,,0,-150,0,-150,,,,,,
153.620,,0,-150,0,-150,,,,,,
153.640,,0,-150,0,-150,,,,,,
153.660,,0,-150,0,-150,,,,,,
153.680,,0,-150,0,-150,,,,,,
153.700,,0,-150,0,-150,,,,,,
153.720,,0,-150,0,-150,,,,,,
153.740,,0,-150,0,-150,,,,,,
153.760,,0,-150,0,-150,,,,,,
153.780,,0,0,0,-135,,,,,,
153.800,,0,0,0,-120,,,,,,
153.820,,0,0,0,-105,,,,,,
153.840,,0,0,0,-90,,,,,,
153.860,,0,0,0,-75,,,,,,
153.880,,0,0,0,-60,,,,,,
153.900,,0,0,0,-45,,,,,,
153.920,,0,0,0,-30,,,,,,
153.940,,0,0,0,-15,,,,,,
153.960,,0,0,0,0,,,,,,
153.980,,0,0,0,0,,,,,,
154.000,,0,0,0,0,,,,,,
154.020,,0,0,0,0,,,,,,
154.040,,0,0,0,0,,,,,,
154.060,,0,0,0,0,,,,,,
154.080,,0,0,0,0,,,,,,
154.100,,0,0,0,0,,,,,,
154.120,,0,0,0,0,,,,,,
154.140,,0,0,0,0,,,,,,
154.160,,0,0,0,0,,,,,,
154.180,,0,0,0,0,,,,,,
154.200,,0,0,0,0,,,,,,
154.220,,0,0,0,0,,,,,,
154.240,,0,0,0,0,,,,,,
154.260,,0,0,0,0,,,,,,
154.280,,0,0,0,0,,,,,,
154.300,,0,0,0,0,,,,,,
154.320,,0,0,0,0,,,,,,
154.340,,0,0,0,0,,,,,,
154.360,,0,0,0,0,,,,,,
154.380,,0,0,0,0,,,,,,
154.400,,-250,0,-15,0,,,,,,
154.420,,-250,0,-30,0,,,,,,
154.440,,-250,0,-45,0,,,,,,
154.460,,-250,0,-60,0,,,,,,
154.480,,-250,0,-75,0,,,,,,
154.500,,-250,0,-90,0,,,,,,
154.520,,-250,0,-105,0,,,,,,
154.540,,-250,0,-120,0,,,,,,
154.560,,-250,0,-135,0,,,,,,
154.580,,-250,0,-150,0,,,,,,
154.600,,-250,0,-165,0,,,,,,
154.620,,-250,0,-180,0,,,,,,
154.640,,-250,0,-195,0,,,,,,
154.660,,-250,0,-210,0,,,,,,
154.680,,-250,0,-225,0,,,,,,
154.700,,-250,0,-240,0,,,,,,
154.720,,-250,0,-250,0,,,,,,
154.740,,-250,0,-250,0,,,,,,
154.760,,-250,0,-250,0,,,,,,
154.780,,-250,0,-250,0,,,,,,
154.800,,-250,0,-250,0,,,,,,
154.820,,-250,0,-250,0,,,,,,
154.840,,-250,0,-250,0,,,,,,
154.860,,-250,0,-250,0,,,,,,
154.880,,-250,0,-250,0,,,,,,
154.900,,-250,0,-250,0,,,,,,
154.920,,-250,0,-250,0,,,,,,
154.940,,-250,0,-250,0,,,,,,
154.960,,-250,0,-250,0,,,,,,
154.980,,-250,0,-250,0,,,,,,
155.000,,-250,0,-250,0,,,,,,
155.020,,-250,0,-250,0,,,,,,
155.040,,-250,0,-250,0,,,,,,
155.060,,-250,0,-250,0,,,,,,
155.080,,-250,0,-250,0,,,,,,
155.100,,-250,0,-250,0,,,,,,
155.120,,-250,0,-250,0,,,,,,
155.140,,-250,0,-250,0,,,,,,
155.160,,-250,0,-250,0,,,,,,
155.180,,-250,0,-250,0,,,,,,
155.200,,-250,0,-250,0,,,,,,
155.220,,-250,0,-250,0,,,,,,
155.240,,-250,0,-250,0,,,,,,
155.260,,-250,0,-250,0,,,,,,
155.280,,-250,0,-250,0,,,,,,
155.300,,-250,0,-250,0,,,,,,
155.320,,-250,0,-250,0,,,,,,
155.340,,-250,0,-250,0,,,,,,
155.360,,-250,0,-250,0,,,,,,
155.380,,-250,0,-250,0,,,,,,
155.400,,-250,0,-250,0,,,,,,
155.420,,-250,0,-250,0,,,,,,
155.440,,-250,0,-250,0,,,,,,
155.460,,-250,0,-250,0,,,,,,
155.480,,-250,0,-250,0,,,,,,
155.500,,-250,0,-250,0,,,,,,
155.520,,-250,0,-250,0,,,,,,
155.540,,-250,0,-250,0,,,,,,
155.560,,-250,0,-250,0,,,,,,
155.580,,-250,0,-250,0,,,,,,
155.600,,-250,0,-250,0,,,,,,
155.620,,-250,0,-250,0,,,,,,
155.640,,-250,0,-250,0,,,,,,
155.660,,-250,0,-250,0,,,,,,
155.680,,-250,0,-250,0,,,,,,
155.700,,-250,0,-250,0,,,,,,
155.720,,-250,0,-250,0,,,,,,
155.740,,-250,0,-250,0,,,,,,
155.760,,-250,0,-250,0,,,,,,
155.780,,-250,0,-250,0,,,,,,
155.800,,-250,0,-250,0,,,,,,
155.820,,-250,0,-250,0,,,,,,
155.840,,-250,0,-250,0,,,,,,
155.860,,-250,0,-250,0,,,,,,
155.880,,-250,0,-250,0,,,,,,
155.900,,-250,0,-250,0,,,,,,
155.920,,-250,0,-250,0,,,,,,
155.940,,-250,0,-250,0,,,,,,
155.960,,-250,0,-250,0,,,,,,
155.980,,-250,0,-250,0,,,,,,
156.000,,-250,0,-250,0,,,,,,
156.020,,-250,0,-250,0,,,,,,
156.040,,-250,0,-250,0,,,,,,
156.060,,-250,0,-250,0,,,,,,
156.080,,-250,0,-250,0,,,,,,
156.100,,-250,0,-250,0,,,,,,
156.120,,-250,0,-250,0,,,,,,
156.140,,-250,0,-250,0,,,,,,
156.160,,-250,0,-250,0,,,,,,
156.180,,-250,0,-250,0,,,,,,
156.200,,-250,0,-250,0,,,,,,
156.220,,-250,0,-250,0,,,,,,
156.240,,-250,0,-250,0,,,,,,
156.260,,-250,0,-250,0,,,,,,
156.280,,-250,0,-250,0,,,,,,
156.300,,-250,0,-250,0,,,,,,
156.320,,-250,0,-250,0,,,,,,
156.340,,-250,0,-250,0,,,,,,
156.360,,-250,0,-250,0,,,,,,
156.380,,-250,0,-250,0,,,,,,
156.400,,-250,0,-250,0,,,,,,
156.420,,-250,0,-250,0,,,,,,
156.440,,-250,0,-250,0,,,,,,
156.460,,-250,0,-250,0,,,,,,
156.480,,-250,0,-250,0,,,,,,
156.500,,-250,0,-250,0,,,,,,
156.520,,-250,0,-250,0,,,,,,
156.540,,-250,0,-250,0,,,,,,
156.560,,-250,0,-250,0,,,,,,
156.580,,-250,0,-250,0,,,,,,
156.600,,-250,0,-250,0,,,,,,
156.620,,-250,0,-250,0,,,,,,
156.640,,-250,0,-250,0,,,,,,
156.660,,-250,0,-250,0,,,,,,
156.680,,-250,0,-250,0,,,,,,
156.700,,-250,0,-250,0,,,,,,
156.720,,-250,0,-250,0,,,,,,
156.740,,-250,0,-250,0,,,,,,
156.760,,-250,0,-250,0,,,,,,
156.780,,-250,0,-250,0,,,,,,
156.800,,-250,0,-250,0,,,,,,
156.820,,-250,0,-250,0,,,,,,
156.840,,-250,0,-250,0,,,,,,
156.860,,-250,0,-250,0,,,,,,
156.880,,-250,0,-250,0,,,,,,
156.900,,-250,0,-250,0,,,,,,
156.920,,-250,0,-250,0,,,,,,
156.940,,-250,0,-250,0,,,,,,
156.960,,-250,0,-250,0,,,,,,
156.980,,-250,0,-250,0,,,,,,
157.000,,-250,0,-250,0,,,,,,
157.020,,-250,0,-250,0,,,,,,
157.040,,-250,0,-250,0,,,,,,
157.060,,-250,0,-250,0,,,,,,
157.080,,-250,0,-250,0,,,,,,
157.100,,-250,0,-250,0,,,,,,
157.120,,-250,0,-250,0,,,,,,
157.140,,-250,0,-250,0,,,,,,
157.160,,-250,0,-250,0,,,,,,
157.180,,-250,0,-250,0,,,,,,
157.200,,-250,0,-250,0,,,,,,
157.220,,-250,0,-250,0,,,,,,
157.240,,-250,0,-250,0,,,,,,
157.260,,-250,0,-250,0,,,,,,
157.280,,-250,0,-250,0,,,,,,
157.300,,-250,0,-250,0,,,,,,
157.320,,-250,0,-250,0,,,,,,
157.340,,-250,0,-250,0,,,,,,
157.360,,-250,0,-250,0,,,,,,
157.380,,-250,0,-250,0,,,,,,
157.400,,-250,0,-250,0,,,,,,
157.420,,-250,0,-250,0,,,,,,
157.440,,-250,0,-250,0,,,,,,
157.460,,-250,0,-250,0,,,,,,
157.480,,-250,0,-250,0,,,,,,
157.500,,-250,0,-250,0,,,,,,
157.520,,-250,0,-250,0,,,,,,
157.540,,-250,0,-250,0,,,,,,
157.560,,-250,0,-250,0,,,,,,
157.580,,-250,0,-250,0,,,,,,
157.600,,-250,0,-250,0,,,,,,
157.620,,-250,0,-250,0,,,,,,
157.640,,-250,0,-250,0,,,,,,
157.660,,-250,0,-250,0,,,,,,
157.680,,-250,0,-250,0,,,,,,
157.700,,-250,0,-250,0,,,,,,
157.720,,-250,0,-250,0,,,,,,
157.740,,-250,0,-250,0,,,,,,
157.760,,-250,0,-250,0,,,,,,
157.780,,-250,0,-250,0,,,,,,
157.800,,-250,0,-250,0,,,,,,
157.820,,-250,0,-250,0,,,,,,
157.840,,-250,0,-250,0,,,,,,
157.860,,-250,0,-250,0,,,,,,
157.880,,-250,0,-250,0,,,,,,
157.900,,-250,0,-250,0,,,,,,
157.920,,-250,0,-250,0,,,,,,
157.940,,-250,0,-250,0,,,,,,
157.960,,-250,0,-250,0,,,,,,
157.980,,-250,0,-250,0,,,,,,
158.000,,-250,0,-250,0,,,,,,
158.020,,-250,0,-250,0,,,,,,
158.040,,-250,0,-250,0,,,,,,
158.060,,-250,0,-250,0,,,,,,
158.080,,-250,0,-250,0,,,,,,
158.100,,-250,0,-250,0,,,,,,
158.120,,-250,0,-250,0,,,,,,
158.140,,-250,0,-250,0,,,,,,
158.160,,-250,0,-250,0,,,,,,
158.180,,-250,0,-250,0,,,,,,
158.200,,-250,0,-250,0,,,,,,
158.220,,-250,0,-250,0,,,,,,
158.240,,-250,0,-250,0,,,,,,
158.260,,-250,0,-250,0,,,,,,
158.280,,-250,0,-250,0,,,,,,
158.300,,-250,0,-250,0,,,,,,
158.320,,-250,0,-250,0,,,,,,
158.340,,-250,0,-250,0,,,,,,
158.360,,-250,0,-250,0,,,,,,
158.380,,-250,0,-250,0,,,,,,
158.400,,-250,0,-250,0,,,,,,
158.420,,-250,0,-250,0,,,,,,
158.440,,-250,0,-250,0,,,,,,
158.460,,-250,0,-250,0,,,,,,
158.480,,-250,0,-250,0,,,,,,
158.500,,-250,0,-250,0,,,,,,
158.520,,-250,0,-250,0,,,,,,
158.540,,-250,0,-250,0,,,,,,
158.560,,-250,0,-250,0,,,,,,
158.580,,-250,0,-250,0,,,,,,
158.600,,-250,0,-250,0,,,,,,
158.620,,-250,0,-250,0,,,,,,
158.640,,-250,0,-250,0,,,,,,
158.660,,-250,0,-250,0,,,,,,
158.680,,-250,0,-250,0,,,,,,
158.700,,-250,0,-250,0,,,,,,
158.720,,-250,0,-250,0,,,,,,
158.740,,-250,0,-250,0,,,,,,
158.760,,-250,0,-250,0,,,,,,
158.780,,-250,0,-250,0,,,,,,
158.800,,-250,0,-250,0,,,,,,
158.820,,-250,0,-250,0,,,,,,
158.840,,-250,0,-250,0,,,,,,
158.860,,-250,0,-250,0,,,,,,
158.880,,-250,0,-250,0,,,,,,
158.900,,-250,0,-250,0,,,,,,
158.920,,-250,0,-250,0,,,,,,
158.940,,-250,0,-250,0,,,,,,
158.960,,-250,0,-250,0,,,,,,
158.980,,-250,0,-250,0,,,,,,
159.000,,-250,0,-250,0,,,,,,
159.020,,-250,0,-250,0,,,,,,
159.040,,-250,0,-250,0,,,,,,
159.060,,-250,0,-250,0,,,,,,
159.080,,-250,0,-250,0,,,,,,
159.100,,-250,0,-250,0,,,,,,
159.120,,-250,0,-250,0,,,,,,
159.140,,-250,0,-250,0,,,,,,
159.160,,-250,0,-250,0,,,,,,
159.180,,-250,0,-250,0,,,,,,
159.200,,-250,0,-250,0,,,,,,
159.220,,-250,0,-250,0,,,,,,
159.240,,-250,0,-250,0,,,,,,
159.260,,-250,0,-250,0,,,,,,
159.280,,-250,0,-250,0,,,,,,
159.300,,-250,0,-250,0,,,,,,
159.320,,-250,0,-250,0,,,,,,
159.340,,-250,0,-250,0,,,,,,
159.360,,-250,0,-250,0,,,,,,
159.380,,-250,0,-250,0,,,,,,
159.400,,-250,0,-250,0,,,,,,
159.420,,-250,0,-250,0,,,,,,
159.440,,-250,0,-250,0,,,,,,
159.460,,-250,0,-250,0,,,,,,
159.480,,-250,0,-250,0,,,,,,
159.500,,-250,0,-250,0,,,,,,
159.520,,-250,0,-250,0,,,,,,
159.540,,-250,0,-250,0,,,,,,
159.560,,-250,0,-250,0,,,,,,
159.580,,-250,0,-250,0,,,,,,
159.600,,-250,0,-250,0,,,,,,
159.620,,-250,0,-250,0,,,,,,
159.640,,-250,0,-250,0,,,,,,
159.660,,-250,0,-250,0,,,,,,
159.680,,-250,0,-250,0,,,,,,
159.700,,-250,0,-250,0,,,,,,
159.720,,-250,0,-250,0,,,,,,
159.740,,-250,0,-250,0,,,,,,
159.760,,-250,0,-250,0,,,,,,
159.780,,-250,0,-250,0,,,,,,
159.800,,-250,0,-250,0,,,,,,
159.820,,-250,0,-250,0,,,,,,
159.840,,-250,0,-250,0,,,,,,
159.860,,-250,0,-250,0,,,,,,
159.880,,-250,0,-250,0,,,,,,
159.900,,-250,0,-250,0,,,,,,
159.920,,-250,0,-250,0,,,,,,
159.940,,-250,0,-250,0,,,,,,
159.960,,-250,0,-250,0,,,,,,
159.980,,-250,0,-250,0,,,,,,
160.000,,-250,0,-250,0,,,,,,
160.020,,-250,0,-250,0,,,,,,
160.040,,-250,0,-250,0,,,,,,
160.060,,-250,0,-250,0,,,,,,
160.080,,-250,0,-250,0,,,,,,
160.100,,-250,0,-250,0,,,,,,
160.120,,-250,0,-250,0,,,,,,
160.140,,-250,0,-250,0,,,,,,
160.160,,-250,0,-250,0,,,,,,
160.180,,-250,0,-250,0,,,,,,
160.200,,-250,0,-250,0,,,,,,
160.220,,-250,0,-250,0,,,,,,
160.240,,-250,0,-250,0,,,,,,
160.260,,-250,0,-250,0,,,,,,
160.280,,-250,0,-250,0,,,,,,
160.300,,-250,0,-250,0,,,,,,
160.320,,0,0,-235,0,,,,,,
160.340,,0,0,-220,0,,,,,,
160.360,,0,0,-205,0,,,,,,
160.380,,0,0,-190,0,,,,,,
160.400,,0,0,-175,0,,,,,,
160.420,,0,0,-160,0,,,,,,
160.440,,0,0,-145,0,,,,,,
160.460,,0,0,-130,0,,,,,,
160.480,,0,0,-115,0,,,,,,
160.500,,0,0,-100,0,,,,,,
160.520,,0,0,-85,0,,,,,,
160.540,,0,0,-70,0,,,,,,
160.560,,0,0,-55,0,,,,,,
160.580,,0,0,-40,0,,,,,,
160.600,,0,0,-25,0,,,,,,
160.620,,0,0,-10,0,,,,,,
160.640,,0,0,0,0,,,,,,
160.660,,0,0,0,0,,,,,,
160.680,,0,0,0,0,,,,,,
160.700,,0,0,0,0,,,,,,
160.720,,0,0,0,0,,,,,,
160.740,,0,0,0,0,,,,,,
160.760,,0,0,0,0,,,,,,
160.780,,0,0,0,0,,,,,,
160.800,,0,0,0,0,,,,,,
160.820,,0,0,0,0,,,,,,
160.840,,0,0,0,0,,,,,,
160.860,,0,0,0,0,,,,,,
160.880,,0,0,0,0,,,,,,
160.900,,0,0,0,0,,,,,,
160.920,,0,0,0,0,,,,,,
160.940,,0,0,0,0,,,,,,
160.960,,0,0,0,0,,,,,,
160.980,,0,0,0,0,,,,,,
161.000,,0,0,0,0,,,,,,
161.020,,0,0,0,0,,,,,,
161.040,,0,0,0,0,,,,,,
161.060,,0,0,0,0,,,,,,
161.080,,250,0,15,0,,,,,,
161.100,,250,0,30,0,,,,,,
161.120,,250,0,45,0,,,,,,
161.140,,250,0,60,0,,,,,,
161.160,,250,0,75,0,,,,,,
161.180,,250,0,90,0,,,,,,
161.200,,250,0,105,0,,,,,,
161.220,,250,0,120,0,,,,,,
161.240,,250,0,135,0,,,,,,
161.260,,250,0,150,0,,,,,,
161.280,,250,0,165,0,,,,,,
161.300,,250,0,180,0,,,,,,
161.320,,250,0,195,0,,,,,,
161.340,,250,0,210,0,,,,,,
161.360,,250,0,225,0,,,,,,
161.380,,250,0,240,0,,,,,,
161.400,,250,0,250,0,,,,,,
161.420,,250,0,250,0,,,,,,
161.440,,250,0,250,0,,,,,,
161.460,,250,0,250,0,,,,,,
161.480,,250,0,250,0,,,,,,
161.500,,250,0,250,0,,,,,,
161.520,,250,0,250,0,,,,,,
161.540,,250,0,250,0,,,,,,
161.560,,250,0,250,0,,,,,,
161.580,,250,0,250,0,,,,,,
161.600,,250,0,250,0,,,,,,
161.620,,250,0,250,0,,,,,,
161.640,,250,0,250,0,,,,,,
161.660,,250,0,250,0,,,,,,
161.680,,250,0,250,0,,,,,,
161.700,,250,0,250,0,,,,,,
161.720,,250,0,250,0,,,,,,
161.740,,250,0,250,0,,,,,,
161.760,,250,0,250,0,,,,,,
161.780,,250,0,250,0,,,,,,
161.800,,250,0,250,0,,,,,,
161.820,s,250,0,250,0,,,,,,
161.840,,250,0,250,0,,,,,,
161.860,,250,0,250,0,,,,,,
161.880,,250,0,250,0,,,,,,
161.900,,250,0,250,0,,,,,,
161.920,,250,0,250,0,,,,,,
161.940,,250,0,250,0,,,,,,
161.960,,250,0,250,0,,,,,,
161.980,,250,0,250,0,,,,,,
162.000,,250,0,250,0,,,,,,
162.020,,250,0,250,0,,,,,,
162.040,,250,0,250,0,,,,,,
162.060,,250,0,250,0,,,,,,
162.080,,250,0,250,0,,,,,,
162.100,,250,0,250,0,,,,,,
162.120,,250,0,250,0,,,,,,
162.140,,250,0,250,0,,,,,,
162.160,,250,0,250,0,,,,,,
162.180,,250,0,250,0,,,,,,
162.200,,250,0,250,0,,,,,,
162.220,,250,0,250,0,,,,,,
162.240,,250,0,250,0,,,,,,
162.260,,250,0,250,0,,,,,,
162.280,,250,0,250,0,,,,,,
162.300,,250,0,250,0,,,,,,
162.320,,250,0,250,0,,,,,,
162.340,,250,0,250,0,,,,,,
162.360,,250,0,250,0,,,,,,
162.380,,250,0,250,0,,,,,,
162.400,,250,0,250,0,,,,,,
162.420,,250,0,250,0,,,,,,
162.440,,250,0,250,0,,,,,,
162.460,,250,0,250,0,,,,,,
162.480,,250,0,250,0,,,,,,
162.500,,250,0,250,0,,,,,,
162.520,,250,0,250,0,,,,,,
162.540,,250,0,250,0,,,,,,
162.560,,250,0,250,0,,,,,,
162.580,,250,0,250,0,,,,,,
162.600,,250,0,250,0,,,,,,
162.620,,250,0,250,0,,,,,,
162.640,,250,0,250,0,,,,,,
162.660,,250,0,250,0,,,,,,
162.680,,250,0,250,0,,,,,,
162.700,,250,0,250,0,,,,,,
162.720,,250,0,250,0,,,,,,
162.740,,250,0,250,0,,,,,,
162.760,,250,0,250,0,,,,,,
162.780,,250,0,250,0,,,,,,
162.800,,250,0,250,0,,,,,,
162.820,,250,0,250,0,,,,,,
162.840,,250,0,250,0,,,,,,
162.860,,250,0,250,0,,,,,,
162.880,,250,0,250,0,,,,,,
162.900,,250,0,250,0,,,,,,
162.920,,250,0,250,0,,,,,,
162.940,,250,0,250,0,,,,,,
162.960,,250,0,250,0,,,,,,
162.980,,250,0,250,0,,,,,,
163.000,,250,0,250,0,,,,,,
163.020,,250,0,250,0,,,,,,
163.040,,250,0,250,0,,,,,,
163.060,,250,0,250,0,,,,,,
163.080,,250,0,250,0,,,,,,
163.100,,250,0,250,0,,,,,,
163.120,,250,0,250,0,,,,,,
163.140,,250,0,250,0,,,,,,
163.160,,250,0,250,0,,,,,,
163.180,,250,0,250,0,,,,,,
163.200,,250,0,250,0,,,,,,
163.220,,250,0,250,0,,,,,,
163.240,,250,0,250,0,,,,,,
163.260,,0,0,235,0,,,,,,
163.280,,0,0,220,0,,,,,,
163.300,,0,0,205,0,,,,,,
163.320,,0,0,190,0,,,,,,
163.340,,0,0,175,0,,,,,,
163.360,,0,0,160,0,,,,,,
163.380,,0,0,145,0,,,,,,
163.400,,0,0,130,0,,,,,,
163.420,,0,0,115,0,,,,,,
163.440,,0,0,100,0,,,,,,
163.460,,0,0,85,0,,,,,,
163.480,,0,0,70,0,,,,,,
163.500,,0,0,55,0,,,,,,
163.520,,0,0,40,0,,,,,,
163.540,,0,0,25,0,,,,,,
163.560,,-250,0,10,0,,,,,,
163.580,,-250,0,-5,0,,,,,,
163.600,,-250,0,-20,0,,,,,,
163.620,,-250,0,-35,0,,,,,,
163.640,,-250,0,-50,0,,,,,,
163.660,,-250,0,-65,0,,,,,,
163.680,,-250,0,-80,0,,,,,,
163.700,,-250,0,-95,0,,,,,,
163.720,,-250,0,-110,0,,,,,,
163.740,,-250,0,-125,0,,,,,,
163.760,,-250,0,-140,0,,,,,,
163.780,,-250,0,-155,0,,,,,,
163.800,,-250,0,-170,0,,,,,,
163.820,,-250,0,-185,0,,,,,,
163.840,,-250,0,-200,0,,,,,,
163.860,,-250,0,-215,0,,,,,,
163.880,,-250,0,-230,0,,,,,,
163.900,,-250,0,-245,0,,,,,,
163.920,,-250,0,-250,0,,,,,,
163.940,,-250,0,-250,0,,,,,,
163.960,,-250,0,-250,0,,,,,,
163.980,,-250,0,-250,0,,,,,,
164.000,,-250,0,-250,0,,,,,,
164.020,,-250,0,-250,0,,,,,,
164.040,,-250,0,-250,0,,,,,,
164.060,,-250,0,-250,0,,,,,,
164.080,,-250,0,-250,0,,,,,,
164.100,,-250,0,-250,0,,,,,,
164.120,,-250,0,-250,0,,,,,,
164.140,,-250,0,-250,0,,,,,,
164.160,,-250,0,-250,0,,,,,,
164.180,,-250,0,-250,0,,,,,,
164.200,,-250,0,-250,0,,,,,,
164.220,,-250,0,-250,0,,,,,,
164.240,,-250,0,-250,0,,,,,,
164.260,,-250,0,-250,0,,,,,,
164.280,,-250,0,-250,0,,,,,,
164.300,,-250,0,-250,0,,,,,,
164.320,,-250,0,-250,0,,,,,,
164.340,,-250,0,-250,0,,,,,,
164.360,,-250,0,-250,0,,,,,,
164.380,,-250,0,-250,0,,,,,,
164.400,,-250,0,-250,0,,,,,,
164.420,,-250,0,-250,0,,,,,,
164.440,,-250,0,-250,0,,,,,,
164.460,,-250,0,-250,0,,,,,,
164.480,,-250,0,-250,0,,,,,,
164.500,,-250,0,-250,0,,,,,,
164.520,,-250,0,-250,0,,,,,,
164.540,,-250,0,-250,0,,,,,,
164.560,,-250,0,-250,0,,,,,,
164.580,,-250,0,-250,0,,,,,,
164.600,,-250,0,-250,0,,,,,,
164.620,,-250,0,-250,0,,,,,,
164.640,,-250,0,-250,0,,,,,,
164.660,,-250,0,-250,0,,,,,,
164.680,,-250,0,-250,0,,,,,,
164.700,,-250,0,-250,0,,,,,,
164.720,,-250,0,-250,0,,,,,,
164.740,,-250,0,-250,0,,,,,,
164.760,,-250,0,-250,0,,,,,,
164.780,,-250,0,-250,0,,,,,,
164.800,,-250,0,-250,0,,,,,,
164.820,,-250,0,-250,0,,,,,,
164.840,,-250,0,-250,0,,,,,,
164.860,,-250,0,-250,0,,,,,,
164.880,,-250,0,-250,0,,,,,,
164.900,,-250,0,-250,0,,,,,,
164.920,,-250,0,-250,0,,,,,,
164.940,,-250,0,-250,0,,,,,,
164.960,,-250,0,-250,0,,,,,,
164.980,,-250,0,-250,0,,,,,,
165.000,,-250,0,-250,0,,,,,,
165.020,,-250,0,-250,0,,,,,,
165.040,,-250,0,-250,0,,,,,,
165.060,,-250,0,-250,0,,,,,,
165.080,,-250,0,-250,0,,,,,,
165.100,,-250,0,-250,0,,,,,,
165.120,,-250,0,-250,0,,,,,,
165.140,,-250,0,-250,0,,,,,,
165.160,,-250,0,-250,0,,,,,,
165.180,,-250,0,-250,0,,,,,,
165.200,,-250,0,-250,0,,,,,,
165.220,,-250,0,-250,0,,,,,,
165.240,,-250,0,-250,0,,,,,,
165.260,,-250,0,-250,0,,,,,,
165.280,,-250,0,-250,0,,,,,,
165.300,,-250,0,-250,0,,,,,,
165.320,,-250,0,-250,0,,,,,,
165.340,,-250,0,-250,0,,,,,,
165.360,,-250,0,-250,0,,,,,,
165.380,,-250,0,-250,0,,,,,,
165.400,,-250,0,-250,0,,,,,,
165.420,,-250,0,-250,0,,,,,,
165.440,,-250,0,-250,0,,,,,,
165.460,,-250,0,-250,0,,,,,,
165.480,,-250,0,-250,0,,,,,,
165.500,,-250,0,-250,0,,,,,,
165.520,,-250,0,-250,0,,,,,,
165.540,,-250,0,-250,0,,,,,,
165.560,,-250,0,-250,0,,,,,,
165.580,,-250,0,-250,0,,,,,,
165.600,,-250,0,-250,0,,,,,,
165.620,,-250,0,-250,0,,,,,,
165.640,,-250,0,-250,0,,,,,,
165.660,,-250,0,-250,0,,,,,,
165.680,,-250,0,-250,0,,,,,,
165.700,,-250,0,-250,0,,,,,,
165.720,,-250,0,-250,0,,,,,,
165.740,,-250,0,-250,0,,,,,,
165.760,,-250,0,-250,0,,,,,,
165.780,,-250,0,-250,0,,,,,,
165.800,,-250,0,-250,0,,,,,,
165.820,,-250,0,-250,0,,,,,,
165.840,,-250,0,-250,0,,,,,,
165.860,,-250,0,-250,0,,,,,,
165.880,,-250,0,-250,0,,,,,,
165.900,,-250,0,-250,0,,,,,,
165.920,,-250,0,-250,0,,,,,,
165.940,,-250,0,-250,0,,,,,,
165.960,,-250,0,-250,0,,,,,,
165.980,,-250,0,-250,0,,,,,,
166.000,,-250,0,-250,0,,,,,,
166.020,,-250,0,-250,0,,,,,,
166.040,,-250,0,-250,0,,,,,,
166.060,,-250,0,-250,0,,,,,,
166.080,,-250,0,-250,0,,,,,,
166.100,,-250,0,-250,0,,,,,,
166.120,,-250,0,-250,0,,,,,,
166.140,,-250,0,-250,0,,,,,,
166.160,,-250,0,-250,0,,,,,,
166.180,,-250,0,-250,0,,,,,,
166.200,,-250,0,-250,0,,,,,,
166.220,,-250,0,-250,0,,,,,,
166.240,,-250,0,-250,0,,,,,,
166.260,,-250,0,-250,0,,,,,,
166.280,,-250,0,-250,0,,,,,,
166.300,w,-250,0,-250,0,,,,,,
166.320,,-250,0,-250,0,,,,,,
166.340,,-250,0,-250,0,,,,,,
166.360,,-250,0,-250,0,,,,,,
166.380,,-250,0,-250,0,,,,,,
166.400,,-250,0,-250,0,,,,,,
166.420,,-250,0,-250,0,,,,,,
166.440,,-250,0,-250,0,,,,,,
166.460,,-250,0,-250,0,,,,,,
166.480,,-250,0,-250,0,,,,,,
166.500,,-250,0,-250,0,,,,,,
166.520,,-250,0,-250,0,,,,,,
166.540,,-250,0,-250,0,,,,,,
166.560,,-250,0,-250,0,,,,,,
166.580,,-250,0,-250,0,,,,,,
166.600,,-250,0,-250,0,,,,,,
166.620,,-250,0,-250,0,,,,,,
166.640,,-250,0,-250,0,,,,,,
166.660,,-250,0,-250,0,,,,,,
166.680,,-250,0,-250,0,,,,,,
166.700,,-250,0,-250,0,,,,,,
166.720,,-250,0,-250,0,,,,,,
166.740,,-250,0,-250,0,,,,,,
166.760,,-250,0,-250,0,,,,,,
166.780,,-250,0,-250,0,,,,,,
166.800,,-250,0,-250,0,,,,,,
166.820,,-250,0,-250,0,,,,,,
166.840,,-250,0,-250,0,,,,,,
166.860,,-250,0,-250,0,,,,,,
166.880,,-250,0,-250,0,,,,,,
166.900,,-250,0,-250,0,,,,,,
166.920,,-250,0,-250,0,,,,,,
166.940,,-250,0,-250,0,,,,,,
166.960,,-250,0,-250,0,,,,,,
166.980,,-250,0,-250,0,,,,,,
167.000,,-250,0,-250,0,,,,,,
167.020,,-250,0,-250,0,,,,,,
167.040,,-250,0,-250,0,,,,,,
167.060,,-250,0,-250,0,,,,,,
167.080,,-250,0,-250,0,,,,,,
167.100,,-250,0,-250,0,,,,,,
167.120,,-250,0,-250,0,,,,,,
167.140,,-250,0,-250,0,,,,,,
167.160,,-250,0,-250,0,,,,,,
167.180,,-250,0,-250,0,,,,,,
167.200,,-250,0,-250,0,,,,,,
167.220,,-250,0,-250,0,,,,,,
167.240,,-250,0,-250,0,,,,,,
167.260,,-250,0,-250,0,,,,,,
167.280,,-250,0,-250,0,,,,,,
167.300,,-250,0,-250,0,,,,,,
167.320,,-250,0,-250,0,,,,,,
167.340,,-250,0,-250,0,,,,,,
167.360,,-250,0,-250,0,,,,,,
167.380,,-250,0,-250,0,,,,,,
167.400,,-250,0,-250,0,,,,,,
167.420,,-250,0,-250,0,,,,,,
167.440,,-250,0,-250,0,,,,,,
167.460,,-250,0,-250,0,,,,,,
167.480,,-250,0,-250,0,,,,,,
167.500,,-250,0,-250,0,,,,,,
167.520,,-250,0,-250,0,,,,,,
167.540,,-250,0,-250,0,,,,,,
167.560,,-250,0,-250,0,,,,,,
167.580,,-250,0,-250,0,,,,,,
167.600,,-250,0,-250,0,,,,,,
167.620,,-250,0,-250,0,,,,,,
167.640,,-250,0,-250,0,,,,,,
167.660,,-250,0,-250,0,,,,,,
167.680,,-250,0,-250,0,,,,,,
167.700,,-250,0,-250,0,,,,,,
167.720,,-250,0,-250,0,,,,,,
167.740,,-250,0,-250,0,,,,,,
167.760,,-250,0,-250,0,,,,,,
167.780,,-250,0,-250,0,,,,,,
167.800,,-250,0,-250,0,,,,,,
167.820,,-250,0,-250,0,,,,,,
167.840,,-250,0,-250,0,,,,,,
167.860,,-250,0,-250,0,,,,,,
167.880,,-250,0,-250,0,,,,,,
167.900,,-250,0,-250,0,,,,,,
167.920,,-250,0,-250,0,,,,,,
167.940,,-250,0,-250,0,,,,,,
167.960,,-250,0,-250,0,,,,,,
167.980,,-250,0,-250,0,,,,,,
168.000,,-250,0,-250,0,,,,,,
168.020,,-250,0,-250,0,,,,,,
168.040,,-250,0,-250,0,,,,,,
168.060,,-250,0,-250,0,,,,,,
168.080,,-250,0,-250,0,,,,,,
168.100,,-250,0,-250,0,,,,,,
168.120,,-250,0,-250,0,,,,,,
168.140,,-250,0,-250,0,,,,,,
168.160,,-250,0,-250,0,,,,,,
168.180,,-250,0,-250,0,,,,,,
168.200,,-250,0,-250,0,,,,,,
168.220,,0,0,-235,0,,,,,,
168.240,,0,0,-220,0,,,,,,
168.260,,0,0,-205,0,,,,,,
168.280,,0,0,-190,0,,,,,,
168.300,,0,0,-175,0,,,,,,
168.320,,0,0,-160,0,,,,,,
168.340,,0,0,-145,0,,,,,,
168.360,,0,0,-130,0,,,,,,
168.380,,0,0,-115,0,,,,,,
168.400,,0,0,-100,0,,,,,,
168.420,,0,0,-85,0,,,,,,
168.440,,0,0,-70,0,,,,,,
168.460,,0,0,-55,0,,,,,,
168.480,,0,0,-40,0,,,,,,
168.500,,0,0,-25,0,,,,,,
168.520,,0,0,-10,0,,,,,,
168.540,,0,0,0,0,,,,,,
168.560,,0,0,0,0,,,,,,
168.580,,0,0,0,0,,,,,,
168.600,,0,0,0,0,,,,,,
168.620,,0,0,0,0,,,,,,
168.640,,0,0,0,0,,,,,,
168.660,,0,0,0,0,,,,,,
168.680,,0,0,0,0,,,,,,
168.700,,0,0,0,0,,,,,,
168.720,,0,0,0,0,,,,,,
168.740,,0,0,0,0,,,,,,
168.760,,0,0,0,0,,,,,,
168.780,,0,0,0,0,,,,,,
168.800,,0,0,0,0,,,,,,
168.820,,0,0,0,0,,,,,,
168.840,,250,0,15,0,,,,,,
168.860,,250,0,30,0,,,,,,
168.880,,250,0,45,0,,,,,,
168.900,,250,0,60,0,,,,,,
168.920,,250,0,75,0,,,,,,
168.940,,250,0,90,0,,,,,,
168.960,,250,0,105,0,,,,,,
168.980,,250,0,120,0,,,,,,
169.000,,250,0,135,0,,,,,,
169.020,,250,0,150,0,,,,,,
169.040,,250,0,165,0,,,,,,
169.060,,250,0,180,0,,,,,,
169.080,,250,0,195,0,,,,,,
169.100,,250,0,210,0,,,,,,
169.120,,250,0,225,0,,,,,,
169.140,,250,0,240,0,,,,,,
169.160,,250,0,250,0,,,,,,
169.180,,250,0,250,0,,,,,,
169.200,,250,0,250,0,,,,,,
169.220,,250,0,250,0,,,,,,
169.240,,250,0,250,0,,,,,,
169.260,,250,0,250,0,,,,,,
169.280,,250,0,250,0,,,,,,
169.300,,250,0,250,0,,,,,,
169.320,,250,0,250,0,,,,,,
169.340,,250,0,250,0,,,,,,
169.360,,250,0,250,0,,,,,,
169.380,,250,0,250,0,,,,,,
169.400,,250,0,250,0,,,,,,
169.420,,250,0,250,0,,,,,,
169.440,,250,0,250,0,,,,,,
169.460,,250,0,250,0,,,,,,
169.480,,250,0,250,0,,,,,,
169.500,,250,0,250,0,,,,,,
169.520,,250,0,250,0,,,,,,
169.540,,250,0,250,0,,,,,,
169.560,,250,0,250,0,,,,,,
169.580,,250,0,250,0,,,,,,
169.600,,250,0,250,0,,,,,,
169.620,,250,0,250,0,,,,,,
169.640,,250,0,250,0,,,,,,
169.660,,250,0,250,0,,,,,,
169.680,,250,0,250,0,,,,,,
169.700,,250,0,250,0,,,,,,
169.720,,250,0,250,0,,,,,,
169.740,,250,0,250,0,,,,,,
169.760,,250,0,250,0,,,,,,
169.780,,250,0,250,0,,,,,,
169.800,,250,0,250,0,,,,,,
169.820,,250,0,250,0,,,,,,
169.840,,250,0,250,0,,,,,,
169.860,,250,0,250,0,,,,,,
169.880,,250,0,250,0,,,,,,
169.900,,250,0,250,0,,,,,,
169.920,,250,0,250,0,,,,,,
169.940,,250,0,250,0,,,,,,
169.960,,250,0,250,0,,,,,,
169.980,,250,0,250,0,,,,,,
170.000,,250,0,250,0,,,,,,
170.020,,250,0,250,0,,,,,,
170.040,,250,0,250,0,,,,,,
170.060,,250,0,250,0,,,,,,
170.080,,250,0,250,0,,,,,,
170.100,,250,0,250,0,,,,,,
170.120,,250,0,250,0,,,,,,
170.140,,250,0,250,0,,,,,,
170.160,,250,0,250,0,,,,,,
170.180,,250,0,250,0,,,,,,
170.200,,250,0,250,0,,,,,,
170.220,,250,0,250,0,,,,,,
170.240,,250,0,250,0,,,,,,
170.260,,250,0,250,0,,,,,,
170.280,,250,0,250,0,,,,,,
170.300,,250,0,250,0,,,,,,
170.320,,250,0,250,0,,,,,,
170.340,,250,0,250,0,,,,,,
170.360,,250,0,250,0,,,,,,
170.380,,250,0,250,0,,,,,,
170.400,,250,0,250,0,,,,,,
170.420,,250,0,250,0,,,,,,
170.440,,250,0,250,0,,,,,,
170.460,,250,0,250,0,,,,,,
170.480,,250,0,250,0,,,,,,
170.500,,250,0,250,0,,,,,,
170.520,,250,0,250,0,,,,,,
170.540,,250,0,250,0,,,,,,
170.560,,250,0,250,0,,,,,,
170.580,,250,0,250,0,,,,,,
170.600,,250,0,250,0,,,,,,
170.620,,250,0,250,0,,,,,,
170.640,,250,0,250,0,,,,,,
170.660,,250,0,250,0,,,,,,
170.680,,250,0,250,0,,,,,,
170.700,,250,0,250,0,,,,,,
170.720,,250,0,250,0,,,,,,
170.740,,250,0,250,0,,,,,,
170.760,,250,0,250,0,,,,,,
170.780,,250,0,250,0,,,,,,
170.800,,250,0,250,0,,,,,,
170.820,,250,0,250,0,,,,,,
170.840,,250,0,250,0,,,,,,
170.860,,250,0,250,0,,,,,,
170.880,,250,0,250,0,,,,,,
170.900,,250,0,250,0,,,,,,
170.920,,250,0,250,0,,,,,,
170.940,,250,0,250,0,,,,,,
170.960,,250,0,250,0,,,,,,
170.980,,250,0,250,0,,,,,,
171.000,,250,0,250,0,,,,,,
171.020,,250,0,250,0,,,,,,
171.040,,250,0,250,0,,,,,,
171.060,,250,0,250,0,,,,,,
171.080,,250,0,250,0,,,,,,
171.100,,250,0,250,0,,,,,,
171.120,,250,0,250,0,,,,,,
171.140,,250,0,250,0,,,,,,
171.160,,250,0,250,0,,,,,,
171.180,,250,0,250,0,,,,,,
171.200,,250,0,250,0,,,,,,
171.220,,250,0,250,0,,,,,,
171.240,,250,0,250,0,,,,,,
171.260,,250,0,250,0,,,,,,
171.280,,250,0,250,0,,,,,,
171.300,,250,0,250,0,,,,,,
171.320,,250,0,250,0,,,,,,
171.340,,250,0,250,0,,,,,,
171.360,,250,0,250,0,,,,,,
171.380,,250,0,250,0,,,,,,
171.400,,250,0,250,0,,,,,,
171.420,,250,0,250,0,,,,,,
171.440,,250,0,250,0,,,,,,
171.460,,250,0,250,0,,,,,,
171.480,,250,0,250,0,,,,,,
171.500,,250,0,250,0,,,,,,
171.520,,250,0,250,0,,,,,,
171.540,,250,0,250,0,,,,,,
171.560,,250,0,250,0,,,,,,
171.580,,250,0,250,0,,,,,,
171.600,,250,0,250,0,,,,,,
171.620,,250,0,250,0,,,,,,
171.640,,250,0,250,0,,,,,,
171.660,,250,0,250,0,,,,,,
171.680,,250,0,250,0,,,,,,
171.700,,250,0,250,0,,,,,,
171.720,,250,0,250,0,,,,,,
171.740,,250,0,250,0,,,,,,
171.760,,250,0,250,0,,,,,,
171.780,,250,0,250,0,,,,,,
171.800,,250,0,250,0,,,,,,
171.820,,250,0,250,0,,,,,,
171.840,,250,0,250,0,,,,,,
171.860,,250,0,250,0,,,,,,
171.880,,250,0,250,0,,,,,,
171.900,,250,0,250,0,,,,,,
171.920,,250,0,250,0,,,,,,
171.940,,250,0,250,0,,,,,,
171.960,,250,0,250,0,,,,,,
171.980,,250,0,250,0,,,,,,
172.000,,250,0,250,0,,,,,,
172.020,,250,0,250,0,,,,,,
172.040,,250,0,250,0,,,,,,
172.060,,250,0,250,0,,,,,,
172.080,,250,0,250,0,,,,,,
172.100,,250,0,250,0,,,,,,
172.120,,250,0,250,0,,,,,,
172.140,,250,0,250,0,,,,,,
172.160,,250,0,250,0,,,,,,
172.180,,250,0,250,0,,,,,,
172.200,,250,0,250,0,,,,,,
172.220,,250,0,250,0,,,,,,
172.240,,250,0,250,0,,,,,,
172.260,,250,0,250,0,,,,,,
172.280,,250,0,250,0,,,,,,
172.300,,250,0,250,0,,,,,,
172.320,,250,0,250,0,,,,,,
172.340,,250,0,250,0,,,,,,
172.360,,250,0,250,0,,,,,,
172.380,,250,0,250,0,,,,,,
172.400,,250,0,250,0,,,,,,
172.420,,250,0,250,0,,,,,,
172.440,,250,0,250,0,,,,,,
172.460,,250,0,250,0,,,,,,
172.480,,250,0,250,0,,,,,,
172.500,,250,0,250,0,,,,,,
172.520,,250,0,250,0,,,,,,
172.540,,250,0,250,0,,,,,,
172.560,,250,0,250,0,,,,,,
172.580,,250,0,250,0,,,,,,
172.600,,250,0,250,0,,,,,,
172.620,,250,0,250,0,,,,,,
172.640,,250,0,250,0,,,,,,
172.660,,250,0,250,0,,,,,,
172.680,,250,0,250,0,,,,,,
172.700,,250,0,250,0,,,,,,
172.720,,250,0,250,0,,,,,,
172.740,,250,0,250,0,,,,,,
172.760,,250,0,250,0,,,,,,
172.780,,250,0,250,0,,,,,,
172.800,,250,0,250,0,,,,,,
172.820,,250,0,250,0,,,,,,
172.840,,250,0,250,0,,,,,,
172.860,,250,0,250,0,,,,,,
172.880,,250,0,250,0,,,,,,
172.900,,250,0,250,0,,,,,,
172.920,,250,0,250,0,,,,,,
172.940,,250,0,250,0,,,,,,
172.960,,250,0,250,0,,,,,,
172.980,,250,0,250,0,,,,,,
173.000,,250,0,250,0,,,,,,
173.020,,250,0,250,0,,,,,,
173.040,,250,0,250,0,,,,,,
173.060,,250,0,250,0,,,,,,
173.080,,250,0,250,0,,,,,,
173.100,,250,0,250,0,,,,,,
173.120,,250,0,250,0,,,,,,
173.140,,250,0,250,0,,,,,,
173.160,,250,0,250,0,,,,,,
173.180,,250,0,250,0,,,,,,
173.200,,250,0,250,0,,,,,,
173.220,,250,0,250,0,,,,,,
173.240,,250,0,250,0,,,,,,
173.260,,250,0,250,0,,,,,,
173.280,,250,0,250,0,,,,,,
173.300,,250,0,250,0,,,,,,
173.320,,250,0,250,0,,,,,,
173.340,,250,0,250,0,,,,,,
173.360,,250,0,250,0,,,,,,
173.380,,250,0,250,0,,,,,,
173.400,,250,0,250,0,,,,,,
173.420,,250,0,250,0,,,,,,
173.440,,250,0,250,0,,,,,,
173.460,,250,0,250,0,,,,,,
173.480,,250,0,250,0,,,,,,
173.500,,250,0,250,0,,,,,,
173.520,,250,0,250,0,,,,,,
173.540,,250,0,250,0,,,,,,
173.560,,250,0,250,0,,,,,,
173.580,,250,0,250,0,,,,,,
173.600,,250,0,250,0,,,,,,
173.620,,250,0,250,0,,,,,,
173.640,,250,0,250,0,,,,,,
173.660,,250,0,250,0,,,,,,
173.680,,250,0,250,0,,,,,,
173.700,,250,0,250,0,,,,,,
173.720,,250,0,250,0,,,,,,
173.740,,250,0,250,0,,,,,,
173.760,,250,0,250,0,,,,,,
173.780,,250,0,250,0,,,,,,
173.800,,250,0,250,0,,,,,,
173.820,,250,0,250,0,,,,,,
173.840,,250,0,250,0,,,,,,
173.860,,250,0,250,0,,,,,,
173.880,,250,0,250,0,,,,,,
173.900,,250,0,250,0,,,,,,
173.920,,250,0,250,0,,,,,,
173.940,,250,0,250,0,,,,,,
173.960,,250,0,250,0,,,,,,
173.980,,250,0,250,0,,,,,,
174.000,,250,0,250,0,,,,,,
174.020,,250,0,250,0,,,,,,
174.040,,250,0,250,0,,,,,,
174.060,,250,0,250,0,,,,,,
174.080,,250,0,250,0,,,,,,
174.100,,250,0,250,0,,,,,,
174.120,,250,0,250,0,,,,,,
174.140,,250,0,250,0,,,,,,
174.160,,250,0,250,0,,,,,,
174.180,,250,0,250,0,,,,,,
174.200,,250,0,250,0,,,,,,
174.220,,250,0,250,0,,,,,,
174.240,,250,0,250,0,,,,,,
174.260,,250,0,250,0,,,,,,
174.280,,250,0,250,0,,,,,,
174.300,,250,0,250,0,,,,,,
174.320,,250,0,250,0,,,,,,
174.340,,250,0,250,0,,,,,,
174.360,,250,0,250,0,,,,,,
174.380,,250,0,250,0,,,,,,
174.400,,250,0,250,0,,,,,,
174.420,,250,0,250,0,,,,,,
174.440,,250,0,250,0,,,,,,
174.460,,250,0,250,0,,,,,,
174.480,,250,0,250,0,,,,,,
174.500,,250,0,250,0,,,,,,
174.520,,250,0,250,0,,,,,,
174.540,,250,0,250,0,,,,,,
174.560,,250,0,250,0,,,,,,
174.580,,250,0,250,0,,,,,,
174.600,,250,0,250,0,,,,,,
174.620,,250,0,250,0,,,,,,
174.640,,250,0,250,0,,,,,,
174.660,,250,0,250,0,,,,,,
174.680,,250,0,250,0,,,,,,
174.700,,250,0,250,0,,,,,,
174.720,,250,0,250,0,,,,,,
174.740,,250,0,250,0,,,,,,
174.760,,250,0,250,0,,,,,,
174.780,,250,0,250,0,,,,,,
174.800,,250,0,250,0,,,,,,
174.820,,250,0,250,0,,,,,,
174.840,,250,0,250,0,,,,,,
174.860,,250,0,250,0,,,,,,
174.880,,250,0,250,0,,,,,,
174.900,,250,0,250,0,,,,,,
174.920,,250,0,250,0,,,,,,
174.940,,250,0,250,0,,,,,,
174.960,,250,0,250,0,,,,,,
174.980,,250,0,250,0,,,,,,
175.000,,250,0,250,0,,,,,,
175.020,,250,0,250,0,,,,,,
175.040,,250,0,250,0,,,,,,
175.060,,250,0,250,0,,,,,,
175.080,,250,0,250,0,,,,,,
175.100,,250,0,250,0,,,,,,
175.120,,250,0,250,0,,,,,,
175.140,,250,0,250,0,,,,,,
175.160,,250,0,250,0,,,,,,
175.180,,250,0,250,0,,,,,,
175.200,,250,0,250,0,,,,,,
175.220,,250,0,250,0,,,,,,
175.240,,250,0,250,0,,,,,,
175.260,,250,0,250,0,,,,,,
175.280,,250,0,250,0,,,,,,
175.300,,250,0,250,0,,,,,,
175.320,,250,0,250,0,,,,,,
175.340,,250,0,250,0,,,,,,
175.360,,250,0,250,0,,,,,,
175.380,,250,0,250,0,,,,,,
175.400,,250,0,250,0,,,,,,
175.420,,250,0,250,0,,,,,,
175.440,,250,0,250,0,,,,,,
175.460,,250,0,250,0,,,,,,
175.480,,250,0,250,0,,,,,,
175.500,,250,0,250,0,,,,,,
175.520,,250,0,250,0,,,,,,
175.540,,250,0,250,0,,,,,,
175.560,,250,0,250,0,,,,,,
175.580,,250,0,250,0,,,,,,
175.600,,250,0,250,0,,,,,,
175.620,,250,0,250,0,,,,,,
175.640,,250,0,250,0,,,,,,
175.660,,250,0,250,0,,,,,,
175.680,,250,0,250,0,,,,,,
175.700,,250,0,250,0,,,,,,
175.720,,250,0,250,0,,,,,,
175.740,,250,0,250,0,,,,,,
175.760,,250,0,250,0,,,,,,
175.780,,250,0,250,0,,,,,,
175.800,,250,0,250,0,,,,,,
175.820,,250,0,250,0,,,,,,
175.840,,250,0,250,0,,,,,,
175.860,,250,0,250,0,,,,,,
175.880,,250,0,250,0,,,,,,
175.900,,250,0,250,0,,,,,,
175.920,,250,0,250,0,,,,,,
175.940,,250,0,250,0,,,,,,
175.960,,250,0,250,0,,,,,,
175.980,,250,0,250,0,,,,,,
176.000,,250,0,250,0,,,,,,
176.020,,250,0,250,0,,,,,,
176.040,,250,0,250,0,,,,,,
176.060,,250,0,250,0,,,,,,
176.080,,0,0,235,0,,,,,,
176.100,,0,0,220,0,,,,,,
176.120,,0,0,205,0,,,,,,
176.140,,0,0,190,0,,,,,,
176.160,,0,0,175,0,,,,,,
176.180,,0,0,160,0,,,,,,
176.200,,0,0,145,0,,,,,,
176.220,,0,0,130,0,,,,,,
176.240,,0,0,115,0,,,,,,
176.260,,0,0,100,0,,,,,,
176.280,,0,0,85,0,,,,,,
176.300,,0,0,70,0,,,,,,
176.320,,0,0,55,0,,,,,,
176.340,,0,0,40,0,,,,,,
176.360,,0,0,25,0,,,,,,
176.380,,0,0,10,0,,,,,,
176.400,,0,0,0,0,,,,,,
176.420,,0,0,0,0,,,,,,
176.440,,0,0,0,0,,,,,,
176.460,,0,0,0,0,,,,,,
176.480,,0,0,0,0,,,,,,
176.500,,0,0,0,0,,,,,,
176.520,,0,0,0,0,,,,,,
176.540,,0,0,0,0,,,,,,
176.560,,0,0,0,0,,,,,,
176.580,,0,0,0,0,,,,,,
176.600,,0,0,0,0,,,,,,
176.620,,0,0,0,0,,,,,,
176.640,,0,0,0,0,,,,,,
176.660,,0,0,0,0,,,,,,
176.680,,0,0,0,0,,,,,,
176.700,,0,0,0,0,,,,,,
176.720,,0,0,0,0,,,,,,
176.740,,250,0,15,0,,,,,,
176.760,,250,0,30,0,,,,,,
176.780,,250,0,45,0,,,,,,
176.800,,250,0,60,0,,,,,,
176.820,,250,0,75,0,,,,,,
176.840,,250,0,90,0,,,,,,
176.860,,250,0,105,0,,,,,,
176.880,,250,0,120,0,,,,,,
176.900,,250,0,135,0,,,,,,
176.920,,250,0,150,0,,,,,,
176.940,,250,0,165,0,,,,,,
176.960,,250,0,180,0,,,,,,
176.980,,250,0,195,0,,,,,,
177.000,,250,0,210,0,,,,,,
177.020,,250,0,225,0,,,,,,
177.040,,250,0,240,0,,,,,,
177.060,,250,0,250,0,,,,,,
177.080,,250,0,250,0,,,,,,
177.100,,250,0,250,0,,,,,,
177.120,,250,0,250,0,,,,,,
177.140,,250,0,250,0,,,,,,
177.160,,250,0,250,0,,,,,,
177.180,,250,0,250,0,,,,,,
177.200,,250,0,250,0,,,,,,
177.220,,250,0,250,0,,,,,,
177.240,,250,0,250,0,,,,,,
177.260,,250,0,250,0,,,,,,
177.280,,250,0,250,0,,,,,,
177.300,,250,0,250,0,,,,,,
177.320,,250,0,250,0,,,,,,
177.340,,250,0,250,0,,,,,,
177.360,,250,0,250,0,,,,,,
177.380,s,250,0,250,0,,,,,,
177.400,,250,0,250,0,,,,,,
177.420,,250,0,250,0,,,,,,
177.440,,250,0,250,0,,,,,,
177.460,,250,0,250,0,,,,,,
177.480,,250,0,250,0,,,,,,
177.500,,250,0,250,0,,,,,,
177.520,,250,0,250,0,,,,,,
177.540,,250,0,250,0,,,,,,
177.560,,250,0,250,0,,,,,,
177.580,,250,0,250,0,,,,,,
177.600,,250,0,250,0,,,,,,
177.620,,250,0,250,0,,,,,,
177.640,,250,0,250,0,,,,,,
177.660,,250,0,250,0,,,,,,
177.680,,250,0,250,0,,,,,,
177.700,,250,0,250,0,,,,,,
177.720,,250,0,250,0,,,,,,
177.740,,250,0,250,0,,,,,,
177.760,,250,0,250,0,,,,,,
177.780,,250,0,250,0,,,,,,
177.800,,250,0,250,0,,,,,,
177.820,,250,0,250,0,,,,,,
177.840,,250,0,250,0,,,,,,
177.860,,250,0,250,0,,,,,,
177.880,,250,0,250,0,,,,,,
177.900,,250,0,250,0,,,,,,
177.920,,250,0,250,0,,,,,,
177.940,,250,0,250,0,,,,,,
177.960,,250,0,250,0,,,,,,
177.980,,250,0,250,0,,,,,,
178.000,,250,0,250,0,,,,,,
178.020,,250,0,250,0,,,,,,
178.040,s,250,0,250,0,,,,,,
178.060,,250,0,250,0,,,,,,
178.080,,250,0,250,0,,,,,,
178.100,,250,0,250,0,,,,,,
178.120,,250,0,250,0,,,,,,
178.140,,250,0,250,0,,,,,,
178.160,,250,0,250,0,,,,,,
178.180,,250,0,250,0,,,,,,
178.200,,250,0,250,0,,,,,,
178.220,,250,0,250,0,,,,,,
178.240,,250,0,250,0,,,,,,
178.260,,250,0,250,0,,,,,,
178.280,,250,0,250,0,,,,,,
178.300,,250,0,250,0,,,,,,
178.320,,250,0,250,0,,,,,,
178.340,,250,0,250,0,,,,,,
178.360,,250,0,250,0,,,,,,
178.380,,250,0,250,0,,,,,,
178.400,,250,0,250,0,,,,,,
178.420,,250,0,250,0,,,,,,
178.440,,250,0,250,0,,,,,,
178.460,,250,0,250,0,,,,,,
178.480,,250,0,250,0,,,,,,
178.500,,250,0,250,0,,,,,,
178.520,,250,0,250,0,,,,,,
178.540,,250,0,250,0,,,,,,
178.560,,250,0,250,0,,,,,,
178.580,,250,0,250,0,,,,,,
178.600,,250,0,250,0,,,,,,
178.620,,250,0,250,0,,,,,,
178.640,,250,0,250,0,,,,,,
178.660,,250,0,250,0,,,,,,
178.680,,250,0,250,0,,,,,,
178.700,,250,0,250,0,,,,,,
178.720,,250,0,250,0,,,,,,
178.740,,250,0,250,0,,,,,,
178.760,,250,0,250,0,,,,,,
178.780,,250,0,250,0,,,,,,
178.800,,250,0,250,0,,,,,,
178.820,,250,0,250,0,,,,,,
178.840,,250,0,250,0,,,,,,
178.860,,250,0,250,0,,,,,,
178.880,,250,0,250,0,,,,,,
178.900,,250,0,250,0,,,,,,
178.920,,250,0,250,0,,,,,,
178.940,,250,0,250,0,,,,,,
178.960,,250,0,250,0,,,,,,
178.980,,250,0,250,0,,,,,,
179.000,,250,0,250,0,,,,,,
179.020,,250,0,250,0,,,,,,
179.040,,250,0,250,0,,,,,,
179.060,,250,0,250,0,,,,,,
179.080,,250,0,250,0,,,,,,
179.100,,250,0,250,0,,,,,,
179.120,,250,0,250,0,,,,,,
179.140,,250,0,250,0,,,,,,
179.160,,250,0,250,0,,,,,,
179.180,,250,0,250,0,,,,,,
179.200,,250,0,250,0,,,,,,
179.220,,250,0,250,0,,,,,,
179.240,,250,0,250,0,,,,,,
179.260,,250,0,250,0,,,,,,
179.280,,250,0,250,0,,,,,,
179.300,,250,0,250,0,,,,,,
179.320,,250,0,250,0,,,,,,
179.340,,250,0,250,0,,,,,,
179.360,,250,0,250,0,,,,,,
179.380,,250,0,250,0,,,,,,
179.400,,250,0,250,0,,,,,,
179.420,,250,0,250,0,,,,,,
179.440,,250,0,250,0,,,,,,
179.460,,250,0,250,0,,,,,,
179.480,,250,0,250,0,,,,,,
179.500,,250,0,250,0,,,,,,
179.520,,250,0,250,0,,,,,,
179.540,,250,0,250,0,,,,,,
179.560,,250,0,250,0,,,,,,
179.580,,250,0,250,0,,,,,,
179.600,,250,0,250,0,,,,,,
179.620,,250,0,250,0,,,,,,
179.640,,250,0,250,0,,,,,,
179.660,,250,0,250,0,,,,,,
179.680,,250,0,250,0,,,,,,
179.700,,250,0,250,0,,,,,,
179.720,,250,0,250,0,,,,,,
179.740,,250,0,250,0,,,,,,
179.760,,250,0,250,0,,,,,,
179.780,,250,0,250,0,,,,,,
179.800,,250,0,250,0,,,,,,
179.820,,250,0,250,0,,,,,,
179.840,,250,0,250,0,,,,,,
179.860,,250,0,250,0,,,,,,
179.880,,250,0,250,0,,,,,,
179.900,,250,0,250,0,,,,,,
179.920,,250,0,250,0,,,,,,
179.940,,250,0,250,0,,,,,,
179.960,,250,0,250,0,,,,,,
179.980,,250,0,250,0,,,,,,
180.000,,250,0,250,0,,,,,,
180.020,,250,0,250,0,,,,,,
180.040,,250,0,250,0,,,,,,
180.060,,250,0,250,0,,,,,,
180.080,,250,0,250,0,,,,,,
180.100,s,250,0,250,0,,,,,,
180.120,,250,0,250,0,,,,,,
180.140,,250,0,250,0,,,,,,
180.160,,250,0,250,0,,,,,,
180.180,,250,0,250,0,,,,,,
180.200,,250,0,250,0,,,,,,
180.220,,250,0,250,0,,,,,,
180.240,,250,0,250,0,,,,,,
180.260,,250,0,250,0,,,,,,
180.280,,250,0,250,0,,,,,,
180.300,,250,0,250,0,,,,,,
180.320,,250,0,250,0,,,,,,
180.340,s,250,0,250,0,,,,,,
180.360,,250,0,250,0,,,,,,
180.380,,250,0,250,0,,,,,,
180.400,,250,0,250,0,,,,,,
180.420,,250,0,250,0,,,,,,
180.440,,250,0,250,0,,,,,,
180.460,,250,0,250,0,,,,,,
180.480,,250,0,250,0,,,,,,
180.500,,250,0,250,0,,,,,,
180.520,,250,0,250,0,,,,,,
180.540,,250,0,250,0,,,,,,
180.560,,250,0,250,0,,,,,,
180.580,,250,0,250,0,,,,,,
180.600,,250,0,250,0,,,,,,
180.620,,250,0,250,0,,,,,,
180.640,,250,0,250,0,,,,,,
180.660,,250,0,250,0,,,,,,
180.680,,250,0,250,0,,,,,,
180.700,,250,0,250,0,,,,,,
180.720,,250,0,250,0,,,,,,
180.740,,250,0,250,0,,,,,,
180.760,,250,0,250,0,,,,,,
180.780,,250,0,250,0,,,,,,
180.800,,250,0,250,0,,,,,,
180.820,,250,0,250,0,,,,,,
180.840,,250,0,250,0,,,,,,
180.860,,250,0,250,0,,,,,,
180.880,,250,0,250,0,,,,,,
180.900,,250,0,250,0,,,,,,
180.920,,250,0,250,0,,,,,,
180.940,,250,0,250,0,,,,,,
180.960,,250,0,250,0,,,,,,
180.980,,250,0,250,0,,,,,,
181.000,,250,0,250,0,,,,,,
181.020,,250,0,250,0,,,,,,
181.040,,250,0,250,0,,,,,,
181.060,,250,0,250,0,,,,,,
181.080,,250,0,250,0,,,,,,
181.100,,250,0,250,0,,,,,,
181.120,,250,0,250,0,,,,,,
181.140,,250,0,250,0,,,,,,
181.160,,250,0,250,0,,,,,,
181.180,,250,0,250,0,,,,,,
181.200,,250,0,250,0,,,,,,
181.220,,250,0,250,0,,,,,,
181.240,,250,0,250,0,,,,,,
181.260,,250,0,250,0,,,,,,
181.280,,250,0,250,0,,,,,,
181.300,,250,0,250,0,,,,,,
181.320,,250,0,250,0,,,,,,
181.340,,250,0,250,0,,,,,,
181.360,,250,0,250,0,,,,,,
181.380,,250,0,250,0,,,,,,
181.400,,0,0,235,0,,,,,,
181.420,,0,0,220,0,,,,,,
181.440,,0,0,205,0,,,,,,
181.460,,0,0,190,0,,,,,,
181.480,,0,0,175,0,,,,,,
181.500,,0,0,160,0,,,,,,
181.520,,0,0,145,0,,,,,,
181.540,,0,0,130,0,,,,,,
181.560,,0,0,115,0,,,,,,
181.580,,0,0,100,0,,,,,,
181.600,,0,0,85,0,,,,,,
181.620,,0,0,70,0,,,,,,
181.640,,0,0,55,0,,,,,,
181.660,,0,0,40,0,,,,,,
181.680,,0,0,25,0,,,,,,
181.700,,0,0,10,0,,,,,,
181.720,,0,0,0,0,,,,,,
181.740,,0,0,0,0,,,,,,
181.760,,0,0,0,0,,,,,,
181.780,,0,0,0,0,,,,,,
181.800,,0,0,0,0,,,,,,
181.820,,0,0,0,0,,,,,,
181.840,,0,0,0,0,,,,,,
181.860,,0,0,0,0,,,,,,
181.880,,0,0,0,0,,,,,,
181.900,,0,0,0,0,,,,,,
181.920,,0,0,0,0,,,,,,
181.940,,0,0,0,0,,,,,,
181.960,,0,0,0,0,,,,,,
181.980,,-250,0,-15,0,,,,,,
182.000,,-250,0,-30,0,,,,,,
182.020,,-250,0,-45,0,,,,,,
182.040,,-250,0,-60,0,,,,,,
182.060,,-250,0,-75,0,,,,,,
182.080,,-250,0,-90,0,,,,,,
182.100,,-250,0,-105,0,,,,,,
182.120,,-250,0,-120,0,,,,,,
182.140,,-250,0,-135,0,,,,,,
182.160,,-250,0,-150,0,,,,,,
182.180,,-250,0,-165,0,,,,,,
182.200,,-250,0,-180,0,,,,,,
182.220,,-250,0,-195,0,,,,,,
182.240,,-250,0,-210,0,,,,,,
182.260,,-250,0,-225,0,,,,,,
182.280,,-250,0,-240,0,,,,,,
182.300,,-250,0,-250,0,,,,,,
182.320,,-250,0,-250,0,,,,,,
182.340,,-250,0,-250,0,,,,,,
182.360,,-250,0,-250,0,,,,,,
182.380,,-250,0,-250,0,,,,,,
182.400,,-250,0,-250,0,,,,,,
182.420,,-250,0,-250,0,,,,,,
182.440,,-250,0,-250,0,,,,,,
182.460,,-250,0,-250,0,,,,,,
182.480,,-250,0,-250,0,,,,,,
182.500,,-250,0,-250,0,,,,,,
182.520,,-250,0,-250,0,,,,,,
182.540,,-250,0,-250,0,,,,,,
182.560,,-250,0,-250,0,,,,,,
182.580,,-250,0,-250,0,,,,,,
182.600,,-250,0,-250,0,,,,,,
182.620,,-250,0,-250,0,,,,,,
182.640,,-250,0,-250,0,,,,,,
182.660,,-250,0,-250,0,,,,,,
182.680,,-250,0,-250,0,,,,,,
182.700,,-250,0,-250,0,,,,,,
182.720,,-250,0,-250,0,,,,,,
182.740,,-250,0,-250,0,,,,,,
182.760,,-250,0,-250,0,,,,,,
182.780,,-250,0,-250,0,,,,,,
182.800,,-250,0,-250,0,,,,,,
182.820,,-250,0,-250,0,,,,,,
182.840,,-250,0,-250,0,,,,,,
182.860,,-250,0,-250,0,,,,,,
182.880,,-250,0,-250,0,,,,,,
182.900,,-250,0,-250,0,,,,,,
182.920,,-250,0,-250,0,,,,,,
182.940,,-250,0,-250,0,,,,,,
182.960,w,-250,0,-250,0,,,,,,
182.980,,-250,0,-250,0,,,,,,
183.000,,-250,0,-250,0,,,,,,
183.020,,-250,0,-250,0,,,,,,
183.040,,-250,0,-250,0,,,,,,
183.060,,-250,0,-250,0,,,,,,
183.080,w,-250,0,-250,0,,,,,,
183.100,,-250,0,-250,0,,,,,,
183.120,,-250,0,-250,0,,,,,,
183.140,,-250,0,-250,0,,,,,,
183.160,,-250,0,-250,0,,,,,,
183.180,,-250,0,-250,0,,,,,,
183.200,,-250,0,-250,0,,,,,,
183.220,,-250,0,-250,0,,,,,,
183.240,,-250,0,-250,0,,,,,,
183.260,,-250,0,-250,0,,,,,,
183.280,,-250,0,-250,0,,,,,,
183.300,,-250,0,-250,0,,,,,,
183.320,,-250,0,-250,0,,,,,,
183.340,,-250,0,-250,0,,,,,,
183.360,,-250,0,-250,0,,,,,,
183.380,w,-250,0,-250,0,,,,,,
183.400,,-250,0,-250,0,,,,,,
183.420,,-250,0,-250,0,,,,,,
183.440,,-250,0,-250,0,,,,,,
183.460,,-250,0,-250,0,,,,,,
183.480,,-250,0,-250,0,,,,,,
183.500,,-250,0,-250,0,,,,,,
183.520,,-250,0,-250,0,,,,,,
183.540,,-250,0,-250,0,,,,,,
183.560,,-250,0,-250,0,,,,,,
183.580,,-250,0,-250,0,,,,,,
183.600,,-250,0,-250,0,,,,,,
183.620,,-250,0,-250,0,,,,,,
183.640,,-250,0,-250,0,,,,,,
183.660,,-250,0,-250,0,,,,,,
183.680,,-250,0,-250,0,,,,,,
183.700,,250,0,-235,0,,,,,,
183.720,,250,0,-220,0,,,,,,
183.740,,250,0,-205,0,,,,,,
183.760,,250,0,-190,0,,,,,,
183.780,,250,0,-175,0,,,,,,
183.800,,250,0,-160,0,,,,,,
183.820,,250,0,-145,0,,,,,,
183.840,,250,0,-130,0,,,,,,
183.860,,250,0,-115,0,,,,,,
183.880,,250,0,-100,0,,,,,,
183.900,,250,0,-85,0,,,,,,
183.920,,250,0,-70,0,,,,,,
183.940,,250,0,-55,0,,,,,,
183.960,,250,0,-40,0,,,,,,
183.980,,250,0,-25,0,,,,,,
184.000,,250,0,-10,0,,,,,,
184.020,,250,0,5,0,,,,,,
184.040,,250,0,20,0,,,,,,
184.060,,250,0,35,0,,,,,,
184.080,,250,0,50,0,,,,,,
184.100,,250,0,65,0,,,,,,
184.120,,250,0,80,0,,,,,,
184.140,,250,0,95,0,,,,,,
184.160,,250,0,110,0,,,,,,
184.180,,250,0,125,0,,,,,,
184.200,,250,0,140,0,,,,,,
184.220,,250,0,155,0,,,,,,
184.240,,250,0,170,0,,,,,,
184.260,,250,0,185,0,,,,,,
184.280,,250,0,200,0,,,,,,
184.300,,250,0,215,0,,,,,,
184.320,,250,0,230,0,,,,,,
184.340,,250,0,245,0,,,,,,
184.360,,250,0,250,0,,,,,,
184.380,,250,0,250,0,,,,,,
184.400,,250,0,250,0,,,,,,
184.420,,250,0,250,0,,,,,,
184.440,,250,0,250,0,,,,,,
184.460,,250,0,250,0,,,,,,
184.480,,250,0,250,0,,,,,,
184.500,,250,0,250,0,,,,,,
184.520,,250,0,250,0,,,,,,
184.540,,250,0,250,0,,,,,,
184.560,,250,0,250,0,,,,,,
184.580,,250,0,250,0,,,,,,
184.600,,250,0,250,0,,,,,,
184.620,,250,0,250,0,,,,,,
184.640,,250,0,250,0,,,,,,
184.660,,250,0,250,0,,,,,,
184.680,,250,0,250,0,,,,,,
184.700,,250,0,250,0,,,,,,
184.720,,250,0,250,0,,,,,,
184.740,,250,0,250,0,,,,,,
184.760,,250,0,250,0,,,,,,
184.780,,250,0,250,0,,,,,,
184.800,,250,0,250,0,,,,,,
184.820,,250,0,250,0,,,,,,
184.840,,250,0,250,0,,,,,,
184.860,,250,0,250,0,,,,,,
184.880,,250,0,250,0,,,,,,
184.900,,250,0,250,0,,,,,,
184.920,,250,0,250,0,,,,,,
184.940,,250,0,250,0,,,,,,
184.960,,250,0,250,0,,,,,,
184.980,,250,0,250,0,,,,,,
185.000,,250,0,250,0,,,,,,
185.020,,250,0,250,0,,,,,,
185.040,,250,0,250,0,,,,,,
185.060,,250,0,250,0,,,,,,
185.080,,250,0,250,0,,,,,,
185.100,s,250,0,250,0,,,,,,
185.120,,250,0,250,0,,,,,,
185.140,,250,0,250,0,,,,,,
185.160,,250,0,250,0,,,,,,
185.180,,250,0,250,0,,,,,,
185.200,,250,0,250,0,,,,,,
185.220,,250,0,250,0,,,,,,
185.240,,250,0,250,0,,,,,,
185.260,,250,0,250,0,,,,,,
185.280,,250,0,250,0,,,,,,
185.300,,250,0,250,0,,,,,,
185.320,,250,0,250,0,,,,,,
185.340,,250,0,250,0,,,,,,
185.360,,250,0,250,0,,,,,,
185.380,,250,0,250,0,,,,,,
185.400,s,250,0,250,0,,,,,,
185.420,,250,0,250,0,,,,,,
185.440,,250,0,250,0,,,,,,
185.460,,250,0,250,0,,,,,,
185.480,,250,0,250,0,,,,,,
185.500,,250,0,250,0,,,,,,
185.520,,250,0,250,0,,,,,,
185.540,,250,0,250,0,,,,,,
185.560,,250,0,250,0,,,,,,
185.580,,250,0,250,0,,,,,,
185.600,,250,0,250,0,,,,,,
185.620,,250,0,250,0,,,,,,
185.640,,250,0,250,0,,,,,,
185.660,,250,0,250,0,,,,,,
185.680,,250,0,250,0,,,,,,
185.700,,250,0,250,0,,,,,,
185.720,,250,0,250,0,,,,,,
185.740,,250,0,250,0,,,,,,
185.760,,250,0,250,0,,,,,,
185.780,,250,0,250,0,,,,,,
185.800,,250,0,250,0,,,,,,
185.820,,250,0,250,0,,,,,,
185.840,,250,0,250,0,,,,,,
185.860,,250,0,250,0,,,,,,
185.880,,250,0,250,0,,,,,,
185.900,,250,0,250,0,,,,,,
185.920,,250,0,250,0,,,,,,
185.940,,250,0,250,0,,,,,,
185.960,,250,0,250,0,,,,,,
185.980,,250,0,250,0,,,,,,
186.000,,250,0,250,0,,,,,,
186.020,,250,0,250,0,,,,,,
186.040,,250,0,250,0,,,,,,
186.060,,250,0,250,0,,,,,,
186.080,,250,0,250,0,,,,,,
186.100,,250,0,250,0,,,,,,
186.120,,250,0,250,0,,,,,,
186.140,,250,0,250,0,,,,,,
186.160,,250,0,250,0,,,,,,
186.180,,250,0,250,0,,,,,,
186.200,,250,0,250,0,,,,,,
186.220,,250,0,250,0,,,,,,
186.240,,250,0,250,0,,,,,,
186.260,,250,0,250,0,,,,,,
186.280,,250,0,250,0,,,,,,
186.300,,250,0,250,0,,,,,,
186.320,,250,0,250,0,,,,,,
186.340,,250,0,250,0,,,,,,
186.360,,250,0,250,0,,,,,,
186.380,,250,0,250,0,,,,,,
186.400,,250,0,250,0,,,,,,
186.420,,250,0,250,0,,,,,,
186.440,,250,0,250,0,,,,,,
186.460,,250,0,250,0,,,,,,
186.480,,250,0,250,0,,,,,,
186.500,,250,0,250,0,,,,,,
186.520,,250,0,250,0,,,,,,
186.540,,250,0,250,0,,,,,,
186.560,,250,0,250,0,,,,,,
186.580,,250,0,250,0,,,,,,
186.600,,250,0,250,0,,,,,,
186.620,,250,0,250,0,,,,,,
186.640,,250,0,250,0,,,,,,
186.660,,250,0,250,0,,,,,,
186.680,,250,0,250,0,,,,,,
186.700,,250,0,250,0,,,,,,
186.720,,250,0,250,0,,,,,,
186.740,,250,0,250,0,,,,,,
186.760,,250,0,250,0,,,,,,
186.780,,250,0,250,0,,,,,,
186.800,,250,0,250,0,,,,,,
186.820,,0,0,235,0,,,,,,
186.840,,0,0,220,0,,,,,,
186.860,,0,0,205,0,,,,,,
186.880,,0,0,190,0,,,,,,
186.900,,0,0,175,0,,,,,,
186.920,,0,0,160,0,,,,,,
186.940,,0,0,145,0,,,,,,
186.960,,0,0,130,0,,,,,,
186.980,,0,0,115,0,,,,,,
187.000,,0,0,100,0,,,,,,
187.020,,0,0,85,0,,,,,,
187.040,,0,0,70,0,,,,,,
187.060,,0,0,55,0,,,,,,
187.080,,0,0,40,0,,,,,,
187.100,,0,0,25,0,,,,,,
187.120,,0,0,10,0,,,,,,
187.140,,0,0,0,0,,,,,,
187.160,,0,0,0,0,,,,,,
187.180,,0,0,0,0,,,,,,
187.200,,0,0,0,0,,,,,,
187.220,,0,0,0,0,,,,,,
187.240,,0,0,0,0,,,,,,
187.260,,0,0,0,0,,,,,,
187.280,,0,0,0,0,,,,,,
187.300,,0,0,0,0,,,,,,
187.320,,0,0,0,0,,,,,,
187.340,,0,0,0,0,,,,,,
187.360,,0,0,0,0,,,,,,
187.380,,0,0,0,0,,,,,,
187.400,,0,0,0,0,,,,,,
187.420,,0,0,0,0,,,,,,
187.440,,0,0,0,0,,,,,,
187.460,,0,0,0,0,,,,,,
187.480,,0,0,0,0,,,,,,
187.500,,0,0,0,0,,,,,,
187.520,,0,0,0,0,,,,,,
187.540,,0,0,0,0,,,,,,
187.560,,0,0,0,0,,,,,,
187.580,,0,0,0,0,,,,,,
187.600,,0,0,0,0,,,,,,
187.620,,0,0,0,0,,,,,,
187.640,,0,0,0,0,,,,,,
187.660,,0,0,0,0,,,,,,
187.680,,0,0,0,0,,,,,,
187.700,,0,0,0,0,,,,,,
187.720,,0,0,0,0,,,,,,
187.740,,0,0,0,0,,,,,,
187.760,,0,0,0,0,,,,,,
187.780,,0,0,0,0,,,,,,
187.800,,0,0,0,0,,,,,,
187.820,,0,0,0,0,,,,,,
187.840,,0,0,0,0,,,,,,
187.860,,0,0,0,0,,,,,,
187.880,,0,0,0,0,,,,,,
187.900,,0,0,0,0,,,,,,
187.920,,0,0,0,0,,,,,,
187.940,,0,0,0,0,,,,,,
187.960,,0,0,0,0,,,,,,
187.980,,0,0,0,0,,,,,,
188.000,,0,0,0,0,,,,,,
188.020,,0,0,0,0,,,,,,
188.040,,0,0,0,0,,,,,,
188.060,,0,0,0,0,,,,,,
188.080,,0,0,0,0,,,,,,
188.100,,0,0,0,0,,,,,,
188.120,,0,0,0,0,,,,,,
188.140,,0,0,0,0,,,,,,
188.160,,0,0,0,0,,,,,,
188.180,,0,0,0,0,,,,,,
188.200,,0,0,0,0,,,,,,
188.220,,0,0,0,0,,,,,,
188.240,,0,0,0,0,,,,,,
188.260,,0,0,0,0,,,,,,
188.280,,0,0,0,0,,,,,,
188.300,,0,0,0,0,,,,,,
188.320,,0,0,0,0,,,,,,
188.340,,0,0,0,0,,,,,,
188.360,,0,0,0,0,,,,,,
188.380,,0,0,0,0,,,,,,
188.400,,0,0,0,0,,,,,,
188.420,,0,0,0,0,,,,,,
188.440,,0,0,0,0,,,,,,
188.460,,0,0,0,0,,,,,,
188.480,,0,0,0,0,,,,,,
188.500,,0,0,0,0,,,,,,
188.520,,0,0,0,0,,,,,,
188.540,,0,0,0,0,,,,,,
188.560,,0,0,0,0,,,,,,
188.580,,0,0,0,0,,,,,,
188.600,,0,0,0,0,,,,,,
188.620,,0,0,0,0,,,,,,
188.640,,0,0,0,0,,,,,,
188.660,,0,0,0,0,,,,,,
188.680,,0,0,0,0,,,,,,
188.700,,0,0,0,0,,,,,,
188.720,,0,0,0,0,,,,,,
188.740,,0,0,0,0,,,,,,
188.760,,0,0,0,0,,,,,,
188.780,,0,0,0,0,,,,,,
188.800,,0,0,0,0,,,,,,
188.820,,0,0,0,0,,,,,,
188.840,,0,0,0,0,,,,,,
188.860,,0,0,0,0,,,,,,
188.880,,0,0,0,0,,,,,,
188.900,,0,0,0,0,,,,,,
188.920,,0,0,0,0,,,,,,
188.940,,0,0,0,0,,,,,,
188.960,,0,0,0,0,,,,,,
188.980,,0,0,0,0,,,,,,
189.000,,0,0,0,0,,,,,,
189.020,,0,0,0,0,,,,,,
189.040,,0,0,0,0,,,,,,
189.060,,0,0,0,0,,,,,,
189.080,,0,0,0,0,,,,,,
189.100,,0,0,0,0,,,,,,
189.120,,0,0,0,0,,,,,,
189.140,,0,0,0,0,,,,,,
189.160,,0,0,0,0,,,,,,
189.180,,0,0,0,0,,,,,,
189.200,,0,0,0,0,,,,,,
189.220,,0,0,0,0,,,,,,
189.240,,0,0,0,0,,,,,,
189.260,,0,0,0,0,,,,,,
189.280,,0,0,0,0,,,,,,
189.300,,0,0,0,0,,,,,,
189.320,,0,0,0,0,,,,,,
189.340,,0,0,0,0,,,,,,
189.360,,0,0,0,0,,,,,,
189.380,,0,0,0,0,,,,,,
189.400,,0,0,0,0,,,,,,
189.420,,0,0,0,0,,,,,,
189.440,,0,0,0,0,,,,,,
189.460,,0,0,0,0,,,,,,
189.480,,0,0,0,0,,,,,,
189.500,,0,0,0,0,,,,,,
189.520,,0,0,0,0,,,,,,
189.540,,0,0,0,0,,,,,,
189.560,,0,0,0,0,,,,,,
189.580,,0,0,0,0,,,,,,
189.600,,0,0,0,0,,,,,,
189.620,,0,0,0,0,,,,,,
189.640,,0,0,0,0,,,,,,
189.660,,0,0,0,0,,,,,,
189.680,,0,0,0,0,,,,,,
189.700,,0,0,0,0,,,,,,
189.720,,0,0,0,0,,,,,,
189.740,,0,0,0,0,,,,,,
189.760,,0,0,0,0,,,,,,
189.780,,0,0,0,0,,,,,,
189.800,,0,0,0,0,,,,,,
189.820,,0,0,0,0,,,,,,
189.840,,0,0,0,0,,,,,,
189.860,,0,0,0,0,,,,,,
189.880,,0,0,0,0,,,,,,
189.900,,0,0,0,0,,,,,,
189.920,,0,0,0,0,,,,,,
189.940,,0,0,0,0,,,,,,
189.960,,0,0,0,0,,,,,,
189.980,,0,0,0,0,,,,,,
190.000,,0,0,0,0,,,,,,
190.020,,0,0,0,0,,,,,,
190.040,,0,0,0,0,,,,,,
190.060,,0,0,0,0,,,,,,
190.080,,0,0,0,0,,,,,,
190.100,,0,0,0,0,,,,,,
190.120,,0,0,0,0,,,,,,
190.140,,0,0,0,0,,,,,,
190.160,,0,0,0,0,,,,,,
190.180,,0,0,0,0,,,,,,
190.200,,0,0,0,0,,,,,,
190.220,,0,0,0,0,,,,,,
190.240,,0,0,0,0,,,,,,
190.260,,0,0,0,0,,,,,,
190.280,,0,0,0,0,,,,,,
190.300,,0,0,0,0,,,,,,
190.320,,0,0,0,0,,,,,,
190.340,,0,0,0,0,,,,,,
190.360,,0,0,0,0,,,,,,
190.380,,0,0,0,0,,,,,,
190.400,,0,0,0,0,,,,,,
190.420,,0,0,0,0,,,,,,
190.440,,0,0,0,0,,,,,,
190.460,,0,0,0,0,,,,,,
190.480,,0,0,0,0,,,,,,
190.500,,0,0,0,0,,,,,,
190.520,,0,0,0,0,,,,,,
190.540,,0,0,0,0,,,,,,
190.560,,0,0,0,0,,,,,,
190.580,,0,0,0,0,,,,,,
190.600,,0,0,0,0,,,,,,
190.620,,0,0,0,0,,,,,,
190.640,,0,0,0,0,,,,,,
190.660,,0,0,0,0,,,,,,
190.680,,0,0,0,0,,,,,,
190.700,,0,0,0,0,,,,,,
190.720,,0,0,0,0,,,,,,
190.740,,0,0,0,0,,,,,,
190.760,,0,0,0,0,,,,,,
190.780,,0,0,0,0,,,,,,
190.800,,0,0,0,0,,,,,,
190.820,,0,0,0,0,,,,,,
190.840,,0,0,0,0,,,,,,
190.860,,0,0,0,0,,,,,,
190.880,,0,0,0,0,,,,,,
190.900,,0,0,0,0,,,,,,
190.920,,0,0,0,0,,,,,,
190.940,,0,0,0,0,,,,,,
190.960,,0,0,0,0,,,,,,
190.980,,0,0,0,0,,,,,,
191.000,,0,0,0,0,,,,,,
191.020,,0,0,0,0,,,,,,
191.040,,0,0,0,0,,,,,,
191.060,,0,0,0,0,,,,,,
191.080,,0,0,0,0,,,,,,
191.100,,0,0,0,0,,,,,,
191.120,,0,0,0,0,,,,,,
191.140,,0,0,0,0,,,,,,
191.160,,0,0,0,0,,,,,,
191.180,,0,0,0,0,,,,,,
191.200,,0,0,0,0,,,,,,
191.220,,0,0,0,0,,,,,,
191.240,,0,0,0,0,,,,,,
191.260,,0,0,0,0,,,,,,
191.280,,0,0,0,0,,,,,,
191.300,,0,0,0,0,,,,,,
191.320,,0,0,0,0,,,,,,
191.340,,0,0,0,0,,,,,,
191.360,,0,0,0,0,,,,,,
191.380,,0,0,0,0,,,,,,
191.400,,0,0,0,0,,,,,,
191.420,,0,0,0,0,,,,,,
191.440,,0,0,0,0,,,,,,
191.460,,0,0,0,0,,,,,,
191.480,,0,0,0,0,,,,,,
191.500,,0,0,0,0,,,,,,
191.520,,0,0,0,0,,,,,,
191.540,,0,0,0,0,,,,,,
191.560,,0,0,0,0,,,,,,
191.580,,0,0,0,0,,,,,,
191.600,,0,0,0,0,,,,,,
191.620,,0,0,0,0,,,,,,
191.640,,0,0,0,0,,,,,,
191.660,,0,0,0,0,,,,,,
191.680,,0,0,0,0,,,,,,
191.700,,0,0,0,0,,,,,,
191.720,,0,0,0,0,,,,,,
191.740,,0,0,0,0,,,,,,
191.760,,0,0,0,0,,,,,,
191.780,,0,0,0,0,,,,,,
191.800,,0,0,0,0,,,,,,
191.820,,0,0,0,0,,,,,,
191.840,,0,0,0,0,,,,,,
191.860,,0,0,0,0,,,,,,
191.880,,0,0,0,0,,,,,,
191.900,,0,0,0,0,,,,,,
191.920,,0,0,0,0,,,,,,
191.940,,0,0,0,0,,,,,,
191.960,,0,0,0,0,,,,,,
191.980,,0,0,0,0,,,,,,
192.000,,0,0,0,0,,,,,,
192.020,,0,0,0,0,,,,,,
192.040,,0,0,0,0,,,,,,
192.060,,0,0,0,0,,,,,,
192.080,,0,0,0,0,,,,,,
192.100,,0,0,0,0,,,,,,
192.120,,0,0,0,0,,,,,,
192.140,,0,0,0,0,,,,,,
192.160,,0,0,0,0,,,,,,
192.180,,0,0,0,0,,,,,,
192.200,,0,0,0,0,,,,,,
192.220,,0,0,0,0,,,,,,
192.240,,0,0,0,0,,,,,,
192.260,,0,0,0,0,,,,,,
192.280,,0,0,0,0,,,,,,
192.300,,0,0,0,0,,,,,,
192.320,,0,0,0,0,,,,,,
192.340,,0,0,0,0,,,,,,
192.360,,0,0,0,0,,,,,,
192.380,,0,0,0,0,,,,,,
192.400,,0,0,0,0,,,,,,
192.420,,0,0,0,0,,,,,,
192.440,,0,0,0,0,,,,,,
192.460,,0,0,0,0,,,,,,
192.480,,0,0,0,0,,,,,,
192.500,,0,0,0,0,,,,,,
192.520,,0,0,0,0,,,,,,
192.540,,0,0,0,0,,,,,,
192.560,,0,0,0,0,,,,,,
192.580,,0,0,0,0,,,,,,
192.600,,0,0,0,0,,,,,,
192.620,,0,0,0,0,,,,,,
192.640,,0,0,0,0,,,,,,
192.660,,0,0,0,0,,,,,,
192.680,,0,0,0,0,,,,,,
192.700,,0,0,0,0,,,,,,
192.720,,0,0,0,0,,,,,,
192.740,,0,0,0,0,,,,,,
192.760,,0,0,0,0,,,,,,
192.780,,0,0,0,0,,,,,,
192.800,,0,0,0,0,,,,,,
192.820,,0,0,0,0,,,,,,
192.840,,0,0,0,0,,,,,,
192.860,,0,0,0,0,,,,,,
192.880,,0,0,0,0,,,,,,
192.900,,0,0,0,0,,,,,,
192.920,,0,0,0,0,,,,,,
192.940,,0,0,0,0,,,,,,
192.960,,0,0,0,0,,,,,,
192.980,,0,0,0,0,,,,,,
193.000,,0,0,0,0,,,,,,
193.020,,0,0,0,0,,,,,,
193.040,,0,0,0,0,,,,,,
193.060,,0,0,0,0,,,,,,
193.080,,0,0,0,0,,,,,,
193.100,,0,0,0,0,,,,,,
193.120,,0,0,0,0,,,,,,
193.140,,0,0,0,0,,,,,,
193.160,,0,0,0,0,,,,,,
193.180,,0,0,0,0,,,,,,
193.200,,0,0,0,0,,,,,,
193.220,,0,0,0,0,,,,,,
193.240,,0,0,0,0,,,,,,
193.260,,0,0,0,0,,,,,,
193.280,,0,0,0,0,,,,,,
193.300,,0,0,0,0,,,,,,
193.320,,0,0,0,0,,,,,,
193.340,,0,0,0,0,,,,,,
193.360,,0,0,0,0,,,,,,
193.380,,0,0,0,0,,,,,,
193.400,,0,0,0,0,,,,,,
193.420,,0,0,0,0,,,,,,
193.440,,0,0,0,0,,,,,,
193.460,,0,0,0,0,,,,,,
193.480,,0,0,0,0,,,,,,
193.500,,0,0,0,0,,,,,,
193.520,,0,0,0,0,,,,,,
193.540,,0,0,0,0,,,,,,
193.560,,0,0,0,0,,,,,,
193.580,,0,0,0,0,,,,,,
193.600,,0,0,0,0,,,,,,
193.620,,0,0,0,0,,,,,,
193.640,,0,0,0,0,,,,,,
193.660,,0,0,0,0,,,,,,
193.680,,0,0,0,0,,,,,,
193.700,,0,0,0,0,,,,,,
193.720,,0,0,0,0,,,,,,
193.740,,0,0,0,0,,,,,,
193.760,,0,0,0,0,,,,,,
193.780,,0,0,0,0,,,,,,
193.800,,0,0,0,0,,,,,,
193.820,,0,0,0,0,,,,,,
193.840,,0,0,0,0,,,,,,
193.860,,0,0,0,0,,,,,,
193.880,,0,0,0,0,,,,,,
193.900,,0,0,0,0,,,,,,
193.920,,0,0,0,0,,,,,,
193.940,,0,0,0,0,,,,,,
193.960,,0,0,0,0,,,,,,
193.980,,0,0,0,0,,,,,,
194.000,,0,0,0,0,,,,,,
194.020,,0,0,0,0,,,,,,
194.040,,0,0,0,0,,,,,,
194.060,,0,0,0,0,,,,,,
194.080,,0,0,0,0,,,,,,
194.100,,0,0,0,0,,,,,,
194.120,,0,0,0,0,,,,,,
194.140,,0,0,0,0,,,,,,
194.160,,0,0,0,0,,,,,,
194.180,,0,0,0,0,,,,,,
194.200,,0,0,0,0,,,,,,
194.220,,0,0,0,0,,,,,,
194.240,,0,0,0,0,,,,,,
194.260,,0,0,0,0,,,,,,
194.280,,0,0,0,0,,,,,,
194.300,,0,0,0,0,,,,,,
194.320,,0,0,0,0,,,,,,
194.340,,0,0,0,0,,,,,,
194.360,,0,0,0,0,,,,,,
194.380,,0,0,0,0,,,,,,
194.400,,0,0,0,0,,,,,,
194.420,,0,0,0,0,,,,,,
194.440,,0,0,0,0,,,,,,
194.460,,0,0,0,0,,,,,,
194.480,,0,0,0,0,,,,,,
194.500,,0,0,0,0,,,,,,
194.520,,0,0,0,0,,,,,,
194.540,,0,0,0,0,,,,,,
194.560,,0,0,0,0,,,,,,
194.580,,0,0,0,0,,,,,,
194.600,,0,0,0,0,,,,,,
194.620,,0,0,0,0,,,,,,
194.640,,0,0,0,0,,,,,,
194.660,,0,0,0,0,,,,,,
194.680,,0,0,0,0,,,,,,
194.700,,0,0,0,0,,,,,,
194.720,,0,0,0,0,,,,,,
194.740,,0,0,0,0,,,,,,
194.760,,0,0,0,0,,,,,,
194.780,,0,0,0,0,,,,,,
194.800,,0,0,0,0,,,,,,
194.820,,0,0,0,0,,,,,,
194.840,,0,0,0,0,,,,,,
194.860,,0,0,0,0,,,,,,
194.880,,0,0,0,0,,,,,,
194.900,,0,0,0,0,,,,,,
194.920,,0,0,0,0,,,,,,
194.940,,0,0,0,0,,,,,,
194.960,,0,0,0,0,,,,,,
194.980,,0,0,0,0,,,,,,
195.000,,0,0,0,0,,,,,,
195.020,,0,0,0,0,,,,,,
195.040,,0,0,0,0,,,,,,
195.060,,0,0,0,0,,,,,,
195.080,,0,0,0,0,,,,,,
195.100,,0,0,0,0,,,,,,
195.120,,0,0,0,0,,,,,,
195.140,,0,0,0,0,,,,,,
195.160,,0,0,0,0,,,,,,
195.180,,0,0,0,0,,,,,,
195.200,,0,0,0,0,,,,,,
195.220,,0,0,0,0,,,,,,
195.240,,0,0,0,0,,,,,,
195.260,,0,0,0,0,,,,,,
195.280,,0,0,0,0,,,,,,
195.300,,0,0,0,0,,,,,,
195.320,,0,0,0,0,,,,,,
195.340,,0,0,0,0,,,,,,
195.360,,0,0,0,0,,,,,,
195.380,,0,0,0,0,,,,,,
195.400,,0,0,0,0,,,,,,
195.420,,0,0,0,0,,,,,,
195.440,,0,0,0,0,,,,,,
195.460,,0,0,0,0,,,,,,
195.480,,0,0,0,0,,,,,,
195.500,,0,0,0,0,,,,,,
195.520,,0,0,0,0,,,,,,
195.540,,0,0,0,0,,,,,,
195.560,,0,0,0,0,,,,,,
195.580,,0,0,0,0,,,,,,
195.600,,0,0,0,0,,,,,,
195.620,,0,0,0,0,,,,,,
195.640,,0,0,0,0,,,,,,
195.660,,0,0,0,0,,,,,,
195.680,,0,0,0,0,,,,,,
195.700,,0,0,0,0,,,,,,
195.720,,0,0,0,0,,,,,,
195.740,,0,0,0,0,,,,,,
195.760,,0,0,0,0,,,,,,
195.780,,0,0,0,0,,,,,,
195.800,,0,0,0,0,,,,,,
195.820,,0,0,0,0,,,,,,
195.840,,0,0,0,0,,,,,,
195.860,,0,0,0,0,,,,,,
195.880,,0,0,0,0,,,,,,
195.900,,0,0,0,0,,,,,,
195.920,,0,0,0,0,,,,,,
195.940,,0,0,0,0,,,,,,
195.960,,0,0,0,0,,,,,,
195.980,,0,0,0,0,,,,,,
196.000,,0,0,0,0,,,,,,
196.020,,0,0,0,0,,,,,,
196.040,,0,0,0,0,,,,,,
196.060,,0,0,0,0,,,,,,
196.080,,0,0,0,0,,,,,,
196.100,,0,0,0,0,,,,,,
196.120,,0,0,0,0,,,,,,
196.140,,0,0,0,0,,,,,,
196.160,,0,0,0,0,,,,,,
196.180,,0,0,0,0,,,,,,
196.200,,0,0,0,0,,,,,,
196.220,,0,0,0,0,,,,,,
196.240,,0,0,0,0,,,,,,
196.260,,0,0,0,0,,,,,,
196.280,,0,0,0,0,,,,,,
196.300,,0,0,0,0,,,,,,
196.320,,0,0,0,0,,,,,,
196.340,,0,0,0,0,,,,,,
196.360,,0,0,0,0,,,,,,
196.380,,0,0,0,0,,,,,,
196.400,,0,0,0,0,,,,,,
196.420,,0,0,0,0,,,,,,
196.440,,0,0,0,0,,,,,,
196.460,,0,0,0,0,,,,,,
196.480,,0,0,0,0,,,,,,
196.500,,0,0,0,0,,,,,,
196.520,,0,0,0,0,,,,,,
196.540,,0,0,0,0,,,,,,
196.560,,0,0,0,0,,,,,,
196.580,,0,0,0,0,,,,,,
196.600,,0,0,0,0,,,,,,
196.620,,0,0,0,0,,,,,,
196.640,,0,0,0,0,,,,,,
196.660,,0,0,0,0,,,,,,
196.680,,0,0,0,0,,,,,,
196.700,,0,0,0,0,,,,,,
196.720,,0,0,0,0,,,,,,
196.740,,0,0,0,0,,,,,,
196.760,,0,0,0,0,,,,,,
196.780,,0,0,0,0,,,,,,
196.800,,0,0,0,0,,,,,,
196.820,,0,0,0,0,,,,,,
196.840,,0,0,0,0,,,,,,
196.860,,0,0,0,0,,,,,,
196.880,,0,0,0,0,,,,,,
196.900,,0,0,0,0,,,,,,
196.920,,0,0,0,0,,,,,,
196.940,,0,0,0,0,,,,,,
196.960,,0,0,0,0,,,,,,
196.980,,0,0,0,0,,,,,,
197.000,,0,0,0,0,,,,,,
197.020,,0,0,0,0,,,,,,
197.040,,0,0,0,0,,,,,,
197.060,,0,0,0,0,,,,,,
197.080,,0,0,0,0,,,,,,
197.100,,0,0,0,0,,,,,,
197.120,,0,0,0,0,,,,,,
197.140,,0,0,0,0,,,,,,
197.160,,0,0,0,0,,,,,,
197.180,,0,0,0,0,,,,,,
197.200,,0,0,0,0,,,,,,
197.220,,0,0,0,0,,,,,,
197.240,,0,0,0,0,,,,,,
197.260,,0,0,0,0,,,,,,
197.280,,0,0,0,0,,,,,,
197.300,,0,0,0,0,,,,,,
197.320,,0,0,0,0,,,,,,
197.340,,0,0,0,0,,,,,,
197.360,,0,0,0,0,,,,,,
197.380,,0,0,0,0,,,,,,
197.400,,0,0,0,0,,,,,,
197.420,,0,0,0,0,,,,,,
197.440,,0,0,0,0,,,,,,
197.460,,0,0,0,0,,,,,,
197.480,,0,0,0,0,,,,,,
197.500,,0,0,0,0,,,,,,
197.520,,0,0,0,0,,,,,,
197.540,,0,0,0,0,,,,,,
197.560,,0,0,0,0,,,,,,
197.580,,0,0,0,0,,,,,,
197.600,,0,0,0,0,,,,,,
197.620,,0,0,0,0,,,,,,
197.640,,0,0,0,0,,,,,,
197.660,,0,0,0,0,,,,,,
197.680,,0,0,0,0,,,,,,
197.700,,0,0,0,0,,,,,,
197.720,,0,0,0,0,,,,,,
197.740,,0,0,0,0,,,,,,
197.760,,0,0,0,0,,,,,,
197.780,,0,0,0,0,,,,,,
197.800,,0,0,0,0,,,,,,
197.820,,0,0,0,0,,,,,,
197.840,,0,0,0,0,,,,,,
197.860,,0,0,0,0,,,,,,
197.880,,0,0,0,0,,,,,,
197.900,,0,0,0,0,,,,,,
197.920,,0,0,0,0,,,,,,
197.940,,0,0,0,0,,,,,,
197.960,,0,0,0,0,,,,,,
197.980,,0,0,0,0,,,,,,
198.000,,0,0,0,0,,,,,,
198.020,,0,0,0,0,,,,,,
198.040,,0,0,0,0,,,,,,
198.060,,0,0,0,0,,,,,,
198.080,,0,0,0,0,,,,,,
198.100,,0,0,0,0,,,,,,
198.120,,0,0,0,0,,,,,,
198.140,,0,0,0,0,,,,,,
198.160,,0,0,0,0,,,,,,
198.180,,0,0,0,0,,,,,,
198.200,,0,0,0,0,,,,,,
198.220,,0,0,0,0,,,,,,
198.240,,0,0,0,0,,,,,,
198.260,,0,0,0,0,,,,,,
198.280,,0,0,0,0,,,,,,
198.300,,0,0,0,0,,,,,,
198.320,,0,0,0,0,,,,,,
198.340,,0,0,0,0,,,,,,
198.360,,0,0,0,0,,,,,,
198.380,,0,0,0,0,,,,,,
198.400,,0,0,0,0,,,,,,
198.420,,0,0,0,0,,,,,,
198.440,,0,0,0,0,,,,,,
198.460,,0,0,0,0,,,,,,
198.480,,0,0,0,0,,,,,,
198.500,,0,0,0,0,,,,,,
198.520,,0,0,0,0,,,,,,
198.540,,0,0,0,0,,,,,,
198.560,,0,0,0,0,,,,,,
198.580,,0,0,0,0,,,,,,
198.600,,0,0,0,0,,,,,,
198.620,,0,0,0,0,,,,,,
198.640,,0,0,0,0,,,,,,
198.660,,0,0,0,0,,,,,,
198.680,,0,0,0,0,,,,,,
198.700,,0,0,0,0,,,,,,
198.720,,0,0,0,0,,,,,,
198.740,,0,0,0,0,,,,,,
198.760,,0,0,0,0,,,,,,
198.780,,0,0,0,0,,,,,,
198.800,,0,0,0,0,,,,,,
198.820,,0,0,0,0,,,,,,
198.840,,0,0,0,0,,,,,,
198.860,,0,0,0,0,,,,,,
198.880,,0,0,0,0,,,,,,
198.900,,0,0,0,0,,,,,,
198.920,,0,0,0,0,,,,,,
198.940,,0,0,0,0,,,,,,
198.960,,0,0,0,0,,,,,,
198.980,,0,0,0,0,,,,,,
199.000,,0,0,0,0,,,,,,
199.020,,0,0,0,0,,,,,,
199.040,,0,0,0,0,,,,,,
199.060,,0,0,0,0,,,,,,
199.080,,0,0,0,0,,,,,,
199.100,,0,0,0,0,,,,,,
199.120,,0,0,0,0,,,,,,
199.140,,0,0,0,0,,,,,,
199.160,,0,0,0,0,,,,,,
199.180,,0,0,0,0,,,,,,
199.200,,0,0,0,0,,,,,,
199.220,,0,0,0,0,,,,,,
199.240,,0,0,0,0,,,,,,
199.260,,0,0,0,0,,,,,,
199.280,,0,0,0,0,,,,,,
199.300,,0,0,0,0,,,,,,
199.320,,0,0,0,0,,,,,,
199.340,,0,0,0,0,,,,,,
199.360,,0,0,0,0,,,,,,
199.380,,0,0,0,0,,,,,,
199.400,,0,0,0,0,,,,,,
199.420,,0,0,0,0,,,,,,
199.440,,0,0,0,0,,,,,,
199.460,,0,0,0,0,,,,,,
199.480,,0,0,0,0,,,,,,
199.500,,0,0,0,0,,,,,,
199.520,,0,0,0,0,,,,,,
199.540,,0,0,0,0,,,,,,
199.560,,0,0,0,0,,,,,,
199.580,,0,0,0,0,,,,,,
199.600,,0,0,0,0,,,,,,
199.620,,0,0,0,0,,,,,,
199.640,,0,0,0,0,,,,,,
199.660,,0,0,0,0,,,,,,
199.680,,0,0,0,0,,,,,,
199.700,,0,0,0,0,,,,,,
199.720,,0,0,0,0,,,,,,
199.740,,0,0,0,0,,,,,,
199.760,,0,0,0,0,,,,,,
199.780,,0,0,0,0,,,,,,
199.800,,0,0,0,0,,,,,,
199.820,,0,0,0,0,,,,,,
199.840,,0,0,0,0,,,,,,
199.860,,0,0,0,0,,,,,,
199.880,,0,0,0,0,,,,,,
199.900,,0,0,0,0,,,,,,
199.920,,0,0,0,0,,,,,,
199.940,,0,0,0,0,,,,,,
199.960,,0,0,0,0,,,,,,
199.980,,0,0,0,0,,,,,,
200.000,,0,0,0,0,,,,,,
200.020,,0,0,0,0,,,,,,
200.040,,0,0,0,0,,,,,,
200.060,,0,0,0,0,,,,,,
200.080,,0,0,0,0,,,,,,
200.100,,0,0,0,0,,,,,,
200.120,,0,0,0,0,,,,,,
200.140,,0,0,0,0,,,,,,
200.160,,0,0,0,0,,,,,,
200.180,,0,0,0,0,,,,,,
200.200,,0,0,0,0,,,,,,
200.220,,0,0,0,0,,,,,,
200.240,,0,0,0,0,,,,,,
200.260,,0,0,0,0,,,,,,
200.280,,0,0,0,0,,,,,,
200.300,,0,0,0,0,,,,,,
200.320,,0,0,0,0,,,,,,
200.340,,0,0,0,0,,,,,,
200.360,,0,0,0,0,,,,,,
200.380,,0,0,0,0,,,,,,
200.400,,0,0,0,0,,,,,,
200.420,,0,0,0,0,,,,,,
200.440,,0,0,0,0,,,,,,
200.460,,0,0,0,0,,,,,,
200.480,,0,0,0,0,,,,,,
200.500,,0,0,0,0,,,,,,
200.520,,0,0,0,0,,,,,,
200.540,,0,0,0,0,,,,,,
200.560,,0,0,0,0,,,,,,
200.580,,0,0,0,0,,,,,,
200.600,,0,0,0,0,,,,,,
200.620,,0,0,0,0,,,,,,
200.640,,0,0,0,0,,,,,,
200.660,,0,0,0,0,,,,,,
200.680,,0,0,0,0,,,,,,
200.700,,0,0,0,0,,,,,,
200.720,,0,0,0,0,,,,,,
200.740,,0,0,0,0,,,,,,
200.760,,0,0,0,0,,,,,,
200.780,,0,0,0,0,,,,,,
200.800,,0,0,0,0,,,,,,
200.820,,0,0,0,0,,,,,,
200.840,,0,0,0,0,,,,,,
200.860,,0,0,0,0,,,,,,
200.880,,0,0,0,0,,,,,,
200.900,,0,0,0,0,,,,,,
200.920,,0,0,0,0,,,,,,
200.940,,0,0,0,0,,,,,,
200.960,,0,0,0,0,,,,,,
200.980,,0,0,0,0,,,,,,
201.000,,0,0,0,0,,,,,,
201.020,,0,0,0,0,,,,,,
201.040,,0,0,0,0,,,,,,
201.060,,0,0,0,0,,,,,,
201.080,,0,0,0,0,,,,,,
201.100,,0,0,0,0,,,,,,
201.120,,0,0,0,0,,,,,,
201.140,,0,0,0,0,,,,,,
201.160,,0,0,0,0,,,,,,
201.180,,0,0,0,0,,,,,,
201.200,,0,0,0,0,,,,,,
201.220,,0,0,0,0,,,,,,
201.240,,0,0,0,0,,,,,,
201.260,,0,0,0,0,,,,,,
201.280,,0,0,0,0,,,,,,
201.300,,0,0,0,0,,,,,,
201.320,,0,0,0,0,,,,,,
201.340,,0,0,0,0,,,,,,
201.360,,0,0,0,0,,,,,,
201.380,,0,0,0,0,,,,,,
201.400,,0,0,0,0,,,,,,
201.420,,0,0,0,0,,,,,,
201.440,,0,0,0,0,,,,,,
201.460,,0,0,0,0,,,,,,
201.480,,0,0,0,0,,,,,,
201.500,,0,0,0,0,,,,,,
201.520,,0,0,0,0,,,,,,
201.540,,0,0,0,0,,,,,,
201.560,,0,0,0,0,,,,,,
201.580,,0,0,0,0,,,,,,
201.600,,0,0,0,0,,,,,,
201.620,,0,0,0,0,,,,,,
201.640,,0,0,0,0,,,,,,
201.660,,0,0,0,0,,,,,,
201.680,,0,0,0,0,,,,,,
201.700,,0,0,0,0,,,,,,
201.720,,0,0,0,0,,,,,,
201.740,,0,0,0,0,,,,,,
201.760,,0,0,0,0,,,,,,
201.780,,0,0,0,0,,,,,,
201.800,,0,0,0,0,,,,,,
201.820,,0,0,0,0,,,,,,
201.840,,0,0,0,0,,,,,,
201.860,,0,0,0,0,,,,,,
201.880,,0,0,0,0,,,,,,
201.900,,0,0,0,0,,,,,,
201.920,,0,0,0,0,,,,,,
201.940,,0,0,0,0,,,,,,
201.960,,0,0,0,0,,,,,,
201.980,,0,0,0,0,,,,,,
202.000,,0,0,0,0,,,,,,
202.020,,0,0,0,0,,,,,,
202.040,,0,0,0,0,,,,,,
202.060,,0,0,0,0,,,,,,
202.080,,0,0,0,0,,,,,,
202.100,,0,0,0,0,,,,,,
202.120,,0,0,0,0,,,,,,
202.140,,0,0,0,0,,,,,,
202.160,,0,0,0,0,,,,,,
202.180,,0,0,0,0,,,,,,
202.200,,0,0,0,0,,,,,,
202.220,,0,0,0,0,,,,,,
202.240,,0,0,0,0,,,,,,
202.260,,0,0,0,0,,,,,,
202.280,,0,0,0,0,,,,,,
202.300,,0,0,0,0,,,,,,
202.320,,0,0,0,0,,,,,,
202.340,,0,0,0,0,,,,,,
202.360,,0,0,0,0,,,,,,
202.380,,0,0,0,0,,,,,,
202.400,,0,0,0,0,,,,,,
202.420,,0,0,0,0,,,,,,
202.440,,0,0,0,0,,,,,,
202.460,,0,0,0,0,,,,,,
202.480,,0,0,0,0,,,,,,
202.500,,0,0,0,0,,,,,,
202.520,,0,0,0,0,,,,,,
202.540,,0,0,0,0,,,,,,
202.560,,0,0,0,0,,,,,,
202.580,,0,0,0,0,,,,,,
202.600,,0,0,0,0,,,,,,
202.620,,0,0,0,0,,,,,,
202.640,,0,0,0,0,,,,,,
202.660,,0,0,0,0,,,,,,
202.680,,0,0,0,0,,,,,,
202.700,,0,0,0,0,,,,,,
202.720,,0,0,0,0,,,,,,
202.740,,0,0,0,0,,,,,,
202.760,,0,0,0,0,,,,,,
202.780,,0,0,0,0,,,,,,
202.800,,0,0,0,0,,,,,,
202.820,,0,0,0,0,,,,,,
202.840,,0,0,0,0,,,,,,
202.860,,0,0,0,0,,,,,,
202.880,,0,0,0,0,,,,,,
202.900,,0,0,0,0,,,,,,
202.920,,0,0,0,0,,,,,,
202.940,,0,0,0,0,,,,,,
202.960,,0,0,0,0,,,,,,
202.980,,0,0,0,0,,,,,,
203.000,,0,0,0,0,,,,,,
203.020,,0,0,0,0,,,,,,
203.040,,0,0,0,0,,,,,,
203.060,,0,0,0,0,,,,,,
203.080,,0,0,0,0,,,,,,
203.100,,0,0,0,0,,,,,,
203.120,,0,0,0,0,,,,,,
203.140,,0,0,0,0,,,,,,
203.160,,0,0,0,0,,,,,,
203.180,,0,0,0,0,,,,,,
203.200,,0,0,0,0,,,,,,
203.220,,0,0,0,0,,,,,,
203.240,,0,0,0,0,,,,,,
203.260,,0,0,0,0,,,,,,
203.280,,0,0,0,0,,,,,,
203.300,,0,0,0,0,,,,,,
203.320,,0,0,0,0,,,,,,
203.340,,0,0,0,0,,,,,,
203.360,,0,0,0,0,,,,,,
203.380,,0,0,0,0,,,,,,
203.400,,0,0,0,0,,,,,,
203.420,,0,0,0,0,,,,,,
203.440,,0,0,0,0,,,,,,
203.460,,0,0,0,0,,,,,,
203.480,,0,0,0,0,,,,,,
203.500,,0,0,0,0,,,,,,
203.520,,0,0,0,0,,,,,,
203.540,,0,0,0,0,,,,,,
203.560,,0,0,0,0,,,,,,
203.580,,0,0,0,0,,,,,,
203.600,,0,0,0,0,,,,,,
203.620,,0,0,0,0,,,,,,
203.640,,0,0,0,0,,,,,,
203.660,,0,0,0,0,,,,,,
203.680,,0,0,0,0,,,,,,
203.700,,0,0,0,0,,,,,,
203.720,,0,0,0,0,,,,,,
203.740,,0,0,0,0,,,,,,
203.760,,0,0,0,0,,,,,,
203.780,,0,0,0,0,,,,,,
203.800,,0,0,0,0,,,,,,
203.820,,0,0,0,0,,,,,,
203.840,,0,0,0,0,,,,,,
203.860,,0,0,0,0,,,,,,
203.880,,0,0,0,0,,,,,,
203.900,,0,0,0,0,,,,,,
203.920,,0,0,0,0,,,,,,
203.940,,0,0,0,0,,,,,,
203.960,,0,0,0,0,,,,,,
203.980,,0,0,0,0,,,,,,
204.000,,0,0,0,0,,,,,,
204.020,,0,0,0,0,,,,,,
204.040,,0,0,0,0,,,,,,
204.060,,0,0,0,0,,,,,,
204.080,,0,0,0,0,,,,,,
204.100,,0,0,0,0,,,,,,
204.120,,0,0,0,0,,,,,,
204.140,,0,0,0,0,,,,,,
204.160,,0,0,0,0,,,,,,
204.180,,0,0,0,0,,,,,,
204.200,,0,0,0,0,,,,,,
204.220,,0,0,0,0,,,,,,
204.240,,0,0,0,0,,,,,,
204.260,,0,0,0,0,,,,,,
204.280,,0,0,0,0,,,,,,
204.300,,0,0,0,0,,,,,,
204.320,,0,0,0,0,,,,,,
204.340,,0,0,0,0,,,,,,
204.360,,0,0,0,0,,,,,,
204.380,,0,0,0,0,,,,,,
204.400,,0,0,0,0,,,,,,
204.420,,0,0,0,0,,,,,,
204.440,,0,0,0,0,,,,,,
204.460,,0,0,0,0,,,,,,
204.480,,0,0,0,0,,,,,,
204.500,,0,0,0,0,,,,,,
204.520,,0,0,0,0,,,,,,
204.540,,0,0,0,0,,,,,,
204.560,,0,0,0,0,,,,,,
204.580,,0,0,0,0,,,,,,
204.600,,0,0,0,0,,,,,,
204.620,,0,0,0,0,,,,,,
204.640,,0,0,0,0,,,,,,
204.660,,0,0,0,0,,,,,,
204.680,,0,0,0,0,,,,,,
204.700,,0,0,0,0,,,,,,
204.720,,0,0,0,0,,,,,,
204.740,,0,0,0,0,,,,,,
204.760,,0,0,0,0,,,,,,
204.780,,0,0,0,0,,,,,,
204.800,,0,0,0,0,,,,,,
204.820,,0,0,0,0,,,,,,
204.840,,0,0,0,0,,,,,,
204.860,,0,0,0,0,,,,,,
204.880,,0,0,0,0,,,,,,
204.900,,0,0,0,0,,,,,,
204.920,,0,0,0,0,,,,,,
204.940,,0,0,0,0,,,,,,
204.960,,0,0,0,0,,,,,,
204.980,,0,0,0,0,,,,,,
205.000,,0,0,0,0,,,,,,
205.020,,0,0,0,0,,,,,,
205.040,,0,0,0,0,,,,,,
205.060,,0,0,0,0,,,,,,
205.080,,0,0,0,0,,,,,,
205.100,,0,0,0,0,,,,,,
205.120,,0,0,0,0,,,,,,
205.140,,0,0,0,0,,,,,,
205.160,,0,0,0,0,,,,,,
205.180,,0,0,0,0,,,,,,
205.200,,0,0,0,0,,,,,,
205.220,,0,0,0,0,,,,,,
205.240,,0,0,0,0,,,,,,
205.260,,0,0,0,0,,,,,,
205.280,,0,0,0,0,,,,,,
205.300,,0,0,0,0,,,,,,
205.320,,0,0,0,0,,,,,,
205.340,,0,0,0,0,,,,,,
205.360,,0,0,0,0,,,,,,
205.380,,0,0,0,0,,,,,,
205.400,,0,0,0,0,,,,,,
205.420,,0,0,0,0,,,,,,
205.440,,0,0,0,0,,,,,,
205.460,,0,0,0,0,,,,,,
205.480,,0,0,0,0,,,,,,
205.500,,0,0,0,0,,,,,,
205.520,,0,0,0,0,,,,,,
205.540,,0,0,0,0,,,,,,
205.560,,0,0,0,0,,,,,,
205.581,,0,0,0,0,,,,,,
205.600,,0,0,0,0,,,,,,
205.620,,0,0,0,0,,,,,,
205.640,,0,0,0,0,,,,,,
205.660,,0,0,0,0,,,,,,
205.680,,0,0,0,0,,,,,,
205.700,,0,0,0,0,,,,,,
205.720,,0,0,0,0,,,,,,
205.740,,0,0,0,0,,,,,,
205.760,,0,0,0,0,,,,,,
205.780,,0,0,0,0,,,,,,
205.800,,0,0,0,0,,,,,,
205.820,,0,0,0,0,,,,,,
205.840,,0,0,0,0,,,,,,
205.860,,0,0,0,0,,,,,,
205.880,,0,0,0,0,,,,,,
205.900,,0,0,0,0,,,,,,
205.920,,0,0,0,0,,,,,,
205.940,,0,0,0,0,,,,,,
205.960,,0,0,0,0,,,,,,
205.980,,0,0,0,0,,,,,,
206.000,,0,0,0,0,,,,,,
206.020,,0,0,0,0,,,,,,
206.040,,0,0,0,0,,,,,,
206.060,,0,0,0,0,,,,,,
206.080,,0,0,0,0,,,,,,
206.100,,0,0,0,0,,,,,,
206.120,,0,0,0,0,,,,,,
206.140,,0,0,0,0,,,,,,
206.160,,0,0,0,0,,,,,,
206.180,,0,0,0,0,,,,,,
206.200,,0,0,0,0,,,,,,
206.220,,0,0,0,0,,,,,,
206.240,,0,0,0,0,,,,,,
206.260,,0,0,0,0,,,,,,
206.280,,0,0,0,0,,,,,,
206.300,,0,0,0,0,,,,,,
206.320,,0,0,0,0,,,,,,
206.340,,0,0,0,0,,,,,,
206.360,,0,0,0,0,,,,,,
206.380,,0,0,0,0,,,,,,
206.400,,0,0,0,0,,,,,,
206.420,,0,0,0,0,,,,,,
206.440,,0,0,0,0,,,,,,
206.460,,0,0,0,0,,,,,,
206.480,,0,0,0,0,,,,,,
206.500,,0,0,0,0,,,,,,
206.520,,0,0,0,0,,,,,,
206.540,,0,0,0,0,,,,,,
206.560,,0,0,0,0,,,,,,
206.580,,0,0,0,0,,,,,,
206.600,,0,0,0,0,,,,,,
206.620,,0,0,0,0,,,,,,
206.640,,0,0,0,0,,,,,,
206.660,,0,0,0,0,,,,,,
206.680,,0,0,0,0,,,,,,
206.700,,0,0,0,0,,,,,,
206.720,,0,0,0,0,,,,,,
206.740,,0,0,0,0,,,,,,
206.760,,0,0,0,0,,,,,,
206.780,,0,0,0,0,,,,,,
206.800,,0,0,0,0,,,,,,
206.820,,0,0,0,0,,,,,,
206.840,,0,0,0,0,,,,,,
206.860,,0,0,0,0,,,,,,
206.880,,0,0,0,0,,,,,,
206.900,,0,0,0,0,,,,,,
206.920,,0,0,0,0,,,,,,
206.940,,0,0,0,0,,,,,,
206.960,,0,0,0,0,,,,,,
206.980,,0,0,0,0,,,,,,
207.000,,0,0,0,0,,,,,,
207.020,,0,0,0,0,,,,,,
207.040,,0,0,0,0,,,,,,
207.060,,0,0,0,0,,,,,,
207.080,,0,0,0,0,,,,,,
207.100,,0,0,0,0,,,,,,
207.120,,0,0,0,0,,,,,,
207.140,,0,0,0,0,,,,,,
207.160,,0,0,0,0,,,,,,
207.180,,0,0,0,0,,,,,,
207.200,,0,0,0,0,,,,,,
207.220,,0,0,0,0,,,,,,
207.240,,0,0,0,0,,,,,,
207.260,,0,0,0,0,,,,,,
207.280,,0,0,0,0,,,,,,
207.300,,0,0,0,0,,,,,,
207.320,,0,0,0,0,,,,,,
207.340,,0,0,0,0,,,,,,
207.360,,0,0,0,0,,,,,,
207.380,,0,0,0,0,,,,,,
207.400,,0,0,0,0,,,,,,
207.420,,0,0,0,0,,,,,,
207.440,,0,0,0,0,,,,,,
207.460,,0,0,0,0,,,,,,
207.480,,0,0,0,0,,,,,,
207.500,,0,0,0,0,,,,,,
207.520,,0,0,0,0,,,,,,
207.540,,0,0,0,0,,,,,,
207.560,,0,0,0,0,,,,,,
207.580,,0,0,0,0,,,,,,
207.600,,0,0,0,0,,,,,,
207.620,,0,0,0,0,,,,,,
207.640,,0,0,0,0,,,,,,
207.660,,0,0,0,0,,,,,,
207.680,,0,0,0,0,,,,,,
207.700,,0,0,0,0,,,,,,
207.720,,0,0,0,0,,,,,,
207.740,,0,0,0,0,,,,,,
207.760,,0,0,0,0,,,,,,
207.780,,0,0,0,0,,,,,,
207.800,,0,0,0,0,,,,,,
207.820,,0,0,0,0,,,,,,
207.840,,0,0,0,0,,,,,,
207.860,,0,0,0,0,,,,,,
207.880,,0,0,0,0,,,,,,
207.900,,0,0,0,0,,,,,,
207.920,,0,0,0,0,,,,,,
207.940,,0,0,0,0,,,,,,
207.960,,0,0,0,0,,,,,,
207.980,,0,0,0,0,,,,,,
208.000,,0,0,0,0,,,,,,
208.020,,0,0,0,0,,,,,,
208.040,,0,0,0,0,,,,,,
208.060,,0,0,0,0,,,,,,
208.080,,0,0,0,0,,,,,,
208.100,,0,0,0,0,,,,,,
208.120,,0,0,0,0,,,,,,
208.140,,0,0,0,0,,,,,,
208.160,,0,0,0,0,,,,,,
208.180,,0,0,0,0,,,,,,
208.200,,0,0,0,0,,,,,,
208.220,,0,0,0,0,,,,,,
208.240,,0,0,0,0,,,,,,
208.260,,0,0,0,0,,,,,,
208.280,,0,0,0,0,,,,,,
208.300,,0,0,0,0,,,,,,
208.320,,0,0,0,0,,,,,,
208.340,,0,0,0,0,,,,,,
208.360,,0,0,0,0,,,,,,
208.380,,0,0,0,0,,,,,,
208.400,,0,0,0,0,,,,,,
208.420,,0,0,0,0,,,,,,
208.440,,0,0,0,0,,,,,,
208.460,,0,0,0,0,,,,,,
208.480,,0,0,0,0,,,,,,
208.500,,0,0,0,0,,,,,,
208.520,,0,0,0,0,,,,,,
208.540,,0,0,0,0,,,,,,
208.560,,0,0,0,0,,,,,,
208.580,,0,0,0,0,,,,,,
208.600,,0,0,0,0,,,,,,
208.620,,0,0,0,0,,,,,,
208.640,,0,0,0,0,,,,,,
208.660,,0,0,0,0,,,,,,
208.680,,0,0,0,0,,,,,,
208.700,,0,0,0,0,,,,,,
208.720,,0,0,0,0,,,,,,
208.740,,0,0,0,0,,,,,,
208.760,,0,0,0,0,,,,,,
208.780,,0,0,0,0,,,,,,
208.800,,0,0,0,0,,,,,,
208.820,,0,0,0,0,,,,,,
208.840,,0,0,0,0,,,,,,
208.860,,0,0,0,0,,,,,,
208.880,,0,0,0,0,,,,,,
208.900,,0,0,0,0,,,,,,
208.920,,0,0,0,0,,,,,,
208.940,,0,0,0,0,,,,,,
208.960,,0,0,0,0,,,,,,
208.980,,0,0,0,0,,,,,,
209.000,,0,0,0,0,,,,,,
209.020,,0,0,0,0,,,,,,
209.040,,0,0,0,0,,,,,,
209.060,,0,0,0,0,,,,,,
209.080,,0,0,0,0,,,,,,
209.100,,0,0,0,0,,,,,,
209.120,,0,0,0,0,,,,,,
209.140,,0,0,0,0,,,,,,
209.160,,0,0,0,0,,,,,,
209.180,,0,0,0,0,,,,,,
209.200,,0,0,0,0,,,,,,
209.220,,0,0,0,0,,,,,,
209.240,,0,0,0,0,,,,,,
209.260,,0,0,0,0,,,,,,
209.280,,0,0,0,0,,,,,,
209.300,,0,0,0,0,,,,,,
209.320,,0,0,0,0,,,,,,
209.340,,0,0,0,0,,,,,,
209.360,,0,0,0,0,,,,,,
209.380,,0,0,0,0,,,,,,
209.400,,0,0,0,0,,,,,,
209.420,,0,0,0,0,,,,,,
209.440,,0,0,0,0,,,,,,
209.460,,0,0,0,0,,,,,,
209.480,,0,0,0,0,,,,,,
209.500,,0,0,0,0,,,,,,
209.520,,0,0,0,0,,,,,,
209.540,,0,0,0,0,,,,,,
209.560,,0,0,0,0,,,,,,
209.580,,0,0,0,0,,,,,,
209.600,,0,0,0,0,,,,,,
209.620,,0,0,0,0,,,,,,
209.640,,0,0,0,0,,,,,,
209.660,,0,0,0,0,,,,,,
209.680,,0,0,0,0,,,,,,
209.700,,0,0,0,0,,,,,,
209.720,,0,0,0,0,,,,,,
209.740,,0,0,0,0,,,,,,
209.760,,0,0,0,0,,,,,,
209.780,,0,0,0,0,,,,,,
209.800,,0,0,0,0,,,,,,
209.820,,0,0,0,0,,,,,,
209.840,,0,0,0,0,,,,,,
209.860,,0,0,0,0,,,,,,
209.880,,0,0,0,0,,,,,,
209.900,,0,0,0,0,,,,,,
209.920,,0,0,0,0,,,,,,
209.940,,0,0,0,0,,,,,,
209.960,,0,0,0,0,,,,,,
209.980,,0,0,0,0,,,,,,
210.000,,0,0,0,0,,,,,,
210.020,,0,0,0,0,,,,,,
210.040,,0,0,0,0,,,,,,
210.060,,0,0,0,0,,,,,,
210.080,,0,0,0,0,,,,,,
210.100,,0,0,0,0,,,,,,
210.120,,0,0,0,0,,,,,,
210.140,,0,0,0,0,,,,,,
210.160,,0,0,0,0,,,,,,
210.180,,0,0,0,0,,,,,,
210.200,,0,0,0,0,,,,,,
210.220,,0,0,0,0,,,,,,
210.240,,0,0,0,0,,,,,,
210.260,,0,0,0,0,,,,,,
210.280,,0,0,0,0,,,,,,
210.300,,0,0,0,0,,,,,,
210.320,,0,0,0,0,,,,,,
210.340,,0,0,0,0,,,,,,
210.360,,0,0,0,0,,,,,,
210.380,,0,0,0,0,,,,,,
210.400,,0,0,0,0,,,,,,
210.420,,0,0,0,0,,,,,,
210.440,,0,0,0,0,,,,,,
210.460,,0,0,0,0,,,,,,
210.480,,0,0,0,0,,,,,,
210.500,,0,0,0,0,,,,,,
210.520,,0,0,0,0,,,,,,
210.540,,0,0,0,0,,,,,,
210.560,,0,0,0,0,,,,,,
210.580,,0,0,0,0,,,,,,
210.600,,0,0,0,0,,,,,,
210.620,,0,0,0,0,,,,,,
210.640,,0,0,0,0,,,,,,
210.660,,0,0,0,0,,,,,,
210.680,,0,0,0,0,,,,,,
210.700,,0,0,0,0,,,,,,
210.720,,0,0,0,0,,,,,,
210.740,,0,0,0,0,,,,,,
210.760,,0,0,0,0,,,,,,
210.780,,0,0,0,0,,,,,,
210.800,,0,0,0,0,,,,,,
210.820,,0,0,0,0,,,,,,
210.840,,0,0,0,0,,,,,,
210.860,,0,0,0,0,,,,,,
210.880,,0,0,0,0,,,,,,
210.900,,0,0,0,0,,,,,,
210.920,,0,0,0,0,,,,,,
210.940,,0,0,0,0,,,,,,
210.960,,0,0,0,0,,,,,,
210.980,,0,0,0,0,,,,,,
211.000,,0,0,0,0,,,,,,
211.020,,0,0,0,0,,,,,,
211.040,,0,0,0,0,,,,,,
211.060,,0,0,0,0,,,,,,
211.080,,0,0,0,0,,,,,,
211.100,,0,0,0,0,,,,,,
211.120,,0,0,0,0,,,,,,
211.140,,0,0,0,0,,,,,,
211.160,,0,0,0,0,,,,,,
211.180,,0,0,0,0,,,,,,
211.200,,0,0,0,0,,,,,,
211.220,,0,0,0,0,,,,,,
211.240,,0,0,0,0,,,,,,
211.260,,0,0,0,0,,,,,,
211.280,,0,0,0,0,,,,,,
211.300,,0,0,0,0,,,,,,
211.320,,0,0,0,0,,,,,,
211.340,,0,0,0,0,,,,,,
211.360,,0,0,0,0,,,,,,
211.380,,0,0,0,0,,,,,,
211.400,,0,0,0,0,,,,,,
211.420,,0,0,0,0,,,,,,
211.440,,0,0,0,0,,,,,,
211.460,,0,0,0,0,,,,,,
211.480,,0,0,0,0,,,,,,
211.500,,0,0,0,0,,,,,,
211.520,,0,0,0,0,,,,,,
211.540,,0,0,0,0,,,,,,
211.560,,0,0,0,0,,,,,,
211.580,,0,0,0,0,,,,,,
211.600,,0,0,0,0,,,,,,
211.620,,0,0,0,0,,,,,,
211.640,,0,0,0,0,,,,,,
211.660,,0,0,0,0,,,,,,
211.680,,0,0,0,0,,,,,,
211.700,,0,0,0,0,,,,,,
211.720,,0,0,0,0,,,,,,
211.740,,0,0,0,0,,,,,,
211.760,,0,0,0,0,,,,,,
211.780,,0,0,0,0,,,,,,
211.800,,0,0,0,0,,,,,,
211.820,,0,0,0,0,,,,,,
211.840,,0,0,0,0,,,,,,
211.860,,0,0,0,0,,,,,,
211.880,,0,0,0,0,,,,,,
211.900,,0,0,0,0,,,,,,
211.920,,0,0,0,0,,,,,,
211.940,,0,0,0,0,,,,,,
211.960,,0,0,0,0,,,,,,
211.980,,0,0,0,0,,,,,,
212.000,,0,0,0,0,,,,,,
212.020,,0,0,0,0,,,,,,
212.040,,0,0,0,0,,,,,,
212.060,,0,0,0,0,,,,,,
212.080,,0,0,0,0,,,,,,
212.100,,0,0,0,0,,,,,,
212.120,,0,0,0,0,,,,,,
212.140,,0,0,0,0,,,,,,
212.160,,0,0,0,0,,,,,,
212.180,,0,0,0,0,,,,,,
212.200,,0,0,0,0,,,,,,
212.220,,0,0,0,0,,,,,,
212.240,,0,0,0,0,,,,,,
212.260,,0,0,0,0,,,,,,
212.280,,0,0,0,0,,,,,,
212.300,,0,0,0,0,,,,,,
212.320,,0,0,0,0,,,,,,
212.340,,0,0,0,0,,,,,,
212.360,,0,0,0,0,,,,,,
212.380,,0,0,0,0,,,,,,
212.400,,0,0,0,0,,,,,,
212.420,,0,0,0,0,,,,,,
212.440,,0,0,0,0,,,,,,
212.460,,0,0,0,0,,,,,,
212.480,,0,0,0,0,,,,,,
212.500,,0,0,0,0,,,,,,
212.520,,0,0,0,0,,,,,,
212.540,,0,0,0,0,,,,,,
212.560,,0,0,0,0,,,,,,
212.580,,0,0,0,0,,,,,,
212.600,,0,0,0,0,,,,,,
212.620,,0,0,0,0,,,,,,
212.640,,0,0,0,0,,,,,,
212.660,,0,0,0,0,,,,,,
212.680,,0,0,0,0,,,,,,
212.700,,0,0,0,0,,,,,,
212.720,,0,0,0,0,,,,,,
212.740,,0,0,0,0,,,,,,
212.760,,0,0,0,0,,,,,,
212.780,,0,0,0,0,,,,,,
212.800,,0,0,0,0,,,,,,
212.820,,0,0,0,0,,,,,,
212.840,,0,0,0,0,,,,,,
212.860,,0,0,0,0,,,,,,
212.880,,0,0,0,0,,,,,,
212.900,,0,0,0,0,,,,,,
212.920,,0,0,0,0,,,,,,
212.940,,0,0,0,0,,,,,,
212.960,,0,0,0,0,,,,,,
212.980,,0,0,0,0,,,,,,
213.000,,0,0,0,0,,,,,,
213.020,,0,0,0,0,,,,,,
213.040,,0,0,0,0,,,,,,
213.060,,0,0,0,0,,,,,,
213.080,,0,0,0,0,,,,,,
213.100,,0,0,0,0,,,,,,
213.120,,0,0,0,0,,,,,,
213.140,,0,0,0,0,,,,,,
213.160,,0,0,0,0,,,,,,
213.180,,0,0,0,0,,,,,,
213.200,,0,0,0,0,,,,,,
213.220,,0,0,0,0,,,,,,
213.240,,0,0,0,0,,,,,,
213.260,,0,0,0,0,,,,,,
213.280,,0,0,0,0,,,,,,
213.300,,0,0,0,0,,,,,,
213.320,,0,0,0,0,,,,,,
213.340,,0,0,0,0,,,,,,
213.360,,0,0,0,0,,,,,,
213.380,,0,0,0,0,,,,,,
213.400,,0,0,0,0,,,,,,
213.420,,0,0,0,0,,,,,,
213.440,,0,0,0,0,,,,,,
213.460,,0,0,0,0,,,,,,
213.480,,0,0,0,0,,,,,,
213.500,,0,0,0,0,,,,,,
213.520,,0,0,0,0,,,,,,
213.540,,0,0,0,0,,,,,,
213.560,,0,0,0,0,,,,,,
213.580,,0,0,0,0,,,,,,
213.600,,0,0,0,0,,,,,,
213.620,,0,0,0,0,,,,,,
213.640,,0,0,0,0,,,,,,
213.660,,0,0,0,0,,,,,,
213.680,,0,0,0,0,,,,,,
213.700,,0,0,0,0,,,,,,
213.720,,0,0,0,0,,,,,,
213.740,,0,0,0,0,,,,,,
213.760,,0,0,0,0,,,,,,
213.780,,0,0,0,0,,,,,,
213.800,,0,0,0,0,,,,,,
213.820,,0,0,0,0,,,,,,
213.840,,0,0,0,0,,,,,,
213.860,,0,0,0,0,,,,,,
213.880,,0,0,0,0,,,,,,
213.900,,0,0,0,0,,,,,,
213.920,,0,0,0,0,,,,,,
213.940,,0,0,0,0,,,,,,
213.960,,0,0,0,0,,,,,,
213.980,,0,0,0,0,,,,,,
214.000,,0,0,0,0,,,,,,
214.020,,0,0,0,0,,,,,,
214.040,,0,0,0,0,,,,,,
214.060,,0,0,0,0,,,,,,
214.080,,0,0,0,0,,,,,,
214.100,,0,0,0,0,,,,,,
214.120,,0,0,0,0,,,,,,
214.140,,0,0,0,0,,,,,,
214.160,,0,0,0,0,,,,,,
214.180,,0,0,0,0,,,,,,
214.200,,0,0,0,0,,,,,,
214.220,,0,0,0,0,,,,,,
214.240,,0,0,0,0,,,,,,
214.260,,0,0,0,0,,,,,,
214.280,,0,0,0,0,,,,,,
214.300,,0,0,0,0,,,,,,
214.320,,0,0,0,0,,,,,,
214.340,,0,0,0,0,,,,,,
214.360,,0,0,0,0,,,,,,
214.380,,0,0,0,0,,,,,,
214.400,,0,0,0,0,,,,,,
214.420,,0,0,0,0,,,,,,
214.440,,0,0,0,0,,,,,,
214.460,,0,0,0,0,,,,,,
214.480,,0,0,0,0,,,,,,
214.500,,0,0,0,0,,,,,,
214.520,,0,0,0,0,,,,,,
214.540,,0,0,0,0,,,,,,
214.560,,0,0,0,0,,,,,,
214.580,,0,0,0,0,,,,,,
214.600,,0,0,0,0,,,,,,
214.620,,0,0,0,0,,,,,,
214.640,,0,0,0,0,,,,,,
214.660,,0,0,0,0,,,,,,
214.680,,0,0,0,0,,,,,,
214.700,,0,0,0,0,,,,,,
214.720,,0,0,0,0,,,,,,
214.740,,0,0,0,0,,,,,,
214.760,,0,0,0,0,,,,,,
214.780,,0,0,0,0,,,,,,
214.800,,0,0,0,0,,,,,,
214.820,,0,0,0,0,,,,,,
214.840,,0,0,0,0,,,,,,
214.860,,0,0,0,0,,,,,,
214.880,,0,0,0,0,,,,,,
214.900,,0,0,0,0,,,,,,
214.920,,0,0,0,0,,,,,,
214.940,,0,0,0,0,,,,,,
214.960,,0,0,0,0,,,,,,
214.980,,0,0,0,0,,,,,,
215.000,,0,0,0,0,,,,,,
215.020,,0,0,0,0,,,,,,
215.040,,0,0,0,0,,,,,,
215.060,,0,0,0,0,,,,,,
215.080,,0,0,0,0,,,,,,
215.100,,0,0,0,0,,,,,,
215.120,,0,0,0,0,,,,,,
215.140,,0,0,0,0,,,,,,
215.160,,0,0,0,0,,,,,,
215.180,,0,0,0,0,,,,,,
215.200,,0,0,0,0,,,,,,
215.220,,0,0,0,0,,,,,,
215.240,,0,0,0,0,,,,,,
215.260,,0,0,0,0,,,,,,
215.280,,0,0,0,0,,,,,,
215.300,,0,0,0,0,,,,,,
215.320,,0,0,0,0,,,,,,
215.340,,0,0,0,0,,,,,,
215.360,,0,0,0,0,,,,,,
215.380,,0,0,0,0,,,,,,
215.400,,0,0,0,0,,,,,,
215.420,,0,0,0,0,,,,,,
215.440,,0,0,0,0,,,,,,
215.460,,0,0,0,0,,,,,,
215.480,,0,0,0,0,,,,,,
215.500,,0,0,0,0,,,,,,
215.520,,0,0,0,0,,,,,,
215.540,,0,0,0,0,,,,,,
215.560,,0,0,0,0,,,,,,
215.580,,0,0,0,0,,,,,,
215.600,,0,0,0,0,,,,,,
215.620,,0,0,0,0,,,,,,
215.640,,0,0,0,0,,,,,,
215.660,,0,0,0,0,,,,,,
215.680,,0,0,0,0,,,,,,
215.700,,0,0,0,0,,,,,,
215.720,,0,0,0,0,,,,,,
215.740,,0,0,0,0,,,,,,
215.760,,0,0,0,0,,,,,,
215.780,,0,0,0,0,,,,,,
215.800,,0,0,0,0,,,,,,
215.820,,0,0,0,0,,,,,,
215.840,,0,0,0,0,,,,,,
215.860,,0,0,0,0,,,,,,
215.880,,0,0,0,0,,,,,,
215.900,,0,0,0,0,,,,,,
215.920,,0,0,0,0,,,,,,
215.940,,0,0,0,0,,,,,,
215.960,,0,0,0,0,,,,,,
215.980,,0,0,0,0,,,,,,
216.000,,0,0,0,0,,,,,,
216.020,,0,0,0,0,,,,,,
216.040,,0,0,0,0,,,,,,
216.060,,0,0,0,0,,,,,,
216.080,,0,0,0,0,,,,,,
216.100,,0,0,0,0,,,,,,
216.120,,0,0,0,0,,,,,,
216.140,,0,0,0,0,,,,,,
216.160,,0,0,0,0,,,,,,
216.180,,0,0,0,0,,,,,,
216.200,,0,0,0,0,,,,,,
216.220,,0,0,0,0,,,,,,
216.240,,0,0,0,0,,,,,,
216.260,,0,0,0,0,,,,,,
216.280,,0,0,0,0,,,,,,
216.300,,0,0,0,0,,,,,,
216.320,,0,0,0,0,,,,,,
216.340,,0,0,0,0,,,,,,
216.360,,0,0,0,0,,,,,,
216.380,,0,0,0,0,,,,,,
216.400,,0,0,0,0,,,,,,
216.420,,0,0,0,0,,,,,,
216.440,,0,0,0,0,,,,,,
216.460,,0,0,0,0,,,,,,
216.480,,0,0,0,0,,,,,,
216.500,,0,0,0,0,,,,,,
216.520,,0,0,0,0,,,,,,
216.540,,0,0,0,0,,,,,,
216.560,,0,0,0,0,,,,,,
216.580,,0,0,0,0,,,,,,
216.600,,0,0,0,0,,,,,,
216.620,,0,0,0,0,,,,,,
216.640,,0,0,0,0,,,,,,
216.660,,0,0,0,0,,,,,,
216.680,,0,0,0,0,,,,,,
216.700,,0,0,0,0,,,,,,
216.720,,0,0,0,0,,,,,,
216.740,,0,0,0,0,,,,,,
216.760,,0,0,0,0,,,,,,
216.780,,0,0,0,0,,,,,,
216.800,,0,0,0,0,,,,,,
216.820,,0,0,0,0,,,,,,
216.840,,0,0,0,0,,,,,,
216.860,,0,0,0,0,,,,,,
216.880,,0,0,0,0,,,,,,
216.900,,0,0,0,0,,,,,,
216.920,,0,0,0,0,,,,,,
216.940,,0,0,0,0,,,,,,
216.960,,0,0,0,0,,,,,,
216.980,,0,0,0,0,,,,,,
217.000,,0,0,0,0,,,,,,
217.020,,0,0,0,0,,,,,,
217.040,,0,0,0,0,,,,,,
217.060,,0,0,0,0,,,,,,
217.080,,0,0,0,0,,,,,,
217.100,,0,0,0,0,,,,,,
217.120,,0,0,0,0,,,,,,
217.140,,0,0,0,0,,,,,,
217.160,,0,0,0,0,,,,,,
217.180,,0,0,0,0,,,,,,
217.200,,0,0,0,0,,,,,,
217.220,,0,0,0,0,,,,,,
217.240,,0,0,0,0,,,,,,
217.260,,0,0,0,0,,,,,,
217.280,,0,0,0,0,,,,,,
217.300,,0,0,0,0,,,,,,
217.320,,0,0,0,0,,,,,,
217.340,,0,0,0,0,,,,,,
217.360,,0,0,0,0,,,,,,
217.380,,0,0,0,0,,,,,,
217.400,,0,0,0,0,,,,,,
217.420,,0,0,0,0,,,,,,
217.440,,0,0,0,0,,,,,,
217.460,,0,0,0,0,,,,,,
217.480,,0,0,0,0,,,,,,
217.500,,0,0,0,0,,,,,,
217.520,,0,0,0,0,,,,,,
217.540,,0,0,0,0,,,,,,
217.560,,0,0,0,0,,,,,,
217.580,,0,0,0,0,,,,,,
217.600,,0,0,0,0,,,,,,
217.620,,0,0,0,0,,,,,,
217.640,,0,0,0,0,,,,,,
217.660,,0,0,0,0,,,,,,
217.680,,0,0,0,0,,,,,,
217.700,,0,0,0,0,,,,,,
217.720,,0,0,0,0,,,,,,
217.740,,0,0,0,0,,,,,,
217.760,,0,0,0,0,,,,,,
217.780,,0,0,0,0,,,,,,
217.800,,0,0,0,0,,,,,,
217.820,,0,0,0,0,,,,,,
217.840,,0,0,0,0,,,,,,
217.860,,0,0,0,0,,,,,,
217.880,,0,0,0,0,,,,,,
217.900,,0,0,0,0,,,,,,
217.920,,0,0,0,0,,,,,,
217.940,,0,0,0,0,,,,,,
217.960,,0,0,0,0,,,,,,
217.980,,0,0,0,0,,,,,,
218.000,,0,0,0,0,,,,,,
218.020,,0,0,0,0,,,,,,
218.040,,0,0,0,0,,,,,,
218.060,,0,0,0,0,,,,,,
218.080,,0,0,0,0,,,,,,
218.100,,0,0,0,0,,,,,,
218.120,,0,0,0,0,,,,,,
218.140,,0,0,0,0,,,,,,
218.160,,0,0,0,0,,,,,,
218.180,,0,0,0,0,,,,,,
218.200,,0,0,0,0,,,,,,
218.220,,0,0,0,0,,,,,,
218.240,,0,0,0,0,,,,,,
218.260,,0,0,0,0,,,,,,
218.280,,0,0,0,0,,,,,,
218.300,,0,0,0,0,,,,,,
218.320,,0,0,0,0,,,,,,
218.340,,0,0,0,0,,,,,,
218.360,,0,0,0,0,,,,,,
218.380,,0,0,0,0,,,,,,
218.400,,0,0,0,0,,,,,,
218.420,,0,0,0,0,,,,,,
218.440,,0,0,0,0,,,,,,
218.460,,0,0,0,0,,,,,,
218.480,,0,0,0,0,,,,,,
218.500,,0,0,0,0,,,,,,
218.520,,0,0,0,0,,,,,,
218.540,,0,0,0,0,,,,,,
218.560,,0,0,0,0,,,,,,
218.580,,0,0,0,0,,,,,,
218.600,,0,0,0,0,,,,,,
218.620,,0,0,0,0,,,,,,
218.640,,0,0,0,0,,,,,,
218.660,,0,0,0,0,,,,,,
218.680,,0,0,0,0,,,,,,
218.700,,0,0,0,0,,,,,,
218.720,,0,0,0,0,,,,,,
218.740,,0,0,0,0,,,,,,
218.760,,0,0,0,0,,,,,,
218.780,,0,0,0,0,,,,,,
218.800,,0,0,0,0,,,,,,
218.820,,0,0,0,0,,,,,,
218.840,,0,0,0,0,,,,,,
218.860,,0,0,0,0,,,,,,
218.880,,0,0,0,0,,,,,,
218.900,,0,0,0,0,,,,,,
218.920,,0,0,0,0,,,,,,
218.940,,0,0,0,0,,,,,,
218.960,,0,0,0,0,,,,,,
218.980,,0,0,0,0,,,,,,
219.000,,0,0,0,0,,,,,,
219.020,,0,0,0,0,,,,,,
219.040,,0,0,0,0,,,,,,
219.060,,0,0,0,0,,,,,,
219.080,,0,0,0,0,,,,,,
219.100,,0,0,0,0,,,,,,
219.120,,0,0,0,0,,,,,,
219.140,,0,0,0,0,,,,,,
219.160,,0,0,0,0,,,,,,
219.180,,0,0,0,0,,,,,,
219.200,,0,0,0,0,,,,,,
219.220,,0,0,0,0,,,,,,
219.240,,0,0,0,0,,,,,,
219.260,,0,0,0,0,,,,,,
219.280,,0,0,0,0,,,,,,
219.300,,0,0,0,0,,,,,,
219.320,,0,0,0,0,,,,,,
219.340,,0,0,0,0,,,,,,
219.360,,0,0,0,0,,,,,,
219.380,,0,0,0,0,,,,,,
219.400,,0,0,0,0,,,,,,
219.420,,0,0,0,0,,,,,,
219.440,,0,0,0,0,,,,,,
219.460,,0,0,0,0,,,,,,
219.480,,0,0,0,0,,,,,,
219.500,,0,0,0,0,,,,,,
219.520,,0,0,0,0,,,,,,
219.540,,0,0,0,0,,,,,,
219.560,,0,0,0,0,,,,,,
219.580,,0,0,0,0,,,,,,
219.600,,0,0,0,0,,,,,,
219.620,,0,0,0,0,,,,,,
219.640,,0,0,0,0,,,,,,
219.660,,0,0,0,0,,,,,,
219.680,,0,0,0,0,,,,,,
219.700,,0,0,0,0,,,,,,
219.720,,0,0,0,0,,,,,,
219.740,,0,0,0,0,,,,,,
219.760,,0,0,0,0,,,,,,
219.780,,0,0,0,0,,,,,,
219.800,,0,0,0,0,,,,,,
219.820,,0,0,0,0,,,,,,
219.840,,0,0,0,0,,,,,,
219.860,,0,0,0,0,,,,,,
219.880,,0,0,0,0,,,,,,
219.900,,0,0,0,0,,,,,,
219.920,,0,0,0,0,,,,,,
219.940,,0,0,0,0,,,,,,
219.960,,0,0,0,0,,,,,,
219.980,,0,0,0,0,,,,,,
220.000,,0,0,0,0,,,,,,
220.020,,0,0,0,0,,,,,,
220.040,,0,0,0,0,,,,,,
220.060,,0,0,0,0,,,,,,
220.080,,0,0,0,0,,,,,,
220.100,,0,0,0,0,,,,,,
220.120,,0,0,0,0,,,,,,
220.140,,0,0,0,0,,,,,,
220.160,,0,0,0,0,,,,,,
220.180,,0,0,0,0,,,,,,
220.200,,0,0,0,0,,,,,,
220.220,,0,0,0,0,,,,,,
220.240,,0,0,0,0,,,,,,
220.260,,0,0,0,0,,,,,,
220.280,,0,0,0,0,,,,,,
220.300,,0,0,0,0,,,,,,
220.320,,0,0,0,0,,,,,,
220.340,,0,0,0,0,,,,,,
220.360,,0,0,0,0,,,,,,
220.380,,0,0,0,0,,,,,,
220.400,,0,0,0,0,,,,,,
220.420,,0,0,0,0,,,,,,
220.440,,0,0,0,0,,,,,,
220.460,,0,0,0,0,,,,,,
220.480,,0,0,0,0,,,,,,
220.500,,0,0,0,0,,,,,,
220.520,,0,0,0,0,,,,,,
220.540,,0,0,0,0,,,,,,
220.560,,0,0,0,0,,,,,,
220.580,,0,0,0,0,,,,,,
220.600,,0,0,0,0,,,,,,
220.620,,0,0,0,0,,,,,,
220.640,,0,0,0,0,,,,,,
220.660,,0,0,0,0,,,,,,
220.680,,0,0,0,0,,,,,,
220.700,,0,0,0,0,,,,,,
220.720,,0,0,0,0,,,,,,
220.740,,0,0,0,0,,,,,,
220.760,,0,0,0,0,,,,,,
220.780,,0,0,0,0,,,,,,
220.800,,0,0,0,0,,,,,,
220.820,,0,0,0,0,,,,,,
220.840,,0,0,0,0,,,,,,
220.860,,0,0,0,0,,,,,,
220.880,,0,0,0,0,,,,,,
220.900,,0,0,0,0,,,,,,
220.920,,0,0,0,0,,,,,,
220.940,,0,0,0,0,,,,,,
220.960,,0,0,0,0,,,,,,
220.980,,0,0,0,0,,,,,,
221.000,,0,0,0,0,,,,,,
221.020,,0,0,0,0,,,,,,
221.040,,0,0,0,0,,,,,,
221.060,,0,0,0,0,,,,,,
221.080,,0,0,0,0,,,,,,
221.100,,0,0,0,0,,,,,,
221.120,,0,0,0,0,,,,,,
221.140,,0,0,0,0,,,,,,
221.160,,0,0,0,0,,,,,,
221.180,,0,0,0,0,,,,,,
221.200,,0,0,0,0,,,,,,
221.220,,0,0,0,0,,,,,,
221.240,,0,0,0,0,,,,,,
221.260,,0,0,0,0,,,,,,
221.280,,0,0,0,0,,,,,,
221.300,,0,0,0,0,,,,,,
221.320,,0,0,0,0,,,,,,
221.340,,0,0,0,0,,,,,,
221.360,,0,0,0,0,,,,,,
221.380,,0,0,0,0,,,,,,
221.400,,0,0,0,0,,,,,,
221.420,,0,0,0,0,,,,,,
221.440,,0,0,0,0,,,,,,
221.460,,0,0,0,0,,,,,,
221.480,,0,0,0,0,,,,,,
221.500,,0,0,0,0,,,,,,
221.520,,0,0,0,0,,,,,,
221.540,,0,0,0,0,,,,,,
221.560,,0,0,0,0,,,,,,
221.580,,0,0,0,0,,,,,,
221.600,,0,0,0,0,,,,,,
221.620,,0,0,0,0,,,,,,
221.640,,0,0,0,0,,,,,,
221.660,,0,0,0,0,,,,,,
221.680,,0,0,0,0,,,,,,
221.700,,0,0,0,0,,,,,,
221.720,,0,0,0,0,,,,,,
221.740,,0,0,0,0,,,,,,
221.760,,0,0,0,0,,,,,,
221.780,,0,0,0,0,,,,,,
221.800,,0,0,0,0,,,,,,
221.820,,0,0,0,0,,,,,,
221.840,,0,0,0,0,,,,,,
221.860,,0,0,0,0,,,,,,
221.880,,0,0,0,0,,,,,,
221.900,,0,0,0,0,,,,,,
221.920,,0,0,0,0,,,,,,
221.940,,0,0,0,0,,,,,,
221.960,,0,0,0,0,,,,,,
221.980,,0,0,0,0,,,,,,
222.000,,0,0,0,0,,,,,,
222.020,,0,0,0,0,,,,,,
222.040,,0,0,0,0,,,,,,
222.060,,0,0,0,0,,,,,,
222.080,,0,0,0,0,,,,,,
222.100,,0,0,0,0,,,,,,
222.120,,0,0,0,0,,,,,,
222.140,,0,0,0,0,,,,,,
222.160,,0,0,0,0,,,,,,
222.180,,0,0,0,0,,,,,,
222.200,,0,0,0,0,,,,,,
222.220,,0,0,0,0,,,,,,
222.240,,0,0,0,0,,,,,,
222.260,,0,0,0,0,,,,,,
222.280,,0,0,0,0,,,,,,
222.300,,0,0,0,0,,,,,,
222.320,,0,0,0,0,,,,,,
222.340,,0,0,0,0,,,,,,
222.360,,0,0,0,0,,,,,,
222.380,,0,0,0,0,,,,,,
222.400,,0,0,0,0,,,,,,
222.420,,0,0,0,0,,,,,,
222.440,,0,0,0,0,,,,,,
222.460,,0,0,0,0,,,,,,
222.480,,0,0,0,0,,,,,,
222.500,,0,0,0,0,,,,,,
222.520,,0,0,0,0,,,,,,
222.540,,0,0,0,0,,,,,,
222.560,,0,0,0,0,,,,,,
222.580,,0,0,0,0,,,,,,
222.600,,0,0,0,0,,,,,,
222.620,,0,0,0,0,,,,,,
222.640,,0,0,0,0,,,,,,
222.660,,0,0,0,0,,,,,,
222.680,,0,0,0,0,,,,,,
222.700,,0,0,0,0,,,,,,
222.720,,0,0,0,0,,,,,,
222.740,,0,0,0,0,,,,,,
222.760,,0,0,0,0,,,,,,
222.780,,0,0,0,0,,,,,,
222.800,,0,0,0,0,,,,,,
222.820,,0,0,0,0,,,,,,
222.840,,0,0,0,0,,,,,,
222.860,,0,0,0,0,,,,,,
222.880,,0,0,0,0,,,,,,
222.900,,0,0,0,0,,,,,,
222.920,,0,0,0,0,,,,,,
222.940,,0,0,0,0,,,,,,
222.960,,0,0,0,0,,,,,,
222.980,,0,0,0,0,,,,,,
223.000,,0,0,0,0,,,,,,
223.020,,0,0,0,0,,,,,,
223.040,,0,0,0,0,,,,,,
223.060,,0,0,0,0,,,,,,
223.080,,0,0,0,0,,,,,,
223.100,,0,0,0,0,,,,,,
223.120,,0,0,0,0,,,,,,
223.140,,0,0,0,0,,,,,,
223.160,,0,0,0,0,,,,,,
223.180,,0,0,0,0,,,,,,
223.200,,0,0,0,0,,,,,,
223.220,,0,0,0,0,,,,,,
223.240,,0,0,0,0,,,,,,
223.260,,0,0,0,0,,,,,,
223.280,,0,0,0,0,,,,,,
223.300,,0,0,0,0,,,,,,
223.320,,0,0,0,0,,,,,,
223.340,,0,0,0,0,,,,,,
223.360,,0,0,0,0,,,,,,
223.380,,0,0,0,0,,,,,,
223.400,,0,0,0,0,,,,,,
223.420,,0,0,0,0,,,,,,
223.440,,0,0,0,0,,,,,,
223.460,,0,0,0,0,,,,,,
223.480,,0,0,0,0,,,,,,
223.500,,0,0,0,0,,,,,,
223.520,,0,0,0,0,,,,,,
223.540,,0,0,0,0,,,,,,
223.560,,0,0,0,0,,,,,,
223.580,,0,0,0,0,,,,,,
223.600,,0,0,0,0,,,,,,
223.620,,0,0,0,0,,,,,,
223.640,,0,0,0,0,,,,,,
223.660,,0,0,0,0,,,,,,
223.680,,0,0,0,0,,,,,,
223.700,,0,0,0,0,,,,,,
223.720,,0,0,0,0,,,,,,
223.740,,0,0,0,0,,,,,,
223.760,,0,0,0,0,,,,,,
223.780,,0,0,0,0,,,,,,
223.800,,0,0,0,0,,,,,,
223.820,,0,0,0,0,,,,,,
223.840,,0,0,0,0,,,,,,
223.860,,0,0,0,0,,,,,,
223.880,,0,0,0,0,,,,,,
223.900,,0,0,0,0,,,,,,
223.920,,0,0,0,0,,,,,,
223.940,,0,0,0,0,,,,,,
223.960,,0,0,0,0,,,,,,
223.980,,0,0,0,0,,,,,,
224.000,,0,0,0,0,,,,,,
224.020,,0,0,0,0,,,,,,
224.040,,0,0,0,0,,,,,,
224.060,,0,0,0,0,,,,,,
224.080,,0,0,0,0,,,,,,
224.100,,0,0,0,0,,,,,,
224.120,,0,0,0,0,,,,,,
224.140,,0,0,0,0,,,,,,
224.160,,0,0,0,0,,,,,,
224.180,,0,0,0,0,,,,,,
224.200,,0,0,0,0,,,,,,
224.220,,0,0,0,0,,,,,,
224.240,,0,0,0,0,,,,,,
224.260,,0,0,0,0,,,,,,
224.280,,0,0,0,0,,,,,,
224.300,,0,0,0,0,,,,,,
224.320,,0,0,0,0,,,,,,
224.340,,0,0,0,0,,,,,,
224.360,,0,0,0,0,,,,,,
224.380,,0,0,0,0,,,,,,
224.400,,0,0,0,0,,,,,,
224.420,,0,0,0,0,,,,,,
224.440,,0,0,0,0,,,,,,
224.460,,0,0,0,0,,,,,,
224.480,,0,0,0,0,,,,,,
224.500,,0,0,0,0,,,,,,
224.520,,0,0,0,0,,,,,,
224.540,,0,0,0,0,,,,,,
224.560,,0,0,0,0,,,,,,
224.580,,0,0,0,0,,,,,,
224.600,,0,0,0,0,,,,,,
224.620,,0,0,0,0,,,,,,
224.640,,0,0,0,0,,,,,,
224.660,,0,0,0,0,,,,,,
224.680,,0,0,0,0,,,,,,
224.700,,0,0,0,0,,,,,,
224.720,,0,0,0,0,,,,,,
224.740,,0,0,0,0,,,,,,
224.760,,0,0,0,0,,,,,,
224.780,,0,0,0,0,,,,,,
224.800,,0,0,0,0,,,,,,
224.820,,0,0,0,0,,,,,,
224.840,,0,0,0,0,,,,,,
224.860,,0,0,0,0,,,,,,
224.880,,0,0,0,0,,,,,,
224.900,,0,0,0,0,,,,,,
224.920,,0,0,0,0,,,,,,
224.940,,0,0,0,0,,,,,,
224.960,,0,0,0,0,,,,,,
224.980,,0,0,0,0,,,,,,
225.000,,0,0,0,0,,,,,,
225.020,,0,0,0,0,,,,,,
225.040,,0,0,0,0,,,,,,
225.060,,0,0,0,0,,,,,,
225.080,,0,0,0,0,,,,,,
225.100,,0,0,0,0,,,,,,
225.120,,0,0,0,0,,,,,,
225.140,,0,0,0,0,,,,,,
225.160,,0,0,0,0,,,,,,
225.180,,0,0,0,0,,,,,,
225.200,,0,0,0,0,,,,,,
225.220,,0,0,0,0,,,,,,
225.240,,0,0,0,0,,,,,,
225.260,,0,0,0,0,,,,,,
225.280,,0,0,0,0,,,,,,
225.300,,0,0,0,0,,,,,,
225.320,,0,0,0,0,,,,,,
225.340,,0,0,0,0,,,,,,
225.360,,0,0,0,0,,,,,,
225.380,,0,0,0,0,,,,,,
225.400,,0,0,0,0,,,,,,
225.420,,0,0,0,0,,,,,,
225.440,,0,0,0,0,,,,,,
225.460,,0,0,0,0,,,,,,
225.480,,0,0,0,0,,,,,,
225.500,,0,0,0,0,,,,,,
225.520,,0,0,0,0,,,,,,
225.540,,0,0,0,0,,,,,,
225.560,,0,0,0,0,,,,,,
225.580,,0,0,0,0,,,,,,
225.600,,0,0,0,0,,,,,,
225.620,,0,0,0,0,,,,,,
225.640,,0,0,0,0,,,,,,
225.660,,0,0,0,0,,,,,,
225.680,,0,0,0,0,,,,,,
225.700,,0,0,0,0,,,,,,
225.720,,0,0,0,0,,,,,,
225.740,,0,0,0,0,,,,,,
225.760,,0,0,0,0,,,,,,
225.780,,0,0,0,0,,,,,,
225.800,,0,0,0,0,,,,,,
225.820,,0,0,0,0,,,,,,
225.840,,0,0,0,0,,,,,,
225.860,,0,0,0,0,,,,,,
225.880,,0,0,0,0,,,,,,
225.900,,0,0,0,0,,,,,,
225.920,,0,0,0,0,,,,,,
225.940,,0,0,0,0,,,,,,
225.960,,0,0,0,0,,,,,,
225.980,,0,0,0,0,,,,,,
226.000,,0,0,0,0,,,,,,
226.020,,0,0,0,0,,,,,,
226.040,,0,0,0,0,,,,,,
226.060,,0,0,0,0,,,,,,
226.080,,0,0,0,0,,,,,,
226.100,,0,0,0,0,,,,,,
226.120,,0,0,0,0,,,,,,
226.140,,0,0,0,0,,,,,,
226.160,,0,0,0,0,,,,,,
226.180,,0,0,0,0,,,,,,
226.200,,0,0,0,0,,,,,,
226.220,,0,0,0,0,,,,,,
226.240,,0,0,0,0,,,,,,
226.260,,0,0,0,0,,,,,,
226.280,,0,0,0,0,,,,,,
226.300,,0,0,0,0,,,,,,
226.320,,0,0,0,0,,,,,,
226.340,,0,0,0,0,,,,,,
226.360,,0,0,0,0,,,,,,
226.380,,0,0,0,0,,,,,,
226.400,,0,0,0,0,,,,,,
226.420,,0,0,0,0,,,,,,
226.440,,0,0,0,0,,,,,,
226.460,,0,0,0,0,,,,,,
226.480,,0,0,0,0,,,,,,
226.500,,0,0,0,0,,,,,,
226.520,,0,0,0,0,,,,,,
226.540,,0,0,0,0,,,,,,
226.560,,0,0,0,0,,,,,,
226.580,,0,0,0,0,,,,,,
226.600,,0,0,0,0,,,,,,
226.620,,0,0,0,0,,,,,,
226.640,,0,0,0,0,,,,,,
226.660,,0,0,0,0,,,,,,
226.680,,0,0,0,0,,,,,,
226.700,,0,0,0,0,,,,,,
226.720,,0,0,0,0,,,,,,
226.740,,0,0,0,0,,,,,,
226.760,,0,0,0,0,,,,,,
226.780,,0,0,0,0,,,,,,
226.800,,0,0,0,0,,,,,,
226.820,,0,0,0,0,,,,,,
226.840,,0,0,0,0,,,,,,
226.860,,0,0,0,0,,,,,,
226.880,,0,0,0,0,,,,,,
226.900,,0,0,0,0,,,,,,
226.920,,0,0,0,0,,,,,,
226.940,,0,0,0,0,,,,,,
226.960,,0,0,0,0,,,,,,
226.980,,0,0,0,0,,,,,,
227.000,,0,0,0,0,,,,,,
227.020,,0,0,0,0,,,,,,
227.040,,0,0,0,0,,,,,,
227.060,,0,0,0,0,,,,,,
227.080,,0,0,0,0,,,,,,
227.100,,0,0,0,0,,,,,,
227.120,,0,0,0,0,,,,,,
227.140,,0,0,0,0,,,,,,
227.160,,0,0,0,0,,,,,,
227.180,,0,0,0,0,,,,,,
227.200,,0,0,0,0,,,,,,
227.220,,0,0,0,0,,,,,,
227.240,,0,0,0,0,,,,,,
227.260,,0,0,0,0,,,,,,
227.280,,0,0,0,0,,,,,,
227.300,,0,0,0,0,,,,,,
227.320,,0,0,0,0,,,,,,
227.340,,0,0,0,0,,,,,,
227.360,,0,0,0,0,,,,,,
227.380,,0,0,0,0,,,,,,
227.400,,0,0,0,0,,,,,,
227.420,,0,0,0,0,,,,,,
227.440,,0,0,0,0,,,,,,
227.460,,0,0,0,0,,,,,,
227.480,,0,0,0,0,,,,,,
227.500,,0,0,0,0,,,,,,
227.520,,0,0,0,0,,,,,,
227.540,,0,0,0,0,,,,,,
227.560,,0,0,0,0,,,,,,
227.580,,0,0,0,0,,,,,,
227.600,,0,0,0,0,,,,,,
227.620,,0,0,0,0,,,,,,
227.640,,0,0,0,0,,,,,,
227.660,,0,0,0,0,,,,,,
227.680,,0,0,0,0,,,,,,
227.700,,0,0,0,0,,,,,,
227.720,,0,0,0,0,,,,,,
227.740,,0,0,0,0,,,,,,
227.760,,0,0,0,0,,,,,,
227.780,,0,0,0,0,,,,,,
227.800,,0,0,0,0,,,,,,
227.820,,0,0,0,0,,,,,,
227.840,,0,0,0,0,,,,,,
227.860,,0,0,0,0,,,,,,
227.880,,0,0,0,0,,,,,,
227.900,,0,0,0,0,,,,,,
227.920,,0,0,0,0,,,,,,
227.940,,0,0,0,0,,,,,,
227.960,,0,0,0,0,,,,,,
227.980,,0,0,0,0,,,,,,
228.000,,0,0,0,0,,,,,,
228.020,,0,0,0,0,,,,,,
228.040,,0,0,0,0,,,,,,
228.060,,0,0,0,0,,,,,,
228.080,,0,0,0,0,,,,,,
228.100,,0,0,0,0,,,,,,
228.120,,0,0,0,0,,,,,,
228.140,,0,0,0,0,,,,,,
228.160,,0,0,0,0,,,,,,
228.180,,0,0,0,0,,,,,,
228.200,,0,0,0,0,,,,,,
228.220,,0,0,0,0,,,,,,
228.240,,0,0,0,0,,,,,,
228.260,,0,0,0,0,,,,,,
228.280,,0,0,0,0,,,,,,
228.300,,0,0,0,0,,,,,,
228.320,,0,0,0,0,,,,,,
228.340,,0,0,0,0,,,,,,
228.360,,0,0,0,0,,,,,,
228.380,,0,0,0,0,,,,,,
228.400,,0,0,0,0,,,,,,
228.420,,0,0,0,0,,,,,,
228.440,,0,0,0,0,,,,,,
228.460,,0,0,0,0,,,,,,
228.480,,0,0,0,0,,,,,,
228.500,,0,0,0,0,,,,,,
228.520,,0,0,0,0,,,,,,
228.540,,0,0,0,0,,,,,,
228.560,,0,0,0,0,,,,,,
228.580,,0,0,0,0,,,,,,
228.600,,0,0,0,0,,,,,,
228.620,,0,0,0,0,,,,,,
228.640,,0,0,0,0,,,,,,
228.660,,0,0,0,0,,,,,,
228.680,,0,0,0,0,,,,,,
228.700,,0,0,0,0,,,,,,
228.720,,0,0,0,0,,,,,,
228.740,,0,0,0,0,,,,,,
228.760,,0,0,0,0,,,,,,
228.780,,0,0,0,0,,,,,,
228.800,,0,0,0,0,,,,,,
228.820,,0,0,0,0,,,,,,
228.840,,0,0,0,0,,,,,,
228.860,,0,0,0,0,,,,,,
228.880,,0,0,0,0,,,,,,
228.900,,0,0,0,0,,,,,,
228.920,,0,0,0,0,,,,,,
228.940,,0,0,0,0,,,,,,
228.960,,0,0,0,0,,,,,,
228.980,,0,0,0,0,,,,,,
229.000,,0,0,0,0,,,,,,
229.020,,0,0,0,0,,,,,,
229.040,,0,0,0,0,,,,,,
229.060,,0,0,0,0,,,,,,
229.080,,0,0,0,0,,,,,,
229.100,,0,0,0,0,,,,,,
229.120,,0,0,0,0,,,,,,
229.140,,0,0,0,0,,,,,,
229.160,,0,0,0,0,,,,,,
229.180,,0,0,0,0,,,,,,
229.200,,0,0,0,0,,,,,,
229.220,,0,0,0,0,,,,,,
229.240,,0,0,0,0,,,,,,
229.260,,0,0,0,0,,,,,,
229.280,,0,0,0,0,,,,,,
229.300,,0,0,0,0,,,,,,
229.320,,0,0,0,0,,,,,,
229.340,,0,0,0,0,,,,,,
229.360,,0,0,0,0,,,,,,
229.380,,0,0,0,0,,,,,,
229.400,,0,0,0,0,,,,,,
229.420,,0,0,0,0,,,,,,
229.440,,0,0,0,0,,,,,,
229.460,,0,0,0,0,,,,,,
229.480,,0,0,0,0,,,,,,
229.500,,0,0,0,0,,,,,,
229.520,,0,0,0,0,,,,,,
229.540,,0,0,0,0,,,,,,
229.560,,0,0,0,0,,,,,,
229.580,,0,0,0,0,,,,,,
229.600,,0,0,0,0,,,,,,
229.620,,0,0,0,0,,,,,,
229.640,,0,0,0,0,,,,,,
229.660,,0,0,0,0,,,,,,
229.680,,0,0,0,0,,,,,,
229.700,,0,0,0,0,,,,,,
229.720,,0,0,0,0,,,,,,
229.740,,0,0,0,0,,,,,,
229.760,,0,0,0,0,,,,,,
229.780,,0,0,0,0,,,,,,
229.800,,0,0,0,0,,,,,,
229.820,,0,0,0,0,,,,,,
229.840,,0,0,0,0,,,,,,
229.860,,0,0,0,0,,,,,,
229.880,,0,0,0,0,,,,,,
229.900,,0,0,0,0,,,,,,
229.920,,0,0,0,0,,,,,,
229.940,,0,0,0,0,,,,,,
229.960,,0,0,0,0,,,,,,
229.980,,0,0,0,0,,,,,,
230.000,,0,0,0,0,,,,,,
230.020,,0,0,0,0,,,,,,
230.040,,0,0,0,0,,,,,,
230.060,,0,0,0,0,,,,,,
230.080,,0,0,0,0,,,,,,
230.100,,0,0,0,0,,,,,,
230.120,,0,0,0,0,,,,,,
230.140,,0,0,0,0,,,,,,
230.160,,0,0,0,0,,,,,,
230.180,,0,0,0,0,,,,,,
230.200,,0,0,0,0,,,,,,
230.220,,0,0,0,0,,,,,,
230.240,,0,0,0,0,,,,,,
230.260,,0,0,0,0,,,,,,
230.280,,0,0,0,0,,,,,,
230.300,,0,0,0,0,,,,,,
230.320,,0,0,0,0,,,,,,
230.340,,0,0,0,0,,,,,,
230.360,,0,0,0,0,,,,,,
230.380,,0,0,0,0,,,,,,
230.400,,0,0,0,0,,,,,,
230.420,,0,0,0,0,,,,,,
230.440,,0,0,0,0,,,,,,
230.460,,0,0,0,0,,,,,,
230.480,,0,0,0,0,,,,,,
230.500,,0,0,0,0,,,,,,
230.520,,0,0,0,0,,,,,,
230.540,,0,0,0,0,,,,,,
230.560,,0,0,0,0,,,,,,
230.580,,0,0,0,0,,,,,,
230.600,,0,0,0,0,,,,,,
230.620,,0,0,0,0,,,,,,
230.640,,0,0,0,0,,,,,,
230.660,,0,0,0,0,,,,,,
230.680,,0,0,0,0,,,,,,
230.700,,0,0,0,0,,,,,,
230.720,,0,0,0,0,,,,,,
230.740,,0,0,0,0,,,,,,
230.760,,0,0,0,0,,,,,,
230.780,,0,0,0,0,,,,,,
230.800,,0,0,0,0,,,,,,
230.820,,0,0,0,0,,,,,,
230.840,,0,0,0,0,,,,,,
230.860,,0,0,0,0,,,,,,
230.880,,0,0,0,0,,,,,,
230.900,,0,0,0,0,,,,,,
230.920,,0,0,0,0,,,,,,
230.940,,0,0,0,0,,,,,,
230.960,,0,0,0,0,,,,,,
230.980,,0,0,0,0,,,,,,
231.000,,0,0,0,0,,,,,,
231.020,,0,0,0,0,,,,,,
231.040,,0,0,0,0,,,,,,
231.060,,0,0,0,0,,,,,,
231.080,,0,0,0,0,,,,,,
231.100,,0,0,0,0,,,,,,
231.120,,0,0,0,0,,,,,,
231.140,,0,0,0,0,,,,,,
231.160,,0,0,0,0,,,,,,
231.180,,0,0,0,0,,,,,,
231.200,,0,0,0,0,,,,,,
231.220,,0,0,0,0,,,,,,
231.240,,0,0,0,0,,,,,,
231.260,,0,0,0,0,,,,,,
231.280,,0,0,0,0,,,,,,
231.300,,0,0,0,0,,,,,,
231.320,,0,0,0,0,,,,,,
231.340,,0,0,0,0,,,,,,
231.360,,0,0,0,0,,,,,,
231.380,,0,0,0,0,,,,,,
231.400,,0,0,0,0,,,,,,
231.420,,0,0,0,0,,,,,,
231.440,,0,0,0,0,,,,,,
231.460,,0,0,0,0,,,,,,
231.480,,0,0,0,0,,,,,,
231.500,,0,0,0,0,,,,,,
231.520,,0,0,0,0,,,,,,
231.540,,0,0,0,0,,,,,,
231.560,,0,0,0,0,,,,,,
231.580,,0,0,0,0,,,,,,
231.600,,0,0,0,0,,,,,,
231.620,,0,0,0,0,,,,,,
231.640,,0,0,0,0,,,,,,
231.660,,0,0,0,0,,,,,,
231.680,,0,0,0,0,,,,,,
231.700,,0,0,0,0,,,,,,
231.720,,0,0,0,0,,,,,,
231.740,,0,0,0,0,,,,,,
231.760,,0,0,0,0,,,,,,
231.780,,0,0,0,0,,,,,,
231.800,,0,0,0,0,,,,,,
231.820,,0,0,0,0,,,,,,
231.840,,0,0,0,0,,,,,,
231.860,,0,0,0,0,,,,,,
231.880,,0,0,0,0,,,,,,
231.900,,0,0,0,0,,,,,,
231.920,,0,0,0,0,,,,,,
231.940,,0,0,0,0,,,,,,
231.960,,0,0,0,0,,,,,,
231.980,,0,0,0,0,,,,,,
232.000,,0,0,0,0,,,,,,
232.020,,0,0,0,0,,,,,,
232.040,,0,0,0,0,,,,,,
232.060,,0,0,0,0,,,,,,
232.080,,0,0,0,0,,,,,,
232.100,,0,0,0,0,,,,,,
232.120,,0,0,0,0,,,,,,
232.140,,0,0,0,0,,,,,,
232.160,,0,0,0,0,,,,,,
232.180,,0,0,0,0,,,,,,
232.200,,0,0,0,0,,,,,,
232.220,,0,0,0,0,,,,,,
232.240,,0,0,0,0,,,,,,
232.260,,0,0,0,0,,,,,,
232.280,,0,0,0,0,,,,,,
232.300,,0,0,0,0,,,,,,
232.320,,0,0,0,0,,,,,,
232.340,,0,0,0,0,,,,,,
232.360,,0,0,0,0,,,,,,
232.380,,0,0,0,0,,,,,,
232.400,,0,0,0,0,,,,,,
232.420,,0,0,0,0,,,,,,
232.440,,0,0,0,0,,,,,,
232.460,,0,0,0,0,,,,,,
232.480,,0,0,0,0,,,,,,
232.500,,0,0,0,0,,,,,,
232.520,,0,0,0,0,,,,,,
232.540,,0,0,0,0,,,,,,
232.560,,0,0,0,0,,,,,,
232.580,,0,0,0,0,,,,,,
232.600,,0,0,0,0,,,,,,
232.620,,0,0,0,0,,,,,,
232.640,,0,0,0,0,,,,,,
232.660,,0,0,0,0,,,,,,
232.680,,0,0,0,0,,,,,,
232.700,,0,0,0,0,,,,,,
232.720,,0,0,0,0,,,,,,
232.740,,0,0,0,0,,,,,,
232.760,,0,0,0,0,,,,,,
232.780,,0,0,0,0,,,,,,
232.800,,0,0,0,0,,,,,,
232.820,,0,0,0,0,,,,,,
232.840,,0,0,0,0,,,,,,
232.860,,0,0,0,0,,,,,,
232.880,,0,0,0,0,,,,,,
232.900,,0,0,0,0,,,,,,
232.920,,0,0,0,0,,,,,,
232.940,,0,0,0,0,,,,,,
232.960,,0,0,0,0,,,,,,
232.980,,0,0,0,0,,,,,,
233.000,,0,0,0,0,,,,,,
233.020,,0,0,0,0,,,,,,
233.040,,0,0,0,0,,,,,,
233.060,,0,0,0,0,,,,,,
233.080,,0,0,0,0,,,,,,
233.100,,0,0,0,0,,,,,,
233.120,,0,0,0,0,,,,,,
233.140,,0,0,0,0,,,,,,
233.160,,0,0,0,0,,,,,,
233.180,,0,0,0,0,,,,,,
233.200,,0,0,0,0,,,,,,
233.220,,0,0,0,0,,,,,,
233.240,,0,0,0,0,,,,,,
233.260,,0,0,0,0,,,,,,
233.280,,0,0,0,0,,,,,,
233.300,,0,0,0,0,,,,,,
233.320,,0,0,0,0,,,,,,
233.340,,0,0,0,0,,,,,,
233.360,,0,0,0,0,,,,,,
233.380,,0,0,0,0,,,,,,
233.400,,0,0,0,0,,,,,,
233.420,,0,0,0,0,,,,,,
233.440,,0,0,0,0,,,,,,
233.460,,0,0,0,0,,,,,,
233.480,,0,0,0,0,,,,,,
233.500,,0,0,0,0,,,,,,
233.520,,0,0,0,0,,,,,,
233.540,,0,0,0,0,,,,,,
233.560,,0,0,0,0,,,,,,
233.580,,0,0,0,0,,,,,,
233.600,,0,0,0,0,,,,,,
233.620,,0,0,0,0,,,,,,
233.640,,0,0,0,0,,,,,,
233.660,,0,0,0,0,,,,,,
233.680,,0,0,0,0,,,,,,
233.700,,0,0,0,0,,,,,,
233.720,,0,0,0,0,,,,,,
233.740,,0,0,0,0,,,,,,
233.760,,0,0,0,0,,,,,,
233.780,,0,0,0,0,,,,,,
233.800,,0,0,0,0,,,,,,
233.820,,0,0,0,0,,,,,,
233.840,,0,0,0,0,,,,,,
233.860,,0,0,0,0,,,,,,
233.880,,0,0,0,0,,,,,,
233.900,,0,0,0,0,,,,,,
233.920,,0,0,0,0,,,,,,
233.940,,0,0,0,0,,,,,,
233.960,,0,0,0,0,,,,,,
233.980,,0,0,0,0,,,,,,
234.000,,0,0,0,0,,,,,,
234.020,,0,0,0,0,,,,,,
234.040,,0,0,0,0,,,,,,
234.060,,0,0,0,0,,,,,,
234.080,,0,0,0,0,,,,,,
234.100,,0,0,0,0,,,,,,
234.120,,0,0,0,0,,,,,,
234.140,,0,0,0,0,,,,,,
234.160,,0,0,0,0,,,,,,
234.180,,0,0,0,0,,,,,,
234.200,,0,0,0,0,,,,,,
234.220,,0,0,0,0,,,,,,
234.240,,0,0,0,0,,,,,,
234.260,,0,0,0,0,,,,,,
234.280,,0,0,0,0,,,,,,
234.300,,0,0,0,0,,,,,,
234.320,,0,0,0,0,,,,,,
234.340,,0,0,0,0,,,,,,
234.360,,0,0,0,0,,,,,,
234.380,,0,0,0,0,,,,,,
234.400,,0,0,0,0,,,,,,
234.420,,0,0,0,0,,,,,,
234.440,,0,0,0,0,,,,,,
234.460,,0,0,0,0,,,,,,
234.480,,0,0,0,0,,,,,,
234.500,,0,0,0,0,,,,,,
234.520,,0,0,0,0,,,,,,
234.540,,0,0,0,0,,,,,,
234.560,,0,0,0,0,,,,,,
234.580,,0,0,0,0,,,,,,
234.600,,0,0,0,0,,,,,,
234.620,,0,0,0,0,,,,,,
234.640,,0,0,0,0,,,,,,
234.660,,0,0,0,0,,,,,,
234.680,,0,0,0,0,,,,,,
234.700,,0,0,0,0,,,,,,
234.720,,0,0,0,0,,,,,,
234.740,,0,0,0,0,,,,,,
234.760,,0,0,0,0,,,,,,
234.780,,0,0,0,0,,,,,,
234.800,,0,0,0,0,,,,,,
234.820,,0,0,0,0,,,,,,
234.840,,0,0,0,0,,,,,,
234.860,,0,0,0,0,,,,,,
234.880,,0,0,0,0,,,,,,
234.900,,0,0,0,0,,,,,,
234.920,,0,0,0,0,,,,,,
234.940,,0,0,0,0,,,,,,
234.960,,0,0,0,0,,,,,,
234.980,,0,0,0,0,,,,,,
235.000,,0,0,0,0,,,,,,
235.020,,0,0,0,0,,,,,,
235.040,,0,0,0,0,,,,,,
235.060,,0,0,0,0,,,,,,
235.080,,0,0,0,0,,,,,,
235.100,,0,0,0,0,,,,,,
235.120,,0,0,0,0,,,,,,
235.140,,0,0,0,0,,,,,,
235.160,,0,0,0,0,,,,,,
235.180,,0,0,0,0,,,,,,
235.200,,0,0,0,0,,,,,,
235.220,,0,0,0,0,,,,,,
235.240,,0,0,0,0,,,,,,
235.260,,0,0,0,0,,,,,,
235.280,,0,0,0,0,,,,,,
235.300,,0,0,0,0,,,,,,
235.320,,0,0,0,0,,,,,,
235.340,,0,0,0,0,,,,,,
235.360,,0,0,0,0,,,,,,
235.380,,0,0,0,0,,,,,,
235.400,,0,0,0,0,,,,,,
235.420,,0,0,0,0,,,,,,
235.440,,0,0,0,0,,,,,,
235.460,,0,0,0,0,,,,,,
235.480,,0,0,0,0,,,,,,
235.500,,0,0,0,0,,,,,,
235.520,,0,0,0,0,,,,,,
235.540,,0,0,0,0,,,,,,
235.560,,0,0,0,0,,,,,,
235.580,,0,0,0,0,,,,,,
235.600,,0,0,0,0,,,,,,
235.620,,0,0,0,0,,,,,,
235.640,,0,0,0,0,,,,,,
235.660,,0,0,0,0,,,,,,
235.680,,0,0,0,0,,,,,,
235.700,,0,0,0,0,,,,,,
235.720,,0,0,0,0,,,,,,
235.740,,0,0,0,0,,,,,,
235.760,,0,0,0,0,,,,,,
235.780,,0,0,0,0,,,,,,
235.800,,0,0,0,0,,,,,,
235.820,,0,0,0,0,,,,,,
235.840,,0,0,0,0,,,,,,
235.860,,0,0,0,0,,,,,,
235.880,,0,0,0,0,,,,,,
235.900,,0,0,0,0,,,,,,
235.920,,0,0,0,0,,,,,,
235.940,,0,0,0,0,,,,,,
235.960,,0,0,0,0,,,,,,
235.980,,0,0,0,0,,,,,,
236.000,,0,0,0,0,,,,,,
236.020,,0,0,0,0,,,,,,
236.040,,0,0,0,0,,,,,,
236.060,,0,0,0,0,,,,,,
236.080,,0,0,0,0,,,,,,
236.100,,0,0,0,0,,,,,,
236.120,,0,0,0,0,,,,,,
236.140,,0,0,0,0,,,,,,
236.160,,0,0,0,0,,,,,,
236.180,,0,0,0,0,,,,,,
236.200,,0,0,0,0,,,,,,
236.220,,0,0,0,0,,,,,,
236.240,,0,0,0,0,,,,,,
236.260,,0,0,0,0,,,,,,
236.280,,0,0,0,0,,,,,,
236.300,,0,0,0,0,,,,,,
236.320,,0,0,0,0,,,,,,
236.340,,0,0,0,0,,,,,,
236.360,,0,0,0,0,,,,,,
236.380,,0,0,0,0,,,,,,
236.400,,0,0,0,0,,,,,,
236.420,,0,0,0,0,,,,,,
236.440,,0,0,0,0,,,,,,
236.460,,0,0,0,0,,,,,,
236.480,,0,0,0,0,,,,,,
236.500,,0,0,0,0,,,,,,
236.520,,0,0,0,0,,,,,,
236.540,,0,0,0,0,,,,,,
236.560,,0,0,0,0,,,,,,
236.580,,0,0,0,0,,,,,,
236.600,,0,0,0,0,,,,,,
236.620,,0,0,0,0,,,,,,
236.640,,0,0,0,0,,,,,,
236.660,,0,0,0,0,,,,,,
236.680,,0,0,0,0,,,,,,
236.700,,0,0,0,0,,,,,,
236.720,,0,0,0,0,,,,,,
236.740,,0,0,0,0,,,,,,
236.760,,0,0,0,0,,,,,,
236.780,,0,0,0,0,,,,,,
236.800,,0,0,0,0,,,,,,
236.820,,0,0,0,0,,,,,,
236.840,,0,0,0,0,,,,,,
236.860,,0,0,0,0,,,,,,
236.880,,0,0,0,0,,,,,,
236.900,,0,0,0,0,,,,,,
236.920,,0,0,0,0,,,,,,
236.940,,0,0,0,0,,,,,,
236.960,,0,0,0,0,,,,,,
236.980,,0,0,0,0,,,,,,
237.000,,0,0,0,0,,,,,,
237.020,,0,0,0,0,,,,,,
237.040,,0,0,0,0,,,,,,
237.060,,0,0,0,0,,,,,,
237.080,,0,0,0,0,,,,,,
237.100,,0,0,0,0,,,,,,
237.120,,0,0,0,0,,,,,,
237.140,,0,0,0,0,,,,,,
237.160,,0,0,0,0,,,,,,
237.180,,0,0,0,0,,,,,,
237.200,,0,0,0,0,,,,,,
237.220,,0,0,0,0,,,,,,
237.240,,0,0,0,0,,,,,,
237.260,,0,0,0,0,,,,,,
237.280,,0,0,0,0,,,,,,
237.300,,0,0,0,0,,,,,,
237.320,,0,0,0,0,,,,,,
237.340,,0,0,0,0,,,,,,
237.360,,0,0,0,0,,,,,,
237.380,,0,0,0,0,,,,,,
237.400,,0,0,0,0,,,,,,
237.420,,0,0,0,0,,,,,,
237.440,,0,0,0,0,,,,,,
237.460,,0,0,0,0,,,,,,
237.480,,0,0,0,0,,,,,,
237.500,,0,0,0,0,,,,,,
237.520,,0,0,0,0,,,,,,
237.540,,0,0,0,0,,,,,,
237.560,,0,0,0,0,,,,,,
237.580,,0,0,0,0,,,,,,
237.600,,0,0,0,0,,,,,,
237.620,,0,0,0,0,,,,,,
237.640,,0,0,0,0,,,,,,
237.660,,0,0,0,0,,,,,,
237.680,,0,0,0,0,,,,,,
237.700,,0,0,0,0,,,,,,
237.720,,0,0,0,0,,,,,,
237.740,,0,0,0,0,,,,,,
237.760,,0,0,0,0,,,,,,
237.780,,0,0,0,0,,,,,,
237.800,,0,0,0,0,,,,,,
237.820,,0,0,0,0,,,,,,
237.840,,0,0,0,0,,,,,,
237.860,,0,0,0,0,,,,,,
237.880,,0,0,0,0,,,,,,
237.900,,0,0,0,0,,,,,,
237.920,,0,0,0,0,,,,,,
237.940,,0,0,0,0,,,,,,
237.960,,0,0,0,0,,,,,,
237.980,,0,0,0,0,,,,,,
238.000,,0,0,0,0,,,,,,
238.020,,0,0,0,0,,,,,,
238.040,,0,0,0,0,,,,,,
238.060,,0,0,0,0,,,,,,
238.080,,0,0,0,0,,,,,,
238.100,,0,0,0,0,,,,,,
238.120,,0,0,0,0,,,,,,
238.140,,0,0,0,0,,,,,,
238.160,,0,0,0,0,,,,,,
238.180,,0,0,0,0,,,,,,
238.200,,0,0,0,0,,,,,,
238.220,,0,0,0,0,,,,,,
238.240,,0,0,0,0,,,,,,
238.260,,0,0,0,0,,,,,,
238.280,,0,0,0,0,,,,,,
238.300,,0,0,0,0,,,,,,
238.320,,0,0,0,0,,,,,,
238.340,,0,0,0,0,,,,,,
238.360,,0,0,0,0,,,,,,
238.380,,0,0,0,0,,,,,,
238.400,,0,0,0,0,,,,,,
238.420,,0,0,0,0,,,,,,
238.440,,0,0,0,0,,,,,,
238.460,,0,0,0,0,,,,,,
238.480,,0,0,0,0,,,,,,
238.500,,0,0,0,0,,,,,,
238.520,,0,0,0,0,,,,,,
238.540,,0,0,0,0,,,,,,
238.560,,0,0,0,0,,,,,,
238.580,,0,0,0,0,,,,,,
238.600,,0,0,0,0,,,,,,
238.620,,0,0,0,0,,,,,,
238.640,,0,0,0,0,,,,,,
238.660,,0,0,0,0,,,,,,
238.680,,0,0,0,0,,,,,,
238.700,,0,0,0,0,,,,,,
238.720,,0,0,0,0,,,,,,
238.740,,0,0,0,0,,,,,,
238.760,,0,0,0,0,,,,,,
238.780,,0,0,0,0,,,,,,
238.800,,0,0,0,0,,,,,,
238.820,,0,0,0,0,,,,,,
238.840,,0,0,0,0,,,,,,
238.860,,0,0,0,0,,,,,,
238.880,,0,0,0,0,,,,,,
238.900,,0,0,0,0,,,,,,
238.920,,0,0,0,0,,,,,,
238.940,,0,0,0,0,,,,,,
238.960,,0,0,0,0,,,,,,
238.980,,0,0,0,0,,,,,,
239.000,,0,0,0,0,,,,,,
239.020,,0,0,0,0,,,,,,
239.040,,0,0,0,0,,,,,,
239.060,,0,0,0,0,,,,,,
239.080,,0,0,0,0,,,,,,
239.100,,0,0,0,0,,,,,,
239.120,,0,0,0,0,,,,,,
239.140,,0,0,0,0,,,,,,
239.160,,0,0,0,0,,,,,,
239.180,,0,0,0,0,,,,,,
239.200,,0,0,0,0,,,,,,
239.220,,0,0,0,0,,,,,,
239.240,,0,0,0,0,,,,,,
239.260,,0,0,0,0,,,,,,
239.280,,0,0,0,0,,,,,,
239.300,,0,0,0,0,,,,,,
239.320,,0,0,0,0,,,,,,
239.340,,0,0,0,0,,,,,,
239.360,,0,0,0,0,,,,,,
239.380,,0,0,0,0,,,,,,
239.400,,0,0,0,0,,,,,,
239.420,,0,0,0,0,,,,,,
239.440,,0,0,0,0,,,,,,
239.460,,0,0,0,0,,,,,,
239.480,,0,0,0,0,,,,,,
239.500,,0,0,0,0,,,,,,
239.520,,0,0,0,0,,,,,,
239.540,,0,0,0,0,,,,,,
239.560,,0,0,0,0,,,,,,
239.580,,0,0,0,0,,,,,,
239.600,,0,0,0,0,,,,,,
239.620,,0,0,0,0,,,,,,
239.640,,0,0,0,0,,,,,,
239.660,,0,0,0,0,,,,,,
239.680,,0,0,0,0,,,,,,
239.700,,0,0,0,0,,,,,,
239.720,,0,0,0,0,,,,,,
239.740,,0,0,0,0,,,,,,
239.760,,0,0,0,0,,,,,,
239.780,,0,0,0,0,,,,,,
239.800,,0,0,0,0,,,,,,
239.820,,0,0,0,0,,,,,,
239.840,,0,0,0,0,,,,,,
239.860,,0,0,0,0,,,,,,
239.880,,0,0,0,0,,,,,,
239.900,,0,0,0,0,,,,,,
239.920,,0,0,0,0,,,,,,
239.940,,0,0,0,0,,,,,,
239.960,,0,0,0,0,,,,,,
239.980,,0,0,0,0,,,,,,
240.000,,0,0,0,0,,,,,,
240.020,,0,0,0,0,,,,,,
240.040,,0,0,0,0,,,,,,
240.060,,0,0,0,0,,,,,,
240.080,,0,0,0,0,,,,,,
240.100,,0,0,0,0,,,,,,
240.120,,0,0,0,0,,,,,,
240.140,,0,0,0,0,,,,,,
240.160,,0,0,0,0,,,,,,
240.180,,0,0,0,0,,,,,,
240.200,,0,0,0,0,,,,,,
240.220,,0,0,0,0,,,,,,
240.240,,0,0,0,0,,,,,,
240.260,,0,0,0,0,,,,,,
240.280,,0,0,0,0,,,,,,
240.300,,0,0,0,0,,,,,,
240.320,,0,0,0,0,,,,,,
240.340,,0,0,0,0,,,,,,
240.360,,0,0,0,0,,,,,,
240.380,,0,0,0,0,,,,,,
240.400,,0,0,0,0,,,,,,
240.420,,0,0,0,0,,,,,,
240.440,,0,0,0,0,,,,,,
240.460,,0,0,0,0,,,,,,
240.480,,0,0,0,0,,,,,,
240.500,,0,0,0,0,,,,,,
240.520,,0,0,0,0,,,,,,
240.540,,0,0,0,0,,,,,,
240.560,,0,0,0,0,,,,,,
240.580,,0,0,0,0,,,,,,
240.600,,0,0,0,0,,,,,,
240.620,,0,0,0,0,,,,,,
240.640,,0,0,0,0,,,,,,
240.660,,0,0,0,0,,,,,,
240.680,,0,0,0,0,,,,,,
240.700,,0,0,0,0,,,,,,
240.720,,0,0,0,0,,,,,,
240.740,,0,0,0,0,,,,,,
240.760,,0,0,0,0,,,,,,
240.780,,0,0,0,0,,,,,,
240.800,,0,0,0,0,,,,,,
240.820,,0,0,0,0,,,,,,
240.840,,0,0,0,0,,,,,,
240.860,,0,0,0,0,,,,,,
240.880,,0,0,0,0,,,,,,
240.900,,0,0,0,0,,,,,,
240.920,,0,0,0,0,,,,,,
240.940,,0,0,0,0,,,,,,
240.960,,0,0,0,0,,,,,,
240.980,,0,0,0,0,,,,,,
241.000,,0,0,0,0,,,,,,
241.020,,0,0,0,0,,,,,,
241.040,,0,0,0,0,,,,,,
241.060,,0,0,0,0,,,,,,
241.080,,0,0,0,0,,,,,,
241.100,,0,0,0,0,,,,,,
241.120,,0,0,0,0,,,,,,
241.140,,0,0,0,0,,,,,,
241.160,,0,0,0,0,,,,,,
241.180,,0,0,0,0,,,,,,
241.200,,0,0,0,0,,,,,,
241.220,,0,0,0,0,,,,,,
241.240,,0,0,0,0,,,,,,
241.260,,0,0,0,0,,,,,,
241.280,,0,0,0,0,,,,,,
241.300,,0,0,0,0,,,,,,
241.320,,0,0,0,0,,,,,,
241.340,,0,0,0,0,,,,,,
241.360,,0,0,0,0,,,,,,
241.380,,0,0,0,0,,,,,,
241.400,,0,0,0,0,,,,,,
241.420,,0,0,0,0,,,,,,
241.440,,0,0,0,0,,,,,,
241.460,,0,0,0,0,,,,,,
241.480,,0,0,0,0,,,,,,
241.500,,0,0,0,0,,,,,,
241.520,,0,0,0,0,,,,,,
241.540,,0,0,0,0,,,,,,
241.560,,0,0,0,0,,,,,,
241.580,,0,0,0,0,,,,,,
241.600,,0,0,0,0,,,,,,
241.620,,0,0,0,0,,,,,,
241.640,,0,0,0,0,,,,,,
241.660,,0,0,0,0,,,,,,
241.680,,0,0,0,0,,,,,,
241.700,,0,0,0,0,,,,,,
241.720,,0,0,0,0,,,,,,
241.740,,0,0,0,0,,,,,,
241.760,,0,0,0,0,,,,,,
241.780,,0,0,0,0,,,,,,
241.800,,0,0,0,0,,,,,,
241.820,,0,0,0,0,,,,,,
241.840,,0,0,0,0,,,,,,
241.860,,0,0,0,0,,,,,,
241.880,,0,0,0,0,,,,,,
241.900,,0,0,0,0,,,,,,
241.920,,0,0,0,0,,,,,,
241.941,,0,0,0,0,,,,,,
241.960,,0,0,0,0,,,,,,
241.980,,0,0,0,0,,,,,,
242.000,,0,0,0,0,,,,,,
242.020,,0,0,0,0,,,,,,
242.040,,0,0,0,0,,,,,,
242.060,,0,0,0,0,,,,,,
242.080,,0,0,0,0,,,,,,
242.100,,0,0,0,0,,,,,,
242.120,,0,0,0,0,,,,,,
242.140,,0,0,0,0,,,,,,
242.160,,0,0,0,0,,,,,,
242.180,,0,0,0,0,,,,,,
242.200,,0,0,0,0,,,,,,
242.220,,0,0,0,0,,,,,,
242.240,,0,0,0,0,,,,,,
242.260,,0,0,0,0,,,,,,
242.280,,0,0,0,0,,,,,,
242.300,,0,0,0,0,,,,,,
242.320,,0,0,0,0,,,,,,
242.340,,0,0,0,0,,,,,,
242.360,,0,0,0,0,,,,,,
242.380,,0,0,0,0,,,,,,
242.400,,0,0,0,0,,,,,,
242.420,,0,0,0,0,,,,,,
242.440,,0,0,0,0,,,,,,
242.460,,0,0,0,0,,,,,,
242.480,,0,0,0,0,,,,,,
242.500,,0,0,0,0,,,,,,
242.520,,0,0,0,0,,,,,,
242.540,,0,0,0,0,,,,,,
242.560,,0,0,0,0,,,,,,
242.580,,0,0,0,0,,,,,,
242.600,,0,0,0,0,,,,,,
242.620,,0,0,0,0,,,,,,
242.640,,0,0,0,0,,,,,,
242.660,,0,0,0,0,,,,,,
242.680,,0,0,0,0,,,,,,
242.700,,0,0,0,0,,,,,,
242.720,,0,0,0,0,,,,,,
242.740,,0,0,0,0,,,,,,
242.760,,0,0,0,0,,,,,,
242.780,,0,0,0,0,,,,,,
242.800,,0,0,0,0,,,,,,
242.820,,0,0,0,0,,,,,,
242.840,,0,0,0,0,,,,,,
242.860,,0,0,0,0,,,,,,
242.880,,0,0,0,0,,,,,,
242.900,,0,0,0,0,,,,,,
242.920,,0,0,0,0,,,,,,
242.940,,0,0,0,0,,,,,,
242.960,,0,0,0,0,,,,,,
242.980,,0,0,0,0,,,,,,
243.000,,0,0,0,0,,,,,,
243.020,,0,0,0,0,,,,,,
243.040,,0,0,0,0,,,,,,
243.060,,0,0,0,0,,,,,,
243.080,,0,0,0,0,,,,,,
243.100,,0,0,0,0,,,,,,
243.120,,0,0,0,0,,,,,,
243.140,,0,0,0,0,,,,,,
243.160,,0,0,0,0,,,,,,
243.180,,0,0,0,0,,,,,,
243.200,,0,0,0,0,,,,,,
243.220,,0,0,0,0,,,,,,
243.240,,0,0,0,0,,,,,,
243.260,,0,0,0,0,,,,,,
243.280,,0,0,0,0,,,,,,
243.300,,0,0,0,0,,,,,,
243.320,,0,0,0,0,,,,,,
243.340,,0,0,0,0,,,,,,
243.360,,0,0,0,0,,,,,,
243.380,,0,0,0,0,,,,,,
243.400,,0,0,0,0,,,,,,
243.420,,0,0,0,0,,,,,,
243.440,,0,0,0,0,,,,,,
243.460,,0,0,0,0,,,,,,
243.480,,0,0,0,0,,,,,,
243.500,,0,0,0,0,,,,,,
243.520,,0,0,0,0,,,,,,
243.540,,0,0,0,0,,,,,,
243.560,,0,0,0,0,,,,,,
243.580,,0,0,0,0,,,,,,
243.600,,0,0,0,0,,,,,,
243.620,,0,0,0,0,,,,,,
243.640,,0,0,0,0,,,,,,
243.660,,0,0,0,0,,,,,,
243.680,,0,0,0,0,,,,,,
243.700,,0,0,0,0,,,,,,
243.720,,0,0,0,0,,,,,,
243.740,,0,0,0,0,,,,,,
243.760,,0,0,0,0,,,,,,
243.780,,0,0,0,0,,,,,,
243.800,,0,0,0,0,,,,,,
243.820,,0,0,0,0,,,,,,
243.840,,0,0,0,0,,,,,,
243.860,,0,0,0,0,,,,,,
243.880,,0,0,0,0,,,,,,
243.900,,0,0,0,0,,,,,,
243.920,,0,0,0,0,,,,,,
243.940,,0,0,0,0,,,,,,
243.960,,0,0,0,0,,,,,,
243.980,,0,0,0,0,,,,,,
244.000,,0,0,0,0,,,,,,
244.020,,0,0,0,0,,,,,,
244.040,,0,0,0,0,,,,,,
244.060,,0,0,0,0,,,,,,
244.080,,0,0,0,0,,,,,,
244.100,,0,0,0,0,,,,,,
244.120,,0,0,0,0,,,,,,
244.140,,0,0,0,0,,,,,,
244.160,,0,0,0,0,,,,,,
244.180,,0,0,0,0,,,,,,
244.200,,0,0,0,0,,,,,,
244.220,,0,0,0,0,,,,,,
244.240,,0,0,0,0,,,,,,
244.260,,0,0,0,0,,,,,,
244.280,,0,0,0,0,,,,,,
244.300,,0,0,0,0,,,,,,
244.320,,0,0,0,0,,,,,,
244.340,,0,0,0,0,,,,,,
244.360,,0,0,0,0,,,,,,
244.380,,0,0,0,0,,,,,,
244.400,,0,0,0,0,,,,,,
244.420,,0,0,0,0,,,,,,
244.440,,0,0,0,0,,,,,,
244.460,,0,0,0,0,,,,,,
244.480,,0,0,0,0,,,,,,
244.500,,0,0,0,0,,,,,,
244.520,,0,0,0,0,,,,,,
244.540,,0,0,0,0,,,,,,
244.560,,0,0,0,0,,,,,,
244.580,,0,0,0,0,,,,,,
244.600,,0,0,0,0,,,,,,
244.620,,0,0,0,0,,,,,,
244.640,,0,0,0,0,,,,,,
244.660,,0,0,0,0,,,,,,
244.680,,0,0,0,0,,,,,,
244.700,,0,0,0,0,,,,,,
244.720,,0,0,0,0,,,,,,
244.740,,0,0,0,0,,,,,,
244.760,,0,0,0,0,,,,,,
244.780,,0,0,0,0,,,,,,
244.800,,0,0,0,0,,,,,,
244.820,,0,0,0,0,,,,,,
244.840,,0,0,0,0,,,,,,
244.860,,0,0,0,0,,,,,,
244.880,,0,0,0,0,,,,,,
244.900,,0,0,0,0,,,,,,
244.920,,0,0,0,0,,,,,,
244.940,,0,0,0,0,,,,,,
244.960,,0,0,0,0,,,,,,
244.980,,0,0,0,0,,,,,,
245.000,,0,0,0,0,,,,,,
245.020,,0,0,0,0,,,,,,
245.040,,0,0,0,0,,,,,,
245.060,,0,0,0,0,,,,,,
245.080,,0,0,0,0,,,,,,
245.100,,0,0,0,0,,,,,,
245.120,,0,0,0,0,,,,,,
245.140,,0,0,0,0,,,,,,
245.160,,0,0,0,0,,,,,,
245.180,,0,0,0,0,,,,,,
245.200,,0,0,0,0,,,,,,
245.220,,0,0,0,0,,,,,,
245.240,,0,0,0,0,,,,,,
245.260,,0,0,0,0,,,,,,
245.280,,0,0,0,0,,,,,,
245.300,,0,0,0,0,,,,,,
245.320,,0,0,0,0,,,,,,
245.340,,0,0,0,0,,,,,,
245.360,,0,0,0,0,,,,,,
245.380,,0,0,0,0,,,,,,
245.400,,0,0,0,0,,,,,,
245.420,,0,0,0,0,,,,,,
245.440,,0,0,0,0,,,,,,
245.460,,0,0,0,0,,,,,,
245.480,,0,0,0,0,,,,,,
245.500,,0,0,0,0,,,,,,
245.520,,0,0,0,0,,,,,,
245.540,,0,0,0,0,,,,,,
245.560,,0,0,0,0,,,,,,
245.580,,0,0,0,0,,,,,,
245.600,,0,0,0,0,,,,,,
245.620,,0,0,0,0,,,,,,
245.640,,0,0,0,0,,,,,,
245.660,,0,0,0,0,,,,,,
245.680,,0,0,0,0,,,,,,
245.700,,0,0,0,0,,,,,,
245.720,,0,0,0,0,,,,,,
245.740,,0,0,0,0,,,,,,
245.760,,0,0,0,0,,,,,,
245.780,,0,0,0,0,,,,,,
245.800,,0,0,0,0,,,,,,
245.820,,0,0,0,0,,,,,,
245.840,,0,0,0,0,,,,,,
245.860,,0,0,0,0,,,,,,
245.880,,0,0,0,0,,,,,,
245.900,,0,0,0,0,,,,,,
245.920,,0,0,0,0,,,,,,
245.940,,0,0,0,0,,,,,,
245.960,,0,0,0,0,,,,,,
245.980,,0,0,0,0,,,,,,
246.000,,0,0,0,0,,,,,,
246.020,,0,0,0,0,,,,,,
246.040,,0,0,0,0,,,,,,
246.060,,0,0,0,0,,,,,,
246.080,,0,0,0,0,,,,,,
246.100,,0,0,0,0,,,,,,
246.120,,0,0,0,0,,,,,,
246.140,,0,0,0,0,,,,,,
246.160,,0,0,0,0,,,,,,
246.180,,0,0,0,0,,,,,,
246.200,,0,0,0,0,,,,,,
246.220,,0,0,0,0,,,,,,
246.240,,0,0,0,0,,,,,,
246.260,,0,0,0,0,,,,,,
246.280,,0,0,0,0,,,,,,
246.300,,0,0,0,0,,,,,,
246.320,,0,0,0,0,,,,,,
246.340,,0,0,0,0,,,,,,
246.360,,0,0,0,0,,,,,,
246.380,,0,0,0,0,,,,,,
246.400,,0,0,0,0,,,,,,
246.420,,0,0,0,0,,,,,,
246.440,,0,0,0,0,,,,,,
246.460,,0,0,0,0,,,,,,
246.480,,0,0,0,0,,,,,,
246.500,,0,0,0,0,,,,,,
246.520,,0,0,0,0,,,,,,
246.540,,0,0,0,0,,,,,,
246.560,,0,0,0,0,,,,,,
246.580,,0,0,0,0,,,,,,
246.600,,0,0,0,0,,,,,,
246.620,,0,0,0,0,,,,,,
246.640,,0,0,0,0,,,,,,
246.660,,0,0,0,0,,,,,,
246.680,,0,0,0,0,,,,,,
246.700,,0,0,0,0,,,,,,
246.720,,0,0,0,0,,,,,,
246.740,,0,0,0,0,,,,,,
246.760,,0,0,0,0,,,,,,
246.780,,0,0,0,0,,,,,,
246.800,,0,0,0,0,,,,,,
246.820,,0,0,0,0,,,,,,
246.840,,0,0,0,0,,,,,,
246.860,,0,0,0,0,,,,,,
246.880,,0,0,0,0,,,,,,
246.900,,0,0,0,0,,,,,,
246.920,,0,0,0,0,,,,,,
246.940,,0,0,0,0,,,,,,
246.960,,0,0,0,0,,,,,,
246.980,,0,0,0,0,,,,,,
247.000,,0,0,0,0,,,,,,
247.020,,0,0,0,0,,,,,,
247.040,,0,0,0,0,,,,,,
247.060,,0,0,0,0,,,,,,
247.080,,0,0,0,0,,,,,,
247.100,,0,0,0,0,,,,,,
247.120,,0,0,0,0,,,,,,
247.140,,0,0,0,0,,,,,,
247.160,,0,0,0,0,,,,,,
247.180,,0,0,0,0,,,,,,
247.200,,0,0,0,0,,,,,,
247.220,,0,0,0,0,,,,,,
247.240,,0,0,0,0,,,,,,
247.260,,0,0,0,0,,,,,,
247.280,,0,0,0,0,,,,,,
247.300,,0,0,0,0,,,,,,
247.320,,0,0,0,0,,,,,,
247.340,,0,0,0,0,,,,,,
247.360,,0,0,0,0,,,,,,
247.380,,0,0,0,0,,,,,,
247.400,,0,0,0,0,,,,,,
247.420,,0,0,0,0,,,,,,
247.440,,0,0,0,0,,,,,,
247.460,,0,0,0,0,,,,,,
247.480,,0,0,0,0,,,,,,
247.500,,0,0,0,0,,,,,,
247.520,,0,0,0,0,,,,,,
247.540,,0,0,0,0,,,,,,
247.560,,0,0,0,0,,,,,,
247.580,,0,0,0,0,,,,,,
247.600,,0,0,0,0,,,,,,
247.620,,0,0,0,0,,,,,,
247.640,,0,0,0,0,,,,,,
247.660,,0,0,0,0,,,,,,
247.680,,0,0,0,0,,,,,,
247.700,,0,0,0,0,,,,,,
247.720,,0,0,0,0,,,,,,
247.740,,0,0,0,0,,,,,,
247.760,,0,0,0,0,,,,,,
247.780,,0,0,0,0,,,,,,
247.800,,0,0,0,0,,,,,,
247.820,,0,0,0,0,,,,,,
247.840,,0,0,0,0,,,,,,
247.860,,0,0,0,0,,,,,,
247.880,,0,0,0,0,,,,,,
247.900,,0,0,0,0,,,,,,
247.920,,0,0,0,0,,,,,,
247.940,,0,0,0,0,,,,,,
247.960,,0,0,0,0,,,,,,
247.980,,0,0,0,0,,,,,,
248.000,,0,0,0,0,,,,,,
248.020,,0,0,0,0,,,,,,
248.040,,0,0,0,0,,,,,,
248.060,,0,0,0,0,,,,,,
248.080,,0,0,0,0,,,,,,
248.100,,0,0,0,0,,,,,,
248.120,,0,0,0,0,,,,,,
248.140,,0,0,0,0,,,,,,
248.160,,0,0,0,0,,,,,,
248.180,,0,0,0,0,,,,,,
248.200,,0,0,0,0,,,,,,
248.220,,0,0,0,0,,,,,,
248.240,,0,0,0,0,,,,,,
248.260,,0,0,0,0,,,,,,
248.280,,0,0,0,0,,,,,,
248.300,,0,0,0,0,,,,,,
248.320,,0,0,0,0,,,,,,
248.340,,0,0,0,0,,,,,,
248.360,,0,0,0,0,,,,,,
248.380,,0,0,0,0,,,,,,
248.400,,0,0,0,0,,,,,,
248.420,,0,0,0,0,,,,,,
248.440,,0,0,0,0,,,,,,
248.460,,0,0,0,0,,,,,,
248.480,,0,0,0,0,,,,,,
248.500,,0,0,0,0,,,,,,
248.520,,0,0,0,0,,,,,,
248.540,,0,0,0,0,,,,,,
248.560,,0,0,0,0,,,,,,
248.580,,0,0,0,0,,,,,,
248.600,,0,0,0,0,,,,,,
248.620,,0,0,0,0,,,,,,
248.640,,0,0,0,0,,,,,,
248.660,,0,0,0,0,,,,,,
248.680,,0,0,0,0,,,,,,
248.700,,0,0,0,0,,,,,,
248.720,,0,0,0,0,,,,,,
248.740,,0,0,0,0,,,,,,
248.760,,0,0,0,0,,,,,,
248.780,,0,0,0,0,,,,,,
248.800,,0,0,0,0,,,,,,
248.820,,0,0,0,0,,,,,,
248.840,,0,0,0,0,,,,,,
248.860,,0,0,0,0,,,,,,
248.880,,0,0,0,0,,,,,,
248.900,,0,0,0,0,,,,,,
248.920,,0,0,0,0,,,,,,
248.940,,0,0,0,0,,,,,,
248.960,,0,0,0,0,,,,,,
248.980,,0,0,0,0,,,,,,
249.000,,0,0,0,0,,,,,,
249.020,,0,0,0,0,,,,,,
249.040,,0,0,0,0,,,,,,
249.060,,0,0,0,0,,,,,,
249.080,,0,0,0,0,,,,,,
249.100,,0,0,0,0,,,,,,
249.120,,0,0,0,0,,,,,,
249.140,,0,0,0,0,,,,,,
249.160,,0,0,0,0,,,,,,
249.180,,0,0,0,0,,,,,,
249.200,,0,0,0,0,,,,,,
249.220,,0,0,0,0,,,,,,
249.240,,0,0,0,0,,,,,,
249.260,,0,0,0,0,,,,,,
249.280,,0,0,0,0,,,,,,
249.300,,0,0,0,0,,,,,,
249.320,,0,0,0,0,,,,,,
249.340,,0,0,0,0,,,,,,
249.360,,0,0,0,0,,,,,,
249.380,,0,0,0,0,,,,,,
249.400,,0,0,0,0,,,,,,
249.420,,0,0,0,0,,,,,,
249.440,,0,0,0,0,,,,,,
249.460,,0,0,0,0,,,,,,
249.480,,0,0,0,0,,,,,,
249.500,,0,0,0,0,,,,,,
249.520,,0,0,0,0,,,,,,
249.540,,0,0,0,0,,,,,,
249.560,,0,0,0,0,,,,,,
249.580,,0,0,0,0,,,,,,
249.600,,0,0,0,0,,,,,,
249.620,,0,0,0,0,,,,,,
249.640,,0,0,0,0,,,,,,
249.660,,0,0,0,0,,,,,,
249.680,,0,0,0,0,,,,,,
249.700,,0,0,0,0,,,,,,
249.720,,0,0,0,0,,,,,,
249.740,,0,0,0,0,,,,,,
249.760,,0,0,0,0,,,,,,
249.780,,0,0,0,0,,,,,,
249.800,,0,0,0,0,,,,,,
249.820,,0,0,0,0,,,,,,
249.840,,0,0,0,0,,,,,,
249.860,,0,0,0,0,,,,,,
249.880,,0,0,0,0,,,,,,
249.900,,0,0,0,0,,,,,,
249.920,,0,0,0,0,,,,,,
249.940,,0,0,0,0,,,,,,
249.960,,0,0,0,0,,,,,,
249.980,,0,0,0,0,,,,,,
250.000,,0,0,0,0,,,,,,
250.020,,0,0,0,0,,,,,,
250.040,,0,0,0,0,,,,,,
250.060,,0,0,0,0,,,,,,
250.080,,0,0,0,0,,,,,,
250.100,,0,0,0,0,,,,,,
250.120,,0,0,0,0,,,,,,
250.140,,0,0,0,0,,,,,,
250.160,,0,0,0,0,,,,,,
250.180,,0,0,0,0,,,,,,
250.200,,0,0,0,0,,,,,,
250.220,,0,0,0,0,,,,,,
250.240,,0,0,0,0,,,,,,
250.260,,0,0,0,0,,,,,,
250.280,,0,0,0,0,,,,,,
250.300,,0,0,0,0,,,,,,
250.320,,0,0,0,0,,,,,,
250.340,,0,0,0,0,,,,,,
250.360,,0,0,0,0,,,,,,
250.380,,0,0,0,0,,,,,,
250.400,,0,0,0,0,,,,,,
250.420,,0,0,0,0,,,,,,
250.440,,0,0,0,0,,,,,,
250.460,,0,0,0,0,,,,,,
250.480,,0,0,0,0,,,,,,
250.500,,0,0,0,0,,,,,,
250.520,,0,0,0,0,,,,,,
250.540,,0,0,0,0,,,,,,
250.560,,0,0,0,0,,,,,,
250.580,,0,0,0,0,,,,,,
250.600,,0,0,0,0,,,,,,
250.620,,0,0,0,0,,,,,,
250.640,,0,0,0,0,,,,,,
250.660,,0,0,0,0,,,,,,
250.680,,0,0,0,0,,,,,,
250.700,,0,0,0,0,,,,,,
250.720,,0,0,0,0,,,,,,
250.740,,0,0,0,0,,,,,,
250.760,,0,0,0,0,,,,,,
250.780,,0,0,0,0,,,,,,
250.800,,0,0,0,0,,,,,,
250.820,,0,0,0,0,,,,,,
250.840,,0,0,0,0,,,,,,
250.860,,0,0,0,0,,,,,,
250.880,,0,0,0,0,,,,,,
250.900,,0,0,0,0,,,,,,
250.920,,0,0,0,0,,,,,,
250.940,,0,0,0,0,,,,,,
250.960,,0,0,0,0,,,,,,
250.980,,0,0,0,0,,,,,,
251.000,,0,0,0,0,,,,,,
251.020,,0,0,0,0,,,,,,
251.040,,0,0,0,0,,,,,,
251.060,,0,0,0,0,,,,,,
251.080,,0,0,0,0,,,,,,
251.100,,0,0,0,0,,,,,,
251.120,,0,0,0,0,,,,,,
251.140,,0,0,0,0,,,,,,
251.160,,0,0,0,0,,,,,,
251.180,,0,0,0,0,,,,,,
251.200,,0,0,0,0,,,,,,
251.220,,0,0,0,0,,,,,,
251.240,,0,0,0,0,,,,,,
251.260,,0,0,0,0,,,,,,
251.280,,0,0,0,0,,,,,,
251.300,,0,0,0,0,,,,,,
251.320,,0,0,0,0,,,,,,
251.340,,0,0,0,0,,,,,,
251.360,,0,0,0,0,,,,,,
251.380,,0,0,0,0,,,,,,
251.400,,0,0,0,0,,,,,,
251.420,,0,0,0,0,,,,,,
251.440,,0,0,0,0,,,,,,
251.460,,0,0,0,0,,,,,,
251.480,,0,0,0,0,,,,,,
251.500,,0,0,0,0,,,,,,
251.520,,0,0,0,0,,,,,,
251.540,,0,0,0,0,,,,,,
251.560,,0,0,0,0,,,,,,
251.580,,0,0,0,0,,,,,,
251.600,,0,0,0,0,,,,,,
251.620,,0,0,0,0,,,,,,
251.640,,0,0,0,0,,,,,,
251.660,,0,0,0,0,,,,,,
251.680,,0,0,0,0,,,,,,
251.700,,0,0,0,0,,,,,,
251.720,,0,0,0,0,,,,,,
251.740,,0,0,0,0,,,,,,
251.760,,0,0,0,0,,,,,,
251.780,,0,0,0,0,,,,,,
251.800,,0,0,0,0,,,,,,
251.820,,0,0,0,0,,,,,,
251.840,,0,0,0,0,,,,,,
251.860,,0,0,0,0,,,,,,
251.880,,0,0,0,0,,,,,,
251.900,,0,0,0,0,,,,,,
251.920,,0,0,0,0,,,,,,
251.940,,0,0,0,0,,,,,,
251.960,,0,0,0,0,,,,,,
251.980,,0,0,0,0,,,,,,
252.000,,0,0,0,0,,,,,,
252.020,,0,0,0,0,,,,,,
252.040,,0,0,0,0,,,,,,
252.060,,0,0,0,0,,,,,,
252.080,,0,0,0,0,,,,,,
252.100,,0,0,0,0,,,,,,
252.120,,0,0,0,0,,,,,,
252.140,,0,0,0,0,,,,,,
252.160,,0,0,0,0,,,,,,
252.180,,0,0,0,0,,,,,,
252.200,,0,0,0,0,,,,,,
252.220,,0,0,0,0,,,,,,
252.240,,0,0,0,0,,,,,,
252.260,,0,0,0,0,,,,,,
252.280,,0,0,0,0,,,,,,
252.300,,0,0,0,0,,,,,,
252.320,,0,0,0,0,,,,,,
252.340,,0,0,0,0,,,,,,
252.360,,0,0,0,0,,,,,,
252.380,,0,0,0,0,,,,,,
252.400,,0,0,0,0,,,,,,
252.420,,0,0,0,0,,,,,,
252.440,,0,0,0,0,,,,,,
252.460,,0,0,0,0,,,,,,
252.480,,0,0,0,0,,,,,,
252.500,,0,0,0,0,,,,,,
252.520,,0,0,0,0,,,,,,
252.540,,0,0,0,0,,,,,,
252.560,,0,0,0,0,,,,,,
252.580,,0,0,0,0,,,,,,
252.600,,0,0,0,0,,,,,,
252.620,,0,0,0,0,,,,,,
252.640,,0,0,0,0,,,,,,
252.660,,0,0,0,0,,,,,,
252.680,,0,0,0,0,,,,,,
252.700,,0,0,0,0,,,,,,
252.720,,0,0,0,0,,,,,,
252.740,,0,0,0,0,,,,,,
252.760,,0,0,0,0,,,,,,
252.780,,0,0,0,0,,,,,,
252.800,,0,0,0,0,,,,,,
252.820,,0,0,0,0,,,,,,
252.840,,0,0,0,0,,,,,,
252.860,,0,0,0,0,,,,,,
252.880,,0,0,0,0,,,,,,
252.900,,0,0,0,0,,,,,,
252.920,,0,0,0,0,,,,,,
252.940,,0,0,0,0,,,,,,
252.960,,0,0,0,0,,,,,,
252.980,,0,0,0,0,,,,,,
253.000,,0,0,0,0,,,,,,
253.020,,0,0,0,0,,,,,,
253.040,,0,0,0,0,,,,,,
253.060,,0,0,0,0,,,,,,
253.080,,0,0,0,0,,,,,,
253.100,,0,0,0,0,,,,,,
253.120,,0,0,0,0,,,,,,
253.140,,0,0,0,0,,,,,,
253.160,,0,0,0,0,,,,,,
253.180,,0,0,0,0,,,,,,
253.200,,0,0,0,0,,,,,,
253.220,,0,0,0,0,,,,,,
253.240,,0,0,0,0,,,,,,
253.260,,0,0,0,0,,,,,,
253.280,,0,0,0,0,,,,,,
253.300,,0,0,0,0,,,,,,
253.320,,0,0,0,0,,,,,,
253.340,,0,0,0,0,,,,,,
253.360,,0,0,0,0,,,,,,
253.380,,0,0,0,0,,,,,,
253.400,,0,0,0,0,,,,,,
253.420,,0,0,0,0,,,,,,
253.440,,0,0,0,0,,,,,,
253.460,,0,0,0,0,,,,,,
253.480,,0,0,0,0,,,,,,
253.500,,0,0,0,0,,,,,,
253.520,,0,0,0,0,,,,,,
253.540,,0,0,0,0,,,,,,
253.560,,0,0,0,0,,,,,,
253.580,,0,0,0,0,,,,,,
253.600,,0,0,0,0,,,,,,
253.620,,0,0,0,0,,,,,,
253.640,,0,0,0,0,,,,,,
253.660,,0,0,0,0,,,,,,
253.680,,0,0,0,0,,,,,,
253.700,,0,0,0,0,,,,,,
253.720,,0,0,0,0,,,,,,
253.740,,0,0,0,0,,,,,,
253.760,,0,0,0,0,,,,,,
253.780,,0,0,0,0,,,,,,
253.800,,0,0,0,0,,,,,,
253.820,,0,0,0,0,,,,,,
253.840,,0,0,0,0,,,,,,
253.860,,0,0,0,0,,,,,,
253.880,,0,0,0,0,,,,,,
253.900,,0,0,0,0,,,,,,
253.920,,0,0,0,0,,,,,,
253.940,,0,0,0,0,,,,,,
253.960,,0,0,0,0,,,,,,
253.980,,0,0,0,0,,,,,,
254.000,,0,0,0,0,,,,,,
254.020,,0,0,0,0,,,,,,
254.040,,0,0,0,0,,,,,,
254.060,,0,0,0,0,,,,,,
254.080,,0,0,0,0,,,,,,
254.100,,0,0,0,0,,,,,,
254.120,,0,0,0,0,,,,,,
254.140,,0,0,0,0,,,,,,
254.160,,0,0,0,0,,,,,,
254.180,,0,0,0,0,,,,,,
254.200,,0,0,0,0,,,,,,
254.220,,0,0,0,0,,,,,,
254.240,,0,0,0,0,,,,,,
254.260,,0,0,0,0,,,,,,
254.280,,0,0,0,0,,,,,,
254.300,,0,0,0,0,,,,,,
254.320,,0,0,0,0,,,,,,
254.340,,0,0,0,0,,,,,,
254.360,,0,0,0,0,,,,,,
254.380,,0,0,0,0,,,,,,
254.400,,0,0,0,0,,,,,,
254.420,,0,0,0,0,,,,,,
254.440,,0,0,0,0,,,,,,
254.460,,0,0,0,0,,,,,,
254.480,,0,0,0,0,,,,,,
254.500,,0,0,0,0,,,,,,
254.520,,0,0,0,0,,,,,,
254.540,,0,0,0,0,,,,,,
254.560,,0,0,0,0,,,,,,
254.580,,0,0,0,0,,,,,,
254.600,,0,0,0,0,,,,,,
254.620,,0,0,0,0,,,,,,
254.640,,0,0,0,0,,,,,,
254.660,,0,0,0,0,,,,,,
254.680,,0,0,0,0,,,,,,
254.700,,0,0,0,0,,,,,,
254.720,,0,0,0,0,,,,,,
254.740,,0,0,0,0,,,,,,
254.760,,0,0,0,0,,,,,,
254.780,,0,0,0,0,,,,,,
254.800,,0,0,0,0,,,,,,
254.820,,0,0,0,0,,,,,,
254.840,,0,0,0,0,,,,,,
254.860,,0,0,0,0,,,,,,
254.880,,0,0,0,0,,,,,,
254.900,,0,0,0,0,,,,,,
254.920,,0,0,0,0,,,,,,
254.940,,0,0,0,0,,,,,,
254.960,,0,0,0,0,,,,,,
254.980,,0,0,0,0,,,,,,
255.000,,0,0,0,0,,,,,,
255.020,,0,0,0,0,,,,,,
255.040,,0,0,0,0,,,,,,
255.060,,0,0,0,0,,,,,,
255.080,,0,0,0,0,,,,,,
255.100,,0,0,0,0,,,,,,
255.120,,0,0,0,0,,,,,,
255.140,,0,0,0,0,,,,,,
255.160,,0,0,0,0,,,,,,
255.180,,0,0,0,0,,,,,,
255.200,,0,0,0,0,,,,,,
255.220,,0,0,0,0,,,,,,
255.240,,0,0,0,0,,,,,,
255.260,,0,0,0,0,,,,,,
255.280,,0,0,0,0,,,,,,
255.300,,0,0,0,0,,,,,,
255.320,,0,0,0,0,,,,,,
255.340,,0,0,0,0,,,,,,
255.360,,0,0,0,0,,,,,,
255.380,,0,0,0,0,,,,,,
255.400,,0,0,0,0,,,,,,
255.420,,0,0,0,0,,,,,,
255.440,,0,0,0,0,,,,,,
255.460,,0,0,0,0,,,,,,
255.480,,0,0,0,0,,,,,,
255.500,,0,0,0,0,,,,,,
255.520,,0,0,0,0,,,,,,
255.540,,0,0,0,0,,,,,,
255.560,,0,0,0,0,,,,,,
255.580,,0,0,0,0,,,,,,
255.600,,0,0,0,0,,,,,,
255.620,,0,0,0,0,,,,,,
255.640,,0,0,0,0,,,,,,
255.660,,0,0,0,0,,,,,,
255.680,,0,0,0,0,,,,,,
255.700,,0,0,0,0,,,,,,
255.720,,0,0,0,0,,,,,,
255.740,,0,0,0,0,,,,,,
255.760,,0,0,0,0,,,,,,
255.780,,0,0,0,0,,,,,,
255.800,,0,0,0,0,,,,,,
255.820,,0,0,0,0,,,,,,
255.840,,0,0,0,0,,,,,,
255.860,,0,0,0,0,,,,,,
255.880,,0,0,0,0,,,,,,
255.900,,0,0,0,0,,,,,,
255.920,,0,0,0,0,,,,,,
255.940,,0,0,0,0,,,,,,
255.960,,0,0,0,0,,,,,,
255.980,,0,0,0,0,,,,,,
256.000,,0,0,0,0,,,,,,
256.020,,0,0,0,0,,,,,,
256.040,,0,0,0,0,,,,,,
256.060,,0,0,0,0,,,,,,
256.080,,0,0,0,0,,,,,,
256.100,,0,0,0,0,,,,,,
256.120,,0,0,0,0,,,,,,
256.140,,0,0,0,0,,,,,,
256.160,,0,0,0,0,,,,,,
256.180,,0,0,0,0,,,,,,
256.200,,0,0,0,0,,,,,,
256.220,,0,0,0,0,,,,,,
256.240,,0,0,0,0,,,,,,
256.260,,0,0,0,0,,,,,,
256.280,,0,0,0,0,,,,,,
256.300,,0,0,0,0,,,,,,
256.320,,0,0,0,0,,,,,,
256.340,,0,0,0,0,,,,,,
256.360,,0,0,0,0,,,,,,
256.380,,0,0,0,0,,,,,,
256.400,,0,0,0,0,,,,,,
256.420,,0,0,0,0,,,,,,
256.440,,0,0,0,0,,,,,,
256.460,,0,0,0,0,,,,,,
256.480,,0,0,0,0,,,,,,
256.500,,0,0,0,0,,,,,,
256.520,,0,0,0,0,,,,,,
256.540,,0,0,0,0,,,,,,
256.560,,0,0,0,0,,,,,,
256.580,,0,0,0,0,,,,,,
256.600,,0,0,0,0,,,,,,
256.620,,0,0,0,0,,,,,,
256.640,,0,0,0,0,,,,,,
256.660,,0,0,0,0,,,,,,
256.680,,0,0,0,0,,,,,,
256.700,,0,0,0,0,,,,,,
256.720,,0,0,0,0,,,,,,
256.740,,0,0,0,0,,,,,,
256.760,,0,0,0,0,,,,,,
256.780,,0,0,0,0,,,,,,
256.800,,0,0,0,0,,,,,,
256.820,,0,0,0,0,,,,,,
256.840,,0,0,0,0,,,,,,
256.860,,0,0,0,0,,,,,,
256.880,,0,0,0,0,,,,,,
256.900,,0,0,0,0,,,,,,
256.920,,0,0,0,0,,,,,,
256.940,,0,0,0,0,,,,,,
256.960,,0,0,0,0,,,,,,
256.980,,0,0,0,0,,,,,,
257.000,,0,0,0,0,,,,,,
257.020,,0,0,0,0,,,,,,
257.040,,0,0,0,0,,,,,,
257.060,,0,0,0,0,,,,,,
257.080,,0,0,0,0,,,,,,
257.100,,0,0,0,0,,,,,,
257.120,,0,0,0,0,,,,,,
257.140,,0,0,0,0,,,,,,
257.160,,0,0,0,0,,,,,,
257.180,,0,0,0,0,,,,,,
257.200,,0,0,0,0,,,,,,
257.220,,0,0,0,0,,,,,,
257.240,,0,0,0,0,,,,,,
257.260,,0,0,0,0,,,,,,
257.280,,0,0,0,0,,,,,,
257.300,,0,0,0,0,,,,,,
257.320,,0,0,0,0,,,,,,
257.340,,0,0,0,0,,,,,,
257.360,,0,0,0,0,,,,,,
257.380,,0,0,0,0,,,,,,
257.400,,0,0,0,0,,,,,,
257.420,,0,0,0,0,,,,,,
257.440,,0,0,0,0,,,,,,
257.460,,0,0,0,0,,,,,,
257.480,,0,0,0,0,,,,,,
257.500,,0,0,0,0,,,,,,
257.520,,0,0,0,0,,,,,,
257.540,,0,0,0,0,,,,,,
257.560,,0,0,0,0,,,,,,
257.580,,0,0,0,0,,,,,,
257.600,,0,0,0,0,,,,,,
257.620,,0,0,0,0,,,,,,
257.640,,0,0,0,0,,,,,,
257.660,,0,0,0,0,,,,,,
257.680,,0,0,0,0,,,,,,
257.700,,0,0,0,0,,,,,,
257.720,,0,0,0,0,,,,,,
257.740,,0,0,0,0,,,,,,
257.760,,0,0,0,0,,,,,,
257.780,,0,0,0,0,,,,,,
257.800,,0,0,0,0,,,,,,
257.820,,0,0,0,0,,,,,,
257.840,,0,0,0,0,,,,,,
257.860,,0,0,0,0,,,,,,
257.880,,0,0,0,0,,,,,,
257.900,,0,0,0,0,,,,,,
257.920,,0,0,0,0,,,,,,
257.940,,0,0,0,0,,,,,,
257.960,,0,0,0,0,,,,,,
257.980,,0,0,0,0,,,,,,
258.000,,0,0,0,0,,,,,,
258.020,,0,0,0,0,,,,,,
258.040,,0,0,0,0,,,,,,
258.060,,0,0,0,0,,,,,,
258.080,,0,0,0,0,,,,,,
258.100,,0,0,0,0,,,,,,
258.120,,0,0,0,0,,,,,,
258.140,,0,0,0,0,,,,,,
258.160,,0,0,0,0,,,,,,
258.180,,0,0,0,0,,,,,,
258.200,,0,0,0,0,,,,,,
258.220,,0,0,0,0,,,,,,
258.240,,0,0,0,0,,,,,,
258.260,,0,0,0,0,,,,,,
258.280,,0,0,0,0,,,,,,
258.300,,0,0,0,0,,,,,,
258.320,,0,0,0,0,,,,,,
258.340,,0,0,0,0,,,,,,
258.360,,0,0,0,0,,,,,,
258.380,,0,0,0,0,,,,,,
258.400,,0,0,0,0,,,,,,
258.420,,0,0,0,0,,,,,,
258.440,,0,0,0,0,,,,,,
258.460,,0,0,0,0,,,,,,
258.480,,0,0,0,0,,,,,,
258.500,,0,0,0,0,,,,,,
258.520,,0,0,0,0,,,,,,
258.540,,0,0,0,0,,,,,,
258.560,,0,0,0,0,,,,,,
258.580,,0,0,0,0,,,,,,
258.600,,0,0,0,0,,,,,,
258.620,,0,0,0,0,,,,,,
258.640,,0,0,0,0,,,,,,
258.660,,0,0,0,0,,,,,,
258.680,,0,0,0,0,,,,,,
258.700,,0,0,0,0,,,,,,
258.720,,0,0,0,0,,,,,,
258.740,,0,0,0,0,,,,,,
258.760,,0,0,0,0,,,,,,
258.780,,0,0,0,0,,,,,,
258.800,,0,0,0,0,,,,,,
258.820,,0,0,0,0,,,,,,
258.840,,0,0,0,0,,,,,,
258.860,,0,0,0,0,,,,,,
258.880,,0,0,0,0,,,,,,
258.900,,0,0,0,0,,,,,,
258.920,,0,0,0,0,,,,,,
258.940,,0,0,0,0,,,,,,
258.960,,0,0,0,0,,,,,,
258.980,,0,0,0,0,,,,,,
259.000,,0,0,0,0,,,,,,
259.020,,0,0,0,0,,,,,,
259.040,,0,0,0,0,,,,,,
259.060,,0,0,0,0,,,,,,
259.080,,0,0,0,0,,,,,,
259.100,,0,0,0,0,,,,,,
259.120,,0,0,0,0,,,,,,
259.140,,0,0,0,0,,,,,,
259.160,,0,0,0,0,,,,,,
259.180,,0,0,0,0,,,,,,
259.200,,0,0,0,0,,,,,,
259.220,,0,0,0,0,,,,,,
259.240,,0,0,0,0,,,,,,
259.260,,0,0,0,0,,,,,,
259.280,,0,0,0,0,,,,,,
259.300,,0,0,0,0,,,,,,
259.320,,0,0,0,0,,,,,,
259.340,,0,0,0,0,,,,,,
259.360,,0,0,0,0,,,,,,
259.380,,0,0,0,0,,,,,,
259.400,,0,0,0,0,,,,,,
259.420,,0,0,0,0,,,,,,
259.440,,0,0,0,0,,,,,,
259.460,,0,0,0,0,,,,,,
259.480,,0,0,0,0,,,,,,
259.500,,0,0,0,0,,,,,,
259.520,,0,0,0,0,,,,,,
259.540,,0,0,0,0,,,,,,
259.560,,0,0,0,0,,,,,,
259.580,,0,0,0,0,,,,,,
259.600,,0,0,0,0,,,,,,
259.620,,0,0,0,0,,,,,,
259.640,,0,0,0,0,,,,,,
259.660,,0,0,0,0,,,,,,
259.680,,0,0,0,0,,,,,,
259.700,,0,0,0,0,,,,,,
259.720,,0,0,0,0,,,,,,
259.740,,0,0,0,0,,,,,,
259.760,,0,0,0,0,,,,,,
259.780,,0,0,0,0,,,,,,
259.800,,0,0,0,0,,,,,,
259.820,,0,0,0,0,,,,,,
259.840,,0,0,0,0,,,,,,
259.860,,0,0,0,0,,,,,,
259.880,,0,0,0,0,,,,,,
259.900,,0,0,0,0,,,,,,
259.920,,0,0,0,0,,,,,,
259.940,,0,0,0,0,,,,,,
259.960,,0,0,0,0,,,,,,
259.980,,0,0,0,0,,,,,,
260.000,,0,0,0,0,,,,,,
260.020,,0,0,0,0,,,,,,
260.040,,0,0,0,0,,,,,,
260.060,,0,0,0,0,,,,,,
260.080,,0,0,0,0,,,,,,
260.100,,0,0,0,0,,,,,,
260.120,,0,0,0,0,,,,,,
260.140,,0,0,0,0,,,,,,
260.160,,0,0,0,0,,,,,,
260.180,,0,0,0,0,,,,,,
260.200,,0,0,0,0,,,,,,
260.220,,0,0,0,0,,,,,,
260.240,,0,0,0,0,,,,,,
260.260,,0,0,0,0,,,,,,
260.280,,0,0,0,0,,,,,,
260.300,,0,0,0,0,,,,,,
260.320,,0,0,0,0,,,,,,
260.340,,0,0,0,0,,,,,,
260.360,,0,0,0,0,,,,,,
260.380,,0,0,0,0,,,,,,
260.400,,0,0,0,0,,,,,,
260.420,,0,0,0,0,,,,,,
260.440,,0,0,0,0,,,,,,
260.460,,0,0,0,0,,,,,,
260.480,,0,0,0,0,,,,,,
260.500,,0,0,0,0,,,,,,
260.520,,0,0,0,0,,,,,,
260.540,,0,0,0,0,,,,,,
260.560,,0,0,0,0,,,,,,
260.580,,0,0,0,0,,,,,,
260.600,,0,0,0,0,,,,,,
260.620,,0,0,0,0,,,,,,
260.640,,0,0,0,0,,,,,,
260.660,,0,0,0,0,,,,,,
260.680,,0,0,0,0,,,,,,
260.700,,0,0,0,0,,,,,,
260.720,,0,0,0,0,,,,,,
260.740,,0,0,0,0,,,,,,
260.760,,0,0,0,0,,,,,,
260.780,,0,0,0,0,,,,,,
260.800,,0,0,0,0,,,,,,
260.820,,0,0,0,0,,,,,,
260.840,,0,0,0,0,,,,,,
260.860,,0,0,0,0,,,,,,
260.880,,0,0,0,0,,,,,,
260.900,,0,0,0,0,,,,,,
260.920,,0,0,0,0,,,,,,
260.940,,0,0,0,0,,,,,,
260.960,,0,0,0,0,,,,,,
260.980,,0,0,0,0,,,,,,
261.000,,0,0,0,0,,,,,,
261.020,,0,0,0,0,,,,,,
261.040,,0,0,0,0,,,,,,
261.060,,0,0,0,0,,,,,,
261.080,,0,0,0,0,,,,,,
261.100,,0,0,0,0,,,,,,
261.120,,0,0,0,0,,,,,,
261.140,,0,0,0,0,,,,,,
261.160,,0,0,0,0,,,,,,
261.180,,0,0,0,0,,,,,,
261.200,,0,0,0,0,,,,,,
261.220,,0,0,0,0,,,,,,
261.240,,0,0,0,0,,,,,,
261.260,,0,0,0,0,,,,,,
261.280,,0,0,0,0,,,,,,
261.300,,0,0,0,0,,,,,,
261.320,,0,0,0,0,,,,,,
261.340,,0,0,0,0,,,,,,
261.360,,0,0,0,0,,,,,,
261.380,,0,0,0,0,,,,,,
261.400,,0,0,0,0,,,,,,
261.420,,0,0,0,0,,,,,,
261.440,,0,0,0,0,,,,,,
261.460,,0,0,0,0,,,,,,
261.480,,0,0,0,0,,,,,,
261.500,,0,0,0,0,,,,,,
261.520,,0,0,0,0,,,,,,
261.540,,0,0,0,0,,,,,,
261.560,,0,0,0,0,,,,,,
261.580,,0,0,0,0,,,,,,
261.600,,0,0,0,0,,,,,,
261.620,,0,0,0,0,,,,,,
261.640,,0,0,0,0,,,,,,
261.660,,0,0,0,0,,,,,,
261.680,,0,0,0,0,,,,,,
261.700,,0,0,0,0,,,,,,
261.720,,0,0,0,0,,,,,,
261.740,,0,0,0,0,,,,,,
261.760,,0,0,0,0,,,,,,
261.780,,0,0,0,0,,,,,,
261.800,,0,0,0,0,,,,,,
261.820,,0,0,0,0,,,,,,
261.840,,0,0,0,0,,,,,,
261.860,,0,0,0,0,,,,,,
261.880,,0,0,0,0,,,,,,
261.900,,0,0,0,0,,,,,,
261.920,,0,0,0,0,,,,,,
261.940,,0,0,0,0,,,,,,
261.960,,0,0,0,0,,,,,,
261.980,,0,0,0,0,,,,,,
262.000,,0,0,0,0,,,,,,
262.020,,0,0,0,0,,,,,,
262.040,,0,0,0,0,,,,,,
262.060,,0,0,0,0,,,,,,
262.080,,0,0,0,0,,,,,,
262.100,,0,0,0,0,,,,,,
262.120,,0,0,0,0,,,,,,
262.140,,0,0,0,0,,,,,,
262.160,,0,0,0,0,,,,,,
262.180,,0,0,0,0,,,,,,
262.200,,0,0,0,0,,,,,,
262.220,,0,0,0,0,,,,,,
262.240,,0,0,0,0,,,,,,
262.260,,0,0,0,0,,,,,,
262.280,,0,0,0,0,,,,,,
262.300,,0,0,0,0,,,,,,
262.320,,0,0,0,0,,,,,,
262.340,,0,0,0,0,,,,,,
262.360,,0,0,0,0,,,,,,
262.380,,0,0,0,0,,,,,,
262.400,,0,0,0,0,,,,,,
262.420,,0,0,0,0,,,,,,
262.440,,0,0,0,0,,,,,,
262.460,,0,0,0,0,,,,,,
262.480,,0,0,0,0,,,,,,
262.500,,0,0,0,0,,,,,,
262.520,,0,0,0,0,,,,,,
262.540,,0,0,0,0,,,,,,
262.560,,0,0,0,0,,,,,,
262.580,,0,0,0,0,,,,,,
262.600,,0,0,0,0,,,,,,
262.620,,0,0,0,0,,,,,,
262.640,,0,0,0,0,,,,,,
262.660,,0,0,0,0,,,,,,
262.680,,0,0,0,0,,,,,,
262.700,,0,0,0,0,,,,,,
262.720,,0,0,0,0,,,,,,
262.740,,0,0,0,0,,,,,,
262.760,,0,0,0,0,,,,,,
262.780,,0,0,0,0,,,,,,
262.800,,0,0,0,0,,,,,,
262.820,,0,0,0,0,,,,,,
262.840,,0,0,0,0,,,,,,
262.860,,0,0,0,0,,,,,,
262.880,,0,0,0,0,,,,,,
262.900,,0,0,0,0,,,,,,
262.920,,0,0,0,0,,,,,,
262.940,,0,0,0,0,,,,,,
262.960,,0,0,0,0,,,,,,
262.980,,0,0,0,0,,,,,,
263.000,,0,0,0,0,,,,,,
263.020,,0,0,0,0,,,,,,
263.040,,0,0,0,0,,,,,,
263.060,,0,0,0,0,,,,,,
263.080,,0,0,0,0,,,,,,
263.100,,0,0,0,0,,,,,,
263.120,,0,0,0,0,,,,,,
263.140,,0,0,0,0,,,,,,
263.160,,0,0,0,0,,,,,,
263.180,,0,0,0,0,,,,,,
263.200,,0,0,0,0,,,,,,
263.220,,0,0,0,0,,,,,,
263.240,,0,0,0,0,,,,,,
263.260,,0,0,0,0,,,,,,
263.280,,0,0,0,0,,,,,,
263.300,,0,0,0,0,,,,,,
263.320,,0,0,0,0,,,,,,
263.340,,0,0,0,0,,,,,,
263.360,,0,0,0,0,,,,,,
263.380,,0,0,0,0,,,,,,
263.400,,0,0,0,0,,,,,,
263.420,,0,0,0,0,,,,,,
263.440,,0,0,0,0,,,,,,
263.460,,0,0,0,0,,,,,,
263.480,,0,0,0,0,,,,,,
263.500,,0,0,0,0,,,,,,
263.520,,0,0,0,0,,,,,,
263.540,,0,0,0,0,,,,,,
263.560,,0,0,0,0,,,,,,
263.580,,0,0,0,0,,,,,,
263.600,,0,0,0,0,,,,,,
263.620,,0,0,0,0,,,,,,
263.640,,0,0,0,0,,,,,,
263.660,,0,0,0,0,,,,,,
263.680,,0,0,0,0,,,,,,
263.700,,0,0,0,0,,,,,,
263.720,,0,0,0,0,,,,,,
263.740,,0,0,0,0,,,,,,
263.760,,0,0,0,0,,,,,,
263.780,,0,0,0,0,,,,,,
263.800,,0,0,0,0,,,,,,
263.820,,0,0,0,0,,,,,,
263.840,,0,0,0,0,,,,,,
263.860,,0,0,0,0,,,,,,
263.880,,0,0,0,0,,,,,,
263.900,,0,0,0,0,,,,,,
263.920,,0,0,0,0,,,,,,
263.940,,0,0,0,0,,,,,,
263.960,,0,0,0,0,,,,,,
263.980,,0,0,0,0,,,,,,
264.000,,0,0,0,0,,,,,,
264.020,,0,0,0,0,,,,,,
264.040,,0,0,0,0,,,,,,
264.060,,0,0,0,0,,,,,,
264.080,,0,0,0,0,,,,,,
264.100,,0,0,0,0,,,,,,
264.120,,0,0,0,0,,,,,,
264.140,,0,0,0,0,,,,,,
264.160,,0,0,0,0,,,,,,
264.180,,0,0,0,0,,,,,,
264.200,,0,0,0,0,,,,,,
264.220,,0,0,0,0,,,,,,
264.240,,0,0,0,0,,,,,,
264.260,,0,0,0,0,,,,,,
264.280,,0,0,0,0,,,,,,
264.300,,0,0,0,0,,,,,,
264.320,,0,0,0,0,,,,,,
264.340,,0,0,0,0,,,,,,
264.360,,0,0,0,0,,,,,,
264.380,,0,0,0,0,,,,,,
264.400,,0,0,0,0,,,,,,
264.420,,0,0,0,0,,,,,,
264.440,,0,0,0,0,,,,,,
264.460,,0,0,0,0,,,,,,
264.480,,0,0,0,0,,,,,,
264.500,,0,0,0,0,,,,,,
264.520,,0,0,0,0,,,,,,
264.540,,0,0,0,0,,,,,,
264.560,,0,0,0,0,,,,,,
264.580,,0,0,0,0,,,,,,
264.600,,0,0,0,0,,,,,,
264.620,,0,0,0,0,,,,,,
264.640,,0,0,0,0,,,,,,
264.660,,0,0,0,0,,,,,,
264.680,,0,0,0,0,,,,,,
264.700,,0,0,0,0,,,,,,
264.720,,0,0,0,0,,,,,,
264.740,,0,0,0,0,,,,,,
264.760,,0,0,0,0,,,,,,
264.780,,0,0,0,0,,,,,,
264.800,,0,0,0,0,,,,,,
264.820,,0,0,0,0,,,,,,
264.840,,0,0,0,0,,,,,,
264.860,,0,0,0,0,,,,,,
264.880,,0,0,0,0,,,,,,
264.900,,0,0,0,0,,,,,,
264.920,,0,0,0,0,,,,,,
264.940,,0,0,0,0,,,,,,
264.960,,0,0,0,0,,,,,,
264.980,,0,0,0,0,,,,,,
265.000,,0,0,0,0,,,,,,
265.020,,0,0,0,0,,,,,,
265.040,,0,0,0,0,,,,,,
265.060,,0,0,0,0,,,,,,
265.080,,0,0,0,0,,,,,,
265.100,,0,0,0,0,,,,,,
265.120,,0,0,0,0,,,,,,
265.140,,0,0,0,0,,,,,,
265.160,,0,0,0,0,,,,,,
265.180,,0,0,0,0,,,,,,
265.200,,0,0,0,0,,,,,,
265.220,,0,0,0,0,,,,,,
265.240,,0,0,0,0,,,,,,
265.260,,0,0,0,0,,,,,,
265.280,,0,0,0,0,,,,,,
265.300,,0,0,0,0,,,,,,
265.320,,0,0,0,0,,,,,,
265.340,,0,0,0,0,,,,,,
265.360,,0,0,0,0,,,,,,
265.380,,0,0,0,0,,,,,,
265.400,,0,0,0,0,,,,,,
265.420,,0,0,0,0,,,,,,
265.440,,0,0,0,0,,,,,,
265.460,,0,0,0,0,,,,,,
265.480,,0,0,0,0,,,,,,
265.500,,0,0,0,0,,,,,,
265.520,,0,0,0,0,,,,,,
265.540,,0,0,0,0,,,,,,
265.560,,0,0,0,0,,,,,,
265.580,,0,0,0,0,,,,,,
265.600,,0,0,0,0,,,,,,
265.620,,0,0,0,0,,,,,,
265.640,,0,0,0,0,,,,,,
265.660,,0,0,0,0,,,,,,
265.680,,0,0,0,0,,,,,,
265.700,,0,0,0,0,,,,,,
265.720,,0,0,0,0,,,,,,
265.740,,0,0,0,0,,,,,,
265.760,,0,0,0,0,,,,,,
265.780,,0,0,0,0,,,,,,
265.800,,0,0,0,0,,,,,,
265.820,,0,0,0,0,,,,,,
265.840,,0,0,0,0,,,,,,
265.860,,0,0,0,0,,,,,,
265.880,,0,0,0,0,,,,,,
265.900,,0,0,0,0,,,,,,
265.920,,0,0,0,0,,,,,,
265.940,,0,0,0,0,,,,,,
265.960,,0,0,0,0,,,,,,
265.980,,0,0,0,0,,,,,,
266.000,,0,0,0,0,,,,,,
266.020,,0,0,0,0,,,,,,
266.040,,0,0,0,0,,,,,,
266.060,,0,0,0,0,,,,,,
266.080,,0,0,0,0,,,,,,
266.100,,0,0,0,0,,,,,,
266.120,,0,0,0,0,,,,,,
266.140,,0,0,0,0,,,,,,
266.160,,0,0,0,0,,,,,,
266.180,,0,0,0,0,,,,,,
266.200,,0,0,0,0,,,,,,
266.220,,0,0,0,0,,,,,,
266.240,,0,0,0,0,,,,,,
266.260,,0,0,0,0,,,,,,
266.280,,0,0,0,0,,,,,,
266.300,,0,0,0,0,,,,,,
266.320,,0,0,0,0,,,,,,
266.340,,0,0,0,0,,,,,,
266.360,,0,0,0,0,,,,,,
266.380,,0,0,0,0,,,,,,
266.400,,0,0,0,0,,,,,,
266.420,,0,0,0,0,,,,,,
266.440,,0,0,0,0,,,,,,
266.460,,0,0,0,0,,,,,,
266.480,,0,0,0,0,,,,,,
266.500,,0,0,0,0,,,,,,
266.520,,0,0,0,0,,,,,,
266.540,,0,0,0,0,,,,,,
266.560,,0,0,0,0,,,,,,
266.580,,0,0,0,0,,,,,,
266.600,,0,0,0,0,,,,,,
266.620,,0,0,0,0,,,,,,
266.640,,0,0,0,0,,,,,,
266.660,,0,0,0,0,,,,,,
266.680,,0,0,0,0,,,,,,
266.700,,0,0,0,0,,,,,,
266.720,,0,0,0,0,,,,,,
266.740,,0,0,0,0,,,,,,
266.760,,0,0,0,0,,,,,,
266.780,,0,0,0,0,,,,,,
266.800,,0,0,0,0,,,,,,
266.820,,0,0,0,0,,,,,,
266.840,,0,0,0,0,,,,,,
266.860,,0,0,0,0,,,,,,
266.880,,0,0,0,0,,,,,,
266.900,,0,0,0,0,,,,,,
266.920,,0,0,0,0,,,,,,
266.940,,0,0,0,0,,,,,,
266.960,,0,0,0,0,,,,,,
266.980,,0,0,0,0,,,,,,
267.000,,0,0,0,0,,,,,,
267.020,,0,0,0,0,,,,,,
267.040,,0,0,0,0,,,,,,
267.060,,0,0,0,0,,,,,,
267.080,,0,0,0,0,,,,,,
267.100,,0,0,0,0,,,,,,
267.120,,0,0,0,0,,,,,,
267.140,,0,0,0,0,,,,,,
267.160,,0,0,0,0,,,,,,
267.180,,0,0,0,0,,,,,,
267.200,,0,0,0,0,,,,,,
267.220,,0,0,0,0,,,,,,
267.240,,0,0,0,0,,,,,,
267.260,,0,0,0,0,,,,,,
267.280,,0,0,0,0,,,,,,
267.300,,0,0,0,0,,,,,,
267.320,,0,0,0,0,,,,,,
267.340,,0,0,0,0,,,,,,
267.360,,0,0,0,0,,,,,,
267.380,,0,0,0,0,,,,,,
267.400,,0,0,0,0,,,,,,
267.420,,0,0,0,0,,,,,,
267.440,,0,0,0,0,,,,,,
267.460,,0,0,0,0,,,,,,
267.480,,0,0,0,0,,,,,,
267.500,,0,0,0,0,,,,,,
267.520,,0,0,0,0,,,,,,
267.540,,0,0,0,0,,,,,,
267.560,,0,0,0,0,,,,,,
267.580,,0,0,0,0,,,,,,
267.600,,0,0,0,0,,,,,,
267.620,,0,0,0,0,,,,,,
267.640,,0,0,0,0,,,,,,
267.660,,0,0,0,0,,,,,,
267.680,,0,0,0,0,,,,,,
267.700,,0,0,0,0,,,,,,
267.720,,0,0,0,0,,,,,,
267.740,,0,0,0,0,,,,,,
267.760,,0,0,0,0,,,,,,
267.780,,0,0,0,0,,,,,,
267.800,,0,0,0,0,,,,,,
267.820,,0,0,0,0,,,,,,
267.840,,0,0,0,0,,,,,,
267.860,,0,0,0,0,,,,,,
267.880,,0,0,0,0,,,,,,
267.900,,0,0,0,0,,,,,,
267.920,,0,0,0,0,,,,,,
267.940,,0,0,0,0,,,,,,
267.960,,0,0,0,0,,,,,,
267.980,,0,0,0,0,,,,,,
268.000,,0,0,0,0,,,,,,
268.020,,0,0,0,0,,,,,,
268.040,,0,0,0,0,,,,,,
268.060,,0,0,0,0,,,,,,
268.080,,0,0,0,0,,,,,,
268.100,,0,0,0,0,,,,,,
268.120,,0,0,0,0,,,,,,
268.140,,0,0,0,0,,,,,,
268.160,,0,0,0,0,,,,,,
268.180,,0,0,0,0,,,,,,
268.200,,0,0,0,0,,,,,,
268.220,,0,0,0,0,,,,,,
268.240,,0,0,0,0,,,,,,
268.260,,0,0,0,0,,,,,,
268.280,,0,0,0,0,,,,,,
268.300,,0,0,0,0,,,,,,
268.320,,0,0,0,0,,,,,,
268.340,,0,0,0,0,,,,,,
268.360,,0,0,0,0,,,,,,
268.380,,0,0,0,0,,,,,,
268.400,,0,0,0,0,,,,,,
268.420,,0,0,0,0,,,,,,
268.440,,0,0,0,0,,,,,,
268.460,,0,0,0,0,,,,,,
268.480,,0,0,0,0,,,,,,
268.500,,0,0,0,0,,,,,,
268.520,,0,0,0,0,,,,,,
268.540,,0,0,0,0,,,,,,
268.560,,0,0,0,0,,,,,,
268.580,,0,0,0,0,,,,,,
268.600,,0,0,0,0,,,,,,
268.620,,0,0,0,0,,,,,,
268.640,,0,0,0,0,,,,,,
268.660,,0,0,0,0,,,,,,
268.680,,0,0,0,0,,,,,,
268.700,,0,0,0,0,,,,,,
268.720,,0,0,0,0,,,,,,
268.740,,0,0,0,0,,,,,,
268.760,,0,0,0,0,,,,,,
268.780,,0,0,0,0,,,,,,
268.800,,0,0,0,0,,,,,,
268.820,,0,0,0,0,,,,,,
268.840,,0,0,0,0,,,,,,
268.860,,0,0,0,0,,,,,,
268.880,,0,0,0,0,,,,,,
268.900,,0,0,0,0,,,,,,
268.920,,0,0,0,0,,,,,,
268.940,,0,0,0,0,,,,,,
268.960,,0,0,0,0,,,,,,
268.980,,0,0,0,0,,,,,,
269.000,,0,0,0,0,,,,,,
269.020,,0,0,0,0,,,,,,
269.040,,0,0,0,0,,,,,,
269.060,,0,0,0,0,,,,,,
269.080,,0,0,0,0,,,,,,
269.100,,0,0,0,0,,,,,,
269.120,,0,0,0,0,,,,,,
269.140,,0,0,0,0,,,,,,
269.160,,0,0,0,0,,,,,,
269.180,,0,0,0,0,,,,,,
269.200,,0,0,0,0,,,,,,
269.220,,0,0,0,0,,,,,,
269.240,,0,0,0,0,,,,,,
269.260,,0,0,0,0,,,,,,
269.280,,0,0,0,0,,,,,,
269.300,,0,0,0,0,,,,,,
269.320,,0,0,0,0,,,,,,
269.340,,0,0,0,0,,,,,,
269.360,,0,0,0,0,,,,,,
269.380,,0,0,0,0,,,,,,
269.400,,0,0,0,0,,,,,,
269.420,,0,0,0,0,,,,,,
269.440,,0,0,0,0,,,,,,
269.460,,0,0,0,0,,,,,,
269.480,,0,0,0,0,,,,,,
269.500,,0,0,0,0,,,,,,
269.520,,0,0,0,0,,,,,,
269.540,,0,0,0,0,,,,,,
269.560,,0,0,0,0,,,,,,
269.580,,0,0,0,0,,,,,,
269.600,,0,0,0,0,,,,,,
269.620,,0,0,0,0,,,,,,
269.640,,0,0,0,0,,,,,,
269.660,,0,0,0,0,,,,,,
269.680,,0,0,0,0,,,,,,
269.700,,0,0,0,0,,,,,,
269.720,,0,0,0,0,,,,,,
269.740,,0,0,0,0,,,,,,
269.760,,0,0,0,0,,,,,,
269.780,,0,0,0,0,,,,,,
269.800,,0,0,0,0,,,,,,
269.820,,0,0,0,0,,,,,,
269.840,,0,0,0,0,,,,,,
269.860,,0,0,0,0,,,,,,
269.880,,0,0,0,0,,,,,,
269.900,,0,0,0,0,,,,,,
269.920,,0,0,0,0,,,,,,
269.940,,0,0,0,0,,,,,,
269.960,,0,0,0,0,,,,,,
269.980,,0,0,0,0,,,,,,
270.000,,0,0,0,0,,,,,,
270.020,,0,0,0,0,,,,,,
270.040,,0,0,0,0,,,,,,
270.060,,0,0,0,0,,,,,,
270.080,,0,0,0,0,,,,,,
270.100,,0,0,0,0,,,,,,
270.120,,0,0,0,0,,,,,,
270.140,,0,0,0,0,,,,,,
270.160,,0,0,0,0,,,,,,
270.180,,0,0,0,0,,,,,,
270.200,,0,0,0,0,,,,,,
270.220,,0,0,0,0,,,,,,
270.240,,0,0,0,0,,,,,,
270.260,,0,0,0,0,,,,,,
270.280,,0,0,0,0,,,,,,
270.300,,0,0,0,0,,,,,,
270.320,,0,0,0,0,,,,,,
270.340,,0,0,0,0,,,,,,
270.360,,0,0,0,0,,,,,,
270.380,,0,0,0,0,,,,,,
270.400,,0,0,0,0,,,,,,
270.420,,0,0,0,0,,,,,,
270.440,,0,0,0,0,,,,,,
270.460,,0,0,0,0,,,,,,
270.480,,0,0,0,0,,,,,,
270.500,,0,0,0,0,,,,,,
270.520,,0,0,0,0,,,,,,
270.541,,0,0,0,0,,,,,,
270.560,,0,0,0,0,,,,,,
270.580,,0,0,0,0,,,,,,
270.600,,0,0,0,0,,,,,,
270.620,,0,0,0,0,,,,,,
270.640,,0,0,0,0,,,,,,
270.660,,0,0,0,0,,,,,,
270.680,,0,0,0,0,,,,,,
270.700,,0,0,0,0,,,,,,
270.720,,0,0,0,0,,,,,,
270.740,,0,0,0,0,,,,,,
270.760,,0,0,0,0,,,,,,
270.780,,0,0,0,0,,,,,,
270.800,,0,0,0,0,,,,,,
270.820,,0,0,0,0,,,,,,
270.840,,0,0,0,0,,,,,,
270.860,,0,0,0,0,,,,,,
270.880,,0,0,0,0,,,,,,
270.900,,0,0,0,0,,,,,,
270.920,,0,0,0,0,,,,,,
270.940,,0,0,0,0,,,,,,
270.960,,0,0,0,0,,,,,,
270.980,,0,0,0,0,,,,,,
271.000,,0,0,0,0,,,,,,
271.020,,0,0,0,0,,,,,,
271.040,,0,0,0,0,,,,,,
271.060,,0,0,0,0,,,,,,
271.080,,0,0,0,0,,,,,,
271.100,,0,0,0,0,,,,,,
271.120,,0,0,0,0,,,,,,
271.140,,0,0,0,0,,,,,,
271.160,,0,0,0,0,,,,,,
271.180,,0,0,0,0,,,,,,
271.200,,0,0,0,0,,,,,,
271.220,,0,0,0,0,,,,,,
271.240,,0,0,0,0,,,,,,
271.260,,0,0,0,0,,,,,,
271.280,,0,0,0,0,,,,,,
271.300,,0,0,0,0,,,,,,
271.320,,0,0,0,0,,,,,,
271.340,,0,0,0,0,,,,,,
271.360,,0,0,0,0,,,,,,
271.380,,0,0,0,0,,,,,,
271.400,,0,0,0,0,,,,,,
271.420,,0,0,0,0,,,,,,
271.440,,0,0,0,0,,,,,,
271.460,,0,0,0,0,,,,,,
271.480,,0,0,0,0,,,,,,
271.500,,0,0,0,0,,,,,,
271.520,,0,0,0,0,,,,,,
271.540,,0,0,0,0,,,,,,
271.560,,0,0,0,0,,,,,,
271.580,,0,0,0,0,,,,,,
271.600,,0,0,0,0,,,,,,
271.620,,0,0,0,0,,,,,,
271.640,,0,0,0,0,,,,,,
271.660,,0,0,0,0,,,,,,
271.680,,0,0,0,0,,,,,,
271.700,,0,0,0,0,,,,,,
271.720,,0,0,0,0,,,,,,
271.740,,0,0,0,0,,,,,,
271.760,,0,0,0,0,,,,,,
271.780,,0,0,0,0,,,,,,
271.800,,0,0,0,0,,,,,,
271.820,,0,0,0,0,,,,,,
271.840,,0,0,0,0,,,,,,
271.860,,0,0,0,0,,,,,,
271.880,,0,0,0,0,,,,,,
271.900,,0,0,0,0,,,,,,
271.920,,0,0,0,0,,,,,,
271.940,,0,0,0,0,,,,,,
271.960,,0,0,0,0,,,,,,
271.980,,0,0,0,0,,,,,,
272.000,,0,0,0,0,,,,,,
272.020,,0,0,0,0,,,,,,
272.040,,0,0,0,0,,,,,,
272.060,,0,0,0,0,,,,,,
272.080,,0,0,0,0,,,,,,
272.100,,0,0,0,0,,,,,,
272.120,,0,0,0,0,,,,,,
272.140,,0,0,0,0,,,,,,
272.160,,0,0,0,0,,,,,,
272.180,,0,0,0,0,,,,,,
272.200,,0,0,0,0,,,,,,
272.220,,0,0,0,0,,,,,,
272.240,,0,0,0,0,,,,,,
272.260,,0,0,0,0,,,,,,
272.280,,0,0,0,0,,,,,,
272.300,,0,0,0,0,,,,,,
272.320,,0,0,0,0,,,,,,
272.340,,0,0,0,0,,,,,,
272.360,,0,0,0,0,,,,,,
272.380,,0,0,0,0,,,,,,
272.400,,0,0,0,0,,,,,,
272.420,,0,0,0,0,,,,,,
272.440,,0,0,0,0,,,,,,
272.460,,0,0,0,0,,,,,,
272.480,,0,0,0,0,,,,,,
272.500,,0,0,0,0,,,,,,
272.520,,0,0,0,0,,,,,,
272.540,,0,0,0,0,,,,,,
272.560,,0,0,0,0,,,,,,
272.580,,0,0,0,0,,,,,,
272.600,,0,0,0,0,,,,,,
272.620,,0,0,0,0,,,,,,
272.640,,0,0,0,0,,,,,,
272.660,,0,0,0,0,,,,,,
272.680,,0,0,0,0,,,,,,
272.700,,0,0,0,0,,,,,,
272.720,,0,0,0,0,,,,,,
272.740,,0,0,0,0,,,,,,
272.760,,0,0,0,0,,,,,,
272.780,,0,0,0,0,,,,,,
272.800,,0,0,0,0,,,,,,
272.820,,0,0,0,0,,,,,,
272.840,,0,0,0,0,,,,,,
272.860,,0,0,0,0,,,,,,
272.880,,0,0,0,0,,,,,,
272.900,,0,0,0,0,,,,,,
272.920,,0,0,0,0,,,,,,
272.940,,0,0,0,0,,,,,,
272.960,,0,0,0,0,,,,,,
272.980,,0,0,0,0,,,,,,
273.000,,0,0,0,0,,,,,,
273.020,,0,0,0,0,,,,,,
273.040,,0,0,0,0,,,,,,
273.060,,0,0,0,0,,,,,,
273.080,,0,0,0,0,,,,,,
273.100,,0,0,0,0,,,,,,
273.120,,0,0,0,0,,,,,,
273.140,,0,0,0,0,,,,,,
273.160,,0,0,0,0,,,,,,
273.180,,0,0,0,0,,,,,,
273.200,,0,0,0,0,,,,,,
273.220,,0,0,0,0,,,,,,
273.240,,0,0,0,0,,,,,,
273.260,,0,0,0,0,,,,,,
273.280,,0,0,0,0,,,,,,
273.300,,0,0,0,0,,,,,,
273.320,,0,0,0,0,,,,,,
273.340,,0,0,0,0,,,,,,
273.360,,0,0,0,0,,,,,,
273.380,,0,0,0,0,,,,,,
273.400,,0,0,0,0,,,,,,
273.420,,0,0,0,0,,,,,,
273.440,,0,0,0,0,,,,,,
273.460,,0,0,0,0,,,,,,
273.480,,0,0,0,0,,,,,,
273.500,,0,0,0,0,,,,,,
273.520,,0,0,0,0,,,,,,
273.540,,0,0,0,0,,,,,,
273.560,,0,0,0,0,,,,,,
273.580,,0,0,0,0,,,,,,
273.600,,0,0,0,0,,,,,,
273.620,,0,0,0,0,,,,,,
273.640,,0,0,0,0,,,,,,
273.660,,0,0,0,0,,,,,,
273.680,,0,0,0,0,,,,,,
273.700,,0,0,0,0,,,,,,
273.720,,0,0,0,0,,,,,,
273.740,,0,0,0,0,,,,,,
273.760,,0,0,0,0,,,,,,
273.780,,0,0,0,0,,,,,,
273.800,,0,0,0,0,,,,,,
273.820,,0,0,0,0,,,,,,
273.840,,0,0,0,0,,,,,,
273.860,,0,0,0,0,,,,,,
273.880,,0,0,0,0,,,,,,
273.900,,0,0,0,0,,,,,,
273.920,,0,0,0,0,,,,,,
273.940,,0,0,0,0,,,,,,
273.960,,0,0,0,0,,,,,,
273.980,,0,0,0,0,,,,,,
274.000,,0,0,0,0,,,,,,
274.020,,0,0,0,0,,,,,,
274.040,,0,0,0,0,,,,,,
274.060,,0,0,0,0,,,,,,
274.080,,0,0,0,0,,,,,,
274.100,,0,0,0,0,,,,,,
274.120,,0,0,0,0,,,,,,
274.140,,0,0,0,0,,,,,,
274.160,,0,0,0,0,,,,,,
274.180,,0,0,0,0,,,,,,
274.200,,0,0,0,0,,,,,,
274.220,,0,0,0,0,,,,,,
274.240,,0,0,0,0,,,,,,
274.260,,0,0,0,0,,,,,,
274.280,,0,0,0,0,,,,,,
274.300,,0,0,0,0,,,,,,
274.320,,0,0,0,0,,,,,,
274.340,,0,0,0,0,,,,,,
274.360,,0,0,0,0,,,,,,
274.380,,0,0,0,0,,,,,,
274.400,,0,0,0,0,,,,,,
274.420,,0,0,0,0,,,,,,
274.440,,0,0,0,0,,,,,,
274.460,,0,0,0,0,,,,,,
274.480,,0,0,0,0,,,,,,
274.500,,0,0,0,0,,,,,,
274.520,,0,0,0,0,,,,,,
274.540,,0,0,0,0,,,,,,
274.560,,0,0,0,0,,,,,,
274.580,,0,0,0,0,,,,,,
274.600,,0,0,0,0,,,,,,
274.620,,0,0,0,0,,,,,,
274.640,,0,0,0,0,,,,,,
274.660,,0,0,0,0,,,,,,
274.680,,0,0,0,0,,,,,,
274.700,,0,0,0,0,,,,,,
274.720,,0,0,0,0,,,,,,
274.740,,0,0,0,0,,,,,,
274.760,,0,0,0,0,,,,,,
274.780,,0,0,0,0,,,,,,
274.800,,0,0,0,0,,,,,,
274.820,,0,0,0,0,,,,,,
274.840,,0,0,0,0,,,,,,
274.860,,0,0,0,0,,,,,,
274.880,,0,0,0,0,,,,,,
274.900,,0,0,0,0,,,,,,
274.920,,0,0,0,0,,,,,,
274.940,,0,0,0,0,,,,,,
274.960,,0,0,0,0,,,,,,
274.980,,0,0,0,0,,,,,,
275.000,,0,0,0,0,,,,,,
275.020,,0,0,0,0,,,,,,
275.040,,0,0,0,0,,,,,,
275.060,,0,0,0,0,,,,,,
275.080,,0,0,0,0,,,,,,
275.100,,0,0,0,0,,,,,,
275.120,,0,0,0,0,,,,,,
275.140,,0,0,0,0,,,,,,
275.160,,0,0,0,0,,,,,,
275.180,,0,0,0,0,,,,,,
275.200,,0,0,0,0,,,,,,
275.220,,0,0,0,0,,,,,,
275.240,,0,0,0,0,,,,,,
275.260,,0,0,0,0,,,,,,
275.280,,0,0,0,0,,,,,,
275.300,,0,0,0,0,,,,,,
275.320,,0,0,0,0,,,,,,
275.340,,0,0,0,0,,,,,,
275.360,,0,0,0,0,,,,,,
275.380,,0,0,0,0,,,,,,
275.400,,0,0,0,0,,,,,,
275.420,,0,0,0,0,,,,,,
275.440,,0,0,0,0,,,,,,
275.460,,0,0,0,0,,,,,,
275.480,,0,0,0,0,,,,,,
275.500,,0,0,0,0,,,,,,
275.520,,0,0,0,0,,,,,,
275.540,,0,0,0,0,,,,,,
275.560,,0,0,0,0,,,,,,
275.580,,0,0,0,0,,,,,,
275.600,,0,0,0,0,,,,,,
275.620,,0,0,0,0,,,,,,
275.640,,0,0,0,0,,,,,,
275.660,,0,0,0,0,,,,,,
275.680,,0,0,0,0,,,,,,
275.700,,0,0,0,0,,,,,,
275.720,,0,0,0,0,,,,,,
275.740,,0,0,0,0,,,,,,
275.760,,0,0,0,0,,,,,,
275.780,,0,0,0,0,,,,,,
275.800,,0,0,0,0,,,,,,
275.820,,0,0,0,0,,,,,,
275.840,,0,0,0,0,,,,,,
275.860,,0,0,0,0,,,,,,
275.880,,0,0,0,0,,,,,,
275.900,,0,0,0,0,,,,,,
275.920,,0,0,0,0,,,,,,
275.940,,0,0,0,0,,,,,,
275.960,,0,0,0,0,,,,,,
275.980,,0,0,0,0,,,,,,
276.000,,0,0,0,0,,,,,,
276.020,,0,0,0,0,,,,,,
276.040,,0,0,0,0,,,,,,
276.060,,0,0,0,0,,,,,,
276.080,,0,0,0,0,,,,,,
276.102,,0,0,0,0,,,,,,
276.120,,0,0,0,0,,,,,,
276.140,,0,0,0,0,,,,,,
276.160,,0,0,0,0,,,,,,
276.180,,0,0,0,0,,,,,,
276.200,,0,0,0,0,,,,,,
276.220,,0,0,0,0,,,,,,
276.240,,0,0,0,0,,,,,,
276.260,,0,0,0,0,,,,,,
276.280,,0,0,0,0,,,,,,
276.300,,0,0,0,0,,,,,,
276.320,,0,0,0,0,,,,,,
276.340,,0,0,0,0,,,,,,
276.360,,0,0,0,0,,,,,,
276.380,,0,0,0,0,,,,,,
276.400,,0,0,0,0,,,,,,
276.420,,0,0,0,0,,,,,,
276.440,,0,0,0,0,,,,,,
276.460,,0,0,0,0,,,,,,
276.480,,0,0,0,0,,,,,,
276.500,,0,0,0,0,,,,,,
276.520,,0,0,0,0,,,,,,
276.540,,0,0,0,0,,,,,,
276.560,,0,0,0,0,,,,,,
276.580,,0,0,0,0,,,,,,
276.600,,0,0,0,0,,,,,,
276.620,,0,0,0,0,,,,,,
276.640,,0,0,0,0,,,,,,
276.660,,0,0,0,0,,,,,,
276.680,,0,0,0,0,,,,,,
276.700,,0,0,0,0,,,,,,
276.720,,0,0,0,0,,,,,,
276.740,,0,0,0,0,,,,,,
276.760,,0,0,0,0,,,,,,
276.780,,0,0,0,0,,,,,,
276.800,,0,0,0,0,,,,,,
276.820,,0,0,0,0,,,,,,
276.840,,0,0,0,0,,,,,,
276.860,,0,0,0,0,,,,,,
276.880,,0,0,0,0,,,,,,
276.900,,0,0,0,0,,,,,,
276.920,,0,0,0,0,,,,,,
276.940,,0,0,0,0,,,,,,
276.960,,0,0,0,0,,,,,,
276.980,,0,0,0,0,,,,,,
277.000,,0,0,0,0,,,,,,
277.020,,0,0,0,0,,,,,,
277.040,,0,0,0,0,,,,,,
277.060,,0,0,0,0,,,,,,
277.080,,0,0,0,0,,,,,,
277.100,,0,0,0,0,,,,,,
277.120,,0,0,0,0,,,,,,
277.140,,0,0,0,0,,,,,,
277.160,,0,0,0,0,,,,,,
277.180,,0,0,0,0,,,,,,
277.200,,0,0,0,0,,,,,,
277.220,,0,0,0,0,,,,,,
277.240,,0,0,0,0,,,,,,
277.260,,0,0,0,0,,,,,,
277.280,,0,0,0,0,,,,,,
277.300,,0,0,0,0,,,,,,
277.320,,0,0,0,0,,,,,,
277.340,,0,0,0,0,,,,,,
277.360,,0,0,0,0,,,,,,
277.380,,0,0,0,0,,,,,,
277.400,,0,0,0,0,,,,,,
277.420,,0,0,0,0,,,,,,
277.440,,0,0,0,0,,,,,,
277.460,,0,0,0,0,,,,,,
277.480,,0,0,0,0,,,,,,
277.500,,0,0,0,0,,,,,,
277.520,,0,0,0,0,,,,,,
277.540,,0,0,0,0,,,,,,
277.560,,0,0,0,0,,,,,,
277.580,,0,0,0,0,,,,,,
277.600,,0,0,0,0,,,,,,
277.620,,0,0,0,0,,,,,,
277.640,,0,0,0,0,,,,,,
277.660,,0,0,0,0,,,,,,
277.680,,0,0,0,0,,,,,,
277.700,,0,0,0,0,,,,,,
277.720,,0,0,0,0,,,,,,
277.740,,0,0,0,0,,,,,,
277.760,,0,0,0,0,,,,,,
277.780,,0,0,0,0,,,,,,
277.800,,0,0,0,0,,,,,,
277.820,,0,0,0,0,,,,,,
277.840,,0,0,0,0,,,,,,
277.860,,0,0,0,0,,,,,,
277.880,,0,0,0,0,,,,,,
277.900,,0,0,0,0,,,,,,
277.920,,0,0,0,0,,,,,,
277.940,,0,0,0,0,,,,,,
277.960,,0,0,0,0,,,,,,
277.980,,0,0,0,0,,,,,,
278.000,,0,0,0,0,,,,,,
278.020,,0,0,0,0,,,,,,
278.040,,0,0,0,0,,,,,,
278.060,,0,0,0,0,,,,,,
278.080,,0,0,0,0,,,,,,
278.100,,0,0,0,0,,,,,,
278.120,,0,0,0,0,,,,,,
278.140,,0,0,0,0,,,,,,
278.160,,0,0,0,0,,,,,,
278.180,,0,0,0,0,,,,,,
278.200,,0,0,0,0,,,,,,
278.220,,0,0,0,0,,,,,,
278.240,,0,0,0,0,,,,,,
278.260,,0,0,0,0,,,,,,
278.280,,0,0,0,0,,,,,,
278.300,,0,0,0,0,,,,,,
278.320,,0,0,0,0,,,,,,
278.340,,0,0,0,0,,,,,,
278.360,,0,0,0,0,,,,,,
278.380,,0,0,0,0,,,,,,
278.400,,0,0,0,0,,,,,,
278.420,,0,0,0,0,,,,,,
278.440,,0,0,0,0,,,,,,
278.460,,0,0,0,0,,,,,,
278.480,,0,0,0,0,,,,,,
278.500,,0,0,0,0,,,,,,
278.520,,0,0,0,0,,,,,,
278.540,,0,0,0,0,,,,,,
278.560,,0,0,0,0,,,,,,
278.580,,0,0,0,0,,,,,,
278.600,,0,0,0,0,,,,,,
278.620,,0,0,0,0,,,,,,
278.640,,0,0,0,0,,,,,,
278.660,,0,0,0,0,,,,,,
278.680,,0,0,0,0,,,,,,
278.700,,0,0,0,0,,,,,,
278.720,,0,0,0,0,,,,,,
278.740,,0,0,0,0,,,,,,
278.760,,0,0,0,0,,,,,,
278.780,,0,0,0,0,,,,,,
278.800,,0,0,0,0,,,,,,
278.820,,0,0,0,0,,,,,,
278.840,,0,0,0,0,,,,,,
278.860,,0,0,0,0,,,,,,
278.880,,0,0,0,0,,,,,,
278.900,,0,0,0,0,,,,,,
278.920,,0,0,0,0,,,,,,
278.940,,0,0,0,0,,,,,,
278.960,,0,0,0,0,,,,,,
278.980,,0,0,0,0,,,,,,
279.000,,0,0,0,0,,,,,,
279.020,,0,0,0,0,,,,,,
279.040,,0,0,0,0,,,,,,
279.060,,0,0,0,0,,,,,,
279.080,,0,0,0,0,,,,,,
279.100,,0,0,0,0,,,,,,
279.120,,0,0,0,0,,,,,,
279.140,,0,0,0,0,,,,,,
279.160,,0,0,0,0,,,,,,
279.180,,0,0,0,0,,,,,,
279.200,,0,0,0,0,,,,,,
279.220,,0,0,0,0,,,,,,
279.240,,0,0,0,0,,,,,,
279.260,,0,0,0,0,,,,,,
279.280,,0,0,0,0,,,,,,
279.300,,0,0,0,0,,,,,,
279.320,,0,0,0,0,,,,,,
279.340,,0,0,0,0,,,,,,
279.360,,0,0,0,0,,,,,,
279.380,,0,0,0,0,,,,,,
279.400,,0,0,0,0,,,,,,
279.420,,0,0,0,0,,,,,,
279.440,,0,0,0,0,,,,,,
279.460,,0,0,0,0,,,,,,
279.480,,0,0,0,0,,,,,,
279.500,,0,0,0,0,,,,,,
279.520,,0,0,0,0,,,,,,
279.540,,0,0,0,0,,,,,,
279.560,,0,0,0,0,,,,,,
279.580,,0,0,0,0,,,,,,
279.600,,0,0,0,0,,,,,,
279.620,,0,0,0,0,,,,,,
279.640,,0,0,0,0,,,,,,
279.660,,0,0,0,0,,,,,,
279.680,,0,0,0,0,,,,,,
279.700,,0,0,0,0,,,,,,
279.720,,0,0,0,0,,,,,,
279.740,,0,0,0,0,,,,,,
279.760,,0,0,0,0,,,,,,
279.780,,0,0,0,0,,,,,,
279.800,,0,0,0,0,,,,,,
279.820,,0,0,0,0,,,,,,
279.840,,0,0,0,0,,,,,,
279.860,,0,0,0,0,,,,,,
279.880,,0,0,0,0,,,,,,
279.900,,0,0,0,0,,,,,,
279.920,,0,0,0,0,,,,,,
279.940,,0,0,0,0,,,,,,
279.960,,0,0,0,0,,,,,,
279.980,,0,0,0,0,,,,,,
280.000,,0,0,0,0,,,,,,
280.020,,0,0,0,0,,,,,,
280.040,,0,0,0,0,,,,,,
280.060,,0,0,0,0,,,,,,
280.080,,0,0,0,0,,,,,,
280.100,,0,0,0,0,,,,,,
280.120,,0,0,0,0,,,,,,
280.140,,0,0,0,0,,,,,,
280.160,,0,0,0,0,,,,,,
280.180,,0,0,0,0,,,,,,
280.200,,0,0,0,0,,,,,,
280.220,,0,0,0,0,,,,,,
280.240,,0,0,0,0,,,,,,
280.260,,0,0,0,0,,,,,,
280.280,,0,0,0,0,,,,,,
280.300,,0,0,0,0,,,,,,
280.320,,0,0,0,0,,,,,,
280.340,,0,0,0,0,,,,,,
280.360,,0,0,0,0,,,,,,
280.380,,0,0,0,0,,,,,,
280.400,,0,0,0,0,,,,,,
280.420,,0,0,0,0,,,,,,
280.440,,0,0,0,0,,,,,,
280.460,,0,0,0,0,,,,,,
280.480,,0,0,0,0,,,,,,
280.500,,0,0,0,0,,,,,,
280.520,,0,0,0,0,,,,,,
280.540,,0,0,0,0,,,,,,
280.560,,0,0,0,0,,,,,,
280.580,,0,0,0,0,,,,,,
280.600,,0,0,0,0,,,,,,
280.620,,0,0,0,0,,,,,,
280.640,,0,0,0,0,,,,,,
280.660,,0,0,0,0,,,,,,
280.680,,0,0,0,0,,,,,,
280.700,,0,0,0,0,,,,,,
280.720,,0,0,0,0,,,,,,
280.740,,0,0,0,0,,,,,,
280.760,,0,0,0,0,,,,,,
280.780,,0,0,0,0,,,,,,
280.800,,0,0,0,0,,,,,,
280.820,,0,0,0,0,,,,,,
280.840,,0,0,0,0,,,,,,
280.860,,0,0,0,0,,,,,,
280.880,,0,0,0,0,,,,,,
280.900,,0,0,0,0,,,,,,
280.920,,0,0,0,0,,,,,,
280.940,,0,0,0,0,,,,,,
280.960,,0,0,0,0,,,,,,
280.980,,0,0,0,0,,,,,,
281.000,,0,0,0,0,,,,,,
281.020,,0,0,0,0,,,,,,
281.040,,0,0,0,0,,,,,,
281.060,,0,0,0,0,,,,,,
281.080,,0,0,0,0,,,,,,
281.100,,0,0,0,0,,,,,,
281.120,,0,0,0,0,,,,,,
281.140,,0,0,0,0,,,,,,
281.160,,0,0,0,0,,,,,,
281.180,,0,0,0,0,,,,,,
281.200,,0,0,0,0,,,,,,
281.220,,0,0,0,0,,,,,,
281.240,,0,0,0,0,,,,,,
281.260,,0,0,0,0,,,,,,
281.280,,0,0,0,0,,,,,,
281.300,,0,0,0,0,,,,,,
281.320,,0,0,0,0,,,,,,
281.340,,0,0,0,0,,,,,,
281.360,,0,0,0,0,,,,,,
281.380,,0,0,0,0,,,,,,
281.400,,0,0,0,0,,,,,,
281.420,,0,0,0,0,,,,,,
281.440,,0,0,0,0,,,,,,
281.460,,0,0,0,0,,,,,,
281.480,,0,0,0,0,,,,,,
281.500,,0,0,0,0,,,,,,
281.520,,0,0,0,0,,,,,,
281.540,,0,0,0,0,,,,,,
281.560,,0,0,0,0,,,,,,
281.580,,0,0,0,0,,,,,,
281.600,,0,0,0,0,,,,,,
281.620,,0,0,0,0,,,,,,
281.640,,0,0,0,0,,,,,,
281.660,,0,0,0,0,,,,,,
281.680,,0,0,0,0,,,,,,
281.700,,0,0,0,0,,,,,,
281.720,,0,0,0,0,,,,,,
281.740,,0,0,0,0,,,,,,
281.760,,0,0,0,0,,,,,,
281.780,,0,0,0,0,,,,,,
281.800,,0,0,0,0,,,,,,
281.820,,0,0,0,0,,,,,,
281.840,,0,0,0,0,,,,,,
281.860,,0,0,0,0,,,,,,
281.880,,0,0,0,0,,,,,,
281.900,,0,0,0,0,,,,,,
281.920,,0,0,0,0,,,,,,
281.940,,0,0,0,0,,,,,,
281.960,,0,0,0,0,,,,,,
281.980,,0,0,0,0,,,,,,
282.000,,0,0,0,0,,,,,,
282.020,,0,0,0,0,,,,,,
282.040,,0,0,0,0,,,,,,
282.060,,0,0,0,0,,,,,,
282.080,,0,0,0,0,,,,,,
282.100,,0,0,0,0,,,,,,
282.120,,0,0,0,0,,,,,,
282.140,,0,0,0,0,,,,,,
282.160,,0,0,0,0,,,,,,
282.180,,0,0,0,0,,,,,,
282.200,,0,0,0,0,,,,,,
282.220,,0,0,0,0,,,,,,
282.240,,0,0,0,0,,,,,,
282.260,,0,0,0,0,,,,,,
282.280,,0,0,0,0,,,,,,
282.300,,0,0,0,0,,,,,,
282.320,,0,0,0,0,,,,,,
282.340,,0,0,0,0,,,,,,
282.360,,0,0,0,0,,,,,,
282.380,,0,0,0,0,,,,,,
282.400,,0,0,0,0,,,,,,
282.420,,0,0,0,0,,,,,,
282.440,,0,0,0,0,,,,,,
282.460,,0,0,0,0,,,,,,
282.480,,0,0,0,0,,,,,,
282.500,,0,0,0,0,,,,,,
282.520,,0,0,0,0,,,,,,
282.540,,0,0,0,0,,,,,,
282.560,,0,0,0,0,,,,,,
282.580,,0,0,0,0,,,,,,
282.600,,0,0,0,0,,,,,,
282.620,,0,0,0,0,,,,,,
282.640,,0,0,0,0,,,,,,
282.660,,0,0,0,0,,,,,,
282.680,,0,0,0,0,,,,,,
282.700,,0,0,0,0,,,,,,
282.720,,0,0,0,0,,,,,,
282.740,,0,0,0,0,,,,,,
282.760,,0,0,0,0,,,,,,
282.780,,0,0,0,0,,,,,,
282.800,,0,0,0,0,,,,,,
282.820,,0,0,0,0,,,,,,
282.840,,0,0,0,0,,,,,,
282.860,,0,0,0,0,,,,,,
282.880,,0,0,0,0,,,,,,
282.900,,0,0,0,0,,,,,,
282.920,,0,0,0,0,,,,,,
282.940,,0,0,0,0,,,,,,
282.960,,0,0,0,0,,,,,,
282.980,,0,0,0,0,,,,,,
283.000,,0,0,0,0,,,,,,
283.020,,0,0,0,0,,,,,,
283.040,,0,0,0,0,,,,,,
283.060,,0,0,0,0,,,,,,
283.080,,0,0,0,0,,,,,,
283.100,,0,0,0,0,,,,,,
283.120,,0,0,0,0,,,,,,
283.140,,0,0,0,0,,,,,,
283.160,,0,0,0,0,,,,,,
283.180,,0,0,0,0,,,,,,
283.200,,0,0,0,0,,,,,,
283.220,,0,0,0,0,,,,,,
283.240,,0,0,0,0,,,,,,
283.260,,0,0,0,0,,,,,,
283.280,,0,0,0,0,,,,,,
283.300,,0,0,0,0,,,,,,
283.320,,0,0,0,0,,,,,,
283.340,,0,0,0,0,,,,,,
283.360,,0,0,0,0,,,,,,
283.380,,0,0,0,0,,,,,,
283.400,,0,0,0,0,,,,,,
283.420,,0,0,0,0,,,,,,
283.440,,0,0,0,0,,,,,,
283.460,,0,0,0,0,,,,,,
283.480,,0,0,0,0,,,,,,
283.500,,0,0,0,0,,,,,,
283.520,,0,0,0,0,,,,,,
283.540,,0,0,0,0,,,,,,
283.560,,0,0,0,0,,,,,,
283.580,,0,0,0,0,,,,,,
283.600,,0,0,0,0,,,,,,
283.620,,0,0,0,0,,,,,,
283.640,,0,0,0,0,,,,,,
283.660,,0,0,0,0,,,,,,
283.680,,0,0,0,0,,,,,,
283.700,,0,0,0,0,,,,,,
283.720,,0,0,0,0,,,,,,
283.740,,0,0,0,0,,,,,,
283.760,,0,0,0,0,,,,,,
283.780,,0,0,0,0,,,,,,
283.800,,0,0,0,0,,,,,,
283.820,,0,0,0,0,,,,,,
283.840,,0,0,0,0,,,,,,
283.860,,0,0,0,0,,,,,,
283.880,,0,0,0,0,,,,,,
283.900,,0,0,0,0,,,,,,
283.920,,0,0,0,0,,,,,,
283.940,,0,0,0,0,,,,,,
283.960,,0,0,0,0,,,,,,
283.980,,0,0,0,0,,,,,,
284.000,,0,0,0,0,,,,,,
284.020,,0,0,0,0,,,,,,
284.040,,0,0,0,0,,,,,,
284.060,,0,0,0,0,,,,,,
284.080,,0,0,0,0,,,,,,
284.100,,0,0,0,0,,,,,,
284.120,,0,0,0,0,,,,,,
284.140,,0,0,0,0,,,,,,
284.160,,0,0,0,0,,,,,,
284.180,,0,0,0,0,,,,,,
284.200,,0,0,0,0,,,,,,
284.220,,0,0,0,0,,,,,,
284.240,,0,0,0,0,,,,,,
284.260,,0,0,0,0,,,,,,
284.280,,0,0,0,0,,,,,,
284.300,,0,0,0,0,,,,,,
284.320,,0,0,0,0,,,,,,
284.340,,0,0,0,0,,,,,,
284.360,,0,0,0,0,,,,,,
284.380,,0,0,0,0,,,,,,
284.400,,0,0,0,0,,,,,,
284.420,,0,0,0,0,,,,,,
284.440,,0,0,0,0,,,,,,
284.460,,0,0,0,0,,,,,,
284.480,,0,0,0,0,,,,,,
284.500,,0,0,0,0,,,,,,
284.520,,0,0,0,0,,,,,,
284.540,,0,0,0,0,,,,,,
284.560,,0,0,0,0,,,,,,
284.580,,0,0,0,0,,,,,,
284.600,,0,0,0,0,,,,,,
284.620,,0,0,0,0,,,,,,
284.640,,0,0,0,0,,,,,,
284.660,,0,0,0,0,,,,,,
284.680,,0,0,0,0,,,,,,
284.700,,0,0,0,0,,,,,,
284.720,,0,0,0,0,,,,,,
284.740,,0,0,0,0,,,,,,
284.760,,0,0,0,0,,,,,,
284.780,,0,0,0,0,,,,,,
284.800,,0,0,0,0,,,,,,
284.820,,0,0,0,0,,,,,,
284.840,,0,0,0,0,,,,,,
284.860,,0,0,0,0,,,,,,
284.880,,0,0,0,0,,,,,,
284.900,,0,0,0,0,,,,,,
284.920,,0,0,0,0,,,,,,
284.940,,0,0,0,0,,,,,,
284.960,,0,0,0,0,,,,,,
284.980,,0,0,0,0,,,,,,
285.000,,0,0,0,0,,,,,,
285.020,,0,0,0,0,,,,,,
285.040,,0,0,0,0,,,,,,
285.060,,0,0,0,0,,,,,,
285.080,,0,0,0,0,,,,,,
285.100,,0,0,0,0,,,,,,
285.120,,0,0,0,0,,,,,,
285.140,,0,0,0,0,,,,,,
285.160,,0,0,0,0,,,,,,
285.180,,0,0,0,0,,,,,,
285.200,,0,0,0,0,,,,,,
285.220,,0,0,0,0,,,,,,
285.240,,0,0,0,0,,,,,,
285.260,,0,0,0,0,,,,,,
285.280,,0,0,0,0,,,,,,
285.300,,0,0,0,0,,,,,,
285.320,,0,0,0,0,,,,,,
285.340,,0,0,0,0,,,,,,
285.360,,0,0,0,0,,,,,,
285.380,,0,0,0,0,,,,,,
285.400,,0,0,0,0,,,,,,
285.420,,0,0,0,0,,,,,,
285.440,,0,0,0,0,,,,,,
285.460,,0,0,0,0,,,,,,
285.480,,0,0,0,0,,,,,,
285.500,,0,0,0,0,,,,,,
285.520,,0,0,0,0,,,,,,
285.540,,0,0,0,0,,,,,,
285.560,,0,0,0,0,,,,,,
285.580,,0,0,0,0,,,,,,
285.600,,0,0,0,0,,,,,,
285.620,,0,0,0,0,,,,,,
285.640,,0,0,0,0,,,,,,
285.660,,0,0,0,0,,,,,,
285.680,,0,0,0,0,,,,,,
285.700,,0,0,0,0,,,,,,
285.720,,0,0,0,0,,,,,,
285.740,,0,0,0,0,,,,,,
285.760,,0,0,0,0,,,,,,
285.780,,0,0,0,0,,,,,,
285.800,,0,0,0,0,,,,,,
285.820,,0,0,0,0,,,,,,
285.840,,0,0,0,0,,,,,,
285.860,,0,0,0,0,,,,,,
285.880,,0,0,0,0,,,,,,
285.900,,0,0,0,0,,,,,,
285.920,,0,0,0,0,,,,,,
285.940,,0,0,0,0,,,,,,
285.960,,0,0,0,0,,,,,,
285.980,,0,0,0,0,,,,,,
286.000,,0,0,0,0,,,,,,
286.020,,0,0,0,0,,,,,,
286.040,,0,0,0,0,,,,,,
286.060,,0,0,0,0,,,,,,
286.080,,0,0,0,0,,,,,,
286.100,,0,0,0,0,,,,,,
286.120,,0,0,0,0,,,,,,
286.140,,0,0,0,0,,,,,,
286.160,,0,0,0,0,,,,,,
286.180,,0,0,0,0,,,,,,
286.200,,0,0,0,0,,,,,,
286.220,,0,0,0,0,,,,,,
286.240,,0,0,0,0,,,,,,
286.260,,0,0,0,0,,,,,,
286.280,,0,0,0,0,,,,,,
286.300,,0,0,0,0,,,,,,
286.320,,0,0,0,0,,,,,,
286.340,,0,0,0,0,,,,,,
286.360,,0,0,0,0,,,,,,
286.380,,0,0,0,0,,,,,,
286.400,,0,0,0,0,,,,,,
286.420,,0,0,0,0,,,,,,
286.440,,0,0,0,0,,,,,,
286.460,,0,0,0,0,,,,,,
286.480,,0,0,0,0,,,,,,
286.500,,0,0,0,0,,,,,,
286.520,,0,0,0,0,,,,,,
286.540,,0,0,0,0,,,,,,
286.560,,0,0,0,0,,,,,,
286.580,,0,0,0,0,,,,,,
286.600,,0,0,0,0,,,,,,
286.620,,0,0,0,0,,,,,,
286.640,,0,0,0,0,,,,,,
286.660,,0,0,0,0,,,,,,
286.680,,0,0,0,0,,,,,,
286.700,,0,0,0,0,,,,,,
286.720,,0,0,0,0,,,,,,
286.740,,0,0,0,0,,,,,,
286.760,,0,0,0,0,,,,,,
286.780,,0,0,0,0,,,,,,
286.800,,0,0,0,0,,,,,,
286.820,,0,0,0,0,,,,,,
286.840,,0,0,0,0,,,,,,
286.860,,0,0,0,0,,,,,,
286.880,,0,0,0,0,,,,,,
286.900,,0,0,0,0,,,,,,
286.920,,0,0,0,0,,,,,,
286.940,,0,0,0,0,,,,,,
286.960,,0,0,0,0,,,,,,
286.980,,0,0,0,0,,,,,,
287.000,,0,0,0,0,,,,,,
287.020,,0,0,0,0,,,,,,
287.040,,0,0,0,0,,,,,,
287.060,,0,0,0,0,,,,,,
287.080,,0,0,0,0,,,,,,
287.100,,0,0,0,0,,,,,,
287.120,,0,0,0,0,,,,,,
287.140,,0,0,0,0,,,,,,
287.160,,0,0,0,0,,,,,,
287.180,,0,0,0,0,,,,,,
287.200,,0,0,0,0,,,,,,
287.220,,0,0,0,0,,,,,,
287.240,,0,0,0,0,,,,,,
287.260,,0,0,0,0,,,,,,
287.280,,0,0,0,0,,,,,,
287.300,,0,0,0,0,,,,,,
287.320,,0,0,0,0,,,,,,
287.340,,0,0,0,0,,,,,,
287.360,,0,0,0,0,,,,,,
287.380,,0,0,0,0,,,,,,
287.400,,0,0,0,0,,,,,,
287.420,,0,0,0,0,,,,,,
287.440,,0,0,0,0,,,,,,
287.460,,0,0,0,0,,,,,,
287.480,,0,0,0,0,,,,,,
287.500,,0,0,0,0,,,,,,
287.520,,0,0,0,0,,,,,,
287.540,,0,0,0,0,,,,,,
287.560,,0,0,0,0,,,,,,
287.580,,0,0,0,0,,,,,,
287.600,,0,0,0,0,,,,,,
287.620,,0,0,0,0,,,,,,
287.640,,0,0,0,0,,,,,,
287.660,,0,0,0,0,,,,,,
287.680,,0,0,0,0,,,,,,
287.700,,0,0,0,0,,,,,,
287.720,,0,0,0,0,,,,,,
287.740,,0,0,0,0,,,,,,
287.760,,0,0,0,0,,,,,,
287.780,,0,0,0,0,,,,,,
287.800,,0,0,0,0,,,,,,
287.820,,0,0,0,0,,,,,,
287.840,,0,0,0,0,,,,,,
287.860,,0,0,0,0,,,,,,
287.880,,0,0,0,0,,,,,,
287.900,,0,0,0,0,,,,,,
287.920,,0,0,0,0,,,,,,
287.940,,0,0,0,0,,,,,,
287.960,,0,0,0,0,,,,,,
287.980,,0,0,0,0,,,,,,
288.000,,0,0,0,0,,,,,,
288.020,,0,0,0,0,,,,,,
288.040,,0,0,0,0,,,,,,
288.060,,0,0,0,0,,,,,,
288.080,,0,0,0,0,,,,,,
288.100,,0,0,0,0,,,,,,
288.120,,0,0,0,0,,,,,,
288.140,,0,0,0,0,,,,,,
288.160,,0,0,0,0,,,,,,
288.180,,0,0,0,0,,,,,,
288.200,,0,0,0,0,,,,,,
288.220,,0,0,0,0,,,,,,
288.240,,0,0,0,0,,,,,,
288.260,,0,0,0,0,,,,,,
288.280,,0,0,0,0,,,,,,
288.300,,0,0,0,0,,,,,,
288.320,,0,0,0,0,,,,,,
288.340,,0,0,0,0,,,,,,
288.360,,0,0,0,0,,,,,,
288.380,,0,0,0,0,,,,,,
288.400,,0,0,0,0,,,,,,
288.420,,0,0,0,0,,,,,,
288.440,,0,0,0,0,,,,,,
288.460,,0,0,0,0,,,,,,
288.480,,0,0,0,0,,,,,,
288.500,,0,0,0,0,,,,,,
288.520,,0,0,0,0,,,,,,
288.540,,0,0,0,0,,,,,,
288.560,,0,0,0,0,,,,,,
288.580,,0,0,0,0,,,,,,
288.600,,0,0,0,0,,,,,,
288.620,,0,0,0,0,,,,,,
288.640,,0,0,0,0,,,,,,
288.660,,0,0,0,0,,,,,,
288.680,,0,0,0,0,,,,,,
288.700,,0,0,0,0,,,,,,
288.720,,0,0,0,0,,,,,,
288.740,,0,0,0,0,,,,,,
288.760,,0,0,0,0,,,,,,
288.780,,0,0,0,0,,,,,,
288.800,,0,0,0,0,,,,,,
288.820,,0,0,0,0,,,,,,
288.840,,0,0,0,0,,,,,,
288.860,,0,0,0,0,,,,,,
288.880,,0,0,0,0,,,,,,
288.900,,0,0,0,0,,,,,,
288.920,,0,0,0,0,,,,,,
288.940,,0,0,0,0,,,,,,
288.960,,0,0,0,0,,,,,,
288.980,,0,0,0,0,,,,,,
289.000,,0,0,0,0,,,,,,
289.020,,0,0,0,0,,,,,,
289.040,,0,0,0,0,,,,,,
289.060,,0,0,0,0,,,,,,
289.080,,0,0,0,0,,,,,,
289.100,,0,0,0,0,,,,,,
289.120,,0,0,0,0,,,,,,
289.140,,0,0,0,0,,,,,,
289.160,,0,0,0,0,,,,,,
289.180,,0,0,0,0,,,,,,
289.200,,0,0,0,0,,,,,,
289.220,,0,0,0,0,,,,,,
289.240,,0,0,0,0,,,,,,
289.260,,0,0,0,0,,,,,,
289.280,,0,0,0,0,,,,,,
289.300,,0,0,0,0,,,,,,
289.320,,0,0,0,0,,,,,,
289.340,,0,0,0,0,,,,,,
289.360,,0,0,0,0,,,,,,
289.380,,0,0,0,0,,,,,,
289.400,,0,0,0,0,,,,,,
289.420,,0,0,0,0,,,,,,
289.440,,0,0,0,0,,,,,,
289.460,,0,0,0,0,,,,,,
289.480,,0,0,0,0,,,,,,
289.500,,0,0,0,0,,,,,,
289.520,,0,0,0,0,,,,,,
289.540,,0,0,0,0,,,,,,
289.560,,0,0,0,0,,,,,,
289.580,,0,0,0,0,,,,,,
289.600,,0,0,0,0,,,,,,
289.620,,0,0,0,0,,,,,,
289.640,,0,0,0,0,,,,,,
289.660,,0,0,0,0,,,,,,
289.680,,0,0,0,0,,,,,,
289.700,,0,0,0,0,,,,,,
289.720,,0,0,0,0,,,,,,
289.740,,0,0,0,0,,,,,,
289.760,,0,0,0,0,,,,,,
289.780,,0,0,0,0,,,,,,
289.800,,0,0,0,0,,,,,,
289.820,,0,0,0,0,,,,,,
289.840,,0,0,0,0,,,,,,
289.860,,0,0,0,0,,,,,,
289.880,,0,0,0,0,,,,,,
289.900,,0,0,0,0,,,,,,
289.920,,0,0,0,0,,,,,,
289.940,,0,0,0,0,,,,,,
289.960,,0,0,0,0,,,,,,
289.980,,0,0,0,0,,,,,,
290.000,,0,0,0,0,,,,,,
290.020,,0,0,0,0,,,,,,
290.040,,0,0,0,0,,,,,,
290.060,,0,0,0,0,,,,,,
290.080,,0,0,0,0,,,,,,
290.100,,0,0,0,0,,,,,,
290.120,,0,0,0,0,,,,,,
290.140,,0,0,0,0,,,,,,
290.160,,0,0,0,0,,,,,,
290.180,,0,0,0,0,,,,,,
290.200,,0,0,0,0,,,,,,
290.220,,0,0,0,0,,,,,,
290.240,,0,0,0,0,,,,,,
290.260,,0,0,0,0,,,,,,
290.280,,0,0,0,0,,,,,,
290.300,,0,0,0,0,,,,,,
290.320,,0,0,0,0,,,,,,
290.340,,0,0,0,0,,,,,,
290.360,,0,0,0,0,,,,,,
290.380,,0,0,0,0,,,,,,
290.400,,0,0,0,0,,,,,,
290.420,,0,0,0,0,,,,,,
290.440,,0,0,0,0,,,,,,
290.460,,0,0,0,0,,,,,,
290.480,,0,0,0,0,,,,,,
290.500,,0,0,0,0,,,,,,
290.520,,0,0,0,0,,,,,,
290.540,,0,0,0,0,,,,,,
290.560,,0,0,0,0,,,,,,
290.580,,0,0,0,0,,,,,,
290.600,,0,0,0,0,,,,,,
290.620,,0,0,0,0,,,,,,
290.640,,0,0,0,0,,,,,,
290.660,,0,0,0,0,,,,,,
290.680,,0,0,0,0,,,,,,
290.700,,0,0,0,0,,,,,,
290.720,,0,0,0,0,,,,,,
290.740,,0,0,0,0,,,,,,
290.760,,0,0,0,0,,,,,,
290.780,,0,0,0,0,,,,,,
290.800,,0,0,0,0,,,,,,
290.820,,0,0,0,0,,,,,,
290.840,,0,0,0,0,,,,,,
290.860,,0,0,0,0,,,,,,
290.880,,0,0,0,0,,,,,,
290.900,,0,0,0,0,,,,,,
290.920,,0,0,0,0,,,,,,
290.940,,0,0,0,0,,,,,,
290.960,,0,0,0,0,,,,,,
290.980,,0,0,0,0,,,,,,
291.000,,0,0,0,0,,,,,,
291.020,,0,0,0,0,,,,,,
291.040,,0,0,0,0,,,,,,
291.060,,0,0,0,0,,,,,,
291.080,,0,0,0,0,,,,,,
291.100,,0,0,0,0,,,,,,
291.120,,0,0,0,0,,,,,,
291.140,,0,0,0,0,,,,,,
291.160,,0,0,0,0,,,,,,
291.180,,0,0,0,0,,,,,,
291.200,,0,0,0,0,,,,,,
291.220,,0,0,0,0,,,,,,
291.240,,0,0,0,0,,,,,,
291.260,,0,0,0,0,,,,,,
291.280,,0,0,0,0,,,,,,
291.300,,0,0,0,0,,,,,,
291.320,,0,0,0,0,,,,,,
291.340,,0,0,0,0,,,,,,
291.360,,0,0,0,0,,,,,,
291.380,,0,0,0,0,,,,,,
291.400,,0,0,0,0,,,,,,
291.420,,0,0,0,0,,,,,,
291.440,,0,0,0,0,,,,,,
291.460,,0,0,0,0,,,,,,
291.480,,0,0,0,0,,,,,,
291.500,,0,0,0,0,,,,,,
291.520,,0,0,0,0,,,,,,
291.540,,0,0,0,0,,,,,,
291.560,,0,0,0,0,,,,,,
291.580,,0,0,0,0,,,,,,
291.600,,0,0,0,0,,,,,,
291.620,,0,0,0,0,,,,,,
291.640,,0,0,0,0,,,,,,
291.660,,0,0,0,0,,,,,,
291.680,,0,0,0,0,,,,,,
291.700,,0,0,0,0,,,,,,
291.720,,0,0,0,0,,,,,,
291.740,,0,0,0,0,,,,,,
291.760,,0,0,0,0,,,,,,
291.780,,0,0,0,0,,,,,,
291.800,,0,0,0,0,,,,,,
291.820,,0,0,0,0,,,,,,
291.840,,0,0,0,0,,,,,,
291.860,,0,0,0,0,,,,,,
291.880,,0,0,0,0,,,,,,
291.900,,0,0,0,0,,,,,,
291.920,,0,0,0,0,,,,,,
291.940,,0,0,0,0,,,,,,
291.960,,0,0,0,0,,,,,,
291.980,,0,0,0,0,,,,,,
292.000,,0,0,0,0,,,,,,
292.020,,0,0,0,0,,,,,,
292.040,,0,0,0,0,,,,,,
292.060,,0,0,0,0,,,,,,
292.080,,0,0,0,0,,,,,,
292.100,,0,0,0,0,,,,,,
292.120,,0,0,0,0,,,,,,
292.140,,0,0,0,0,,,,,,
292.160,,0,0,0,0,,,,,,
292.180,,0,0,0,0,,,,,,
292.200,,0,0,0,0,,,,,,
292.220,,0,0,0,0,,,,,,
292.240,,0,0,0,0,,,,,,
292.260,,0,0,0,0,,,,,,
292.280,,0,0,0,0,,,,,,
292.300,,0,0,0,0,,,,,,
292.320,,0,0,0,0,,,,,,
292.340,,0,0,0,0,,,,,,
292.360,,0,0,0,0,,,,,,
292.380,,0,0,0,0,,,,,,
292.400,,0,0,0,0,,,,,,
292.420,,0,0,0,0,,,,,,
292.440,,0,0,0,0,,,,,,
292.460,,0,0,0,0,,,,,,
292.480,,0,0,0,0,,,,,,
292.500,,0,0,0,0,,,,,,
292.520,,0,0,0,0,,,,,,
292.540,,0,0,0,0,,,,,,
292.560,,0,0,0,0,,,,,,
292.580,,0,0,0,0,,,,,,
292.600,,0,0,0,0,,,,,,
292.620,,0,0,0,0,,,,,,
292.640,,0,0,0,0,,,,,,
292.660,,0,0,0,0,,,,,,
292.680,,0,0,0,0,,,,,,
292.700,,0,0,0,0,,,,,,
292.720,,0,0,0,0,,,,,,
292.740,,0,0,0,0,,,,,,
292.760,,0,0,0,0,,,,,,
292.780,,0,0,0,0,,,,,,
292.800,,0,0,0,0,,,,,,
292.820,,0,0,0,0,,,,,,
292.840,,0,0,0,0,,,,,,
292.860,,0,0,0,0,,,,,,
292.880,,0,0,0,0,,,,,,
292.900,,0,0,0,0,,,,,,
292.920,,0,0,0,0,,,,,,
292.940,,0,0,0,0,,,,,,
292.960,,0,0,0,0,,,,,,
292.980,,0,0,0,0,,,,,,
293.000,,0,0,0,0,,,,,,
293.020,,0,0,0,0,,,,,,
293.040,,0,0,0,0,,,,,,
293.060,,0,0,0,0,,,,,,
293.080,,0,0,0,0,,,,,,
293.100,,0,0,0,0,,,,,,
293.120,,0,0,0,0,,,,,,
293.140,,0,0,0,0,,,,,,
293.160,,0,0,0,0,,,,,,
293.180,,0,0,0,0,,,,,,
293.200,,0,0,0,0,,,,,,
293.220,,0,0,0,0,,,,,,
293.240,,0,0,0,0,,,,,,
293.260,,0,0,0,0,,,,,,
293.280,,0,0,0,0,,,,,,
293.300,,0,0,0,0,,,,,,
293.320,,0,0,0,0,,,,,,
293.340,,0,0,0,0,,,,,,
293.360,,0,0,0,0,,,,,,
293.380,,0,0,0,0,,,,,,
293.400,,0,0,0,0,,,,,,
293.420,,0,0,0,0,,,,,,
293.440,,0,0,0,0,,,,,,
293.460,,0,0,0,0,,,,,,
293.480,,0,0,0,0,,,,,,
293.500,,0,0,0,0,,,,,,
293.520,,0,0,0,0,,,,,,
293.540,,0,0,0,0,,,,,,
293.560,,0,0,0,0,,,,,,
293.580,,0,0,0,0,,,,,,
293.600,,0,0,0,0,,,,,,
293.620,,0,0,0,0,,,,,,
293.640,,0,0,0,0,,,,,,
293.660,,0,0,0,0,,,,,,
293.680,,0,0,0,0,,,,,,
293.700,,0,0,0,0,,,,,,
293.720,,0,0,0,0,,,,,,
293.740,,0,0,0,0,,,,,,
293.760,,0,0,0,0,,,,,,
293.780,,0,0,0,0,,,,,,
293.800,,0,0,0,0,,,,,,
293.820,,0,0,0,0,,,,,,
293.840,,0,0,0,0,,,,,,
293.860,,0,0,0,0,,,,,,
293.880,,0,0,0,0,,,,,,
293.900,,0,0,0,0,,,,,,
293.920,,0,0,0,0,,,,,,
293.940,,0,0,0,0,,,,,,
293.960,,0,0,0,0,,,,,,
293.980,,0,0,0,0,,,,,,
294.000,,0,0,0,0,,,,,,
294.020,,0,0,0,0,,,,,,
294.040,,0,0,0,0,,,,,,
294.060,,0,0,0,0,,,,,,
294.080,,0,0,0,0,,,,,,
294.100,,0,0,0,0,,,,,,
294.120,,0,0,0,0,,,,,,
294.140,,0,0,0,0,,,,,,
294.160,,0,0,0,0,,,,,,
294.180,,0,0,0,0,,,,,,
294.200,,0,0,0,0,,,,,,
294.220,,0,0,0,0,,,,,,
294.240,,0,0,0,0,,,,,,
294.260,,0,0,0,0,,,,,,
294.280,,0,0,0,0,,,,,,
294.300,,0,0,0,0,,,,,,
294.320,,0,0,0,0,,,,,,
294.340,,0,0,0,0,,,,,,
294.360,,0,0,0,0,,,,,,
294.380,,0,0,0,0,,,,,,
294.400,,0,0,0,0,,,,,,
294.420,,0,0,0,0,,,,,,
294.440,,0,0,0,0,,,,,,
294.460,,0,0,0,0,,,,,,
294.480,,0,0,0,0,,,,,,
294.500,,0,0,0,0,,,,,,
294.520,,0,0,0,0,,,,,,
294.540,,0,0,0,0,,,,,,
294.560,,0,0,0,0,,,,,,
294.580,,0,0,0,0,,,,,,
294.600,,0,0,0,0,,,,,,
294.620,,0,0,0,0,,,,,,
294.640,,0,0,0,0,,,,,,
294.660,,0,0,0,0,,,,,,
294.680,,0,0,0,0,,,,,,
294.700,,0,0,0,0,,,,,,
294.720,,0,0,0,0,,,,,,
294.740,,0,0,0,0,,,,,,
294.760,,0,0,0,0,,,,,,
294.780,,0,0,0,0,,,,,,
294.800,,0,0,0,0,,,,,,
294.820,,0,0,0,0,,,,,,
294.840,,0,0,0,0,,,,,,
294.860,,0,0,0,0,,,,,,
294.880,,0,0,0,0,,,,,,
294.900,,0,0,0,0,,,,,,
294.920,,0,0,0,0,,,,,,
294.940,,0,0,0,0,,,,,,
294.960,,0,0,0,0,,,,,,
294.980,,0,0,0,0,,,,,,
295.000,,0,0,0,0,,,,,,
295.020,,0,0,0,0,,,,,,
295.040,,0,0,0,0,,,,,,
295.060,,0,0,0,0,,,,,,
295.080,,0,0,0,0,,,,,,
295.100,,0,0,0,0,,,,,,
295.120,,0,0,0,0,,,,,,
295.140,,0,0,0,0,,,,,,
295.160,,0,0,0,0,,,,,,
295.180,,0,0,0,0,,,,,,
295.200,,0,0,0,0,,,,,,
295.220,,0,0,0,0,,,,,,
295.240,,0,0,0,0,,,,,,
295.260,,0,0,0,0,,,,,,
295.280,,0,0,0,0,,,,,,
295.300,,0,0,0,0,,,,,,
295.320,,0,0,0,0,,,,,,
295.340,,0,0,0,0,,,,,,
295.360,,0,0,0,0,,,,,,
295.380,,0,0,0,0,,,,,,
295.400,,0,0,0,0,,,,,,
295.420,,0,0,0,0,,,,,,
295.440,,0,0,0,0,,,,,,
295.460,,0,0,0,0,,,,,,
295.480,,0,0,0,0,,,,,,
295.500,,0,0,0,0,,,,,,
295.520,,0,0,0,0,,,,,,
295.540,,0,0,0,0,,,,,,
295.560,,0,0,0,0,,,,,,
295.580,,0,0,0,0,,,,,,
295.600,,0,0,0,0,,,,,,
295.620,,0,0,0,0,,,,,,
295.640,,0,0,0,0,,,,,,
295.660,,0,0,0,0,,,,,,
295.680,,0,0,0,0,,,,,,
295.700,,0,0,0,0,,,,,,
295.720,,0,0,0,0,,,,,,
295.740,,0,0,0,0,,,,,,
295.760,,0,0,0,0,,,,,,
295.780,,0,0,0,0,,,,,,
295.800,,0,0,0,0,,,,,,
295.820,,0,0,0,0,,,,,,
295.840,,0,0,0,0,,,,,,
295.860,,0,0,0,0,,,,,,
295.880,,0,0,0,0,,,,,,
295.900,,0,0,0,0,,,,,,
295.920,,0,0,0,0,,,,,,
295.940,,0,0,0,0,,,,,,
295.960,,0,0,0,0,,,,,,
295.980,,0,0,0,0,,,,,,
296.000,,0,0,0,0,,,,,,
296.020,,0,0,0,0,,,,,,
296.040,,0,0,0,0,,,,,,
296.060,,0,0,0,0,,,,,,
296.080,,0,0,0,0,,,,,,
296.100,,0,0,0,0,,,,,,
296.120,,0,0,0,0,,,,,,
296.140,,0,0,0,0,,,,,,
296.160,,0,0,0,0,,,,,,
296.180,,0,0,0,0,,,,,,
296.200,,0,0,0,0,,,,,,
296.220,,0,0,0,0,,,,,,
296.240,,0,0,0,0,,,,,,
296.260,,0,0,0,0,,,,,,
296.280,,0,0,0,0,,,,,,
296.300,,0,0,0,0,,,,,,
296.320,,0,0,0,0,,,,,,
296.340,,0,0,0,0,,,,,,
296.360,,0,0,0,0,,,,,,
296.380,,0,0,0,0,,,,,,
296.400,,0,0,0,0,,,,,,
296.420,,0,0,0,0,,,,,,
296.440,,0,0,0,0,,,,,,
296.460,,0,0,0,0,,,,,,
296.480,,0,0,0,0,,,,,,
296.500,,0,0,0,0,,,,,,
296.520,,0,0,0,0,,,,,,
296.540,,0,0,0,0,,,,,,
296.560,,0,0,0,0,,,,,,
296.580,,0,0,0,0,,,,,,
296.600,,0,0,0,0,,,,,,
296.620,,0,0,0,0,,,,,,
296.640,,0,0,0,0,,,,,,
296.660,,0,0,0,0,,,,,,
296.680,,0,0,0,0,,,,,,
296.700,,0,0,0,0,,,,,,
296.720,,0,0,0,0,,,,,,
296.740,,0,0,0,0,,,,,,
296.760,,0,0,0,0,,,,,,
296.780,,0,0,0,0,,,,,,
296.800,,0,0,0,0,,,,,,
296.820,,0,0,0,0,,,,,,
296.840,,0,0,0,0,,,,,,
296.860,,0,0,0,0,,,,,,
296.880,,0,0,0,0,,,,,,
296.900,,0,0,0,0,,,,,,
296.920,,0,0,0,0,,,,,,
296.940,,0,0,0,0,,,,,,
296.960,,0,0,0,0,,,,,,
296.980,,0,0,0,0,,,,,,
297.000,,0,0,0,0,,,,,,
297.020,,0,0,0,0,,,,,,
297.040,,0,0,0,0,,,,,,
297.060,,0,0,0,0,,,,,,
297.080,,0,0,0,0,,,,,,
297.100,,0,0,0,0,,,,,,
297.120,,0,0,0,0,,,,,,
297.140,,0,0,0,0,,,,,,
297.160,,0,0,0,0,,,,,,
297.180,,0,0,0,0,,,,,,
297.200,,0,0,0,0,,,,,,
297.220,,0,0,0,0,,,,,,
297.240,,0,0,0,0,,,,,,
297.260,,0,0,0,0,,,,,,
297.280,,0,0,0,0,,,,,,
297.300,,0,0,0,0,,,,,,
297.320,,0,0,0,0,,,,,,
297.340,,0,0,0,0,,,,,,
297.360,,0,0,0,0,,,,,,
297.380,,0,0,0,0,,,,,,
297.400,,0,0,0,0,,,,,,
297.420,,0,0,0,0,,,,,,
297.440,,0,0,0,0,,,,,,
297.460,,0,0,0,0,,,,,,
297.480,,0,0,0,0,,,,,,
297.500,,0,0,0,0,,,,,,
297.520,,0,0,0,0,,,,,,
297.540,,0,0,0,0,,,,,,
297.560,,0,0,0,0,,,,,,
297.580,,0,0,0,0,,,,,,
297.600,,0,0,0,0,,,,,,
297.620,,0,0,0,0,,,,,,
297.640,,0,0,0,0,,,,,,
297.660,,0,0,0,0,,,,,,
297.680,,0,0,0,0,,,,,,
297.700,,0,0,0,0,,,,,,
297.720,,0,0,0,0,,,,,,
297.740,,0,0,0,0,,,,,,
297.760,,0,0,0,0,,,,,,
297.780,,0,0,0,0,,,,,,
297.800,,0,0,0,0,,,,,,
297.820,,0,0,0,0,,,,,,
297.840,,0,0,0,0,,,,,,
297.860,,0,0,0,0,,,,,,
297.880,,0,0,0,0,,,,,,
297.900,,0,0,0,0,,,,,,
297.920,,0,0,0,0,,,,,,
297.940,,0,0,0,0,,,,,,
297.960,,0,0,0,0,,,,,,
297.980,,0,0,0,0,,,,,,
298.000,,0,0,0,0,,,,,,
298.020,,0,0,0,0,,,,,,
298.040,,0,0,0,0,,,,,,
298.060,,0,0,0,0,,,,,,
298.080,,0,0,0,0,,,,,,
298.100,,0,0,0,0,,,,,,
298.120,,0,0,0,0,,,,,,
298.140,,0,0,0,0,,,,,,
298.160,,0,0,0,0,,,,,,
298.180,,0,0,0,0,,,,,,
298.200,,0,0,0,0,,,,,,
298.220,,0,0,0,0,,,,,,
298.240,,0,0,0,0,,,,,,
298.260,,0,0,0,0,,,,,,
298.280,,0,0,0,0,,,,,,
298.300,,0,0,0,0,,,,,,
298.320,,0,0,0,0,,,,,,
298.340,,0,0,0,0,,,,,,
298.360,,0,0,0,0,,,,,,
298.380,,0,0,0,0,,,,,,
298.400,,0,0,0,0,,,,,,
298.420,,0,0,0,0,,,,,,
298.440,,0,0,0,0,,,,,,
298.460,,0,0,0,0,,,,,,
298.480,,0,0,0,0,,,,,,
298.500,,0,0,0,0,,,,,,
298.520,,0,0,0,0,,,,,,
298.540,,0,0,0,0,,,,,,
298.560,,0,0,0,0,,,,,,
298.580,,0,0,0,0,,,,,,
298.600,,0,0,0,0,,,,,,
298.620,,0,0,0,0,,,,,,
298.640,,0,0,0,0,,,,,,
298.660,,0,0,0,0,,,,,,
298.680,,0,0,0,0,,,,,,
298.700,,0,0,0,0,,,,,,
298.720,,0,0,0,0,,,,,,
298.740,,0,0,0,0,,,,,,
298.760,,0,0,0,0,,,,,,
298.780,,0,0,0,0,,,,,,
298.800,,0,0,0,0,,,,,,
298.820,,0,0,0,0,,,,,,
298.840,,0,0,0,0,,,,,,
298.860,,0,0,0,0,,,,,,
298.880,,0,0,0,0,,,,,,
298.900,,0,0,0,0,,,,,,
298.920,,0,0,0,0,,,,,,
298.940,,0,0,0,0,,,,,,
298.960,,0,0,0,0,,,,,,
298.980,,0,0,0,0,,,,,,
299.000,,0,0,0,0,,,,,,
299.020,,0,0,0,0,,,,,,
299.040,,0,0,0,0,,,,,,
299.060,,0,0,0,0,,,,,,
299.080,,0,0,0,0,,,,,,
299.100,,0,0,0,0,,,,,,
299.120,,0,0,0,0,,,,,,
299.140,,0,0,0,0,,,,,,
299.160,,0,0,0,0,,,,,,
299.180,,0,0,0,0,,,,,,
299.200,,0,0,0,0,,,,,,
299.220,,0,0,0,0,,,,,,
299.240,,0,0,0,0,,,,,,
299.260,,0,0,0,0,,,,,,
299.280,,0,0,0,0,,,,,,
299.300,,0,0,0,0,,,,,,
299.320,,0,0,0,0,,,,,,
299.340,,0,0,0,0,,,,,,
299.360,,0,0,0,0,,,,,,
299.380,,0,0,0,0,,,,,,
299.400,,0,0,0,0,,,,,,
299.420,,0,0,0,0,,,,,,
299.440,,0,0,0,0,,,,,,
299.460,,0,0,0,0,,,,,,
299.480,,0,0,0,0,,,,,,
299.500,,0,0,0,0,,,,,,
299.520,,0,0,0,0,,,,,,
299.540,,0,0,0,0,,,,,,
299.560,,0,0,0,0,,,,,,
299.580,,0,0,0,0,,,,,,
299.600,,0,0,0,0,,,,,,
299.620,,0,0,0,0,,,,,,
299.640,,0,0,0,0,,,,,,
299.660,,0,0,0,0,,,,,,
299.680,,0,0,0,0,,,,,,
299.700,,0,0,0,0,,,,,,
299.720,,0,0,0,0,,,,,,
299.740,,0,0,0,0,,,,,,
299.760,,0,0,0,0,,,,,,
299.780,,0,0,0,0,,,,,,
299.800,,0,0,0,0,,,,,,
299.820,,0,0,0,0,,,,,,
299.840,,0,0,0,0,,,,,,
299.860,,0,0,0,0,,,,,,
299.880,,0,0,0,0,,,,,,
299.900,,0,0,0,0,,,,,,
299.920,,0,0,0,0,,,,,,
299.940,,0,0,0,0,,,,,,
299.960,,0,0,0,0,,,,,,
299.980,,0,0,0,0,,,,,,
300.000,,0,0,0,0,,,,,,
300.020,,0,0,0,0,,,,,,
300.040,,0,0,0,0,,,,,,
300.060,,0,0,0,0,,,,,,
300.080,,0,0,0,0,,,,,,
300.100,,0,0,0,0,,,,,,
300.120,,0,0,0,0,,,,,,
300.140,,0,0,0,0,,,,,,
300.160,,0,0,0,0,,,,,,
300.180,,0,0,0,0,,,,,,
300.200,,0,0,0,0,,,,,,
300.220,,0,0,0,0,,,,,,
300.240,,0,0,0,0,,,,,,
300.260,,0,0,0,0,,,,,,
300.280,,0,0,0,0,,,,,,
300.300,,0,0,0,0,,,,,,
300.320,,0,0,0,0,,,,,,
300.340,,0,0,0,0,,,,,,
300.360,,0,0,0,0,,,,,,
300.380,,0,0,0,0,,,,,,
300.400,,0,0,0,0,,,,,,
300.420,,0,0,0,0,,,,,,
300.440,,0,0,0,0,,,,,,
300.460,,0,0,0,0,,,,,,
300.480,,0,0,0,0,,,,,,
300.500,,0,0,0,0,,,,,,
300.520,,0,0,0,0,,,,,,
300.540,,0,0,0,0,,,,,,
300.560,,0,0,0,0,,,,,,
300.580,,0,0,0,0,,,,,,
300.600,,0,0,0,0,,,,,,
300.620,,0,0,0,0,,,,,,
300.640,,0,0,0,0,,,,,,
300.660,,0,0,0,0,,,,,,
300.680,,0,0,0,0,,,,,,
300.700,,0,0,0,0,,,,,,
300.720,,0,0,0,0,,,,,,
300.740,,0,0,0,0,,,,,,
300.760,,0,0,0,0,,,,,,
300.780,,0,0,0,0,,,,,,
300.800,,0,0,0,0,,,,,,
300.820,,0,0,0,0,,,,,,
300.840,,0,0,0,0,,,,,,
300.860,,0,0,0,0,,,,,,
300.880,,0,0,0,0,,,,,,
300.900,,0,0,0,0,,,,,,
300.920,,0,0,0,0,,,,,,
300.940,,0,0,0,0,,,,,,
300.960,,0,0,0,0,,,,,,
300.980,,0,0,0,0,,,,,,
301.000,,0,0,0,0,,,,,,
301.020,,0,0,0,0,,,,,,
301.040,,0,0,0,0,,,,,,
301.060,,0,0,0,0,,,,,,
301.080,,0,0,0,0,,,,,,
301.100,,0,0,0,0,,,,,,
301.120,,0,0,0,0,,,,,,
301.140,,0,0,0,0,,,,,,
301.160,,0,0,0,0,,,,,,
301.180,,0,0,0,0,,,,,,
301.200,,0,0,0,0,,,,,,
301.220,,0,0,0,0,,,,,,
301.240,,0,0,0,0,,,,,,
301.260,,0,0,0,0,,,,,,
301.280,,0,0,0,0,,,,,,
301.300,,0,0,0,0,,,,,,
301.320,,0,0,0,0,,,,,,
301.340,,0,0,0,0,,,,,,
301.360,,0,0,0,0,,,,,,
301.380,,0,0,0,0,,,,,,
301.400,,0,0,0,0,,,,,,
301.420,,0,0,0,0,,,,,,
301.440,,0,0,0,0,,,,,,
301.460,,0,0,0,0,,,,,,
301.480,,0,0,0,0,,,,,,
301.500,,0,0,0,0,,,,,,
301.520,,0,0,0,0,,,,,,
301.540,,0,0,0,0,,,,,,
301.560,,0,0,0,0,,,,,,
301.580,,0,0,0,0,,,,,,
301.600,,0,0,0,0,,,,,,
301.620,,0,0,0,0,,,,,,
301.640,,0,0,0,0,,,,,,
301.660,,0,0,0,0,,,,,,
301.680,,0,0,0,0,,,,,,
301.700,,0,0,0,0,,,,,,
301.720,,0,0,0,0,,,,,,
301.740,,0,0,0,0,,,,,,
301.760,,0,0,0,0,,,,,,
301.780,,0,0,0,0,,,,,,
301.800,,0,0,0,0,,,,,,
301.820,,0,0,0,0,,,,,,
301.840,,0,0,0,0,,,,,,
301.860,,0,0,0,0,,,,,,
301.880,,0,0,0,0,,,,,,
301.900,,0,0,0,0,,,,,,
301.920,,0,0,0,0,,,,,,
301.940,,0,0,0,0,,,,,,
301.960,,0,0,0,0,,,,,,
301.980,,0,0,0,0,,,,,,
302.000,,0,0,0,0,,,,,,
302.020,,0,0,0,0,,,,,,
302.040,,0,0,0,0,,,,,,
302.060,,0,0,0,0,,,,,,
302.080,,0,0,0,0,,,,,,
302.100,,0,0,0,0,,,,,,
302.120,,0,0,0,0,,,,,,
302.140,,0,0,0,0,,,,,,
302.160,,0,0,0,0,,,,,,
302.180,,0,0,0,0,,,,,,
302.200,,0,0,0,0,,,,,,
302.220,,0,0,0,0,,,,,,
302.240,,0,0,0,0,,,,,,
302.260,,0,0,0,0,,,,,,
302.280,,0,0,0,0,,,,,,
302.300,,0,0,0,0,,,,,,
302.320,,0,0,0,0,,,,,,
302.340,,0,0,0,0,,,,,,
302.360,,0,0,0,0,,,,,,
302.380,,0,0,0,0,,,,,,
302.400,,0,0,0,0,,,,,,
302.420,,0,0,0,0,,,,,,
302.440,,0,0,0,0,,,,,,
302.460,,0,0,0,0,,,,,,
302.480,,0,0,0,0,,,,,,
302.500,,0,0,0,0,,,,,,
302.520,,0,0,0,0,,,,,,
302.540,,0,0,0,0,,,,,,
302.560,,0,0,0,0,,,,,,
302.580,,0,0,0,0,,,,,,
302.600,,0,0,0,0,,,,,,
302.620,,0,0,0,0,,,,,,
302.640,,0,0,0,0,,,,,,
302.660,,0,0,0,0,,,,,,
302.680,,0,0,0,0,,,,,,
302.700,,0,0,0,0,,,,,,
302.720,,0,0,0,0,,,,,,
302.740,,0,0,0,0,,,,,,
302.760,,0,0,0,0,,,,,,
302.780,,0,0,0,0,,,,,,
302.800,,0,0,0,0,,,,,,
302.820,,0,0,0,0,,,,,,
302.840,,0,0,0,0,,,,,,
302.860,,0,0,0,0,,,,,,
302.880,,0,0,0,0,,,,,,
302.900,,0,0,0,0,,,,,,
302.920,,0,0,0,0,,,,,,
302.940,,0,0,0,0,,,,,,
302.960,,0,0,0,0,,,,,,
302.980,,0,0,0,0,,,,,,
303.000,,0,0,0,0,,,,,,
303.020,,0,0,0,0,,,,,,
303.040,,0,0,0,0,,,,,,
303.060,,0,0,0,0,,,,,,
303.080,,0,0,0,0,,,,,,
303.100,,0,0,0,0,,,,,,
303.120,,0,0,0,0,,,,,,
303.140,,0,0,0,0,,,,,,
303.160,,0,0,0,0,,,,,,
303.180,,0,0,0,0,,,,,,
303.200,,0,0,0,0,,,,,,
303.220,,0,0,0,0,,,,,,
303.240,,0,0,0,0,,,,,,
303.260,,0,0,0,0,,,,,,
303.280,,0,0,0,0,,,,,,
303.300,,0,0,0,0,,,,,,
303.320,,0,0,0,0,,,,,,
303.340,,0,0,0,0,,,,,,
303.360,,0,0,0,0,,,,,,
303.380,,0,0,0,0,,,,,,
303.400,,0,0,0,0,,,,,,
303.420,,0,0,0,0,,,,,,
303.440,,0,0,0,0,,,,,,
303.460,,0,0,0,0,,,,,,
303.480,,0,0,0,0,,,,,,
303.500,,0,0,0,0,,,,,,
303.520,,0,0,0,0,,,,,,
303.540,,0,0,0,0,,,,,,
303.560,,0,0,0,0,,,,,,
303.580,,0,0,0,0,,,,,,
303.600,,0,0,0,0,,,,,,
303.620,,0,0,0,0,,,,,,
303.640,,0,0,0,0,,,,,,
303.660,,0,0,0,0,,,,,,
303.680,,0,0,0,0,,,,,,
303.700,,0,0,0,0,,,,,,
303.720,,0,0,0,0,,,,,,
303.740,,0,0,0,0,,,,,,
303.760,,0,0,0,0,,,,,,
303.780,,0,0,0,0,,,,,,
303.800,,0,0,0,0,,,,,,
303.820,,0,0,0,0,,,,,,
303.840,,0,0,0,0,,,,,,
303.860,,0,0,0,0,,,,,,
303.880,,0,0,0,0,,,,,,
303.900,,0,0,0,0,,,,,,
303.920,,0,0,0,0,,,,,,
303.940,,0,0,0,0,,,,,,
303.960,,0,0,0,0,,,,,,
303.980,,0,0,0,0,,,,,,
304.000,,0,0,0,0,,,,,,
304.020,,0,0,0,0,,,,,,
304.040,,0,0,0,0,,,,,,
304.060,,0,0,0,0,,,,,,
304.080,,0,0,0,0,,,,,,
304.100,,0,0,0,0,,,,,,
304.120,,0,0,0,0,,,,,,
304.140,,0,0,0,0,,,,,,
304.160,,0,0,0,0,,,,,,
304.180,,0,0,0,0,,,,,,
304.200,,0,0,0,0,,,,,,
304.220,,0,0,0,0,,,,,,
304.240,,0,0,0,0,,,,,,
304.260,,0,0,0,0,,,,,,
304.280,,0,0,0,0,,,,,,
304.300,,0,0,0,0,,,,,,
304.320,,0,0,0,0,,,,,,
304.340,,0,0,0,0,,,,,,
304.360,,0,0,0,0,,,,,,
304.380,,0,0,0,0,,,,,,
304.400,,0,0,0,0,,,,,,
304.420,,0,0,0,0,,,,,,
304.440,,0,0,0,0,,,,,,
304.460,,0,0,0,0,,,,,,
304.480,,0,0,0,0,,,,,,
304.500,,0,0,0,0,,,,,,
304.520,,0,0,0,0,,,,,,
304.540,,0,0,0,0,,,,,,
304.560,,0,0,0,0,,,,,,
304.580,,0,0,0,0,,,,,,
304.600,,0,0,0,0,,,,,,
304.620,,0,0,0,0,,,,,,
304.640,,0,0,0,0,,,,,,
304.660,,0,0,0,0,,,,,,
304.680,,0,0,0,0,,,,,,
304.700,,0,0,0,0,,,,,,
304.720,,0,0,0,0,,,,,,
304.740,,0,0,0,0,,,,,,
304.760,,0,0,0,0,,,,,,
304.780,,0,0,0,0,,,,,,
304.800,,0,0,0,0,,,,,,
304.820,,0,0,0,0,,,,,,
304.840,,0,0,0,0,,,,,,
304.860,,0,0,0,0,,,,,,
304.880,,0,0,0,0,,,,,,
304.900,,0,0,0,0,,,,,,
304.920,,0,0,0,0,,,,,,
304.940,,0,0,0,0,,,,,,
304.960,,0,0,0,0,,,,,,
304.980,,0,0,0,0,,,,,,
305.000,,0,0,0,0,,,,,,
305.020,,0,0,0,0,,,,,,
305.040,,0,0,0,0,,,,,,
305.060,,0,0,0,0,,,,,,
305.080,,0,0,0,0,,,,,,
305.100,,0,0,0,0,,,,,,
305.120,,0,0,0,0,,,,,,
305.140,,0,0,0,0,,,,,,
305.160,,0,0,0,0,,,,,,
305.180,,0,0,0,0,,,,,,
305.200,,0,0,0,0,,,,,,
305.220,,0,0,0,0,,,,,,
305.240,,0,0,0,0,,,,,,
305.260,,0,0,0,0,,,,,,
305.280,,0,0,0,0,,,,,,
305.300,,0,0,0,0,,,,,,
305.320,,0,0,0,0,,,,,,
305.340,,0,0,0,0,,,,,,
305.360,,0,0,0,0,,,,,,
305.380,,0,0,0,0,,,,,,
305.400,,0,0,0,0,,,,,,
305.420,,0,0,0,0,,,,,,
305.440,,0,0,0,0,,,,,,
305.460,,0,0,0,0,,,,,,
305.480,,0,0,0,0,,,,,,
305.500,,0,0,0,0,,,,,,
305.520,,0,0,0,0,,,,,,
305.540,,0,0,0,0,,,,,,
305.560,,0,0,0,0,,,,,,
305.580,,0,0,0,0,,,,,,
305.600,,0,0,0,0,,,,,,
305.620,,0,0,0,0,,,,,,
305.640,,0,0,0,0,,,,,,
305.660,,0,0,0,0,,,,,,
305.680,,0,0,0,0,,,,,,
305.700,,0,0,0,0,,,,,,
305.720,,0,0,0,0,,,,,,
305.740,,0,0,0,0,,,,,,
305.760,,0,0,0,0,,,,,,
305.780,,0,0,0,0,,,,,,
305.800,,0,0,0,0,,,,,,
305.820,,0,0,0,0,,,,,,
305.840,,0,0,0,0,,,,,,
305.860,,0,0,0,0,,,,,,
305.880,,0,0,0,0,,,,,,
305.900,,0,0,0,0,,,,,,
305.920,,0,0,0,0,,,,,,
305.940,,0,0,0,0,,,,,,
305.960,,0,0,0,0,,,,,,
305.980,,0,0,0,0,,,,,,
306.000,,0,0,0,0,,,,,,
306.020,,0,0,0,0,,,,,,
306.040,,0,0,0,0,,,,,,
306.060,,0,0,0,0,,,,,,
306.080,,0,0,0,0,,,,,,
306.100,,0,0,0,0,,,,,,
306.120,,0,0,0,0,,,,,,
306.140,,0,0,0,0,,,,,,
306.160,,0,0,0,0,,,,,,
306.180,,0,0,0,0,,,,,,
306.200,,0,0,0,0,,,,,,
306.220,,0,0,0,0,,,,,,
306.240,,0,0,0,0,,,,,,
306.260,,0,0,0,0,,,,,,
306.280,,0,0,0,0,,,,,,
306.300,,0,0,0,0,,,,,,
306.320,,0,0,0,0,,,,,,
306.340,,0,0,0,0,,,,,,
306.360,,0,0,0,0,,,,,,
306.380,,0,0,0,0,,,,,,
306.400,,0,0,0,0,,,,,,
306.420,,0,0,0,0,,,,,,
306.440,,0,0,0,0,,,,,,
306.460,,0,0,0,0,,,,,,
306.480,,0,0,0,0,,,,,,
306.500,,0,0,0,0,,,,,,
306.520,,0,0,0,0,,,,,,
306.540,,0,0,0,0,,,,,,
306.560,,0,0,0,0,,,,,,
306.580,,0,0,0,0,,,,,,
306.600,,0,0,0,0,,,,,,
306.620,,0,0,0,0,,,,,,
306.640,,0,0,0,0,,,,,,
306.660,,0,0,0,0,,,,,,
306.680,,0,0,0,0,,,,,,
306.700,,0,0,0,0,,,,,,
306.720,,0,0,0,0,,,,,,
306.740,,0,0,0,0,,,,,,
306.760,,0,0,0,0,,,,,,
306.780,,0,0,0,0,,,,,,
306.800,,0,0,0,0,,,,,,
306.820,,0,0,0,0,,,,,,
306.840,,0,0,0,0,,,,,,
306.860,,0,0,0,0,,,,,,
306.880,,0,0,0,0,,,,,,
306.900,,0,0,0,0,,,,,,
306.920,,0,0,0,0,,,,,,
306.940,,0,0,0,0,,,,,,
306.960,,0,0,0,0,,,,,,
306.980,,0,0,0,0,,,,,,
307.000,,0,0,0,0,,,,,,
307.020,,0,0,0,0,,,,,,
307.040,,0,0,0,0,,,,,,
307.060,,0,0,0,0,,,,,,
307.080,,0,0,0,0,,,,,,
307.100,,0,0,0,0,,,,,,
307.120,,0,0,0,0,,,,,,
307.140,,0,0,0,0,,,,,,
307.160,,0,0,0,0,,,,,,
307.180,,0,0,0,0,,,,,,
307.200,,0,0,0,0,,,,,,
307.220,,0,0,0,0,,,,,,
307.240,,0,0,0,0,,,,,,
307.260,,0,0,0,0,,,,,,
307.280,,0,0,0,0,,,,,,
307.300,,0,0,0,0,,,,,,
307.320,,0,0,0,0,,,,,,
307.340,,0,0,0,0,,,,,,
307.360,,0,0,0,0,,,,,,
307.380,,0,0,0,0,,,,,,
307.400,,0,0,0,0,,,,,,
307.420,,0,0,0,0,,,,,,
307.440,,0,0,0,0,,,,,,
307.460,,0,0,0,0,,,,,,
307.480,,0,0,0,0,,,,,,
307.500,,0,0,0,0,,,,,,
307.520,,0,0,0,0,,,,,,
307.540,,0,0,0,0,,,,,,
307.560,,0,0,0,0,,,,,,
307.580,,0,0,0,0,,,,,,
307.600,,0,0,0,0,,,,,,
307.620,,0,0,0,0,,,,,,
307.640,,0,0,0,0,,,,,,
307.660,,0,0,0,0,,,,,,
307.680,,0,0,0,0,,,,,,
307.700,,0,0,0,0,,,,,,
307.720,,0,0,0,0,,,,,,
307.740,,0,0,0,0,,,,,,
307.760,,0,0,0,0,,,,,,
307.780,,0,0,0,0,,,,,,
307.800,,0,0,0,0,,,,,,
307.820,,0,0,0,0,,,,,,
307.840,,0,0,0,0,,,,,,
307.860,,0,0,0,0,,,,,,
307.880,,0,0,0,0,,,,,,
307.900,,0,0,0,0,,,,,,
307.920,,0,0,0,0,,,,,,
307.940,,0,0,0,0,,,,,,
307.960,,0,0,0,0,,,,,,
307.980,,0,0,0,0,,,,,,
308.000,,0,0,0,0,,,,,,
308.020,,0,0,0,0,,,,,,
308.040,,0,0,0,0,,,,,,
308.060,,0,0,0,0,,,,,,
308.080,,0,0,0,0,,,,,,
308.100,,0,0,0,0,,,,,,
308.120,,0,0,0,0,,,,,,
308.140,,0,0,0,0,,,,,,
308.160,,0,0,0,0,,,,,,
308.180,,0,0,0,0,,,,,,
308.200,,0,0,0,0,,,,,,
308.220,,0,0,0,0,,,,,,
308.240,,0,0,0,0,,,,,,
308.260,,0,0,0,0,,,,,,
308.280,,0,0,0,0,,,,,,
308.300,,0,0,0,0,,,,,,
308.320,,0,0,0,0,,,,,,
308.340,,0,0,0,0,,,,,,
308.360,,0,0,0,0,,,,,,
308.380,,0,0,0,0,,,,,,
308.400,,0,0,0,0,,,,,,
308.420,,0,0,0,0,,,,,,
308.440,,0,0,0,0,,,,,,
308.460,,0,0,0,0,,,,,,
308.480,,0,0,0,0,,,,,,
308.500,,0,0,0,0,,,,,,
308.520,,0,0,0,0,,,,,,
308.540,,0,0,0,0,,,,,,
308.560,,0,0,0,0,,,,,,
308.580,,0,0,0,0,,,,,,
308.600,,0,0,0,0,,,,,,
308.620,,0,0,0,0,,,,,,
308.640,,0,0,0,0,,,,,,
308.660,,0,0,0,0,,,,,,
308.680,,0,0,0,0,,,,,,
308.700,,0,0,0,0,,,,,,
308.720,,0,0,0,0,,,,,,
308.740,,0,0,0,0,,,,,,
308.760,,0,0,0,0,,,,,,
308.780,,0,0,0,0,,,,,,
308.800,,0,0,0,0,,,,,,
308.820,,0,0,0,0,,,,,,
308.840,,0,0,0,0,,,,,,
308.860,,0,0,0,0,,,,,,
308.880,,0,0,0,0,,,,,,
308.900,,0,0,0,0,,,,,,
308.920,,0,0,0,0,,,,,,
308.940,,0,0,0,0,,,,,,
308.960,,0,0,0,0,,,,,,
308.980,,0,0,0,0,,,,,,
309.000,,0,0,0,0,,,,,,
309.020,,0,0,0,0,,,,,,
309.040,,0,0,0,0,,,,,,
309.060,,0,0,0,0,,,,,,
309.080,,0,0,0,0,,,,,,
309.100,,0,0,0,0,,,,,,
309.120,,0,0,0,0,,,,,,
309.140,,0,0,0,0,,,,,,
309.160,,0,0,0,0,,,,,,
309.180,,0,0,0,0,,,,,,
309.200,,0,0,0,0,,,,,,
309.220,,0,0,0,0,,,,,,
309.240,,0,0,0,0,,,,,,
309.260,,0,0,0,0,,,,,,
309.280,,0,0,0,0,,,,,,
309.300,,0,0,0,0,,,,,,
309.320,,0,0,0,0,,,,,,
309.340,,0,0,0,0,,,,,,
309.360,,0,0,0,0,,,,,,
309.380,,0,0,0,0,,,,,,
309.400,,0,0,0,0,,,,,,
309.420,,0,0,0,0,,,,,,
309.440,,0,0,0,0,,,,,,
309.460,,0,0,0,0,,,,,,
309.480,,0,0,0,0,,,,,,
309.500,,0,0,0,0,,,,,,
309.520,,0,0,0,0,,,,,,
309.540,,0,0,0,0,,,,,,
309.560,,0,0,0,0,,,,,,
309.580,,0,0,0,0,,,,,,
309.600,,0,0,0,0,,,,,,
309.620,,0,0,0,0,,,,,,
309.640,,0,0,0,0,,,,,,
309.660,,0,0,0,0,,,,,,
309.680,,0,0,0,0,,,,,,
309.700,,0,0,0,0,,,,,,
309.720,,0,0,0,0,,,,,,
309.740,,0,0,0,0,,,,,,
309.760,,0,0,0,0,,,,,,
309.780,,0,0,0,0,,,,,,
309.800,,0,0,0,0,,,,,,
309.820,,0,0,0,0,,,,,,
309.840,,0,0,0,0,,,,,,
309.860,,0,0,0,0,,,,,,
309.880,,0,0,0,0,,,,,,
309.900,,0,0,0,0,,,,,,
309.920,,0,0,0,0,,,,,,
309.940,,0,0,0,0,,,,,,
309.960,,0,0,0,0,,,,,,
309.980,,0,0,0,0,,,,,,
310.000,,0,0,0,0,,,,,,
310.020,,0,0,0,0,,,,,,
310.040,,0,0,0,0,,,,,,
310.060,,0,0,0,0,,,,,,
310.080,,0,0,0,0,,,,,,
310.100,,0,0,0,0,,,,,,
310.120,,0,0,0,0,,,,,,
310.140,,0,0,0,0,,,,,,
310.160,,0,0,0,0,,,,,,
310.180,,0,0,0,0,,,,,,
310.200,,0,0,0,0,,,,,,
310.220,,0,0,0,0,,,,,,
310.240,,0,0,0,0,,,,,,
310.260,,0,0,0,0,,,,,,
310.280,,0,0,0,0,,,,,,
310.300,,0,0,0,0,,,,,,
310.320,,0,0,0,0,,,,,,
310.340,,0,0,0,0,,,,,,
310.360,,0,0,0,0,,,,,,
310.380,,0,0,0,0,,,,,,
310.400,,0,0,0,0,,,,,,
310.420,,0,0,0,0,,,,,,
310.440,,0,0,0,0,,,,,,
310.460,,0,0,0,0,,,,,,
310.480,,0,0,0,0,,,,,,
310.500,,0,0,0,0,,,,,,
310.520,,0,0,0,0,,,,,,
310.540,,0,0,0,0,,,,,,
310.560,,0,0,0,0,,,,,,
310.580,,0,0,0,0,,,,,,
310.600,,0,0,0,0,,,,,,
310.620,,0,0,0,0,,,,,,
310.640,,0,0,0,0,,,,,,
310.660,,0,0,0,0,,,,,,
310.680,,0,0,0,0,,,,,,
310.700,,0,0,0,0,,,,,,
310.720,,0,0,0,0,,,,,,
310.740,,0,0,0,0,,,,,,
310.760,,0,0,0,0,,,,,,
310.780,,0,0,0,0,,,,,,
310.800,,0,0,0,0,,,,,,
310.820,,0,0,0,0,,,,,,
310.840,,0,0,0,0,,,,,,
310.860,,0,0,0,0,,,,,,
310.880,,0,0,0,0,,,,,,
310.900,,0,0,0,0,,,,,,
310.920,,0,0,0,0,,,,,,
310.940,,0,0,0,0,,,,,,
310.960,,0,0,0,0,,,,,,
310.980,,0,0,0,0,,,,,,
311.000,,0,0,0,0,,,,,,
311.020,,0,0,0,0,,,,,,
311.040,,0,0,0,0,,,,,,
311.060,,0,0,0,0,,,,,,
311.080,,0,0,0,0,,,,,,
311.100,,0,0,0,0,,,,,,
311.120,,0,0,0,0,,,,,,
311.140,,0,0,0,0,,,,,,
311.160,,0,0,0,0,,,,,,
311.180,,0,0,0,0,,,,,,
311.200,,0,0,0,0,,,,,,
311.220,,0,0,0,0,,,,,,
311.240,,0,0,0,0,,,,,,
311.260,,0,0,0,0,,,,,,
311.280,,0,0,0,0,,,,,,
311.300,,0,0,0,0,,,,,,
311.320,,0,0,0,0,,,,,,
311.340,,0,0,0,0,,,,,,
311.360,,0,0,0,0,,,,,,
311.380,,0,0,0,0,,,,,,
311.400,,0,0,0,0,,,,,,
311.420,,0,0,0,0,,,,,,
311.440,,0,0,0,0,,,,,,
311.460,,0,0,0,0,,,,,,
311.480,,0,0,0,0,,,,,,
311.500,,0,0,0,0,,,,,,
311.520,,0,0,0,0,,,,,,
311.540,,0,0,0,0,,,,,,
311.560,,0,0,0,0,,,,,,
311.580,,0,0,0,0,,,,,,
311.600,,0,0,0,0,,,,,,
311.620,,0,0,0,0,,,,,,
311.640,,0,0,0,0,,,,,,
311.660,,0,0,0,0,,,,,,
311.680,,0,0,0,0,,,,,,
311.700,,0,0,0,0,,,,,,
311.720,,0,0,0,0,,,,,,
311.740,,0,0,0,0,,,,,,
311.760,,0,0,0,0,,,,,,
311.780,,0,0,0,0,,,,,,
311.800,,0,0,0,0,,,,,,
311.820,,0,0,0,0,,,,,,
311.840,,0,0,0,0,,,,,,
311.860,,0,0,0,0,,,,,,
311.880,,0,0,0,0,,,,,,
311.900,,0,0,0,0,,,,,,
311.920,,0,0,0,0,,,,,,
311.940,,0,0,0,0,,,,,,
311.960,,0,0,0,0,,,,,,
311.980,,0,0,0,0,,,,,,
312.000,,0,0,0,0,,,,,,
312.020,,0,0,0,0,,,,,,
312.040,,0,0,0,0,,,,,,
312.060,,0,0,0,0,,,,,,
312.080,,0,0,0,0,,,,,,
312.100,,0,0,0,0,,,,,,
312.120,,0,0,0,0,,,,,,
312.140,,0,0,0,0,,,,,,
312.160,,0,0,0,0,,,,,,
312.180,,0,0,0,0,,,,,,
312.200,,0,0,0,0,,,,,,
312.220,,0,0,0,0,,,,,,
312.240,,0,0,0,0,,,,,,
312.260,,0,0,0,0,,,,,,
312.280,,0,0,0,0,,,,,,
312.300,,0,0,0,0,,,,,,
312.320,,0,0,0,0,,,,,,
312.340,,0,0,0,0,,,,,,
312.360,,0,0,0,0,,,,,,
312.380,,0,0,0,0,,,,,,
312.400,,0,0,0,0,,,,,,
312.420,,0,0,0,0,,,,,,
312.440,,0,0,0,0,,,,,,
312.460,,0,0,0,0,,,,,,
312.480,,0,0,0,0,,,,,,
312.500,,0,0,0,0,,,,,,
312.520,,0,0,0,0,,,,,,
312.540,,0,0,0,0,,,,,,
312.560,,0,0,0,0,,,,,,
312.580,,0,0,0,0,,,,,,
312.600,,0,0,0,0,,,,,,
312.620,,0,0,0,0,,,,,,
312.640,,0,0,0,0,,,,,,
312.660,,0,0,0,0,,,,,,
312.680,,0,0,0,0,,,,,,
312.700,,0,0,0,0,,,,,,
312.720,,0,0,0,0,,,,,,
312.740,,0,0,0,0,,,,,,
312.760,,0,0,0,0,,,,,,
312.780,,0,0,0,0,,,,,,
312.800,,0,0,0,0,,,,,,
312.820,,0,0,0,0,,,,,,
312.840,,0,0,0,0,,,,,,
312.860,,0,0,0,0,,,,,,
312.880,,0,0,0,0,,,,,,
312.900,,0,0,0,0,,,,,,
312.920,,0,0,0,0,,,,,,
312.940,,0,0,0,0,,,,,,
312.960,,0,0,0,0,,,,,,
312.980,,0,0,0,0,,,,,,
313.000,,0,0,0,0,,,,,,
313.020,,0,0,0,0,,,,,,
313.040,,0,0,0,0,,,,,,
313.060,,0,0,0,0,,,,,,
313.080,,0,0,0,0,,,,,,
313.100,,0,0,0,0,,,,,,
313.120,,0,0,0,0,,,,,,
313.140,,0,0,0,0,,,,,,
313.160,,0,0,0,0,,,,,,
313.180,,0,0,0,0,,,,,,
313.200,,0,0,0,0,,,,,,
313.220,,0,0,0,0,,,,,,
313.240,,0,0,0,0,,,,,,
313.260,,0,0,0,0,,,,,,
313.280,,0,0,0,0,,,,,,
313.300,,0,0,0,0,,,,,,
313.320,,0,0,0,0,,,,,,
313.340,,0,0,0,0,,,,,,
313.360,,0,0,0,0,,,,,,
313.380,,0,0,0,0,,,,,,
313.400,,0,0,0,0,,,,,,
313.420,,0,0,0,0,,,,,,
313.440,,0,0,0,0,,,,,,
313.460,,0,0,0,0,,,,,,
313.480,,0,0,0,0,,,,,,
313.500,,0,0,0,0,,,,,,
313.520,,0,0,0,0,,,,,,
313.540,,0,0,0,0,,,,,,
313.560,,0,0,0,0,,,,,,
313.580,,0,0,0,0,,,,,,
313.600,,0,0,0,0,,,,,,
313.620,,0,0,0,0,,,,,,
313.640,,0,0,0,0,,,,,,
313.660,,0,0,0,0,,,,,,
313.680,,0,0,0,0,,,,,,
313.700,,0,0,0,0,,,,,,
313.720,,0,0,0,0,,,,,,
313.740,,0,0,0,0,,,,,,
313.760,,0,0,0,0,,,,,,
313.780,,0,0,0,0,,,,,,
313.800,,0,0,0,0,,,,,,
313.820,,0,0,0,0,,,,,,
313.840,,0,0,0,0,,,,,,
313.860,,0,0,0,0,,,,,,
313.880,,0,0,0,0,,,,,,
313.900,,0,0,0,0,,,,,,
313.920,,0,0,0,0,,,,,,
313.940,,0,0,0,0,,,,,,
313.960,,0,0,0,0,,,,,,
313.980,,0,0,0,0,,,,,,
314.000,,0,0,0,0,,,,,,
314.020,,0,0,0,0,,,,,,
314.040,,0,0,0,0,,,,,,
314.060,,0,0,0,0,,,,,,
314.080,,0,0,0,0,,,,,,
314.100,,0,0,0,0,,,,,,
314.120,,0,0,0,0,,,,,,
314.140,,0,0,0,0,,,,,,
314.160,,0,0,0,0,,,,,,
314.180,,0,0,0,0,,,,,,
314.200,,0,0,0,0,,,,,,
314.220,,0,0,0,0,,,,,,
314.240,,0,0,0,0,,,,,,
314.260,,0,0,0,0,,,,,,
314.280,,0,0,0,0,,,,,,
314.300,,0,0,0,0,,,,,,
314.320,,0,0,0,0,,,,,,
314.340,,0,0,0,0,,,,,,
314.360,,0,0,0,0,,,,,,
314.380,,0,0,0,0,,,,,,
314.400,,0,0,0,0,,,,,,
314.420,,0,0,0,0,,,,,,
314.440,,0,0,0,0,,,,,,
314.460,,0,0,0,0,,,,,,
314.480,,0,0,0,0,,,,,,
314.500,,0,0,0,0,,,,,,
314.520,,0,0,0,0,,,,,,
314.540,,0,0,0,0,,,,,,
314.560,,0,0,0,0,,,,,,
314.580,,0,0,0,0,,,,,,
314.600,,0,0,0,0,,,,,,
314.620,,0,0,0,0,,,,,,
314.640,,0,0,0,0,,,,,,
314.660,,0,0,0,0,,,,,,
314.680,,0,0,0,0,,,,,,
314.700,,0,0,0,0,,,,,,
314.720,,0,0,0,0,,,,,,
314.740,,0,0,0,0,,,,,,
314.760,,0,0,0,0,,,,,,
314.780,,0,0,0,0,,,,,,
314.800,,0,0,0,0,,,,,,
314.820,,0,0,0,0,,,,,,
314.840,,0,0,0,0,,,,,,
314.860,,0,0,0,0,,,,,,
314.880,,0,0,0,0,,,,,,
314.900,,0,0,0,0,,,,,,
314.920,,0,0,0,0,,,,,,
314.940,,0,0,0,0,,,,,,
314.960,,0,0,0,0,,,,,,
314.980,,0,0,0,0,,,,,,
315.000,,0,0,0,0,,,,,,
315.020,,0,0,0,0,,,,,,
315.040,,0,0,0,0,,,,,,
315.060,,0,0,0,0,,,,,,
315.080,,0,0,0,0,,,,,,
315.100,,0,0,0,0,,,,,,
315.120,,0,0,0,0,,,,,,
315.140,,0,0,0,0,,,,,,
315.160,,0,0,0,0,,,,,,
315.180,,0,0,0,0,,,,,,
315.200,,0,0,0,0,,,,,,
315.220,,0,0,0,0,,,,,,
315.240,,0,0,0,0,,,,,,
315.260,,0,0,0,0,,,,,,
315.280,,0,0,0,0,,,,,,
315.300,,0,0,0,0,,,,,,
315.320,,0,0,0,0,,,,,,
315.340,,0,0,0,0,,,,,,
315.360,,0,0,0,0,,,,,,
315.380,,0,0,0,0,,,,,,
315.400,,0,0,0,0,,,,,,
315.420,,0,0,0,0,,,,,,
315.440,,0,0,0,0,,,,,,
315.460,,0,0,0,0,,,,,,
315.480,,0,0,0,0,,,,,,
315.500,,0,0,0,0,,,,,,
315.520,,0,0,0,0,,,,,,
315.540,,0,0,0,0,,,,,,
315.560,,0,0,0,0,,,,,,
315.580,,0,0,0,0,,,,,,
315.600,,0,0,0,0,,,,,,
315.620,,0,0,0,0,,,,,,
315.640,,0,0,0,0,,,,,,
315.660,,0,0,0,0,,,,,,
315.680,,0,0,0,0,,,,,,
315.700,,0,0,0,0,,,,,,
315.720,,0,0,0,0,,,,,,
315.740,,0,0,0,0,,,,,,
315.760,,0,0,0,0,,,,,,
315.780,,0,0,0,0,,,,,,
315.800,,0,0,0,0,,,,,,
315.820,,0,0,0,0,,,,,,
315.840,,0,0,0,0,,,,,,
315.860,,0,0,0,0,,,,,,
315.880,,0,0,0,0,,,,,,
315.900,,0,0,0,0,,,,,,
315.920,,0,0,0,0,,,,,,
315.940,,0,0,0,0,,,,,,
315.960,,0,0,0,0,,,,,,
315.980,,0,0,0,0,,,,,,
316.000,,0,0,0,0,,,,,,
316.020,,0,0,0,0,,,,,,
316.040,,0,0,0,0,,,,,,
316.060,,0,0,0,0,,,,,,
316.080,,0,0,0,0,,,,,,
316.100,,0,0,0,0,,,,,,
316.120,,0,0,0,0,,,,,,
316.140,,0,0,0,0,,,,,,
316.160,,0,0,0,0,,,,,,
316.180,,0,0,0,0,,,,,,
316.200,,0,0,0,0,,,,,,
316.220,,0,0,0,0,,,,,,
316.240,,0,0,0,0,,,,,,
316.260,,0,0,0,0,,,,,,
316.280,,0,0,0,0,,,,,,
316.300,,0,0,0,0,,,,,,
316.320,,0,0,0,0,,,,,,
316.340,,0,0,0,0,,,,,,
316.360,,0,0,0,0,,,,,,
316.380,,0,0,0,0,,,,,,
316.400,,0,0,0,0,,,,,,
316.420,,0,0,0,0,,,,,,
316.440,,0,0,0,0,,,,,,
316.460,,0,0,0,0,,,,,,
316.480,,0,0,0,0,,,,,,
316.500,,0,0,0,0,,,,,,
316.520,,0,0,0,0,,,,,,
316.540,,0,0,0,0,,,,,,
316.560,,0,0,0,0,,,,,,
316.580,,0,0,0,0,,,,,,
316.600,,0,0,0,0,,,,,,
316.620,,0,0,0,0,,,,,,
316.640,,0,0,0,0,,,,,,
316.660,,0,0,0,0,,,,,,
316.680,,0,0,0,0,,,,,,
316.700,,0,0,0,0,,,,,,
316.720,,0,0,0,0,,,,,,
316.740,,0,0,0,0,,,,,,
316.760,,0,0,0,0,,,,,,
316.780,,0,0,0,0,,,,,,
316.800,,0,0,0,0,,,,,,
316.820,,0,0,0,0,,,,,,
316.840,,0,0,0,0,,,,,,
316.860,,0,0,0,0,,,,,,
316.880,,0,0,0,0,,,,,,
316.900,,0,0,0,0,,,,,,
316.920,,0,0,0,0,,,,,,
316.940,,0,0,0,0,,,,,,
316.960,,0,0,0,0,,,,,,
316.980,,0,0,0,0,,,,,,
317.000,,0,0,0,0,,,,,,
317.020,,0,0,0,0,,,,,,
317.040,,0,0,0,0,,,,,,
317.060,,0,0,0,0,,,,,,
317.080,,0,0,0,0,,,,,,
317.100,,0,0,0,0,,,,,,
317.120,,0,0,0,0,,,,,,
317.140,,0,0,0,0,,,,,,
317.160,,0,0,0,0,,,,,,
317.180,,0,0,0,0,,,,,,
317.200,,0,0,0,0,,,,,,
317.220,,0,0,0,0,,,,,,
317.240,,0,0,0,0,,,,,,
317.260,,0,0,0,0,,,,,,
317.280,,0,0,0,0,,,,,,
317.300,,0,0,0,0,,,,,,
317.320,,0,0,0,0,,,,,,
317.340,,0,0,0,0,,,,,,
317.360,,0,0,0,0,,,,,,
317.380,,0,0,0,0,,,,,,
317.400,,0,0,0,0,,,,,,
317.420,,0,0,0,0,,,,,,
317.440,,0,0,0,0,,,,,,
317.460,,0,0,0,0,,,,,,
317.480,,0,0,0,0,,,,,,
317.500,,0,0,0,0,,,,,,
317.520,,0,0,0,0,,,,,,
317.540,,0,0,0,0,,,,,,
317.560,,0,0,0,0,,,,,,
317.580,,0,0,0,0,,,,,,
317.600,,0,0,0,0,,,,,,
317.620,,0,0,0,0,,,,,,
317.640,,0,0,0,0,,,,,,
317.660,,0,0,0,0,,,,,,
317.680,,0,0,0,0,,,,,,
317.700,,0,0,0,0,,,,,,
317.720,,0,0,0,0,,,,,,
317.740,,0,0,0,0,,,,,,
317.760,,0,0,0,0,,,,,,
317.780,,0,0,0,0,,,,,,
317.800,,0,0,0,0,,,,,,
317.820,,0,0,0,0,,,,,,
317.840,,0,0,0,0,,,,,,
317.860,,0,0,0,0,,,,,,
317.880,,0,0,0,0,,,,,,
317.900,,0,0,0,0,,,,,,
317.920,,0,0,0,0,,,,,,
317.940,,0,0,0,0,,,,,,
317.960,,0,0,0,0,,,,,,
317.980,,0,0,0,0,,,,,,
318.000,,0,0,0,0,,,,,,
318.020,,0,0,0,0,,,,,,
318.040,,0,0,0,0,,,,,,
318.060,,0,0,0,0,,,,,,
318.080,,0,0,0,0,,,,,,
318.100,,0,0,0,0,,,,,,
318.120,,0,0,0,0,,,,,,
318.140,,0,0,0,0,,,,,,
318.160,,0,0,0,0,,,,,,
318.180,,0,0,0,0,,,,,,
318.200,,0,0,0,0,,,,,,
318.220,,0,0,0,0,,,,,,
318.240,,0,0,0,0,,,,,,
318.260,,0,0,0,0,,,,,,
318.280,,0,0,0,0,,,,,,
318.300,,0,0,0,0,,,,,,
318.320,,0,0,0,0,,,,,,
318.340,,0,0,0,0,,,,,,
318.360,,0,0,0,0,,,,,,
318.380,,0,0,0,0,,,,,,
318.400,,0,0,0,0,,,,,,
318.420,,0,0,0,0,,,,,,
318.440,,0,0,0,0,,,,,,
318.460,,0,0,0,0,,,,,,
318.480,,0,0,0,0,,,,,,
318.500,,0,0,0,0,,,,,,
318.520,,0,0,0,0,,,,,,
318.540,,0,0,0,0,,,,,,
318.560,,0,0,0,0,,,,,,
318.580,,0,0,0,0,,,,,,
318.600,,0,0,0,0,,,,,,
318.620,,0,0,0,0,,,,,,
318.640,,0,0,0,0,,,,,,
318.660,,0,0,0,0,,,,,,
318.680,,0,0,0,0,,,,,,
318.700,,0,0,0,0,,,,,,
318.720,,0,0,0,0,,,,,,
318.740,,0,0,0,0,,,,,,
318.760,,0,0,0,0,,,,,,
318.780,,0,0,0,0,,,,,,
318.800,,0,0,0,0,,,,,,
318.820,,0,0,0,0,,,,,,
318.840,,0,0,0,0,,,,,,
318.860,,0,0,0,0,,,,,,
318.880,,0,0,0,0,,,,,,
318.900,,0,0,0,0,,,,,,
318.920,,0,0,0,0,,,,,,
318.940,,0,0,0,0,,,,,,
318.960,,0,0,0,0,,,,,,
318.980,,0,0,0,0,,,,,,
319.000,,0,0,0,0,,,,,,
319.020,,0,0,0,0,,,,,,
319.040,,0,0,0,0,,,,,,
319.060,,0,0,0,0,,,,,,
319.080,,0,0,0,0,,,,,,
319.100,,0,0,0,0,,,,,,
319.120,,0,0,0,0,,,,,,
319.140,,0,0,0,0,,,,,,
319.160,,0,0,0,0,,,,,,
319.180,,0,0,0,0,,,,,,
319.200,,0,0,0,0,,,,,,
319.220,,0,0,0,0,,,,,,
319.240,,0,0,0,0,,,,,,
319.260,,0,0,0,0,,,,,,
319.280,,0,0,0,0,,,,,,
319.300,,0,0,0,0,,,,,,
319.320,,0,0,0,0,,,,,,
319.340,,0,0,0,0,,,,,,
319.360,,0,0,0,0,,,,,,
319.380,,0,0,0,0,,,,,,
319.400,,0,0,0,0,,,,,,
319.420,,0,0,0,0,,,,,,
319.440,,0,0,0,0,,,,,,
319.460,,0,0,0,0,,,,,,
319.480,,0,0,0,0,,,,,,
319.500,,0,0,0,0,,,,,,
319.520,,0,0,0,0,,,,,,
319.540,,0,0,0,0,,,,,,
319.560,,0,0,0,0,,,,,,
319.580,,0,0,0,0,,,,,,
319.600,,0,0,0,0,,,,,,
319.620,,0,0,0,0,,,,,,
319.640,,0,0,0,0,,,,,,
319.660,,0,0,0,0,,,,,,
319.680,,0,0,0,0,,,,,,
319.700,,0,0,0,0,,,,,,
319.720,,0,0,0,0,,,,,,
319.740,,0,0,0,0,,,,,,
319.760,,0,0,0,0,,,,,,
319.780,,0,0,0,0,,,,,,
319.800,,0,0,0,0,,,,,,
319.820,,0,0,0,0,,,,,,
319.840,,0,0,0,0,,,,,,
319.860,,0,0,0,0,,,,,,
319.880,,0,0,0,0,,,,,,
319.900,,0,0,0,0,,,,,,
319.920,,0,0,0,0,,,,,,
319.940,,0,0,0,0,,,,,,
319.960,,0,0,0,0,,,,,,
319.980,,0,0,0,0,,,,,,
320.000,,0,0,0,0,,,,,,
320.020,,0,0,0,0,,,,,,
320.040,,0,0,0,0,,,,,,
320.060,,0,0,0,0,,,,,,
320.080,,0,0,0,0,,,,,,
320.100,,0,0,0,0,,,,,,
320.120,,0,0,0,0,,,,,,
320.140,,0,0,0,0,,,,,,
320.160,,0,0,0,0,,,,,,
320.180,,0,0,0,0,,,,,,
320.200,,0,0,0,0,,,,,,
320.220,,0,0,0,0,,,,,,
320.240,,0,0,0,0,,,,,,
320.260,,0,0,0,0,,,,,,
320.280,,0,0,0,0,,,,,,
320.300,,0,0,0,0,,,,,,
320.320,,0,0,0,0,,,,,,
320.340,,0,0,0,0,,,,,,
320.360,,0,0,0,0,,,,,,
320.380,,0,0,0,0,,,,,,
320.400,,0,0,0,0,,,,,,
320.420,,0,0,0,0,,,,,,
320.440,,0,0,0,0,,,,,,
320.460,,0,0,0,0,,,,,,
320.480,,0,0,0,0,,,,,,
320.500,,0,0,0,0,,,,,,
320.520,,0,0,0,0,,,,,,
320.540,,0,0,0,0,,,,,,
320.560,,0,0,0,0,,,,,,
320.580,,0,0,0,0,,,,,,
320.600,,0,0,0,0,,,,,,
320.620,,0,0,0,0,,,,,,
320.640,,0,0,0,0,,,,,,
320.660,,0,0,0,0,,,,,,
320.680,,0,0,0,0,,,,,,
320.700,,0,0,0,0,,,,,,
320.720,,0,0,0,0,,,,,,
320.740,,0,0,0,0,,,,,,
320.760,,0,0,0,0,,,,,,
320.780,,0,0,0,0,,,,,,
320.800,,0,0,0,0,,,,,,
320.820,,0,0,0,0,,,,,,
320.840,,0,0,0,0,,,,,,
320.860,,0,0,0,0,,,,,,
320.880,,0,0,0,0,,,,,,
320.900,,0,0,0,0,,,,,,
320.920,,0,0,0,0,,,,,,
320.940,,0,0,0,0,,,,,,
320.960,,0,0,0,0,,,,,,
320.980,,0,0,0,0,,,,,,
321.000,,0,0,0,0,,,,,,
321.020,,0,0,0,0,,,,,,
321.040,,0,0,0,0,,,,,,
321.060,,0,0,0,0,,,,,,
321.080,,0,0,0,0,,,,,,
321.100,,0,0,0,0,,,,,,
321.120,,0,0,0,0,,,,,,
321.140,,0,0,0,0,,,,,,
321.160,,0,0,0,0,,,,,,
321.180,,0,0,0,0,,,,,,
321.200,,0,0,0,0,,,,,,
321.220,,0,0,0,0,,,,,,
321.240,,0,0,0,0,,,,,,
321.260,,0,0,0,0,,,,,,
321.280,,0,0,0,0,,,,,,
321.300,,0,0,0,0,,,,,,
321.320,,0,0,0,0,,,,,,
321.340,,0,0,0,0,,,,,,
321.360,,0,0,0,0,,,,,,
321.380,,0,0,0,0,,,,,,
321.400,,0,0,0,0,,,,,,
321.420,,0,0,0,0,,,,,,
321.440,,0,0,0,0,,,,,,
321.460,,0,0,0,0,,,,,,
321.480,,0,0,0,0,,,,,,
321.500,,0,0,0,0,,,,,,
321.520,,0,0,0,0,,,,,,
321.540,,0,0,0,0,,,,,,
321.560,,0,0,0,0,,,,,,
321.580,,0,0,0,0,,,,,,
321.600,,0,0,0,0,,,,,,
321.620,,0,0,0,0,,,,,,
321.640,,0,0,0,0,,,,,,
321.660,,0,0,0,0,,,,,,
321.680,,0,0,0,0,,,,,,
321.700,,0,0,0,0,,,,,,
321.720,,0,0,0,0,,,,,,
321.740,,0,0,0,0,,,,,,
321.760,,0,0,0,0,,,,,,
321.780,,0,0,0,0,,,,,,
321.800,,0,0,0,0,,,,,,
321.820,,0,0,0,0,,,,,,
321.840,,0,0,0,0,,,,,,
321.860,,0,0,0,0,,,,,,
321.880,,0,0,0,0,,,,,,
321.900,,0,0,0,0,,,,,,
321.920,,0,0,0,0,,,,,,
321.940,,0,0,0,0,,,,,,
321.960,,0,0,0,0,,,,,,
321.980,,0,0,0,0,,,,,,
322.000,,0,0,0,0,,,,,,
322.020,,0,0,0,0,,,,,,
322.040,,0,0,0,0,,,,,,
322.060,,0,0,0,0,,,,,,
322.080,,0,0,0,0,,,,,,
322.100,,0,0,0,0,,,,,,
322.120,,0,0,0,0,,,,,,
322.140,,0,0,0,0,,,,,,
322.160,,0,0,0,0,,,,,,
322.180,,0,0,0,0,,,,,,
322.200,,0,0,0,0,,,,,,
322.220,,0,0,0,0,,,,,,
322.240,,0,0,0,0,,,,,,
322.260,,0,0,0,0,,,,,,
322.280,,0,0,0,0,,,,,,
322.300,,0,0,0,0,,,,,,
322.320,,0,0,0,0,,,,,,
322.340,,0,0,0,0,,,,,,
322.360,,0,0,0,0,,,,,,
322.380,,0,0,0,0,,,,,,
322.400,,0,0,0,0,,,,,,
322.420,,0,0,0,0,,,,,,
322.440,,0,0,0,0,,,,,,
322.460,,0,0,0,0,,,,,,
322.480,,0,0,0,0,,,,,,
322.500,,0,0,0,0,,,,,,
322.520,,0,0,0,0,,,,,,
322.540,,0,0,0,0,,,,,,
322.560,,0,0,0,0,,,,,,
322.580,,0,0,0,0,,,,,,
322.600,,0,0,0,0,,,,,,
322.620,,0,0,0,0,,,,,,
322.640,,0,0,0,0,,,,,,
322.660,,0,0,0,0,,,,,,
322.680,,0,0,0,0,,,,,,
322.700,,0,0,0,0,,,,,,
322.720,,0,0,0,0,,,,,,
322.740,,0,0,0,0,,,,,,
322.760,,0,0,0,0,,,,,,
322.780,,0,0,0,0,,,,,,
322.800,,0,0,0,0,,,,,,
322.820,,0,0,0,0,,,,,,
322.840,,0,0,0,0,,,,,,
322.860,,0,0,0,0,,,,,,
322.880,,0,0,0,0,,,,,,
322.900,,0,0,0,0,,,,,,
322.920,,0,0,0,0,,,,,,
322.940,,0,0,0,0,,,,,,
322.960,,0,0,0,0,,,,,,
322.980,,0,0,0,0,,,,,,
323.000,,0,0,0,0,,,,,,
323.020,,0,0,0,0,,,,,,
323.040,,0,0,0,0,,,,,,
323.060,,0,0,0,0,,,,,,
323.080,,0,0,0,0,,,,,,
323.100,,0,0,0,0,,,,,,
323.120,,0,0,0,0,,,,,,
323.140,,0,0,0,0,,,,,,
323.160,,0,0,0,0,,,,,,
323.180,,0,0,0,0,,,,,,
323.200,,0,0,0,0,,,,,,
323.220,,0,0,0,0,,,,,,
323.240,,0,0,0,0,,,,,,
323.260,,0,0,0,0,,,,,,
323.280,,0,0,0,0,,,,,,
323.300,,0,0,0,0,,,,,,
323.320,,0,0,0,0,,,,,,
323.340,,0,0,0,0,,,,,,
323.360,,0,0,0,0,,,,,,
323.380,,0,0,0,0,,,,,,
323.400,,0,0,0,0,,,,,,
323.420,,0,0,0,0,,,,,,
323.440,,0,0,0,0,,,,,,
323.460,,0,0,0,0,,,,,,
323.480,,0,0,0,0,,,,,,
323.500,,0,0,0,0,,,,,,
323.520,,0,0,0,0,,,,,,
323.540,,0,0,0,0,,,,,,
323.560,,0,0,0,0,,,,,,
323.580,,0,0,0,0,,,,,,
323.600,,0,0,0,0,,,,,,
323.620,,0,0,0,0,,,,,,
323.640,,0,0,0,0,,,,,,
323.660,,0,0,0,0,,,,,,
323.680,,0,0,0,0,,,,,,
323.700,,0,0,0,0,,,,,,
323.720,,0,0,0,0,,,,,,
323.740,,0,0,0,0,,,,,,
323.760,,0,0,0,0,,,,,,
323.780,,0,0,0,0,,,,,,
323.800,,0,0,0,0,,,,,,
323.820,,0,0,0,0,,,,,,
323.840,,0,0,0,0,,,,,,
323.860,,0,0,0,0,,,,,,
323.880,,0,0,0,0,,,,,,
323.900,,0,0,0,0,,,,,,
323.920,,0,0,0,0,,,,,,
323.940,,0,0,0,0,,,,,,
323.960,,0,0,0,0,,,,,,
323.980,,0,0,0,0,,,,,,
324.000,,0,0,0,0,,,,,,
324.020,,0,0,0,0,,,,,,
324.040,,0,0,0,0,,,,,,
324.060,,0,0,0,0,,,,,,
324.080,,0,0,0,0,,,,,,
324.100,,0,0,0,0,,,,,,
324.120,,0,0,0,0,,,,,,
324.140,,0,0,0,0,,,,,,
324.160,,0,0,0,0,,,,,,
324.180,,0,0,0,0,,,,,,
324.200,,0,0,0,0,,,,,,
324.220,,0,0,0,0,,,,,,
324.240,,0,0,0,0,,,,,,
324.260,,0,0,0,0,,,,,,
324.280,,0,0,0,0,,,,,,
324.300,,0,0,0,0,,,,,,
324.320,,0,0,0,0,,,,,,
324.340,,0,0,0,0,,,,,,
324.360,,0,0,0,0,,,,,,
324.380,,0,0,0,0,,,,,,
324.400,,0,0,0,0,,,,,,
324.420,,0,0,0,0,,,,,,
324.440,,0,0,0,0,,,,,,
324.460,,0,0,0,0,,,,,,
324.480,,0,0,0,0,,,,,,
324.500,,0,0,0,0,,,,,,
324.520,,0,0,0,0,,,,,,
324.540,,0,0,0,0,,,,,,
324.560,,0,0,0,0,,,,,,
324.580,,0,0,0,0,,,,,,
324.600,,0,0,0,0,,,,,,
324.620,,0,0,0,0,,,,,,
324.640,,0,0,0,0,,,,,,
324.660,,0,0,0,0,,,,,,
324.680,,0,0,0,0,,,,,,
324.700,,0,0,0,0,,,,,,
324.720,,0,0,0,0,,,,,,
324.740,,0,0,0,0,,,,,,
324.760,,0,0,0,0,,,,,,
324.780,,0,0,0,0,,,,,,
324.800,,0,0,0,0,,,,,,
324.820,,0,0,0,0,,,,,,
324.840,,0,0,0,0,,,,,,
324.860,,0,0,0,0,,,,,,
324.880,,0,0,0,0,,,,,,
324.900,,0,0,0,0,,,,,,
324.920,,0,0,0,0,,,,,,
324.940,,0,0,0,0,,,,,,
324.960,,0,0,0,0,,,,,,
324.980,,0,0,0,0,,,,,,
325.000,,0,0,0,0,,,,,,
325.020,,0,0,0,0,,,,,,
325.040,,0,0,0,0,,,,,,
325.060,,0,0,0,0,,,,,,
325.080,,0,0,0,0,,,,,,
325.100,,0,0,0,0,,,,,,
325.120,,0,0,0,0,,,,,,
325.140,,0,0,0,0,,,,,,
325.160,,0,0,0,0,,,,,,
325.180,,0,0,0,0,,,,,,
325.200,,0,0,0,0,,,,,,
325.220,,0,0,0,0,,,,,,
325.240,,0,0,0,0,,,,,,
325.260,,0,0,0,0,,,,,,
325.280,,0,0,0,0,,,,,,
325.300,,0,0,0,0,,,,,,
325.320,,0,0,0,0,,,,,,
325.340,,0,0,0,0,,,,,,
325.360,,0,0,0,0,,,,,,
325.380,,0,0,0,0,,,,,,
325.400,,0,0,0,0,,,,,,
325.420,,0,0,0,0,,,,,,
325.440,,0,0,0,0,,,,,,
325.460,,0,0,0,0,,,,,,
325.480,,0,0,0,0,,,,,,
325.500,,0,0,0,0,,,,,,
325.520,,0,0,0,0,,,,,,
325.540,,0,0,0,0,,,,,,
325.560,,0,0,0,0,,,,,,
325.580,,0,0,0,0,,,,,,
325.600,,0,0,0,0,,,,,,
325.620,,0,0,0,0,,,,,,
325.640,,0,0,0,0,,,,,,
325.660,,0,0,0,0,,,,,,
325.680,,0,0,0,0,,,,,,
325.700,,0,0,0,0,,,,,,
325.720,,0,0,0,0,,,,,,
325.740,,0,0,0,0,,,,,,
325.760,,0,0,0,0,,,,,,
325.780,,0,0,0,0,,,,,,
325.800,,0,0,0,0,,,,,,
325.820,,0,0,0,0,,,,,,
325.840,,0,0,0,0,,,,,,
325.860,,0,0,0,0,,,,,,
325.880,,0,0,0,0,,,,,,
325.900,,0,0,0,0,,,,,,
325.920,,0,0,0,0,,,,,,
325.940,,0,0,0,0,,,,,,
325.960,,0,0,0,0,,,,,,
325.980,,0,0,0,0,,,,,,
326.000,,0,0,0,0,,,,,,
326.020,,0,0,0,0,,,,,,
326.040,,0,0,0,0,,,,,,
326.060,,0,0,0,0,,,,,,
326.080,,0,0,0,0,,,,,,
326.100,,0,0,0,0,,,,,,
326.120,,0,0,0,0,,,,,,
326.140,,0,0,0,0,,,,,,
326.160,,0,0,0,0,,,,,,
326.180,,0,0,0,0,,,,,,
326.200,,0,0,0,0,,,,,,
326.220,,0,0,0,0,,,,,,
326.240,,0,0,0,0,,,,,,
326.260,,0,0,0,0,,,,,,
326.280,,0,0,0,0,,,,,,
326.300,,0,0,0,0,,,,,,
326.320,,0,0,0,0,,,,,,
326.340,,0,0,0,0,,,,,,
326.360,,0,0,0,0,,,,,,
326.380,,0,0,0,0,,,,,,
326.400,,0,0,0,0,,,,,,
326.420,,0,0,0,0,,,,,,
326.440,,0,0,0,0,,,,,,
326.460,,0,0,0,0,,,,,,
326.480,,0,0,0,0,,,,,,
326.500,,0,0,0,0,,,,,,
326.520,,0,0,0,0,,,,,,
326.540,,0,0,0,0,,,,,,
326.560,,0,0,0,0,,,,,,
326.580,,0,0,0,0,,,,,,
326.600,,0,0,0,0,,,,,,
326.620,,0,0,0,0,,,,,,
326.640,,0,0,0,0,,,,,,
326.660,,0,0,0,0,,,,,,
326.680,,0,0,0,0,,,,,,
326.700,,0,0,0,0,,,,,,
326.720,,0,0,0,0,,,,,,
326.740,,0,0,0,0,,,,,,
326.760,,0,0,0,0,,,,,,
326.780,,0,0,0,0,,,,,,
326.800,,0,0,0,0,,,,,,
326.820,,0,0,0,0,,,,,,
326.840,,0,0,0,0,,,,,,
326.860,,0,0,0,0,,,,,,
326.880,,0,0,0,0,,,,,,
326.900,,0,0,0,0,,,,,,
326.920,,0,0,0,0,,,,,,
326.940,,0,0,0,0,,,,,,
326.960,,0,0,0,0,,,,,,
326.980,,0,0,0,0,,,,,,
327.000,,0,0,0,0,,,,,,
327.020,,0,0,0,0,,,,,,
327.040,,0,0,0,0,,,,,,
327.060,,0,0,0,0,,,,,,
327.080,,0,0,0,0,,,,,,
327.100,,0,0,0,0,,,,,,
327.120,,0,0,0,0,,,,,,
327.140,,0,0,0,0,,,,,,
327.160,,0,0,0,0,,,,,,
327.180,,0,0,0,0,,,,,,
327.200,,0,0,0,0,,,,,,
327.220,,0,0,0,0,,,,,,
327.240,,0,0,0,0,,,,,,
327.260,,0,0,0,0,,,,,,
327.280,,0,0,0,0,,,,,,
327.300,,0,0,0,0,,,,,,
327.320,,0,0,0,0,,,,,,
327.340,,0,0,0,0,,,,,,
327.360,,0,0,0,0,,,,,,
327.380,,0,0,0,0,,,,,,
327.400,,0,0,0,0,,,,,,
327.420,,0,0,0,0,,,,,,
327.440,,0,0,0,0,,,,,,
327.460,,0,0,0,0,,,,,,
327.480,,0,0,0,0,,,,,,
327.500,,0,0,0,0,,,,,,
327.520,,0,0,0,0,,,,,,
327.540,,0,0,0,0,,,,,,
327.560,,0,0,0,0,,,,,,
327.580,,0,0,0,0,,,,,,
327.600,,0,0,0,0,,,,,,
327.620,,0,0,0,0,,,,,,
327.640,,0,0,0,0,,,,,,
327.660,,0,0,0,0,,,,,,
327.680,,0,0,0,0,,,,,,
327.700,,0,0,0,0,,,,,,
327.720,,0,0,0,0,,,,,,
327.740,,0,0,0,0,,,,,,
327.760,,0,0,0,0,,,,,,
327.780,,0,0,0,0,,,,,,
327.800,,0,0,0,0,,,,,,
327.820,,0,0,0,0,,,,,,
327.840,,0,0,0,0,,,,,,
327.860,,0,0,0,0,,,,,,
327.880,,0,0,0,0,,,,,,
327.900,,0,0,0,0,,,,,,
327.920,,0,0,0,0,,,,,,
327.940,,0,0,0,0,,,,,,
327.960,,0,0,0,0,,,,,,
327.980,,0,0,0,0,,,,,,
328.000,,0,0,0,0,,,,,,
328.020,,0,0,0,0,,,,,,
328.040,,0,0,0,0,,,,,,
328.060,,0,0,0,0,,,,,,
328.080,,0,0,0,0,,,,,,
328.100,,0,0,0,0,,,,,,
328.120,,0,0,0,0,,,,,,
328.140,,0,0,0,0,,,,,,
328.160,,0,0,0,0,,,,,,
328.180,,0,0,0,0,,,,,,
328.200,,0,0,0,0,,,,,,
328.220,,0,0,0,0,,,,,,
328.240,,0,0,0,0,,,,,,
328.260,,0,0,0,0,,,,,,
328.280,,0,0,0,0,,,,,,
328.300,,0,0,0,0,,,,,,
328.320,,0,0,0,0,,,,,,
328.340,,0,0,0,0,,,,,,
328.360,,0,0,0,0,,,,,,
328.380,,0,0,0,0,,,,,,
328.400,,0,0,0,0,,,,,,
328.420,,0,0,0,0,,,,,,
328.440,,0,0,0,0,,,,,,
328.460,,0,0,0,0,,,,,,
328.480,,0,0,0,0,,,,,,
328.500,,0,0,0,0,,,,,,
328.520,,0,0,0,0,,,,,,
328.540,,0,0,0,0,,,,,,
328.560,,0,0,0,0,,,,,,
328.580,,0,0,0,0,,,,,,
328.600,,0,0,0,0,,,,,,
328.620,,0,0,0,0,,,,,,
328.640,,0,0,0,0,,,,,,
328.660,,0,0,0,0,,,,,,
328.680,,0,0,0,0,,,,,,
328.700,,0,0,0,0,,,,,,
328.720,,0,0,0,0,,,,,,
328.740,,0,0,0,0,,,,,,
328.760,,0,0,0,0,,,,,,
328.780,,0,0,0,0,,,,,,
328.800,,0,0,0,0,,,,,,
328.820,,0,0,0,0,,,,,,
328.840,,0,0,0,0,,,,,,
328.860,,0,0,0,0,,,,,,
328.880,,0,0,0,0,,,,,,
328.900,,0,0,0,0,,,,,,
328.920,,0,0,0,0,,,,,,
328.940,,0,0,0,0,,,,,,
328.960,,0,0,0,0,,,,,,
328.980,,0,0,0,0,,,,,,
329.000,,0,0,0,0,,,,,,
329.020,,0,0,0,0,,,,,,
329.040,,0,0,0,0,,,,,,
329.060,,0,0,0,0,,,,,,
329.080,,0,0,0,0,,,,,,
329.100,,0,0,0,0,,,,,,
329.120,,0,0,0,0,,,,,,
329.140,,0,0,0,0,,,,,,
329.160,,0,0,0,0,,,,,,
329.180,,0,0,0,0,,,,,,
329.200,,0,0,0,0,,,,,,
329.220,,0,0,0,0,,,,,,
329.240,,0,0,0,0,,,,,,
329.260,,0,0,0,0,,,,,,
329.280,,0,0,0,0,,,,,,
329.300,,0,0,0,0,,,,,,
329.320,,0,0,0,0,,,,,,
329.340,,0,0,0,0,,,,,,
329.360,,0,0,0,0,,,,,,
329.380,,0,0,0,0,,,,,,
329.400,,0,0,0,0,,,,,,
329.420,,0,0,0,0,,,,,,
329.440,,0,0,0,0,,,,,,
329.460,,0,0,0,0,,,,,,
329.480,,0,0,0,0,,,,,,
329.500,,0,0,0,0,,,,,,
329.520,,0,0,0,0,,,,,,
329.540,,0,0,0,0,,,,,,
329.560,,0,0,0,0,,,,,,
329.580,,0,0,0,0,,,,,,
329.600,,0,0,0,0,,,,,,
329.620,,0,0,0,0,,,,,,
329.640,,0,0,0,0,,,,,,
329.660,,0,0,0,0,,,,,,
329.680,,0,0,0,0,,,,,,
329.700,,0,0,0,0,,,,,,
329.720,,0,0,0,0,,,,,,
329.740,,0,0,0,0,,,,,,
329.760,,0,0,0,0,,,,,,
329.780,,0,0,0,0,,,,,,
329.800,,0,0,0,0,,,,,,
329.820,,0,0,0,0,,,,,,
329.840,,0,0,0,0,,,,,,
329.860,,0,0,0,0,,,,,,
329.880,,0,0,0,0,,,,,,
329.900,,0,0,0,0,,,,,,
329.920,,0,0,0,0,,,,,,
329.940,,0,0,0,0,,,,,,
329.960,,0,0,0,0,,,,,,
329.980,,0,0,0,0,,,,,,
330.000,,0,0,0,0,,,,,,
330.020,,0,0,0,0,,,,,,
330.040,,0,0,0,0,,,,,,
330.060,,0,0,0,0,,,,,,
330.080,,0,0,0,0,,,,,,
330.100,,0,0,0,0,,,,,,
330.120,,0,0,0,0,,,,,,
330.140,,0,0,0,0,,,,,,
330.160,,0,0,0,0,,,,,,
330.180,,0,0,0,0,,,,,,
330.200,,0,0,0,0,,,,,,
330.220,,0,0,0,0,,,,,,
330.240,,0,0,0,0,,,,,,
330.260,,0,0,0,0,,,,,,
330.280,,0,0,0,0,,,,,,
330.300,,0,0,0,0,,,,,,
330.320,,0,0,0,0,,,,,,
330.340,,0,0,0,0,,,,,,
330.360,,0,0,0,0,,,,,,
330.380,,0,0,0,0,,,,,,
330.400,,0,0,0,0,,,,,,
330.420,,0,0,0,0,,,,,,
330.440,,0,0,0,0,,,,,,
330.460,,0,0,0,0,,,,,,
330.480,,0,0,0,0,,,,,,
330.500,,0,0,0,0,,,,,,
330.520,,0,0,0,0,,,,,,
330.540,,0,0,0,0,,,,,,
330.560,,0,0,0,0,,,,,,
330.580,,0,0,0,0,,,,,,
330.600,,0,0,0,0,,,,,,
330.620,,0,0,0,0,,,,,,
330.640,,0,0,0,0,,,,,,
330.660,,0,0,0,0,,,,,,
330.680,,0,0,0,0,,,,,,
330.700,,0,0,0,0,,,,,,
330.720,,0,0,0,0,,,,,,
330.740,,0,0,0,0,,,,,,
330.760,,0,0,0,0,,,,,,
330.780,,0,0,0,0,,,,,,
330.800,,0,0,0,0,,,,,,
330.820,,0,0,0,0,,,,,,
330.840,,0,0,0,0,,,,,,
330.860,,0,0,0,0,,,,,,
330.880,,0,0,0,0,,,,,,
330.900,,0,0,0,0,,,,,,
330.920,,0,0,0,0,,,,,,
330.940,,0,0,0,0,,,,,,
330.960,,0,0,0,0,,,,,,
330.980,,0,0,0,0,,,,,,
331.000,,0,0,0,0,,,,,,
331.020,,0,0,0,0,,,,,,
331.040,,0,0,0,0,,,,,,
331.060,,0,0,0,0,,,,,,
331.080,,0,0,0,0,,,,,,
331.100,,0,0,0,0,,,,,,
331.120,,0,0,0,0,,,,,,
331.140,,0,0,0,0,,,,,,
331.160,,0,0,0,0,,,,,,
331.180,,0,0,0,0,,,,,,
331.200,,0,0,0,0,,,,,,
331.220,,0,0,0,0,,,,,,
331.240,,0,0,0,0,,,,,,
331.260,,0,0,0,0,,,,,,
331.280,,0,0,0,0,,,,,,
331.300,,0,0,0,0,,,,,,
331.320,,0,0,0,0,,,,,,
331.340,,0,0,0,0,,,,,,
331.360,,0,0,0,0,,,,,,
331.380,,0,0,0,0,,,,,,
331.400,,0,0,0,0,,,,,,
331.420,,0,0,0,0,,,,,,
331.440,,0,0,0,0,,,,,,
331.460,,0,0,0,0,,,,,,
331.480,,0,0,0,0,,,,,,
331.500,,0,0,0,0,,,,,,
331.520,,0,0,0,0,,,,,,
331.540,,0,0,0,0,,,,,,
331.560,,0,0,0,0,,,,,,
331.580,,0,0,0,0,,,,,,
331.600,,0,0,0,0,,,,,,
331.620,,0,0,0,0,,,,,,
331.640,,0,0,0,0,,,,,,
331.660,,0,0,0,0,,,,,,
331.680,,0,0,0,0,,,,,,
331.700,,0,0,0,0,,,,,,
331.720,,0,0,0,0,,,,,,
331.740,,0,0,0,0,,,,,,
331.760,,0,0,0,0,,,,,,
331.780,,0,0,0,0,,,,,,
331.800,,0,0,0,0,,,,,,
331.820,,0,0,0,0,,,,,,
331.840,,0,0,0,0,,,,,,
331.860,,0,0,0,0,,,,,,
331.880,,0,0,0,0,,,,,,
331.900,,0,0,0,0,,,,,,
331.920,,0,0,0,0,,,,,,
331.940,,0,0,0,0,,,,,,
331.960,,0,0,0,0,,,,,,
331.980,,0,0,0,0,,,,,,
332.000,,0,0,0,0,,,,,,
332.020,,0,0,0,0,,,,,,
332.040,,0,0,0,0,,,,,,
332.060,,0,0,0,0,,,,,,
332.080,,0,0,0,0,,,,,,
332.100,,0,0,0,0,,,,,,
332.120,,0,0,0,0,,,,,,
332.140,,0,0,0,0,,,,,,
332.160,,0,0,0,0,,,,,,
332.180,,0,0,0,0,,,,,,
332.200,,0,0,0,0,,,,,,
332.220,,0,0,0,0,,,,,,
332.240,,0,0,0,0,,,,,,
332.260,,0,0,0,0,,,,,,
332.280,,0,0,0,0,,,,,,
332.300,,0,0,0,0,,,,,,
332.320,,0,0,0,0,,,,,,
332.340,,0,0,0,0,,,,,,
332.360,,0,0,0,0,,,,,,
332.380,,0,0,0,0,,,,,,
332.400,,0,0,0,0,,,,,,
332.420,,0,0,0,0,,,,,,
332.440,,0,0,0,0,,,,,,
332.460,,0,0,0,0,,,,,,
332.480,,0,0,0,0,,,,,,
332.500,,0,0,0,0,,,,,,
332.520,,0,0,0,0,,,,,,
332.540,,0,0,0,0,,,,,,
332.560,,0,0,0,0,,,,,,
332.580,,0,0,0,0,,,,,,
332.600,,0,0,0,0,,,,,,
332.620,,0,0,0,0,,,,,,
332.640,,0,0,0,0,,,,,,
332.660,,0,0,0,0,,,,,,
332.680,,0,0,0,0,,,,,,
332.700,,0,0,0,0,,,,,,
332.720,,0,0,0,0,,,,,,
332.740,,0,0,0,0,,,,,,
332.760,,0,0,0,0,,,,,,
332.780,,0,0,0,0,,,,,,
332.800,,0,0,0,0,,,,,,
332.820,,0,0,0,0,,,,,,
332.840,,0,0,0,0,,,,,,
332.860,,0,0,0,0,,,,,,
332.880,,0,0,0,0,,,,,,
332.900,,0,0,0,0,,,,,,
332.920,,0,0,0,0,,,,,,
332.940,,0,0,0,0,,,,,,
332.960,,0,0,0,0,,,,,,
332.980,,0,0,0,0,,,,,,
333.000,,0,0,0,0,,,,,,
333.020,,0,0,0,0,,,,,,
333.040,,0,0,0,0,,,,,,
333.060,,0,0,0,0,,,,,,
333.080,,0,0,0,0,,,,,,
333.100,,0,0,0,0,,,,,,
333.120,,0,0,0,0,,,,,,
333.140,,0,0,0,0,,,,,,
333.160,,0,0,0,0,,,,,,
333.180,,0,0,0,0,,,,,,
333.200,,0,0,0,0,,,,,,
333.220,,0,0,0,0,,,,,,
333.240,,0,0,0,0,,,,,,
333.260,,0,0,0,0,,,,,,
333.280,,0,0,0,0,,,,,,
333.300,,0,0,0,0,,,,,,
333.320,,0,0,0,0,,,,,,
333.340,,0,0,0,0,,,,,,
333.360,,0,0,0,0,,,,,,
333.380,,0,0,0,0,,,,,,
333.400,,0,0,0,0,,,,,,
333.420,,0,0,0,0,,,,,,
333.440,,0,0,0,0,,,,,,
333.460,,0,0,0,0,,,,,,
333.480,,0,0,0,0,,,,,,
333.500,,0,0,0,0,,,,,,
333.520,,0,0,0,0,,,,,,
333.540,,0,0,0,0,,,,,,
333.560,,0,0,0,0,,,,,,
333.580,,0,0,0,0,,,,,,
333.600,,0,0,0,0,,,,,,
333.620,,0,0,0,0,,,,,,
333.640,,0,0,0,0,,,,,,
333.660,,0,0,0,0,,,,,,
333.680,,0,0,0,0,,,,,,
333.700,,0,0,0,0,,,,,,
333.720,,0,0,0,0,,,,,,
333.740,,0,0,0,0,,,,,,
333.760,,0,0,0,0,,,,,,
333.780,,0,0,0,0,,,,,,
333.800,,0,0,0,0,,,,,,
333.820,,0,0,0,0,,,,,,
333.840,,0,0,0,0,,,,,,
333.860,,0,0,0,0,,,,,,
333.880,,0,0,0,0,,,,,,
333.900,,0,0,0,0,,,,,,
333.920,,0,0,0,0,,,,,,
333.940,,0,0,0,0,,,,,,
333.960,,0,0,0,0,,,,,,
333.980,,0,0,0,0,,,,,,
334.000,,0,0,0,0,,,,,,
334.020,,0,0,0,0,,,,,,
334.040,,0,0,0,0,,,,,,
334.060,,0,0,0,0,,,,,,
334.080,,0,0,0,0,,,,,,
334.100,,0,0,0,0,,,,,,
334.120,,0,0,0,0,,,,,,
334.140,,0,0,0,0,,,,,,
334.160,,0,0,0,0,,,,,,
334.180,,0,0,0,0,,,,,,
334.200,,0,0,0,0,,,,,,
334.220,,0,0,0,0,,,,,,
334.240,,0,0,0,0,,,,,,
334.260,,0,0,0,0,,,,,,
334.280,,0,0,0,0,,,,,,
334.300,,0,0,0,0,,,,,,
334.320,,0,0,0,0,,,,,,
334.340,,0,0,0,0,,,,,,
334.360,,0,0,0,0,,,,,,
334.380,,0,0,0,0,,,,,,
334.400,,0,0,0,0,,,,,,
334.420,,0,0,0,0,,,,,,
334.440,,0,0,0,0,,,,,,
334.460,,0,0,0,0,,,,,,
334.480,,0,0,0,0,,,,,,
334.500,,0,0,0,0,,,,,,
334.520,,0,0,0,0,,,,,,
334.540,,0,0,0,0,,,,,,
334.560,,0,0,0,0,,,,,,
334.580,,0,0,0,0,,,,,,
334.600,,0,0,0,0,,,,,,
334.620,,0,0,0,0,,,,,,
334.640,,0,0,0,0,,,,,,
334.660,,0,0,0,0,,,,,,
334.680,,0,0,0,0,,,,,,
334.700,,0,0,0,0,,,,,,
334.720,,0,0,0,0,,,,,,
334.740,,0,0,0,0,,,,,,
334.760,,0,0,0,0,,,,,,
334.780,,0,0,0,0,,,,,,
334.800,,0,0,0,0,,,,,,
334.820,,0,0,0,0,,,,,,
334.840,,0,0,0,0,,,,,,
334.860,,0,0,0,0,,,,,,
334.880,,0,0,0,0,,,,,,
334.900,,0,0,0,0,,,,,,
334.920,,0,0,0,0,,,,,,
334.940,,0,0,0,0,,,,,,
334.960,,0,0,0,0,,,,,,
334.980,,0,0,0,0,,,,,,
335.000,,0,0,0,0,,,,,,
335.020,,0,0,0,0,,,,,,
335.040,,0,0,0,0,,,,,,
335.060,,0,0,0,0,,,,,,
335.080,,0,0,0,0,,,,,,
335.100,,0,0,0,0,,,,,,
335.120,,0,0,0,0,,,,,,
335.140,,0,0,0,0,,,,,,
335.160,,0,0,0,0,,,,,,
335.180,,0,0,0,0,,,,,,
335.200,,0,0,0,0,,,,,,
335.220,,0,0,0,0,,,,,,
335.240,,0,0,0,0,,,,,,
335.260,,0,0,0,0,,,,,,
335.280,,0,0,0,0,,,,,,
335.300,,0,0,0,0,,,,,,
335.320,,0,0,0,0,,,,,,
335.340,,0,0,0,0,,,,,,
335.360,,0,0,0,0,,,,,,
335.380,,0,0,0,0,,,,,,
335.400,,0,0,0,0,,,,,,
335.420,,0,0,0,0,,,,,,
335.440,,0,0,0,0,,,,,,
335.460,,0,0,0,0,,,,,,
335.480,,0,0,0,0,,,,,,
335.500,,0,0,0,0,,,,,,
335.520,,0,0,0,0,,,,,,
335.540,,0,0,0,0,,,,,,
335.560,,0,0,0,0,,,,,,
335.580,,0,0,0,0,,,,,,
335.600,,0,0,0,0,,,,,,
335.620,,0,0,0,0,,,,,,
335.640,,0,0,0,0,,,,,,
335.660,,0,0,0,0,,,,,,
335.680,,0,0,0,0,,,,,,
335.700,,0,0,0,0,,,,,,
335.720,,0,0,0,0,,,,,,
335.740,,0,0,0,0,,,,,,
335.760,,0,0,0,0,,,,,,
335.780,,0,0,0,0,,,,,,
335.800,,0,0,0,0,,,,,,
335.820,,0,0,0,0,,,,,,
335.840,,0,0,0,0,,,,,,
335.860,,0,0,0,0,,,,,,
335.880,,0,0,0,0,,,,,,
335.900,,0,0,0,0,,,,,,
335.920,,0,0,0,0,,,,,,
335.940,,0,0,0,0,,,,,,
335.960,,0,0,0,0,,,,,,
335.980,,0,0,0,0,,,,,,
336.000,,0,0,0,0,,,,,,
336.020,,0,0,0,0,,,,,,
336.040,,0,0,0,0,,,,,,
336.060,,0,0,0,0,,,,,,
336.080,,0,0,0,0,,,,,,
336.100,,0,0,0,0,,,,,,
336.120,,0,0,0,0,,,,,,
336.140,,0,0,0,0,,,,,,
336.160,,0,0,0,0,,,,,,
336.180,,0,0,0,0,,,,,,
336.200,,0,0,0,0,,,,,,
336.220,,0,0,0,0,,,,,,
336.240,,0,0,0,0,,,,,,
336.260,,0,0,0,0,,,,,,
336.280,,0,0,0,0,,,,,,
336.300,,0,0,0,0,,,,,,
336.320,,0,0,0,0,,,,,,
336.340,,0,0,0,0,,,,,,
336.360,,0,0,0,0,,,,,,
336.380,,0,0,0,0,,,,,,
336.400,,0,0,0,0,,,,,,
336.420,,0,0,0,0,,,,,,
336.440,,0,0,0,0,,,,,,
336.460,,0,0,0,0,,,,,,
336.480,,0,0,0,0,,,,,,
336.500,,0,0,0,0,,,,,,
336.520,,0,0,0,0,,,,,,
336.540,,0,0,0,0,,,,,,
336.560,,0,0,0,0,,,,,,
336.580,,0,0,0,0,,,,,,
336.600,,0,0,0,0,,,,,,
336.620,,0,0,0,0,,,,,,
336.640,,0,0,0,0,,,,,,
336.660,,0,0,0,0,,,,,,
336.680,,0,0,0,0,,,,,,
336.700,,0,0,0,0,,,,,,
336.720,,0,0,0,0,,,,,,
336.740,,0,0,0,0,,,,,,
336.760,,0,0,0,0,,,,,,
336.780,,0,0,0,0,,,,,,
336.800,,0,0,0,0,,,,,,
336.820,,0,0,0,0,,,,,,
336.840,,0,0,0,0,,,,,,
336.860,,0,0,0,0,,,,,,
336.880,,0,0,0,0,,,,,,
336.900,,0,0,0,0,,,,,,
336.920,,0,0,0,0,,,,,,
336.940,,0,0,0,0,,,,,,
336.960,,0,0,0,0,,,,,,
336.980,,0,0,0,0,,,,,,
337.000,,0,0,0,0,,,,,,
337.020,,0,0,0,0,,,,,,
337.040,,0,0,0,0,,,,,,
337.060,,0,0,0,0,,,,,,
337.080,,0,0,0,0,,,,,,
337.100,,0,0,0,0,,,,,,
337.120,,0,0,0,0,,,,,,
337.140,,0,0,0,0,,,,,,
337.160,,0,0,0,0,,,,,,
337.180,,0,0,0,0,,,,,,
337.200,,0,0,0,0,,,,,,
337.220,,0,0,0,0,,,,,,
337.240,,0,0,0,0,,,,,,
337.260,,0,0,0,0,,,,,,
337.280,,0,0,0,0,,,,,,
337.300,,0,0,0,0,,,,,,
337.320,,0,0,0,0,,,,,,
337.340,,0,0,0,0,,,,,,
337.360,,0,0,0,0,,,,,,
337.380,,0,0,0,0,,,,,,
337.400,,0,0,0,0,,,,,,
337.420,,0,0,0,0,,,,,,
337.440,,0,0,0,0,,,,,,
337.460,,0,0,0,0,,,,,,
337.480,,0,0,0,0,,,,,,
337.500,,0,0,0,0,,,,,,
337.520,,0,0,0,0,,,,,,
337.540,,0,0,0,0,,,,,,
337.560,,0,0,0,0,,,,,,
337.580,,0,0,0,0,,,,,,
337.600,,0,0,0,0,,,,,,
337.620,,0,0,0,0,,,,,,
337.640,,0,0,0,0,,,,,,
337.660,,0,0,0,0,,,,,,
337.680,,0,0,0,0,,,,,,
337.700,,0,0,0,0,,,,,,
337.720,,0,0,0,0,,,,,,
337.740,,0,0,0,0,,,,,,
337.760,,0,0,0,0,,,,,,
337.780,,0,0,0,0,,,,,,
337.800,,0,0,0,0,,,,,,
337.820,,0,0,0,0,,,,,,
337.840,,0,0,0,0,,,,,,
337.860,,0,0,0,0,,,,,,
337.880,,0,0,0,0,,,,,,
337.900,,0,0,0,0,,,,,,
337.920,,0,0,0,0,,,,,,
337.940,,0,0,0,0,,,,,,
337.960,,0,0,0,0,,,,,,
337.980,,0,0,0,0,,,,,,
338.000,,0,0,0,0,,,,,,
338.020,,0,0,0,0,,,,,,
338.040,,0,0,0,0,,,,,,
338.060,,0,0,0,0,,,,,,
338.080,,0,0,0,0,,,,,,
338.100,,0,0,0,0,,,,,,
338.120,,0,0,0,0,,,,,,
338.140,,0,0,0,0,,,,,,
338.160,,0,0,0,0,,,,,,
338.180,,0,0,0,0,,,,,,
338.200,,0,0,0,0,,,,,,
338.220,,0,0,0,0,,,,,,
338.240,,0,0,0,0,,,,,,
338.260,,0,0,0,0,,,,,,
338.280,,0,0,0,0,,,,,,
338.300,,0,0,0,0,,,,,,
338.320,,0,0,0,0,,,,,,
338.340,,0,0,0,0,,,,,,
338.360,,0,0,0,0,,,,,,
338.380,,0,0,0,0,,,,,,
338.400,,0,0,0,0,,,,,,
338.420,,0,0,0,0,,,,,,
338.440,,0,0,0,0,,,,,,
338.460,,0,0,0,0,,,,,,
338.480,,0,0,0,0,,,,,,
338.500,,0,0,0,0,,,,,,
338.520,,0,0,0,0,,,,,,
338.540,,0,0,0,0,,,,,,
338.560,,0,0,0,0,,,,,,
338.580,,0,0,0,0,,,,,,
338.600,,0,0,0,0,,,,,,
338.620,,0,0,0,0,,,,,,
338.640,,0,0,0,0,,,,,,
338.660,,0,0,0,0,,,,,,
338.680,,0,0,0,0,,,,,,
338.700,,0,0,0,0,,,,,,
338.720,,0,0,0,0,,,,,,
338.740,,0,0,0,0,,,,,,
338.760,,0,0,0,0,,,,,,
338.780,,0,0,0,0,,,,,,
338.800,,0,0,0,0,,,,,,
338.820,,0,0,0,0,,,,,,
338.840,,0,0,0,0,,,,,,
338.860,,0,0,0,0,,,,,,
338.880,,0,0,0,0,,,,,,
338.900,,0,0,0,0,,,,,,
338.920,,0,0,0,0,,,,,,
338.940,,0,0,0,0,,,,,,
338.960,,0,0,0,0,,,,,,
338.980,,0,0,0,0,,,,,,
339.000,,0,0,0,0,,,,,,
339.020,,0,0,0,0,,,,,,
339.040,,0,0,0,0,,,,,,
339.060,,0,0,0,0,,,,,,
339.080,,0,0,0,0,,,,,,
339.100,,0,0,0,0,,,,,,
339.120,,0,0,0,0,,,,,,
339.140,,0,0,0,0,,,,,,
339.160,,0,0,0,0,,,,,,
339.180,,0,0,0,0,,,,,,
339.200,,0,0,0,0,,,,,,
339.220,,0,0,0,0,,,,,,
339.240,,0,0,0,0,,,,,,
339.260,,0,0,0,0,,,,,,
339.280,,0,0,0,0,,,,,,
339.300,,0,0,0,0,,,,,,
339.320,,0,0,0,0,,,,,,
339.340,,0,0,0,0,,,,,,
339.360,,0,0,0,0,,,,,,
339.380,,0,0,0,0,,,,,,
339.400,,0,0,0,0,,,,,,
339.420,,0,0,0,0,,,,,,
339.440,,0,0,0,0,,,,,,
339.460,,0,0,0,0,,,,,,
339.480,,0,0,0,0,,,,,,
339.500,,0,0,0,0,,,,,,
339.520,,0,0,0,0,,,,,,
339.540,,0,0,0,0,,,,,,
339.560,,0,0,0,0,,,,,,
339.580,,0,0,0,0,,,,,,
339.600,,0,0,0,0,,,,,,
339.620,,0,0,0,0,,,,,,
339.640,,0,0,0,0,,,,,,
339.660,,0,0,0,0,,,,,,
339.680,,0,0,0,0,,,,,,
339.700,,0,0,0,0,,,,,,
339.720,,0,0,0,0,,,,,,
339.740,,0,0,0,0,,,,,,
339.760,,0,0,0,0,,,,,,
339.780,,0,0,0,0,,,,,,
339.800,,0,0,0,0,,,,,,
339.820,,0,0,0,0,,,,,,
339.840,,0,0,0,0,,,,,,
339.860,,0,0,0,0,,,,,,
339.880,,0,0,0,0,,,,,,
339.900,,0,0,0,0,,,,,,
339.920,,0,0,0,0,,,,,,
339.940,,0,0,0,0,,,,,,
339.960,,0,0,0,0,,,,,,
339.980,,0,0,0,0,,,,,,
340.000,,0,0,0,0,,,,,,
340.020,,0,0,0,0,,,,,,
340.040,,0,0,0,0,,,,,,
340.060,,0,0,0,0,,,,,,
340.080,,0,0,0,0,,,,,,
340.100,,0,0,0,0,,,,,,
340.120,,0,0,0,0,,,,,,
340.140,,0,0,0,0,,,,,,
340.160,,0,0,0,0,,,,,,
340.180,,0,0,0,0,,,,,,
340.200,,0,0,0,0,,,,,,
340.220,,0,0,0,0,,,,,,
340.240,,0,0,0,0,,,,,,
340.260,,0,0,0,0,,,,,,
340.280,,0,0,0,0,,,,,,
340.300,,0,0,0,0,,,,,,
340.320,,0,0,0,0,,,,,,
340.340,,0,0,0,0,,,,,,
340.360,,0,0,0,0,,,,,,
340.380,,0,0,0,0,,,,,,
340.400,,0,0,0,0,,,,,,
340.420,,0,0,0,0,,,,,,
340.440,,0,0,0,0,,,,,,
340.460,,0,0,0,0,,,,,,
340.480,,0,0,0,0,,,,,,
340.500,,0,0,0,0,,,,,,
340.520,,0,0,0,0,,,,,,
340.540,,0,0,0,0,,,,,,
340.560,,0,0,0,0,,,,,,
340.580,,0,0,0,0,,,,,,
340.600,,0,0,0,0,,,,,,
340.620,,0,0,0,0,,,,,,
340.640,,0,0,0,0,,,,,,
340.660,,0,0,0,0,,,,,,
340.680,,0,0,0,0,,,,,,
340.700,,0,0,0,0,,,,,,
340.720,,0,0,0,0,,,,,,
340.740,,0,0,0,0,,,,,,
340.760,,0,0,0,0,,,,,,
340.780,,0,0,0,0,,,,,,
340.800,,0,0,0,0,,,,,,
340.820,,0,0,0,0,,,,,,
340.840,,0,0,0,0,,,,,,
340.860,,0,0,0,0,,,,,,
340.880,,0,0,0,0,,,,,,
340.900,,0,0,0,0,,,,,,
340.920,,0,0,0,0,,,,,,
340.940,,0,0,0,0,,,,,,
340.960,,0,0,0,0,,,,,,
340.980,,0,0,0,0,,,,,,
341.000,,0,0,0,0,,,,,,
341.020,,0,0,0,0,,,,,,
341.040,,0,0,0,0,,,,,,
341.060,,0,0,0,0,,,,,,
341.080,,0,0,0,0,,,,,,
341.100,,0,0,0,0,,,,,,
341.120,,0,0,0,0,,,,,,
341.140,,0,0,0,0,,,,,,
341.160,,0,0,0,0,,,,,,
341.180,,0,0,0,0,,,,,,
341.200,,0,0,0,0,,,,,,
341.220,,0,0,0,0,,,,,,
341.240,,0,0,0,0,,,,,,
341.260,,0,0,0,0,,,,,,
341.280,,0,0,0,0,,,,,,
341.300,,0,0,0,0,,,,,,
341.320,,0,0,0,0,,,,,,
341.340,,0,0,0,0,,,,,,
341.360,,0,0,0,0,,,,,,
341.380,,0,0,0,0,,,,,,
341.400,,0,0,0,0,,,,,,
341.420,,0,0,0,0,,,,,,
341.440,,0,0,0,0,,,,,,
341.460,,0,0,0,0,,,,,,
341.480,,0,0,0,0,,,,,,
341.500,,0,0,0,0,,,,,,
341.520,,0,0,0,0,,,,,,
341.540,,0,0,0,0,,,,,,
341.560,,0,0,0,0,,,,,,
341.580,,0,0,0,0,,,,,,
341.600,,0,0,0,0,,,,,,
341.620,,0,0,0,0,,,,,,
341.640,,0,0,0,0,,,,,,
341.660,,0,0,0,0,,,,,,
341.680,,0,0,0,0,,,,,,
341.700,,0,0,0,0,,,,,,
341.720,,0,0,0,0,,,,,,
341.740,,0,0,0,0,,,,,,
341.760,,0,0,0,0,,,,,,
341.780,,0,0,0,0,,,,,,
341.800,,0,0,0,0,,,,,,
341.820,,0,0,0,0,,,,,,
341.840,,0,0,0,0,,,,,,
341.860,,0,0,0,0,,,,,,
341.880,,0,0,0,0,,,,,,
341.900,,0,0,0,0,,,,,,
341.920,,0,0,0,0,,,,,,
341.940,,0,0,0,0,,,,,,
341.960,,0,0,0,0,,,,,,
341.980,,0,0,0,0,,,,,,
342.000,,0,0,0,0,,,,,,
342.020,,0,0,0,0,,,,,,
342.040,,0,0,0,0,,,,,,
342.060,,0,0,0,0,,,,,,
342.080,,0,0,0,0,,,,,,
342.100,,0,0,0,0,,,,,,
342.120,,0,0,0,0,,,,,,
342.140,,0,0,0,0,,,,,,
342.160,,0,0,0,0,,,,,,
342.180,,0,0,0,0,,,,,,
342.200,,0,0,0,0,,,,,,
342.220,,0,0,0,0,,,,,,
342.240,,0,0,0,0,,,,,,
342.260,,0,0,0,0,,,,,,
342.280,,0,0,0,0,,,,,,
342.300,,0,0,0,0,,,,,,
342.320,,0,0,0,0,,,,,,
342.340,,0,0,0,0,,,,,,
342.360,,0,0,0,0,,,,,,
342.380,,0,0,0,0,,,,,,
342.400,,0,0,0,0,,,,,,
342.420,,0,0,0,0,,,,,,
342.440,,0,0,0,0,,,,,,
342.460,,0,0,0,0,,,,,,
342.480,,0,0,0,0,,,,,,
342.500,,0,0,0,0,,,,,,
342.520,,0,0,0,0,,,,,,
342.540,,0,0,0,0,,,,,,
342.560,,0,0,0,0,,,,,,
342.580,,0,0,0,0,,,,,,
342.600,,0,0,0,0,,,,,,
342.620,,0,0,0,0,,,,,,
342.640,,0,0,0,0,,,,,,
342.660,,0,0,0,0,,,,,,
342.680,,0,0,0,0,,,,,,
342.700,,0,0,0,0,,,,,,
342.720,,0,0,0,0,,,,,,
342.740,,0,0,0,0,,,,,,
342.760,,0,0,0,0,,,,,,
342.780,,0,0,0,0,,,,,,
342.800,,0,0,0,0,,,,,,
342.820,,0,0,0,0,,,,,,
342.840,,0,0,0,0,,,,,,
342.860,,0,0,0,0,,,,,,
342.880,,0,0,0,0,,,,,,
342.900,,0,0,0,0,,,,,,
342.920,,0,0,0,0,,,,,,
342.940,,0,0,0,0,,,,,,
342.960,,0,0,0,0,,,,,,
342.980,,0,0,0,0,,,,,,
343.000,,0,0,0,0,,,,,,
343.020,,0,0,0,0,,,,,,
343.040,,0,0,0,0,,,,,,
343.060,,0,0,0,0,,,,,,
343.080,,0,0,0,0,,,,,,
343.100,,0,0,0,0,,,,,,
343.120,,0,0,0,0,,,,,,
343.140,,0,0,0,0,,,,,,
343.160,,0,0,0,0,,,,,,
343.180,,0,0,0,0,,,,,,
343.200,,0,0,0,0,,,,,,
343.220,,0,0,0,0,,,,,,
343.240,,0,0,0,0,,,,,,
343.260,,0,0,0,0,,,,,,
343.280,,0,0,0,0,,,,,,
343.300,,0,0,0,0,,,,,,
343.320,,0,0,0,0,,,,,,
343.340,,0,0,0,0,,,,,,
343.360,,0,0,0,0,,,,,,
343.380,,0,0,0,0,,,,,,
343.400,,0,0,0,0,,,,,,
343.420,,0,0,0,0,,,,,,
343.440,,0,0,0,0,,,,,,
343.460,,0,0,0,0,,,,,,
343.480,,0,0,0,0,,,,,,
343.500,,0,0,0,0,,,,,,
343.520,,0,0,0,0,,,,,,
343.540,,0,0,0,0,,,,,,
343.560,,0,0,0,0,,,,,,
343.580,,0,0,0,0,,,,,,
343.600,,0,0,0,0,,,,,,
343.620,,0,0,0,0,,,,,,
343.640,,0,0,0,0,,,,,,
343.660,,0,0,0,0,,,,,,
343.680,,0,0,0,0,,,,,,
343.700,,0,0,0,0,,,,,,
343.720,,0,0,0,0,,,,,,
343.740,,0,0,0,0,,,,,,
343.760,,0,0,0,0,,,,,,
343.780,,0,0,0,0,,,,,,
343.800,,0,0,0,0,,,,,,
343.820,,0,0,0,0,,,,,,
343.840,,0,0,0,0,,,,,,
343.860,,0,0,0,0,,,,,,
343.880,,0,0,0,0,,,,,,
343.900,,0,0,0,0,,,,,,
343.920,,0,0,0,0,,,,,,
343.940,,0,0,0,0,,,,,,
343.960,,0,0,0,0,,,,,,
343.980,,0,0,0,0,,,,,,
344.000,,0,0,0,0,,,,,,
344.020,,0,0,0,0,,,,,,
344.040,,0,0,0,0,,,,,,
344.060,,0,0,0,0,,,,,,
344.080,,0,0,0,0,,,,,,
344.100,,0,0,0,0,,,,,,
344.120,,0,0,0,0,,,,,,
344.140,,0,0,0,0,,,,,,
344.160,,0,0,0,0,,,,,,
344.180,,0,0,0,0,,,,,,
344.200,,0,0,0,0,,,,,,
344.220,,0,0,0,0,,,,,,
344.240,,0,0,0,0,,,,,,
344.260,,0,0,0,0,,,,,,
344.280,,0,0,0,0,,,,,,
344.300,,0,0,0,0,,,,,,
344.320,,0,0,0,0,,,,,,
344.340,,0,0,0,0,,,,,,
344.360,,0,0,0,0,,,,,,
344.380,,0,0,0,0,,,,,,
344.400,,0,0,0,0,,,,,,
344.420,,0,0,0,0,,,,,,
344.440,,0,0,0,0,,,,,,
344.460,,0,0,0,0,,,,,,
344.480,,0,0,0,0,,,,,,
344.500,,0,0,0,0,,,,,,
344.520,,0,0,0,0,,,,,,
344.540,,0,0,0,0,,,,,,
344.560,,0,0,0,0,,,,,,
344.580,,0,0,0,0,,,,,,
344.600,,0,0,0,0,,,,,,
344.620,,0,0,0,0,,,,,,
344.640,,0,0,0,0,,,,,,
344.660,,0,0,0,0,,,,,,
344.680,,0,0,0,0,,,,,,
344.700,,0,0,0,0,,,,,,
344.720,,0,0,0,0,,,,,,
344.740,,0,0,0,0,,,,,,
344.760,,0,0,0,0,,,,,,
344.780,,0,0,0,0,,,,,,
344.800,,0,0,0,0,,,,,,
344.820,,0,0,0,0,,,,,,
344.840,,0,0,0,0,,,,,,
344.860,,0,0,0,0,,,,,,
344.880,,0,0,0,0,,,,,,
344.900,,0,0,0,0,,,,,,
344.920,,0,0,0,0,,,,,,
344.940,,0,0,0,0,,,,,,
344.960,,0,0,0,0,,,,,,
344.980,,0,0,0,0,,,,,,
345.000,,0,0,0,0,,,,,,
345.020,,0,0,0,0,,,,,,
345.040,,0,0,0,0,,,,,,
345.060,,0,0,0,0,,,,,,
345.080,,0,0,0,0,,,,,,
345.100,,0,0,0,0,,,,,,
345.120,,0,0,0,0,,,,,,
345.140,,0,0,0,0,,,,,,
345.160,,0,0,0,0,,,,,,
345.180,,0,0,0,0,,,,,,
345.200,,0,0,0,0,,,,,,
345.220,,0,0,0,0,,,,,,
345.240,,0,0,0,0,,,,,,
345.260,,0,0,0,0,,,,,,
345.280,,0,0,0,0,,,,,,
345.300,,0,0,0,0,,,,,,
345.320,,0,0,0,0,,,,,,
345.340,,0,0,0,0,,,,,,
345.360,,0,0,0,0,,,,,,
345.380,,0,0,0,0,,,,,,
345.400,,0,0,0,0,,,,,,
345.420,,0,0,0,0,,,,,,
345.440,,0,0,0,0,,,,,,
345.460,,0,0,0,0,,,,,,
345.480,,0,0,0,0,,,,,,
345.500,,0,0,0,0,,,,,,
345.520,,0,0,0,0,,,,,,
345.540,,0,0,0,0,,,,,,
345.560,,0,0,0,0,,,,,,
345.580,,0,0,0,0,,,,,,
345.600,,0,0,0,0,,,,,,
345.620,,0,0,0,0,,,,,,
345.640,,0,0,0,0,,,,,,
345.660,,0,0,0,0,,,,,,
345.680,,0,0,0,0,,,,,,
345.700,,0,0,0,0,,,,,,
345.720,,0,0,0,0,,,,,,
345.740,,0,0,0,0,,,,,,
345.760,,0,0,0,0,,,,,,
345.780,,0,0,0,0,,,,,,
345.800,,0,0,0,0,,,,,,
345.820,,0,0,0,0,,,,,,
345.840,,0,0,0,0,,,,,,
345.860,,0,0,0,0,,,,,,
345.880,,0,0,0,0,,,,,,
345.900,,0,0,0,0,,,,,,
345.920,,0,0,0,0,,,,,,
345.940,,0,0,0,0,,,,,,
345.960,,0,0,0,0,,,,,,
345.980,,0,0,0,0,,,,,,
346.000,,0,0,0,0,,,,,,
346.020,,0,0,0,0,,,,,,
346.040,,0,0,0,0,,,,,,
346.060,,0,0,0,0,,,,,,
346.080,,0,0,0,0,,,,,,
346.100,,0,0,0,0,,,,,,
346.120,,0,0,0,0,,,,,,
346.140,,0,0,0,0,,,,,,
346.160,,0,0,0,0,,,,,,
346.180,,0,0,0,0,,,,,,
346.200,,0,0,0,0,,,,,,
346.220,,0,0,0,0,,,,,,
346.240,,0,0,0,0,,,,,,
346.260,,0,0,0,0,,,,,,
346.280,,0,0,0,0,,,,,,
346.300,,0,0,0,0,,,,,,
346.320,,0,0,0,0,,,,,,
346.340,,0,0,0,0,,,,,,
346.360,,0,0,0,0,,,,,,
346.380,,0,0,0,0,,,,,,
346.400,,0,0,0,0,,,,,,
346.420,,0,0,0,0,,,,,,
346.440,,0,0,0,0,,,,,,
346.460,,0,0,0,0,,,,,,
346.480,,0,0,0,0,,,,,,
346.500,,0,0,0,0,,,,,,
346.520,,0,0,0,0,,,,,,
346.540,,0,0,0,0,,,,,,
346.560,,0,0,0,0,,,,,,
346.580,,0,0,0,0,,,,,,
346.600,,0,0,0,0,,,,,,
346.620,,0,0,0,0,,,,,,
346.640,,0,0,0,0,,,,,,
346.660,,0,0,0,0,,,,,,
346.680,,0,0,0,0,,,,,,
346.700,,0,0,0,0,,,,,,
346.720,,0,0,0,0,,,,,,
346.740,,0,0,0,0,,,,,,
346.760,,0,0,0,0,,,,,,
346.780,,0,0,0,0,,,,,,
346.800,,0,0,0,0,,,,,,
346.820,,0,0,0,0,,,,,,
346.840,,0,0,0,0,,,,,,
346.860,,0,0,0,0,,,,,,
346.880,,0,0,0,0,,,,,,
346.900,,0,0,0,0,,,,,,
346.920,,0,0,0,0,,,,,,
346.940,,0,0,0,0,,,,,,
346.960,,0,0,0,0,,,,,,
346.980,,0,0,0,0,,,,,,
