t,x,y,yaw,dist,plano_n,rumo_alvo,erro_rumo,raw_v,raw_wz,saida_v,saida_wz,mux_v,mux_wz,key_v
0.0,-0.0,-0.0,-0.0,7.2103,167,,,0.0,0.0,0.0,0.0,0.0,0.0,0.0
0.049,-0.0,-0.0,-0.0,7.2103,167,-0.0401,-0.0401,0.0,0.0,0.0,0.0,0.0,0.0,0.0
0.099,-0.0,-0.0,-0.0,7.2103,167,-0.0401,-0.0401,0.5,0.0,0.5,0.0,0.5,0.0,0.0
0.149,-0.0,-0.0,-0.0,7.2103,167,-0.0401,-0.0401,0.5,0.0,0.5,0.0,0.5,0.0,0.0
0.199,-0.0,-0.0,-0.0,7.2103,167,-0.0401,-0.0401,0.5,0.0,0.5,0.0,0.5,0.0,0.0
0.249,-0.0,-0.0,-0.0,7.2103,167,-0.0401,-0.0401,0.5,0.0,0.5,0.0,0.5,0.0,0.0
0.299,-0.0,-0.0,-0.0,7.2103,167,-0.0401,-0.0401,0.5,0.0,0.5,0.0,0.5,0.0,0.0
0.349,-0.0,-0.0,-0.0,7.2103,167,-0.0401,-0.0401,0.5,0.0,0.5,0.0,0.5,0.0,0.0
0.399,-0.0,-0.0,-0.0,7.2103,167,-0.0401,-0.0401,0.5,0.0,0.5,0.0,0.5,0.0,0.0
0.449,0.0027,0.0003,-0.0037,7.2078,167,-0.0401,-0.0364,0.5,0.0,0.5,0.0,0.5,0.0,0.0
0.499,0.0059,0.0007,-0.0088,7.2049,167,-0.0405,-0.0317,0.5,0.0,0.5,0.0,0.5,0.0,0.0
0.549,0.0134,0.0015,-0.02,7.1981,167,-0.041,-0.021,0.5,0.0,0.5,0.0,0.5,0.0,0.0
0.599,0.0198,0.0022,-0.0302,7.1923,167,-0.0413,-0.0111,0.5,0.0,0.5,0.0,0.5,0.0,0.0
0.649,0.0322,0.003,-0.046,7.1813,167,-0.0423,0.0038,0.5,0.0,0.5,0.0,0.5,0.0,0.0
0.699,0.0418,0.0033,-0.0562,7.173,167,-0.0436,0.0126,0.5,0.0,0.5,0.0,0.5,0.0,0.0
0.749,0.0589,0.0035,-0.0721,7.1583,167,-0.0443,0.0278,0.5,0.0,0.5,0.0,0.5,0.0,0.0
0.799,0.0718,0.0033,-0.0824,7.1475,167,-0.0453,0.0371,0.5,0.0,0.5,0.0,0.5,0.0,0.0
0.849,0.0915,0.0028,-0.0973,7.1311,167,-0.0447,0.0526,0.5,0.0,0.5,0.0,0.5,0.0,0.0
0.899,0.1048,0.0021,-0.1065,7.1201,167,-0.0451,0.0615,0.5,0.0,0.5,0.0,0.5,0.0,0.0
0.949,0.1244,0.0009,-0.1178,7.1042,167,-0.045,0.0728,0.5,0.0,0.5,0.0,0.5,0.0,0.0
0.999,0.1373,-0.0002,-0.1242,7.0938,167,-0.0437,0.0805,0.5,0.0,0.5,0.0,0.5,0.0,0.0
1.049,0.1558,-0.0021,-0.1296,7.0792,164,-0.0432,0.0863,0.5,0.0,0.5,0.0,0.5,0.0,0.0
1.099,0.1679,-0.0036,-0.1313,7.0697,164,-0.0427,0.0886,0.5,0.0,0.5,0.0,0.5,0.0,0.0
1.149,0.1857,-0.0059,-0.1318,7.0559,164,-0.0409,0.0909,0.5,0.0,0.5,0.0,0.5,0.0,0.0
1.199,0.1974,-0.0075,-0.1314,7.0469,164,-0.0394,0.092,0.5,0.0,0.5,0.0,0.5,0.0,0.0
1.249,0.2147,-0.0099,-0.1289,7.0337,164,-0.0382,0.0907,0.5,0.0,0.5,0.0,0.5,0.0,0.0
1.299,0.2261,-0.0116,-0.1265,7.0249,164,-0.0358,0.0908,0.5,0.0,0.5,0.0,0.5,0.0,0.0
1.349,0.2432,-0.0141,-0.1223,7.012,164,-0.0346,0.0877,0.5,0.0,0.5,0.0,0.5,0.0,0.0
1.399,0.2545,-0.0157,-0.1192,7.0034,164,-0.0327,0.0865,0.5,0.0,0.5,0.0,0.5,0.0,0.0
1.449,0.2715,-0.0181,-0.1148,6.9904,164,-0.0314,0.0834,0.5,0.0,0.5,0.0,0.5,0.0,0.0
1.499,0.2828,-0.0196,-0.1119,6.9817,164,-0.0394,0.0725,0.5,0.0,0.5,0.0,0.5,0.0,0.0
1.549,0.3,-0.0218,-0.1083,6.9685,164,-0.0383,0.07,0.5,0.0,0.5,0.0,0.5,0.0,0.0
1.599,0.3114,-0.0232,-0.1062,6.9596,164,-0.0368,0.0694,0.5,0.0,0.5,0.0,0.5,0.0,0.0
1.649,0.3287,-0.0252,-0.1032,6.9463,164,-0.0358,0.0674,0.5,0.0,0.5,0.0,0.5,0.0,0.0
1.699,0.3402,-0.0266,-0.1013,6.9374,164,-0.0343,0.067,0.5,0.0,0.5,0.0,0.5,0.0,0.0
1.749,0.3576,-0.0285,-0.0985,6.924,164,-0.0334,0.0652,0.5,0.0,0.5,0.0,0.5,0.0,0.0
1.799,0.3691,-0.0298,-0.0968,6.915,164,-0.0319,0.0649,0.5,0.0,0.5,0.0,0.5,0.0,0.0
1.849,0.3865,-0.0317,-0.0943,6.9016,164,-0.0312,0.0631,0.5,0.0,0.5,0.0,0.5,0.0,0.0
1.9,0.3981,-0.0329,-0.0927,6.8926,164,-0.0299,0.0628,0.5,0.0,0.5,0.0,0.5,0.0,0.0
1.949,0.4154,-0.0347,-0.0902,6.8791,164,-0.029,0.0612,0.5,0.0,0.5,0.0,0.5,0.0,0.0
1.999,0.427,-0.0359,-0.0885,6.8702,164,-0.028,0.0605,0.5,0.0,0.5,0.0,0.5,0.0,0.0
2.049,0.4386,-0.037,-0.0868,6.8612,164,-0.0272,0.0597,0.5,0.0,0.5,0.0,0.5,0.0,0.0
2.099,0.456,-0.0387,-0.0842,6.8477,158,-0.0937,-0.0095,0.5,0.0,0.5,0.0,0.5,0.0,0.0
2.149,0.4675,-0.0399,-0.0825,6.8387,158,-0.0937,-0.0112,0.5,0.0,0.5,0.0,0.5,0.0,0.0
2.199,0.4849,-0.0415,-0.0798,6.8252,158,-0.0895,-0.0097,0.5,0.0,0.5,0.0,0.5,0.0,0.0
2.249,0.4965,-0.0425,-0.078,6.8162,158,-0.0895,-0.0115,0.5,0.0,0.5,0.0,0.5,0.0,0.0
2.3,0.5138,-0.0441,-0.0753,6.8028,158,-0.0894,-0.0141,0.5,0.0,0.5,0.0,0.5,0.0,0.0
2.349,0.5254,-0.0451,-0.0735,6.7937,158,-0.0856,-0.0121,0.5,0.0,0.5,0.0,0.5,0.0,0.0
2.4,0.5428,-0.0466,-0.0708,6.7802,158,-0.0982,-0.0274,0.5,0.0,0.5,0.0,0.5,0.0,0.0
2.449,0.5544,-0.0475,-0.069,6.7712,158,-0.0983,-0.0293,0.5,0.0,0.5,0.0,0.5,0.0,0.0
2.499,0.5718,-0.0489,-0.0664,6.7577,158,-0.0986,-0.0322,0.5,0.0,0.5,0.0,0.5,0.0,0.0
2.549,0.5833,-0.0498,-0.0646,6.7486,158,-0.095,-0.0303,0.5,0.0,0.5,0.0,0.5,0.0,0.0
2.599,0.6007,-0.0512,-0.0619,6.7351,158,-0.0953,-0.0333,0.5,0.0,0.5,0.0,0.5,0.0,0.0
2.649,0.6123,-0.052,-0.0602,6.726,158,-0.0955,-0.0354,0.5,0.0,0.5,0.0,0.5,0.0,0.0
2.699,0.6297,-0.0533,-0.0575,6.7125,158,-0.0922,-0.0347,0.5,0.0,0.5,0.0,0.5,0.0,0.0
2.749,0.6413,-0.0541,-0.0557,6.7034,158,-0.0924,-0.0368,0.5,0.0,0.5,0.0,0.5,0.0,0.0
2.799,0.6587,-0.0552,-0.053,6.6898,158,-0.0929,-0.0399,0.5,0.0,0.5,0.0,0.5,0.0,0.0
2.849,0.6703,-0.056,-0.0512,6.6807,158,-0.0932,-0.042,0.5,0.0,0.5,0.0,0.5,0.0,0.0
2.899,0.6819,-0.0567,-0.0494,6.6717,158,-0.09,-0.0406,0.5,0.0,0.5,0.0,0.5,0.0,0.0
2.949,0.6993,-0.0578,-0.0467,6.6581,158,-0.0904,-0.0436,0.5,0.0,0.5,0.0,0.5,0.0,0.0
2.999,0.7109,-0.0584,-0.0449,6.649,158,-0.0909,-0.046,0.5,0.0,0.5,0.0,0.5,0.0,0.0
3.049,0.7283,-0.0594,-0.0422,6.6353,158,-0.0915,-0.0493,0.5,0.0,0.5,0.0,0.5,0.0,0.0
3.099,0.7399,-0.0601,-0.0405,6.6262,158,-0.0884,-0.0479,0.5,0.0,0.5,0.0,0.5,0.0,0.0
3.149,0.7573,-0.061,-0.0378,6.6126,152,-0.0605,-0.0227,0.5,0.0,0.5,0.0,0.5,0.0,0.0
3.199,0.7689,-0.0615,-0.036,6.6035,152,-0.0606,-0.0247,0.5,0.0,0.5,0.0,0.5,0.0,0.0
3.249,0.7864,-0.0624,-0.0333,6.5898,152,-0.0598,-0.0265,0.5,0.0,0.5,0.0,0.5,0.0,0.0
3.299,0.798,-0.0629,-0.0315,6.5807,152,-0.068,-0.0364,0.5,0.0,0.5,0.0,0.5,0.0,0.0
3.349,0.8154,-0.0636,-0.0288,6.567,152,-0.0682,-0.0394,0.5,0.0,0.5,0.0,0.5,0.0,0.0
3.399,0.827,-0.0641,-0.027,6.5578,152,-0.0676,-0.0406,0.5,0.0,0.5,0.0,0.5,0.0,0.0
3.449,0.8444,-0.0648,-0.0244,6.5441,152,-0.068,-0.0436,0.5,0.0,0.5,0.0,0.5,0.0,0.0
3.499,0.856,-0.0652,-0.0226,6.535,152,-0.0685,-0.0459,0.5,0.0,0.5,0.0,0.5,0.0,0.0
3.549,0.8735,-0.0658,-0.0199,6.5212,152,-0.0689,-0.049,0.5,0.0,0.5,0.0,0.5,0.0,0.0
3.599,0.8851,-0.0661,-0.0181,6.5121,152,-0.0684,-0.0503,0.5,0.0,0.5,0.0,0.5,0.0,0.0
3.649,0.9025,-0.0666,-0.0154,6.4983,152,-0.0689,-0.0535,0.5,0.0,0.5,0.0,0.5,0.0,0.0
3.699,0.9141,-0.067,-0.0136,6.4891,152,-0.0696,-0.056,0.5,0.0,0.5,0.0,0.5,0.0,0.0
3.749,0.9316,-0.0674,-0.011,6.4754,152,-0.0689,-0.058,0.5,0.0,0.5,0.0,0.5,0.0,0.0
3.799,0.9432,-0.0676,-0.0092,6.4662,152,-0.0697,-0.0605,0.5,0.0,0.5,0.0,0.5,0.0,0.0
3.849,0.9606,-0.068,-0.0066,6.4524,152,-0.0703,-0.0637,0.5,0.0,0.5,0.0,0.5,0.0,0.0
3.899,0.9722,-0.0682,-0.0048,6.4432,152,-0.0712,-0.0664,0.5,0.0,0.5,0.0,0.5,0.0,0.0
3.949,0.9839,-0.0684,-0.003,6.434,152,-0.0706,-0.0676,0.5,0.0,0.5,0.0,0.5,0.0,0.0
3.999,1.0013,-0.0687,-0.0003,6.4202,152,-0.0716,-0.0713,0.5,0.0,0.5,0.0,0.5,0.0,0.0
4.049,1.0129,-0.0688,0.0016,6.411,152,-0.0723,-0.0739,0.5,0.0,0.5,0.0,0.5,0.0,0.0
4.099,1.0303,-0.069,0.0043,6.3971,152,-0.0721,-0.0763,0.5,0.0,0.5,0.0,0.5,0.0,0.0
4.149,1.042,-0.0691,0.0061,6.3879,146,-0.0728,-0.0789,0.5,0.0,0.5,0.0,0.5,0.0,0.0
4.199,1.0594,-0.0691,0.0087,6.374,146,-0.0653,-0.0741,0.5,0.0,0.5,0.0,0.5,0.0,0.0
4.25,1.071,-0.0692,0.0105,6.3648,146,-0.066,-0.0766,0.5,0.0,0.5,0.0,0.5,0.0,0.0
4.299,1.0884,-0.0692,0.0133,6.351,146,-0.0661,-0.0794,0.5,0.0,0.5,0.0,0.5,0.0,0.0
4.349,1.1001,-0.0692,0.0152,6.3417,146,-0.0669,-0.082,0.5,0.0,0.5,0.0,0.5,0.0,0.0
4.399,1.1175,-0.0691,0.0178,6.3278,146,-0.0681,-0.0859,0.5,0.0,0.5,0.0,0.5,0.0,0.0
4.449,1.1291,-0.069,0.0195,6.3185,146,-0.0678,-0.0873,0.5,0.0,0.5,0.0,0.5,0.0,0.0
4.499,1.1466,-0.0689,0.0222,6.3046,146,-0.0691,-0.0913,0.5,0.0,0.5,0.0,0.5,0.0,0.0
4.549,1.1582,-0.0688,0.0239,6.2953,146,-0.0701,-0.094,0.5,0.0,0.5,0.0,0.5,0.0,0.0
4.599,1.1756,-0.0685,0.0267,6.2814,146,-0.0715,-0.0982,0.5,0.0,0.5,0.0,0.5,0.0,0.0
4.649,1.1872,-0.0684,0.0286,6.2722,146,-0.0712,-0.0997,0.5,0.0,0.5,0.0,0.5,0.0,0.0
4.699,1.2047,-0.0681,0.0312,6.2582,146,-0.0727,-0.1039,0.5,0.0,0.5,0.0,0.5,0.0,0.0
4.749,1.2163,-0.0678,0.033,6.2489,146,-0.0738,-0.1068,0.5,0.0,0.5,0.0,0.5,0.0,0.0
4.799,1.2337,-0.0675,0.0357,6.235,146,-0.074,-0.1097,0.5,0.0,0.5,0.0,0.5,0.0,0.0
4.849,1.2453,-0.0672,0.0375,6.2256,146,-0.0751,-0.1126,0.5,0.0,0.5,0.0,0.5,0.0,0.0
4.899,1.2628,-0.0667,0.0402,6.2117,146,-0.0769,-0.1171,0.5,0.0,0.5,0.0,0.5,0.0,0.0
4.949,1.2744,-0.0664,0.042,6.2023,146,-0.0781,-0.1201,0.5,0.0,0.5,0.0,0.5,0.0,0.0
4.999,1.2918,-0.0659,0.0447,6.1884,146,-0.0783,-0.123,0.5,0.0,0.5,0.0,0.5,0.0,0.0
5.049,1.3034,-0.0655,0.0464,6.179,146,-0.0796,-0.1261,0.5,0.0,0.5,0.0,0.5,0.0,0.0
5.099,1.3208,-0.0649,0.0491,6.165,146,-0.0591,-0.1082,0.5,0.0,0.5,0.0,0.5,0.0,0.0
5.149,1.3325,-0.0644,0.0509,6.1557,146,-0.0589,-0.1098,0.5,0.0,0.5,0.0,0.5,0.0,0.0
5.199,1.3499,-0.0637,0.0536,6.1416,138,-0.078,-0.1316,0.5,0.0,0.5,0.0,0.5,0.0,0.0
5.251,1.3615,-0.0633,0.0554,6.1323,138,-0.0794,-0.1348,0.5,0.0,0.5,0.0,0.5,0.0,0.0
5.299,1.3789,-0.0625,0.0581,6.1182,138,-0.078,-0.136,0.5,0.0,0.5,0.0,0.5,0.0,0.0
5.349,1.3905,-0.0619,0.0599,6.1089,138,-0.0794,-0.1392,0.5,0.0,0.5,0.0,0.5,0.0,0.0
5.399,1.4079,-0.0611,0.0625,6.0948,138,-0.0816,-0.1442,0.5,0.0,0.5,0.0,0.5,0.0,0.0
5.45,1.4195,-0.0605,0.0643,6.0854,138,-0.0832,-0.1475,0.5,0.0,0.5,0.0,0.5,0.0,0.0
5.499,1.437,-0.0596,0.067,6.0713,138,-0.0818,-0.1488,0.5,0.0,0.5,0.0,0.5,0.0,0.0
5.549,1.4486,-0.0589,0.0688,6.0619,138,-0.0834,-0.1522,0.5,0.0,0.5,0.0,0.5,0.0,0.0
5.599,1.466,-0.0579,0.0715,6.0478,138,-0.0858,-0.1573,0.5,0.0,0.5,0.0,0.5,0.0,0.0
5.649,1.4776,-0.0572,0.0733,6.0384,138,-0.0837,-0.1569,0.5,0.0,0.5,0.0,0.5,0.0,0.0
5.699,1.495,-0.0562,0.076,6.0243,138,-0.0862,-0.1621,0.5,0.0,0.5,0.0,0.5,0.0,0.0
5.749,1.5066,-0.0554,0.0778,6.0149,138,-0.0879,-0.1656,0.5,0.0,0.5,0.0,0.5,0.0,0.0
5.799,1.524,-0.0543,0.0804,6.0008,138,-0.0906,-0.1711,0.5,0.0,0.5,0.0,0.5,0.0,0.0
5.849,1.5356,-0.0535,0.0822,5.9913,138,-0.0884,-0.1706,0.5,0.0,0.5,0.0,0.5,0.0,0.0
5.9,1.5529,-0.0522,0.0849,5.9772,138,-0.0911,-0.176,0.5,0.0,0.5,0.0,0.5,0.0,0.0
5.949,1.5645,-0.0514,0.0867,5.9678,138,-0.093,-0.1797,0.5,0.0,0.5,0.0,0.5,0.0,0.0
5.999,1.5819,-0.0501,0.0894,5.9536,138,-0.1059,-0.1953,0.5,0.0,0.5,0.0,0.5,0.0,0.0
6.049,1.5935,-0.0491,0.0912,5.9442,138,-0.108,-0.1992,0.5,0.0,0.5,0.0,0.5,0.0,0.0
6.099,1.6109,-0.0478,0.0939,5.93,138,-0.1113,-0.2051,0.5,0.0,0.5,0.0,0.5,0.0,0.0
6.149,1.6225,-0.0468,0.0957,5.9205,138,-0.1135,-0.2092,0.5,0.0,0.5,0.0,0.5,0.0,0.0
6.2,1.6398,-0.0453,0.0983,5.9063,138,-0.1171,-0.2154,0.5,0.0,0.5,0.0,0.5,0.0,0.0
6.249,1.6514,-0.0443,0.1001,5.8968,131,-0.1144,-0.2146,0.5,0.0,0.5,0.0,0.5,0.0,0.0
6.299,1.6688,-0.0428,0.1028,5.8826,131,-0.118,-0.2208,0.5,0.0,0.5,0.0,0.5,0.0,0.0
6.349,1.6804,-0.0417,0.1046,5.8731,131,-0.1154,-0.22,0.5,0.0,0.5,0.0,0.5,0.0,0.0
6.399,1.6977,-0.0401,0.1073,5.8589,131,-0.119,-0.2263,0.5,0.0,0.5,0.0,0.5,0.0,0.0
6.449,1.7093,-0.039,0.1091,5.8494,131,-0.1215,-0.2306,0.5,0.0,0.5,0.0,0.5,0.0,0.0
6.499,1.7266,-0.0373,0.1118,5.8352,131,-0.1254,-0.2371,0.5,0.0,0.5,0.0,0.5,0.0,0.0
6.549,1.7382,-0.0361,0.1136,5.8257,131,-0.1226,-0.2362,0.5,0.0,0.5,0.0,0.5,0.0,0.0
6.599,1.7556,-0.0343,0.1162,5.8114,131,-0.1265,-0.2427,0.5,0.0,0.5,0.0,0.5,0.0,0.0
6.649,1.7671,-0.0331,0.118,5.8019,131,-0.1292,-0.2472,0.5,0.0,0.5,0.0,0.5,0.0,0.0
6.699,1.7844,-0.0313,0.1207,5.7876,131,-0.1277,-0.2484,0.5,0.0,0.5,0.0,0.5,0.0,0.0
6.749,1.796,-0.03,0.1225,5.7781,131,-0.1304,-0.2529,0.5,0.0,0.5,0.0,0.5,0.0,0.0
6.8,1.8133,-0.0281,0.1252,5.7638,131,-0.1346,-0.2598,0.5,0.0,0.5,0.0,0.5,0.0,0.0
6.849,1.8249,-0.0268,0.127,5.7543,131,-0.1375,-0.2645,0.5,0.0,0.5,0.0,0.5,0.0,0.0
6.899,1.8364,-0.0254,0.1288,5.7447,131,-0.1187,-0.2474,0.5,0.0,0.5,0.0,0.5,0.0,0.0
6.949,1.8537,-0.0234,0.1314,5.7304,131,-0.1164,-0.2478,0.5,0.0,0.5,0.0,0.5,0.0,0.0
6.999,1.8653,-0.022,0.1332,5.7209,131,-0.1204,-0.2536,0.5,0.0,0.5,0.0,0.5,0.0,0.0
7.049,1.8826,-0.0198,0.1358,5.7065,131,-0.1233,-0.2591,0.5,0.0,0.5,0.0,0.5,0.0,0.0
7.099,1.8941,-0.0184,0.1376,5.697,131,-0.1277,-0.2653,0.5,0.0,0.5,0.0,0.5,0.0,0.0
7.149,1.9114,-0.0162,0.1403,5.6826,131,-0.1169,-0.2572,0.5,0.0,0.5,0.0,0.5,0.0,0.0
7.199,1.923,-0.0147,0.1421,5.673,131,-0.1198,-0.2619,0.5,0.0,0.5,0.0,0.5,0.0,0.0
7.249,1.9402,-0.0125,0.1449,5.6587,131,-0.1227,-0.2676,0.5,0.0,0.5,0.0,0.5,0.0,0.0
7.299,1.9517,-0.0109,0.1467,5.6491,127,-0.1161,-0.2628,0.5,0.0,0.5,0.0,0.5,0.0,0.0
7.349,1.969,-0.0086,0.1493,5.6347,127,-0.119,-0.2684,0.5,0.0,0.5,0.0,0.5,0.0,0.0
7.399,1.9805,-0.007,0.1511,5.6251,127,-0.1033,-0.2544,0.5,0.0,0.5,0.0,0.5,0.0,0.0
7.449,1.9978,-0.0045,0.1538,5.6108,127,-0.106,-0.2598,0.5,0.0,0.5,0.0,0.5,0.0,0.0
7.499,2.0093,-0.0029,0.1556,5.6012,127,-0.1103,-0.2659,0.5,0.0,0.5,0.0,0.5,0.0,0.0
7.549,2.0266,-0.0004,0.1583,5.5867,127,-0.1133,-0.2716,0.5,0.0,0.5,0.0,0.5,0.0,0.0
7.601,2.0381,0.0013,0.1601,5.5771,127,-0.0977,-0.2578,0.5,0.0,0.5,0.0,0.5,0.0,0.0
7.649,2.0553,0.0039,0.1628,5.5627,127,-0.1005,-0.2633,0.5,0.0,0.5,0.0,0.5,0.0,0.0
7.699,2.0668,0.0057,0.1646,5.5531,127,-0.1049,-0.2695,0.5,0.0,0.5,0.0,0.5,0.0,0.0
7.749,2.084,0.0083,0.1672,5.5386,127,-0.108,-0.2752,0.5,0.0,0.5,0.0,0.5,0.0,0.0
7.799,2.0955,0.0101,0.169,5.529,127,-0.0648,-0.2338,0.5,0.0,0.5,0.0,0.5,0.0,0.0
7.849,2.1127,0.0129,0.1717,5.5146,127,-0.0674,-0.2391,0.5,0.0,0.5,0.0,0.5,0.0,0.0
7.899,2.1242,0.0147,0.1735,5.5049,127,-0.0714,-0.2449,0.5,0.0,0.5,0.0,0.5,0.0,0.0
7.949,2.1414,0.0175,0.1762,5.4904,127,-0.0742,-0.2504,0.5,0.0,0.5,0.0,0.5,0.0,0.0
7.999,2.1529,0.0194,0.178,5.4808,127,-0.059,-0.237,0.5,0.0,0.5,0.0,0.5,0.0,0.0
8.049,2.1701,0.0223,0.1807,5.4663,127,-0.0617,-0.2423,0.5,0.0,0.5,0.0,0.5,0.0,0.0
8.099,2.1815,0.0243,0.1824,5.4567,127,-0.0658,-0.2482,0.5,0.0,0.5,0.0,0.5,0.0,0.0
8.149,2.1987,0.0272,0.1851,5.4422,127,-0.0701,-0.2553,0.5,0.0,0.5,0.0,0.5,0.0,0.0
8.199,2.2101,0.0293,0.1869,5.4325,127,-0.0477,-0.2346,0.5,0.0,0.5,0.0,0.5,0.0,0.0
8.249,2.2273,0.0323,0.1896,5.418,127,-0.0503,-0.2399,0.5,0.0,0.5,0.0,0.5,0.0,0.0
8.3,2.2387,0.0344,0.1914,5.4083,127,-0.0544,-0.2458,0.5,0.0,0.5,0.0,0.5,0.0,0.0
8.349,2.2559,0.0375,0.1941,5.3938,123,-0.4083,-0.6024,0.5,0.0,0.5,0.0,0.5,0.0,0.0
8.399,2.2673,0.0396,0.1959,5.3841,123,-0.4344,-0.6303,0.4115,-0.6021,0.5,0.0,0.5,0.0,0.0
8.449,2.2845,0.0428,0.1986,5.3695,123,-0.453,-0.6516,0.4034,-0.6158,0.4115,-0.6021,0.4115,-0.6021,0.0
8.499,2.2959,0.045,0.2003,5.3598,123,-0.453,-0.6534,0.397,-0.6261,0.4034,-0.6158,0.4034,-0.6158,0.0
8.55,2.313,0.0482,0.203,5.3453,123,-0.4241,-0.6272,0.4051,-0.613,0.397,-0.6261,0.397,-0.6261,0.0
8.6,2.3244,0.0504,0.2048,5.3356,123,-0.4694,-0.6743,0.3991,-0.6228,0.4051,-0.613,0.4051,-0.613,0.0
8.65,2.3415,0.0538,0.2075,5.321,123,-0.4694,-0.6769,0.39,-0.6369,0.3991,-0.6228,0.3991,-0.6228,0.0
8.701,2.3529,0.0561,0.2093,5.3113,123,-0.4572,-0.6665,0.3829,-0.6474,0.39,-0.6369,0.39,-0.6369,0.0
8.749,2.3643,0.0583,0.2111,5.3016,123,-0.4572,-0.6682,0.3829,-0.6474,0.3829,-0.6474,0.3829,-0.6474,0.0
8.799,2.3808,0.062,0.2088,5.2873,123,-0.4174,-0.6262,0.4051,-0.6129,0.3925,-0.6332,0.3925,-0.6332,0.0
8.849,2.3968,0.0658,0.2037,5.2732,123,-0.4441,-0.6478,0.4051,-0.6129,0.4051,-0.6129,0.4051,-0.6129,0.0
8.9,2.4073,0.0686,0.1954,5.2638,123,-0.4629,-0.6583,0.3886,-0.6285,0.3977,-0.6235,0.3977,-0.6235,0.0
8.949,2.423,0.0727,0.1826,5.2498,123,-0.5143,-0.6969,0.3761,-0.6387,0.3886,-0.6285,0.3886,-0.6285,0.0
9.0,2.4335,0.0757,0.1691,5.2402,123,-0.5143,-0.6834,0.3637,-0.6404,0.3761,-0.6387,0.3761,-0.6387,0.0
9.049,2.4493,0.0799,0.1486,5.2261,123,-0.4984,-0.6469,0.3725,-0.6167,0.3637,-0.6404,0.3637,-0.6404,0.0
9.1,2.4596,0.0829,0.1299,5.2167,123,-0.5297,-0.6596,0.3635,-0.614,0.3725,-0.6167,0.3725,-0.6167,0.0
9.149,2.4751,0.087,0.1017,5.2028,123,-0.5297,-0.6314,0.351,-0.6201,0.3635,-0.614,0.3635,-0.614,0.0
9.199,2.4858,0.0899,0.0779,5.1933,123,-0.5514,-0.6294,0.3423,-0.6145,0.351,-0.6201,0.351,-0.6201,0.0
9.25,2.5019,0.0938,0.042,5.1791,123,-0.513,-0.555,0.3565,-0.5833,0.3423,-0.6145,0.3423,-0.6145,0.0
9.299,2.5126,0.0964,0.0141,5.1698,123,-0.5332,-0.5473,0.3565,-0.5833,0.3565,-0.5833,0.3565,-0.5833,0.0
9.349,2.5286,0.0997,-0.028,5.1562,123,-0.5647,-0.5366,0.3521,-0.573,0.3521,-0.573,0.3521,-0.573,0.0
9.399,2.5392,0.1017,-0.0576,5.1474,118,-0.5862,-0.5286,0.3435,-0.5748,0.3435,-0.5748,0.3435,-0.5748,0.0
9.45,2.5551,0.104,-0.1019,5.1346,118,-0.4829,-0.381,0.383,-0.4873,0.3427,-0.5632,0.3427,-0.5632,0.0
9.499,2.5658,0.1052,-0.1313,5.1263,118,-0.5008,-0.3695,0.383,-0.4873,0.383,-0.4873,0.383,-0.4873,0.0
9.549,2.5818,0.1064,-0.1754,5.1143,118,-0.5279,-0.3525,0.3871,-0.4708,0.3871,-0.4708,0.3871,-0.4708,0.0
9.599,2.5926,0.1068,-0.2049,5.1066,118,-0.5462,-0.3413,0.3854,-0.4694,0.3854,-0.4694,0.3854,-0.4694,0.0
9.65,2.6087,0.1067,-0.2492,5.0954,118,-0.5065,-0.2572,0.4104,-0.404,0.3924,-0.4525,0.3924,-0.4525,0.0
9.699,2.6195,0.1062,-0.2779,5.0883,118,-0.5188,-0.241,0.4215,-0.3802,0.4104,-0.404,0.4104,-0.404,0.0
9.75,2.6359,0.1047,-0.3191,5.078,118,-0.5668,-0.2476,0.4173,-0.396,0.4215,-0.3802,0.4215,-0.3802,0.0
9.799,2.6468,0.1033,-0.3467,5.0715,118,-0.5797,-0.233,0.4246,-0.3739,0.4173,-0.396,0.4173,-0.396,0.0
9.85,2.6631,0.1007,-0.388,5.0622,118,-0.6118,-0.2239,0.4297,-0.3673,0.4246,-0.3739,0.4246,-0.3739,0.0
9.9,2.6742,0.0982,-0.4134,5.0564,118,-0.6118,-0.1984,0.4389,-0.345,0.4297,-0.3673,0.4297,-0.3673,0.0
9.949,2.691,0.0936,-0.4482,5.0483,118,-0.6308,-0.1825,0.4429,-0.341,0.4389,-0.345,0.4389,-0.345,0.0
9.999,2.7022,0.0901,-0.47,5.0432,118,-0.4169,0.0531,0.4429,-0.341,0.4429,-0.341,0.4429,-0.341,0.0
10.049,2.719,0.0842,-0.5027,5.0361,118,-0.4223,0.0804,0.5,0.0,0.5,0.0,0.5,0.0,0.0
10.099,2.7302,0.0799,-0.5236,5.0316,118,-0.3481,0.1755,0.5,0.0,0.5,0.0,0.5,0.0,0.0
10.15,2.7471,0.073,-0.5547,5.0253,118,-0.3469,0.2078,0.5,0.0,0.5,0.0,0.5,0.0,0.0
10.199,2.7583,0.068,-0.575,5.0214,118,-0.3469,0.2281,0.5,0.0,0.5,0.0,0.5,0.0,0.0
10.249,2.7696,0.0628,-0.5951,5.0177,118,-0.3436,0.2516,0.5,0.0,0.5,0.0,0.5,0.0,0.0
10.299,2.7864,0.0543,-0.624,5.0127,118,-0.2094,0.4147,0.5,0.0,0.5,0.0,0.5,0.0,0.0
10.349,2.7976,0.0482,-0.6423,5.0097,118,-0.1967,0.4456,0.4576,0.4988,0.4576,0.4988,0.4576,0.4988,0.0
10.401,2.8131,0.039,-0.6644,5.0064,111,-0.1867,0.4778,0.4512,0.5171,0.4512,0.5171,0.4512,0.5171,0.0
10.449,2.8227,0.0327,-0.6765,5.0047,111,-0.0956,0.5809,0.444,0.5354,0.444,0.5354,0.444,0.5354,0.0
10.499,2.8369,0.0226,-0.6893,5.0028,111,-0.0816,0.6076,0.418,0.5904,0.418,0.5904,0.418,0.5904,0.0
10.549,2.8462,0.0157,-0.6953,5.0019,111,0.001,0.6963,0.4105,0.6038,0.4105,0.6038,0.4105,0.6038,0.0
10.599,2.8597,0.0048,-0.6988,5.0013,111,0.0181,0.7169,0.3836,0.6464,0.3836,0.6464,0.3836,0.6464,0.0
10.649,2.8686,-0.0027,-0.6991,5.0011,111,0.0466,0.7457,0.3769,0.6559,0.3769,0.6559,0.3769,0.6559,0.0
10.699,2.8795,-0.0123,-0.6943,5.0012,111,0.067,0.7613,0.3673,0.6689,0.3673,0.6689,0.3673,0.6689,0.0
10.749,2.8857,-0.018,-0.6893,5.0015,111,0.0946,0.784,0.362,0.6759,0.362,0.6759,0.362,0.6759,0.0
10.799,2.8948,-0.0266,-0.6771,5.0022,111,0.1515,0.8286,0.3541,0.6858,0.3541,0.6858,0.3541,0.6858,0.0
10.849,2.9007,-0.0324,-0.6672,5.0027,111,0.1759,0.8431,0.3274,0.7051,0.3274,0.7051,0.3274,0.7051,0.0
10.899,2.9088,-0.0408,-0.6471,5.0039,111,0.1926,0.8398,0.3088,0.7112,0.3088,0.7112,0.3088,0.7112,0.0
10.949,2.914,-0.0461,-0.6321,5.0046,111,0.2172,0.8492,0.293,0.7098,0.293,0.7098,0.293,0.7098,0.0
10.999,2.9216,-0.0543,-0.6044,5.006,111,0.2333,0.8378,0.2782,0.7138,0.2782,0.7138,0.2782,0.7138,0.0
11.049,2.9266,-0.0597,-0.5842,5.0069,111,0.2584,0.8425,0.2615,0.709,0.2615,0.709,0.2615,0.709,0.0
11.099,2.9341,-0.0679,-0.5488,5.0084,111,0.3032,0.852,0.2453,0.711,0.2453,0.711,0.2453,0.711,0.0
11.149,2.9391,-0.0733,-0.5235,5.0093,111,0.3254,0.8488,0.2265,0.715,0.2265,0.715,0.2265,0.715,0.0
11.199,2.9463,-0.0812,-0.4805,5.0108,111,0.3403,0.8208,0.2263,0.7137,0.2263,0.7137,0.2263,0.7137,0.0
11.249,2.951,-0.0863,-0.45,5.0118,111,0.3625,0.8125,0.2247,0.7018,0.2247,0.7018,0.2247,0.7018,0.0
11.299,2.9581,-0.0941,-0.3997,5.0133,111,0.3772,0.7769,0.2243,0.6982,0.2243,0.6982,0.2243,0.6982,0.0
11.349,2.9629,-0.0991,-0.3646,5.0141,111,0.3995,0.764,0.2222,0.6828,0.2222,0.6828,0.2222,0.6828,0.0
11.399,2.9701,-0.1064,-0.3094,5.0152,111,0.4144,0.7238,0.2214,0.6771,0.2214,0.6771,0.2214,0.6771,0.0
11.449,2.975,-0.111,-0.2718,5.0157,108,0.4365,0.7083,0.219,0.659,0.219,0.659,0.219,0.659,0.0
11.499,2.982,-0.1178,-0.212,5.0166,108,0.4515,0.6635,0.218,0.6519,0.218,0.6519,0.218,0.6519,0.0
11.549,2.9867,-0.1221,-0.1709,5.017,108,0.435,0.6059,0.2152,0.631,0.2152,0.631,0.2152,0.631,0.0
11.599,2.9941,-0.1282,-0.1095,5.0171,108,0.4515,0.561,0.2114,0.603,0.2114,0.603,0.2114,0.603,0.0
11.649,2.9992,-0.132,-0.0687,5.0168,108,0.4761,0.5448,0.2083,0.5802,0.2083,0.5802,0.2083,0.5802,0.0
11.699,3.0073,-0.1373,-0.0078,5.0159,108,0.4924,0.5003,0.2072,0.5717,0.2072,0.5717,0.2072,0.5717,0.0
11.749,3.0129,-0.1405,0.0326,5.0149,108,0.5275,0.4949,0.204,0.5479,0.204,0.5479,0.204,0.5479,0.0
11.799,3.0215,-0.1449,0.0929,5.013,108,0.5415,0.4487,0.2036,0.5449,0.2036,0.5449,0.2036,0.5449,0.0
11.849,3.0275,-0.1475,0.1328,5.0113,108,0.5624,0.4295,0.2077,0.5189,0.2077,0.5189,0.2077,0.5189,0.0
11.899,3.0366,-0.1509,0.1923,5.0083,108,0.5762,0.3838,0.2231,0.5077,0.2231,0.5077,0.2231,0.5077,0.0
11.949,3.0429,-0.1529,0.2317,5.006,108,0.6173,0.3855,0.2416,0.4799,0.2416,0.4799,0.2416,0.4799,0.0
12.0,3.0525,-0.1552,0.2901,5.0019,108,0.6308,0.3407,0.2431,0.481,0.2431,0.481,0.2431,0.481,0.0
12.049,3.059,-0.1564,0.3285,4.9988,108,0.6611,0.3326,0.271,0.4521,0.271,0.4521,0.271,0.4521,0.0
12.099,3.0689,-0.1577,0.3856,4.9937,108,0.6728,0.2872,0.2777,0.4467,0.2777,0.4467,0.2777,0.4467,0.0
12.149,3.0756,-0.1582,0.4233,4.99,108,0.69,0.2667,0.3009,0.4151,0.3009,0.4151,0.3009,0.4151,0.0
12.199,3.0858,-0.1583,0.479,4.9838,108,0.7013,0.2223,0.3122,0.4,0.3122,0.4,0.3122,0.4,0.0
12.249,3.0926,-0.158,0.5153,4.9794,108,0.7589,0.2435,0.3341,0.3652,0.3341,0.3652,0.3341,0.3652,0.0
12.3,3.1029,-0.1568,0.5688,4.9722,108,0.7558,0.187,0.3304,0.3822,0.3304,0.3822,0.3304,0.3822,0.0
12.349,3.11,-0.1554,0.6022,4.9668,108,0.7618,0.1595,0.3568,0.3349,0.3568,0.3349,0.3568,0.3349,0.0
12.399,3.1171,-0.1535,0.6337,4.9609,108,0.7655,0.1318,0.3725,0.3094,0.3725,0.3094,0.3725,0.3094,0.0
12.449,3.128,-0.1496,0.6773,4.9512,108,0.7706,0.0933,0.3981,0.2647,0.3981,0.2647,0.3981,0.2647,0.0
12.499,3.1353,-0.1465,0.7046,4.9443,107,0.7737,0.069,0.4102,0.2365,0.4102,0.2365,0.4102,0.2365,0.0
12.549,3.1462,-0.141,0.7428,4.9332,107,0.7609,0.018,0.5,0.0,0.5,0.0,0.5,0.0,0.0
12.599,3.1536,-0.1368,0.767,4.9255,107,0.763,-0.004,0.5,0.0,0.5,0.0,0.5,0.0,0.0
12.649,3.1648,-0.13,0.801,4.9133,107,0.7659,-0.0351,0.5,0.0,0.5,0.0,0.5,0.0,0.0
12.7,3.1722,-0.125,0.8227,4.9048,107,0.7676,-0.0551,0.5,0.0,0.5,0.0,0.5,0.0,0.0
12.749,3.1833,-0.1168,0.8526,4.8915,107,0.7698,-0.0828,0.5,0.0,0.5,0.0,0.5,0.0,0.0
12.799,3.1908,-0.1107,0.8702,4.8821,107,0.7683,-0.102,0.5,0.0,0.5,0.0,0.5,0.0,0.0
12.849,3.2021,-0.1003,0.8913,4.867,107,0.7692,-0.1222,0.5,0.0,0.5,0.0,0.5,0.0,0.0
12.899,3.2099,-0.0925,0.9032,4.8561,107,0.7694,-0.1338,0.5,0.0,0.5,0.0,0.5,0.0,0.0
12.949,3.2221,-0.0788,0.915,4.8378,107,0.7526,-0.1625,0.5,0.0,0.5,0.0,0.5,0.0,0.0
12.999,3.2298,-0.0695,0.92,4.8257,107,0.7514,-0.1686,0.5,0.0,0.5,0.0,0.5,0.0,0.0
13.05,3.241,-0.0551,0.9226,4.8075,107,0.749,-0.1736,0.5,0.0,0.5,0.0,0.5,0.0,0.0
13.099,3.2483,-0.0455,0.9231,4.7954,107,0.7471,-0.1759,0.5,0.0,0.5,0.0,0.5,0.0,0.0
13.149,3.2591,-0.031,0.9218,4.7774,107,0.744,-0.1778,0.5,0.0,0.5,0.0,0.5,0.0,0.0
13.199,3.2663,-0.0215,0.9212,4.7654,107,0.7417,-0.1795,0.5,0.0,0.5,0.0,0.5,0.0,0.0
13.249,3.2772,-0.0072,0.9209,4.7475,107,0.7528,-0.1681,0.5,0.0,0.5,0.0,0.5,0.0,0.0
13.3,3.2844,0.0022,0.9213,4.7356,107,0.7508,-0.1704,0.5,0.0,0.5,0.0,0.5,0.0,0.0
13.349,3.2951,0.0162,0.9225,4.718,107,0.7478,-0.1747,0.5,0.0,0.5,0.0,0.5,0.0,0.0
13.399,3.3022,0.0255,0.9238,4.7063,107,0.763,-0.1609,0.5,0.0,0.5,0.0,0.5,0.0,0.0
13.449,3.3094,0.0347,0.9257,4.6947,107,0.7604,-0.1653,0.5,0.0,0.5,0.0,0.5,0.0,0.0
13.499,3.32,0.0484,0.9287,4.6773,107,0.7586,-0.1701,0.5,0.0,0.5,0.0,0.5,0.0,0.0
13.549,3.327,0.0576,0.9309,4.6657,101,0.7559,-0.175,0.5,0.0,0.5,0.0,0.5,0.0,0.0
13.599,3.3376,0.0713,0.9343,4.6484,101,0.7541,-0.1802,0.5,0.0,0.5,0.0,0.5,0.0,0.0
13.649,3.3446,0.0805,0.9364,4.6368,101,0.7651,-0.1713,0.5,0.0,0.5,0.0,0.5,0.0,0.0
13.699,3.3551,0.0944,0.9396,4.6195,101,0.7633,-0.1763,0.5,0.0,0.5,0.0,0.5,0.0,0.0
13.749,3.362,0.1037,0.9416,4.6079,101,0.7605,-0.1812,0.5,0.0,0.5,0.0,0.5,0.0,0.0
13.799,3.3724,0.1176,0.9446,4.5905,101,0.7585,-0.1861,0.5,0.0,0.5,0.0,0.5,0.0,0.0
13.849,3.3793,0.1269,0.9465,4.5789,101,0.7723,-0.1742,0.5,0.0,0.5,0.0,0.5,0.0,0.0
13.899,3.3897,0.1409,0.9493,4.5615,101,0.7705,-0.1789,0.5,0.0,0.5,0.0,0.5,0.0,0.0
13.949,3.3966,0.1503,0.9511,4.5499,101,0.7676,-0.1836,0.5,0.0,0.5,0.0,0.5,0.0,0.0
14.0,3.4069,0.1644,0.9538,4.5324,101,0.7655,-0.1883,0.5,0.0,0.5,0.0,0.5,0.0,0.0
14.049,3.4137,0.1738,0.9555,4.5208,101,0.7814,-0.1741,0.5,0.0,0.5,0.0,0.5,0.0,0.0
14.099,3.4239,0.1879,0.9581,4.5034,101,0.7786,-0.1796,0.5,0.0,0.5,0.0,0.5,0.0,0.0
14.149,3.4307,0.1973,0.9599,4.4917,101,0.7766,-0.1833,0.5,0.0,0.5,0.0,0.5,0.0,0.0
14.199,3.4409,0.2115,0.9625,4.4743,101,0.7938,-0.1687,0.5,0.0,0.5,0.0,0.5,0.0,0.0
14.249,3.4476,0.221,0.9643,4.4627,101,0.7911,-0.1732,0.5,0.0,0.5,0.0,0.5,0.0,0.0
14.299,3.4544,0.2305,0.966,4.4511,101,0.7892,-0.1768,0.5,0.0,0.5,0.0,0.5,0.0,0.0
14.349,3.4644,0.2447,0.9687,4.4336,101,0.7862,-0.1825,0.5,0.0,0.5,0.0,0.5,0.0,0.0
14.399,3.4711,0.2542,0.9705,4.422,101,0.8032,-0.1672,0.5,0.0,0.5,0.0,0.5,0.0,0.0
14.449,3.4811,0.2685,0.9731,4.4046,101,0.8005,-0.1727,0.5,0.0,0.5,0.0,0.5,0.0,0.0
14.499,3.4878,0.278,0.9749,4.393,101,0.7986,-0.1764,0.5,0.0,0.5,0.0,0.5,0.0,0.0
14.549,3.4977,0.2923,0.9775,4.3755,95,0.7955,-0.182,0.5,0.0,0.5,0.0,0.5,0.0,0.0
14.599,3.5044,0.3019,0.9793,4.3639,95,0.8335,-0.1457,0.5,0.0,0.5,0.0,0.5,0.0,0.0
14.649,3.5142,0.3163,0.982,4.3465,95,0.8319,-0.1501,0.3277,0.0,0.3277,0.0,0.3277,0.0,0.0
14.699,3.5208,0.3259,0.9838,4.3349,95,0.6404,-0.3434,0.3277,0.0,0.3277,0.0,0.3277,0.0,0.0
14.749,3.5306,0.3402,0.9865,4.3175,95,0.6275,-0.359,0.4705,-0.4551,0.4705,-0.4551,0.4705,-0.4551,0.0
14.802,3.5371,0.3499,0.9884,4.3059,95,0.6183,-0.3701,0.468,-0.4647,0.4705,-0.4551,0.4705,-0.4551,0.0
14.849,3.5437,0.3595,0.9902,4.2943,95,0.6035,-0.3866,0.4658,-0.4723,0.468,-0.4647,0.468,-0.4647,0.0
14.899,3.5534,0.374,0.9929,4.2769,95,0.5929,-0.3999,0.4628,-0.4828,0.4628,-0.4828,0.4628,-0.4828,0.0
14.949,3.5598,0.3836,0.9947,4.2653,95,0.5966,-0.398,0.4602,-0.491,0.4628,-0.4828,0.4628,-0.4828,0.0
14.999,3.5695,0.3981,0.9973,4.2479,95,0.5868,-0.4106,0.4606,-0.4898,0.4602,-0.491,0.4602,-0.491,0.0
15.049,3.5759,0.4069,1.0047,4.2371,95,0.5727,-0.4319,0.457,-0.5007,0.4606,-0.4898,0.4606,-0.4898,0.0
15.099,3.5852,0.4201,1.0154,4.2209,95,0.5632,-0.4521,0.4526,-0.5133,0.457,-0.5007,0.457,-0.5007,0.0
15.149,3.5917,0.4302,1.0177,4.2089,95,0.5662,-0.4515,0.4492,-0.5222,0.4526,-0.5133,0.4526,-0.5133,0.0
15.199,3.6014,0.4455,1.0205,4.1909,95,0.553,-0.4675,0.4495,-0.5215,0.4495,-0.5215,0.4495,-0.5215,0.0
15.249,3.6074,0.4558,1.0173,4.179,95,0.5309,-0.4865,0.4471,-0.5278,0.4495,-0.5215,0.4495,-0.5215,0.0
15.299,3.6166,0.4712,1.0124,4.1612,95,0.5148,-0.4976,0.4428,-0.5384,0.4471,-0.5278,0.4471,-0.5278,0.0
15.349,3.6223,0.4816,1.0041,4.1495,95,0.5239,-0.4801,0.4389,-0.5418,0.4428,-0.5384,0.4428,-0.5384,0.0
15.399,3.631,0.497,0.9914,4.1319,95,0.5091,-0.4823,0.4368,-0.532,0.4389,-0.5418,0.4389,-0.5418,0.0
15.449,3.6366,0.5074,0.9779,4.1203,95,0.4851,-0.4928,0.4294,-0.5304,0.4368,-0.532,0.4368,-0.532,0.0
15.499,3.6452,0.5228,0.9575,4.1029,95,0.4874,-0.4701,0.4217,-0.5362,0.4217,-0.5362,0.4217,-0.5362,0.0
15.549,3.6507,0.5331,0.9388,4.0913,95,0.4718,-0.4671,0.4197,-0.5204,0.4217,-0.5362,0.4217,-0.5362,0.0
15.599,3.6593,0.5483,0.9107,4.074,88,0.8075,-0.1032,0.4144,-0.5187,0.4144,-0.5187,0.4144,-0.5187,0.0
15.649,3.6651,0.5585,0.8884,4.0624,88,0.8034,-0.085,0.5,0.0,0.4144,-0.5187,0.4144,-0.5187,0.0
15.699,3.6742,0.5736,0.8549,4.0449,88,0.7995,-0.0553,0.5,0.0,0.5,0.0,0.5,0.0,0.0
15.749,3.6804,0.5834,0.8318,4.0333,88,0.7972,-0.0347,0.5,0.0,0.5,0.0,0.5,0.0,0.0
15.799,3.6902,0.5979,0.7973,4.0159,88,0.7887,-0.0086,0.5,0.0,0.5,0.0,0.5,0.0,0.0
15.849,3.697,0.6073,0.7745,4.0043,88,0.7463,-0.0281,0.5,0.0,0.5,0.0,0.5,0.0,0.0
15.899,3.7076,0.6212,0.7402,3.9868,88,0.7444,0.0042,0.5,0.0,0.5,0.0,0.5,0.0,0.0
15.949,3.715,0.6303,0.7174,3.9751,88,0.7418,0.0244,0.5,0.0,0.5,0.0,0.5,0.0,0.0
15.999,3.7264,0.6436,0.6833,3.9576,88,0.7404,0.0571,0.5,0.0,0.5,0.0,0.5,0.0,0.0
16.049,3.7342,0.6522,0.6624,3.946,88,0.7387,0.0763,0.5,0.0,0.5,0.0,0.5,0.0,0.0
16.099,3.7466,0.6646,0.6347,3.9286,88,0.735,0.1003,0.5,0.0,0.5,0.0,0.5,0.0,0.0
16.149,3.7551,0.6725,0.6191,3.9172,88,0.7346,0.1155,0.5,0.0,0.5,0.0,0.5,0.0,0.0
16.199,3.7684,0.6839,0.5997,3.9001,88,0.7349,0.1351,0.5,0.0,0.5,0.0,0.5,0.0,0.0
16.249,3.7776,0.691,0.5911,3.8888,88,0.736,0.1449,0.5,0.0,0.5,0.0,0.5,0.0,0.0
16.299,3.7916,0.7014,0.5802,3.8721,88,0.7371,0.1569,0.5,0.0,0.5,0.0,0.5,0.0,0.0
16.349,3.8012,0.7079,0.5779,3.8611,88,0.5377,-0.0401,0.5,0.0,0.5,0.0,0.5,0.0,0.0
16.399,3.8157,0.7176,0.5747,3.8446,88,0.6004,0.0257,0.5,0.0,0.5,0.0,0.5,0.0,0.0
16.449,3.8255,0.7238,0.5764,3.8337,88,0.6016,0.0251,0.5,0.0,0.5,0.0,0.5,0.0,0.0
16.499,3.8402,0.7331,0.5792,3.8174,88,0.6027,0.0235,0.5,0.0,0.5,0.0,0.5,0.0,0.0
16.549,3.85,0.7394,0.581,3.8065,88,0.6044,0.0234,0.5,0.0,0.5,0.0,0.5,0.0,0.0
16.599,3.8647,0.7488,0.5837,3.7902,88,0.6055,0.0218,0.5,0.0,0.5,0.0,0.5,0.0,0.0
16.65,3.8745,0.7551,0.5855,3.7793,84,0.6547,0.0692,0.5,0.0,0.5,0.0,0.5,0.0,0.0
16.699,3.8891,0.7645,0.5882,3.7629,84,0.6572,0.069,0.5,0.0,0.5,0.0,0.5,0.0,0.0
16.749,3.8988,0.7709,0.59,3.752,84,0.6611,0.0711,0.5,0.0,0.5,0.0,0.5,0.0,0.0
16.8,3.9134,0.7804,0.5927,3.7357,84,0.6639,0.0712,0.5,0.0,0.5,0.0,0.5,0.0,0.0
16.849,3.9232,0.7868,0.5944,3.7247,84,0.6682,0.0738,0.5,0.0,0.5,0.0,0.5,0.0,0.0
16.9,3.9377,0.7964,0.5971,3.7084,84,0.6682,0.0711,0.5,0.0,0.5,0.0,0.5,0.0,0.0
16.949,3.9474,0.8028,0.5989,3.6974,84,0.7528,0.1539,0.5,0.0,0.5,0.0,0.5,0.0,0.0
16.999,3.9619,0.8125,0.6016,3.6811,84,0.7577,0.1561,0.5,0.0,0.5,0.0,0.5,0.0,0.0
17.049,3.9716,0.8189,0.6034,3.6701,84,0.7656,0.1622,0.5,0.0,0.5,0.0,0.5,0.0,0.0
17.1,3.986,0.8287,0.6061,3.6537,84,0.7712,0.1652,0.5,0.0,0.5,0.0,0.5,0.0,0.0
17.149,3.9957,0.8352,0.6078,3.6428,84,0.8166,0.2087,0.5,0.0,0.5,0.0,0.5,0.0,0.0
17.2,4.0101,0.845,0.6105,3.6264,84,0.8229,0.2124,0.5,0.0,0.5,0.0,0.5,0.0,0.0
17.249,4.0197,0.8515,0.6123,3.6155,84,0.8329,0.2206,0.5,0.0,0.5,0.0,0.5,0.0,0.0
17.299,4.0341,0.8614,0.615,3.5991,84,0.8401,0.2251,0.5,0.0,0.5,0.0,0.5,0.0,0.0
17.349,4.0436,0.868,0.6168,3.5881,84,0.8287,0.2119,0.5,0.0,0.5,0.0,0.5,0.0,0.0
17.4,4.058,0.8779,0.6195,3.5717,84,0.8287,0.2092,0.5,0.0,0.5,0.0,0.5,0.0,0.0
17.449,4.0675,0.8846,0.6212,3.5607,84,0.9454,0.3243,0.5,0.0,0.5,0.0,0.5,0.0,0.0
17.5,4.0771,0.8912,0.6228,3.5497,84,0.9454,0.3226,0.5,0.0,0.5,0.0,0.5,0.0,0.0
17.549,4.0913,0.9013,0.6255,3.5333,84,0.9719,0.3464,0.4699,0.4451,0.4696,0.4463,0.4696,0.4463,0.0
17.6,4.1056,0.9113,0.6281,3.5168,84,0.9719,0.3437,0.4674,0.4547,0.4699,0.4451,0.4699,0.4451,0.0
17.649,4.1151,0.918,0.63,3.5059,84,0.9606,0.3306,0.4714,0.4386,0.4674,0.4547,0.4674,0.4547,0.0
17.699,4.1293,0.9281,0.6329,3.4895,80,0.9606,0.3277,0.4714,0.4386,0.4714,0.4386,0.4714,0.4386,0.0
17.749,4.1387,0.9349,0.6347,3.4785,80,1.0746,0.4399,0.4482,0.5137,0.4701,0.4441,0.4701,0.4441,0.0
17.799,4.1529,0.945,0.6374,3.462,80,1.0454,0.4081,0.4482,0.5137,0.4482,0.5137,0.4482,0.5137,0.0
17.849,4.1623,0.9518,0.6392,3.4511,80,1.0577,0.4185,0.4529,0.5011,0.4548,0.4954,0.4548,0.4954,0.0
17.9,4.1764,0.9621,0.6419,3.4346,80,1.0773,0.4354,0.4529,0.5011,0.4529,0.5011,0.4529,0.5011,0.0
17.949,4.184,0.967,0.6496,3.4262,80,1.0912,0.4417,0.4451,0.5148,0.449,0.5117,0.449,0.5117,0.0
17.999,4.1916,0.9718,0.6592,3.4179,80,1.0584,0.3992,0.4451,0.5148,0.4451,0.5148,0.4451,0.5148,0.0
18.049,4.2032,0.979,0.6793,3.4054,80,1.0693,0.39,0.4511,0.4894,0.4511,0.4894,0.4511,0.4894,0.0
18.099,4.211,0.9836,0.6961,3.3972,80,1.0874,0.3913,0.4459,0.4837,0.4459,0.4837,0.4459,0.4837,0.0
18.149,4.2226,0.9903,0.7257,3.3851,80,1.1003,0.3746,0.4383,0.4845,0.4383,0.4845,0.4383,0.4845,0.0
18.199,4.2301,0.9946,0.7493,3.3773,80,1.1206,0.3713,0.4309,0.4741,0.4309,0.4741,0.4309,0.4741,0.0
18.249,4.2416,1.0013,0.7881,3.3653,80,1.0674,0.2793,0.4192,0.472,0.4192,0.472,0.4192,0.472,0.0
18.299,4.2491,1.0057,0.8169,3.3574,80,1.0847,0.2678,0.4307,0.4094,0.4307,0.4094,0.4307,0.4094,0.0
18.349,4.2601,1.0127,0.8598,3.3454,80,1.0966,0.2368,0.4247,0.4008,0.4247,0.4008,0.4247,0.4008,0.0
18.399,4.2671,1.0175,0.8877,3.3375,80,1.0955,0.2077,0.4233,0.3769,0.4233,0.3769,0.4233,0.3769,0.0
18.449,4.2773,1.0254,0.9257,3.3252,80,1.1062,0.1805,0.4257,0.3531,0.4257,0.3531,0.4257,0.3531,0.0
18.499,4.284,1.031,0.9489,3.3169,80,1.1215,0.1726,0.4308,0.329,0.4308,0.329,0.4308,0.329,0.0
18.549,4.294,1.0396,0.9831,3.3041,80,1.1316,0.1486,0.4319,0.3218,0.4319,0.3218,0.4319,0.3218,0.0
18.599,4.3006,1.0456,1.0058,3.2955,80,1.0697,0.0639,0.4387,0.2986,0.4387,0.2986,0.4387,0.2986,0.0
18.649,4.3102,1.0552,1.0381,3.2822,80,1.0804,0.0424,0.5,0.0,0.5,0.0,0.5,0.0,0.0
18.703,4.3164,1.0618,1.0587,3.2732,76,1.087,0.0282,0.5,0.0,0.5,0.0,0.5,0.0,0.0
18.749,4.3255,1.0722,1.0888,3.2596,76,1.0412,-0.0476,0.5,0.0,0.5,0.0,0.5,0.0,0.0
18.799,4.3313,1.0793,1.1085,3.2504,76,1.2127,0.1042,0.5,0.0,0.5,0.0,0.5,0.0,0.0
18.849,4.3397,1.0906,1.1358,3.2363,76,1.2226,0.0867,0.5,0.0,0.5,0.0,0.5,0.0,0.0
18.899,4.3451,1.0984,1.153,3.2269,76,1.2367,0.0837,0.5,0.0,0.5,0.0,0.5,0.0,0.0
18.949,4.3529,1.1106,1.1772,3.2124,76,1.2458,0.0686,0.5,0.0,0.5,0.0,0.5,0.0,0.0
18.999,4.3578,1.1189,1.1926,3.2028,76,1.259,0.0664,0.5,0.0,0.5,0.0,0.5,0.0,0.0
19.049,4.3654,1.1336,1.2108,3.1863,76,1.2676,0.0568,0.5,0.0,0.5,0.0,0.5,0.0,0.0
19.099,4.3703,1.1444,1.2202,3.1746,76,1.2794,0.0592,0.5,0.0,0.5,0.0,0.5,0.0,0.0
19.149,4.3771,1.161,1.2286,3.1571,76,0.9379,-0.2907,0.5,0.0,0.5,0.0,0.5,0.0,0.0
19.199,4.3814,1.1722,1.2318,3.1454,76,0.9258,-0.306,0.479,-0.4176,0.479,-0.4176,0.479,-0.4176,0.0
19.249,4.3874,1.1891,1.233,3.128,76,0.9162,-0.3168,0.4768,-0.4285,0.4768,-0.4285,0.4768,-0.4285,0.0
19.299,4.3914,1.2004,1.2326,3.1164,76,0.7827,-0.4499,0.4751,-0.436,0.4751,-0.436,0.4751,-0.436,0.0
19.349,4.3973,1.2173,1.2322,3.0991,76,0.7677,-0.4645,0.4502,-0.5196,0.4502,-0.5196,0.4502,-0.5196,0.0
19.399,4.4012,1.2286,1.232,3.0876,76,0.7435,-0.4886,0.447,-0.5279,0.447,-0.5279,0.447,-0.5279,0.0
19.449,4.4072,1.2453,1.2326,3.0704,76,0.7261,-0.5065,0.4415,-0.5414,0.4415,-0.5414,0.4415,-0.5414,0.0
19.499,4.4111,1.2564,1.2332,3.059,76,0.5945,-0.6387,0.4372,-0.5513,0.4372,-0.5513,0.4372,-0.5513,0.0
19.549,4.4169,1.2736,1.2292,3.0415,76,0.5735,-0.6557,0.4014,-0.6191,0.4014,-0.6191,0.4014,-0.6191,0.0
19.599,4.4206,1.2853,1.2248,3.0298,76,0.5381,-0.6866,0.3943,-0.6272,0.368,-0.5854,0.368,-0.5854,0.0
19.649,4.4261,1.3029,1.213,3.0123,76,0.5121,-0.7008,0.3822,-0.6419,0.3567,-0.5991,0.3567,-0.5991,0.0
19.699,4.4297,1.3146,1.2033,3.0006,76,0.4697,-0.7336,0.3712,-0.6485,0.3217,-0.562,0.3217,-0.562,0.0
19.75,4.4347,1.3317,1.1839,2.9837,70,0.3051,-0.8788,0.3548,-0.6635,0.3075,-0.575,0.3075,-0.575,0.0
19.799,4.4381,1.3428,1.1692,2.9726,70,0.3214,-0.8478,0.288,-0.7262,0.288,-0.7262,0.288,-0.7262,0.0
19.849,4.4414,1.354,1.152,2.9616,70,0.2952,-0.8567,0.2919,-0.7132,0.2919,-0.7132,0.2919,-0.7132,0.0
19.899,4.4463,1.3706,1.122,2.9451,70,0.2544,-0.8676,0.2778,-0.7128,0.2778,-0.7128,0.2778,-0.7128,0.0
19.949,4.4497,1.3814,1.0997,2.9344,70,0.1875,-0.9122,0.2601,-0.7215,0.2601,-0.7215,0.2601,-0.7215,0.0
19.999,4.4547,1.3973,1.0621,2.9185,70,0.1491,-0.9131,0.2306,-0.7347,0.2306,-0.7347,0.2306,-0.7347,0.0
20.049,4.4582,1.4078,1.036,2.9079,70,0.1232,-0.9128,0.2299,-0.7402,0.2299,-0.7402,0.2299,-0.7402,0.0
20.099,4.464,1.4233,0.9952,2.8919,70,0.0838,-0.9114,0.2292,-0.7345,0.2139,-0.6855,0.2139,-0.6855,0.0
20.149,4.4677,1.4336,0.9636,2.8814,70,0.0571,-0.9065,0.2298,-0.7395,0.0,0.0,0.0,0.0,0.0
20.199,4.4728,1.4487,0.9035,2.8661,70,0.0553,-0.8481,0.2285,-0.7295,0.0,0.0,0.0,0.0,0.0
20.249,4.4763,1.4586,0.8598,2.856,70,0.0281,-0.8317,0.2263,-0.7134,0.0,0.0,0.0,0.0,0.0
20.299,4.482,1.4733,0.7891,2.8408,70,-0.0235,-0.8126,0.224,-0.6966,0.0,0.0,0.0,0.0,0.0
20.349,4.486,1.4827,0.7393,2.8308,70,-0.0479,-0.7872,0.2243,-0.6982,0.0,0.0,0.0,0.0,0.0
20.399,4.4923,1.4964,0.6609,2.816,70,-0.0404,-0.7014,0.2213,-0.676,0.0,0.0,0.0,0.0,0.0
20.449,4.4967,1.5051,0.6067,2.8064,70,-0.065,-0.6718,0.2176,-0.6487,0.0,0.0,0.0,0.0,0.0
20.499,4.5041,1.5175,0.5265,2.792,70,-0.1014,-0.6279,0.214,-0.622,0.0,0.0,0.0,0.0,0.0
20.549,4.5085,1.5246,0.4768,2.7836,70,-0.1146,-0.5914,0.2129,-0.6138,0.0,0.0,0.0,0.0,0.0
20.599,4.514,1.5335,0.4072,2.7732,70,-0.1139,-0.5211,0.2089,-0.5844,0.0,0.0,0.0,0.0,0.0
20.649,4.5167,1.5385,0.3624,2.7675,70,-0.1276,-0.49,0.2055,-0.5592,0.0,0.0,0.0,0.0,0.0
20.699,4.5183,1.5436,0.3108,2.7625,70,-0.1436,-0.4544,0.2018,-0.5321,0.0,0.0,0.0,0.0,0.0
20.749,4.5186,1.5463,0.2801,2.7602,70,-0.1509,-0.431,0.2005,-0.5221,0.0,0.0,0.0,0.0,0.0
20.8,4.5164,1.5491,0.2397,2.7591,68,-0.1284,-0.3682,0.1975,-0.5002,0.0,0.0,0.0,0.0,0.0
20.849,4.514,1.5506,0.2158,2.7594,68,-0.1423,-0.3581,0.1934,-0.47,0.0,0.0,0.0,0.0,0.0
20.899,4.5097,1.5515,0.1937,2.7611,68,-0.1454,-0.3391,0.1916,-0.4562,0.0,0.0,0.0,0.0,0.0
20.949,4.5028,1.5526,0.165,2.7643,68,-0.1459,-0.3109,0.1899,-0.444,0.0,0.0,0.0,0.0,0.0
21.0,4.4976,1.553,0.1506,2.7672,68,-0.1454,-0.296,0.1876,-0.4268,0.0,0.0,0.0,0.0,0.0
21.049,4.4906,1.5537,0.1308,2.7707,68,-0.1445,-0.2753,0.1862,-0.4164,0.0,0.0,0.0,0.0,0.0
21.099,4.4877,1.5542,0.1197,2.772,68,-0.1137,-0.2334,0.1843,-0.4023,0.1843,-0.4023,0.1843,-0.4023,0.0
21.149,4.4843,1.555,0.1049,2.7734,68,-0.1139,-0.2188,0.1799,-0.3697,0.1799,-0.3697,0.1799,-0.3697,0.0
21.199,4.4836,1.5554,0.0998,2.7735,68,-0.1143,-0.2141,0.1786,-0.3602,0.0,0.0,0.0,0.0,0.0
21.249,4.4829,1.5558,0.0944,2.7736,68,-0.1146,-0.209,0.1781,-0.3563,0.1781,-0.3563,0.1781,-0.3563,0.0
21.299,4.4829,1.5558,0.0944,2.7736,68,-0.1148,-0.2091,0.1778,-0.3541,0.1778,-0.3541,0.1778,-0.3541,0.0
21.35,4.4829,1.5558,0.0944,2.7736,68,-0.1148,-0.2091,0.4891,-0.3542,0.1778,-0.3541,0.1778,-0.3541,0.0
21.399,4.4829,1.5558,0.0944,2.7736,68,-0.1291,-0.2234,0.4891,-0.3542,0.4891,-0.3542,0.4891,-0.3542,0.0
21.449,4.484,1.556,0.0931,2.7728,68,-0.1291,-0.2222,0.4876,-0.3661,0.4876,-0.3661,0.4876,-0.3661,0.0
21.499,4.4872,1.5567,0.088,2.7703,68,-0.105,-0.193,0.488,-0.363,0.488,-0.363,0.488,-0.363,0.0
21.549,4.493,1.558,0.079,2.7659,68,-0.106,-0.185,0.491,-0.338,0.491,-0.338,0.491,-0.338,0.0
21.599,4.4994,1.5593,0.0687,2.761,68,-0.1082,-0.177,0.4919,-0.3285,0.4919,-0.3285,0.4919,-0.3285,0.0
21.649,4.5098,1.5613,0.0517,2.7532,68,-0.1101,-0.1618,0.4754,-0.3211,0.4754,-0.3211,0.4754,-0.3211,0.0
21.7,4.5189,1.563,0.0362,2.7465,68,-0.1136,-0.1497,0.4762,-0.304,0.0,0.0,0.0,0.0,0.0
21.749,4.5334,1.5654,0.011,2.736,68,-0.1161,-0.1271,0.4766,-0.2919,0.0,0.0,0.0,0.0,0.0
21.799,4.5448,1.5671,-0.0099,2.7279,68,-0.1204,-0.1106,0.4778,-0.2645,0.4778,-0.2645,0.4778,-0.2645,0.0
21.849,4.562,1.5693,-0.0422,2.7161,67,-0.1234,-0.0812,0.4788,-0.2453,0.0,0.0,0.0,0.0,0.0
21.899,4.5735,1.5706,-0.0656,2.7084,67,-0.1277,-0.0622,0.5,0.0,0.0,0.0,0.0,0.0,0.0
21.95,4.5909,1.572,-0.1002,2.6973,67,-0.1305,-0.0302,0.5,0.0,0.0,0.0,0.0,0.0,0.0
21.999,4.6027,1.5724,-0.1216,2.6901,67,-0.134,-0.0125,0.5,0.0,0.0,0.0,0.0,0.0,0.0
22.049,4.6209,1.5724,-0.1512,2.6798,67,-0.1027,0.0485,0.5,0.0,0.0,0.0,0.0,0.0,0.0
22.099,4.633,1.572,-0.1708,2.6733,67,-0.0655,0.1054,0.5,0.0,0.0,0.0,0.0,0.0,0.0
22.149,4.6514,1.5709,-0.199,2.6638,67,-0.0658,0.1332,0.5,0.0,0.0,0.0,0.0,0.0,0.0
22.199,4.6643,1.5695,-0.2143,2.6579,67,-0.0655,0.1488,0.5,0.0,0.0,0.0,0.0,0.0,0.0
22.249,4.6772,1.5678,-0.2288,2.6521,67,-0.0648,0.164,0.5,0.0,0.0,0.0,0.0,0.0,0.0
22.299,4.6921,1.5656,-0.2459,2.6457,67,-0.0635,0.1824,0.5,0.0,0.0,0.0,0.0,0.0,0.0
22.35,4.7019,1.5642,-0.2585,2.6416,67,-0.0626,0.1958,0.5,0.0,0.0,0.0,0.0,0.0,0.0
22.399,4.7117,1.5623,-0.267,2.6379,67,-0.0613,0.2057,0.5,0.0,0.0,0.0,0.0,0.0,0.0
22.45,4.72,1.5605,-0.2732,2.6349,67,-0.0603,0.2129,0.5,0.0,0.0,0.0,0.0,0.0,0.0
22.499,4.7232,1.5597,-0.2745,2.6338,67,-0.1949,0.0796,0.5,0.0,0.0,0.0,0.0,0.0,0.0
22.549,4.7265,1.5589,-0.2757,2.6327,67,-0.1945,0.0812,0.5,0.0,0.0,0.0,0.0,0.0,0.0
22.599,4.7269,1.5589,-0.2774,2.6325,67,-0.1945,0.0829,0.5,0.0,0.0,0.0,0.0,0.0,0.0
22.649,4.7271,1.559,-0.2785,2.6324,67,-0.1947,0.0838,0.5,0.0,0.0,0.0,0.0,0.0,0.0
22.699,4.7229,1.5604,-0.2802,2.6335,67,-0.1956,0.0846,0.5,0.0,0.0,0.0,0.0,0.0,0.0
22.749,4.72,1.5613,-0.2813,2.6342,67,-0.1964,0.0849,0.5,0.0,0.0,0.0,0.0,0.0,0.0
22.799,4.7111,1.564,-0.2831,2.6367,67,-0.2182,0.0648,0.5,0.0,0.0,0.0,0.0,0.0,0.0
22.849,4.7052,1.5658,-0.2841,2.6384,64,-0.2195,0.0646,0.5,0.0,0.0,0.0,0.0,0.0,0.0
22.899,4.6917,1.5699,-0.2855,2.6424,64,-0.3799,-0.0944,0.5,0.0,0.0,0.0,0.0,0.0,0.0
22.949,4.6827,1.5726,-0.2864,2.645,64,-0.3777,-0.0913,0.5,0.0,0.0,0.0,0.0,0.0,0.0
22.999,4.6721,1.5758,-0.2879,2.6482,64,-0.3751,-0.0871,0.5,0.0,0.0,0.0,0.0,0.0,0.0
23.049,4.6652,1.578,-0.2888,2.6503,64,-0.3737,-0.0848,0.5,0.0,0.0,0.0,0.0,0.0,0.0
23.099,4.658,1.5802,-0.2899,2.6525,64,-0.372,-0.0821,0.5,0.0,0.0,0.0,0.0,0.0,0.0
23.149,4.6532,1.5816,-0.2904,2.6539,64,-0.3711,-0.0807,0.5,0.0,0.0,0.0,0.0,0.0,0.0
23.199,4.6492,1.5828,-0.2909,2.6552,64,-0.3701,-0.0792,0.5,0.0,0.0,0.0,0.0,0.0,0.0
23.249,4.6467,1.5836,-0.2911,2.656,64,-0.3696,-0.0785,0.5,0.0,0.0,0.0,0.0,0.0,0.0
23.299,4.6459,1.5838,-0.2913,2.6562,64,-0.3692,-0.0779,0.5,0.0,0.0,0.0,0.0,0.0,0.0
23.349,4.6455,1.5839,-0.2914,2.6564,64,-0.3692,-0.0778,0.5,0.0,0.0,0.0,0.0,0.0,0.0
23.399,4.6455,1.5839,-0.2914,2.6564,64,-0.3691,-0.0778,0.5,0.0,0.0,0.0,0.0,0.0,0.0
23.449,4.6455,1.5839,-0.2914,2.6564,64,-0.3691,-0.0778,0.5,0.0,0.0,0.0,0.0,0.0,0.0
23.499,4.6455,1.5839,-0.2914,2.6564,64,-0.3691,-0.0778,0.5,0.0,0.0,0.0,0.0,0.0,0.0
23.549,4.6455,1.5839,-0.2914,2.6564,64,-0.3691,-0.0778,0.5,0.0,0.0,0.0,0.0,0.0,0.0
23.599,4.6455,1.5839,-0.2914,2.6564,64,-0.3691,-0.0778,0.5,0.0,0.0,0.0,0.0,0.0,0.0
23.649,4.6455,1.5839,-0.2914,2.6564,64,-0.3691,-0.0778,0.5,0.0,0.0,0.0,0.0,0.0,0.0
23.699,4.6455,1.5839,-0.2914,2.6564,64,-0.3691,-0.0778,0.5,0.0,0.0,0.0,0.0,0.0,0.0
23.749,4.6455,1.5839,-0.2914,2.6564,64,-0.3691,-0.0778,0.5,0.0,0.0,0.0,0.0,0.0,0.0
23.799,4.6455,1.5839,-0.2914,2.6564,64,-0.3691,-0.0778,0.5,0.0,0.0,0.0,0.0,0.0,0.0
23.85,4.6455,1.5839,-0.2914,2.6564,64,-0.3691,-0.0778,0.5,0.0,0.0,0.0,0.0,0.0,0.0
23.899,4.6455,1.5839,-0.2914,2.6564,65,-0.2271,0.0643,0.5,0.0,0.0,0.0,0.0,0.0,0.0
23.949,4.6455,1.5839,-0.2914,2.6564,65,-0.2271,0.0643,0.5,0.0,0.0,0.0,0.0,0.0,0.0
23.999,4.6455,1.5839,-0.2914,2.6564,65,-0.2271,0.0643,0.5,0.0,0.0,0.0,0.0,0.0,0.0
24.049,4.6455,1.5839,-0.2914,2.6564,65,-0.2271,0.0643,0.5,0.0,0.0,0.0,0.0,0.0,0.0
24.099,4.6455,1.5839,-0.2914,2.6564,65,-0.2271,0.0643,0.5,0.0,0.0,0.0,0.0,0.0,0.0
24.149,4.6455,1.5839,-0.2914,2.6564,65,-0.2271,0.0643,0.5,0.0,0.0,0.0,0.0,0.0,0.0
24.199,4.6455,1.5839,-0.2914,2.6564,65,-0.2271,0.0643,0.5,0.0,0.0,0.0,0.0,0.0,0.0
24.249,4.6455,1.5839,-0.2914,2.6564,65,-0.2271,0.0643,0.5,0.0,0.0,0.0,0.0,0.0,0.0
24.299,4.6455,1.5839,-0.2914,2.6564,65,-0.2271,0.0643,0.5,0.0,0.0,0.0,0.0,0.0,0.0
24.349,4.6455,1.5839,-0.2914,2.6564,65,-0.2271,0.0643,0.5,0.0,0.0,0.0,0.0,0.0,0.0
24.399,4.6455,1.5839,-0.2914,2.6564,65,-0.2271,0.0643,0.5,0.0,0.0,0.0,0.0,0.0,0.0
24.449,4.6455,1.5839,-0.2914,2.6564,65,-0.2271,0.0643,0.5,0.0,0.0,0.0,0.0,0.0,0.0
24.499,4.6455,1.5839,-0.2914,2.6564,65,-0.2271,0.0643,0.5,0.0,0.0,0.0,0.0,0.0,0.0
24.549,4.6455,1.5839,-0.2914,2.6564,65,-0.2271,0.0643,0.5,0.0,0.0,0.0,0.0,0.0,0.0
24.599,4.6455,1.5839,-0.2914,2.6564,65,-0.2271,0.0643,0.5,0.0,0.0,0.0,0.0,0.0,0.0
24.649,4.6455,1.5839,-0.2914,2.6564,65,-0.2271,0.0643,0.5,0.0,0.0,0.0,0.0,0.0,0.0
24.699,4.6455,1.5839,-0.2914,2.6564,65,-0.2271,0.0643,0.5,0.0,0.0,0.0,0.0,0.0,0.0
24.749,4.6455,1.5839,-0.2914,2.6564,65,-0.2271,0.0643,0.5,0.0,0.0,0.0,0.0,0.0,0.0
24.799,4.6455,1.5839,-0.2914,2.6564,65,-0.2271,0.0643,0.5,0.0,0.0,0.0,0.0,0.0,0.0
24.849,4.6455,1.5839,-0.2914,2.6564,65,-0.2271,0.0643,0.5,0.0,0.0,0.0,0.0,0.0,0.0
24.899,4.6455,1.5839,-0.2914,2.6564,65,-0.2271,0.0643,0.5,0.0,0.0,0.0,0.0,0.0,0.0
24.95,4.6455,1.5839,-0.2914,2.6564,65,-0.2434,0.048,0.5,0.0,0.0,0.0,0.0,0.0,0.0
24.999,4.6455,1.5839,-0.2914,2.6564,65,-0.2434,0.048,0.5,0.0,0.0,0.0,0.0,0.0,0.0
25.049,4.6455,1.5839,-0.2914,2.6564,65,-0.2434,0.048,0.5,0.0,0.0,0.0,0.0,0.0,0.0
25.099,4.6455,1.5839,-0.2914,2.6564,65,-0.2434,0.048,0.5,0.0,0.0,0.0,0.0,0.0,0.0
25.149,4.6455,1.5839,-0.2914,2.6564,65,-0.2434,0.048,0.5,0.0,0.0,0.0,0.0,0.0,0.0
25.199,4.6455,1.5839,-0.2914,2.6564,65,-0.2434,0.048,0.5,0.0,0.0,0.0,0.0,0.0,0.0
25.249,4.6455,1.5839,-0.2914,2.6564,65,-0.2434,0.048,0.5,0.0,0.0,0.0,0.0,0.0,0.0
25.299,4.6455,1.5839,-0.2914,2.6564,65,-0.2434,0.048,0.5,0.0,0.0,0.0,0.0,0.0,0.0
25.349,4.6455,1.5839,-0.2914,2.6564,65,-0.2434,0.048,0.5,0.0,0.0,0.0,0.0,0.0,0.0
25.399,4.6455,1.5839,-0.2914,2.6564,65,-0.2434,0.048,0.5,0.0,0.0,0.0,0.0,0.0,0.0
25.449,4.6455,1.5839,-0.2914,2.6564,65,-0.2434,0.048,0.5,0.0,0.0,0.0,0.0,0.0,0.0
25.5,4.6455,1.5839,-0.2914,2.6564,65,-0.2434,0.048,0.5,0.0,0.0,0.0,0.0,0.0,0.0
25.549,4.6455,1.5839,-0.2914,2.6564,65,-0.2434,0.048,0.5,0.0,0.0,0.0,0.0,0.0,0.0
25.599,4.6455,1.5839,-0.2914,2.6564,65,-0.2434,0.048,0.5,0.0,0.0,0.0,0.0,0.0,0.0
25.649,4.6455,1.5839,-0.2914,2.6564,65,-0.2434,0.048,0.5,0.0,0.0,0.0,0.0,0.0,0.0
25.699,4.6455,1.5839,-0.2914,2.6564,65,-0.2434,0.048,0.5,0.0,0.0,0.0,0.0,0.0,0.0
25.749,4.6455,1.5839,-0.2914,2.6564,65,-0.2434,0.048,0.5,0.0,0.0,0.0,0.0,0.0,0.0
25.799,4.6455,1.5839,-0.2914,2.6564,65,-0.2434,0.048,0.5,0.0,0.0,0.0,0.0,0.0,0.0
25.849,4.6455,1.5839,-0.2914,2.6564,65,-0.2434,0.048,0.5,0.0,0.0,0.0,0.0,0.0,0.0
25.899,4.6455,1.5839,-0.2914,2.6564,65,-0.2434,0.048,0.5,0.0,0.0,0.0,0.0,0.0,0.0
25.949,4.6455,1.5839,-0.2914,2.6564,65,-0.2434,0.048,0.5,0.0,0.0,0.0,0.0,0.0,0.0
25.999,4.6455,1.5839,-0.2914,2.6564,65,-0.2434,0.048,0.5,0.0,0.0,0.0,0.0,0.0,0.0
26.049,4.6455,1.5839,-0.2914,2.6564,65,-0.2434,0.048,0.5,0.0,0.0,0.0,0.0,0.0,0.0
26.099,4.6455,1.5839,-0.2914,2.6564,65,-0.2434,0.048,0.5,0.0,0.0,0.0,0.0,0.0,0.0
26.149,4.6455,1.5839,-0.2914,2.6564,65,-0.2434,0.048,0.5,0.0,0.0,0.0,0.0,0.0,0.0
26.199,4.6455,1.5839,-0.2914,2.6564,65,-0.2434,0.048,0.5,0.0,0.0,0.0,0.0,0.0,0.0
26.249,4.6455,1.5839,-0.2914,2.6564,65,-0.2434,0.048,0.5,0.0,0.0,0.0,0.0,0.0,0.0
26.299,4.6455,1.5839,-0.2914,2.6564,65,-0.2434,0.048,0.5,0.0,0.0,0.0,0.0,0.0,0.0
26.349,4.6455,1.5839,-0.2914,2.6564,65,-0.2434,0.048,0.5,0.0,0.0,0.0,0.0,0.0,0.0
26.4,4.6455,1.5839,-0.2914,2.6564,65,-0.2434,0.048,0.5,0.0,0.0,0.0,0.0,0.0,0.0
26.449,4.6455,1.5839,-0.2914,2.6564,65,-0.2434,0.048,0.5,0.0,0.0,0.0,0.0,0.0,0.0
26.499,4.6455,1.5839,-0.2914,2.6564,65,-0.2434,0.048,0.5,0.0,0.0,0.0,0.0,0.0,0.0
26.549,4.6455,1.5839,-0.2914,2.6564,65,-0.2434,0.048,0.5,0.0,0.0,0.0,0.0,0.0,0.0
26.599,4.6455,1.5839,-0.2914,2.6564,65,-0.2434,0.048,0.5,0.0,0.0,0.0,0.0,0.0,0.0
26.649,4.6455,1.5839,-0.2914,2.6564,65,-0.2434,0.048,0.5,0.0,0.0,0.0,0.0,0.0,0.0
26.699,4.6455,1.5839,-0.2914,2.6564,65,-0.2434,0.048,0.5,0.0,0.0,0.0,0.0,0.0,0.0
26.75,4.6455,1.5839,-0.2914,2.6564,65,-0.2434,0.048,0.5,0.0,0.0,0.0,0.0,0.0,0.0
26.799,4.6455,1.5839,-0.2914,2.6564,65,-0.2434,0.048,0.5,0.0,0.0,0.0,0.0,0.0,0.0
26.85,4.6455,1.5839,-0.2914,2.6564,65,-0.2434,0.048,0.5,0.0,0.0,0.0,0.0,0.0,0.0
26.899,4.6455,1.5839,-0.2914,2.6564,65,-0.2434,0.048,0.5,0.0,0.0,0.0,0.0,0.0,0.0
26.949,4.6455,1.5839,-0.2914,2.6564,65,-0.2434,0.048,0.5,0.0,0.0,0.0,0.0,0.0,0.0
26.999,4.6455,1.5839,-0.2914,2.6564,65,-0.2597,0.0316,0.5,0.0,0.0,0.0,0.0,0.0,0.0
27.049,4.6455,1.5839,-0.2914,2.6564,65,-0.2597,0.0316,0.5,0.0,0.0,0.0,0.0,0.0,0.0
27.099,4.6455,1.5839,-0.2914,2.6564,65,-0.2597,0.0316,0.5,0.0,0.0,0.0,0.0,0.0,0.0
27.149,4.6455,1.5839,-0.2914,2.6564,65,-0.2597,0.0316,0.5,0.0,0.0,0.0,0.0,0.0,0.0
27.199,4.6455,1.5839,-0.2914,2.6564,65,-0.2597,0.0316,0.5,0.0,0.0,0.0,0.0,0.0,0.0
27.249,4.6455,1.5839,-0.2914,2.6564,65,-0.2597,0.0316,0.5,0.0,0.0,0.0,0.0,0.0,0.0
27.299,4.6455,1.5839,-0.2914,2.6564,65,-0.2597,0.0316,0.5,0.0,0.0,0.0,0.0,0.0,0.0
27.349,4.6455,1.5839,-0.2914,2.6564,65,-0.2597,0.0316,0.5,0.0,0.0,0.0,0.0,0.0,0.0
27.399,4.6455,1.5839,-0.2914,2.6564,65,-0.2597,0.0316,0.5,0.0,0.0,0.0,0.0,0.0,0.0
27.449,4.6455,1.5839,-0.2914,2.6564,65,-0.2597,0.0316,0.5,0.0,0.0,0.0,0.0,0.0,0.0
27.499,4.6455,1.5839,-0.2914,2.6564,65,-0.2597,0.0316,0.5,0.0,0.0,0.0,0.0,0.0,0.0
27.549,4.6455,1.5839,-0.2914,2.6564,65,-0.2597,0.0316,0.5,0.0,0.0,0.0,0.0,0.0,0.0
27.599,4.6455,1.5839,-0.2914,2.6564,65,-0.2597,0.0316,0.5,0.0,0.0,0.0,0.0,0.0,0.0
27.649,4.6455,1.5839,-0.2914,2.6564,65,-0.2597,0.0316,0.5,0.0,0.0,0.0,0.0,0.0,0.0
27.699,4.6455,1.5839,-0.2914,2.6564,65,-0.2597,0.0316,0.5,0.0,0.0,0.0,0.0,0.0,0.0
27.749,4.6455,1.5839,-0.2914,2.6564,65,-0.2597,0.0316,0.5,0.0,0.0,0.0,0.0,0.0,0.0
27.799,4.6455,1.5839,-0.2914,2.6564,65,-0.2597,0.0316,0.5,0.0,0.0,0.0,0.0,0.0,0.0
27.849,4.6455,1.5839,-0.2914,2.6564,65,-0.2597,0.0316,0.5,0.0,0.0,0.0,0.0,0.0,0.0
27.899,4.6455,1.5839,-0.2914,2.6564,65,-0.2597,0.0316,0.5,0.0,0.0,0.0,0.0,0.0,0.0
27.949,4.6455,1.5839,-0.2914,2.6564,65,-0.2597,0.0316,0.5,0.0,0.0,0.0,0.0,0.0,0.0
27.999,4.6455,1.5839,-0.2914,2.6564,65,-0.2597,0.0316,0.5,0.0,0.0,0.0,0.0,0.0,0.0
28.049,4.6455,1.5839,-0.2914,2.6564,65,-0.2597,0.0316,0.5,0.0,0.0,0.0,0.0,0.0,0.0
28.099,4.6455,1.5839,-0.2914,2.6564,65,-0.2434,0.048,0.5,0.0,0.0,0.0,0.0,0.0,0.0
28.149,4.6455,1.5839,-0.2914,2.6564,65,-0.2434,0.048,0.5,0.0,0.0,0.0,0.0,0.0,0.0
28.199,4.6455,1.5839,-0.2914,2.6564,65,-0.2434,0.048,0.5,0.0,0.0,0.0,0.0,0.0,0.0
28.249,4.6455,1.5839,-0.2914,2.6564,65,-0.2434,0.048,0.5,0.0,0.0,0.0,0.0,0.0,0.0
28.299,4.6455,1.5839,-0.2914,2.6564,65,-0.2434,0.048,0.5,0.0,0.0,0.0,0.0,0.0,0.0
28.349,4.6455,1.5839,-0.2914,2.6564,65,-0.2434,0.048,0.5,0.0,0.0,0.0,0.0,0.0,0.0
28.399,4.6455,1.5839,-0.2914,2.6564,65,-0.2434,0.048,0.5,0.0,0.0,0.0,0.0,0.0,0.0
28.449,4.6455,1.5839,-0.2914,2.6564,65,-0.2434,0.048,0.5,0.0,0.0,0.0,0.0,0.0,0.0
28.499,4.6455,1.5839,-0.2914,2.6564,65,-0.2434,0.048,0.5,0.0,0.0,0.0,0.0,0.0,0.0
28.549,4.6455,1.5839,-0.2914,2.6564,65,-0.2434,0.048,0.5,0.0,0.0,0.0,0.0,0.0,0.0
28.599,4.6455,1.5839,-0.2914,2.6564,65,-0.2434,0.048,0.5,0.0,0.0,0.0,0.0,0.0,0.0
28.649,4.6455,1.5839,-0.2914,2.6564,65,-0.2434,0.048,0.5,0.0,0.0,0.0,0.0,0.0,0.0
28.699,4.6455,1.5839,-0.2914,2.6564,65,-0.2434,0.048,0.5,0.0,0.0,0.0,0.0,0.0,0.0
28.749,4.6455,1.5839,-0.2914,2.6564,65,-0.2434,0.048,0.5,0.0,0.0,0.0,0.0,0.0,0.0
28.799,4.6455,1.5839,-0.2914,2.6564,65,-0.2434,0.048,0.5,0.0,0.0,0.0,0.0,0.0,0.0
28.849,4.6455,1.5839,-0.2914,2.6564,65,-0.2434,0.048,0.5,0.0,0.0,0.0,0.0,0.0,0.0
28.899,4.6455,1.5839,-0.2914,2.6564,65,-0.2434,0.048,0.5,0.0,0.0,0.0,0.0,0.0,0.0
28.949,4.6455,1.5839,-0.2914,2.6564,65,-0.2434,0.048,0.5,0.0,0.0,0.0,0.0,0.0,0.0
28.999,4.6455,1.5839,-0.2914,2.6564,65,-0.2434,0.048,0.5,0.0,0.0,0.0,0.0,0.0,0.0
29.05,4.6455,1.5839,-0.2914,2.6564,65,-0.2434,0.048,0.5,0.0,0.0,0.0,0.0,0.0,0.0
29.099,4.6455,1.5839,-0.2914,2.6564,65,-0.2434,0.048,0.5,0.0,0.0,0.0,0.0,0.0,0.0
29.149,4.6455,1.5839,-0.2914,2.6564,65,-0.2434,0.048,0.5,0.0,0.0,0.0,0.0,0.0,0.0
29.199,4.6455,1.5839,-0.2914,2.6564,65,-0.2434,0.048,0.5,0.0,0.0,0.0,0.0,0.0,0.0
29.249,4.6455,1.5839,-0.2914,2.6564,65,-0.2434,0.048,0.5,0.0,0.0,0.0,0.0,0.0,0.0
29.299,4.6455,1.5839,-0.2914,2.6564,65,-0.2434,0.048,0.5,0.0,0.0,0.0,0.0,0.0,0.0
29.349,4.6455,1.5839,-0.2914,2.6564,65,-0.2434,0.048,0.5,0.0,0.0,0.0,0.0,0.0,0.0
29.399,4.6455,1.5839,-0.2914,2.6564,65,-0.2434,0.048,0.5,0.0,0.0,0.0,0.0,0.0,0.0
29.449,4.6455,1.5839,-0.2914,2.6564,65,-0.2434,0.048,0.5,0.0,0.0,0.0,0.0,0.0,0.0
29.499,4.6455,1.5839,-0.2914,2.6564,65,-0.2434,0.048,0.5,0.0,0.0,0.0,0.0,0.0,0.0
29.549,4.6455,1.5839,-0.2914,2.6564,65,-0.2434,0.048,0.5,0.0,0.0,0.0,0.0,0.0,0.0
29.599,4.6455,1.5839,-0.2914,2.6564,65,-0.2434,0.048,0.5,0.0,0.0,0.0,0.0,0.0,0.0
29.649,4.6455,1.5839,-0.2914,2.6564,65,-0.2434,0.048,0.5,0.0,0.0,0.0,0.0,0.0,0.0
29.701,4.6455,1.5839,-0.2914,2.6564,65,-0.2434,0.048,0.5,0.0,0.0,0.0,0.0,0.0,0.0
29.751,4.6455,1.5839,-0.2914,2.6564,65,-0.2434,0.048,0.5,0.0,0.0,0.0,0.0,0.0,0.0
29.799,4.6455,1.5839,-0.2914,2.6564,65,-0.2434,0.048,0.5,0.0,0.0,0.0,0.0,0.0,0.0
29.849,4.6455,1.5839,-0.2914,2.6564,65,-0.2434,0.048,0.5,0.0,0.0,0.0,0.0,0.0,0.0
29.899,4.6455,1.5839,-0.2914,2.6564,65,-0.2434,0.048,0.5,0.0,0.0,0.0,0.0,0.0,0.0
29.949,4.6455,1.5839,-0.2914,2.6564,65,-0.2434,0.048,0.5,0.0,0.0,0.0,0.0,0.0,0.0
29.999,4.6455,1.5839,-0.2914,2.6564,65,-0.2434,0.048,0.5,0.0,0.0,0.0,0.0,0.0,0.0
30.049,4.6455,1.5839,-0.2914,2.6564,65,-0.2434,0.048,0.5,0.0,0.0,0.0,0.0,0.0,0.0
30.1,4.6455,1.5839,-0.2914,2.6564,65,-0.2434,0.048,0.5,0.0,0.0,0.0,0.0,0.0,0.0
30.149,4.6455,1.5839,-0.2914,2.6564,65,-0.2434,0.048,0.5,0.0,0.0,0.0,0.0,0.0,0.0
30.199,4.6455,1.5839,-0.2914,2.6564,65,-0.2434,0.048,0.5,0.0,0.0,0.0,0.0,0.0,0.0
30.249,4.6455,1.5839,-0.2914,2.6564,65,-0.2434,0.048,0.5,0.0,0.0,0.0,0.0,0.0,0.0
30.299,4.6455,1.5839,-0.2914,2.6564,65,-0.2434,0.048,0.5,0.0,0.0,0.0,0.0,0.0,0.0
30.349,4.6455,1.5839,-0.2914,2.6564,65,-0.2434,0.048,0.5,0.0,0.0,0.0,0.0,0.0,0.0
30.399,4.6455,1.5839,-0.2914,2.6564,65,-0.2434,0.048,0.5,0.0,0.0,0.0,0.0,0.0,0.0
30.449,4.6455,1.5839,-0.2914,2.6564,65,-0.2434,0.048,0.5,0.0,0.0,0.0,0.0,0.0,0.0
30.499,4.6455,1.5839,-0.2914,2.6564,65,-0.2434,0.048,0.5,0.0,0.0,0.0,0.0,0.0,0.0
30.549,4.6455,1.5839,-0.2914,2.6564,65,-0.2434,0.048,0.5,0.0,0.0,0.0,0.0,0.0,0.0
30.599,4.6455,1.5839,-0.2914,2.6564,65,-0.2434,0.048,0.5,0.0,0.0,0.0,0.0,0.0,0.0
30.649,4.6455,1.5839,-0.2914,2.6564,65,-0.2434,0.048,0.5,0.0,0.0,0.0,0.0,0.0,0.0
30.699,4.6455,1.5839,-0.2914,2.6564,65,-0.2434,0.048,0.5,0.0,0.0,0.0,0.0,0.0,0.0
30.749,4.6455,1.5839,-0.2914,2.6564,65,-0.2434,0.048,0.5,0.0,0.0,0.0,0.0,0.0,0.0
30.799,4.6455,1.5839,-0.2914,2.6564,65,-0.2434,0.048,0.5,0.0,0.0,0.0,0.0,0.0,0.0
30.849,4.6455,1.5839,-0.2914,2.6564,65,-0.2434,0.048,0.5,0.0,0.0,0.0,0.0,0.0,0.0
30.899,4.6455,1.5839,-0.2914,2.6564,65,-0.2434,0.048,0.5,0.0,0.0,0.0,0.0,0.0,0.0
30.949,4.6455,1.5839,-0.2914,2.6564,65,-0.2434,0.048,0.5,0.0,0.0,0.0,0.0,0.0,0.0
30.999,4.6455,1.5839,-0.2914,2.6564,65,-0.2434,0.048,0.5,0.0,0.0,0.0,0.0,0.0,0.0
31.049,4.6455,1.5839,-0.2914,2.6564,65,-0.2434,0.048,0.5,0.0,0.0,0.0,0.0,0.0,0.0
31.099,4.6455,1.5839,-0.2914,2.6564,65,-0.2434,0.048,0.5,0.0,0.0,0.0,0.0,0.0,0.0
31.149,4.6455,1.5839,-0.2914,2.6564,65,-0.2434,0.048,0.5,0.0,0.0,0.0,0.0,0.0,0.0
31.199,4.6455,1.5839,-0.2914,2.6564,65,-0.2434,0.048,0.5,0.0,0.0,0.0,0.0,0.0,0.0
31.249,4.6455,1.5839,-0.2914,2.6564,65,-0.2434,0.048,0.5,0.0,0.0,0.0,0.0,0.0,0.0
31.299,4.6455,1.5839,-0.2914,2.6564,65,-0.2434,0.048,0.5,0.0,0.0,0.0,0.0,0.0,0.0
31.349,4.6455,1.5839,-0.2914,2.6564,65,-0.2434,0.048,0.5,0.0,0.0,0.0,0.0,0.0,0.0
31.399,4.6455,1.5839,-0.2914,2.6564,65,-0.2434,0.048,0.5,0.0,0.0,0.0,0.0,0.0,0.0
31.449,4.6455,1.5839,-0.2914,2.6564,65,-0.2434,0.048,0.5,0.0,0.0,0.0,0.0,0.0,0.0
31.499,4.6455,1.5839,-0.2914,2.6564,65,-0.2434,0.048,0.5,0.0,0.0,0.0,0.0,0.0,0.0
31.549,4.6455,1.5839,-0.2914,2.6564,65,-0.2434,0.048,0.5,0.0,0.0,0.0,0.0,0.0,0.0
31.599,4.6455,1.5839,-0.2914,2.6564,65,-0.2434,0.048,0.5,0.0,0.0,0.0,0.0,0.0,0.0
31.649,4.6455,1.5839,-0.2914,2.6564,65,-0.2434,0.048,0.5,0.0,0.0,0.0,0.0,0.0,0.0
31.699,4.6455,1.5839,-0.2914,2.6564,65,-0.2434,0.048,0.5,0.0,0.0,0.0,0.0,0.0,0.0
31.749,4.6455,1.5839,-0.2914,2.6564,65,-0.2434,0.048,0.5,0.0,0.0,0.0,0.0,0.0,0.0
31.799,4.6455,1.5839,-0.2914,2.6564,65,-0.2434,0.048,0.5,0.0,0.0,0.0,0.0,0.0,0.0
31.849,4.6455,1.5839,-0.2914,2.6564,65,-0.2434,0.048,0.5,0.0,0.0,0.0,0.0,0.0,0.0
31.899,4.6455,1.5839,-0.2914,2.6564,65,-0.2434,0.048,0.5,0.0,0.0,0.0,0.0,0.0,0.0
31.949,4.6455,1.5839,-0.2914,2.6564,65,-0.2434,0.048,0.5,0.0,0.0,0.0,0.0,0.0,0.0
31.999,4.6455,1.5839,-0.2914,2.6564,65,-0.2434,0.048,0.5,0.0,0.0,0.0,0.0,0.0,0.0
32.049,4.6455,1.5839,-0.2914,2.6564,65,-0.2434,0.048,0.5,0.0,0.0,0.0,0.0,0.0,0.0
32.099,4.6455,1.5839,-0.2914,2.6564,65,-0.2434,0.048,0.5,0.0,0.0,0.0,0.0,0.0,0.0
32.149,4.6455,1.5839,-0.2914,2.6564,65,-0.2434,0.048,0.5,0.0,0.0,0.0,0.0,0.0,0.0
32.199,4.6455,1.5839,-0.2914,2.6564,65,-0.2434,0.048,0.5,0.0,0.0,0.0,0.0,0.0,0.0
32.249,4.6455,1.5839,-0.2914,2.6564,65,-0.2434,0.048,0.5,0.0,0.0,0.0,0.0,0.0,0.0
32.299,4.6455,1.5839,-0.2914,2.6564,65,-0.2434,0.048,0.5,0.0,0.0,0.0,0.0,0.0,0.0
32.349,4.6455,1.5839,-0.2914,2.6564,65,-0.2434,0.048,0.5,0.0,0.0,0.0,0.0,0.0,0.0
32.399,4.6455,1.5839,-0.2914,2.6564,65,-0.2434,0.048,0.5,0.0,0.0,0.0,0.0,0.0,0.0
32.449,4.6455,1.5839,-0.2914,2.6564,65,-0.2434,0.048,0.5,0.0,0.0,0.0,0.0,0.0,0.0
32.499,4.6455,1.5839,-0.2914,2.6564,65,-0.2434,0.048,0.5,0.0,0.0,0.0,0.0,0.0,0.0
32.549,4.6455,1.5839,-0.2914,2.6564,65,-0.2434,0.048,0.5,0.0,0.0,0.0,0.0,0.0,0.0
32.599,4.6455,1.5839,-0.2914,2.6564,65,-0.2434,0.048,0.5,0.0,0.0,0.0,0.0,0.0,0.0
32.649,4.6455,1.5839,-0.2914,2.6564,65,-0.2434,0.048,0.5,0.0,0.0,0.0,0.0,0.0,0.0
32.699,4.6455,1.5839,-0.2914,2.6564,65,-0.2434,0.048,0.5,0.0,0.0,0.0,0.0,0.0,0.0
32.749,4.6455,1.5839,-0.2914,2.6564,65,-0.2434,0.048,0.5,0.0,0.0,0.0,0.0,0.0,0.0
32.801,4.6455,1.5839,-0.2914,2.6564,65,-0.2434,0.048,0.5,0.0,0.0,0.0,0.0,0.0,0.0
32.849,4.6455,1.5839,-0.2914,2.6564,65,-0.2434,0.048,0.5,0.0,0.0,0.0,0.0,0.0,0.0
32.9,4.6455,1.5839,-0.2914,2.6564,65,-0.2434,0.048,0.5,0.0,0.0,0.0,0.0,0.0,0.0
32.949,4.6455,1.5839,-0.2914,2.6564,65,-0.2434,0.048,0.5,0.0,0.0,0.0,0.0,0.0,0.0
33.0,4.6455,1.5839,-0.2914,2.6564,65,-0.2434,0.048,0.5,0.0,0.0,0.0,0.0,0.0,0.0
33.049,4.6455,1.5839,-0.2914,2.6564,65,-0.2434,0.048,0.5,0.0,0.0,0.0,0.0,0.0,0.0
33.099,4.6455,1.5839,-0.2914,2.6564,65,-0.2434,0.048,0.5,0.0,0.0,0.0,0.0,0.0,0.0
33.149,4.6455,1.5839,-0.2914,2.6564,65,-0.2434,0.048,0.5,0.0,0.0,0.0,0.0,0.0,0.0
33.199,4.6455,1.5839,-0.2914,2.6564,65,-0.2434,0.048,0.5,0.0,0.0,0.0,0.0,0.0,0.0
33.249,4.6455,1.5839,-0.2914,2.6564,65,-0.2434,0.048,0.5,0.0,0.0,0.0,0.0,0.0,0.0
33.299,4.6455,1.5839,-0.2914,2.6564,65,-0.2434,0.048,0.5,0.0,0.0,0.0,0.0,0.0,0.0
33.349,4.6455,1.5839,-0.2914,2.6564,65,-0.2434,0.048,0.5,0.0,0.0,0.0,0.0,0.0,0.0
33.399,4.6455,1.5839,-0.2914,2.6564,65,-0.2434,0.048,0.5,0.0,0.0,0.0,0.0,0.0,0.0
33.449,4.6455,1.5839,-0.2914,2.6564,65,-0.2434,0.048,0.5,0.0,0.0,0.0,0.0,0.0,0.0
33.499,4.6455,1.5839,-0.2914,2.6564,65,-0.2434,0.048,0.5,0.0,0.0,0.0,0.0,0.0,0.0
33.549,4.6455,1.5839,-0.2914,2.6564,65,-0.2434,0.048,0.5,0.0,0.0,0.0,0.0,0.0,0.0
33.599,4.6455,1.5839,-0.2914,2.6564,65,-0.2434,0.048,0.5,0.0,0.0,0.0,0.0,0.0,0.0
33.649,4.6455,1.5839,-0.2914,2.6564,65,-0.2434,0.048,0.5,0.0,0.0,0.0,0.0,0.0,0.0
33.699,4.6455,1.5839,-0.2914,2.6564,65,-0.2434,0.048,0.5,0.0,0.0,0.0,0.0,0.0,0.0
33.749,4.6455,1.5839,-0.2914,2.6564,65,-0.2434,0.048,0.5,0.0,0.0,0.0,0.0,0.0,0.0
33.799,4.6455,1.5839,-0.2914,2.6564,65,-0.2434,0.048,0.5,0.0,0.0,0.0,0.0,0.0,0.0
33.849,4.6455,1.5839,-0.2914,2.6564,65,-0.2434,0.048,0.5,0.0,0.0,0.0,0.0,0.0,0.0
33.899,4.6455,1.5839,-0.2914,2.6564,65,-0.2434,0.048,0.5,0.0,0.0,0.0,0.0,0.0,0.0
33.949,4.6455,1.5839,-0.2914,2.6564,65,-0.2434,0.048,0.5,0.0,0.0,0.0,0.0,0.0,0.0
33.999,4.6455,1.5839,-0.2914,2.6564,65,-0.2434,0.048,0.5,0.0,0.0,0.0,0.0,0.0,0.0
34.049,4.6455,1.5839,-0.2914,2.6564,65,-0.2434,0.048,0.5,0.0,0.0,0.0,0.0,0.0,0.0
34.099,4.6455,1.5839,-0.2914,2.6564,65,-0.2434,0.048,0.5,0.0,0.0,0.0,0.0,0.0,0.0
34.149,4.6455,1.5839,-0.2914,2.6564,65,-0.2434,0.048,0.5,0.0,0.0,0.0,0.0,0.0,0.0
34.199,4.6455,1.5839,-0.2914,2.6564,65,-0.2434,0.048,0.5,0.0,0.0,0.0,0.0,0.0,0.0
34.249,4.6455,1.5839,-0.2914,2.6564,65,-0.2434,0.048,0.5,0.0,0.0,0.0,0.0,0.0,0.0
34.299,4.6455,1.5839,-0.2914,2.6564,65,-0.2434,0.048,0.5,0.0,0.0,0.0,0.0,0.0,0.0
34.349,4.6455,1.5839,-0.2914,2.6564,65,-0.2434,0.048,0.5,0.0,0.0,0.0,0.0,0.0,0.0
34.399,4.6455,1.5839,-0.2914,2.6564,65,-0.2434,0.048,0.5,0.0,0.0,0.0,0.0,0.0,0.0
34.449,4.6455,1.5839,-0.2914,2.6564,65,-0.2434,0.048,0.5,0.0,0.0,0.0,0.0,0.0,0.0
34.5,4.6455,1.5839,-0.2914,2.6564,65,-0.2434,0.048,0.5,0.0,0.0,0.0,0.0,0.0,0.0
34.549,4.6455,1.5839,-0.2914,2.6564,65,-0.2434,0.048,0.5,0.0,0.0,0.0,0.0,0.0,0.0
34.599,4.6455,1.5839,-0.2914,2.6564,65,-0.2434,0.048,0.5,0.0,0.0,0.0,0.0,0.0,0.0
34.649,4.6455,1.5839,-0.2914,2.6564,65,-0.2434,0.048,0.5,0.0,0.0,0.0,0.0,0.0,0.0
34.699,4.6455,1.5839,-0.2914,2.6564,65,-0.2434,0.048,0.5,0.0,0.0,0.0,0.0,0.0,0.0
34.749,4.6455,1.5839,-0.2914,2.6564,65,-0.2434,0.048,0.5,0.0,0.0,0.0,0.0,0.0,0.0
34.799,4.6455,1.5839,-0.2914,2.6564,65,-0.2434,0.048,0.5,0.0,0.0,0.0,0.0,0.0,0.0
34.849,4.6455,1.5839,-0.2914,2.6564,65,-0.2434,0.048,0.5,0.0,0.0,0.0,0.0,0.0,0.0
34.899,4.6455,1.5839,-0.2914,2.6564,65,-0.2434,0.048,0.5,0.0,0.0,0.0,0.0,0.0,0.0
34.949,4.6455,1.5839,-0.2914,2.6564,65,-0.2434,0.048,0.5,0.0,0.0,0.0,0.0,0.0,0.0
34.999,4.6455,1.5839,-0.2914,2.6564,65,-0.2434,0.048,0.5,0.0,0.0,0.0,0.0,0.0,0.0
35.049,4.6455,1.5839,-0.2914,2.6564,65,-0.2434,0.048,0.5,0.0,0.0,0.0,0.0,0.0,0.0
35.099,4.6455,1.5839,-0.2914,2.6564,65,-0.2434,0.048,0.5,0.0,0.0,0.0,0.0,0.0,0.0
35.149,4.6455,1.5839,-0.2914,2.6564,65,-0.2434,0.048,0.5,0.0,0.0,0.0,0.0,0.0,0.0
35.199,4.6455,1.5839,-0.2914,2.6564,65,-0.2434,0.048,0.5,0.0,0.0,0.0,0.0,0.0,0.0
35.252,4.6455,1.5839,-0.2914,2.6564,65,-0.2434,0.048,0.5,0.0,0.0,0.0,0.0,0.0,0.0
35.299,4.6455,1.5839,-0.2914,2.6564,65,-0.2434,0.048,0.5,0.0,0.0,0.0,0.0,0.0,0.0
35.349,4.6455,1.5839,-0.2914,2.6564,65,-0.2434,0.048,0.5,0.0,0.0,0.0,0.0,0.0,0.0
35.4,4.6455,1.5839,-0.2914,2.6564,65,-0.2434,0.048,0.5,0.0,0.0,0.0,0.0,0.0,0.0
35.449,4.6455,1.5839,-0.2914,2.6564,65,-0.2434,0.048,0.5,0.0,0.0,0.0,0.0,0.0,0.0
35.499,4.6455,1.5839,-0.2914,2.6564,65,-0.2434,0.048,0.5,0.0,0.0,0.0,0.0,0.0,0.0
35.549,4.6455,1.5839,-0.2914,2.6564,65,-0.2434,0.048,0.5,0.0,0.0,0.0,0.0,0.0,0.0
35.599,4.6455,1.5839,-0.2914,2.6564,65,-0.2434,0.048,0.5,0.0,0.0,0.0,0.0,0.0,0.0
35.649,4.6455,1.5839,-0.2914,2.6564,65,-0.2434,0.048,0.5,0.0,0.0,0.0,0.0,0.0,0.0
35.699,4.6455,1.5839,-0.2914,2.6564,65,-0.2434,0.048,0.5,0.0,0.0,0.0,0.0,0.0,0.0
35.749,4.6455,1.5839,-0.2914,2.6564,65,-0.2434,0.048,0.5,0.0,0.0,0.0,0.0,0.0,0.0
35.799,4.6455,1.5839,-0.2914,2.6564,65,-0.2434,0.048,0.5,0.0,0.0,0.0,0.0,0.0,0.0
35.849,4.6455,1.5839,-0.2914,2.6564,65,-0.2434,0.048,0.5,0.0,0.0,0.0,0.0,0.0,0.0
35.899,4.6455,1.5839,-0.2914,2.6564,65,-0.2434,0.048,0.5,0.0,0.0,0.0,0.0,0.0,0.0
35.949,4.6455,1.5839,-0.2914,2.6564,65,-0.2434,0.048,0.5,0.0,0.0,0.0,0.0,0.0,0.0
36.001,4.6455,1.5839,-0.2914,2.6564,65,-0.2434,0.048,0.5,0.0,0.0,0.0,0.0,0.0,0.0
36.049,4.6455,1.5839,-0.2914,2.6564,65,-0.2434,0.048,0.5,0.0,0.0,0.0,0.0,0.0,0.0
36.099,4.6455,1.5839,-0.2914,2.6564,65,-0.2434,0.048,0.5,0.0,0.0,0.0,0.0,0.0,0.0
36.15,4.6455,1.5839,-0.2914,2.6564,65,-0.2434,0.048,0.5,0.0,0.0,0.0,0.0,0.0,0.0
36.199,4.6455,1.5839,-0.2914,2.6564,65,-0.2434,0.048,0.5,0.0,0.0,0.0,0.0,0.0,0.0
36.249,4.6455,1.5839,-0.2914,2.6564,65,-0.2434,0.048,0.5,0.0,0.0,0.0,0.0,0.0,0.0
36.299,4.6455,1.5839,-0.2914,2.6564,65,-0.2434,0.048,0.5,0.0,0.0,0.0,0.0,0.0,0.0
36.349,4.6455,1.5839,-0.2914,2.6564,65,-0.2434,0.048,0.5,0.0,0.0,0.0,0.0,0.0,0.0
36.399,4.6455,1.5839,-0.2914,2.6564,65,-0.2434,0.048,0.5,0.0,0.0,0.0,0.0,0.0,0.0
36.449,4.6455,1.5839,-0.2914,2.6564,65,-0.2434,0.048,0.5,0.0,0.0,0.0,0.0,0.0,0.0
36.499,4.6455,1.5839,-0.2914,2.6564,65,-0.2434,0.048,0.5,0.0,0.0,0.0,0.0,0.0,0.0
36.549,4.6455,1.5839,-0.2914,2.6564,65,-0.2434,0.048,0.5,0.0,0.0,0.0,0.0,0.0,0.0
36.599,4.6455,1.5839,-0.2914,2.6564,65,-0.2434,0.048,0.5,0.0,0.0,0.0,0.0,0.0,0.0
36.649,4.6455,1.5839,-0.2914,2.6564,65,-0.2434,0.048,0.5,0.0,0.0,0.0,0.0,0.0,0.0
36.699,4.6455,1.5839,-0.2914,2.6564,65,-0.2434,0.048,0.5,0.0,0.0,0.0,0.0,0.0,0.0
36.749,4.6455,1.5839,-0.2914,2.6564,65,-0.2434,0.048,0.5,0.0,0.0,0.0,0.0,0.0,0.0
36.799,4.6455,1.5839,-0.2914,2.6564,65,-0.2434,0.048,0.5,0.0,0.0,0.0,0.0,0.0,0.0
36.849,4.6455,1.5839,-0.2914,2.6564,65,-0.2434,0.048,0.5,0.0,0.0,0.0,0.0,0.0,0.0
36.899,4.6455,1.5839,-0.2914,2.6564,65,-0.2434,0.048,0.5,0.0,0.0,0.0,0.0,0.0,0.0
36.949,4.6455,1.5839,-0.2914,2.6564,65,-0.2434,0.048,0.5,0.0,0.0,0.0,0.0,0.0,0.0
36.999,4.6455,1.5839,-0.2914,2.6564,65,-0.2434,0.048,0.5,0.0,0.0,0.0,0.0,0.0,0.0
37.05,4.6455,1.5839,-0.2914,2.6564,65,-0.2434,0.048,0.5,0.0,0.0,0.0,0.0,0.0,0.0
37.099,4.6455,1.5839,-0.2914,2.6564,65,-0.2434,0.048,0.5,0.0,0.0,0.0,0.0,0.0,0.0
37.149,4.6455,1.5839,-0.2914,2.6564,65,-0.2434,0.048,0.5,0.0,0.0,0.0,0.0,0.0,0.0
37.199,4.6455,1.5839,-0.2914,2.6564,65,-0.2434,0.048,0.5,0.0,0.0,0.0,0.0,0.0,0.0
37.249,4.6455,1.5839,-0.2914,2.6564,65,-0.2434,0.048,0.5,0.0,0.0,0.0,0.0,0.0,0.0
37.299,4.6455,1.5839,-0.2914,2.6564,65,-0.2434,0.048,0.5,0.0,0.0,0.0,0.0,0.0,0.0
37.349,4.6455,1.5839,-0.2914,2.6564,65,-0.2434,0.048,0.5,0.0,0.0,0.0,0.0,0.0,0.0
37.399,4.6455,1.5839,-0.2914,2.6564,65,-0.2434,0.048,0.5,0.0,0.0,0.0,0.0,0.0,0.0
37.449,4.6455,1.5839,-0.2914,2.6564,65,-0.2434,0.048,0.5,0.0,0.0,0.0,0.0,0.0,0.0
37.499,4.6455,1.5839,-0.2914,2.6564,65,-0.2434,0.048,0.5,0.0,0.0,0.0,0.0,0.0,0.0
37.549,4.6455,1.5839,-0.2914,2.6564,65,-0.2434,0.048,0.5,0.0,0.0,0.0,0.0,0.0,0.0
37.599,4.6455,1.5839,-0.2914,2.6564,65,-0.2434,0.048,0.5,0.0,0.0,0.0,0.0,0.0,0.0
37.649,4.6455,1.5839,-0.2914,2.6564,65,-0.2434,0.048,0.5,0.0,0.0,0.0,0.0,0.0,0.0
37.699,4.6455,1.5839,-0.2914,2.6564,65,-0.2434,0.048,0.5,0.0,0.0,0.0,0.0,0.0,0.0
37.749,4.6455,1.5839,-0.2914,2.6564,65,-0.2434,0.048,0.5,0.0,0.0,0.0,0.0,0.0,0.0
37.799,4.6455,1.5839,-0.2914,2.6564,65,-0.2434,0.048,0.5,0.0,0.0,0.0,0.0,0.0,0.0
37.849,4.6455,1.5839,-0.2914,2.6564,65,-0.2434,0.048,0.5,0.0,0.0,0.0,0.0,0.0,0.0
37.899,4.6455,1.5839,-0.2914,2.6564,65,-0.2434,0.048,0.5,0.0,0.0,0.0,0.0,0.0,0.0
37.949,4.6455,1.5839,-0.2914,2.6564,65,-0.2434,0.048,0.5,0.0,0.0,0.0,0.0,0.0,0.0
37.999,4.6455,1.5839,-0.2914,2.6564,65,-0.2434,0.048,0.5,0.0,0.0,0.0,0.0,0.0,0.0
38.049,4.6455,1.5839,-0.2914,2.6564,65,-0.2434,0.048,0.5,0.0,0.0,0.0,0.0,0.0,0.0
38.099,4.6455,1.5839,-0.2914,2.6564,65,-0.2434,0.048,0.5,0.0,0.0,0.0,0.0,0.0,0.0
38.149,4.6455,1.5839,-0.2914,2.6564,65,-0.2434,0.048,0.5,0.0,0.0,0.0,0.0,0.0,0.0
38.199,4.6455,1.5839,-0.2914,2.6564,65,-0.2434,0.048,0.5,0.0,0.0,0.0,0.0,0.0,0.0
38.249,4.6455,1.5839,-0.2914,2.6564,65,-0.2434,0.048,0.5,0.0,0.0,0.0,0.0,0.0,0.0
38.299,4.6455,1.5839,-0.2914,2.6564,65,-0.2434,0.048,0.5,0.0,0.0,0.0,0.0,0.0,0.0
38.349,4.6455,1.5839,-0.2914,2.6564,65,-0.2434,0.048,0.5,0.0,0.0,0.0,0.0,0.0,0.0
38.4,4.6455,1.5839,-0.2914,2.6564,65,-0.2434,0.048,0.5,0.0,0.0,0.0,0.0,0.0,0.0
38.449,4.6455,1.5839,-0.2914,2.6564,65,-0.2434,0.048,0.5,0.0,0.0,0.0,0.0,0.0,0.0
38.499,4.6455,1.5839,-0.2914,2.6564,65,-0.2434,0.048,0.5,0.0,0.0,0.0,0.0,0.0,0.0
38.549,4.6455,1.5839,-0.2914,2.6564,65,-0.2434,0.048,0.5,0.0,0.0,0.0,0.0,0.0,0.0
38.599,4.6455,1.5839,-0.2914,2.6564,65,-0.2434,0.048,0.5,0.0,0.0,0.0,0.0,0.0,0.0
38.649,4.6455,1.5839,-0.2914,2.6564,65,-0.2434,0.048,0.5,0.0,0.0,0.0,0.0,0.0,0.0
38.699,4.6455,1.5839,-0.2914,2.6564,65,-0.2434,0.048,0.5,0.0,0.0,0.0,0.0,0.0,0.0
38.749,4.6455,1.5839,-0.2914,2.6564,65,-0.2434,0.048,0.5,0.0,0.0,0.0,0.0,0.0,0.0
38.799,4.6455,1.5839,-0.2914,2.6564,65,-0.2434,0.048,0.5,0.0,0.0,0.0,0.0,0.0,0.0
38.849,4.6455,1.5839,-0.2914,2.6564,65,-0.2434,0.048,0.5,0.0,0.0,0.0,0.0,0.0,0.0
38.899,4.6455,1.5839,-0.2914,2.6564,65,-0.2434,0.048,0.5,0.0,0.0,0.0,0.0,0.0,0.0
38.949,4.6455,1.5839,-0.2914,2.6564,65,-0.2434,0.048,0.5,0.0,0.0,0.0,0.0,0.0,0.0
38.999,4.6455,1.5839,-0.2914,2.6564,65,-0.2434,0.048,0.5,0.0,0.0,0.0,0.0,0.0,0.0
39.049,4.6455,1.5839,-0.2914,2.6564,65,-0.2434,0.048,0.5,0.0,0.0,0.0,0.0,0.0,0.0
39.099,4.6455,1.5839,-0.2914,2.6564,65,-0.2434,0.048,0.5,0.0,0.0,0.0,0.0,0.0,0.0
39.149,4.6455,1.5839,-0.2914,2.6564,65,-0.2434,0.048,0.5,0.0,0.0,0.0,0.0,0.0,0.0
39.199,4.6455,1.5839,-0.2914,2.6564,65,-0.2434,0.048,0.5,0.0,0.0,0.0,0.0,0.0,0.0
39.249,4.6455,1.5839,-0.2914,2.6564,65,-0.2434,0.048,0.5,0.0,0.0,0.0,0.0,0.0,0.0
39.299,4.6455,1.5839,-0.2914,2.6564,65,-0.2434,0.048,0.5,0.0,0.0,0.0,0.0,0.0,0.0
39.349,4.6455,1.5839,-0.2914,2.6564,65,-0.2434,0.048,0.5,0.0,0.0,0.0,0.0,0.0,0.0
39.4,4.6455,1.5839,-0.2914,2.6564,65,-0.2434,0.048,0.5,0.0,0.0,0.0,0.0,0.0,0.0
39.449,4.6455,1.5839,-0.2914,2.6564,65,-0.2434,0.048,0.5,0.0,0.0,0.0,0.0,0.0,0.0
39.499,4.6455,1.5839,-0.2914,2.6564,65,-0.2434,0.048,0.5,0.0,0.0,0.0,0.0,0.0,0.0
39.549,4.6455,1.5839,-0.2914,2.6564,65,-0.2434,0.048,0.5,0.0,0.0,0.0,0.0,0.0,0.0
39.599,4.6455,1.5839,-0.2914,2.6564,65,-0.2434,0.048,0.5,0.0,0.0,0.0,0.0,0.0,0.0
39.649,4.6455,1.5839,-0.2914,2.6564,65,-0.2434,0.048,0.5,0.0,0.0,0.0,0.0,0.0,0.0
39.699,4.6455,1.5839,-0.2914,2.6564,65,-0.2434,0.048,0.5,0.0,0.0,0.0,0.0,0.0,0.0
39.749,4.6455,1.5839,-0.2914,2.6564,65,-0.2434,0.048,0.5,0.0,0.0,0.0,0.0,0.0,0.0
39.799,4.6455,1.5839,-0.2914,2.6564,65,-0.2434,0.048,0.5,0.0,0.0,0.0,0.0,0.0,0.0
39.849,4.6455,1.5839,-0.2914,2.6564,65,-0.2434,0.048,0.5,0.0,0.0,0.0,0.0,0.0,0.0
39.899,4.6455,1.5839,-0.2914,2.6564,65,-0.2434,0.048,0.5,0.0,0.0,0.0,0.0,0.0,0.0
39.949,4.6455,1.5839,-0.2914,2.6564,65,-0.2434,0.048,0.5,0.0,0.0,0.0,0.0,0.0,0.0
39.999,4.6455,1.5839,-0.2914,2.6564,65,-0.2434,0.048,0.5,0.0,0.0,0.0,0.0,0.0,0.0
40.049,4.6455,1.5839,-0.2914,2.6564,65,-0.2434,0.048,0.5,0.0,0.0,0.0,0.0,0.0,0.0
40.099,4.6455,1.5839,-0.2914,2.6564,65,-0.2434,0.048,0.5,0.0,0.0,0.0,0.0,0.0,0.0
40.149,4.6455,1.5839,-0.2914,2.6564,65,-0.2434,0.048,0.5,0.0,0.0,0.0,0.0,0.0,0.0
40.199,4.6455,1.5839,-0.2914,2.6564,65,-0.2434,0.048,0.5,0.0,0.0,0.0,0.0,0.0,0.0
40.249,4.6455,1.5839,-0.2914,2.6564,65,-0.2434,0.048,0.5,0.0,0.0,0.0,0.0,0.0,0.0
40.299,4.6455,1.5839,-0.2914,2.6564,65,-0.2434,0.048,0.5,0.0,0.0,0.0,0.0,0.0,0.0
40.349,4.6455,1.5839,-0.2914,2.6564,65,-0.2434,0.048,0.5,0.0,0.0,0.0,0.0,0.0,0.0
40.399,4.6455,1.5839,-0.2914,2.6564,65,-0.2434,0.048,0.5,0.0,0.0,0.0,0.0,0.0,0.0
40.449,4.6455,1.5839,-0.2914,2.6564,65,-0.2434,0.048,0.5,0.0,0.0,0.0,0.0,0.0,0.0
40.499,4.6455,1.5839,-0.2914,2.6564,65,-0.2434,0.048,0.5,0.0,0.0,0.0,0.0,0.0,0.0
40.549,4.6455,1.5839,-0.2914,2.6564,65,-0.2434,0.048,0.5,0.0,0.0,0.0,0.0,0.0,0.0
40.6,4.6455,1.5839,-0.2914,2.6564,65,-0.2434,0.048,0.5,0.0,0.0,0.0,0.0,0.0,0.0
40.649,4.6455,1.5839,-0.2914,2.6564,65,-0.2434,0.048,0.5,0.0,0.0,0.0,0.0,0.0,0.0
40.699,4.6455,1.5839,-0.2914,2.6564,65,-0.2434,0.048,0.5,0.0,0.0,0.0,0.0,0.0,0.0
40.749,4.6455,1.5839,-0.2914,2.6564,65,-0.2434,0.048,0.5,0.0,0.0,0.0,0.0,0.0,0.0
40.8,4.6455,1.5839,-0.2914,2.6564,65,-0.2434,0.048,0.5,0.0,0.0,0.0,0.0,0.0,0.0
40.849,4.6455,1.5839,-0.2914,2.6564,65,-0.2434,0.048,0.5,0.0,0.0,0.0,0.0,0.0,0.0
40.899,4.6455,1.5839,-0.2914,2.6564,65,-0.2434,0.048,0.5,0.0,0.0,0.0,0.0,0.0,0.0
40.949,4.6455,1.5839,-0.2914,2.6564,65,-0.2434,0.048,0.5,0.0,0.0,0.0,0.0,0.0,0.0
40.999,4.6455,1.5839,-0.2914,2.6564,65,-0.2434,0.048,0.5,0.0,0.0,0.0,0.0,0.0,0.0
41.05,4.6455,1.5839,-0.2914,2.6564,65,-0.2434,0.048,0.5,0.0,0.0,0.0,0.0,0.0,0.0
41.099,4.6455,1.5839,-0.2914,2.6564,65,-0.2434,0.048,0.5,0.0,0.0,0.0,0.0,0.0,0.0
41.149,4.6455,1.5839,-0.2914,2.6564,65,-0.2434,0.048,0.5,0.0,0.0,0.0,0.0,0.0,0.0
41.199,4.6455,1.5839,-0.2914,2.6564,65,-0.2434,0.048,0.5,0.0,0.0,0.0,0.0,0.0,0.0
41.249,4.6455,1.5839,-0.2914,2.6564,65,-0.2434,0.048,0.5,0.0,0.0,0.0,0.0,0.0,0.0
41.299,4.6455,1.5839,-0.2914,2.6564,65,-0.2434,0.048,0.5,0.0,0.0,0.0,0.0,0.0,0.0
41.349,4.6455,1.5839,-0.2914,2.6564,65,-0.2434,0.048,0.5,0.0,0.0,0.0,0.0,0.0,0.0
41.399,4.6455,1.5839,-0.2914,2.6564,65,-0.2434,0.048,0.5,0.0,0.0,0.0,0.0,0.0,0.0
41.449,4.6455,1.5839,-0.2914,2.6564,65,-0.2434,0.048,0.5,0.0,0.0,0.0,0.0,0.0,0.0
41.499,4.6455,1.5839,-0.2914,2.6564,65,-0.2434,0.048,0.5,0.0,0.0,0.0,0.0,0.0,0.0
41.549,4.6455,1.5839,-0.2914,2.6564,65,-0.2434,0.048,0.5,0.0,0.0,0.0,0.0,0.0,0.0
41.599,4.6455,1.5839,-0.2914,2.6564,65,-0.2434,0.048,0.5,0.0,0.0,0.0,0.0,0.0,0.0
41.649,4.6455,1.5839,-0.2914,2.6564,65,-0.2434,0.048,0.5,0.0,0.0,0.0,0.0,0.0,0.0
41.699,4.6455,1.5839,-0.2914,2.6564,65,-0.2434,0.048,0.5,0.0,0.0,0.0,0.0,0.0,0.0
41.749,4.6455,1.5839,-0.2914,2.6564,65,-0.2434,0.048,0.5,0.0,0.0,0.0,0.0,0.0,0.0
41.799,4.6455,1.5839,-0.2914,2.6564,65,-0.2434,0.048,0.5,0.0,0.0,0.0,0.0,0.0,0.0
41.849,4.6455,1.5839,-0.2914,2.6564,65,-0.2434,0.048,0.5,0.0,0.0,0.0,0.0,0.0,0.0
41.899,4.6455,1.5839,-0.2914,2.6564,65,-0.2434,0.048,0.5,0.0,0.0,0.0,0.0,0.0,0.0
41.949,4.6455,1.5839,-0.2914,2.6564,65,-0.2434,0.048,0.5,0.0,0.0,0.0,0.0,0.0,0.0
42.0,4.6455,1.5839,-0.2914,2.6564,65,-0.2434,0.048,0.5,0.0,0.0,0.0,0.0,0.0,0.0
42.049,4.6455,1.5839,-0.2914,2.6564,65,-0.2434,0.048,0.5,0.0,0.0,0.0,0.0,0.0,0.0
42.099,4.6455,1.5839,-0.2914,2.6564,65,-0.2434,0.048,0.5,0.0,0.0,0.0,0.0,0.0,0.0
42.149,4.6455,1.5839,-0.2914,2.6564,65,-0.2434,0.048,0.5,0.0,0.0,0.0,0.0,0.0,0.0
42.2,4.6455,1.5839,-0.2914,2.6564,65,-0.2434,0.048,0.5,0.0,0.0,0.0,0.0,0.0,0.0
42.249,4.6455,1.5839,-0.2914,2.6564,65,-0.2434,0.048,0.5,0.0,0.0,0.0,0.0,0.0,0.0
42.299,4.6455,1.5839,-0.2914,2.6564,65,-0.2434,0.048,0.5,0.0,0.0,0.0,0.0,0.0,0.0
42.349,4.6455,1.5839,-0.2914,2.6564,65,-0.2434,0.048,0.5,0.0,0.0,0.0,0.0,0.0,0.0
42.4,4.6455,1.5839,-0.2914,2.6564,65,-0.2434,0.048,0.5,0.0,0.0,0.0,0.0,0.0,0.0
42.449,4.6455,1.5839,-0.2914,2.6564,65,-0.2434,0.048,0.5,0.0,0.0,0.0,0.0,0.0,0.0
42.5,4.6455,1.5839,-0.2914,2.6564,65,-0.2434,0.048,0.5,0.0,0.0,0.0,0.0,0.0,0.0
42.549,4.6455,1.5839,-0.2914,2.6564,65,-0.2434,0.048,0.5,0.0,0.0,0.0,0.0,0.0,0.0
42.599,4.6455,1.5839,-0.2914,2.6564,65,-0.2434,0.048,0.5,0.0,0.0,0.0,0.0,0.0,0.0
42.649,4.6455,1.5839,-0.2914,2.6564,65,-0.2434,0.048,0.5,0.0,0.0,0.0,0.0,0.0,0.0
42.699,4.6455,1.5839,-0.2914,2.6564,65,-0.2434,0.048,0.5,0.0,0.0,0.0,0.0,0.0,0.0
42.749,4.6455,1.5839,-0.2914,2.6564,65,-0.2434,0.048,0.5,0.0,0.0,0.0,0.0,0.0,0.0
42.799,4.6455,1.5839,-0.2914,2.6564,65,-0.2434,0.048,0.5,0.0,0.0,0.0,0.0,0.0,0.0
42.849,4.6455,1.5839,-0.2914,2.6564,65,-0.2434,0.048,0.5,0.0,0.0,0.0,0.0,0.0,0.0
42.899,4.6455,1.5839,-0.2914,2.6564,65,-0.2434,0.048,0.5,0.0,0.0,0.0,0.0,0.0,0.0
42.949,4.6455,1.5839,-0.2914,2.6564,65,-0.2434,0.048,0.5,0.0,0.0,0.0,0.0,0.0,0.0
42.999,4.6455,1.5839,-0.2914,2.6564,65,-0.2434,0.048,0.5,0.0,0.0,0.0,0.0,0.0,0.0
43.049,4.6455,1.5839,-0.2914,2.6564,65,-0.2434,0.048,0.5,0.0,0.0,0.0,0.0,0.0,0.0
43.099,4.6455,1.5839,-0.2914,2.6564,65,-0.2434,0.048,0.5,0.0,0.0,0.0,0.0,0.0,0.0
43.149,4.6455,1.5839,-0.2914,2.6564,65,-0.2434,0.048,0.5,0.0,0.0,0.0,0.0,0.0,0.0
43.199,4.6455,1.5839,-0.2914,2.6564,65,-0.2434,0.048,0.5,0.0,0.0,0.0,0.0,0.0,0.0
43.249,4.6455,1.5839,-0.2914,2.6564,65,-0.2434,0.048,0.5,0.0,0.0,0.0,0.0,0.0,0.0
43.299,4.6455,1.5839,-0.2914,2.6564,65,-0.2434,0.048,0.5,0.0,0.0,0.0,0.0,0.0,0.0
43.349,4.6455,1.5839,-0.2914,2.6564,65,-0.2434,0.048,0.5,0.0,0.0,0.0,0.0,0.0,0.0
43.399,4.6455,1.5839,-0.2914,2.6564,65,-0.2434,0.048,0.5,0.0,0.0,0.0,0.0,0.0,0.0
43.449,4.6455,1.5839,-0.2914,2.6564,65,-0.2434,0.048,0.5,0.0,0.0,0.0,0.0,0.0,0.0
43.499,4.6455,1.5839,-0.2914,2.6564,65,-0.2434,0.048,0.5,0.0,0.0,0.0,0.0,0.0,0.0
43.552,4.6455,1.5839,-0.2914,2.6564,65,-0.2434,0.048,0.5,0.0,0.0,0.0,0.0,0.0,0.0
43.599,4.6455,1.5839,-0.2914,2.6564,65,-0.2434,0.048,0.5,0.0,0.0,0.0,0.0,0.0,0.0
43.649,4.6455,1.5839,-0.2914,2.6564,65,-0.2434,0.048,0.5,0.0,0.0,0.0,0.0,0.0,0.0
43.699,4.6455,1.5839,-0.2914,2.6564,65,-0.2434,0.048,0.5,0.0,0.0,0.0,0.0,0.0,0.0
43.749,4.6455,1.5839,-0.2914,2.6564,65,-0.2434,0.048,0.5,0.0,0.0,0.0,0.0,0.0,0.0
43.799,4.6455,1.5839,-0.2914,2.6564,65,-0.2434,0.048,0.5,0.0,0.0,0.0,0.0,0.0,0.0
43.849,4.6455,1.5839,-0.2914,2.6564,65,-0.2434,0.048,0.5,0.0,0.0,0.0,0.0,0.0,0.0
43.899,4.6455,1.5839,-0.2914,2.6564,65,-0.2434,0.048,0.5,0.0,0.0,0.0,0.0,0.0,0.0
43.949,4.6455,1.5839,-0.2914,2.6564,65,-0.2434,0.048,0.5,0.0,0.0,0.0,0.0,0.0,0.0
43.999,4.6455,1.5839,-0.2914,2.6564,65,-0.2434,0.048,0.5,0.0,0.0,0.0,0.0,0.0,0.0
44.049,4.6455,1.5839,-0.2914,2.6564,65,-0.2434,0.048,0.5,0.0,0.0,0.0,0.0,0.0,0.0
44.099,4.6455,1.5839,-0.2914,2.6564,65,-0.2434,0.048,0.5,0.0,0.0,0.0,0.0,0.0,0.0
44.149,4.6455,1.5839,-0.2914,2.6564,65,-0.2434,0.048,0.5,0.0,0.0,0.0,0.0,0.0,0.0
44.199,4.6455,1.5839,-0.2914,2.6564,65,-0.2434,0.048,0.5,0.0,0.0,0.0,0.0,0.0,0.0
44.249,4.6455,1.5839,-0.2914,2.6564,65,-0.2434,0.048,0.5,0.0,0.0,0.0,0.0,0.0,0.0
44.299,4.6455,1.5839,-0.2914,2.6564,65,-0.2434,0.048,0.5,0.0,0.0,0.0,0.0,0.0,0.0
44.349,4.6455,1.5839,-0.2914,2.6564,65,-0.2434,0.048,0.5,0.0,0.0,0.0,0.0,0.0,0.0
44.399,4.6455,1.5839,-0.2914,2.6564,65,-0.2434,0.048,0.5,0.0,0.0,0.0,0.0,0.0,0.0
44.449,4.6455,1.5839,-0.2914,2.6564,65,-0.2434,0.048,0.5,0.0,0.0,0.0,0.0,0.0,0.0
44.499,4.6455,1.5839,-0.2914,2.6564,65,-0.2434,0.048,0.5,0.0,0.0,0.0,0.0,0.0,0.0
44.549,4.6455,1.5839,-0.2914,2.6564,65,-0.2434,0.048,0.5,0.0,0.0,0.0,0.0,0.0,0.0
44.599,4.6455,1.5839,-0.2914,2.6564,65,-0.2434,0.048,0.5,0.0,0.0,0.0,0.0,0.0,0.0
44.65,4.6455,1.5839,-0.2914,2.6564,65,-0.2434,0.048,0.5,0.0,0.0,0.0,0.0,0.0,0.0
44.699,4.6455,1.5839,-0.2914,2.6564,65,-0.2434,0.048,0.5,0.0,0.0,0.0,0.0,0.0,0.0
44.75,4.6455,1.5839,-0.2914,2.6564,65,-0.2434,0.048,0.5,0.0,0.0,0.0,0.0,0.0,0.0
44.8,4.6455,1.5839,-0.2914,2.6564,65,-0.2434,0.048,0.5,0.0,0.0,0.0,0.0,0.0,0.0
44.85,4.6455,1.5839,-0.2914,2.6564,65,-0.2434,0.048,0.5,0.0,0.0,0.0,0.0,0.0,0.0
44.899,4.6455,1.5839,-0.2914,2.6564,65,-0.2434,0.048,0.5,0.0,0.0,0.0,0.0,0.0,0.0
44.949,4.6455,1.5839,-0.2914,2.6564,65,-0.2434,0.048,0.5,0.0,0.0,0.0,0.0,0.0,0.0
44.999,4.6455,1.5839,-0.2914,2.6564,65,-0.2434,0.048,0.5,0.0,0.0,0.0,0.0,0.0,0.0
45.049,4.6455,1.5839,-0.2914,2.6564,65,-0.2434,0.048,0.5,0.0,0.0,0.0,0.0,0.0,0.0
45.099,4.6455,1.5839,-0.2914,2.6564,65,-0.2434,0.048,0.5,0.0,0.0,0.0,0.0,0.0,0.0
45.149,4.6455,1.5839,-0.2914,2.6564,65,-0.2434,0.048,0.5,0.0,0.0,0.0,0.0,0.0,0.0
45.199,4.6455,1.5839,-0.2914,2.6564,65,-0.2434,0.048,0.5,0.0,0.0,0.0,0.0,0.0,0.0
45.249,4.6455,1.5839,-0.2914,2.6564,65,-0.2434,0.048,0.5,0.0,0.0,0.0,0.0,0.0,0.0
45.299,4.6455,1.5839,-0.2914,2.6564,65,-0.2434,0.048,0.5,0.0,0.0,0.0,0.0,0.0,0.0
45.349,4.6455,1.5839,-0.2914,2.6564,65,-0.2434,0.048,0.5,0.0,0.0,0.0,0.0,0.0,0.0
45.399,4.6455,1.5839,-0.2914,2.6564,65,-0.2434,0.048,0.5,0.0,0.0,0.0,0.0,0.0,0.0
45.449,4.6455,1.5839,-0.2914,2.6564,65,-0.2434,0.048,0.5,0.0,0.0,0.0,0.0,0.0,0.0
45.499,4.6455,1.5839,-0.2914,2.6564,65,-0.2434,0.048,0.5,0.0,0.0,0.0,0.0,0.0,0.0
45.549,4.6455,1.5839,-0.2914,2.6564,65,-0.2434,0.048,0.5,0.0,0.0,0.0,0.0,0.0,0.0
45.599,4.6455,1.5839,-0.2914,2.6564,65,-0.2434,0.048,0.5,0.0,0.0,0.0,0.0,0.0,0.0
45.649,4.6455,1.5839,-0.2914,2.6564,65,-0.2434,0.048,0.5,0.0,0.0,0.0,0.0,0.0,0.0
45.699,4.6455,1.5839,-0.2914,2.6564,65,-0.2434,0.048,0.5,0.0,0.0,0.0,0.0,0.0,0.0
45.749,4.6455,1.5839,-0.2914,2.6564,65,-0.2434,0.048,0.5,0.0,0.0,0.0,0.0,0.0,0.0
45.799,4.6455,1.5839,-0.2914,2.6564,65,-0.2434,0.048,0.5,0.0,0.0,0.0,0.0,0.0,0.0
45.849,4.6455,1.5839,-0.2914,2.6564,65,-0.2434,0.048,0.5,0.0,0.0,0.0,0.0,0.0,0.0
45.899,4.6455,1.5839,-0.2914,2.6564,65,-0.2434,0.048,0.5,0.0,0.0,0.0,0.0,0.0,0.0
45.949,4.6455,1.5839,-0.2914,2.6564,65,-0.2434,0.048,0.5,0.0,0.0,0.0,0.0,0.0,0.0
46.0,4.6455,1.5839,-0.2914,2.6564,65,-0.2434,0.048,0.5,0.0,0.0,0.0,0.0,0.0,0.0
46.05,4.6455,1.5839,-0.2914,2.6564,65,-0.2434,0.048,0.5,0.0,0.0,0.0,0.0,0.0,0.0
46.099,4.6455,1.5839,-0.2914,2.6564,65,-0.2434,0.048,0.5,0.0,0.0,0.0,0.0,0.0,0.0
46.149,4.6455,1.5839,-0.2914,2.6564,65,-0.2434,0.048,0.5,0.0,0.0,0.0,0.0,0.0,0.0
46.199,4.6455,1.5839,-0.2914,2.6564,65,-0.2434,0.048,0.5,0.0,0.0,0.0,0.0,0.0,0.0
46.249,4.6455,1.5839,-0.2914,2.6564,65,-0.2434,0.048,0.5,0.0,0.0,0.0,0.0,0.0,0.0
46.299,4.6455,1.5839,-0.2914,2.6564,65,-0.2434,0.048,0.5,0.0,0.0,0.0,0.0,0.0,0.0
46.349,4.6455,1.5839,-0.2914,2.6564,65,-0.2434,0.048,0.5,0.0,0.0,0.0,0.0,0.0,0.0
46.399,4.6455,1.5839,-0.2914,2.6564,65,-0.2434,0.048,0.5,0.0,0.0,0.0,0.0,0.0,0.0
46.449,4.6455,1.5839,-0.2914,2.6564,65,-0.2434,0.048,0.5,0.0,0.0,0.0,0.0,0.0,0.0
46.5,4.6455,1.5839,-0.2914,2.6564,65,-0.2434,0.048,0.5,0.0,0.0,0.0,0.0,0.0,0.0
46.55,4.6455,1.5839,-0.2914,2.6564,65,-0.2434,0.048,0.5,0.0,0.0,0.0,0.0,0.0,0.0
46.599,4.6455,1.5839,-0.2914,2.6564,65,-0.2434,0.048,0.5,0.0,0.0,0.0,0.0,0.0,0.0
46.65,4.6455,1.5839,-0.2914,2.6564,65,-0.2434,0.048,0.5,0.0,0.0,0.0,0.0,0.0,0.0
46.699,4.6455,1.5839,-0.2914,2.6564,65,-0.2434,0.048,0.5,0.0,0.0,0.0,0.0,0.0,0.0
46.749,4.6455,1.5839,-0.2914,2.6564,65,-0.2434,0.048,0.5,0.0,0.0,0.0,0.0,0.0,0.0
46.799,4.6455,1.5839,-0.2914,2.6564,65,-0.2434,0.048,0.5,0.0,0.0,0.0,0.0,0.0,0.0
46.849,4.6455,1.5839,-0.2914,2.6564,65,-0.2434,0.048,0.5,0.0,0.0,0.0,0.0,0.0,0.0
46.899,4.6455,1.5839,-0.2914,2.6564,65,-0.2434,0.048,0.5,0.0,0.0,0.0,0.0,0.0,0.0
46.95,4.6455,1.5839,-0.2914,2.6564,65,-0.2434,0.048,0.5,0.0,0.0,0.0,0.0,0.0,0.0
46.999,4.6455,1.5839,-0.2914,2.6564,65,-0.2434,0.048,0.5,0.0,0.0,0.0,0.0,0.0,0.0
47.049,4.6455,1.5839,-0.2914,2.6564,65,-0.2434,0.048,0.5,0.0,0.0,0.0,0.0,0.0,0.0
47.099,4.6455,1.5839,-0.2914,2.6564,65,-0.2434,0.048,0.5,0.0,0.0,0.0,0.0,0.0,0.0
47.149,4.6455,1.5839,-0.2914,2.6564,65,-0.2434,0.048,0.5,0.0,0.0,0.0,0.0,0.0,0.0
47.199,4.6455,1.5839,-0.2914,2.6564,65,-0.2434,0.048,0.5,0.0,0.0,0.0,0.0,0.0,0.0
47.249,4.6455,1.5839,-0.2914,2.6564,65,-0.2434,0.048,0.5,0.0,0.0,0.0,0.0,0.0,0.0
47.3,4.6455,1.5839,-0.2914,2.6564,65,-0.2434,0.048,0.5,0.0,0.0,0.0,0.0,0.0,0.0
47.349,4.6455,1.5839,-0.2914,2.6564,65,-0.2434,0.048,0.5,0.0,0.0,0.0,0.0,0.0,0.0
47.399,4.6455,1.5839,-0.2914,2.6564,65,-0.2434,0.048,0.5,0.0,0.0,0.0,0.0,0.0,0.0
47.449,4.6455,1.5839,-0.2914,2.6564,65,-0.2434,0.048,0.5,0.0,0.0,0.0,0.0,0.0,0.0
47.499,4.6455,1.5839,-0.2914,2.6564,65,-0.2434,0.048,0.5,0.0,0.0,0.0,0.0,0.0,0.0
47.549,4.6455,1.5839,-0.2914,2.6564,65,-0.2434,0.048,0.5,0.0,0.0,0.0,0.0,0.0,0.0
47.599,4.6455,1.5839,-0.2914,2.6564,65,-0.2434,0.048,0.5,0.0,0.0,0.0,0.0,0.0,0.0
47.649,4.6455,1.5839,-0.2914,2.6564,65,-0.2434,0.048,0.5,0.0,0.0,0.0,0.0,0.0,0.0
47.699,4.6455,1.5839,-0.2914,2.6564,65,-0.2434,0.048,0.5,0.0,0.0,0.0,0.0,0.0,0.0
47.749,4.6455,1.5839,-0.2914,2.6564,65,-0.2434,0.048,0.5,0.0,0.0,0.0,0.0,0.0,0.0
47.799,4.6455,1.5839,-0.2914,2.6564,65,-0.2434,0.048,0.5,0.0,0.0,0.0,0.0,0.0,0.0
47.849,4.6455,1.5839,-0.2914,2.6564,65,-0.2434,0.048,0.5,0.0,0.0,0.0,0.0,0.0,0.0
47.899,4.6455,1.5839,-0.2914,2.6564,65,-0.2434,0.048,0.5,0.0,0.0,0.0,0.0,0.0,0.0
47.949,4.6455,1.5839,-0.2914,2.6564,65,-0.2434,0.048,0.5,0.0,0.0,0.0,0.0,0.0,0.0
47.999,4.6455,1.5839,-0.2914,2.6564,65,-0.2434,0.048,0.5,0.0,0.0,0.0,0.0,0.0,0.0
48.049,4.6455,1.5839,-0.2914,2.6564,65,-0.2434,0.048,0.5,0.0,0.0,0.0,0.0,0.0,0.0
48.099,4.6455,1.5839,-0.2914,2.6564,65,-0.2434,0.048,0.5,0.0,0.0,0.0,0.0,0.0,0.0
48.149,4.6455,1.5839,-0.2914,2.6564,65,-0.2434,0.048,0.5,0.0,0.0,0.0,0.0,0.0,0.0
48.199,4.6455,1.5839,-0.2914,2.6564,65,-0.2434,0.048,0.5,0.0,0.0,0.0,0.0,0.0,0.0
48.249,4.6455,1.5839,-0.2914,2.6564,65,-0.2434,0.048,0.5,0.0,0.0,0.0,0.0,0.0,0.0
48.299,4.6455,1.5839,-0.2914,2.6564,65,-0.2434,0.048,0.5,0.0,0.0,0.0,0.0,0.0,0.0
48.349,4.6455,1.5839,-0.2914,2.6564,65,-0.2434,0.048,0.5,0.0,0.0,0.0,0.0,0.0,0.0
48.399,4.6455,1.5839,-0.2914,2.6564,65,-0.2434,0.048,0.5,0.0,0.0,0.0,0.0,0.0,0.0
48.449,4.6455,1.5839,-0.2914,2.6564,65,-0.2434,0.048,0.5,0.0,0.0,0.0,0.0,0.0,0.0
48.499,4.6455,1.5839,-0.2914,2.6564,65,-0.2434,0.048,0.5,0.0,0.0,0.0,0.0,0.0,0.0
48.549,4.6455,1.5839,-0.2914,2.6564,65,-0.2434,0.048,0.5,0.0,0.0,0.0,0.0,0.0,0.0
48.599,4.6455,1.5839,-0.2914,2.6564,65,-0.2434,0.048,0.5,0.0,0.0,0.0,0.0,0.0,0.0
48.649,4.6455,1.5839,-0.2914,2.6564,65,-0.2434,0.048,0.5,0.0,0.0,0.0,0.0,0.0,0.0
48.699,4.6455,1.5839,-0.2914,2.6564,65,-0.2434,0.048,0.5,0.0,0.0,0.0,0.0,0.0,0.0
48.749,4.6455,1.5839,-0.2914,2.6564,65,-0.2434,0.048,0.5,0.0,0.0,0.0,0.0,0.0,0.0
48.799,4.6455,1.5839,-0.2914,2.6564,65,-0.2434,0.048,0.5,0.0,0.0,0.0,0.0,0.0,0.0
48.849,4.6455,1.5839,-0.2914,2.6564,65,-0.2434,0.048,0.5,0.0,0.0,0.0,0.0,0.0,0.0
48.899,4.6455,1.5839,-0.2914,2.6564,65,-0.2434,0.048,0.5,0.0,0.0,0.0,0.0,0.0,0.0
48.949,4.6455,1.5839,-0.2914,2.6564,65,-0.2434,0.048,0.5,0.0,0.0,0.0,0.0,0.0,0.0
48.999,4.6455,1.5839,-0.2914,2.6564,65,-0.2434,0.048,0.5,0.0,0.0,0.0,0.0,0.0,0.0
49.049,4.6455,1.5839,-0.2914,2.6564,65,-0.2434,0.048,0.5,0.0,0.0,0.0,0.0,0.0,0.0
49.099,4.6455,1.5839,-0.2914,2.6564,65,-0.2434,0.048,0.5,0.0,0.0,0.0,0.0,0.0,0.0
49.149,4.6455,1.5839,-0.2914,2.6564,65,-0.2434,0.048,0.5,0.0,0.0,0.0,0.0,0.0,0.0
49.199,4.6455,1.5839,-0.2914,2.6564,65,-0.2434,0.048,0.5,0.0,0.0,0.0,0.0,0.0,0.0
49.249,4.6455,1.5839,-0.2914,2.6564,65,-0.2434,0.048,0.5,0.0,0.0,0.0,0.0,0.0,0.0
49.299,4.6455,1.5839,-0.2914,2.6564,65,-0.2434,0.048,0.5,0.0,0.0,0.0,0.0,0.0,0.0
49.349,4.6455,1.5839,-0.2914,2.6564,65,-0.2434,0.048,0.5,0.0,0.0,0.0,0.0,0.0,0.0
49.399,4.6455,1.5839,-0.2914,2.6564,65,-0.2434,0.048,0.5,0.0,0.0,0.0,0.0,0.0,0.0
49.449,4.6455,1.5839,-0.2914,2.6564,65,-0.2434,0.048,0.5,0.0,0.0,0.0,0.0,0.0,0.0
49.499,4.6455,1.5839,-0.2914,2.6564,65,-0.2434,0.048,0.5,0.0,0.0,0.0,0.0,0.0,0.0
49.549,4.6455,1.5839,-0.2914,2.6564,65,-0.2434,0.048,0.5,0.0,0.0,0.0,0.0,0.0,0.0
49.599,4.6455,1.5839,-0.2914,2.6564,65,-0.2434,0.048,0.5,0.0,0.0,0.0,0.0,0.0,0.0
49.65,4.6455,1.5839,-0.2914,2.6564,65,-0.2434,0.048,0.5,0.0,0.0,0.0,0.0,0.0,0.0
49.699,4.6455,1.5839,-0.2914,2.6564,65,-0.2434,0.048,0.5,0.0,0.0,0.0,0.0,0.0,0.0
49.749,4.6455,1.5839,-0.2914,2.6564,65,-0.2434,0.048,0.5,0.0,0.0,0.0,0.0,0.0,0.0
49.799,4.6455,1.5839,-0.2914,2.6564,65,-0.2434,0.048,0.5,0.0,0.0,0.0,0.0,0.0,0.0
49.849,4.6455,1.5839,-0.2914,2.6564,65,-0.2434,0.048,0.5,0.0,0.0,0.0,0.0,0.0,0.0
49.899,4.6455,1.5839,-0.2914,2.6564,65,-0.2434,0.048,0.5,0.0,0.0,0.0,0.0,0.0,0.0
49.949,4.6455,1.5839,-0.2914,2.6564,65,-0.2434,0.048,0.5,0.0,0.0,0.0,0.0,0.0,0.0
49.999,4.6455,1.5839,-0.2914,2.6564,65,-0.2434,0.048,0.5,0.0,0.0,0.0,0.0,0.0,0.0
50.049,4.6455,1.5839,-0.2914,2.6564,65,-0.2434,0.048,0.5,0.0,0.0,0.0,0.0,0.0,0.0
50.099,4.6455,1.5839,-0.2914,2.6564,65,-0.2434,0.048,0.5,0.0,0.0,0.0,0.0,0.0,0.0
50.149,4.6455,1.5839,-0.2914,2.6564,65,-0.2434,0.048,0.5,0.0,0.0,0.0,0.0,0.0,0.0
50.199,4.6455,1.5839,-0.2914,2.6564,65,-0.2434,0.048,0.5,0.0,0.0,0.0,0.0,0.0,0.0
50.25,4.6455,1.5839,-0.2914,2.6564,65,-0.2434,0.048,0.5,0.0,0.0,0.0,0.0,0.0,0.0
50.3,4.6455,1.5839,-0.2914,2.6564,65,-0.2434,0.048,0.5,0.0,0.0,0.0,0.0,0.0,0.0
50.349,4.6455,1.5839,-0.2914,2.6564,65,-0.2434,0.048,0.5,0.0,0.0,0.0,0.0,0.0,0.0
50.399,4.6455,1.5839,-0.2914,2.6564,65,-0.2434,0.048,0.5,0.0,0.0,0.0,0.0,0.0,0.0
50.45,4.6455,1.5839,-0.2914,2.6564,65,-0.2434,0.048,0.5,0.0,0.0,0.0,0.0,0.0,0.0
50.499,4.6455,1.5839,-0.2914,2.6564,65,-0.2434,0.048,0.5,0.0,0.0,0.0,0.0,0.0,0.0
50.549,4.6455,1.5839,-0.2914,2.6564,65,-0.2434,0.048,0.5,0.0,0.0,0.0,0.0,0.0,0.0
50.599,4.6455,1.5839,-0.2914,2.6564,65,-0.2434,0.048,0.5,0.0,0.0,0.0,0.0,0.0,0.0
50.65,4.6455,1.5839,-0.2914,2.6564,65,-0.2434,0.048,0.5,0.0,0.0,0.0,0.0,0.0,0.0
50.699,4.6455,1.5839,-0.2914,2.6564,65,-0.2434,0.048,0.5,0.0,0.0,0.0,0.0,0.0,0.0
50.749,4.6455,1.5839,-0.2914,2.6564,65,-0.2434,0.048,0.5,0.0,0.0,0.0,0.0,0.0,0.0
50.799,4.6455,1.5839,-0.2914,2.6564,65,-0.2434,0.048,0.5,0.0,0.0,0.0,0.0,0.0,0.0
50.849,4.6455,1.5839,-0.2914,2.6564,65,-0.2434,0.048,0.5,0.0,0.0,0.0,0.0,0.0,0.0
50.899,4.6455,1.5839,-0.2914,2.6564,65,-0.2434,0.048,0.5,0.0,0.0,0.0,0.0,0.0,0.0
50.949,4.6455,1.5839,-0.2914,2.6564,65,-0.2434,0.048,0.5,0.0,0.0,0.0,0.0,0.0,0.0
50.999,4.6455,1.5839,-0.2914,2.6564,65,-0.2434,0.048,0.5,0.0,0.0,0.0,0.0,0.0,0.0
51.049,4.6455,1.5839,-0.2914,2.6564,65,-0.2434,0.048,0.5,0.0,0.0,0.0,0.0,0.0,0.0
51.099,4.6455,1.5839,-0.2914,2.6564,65,-0.2434,0.048,0.5,0.0,0.0,0.0,0.0,0.0,0.0
51.149,4.6455,1.5839,-0.2914,2.6564,65,-0.2434,0.048,0.5,0.0,0.0,0.0,0.0,0.0,0.0
51.199,4.6455,1.5839,-0.2914,2.6564,65,-0.2434,0.048,0.5,0.0,0.0,0.0,0.0,0.0,0.0
51.249,4.6455,1.5839,-0.2914,2.6564,65,-0.2434,0.048,0.5,0.0,0.0,0.0,0.0,0.0,0.0
51.299,4.6455,1.5839,-0.2914,2.6564,65,-0.2434,0.048,0.5,0.0,0.0,0.0,0.0,0.0,0.0
51.35,4.6455,1.5839,-0.2914,2.6564,65,-0.2434,0.048,0.5,0.0,0.0,0.0,0.0,0.0,0.0
51.399,4.6455,1.5839,-0.2914,2.6564,65,-0.2434,0.048,0.5,0.0,0.0,0.0,0.0,0.0,0.0
51.449,4.6455,1.5839,-0.2914,2.6564,65,-0.2434,0.048,0.5,0.0,0.0,0.0,0.0,0.0,0.0
51.499,4.6455,1.5839,-0.2914,2.6564,65,-0.2434,0.048,0.5,0.0,0.0,0.0,0.0,0.0,0.0
51.55,4.6455,1.5839,-0.2914,2.6564,65,-0.2434,0.048,0.5,0.0,0.0,0.0,0.0,0.0,0.0
51.599,4.6455,1.5839,-0.2914,2.6564,65,-0.2434,0.048,0.5,0.0,0.0,0.0,0.0,0.0,0.0
51.65,4.6455,1.5839,-0.2914,2.6564,65,-0.2434,0.048,0.5,0.0,0.0,0.0,0.0,0.0,0.0
51.699,4.6455,1.5839,-0.2914,2.6564,65,-0.2434,0.048,0.5,0.0,0.0,0.0,0.0,0.0,0.0
51.75,4.6455,1.5839,-0.2914,2.6564,65,-0.2434,0.048,0.5,0.0,0.0,0.0,0.0,0.0,0.0
51.799,4.6455,1.5839,-0.2914,2.6564,65,-0.2434,0.048,0.5,0.0,0.0,0.0,0.0,0.0,0.0
51.849,4.6455,1.5839,-0.2914,2.6564,65,-0.2434,0.048,0.5,0.0,0.0,0.0,0.0,0.0,0.0
51.899,4.6455,1.5839,-0.2914,2.6564,65,-0.2434,0.048,0.5,0.0,0.0,0.0,0.0,0.0,0.0
51.949,4.6455,1.5839,-0.2914,2.6564,65,-0.2434,0.048,0.5,0.0,0.0,0.0,0.0,0.0,0.0
51.999,4.6455,1.5839,-0.2914,2.6564,65,-0.2434,0.048,0.5,0.0,0.0,0.0,0.0,0.0,0.0
52.049,4.6455,1.5839,-0.2914,2.6564,65,-0.2434,0.048,0.5,0.0,0.0,0.0,0.0,0.0,0.0
52.099,4.6455,1.5839,-0.2914,2.6564,65,-0.2434,0.048,0.5,0.0,0.0,0.0,0.0,0.0,0.0
52.149,4.6455,1.5839,-0.2914,2.6564,65,-0.2434,0.048,0.5,0.0,0.0,0.0,0.0,0.0,0.0
52.2,4.6455,1.5839,-0.2914,2.6564,65,-0.2434,0.048,0.5,0.0,0.0,0.0,0.0,0.0,0.0
52.249,4.6455,1.5839,-0.2914,2.6564,65,-0.2434,0.048,0.5,0.0,0.0,0.0,0.0,0.0,0.0
52.299,4.6455,1.5839,-0.2914,2.6564,65,-0.2434,0.048,0.5,0.0,0.0,0.0,0.0,0.0,0.0
52.349,4.6455,1.5839,-0.2914,2.6564,65,-0.2434,0.048,0.5,0.0,0.0,0.0,0.0,0.0,0.0
52.399,4.6455,1.5839,-0.2914,2.6564,65,-0.2434,0.048,0.5,0.0,0.0,0.0,0.0,0.0,0.0
52.449,4.6455,1.5839,-0.2914,2.6564,65,-0.2434,0.048,0.5,0.0,0.0,0.0,0.0,0.0,0.0
52.499,4.6455,1.5839,-0.2914,2.6564,65,-0.2434,0.048,0.5,0.0,0.0,0.0,0.0,0.0,0.0
52.549,4.6455,1.5839,-0.2914,2.6564,65,-0.2434,0.048,0.5,0.0,0.0,0.0,0.0,0.0,0.0
52.6,4.6455,1.5839,-0.2914,2.6564,65,-0.2434,0.048,0.5,0.0,0.0,0.0,0.0,0.0,0.0
52.649,4.6455,1.5839,-0.2914,2.6564,65,-0.2434,0.048,0.5,0.0,0.0,0.0,0.0,0.0,0.0
52.699,4.6455,1.5839,-0.2914,2.6564,65,-0.2434,0.048,0.5,0.0,0.0,0.0,0.0,0.0,0.0
52.749,4.6455,1.5839,-0.2914,2.6564,65,-0.2434,0.048,0.5,0.0,0.0,0.0,0.0,0.0,0.0
52.799,4.6455,1.5839,-0.2914,2.6564,65,-0.2434,0.048,0.5,0.0,0.0,0.0,0.0,0.0,0.0
52.849,4.6455,1.5839,-0.2914,2.6564,65,-0.2434,0.048,0.5,0.0,0.0,0.0,0.0,0.0,0.0
52.899,4.6455,1.5839,-0.2914,2.6564,65,-0.2434,0.048,0.5,0.0,0.0,0.0,0.0,0.0,0.0
52.949,4.6455,1.5839,-0.2914,2.6564,65,-0.2434,0.048,0.5,0.0,0.0,0.0,0.0,0.0,0.0
52.999,4.6455,1.5839,-0.2914,2.6564,65,-0.2434,0.048,0.5,0.0,0.0,0.0,0.0,0.0,0.0
53.049,4.6455,1.5839,-0.2914,2.6564,65,-0.2434,0.048,0.5,0.0,0.0,0.0,0.0,0.0,0.0
53.099,4.6455,1.5839,-0.2914,2.6564,65,-0.2434,0.048,0.5,0.0,0.0,0.0,0.0,0.0,0.0
53.149,4.6455,1.5839,-0.2914,2.6564,65,-0.2434,0.048,0.5,0.0,0.0,0.0,0.0,0.0,0.0
53.199,4.6455,1.5839,-0.2914,2.6564,65,-0.2434,0.048,0.5,0.0,0.0,0.0,0.0,0.0,0.0
53.249,4.6455,1.5839,-0.2914,2.6564,65,-0.2434,0.048,0.5,0.0,0.0,0.0,0.0,0.0,0.0
53.299,4.6455,1.5839,-0.2914,2.6564,65,-0.2434,0.048,0.5,0.0,0.0,0.0,0.0,0.0,0.0
53.349,4.6455,1.5839,-0.2914,2.6564,65,-0.2434,0.048,0.5,0.0,0.0,0.0,0.0,0.0,0.0
53.399,4.6455,1.5839,-0.2914,2.6564,65,-0.2434,0.048,0.5,0.0,0.0,0.0,0.0,0.0,0.0
53.449,4.6455,1.5839,-0.2914,2.6564,65,-0.2434,0.048,0.5,0.0,0.0,0.0,0.0,0.0,0.0
53.499,4.6455,1.5839,-0.2914,2.6564,65,-0.2434,0.048,0.5,0.0,0.0,0.0,0.0,0.0,0.0
53.549,4.6455,1.5839,-0.2914,2.6564,65,-0.2434,0.048,0.5,0.0,0.0,0.0,0.0,0.0,0.0
53.599,4.6455,1.5839,-0.2914,2.6564,65,-0.2434,0.048,0.5,0.0,0.0,0.0,0.0,0.0,0.0
53.649,4.6455,1.5839,-0.2914,2.6564,65,-0.2434,0.048,0.5,0.0,0.0,0.0,0.0,0.0,0.0
53.699,4.6455,1.5839,-0.2914,2.6564,65,-0.2434,0.048,0.5,0.0,0.0,0.0,0.0,0.0,0.0
53.749,4.6455,1.5839,-0.2914,2.6564,65,-0.2434,0.048,0.5,0.0,0.0,0.0,0.0,0.0,0.0
53.799,4.6455,1.5839,-0.2914,2.6564,65,-0.2434,0.048,0.5,0.0,0.0,0.0,0.0,0.0,0.0
53.85,4.6455,1.5839,-0.2914,2.6564,65,-0.2434,0.048,0.5,0.0,0.0,0.0,0.0,0.0,0.0
53.899,4.6455,1.5839,-0.2914,2.6564,65,-0.2434,0.048,0.5,0.0,0.0,0.0,0.0,0.0,0.0
53.949,4.6455,1.5839,-0.2914,2.6564,65,-0.2434,0.048,0.5,0.0,0.0,0.0,0.0,0.0,0.0
53.999,4.6455,1.5839,-0.2914,2.6564,65,-0.2434,0.048,0.5,0.0,0.0,0.0,0.0,0.0,0.0
54.049,4.6455,1.5839,-0.2914,2.6564,65,-0.2434,0.048,0.5,0.0,0.0,0.0,0.0,0.0,0.0
54.099,4.6455,1.5839,-0.2914,2.6564,65,-0.2434,0.048,0.5,0.0,0.0,0.0,0.0,0.0,0.0
54.149,4.6455,1.5839,-0.2914,2.6564,65,-0.2434,0.048,0.5,0.0,0.0,0.0,0.0,0.0,0.0
54.199,4.6455,1.5839,-0.2914,2.6564,65,-0.2434,0.048,0.5,0.0,0.0,0.0,0.0,0.0,0.0
54.249,4.6455,1.5839,-0.2914,2.6564,65,-0.2434,0.048,0.5,0.0,0.0,0.0,0.0,0.0,0.0
54.299,4.6455,1.5839,-0.2914,2.6564,65,-0.2434,0.048,0.5,0.0,0.0,0.0,0.0,0.0,0.0
54.349,4.6455,1.5839,-0.2914,2.6564,65,-0.2434,0.048,0.5,0.0,0.0,0.0,0.0,0.0,0.0
54.399,4.6455,1.5839,-0.2914,2.6564,65,-0.2434,0.048,0.5,0.0,0.0,0.0,0.0,0.0,0.0
54.449,4.6455,1.5839,-0.2914,2.6564,65,-0.2434,0.048,0.5,0.0,0.0,0.0,0.0,0.0,0.0
54.499,4.6455,1.5839,-0.2914,2.6564,65,-0.2434,0.048,0.5,0.0,0.0,0.0,0.0,0.0,0.0
54.549,4.6455,1.5839,-0.2914,2.6564,65,-0.2434,0.048,0.5,0.0,0.0,0.0,0.0,0.0,0.0
54.599,4.6455,1.5839,-0.2914,2.6564,65,-0.2434,0.048,0.5,0.0,0.0,0.0,0.0,0.0,0.0
54.649,4.6455,1.5839,-0.2914,2.6564,65,-0.2434,0.048,0.5,0.0,0.0,0.0,0.0,0.0,0.0
54.699,4.6455,1.5839,-0.2914,2.6564,65,-0.2434,0.048,0.5,0.0,0.0,0.0,0.0,0.0,0.0
54.749,4.6455,1.5839,-0.2914,2.6564,65,-0.2434,0.048,0.5,0.0,0.0,0.0,0.0,0.0,0.0
54.799,4.6455,1.5839,-0.2914,2.6564,65,-0.2434,0.048,0.5,0.0,0.0,0.0,0.0,0.0,0.0
54.849,4.6455,1.5839,-0.2914,2.6564,65,-0.2434,0.048,0.5,0.0,0.0,0.0,0.0,0.0,0.0
54.899,4.6455,1.5839,-0.2914,2.6564,65,-0.2434,0.048,0.5,0.0,0.0,0.0,0.0,0.0,0.0
54.951,4.6455,1.5839,-0.2914,2.6564,65,-0.2434,0.048,0.5,0.0,0.0,0.0,0.0,0.0,0.0
54.999,4.6455,1.5839,-0.2914,2.6564,65,-0.2434,0.048,0.5,0.0,0.0,0.0,0.0,0.0,0.0
55.049,4.6455,1.5839,-0.2914,2.6564,65,-0.2434,0.048,0.5,0.0,0.0,0.0,0.0,0.0,0.0
55.099,4.6455,1.5839,-0.2914,2.6564,65,-0.2434,0.048,0.5,0.0,0.0,0.0,0.0,0.0,0.0
55.149,4.6455,1.5839,-0.2914,2.6564,65,-0.2434,0.048,0.5,0.0,0.0,0.0,0.0,0.0,0.0
55.2,4.6455,1.5839,-0.2914,2.6564,65,-0.2434,0.048,0.5,0.0,0.0,0.0,0.0,0.0,0.0
55.249,4.6455,1.5839,-0.2914,2.6564,65,-0.2434,0.048,0.5,0.0,0.0,0.0,0.0,0.0,0.0
55.299,4.6455,1.5839,-0.2914,2.6564,65,-0.2434,0.048,0.5,0.0,0.0,0.0,0.0,0.0,0.0
55.349,4.6455,1.5839,-0.2914,2.6564,65,-0.2434,0.048,0.5,0.0,0.0,0.0,0.0,0.0,0.0
55.399,4.6455,1.5839,-0.2914,2.6564,65,-0.2434,0.048,0.5,0.0,0.0,0.0,0.0,0.0,0.0
55.449,4.6455,1.5839,-0.2914,2.6564,65,-0.2434,0.048,0.5,0.0,0.0,0.0,0.0,0.0,0.0
55.5,4.6455,1.5839,-0.2914,2.6564,65,-0.2434,0.048,0.5,0.0,0.0,0.0,0.0,0.0,0.0
55.549,4.6455,1.5839,-0.2914,2.6564,65,-0.2434,0.048,0.5,0.0,0.0,0.0,0.0,0.0,0.0
55.599,4.6455,1.5839,-0.2914,2.6564,65,-0.2434,0.048,0.5,0.0,0.0,0.0,0.0,0.0,0.0
55.649,4.6455,1.5839,-0.2914,2.6564,65,-0.2434,0.048,0.5,0.0,0.0,0.0,0.0,0.0,0.0
55.699,4.6455,1.5839,-0.2914,2.6564,65,-0.2434,0.048,0.5,0.0,0.0,0.0,0.0,0.0,0.0
55.749,4.6455,1.5839,-0.2914,2.6564,65,-0.2434,0.048,0.5,0.0,0.0,0.0,0.0,0.0,0.0
55.799,4.6455,1.5839,-0.2914,2.6564,65,-0.2434,0.048,0.5,0.0,0.0,0.0,0.0,0.0,0.0
55.849,4.6455,1.5839,-0.2914,2.6564,65,-0.2434,0.048,0.5,0.0,0.0,0.0,0.0,0.0,0.0
55.899,4.6455,1.5839,-0.2914,2.6564,65,-0.2434,0.048,0.5,0.0,0.0,0.0,0.0,0.0,0.0
55.949,4.6455,1.5839,-0.2914,2.6564,65,-0.2434,0.048,0.5,0.0,0.0,0.0,0.0,0.0,0.0
55.999,4.6455,1.5839,-0.2914,2.6564,65,-0.2434,0.048,0.5,0.0,0.0,0.0,0.0,0.0,0.0
56.049,4.6455,1.5839,-0.2914,2.6564,65,-0.2434,0.048,0.5,0.0,0.0,0.0,0.0,0.0,0.0
56.099,4.6455,1.5839,-0.2914,2.6564,65,-0.2434,0.048,0.5,0.0,0.0,0.0,0.0,0.0,0.0
56.149,4.6455,1.5839,-0.2914,2.6564,65,-0.2434,0.048,0.5,0.0,0.0,0.0,0.0,0.0,0.0
56.199,4.6455,1.5839,-0.2914,2.6564,65,-0.2434,0.048,0.5,0.0,0.0,0.0,0.0,0.0,0.0
56.249,4.6455,1.5839,-0.2914,2.6564,65,-0.2434,0.048,0.5,0.0,0.0,0.0,0.0,0.0,0.0
56.299,4.6455,1.5839,-0.2914,2.6564,65,-0.2434,0.048,0.5,0.0,0.0,0.0,0.0,0.0,0.0
56.349,4.6455,1.5839,-0.2914,2.6564,65,-0.2434,0.048,0.5,0.0,0.0,0.0,0.0,0.0,0.0
56.399,4.6455,1.5839,-0.2914,2.6564,65,-0.2434,0.048,0.5,0.0,0.0,0.0,0.0,0.0,0.0
56.449,4.6455,1.5839,-0.2914,2.6564,65,-0.2434,0.048,0.5,0.0,0.0,0.0,0.0,0.0,0.0
56.499,4.6455,1.5839,-0.2914,2.6564,65,-0.2434,0.048,0.5,0.0,0.0,0.0,0.0,0.0,0.0
56.549,4.6455,1.5839,-0.2914,2.6564,65,-0.2434,0.048,0.5,0.0,0.0,0.0,0.0,0.0,0.0
56.599,4.6455,1.5839,-0.2914,2.6564,65,-0.2434,0.048,0.5,0.0,0.0,0.0,0.0,0.0,0.0
56.649,4.6455,1.5839,-0.2914,2.6564,65,-0.2434,0.048,0.5,0.0,0.0,0.0,0.0,0.0,0.0
56.699,4.6455,1.5839,-0.2914,2.6564,65,-0.2434,0.048,0.5,0.0,0.0,0.0,0.0,0.0,0.0
56.749,4.6455,1.5839,-0.2914,2.6564,65,-0.2434,0.048,0.5,0.0,0.0,0.0,0.0,0.0,0.0
56.799,4.6455,1.5839,-0.2914,2.6564,65,-0.2434,0.048,0.5,0.0,0.0,0.0,0.0,0.0,0.0
56.85,4.6455,1.5839,-0.2914,2.6564,65,-0.2434,0.048,0.5,0.0,0.0,0.0,0.0,0.0,0.0
56.899,4.6455,1.5839,-0.2914,2.6564,65,-0.2434,0.048,0.5,0.0,0.0,0.0,0.0,0.0,0.0
56.949,4.6455,1.5839,-0.2914,2.6564,65,-0.2434,0.048,0.5,0.0,0.0,0.0,0.0,0.0,0.0
57.0,4.6455,1.5839,-0.2914,2.6564,65,-0.2434,0.048,0.5,0.0,0.0,0.0,0.0,0.0,0.0
57.049,4.6455,1.5839,-0.2914,2.6564,65,-0.2434,0.048,0.5,0.0,0.0,0.0,0.0,0.0,0.0
57.101,4.6455,1.5839,-0.2914,2.6564,65,-0.2434,0.048,0.5,0.0,0.0,0.0,0.0,0.0,0.0
57.149,4.6455,1.5839,-0.2914,2.6564,65,-0.2434,0.048,0.5,0.0,0.0,0.0,0.0,0.0,0.0
57.199,4.6455,1.5839,-0.2914,2.6564,65,-0.2434,0.048,0.5,0.0,0.0,0.0,0.0,0.0,0.0
57.249,4.6455,1.5839,-0.2914,2.6564,65,-0.2434,0.048,0.5,0.0,0.0,0.0,0.0,0.0,0.0
57.3,4.6455,1.5839,-0.2914,2.6564,65,-0.2434,0.048,0.5,0.0,0.0,0.0,0.0,0.0,0.0
57.349,4.6455,1.5839,-0.2914,2.6564,65,-0.2434,0.048,0.5,0.0,0.0,0.0,0.0,0.0,0.0
57.399,4.6455,1.5839,-0.2914,2.6564,65,-0.2434,0.048,0.5,0.0,0.0,0.0,0.0,0.0,0.0
57.449,4.6455,1.5839,-0.2914,2.6564,65,-0.2434,0.048,0.5,0.0,0.0,0.0,0.0,0.0,0.0
57.499,4.6455,1.5839,-0.2914,2.6564,65,-0.2434,0.048,0.5,0.0,0.0,0.0,0.0,0.0,0.0
57.55,4.6455,1.5839,-0.2914,2.6564,65,-0.2434,0.048,0.5,0.0,0.0,0.0,0.0,0.0,0.0
57.599,4.6455,1.5839,-0.2914,2.6564,65,-0.2434,0.048,0.5,0.0,0.0,0.0,0.0,0.0,0.0
57.649,4.6455,1.5839,-0.2914,2.6564,65,-0.2434,0.048,0.5,0.0,0.0,0.0,0.0,0.0,0.0
57.7,4.6455,1.5839,-0.2914,2.6564,65,-0.2434,0.048,0.5,0.0,0.0,0.0,0.0,0.0,0.0
57.749,4.6455,1.5839,-0.2914,2.6564,65,-0.2434,0.048,0.5,0.0,0.0,0.0,0.0,0.0,0.0
57.799,4.6455,1.5839,-0.2914,2.6564,65,-0.2434,0.048,0.5,0.0,0.0,0.0,0.0,0.0,0.0
57.849,4.6455,1.5839,-0.2914,2.6564,65,-0.2434,0.048,0.5,0.0,0.0,0.0,0.0,0.0,0.0
57.899,4.6455,1.5839,-0.2914,2.6564,65,-0.2434,0.048,0.5,0.0,0.0,0.0,0.0,0.0,0.0
57.949,4.6455,1.5839,-0.2914,2.6564,65,-0.2434,0.048,0.5,0.0,0.0,0.0,0.0,0.0,0.0
57.999,4.6455,1.5839,-0.2914,2.6564,65,-0.2434,0.048,0.5,0.0,0.0,0.0,0.0,0.0,0.0
58.049,4.6455,1.5839,-0.2914,2.6564,65,-0.2434,0.048,0.5,0.0,0.0,0.0,0.0,0.0,0.0
58.099,4.6455,1.5839,-0.2914,2.6564,65,-0.2434,0.048,0.5,0.0,0.0,0.0,0.0,0.0,0.0
58.149,4.6455,1.5839,-0.2914,2.6564,65,-0.2434,0.048,0.5,0.0,0.0,0.0,0.0,0.0,0.0
58.199,4.6455,1.5839,-0.2914,2.6564,65,-0.2434,0.048,0.5,0.0,0.0,0.0,0.0,0.0,0.0
58.249,4.6455,1.5839,-0.2914,2.6564,65,-0.2434,0.048,0.5,0.0,0.0,0.0,0.0,0.0,0.0
58.299,4.6455,1.5839,-0.2914,2.6564,65,-0.2434,0.048,0.5,0.0,0.0,0.0,0.0,0.0,0.0
58.349,4.6455,1.5839,-0.2914,2.6564,65,-0.2434,0.048,0.5,0.0,0.0,0.0,0.0,0.0,0.0
58.399,4.6455,1.5839,-0.2914,2.6564,65,-0.2434,0.048,0.5,0.0,0.0,0.0,0.0,0.0,0.0
58.449,4.6455,1.5839,-0.2914,2.6564,65,-0.2434,0.048,0.5,0.0,0.0,0.0,0.0,0.0,0.0
58.499,4.6455,1.5839,-0.2914,2.6564,65,-0.2434,0.048,0.5,0.0,0.0,0.0,0.0,0.0,0.0
58.549,4.6455,1.5839,-0.2914,2.6564,65,-0.2434,0.048,0.5,0.0,0.0,0.0,0.0,0.0,0.0
58.599,4.6455,1.5839,-0.2914,2.6564,65,-0.2434,0.048,0.5,0.0,0.0,0.0,0.0,0.0,0.0
58.649,4.6455,1.5839,-0.2914,2.6564,65,-0.2434,0.048,0.5,0.0,0.0,0.0,0.0,0.0,0.0
58.699,4.6455,1.5839,-0.2914,2.6564,65,-0.2434,0.048,0.5,0.0,0.0,0.0,0.0,0.0,0.0
58.749,4.6455,1.5839,-0.2914,2.6564,65,-0.2434,0.048,0.5,0.0,0.0,0.0,0.0,0.0,0.0
58.799,4.6455,1.5839,-0.2914,2.6564,65,-0.2434,0.048,0.5,0.0,0.0,0.0,0.0,0.0,0.0
58.849,4.6455,1.5839,-0.2914,2.6564,65,-0.2434,0.048,0.5,0.0,0.0,0.0,0.0,0.0,0.0
58.899,4.6455,1.5839,-0.2914,2.6564,65,-0.2434,0.048,0.5,0.0,0.0,0.0,0.0,0.0,0.0
58.949,4.6455,1.5839,-0.2914,2.6564,65,-0.2434,0.048,0.5,0.0,0.0,0.0,0.0,0.0,0.0
59.0,4.6455,1.5839,-0.2914,2.6564,65,-0.2434,0.048,0.5,0.0,0.0,0.0,0.0,0.0,0.0
59.049,4.6455,1.5839,-0.2914,2.6564,65,-0.2434,0.048,0.5,0.0,0.0,0.0,0.0,0.0,0.0
59.101,4.6455,1.5839,-0.2914,2.6564,65,-0.2434,0.048,0.5,0.0,0.0,0.0,0.0,0.0,0.0
59.149,4.6455,1.5839,-0.2914,2.6564,65,-0.2434,0.048,0.5,0.0,0.0,0.0,0.0,0.0,0.0
59.199,4.6455,1.5839,-0.2914,2.6564,65,-0.2434,0.048,0.5,0.0,0.0,0.0,0.0,0.0,0.0
59.249,4.6455,1.5839,-0.2914,2.6564,65,-0.2434,0.048,0.5,0.0,0.0,0.0,0.0,0.0,0.0
59.299,4.6455,1.5839,-0.2914,2.6564,65,-0.2434,0.048,0.5,0.0,0.0,0.0,0.0,0.0,0.0
59.349,4.6455,1.5839,-0.2914,2.6564,65,-0.2434,0.048,0.5,0.0,0.0,0.0,0.0,0.0,0.0
59.399,4.6455,1.5839,-0.2914,2.6564,65,-0.2434,0.048,0.5,0.0,0.0,0.0,0.0,0.0,0.0
59.45,4.6455,1.5839,-0.2914,2.6564,65,-0.2434,0.048,0.5,0.0,0.0,0.0,0.0,0.0,0.0
59.499,4.6455,1.5839,-0.2914,2.6564,65,-0.2434,0.048,0.5,0.0,0.0,0.0,0.0,0.0,0.0
59.549,4.6455,1.5839,-0.2914,2.6564,65,-0.2434,0.048,0.5,0.0,0.0,0.0,0.0,0.0,0.0
59.599,4.6455,1.5839,-0.2914,2.6564,65,-0.2434,0.048,0.5,0.0,0.0,0.0,0.0,0.0,0.0
59.649,4.6455,1.5839,-0.2914,2.6564,65,-0.2434,0.048,0.5,0.0,0.0,0.0,0.0,0.0,0.0
59.699,4.6455,1.5839,-0.2914,2.6564,65,-0.2434,0.048,0.5,0.0,0.0,0.0,0.0,0.0,0.0
59.749,4.6455,1.5839,-0.2914,2.6564,65,-0.2434,0.048,0.5,0.0,0.0,0.0,0.0,0.0,0.0
59.799,4.6455,1.5839,-0.2914,2.6564,65,-0.2434,0.048,0.5,0.0,0.0,0.0,0.0,0.0,0.0
59.849,4.6455,1.5839,-0.2914,2.6564,65,-0.2434,0.048,0.5,0.0,0.0,0.0,0.0,0.0,0.0
59.899,4.6455,1.5839,-0.2914,2.6564,65,-0.2434,0.048,0.5,0.0,0.0,0.0,0.0,0.0,0.0
59.95,4.6455,1.5839,-0.2914,2.6564,65,-0.2434,0.048,0.5,0.0,0.0,0.0,0.0,0.0,0.0
59.999,4.6455,1.5839,-0.2914,2.6564,65,-0.2434,0.048,0.5,0.0,0.0,0.0,0.0,0.0,0.0
60.049,4.6455,1.5839,-0.2914,2.6564,65,-0.2434,0.048,0.5,0.0,0.0,0.0,0.0,0.0,0.0
60.099,4.6455,1.5839,-0.2914,2.6564,65,-0.2434,0.048,0.5,0.0,0.0,0.0,0.0,0.0,0.0
60.149,4.6455,1.5839,-0.2914,2.6564,65,-0.2434,0.048,0.5,0.0,0.0,0.0,0.0,0.0,0.0
60.2,4.6455,1.5839,-0.2914,2.6564,65,-0.2434,0.048,0.5,0.0,0.0,0.0,0.0,0.0,0.0
60.249,4.6455,1.5839,-0.2914,2.6564,65,-0.2434,0.048,0.5,0.0,0.0,0.0,0.0,0.0,0.0
60.299,4.6455,1.5839,-0.2914,2.6564,65,-0.2434,0.048,0.5,0.0,0.0,0.0,0.0,0.0,0.0
60.349,4.6455,1.5839,-0.2914,2.6564,65,-0.2434,0.048,0.5,0.0,0.0,0.0,0.0,0.0,0.0
60.399,4.6455,1.5839,-0.2914,2.6564,65,-0.2434,0.048,0.5,0.0,0.0,0.0,0.0,0.0,0.0
60.449,4.6455,1.5839,-0.2914,2.6564,65,-0.2434,0.048,0.5,0.0,0.0,0.0,0.0,0.0,0.0
60.499,4.6455,1.5839,-0.2914,2.6564,65,-0.2434,0.048,0.5,0.0,0.0,0.0,0.0,0.0,0.0
60.549,4.6455,1.5839,-0.2914,2.6564,65,-0.2434,0.048,0.5,0.0,0.0,0.0,0.0,0.0,0.0
60.6,4.6455,1.5839,-0.2914,2.6564,65,-0.2434,0.048,0.5,0.0,0.0,0.0,0.0,0.0,0.0
60.649,4.6455,1.5839,-0.2914,2.6564,65,-0.2434,0.048,0.5,0.0,0.0,0.0,0.0,0.0,0.0
60.7,4.6455,1.5839,-0.2914,2.6564,65,-0.2434,0.048,0.5,0.0,0.0,0.0,0.0,0.0,0.0
60.749,4.6455,1.5839,-0.2914,2.6564,65,-0.2434,0.048,0.5,0.0,0.0,0.0,0.0,0.0,0.0
60.8,4.6455,1.5839,-0.2914,2.6564,65,-0.2434,0.048,0.5,0.0,0.0,0.0,0.0,0.0,0.0
60.849,4.6455,1.5839,-0.2914,2.6564,65,-0.2434,0.048,0.5,0.0,0.0,0.0,0.0,0.0,0.0
60.899,4.6455,1.5839,-0.2914,2.6564,65,-0.2434,0.048,0.5,0.0,0.0,0.0,0.0,0.0,0.0
60.949,4.6455,1.5839,-0.2914,2.6564,65,-0.2434,0.048,0.5,0.0,0.0,0.0,0.0,0.0,0.0
61.0,4.6455,1.5839,-0.2914,2.6564,65,-0.2434,0.048,0.5,0.0,0.0,0.0,0.0,0.0,0.0
61.049,4.6455,1.5839,-0.2914,2.6564,65,-0.2434,0.048,0.5,0.0,0.0,0.0,0.0,0.0,0.0
61.099,4.6455,1.5839,-0.2914,2.6564,65,-0.2434,0.048,0.5,0.0,0.0,0.0,0.0,0.0,0.0
61.149,4.6455,1.5839,-0.2914,2.6564,65,-0.2434,0.048,0.5,0.0,0.0,0.0,0.0,0.0,0.0
61.199,4.6455,1.5839,-0.2914,2.6564,65,-0.2434,0.048,0.5,0.0,0.0,0.0,0.0,0.0,0.0
61.249,4.6455,1.5839,-0.2914,2.6564,65,-0.2434,0.048,0.5,0.0,0.0,0.0,0.0,0.0,0.0
61.299,4.6455,1.5839,-0.2914,2.6564,65,-0.2434,0.048,0.5,0.0,0.0,0.0,0.0,0.0,0.0
61.349,4.6455,1.5839,-0.2914,2.6564,65,-0.2434,0.048,0.5,0.0,0.0,0.0,0.0,0.0,0.0
61.399,4.6455,1.5839,-0.2914,2.6564,65,-0.2434,0.048,0.5,0.0,0.0,0.0,0.0,0.0,0.0
61.449,4.6455,1.5839,-0.2914,2.6564,65,-0.2434,0.048,0.5,0.0,0.0,0.0,0.0,0.0,0.0
61.499,4.6455,1.5839,-0.2914,2.6564,65,-0.2434,0.048,0.5,0.0,0.0,0.0,0.0,0.0,0.0
61.549,4.6455,1.5839,-0.2914,2.6564,65,-0.2434,0.048,0.5,0.0,0.0,0.0,0.0,0.0,0.0
61.6,4.6455,1.5839,-0.2914,2.6564,65,-0.2434,0.048,0.5,0.0,0.0,0.0,0.0,0.0,0.0
61.649,4.6455,1.5839,-0.2914,2.6564,65,-0.2434,0.048,0.5,0.0,0.0,0.0,0.0,0.0,0.0
61.699,4.6455,1.5839,-0.2914,2.6564,65,-0.2434,0.048,0.5,0.0,0.0,0.0,0.0,0.0,0.0
61.749,4.6455,1.5839,-0.2914,2.6564,65,-0.2434,0.048,0.5,0.0,0.0,0.0,0.0,0.0,0.0
61.799,4.6455,1.5839,-0.2914,2.6564,65,-0.2434,0.048,0.5,0.0,0.0,0.0,0.0,0.0,0.0
61.849,4.6455,1.5839,-0.2914,2.6564,65,-0.2434,0.048,0.5,0.0,0.0,0.0,0.0,0.0,0.0
61.899,4.6455,1.5839,-0.2914,2.6564,65,-0.2434,0.048,0.5,0.0,0.0,0.0,0.0,0.0,0.0
61.949,4.6455,1.5839,-0.2914,2.6564,65,-0.2434,0.048,0.5,0.0,0.0,0.0,0.0,0.0,0.0
61.999,4.6455,1.5839,-0.2914,2.6564,65,-0.2434,0.048,0.5,0.0,0.0,0.0,0.0,0.0,0.0
62.049,4.6455,1.5839,-0.2914,2.6564,65,-0.2434,0.048,0.5,0.0,0.0,0.0,0.0,0.0,0.0
62.099,4.6455,1.5839,-0.2914,2.6564,65,-0.2434,0.048,0.5,0.0,0.0,0.0,0.0,0.0,0.0
62.149,4.6455,1.5839,-0.2914,2.6564,65,-0.2434,0.048,0.5,0.0,0.0,0.0,0.0,0.0,0.0
62.199,4.6455,1.5839,-0.2914,2.6564,65,-0.2434,0.048,0.5,0.0,0.0,0.0,0.0,0.0,0.0
62.249,4.6455,1.5839,-0.2914,2.6564,65,-0.2819,0.0095,0.5,0.0,0.0,0.0,0.0,0.0,0.0
62.299,4.6455,1.5839,-0.2914,2.6564,65,-0.2819,0.0095,0.5,0.0,0.0,0.0,0.0,0.0,0.0
62.349,4.6455,1.5839,-0.2914,2.6564,65,-0.2819,0.0095,0.5,0.0,0.0,0.0,0.0,0.0,0.0
62.399,4.6455,1.5839,-0.2914,2.6564,65,-0.2819,0.0095,0.5,0.0,0.0,0.0,0.0,0.0,0.0
62.449,4.6455,1.5839,-0.2914,2.6564,65,-0.2819,0.0095,0.5,0.0,0.0,0.0,0.0,0.0,0.0
62.499,4.6455,1.5839,-0.2914,2.6564,65,-0.2819,0.0095,0.5,0.0,0.0,0.0,0.0,0.0,0.0
62.549,4.6455,1.5839,-0.2914,2.6564,65,-0.2819,0.0095,0.5,0.0,0.0,0.0,0.0,0.0,0.0
62.599,4.6455,1.5839,-0.2914,2.6564,65,-0.2819,0.0095,0.5,0.0,0.0,0.0,0.0,0.0,0.0
62.649,4.6455,1.5839,-0.2914,2.6564,65,-0.2819,0.0095,0.5,0.0,0.0,0.0,0.0,0.0,0.0
62.699,4.6455,1.5839,-0.2914,2.6564,65,-0.2819,0.0095,0.5,0.0,0.0,0.0,0.0,0.0,0.0
62.749,4.6455,1.5839,-0.2914,2.6564,65,-0.2819,0.0095,0.5,0.0,0.0,0.0,0.0,0.0,0.0
62.799,4.6455,1.5839,-0.2914,2.6564,65,-0.2819,0.0095,0.5,0.0,0.0,0.0,0.0,0.0,0.0
62.849,4.6455,1.5839,-0.2914,2.6564,65,-0.2819,0.0095,0.5,0.0,0.0,0.0,0.0,0.0,0.0
62.899,4.6455,1.5839,-0.2914,2.6564,65,-0.2819,0.0095,0.5,0.0,0.0,0.0,0.0,0.0,0.0
62.949,4.6455,1.5839,-0.2914,2.6564,65,-0.2819,0.0095,0.5,0.0,0.0,0.0,0.0,0.0,0.0
62.999,4.6455,1.5839,-0.2914,2.6564,65,-0.2819,0.0095,0.5,0.0,0.0,0.0,0.0,0.0,0.0
63.049,4.6455,1.5839,-0.2914,2.6564,65,-0.2819,0.0095,0.5,0.0,0.0,0.0,0.0,0.0,0.0
63.099,4.6455,1.5839,-0.2914,2.6564,65,-0.2819,0.0095,0.5,0.0,0.0,0.0,0.0,0.0,0.0
63.149,4.6455,1.5839,-0.2914,2.6564,65,-0.2819,0.0095,0.5,0.0,0.0,0.0,0.0,0.0,0.0
63.199,4.6455,1.5839,-0.2914,2.6564,65,-0.2819,0.0095,0.5,0.0,0.0,0.0,0.0,0.0,0.0
63.251,4.6455,1.5839,-0.2914,2.6564,65,-0.2819,0.0095,0.5,0.0,0.0,0.0,0.0,0.0,0.0
63.299,4.6455,1.5839,-0.2914,2.6564,65,-0.2819,0.0095,0.5,0.0,0.0,0.0,0.0,0.0,0.0
63.35,4.6455,1.5839,-0.2914,2.6564,65,-0.2819,0.0095,0.5,0.0,0.0,0.0,0.0,0.0,0.0
63.399,4.6455,1.5839,-0.2914,2.6564,65,-0.2819,0.0095,0.5,0.0,0.0,0.0,0.0,0.0,0.0
63.449,4.6455,1.5839,-0.2914,2.6564,65,-0.2819,0.0095,0.5,0.0,0.0,0.0,0.0,0.0,0.0
63.499,4.6455,1.5839,-0.2914,2.6564,65,-0.2819,0.0095,0.5,0.0,0.0,0.0,0.0,0.0,0.0
63.549,4.6455,1.5839,-0.2914,2.6564,65,-0.2819,0.0095,0.5,0.0,0.0,0.0,0.0,0.0,0.0
63.599,4.6455,1.5839,-0.2914,2.6564,65,-0.2819,0.0095,0.5,0.0,0.0,0.0,0.0,0.0,0.0
63.649,4.6455,1.5839,-0.2914,2.6564,65,-0.2819,0.0095,0.5,0.0,0.0,0.0,0.0,0.0,0.0
63.699,4.6455,1.5839,-0.2914,2.6564,65,-0.2819,0.0095,0.5,0.0,0.0,0.0,0.0,0.0,0.0
63.749,4.6455,1.5839,-0.2914,2.6564,65,-0.2819,0.0095,0.5,0.0,0.0,0.0,0.0,0.0,0.0
63.799,4.6455,1.5839,-0.2914,2.6564,65,-0.2819,0.0095,0.5,0.0,0.0,0.0,0.0,0.0,0.0
63.849,4.6455,1.5839,-0.2914,2.6564,65,-0.2819,0.0095,0.5,0.0,0.0,0.0,0.0,0.0,0.0
63.899,4.6455,1.5839,-0.2914,2.6564,65,-0.2819,0.0095,0.5,0.0,0.0,0.0,0.0,0.0,0.0
63.949,4.6455,1.5839,-0.2914,2.6564,65,-0.2819,0.0095,0.5,0.0,0.0,0.0,0.0,0.0,0.0
63.999,4.6455,1.5839,-0.2914,2.6564,65,-0.2819,0.0095,0.5,0.0,0.0,0.0,0.0,0.0,0.0
64.049,4.6455,1.5839,-0.2914,2.6564,65,-0.2819,0.0095,0.5,0.0,0.0,0.0,0.0,0.0,0.0
64.099,4.6455,1.5839,-0.2914,2.6564,65,-0.2819,0.0095,0.5,0.0,0.0,0.0,0.0,0.0,0.0
64.149,4.6455,1.5839,-0.2914,2.6564,65,-0.2819,0.0095,0.5,0.0,0.0,0.0,0.0,0.0,0.0
64.199,4.6455,1.5839,-0.2914,2.6564,65,-0.2819,0.0095,0.5,0.0,0.0,0.0,0.0,0.0,0.0
64.249,4.6455,1.5839,-0.2914,2.6564,65,-0.2819,0.0095,0.5,0.0,0.0,0.0,0.0,0.0,0.0
64.299,4.6455,1.5839,-0.2914,2.6564,65,-0.2819,0.0095,0.5,0.0,0.0,0.0,0.0,0.0,0.0
64.349,4.6455,1.5839,-0.2914,2.6564,65,-0.2434,0.048,0.5,0.0,0.0,0.0,0.0,0.0,0.0
64.399,4.6455,1.5839,-0.2914,2.6564,65,-0.2434,0.048,0.5,0.0,0.0,0.0,0.0,0.0,0.0
64.449,4.6455,1.5839,-0.2914,2.6564,65,-0.2434,0.048,0.5,0.0,0.0,0.0,0.0,0.0,0.0
64.499,4.6455,1.5839,-0.2914,2.6564,65,-0.2434,0.048,0.5,0.0,0.0,0.0,0.0,0.0,0.0
64.549,4.6455,1.5839,-0.2914,2.6564,65,-0.2434,0.048,0.5,0.0,0.0,0.0,0.0,0.0,0.0
64.601,4.6455,1.5839,-0.2914,2.6564,65,-0.2434,0.048,0.5,0.0,0.0,0.0,0.0,0.0,0.0
64.649,4.6455,1.5839,-0.2914,2.6564,65,-0.2434,0.048,0.5,0.0,0.0,0.0,0.0,0.0,0.0
64.699,4.6455,1.5839,-0.2914,2.6564,65,-0.2434,0.048,0.5,0.0,0.0,0.0,0.0,0.0,0.0
64.749,4.6455,1.5839,-0.2914,2.6564,65,-0.2434,0.048,0.5,0.0,0.0,0.0,0.0,0.0,0.0
64.799,4.6455,1.5839,-0.2914,2.6564,65,-0.2434,0.048,0.5,0.0,0.0,0.0,0.0,0.0,0.0
64.849,4.6455,1.5839,-0.2914,2.6564,65,-0.2434,0.048,0.5,0.0,0.0,0.0,0.0,0.0,0.0
64.899,4.6455,1.5839,-0.2914,2.6564,65,-0.2434,0.048,0.5,0.0,0.0,0.0,0.0,0.0,0.0
64.95,4.6455,1.5839,-0.2914,2.6564,65,-0.2434,0.048,0.5,0.0,0.0,0.0,0.0,0.0,0.0
64.999,4.6455,1.5839,-0.2914,2.6564,65,-0.2434,0.048,0.5,0.0,0.0,0.0,0.0,0.0,0.0
65.049,4.6455,1.5839,-0.2914,2.6564,65,-0.2434,0.048,0.5,0.0,0.0,0.0,0.0,0.0,0.0
65.099,4.6455,1.5839,-0.2914,2.6564,65,-0.2434,0.048,0.5,0.0,0.0,0.0,0.0,0.0,0.0
65.149,4.6455,1.5839,-0.2914,2.6564,65,-0.2434,0.048,0.5,0.0,0.0,0.0,0.0,0.0,0.0
65.199,4.6455,1.5839,-0.2914,2.6564,65,-0.2434,0.048,0.5,0.0,0.0,0.0,0.0,0.0,0.0
65.249,4.6455,1.5839,-0.2914,2.6564,65,-0.2434,0.048,0.5,0.0,0.0,0.0,0.0,0.0,0.0
65.299,4.6455,1.5839,-0.2914,2.6564,65,-0.2434,0.048,0.5,0.0,0.0,0.0,0.0,0.0,0.0
65.349,4.6455,1.5839,-0.2914,2.6564,65,-0.2434,0.048,0.5,0.0,0.0,0.0,0.0,0.0,0.0
65.399,4.6455,1.5839,-0.2914,2.6564,65,-0.2434,0.048,0.5,0.0,0.0,0.0,0.0,0.0,0.0
65.449,4.6455,1.5839,-0.2914,2.6564,65,-0.2434,0.048,0.5,0.0,0.0,0.0,0.0,0.0,0.0
65.499,4.6455,1.5839,-0.2914,2.6564,65,-0.2434,0.048,0.5,0.0,0.0,0.0,0.0,0.0,0.0
65.549,4.6455,1.5839,-0.2914,2.6564,65,-0.2434,0.048,0.5,0.0,0.0,0.0,0.0,0.0,0.0
65.599,4.6455,1.5839,-0.2914,2.6564,65,-0.2434,0.048,0.5,0.0,0.0,0.0,0.0,0.0,0.0
65.649,4.6455,1.5839,-0.2914,2.6564,65,-0.2434,0.048,0.5,0.0,0.0,0.0,0.0,0.0,0.0
65.699,4.6455,1.5839,-0.2914,2.6564,65,-0.2434,0.048,0.5,0.0,0.0,0.0,0.0,0.0,0.0
65.749,4.6455,1.5839,-0.2914,2.6564,65,-0.2434,0.048,0.5,0.0,0.0,0.0,0.0,0.0,0.0
65.8,4.6455,1.5839,-0.2914,2.6564,65,-0.2434,0.048,0.5,0.0,0.0,0.0,0.0,0.0,0.0
65.849,4.6455,1.5839,-0.2914,2.6564,65,-0.2434,0.048,0.5,0.0,0.0,0.0,0.0,0.0,0.0
65.899,4.6455,1.5839,-0.2914,2.6564,65,-0.2434,0.048,0.5,0.0,0.0,0.0,0.0,0.0,0.0
65.949,4.6455,1.5839,-0.2914,2.6564,65,-0.2434,0.048,0.5,0.0,0.0,0.0,0.0,0.0,0.0
65.999,4.6455,1.5839,-0.2914,2.6564,65,-0.2434,0.048,0.5,0.0,0.0,0.0,0.0,0.0,0.0
66.049,4.6455,1.5839,-0.2914,2.6564,65,-0.2434,0.048,0.5,0.0,0.0,0.0,0.0,0.0,0.0
66.099,4.6455,1.5839,-0.2914,2.6564,65,-0.2434,0.048,0.5,0.0,0.0,0.0,0.0,0.0,0.0
66.149,4.6455,1.5839,-0.2914,2.6564,65,-0.2434,0.048,0.5,0.0,0.0,0.0,0.0,0.0,0.0
66.199,4.6455,1.5839,-0.2914,2.6564,65,-0.2434,0.048,0.5,0.0,0.0,0.0,0.0,0.0,0.0
66.249,4.6455,1.5839,-0.2914,2.6564,65,-0.2434,0.048,0.5,0.0,0.0,0.0,0.0,0.0,0.0
66.299,4.6455,1.5839,-0.2914,2.6564,65,-0.2434,0.048,0.5,0.0,0.0,0.0,0.0,0.0,0.0
66.349,4.6455,1.5839,-0.2914,2.6564,65,-0.2434,0.048,0.5,0.0,0.0,0.0,0.0,0.0,0.0
66.399,4.6455,1.5839,-0.2914,2.6564,65,-0.2434,0.048,0.5,0.0,0.0,0.0,0.0,0.0,0.0
66.449,4.6455,1.5839,-0.2914,2.6564,65,-0.2434,0.048,0.5,0.0,0.0,0.0,0.0,0.0,0.0
66.499,4.6455,1.5839,-0.2914,2.6564,65,-0.2434,0.048,0.5,0.0,0.0,0.0,0.0,0.0,0.0
66.549,4.6455,1.5839,-0.2914,2.6564,65,-0.2434,0.048,0.5,0.0,0.0,0.0,0.0,0.0,0.0
66.6,4.6455,1.5839,-0.2914,2.6564,65,-0.2434,0.048,0.5,0.0,0.0,0.0,0.0,0.0,0.0
66.649,4.6455,1.5839,-0.2914,2.6564,65,-0.2434,0.048,0.5,0.0,0.0,0.0,0.0,0.0,0.0
66.699,4.6455,1.5839,-0.2914,2.6564,65,-0.2434,0.048,0.5,0.0,0.0,0.0,0.0,0.0,0.0
66.749,4.6455,1.5839,-0.2914,2.6564,65,-0.2434,0.048,0.5,0.0,0.0,0.0,0.0,0.0,0.0
66.799,4.6455,1.5839,-0.2914,2.6564,65,-0.2434,0.048,0.5,0.0,0.0,0.0,0.0,0.0,0.0
66.849,4.6455,1.5839,-0.2914,2.6564,65,-0.2434,0.048,0.5,0.0,0.0,0.0,0.0,0.0,0.0
66.899,4.6455,1.5839,-0.2914,2.6564,65,-0.2434,0.048,0.5,0.0,0.0,0.0,0.0,0.0,0.0
66.949,4.6455,1.5839,-0.2914,2.6564,65,-0.2434,0.048,0.5,0.0,0.0,0.0,0.0,0.0,0.0
66.999,4.6455,1.5839,-0.2914,2.6564,65,-0.2434,0.048,0.5,0.0,0.0,0.0,0.0,0.0,0.0
67.049,4.6455,1.5839,-0.2914,2.6564,65,-0.2434,0.048,0.5,0.0,0.0,0.0,0.0,0.0,0.0
67.099,4.6455,1.5839,-0.2914,2.6564,65,-0.2434,0.048,0.5,0.0,0.0,0.0,0.0,0.0,0.0
67.149,4.6455,1.5839,-0.2914,2.6564,65,-0.2434,0.048,0.5,0.0,0.0,0.0,0.0,0.0,0.0
67.199,4.6455,1.5839,-0.2914,2.6564,65,-0.2434,0.048,0.5,0.0,0.0,0.0,0.0,0.0,0.0
67.249,4.6455,1.5839,-0.2914,2.6564,65,-0.2434,0.048,0.5,0.0,0.0,0.0,0.0,0.0,0.0
67.299,4.6455,1.5839,-0.2914,2.6564,65,-0.2434,0.048,0.5,0.0,0.0,0.0,0.0,0.0,0.0
67.349,4.6455,1.5839,-0.2914,2.6564,65,-0.2434,0.048,0.5,0.0,0.0,0.0,0.0,0.0,0.0
67.399,4.6455,1.5839,-0.2914,2.6564,65,-0.2434,0.048,0.5,0.0,0.0,0.0,0.0,0.0,0.0
67.449,4.6455,1.5839,-0.2914,2.6564,65,-0.2434,0.048,0.5,0.0,0.0,0.0,0.0,0.0,0.0
67.499,4.6455,1.5839,-0.2914,2.6564,65,-0.2434,0.048,0.5,0.0,0.0,0.0,0.0,0.0,0.0
67.549,4.6455,1.5839,-0.2914,2.6564,65,-0.2434,0.048,0.5,0.0,0.0,0.0,0.0,0.0,0.0
67.599,4.6455,1.5839,-0.2914,2.6564,65,-0.2434,0.048,0.5,0.0,0.0,0.0,0.0,0.0,0.0
67.649,4.6455,1.5839,-0.2914,2.6564,65,-0.2434,0.048,0.5,0.0,0.0,0.0,0.0,0.0,0.0
67.699,4.6455,1.5839,-0.2914,2.6564,65,-0.2434,0.048,0.5,0.0,0.0,0.0,0.0,0.0,0.0
67.75,4.6455,1.5839,-0.2914,2.6564,65,-0.2434,0.048,0.5,0.0,0.0,0.0,0.0,0.0,0.0
67.799,4.6455,1.5839,-0.2914,2.6564,65,-0.2434,0.048,0.5,0.0,0.0,0.0,0.0,0.0,0.0
67.849,4.6455,1.5839,-0.2914,2.6564,65,-0.2434,0.048,0.5,0.0,0.0,0.0,0.0,0.0,0.0
67.899,4.6455,1.5839,-0.2914,2.6564,65,-0.2434,0.048,0.5,0.0,0.0,0.0,0.0,0.0,0.0
67.949,4.6455,1.5839,-0.2914,2.6564,65,-0.2434,0.048,0.5,0.0,0.0,0.0,0.0,0.0,0.0
67.999,4.6455,1.5839,-0.2914,2.6564,65,-0.2434,0.048,0.5,0.0,0.0,0.0,0.0,0.0,0.0
68.049,4.6455,1.5839,-0.2914,2.6564,65,-0.2434,0.048,0.5,0.0,0.0,0.0,0.0,0.0,0.0
68.099,4.6455,1.5839,-0.2914,2.6564,65,-0.2434,0.048,0.5,0.0,0.0,0.0,0.0,0.0,0.0
68.149,4.6455,1.5839,-0.2914,2.6564,65,-0.2434,0.048,0.5,0.0,0.0,0.0,0.0,0.0,0.0
68.199,4.6455,1.5839,-0.2914,2.6564,65,-0.2434,0.048,0.5,0.0,0.0,0.0,0.0,0.0,0.0
68.249,4.6455,1.5839,-0.2914,2.6564,65,-0.2434,0.048,0.5,0.0,0.0,0.0,0.0,0.0,0.0
68.299,4.6455,1.5839,-0.2914,2.6564,65,-0.2434,0.048,0.5,0.0,0.0,0.0,0.0,0.0,0.0
68.349,4.6455,1.5839,-0.2914,2.6564,65,-0.2434,0.048,0.5,0.0,0.0,0.0,0.0,0.0,0.0
68.399,4.6455,1.5839,-0.2914,2.6564,65,-0.2434,0.048,0.5,0.0,0.0,0.0,0.0,0.0,0.0
68.451,4.6455,1.5839,-0.2914,2.6564,65,-0.2434,0.048,0.5,0.0,0.0,0.0,0.0,0.0,0.0
68.499,4.6455,1.5839,-0.2914,2.6564,65,-0.2434,0.048,0.5,0.0,0.0,0.0,0.0,0.0,0.0
68.55,4.6455,1.5839,-0.2914,2.6564,65,-0.2434,0.048,0.5,0.0,0.0,0.0,0.0,0.0,0.0
68.599,4.6455,1.5839,-0.2914,2.6564,65,-0.2434,0.048,0.5,0.0,0.0,0.0,0.0,0.0,0.0
68.649,4.6455,1.5839,-0.2914,2.6564,65,-0.2434,0.048,0.5,0.0,0.0,0.0,0.0,0.0,0.0
68.699,4.6455,1.5839,-0.2914,2.6564,65,-0.2434,0.048,0.5,0.0,0.0,0.0,0.0,0.0,0.0
68.75,4.6455,1.5839,-0.2914,2.6564,65,-0.2434,0.048,0.5,0.0,0.0,0.0,0.0,0.0,0.0
68.799,4.6455,1.5839,-0.2914,2.6564,65,-0.2434,0.048,0.5,0.0,0.0,0.0,0.0,0.0,0.0
68.849,4.6455,1.5839,-0.2914,2.6564,65,-0.2434,0.048,0.5,0.0,0.0,0.0,0.0,0.0,0.0
68.9,4.6455,1.5839,-0.2914,2.6564,65,-0.2434,0.048,0.5,0.0,0.0,0.0,0.0,0.0,0.0
68.949,4.6455,1.5839,-0.2914,2.6564,65,-0.2434,0.048,0.5,0.0,0.0,0.0,0.0,0.0,0.0
68.999,4.6455,1.5839,-0.2914,2.6564,65,-0.2434,0.048,0.5,0.0,0.0,0.0,0.0,0.0,0.0
69.049,4.6455,1.5839,-0.2914,2.6564,65,-0.2434,0.048,0.5,0.0,0.0,0.0,0.0,0.0,0.0
69.099,4.6455,1.5839,-0.2914,2.6564,65,-0.2434,0.048,0.5,0.0,0.0,0.0,0.0,0.0,0.0
69.15,4.6455,1.5839,-0.2914,2.6564,65,-0.2434,0.048,0.5,0.0,0.0,0.0,0.0,0.0,0.0
69.199,4.6455,1.5839,-0.2914,2.6564,65,-0.2434,0.048,0.5,0.0,0.0,0.0,0.0,0.0,0.0
69.249,4.6455,1.5839,-0.2914,2.6564,65,-0.2434,0.048,0.5,0.0,0.0,0.0,0.0,0.0,0.0
69.3,4.6455,1.5839,-0.2914,2.6564,65,-0.2434,0.048,0.5,0.0,0.0,0.0,0.0,0.0,0.0
69.349,4.6455,1.5839,-0.2914,2.6564,65,-0.2434,0.048,0.5,0.0,0.0,0.0,0.0,0.0,0.0
69.399,4.6455,1.5839,-0.2914,2.6564,65,-0.2434,0.048,0.5,0.0,0.0,0.0,0.0,0.0,0.0
69.449,4.6455,1.5839,-0.2914,2.6564,65,-0.2434,0.048,0.5,0.0,0.0,0.0,0.0,0.0,0.0
69.5,4.6455,1.5839,-0.2914,2.6564,65,-0.2434,0.048,0.5,0.0,0.0,0.0,0.0,0.0,0.0
69.549,4.6455,1.5839,-0.2914,2.6564,65,-0.2434,0.048,0.5,0.0,0.0,0.0,0.0,0.0,0.0
69.6,4.6455,1.5839,-0.2914,2.6564,65,-0.2434,0.048,0.5,0.0,0.0,0.0,0.0,0.0,0.0
69.649,4.6455,1.5839,-0.2914,2.6564,65,-0.2434,0.048,0.5,0.0,0.0,0.0,0.0,0.0,0.0
69.699,4.6455,1.5839,-0.2914,2.6564,65,-0.2434,0.048,0.5,0.0,0.0,0.0,0.0,0.0,0.0
69.749,4.6455,1.5839,-0.2914,2.6564,65,-0.2434,0.048,0.5,0.0,0.0,0.0,0.0,0.0,0.0
69.799,4.6455,1.5839,-0.2914,2.6564,65,-0.2434,0.048,0.5,0.0,0.0,0.0,0.0,0.0,0.0
69.849,4.6455,1.5839,-0.2914,2.6564,65,-0.2434,0.048,0.5,0.0,0.0,0.0,0.0,0.0,0.0
69.9,4.6455,1.5839,-0.2914,2.6564,65,-0.2434,0.048,0.5,0.0,0.0,0.0,0.0,0.0,0.0
69.949,4.6455,1.5839,-0.2914,2.6564,65,-0.2434,0.048,0.5,0.0,0.0,0.0,0.0,0.0,0.0
69.999,4.6455,1.5839,-0.2914,2.6564,65,-0.2434,0.048,0.5,0.0,0.0,0.0,0.0,0.0,0.0
70.049,4.6455,1.5839,-0.2914,2.6564,65,-0.2434,0.048,0.5,0.0,0.0,0.0,0.0,0.0,0.0
70.1,4.6455,1.5839,-0.2914,2.6564,65,-0.2434,0.048,0.5,0.0,0.0,0.0,0.0,0.0,0.0
70.149,4.6455,1.5839,-0.2914,2.6564,65,-0.2434,0.048,0.5,0.0,0.0,0.0,0.0,0.0,0.0
70.199,4.6455,1.5839,-0.2914,2.6564,65,-0.2434,0.048,0.5,0.0,0.0,0.0,0.0,0.0,0.0
70.249,4.6455,1.5839,-0.2914,2.6564,65,-0.2434,0.048,0.5,0.0,0.0,0.0,0.0,0.0,0.0
70.299,4.6455,1.5839,-0.2914,2.6564,65,-0.2434,0.048,0.5,0.0,0.0,0.0,0.0,0.0,0.0
70.349,4.6455,1.5839,-0.2914,2.6564,65,-0.2434,0.048,0.5,0.0,0.0,0.0,0.0,0.0,0.0
70.399,4.6455,1.5839,-0.2914,2.6564,65,-0.2434,0.048,0.5,0.0,0.0,0.0,0.0,0.0,0.0
70.449,4.6455,1.5839,-0.2914,2.6564,65,-0.2434,0.048,0.5,0.0,0.0,0.0,0.0,0.0,0.0
70.499,4.6455,1.5839,-0.2914,2.6564,65,-0.2434,0.048,0.5,0.0,0.0,0.0,0.0,0.0,0.0
70.55,4.6455,1.5839,-0.2914,2.6564,65,-0.2434,0.048,0.5,0.0,0.0,0.0,0.0,0.0,0.0
70.599,4.6455,1.5839,-0.2914,2.6564,65,-0.2819,0.0095,0.5,0.0,0.0,0.0,0.0,0.0,0.0
70.649,4.6455,1.5839,-0.2914,2.6564,65,-0.2819,0.0095,0.5,0.0,0.0,0.0,0.0,0.0,0.0
70.699,4.6455,1.5839,-0.2914,2.6564,65,-0.2819,0.0095,0.5,0.0,0.0,0.0,0.0,0.0,0.0
70.749,4.6455,1.5839,-0.2914,2.6564,65,-0.2819,0.0095,0.5,0.0,0.0,0.0,0.0,0.0,0.0
70.799,4.6455,1.5839,-0.2914,2.6564,65,-0.2819,0.0095,0.5,0.0,0.0,0.0,0.0,0.0,0.0
70.849,4.6455,1.5839,-0.2914,2.6564,65,-0.2819,0.0095,0.5,0.0,0.0,0.0,0.0,0.0,0.0
70.899,4.6455,1.5839,-0.2914,2.6564,65,-0.2819,0.0095,0.5,0.0,0.0,0.0,0.0,0.0,0.0
70.949,4.6455,1.5839,-0.2914,2.6564,65,-0.2819,0.0095,0.5,0.0,0.0,0.0,0.0,0.0,0.0
70.999,4.6455,1.5839,-0.2914,2.6564,65,-0.2819,0.0095,0.5,0.0,0.0,0.0,0.0,0.0,0.0
71.049,4.6455,1.5839,-0.2914,2.6564,65,-0.2819,0.0095,0.5,0.0,0.0,0.0,0.0,0.0,0.0
71.099,4.6455,1.5839,-0.2914,2.6564,65,-0.2819,0.0095,0.5,0.0,0.0,0.0,0.0,0.0,0.0
71.149,4.6455,1.5839,-0.2914,2.6564,65,-0.2819,0.0095,0.5,0.0,0.0,0.0,0.0,0.0,0.0
71.199,4.6455,1.5839,-0.2914,2.6564,65,-0.2819,0.0095,0.5,0.0,0.0,0.0,0.0,0.0,0.0
71.249,4.6455,1.5839,-0.2914,2.6564,65,-0.2819,0.0095,0.5,0.0,0.0,0.0,0.0,0.0,0.0
71.299,4.6455,1.5839,-0.2914,2.6564,65,-0.2819,0.0095,0.5,0.0,0.0,0.0,0.0,0.0,0.0
71.35,4.6455,1.5839,-0.2914,2.6564,65,-0.2819,0.0095,0.5,0.0,0.0,0.0,0.0,0.0,0.0
71.399,4.6455,1.5839,-0.2914,2.6564,65,-0.2819,0.0095,0.5,0.0,0.0,0.0,0.0,0.0,0.0
71.449,4.6455,1.5839,-0.2914,2.6564,65,-0.2819,0.0095,0.5,0.0,0.0,0.0,0.0,0.0,0.0
71.499,4.6455,1.5839,-0.2914,2.6564,65,-0.2819,0.0095,0.5,0.0,0.0,0.0,0.0,0.0,0.0
71.549,4.6455,1.5839,-0.2914,2.6564,65,-0.2819,0.0095,0.5,0.0,0.0,0.0,0.0,0.0,0.0
71.599,4.6455,1.5839,-0.2914,2.6564,65,-0.2434,0.048,0.5,0.0,0.0,0.0,0.0,0.0,0.0
71.649,4.6455,1.5839,-0.2914,2.6564,65,-0.2434,0.048,0.5,0.0,0.0,0.0,0.0,0.0,0.0
71.699,4.6455,1.5839,-0.2914,2.6564,65,-0.2434,0.048,0.5,0.0,0.0,0.0,0.0,0.0,0.0
71.749,4.6455,1.5839,-0.2914,2.6564,65,-0.2434,0.048,0.5,0.0,0.0,0.0,0.0,0.0,0.0
71.799,4.6455,1.5839,-0.2914,2.6564,65,-0.2434,0.048,0.5,0.0,0.0,0.0,0.0,0.0,0.0
71.849,4.6455,1.5839,-0.2914,2.6564,65,-0.2434,0.048,0.5,0.0,0.0,0.0,0.0,0.0,0.0
71.899,4.6455,1.5839,-0.2914,2.6564,65,-0.2434,0.048,0.5,0.0,0.0,0.0,0.0,0.0,0.0
71.949,4.6455,1.5839,-0.2914,2.6564,65,-0.2434,0.048,0.5,0.0,0.0,0.0,0.0,0.0,0.0
71.999,4.6455,1.5839,-0.2914,2.6564,65,-0.2434,0.048,0.5,0.0,0.0,0.0,0.0,0.0,0.0
72.049,4.6455,1.5839,-0.2914,2.6564,65,-0.2434,0.048,0.5,0.0,0.0,0.0,0.0,0.0,0.0
72.099,4.6455,1.5839,-0.2914,2.6564,65,-0.2434,0.048,0.5,0.0,0.0,0.0,0.0,0.0,0.0
72.149,4.6455,1.5839,-0.2914,2.6564,65,-0.2434,0.048,0.5,0.0,0.0,0.0,0.0,0.0,0.0
72.199,4.6455,1.5839,-0.2914,2.6564,65,-0.2434,0.048,0.5,0.0,0.0,0.0,0.0,0.0,0.0
72.249,4.6455,1.5839,-0.2914,2.6564,65,-0.2434,0.048,0.5,0.0,0.0,0.0,0.0,0.0,0.0
72.299,4.6455,1.5839,-0.2914,2.6564,65,-0.2434,0.048,0.5,0.0,0.0,0.0,0.0,0.0,0.0
72.349,4.6455,1.5839,-0.2914,2.6564,65,-0.2434,0.048,0.5,0.0,0.0,0.0,0.0,0.0,0.0
72.399,4.6455,1.5839,-0.2914,2.6564,65,-0.2434,0.048,0.5,0.0,0.0,0.0,0.0,0.0,0.0
72.449,4.6455,1.5839,-0.2914,2.6564,65,-0.2434,0.048,0.5,0.0,0.0,0.0,0.0,0.0,0.0
72.5,4.6455,1.5839,-0.2914,2.6564,65,-0.2434,0.048,0.5,0.0,0.0,0.0,0.0,0.0,0.0
72.549,4.6455,1.5839,-0.2914,2.6564,65,-0.2434,0.048,0.5,0.0,0.0,0.0,0.0,0.0,0.0
72.599,4.6455,1.5839,-0.2914,2.6564,65,-0.2434,0.048,0.5,0.0,0.0,0.0,0.0,0.0,0.0
72.649,4.6455,1.5839,-0.2914,2.6564,65,-0.2434,0.048,0.5,0.0,0.0,0.0,0.0,0.0,0.0
72.699,4.6455,1.5839,-0.2914,2.6564,65,-0.2434,0.048,0.5,0.0,0.0,0.0,0.0,0.0,0.0
72.749,4.6455,1.5839,-0.2914,2.6564,65,-0.2434,0.048,0.5,0.0,0.0,0.0,0.0,0.0,0.0
72.799,4.6455,1.5839,-0.2914,2.6564,65,-0.2434,0.048,0.5,0.0,0.0,0.0,0.0,0.0,0.0
72.849,4.6455,1.5839,-0.2914,2.6564,65,-0.2434,0.048,0.5,0.0,0.0,0.0,0.0,0.0,0.0
72.899,4.6455,1.5839,-0.2914,2.6564,65,-0.2434,0.048,0.5,0.0,0.0,0.0,0.0,0.0,0.0
72.949,4.6455,1.5839,-0.2914,2.6564,65,-0.2434,0.048,0.5,0.0,0.0,0.0,0.0,0.0,0.0
72.999,4.6455,1.5839,-0.2914,2.6564,65,-0.2434,0.048,0.5,0.0,0.0,0.0,0.0,0.0,0.0
73.049,4.6455,1.5839,-0.2914,2.6564,65,-0.2434,0.048,0.5,0.0,0.0,0.0,0.0,0.0,0.0
73.1,4.6455,1.5839,-0.2914,2.6564,65,-0.2434,0.048,0.5,0.0,0.0,0.0,0.0,0.0,0.0
73.149,4.6455,1.5839,-0.2914,2.6564,65,-0.2434,0.048,0.5,0.0,0.0,0.0,0.0,0.0,0.0
73.199,4.6455,1.5839,-0.2914,2.6564,65,-0.2434,0.048,0.5,0.0,0.0,0.0,0.0,0.0,0.0
73.249,4.6455,1.5839,-0.2914,2.6564,65,-0.2434,0.048,0.5,0.0,0.0,0.0,0.0,0.0,0.0
73.299,4.6455,1.5839,-0.2914,2.6564,65,-0.2434,0.048,0.5,0.0,0.0,0.0,0.0,0.0,0.0
73.349,4.6455,1.5839,-0.2914,2.6564,65,-0.2434,0.048,0.5,0.0,0.0,0.0,0.0,0.0,0.0
73.399,4.6455,1.5839,-0.2914,2.6564,65,-0.2434,0.048,0.5,0.0,0.0,0.0,0.0,0.0,0.0
73.449,4.6455,1.5839,-0.2914,2.6564,65,-0.2434,0.048,0.5,0.0,0.0,0.0,0.0,0.0,0.0
73.499,4.6455,1.5839,-0.2914,2.6564,65,-0.2434,0.048,0.5,0.0,0.0,0.0,0.0,0.0,0.0
73.549,4.6455,1.5839,-0.2914,2.6564,65,-0.2434,0.048,0.5,0.0,0.0,0.0,0.0,0.0,0.0
73.6,4.6455,1.5839,-0.2914,2.6564,65,-0.2434,0.048,0.5,0.0,0.0,0.0,0.0,0.0,0.0
73.649,4.6455,1.5839,-0.2914,2.6564,65,-0.2434,0.048,0.5,0.0,0.0,0.0,0.0,0.0,0.0
73.699,4.6455,1.5839,-0.2914,2.6564,65,-0.2434,0.048,0.5,0.0,0.0,0.0,0.0,0.0,0.0
73.749,4.6455,1.5839,-0.2914,2.6564,65,-0.2434,0.048,0.5,0.0,0.0,0.0,0.0,0.0,0.0
73.8,4.6455,1.5839,-0.2914,2.6564,65,-0.2434,0.048,0.5,0.0,0.0,0.0,0.0,0.0,0.0
73.849,4.6455,1.5839,-0.2914,2.6564,65,-0.2434,0.048,0.5,0.0,0.0,0.0,0.0,0.0,0.0
73.899,4.6455,1.5839,-0.2914,2.6564,65,-0.2434,0.048,0.5,0.0,0.0,0.0,0.0,0.0,0.0
73.949,4.6455,1.5839,-0.2914,2.6564,65,-0.2434,0.048,0.5,0.0,0.0,0.0,0.0,0.0,0.0
73.999,4.6455,1.5839,-0.2914,2.6564,65,-0.2434,0.048,0.5,0.0,0.0,0.0,0.0,0.0,0.0
74.049,4.6455,1.5839,-0.2914,2.6564,65,-0.2434,0.048,0.5,0.0,0.0,0.0,0.0,0.0,0.0
74.099,4.6455,1.5839,-0.2914,2.6564,65,-0.2434,0.048,0.5,0.0,0.0,0.0,0.0,0.0,0.0
74.149,4.6455,1.5839,-0.2914,2.6564,65,-0.2434,0.048,0.5,0.0,0.0,0.0,0.0,0.0,0.0
74.2,4.6455,1.5839,-0.2914,2.6564,65,-0.2434,0.048,0.5,0.0,0.0,0.0,0.0,0.0,0.0
74.249,4.6455,1.5839,-0.2914,2.6564,65,-0.2434,0.048,0.5,0.0,0.0,0.0,0.0,0.0,0.0
74.299,4.6455,1.5839,-0.2914,2.6564,65,-0.2434,0.048,0.5,0.0,0.0,0.0,0.0,0.0,0.0
74.349,4.6455,1.5839,-0.2914,2.6564,65,-0.2434,0.048,0.5,0.0,0.0,0.0,0.0,0.0,0.0
74.399,4.6455,1.5839,-0.2914,2.6564,65,-0.2434,0.048,0.5,0.0,0.0,0.0,0.0,0.0,0.0
74.449,4.6455,1.5839,-0.2914,2.6564,65,-0.2434,0.048,0.5,0.0,0.0,0.0,0.0,0.0,0.0
74.499,4.6455,1.5839,-0.2914,2.6564,65,-0.2434,0.048,0.5,0.0,0.0,0.0,0.0,0.0,0.0
74.55,4.6455,1.5839,-0.2914,2.6564,65,-0.2434,0.048,0.5,0.0,0.0,0.0,0.0,0.0,0.0
74.599,4.6455,1.5839,-0.2914,2.6564,65,-0.2434,0.048,0.5,0.0,0.0,0.0,0.0,0.0,0.0
74.649,4.6455,1.5839,-0.2914,2.6564,65,-0.2434,0.048,0.5,0.0,0.0,0.0,0.0,0.0,0.0
74.699,4.6455,1.5839,-0.2914,2.6564,65,-0.2434,0.048,0.5,0.0,0.0,0.0,0.0,0.0,0.0
74.749,4.6455,1.5839,-0.2914,2.6564,65,-0.2597,0.0316,0.5,0.0,0.0,0.0,0.0,0.0,0.0
74.799,4.6455,1.5839,-0.2914,2.6564,65,-0.2597,0.0316,0.5,0.0,0.0,0.0,0.0,0.0,0.0
74.849,4.6455,1.5839,-0.2914,2.6564,65,-0.2597,0.0316,0.5,0.0,0.0,0.0,0.0,0.0,0.0
74.9,4.6455,1.5839,-0.2914,2.6564,65,-0.2597,0.0316,0.5,0.0,0.0,0.0,0.0,0.0,0.0
74.949,4.6455,1.5839,-0.2914,2.6564,65,-0.2597,0.0316,0.5,0.0,0.0,0.0,0.0,0.0,0.0
75.0,4.6455,1.5839,-0.2914,2.6564,65,-0.2597,0.0316,0.5,0.0,0.0,0.0,0.0,0.0,0.0
75.049,4.6455,1.5839,-0.2914,2.6564,65,-0.2597,0.0316,0.5,0.0,0.0,0.0,0.0,0.0,0.0
75.099,4.6455,1.5839,-0.2914,2.6564,65,-0.2597,0.0316,0.5,0.0,0.0,0.0,0.0,0.0,0.0
75.149,4.6455,1.5839,-0.2914,2.6564,65,-0.2597,0.0316,0.5,0.0,0.0,0.0,0.0,0.0,0.0
75.199,4.6455,1.5839,-0.2914,2.6564,65,-0.2597,0.0316,0.5,0.0,0.0,0.0,0.0,0.0,0.0
75.249,4.6455,1.5839,-0.2914,2.6564,65,-0.2597,0.0316,0.5,0.0,0.0,0.0,0.0,0.0,0.0
75.299,4.6455,1.5839,-0.2914,2.6564,65,-0.2597,0.0316,0.5,0.0,0.0,0.0,0.0,0.0,0.0
75.35,4.6455,1.5839,-0.2914,2.6564,65,-0.2597,0.0316,0.5,0.0,0.0,0.0,0.0,0.0,0.0
75.399,4.6455,1.5839,-0.2914,2.6564,65,-0.2597,0.0316,0.5,0.0,0.0,0.0,0.0,0.0,0.0
75.449,4.6455,1.5839,-0.2914,2.6564,65,-0.2597,0.0316,0.5,0.0,0.0,0.0,0.0,0.0,0.0
75.499,4.6455,1.5839,-0.2914,2.6564,65,-0.2597,0.0316,0.5,0.0,0.0,0.0,0.0,0.0,0.0
75.549,4.6455,1.5839,-0.2914,2.6564,65,-0.2597,0.0316,0.5,0.0,0.0,0.0,0.0,0.0,0.0
75.599,4.6455,1.5839,-0.2914,2.6564,65,-0.2597,0.0316,0.5,0.0,0.0,0.0,0.0,0.0,0.0
75.649,4.6455,1.5839,-0.2914,2.6564,65,-0.2597,0.0316,0.5,0.0,0.0,0.0,0.0,0.0,0.0
75.703,4.6455,1.5839,-0.2914,2.6564,65,-0.2597,0.0316,0.5,0.0,0.0,0.0,0.0,0.0,0.0
75.749,4.6455,1.5839,-0.2914,2.6564,65,-0.2434,0.048,0.5,0.0,0.0,0.0,0.0,0.0,0.0
75.799,4.6455,1.5839,-0.2914,2.6564,65,-0.2434,0.048,0.5,0.0,0.0,0.0,0.0,0.0,0.0
75.849,4.6455,1.5839,-0.2914,2.6564,65,-0.2434,0.048,0.5,0.0,0.0,0.0,0.0,0.0,0.0
75.899,4.6455,1.5839,-0.2914,2.6564,65,-0.2434,0.048,0.5,0.0,0.0,0.0,0.0,0.0,0.0
75.949,4.6455,1.5839,-0.2914,2.6564,65,-0.2434,0.048,0.5,0.0,0.0,0.0,0.0,0.0,0.0
75.999,4.6455,1.5839,-0.2914,2.6564,65,-0.2434,0.048,0.5,0.0,0.0,0.0,0.0,0.0,0.0
76.049,4.6455,1.5839,-0.2914,2.6564,65,-0.2434,0.048,0.5,0.0,0.0,0.0,0.0,0.0,0.0
76.099,4.6455,1.5839,-0.2914,2.6564,65,-0.2434,0.048,0.5,0.0,0.0,0.0,0.0,0.0,0.0
76.149,4.6455,1.5839,-0.2914,2.6564,65,-0.2434,0.048,0.5,0.0,0.0,0.0,0.0,0.0,0.0
76.199,4.6455,1.5839,-0.2914,2.6564,65,-0.2434,0.048,0.5,0.0,0.0,0.0,0.0,0.0,0.0
76.249,4.6455,1.5839,-0.2914,2.6564,65,-0.2434,0.048,0.5,0.0,0.0,0.0,0.0,0.0,0.0
76.299,4.6455,1.5839,-0.2914,2.6564,65,-0.2434,0.048,0.5,0.0,0.0,0.0,0.0,0.0,0.0
76.349,4.6455,1.5839,-0.2914,2.6564,65,-0.2434,0.048,0.5,0.0,0.0,0.0,0.0,0.0,0.0
76.399,4.6455,1.5839,-0.2914,2.6564,65,-0.2434,0.048,0.5,0.0,0.0,0.0,0.0,0.0,0.0
76.449,4.6455,1.5839,-0.2914,2.6564,65,-0.2434,0.048,0.5,0.0,0.0,0.0,0.0,0.0,0.0
76.499,4.6455,1.5839,-0.2914,2.6564,65,-0.2434,0.048,0.5,0.0,0.0,0.0,0.0,0.0,0.0
76.549,4.6455,1.5839,-0.2914,2.6564,65,-0.2434,0.048,0.5,0.0,0.0,0.0,0.0,0.0,0.0
76.599,4.6455,1.5839,-0.2914,2.6564,65,-0.2434,0.048,0.5,0.0,0.0,0.0,0.0,0.0,0.0
76.649,4.6455,1.5839,-0.2914,2.6564,65,-0.2434,0.048,0.5,0.0,0.0,0.0,0.0,0.0,0.0
76.699,4.6455,1.5839,-0.2914,2.6564,65,-0.2434,0.048,0.5,0.0,0.0,0.0,0.0,0.0,0.0
76.749,4.6455,1.5839,-0.2914,2.6564,65,-0.2434,0.048,0.5,0.0,0.0,0.0,0.0,0.0,0.0
76.799,4.6455,1.5839,-0.2914,2.6564,65,-0.2434,0.048,0.5,0.0,0.0,0.0,0.0,0.0,0.0
76.849,4.6455,1.5839,-0.2914,2.6564,65,-0.2434,0.048,0.5,0.0,0.0,0.0,0.0,0.0,0.0
76.899,4.6455,1.5839,-0.2914,2.6564,65,-0.2434,0.048,0.5,0.0,0.0,0.0,0.0,0.0,0.0
76.949,4.6455,1.5839,-0.2914,2.6564,65,-0.2434,0.048,0.5,0.0,0.0,0.0,0.0,0.0,0.0
76.999,4.6455,1.5839,-0.2914,2.6564,65,-0.2434,0.048,0.5,0.0,0.0,0.0,0.0,0.0,0.0
77.049,4.6455,1.5839,-0.2914,2.6564,65,-0.2434,0.048,0.5,0.0,0.0,0.0,0.0,0.0,0.0
77.099,4.6455,1.5839,-0.2914,2.6564,65,-0.2434,0.048,0.5,0.0,0.0,0.0,0.0,0.0,0.0
77.149,4.6455,1.5839,-0.2914,2.6564,65,-0.2434,0.048,0.5,0.0,0.0,0.0,0.0,0.0,0.0
77.199,4.6455,1.5839,-0.2914,2.6564,65,-0.2434,0.048,0.5,0.0,0.0,0.0,0.0,0.0,0.0
77.249,4.6455,1.5839,-0.2914,2.6564,65,-0.2434,0.048,0.5,0.0,0.0,0.0,0.0,0.0,0.0
77.299,4.6455,1.5839,-0.2914,2.6564,65,-0.2434,0.048,0.5,0.0,0.0,0.0,0.0,0.0,0.0
77.349,4.6455,1.5839,-0.2914,2.6564,65,-0.2434,0.048,0.5,0.0,0.0,0.0,0.0,0.0,0.0
77.399,4.6455,1.5839,-0.2914,2.6564,65,-0.2434,0.048,0.5,0.0,0.0,0.0,0.0,0.0,0.0
77.449,4.6455,1.5839,-0.2914,2.6564,65,-0.2434,0.048,0.5,0.0,0.0,0.0,0.0,0.0,0.0
77.499,4.6455,1.5839,-0.2914,2.6564,65,-0.2434,0.048,0.5,0.0,0.0,0.0,0.0,0.0,0.0
77.549,4.6455,1.5839,-0.2914,2.6564,65,-0.2434,0.048,0.5,0.0,0.0,0.0,0.0,0.0,0.0
77.599,4.6455,1.5839,-0.2914,2.6564,65,-0.2434,0.048,0.5,0.0,0.0,0.0,0.0,0.0,0.0
77.649,4.6455,1.5839,-0.2914,2.6564,65,-0.2434,0.048,0.5,0.0,0.0,0.0,0.0,0.0,0.0
77.7,4.6455,1.5839,-0.2914,2.6564,65,-0.2434,0.048,0.5,0.0,0.0,0.0,0.0,0.0,0.0
77.749,4.6455,1.5839,-0.2914,2.6564,65,-0.2434,0.048,0.5,0.0,0.0,0.0,0.0,0.0,0.0
77.799,4.6455,1.5839,-0.2914,2.6564,65,-0.2434,0.048,0.5,0.0,0.0,0.0,0.0,0.0,0.0
77.849,4.6455,1.5839,-0.2914,2.6564,65,-0.2434,0.048,0.5,0.0,0.0,0.0,0.0,0.0,0.0
77.899,4.6455,1.5839,-0.2914,2.6564,65,-0.2434,0.048,0.5,0.0,0.0,0.0,0.0,0.0,0.0
77.949,4.6455,1.5839,-0.2914,2.6564,65,-0.2434,0.048,0.5,0.0,0.0,0.0,0.0,0.0,0.0
78.0,4.6455,1.5839,-0.2914,2.6564,65,-0.2434,0.048,0.5,0.0,0.0,0.0,0.0,0.0,0.0
78.049,4.6455,1.5839,-0.2914,2.6564,65,-0.2434,0.048,0.5,0.0,0.0,0.0,0.0,0.0,0.0
78.099,4.6455,1.5839,-0.2914,2.6564,65,-0.2434,0.048,0.5,0.0,0.0,0.0,0.0,0.0,0.0
78.149,4.6455,1.5839,-0.2914,2.6564,65,-0.2434,0.048,0.5,0.0,0.0,0.0,0.0,0.0,0.0
78.199,4.6455,1.5839,-0.2914,2.6564,65,-0.2434,0.048,0.5,0.0,0.0,0.0,0.0,0.0,0.0
78.249,4.6455,1.5839,-0.2914,2.6564,65,-0.2434,0.048,0.5,0.0,0.0,0.0,0.0,0.0,0.0
78.299,4.6455,1.5839,-0.2914,2.6564,65,-0.2434,0.048,0.5,0.0,0.0,0.0,0.0,0.0,0.0
78.349,4.6455,1.5839,-0.2914,2.6564,65,-0.2434,0.048,0.5,0.0,0.0,0.0,0.0,0.0,0.0
78.399,4.6455,1.5839,-0.2914,2.6564,65,-0.2434,0.048,0.5,0.0,0.0,0.0,0.0,0.0,0.0
78.449,4.6455,1.5839,-0.2914,2.6564,65,-0.2434,0.048,0.5,0.0,0.0,0.0,0.0,0.0,0.0
78.499,4.6455,1.5839,-0.2914,2.6564,65,-0.2434,0.048,0.5,0.0,0.0,0.0,0.0,0.0,0.0
78.549,4.6455,1.5839,-0.2914,2.6564,65,-0.2434,0.048,0.5,0.0,0.0,0.0,0.0,0.0,0.0
78.599,4.6455,1.5839,-0.2914,2.6564,65,-0.2434,0.048,0.5,0.0,0.0,0.0,0.0,0.0,0.0
78.649,4.6455,1.5839,-0.2914,2.6564,65,-0.2434,0.048,0.5,0.0,0.0,0.0,0.0,0.0,0.0
78.699,4.6455,1.5839,-0.2914,2.6564,65,-0.2434,0.048,0.5,0.0,0.0,0.0,0.0,0.0,0.0
78.749,4.6455,1.5839,-0.2914,2.6564,65,-0.2434,0.048,0.5,0.0,0.0,0.0,0.0,0.0,0.0
78.799,4.6455,1.5839,-0.2914,2.6564,65,-0.2434,0.048,0.5,0.0,0.0,0.0,0.0,0.0,0.0
78.849,4.6455,1.5839,-0.2914,2.6564,65,-0.2434,0.048,0.5,0.0,0.0,0.0,0.0,0.0,0.0
78.899,4.6455,1.5839,-0.2914,2.6564,65,-0.2434,0.048,0.5,0.0,0.0,0.0,0.0,0.0,0.0
78.949,4.6455,1.5839,-0.2914,2.6564,65,-0.2434,0.048,0.5,0.0,0.0,0.0,0.0,0.0,0.0
78.999,4.6455,1.5839,-0.2914,2.6564,65,-0.2434,0.048,0.5,0.0,0.0,0.0,0.0,0.0,0.0
79.049,4.6455,1.5839,-0.2914,2.6564,65,-0.2434,0.048,0.5,0.0,0.0,0.0,0.0,0.0,0.0
79.099,4.6455,1.5839,-0.2914,2.6564,65,-0.2434,0.048,0.5,0.0,0.0,0.0,0.0,0.0,0.0
79.149,4.6455,1.5839,-0.2914,2.6564,65,-0.2434,0.048,0.5,0.0,0.0,0.0,0.0,0.0,0.0
79.2,4.6455,1.5839,-0.2914,2.6564,65,-0.2434,0.048,0.5,0.0,0.0,0.0,0.0,0.0,0.0
79.249,4.6455,1.5839,-0.2914,2.6564,65,-0.2434,0.048,0.5,0.0,0.0,0.0,0.0,0.0,0.0
79.299,4.6455,1.5839,-0.2914,2.6564,65,-0.2434,0.048,0.5,0.0,0.0,0.0,0.0,0.0,0.0
79.349,4.6455,1.5839,-0.2914,2.6564,65,-0.2434,0.048,0.5,0.0,0.0,0.0,0.0,0.0,0.0
79.399,4.6455,1.5839,-0.2914,2.6564,65,-0.2434,0.048,0.5,0.0,0.0,0.0,0.0,0.0,0.0
79.449,4.6455,1.5839,-0.2914,2.6564,65,-0.2434,0.048,0.5,0.0,0.0,0.0,0.0,0.0,0.0
79.499,4.6455,1.5839,-0.2914,2.6564,65,-0.2434,0.048,0.5,0.0,0.0,0.0,0.0,0.0,0.0
79.549,4.6455,1.5839,-0.2914,2.6564,65,-0.2434,0.048,0.5,0.0,0.0,0.0,0.0,0.0,0.0
79.599,4.6455,1.5839,-0.2914,2.6564,65,-0.2434,0.048,0.5,0.0,0.0,0.0,0.0,0.0,0.0
79.649,4.6455,1.5839,-0.2914,2.6564,65,-0.2434,0.048,0.5,0.0,0.0,0.0,0.0,0.0,0.0
79.699,4.6455,1.5839,-0.2914,2.6564,65,-0.2434,0.048,0.5,0.0,0.0,0.0,0.0,0.0,0.0
79.749,4.6455,1.5839,-0.2914,2.6564,65,-0.2434,0.048,0.5,0.0,0.0,0.0,0.0,0.0,0.0
79.799,4.6455,1.5839,-0.2914,2.6564,65,-0.2434,0.048,0.5,0.0,0.0,0.0,0.0,0.0,0.0
79.849,4.6455,1.5839,-0.2914,2.6564,65,-0.2434,0.048,0.5,0.0,0.0,0.0,0.0,0.0,0.0
79.899,4.6455,1.5839,-0.2914,2.6564,65,-0.2434,0.048,0.5,0.0,0.0,0.0,0.0,0.0,0.0
79.949,4.6455,1.5839,-0.2914,2.6564,65,-0.2434,0.048,0.5,0.0,0.0,0.0,0.0,0.0,0.0
79.999,4.6455,1.5839,-0.2914,2.6564,65,-0.2434,0.048,0.5,0.0,0.0,0.0,0.0,0.0,0.0
80.05,4.6455,1.5839,-0.2914,2.6564,65,-0.2434,0.048,0.5,0.0,0.0,0.0,0.0,0.0,0.0
80.099,4.6455,1.5839,-0.2914,2.6564,65,-0.2434,0.048,0.5,0.0,0.0,0.0,0.0,0.0,0.0
80.149,4.6455,1.5839,-0.2914,2.6564,65,-0.2434,0.048,0.5,0.0,0.0,0.0,0.0,0.0,0.0
80.199,4.6455,1.5839,-0.2914,2.6564,65,-0.2434,0.048,0.5,0.0,0.0,0.0,0.0,0.0,0.0
80.249,4.6455,1.5839,-0.2914,2.6564,65,-0.2434,0.048,0.5,0.0,0.0,0.0,0.0,0.0,0.0
80.299,4.6455,1.5839,-0.2914,2.6564,65,-0.2434,0.048,0.5,0.0,0.0,0.0,0.0,0.0,0.0
80.349,4.6455,1.5839,-0.2914,2.6564,65,-0.2434,0.048,0.5,0.0,0.0,0.0,0.0,0.0,0.0
80.399,4.6455,1.5839,-0.2914,2.6564,65,-0.2434,0.048,0.5,0.0,0.0,0.0,0.0,0.0,0.0
80.449,4.6455,1.5839,-0.2914,2.6564,65,-0.2434,0.048,0.5,0.0,0.0,0.0,0.0,0.0,0.0
80.499,4.6455,1.5839,-0.2914,2.6564,65,-0.2434,0.048,0.5,0.0,0.0,0.0,0.0,0.0,0.0
80.55,4.6455,1.5839,-0.2914,2.6564,65,-0.2434,0.048,0.5,0.0,0.0,0.0,0.0,0.0,0.0
80.599,4.6455,1.5839,-0.2914,2.6564,65,-0.2434,0.048,0.5,0.0,0.0,0.0,0.0,0.0,0.0
80.649,4.6455,1.5839,-0.2914,2.6564,65,-0.2434,0.048,0.5,0.0,0.0,0.0,0.0,0.0,0.0
80.699,4.6455,1.5839,-0.2914,2.6564,65,-0.2434,0.048,0.5,0.0,0.0,0.0,0.0,0.0,0.0
80.749,4.6455,1.5839,-0.2914,2.6564,65,-0.2434,0.048,0.5,0.0,0.0,0.0,0.0,0.0,0.0
80.799,4.6455,1.5839,-0.2914,2.6564,65,-0.2434,0.048,0.5,0.0,0.0,0.0,0.0,0.0,0.0
80.85,4.6455,1.5839,-0.2914,2.6564,65,-0.2434,0.048,0.5,0.0,0.0,0.0,0.0,0.0,0.0
80.899,4.6455,1.5839,-0.2914,2.6564,65,-0.2434,0.048,0.5,0.0,0.0,0.0,0.0,0.0,0.0
80.949,4.6455,1.5839,-0.2914,2.6564,65,-0.2434,0.048,0.5,0.0,0.0,0.0,0.0,0.0,0.0
80.999,4.6455,1.5839,-0.2914,2.6564,65,-0.2434,0.048,0.5,0.0,0.0,0.0,0.0,0.0,0.0
81.049,4.6455,1.5839,-0.2914,2.6564,65,-0.2434,0.048,0.5,0.0,0.0,0.0,0.0,0.0,0.0
81.099,4.6455,1.5839,-0.2914,2.6564,65,-0.2434,0.048,0.5,0.0,0.0,0.0,0.0,0.0,0.0
81.149,4.6455,1.5839,-0.2914,2.6564,65,-0.2434,0.048,0.5,0.0,0.0,0.0,0.0,0.0,0.0
81.2,4.6455,1.5839,-0.2914,2.6564,65,-0.2434,0.048,0.5,0.0,0.0,0.0,0.0,0.0,0.0
81.249,4.6455,1.5839,-0.2914,2.6564,65,-0.2434,0.048,0.5,0.0,0.0,0.0,0.0,0.0,0.0
81.299,4.6455,1.5839,-0.2914,2.6564,65,-0.2434,0.048,0.5,0.0,0.0,0.0,0.0,0.0,0.0
81.349,4.6455,1.5839,-0.2914,2.6564,65,-0.2434,0.048,0.5,0.0,0.0,0.0,0.0,0.0,0.0
81.399,4.6455,1.5839,-0.2914,2.6564,65,-0.2434,0.048,0.5,0.0,0.0,0.0,0.0,0.0,0.0
81.449,4.6455,1.5839,-0.2914,2.6564,65,-0.2434,0.048,0.5,0.0,0.0,0.0,0.0,0.0,0.0
81.499,4.6455,1.5839,-0.2914,2.6564,65,-0.2434,0.048,0.5,0.0,0.0,0.0,0.0,0.0,0.0
81.549,4.6455,1.5839,-0.2914,2.6564,65,-0.2434,0.048,0.5,0.0,0.0,0.0,0.0,0.0,0.0
81.599,4.6455,1.5839,-0.2914,2.6564,65,-0.2434,0.048,0.5,0.0,0.0,0.0,0.0,0.0,0.0
81.649,4.6455,1.5839,-0.2914,2.6564,65,-0.2434,0.048,0.5,0.0,0.0,0.0,0.0,0.0,0.0
81.699,4.6455,1.5839,-0.2914,2.6564,65,-0.2434,0.048,0.5,0.0,0.0,0.0,0.0,0.0,0.0
81.749,4.6455,1.5839,-0.2914,2.6564,65,-0.2434,0.048,0.5,0.0,0.0,0.0,0.0,0.0,0.0
81.799,4.6455,1.5839,-0.2914,2.6564,65,-0.2434,0.048,0.5,0.0,0.0,0.0,0.0,0.0,0.0
81.849,4.6455,1.5839,-0.2914,2.6564,65,-0.2434,0.048,0.5,0.0,0.0,0.0,0.0,0.0,0.0
81.899,4.6455,1.5839,-0.2914,2.6564,65,-0.2434,0.048,0.5,0.0,0.0,0.0,0.0,0.0,0.0
81.95,4.6455,1.5839,-0.2914,2.6564,65,-0.2434,0.048,0.5,0.0,0.0,0.0,0.0,0.0,0.0
81.999,4.6455,1.5839,-0.2914,2.6564,65,-0.2434,0.048,0.5,0.0,0.0,0.0,0.0,0.0,0.0
82.049,4.6455,1.5839,-0.2914,2.6564,65,-0.2434,0.048,0.5,0.0,0.0,0.0,0.0,0.0,0.0
82.099,4.6455,1.5839,-0.2914,2.6564,65,-0.2434,0.048,0.5,0.0,0.0,0.0,0.0,0.0,0.0
82.15,4.6455,1.5839,-0.2914,2.6564,65,-0.2434,0.048,0.5,0.0,0.0,0.0,0.0,0.0,0.0
82.199,4.6455,1.5839,-0.2914,2.6564,65,-0.2434,0.048,0.5,0.0,0.0,0.0,0.0,0.0,0.0
82.249,4.6455,1.5839,-0.2914,2.6564,65,-0.2434,0.048,0.5,0.0,0.0,0.0,0.0,0.0,0.0
82.299,4.6455,1.5839,-0.2914,2.6564,65,-0.2434,0.048,0.5,0.0,0.0,0.0,0.0,0.0,0.0
82.349,4.6455,1.5839,-0.2914,2.6564,65,-0.2434,0.048,0.5,0.0,0.0,0.0,0.0,0.0,0.0
82.399,4.6455,1.5839,-0.2914,2.6564,65,-0.2434,0.048,0.5,0.0,0.0,0.0,0.0,0.0,0.0
82.449,4.6455,1.5839,-0.2914,2.6564,65,-0.2434,0.048,0.5,0.0,0.0,0.0,0.0,0.0,0.0
82.499,4.6455,1.5839,-0.2914,2.6564,65,-0.2434,0.048,0.5,0.0,0.0,0.0,0.0,0.0,0.0
82.549,4.6455,1.5839,-0.2914,2.6564,65,-0.2434,0.048,0.5,0.0,0.0,0.0,0.0,0.0,0.0
82.599,4.6455,1.5839,-0.2914,2.6564,65,-0.2434,0.048,0.5,0.0,0.0,0.0,0.0,0.0,0.0
82.649,4.6455,1.5839,-0.2914,2.6564,65,-0.2434,0.048,0.5,0.0,0.0,0.0,0.0,0.0,0.0
82.699,4.6455,1.5839,-0.2914,2.6564,65,-0.2434,0.048,0.5,0.0,0.0,0.0,0.0,0.0,0.0
82.749,4.6455,1.5839,-0.2914,2.6564,65,-0.2434,0.048,0.5,0.0,0.0,0.0,0.0,0.0,0.0
82.799,4.6455,1.5839,-0.2914,2.6564,65,-0.2434,0.048,0.5,0.0,0.0,0.0,0.0,0.0,0.0
82.849,4.6455,1.5839,-0.2914,2.6564,65,-0.2434,0.048,0.5,0.0,0.0,0.0,0.0,0.0,0.0
82.899,4.6455,1.5839,-0.2914,2.6564,65,-0.2434,0.048,0.5,0.0,0.0,0.0,0.0,0.0,0.0
82.949,4.6455,1.5839,-0.2914,2.6564,65,-0.2434,0.048,0.5,0.0,0.0,0.0,0.0,0.0,0.0
82.999,4.6455,1.5839,-0.2914,2.6564,65,-0.2434,0.048,0.5,0.0,0.0,0.0,0.0,0.0,0.0
83.049,4.6455,1.5839,-0.2914,2.6564,65,-0.2434,0.048,0.5,0.0,0.0,0.0,0.0,0.0,0.0
83.099,4.6455,1.5839,-0.2914,2.6564,65,-0.2434,0.048,0.5,0.0,0.0,0.0,0.0,0.0,0.0
83.149,4.6455,1.5839,-0.2914,2.6564,65,-0.2434,0.048,0.5,0.0,0.0,0.0,0.0,0.0,0.0
83.199,4.6455,1.5839,-0.2914,2.6564,65,-0.2434,0.048,0.5,0.0,0.0,0.0,0.0,0.0,0.0
83.249,4.6455,1.5839,-0.2914,2.6564,65,-0.2434,0.048,0.5,0.0,0.0,0.0,0.0,0.0,0.0
83.299,4.6455,1.5839,-0.2914,2.6564,65,-0.2434,0.048,0.5,0.0,0.0,0.0,0.0,0.0,0.0
83.349,4.6455,1.5839,-0.2914,2.6564,65,-0.2434,0.048,0.5,0.0,0.0,0.0,0.0,0.0,0.0
83.4,4.6455,1.5839,-0.2914,2.6564,65,-0.2434,0.048,0.5,0.0,0.0,0.0,0.0,0.0,0.0
83.449,4.6455,1.5839,-0.2914,2.6564,65,-0.2434,0.048,0.5,0.0,0.0,0.0,0.0,0.0,0.0
83.499,4.6455,1.5839,-0.2914,2.6564,65,-0.2434,0.048,0.5,0.0,0.0,0.0,0.0,0.0,0.0
83.549,4.6455,1.5839,-0.2914,2.6564,65,-0.2434,0.048,0.5,0.0,0.0,0.0,0.0,0.0,0.0
83.599,4.6455,1.5839,-0.2914,2.6564,65,-0.2434,0.048,0.5,0.0,0.0,0.0,0.0,0.0,0.0
83.649,4.6455,1.5839,-0.2914,2.6564,65,-0.2434,0.048,0.5,0.0,0.0,0.0,0.0,0.0,0.0
83.699,4.6455,1.5839,-0.2914,2.6564,65,-0.2434,0.048,0.5,0.0,0.0,0.0,0.0,0.0,0.0
83.749,4.6455,1.5839,-0.2914,2.6564,65,-0.2434,0.048,0.5,0.0,0.0,0.0,0.0,0.0,0.0
83.799,4.6455,1.5839,-0.2914,2.6564,65,-0.2434,0.048,0.5,0.0,0.0,0.0,0.0,0.0,0.0
83.849,4.6455,1.5839,-0.2914,2.6564,65,-0.2434,0.048,0.5,0.0,0.0,0.0,0.0,0.0,0.0
83.899,4.6455,1.5839,-0.2914,2.6564,65,-0.2434,0.048,0.5,0.0,0.0,0.0,0.0,0.0,0.0
83.949,4.6455,1.5839,-0.2914,2.6564,65,-0.2434,0.048,0.5,0.0,0.0,0.0,0.0,0.0,0.0
83.999,4.6455,1.5839,-0.2914,2.6564,65,-0.2434,0.048,0.5,0.0,0.0,0.0,0.0,0.0,0.0
84.049,4.6455,1.5839,-0.2914,2.6564,65,-0.2434,0.048,0.5,0.0,0.0,0.0,0.0,0.0,0.0
84.1,4.6455,1.5839,-0.2914,2.6564,65,-0.2434,0.048,0.5,0.0,0.0,0.0,0.0,0.0,0.0
84.149,4.6455,1.5839,-0.2914,2.6564,65,-0.2434,0.048,0.5,0.0,0.0,0.0,0.0,0.0,0.0
84.199,4.6455,1.5839,-0.2914,2.6564,65,-0.2434,0.048,0.5,0.0,0.0,0.0,0.0,0.0,0.0
84.25,4.6455,1.5839,-0.2914,2.6564,65,-0.2434,0.048,0.5,0.0,0.0,0.0,0.0,0.0,0.0
84.299,4.6455,1.5839,-0.2914,2.6564,65,-0.2434,0.048,0.5,0.0,0.0,0.0,0.0,0.0,0.0
84.349,4.6455,1.5839,-0.2914,2.6564,65,-0.2434,0.048,0.5,0.0,0.0,0.0,0.0,0.0,0.0
84.4,4.6455,1.5839,-0.2914,2.6564,65,-0.2434,0.048,0.5,0.0,0.0,0.0,0.0,0.0,0.0
84.449,4.6455,1.5839,-0.2914,2.6564,65,-0.2434,0.048,0.5,0.0,0.0,0.0,0.0,0.0,0.0
84.5,4.6455,1.5839,-0.2914,2.6564,65,-0.2434,0.048,0.5,0.0,0.0,0.0,0.0,0.0,0.0
84.55,4.6455,1.5839,-0.2914,2.6564,65,-0.2434,0.048,0.5,0.0,0.0,0.0,0.0,0.0,0.0
84.6,4.6455,1.5839,-0.2914,2.6564,65,-0.2434,0.048,0.5,0.0,0.0,0.0,0.0,0.0,0.0
84.65,4.6455,1.5839,-0.2914,2.6564,65,-0.2434,0.048,0.5,0.0,0.0,0.0,0.0,0.0,0.0
84.699,4.6455,1.5839,-0.2914,2.6564,65,-0.2434,0.048,0.5,0.0,0.0,0.0,0.0,0.0,0.0
84.749,4.6455,1.5839,-0.2914,2.6564,65,-0.2434,0.048,0.5,0.0,0.0,0.0,0.0,0.0,0.0
84.799,4.6455,1.5839,-0.2914,2.6564,65,-0.2434,0.048,0.5,0.0,0.0,0.0,0.0,0.0,0.0
84.85,4.6455,1.5839,-0.2914,2.6564,65,-0.2434,0.048,0.5,0.0,0.0,0.0,0.0,0.0,0.0
84.899,4.6455,1.5839,-0.2914,2.6564,65,-0.2434,0.048,0.5,0.0,0.0,0.0,0.0,0.0,0.0
84.949,4.6455,1.5839,-0.2914,2.6564,65,-0.2434,0.048,0.5,0.0,0.0,0.0,0.0,0.0,0.0
84.999,4.6455,1.5839,-0.2914,2.6564,65,-0.2434,0.048,0.5,0.0,0.0,0.0,0.0,0.0,0.0
85.052,4.6455,1.5839,-0.2914,2.6564,65,-0.2434,0.048,0.5,0.0,0.0,0.0,0.0,0.0,0.0
85.099,4.6455,1.5839,-0.2914,2.6564,65,-0.2434,0.048,0.5,0.0,0.0,0.0,0.0,0.0,0.0
85.149,4.6455,1.5839,-0.2914,2.6564,65,-0.2434,0.048,0.5,0.0,0.0,0.0,0.0,0.0,0.0
85.199,4.6455,1.5839,-0.2914,2.6564,65,-0.2434,0.048,0.5,0.0,0.0,0.0,0.0,0.0,0.0
85.249,4.6455,1.5839,-0.2914,2.6564,65,-0.2434,0.048,0.5,0.0,0.0,0.0,0.0,0.0,0.0
85.299,4.6455,1.5839,-0.2914,2.6564,65,-0.2434,0.048,0.5,0.0,0.0,0.0,0.0,0.0,0.0
85.349,4.6455,1.5839,-0.2914,2.6564,65,-0.2434,0.048,0.5,0.0,0.0,0.0,0.0,0.0,0.0
85.399,4.6455,1.5839,-0.2914,2.6564,65,-0.2434,0.048,0.5,0.0,0.0,0.0,0.0,0.0,0.0
85.449,4.6455,1.5839,-0.2914,2.6564,65,-0.2434,0.048,0.5,0.0,0.0,0.0,0.0,0.0,0.0
85.499,4.6455,1.5839,-0.2914,2.6564,65,-0.2434,0.048,0.5,0.0,0.0,0.0,0.0,0.0,0.0
85.549,4.6455,1.5839,-0.2914,2.6564,65,-0.2434,0.048,0.5,0.0,0.0,0.0,0.0,0.0,0.0
85.599,4.6455,1.5839,-0.2914,2.6564,65,-0.2434,0.048,0.5,0.0,0.0,0.0,0.0,0.0,0.0
85.649,4.6455,1.5839,-0.2914,2.6564,65,-0.2434,0.048,0.5,0.0,0.0,0.0,0.0,0.0,0.0
85.699,4.6455,1.5839,-0.2914,2.6564,65,-0.2434,0.048,0.5,0.0,0.0,0.0,0.0,0.0,0.0
85.749,4.6455,1.5839,-0.2914,2.6564,65,-0.2434,0.048,0.5,0.0,0.0,0.0,0.0,0.0,0.0
85.799,4.6455,1.5839,-0.2914,2.6564,65,-0.2434,0.048,0.5,0.0,0.0,0.0,0.0,0.0,0.0
85.849,4.6455,1.5839,-0.2914,2.6564,65,-0.2434,0.048,0.5,0.0,0.0,0.0,0.0,0.0,0.0
85.899,4.6455,1.5839,-0.2914,2.6564,65,-0.2434,0.048,0.5,0.0,0.0,0.0,0.0,0.0,0.0
85.949,4.6455,1.5839,-0.2914,2.6564,65,-0.2434,0.048,0.5,0.0,0.0,0.0,0.0,0.0,0.0
85.999,4.6455,1.5839,-0.2914,2.6564,65,-0.2434,0.048,0.5,0.0,0.0,0.0,0.0,0.0,0.0
86.049,4.6455,1.5839,-0.2914,2.6564,65,-0.2434,0.048,0.5,0.0,0.0,0.0,0.0,0.0,0.0
86.099,4.6455,1.5839,-0.2914,2.6564,65,-0.2434,0.048,0.5,0.0,0.0,0.0,0.0,0.0,0.0
86.149,4.6455,1.5839,-0.2914,2.6564,65,-0.2434,0.048,0.5,0.0,0.0,0.0,0.0,0.0,0.0
86.199,4.6455,1.5839,-0.2914,2.6564,65,-0.2434,0.048,0.5,0.0,0.0,0.0,0.0,0.0,0.0
86.249,4.6455,1.5839,-0.2914,2.6564,65,-0.2434,0.048,0.5,0.0,0.0,0.0,0.0,0.0,0.0
86.299,4.6455,1.5839,-0.2914,2.6564,65,-0.2434,0.048,0.5,0.0,0.0,0.0,0.0,0.0,0.0
86.349,4.6455,1.5839,-0.2914,2.6564,65,-0.2434,0.048,0.5,0.0,0.0,0.0,0.0,0.0,0.0
86.399,4.6455,1.5839,-0.2914,2.6564,65,-0.2434,0.048,0.5,0.0,0.0,0.0,0.0,0.0,0.0
86.449,4.6455,1.5839,-0.2914,2.6564,65,-0.2434,0.048,0.5,0.0,0.0,0.0,0.0,0.0,0.0
86.499,4.6455,1.5839,-0.2914,2.6564,65,-0.2434,0.048,0.5,0.0,0.0,0.0,0.0,0.0,0.0
86.549,4.6455,1.5839,-0.2914,2.6564,65,-0.2434,0.048,0.5,0.0,0.0,0.0,0.0,0.0,0.0
86.599,4.6455,1.5839,-0.2914,2.6564,65,-0.2434,0.048,0.5,0.0,0.0,0.0,0.0,0.0,0.0
86.649,4.6455,1.5839,-0.2914,2.6564,65,-0.2434,0.048,0.5,0.0,0.0,0.0,0.0,0.0,0.0
86.699,4.6455,1.5839,-0.2914,2.6564,65,-0.2434,0.048,0.5,0.0,0.0,0.0,0.0,0.0,0.0
86.749,4.6455,1.5839,-0.2914,2.6564,65,-0.2434,0.048,0.5,0.0,0.0,0.0,0.0,0.0,0.0
86.799,4.6455,1.5839,-0.2914,2.6564,65,-0.2434,0.048,0.5,0.0,0.0,0.0,0.0,0.0,0.0
86.849,4.6455,1.5839,-0.2914,2.6564,65,-0.2434,0.048,0.5,0.0,0.0,0.0,0.0,0.0,0.0
86.899,4.6455,1.5839,-0.2914,2.6564,65,-0.2434,0.048,0.5,0.0,0.0,0.0,0.0,0.0,0.0
86.949,4.6455,1.5839,-0.2914,2.6564,65,-0.2434,0.048,0.5,0.0,0.0,0.0,0.0,0.0,0.0
86.999,4.6455,1.5839,-0.2914,2.6564,65,-0.2434,0.048,0.5,0.0,0.0,0.0,0.0,0.0,0.0
87.049,4.6455,1.5839,-0.2914,2.6564,65,-0.2434,0.048,0.5,0.0,0.0,0.0,0.0,0.0,0.0
87.099,4.6455,1.5839,-0.2914,2.6564,65,-0.2434,0.048,0.5,0.0,0.0,0.0,0.0,0.0,0.0
87.149,4.6455,1.5839,-0.2914,2.6564,65,-0.2434,0.048,0.5,0.0,0.0,0.0,0.0,0.0,0.0
87.199,4.6455,1.5839,-0.2914,2.6564,65,-0.2434,0.048,0.5,0.0,0.0,0.0,0.0,0.0,0.0
87.249,4.6455,1.5839,-0.2914,2.6564,65,-0.2434,0.048,0.5,0.0,0.0,0.0,0.0,0.0,0.0
87.299,4.6455,1.5839,-0.2914,2.6564,65,-0.2434,0.048,0.5,0.0,0.0,0.0,0.0,0.0,0.0
87.349,4.6455,1.5839,-0.2914,2.6564,65,-0.2434,0.048,0.5,0.0,0.0,0.0,0.0,0.0,0.0
87.399,4.6455,1.5839,-0.2914,2.6564,65,-0.2434,0.048,0.5,0.0,0.0,0.0,0.0,0.0,0.0
87.449,4.6455,1.5839,-0.2914,2.6564,65,-0.2434,0.048,0.5,0.0,0.0,0.0,0.0,0.0,0.0
87.499,4.6455,1.5839,-0.2914,2.6564,65,-0.2434,0.048,0.5,0.0,0.0,0.0,0.0,0.0,0.0
87.549,4.6455,1.5839,-0.2914,2.6564,65,-0.2434,0.048,0.5,0.0,0.0,0.0,0.0,0.0,0.0
87.599,4.6455,1.5839,-0.2914,2.6564,65,-0.2434,0.048,0.5,0.0,0.0,0.0,0.0,0.0,0.0
87.649,4.6455,1.5839,-0.2914,2.6564,65,-0.2434,0.048,0.5,0.0,0.0,0.0,0.0,0.0,0.0
87.699,4.6455,1.5839,-0.2914,2.6564,65,-0.2434,0.048,0.5,0.0,0.0,0.0,0.0,0.0,0.0
87.749,4.6455,1.5839,-0.2914,2.6564,65,-0.2434,0.048,0.5,0.0,0.0,0.0,0.0,0.0,0.0
87.8,4.6455,1.5839,-0.2914,2.6564,65,-0.2434,0.048,0.5,0.0,0.0,0.0,0.0,0.0,0.0
87.85,4.6455,1.5839,-0.2914,2.6564,65,-0.2434,0.048,0.5,0.0,0.0,0.0,0.0,0.0,0.0
87.899,4.6455,1.5839,-0.2914,2.6564,65,-0.2434,0.048,0.5,0.0,0.0,0.0,0.0,0.0,0.0
87.95,4.6455,1.5839,-0.2914,2.6564,65,-0.2434,0.048,0.5,0.0,0.0,0.0,0.0,0.0,0.0
87.999,4.6455,1.5839,-0.2914,2.6564,65,-0.2434,0.048,0.5,0.0,0.0,0.0,0.0,0.0,0.0
88.049,4.6455,1.5839,-0.2914,2.6564,65,-0.2434,0.048,0.5,0.0,0.0,0.0,0.0,0.0,0.0
88.099,4.6455,1.5839,-0.2914,2.6564,65,-0.2434,0.048,0.5,0.0,0.0,0.0,0.0,0.0,0.0
88.149,4.6455,1.5839,-0.2914,2.6564,65,-0.2434,0.048,0.5,0.0,0.0,0.0,0.0,0.0,0.0
88.2,4.6455,1.5839,-0.2914,2.6564,65,-0.2434,0.048,0.5,0.0,0.0,0.0,0.0,0.0,0.0
88.249,4.6455,1.5839,-0.2914,2.6564,65,-0.2434,0.048,0.5,0.0,0.0,0.0,0.0,0.0,0.0
88.299,4.6455,1.5839,-0.2914,2.6564,65,-0.2434,0.048,0.5,0.0,0.0,0.0,0.0,0.0,0.0
88.349,4.6455,1.5839,-0.2914,2.6564,65,-0.2434,0.048,0.5,0.0,0.0,0.0,0.0,0.0,0.0
88.399,4.6455,1.5839,-0.2914,2.6564,65,-0.2434,0.048,0.5,0.0,0.0,0.0,0.0,0.0,0.0
88.449,4.6455,1.5839,-0.2914,2.6564,65,-0.2434,0.048,0.5,0.0,0.0,0.0,0.0,0.0,0.0
88.499,4.6455,1.5839,-0.2914,2.6564,65,-0.2434,0.048,0.5,0.0,0.0,0.0,0.0,0.0,0.0
88.549,4.6455,1.5839,-0.2914,2.6564,65,-0.2434,0.048,0.5,0.0,0.0,0.0,0.0,0.0,0.0
88.599,4.6455,1.5839,-0.2914,2.6564,65,-0.2434,0.048,0.5,0.0,0.0,0.0,0.0,0.0,0.0
88.65,4.6455,1.5839,-0.2914,2.6564,65,-0.2434,0.048,0.5,0.0,0.0,0.0,0.0,0.0,0.0
88.699,4.6455,1.5839,-0.2914,2.6564,65,-0.2434,0.048,0.5,0.0,0.0,0.0,0.0,0.0,0.0
88.749,4.6455,1.5839,-0.2914,2.6564,65,-0.2434,0.048,0.5,0.0,0.0,0.0,0.0,0.0,0.0
88.799,4.6455,1.5839,-0.2914,2.6564,65,-0.2434,0.048,0.5,0.0,0.0,0.0,0.0,0.0,0.0
88.849,4.6455,1.5839,-0.2914,2.6564,65,-0.2434,0.048,0.5,0.0,0.0,0.0,0.0,0.0,0.0
88.899,4.6455,1.5839,-0.2914,2.6564,65,-0.2434,0.048,0.5,0.0,0.0,0.0,0.0,0.0,0.0
88.95,4.6455,1.5839,-0.2914,2.6564,65,-0.2434,0.048,0.5,0.0,0.0,0.0,0.0,0.0,0.0
88.999,4.6455,1.5839,-0.2914,2.6564,65,-0.2434,0.048,0.5,0.0,0.0,0.0,0.0,0.0,0.0
89.05,4.6455,1.5839,-0.2914,2.6564,65,-0.2434,0.048,0.5,0.0,0.0,0.0,0.0,0.0,0.0
89.099,4.6455,1.5839,-0.2914,2.6564,65,-0.2434,0.048,0.5,0.0,0.0,0.0,0.0,0.0,0.0
89.149,4.6455,1.5839,-0.2914,2.6564,65,-0.2434,0.048,0.5,0.0,0.0,0.0,0.0,0.0,0.0
89.199,4.6455,1.5839,-0.2914,2.6564,65,-0.2434,0.048,0.5,0.0,0.0,0.0,0.0,0.0,0.0
89.25,4.6455,1.5839,-0.2914,2.6564,65,-0.2434,0.048,0.5,0.0,0.0,0.0,0.0,0.0,0.0
89.299,4.6455,1.5839,-0.2914,2.6564,65,-0.2434,0.048,0.5,0.0,0.0,0.0,0.0,0.0,0.0
89.349,4.6455,1.5839,-0.2914,2.6564,65,-0.2434,0.048,0.5,0.0,0.0,0.0,0.0,0.0,0.0
89.399,4.6455,1.5839,-0.2914,2.6564,65,-0.2434,0.048,0.5,0.0,0.0,0.0,0.0,0.0,0.0
89.449,4.6455,1.5839,-0.2914,2.6564,65,-0.2434,0.048,0.5,0.0,0.0,0.0,0.0,0.0,0.0
89.499,4.6455,1.5839,-0.2914,2.6564,65,-0.2434,0.048,0.5,0.0,0.0,0.0,0.0,0.0,0.0
89.55,4.6455,1.5839,-0.2914,2.6564,65,-0.2434,0.048,0.5,0.0,0.0,0.0,0.0,0.0,0.0
89.599,4.6455,1.5839,-0.2914,2.6564,65,-0.2434,0.048,0.5,0.0,0.0,0.0,0.0,0.0,0.0
89.649,4.6455,1.5839,-0.2914,2.6564,65,-0.2434,0.048,0.5,0.0,0.0,0.0,0.0,0.0,0.0
89.699,4.6455,1.5839,-0.2914,2.6564,65,-0.2434,0.048,0.5,0.0,0.0,0.0,0.0,0.0,0.0
89.75,4.6455,1.5839,-0.2914,2.6564,65,-0.2434,0.048,0.5,0.0,0.0,0.0,0.0,0.0,0.0
89.799,4.6455,1.5839,-0.2914,2.6564,65,-0.2434,0.048,0.5,0.0,0.0,0.0,0.0,0.0,0.0
89.849,4.6455,1.5839,-0.2914,2.6564,65,-0.2434,0.048,0.5,0.0,0.0,0.0,0.0,0.0,0.0
89.901,4.6455,1.5839,-0.2914,2.6564,65,-0.2434,0.048,0.5,0.0,0.0,0.0,0.0,0.0,0.0
89.949,4.6455,1.5839,-0.2914,2.6564,65,-0.2434,0.048,0.5,0.0,0.0,0.0,0.0,0.0,0.0
