t,estado,modo,x,y,rumo,rumo_alvo,erro_rumo,v_alvo,dist,raio_curva,mira,alvo_x,alvo_y,desvio_lateral
47.914,seguindo,normal,2.0,5.0,0.0,-0.9532,-0.9532,0.5,8.7967,4.635,1.0,2.6037,4.15,-0.0
47.95,seguindo,normal,2.0,5.0,0.0,-0.9532,-0.9532,0.5,8.7967,4.635,1.0,2.6037,4.15,-0.0
48.0,seguindo,normal,2.0,5.0,0.0,-0.9532,-0.9532,0.5,8.7967,4.635,1.0,2.6037,4.15,-0.0
48.05,seguindo,normal,2.0,5.0,0.0,-0.9532,-0.9532,0.5,8.7967,4.635,1.0,2.6037,4.15,-0.0
48.1,seguindo,normal,2.0,5.0,0.0,-0.9532,-0.9532,0.5,8.7967,4.635,1.0,2.6037,4.15,-0.0
48.15,seguindo,normal,2.0,5.0,0.0,-0.9532,-0.9532,0.5,8.7967,4.635,1.0,2.6037,4.15,-0.0
48.2,seguindo,normal,2.0,5.0,0.0,-0.9532,-0.9532,0.5,8.7967,4.635,1.0,2.6037,4.15,-0.0
48.25,seguindo,normal,2.0,5.0,0.0,-0.9532,-0.9532,0.5,8.7967,4.635,1.0,2.6037,4.15,-0.0
48.3,seguindo,normal,2.0,5.0,0.0,-0.9532,-0.9532,0.5,8.7967,4.635,1.0,2.6037,4.15,-0.0
48.35,seguindo,normal,2.0027,5.0003,-0.0037,-0.9555,-0.9518,0.5,8.794,4.635,1.0,2.6037,4.15,0.0024
48.4,seguindo,normal,2.0059,5.0007,-0.0088,-0.9583,-0.9494,0.5,8.7908,4.635,1.0,2.6037,4.15,0.0053
48.45,seguindo,normal,2.0135,5.0015,-0.0202,-0.9647,-0.9444,0.5,8.7832,4.635,1.0,2.6037,4.15,0.012
48.5,seguindo,normal,2.0199,5.0022,-0.0305,-0.9701,-0.9396,0.5,8.7768,4.635,1.0,2.6037,4.15,0.0177
48.55,seguindo,normal,2.0312,5.0034,-0.0505,-0.9799,-0.9293,0.5,8.7654,4.635,1.0,2.6037,4.15,0.0276
48.601,seguindo,normal,2.0437,5.0045,-0.0737,-0.9906,-0.917,0.5,8.7529,4.635,1.0,2.6037,4.15,0.0386
48.65,seguindo,normal,2.0521,5.0054,-0.094,-0.998,-0.904,0.5,8.7445,4.635,1.0,2.6037,4.15,0.046
48.7,seguindo,normal,2.0605,5.0062,-0.1145,-1.0054,-0.8909,0.5,8.7361,4.635,1.0,2.6037,4.15,0.0534
48.75,seguindo,normal,2.0733,5.0075,-0.1503,-1.0084,-0.8581,0.5,8.7233,4.7682,1.0,2.6452,4.1,0.0647
48.8,seguindo,normal,2.0819,5.0082,-0.1761,-1.0156,-0.8395,0.5,8.7147,4.7682,1.0,2.6452,4.1,0.0722
48.85,seguindo,normal,2.0951,5.0092,-0.2196,-1.0267,-0.8071,0.5,8.7015,4.7682,1.0,2.6452,4.1,0.0836
48.9,seguindo,normal,2.1041,5.0096,-0.2504,-1.0341,-0.7837,0.5,8.6926,4.7682,1.0,2.6452,4.1,0.0913
48.95,seguindo,normal,2.1174,5.0102,-0.3017,-1.0453,-0.7436,0.5,8.6794,4.7682,1.0,2.6452,4.1,0.1026
49.0,seguindo,normal,2.1262,5.0104,-0.3377,-1.0526,-0.7149,0.5,8.6708,4.7682,1.0,2.6452,4.1,0.11
49.05,seguindo,normal,2.1397,5.0104,-0.3967,-1.0638,-0.6671,0.5,8.6575,4.7682,1.0,2.6452,4.1,0.1211
49.1,seguindo,normal,2.1487,5.01,-0.4378,-1.0713,-0.6335,0.5,8.6487,4.7682,1.0,2.6452,4.1,0.1284
49.15,seguindo,normal,2.1624,5.0088,-0.4999,-1.0824,-0.5825,0.5,8.6355,4.7682,1.0,2.6452,4.1,0.1391
49.2,seguindo,normal,2.1715,5.0074,-0.5414,-1.0897,-0.5483,0.5,8.6267,4.7682,1.0,2.6452,4.1,0.1459
49.25,seguindo,normal,2.1851,5.0047,-0.6032,-1.0878,-0.4846,0.5,8.6139,5.2955,1.0,2.6858,4.05,0.1556
49.3,seguindo,normal,2.1941,5.0023,-0.6442,-1.0942,-0.4501,0.5,8.6055,5.2955,1.0,2.6858,4.05,0.1617
49.35,seguindo,normal,2.2074,4.998,-0.7048,-1.1035,-0.3987,0.5,8.5932,5.2955,1.0,2.6858,4.05,0.1703
49.4,seguindo,normal,2.2162,4.9946,-0.7446,-1.1095,-0.3649,0.5,8.5852,5.2955,1.0,2.6858,4.05,0.1757
49.45,seguindo,normal,2.2292,4.9886,-0.8034,-1.118,-0.3147,0.5,8.5736,5.2955,1.0,2.6858,4.05,0.1833
49.5,seguindo,normal,2.2376,4.9841,-0.8413,-1.1235,-0.2821,0.5,8.5662,5.2955,1.0,2.6858,4.05,0.1879
49.55,seguindo,normal,2.2502,4.9766,-0.8985,-1.1188,-0.2203,0.5,8.5553,4.68,1.0,2.7243,4.0,0.1942
49.6,seguindo,normal,2.2585,4.9713,-0.9368,-1.1237,-0.1868,0.5,8.5481,4.68,1.0,2.7243,4.0,0.1983
49.65,seguindo,normal,2.271,4.9622,-0.9918,-1.1305,-0.1388,0.5,8.5375,4.68,1.0,2.7243,4.0,0.2037
49.7,seguindo,normal,2.2793,4.9556,-1.0268,-1.135,-0.1081,0.5,8.5307,4.68,1.0,2.7243,4.0,0.2071
49.75,seguindo,normal,2.2913,4.9442,-1.0757,-1.1408,-0.0651,0.5,8.5211,4.68,1.0,2.7243,4.0,0.211
49.8,seguindo,normal,2.2989,4.9361,-1.1055,-1.1335,-0.0281,0.5,8.5152,4.5924,1.0,2.7599,3.95,0.213
49.85,seguindo,normal,2.3097,4.923,-1.1475,-1.1375,0.0101,0.5,8.5072,4.5924,1.0,2.7599,3.95,0.215
49.9,seguindo,normal,2.3165,4.9139,-1.1744,-1.1397,0.0347,0.5,8.5023,4.5924,1.0,2.7599,3.95,0.2158
49.95,seguindo,normal,2.3261,4.8992,-1.211,-1.1422,0.0688,0.5,8.4959,4.5924,1.0,2.7599,3.95,0.216
50.0,seguindo,normal,2.3321,4.8889,-1.2334,-1.136,0.0974,0.5,8.492,5.3454,1.0,2.7915,3.9,0.2155
50.05,seguindo,normal,2.3405,4.8723,-1.2619,-1.1365,0.1254,0.5,8.4872,5.3454,1.0,2.7915,3.9,0.2137
50.1,seguindo,normal,2.3457,4.8607,-1.2783,-1.1364,0.142,0.5,8.4845,5.3454,1.0,2.7915,3.9,0.2118
50.15,seguindo,normal,2.3524,4.844,-1.2976,-1.1354,0.1622,0.5,8.4814,5.3454,1.0,2.7915,3.9,0.2084
50.2,seguindo,normal,2.3582,4.8275,-1.3126,-1.1307,0.1819,0.5,8.4791,2.7534,1.0,2.8185,3.85,0.2044
50.25,seguindo,normal,2.3616,4.8164,-1.3174,-1.1291,0.1883,0.5,8.4781,2.7534,1.0,2.8185,3.85,0.2012
50.3,seguindo,normal,2.3648,4.8052,-1.3214,-1.1274,0.194,0.5,8.4774,2.7534,1.0,2.8185,3.85,0.1979
50.35,seguindo,normal,2.3692,4.7882,-1.3221,-1.1242,0.198,0.5,8.4767,2.7534,1.0,2.8185,3.85,0.1922
50.4,seguindo,normal,2.372,4.7769,-1.3208,-1.1234,0.1974,0.5,8.4764,1.7232,1.0,2.8407,3.8,0.1883
50.45,seguindo,normal,2.3761,4.76,-1.318,-1.12,0.198,0.5,8.4761,1.7232,1.0,2.8407,3.8,0.1825
50.5,seguindo,normal,2.3788,4.7488,-1.3159,-1.1177,0.1982,0.5,8.4758,1.7232,1.0,2.8407,3.8,0.1786
50.55,seguindo,normal,2.3829,4.7319,-1.3125,-1.1142,0.1983,0.5,8.4755,1.7232,1.0,2.8407,3.8,0.1726
50.6,seguindo,normal,2.3857,4.7207,-1.3102,-1.1118,0.1983,0.5,8.4753,1.7232,1.0,2.8407,3.8,0.1687
50.65,seguindo,normal,2.3899,4.7039,-1.307,-1.1146,0.1925,0.5,8.4749,1.2104,1.0,2.8581,3.75,0.1628
50.7,seguindo,normal,2.3928,4.6927,-1.3051,-1.1123,0.1928,0.5,8.4746,1.2104,1.0,2.8581,3.75,0.1589
50.75,seguindo,normal,2.3972,4.6758,-1.3024,-1.1089,0.1935,0.5,8.4741,1.2104,1.0,2.8581,3.75,0.1529
50.8,seguindo,normal,2.4002,4.6646,-1.3005,-1.1066,0.194,0.5,8.4738,1.2104,1.0,2.8581,3.75,0.149
50.85,seguindo,normal,2.4046,4.6477,-1.2978,-1.1133,0.1845,0.5,8.4733,0.9312,1.0,2.8712,3.7,0.1431
50.9,seguindo,normal,2.4076,4.6365,-1.296,-1.1111,0.1849,0.5,8.473,0.9312,1.0,2.8712,3.7,0.1392
50.95,seguindo,normal,2.4122,4.6197,-1.2934,-1.1078,0.1856,0.5,8.4725,0.9312,1.0,2.8712,3.7,0.1333
51.0,seguindo,normal,2.4152,4.6084,-1.2916,-1.1056,0.1861,0.5,8.4722,0.9312,1.0,2.8712,3.7,0.1293
51.05,seguindo,normal,2.4199,4.5916,-1.289,-1.1156,0.1735,0.5,8.4717,0.783,1.0,2.8808,3.65,0.1234
51.1,seguindo,normal,2.423,4.5804,-1.2873,-1.1135,0.1738,0.5,8.4713,0.783,1.0,2.8808,3.65,0.1195
51.15,seguindo,normal,2.4277,4.5636,-1.2847,-1.1104,0.1743,0.5,8.4708,0.783,1.0,2.8808,3.65,0.1136
51.2,seguindo,normal,2.4308,4.5524,-1.2829,-1.1082,0.1747,0.5,8.4704,0.783,1.0,2.8808,3.65,0.1097
51.25,seguindo,normal,2.4356,4.5356,-1.2802,-1.105,0.1753,0.5,8.4699,0.783,1.0,2.8808,3.65,0.1038
51.3,seguindo,normal,2.4388,4.5245,-1.2784,-1.1559,0.1226,0.5,8.4695,4.4854,0.37,2.6037,4.15,0.0999
51.35,seguindo,normal,2.4436,4.5077,-1.2758,-1.1499,0.1258,0.5,8.4689,4.4854,0.37,2.6037,4.15,0.0941
51.4,seguindo,normal,2.4469,4.4966,-1.274,-1.1457,0.1282,0.5,8.4685,4.4854,0.37,2.6037,4.15,0.0902
51.45,seguindo,normal,2.4518,4.4798,-1.2713,-1.1391,0.1323,0.5,8.4679,4.4854,0.37,2.6037,4.15,0.0843
51.5,seguindo,normal,2.4551,4.4687,-1.2696,-1.0946,0.175,0.5,8.4675,5.4291,0.37,2.6452,4.1,0.0804
51.55,seguindo,normal,2.4601,4.452,-1.2669,-1.0865,0.1805,0.5,8.4669,5.4291,0.37,2.6452,4.1,0.0746
51.6,seguindo,normal,2.4634,4.4408,-1.2651,-1.0807,0.1844,0.5,8.4665,5.4291,0.37,2.6452,4.1,0.0708
51.65,seguindo,normal,2.4685,4.4241,-1.2624,-1.0715,0.1909,0.5,8.4659,5.4291,0.37,2.6452,4.1,0.0648
51.7,seguindo,normal,2.4719,4.413,-1.2607,-1.065,0.1956,0.5,8.4655,5.4291,0.37,2.6452,4.1,0.0609
51.75,seguindo,normal,2.477,4.3964,-1.258,-1.0284,0.2296,0.5,8.4649,9.8722,0.37,2.6858,4.05,0.0551
51.8,seguindo,normal,2.4805,4.3853,-1.2562,-1.0213,0.2349,0.5,8.4644,9.8722,0.37,2.6858,4.05,0.0512
51.85,seguindo,normal,2.4857,4.3686,-1.2535,-1.01,0.2435,0.5,8.4638,9.8722,0.37,2.6858,4.05,0.0453
51.9,seguindo,normal,2.4892,4.3576,-1.2517,-1.002,0.2497,0.5,8.4633,9.8722,0.37,2.6858,4.05,0.0413
51.95,seguindo,normal,2.4936,4.3439,-1.2507,-0.9798,0.2709,0.5,8.4627,45.5646,0.37,2.7243,4.0,0.0364
52.0,seguindo,normal,2.4962,4.336,-1.2507,-0.9744,0.2763,0.5,8.4623,45.5646,0.37,2.7243,4.0,0.0337
52.05,seguindo,normal,2.501,4.3213,-1.2487,-0.9635,0.2852,0.5,8.4616,45.5646,0.37,2.7243,4.0,0.0285
52.1,seguindo,normal,2.5045,4.3103,-1.2464,-0.9544,0.2919,0.5,8.4612,45.5646,0.37,2.7243,4.0,0.0245
52.15,seguindo,normal,2.5098,4.2937,-1.243,-0.94,0.3029,0.5,8.4606,45.5646,0.37,2.7243,4.0,0.0183
52.2,seguindo,normal,2.5134,4.2827,-1.2408,-0.9332,0.3076,0.5,8.4602,5.4817,0.37,2.7599,3.95,0.0142
52.25,seguindo,normal,2.5188,4.2661,-1.2379,-0.9194,0.3185,0.5,8.4595,5.4817,0.37,2.7599,3.95,0.0082
52.3,seguindo,normal,2.5225,4.2551,-1.2361,-0.9096,0.3265,0.5,8.459,5.4817,0.37,2.7599,3.95,0.0042
52.35,seguindo,normal,2.5282,4.2385,-1.2343,-0.8941,0.3402,0.5,8.4582,5.4817,0.37,2.7599,3.95,-0.0019
52.4,seguindo,normal,2.532,4.2273,-1.2334,-0.883,0.3504,0.5,8.4577,5.4817,0.37,2.7599,3.95,-0.006
52.45,seguindo,normal,2.5378,4.2106,-1.2327,-0.8859,0.3468,0.5,8.4568,2.6319,0.37,2.7915,3.9,-0.0121
52.5,seguindo,normal,2.5417,4.1994,-1.2324,-0.8755,0.3569,0.5,8.4562,2.6319,0.37,2.7915,3.9,-0.0162
52.55,seguindo,normal,2.5464,4.1849,-1.2267,-0.8602,0.3665,0.5,8.4559,2.6319,0.37,2.7915,3.9,-0.0218
52.6,seguindo,normal,2.549,4.1761,-1.221,-0.8502,0.3707,0.5,8.4558,2.6319,0.37,2.7915,3.9,-0.0254
52.65,seguindo,normal,2.5528,4.163,-1.2078,-0.8337,0.3741,0.5,8.456,2.6319,0.37,2.7915,3.9,-0.0309
52.7,seguindo,normal,2.5565,4.1499,-1.1919,-0.8886,0.3033,0.5,8.4563,1.63,0.37,2.8407,3.8,-0.0364
52.75,seguindo,normal,2.5587,4.1411,-1.1764,-0.88,0.2964,0.5,8.4567,1.63,0.37,2.8407,3.8,-0.0403
52.8,seguindo,normal,2.561,4.1324,-1.1607,-0.8713,0.2894,0.5,8.457,1.63,0.37,2.8407,3.8,-0.0441
52.85,seguindo,normal,2.5644,4.1194,-1.1334,-0.8576,0.2758,0.5,8.4575,1.63,0.37,2.8407,3.8,-0.0498
52.9,seguindo,normal,2.5668,4.1107,-1.1139,-0.8483,0.2656,0.5,8.4578,1.63,0.37,2.8407,3.8,-0.0535
52.95,seguindo,normal,2.5707,4.0978,-1.085,-0.8344,0.2505,0.5,8.4579,1.63,0.37,2.8407,3.8,-0.0587
53.0,seguindo,normal,2.5736,4.0892,-1.0658,-0.8252,0.2406,0.5,8.4577,1.63,0.37,2.8407,3.8,-0.062
53.05,seguindo,normal,2.5782,4.0765,-1.0375,-0.8621,0.1754,0.5,8.4571,1.1173,0.37,2.8581,3.75,-0.0666
53.1,seguindo,normal,2.5816,4.068,-1.0189,-0.855,0.1639,0.5,8.4564,1.1173,0.37,2.8581,3.75,-0.0694
53.15,seguindo,normal,2.5869,4.0554,-0.9916,-0.8447,0.147,0.5,8.4551,1.1173,0.37,2.8581,3.75,-0.0734
53.2,seguindo,normal,2.5909,4.0469,-0.9748,-0.8381,0.1367,0.5,8.4538,1.1173,0.37,2.8581,3.75,-0.0756
53.25,seguindo,normal,2.5972,4.0343,-0.95,-0.8284,0.1216,0.5,8.4516,1.1173,0.37,2.8581,3.75,-0.0787
53.3,seguindo,normal,2.6016,4.026,-0.9336,-0.822,0.1115,0.5,8.45,1.1173,0.37,2.8581,3.75,-0.0805
53.35,seguindo,normal,2.6086,4.0136,-0.9093,-0.8735,0.0358,0.5,8.4471,0.8607,0.37,2.8712,3.7,-0.0829
53.4,seguindo,normal,2.6134,4.0054,-0.8934,-0.8696,0.0238,0.5,8.4451,0.8607,0.37,2.8712,3.7,-0.0843
53.45,seguindo,normal,2.6209,3.9933,-0.87,-0.8642,0.0058,0.5,8.4416,0.8607,0.37,2.8712,3.7,-0.086
53.5,seguindo,normal,2.6261,3.9852,-0.8548,-0.861,-0.0062,0.5,8.4391,0.8607,0.37,2.8712,3.7,-0.0868
53.55,seguindo,normal,2.6345,3.9733,-0.8335,-0.8569,-0.0234,0.5,8.4349,0.8607,0.37,2.8712,3.7,-0.0875
53.6,seguindo,normal,2.6405,3.9652,-0.8211,-0.9194,-0.0983,0.5,8.4317,0.7485,0.37,2.8808,3.65,-0.0876
53.65,seguindo,normal,2.6498,3.9533,-0.8034,-0.9199,-0.1165,0.5,8.4266,0.7485,0.37,2.8808,3.65,-0.0875
53.7,seguindo,normal,2.6562,3.9454,-0.7923,-0.9208,-0.1285,0.5,8.423,0.7485,0.37,2.8808,3.65,-0.0871
53.75,seguindo,normal,2.6662,3.9337,-0.7764,-0.9231,-0.1467,0.5,8.4173,0.7485,0.37,2.8808,3.65,-0.0858
53.8,seguindo,normal,2.673,3.9259,-0.7665,-0.9886,-0.2221,0.5,8.4133,0.7217,0.37,2.8876,3.6,-0.0847
53.85,seguindo,normal,2.6848,3.9135,-0.7559,-0.9966,-0.2406,0.5,8.4061,0.7217,0.37,2.8876,3.6,-0.0824
53.9,seguindo,normal,2.6932,3.9051,-0.7512,-1.0035,-0.2523,0.5,8.4008,0.7217,0.37,2.8876,3.6,-0.0804
53.95,seguindo,normal,2.7061,3.8927,-0.7488,-1.016,-0.2672,0.5,8.3925,0.7217,0.37,2.8876,3.6,-0.076
54.0,seguindo,normal,2.7149,3.8846,-0.7489,-1.1318,-0.383,0.5,8.3869,0.7647,0.37,2.8954,3.5,-0.073
54.05,seguindo,normal,2.7279,3.8725,-0.7486,-1.1481,-0.3995,0.5,8.3785,0.7647,0.37,2.8954,3.5,-0.0684
54.1,seguindo,normal,2.7366,3.8644,-0.7483,-1.1597,-0.4113,0.5,8.3729,0.7647,0.37,2.8954,3.5,-0.0652
54.15,seguindo,normal,2.7496,3.8523,-0.7477,-1.1782,-0.4305,0.5,8.3646,0.7647,0.37,2.8954,3.5,-0.0596
54.2,seguindo,normal,2.7582,3.8442,-0.7472,-1.2306,-0.4834,0.5,8.3591,0.8817,0.37,2.8977,3.45,-0.0558
54.25,seguindo,normal,2.771,3.8322,-0.7456,-1.2507,-0.5051,0.5,8.351,0.8817,0.37,2.8977,3.45,-0.0503
54.3,seguindo,normal,2.7796,3.8241,-0.7442,-1.2649,-0.5206,0.5,8.3456,0.8817,0.37,2.8977,3.45,-0.0461
54.35,seguindo,normal,2.7923,3.8122,-0.7418,-1.2875,-0.5457,0.5,8.3376,0.8817,0.37,2.8977,3.45,-0.0393
54.4,seguindo,normal,2.8008,3.8042,-0.74,-1.3953,-0.6553,0.5,8.3323,1.1736,1.0,2.9774,2.8081,-0.0348
54.45,seguindo,normal,2.814,3.7924,-0.7424,-1.4063,-0.6639,0.5,8.3238,1.1736,1.0,2.9774,2.8081,-0.0275
54.5,seguindo,normal,2.8229,3.7845,-0.7459,-1.4139,-0.6681,0.5,8.318,1.1736,1.0,2.9774,2.8081,-0.0218
54.55,seguindo,normal,2.8365,3.773,-0.756,-1.4258,-0.6698,0.5,8.3092,1.1736,1.0,2.9774,2.8081,-0.0128
54.6,seguindo,normal,2.8455,3.7654,-0.7646,-1.4231,-0.6585,0.5,8.3033,1.3856,1.0,2.9947,2.7627,-0.0068
54.65,seguindo,normal,2.859,3.7543,-0.7825,-1.4348,-0.6523,0.5,8.2944,1.3856,1.0,2.9947,2.7627,0.0023
54.7,seguindo,normal,2.8679,3.7469,-0.7962,-1.4427,-0.6465,0.5,8.2886,1.3856,1.0,2.9947,2.7627,0.0087
54.75,seguindo,normal,2.8813,3.736,-0.8219,-1.4547,-0.6329,0.5,8.2799,1.3856,1.0,2.9947,2.7627,0.0188
54.8,seguindo,normal,2.8901,3.7287,-0.8409,-1.4297,-0.5888,0.5,8.2741,1.157,1.0,3.0392,2.679,0.0255
54.85,seguindo,normal,2.903,3.718,-0.8744,-1.4404,-0.5661,0.5,8.2657,1.157,1.0,3.0392,2.679,0.0353
54.9,seguindo,normal,2.9114,3.7109,-0.8987,-1.4476,-0.5489,0.5,8.2603,1.157,1.0,3.0392,2.679,0.0416
54.95,seguindo,normal,2.9238,3.7001,-0.9386,-1.4583,-0.5197,0.5,8.2525,1.157,1.0,3.0392,2.679,0.0517
55.0,seguindo,normal,2.932,3.6927,-0.9667,-1.4654,-0.4987,0.5,8.2474,1.157,1.0,3.0392,2.679,0.0583
55.05,seguindo,normal,2.9439,3.6814,-1.0094,-1.661,-0.6515,0.5,8.2403,3.5422,0.37,2.9049,3.2501,0.0678
55.1,seguindo,normal,2.9516,3.6736,-1.0384,-1.6807,-0.6423,0.5,8.2359,3.5422,0.37,2.9049,3.2501,0.0739
55.15,seguindo,normal,2.9628,3.6616,-1.0824,-1.7106,-0.6282,0.5,8.2297,3.5422,0.37,2.9049,3.2501,0.0828
55.2,seguindo,normal,2.97,3.6535,-1.1122,-1.7308,-0.6186,0.5,8.2259,3.5422,0.37,2.9049,3.2501,0.0888
55.25,seguindo,normal,2.9805,3.6409,-1.1574,-1.7618,-0.6045,0.5,8.2206,3.5422,0.37,2.9049,3.2501,0.0975
55.3,seguindo,normal,2.9872,3.6324,-1.1878,-1.7528,-0.565,0.5,8.2174,7.8331,0.37,2.9076,3.2001,0.1031
55.35,seguindo,normal,2.9968,3.6192,-1.2336,-1.7805,-0.5469,0.5,8.2132,7.8331,0.37,2.9076,3.2001,0.1109
55.4,seguindo,normal,3.0029,3.6102,-1.2641,-1.799,-0.5349,0.5,8.2108,7.8331,0.37,2.9076,3.2001,0.1158
55.45,seguindo,normal,3.0113,3.5962,-1.3085,-1.8268,-0.5183,0.5,8.208,7.8331,0.37,2.9076,3.2001,0.1229
55.5,seguindo,normal,3.0165,3.5866,-1.3377,-1.8073,-0.4696,0.5,8.2067,182.5749,0.37,2.9114,3.1502,0.1272
55.55,seguindo,normal,3.0236,3.5723,-1.3831,-1.8306,-0.4476,0.5,8.2055,182.5749,0.37,2.9114,3.1502,0.1328
55.6,seguindo,normal,3.0278,3.5627,-1.414,-1.846,-0.432,0.5,8.205,182.5749,0.37,2.9114,3.1502,0.1362
55.65,seguindo,normal,3.0337,3.5481,-1.4606,-1.8691,-0.4085,0.5,8.205,182.5749,0.37,2.9114,3.1502,0.141
55.7,seguindo,normal,3.0372,3.5382,-1.4918,-1.8845,-0.3927,0.5,8.2054,182.5749,0.37,2.9114,3.1502,0.1439
55.75,seguindo,normal,3.0419,3.5231,-1.5384,-1.8598,-0.3214,0.5,8.2067,8.0557,0.37,2.9162,3.1004,0.1477
55.8,seguindo,normal,3.0459,3.5078,-1.5848,-1.8788,-0.294,0.5,8.2088,8.0557,0.37,2.9162,3.1004,0.1506
55.85,seguindo,normal,3.0481,3.4975,-1.6155,-1.8913,-0.2759,0.5,8.2107,8.0557,0.37,2.9162,3.1004,0.1523
55.9,seguindo,normal,3.0499,3.487,-1.6459,-1.9037,-0.2578,0.5,8.2129,8.0557,0.37,2.9162,3.1004,0.1537
55.95,seguindo,normal,3.052,3.471,-1.6899,-1.8697,-0.1798,0.5,8.2171,4.2944,0.37,2.9225,3.0507,0.155
56.0,seguindo,normal,3.0529,3.4602,-1.7184,-1.8791,-0.1606,0.5,8.2204,4.2944,0.37,2.9225,3.0507,0.1554
56.05,seguindo,normal,3.0535,3.4437,-1.76,-1.8926,-0.1326,0.5,8.2261,4.2944,0.37,2.9225,3.0507,0.1555
56.1,seguindo,normal,3.0535,3.4326,-1.7869,-1.9012,-0.1143,0.5,8.2304,4.2944,0.37,2.9225,3.0507,0.155
56.15,seguindo,normal,3.0527,3.4158,-1.8258,-1.8582,-0.0323,0.5,8.2376,3.0086,0.37,2.9301,3.0011,0.1537
56.2,seguindo,normal,3.0517,3.4045,-1.8508,-1.8635,-0.0127,0.5,8.2429,3.0086,0.37,2.9301,3.0011,0.1523
56.25,seguindo,normal,3.0493,3.3872,-1.8852,-1.8703,0.015,0.5,8.2518,3.0086,0.37,2.9301,3.0011,0.1494
56.3,seguindo,normal,3.0472,3.3755,-1.9065,-1.8202,0.0863,0.5,8.2583,2.3796,0.37,2.9393,2.9519,0.1469
56.35,seguindo,normal,3.0429,3.3574,-1.9335,-1.821,0.1125,0.5,8.2693,2.3796,0.37,2.9393,2.9519,0.142
56.4,seguindo,normal,3.0395,3.3451,-1.9488,-1.8203,0.1285,0.5,8.2773,2.3796,0.37,2.9393,2.9519,0.1382
56.45,seguindo,normal,3.0337,3.3264,-1.9691,-1.7657,0.2033,0.5,8.29,2.0251,0.37,2.9501,2.9031,0.1317
56.5,seguindo,normal,3.0294,3.3139,-1.981,-1.7614,0.2196,0.5,8.299,2.0251,0.37,2.9501,2.9031,0.127
56.55,seguindo,normal,3.023,3.2966,-1.9952,-1.7539,0.2412,0.5,8.3117,2.0251,0.37,2.9501,2.9031,0.1199
56.6,seguindo,normal,3.0188,3.2856,-2.0041,-1.7484,0.2557,0.5,8.3199,2.0251,0.37,2.9501,2.9031,0.1153
56.65,seguindo,normal,3.0118,3.2696,-2.0106,-1.6889,0.3217,0.5,8.3327,1.8014,0.37,2.9627,2.8551,0.1077
56.7,seguindo,normal,3.007,3.259,-2.0122,-1.6801,0.3321,0.5,8.3413,1.8014,0.37,2.9627,2.8551,0.1024
56.75,seguindo,normal,2.9994,3.2433,-2.0102,-1.6652,0.345,0.5,8.3545,1.8014,0.37,2.9627,2.8551,0.094
56.8,seguindo,normal,2.9943,3.233,-2.0072,-1.6544,0.3529,0.5,8.3634,1.8014,0.37,2.9627,2.8551,0.0884
56.85,seguindo,normal,2.9867,3.2175,-2.002,-1.5935,0.4085,0.5,8.3766,1.6264,0.37,2.9774,2.8081,0.0799
56.9,seguindo,normal,2.9816,3.2072,-1.9983,-1.5814,0.4169,0.5,8.3854,1.6264,0.37,2.9774,2.8081,0.0742
56.95,seguindo,normal,2.9741,3.1916,-1.9929,-1.5622,0.4306,0.5,8.3986,1.6264,0.37,2.9774,2.8081,0.0656
57.0,seguindo,normal,2.9691,3.1813,-1.9893,-1.5487,0.4406,0.5,8.4073,1.6264,0.37,2.9774,2.8081,0.0599
57.05,seguindo,normal,2.9618,3.1655,-1.9854,-1.4894,0.4961,0.5,8.4204,1.4436,0.37,2.9947,2.7627,0.0515
57.1,seguindo,normal,2.957,3.155,-1.9834,-1.475,0.5084,0.5,8.4291,1.4436,0.37,2.9947,2.7627,0.0459
57.15,seguindo,normal,2.9504,3.1416,-1.9746,-1.4545,0.5201,0.5,8.4406,1.4436,0.37,2.9947,2.7627,0.0381
57.2,seguindo,normal,2.9464,3.1337,-1.9666,-1.4412,0.5254,0.5,8.4475,1.4436,0.37,2.9947,2.7627,0.0332
57.25,seguindo,normal,2.9401,3.1219,-1.9506,-1.3864,0.5642,0.5,8.4581,1.2306,0.37,3.0152,2.7194,0.0258
57.3,seguindo,normal,2.9359,3.114,-1.9383,-1.3726,0.5657,0.5,8.4652,1.2306,0.37,3.0152,2.7194,0.0209
57.35,seguindo,normal,2.9296,3.1025,-1.9148,-1.351,0.5638,0.5,8.4757,1.2306,0.37,3.0152,2.7194,0.0135
57.4,seguindo,normal,2.9254,3.0949,-1.8974,-1.3362,0.5612,0.5,8.4826,1.2306,0.37,3.0152,2.7194,0.0084
57.45,seguindo,normal,2.9191,3.0835,-1.8668,-1.3129,0.5539,0.5,8.4931,1.2306,0.37,3.0152,2.7194,0.0008
57.5,seguindo,normal,2.915,3.0759,-1.8448,-1.297,0.5478,0.5,8.4999,1.2306,0.37,3.0152,2.7194,-0.0042
57.55,seguindo,normal,2.9092,3.0646,-1.8104,-1.2456,0.5648,0.5,8.51,1.005,0.37,3.0392,2.679,-0.0115
57.6,seguindo,normal,2.9054,3.057,-1.7869,-1.2308,0.5561,0.5,8.5165,1.005,0.37,3.0392,2.679,-0.0161
57.65,seguindo,normal,2.9002,3.0455,-1.7519,-1.2084,0.5435,0.5,8.5261,1.005,0.37,3.0392,2.679,-0.0228
57.7,seguindo,normal,2.8969,3.0377,-1.7287,-1.1933,0.5354,0.5,8.5323,1.005,0.37,3.0392,2.679,-0.0272
57.75,seguindo,normal,2.8923,3.0261,-1.6923,-1.1705,0.5217,0.5,8.5413,1.005,0.37,3.0392,2.679,-0.0336
57.8,seguindo,normal,2.8894,3.0184,-1.6674,-1.1296,0.5378,0.5,8.5472,0.7999,0.37,3.0671,2.6422,-0.0376
57.85,seguindo,normal,2.8854,3.0068,-1.6293,-1.1086,0.5208,0.5,8.5557,0.7999,0.37,3.0671,2.6422,-0.0433
57.9,seguindo,normal,2.8829,2.9991,-1.6036,-1.0945,0.5091,0.5,8.5612,0.7999,0.37,3.0671,2.6422,-0.0469
57.95,seguindo,normal,2.8796,2.9874,-1.5646,-1.0733,0.4913,0.5,8.5691,0.7999,0.37,3.0671,2.6422,-0.0522
58.0,seguindo,normal,2.8776,2.9796,-1.5384,-1.0591,0.4792,0.5,8.5742,0.7999,0.37,3.0671,2.6422,-0.0556
58.05,seguindo,normal,2.8749,2.9679,-1.498,-1.0379,0.4602,0.5,8.5816,0.7999,0.37,3.0671,2.6422,-0.0604
58.1,seguindo,normal,2.8734,2.9602,-1.4707,-0.9987,0.472,0.5,8.5863,0.6355,0.37,3.099,2.6098,-0.0633
58.15,seguindo,normal,2.8715,2.9484,-1.43,-0.9792,0.4509,0.5,8.593,0.6355,0.37,3.099,2.6098,-0.0674
58.2,seguindo,normal,2.8705,2.9405,-1.4032,-0.9662,0.437,0.5,8.5973,0.6355,0.37,3.099,2.6098,-0.0698
58.25,seguindo,normal,2.8694,2.9286,-1.3626,-0.9466,0.416,0.5,8.6034,0.6355,0.37,3.099,2.6098,-0.0733
58.3,seguindo,normal,2.8689,2.9207,-1.3355,-0.9336,0.4018,0.5,8.6072,0.6355,0.37,3.099,2.6098,-0.0755
58.35,seguindo,normal,2.8686,2.9087,-1.2951,-0.8869,0.4083,0.5,8.6125,0.5153,0.37,3.1347,2.5822,-0.0784
58.4,seguindo,normal,2.8688,2.9006,-1.269,-0.8749,0.3941,0.5,8.6158,0.5153,0.37,3.1347,2.5822,-0.0799
58.45,seguindo,normal,2.8695,2.8885,-1.2303,-0.857,0.3733,0.5,8.6204,0.5153,0.37,3.1347,2.5822,-0.0819
58.5,seguindo,normal,2.8703,2.8803,-1.2052,-0.8452,0.36,0.5,8.6232,0.5153,0.37,3.1347,2.5822,-0.083
58.55,seguindo,normal,2.8719,2.8681,-1.1675,-0.8274,0.3401,0.5,8.627,0.5153,0.37,3.1347,2.5822,-0.0845
58.6,seguindo,normal,2.8733,2.86,-1.1424,-0.8157,0.3268,0.5,8.6293,0.5153,0.37,3.1347,2.5822,-0.0852
58.65,seguindo,normal,2.8757,2.8479,-1.1053,-0.7681,0.3372,0.4343,8.6324,0.4343,0.37,3.1739,2.5598,-0.0859
58.7,seguindo,normal,2.8778,2.8397,-1.0815,-0.7572,0.3243,0.4343,8.6341,0.4343,0.37,3.1739,2.5598,-0.086
58.75,seguindo,normal,2.8812,2.8276,-1.0465,-0.741,0.3055,0.4343,8.6362,0.4343,0.37,3.1739,2.5598,-0.0859
58.8,seguindo,normal,2.884,2.8194,-1.0241,-0.7303,0.2939,0.4343,8.6374,0.4343,0.37,3.1739,2.5598,-0.0858
58.85,seguindo,normal,2.8884,2.8073,-0.9911,-0.7142,0.2768,0.4343,8.6387,0.4343,0.37,3.1739,2.5598,-0.0851
58.9,seguindo,normal,2.8917,2.7993,-0.9692,-0.6701,0.2991,0.3856,8.6393,0.3856,0.37,3.2161,2.5422,-0.0844
58.95,seguindo,normal,2.8969,2.7873,-0.9372,-0.655,0.2822,0.3856,8.6398,0.3856,0.37,3.2161,2.5422,-0.083
59.0,seguindo,normal,2.9008,2.7794,-0.9168,-0.645,0.2718,0.3856,8.6398,0.3856,0.37,3.2161,2.5422,-0.0818
59.05,seguindo,normal,2.9071,2.7675,-0.887,-0.6301,0.2569,0.3856,8.6395,0.3856,0.37,3.2161,2.5422,-0.0801
59.1,seguindo,normal,2.9116,2.7597,-0.868,-0.6202,0.2478,0.3856,8.6389,0.3856,0.37,3.2161,2.5422,-0.0787
59.15,seguindo,normal,2.9182,2.7483,-0.8367,-0.5323,0.3044,0.3638,8.6381,0.3638,0.37,3.3068,2.5194,-0.0766
59.2,seguindo,normal,2.9226,2.7408,-0.8149,-0.5229,0.292,0.3638,8.6375,0.3638,0.37,3.3068,2.5194,-0.0751
59.25,seguindo,normal,2.9297,2.7298,-0.783,-0.509,0.2739,0.3638,8.6361,0.3638,0.37,3.3068,2.5194,-0.0728
59.3,seguindo,normal,2.9347,2.7226,-0.7625,-0.4999,0.2626,0.3638,8.6348,0.3638,0.37,3.3068,2.5194,-0.0714
59.35,seguindo,normal,2.9422,2.712,-0.7292,-0.486,0.2432,0.3638,8.6329,0.3638,0.37,3.3068,2.5194,-0.0692
59.4,seguindo,normal,2.9472,2.7052,-0.7062,-0.4417,0.2645,0.3681,8.6315,0.3681,0.37,3.3543,2.5127,-0.0676
59.45,re,,2.9551,2.6951,-0.6724,-0.6724,0.0,0.203,8.629,inf,,,,0.0
59.5,re,,2.9607,2.6885,-0.6505,-0.6505,0.0,0.203,8.6271,inf,,,,0.0
59.55,re,,2.9694,2.6788,-0.6185,-0.6185,0.0,0.203,8.6237,inf,,,,0.0
59.6,re,,2.9755,2.6724,-0.5977,-0.5977,0.0,0.203,8.6211,inf,,,,0.0
59.65,re,,2.9844,2.6633,-0.5635,-0.5635,0.0,0.203,8.6174,inf,,,,0.0
59.7,re,,2.9904,2.6573,-0.5397,-0.5397,0.0,0.203,8.6148,inf,,,,0.0
59.75,re,,2.9997,2.6487,-0.5048,-0.5048,0.0,0.203,8.6105,inf,,,,0.0
59.8,re,,3.0061,2.6431,-0.4823,-0.4823,0.0,0.203,8.6073,inf,,,,0.0
59.85,re,,3.0176,2.6344,-0.451,-0.451,0.0,0.203,8.6011,inf,,,,0.0
59.9,re,,3.0263,2.6285,-0.4328,-0.4328,0.0,0.203,8.5962,inf,,,,0.0
59.95,re,,3.0396,2.6203,-0.4088,-0.4088,0.0,0.203,8.5881,inf,,,,0.0
60.0,re,,3.0487,2.6153,-0.396,-0.396,0.0,0.203,8.5825,inf,,,,0.0
60.05,re,,3.0625,2.6081,-0.3792,-0.3792,0.0,0.203,8.5735,inf,,,,0.0
60.1,re,,3.0719,2.6036,-0.3695,-0.3695,0.0,0.203,8.5673,inf,,,,0.0
60.15,re,,3.0861,2.5969,-0.3552,-0.3552,0.0,0.203,8.5579,inf,,,,0.0
60.2,re,,3.0956,2.5926,-0.3457,-0.3457,0.0,0.203,8.5515,inf,,,,0.0
60.3,seguindo,gargalo_eixo,3.1194,2.5823,-0.3209,-0.0573,0.2636,0.25,8.5354,0.7681,1.433,4.55,2.5002,-0.0094
60.35,seguindo,gargalo_eixo,3.1334,2.5763,-0.3039,-0.0536,0.2503,0.25,8.5259,0.7681,1.4187,4.55,2.5002,-0.0059
60.4,seguindo,gargalo_eixo,3.1427,2.5724,-0.2919,-0.0512,0.2407,0.25,8.5195,0.7681,1.4092,4.55,2.5002,-0.0046
60.45,seguindo,gargalo_eixo,3.1567,2.5668,-0.274,-0.0477,0.2263,0.25,8.5098,1.0209,1.3949,4.55,2.5002,-0.0025
60.5,seguindo,gargalo_eixo,3.1661,2.5632,-0.262,-0.0454,0.2166,0.25,8.5032,1.0209,1.3853,4.55,2.5002,-0.0009
60.55,seguindo,gargalo_eixo,3.1803,2.558,-0.244,-0.0421,0.2019,0.25,8.4932,1.0209,1.371,4.55,2.5002,0.0008
60.6,seguindo,gargalo_eixo,3.1898,2.5547,-0.2321,-0.04,0.1921,0.25,8.4864,1.0209,1.3613,4.55,2.5002,0.0014
60.65,seguindo,gargalo_eixo,3.2041,2.5499,-0.2141,-0.0369,0.1772,0.25,8.4761,1.4037,1.3468,4.55,2.5002,0.0025
60.7,seguindo,gargalo_eixo,3.2137,2.5469,-0.2021,-0.0349,0.1672,0.25,8.4691,1.4037,1.3371,4.55,2.5002,0.0034
60.75,seguindo,gargalo_eixo,3.2282,2.5426,-0.1842,-0.032,0.1522,0.25,8.4585,1.4037,1.3225,4.55,2.5002,0.0038
60.8,seguindo,gargalo_eixo,3.2379,2.5399,-0.1722,-0.0302,0.142,0.25,8.4513,1.4037,1.3127,4.55,2.5002,0.004
60.85,seguindo,gargalo_eixo,3.2496,2.5367,-0.1577,-0.028,0.1297,0.25,8.4425,1.9903,1.3009,4.55,2.5002,0.0043
60.9,seguindo,gargalo_eixo,3.2562,2.535,-0.1488,-0.0268,0.122,0.25,8.4376,1.9903,1.2943,4.55,2.5002,0.0045
60.95,seguindo,gargalo_eixo,3.2633,2.5333,-0.1409,-0.0257,0.1152,0.25,8.4322,1.9903,1.2871,4.55,2.5002,0.0048
61.0,seguindo,gargalo_eixo,3.2668,2.5326,-0.1386,-0.0252,0.1134,0.25,8.4294,1.9903,1.2836,4.55,2.5002,0.0048
61.05,seguindo,gargalo_eixo,3.2692,2.5322,-0.1372,-0.0249,0.1123,0.25,8.4275,1.9903,1.2812,4.55,2.5002,0.0049
61.1,seguindo,gargalo_eixo,3.2696,2.5321,-0.1372,-0.0249,0.1123,0.25,8.4273,1.9903,1.2808,4.55,2.5002,0.0049
61.15,seguindo,gargalo_eixo,3.273,2.5313,-0.1331,-0.0243,0.1088,0.25,8.4247,1.9903,1.2774,4.55,2.5002,0.0048
61.2,seguindo,gargalo_eixo,3.2766,2.5304,-0.1277,-0.0236,0.104,0.25,8.4219,1.9903,1.2738,4.55,2.5002,0.0046
61.25,seguindo,gargalo_eixo,3.2848,2.5285,-0.1177,-0.0223,0.0954,0.25,8.4157,2.9026,1.2655,4.55,2.5002,0.0045
61.3,seguindo,gargalo_eixo,3.2916,2.5271,-0.1102,-0.0213,0.0889,0.25,8.4104,2.9026,1.2587,4.55,2.5002,0.0045
61.35,seguindo,gargalo_eixo,3.3045,2.525,-0.102,-0.0199,0.0821,0.25,8.4001,2.9026,1.2457,4.55,2.5002,0.0051
61.4,seguindo,gargalo_eixo,3.3145,2.5237,-0.0987,-0.019,0.0797,0.25,8.392,2.9026,1.2357,4.55,2.5002,0.0054
61.45,seguindo,gargalo_eixo,3.3316,2.522,-0.0982,-0.0179,0.0804,0.25,8.3779,4.3437,1.2186,4.55,2.5002,0.0061
61.5,seguindo,gargalo_eixo,3.3439,2.521,-0.1002,-0.0172,0.083,0.25,8.3676,4.3437,1.2063,4.55,2.5002,0.0068
61.55,seguindo,gargalo_eixo,3.3629,2.5196,-0.107,-0.0163,0.0908,0.25,8.3518,4.3437,1.1873,4.55,2.5002,0.0077
61.6,seguindo,gargalo_eixo,3.3757,2.5186,-0.1131,-0.0157,0.0975,0.25,8.341,4.3437,1.1744,4.55,2.5002,0.008
61.65,seguindo,gargalo_eixo,3.3942,2.5169,-0.1176,-0.0144,0.1033,0.25,8.3258,6.6551,1.1559,4.55,2.5002,0.0079
61.7,seguindo,gargalo_eixo,3.4062,2.5155,-0.1187,-0.0134,0.1054,0.25,8.316,6.6551,1.1439,4.55,2.5002,0.0076
61.75,seguindo,gargalo_eixo,3.4233,2.5132,-0.1154,-0.0115,0.1039,0.25,8.3022,6.6551,1.1268,4.55,2.5002,0.0064
61.8,seguindo,gargalo_eixo,3.4343,2.5116,-0.1114,-0.0102,0.1012,0.25,8.2934,6.6259,1.1157,4.55,2.5002,0.0055
61.85,seguindo,gargalo_eixo,3.4503,2.5091,-0.1009,-0.008,0.0929,0.25,8.2808,6.6259,1.0997,4.55,2.5002,0.0039
61.9,seguindo,gargalo_eixo,3.4607,2.5073,-0.0922,-0.0065,0.0857,0.25,8.2726,6.6259,1.0893,4.55,2.5002,0.0026
61.95,seguindo,gargalo_eixo,3.4759,2.5048,-0.0763,-0.0042,0.0721,0.25,8.2607,6.6259,1.0741,4.55,2.5002,0.0006
62.0,seguindo,gargalo_eixo,3.4859,2.5031,-0.0647,-0.0027,0.062,0.25,8.2528,4.3875,1.0641,4.55,2.5002,-0.0006
62.05,seguindo,gargalo_eixo,3.5008,2.5008,-0.0465,-0.0005,0.046,0.25,8.241,4.3875,1.0492,4.55,2.5002,-0.0023
62.1,seguindo,gargalo_eixo,3.5107,2.4994,-0.0341,0.0008,0.0349,0.25,8.2332,4.3875,1.0393,4.55,2.5002,-0.0035
62.15,seguindo,gargalo_eixo,3.5257,2.4975,-0.0162,0.0027,0.0188,0.25,8.2211,2.979,1.0243,4.55,2.5002,-0.005
62.2,seguindo,gargalo_eixo,3.5358,2.4965,-0.0047,0.0037,0.0084,0.25,8.2129,2.979,1.0142,4.55,2.5002,-0.0058
62.25,seguindo,gargalo_eixo,3.551,2.4952,0.0117,0.005,-0.0067,0.25,8.2003,2.9756,0.999,4.55,2.5002,-0.0067
62.3,seguindo,gargalo_eixo,3.5613,2.4945,0.022,0.0058,-0.0163,0.25,8.1917,2.9479,0.9887,4.55,2.5002,-0.0072
62.35,seguindo,gargalo_eixo,3.5769,2.4938,0.0369,0.0066,-0.0303,0.25,8.1786,2.0366,0.9731,4.55,2.5002,-0.0077
62.4,seguindo,gargalo_eixo,3.5873,2.4934,0.0465,0.0071,-0.0394,0.25,8.1698,2.0393,0.9627,4.55,2.5002,-0.0079
62.45,seguindo,gargalo_eixo,3.603,2.4931,0.0603,0.0075,-0.0528,0.25,8.1564,2.0466,0.947,4.55,2.5002,-0.008
62.5,seguindo,gargalo_eixo,3.6135,2.4931,0.0693,0.0076,-0.0616,0.25,8.1473,1.9834,0.9365,4.55,2.5002,-0.0079
62.55,seguindo,gargalo_eixo,3.6293,2.4932,0.0826,0.0076,-0.0749,0.25,8.1336,1.3423,0.9207,4.55,2.5002,-0.0076
62.6,seguindo,gargalo_eixo,3.6399,2.4934,0.0913,0.0075,-0.0838,0.25,8.1244,1.3144,0.9102,4.55,2.5002,-0.0074
62.65,seguindo,gargalo_eixo,3.6557,2.4939,0.1047,0.0071,-0.0976,0.25,8.1106,1.2453,0.8944,4.55,2.5002,-0.0068
62.7,seguindo,gargalo_eixo,3.6662,2.4943,0.1137,0.0067,-0.1069,0.25,8.1013,1.1493,0.8839,4.55,2.5002,-0.0063
62.75,seguindo,gargalo_eixo,3.6819,2.4951,0.1274,0.006,-0.1214,0.25,8.0874,0.7295,0.8681,4.55,2.5002,-0.0054
62.8,seguindo,gargalo_eixo,3.6923,2.4957,0.1367,0.0053,-0.1313,0.25,8.078,0.6716,0.8577,4.55,2.5002,-0.0048
62.85,seguindo,gargalo_eixo,3.708,2.4968,0.1507,0.0041,-0.1465,0.25,8.064,0.5312,0.842,4.55,2.5002,-0.0036
62.9,seguindo,gargalo_eixo,3.7184,2.4977,0.16,0.0031,-0.1569,0.25,8.0546,0.3998,0.8316,4.55,2.5002,-0.0027
62.95,seguindo,gargalo_eixo,3.734,2.4991,0.1741,0.0014,-0.1727,0.152,8.0404,0.152,0.816,4.55,2.5002,-0.0012
63.0,seguindo,gargalo_eixo,3.7444,2.5002,0.1836,0.0001,-0.1836,0.0558,8.0309,0.0558,0.8056,4.55,2.5002,-0.0
63.05,seguindo,gargalo_eixo,3.76,2.502,0.1979,-0.0022,-0.2001,0.25,8.0166,2.9583,0.7901,4.55,2.5002,0.0018
63.1,seguindo,gargalo_eixo,3.7703,2.5034,0.2074,-0.004,-0.2113,0.25,8.007,2.9428,0.7797,4.55,2.5002,0.0032
63.15,seguindo,gargalo_eixo,3.7858,2.5055,0.2216,-0.0069,-0.2285,0.25,7.9926,2.0419,0.7642,4.55,2.5002,0.0054
63.2,seguindo,gargalo_eixo,3.7961,2.5071,0.2311,-0.0091,-0.2402,0.25,7.9829,2.0617,0.7539,4.55,2.5002,0.007
63.25,seguindo,gargalo_eixo,3.8116,2.5097,0.2452,-0.0128,-0.258,0.25,7.9683,1.9972,0.7385,4.55,2.5002,0.0096
63.3,seguindo,gargalo_eixo,3.8219,2.5115,0.2546,-0.0155,-0.2701,0.25,7.9586,1.9427,0.7282,4.55,2.5002,0.0114
63.35,seguindo,gargalo_eixo,3.8373,2.5145,0.2687,-0.0199,-0.2887,0.25,7.9439,1.3225,0.7129,4.55,2.5002,0.0144
63.4,seguindo,gargalo_eixo,3.8475,2.5165,0.2781,-0.0232,-0.3013,0.25,7.934,1.3071,0.7027,4.55,2.5002,0.0164
63.45,seguindo,gargalo_eixo,3.8604,2.5185,0.2987,-0.0265,-0.3252,0.25,7.922,1.2053,0.6899,4.55,2.5002,0.0185
63.5,seguindo,gargalo_eixo,3.8678,2.5192,0.3181,-0.0278,-0.3459,0.25,7.9153,1.1387,0.6825,4.55,2.5002,0.0192
63.55,seguindo,gargalo_eixo,3.8812,2.5218,0.3434,-0.0322,-0.3756,0.25,7.9024,0.7364,0.6691,4.55,2.5002,0.0217
63.6,seguindo,gargalo_eixo,3.8913,2.5243,0.3565,-0.0365,-0.3931,0.25,7.8925,0.6799,0.6591,4.55,2.5002,0.0243
63.65,seguindo,gargalo_eixo,3.9065,2.5284,0.3761,-0.0438,-0.4198,0.25,7.8774,0.5585,0.6442,4.55,2.5002,0.0284
63.7,seguindo,gargalo_eixo,3.9165,2.5313,0.3891,-0.049,-0.4381,0.25,7.8673,0.4337,0.6342,4.55,2.5002,0.0313
63.75,seguindo,gargalo_eixo,3.9319,2.5366,0.4019,-0.0588,-0.4607,0.1816,7.8513,0.1816,0.6191,4.55,2.5002,0.0366
63.8,seguindo,gargalo_eixo,3.9423,2.5406,0.4077,-0.0663,-0.474,0.0876,7.8404,0.0876,0.609,4.55,2.5002,0.0405
63.85,seguindo,gargalo_eixo,3.9573,2.5469,0.4098,-0.0786,-0.4883,0.25,7.8243,2.9702,0.5945,4.55,2.5002,0.0468
63.9,seguindo,gargalo_eixo,3.9671,2.5513,0.4086,-0.0873,-0.4959,0.25,7.8136,2.95,0.5851,4.55,2.5002,0.0512
63.95,seguindo,gargalo_eixo,3.9812,2.5579,0.4016,-0.1011,-0.5026,0.25,7.7982,2.0402,0.5717,4.55,2.5002,0.0578
64.0,seguindo,gargalo_eixo,3.9904,2.5624,0.3952,-0.1106,-0.5057,0.25,7.788,2.0437,0.563,4.55,2.5002,0.0623
64.05,seguindo,gargalo_eixo,4.0042,2.5692,0.3809,-0.1257,-0.5067,0.25,7.7727,2.0695,0.5502,4.55,2.5002,0.0692
64.1,seguindo,gargalo_eixo,4.0133,2.5738,0.3698,-0.1363,-0.506,0.25,7.7625,2.0166,0.5417,4.55,2.5002,0.0737
64.15,seguindo,gargalo_eixo,4.0277,2.5811,0.3482,-0.1537,-0.5018,0.25,7.7463,1.3719,0.5285,4.55,2.5002,0.081
64.2,seguindo,gargalo_eixo,4.0377,2.5861,0.3319,-0.166,-0.4979,0.25,7.7353,1.3406,0.5195,4.55,2.5002,0.0859
64.25,seguindo,gargalo_eixo,4.0501,2.592,0.3104,-0.1816,-0.4919,0.25,7.7216,1.3136,0.5083,4.55,2.5002,0.0919
64.3,seguindo,gargalo_eixo,4.0572,2.5955,0.2958,-0.1909,-0.4867,0.25,7.7137,1.3071,0.5019,4.55,2.5002,0.0953
64.35,seguindo,gargalo_eixo,4.0697,2.6015,0.2681,-0.2078,-0.4759,0.25,7.6999,1.2143,0.4909,4.55,2.5002,0.1014
64.4,seguindo,gargalo_eixo,4.0788,2.6058,0.2461,-0.2203,-0.4664,0.25,7.6899,0.8229,0.4828,4.55,2.5002,0.1056
64.45,seguindo,gargalo_eixo,4.0929,2.6121,0.2096,-0.24,-0.4496,0.25,7.6746,0.7452,0.4706,4.55,2.5002,0.1119
64.5,seguindo,gargalo_eixo,4.1023,2.6162,0.1834,-0.2534,-0.4368,0.25,7.6644,0.6976,0.4624,4.55,2.5002,0.1159
64.55,seguindo,gargalo_eixo,4.1168,2.6222,0.1393,-0.2744,-0.4136,0.25,7.6489,0.6325,0.45,4.55,2.5002,0.1219
64.6,seguindo,gargalo_eixo,4.1265,2.626,0.1078,-0.2886,-0.3964,0.25,7.6386,0.3911,0.4417,4.55,2.5002,0.1257
64.65,seguindo,gargalo_eixo,4.1412,2.6314,0.0564,-0.3105,-0.3668,0.25,7.6232,0.2758,0.4293,4.55,2.5002,0.131
64.7,seguindo,gargalo_eixo,4.151,2.6347,0.021,-0.325,-0.3459,0.199,7.6132,0.199,0.421,4.55,2.5002,0.1343
64.75,seguindo,gargalo_eixo,4.1657,2.639,-0.0335,-0.3466,-0.3131,0.0837,7.5984,0.0837,0.4086,4.55,2.5002,0.1386
64.8,seguindo,gargalo_eixo,4.1754,2.6414,-0.0691,-0.3605,-0.2913,0.0046,7.5888,0.0046,0.4003,4.55,2.5002,0.1409
64.85,seguindo,gargalo_eixo,4.1915,2.6442,-0.1217,-0.3818,-0.2601,0.25,7.5737,2.1793,0.3863,4.55,2.5002,0.1436
64.9,seguindo,gargalo_eixo,4.203,2.6453,-0.1551,-0.3961,-0.2409,0.25,7.5632,2.2686,0.3761,4.55,2.5002,0.1446
64.95,seguindo,gargalo_eixo,4.2207,2.6461,-0.2015,-0.4169,-0.2154,0.25,7.5478,2.3321,0.3602,4.55,2.5002,0.1452
65.0,seguindo,gargalo_eixo,4.2325,2.6459,-0.229,-0.4301,-0.2011,0.25,7.5379,1.6738,0.3493,4.55,2.5002,0.1449
65.05,seguindo,gargalo_eixo,4.251,2.6443,-0.2648,-0.4489,-0.184,0.25,7.523,1.6738,0.3319,4.55,2.5002,0.1431
65.1,seguindo,gargalo_eixo,4.2639,2.6424,-0.2858,-0.4611,-0.1753,0.25,7.513,1.6738,0.3195,4.55,2.5002,0.141
65.15,seguindo,gargalo_eixo,4.2812,2.6395,-0.3138,-0.4778,-0.164,0.25,7.4999,1.2572,0.3027,4.55,2.5002,0.1379
65.2,seguindo,gargalo_eixo,4.2917,2.6377,-0.3339,-0.4889,-0.155,0.25,7.4918,1.2572,0.2926,4.55,2.5002,0.1359
65.25,seguindo,gargalo_eixo,4.3051,2.6349,-0.3571,-0.5027,-0.1455,0.25,7.482,1.2572,0.2795,4.55,2.5002,0.1328
65.3,seguindo,gargalo_eixo,4.313,2.633,-0.3701,-0.5106,-0.1406,0.25,7.4763,1.2572,0.2717,4.55,2.5002,0.1308
65.35,seguindo,gargalo_eixo,4.3218,2.6307,-0.3831,-0.5194,-0.1363,0.25,7.47,1.2572,0.2628,4.55,2.5002,0.1282
65.4,seguindo,gargalo_eixo,4.3263,2.6294,-0.3887,-0.5235,-0.1348,0.25,7.4669,0.9961,0.2583,4.55,2.5002,0.1268
65.45,seguindo,gargalo_eixo,4.3303,2.6281,-0.3932,-0.5272,-0.134,0.25,7.4642,0.9961,0.2542,4.55,2.5002,0.1255
65.5,seguindo,gargalo_eixo,4.3318,2.6276,-0.3943,-0.5283,-0.134,0.25,7.4632,0.9961,0.2527,4.55,2.5002,0.1249
65.55,seguindo,gargalo_eixo,4.3312,2.628,-0.396,-0.5286,-0.1326,0.25,7.4635,0.9961,0.2534,4.55,2.5002,0.1253
65.6,seguindo,gargalo_eixo,4.3297,2.6288,-0.3971,-0.528,-0.1309,0.25,7.4644,0.9961,0.2551,4.55,2.5002,0.1261
65.65,seguindo,gargalo_eixo,4.3302,2.629,-0.4031,-0.5298,-0.1267,0.25,7.4638,0.9961,0.2547,4.55,2.5002,0.1263
65.7,seguindo,gargalo_eixo,4.3327,2.6287,-0.4124,-0.5339,-0.1216,0.25,7.4619,0.9961,0.2524,4.55,2.5002,0.126
65.75,seguindo,gargalo_eixo,4.337,2.6277,-0.4231,-0.5391,-0.116,0.25,7.4588,0.9961,0.2482,4.55,2.5002,0.1248
65.8,seguindo,gargalo_eixo,4.3417,2.6265,-0.4344,-0.545,-0.1106,0.25,7.4554,0.9961,0.2436,4.55,2.5002,0.1236
65.85,seguindo,gargalo_eixo,4.3513,2.6237,-0.4562,-0.5562,-0.1,0.25,7.4487,0.9961,0.2339,4.55,2.5002,0.1205
65.9,seguindo,gargalo_eixo,4.3591,2.6214,-0.4726,-0.5653,-0.0927,0.25,7.4435,0.9961,0.2261,4.55,2.5002,0.1178
65.95,seguindo,gargalo_eixo,4.3727,2.6168,-0.5026,-0.5814,-0.0788,0.25,7.4344,0.8387,0.2122,4.55,2.5002,0.1127
66.0,seguindo,gargalo_eixo,4.3827,2.6131,-0.5243,-0.5937,-0.0694,0.25,7.4279,0.8387,0.2018,4.55,2.5002,0.1087
66.05,seguindo,gargalo_eixo,4.3979,2.6076,-0.5618,-0.6145,-0.0527,0.25,7.4181,0.8387,0.1861,4.55,2.5002,0.1024
66.1,seguindo,gargalo_eixo,4.408,2.6036,-0.5885,-0.6293,-0.0408,0.25,7.4117,0.8387,0.1757,4.55,2.5002,0.0979
66.15,seguindo,gargalo_eixo,4.4232,2.5971,-0.6292,-0.6523,-0.0231,0.25,7.4025,0.7545,0.1596,4.55,2.5002,0.0905
66.2,seguindo,gargalo_eixo,4.4333,2.5924,-0.6564,-0.6687,-0.0123,0.25,7.3965,0.7545,0.1487,4.55,2.5002,0.0852
66.25,seguindo,gargalo_eixo,4.4487,2.5844,-0.695,-0.6933,0.0017,0.25,7.3879,0.7545,0.1317,4.55,2.5002,0.0761
66.3,seguindo,gargalo_eixo,4.459,2.5786,-0.7192,-0.7108,0.0084,0.25,7.3824,0.7545,0.1201,4.55,2.5002,0.0694
66.35,seguindo,normal,4.4734,2.5695,-0.7511,0.1858,0.9369,0.5,7.3753,0.7218,0.37,4.85,2.6403,0.0591
66.4,seguindo,normal,4.4825,2.5633,-0.7693,0.2065,0.9758,0.5,7.371,0.7218,0.37,4.85,2.6403,0.0521
66.45,seguindo,normal,4.4954,2.5537,-0.7919,0.2396,1.0315,0.5,7.3656,0.7218,0.37,4.85,2.6403,0.0413
66.5,seguindo,normal,4.5036,2.5471,-0.8041,0.2629,1.067,0.5,7.3624,0.7218,0.37,4.85,2.6403,0.0337
66.55,seguindo,normal,4.5152,2.5367,-0.817,0.3001,1.1171,0.5,7.3584,0.7218,0.37,4.85,2.6403,0.0218
66.6,seguindo,normal,4.5226,2.5295,-0.823,0.3263,1.1493,0.5,7.3562,0.7218,0.37,4.85,2.6403,0.0138
66.65,seguindo,normal,4.5333,2.5184,-0.8263,0.4055,1.2318,0.5,7.3534,0.7402,0.37,4.9,2.6758,0.0013
66.7,seguindo,normal,4.5403,2.5109,-0.8265,0.4299,1.2564,0.5,7.3518,0.7402,0.37,4.9,2.6758,-0.007
66.75,seguindo,normal,4.5504,2.4994,-0.8218,0.4674,1.2892,0.5,7.3498,0.7402,0.37,4.9,2.6758,-0.0198
66.8,seguindo,normal,4.557,2.4917,-0.8169,0.4928,1.3097,0.5,7.3486,0.7402,0.37,4.9,2.6758,-0.0285
66.85,seguindo,normal,4.5648,2.4819,-0.8035,0.5245,1.328,0.5,7.3477,0.7402,0.37,4.9,2.6758,-0.0395
66.9,seguindo,normal,4.5689,2.4762,-0.7901,0.5426,1.3327,0.5,7.3475,0.7402,0.37,4.9,2.6758,-0.0459
66.95,seguindo,normal,4.5738,2.4684,-0.7646,0.5663,1.3308,0.5,7.3478,0.7402,0.37,4.9,2.6758,-0.0544
67.0,seguindo,normal,4.5764,2.4637,-0.7437,0.5803,1.324,0.5,7.3484,0.7402,0.37,4.9,2.6758,-0.0596
67.05,seguindo,normal,4.5806,2.4562,-0.709,0.6025,1.3115,0.5,7.3491,0.7402,0.37,4.9,2.6758,-0.0678
67.1,seguindo,normal,4.5834,2.4511,-0.6833,0.6173,1.3006,0.5,7.3497,0.7402,0.37,4.9,2.6758,-0.0733
67.15,seguindo,normal,4.5878,2.4431,-0.6399,0.6406,1.2805,0.5,7.3505,0.7402,0.37,4.9,2.6758,-0.0819
67.2,seguindo,normal,4.5908,2.4378,-0.6087,0.6561,1.2648,0.5,7.351,0.7402,0.37,4.9,2.6758,-0.0877
67.25,seguindo,normal,4.5957,2.4297,-0.558,0.6767,1.2348,0.5,7.3516,0.8154,0.37,4.95,2.7143,-0.0966
67.3,seguindo,normal,4.599,2.4243,-0.5229,0.6905,1.2134,0.5,7.3519,0.8154,0.37,4.95,2.7143,-0.1025
67.35,seguindo,normal,4.6042,2.4164,-0.4676,0.7112,1.1788,0.5,7.3521,0.8154,0.37,4.95,2.7143,-0.1113
67.4,seguindo,normal,4.6078,2.4114,-0.4313,0.7246,1.1559,0.5,7.3521,0.8154,0.37,4.95,2.7143,-0.1169
67.45,seguindo,normal,4.6132,2.4039,-0.3727,0.7447,1.1174,0.5,7.3519,0.8154,0.37,4.95,2.7143,-0.1252
67.5,seguindo,normal,4.617,2.3989,-0.3318,0.7583,1.0901,0.5,7.3516,0.8154,0.37,4.95,2.7143,-0.1308
67.55,seguindo,normal,4.6231,2.3917,-0.2692,0.7787,1.0479,0.5,7.3508,0.8154,0.37,4.95,2.7143,-0.139
67.6,seguindo,normal,4.6273,2.3871,-0.2271,0.7924,1.0194,0.5,7.3499,0.8154,0.37,4.95,2.7143,-0.1444
67.65,seguindo,normal,4.6341,2.3805,-0.1639,0.8129,0.9768,0.5,7.3482,0.8154,0.37,4.95,2.7143,-0.1522
67.7,seguindo,normal,4.6412,2.3743,-0.1007,0.8334,0.9341,0.5,7.3459,0.8154,0.37,4.95,2.7143,-0.1599
67.75,seguindo,normal,4.6462,2.3705,-0.0587,0.8471,0.9058,0.5,7.344,0.8154,0.37,4.95,2.7143,-0.1649
67.8,seguindo,normal,4.6514,2.3669,-0.0168,0.8608,0.8775,0.5,7.3418,0.8154,0.37,4.95,2.7143,-0.1697
67.85,seguindo,normal,4.6594,2.3619,0.0459,0.8813,0.8354,0.5,7.3381,0.8154,0.37,4.95,2.7143,-0.1766
67.9,seguindo,normal,4.665,2.3589,0.0876,0.8949,0.8074,0.5,7.3354,0.8154,0.37,4.95,2.7143,-0.1809
67.95,seguindo,normal,4.6736,2.3548,0.1498,0.6617,0.5119,0.5,7.3307,0.7525,1.0,5.55,3.0374,-0.187
68.0,seguindo,normal,4.6795,2.3524,0.1911,0.6667,0.4756,0.5,7.3273,0.7525,1.0,5.55,3.0374,-0.1909
68.05,seguindo,normal,4.6885,2.3493,0.2528,0.674,0.4212,0.5,7.3218,0.7525,1.0,5.55,3.0374,-0.1962
68.1,seguindo,normal,4.6947,2.3475,0.2938,0.5667,0.2729,0.5,7.3178,2.4579,1.0,5.55,2.8918,0.0179
68.15,seguindo,normal,4.704,2.3454,0.355,0.5735,0.2185,0.5,7.3114,2.4579,1.0,5.55,2.8918,0.0113
68.2,seguindo,normal,4.7135,2.3439,0.416,0.5799,0.1639,0.5,7.3045,2.4579,1.0,5.55,2.8918,0.0052
68.25,seguindo,normal,4.72,2.3433,0.4563,0.584,0.1277,0.5,7.2997,2.4579,1.0,5.55,2.8918,0.0014
68.3,seguindo,normal,4.7264,2.3429,0.4965,0.5828,0.0863,0.5,7.2946,2.1007,1.0,5.6,2.9187,-0.0022
68.35,seguindo,normal,4.7361,2.3429,0.5565,0.5879,0.0315,0.5,7.2867,2.1007,1.0,5.6,2.9187,-0.0072
68.4,seguindo,normal,4.7426,2.3432,0.5962,0.5911,-0.0051,0.5,7.2813,2.1007,1.0,5.6,2.9187,-0.0102
68.45,seguindo,normal,4.7524,2.3444,0.655,0.5955,-0.0594,0.5,7.2727,2.1007,1.0,5.6,2.9187,-0.0141
68.501,seguindo,normal,4.7591,2.3458,0.6919,0.598,-0.0939,0.5,7.2664,2.1007,1.0,5.6,2.9187,-0.0162
68.55,seguindo,normal,4.7701,2.3499,0.7437,0.6008,-0.1429,0.5,7.2551,2.1007,1.0,5.6,2.9187,-0.0182
68.6,seguindo,normal,4.7779,2.3537,0.7758,0.6021,-0.1737,0.5,7.2466,2.1007,1.0,5.6,2.9187,-0.0188
68.65,seguindo,normal,4.79,2.3609,0.8201,0.5933,-0.2268,0.5,7.2325,1.4783,1.0,5.65,2.9408,-0.0187
68.7,seguindo,normal,4.7983,2.3662,0.8488,0.5935,-0.2553,0.5,7.2227,1.4783,1.0,5.65,2.9408,-0.0182
68.75,seguindo,normal,4.8102,2.3747,0.8891,0.5931,-0.296,0.5,7.208,1.4783,1.0,5.65,2.9408,-0.0167
68.8,seguindo,normal,4.8178,2.3806,0.9125,0.5925,-0.3201,0.5,7.1984,1.4783,1.0,5.65,2.9408,-0.0153
68.85,seguindo,normal,4.8267,2.3879,0.9422,0.5914,-0.3509,0.5,7.187,1.4783,1.0,5.65,2.9408,-0.0133
68.9,seguindo,normal,4.8316,2.392,0.962,0.5777,-0.3842,0.5,7.1806,1.0836,1.0,5.7,2.9581,-0.0122
68.95,seguindo,normal,4.8401,2.4009,0.9864,0.575,-0.4115,0.5,7.1685,1.0836,1.0,5.7,2.9581,-0.0086
69.0,seguindo,normal,4.8461,2.4082,0.9993,0.5721,-0.4271,0.5,7.1594,1.0836,1.0,5.7,2.9581,-0.0051
69.05,seguindo,normal,4.8558,2.4215,1.0127,0.5662,-0.4465,0.5,7.1437,1.0836,1.0,5.7,2.9581,0.0017
69.1,seguindo,normal,4.8626,2.4315,1.0184,0.5614,-0.457,0.5,7.1324,1.0836,1.0,5.7,2.9581,0.0072
69.15,seguindo,normal,4.8721,2.4468,1.0201,0.5385,-0.4817,0.5,7.1157,0.8721,1.0,5.75,2.9712,0.016
69.2,seguindo,normal,4.8784,2.4571,1.0188,0.5329,-0.4859,0.5,7.1046,0.8721,1.0,5.75,2.9712,0.022
69.25,seguindo,normal,4.8871,2.4725,1.0111,0.5241,-0.487,0.5,7.0885,0.8721,1.0,5.75,2.9712,0.0311
69.3,seguindo,normal,4.8928,2.4827,1.0037,0.5181,-0.4856,0.5,7.078,0.8721,1.0,5.75,2.9712,0.0373
69.35,seguindo,normal,4.901,2.4977,0.988,0.5088,-0.4792,0.5,7.0625,0.8721,1.0,5.75,2.9712,0.0465
69.4,seguindo,normal,4.9065,2.5076,0.9763,0.487,-0.4893,0.5,7.0523,0.7652,1.0,5.8,2.9807,0.0525
69.45,seguindo,normal,4.9148,2.5227,0.9543,0.4775,-0.4768,0.5,7.0368,0.7652,1.0,5.8,2.9807,0.0618
69.5,seguindo,normal,4.9204,2.5328,0.9378,0.471,-0.4668,0.5,7.0264,0.7652,1.0,5.8,2.9807,0.0678
69.55,seguindo,normal,4.9289,2.5481,0.9081,0.461,-0.4471,0.5,7.0106,0.7652,1.0,5.8,2.9807,0.077
69.6,seguindo,normal,4.9348,2.5582,0.8865,0.4279,-0.4585,0.5,7.0,2.1077,0.37,5.35,2.7476,0.083
69.65,seguindo,normal,4.9439,2.5733,0.853,0.4056,-0.4474,0.5,6.9839,2.1077,0.37,5.35,2.7476,0.0916
69.7,seguindo,normal,4.9502,2.5831,0.8304,0.3904,-0.4399,0.5,6.9731,2.1077,0.37,5.35,2.7476,0.0971
69.75,seguindo,normal,4.96,2.5976,0.7961,0.3674,-0.4288,0.5,6.9567,2.1077,0.37,5.35,2.7476,0.1046
69.8,seguindo,normal,4.9668,2.607,0.7732,0.3518,-0.4215,0.5,6.9457,2.1077,0.37,5.35,2.7476,0.1093
69.85,seguindo,normal,4.9774,2.6209,0.7385,0.328,-0.4105,0.5,6.9291,2.5115,0.37,5.35,2.7476,0.1159
69.9,seguindo,normal,4.9846,2.6299,0.7151,0.3118,-0.4033,0.5,6.918,2.5115,0.37,5.35,2.7476,0.12
69.95,seguindo,normal,4.996,2.6431,0.6806,0.2872,-0.3934,0.5,6.901,2.5115,0.37,5.35,2.7476,0.1253
70.0,seguindo,normal,5.0039,2.6517,0.6578,0.2704,-0.3874,0.5,6.8897,2.5115,0.37,5.35,2.7476,0.1285
70.05,seguindo,normal,5.0161,2.6643,0.6238,0.3101,-0.3137,0.5,6.8724,3.7205,0.37,5.4,2.7873,0.1327
70.1,seguindo,normal,5.0245,2.6724,0.6012,0.2968,-0.3043,0.5,6.8609,3.7205,0.37,5.4,2.7873,0.1351
70.15,seguindo,normal,5.0375,2.6843,0.5675,0.2768,-0.2907,0.5,6.8435,3.7205,0.37,5.4,2.7873,0.1379
70.2,seguindo,normal,5.0463,2.692,0.5452,0.2633,-0.2819,0.5,6.8318,3.7205,0.37,5.4,2.7873,0.1393
70.25,seguindo,normal,5.0601,2.7031,0.5122,0.3036,-0.2086,0.5,6.8142,10.2419,0.37,5.45,2.8252,0.1409
70.3,seguindo,normal,5.0694,2.7103,0.4904,0.2934,-0.197,0.5,6.8024,10.2419,0.37,5.45,2.8252,0.1416
70.35,seguindo,normal,5.0839,2.7206,0.4581,0.2783,-0.1798,0.5,6.7846,10.2419,0.37,5.45,2.8252,0.1416
70.4,seguindo,normal,5.0937,2.7273,0.4368,0.3167,-0.1202,0.5,6.7727,9.9083,0.37,5.5,2.8604,0.1412
70.45,seguindo,normal,5.1088,2.7369,0.4054,0.3059,-0.0995,0.5,6.7549,9.9083,0.37,5.5,2.8604,0.1402
70.5,seguindo,normal,5.1191,2.743,0.3847,0.2991,-0.0856,0.5,6.7429,9.9083,0.37,5.5,2.8604,0.1391
70.55,seguindo,normal,5.1349,2.7518,0.3545,0.2892,-0.0653,0.5,6.7249,9.9083,0.37,5.5,2.8604,0.1365
70.6,seguindo,normal,5.1459,2.7574,0.3361,0.3212,-0.0149,0.5,6.7127,3.0688,0.37,5.55,2.8918,0.1343
70.65,seguindo,normal,5.1628,2.7653,0.31,0.3159,0.0059,0.5,6.6943,3.0688,0.37,5.55,2.8918,0.1303
70.7,seguindo,normal,5.1743,2.7703,0.293,0.3128,0.0198,0.5,6.6821,3.0688,0.37,5.55,2.8918,0.1273
70.75,seguindo,normal,5.192,2.7775,0.2697,0.3092,0.0395,0.5,6.6634,3.0688,0.37,5.55,2.8918,0.1219
70.8,seguindo,normal,5.2043,2.7819,0.2562,0.3424,0.0862,0.5,6.6509,1.7158,0.37,5.65,2.9408,0.1178
70.85,seguindo,normal,5.2231,2.7882,0.2388,0.3433,0.1045,0.5,6.6318,1.7158,0.37,5.65,2.9408,0.111
70.9,seguindo,normal,5.2359,2.792,0.2293,0.3449,0.1155,0.5,6.6191,1.7158,0.37,5.65,2.9408,0.106
70.95,seguindo,normal,5.2536,2.7969,0.2188,0.3481,0.1293,0.5,6.6018,1.7158,0.37,5.65,2.9408,0.0988
71.0,seguindo,normal,5.2648,2.7999,0.2128,0.3506,0.1379,0.5,6.591,1.7158,0.37,5.65,2.9408,0.0941
71.05,seguindo,normal,5.2817,2.8037,0.2105,0.3537,0.1431,0.5,6.575,1.1437,0.37,5.7,2.9581,0.0865
71.1,seguindo,normal,5.293,2.806,0.2117,0.3576,0.1459,0.5,6.5644,1.1437,0.37,5.7,2.9581,0.0812
71.15,seguindo,normal,5.3099,2.8093,0.2159,0.3644,0.1485,0.5,6.5487,1.1437,0.37,5.7,2.9581,0.0732
71.2,seguindo,normal,5.3212,2.8115,0.2196,0.3693,0.1497,0.5,6.5383,1.1437,0.37,5.7,2.9581,0.068
71.25,seguindo,normal,5.3381,2.8148,0.2255,0.3628,0.1373,0.5,6.5226,0.8733,0.37,5.75,2.9712,0.0601
71.3,seguindo,normal,5.3493,2.8171,0.2296,0.3672,0.1376,0.5,6.5121,0.8733,0.37,5.75,2.9712,0.0549
71.35,seguindo,normal,5.3661,2.8206,0.2353,0.3739,0.1386,0.5,6.4964,0.8733,0.37,5.75,2.9712,0.0472
71.4,seguindo,normal,5.3774,2.823,0.239,0.3785,0.1396,0.5,6.4858,0.8733,0.37,5.75,2.9712,0.0421
71.45,seguindo,normal,5.3944,2.8269,0.2428,0.3856,0.1428,0.5,6.4698,0.8733,0.37,5.75,2.9712,0.0349
71.5,seguindo,normal,5.4057,2.8296,0.2445,0.3904,0.1459,0.5,6.459,0.8733,0.37,5.75,2.9712,0.0302
71.55,seguindo,normal,5.4227,2.8336,0.247,0.3718,0.1248,0.5,6.4429,0.7546,0.37,5.8,2.9807,0.0232
71.6,seguindo,normal,5.434,2.8363,0.2487,0.3758,0.1271,0.5,6.4321,0.7546,0.37,5.8,2.9807,0.0185
71.65,seguindo,normal,5.451,2.8404,0.2512,0.3822,0.131,0.5,6.4159,0.7546,0.37,5.8,2.9807,0.0119
71.7,seguindo,normal,5.4623,2.8432,0.2529,0.3867,0.1338,0.5,6.4051,0.7546,0.37,5.8,2.9807,0.0076
71.75,seguindo,normal,5.4793,2.8474,0.2554,0.361,0.1057,0.5,6.3889,0.7245,0.37,5.85,2.9874,0.0013
71.8,seguindo,normal,5.4906,2.8502,0.257,0.3645,0.1075,0.5,6.3781,0.7245,0.37,5.85,2.9874,-0.0029
71.85,seguindo,normal,5.5075,2.8545,0.2596,0.3702,0.1106,0.5,6.3619,0.7245,0.37,5.85,2.9874,-0.009
71.9,seguindo,normal,5.5188,2.8573,0.2613,0.3741,0.1128,0.5,6.3511,0.7245,0.37,5.85,2.9874,-0.0126
71.95,seguindo,normal,5.5356,2.8617,0.264,0.3112,0.0472,0.5,6.335,0.7642,0.37,5.95,2.9949,-0.0179
72.0,seguindo,normal,5.5469,2.8646,0.2659,0.3129,0.047,0.5,6.3242,0.7642,0.37,5.95,2.9949,-0.0214
72.05,seguindo,normal,5.5638,2.8689,0.2686,0.3154,0.0467,0.5,6.308,0.7642,0.37,5.95,2.9949,-0.0267
72.1,seguindo,normal,5.575,2.8719,0.2704,0.3171,0.0466,0.5,6.2972,0.7642,0.37,5.95,2.9949,-0.0294
72.15,seguindo,normal,5.5918,2.8764,0.2731,0.2872,0.014,0.5,6.281,0.8752,0.37,6.0,2.9969,-0.0334
72.201,seguindo,normal,5.6087,2.8809,0.2759,0.2882,0.0124,0.5,6.2647,0.8752,0.37,6.0,2.9969,-0.0374
72.25,seguindo,normal,5.6199,2.8839,0.2777,0.2889,0.0113,0.5,6.2539,0.8752,0.37,6.0,2.9969,-0.0399
72.3,seguindo,normal,5.6311,2.887,0.2795,0.2896,0.0102,0.5,6.2431,0.8752,0.37,6.0,2.9969,-0.0416
72.35,seguindo,normal,5.6479,2.8916,0.2822,0.1085,-0.1736,0.5,6.2268,1.1435,1.0,6.65,3.0008,-0.0442
72.4,seguindo,normal,5.6591,2.8947,0.284,0.1067,-0.1773,0.5,6.216,1.1435,1.0,6.65,3.0008,-0.0459
72.45,seguindo,normal,5.6759,2.8994,0.2866,0.1037,-0.1829,0.5,6.1997,1.1435,1.0,6.65,3.0008,-0.0476
72.5,seguindo,normal,5.6871,2.9025,0.2884,0.1017,-0.1868,0.5,6.1888,1.1435,1.0,6.65,3.0008,-0.0483
72.55,seguindo,normal,5.7039,2.9073,0.2911,0.094,-0.1971,0.5,6.1725,1.5069,1.0,6.7,3.0012,-0.0493
72.6,seguindo,normal,5.715,2.9105,0.2929,0.0919,-0.201,0.5,6.1617,1.5069,1.0,6.7,3.0012,-0.0499
72.65,seguindo,normal,5.7318,2.9154,0.2956,0.0885,-0.2071,0.5,6.1454,1.5069,1.0,6.7,3.0012,-0.0494
72.7,seguindo,normal,5.7429,2.9186,0.2974,0.0826,-0.2148,0.5,6.1345,2.0805,1.0,6.75,3.002,-0.0491
72.75,seguindo,normal,5.7597,2.9235,0.3,0.079,-0.221,0.5,6.1181,2.0805,1.0,6.75,3.002,-0.0486
72.8,seguindo,normal,5.7708,2.9268,0.3018,0.0766,-0.2253,0.5,6.1073,2.0805,1.0,6.75,3.002,-0.0475
72.85,seguindo,normal,5.7875,2.9318,0.3045,0.0702,-0.2343,0.5,6.0909,2.9854,1.0,6.8,3.003,-0.0457
72.9,seguindo,normal,5.7987,2.9352,0.3063,0.0676,-0.2387,0.5,6.08,2.9854,1.0,6.8,3.003,-0.0445
72.95,seguindo,normal,5.8153,2.9403,0.309,0.0637,-0.2453,0.5,6.0636,2.9854,1.0,6.8,3.003,-0.0421
73.0,seguindo,normal,5.8264,2.9437,0.3108,0.0609,-0.2499,0.5,6.0527,2.9854,1.0,6.8,3.003,-0.0402
73.05,seguindo,normal,5.8431,2.9488,0.3135,0.0553,-0.2581,0.5,6.0363,4.427,1.0,6.85,3.0046,-0.0373
73.1,seguindo,normal,5.8542,2.9523,0.3152,0.0525,-0.2628,0.5,6.0254,4.427,1.0,6.85,3.0046,-0.0354
73.15,seguindo,normal,5.8708,2.9575,0.3179,0.0481,-0.2699,0.5,6.009,4.427,1.0,6.85,3.0046,-0.0317
73.2,seguindo,normal,5.8819,2.961,0.3197,0.0449,-0.2748,0.5,5.9981,6.7568,1.0,6.9,3.0067,-0.0292
73.25,seguindo,normal,5.8985,2.9663,0.3224,0.0404,-0.282,0.5,5.9817,6.7568,1.0,6.9,3.0067,-0.0254
73.3,seguindo,normal,5.9096,2.9698,0.3242,0.0372,-0.287,0.5,5.9707,6.7568,1.0,6.9,3.0067,-0.0226
73.35,seguindo,normal,5.9262,2.9752,0.3269,0.0336,-0.2933,0.5,5.9543,6.718,1.0,6.95,3.0096,-0.0183
73.4,seguindo,normal,5.9372,2.9788,0.3287,0.0304,-0.2983,0.5,5.9433,6.718,1.0,6.95,3.0096,-0.0153
73.45,seguindo,normal,5.9538,2.9842,0.3314,0.0254,-0.3059,0.5,5.9269,6.718,1.0,6.95,3.0096,-0.0108
73.5,seguindo,normal,5.9648,2.9879,0.3331,0.022,-0.3111,0.5,5.9159,6.718,1.0,6.95,3.0096,-0.0076
73.55,seguindo,normal,5.9814,2.9934,0.3358,0.0195,-0.3164,0.5,5.8995,5.2388,1.0,7.0,3.0132,-0.0027
73.6,seguindo,normal,5.9924,2.9971,0.3376,0.016,-0.3216,0.5,5.8885,5.2388,1.0,7.0,3.0132,0.0005
73.65,seguindo,normal,6.0089,3.0027,0.3403,0.0106,-0.3297,0.5,5.872,5.2388,1.0,7.0,3.0132,0.0056
73.7,seguindo,normal,6.0199,3.0065,0.3421,0.0069,-0.3352,0.5,5.861,5.2388,1.0,7.0,3.0132,0.0091
73.75,seguindo,normal,6.0369,3.0127,0.3398,0.0048,-0.335,0.5,5.8438,4.3523,1.0,7.05,3.0176,0.0149
73.8,seguindo,normal,6.0484,3.017,0.3364,0.0006,-0.3359,0.5,5.832,4.3523,1.0,7.05,3.0176,0.0189
73.85,seguindo,normal,6.0655,3.0238,0.3264,-0.0063,-0.3327,0.5,5.8143,4.3523,1.0,7.05,3.0176,0.0255
73.9,seguindo,normal,6.0769,3.0283,0.3179,-0.0057,-0.3236,0.5,5.8026,3.9112,1.0,7.1,3.0225,0.0298
73.95,seguindo,normal,6.0939,3.0353,0.3001,-0.0127,-0.3128,0.5,5.7849,3.9112,1.0,7.1,3.0225,0.0365
74.0,seguindo,normal,6.1052,3.0399,0.2864,-0.0175,-0.3039,0.5,5.7731,3.9112,1.0,7.1,3.0225,0.041
74.05,seguindo,normal,6.1222,3.0468,0.2609,-0.0249,-0.2858,0.5,5.7555,3.9112,1.0,7.1,3.0225,0.0477
74.1,seguindo,normal,6.1336,3.0513,0.2421,-0.0234,-0.2655,0.5,5.7438,3.8898,1.0,7.15,3.0276,0.0522
74.15,seguindo,normal,6.1509,3.0577,0.214,-0.0301,-0.2441,0.5,5.7263,3.8898,1.0,7.15,3.0276,0.0584
74.2,seguindo,normal,6.1624,3.0617,0.1952,-0.0345,-0.2298,0.5,5.7147,3.8898,1.0,7.15,3.0276,0.0623
74.25,seguindo,normal,6.18,3.0672,0.1674,-0.034,-0.2014,0.5,5.6975,4.4513,1.0,7.2,3.0325,0.0677
74.3,seguindo,normal,6.1918,3.0706,0.1489,-0.0378,-0.1867,0.5,5.6861,4.4513,1.0,7.2,3.0325,0.071
74.35,seguindo,normal,6.2097,3.0753,0.1216,-0.0432,-0.1648,0.5,5.6692,4.4513,1.0,7.2,3.0325,0.0756
74.4,seguindo,normal,6.2218,3.0781,0.1038,-0.0466,-0.1504,0.5,5.658,4.4513,1.0,7.2,3.0325,0.0784
74.45,seguindo,normal,6.24,3.0819,0.0774,-0.0446,-0.122,0.5,5.6413,4.3521,1.0,7.25,3.0369,0.0822
74.5,seguindo,normal,6.2523,3.0842,0.0602,-0.0474,-0.1076,0.5,5.6304,4.3521,1.0,7.25,3.0369,0.0844
74.55,seguindo,normal,6.2709,3.0871,0.0351,-0.0513,-0.0864,0.5,5.614,4.3521,1.0,7.25,3.0369,0.0873
74.6,seguindo,normal,6.2834,3.0888,0.0191,-0.0473,-0.0665,0.5,5.6032,3.9112,1.0,7.3,3.0406,0.0889
74.65,seguindo,normal,6.3024,3.0908,-0.004,-0.0503,-0.0462,0.5,5.5871,3.9112,1.0,7.3,3.0406,0.0909
74.7,seguindo,normal,6.3152,3.0919,-0.0187,-0.052,-0.0333,0.5,5.5765,3.9112,1.0,7.3,3.0406,0.092
74.75,seguindo,normal,6.3346,3.093,-0.0398,-0.0486,-0.0087,0.5,5.5607,3.8898,1.0,7.35,3.0437,0.0931
74.8,seguindo,normal,6.3477,3.0935,-0.0527,-0.0496,0.0031,0.5,5.5503,3.8898,1.0,7.35,3.0437,0.0935
74.85,seguindo,normal,6.3675,3.0937,-0.0711,-0.0509,0.0202,0.5,5.5348,3.8898,1.0,7.35,3.0437,0.0938
74.9,seguindo,normal,6.3809,3.0936,-0.0823,-0.0466,0.0356,0.5,5.5245,4.4513,1.0,7.4,3.0461,0.0936
74.95,seguindo,normal,6.3992,3.0931,-0.0956,-0.0469,0.0487,0.5,5.5107,4.4513,1.0,7.4,3.0461,0.0931
75.0,seguindo,normal,6.4108,3.0926,-0.1039,-0.047,0.0569,0.5,5.5021,4.4513,1.0,7.4,3.0461,0.0926
75.05,seguindo,normal,6.4279,3.0912,-0.1096,-0.0422,0.0674,0.5,5.4898,4.3521,1.0,7.45,3.0481,0.0912
75.1,seguindo,normal,6.4393,3.0901,-0.1107,-0.0415,0.0693,0.5,5.4817,4.3521,1.0,7.45,3.0481,0.09
75.15,seguindo,normal,6.4564,3.0879,-0.1079,-0.0401,0.0678,0.5,5.47,4.3521,1.0,7.45,3.0481,0.0879
75.2,seguindo,normal,6.4677,3.0864,-0.1039,-0.039,0.065,0.5,5.4623,4.3521,1.0,7.45,3.0481,0.0863
75.25,seguindo,normal,6.4847,3.0842,-0.0977,-0.0337,0.064,0.5,5.4507,3.9112,1.0,7.5,3.0499,0.084
75.3,seguindo,normal,6.4961,3.0827,-0.0935,-0.0327,0.0609,0.5,5.443,3.9112,1.0,7.5,3.0499,0.0826
75.35,seguindo,normal,6.5131,3.0807,-0.0879,-0.0312,0.0567,0.5,5.4313,3.9112,1.0,7.5,3.0499,0.0805
75.4,seguindo,normal,6.5245,3.0795,-0.0847,-0.0303,0.0544,0.5,5.4234,3.9112,1.0,7.5,3.0499,0.0793
75.45,seguindo,normal,6.5418,3.0778,-0.0812,-0.0257,0.0555,0.5,5.4114,3.8898,1.0,7.55,3.0519,0.0775
75.5,seguindo,normal,6.5533,3.0767,-0.0793,-0.0249,0.0544,0.5,5.4034,3.8898,1.0,7.55,3.0519,0.0764
75.55,seguindo,normal,6.5707,3.0751,-0.0767,-0.0237,0.053,0.5,5.3912,3.8898,1.0,7.55,3.0519,0.0748
75.6,seguindo,normal,6.5823,3.0741,-0.0751,-0.0194,0.0556,0.5,5.3831,4.4513,1.0,7.6,3.0543,0.0737
75.65,seguindo,normal,6.5997,3.0726,-0.0726,-0.0183,0.0543,0.5,5.371,4.4513,1.0,7.6,3.0543,0.0721
75.7,seguindo,normal,6.6113,3.0716,-0.071,-0.0175,0.0535,0.5,5.3629,4.4513,1.0,7.6,3.0543,0.0711
75.75,seguindo,normal,6.6287,3.0702,-0.0686,-0.0123,0.0562,0.5,5.3507,4.3521,1.0,7.65,3.0576,0.0696
75.8,seguindo,normal,6.6403,3.0693,-0.0669,-0.0116,0.0554,0.5,5.3426,4.3521,1.0,7.65,3.0576,0.0686
75.85,seguindo,normal,6.6578,3.0679,-0.0644,-0.0104,0.054,0.5,5.3304,4.3521,1.0,7.65,3.0576,0.0671
75.9,seguindo,normal,6.6694,3.0671,-0.0627,-0.0096,0.0531,0.5,5.3223,4.3521,1.0,7.65,3.0576,0.0661
75.95,seguindo,normal,6.6868,3.0658,-0.0601,-0.0034,0.0567,0.5,5.3102,3.9112,1.0,7.7,3.0623,0.0647
76.0,seguindo,normal,6.6984,3.065,-0.0584,-0.0026,0.0558,0.5,5.3021,3.9112,1.0,7.7,3.0623,0.0637
76.05,seguindo,normal,6.7157,3.0637,-0.0557,-0.0014,0.0543,0.5,5.2899,3.9112,1.0,7.7,3.0623,0.0623
76.1,seguindo,normal,6.7273,3.063,-0.0539,0.0061,0.0599,0.5,5.2818,3.8898,1.0,7.75,3.0691,0.0613
76.15,seguindo,normal,6.7447,3.0618,-0.0511,0.0073,0.0584,0.5,5.2697,3.8898,1.0,7.75,3.0691,0.0599
76.2,seguindo,normal,6.7563,3.0611,-0.0493,0.0081,0.0574,0.5,5.2616,3.8898,1.0,7.75,3.0691,0.059
76.25,seguindo,normal,6.7737,3.06,-0.0466,0.0093,0.056,0.5,5.2495,3.8898,1.0,7.75,3.0691,0.0576
76.3,seguindo,normal,6.7853,3.0594,-0.0448,0.0191,0.0639,0.5,5.2414,2.5374,1.0,7.8,3.0788,0.0566
76.35,seguindo,normal,6.8027,3.0584,-0.0421,0.0204,0.0625,0.5,5.2292,2.5374,1.0,7.8,3.0788,0.0552
76.4,seguindo,normal,6.8143,3.0578,-0.0403,0.0213,0.0616,0.5,5.2211,2.5374,1.0,7.8,3.0788,0.0543
76.45,seguindo,normal,6.8317,3.0569,-0.0376,0.0344,0.072,0.5,5.2089,1.6736,1.0,7.85,3.0919,0.0528
76.5,seguindo,normal,6.8434,3.0563,-0.0358,0.0354,0.0712,0.5,5.2008,1.6736,1.0,7.85,3.0919,0.0519
76.55,seguindo,normal,6.8608,3.0555,-0.0331,0.0368,0.07,0.5,5.1886,1.6736,1.0,7.85,3.0919,0.0504
76.6,seguindo,normal,6.8724,3.0549,-0.0313,0.0378,0.0692,0.5,5.1805,1.6736,1.0,7.85,3.0919,0.0494
76.65,seguindo,normal,6.8898,3.0542,-0.0287,0.0546,0.0832,0.5,5.1683,1.2192,1.0,7.9,3.1094,0.0479
76.7,seguindo,normal,6.9014,3.0537,-0.0269,0.0557,0.0825,0.5,5.1602,1.2192,1.0,7.9,3.1094,0.0469
76.75,seguindo,normal,6.9188,3.0531,-0.0242,0.0573,0.0815,0.5,5.148,1.2192,1.0,7.9,3.1094,0.0452
76.8,seguindo,normal,6.9305,3.0526,-0.0224,0.0772,0.0997,0.5,5.1399,0.9602,1.0,7.95,3.1316,0.0441
76.85,seguindo,normal,6.9479,3.0521,-0.0197,0.0792,0.0989,0.5,5.1277,0.9602,1.0,7.95,3.1316,0.0425
76.9,seguindo,normal,6.9595,3.0517,-0.0179,0.0805,0.0984,0.5,5.1196,0.9602,1.0,7.95,3.1316,0.0413
76.95,seguindo,normal,6.9769,3.0512,-0.0153,0.1046,0.1199,0.5,5.1074,0.8132,1.0,8.0,3.1586,0.0395
77.0,seguindo,normal,6.9885,3.0509,-0.0135,0.1061,0.1196,0.5,5.0993,0.8132,1.0,8.0,3.1586,0.0384
77.05,seguindo,normal,7.006,3.0504,-0.0108,0.1084,0.1192,0.5,5.0871,0.8132,1.0,8.0,3.1586,0.0366
77.1,seguindo,normal,7.0176,3.0502,-0.009,0.11,0.1189,0.5,5.0789,0.8132,1.0,8.0,3.1586,0.0353
77.15,seguindo,normal,7.035,3.0498,-0.0063,-0.0042,0.0021,0.5,5.0667,5.2094,0.37,7.45,3.0481,0.0334
77.2,seguindo,normal,7.0466,3.0496,-0.0045,-0.0038,0.0007,0.5,5.0586,5.2094,0.37,7.45,3.0481,0.0322
77.25,seguindo,normal,7.0641,3.0493,-0.0018,-0.0032,-0.0014,0.5,5.0464,5.2094,0.37,7.45,3.0481,0.0302
77.3,seguindo,normal,7.0757,3.0492,-0.0,0.0018,0.0018,0.5,5.0382,4.4787,0.37,7.5,3.0499,0.0289
77.35,seguindo,normal,7.0931,3.049,0.0026,0.0023,-0.0003,0.5,5.026,4.4787,0.37,7.5,3.0499,0.0271
77.4,seguindo,normal,7.1048,3.0489,0.0044,0.0026,-0.0018,0.5,5.0179,4.4787,0.37,7.5,3.0499,0.0258
77.45,seguindo,normal,7.1222,3.0488,0.0071,0.0031,-0.004,0.5,5.0057,4.4787,0.37,7.5,3.0499,0.0239
77.5,seguindo,normal,7.1338,3.0487,0.0089,0.0076,-0.0013,0.5,4.9975,4.7606,0.37,7.55,3.0519,0.0227
77.55,seguindo,normal,7.1512,3.0487,0.0116,0.008,-0.0036,0.5,4.9853,4.7606,0.37,7.55,3.0519,0.0209
77.6,seguindo,normal,7.1629,3.0487,0.0134,0.0083,-0.0051,0.5,4.9771,4.7606,0.37,7.55,3.0519,0.0197
77.65,seguindo,normal,7.1803,3.0487,0.0161,0.0133,-0.0028,0.5,4.9649,6.3501,0.37,7.6,3.0543,0.0181
77.7,seguindo,normal,7.1919,3.0488,0.0179,0.0136,-0.0043,0.5,4.9568,6.3501,0.37,7.6,3.0543,0.017
77.75,seguindo,normal,7.2094,3.0489,0.0205,0.0139,-0.0067,0.5,4.9445,6.3501,0.37,7.6,3.0543,0.0155
77.8,seguindo,normal,7.221,3.049,0.0223,0.014,-0.0083,0.5,4.9364,6.3501,0.37,7.6,3.0543,0.0146
77.85,seguindo,normal,7.2384,3.0492,0.025,0.0205,-0.0045,0.5,4.9241,13.7218,0.37,7.65,3.0576,0.0133
77.9,seguindo,normal,7.25,3.0493,0.0268,0.0207,-0.0061,0.5,4.916,13.7218,0.37,7.65,3.0576,0.0124
77.95,seguindo,normal,7.2675,3.0496,0.0295,0.0209,-0.0086,0.5,4.9038,13.7218,0.37,7.65,3.0576,0.0114
78.0,seguindo,normal,7.2791,3.0498,0.0313,0.0298,-0.0015,0.5,4.8956,25.7017,0.37,7.7,3.0623,0.0107
78.05,seguindo,normal,7.2965,3.0502,0.034,0.0302,-0.0038,0.5,4.8834,25.7017,0.37,7.7,3.0623,0.0098
78.1,seguindo,normal,7.3081,3.0504,0.0358,0.0304,-0.0053,0.5,4.8752,25.7017,0.37,7.7,3.0623,0.0093
78.155,seguindo,normal,7.3256,3.0508,0.0384,0.0431,0.0046,0.5,4.863,5.6468,0.37,7.75,3.0691,0.0086
78.2,seguindo,normal,7.3372,3.0512,0.0402,0.0435,0.0033,0.5,4.8548,5.6468,0.37,7.75,3.0691,0.0083
78.25,seguindo,normal,7.3546,3.0517,0.0429,0.0442,0.0013,0.5,4.8425,5.6468,0.37,7.75,3.0691,0.0078
78.3,seguindo,normal,7.3662,3.052,0.0447,0.0446,-0.0001,0.5,4.8344,5.6468,0.37,7.75,3.0691,0.0076
78.35,seguindo,normal,7.3837,3.0526,0.0474,0.0627,0.0153,0.5,4.8221,2.9115,0.37,7.8,3.0788,0.0073
78.4,seguindo,normal,7.3953,3.053,0.0492,0.0635,0.0143,0.5,4.814,2.9115,0.37,7.8,3.0788,0.0072
78.45,seguindo,normal,7.4127,3.0537,0.0519,0.0646,0.0128,0.5,4.8017,2.9115,0.37,7.8,3.0788,0.0071
78.5,seguindo,normal,7.4243,3.0542,0.0537,0.0654,0.0117,0.5,4.7935,2.9115,0.37,7.8,3.0788,0.0071
78.55,seguindo,normal,7.4417,3.0549,0.0563,0.0904,0.0341,0.5,4.7813,1.8571,0.37,7.85,3.0919,0.0071
78.6,seguindo,normal,7.4533,3.0554,0.0581,0.0918,0.0337,0.5,4.7731,1.8571,0.37,7.85,3.0919,0.0072
78.65,seguindo,normal,7.4708,3.0562,0.0608,0.0938,0.033,0.5,4.7609,1.8571,0.37,7.85,3.0919,0.0074
78.7,seguindo,normal,7.4824,3.0568,0.0626,0.1252,0.0626,0.5,4.7527,1.323,0.37,7.9,3.1094,0.0075
78.75,seguindo,normal,7.4998,3.0577,0.0653,0.1284,0.0631,0.5,4.7404,1.323,0.37,7.9,3.1094,0.0078
78.8,seguindo,normal,7.5114,3.0583,0.0671,0.1306,0.0635,0.5,4.7323,1.323,0.37,7.9,3.1094,0.0079
78.85,seguindo,normal,7.5288,3.0593,0.0698,0.1699,0.1001,0.5,4.72,1.0224,0.37,7.95,3.1316,0.0082
78.9,seguindo,normal,7.5404,3.06,0.0717,0.1731,0.1014,0.5,4.7119,1.0224,0.37,7.95,3.1316,0.0084
78.95,seguindo,normal,7.5578,3.061,0.0744,0.178,0.1036,0.5,4.6996,1.0224,0.37,7.95,3.1316,0.0087
79.0,seguindo,normal,7.5694,3.0617,0.0763,0.1815,0.1052,0.5,4.6915,1.0224,0.37,7.95,3.1316,0.0089
79.05,seguindo,normal,7.5868,3.0629,0.079,0.2278,0.1488,0.5,4.6792,0.8504,0.37,8.0,3.1586,0.0092
79.1,seguindo,normal,7.5983,3.0636,0.0808,0.2323,0.1515,0.5,4.671,0.8504,0.37,8.0,3.1586,0.0094
79.15,seguindo,normal,7.6157,3.0649,0.0835,0.2394,0.1559,0.5,4.6588,0.8504,0.37,8.0,3.1586,0.0095
79.2,seguindo,normal,7.6273,3.0657,0.0853,0.2867,0.2015,0.5,4.6506,0.7604,0.37,8.05,3.1903,0.0096
79.25,seguindo,normal,7.6447,3.067,0.0879,0.2954,0.2075,0.5,4.6383,0.7604,0.37,8.05,3.1903,0.0097
79.3,seguindo,normal,7.6563,3.0679,0.0897,0.3015,0.2118,0.5,4.6301,0.7604,0.37,8.05,3.1903,0.0096
79.35,seguindo,normal,7.6737,3.0692,0.0924,0.3113,0.2189,0.5,4.6179,0.7604,0.37,8.05,3.1903,0.0093
79.4,seguindo,normal,7.6853,3.0702,0.0942,0.3182,0.224,0.5,4.6097,0.7249,0.37,8.05,3.1903,0.0092
79.45,seguindo,normal,7.7027,3.0716,0.0969,0.3293,0.2324,0.5,4.5974,0.7249,0.37,8.05,3.1903,0.0088
79.5,seguindo,normal,7.7142,3.0726,0.0986,0.3372,0.2385,0.5,4.5893,0.7249,0.37,8.05,3.1903,0.0082
79.55,seguindo,normal,7.7316,3.0741,0.1013,0.3907,0.2894,0.5,4.577,0.7421,0.37,8.1,3.2258,0.0074
79.6,seguindo,normal,7.7432,3.0752,0.1031,0.3996,0.2965,0.5,4.5688,0.7421,0.37,8.1,3.2258,0.0069
79.65,seguindo,normal,7.7605,3.0768,0.1058,0.4138,0.308,0.5,4.5566,0.7421,0.37,8.1,3.2258,0.0055
79.7,seguindo,normal,7.7721,3.0779,0.1076,0.424,0.3164,0.5,4.5484,0.7421,0.37,8.1,3.2258,0.0044
79.75,seguindo,normal,7.7895,3.0795,0.1103,0.4736,0.3633,0.5,4.5361,0.8167,0.37,8.15,3.2643,0.0028
79.8,seguindo,normal,7.801,3.0807,0.1121,0.4844,0.3723,0.5,4.5279,0.8167,0.37,8.15,3.2643,0.0016
79.85,seguindo,normal,7.8184,3.0824,0.1147,0.5016,0.3869,0.5,4.5157,0.8167,0.37,8.15,3.2643,-0.0011
79.9,seguindo,normal,7.8299,3.0836,0.1165,0.5009,0.3844,0.5,4.5075,0.7525,1.0,8.75,3.5874,-0.0029
79.95,seguindo,normal,7.8473,3.0855,0.1192,0.5074,0.3882,0.5,4.4952,0.7525,1.0,8.75,3.5874,-0.0056
80.0,seguindo,normal,7.8588,3.0867,0.121,0.5119,0.3909,0.5,4.4871,0.7525,1.0,8.75,3.5874,-0.0078
80.05,seguindo,normal,7.8739,3.0879,0.1293,0.5181,0.3889,0.5,4.4768,0.7525,1.0,8.75,3.5874,-0.0117
80.1,seguindo,normal,7.883,3.0884,0.1386,0.611,0.4725,0.5,4.4708,1.2243,0.37,8.25,3.3454,-0.0142
80.15,seguindo,normal,7.8969,3.0889,0.1576,0.6283,0.4707,0.5,4.4618,1.2243,0.37,8.25,3.3454,-0.0183
80.2,seguindo,normal,7.9061,3.0891,0.1727,0.6405,0.4678,0.5,4.4559,1.2243,0.37,8.25,3.3454,-0.0211
80.25,seguindo,normal,7.92,3.0894,0.2007,0.6598,0.4591,0.5,4.4471,1.2243,0.37,8.25,3.3454,-0.0263
80.3,seguindo,normal,7.9292,3.0897,0.2217,0.6731,0.4514,0.5,4.4413,1.2243,0.37,8.25,3.3454,-0.0299
80.35,seguindo,normal,7.9398,3.09,0.2475,0.6875,0.4399,0.5,4.4346,1.7016,0.37,8.3,3.3857,-0.0339
80.4,seguindo,normal,7.9453,3.0902,0.2612,0.6945,0.4333,0.5,4.431,1.7016,0.37,8.3,3.3857,-0.0358
80.45,seguindo,normal,7.9562,3.0915,0.2844,0.7079,0.4235,0.5,4.4233,1.7016,0.37,8.3,3.3857,-0.0392
80.5,seguindo,normal,7.965,3.0927,0.3014,0.7186,0.4172,0.5,4.4171,1.7016,0.37,8.3,3.3857,-0.0416
80.55,seguindo,normal,7.9779,3.0943,0.3315,0.7354,0.4039,0.5,4.4079,1.7016,0.37,8.3,3.3857,-0.0461
80.6,seguindo,normal,7.9865,3.0955,0.3532,0.7468,0.3936,0.5,4.4018,1.7016,0.37,8.3,3.3857,-0.0491
80.65,seguindo,normal,7.9993,3.0976,0.3861,0.7641,0.3779,0.5,4.3924,1.7016,0.37,8.3,3.3857,-0.0534
80.7,seguindo,normal,8.0078,3.0992,0.4082,0.7755,0.3674,0.5,4.386,2.7917,0.37,8.3,3.3857,-0.056
80.75,seguindo,normal,8.0204,3.1019,0.4412,0.7928,0.3516,0.5,4.3762,2.7917,0.37,8.3,3.3857,-0.0596
80.8,seguindo,normal,8.0288,3.104,0.4632,0.8044,0.3412,0.5,4.3695,2.7917,0.37,8.3,3.3857,-0.0618
80.85,seguindo,normal,8.0413,3.1076,0.4954,0.8216,0.3263,0.5,4.3591,2.7917,0.37,8.3,3.3857,-0.0653
80.9,seguindo,normal,8.0497,3.1102,0.5164,0.8332,0.3168,0.5,4.352,2.7917,0.37,8.3,3.3857,-0.0675
80.95,seguindo,normal,8.0621,3.1145,0.548,0.8506,0.3026,0.5,4.3412,2.7917,0.37,8.3,3.3857,-0.0705
81.0,seguindo,normal,8.0703,3.1176,0.5692,0.8311,0.2619,0.5,4.3338,7.816,0.37,8.35,3.4242,-0.0723
81.05,seguindo,normal,8.0825,3.1226,0.6005,0.8451,0.2446,0.5,4.3225,7.816,0.37,8.35,3.4242,-0.0745
81.1,seguindo,normal,8.0905,3.1262,0.6212,0.8543,0.2331,0.5,4.3149,7.816,0.37,8.35,3.4242,-0.0758
81.15,seguindo,normal,8.1025,3.1319,0.6521,0.8681,0.216,0.5,4.3032,7.816,0.37,8.35,3.4242,-0.078
81.2,seguindo,normal,8.1105,3.1359,0.6724,0.8774,0.205,0.5,4.2952,7.816,0.37,8.35,3.4242,-0.0793
81.25,seguindo,gargalo_centro,8.1223,3.1423,0.7028,0.5034,-0.1994,0.25,4.2831,0.7288,0.9449,8.95,3.5982,-0.081
81.3,seguindo,gargalo_centro,8.1302,3.1468,0.7227,0.5032,-0.2195,0.25,4.2748,0.7288,0.9358,8.95,3.5982,-0.0819
81.35,seguindo,gargalo_centro,8.1419,3.1539,0.7525,0.5027,-0.2499,0.25,4.2622,0.7288,0.9222,8.95,3.5982,-0.0829
81.4,seguindo,gargalo_centro,8.1496,3.1588,0.7721,0.502,-0.2701,0.25,4.2537,0.7288,0.913,8.95,3.5982,-0.0834
81.45,seguindo,gargalo_centro,8.1612,3.1666,0.8007,0.5006,-0.3001,0.25,4.2406,0.7288,0.8991,8.95,3.5982,-0.0842
81.5,seguindo,gargalo_centro,8.1688,3.1721,0.8191,0.4993,-0.3198,0.25,4.2316,0.7288,0.8898,8.95,3.5982,-0.0846
81.55,seguindo,gargalo_centro,8.1803,3.1808,0.8457,0.4969,-0.3488,0.25,4.2179,0.816,0.8756,8.95,3.5982,-0.0847
81.6,seguindo,gargalo_centro,8.1879,3.1867,0.863,0.495,-0.3681,0.25,4.2086,0.816,0.8661,8.95,3.5982,-0.0846
81.65,seguindo,gargalo_centro,8.199,3.1962,0.888,0.4915,-0.3965,0.25,4.1945,0.6766,0.8518,8.95,3.5982,-0.0839
81.7,seguindo,gargalo_centro,8.2063,3.2026,0.9041,0.4888,-0.4154,0.25,4.1849,0.5675,0.8423,8.95,3.5982,-0.0833
81.75,seguindo,gargalo_centro,8.2175,3.214,0.9234,0.483,-0.4403,0.25,4.1692,0.3642,0.8272,8.95,3.5982,-0.0815
81.8,seguindo,gargalo_centro,8.2249,3.2222,0.9335,0.4783,-0.4552,0.2245,4.1582,0.2245,0.8167,8.95,3.5982,-0.0798
81.85,seguindo,gargalo_centro,8.2353,3.2348,0.9432,0.4703,-0.4729,0.0384,4.1419,0.0384,0.8017,8.95,3.5982,-0.0765
81.9,seguindo,gargalo_centro,8.2419,3.2434,0.9472,0.4645,-0.4827,0.25,4.1311,0.7403,0.792,8.95,3.5982,-0.074
81.95,seguindo,gargalo_centro,8.2512,3.2563,0.9478,0.455,-0.4927,0.25,4.1152,0.7403,0.7779,8.95,3.5982,-0.0698
82.0,seguindo,gargalo_centro,8.2573,3.2649,0.9464,0.4484,-0.4979,0.25,4.1046,0.7403,0.7687,8.95,3.5982,-0.067
82.05,seguindo,gargalo_centro,8.2646,3.2752,0.9456,0.4404,-0.5052,0.25,4.092,0.7403,0.7577,8.95,3.5982,-0.0637
82.1,seguindo,gargalo_centro,8.2688,3.281,0.9456,0.4358,-0.5098,0.25,4.0848,0.7302,0.7514,8.95,3.5982,-0.0618
82.15,seguindo,gargalo_centro,8.2765,3.2921,0.9413,0.4265,-0.5148,0.25,4.0714,0.7302,0.7398,8.95,3.5982,-0.0581
82.2,seguindo,gargalo_centro,8.2821,3.3005,0.9362,0.4193,-0.5169,0.25,4.0612,0.7302,0.7312,8.95,3.5982,-0.0551
82.25,seguindo,gargalo_eixo,8.2901,3.313,0.9235,0.2315,-0.692,0.25,4.0464,0.7302,1.2943,9.5499,3.6099,-0.0504
82.3,seguindo,gargalo_eixo,8.2954,3.3212,0.9132,0.2261,-0.687,0.25,4.0366,0.7302,1.2873,9.5499,3.6099,-0.0473
82.35,seguindo,gargalo_eixo,8.3032,3.3339,0.8927,0.2179,-0.6749,0.25,4.0218,0.7975,1.2768,9.5499,3.6099,-0.0424
82.4,seguindo,gargalo_eixo,8.3085,3.3423,0.8773,0.2123,-0.665,0.25,4.0118,0.7975,1.2699,9.5499,3.6099,-0.0391
82.45,seguindo,gargalo_eixo,8.3163,3.3549,0.8491,0.2038,-0.6454,0.25,3.9971,0.7975,1.2597,9.5499,3.6099,-0.0341
82.5,seguindo,gargalo_eixo,8.3215,3.3632,0.8286,0.1981,-0.6304,0.25,3.9873,0.7975,1.2529,9.5499,3.6099,-0.0309
82.55,seguindo,gargalo_eixo,8.3292,3.3756,0.7927,0.1896,-0.6031,0.25,3.9728,0.7975,1.243,9.5499,3.6099,-0.0258
82.6,seguindo,gargalo_eixo,8.3344,3.3837,0.767,0.184,-0.583,0.25,3.9631,0.7975,1.2363,9.5499,3.6099,-0.0225
82.65,seguindo,gargalo_eixo,8.3425,3.396,0.7234,0.1753,-0.5481,0.25,3.9485,0.7497,1.2262,9.5499,3.6099,-0.0177
82.7,seguindo,gargalo_eixo,8.3481,3.4041,0.6925,0.1696,-0.523,0.25,3.9386,0.7497,1.2193,9.5499,3.6099,-0.0147
82.75,seguindo,gargalo_eixo,8.3564,3.416,0.6413,0.161,-0.4802,0.25,3.9241,0.7497,1.2092,9.5499,3.6099,-0.0103
82.8,seguindo,gargalo_eixo,8.362,3.4237,0.6053,0.1555,-0.4498,0.25,3.9146,0.7497,1.2024,9.5499,3.6099,-0.0073
82.85,seguindo,gargalo_eixo,8.3709,3.4349,0.5492,0.1473,-0.4019,0.25,3.9002,0.7497,1.1919,9.5499,3.6099,-0.0033
82.9,seguindo,gargalo_eixo,8.3772,3.4422,0.5112,0.142,-0.3691,0.25,3.8906,0.7322,1.1846,9.5499,3.6099,-0.001
82.95,seguindo,gargalo_eixo,8.3872,3.4527,0.4545,0.1344,-0.3201,0.25,3.8763,0.7322,1.1732,9.5499,3.6099,0.0017
83.0,seguindo,gargalo_eixo,8.3943,3.4594,0.417,0.1295,-0.2875,0.25,3.8668,0.7322,1.1654,9.5499,3.6099,0.003
83.05,seguindo,gargalo_eixo,8.4054,3.4688,0.3613,0.1226,-0.2387,0.25,3.8526,0.7322,1.1531,9.5499,3.6099,0.0048
83.1,seguindo,gargalo_eixo,8.4132,3.4748,0.3248,0.1183,-0.2065,0.25,3.8432,0.7322,1.1447,9.5499,3.6099,0.0057
83.15,seguindo,gargalo_eixo,8.4254,3.4832,0.2706,0.1122,-0.1584,0.25,3.8293,0.7856,1.1316,9.5499,3.6099,0.0063
83.2,seguindo,gargalo_eixo,8.4339,3.4884,0.2354,0.1084,-0.1269,0.25,3.8201,0.7856,1.1225,9.5499,3.6099,0.0061
83.25,seguindo,gargalo_eixo,8.4472,3.4956,0.1833,0.1033,-0.08,0.25,3.8065,0.7856,1.1086,9.5499,3.6099,0.0051
83.3,seguindo,gargalo_eixo,8.4564,3.4999,0.1497,0.1002,-0.0495,0.25,3.7977,0.7856,1.099,9.5499,3.6099,0.0045
83.35,seguindo,gargalo_eixo,8.4707,3.5058,0.1003,0.0961,-0.0042,0.25,3.7846,0.7856,1.0842,9.5499,3.6099,0.0029
83.4,seguindo,gargalo_eixo,8.4806,3.5093,0.0689,0.0938,0.025,0.25,3.7761,0.9145,1.074,9.5499,3.6099,0.0012
83.45,seguindo,gargalo_eixo,8.4959,3.5137,0.0234,0.091,0.0676,0.25,3.7637,0.9145,1.0584,9.5499,3.6099,-0.0022
83.5,seguindo,gargalo_eixo,8.5065,3.5162,-0.0053,0.0896,0.0949,0.25,3.7556,0.9145,1.0476,9.5499,3.6099,-0.0047
83.55,seguindo,gargalo_eixo,8.5234,3.5189,-0.0436,0.0884,0.132,0.25,3.7438,0.9145,1.0305,9.5499,3.6099,-0.0091
83.6,seguindo,gargalo_eixo,8.5352,3.5201,-0.0663,0.0883,0.1546,0.25,3.7361,1.1402,1.0186,9.5499,3.6099,-0.0128
83.65,seguindo,gargalo_eixo,8.5521,3.5212,-0.0972,0.0886,0.1858,0.25,3.7256,1.1402,1.0017,9.5499,3.6099,-0.0186
83.7,seguindo,gargalo_eixo,8.563,3.5218,-0.1183,0.089,0.2073,0.25,3.719,1.1402,0.9908,9.5499,3.6099,-0.0221
83.75,seguindo,gargalo_eixo,8.5789,3.5218,-0.1447,0.0904,0.2351,0.25,3.7101,1.1402,0.975,9.5499,3.6099,-0.0272
83.8,seguindo,gargalo_eixo,8.5894,3.5215,-0.1599,0.0918,0.2517,0.25,3.7045,1.5054,0.9645,9.5499,3.6099,-0.0311
83.85,seguindo,gargalo_eixo,8.6051,3.5201,-0.176,0.0947,0.2707,0.25,3.6969,1.5054,0.949,9.5499,3.6099,-0.0375
83.9,seguindo,gargalo_eixo,8.6154,3.5189,-0.1841,0.097,0.2811,0.25,3.6922,1.5054,0.9388,9.5499,3.6099,-0.0418
83.95,seguindo,gargalo_eixo,8.6307,3.5165,-0.1893,0.1013,0.2906,0.25,3.6859,1.5054,0.9239,9.5499,3.6099,-0.048
84.0,seguindo,gargalo_eixo,8.6407,3.5146,-0.1902,0.1044,0.2946,0.25,3.682,1.2298,0.9141,9.5499,3.6099,-0.0523
84.05,seguindo,gargalo_eixo,8.6528,3.5124,-0.1918,0.1082,0.3,0.25,3.6772,1.2121,0.9024,9.5499,3.6099,-0.0575
84.1,seguindo,gargalo_eixo,8.6596,3.5112,-0.193,0.1104,0.3034,0.25,3.6746,1.1944,0.8957,9.5499,3.6099,-0.0604
84.15,seguindo,gargalo_eixo,8.667,3.5099,-0.1948,0.1127,0.3075,0.25,3.6716,1.1315,0.8885,9.5499,3.6099,-0.0633
84.2,seguindo,gargalo_eixo,8.6707,3.5093,-0.1959,0.1139,0.3099,0.25,3.6702,1.1006,0.885,9.5499,3.6099,-0.0647
84.25,seguindo,gargalo_eixo,8.6733,3.5089,-0.1977,0.1147,0.3123,0.25,3.6691,1.0785,0.8824,9.5499,3.6099,-0.0655
84.3,seguindo,gargalo_eixo,8.6738,3.5089,-0.1988,0.1148,0.3135,0.25,3.6688,1.0741,0.8818,9.5499,3.6099,-0.0656
84.35,seguindo,gargalo_eixo,8.6718,3.5095,-0.2005,0.1139,0.3143,0.25,3.6694,1.0908,0.8838,9.5499,3.6099,-0.0647
84.4,seguindo,gargalo_eixo,8.6692,3.5101,-0.2016,0.1128,0.3144,0.25,3.6703,1.1123,0.8863,9.5499,3.6099,-0.0636
84.45,seguindo,gargalo_eixo,8.6624,3.5116,-0.2033,0.1103,0.3136,0.25,3.6726,1.1691,0.8929,9.5499,3.6099,-0.0607
84.5,seguindo,gargalo_eixo,8.6567,3.5129,-0.2044,0.1082,0.3126,0.25,3.6747,1.2121,0.8984,9.5499,3.6099,-0.0581
84.55,seguindo,gargalo_eixo,8.6453,3.5154,-0.2059,0.104,0.3099,0.25,3.6788,1.2204,0.9095,9.5499,3.6099,-0.0527
84.6,seguindo,gargalo_eixo,8.6364,3.5174,-0.2068,0.1009,0.3077,0.25,3.682,1.5054,0.9182,9.5499,3.6099,-0.0486
84.65,seguindo,gargalo_eixo,8.6248,3.5199,-0.208,0.097,0.305,0.25,3.6863,1.5054,0.9295,9.5499,3.6099,-0.0432
84.7,seguindo,gargalo_eixo,8.6177,3.5214,-0.2087,0.0946,0.3033,0.25,3.6889,1.5054,0.9364,9.5499,3.6099,-0.0399
84.75,seguindo,gargalo_eixo,8.6093,3.5232,-0.2096,0.0918,0.3014,0.25,3.692,1.5054,0.9446,9.5499,3.6099,-0.0359
84.8,seguindo,gargalo_eixo,8.6046,3.5243,-0.21,0.0903,0.3004,0.25,3.6937,1.5054,0.9491,9.5499,3.6099,-0.0334
84.85,seguindo,gargalo_eixo,8.5997,3.5253,-0.2105,0.0887,0.2993,0.25,3.6956,1.5054,0.9539,9.5499,3.6099,-0.0308
84.9,seguindo,gargalo_eixo,8.5973,3.5259,-0.2108,0.088,0.2987,0.25,3.6965,1.5054,0.9563,9.5499,3.6099,-0.0295
84.95,seguindo,gargalo_eixo,8.5954,3.5263,-0.211,0.0874,0.2984,0.25,3.6972,1.5054,0.9581,9.5499,3.6099,-0.0285
85.0,seguindo,gargalo_eixo,8.595,3.5264,-0.2111,0.0872,0.2983,0.25,3.6974,1.5054,0.9586,9.5499,3.6099,-0.0282
85.05,seguindo,gargalo_eixo,8.5947,3.5264,-0.2111,0.0872,0.2982,0.25,3.6974,1.5054,0.9588,9.5499,3.6099,-0.0281
85.1,seguindo,gargalo_eixo,8.5947,3.5264,-0.2111,0.0872,0.2982,0.25,3.6974,1.5054,0.9588,9.5499,3.6099,-0.0281
85.15,seguindo,gargalo_eixo,8.5947,3.5264,-0.2111,0.0872,0.2982,0.25,3.6974,1.5054,0.9588,9.5499,3.6099,-0.0281
85.2,seguindo,gargalo_eixo,8.5947,3.5264,-0.2111,0.0872,0.2982,0.25,3.6974,1.5054,0.9588,9.5499,3.6099,-0.0281
85.25,seguindo,gargalo_eixo,8.5947,3.5264,-0.2111,0.0872,0.2982,0.25,3.6974,1.5054,0.9588,9.5499,3.6099,-0.0281
85.3,seguindo,gargalo_eixo,8.5947,3.5264,-0.2111,0.0872,0.2982,0.25,3.6974,1.5054,0.9588,9.5499,3.6099,-0.0281
85.35,seguindo,gargalo_eixo,8.5947,3.5264,-0.2111,0.0872,0.2982,0.25,3.6974,1.5054,0.9588,9.5499,3.6099,-0.0281
85.4,seguindo,gargalo_eixo,8.5947,3.5264,-0.2111,0.0872,0.2982,0.25,3.6974,1.5054,0.9588,9.5499,3.6099,-0.0281
85.45,seguindo,gargalo_eixo,8.5947,3.5264,-0.2111,0.0872,0.2982,0.25,3.6974,1.5054,0.9588,9.5499,3.6099,-0.0281
85.5,seguindo,gargalo_eixo,8.5947,3.5264,-0.2111,0.0872,0.2982,0.25,3.6974,1.5054,0.9588,9.5499,3.6099,-0.0281
85.55,seguindo,gargalo_eixo,8.5947,3.5264,-0.2111,0.0872,0.2982,0.25,3.6974,1.5054,0.9588,9.5499,3.6099,-0.0281
85.6,seguindo,gargalo_eixo,8.5947,3.5264,-0.2111,0.0872,0.2982,0.25,3.6974,1.5054,0.9588,9.5499,3.6099,-0.0281
85.65,seguindo,gargalo_eixo,8.5947,3.5264,-0.2111,0.0872,0.2982,0.25,3.6974,1.5054,0.9588,9.5499,3.6099,-0.0281
85.7,seguindo,gargalo_eixo,8.5947,3.5264,-0.2111,0.0872,0.2982,0.25,3.6974,1.5054,0.9588,9.5499,3.6099,-0.0281
85.75,seguindo,gargalo_eixo,8.5947,3.5264,-0.2111,0.0872,0.2982,0.25,3.6974,1.5054,0.9588,9.5499,3.6099,-0.0281
85.8,seguindo,gargalo_eixo,8.5947,3.5264,-0.2111,0.0872,0.2982,0.25,3.6974,1.5054,0.9588,9.5499,3.6099,-0.0281
85.85,seguindo,gargalo_eixo,8.5947,3.5264,-0.2111,0.0872,0.2982,0.25,3.6974,1.5054,0.9588,9.5499,3.6099,-0.0281
85.9,seguindo,gargalo_eixo,8.5947,3.5264,-0.2111,0.0872,0.2982,0.25,3.6974,1.5054,0.9588,9.5499,3.6099,-0.0281
85.95,seguindo,gargalo_eixo,8.5947,3.5264,-0.2111,0.0872,0.2982,0.25,3.6974,1.5054,0.9588,9.5499,3.6099,-0.0281
86.0,seguindo,gargalo_eixo,8.5947,3.5264,-0.2111,0.0872,0.2982,0.25,3.6974,1.5054,0.9588,9.5499,3.6099,-0.0281
86.05,seguindo,gargalo_eixo,8.5947,3.5264,-0.2111,0.0872,0.2982,0.25,3.6974,1.5054,0.9588,9.5499,3.6099,-0.0281
86.1,seguindo,gargalo_eixo,8.5947,3.5264,-0.2111,0.0872,0.2982,0.25,3.6974,1.5054,0.9588,9.5499,3.6099,-0.0281
86.15,seguindo,gargalo_eixo,8.5947,3.5264,-0.2111,0.0872,0.2982,0.25,3.6974,1.5054,0.9588,9.5499,3.6099,-0.0281
86.2,seguindo,gargalo_eixo,8.5947,3.5264,-0.2111,0.0872,0.2982,0.25,3.6974,1.5054,0.9588,9.5499,3.6099,-0.0281
86.25,seguindo,gargalo_eixo,8.5947,3.5264,-0.2111,0.0872,0.2982,0.25,3.6974,1.5054,0.9588,9.5499,3.6099,-0.0281
86.3,seguindo,gargalo_eixo,8.5947,3.5264,-0.2111,0.0872,0.2982,0.25,3.6974,1.5054,0.9588,9.5499,3.6099,-0.0281
86.35,seguindo,gargalo_eixo,8.5947,3.5264,-0.2111,0.0872,0.2982,0.25,3.6974,1.5054,0.9588,9.5499,3.6099,-0.0281
86.4,seguindo,gargalo_eixo,8.5947,3.5264,-0.2111,0.0872,0.2982,0.25,3.6974,1.5054,0.9588,9.5499,3.6099,-0.0281
86.45,seguindo,gargalo_eixo,8.5947,3.5264,-0.2111,0.0872,0.2982,0.25,3.6974,1.5054,0.9588,9.5499,3.6099,-0.0281
86.5,seguindo,gargalo_eixo,8.5947,3.5264,-0.2111,0.0872,0.2982,0.25,3.6974,1.5054,0.9588,9.5499,3.6099,-0.0281
86.55,seguindo,gargalo_eixo,8.5947,3.5264,-0.2111,0.0872,0.2982,0.25,3.6974,1.5054,0.9588,9.5499,3.6099,-0.0281
86.6,seguindo,gargalo_eixo,8.5947,3.5264,-0.2111,0.0872,0.2982,0.25,3.6974,1.5054,0.9588,9.5499,3.6099,-0.0281
86.65,seguindo,gargalo_eixo,8.5947,3.5264,-0.2111,0.0872,0.2982,0.25,3.6974,1.5054,0.9588,9.5499,3.6099,-0.0281
86.7,seguindo,gargalo_eixo,8.5947,3.5264,-0.2111,0.0872,0.2982,0.25,3.6974,1.5054,0.9588,9.5499,3.6099,-0.0281
86.75,seguindo,gargalo_eixo,8.5947,3.5264,-0.2111,0.0872,0.2982,0.25,3.6974,1.5054,0.9588,9.5499,3.6099,-0.0281
86.8,seguindo,gargalo_eixo,8.5947,3.5264,-0.2111,0.0872,0.2982,0.25,3.6974,1.5054,0.9588,9.5499,3.6099,-0.0281
86.85,seguindo,gargalo_eixo,8.5947,3.5264,-0.2111,0.0872,0.2982,0.25,3.6974,1.5054,0.9588,9.5499,3.6099,-0.0281
86.9,seguindo,gargalo_eixo,8.5947,3.5264,-0.2111,0.0872,0.2982,0.25,3.6974,1.5054,0.9588,9.5499,3.6099,-0.0281
86.95,seguindo,gargalo_eixo,8.5947,3.5264,-0.2111,0.0872,0.2982,0.25,3.6974,1.5054,0.9588,9.5499,3.6099,-0.0281
87.0,seguindo,gargalo_eixo,8.5947,3.5264,-0.2111,0.0872,0.2982,0.25,3.6974,1.5054,0.9588,9.5499,3.6099,-0.0281
87.05,seguindo,gargalo_eixo,8.5947,3.5264,-0.2111,0.0872,0.2982,0.25,3.6974,1.5054,0.9588,9.5499,3.6099,-0.0281
87.1,seguindo,gargalo_eixo,8.5947,3.5264,-0.2111,0.0872,0.2982,0.25,3.6974,1.5054,0.9588,9.5499,3.6099,-0.0281
87.15,seguindo,gargalo_eixo,8.5947,3.5264,-0.2111,0.0872,0.2982,0.25,3.6974,1.5054,0.9588,9.5499,3.6099,-0.0281
87.2,seguindo,gargalo_eixo,8.5947,3.5264,-0.2111,0.0872,0.2982,0.25,3.6974,1.5054,0.9588,9.5499,3.6099,-0.0281
87.25,seguindo,gargalo_eixo,8.5947,3.5264,-0.2111,0.0872,0.2982,0.25,3.6974,1.5054,0.9588,9.5499,3.6099,-0.0281
87.3,seguindo,gargalo_eixo,8.5947,3.5264,-0.2111,0.0872,0.2982,0.25,3.6974,1.5054,0.9588,9.5499,3.6099,-0.0281
87.35,seguindo,gargalo_eixo,8.5947,3.5264,-0.2111,0.0872,0.2982,0.25,3.6974,1.5054,0.9588,9.5499,3.6099,-0.0281
87.4,seguindo,gargalo_eixo,8.5947,3.5264,-0.2111,0.0872,0.2982,0.25,3.6974,1.5054,0.9588,9.5499,3.6099,-0.0281
87.45,seguindo,gargalo_eixo,8.5947,3.5264,-0.2111,0.0872,0.2982,0.25,3.6974,1.5054,0.9588,9.5499,3.6099,-0.0281
87.5,seguindo,gargalo_eixo,8.5947,3.5264,-0.2111,0.0872,0.2982,0.25,3.6974,1.5054,0.9588,9.5499,3.6099,-0.0281
87.55,seguindo,gargalo_eixo,8.5947,3.5264,-0.2111,0.0872,0.2982,0.25,3.6974,1.5054,0.9588,9.5499,3.6099,-0.0281
87.6,seguindo,gargalo_eixo,8.5947,3.5264,-0.2111,0.0872,0.2982,0.25,3.6974,1.5054,0.9588,9.5499,3.6099,-0.0281
87.65,seguindo,gargalo_eixo,8.5947,3.5264,-0.2111,0.0872,0.2982,0.25,3.6974,1.5054,0.9588,9.5499,3.6099,-0.0281
87.7,seguindo,gargalo_eixo,8.5947,3.5264,-0.2111,0.0872,0.2982,0.25,3.6974,1.5054,0.9588,9.5499,3.6099,-0.0281
87.75,seguindo,gargalo_eixo,8.5947,3.5264,-0.2111,0.0872,0.2982,0.25,3.6974,1.5054,0.9588,9.5499,3.6099,-0.0281
87.8,seguindo,gargalo_eixo,8.5947,3.5264,-0.2111,0.0872,0.2982,0.25,3.6974,1.5054,0.9588,9.5499,3.6099,-0.0281
87.85,seguindo,gargalo_eixo,8.5947,3.5264,-0.2111,0.0872,0.2982,0.25,3.6974,1.5054,0.9588,9.5499,3.6099,-0.0281
87.9,seguindo,gargalo_eixo,8.5947,3.5264,-0.2111,0.0872,0.2982,0.25,3.6974,1.5054,0.9588,9.5499,3.6099,-0.0281
87.95,seguindo,gargalo_eixo,8.5947,3.5264,-0.2111,0.0872,0.2982,0.25,3.6974,1.5054,0.9588,9.5499,3.6099,-0.0281
88.0,seguindo,gargalo_eixo,8.5947,3.5264,-0.2111,0.0872,0.2982,0.25,3.6974,1.5054,0.9588,9.5499,3.6099,-0.0281
88.05,seguindo,gargalo_eixo,8.5947,3.5264,-0.2111,0.0872,0.2982,0.25,3.6974,1.5054,0.9588,9.5499,3.6099,-0.0281
88.1,seguindo,gargalo_eixo,8.5947,3.5264,-0.2111,0.0872,0.2982,0.25,3.6974,1.5054,0.9588,9.5499,3.6099,-0.0281
88.15,seguindo,gargalo_eixo,8.5947,3.5264,-0.2111,0.0872,0.2982,0.25,3.6974,1.5054,0.9588,9.5499,3.6099,-0.0281
88.2,re,,8.5947,3.5264,-0.2111,-0.2111,0.0,-0.203,3.6974,inf,,,,0.0
88.25,re,,8.5947,3.5264,-0.2111,-0.2111,0.0,-0.203,3.6974,inf,,,,0.0
88.3,re,,8.5947,3.5264,-0.2111,-0.2111,0.0,-0.203,3.6974,inf,,,,0.0
88.35,re,,8.5947,3.5264,-0.2111,-0.2111,0.0,-0.203,3.6974,inf,,,,0.0
88.4,re,,8.5947,3.5264,-0.2111,-0.2111,0.0,-0.203,3.6974,inf,,,,0.0
88.45,re,,8.5947,3.5264,-0.2111,-0.2111,0.0,-0.203,3.6974,inf,,,,0.0
88.5,re,,8.5947,3.5264,-0.2111,-0.2111,0.0,-0.203,3.6974,inf,,,,0.0
88.55,re,,8.5947,3.5264,-0.2111,-0.2111,0.0,-0.203,3.6974,inf,,,,0.0
88.6,re,,8.5947,3.5264,-0.2111,-0.2111,0.0,-0.203,3.6974,inf,,,,0.0
88.65,re,,8.5918,3.5272,-0.2122,-0.2122,0.0,-0.203,3.6985,inf,,,,0.0
88.7,re,,8.5886,3.5279,-0.2133,-0.2133,0.0,-0.203,3.6996,inf,,,,0.0
88.75,re,,8.581,3.5297,-0.215,-0.215,0.0,-0.203,3.7023,inf,,,,0.0
88.8,re,,8.5747,3.5312,-0.2161,-0.2161,0.0,-0.203,3.7046,inf,,,,0.0
88.85,re,,8.5624,3.5341,-0.2178,-0.2178,0.0,-0.203,3.7092,inf,,,,0.0
88.9,re,,8.5529,3.5363,-0.2189,-0.2189,0.0,-0.203,3.7127,inf,,,,0.0
88.95,re,,8.5369,3.54,-0.2206,-0.2206,0.0,-0.203,3.7187,inf,,,,0.0
89.0,re,,8.5254,3.5427,-0.2217,-0.2217,0.0,-0.203,3.723,inf,,,,0.0
89.05,re,,8.5083,3.5467,-0.2231,-0.2231,0.0,-0.203,3.7296,inf,,,,0.0
89.1,re,,8.4969,3.5493,-0.224,-0.224,0.0,-0.203,3.734,inf,,,,0.0
89.15,re,,8.4799,3.5533,-0.2247,-0.2247,0.0,-0.203,3.7406,inf,,,,0.0
89.25,seguindo,gargalo_eixo,8.4518,3.5597,-0.2244,0.0457,0.2701,0.25,3.7518,0.9145,1.0993,9.5499,3.6099,0.0592
89.3,seguindo,gargalo_eixo,8.4406,3.5622,-0.2237,0.043,0.2667,0.25,3.7563,0.7856,1.1103,9.5499,3.6099,0.0668
89.35,seguindo,gargalo_eixo,8.4238,3.5658,-0.2223,0.0391,0.2614,0.25,3.7632,0.7856,1.1269,9.5499,3.6099,0.078
89.4,seguindo,gargalo_eixo,8.4127,3.5683,-0.2213,0.0366,0.2578,0.25,3.7679,0.7856,1.138,9.5499,3.6099,0.0854
89.45,seguindo,gargalo_eixo,8.396,3.5719,-0.2197,0.0329,0.2526,0.25,3.7749,0.7856,1.1545,9.5499,3.6099,0.097
89.5,seguindo,gargalo_eixo,8.3848,3.5743,-0.2186,0.0305,0.2491,0.25,3.7797,0.7856,1.1656,9.5499,3.6099,0.1049
89.55,seguindo,gargalo_eixo,8.3681,3.5778,-0.217,0.0271,0.2441,0.25,3.7869,0.7856,1.1822,9.5499,3.6099,0.1169
89.6,seguindo,gargalo_eixo,8.3569,3.5802,-0.2159,0.0249,0.2408,0.25,3.7917,0.7322,1.1933,9.5499,3.6099,0.1249
89.65,seguindo,gargalo_eixo,8.3402,3.5837,-0.2143,0.0216,0.2359,0.25,3.7991,0.7322,1.21,9.5499,3.6099,0.1368
89.7,seguindo,gargalo_eixo,8.329,3.5861,-0.2132,0.0195,0.2327,0.25,3.804,0.7322,1.2211,9.5499,3.6099,0.1447
89.75,seguindo,gargalo_eixo,8.3123,3.5895,-0.2116,0.0164,0.2281,0.25,3.8115,0.7322,1.2377,9.5499,3.6099,0.1567
89.8,seguindo,gargalo_eixo,8.3011,3.5918,-0.2106,0.0144,0.225,0.25,3.8166,0.7322,1.2489,9.5499,3.6099,0.165
89.85,seguindo,gargalo_eixo,8.2871,3.5947,-0.21,0.012,0.222,0.25,3.8229,0.7322,1.2629,9.5499,3.6099,0.1755
89.9,seguindo,gargalo_eixo,8.2791,3.5964,-0.21,0.0106,0.2206,0.25,3.8266,0.7322,1.2709,9.5499,3.6099,0.1815
89.95,seguindo,gargalo_eixo,8.2697,3.5984,-0.2101,0.009,0.2191,0.25,3.8309,0.7322,1.2802,9.5499,3.6099,0.1885
90.0,seguindo,gargalo_eixo,8.2648,3.5994,-0.2101,0.0081,0.2183,0.25,3.8331,0.7322,1.2851,9.5499,3.6099,0.1922
90.05,seguindo,gargalo_eixo,8.2602,3.6004,-0.2102,0.0074,0.2176,0.25,3.8353,0.7497,1.2898,9.5499,3.6099,0.1957
90.1,seguindo,gargalo_eixo,8.2584,3.6007,-0.2102,0.0071,0.2173,0.25,3.8361,0.7497,1.2916,9.5499,3.6099,0.197
90.15,seguindo,gargalo_eixo,8.2583,3.6004,-0.2064,0.0074,0.2137,0.25,3.8364,0.7497,1.2916,9.5499,3.6099,0.1967
90.2,seguindo,gargalo_eixo,8.2596,3.5997,-0.2012,0.0079,0.2091,0.25,3.8361,0.7497,1.2903,9.5499,3.6099,0.1954
90.25,seguindo,gargalo_eixo,8.2642,3.5978,-0.19,0.0094,0.1994,0.25,3.8348,0.7497,1.2857,9.5499,3.6099,0.1913
90.3,seguindo,gargalo_eixo,8.2686,3.5962,-0.1805,0.0107,0.1912,0.25,3.8333,0.7322,1.2814,9.5499,3.6099,0.1874
90.35,seguindo,gargalo_eixo,8.2779,3.5936,-0.1697,0.0128,0.1825,0.25,3.8295,0.7322,1.2721,9.5499,3.6099,0.1799
90.4,seguindo,gargalo_eixo,8.2855,3.5919,-0.1647,0.0142,0.1789,0.25,3.8262,0.7322,1.2645,9.5499,3.6099,0.1741
90.45,seguindo,gargalo_eixo,8.2998,3.5892,-0.1613,0.0165,0.1778,0.25,3.8195,0.7322,1.2503,9.5499,3.6099,0.1636
90.5,seguindo,gargalo_eixo,8.3106,3.5875,-0.1614,0.0181,0.1795,0.25,3.8142,0.7322,1.2394,9.5499,3.6099,0.1559
90.55,seguindo,gargalo_eixo,8.3288,3.5849,-0.1661,0.0205,0.1866,0.25,3.8051,0.7322,1.2213,9.5499,3.6099,0.1438
90.6,seguindo,gargalo_eixo,8.3417,3.5831,-0.1713,0.0222,0.1935,0.25,3.7987,0.7322,1.2085,9.5499,3.6099,0.1354
90.65,seguindo,gargalo_eixo,8.3609,3.5804,-0.1799,0.0248,0.2047,0.25,3.7892,0.7856,1.1894,9.5499,3.6099,0.1229
90.7,seguindo,gargalo_eixo,8.3736,3.5785,-0.1857,0.0266,0.2123,0.25,3.783,0.7856,1.1767,9.5499,3.6099,0.1146
90.75,seguindo,gargalo_eixo,8.3917,3.5754,-0.1894,0.0298,0.2192,0.25,3.7747,0.7856,1.1587,9.5499,3.6099,0.1022
90.8,seguindo,gargalo_eixo,8.4034,3.5732,-0.19,0.032,0.222,0.25,3.7695,0.7856,1.1471,9.5499,3.6099,0.0942
90.85,seguindo,gargalo_eixo,8.42,3.5697,-0.1858,0.0355,0.2214,0.25,3.7624,0.7856,1.1306,9.5499,3.6099,0.0832
90.9,seguindo,gargalo_eixo,8.4306,3.5673,-0.1813,0.038,0.2193,0.25,3.758,0.7856,1.12,9.5499,3.6099,0.076
90.95,seguindo,gargalo_eixo,8.446,3.5636,-0.1696,0.0419,0.2115,0.25,3.7519,0.9145,1.1048,9.5499,3.6099,0.0655
91.0,seguindo,gargalo_eixo,8.456,3.5612,-0.16,0.0445,0.2045,0.25,3.7481,0.9145,1.095,9.5499,3.6099,0.0586
91.05,seguindo,gargalo_eixo,8.4707,3.5575,-0.1426,0.0485,0.1911,0.25,3.7425,0.9145,1.0805,9.5499,3.6099,0.0483
91.1,seguindo,gargalo_eixo,8.4803,3.5551,-0.13,0.0511,0.1812,0.25,3.7388,0.9145,1.0709,9.5499,3.6099,0.0417
91.15,seguindo,gargalo_eixo,8.495,3.5518,-0.1116,0.055,0.1665,0.25,3.733,0.9145,1.0565,9.5499,3.6099,0.0326
91.2,seguindo,gargalo_eixo,8.5048,3.5498,-0.0995,0.0574,0.1569,0.25,3.729,0.9145,1.0468,9.5499,3.6099,0.0267
91.25,seguindo,gargalo_eixo,8.5197,3.547,-0.0819,0.0609,0.1429,0.25,3.7227,1.1402,1.032,9.5499,3.6099,0.0181
91.3,seguindo,gargalo_eixo,8.5298,3.5453,-0.0705,0.0632,0.1337,0.25,3.7184,1.1402,1.0222,9.5499,3.6099,0.0125
91.35,seguindo,gargalo_eixo,8.5449,3.543,-0.0543,0.0664,0.1207,0.25,3.7116,1.1402,1.0072,9.5499,3.6099,0.0043
91.4,seguindo,gargalo_eixo,8.5552,3.5417,-0.0443,0.0684,0.1128,0.25,3.7069,1.1402,0.997,9.5499,3.6099,-0.0007
91.45,seguindo,gargalo_eixo,8.5708,3.54,-0.03,0.0713,0.1013,0.25,3.6996,1.1402,0.9816,9.5499,3.6099,-0.0074
91.5,seguindo,gargalo_eixo,8.5812,3.539,-0.0209,0.0731,0.094,0.25,3.6946,1.5054,0.9713,9.5499,3.6099,-0.0118
91.55,seguindo,gargalo_eixo,8.597,3.5376,-0.0076,0.0757,0.0832,0.25,3.6869,1.5054,0.9557,9.5499,3.6099,-0.0182
91.6,seguindo,gargalo_eixo,8.6075,3.5369,0.0012,0.0773,0.0761,0.25,3.6816,1.5054,0.9452,9.5499,3.6099,-0.0223
91.65,seguindo,gargalo_eixo,8.6233,3.5359,0.0144,0.0796,0.0652,0.25,3.6737,1.5054,0.9296,9.5499,3.6099,-0.0273
91.7,seguindo,gargalo_eixo,8.6338,3.5354,0.0232,0.0811,0.0579,0.25,3.6683,1.2427,0.9191,9.5499,3.6099,-0.0304
91.75,seguindo,gargalo_eixo,8.6496,3.5348,0.0366,0.0832,0.0466,0.25,3.6602,1.2128,0.9034,9.5499,3.6099,-0.035
91.8,seguindo,gargalo_eixo,8.6601,3.5345,0.0456,0.0845,0.039,0.25,3.6547,1.1703,0.893,9.5499,3.6099,-0.0379
91.851,seguindo,gargalo_eixo,8.6758,3.5342,0.0593,0.0864,0.0271,0.25,3.6464,1.0367,0.8773,9.5499,3.6099,-0.0411
91.9,seguindo,gargalo_eixo,8.6863,3.5341,0.0685,0.0875,0.019,0.25,3.6409,0.6569,0.8669,9.5499,3.6099,-0.0432
91.95,seguindo,gargalo_eixo,8.702,3.5342,0.0826,0.0891,0.0065,0.25,3.6324,0.5786,0.8513,9.5499,3.6099,-0.0461
92.0,seguindo,gargalo_eixo,8.7124,3.5343,0.0921,0.09,-0.002,0.25,3.6267,0.4909,0.8409,9.5499,3.6099,-0.0476
92.05,seguindo,gargalo_eixo,8.7281,3.5347,0.1063,0.0912,-0.0151,0.25,3.618,0.3033,0.8253,9.5499,3.6099,-0.0493
92.1,seguindo,gargalo_eixo,8.7385,3.5351,0.1158,0.0919,-0.0239,0.1286,3.6122,0.1286,0.8148,9.5499,3.6099,-0.0503
92.15,seguindo,gargalo_eixo,8.7541,3.5358,0.13,0.0928,-0.0372,0.25,3.6033,2.8484,0.7992,9.5499,3.6099,-0.0516
92.2,seguindo,gargalo_eixo,8.7646,3.5365,0.1394,0.0932,-0.0462,0.25,3.5972,2.8589,0.7887,9.5499,3.6099,-0.052
92.25,seguindo,gargalo_eixo,8.7802,3.5376,0.1536,0.0936,-0.06,0.25,3.5881,1.9034,0.7731,9.5499,3.6099,-0.0523
92.3,seguindo,gargalo_eixo,8.7906,3.5385,0.1631,0.0938,-0.0693,0.25,3.5819,1.9057,0.7626,9.5499,3.6099,-0.0524
92.35,seguindo,gargalo_eixo,8.8062,3.54,0.1772,0.0937,-0.0835,0.25,3.5726,1.9475,0.747,9.5499,3.6099,-0.0522
92.4,seguindo,gargalo_eixo,8.8166,3.5411,0.1865,0.0935,-0.093,0.25,3.5662,1.8953,0.7365,9.5499,3.6099,-0.0517
92.45,seguindo,gargalo_eixo,8.8322,3.543,0.2005,0.0929,-0.1076,0.25,3.5566,1.2373,0.7208,9.5499,3.6099,-0.0508
92.5,seguindo,gargalo_eixo,8.8425,3.5444,0.2099,0.0923,-0.1176,0.25,3.5502,1.2091,0.7104,9.5499,3.6099,-0.05
92.55,seguindo,gargalo_eixo,8.8566,3.5457,0.2315,0.0923,-0.1392,0.25,3.5419,1.1958,0.6962,9.5499,3.6099,-0.0495
92.6,seguindo,gargalo_eixo,8.8653,3.5462,0.251,0.0927,-0.1582,0.25,3.5371,1.1197,0.6875,9.5499,3.6099,-0.0493
92.65,seguindo,gargalo_eixo,8.8798,3.5481,0.2753,0.0919,-0.1833,0.25,3.5281,0.6903,0.6729,9.5499,3.6099,-0.048
92.7,seguindo,gargalo_eixo,8.8901,3.55,0.2882,0.0905,-0.1976,0.25,3.5214,0.6307,0.6625,9.5499,3.6099,-0.0465
92.75,seguindo,gargalo_eixo,8.9054,3.5531,0.3071,0.0879,-0.2192,0.25,3.511,0.5592,0.647,9.5499,3.6099,-0.044
92.8,seguindo,gargalo_eixo,8.9155,3.5553,0.3193,0.0858,-0.2334,0.25,3.5041,0.4431,0.6367,9.5499,3.6099,-0.042
92.85,seguindo,gargalo_eixo,8.9305,3.5589,0.3364,0.0821,-0.2544,0.1862,3.4935,0.1862,0.6214,9.5499,3.6099,-0.0387
92.9,seguindo,gargalo_eixo,8.9405,3.5615,0.3472,0.0792,-0.268,0.0984,3.4864,0.0984,0.6113,9.5499,3.6099,-0.0364
92.95,seguindo,gargalo_eixo,8.9555,3.5658,0.3616,0.074,-0.2876,0.25,3.4753,2.8703,0.596,9.5499,3.6099,-0.0324
93.0,seguindo,gargalo_eixo,8.9656,3.5689,0.3702,0.0699,-0.3003,0.25,3.4676,2.8483,0.5857,9.5499,3.6099,-0.0294
93.05,seguindo,gargalo_eixo,8.9808,3.5739,0.3824,0.0632,-0.3192,0.25,3.4559,1.9009,0.5702,9.5499,3.6099,-0.0248
93.1,seguindo,gargalo_eixo,8.9909,3.5773,0.3903,0.0582,-0.3321,0.25,3.4481,1.9072,0.5599,9.5499,3.6099,-0.0215
93.15,seguindo,gargalo_eixo,9.0059,3.5824,0.4034,0.0504,-0.3529,0.25,3.4364,1.941,0.5447,9.5499,3.6099,-0.0166
93.2,seguindo,gargalo_eixo,9.0158,3.5859,0.4124,0.0449,-0.3675,0.25,3.4286,1.8839,0.5346,9.5499,3.6099,-0.0132
93.25,seguindo,gargalo_eixo,9.0306,3.5913,0.4261,0.0358,-0.3903,0.25,3.4168,1.2332,0.5196,9.5499,3.6099,-0.008
93.3,seguindo,gargalo_eixo,9.0404,3.5949,0.4354,0.0293,-0.4061,0.25,3.409,1.2073,0.5097,9.5499,3.6099,-0.0044
93.35,seguindo,gargalo_eixo,9.0531,3.5991,0.456,0.0217,-0.4343,0.25,3.3994,1.195,0.4969,9.5499,3.6099,-0.0004
93.4,seguindo,gargalo_eixo,9.0606,3.6011,0.4754,0.0179,-0.4575,0.25,3.394,1.1353,0.4893,9.5499,3.6099,0.0016
93.45,seguindo,gargalo_eixo,9.0741,3.6061,0.4999,0.008,-0.4919,0.25,3.3834,1.0193,0.4758,9.5499,3.6099,0.0064
93.5,seguindo,gargalo_eixo,9.084,3.6104,0.5127,-0.0011,-0.5137,0.25,3.3749,0.6494,0.4659,9.5499,3.6099,0.0107
93.55,seguindo,gargalo_eixo,9.0985,3.6175,0.5249,-0.0169,-0.5418,0.25,3.3619,0.5763,0.4515,9.5499,3.6099,0.0177
93.6,seguindo,gargalo_eixo,9.1079,3.6225,0.5304,-0.0285,-0.5589,0.25,3.3531,0.5086,0.4421,9.5499,3.6099,0.0226
93.65,seguindo,gargalo_eixo,9.1193,3.6289,0.5326,-0.0443,-0.5769,0.25,3.3422,0.3746,0.431,9.5499,3.6099,0.029
93.7,seguindo,gargalo_eixo,9.1257,3.6328,0.5317,-0.054,-0.5857,0.2154,3.3358,0.2154,0.4248,9.5499,3.6099,0.0328
93.75,seguindo,gargalo_eixo,9.1327,3.6371,0.5299,-0.0652,-0.5951,0.1564,3.3288,0.1564,0.418,9.5499,3.6099,0.0371
93.8,seguindo,gargalo_eixo,9.1364,3.6394,0.5289,-0.0712,-0.6001,0.1261,3.3251,0.1261,0.4145,9.5499,3.6099,0.0393
93.85,seguindo,gargalo_eixo,9.1443,3.6445,0.5233,-0.0852,-0.6085,0.0614,3.3169,0.0614,0.4071,9.5499,3.6099,0.0444
93.9,seguindo,gargalo_eixo,9.1506,3.6487,0.517,-0.097,-0.6141,0.0099,3.3103,0.0099,0.4011,9.5499,3.6099,0.0486
93.95,seguindo,gargalo_eixo,9.1616,3.6562,0.5032,-0.1188,-0.622,0.25,3.2987,2.9697,0.391,9.5499,3.6099,0.056
94.001,seguindo,gargalo_eixo,9.1736,3.6643,0.4861,-0.1436,-0.6297,0.25,3.286,3.1048,0.3801,9.5499,3.6099,0.0639
94.05,seguindo,gargalo_eixo,9.1813,3.6698,0.4698,-0.1611,-0.6308,0.25,3.2777,2.1409,0.3734,9.5499,3.6099,0.0694
94.1,seguindo,gargalo_eixo,9.1891,3.6751,0.4533,-0.1789,-0.6321,0.25,3.2694,2.1752,0.3667,9.5499,3.6099,0.0747
94.15,seguindo,gargalo_eixo,9.2003,3.6831,0.4235,-0.2063,-0.6298,0.25,3.2573,2.1752,0.3572,9.5499,3.6099,0.0825
94.2,seguindo,gargalo_eixo,9.2077,3.6882,0.4018,-0.2251,-0.6269,0.25,3.2494,2.1752,0.3511,9.5499,3.6099,0.0876
94.25,seguindo,gargalo_eixo,9.2199,3.696,0.3721,-0.2552,-0.6273,0.25,3.2371,2.1752,0.341,9.5499,3.6099,0.0952
94.3,seguindo,gargalo_eixo,9.2288,3.7009,0.3549,-0.2763,-0.6311,0.25,3.2287,1.4977,0.3338,9.5499,3.6099,0.1001
94.35,seguindo,gargalo_eixo,9.2403,3.7069,0.3328,-0.3037,-0.6366,0.25,3.2183,1.4977,0.3245,9.5499,3.6099,0.106
94.4,seguindo,gargalo_eixo,9.247,3.7105,0.3174,-0.3208,-0.6382,0.25,3.2121,1.4977,0.3192,9.5499,3.6099,0.1095
94.45,seguindo,gargalo_eixo,9.2587,3.7167,0.2889,-0.3516,-0.6405,0.25,3.2014,1.4977,0.3101,9.5499,3.6099,0.1155
94.5,seguindo,gargalo_eixo,9.2672,3.721,0.2663,-0.3746,-0.641,0.25,3.1938,1.4977,0.3037,9.5499,3.6099,0.1197
94.55,seguindo,gargalo_eixo,9.2807,3.7277,0.2278,-0.4126,-0.6404,0.25,3.182,1.0664,0.2938,9.5499,3.6099,0.1261
94.601,seguindo,gargalo_eixo,9.2946,3.7342,0.1849,-0.4531,-0.638,0.25,3.1702,1.0664,0.2839,9.5499,3.6099,0.1324
94.65,seguindo,gargalo_eixo,9.3043,3.7385,0.1528,-0.4826,-0.6353,0.25,3.1621,1.0664,0.2772,9.5499,3.6099,0.1365
94.7,seguindo,gargalo_eixo,9.3141,3.7426,0.1197,-0.5125,-0.6322,0.25,3.1543,1.0664,0.2706,9.5499,3.6099,0.1403
94.75,seguindo,gargalo_eixo,9.3297,3.7481,0.0703,-0.5607,-0.631,0.25,3.1427,0.7888,0.2599,9.5499,3.6099,0.1454
94.8,seguindo,gargalo_eixo,9.3407,3.7513,0.0384,-0.5944,-0.6328,0.25,3.1352,0.7888,0.2525,9.5499,3.6099,0.1484
94.85,seguindo,gargalo_eixo,9.3583,3.755,-0.0028,-0.648,-0.6452,0.25,3.1246,0.7888,0.2403,9.5499,3.6099,0.1514
94.9,seguindo,gargalo_eixo,9.3704,3.7566,-0.0253,-0.6853,-0.6599,0.25,3.1181,0.6103,0.2319,9.5499,3.6099,0.1526
94.95,seguindo,gargalo_eixo,9.388,3.7581,-0.0524,-0.7414,-0.689,0.25,3.1095,0.6103,0.2195,9.5499,3.6099,0.1534
95.0,seguindo,gargalo_eixo,9.3995,3.7586,-0.0665,-0.7798,-0.7133,0.25,3.1044,0.6103,0.2115,9.5499,3.6099,0.1532
95.05,seguindo,gargalo_eixo,9.4146,3.7589,-0.0844,-0.8338,-0.7494,0.25,3.098,0.4971,0.2013,9.5499,3.6099,0.1526
95.1,seguindo,gargalo_eixo,9.4238,3.7591,-0.0963,-0.8692,-0.7729,0.25,3.0943,0.4971,0.1953,9.5499,3.6099,0.1522
95.15,seguindo,gargalo_eixo,9.4346,3.7589,-0.1079,-0.9123,-0.8044,0.25,3.0901,0.4971,0.1885,9.5499,3.6099,0.1514
95.2,seguindo,gargalo_eixo,9.4404,3.7587,-0.1124,-0.9363,-0.8239,0.25,3.0881,0.4971,0.1847,9.5499,3.6099,0.1506
95.25,seguindo,gargalo_eixo,9.4462,3.7583,-0.1163,-0.9611,-0.8448,0.25,3.0861,0.4971,0.1811,9.5499,3.6099,0.1498
95.3,seguindo,gargalo_eixo,9.4488,3.7581,-0.1176,-0.9723,-0.8547,0.25,3.0853,0.4971,0.1794,9.5499,3.6099,0.1493
95.35,seguindo,gargalo_eixo,9.4556,3.7578,-0.1236,-1.0033,-0.8797,0.25,3.083,0.4971,0.1754,9.5499,3.6099,0.1483
95.4,seguindo,gargalo_eixo,9.4616,3.7575,-0.13,-1.0317,-0.9017,0.25,3.0809,0.4285,0.172,9.5499,3.6099,0.1475
95.45,seguindo,gargalo_eixo,9.4732,3.757,-0.144,-1.0903,-0.9463,0.25,3.0769,0.4285,0.1659,9.5499,3.6099,0.146
95.5,seguindo,gargalo_eixo,9.4824,3.7566,-0.1556,-1.1394,-0.9838,0.25,3.0738,0.4285,0.1615,9.5499,3.6099,0.1446
95.55,seguindo,gargalo_eixo,9.4956,3.7562,-0.1779,-1.2157,-1.0378,0.25,3.0692,0.4285,0.1561,9.5499,3.6099,0.1424
95.6,seguindo,normal,9.5042,3.756,-0.1946,0.1815,0.3761,0.3915,3.0661,0.3915,0.37,9.8498,3.8194,0.1409
95.65,seguindo,normal,9.5169,3.7558,-0.2243,0.1887,0.4131,0.3915,3.0616,0.3915,0.37,9.8498,3.8194,0.139
95.7,seguindo,normal,9.5252,3.7556,-0.2459,0.194,0.4398,0.3915,3.0587,0.3915,0.37,9.8498,3.8194,0.1375
95.75,seguindo,normal,9.5377,3.7554,-0.2833,0.2022,0.4855,0.3915,3.0544,0.3915,0.37,9.8498,3.8194,0.1348
95.8,seguindo,normal,9.5461,3.7551,-0.31,0.3196,0.6296,0.3789,3.0516,0.3789,0.37,9.871,3.8627,0.1328
95.85,seguindo,normal,9.5589,3.7546,-0.3551,0.3335,0.6885,0.3789,3.0475,0.3789,0.37,9.871,3.8627,0.1297
95.9,seguindo,normal,9.5676,3.754,-0.3869,0.344,0.7309,0.3789,3.0449,0.3789,0.37,9.871,3.8627,0.127
95.95,seguindo,normal,9.5808,3.7529,-0.4398,0.3616,0.8014,0.3789,3.0413,0.3789,0.37,9.871,3.8627,0.1222
96.0,seguindo,normal,9.5897,3.7519,-0.4768,0.4815,0.9583,0.3873,3.0391,0.3873,0.37,9.8886,3.9081,0.1188
96.05,seguindo,normal,9.6028,3.7498,-0.5307,0.5058,1.0365,0.3873,3.0365,0.3873,0.37,9.8886,3.9081,0.113
96.1,seguindo,normal,9.6113,3.7481,-0.5642,0.5232,1.0875,0.3873,3.0352,0.3873,0.37,9.8886,3.9081,0.1083
96.15,seguindo,normal,9.6235,3.7449,-0.611,0.6448,1.2558,0.416,3.0341,0.416,0.37,9.9031,3.9551,0.1007
96.2,seguindo,normal,9.6314,3.7423,-0.6394,0.6644,1.3038,0.416,3.0338,0.416,0.37,9.9031,3.9551,0.0954
96.25,seguindo,normal,9.6421,3.7384,-0.6809,0.693,1.3739,0.416,3.0339,0.416,0.37,9.9031,3.9551,0.0877
96.3,seguindo,normal,9.6488,3.7359,-0.7104,0.7115,1.4219,0.416,3.0341,0.416,0.37,9.9031,3.9551,0.0826
96.35,seguindo,normal,9.658,3.7319,-0.7488,0.7386,1.4874,0.416,3.0348,0.416,0.37,9.9031,3.9551,0.0747
96.4,seguindo,normal,9.6637,3.7291,-0.7718,0.7566,1.5284,0.416,3.0356,0.416,0.37,9.9031,3.9551,0.0695
96.45,seguindo,normal,9.6711,3.7248,-0.7994,0.7816,1.581,0.416,3.0372,0.416,0.37,9.9031,3.9551,0.0622
96.5,seguindo,normal,9.6756,3.722,-0.8151,0.8657,1.6807,0.4667,3.0385,0.4667,0.37,9.9149,4.0031,0.0576
96.55,seguindo,normal,9.6818,3.7172,-0.8317,0.8869,1.7186,0.4667,3.041,0.4667,0.37,9.9149,4.0031,0.0504
96.6,seguindo,normal,9.6858,3.7139,-0.8401,0.901,1.7411,0.4667,3.0429,0.4667,0.37,9.9149,4.0031,0.0456
96.65,seguindo,normal,9.6893,3.7107,-0.8462,0.9137,1.7599,0.4667,3.0448,0.4667,0.37,9.9149,4.0031,0.0411
96.7,seguindo,normal,9.6906,3.7094,-0.8474,0.9188,1.7662,0.4667,3.0457,0.4667,0.37,9.9149,4.0031,0.0393
96.75,seguindo,normal,9.6904,3.7092,-0.8438,0.9185,1.7623,0.4667,3.0459,0.4667,0.37,9.9149,4.0031,0.0393
96.8,seguindo,normal,9.6892,3.7099,-0.8395,0.9148,1.7543,0.4667,3.0456,0.4667,0.37,9.9149,4.0031,0.0405
96.85,seguindo,normal,9.6871,3.711,-0.8284,0.9086,1.737,0.4667,3.0453,0.4667,0.37,9.9149,4.0031,0.0424
96.9,seguindo,normal,9.6855,3.7116,-0.8192,0.904,1.7232,0.4667,3.0452,0.4667,0.37,9.9149,4.0031,0.0438
96.95,seguindo,normal,9.6827,3.7123,-0.8004,0.897,1.6974,0.4667,3.0454,0.4667,0.37,9.9149,4.0031,0.0457
97.0,seguindo,normal,9.6807,3.7126,-0.786,0.8924,1.6784,0.4667,3.0457,0.4667,0.37,9.9149,4.0031,0.0469
97.05,seguindo,normal,9.6775,3.7128,-0.7594,0.8211,1.5806,0.416,3.0466,0.416,0.37,9.9031,3.9551,0.0486
97.1,seguindo,normal,9.6753,3.7127,-0.7399,0.8163,1.5562,0.416,3.0474,0.416,0.37,9.9031,3.9551,0.0496
97.15,seguindo,normal,9.6716,3.7122,-0.7056,0.8094,1.515,0.416,3.049,0.416,0.37,9.9031,3.9551,0.0509
97.2,seguindo,normal,9.6691,3.7117,-0.681,0.8051,1.4861,0.416,3.0503,0.416,0.37,9.9031,3.9551,0.0517
97.25,seguindo,normal,9.6651,3.7105,-0.639,0.7991,1.4381,0.416,3.0528,0.416,0.37,9.9031,3.9551,0.0525
97.3,seguindo,normal,9.6624,3.7094,-0.6092,0.7956,1.4047,0.416,3.0546,0.416,0.37,9.9031,3.9551,0.0529
97.35,seguindo,normal,9.6582,3.7074,-0.5595,0.791,1.3505,0.416,3.0579,0.416,0.37,9.9031,3.9551,0.053
97.4,seguindo,normal,9.6553,3.7058,-0.5245,0.7885,1.313,0.416,3.0604,0.416,0.37,9.9031,3.9551,0.0526
97.45,seguindo,normal,9.651,3.7028,-0.4671,0.7857,1.2528,0.416,3.0646,0.416,0.37,9.9031,3.9551,0.0514
97.5,seguindo,normal,9.6481,3.7006,-0.427,0.7845,1.2115,0.416,3.0677,0.416,0.37,9.9031,3.9551,0.0504
97.55,seguindo,normal,9.6439,3.6966,-0.3619,0.784,1.1459,0.416,3.0728,0.416,0.37,9.9031,3.9551,0.0483
97.6,seguindo,normal,9.6411,3.6937,-0.3167,0.714,1.0306,0.3873,3.0765,0.3873,0.37,9.8886,3.9081,0.0466
97.65,seguindo,normal,9.6372,3.6886,-0.2438,0.7176,0.9615,0.3873,3.0825,0.3873,0.37,9.8886,3.9081,0.0434
97.7,seguindo,normal,9.6347,3.685,-0.1935,0.721,0.9145,0.3873,3.0868,0.3873,0.37,9.8886,3.9081,0.0409
97.75,seguindo,normal,9.6313,3.6789,-0.1129,0.7279,0.8408,0.3873,3.0937,0.3873,0.37,9.8886,3.9081,0.0365
97.8,seguindo,normal,9.6294,3.6745,-0.0574,0.7334,0.7908,0.3873,3.0984,0.3873,0.37,9.8886,3.9081,0.0332
97.85,seguindo,normal,9.6269,3.6673,0.0308,0.7436,0.7128,0.3873,3.106,0.3873,0.37,9.8886,3.9081,0.0273
97.9,seguindo,normal,9.6256,3.6623,0.0915,0.7515,0.66,0.3873,3.1112,0.3873,0.37,9.8886,3.9081,0.0228
97.95,seguindo,normal,9.6243,3.6542,0.1874,0.7652,0.5777,0.3873,3.1192,0.3873,0.37,9.8886,3.9081,0.0154
98.0,seguindo,normal,9.6239,3.6487,0.2532,0.7753,0.5221,0.3873,3.1246,0.3873,0.37,9.8886,3.9081,0.0102
98.05,seguindo,normal,9.6256,3.6408,0.3559,0.7933,0.4374,0.3873,3.1315,0.3873,0.37,9.8886,3.9081,0.0022
98.1,seguindo,normal,9.628,3.636,0.4243,0.807,0.3827,0.3873,3.1352,0.3873,0.37,9.8886,3.9081,-0.0031
98.15,seguindo,normal,9.6325,3.6293,0.5223,0.8278,0.3055,0.3873,3.1401,0.3873,0.37,9.8886,3.9081,-0.0108
98.2,seguindo,normal,9.6357,3.6253,0.5841,0.841,0.2569,0.3873,3.1429,0.3873,0.37,9.8886,3.9081,-0.0155
98.25,seguindo,normal,9.6409,3.6202,0.6724,0.8604,0.1879,0.3873,3.146,0.3873,0.37,9.8886,3.9081,-0.0219
98.3,seguindo,normal,9.6445,3.6173,0.7276,0.4466,-0.2811,0.4946,3.1476,0.4946,0.37,9.982,3.7789,0.0101
98.35,seguindo,normal,9.6502,3.6138,0.8059,0.4617,-0.3442,0.4946,3.1492,0.4946,0.37,9.982,3.7789,0.0056
98.4,seguindo,normal,9.6539,3.6119,0.8544,0.4707,-0.3836,0.4946,3.1497,0.4946,0.37,9.982,3.7789,0.0031
98.45,seguindo,normal,9.6596,3.61,0.9223,0.4825,-0.4398,0.4946,3.1497,0.4946,0.37,9.982,3.7789,0.0002
98.5,seguindo,normal,9.6634,3.6091,0.9638,0.4894,-0.4744,0.4946,3.1494,0.4946,0.37,9.982,3.7789,-0.0013
98.55,seguindo,normal,9.6687,3.6085,1.0222,0.4981,-0.5241,0.4946,3.1483,0.4946,0.37,9.982,3.7789,-0.0029
98.6,seguindo,normal,9.6721,3.6084,1.0578,0.549,-0.5088,0.4837,3.1474,0.4837,0.37,10.0169,3.8193,-0.0036
98.65,seguindo,normal,9.677,3.6086,1.1085,0.555,-0.5535,0.4837,3.1457,0.4837,0.37,10.0169,3.8193,-0.0044
98.7,seguindo,normal,9.68,3.6089,1.1391,0.5582,-0.5809,0.4837,3.1444,0.4837,0.37,10.0169,3.8193,-0.0045
98.75,seguindo,normal,9.6842,3.6098,1.1822,0.5622,-0.62,0.4837,3.1423,0.4837,0.37,10.0169,3.8193,-0.0045
98.8,seguindo,normal,9.6868,3.6105,1.2079,0.564,-0.6438,0.4837,3.1408,0.4837,0.37,10.0169,3.8193,-0.0042
98.85,seguindo,normal,9.6904,3.6118,1.2433,0.5662,-0.6771,0.4837,3.1385,0.4837,0.37,10.0169,3.8193,-0.0036
98.9,seguindo,normal,9.6926,3.6129,1.264,0.5668,-0.6972,0.4837,3.1368,0.4837,0.37,10.0169,3.8193,-0.0029
98.95,seguindo,normal,9.6955,3.6145,1.292,0.5674,-0.7246,0.4837,3.1343,0.4837,0.37,10.0169,3.8193,-0.0019
99.0,seguindo,normal,9.6973,3.6155,1.3083,0.5678,-0.7406,0.4837,3.1329,0.4837,0.37,10.0169,3.8193,-0.0013
99.05,seguindo,normal,9.6995,3.6169,1.3282,0.5676,-0.7606,0.4837,3.1309,0.4837,0.37,10.0169,3.8193,-0.0004
99.1,seguindo,normal,9.7006,3.6178,1.3386,0.5673,-0.7713,0.4837,3.1297,0.4837,0.37,10.0169,3.8193,0.0001
99.15,seguindo,normal,9.7018,3.6191,1.3487,0.5661,-0.7826,0.4837,3.1281,0.4837,0.37,10.0169,3.8193,0.0011
99.2,seguindo,normal,9.7024,3.62,1.3529,0.565,-0.788,0.4837,3.1271,0.4837,0.37,10.0169,3.8193,0.0019
99.25,seguindo,normal,9.7027,3.6211,1.3541,0.5629,-0.7912,0.4837,3.1259,0.4837,0.37,10.0169,3.8193,0.0029
99.3,seguindo,normal,9.7028,3.6218,1.353,0.5614,-0.7916,0.4837,3.1252,0.4837,0.37,10.0169,3.8193,0.0035
99.35,seguindo,normal,9.7024,3.6226,1.3465,0.559,-0.7875,0.4837,3.1245,0.4837,0.37,10.0169,3.8193,0.0044
99.4,seguindo,normal,9.702,3.6231,1.3403,0.5573,-0.7829,0.4837,3.1242,0.4837,0.37,10.0169,3.8193,0.005
99.45,seguindo,normal,9.7017,3.6234,1.3351,0.5561,-0.779,0.4837,3.124,0.4837,0.37,10.0169,3.8193,0.0054
99.5,seguindo,normal,9.7015,3.6235,1.3333,0.5558,-0.7775,0.4837,3.124,0.4837,0.37,10.0169,3.8193,0.0055
99.55,seguindo,normal,9.7015,3.6235,1.3324,0.5556,-0.7768,0.4837,3.124,0.4837,0.37,10.0169,3.8193,0.0055
99.6,seguindo,normal,9.7015,3.6235,1.3324,0.5556,-0.7768,0.4837,3.124,0.4837,0.37,10.0169,3.8193,0.0055
99.65,seguindo,normal,9.7018,3.6262,1.3281,0.5499,-0.7782,0.4837,3.1213,0.4837,0.37,10.0169,3.8193,0.0081
99.7,seguindo,normal,9.7022,3.6294,1.323,0.543,-0.7799,0.4837,3.1181,0.4837,0.37,10.0169,3.8193,0.0111
99.75,seguindo,normal,9.7032,3.6369,1.3106,0.5268,-0.7838,0.4837,3.1107,0.4837,0.37,10.0169,3.8193,0.0181
99.8,seguindo,normal,9.7041,3.6432,1.3003,0.5126,-0.7876,0.4837,3.1044,0.4837,0.37,10.0169,3.8193,0.0241
99.85,seguindo,normal,9.7058,3.6551,1.2797,0.4858,-0.794,0.4837,3.0926,0.4837,0.37,10.0169,3.8193,0.0353
99.9,seguindo,normal,9.7073,3.6641,1.2642,0.4647,-0.7995,0.4837,3.0835,0.4837,0.37,10.0169,3.8193,0.0437
99.95,seguindo,normal,9.7094,3.6778,1.2361,0.4946,-0.7415,0.5,3.0699,0.5236,0.37,10.0522,3.8626,0.0566
100.0,seguindo,normal,9.7109,3.6869,1.2155,0.4756,-0.7399,0.5,3.0608,0.5236,0.37,10.0522,3.8626,0.0651
100.05,seguindo,normal,9.7131,3.7007,1.1797,0.4456,-0.7341,0.5,3.0469,0.5236,0.37,10.0522,3.8626,0.078
100.1,re,,9.7157,3.7146,1.1412,1.1412,0.0,0.203,3.0329,inf,,,,0.0
100.15,re,,9.7175,3.7242,1.1105,1.1105,0.0,0.203,3.0232,inf,,,,0.0
100.2,re,,9.7196,3.7337,1.0796,1.0796,0.0,0.203,3.0135,inf,,,,0.0
100.25,re,,9.7229,3.7479,1.0284,1.0284,0.0,0.203,2.999,inf,,,,0.0
100.3,re,,9.7253,3.7573,0.9924,0.9924,0.0,0.203,2.9894,inf,,,,0.0
100.35,re,,9.7296,3.7713,0.9377,0.9377,0.0,0.203,2.9747,inf,,,,0.0
100.4,re,,9.7328,3.7805,0.901,0.901,0.0,0.203,2.9649,inf,,,,0.0
100.45,re,,9.7384,3.7941,0.8465,0.8465,0.0,0.203,2.9502,inf,,,,0.0
100.5,re,,9.7428,3.8031,0.8115,0.8115,0.0,0.203,2.9403,inf,,,,0.0
100.55,re,,9.7501,3.8164,0.7614,0.7614,0.0,0.203,2.9254,inf,,,,0.0
100.6,re,,9.7556,3.825,0.7298,0.7298,0.0,0.203,2.9155,inf,,,,0.0
100.65,re,,9.7645,3.8377,0.6863,0.6863,0.0,0.203,2.9008,inf,,,,0.0
100.7,re,,9.7708,3.8458,0.6601,0.6601,0.0,0.203,2.8911,inf,,,,0.0
100.75,re,,9.7808,3.8574,0.6243,0.6243,0.0,0.203,2.877,inf,,,,0.0
100.8,re,,9.7878,3.8648,0.6034,0.6034,0.0,0.203,2.8678,inf,,,,0.0
100.85,re,,9.7989,3.8752,0.5759,0.5759,0.0,0.203,2.8546,inf,,,,0.0
100.95,seguindo,normal,9.8186,3.8909,0.5439,0.3937,-0.1501,0.5,2.8338,6.0269,0.37,10.2062,4.0519,0.1954
101.0,seguindo,normal,9.8269,3.8966,0.5352,0.4531,-0.0822,0.5,2.8259,140.5586,0.37,10.2469,4.1011,0.1934
101.05,seguindo,normal,9.8394,3.9048,0.5271,0.449,-0.0781,0.5,2.8144,140.5586,0.37,10.2469,4.1011,0.19
101.1,seguindo,normal,9.8479,3.91,0.5237,0.4467,-0.077,0.5,2.807,140.5586,0.37,10.2469,4.1011,0.1872
101.15,seguindo,normal,9.8609,3.9175,0.5235,0.444,-0.0795,0.5,2.7961,140.5586,0.37,10.2469,4.1011,0.1823
101.2,seguindo,normal,9.8696,3.9224,0.5251,0.5006,-0.0246,0.5,2.789,18.1285,0.37,10.2868,4.1507,0.1789
101.25,seguindo,normal,9.8828,3.9294,0.5327,0.501,-0.0317,0.5,2.7786,18.1285,0.37,10.2868,4.1507,0.1734
101.3,seguindo,normal,9.8917,3.9341,0.5395,0.5015,-0.0381,0.5,2.7717,18.1285,0.37,10.2868,4.1507,0.1695
101.35,seguindo,normal,9.9051,3.9408,0.5548,0.5028,-0.052,0.5,2.7616,18.1285,0.37,10.2868,4.1507,0.1633
101.4,seguindo,normal,9.9141,3.9452,0.5668,0.5037,-0.0631,0.5,2.7549,28.8492,0.37,10.2868,4.1507,0.1592
101.45,seguindo,normal,9.9275,3.9521,0.585,0.5047,-0.0803,0.5,2.7447,28.8492,0.37,10.2868,4.1507,0.1532
101.5,seguindo,normal,9.9363,3.9569,0.5973,0.505,-0.0922,0.5,2.7378,28.8492,0.37,10.2868,4.1507,0.1493
101.55,seguindo,normal,9.9469,3.9627,0.6122,0.5051,-0.1071,0.5,2.7294,28.8492,0.37,10.2868,4.1507,0.1447
101.6,seguindo,normal,9.9529,3.966,0.622,0.5052,-0.1168,0.5,2.7247,28.8492,0.37,10.2868,4.1507,0.1421
101.65,seguindo,normal,9.9591,3.9696,0.63,0.5047,-0.1253,0.5,2.7196,28.8492,0.37,10.2868,4.1507,0.1395
101.7,seguindo,normal,9.962,3.9715,0.6326,0.504,-0.1286,0.5,2.717,28.8492,0.37,10.2868,4.1507,0.1384
101.75,seguindo,normal,9.9639,3.9728,0.6341,0.5625,-0.0716,0.5,2.7153,17.5223,0.37,10.325,4.2004,0.1377
101.8,seguindo,normal,9.9642,3.973,0.6341,0.5625,-0.0717,0.5,2.7151,17.5223,0.37,10.325,4.2004,0.1376
101.85,seguindo,normal,9.967,3.9751,0.6346,0.5618,-0.0727,0.5,2.7123,17.5223,0.37,10.325,4.2004,0.1367
101.9,seguindo,normal,9.97,3.9772,0.635,0.5613,-0.0737,0.5,2.7095,17.5223,0.37,10.325,4.2004,0.1357
101.95,seguindo,normal,9.9767,3.9822,0.6348,0.5596,-0.0751,0.5,2.703,17.5223,0.37,10.325,4.2004,0.1336
102.0,seguindo,normal,9.9822,3.9863,0.6342,0.5583,-0.0759,0.5,2.6977,17.5223,0.37,10.325,4.2004,0.1319
102.05,seguindo,normal,9.9926,3.9943,0.6311,0.555,-0.076,0.5,2.6873,17.5223,0.37,10.325,4.2004,0.1288
102.1,seguindo,normal,10.0006,4.0004,0.6276,0.5523,-0.0753,0.5,2.6795,17.5223,0.37,10.325,4.2004,0.1264
102.15,seguindo,normal,10.0145,4.0113,0.6197,0.6046,-0.0151,0.5,2.6655,4.96,0.37,10.3603,4.2502,0.1224
102.2,seguindo,normal,10.0248,4.0193,0.6129,0.6029,-0.01,0.5,2.6553,4.96,0.37,10.3603,4.2502,0.1194
102.25,seguindo,normal,10.0404,4.0313,0.6015,0.6003,-0.0013,0.5,2.6401,4.96,0.37,10.3603,4.2502,0.1148
102.3,seguindo,normal,10.0509,4.0392,0.5936,0.5986,0.005,0.5,2.6299,4.96,0.37,10.3603,4.2502,0.1117
102.35,seguindo,normal,10.0666,4.0506,0.5839,0.6545,0.0706,0.5,2.6153,2.5612,0.37,10.3917,4.3001,0.1068
102.4,seguindo,normal,10.077,4.058,0.5785,0.6558,0.0773,0.5,2.6058,2.5612,0.37,10.3917,4.3001,0.1035
102.45,seguindo,normal,10.0923,4.0683,0.5745,0.6588,0.0843,0.5,2.5924,2.5612,0.37,10.3917,4.3001,0.0982
102.5,seguindo,normal,10.1024,4.075,0.5734,0.6614,0.0879,0.5,2.5837,2.5612,0.37,10.3917,4.3001,0.0946
102.55,seguindo,normal,10.1173,4.0844,0.5747,0.7731,0.1984,0.5,2.5713,1.5989,0.37,10.4408,4.4,0.0892
102.6,seguindo,normal,10.1271,4.0907,0.5765,0.7786,0.2021,0.5,2.5632,1.5989,0.37,10.4408,4.4,0.0856
102.65,seguindo,normal,10.1417,4.0998,0.5805,0.7874,0.207,0.5,2.5513,1.5989,0.37,10.4408,4.4,0.0802
102.7,seguindo,normal,10.1514,4.1059,0.5836,0.7937,0.2101,0.5,2.5435,1.5989,0.37,10.4408,4.4,0.0766
102.75,seguindo,normal,10.1659,4.115,0.5881,0.8035,0.2154,0.5,2.5317,1.5989,0.37,10.4408,4.4,0.0713
102.8,seguindo,normal,10.1755,4.1212,0.5911,0.8609,0.2698,0.5,2.5238,1.1096,0.37,10.4581,4.45,0.0678
102.85,seguindo,normal,10.19,4.1305,0.5953,0.8726,0.2773,0.5,2.512,1.1096,0.37,10.4581,4.45,0.0626
102.9,seguindo,normal,10.1996,4.1368,0.5979,0.8808,0.2829,0.5,2.5041,1.1096,0.37,10.4581,4.45,0.0592
102.95,seguindo,normal,10.214,4.1463,0.6015,0.8939,0.2924,0.5,2.4921,1.1096,0.37,10.4581,4.45,0.0539
103.0,seguindo,normal,10.2237,4.1527,0.6036,0.9031,0.2994,0.5,2.4841,1.1096,0.37,10.4581,4.45,0.0504
103.05,seguindo,normal,10.2381,4.1624,0.6066,0.9665,0.36,0.5,2.4721,0.8614,0.37,10.4712,4.5,0.0453
103.1,seguindo,normal,10.2477,4.1689,0.6083,0.9771,0.3687,0.5,2.4641,0.8614,0.37,10.4712,4.5,0.0419
103.15,seguindo,normal,10.2622,4.1788,0.6109,0.9939,0.3831,0.5,2.4521,0.8614,0.37,10.4712,4.5,0.0367
103.2,seguindo,normal,10.2718,4.1853,0.6125,1.0059,0.3934,0.5,2.4441,0.8614,0.37,10.4712,4.5,0.033
103.25,seguindo,normal,10.2862,4.1952,0.6149,1.0692,0.4543,0.5,2.4321,0.7493,0.37,10.4807,4.55,0.0276
103.3,seguindo,normal,10.2958,4.2019,0.6166,1.5599,0.9433,0.5,2.4242,1.2228,1.0,10.3067,5.2,-0.0458
103.35,seguindo,normal,10.3101,4.2118,0.6191,1.5743,0.9552,0.5,2.4123,1.2228,1.0,10.3067,5.2,-0.0601
103.4,seguindo,normal,10.3197,4.2185,0.6207,1.5841,0.9633,0.5,2.4043,1.2228,1.0,10.3067,5.2,-0.0697
103.45,seguindo,normal,10.3323,4.2267,0.6292,1.5758,0.9466,0.5,2.3945,0.9954,1.0,10.3272,5.25,-0.0823
103.5,seguindo,normal,10.34,4.2314,0.6388,1.5834,0.9446,0.5,2.3888,0.9954,1.0,10.3272,5.25,-0.09
103.55,seguindo,normal,10.3518,4.2382,0.6588,1.5951,0.9363,0.5,2.3805,0.9954,1.0,10.3272,5.25,-0.1017
103.6,seguindo,normal,10.3595,4.2426,0.6755,1.6028,0.9273,0.5,2.3753,0.9954,1.0,10.3272,5.25,-0.1095
103.65,seguindo,normal,10.3711,4.249,0.705,1.6146,0.9096,0.5,2.3675,0.9954,1.0,10.3272,5.25,-0.1211
103.7,seguindo,normal,10.3786,4.2531,0.7285,1.6224,0.8939,0.5,2.3626,0.9954,1.0,10.3272,5.25,-0.1286
103.75,seguindo,normal,10.3884,4.2579,0.7667,1.6325,0.8657,0.5,2.3567,0.9954,1.0,10.3272,5.25,-0.1384
103.8,seguindo,normal,10.3943,4.2604,0.7952,1.6385,0.8433,0.5,2.3536,0.9954,1.0,10.3272,5.25,-0.1442
103.85,seguindo,normal,10.4031,4.2645,0.8401,1.6477,0.8076,0.5,2.3486,0.9954,1.0,10.3272,5.25,-0.1531
103.9,seguindo,normal,10.4117,4.2689,0.8845,1.6568,0.7723,0.5,2.3432,0.9954,1.0,10.3272,5.25,-0.1617
103.95,seguindo,normal,10.4174,4.2718,0.9177,1.6628,0.7451,0.5,2.3398,0.9954,1.0,10.3272,5.25,-0.1674
104.0,seguindo,normal,10.4229,4.2748,0.9502,1.6687,0.7184,0.5,2.3363,0.9954,1.0,10.3272,5.25,-0.1729
104.05,seguindo,normal,10.4312,4.2793,1.0041,1.9762,0.9721,0.5,2.331,91.6482,0.37,10.2507,4.7,-0.1812
104.1,seguindo,normal,10.4368,4.2824,1.0419,1.99,0.9482,0.5,2.3274,91.6482,0.37,10.2507,4.7,-0.1868
104.15,seguindo,normal,10.445,4.2872,1.1021,2.0108,0.9087,0.5,2.3219,91.6482,0.37,10.2507,4.7,-0.195
104.2,seguindo,normal,10.4504,4.2906,1.1435,2.0246,0.8811,0.5,2.318,91.6482,0.37,10.2507,4.7,-0.2003
104.25,seguindo,normal,10.4582,4.2961,1.2054,2.0455,0.8401,0.5,2.3118,91.6482,0.37,10.2507,4.7,-0.2082
104.3,seguindo,normal,10.4633,4.3001,1.2466,2.0594,0.8128,0.5,2.3075,91.6482,0.37,10.2507,4.7,-0.2133
104.35,seguindo,normal,10.4706,4.3064,1.3086,2.0804,0.7718,0.5,2.3007,91.6482,0.37,10.2507,4.7,-0.2206
104.4,seguindo,normal,10.4753,4.3108,1.3501,2.0943,0.7442,0.5,2.2959,91.6482,0.37,10.2507,4.7,-0.2253
104.45,seguindo,normal,10.482,4.3177,1.4124,2.115,0.7026,0.5,2.2885,91.6482,0.37,10.2507,4.7,-0.232
104.5,seguindo,normal,10.4862,4.3225,1.454,2.1287,0.6747,0.5,2.2834,91.6482,0.37,10.2507,4.7,-0.2362
104.55,seguindo,normal,10.492,4.3301,1.5165,2.0917,0.5752,0.5,2.2754,54.3383,0.37,10.2511,4.75,-0.242
104.6,seguindo,normal,10.4956,4.3353,1.5581,2.1035,0.5455,0.5,2.2699,54.3383,0.37,10.2511,4.75,-0.2456
104.65,seguindo,normal,10.5005,4.3435,1.6203,2.1211,0.5008,0.5,2.2615,54.3383,0.37,10.2511,4.75,-0.2505
104.7,seguindo,normal,10.5035,4.3491,1.6615,2.1327,0.4712,0.5,2.2557,54.3383,0.37,10.2511,4.75,-0.2535
104.75,seguindo,normal,10.5075,4.3578,1.7228,2.1498,0.427,0.5,2.2467,54.3383,0.37,10.2511,4.75,-0.2575
104.8,seguindo,normal,10.5098,4.3639,1.7632,2.161,0.3978,0.5,2.2405,54.3383,0.37,10.2511,4.75,-0.2598
104.85,seguindo,normal,10.5127,4.3732,1.8229,2.1775,0.3546,0.5,2.2311,54.3383,0.37,10.2511,4.75,-0.2626
104.9,seguindo,normal,10.5142,4.3795,1.8623,2.1287,0.2663,0.5,2.2246,32.7121,0.37,10.2519,4.8,-0.2642
104.95,seguindo,normal,10.5161,4.3892,1.9211,2.1423,0.2212,0.5,2.2149,32.7121,0.37,10.2519,4.8,-0.266
105.0,seguindo,normal,10.5169,4.3957,1.9599,2.1511,0.1912,0.5,2.2083,32.7121,0.37,10.2519,4.8,-0.2669
105.05,seguindo,normal,10.5177,4.4056,2.0177,2.1639,0.1462,0.5,2.1984,32.7121,0.37,10.2519,4.8,-0.2677
105.1,seguindo,normal,10.5177,4.4123,2.0554,2.172,0.1166,0.5,2.1917,32.7121,0.37,10.2519,4.8,-0.2677
105.15,seguindo,normal,10.5173,4.4225,2.1112,2.1835,0.0723,0.5,2.1816,32.7121,0.37,10.2519,4.8,-0.2672
105.2,seguindo,normal,10.5165,4.4293,2.1473,2.1302,-0.0171,0.5,2.1748,20.0274,0.37,10.2531,4.85,-0.2664
105.25,seguindo,normal,10.5144,4.4398,2.1988,2.138,-0.0609,0.5,2.1645,20.0274,0.37,10.2531,4.85,-0.2643
105.3,seguindo,normal,10.5124,4.4469,2.2316,2.1424,-0.0892,0.5,2.1575,20.0274,0.37,10.2531,4.85,-0.2623
105.35,seguindo,normal,10.5078,4.4582,2.2758,2.1473,-0.1285,0.5,2.1466,20.0274,0.37,10.2531,4.85,-0.2578
105.4,seguindo,normal,10.504,4.4659,2.3025,2.1495,-0.1531,0.5,2.1391,20.0274,0.37,10.2531,4.85,-0.2539
105.45,seguindo,normal,10.497,4.4776,2.3375,2.0911,-0.2464,0.5,2.1279,12.4943,0.37,10.2549,4.9,-0.2469
105.5,seguindo,normal,10.4916,4.4854,2.3581,2.0896,-0.2685,0.5,2.1205,12.4943,0.37,10.2549,4.9,-0.2416
105.55,seguindo,normal,10.4812,4.4986,2.3843,2.084,-0.3003,0.5,2.1082,12.4943,0.37,10.2549,4.9,-0.2311
105.6,seguindo,normal,10.473,4.5078,2.3989,2.0783,-0.3206,0.5,2.0997,12.4943,0.37,10.2549,4.9,-0.223
105.65,seguindo,normal,10.4603,4.5213,2.4166,2.0678,-0.3489,0.5,2.0873,12.4943,0.37,10.2549,4.9,-0.2102
105.7,seguindo,normal,10.4516,4.53,2.4256,2.0029,-0.4227,0.5,2.0795,7.9622,0.37,10.2579,4.95,-0.2015
105.75,seguindo,normal,10.4381,4.5425,2.4342,1.9873,-0.4469,0.5,2.0684,7.9622,0.37,10.2579,4.95,-0.188
105.8,seguindo,normal,10.429,4.5507,2.4379,1.9757,-0.4622,0.5,2.0612,7.9622,0.37,10.2579,4.95,-0.1789
105.85,seguindo,normal,10.4152,4.5625,2.4389,1.9565,-0.4824,0.5,2.051,7.9622,0.37,10.2579,4.95,-0.1651
105.9,seguindo,normal,10.406,4.5702,2.438,1.9427,-0.4954,0.5,2.0444,7.9622,0.37,10.2579,4.95,-0.1558
105.95,seguindo,normal,10.3919,4.5816,2.4317,1.8711,-0.5605,0.5,2.0349,5.1988,0.37,10.2623,5.0,-0.1417
106.0,seguindo,normal,10.3824,4.5891,2.4256,1.8552,-0.5705,0.5,2.0286,5.1988,0.37,10.2623,5.0,-0.1322
106.05,seguindo,normal,10.368,4.6003,2.4116,1.8293,-0.5822,0.5,2.0195,5.1988,0.37,10.2623,5.0,-0.1178
106.1,seguindo,normal,10.3584,4.6077,2.4004,1.8111,-0.5893,0.5,2.0135,5.1988,0.37,10.2623,5.0,-0.1081
106.15,seguindo,normal,10.3441,4.6186,2.3786,1.7822,-0.5964,0.5,2.0048,5.1988,0.37,10.2623,5.0,-0.0938
106.2,seguindo,normal,10.3347,4.6259,2.3622,1.7252,-0.637,0.5,1.9991,3.4913,0.37,10.2687,5.05,-0.0844
106.25,seguindo,normal,10.3207,4.6366,2.3325,1.6959,-0.6366,0.5,1.9908,3.4913,0.37,10.2687,5.05,-0.0704
106.3,seguindo,normal,10.3114,4.6439,2.3108,1.6756,-0.6352,0.5,1.9852,3.4913,0.37,10.2687,5.05,-0.0611
106.35,seguindo,normal,10.2979,4.655,2.277,1.6445,-0.6325,0.5,1.9766,3.4913,0.37,10.2687,5.05,-0.0475
106.4,seguindo,normal,10.289,4.6626,2.2539,1.6231,-0.6307,0.5,1.9707,3.4913,0.37,10.2687,5.05,-0.0386
106.45,seguindo,normal,10.2761,4.6741,2.2171,1.5905,-0.6266,0.5,1.9619,3.4913,0.37,10.2687,5.05,-0.0256
106.5,seguindo,normal,10.2678,4.6818,2.1918,1.5468,-0.645,0.5,1.9559,2.4234,0.37,10.2778,5.1,-0.0172
106.55,seguindo,normal,10.2557,4.6937,2.153,1.5163,-0.6367,0.5,1.9467,2.4234,0.37,10.2778,5.1,-0.0051
106.6,seguindo,normal,10.2478,4.7017,2.1267,1.4956,-0.6311,0.5,1.9404,2.4234,0.37,10.2778,5.1,0.0028
106.65,seguindo,normal,10.2366,4.7138,2.0849,1.4643,-0.6206,0.5,1.9309,2.4234,0.37,10.2778,5.1,0.0142
106.7,seguindo,normal,10.2293,4.722,2.0561,1.4432,-0.6129,0.5,1.9246,2.4234,0.37,10.2778,5.1,0.0215
106.75,seguindo,normal,10.2189,4.7345,2.0123,1.4005,-0.6118,0.5,1.9147,1.7496,0.37,10.2903,5.15,0.0321
106.8,seguindo,normal,10.2122,4.743,1.9828,1.3811,-0.6017,0.5,1.9079,1.7496,0.37,10.2903,5.15,0.0389
106.85,seguindo,normal,10.2026,4.7561,1.9381,1.3517,-0.5863,0.5,1.8974,1.7496,0.37,10.2903,5.15,0.0486
106.9,seguindo,normal,10.1965,4.7649,1.908,1.332,-0.576,0.5,1.8903,1.7496,0.37,10.2903,5.15,0.0548
106.95,seguindo,normal,10.1881,4.7785,1.8623,1.2965,-0.5658,0.5,1.8792,1.3237,0.37,10.3067,5.2,0.0635
107.0,seguindo,normal,10.1828,4.7877,1.8317,1.2789,-0.5529,0.5,1.8715,1.3237,0.37,10.3067,5.2,0.0689
107.05,seguindo,normal,10.1754,4.8018,1.7856,1.2523,-0.5333,0.5,1.8598,1.3237,0.37,10.3067,5.2,0.0765
107.1,seguindo,normal,10.1708,4.8113,1.7548,1.2345,-0.5202,0.5,1.8517,1.3237,0.37,10.3067,5.2,0.0813
107.15,seguindo,normal,10.1645,4.8259,1.7086,1.2077,-0.5009,0.5,1.8393,1.3237,0.37,10.3067,5.2,0.0879
107.2,seguindo,normal,10.1608,4.8358,1.6779,1.1887,-0.4891,0.5,1.8308,1.0581,0.37,10.3272,5.25,0.0919
107.25,seguindo,normal,10.1557,4.8509,1.632,1.165,-0.4671,0.5,1.8176,1.0581,0.37,10.3272,5.25,0.0974
107.3,seguindo,normal,10.1527,4.8611,1.6017,1.1491,-0.4526,0.5,1.8086,1.0581,0.37,10.3272,5.25,0.1007
107.35,seguindo,normal,10.1489,4.8766,1.5566,1.1254,-0.4313,0.5,1.7948,1.0581,0.37,10.3272,5.25,0.1051
107.4,seguindo,normal,10.1468,4.8871,1.527,1.1101,-0.4169,0.5,1.7853,0.9009,0.37,10.3517,5.3,0.1076
107.45,seguindo,normal,10.1443,4.9031,1.4833,1.0892,-0.3941,0.5,1.7707,0.9009,0.37,10.3517,5.3,0.1107
107.5,seguindo,normal,10.143,4.9139,1.4547,1.0753,-0.3794,0.5,1.7607,0.9009,0.37,10.3517,5.3,0.1125
107.55,seguindo,normal,10.1418,4.9303,1.4128,1.0546,-0.3583,0.5,1.7454,0.9009,0.37,10.3517,5.3,0.1147
107.6,seguindo,normal,10.1415,4.9468,1.3722,1.0374,-0.3349,0.5,1.7296,0.8225,0.37,10.3795,5.35,0.116
107.65,seguindo,normal,10.1416,4.958,1.3457,1.0253,-0.3203,0.5,1.7189,0.8225,0.37,10.3795,5.35,0.1165
107.7,seguindo,normal,10.1422,4.9692,1.3198,1.0134,-0.3064,0.5,1.708,0.8225,0.37,10.3795,5.35,0.1169
107.75,seguindo,normal,10.1436,4.9861,1.2817,0.9957,-0.286,0.5,1.6915,0.8082,0.37,10.3795,5.35,0.117
107.8,seguindo,normal,10.1451,4.9974,1.2572,0.9839,-0.2732,0.5,1.6802,0.8082,0.37,10.3795,5.35,0.1165
107.85,seguindo,normal,10.1478,5.0144,1.2212,0.9664,-0.2547,0.5,1.6632,0.8082,0.37,10.3795,5.35,0.1154
107.9,seguindo,normal,10.1501,5.0258,1.1982,0.9549,-0.2433,0.5,1.6516,0.8082,0.37,10.3795,5.35,0.1145
107.95,seguindo,normal,10.1542,5.0429,1.1645,1.137,-0.0275,0.5,1.6341,0.8993,1.0,10.5975,6.0,0.1127
108.0,seguindo,normal,10.1573,5.0544,1.143,1.1351,-0.0079,0.5,1.6223,0.8993,1.0,10.5975,6.0,0.1111
108.05,seguindo,normal,10.1626,5.0715,1.1115,1.1327,0.0213,0.5,1.6044,0.8993,1.0,10.5975,6.0,0.1083
108.1,seguindo,normal,10.1665,5.0828,1.0914,1.1315,0.0401,0.5,1.5923,0.8993,1.0,10.5975,6.0,0.1064
108.15,seguindo,normal,10.1729,5.0998,1.0618,1.1492,0.0874,0.5,1.5742,0.8384,1.0,10.5991,6.05,0.1032
108.2,seguindo,normal,10.1777,5.1112,1.0433,1.1489,0.1055,0.5,1.5619,0.8384,1.0,10.5991,6.05,0.1006
108.25,seguindo,normal,10.1853,5.1281,1.0164,1.1489,0.1325,0.5,1.5435,0.8384,1.0,10.5991,6.05,0.0966
108.3,seguindo,normal,10.1907,5.1394,0.9994,1.1493,0.1499,0.5,1.5312,0.8384,1.0,10.5991,6.05,0.0941
108.35,seguindo,normal,10.1994,5.1561,0.9745,0.9032,-0.0713,0.5,1.5126,1.3661,0.37,10.4705,5.5,0.0897
108.4,seguindo,normal,10.2055,5.1672,0.9589,0.8983,-0.0605,0.5,1.5001,1.3661,0.37,10.4705,5.5,0.0865
108.45,seguindo,normal,10.2146,5.1827,0.9393,0.8922,-0.0471,0.5,1.4826,1.3661,0.37,10.4705,5.5,0.0821
108.5,seguindo,normal,10.2208,5.1926,0.9288,0.8888,-0.04,0.5,1.4714,1.3661,0.37,10.4705,5.5,0.0793
108.55,seguindo,normal,10.2305,5.2069,0.9174,0.908,-0.0094,0.5,1.4548,2.3447,0.37,10.4983,5.55,0.0745
108.6,seguindo,normal,10.2372,5.2164,0.9121,0.9068,-0.0053,0.5,1.4439,2.3447,0.37,10.4983,5.55,0.0711
108.65,seguindo,normal,10.2477,5.2302,0.9091,0.9061,-0.003,0.5,1.4277,2.3447,0.37,10.4983,5.55,0.066
108.7,seguindo,normal,10.2547,5.2393,0.9089,0.9059,-0.0029,0.5,1.417,2.3447,0.37,10.4983,5.55,0.063
108.75,seguindo,normal,10.2655,5.2528,0.9113,0.933,0.0216,0.5,1.401,11.3223,0.37,10.5228,5.6,0.0581
108.8,seguindo,normal,10.2727,5.2618,0.9139,0.934,0.0201,0.5,1.3904,11.3223,0.37,10.5228,5.6,0.0549
108.85,seguindo,normal,10.2834,5.2753,0.9176,0.9356,0.018,0.5,1.3745,11.3223,0.37,10.5228,5.6,0.0504
108.9,seguindo,normal,10.2906,5.2843,0.92,0.9366,0.0166,0.5,1.3639,11.3223,0.37,10.5228,5.6,0.0479
108.95,seguindo,normal,10.3013,5.298,0.9232,0.9684,0.0452,0.5,1.3479,3.7503,0.37,10.5434,5.65,0.0444
109.0,seguindo,normal,10.3084,5.3071,0.9252,0.9701,0.0449,0.5,1.3372,3.7503,0.37,10.5434,5.65,0.042
109.05,seguindo,normal,10.3191,5.3209,0.9279,0.9725,0.0446,0.5,1.3212,3.7503,0.37,10.5434,5.65,0.0387
109.1,seguindo,normal,10.3297,5.3348,0.9305,0.9751,0.0446,0.5,1.3051,3.7503,0.37,10.5434,5.65,0.0362
109.15,seguindo,normal,10.3367,5.344,0.9322,1.0112,0.079,0.5,1.2944,1.621,0.37,10.5597,5.7,0.0345
109.2,seguindo,normal,10.3438,5.3533,0.9339,1.0137,0.0798,0.5,1.2838,1.621,0.37,10.5597,5.7,0.0329
109.25,seguindo,normal,10.3543,5.3672,0.9364,1.0177,0.0813,0.5,1.2677,1.621,0.37,10.5597,5.7,0.0305
109.3,seguindo,normal,10.3613,5.3765,0.9381,1.0206,0.0824,0.5,1.2571,1.621,0.37,10.5597,5.7,0.0293
109.35,seguindo,normal,10.3718,5.3905,0.9407,1.0622,0.1215,0.5,1.2411,1.0806,0.37,10.5722,5.75,0.0275
109.4,seguindo,normal,10.3787,5.3998,0.9424,1.066,0.1236,0.5,1.2305,1.0806,0.37,10.5722,5.75,0.0264
109.45,seguindo,normal,10.3891,5.4138,0.945,1.0722,0.1271,0.5,1.2145,1.0806,0.37,10.5722,5.75,0.0247
109.5,seguindo,normal,10.396,5.4232,0.9468,1.0765,0.1297,0.5,1.2039,1.0806,0.37,10.5722,5.75,0.0237
109.55,seguindo,normal,10.4064,5.4372,0.9495,1.1215,0.172,0.5,1.1881,0.8741,0.37,10.5813,5.8,0.0222
109.6,seguindo,normal,10.4133,5.4466,0.9513,1.1269,0.1756,0.5,1.1775,0.8741,0.37,10.5813,5.8,0.0213
109.65,seguindo,normal,10.4235,5.4606,0.954,1.1356,0.1816,0.5,1.1616,0.8741,0.37,10.5813,5.8,0.0199
109.7,seguindo,normal,10.4304,5.47,0.9558,1.1417,0.1859,0.5,1.1511,0.8741,0.37,10.5813,5.8,0.0189
109.75,seguindo,normal,10.4406,5.4842,0.9585,1.1882,0.2297,0.5,1.1353,0.8095,0.37,10.5878,5.85,0.0174
109.8,seguindo,normal,10.4474,5.4936,0.9603,1.1954,0.2352,0.5,1.1248,0.8095,0.37,10.5878,5.85,0.0165
109.85,seguindo,normal,10.4575,5.5078,0.963,1.207,0.2441,0.5,1.1091,0.8095,0.37,10.5878,5.85,0.0151
109.9,seguindo,normal,10.4643,5.5172,0.9648,1.2153,0.2506,0.5,1.0986,0.8095,0.37,10.5878,5.85,0.0138
109.95,seguindo,normal,10.4744,5.5314,0.9675,1.2894,0.3219,0.5,1.0829,0.8339,0.37,10.5954,5.95,0.0119
110.0,seguindo,normal,10.4811,5.5409,0.9693,1.2983,0.3291,0.5,1.0725,0.8339,0.37,10.5954,5.95,0.0106
110.05,seguindo,normal,10.4911,5.5552,0.9719,1.3126,0.3406,0.5,1.0568,0.8339,0.37,10.5954,5.95,0.0087
110.1,seguindo,normal,10.4978,5.5647,0.9737,1.3227,0.349,0.5,1.0464,0.8339,0.37,10.5954,5.95,0.007
110.15,seguindo,normal,10.5077,5.579,0.9764,1.4324,0.4559,0.5,1.0308,0.9898,1.0,10.65,6.6,0.0043
110.2,seguindo,normal,10.5144,5.5886,0.9782,1.4375,0.4593,0.5,1.0205,0.9898,1.0,10.65,6.6,0.0026
110.25,seguindo,normal,10.5243,5.6029,0.9809,1.4454,0.4645,0.5,1.005,0.9898,1.0,10.65,6.6,-0.0002
110.3,seguindo,normal,10.5308,5.6125,0.9827,1.4507,0.468,0.5,0.9947,0.9898,1.0,10.65,6.6,-0.0027
110.35,seguindo,normal,10.5407,5.6269,0.9854,1.4589,0.4736,0.5,0.9792,1.232,1.0,10.65,6.6,-0.0063
110.4,seguindo,normal,10.5472,5.6365,0.9871,1.4645,0.4774,0.5,0.9689,1.232,1.0,10.65,6.6,-0.0087
110.45,seguindo,normal,10.556,5.6486,0.9957,1.4723,0.4766,0.5,0.956,1.232,1.0,10.65,6.6,-0.0124
110.5,seguindo,normal,10.5615,5.6557,1.0053,1.4773,0.472,0.5,0.9484,1.232,1.0,10.65,6.6,-0.0154
110.55,seguindo,normal,10.57,5.6663,1.0253,1.4853,0.4599,0.5,0.9371,1.232,1.0,10.65,6.6,-0.0202
110.6,seguindo,normal,10.5757,5.6732,1.0421,1.4908,0.4486,0.5,0.9298,1.6488,1.0,10.65,6.6,-0.0235
110.65,seguindo,normal,10.5842,5.6834,1.0717,1.4991,0.4275,0.5,0.919,1.6488,1.0,10.65,6.6,-0.0284
110.7,seguindo,normal,10.5898,5.6899,1.0952,1.5048,0.4096,0.5,0.9121,1.6488,1.0,10.65,6.6,-0.0318
110.75,seguindo,normal,10.5983,5.7,1.134,1.5134,0.3794,0.5,0.9015,1.6488,1.0,10.65,6.6,-0.0375
110.8,seguindo,normal,10.6039,5.7066,1.1634,1.5193,0.3559,0.5,0.8946,1.6488,1.0,10.65,6.6,-0.0413
110.85,seguindo,normal,10.6119,5.7166,1.2081,1.5277,0.3197,0.5,0.8842,1.2737,1.0,10.65,6.6,-0.0466
110.9,seguindo,normal,10.6169,5.7235,1.237,1.5331,0.2961,0.5,0.8772,1.2737,1.0,10.65,6.6,-0.0498
110.95,seguindo,normal,10.6238,5.7339,1.2775,1.5406,0.2631,0.5,0.8665,1.2737,1.0,10.65,6.6,-0.054
111.0,seguindo,normal,10.6282,5.741,1.3028,1.5455,0.2427,0.5,0.8593,1.2737,1.0,10.65,6.6,-0.0568
111.05,seguindo,normal,10.6346,5.7518,1.3402,1.5526,0.2124,0.5,0.8483,1.2737,1.0,10.65,6.6,-0.061
111.1,seguindo,normal,10.6385,5.7592,1.365,1.5571,0.1921,0.5,0.8409,1.2737,1.0,10.65,6.6,-0.0636
111.15,seguindo,normal,10.644,5.7704,1.4019,1.5636,0.1617,0.1699,0.8296,0.1699,1.0,10.65,6.6,-0.067
111.2,seguindo,normal,10.6474,5.7781,1.4262,1.5676,0.1414,0.1699,0.8219,0.1699,1.0,10.65,6.6,-0.0689
111.25,seguindo,normal,10.652,5.79,1.461,1.5732,0.1123,0.1699,0.81,0.1699,1.0,10.65,6.6,-0.0713
111.3,seguindo,normal,10.6547,5.7982,1.4833,1.5767,0.0934,0.1699,0.8018,0.1699,1.0,10.65,6.6,-0.073
111.35,seguindo,normal,10.6583,5.8108,1.5154,1.5813,0.066,0.1699,0.7892,0.1699,1.0,10.65,6.6,-0.0749
111.4,seguindo,normal,10.6604,5.8194,1.536,1.5842,0.0481,0.5,0.7807,2.0066,1.0,10.65,6.6,-0.0759
111.45,seguindo,normal,10.6631,5.8326,1.565,1.5878,0.0229,0.5,0.7675,2.0066,1.0,10.65,6.6,-0.0769
111.5,seguindo,normal,10.6645,5.8417,1.5832,1.59,0.0067,0.5,0.7585,2.0066,1.0,10.65,6.6,-0.0772
111.55,seguindo,normal,10.6669,5.8533,1.6159,1.5934,-0.0225,0.5,0.7469,2.0066,1.0,10.65,6.6,-0.0785
111.6,seguindo,normal,10.6685,5.8597,1.6399,1.5958,-0.0441,0.5,0.7406,2.0066,1.0,10.65,6.6,-0.0795
111.65,seguindo,normal,10.6707,5.87,1.6778,1.5991,-0.0787,0.5,0.7303,1.7018,1.0,10.65,6.6,-0.0807
111.7,seguindo,normal,10.672,5.8771,1.7041,1.6012,-0.1029,0.5,0.7233,1.7018,1.0,10.65,6.6,-0.0814
111.75,seguindo,normal,10.6731,5.89,1.743,1.6034,-0.1396,0.5,0.7104,1.7018,1.0,10.65,6.6,-0.0814
111.8,seguindo,normal,10.6734,5.8996,1.7675,1.6042,-0.1634,0.5,0.7008,1.7018,1.0,10.65,6.6,-0.0809
111.85,seguindo,normal,10.6725,5.916,1.7997,1.6036,-0.1961,0.5,0.6844,1.7018,1.0,10.65,6.6,-0.079
111.9,seguindo,normal,10.6711,5.9277,1.8179,1.6022,-0.2157,0.5,0.6726,1.2508,1.0,10.65,6.6,-0.077
111.95,seguindo,normal,10.6684,5.9455,1.8409,1.5989,-0.242,0.5,0.6547,1.2508,1.0,10.65,6.6,-0.0731
112.001,seguindo,normal,10.6648,5.9632,1.8585,1.5941,-0.2645,0.5,0.637,1.2508,1.0,10.65,6.6,-0.0688
112.05,seguindo,normal,10.6619,5.9751,1.8656,1.5898,-0.2758,0.1397,0.625,0.1397,1.0,10.65,6.6,-0.0654
112.1,seguindo,normal,10.6587,5.9869,1.8714,1.585,-0.2864,0.1397,0.6131,0.1397,1.0,10.65,6.6,-0.0617
112.15,seguindo,normal,10.6536,6.0045,1.8751,1.5768,-0.2983,0.1397,0.5955,0.1397,1.0,10.65,6.6,-0.0559
112.2,seguindo,normal,10.6481,6.022,1.8761,1.5676,-0.3085,0.1397,0.578,0.1397,1.0,10.65,6.6,-0.0499
112.25,seguindo,normal,10.6446,6.0333,1.8763,1.5613,-0.3151,0.5,0.5667,2.0035,1.0,10.65,6.6,-0.046
112.3,seguindo,normal,10.6411,6.0446,1.8766,1.5547,-0.3219,0.5,0.5555,2.0035,1.0,10.65,6.6,-0.0421
112.35,seguindo,normal,10.6359,6.0614,1.8785,1.5446,-0.3338,0.5,0.5388,2.0035,1.0,10.65,6.6,-0.0365
112.4,seguindo,normal,10.6325,6.0725,1.8802,1.5376,-0.3426,0.5,0.5278,2.0035,1.0,10.65,6.6,-0.0328
112.451,seguindo,normal,10.6274,6.0891,1.8833,1.5266,-0.3566,0.5,0.5114,1.7001,1.0,10.65,6.6,-0.0273
112.5,seguindo,normal,10.624,6.1002,1.8855,1.5189,-0.3666,0.5,0.5005,1.7001,1.0,10.65,6.6,-0.0236
112.55,seguindo,normal,10.62,6.1149,1.8944,1.509,-0.3854,0.5,0.4861,1.7001,1.0,10.65,6.6,-0.0192
112.6,seguindo,normal,10.6176,6.1238,1.9023,1.5029,-0.3995,0.5,0.4773,1.7001,1.0,10.65,6.6,-0.0165
112.65,seguindo,normal,10.6142,6.1375,1.9184,1.4935,-0.4249,0.5,0.4639,1.2492,1.0,10.65,6.6,-0.0127
112.7,seguindo,normal,10.6119,6.1467,1.9308,1.4869,-0.444,0.5,0.4549,1.2492,1.0,10.65,6.6,-0.0102
112.75,seguindo,normal,10.6071,6.1625,1.9465,1.473,-0.4735,0.5,0.4396,1.2492,1.0,10.65,6.6,-0.0049
112.8,seguindo,normal,10.6031,6.174,1.9539,1.4612,-0.4927,0.5,0.4286,1.2492,1.0,10.65,6.6,-0.0006
112.85,seguindo,normal,10.5968,6.191,1.9601,1.4414,-0.5187,0.1361,0.4125,0.1361,1.0,10.65,6.6,0.0063
112.9,seguindo,normal,10.5923,6.2022,1.9622,1.4269,-0.5354,0.1361,0.402,0.1361,1.0,10.65,6.6,0.0111
112.95,seguindo,normal,10.5854,6.2186,1.9605,1.403,-0.5575,0.1361,0.3868,0.1361,1.0,10.65,6.6,0.0188
113.0,seguindo,normal,10.5807,6.2295,1.9575,1.3858,-0.5717,0.4756,0.3769,2.321,1.0,10.65,6.6,0.024
113.05,seguindo,normal,10.5735,6.2454,1.9481,1.3582,-0.5899,0.4665,0.3627,2.321,1.0,10.65,6.6,0.0319
113.1,seguindo,normal,10.5686,6.2559,1.94,1.3386,-0.6014,0.4606,0.3536,2.321,1.0,10.65,6.6,0.0372
113.15,seguindo,normal,10.5612,6.2715,1.9228,1.3069,-0.6159,0.4518,0.3403,2.321,1.0,10.65,6.6,0.0455
113.2,seguindo,normal,10.5564,6.2819,1.9095,1.2845,-0.625,0.446,0.3316,2.3273,1.0,10.65,6.6,0.051
113.25,seguindo,normal,10.5505,6.2949,1.8929,1.2555,-0.6375,0.4388,0.3209,2.3273,1.0,10.65,6.6,0.0577
113.3,seguindo,normal,10.5472,6.3023,1.8836,1.2384,-0.6452,0.4347,0.3149,2.3273,1.0,10.65,6.6,0.0613
113.35,seguindo,normal,10.5429,6.3137,1.8751,1.2127,-0.6623,0.4282,0.3056,2.3273,1.0,10.65,6.6,0.0666
113.4,seguindo,normal,10.5402,6.3214,1.8717,1.1953,-0.6765,0.4239,0.2994,2.3273,1.0,10.65,6.6,0.0698
113.45,seguindo,normal,10.5352,6.3354,1.8634,1.1614,-0.702,0.416,0.2885,2.6025,1.0,10.65,6.6,0.076
113.5,seguindo,normal,10.5314,6.3458,1.8553,1.1342,-0.7212,0.4103,0.2805,2.6025,1.0,10.65,6.6,0.0806
113.55,seguindo,normal,10.5256,6.3612,1.8382,1.0904,-0.7477,0.402,0.2693,2.6025,1.0,10.65,6.6,0.0877
113.6,seguindo,normal,10.5217,6.3714,1.8249,1.0595,-0.7654,0.3966,0.2622,2.6025,1.0,10.65,6.6,0.0925
113.65,seguindo,normal,10.516,6.3863,1.8001,1.0106,-0.7895,0.3891,0.2523,2.8351,1.0,10.65,6.6,0.0998
114.816,seguindo,normal,10.4461,6.5023,1.1311,-1.9541,-3.0852,0.5,8.5786,0.8982,1.0,10.062,5.55,0.0461
114.85,seguindo,normal,10.4461,6.5023,1.1311,-1.9542,-3.0852,0.5,8.5786,0.8982,1.0,10.062,5.55,0.0461
114.9,seguindo,normal,10.4461,6.5023,1.1311,-1.9542,-3.0852,0.5,8.5786,0.8982,1.0,10.062,5.55,0.0461
114.95,seguindo,normal,10.4461,6.5023,1.1311,-1.9542,-3.0852,0.5,8.5786,0.8982,1.0,10.062,5.55,0.0461
115.0,seguindo,normal,10.4461,6.5023,1.1311,-1.9542,-3.0852,0.5,8.5786,0.8982,1.0,10.062,5.55,0.0461
115.05,seguindo,normal,10.4461,6.5023,1.1311,-1.9542,-3.0852,0.5,8.5786,0.8982,1.0,10.062,5.55,0.0461
115.1,seguindo,normal,10.4461,6.5023,1.1311,-1.9542,-3.0852,0.5,8.5786,0.8982,1.0,10.062,5.55,0.0461
115.15,seguindo,normal,10.4461,6.5023,1.1311,-1.9542,-3.0852,0.5,8.5786,0.8982,1.0,10.062,5.55,0.0461
115.2,seguindo,normal,10.4461,6.5023,1.1311,-1.9542,-3.0852,0.5,8.5786,0.8982,1.0,10.062,5.55,0.0461
115.25,seguindo,normal,10.4464,6.5038,1.1264,-1.9539,-3.0802,0.5,8.5792,0.8982,1.0,10.062,5.55,0.0465
115.3,seguindo,normal,10.4467,6.5054,1.1212,-1.9536,-3.0748,0.5,8.5798,0.8982,1.0,10.062,5.55,0.047
115.35,seguindo,normal,10.4468,6.5063,1.1183,-1.9534,-3.0717,0.5,8.5801,0.8982,1.0,10.062,5.55,0.0473
115.4,seguindo,normal,10.4468,6.5063,1.1183,-1.9534,-3.0717,0.5,8.5801,0.8982,1.0,10.062,5.55,0.0473
115.45,seguindo,normal,10.4472,6.5078,1.1135,-1.9531,-3.0666,0.5,8.5807,0.8982,1.0,10.062,5.55,0.0478
115.5,seguindo,normal,10.4475,6.5094,1.1083,-1.9529,-3.0611,0.5,8.5813,0.8982,1.0,10.062,5.55,0.0484
115.55,seguindo,normal,10.4476,6.512,1.0955,-1.9521,-3.0476,0.5,8.5819,0.8982,1.0,10.062,5.55,0.0491
115.6,seguindo,normal,10.4476,6.5138,1.0852,-1.9514,-3.0366,0.5,8.5822,0.8982,1.0,10.062,5.55,0.0496
115.65,seguindo,normal,10.4473,6.5167,1.0646,-1.9501,-3.0147,0.5,8.5824,0.8982,1.0,10.062,5.55,0.0502
115.7,seguindo,normal,10.447,6.5187,1.0492,-1.9491,-2.9982,0.5,8.5824,0.8982,1.0,10.062,5.55,0.0506
115.75,seguindo,normal,10.4462,6.522,1.0209,-1.9473,-2.9681,0.5,8.5823,0.8982,1.0,10.062,5.55,0.0512
115.8,seguindo,normal,10.4457,6.5242,1.0002,-1.946,-2.9462,0.5,8.5821,0.8982,1.0,10.062,5.55,0.0517
115.85,seguindo,normal,10.4446,6.5278,0.9642,-1.9437,-2.9079,0.5,8.5817,0.8982,1.0,10.062,5.55,0.0525
115.9,seguindo,normal,10.4438,6.5304,0.9384,-1.9422,-2.8805,0.5,8.5813,0.8982,1.0,10.062,5.55,0.0533
115.95,seguindo,normal,10.4424,6.5344,0.8946,-1.9396,-2.8342,0.5,8.5807,0.8982,1.0,10.062,5.55,0.0546
116.0,seguindo,normal,10.4415,6.5373,0.8637,-1.9378,-2.8014,0.5,8.5803,0.8982,1.0,10.062,5.55,0.0558
116.05,seguindo,normal,10.44,6.5418,0.8122,-1.9349,-2.7471,0.5,8.5797,0.8982,1.0,10.062,5.55,0.0579
116.1,seguindo,normal,10.439,6.545,0.7762,-1.933,-2.7092,0.5,8.5793,0.8982,1.0,10.062,5.55,0.0596
116.15,seguindo,normal,10.4375,6.5502,0.7171,-1.9299,-2.647,0.5,8.5787,0.8982,1.0,10.062,5.55,0.0627
116.2,seguindo,normal,10.4366,6.5538,0.6759,-1.928,-2.6038,0.5,8.5785,0.8982,1.0,10.062,5.55,0.0651
116.25,seguindo,normal,10.4352,6.5596,0.609,-1.9249,-2.5339,0.5,8.5782,0.8982,1.0,10.062,5.55,0.0692
116.3,seguindo,normal,10.4345,6.5636,0.5626,-1.9229,-2.4856,0.5,8.5782,0.8982,1.0,10.062,5.55,0.0724
116.35,seguindo,normal,10.4335,6.5701,0.488,-1.9201,-2.4081,0.5,8.5784,0.8982,1.0,10.062,5.55,0.0777
116.401,seguindo,normal,10.4329,6.5768,0.4108,-1.9175,-2.3282,0.5,8.5791,0.8982,1.0,10.062,5.55,0.0836
116.45,seguindo,normal,10.4327,6.5817,0.3542,-1.9157,-2.27,0.5,8.5798,0.8982,1.0,10.062,5.55,0.088
116.5,seguindo,normal,10.4327,6.5866,0.2975,-1.9143,-2.2118,0.5,8.5807,0.8982,1.0,10.062,5.55,0.0926
116.55,seguindo,normal,10.4332,6.5943,0.2075,-1.9124,-2.1199,0.5,8.5826,0.8982,1.0,10.062,5.55,0.1
116.6,seguindo,normal,10.4339,6.5995,0.1457,-1.9114,-2.0571,0.5,8.5843,0.8982,1.0,10.062,5.55,0.1051
116.65,seguindo,normal,10.4355,6.6077,0.0481,-1.9103,-1.9584,0.5,8.5874,0.8982,1.0,10.062,5.55,0.1134
116.7,seguindo,normal,10.4371,6.6131,-0.0188,-1.9099,-1.8911,0.5,8.5899,0.8982,1.0,10.062,5.55,0.119
116.75,seguindo,normal,10.4401,6.6215,-0.1242,-1.91,-1.7858,0.5,8.5944,0.8982,1.0,10.062,5.55,0.128
116.8,seguindo,normal,10.4426,6.6271,-0.1963,-1.9104,-1.7141,0.5,8.5979,0.8982,1.0,10.062,5.55,0.134
116.85,seguindo,normal,10.4472,6.6354,-0.3095,-1.9118,-1.6023,0.5,8.604,0.8982,1.0,10.062,5.55,0.1434
116.9,seguindo,normal,10.4508,6.6408,-0.3867,-1.9132,-1.5265,0.5,8.6086,0.8982,1.0,10.062,5.55,0.1497
116.95,seguindo,normal,10.4572,6.6486,-0.5075,-1.9161,-1.4086,0.5,8.6164,0.8982,1.0,10.062,5.55,0.1593
117.0,seguindo,normal,10.4621,6.6535,-0.5899,-1.9186,-1.3288,0.5,8.6221,0.8982,1.0,10.062,5.55,0.1656
117.05,seguindo,normal,10.4691,6.6615,-0.7202,-1.9219,-1.2017,0.5,8.6306,0.8982,1.0,10.062,5.55,0.1757
117.1,seguindo,normal,10.4734,6.6672,-0.8068,-1.9236,-1.1168,0.5,8.6359,0.8982,1.0,10.062,5.55,0.1826
117.15,seguindo,normal,10.4799,6.675,-0.9294,-1.9265,-0.9971,0.5,8.6438,0.8982,1.0,10.062,5.55,0.1924
117.2,seguindo,normal,10.4842,6.6798,-1.0064,-1.9284,-0.922,0.5,8.6489,0.8982,1.0,10.062,5.55,0.1986
117.25,seguindo,normal,10.4906,6.6863,-1.115,-1.9315,-0.8165,0.5,8.6565,0.8982,1.0,10.062,5.55,0.2072
117.3,seguindo,normal,10.495,6.6903,-1.1834,-1.9337,-0.7503,0.5,8.6615,0.8982,1.0,10.062,5.55,0.2126
117.35,seguindo,normal,10.5017,6.6953,-1.2821,-1.9374,-0.6552,0.5,8.6691,0.8982,1.0,10.062,5.55,0.2202
117.4,seguindo,normal,10.5062,6.6982,-1.3445,-1.9399,-0.5954,0.5,8.6741,0.8982,1.0,10.062,5.55,0.2248
117.45,seguindo,normal,10.5131,6.7019,-1.4356,-1.944,-0.5084,0.5,8.6815,0.8982,1.0,10.062,5.55,0.2314
117.5,seguindo,normal,10.5176,6.704,-1.4932,-1.9468,-0.4535,0.5,8.6863,0.8982,1.0,10.062,5.55,0.2355
117.55,seguindo,normal,10.5243,6.7067,-1.5769,-1.951,-0.3741,0.5,8.6935,0.8982,1.0,10.062,5.55,0.2412
117.6,seguindo,normal,10.5308,6.7088,-1.6557,-1.9552,-0.2996,0.5,8.7003,0.8982,1.0,10.062,5.55,0.2464
117.65,seguindo,normal,10.5351,6.71,-1.7058,-1.958,-0.2522,0.5,8.7047,0.8982,1.0,10.062,5.55,0.2497
117.7,seguindo,normal,10.5392,6.7109,-1.7537,-1.9608,-0.2071,0.5,8.7089,0.8982,1.0,10.062,5.55,0.2527
117.75,seguindo,normal,10.5452,6.712,-1.822,-1.9649,-0.1429,0.5,8.715,0.8982,1.0,10.062,5.55,0.257
117.8,seguindo,normal,10.549,6.7125,-1.8647,-1.9675,-0.1028,0.5,8.7189,0.8982,1.0,10.062,5.55,0.2596
117.85,seguindo,normal,10.5545,6.7133,-1.9251,-1.9713,-0.0462,0.5,8.7244,0.8982,1.0,10.062,5.55,0.2634
117.9,seguindo,normal,10.5581,6.7139,-1.9627,-1.9737,-0.011,0.5,8.728,0.8982,1.0,10.062,5.55,0.266
117.95,seguindo,normal,10.5632,6.7146,-2.0163,-1.9772,0.0391,0.5,8.7332,0.8982,1.0,10.062,5.55,0.2696
118.0,seguindo,normal,10.5664,6.7151,-2.0491,-1.9794,0.0697,0.5,8.7365,0.8982,1.0,10.062,5.55,0.272
118.05,seguindo,normal,10.5711,6.7157,-2.0952,-1.9825,0.1127,0.5,8.7411,0.8982,1.0,10.062,5.55,0.2753
118.1,seguindo,normal,10.574,6.7162,-2.123,-1.9845,0.1385,0.5,8.7441,0.8982,1.0,10.062,5.55,0.2775
118.15,seguindo,normal,10.5781,6.7168,-2.1612,-1.9873,0.1739,0.5,8.7482,0.8982,1.0,10.062,5.55,0.2806
118.2,seguindo,normal,10.5807,6.7173,-2.1835,-1.9889,0.1946,0.5,8.7508,0.8982,1.0,10.062,5.55,0.2826
118.25,seguindo,normal,10.5842,6.7179,-2.2134,-1.9913,0.2222,0.5,8.7544,0.8982,1.0,10.062,5.55,0.2854
118.3,seguindo,normal,10.5864,6.7185,-2.2301,-1.9926,0.2375,0.5,8.7567,0.8982,1.0,10.062,5.55,0.2872
118.35,seguindo,normal,10.5892,6.7192,-2.2507,-1.9944,0.2563,0.5,8.7596,0.8982,1.0,10.062,5.55,0.2896
118.4,seguindo,normal,10.5908,6.7198,-2.2613,-1.9953,0.266,0.5,8.7612,0.8982,1.0,10.062,5.55,0.2911
118.45,seguindo,normal,10.5927,6.7206,-2.2727,-1.9964,0.2763,0.5,8.7633,0.8982,1.0,10.062,5.55,0.2929
118.5,seguindo,normal,10.5938,6.7211,-2.278,-1.997,0.281,0.5,8.7644,0.8982,1.0,10.062,5.55,0.294
118.55,seguindo,normal,10.5948,6.722,-2.2808,-1.9975,0.2833,0.5,8.7656,0.8982,1.0,10.062,5.55,0.2954
118.6,seguindo,normal,10.5953,6.7226,-2.2809,-1.9977,0.2832,0.5,8.7663,0.8982,1.0,10.062,5.55,0.2962
118.65,seguindo,normal,10.5956,6.7235,-2.2759,-1.9975,0.2784,0.5,8.7667,0.8982,1.0,10.062,5.55,0.297
118.7,seguindo,normal,10.5956,6.7242,-2.2708,-1.9973,0.2734,0.5,8.7668,0.8982,1.0,10.062,5.55,0.2975
118.75,seguindo,normal,10.5951,6.7251,-2.2584,-1.9967,0.2617,0.5,8.7665,0.8982,1.0,10.062,5.55,0.2979
118.8,seguindo,normal,10.5946,6.7258,-2.2485,-1.9961,0.2524,0.5,8.7661,0.8982,1.0,10.062,5.55,0.2981
118.85,seguindo,normal,10.594,6.7264,-2.238,-1.9955,0.2425,0.5,8.7656,0.8982,1.0,10.062,5.55,0.2981
118.9,re,,10.5936,6.7266,-2.2332,-2.2332,0.0,0.203,8.7654,inf,,,,0.0
118.95,re,,10.5935,6.7268,-2.2307,-2.2307,0.0,0.203,8.7653,inf,,,,0.0
119.0,re,,10.5935,6.7268,-2.2307,-2.2307,0.0,0.203,8.7653,inf,,,,0.0
119.05,re,,10.5915,6.7247,-2.2267,-2.2267,0.0,0.203,8.7629,inf,,,,0.0
119.1,re,,10.5892,6.7224,-2.2215,-2.2215,0.0,0.203,8.7602,inf,,,,0.0
119.15,re,,10.5838,6.7169,-2.2106,-2.2106,0.0,0.203,8.7538,inf,,,,0.0
119.2,re,,10.5794,6.7122,-2.2013,-2.2013,0.0,0.203,8.7486,inf,,,,0.0
119.25,re,,10.5712,6.7029,-2.1863,-2.1863,0.0,0.203,8.7387,inf,,,,0.0
119.3,re,,10.5649,6.6956,-2.1743,-2.1743,0.0,0.203,8.7311,inf,,,,0.0
119.35,re,,10.5544,6.6819,-2.1622,-2.1622,0.0,0.203,8.7181,inf,,,,0.0
119.4,re,,10.5469,6.6714,-2.1574,-2.1574,0.0,0.203,8.7088,inf,,,,0.0
119.45,re,,10.536,6.6551,-2.1569,-2.1569,0.0,0.203,8.695,inf,,,,0.0
119.5,re,,10.5289,6.644,-2.1592,-2.1592,0.0,0.203,8.6859,inf,,,,0.0
119.55,re,,10.5186,6.6281,-2.1639,-2.1639,0.0,0.203,8.6728,inf,,,,0.0
119.6,re,,10.512,6.6177,-2.1675,-2.1675,0.0,0.203,8.6643,inf,,,,0.0
119.65,re,,10.5022,6.6034,-2.167,-2.167,0.0,0.203,8.6521,inf,,,,0.0
119.7,re,,10.4958,6.5944,-2.1647,-2.1647,0.0,0.203,8.6442,inf,,,,0.0
119.75,re,,10.4865,6.5817,-2.1557,-2.1557,0.0,0.203,8.6326,inf,,,,0.0
119.8,re,,10.4803,6.5736,-2.148,-2.148,0.0,0.203,8.6251,inf,,,,0.0
119.9,seguindo,normal,10.4655,6.5546,-2.1191,-2.1609,-0.0418,0.5,8.6071,4.9872,0.37,10.2281,6.2,0.0162
119.95,seguindo,normal,10.4567,6.5435,-2.0961,-2.1581,-0.062,0.5,8.5964,4.9872,0.37,10.2281,6.2,0.0092
120.0,seguindo,normal,10.451,6.5361,-2.0794,-2.1564,-0.077,0.5,8.5894,4.9872,0.37,10.2281,6.2,0.0086
120.05,seguindo,normal,10.4425,6.5249,-2.0542,-2.1543,-0.1001,0.5,8.5791,4.9872,0.37,10.2281,6.2,0.008
120.1,seguindo,normal,10.4371,6.5172,-2.0375,-2.1462,-0.1087,0.5,8.5724,5.6123,0.37,10.1989,6.15,0.0078
120.151,seguindo,normal,10.4291,6.5057,-2.0124,-2.1454,-0.133,0.5,8.5626,5.6123,0.37,10.1989,6.15,0.0077
120.2,seguindo,normal,10.424,6.4978,-1.9956,-2.1452,-0.1496,0.5,8.5561,5.6123,0.37,10.1989,6.15,0.0079
120.25,seguindo,normal,10.4166,6.4859,-1.9705,-2.1458,-0.1753,0.5,8.5467,5.6123,0.37,10.1989,6.15,0.0083
120.3,seguindo,normal,10.4118,6.4779,-1.9537,-2.1467,-0.1929,0.5,8.5406,5.6123,0.37,10.1989,6.15,0.0088
120.35,seguindo,normal,10.4048,6.4656,-1.9286,-2.1397,-0.2111,0.5,8.5317,6.5314,0.37,10.171,6.1,0.0098
120.4,seguindo,normal,10.4004,6.4574,-1.9119,-2.1414,-0.2295,0.5,8.5259,6.5314,0.37,10.171,6.1,0.0107
120.45,seguindo,normal,10.3951,6.4475,-1.8896,-2.1435,-0.254,0.5,8.519,6.5314,0.37,10.171,6.1,0.0118
120.5,seguindo,normal,10.3923,6.4424,-1.8765,-2.1445,-0.2681,0.5,8.5153,6.5314,0.37,10.171,6.1,0.0123
120.55,seguindo,normal,10.3894,6.437,-1.862,-2.1458,-0.2837,0.5,8.5115,6.5314,0.37,10.171,6.1,0.0128
120.6,seguindo,normal,10.3873,6.4333,-1.8503,-2.1464,-0.2961,0.5,8.5089,6.5314,0.37,10.171,6.1,0.0131
120.65,seguindo,normal,10.3871,6.4333,-1.8483,-2.146,-0.2978,0.5,8.5087,6.5314,0.37,10.171,6.1,0.0129
120.7,seguindo,normal,10.387,6.4333,-1.8467,-2.1457,-0.2991,0.5,8.5086,6.5314,0.37,10.171,6.1,0.0128
120.75,seguindo,normal,10.3869,6.4333,-1.8458,-2.1456,-0.2997,0.5,8.5085,6.5314,0.37,10.171,6.1,0.0128
120.8,seguindo,normal,10.3869,6.4333,-1.8458,-2.1456,-0.2997,0.5,8.5085,6.5314,0.37,10.171,6.1,0.0128
120.85,seguindo,normal,10.3862,6.4307,-1.8476,-2.1477,-0.3002,0.5,8.5074,6.5314,0.37,10.171,6.1,0.0136
120.9,seguindo,normal,10.3855,6.4276,-1.8492,-2.1504,-0.3012,0.5,8.5061,6.5314,0.37,10.171,6.1,0.0147
120.95,seguindo,normal,10.3838,6.4203,-1.8561,-2.1572,-0.3012,0.5,8.5033,6.5314,0.37,10.171,6.1,0.0173
121.0,seguindo,normal,10.3825,6.4141,-1.8625,-2.1483,-0.2858,0.5,8.501,5.816,0.37,10.1453,6.05,0.0196
121.05,seguindo,normal,10.38,6.402,-1.8774,-2.1588,-0.2813,0.5,8.4964,5.816,0.37,10.1453,6.05,0.024
121.1,seguindo,normal,10.3779,6.3926,-1.8892,-2.1673,-0.2781,0.5,8.4929,5.816,0.37,10.1453,6.05,0.0274
121.15,seguindo,normal,10.3746,6.3773,-1.9124,-2.182,-0.2696,0.5,8.4871,5.816,0.37,10.1453,6.05,0.0329
121.2,seguindo,normal,10.3722,6.3665,-1.9295,-2.1927,-0.2632,0.5,8.483,5.816,0.37,10.1453,6.05,0.0365
121.25,seguindo,normal,10.3684,6.3501,-1.9596,-2.1829,-0.2232,0.5,8.4766,3.745,0.37,10.1226,6.0,0.0421
121.3,seguindo,normal,10.3657,6.3392,-1.9815,-2.1927,-0.2111,0.5,8.4722,3.745,0.37,10.1226,6.0,0.0456
121.35,seguindo,normal,10.3613,6.3226,-2.0161,-2.2077,-0.1916,0.5,8.4652,3.745,0.37,10.1226,6.0,0.0506
121.4,seguindo,normal,10.358,6.3116,-2.0397,-2.2178,-0.178,0.5,8.4602,3.745,0.37,10.1226,6.0,0.0536
121.45,seguindo,normal,10.3525,6.2951,-2.0747,-2.2326,-0.1579,0.5,8.4523,3.745,0.37,10.1226,6.0,0.0575
121.5,seguindo,normal,10.3483,6.2841,-2.0969,-2.2032,-0.1063,0.5,8.4465,2.261,0.37,10.1035,5.95,0.0598
121.55,seguindo,normal,10.3414,6.2676,-2.1283,-2.2137,-0.0853,0.5,8.4372,2.261,0.37,10.1035,5.95,0.0625
121.6,seguindo,normal,10.3363,6.2566,-2.148,-2.2202,-0.0722,0.5,8.4305,2.261,0.37,10.1035,5.95,0.0638
121.65,seguindo,normal,10.3279,6.2401,-2.1754,-2.1847,-0.0093,0.5,8.4198,1.4901,0.37,10.0882,5.9,0.0651
121.7,seguindo,normal,10.3219,6.2292,-2.1925,-2.1882,0.0043,0.5,8.4122,1.4901,0.37,10.0882,5.9,0.0656
121.75,seguindo,normal,10.3124,6.2128,-2.2168,-2.1926,0.0243,0.5,8.4004,1.4901,0.37,10.0882,5.9,0.0659
121.8,seguindo,normal,10.3055,6.2019,-2.2315,-2.1947,0.0369,0.5,8.3921,1.4901,0.37,10.0882,5.9,0.0656
121.85,seguindo,normal,10.2948,6.1857,-2.2521,-2.1474,0.1047,0.5,8.3791,1.1077,0.37,10.0765,5.85,0.0646
121.9,seguindo,normal,10.2873,6.1749,-2.2649,-2.1463,0.1186,0.5,8.3702,1.1077,0.37,10.0765,5.85,0.0637
121.95,seguindo,normal,10.2765,6.1601,-2.2814,-2.1437,0.1377,0.5,8.3574,1.1077,0.37,10.0765,5.85,0.062
122.0,seguindo,normal,10.2696,6.1508,-2.2921,-2.1415,0.1506,0.5,8.3493,1.1077,0.37,10.0765,5.85,0.0607
122.05,seguindo,normal,10.2586,6.1373,-2.3013,-2.0855,0.2159,0.5,8.3366,0.9274,0.37,10.0679,5.8,0.058
122.1,seguindo,normal,10.2511,6.1285,-2.3049,-2.0796,0.2253,0.5,8.3279,0.9274,0.37,10.0679,5.8,0.0559
122.15,seguindo,normal,10.2395,6.1158,-2.3035,-2.0686,0.235,0.5,8.3147,0.9274,0.37,10.0679,5.8,0.0521
122.2,seguindo,normal,10.2316,6.1074,-2.3,-2.0601,0.2399,0.5,8.3057,0.9274,0.37,10.0679,5.8,0.0493
122.25,seguindo,normal,10.2198,6.0949,-2.2943,-1.9606,0.3336,0.5,8.2924,0.8666,0.37,10.0576,5.7,0.0451
122.3,seguindo,normal,10.212,6.0865,-2.2904,-1.951,0.3394,0.5,8.2835,0.8666,0.37,10.0576,5.7,0.0424
122.35,seguindo,normal,10.2003,6.0738,-2.2849,-1.9357,0.3492,0.5,8.2703,0.8666,0.37,10.0576,5.7,0.0381
122.4,seguindo,normal,10.1926,6.0652,-2.2814,-1.9249,0.3565,0.5,8.2615,0.8666,0.37,10.0576,5.7,0.0351
122.45,seguindo,normal,10.181,6.0523,-2.2774,-1.875,0.4024,0.5,8.2484,0.8913,0.37,10.0548,5.65,0.0308
122.5,seguindo,normal,10.1734,6.0436,-2.2754,-1.8636,0.4118,0.5,8.2398,0.8913,0.37,10.0548,5.65,0.0279
122.55,seguindo,normal,10.162,6.0304,-2.2726,-1.8455,0.4271,0.5,8.2268,0.8913,0.37,10.0548,5.65,0.0233
122.6,seguindo,normal,10.1544,6.0216,-2.2709,-1.8327,0.4382,0.5,8.2181,0.8913,0.37,10.0548,5.65,0.02
122.65,seguindo,normal,10.143,6.0084,-2.2683,-1.7878,0.4806,0.5,8.2052,1.0023,0.37,10.0529,5.6,0.0151
122.7,seguindo,normal,10.1354,5.9995,-2.2667,-1.7743,0.4924,0.5,8.1966,1.0023,0.37,10.0529,5.6,0.0118
122.75,seguindo,normal,10.1254,5.9885,-2.2584,-1.7551,0.5033,0.5,8.1853,1.0023,0.37,10.0529,5.6,0.0067
122.8,seguindo,normal,10.1193,5.9821,-2.2508,-1.7429,0.5079,0.5,8.1785,1.0023,0.37,10.0529,5.6,0.0033
122.85,seguindo,normal,10.1101,5.9725,-2.2354,-1.6295,0.6059,0.5,8.1682,1.2852,1.0,10.05,4.95,-0.0019
122.9,seguindo,normal,10.104,5.9662,-2.2235,-1.6238,0.5997,0.5,8.1613,1.2852,1.0,10.05,4.95,-0.0054
122.95,seguindo,normal,10.0947,5.9569,-2.2006,-1.6151,0.5855,0.5,8.151,1.2852,1.0,10.05,4.95,-0.0107
123.0,seguindo,normal,10.0886,5.9507,-2.1835,-1.6093,0.5742,0.5,8.1442,1.2852,1.0,10.05,4.95,-0.0145
123.05,seguindo,normal,10.0793,5.9416,-2.1532,-1.6004,0.5528,0.5,8.134,1.2852,1.0,10.05,4.95,-0.0207
123.1,seguindo,normal,10.0733,5.9354,-2.1314,-1.5944,0.537,0.5,8.1273,1.2852,1.0,10.05,4.95,-0.0247
123.15,seguindo,normal,10.0644,5.9261,-2.0977,-1.5849,0.5128,0.5,8.1174,1.6715,1.0,10.05,4.9,-0.0304
123.2,seguindo,normal,10.0587,5.9198,-2.0749,-1.5793,0.4956,0.5,8.111,1.6715,1.0,10.05,4.9,-0.034
123.25,seguindo,normal,10.0504,5.91,-2.0409,-1.5712,0.4697,0.5,8.1017,1.6715,1.0,10.05,4.9,-0.0391
123.3,seguindo,normal,10.045,5.9034,-2.0183,-1.5659,0.4525,0.5,8.0956,1.6715,1.0,10.05,4.9,-0.0428
123.35,seguindo,normal,10.0372,5.8938,-1.9809,-1.558,0.4229,0.5,8.0868,1.6715,1.0,10.05,4.9,-0.0482
123.4,seguindo,normal,10.0322,5.8874,-1.9547,-1.5528,0.4019,0.5,8.0811,1.6715,1.0,10.05,4.9,-0.0516
123.45,seguindo,normal,10.0251,5.8776,-1.9156,-1.5466,0.369,0.5,8.0729,2.2822,1.0,10.05,4.85,-0.0564
123.5,seguindo,normal,10.0205,5.871,-1.8895,-1.542,0.3475,0.5,8.0677,2.2822,1.0,10.05,4.85,-0.0593
123.55,seguindo,normal,10.014,5.8607,-1.8505,-1.5352,0.3153,0.5,8.0601,2.2822,1.0,10.05,4.85,-0.0634
123.6,seguindo,normal,10.0099,5.8537,-1.8248,-1.5309,0.294,0.5,8.0553,2.2822,1.0,10.05,4.85,-0.0662
123.65,seguindo,normal,10.0041,5.8429,-1.7867,-1.5246,0.2621,0.5,8.0484,2.2822,1.0,10.05,4.85,-0.0701
123.7,seguindo,normal,10.0005,5.8355,-1.7616,-1.523,0.2386,0.5,8.044,3.2443,1.0,10.05,4.8,-0.0725
123.75,seguindo,normal,9.9954,5.8242,-1.7246,-1.5175,0.2071,0.5,8.0377,3.2443,1.0,10.05,4.8,-0.0755
123.8,seguindo,normal,9.9922,5.8164,-1.7004,-1.514,0.1864,0.5,8.0338,3.2443,1.0,10.05,4.8,-0.0773
123.85,seguindo,normal,9.9879,5.8046,-1.6648,-1.5091,0.1557,0.5,8.0283,3.2443,1.0,10.05,4.8,-0.0799
123.9,seguindo,normal,9.9853,5.7965,-1.6416,-1.506,0.1356,0.5,8.0249,3.2443,1.0,10.05,4.8,-0.0815
123.95,seguindo,normal,9.9818,5.7842,-1.6077,-1.505,0.1027,0.5,8.0203,4.7718,1.0,10.05,4.75,-0.0835
124.0,seguindo,normal,9.9798,5.7758,-1.5857,-1.5025,0.0832,0.5,8.0174,4.7718,1.0,10.05,4.75,-0.0845
124.05,seguindo,normal,9.9773,5.7628,-1.5544,-1.4991,0.0553,0.5,8.0136,4.7718,1.0,10.05,4.75,-0.0854
124.1,seguindo,normal,9.9759,5.754,-1.5346,-1.4971,0.0375,0.5,8.0114,4.7718,1.0,10.05,4.75,-0.0859
124.15,seguindo,normal,9.9744,5.7403,-1.5079,-1.4946,0.0133,0.5,8.0087,4.7718,1.0,10.05,4.75,-0.0863
124.2,seguindo,normal,9.9737,5.7308,-1.4917,-1.497,-0.0053,0.5,8.0071,7.2266,1.0,10.05,4.7,-0.0861
124.25,seguindo,normal,9.9732,5.7165,-1.4689,-1.4954,-0.0264,0.5,8.0053,7.2266,1.0,10.05,4.7,-0.0855
124.3,seguindo,normal,9.9731,5.7067,-1.4548,-1.4946,-0.0398,0.5,8.0043,7.2266,1.0,10.05,4.7,-0.0848
124.35,seguindo,normal,9.9734,5.6917,-1.4359,-1.4938,-0.0578,0.5,8.0034,7.2266,1.0,10.05,4.7,-0.0836
124.4,seguindo,normal,9.9739,5.6816,-1.4247,-1.4935,-0.0688,0.5,8.003,7.2266,1.0,10.05,4.7,-0.0825
124.45,seguindo,normal,9.9755,5.6647,-1.4125,-1.4976,-0.0851,0.5,8.0032,11.2255,1.0,10.0499,4.65,-0.0799
124.5,seguindo,normal,9.977,5.6527,-1.407,-1.4982,-0.0912,0.5,8.0037,11.2255,1.0,10.0499,4.65,-0.0778
124.55,seguindo,normal,9.9798,5.6349,-1.4038,-1.4997,-0.0959,0.5,8.005,11.2255,1.0,10.0499,4.65,-0.0744
124.6,seguindo,normal,9.9827,5.6171,-1.4032,-1.5048,-0.1016,0.5,8.0065,17.8306,1.0,10.0499,4.6,-0.0708
124.65,seguindo,normal,9.9847,5.6053,-1.4035,-1.5061,-0.1026,0.5,8.0076,17.8306,1.0,10.0499,4.6,-0.0684
124.7,seguindo,normal,9.9867,5.5936,-1.4037,-1.5073,-0.1036,0.5,8.0087,17.8306,1.0,10.0499,4.6,-0.0661
124.75,seguindo,normal,9.9897,5.576,-1.4036,-1.5123,-0.1086,0.5,8.0104,28.8889,1.0,10.0498,4.55,-0.0627
124.8,seguindo,normal,9.9917,5.5643,-1.4035,-1.5135,-0.11,0.5,8.0115,28.8889,1.0,10.0498,4.55,-0.0604
124.85,seguindo,normal,9.9945,5.5468,-1.4025,-1.5154,-0.1129,0.5,8.0132,28.8889,1.0,10.0498,4.55,-0.0572
124.9,seguindo,normal,9.9964,5.5352,-1.4016,-1.5167,-0.1151,0.5,8.0143,28.8889,1.0,10.0498,4.55,-0.0551
124.95,seguindo,normal,9.9992,5.5179,-1.3993,-1.5238,-0.1245,0.5,8.016,47.6444,1.0,10.0495,4.45,-0.0521
125.0,seguindo,normal,10.0011,5.5064,-1.3975,-1.525,-0.1275,0.5,8.0171,47.6444,1.0,10.0495,4.45,-0.0501
125.05,seguindo,normal,10.0038,5.4893,-1.3945,-1.5269,-0.1324,0.5,8.0188,47.6444,1.0,10.0495,4.45,-0.0471
125.1,seguindo,normal,10.0057,5.4779,-1.3924,-1.5282,-0.1359,0.5,8.02,47.6444,1.0,10.0495,4.45,-0.0452
125.15,seguindo,normal,10.0086,5.4607,-1.3892,-1.5326,-0.1433,0.5,8.0218,79.8631,1.0,10.0491,4.4,-0.0422
125.2,seguindo,normal,10.0105,5.4493,-1.3872,-1.534,-0.1468,0.5,8.0231,79.8631,1.0,10.0491,4.4,-0.0401
125.25,seguindo,normal,10.0135,5.4322,-1.3842,-1.5363,-0.1521,0.5,8.0251,79.8631,1.0,10.0491,4.4,-0.0371
125.3,seguindo,normal,10.0155,5.4208,-1.3822,-1.5399,-0.1577,0.5,8.0265,58.4092,1.0,10.0485,4.3501,-0.035
125.35,seguindo,normal,10.0185,5.4036,-1.3793,-1.5423,-0.163,0.5,8.0287,58.4092,1.0,10.0485,4.3501,-0.0319
125.4,seguindo,normal,10.0206,5.3922,-1.3774,-1.544,-0.1666,0.5,8.0302,58.4092,1.0,10.0485,4.3501,-0.0298
125.45,seguindo,normal,10.0237,5.3751,-1.3747,-1.5485,-0.1739,0.5,8.0325,36.2909,1.0,10.0477,4.3001,-0.0266
125.5,seguindo,normal,10.0259,5.3636,-1.3729,-1.5503,-0.1774,0.5,8.0341,36.2909,1.0,10.0477,4.3001,-0.0244
125.55,seguindo,normal,10.0291,5.3465,-1.3702,-1.5531,-0.1829,0.5,8.0366,36.2909,1.0,10.0477,4.3001,-0.0211
125.6,seguindo,normal,10.0313,5.3351,-1.3685,-1.555,-0.1865,0.5,8.0383,36.2909,1.0,10.0477,4.3001,-0.0189
125.65,seguindo,normal,10.0346,5.318,-1.3658,-1.5598,-0.194,0.5,8.0409,23.0013,1.0,10.0463,4.2502,-0.0155
125.7,seguindo,normal,10.0368,5.3066,-1.3641,-1.5618,-0.1978,0.5,8.0427,23.0013,1.0,10.0463,4.2502,-0.0133
125.75,seguindo,normal,10.0402,5.2894,-1.3614,-1.565,-0.2035,0.5,8.0454,23.0013,1.0,10.0463,4.2502,-0.0099
125.8,seguindo,normal,10.0425,5.278,-1.3597,-1.5671,-0.2074,0.5,8.0473,23.0013,1.0,10.0463,4.2502,-0.0076
125.85,seguindo,normal,10.046,5.261,-1.3569,-1.5724,-0.2154,0.5,8.0502,14.9013,1.0,10.0443,4.2004,-0.0041
125.9,seguindo,normal,10.0483,5.2496,-1.3551,-1.5746,-0.2195,0.5,8.0522,14.9013,1.0,10.0443,4.2004,-0.0018
125.95,seguindo,normal,10.0518,5.2325,-1.3524,-1.5781,-0.2257,0.5,8.0552,14.9013,1.0,10.0443,4.2004,0.0018
126.0,seguindo,normal,10.0542,5.2211,-1.3506,-1.5828,-0.2322,0.5,8.0573,9.8906,1.0,10.0414,4.1507,0.0042
126.05,seguindo,normal,10.0579,5.2041,-1.3479,-1.5864,-0.2385,0.5,8.0604,9.8906,1.0,10.0414,4.1507,0.0078
126.1,seguindo,normal,10.0603,5.1927,-1.3461,-1.5889,-0.2428,0.5,8.0626,9.8906,1.0,10.0414,4.1507,0.0103
126.15,seguindo,normal,10.064,5.1757,-1.3434,-1.5928,-0.2494,0.5,8.0659,9.8906,1.0,10.0414,4.1507,0.0139
126.2,seguindo,normal,10.0665,5.1643,-1.3416,-1.5982,-0.2566,0.5,8.0681,6.743,1.0,10.0373,4.1011,0.0164
126.25,seguindo,normal,10.0702,5.1473,-1.339,-1.6023,-0.2633,0.5,8.0716,6.743,1.0,10.0373,4.1011,0.0202
126.3,seguindo,normal,10.0728,5.136,-1.3372,-1.6051,-0.2679,0.5,8.0739,6.743,1.0,10.0373,4.1011,0.0228
126.35,seguindo,normal,10.0766,5.119,-1.3345,-1.6129,-0.2784,0.5,8.0775,4.734,1.0,10.0317,4.0519,0.0266
126.4,seguindo,normal,10.0792,5.1076,-1.3327,-1.6158,-0.2831,0.5,8.0799,4.734,1.0,10.0317,4.0519,0.0292
126.45,seguindo,normal,10.0831,5.0906,-1.33,-1.6203,-0.2903,0.5,8.0836,4.734,1.0,10.0317,4.0519,0.0331
126.5,seguindo,normal,10.0858,5.0793,-1.3282,-1.6234,-0.2951,0.5,8.0862,4.734,1.0,10.0317,4.0519,0.0358
126.55,seguindo,normal,10.0898,5.0624,-1.3255,-1.6325,-0.307,0.5,8.09,3.4307,1.0,10.0243,4.0031,0.0398
126.6,seguindo,normal,10.0925,5.051,-1.3238,-1.6357,-0.312,0.5,8.0926,3.4307,1.0,10.0243,4.0031,0.0425
126.65,seguindo,normal,10.0965,5.0341,-1.3211,-1.6407,-0.3197,0.5,8.0966,3.4307,1.0,10.0243,4.0031,0.0465
126.7,seguindo,normal,10.0993,5.0228,-1.3193,-1.6497,-0.3304,0.5,8.0993,2.5699,1.0,10.0149,3.9551,0.0493
126.75,seguindo,normal,10.1034,5.0059,-1.3166,-1.6549,-0.3383,0.5,8.1034,2.5699,1.0,10.0149,3.9551,0.0534
126.8,seguindo,normal,10.1062,4.9946,-1.3148,-1.6584,-0.3436,0.5,8.1062,2.5699,1.0,10.0149,3.9551,0.0562
126.85,seguindo,normal,10.111,4.9771,-1.317,-1.6645,-0.3475,0.5,8.111,2.5699,1.0,10.0149,3.9551,0.061
126.9,seguindo,normal,10.1143,4.9653,-1.3203,-1.6756,-0.3553,0.5,8.1144,1.9886,1.0,10.0031,3.9081,0.0643
126.95,seguindo,normal,10.1196,4.9476,-1.3304,-1.6824,-0.352,0.5,8.1198,1.9886,1.0,10.0031,3.9081,0.0696
127.0,seguindo,normal,10.1231,4.9358,-1.3389,-1.6871,-0.3482,0.5,8.1234,1.9886,1.0,10.0031,3.9081,0.0731
127.05,seguindo,normal,10.1286,4.9183,-1.3566,-1.7026,-0.346,0.5,8.129,1.5825,1.0,9.9886,3.8627,0.0786
127.1,seguindo,normal,10.1322,4.9066,-1.3702,-1.7075,-0.3372,0.5,8.1327,1.5825,1.0,9.9886,3.8627,0.0822
127.15,seguindo,normal,10.1377,4.8891,-1.3956,-1.715,-0.3194,0.5,8.1384,1.5825,1.0,9.9886,3.8627,0.0877
127.2,seguindo,normal,10.1412,4.8774,-1.4144,-1.72,-0.3056,0.5,8.1421,1.5825,1.0,9.9886,3.8627,0.0912
127.25,seguindo,normal,10.146,4.8597,-1.4428,-1.7375,-0.2946,0.5,8.1472,1.2824,1.0,9.971,3.8194,0.096
127.3,seguindo,normal,10.149,4.8479,-1.462,-1.7421,-0.2802,0.5,8.1504,1.2824,1.0,9.971,3.8194,0.099
127.35,seguindo,normal,10.1531,4.8301,-1.4905,-1.749,-0.2584,0.5,8.1548,1.2824,1.0,9.971,3.8194,0.1031
127.4,seguindo,normal,10.1555,4.8181,-1.5095,-1.8199,-0.3104,0.5,8.1575,68.455,0.37,10.0491,4.4,0.1055
127.45,seguindo,normal,10.1586,4.8,-1.5379,-1.838,-0.3002,0.5,8.1611,68.455,0.37,10.0491,4.4,0.1086
127.5,seguindo,normal,10.1604,4.7879,-1.5566,-1.8503,-0.2937,0.5,8.1632,68.455,0.37,10.0491,4.4,0.1105
127.55,seguindo,normal,10.1627,4.7696,-1.5844,-1.8365,-0.2521,0.5,8.166,42.2606,0.37,10.0485,4.3501,0.1127
127.6,seguindo,normal,10.1639,4.7574,-1.6027,-1.8469,-0.2441,0.5,8.1675,42.2606,0.37,10.0485,4.3501,0.114
127.65,seguindo,normal,10.1653,4.7389,-1.63,-1.8625,-0.2325,0.5,8.1695,42.2606,0.37,10.0485,4.3501,0.1153
127.7,seguindo,normal,10.1659,4.7265,-1.6478,-1.873,-0.2253,0.5,8.1705,42.2606,0.37,10.0485,4.3501,0.116
127.75,seguindo,normal,10.1664,4.7078,-1.6737,-1.8541,-0.1804,0.5,8.1716,26.5976,0.37,10.0477,4.3001,0.1164
127.8,seguindo,normal,10.1663,4.6953,-1.6904,-1.8625,-0.1722,0.5,8.172,26.5976,0.37,10.0477,4.3001,0.1164
127.85,seguindo,normal,10.166,4.6766,-1.7163,-1.8753,-0.159,0.5,8.1724,26.5976,0.37,10.0477,4.3001,0.116
127.9,seguindo,normal,10.1655,4.6642,-1.7339,-1.8511,-0.1172,0.5,8.1724,17.0987,0.37,10.0463,4.2502,0.1156
127.95,re,,10.1644,4.6456,-1.7601,-1.7601,0.0,0.203,8.172,inf,,,,0.0
128.0,re,,10.1633,4.6331,-1.7771,-1.7771,0.0,0.203,8.1715,inf,,,,0.0
128.05,re,,10.1612,4.6144,-1.8024,-1.8024,0.0,0.203,8.1703,inf,,,,0.0
128.1,re,,10.1595,4.6019,-1.8184,-1.8184,0.0,0.203,8.1692,inf,,,,0.0
128.15,re,,10.1564,4.583,-1.8412,-1.8412,0.0,0.203,8.1671,inf,,,,0.0
128.2,re,,10.1541,4.5703,-1.8557,-1.8557,0.0,0.203,8.1654,inf,,,,0.0
128.25,re,,10.1501,4.5513,-1.8767,-1.8767,0.0,0.203,8.1624,inf,,,,0.0
128.3,re,,10.147,4.5386,-1.8896,-1.8896,0.0,0.203,8.1601,inf,,,,0.0
128.35,re,,10.1428,4.5222,-1.9044,-1.9044,0.0,0.203,8.1568,inf,,,,0.0
128.4,re,,10.1402,4.5126,-1.9138,-1.9138,0.0,0.203,8.1548,inf,,,,0.0
128.45,re,,10.1359,4.4988,-1.9215,-1.9215,0.0,0.203,8.1513,inf,,,,0.0
128.5,re,,10.1329,4.49,-1.9239,-1.9239,0.0,0.203,8.1489,inf,,,,0.0
128.55,re,,10.1279,4.4769,-1.9215,-1.9215,0.0,0.203,8.1447,inf,,,,0.0
128.65,seguindo,normal,10.1189,4.4554,-1.9076,-1.7837,0.1239,0.5,8.1372,3.7879,0.37,10.0317,4.0519,0.0694
128.7,seguindo,normal,10.1152,4.4468,-1.8991,-1.7793,0.1198,0.5,8.1341,3.7879,0.37,10.0317,4.0519,0.0658
128.75,seguindo,normal,10.1095,4.4341,-1.8814,-1.7716,0.1098,0.5,8.1292,3.7879,0.37,10.0317,4.0519,0.0602
128.8,seguindo,normal,10.1057,4.4256,-1.8679,-1.7663,0.1016,0.5,8.126,3.7879,0.37,10.0317,4.0519,0.0564
128.85,seguindo,normal,10.0999,4.4128,-1.8443,-1.7533,0.091,0.5,8.1212,2.8071,0.37,10.0243,4.0031,0.0507
128.9,seguindo,normal,10.0962,4.4042,-1.8275,-1.7481,0.0794,0.5,8.1181,2.8071,0.37,10.0243,4.0031,0.047
128.95,seguindo,normal,10.0908,4.3913,-1.8022,-1.7405,0.0617,0.5,8.1137,2.8071,0.37,10.0243,4.0031,0.0418
129.0,seguindo,normal,10.0874,4.3826,-1.7854,-1.7356,0.0497,0.5,8.111,2.8071,0.37,10.0243,4.0031,0.0385
129.05,seguindo,normal,10.0826,4.3694,-1.7601,-1.7329,0.0272,0.5,8.1072,2.1512,0.37,10.0149,3.9551,0.0339
129.1,seguindo,normal,10.0796,4.3605,-1.7433,-1.7291,0.0141,0.5,8.1049,2.1512,0.37,10.0149,3.9551,0.031
129.15,seguindo,normal,10.0754,4.3471,-1.718,-1.7239,-0.0059,0.5,8.1017,2.1512,0.37,10.0149,3.9551,0.0269
129.2,seguindo,normal,10.0727,4.3382,-1.7012,-1.7207,-0.0195,0.5,8.0998,2.1512,0.37,10.0149,3.9551,0.0244
129.25,seguindo,normal,10.0696,4.3274,-1.6787,-1.7168,-0.038,0.5,8.0976,2.1512,0.37,10.0149,3.9551,0.0215
129.3,seguindo,normal,10.0677,4.3216,-1.663,-1.7259,-0.0629,0.5,8.0962,1.7005,0.37,10.0031,3.9081,0.0197
129.35,seguindo,normal,10.0658,4.3156,-1.6458,-1.7236,-0.0778,0.5,8.0948,1.7005,0.37,10.0031,3.9081,0.0179
129.4,seguindo,normal,10.0649,4.3129,-1.6372,-1.7224,-0.0852,0.5,8.0941,1.7005,0.37,10.0031,3.9081,0.017
129.45,seguindo,normal,10.0643,4.3114,-1.6302,-1.7213,-0.0912,0.5,8.0936,1.7005,0.37,10.0031,3.9081,0.0164
129.5,seguindo,normal,10.0641,4.3115,-1.6284,-1.721,-0.0926,0.5,8.0935,1.7005,0.37,10.0031,3.9081,0.0163
129.55,seguindo,normal,10.0639,4.3087,-1.6276,-1.7214,-0.0938,0.5,8.0934,1.7005,0.37,10.0031,3.9081,0.0161
129.6,seguindo,normal,10.0637,4.3056,-1.628,-1.7222,-0.0942,0.5,8.0936,1.7005,0.37,10.0031,3.9081,0.016
129.65,seguindo,normal,10.0634,4.2981,-1.6301,-1.7244,-0.0942,0.5,8.0939,1.7005,0.37,10.0031,3.9081,0.0158
129.7,seguindo,normal,10.0632,4.2917,-1.6323,-1.7263,-0.094,0.5,8.0943,1.7005,0.37,10.0031,3.9081,0.0158
129.75,seguindo,normal,10.0629,4.2795,-1.6379,-1.7304,-0.0925,0.5,8.095,1.7005,0.37,10.0031,3.9081,0.0158
129.8,seguindo,normal,10.0626,4.2699,-1.643,-1.7506,-0.1076,0.5,8.0956,1.3765,0.37,9.9886,3.8627,0.0158
129.85,seguindo,normal,10.0621,4.2529,-1.6535,-1.757,-0.1035,0.5,8.0967,1.3765,0.37,9.9886,3.8627,0.0157
129.9,seguindo,normal,10.0617,4.2402,-1.6622,-1.7621,-0.0999,0.5,8.0975,1.3765,0.37,9.9886,3.8627,0.0158
129.952,seguindo,normal,10.061,4.2207,-1.6769,-1.7911,-0.1142,0.5,8.0986,1.2887,0.37,9.9711,3.8194,0.0234
130.0,seguindo,normal,10.0604,4.2075,-1.6874,-1.7968,-0.1094,0.5,8.0993,1.2887,0.37,9.9711,3.8194,0.0129
130.05,seguindo,normal,10.0591,4.1882,-1.7008,-1.8049,-0.1041,0.5,8.0999,1.2887,0.37,9.9711,3.8194,0.0102
130.1,seguindo,normal,10.058,4.1754,-1.7087,-1.8102,-0.1015,0.5,8.1001,1.2887,0.37,9.9711,3.8194,0.0104
130.15,seguindo,normal,10.056,4.1568,-1.7159,-1.8445,-0.1286,0.5,8.1,0.9864,0.37,9.9499,3.779,0.0102
130.2,seguindo,normal,10.0544,4.1446,-1.7186,-1.8492,-0.1306,0.5,8.0997,0.9864,0.37,9.9499,3.779,0.0099
130.25,seguindo,normal,10.0518,4.1268,-1.7197,-1.8559,-0.1362,0.5,8.099,0.9864,0.37,9.9499,3.779,0.0093
130.3,seguindo,normal,10.05,4.115,-1.7194,-1.8955,-0.1761,0.5,8.0985,0.7663,0.37,9.9245,3.7422,0.0088
130.35,seguindo,normal,10.0473,4.0978,-1.717,-1.9032,-0.1862,0.5,8.0977,0.7663,0.37,9.9245,3.7422,0.008
130.4,seguindo,normal,10.0454,4.0864,-1.7147,-1.9086,-0.1938,0.5,8.0971,0.7663,0.37,9.9245,3.7422,0.0076
130.45,seguindo,normal,10.0426,4.0694,-1.7106,-1.9608,-0.2502,0.5,8.0963,0.5996,0.37,9.8948,3.7098,0.0071
130.5,seguindo,normal,10.0408,4.0581,-1.7077,-1.9677,-0.2601,0.5,8.0958,0.5996,0.37,9.8948,3.7098,0.0068
130.55,seguindo,normal,10.0382,4.0411,-1.7035,-1.9792,-0.2757,0.5,8.0952,0.5996,0.37,9.8948,3.7098,0.0067
130.6,seguindo,normal,10.0364,4.0297,-1.7009,-1.9876,-0.2867,0.5,8.0948,0.5996,0.37,9.8948,3.7098,0.0068
130.65,seguindo,normal,10.0339,4.0126,-1.6972,-2.1096,-0.4125,0.4786,8.0944,0.4786,0.37,9.823,3.6598,0.0071
130.7,seguindo,normal,10.0323,4.0012,-1.6948,-2.1208,-0.426,0.4786,8.0942,0.4786,0.37,9.823,3.6598,0.0073
130.75,seguindo,normal,10.0299,3.984,-1.6916,-2.1388,-0.4473,0.4786,8.0939,0.4786,0.37,9.823,3.6598,0.0084
130.8,seguindo,normal,10.0284,3.9726,-1.6896,-2.2119,-0.5223,0.3947,8.0939,0.3947,0.37,9.7819,3.6422,0.0092
130.85,seguindo,normal,10.0261,3.9553,-1.6869,-2.2334,-0.5465,0.3947,8.0938,0.3947,0.37,9.7819,3.6422,0.0105
130.9,seguindo,normal,10.0246,3.9437,-1.6851,-2.2487,-0.5636,0.3947,8.0939,0.3947,0.37,9.7819,3.6422,0.0117
130.95,seguindo,normal,10.0225,3.9264,-1.6826,-2.3337,-0.6511,0.3479,8.094,0.3479,0.37,9.7381,3.629,0.0139
131.0,seguindo,normal,10.021,3.9149,-1.6809,-2.351,-0.6701,0.3479,8.0941,0.3479,0.37,9.7381,3.629,0.0154
131.05,seguindo,normal,10.0192,3.8969,-1.6833,-2.3803,-0.697,0.3479,8.0948,0.3479,0.37,9.7381,3.629,0.0185
131.1,seguindo,normal,10.0181,3.8847,-1.6868,-2.4016,-0.7148,0.3479,8.0953,0.3479,0.37,9.7381,3.629,0.0212
131.15,seguindo,normal,10.0168,3.8669,-1.6969,-2.4899,-0.7931,0.333,8.0965,0.333,0.37,9.6924,3.6194,0.0254
131.2,seguindo,normal,10.016,3.8553,-1.7055,-2.5118,-0.8063,0.333,8.0973,0.333,0.37,9.6924,3.6194,0.0282
131.25,seguindo,normal,10.0151,3.8385,-1.7233,-2.5451,-0.8218,0.333,8.0988,0.333,0.37,9.6924,3.6194,0.0334
131.3,seguindo,normal,10.0144,3.8276,-1.7371,-2.5677,-0.8306,0.333,8.0997,0.333,0.37,9.6924,3.6194,0.037
131.35,seguindo,normal,10.0136,3.8113,-1.7627,-2.647,-0.8844,0.3427,8.1013,0.3427,0.37,9.6452,3.6127,0.0424
131.4,seguindo,normal,10.013,3.8006,-1.7815,-2.6693,-0.8878,0.3427,8.1023,0.3427,0.37,9.6452,3.6127,0.0459
131.45,seguindo,normal,10.0122,3.7851,-1.8149,-2.7025,-0.8875,0.3427,8.1038,0.3427,0.37,9.6452,3.6127,0.0524
131.5,seguindo,normal,10.0116,3.775,-1.839,-2.7246,-0.8856,0.3427,8.1047,0.3427,0.37,9.6452,3.6127,0.0565
131.55,seguindo,normal,10.0107,3.7599,-1.8801,-2.7898,-0.9097,0.3769,8.1061,0.3769,0.37,9.597,3.6081,0.0627
131.6,seguindo,normal,10.0098,3.75,-1.9093,-2.8105,-0.9013,0.3769,8.1068,0.3769,0.37,9.597,3.6081,0.0666
131.65,seguindo,normal,10.0087,3.7356,-1.958,-2.8412,-0.8832,0.3769,8.1079,0.3769,0.37,9.597,3.6081,0.073
131.7,seguindo,normal,10.0077,3.7262,-1.9924,-2.8615,-0.8691,0.3769,8.1084,0.3769,0.37,9.597,3.6081,0.0776
131.75,seguindo,gargalo_eixo,10.006,3.7121,-2.0488,-3.0668,-1.018,0.25,8.1089,0.4721,1.6105,8.4,3.5918,0.0842
131.8,seguindo,gargalo_eixo,10.0046,3.7028,-2.0883,-3.0725,-0.9843,0.25,8.109,0.4721,1.6084,8.4,3.5918,0.0883
131.85,seguindo,gargalo_eixo,10.0019,3.689,-2.1482,-3.081,-0.9328,0.25,8.1086,0.4721,1.6048,8.4,3.5918,0.0939
131.9,seguindo,gargalo_eixo,9.9997,3.6799,-2.1884,-3.0866,-0.8982,0.25,8.1079,0.4721,1.6021,8.4,3.5918,0.0977
131.95,seguindo,gargalo_eixo,9.9957,3.6664,-2.249,-3.0949,-0.8459,0.25,8.1061,0.4721,1.5974,8.4,3.5918,0.1037
132.0,seguindo,gargalo_eixo,9.9926,3.6576,-2.2894,-3.1003,-0.8109,0.25,8.1046,0.4721,1.5939,8.4,3.5918,0.1074
132.05,seguindo,gargalo_eixo,9.9874,3.6447,-2.3504,-3.1083,-0.7579,0.25,8.1015,0.5846,1.5882,8.4,3.5918,0.1122
132.1,seguindo,gargalo_eixo,9.9835,3.6362,-2.3912,-3.1135,-0.7224,0.25,8.0991,0.5846,1.584,8.4,3.5918,0.1151
132.15,seguindo,gargalo_eixo,9.9769,3.6239,-2.4522,-3.1212,-0.6691,0.25,8.0948,0.5846,1.5772,8.4,3.5918,0.1189
132.2,seguindo,gargalo_eixo,9.9722,3.6159,-2.4928,-3.1263,-0.6335,0.25,8.0914,0.5846,1.5723,8.4,3.5918,0.1217
132.25,seguindo,gargalo_eixo,9.9646,3.6043,-2.5549,-3.1336,-0.5787,0.25,8.086,0.5846,1.5646,8.4,3.5918,0.1259
132.3,seguindo,gargalo_eixo,9.9592,3.5968,-2.5967,-3.1384,-0.5417,0.25,8.082,0.5846,1.5592,8.4,3.5918,0.1283
132.35,seguindo,gargalo_eixo,9.9505,3.5861,-2.6588,3.1379,-0.4864,0.25,8.0753,0.7546,1.5505,8.4,3.5918,0.1312
132.4,seguindo,gargalo_eixo,9.9443,3.5792,-2.6998,3.1335,-0.4499,0.25,8.0703,0.7546,1.5443,8.4,3.5918,0.1326
132.45,seguindo,gargalo_eixo,9.9343,3.5694,-2.7607,3.127,-0.3955,0.25,8.0622,0.7546,1.5344,8.4,3.5918,0.1346
132.5,seguindo,gargalo_eixo,9.9271,3.5632,-2.8004,3.1229,-0.3599,0.25,8.0563,0.7546,1.5274,8.4,3.5918,0.1362
132.55,seguindo,gargalo_eixo,9.9159,3.5546,-2.8594,3.117,-0.3068,0.25,8.0468,0.7546,1.5163,8.4,3.5918,0.1379
132.6,seguindo,gargalo_eixo,9.908,3.5492,-2.8983,3.1133,-0.2716,0.25,8.04,1.0096,1.5086,8.4,3.5918,0.1385
132.65,seguindo,gargalo_eixo,9.8958,3.5416,-2.956,3.1081,-0.2191,0.25,8.0293,1.0096,1.4966,8.4,3.5918,0.1388
132.7,seguindo,gargalo_eixo,9.8872,3.5371,-2.9936,3.1048,-0.1847,0.25,8.0218,1.0096,1.4882,8.4,3.5918,0.1385
132.75,seguindo,gargalo_eixo,9.874,3.5309,-3.0494,3.1003,-0.1335,0.25,8.0099,1.0096,1.4752,8.4,3.5918,0.1386
132.8,seguindo,gargalo_eixo,9.8648,3.5273,-3.0853,3.0976,-0.1003,0.25,8.0015,1.0096,1.4662,8.4,3.5918,0.1383
132.85,seguindo,gargalo_eixo,9.8507,3.5225,-3.1385,3.0939,-0.0508,0.25,7.9885,1.3946,1.4523,8.4,3.5918,0.1371
132.9,seguindo,gargalo_eixo,9.8409,3.5198,3.1107,3.0917,-0.019,0.25,7.9794,1.3946,1.4426,8.4,3.5918,0.1357
132.95,seguindo,gargalo_eixo,9.8259,3.5166,3.0609,3.0889,0.0281,0.25,7.9652,1.3946,1.4278,8.4,3.5918,0.1331
133.0,seguindo,gargalo_eixo,9.8155,3.515,3.0294,3.0874,0.058,0.25,7.9553,1.3946,1.4175,8.4,3.5918,0.1315
133.05,seguindo,gargalo_eixo,9.7995,3.5135,2.9849,3.0857,0.1009,0.25,7.9399,1.3946,1.4017,8.4,3.5918,0.1283
133.1,seguindo,gargalo_eixo,9.7885,3.5132,2.9573,3.085,0.1277,0.25,7.9292,1.9841,1.3907,8.4,3.5918,0.1254
133.15,seguindo,gargalo_eixo,9.771,3.5137,2.9208,3.0847,0.1639,0.25,7.9118,1.9841,1.3732,8.4,3.5918,0.1198
133.2,seguindo,gargalo_eixo,9.7588,3.5148,2.8993,3.085,0.1857,0.25,7.8997,1.9841,1.3609,8.4,3.5918,0.116
133.25,seguindo,gargalo_eixo,9.7418,3.5168,2.8701,3.0858,0.2157,0.25,7.8826,1.9841,1.3438,8.4,3.5918,0.1105
133.3,seguindo,gargalo_eixo,9.731,3.5182,2.8498,3.0864,0.2365,0.25,7.8718,2.8397,1.333,8.4,3.5918,0.107
133.35,seguindo,gargalo_eixo,9.7153,3.521,2.8249,3.0878,0.2629,0.25,7.8558,2.8397,1.3172,8.4,3.5918,0.101
133.4,seguindo,gargalo_eixo,9.705,3.5232,2.8108,3.0891,0.2784,0.25,7.8453,2.8397,1.3068,8.4,3.5918,0.097
133.45,seguindo,gargalo_eixo,9.6899,3.5273,2.7964,3.0917,0.2953,0.25,7.8296,2.8397,1.2914,8.4,3.5918,0.0908
133.5,seguindo,gargalo_eixo,9.6799,3.5304,2.7895,3.0936,0.3042,0.25,7.8192,2.0358,1.2813,8.4,3.5918,0.0864
133.55,seguindo,gargalo_eixo,9.6653,3.5354,2.7858,3.0971,0.3113,0.25,7.8039,2.0358,1.2665,8.4,3.5918,0.0793
133.6,seguindo,gargalo_eixo,9.6557,3.539,2.7859,3.0996,0.3137,0.25,7.7938,2.0358,1.2567,8.4,3.5918,0.0744
133.65,seguindo,gargalo_eixo,9.6415,3.5447,2.7915,3.1037,0.3122,0.25,7.7789,2.0358,1.2424,8.4,3.5918,0.0673
133.7,seguindo,gargalo_eixo,9.6322,3.5486,2.797,3.1065,0.3095,0.25,7.769,2.0358,1.2329,8.4,3.5918,0.0626
133.75,seguindo,gargalo_eixo,9.618,3.5547,2.8097,3.1111,0.3015,0.25,7.7539,1.506,1.2185,8.4,3.5918,0.0552
133.8,seguindo,gargalo_eixo,9.6085,3.5588,2.8197,3.1143,0.2945,0.25,7.7438,1.506,1.2089,8.4,3.5918,0.0502
133.85,seguindo,gargalo_eixo,9.5969,3.5643,2.8416,3.1187,0.2771,0.25,7.7314,1.506,1.1972,8.4,3.5918,0.0437
133.9,seguindo,gargalo_eixo,9.5905,3.568,2.8618,3.1216,0.2598,0.25,7.7244,1.506,1.1907,8.4,3.5918,0.0396
133.95,seguindo,gargalo_eixo,9.5808,3.5735,2.8964,3.1261,0.2297,0.25,7.7139,1.506,1.1809,8.4,3.5918,0.0335
134.0,seguindo,gargalo_eixo,9.5744,3.5772,2.9215,3.1291,0.2077,0.25,7.7068,1.1534,1.1744,8.4,3.5918,0.0295
134.05,seguindo,gargalo_eixo,9.5644,3.5827,2.9642,3.1338,0.1696,0.25,7.696,1.1534,1.1644,8.4,3.5918,0.0233
134.1,seguindo,gargalo_eixo,9.5576,3.5864,2.995,3.1369,0.1419,0.25,7.6887,1.1534,1.1576,8.4,3.5918,0.0192
134.15,seguindo,gargalo_eixo,9.5472,3.5919,3.0462,-3.1415,0.0955,0.25,7.6774,1.1534,1.1471,8.4,3.5918,0.0132
134.2,seguindo,gargalo_eixo,9.54,3.5954,3.0823,-3.1384,0.0624,0.25,7.6697,1.1534,1.14,8.4,3.5918,0.0094
134.25,seguindo,gargalo_eixo,9.5291,3.6002,3.1377,-3.1341,0.0113,0.25,7.6581,1.1534,1.1291,8.4,3.5918,0.0041
134.3,seguindo,gargalo_eixo,9.5218,3.6032,-3.1085,-3.1315,-0.023,0.25,7.6504,0.9311,1.1218,8.4,3.5918,0.0009
134.35,seguindo,gargalo_eixo,9.5109,3.6069,-3.0545,-3.128,-0.0735,0.25,7.639,0.9311,1.1109,8.4,3.5918,-0.0033
134.4,seguindo,gargalo_eixo,9.5036,3.6089,-3.0207,-3.1261,-0.1054,0.25,7.6315,0.9311,1.1037,8.4,3.5918,-0.0056
134.45,seguindo,gargalo_eixo,9.4926,3.6111,-2.9744,-3.1239,-0.1495,0.25,7.6203,0.9311,1.0928,8.4,3.5918,-0.0082
134.5,seguindo,gargalo_eixo,9.4849,3.6121,-2.9457,-3.1229,-0.1772,0.25,7.6125,0.9311,1.0851,8.4,3.5918,-0.0093
134.55,seguindo,gargalo_eixo,9.4729,3.6128,-2.9061,-3.122,-0.216,0.25,7.6006,0.8003,1.0731,8.4,3.5918,-0.0103
134.6,seguindo,gargalo_eixo,9.4646,3.6127,-2.8819,-3.1219,-0.24,0.25,7.5924,0.8003,1.0647,8.4,3.5918,-0.0104
134.65,seguindo,gargalo_eixo,9.4498,3.6112,-2.8491,-3.1231,-0.274,0.25,7.5782,0.8003,1.05,8.4,3.5918,-0.0093
134.7,seguindo,gargalo_eixo,9.4389,3.6094,-2.8302,-3.1246,-0.2944,0.25,7.5678,0.8003,1.039,8.4,3.5918,-0.0077
134.75,seguindo,gargalo_eixo,9.4225,3.6062,-2.8037,-3.1275,-0.3238,0.25,7.5522,0.7355,1.0225,8.4,3.5918,-0.0048
134.8,seguindo,gargalo_eixo,9.4116,3.6038,-2.7877,-3.1297,-0.3421,0.25,7.5419,0.7355,1.0116,8.4,3.5918,-0.0025
134.85,seguindo,gargalo_eixo,9.3954,3.5993,-2.7697,-3.134,-0.3644,0.25,7.5268,0.7263,0.9953,8.4,3.5918,0.0018
134.9,seguindo,gargalo_eixo,9.3846,3.596,-2.7606,-3.1374,-0.3768,0.25,7.5169,0.7059,0.9846,8.4,3.5918,0.005
134.95,seguindo,gargalo_eixo,9.3688,3.5905,-2.7497,3.1403,-0.3932,0.25,7.5024,0.6548,0.9688,8.4,3.5918,0.0103
135.0,seguindo,gargalo_eixo,9.3583,3.5867,-2.744,3.1363,-0.4028,0.25,7.4928,0.6267,0.9583,8.4,3.5918,0.014
135.05,seguindo,gargalo_eixo,9.343,3.5811,-2.7343,3.1302,-0.4187,0.25,7.4788,0.5868,0.943,8.4,3.5918,0.0195
135.1,seguindo,gargalo_eixo,9.3329,3.5773,-2.7272,3.1261,-0.4299,0.25,7.4696,0.5616,0.9329,8.4,3.5918,0.0232
135.15,seguindo,gargalo_eixo,9.3178,3.5711,-2.7214,3.1191,-0.4427,0.25,7.456,0.5323,0.918,8.4,3.5918,0.0293
135.2,seguindo,gargalo_eixo,9.3077,3.5668,-2.7195,3.1141,-0.4496,0.25,7.447,0.497,0.908,8.4,3.5918,0.0336
135.25,seguindo,gargalo_eixo,9.293,3.56,-2.7216,3.106,-0.4555,0.25,7.4338,0.4462,0.8936,8.4,3.5918,0.0403
135.3,seguindo,gargalo_eixo,9.2833,3.5554,-2.7248,3.1004,-0.4579,0.25,7.4252,0.4137,0.884,8.4,3.5918,0.0449
135.35,seguindo,gargalo_eixo,9.269,3.5483,-2.7347,3.0916,-0.4569,0.25,7.4126,0.3937,0.8701,8.4,3.5918,0.0519
135.4,seguindo,gargalo_eixo,9.2596,3.5435,-2.743,3.0855,-0.4546,0.25,7.4043,0.3472,0.8609,8.4,3.5918,0.0567
135.45,seguindo,gargalo_eixo,9.248,3.538,-2.7517,3.0782,-0.4532,0.25,7.394,0.2906,0.8497,8.4,3.5918,0.0622
135.5,seguindo,gargalo_eixo,9.2414,3.535,-2.7551,3.0742,-0.4539,0.25,7.3881,0.2585,0.8433,8.4,3.5918,0.0652
135.55,seguindo,gargalo_eixo,9.2341,3.5318,-2.7581,3.0698,-0.4553,0.2235,7.3816,0.2235,0.8362,8.4,3.5918,0.0683
135.6,seguindo,gargalo_eixo,9.2304,3.5302,-2.7592,3.0675,-0.4565,0.2059,7.3783,0.2059,0.8326,8.4,3.5918,0.0699
135.65,seguindo,gargalo_eixo,9.2275,3.5289,-2.761,3.0657,-0.4565,0.1924,7.3757,0.1924,0.8298,8.4,3.5918,0.0712
135.7,seguindo,gargalo_eixo,9.2267,3.5284,-2.7621,3.0651,-0.456,0.1889,7.375,0.1889,0.8291,8.4,3.5918,0.0716
135.75,seguindo,gargalo_eixo,9.2283,3.5289,-2.7639,3.0659,-0.4534,0.1962,7.3765,0.1962,0.8306,8.4,3.5918,0.0711
135.8,seguindo,gargalo_eixo,9.2305,3.5297,-2.765,3.067,-0.4512,0.2065,7.3785,0.2065,0.8328,8.4,3.5918,0.0704
135.85,seguindo,gargalo_eixo,9.2365,3.5319,-2.7668,3.0702,-0.4462,0.2352,7.3839,0.2352,0.8386,8.4,3.5918,0.0682
135.9,seguindo,gargalo_eixo,9.2417,3.5339,-2.768,3.0729,-0.4423,0.25,7.3886,0.2603,0.8437,8.4,3.5918,0.0663
135.95,seguindo,gargalo_eixo,9.2522,3.5379,-2.7695,3.0784,-0.4353,0.25,7.3981,0.3116,0.8539,8.4,3.5918,0.0623
136.0,seguindo,gargalo_eixo,9.2604,3.5409,-2.7706,3.0826,-0.43,0.25,7.4055,0.3519,0.8618,8.4,3.5918,0.0593
136.05,seguindo,gargalo_eixo,9.2711,3.5449,-2.7721,3.0879,-0.4233,0.25,7.4152,0.4049,0.8723,8.4,3.5918,0.0553
136.1,seguindo,gargalo_eixo,9.2776,3.5474,-2.7729,3.091,-0.4192,0.25,7.4212,0.396,0.8787,8.4,3.5918,0.0529
136.15,seguindo,gargalo_eixo,9.2855,3.5503,-2.7738,3.0948,-0.4146,0.25,7.4283,0.4219,0.8864,8.4,3.5918,0.05
136.2,seguindo,gargalo_eixo,9.2899,3.552,-2.7742,3.0969,-0.4121,0.25,7.4324,0.4367,0.8908,8.4,3.5918,0.0483
136.25,seguindo,gargalo_eixo,9.2948,3.5538,-2.7747,3.0992,-0.4094,0.25,7.4368,0.4533,0.8956,8.4,3.5918,0.0465
136.3,seguindo,gargalo_eixo,9.2974,3.5547,-2.7749,3.1003,-0.4079,0.25,7.4391,0.462,0.8981,8.4,3.5918,0.0456
136.35,seguindo,gargalo_eixo,9.2992,3.5554,-2.7751,3.1012,-0.407,0.25,7.4408,0.4684,0.8999,8.4,3.5918,0.0449
136.4,seguindo,gargalo_eixo,9.2999,3.5556,-2.7751,3.1014,-0.4066,0.25,7.4414,0.4706,0.9006,8.4,3.5918,0.0447
136.45,seguindo,gargalo_eixo,9.2999,3.5556,-2.7751,3.1014,-0.4066,0.25,7.4414,0.4706,0.9006,8.4,3.5918,0.0447
136.5,seguindo,gargalo_eixo,9.2999,3.5556,-2.7751,3.1014,-0.4066,0.25,7.4414,0.4706,0.9006,8.4,3.5918,0.0447
136.55,seguindo,gargalo_eixo,9.2999,3.5556,-2.7751,3.1014,-0.4066,0.25,7.4414,0.4706,0.9006,8.4,3.5918,0.0447
136.6,seguindo,gargalo_eixo,9.2999,3.5556,-2.7751,3.1014,-0.4066,0.25,7.4414,0.4706,0.9006,8.4,3.5918,0.0447
136.65,seguindo,gargalo_eixo,9.2999,3.5556,-2.7751,3.1014,-0.4066,0.25,7.4414,0.4706,0.9006,8.4,3.5918,0.0447
136.7,seguindo,gargalo_eixo,9.2999,3.5556,-2.7751,3.1014,-0.4066,0.25,7.4414,0.4706,0.9006,8.4,3.5918,0.0447
136.75,seguindo,gargalo_eixo,9.2999,3.5556,-2.7751,3.1014,-0.4066,0.25,7.4414,0.4706,0.9006,8.4,3.5918,0.0447
136.8,seguindo,gargalo_eixo,9.2999,3.5556,-2.7751,3.1014,-0.4066,0.25,7.4414,0.4706,0.9006,8.4,3.5918,0.0447
136.85,seguindo,gargalo_eixo,9.2999,3.5556,-2.7751,3.1014,-0.4066,0.25,7.4414,0.4706,0.9006,8.4,3.5918,0.0447
136.9,seguindo,gargalo_eixo,9.2999,3.5556,-2.7751,3.1014,-0.4066,0.25,7.4414,0.4706,0.9006,8.4,3.5918,0.0447
136.95,seguindo,gargalo_eixo,9.2999,3.5556,-2.7751,3.1014,-0.4066,0.25,7.4414,0.4706,0.9006,8.4,3.5918,0.0447
137.0,seguindo,gargalo_eixo,9.2999,3.5556,-2.7751,3.1014,-0.4066,0.25,7.4414,0.4706,0.9006,8.4,3.5918,0.0447
137.05,seguindo,gargalo_eixo,9.2999,3.5556,-2.7751,3.1014,-0.4066,0.25,7.4414,0.4706,0.9006,8.4,3.5918,0.0447
137.1,seguindo,gargalo_eixo,9.2999,3.5556,-2.7751,3.1014,-0.4066,0.25,7.4414,0.4706,0.9006,8.4,3.5918,0.0447
137.15,seguindo,gargalo_eixo,9.2999,3.5556,-2.7751,3.1014,-0.4066,0.25,7.4414,0.4706,0.9006,8.4,3.5918,0.0447
137.2,seguindo,gargalo_eixo,9.2999,3.5556,-2.7751,3.1014,-0.4066,0.25,7.4414,0.4706,0.9006,8.4,3.5918,0.0447
137.25,seguindo,gargalo_eixo,9.2999,3.5556,-2.7751,3.1014,-0.4066,0.25,7.4414,0.4706,0.9006,8.4,3.5918,0.0447
137.3,seguindo,gargalo_eixo,9.2999,3.5556,-2.7751,3.1014,-0.4066,0.25,7.4414,0.4706,0.9006,8.4,3.5918,0.0447
137.35,seguindo,gargalo_eixo,9.2999,3.5556,-2.7751,3.1014,-0.4066,0.25,7.4414,0.4706,0.9006,8.4,3.5918,0.0447
137.4,seguindo,gargalo_eixo,9.2999,3.5556,-2.7751,3.1014,-0.4066,0.25,7.4414,0.4706,0.9006,8.4,3.5918,0.0447
137.45,seguindo,gargalo_eixo,9.2999,3.5556,-2.7751,3.1014,-0.4066,0.25,7.4414,0.4706,0.9006,8.4,3.5918,0.0447
137.5,seguindo,gargalo_eixo,9.2999,3.5556,-2.7751,3.1014,-0.4066,0.25,7.4414,0.4706,0.9006,8.4,3.5918,0.0447
137.55,seguindo,gargalo_eixo,9.2999,3.5556,-2.7751,3.1014,-0.4066,0.25,7.4414,0.4706,0.9006,8.4,3.5918,0.0447
137.6,seguindo,gargalo_eixo,9.2999,3.5556,-2.7751,3.1014,-0.4066,0.25,7.4414,0.4706,0.9006,8.4,3.5918,0.0447
137.65,seguindo,gargalo_eixo,9.2999,3.5556,-2.7751,3.1014,-0.4066,0.25,7.4414,0.4706,0.9006,8.4,3.5918,0.0447
137.7,seguindo,gargalo_eixo,9.2999,3.5556,-2.7751,3.1014,-0.4066,0.25,7.4414,0.4706,0.9006,8.4,3.5918,0.0447
137.75,seguindo,gargalo_eixo,9.2999,3.5556,-2.7751,3.1014,-0.4066,0.25,7.4414,0.4706,0.9006,8.4,3.5918,0.0447
137.8,seguindo,gargalo_eixo,9.2999,3.5556,-2.7751,3.1014,-0.4066,0.25,7.4414,0.4706,0.9006,8.4,3.5918,0.0447
137.85,seguindo,gargalo_eixo,9.2999,3.5556,-2.7751,3.1014,-0.4066,0.25,7.4414,0.4706,0.9006,8.4,3.5918,0.0447
137.9,seguindo,gargalo_eixo,9.2999,3.5556,-2.7751,3.1014,-0.4066,0.25,7.4414,0.4706,0.9006,8.4,3.5918,0.0447
137.95,seguindo,gargalo_eixo,9.2999,3.5556,-2.7751,3.1014,-0.4066,0.25,7.4414,0.4706,0.9006,8.4,3.5918,0.0447
138.0,seguindo,gargalo_eixo,9.2999,3.5556,-2.7751,3.1014,-0.4066,0.25,7.4414,0.4706,0.9006,8.4,3.5918,0.0447
138.05,seguindo,gargalo_eixo,9.2999,3.5556,-2.7751,3.1014,-0.4066,0.25,7.4414,0.4706,0.9006,8.4,3.5918,0.0447
138.1,seguindo,gargalo_eixo,9.2999,3.5556,-2.7751,3.1014,-0.4066,0.25,7.4414,0.4706,0.9006,8.4,3.5918,0.0447
138.15,seguindo,gargalo_eixo,9.2999,3.5556,-2.7751,3.1014,-0.4066,0.25,7.4414,0.4706,0.9006,8.4,3.5918,0.0447
138.2,seguindo,gargalo_eixo,9.2999,3.5556,-2.7751,3.1014,-0.4066,0.25,7.4414,0.4706,0.9006,8.4,3.5918,0.0447
138.25,seguindo,gargalo_eixo,9.2999,3.5556,-2.7751,3.1014,-0.4066,0.25,7.4414,0.4706,0.9006,8.4,3.5918,0.0447
138.3,seguindo,gargalo_eixo,9.2999,3.5556,-2.7751,3.1014,-0.4066,0.25,7.4414,0.4706,0.9006,8.4,3.5918,0.0447
138.35,seguindo,gargalo_eixo,9.2999,3.5556,-2.7751,3.1014,-0.4066,0.25,7.4414,0.4706,0.9006,8.4,3.5918,0.0447
138.4,seguindo,gargalo_eixo,9.2999,3.5556,-2.7751,3.1014,-0.4066,0.25,7.4414,0.4706,0.9006,8.4,3.5918,0.0447
138.45,seguindo,gargalo_eixo,9.2999,3.5556,-2.7751,3.1014,-0.4066,0.25,7.4414,0.4706,0.9006,8.4,3.5918,0.0447
138.5,seguindo,gargalo_eixo,9.2999,3.5556,-2.7751,3.1014,-0.4066,0.25,7.4414,0.4706,0.9006,8.4,3.5918,0.0447
138.55,seguindo,gargalo_eixo,9.2999,3.5556,-2.7751,3.1014,-0.4066,0.25,7.4414,0.4706,0.9006,8.4,3.5918,0.0447
138.6,seguindo,gargalo_eixo,9.2999,3.5556,-2.7751,3.1014,-0.4066,0.25,7.4414,0.4706,0.9006,8.4,3.5918,0.0447
138.65,seguindo,gargalo_eixo,9.2999,3.5556,-2.7751,3.1014,-0.4066,0.25,7.4414,0.4706,0.9006,8.4,3.5918,0.0447
138.7,seguindo,gargalo_eixo,9.2999,3.5556,-2.7751,3.1014,-0.4066,0.25,7.4414,0.4706,0.9006,8.4,3.5918,0.0447
138.75,seguindo,gargalo_eixo,9.2999,3.5556,-2.7751,3.1014,-0.4066,0.25,7.4414,0.4706,0.9006,8.4,3.5918,0.0447
138.8,seguindo,gargalo_eixo,9.2999,3.5556,-2.7751,3.1014,-0.4066,0.25,7.4414,0.4706,0.9006,8.4,3.5918,0.0447
138.85,seguindo,gargalo_eixo,9.2999,3.5556,-2.7751,3.1014,-0.4066,0.25,7.4414,0.4706,0.9006,8.4,3.5918,0.0447
138.9,seguindo,gargalo_eixo,9.2999,3.5556,-2.7751,3.1014,-0.4066,0.25,7.4414,0.4706,0.9006,8.4,3.5918,0.0447
138.95,seguindo,gargalo_eixo,9.2999,3.5556,-2.7751,3.1014,-0.4066,0.25,7.4414,0.4706,0.9006,8.4,3.5918,0.0447
139.0,seguindo,gargalo_eixo,9.2999,3.5556,-2.7751,3.1014,-0.4066,0.25,7.4414,0.4706,0.9006,8.4,3.5918,0.0447
139.051,seguindo,gargalo_eixo,9.2999,3.5556,-2.7751,3.1014,-0.4066,0.25,7.4414,0.4706,0.9006,8.4,3.5918,0.0447
139.1,seguindo,gargalo_eixo,9.2999,3.5556,-2.7751,3.1014,-0.4066,0.25,7.4414,0.4706,0.9006,8.4,3.5918,0.0447
139.15,seguindo,gargalo_eixo,9.2999,3.5556,-2.7751,3.1014,-0.4066,0.25,7.4414,0.4706,0.9006,8.4,3.5918,0.0447
139.2,seguindo,gargalo_eixo,9.2999,3.5556,-2.7751,3.1014,-0.4066,0.25,7.4414,0.4706,0.9006,8.4,3.5918,0.0447
139.25,seguindo,gargalo_eixo,9.2999,3.5556,-2.7751,3.1014,-0.4066,0.25,7.4414,0.4706,0.9006,8.4,3.5918,0.0447
139.3,seguindo,gargalo_eixo,9.2999,3.5556,-2.7751,3.1014,-0.4066,0.25,7.4414,0.4706,0.9006,8.4,3.5918,0.0447
139.35,seguindo,gargalo_eixo,9.2999,3.5556,-2.7751,3.1014,-0.4066,0.25,7.4414,0.4706,0.9006,8.4,3.5918,0.0447
139.4,re,,9.2999,3.5556,-2.7751,-2.7751,0.0,-0.203,7.4414,inf,,,,0.0
139.45,re,,9.2999,3.5556,-2.7751,-2.7751,0.0,-0.203,7.4414,inf,,,,0.0
139.5,re,,9.2999,3.5556,-2.7751,-2.7751,0.0,-0.203,7.4414,inf,,,,0.0
139.55,re,,9.2999,3.5556,-2.7751,-2.7751,0.0,-0.203,7.4414,inf,,,,0.0
139.6,re,,9.2999,3.5556,-2.7751,-2.7751,0.0,-0.203,7.4414,inf,,,,0.0
139.65,re,,9.2999,3.5556,-2.7751,-2.7751,0.0,-0.203,7.4414,inf,,,,0.0
139.7,re,,9.2999,3.5556,-2.7751,-2.7751,0.0,-0.203,7.4414,inf,,,,0.0
139.75,re,,9.2999,3.5556,-2.7751,-2.7751,0.0,-0.203,7.4414,inf,,,,0.0
139.8,re,,9.2999,3.5556,-2.7751,-2.7751,0.0,-0.203,7.4414,inf,,,,0.0
139.85,re,,9.3027,3.5567,-2.7763,-2.7763,0.0,-0.203,7.444,inf,,,,0.0
139.9,re,,9.3058,3.5577,-2.7777,-2.7777,0.0,-0.203,7.4468,inf,,,,0.0
139.95,re,,9.3132,3.5603,-2.7799,-2.7799,0.0,-0.203,7.4536,inf,,,,0.0
140.004,re,,9.3224,3.5636,-2.782,-2.782,0.0,-0.203,7.4619,inf,,,,0.0
140.05,re,,9.3313,3.5668,-2.7833,-2.7833,0.0,-0.203,7.47,inf,,,,0.0
140.1,re,,9.3404,3.5701,-2.7847,-2.7847,0.0,-0.203,7.4784,inf,,,,0.0
140.15,re,,9.3559,3.5757,-2.7869,-2.7869,0.0,-0.203,7.4926,inf,,,,0.0
140.2,re,,9.3725,3.5816,-2.7891,-2.7891,0.0,-0.203,7.5077,inf,,,,0.0
140.25,re,,9.3835,3.5856,-2.7903,-2.7903,0.0,-0.203,7.5178,inf,,,,0.0
140.3,re,,9.3946,3.5895,-2.7916,-2.7916,0.0,-0.203,7.5279,inf,,,,0.0
140.35,re,,9.411,3.5954,-2.7926,-2.7926,0.0,-0.203,7.5429,inf,,,,0.0
140.4,re,,9.4219,3.5993,-2.793,-2.793,0.0,-0.203,7.5529,inf,,,,0.0
140.45,re,,9.4382,3.6053,-2.7925,-2.7925,0.0,-0.203,7.5678,inf,,,,0.0
140.5,re,,9.4489,3.6093,-2.7918,-2.7918,0.0,-0.203,7.5776,inf,,,,0.0
140.55,re,,9.4649,3.6153,-2.79,-2.79,0.0,-0.203,7.5922,inf,,,,0.0
140.6,re,,9.4755,3.6193,-2.7886,-2.7886,0.0,-0.203,7.6019,inf,,,,0.0
140.65,re,,9.4913,3.6254,-2.786,-2.786,0.0,-0.203,7.6164,inf,,,,0.0
140.7,re,,9.5018,3.6294,-2.7841,-2.7841,0.0,-0.203,7.626,inf,,,,0.0
140.75,re,,9.5176,3.6356,-2.7812,-2.7812,0.0,-0.203,7.6404,inf,,,,0.0
140.8,re,,9.528,3.6397,-2.7792,-2.7792,0.0,-0.203,7.6499,inf,,,,0.0
140.85,re,,9.5437,3.646,-2.7762,-2.7762,0.0,-0.203,7.6643,inf,,,,0.0
140.9,re,,9.5542,3.6501,-2.7742,-2.7742,0.0,-0.203,7.6738,inf,,,,0.0
140.95,re,,9.5698,3.6565,-2.7712,-2.7712,0.0,-0.203,7.6882,inf,,,,0.0
141.0,re,,9.5803,3.6607,-2.7693,-2.7693,0.0,-0.203,7.6977,inf,,,,0.0
141.1,seguindo,gargalo_eixo,9.6064,3.6714,-2.7645,-3.0757,-0.3113,0.25,7.7215,1.506,1.2089,8.4,3.5918,-0.0621
141.15,seguindo,gargalo_eixo,9.622,3.6778,-2.7616,-3.0713,-0.3097,0.25,7.7358,2.0358,1.225,8.4,3.5918,-0.0671
141.2,seguindo,gargalo_eixo,9.6324,3.6822,-2.7597,-3.0684,-0.3087,0.25,7.7453,2.0358,1.2356,8.4,3.5918,-0.0704
141.25,seguindo,gargalo_eixo,9.648,3.6887,-2.7568,-3.0641,-0.3073,0.25,7.7596,2.0358,1.2517,8.4,3.5918,-0.0749
141.3,seguindo,gargalo_eixo,9.6583,3.6931,-2.7549,-3.0613,-0.3063,0.25,7.7691,2.8397,1.2624,8.4,3.5918,-0.0778
141.35,seguindo,gargalo_eixo,9.6739,3.6997,-2.752,-3.0571,-0.305,0.25,7.7833,2.8397,1.2784,8.4,3.5918,-0.0821
141.4,seguindo,gargalo_eixo,9.6843,3.7041,-2.7501,-3.0543,-0.3042,0.25,7.7928,2.8397,1.2891,8.4,3.5918,-0.0846
141.45,seguindo,gargalo_eixo,9.6998,3.7108,-2.7473,-3.0503,-0.303,0.25,7.807,1.9841,1.3052,8.4,3.5918,-0.088
141.5,seguindo,gargalo_eixo,9.7101,3.7153,-2.7454,-3.0476,-0.3022,0.25,7.8164,1.9841,1.3159,8.4,3.5918,-0.0902
141.55,seguindo,gargalo_eixo,9.7256,3.7221,-2.7425,-3.0436,-0.3011,0.25,7.8306,1.9841,1.332,8.4,3.5918,-0.0927
141.6,seguindo,gargalo_eixo,9.7359,3.7266,-2.7406,-3.041,-0.3004,0.25,7.8401,1.3946,1.3427,8.4,3.5918,-0.0941
141.65,seguindo,gargalo_eixo,9.749,3.7319,-2.7425,-3.0381,-0.2956,0.25,7.8521,1.3946,1.3562,8.4,3.5918,-0.0954
141.7,seguindo,gargalo_eixo,9.7566,3.7347,-2.747,-3.0366,-0.2896,0.25,7.8591,1.3946,1.3641,8.4,3.5918,-0.095
141.75,seguindo,gargalo_eixo,9.7654,3.738,-2.7497,-3.0349,-0.2852,0.25,7.8672,1.0096,1.3731,8.4,3.5918,-0.0945
141.8,seguindo,gargalo_eixo,9.7698,3.7398,-2.7497,-3.0339,-0.2842,0.25,7.8714,1.0096,1.3778,8.4,3.5918,-0.0945
141.85,seguindo,gargalo_eixo,9.774,3.7414,-2.7495,-3.0331,-0.2836,0.25,7.8752,1.0096,1.382,8.4,3.5918,-0.0944
141.9,seguindo,gargalo_eixo,9.7755,3.7421,-2.7495,-3.0328,-0.2832,0.25,7.8766,1.0096,1.3836,8.4,3.5918,-0.0943
141.95,seguindo,gargalo_eixo,9.7753,3.7416,-2.7536,-3.0331,-0.2795,0.25,7.8765,1.0096,1.3834,8.4,3.5918,-0.094
142.0,seguindo,gargalo_eixo,9.774,3.7406,-2.7588,-3.0337,-0.2749,0.25,7.8753,1.0096,1.382,8.4,3.5918,-0.0936
142.05,seguindo,gargalo_eixo,9.7696,3.7378,-2.7706,-3.0354,-0.2648,0.25,7.8715,1.0096,1.3773,8.4,3.5918,-0.0927
142.1,seguindo,gargalo_eixo,9.7654,3.7353,-2.7809,-3.0369,-0.256,0.25,7.8678,1.3946,1.3729,8.4,3.5918,-0.092
142.15,seguindo,gargalo_eixo,9.7568,3.7303,-2.8007,-3.0398,-0.2392,0.25,7.86,1.3946,1.3638,8.4,3.5918,-0.0909
142.2,seguindo,gargalo_eixo,9.7496,3.7265,-2.8161,-3.0421,-0.226,0.25,7.8536,1.3946,1.3563,8.4,3.5918,-0.09
142.25,seguindo,gargalo_eixo,9.7378,3.7202,-2.8444,-3.0459,-0.2015,0.25,7.8429,1.3946,1.3439,8.4,3.5918,-0.0874
142.3,seguindo,gargalo_eixo,9.7293,3.716,-2.8649,-3.0484,-0.1835,0.25,7.8352,1.9841,1.335,8.4,3.5918,-0.0858
142.35,seguindo,gargalo_eixo,9.7169,3.7097,-2.9007,-3.0523,-0.1516,0.25,7.824,1.9841,1.3221,8.4,3.5918,-0.0833
142.4,seguindo,gargalo_eixo,9.7088,3.7056,-2.9264,-3.0548,-0.1284,0.25,7.8167,1.9841,1.3137,8.4,3.5918,-0.081
142.45,seguindo,gargalo_eixo,9.6956,3.6994,-2.9698,-3.0587,-0.0889,0.25,7.8047,2.8397,1.3,8.4,3.5918,-0.0777
142.5,seguindo,gargalo_eixo,9.6816,3.6935,-3.016,-3.0624,-0.0463,0.25,7.7919,2.8397,1.2856,8.4,3.5918,-0.0748
142.55,seguindo,gargalo_eixo,9.6718,3.6898,-3.0474,-3.0646,-0.0172,0.25,7.7828,2.8397,1.2755,8.4,3.5918,-0.0727
142.6,seguindo,gargalo_eixo,9.6617,3.6865,-3.078,-3.0666,0.0113,0.25,7.7735,2.8397,1.2652,8.4,3.5918,-0.0708
142.65,seguindo,gargalo_eixo,9.6461,3.6822,-3.1223,-3.0691,0.0532,0.25,7.7588,2.0358,1.2493,8.4,3.5918,-0.0688
142.7,seguindo,gargalo_eixo,9.6352,3.6799,3.1332,-3.0704,0.0796,0.25,7.7485,2.0358,1.2383,8.4,3.5918,-0.0679
142.75,seguindo,gargalo_eixo,9.618,3.6774,3.0965,-3.0714,0.1153,0.25,7.732,2.0358,1.221,8.4,3.5918,-0.067
142.8,seguindo,gargalo_eixo,9.6062,3.6763,3.0749,-3.0716,0.1366,0.25,7.7205,1.506,1.2091,8.4,3.5918,-0.067
142.85,seguindo,gargalo_eixo,9.5891,3.6753,3.046,-3.0715,0.1657,0.25,7.7038,1.506,1.192,8.4,3.5918,-0.0676
142.9,seguindo,gargalo_eixo,9.5781,3.6749,3.0265,-3.0712,0.1855,0.25,7.6931,1.506,1.181,8.4,3.5918,-0.0678
142.95,seguindo,gargalo_eixo,9.5621,3.6749,3.0022,-3.0702,0.2108,0.25,7.6773,1.1534,1.165,8.4,3.5918,-0.0689
143.0,seguindo,gargalo_eixo,9.5515,3.6753,2.9883,-3.0691,0.2258,0.25,7.6668,1.1534,1.1545,8.4,3.5918,-0.0699
143.05,seguindo,gargalo_eixo,9.5359,3.6767,2.9742,-3.0669,0.242,0.25,7.6512,1.1534,1.139,8.4,3.5918,-0.0721
143.1,seguindo,gargalo_eixo,9.5255,3.6779,2.9675,-3.0652,0.2505,0.25,7.6408,1.1534,1.1288,8.4,3.5918,-0.0737
143.15,seguindo,gargalo_eixo,9.5103,3.6804,2.9643,-3.0619,0.257,0.25,7.6253,0.9311,1.1138,8.4,3.5918,-0.0768
143.2,seguindo,gargalo_eixo,9.5002,3.6822,2.9647,-3.0596,0.2589,0.25,7.6151,0.9311,1.1039,8.4,3.5918,-0.079
143.25,seguindo,gargalo_eixo,9.4853,3.6854,2.9707,-3.0556,0.2569,0.25,7.5999,0.9311,1.0893,8.4,3.5918,-0.0826
143.3,seguindo,gargalo_eixo,9.4754,3.6875,2.9766,-3.0528,0.2538,0.25,7.5898,0.9311,1.0796,8.4,3.5918,-0.085
143.35,seguindo,gargalo_eixo,9.4605,3.691,2.9898,-3.0483,0.2451,0.25,7.5744,0.8003,1.0651,8.4,3.5918,-0.0888
143.4,seguindo,gargalo_eixo,9.4504,3.6933,3.0001,-3.0452,0.2379,0.25,7.5641,0.8003,1.0553,8.4,3.5918,-0.0914
143.45,seguindo,gargalo_eixo,9.4352,3.6966,3.015,-3.0407,0.2275,0.25,7.5486,0.8003,1.0405,8.4,3.5918,-0.0949
143.5,seguindo,gargalo_eixo,9.425,3.6987,3.0246,-3.0377,0.2209,0.25,7.5382,0.8003,1.0305,8.4,3.5918,-0.0971
143.55,seguindo,gargalo_eixo,9.4097,3.7016,3.0398,-3.0333,0.2102,0.25,7.5226,0.7355,1.0157,8.4,3.5918,-0.1003
143.6,seguindo,gargalo_eixo,9.3996,3.7034,3.0501,-3.0304,0.2027,0.25,7.5123,0.7355,1.0058,8.4,3.5918,-0.1023
143.65,seguindo,gargalo_eixo,9.3847,3.7061,3.068,-3.026,0.1892,0.25,7.4972,0.7185,0.9913,8.4,3.5918,-0.1051
143.7,seguindo,gargalo_eixo,9.3749,3.7078,3.0807,-3.0231,0.1794,0.25,7.4873,0.7006,0.9818,8.4,3.5918,-0.1069
143.75,seguindo,gargalo_eixo,9.3607,3.7103,3.1029,-3.0188,0.1615,0.25,7.4728,0.6525,0.9679,8.4,3.5918,-0.1096
143.8,seguindo,gargalo_eixo,9.3513,3.7119,3.1189,-3.0159,0.1484,0.25,7.4633,0.6281,0.9588,8.4,3.5918,-0.1113
143.85,seguindo,gargalo_eixo,9.3401,3.7138,3.14,-3.0125,0.1307,0.25,7.4519,0.5994,0.9479,8.4,3.5918,-0.1132
143.9,seguindo,gargalo_eixo,9.3339,3.7149,-3.1292,-3.0105,0.1187,0.25,7.4456,0.584,0.9419,8.4,3.5918,-0.1144
143.95,seguindo,gargalo_eixo,9.3274,3.716,-3.1138,-3.0084,0.1054,0.25,7.4391,0.5684,0.9357,8.4,3.5918,-0.1155
144.0,seguindo,gargalo_eixo,9.3245,3.7165,-3.1068,-3.0075,0.0993,0.25,7.4361,0.5614,0.9329,8.4,3.5918,-0.116
144.05,seguindo,gargalo_eixo,9.3231,3.7169,-3.1016,-3.0069,0.0948,0.25,7.4346,0.5761,0.9315,8.4,3.5918,-0.1164
144.1,seguindo,gargalo_eixo,9.3234,3.717,-3.1011,-3.0068,0.0943,0.25,7.4349,0.577,0.9318,8.4,3.5918,-0.1165
144.15,seguindo,gargalo_eixo,9.3268,3.717,-3.1018,-3.0072,0.0946,0.25,7.4382,0.5671,0.9351,8.4,3.5918,-0.1165
144.2,seguindo,gargalo_eixo,9.3303,3.7171,-3.1029,-3.0077,0.0952,0.25,7.4417,0.5758,0.9386,8.4,3.5918,-0.1166
144.25,seguindo,gargalo_eixo,9.3385,3.7173,-3.1042,-3.0086,0.0956,0.25,7.4497,0.5965,0.9468,8.4,3.5918,-0.1167
144.3,seguindo,gargalo_eixo,9.3452,3.7175,-3.1051,-3.0094,0.0957,0.25,7.4563,0.6139,0.9535,8.4,3.5918,-0.1169
144.35,seguindo,gargalo_eixo,9.3546,3.7177,-3.106,-3.0104,0.0956,0.25,7.4656,0.6388,0.9628,8.4,3.5918,-0.117
144.4,seguindo,gargalo_eixo,9.3607,3.7179,-3.1066,-3.0111,0.0955,0.25,7.4715,0.6551,0.9689,8.4,3.5918,-0.1171
144.45,seguindo,gargalo_eixo,9.3678,3.7181,-3.1072,-3.0118,0.0954,0.25,7.4785,0.6744,0.976,8.4,3.5918,-0.1173
144.5,seguindo,gargalo_eixo,9.3717,3.7182,-3.1076,-3.0122,0.0954,0.25,7.4823,0.6825,0.9798,8.4,3.5918,-0.1173
144.55,seguindo,gargalo_eixo,9.3752,3.7183,-3.1079,-3.0126,0.0953,0.25,7.4858,0.7035,0.9833,8.4,3.5918,-0.1174
144.6,seguindo,gargalo_eixo,9.3766,3.7183,-3.1081,-3.0127,0.0953,0.25,7.4871,0.7061,0.9847,8.4,3.5918,-0.1174
144.65,seguindo,gargalo_eixo,9.3774,3.7183,-3.1081,-3.0128,0.0953,0.25,7.4879,0.7075,0.9855,8.4,3.5918,-0.1174
144.7,seguindo,gargalo_eixo,9.3774,3.7183,-3.1081,-3.0128,0.0953,0.25,7.4879,0.7075,0.9855,8.4,3.5918,-0.1174
144.75,seguindo,gargalo_eixo,9.3774,3.7183,-3.1081,-3.0128,0.0953,0.25,7.4879,0.7075,0.9855,8.4,3.5918,-0.1174
144.8,seguindo,gargalo_eixo,9.3774,3.7183,-3.1081,-3.0128,0.0953,0.25,7.4879,0.7075,0.9855,8.4,3.5918,-0.1174
144.85,seguindo,gargalo_eixo,9.3774,3.7183,-3.1081,-3.0128,0.0953,0.25,7.4879,0.7075,0.9855,8.4,3.5918,-0.1174
144.9,seguindo,gargalo_eixo,9.3774,3.7183,-3.1081,-3.0128,0.0953,0.25,7.4879,0.7075,0.9855,8.4,3.5918,-0.1174
144.95,seguindo,gargalo_eixo,9.3774,3.7183,-3.1081,-3.0128,0.0953,0.25,7.4879,0.7075,0.9855,8.4,3.5918,-0.1174
145.0,seguindo,gargalo_eixo,9.3774,3.7183,-3.1081,-3.0128,0.0953,0.25,7.4879,0.7075,0.9855,8.4,3.5918,-0.1174
145.05,seguindo,gargalo_eixo,9.3774,3.7183,-3.1081,-3.0128,0.0953,0.25,7.4879,0.7075,0.9855,8.4,3.5918,-0.1174
145.1,seguindo,gargalo_eixo,9.3774,3.7183,-3.1081,-3.0128,0.0953,0.25,7.4879,0.7075,0.9855,8.4,3.5918,-0.1174
145.15,seguindo,gargalo_eixo,9.3774,3.7183,-3.1081,-3.0128,0.0953,0.25,7.4879,0.7075,0.9855,8.4,3.5918,-0.1174
145.2,seguindo,gargalo_eixo,9.3774,3.7183,-3.1081,-3.0128,0.0953,0.25,7.4879,0.7075,0.9855,8.4,3.5918,-0.1174
145.25,seguindo,gargalo_eixo,9.3774,3.7183,-3.1081,-3.0128,0.0953,0.25,7.4879,0.7075,0.9855,8.4,3.5918,-0.1174
145.3,seguindo,gargalo_eixo,9.3774,3.7183,-3.1081,-3.0128,0.0953,0.25,7.4879,0.7075,0.9855,8.4,3.5918,-0.1174
145.35,seguindo,gargalo_eixo,9.3774,3.7183,-3.1081,-3.0128,0.0953,0.25,7.4879,0.7075,0.9855,8.4,3.5918,-0.1174
145.4,seguindo,gargalo_eixo,9.3774,3.7183,-3.1081,-3.0128,0.0953,0.25,7.4879,0.7075,0.9855,8.4,3.5918,-0.1174
145.45,seguindo,gargalo_eixo,9.3774,3.7183,-3.1081,-3.0128,0.0953,0.25,7.4879,0.7075,0.9855,8.4,3.5918,-0.1174
145.5,seguindo,gargalo_eixo,9.3774,3.7183,-3.1081,-3.0128,0.0953,0.25,7.4879,0.7075,0.9855,8.4,3.5918,-0.1174
145.55,seguindo,gargalo_eixo,9.3774,3.7183,-3.1081,-3.0128,0.0953,0.25,7.4879,0.7075,0.9855,8.4,3.5918,-0.1174
145.6,seguindo,gargalo_eixo,9.3774,3.7183,-3.1081,-3.0128,0.0953,0.25,7.4879,0.7075,0.9855,8.4,3.5918,-0.1174
145.65,seguindo,gargalo_eixo,9.3774,3.7183,-3.1081,-3.0128,0.0953,0.25,7.4879,0.7075,0.9855,8.4,3.5918,-0.1174
145.7,seguindo,gargalo_eixo,9.3774,3.7183,-3.1081,-3.0128,0.0953,0.25,7.4879,0.7075,0.9855,8.4,3.5918,-0.1174
145.75,seguindo,gargalo_eixo,9.3774,3.7183,-3.1081,-3.0128,0.0953,0.25,7.4879,0.7075,0.9855,8.4,3.5918,-0.1174
145.8,seguindo,gargalo_eixo,9.3774,3.7183,-3.1081,-3.0128,0.0953,0.25,7.4879,0.7075,0.9855,8.4,3.5918,-0.1174
145.85,seguindo,gargalo_eixo,9.3774,3.7183,-3.1081,-3.0128,0.0953,0.25,7.4879,0.7075,0.9855,8.4,3.5918,-0.1174
145.9,seguindo,gargalo_eixo,9.3774,3.7183,-3.1081,-3.0128,0.0953,0.25,7.4879,0.7075,0.9855,8.4,3.5918,-0.1174
145.95,seguindo,gargalo_eixo,9.3774,3.7183,-3.1081,-3.0128,0.0953,0.25,7.4879,0.7075,0.9855,8.4,3.5918,-0.1174
146.0,seguindo,gargalo_eixo,9.3774,3.7183,-3.1081,-3.0128,0.0953,0.25,7.4879,0.7075,0.9855,8.4,3.5918,-0.1174
146.05,seguindo,gargalo_eixo,9.3774,3.7183,-3.1081,-3.0128,0.0953,0.25,7.4879,0.7075,0.9855,8.4,3.5918,-0.1174
146.1,seguindo,gargalo_eixo,9.3774,3.7183,-3.1081,-3.0128,0.0953,0.25,7.4879,0.7075,0.9855,8.4,3.5918,-0.1174
146.15,seguindo,gargalo_eixo,9.3774,3.7183,-3.1081,-3.0128,0.0953,0.25,7.4879,0.7075,0.9855,8.4,3.5918,-0.1174
146.2,seguindo,gargalo_eixo,9.3774,3.7183,-3.1081,-3.0128,0.0953,0.25,7.4879,0.7075,0.9855,8.4,3.5918,-0.1174
146.25,seguindo,gargalo_eixo,9.3774,3.7183,-3.1081,-3.0128,0.0953,0.25,7.4879,0.7075,0.9855,8.4,3.5918,-0.1174
146.3,seguindo,gargalo_eixo,9.3774,3.7183,-3.1081,-3.0128,0.0953,0.25,7.4879,0.7075,0.9855,8.4,3.5918,-0.1174
146.35,seguindo,gargalo_eixo,9.3774,3.7183,-3.1081,-3.0128,0.0953,0.25,7.4879,0.7075,0.9855,8.4,3.5918,-0.1174
146.4,seguindo,gargalo_eixo,9.3774,3.7183,-3.1081,-3.0128,0.0953,0.25,7.4879,0.7075,0.9855,8.4,3.5918,-0.1174
146.45,seguindo,gargalo_eixo,9.3774,3.7183,-3.1081,-3.0128,0.0953,0.25,7.4879,0.7075,0.9855,8.4,3.5918,-0.1174
146.5,seguindo,gargalo_eixo,9.3774,3.7183,-3.1081,-3.0128,0.0953,0.25,7.4879,0.7075,0.9855,8.4,3.5918,-0.1174
146.55,seguindo,gargalo_eixo,9.3774,3.7183,-3.1081,-3.0128,0.0953,0.25,7.4879,0.7075,0.9855,8.4,3.5918,-0.1174
146.6,seguindo,gargalo_eixo,9.3774,3.7183,-3.1081,-3.0128,0.0953,0.25,7.4879,0.7075,0.9855,8.4,3.5918,-0.1174
146.65,seguindo,gargalo_eixo,9.3774,3.7183,-3.1081,-3.0128,0.0953,0.25,7.4879,0.7075,0.9855,8.4,3.5918,-0.1174
146.7,seguindo,gargalo_eixo,9.3774,3.7183,-3.1081,-3.0128,0.0953,0.25,7.4879,0.7075,0.9855,8.4,3.5918,-0.1174
146.75,seguindo,gargalo_eixo,9.3774,3.7183,-3.1081,-3.0128,0.0953,0.25,7.4879,0.7075,0.9855,8.4,3.5918,-0.1174
146.8,seguindo,gargalo_eixo,9.3774,3.7183,-3.1081,-3.0128,0.0953,0.25,7.4879,0.7075,0.9855,8.4,3.5918,-0.1174
146.85,seguindo,gargalo_eixo,9.3774,3.7183,-3.1081,-3.0128,0.0953,0.25,7.4879,0.7075,0.9855,8.4,3.5918,-0.1174
146.9,seguindo,gargalo_eixo,9.3774,3.7183,-3.1081,-3.0128,0.0953,0.25,7.4879,0.7075,0.9855,8.4,3.5918,-0.1174
146.95,seguindo,gargalo_eixo,9.3774,3.7183,-3.1081,-3.0128,0.0953,0.25,7.4879,0.7075,0.9855,8.4,3.5918,-0.1174
147.0,seguindo,gargalo_eixo,9.3774,3.7183,-3.1081,-3.0128,0.0953,0.25,7.4879,0.7075,0.9855,8.4,3.5918,-0.1174
147.05,seguindo,gargalo_eixo,9.3774,3.7183,-3.1081,-3.0128,0.0953,0.25,7.4879,0.7075,0.9855,8.4,3.5918,-0.1174
147.1,seguindo,gargalo_eixo,9.3774,3.7183,-3.1081,-3.0128,0.0953,0.25,7.4879,0.7075,0.9855,8.4,3.5918,-0.1174
147.15,seguindo,gargalo_eixo,9.3774,3.7183,-3.1081,-3.0128,0.0953,0.25,7.4879,0.7075,0.9855,8.4,3.5918,-0.1174
147.2,seguindo,gargalo_eixo,9.3774,3.7183,-3.1081,-3.0128,0.0953,0.25,7.4879,0.7075,0.9855,8.4,3.5918,-0.1174
147.25,seguindo,gargalo_eixo,9.3774,3.7183,-3.1081,-3.0128,0.0953,0.25,7.4879,0.7075,0.9855,8.4,3.5918,-0.1174
147.3,seguindo,gargalo_eixo,9.3774,3.7183,-3.1081,-3.0128,0.0953,0.25,7.4879,0.7075,0.9855,8.4,3.5918,-0.1174
147.35,seguindo,gargalo_eixo,9.3774,3.7183,-3.1081,-3.0128,0.0953,0.25,7.4879,0.7075,0.9855,8.4,3.5918,-0.1174
147.4,seguindo,gargalo_eixo,9.3774,3.7183,-3.1081,-3.0128,0.0953,0.25,7.4879,0.7075,0.9855,8.4,3.5918,-0.1174
147.45,seguindo,gargalo_eixo,9.3774,3.7183,-3.1081,-3.0128,0.0953,0.25,7.4879,0.7075,0.9855,8.4,3.5918,-0.1174
147.5,seguindo,gargalo_eixo,9.3774,3.7183,-3.1081,-3.0128,0.0953,0.25,7.4879,0.7075,0.9855,8.4,3.5918,-0.1174
147.55,seguindo,gargalo_eixo,9.3774,3.7183,-3.1081,-3.0128,0.0953,0.25,7.4879,0.7075,0.9855,8.4,3.5918,-0.1174
147.6,seguindo,gargalo_eixo,9.3774,3.7183,-3.1081,-3.0128,0.0953,0.25,7.4879,0.7075,0.9855,8.4,3.5918,-0.1174
147.65,seguindo,gargalo_eixo,9.3774,3.7183,-3.1081,-3.0128,0.0953,0.25,7.4879,0.7075,0.9855,8.4,3.5918,-0.1174
147.7,seguindo,gargalo_eixo,9.3774,3.7183,-3.1081,-3.0128,0.0953,0.25,7.4879,0.7075,0.9855,8.4,3.5918,-0.1174
147.75,seguindo,gargalo_eixo,9.3774,3.7183,-3.1081,-3.0128,0.0953,0.25,7.4879,0.7075,0.9855,8.4,3.5918,-0.1174
147.8,seguindo,gargalo_eixo,9.3774,3.7183,-3.1081,-3.0128,0.0953,0.25,7.4879,0.7075,0.9855,8.4,3.5918,-0.1174
147.85,seguindo,gargalo_eixo,9.3774,3.7183,-3.1081,-3.0128,0.0953,0.25,7.4879,0.7075,0.9855,8.4,3.5918,-0.1174
147.9,seguindo,gargalo_eixo,9.3774,3.7183,-3.1081,-3.0128,0.0953,0.25,7.4879,0.7075,0.9855,8.4,3.5918,-0.1174
147.95,re,,9.3774,3.7183,-3.1081,-3.1081,0.0,-0.203,7.4879,inf,,,,0.0
148.0,re,,9.3774,3.7183,-3.1081,-3.1081,0.0,-0.203,7.4879,inf,,,,0.0
148.05,re,,9.3774,3.7183,-3.1081,-3.1081,0.0,-0.203,7.4879,inf,,,,0.0
148.1,re,,9.3774,3.7183,-3.1081,-3.1081,0.0,-0.203,7.4879,inf,,,,0.0
148.15,re,,9.3774,3.7183,-3.1081,-3.1081,0.0,-0.203,7.4879,inf,,,,0.0
148.2,re,,9.3774,3.7183,-3.1081,-3.1081,0.0,-0.203,7.4879,inf,,,,0.0
148.25,re,,9.3774,3.7183,-3.1081,-3.1081,0.0,-0.203,7.4879,inf,,,,0.0
148.3,re,,9.3774,3.7183,-3.1081,-3.1081,0.0,-0.203,7.4879,inf,,,,0.0
148.35,re,,9.3804,3.7183,-3.1092,-3.1092,0.0,-0.203,7.4908,inf,,,,0.0
148.4,re,,9.3837,3.7183,-3.1104,-3.1104,0.0,-0.203,7.4941,inf,,,,0.0
148.45,re,,9.3915,3.7184,-3.1122,-3.1122,0.0,-0.203,7.5018,inf,,,,0.0
148.5,re,,9.398,3.7185,-3.1133,-3.1133,0.0,-0.203,7.5082,inf,,,,0.0
148.55,re,,9.4107,3.7187,-3.1151,-3.1151,0.0,-0.203,7.5206,inf,,,,0.0
148.6,re,,9.4203,3.7189,-3.1163,-3.1163,0.0,-0.203,7.5301,inf,,,,0.0
148.65,re,,9.4368,3.7191,-3.1181,-3.1181,0.0,-0.203,7.5463,inf,,,,0.0
148.7,re,,9.4545,3.7194,-3.1197,-3.1197,0.0,-0.203,7.5636,inf,,,,0.0
148.75,re,,9.4662,3.7196,-3.1206,-3.1206,0.0,-0.203,7.5752,inf,,,,0.0
148.8,re,,9.4779,3.7198,-3.1215,-3.1215,0.0,-0.203,7.5867,inf,,,,0.0
148.85,re,,9.4953,3.72,-3.1222,-3.1222,0.0,-0.203,7.6038,inf,,,,0.0
148.9,re,,9.507,3.7202,-3.1225,-3.1225,0.0,-0.203,7.6153,inf,,,,0.0
148.95,re,,9.5242,3.7206,-3.1221,-3.1221,0.0,-0.203,7.6322,inf,,,,0.0
149.0,re,,9.5357,3.7209,-3.1214,-3.1214,0.0,-0.203,7.6435,inf,,,,0.0
149.05,re,,9.5528,3.7214,-3.1197,-3.1197,0.0,-0.203,7.6602,inf,,,,0.0
149.1,re,,9.5641,3.7218,-3.1183,-3.1183,0.0,-0.203,7.6714,inf,,,,0.0
149.15,re,,9.5811,3.7224,-3.1157,-3.1157,0.0,-0.203,7.688,inf,,,,0.0
149.2,re,,9.5923,3.7228,-3.1138,-3.1138,0.0,-0.203,7.699,inf,,,,0.0
149.25,re,,9.6092,3.7236,-3.1109,-3.1109,0.0,-0.203,7.7155,inf,,,,0.0
149.3,re,,9.6205,3.7241,-3.1089,-3.1089,0.0,-0.203,7.7265,inf,,,,0.0
149.35,re,,9.6373,3.7249,-3.1059,-3.1059,0.0,-0.203,7.743,inf,,,,0.0
149.4,re,,9.6486,3.7255,-3.1039,-3.1039,0.0,-0.203,7.754,inf,,,,0.0
149.45,re,,9.6654,3.7264,-3.101,-3.101,0.0,-0.203,7.7705,inf,,,,0.0
149.5,re,,9.6767,3.727,-3.099,-3.099,0.0,-0.203,7.7815,inf,,,,0.0
149.6,seguindo,gargalo_eixo,9.7048,3.7287,-3.0942,-3.0371,0.0571,0.25,7.809,1.9841,1.3119,8.4,3.5918,-0.1044
149.65,seguindo,gargalo_eixo,9.7217,3.7297,-3.0913,-3.0376,0.0537,0.25,7.8254,1.9841,1.3288,8.4,3.5918,-0.1012
149.7,seguindo,gargalo_eixo,9.7329,3.7305,-3.0894,-3.0379,0.0515,0.25,7.8364,1.3946,1.3401,8.4,3.5918,-0.0987
149.75,seguindo,gargalo_eixo,9.7498,3.7316,-3.0865,-3.0384,0.0482,0.25,7.8529,1.3946,1.357,8.4,3.5918,-0.0948
149.8,seguindo,gargalo_eixo,9.761,3.7324,-3.0846,-3.0386,0.046,0.25,7.8639,1.3946,1.3682,8.4,3.5918,-0.0911
149.85,seguindo,gargalo_eixo,9.7779,3.7336,-3.0818,-3.039,0.0427,0.25,7.8803,1.0096,1.3851,8.4,3.5918,-0.0856
149.9,seguindo,gargalo_eixo,9.7891,3.7345,-3.0798,-3.0392,0.0406,0.25,7.8913,1.0096,1.3964,8.4,3.5918,-0.0815
149.95,seguindo,gargalo_eixo,9.806,3.7358,-3.077,-3.0395,0.0374,0.25,7.9077,0.7546,1.4133,8.4,3.5918,-0.074
150.0,seguindo,gargalo_eixo,9.8172,3.7366,-3.0751,-3.0397,0.0353,0.25,7.9186,0.7546,1.4246,8.4,3.5918,-0.069
150.05,seguindo,gargalo_eixo,9.8341,3.738,-3.0722,-3.04,0.0322,0.25,7.9351,0.7546,1.4415,8.4,3.5918,-0.0602
150.1,seguindo,gargalo_eixo,9.8453,3.739,-3.0703,-3.0401,0.0302,0.25,7.946,0.5846,1.4527,8.4,3.5918,-0.0539
150.15,seguindo,gargalo_eixo,9.8595,3.7399,-3.0712,-3.0405,0.0308,0.25,7.9598,0.5846,1.4669,8.4,3.5918,-0.0456
150.2,seguindo,gargalo_eixo,9.8676,3.7402,-3.0744,-3.0408,0.0336,0.25,7.9678,0.5846,1.475,8.4,3.5918,-0.0406
150.25,seguindo,gargalo_eixo,9.8769,3.7406,-3.0768,-3.0412,0.0356,0.25,7.977,0.5846,1.4844,8.4,3.5918,-0.034
150.3,seguindo,gargalo_eixo,9.8818,3.7409,-3.0768,-3.0413,0.0355,0.25,7.9818,0.5846,1.4893,8.4,3.5918,-0.0306
150.35,seguindo,gargalo_eixo,9.8864,3.7412,-3.0768,-3.0414,0.0354,0.25,7.9862,0.5846,1.4938,8.4,3.5918,-0.0274
150.4,seguindo,gargalo_eixo,9.888,3.7413,-3.0768,-3.0415,0.0353,0.25,7.9878,0.5846,1.4955,8.4,3.5918,-0.0263
150.45,seguindo,gargalo_eixo,9.8878,3.7415,-3.0729,-3.0413,0.0317,0.25,7.9876,0.5846,1.4953,8.4,3.5918,-0.0266
150.5,seguindo,gargalo_eixo,9.8863,3.7418,-3.0678,-3.041,0.0269,0.25,7.986,0.5846,1.4938,8.4,3.5918,-0.0279
150.55,seguindo,gargalo_eixo,9.8812,3.7423,-3.0569,-3.0403,0.0166,0.25,7.9809,0.5846,1.4888,8.4,3.5918,-0.032
150.6,seguindo,gargalo_eixo,9.8764,3.7426,-3.0475,-3.0398,0.0078,0.25,7.9762,0.5846,1.4841,8.4,3.5918,-0.0357
150.65,seguindo,gargalo_eixo,9.8666,3.7425,-3.0363,-3.0392,-0.0028,0.25,7.9664,0.5846,1.4743,8.4,3.5918,-0.0429
150.7,seguindo,gargalo_eixo,9.8548,3.7419,-3.0283,-3.0388,-0.0105,0.25,7.9549,0.5846,1.4625,8.4,3.5918,-0.0501
150.75,seguindo,gargalo_eixo,9.8442,3.7407,-3.0272,-3.0388,-0.0116,0.25,7.9446,0.5846,1.4518,8.4,3.5918,-0.0559
150.8,seguindo,gargalo_eixo,9.8277,3.7388,-3.0275,-3.039,-0.0115,0.25,7.9286,0.7546,1.4352,8.4,3.5918,-0.0648
150.85,seguindo,gargalo_eixo,9.815,3.737,-3.0321,-3.0393,-0.0072,0.25,7.9164,0.7546,1.4224,8.4,3.5918,-0.0705
150.9,seguindo,gargalo_eixo,9.8022,3.7352,-3.0375,-3.0397,-0.0021,0.25,7.904,1.0096,1.4094,8.4,3.5918,-0.0755
150.95,seguindo,gargalo_eixo,9.7829,3.7325,-3.0466,-3.0402,0.0064,0.25,7.8855,1.0096,1.3901,8.4,3.5918,-0.0826
151.0,seguindo,gargalo_eixo,9.7701,3.7308,-3.0529,-3.0405,0.0125,0.25,7.8731,1.0096,1.3771,8.4,3.5918,-0.0861
151.05,seguindo,gargalo_eixo,9.7519,3.7289,-3.0577,-3.0405,0.0172,0.25,7.8554,1.3946,1.3588,8.4,3.5918,-0.0915
151.1,seguindo,gargalo_eixo,9.74,3.7278,-3.059,-3.0405,0.0185,0.25,7.8439,1.3946,1.3469,8.4,3.5918,-0.094
151.15,seguindo,gargalo_eixo,9.7232,3.7267,-3.0555,-3.04,0.0155,0.25,7.8275,1.9841,1.33,8.4,3.5918,-0.0978
151.2,seguindo,gargalo_eixo,9.7123,3.726,-3.0512,-3.0396,0.0116,0.25,7.8168,1.9841,1.3191,8.4,3.5918,-0.1003
151.25,seguindo,gargalo_eixo,9.6966,3.7254,-3.0404,-3.0389,0.0015,0.25,7.8014,1.9841,1.3034,8.4,3.5918,-0.1029
151.3,seguindo,gargalo_eixo,9.6863,3.7251,-3.0313,-3.0383,-0.007,0.25,7.7913,2.8397,1.2932,8.4,3.5918,-0.1047
151.35,seguindo,gargalo_eixo,9.6712,3.7247,-3.0144,-3.0374,-0.023,0.25,7.7765,2.8397,1.2781,8.4,3.5918,-0.1072
151.4,seguindo,gargalo_eixo,9.6612,3.7244,-3.0021,-3.0369,-0.0348,0.25,7.7666,2.8397,1.2681,8.4,3.5918,-0.1083
151.45,seguindo,gargalo_eixo,9.6462,3.7237,-2.9834,-3.0362,-0.0528,0.25,7.752,2.0358,1.2531,8.4,3.5918,-0.1097
151.5,seguindo,gargalo_eixo,9.6362,3.723,-2.9709,-3.0358,-0.0649,0.25,7.7423,2.0358,1.2431,8.4,3.5918,-0.1105
151.55,seguindo,gargalo_eixo,9.6212,3.7218,-2.9528,-3.0355,-0.0827,0.25,7.7276,2.0358,1.2281,8.4,3.5918,-0.1109
151.6,seguindo,gargalo_eixo,9.6111,3.7208,-2.9414,-3.0355,-0.0941,0.25,7.7179,2.0358,1.2179,8.4,3.5918,-0.1108
151.65,seguindo,gargalo_eixo,9.596,3.719,-2.9245,-3.0356,-0.1112,0.25,7.7032,1.506,1.2027,8.4,3.5918,-0.1105
151.7,seguindo,gargalo_eixo,9.5858,3.7176,-2.9135,-3.0359,-0.1224,0.25,7.6935,1.506,1.1924,8.4,3.5918,-0.11
151.75,seguindo,gargalo_eixo,9.5706,3.7153,-2.8977,-3.0365,-0.1388,0.25,7.6788,1.506,1.1771,8.4,3.5918,-0.1086
151.8,seguindo,gargalo_eixo,9.5604,3.7135,-2.8875,-3.0371,-0.1496,0.25,7.6691,1.1534,1.1667,8.4,3.5918,-0.1075
151.85,seguindo,gargalo_eixo,9.5451,3.7107,-2.8727,-3.0381,-0.1654,0.25,7.6545,1.1534,1.1512,8.4,3.5918,-0.1056
151.9,seguindo,gargalo_eixo,9.5349,3.7086,-2.8633,-3.039,-0.1757,0.25,7.6447,1.1534,1.1408,8.4,3.5918,-0.104
151.95,seguindo,gargalo_eixo,9.5195,3.7052,-2.8497,-3.0406,-0.1909,0.25,7.6301,0.9311,1.1252,8.4,3.5918,-0.1012
152.0,seguindo,gargalo_eixo,9.5092,3.7028,-2.841,-3.0418,-0.2008,0.25,7.6204,0.9311,1.1147,8.4,3.5918,-0.0992
152.05,seguindo,gargalo_eixo,9.4938,3.6991,-2.8277,-3.0438,-0.2161,0.25,7.6059,0.9311,1.099,8.4,3.5918,-0.0961
152.1,seguindo,gargalo_eixo,9.4836,3.6965,-2.8188,-3.0452,-0.2264,0.25,7.5963,0.9311,1.0886,8.4,3.5918,-0.0937
152.15,seguindo,gargalo_eixo,9.4684,3.6925,-2.8053,-3.0476,-0.2423,0.25,7.582,0.8003,1.0731,8.4,3.5918,-0.0901
152.2,seguindo,gargalo_eixo,9.4583,3.6897,-2.7962,-3.0494,-0.2531,0.25,7.5725,0.8003,1.0627,8.4,3.5918,-0.0875
152.25,seguindo,gargalo_eixo,9.4432,3.6853,-2.7825,-3.0522,-0.2697,0.25,7.5584,0.8003,1.0473,8.4,3.5918,-0.0835
152.3,seguindo,gargalo_eixo,9.4331,3.6823,-2.7733,-3.0542,-0.2809,0.25,7.549,0.8003,1.037,8.4,3.5918,-0.0806
152.35,seguindo,gargalo_eixo,9.4181,3.6776,-2.7593,-3.0575,-0.2982,0.25,7.5351,0.7355,1.0217,8.4,3.5918,-0.0762
152.4,seguindo,gargalo_eixo,9.4082,3.6744,-2.7499,-3.0598,-0.3099,0.25,7.5259,0.7355,1.0115,8.4,3.5918,-0.0731
152.45,seguindo,gargalo_eixo,9.3933,3.6694,-2.7357,-3.0636,-0.3279,0.25,7.5121,0.7283,0.9963,8.4,3.5918,-0.0683
152.5,seguindo,gargalo_eixo,9.3835,3.6659,-2.7262,-3.0663,-0.3401,0.25,7.503,0.7089,0.9862,8.4,3.5918,-0.065
152.55,seguindo,gargalo_eixo,9.3688,3.6606,-2.712,-3.0707,-0.3587,0.25,7.4895,0.6613,0.9712,8.4,3.5918,-0.0598
152.6,seguindo,gargalo_eixo,9.359,3.6569,-2.7025,-3.0738,-0.3713,0.25,7.4806,0.6343,0.9612,8.4,3.5918,-0.0562
152.65,seguindo,gargalo_eixo,9.3444,3.6512,-2.6883,-3.0787,-0.3905,0.25,7.4672,0.5951,0.9463,8.4,3.5918,-0.0506
152.7,seguindo,gargalo_eixo,9.3347,3.6473,-2.6788,-3.0822,-0.4034,0.25,7.4584,0.57,0.9363,8.4,3.5918,-0.0468
152.75,seguindo,gargalo_eixo,9.3198,3.6408,-2.6685,-3.0884,-0.4199,0.25,7.445,0.5436,0.9211,8.4,3.5918,-0.0403
152.8,seguindo,gargalo_eixo,9.3098,3.6361,-2.6638,-3.093,-0.4291,0.25,7.436,0.5069,0.9108,8.4,3.5918,-0.0357
152.85,seguindo,gargalo_eixo,9.2953,3.6287,-2.6623,-3.1004,-0.4381,0.25,7.4231,0.4548,0.896,8.4,3.5918,-0.0283
152.9,seguindo,gargalo_eixo,9.2858,3.6237,-2.6631,-3.1056,-0.4425,0.25,7.4147,0.4215,0.8863,8.4,3.5918,-0.0234
152.95,seguindo,gargalo_eixo,9.2718,3.6159,-2.6694,-3.114,-0.4446,0.25,7.4023,0.4039,0.8721,8.4,3.5918,-0.0156
153.0,seguindo,gargalo_eixo,9.2625,3.6106,-2.6754,-3.1197,-0.4444,0.25,7.3942,0.3562,0.8627,8.4,3.5918,-0.0104
153.05,seguindo,gargalo_eixo,9.2489,3.6026,-2.6893,-3.1288,-0.4395,0.25,7.3824,0.2866,0.8489,8.4,3.5918,-0.0025
153.1,seguindo,gargalo_eixo,9.2399,3.5973,-2.7004,-3.135,-0.4346,0.2413,7.3745,0.2413,0.8398,8.4,3.5918,0.0028
153.15,seguindo,gargalo_eixo,9.2265,3.5892,-2.7221,3.1385,-0.4226,0.1766,7.363,0.1766,0.8265,8.4,3.5918,0.0109
153.2,seguindo,gargalo_eixo,9.2177,3.5839,-2.7384,3.1319,-0.4129,0.1422,7.3553,0.1422,0.8177,8.4,3.5918,0.0162
153.25,seguindo,gargalo_eixo,9.2043,3.5758,-2.7678,3.1218,-0.3936,0.036,7.3438,0.036,0.8045,8.4,3.5918,0.0242
153.3,seguindo,gargalo_eixo,9.1954,3.5706,-2.7892,3.1149,-0.3791,0.25,7.336,0.7275,0.7956,8.4,3.5918,0.0294
153.35,seguindo,gargalo_eixo,9.1843,3.5641,-2.8192,3.1063,-0.3577,0.25,7.3264,0.7067,0.7847,8.4,3.5918,0.0359
153.4,seguindo,gargalo_eixo,9.178,3.5602,-2.841,3.101,-0.3412,0.25,7.321,0.6957,0.7786,8.4,3.5918,0.0397
153.45,seguindo,gargalo_eixo,9.1712,3.556,-2.8672,3.0952,-0.3208,0.25,7.3151,0.6635,0.772,8.4,3.5918,0.0439
153.5,seguindo,gargalo_eixo,9.1678,3.5538,-2.8818,3.0922,-0.3092,0.25,7.3123,0.6547,0.7687,8.4,3.5918,0.0461
153.55,seguindo,gargalo_eixo,9.1654,3.5519,-2.8976,3.0895,-0.2961,0.25,7.3103,0.6484,0.7664,8.4,3.5918,0.048
153.6,seguindo,gargalo_eixo,9.165,3.5511,-2.9052,3.0885,-0.2895,0.25,7.3101,0.6475,0.7661,8.4,3.5918,0.0488
153.65,seguindo,gargalo_eixo,9.1672,3.5511,-2.9112,3.0887,-0.2834,0.25,7.3121,0.6533,0.7682,8.4,3.5918,0.0488
153.7,seguindo,gargalo_eixo,9.1698,3.5516,-2.9123,3.0895,-0.2814,0.25,7.3146,0.6602,0.7708,8.4,3.5918,0.0483
153.75,seguindo,gargalo_eixo,9.1765,3.5531,-2.914,3.0918,-0.2774,0.25,7.3209,0.6935,0.7774,8.4,3.5918,0.0468
153.8,seguindo,gargalo_eixo,9.1821,3.5543,-2.915,3.0937,-0.2745,0.25,7.3262,0.7036,0.783,8.4,3.5918,0.0457
153.85,seguindo,gargalo_eixo,9.1928,3.5566,-2.9163,3.0973,-0.2696,0.25,7.3362,0.7234,0.7936,8.4,3.5918,0.0433
153.9,seguindo,gargalo_eixo,9.2007,3.5584,-2.9171,3.0999,-0.2662,0.011,7.3436,0.011,0.8014,8.4,3.5918,0.0416
153.95,seguindo,gargalo_eixo,9.2106,3.5605,-2.918,3.103,-0.2621,0.0895,7.3528,0.0895,0.8111,8.4,3.5918,0.0395
154.0,seguindo,gargalo_eixo,9.2162,3.5617,-2.9187,3.1048,-0.2596,0.1349,7.3582,0.1349,0.8168,8.4,3.5918,0.0383
154.05,seguindo,gargalo_eixo,9.2228,3.5631,-2.9195,3.1068,-0.2569,0.1873,7.3643,0.1873,0.8233,8.4,3.5918,0.037
154.1,seguindo,gargalo_eixo,9.2263,3.5639,-2.92,3.1078,-0.2554,0.1777,7.3676,0.1777,0.8267,8.4,3.5918,0.0362
154.15,seguindo,gargalo_eixo,9.2295,3.5645,-2.9203,3.1088,-0.2541,0.1929,7.3707,0.1929,0.8299,8.4,3.5918,0.0356
154.2,seguindo,gargalo_eixo,9.2308,3.5648,-2.9205,3.1091,-0.2536,0.1989,7.3718,0.1989,0.8312,8.4,3.5918,0.0353
154.25,seguindo,gargalo_eixo,9.2315,3.5649,-2.9206,3.1093,-0.2533,0.2022,7.3725,0.2022,0.8319,8.4,3.5918,0.0352
154.3,seguindo,gargalo_eixo,9.2315,3.5649,-2.9206,3.1093,-0.2533,0.2022,7.3725,0.2022,0.8319,8.4,3.5918,0.0352
154.35,seguindo,gargalo_eixo,9.2315,3.5649,-2.9206,3.1093,-0.2533,0.2022,7.3725,0.2022,0.8319,8.4,3.5918,0.0352
154.4,seguindo,gargalo_eixo,9.2315,3.5649,-2.9206,3.1093,-0.2533,0.2022,7.3725,0.2022,0.8319,8.4,3.5918,0.0352
154.45,seguindo,gargalo_eixo,9.2315,3.5649,-2.9206,3.1093,-0.2533,0.2022,7.3725,0.2022,0.8319,8.4,3.5918,0.0352
154.5,seguindo,gargalo_eixo,9.2315,3.5649,-2.9206,3.1093,-0.2533,0.2022,7.3725,0.2022,0.8319,8.4,3.5918,0.0352
154.55,seguindo,gargalo_eixo,9.2315,3.5649,-2.9206,3.1093,-0.2533,0.2022,7.3725,0.2022,0.8319,8.4,3.5918,0.0352
154.6,seguindo,gargalo_eixo,9.2315,3.5649,-2.9206,3.1093,-0.2533,0.2022,7.3725,0.2022,0.8319,8.4,3.5918,0.0352
154.65,seguindo,gargalo_eixo,9.2315,3.5649,-2.9206,3.1093,-0.2533,0.2022,7.3725,0.2022,0.8319,8.4,3.5918,0.0352
154.7,seguindo,gargalo_eixo,9.2315,3.5649,-2.9206,3.1093,-0.2533,0.2022,7.3725,0.2022,0.8319,8.4,3.5918,0.0352
154.75,seguindo,gargalo_eixo,9.2315,3.5649,-2.9206,3.1093,-0.2533,0.2022,7.3725,0.2022,0.8319,8.4,3.5918,0.0352
154.8,seguindo,gargalo_eixo,9.2315,3.5649,-2.9206,3.1093,-0.2533,0.2022,7.3725,0.2022,0.8319,8.4,3.5918,0.0352
154.85,seguindo,gargalo_eixo,9.2315,3.5649,-2.9206,3.1093,-0.2533,0.2022,7.3725,0.2022,0.8319,8.4,3.5918,0.0352
154.9,seguindo,gargalo_eixo,9.2315,3.5649,-2.9206,3.1093,-0.2533,0.2022,7.3725,0.2022,0.8319,8.4,3.5918,0.0352
154.95,seguindo,gargalo_eixo,9.2315,3.5649,-2.9206,3.1093,-0.2533,0.2022,7.3725,0.2022,0.8319,8.4,3.5918,0.0352
155.0,seguindo,gargalo_eixo,9.2315,3.5649,-2.9206,3.1093,-0.2533,0.2022,7.3725,0.2022,0.8319,8.4,3.5918,0.0352
155.05,seguindo,gargalo_eixo,9.2315,3.5649,-2.9206,3.1093,-0.2533,0.2022,7.3725,0.2022,0.8319,8.4,3.5918,0.0352
155.1,seguindo,gargalo_eixo,9.2315,3.5649,-2.9206,3.1093,-0.2533,0.2022,7.3725,0.2022,0.8319,8.4,3.5918,0.0352
155.15,seguindo,gargalo_eixo,9.2315,3.5649,-2.9206,3.1093,-0.2533,0.2022,7.3725,0.2022,0.8319,8.4,3.5918,0.0352
155.2,seguindo,gargalo_eixo,9.2315,3.5649,-2.9206,3.1093,-0.2533,0.2022,7.3725,0.2022,0.8319,8.4,3.5918,0.0352
155.25,seguindo,gargalo_eixo,9.2315,3.5649,-2.9206,3.1093,-0.2533,0.2022,7.3725,0.2022,0.8319,8.4,3.5918,0.0352
155.3,seguindo,gargalo_eixo,9.2315,3.5649,-2.9206,3.1093,-0.2533,0.2022,7.3725,0.2022,0.8319,8.4,3.5918,0.0352
155.35,seguindo,gargalo_eixo,9.2315,3.5649,-2.9206,3.1093,-0.2533,0.2022,7.3725,0.2022,0.8319,8.4,3.5918,0.0352
155.4,seguindo,gargalo_eixo,9.2315,3.5649,-2.9206,3.1093,-0.2533,0.2022,7.3725,0.2022,0.8319,8.4,3.5918,0.0352
155.45,seguindo,gargalo_eixo,9.2315,3.5649,-2.9206,3.1093,-0.2533,0.2022,7.3725,0.2022,0.8319,8.4,3.5918,0.0352
155.5,seguindo,gargalo_eixo,9.2315,3.5649,-2.9206,3.1093,-0.2533,0.2022,7.3725,0.2022,0.8319,8.4,3.5918,0.0352
155.55,seguindo,gargalo_eixo,9.2315,3.5649,-2.9206,3.1093,-0.2533,0.2022,7.3725,0.2022,0.8319,8.4,3.5918,0.0352
155.6,seguindo,gargalo_eixo,9.2315,3.5649,-2.9206,3.1093,-0.2533,0.2022,7.3725,0.2022,0.8319,8.4,3.5918,0.0352
155.65,seguindo,gargalo_eixo,9.2315,3.5649,-2.9206,3.1093,-0.2533,0.2022,7.3725,0.2022,0.8319,8.4,3.5918,0.0352
155.7,seguindo,gargalo_eixo,9.2315,3.5649,-2.9206,3.1093,-0.2533,0.2022,7.3725,0.2022,0.8319,8.4,3.5918,0.0352
155.75,seguindo,gargalo_eixo,9.2315,3.5649,-2.9206,3.1093,-0.2533,0.2022,7.3725,0.2022,0.8319,8.4,3.5918,0.0352
155.8,seguindo,gargalo_eixo,9.2315,3.5649,-2.9206,3.1093,-0.2533,0.2022,7.3725,0.2022,0.8319,8.4,3.5918,0.0352
155.85,seguindo,gargalo_eixo,9.2315,3.5649,-2.9206,3.1093,-0.2533,0.2022,7.3725,0.2022,0.8319,8.4,3.5918,0.0352
155.9,seguindo,gargalo_eixo,9.2315,3.5649,-2.9206,3.1093,-0.2533,0.2022,7.3725,0.2022,0.8319,8.4,3.5918,0.0352
155.95,seguindo,gargalo_eixo,9.2315,3.5649,-2.9206,3.1093,-0.2533,0.2022,7.3725,0.2022,0.8319,8.4,3.5918,0.0352
156.0,seguindo,gargalo_eixo,9.2315,3.5649,-2.9206,3.1093,-0.2533,0.2022,7.3725,0.2022,0.8319,8.4,3.5918,0.0352
156.05,seguindo,gargalo_eixo,9.2315,3.5649,-2.9206,3.1093,-0.2533,0.2022,7.3725,0.2022,0.8319,8.4,3.5918,0.0352
156.1,seguindo,gargalo_eixo,9.2315,3.5649,-2.9206,3.1093,-0.2533,0.2022,7.3725,0.2022,0.8319,8.4,3.5918,0.0352
156.15,seguindo,gargalo_eixo,9.2315,3.5649,-2.9206,3.1093,-0.2533,0.2022,7.3725,0.2022,0.8319,8.4,3.5918,0.0352
156.2,seguindo,gargalo_eixo,9.2315,3.5649,-2.9206,3.1093,-0.2533,0.2022,7.3725,0.2022,0.8319,8.4,3.5918,0.0352
156.25,seguindo,gargalo_eixo,9.2315,3.5649,-2.9206,3.1093,-0.2533,0.2022,7.3725,0.2022,0.8319,8.4,3.5918,0.0352
156.3,seguindo,gargalo_eixo,9.2315,3.5649,-2.9206,3.1093,-0.2533,0.2022,7.3725,0.2022,0.8319,8.4,3.5918,0.0352
156.35,seguindo,gargalo_eixo,9.2315,3.5649,-2.9206,3.1093,-0.2533,0.2022,7.3725,0.2022,0.8319,8.4,3.5918,0.0352
156.4,seguindo,gargalo_eixo,9.2315,3.5649,-2.9206,3.1093,-0.2533,0.2022,7.3725,0.2022,0.8319,8.4,3.5918,0.0352
156.45,seguindo,gargalo_eixo,9.2315,3.5649,-2.9206,3.1093,-0.2533,0.2022,7.3725,0.2022,0.8319,8.4,3.5918,0.0352
156.5,seguindo,gargalo_eixo,9.2315,3.5649,-2.9206,3.1093,-0.2533,0.2022,7.3725,0.2022,0.8319,8.4,3.5918,0.0352
156.55,seguindo,gargalo_eixo,9.2315,3.5649,-2.9206,3.1093,-0.2533,0.2022,7.3725,0.2022,0.8319,8.4,3.5918,0.0352
156.6,seguindo,gargalo_eixo,9.2315,3.5649,-2.9206,3.1093,-0.2533,0.2022,7.3725,0.2022,0.8319,8.4,3.5918,0.0352
156.65,seguindo,gargalo_eixo,9.2315,3.5649,-2.9206,3.1093,-0.2533,0.2022,7.3725,0.2022,0.8319,8.4,3.5918,0.0352
156.7,seguindo,gargalo_eixo,9.2315,3.5649,-2.9206,3.1093,-0.2533,0.2022,7.3725,0.2022,0.8319,8.4,3.5918,0.0352
156.75,seguindo,gargalo_eixo,9.2315,3.5649,-2.9206,3.1093,-0.2533,0.2022,7.3725,0.2022,0.8319,8.4,3.5918,0.0352
156.8,seguindo,gargalo_eixo,9.2315,3.5649,-2.9206,3.1093,-0.2533,0.2022,7.3725,0.2022,0.8319,8.4,3.5918,0.0352
156.85,seguindo,gargalo_eixo,9.2315,3.5649,-2.9206,3.1093,-0.2533,0.2022,7.3725,0.2022,0.8319,8.4,3.5918,0.0352
156.9,seguindo,gargalo_eixo,9.2315,3.5649,-2.9206,3.1093,-0.2533,0.2022,7.3725,0.2022,0.8319,8.4,3.5918,0.0352
156.95,seguindo,gargalo_eixo,9.2315,3.5649,-2.9206,3.1093,-0.2533,0.2022,7.3725,0.2022,0.8319,8.4,3.5918,0.0352
157.0,seguindo,gargalo_eixo,9.2315,3.5649,-2.9206,3.1093,-0.2533,0.2022,7.3725,0.2022,0.8319,8.4,3.5918,0.0352
157.05,seguindo,gargalo_eixo,9.2315,3.5649,-2.9206,3.1093,-0.2533,0.2022,7.3725,0.2022,0.8319,8.4,3.5918,0.0352
157.1,seguindo,gargalo_eixo,9.2315,3.5649,-2.9206,3.1093,-0.2533,0.2022,7.3725,0.2022,0.8319,8.4,3.5918,0.0352
157.15,seguindo,gargalo_eixo,9.2315,3.5649,-2.9206,3.1093,-0.2533,0.2022,7.3725,0.2022,0.8319,8.4,3.5918,0.0352
157.2,seguindo,gargalo_eixo,9.2315,3.5649,-2.9206,3.1093,-0.2533,0.2022,7.3725,0.2022,0.8319,8.4,3.5918,0.0352
157.25,seguindo,gargalo_eixo,9.2315,3.5649,-2.9206,3.1093,-0.2533,0.2022,7.3725,0.2022,0.8319,8.4,3.5918,0.0352
157.3,seguindo,gargalo_eixo,9.2315,3.5649,-2.9206,3.1093,-0.2533,0.2022,7.3725,0.2022,0.8319,8.4,3.5918,0.0352
157.35,re,,9.2315,3.5649,-2.9206,-2.9206,0.0,-0.203,7.3725,inf,,,,0.0
157.4,re,,9.2315,3.5649,-2.9206,-2.9206,0.0,-0.203,7.3725,inf,,,,0.0
157.45,re,,9.2315,3.5649,-2.9206,-2.9206,0.0,-0.203,7.3725,inf,,,,0.0
157.5,re,,9.2315,3.5649,-2.9206,-2.9206,0.0,-0.203,7.3725,inf,,,,0.0
157.55,re,,9.2315,3.5649,-2.9206,-2.9206,0.0,-0.203,7.3725,inf,,,,0.0
157.6,re,,9.2315,3.5649,-2.9206,-2.9206,0.0,-0.203,7.3725,inf,,,,0.0
157.65,re,,9.2315,3.5649,-2.9206,-2.9206,0.0,-0.203,7.3725,inf,,,,0.0
157.7,re,,9.2315,3.5649,-2.9206,-2.9206,0.0,-0.203,7.3725,inf,,,,0.0
157.75,re,,9.2344,3.5655,-2.9218,-2.9218,0.0,-0.203,7.3753,inf,,,,0.0
157.8,re,,9.2377,3.5661,-2.9229,-2.9229,0.0,-0.203,7.3783,inf,,,,0.0
157.85,re,,9.2453,3.5677,-2.9247,-2.9247,0.0,-0.203,7.3855,inf,,,,0.0
157.9,re,,9.2517,3.569,-2.9258,-2.9258,0.0,-0.203,7.3915,inf,,,,0.0
157.95,re,,9.2641,3.5716,-2.9276,-2.9276,0.0,-0.203,7.4032,inf,,,,0.0
158.0,re,,9.2736,3.5735,-2.9288,-2.9288,0.0,-0.203,7.4121,inf,,,,0.0
158.05,re,,9.2897,3.5769,-2.9305,-2.9305,0.0,-0.203,7.4274,inf,,,,0.0
158.1,re,,9.3012,3.5792,-2.9316,-2.9316,0.0,-0.203,7.4382,inf,,,,0.0
158.15,re,,9.3185,3.5828,-2.9331,-2.9331,0.0,-0.203,7.4544,inf,,,,0.0
158.2,re,,9.3299,3.5851,-2.934,-2.934,0.0,-0.203,7.4652,inf,,,,0.0
158.25,re,,9.347,3.5886,-2.9347,-2.9347,0.0,-0.203,7.4814,inf,,,,0.0
158.3,re,,9.3584,3.591,-2.935,-2.935,0.0,-0.203,7.4921,inf,,,,0.0
158.35,re,,9.3753,3.5946,-2.9346,-2.9346,0.0,-0.203,7.508,inf,,,,0.0
158.4,re,,9.3866,3.597,-2.934,-2.934,0.0,-0.203,7.5186,inf,,,,0.0
158.45,re,,9.4032,3.6007,-2.9323,-2.9323,0.0,-0.203,7.5343,inf,,,,0.0
158.5,re,,9.4143,3.6031,-2.9309,-2.9309,0.0,-0.203,7.5448,inf,,,,0.0
158.55,re,,9.4308,3.6069,-2.9283,-2.9283,0.0,-0.203,7.5603,inf,,,,0.0
158.6,re,,9.4418,3.6094,-2.9264,-2.9264,0.0,-0.203,7.5706,inf,,,,0.0
158.65,re,,9.4583,3.6133,-2.9235,-2.9235,0.0,-0.203,7.5861,inf,,,,0.0
158.7,re,,9.4692,3.6159,-2.9215,-2.9215,0.0,-0.203,7.5964,inf,,,,0.0
158.75,re,,9.4856,3.6199,-2.9185,-2.9185,0.0,-0.203,7.6118,inf,,,,0.0
158.8,re,,9.4966,3.6225,-2.9165,-2.9165,0.0,-0.203,7.6221,inf,,,,0.0
158.85,re,,9.513,3.6266,-2.9135,-2.9135,0.0,-0.203,7.6375,inf,,,,0.0
158.9,re,,9.5239,3.6293,-2.9115,-2.9115,0.0,-0.203,7.6477,inf,,,,0.0
159.0,seguindo,gargalo_eixo,9.5512,3.6361,-2.9067,-3.1031,-0.1964,0.25,7.6734,1.1534,1.152,8.4,3.5918,-0.0308
159.05,seguindo,gargalo_eixo,9.5676,3.6403,-2.9038,-3.1,-0.1962,0.25,7.6888,1.1534,1.1686,8.4,3.5918,-0.034
159.1,seguindo,gargalo_eixo,9.5785,3.6431,-2.9019,-3.098,-0.1961,0.25,7.699,1.506,1.1796,8.4,3.5918,-0.0361
159.15,seguindo,gargalo_eixo,9.5949,3.6474,-2.8991,-3.0951,-0.196,0.25,7.7144,1.506,1.1961,8.4,3.5918,-0.0393
159.2,seguindo,gargalo_eixo,9.6058,3.6503,-2.8972,-3.0931,-0.1959,0.25,7.7246,1.506,1.2072,8.4,3.5918,-0.0412
159.25,seguindo,gargalo_eixo,9.6221,3.6546,-2.8943,-3.0902,-0.1959,0.25,7.7399,2.0358,1.2237,8.4,3.5918,-0.0439
159.3,seguindo,gargalo_eixo,9.633,3.6575,-2.8924,-3.0883,-0.1959,0.25,7.7502,2.0358,1.2347,8.4,3.5918,-0.0458
159.35,seguindo,gargalo_eixo,9.6493,3.6619,-2.8895,-3.0855,-0.1959,0.25,7.7655,2.0358,1.2512,8.4,3.5918,-0.0482
159.4,seguindo,gargalo_eixo,9.6602,3.6649,-2.8876,-3.0836,-0.196,0.25,7.7757,2.0358,1.2623,8.4,3.5918,-0.0496
159.45,seguindo,gargalo_eixo,9.6765,3.6694,-2.8848,-3.0808,-0.1961,0.25,7.7909,2.8397,1.2788,8.4,3.5918,-0.0518
159.5,seguindo,gargalo_eixo,9.6873,3.6724,-2.8829,-3.079,-0.1961,0.25,7.8011,2.8397,1.2898,8.4,3.5918,-0.053
159.55,seguindo,gargalo_eixo,9.701,3.6759,-2.884,-3.077,-0.193,0.25,7.814,2.8397,1.3037,8.4,3.5918,-0.0536
159.6,seguindo,gargalo_eixo,9.7089,3.6777,-2.8872,-3.076,-0.1888,0.25,7.8215,1.9841,1.3117,8.4,3.5918,-0.0537
159.65,seguindo,gargalo_eixo,9.718,3.6798,-2.8894,-3.0749,-0.1855,0.25,7.8301,1.9841,1.3209,8.4,3.5918,-0.0539
159.7,seguindo,gargalo_eixo,9.7227,3.681,-2.8894,-3.0742,-0.1849,0.25,7.8345,1.9841,1.3257,8.4,3.5918,-0.0541
159.75,seguindo,gargalo_eixo,9.7271,3.6821,-2.8893,-3.0737,-0.1844,0.25,7.8387,1.9841,1.3301,8.4,3.5918,-0.054
159.8,seguindo,gargalo_eixo,9.7288,3.6825,-2.8893,-3.0734,-0.1841,0.25,7.8402,1.9841,1.3318,8.4,3.5918,-0.0539
159.85,seguindo,gargalo_eixo,9.7285,3.6827,-2.8852,-3.0732,-0.1881,0.25,7.8399,1.9841,1.3315,8.4,3.5918,-0.0542
159.9,seguindo,gargalo_eixo,9.7269,3.6827,-2.88,-3.0731,-0.1931,0.25,7.8384,1.9841,1.33,8.4,3.5918,-0.0547
159.95,seguindo,gargalo_eixo,9.7219,3.6822,-2.8686,-3.0733,-0.2047,0.25,7.8335,1.9841,1.3249,8.4,3.5918,-0.0555
160.0,seguindo,gargalo_eixo,9.7171,3.6817,-2.8592,-3.0735,-0.2142,0.25,7.8289,1.9841,1.3201,8.4,3.5918,-0.0559
160.05,seguindo,gargalo_eixo,9.7075,3.6797,-2.8477,-3.0744,-0.2268,0.25,7.8197,1.9841,1.3104,8.4,3.5918,-0.0559
160.1,seguindo,gargalo_eixo,9.6998,3.6779,-2.8417,-3.0754,-0.2337,0.25,7.8125,2.8397,1.3026,8.4,3.5918,-0.0557
160.15,seguindo,gargalo_eixo,9.6858,3.6738,-2.8372,-3.0779,-0.2407,0.25,7.7994,2.8397,1.2884,8.4,3.5918,-0.0546
160.2,seguindo,gargalo_eixo,9.6752,3.6705,-2.8368,-3.0799,-0.2431,0.25,7.7895,2.8397,1.2776,8.4,3.5918,-0.053
160.25,seguindo,gargalo_eixo,9.6577,3.6647,-2.8408,-3.0837,-0.2429,0.25,7.7732,2.0358,1.2598,8.4,3.5918,-0.0497
160.3,seguindo,gargalo_eixo,9.6453,3.6605,-2.8456,-3.0865,-0.2409,0.25,7.7618,2.0358,1.2472,8.4,3.5918,-0.0473
160.35,seguindo,gargalo_eixo,9.6269,3.6542,-2.8545,-3.0908,-0.2363,0.25,7.7447,2.0358,1.2284,8.4,3.5918,-0.0431
160.4,seguindo,gargalo_eixo,9.6147,3.6501,-2.8608,-3.0936,-0.2328,0.25,7.7334,1.506,1.216,8.4,3.5918,-0.0401
160.45,seguindo,gargalo_eixo,9.5975,3.6447,-2.8656,-3.0974,-0.2318,0.25,7.7174,1.506,1.1986,8.4,3.5918,-0.0365
160.5,seguindo,gargalo_eixo,9.5864,3.6415,-2.8668,-3.0997,-0.2329,0.25,7.7071,1.506,1.1874,8.4,3.5918,-0.034
160.55,seguindo,gargalo_eixo,9.5701,3.6372,-2.8637,-3.1028,-0.2391,0.25,7.6918,1.1534,1.171,8.4,3.5918,-0.0307
160.6,seguindo,gargalo_eixo,9.5595,3.6345,-2.8598,-3.1048,-0.245,0.25,7.6818,1.1534,1.1602,8.4,3.5918,-0.0286
160.65,seguindo,gargalo_eixo,9.5441,3.6309,-2.8487,-3.1074,-0.2587,0.25,7.6673,1.1534,1.1447,8.4,3.5918,-0.0259
160.7,seguindo,gargalo_eixo,9.5291,3.6274,-2.8351,-3.11,-0.2749,0.25,7.6532,1.1534,1.1296,8.4,3.5918,-0.0231
160.75,seguindo,gargalo_eixo,9.5194,3.6253,-2.8225,-3.1116,-0.2891,0.25,7.644,0.9311,1.1198,8.4,3.5918,-0.0214
160.8,seguindo,gargalo_eixo,9.5048,3.622,-2.8035,-3.1142,-0.3108,0.25,7.6303,0.9311,1.1052,8.4,3.5918,-0.0186
160.85,seguindo,gargalo_eixo,9.4951,3.6196,-2.7909,-3.1162,-0.3252,0.25,7.6212,0.9311,1.0954,8.4,3.5918,-0.0166
160.9,seguindo,gargalo_eixo,9.4854,3.6171,-2.7786,-3.1183,-0.3397,0.25,7.6121,0.9311,1.0857,8.4,3.5918,-0.0143
160.95,seguindo,gargalo_eixo,9.4709,3.613,-2.7602,-3.1217,-0.3615,0.25,7.5986,0.8003,1.0711,8.4,3.5918,-0.0106
161.0,seguindo,gargalo_eixo,9.4613,3.6102,-2.7483,-3.1243,-0.3759,0.25,7.5896,0.8003,1.0614,8.4,3.5918,-0.008
161.05,seguindo,gargalo_eixo,9.4468,3.6055,-2.7312,-3.1285,-0.3972,0.25,7.5762,0.8003,1.0468,8.4,3.5918,-0.0037
161.1,seguindo,gargalo_eixo,9.4371,3.6022,-2.7203,-3.1315,-0.4112,0.25,7.5673,0.8003,1.0371,8.4,3.5918,-0.0005
161.15,seguindo,gargalo_eixo,9.422,3.5964,-2.7088,-3.1371,-0.4283,0.25,7.5536,0.7355,1.022,8.4,3.5918,0.0051
161.2,seguindo,gargalo_eixo,9.4118,3.5921,-2.7037,-3.1413,-0.4375,0.25,7.5443,0.7355,1.0117,8.4,3.5918,0.0092
161.25,seguindo,gargalo_eixo,9.3969,3.5853,-2.7016,3.1351,-0.4465,0.25,7.531,0.7294,0.9969,8.4,3.5918,0.0158
161.3,seguindo,gargalo_eixo,9.3872,3.5807,-2.702,3.1304,-0.4508,0.25,7.5223,0.7107,0.9872,8.4,3.5918,0.0203
161.35,seguindo,gargalo_eixo,9.3729,3.5736,-2.7075,3.1229,-0.4528,0.25,7.5097,0.6664,0.9731,8.4,3.5918,0.0273
161.4,seguindo,gargalo_eixo,9.3635,3.5687,-2.713,3.1177,-0.4525,0.25,7.5014,0.6413,0.9638,8.4,3.5918,0.032
161.45,seguindo,gargalo_eixo,9.3498,3.5614,-2.7264,3.1096,-0.4473,0.25,7.4892,0.6054,0.9502,8.4,3.5918,0.0393
161.5,seguindo,gargalo_eixo,9.3406,3.5564,-2.7371,3.104,-0.4421,0.25,7.4812,0.5824,0.9412,8.4,3.5918,0.0442
161.55,seguindo,gargalo_eixo,9.3271,3.5489,-2.7581,3.0954,-0.4297,0.25,7.4694,0.5498,0.928,8.4,3.5918,0.0516
161.6,seguindo,gargalo_eixo,9.3181,3.544,-2.7739,3.0896,-0.4197,0.25,7.4615,0.5371,0.9193,8.4,3.5918,0.0565
161.65,seguindo,gargalo_eixo,9.3046,3.5365,-2.8027,3.0806,-0.4,0.25,7.4497,0.4905,0.9062,8.4,3.5918,0.0639
161.7,seguindo,gargalo_eixo,9.2955,3.5316,-2.8237,3.0745,-0.3851,0.25,7.4418,0.4597,0.8974,8.4,3.5918,0.0687
161.75,seguindo,gargalo_eixo,9.2818,3.5242,-2.8601,3.0652,-0.3579,0.25,7.4298,0.4148,0.8843,8.4,3.5918,0.076
161.8,seguindo,gargalo_eixo,9.2726,3.5195,-2.8863,3.0589,-0.338,0.25,7.4218,0.4215,0.8755,8.4,3.5918,0.0807
161.85,seguindo,gargalo_eixo,9.2611,3.5136,-2.9241,3.051,-0.3081,0.25,7.4117,0.3659,0.8646,8.4,3.5918,0.0866
161.901,seguindo,gargalo_eixo,9.2514,3.5081,-2.9666,3.0436,-0.273,0.25,7.4033,0.3195,0.8554,8.4,3.5918,0.0921
161.95,seguindo,gargalo_eixo,9.2475,3.5057,-2.9875,3.0404,-0.2553,0.25,7.4,0.3014,0.8518,8.4,3.5918,0.0944
162.0,seguindo,gargalo_eixo,9.2441,3.5035,-3.0081,3.0374,-0.2377,0.25,7.397,0.2852,0.8486,8.4,3.5918,0.0966
162.05,seguindo,gargalo_eixo,9.2416,3.5012,-3.0327,3.0344,-0.2161,0.25,7.395,0.274,0.8464,8.4,3.5918,0.0989
162.1,seguindo,gargalo_eixo,9.2412,3.5001,-3.0456,3.0331,-0.2045,0.25,7.3949,0.2729,0.8462,8.4,3.5918,0.1
162.15,seguindo,gargalo_eixo,9.2434,3.4992,-3.0592,3.0323,-0.1917,0.25,7.3973,0.2842,0.8484,8.4,3.5918,0.1009
162.2,seguindo,gargalo_eixo,9.2462,3.4989,-3.0651,3.0323,-0.1857,0.25,7.4,0.2982,0.8512,8.4,3.5918,0.1012
162.25,seguindo,gargalo_eixo,9.2532,3.4991,-3.0697,3.0334,-0.1801,0.25,7.4069,0.3334,0.8582,8.4,3.5918,0.1011
162.3,seguindo,gargalo_eixo,9.2592,3.4994,-3.0707,3.0345,-0.178,0.25,7.4126,0.3632,0.8641,8.4,3.5918,0.1008
162.35,seguindo,gargalo_eixo,9.2702,3.5001,-3.0721,3.0366,-0.1745,0.25,7.4233,0.4184,0.8749,8.4,3.5918,0.1001
162.4,seguindo,gargalo_eixo,9.2783,3.5006,-3.0728,3.0381,-0.1723,0.25,7.4311,0.4101,0.883,8.4,3.5918,0.0997
162.45,seguindo,gargalo_eixo,9.2884,3.5012,-3.0737,3.04,-0.1695,0.25,7.4409,0.4442,0.893,8.4,3.5918,0.0991
162.5,seguindo,gargalo_eixo,9.2942,3.5015,-3.0743,3.041,-0.1679,0.25,7.4466,0.4643,0.8988,8.4,3.5918,0.0988
162.55,seguindo,gargalo_eixo,9.301,3.5019,-3.0749,3.0422,-0.1661,0.25,7.4531,0.4877,0.9054,8.4,3.5918,0.0984
162.6,seguindo,gargalo_eixo,9.3046,3.5021,-3.0752,3.0428,-0.1652,0.25,7.4566,0.5005,0.909,8.4,3.5918,0.0982
162.65,seguindo,gargalo_eixo,9.308,3.5023,-3.0755,3.0434,-0.1643,0.25,7.4599,0.5124,0.9124,8.4,3.5918,0.0981
162.7,seguindo,gargalo_eixo,9.3094,3.5024,-3.0756,3.0436,-0.1639,0.25,7.4612,0.5172,0.9137,8.4,3.5918,0.098
162.75,seguindo,gargalo_eixo,9.3101,3.5025,-3.0757,3.0438,-0.1637,0.25,7.462,0.5199,0.9145,8.4,3.5918,0.098
162.8,seguindo,gargalo_eixo,9.3101,3.5025,-3.0757,3.0438,-0.1637,0.25,7.462,0.5199,0.9145,8.4,3.5918,0.098
162.85,seguindo,gargalo_eixo,9.3101,3.5025,-3.0757,3.0438,-0.1637,0.25,7.462,0.5199,0.9145,8.4,3.5918,0.098
162.9,seguindo,gargalo_eixo,9.3101,3.5025,-3.0757,3.0438,-0.1637,0.25,7.462,0.5199,0.9145,8.4,3.5918,0.098
162.95,seguindo,gargalo_eixo,9.3101,3.5025,-3.0757,3.0438,-0.1637,0.25,7.462,0.5199,0.9145,8.4,3.5918,0.098
163.0,seguindo,gargalo_eixo,9.3101,3.5025,-3.0757,3.0438,-0.1637,0.25,7.462,0.5199,0.9145,8.4,3.5918,0.098
163.05,seguindo,gargalo_eixo,9.3101,3.5025,-3.0757,3.0438,-0.1637,0.25,7.462,0.5199,0.9145,8.4,3.5918,0.098
163.1,seguindo,gargalo_eixo,9.3101,3.5025,-3.0757,3.0438,-0.1637,0.25,7.462,0.5199,0.9145,8.4,3.5918,0.098
163.15,seguindo,gargalo_eixo,9.3101,3.5025,-3.0757,3.0438,-0.1637,0.25,7.462,0.5199,0.9145,8.4,3.5918,0.098
163.2,seguindo,gargalo_eixo,9.3101,3.5025,-3.0757,3.0438,-0.1637,0.25,7.462,0.5199,0.9145,8.4,3.5918,0.098
163.25,seguindo,gargalo_eixo,9.3101,3.5025,-3.0757,3.0438,-0.1637,0.25,7.462,0.5199,0.9145,8.4,3.5918,0.098
163.3,seguindo,gargalo_eixo,9.3101,3.5025,-3.0757,3.0438,-0.1637,0.25,7.462,0.5199,0.9145,8.4,3.5918,0.098
163.35,seguindo,gargalo_eixo,9.3101,3.5025,-3.0757,3.0438,-0.1637,0.25,7.462,0.5199,0.9145,8.4,3.5918,0.098
163.4,seguindo,gargalo_eixo,9.3101,3.5025,-3.0757,3.0438,-0.1637,0.25,7.462,0.5199,0.9145,8.4,3.5918,0.098
163.45,seguindo,gargalo_eixo,9.3101,3.5025,-3.0757,3.0438,-0.1637,0.25,7.462,0.5199,0.9145,8.4,3.5918,0.098
163.5,seguindo,gargalo_eixo,9.3101,3.5025,-3.0757,3.0438,-0.1637,0.25,7.462,0.5199,0.9145,8.4,3.5918,0.098
163.55,seguindo,gargalo_eixo,9.3101,3.5025,-3.0757,3.0438,-0.1637,0.25,7.462,0.5199,0.9145,8.4,3.5918,0.098
163.6,seguindo,gargalo_eixo,9.3101,3.5025,-3.0757,3.0438,-0.1637,0.25,7.462,0.5199,0.9145,8.4,3.5918,0.098
163.65,seguindo,gargalo_eixo,9.3101,3.5025,-3.0757,3.0438,-0.1637,0.25,7.462,0.5199,0.9145,8.4,3.5918,0.098
163.7,seguindo,gargalo_eixo,9.3101,3.5025,-3.0757,3.0438,-0.1637,0.25,7.462,0.5199,0.9145,8.4,3.5918,0.098
163.75,seguindo,gargalo_eixo,9.3101,3.5025,-3.0757,3.0438,-0.1637,0.25,7.462,0.5199,0.9145,8.4,3.5918,0.098
163.8,seguindo,gargalo_eixo,9.3101,3.5025,-3.0757,3.0438,-0.1637,0.25,7.462,0.5199,0.9145,8.4,3.5918,0.098
163.85,seguindo,gargalo_eixo,9.3101,3.5025,-3.0757,3.0438,-0.1637,0.25,7.462,0.5199,0.9145,8.4,3.5918,0.098
163.9,seguindo,gargalo_eixo,9.3101,3.5025,-3.0757,3.0438,-0.1637,0.25,7.462,0.5199,0.9145,8.4,3.5918,0.098
163.95,seguindo,gargalo_eixo,9.3101,3.5025,-3.0757,3.0438,-0.1637,0.25,7.462,0.5199,0.9145,8.4,3.5918,0.098
164.0,seguindo,gargalo_eixo,9.3101,3.5025,-3.0757,3.0438,-0.1637,0.25,7.462,0.5199,0.9145,8.4,3.5918,0.098
164.05,seguindo,gargalo_eixo,9.3101,3.5025,-3.0757,3.0438,-0.1637,0.25,7.462,0.5199,0.9145,8.4,3.5918,0.098
164.1,seguindo,gargalo_eixo,9.3101,3.5025,-3.0757,3.0438,-0.1637,0.25,7.462,0.5199,0.9145,8.4,3.5918,0.098
164.15,seguindo,gargalo_eixo,9.3101,3.5025,-3.0757,3.0438,-0.1637,0.25,7.462,0.5199,0.9145,8.4,3.5918,0.098
164.2,seguindo,gargalo_eixo,9.3101,3.5025,-3.0757,3.0438,-0.1637,0.25,7.462,0.5199,0.9145,8.4,3.5918,0.098
164.25,seguindo,gargalo_eixo,9.3101,3.5025,-3.0757,3.0438,-0.1637,0.25,7.462,0.5199,0.9145,8.4,3.5918,0.098
164.3,seguindo,gargalo_eixo,9.3101,3.5025,-3.0757,3.0438,-0.1637,0.25,7.462,0.5199,0.9145,8.4,3.5918,0.098
164.35,seguindo,gargalo_eixo,9.3101,3.5025,-3.0757,3.0438,-0.1637,0.25,7.462,0.5199,0.9145,8.4,3.5918,0.098
164.4,seguindo,gargalo_eixo,9.3101,3.5025,-3.0757,3.0438,-0.1637,0.25,7.462,0.5199,0.9145,8.4,3.5918,0.098
164.45,seguindo,gargalo_eixo,9.3101,3.5025,-3.0757,3.0438,-0.1637,0.25,7.462,0.5199,0.9145,8.4,3.5918,0.098
164.5,seguindo,gargalo_eixo,9.3101,3.5025,-3.0757,3.0438,-0.1637,0.25,7.462,0.5199,0.9145,8.4,3.5918,0.098
164.55,seguindo,gargalo_eixo,9.3101,3.5025,-3.0757,3.0438,-0.1637,0.25,7.462,0.5199,0.9145,8.4,3.5918,0.098
164.6,seguindo,gargalo_eixo,9.3101,3.5025,-3.0757,3.0438,-0.1637,0.25,7.462,0.5199,0.9145,8.4,3.5918,0.098
164.65,seguindo,gargalo_eixo,9.3101,3.5025,-3.0757,3.0438,-0.1637,0.25,7.462,0.5199,0.9145,8.4,3.5918,0.098
164.7,seguindo,gargalo_eixo,9.3101,3.5025,-3.0757,3.0438,-0.1637,0.25,7.462,0.5199,0.9145,8.4,3.5918,0.098
164.75,seguindo,gargalo_eixo,9.3101,3.5025,-3.0757,3.0438,-0.1637,0.25,7.462,0.5199,0.9145,8.4,3.5918,0.098
164.8,seguindo,gargalo_eixo,9.3101,3.5025,-3.0757,3.0438,-0.1637,0.25,7.462,0.5199,0.9145,8.4,3.5918,0.098
164.85,seguindo,gargalo_eixo,9.3101,3.5025,-3.0757,3.0438,-0.1637,0.25,7.462,0.5199,0.9145,8.4,3.5918,0.098
164.9,seguindo,gargalo_eixo,9.3101,3.5025,-3.0757,3.0438,-0.1637,0.25,7.462,0.5199,0.9145,8.4,3.5918,0.098
164.95,seguindo,gargalo_eixo,9.3101,3.5025,-3.0757,3.0438,-0.1637,0.25,7.462,0.5199,0.9145,8.4,3.5918,0.098
165.0,seguindo,gargalo_eixo,9.3101,3.5025,-3.0757,3.0438,-0.1637,0.25,7.462,0.5199,0.9145,8.4,3.5918,0.098
165.05,seguindo,gargalo_eixo,9.3101,3.5025,-3.0757,3.0438,-0.1637,0.25,7.462,0.5199,0.9145,8.4,3.5918,0.098
165.1,seguindo,gargalo_eixo,9.3101,3.5025,-3.0757,3.0438,-0.1637,0.25,7.462,0.5199,0.9145,8.4,3.5918,0.098
165.15,seguindo,gargalo_eixo,9.3101,3.5025,-3.0757,3.0438,-0.1637,0.25,7.462,0.5199,0.9145,8.4,3.5918,0.098
165.2,seguindo,gargalo_eixo,9.3101,3.5025,-3.0757,3.0438,-0.1637,0.25,7.462,0.5199,0.9145,8.4,3.5918,0.098
165.25,seguindo,gargalo_eixo,9.3101,3.5025,-3.0757,3.0438,-0.1637,0.25,7.462,0.5199,0.9145,8.4,3.5918,0.098
165.3,seguindo,gargalo_eixo,9.3101,3.5025,-3.0757,3.0438,-0.1637,0.25,7.462,0.5199,0.9145,8.4,3.5918,0.098
165.35,seguindo,gargalo_eixo,9.3101,3.5025,-3.0757,3.0438,-0.1637,0.25,7.462,0.5199,0.9145,8.4,3.5918,0.098
165.4,seguindo,gargalo_eixo,9.3101,3.5025,-3.0757,3.0438,-0.1637,0.25,7.462,0.5199,0.9145,8.4,3.5918,0.098
165.45,seguindo,gargalo_eixo,9.3101,3.5025,-3.0757,3.0438,-0.1637,0.25,7.462,0.5199,0.9145,8.4,3.5918,0.098
165.5,seguindo,gargalo_eixo,9.3101,3.5025,-3.0757,3.0438,-0.1637,0.25,7.462,0.5199,0.9145,8.4,3.5918,0.098
165.55,seguindo,gargalo_eixo,9.3101,3.5025,-3.0757,3.0438,-0.1637,0.25,7.462,0.5199,0.9145,8.4,3.5918,0.098
165.6,seguindo,gargalo_eixo,9.3101,3.5025,-3.0757,3.0438,-0.1637,0.25,7.462,0.5199,0.9145,8.4,3.5918,0.098
165.65,seguindo,gargalo_eixo,9.3101,3.5025,-3.0757,3.0438,-0.1637,0.25,7.462,0.5199,0.9145,8.4,3.5918,0.098
165.7,seguindo,gargalo_eixo,9.3101,3.5025,-3.0757,3.0438,-0.1637,0.25,7.462,0.5199,0.9145,8.4,3.5918,0.098
165.75,seguindo,gargalo_eixo,9.3101,3.5025,-3.0757,3.0438,-0.1637,0.25,7.462,0.5199,0.9145,8.4,3.5918,0.098
165.8,seguindo,gargalo_eixo,9.3101,3.5025,-3.0757,3.0438,-0.1637,0.25,7.462,0.5199,0.9145,8.4,3.5918,0.098
165.85,seguindo,gargalo_eixo,9.3101,3.5025,-3.0757,3.0438,-0.1637,0.25,7.462,0.5199,0.9145,8.4,3.5918,0.098
165.9,seguindo,gargalo_eixo,9.3101,3.5025,-3.0757,3.0438,-0.1637,0.25,7.462,0.5199,0.9145,8.4,3.5918,0.098
165.95,seguindo,gargalo_eixo,9.3101,3.5025,-3.0757,3.0438,-0.1637,0.25,7.462,0.5199,0.9145,8.4,3.5918,0.098
166.0,seguindo,gargalo_eixo,9.3101,3.5025,-3.0757,3.0438,-0.1637,0.25,7.462,0.5199,0.9145,8.4,3.5918,0.098
166.05,seguindo,gargalo_eixo,9.3101,3.5025,-3.0757,3.0438,-0.1637,0.25,7.462,0.5199,0.9145,8.4,3.5918,0.098
166.1,re,,9.3101,3.5025,-3.0757,-3.0757,0.0,-0.203,7.462,inf,,,,0.0
166.15,re,,9.3101,3.5025,-3.0757,-3.0757,0.0,-0.203,7.462,inf,,,,0.0
166.2,re,,9.3101,3.5025,-3.0757,-3.0757,0.0,-0.203,7.462,inf,,,,0.0
166.25,re,,9.3101,3.5025,-3.0757,-3.0757,0.0,-0.203,7.462,inf,,,,0.0
166.3,re,,9.3101,3.5025,-3.0757,-3.0757,0.0,-0.203,7.462,inf,,,,0.0
166.35,re,,9.3101,3.5025,-3.0757,-3.0757,0.0,-0.203,7.462,inf,,,,0.0
166.4,re,,9.3101,3.5025,-3.0757,-3.0757,0.0,-0.203,7.462,inf,,,,0.0
166.45,re,,9.3101,3.5025,-3.0757,-3.0757,0.0,-0.203,7.462,inf,,,,0.0
166.501,re,,9.3101,3.5025,-3.0757,-3.0757,0.0,-0.203,7.462,inf,,,,0.0
166.55,re,,9.3132,3.5026,-3.0768,-3.0768,0.0,-0.203,7.4649,inf,,,,0.0
166.6,re,,9.3165,3.5027,-3.078,-3.078,0.0,-0.203,7.4681,inf,,,,0.0
166.65,re,,9.3243,3.503,-3.0797,-3.0797,0.0,-0.203,7.4757,inf,,,,0.0
166.7,re,,9.3309,3.5033,-3.0809,-3.0809,0.0,-0.203,7.4821,inf,,,,0.0
166.75,re,,9.3435,3.504,-3.0827,-3.0827,0.0,-0.203,7.4944,inf,,,,0.0
166.8,re,,9.3532,3.5044,-3.0838,-3.0838,0.0,-0.203,7.5038,inf,,,,0.0
166.85,re,,9.3697,3.5052,-3.0856,-3.0856,0.0,-0.203,7.5198,inf,,,,0.0
166.9,re,,9.3815,3.5058,-3.0867,-3.0867,0.0,-0.203,7.5312,inf,,,,0.0
166.95,re,,9.399,3.5066,-3.0881,-3.0881,0.0,-0.203,7.5482,inf,,,,0.0
167.0,re,,9.4107,3.5072,-3.089,-3.089,0.0,-0.203,7.5596,inf,,,,0.0
167.05,re,,9.4282,3.508,-3.0896,-3.0896,0.0,-0.203,7.5765,inf,,,,0.0
167.1,re,,9.4397,3.5086,-3.0899,-3.0899,0.0,-0.203,7.5878,inf,,,,0.0
167.15,re,,9.457,3.5095,-3.0894,-3.0894,0.0,-0.203,7.6045,inf,,,,0.0
167.2,re,,9.4685,3.5102,-3.0888,-3.0888,0.0,-0.203,7.6156,inf,,,,0.0
167.25,re,,9.4855,3.5112,-3.0872,-3.0872,0.0,-0.203,7.6321,inf,,,,0.0
167.3,re,,9.4969,3.512,-3.0858,-3.0858,0.0,-0.203,7.6431,inf,,,,0.0
167.35,re,,9.5138,3.5131,-3.0833,-3.0833,0.0,-0.203,7.6595,inf,,,,0.0
167.4,re,,9.525,3.514,-3.0814,-3.0814,0.0,-0.203,7.6704,inf,,,,0.0
167.45,re,,9.5419,3.5152,-3.0785,-3.0785,0.0,-0.203,7.6866,inf,,,,0.0
167.5,re,,9.5531,3.5161,-3.0765,-3.0765,0.0,-0.203,7.6975,inf,,,,0.0
167.55,re,,9.5699,3.5175,-3.0735,-3.0735,0.0,-0.203,7.7137,inf,,,,0.0
167.6,re,,9.5811,3.5184,-3.0715,-3.0715,0.0,-0.203,7.7246,inf,,,,0.0
167.65,re,,9.598,3.5199,-3.0686,-3.0686,0.0,-0.203,7.7408,inf,,,,0.0
167.7,re,,9.6092,3.5209,-3.0666,-3.0666,0.0,-0.203,7.7516,inf,,,,0.0
167.8,seguindo,gargalo_eixo,9.6372,3.5234,-3.0618,3.0864,-0.135,0.25,7.7787,2.0358,1.2391,8.4,3.5918,0.0881
167.85,seguindo,gargalo_eixo,9.6541,3.525,-3.0589,3.0884,-0.1359,0.25,7.7949,2.0358,1.2558,8.4,3.5918,0.0881
167.9,seguindo,gargalo_eixo,9.6653,3.5261,-3.057,3.0898,-0.1364,0.25,7.8057,2.0358,1.267,8.4,3.5918,0.0885
167.95,seguindo,gargalo_eixo,9.6821,3.5278,-3.0541,3.0918,-0.1373,0.25,7.8219,2.8397,1.2837,8.4,3.5918,0.0892
168.0,seguindo,gargalo_eixo,9.6933,3.529,-3.0522,3.0931,-0.1379,0.25,7.8327,2.8397,1.2948,8.4,3.5918,0.0896
168.05,seguindo,gargalo_eixo,9.7101,3.5307,-3.0493,3.095,-0.1388,0.25,7.8489,2.8397,1.3115,8.4,3.5918,0.0904
168.1,seguindo,gargalo_eixo,9.7269,3.5326,-3.0465,3.097,-0.1397,0.25,7.8651,2.8397,1.3282,8.4,3.5918,0.0921
168.15,seguindo,gargalo_eixo,9.7381,3.5338,-3.0446,3.0983,-0.1403,0.25,7.8758,1.9841,1.3394,8.4,3.5918,0.0932
168.2,seguindo,gargalo_eixo,9.7493,3.535,-3.0427,3.0996,-0.141,0.25,7.8866,1.9841,1.3505,8.4,3.5918,0.0942
168.25,seguindo,gargalo_eixo,9.7661,3.537,-3.0398,3.1015,-0.1419,0.25,7.9027,1.9841,1.3672,8.4,3.5918,0.0962
168.3,seguindo,gargalo_eixo,9.7773,3.5383,-3.0379,3.1028,-0.1425,0.25,7.9135,1.9841,1.3783,8.4,3.5918,0.0982
168.35,seguindo,gargalo_eixo,9.7914,3.5396,-3.0389,3.1041,-0.1401,0.25,7.9271,1.3946,1.3923,8.4,3.5918,0.1009
168.4,seguindo,gargalo_eixo,9.7994,3.5402,-3.0425,3.1047,-0.136,0.25,7.9349,1.3946,1.4003,8.4,3.5918,0.1028
168.45,seguindo,gargalo_eixo,9.8087,3.5408,-3.0451,3.1054,-0.1326,0.25,7.9439,1.3946,1.4096,8.4,3.5918,0.1048
168.5,seguindo,gargalo_eixo,9.8135,3.5413,-3.0451,3.1059,-0.1322,0.25,7.9485,1.3946,1.4144,8.4,3.5918,0.1058
168.55,seguindo,gargalo_eixo,9.8181,3.5417,-3.0451,3.1063,-0.1318,0.25,7.9529,1.3946,1.4189,8.4,3.5918,0.1068
168.6,seguindo,gargalo_eixo,9.8197,3.5418,-3.0451,3.1064,-0.1317,0.25,7.9545,1.3946,1.4206,8.4,3.5918,0.1073
168.65,seguindo,gargalo_eixo,9.8194,3.5421,-3.0412,3.1066,-0.1354,0.25,7.9542,1.3946,1.4203,8.4,3.5918,0.1069
168.7,seguindo,gargalo_eixo,9.8179,3.5424,-3.036,3.1067,-0.1405,0.25,7.9526,1.3946,1.4187,8.4,3.5918,0.1061
168.75,seguindo,gargalo_eixo,9.8127,3.5426,-3.0251,3.1068,-0.1513,0.25,7.9475,1.3946,1.4135,8.4,3.5918,0.1042
168.8,seguindo,gargalo_eixo,9.8079,3.5428,-3.0159,3.1068,-0.1605,0.25,7.9427,1.3946,1.4087,8.4,3.5918,0.1027
168.85,seguindo,gargalo_eixo,9.7981,3.5424,-3.004,3.1063,-0.1729,0.25,7.9331,1.3946,1.3989,8.4,3.5918,0.1002
168.9,seguindo,gargalo_eixo,9.7902,3.5418,-2.9976,3.1057,-0.1799,0.25,7.9255,1.3946,1.3911,8.4,3.5918,0.0985
168.95,seguindo,gargalo_eixo,9.7757,3.5401,-2.9924,3.104,-0.1868,0.25,7.9116,1.9841,1.3766,8.4,3.5918,0.096
169.0,seguindo,gargalo_eixo,9.7647,3.5384,-2.9921,3.1025,-0.1886,0.25,7.901,1.9841,1.3657,8.4,3.5918,0.0944
169.05,seguindo,gargalo_eixo,9.7466,3.5354,-2.9961,3.0997,-0.1873,0.25,7.8838,1.9841,1.3477,8.4,3.5918,0.0933
169.1,seguindo,gargalo_eixo,9.7338,3.5331,-3.001,3.0977,-0.1845,0.25,7.8717,2.8397,1.335,8.4,3.5918,0.0929
169.15,seguindo,gargalo_eixo,9.7148,3.5299,-3.009,3.0945,-0.1796,0.25,7.8536,2.8397,1.3162,8.4,3.5918,0.0922
169.2,seguindo,gargalo_eixo,9.7022,3.5278,-3.0145,3.0925,-0.1762,0.25,7.8416,2.8397,1.3037,8.4,3.5918,0.0921
169.25,seguindo,gargalo_eixo,9.6842,3.5252,-3.0179,3.0898,-0.1755,0.25,7.8244,2.8397,1.2859,8.4,3.5918,0.092
169.3,seguindo,gargalo_eixo,9.6725,3.5238,-3.0182,3.0882,-0.1768,0.25,7.8132,2.0358,1.2743,8.4,3.5918,0.0919
169.35,seguindo,gargalo_eixo,9.6556,3.522,-3.0139,3.0861,-0.1832,0.25,7.797,2.0358,1.2575,8.4,3.5918,0.0913
169.4,seguindo,gargalo_eixo,9.6447,3.521,-3.0091,3.0848,-0.1894,0.25,7.7864,2.0358,1.2466,8.4,3.5918,0.0912
169.45,seguindo,gargalo_eixo,9.6288,3.5198,-2.997,3.0831,-0.2031,0.25,7.7711,1.506,1.2309,8.4,3.5918,0.0909
169.5,seguindo,gargalo_eixo,9.6185,3.519,-2.9871,3.082,-0.2141,0.25,7.7611,1.506,1.2206,8.4,3.5918,0.0907
169.55,seguindo,gargalo_eixo,9.6033,3.518,-2.9699,3.0803,-0.233,0.25,7.7464,1.506,1.2056,8.4,3.5918,0.0903
169.6,seguindo,gargalo_eixo,9.5934,3.5172,-2.9575,3.0792,-0.2465,0.25,7.7368,1.506,1.1956,8.4,3.5918,0.0905
169.65,seguindo,gargalo_eixo,9.5784,3.5158,-2.9391,3.0772,-0.2669,0.25,7.7224,1.506,1.1808,8.4,3.5918,0.091
169.7,seguindo,gargalo_eixo,9.5684,3.5147,-2.9268,3.0757,-0.2807,0.25,7.7128,1.1534,1.1709,8.4,3.5918,0.0914
169.75,seguindo,gargalo_eixo,9.5535,3.5129,-2.9085,3.0733,-0.3014,0.25,7.6985,1.1534,1.1562,8.4,3.5918,0.0924
169.8,seguindo,gargalo_eixo,9.5435,3.5114,-2.8965,3.0714,-0.3152,0.25,7.689,1.1534,1.1463,8.4,3.5918,0.0934
169.85,seguindo,gargalo_eixo,9.5286,3.509,-2.8791,3.0684,-0.3357,0.25,7.6748,1.1534,1.1315,8.4,3.5918,0.0952
169.9,seguindo,gargalo_eixo,9.5185,3.5072,-2.8678,3.0661,-0.3492,0.25,7.6653,0.9311,1.1217,8.4,3.5918,0.0966
169.95,seguindo,gargalo_eixo,9.5035,3.5042,-2.8516,3.0624,-0.3692,0.25,7.6511,0.9311,1.1069,8.4,3.5918,0.099
170.0,seguindo,gargalo_eixo,9.4934,3.5021,-2.8412,3.0597,-0.3823,0.25,7.6417,0.9311,1.0971,8.4,3.5918,0.1009
170.05,seguindo,gargalo_eixo,9.4783,3.4985,-2.8261,3.0553,-0.4017,0.25,7.6275,0.9311,1.0823,8.4,3.5918,0.104
170.1,seguindo,gargalo_eixo,9.4682,3.496,-2.8165,3.0522,-0.4145,0.25,7.6181,0.8003,1.0724,8.4,3.5918,0.1063
170.15,seguindo,gargalo_eixo,9.4527,3.4915,-2.807,3.0466,-0.4295,0.25,7.6038,0.8003,1.0574,8.4,3.5918,0.1104
170.2,seguindo,gargalo_eixo,9.4422,3.4882,-2.8032,3.0425,-0.4374,0.25,7.5942,0.8003,1.0473,8.4,3.5918,0.1136
170.25,seguindo,gargalo_eixo,9.4269,3.4829,-2.8026,3.0359,-0.4446,0.25,7.5803,0.8003,1.0327,8.4,3.5918,0.1187
170.3,seguindo,gargalo_eixo,9.4169,3.4792,-2.804,3.0313,-0.4478,0.25,7.5712,0.7355,1.023,8.4,3.5918,0.1222
170.35,seguindo,gargalo_eixo,9.402,3.4734,-2.8111,3.024,-0.448,0.25,7.5578,0.7355,1.009,8.4,3.5918,0.1277
170.4,seguindo,gargalo_eixo,9.3923,3.4696,-2.8176,3.019,-0.4465,0.25,7.549,0.735,0.9997,8.4,3.5918,0.1315
170.45,seguindo,gargalo_eixo,9.3769,3.4633,-2.8323,3.0108,-0.4401,0.25,7.5353,0.7071,0.9853,8.4,3.5918,0.1376
170.5,seguindo,gargalo_eixo,9.3664,3.459,-2.844,3.005,-0.4342,0.25,7.5259,0.6729,0.9755,8.4,3.5918,0.1418
170.55,seguindo,gargalo_eixo,9.3499,3.4522,-2.8663,2.9957,-0.4212,0.25,7.5111,0.6314,0.9601,8.4,3.5918,0.1484
170.6,seguindo,gargalo_eixo,9.3386,3.4477,-2.8831,2.9892,-0.4108,0.25,7.501,0.6037,0.9496,8.4,3.5918,0.1529
170.65,seguindo,gargalo_eixo,9.3215,3.4411,-2.9105,2.9795,-0.3932,0.25,7.4856,0.582,0.9337,8.4,3.5918,0.1594
170.7,seguindo,gargalo_eixo,9.31,3.4369,-2.9294,2.973,-0.3808,0.25,7.4753,0.5506,0.9231,8.4,3.5918,0.1635
170.75,seguindo,gargalo_eixo,9.2954,3.4318,-2.9552,2.9648,-0.3631,0.25,7.462,0.5021,0.9095,8.4,3.5918,0.1685
170.8,seguindo,gargalo_eixo,9.2868,3.4288,-2.9734,2.9598,-0.35,0.25,7.4543,0.4744,0.9016,8.4,3.5918,0.1715
170.85,seguindo,gargalo_eixo,9.2797,3.4279,-2.9685,2.9574,-0.3573,0.25,7.4475,0.4505,0.8948,8.4,3.5918,0.1724
170.9,seguindo,gargalo_eixo,9.2768,3.4285,-2.9542,2.9575,-0.3715,0.25,7.4445,0.4402,0.8918,8.4,3.5918,0.1717
170.95,seguindo,gargalo_eixo,9.2739,3.4292,-2.9394,2.9576,-0.3861,0.25,7.4415,0.4706,0.8888,8.4,3.5918,0.171
171.0,seguindo,gargalo_eixo,9.2726,3.4295,-2.9328,2.9577,-0.3927,0.25,7.4402,0.4658,0.8875,8.4,3.5918,0.1708
171.05,seguindo,gargalo_eixo,9.2725,3.4297,-2.93,2.9579,-0.3953,0.25,7.4401,0.4655,0.8874,8.4,3.5918,0.1705
171.1,seguindo,gargalo_eixo,9.2732,3.4298,-2.931,2.9582,-0.394,0.25,7.4408,0.468,0.8881,8.4,3.5918,0.1705
171.15,seguindo,gargalo_eixo,9.2772,3.4305,-2.9328,2.9598,-0.3906,0.25,7.4446,0.4405,0.8919,8.4,3.5918,0.1697
171.2,seguindo,gargalo_eixo,9.2811,3.4312,-2.934,2.9614,-0.3879,0.25,7.4482,0.4533,0.8956,8.4,3.5918,0.169
171.25,seguindo,gargalo_eixo,9.2899,3.433,-2.9356,2.965,-0.3826,0.25,7.4564,0.4823,0.9039,8.4,3.5918,0.1674
171.3,seguindo,gargalo_eixo,9.2969,3.4343,-2.9367,2.9678,-0.3787,0.25,7.463,0.506,0.9106,8.4,3.5918,0.166
171.35,seguindo,gargalo_eixo,9.3086,3.4366,-2.938,2.9725,-0.3728,0.25,7.4739,0.5457,0.9217,8.4,3.5918,0.1638
171.4,seguindo,gargalo_eixo,9.3168,3.4383,-2.9387,2.9757,-0.3688,0.25,7.4816,0.571,0.9295,8.4,3.5918,0.1622
171.45,seguindo,gargalo_eixo,9.3271,3.4402,-2.9397,2.9796,-0.3639,0.25,7.4913,0.5775,0.9393,8.4,3.5918,0.1603
171.5,seguindo,gargalo_eixo,9.3331,3.4414,-2.9404,2.9818,-0.3609,0.25,7.4969,0.5921,0.9451,8.4,3.5918,0.1591
171.55,seguindo,gargalo_eixo,9.3401,3.4427,-2.9412,2.9844,-0.3576,0.25,7.5035,0.6095,0.9518,8.4,3.5918,0.1578
171.6,seguindo,gargalo_eixo,9.3439,3.4435,-2.9416,2.9857,-0.3558,0.25,7.507,0.6191,0.9554,8.4,3.5918,0.1571
171.65,seguindo,gargalo_eixo,9.3476,3.4442,-2.942,2.987,-0.3542,0.25,7.5105,0.6284,0.959,8.4,3.5918,0.1565
171.7,seguindo,gargalo_eixo,9.3491,3.4445,-2.9422,2.9876,-0.3534,0.25,7.512,0.6325,0.9605,8.4,3.5918,0.1562
171.75,seguindo,gargalo_eixo,9.35,3.4446,-2.9422,2.9879,-0.3531,0.25,7.5128,0.6347,0.9613,8.4,3.5918,0.156
171.8,seguindo,gargalo_eixo,9.35,3.4446,-2.9422,2.9879,-0.3531,0.25,7.5128,0.6347,0.9613,8.4,3.5918,0.156
171.85,seguindo,gargalo_eixo,9.35,3.4446,-2.9422,2.9879,-0.3531,0.25,7.5128,0.6347,0.9613,8.4,3.5918,0.156
171.9,seguindo,gargalo_eixo,9.35,3.4446,-2.9422,2.9879,-0.3531,0.25,7.5128,0.6347,0.9613,8.4,3.5918,0.156
171.95,seguindo,gargalo_eixo,9.35,3.4446,-2.9422,2.9879,-0.3531,0.25,7.5128,0.6347,0.9613,8.4,3.5918,0.156
172.0,seguindo,gargalo_eixo,9.35,3.4446,-2.9422,2.9879,-0.3531,0.25,7.5128,0.6347,0.9613,8.4,3.5918,0.156
172.05,seguindo,gargalo_eixo,9.35,3.4446,-2.9422,2.9879,-0.3531,0.25,7.5128,0.6347,0.9613,8.4,3.5918,0.156
172.1,seguindo,gargalo_eixo,9.35,3.4446,-2.9422,2.9879,-0.3531,0.25,7.5128,0.6347,0.9613,8.4,3.5918,0.156
172.15,seguindo,gargalo_eixo,9.35,3.4446,-2.9422,2.9879,-0.3531,0.25,7.5128,0.6347,0.9613,8.4,3.5918,0.156
172.2,seguindo,gargalo_eixo,9.35,3.4446,-2.9422,2.9879,-0.3531,0.25,7.5128,0.6347,0.9613,8.4,3.5918,0.156
172.25,seguindo,gargalo_eixo,9.35,3.4446,-2.9422,2.9879,-0.3531,0.25,7.5128,0.6347,0.9613,8.4,3.5918,0.156
172.3,seguindo,gargalo_eixo,9.35,3.4446,-2.9422,2.9879,-0.3531,0.25,7.5128,0.6347,0.9613,8.4,3.5918,0.156
172.35,seguindo,gargalo_eixo,9.35,3.4446,-2.9422,2.9879,-0.3531,0.25,7.5128,0.6347,0.9613,8.4,3.5918,0.156
172.4,seguindo,gargalo_eixo,9.35,3.4446,-2.9422,2.9879,-0.3531,0.25,7.5128,0.6347,0.9613,8.4,3.5918,0.156
172.45,seguindo,gargalo_eixo,9.35,3.4446,-2.9422,2.9879,-0.3531,0.25,7.5128,0.6347,0.9613,8.4,3.5918,0.156
172.5,seguindo,gargalo_eixo,9.35,3.4446,-2.9422,2.9879,-0.3531,0.25,7.5128,0.6347,0.9613,8.4,3.5918,0.156
172.55,seguindo,gargalo_eixo,9.35,3.4446,-2.9422,2.9879,-0.3531,0.25,7.5128,0.6347,0.9613,8.4,3.5918,0.156
172.6,seguindo,gargalo_eixo,9.35,3.4446,-2.9422,2.9879,-0.3531,0.25,7.5128,0.6347,0.9613,8.4,3.5918,0.156
172.65,seguindo,gargalo_eixo,9.35,3.4446,-2.9422,2.9879,-0.3531,0.25,7.5128,0.6347,0.9613,8.4,3.5918,0.156
172.7,seguindo,gargalo_eixo,9.35,3.4446,-2.9422,2.9879,-0.3531,0.25,7.5128,0.6347,0.9613,8.4,3.5918,0.156
172.75,seguindo,gargalo_eixo,9.35,3.4446,-2.9422,2.9879,-0.3531,0.25,7.5128,0.6347,0.9613,8.4,3.5918,0.156
172.8,seguindo,gargalo_eixo,9.35,3.4446,-2.9422,2.9879,-0.3531,0.25,7.5128,0.6347,0.9613,8.4,3.5918,0.156
172.85,seguindo,gargalo_eixo,9.35,3.4446,-2.9422,2.9879,-0.3531,0.25,7.5128,0.6347,0.9613,8.4,3.5918,0.156
172.9,seguindo,gargalo_eixo,9.35,3.4446,-2.9422,2.9879,-0.3531,0.25,7.5128,0.6347,0.9613,8.4,3.5918,0.156
172.95,seguindo,gargalo_eixo,9.35,3.4446,-2.9422,2.9879,-0.3531,0.25,7.5128,0.6347,0.9613,8.4,3.5918,0.156
173.0,seguindo,gargalo_eixo,9.35,3.4446,-2.9422,2.9879,-0.3531,0.25,7.5128,0.6347,0.9613,8.4,3.5918,0.156
173.05,seguindo,gargalo_eixo,9.35,3.4446,-2.9422,2.9879,-0.3531,0.25,7.5128,0.6347,0.9613,8.4,3.5918,0.156
173.1,seguindo,gargalo_eixo,9.35,3.4446,-2.9422,2.9879,-0.3531,0.25,7.5128,0.6347,0.9613,8.4,3.5918,0.156
173.15,seguindo,gargalo_eixo,9.35,3.4446,-2.9422,2.9879,-0.3531,0.25,7.5128,0.6347,0.9613,8.4,3.5918,0.156
173.2,seguindo,gargalo_eixo,9.35,3.4446,-2.9422,2.9879,-0.3531,0.25,7.5128,0.6347,0.9613,8.4,3.5918,0.156
173.25,seguindo,gargalo_eixo,9.35,3.4446,-2.9422,2.9879,-0.3531,0.25,7.5128,0.6347,0.9613,8.4,3.5918,0.156
173.3,seguindo,gargalo_eixo,9.35,3.4446,-2.9422,2.9879,-0.3531,0.25,7.5128,0.6347,0.9613,8.4,3.5918,0.156
173.35,seguindo,gargalo_eixo,9.35,3.4446,-2.9422,2.9879,-0.3531,0.25,7.5128,0.6347,0.9613,8.4,3.5918,0.156
173.4,seguindo,gargalo_eixo,9.35,3.4446,-2.9422,2.9879,-0.3531,0.25,7.5128,0.6347,0.9613,8.4,3.5918,0.156
173.45,seguindo,gargalo_eixo,9.35,3.4446,-2.9422,2.9879,-0.3531,0.25,7.5128,0.6347,0.9613,8.4,3.5918,0.156
173.5,seguindo,gargalo_eixo,9.35,3.4446,-2.9422,2.9879,-0.3531,0.25,7.5128,0.6347,0.9613,8.4,3.5918,0.156
173.55,seguindo,gargalo_eixo,9.35,3.4446,-2.9422,2.9879,-0.3531,0.25,7.5128,0.6347,0.9613,8.4,3.5918,0.156
173.6,seguindo,gargalo_eixo,9.35,3.4446,-2.9422,2.9879,-0.3531,0.25,7.5128,0.6347,0.9613,8.4,3.5918,0.156
173.65,seguindo,gargalo_eixo,9.35,3.4446,-2.9422,2.9879,-0.3531,0.25,7.5128,0.6347,0.9613,8.4,3.5918,0.156
173.7,seguindo,gargalo_eixo,9.35,3.4446,-2.9422,2.9879,-0.3531,0.25,7.5128,0.6347,0.9613,8.4,3.5918,0.156
173.75,seguindo,gargalo_eixo,9.35,3.4446,-2.9422,2.9879,-0.3531,0.25,7.5128,0.6347,0.9613,8.4,3.5918,0.156
173.8,seguindo,gargalo_eixo,9.35,3.4446,-2.9422,2.9879,-0.3531,0.25,7.5128,0.6347,0.9613,8.4,3.5918,0.156
173.85,seguindo,gargalo_eixo,9.35,3.4446,-2.9422,2.9879,-0.3531,0.25,7.5128,0.6347,0.9613,8.4,3.5918,0.156
173.9,seguindo,gargalo_eixo,9.35,3.4446,-2.9422,2.9879,-0.3531,0.25,7.5128,0.6347,0.9613,8.4,3.5918,0.156
173.95,seguindo,gargalo_eixo,9.35,3.4446,-2.9422,2.9879,-0.3531,0.25,7.5128,0.6347,0.9613,8.4,3.5918,0.156
174.0,seguindo,gargalo_eixo,9.35,3.4446,-2.9422,2.9879,-0.3531,0.25,7.5128,0.6347,0.9613,8.4,3.5918,0.156
174.05,seguindo,gargalo_eixo,9.35,3.4446,-2.9422,2.9879,-0.3531,0.25,7.5128,0.6347,0.9613,8.4,3.5918,0.156
174.1,seguindo,gargalo_eixo,9.35,3.4446,-2.9422,2.9879,-0.3531,0.25,7.5128,0.6347,0.9613,8.4,3.5918,0.156
174.15,seguindo,gargalo_eixo,9.35,3.4446,-2.9422,2.9879,-0.3531,0.25,7.5128,0.6347,0.9613,8.4,3.5918,0.156
174.2,seguindo,gargalo_eixo,9.35,3.4446,-2.9422,2.9879,-0.3531,0.25,7.5128,0.6347,0.9613,8.4,3.5918,0.156
174.25,seguindo,gargalo_eixo,9.35,3.4446,-2.9422,2.9879,-0.3531,0.25,7.5128,0.6347,0.9613,8.4,3.5918,0.156
174.3,seguindo,gargalo_eixo,9.35,3.4446,-2.9422,2.9879,-0.3531,0.25,7.5128,0.6347,0.9613,8.4,3.5918,0.156
174.35,seguindo,gargalo_eixo,9.35,3.4446,-2.9422,2.9879,-0.3531,0.25,7.5128,0.6347,0.9613,8.4,3.5918,0.156
174.4,seguindo,gargalo_eixo,9.35,3.4446,-2.9422,2.9879,-0.3531,0.25,7.5128,0.6347,0.9613,8.4,3.5918,0.156
174.45,seguindo,gargalo_eixo,9.35,3.4446,-2.9422,2.9879,-0.3531,0.25,7.5128,0.6347,0.9613,8.4,3.5918,0.156
174.5,seguindo,gargalo_eixo,9.35,3.4446,-2.9422,2.9879,-0.3531,0.25,7.5128,0.6347,0.9613,8.4,3.5918,0.156
174.55,seguindo,gargalo_eixo,9.35,3.4446,-2.9422,2.9879,-0.3531,0.25,7.5128,0.6347,0.9613,8.4,3.5918,0.156
174.6,seguindo,gargalo_eixo,9.35,3.4446,-2.9422,2.9879,-0.3531,0.25,7.5128,0.6347,0.9613,8.4,3.5918,0.156
174.65,seguindo,gargalo_eixo,9.35,3.4446,-2.9422,2.9879,-0.3531,0.25,7.5128,0.6347,0.9613,8.4,3.5918,0.156
174.7,seguindo,gargalo_eixo,9.35,3.4446,-2.9422,2.9879,-0.3531,0.25,7.5128,0.6347,0.9613,8.4,3.5918,0.156
174.75,re,,9.35,3.4446,-2.9422,-2.9422,0.0,-0.203,7.5128,inf,,,,0.0
174.8,re,,9.35,3.4446,-2.9422,-2.9422,0.0,-0.203,7.5128,inf,,,,0.0
174.85,re,,9.35,3.4446,-2.9422,-2.9422,0.0,-0.203,7.5128,inf,,,,0.0
174.9,re,,9.35,3.4446,-2.9422,-2.9422,0.0,-0.203,7.5128,inf,,,,0.0
174.95,re,,9.35,3.4446,-2.9422,-2.9422,0.0,-0.203,7.5128,inf,,,,0.0
175.0,re,,9.35,3.4446,-2.9422,-2.9422,0.0,-0.203,7.5128,inf,,,,0.0
175.146,re,,9.35,3.4446,-2.9422,-2.9422,0.0,-0.203,7.5128,inf,,,,0.0
175.151,re,,9.35,3.4446,-2.9422,-2.9422,0.0,-0.203,7.5128,inf,,,,0.0
175.2,re,,9.35,3.4446,-2.9422,-2.9422,0.0,-0.203,7.5128,inf,,,,0.0
175.25,re,,9.35,3.4446,-2.9422,-2.9422,0.0,-0.203,7.5128,inf,,,,0.0
175.306,re,,9.35,3.4446,-2.9422,-2.9422,0.0,-0.203,7.5128,inf,,,,0.0
175.35,re,,9.3531,3.4452,-2.9434,-2.9434,0.0,-0.203,7.5157,inf,,,,0.0
175.4,re,,9.3563,3.4457,-2.9446,-2.9446,0.0,-0.203,7.5187,inf,,,,0.0
175.45,re,,9.3584,3.446,-2.9451,-2.9451,0.0,-0.203,7.5207,inf,,,,0.0
175.5,re,,9.3584,3.446,-2.9451,-2.9451,0.0,-0.203,7.5207,inf,,,,0.0
175.55,re,,9.3614,3.4465,-2.9463,-2.9463,0.0,-0.203,7.5236,inf,,,,0.0
175.6,re,,9.3647,3.4471,-2.9475,-2.9475,0.0,-0.203,7.5266,inf,,,,0.0
175.65,re,,9.3724,3.4485,-2.9492,-2.9492,0.0,-0.203,7.5339,inf,,,,0.0
175.7,re,,9.3789,3.4496,-2.9504,-2.9504,0.0,-0.203,7.54,inf,,,,0.0
175.75,re,,9.3914,3.4519,-2.952,-2.952,0.0,-0.203,7.5517,inf,,,,0.0
175.8,re,,9.4057,3.4545,-2.9534,-2.9534,0.0,-0.203,7.5652,inf,,,,0.0
175.85,re,,9.4171,3.4566,-2.9541,-2.9541,0.0,-0.203,7.576,inf,,,,0.0
175.9,re,,9.4286,3.4587,-2.9547,-2.9547,0.0,-0.203,7.5868,inf,,,,0.0
175.95,re,,9.4458,3.4619,-2.9557,-2.9557,0.0,-0.203,7.603,inf,,,,0.0
176.0,re,,9.4573,3.464,-2.9563,-2.9563,0.0,-0.203,7.6138,inf,,,,0.0
176.05,re,,9.4744,3.4672,-2.9568,-2.9568,0.0,-0.203,7.63,inf,,,,0.0
176.1,re,,9.4858,3.4693,-2.957,-2.957,0.0,-0.203,7.6407,inf,,,,0.0
176.15,re,,9.5028,3.4725,-2.9566,-2.9566,0.0,-0.203,7.6567,inf,,,,0.0
176.2,re,,9.5141,3.4747,-2.956,-2.956,0.0,-0.203,7.6673,inf,,,,0.0
176.25,re,,9.5309,3.478,-2.9544,-2.9544,0.0,-0.203,7.6831,inf,,,,0.0
176.3,re,,9.542,3.4802,-2.953,-2.953,0.0,-0.203,7.6936,inf,,,,0.0
176.35,re,,9.5586,3.4836,-2.9505,-2.9505,0.0,-0.203,7.7092,inf,,,,0.0
176.4,re,,9.5697,3.4859,-2.9487,-2.9487,0.0,-0.203,7.7196,inf,,,,0.0
176.45,re,,9.5862,3.4894,-2.9457,-2.9457,0.0,-0.203,7.7351,inf,,,,0.0
176.5,re,,9.5972,3.4917,-2.9437,-2.9437,0.0,-0.203,7.7455,inf,,,,0.0
176.55,re,,9.6137,3.4953,-2.9407,-2.9407,0.0,-0.203,7.761,inf,,,,0.0
176.6,re,,9.6247,3.4977,-2.9388,-2.9388,0.0,-0.203,7.7713,inf,,,,0.0
176.65,re,,9.6412,3.5014,-2.9358,-2.9358,0.0,-0.203,7.7868,inf,,,,0.0
176.75,seguindo,gargalo_eixo,9.6687,3.5076,-2.9309,3.0753,-0.2769,0.25,7.8125,2.0358,1.2714,8.4,3.5918,0.1073
176.8,seguindo,gargalo_eixo,9.6796,3.5101,-2.929,3.0779,-0.2763,0.25,7.8228,2.0358,1.2822,8.4,3.5918,0.1064
176.85,seguindo,gargalo_eixo,9.6961,3.5139,-2.9261,3.0816,-0.2754,0.25,7.8383,2.8397,1.2984,8.4,3.5918,0.1049
176.9,seguindo,gargalo_eixo,9.7071,3.5165,-2.9242,3.0841,-0.2749,0.25,7.8486,2.8397,1.3092,8.4,3.5918,0.1039
176.95,seguindo,gargalo_eixo,9.7235,3.5204,-2.9213,3.0877,-0.2741,0.25,7.864,2.8397,1.3254,8.4,3.5918,0.1033
177.0,seguindo,gargalo_eixo,9.7345,3.523,-2.9194,3.0901,-0.2736,0.25,7.8742,2.8397,1.3362,8.4,3.5918,0.1029
177.05,seguindo,gargalo_eixo,9.7509,3.527,-2.9166,3.0937,-0.2729,0.25,7.8896,1.9841,1.3524,8.4,3.5918,0.1024
177.1,seguindo,gargalo_eixo,9.7619,3.5297,-2.9146,3.096,-0.2725,0.25,7.8999,1.9841,1.3632,8.4,3.5918,0.1021
177.15,seguindo,gargalo_eixo,9.7783,3.5338,-2.9118,3.0995,-0.2719,0.25,7.9153,1.9841,1.3795,8.4,3.5918,0.1028
177.2,seguindo,gargalo_eixo,9.7892,3.5365,-2.9098,3.1018,-0.2715,0.25,7.9255,1.9841,1.3903,8.4,3.5918,0.1033
177.25,seguindo,gargalo_eixo,9.8056,3.5406,-2.907,3.1052,-0.271,0.25,7.9409,1.3946,1.4065,8.4,3.5918,0.1041
177.3,seguindo,gargalo_eixo,9.8165,3.5434,-2.9051,3.1074,-0.2707,0.25,7.9511,1.3946,1.4173,8.4,3.5918,0.1047
177.351,seguindo,gargalo_eixo,9.8302,3.5468,-2.9037,3.1101,-0.2694,0.25,7.964,1.3946,1.4309,8.4,3.5918,0.1068
177.4,seguindo,gargalo_eixo,9.8381,3.5487,-2.9037,3.1116,-0.2679,0.25,7.9714,1.3946,1.4387,8.4,3.5918,0.1081
177.451,seguindo,gargalo_eixo,9.8472,3.5508,-2.9036,3.1133,-0.2663,0.25,7.9799,1.0096,1.4477,8.4,3.5918,0.1097
177.5,seguindo,gargalo_eixo,9.8519,3.552,-2.9036,3.1142,-0.2654,0.25,7.9843,1.0096,1.4524,8.4,3.5918,0.1105
177.55,seguindo,gargalo_eixo,9.8563,3.5529,-2.9036,3.1149,-0.2647,0.25,7.9885,1.0096,1.4568,8.4,3.5918,0.1113
177.6,seguindo,gargalo_eixo,9.8579,3.5533,-2.9036,3.1152,-0.2644,0.25,7.99,1.0096,1.4584,8.4,3.5918,0.1116
177.65,seguindo,gargalo_eixo,9.8576,3.5535,-2.8994,3.1154,-0.2685,0.25,7.9897,1.0096,1.4581,8.4,3.5918,0.1113
177.7,seguindo,gargalo_eixo,9.856,3.5536,-2.8942,3.1154,-0.2736,0.25,7.9881,1.0096,1.4565,8.4,3.5918,0.1106
177.75,seguindo,gargalo_eixo,9.851,3.5532,-2.8827,3.115,-0.2855,0.25,7.9832,1.0096,1.4514,8.4,3.5918,0.109
177.8,seguindo,gargalo_eixo,9.8462,3.5527,-2.8733,3.1146,-0.2954,0.25,7.9786,1.0096,1.4467,8.4,3.5918,0.1076
177.85,seguindo,gargalo_eixo,9.8365,3.5509,-2.8615,3.1131,-0.3086,0.25,7.9694,1.3946,1.4371,8.4,3.5918,0.1055
177.9,seguindo,gargalo_eixo,9.8289,3.5492,-2.8554,3.1118,-0.316,0.25,7.9622,1.3946,1.4295,8.4,3.5918,0.104
177.95,seguindo,gargalo_eixo,9.8148,3.5453,-2.8509,3.1087,-0.3236,0.25,7.949,1.3946,1.4155,8.4,3.5918,0.1024
178.0,seguindo,gargalo_eixo,9.8041,3.5421,-2.8506,3.1062,-0.3263,0.25,7.9391,1.3946,1.405,8.4,3.5918,0.1023
178.05,seguindo,gargalo_eixo,9.7865,3.5365,-2.8547,3.1017,-0.3268,0.25,7.9228,1.9841,1.3876,8.4,3.5918,0.1025
178.1,seguindo,gargalo_eixo,9.7741,3.5324,-2.8596,3.0984,-0.3252,0.25,7.9114,1.9841,1.3753,8.4,3.5918,0.1028
178.15,seguindo,gargalo_eixo,9.7582,3.5268,-2.8735,3.0938,-0.3159,0.25,7.8969,1.9841,1.3597,8.4,3.5918,0.1041
178.2,seguindo,gargalo_eixo,9.749,3.5232,-2.8865,3.0908,-0.3059,0.25,7.8884,1.9841,1.3507,8.4,3.5918,0.1057
178.25,seguindo,gargalo_eixo,9.7345,3.5176,-2.9109,3.086,-0.2863,0.25,7.8753,2.8397,1.3365,8.4,3.5918,0.1083
178.3,seguindo,gargalo_eixo,9.7247,3.5138,-2.9294,3.0828,-0.271,0.25,7.8664,2.8397,1.327,8.4,3.5918,0.11
178.35,seguindo,gargalo_eixo,9.7096,3.5081,-2.9622,3.0778,-0.2433,0.25,7.8526,2.8397,1.3122,8.4,3.5918,0.1126
178.4,seguindo,gargalo_eixo,9.6993,3.5043,-2.9863,3.0744,-0.2225,0.25,7.8433,2.8397,1.3022,8.4,3.5918,0.1149
178.45,seguindo,gargalo_eixo,9.6832,3.4988,-3.0272,3.0692,-0.1867,0.25,7.8285,2.0358,1.2866,8.4,3.5918,0.1181
178.5,seguindo,gargalo_eixo,9.6722,3.4953,-3.0564,3.0659,-0.1609,0.25,7.8184,2.0358,1.2758,8.4,3.5918,0.12
178.55,seguindo,gargalo_eixo,9.6556,3.4906,-3.1006,3.0612,-0.1214,0.25,7.8029,2.0358,1.2596,8.4,3.5918,0.1225
178.6,seguindo,gargalo_eixo,9.6445,3.488,-3.1295,3.0584,-0.0953,0.25,7.7926,2.0358,1.2487,8.4,3.5918,0.1241
178.65,seguindo,gargalo_eixo,9.6278,3.4848,3.1129,3.0547,-0.0582,0.25,7.7768,1.506,1.2324,8.4,3.5918,0.1257
178.7,seguindo,gargalo_eixo,9.6166,3.4832,3.0874,3.0525,-0.0349,0.25,7.7662,1.506,1.2214,8.4,3.5918,0.1262
178.75,seguindo,gargalo_eixo,9.5997,3.4813,3.0501,3.0498,-0.0003,0.25,7.7499,1.506,1.2047,8.4,3.5918,0.1267
178.8,seguindo,gargalo_eixo,9.5881,3.4806,3.0265,3.0483,0.0218,0.25,7.7388,1.506,1.1933,8.4,3.5918,0.1267
178.85,seguindo,gargalo_eixo,9.5706,3.4802,2.9929,3.0465,0.0536,0.25,7.7216,1.1534,1.1758,8.4,3.5918,0.126
178.9,seguindo,gargalo_eixo,9.5585,3.4804,2.9727,3.0458,0.073,0.25,7.7098,1.1534,1.1638,8.4,3.5918,0.125
178.95,seguindo,gargalo_eixo,9.5397,3.4818,2.9469,3.0454,0.0984,0.25,7.691,1.1534,1.1449,8.4,3.5918,0.1229
179.0,seguindo,gargalo_eixo,9.5267,3.4832,2.9326,3.0455,0.113,0.25,7.678,0.9311,1.1319,8.4,3.5918,0.1209
179.05,seguindo,gargalo_eixo,9.5098,3.4855,2.9145,3.0461,0.1316,0.25,7.661,0.9311,1.1149,8.4,3.5918,0.118
179.1,seguindo,gargalo_eixo,9.4996,3.4869,2.9027,3.0465,0.1438,0.25,7.6507,0.9311,1.1045,8.4,3.5918,0.1162
179.15,seguindo,gargalo_eixo,9.4845,3.4897,2.8908,3.0477,0.1569,0.25,7.6354,0.9311,1.0893,8.4,3.5918,0.1131
179.2,seguindo,gargalo_eixo,9.4745,3.4918,2.8854,3.0488,0.1634,0.25,7.6251,0.8003,1.0791,8.4,3.5918,0.1107
179.25,seguindo,gargalo_eixo,9.4597,3.4956,2.884,3.0511,0.167,0.25,7.6099,0.8003,1.064,8.4,3.5918,0.1065
179.3,seguindo,gargalo_eixo,9.4499,3.4983,2.8858,3.0528,0.167,0.25,7.5997,0.8003,1.054,8.4,3.5918,0.1036
179.35,seguindo,gargalo_eixo,9.4355,3.5027,2.8939,3.0558,0.1619,0.25,7.5848,0.8003,1.0393,8.4,3.5918,0.099
179.4,seguindo,gargalo_eixo,9.426,3.5057,2.9014,3.0579,0.1565,0.25,7.5749,0.8003,1.0296,8.4,3.5918,0.0958
179.45,seguindo,gargalo_eixo,9.4119,3.5104,2.9176,3.0613,0.1437,0.25,7.5601,0.7355,1.0151,8.4,3.5918,0.0909
179.5,seguindo,gargalo_eixo,9.4024,3.5135,2.93,3.0637,0.1337,0.25,7.5501,0.7355,1.0054,8.4,3.5918,0.0876
179.55,seguindo,gargalo_eixo,9.3877,3.5179,2.9463,3.067,0.1207,0.25,7.5349,0.7167,0.9904,8.4,3.5918,0.0831
179.6,seguindo,gargalo_eixo,9.3776,3.5207,2.9559,3.069,0.1131,0.25,7.5245,0.6978,0.9802,8.4,3.5918,0.0802
179.65,seguindo,gargalo_eixo,9.3624,3.5246,2.9698,3.0719,0.102,0.25,7.5088,0.6438,0.9647,8.4,3.5918,0.0762
179.7,seguindo,gargalo_eixo,9.3522,3.5271,2.9788,3.0737,0.0949,0.25,7.4983,0.6163,0.9544,8.4,3.5918,0.0736
179.75,seguindo,gargalo_eixo,9.3368,3.5306,2.9922,3.0764,0.0841,0.25,7.4825,0.5761,0.9388,8.4,3.5918,0.07
179.8,seguindo,gargalo_eixo,9.3265,3.5328,3.0011,3.078,0.0769,0.25,7.472,0.5505,0.9284,8.4,3.5918,0.0677
179.85,seguindo,gargalo_eixo,9.311,3.536,3.0143,3.0804,0.0661,0.25,7.4562,0.5135,0.9127,8.4,3.5918,0.0644
179.9,seguindo,gargalo_eixo,9.3007,3.538,3.023,3.0819,0.0589,0.25,7.4456,0.4765,0.9022,8.4,3.5918,0.0624
179.95,seguindo,gargalo_eixo,9.2851,3.5408,3.0362,3.0841,0.0479,0.25,7.4298,0.4222,0.8865,8.4,3.5918,0.0595
180.0,seguindo,gargalo_eixo,9.2747,3.5426,3.045,3.0854,0.0404,0.25,7.4193,0.4241,0.8761,8.4,3.5918,0.0577
180.05,seguindo,gargalo_eixo,9.2592,3.5451,3.0587,3.0873,0.0286,0.25,7.4035,0.3446,0.8604,8.4,3.5918,0.0551
180.1,seguindo,gargalo_eixo,9.2488,3.5467,3.068,3.0885,0.0205,0.25,7.3931,0.292,0.85,8.4,3.5918,0.0535
180.15,seguindo,gargalo_eixo,9.2333,3.5489,3.0821,3.0902,0.008,0.2144,7.3774,0.2144,0.8344,8.4,3.5918,0.0512
180.2,seguindo,gargalo_eixo,9.223,3.5502,3.0916,3.0911,-0.0005,0.193,7.367,0.193,0.824,8.4,3.5918,0.0499
180.25,seguindo,gargalo_eixo,9.2074,3.552,3.1058,3.0924,-0.0134,0.0672,7.3514,0.0672,0.8083,8.4,3.5918,0.048
180.3,seguindo,gargalo_eixo,9.197,3.5531,3.1154,3.0932,-0.0222,0.25,7.341,0.732,0.7979,8.4,3.5918,0.0468
180.35,seguindo,gargalo_eixo,9.1814,3.5546,3.1296,3.0941,-0.0356,0.25,7.3255,0.7023,0.7823,8.4,3.5918,0.0453
180.4,seguindo,gargalo_eixo,9.1711,3.5555,3.1392,3.0945,-0.0446,0.25,7.3151,0.6632,0.7719,8.4,3.5918,0.0444
180.45,seguindo,gargalo_eixo,9.1554,3.5566,-3.1298,3.095,-0.0584,0.25,7.2996,0.6213,0.7562,8.4,3.5918,0.0433
180.5,seguindo,gargalo_eixo,9.145,3.5572,-3.1203,3.0951,-0.0677,0.25,7.2892,0.5941,0.7458,8.4,3.5918,0.0427
180.55,seguindo,gargalo_eixo,9.1294,3.5579,-3.1061,3.0951,-0.0819,0.25,7.2738,0.555,0.7301,8.4,3.5918,0.0419
180.6,seguindo,gargalo_eixo,9.1189,3.5582,-3.0967,3.0949,-0.0915,0.25,7.2634,0.5384,0.7197,8.4,3.5918,0.0415
180.65,seguindo,gargalo_eixo,9.1059,3.5592,-3.0764,3.0955,-0.1113,0.25,7.2505,0.492,0.7066,8.4,3.5918,0.0405
180.7,seguindo,gargalo_eixo,9.0985,3.5602,-3.0575,3.0964,-0.1293,0.25,7.243,0.4656,0.6991,8.4,3.5918,0.0395
180.75,seguindo,gargalo_eixo,9.0847,3.5608,-3.0331,3.0964,-0.1537,0.25,7.2294,0.4182,0.6853,8.4,3.5918,0.0388
180.8,seguindo,gargalo_eixo,9.0742,3.5607,-3.0201,3.0955,-0.1676,0.25,7.2191,0.418,0.6749,8.4,3.5918,0.0388
180.85,seguindo,gargalo_eixo,9.0585,3.5602,-3.0007,3.0936,-0.1889,0.25,7.2039,0.3386,0.6592,8.4,3.5918,0.0392
180.9,seguindo,gargalo_eixo,9.0481,3.5597,-2.9878,3.0921,-0.2033,0.25,7.1937,0.2861,0.6488,8.4,3.5918,0.0396
180.95,seguindo,gargalo_eixo,9.0324,3.5587,-2.9687,3.0893,-0.2252,0.209,7.1786,0.209,0.6333,8.4,3.5918,0.0405
181.0,seguindo,gargalo_eixo,9.0221,3.5579,-2.9562,3.0871,-0.2399,0.1848,7.1686,0.1848,0.623,8.4,3.5918,0.0412
181.05,seguindo,gargalo_eixo,9.0064,3.5562,-2.9397,3.0829,-0.2606,0.0596,7.1536,0.0596,0.6074,8.4,3.5918,0.0428
181.1,seguindo,gargalo_eixo,8.996,3.5548,-2.9299,3.0796,-0.2737,0.25,7.1437,0.7304,0.5971,8.4,3.5918,0.044
181.15,seguindo,gargalo_eixo,8.9803,3.5524,-2.917,3.0738,-0.2924,0.25,7.1288,0.701,0.5816,8.4,3.5918,0.0462
181.2,seguindo,gargalo_eixo,8.9697,3.5506,-2.9091,3.0694,-0.3046,0.25,7.1189,0.6614,0.5712,8.4,3.5918,0.0478
181.25,seguindo,gargalo_eixo,8.954,3.5478,-2.8969,3.0624,-0.3239,0.25,7.104,0.62,0.5557,8.4,3.5918,0.0504
181.3,seguindo,gargalo_eixo,8.9436,3.5459,-2.8885,3.0573,-0.3374,0.25,7.0942,0.5933,0.5455,8.4,3.5918,0.0521
181.35,seguindo,gargalo_eixo,8.9281,3.5429,-2.8748,3.0493,-0.359,0.25,7.0797,0.5556,0.5304,8.4,3.5918,0.0547
181.4,seguindo,gargalo_eixo,8.9179,3.5408,-2.8655,3.0435,-0.3742,0.25,7.0701,0.5408,0.5203,8.4,3.5918,0.0565
181.45,seguindo,gargalo_eixo,8.9032,3.5382,-2.846,3.0355,-0.4017,0.25,7.0563,0.4899,0.506,8.4,3.5918,0.0587
181.5,seguindo,gargalo_eixo,8.8938,3.5365,-2.8311,3.0301,-0.422,0.25,7.0474,0.4575,0.4968,8.4,3.5918,0.0601
181.55,seguindo,gargalo_eixo,8.8784,3.533,-2.8123,3.0194,-0.4515,0.25,7.0331,0.4068,0.4819,8.4,3.5918,0.063
181.6,seguindo,gargalo_eixo,8.8677,3.5302,-2.8018,3.0108,-0.4706,0.25,7.0232,0.402,0.4717,8.4,3.5918,0.0653
181.65,seguindo,gargalo_eixo,8.852,3.5255,-2.7913,2.996,-0.4959,0.25,7.0088,0.3262,0.4568,8.4,3.5918,0.0694
181.7,seguindo,gargalo_eixo,8.8416,3.5221,-2.7868,2.985,-0.5113,0.25,6.9994,0.2771,0.447,8.4,3.5918,0.0722
181.75,seguindo,gargalo_eixo,8.8263,3.5165,-2.7855,2.9668,-0.5309,0.2454,6.9856,0.2454,0.4328,8.4,3.5918,0.0769
181.8,seguindo,gargalo_eixo,8.8162,3.5127,-2.7864,2.9537,-0.543,0.1901,6.9766,0.1901,0.4236,8.4,3.5918,0.0801
181.85,seguindo,gargalo_eixo,8.8013,3.5066,-2.7928,2.9325,-0.5579,0.082,6.9633,0.082,0.4102,8.4,3.5918,0.0851
181.9,seguindo,gargalo_eixo,8.7914,3.5026,-2.7989,2.9175,-0.5668,0.0116,6.9546,0.0116,0.4014,8.4,3.5918,0.0882
181.95,seguindo,gargalo_eixo,8.7769,3.4963,-2.813,2.8933,-0.5769,0.25,6.9417,0.7252,0.3887,8.4,3.5918,0.0932
182.0,seguindo,gargalo_eixo,8.7672,3.4921,-2.8242,2.8764,-0.5826,0.25,6.9332,0.7269,0.3805,8.4,3.5918,0.0965
182.05,seguindo,gargalo_eixo,8.7528,3.4856,-2.846,2.8493,-0.5879,0.25,6.9205,0.7251,0.3684,8.4,3.5918,0.1012
182.1,seguindo,gargalo_eixo,8.7432,3.4814,-2.8623,2.8304,-0.5905,0.25,6.9121,0.7251,0.3605,8.4,3.5918,0.1042
182.15,seguindo,gargalo_eixo,8.7285,3.4749,-2.8918,2.7997,-0.5917,0.25,6.8991,0.7446,0.3486,8.4,3.5918,0.1086
182.2,seguindo,gargalo_eixo,8.7184,3.4707,-2.9134,2.7781,-0.5917,0.25,6.8903,0.7446,0.3407,8.4,3.5918,0.1115
182.25,seguindo,gargalo_eixo,8.7059,3.4654,-2.9435,2.7499,-0.5898,0.25,6.8793,0.7446,0.3309,8.4,3.5918,0.1144
182.3,seguindo,gargalo_eixo,8.6988,3.4623,-2.9653,2.7325,-0.5854,0.25,6.873,0.7446,0.3256,8.4,3.5918,0.1161
182.35,seguindo,gargalo_eixo,8.6908,3.4588,-2.9917,2.7125,-0.5789,0.25,6.866,0.822,0.3197,8.4,3.5918,0.118
182.4,seguindo,gargalo_eixo,8.6866,3.457,-3.0063,2.702,-0.5749,0.25,6.8624,0.822,0.3167,8.4,3.5918,0.119
182.45,seguindo,gargalo_eixo,8.6832,3.4552,-3.0223,2.6923,-0.5685,0.25,6.8594,0.822,0.3144,8.4,3.5918,0.1201
182.5,seguindo,gargalo_eixo,8.6822,3.4545,-3.0297,2.6888,-0.5647,0.25,6.8586,0.822,0.3138,8.4,3.5918,0.1206
182.55,seguindo,gargalo_eixo,8.6835,3.4542,-3.0354,2.6898,-0.5581,0.25,6.8599,0.822,0.3151,8.4,3.5918,0.1212
182.6,seguindo,gargalo_eixo,8.6857,3.4543,-3.0365,2.6931,-0.5536,0.25,6.862,0.822,0.317,8.4,3.5918,0.1215
182.65,seguindo,gargalo_eixo,8.6918,3.4548,-3.0383,2.7027,-0.5422,0.25,6.8679,0.822,0.3223,8.4,3.5918,0.1221
182.7,seguindo,gargalo_eixo,8.6971,3.4553,-3.0394,2.7109,-0.5328,0.25,6.873,0.822,0.327,8.4,3.5918,0.1227
182.75,seguindo,gargalo_eixo,8.708,3.4563,-3.041,2.7271,-0.5151,0.25,6.8834,0.7446,0.3365,8.4,3.5918,0.1237
182.8,seguindo,gargalo_eixo,8.7166,3.4571,-3.0419,2.7392,-0.5021,0.25,6.8915,0.7446,0.344,8.4,3.5918,0.1246
182.85,seguindo,gargalo_eixo,8.7278,3.4581,-3.043,2.7543,-0.4859,0.25,6.9023,0.7446,0.354,8.4,3.5918,0.1252
182.9,seguindo,gargalo_eixo,8.7383,3.459,-3.0439,2.7676,-0.4717,0.25,6.9122,0.7446,0.3634,8.4,3.5918,0.1257
182.95,seguindo,gargalo_eixo,8.7434,3.4595,-3.0444,2.7738,-0.465,0.25,6.9171,0.7251,0.3679,8.4,3.5918,0.1259
183.0,seguindo,gargalo_eixo,8.7483,3.4599,-3.045,2.7796,-0.4586,0.25,6.9218,0.7261,0.3724,8.4,3.5918,0.1261
183.05,seguindo,gargalo_eixo,8.7536,3.4603,-3.0456,2.7857,-0.4519,0.25,6.9269,0.7279,0.3772,8.4,3.5918,0.1264
183.1,seguindo,gargalo_eixo,8.7563,3.4606,-3.0459,2.7888,-0.4485,0.25,6.9295,0.7271,0.3797,8.4,3.5918,0.1265
183.15,seguindo,gargalo_eixo,8.7583,3.4607,-3.0461,2.791,-0.4461,0.25,6.9314,0.7267,0.3815,8.4,3.5918,0.1266
183.2,seguindo,gargalo_eixo,8.7588,3.4608,-3.0462,2.7915,-0.4456,0.25,6.9318,0.7266,0.3819,8.4,3.5918,0.1267
183.25,seguindo,gargalo_eixo,8.759,3.4608,-3.0462,2.7917,-0.4453,0.25,6.9321,0.7265,0.3821,8.4,3.5918,0.1267
183.3,seguindo,gargalo_eixo,8.759,3.4608,-3.0462,2.7917,-0.4453,0.25,6.9321,0.7265,0.3821,8.4,3.5918,0.1267
183.35,seguindo,gargalo_eixo,8.759,3.4608,-3.0462,2.7917,-0.4453,0.25,6.9321,0.7265,0.3821,8.4,3.5918,0.1267
183.4,seguindo,gargalo_eixo,8.759,3.4608,-3.0462,2.7917,-0.4453,0.25,6.9321,0.7265,0.3821,8.4,3.5918,0.1267
183.45,seguindo,gargalo_eixo,8.759,3.4608,-3.0462,2.7917,-0.4453,0.25,6.9321,0.7265,0.3821,8.4,3.5918,0.1267
183.5,seguindo,gargalo_eixo,8.759,3.4608,-3.0462,2.7917,-0.4453,0.25,6.9321,0.7265,0.3821,8.4,3.5918,0.1267
183.55,seguindo,gargalo_eixo,8.759,3.4608,-3.0462,2.7917,-0.4453,0.25,6.9321,0.7265,0.3821,8.4,3.5918,0.1267
183.6,seguindo,gargalo_eixo,8.759,3.4608,-3.0462,2.7917,-0.4453,0.25,6.9321,0.7265,0.3821,8.4,3.5918,0.1267
183.65,seguindo,gargalo_eixo,8.759,3.4608,-3.0462,2.7917,-0.4453,0.25,6.9321,0.7265,0.3821,8.4,3.5918,0.1267
183.7,seguindo,gargalo_eixo,8.759,3.4608,-3.0462,2.7917,-0.4453,0.25,6.9321,0.7265,0.3821,8.4,3.5918,0.1267
183.75,seguindo,gargalo_eixo,8.759,3.4608,-3.0462,2.7917,-0.4453,0.25,6.9321,0.7265,0.3821,8.4,3.5918,0.1267
183.8,seguindo,gargalo_eixo,8.759,3.4608,-3.0462,2.7917,-0.4453,0.25,6.9321,0.7265,0.3821,8.4,3.5918,0.1267
183.85,seguindo,gargalo_eixo,8.759,3.4608,-3.0462,2.7917,-0.4453,0.25,6.9321,0.7265,0.3821,8.4,3.5918,0.1267
183.9,seguindo,gargalo_eixo,8.759,3.4608,-3.0462,2.7917,-0.4453,0.25,6.9321,0.7265,0.3821,8.4,3.5918,0.1267
183.95,seguindo,gargalo_eixo,8.759,3.4608,-3.0462,2.7917,-0.4453,0.25,6.9321,0.7265,0.3821,8.4,3.5918,0.1267
184.0,seguindo,gargalo_eixo,8.759,3.4608,-3.0462,2.7917,-0.4453,0.25,6.9321,0.7265,0.3821,8.4,3.5918,0.1267
184.05,seguindo,gargalo_eixo,8.759,3.4608,-3.0462,2.7917,-0.4453,0.25,6.9321,0.7265,0.3821,8.4,3.5918,0.1267
184.1,seguindo,gargalo_eixo,8.759,3.4608,-3.0462,2.7917,-0.4453,0.25,6.9321,0.7265,0.3821,8.4,3.5918,0.1267
184.15,seguindo,gargalo_eixo,8.759,3.4608,-3.0462,2.7917,-0.4453,0.25,6.9321,0.7265,0.3821,8.4,3.5918,0.1267
184.2,seguindo,gargalo_eixo,8.759,3.4608,-3.0462,2.7917,-0.4453,0.25,6.9321,0.7265,0.3821,8.4,3.5918,0.1267
184.25,seguindo,gargalo_eixo,8.759,3.4608,-3.0462,2.7917,-0.4453,0.25,6.9321,0.7265,0.3821,8.4,3.5918,0.1267
184.3,seguindo,gargalo_eixo,8.759,3.4608,-3.0462,2.7917,-0.4453,0.25,6.9321,0.7265,0.3821,8.4,3.5918,0.1267
184.35,seguindo,gargalo_eixo,8.759,3.4608,-3.0462,2.7917,-0.4453,0.25,6.9321,0.7265,0.3821,8.4,3.5918,0.1267
184.4,seguindo,gargalo_eixo,8.759,3.4608,-3.0462,2.7917,-0.4453,0.25,6.9321,0.7265,0.3821,8.4,3.5918,0.1267
184.45,seguindo,gargalo_eixo,8.759,3.4608,-3.0462,2.7917,-0.4453,0.25,6.9321,0.7265,0.3821,8.4,3.5918,0.1267
184.501,seguindo,gargalo_eixo,8.759,3.4608,-3.0462,2.7917,-0.4453,0.25,6.9321,0.7265,0.3821,8.4,3.5918,0.1267
184.55,seguindo,gargalo_eixo,8.759,3.4608,-3.0462,2.7917,-0.4453,0.25,6.9321,0.7265,0.3821,8.4,3.5918,0.1267
184.6,seguindo,gargalo_eixo,8.759,3.4608,-3.0462,2.7917,-0.4453,0.25,6.9321,0.7265,0.3821,8.4,3.5918,0.1267
184.65,seguindo,gargalo_eixo,8.759,3.4608,-3.0462,2.7917,-0.4453,0.25,6.9321,0.7265,0.3821,8.4,3.5918,0.1267
184.7,seguindo,gargalo_eixo,8.759,3.4608,-3.0462,2.7917,-0.4453,0.25,6.9321,0.7265,0.3821,8.4,3.5918,0.1267
184.75,seguindo,gargalo_eixo,8.759,3.4608,-3.0462,2.7917,-0.4453,0.25,6.9321,0.7265,0.3821,8.4,3.5918,0.1267
184.8,seguindo,gargalo_eixo,8.759,3.4608,-3.0462,2.7917,-0.4453,0.25,6.9321,0.7265,0.3821,8.4,3.5918,0.1267
184.85,seguindo,gargalo_eixo,8.759,3.4608,-3.0462,2.7917,-0.4453,0.25,6.9321,0.7265,0.3821,8.4,3.5918,0.1267
184.9,seguindo,gargalo_eixo,8.759,3.4608,-3.0462,2.7917,-0.4453,0.25,6.9321,0.7265,0.3821,8.4,3.5918,0.1267
184.95,seguindo,gargalo_eixo,8.759,3.4608,-3.0462,2.7917,-0.4453,0.25,6.9321,0.7265,0.3821,8.4,3.5918,0.1267
185.0,seguindo,gargalo_eixo,8.759,3.4608,-3.0462,2.7917,-0.4453,0.25,6.9321,0.7265,0.3821,8.4,3.5918,0.1267
185.05,seguindo,gargalo_eixo,8.759,3.4608,-3.0462,2.7917,-0.4453,0.25,6.9321,0.7265,0.3821,8.4,3.5918,0.1267
185.1,seguindo,gargalo_eixo,8.759,3.4608,-3.0462,2.7917,-0.4453,0.25,6.9321,0.7265,0.3821,8.4,3.5918,0.1267
185.15,seguindo,gargalo_eixo,8.759,3.4608,-3.0462,2.7917,-0.4453,0.25,6.9321,0.7265,0.3821,8.4,3.5918,0.1267
185.2,seguindo,gargalo_eixo,8.759,3.4608,-3.0462,2.7917,-0.4453,0.25,6.9321,0.7265,0.3821,8.4,3.5918,0.1267
185.25,seguindo,gargalo_eixo,8.759,3.4608,-3.0462,2.7917,-0.4453,0.25,6.9321,0.7265,0.3821,8.4,3.5918,0.1267
185.3,seguindo,gargalo_eixo,8.759,3.4608,-3.0462,2.7917,-0.4453,0.25,6.9321,0.7265,0.3821,8.4,3.5918,0.1267
185.35,seguindo,gargalo_eixo,8.759,3.4608,-3.0462,2.7917,-0.4453,0.25,6.9321,0.7265,0.3821,8.4,3.5918,0.1267
185.4,seguindo,gargalo_eixo,8.759,3.4608,-3.0462,2.7917,-0.4453,0.25,6.9321,0.7265,0.3821,8.4,3.5918,0.1267
185.45,seguindo,gargalo_eixo,8.759,3.4608,-3.0462,2.7917,-0.4453,0.25,6.9321,0.7265,0.3821,8.4,3.5918,0.1267
185.5,seguindo,gargalo_eixo,8.759,3.4608,-3.0462,2.7917,-0.4453,0.25,6.9321,0.7265,0.3821,8.4,3.5918,0.1267
185.55,seguindo,gargalo_eixo,8.759,3.4608,-3.0462,2.7917,-0.4453,0.25,6.9321,0.7265,0.3821,8.4,3.5918,0.1267
185.6,seguindo,gargalo_eixo,8.759,3.4608,-3.0462,2.7917,-0.4453,0.25,6.9321,0.7265,0.3821,8.4,3.5918,0.1267
185.65,seguindo,gargalo_eixo,8.759,3.4608,-3.0462,2.7917,-0.4453,0.25,6.9321,0.7265,0.3821,8.4,3.5918,0.1267
185.7,seguindo,gargalo_eixo,8.759,3.4608,-3.0462,2.7917,-0.4453,0.25,6.9321,0.7265,0.3821,8.4,3.5918,0.1267
185.75,seguindo,gargalo_eixo,8.759,3.4608,-3.0462,2.7917,-0.4453,0.25,6.9321,0.7265,0.3821,8.4,3.5918,0.1267
185.8,seguindo,gargalo_eixo,8.759,3.4608,-3.0462,2.7917,-0.4453,0.25,6.9321,0.7265,0.3821,8.4,3.5918,0.1267
185.85,seguindo,gargalo_eixo,8.759,3.4608,-3.0462,2.7917,-0.4453,0.25,6.9321,0.7265,0.3821,8.4,3.5918,0.1267
185.9,seguindo,gargalo_eixo,8.759,3.4608,-3.0462,2.7917,-0.4453,0.25,6.9321,0.7265,0.3821,8.4,3.5918,0.1267
185.95,seguindo,gargalo_eixo,8.759,3.4608,-3.0462,2.7917,-0.4453,0.25,6.9321,0.7265,0.3821,8.4,3.5918,0.1267
186.0,seguindo,gargalo_eixo,8.759,3.4608,-3.0462,2.7917,-0.4453,0.25,6.9321,0.7265,0.3821,8.4,3.5918,0.1267
186.05,seguindo,gargalo_eixo,8.759,3.4608,-3.0462,2.7917,-0.4453,0.25,6.9321,0.7265,0.3821,8.4,3.5918,0.1267
186.1,seguindo,gargalo_eixo,8.759,3.4608,-3.0462,2.7917,-0.4453,0.25,6.9321,0.7265,0.3821,8.4,3.5918,0.1267
186.15,seguindo,gargalo_eixo,8.759,3.4608,-3.0462,2.7917,-0.4453,0.25,6.9321,0.7265,0.3821,8.4,3.5918,0.1267
186.2,seguindo,gargalo_eixo,8.759,3.4608,-3.0462,2.7917,-0.4453,0.25,6.9321,0.7265,0.3821,8.4,3.5918,0.1267
186.25,seguindo,gargalo_eixo,8.759,3.4608,-3.0462,2.7917,-0.4453,0.25,6.9321,0.7265,0.3821,8.4,3.5918,0.1267
186.3,seguindo,gargalo_eixo,8.759,3.4608,-3.0462,2.7917,-0.4453,0.25,6.9321,0.7265,0.3821,8.4,3.5918,0.1267
186.35,seguindo,gargalo_eixo,8.759,3.4608,-3.0462,2.7917,-0.4453,0.25,6.9321,0.7265,0.3821,8.4,3.5918,0.1267
186.4,seguindo,gargalo_eixo,8.759,3.4608,-3.0462,2.7917,-0.4453,0.25,6.9321,0.7265,0.3821,8.4,3.5918,0.1267
186.45,re,,8.759,3.4608,-3.0462,-3.0462,0.0,0.203,6.9321,inf,,,,0.0
186.5,re,,8.759,3.4608,-3.0462,-3.0462,0.0,0.203,6.9321,inf,,,,0.0
186.55,re,,8.759,3.4608,-3.0462,-3.0462,0.0,0.203,6.9321,inf,,,,0.0
186.6,re,,8.759,3.4608,-3.0462,-3.0462,0.0,0.203,6.9321,inf,,,,0.0
186.65,re,,8.759,3.4608,-3.0462,-3.0462,0.0,0.203,6.9321,inf,,,,0.0
186.7,re,,8.759,3.4608,-3.0462,-3.0462,0.0,0.203,6.9321,inf,,,,0.0
186.75,re,,8.759,3.4608,-3.0462,-3.0462,0.0,0.203,6.9321,inf,,,,0.0
186.8,re,,8.759,3.4608,-3.0462,-3.0462,0.0,0.203,6.9321,inf,,,,0.0
186.85,re,,8.7563,3.4602,-3.05,-3.05,0.0,0.203,6.9296,inf,,,,0.0
186.9,re,,8.7532,3.4595,-3.0551,-3.0551,0.0,0.203,6.9266,inf,,,,0.0
186.95,re,,8.7457,3.458,-3.0665,-3.0665,0.0,0.203,6.9197,inf,,,,0.0
187.0,re,,8.7394,3.4567,-3.0767,-3.0767,0.0,0.203,6.9138,inf,,,,0.0
187.05,re,,8.7271,3.4547,-3.0925,-3.0925,0.0,0.203,6.9024,inf,,,,0.0
187.1,re,,8.7176,3.4534,-3.1027,-3.1027,0.0,0.203,6.8933,inf,,,,0.0
187.15,re,,8.7006,3.4516,-3.1185,-3.1185,0.0,0.203,6.8771,inf,,,,0.0
187.2,re,,8.6878,3.4505,-3.1287,-3.1287,0.0,0.203,6.8649,inf,,,,0.0
187.25,re,,8.6682,3.4492,3.1401,3.1401,0.0,0.203,6.8462,inf,,,,0.0
187.3,re,,8.6483,3.4483,3.1273,3.1273,0.0,0.203,6.827,inf,,,,0.0
187.35,re,,8.636,3.4482,3.1232,3.1232,0.0,0.203,6.815,inf,,,,0.0
187.4,re,,8.6236,3.4482,3.1197,3.1197,0.0,0.203,6.803,inf,,,,0.0
187.45,re,,8.6063,3.4486,3.1195,3.1195,0.0,0.203,6.786,inf,,,,0.0
187.5,re,,8.5952,3.4489,3.1213,3.1213,0.0,0.203,6.7751,inf,,,,0.0
187.55,re,,8.5795,3.4499,3.1291,3.1291,0.0,0.203,6.7596,inf,,,,0.0
187.6,re,,8.5694,3.4505,3.1364,3.1364,0.0,0.203,6.7497,inf,,,,0.0
187.7,seguindo,gargalo_eixo,8.5453,3.4526,-3.1195,2.3774,-0.7863,0.25,6.7257,1.7534,0.2012,8.4,3.5918,0.0787
187.75,seguindo,gargalo_eixo,8.5312,3.454,-3.0969,2.3314,-0.8549,0.25,6.7117,1.7534,0.1902,8.4,3.5918,0.0717
187.8,seguindo,gargalo_eixo,8.5218,3.4549,-3.0802,2.2978,-0.9052,0.25,6.7024,1.7534,0.1833,8.4,3.5918,0.0665
187.85,seguindo,gargalo_eixo,8.5078,3.4559,-3.055,2.2413,-0.9868,0.25,6.6885,1.7534,0.1735,8.4,3.5918,0.0589
187.9,seguindo,normal,8.4985,3.4564,-3.0383,-2.644,0.3942,0.5,6.6793,2.9556,0.37,8.15,3.2671,0.0541
187.95,seguindo,normal,8.4844,3.4568,-3.0131,-2.6256,0.3875,0.5,6.6655,2.9556,0.37,8.15,3.2671,0.047
188.0,seguindo,normal,8.4751,3.4569,-2.9963,-2.6131,0.3832,0.5,6.6564,2.9556,0.37,8.15,3.2671,0.0425
188.05,seguindo,normal,8.461,3.4567,-2.9712,-2.5941,0.3771,0.5,6.6428,2.9556,0.37,8.15,3.2671,0.0354
188.1,seguindo,normal,8.4517,3.4564,-2.9544,-2.5811,0.3733,0.5,6.6338,2.9556,0.37,8.15,3.2671,0.0307
188.15,seguindo,normal,8.4377,3.4557,-2.9293,-2.551,0.3782,0.5,6.6203,9.3107,0.37,8.1,3.2293,0.0239
188.2,seguindo,normal,8.4283,3.455,-2.9125,-2.5394,0.3731,0.5,6.6114,9.3107,0.37,8.1,3.2293,0.0195
188.25,seguindo,normal,8.4171,3.4542,-2.8901,-2.5248,0.3653,0.5,6.6007,9.3107,0.37,8.1,3.2293,0.0142
188.3,seguindo,normal,8.4109,3.4538,-2.875,-2.5163,0.3588,0.5,6.5947,9.3107,0.37,8.1,3.2293,0.0112
188.35,seguindo,normal,8.4045,3.4534,-2.8585,-2.5072,0.3513,0.5,6.5886,9.3107,0.37,8.1,3.2293,0.0081
188.4,seguindo,normal,8.4001,3.4531,-2.8466,-2.5009,0.3457,0.5,6.5844,9.3107,0.37,8.1,3.2293,0.0058
188.45,seguindo,normal,8.4,3.4533,-2.8444,-2.5002,0.3441,0.5,6.5842,9.3107,0.37,8.1,3.2293,0.0056
188.5,seguindo,normal,8.4,3.4534,-2.8429,-2.5,0.3429,0.5,6.5842,9.3107,0.37,8.1,3.2293,0.0055
188.55,seguindo,normal,8.3972,3.4531,-2.836,-2.4963,0.3397,0.5,6.5816,9.3107,0.37,8.1,3.2293,0.0042
188.6,seguindo,normal,8.3941,3.4527,-2.8284,-2.492,0.3365,0.5,6.5786,9.3107,0.37,8.1,3.2293,0.0027
188.65,seguindo,normal,8.3866,3.4515,-2.8123,-2.4822,0.3301,0.5,6.5717,9.3107,0.37,8.1,3.2293,-0.0006
188.7,seguindo,normal,8.3804,3.4505,-2.7989,-2.4737,0.3252,0.5,6.5658,9.3107,0.37,8.1,3.2293,-0.0034
188.75,seguindo,normal,8.3687,3.4482,-2.7741,-2.469,0.3051,0.5,6.555,8.4745,0.37,8.05,3.1944,-0.0083
188.8,seguindo,normal,8.3598,3.4464,-2.755,-2.4588,0.2962,0.5,6.5468,8.4745,0.37,8.05,3.1944,-0.0119
188.85,seguindo,normal,8.3465,3.4432,-2.7269,-2.4434,0.2835,0.5,6.5346,8.4745,0.37,8.05,3.1944,-0.017
188.9,seguindo,normal,8.3376,3.4408,-2.7086,-2.4331,0.2755,0.5,6.5266,8.4745,0.37,8.05,3.1944,-0.0202
188.95,seguindo,normal,8.3242,3.4368,-2.6828,-2.4177,0.2651,0.5,6.5145,8.4745,0.37,8.05,3.1944,-0.0251
189.0,seguindo,normal,8.3153,3.4338,-2.6664,-2.4074,0.259,0.5,6.5066,8.4745,0.37,8.05,3.1944,-0.0281
189.05,seguindo,normal,8.3019,3.4289,-2.6426,-2.4196,0.2229,0.5,6.4948,2.9023,0.37,8.0,3.1631,-0.0324
189.1,seguindo,normal,8.293,3.4254,-2.6272,-2.4114,0.2158,0.5,6.487,2.9023,0.37,8.0,3.1631,-0.035
189.15,seguindo,normal,8.2798,3.42,-2.6031,-2.3988,0.2043,0.5,6.4755,2.9023,0.37,8.0,3.1631,-0.0387
189.2,seguindo,normal,8.2712,3.4163,-2.5866,-2.3904,0.1962,0.5,6.4681,2.9023,0.37,8.0,3.1631,-0.0411
189.25,seguindo,normal,8.2584,3.4106,-2.5615,-2.3776,0.1839,0.5,6.457,2.9023,0.37,8.0,3.1631,-0.0446
189.3,seguindo,normal,8.2499,3.4066,-2.5447,-2.3691,0.1756,0.5,6.4498,2.9023,0.37,8.0,3.1631,-0.0467
189.35,seguindo,normal,8.2373,3.4003,-2.5197,-2.4362,0.0835,0.5,6.4392,1.7201,0.37,7.9,3.113,-0.0496
189.4,seguindo,normal,8.229,3.3959,-2.503,-2.4315,0.0715,0.5,6.4323,1.7201,0.37,7.9,3.113,-0.0514
189.45,seguindo,normal,8.2167,3.3891,-2.4782,-2.4247,0.0535,0.5,6.422,1.7201,0.37,7.9,3.113,-0.0537
189.5,seguindo,normal,8.2086,3.3843,-2.4621,-2.4205,0.0416,0.5,6.4153,1.7201,0.37,7.9,3.113,-0.0551
189.55,seguindo,normal,8.1965,3.3768,-2.4381,-2.4145,0.0237,0.5,6.4055,1.7201,0.37,7.9,3.113,-0.0568
189.6,seguindo,normal,8.1884,3.3716,-2.4228,-2.4554,-0.0326,0.5,6.3991,1.2046,0.37,7.85,3.0944,-0.0578
189.65,seguindo,normal,8.1765,3.3633,-2.4007,-2.4526,-0.0519,0.5,6.3897,1.2046,0.37,7.85,3.0944,-0.0589
189.7,seguindo,normal,8.1686,3.3576,-2.3866,-2.4512,-0.0645,0.5,6.3835,1.2046,0.37,7.85,3.0944,-0.0593
189.75,seguindo,normal,8.1569,3.3486,-2.3664,-2.4498,-0.0833,0.5,6.3745,1.2046,0.37,7.85,3.0944,-0.0596
189.8,seguindo,normal,8.1491,3.3424,-2.3536,-2.4494,-0.0958,0.5,6.3686,1.2046,0.37,7.85,3.0944,-0.0596
189.85,seguindo,normal,8.1365,3.3314,-2.3377,-2.4989,-0.1611,0.5,6.3593,0.9576,0.37,7.8,3.0795,-0.0588
189.9,seguindo,normal,8.1277,3.3233,-2.3294,-2.5018,-0.1724,0.5,6.3529,0.9576,0.37,7.8,3.0795,-0.058
189.95,seguindo,normal,8.115,3.3107,-2.3224,-2.5083,-0.1859,0.5,6.344,0.9576,0.37,7.8,3.0795,-0.0559
190.0,seguindo,normal,8.1067,3.3021,-2.3199,-2.5136,-0.1937,0.5,6.3383,0.9576,0.37,7.8,3.0795,-0.0541
190.05,seguindo,normal,8.0944,3.2891,-2.3186,-2.5229,-0.2043,0.5,6.33,0.9576,0.37,7.8,3.0795,-0.051
190.1,seguindo,normal,8.0863,3.2804,-2.3186,-2.5776,-0.259,0.5,6.3246,0.8521,0.37,7.75,3.0676,-0.049
190.15,seguindo,normal,8.0742,3.2673,-2.3186,-2.5896,-0.271,0.5,6.3165,0.8521,0.37,7.75,3.0676,-0.0458
190.2,seguindo,normal,8.0661,3.2586,-2.3185,-2.5982,-0.2797,0.5,6.3111,0.8521,0.37,7.75,3.0676,-0.0434
190.25,seguindo,normal,8.054,3.2456,-2.3177,-2.6119,-0.2942,0.5,6.3031,0.8521,0.37,7.75,3.0676,-0.0397
190.3,seguindo,normal,8.046,3.237,-2.317,-2.6643,-0.3473,0.5,6.2978,0.8374,0.37,7.7,3.0581,-0.0372
190.35,seguindo,normal,8.0339,3.2242,-2.3149,-2.6799,-0.365,0.5,6.2898,0.8374,0.37,7.7,3.0581,-0.0337
190.4,seguindo,normal,8.026,3.2157,-2.3132,-2.691,-0.3778,0.5,6.2846,0.8374,0.37,7.7,3.0581,-0.0309
190.45,seguindo,normal,8.014,3.2031,-2.3103,-2.6641,-0.3539,0.5,6.2768,1.1894,0.37,7.65,3.0147,0.0144
190.5,seguindo,normal,8.0061,3.1946,-2.3082,-2.6738,-0.3656,0.5,6.2716,1.1894,0.37,7.65,3.0147,0.0082
190.55,seguindo,normal,7.9943,3.1819,-2.3051,-2.6895,-0.3844,0.5,6.2639,1.1894,0.37,7.65,3.0147,0.0116
190.6,seguindo,normal,7.9864,3.1734,-2.3031,-2.7008,-0.3977,0.5,6.2589,1.1894,0.37,7.65,3.0147,0.0142
190.65,seguindo,normal,7.9744,3.1598,-2.3049,-2.7398,-0.4349,0.5,6.2514,1.0158,0.37,7.6,3.0008,0.0185
190.7,seguindo,normal,7.9663,3.1505,-2.308,-2.7536,-0.4455,0.5,6.2464,1.0158,0.37,7.6,3.0008,0.0216
190.75,seguindo,normal,7.9545,3.1365,-2.3176,-2.776,-0.4583,0.5,6.2393,1.0158,0.37,7.6,3.0008,0.0267
190.8,seguindo,normal,7.9468,3.1272,-2.3258,-2.7919,-0.4661,0.5,6.2347,1.0158,0.37,7.6,3.0008,0.0302
190.85,seguindo,normal,7.9354,3.1133,-2.3432,-2.8294,-0.4862,0.5,6.2281,0.9848,0.37,7.55,2.9889,0.0355
190.9,seguindo,normal,7.9278,3.1041,-2.3566,-2.8458,-0.4892,0.5,6.2236,0.9848,0.37,7.55,2.9889,0.039
190.95,seguindo,normal,7.9164,3.0901,-2.3816,-2.8722,-0.4905,0.5,6.2171,0.9848,0.37,7.55,2.9889,0.0447
191.0,seguindo,normal,7.9087,3.0808,-2.4001,-2.8907,-0.4906,0.5,6.2126,0.9848,0.37,7.55,2.9889,0.0486
191.05,seguindo,normal,7.897,3.0672,-2.4299,-2.88,-0.45,0.5,6.2057,1.0372,1.0,6.9,2.8002,0.0541
191.1,seguindo,normal,7.885,3.0538,-2.4608,-2.8896,-0.4288,0.5,6.1984,1.0372,1.0,6.9,2.8002,0.0592
191.15,seguindo,normal,7.8769,3.0452,-2.4822,-2.8959,-0.4137,0.5,6.1935,1.0372,1.0,6.9,2.8002,0.0626
191.2,seguindo,normal,7.8686,3.0367,-2.5037,-2.9021,-0.3984,0.5,6.1883,1.0372,1.0,6.9,2.8002,0.0661
191.25,seguindo,normal,7.8559,3.0243,-2.5365,-2.8967,-0.3602,0.5,6.1802,1.2353,1.0,6.85,2.7729,0.0709
191.3,seguindo,normal,7.8473,3.0163,-2.5586,-2.9022,-0.3437,0.5,6.1746,1.2353,1.0,6.85,2.7729,0.0738
191.35,seguindo,normal,7.8342,3.0047,-2.5925,-2.9103,-0.3178,0.5,6.1659,1.2353,1.0,6.85,2.7729,0.0778
191.4,seguindo,normal,7.8252,2.9972,-2.6154,-2.9156,-0.3001,0.5,6.1599,1.2353,1.0,6.85,2.7729,0.0808
191.45,seguindo,normal,7.8116,2.9863,-2.6501,-2.9232,-0.2731,0.5,6.1506,1.2353,1.0,6.85,2.7729,0.0848
191.5,seguindo,normal,7.8023,2.9794,-2.6732,-2.914,-0.2407,0.5,6.1441,1.0712,1.0,6.8,2.7472,0.0872
191.55,seguindo,normal,7.788,2.9693,-2.7073,-2.9204,-0.2131,0.5,6.1339,1.0712,1.0,6.8,2.7472,0.0902
191.6,seguindo,normal,7.778,2.9629,-2.7289,-2.9245,-0.1957,0.5,6.1266,1.0712,1.0,6.8,2.7472,0.0923
191.65,seguindo,normal,7.7627,2.9537,-2.7605,-2.9303,-0.1698,0.5,6.1152,1.0712,1.0,6.8,2.7472,0.0953
191.7,seguindo,normal,7.7523,2.9478,-2.7813,-2.9221,-0.1408,0.5,6.1074,1.0087,1.0,6.75,2.7242,0.0969
191.75,seguindo,normal,7.7363,2.9394,-2.8117,-2.9268,-0.1151,0.5,6.0952,1.0087,1.0,6.75,2.7242,0.0988
191.8,seguindo,normal,7.7253,2.9341,-2.8308,-2.9296,-0.0988,0.5,6.0866,1.0087,1.0,6.75,2.7242,0.1002
191.85,seguindo,normal,7.7085,2.9266,-2.8587,-2.9335,-0.0748,0.5,6.0734,1.0087,1.0,6.75,2.7242,0.1021
191.9,seguindo,normal,7.6971,2.9218,-2.8764,-2.9272,-0.0508,0.5,6.0643,1.0817,1.0,6.7,2.7047,0.103
191.95,seguindo,normal,7.6796,2.9151,-2.9022,-2.93,-0.0278,0.5,6.0501,1.0817,1.0,6.7,2.7047,0.1039
192.0,seguindo,normal,7.6676,2.911,-2.9179,-2.9316,-0.0137,0.5,6.0403,1.0817,1.0,6.7,2.7047,0.1047
192.05,seguindo,normal,7.6493,2.9051,-2.9404,-2.9287,0.0117,0.5,6.0252,1.2211,1.0,6.65,2.6891,0.1054
192.1,seguindo,normal,7.6368,2.9015,-2.954,-2.9295,0.0244,0.5,6.0147,1.2211,1.0,6.65,2.6891,0.1055
192.15,seguindo,normal,7.6176,2.8965,-2.9727,-2.9304,0.0422,0.5,5.9985,1.2211,1.0,6.65,2.6891,0.1055
192.2,seguindo,normal,7.6045,2.8934,-2.9835,-2.9307,0.0528,0.5,5.9873,1.2211,1.0,6.65,2.6891,0.1055
192.25,seguindo,normal,7.5865,2.8897,-2.9961,-2.9294,0.0667,0.5,5.9718,1.0405,1.0,6.6,2.6771,0.105
192.3,seguindo,normal,7.5752,2.8874,-3.0039,-2.9292,0.0747,0.5,5.962,1.0405,1.0,6.6,2.6771,0.1046
192.35,seguindo,normal,7.5581,2.8847,-3.0087,-2.9282,0.0805,0.5,5.947,1.0405,1.0,6.6,2.6771,0.1037
192.4,seguindo,normal,7.5467,2.8831,-3.0093,-2.9273,0.082,0.5,5.9369,1.0405,1.0,6.6,2.6771,0.1029
192.45,seguindo,normal,7.5296,2.8811,-3.0061,-2.9276,0.0784,0.5,5.9217,1.0051,1.0,6.55,2.6683,0.1015
192.5,seguindo,normal,7.5182,2.8798,-3.0023,-2.9264,0.0758,0.5,5.9115,1.0051,1.0,6.55,2.6683,0.1004
192.55,seguindo,normal,7.5011,2.8779,-2.9962,-2.9247,0.0716,0.5,5.8962,1.0051,1.0,6.55,2.6683,0.0993
192.6,seguindo,normal,7.4898,2.8765,-2.9921,-2.9281,0.064,0.5,5.8861,0.8871,1.0,6.5,2.662,0.0986
192.65,seguindo,normal,7.4727,2.8744,-2.9863,-2.9266,0.0597,0.5,5.871,0.8871,1.0,6.5,2.662,0.0977
192.7,seguindo,normal,7.4613,2.8729,-2.9827,-2.9256,0.0571,0.5,5.8609,0.8871,1.0,6.5,2.662,0.0973
192.75,seguindo,normal,7.4441,2.8705,-2.9784,-2.9243,0.0541,0.5,5.8458,0.8871,1.0,6.5,2.662,0.0969
192.8,seguindo,normal,7.4326,2.8687,-2.9762,-2.93,0.0462,0.5,5.8357,0.8602,1.0,6.45,2.6577,0.0968
192.85,seguindo,normal,7.4154,2.8661,-2.9734,-2.929,0.0443,0.5,5.8207,0.8602,1.0,6.45,2.6577,0.0966
192.9,seguindo,normal,7.4039,2.8643,-2.9717,-2.9284,0.0433,0.5,5.8107,0.8602,1.0,6.45,2.6577,0.0967
192.95,seguindo,normal,7.3867,2.8615,-2.9692,-2.9352,0.034,0.5,5.7956,0.9077,1.0,6.4,2.6549,0.0968
193.0,seguindo,normal,7.3752,2.8596,-2.9675,-2.9346,0.0329,0.5,5.7857,0.9077,1.0,6.4,2.6549,0.0969
193.05,seguindo,normal,7.3579,2.8568,-2.9651,-2.9339,0.0312,0.5,5.7707,0.9077,1.0,6.4,2.6549,0.097
193.1,seguindo,normal,7.3465,2.8548,-2.9634,-2.9334,0.03,0.5,5.7608,0.9077,1.0,6.4,2.6549,0.0971
193.15,seguindo,normal,7.3292,2.8519,-2.9609,-2.9412,0.0197,0.5,5.7459,1.0037,1.0,6.35,2.653,0.0973
193.2,seguindo,normal,7.3178,2.85,-2.9592,-2.9408,0.0184,0.5,5.736,1.0037,1.0,6.35,2.653,0.0975
193.25,seguindo,normal,7.3006,2.847,-2.9565,-2.9403,0.0162,0.5,5.7212,1.0037,1.0,6.35,2.653,0.0974
193.3,seguindo,normal,7.2834,2.844,-2.9539,-2.9486,0.0052,0.5,5.7064,0.882,1.0,6.3,2.6518,0.0974
193.35,seguindo,normal,7.272,2.8419,-2.9521,-2.9484,0.0036,0.5,5.6966,0.882,1.0,6.3,2.6518,0.0974
193.4,seguindo,normal,7.2605,2.8399,-2.9503,-2.9483,0.002,0.5,5.6868,0.882,1.0,6.3,2.6518,0.0972
193.45,seguindo,normal,7.2434,2.8368,-2.9476,-2.9568,-0.0092,0.5,5.6721,0.8577,1.0,6.25,2.6511,0.0966
193.5,seguindo,normal,7.232,2.8346,-2.9458,-2.9568,-0.011,0.5,5.6623,0.8577,1.0,6.25,2.6511,0.0963
193.55,seguindo,normal,7.2148,2.8315,-2.9431,-2.9568,-0.0137,0.5,5.6477,0.8577,1.0,6.25,2.6511,0.0955
193.6,seguindo,normal,7.2034,2.8293,-2.9413,-2.9568,-0.0156,0.5,5.638,0.8577,1.0,6.25,2.6511,0.0947
193.65,seguindo,normal,7.1863,2.826,-2.9386,-2.9403,-0.0017,0.5,5.6235,1.8631,0.37,6.8,2.7472,0.0935
193.7,seguindo,normal,7.1749,2.8238,-2.9368,-2.94,-0.0032,0.5,5.6138,1.8631,0.37,6.8,2.7472,0.0926
193.75,seguindo,normal,7.1578,2.8205,-2.9341,-2.9396,-0.0055,0.5,5.5994,1.8631,0.37,6.8,2.7472,0.0904
193.8,seguindo,normal,7.1464,2.8182,-2.9323,-2.9087,0.0235,0.5,5.5898,4.6128,0.37,6.75,2.7242,0.089
193.85,seguindo,normal,7.1293,2.8148,-2.9296,-2.9072,0.0224,0.5,5.5754,4.6128,0.37,6.75,2.7242,0.0869
193.9,seguindo,normal,7.1179,2.8124,-2.9278,-2.9061,0.0217,0.5,5.5658,4.6128,0.37,6.75,2.7242,0.0848
193.95,seguindo,normal,7.1008,2.8089,-2.9251,-2.8872,0.0379,0.5,5.5515,7.2457,0.37,6.7,2.7047,0.0817
194.0,seguindo,normal,7.0894,2.8066,-2.9233,-2.8858,0.0375,0.5,5.542,7.2457,0.37,6.7,2.7047,0.0797
194.05,seguindo,normal,7.0724,2.803,-2.9206,-2.8836,0.0371,0.5,5.5277,7.2457,0.37,6.7,2.7047,0.0762
194.1,seguindo,normal,7.061,2.8006,-2.9189,-2.8821,0.0368,0.5,5.5182,7.2457,0.37,6.7,2.7047,0.0736
194.15,seguindo,normal,7.0439,2.7969,-2.9162,-2.8744,0.0418,0.5,5.5041,2.0194,0.37,6.65,2.6891,0.0697
194.2,seguindo,normal,7.0326,2.7945,-2.9144,-2.8729,0.0415,0.5,5.4947,2.0194,0.37,6.65,2.6891,0.0672
194.25,seguindo,normal,7.0156,2.7907,-2.9117,-2.8704,0.0413,0.5,5.4806,2.0194,0.37,6.65,2.6891,0.0628
194.3,seguindo,normal,7.0042,2.7882,-2.9099,-2.8688,0.0412,0.5,5.4712,2.0194,0.37,6.65,2.6891,0.0598
194.35,seguindo,normal,6.9872,2.7844,-2.9072,-2.8713,0.036,0.5,5.4572,1.23,0.37,6.6,2.6771,0.0554
194.4,seguindo,normal,6.9759,2.7818,-2.9054,-2.8698,0.0356,0.5,5.4479,1.23,0.37,6.6,2.6771,0.0524
194.45,seguindo,normal,6.9589,2.7779,-2.9028,-2.8676,0.0351,0.5,5.434,1.23,0.37,6.6,2.6771,0.0477
194.5,seguindo,normal,6.9475,2.7753,-2.901,-2.8661,0.0348,0.5,5.4247,1.23,0.37,6.6,2.6771,0.0446
194.55,seguindo,normal,6.9306,2.7713,-2.8983,-2.877,0.0212,0.5,5.4109,0.9582,0.37,6.55,2.6683,0.0399
194.6,seguindo,normal,6.9192,2.7687,-2.8965,-2.876,0.0204,0.5,5.4016,0.9582,0.37,6.55,2.6683,0.0369
194.65,seguindo,normal,6.9023,2.7646,-2.8938,-2.8745,0.0193,0.5,5.3879,0.9582,0.37,6.55,2.6683,0.0323
194.7,seguindo,normal,6.891,2.7619,-2.892,-2.8735,0.0185,0.5,5.3787,0.9582,0.37,6.55,2.6683,0.0293
194.75,seguindo,normal,6.874,2.7578,-2.8893,-2.9098,-0.0205,0.5,5.365,0.8687,0.37,6.45,2.6577,0.0248
194.8,seguindo,normal,6.8628,2.755,-2.8875,-2.91,-0.0225,0.5,5.356,0.8687,0.37,6.45,2.6577,0.0218
194.85,seguindo,normal,6.8458,2.7508,-2.8849,-2.9105,-0.0257,0.5,5.3424,0.8687,0.37,6.45,2.6577,0.0177
194.9,seguindo,normal,6.8346,2.748,-2.8831,-2.9109,-0.0279,0.5,5.3333,0.8687,0.37,6.45,2.6577,0.0151
194.95,seguindo,normal,6.8177,2.7438,-2.8804,-2.9319,-0.0515,0.5,5.3198,0.8805,0.37,6.4,2.6549,0.0111
195.0,seguindo,normal,6.8064,2.7409,-2.8786,-2.933,-0.0544,0.5,5.3108,0.8805,0.37,6.4,2.6549,0.0085
195.05,seguindo,normal,6.7895,2.7365,-2.8759,-2.9349,-0.059,0.5,5.2974,0.8805,0.37,6.4,2.6549,0.0053
195.1,seguindo,normal,6.7783,2.7336,-2.8741,-2.9363,-0.0622,0.5,5.2885,0.8805,0.37,6.4,2.6549,0.0032
195.15,seguindo,normal,6.7614,2.7292,-2.8714,-2.9584,-0.087,0.5,5.2752,0.9835,0.37,6.35,2.653,0.0002
195.2,seguindo,normal,6.7502,2.7262,-2.8696,-2.9606,-0.0909,0.5,5.2663,0.9835,0.37,6.35,2.653,-0.0018
195.25,seguindo,normal,6.7333,2.7217,-2.867,-2.9641,-0.0972,0.5,5.2531,0.9835,0.37,6.35,2.653,-0.0038
195.3,seguindo,normal,6.7221,2.7187,-2.8652,-3.0736,-0.2085,0.5,5.2443,1.2572,1.0,5.7,2.6492,-0.005
195.35,seguindo,normal,6.7053,2.7141,-2.8625,-3.077,-0.2145,0.5,5.2311,1.2572,1.0,5.7,2.6492,-0.0069
195.4,seguindo,normal,6.694,2.7111,-2.8608,-3.0794,-0.2186,0.5,5.2224,1.2572,1.0,5.7,2.6492,-0.0078
195.45,seguindo,normal,6.6772,2.7064,-2.8581,-3.0831,-0.2249,0.5,5.2093,1.2572,1.0,5.7,2.6492,-0.0084
195.5,seguindo,normal,6.666,2.7033,-2.8564,-3.0878,-0.2315,0.5,5.2006,1.6337,1.0,5.65,2.6486,-0.0088
195.55,seguindo,normal,6.6493,2.6986,-2.8536,-3.0916,-0.238,0.5,5.1877,1.6337,1.0,5.65,2.6486,-0.0093
195.6,seguindo,normal,6.6381,2.6954,-2.8518,-3.0943,-0.2425,0.5,5.1791,1.6337,1.0,5.65,2.6486,-0.0089
195.65,seguindo,normal,6.6213,2.6906,-2.8491,-3.0997,-0.2506,0.5,5.1662,2.2307,1.0,5.6,2.6478,-0.0082
195.7,seguindo,normal,6.6102,2.6874,-2.8473,-3.1024,-0.2551,0.5,5.1577,2.2307,1.0,5.6,2.6478,-0.0077
195.75,seguindo,normal,6.5934,2.6825,-2.8446,-3.1066,-0.262,0.5,5.1449,2.2307,1.0,5.6,2.6478,-0.0065
195.8,seguindo,normal,6.5823,2.6793,-2.8428,-3.1096,-0.2668,0.5,5.1364,2.2307,1.0,5.6,2.6478,-0.0052
195.85,seguindo,normal,6.5655,2.6743,-2.8401,-3.1142,-0.2741,0.5,5.1238,3.1732,1.0,5.55,2.6465,-0.0033
195.9,seguindo,normal,6.5544,2.671,-2.8383,-3.1172,-0.2789,0.5,5.1154,3.1732,1.0,5.55,2.6465,-0.0019
195.95,seguindo,normal,6.5377,2.666,-2.8356,-3.1219,-0.2863,0.5,5.1028,3.1732,1.0,5.55,2.6465,0.0007
196.0,seguindo,normal,6.5266,2.6626,-2.8338,-3.1251,-0.2913,0.5,5.0944,3.1732,1.0,5.55,2.6465,0.0027
196.05,seguindo,normal,6.5099,2.6575,-2.8312,-3.1289,-0.2977,0.5,5.082,4.6733,1.0,5.5,2.6447,0.0057
196.1,seguindo,normal,6.4988,2.6541,-2.8294,-3.1322,-0.3028,0.5,5.0737,4.6733,1.0,5.5,2.6447,0.0078
196.15,seguindo,normal,6.4821,2.6489,-2.8267,-3.1373,-0.3106,0.5,5.0613,4.6733,1.0,5.5,2.6447,0.0115
196.2,seguindo,normal,6.4711,2.6455,-2.8249,-3.1383,-0.3134,0.5,5.0531,7.0947,1.0,5.45,2.6421,0.014
196.25,seguindo,normal,6.4544,2.6402,-2.8222,3.1398,-0.3212,0.5,5.0409,7.0947,1.0,5.45,2.6421,0.0178
196.3,seguindo,normal,6.4433,2.6367,-2.8204,3.1362,-0.3266,0.5,5.0328,7.0947,1.0,5.45,2.6421,0.0206
196.35,seguindo,normal,6.4262,2.6308,-2.8226,3.1342,-0.3264,0.5,5.0204,5.3709,1.0,5.4,2.6384,0.0255
196.4,seguindo,normal,6.4146,2.6267,-2.826,3.13,-0.3272,0.5,5.0121,5.3709,1.0,5.4,2.6384,0.0289
196.45,seguindo,normal,6.3973,2.6203,-2.836,3.1234,-0.3238,0.5,4.9999,5.3709,1.0,5.4,2.6384,0.0345
196.5,seguindo,normal,6.3857,2.616,-2.8445,3.1188,-0.3199,0.5,4.9918,5.3709,1.0,5.4,2.6384,0.0383
196.55,seguindo,normal,6.3685,2.6093,-2.8622,3.1178,-0.3032,0.5,4.9799,4.0164,1.0,5.35,2.6336,0.0443
196.6,seguindo,normal,6.3571,2.605,-2.8759,3.1132,-0.2941,0.5,4.9719,4.0164,1.0,5.35,2.6336,0.0483
196.65,seguindo,normal,6.3399,2.5984,-2.9011,3.106,-0.276,0.5,4.96,4.0164,1.0,5.35,2.6336,0.0544
196.7,seguindo,normal,6.3283,2.5941,-2.9197,3.1013,-0.2622,0.5,4.9521,4.0164,1.0,5.35,2.6336,0.0584
196.75,seguindo,normal,6.3109,2.5881,-2.9476,3.1027,-0.2328,0.5,4.9398,3.1471,1.0,5.3,2.6274,0.0639
196.8,seguindo,normal,6.2993,2.5844,-2.9663,3.0985,-0.2184,0.5,4.9314,3.1471,1.0,5.3,2.6274,0.0674
196.85,seguindo,normal,6.2815,2.5792,-2.9939,3.0925,-0.1968,0.5,4.9185,3.1471,1.0,5.3,2.6274,0.0723
196.9,seguindo,normal,6.2696,2.5761,-3.0121,3.0986,-0.1725,0.5,4.9097,2.5981,1.0,5.25,2.6199,0.0753
196.95,seguindo,normal,6.2516,2.5717,-3.0391,3.0935,-0.1506,0.5,4.8962,2.5981,1.0,5.25,2.6199,0.0794
197.0,seguindo,normal,6.2395,2.5691,-3.0569,3.0903,-0.136,0.5,4.887,2.5981,1.0,5.25,2.6199,0.0819
197.05,seguindo,normal,6.2211,2.5657,-3.0829,3.0971,-0.1032,0.5,4.8728,2.2708,1.0,5.2,2.6112,0.0851
197.1,seguindo,normal,6.2088,2.5637,-3.0998,3.0945,-0.0888,0.5,4.8631,2.2708,1.0,5.2,2.6112,0.087
197.15,seguindo,normal,6.1901,2.5611,-3.1245,3.0911,-0.0676,0.5,4.8482,2.2708,1.0,5.2,2.6112,0.0895
197.2,seguindo,normal,6.1775,2.5597,-3.1403,3.089,-0.0539,0.5,4.838,2.2708,1.0,5.2,2.6112,0.0908
197.25,seguindo,normal,6.1584,2.558,3.1199,3.0987,-0.0212,0.5,4.8224,2.1074,1.0,5.15,2.6013,0.0924
197.3,seguindo,normal,6.139,2.5569,3.0986,3.0968,-0.0018,0.5,4.8063,2.1074,1.0,5.15,2.6013,0.0934
197.35,seguindo,normal,6.126,2.5565,3.0852,3.0957,0.0105,0.5,4.7953,2.1074,1.0,5.15,2.6013,0.0938
197.4,seguindo,normal,6.1128,2.5563,3.0729,3.1079,0.035,0.5,4.784,2.0769,1.0,5.1,2.5904,0.0939
197.45,seguindo,normal,6.0928,2.5564,3.0555,3.1074,0.0518,0.5,4.7668,2.0769,1.0,5.1,2.5904,0.0938
197.5,seguindo,normal,6.0793,2.5568,3.0451,3.1073,0.0622,0.5,4.755,2.0769,1.0,5.1,2.5904,0.0934
197.55,seguindo,normal,6.061,2.5577,3.0331,3.1208,0.0877,0.5,4.7388,2.171,1.0,5.05,2.5788,0.0924
197.6,seguindo,normal,6.0495,2.5584,3.0258,3.1212,0.0954,0.5,4.7286,2.171,1.0,5.05,2.5788,0.0917
197.65,seguindo,normal,6.0324,2.5601,3.0216,3.1226,0.101,0.5,4.7131,2.171,1.0,5.05,2.5788,0.09
197.7,seguindo,normal,6.021,2.5615,3.0214,3.1365,0.1151,0.5,4.7026,2.2708,1.0,5.0,2.5667,0.0886
197.75,seguindo,normal,6.004,2.5638,3.0252,3.1387,0.1135,0.5,4.6869,2.2708,1.0,5.0,2.5667,0.0862
197.8,seguindo,normal,5.9927,2.5654,3.0292,3.1404,0.1111,0.5,4.6764,2.2708,1.0,5.0,2.5667,0.0846
197.85,seguindo,normal,5.9757,2.5678,3.0356,-3.1404,0.1072,0.5,4.6606,2.2708,1.0,5.0,2.5667,0.0822
197.9,seguindo,normal,5.9643,2.5694,3.0399,-3.127,0.1163,0.5,4.6502,2.1074,1.0,4.95,2.5546,0.0806
197.95,seguindo,normal,5.9473,2.5715,3.0458,-3.1246,0.1128,0.5,4.6345,2.1074,1.0,4.95,2.5546,0.0784
198.0,seguindo,normal,5.9359,2.5729,3.0495,-3.123,0.1107,0.5,4.6241,2.1074,1.0,4.95,2.5546,0.0771
198.05,seguindo,normal,5.9186,2.5748,3.0536,-3.1104,0.1191,0.5,4.6084,2.0769,1.0,4.9,2.5431,0.0751
198.1,seguindo,normal,5.907,2.576,3.0556,-3.1089,0.1186,0.5,4.5979,2.0769,1.0,4.9,2.5431,0.0739
198.15,seguindo,normal,5.8897,2.5777,3.0584,-3.1066,0.1182,0.5,4.5823,2.0769,1.0,4.9,2.5431,0.0722
198.2,seguindo,normal,5.8781,2.5788,3.06,-3.1051,0.118,0.5,4.5719,2.0769,1.0,4.9,2.5431,0.0711
198.25,seguindo,normal,5.8607,2.5804,3.0625,-3.0945,0.1262,0.5,4.5563,2.171,1.0,4.85,2.5328,0.0695
198.3,seguindo,normal,5.8491,2.5814,3.0641,-3.0929,0.1261,0.5,4.5459,2.171,1.0,4.85,2.5328,0.0684
198.35,seguindo,normal,5.8317,2.5829,3.0666,-3.0905,0.1261,0.5,4.5303,2.171,1.0,4.85,2.5328,0.0668
198.4,seguindo,normal,5.8201,2.5839,3.0682,-3.0829,0.132,0.5,4.52,2.2708,1.0,4.8,2.524,0.0658
198.45,seguindo,normal,5.8027,2.5854,3.0707,-3.0805,0.132,0.5,4.5045,2.2708,1.0,4.8,2.524,0.0643
198.5,seguindo,normal,5.7911,2.5864,3.0724,-3.0788,0.132,0.5,4.4942,2.2708,1.0,4.8,2.524,0.0633
198.55,seguindo,normal,5.7737,2.5878,3.075,-3.0727,0.1355,0.5,4.4788,2.1074,1.0,4.75,2.5171,0.0618
198.6,seguindo,normal,5.7621,2.5887,3.0768,-3.071,0.1354,0.5,4.4686,2.1074,1.0,4.75,2.5171,0.0609
198.65,seguindo,normal,5.7447,2.59,3.0795,-3.0684,0.1353,0.5,4.4532,2.1074,1.0,4.75,2.5171,0.0595
198.7,seguindo,normal,5.7331,2.5908,3.0813,-3.0667,0.1352,0.5,4.443,2.1074,1.0,4.75,2.5171,0.0585
198.75,seguindo,normal,5.7158,2.5921,3.084,-3.0627,0.1365,0.5,4.4277,2.0769,1.0,4.7,2.5118,0.0572
198.8,seguindo,normal,5.7042,2.5929,3.0858,-3.061,0.1364,0.5,4.4176,2.0769,1.0,4.7,2.5118,0.0563
198.85,seguindo,normal,5.6868,2.5941,3.0886,-3.0584,0.1363,0.5,4.4024,2.0769,1.0,4.7,2.5118,0.0549
198.9,seguindo,normal,5.6752,2.5948,3.0904,-3.057,0.1358,0.5,4.3922,2.0748,1.0,4.65,2.5079,0.0541
198.95,seguindo,normal,5.6578,2.5959,3.0931,-3.0545,0.1357,0.5,4.3771,2.0748,1.0,4.65,2.5079,0.0528
199.0,seguindo,normal,5.6462,2.5966,3.0949,-3.0527,0.1356,0.5,4.367,2.0748,1.0,4.65,2.5079,0.0519
199.05,seguindo,normal,5.6288,2.5976,3.0976,-3.0502,0.1355,0.5,4.3519,2.0748,1.0,4.65,2.5079,0.0506
199.1,seguindo,normal,5.6172,2.5983,3.0994,-3.0503,0.1335,0.5,4.3419,1.7891,1.0,4.6,2.5051,0.0498
199.15,seguindo,normal,5.5998,2.5992,3.102,-3.0478,0.1334,0.5,4.3269,1.7891,1.0,4.6,2.5051,0.0486
199.2,seguindo,normal,5.5881,2.5998,3.1038,-3.0461,0.1333,0.5,4.3169,1.7891,1.0,4.6,2.5051,0.0477
199.25,seguindo,normal,5.5707,2.6006,3.1065,-3.0465,0.1302,0.5,4.302,1.7349,1.0,4.55,2.5033,0.0464
199.3,seguindo,normal,5.5591,2.6012,3.1083,-3.0449,0.13,0.5,4.292,1.7349,1.0,4.55,2.5033,0.0456
199.35,seguindo,normal,5.5417,2.602,3.111,-3.0424,0.1298,0.5,4.2772,1.7349,1.0,4.55,2.5033,0.0442
199.4,seguindo,normal,5.5301,2.6025,3.1128,-3.0407,0.1297,0.5,4.2673,1.7349,1.0,4.55,2.5033,0.0433
199.45,seguindo,normal,5.5127,2.6032,3.1154,-3.0421,0.1257,0.5,4.2525,1.847,1.0,4.5,2.5021,0.042
199.5,seguindo,normal,5.5011,2.6036,3.1172,-3.0405,0.1255,0.5,4.2427,1.847,1.0,4.5,2.5021,0.0411
199.55,seguindo,normal,5.4836,2.6042,3.1199,-3.0381,0.1252,0.5,4.2279,1.847,1.0,4.5,2.5021,0.0396
199.6,seguindo,normal,5.472,2.6046,3.1217,-3.0408,0.1207,0.5,4.2182,2.0735,1.0,4.45,2.5013,0.0386
199.65,seguindo,normal,5.4546,2.6051,3.1244,-3.0385,0.1202,0.5,4.2035,2.0735,1.0,4.45,2.5013,0.0371
199.7,seguindo,normal,5.443,2.6055,3.1262,-3.037,0.12,0.5,4.1938,2.0735,1.0,4.45,2.5013,0.036
199.75,seguindo,normal,5.4255,2.6059,3.1289,-3.0394,0.1149,0.5,4.1792,1.788,1.0,4.4,2.5008,0.0342
199.8,seguindo,normal,5.4139,2.6062,3.1307,-3.0379,0.1146,0.5,4.1695,1.788,1.0,4.4,2.5008,0.0331
199.85,seguindo,normal,5.3965,2.6066,3.1333,-3.0358,0.1141,0.5,4.1551,1.788,1.0,4.4,2.5008,0.0313
199.9,seguindo,normal,5.3849,2.6068,3.1351,-3.0343,0.1138,0.5,4.1454,1.788,1.0,4.4,2.5008,0.03
199.95,seguindo,normal,5.3674,2.6072,3.1378,-3.0371,0.1083,0.5,4.131,1.7348,1.0,4.35,2.5005,0.028
200.0,seguindo,normal,5.3558,2.6073,3.1396,-3.0357,0.1079,0.5,4.1215,1.7348,1.0,4.35,2.5005,0.0267
200.05,seguindo,normal,5.3384,2.6076,-3.1409,-3.0336,0.1073,0.5,4.1071,1.7348,1.0,4.35,2.5005,0.0244
200.1,seguindo,normal,5.3268,2.6077,-3.1391,-3.0373,0.1018,0.5,4.0976,1.8497,1.0,4.3,2.5003,0.0229
200.15,seguindo,normal,5.3093,2.6078,-3.1364,-3.0354,0.101,0.5,4.0834,1.8497,1.0,4.3,2.5003,0.0206
200.2,seguindo,normal,5.2977,2.6079,-3.1346,-3.0341,0.1005,0.5,4.0739,1.8497,1.0,4.3,2.5003,0.019
200.25,seguindo,normal,5.2803,2.608,-3.1319,-3.0321,0.0998,0.5,4.0598,1.8497,1.0,4.3,2.5003,0.0163
200.3,seguindo,normal,5.2687,2.608,-3.1302,-3.0361,0.0941,0.5,4.0504,2.0596,1.0,4.25,2.5002,0.0146
200.35,seguindo,normal,5.2512,2.608,-3.1275,-3.0343,0.0932,0.5,4.0363,2.0596,1.0,4.25,2.5002,0.012
200.4,seguindo,normal,5.2396,2.608,-3.1257,-3.0331,0.0926,0.5,4.027,2.0596,1.0,4.25,2.5002,0.01
200.45,seguindo,normal,5.2222,2.6079,-3.123,-3.0365,0.0865,0.5,4.013,1.7799,1.0,4.2,2.5001,0.0071
200.5,seguindo,normal,5.2105,2.6078,-3.1212,-3.0354,0.0858,0.5,4.0038,1.7799,1.0,4.2,2.5001,0.0051
200.55,seguindo,normal,5.1931,2.6077,-3.1185,-3.0337,0.0848,0.5,3.9899,1.7799,1.0,4.2,2.5001,0.0021
200.6,seguindo,normal,5.1815,2.6075,-3.1167,-3.0326,0.0842,0.5,3.9807,1.7799,1.0,4.2,2.5001,-0.0
200.65,seguindo,normal,5.164,2.6073,-3.114,-3.0362,0.0778,0.5,3.9669,1.7343,1.0,4.15,2.5001,-0.0032
200.7,seguindo,normal,5.1524,2.6071,-3.1123,-3.0352,0.0771,0.5,3.9577,1.7343,1.0,4.15,2.5001,-0.0053
200.75,seguindo,normal,5.135,2.6068,-3.1096,-3.0336,0.0759,0.5,3.9441,1.7343,1.0,4.15,2.5001,-0.0086
200.8,seguindo,normal,5.1234,2.6066,-3.1078,-3.0326,0.0752,0.5,3.935,1.7343,1.0,4.15,2.5001,-0.0108
200.85,seguindo,normal,5.1059,2.6062,-3.1051,-3.0365,0.0686,0.5,3.9214,1.8612,1.0,4.1,2.5,-0.0141
200.9,seguindo,normal,5.0943,2.6059,-3.1033,-3.0355,0.0678,0.5,3.9124,1.8612,1.0,4.1,2.5,-0.0163
200.95,seguindo,normal,5.0769,2.6054,-3.1006,-3.0341,0.0665,0.5,3.8989,1.8612,1.0,4.1,2.5,-0.0198
201.0,seguindo,normal,5.0653,2.6051,-3.0988,-3.0385,0.0603,0.5,3.8899,2.0155,1.0,4.05,2.5,-0.0221
201.05,seguindo,normal,5.0479,2.6045,-3.0962,-3.0373,0.0589,0.5,3.8766,2.0155,1.0,4.05,2.5,-0.0256
201.1,seguindo,normal,5.0362,2.6041,-3.0944,-3.0364,0.0579,0.5,3.8677,2.0155,1.0,4.05,2.5,-0.0279
201.15,seguindo,normal,5.0188,2.6035,-3.0917,-3.0352,0.0565,0.5,3.8544,2.0155,1.0,4.05,2.5,-0.0314
201.2,seguindo,normal,5.0072,2.6031,-3.0899,-3.0396,0.0502,0.5,3.8456,1.7596,1.0,4.0,2.5,-0.0337
201.25,seguindo,normal,4.9898,2.6023,-3.0872,-3.0386,0.0486,0.5,3.8324,1.7596,1.0,4.0,2.5,-0.0371
201.3,seguindo,normal,4.9782,2.6018,-3.0854,-3.0379,0.0476,0.5,3.8237,1.7596,1.0,4.0,2.5,-0.0393
201.35,seguindo,gargalo_eixo,4.9607,2.6011,-3.0827,-3.0769,0.0058,0.25,3.8106,1.7334,1.564,3.4,2.5,-0.0427
201.4,seguindo,gargalo_eixo,4.9491,2.6005,-3.0809,-3.0768,0.0041,0.25,3.802,1.7334,1.5524,3.4,2.5,-0.0449
201.45,seguindo,gargalo_eixo,4.9317,2.5997,-3.0783,-3.0766,0.0016,0.25,3.789,1.7334,1.535,3.4,2.5,-0.048
201.5,seguindo,gargalo_eixo,4.9201,2.5991,-3.0765,-3.0765,-0.0001,0.25,3.7804,1.7334,1.5233,3.4,2.5,-0.0501
201.55,seguindo,gargalo_eixo,4.9027,2.5981,-3.0738,-3.0764,-0.0026,0.25,3.7676,1.88,1.5059,3.4,2.5,-0.053
201.6,seguindo,gargalo_eixo,4.8911,2.5975,-3.072,-3.0763,-0.0043,0.25,3.7591,1.88,1.4943,3.4,2.5,-0.055
201.65,seguindo,gargalo_eixo,4.8737,2.5964,-3.0693,-3.0762,-0.0069,0.25,3.7464,1.88,1.4768,3.4,2.5,-0.0576
201.7,seguindo,gargalo_eixo,4.8621,2.5957,-3.0675,-3.0762,-0.0087,0.25,3.7379,2.2063,1.4652,3.4,2.5,-0.0592
201.75,seguindo,gargalo_eixo,4.8447,2.5946,-3.0648,-3.0762,-0.0113,0.25,3.7253,2.2063,1.4478,3.4,2.5,-0.0617
201.8,seguindo,gargalo_eixo,4.8331,2.5939,-3.063,-3.0762,-0.0131,0.25,3.717,2.2063,1.4362,3.4,2.5,-0.0631
201.85,seguindo,gargalo_eixo,4.8171,2.5933,-3.0548,-3.0759,-0.0211,0.25,3.7052,2.2063,1.4202,3.4,2.5,-0.0652
201.9,seguindo,gargalo_eixo,4.8021,2.5928,-3.043,-3.0755,-0.0325,0.25,3.6941,2.7639,1.4052,3.4,2.5,-0.0674
201.95,seguindo,gargalo_eixo,4.7919,2.5927,-3.0319,-3.0751,-0.0432,0.25,3.6864,2.7639,1.395,3.4,2.5,-0.069
202.0,seguindo,gargalo_eixo,4.7817,2.5924,-3.0208,-3.0748,-0.054,0.25,3.6789,2.7639,1.3848,3.4,2.5,-0.0702
202.05,seguindo,gargalo_eixo,4.7664,2.5918,-3.0042,-3.0745,-0.0703,0.25,3.6678,2.7639,1.3695,3.4,2.5,-0.0717
202.1,seguindo,gargalo_eixo,4.7562,2.5912,-2.9931,-3.0744,-0.0813,0.25,3.6605,3.6549,1.3593,3.4,2.5,-0.0726
202.15,seguindo,gargalo_eixo,4.741,2.5902,-2.9764,-3.0744,-0.098,0.25,3.6497,3.6549,1.344,3.4,2.5,-0.0737
202.2,seguindo,gargalo_eixo,4.7308,2.5894,-2.9654,-3.0745,-0.1092,0.25,3.6426,3.6549,1.3338,3.4,2.5,-0.0739
202.25,seguindo,gargalo_eixo,4.7156,2.5879,-2.9488,-3.0749,-0.1261,0.25,3.6322,5.057,1.3185,3.4,2.5,-0.0741
202.3,seguindo,gargalo_eixo,4.7054,2.5868,-2.938,-3.0752,-0.1372,0.25,3.6253,5.057,1.3083,3.4,2.5,-0.074
202.35,seguindo,gargalo_eixo,4.6901,2.5848,-2.9223,-3.076,-0.1537,0.25,3.6152,5.057,1.2929,3.4,2.5,-0.0736
202.4,seguindo,gargalo_eixo,4.6799,2.5833,-2.9121,-3.0766,-0.1645,0.25,3.6086,5.057,1.2826,3.4,2.5,-0.0729
202.45,seguindo,gargalo_eixo,4.6645,2.5808,-2.8972,-3.0777,-0.1805,0.25,3.5989,7.2701,1.2671,3.4,2.5,-0.0716
202.5,seguindo,gargalo_eixo,4.6542,2.579,-2.8876,-3.0787,-0.191,0.25,3.5925,7.2701,1.2567,3.4,2.5,-0.0706
202.55,seguindo,gargalo_eixo,4.6388,2.5761,-2.8738,-3.0802,-0.2065,0.25,3.5831,7.2701,1.2411,3.4,2.5,-0.0687
202.6,seguindo,gargalo_eixo,4.6285,2.574,-2.8648,-3.0814,-0.2167,0.25,3.577,7.2701,1.2307,3.4,2.5,-0.0672
202.651,seguindo,gargalo_eixo,4.6131,2.5706,-2.8512,-3.0834,-0.2322,0.25,3.5679,10.7987,1.2152,3.4,2.5,-0.0647
202.7,seguindo,gargalo_eixo,4.6029,2.5683,-2.8422,-3.0849,-0.2427,0.25,3.562,10.7987,1.2048,3.4,2.5,-0.0629
202.75,seguindo,gargalo_eixo,4.5875,2.5646,-2.8286,-3.0872,-0.2586,0.25,3.5534,10.7987,1.1893,3.4,2.5,-0.0599
202.8,seguindo,gargalo_eixo,4.5774,2.562,-2.8195,-3.0889,-0.2694,0.25,3.5477,10.7987,1.179,3.4,2.5,-0.0577
202.85,seguindo,gargalo_eixo,4.5622,2.558,-2.8057,-3.0917,-0.2859,0.25,3.5395,16.4974,1.1636,3.4,2.5,-0.0543
202.9,seguindo,gargalo_eixo,4.5521,2.5553,-2.7965,-3.0936,-0.2972,0.25,3.5341,16.4974,1.1534,3.4,2.5,-0.0519
202.95,seguindo,gargalo_eixo,4.537,2.5509,-2.7825,-3.0968,-0.3143,0.25,3.5262,16.4974,1.1381,3.4,2.5,-0.048
203.0,seguindo,gargalo_eixo,4.5269,2.5479,-2.7731,-3.0991,-0.3259,0.25,3.5211,16.4974,1.128,3.4,2.5,-0.0452
203.05,seguindo,gargalo_eixo,4.512,2.5433,-2.759,-3.1027,-0.3437,0.25,3.5136,25.8207,1.1128,3.4,2.5,-0.0409
203.1,seguindo,gargalo_eixo,4.5021,2.5401,-2.7495,-3.1052,-0.3557,0.25,3.5088,25.8207,1.1028,3.4,2.5,-0.038
203.15,seguindo,gargalo_eixo,4.4872,2.5351,-2.7353,-3.1093,-0.374,0.25,3.5017,25.8207,1.0878,3.4,2.5,-0.0332
203.2,seguindo,gargalo_eixo,4.4774,2.5316,-2.7259,-3.1122,-0.3864,0.25,3.4972,25.8207,1.0778,3.4,2.5,-0.0299
203.25,seguindo,gargalo_eixo,4.4621,2.5257,-2.7155,-3.1174,-0.4018,0.25,3.4906,16.3075,1.0624,3.4,2.5,-0.0243
203.3,seguindo,gargalo_eixo,4.4518,2.5215,-2.7109,-3.1212,-0.4102,0.25,3.4863,16.3075,1.052,3.4,2.5,-0.0202
203.35,seguindo,gargalo_eixo,4.4368,2.5147,-2.7094,-3.1274,-0.4181,0.25,3.4806,16.3075,1.0369,3.4,2.5,-0.0135
203.4,seguindo,gargalo_eixo,4.4269,2.51,-2.7101,-3.1318,-0.4217,0.25,3.477,16.3075,1.0269,3.4,2.5,-0.009
203.45,seguindo,gargalo_eixo,4.4123,2.5028,-2.7163,-3.1388,-0.4225,0.25,3.472,10.0707,1.0123,3.4,2.5,-0.002
203.5,seguindo,gargalo_eixo,4.4027,2.498,-2.7222,3.1396,-0.4214,0.25,3.4689,10.0707,1.0027,3.4,2.5,0.0028
203.55,seguindo,gargalo_eixo,4.3886,2.4906,-2.7361,3.132,-0.415,0.25,3.4645,10.1795,0.9886,3.4,2.5,0.0101
203.6,seguindo,gargalo_eixo,4.3792,2.4856,-2.7472,3.1269,-0.4091,0.25,3.4616,10.2002,0.9793,3.4,2.5,0.015
203.65,seguindo,gargalo_eixo,4.3653,2.4781,-2.7689,3.1189,-0.3954,0.25,3.4576,6.4771,0.9656,3.4,2.5,0.0224
203.7,seguindo,gargalo_eixo,4.3561,2.4732,-2.7851,3.1135,-0.3846,0.25,3.4549,6.5985,0.9565,3.4,2.5,0.0273
203.75,seguindo,gargalo_eixo,4.3422,2.4657,-2.8145,3.1052,-0.3635,0.25,3.4509,6.7272,0.9428,3.4,2.5,0.0348
203.8,seguindo,gargalo_eixo,4.3329,2.4608,-2.8359,3.0996,-0.3477,0.25,3.4482,6.5839,0.9337,3.4,2.5,0.0396
203.85,seguindo,gargalo_eixo,4.3189,2.4535,-2.8729,3.091,-0.3193,0.25,3.4441,4.0552,0.9201,3.4,2.5,0.0469
203.9,seguindo,gargalo_eixo,4.3094,2.4488,-2.8994,3.0853,-0.2985,0.25,3.4412,4.0183,0.9109,3.4,2.5,0.0515
203.95,seguindo,gargalo_eixo,4.2951,2.4419,-2.9429,3.0768,-0.2634,0.25,3.4368,4.0529,0.897,3.4,2.5,0.0583
204.0,seguindo,gargalo_eixo,4.2854,2.4376,-2.9734,3.0712,-0.2386,0.25,3.4335,3.7868,0.8876,3.4,2.5,0.0626
204.05,seguindo,gargalo_eixo,4.2706,2.4317,-3.0189,3.0633,-0.201,0.25,3.4281,2.1699,0.8733,3.4,2.5,0.0685
204.1,seguindo,gargalo_eixo,4.2606,2.4281,-3.0491,3.0583,-0.1758,0.25,3.4242,2.0158,0.8636,3.4,2.5,0.0721
204.15,seguindo,gargalo_eixo,4.2453,2.4234,-3.0939,3.0512,-0.1381,0.25,3.4177,1.8452,0.8488,3.4,2.5,0.0768
204.2,seguindo,gargalo_eixo,4.2349,2.4206,-3.1233,3.0468,-0.1131,0.25,3.4129,1.4975,0.8387,3.4,2.5,0.0795
204.25,seguindo,gargalo_eixo,4.2191,2.4171,3.1165,3.0408,-0.0757,0.25,3.4052,0.5877,0.8232,3.4,2.5,0.083
204.3,seguindo,gargalo_eixo,4.2082,2.4153,3.0888,3.0372,-0.0516,0.25,3.3996,0.3203,0.8127,3.4,2.5,0.0848
204.35,seguindo,gargalo_eixo,4.1918,2.4132,3.048,3.0324,-0.0156,0.25,3.3905,10.2007,0.7965,3.4,2.5,0.0869
204.4,seguindo,gargalo_eixo,4.1806,2.4123,3.0225,3.0297,0.0072,0.25,3.384,10.1802,0.7855,3.4,2.5,0.0878
204.45,seguindo,gargalo_eixo,4.1634,2.4117,2.9861,3.0264,0.0403,0.25,3.3734,6.4526,0.7685,3.4,2.5,0.0884
204.5,seguindo,gargalo_eixo,4.1517,2.4118,2.9638,3.0248,0.061,0.25,3.3658,6.5924,0.7568,3.4,2.5,0.0883
204.55,seguindo,gargalo_eixo,4.1334,2.413,2.9349,3.0235,0.0885,0.25,3.3532,6.6562,0.7385,3.4,2.5,0.0871
204.6,seguindo,gargalo_eixo,4.1209,2.4143,2.9185,3.0233,0.1048,0.25,3.3442,4.0968,0.7259,3.4,2.5,0.0857
204.65,seguindo,gargalo_eixo,4.1041,2.4165,2.8968,3.0235,0.1268,0.25,3.3319,4.0163,0.709,3.4,2.5,0.0835
204.7,seguindo,gargalo_eixo,4.0937,2.4179,2.8821,3.0238,0.1417,0.25,3.3243,4.0558,0.6985,3.4,2.5,0.0821
204.75,seguindo,gargalo_eixo,4.0784,2.4208,2.8661,3.0253,0.1592,0.25,3.3125,3.661,0.683,3.4,2.5,0.0793
204.8,seguindo,gargalo_eixo,4.0683,2.423,2.8581,3.0269,0.1688,0.25,3.3044,2.1612,0.6728,3.4,2.5,0.077
204.85,seguindo,gargalo_eixo,4.0535,2.4269,2.8529,3.0302,0.1773,0.25,3.2921,1.9328,0.6576,3.4,2.5,0.0731
204.9,seguindo,gargalo_eixo,4.0437,2.4298,2.8521,3.0329,0.1808,0.25,3.2837,1.8382,0.6475,3.4,2.5,0.0703
204.95,seguindo,gargalo_eixo,4.0293,2.4344,2.8567,3.0377,0.1811,0.25,3.2711,1.2665,0.6327,3.4,2.5,0.0656
205.0,seguindo,gargalo_eixo,4.015,2.4392,2.8648,3.0431,0.1783,0.25,3.2585,0.4543,0.618,3.4,2.5,0.0608
205.05,seguindo,gargalo_eixo,4.0056,2.4427,2.8752,3.0473,0.1721,0.2095,3.2499,0.2095,0.6083,3.4,2.5,0.0573
205.1,seguindo,gargalo_eixo,3.9961,2.4461,2.8855,3.0515,0.166,0.25,3.2414,10.1449,0.5986,3.4,2.5,0.0539
205.15,seguindo,gargalo_eixo,3.9815,2.4511,2.9004,3.0577,0.1573,0.25,3.2285,10.1838,0.5836,3.4,2.5,0.0489
205.2,seguindo,gargalo_eixo,3.9716,2.4543,2.9102,3.0618,0.1516,0.25,3.22,6.423,0.5735,3.4,2.5,0.0457
205.25,seguindo,gargalo_eixo,3.9567,2.4589,2.9243,3.0679,0.1436,0.25,3.2072,6.5701,0.5582,3.4,2.5,0.0411
205.3,seguindo,gargalo_eixo,3.9466,2.4618,2.9334,3.0719,0.1384,0.25,3.1987,6.7948,0.5479,3.4,2.5,0.0382
205.35,seguindo,gargalo_eixo,3.9314,2.466,2.947,3.0778,0.1308,0.25,3.1861,6.5668,0.5325,3.4,2.5,0.034
205.4,seguindo,gargalo_eixo,3.9213,2.4687,2.956,3.0817,0.1257,0.25,3.1778,4.0691,0.5222,3.4,2.5,0.0313
205.45,seguindo,gargalo_eixo,3.9064,2.4728,2.972,3.0878,0.1158,0.25,3.1656,4.017,0.5071,3.4,2.5,0.0273
205.5,seguindo,gargalo_eixo,3.8966,2.4753,2.9837,3.092,0.1083,0.25,3.1577,4.0601,0.4972,3.4,2.5,0.0247
205.55,seguindo,gargalo_eixo,3.8815,2.4789,2.9991,3.0978,0.0987,0.25,3.1458,3.633,0.482,3.4,2.5,0.0211
205.6,seguindo,gargalo_eixo,3.8713,2.4811,3.0081,3.1014,0.0934,0.25,3.1379,2.1425,0.4716,3.4,2.5,0.019
205.65,seguindo,gargalo_eixo,3.8558,2.4842,3.0218,3.1069,0.085,0.25,3.1263,1.9151,0.4561,3.4,2.5,0.0159
205.7,seguindo,gargalo_eixo,3.8455,2.4861,3.0311,3.1105,0.0793,0.25,3.1186,1.7724,0.4458,3.4,2.5,0.0139
205.75,seguindo,gargalo_eixo,3.8301,2.4889,3.0452,3.1157,0.0706,0.25,3.1073,1.1717,0.4303,3.4,2.5,0.0112
205.8,seguindo,gargalo_eixo,3.8198,2.4906,3.0546,3.1192,0.0646,0.25,3.0998,0.5034,0.4199,3.4,2.5,0.0095
205.85,seguindo,gargalo_eixo,3.8043,2.493,3.0686,3.1243,0.0556,0.1102,3.0888,0.1102,0.4044,3.4,2.5,0.0071
205.9,seguindo,gargalo_eixo,3.7888,2.4952,3.0826,3.1291,0.0466,0.25,3.078,10.7,0.3888,3.4,2.5,0.0049
205.95,seguindo,gargalo_eixo,3.7784,2.4965,3.0918,3.1323,0.0405,0.25,3.0709,11.2725,0.3784,3.4,2.5,0.0036
206.0,seguindo,gargalo_eixo,3.7679,2.4977,3.1009,3.1353,0.0344,0.25,3.0638,7.4102,0.3679,3.4,2.5,0.0024
206.05,seguindo,gargalo_eixo,3.7523,2.4994,3.1149,3.1398,0.0249,0.25,3.0535,7.4102,0.3523,3.4,2.5,0.0008
206.1,seguindo,gargalo_eixo,3.7419,2.5004,3.1243,-3.1405,0.0184,0.25,3.0467,7.4102,0.3419,3.4,2.5,-0.0002
206.15,seguindo,gargalo_eixo,3.7263,2.5017,3.1384,-3.1365,0.0083,0.25,3.0367,7.4102,0.3263,3.4,2.5,-0.0015
206.2,seguindo,gargalo_eixo,3.7159,2.5024,-3.1354,-3.1339,0.0015,0.25,3.0302,4.7057,0.3159,3.4,2.5,-0.0022
206.251,seguindo,gargalo_eixo,3.7002,2.5034,-3.1213,-3.1304,-0.0091,0.25,3.0206,4.7057,0.3002,3.4,2.5,-0.0031
206.3,seguindo,gargalo_eixo,3.6898,2.5039,-3.1119,-3.1282,-0.0163,0.25,3.0143,4.7057,0.2898,3.4,2.5,-0.0036
206.35,seguindo,gargalo_eixo,3.6741,2.5044,-3.0978,-3.1254,-0.0276,0.25,3.0051,3.0356,0.2742,3.4,2.5,-0.0041
206.4,seguindo,gargalo_eixo,3.6637,2.5047,-3.0884,-3.1237,-0.0353,0.25,2.999,3.0356,0.2637,3.4,2.5,-0.0044
206.45,seguindo,gargalo_eixo,3.648,2.5049,-3.0742,-3.1218,-0.0475,0.25,2.9902,3.0356,0.248,3.4,2.5,-0.0045
206.5,seguindo,gargalo_eixo,3.6376,2.5049,-3.0648,-3.1208,-0.056,0.25,2.9844,3.0356,0.2376,3.4,2.5,-0.0045
206.55,seguindo,gargalo_eixo,3.6219,2.5048,-3.0507,-3.1201,-0.0693,0.25,2.976,1.9915,0.2219,3.4,2.5,-0.0042
206.6,seguindo,gargalo_eixo,3.6114,2.5045,-3.0413,-3.1201,-0.0788,0.25,2.9705,1.9915,0.2115,3.4,2.5,-0.0039
206.65,seguindo,gargalo_eixo,3.5958,2.504,-3.0272,-3.1211,-0.0939,0.25,2.9625,1.9915,0.1958,3.4,2.5,-0.0033
206.7,seguindo,gargalo_eixo,3.5853,2.5035,-3.0178,-3.1225,-0.1047,0.25,2.9573,1.9915,0.1853,3.4,2.5,-0.0027
206.75,seguindo,gargalo_eixo,3.5697,2.5026,-3.0038,-3.126,-0.1223,0.25,2.9497,1.3326,0.1697,3.4,2.5,-0.0017
206.8,seguindo,gargalo_eixo,3.5592,2.5019,-2.9944,-3.1296,-0.1352,0.25,2.9448,1.3326,0.1592,3.4,2.5,-0.0009
206.85,seguindo,gargalo_eixo,3.5436,2.5006,-2.9803,-3.1371,-0.1568,0.25,2.9376,1.3326,0.1436,3.4,2.5,0.0006
206.9,seguindo,gargalo_eixo,3.5332,2.4997,-2.9709,3.1392,-0.1731,0.25,2.933,1.3326,0.1332,3.4,2.5,0.0017
206.95,seguindo,gargalo_eixo,3.5176,2.498,-2.9568,3.125,-0.2014,0.25,2.9262,0.915,0.1176,3.4,2.5,0.0036
207.0,seguindo,gargalo_eixo,3.5072,2.4968,-2.9474,3.1121,-0.2237,0.25,2.9219,0.915,0.1073,3.4,2.5,0.005
207.05,seguindo,gargalo_eixo,3.4917,2.4948,-2.9333,3.0853,-0.2645,0.25,2.9156,0.915,0.0918,3.4,2.5,0.0073
207.1,seguindo,gargalo_eixo,3.4813,2.4934,-2.924,3.0604,-0.2988,0.25,2.9116,0.915,0.0816,3.4,2.5,0.009
207.15,seguindo,gargalo_eixo,3.4658,2.491,-2.9099,3.006,-0.3673,0.25,2.9058,0.6465,0.0664,3.4,2.5,0.0117
207.2,seguindo,gargalo_eixo,3.4555,2.4893,-2.9005,2.9516,-0.4311,0.25,2.9021,0.6465,0.0565,3.4,2.5,0.0137
207.25,seguindo,gargalo_eixo,3.4401,2.4866,-2.8864,2.8187,-0.578,0.25,2.8967,0.6465,0.0422,3.4,2.5,0.017
207.3,seguindo,gargalo_eixo,3.4298,2.4847,-2.877,2.666,-0.7402,0.25,2.8933,0.6465,0.0335,3.4,2.5,0.0193
207.35,seguindo,normal,3.4144,2.4816,-2.8629,2.7382,-0.682,0.4797,2.8884,0.4797,0.37,3.038,2.6422,0.023
207.4,seguindo,normal,3.4042,2.4794,-2.8535,2.7232,-0.7064,0.4797,2.8853,0.4797,0.37,3.038,2.6422,0.0256
207.45,seguindo,normal,3.3889,2.4759,-2.8394,2.6991,-0.7447,0.4797,2.881,0.4797,0.37,3.038,2.6422,0.0299
207.5,seguindo,normal,3.3787,2.4735,-2.83,2.6819,-0.7713,0.4797,2.8782,0.4797,0.37,3.038,2.6422,0.033
207.55,seguindo,normal,3.3632,2.4693,-2.8198,2.6017,-0.8616,0.3863,2.8745,0.3863,0.37,3.0133,2.679,0.0382
207.6,seguindo,normal,3.3527,2.4662,-2.8153,2.5816,-0.8862,0.3863,2.8723,0.3863,0.37,3.0133,2.679,0.0419
207.65,seguindo,normal,3.3379,2.4613,-2.8139,2.5509,-0.9184,0.3863,2.8697,0.3863,0.37,3.0133,2.679,0.0482
207.7,seguindo,normal,3.3236,2.4563,-2.8153,2.4715,-0.9964,0.343,2.8675,0.343,0.37,2.9916,2.7194,0.0545
207.751,seguindo,normal,3.3153,2.453,-2.8215,2.4529,-1.0087,0.343,2.8666,0.343,0.37,2.9916,2.7194,0.0586
207.8,seguindo,normal,3.3069,2.4497,-2.8276,2.4341,-1.0215,0.343,2.8656,0.343,0.37,2.9916,2.7194,0.0626
207.85,seguindo,normal,3.2933,2.4442,-2.8413,2.4022,-1.0397,0.343,2.8644,0.343,0.37,2.9916,2.7194,0.0697
207.9,seguindo,normal,3.2838,2.4404,-2.8525,2.3791,-1.0515,0.343,2.8635,0.343,0.37,2.9916,2.7194,0.0749
207.95,seguindo,normal,3.2696,2.4345,-2.8743,2.3066,-1.1024,0.333,2.8625,0.333,0.37,2.9725,2.7627,0.0827
208.0,seguindo,normal,3.2603,2.4306,-2.8906,2.2849,-1.1077,0.333,2.8618,0.333,0.37,2.9725,2.7627,0.0879
208.05,seguindo,normal,3.2473,2.425,-2.9205,2.2538,-1.1089,0.333,2.8612,0.333,0.37,2.9725,2.7627,0.0953
208.1,seguindo,normal,3.2389,2.4214,-2.9419,2.2336,-1.1076,0.333,2.8608,0.333,0.37,2.9725,2.7627,0.1003
208.15,seguindo,normal,3.2267,2.4161,-2.979,2.2037,-1.1006,0.333,2.8603,0.333,0.37,2.9725,2.7627,0.1081
208.2,seguindo,normal,3.2187,2.4127,-3.0055,2.1838,-1.0939,0.333,2.8599,0.333,0.37,2.9725,2.7627,0.1131
208.25,seguindo,normal,3.2065,2.4076,-3.0504,2.1313,-1.1015,0.3513,2.8594,0.3513,0.37,2.9551,2.8081,0.1206
208.3,seguindo,normal,3.1983,2.4044,-3.0821,2.1129,-1.0882,0.3513,2.8589,0.3513,0.37,2.9551,2.8081,0.1255
208.35,seguindo,normal,3.1858,2.3997,-3.1347,2.0849,-1.0636,0.3513,2.8579,0.3513,0.37,2.9551,2.8081,0.1328
208.4,seguindo,normal,3.1773,2.3968,3.1116,2.066,-1.0456,0.3513,2.8571,0.3513,0.37,2.9551,2.8081,0.1378
208.45,seguindo,normal,3.1644,2.3926,3.0513,2.0374,-1.0139,0.3513,2.8556,0.3513,0.37,2.9551,2.8081,0.1456
208.5,seguindo,normal,3.1557,2.3901,3.0092,2.0183,-0.991,0.3513,2.8543,0.3513,0.37,2.9551,2.8081,0.1505
208.55,seguindo,normal,3.1425,2.387,2.9451,1.9815,-0.9636,0.3998,2.8519,0.3998,0.37,2.9387,2.8551,0.1574
208.6,seguindo,normal,3.1337,2.3854,2.9019,1.9642,-0.9377,0.3998,2.8498,0.3998,0.37,2.9387,2.8551,0.1617
208.65,seguindo,normal,3.1203,2.3836,2.8372,1.9384,-0.8988,0.3998,2.8461,0.3998,0.37,2.9387,2.8551,0.1674
208.7,seguindo,normal,3.1113,2.3829,2.794,1.9212,-0.8728,0.3998,2.8432,0.3998,0.37,2.9387,2.8551,0.1711
208.75,seguindo,normal,3.0977,2.3827,2.7293,1.8955,-0.8338,0.3998,2.8382,0.3998,0.37,2.9387,2.8551,0.1767
208.8,seguindo,normal,3.0887,2.383,2.6862,1.8784,-0.8078,0.3998,2.8345,0.3998,0.37,2.9387,2.8551,0.1801
208.85,seguindo,normal,3.0752,2.3842,2.622,1.8569,-0.7651,0.4875,2.8281,0.4875,0.37,2.9225,2.9031,0.1845
208.9,seguindo,normal,3.0662,2.3856,2.5794,1.8416,-0.7378,0.4875,2.8235,0.4875,0.37,2.9225,2.9031,0.1869
208.95,seguindo,normal,3.0528,2.3884,2.5159,1.8187,-0.6973,0.4875,2.8159,0.4875,0.37,2.9225,2.9031,0.1899
209.0,seguindo,normal,3.044,2.3907,2.4739,1.8035,-0.6704,0.4875,2.8104,0.4875,0.37,2.9225,2.9031,0.1918
209.05,seguindo,normal,3.0309,2.395,2.4112,1.7809,-0.6303,0.4875,2.8015,0.4875,0.37,2.9225,2.9031,0.1946
209.1,seguindo,normal,3.0223,2.3984,2.3696,1.766,-0.6036,0.4875,2.7952,0.4875,0.37,2.9225,2.9031,0.1963
209.15,seguindo,normal,3.0097,2.4042,2.3078,1.7438,-0.564,0.5,2.7853,0.6349,0.37,2.9225,2.9031,0.1981
209.2,seguindo,normal,3.0015,2.4085,2.2669,1.7292,-0.5377,0.5,2.7783,0.6349,0.37,2.9225,2.9031,0.1987
209.25,seguindo,normal,2.9895,2.4158,2.2061,1.7074,-0.4987,0.5,2.7672,0.6349,0.37,2.9225,2.9031,0.199
209.3,seguindo,normal,2.9818,2.421,2.1659,1.6931,-0.4728,0.5,2.7595,0.6349,0.37,2.9225,2.9031,0.1991
209.35,seguindo,normal,2.9705,2.4296,2.1063,1.6719,-0.4344,0.5,2.7475,0.6349,0.37,2.9225,2.9031,0.1992
209.4,seguindo,normal,2.9634,2.4358,2.067,1.658,-0.409,0.5,2.7392,0.6349,0.37,2.9225,2.9031,0.1992
209.45,seguindo,normal,2.953,2.4457,2.0087,1.8306,-0.1781,0.5,2.7263,1.0148,1.0,2.6595,3.55,0.1984
209.5,seguindo,normal,2.9465,2.4527,1.9704,1.8266,-0.1438,0.5,2.7174,1.0148,1.0,2.6595,3.55,0.1973
209.55,seguindo,normal,2.9369,2.4636,1.9122,1.8208,-0.0914,0.5,2.7039,1.0148,1.0,2.6595,3.55,0.1953
209.6,seguindo,normal,2.9306,2.471,1.873,1.817,-0.0561,0.5,2.6947,1.0148,1.0,2.6595,3.55,0.1941
209.65,seguindo,normal,2.9218,2.4831,1.8164,1.8119,-0.0045,0.5,2.6804,1.0148,1.0,2.6595,3.55,0.1922
209.7,seguindo,normal,2.9164,2.4916,1.78,1.809,0.029,0.5,2.6706,1.0148,1.0,2.6595,3.55,0.1907
209.75,seguindo,normal,2.9092,2.5052,1.7286,1.815,0.0864,0.5,2.6553,1.6264,1.0,2.6365,3.6,0.1871
209.8,seguindo,normal,2.905,2.5147,1.696,1.8134,0.1173,0.5,2.6449,1.6264,1.0,2.6365,3.6,0.184
209.85,seguindo,normal,2.8995,2.5298,1.6503,1.8118,0.1615,0.5,2.6288,1.6264,1.0,2.6365,3.6,0.1784
209.9,seguindo,normal,2.8964,2.5402,1.6214,1.8113,0.1899,0.5,2.618,1.6264,1.0,2.6365,3.6,0.1745
209.95,seguindo,normal,2.8927,2.5569,1.5824,1.8116,0.2293,0.5,2.6011,1.6264,1.0,2.6365,3.6,0.1682
210.0,seguindo,normal,2.8908,2.5683,1.5592,1.8125,0.2533,0.5,2.5897,1.6264,1.0,2.6365,3.6,0.1634
210.05,seguindo,normal,2.8887,2.5859,1.5279,1.824,0.2961,0.5,2.5725,3.2063,1.0,2.6133,3.65,0.1553
210.1,seguindo,normal,2.8878,2.5977,1.5095,1.8259,0.3164,0.5,2.5611,3.2063,1.0,2.6133,3.65,0.1495
210.15,seguindo,normal,2.8874,2.6153,1.4883,1.8297,0.3414,0.5,2.5445,3.2063,1.0,2.6133,3.65,0.1411
210.2,seguindo,normal,2.8875,2.627,1.4774,1.8326,0.3552,0.5,2.5336,3.2063,1.0,2.6133,3.65,0.1354
210.25,seguindo,normal,2.8884,2.6445,1.4669,1.8378,0.3709,0.5,2.5174,4.5289,1.0,2.6133,3.65,0.1263
210.3,seguindo,normal,2.8893,2.6563,1.4626,1.8417,0.379,0.5,2.5068,4.5289,1.0,2.6133,3.65,0.12
210.35,seguindo,normal,2.8911,2.6738,1.4613,1.848,0.3867,0.5,2.491,4.5289,1.0,2.6133,3.65,0.1104
210.4,seguindo,normal,2.8925,2.6854,1.4623,1.8525,0.3902,0.5,2.4807,4.5289,1.0,2.6133,3.65,0.1044
210.45,seguindo,normal,2.8946,2.7003,1.4692,1.8587,0.3895,0.5,2.4676,4.5289,1.0,2.6133,3.65,0.0965
210.5,seguindo,normal,2.8967,2.7136,1.479,1.872,0.393,0.5,2.456,5.1475,1.0,2.5903,3.7,0.0892
210.55,seguindo,normal,2.8984,2.7224,1.4901,1.8761,0.386,0.5,2.4484,5.1475,1.0,2.5903,3.7,0.0841
210.6,seguindo,normal,2.9,2.7312,1.5014,1.8802,0.3788,0.5,2.4408,5.1475,1.0,2.5903,3.7,0.0791
210.65,seguindo,normal,2.9025,2.7443,1.5233,1.8866,0.3633,0.5,2.4296,5.1475,1.0,2.5903,3.7,0.0719
210.7,seguindo,normal,2.9042,2.753,1.5397,1.8909,0.3513,0.5,2.4221,5.1475,1.0,2.5903,3.7,0.0673
210.75,seguindo,normal,2.9067,2.7661,1.568,1.903,0.335,0.5,2.4109,5.4686,1.0,2.5674,3.75,0.0602
210.8,seguindo,normal,2.9083,2.7748,1.5882,1.9072,0.319,0.5,2.4034,5.4686,1.0,2.5674,3.75,0.0556
210.85,seguindo,normal,2.9103,2.788,1.6182,1.9133,0.2951,0.5,2.392,5.4686,1.0,2.5674,3.75,0.049
210.9,seguindo,normal,2.9115,2.7969,1.638,1.9173,0.2792,0.5,2.3842,5.4686,1.0,2.5674,3.75,0.0449
210.95,seguindo,normal,2.9128,2.8103,1.6674,1.923,0.2556,0.5,2.3724,5.4686,1.0,2.5674,3.75,0.0393
211.0,seguindo,normal,2.9134,2.8192,1.6868,1.9267,0.2399,0.5,2.3643,5.4686,1.0,2.5674,3.75,0.0357
211.05,seguindo,normal,2.914,2.8327,1.7156,1.9355,0.22,0.5,2.3521,4.4909,1.0,2.5447,3.8,0.0307
211.1,seguindo,normal,2.9142,2.8418,1.7345,1.9388,0.2043,0.5,2.3438,4.4909,1.0,2.5447,3.8,0.0276
211.15,seguindo,normal,2.914,2.8554,1.7626,1.9435,0.181,0.5,2.3312,4.4909,1.0,2.5447,3.8,0.0233
211.2,seguindo,normal,2.9137,2.8645,1.781,1.9465,0.1655,0.5,2.3227,4.4909,1.0,2.5447,3.8,0.0207
211.25,seguindo,normal,2.9129,2.8783,1.8083,1.953,0.1447,0.5,2.3098,4.5256,1.0,2.5223,3.85,0.0171
211.3,seguindo,normal,2.9121,2.8874,1.8261,1.9556,0.1294,0.5,2.301,4.5256,1.0,2.5223,3.85,0.0149
211.35,seguindo,normal,2.9105,2.9012,1.8524,1.9592,0.1068,0.5,2.2877,4.5256,1.0,2.5223,3.85,0.012
211.4,seguindo,normal,2.9091,2.9106,1.8687,1.9614,0.0927,0.5,2.2786,4.5256,1.0,2.5223,3.85,0.0103
211.45,seguindo,normal,2.9066,2.9246,1.8925,1.9645,0.072,0.5,2.2648,4.5256,1.0,2.5223,3.85,0.0082
211.502,seguindo,normal,2.9037,2.9387,1.9154,1.9684,0.053,0.5,2.2507,5.157,1.0,2.5,3.9,0.0064
211.55,seguindo,normal,2.9016,2.9481,1.93,1.97,0.04,0.5,2.2412,5.157,1.0,2.5,3.9,0.0054
211.6,seguindo,normal,2.8991,2.9576,1.9439,1.9714,0.0275,0.5,2.2316,5.157,1.0,2.5,3.9,0.0046
211.65,seguindo,normal,2.8952,2.9718,1.9641,1.9733,0.0092,0.5,2.217,5.157,1.0,2.5,3.9,0.0037
211.7,seguindo,normal,2.8922,2.9814,1.9764,1.9751,-0.0013,0.5,2.207,6.3533,1.0,2.4777,3.95,0.0033
211.75,seguindo,normal,2.8875,2.9957,1.9942,1.9764,-0.0178,0.5,2.192,6.3533,1.0,2.4777,3.95,0.003
211.8,seguindo,normal,2.884,3.0054,2.0049,1.977,-0.0279,0.5,2.1817,6.3533,1.0,2.4777,3.95,0.003
211.85,seguindo,normal,2.8777,3.0211,2.017,1.9774,-0.0396,0.5,2.1648,6.3533,1.0,2.4777,3.95,0.0036
211.9,seguindo,normal,2.8729,3.032,2.0225,1.9781,-0.0444,0.5,2.1529,7.9967,1.0,2.4553,4.0,0.0044
211.95,seguindo,normal,2.8653,3.0482,2.0258,1.9776,-0.0483,0.5,2.135,7.9967,1.0,2.4553,4.0,0.006
212.0,seguindo,normal,2.8601,3.059,2.0262,1.977,-0.0492,0.5,2.1231,7.9967,1.0,2.4553,4.0,0.007
212.05,seguindo,normal,2.8523,3.075,2.0265,1.9772,-0.0493,0.5,2.1052,9.509,1.0,2.4326,4.05,0.0086
212.1,seguindo,normal,2.847,3.0857,2.0266,1.9767,-0.0499,0.5,2.0934,9.509,1.0,2.4326,4.05,0.0097
212.15,seguindo,normal,2.8392,3.1017,2.027,1.9758,-0.0511,0.5,2.0756,9.509,1.0,2.4326,4.05,0.0112
212.2,seguindo,normal,2.834,3.1123,2.0273,1.9753,-0.052,0.5,2.0637,9.509,1.0,2.4326,4.05,0.0122
212.25,seguindo,normal,2.8263,3.1282,2.0283,1.9758,-0.0525,0.5,2.046,10.1345,1.0,2.4097,4.1,0.0135
212.3,seguindo,normal,2.8212,3.1388,2.0292,1.9753,-0.054,0.5,2.0343,10.1345,1.0,2.4097,4.1,0.0143
212.35,seguindo,normal,2.8136,3.1546,2.0314,1.9745,-0.0569,0.5,2.0168,10.1345,1.0,2.4097,4.1,0.0155
212.4,seguindo,normal,2.8085,3.1651,2.0332,1.974,-0.0592,0.5,2.0052,10.1345,1.0,2.4097,4.1,0.0162
212.45,seguindo,normal,2.8009,3.1807,2.0361,1.9748,-0.0613,0.5,1.9878,10.0165,1.0,2.3866,4.15,0.0173
212.5,seguindo,normal,2.7959,3.1912,2.0381,1.9742,-0.0639,0.5,1.9762,10.0165,1.0,2.3866,4.15,0.018
212.55,seguindo,normal,2.7882,3.2068,2.0412,1.9734,-0.0678,0.5,1.9588,10.0165,1.0,2.3866,4.15,0.0191
212.6,seguindo,normal,2.7831,3.2172,2.0432,1.9728,-0.0704,0.5,1.9473,10.0165,1.0,2.3866,4.15,0.0198
212.65,seguindo,normal,2.7754,3.2327,2.0461,1.9735,-0.0727,0.5,1.9299,10.0328,1.0,2.3634,4.2,0.021
212.7,seguindo,normal,2.7702,3.2431,2.0481,1.9728,-0.0753,0.5,1.9183,10.0328,1.0,2.3634,4.2,0.0217
212.75,seguindo,normal,2.7624,3.2587,2.051,1.9717,-0.0793,0.5,1.9009,10.0328,1.0,2.3634,4.2,0.0229
212.8,seguindo,normal,2.7572,3.269,2.0529,1.9727,-0.0802,0.5,1.8893,11.0199,1.0,2.3403,4.25,0.0237
212.85,seguindo,normal,2.7493,3.2846,2.0557,1.9715,-0.0841,0.5,1.8719,11.0199,1.0,2.3403,4.25,0.0249
212.9,seguindo,normal,2.744,3.2949,2.0575,1.9707,-0.0868,0.5,1.8603,11.0199,1.0,2.3403,4.25,0.0257
212.95,seguindo,normal,2.736,3.3104,2.0601,1.9694,-0.0907,0.5,1.8429,11.0199,1.0,2.3403,4.25,0.027
213.0,seguindo,normal,2.7307,3.3207,2.0619,1.9702,-0.0917,0.5,1.8313,14.2832,1.0,2.3174,4.3,0.0278
213.05,seguindo,normal,2.7226,3.3362,2.0645,1.9688,-0.0957,0.5,1.8139,14.2832,1.0,2.3174,4.3,0.0291
213.1,seguindo,normal,2.7172,3.3465,2.0663,1.9679,-0.0984,0.5,1.8023,14.2832,1.0,2.3174,4.3,0.03
213.15,seguindo,normal,2.7091,3.3619,2.0689,1.9664,-0.1026,0.5,1.785,14.2832,1.0,2.3174,4.3,0.0313
213.2,seguindo,normal,2.7037,3.3722,2.0707,1.9669,-0.1038,0.5,1.7734,19.7348,1.0,2.2947,4.35,0.0322
213.25,seguindo,normal,2.6955,3.3876,2.0734,1.9654,-0.108,0.5,1.756,19.7348,1.0,2.2947,4.35,0.0336
213.3,seguindo,normal,2.69,3.3979,2.0751,1.9643,-0.1108,0.5,1.7444,19.7348,1.0,2.2947,4.35,0.0345
213.35,seguindo,normal,2.6817,3.4132,2.0778,1.9641,-0.1137,0.5,1.727,20.3838,1.0,2.2723,4.4,0.0358
213.4,seguindo,normal,2.6762,3.4235,2.0796,1.963,-0.1166,0.5,1.7155,20.3838,1.0,2.2723,4.4,0.0368
213.45,seguindo,normal,2.6679,3.4388,2.0823,1.9612,-0.121,0.5,1.6981,20.3838,1.0,2.2723,4.4,0.0382
213.5,seguindo,normal,2.6623,3.449,2.0841,1.96,-0.1241,0.5,1.6865,20.3838,1.0,2.2723,4.4,0.0391
213.55,seguindo,normal,2.6539,3.4643,2.0868,1.9597,-0.1271,0.5,1.6692,18.6218,1.0,2.25,4.45,0.0405
213.6,seguindo,normal,2.6483,3.4744,2.0886,1.9584,-0.1301,0.5,1.6576,18.6218,1.0,2.25,4.45,0.0414
213.65,seguindo,normal,2.6399,3.4897,2.0912,1.9564,-0.1348,0.5,1.6403,18.6218,1.0,2.25,4.45,0.0428
213.7,seguindo,normal,2.6342,3.4998,2.093,1.9551,-0.138,0.5,1.6287,18.6218,1.0,2.25,4.45,0.0438
213.75,seguindo,normal,2.6257,3.515,2.0957,1.9548,-0.1409,0.5,1.6114,20.5765,1.0,2.2277,4.5,0.0452
213.8,seguindo,normal,2.62,3.5252,2.0975,1.9533,-0.1442,0.5,1.5998,20.5765,1.0,2.2277,4.5,0.0462
213.85,seguindo,normal,2.6114,3.5403,2.1002,1.9511,-0.1491,0.5,1.5825,20.5765,1.0,2.2277,4.5,0.0477
213.9,seguindo,normal,2.6056,3.5504,2.102,1.9496,-0.1524,0.5,1.571,20.5765,1.0,2.2277,4.5,0.0487
213.95,seguindo,normal,2.597,3.5656,2.1047,1.9495,-0.1552,0.5,1.5537,19.059,1.0,2.2053,4.55,0.0503
214.0,seguindo,normal,2.5912,3.5756,2.1065,1.9479,-0.1586,0.5,1.5422,19.059,1.0,2.2053,4.55,0.0513
214.05,seguindo,normal,2.5824,3.5907,2.1091,1.9454,-0.1638,0.5,1.5249,19.059,1.0,2.2053,4.55,0.0529
214.1,seguindo,normal,2.5766,3.6008,2.1109,1.9437,-0.1673,0.5,1.5134,19.059,1.0,2.2053,4.55,0.054
214.15,seguindo,normal,2.5678,3.6158,2.1136,1.9438,-0.1698,0.5,1.4961,19.2686,1.0,2.1826,4.6,0.0557
214.2,seguindo,normal,2.5619,3.6258,2.1154,1.9421,-0.1733,0.5,1.4846,19.2686,1.0,2.1826,4.6,0.0568
214.25,seguindo,normal,2.553,3.6409,2.1181,1.9394,-0.1787,0.5,1.4674,19.2686,1.0,2.1826,4.6,0.0586
214.3,seguindo,normal,2.5471,3.6509,2.1199,1.9407,-0.1792,0.5,1.4559,19.7615,1.0,2.1597,4.65,0.0598
214.35,seguindo,normal,2.5382,3.6658,2.1226,1.9379,-0.1846,0.5,1.4386,19.7615,1.0,2.1597,4.65,0.0616
214.4,seguindo,normal,2.5322,3.6758,2.1244,1.936,-0.1883,0.5,1.4271,19.7615,1.0,2.1597,4.65,0.0629
214.45,seguindo,normal,2.5232,3.6907,2.127,1.933,-0.194,0.5,1.4099,19.7615,1.0,2.1597,4.65,0.0648
214.5,seguindo,normal,2.5172,3.7007,2.1288,1.9347,-0.1941,0.5,1.3985,18.9316,1.0,2.1366,4.7,0.0662
214.55,seguindo,normal,2.5081,3.7156,2.1315,1.9317,-0.1998,0.5,1.3813,18.9316,1.0,2.1366,4.7,0.0682
214.6,seguindo,normal,2.5021,3.7255,2.1333,1.9296,-0.2037,0.5,1.3698,18.9316,1.0,2.1366,4.7,0.0696
214.65,seguindo,normal,2.4929,3.7403,2.136,1.9263,-0.2097,0.5,1.3527,18.9316,1.0,2.1366,4.7,0.0718
214.7,seguindo,normal,2.4868,3.7502,2.1378,1.9282,-0.2095,0.5,1.3412,19.8126,1.0,2.1134,4.75,0.0733
214.75,seguindo,normal,2.4776,3.765,2.1405,1.925,-0.2155,0.5,1.3241,19.8126,1.0,2.1134,4.75,0.0755
214.8,seguindo,normal,2.4715,3.7749,2.1423,1.9227,-0.2196,0.5,1.3127,19.8126,1.0,2.1134,4.75,0.0771
214.85,seguindo,normal,2.4622,3.7897,2.1449,1.9192,-0.2258,0.5,1.2956,19.8126,1.0,2.1134,4.75,0.0795
214.9,seguindo,normal,2.456,3.7995,2.1467,1.9212,-0.2255,0.5,1.2842,18.6894,1.0,2.0903,4.8,0.0811
214.95,seguindo,normal,2.4467,3.8142,2.1494,1.9177,-0.2317,0.5,1.2671,18.6894,1.0,2.0903,4.8,0.0836
215.0,seguindo,normal,2.4404,3.824,2.1512,1.9152,-0.236,0.5,1.2557,18.6894,1.0,2.0903,4.8,0.0853
215.05,seguindo,normal,2.431,3.8387,2.1539,1.9114,-0.2425,0.5,1.2387,18.6894,1.0,2.0903,4.8,0.0879
215.1,seguindo,normal,2.4247,3.8485,2.1557,1.9135,-0.2421,0.5,1.2274,21.4099,1.0,2.0674,4.85,0.0897
215.15,seguindo,normal,2.4153,3.8631,2.1584,1.9097,-0.2486,0.5,1.2103,21.4099,1.0,2.0674,4.85,0.0924
215.2,seguindo,normal,2.409,3.8729,2.1602,1.9071,-0.2531,0.5,1.199,21.4099,1.0,2.0674,4.85,0.0942
215.25,seguindo,normal,2.3994,3.8875,2.1628,1.9078,-0.2551,0.5,1.1821,18.7193,1.0,2.0447,4.9,0.097
215.3,seguindo,normal,2.3931,3.8972,2.1646,1.9051,-0.2595,0.5,1.1708,18.7193,1.0,2.0447,4.9,0.0988
215.35,seguindo,normal,2.3835,3.9118,2.1673,1.901,-0.2663,0.5,1.1538,18.7193,1.0,2.0447,4.9,0.1017
215.4,seguindo,normal,2.377,3.9214,2.1691,1.8982,-0.2709,0.5,1.1426,18.7193,1.0,2.0447,4.9,0.1035
215.45,seguindo,normal,2.3674,3.936,2.1718,1.8988,-0.273,0.5,1.1257,20.5087,1.0,2.0223,4.95,0.1064
215.5,seguindo,normal,2.3609,3.9456,2.1736,1.896,-0.2776,0.5,1.1144,20.5087,1.0,2.0223,4.95,0.1084
215.55,seguindo,normal,2.3512,3.9601,2.1763,1.8916,-0.2847,0.5,1.0976,20.5087,1.0,2.0223,4.95,0.1113
215.6,seguindo,normal,2.3447,3.9697,2.178,1.8886,-0.2895,0.5,1.0864,20.5087,1.0,2.0223,4.95,0.1132
215.65,seguindo,normal,2.3349,3.9842,2.1807,1.8893,-0.2915,0.5,1.0696,18.6653,1.0,2.0,5.0,0.1162
215.7,seguindo,normal,2.3284,3.9938,2.1825,1.8862,-0.2963,0.5,1.0585,18.6653,1.0,2.0,5.0,0.1182
215.75,seguindo,normal,2.3185,4.0081,2.1852,1.8815,-0.3037,0.5,1.0417,18.6653,1.0,2.0,5.0,0.1212
215.8,seguindo,normal,2.3119,4.0177,2.187,1.8783,-0.3087,0.5,1.0306,18.6653,1.0,2.0,5.0,0.1232
215.85,seguindo,normal,2.302,4.0321,2.1897,1.8732,-0.3164,0.5,1.014,19.9013,1.0,2.0,5.0,0.1262
215.9,seguindo,normal,2.2954,4.0416,2.1915,1.8698,-0.3217,0.5,1.0029,19.9013,1.0,2.0,5.0,0.1282
215.95,seguindo,normal,2.2847,4.0562,2.1893,1.8638,-0.3255,0.5,0.9858,19.9013,1.0,2.0,5.0,0.1318
216.0,seguindo,normal,2.2773,4.0662,2.1859,1.8595,-0.3264,0.5,0.9741,19.9013,1.0,2.0,5.0,0.1343
216.05,seguindo,normal,2.2661,4.0808,2.1759,1.8526,-0.3233,0.5,0.9569,13.5166,1.0,2.0,5.0,0.1384
216.1,seguindo,normal,2.2585,4.0906,2.1674,1.8478,-0.3196,0.5,0.9455,13.5166,1.0,2.0,5.0,0.1412
216.15,seguindo,normal,2.2471,4.1051,2.1496,1.8402,-0.3094,0.5,0.9284,13.5166,1.0,2.0,5.0,0.1454
216.2,seguindo,normal,2.2395,4.1148,2.1358,1.835,-0.3007,0.5,0.9171,9.2691,1.0,2.0,5.0,0.1483
216.25,seguindo,normal,2.2281,4.1292,2.1103,1.827,-0.2834,0.5,0.9001,9.2691,1.0,2.0,5.0,0.1525
216.3,seguindo,normal,2.2206,4.1389,2.0915,1.8215,-0.2699,0.5,0.8889,9.2691,1.0,2.0,5.0,0.1553
216.35,seguindo,normal,2.2095,4.1536,2.0626,1.8135,-0.2491,0.5,0.8719,9.2691,1.0,2.0,5.0,0.1591
216.4,seguindo,normal,2.2024,4.1635,2.043,1.8082,-0.2348,0.5,0.8606,4.0978,1.0,2.0,5.0,0.1615
216.451,seguindo,normal,2.1919,4.1785,2.013,1.8003,-0.2127,0.5,0.8436,4.0978,1.0,2.0,5.0,0.1647
216.5,seguindo,normal,2.1851,4.1887,1.9927,1.7952,-0.1975,0.5,0.8322,4.0978,1.0,2.0,5.0,0.1666
216.55,seguindo,normal,2.1753,4.204,1.9618,1.7876,-0.1742,0.5,0.8151,4.0978,1.0,2.0,5.0,0.1692
216.6,seguindo,normal,2.169,4.2144,1.941,1.7827,-0.1584,0.5,0.8036,16.7676,1.0,2.0,5.0,0.1706
216.65,seguindo,normal,2.16,4.2303,1.9107,1.7757,-0.135,0.5,0.7862,16.7676,1.0,2.0,5.0,0.1722
216.7,seguindo,normal,2.1543,4.2411,1.8907,1.7713,-0.1194,0.5,0.7744,16.7676,1.0,2.0,5.0,0.1729
216.75,seguindo,normal,2.1462,4.2577,1.8619,1.7652,-0.0967,0.5,0.7566,11.5283,1.0,2.0,5.0,0.1734
216.8,seguindo,normal,2.1411,4.2689,1.8432,1.7614,-0.0817,0.5,0.7446,11.5283,1.0,2.0,5.0,0.1734
216.85,seguindo,normal,2.134,4.2862,1.8164,1.7563,-0.0601,0.5,0.7263,11.5283,1.0,2.0,5.0,0.1728
216.9,seguindo,normal,2.1295,4.2979,1.7991,1.7532,-0.0459,0.5,0.7139,11.5283,1.0,2.0,5.0,0.1721
216.95,seguindo,normal,2.1233,4.3159,1.7748,1.7491,-0.0257,0.5,0.6951,7.4035,1.0,2.0,5.0,0.1704
217.0,seguindo,normal,2.1194,4.3281,1.7592,1.7467,-0.0125,0.5,0.6825,7.4035,1.0,2.0,5.0,0.1689
217.05,seguindo,normal,2.1141,4.3468,1.7378,1.7438,0.006,0.5,0.6631,7.4035,1.0,2.0,5.0,0.1661
217.1,seguindo,normal,2.1109,4.3594,1.7245,1.7422,0.0178,0.5,0.6501,0.8945,1.0,2.0,5.0,0.1639
217.15,seguindo,normal,2.1065,4.3787,1.7062,1.7406,0.0344,0.5,0.6303,0.8945,1.0,2.0,5.0,0.1601
217.2,seguindo,normal,2.1039,4.3916,1.6956,1.7399,0.0443,0.5,0.6172,0.8945,1.0,2.0,5.0,0.1572
217.25,seguindo,normal,2.1008,4.4095,1.6848,1.74,0.0552,0.5,0.599,0.8945,1.0,2.0,5.0,0.1527
217.3,seguindo,normal,2.0991,4.4209,1.6792,1.7403,0.0611,0.5,0.5875,14.9395,1.0,2.0,5.0,0.1497
217.35,seguindo,normal,2.0971,4.4381,1.6775,1.742,0.0645,0.5,0.5703,14.9395,1.0,2.0,5.0,0.1445
217.4,seguindo,normal,2.096,4.4495,1.6791,1.7435,0.0644,0.5,0.5588,14.9395,1.0,2.0,5.0,0.1408
217.45,seguindo,normal,2.0945,4.4666,1.6834,1.7461,0.0627,0.5,0.5417,14.9395,1.0,2.0,5.0,0.1352
217.5,seguindo,normal,2.0935,4.478,1.6873,1.7481,0.0607,0.5,0.5303,10.3189,1.0,2.0,5.0,0.1315
217.55,seguindo,normal,2.092,4.4951,1.6935,1.751,0.0575,0.5,0.5132,10.3189,1.0,2.0,5.0,0.1259
217.6,seguindo,normal,2.0909,4.5065,1.6977,1.7529,0.0552,0.5,0.5018,10.3189,1.0,2.0,5.0,0.1222
217.65,seguindo,normal,2.0891,4.5236,1.7033,1.7557,0.0524,0.5,0.4846,10.3189,1.0,2.0,5.0,0.1167
217.7,seguindo,normal,2.0878,4.535,1.7066,1.7575,0.0509,0.5,0.4732,5.7821,1.0,2.0,5.0,0.1131
217.75,seguindo,normal,2.0857,4.5522,1.7101,1.76,0.0499,0.5,0.4559,5.7821,1.0,2.0,5.0,0.108
217.8,seguindo,normal,2.0843,4.5637,1.7121,1.7616,0.0495,0.5,0.4443,5.7821,1.0,2.0,5.0,0.1045
217.85,seguindo,normal,2.082,4.581,1.7148,1.7641,0.0493,0.5,0.4269,5.7821,1.0,2.0,5.0,0.0994
217.9,seguindo,normal,2.0805,4.5925,1.7165,1.7658,0.0493,0.4992,0.4153,20.2911,1.0,2.0,5.0,0.096
217.95,seguindo,normal,2.0781,4.6099,1.719,1.7684,0.0494,0.4886,0.3979,20.2911,1.0,2.0,5.0,0.0909
218.0,seguindo,normal,2.0765,4.6214,1.7206,1.7702,0.0496,0.4814,0.3863,20.2911,1.0,2.0,5.0,0.0875
218.05,seguindo,normal,2.0741,4.6387,1.7231,1.7731,0.05,0.4704,0.3688,20.2911,1.0,2.0,5.0,0.0824
218.1,seguindo,normal,2.0724,4.6502,1.7247,1.775,0.0503,0.4629,0.3572,16.383,1.0,2.0,5.0,0.0791
218.15,seguindo,normal,2.07,4.6675,1.7272,1.7782,0.0509,0.4515,0.3398,16.383,1.0,2.0,5.0,0.0741
218.2,seguindo,normal,2.0683,4.679,1.7289,1.7804,0.0515,0.4437,0.3282,16.383,1.0,2.0,5.0,0.0708
218.25,seguindo,normal,2.0657,4.6963,1.7315,1.7839,0.0524,0.4318,0.3107,16.383,1.0,2.0,5.0,0.0659
218.3,seguindo,normal,2.064,4.7078,1.7332,1.7863,0.0531,0.4237,0.2991,15.6194,1.0,2.0,5.0,0.0626
218.35,seguindo,normal,2.0614,4.725,1.7359,1.7903,0.0544,0.4112,0.2817,15.6194,1.0,2.0,5.0,0.0577
218.4,seguindo,normal,2.0596,4.7365,1.7377,1.7932,0.0554,0.4026,0.2702,15.6194,1.0,2.0,5.0,0.0545
218.45,seguindo,normal,2.0569,4.7537,1.7409,1.7979,0.057,0.3895,0.2528,15.6194,1.0,2.0,5.0,0.0497
219.65,seguindo,normal,2.039,4.8558,1.7609,-0.9875,-2.7484,0.5,8.7859,4.6349,1.0,2.6037,4.0,0.0355
219.7,seguindo,normal,2.0402,4.8496,1.7603,-0.9851,-2.7454,0.5,8.786,4.6349,1.0,2.6037,4.0,0.0329
219.75,seguindo,normal,2.0415,4.8423,1.7598,-0.9822,-2.7419,0.5,8.7861,4.6349,1.0,2.6037,4.0,0.0298
219.8,seguindo,normal,2.0422,4.8382,1.7594,-0.9744,-2.7338,0.5,8.7862,4.768,1.0,2.6452,3.95,0.0282
219.85,seguindo,normal,2.0429,4.8342,1.7591,-0.9728,-2.7319,0.5,8.7863,4.768,1.0,2.6452,3.95,0.0265
219.9,seguindo,normal,2.0433,4.8324,1.759,-0.9721,-2.7311,0.5,8.7864,4.768,1.0,2.6452,3.95,0.0257
219.95,seguindo,normal,2.0434,4.8314,1.7589,-0.9717,-2.7307,0.5,8.7864,4.768,1.0,2.6452,3.95,0.0253
220.0,seguindo,normal,2.0434,4.8314,1.7589,-0.9717,-2.7307,0.5,8.7864,4.768,1.0,2.6452,3.95,0.0253
220.05,seguindo,normal,2.0434,4.8314,1.7589,-0.9717,-2.7307,0.5,8.7864,4.768,1.0,2.6452,3.95,0.0253
220.1,seguindo,normal,2.0434,4.8314,1.7589,-0.9717,-2.7307,0.5,8.7864,4.768,1.0,2.6452,3.95,0.0253
220.15,seguindo,normal,2.0428,4.8328,1.7544,-0.972,-2.7264,0.5,8.7867,4.768,1.0,2.6452,3.95,0.0256
220.2,seguindo,normal,2.0421,4.8343,1.7493,-0.9722,-2.7215,0.5,8.7871,4.768,1.0,2.6452,3.95,0.0258
220.25,seguindo,normal,2.0407,4.8365,1.7366,-0.9723,-2.7089,0.5,8.7881,4.768,1.0,2.6452,3.95,0.0259
220.3,seguindo,normal,2.0396,4.8379,1.7263,-0.9722,-2.6985,0.5,8.7889,4.768,1.0,2.6452,3.95,0.0258
220.35,seguindo,normal,2.0376,4.8401,1.7059,-0.9778,-2.6836,0.5,8.7904,4.6349,1.0,2.6037,4.0,0.0254
220.4,seguindo,normal,2.0361,4.8415,1.6904,-0.9774,-2.6678,0.5,8.7915,4.6349,1.0,2.6037,4.0,0.025
220.45,seguindo,normal,2.0336,4.8436,1.6622,-0.9765,-2.6387,0.5,8.7936,4.6349,1.0,2.6037,4.0,0.0241
220.5,seguindo,normal,2.0318,4.8451,1.6417,-0.9758,-2.6175,0.5,8.7951,4.6349,1.0,2.6037,4.0,0.0235
220.55,seguindo,normal,2.0288,4.8473,1.6058,-0.9746,-2.5804,0.5,8.7976,4.6349,1.0,2.6037,4.0,0.0222
220.6,seguindo,normal,2.0266,4.8489,1.58,-0.9737,-2.5538,0.5,8.7994,4.6349,1.0,2.6037,4.0,0.0213
220.65,seguindo,normal,2.0231,4.8513,1.5364,-0.9722,-2.5087,0.5,8.8023,4.6349,1.0,2.6037,4.0,0.0198
220.7,seguindo,normal,2.0207,4.8531,1.5055,-0.9712,-2.4768,0.5,8.8044,4.6349,1.0,2.6037,4.0,0.0188
220.75,seguindo,normal,2.0167,4.8558,1.4542,-0.9696,-2.4238,0.5,8.8077,4.6349,1.0,2.6037,4.0,0.0171
220.8,seguindo,normal,2.014,4.8578,1.4182,-0.9685,-2.3867,0.5,8.81,4.6349,1.0,2.6037,4.0,0.016
220.85,seguindo,normal,2.0097,4.861,1.3591,-0.9669,-2.326,0.5,8.8135,4.6349,1.0,2.6037,4.0,0.0147
220.9,seguindo,normal,2.0068,4.8634,1.3179,-0.9659,-2.2838,0.5,8.8159,4.6349,1.0,2.6037,4.0,0.015
220.95,seguindo,normal,2.0023,4.8672,1.2511,-0.9644,-2.2155,0.5,8.8196,4.6349,1.0,2.6037,4.0,0.0174
221.0,seguindo,normal,1.9993,4.87,1.2048,-0.9636,-2.1683,0.5,8.822,4.6349,1.0,2.6037,4.0,0.02
221.05,seguindo,normal,1.9946,4.8746,1.1303,-0.9624,-2.0927,0.5,8.8257,4.6349,1.0,2.6037,4.0,0.0251
221.1,seguindo,normal,1.9916,4.8779,1.0789,-0.9619,-2.0408,0.5,8.828,4.6349,1.0,2.6037,4.0,0.0291
221.15,seguindo,normal,1.987,4.8833,0.9967,-0.9613,-1.958,0.5,8.8314,4.6349,1.0,2.6037,4.0,0.0358
221.2,seguindo,normal,1.9841,4.8873,0.9401,-0.9612,-1.9013,0.5,8.8335,4.6349,1.0,2.6037,4.0,0.0405
221.25,seguindo,normal,1.9799,4.8937,0.8501,-0.9614,-1.8116,0.5,8.8364,4.6349,1.0,2.6037,4.0,0.0481
221.3,seguindo,normal,1.9773,4.8983,0.7884,-0.9619,-1.7503,0.5,8.838,4.6349,1.0,2.6037,4.0,0.0534
221.35,seguindo,normal,1.9738,4.9058,0.6908,-0.9631,-1.6539,0.5,8.8401,4.6349,1.0,2.6037,4.0,0.0617
221.4,seguindo,normal,1.9717,4.9111,0.6239,-0.9643,-1.5882,0.5,8.8411,4.6349,1.0,2.6037,4.0,0.0673
221.45,seguindo,normal,1.9691,4.9196,0.5185,-0.9667,-1.4852,0.5,8.8421,4.6349,1.0,2.6037,4.0,0.0762
221.5,seguindo,normal,1.9678,4.9256,0.4464,-0.9688,-1.4152,0.5,8.8422,4.6349,1.0,2.6037,4.0,0.0821
221.55,seguindo,normal,1.9665,4.935,0.3334,-0.9725,-1.3059,0.5,8.8417,4.6349,1.0,2.6037,4.0,0.0914
221.6,seguindo,normal,1.9662,4.9415,0.2562,-0.9755,-1.2317,0.5,8.8408,4.6349,1.0,2.6037,4.0,0.0975
221.65,seguindo,normal,1.9666,4.9516,0.1354,-0.9808,-1.1162,0.5,8.8385,4.6349,1.0,2.6037,4.0,0.1069
221.7,seguindo,normal,1.9676,4.9584,0.053,-0.9848,-1.0378,0.5,8.8363,4.6349,1.0,2.6037,4.0,0.1132
221.75,seguindo,normal,1.9684,4.9691,-0.0769,-0.9905,-0.9136,0.5,8.8334,4.6349,1.0,2.6037,4.0,0.1232
221.8,seguindo,normal,1.9684,4.9763,-0.1635,-0.9939,-0.8304,0.5,8.8321,4.6349,1.0,2.6037,4.0,0.1301
221.85,seguindo,normal,1.9687,4.9865,-0.2864,-0.9988,-0.7124,0.5,8.83,4.6349,1.0,2.6037,4.0,0.14
221.9,seguindo,normal,1.9689,4.9929,-0.3635,-1.0019,-0.6384,0.5,8.8286,4.6349,1.0,2.6037,4.0,0.1463
221.95,seguindo,normal,1.9697,5.0021,-0.4732,-1.0066,-0.5335,0.5,8.8262,4.6349,1.0,2.6037,4.0,0.1551
222.0,seguindo,normal,1.9706,5.0078,-0.5429,-1.0099,-0.467,0.5,8.8242,4.6349,1.0,2.6037,4.0,0.1605
222.05,seguindo,normal,1.9729,5.0159,-0.6425,-1.0151,-0.3726,0.5,8.8205,4.6349,1.0,2.6037,4.0,0.1681
222.1,seguindo,normal,1.9747,5.021,-0.7051,-1.0186,-0.3135,0.5,8.8178,4.6349,1.0,2.6037,4.0,0.1728
222.15,seguindo,normal,1.9779,5.028,-0.7956,-1.024,-0.2283,0.5,8.8134,4.6349,1.0,2.6037,4.0,0.1794
222.2,seguindo,normal,1.9802,5.0324,-0.8524,-1.0274,-0.175,0.5,8.8104,4.6349,1.0,2.6037,4.0,0.1835
222.25,seguindo,normal,1.9839,5.0385,-0.9353,-1.0327,-0.0974,0.5,8.8057,4.6349,1.0,2.6037,4.0,0.1892
222.3,seguindo,normal,1.9864,5.0423,-0.9869,-1.0361,-0.0491,0.5,8.8025,4.6349,1.0,2.6037,4.0,0.1927
222.35,seguindo,normal,1.9904,5.0475,-1.0622,-1.0411,0.0211,0.5,8.7977,4.6349,1.0,2.6037,4.0,0.1978
222.4,seguindo,normal,1.993,5.0507,-1.1088,-1.0443,0.0645,0.5,8.7946,4.6349,1.0,2.6037,4.0,0.2008
222.45,seguindo,normal,1.997,5.0552,-1.1765,-1.049,0.1275,0.5,8.7898,4.6349,1.0,2.6037,4.0,0.2052
222.5,seguindo,normal,1.9996,5.0579,-1.2179,-1.0519,0.166,0.5,8.7868,4.6349,1.0,2.6037,4.0,0.2079
222.55,seguindo,normal,2.0034,5.0617,-1.2779,-1.0562,0.2217,0.5,8.7823,4.6349,1.0,2.6037,4.0,0.2118
222.6,seguindo,normal,2.0059,5.0641,-1.3143,-1.0589,0.2555,0.5,8.7795,4.6349,1.0,2.6037,4.0,0.2142
222.65,seguindo,normal,2.0095,5.0674,-1.3667,-1.0628,0.3039,0.5,8.7754,4.6349,1.0,2.6037,4.0,0.2176
222.7,seguindo,normal,2.0117,5.0694,-1.3982,-1.0652,0.333,0.5,8.7728,4.6349,1.0,2.6037,4.0,0.2197
222.75,seguindo,normal,2.015,5.0723,-1.443,-1.0687,0.3743,0.5,8.7691,4.6349,1.0,2.6037,4.0,0.2228
222.8,seguindo,normal,2.017,5.074,-1.4696,-1.0708,0.3988,0.5,8.7669,4.6349,1.0,2.6037,4.0,0.2247
222.85,seguindo,normal,2.0198,5.0766,-1.5067,-1.0738,0.4329,0.5,8.7636,4.6349,1.0,2.6037,4.0,0.2275
222.9,seguindo,normal,2.0215,5.0782,-1.5285,-1.0756,0.4528,0.5,8.7617,4.6349,1.0,2.6037,4.0,0.2292
222.95,seguindo,normal,2.0238,5.0806,-1.5581,-1.0783,0.4799,0.5,8.759,4.6349,1.0,2.6037,4.0,0.2318
223.0,seguindo,normal,2.0252,5.082,-1.575,-1.0798,0.4952,0.5,8.7574,4.6349,1.0,2.6037,4.0,0.2334
223.05,seguindo,normal,2.027,5.0841,-1.5962,-1.0819,0.5143,0.5,8.7553,4.6349,1.0,2.6037,4.0,0.2357
223.1,seguindo,normal,2.0279,5.0854,-1.6073,-1.083,0.5243,0.5,8.7541,4.6349,1.0,2.6037,4.0,0.2371
223.15,seguindo,normal,2.0289,5.0871,-1.6189,-1.0844,0.5344,0.5,8.7528,4.6349,1.0,2.6037,4.0,0.2389
223.2,seguindo,normal,2.0294,5.0882,-1.6241,-1.0852,0.5389,0.5,8.7521,4.6349,1.0,2.6037,4.0,0.24
223.25,seguindo,normal,2.0297,5.0895,-1.6269,-1.0859,0.541,0.5,8.7516,4.6349,1.0,2.6037,4.0,0.2413
223.3,seguindo,normal,2.0298,5.0903,-1.627,-1.0862,0.5408,0.5,8.7514,4.6349,1.0,2.6037,4.0,0.2422
223.35,seguindo,normal,2.0294,5.0913,-1.6221,-1.0864,0.5358,0.5,8.7516,4.6349,1.0,2.6037,4.0,0.243
223.4,seguindo,normal,2.029,5.0918,-1.6171,-1.0863,0.5308,0.5,8.7519,4.6349,1.0,2.6037,4.0,0.2435
223.45,seguindo,normal,2.0281,5.0923,-1.6048,-1.0858,0.5191,0.5,8.7528,4.6349,1.0,2.6037,4.0,0.2439
223.5,seguindo,normal,2.0273,5.0925,-1.5949,-1.0853,0.5097,0.5,8.7535,4.6349,1.0,2.6037,4.0,0.244
223.55,seguindo,normal,2.0264,5.0926,-1.5843,-1.0847,0.4996,0.5,8.7544,4.6349,1.0,2.6037,4.0,0.2441
223.6,seguindo,normal,2.026,5.0926,-1.5795,-1.0844,0.4951,0.5,8.7547,4.6349,1.0,2.6037,4.0,0.244
223.65,seguindo,normal,2.0258,5.0926,-1.577,-1.0843,0.4927,0.5,8.7549,4.6349,1.0,2.6037,4.0,0.244
223.7,seguindo,normal,2.0258,5.0926,-1.577,-1.0843,0.4927,0.5,8.7549,4.6349,1.0,2.6037,4.0,0.244
223.75,re,,2.0255,5.0899,-1.5734,-1.5734,0.0,0.203,8.7557,inf,,,,0.0
223.8,re,,2.0251,5.0868,-1.5683,-1.5683,0.0,0.203,8.7567,inf,,,,0.0
223.85,re,,2.0242,5.0793,-1.557,-1.557,0.0,0.203,8.7588,inf,,,,0.0
223.9,re,,2.0235,5.0729,-1.5468,-1.5468,0.0,0.203,8.7606,inf,,,,0.0
223.95,re,,2.0223,5.0608,-1.5273,-1.5273,0.0,0.203,8.7639,inf,,,,0.0
224.0,re,,2.0216,5.0515,-1.5119,-1.5119,0.0,0.203,8.7663,inf,,,,0.0
224.05,re,,2.0206,5.0373,-1.4882,-1.4882,0.0,0.203,8.7697,inf,,,,0.0
224.1,re,,2.0202,5.0278,-1.4722,-1.4722,0.0,0.203,8.7719,inf,,,,0.0
224.15,re,,2.0203,5.0111,-1.4507,-1.4507,0.0,0.203,8.7748,inf,,,,0.0
224.2,re,,2.0209,4.9986,-1.4389,-1.4389,0.0,0.203,8.7764,inf,,,,0.0
224.25,re,,2.0225,4.98,-1.4264,-1.4264,0.0,0.203,8.7783,inf,,,,0.0
224.3,re,,2.0238,4.9677,-1.4206,-1.4206,0.0,0.203,8.7792,inf,,,,0.0
224.35,re,,2.0258,4.9505,-1.4123,-1.4123,0.0,0.203,8.7805,inf,,,,0.0
224.4,re,,2.0272,4.9394,-1.4075,-1.4075,0.0,0.203,8.7812,inf,,,,0.0
224.45,re,,2.0289,4.9235,-1.3956,-1.3956,0.0,0.203,8.7826,inf,,,,0.0
224.5,re,,2.03,4.9132,-1.3859,-1.3859,0.0,0.203,8.7835,inf,,,,0.0
224.55,re,,2.0316,4.898,-1.3691,-1.3691,0.0,0.203,8.7849,inf,,,,0.0
224.65,seguindo,normal,2.0343,4.8733,-1.3367,-0.993,0.3437,0.5,8.787,4.6349,1.0,2.6037,4.0,0.0415
224.7,seguindo,normal,2.0355,4.8637,-1.3222,-0.9889,0.3333,0.5,8.7878,4.6349,1.0,2.6037,4.0,0.037
224.75,seguindo,normal,2.0373,4.8495,-1.2991,-0.9827,0.3164,0.5,8.7888,4.6349,1.0,2.6037,4.0,0.0305
224.8,seguindo,normal,2.0386,4.8401,-1.2832,-0.9787,0.3046,0.5,8.7894,4.6349,1.0,2.6037,4.0,0.0263
224.85,seguindo,normal,2.0409,4.826,-1.2594,-0.9669,0.2925,0.5,8.7899,4.768,1.0,2.6452,3.95,0.0202
224.9,seguindo,normal,2.0427,4.8167,-1.2436,-0.9633,0.2803,0.5,8.7901,4.768,1.0,2.6452,3.95,0.0164
224.95,seguindo,normal,2.0455,4.8027,-1.2198,-0.9579,0.2619,0.5,8.7902,4.768,1.0,2.6452,3.95,0.0109
225.0,seguindo,normal,2.0476,4.7935,-1.2039,-0.9544,0.2495,0.5,8.79,4.768,1.0,2.6452,3.95,0.0074
225.05,seguindo,normal,2.051,4.7797,-1.1801,-0.9493,0.2309,0.5,8.7895,4.768,1.0,2.6452,3.95,0.0025
225.1,seguindo,normal,2.0535,4.7705,-1.1643,-0.9426,0.2217,0.5,8.789,5.2954,1.0,2.6858,3.9,-0.0006
225.15,seguindo,normal,2.0575,4.7568,-1.1405,-0.938,0.2024,0.5,8.788,5.2954,1.0,2.6858,3.9,-0.005
225.2,seguindo,normal,2.0603,4.7477,-1.1246,-0.9351,0.1895,0.5,8.7872,5.2954,1.0,2.6858,3.9,-0.0077
225.25,seguindo,normal,2.0637,4.7368,-1.1037,-0.9315,0.1722,0.5,8.7861,5.2954,1.0,2.6858,3.9,-0.0109
225.3,seguindo,normal,2.0655,4.7308,-1.0895,-0.9295,0.1601,0.5,8.7856,5.2954,1.0,2.6858,3.9,-0.0127
225.35,seguindo,normal,2.0674,4.7245,-1.0744,-0.9273,0.1471,0.5,8.7851,5.2954,1.0,2.6858,3.9,-0.0146
225.4,seguindo,normal,2.0683,4.7216,-1.0672,-0.9263,0.1409,0.5,8.7848,5.2954,1.0,2.6858,3.9,-0.0154
225.45,seguindo,normal,2.0687,4.72,-1.0621,-0.9257,0.1365,0.5,8.7848,5.2954,1.0,2.6858,3.9,-0.016
225.5,seguindo,normal,2.0687,4.72,-1.0616,-0.9257,0.1359,0.5,8.7848,5.2954,1.0,2.6858,3.9,-0.016
225.55,seguindo,normal,2.0698,4.7173,-1.0562,-0.9249,0.1313,0.5,8.7844,5.2954,1.0,2.6858,3.9,-0.0166
225.6,seguindo,normal,2.071,4.7142,-1.0501,-0.9234,0.1267,0.5,8.7839,4.6799,1.0,2.7243,3.85,-0.0173
225.65,seguindo,normal,2.074,4.707,-1.0363,-0.9216,0.1147,0.5,8.7825,4.6799,1.0,2.7243,3.85,-0.0188
225.7,seguindo,normal,2.0765,4.7009,-1.025,-0.9201,0.1049,0.5,8.7813,4.6799,1.0,2.7243,3.85,-0.02
225.75,seguindo,normal,2.082,4.6896,-1.0084,-0.9177,0.0906,0.5,8.7784,4.6799,1.0,2.7243,3.85,-0.0216
225.8,seguindo,normal,2.0865,4.6811,-0.9982,-0.9162,0.0821,0.5,8.7759,4.6799,1.0,2.7243,3.85,-0.0225
225.85,seguindo,normal,2.0942,4.6674,-0.9864,-0.9141,0.0723,0.5,8.7713,4.6799,1.0,2.7243,3.85,-0.0233
225.9,seguindo,normal,2.0999,4.6581,-0.9803,-0.9151,0.0652,0.5,8.7679,4.5922,1.0,2.7599,3.8,-0.0237
225.95,seguindo,normal,2.1085,4.644,-0.9715,-0.9135,0.058,0.5,8.7626,4.5922,1.0,2.7599,3.8,-0.024
226.0,seguindo,normal,2.1144,4.6347,-0.9658,-0.9125,0.0533,0.5,8.759,4.5922,1.0,2.7599,3.8,-0.0241
226.05,seguindo,normal,2.123,4.6209,-0.9559,-0.911,0.0449,0.5,8.7536,4.5922,1.0,2.7599,3.8,-0.0243
226.1,seguindo,normal,2.1288,4.6117,-0.9488,-0.9152,0.0336,0.5,8.7501,5.345,1.0,2.7915,3.75,-0.0243
226.15,seguindo,normal,2.1375,4.5982,-0.9375,-0.914,0.0235,0.5,8.7447,5.345,1.0,2.7915,3.75,-0.0242
226.2,seguindo,normal,2.1433,4.5892,-0.9296,-0.9132,0.0165,0.5,8.7411,5.345,1.0,2.7915,3.75,-0.0241
226.25,seguindo,normal,2.1532,4.5751,-0.9225,-0.9124,0.0101,0.5,8.7347,5.345,1.0,2.7915,3.75,-0.0234
226.3,seguindo,normal,2.1603,4.5655,-0.9198,-0.9121,0.0077,0.5,8.7301,5.345,1.0,2.7915,3.75,-0.0227
226.35,seguindo,normal,2.1709,4.5512,-0.9175,-0.9204,-0.0029,0.5,8.7231,2.7551,1.0,2.8185,3.7,-0.0214
226.4,seguindo,normal,2.178,4.5419,-0.9165,-0.9204,-0.0038,0.5,8.7184,2.7551,1.0,2.8185,3.7,-0.0205
226.45,seguindo,normal,2.1886,4.5278,-0.9149,-0.9203,-0.0054,0.5,8.7114,2.7551,1.0,2.8185,3.7,-0.0193
226.5,seguindo,normal,2.1957,4.5185,-0.9137,-0.9203,-0.0066,0.5,8.7068,2.7551,1.0,2.8185,3.7,-0.0185
226.55,seguindo,normal,2.2063,4.5045,-0.9121,-0.9322,-0.0201,0.5,8.6998,1.7245,1.0,2.8407,3.65,-0.0173
226.6,seguindo,normal,2.2135,4.4952,-0.9111,-0.9323,-0.0212,0.5,8.6951,1.7245,1.0,2.8407,3.65,-0.0165
226.65,seguindo,normal,2.2241,4.4812,-0.9092,-0.9325,-0.0233,0.5,8.6882,1.7245,1.0,2.8407,3.65,-0.0154
226.7,seguindo,normal,2.2312,4.4719,-0.9079,-0.9327,-0.0248,0.5,8.6836,1.7245,1.0,2.8407,3.65,-0.0147
226.75,seguindo,normal,2.2418,4.458,-0.9054,-0.9479,-0.0424,0.5,8.6767,1.2117,1.0,2.8582,3.6,-0.0136
226.8,seguindo,normal,2.2489,4.4488,-0.9036,-0.9482,-0.0446,0.5,8.6721,1.2117,1.0,2.8582,3.6,-0.0129
226.85,seguindo,normal,2.2595,4.435,-0.9008,-0.9488,-0.048,0.5,8.6653,1.2117,1.0,2.8582,3.6,-0.012
226.9,seguindo,normal,2.2666,4.4258,-0.8989,-0.9492,-0.0503,0.5,8.6607,1.2117,1.0,2.8582,3.6,-0.0114
226.95,seguindo,normal,2.2773,4.4121,-0.896,-0.9674,-0.0714,0.5,8.6539,0.9326,1.0,2.8714,3.55,-0.0104
227.0,seguindo,normal,2.2844,4.4029,-0.8941,-0.9681,-0.0739,0.5,8.6493,0.9326,1.0,2.8714,3.55,-0.0097
227.05,seguindo,normal,2.2952,4.3892,-0.8913,-0.9691,-0.0778,0.5,8.6424,0.9326,1.0,2.8714,3.55,-0.0087
227.1,seguindo,normal,2.3059,4.3755,-0.8885,-0.9703,-0.0818,0.5,8.6355,0.9326,1.0,2.8714,3.55,-0.0078
227.15,seguindo,normal,2.3132,4.3664,-0.8866,-0.9906,-0.104,0.5,8.6309,0.785,1.0,2.881,3.5,-0.0071
227.2,seguindo,normal,2.3204,4.3573,-0.8848,-0.9917,-0.1069,0.5,8.6262,0.785,1.0,2.881,3.5,-0.0065
227.25,seguindo,normal,2.3313,4.3437,-0.8821,-0.9933,-0.1112,0.5,8.6193,0.785,1.0,2.881,3.5,-0.0054
227.3,seguindo,normal,2.3386,4.3347,-0.8803,-0.9945,-0.1142,0.5,8.6146,0.785,1.0,2.881,3.5,-0.0048
227.35,seguindo,normal,2.3495,4.3211,-0.8777,-0.9011,-0.0234,0.5,8.6076,4.4852,0.37,2.6037,4.0,-0.0037
227.4,seguindo,normal,2.3569,4.3121,-0.876,-0.9015,-0.0255,0.5,8.603,4.4852,0.37,2.6037,4.0,-0.003
227.45,seguindo,normal,2.3679,4.2985,-0.8733,-0.9022,-0.0288,0.5,8.5959,4.4852,0.37,2.6037,4.0,-0.0019
227.5,seguindo,normal,2.3752,4.2895,-0.8716,-0.9027,-0.0311,0.5,8.5913,4.4852,0.37,2.6037,4.0,-0.0013
227.55,seguindo,normal,2.3863,4.2761,-0.8688,-0.9037,-0.0348,0.5,8.5842,4.4852,0.37,2.6037,4.0,-0.0003
227.6,seguindo,normal,2.3937,4.2671,-0.867,-0.9002,-0.0332,0.5,8.5796,5.4286,0.37,2.6452,3.95,0.0004
227.65,seguindo,normal,2.4048,4.2537,-0.8643,-0.9012,-0.0369,0.5,8.5725,5.4286,0.37,2.6452,3.95,0.0016
227.7,seguindo,normal,2.4123,4.2448,-0.8625,-0.902,-0.0394,0.5,8.5678,5.4286,0.37,2.6452,3.95,0.0022
227.75,seguindo,normal,2.4235,4.2314,-0.8598,-0.9033,-0.0435,0.5,8.5607,5.4286,0.37,2.6452,3.95,0.0032
227.8,seguindo,normal,2.4309,4.2225,-0.8581,-0.9021,-0.044,0.5,8.556,9.8692,0.37,2.6858,3.9,0.0039
227.85,seguindo,normal,2.4422,4.2092,-0.8554,-0.9035,-0.0482,0.5,8.5489,9.8692,0.37,2.6858,3.9,0.0049
227.9,seguindo,normal,2.4497,4.2003,-0.8536,-0.9046,-0.0511,0.5,8.5442,9.8692,0.37,2.6858,3.9,0.0056
227.95,seguindo,normal,2.461,4.1871,-0.8509,-0.9066,-0.0557,0.5,8.5371,9.8692,0.37,2.6858,3.9,0.0065
228.0,seguindo,normal,2.4686,4.1782,-0.8491,-0.9089,-0.0598,0.5,8.5323,45.6854,0.37,2.7243,3.85,0.0071
228.05,seguindo,normal,2.48,4.165,-0.8464,-0.911,-0.0646,0.5,8.5252,45.6854,0.37,2.7243,3.85,0.008
228.1,seguindo,normal,2.4876,4.1562,-0.8446,-0.9126,-0.068,0.5,8.5204,45.6854,0.37,2.7243,3.85,0.0087
228.15,seguindo,normal,2.499,4.1431,-0.8419,-0.9153,-0.0734,0.5,8.5133,45.6854,0.37,2.7243,3.85,0.0094
228.2,seguindo,normal,2.5066,4.1343,-0.8401,-0.9173,-0.0772,0.5,8.5085,45.6854,0.37,2.7243,3.85,0.01
228.25,seguindo,normal,2.5181,4.1212,-0.8375,-0.9256,-0.0881,0.5,8.5013,5.4851,0.37,2.7599,3.8,0.0108
228.3,seguindo,normal,2.5258,4.1125,-0.8357,-0.9279,-0.0922,0.5,8.4965,5.4851,0.37,2.7599,3.8,0.0113
228.35,seguindo,normal,2.5373,4.0994,-0.833,-0.9316,-0.0986,0.5,8.4893,5.4851,0.37,2.7599,3.8,0.0121
228.4,seguindo,normal,2.5451,4.0907,-0.8312,-0.9344,-0.1032,0.5,8.4845,5.4851,0.37,2.7599,3.8,0.0126
228.45,seguindo,normal,2.5567,4.0777,-0.8285,-0.949,-0.1205,0.5,8.4773,2.6334,0.37,2.7915,3.75,0.0133
228.5,seguindo,normal,2.5644,4.069,-0.8267,-0.9522,-0.1255,0.5,8.4724,2.6334,0.37,2.7915,3.75,0.0138
228.55,seguindo,normal,2.5761,4.0561,-0.824,-0.9575,-0.1335,0.5,8.4652,2.6334,0.37,2.7915,3.75,0.0146
228.6,seguindo,normal,2.5839,4.0475,-0.8223,-0.9614,-0.1392,0.5,8.4604,2.6334,0.37,2.7915,3.75,0.0151
228.65,seguindo,normal,2.5956,4.0345,-0.8196,-1.0033,-0.1837,0.5,8.4531,1.6312,0.37,2.8407,3.65,0.0158
228.7,seguindo,normal,2.6034,4.026,-0.8178,-1.0078,-0.19,0.5,8.4482,1.6312,0.37,2.8407,3.65,0.0164
228.75,seguindo,normal,2.6152,4.0131,-0.8151,-1.015,-0.1999,0.5,8.441,1.6312,0.37,2.8407,3.65,0.0172
228.8,seguindo,normal,2.6231,4.0046,-0.8133,-1.0203,-0.207,0.5,8.4361,1.6312,0.37,2.8407,3.65,0.0178
228.85,seguindo,normal,2.6349,3.9918,-0.8106,-1.0288,-0.2181,0.5,8.4288,1.6312,0.37,2.8407,3.65,0.0187
228.9,seguindo,normal,2.6428,3.9832,-0.8088,-1.0589,-0.25,0.5,8.4239,1.1186,0.37,2.8582,3.6,0.0194
228.95,seguindo,normal,2.6547,3.9705,-0.8061,-1.0686,-0.2625,0.5,8.4166,1.1186,0.37,2.8582,3.6,0.0204
229.0,seguindo,normal,2.6627,3.962,-0.8044,-1.0756,-0.2713,0.5,8.4117,1.1186,0.37,2.8582,3.6,0.0211
229.05,seguindo,normal,2.6746,3.9493,-0.8017,-1.087,-0.2853,0.5,8.4043,1.1186,0.37,2.8582,3.6,0.0224
229.1,seguindo,normal,2.6826,3.9409,-0.7999,-1.0952,-0.2953,0.5,8.3994,1.1186,0.37,2.8582,3.6,0.0233
229.15,seguindo,normal,2.6946,3.9282,-0.7972,-1.1337,-0.3365,0.5,8.392,0.8622,0.37,2.8714,3.55,0.0246
229.2,seguindo,normal,2.7026,3.9198,-0.7954,-1.1428,-0.3474,0.5,8.3871,0.8622,0.37,2.8714,3.55,0.0256
229.25,seguindo,normal,2.7147,3.9072,-0.7927,-1.1575,-0.3648,0.5,8.3797,0.8622,0.37,2.8714,3.55,0.0273
229.3,seguindo,normal,2.7268,3.8947,-0.79,-1.1737,-0.3836,0.5,8.3723,0.8622,0.37,2.8714,3.55,0.0292
229.35,seguindo,normal,2.7349,3.8863,-0.7882,-1.2092,-0.4209,0.5,8.3674,0.7506,0.37,2.881,3.5,0.0305
229.4,seguindo,normal,2.743,3.878,-0.7865,-1.2207,-0.4342,0.5,8.3624,0.7506,0.37,2.881,3.5,0.0319
229.45,seguindo,normal,2.7552,3.8655,-0.7838,-1.2392,-0.4554,0.5,8.355,0.7506,0.37,2.881,3.5,0.0341
229.5,seguindo,normal,2.7633,3.8572,-0.782,-1.2525,-0.4705,0.5,8.35,0.7506,0.37,2.881,3.5,0.0359
229.55,seguindo,normal,2.7762,3.8446,-0.7842,-1.295,-0.5108,0.5,8.342,0.7252,0.37,2.8879,3.45,0.0392
229.6,seguindo,normal,2.7851,3.8361,-0.7875,-1.3106,-0.5231,0.5,8.3364,0.7252,0.37,2.8879,3.45,0.0415
229.65,seguindo,normal,2.7984,3.8238,-0.7975,-1.3359,-0.5383,0.5,8.3279,0.7252,0.37,2.8879,3.45,0.0453
229.7,seguindo,normal,2.8073,3.8156,-0.8061,-1.3539,-0.5478,0.5,8.3223,0.7252,0.37,2.8879,3.45,0.0484
229.75,seguindo,normal,2.8207,3.8036,-0.8239,-1.3829,-0.559,0.5,8.3137,0.7252,0.37,2.8879,3.45,0.0533
229.8,seguindo,normal,2.8296,3.7956,-0.8378,-1.4221,-0.5843,0.5,8.3081,0.7716,0.37,2.8963,3.35,0.0565
229.85,seguindo,normal,2.8428,3.7838,-0.8636,-1.4481,-0.5845,0.5,8.2996,0.7716,0.37,2.8963,3.35,0.0614
229.9,seguindo,normal,2.8516,3.7759,-0.8828,-1.4661,-0.5833,0.5,8.294,0.7716,0.37,2.8963,3.35,0.0652
229.95,seguindo,normal,2.8645,3.764,-0.9152,-1.4942,-0.579,0.5,8.2859,0.7716,0.37,2.8963,3.35,0.0709
230.0,seguindo,normal,2.8731,3.756,-0.9384,-1.454,-0.5156,0.5,8.2806,0.9477,1.0,2.9947,2.7194,0.0746
230.05,seguindo,normal,2.8855,3.7438,-0.9745,-1.4646,-0.4901,0.5,8.2732,0.9477,1.0,2.9947,2.7194,0.0797
230.1,seguindo,normal,2.8936,3.7356,-0.9993,-1.4716,-0.4724,0.5,8.2684,0.9477,1.0,2.9947,2.7194,0.0831
230.15,seguindo,normal,2.9054,3.7231,-1.0377,-1.482,-0.4443,0.5,8.2617,0.9477,1.0,2.9947,2.7194,0.0887
230.2,seguindo,normal,2.913,3.7147,-1.064,-1.4889,-0.4248,0.5,8.2575,0.9477,1.0,2.9947,2.7194,0.0923
230.25,seguindo,normal,2.924,3.7019,-1.105,-1.4625,-0.3575,0.5,8.2517,1.053,1.0,3.0392,2.6422,0.0971
230.3,seguindo,normal,2.931,3.6933,-1.1331,-1.4683,-0.3351,0.5,8.2481,1.053,1.0,3.0392,2.6422,0.1001
230.35,seguindo,normal,2.9412,3.6802,-1.1764,-1.4767,-0.3003,0.5,8.2432,1.053,1.0,3.0392,2.6422,0.1048
230.4,seguindo,normal,2.9477,3.6714,-1.2061,-1.4822,-0.2761,0.5,8.2402,1.053,1.0,3.0392,2.6422,0.1081
230.45,seguindo,normal,2.957,3.6577,-1.2498,-1.4662,-0.2163,0.5,8.2364,0.7993,1.0,3.0671,2.6098,0.1124
230.5,seguindo,normal,2.9628,3.6484,-1.2785,-1.4708,-0.1923,0.5,8.2344,0.7993,1.0,3.0671,2.6098,0.1148
230.55,seguindo,normal,2.9709,3.6338,-1.3204,-1.4772,-0.1568,0.5,8.232,0.7993,1.0,3.0671,2.6098,0.1177
230.6,seguindo,normal,2.9759,3.6238,-1.3479,-1.4812,-0.1333,0.5,8.231,0.7993,1.0,3.0671,2.6098,0.12
230.65,seguindo,normal,2.9828,3.6084,-1.3878,-1.4866,-0.0988,0.5,8.2302,0.7993,1.0,3.0671,2.6098,0.1226
230.7,seguindo,normal,2.9869,3.598,-1.4138,-1.747,-0.3332,0.5,8.2301,2.4926,0.37,2.9072,3.1502,0.124
230.75,seguindo,normal,2.9924,3.5815,-1.4501,-1.7659,-0.3158,0.5,8.231,2.4926,0.37,2.9072,3.1502,0.1251
230.8,seguindo,normal,2.9956,3.5702,-1.4728,-1.7783,-0.3055,0.5,8.2322,2.4926,0.37,2.9072,3.1502,0.1259
230.85,seguindo,normal,2.9998,3.5528,-1.5048,-1.7969,-0.2921,0.5,8.2347,2.4926,0.37,2.9072,3.1502,0.1266
230.9,seguindo,normal,3.0022,3.541,-1.5251,-1.7746,-0.2495,0.5,8.2369,5.0953,0.37,2.9111,3.1004,0.1267
230.95,seguindo,normal,3.005,3.5225,-1.5522,-1.7897,-0.2374,0.5,8.2412,5.0953,0.37,2.9111,3.1004,0.126
231.0,seguindo,normal,3.0065,3.51,-1.5683,-1.7995,-0.2312,0.5,8.2445,5.0953,0.37,2.9111,3.1004,0.1256
231.05,seguindo,normal,3.008,3.4905,-1.5894,-1.7768,-0.1874,0.5,8.2504,55.9678,0.37,2.9161,3.0507,0.1245
231.1,seguindo,normal,3.0087,3.4773,-1.6016,-1.7845,-0.1829,0.5,8.2548,55.9678,0.37,2.9161,3.0507,0.1234
231.15,seguindo,normal,3.0098,3.4586,-1.6245,-1.7966,-0.1721,0.5,8.2608,55.9678,0.37,2.9161,3.0507,0.1221
231.2,seguindo,normal,3.0104,3.4466,-1.6413,-1.8047,-0.1634,0.5,8.2648,55.9678,0.37,2.9161,3.0507,0.1216
231.25,seguindo,normal,3.011,3.4283,-1.6677,-1.7755,-0.1078,0.5,8.2712,7.299,0.37,2.9224,3.0011,0.1205
231.3,seguindo,normal,3.0112,3.4159,-1.6857,-1.7818,-0.096,0.5,8.2758,7.299,0.37,2.9224,3.0011,0.1194
231.35,seguindo,normal,3.011,3.3974,-1.7127,-1.7909,-0.0782,0.5,8.2832,7.299,0.37,2.9224,3.0011,0.1178
231.4,seguindo,normal,3.0103,3.3788,-1.739,-1.7565,-0.0175,0.5,8.291,3.6946,0.37,2.9301,2.9519,0.1157
231.45,seguindo,normal,3.0095,3.3663,-1.7559,-1.7601,-0.0042,0.5,8.2967,3.6946,0.37,2.9301,2.9519,0.114
231.5,seguindo,normal,3.0084,3.3537,-1.7724,-1.7632,0.0092,0.5,8.3026,3.6946,0.37,2.9301,2.9519,0.1121
231.55,seguindo,normal,3.0061,3.3346,-1.795,-1.7669,0.028,0.5,8.3121,3.6946,0.37,2.9301,2.9519,0.1088
231.6,seguindo,normal,3.0043,3.3218,-1.8089,-1.7248,0.0841,0.5,8.3189,2.6074,0.37,2.9393,2.9031,0.1062
231.65,seguindo,normal,3.0011,3.3025,-1.8288,-1.7243,0.1046,0.5,8.3294,2.6074,0.37,2.9393,2.9031,0.102
231.7,seguindo,normal,2.9986,3.2896,-1.8415,-1.7232,0.1183,0.5,8.3368,2.6074,0.37,2.9393,2.9031,0.0989
231.75,seguindo,normal,2.9948,3.2717,-1.8566,-1.6778,0.1788,0.5,8.3474,2.1,0.37,2.9501,2.8551,0.0942
231.8,seguindo,normal,2.9909,3.2548,-1.8706,-1.6726,0.198,0.5,8.3577,2.1,0.37,2.9501,2.8551,0.0895
231.85,seguindo,normal,2.9877,3.2438,-1.8731,-1.6673,0.2058,0.5,8.3651,2.1,0.37,2.9501,2.8551,0.0857
231.9,seguindo,normal,2.9845,3.2328,-1.8753,-1.6616,0.2137,0.5,8.3725,2.1,0.37,2.9501,2.8551,0.0819
231.95,seguindo,normal,2.9791,3.2164,-1.873,-1.6111,0.2619,0.5,8.384,1.8046,0.37,2.9627,2.8081,0.0757
232.0,seguindo,normal,2.9754,3.2055,-1.8692,-1.6029,0.2663,0.5,8.3918,1.8046,0.37,2.9627,2.8081,0.0715
232.05,seguindo,normal,2.97,3.1892,-1.8633,-1.59,0.2733,0.5,8.4034,1.8046,0.37,2.9627,2.8081,0.065
232.1,seguindo,normal,2.9664,3.1783,-1.8593,-1.5443,0.315,0.5,8.4111,1.5819,0.37,2.9774,2.7627,0.0608
232.15,seguindo,normal,2.9611,3.1619,-1.8537,-1.53,0.3237,0.5,8.4226,1.5819,0.37,2.9774,2.7627,0.0545
232.2,seguindo,normal,2.9576,3.1509,-1.8503,-1.52,0.3304,0.5,8.4302,1.5819,0.37,2.9774,2.7627,0.0503
232.25,seguindo,normal,2.9526,3.1343,-1.8468,-1.5042,0.3426,0.5,8.4416,1.5819,0.37,2.9774,2.7627,0.044
232.3,seguindo,normal,2.9493,3.1232,-1.845,-1.4588,0.3862,0.5,8.4492,1.36,0.37,2.9947,2.7194,0.0398
232.35,seguindo,normal,2.9444,3.1065,-1.8424,-1.4415,0.4009,0.5,8.4606,1.36,0.37,2.9947,2.7194,0.0337
232.4,seguindo,normal,2.9411,3.0953,-1.8407,-1.4292,0.4115,0.5,8.4682,1.36,0.37,2.9947,2.7194,0.0294
232.45,seguindo,normal,2.9363,3.0785,-1.8381,-1.4096,0.4286,0.5,8.4795,1.36,0.37,2.9947,2.7194,0.0229
232.5,seguindo,normal,2.9331,3.0673,-1.8364,-1.3625,0.4739,0.5,8.4871,1.1177,0.37,3.0152,2.679,0.0186
232.55,seguindo,normal,2.9286,3.053,-1.8281,-1.3432,0.4848,0.5,8.4972,1.1177,0.37,3.0152,2.679,0.0126
232.6,seguindo,normal,2.9256,3.0445,-1.8185,-1.3303,0.4882,0.5,8.5035,1.1177,0.37,3.0152,2.679,0.0086
232.65,seguindo,normal,2.9208,3.0316,-1.7991,-1.3093,0.4899,0.5,8.5132,1.1177,0.37,3.0152,2.679,0.0023
232.7,seguindo,normal,2.9175,3.0232,-1.7827,-1.2617,0.521,0.5,8.5197,0.8775,0.37,3.0392,2.6422,-0.002
232.75,seguindo,normal,2.9126,3.0104,-1.7537,-1.2396,0.5141,0.5,8.5295,0.8775,0.37,3.0392,2.6422,-0.0086
232.8,seguindo,normal,2.9092,3.0021,-1.7312,-1.2243,0.5069,0.5,8.5361,0.8775,0.37,3.0392,2.6422,-0.0129
232.85,seguindo,normal,2.9043,2.9894,-1.6937,-1.2004,0.4933,0.5,8.5458,0.8775,0.37,3.0392,2.6422,-0.0196
232.9,seguindo,normal,2.9012,2.9811,-1.6665,-1.1841,0.4824,0.5,8.5522,0.8775,0.37,3.0392,2.6422,-0.024
232.95,seguindo,normal,2.8968,2.9688,-1.6237,-1.1279,0.4959,0.5,8.5614,0.6726,0.37,3.0671,2.6098,-0.0303
233.0,seguindo,normal,2.8941,2.9608,-1.5948,-1.1129,0.4819,0.5,8.5673,0.6726,0.37,3.0671,2.6098,-0.0342
233.05,seguindo,normal,2.8907,2.9488,-1.5537,-1.0911,0.4626,0.5,8.5754,0.6726,0.37,3.0671,2.6098,-0.0394
233.1,seguindo,normal,2.888,2.9368,-1.5155,-1.0699,0.4456,0.5,8.583,0.6726,0.37,3.0671,2.6098,-0.0441
233.15,seguindo,normal,2.8866,2.9286,-1.4911,-1.0557,0.4354,0.5,8.5878,0.6726,0.37,3.0671,2.6098,-0.0471
233.2,seguindo,normal,2.8854,2.9203,-1.4673,-1.0415,0.4258,0.5,8.5924,0.6726,0.37,3.0671,2.6098,-0.0498
233.25,seguindo,normal,2.8839,2.9079,-1.4309,-0.9465,0.4844,0.5,8.599,0.5145,0.37,3.1347,2.5598,-0.0535
233.3,seguindo,normal,2.8832,2.8997,-1.4064,-0.9337,0.4727,0.5,8.6033,0.5145,0.37,3.1347,2.5598,-0.0558
233.35,seguindo,normal,2.8824,2.8873,-1.3695,-0.9143,0.4551,0.5,8.6093,0.5145,0.37,3.1347,2.5598,-0.059
233.4,seguindo,normal,2.8821,2.879,-1.3448,-0.9014,0.4434,0.5,8.6131,0.5145,0.37,3.1347,2.5598,-0.0611
233.45,seguindo,normal,2.882,2.8667,-1.3071,-0.882,0.425,0.5,8.6185,0.5145,0.37,3.1347,2.5598,-0.0639
233.5,seguindo,normal,2.8822,2.8586,-1.2817,-0.8258,0.4558,0.4077,8.6219,0.4077,0.37,3.1739,2.5422,-0.0655
233.55,seguindo,normal,2.8829,2.8463,-1.2441,-0.8072,0.4369,0.4077,8.6266,0.4077,0.37,3.1739,2.5422,-0.0675
233.6,seguindo,normal,2.8837,2.838,-1.2196,-0.7948,0.4248,0.4077,8.6295,0.4077,0.37,3.1739,2.5422,-0.0686
233.65,seguindo,normal,2.8853,2.8256,-1.1835,-0.7763,0.4073,0.4077,8.6334,0.4077,0.37,3.1739,2.5422,-0.0702
233.7,seguindo,normal,2.8868,2.8172,-1.1605,-0.7639,0.3966,0.4077,8.6358,0.4077,0.37,3.1739,2.5422,-0.0709
233.75,seguindo,normal,2.8892,2.805,-1.1243,-0.7011,0.4232,0.3478,8.639,0.3478,0.37,3.2161,2.529,-0.0718
233.8,seguindo,normal,2.8909,2.7969,-1.0996,-0.6891,0.4105,0.3478,8.641,0.3478,0.37,3.2161,2.529,-0.0722
233.85,seguindo,normal,2.894,2.7848,-1.0634,-0.6712,0.3922,0.3478,8.6436,0.3478,0.37,3.2161,2.529,-0.0725
233.9,seguindo,normal,2.8964,2.7767,-1.0401,-0.6593,0.3808,0.3478,8.645,0.3478,0.37,3.2161,2.529,-0.0727
233.95,seguindo,normal,2.8997,2.7651,-1.0,-0.6412,0.3589,0.3478,8.6472,0.3478,0.37,3.2161,2.529,-0.0732
234.0,seguindo,normal,2.9018,2.7577,-0.9716,-0.5863,0.3852,0.3244,8.6486,0.3244,0.37,3.2605,2.5194,-0.0734
234.05,seguindo,normal,2.9056,2.7465,-0.9296,-0.5692,0.3604,0.3244,8.6502,0.3244,0.37,3.2605,2.5194,-0.0733
234.1,seguindo,normal,2.9085,2.7391,-0.9023,-0.558,0.3444,0.3244,8.6509,0.3244,0.37,3.2605,2.5194,-0.0728
234.15,seguindo,normal,2.9133,2.7281,-0.8622,-0.5412,0.321,0.3244,8.6515,0.3244,0.37,3.2605,2.5194,-0.0723
234.2,seguindo,normal,2.9168,2.7209,-0.8361,-0.5302,0.3059,0.3244,8.6516,0.3244,0.37,3.2605,2.5194,-0.0718
234.25,seguindo,normal,2.9218,2.7104,-0.7928,-0.4746,0.3182,0.3284,8.6518,0.3284,0.37,3.3068,2.5127,-0.071
234.3,re,,2.9252,2.7037,-0.7626,-0.7626,0.0,0.203,8.6519,inf,,,,0.0
234.35,re,,2.9307,2.6937,-0.718,-0.718,0.0,0.203,8.6514,inf,,,,0.0
234.4,re,,2.9348,2.6871,-0.6893,-0.6893,0.0,0.203,8.6507,inf,,,,0.0
234.45,re,,2.941,2.6776,-0.644,-0.644,0.0,0.203,8.6495,inf,,,,0.0
234.5,re,,2.9452,2.6714,-0.6131,-0.6131,0.0,0.203,8.6486,inf,,,,0.0
234.55,re,,2.952,2.6624,-0.5677,-0.5677,0.0,0.203,8.6466,inf,,,,0.0
234.6,re,,2.9569,2.6565,-0.5383,-0.5383,0.0,0.203,8.6449,inf,,,,0.0
234.65,re,,2.9648,2.648,-0.4951,-0.4951,0.0,0.203,8.6418,inf,,,,0.0
234.7,re,,2.9705,2.6425,-0.4675,-0.4675,0.0,0.203,8.6393,inf,,,,0.0
234.76,re,,2.9857,2.6305,-0.4156,-0.4156,0.0,0.203,8.6313,inf,,,,0.0
234.8,re,,2.9901,2.6274,-0.4038,-0.4038,0.0,0.203,8.6287,inf,,,,0.0
234.85,re,,3.0038,2.6189,-0.3718,-0.3718,0.0,0.203,8.6205,inf,,,,0.0
234.9,re,,3.0132,2.6137,-0.3538,-0.3538,0.0,0.203,8.6146,inf,,,,0.0
234.95,re,,3.0276,2.6064,-0.3298,-0.3298,0.0,0.203,8.6052,inf,,,,0.0
235.0,re,,3.0374,2.602,-0.3172,-0.3172,0.0,0.203,8.5986,inf,,,,0.0
235.05,re,,3.0523,2.5959,-0.302,-0.302,0.0,0.203,8.5882,inf,,,,0.0
235.1,re,,3.0623,2.5922,-0.2943,-0.2943,0.0,0.203,8.5811,inf,,,,0.0
235.15,re,,3.0771,2.5867,-0.2808,-0.2808,0.0,0.203,8.5706,inf,,,,0.0
235.25,seguindo,gargalo_eixo,3.1013,2.5778,-0.2547,-0.0537,0.2011,0.25,8.5534,1.4938,1.4508,4.55,2.5,0.0296
235.3,seguindo,gargalo_eixo,3.1108,2.5744,-0.2431,-0.0517,0.1915,0.25,8.5466,1.4938,1.4411,4.55,2.5,0.0291
235.35,seguindo,gargalo_eixo,3.1249,2.5695,-0.2242,-0.0487,0.1755,0.25,8.5365,1.4938,1.4268,4.55,2.5,0.0279
235.4,seguindo,gargalo_eixo,3.1343,2.5663,-0.2111,-0.0468,0.1643,0.25,8.5297,1.9055,1.4172,4.55,2.5,0.0272
235.45,seguindo,gargalo_eixo,3.1485,2.5618,-0.1915,-0.0441,0.1474,0.25,8.5194,1.9055,1.4029,4.55,2.5,0.0264
235.5,seguindo,gargalo_eixo,3.1579,2.5589,-0.1784,-0.0423,0.1361,0.25,8.5124,1.9055,1.3933,4.55,2.5,0.0259
235.55,seguindo,gargalo_eixo,3.1722,2.5548,-0.1587,-0.0398,0.1189,0.25,8.5018,1.9055,1.3789,4.55,2.5,0.0248
235.6,seguindo,gargalo_eixo,3.1818,2.5523,-0.1457,-0.0382,0.1074,0.25,8.4946,2.5625,1.3692,4.55,2.5,0.0242
235.65,seguindo,gargalo_eixo,3.1962,2.5487,-0.126,-0.036,0.09,0.25,8.4836,2.5625,1.3547,4.55,2.5,0.0235
235.7,seguindo,gargalo_eixo,3.2058,2.5465,-0.1129,-0.0346,0.0783,0.25,8.4762,2.5625,1.345,4.55,2.5,0.0232
235.75,seguindo,gargalo_eixo,3.2203,2.5434,-0.0933,-0.0326,0.0607,0.25,8.465,2.5625,1.3304,4.55,2.5,0.0223
235.8,seguindo,gargalo_eixo,3.2301,2.5414,-0.0802,-0.0314,0.0488,0.25,8.4574,3.5996,1.3206,4.55,2.5,0.0219
235.85,seguindo,gargalo_eixo,3.2418,2.5393,-0.0638,-0.03,0.0338,0.25,8.4481,3.5996,1.3088,4.55,2.5,0.0215
235.9,seguindo,gargalo_eixo,3.2484,2.538,-0.0534,-0.0292,0.0242,0.25,8.443,3.5996,1.3022,4.55,2.5,0.0213
235.95,seguindo,gargalo_eixo,3.2554,2.5369,-0.0434,-0.0285,0.0149,0.25,8.4374,3.5996,1.2952,4.55,2.5,0.0211
236.0,seguindo,gargalo_eixo,3.2587,2.5364,-0.0397,-0.0282,0.0115,0.25,8.4347,3.5996,1.2918,4.55,2.5,0.021
236.05,seguindo,gargalo_eixo,3.2608,2.5362,-0.0373,-0.0281,0.0092,0.25,8.433,3.5996,1.2897,4.55,2.5,0.021
236.1,seguindo,gargalo_eixo,3.261,2.5362,-0.0373,-0.0281,0.0092,0.25,8.4328,3.5996,1.2895,4.55,2.5,0.021
236.15,seguindo,gargalo_eixo,3.2641,2.5357,-0.0333,-0.0278,0.0055,0.25,8.4303,3.5996,1.2864,4.55,2.5,0.0209
236.2,seguindo,gargalo_eixo,3.2675,2.5352,-0.028,-0.0274,0.0006,0.25,8.4275,3.5996,1.2829,4.55,2.5,0.0207
236.25,seguindo,gargalo_eixo,3.2754,2.5342,-0.0181,-0.0268,-0.0087,0.25,8.4211,3.5996,1.275,4.55,2.5,0.0206
236.3,seguindo,gargalo_eixo,3.282,2.5334,-0.0103,-0.0264,-0.016,0.25,8.4158,5.2442,1.2685,4.55,2.5,0.0206
236.351,seguindo,gargalo_eixo,3.2946,2.5327,-0.0015,-0.026,-0.0245,0.25,8.4051,5.2442,1.2558,4.55,2.5,0.0212
236.4,seguindo,gargalo_eixo,3.3092,2.5323,0.0036,-0.026,-0.0296,0.25,8.3925,5.2442,1.2412,4.55,2.5,0.0221
236.45,seguindo,gargalo_eixo,3.3216,2.5324,0.0029,-0.0264,-0.0292,0.25,8.3816,5.2442,1.2288,4.55,2.5,0.0232
236.5,seguindo,gargalo_eixo,3.3344,2.5326,0.0006,-0.0268,-0.0274,0.25,8.3703,7.8805,1.216,4.55,2.5,0.0243
236.55,seguindo,gargalo_eixo,3.3538,2.5331,-0.0069,-0.0277,-0.0208,0.25,8.3531,7.8805,1.1967,4.55,2.5,0.0263
236.6,seguindo,gargalo_eixo,3.3667,2.5335,-0.0135,-0.0284,-0.0149,0.25,8.3416,7.8805,1.1838,4.55,2.5,0.0274
236.65,seguindo,gargalo_eixo,3.3854,2.5337,-0.0188,-0.0289,-0.0101,0.25,8.3253,12.1622,1.1651,4.55,2.5,0.0285
236.7,seguindo,gargalo_eixo,3.3975,2.5335,-0.0204,-0.0291,-0.0087,0.25,8.3147,12.1622,1.1529,4.55,2.5,0.029
236.75,seguindo,gargalo_eixo,3.4147,2.533,-0.0177,-0.0291,-0.0113,0.25,8.3,12.1622,1.1358,4.55,2.5,0.029
236.8,seguindo,gargalo_eixo,3.4256,2.5325,-0.0138,-0.0289,-0.0151,0.25,8.2907,12.1622,1.1249,4.55,2.5,0.0289
236.85,seguindo,gargalo_eixo,3.4417,2.5315,-0.0037,-0.0284,-0.0248,0.25,8.2772,19.2075,1.1088,4.55,2.5,0.0285
236.9,seguindo,gargalo_eixo,3.4523,2.5308,0.0049,-0.0281,-0.0329,0.25,8.2684,19.2075,1.0982,4.55,2.5,0.0281
236.95,seguindo,gargalo_eixo,3.4676,2.5297,0.0208,-0.0275,-0.0483,0.25,8.2555,19.2075,1.0828,4.55,2.5,0.0273
237.0,seguindo,gargalo_eixo,3.4827,2.5287,0.0386,-0.0269,-0.0655,0.25,8.2429,16.7913,1.0677,4.55,2.5,0.0266
237.05,seguindo,gargalo_eixo,3.4927,2.5281,0.0512,-0.0266,-0.0778,0.25,8.2345,16.7913,1.0577,4.55,2.5,0.0263
237.1,seguindo,gargalo_eixo,3.5026,2.5277,0.0638,-0.0264,-0.0902,0.25,8.2261,16.7913,1.0477,4.55,2.5,0.026
237.15,seguindo,gargalo_eixo,3.5176,2.5272,0.0826,-0.0264,-0.1089,0.25,8.2133,16.7913,1.0328,4.55,2.5,0.0258
237.2,seguindo,gargalo_eixo,3.5276,2.5271,0.0949,-0.0265,-0.1215,0.25,8.2047,10.5321,1.0228,4.55,2.5,0.0258
237.25,seguindo,gargalo_eixo,3.5427,2.5272,0.1131,-0.027,-0.1401,0.25,8.1916,10.5321,1.0077,4.55,2.5,0.0261
237.3,seguindo,gargalo_eixo,3.5527,2.5274,0.125,-0.0275,-0.1525,0.25,8.1827,10.5192,0.9976,4.55,2.5,0.0264
237.35,seguindo,gargalo_eixo,3.568,2.5281,0.1419,-0.0286,-0.1705,0.25,8.1692,10.505,0.9824,4.55,2.5,0.0272
237.4,seguindo,gargalo_eixo,3.5782,2.5287,0.1527,-0.0295,-0.1822,0.25,8.16,6.744,0.9722,4.55,2.5,0.0279
237.45,seguindo,gargalo_eixo,3.5936,2.5299,0.1684,-0.0313,-0.1996,0.25,8.1461,6.9255,0.9569,4.55,2.5,0.0292
237.5,seguindo,gargalo_eixo,3.6039,2.5309,0.1785,-0.0326,-0.2111,0.25,8.1367,7.0193,0.9466,4.55,2.5,0.0303
237.55,seguindo,gargalo_eixo,3.6194,2.5325,0.1933,-0.035,-0.2283,0.25,8.1224,6.7735,0.9312,4.55,2.5,0.032
237.6,seguindo,gargalo_eixo,3.6297,2.5338,0.2029,-0.0368,-0.2396,0.25,8.1128,4.2825,0.9209,4.55,2.5,0.0334
237.65,seguindo,gargalo_eixo,3.6453,2.536,0.2167,-0.0398,-0.2565,0.25,8.0983,4.2534,0.9054,4.55,2.5,0.0356
237.7,seguindo,gargalo_eixo,3.6557,2.5376,0.2257,-0.042,-0.2677,0.25,8.0885,4.1396,0.8951,4.55,2.5,0.0372
237.75,seguindo,gargalo_eixo,3.6713,2.5401,0.2389,-0.0457,-0.2846,0.25,8.0737,3.7013,0.8796,4.55,2.5,0.0399
237.8,seguindo,gargalo_eixo,3.6817,2.542,0.2478,-0.0483,-0.2961,0.25,8.0638,2.2328,0.8694,4.55,2.5,0.0417
237.85,seguindo,gargalo_eixo,3.6972,2.5449,0.2613,-0.0526,-0.3139,0.25,8.049,2.0222,0.854,4.55,2.5,0.0447
237.9,seguindo,gargalo_eixo,3.7075,2.5469,0.2703,-0.0556,-0.326,0.25,8.039,1.7425,0.8438,4.55,2.5,0.0467
237.95,seguindo,gargalo_eixo,3.7229,2.5501,0.2841,-0.0605,-0.3446,0.25,8.0241,1.139,0.8286,4.55,2.5,0.05
238.0,seguindo,gargalo_eixo,3.7331,2.5524,0.2933,-0.0641,-0.3573,0.25,8.0142,0.4889,0.8186,4.55,2.5,0.0522
238.05,seguindo,gargalo_eixo,3.7484,2.5559,0.3073,-0.0697,-0.3769,0.0943,7.9992,0.0943,0.8036,4.55,2.5,0.0558
238.1,seguindo,gargalo_eixo,3.7586,2.5584,0.3166,-0.0737,-0.3903,0.25,7.9892,10.503,0.7936,4.55,2.5,0.0583
238.15,seguindo,gargalo_eixo,3.7743,2.5628,0.3267,-0.0808,-0.4075,0.25,7.9733,10.5268,0.7782,4.55,2.5,0.0627
238.2,seguindo,gargalo_eixo,3.7903,2.5677,0.3332,-0.0889,-0.4221,0.25,7.9571,6.8327,0.7627,4.55,2.5,0.0676
238.25,seguindo,gargalo_eixo,3.8007,2.5713,0.3323,-0.0949,-0.4273,0.25,7.9463,7.0141,0.7527,4.55,2.5,0.0713
238.3,seguindo,gargalo_eixo,3.811,2.575,0.3314,-0.1011,-0.4325,0.25,7.9355,6.9517,0.7428,4.55,2.5,0.0749
238.35,seguindo,gargalo_eixo,3.8262,2.5807,0.3249,-0.1111,-0.436,0.25,7.9195,4.3367,0.7283,4.55,2.5,0.0807
238.4,seguindo,gargalo_eixo,3.8362,2.5846,0.3188,-0.118,-0.4368,0.25,7.9089,4.2707,0.7188,4.55,2.5,0.0845
238.45,seguindo,gargalo_eixo,3.8485,2.589,0.314,-0.1262,-0.4402,0.25,7.8961,4.2488,0.7071,4.55,2.5,0.089
238.5,seguindo,gargalo_eixo,3.8556,2.5914,0.3127,-0.1309,-0.4436,0.25,7.8888,4.2834,0.7004,4.55,2.5,0.0914
238.55,seguindo,gargalo_eixo,3.8634,2.5941,0.3105,-0.1362,-0.4467,0.25,7.8807,4.0793,0.693,4.55,2.5,0.0941
238.6,seguindo,gargalo_eixo,3.8674,2.5955,0.3092,-0.139,-0.4482,0.25,7.8765,3.9701,0.6892,4.55,2.5,0.0955
238.65,seguindo,gargalo_eixo,3.8706,2.5967,0.3071,-0.1414,-0.4485,0.25,7.8731,3.8834,0.6862,4.55,2.5,0.0967
238.7,seguindo,gargalo_eixo,3.8716,2.5971,0.306,-0.1422,-0.4482,0.25,7.8721,3.8577,0.6853,4.55,2.5,0.0971
238.75,seguindo,gargalo_eixo,3.8703,2.5968,0.3043,-0.1415,-0.4458,0.25,7.8733,3.8931,0.6865,4.55,2.5,0.0968
238.8,seguindo,gargalo_eixo,3.8682,2.5963,0.3032,-0.1403,-0.4435,0.25,7.8754,3.9493,0.6885,4.55,2.5,0.0962
238.85,seguindo,gargalo_eixo,3.8624,2.5946,0.3014,-0.1367,-0.4381,0.25,7.8814,4.1111,0.6941,4.55,2.5,0.0945
238.9,seguindo,gargalo_eixo,3.8572,2.5931,0.3003,-0.1336,-0.4339,0.25,7.8865,4.2548,0.699,4.55,2.5,0.093
238.95,seguindo,gargalo_eixo,3.8467,2.5899,0.2987,-0.1272,-0.426,0.25,7.8971,4.2464,0.709,4.55,2.5,0.0899
239.0,seguindo,gargalo_eixo,3.8386,2.5875,0.2978,-0.1224,-0.4203,0.25,7.9054,4.2617,0.7168,4.55,2.5,0.0875
239.05,seguindo,gargalo_eixo,3.8276,2.5843,0.2967,-0.1161,-0.4128,0.25,7.9166,4.3288,0.7273,4.55,2.5,0.0842
239.1,seguindo,gargalo_eixo,3.8207,2.5822,0.2958,-0.1123,-0.4081,0.25,7.9235,6.8116,0.734,4.55,2.5,0.0822
239.15,seguindo,gargalo_eixo,3.8123,2.5798,0.2949,-0.1078,-0.4027,0.25,7.932,6.9383,0.742,4.55,2.5,0.0797
239.2,seguindo,gargalo_eixo,3.8076,2.5784,0.2944,-0.1053,-0.3996,0.25,7.9368,7.0189,0.7466,4.55,2.5,0.0784
239.25,seguindo,gargalo_eixo,3.8024,2.5769,0.2938,-0.1026,-0.3964,0.25,7.9419,7.044,0.7515,4.55,2.5,0.0769
239.3,seguindo,gargalo_eixo,3.7998,2.5762,0.2935,-0.1013,-0.3948,0.25,7.9445,6.9841,0.754,4.55,2.5,0.0761
239.35,seguindo,gargalo_eixo,3.7979,2.5757,0.2934,-0.1003,-0.3937,0.25,7.9464,6.9451,0.7559,4.55,2.5,0.0756
239.4,seguindo,gargalo_eixo,3.7975,2.5756,0.2934,-0.1001,-0.3935,0.25,7.9468,6.9372,0.7562,4.55,2.5,0.0755
239.45,seguindo,gargalo_eixo,3.7973,2.5755,0.2933,-0.1,-0.3933,0.25,7.9471,6.9332,0.7564,4.55,2.5,0.0754
239.5,seguindo,gargalo_eixo,3.7973,2.5755,0.2933,-0.1,-0.3933,0.25,7.9471,6.9332,0.7564,4.55,2.5,0.0754
239.55,seguindo,gargalo_eixo,3.7973,2.5755,0.2933,-0.1,-0.3933,0.25,7.9471,6.9332,0.7564,4.55,2.5,0.0754
239.6,seguindo,gargalo_eixo,3.7973,2.5755,0.2933,-0.1,-0.3933,0.25,7.9471,6.9332,0.7564,4.55,2.5,0.0754
239.65,seguindo,gargalo_eixo,3.7973,2.5755,0.2933,-0.1,-0.3933,0.25,7.9471,6.9332,0.7564,4.55,2.5,0.0754
239.7,seguindo,gargalo_eixo,3.7973,2.5755,0.2933,-0.1,-0.3933,0.25,7.9471,6.9332,0.7564,4.55,2.5,0.0754
239.75,seguindo,gargalo_eixo,3.7973,2.5755,0.2933,-0.1,-0.3933,0.25,7.9471,6.9332,0.7564,4.55,2.5,0.0754
239.802,seguindo,gargalo_eixo,3.7973,2.5755,0.2933,-0.1,-0.3933,0.25,7.9471,6.9332,0.7564,4.55,2.5,0.0754
239.85,seguindo,gargalo_eixo,3.7973,2.5755,0.2933,-0.1,-0.3933,0.25,7.9471,6.9332,0.7564,4.55,2.5,0.0754
239.9,seguindo,gargalo_eixo,3.7973,2.5755,0.2933,-0.1,-0.3933,0.25,7.9471,6.9332,0.7564,4.55,2.5,0.0754
239.95,seguindo,gargalo_eixo,3.7973,2.5755,0.2933,-0.1,-0.3933,0.25,7.9471,6.9332,0.7564,4.55,2.5,0.0754
240.0,seguindo,gargalo_eixo,3.7973,2.5755,0.2933,-0.1,-0.3933,0.25,7.9471,6.9332,0.7564,4.55,2.5,0.0754
240.05,seguindo,gargalo_eixo,3.7973,2.5755,0.2933,-0.1,-0.3933,0.25,7.9471,6.9332,0.7564,4.55,2.5,0.0754
240.1,seguindo,gargalo_eixo,3.7973,2.5755,0.2933,-0.1,-0.3933,0.25,7.9471,6.9332,0.7564,4.55,2.5,0.0754
240.15,seguindo,gargalo_eixo,3.7973,2.5755,0.2933,-0.1,-0.3933,0.25,7.9471,6.9332,0.7564,4.55,2.5,0.0754
240.2,seguindo,gargalo_eixo,3.7973,2.5755,0.2933,-0.1,-0.3933,0.25,7.9471,6.9332,0.7564,4.55,2.5,0.0754
240.25,seguindo,gargalo_eixo,3.7973,2.5755,0.2933,-0.1,-0.3933,0.25,7.9471,6.9332,0.7564,4.55,2.5,0.0754
240.3,seguindo,gargalo_eixo,3.7973,2.5755,0.2933,-0.1,-0.3933,0.25,7.9471,6.9332,0.7564,4.55,2.5,0.0754
240.35,seguindo,gargalo_eixo,3.7973,2.5755,0.2933,-0.1,-0.3933,0.25,7.9471,6.9332,0.7564,4.55,2.5,0.0754
240.4,seguindo,gargalo_eixo,3.7973,2.5755,0.2933,-0.1,-0.3933,0.25,7.9471,6.9332,0.7564,4.55,2.5,0.0754
240.45,seguindo,gargalo_eixo,3.7973,2.5755,0.2933,-0.1,-0.3933,0.25,7.9471,6.9332,0.7564,4.55,2.5,0.0754
240.5,seguindo,gargalo_eixo,3.7973,2.5755,0.2933,-0.1,-0.3933,0.25,7.9471,6.9332,0.7564,4.55,2.5,0.0754
240.55,seguindo,gargalo_eixo,3.7973,2.5755,0.2933,-0.1,-0.3933,0.25,7.9471,6.9332,0.7564,4.55,2.5,0.0754
240.6,seguindo,gargalo_eixo,3.7973,2.5755,0.2933,-0.1,-0.3933,0.25,7.9471,6.9332,0.7564,4.55,2.5,0.0754
240.65,seguindo,gargalo_eixo,3.7973,2.5755,0.2933,-0.1,-0.3933,0.25,7.9471,6.9332,0.7564,4.55,2.5,0.0754
240.7,seguindo,gargalo_eixo,3.7973,2.5755,0.2933,-0.1,-0.3933,0.25,7.9471,6.9332,0.7564,4.55,2.5,0.0754
240.75,seguindo,gargalo_eixo,3.7973,2.5755,0.2933,-0.1,-0.3933,0.25,7.9471,6.9332,0.7564,4.55,2.5,0.0754
240.8,seguindo,gargalo_eixo,3.7973,2.5755,0.2933,-0.1,-0.3933,0.25,7.9471,6.9332,0.7564,4.55,2.5,0.0754
240.85,seguindo,gargalo_eixo,3.7973,2.5755,0.2933,-0.1,-0.3933,0.25,7.9471,6.9332,0.7564,4.55,2.5,0.0754
240.9,seguindo,gargalo_eixo,3.7973,2.5755,0.2933,-0.1,-0.3933,0.25,7.9471,6.9332,0.7564,4.55,2.5,0.0754
240.95,seguindo,gargalo_eixo,3.7973,2.5755,0.2933,-0.1,-0.3933,0.25,7.9471,6.9332,0.7564,4.55,2.5,0.0754
241.0,seguindo,gargalo_eixo,3.7973,2.5755,0.2933,-0.1,-0.3933,0.25,7.9471,6.9332,0.7564,4.55,2.5,0.0754
241.05,seguindo,gargalo_eixo,3.7973,2.5755,0.2933,-0.1,-0.3933,0.25,7.9471,6.9332,0.7564,4.55,2.5,0.0754
241.1,seguindo,gargalo_eixo,3.7973,2.5755,0.2933,-0.1,-0.3933,0.25,7.9471,6.9332,0.7564,4.55,2.5,0.0754
241.15,seguindo,gargalo_eixo,3.7973,2.5755,0.2933,-0.1,-0.3933,0.25,7.9471,6.9332,0.7564,4.55,2.5,0.0754
241.2,seguindo,gargalo_eixo,3.7973,2.5755,0.2933,-0.1,-0.3933,0.25,7.9471,6.9332,0.7564,4.55,2.5,0.0754
241.25,seguindo,gargalo_eixo,3.7973,2.5755,0.2933,-0.1,-0.3933,0.25,7.9471,6.9332,0.7564,4.55,2.5,0.0754
241.3,seguindo,gargalo_eixo,3.7973,2.5755,0.2933,-0.1,-0.3933,0.25,7.9471,6.9332,0.7564,4.55,2.5,0.0754
241.35,seguindo,gargalo_eixo,3.7973,2.5755,0.2933,-0.1,-0.3933,0.25,7.9471,6.9332,0.7564,4.55,2.5,0.0754
241.4,seguindo,gargalo_eixo,3.7973,2.5755,0.2933,-0.1,-0.3933,0.25,7.9471,6.9332,0.7564,4.55,2.5,0.0754
241.45,seguindo,gargalo_eixo,3.7973,2.5755,0.2933,-0.1,-0.3933,0.25,7.9471,6.9332,0.7564,4.55,2.5,0.0754
241.5,seguindo,gargalo_eixo,3.7973,2.5755,0.2933,-0.1,-0.3933,0.25,7.9471,6.9332,0.7564,4.55,2.5,0.0754
241.55,seguindo,gargalo_eixo,3.7973,2.5755,0.2933,-0.1,-0.3933,0.25,7.9471,6.9332,0.7564,4.55,2.5,0.0754
241.6,seguindo,gargalo_eixo,3.7973,2.5755,0.2933,-0.1,-0.3933,0.25,7.9471,6.9332,0.7564,4.55,2.5,0.0754
241.65,seguindo,gargalo_eixo,3.7973,2.5755,0.2933,-0.1,-0.3933,0.25,7.9471,6.9332,0.7564,4.55,2.5,0.0754
241.7,seguindo,gargalo_eixo,3.7973,2.5755,0.2933,-0.1,-0.3933,0.25,7.9471,6.9332,0.7564,4.55,2.5,0.0754
241.75,seguindo,gargalo_eixo,3.7973,2.5755,0.2933,-0.1,-0.3933,0.25,7.9471,6.9332,0.7564,4.55,2.5,0.0754
241.8,seguindo,gargalo_eixo,3.7973,2.5755,0.2933,-0.1,-0.3933,0.25,7.9471,6.9332,0.7564,4.55,2.5,0.0754
241.85,seguindo,gargalo_eixo,3.7973,2.5755,0.2933,-0.1,-0.3933,0.25,7.9471,6.9332,0.7564,4.55,2.5,0.0754
241.9,seguindo,gargalo_eixo,3.7973,2.5755,0.2933,-0.1,-0.3933,0.25,7.9471,6.9332,0.7564,4.55,2.5,0.0754
241.95,seguindo,gargalo_eixo,3.7973,2.5755,0.2933,-0.1,-0.3933,0.25,7.9471,6.9332,0.7564,4.55,2.5,0.0754
242.0,seguindo,gargalo_eixo,3.7973,2.5755,0.2933,-0.1,-0.3933,0.25,7.9471,6.9332,0.7564,4.55,2.5,0.0754
242.05,seguindo,gargalo_eixo,3.7973,2.5755,0.2933,-0.1,-0.3933,0.25,7.9471,6.9332,0.7564,4.55,2.5,0.0754
242.1,seguindo,gargalo_eixo,3.7973,2.5755,0.2933,-0.1,-0.3933,0.25,7.9471,6.9332,0.7564,4.55,2.5,0.0754
242.15,seguindo,gargalo_eixo,3.7973,2.5755,0.2933,-0.1,-0.3933,0.25,7.9471,6.9332,0.7564,4.55,2.5,0.0754
242.2,seguindo,gargalo_eixo,3.7973,2.5755,0.2933,-0.1,-0.3933,0.25,7.9471,6.9332,0.7564,4.55,2.5,0.0754
242.25,seguindo,gargalo_eixo,3.7973,2.5755,0.2933,-0.1,-0.3933,0.25,7.9471,6.9332,0.7564,4.55,2.5,0.0754
242.3,seguindo,gargalo_eixo,3.7973,2.5755,0.2933,-0.1,-0.3933,0.25,7.9471,6.9332,0.7564,4.55,2.5,0.0754
242.35,seguindo,gargalo_eixo,3.7973,2.5755,0.2933,-0.1,-0.3933,0.25,7.9471,6.9332,0.7564,4.55,2.5,0.0754
242.4,seguindo,gargalo_eixo,3.7973,2.5755,0.2933,-0.1,-0.3933,0.25,7.9471,6.9332,0.7564,4.55,2.5,0.0754
242.45,seguindo,gargalo_eixo,3.7973,2.5755,0.2933,-0.1,-0.3933,0.25,7.9471,6.9332,0.7564,4.55,2.5,0.0754
242.5,seguindo,gargalo_eixo,3.7973,2.5755,0.2933,-0.1,-0.3933,0.25,7.9471,6.9332,0.7564,4.55,2.5,0.0754
242.55,re,,3.7973,2.5755,0.2933,0.2933,0.0,-0.203,7.9471,inf,,,,0.0
242.6,re,,3.7973,2.5755,0.2933,0.2933,0.0,-0.203,7.9471,inf,,,,0.0
242.65,re,,3.7973,2.5755,0.2933,0.2933,0.0,-0.203,7.9471,inf,,,,0.0
242.7,re,,3.7973,2.5755,0.2933,0.2933,0.0,-0.203,7.9471,inf,,,,0.0
242.75,re,,3.7973,2.5755,0.2933,0.2933,0.0,-0.203,7.9471,inf,,,,0.0
242.8,re,,3.7973,2.5755,0.2933,0.2933,0.0,-0.203,7.9471,inf,,,,0.0
242.85,re,,3.7973,2.5755,0.2933,0.2933,0.0,-0.203,7.9471,inf,,,,0.0
242.9,re,,3.7973,2.5755,0.2933,0.2933,0.0,-0.203,7.9471,inf,,,,0.0
242.95,re,,3.7944,2.5747,0.2921,0.2921,0.0,-0.203,7.95,inf,,,,0.0
243.0,re,,3.7913,2.5739,0.291,0.291,0.0,-0.203,7.9531,inf,,,,0.0
243.05,re,,3.7838,2.5717,0.2893,0.2893,0.0,-0.203,7.9607,inf,,,,0.0
243.1,re,,3.7775,2.57,0.2882,0.2882,0.0,-0.203,7.9669,inf,,,,0.0
243.15,re,,3.7654,2.5665,0.2864,0.2864,0.0,-0.203,7.9791,inf,,,,0.0
243.2,re,,3.7561,2.5639,0.2853,0.2853,0.0,-0.203,7.9885,inf,,,,0.0
243.25,re,,3.7402,2.5594,0.2835,0.2835,0.0,-0.203,8.0045,inf,,,,0.0
243.3,re,,3.7289,2.5562,0.282,0.282,0.0,-0.203,8.0158,inf,,,,0.0
243.35,re,,3.712,2.5515,0.2801,0.2801,0.0,-0.203,8.0328,inf,,,,0.0
243.4,re,,3.7007,2.5484,0.2789,0.2789,0.0,-0.203,8.0442,inf,,,,0.0
243.45,re,,3.6839,2.5437,0.278,0.278,0.0,-0.203,8.0611,inf,,,,0.0
243.5,re,,3.6727,2.5405,0.2777,0.2777,0.0,-0.203,8.0723,inf,,,,0.0
243.55,re,,3.6561,2.5357,0.2783,0.2783,0.0,-0.203,8.0891,inf,,,,0.0
243.6,re,,3.6451,2.5325,0.279,0.279,0.0,-0.203,8.1002,inf,,,,0.0
243.65,re,,3.6287,2.5276,0.2808,0.2808,0.0,-0.203,8.1168,inf,,,,0.0
243.7,re,,3.6178,2.5244,0.2822,0.2822,0.0,-0.203,8.1278,inf,,,,0.0
243.75,re,,3.6016,2.5194,0.2848,0.2848,0.0,-0.203,8.1443,inf,,,,0.0
243.8,re,,3.5909,2.5161,0.2867,0.2867,0.0,-0.203,8.1553,inf,,,,0.0
243.85,re,,3.5747,2.5111,0.2896,0.2896,0.0,-0.203,8.1718,inf,,,,0.0
243.9,re,,3.564,2.5077,0.2917,0.2917,0.0,-0.203,8.1828,inf,,,,0.0
243.95,re,,3.5479,2.5026,0.2946,0.2946,0.0,-0.203,8.1993,inf,,,,0.0
244.0,re,,3.5372,2.4992,0.2966,0.2966,0.0,-0.203,8.2103,inf,,,,0.0
244.05,re,,3.5211,2.494,0.2996,0.2996,0.0,-0.203,8.2268,inf,,,,0.0
244.1,re,,3.5104,2.4905,0.3015,0.3015,0.0,-0.203,8.2378,inf,,,,0.0
244.2,seguindo,gargalo_eixo,3.4836,2.4817,0.3064,0.0172,-0.2892,0.25,8.2654,16.7913,1.0665,4.55,2.5,-0.0203
244.25,seguindo,gargalo_eixo,3.4676,2.4763,0.3093,0.0218,-0.2874,0.25,8.282,19.2075,1.0827,4.55,2.5,-0.026
244.3,seguindo,gargalo_eixo,3.4569,2.4727,0.3112,0.0249,-0.2863,0.25,8.293,19.2075,1.0934,4.55,2.5,-0.0298
244.35,seguindo,gargalo_eixo,3.4409,2.4673,0.314,0.0294,-0.2846,0.25,8.3096,19.2075,1.1096,4.55,2.5,-0.0357
244.4,seguindo,gargalo_eixo,3.4302,2.4637,0.3159,0.0324,-0.2835,0.25,8.3207,19.2075,1.1203,4.55,2.5,-0.0397
244.45,seguindo,gargalo_eixo,3.4143,2.4582,0.3188,0.0368,-0.282,0.25,8.3373,12.1622,1.1365,4.55,2.5,-0.0457
244.5,seguindo,gargalo_eixo,3.4036,2.4545,0.3207,0.0396,-0.2811,0.25,8.3484,12.1622,1.1473,4.55,2.5,-0.0498
244.55,seguindo,gargalo_eixo,3.3876,2.4489,0.3236,0.0439,-0.2797,0.25,8.365,12.1622,1.1635,4.55,2.5,-0.056
244.6,seguindo,gargalo_eixo,3.377,2.4452,0.3255,0.0467,-0.2788,0.25,8.3761,12.1622,1.1743,4.55,2.5,-0.0603
244.65,seguindo,gargalo_eixo,3.3611,2.4395,0.3283,0.0508,-0.2775,0.25,8.3927,7.8805,1.1905,4.55,2.5,-0.0668
244.7,seguindo,gargalo_eixo,3.3505,2.4357,0.3302,0.0535,-0.2768,0.25,8.4038,7.8805,1.2013,4.55,2.5,-0.0711
244.75,seguindo,gargalo_eixo,3.3371,2.4313,0.3291,0.0566,-0.2726,0.25,8.4176,7.8805,1.2149,4.55,2.5,-0.0764
244.8,seguindo,gargalo_eixo,3.3294,2.429,0.3257,0.0581,-0.2676,0.25,8.4255,7.8805,1.2227,4.55,2.5,-0.0793
244.85,seguindo,gargalo_eixo,3.3205,2.4263,0.3237,0.0599,-0.2638,0.25,8.4345,7.8805,1.2317,4.55,2.5,-0.0827
244.9,seguindo,gargalo_eixo,3.3159,2.4247,0.3237,0.0609,-0.2628,0.25,8.4393,5.2442,1.2363,4.55,2.5,-0.0846
244.95,seguindo,gargalo_eixo,3.3117,2.4234,0.3238,0.0618,-0.262,0.25,8.4436,5.2442,1.2407,4.55,2.5,-0.0862
245.0,seguindo,gargalo_eixo,3.3102,2.4229,0.3238,0.0621,-0.2617,0.25,8.4452,5.2442,1.2422,4.55,2.5,-0.0869
245.05,seguindo,gargalo_eixo,3.3103,2.4233,0.32,0.0618,-0.2582,0.25,8.4448,5.2442,1.242,4.55,2.5,-0.0864
245.1,seguindo,gargalo_eixo,3.3117,2.4242,0.3147,0.0611,-0.2536,0.25,8.4432,5.2442,1.2406,4.55,2.5,-0.0854
245.15,seguindo,gargalo_eixo,3.3162,2.4267,0.3031,0.0593,-0.2437,0.25,8.4381,5.2442,1.236,4.55,2.5,-0.0826
245.2,seguindo,gargalo_eixo,3.3205,2.4289,0.2927,0.0577,-0.2349,0.25,8.4333,7.8805,1.2316,4.55,2.5,-0.0801
245.25,seguindo,gargalo_eixo,3.3295,2.4333,0.2728,0.0546,-0.2182,0.25,8.4233,7.8805,1.2224,4.55,2.5,-0.0751
245.3,seguindo,gargalo_eixo,3.3368,2.4366,0.2573,0.0522,-0.2051,0.25,8.4153,7.8805,1.2148,4.55,2.5,-0.0712
245.35,seguindo,gargalo_eixo,3.3491,2.4421,0.2288,0.0482,-0.1806,0.25,8.4019,7.8805,1.2023,4.55,2.5,-0.0649
245.4,seguindo,gargalo_eixo,3.3581,2.4458,0.2082,0.0454,-0.1627,0.25,8.3922,7.8805,1.1932,4.55,2.5,-0.0607
245.45,seguindo,gargalo_eixo,3.3712,2.4513,0.1724,0.0413,-0.1311,0.25,8.3782,7.8805,1.1798,4.55,2.5,-0.0545
245.5,seguindo,gargalo_eixo,3.3798,2.4548,0.1466,0.0386,-0.108,0.25,8.3689,12.1622,1.1711,4.55,2.5,-0.0506
245.55,seguindo,gargalo_eixo,3.3937,2.4601,0.1033,0.0345,-0.0689,0.25,8.3542,12.1622,1.157,4.55,2.5,-0.0446
245.6,seguindo,gargalo_eixo,3.4034,2.4635,0.0725,0.0318,-0.0407,0.25,8.3441,12.1622,1.1472,4.55,2.5,-0.0408
245.65,seguindo,gargalo_eixo,3.4185,2.468,0.0261,0.0282,0.0021,0.25,8.3288,12.1622,1.132,4.55,2.5,-0.0357
245.7,seguindo,gargalo_eixo,3.4288,2.4706,-0.0036,0.0262,0.0298,0.25,8.3185,19.2075,1.1215,4.55,2.5,-0.0328
245.75,seguindo,gargalo_eixo,3.445,2.4736,-0.0455,0.0239,0.0694,0.25,8.3029,19.2075,1.1053,4.55,2.5,-0.0293
245.8,seguindo,gargalo_eixo,3.4562,2.4751,-0.0716,0.0228,0.0943,0.25,8.2925,19.2075,1.0941,4.55,2.5,-0.0275
245.85,seguindo,gargalo_eixo,3.4742,2.4763,-0.1058,0.022,0.1278,0.25,8.2763,19.2075,1.0761,4.55,2.5,-0.026
245.9,seguindo,gargalo_eixo,3.4868,2.4764,-0.1257,0.0221,0.1479,0.25,8.2653,16.7913,1.0635,4.55,2.5,-0.0255
245.95,seguindo,gargalo_eixo,3.5041,2.4762,-0.1521,0.0227,0.1748,0.25,8.2504,16.7913,1.0461,4.55,2.5,-0.0254
246.0,seguindo,gargalo_eixo,3.5149,2.476,-0.1705,0.0232,0.1937,0.25,8.2412,16.7913,1.0354,4.55,2.5,-0.0255
246.05,seguindo,gargalo_eixo,3.5307,2.4748,-0.1922,0.0247,0.2169,0.25,8.228,10.5321,1.0196,4.55,2.5,-0.0264
246.1,seguindo,gargalo_eixo,3.5412,2.4737,-0.2041,0.026,0.2301,0.25,8.2196,10.5321,1.0092,4.55,2.5,-0.0274
246.15,seguindo,gargalo_eixo,3.5566,2.4714,-0.215,0.0288,0.2438,0.25,8.2074,10.5039,0.9938,4.55,2.5,-0.0296
246.2,seguindo,gargalo_eixo,3.5668,2.4695,-0.2197,0.031,0.2507,0.25,8.1996,10.5008,0.9837,4.55,2.5,-0.0314
246.25,seguindo,gargalo_eixo,3.5818,2.4662,-0.22,0.0349,0.2549,0.25,8.1883,6.7684,0.9688,4.55,2.5,-0.0346
246.3,seguindo,gargalo_eixo,3.5917,2.4638,-0.2176,0.0378,0.2554,0.25,8.1809,6.8881,0.959,4.55,2.5,-0.0369
246.35,seguindo,gargalo_eixo,3.6064,2.4599,-0.209,0.0425,0.2515,0.25,8.1703,6.9814,0.9445,4.55,2.5,-0.0407
246.4,seguindo,gargalo_eixo,3.6161,2.4572,-0.2016,0.0458,0.2473,0.25,8.1633,6.8255,0.9349,4.55,2.5,-0.0433
246.45,seguindo,gargalo_eixo,3.6308,2.4531,-0.1876,0.0509,0.2385,0.25,8.1526,4.2794,0.9204,4.55,2.5,-0.0473
246.5,seguindo,gargalo_eixo,3.6408,2.4504,-0.1772,0.0544,0.2317,0.25,8.1454,4.2464,0.9106,4.55,2.5,-0.05
246.55,seguindo,gargalo_eixo,3.6559,2.4466,-0.1624,0.0596,0.222,0.25,8.1344,4.1577,0.8957,4.55,2.5,-0.0537
246.6,seguindo,gargalo_eixo,3.6661,2.4442,-0.153,0.063,0.216,0.25,8.1269,3.8695,0.8857,4.55,2.5,-0.0561
246.65,seguindo,gargalo_eixo,3.6814,2.4408,-0.1389,0.068,0.2069,0.25,8.1155,2.2543,0.8707,4.55,2.5,-0.0594
246.7,seguindo,gargalo_eixo,3.6916,2.4387,-0.1296,0.0713,0.2009,0.25,8.1078,2.1006,0.8606,4.55,2.5,-0.0616
246.75,seguindo,gargalo_eixo,3.707,2.4356,-0.1156,0.0762,0.1919,0.25,8.0961,1.807,0.8455,4.55,2.5,-0.0646
246.8,seguindo,gargalo_eixo,3.7173,2.4337,-0.1064,0.0794,0.1859,0.25,8.0883,1.4048,0.8353,4.55,2.5,-0.0665
246.85,seguindo,gargalo_eixo,3.7328,2.431,-0.0927,0.0842,0.1769,0.25,8.0764,0.5291,0.8201,4.55,2.5,-0.0691
246.9,seguindo,gargalo_eixo,3.7432,2.4293,-0.0836,0.0873,0.1709,0.25,8.0684,0.2615,0.8099,4.55,2.5,-0.0708
246.95,seguindo,gargalo_eixo,3.7587,2.427,-0.07,0.0919,0.1619,0.25,8.0562,10.5063,0.7946,4.55,2.5,-0.0731
247.0,seguindo,gargalo_eixo,3.7691,2.4256,-0.0609,0.095,0.1558,0.25,8.0481,10.4988,0.7844,4.55,2.5,-0.0745
247.05,seguindo,gargalo_eixo,3.7847,2.4236,-0.0469,0.0995,0.1464,0.25,8.0358,6.766,0.7691,4.55,2.5,-0.0765
247.1,seguindo,gargalo_eixo,3.7951,2.4224,-0.0376,0.1024,0.14,0.25,8.0276,6.8897,0.7589,4.55,2.5,-0.0777
247.15,seguindo,gargalo_eixo,3.8107,2.4208,-0.0234,0.1067,0.1302,0.25,8.0151,6.9644,0.7435,4.55,2.5,-0.0793
247.2,seguindo,gargalo_eixo,3.8211,2.4198,-0.0139,0.1095,0.1235,0.25,8.0067,6.8023,0.7333,4.55,2.5,-0.0802
247.25,seguindo,gargalo_eixo,3.8367,2.4185,0.0002,0.1137,0.1134,0.25,7.9941,4.2667,0.7179,4.55,2.5,-0.0815
247.3,seguindo,gargalo_eixo,3.8471,2.4178,0.0097,0.1164,0.1067,0.25,7.9856,4.2478,0.7077,4.55,2.5,-0.0822
247.35,seguindo,gargalo_eixo,3.8628,2.4169,0.0238,0.1203,0.0964,0.25,7.9727,4.0562,0.6922,4.55,2.5,-0.0831
247.4,seguindo,gargalo_eixo,3.8732,2.4165,0.0333,0.1228,0.0895,0.25,7.9641,3.7644,0.6819,4.55,2.5,-0.0836
247.45,seguindo,gargalo_eixo,3.8889,2.4159,0.0475,0.1264,0.079,0.25,7.9511,2.1867,0.6665,4.55,2.5,-0.0841
247.5,seguindo,gargalo_eixo,3.9045,2.4156,0.0616,0.1299,0.0683,0.25,7.9379,1.996,0.651,4.55,2.5,-0.0844
247.55,seguindo,gargalo_eixo,3.915,2.4156,0.071,0.1322,0.0611,0.25,7.9291,1.6144,0.6406,4.55,2.5,-0.0845
247.6,seguindo,gargalo_eixo,3.9307,2.4156,0.0851,0.1354,0.0502,0.25,7.9157,0.6594,0.6251,4.55,2.5,-0.0844
247.65,seguindo,gargalo_eixo,3.9411,2.4158,0.0945,0.1374,0.0429,0.25,7.9068,0.3867,0.6147,4.55,2.5,-0.0842
247.7,seguindo,gargalo_eixo,3.9516,2.4161,0.1039,0.1393,0.0354,0.1138,7.8977,0.1138,0.6043,4.55,2.5,-0.0839
247.75,seguindo,gargalo_eixo,3.9672,2.4167,0.118,0.142,0.0241,0.25,7.8841,10.4946,0.5887,4.55,2.5,-0.0834
247.8,seguindo,gargalo_eixo,3.9777,2.4172,0.1273,0.1437,0.0163,0.25,7.875,6.7175,0.5783,4.55,2.5,-0.0828
247.85,seguindo,gargalo_eixo,3.9933,2.4181,0.1414,0.146,0.0046,0.25,7.8613,6.8332,0.5627,4.55,2.5,-0.0819
247.9,seguindo,gargalo_eixo,4.0038,2.4189,0.1508,0.1474,-0.0034,0.25,7.852,7.0262,0.5522,4.55,2.5,-0.0811
247.95,seguindo,gargalo_eixo,4.0194,2.4202,0.1649,0.1492,-0.0157,0.25,7.8381,6.8504,0.5366,4.55,2.5,-0.0798
248.0,seguindo,gargalo_eixo,4.0298,2.4212,0.1742,0.1503,-0.024,0.25,7.8288,4.3191,0.5261,4.55,2.5,-0.0788
248.05,seguindo,gargalo_eixo,4.0454,2.4229,0.1883,0.1516,-0.0368,0.25,7.8147,4.2464,0.5105,4.55,2.5,-0.0771
248.1,seguindo,gargalo_eixo,4.0557,2.4242,0.1977,0.1522,-0.0455,0.25,7.8052,4.2855,0.5,4.55,2.5,-0.0759
248.15,seguindo,gargalo_eixo,4.0695,2.4252,0.2192,0.1543,-0.0649,0.25,7.7931,3.8867,0.4863,4.55,2.5,-0.0748
248.2,seguindo,gargalo_eixo,4.0777,2.4254,0.2395,0.1565,-0.083,0.25,7.786,2.3838,0.4782,4.55,2.5,-0.0746
248.25,seguindo,gargalo_eixo,4.0919,2.4271,0.2643,0.1578,-0.1064,0.25,7.7731,2.1467,0.4638,4.55,2.5,-0.073
248.3,seguindo,gargalo_eixo,4.1022,2.4288,0.2773,0.1576,-0.1197,0.25,7.7635,2.016,0.4534,4.55,2.5,-0.0712
248.35,seguindo,gargalo_eixo,4.1177,2.4317,0.2967,0.1566,-0.1401,0.25,7.7489,1.4985,0.4377,4.55,2.5,-0.0683
248.4,seguindo,gargalo_eixo,4.1279,2.4338,0.3095,0.1554,-0.1541,0.25,7.7392,0.7174,0.4273,4.55,2.5,-0.0662
248.45,seguindo,gargalo_eixo,4.1402,2.4368,0.3217,0.153,-0.1687,0.25,7.7272,0.3849,0.4146,4.55,2.5,-0.0633
248.5,seguindo,gargalo_eixo,4.1471,2.4387,0.3265,0.151,-0.1756,0.1998,7.7204,0.1998,0.4076,4.55,2.5,-0.0614
248.55,seguindo,gargalo_eixo,4.1601,2.4423,0.3378,0.1469,-0.191,0.25,7.7074,10.7802,0.3941,4.55,2.5,-0.0578
248.6,seguindo,gargalo_eixo,4.1701,2.445,0.3479,0.1438,-0.2042,0.25,7.6976,11.295,0.3839,4.55,2.5,-0.0551
248.65,seguindo,gargalo_eixo,4.1852,2.4494,0.3622,0.1379,-0.2243,0.25,7.6825,7.7718,0.3683,4.55,2.5,-0.0508
248.7,seguindo,gargalo_eixo,4.1953,2.4524,0.3714,0.1332,-0.2381,0.25,7.6723,7.7718,0.3578,4.55,2.5,-0.0477
248.75,seguindo,gargalo_eixo,4.2105,2.4573,0.3849,0.1252,-0.2598,0.25,7.657,7.7718,0.3422,4.55,2.5,-0.0429
248.8,seguindo,gargalo_eixo,4.2205,2.4606,0.3938,0.119,-0.2749,0.25,7.6468,7.7718,0.3319,4.55,2.5,-0.0396
248.85,seguindo,gargalo_eixo,4.2355,2.4658,0.4066,0.1082,-0.2984,0.25,7.6313,5.0604,0.3164,4.55,2.5,-0.0344
248.9,seguindo,gargalo_eixo,4.2455,2.4695,0.4146,0.0999,-0.3147,0.25,7.6209,5.0604,0.306,4.55,2.5,-0.0308
248.95,seguindo,gargalo_eixo,4.2605,2.4751,0.4261,0.0856,-0.3405,0.25,7.6052,5.0604,0.2905,4.55,2.5,-0.0251
249.0,seguindo,gargalo_eixo,4.2706,2.4791,0.4333,0.0746,-0.3587,0.25,7.5947,5.0604,0.2802,4.55,2.5,-0.0212
249.05,seguindo,gargalo_eixo,4.2854,2.485,0.4454,0.0566,-0.3888,0.25,7.579,3.3866,0.265,4.55,2.5,-0.0154
249.1,seguindo,gargalo_eixo,4.2952,2.4889,0.4541,0.0434,-0.4107,0.25,7.5686,3.3866,0.255,4.55,2.5,-0.0114
249.15,seguindo,gargalo_eixo,4.3098,2.4949,0.468,0.0212,-0.4468,0.25,7.5532,3.3866,0.2403,4.55,2.5,-0.0056
249.2,seguindo,gargalo_eixo,4.3194,2.4989,0.4775,0.0046,-0.4729,0.25,7.5429,3.3866,0.2306,4.55,2.5,-0.0016
249.25,seguindo,gargalo_eixo,4.3342,2.5057,0.4878,-0.0266,-0.5145,0.25,7.5268,2.3407,0.2159,4.55,2.5,0.0052
249.3,seguindo,gargalo_eixo,4.3442,2.5106,0.4924,-0.0517,-0.5441,0.25,7.5157,2.3407,0.2061,4.55,2.5,0.01
249.35,seguindo,gargalo_eixo,4.3588,2.5183,0.494,-0.0955,-0.5895,0.25,7.4993,2.3407,0.1921,4.55,2.5,0.0176
249.4,seguindo,gargalo_eixo,4.3683,2.5235,0.4933,-0.1288,-0.6221,0.25,7.4885,2.3407,0.1832,4.55,2.5,0.0227
249.45,seguindo,gargalo_eixo,4.3822,2.5315,0.4872,-0.1857,-0.6729,0.25,7.4725,1.6811,0.1707,4.55,2.5,0.0305
249.5,seguindo,gargalo_eixo,4.3913,2.5368,0.4813,-0.2283,-0.7096,0.25,7.4619,1.6811,0.1629,4.55,2.5,0.0358
249.55,seguindo,gargalo_eixo,4.4046,2.5449,0.4675,-0.3,-0.7675,0.25,7.4463,1.6811,0.1522,4.55,2.5,0.0437
249.6,seguindo,gargalo_eixo,4.4134,2.5503,0.4564,-0.353,-0.8094,0.25,7.4361,1.6811,0.1456,4.55,2.5,0.049
249.65,seguindo,gargalo_eixo,4.4262,2.5584,0.4349,-0.4407,-0.8756,0.25,7.421,1.2638,0.1369,4.55,2.5,0.0569
249.7,seguindo,gargalo_eixo,4.4346,2.5637,0.4187,-0.5045,-0.9232,0.25,7.411,1.2638,0.1318,4.55,2.5,0.062
249.75,seguindo,gargalo_eixo,4.4471,2.5716,0.3894,-0.608,-0.9974,0.25,7.3962,1.2638,0.1254,4.55,2.5,0.0698
249.8,seguindo,gargalo_eixo,4.4553,2.5768,0.3681,-0.6816,-1.0497,0.25,7.3865,1.2638,0.1219,4.55,2.5,0.0747
249.85,seguindo,gargalo_eixo,4.4676,2.5844,0.3312,-0.7975,-1.1287,0.25,7.3721,1.2638,0.118,4.55,2.5,0.0821
249.9,seguindo,normal,4.4757,2.5894,0.3048,-0.0195,-0.3243,0.5,7.3625,1.0024,0.37,4.9,2.5811,0.0868
249.95,seguindo,normal,4.4879,2.5967,0.2601,-0.0378,-0.298,0.5,7.3483,1.0024,0.37,4.9,2.5811,0.0939
250.0,seguindo,normal,4.4961,2.6014,0.2285,-0.0502,-0.2787,0.5,7.3389,1.0024,0.37,4.9,2.5811,0.0984
250.05,seguindo,normal,4.5083,2.6083,0.1761,-0.0693,-0.2454,0.5,7.3249,1.0024,0.37,4.9,2.5811,0.1048
250.1,seguindo,normal,4.5166,2.6126,0.1394,-0.082,-0.2214,0.5,7.3156,1.0024,0.37,4.9,2.5811,0.1088
250.15,seguindo,normal,4.5289,2.6189,0.0793,-0.0262,-0.1055,0.5,7.3018,0.8451,0.37,4.95,2.6079,0.1146
250.2,seguindo,normal,4.5372,2.6229,0.0374,-0.0362,-0.0736,0.5,7.2928,0.8451,0.37,4.95,2.6079,0.1182
250.25,seguindo,normal,4.5498,2.6281,-0.0259,-0.0504,-0.0246,0.5,7.2793,0.8451,0.37,4.95,2.6079,0.1228
250.3,seguindo,normal,4.5584,2.6311,-0.0682,-0.0593,0.0089,0.5,7.2704,0.8451,0.37,4.95,2.6079,0.1254
250.35,seguindo,normal,4.5736,2.6348,-0.1325,0.01,0.1424,0.5,7.2557,0.7617,0.37,5.0,2.6391,0.1281
250.4,seguindo,normal,4.5849,2.6366,-0.1747,0.006,0.1808,0.5,7.2453,0.7617,0.37,5.0,2.6391,0.1292
250.45,seguindo,normal,4.6026,2.6378,-0.2334,0.0032,0.2366,0.5,7.2298,0.7617,0.37,5.0,2.6391,0.129
250.5,seguindo,normal,4.6206,2.6375,-0.2868,0.0041,0.2909,0.5,7.2149,0.7311,0.37,5.0,2.6391,0.1271
250.55,seguindo,normal,4.6329,2.6364,-0.3186,0.0072,0.3258,0.5,7.2053,0.7311,0.37,5.0,2.6391,0.1249
250.6,seguindo,normal,4.6451,2.6347,-0.348,0.0122,0.3603,0.5,7.1959,0.7311,0.37,5.0,2.6391,0.1217
250.65,seguindo,normal,4.6613,2.6321,-0.3877,0.1072,0.4949,0.5,7.184,0.7534,0.37,5.05,2.6739,0.1169
250.7,seguindo,normal,4.6703,2.6304,-0.4119,0.1141,0.5259,0.5,7.1774,0.7534,0.37,5.05,2.6739,0.1141
250.75,seguindo,normal,4.6828,2.6274,-0.4418,0.1259,0.5677,0.5,7.1686,0.7534,0.37,5.05,2.6739,0.1095
250.8,seguindo,normal,4.6943,2.6241,-0.4668,0.1391,0.6059,0.5,7.1609,0.7534,0.37,5.05,2.6739,0.104
250.85,seguindo,normal,4.6993,2.6229,-0.481,0.1444,0.6254,0.5,7.1574,0.7534,0.37,5.05,2.6739,0.1019
250.9,seguindo,normal,4.704,2.6217,-0.4959,0.1496,0.6455,0.5,7.1541,0.7534,0.37,5.05,2.6739,0.0999
250.95,seguindo,normal,4.7133,2.6182,-0.5141,0.3754,0.8896,0.5,7.1484,0.7462,1.0,5.65,2.9874,0.0947
251.0,seguindo,normal,4.7205,2.6149,-0.5229,0.3811,0.904,0.5,7.1442,0.7462,1.0,5.65,2.9874,0.0902
251.05,seguindo,normal,4.7316,2.6091,-0.5294,0.3907,0.9201,0.5,7.1383,0.7462,1.0,5.65,2.9874,0.0824
251.1,seguindo,normal,4.7391,2.6048,-0.531,0.3976,0.9286,0.5,7.1344,0.7462,1.0,5.65,2.9874,0.0764
251.15,seguindo,normal,4.7497,2.5983,-0.5274,0.408,0.9354,0.5,7.1293,0.7462,1.0,5.65,2.9874,0.0673
251.2,seguindo,normal,4.7566,2.5938,-0.5224,0.415,0.9373,0.5,7.1261,0.7462,1.0,5.65,2.9874,0.0613
251.25,seguindo,normal,4.7665,2.587,-0.5099,0.4093,0.9192,0.5,7.1218,0.7404,1.0,5.7,2.9919,0.0522
251.3,seguindo,normal,4.7731,2.5824,-0.4999,0.416,0.9159,0.5,7.1189,0.7404,1.0,5.7,2.9919,0.0461
251.35,seguindo,normal,4.7828,2.5755,-0.4804,0.4263,0.9066,0.5,7.1148,0.7404,1.0,5.7,2.9919,0.0369
251.4,seguindo,normal,4.7894,2.5708,-0.4661,0.4332,0.8993,0.5,7.1121,0.7404,1.0,5.7,2.9919,0.0307
251.45,seguindo,normal,4.7981,2.5639,-0.4362,0.4432,0.8794,0.5,7.1088,0.7404,1.0,5.7,2.9919,0.0214
251.5,seguindo,normal,4.8034,2.5592,-0.4114,0.4496,0.8611,0.5,7.1071,0.7404,1.0,5.7,2.9919,0.0154
251.55,seguindo,normal,4.8115,2.5522,-0.3696,0.4596,0.8291,0.5,7.1044,0.7404,1.0,5.7,2.9919,0.0061
251.6,seguindo,normal,4.8169,2.5476,-0.3393,0.4662,0.8055,0.5,7.1026,0.7404,1.0,5.7,2.9919,-0.0001
251.65,seguindo,normal,4.8254,2.5405,-0.2888,0.4765,0.7653,0.5,7.0997,0.7404,1.0,5.7,2.9919,-0.0095
251.7,seguindo,normal,4.8311,2.5358,-0.2528,0.6009,0.8537,0.5,7.0977,1.3091,0.37,5.2,2.7887,-0.0158
251.75,seguindo,normal,4.8399,2.5289,-0.1937,0.625,0.8187,0.5,7.0945,1.3091,0.37,5.2,2.7887,-0.0252
251.8,seguindo,normal,4.8458,2.5244,-0.1522,0.6411,0.7932,0.5,7.0922,1.3091,0.37,5.2,2.7887,-0.0314
251.85,seguindo,normal,4.8549,2.5179,-0.086,0.6653,0.7513,0.5,7.0885,1.3091,0.37,5.2,2.7887,-0.0405
251.9,seguindo,normal,4.861,2.5138,-0.0407,0.6813,0.722,0.5,7.0859,1.3091,0.37,5.2,2.7887,-0.0464
251.95,seguindo,normal,4.8701,2.5083,0.0263,0.7044,0.6781,0.5,7.0817,1.3091,0.37,5.2,2.7887,-0.0546
252.0,seguindo,normal,4.876,2.5051,0.0693,0.7191,0.6498,0.5,7.0786,1.3091,0.37,5.2,2.7887,-0.06
252.05,seguindo,normal,4.8848,2.5009,0.1307,0.74,0.6094,0.5,7.0739,1.3091,0.37,5.2,2.7887,-0.0673
252.1,seguindo,normal,4.8908,2.4985,0.1711,0.7537,0.5827,0.5,7.0704,1.3091,0.37,5.2,2.7887,-0.0719
252.15,seguindo,normal,4.8999,2.4953,0.232,0.7741,0.5421,0.5,7.0649,1.3091,0.37,5.2,2.7887,-0.0785
252.2,seguindo,normal,4.906,2.4934,0.2727,0.7876,0.5149,0.5,7.061,1.3091,0.37,5.2,2.7887,-0.0827
252.25,seguindo,normal,4.9154,2.4912,0.3335,0.7859,0.4524,0.5,7.0547,1.9358,0.37,5.25,2.8261,-0.0885
252.3,seguindo,normal,4.9217,2.49,0.3738,0.7972,0.4234,0.5,7.0502,1.9358,0.37,5.25,2.8261,-0.0922
252.35,seguindo,normal,4.9314,2.4888,0.4338,0.8139,0.3801,0.5,7.043,1.9358,0.37,5.25,2.8261,-0.0971
252.4,seguindo,normal,4.9379,2.4884,0.4735,0.8248,0.3513,0.5,7.038,1.9358,0.37,5.25,2.8261,-0.1002
252.45,seguindo,normal,4.9477,2.4883,0.5324,0.8408,0.3085,0.5,7.0301,1.9358,0.37,5.25,2.8261,-0.1044
252.5,seguindo,normal,4.9543,2.4886,0.5713,0.8513,0.28,0.5,7.0245,1.9358,0.37,5.25,2.8261,-0.1072
252.55,seguindo,normal,4.9642,2.4897,0.6289,0.8665,0.2377,0.5,7.0159,1.9358,0.37,5.25,2.8261,-0.1109
252.6,seguindo,normal,4.9708,2.4908,0.6669,0.8764,0.2095,0.5,7.0099,1.9358,0.37,5.25,2.8261,-0.113
252.65,seguindo,normal,4.9806,2.4929,0.7238,0.8908,0.167,0.5,7.0007,3.7774,0.37,5.25,2.8261,-0.1158
252.7,seguindo,normal,4.9871,2.4947,0.7614,0.9001,0.1387,0.5,6.9944,3.7774,0.37,5.25,2.8261,-0.1173
252.75,seguindo,normal,4.9969,2.4982,0.8168,0.9134,0.0966,0.5,6.9845,3.7774,0.37,5.25,2.8261,-0.1189
252.8,seguindo,normal,5.0034,2.5009,0.8533,0.922,0.0687,0.5,6.9775,3.7774,0.37,5.25,2.8261,-0.1195
252.85,seguindo,normal,5.0137,2.5066,0.9029,0.9339,0.031,0.5,6.9659,3.7774,0.37,5.25,2.8261,-0.1196
252.9,seguindo,normal,5.0206,2.5111,0.9335,0.9413,0.0078,0.5,6.9577,3.7774,0.37,5.25,2.8261,-0.1195
252.95,seguindo,normal,5.0309,2.519,0.9752,0.9511,-0.0242,0.5,6.9447,3.7774,0.37,5.25,2.8261,-0.1182
253.0,seguindo,normal,5.0377,2.5248,1.0,0.9082,-0.0918,0.5,6.9358,211.7435,0.37,5.3,2.8609,-0.1169
253.05,seguindo,normal,5.0475,2.5345,1.0322,0.9123,-0.12,0.5,6.9222,211.7435,0.37,5.3,2.8609,-0.1138
253.1,seguindo,normal,5.0537,2.5416,1.0509,0.9139,-0.137,0.5,6.913,211.7435,0.37,5.3,2.8609,-0.1112
253.15,seguindo,normal,5.0638,2.5549,1.0743,0.9134,-0.1608,0.5,6.897,211.7435,0.37,5.3,2.8609,-0.1055
253.2,seguindo,normal,5.0706,2.5651,1.0868,0.9112,-0.1756,0.5,6.8855,211.7435,0.37,5.3,2.8609,-0.1011
253.25,seguindo,normal,5.0801,2.5808,1.1003,0.8566,-0.2437,0.5,6.8686,3.8349,0.37,5.35,2.8921,-0.0936
253.3,seguindo,normal,5.0861,2.5914,1.1066,0.8505,-0.2561,0.5,6.8575,3.8349,0.37,5.35,2.8921,-0.0883
253.35,seguindo,normal,5.0945,2.6076,1.1105,0.8391,-0.2713,0.5,6.8412,3.8349,0.37,5.35,2.8921,-0.0798
253.4,seguindo,normal,5.1,2.6185,1.1112,0.8305,-0.2807,0.5,6.8305,3.8349,0.37,5.35,2.8921,-0.0743
253.45,seguindo,normal,5.108,2.6347,1.1108,0.8162,-0.2946,0.5,6.8145,3.8349,0.37,5.35,2.8921,-0.0661
253.5,seguindo,normal,5.1133,2.6455,1.11,0.7201,-0.3899,0.5,6.8039,1.8271,0.37,5.45,2.9409,-0.0606
253.55,seguindo,normal,5.1212,2.6615,1.1102,0.7044,-0.4058,0.5,6.7882,1.8271,0.37,5.45,2.9409,-0.0526
253.6,seguindo,normal,5.1265,2.672,1.1106,0.6934,-0.4173,0.5,6.7777,1.8271,0.37,5.45,2.9409,-0.0473
253.65,seguindo,normal,5.1344,2.6877,1.1129,0.6762,-0.4367,0.5,6.7623,1.8271,0.37,5.45,2.9409,-0.0398
253.7,seguindo,normal,5.1397,2.698,1.1149,0.6641,-0.4507,0.5,6.752,1.8271,0.37,5.45,2.9409,-0.0348
253.75,seguindo,normal,5.1475,2.7134,1.1182,0.6069,-0.5112,0.5,6.7367,1.1743,0.37,5.5,2.9582,-0.0274
253.8,seguindo,normal,5.1527,2.7237,1.1205,0.5938,-0.5267,0.5,6.7265,1.1743,0.37,5.5,2.9582,-0.0224
253.85,seguindo,normal,5.1605,2.74,1.1191,0.5711,-0.548,0.5,6.7107,1.1743,0.37,5.5,2.9582,-0.0143
253.9,seguindo,normal,5.1657,2.7512,1.1163,0.5543,-0.562,0.5,6.7,1.1743,0.37,5.5,2.9582,-0.0086
253.95,seguindo,normal,5.1723,2.7651,1.1147,0.5324,-0.5823,0.5,6.6866,1.1743,0.37,5.5,2.9582,-0.0017
254.0,seguindo,normal,5.1763,2.7732,1.1148,0.4873,-0.6274,0.5,6.6787,0.8872,0.37,5.55,2.9712,0.0022
254.05,seguindo,normal,5.1831,2.7877,1.1103,0.4638,-0.6465,0.5,6.6649,0.8872,0.37,5.55,2.9712,0.0096
254.1,seguindo,normal,5.188,2.7984,1.1052,0.4454,-0.6598,0.5,6.6547,0.8872,0.37,5.55,2.9712,0.0151
254.15,seguindo,normal,5.195,2.8145,1.0925,0.4158,-0.6767,0.5,6.6398,0.8872,0.37,5.55,2.9712,0.0236
254.2,seguindo,normal,5.1997,2.8252,1.0822,0.3951,-0.6871,0.5,6.6299,0.8872,0.37,5.55,2.9712,0.0294
254.25,seguindo,normal,5.2064,2.841,1.0618,0.3411,-0.7207,0.5,6.6153,0.7617,0.37,5.6,2.9807,0.0381
254.3,seguindo,normal,5.2109,2.8515,1.0463,0.3207,-0.7257,0.5,6.6057,0.7617,0.37,5.6,2.9807,0.0438
254.35,seguindo,normal,5.2175,2.8671,1.0182,0.2888,-0.7295,0.5,6.5914,0.7617,0.37,5.6,2.9807,0.0523
254.4,seguindo,normal,5.2221,2.8774,0.9977,0.2668,-0.7309,0.5,6.5818,0.7617,0.37,5.6,2.9807,0.0581
254.45,seguindo,normal,5.2287,2.8926,0.9619,0.2331,-0.7288,0.5,6.5678,0.7617,0.37,5.6,2.9807,0.0667
254.5,seguindo,normal,5.2332,2.9025,0.9362,0.2102,-0.726,0.5,6.5584,0.7617,0.37,5.6,2.9807,0.0723
254.55,seguindo,normal,5.2404,2.9173,0.8955,0.1696,-0.7259,0.5,6.5442,0.7289,0.37,5.65,2.9874,0.0803
254.6,seguindo,normal,5.2454,2.927,0.8677,0.1483,-0.7194,0.5,6.5346,0.7289,0.37,5.65,2.9874,0.0854
254.65,seguindo,normal,5.2534,2.9412,0.8251,0.1159,-0.7092,0.5,6.52,0.7289,0.37,5.65,2.9874,0.0928
254.7,seguindo,normal,5.259,2.9505,0.7964,0.0941,-0.7023,0.5,6.5101,0.7289,0.37,5.65,2.9874,0.0977
254.75,seguindo,normal,5.2675,2.964,0.7513,0.061,-0.6903,0.5,6.4955,0.7289,0.37,5.65,2.9874,0.1047
254.8,seguindo,normal,5.2735,2.9728,0.7207,0.0465,-0.6742,0.5,6.4857,0.7674,0.37,5.75,2.9949,0.109
254.85,seguindo,normal,5.2827,2.9855,0.6735,0.0202,-0.6533,0.5,6.4709,0.7674,0.37,5.75,2.9949,0.1149
254.922,seguindo,normal,5.2924,2.9978,0.6258,0.0022,-0.6236,0.5,6.456,2.0836,1.0,6.3,3.0,0.0386
254.95,seguindo,normal,5.299,3.0057,0.5931,-0.0057,-0.5988,0.5,6.4461,2.0836,1.0,6.3,3.0,0.0451
255.0,seguindo,normal,5.3059,3.0133,0.5604,-0.0134,-0.5738,0.5,6.4361,2.0836,1.0,6.3,3.0,0.0514
255.05,seguindo,normal,5.3166,3.0244,0.5108,-0.0236,-0.5344,0.5,6.4211,2.3909,1.0,6.35,3.0,0.0604
255.1,seguindo,normal,5.324,3.0315,0.4776,-0.0307,-0.5083,0.5,6.411,2.3909,1.0,6.35,3.0,0.066
255.15,seguindo,normal,5.3356,3.0416,0.4278,-0.041,-0.4688,0.5,6.3957,2.3909,1.0,6.35,3.0,0.0738
255.2,seguindo,normal,5.3435,3.048,0.3946,-0.0477,-0.4422,0.5,6.3855,2.3909,1.0,6.35,3.0,0.0789
255.25,seguindo,normal,5.3559,3.0572,0.3452,-0.0575,-0.4026,0.5,6.3701,2.3909,1.0,6.35,3.0,0.0859
255.3,seguindo,normal,5.3645,3.0629,0.3126,-0.0607,-0.3733,0.5,6.3598,2.9498,1.0,6.4,3.0,0.0903
255.35,seguindo,normal,5.3778,3.071,0.2643,-0.0694,-0.3337,0.5,6.3443,2.9498,1.0,6.4,3.0,0.0961
255.4,seguindo,normal,5.387,3.076,0.2328,-0.0749,-0.3077,0.5,6.3338,2.9498,1.0,6.4,3.0,0.0997
255.45,seguindo,normal,5.4012,3.083,0.1862,-0.0829,-0.2691,0.5,6.3182,2.9498,1.0,6.4,3.0,0.1047
255.5,seguindo,normal,5.4111,3.0872,0.1564,-0.0879,-0.2443,0.5,6.3076,2.9498,1.0,6.4,3.0,0.1076
255.55,seguindo,normal,5.4263,3.0928,0.1133,-0.0904,-0.2037,0.5,6.2918,3.859,1.0,6.45,3.0,0.1113
255.6,seguindo,normal,5.4368,3.0961,0.0859,-0.0946,-0.1805,0.5,6.2812,3.859,1.0,6.45,3.0,0.1132
255.65,seguindo,normal,5.453,3.1005,0.0463,-0.1004,-0.1467,0.5,6.2654,3.859,1.0,6.45,3.0,0.1159
255.7,seguindo,normal,5.4641,3.1029,0.0213,-0.099,-0.1203,0.5,6.2548,5.2975,1.0,6.5,3.0,0.1172
255.75,seguindo,normal,5.4811,3.1059,-0.0147,-0.1036,-0.0888,0.5,6.2391,5.2975,1.0,6.5,3.0,0.1185
255.8,seguindo,normal,5.4927,3.1074,-0.0372,-0.1062,-0.069,0.5,6.2286,5.2975,1.0,6.5,3.0,0.1189
255.85,seguindo,normal,5.5104,3.1091,-0.0692,-0.1098,-0.0406,0.5,6.213,5.2975,1.0,6.5,3.0,0.1193
255.9,seguindo,normal,5.5225,3.1097,-0.0889,-0.1064,-0.0175,0.5,6.2027,7.5707,1.0,6.55,3.0,0.119
255.95,seguindo,normal,5.538,3.1103,-0.1152,-0.1086,0.0066,0.5,6.1895,7.5707,1.0,6.55,3.0,0.1185
256.0,seguindo,normal,5.5471,3.1107,-0.1337,-0.11,0.0238,0.5,6.1818,7.5707,1.0,6.55,3.0,0.1183
256.05,seguindo,normal,5.5634,3.1106,-0.1621,-0.1116,0.0505,0.5,6.1685,7.5707,1.0,6.55,3.0,0.1173
256.1,seguindo,normal,5.5755,3.11,-0.1806,-0.107,0.0736,0.5,6.1588,11.1943,1.0,6.6,3.0,0.1161
256.15,seguindo,normal,5.5933,3.1083,-0.2015,-0.1072,0.0944,0.5,6.1451,11.1943,1.0,6.6,3.0,0.1135
256.2,seguindo,normal,5.6048,3.1068,-0.2128,-0.1069,0.1059,0.5,6.1365,11.1943,1.0,6.6,3.0,0.1115
256.25,seguindo,normal,5.622,3.1038,-0.2229,-0.1007,0.1223,0.5,6.124,17.0433,1.0,6.65,3.0,0.108
256.3,seguindo,normal,5.6334,3.1016,-0.2271,-0.0996,0.1275,0.5,6.116,17.0433,1.0,6.65,3.0,0.1053
256.35,seguindo,normal,5.6504,3.0977,-0.2275,-0.0974,0.1301,0.5,6.1043,17.0433,1.0,6.65,3.0,0.1008
256.4,seguindo,normal,5.6618,3.0949,-0.2258,-0.0957,0.13,0.5,6.0965,17.0433,1.0,6.65,3.0,0.0978
256.45,seguindo,normal,5.679,3.0908,-0.2238,-0.0887,0.1351,0.5,6.0849,26.6152,1.0,6.7,3.0,0.0933
256.5,seguindo,normal,5.6904,3.0881,-0.223,-0.0871,0.1359,0.5,6.077,26.6152,1.0,6.7,3.0,0.0903
256.55,seguindo,normal,5.7075,3.0841,-0.2208,-0.0845,0.1362,0.5,6.0655,26.6152,1.0,6.7,3.0,0.086
256.6,seguindo,normal,5.7188,3.0814,-0.219,-0.0828,0.1362,0.5,6.0578,26.6152,1.0,6.7,3.0,0.0831
256.65,seguindo,normal,5.7358,3.0774,-0.2164,-0.0762,0.1401,0.5,6.0463,42.4968,1.0,6.75,3.0,0.0789
256.7,seguindo,normal,5.7471,3.0748,-0.2146,-0.0745,0.1401,0.5,6.0387,42.4968,1.0,6.75,3.0,0.0761
256.751,seguindo,normal,5.7641,3.0709,-0.2119,-0.0718,0.14,0.5,6.0272,42.4968,1.0,6.75,3.0,0.072
256.8,seguindo,normal,5.7754,3.0683,-0.2101,-0.0666,0.1435,0.5,6.0195,69.1996,1.0,6.8,3.0,0.0693
256.85,seguindo,normal,5.7924,3.0645,-0.2073,-0.0639,0.1433,0.5,6.008,69.1996,1.0,6.8,3.0,0.0653
256.9,seguindo,normal,5.8037,3.062,-0.2054,-0.0621,0.1433,0.5,6.0003,69.1996,1.0,6.8,3.0,0.0627
256.95,seguindo,normal,5.8208,3.0582,-0.2026,-0.0594,0.1433,0.5,5.9888,69.1996,1.0,6.8,3.0,0.0588
257.0,seguindo,normal,5.8321,3.0558,-0.2008,-0.0547,0.1461,0.5,5.9811,114.6647,1.0,6.85,3.0,0.0563
257.05,seguindo,normal,5.8491,3.0521,-0.1981,-0.052,0.1461,0.5,5.9696,114.6647,1.0,6.85,3.0,0.0525
257.1,seguindo,normal,5.8605,3.0497,-0.1963,-0.0501,0.1461,0.5,5.9619,114.6647,1.0,6.85,3.0,0.0501
257.15,seguindo,normal,5.8776,3.0461,-0.1935,-0.045,0.1485,0.5,5.9503,192.9916,1.0,6.9,3.0,0.0464
257.2,seguindo,normal,5.8889,3.0437,-0.1917,-0.0432,0.1485,0.5,5.9427,192.9916,1.0,6.9,3.0,0.044
257.25,seguindo,normal,5.906,3.0402,-0.189,-0.0404,0.1486,0.5,5.9311,192.9916,1.0,6.9,3.0,0.0404
257.3,seguindo,normal,5.9174,3.0379,-0.1872,-0.0385,0.1487,0.5,5.9234,192.9916,1.0,6.9,3.0,0.0381
257.35,seguindo,normal,5.9345,3.0344,-0.1845,-0.0339,0.1506,0.5,5.9118,329.4251,1.0,6.95,3.0,0.0346
257.4,seguindo,normal,5.9459,3.0322,-0.1827,-0.032,0.1507,0.5,5.9041,329.4251,1.0,6.95,3.0,0.0323
257.45,seguindo,normal,5.963,3.0288,-0.1801,-0.0292,0.1509,0.5,5.8925,329.4251,1.0,6.95,3.0,0.0289
257.5,seguindo,normal,5.9744,3.0266,-0.1783,-0.0272,0.151,0.5,5.8848,329.4251,1.0,6.95,3.0,0.0267
257.55,seguindo,normal,5.9915,3.0233,-0.1756,-0.0231,0.1525,0.5,5.8732,569.5362,1.0,7.0,3.0,0.0234
257.6,seguindo,normal,6.003,3.0211,-0.1738,-0.0212,0.1526,0.5,5.8654,569.5362,1.0,7.0,3.0,0.0212
257.65,seguindo,normal,6.0201,3.0179,-0.1711,-0.0183,0.1529,0.5,5.8538,569.5362,1.0,7.0,3.0,0.018
257.7,seguindo,normal,6.0315,3.0158,-0.1694,-0.0155,0.1539,0.5,5.8461,996.3189,1.0,7.05,3.0,0.0159
257.75,seguindo,normal,6.0487,3.0127,-0.1667,-0.0126,0.154,0.5,5.8345,996.3189,1.0,7.05,3.0,0.0127
257.8,seguindo,normal,6.0601,3.0106,-0.1649,-0.0107,0.1542,0.5,5.8267,996.3189,1.0,7.05,3.0,0.0107
257.85,seguindo,normal,6.0773,3.0076,-0.1622,-0.0073,0.1549,0.5,5.8151,685.2345,1.0,7.1,3.0001,0.0076
257.9,seguindo,normal,6.0887,3.0056,-0.1604,-0.0054,0.155,0.5,5.8073,685.2345,1.0,7.1,3.0001,0.0056
257.95,seguindo,normal,6.1059,3.0026,-0.1577,-0.0025,0.1552,0.5,5.7957,685.2345,1.0,7.1,3.0001,0.0026
258.0,seguindo,normal,6.1174,3.0006,-0.1559,-0.0006,0.1554,0.5,5.7879,685.2345,1.0,7.1,3.0001,0.0006
258.05,seguindo,normal,6.1345,2.9977,-0.1532,0.0024,0.1556,0.5,5.7763,388.4555,1.0,7.15,3.0001,-0.0023
258.1,seguindo,normal,6.146,2.9958,-0.1515,0.0043,0.1557,0.5,5.7685,388.4555,1.0,7.15,3.0001,-0.0042
258.15,seguindo,normal,6.1632,2.993,-0.1488,0.0072,0.156,0.5,5.7569,388.4555,1.0,7.15,3.0001,-0.007
258.2,seguindo,normal,6.1747,2.9911,-0.147,0.0092,0.1562,0.5,5.7491,388.4555,1.0,7.15,3.0001,-0.0089
258.25,seguindo,normal,6.1919,2.9884,-0.1443,0.0117,0.156,0.5,5.7374,222.5708,1.0,7.2,3.0002,-0.0116
258.3,seguindo,normal,6.2034,2.9866,-0.1425,0.0137,0.1562,0.5,5.7297,222.5708,1.0,7.2,3.0002,-0.0134
258.35,seguindo,normal,6.2206,2.9839,-0.1398,0.0166,0.1565,0.5,5.718,222.5708,1.0,7.2,3.0002,-0.0161
258.4,seguindo,normal,6.2321,2.9822,-0.138,0.0179,0.1559,0.5,5.7102,129.0059,1.0,7.25,3.0004,-0.0178
258.45,seguindo,normal,6.2493,2.9796,-0.1353,0.0208,0.1561,0.5,5.6985,129.0059,1.0,7.25,3.0004,-0.0204
258.5,seguindo,normal,6.2608,2.9779,-0.1336,0.0228,0.1563,0.5,5.6907,129.0059,1.0,7.25,3.0004,-0.0221
258.55,seguindo,normal,6.2781,2.9753,-0.1309,0.0248,0.1556,0.5,5.679,75.725,1.0,7.3,3.0007,-0.0246
258.6,seguindo,normal,6.2896,2.9737,-0.1291,0.0267,0.1558,0.5,5.6713,75.725,1.0,7.3,3.0007,-0.0263
258.65,seguindo,normal,6.3069,2.9713,-0.1264,0.0296,0.156,0.5,5.6596,75.725,1.0,7.3,3.0007,-0.0287
258.7,seguindo,normal,6.3184,2.9697,-0.1246,0.0316,0.1562,0.5,5.6518,75.725,1.0,7.3,3.0007,-0.0303
258.75,seguindo,normal,6.3357,2.9673,-0.1219,0.0333,0.1553,0.5,5.64,45.0724,1.0,7.35,3.0011,-0.0327
258.8,seguindo,normal,6.3472,2.9658,-0.1201,0.0353,0.1554,0.5,5.6322,45.0724,1.0,7.35,3.0011,-0.0342
258.85,seguindo,normal,6.3645,2.9635,-0.1174,0.0382,0.1556,0.5,5.6205,45.0724,1.0,7.35,3.0011,-0.0365
258.9,seguindo,normal,6.376,2.962,-0.1157,0.039,0.1546,0.5,5.6127,27.2435,1.0,7.4,3.0019,-0.038
258.95,seguindo,normal,6.3933,2.9598,-0.113,0.0418,0.1548,0.5,5.601,27.2435,1.0,7.4,3.0019,-0.0402
259.0,seguindo,normal,6.4048,2.9583,-0.1112,0.0438,0.1549,0.5,5.5932,27.2435,1.0,7.4,3.0019,-0.0417
259.05,seguindo,normal,6.4221,2.9562,-0.1085,0.0467,0.1552,0.5,5.5814,27.2435,1.0,7.4,3.0019,-0.0438
259.1,seguindo,normal,6.4337,2.9548,-0.1067,0.0475,0.1542,0.5,5.5736,16.7512,1.0,7.45,3.0031,-0.0452
259.15,seguindo,normal,6.451,2.9527,-0.104,0.0504,0.1544,0.5,5.5619,16.7512,1.0,7.45,3.0031,-0.0473
259.2,seguindo,normal,6.4625,2.9514,-0.1022,0.0523,0.1546,0.5,5.554,16.7512,1.0,7.45,3.0031,-0.0486
259.25,seguindo,normal,6.4798,2.9494,-0.0995,0.0545,0.154,0.5,5.5423,10.4989,1.0,7.5,3.0051,-0.0506
259.3,seguindo,normal,6.4914,2.9481,-0.0978,0.0564,0.1541,0.5,5.5345,10.4989,1.0,7.5,3.0051,-0.0519
259.35,seguindo,normal,6.5087,2.9462,-0.0951,0.0593,0.1543,0.5,5.5227,10.4989,1.0,7.5,3.0051,-0.0538
259.4,seguindo,normal,6.5203,2.945,-0.0933,0.0612,0.1545,0.5,5.5149,10.4989,1.0,7.5,3.0051,-0.055
259.45,seguindo,normal,6.5376,2.9432,-0.0906,0.064,0.1546,0.5,5.5031,6.724,1.0,7.55,3.0081,-0.0568
259.5,seguindo,normal,6.5492,2.942,-0.0888,0.0659,0.1547,0.5,5.4952,6.724,1.0,7.55,3.0081,-0.058
259.55,seguindo,normal,6.5665,2.9403,-0.0861,0.0689,0.155,0.5,5.4835,6.724,1.0,7.55,3.0081,-0.0597
259.6,seguindo,normal,6.5781,2.9391,-0.0843,0.0718,0.1562,0.5,5.4756,4.4139,1.0,7.6,3.0126,-0.0609
259.65,seguindo,normal,6.5955,2.9375,-0.0817,0.0747,0.1564,0.5,5.4638,4.4139,1.0,7.6,3.0126,-0.0625
259.7,seguindo,normal,6.607,2.9364,-0.08,0.0766,0.1566,0.5,5.456,4.4139,1.0,7.6,3.0126,-0.0636
259.75,seguindo,normal,6.6244,2.9348,-0.0773,0.0796,0.1569,0.5,5.4442,4.4139,1.0,7.6,3.0126,-0.0652
259.8,seguindo,normal,6.636,2.9338,-0.0755,0.0842,0.1597,0.5,5.4363,2.9814,1.0,7.65,3.0193,-0.0662
259.85,seguindo,normal,6.6533,2.9322,-0.0728,0.0872,0.16,0.5,5.4245,2.9814,1.0,7.65,3.0193,-0.0678
259.9,seguindo,normal,6.6707,2.9308,-0.07,0.0902,0.1602,0.5,5.4128,2.9814,1.0,7.65,3.0193,-0.0692
259.95,seguindo,normal,6.6823,2.9298,-0.0682,0.097,0.1652,0.5,5.4049,2.0824,1.0,7.7,3.0289,-0.0702
260.0,seguindo,normal,6.6996,2.9284,-0.0654,0.1001,0.1655,0.5,5.3931,2.0824,1.0,7.7,3.0289,-0.0716
260.05,seguindo,normal,6.7112,2.9275,-0.0636,0.1022,0.1658,0.5,5.3852,2.0824,1.0,7.7,3.0289,-0.0725
260.1,seguindo,normal,6.7228,2.9267,-0.0618,0.1042,0.1661,0.5,5.3774,2.0824,1.0,7.7,3.0289,-0.0733
260.15,seguindo,normal,6.7402,2.9254,-0.0591,0.115,0.1742,0.5,5.3656,1.5135,1.0,7.75,3.0421,-0.0746
260.2,seguindo,normal,6.7518,2.9246,-0.0573,0.1172,0.1745,0.5,5.3577,1.5135,1.0,7.75,3.0421,-0.0754
260.25,seguindo,normal,6.7692,2.9234,-0.0547,0.1204,0.1751,0.5,5.3459,1.5135,1.0,7.75,3.0421,-0.0766
260.3,seguindo,normal,6.7808,2.9226,-0.0529,0.1336,0.1864,0.5,5.338,1.1532,1.0,7.8,3.0596,-0.0774
260.35,seguindo,normal,6.7982,2.9215,-0.0502,0.137,0.1871,0.5,5.3261,1.1532,1.0,7.8,3.0596,-0.0785
260.4,seguindo,normal,6.8098,2.9208,-0.0484,0.1393,0.1877,0.5,5.3183,1.1532,1.0,7.8,3.0596,-0.0792
260.45,seguindo,normal,6.8272,2.9197,-0.0457,0.1572,0.2029,0.5,5.3064,0.9284,1.0,7.85,3.0819,-0.0803
260.5,seguindo,normal,6.8388,2.9191,-0.0439,0.1596,0.2036,0.5,5.2985,0.9284,1.0,7.85,3.0819,-0.0809
260.55,seguindo,normal,6.8562,2.9181,-0.0413,0.1633,0.2046,0.5,5.2867,0.9284,1.0,7.85,3.0819,-0.0819
260.6,seguindo,normal,6.8678,2.9175,-0.0395,0.1658,0.2053,0.5,5.2788,0.9284,1.0,7.85,3.0819,-0.0825
260.65,seguindo,normal,6.8852,2.9166,-0.0368,0.1999,0.2367,0.5,5.267,89.9909,0.37,7.3,3.0007,-0.0834
260.7,seguindo,normal,6.8968,2.916,-0.035,0.2069,0.2419,0.5,5.2591,89.9909,0.37,7.3,3.0007,-0.084
260.75,seguindo,normal,6.9143,2.9152,-0.0323,0.2179,0.2503,0.5,5.2472,89.9909,0.37,7.3,3.0007,-0.0848
260.8,seguindo,normal,6.9259,2.9147,-0.0305,0.201,0.2315,0.5,5.2393,53.2962,0.37,7.35,3.0011,-0.0853
260.85,seguindo,normal,6.9433,2.914,-0.0278,0.211,0.2389,0.5,5.2275,53.2962,0.37,7.35,3.0011,-0.086
260.9,seguindo,normal,6.9549,2.9135,-0.0261,0.2182,0.2442,0.5,5.2196,53.2962,0.37,7.35,3.0011,-0.0865
260.95,seguindo,normal,6.9723,2.9129,-0.0234,0.2295,0.2529,0.5,5.2077,53.2962,0.37,7.35,3.0011,-0.0871
261.0,seguindo,normal,6.9839,2.9125,-0.0216,0.2117,0.2332,0.5,5.1998,32.0363,0.37,7.4,3.0019,-0.0875
261.05,seguindo,normal,7.0014,2.9119,-0.0189,0.222,0.2409,0.5,5.1879,32.0363,0.37,7.4,3.0019,-0.0881
261.1,seguindo,normal,7.013,2.9116,-0.0171,0.2293,0.2464,0.5,5.18,32.0363,0.37,7.4,3.0019,-0.0885
261.15,seguindo,normal,7.0304,2.9111,-0.0144,0.216,0.2304,0.5,5.1681,19.5771,0.37,7.45,3.0031,-0.089
261.2,seguindo,normal,7.042,2.9108,-0.0126,0.2226,0.2353,0.5,5.1602,19.5771,0.37,7.45,3.0031,-0.0893
261.25,seguindo,normal,7.0595,2.9103,-0.0099,0.2332,0.2432,0.5,5.1484,19.5771,0.37,7.45,3.0031,-0.0897
261.3,seguindo,normal,7.0711,2.9101,-0.0082,0.2407,0.2489,0.5,5.1404,19.5771,0.37,7.45,3.0031,-0.09
261.35,seguindo,normal,7.0885,2.9098,-0.0055,0.2276,0.2331,0.5,5.1286,12.1859,0.37,7.5,3.0051,-0.0903
261.4,seguindo,normal,7.1001,2.9096,-0.0037,0.2345,0.2381,0.5,5.1206,12.1859,0.37,7.5,3.0051,-0.0905
261.45,seguindo,normal,7.1176,2.9093,-0.001,0.2454,0.2464,0.5,5.1088,12.1859,0.37,7.5,3.0051,-0.0908
261.5,seguindo,normal,7.1292,2.9091,0.0008,0.2309,0.2301,0.5,5.1008,7.7443,0.37,7.55,3.0081,-0.091
261.55,seguindo,normal,7.1466,2.909,0.0035,0.2409,0.2375,0.5,5.0889,7.7443,0.37,7.55,3.0081,-0.0912
261.6,seguindo,normal,7.1582,2.9089,0.0053,0.248,0.2428,0.5,5.081,7.7443,0.37,7.55,3.0081,-0.0913
261.65,seguindo,normal,7.1757,2.9088,0.008,0.2401,0.2321,0.5,5.0691,5.0394,0.37,7.6,3.0126,-0.0914
261.7,seguindo,normal,7.1873,2.9087,0.0097,0.2467,0.2369,0.5,5.0612,5.0394,0.37,7.6,3.0126,-0.0915
261.75,seguindo,normal,7.2047,2.9087,0.0124,0.2571,0.2447,0.5,5.0493,5.0394,0.37,7.6,3.0126,-0.0915
261.8,seguindo,normal,7.2164,2.9087,0.0142,0.2646,0.2504,0.5,5.0414,5.0394,0.37,7.6,3.0126,-0.0916
261.85,seguindo,normal,7.2338,2.9088,0.0169,0.2597,0.2428,0.5,5.0295,3.3702,0.37,7.65,3.0193,-0.0916
261.9,seguindo,normal,7.2454,2.9088,0.0187,0.2667,0.248,0.5,5.0216,3.3702,0.37,7.65,3.0193,-0.0916
261.95,seguindo,normal,7.2628,2.909,0.0214,0.2778,0.2564,0.5,5.0097,3.3702,0.37,7.65,3.0193,-0.0915
262.0,seguindo,normal,7.2745,2.9091,0.0232,0.2856,0.2625,0.5,5.0017,3.3702,0.37,7.65,3.0193,-0.0915
262.05,seguindo,normal,7.2919,2.9093,0.0258,0.2852,0.2593,0.5,4.9898,2.3273,0.37,7.7,3.0289,-0.0913
262.1,seguindo,normal,7.3035,2.9094,0.0276,0.2927,0.265,0.5,4.9819,2.3273,0.37,7.7,3.0289,-0.0913
262.15,seguindo,normal,7.321,2.9097,0.0303,0.3046,0.2743,0.5,4.97,2.3273,0.37,7.7,3.0289,-0.0911
262.2,seguindo,normal,7.3326,2.9099,0.0321,0.3066,0.2745,0.5,4.962,1.6696,0.37,7.75,3.0421,-0.091
262.25,seguindo,normal,7.35,2.9103,0.0348,0.3182,0.2834,0.5,4.9501,1.6696,0.37,7.75,3.0421,-0.0908
262.3,seguindo,normal,7.3616,2.9106,0.0366,0.3265,0.2899,0.5,4.9422,1.6696,0.37,7.75,3.0421,-0.0907
262.35,seguindo,normal,7.3791,2.911,0.0393,0.3393,0.3,0.5,4.9303,1.2534,0.37,7.8,3.0596,-0.0905
262.4,seguindo,normal,7.3907,2.9113,0.0411,0.3474,0.3064,0.5,4.9223,1.2534,0.37,7.8,3.0596,-0.0904
262.45,seguindo,normal,7.4081,2.9119,0.0437,0.3604,0.3167,0.5,4.9104,1.2534,0.37,7.8,3.0596,-0.0902
262.5,seguindo,normal,7.4197,2.9122,0.0455,0.3696,0.3241,0.5,4.9025,1.2534,0.37,7.8,3.0596,-0.0901
262.55,seguindo,normal,7.4371,2.9128,0.0482,0.3886,0.3404,0.5,4.8906,0.9924,0.37,7.85,3.0819,-0.09
262.6,seguindo,normal,7.4488,2.9132,0.05,0.3978,0.3478,0.5,4.8826,0.9924,0.37,7.85,3.0819,-0.0898
262.65,seguindo,normal,7.4662,2.9139,0.0527,0.4124,0.3598,0.5,4.8707,0.9924,0.37,7.85,3.0819,-0.0898
262.7,seguindo,normal,7.4778,2.9144,0.0545,0.4228,0.3683,0.5,4.8628,0.9924,0.37,7.85,3.0819,-0.0897
262.75,seguindo,normal,7.4929,2.9146,0.0628,0.4458,0.3829,0.5,4.8528,0.8348,0.37,7.9,3.1091,-0.0901
262.8,seguindo,normal,7.502,2.9144,0.0725,0.455,0.3825,0.5,4.847,0.8348,0.37,7.9,3.1091,-0.0907
262.85,seguindo,normal,7.5159,2.9139,0.0924,0.4702,0.3778,0.5,4.8384,0.8348,0.37,7.9,3.1091,-0.0919
262.9,seguindo,normal,7.525,2.9135,0.109,0.4809,0.3719,0.5,4.8328,0.8348,0.37,7.9,3.1091,-0.0929
262.95,seguindo,normal,7.539,2.9129,0.1375,0.5069,0.3694,0.5,4.8242,0.7502,0.37,7.95,3.1411,-0.0944
263.0,seguindo,normal,7.5484,2.9126,0.1582,0.5174,0.3592,0.5,4.8184,0.7502,0.37,7.95,3.1411,-0.0953
263.05,seguindo,normal,7.5625,2.9123,0.1916,0.5334,0.3418,0.5,4.8096,0.7502,0.37,7.95,3.1411,-0.0966
263.1,seguindo,normal,7.5718,2.9123,0.2148,0.5441,0.3293,0.5,4.8036,0.7502,0.37,7.95,3.1411,-0.0974
263.15,seguindo,normal,7.5856,2.9126,0.2498,0.5601,0.3103,0.5,4.7945,0.716,0.37,7.95,3.1411,-0.0983
263.2,seguindo,normal,7.5947,2.913,0.2732,0.5706,0.2974,0.5,4.7884,0.716,0.37,7.95,3.1411,-0.0987
263.25,seguindo,normal,7.6078,2.914,0.3083,0.5859,0.2776,0.5,4.7793,0.716,0.37,7.95,3.1411,-0.099
263.3,seguindo,normal,7.6163,2.9149,0.3304,0.5957,0.2653,0.5,4.7732,0.716,0.37,7.95,3.1411,-0.0991
263.35,seguindo,normal,7.6292,2.9167,0.3633,0.6104,0.2471,0.5,4.7636,0.716,0.37,7.95,3.1411,-0.099
263.4,seguindo,normal,7.6377,2.9181,0.3849,0.62,0.2351,0.5,4.7571,0.716,0.37,7.95,3.1411,-0.0987
263.45,seguindo,normal,7.6506,2.9207,0.4169,0.6329,0.216,0.5,4.747,0.732,0.37,8.0,3.1771,-0.0978
263.5,seguindo,normal,7.6591,2.9227,0.4379,0.641,0.2031,0.5,4.74,0.732,0.37,8.0,3.1771,-0.097
263.55,seguindo,normal,7.6719,2.9262,0.4689,0.6528,0.184,0.5,4.7293,0.732,0.37,8.0,3.1771,-0.0956
263.6,seguindo,normal,7.6804,2.9287,0.4892,0.6606,0.1714,0.5,4.722,0.732,0.37,8.0,3.1771,-0.0947
263.65,seguindo,normal,7.693,2.9329,0.519,0.6709,0.1519,0.5,4.7107,0.8021,0.37,8.05,3.2163,-0.093
263.7,seguindo,normal,7.7015,2.936,0.5385,0.6773,0.1387,0.5,4.703,0.8021,0.37,8.05,3.2163,-0.0915
263.75,seguindo,normal,7.7141,2.9411,0.5667,0.6863,0.1197,0.5,4.6912,0.8021,0.37,8.05,3.2163,-0.0889
263.8,seguindo,normal,7.7225,2.9448,0.5849,0.6922,0.1073,0.5,4.6831,0.8021,0.37,8.05,3.2163,-0.0871
263.85,seguindo,normal,7.735,2.9507,0.6113,0.7005,0.0892,0.5,4.6706,0.8021,0.37,8.05,3.2163,-0.0846
263.9,seguindo,normal,7.7433,2.9549,0.6284,0.7058,0.0774,0.5,4.6621,0.8021,0.37,8.05,3.2163,-0.0826
263.95,seguindo,normal,7.7558,2.9618,0.6523,0.6252,-0.0271,0.5,4.649,0.848,1.0,8.6,3.5711,-0.0791
264.0,seguindo,normal,7.7641,2.9667,0.6672,0.6261,-0.0412,0.5,4.64,0.848,1.0,8.6,3.5711,-0.0765
264.05,seguindo,normal,7.7765,2.9744,0.6888,0.6271,-0.0617,0.5,4.6263,0.848,1.0,8.6,3.5711,-0.0727
264.1,seguindo,normal,7.7847,2.9797,0.7025,0.6275,-0.075,0.5,4.617,0.848,1.0,8.6,3.5711,-0.0703
264.15,seguindo,normal,7.7969,2.9882,0.7218,0.607,-0.1148,0.5,4.6027,0.747,1.0,8.65,3.5807,-0.0663
264.2,seguindo,normal,7.805,2.9942,0.7338,0.6068,-0.1271,0.5,4.593,0.747,1.0,8.65,3.5807,-0.0634
264.25,seguindo,normal,7.8183,3.0047,0.7472,0.6056,-0.1415,0.5,4.5765,0.747,1.0,8.65,3.5807,-0.0578
264.3,seguindo,normal,7.8274,3.0125,0.7534,0.6045,-0.1489,0.5,4.5648,0.747,1.0,8.65,3.5807,-0.0542
264.35,seguindo,normal,7.8407,3.0245,0.7572,0.602,-0.1551,0.5,4.5471,0.747,1.0,8.65,3.5807,-0.0486
264.4,seguindo,normal,7.8494,3.0327,0.7579,0.7268,-0.0311,0.5,4.5353,1.5717,0.37,8.15,3.3,-0.0447
264.45,seguindo,normal,7.8624,3.045,0.7581,0.7254,-0.0327,0.5,4.5176,1.5717,0.37,8.15,3.3,-0.0387
264.5,seguindo,normal,7.871,3.0532,0.7581,0.7244,-0.0337,0.5,4.5058,1.5717,0.37,8.15,3.3,-0.0353
264.55,seguindo,normal,7.884,3.0654,0.7582,0.7227,-0.0355,0.5,4.4882,1.5717,0.37,8.15,3.3,-0.0307
264.6,seguindo,normal,7.8926,3.0736,0.7583,0.7186,-0.0397,0.5,4.4764,2.3542,0.37,8.2,3.3424,-0.0277
264.65,seguindo,normal,7.9055,3.0857,0.7596,0.717,-0.0426,0.5,4.459,2.3542,0.37,8.2,3.3424,-0.0232
264.7,seguindo,normal,7.9141,3.0937,0.7608,0.716,-0.0448,0.5,4.4474,2.3542,0.37,8.2,3.3424,-0.0206
264.75,seguindo,normal,7.9269,3.1056,0.7631,0.7143,-0.0489,0.5,4.4301,2.3542,0.37,8.2,3.3424,-0.0174
264.8,seguindo,normal,7.9354,3.1136,0.7649,0.7095,-0.0553,0.5,4.4187,4.608,0.37,8.25,3.3837,-0.0153
264.85,seguindo,normal,7.9481,3.1255,0.7678,0.7076,-0.0601,0.5,4.4015,4.608,0.37,8.25,3.3837,-0.0121
264.9,seguindo,normal,7.9565,3.1334,0.7698,0.7062,-0.0635,0.5,4.39,4.608,0.37,8.25,3.3837,-0.01
264.95,seguindo,normal,7.9691,3.1453,0.7728,0.7039,-0.069,0.5,4.3728,4.608,0.37,8.25,3.3837,-0.0077
265.0,seguindo,normal,7.9775,3.1533,0.7749,0.702,-0.0728,0.5,4.3614,4.608,0.37,8.25,3.3837,-0.0062
265.05,seguindo,normal,7.9901,3.1653,0.7779,0.6936,-0.0844,0.5,4.3442,49.236,0.37,8.3,3.4229,-0.0038
265.1,seguindo,normal,7.9985,3.1733,0.78,0.6915,-0.0885,0.5,4.3328,49.236,0.37,8.3,3.4229,-0.0022
265.15,seguindo,normal,8.011,3.1854,0.7829,0.6879,-0.095,0.5,4.3155,49.236,0.37,8.3,3.4229,-0.0002
265.2,seguindo,normal,8.0193,3.1935,0.7848,0.6853,-0.0995,0.5,4.3041,49.236,0.37,8.3,3.4229,0.001
265.25,seguindo,normal,8.0318,3.2057,0.7875,0.6723,-0.1153,0.5,4.2868,5.6257,0.37,8.35,3.4589,0.0029
265.3,seguindo,normal,8.0401,3.2138,0.7893,0.6692,-0.1201,0.5,4.2753,5.6257,0.37,8.35,3.4589,0.0042
265.35,seguindo,normal,8.0525,3.226,0.792,0.6642,-0.1278,0.5,4.258,5.6257,0.37,8.35,3.4589,0.0059
265.4,seguindo,normal,8.0608,3.2342,0.7937,0.6605,-0.1332,0.5,4.2465,5.6257,0.37,8.35,3.4589,0.007
265.45,seguindo,gargalo_centro,8.0731,3.2465,0.7964,0.3821,-0.4143,0.25,4.2292,0.8011,0.945,8.95,3.5989,0.0086
265.5,seguindo,gargalo_centro,8.0814,3.2547,0.7981,0.3772,-0.4209,0.25,4.2177,0.8011,0.9343,8.95,3.5989,0.0097
265.55,seguindo,gargalo_centro,8.0937,3.2671,0.8008,0.3696,-0.4311,0.25,4.2004,0.8011,0.9184,8.95,3.5989,0.0113
265.6,seguindo,gargalo_eixo,8.1019,3.2753,0.8025,0.2244,-0.5781,0.25,4.1888,0.8011,1.4854,9.55,3.6059,0.0123
265.65,seguindo,gargalo_eixo,8.1141,3.2877,0.8052,0.2181,-0.5871,0.25,4.1715,0.8011,1.4707,9.55,3.6059,0.0139
265.7,seguindo,gargalo_eixo,8.1223,3.296,0.807,0.2137,-0.5932,0.25,4.16,0.7352,1.4609,9.55,3.6059,0.0149
265.75,seguindo,gargalo_eixo,8.1345,3.3085,0.8096,0.2071,-0.6025,0.25,4.1427,0.7352,1.4464,9.55,3.6059,0.0165
265.8,seguindo,gargalo_eixo,8.1426,3.3168,0.8114,0.2026,-0.6088,0.25,4.1312,0.7352,1.4368,9.55,3.6059,0.0176
265.85,seguindo,gargalo_eixo,8.1537,3.3288,0.8089,0.1959,-0.613,0.25,4.1149,0.7352,1.4235,9.55,3.6059,0.0196
265.9,seguindo,gargalo_eixo,8.1607,3.3365,0.8055,0.1915,-0.6139,0.25,4.1045,0.7352,1.4151,9.55,3.6059,0.0209
265.95,seguindo,gargalo_eixo,8.171,3.3483,0.7954,0.1847,-0.6107,0.25,4.0889,0.7251,1.4028,9.55,3.6059,0.0233
266.0,seguindo,gargalo_eixo,8.1778,3.3562,0.7868,0.18,-0.6068,0.25,4.0784,0.7251,1.3947,9.55,3.6059,0.0249
266.05,seguindo,gargalo_eixo,8.1873,3.3676,0.7687,0.1731,-0.5956,0.25,4.0637,0.7251,1.3834,9.55,3.6059,0.0275
266.1,seguindo,gargalo_eixo,8.1934,3.375,0.7551,0.1686,-0.5865,0.25,4.0541,0.7251,1.3761,9.55,3.6059,0.0293
266.15,seguindo,gargalo_eixo,8.2025,3.3861,0.7295,0.1617,-0.5679,0.25,4.0397,0.7251,1.3653,9.55,3.6059,0.0321
266.2,seguindo,gargalo_eixo,8.2086,3.3935,0.7107,0.157,-0.5537,0.25,4.0301,0.792,1.3581,9.55,3.6059,0.034
266.25,seguindo,gargalo_eixo,8.2177,3.4047,0.6775,0.1499,-0.5276,0.25,4.0158,0.792,1.3474,9.55,3.6059,0.0367
266.3,seguindo,gargalo_eixo,8.2239,3.412,0.6536,0.1452,-0.5083,0.25,4.0062,0.792,1.3402,9.55,3.6059,0.0384
266.35,seguindo,gargalo_eixo,8.2332,3.423,0.6126,0.1381,-0.4745,0.25,3.9918,0.792,1.3294,9.55,3.6059,0.0413
266.4,seguindo,gargalo_eixo,8.2395,3.4302,0.5835,0.1333,-0.4502,0.25,3.9823,0.792,1.3222,9.55,3.6059,0.043
266.45,seguindo,gargalo_eixo,8.2492,3.4409,0.5348,0.1262,-0.4086,0.25,3.9678,0.7419,1.3112,9.55,3.6059,0.0455
266.5,seguindo,gargalo_eixo,8.2559,3.4479,0.5005,0.1215,-0.379,0.25,3.9582,0.7419,1.3037,9.55,3.6059,0.0469
266.55,seguindo,gargalo_eixo,8.2662,3.4582,0.4465,0.1146,-0.3319,0.25,3.9437,0.7419,1.2922,9.55,3.6059,0.0486
266.6,seguindo,gargalo_eixo,8.2734,3.4648,0.4095,0.1101,-0.2994,0.25,3.9341,0.7419,1.2843,9.55,3.6059,0.0495
266.65,seguindo,gargalo_eixo,8.2848,3.4742,0.3545,0.1037,-0.2508,0.25,3.9198,0.7419,1.272,9.55,3.6059,0.0505
266.7,seguindo,gargalo_eixo,8.2926,3.4801,0.3182,0.0997,-0.2184,0.25,3.9104,0.7419,1.2636,9.55,3.6059,0.0507
266.75,seguindo,gargalo_eixo,8.3049,3.4884,0.2641,0.0941,-0.17,0.25,3.8963,0.7266,1.2506,9.55,3.6059,0.0503
266.8,seguindo,gargalo_eixo,8.3135,3.4935,0.2289,0.0906,-0.1382,0.25,3.8871,0.7266,1.2416,9.55,3.6059,0.0494
266.85,seguindo,gargalo_eixo,8.3267,3.5007,0.1766,0.0858,-0.0907,0.25,3.8734,0.7266,1.2277,9.55,3.6059,0.0477
266.9,seguindo,gargalo_eixo,8.336,3.505,0.1427,0.083,-0.0598,0.25,3.8645,0.7266,1.2182,9.55,3.6059,0.0464
266.95,seguindo,gargalo_eixo,8.3502,3.5108,0.093,0.0791,-0.0138,0.25,3.8513,0.7266,1.2035,9.55,3.6059,0.0436
267.0,seguindo,gargalo_eixo,8.36,3.5142,0.0611,0.0769,0.0158,0.25,3.8426,0.781,1.1934,9.55,3.6059,0.0412
267.05,seguindo,gargalo_eixo,8.3756,3.5185,0.017,0.0743,0.0574,0.25,3.83,0.781,1.1776,9.55,3.6059,0.0364
267.1,seguindo,gargalo_eixo,8.3864,3.5207,-0.0103,0.0731,0.0834,0.25,3.8217,0.781,1.1666,9.55,3.6059,0.0327
267.15,seguindo,gargalo_eixo,8.4034,3.5233,-0.0473,0.072,0.1193,0.25,3.8097,0.781,1.1496,9.55,3.6059,0.0268
267.2,seguindo,gargalo_eixo,8.415,3.5244,-0.0697,0.0717,0.1414,0.25,3.8019,0.9101,1.1379,9.55,3.6059,0.0223
267.25,seguindo,gargalo_eixo,8.4319,3.5254,-0.0997,0.0719,0.1716,0.25,3.7912,0.9101,1.121,9.55,3.6059,0.0151
267.3,seguindo,gargalo_eixo,8.4427,3.5259,-0.1202,0.0721,0.1923,0.25,3.7845,0.9101,1.1102,9.55,3.6059,0.0103
267.35,seguindo,gargalo_eixo,8.4586,3.5259,-0.1458,0.0732,0.219,0.25,3.7752,0.9101,1.0943,9.55,3.6059,0.0036
267.4,seguindo,gargalo_eixo,8.4692,3.5255,-0.1605,0.0743,0.2348,0.25,3.7694,0.9101,1.0838,9.55,3.6059,-0.0011
267.45,seguindo,gargalo_eixo,8.4848,3.5241,-0.1757,0.0767,0.2524,0.25,3.7616,1.1353,1.0683,9.55,3.6059,-0.0087
267.5,seguindo,gargalo_eixo,8.4951,3.5228,-0.1832,0.0786,0.2618,0.25,3.7566,1.1353,1.0581,9.55,3.6059,-0.0141
267.55,seguindo,gargalo_eixo,8.5104,3.5203,-0.1876,0.0822,0.2698,0.25,3.75,1.1353,1.043,9.55,3.6059,-0.0224
267.6,seguindo,gargalo_eixo,8.5205,3.5184,-0.1879,0.0848,0.2727,0.25,3.7458,1.1353,1.0331,9.55,3.6059,-0.0276
267.651,seguindo,gargalo_eixo,8.5356,3.5151,-0.1824,0.0893,0.2717,0.25,3.7399,1.1353,1.0184,9.55,3.6059,-0.0356
267.7,seguindo,gargalo_eixo,8.5456,3.5128,-0.1762,0.0924,0.2687,0.25,3.7362,1.4983,1.0087,9.55,3.6059,-0.0411
267.75,seguindo,gargalo_eixo,8.5607,3.5091,-0.1633,0.0975,0.2608,0.25,3.7308,1.4983,0.994,9.55,3.6059,-0.0496
267.8,seguindo,gargalo_eixo,8.5707,3.5067,-0.1533,0.101,0.2543,0.25,3.7272,1.4983,0.9843,9.55,3.6059,-0.0548
267.85,seguindo,gargalo_eixo,8.5859,3.5033,-0.1388,0.1061,0.2448,0.25,3.7216,1.4983,0.9695,9.55,3.6059,-0.062
267.9,seguindo,gargalo_eixo,8.5961,3.5011,-0.1293,0.1094,0.2387,0.25,3.7177,2.0711,0.9596,9.55,3.6059,-0.0667
267.95,seguindo,gargalo_eixo,8.6111,3.4979,-0.1129,0.1145,0.2274,0.25,3.7121,2.0711,0.945,9.55,3.6059,-0.0736
268.0,seguindo,gargalo_eixo,8.6211,3.4959,-0.1013,0.1179,0.2192,0.25,3.7083,2.0711,0.9354,9.55,3.6059,-0.0778
268.05,seguindo,gargalo_eixo,8.6353,3.4928,-0.0796,0.123,0.2026,0.25,3.7032,2.0711,0.9217,9.55,3.6059,-0.0835
268.1,seguindo,gargalo_eixo,8.6445,3.4909,-0.0634,0.1264,0.1898,0.25,3.6998,2.9761,0.9127,9.55,3.6059,-0.0872
268.15,seguindo,gargalo_eixo,8.6556,3.4885,-0.0419,0.1305,0.1724,0.25,3.6958,2.9761,0.902,9.55,3.6059,-0.0915
268.2,seguindo,gargalo_eixo,8.6618,3.4871,-0.0276,0.1329,0.1605,0.25,3.6936,2.9761,0.8961,9.55,3.6059,-0.0941
268.25,seguindo,gargalo_eixo,8.6681,3.4857,-0.0118,0.1355,0.1472,0.25,3.6914,2.9761,0.89,9.55,3.6059,-0.0965
268.3,seguindo,gargalo_eixo,8.671,3.4851,-0.0045,0.1366,0.1411,0.25,3.6904,2.9761,0.8872,9.55,3.6059,-0.0975
268.35,seguindo,gargalo_eixo,8.6725,3.4847,0.0011,0.1373,0.1362,0.25,3.69,2.9761,0.8858,9.55,3.6059,-0.0981
268.4,seguindo,gargalo_eixo,8.6722,3.4846,0.0019,0.1374,0.1355,0.25,3.6902,2.9761,0.8861,9.55,3.6059,-0.0982
268.45,seguindo,gargalo_eixo,8.6689,3.4846,0.0014,0.1368,0.1354,0.25,3.6919,2.9761,0.8894,9.55,3.6059,-0.0977
268.5,seguindo,gargalo_eixo,8.6653,3.4847,0.0002,0.1362,0.136,0.25,3.6938,2.9761,0.8929,9.55,3.6059,-0.0971
268.55,seguindo,gargalo_eixo,8.6572,3.4848,-0.0013,0.1348,0.1361,0.25,3.698,2.9761,0.901,9.55,3.6059,-0.0955
268.6,seguindo,gargalo_eixo,8.6505,3.4849,-0.0022,0.1337,0.1359,0.25,3.7016,2.9761,0.9076,9.55,3.6059,-0.0941
268.65,seguindo,gargalo_eixo,8.64,3.4851,-0.0033,0.1321,0.1354,0.25,3.7072,2.0711,0.918,9.55,3.6059,-0.092
268.7,seguindo,gargalo_eixo,8.6328,3.4851,-0.004,0.1309,0.1349,0.25,3.711,2.0711,0.9251,9.55,3.6059,-0.0906
268.75,seguindo,gargalo_eixo,8.6242,3.4852,-0.0048,0.1296,0.1345,0.25,3.7156,2.0711,0.9336,9.55,3.6059,-0.0889
268.8,seguindo,gargalo_eixo,8.6195,3.4853,-0.0052,0.1289,0.1342,0.25,3.7181,2.0711,0.9382,9.55,3.6059,-0.0879
268.85,seguindo,gargalo_eixo,8.6143,3.4854,-0.0057,0.1281,0.1339,0.25,3.7209,2.0711,0.9434,9.55,3.6059,-0.0865
268.9,seguindo,gargalo_eixo,8.6116,3.4854,-0.006,0.1277,0.1337,0.25,3.7224,2.0711,0.9461,9.55,3.6059,-0.0858
268.95,seguindo,gargalo_eixo,8.6096,3.4854,-0.0062,0.1275,0.1336,0.25,3.7234,2.0711,0.948,9.55,3.6059,-0.0853
269.0,seguindo,gargalo_eixo,8.6092,3.4854,-0.0062,0.1274,0.1336,0.25,3.7236,2.0711,0.9484,9.55,3.6059,-0.0852
269.05,seguindo,gargalo_eixo,8.609,3.4854,-0.0063,0.1274,0.1336,0.25,3.7237,2.0711,0.9486,9.55,3.6059,-0.0851
269.1,seguindo,gargalo_eixo,8.609,3.4854,-0.0063,0.1274,0.1336,0.25,3.7237,2.0711,0.9486,9.55,3.6059,-0.0851
269.15,seguindo,gargalo_eixo,8.609,3.4854,-0.0063,0.1274,0.1336,0.25,3.7237,2.0711,0.9486,9.55,3.6059,-0.0851
269.2,seguindo,gargalo_eixo,8.609,3.4854,-0.0063,0.1274,0.1336,0.25,3.7237,2.0711,0.9486,9.55,3.6059,-0.0851
269.25,seguindo,gargalo_eixo,8.609,3.4854,-0.0063,0.1274,0.1336,0.25,3.7237,2.0711,0.9486,9.55,3.6059,-0.0851
269.3,seguindo,gargalo_eixo,8.609,3.4854,-0.0063,0.1274,0.1336,0.25,3.7237,2.0711,0.9486,9.55,3.6059,-0.0851
269.35,seguindo,gargalo_eixo,8.609,3.4854,-0.0063,0.1274,0.1336,0.25,3.7237,2.0711,0.9486,9.55,3.6059,-0.0851
269.4,seguindo,gargalo_eixo,8.609,3.4854,-0.0063,0.1274,0.1336,0.25,3.7237,2.0711,0.9486,9.55,3.6059,-0.0851
269.45,seguindo,gargalo_eixo,8.609,3.4854,-0.0063,0.1274,0.1336,0.25,3.7237,2.0711,0.9486,9.55,3.6059,-0.0851
269.5,seguindo,gargalo_eixo,8.609,3.4854,-0.0063,0.1274,0.1336,0.25,3.7237,2.0711,0.9486,9.55,3.6059,-0.0851
269.55,seguindo,gargalo_eixo,8.609,3.4854,-0.0063,0.1274,0.1336,0.25,3.7237,2.0711,0.9486,9.55,3.6059,-0.0851
269.6,seguindo,gargalo_eixo,8.609,3.4854,-0.0063,0.1274,0.1336,0.25,3.7237,2.0711,0.9486,9.55,3.6059,-0.0851
269.65,seguindo,gargalo_eixo,8.609,3.4854,-0.0063,0.1274,0.1336,0.25,3.7237,2.0711,0.9486,9.55,3.6059,-0.0851
269.7,seguindo,gargalo_eixo,8.609,3.4854,-0.0063,0.1274,0.1336,0.25,3.7237,2.0711,0.9486,9.55,3.6059,-0.0851
269.75,seguindo,gargalo_eixo,8.609,3.4854,-0.0063,0.1274,0.1336,0.25,3.7237,2.0711,0.9486,9.55,3.6059,-0.0851
269.8,seguindo,gargalo_eixo,8.609,3.4854,-0.0063,0.1274,0.1336,0.25,3.7237,2.0711,0.9486,9.55,3.6059,-0.0851
269.85,seguindo,gargalo_eixo,8.609,3.4854,-0.0063,0.1274,0.1336,0.25,3.7237,2.0711,0.9486,9.55,3.6059,-0.0851
269.9,seguindo,gargalo_eixo,8.609,3.4854,-0.0063,0.1274,0.1336,0.25,3.7237,2.0711,0.9486,9.55,3.6059,-0.0851
269.95,seguindo,gargalo_eixo,8.609,3.4854,-0.0063,0.1274,0.1336,0.25,3.7237,2.0711,0.9486,9.55,3.6059,-0.0851
270.0,seguindo,gargalo_eixo,8.609,3.4854,-0.0063,0.1274,0.1336,0.25,3.7237,2.0711,0.9486,9.55,3.6059,-0.0851
270.05,seguindo,gargalo_eixo,8.609,3.4854,-0.0063,0.1274,0.1336,0.25,3.7237,2.0711,0.9486,9.55,3.6059,-0.0851
270.1,seguindo,gargalo_eixo,8.609,3.4854,-0.0063,0.1274,0.1336,0.25,3.7237,2.0711,0.9486,9.55,3.6059,-0.0851
270.15,seguindo,gargalo_eixo,8.609,3.4854,-0.0063,0.1274,0.1336,0.25,3.7237,2.0711,0.9486,9.55,3.6059,-0.0851
270.2,seguindo,gargalo_eixo,8.609,3.4854,-0.0063,0.1274,0.1336,0.25,3.7237,2.0711,0.9486,9.55,3.6059,-0.0851
270.25,seguindo,gargalo_eixo,8.609,3.4854,-0.0063,0.1274,0.1336,0.25,3.7237,2.0711,0.9486,9.55,3.6059,-0.0851
270.3,seguindo,gargalo_eixo,8.609,3.4854,-0.0063,0.1274,0.1336,0.25,3.7237,2.0711,0.9486,9.55,3.6059,-0.0851
270.35,seguindo,gargalo_eixo,8.609,3.4854,-0.0063,0.1274,0.1336,0.25,3.7237,2.0711,0.9486,9.55,3.6059,-0.0851
270.4,seguindo,gargalo_eixo,8.609,3.4854,-0.0063,0.1274,0.1336,0.25,3.7237,2.0711,0.9486,9.55,3.6059,-0.0851
270.45,seguindo,gargalo_eixo,8.609,3.4854,-0.0063,0.1274,0.1336,0.25,3.7237,2.0711,0.9486,9.55,3.6059,-0.0851
270.5,seguindo,gargalo_eixo,8.609,3.4854,-0.0063,0.1274,0.1336,0.25,3.7237,2.0711,0.9486,9.55,3.6059,-0.0851
270.55,seguindo,gargalo_eixo,8.609,3.4854,-0.0063,0.1274,0.1336,0.25,3.7237,2.0711,0.9486,9.55,3.6059,-0.0851
270.6,seguindo,gargalo_eixo,8.609,3.4854,-0.0063,0.1274,0.1336,0.25,3.7237,2.0711,0.9486,9.55,3.6059,-0.0851
270.65,seguindo,gargalo_eixo,8.609,3.4854,-0.0063,0.1274,0.1336,0.25,3.7237,2.0711,0.9486,9.55,3.6059,-0.0851
270.7,seguindo,gargalo_eixo,8.609,3.4854,-0.0063,0.1274,0.1336,0.25,3.7237,2.0711,0.9486,9.55,3.6059,-0.0851
270.75,seguindo,gargalo_eixo,8.609,3.4854,-0.0063,0.1274,0.1336,0.25,3.7237,2.0711,0.9486,9.55,3.6059,-0.0851
270.8,seguindo,gargalo_eixo,8.609,3.4854,-0.0063,0.1274,0.1336,0.25,3.7237,2.0711,0.9486,9.55,3.6059,-0.0851
270.85,seguindo,gargalo_eixo,8.609,3.4854,-0.0063,0.1274,0.1336,0.25,3.7237,2.0711,0.9486,9.55,3.6059,-0.0851
270.9,seguindo,gargalo_eixo,8.609,3.4854,-0.0063,0.1274,0.1336,0.25,3.7237,2.0711,0.9486,9.55,3.6059,-0.0851
270.95,seguindo,gargalo_eixo,8.609,3.4854,-0.0063,0.1274,0.1336,0.25,3.7237,2.0711,0.9486,9.55,3.6059,-0.0851
271.0,seguindo,gargalo_eixo,8.609,3.4854,-0.0063,0.1274,0.1336,0.25,3.7237,2.0711,0.9486,9.55,3.6059,-0.0851
271.05,seguindo,gargalo_eixo,8.609,3.4854,-0.0063,0.1274,0.1336,0.25,3.7237,2.0711,0.9486,9.55,3.6059,-0.0851
271.1,seguindo,gargalo_eixo,8.609,3.4854,-0.0063,0.1274,0.1336,0.25,3.7237,2.0711,0.9486,9.55,3.6059,-0.0851
271.15,seguindo,gargalo_eixo,8.609,3.4854,-0.0063,0.1274,0.1336,0.25,3.7237,2.0711,0.9486,9.55,3.6059,-0.0851
271.2,seguindo,gargalo_eixo,8.609,3.4854,-0.0063,0.1274,0.1336,0.25,3.7237,2.0711,0.9486,9.55,3.6059,-0.0851
271.25,seguindo,gargalo_eixo,8.609,3.4854,-0.0063,0.1274,0.1336,0.25,3.7237,2.0711,0.9486,9.55,3.6059,-0.0851
271.3,seguindo,gargalo_eixo,8.609,3.4854,-0.0063,0.1274,0.1336,0.25,3.7237,2.0711,0.9486,9.55,3.6059,-0.0851
271.35,seguindo,gargalo_eixo,8.609,3.4854,-0.0063,0.1274,0.1336,0.25,3.7237,2.0711,0.9486,9.55,3.6059,-0.0851
271.4,seguindo,gargalo_eixo,8.609,3.4854,-0.0063,0.1274,0.1336,0.25,3.7237,2.0711,0.9486,9.55,3.6059,-0.0851
271.45,seguindo,gargalo_eixo,8.609,3.4854,-0.0063,0.1274,0.1336,0.25,3.7237,2.0711,0.9486,9.55,3.6059,-0.0851
271.5,seguindo,gargalo_eixo,8.609,3.4854,-0.0063,0.1274,0.1336,0.25,3.7237,2.0711,0.9486,9.55,3.6059,-0.0851
271.55,seguindo,gargalo_eixo,8.609,3.4854,-0.0063,0.1274,0.1336,0.25,3.7237,2.0711,0.9486,9.55,3.6059,-0.0851
271.6,seguindo,gargalo_eixo,8.609,3.4854,-0.0063,0.1274,0.1336,0.25,3.7237,2.0711,0.9486,9.55,3.6059,-0.0851
271.65,seguindo,gargalo_eixo,8.609,3.4854,-0.0063,0.1274,0.1336,0.25,3.7237,2.0711,0.9486,9.55,3.6059,-0.0851
271.7,seguindo,gargalo_eixo,8.609,3.4854,-0.0063,0.1274,0.1336,0.25,3.7237,2.0711,0.9486,9.55,3.6059,-0.0851
271.75,seguindo,gargalo_eixo,8.609,3.4854,-0.0063,0.1274,0.1336,0.25,3.7237,2.0711,0.9486,9.55,3.6059,-0.0851
271.8,seguindo,gargalo_eixo,8.609,3.4854,-0.0063,0.1274,0.1336,0.25,3.7237,2.0711,0.9486,9.55,3.6059,-0.0851
271.85,seguindo,gargalo_eixo,8.609,3.4854,-0.0063,0.1274,0.1336,0.25,3.7237,2.0711,0.9486,9.55,3.6059,-0.0851
271.9,seguindo,gargalo_eixo,8.609,3.4854,-0.0063,0.1274,0.1336,0.25,3.7237,2.0711,0.9486,9.55,3.6059,-0.0851
271.95,seguindo,gargalo_eixo,8.609,3.4854,-0.0063,0.1274,0.1336,0.25,3.7237,2.0711,0.9486,9.55,3.6059,-0.0851
272.0,re,,8.609,3.4854,-0.0063,-0.0063,0.0,-0.203,3.7237,inf,,,,0.0
272.05,re,,8.609,3.4854,-0.0063,-0.0063,0.0,-0.203,3.7237,inf,,,,0.0
272.1,re,,8.609,3.4854,-0.0063,-0.0063,0.0,-0.203,3.7237,inf,,,,0.0
272.15,re,,8.609,3.4854,-0.0063,-0.0063,0.0,-0.203,3.7237,inf,,,,0.0
272.2,re,,8.609,3.4854,-0.0063,-0.0063,0.0,-0.203,3.7237,inf,,,,0.0
272.25,re,,8.609,3.4854,-0.0063,-0.0063,0.0,-0.203,3.7237,inf,,,,0.0
272.3,re,,8.609,3.4854,-0.0063,-0.0063,0.0,-0.203,3.7237,inf,,,,0.0
272.35,re,,8.609,3.4854,-0.0063,-0.0063,0.0,-0.203,3.7237,inf,,,,0.0
272.4,re,,8.609,3.4854,-0.0063,-0.0063,0.0,-0.203,3.7237,inf,,,,0.0
272.45,re,,8.606,3.4855,-0.0073,-0.0073,0.0,-0.203,3.7253,inf,,,,0.0
272.5,re,,8.6027,3.4857,-0.0085,-0.0085,0.0,-0.203,3.727,inf,,,,0.0
272.55,re,,8.5949,3.4859,-0.0102,-0.0102,0.0,-0.203,3.7311,inf,,,,0.0
272.6,re,,8.5884,3.486,-0.0114,-0.0114,0.0,-0.203,3.7346,inf,,,,0.0
272.65,re,,8.5757,3.4863,-0.0131,-0.0131,0.0,-0.203,3.7413,inf,,,,0.0
272.7,re,,8.5661,3.4866,-0.0143,-0.0143,0.0,-0.203,3.7465,inf,,,,0.0
272.75,re,,8.5496,3.487,-0.0161,-0.0161,0.0,-0.203,3.7554,inf,,,,0.0
272.8,re,,8.5378,3.4872,-0.0171,-0.0171,0.0,-0.203,3.7617,inf,,,,0.0
272.85,re,,8.5203,3.4877,-0.0186,-0.0186,0.0,-0.203,3.7713,inf,,,,0.0
272.9,re,,8.5086,3.488,-0.0195,-0.0195,0.0,-0.203,3.7776,inf,,,,0.0
272.95,re,,8.4911,3.4884,-0.0202,-0.0202,0.0,-0.203,3.7872,inf,,,,0.0
273.0,re,,8.4795,3.4886,-0.0205,-0.0205,0.0,-0.203,3.7936,inf,,,,0.0
273.05,re,,8.4622,3.489,-0.02,-0.02,0.0,-0.203,3.8033,inf,,,,0.0
273.1,re,,8.4507,3.4891,-0.0194,-0.0194,0.0,-0.203,3.8098,inf,,,,0.0
273.15,re,,8.4336,3.4893,-0.0177,-0.0177,0.0,-0.203,3.8195,inf,,,,0.0
273.2,re,,8.4223,3.4894,-0.0164,-0.0164,0.0,-0.203,3.826,inf,,,,0.0
273.25,re,,8.4053,3.4895,-0.0139,-0.0139,0.0,-0.203,3.8359,inf,,,,0.0
273.3,re,,8.394,3.4894,-0.012,-0.012,0.0,-0.203,3.8425,inf,,,,0.0
273.35,re,,8.3771,3.4894,-0.0091,-0.0091,0.0,-0.203,3.8525,inf,,,,0.0
273.4,re,,8.3659,3.4893,-0.007,-0.007,0.0,-0.203,3.8592,inf,,,,0.0
273.45,re,,8.349,3.4892,-0.004,-0.004,0.0,-0.203,3.8694,inf,,,,0.0
273.5,re,,8.3377,3.489,-0.0021,-0.0021,0.0,-0.203,3.8762,inf,,,,0.0
273.55,re,,8.3209,3.4888,0.0009,0.0009,0.0,-0.203,3.8864,inf,,,,0.0
273.6,re,,8.3096,3.4886,0.0028,0.0028,0.0,-0.203,3.8933,inf,,,,0.0
273.7,seguindo,gargalo_eixo,8.2814,3.4881,0.0076,0.0926,0.085,0.25,3.9108,0.7419,1.274,9.55,3.6059,0.0637
273.75,seguindo,gargalo_eixo,8.2645,3.4877,0.0105,0.0917,0.0812,0.25,3.9213,0.7419,1.2909,9.55,3.6059,0.0733
273.8,seguindo,gargalo_eixo,8.2476,3.4873,0.0134,0.0909,0.0775,0.25,3.932,0.7419,1.3077,9.55,3.6059,0.0829
273.85,seguindo,gargalo_eixo,8.2364,3.4869,0.0153,0.0903,0.075,0.25,3.9391,0.7419,1.319,9.55,3.6059,0.0896
273.9,seguindo,gargalo_eixo,8.2251,3.4866,0.0172,0.0898,0.0726,0.25,3.9463,0.7419,1.3302,9.55,3.6059,0.0963
273.95,seguindo,gargalo_eixo,8.2082,3.4861,0.0201,0.0891,0.069,0.25,3.9571,0.792,1.3471,9.55,3.6059,0.1063
274.0,seguindo,gargalo_eixo,8.1969,3.4857,0.022,0.0886,0.0667,0.25,3.9644,0.792,1.3584,9.55,3.6059,0.113
274.05,seguindo,gargalo_eixo,8.18,3.485,0.0248,0.088,0.0632,0.25,3.9754,0.792,1.3752,9.55,3.6059,0.1229
274.1,seguindo,gargalo_eixo,8.1688,3.4846,0.0267,0.0876,0.0609,0.25,3.9827,0.792,1.3865,9.55,3.6059,0.1295
274.151,seguindo,gargalo_eixo,8.1519,3.4839,0.0296,0.0871,0.0575,0.25,3.9938,0.792,1.4034,9.55,3.6059,0.1397
274.2,seguindo,gargalo_eixo,8.1406,3.4834,0.0315,0.0867,0.0552,0.25,4.0013,0.792,1.4146,9.55,3.6059,0.1465
274.25,seguindo,gargalo_eixo,8.1265,3.483,0.0305,0.0861,0.0556,0.25,4.0104,0.792,1.4288,9.55,3.6059,0.1552
274.3,seguindo,gargalo_eixo,8.1144,3.4831,0.0257,0.0854,0.0597,0.25,4.018,0.7251,1.4408,9.55,3.6059,0.163
274.35,seguindo,gargalo_eixo,8.1091,3.483,0.0249,0.0851,0.0602,0.25,4.0214,0.7251,1.4461,9.55,3.6059,0.1663
274.4,seguindo,gargalo_eixo,8.1042,3.4829,0.0249,0.0849,0.06,0.25,4.0246,0.7251,1.451,9.55,3.6059,0.1693
274.45,seguindo,gargalo_eixo,8.0996,3.4828,0.0249,0.0847,0.0598,0.25,4.0276,0.7251,1.4555,9.55,3.6059,0.1721
274.5,seguindo,gargalo_eixo,8.098,3.4828,0.0249,0.0846,0.0598,0.25,4.0287,0.7251,1.4572,9.55,3.6059,0.1732
274.55,seguindo,gargalo_eixo,8.0982,3.4825,0.0286,0.0848,0.0562,0.25,4.0287,0.7251,1.457,9.55,3.6059,0.1728
274.6,seguindo,gargalo_eixo,8.0998,3.4821,0.0337,0.0852,0.0514,0.25,4.028,0.7251,1.4555,9.55,3.6059,0.1715
274.65,seguindo,gargalo_eixo,8.1048,3.4814,0.0446,0.0859,0.0413,0.25,4.0253,0.7251,1.4505,9.55,3.6059,0.1678
274.7,seguindo,gargalo_eixo,8.1096,3.4809,0.0539,0.0866,0.0327,0.25,4.0228,0.7251,1.4458,9.55,3.6059,0.1644
274.75,seguindo,gargalo_eixo,8.1194,3.4805,0.066,0.0874,0.0214,0.25,4.0169,0.7251,1.4361,9.55,3.6059,0.1578
274.8,seguindo,gargalo_eixo,8.1272,3.4806,0.0724,0.0879,0.0155,0.25,4.0119,0.7251,1.4283,9.55,3.6059,0.1529
274.85,seguindo,gargalo_eixo,8.1417,3.4813,0.0776,0.0883,0.0107,0.25,4.0023,0.792,1.4138,9.55,3.6059,0.1442
274.9,seguindo,gargalo_eixo,8.1528,3.4821,0.078,0.0884,0.0104,0.25,3.9947,0.792,1.4027,9.55,3.6059,0.1378
274.95,seguindo,gargalo_eixo,8.171,3.4838,0.0741,0.0883,0.0142,0.25,3.9819,0.792,1.3843,9.55,3.6059,0.1275
275.0,seguindo,gargalo_eixo,8.1839,3.4851,0.0693,0.0882,0.0189,0.25,3.9729,0.792,1.3714,9.55,3.6059,0.1206
275.055,seguindo,gargalo_eixo,8.1954,3.4862,0.0661,0.0882,0.022,0.25,3.965,0.792,1.3598,9.55,3.6059,0.1143
275.1,seguindo,gargalo_eixo,8.2099,3.4871,0.0662,0.0884,0.0222,0.25,3.9552,0.7419,1.3453,9.55,3.6059,0.1061
275.15,seguindo,gargalo_eixo,8.2265,3.4882,0.0663,0.0887,0.0224,0.25,3.9442,0.7419,1.3287,9.55,3.6059,0.0968
275.2,seguindo,gargalo_eixo,8.2383,3.489,0.0663,0.0889,0.0226,0.25,3.9363,0.7419,1.3168,9.55,3.6059,0.0901
275.25,seguindo,gargalo_eixo,8.2554,3.4898,0.0712,0.0895,0.0183,0.25,3.9253,0.7419,1.2998,9.55,3.6059,0.0803
275.3,seguindo,gargalo_eixo,8.2664,3.4902,0.0763,0.0899,0.0136,0.25,3.9182,0.7419,1.2888,9.55,3.6059,0.0742
275.35,seguindo,gargalo_eixo,8.2822,3.4904,0.0889,0.0908,0.002,0.25,3.9084,0.7419,1.273,9.55,3.6059,0.0652
275.4,seguindo,gargalo_eixo,8.2925,3.4906,0.0992,0.0915,-0.0077,0.25,3.9021,0.7266,1.2627,9.55,3.6059,0.0593
275.45,seguindo,gargalo_eixo,8.3079,3.4909,0.1151,0.0923,-0.0228,0.25,3.8925,0.7266,1.2474,9.55,3.6059,0.0505
275.5,seguindo,gargalo_eixo,8.3182,3.4913,0.1258,0.0928,-0.033,0.25,3.8861,0.7266,1.2371,9.55,3.6059,0.0449
275.55,seguindo,gargalo_eixo,8.3335,3.492,0.1417,0.0934,-0.0484,0.25,3.8763,0.7266,1.2217,9.55,3.6059,0.0368
275.6,seguindo,gargalo_eixo,8.3438,3.4927,0.1521,0.0936,-0.0585,0.25,3.8696,0.7266,1.2114,9.55,3.6059,0.0318
275.65,seguindo,gargalo_eixo,8.3592,3.4939,0.1681,0.0938,-0.0743,0.25,3.8595,0.7266,1.196,9.55,3.6059,0.0245
275.7,seguindo,gargalo_eixo,8.3694,3.4947,0.1789,0.0939,-0.085,0.25,3.8528,0.781,1.1858,9.55,3.6059,0.0197
275.75,seguindo,gargalo_eixo,8.3847,3.4963,0.1951,0.0938,-0.1013,0.25,3.8425,0.781,1.1704,9.55,3.6059,0.0128
275.8,seguindo,gargalo_eixo,8.3949,3.4975,0.2056,0.0936,-0.112,0.25,3.8355,0.781,1.1602,9.55,3.6059,0.0083
275.85,seguindo,gargalo_eixo,8.4102,3.4995,0.2209,0.0931,-0.1278,0.25,3.8248,0.781,1.1447,9.55,3.6059,0.0027
275.9,seguindo,gargalo_eixo,8.4205,3.5011,0.2307,0.0926,-0.1382,0.25,3.8176,0.781,1.1343,9.55,3.6059,-0.0009
275.95,seguindo,gargalo_eixo,8.4359,3.5036,0.245,0.0916,-0.1535,0.25,3.8065,0.9101,1.1187,9.55,3.6059,-0.006
276.0,seguindo,gargalo_eixo,8.4463,3.5055,0.2543,0.0908,-0.1635,0.25,3.799,0.9101,1.1083,9.55,3.6059,-0.0093
276.05,seguindo,gargalo_eixo,8.4617,3.5084,0.2679,0.0893,-0.1786,0.25,3.7876,0.9101,1.0926,9.55,3.6059,-0.0136
276.1,seguindo,gargalo_eixo,8.472,3.5105,0.277,0.0883,-0.1888,0.25,3.78,0.9101,1.0822,9.55,3.6059,-0.0159
276.15,seguindo,gargalo_eixo,8.4874,3.5139,0.2907,0.0864,-0.2043,0.25,3.7684,1.1353,1.0665,9.55,3.6059,-0.0191
276.2,seguindo,gargalo_eixo,8.4976,3.5162,0.2998,0.085,-0.2147,0.25,3.7606,1.1353,1.0561,9.55,3.6059,-0.0212
276.25,seguindo,gargalo_eixo,8.5129,3.5199,0.3135,0.0828,-0.2307,0.25,3.7489,1.1353,1.0406,9.55,3.6059,-0.0237
276.3,seguindo,gargalo_eixo,8.5231,3.5224,0.3226,0.0811,-0.2415,0.25,3.741,1.1353,1.0302,9.55,3.6059,-0.0246
276.35,seguindo,gargalo_eixo,8.5383,3.5264,0.3365,0.0784,-0.2581,0.25,3.7291,1.4983,1.0148,9.55,3.6059,-0.0258
276.4,seguindo,gargalo_eixo,8.5484,3.5292,0.3458,0.0764,-0.2694,0.25,3.7211,1.4983,1.0045,9.55,3.6059,-0.0266
276.45,seguindo,gargalo_eixo,8.5635,3.5336,0.3599,0.0732,-0.2866,0.25,3.709,1.4983,0.9891,9.55,3.6059,-0.027
276.5,seguindo,gargalo_eixo,8.5735,3.5366,0.3693,0.0709,-0.2983,0.25,3.7009,1.4983,0.9789,9.55,3.6059,-0.0266
276.55,seguindo,gargalo_eixo,8.5884,3.5412,0.3834,0.0672,-0.3162,0.25,3.6887,2.0711,0.9637,9.55,3.6059,-0.0259
276.6,seguindo,gargalo_eixo,8.5984,3.5444,0.3929,0.0645,-0.3284,0.25,3.6804,2.0711,0.9536,9.55,3.6059,-0.0254
276.65,seguindo,gargalo_eixo,8.6132,3.5495,0.4071,0.0602,-0.3469,0.25,3.668,2.0711,0.9385,9.55,3.6059,-0.0237
276.7,seguindo,gargalo_eixo,8.6231,3.5529,0.4165,0.0571,-0.3594,0.25,3.6597,2.0711,0.9284,9.55,3.6059,-0.0222
276.75,seguindo,gargalo_eixo,8.6378,3.5583,0.4307,0.0522,-0.3785,0.25,3.6471,2.9761,0.9134,9.55,3.6059,-0.0197
276.8,seguindo,gargalo_eixo,8.6475,3.562,0.4401,0.0486,-0.3915,0.25,3.6386,2.9761,0.9035,9.55,3.6059,-0.0179
276.85,seguindo,gargalo_eixo,8.6626,3.5683,0.4504,0.0424,-0.4079,0.25,3.6251,2.9761,0.8881,9.55,3.6059,-0.014
276.9,seguindo,gargalo_eixo,8.6728,3.5728,0.4549,0.0378,-0.4171,0.25,3.6157,2.9761,0.8778,9.55,3.6059,-0.0108
276.95,seguindo,gargalo_eixo,8.6877,3.5799,0.4563,0.0301,-0.4262,0.25,3.6016,2.046,0.8627,9.55,3.6059,-0.0057
277.0,seguindo,gargalo_eixo,8.6975,3.5848,0.4555,0.0248,-0.4307,0.25,3.5922,1.9262,0.8528,9.55,3.6059,-0.0022
277.05,seguindo,gargalo_eixo,8.7118,3.5924,0.4492,0.0162,-0.433,0.25,3.5781,1.4923,0.8383,9.55,3.6059,0.0039
277.1,seguindo,gargalo_eixo,8.7212,3.5974,0.4432,0.0103,-0.4329,0.25,3.5687,1.121,0.8288,9.55,3.6059,0.0081
277.15,seguindo,gargalo_eixo,8.7352,3.6052,0.4292,0.0009,-0.4283,0.25,3.5547,0.3775,0.8148,9.55,3.6059,0.0145
277.2,seguindo,gargalo_eixo,8.7444,3.6103,0.4181,-0.0055,-0.4235,0.1428,3.5454,0.1428,0.8056,9.55,3.6059,0.0188
277.25,seguindo,gargalo_eixo,8.758,3.6182,0.3964,-0.0154,-0.4118,0.25,3.5314,6.7859,0.792,9.55,3.6059,0.0257
277.3,seguindo,gargalo_eixo,8.7717,3.6258,0.372,-0.0256,-0.3975,0.25,3.5176,6.7859,0.7785,9.55,3.6059,0.0325
277.35,seguindo,gargalo_eixo,8.7808,3.6311,0.3507,-0.0327,-0.3834,0.25,3.5083,6.6071,0.7696,9.55,3.6059,0.0373
277.4,seguindo,gargalo_eixo,8.7899,3.6362,0.3294,-0.0398,-0.3692,0.25,3.4991,6.7068,0.7606,9.55,3.6059,0.0418
277.45,seguindo,gargalo_eixo,8.8013,3.6424,0.2995,-0.0487,-0.3482,0.25,3.4878,6.9421,0.7496,9.55,3.6059,0.0474
277.5,seguindo,gargalo_eixo,8.8074,3.6458,0.2816,-0.0536,-0.3352,0.25,3.4818,6.8953,0.7436,9.55,3.6059,0.0505
277.55,seguindo,gargalo_eixo,8.8144,3.6495,0.2599,-0.0592,-0.3191,0.25,3.4749,6.7861,0.7369,9.55,3.6059,0.054
277.6,seguindo,gargalo_eixo,8.8178,3.6514,0.2479,-0.0621,-0.3099,0.25,3.4715,6.7393,0.7336,9.55,3.6059,0.0558
277.65,seguindo,gargalo_eixo,8.8203,3.6531,0.235,-0.0646,-0.2996,0.25,3.4687,6.7064,0.7311,9.55,3.6059,0.0574
277.7,seguindo,gargalo_eixo,8.8208,3.6538,0.2288,-0.0655,-0.2943,0.25,3.4679,6.701,0.7307,9.55,3.6059,0.058
277.75,seguindo,gargalo_eixo,8.8188,3.6537,0.2241,-0.0652,-0.2893,0.25,3.469,6.7272,0.7327,9.55,3.6059,0.058
277.8,seguindo,gargalo_eixo,8.815,3.653,0.2224,-0.0639,-0.2864,0.25,3.4716,6.7798,0.7364,9.55,3.6059,0.0574
277.85,seguindo,gargalo_eixo,8.8096,3.6518,0.2212,-0.0619,-0.2831,0.25,3.4754,6.8636,0.7418,9.55,3.6059,0.0565
277.9,seguindo,gargalo_eixo,8.804,3.6507,0.2199,-0.0599,-0.2798,0.25,3.4794,6.96,0.7473,9.55,3.6059,0.0556
277.95,seguindo,gargalo_eixo,8.7927,3.6483,0.218,-0.0559,-0.2739,0.25,3.4874,6.741,0.7585,9.55,3.6059,0.0537
278.0,seguindo,gargalo_eixo,8.7839,3.6465,0.2169,-0.0529,-0.2698,0.25,3.4937,6.6281,0.7672,9.55,3.6059,0.0524
278.05,seguindo,gargalo_eixo,8.7722,3.644,0.2156,-0.0489,-0.2646,0.25,3.502,6.5608,0.7787,9.55,3.6059,0.0507
278.1,seguindo,gargalo_eixo,8.7649,3.6425,0.2148,-0.0466,-0.2613,0.25,3.5072,6.7859,0.7859,9.55,3.6059,0.0496
278.15,seguindo,gargalo_eixo,8.7562,3.6407,0.2139,-0.0438,-0.2577,0.25,3.5134,6.7859,0.7946,9.55,3.6059,0.0483
278.2,seguindo,gargalo_eixo,8.7513,3.6397,0.2133,-0.0423,-0.2556,0.25,3.5169,6.7859,0.7994,9.55,3.6059,0.0476
278.25,seguindo,gargalo_eixo,8.7459,3.6386,0.2127,-0.0406,-0.2534,0.1212,3.5207,0.1212,0.8048,9.55,3.6059,0.0469
278.3,seguindo,gargalo_eixo,8.743,3.638,0.2124,-0.0398,-0.2522,0.1931,3.5228,0.1931,0.8076,9.55,3.6059,0.0466
278.351,seguindo,gargalo_eixo,8.7407,3.6376,0.2123,-0.0391,-0.2514,0.25,3.5244,0.2509,0.8098,9.55,3.6059,0.0463
278.4,seguindo,gargalo_eixo,8.7401,3.6374,0.2122,-0.0389,-0.2511,0.25,3.5248,0.2677,0.8105,9.55,3.6059,0.0462
278.45,seguindo,gargalo_eixo,8.7397,3.6374,0.2122,-0.0388,-0.251,0.25,3.5251,0.2764,0.8108,9.55,3.6059,0.0462
278.5,seguindo,gargalo_eixo,8.7397,3.6374,0.2122,-0.0388,-0.251,0.25,3.5251,0.2764,0.8108,9.55,3.6059,0.0462
278.55,seguindo,gargalo_eixo,8.7397,3.6374,0.2122,-0.0388,-0.251,0.25,3.5251,0.2764,0.8108,9.55,3.6059,0.0462
278.6,seguindo,gargalo_eixo,8.7397,3.6374,0.2122,-0.0388,-0.251,0.25,3.5251,0.2764,0.8108,9.55,3.6059,0.0462
278.65,seguindo,gargalo_eixo,8.7397,3.6374,0.2122,-0.0388,-0.251,0.25,3.5251,0.2764,0.8108,9.55,3.6059,0.0462
278.7,seguindo,gargalo_eixo,8.7397,3.6374,0.2122,-0.0388,-0.251,0.25,3.5251,0.2764,0.8108,9.55,3.6059,0.0462
278.75,seguindo,gargalo_eixo,8.7397,3.6374,0.2122,-0.0388,-0.251,0.25,3.5251,0.2764,0.8108,9.55,3.6059,0.0462
278.8,seguindo,gargalo_eixo,8.7397,3.6374,0.2122,-0.0388,-0.251,0.25,3.5251,0.2764,0.8108,9.55,3.6059,0.0462
278.85,seguindo,gargalo_eixo,8.7397,3.6374,0.2122,-0.0388,-0.251,0.25,3.5251,0.2764,0.8108,9.55,3.6059,0.0462
278.9,seguindo,gargalo_eixo,8.7397,3.6374,0.2122,-0.0388,-0.251,0.25,3.5251,0.2764,0.8108,9.55,3.6059,0.0462
278.95,seguindo,gargalo_eixo,8.7397,3.6374,0.2122,-0.0388,-0.251,0.25,3.5251,0.2764,0.8108,9.55,3.6059,0.0462
279.0,seguindo,gargalo_eixo,8.7397,3.6374,0.2122,-0.0388,-0.251,0.25,3.5251,0.2764,0.8108,9.55,3.6059,0.0462
279.05,seguindo,gargalo_eixo,8.7397,3.6374,0.2122,-0.0388,-0.251,0.25,3.5251,0.2764,0.8108,9.55,3.6059,0.0462
279.1,seguindo,gargalo_eixo,8.7397,3.6374,0.2122,-0.0388,-0.251,0.25,3.5251,0.2764,0.8108,9.55,3.6059,0.0462
279.15,seguindo,gargalo_eixo,8.7397,3.6374,0.2122,-0.0388,-0.251,0.25,3.5251,0.2764,0.8108,9.55,3.6059,0.0462
279.2,seguindo,gargalo_eixo,8.7397,3.6374,0.2122,-0.0388,-0.251,0.25,3.5251,0.2764,0.8108,9.55,3.6059,0.0462
279.25,seguindo,gargalo_eixo,8.7397,3.6374,0.2122,-0.0388,-0.251,0.25,3.5251,0.2764,0.8108,9.55,3.6059,0.0462
279.3,seguindo,gargalo_eixo,8.7397,3.6374,0.2122,-0.0388,-0.251,0.25,3.5251,0.2764,0.8108,9.55,3.6059,0.0462
279.35,seguindo,gargalo_eixo,8.7397,3.6374,0.2122,-0.0388,-0.251,0.25,3.5251,0.2764,0.8108,9.55,3.6059,0.0462
279.4,seguindo,gargalo_eixo,8.7397,3.6374,0.2122,-0.0388,-0.251,0.25,3.5251,0.2764,0.8108,9.55,3.6059,0.0462
279.45,seguindo,gargalo_eixo,8.7397,3.6374,0.2122,-0.0388,-0.251,0.25,3.5251,0.2764,0.8108,9.55,3.6059,0.0462
279.5,seguindo,gargalo_eixo,8.7397,3.6374,0.2122,-0.0388,-0.251,0.25,3.5251,0.2764,0.8108,9.55,3.6059,0.0462
279.55,seguindo,gargalo_eixo,8.7397,3.6374,0.2122,-0.0388,-0.251,0.25,3.5251,0.2764,0.8108,9.55,3.6059,0.0462
279.601,seguindo,gargalo_eixo,8.7397,3.6374,0.2122,-0.0388,-0.251,0.25,3.5251,0.2764,0.8108,9.55,3.6059,0.0462
279.65,seguindo,gargalo_eixo,8.7397,3.6374,0.2122,-0.0388,-0.251,0.25,3.5251,0.2764,0.8108,9.55,3.6059,0.0462
279.7,seguindo,gargalo_eixo,8.7397,3.6374,0.2122,-0.0388,-0.251,0.25,3.5251,0.2764,0.8108,9.55,3.6059,0.0462
279.75,seguindo,gargalo_eixo,8.7397,3.6374,0.2122,-0.0388,-0.251,0.25,3.5251,0.2764,0.8108,9.55,3.6059,0.0462
279.8,seguindo,gargalo_eixo,8.7397,3.6374,0.2122,-0.0388,-0.251,0.25,3.5251,0.2764,0.8108,9.55,3.6059,0.0462
279.85,seguindo,gargalo_eixo,8.7397,3.6374,0.2122,-0.0388,-0.251,0.25,3.5251,0.2764,0.8108,9.55,3.6059,0.0462
279.9,seguindo,gargalo_eixo,8.7397,3.6374,0.2122,-0.0388,-0.251,0.25,3.5251,0.2764,0.8108,9.55,3.6059,0.0462
279.95,seguindo,gargalo_eixo,8.7397,3.6374,0.2122,-0.0388,-0.251,0.25,3.5251,0.2764,0.8108,9.55,3.6059,0.0462
280.0,seguindo,gargalo_eixo,8.7397,3.6374,0.2122,-0.0388,-0.251,0.25,3.5251,0.2764,0.8108,9.55,3.6059,0.0462
280.05,seguindo,gargalo_eixo,8.7397,3.6374,0.2122,-0.0388,-0.251,0.25,3.5251,0.2764,0.8108,9.55,3.6059,0.0462
280.1,seguindo,gargalo_eixo,8.7397,3.6374,0.2122,-0.0388,-0.251,0.25,3.5251,0.2764,0.8108,9.55,3.6059,0.0462
280.15,seguindo,gargalo_eixo,8.7397,3.6374,0.2122,-0.0388,-0.251,0.25,3.5251,0.2764,0.8108,9.55,3.6059,0.0462
280.2,seguindo,gargalo_eixo,8.7397,3.6374,0.2122,-0.0388,-0.251,0.25,3.5251,0.2764,0.8108,9.55,3.6059,0.0462
280.25,seguindo,gargalo_eixo,8.7397,3.6374,0.2122,-0.0388,-0.251,0.25,3.5251,0.2764,0.8108,9.55,3.6059,0.0462
280.3,seguindo,gargalo_eixo,8.7397,3.6374,0.2122,-0.0388,-0.251,0.25,3.5251,0.2764,0.8108,9.55,3.6059,0.0462
280.35,seguindo,gargalo_eixo,8.7397,3.6374,0.2122,-0.0388,-0.251,0.25,3.5251,0.2764,0.8108,9.55,3.6059,0.0462
280.4,seguindo,gargalo_eixo,8.7397,3.6374,0.2122,-0.0388,-0.251,0.25,3.5251,0.2764,0.8108,9.55,3.6059,0.0462
280.45,seguindo,gargalo_eixo,8.7397,3.6374,0.2122,-0.0388,-0.251,0.25,3.5251,0.2764,0.8108,9.55,3.6059,0.0462
280.5,seguindo,gargalo_eixo,8.7397,3.6374,0.2122,-0.0388,-0.251,0.25,3.5251,0.2764,0.8108,9.55,3.6059,0.0462
280.55,seguindo,gargalo_eixo,8.7397,3.6374,0.2122,-0.0388,-0.251,0.25,3.5251,0.2764,0.8108,9.55,3.6059,0.0462
280.6,seguindo,gargalo_eixo,8.7397,3.6374,0.2122,-0.0388,-0.251,0.25,3.5251,0.2764,0.8108,9.55,3.6059,0.0462
280.65,seguindo,gargalo_eixo,8.7397,3.6374,0.2122,-0.0388,-0.251,0.25,3.5251,0.2764,0.8108,9.55,3.6059,0.0462
280.7,seguindo,gargalo_eixo,8.7397,3.6374,0.2122,-0.0388,-0.251,0.25,3.5251,0.2764,0.8108,9.55,3.6059,0.0462
280.75,seguindo,gargalo_eixo,8.7397,3.6374,0.2122,-0.0388,-0.251,0.25,3.5251,0.2764,0.8108,9.55,3.6059,0.0462
280.8,seguindo,gargalo_eixo,8.7397,3.6374,0.2122,-0.0388,-0.251,0.25,3.5251,0.2764,0.8108,9.55,3.6059,0.0462
280.85,seguindo,gargalo_eixo,8.7397,3.6374,0.2122,-0.0388,-0.251,0.25,3.5251,0.2764,0.8108,9.55,3.6059,0.0462
280.9,seguindo,gargalo_eixo,8.7397,3.6374,0.2122,-0.0388,-0.251,0.25,3.5251,0.2764,0.8108,9.55,3.6059,0.0462
280.95,seguindo,gargalo_eixo,8.7397,3.6374,0.2122,-0.0388,-0.251,0.25,3.5251,0.2764,0.8108,9.55,3.6059,0.0462
281.0,seguindo,gargalo_eixo,8.7397,3.6374,0.2122,-0.0388,-0.251,0.25,3.5251,0.2764,0.8108,9.55,3.6059,0.0462
281.05,seguindo,gargalo_eixo,8.7397,3.6374,0.2122,-0.0388,-0.251,0.25,3.5251,0.2764,0.8108,9.55,3.6059,0.0462
281.1,seguindo,gargalo_eixo,8.7397,3.6374,0.2122,-0.0388,-0.251,0.25,3.5251,0.2764,0.8108,9.55,3.6059,0.0462
281.15,seguindo,gargalo_eixo,8.7397,3.6374,0.2122,-0.0388,-0.251,0.25,3.5251,0.2764,0.8108,9.55,3.6059,0.0462
281.2,seguindo,gargalo_eixo,8.7397,3.6374,0.2122,-0.0388,-0.251,0.25,3.5251,0.2764,0.8108,9.55,3.6059,0.0462
281.25,seguindo,gargalo_eixo,8.7397,3.6374,0.2122,-0.0388,-0.251,0.25,3.5251,0.2764,0.8108,9.55,3.6059,0.0462
281.3,seguindo,gargalo_eixo,8.7397,3.6374,0.2122,-0.0388,-0.251,0.25,3.5251,0.2764,0.8108,9.55,3.6059,0.0462
281.35,seguindo,gargalo_eixo,8.7397,3.6374,0.2122,-0.0388,-0.251,0.25,3.5251,0.2764,0.8108,9.55,3.6059,0.0462
281.4,re,,8.7397,3.6374,0.2122,0.2122,0.0,-0.203,3.5251,inf,,,,0.0
281.45,re,,8.7397,3.6374,0.2122,0.2122,0.0,-0.203,3.5251,inf,,,,0.0
281.5,re,,8.7397,3.6374,0.2122,0.2122,0.0,-0.203,3.5251,inf,,,,0.0
281.55,re,,8.7397,3.6374,0.2122,0.2122,0.0,-0.203,3.5251,inf,,,,0.0
281.6,re,,8.7397,3.6374,0.2122,0.2122,0.0,-0.203,3.5251,inf,,,,0.0
281.65,re,,8.7397,3.6374,0.2122,0.2122,0.0,-0.203,3.5251,inf,,,,0.0
281.7,re,,8.7397,3.6374,0.2122,0.2122,0.0,-0.203,3.5251,inf,,,,0.0
281.75,re,,8.7397,3.6374,0.2122,0.2122,0.0,-0.203,3.5251,inf,,,,0.0
281.8,re,,8.7397,3.6374,0.2122,0.2122,0.0,-0.203,3.5251,inf,,,,0.0
281.85,re,,8.7368,3.6368,0.211,0.211,0.0,-0.203,3.5272,inf,,,,0.0
281.9,re,,8.7336,3.6363,0.2096,0.2096,0.0,-0.203,3.5294,inf,,,,0.0
281.95,re,,8.7259,3.6348,0.2074,0.2074,0.0,-0.203,3.5348,inf,,,,0.0
282.0,re,,8.7195,3.6336,0.206,0.206,0.0,-0.203,3.5393,inf,,,,0.0
282.05,re,,8.7071,3.6311,0.204,0.204,0.0,-0.203,3.5481,inf,,,,0.0
282.1,re,,8.6976,3.6293,0.2029,0.2029,0.0,-0.203,3.5548,inf,,,,0.0
282.15,re,,8.6815,3.6261,0.2012,0.2012,0.0,-0.203,3.5664,inf,,,,0.0
282.2,re,,8.6699,3.6239,0.2001,0.2001,0.0,-0.203,3.5746,inf,,,,0.0
282.25,re,,8.6527,3.6205,0.1987,0.1987,0.0,-0.203,3.587,inf,,,,0.0
282.3,re,,8.6412,3.6183,0.1978,0.1978,0.0,-0.203,3.5953,inf,,,,0.0
282.35,re,,8.624,3.6149,0.197,0.197,0.0,-0.203,3.6077,inf,,,,0.0
282.4,re,,8.6127,3.6127,0.1967,0.1967,0.0,-0.203,3.6159,inf,,,,0.0
282.45,re,,8.5957,3.6092,0.1971,0.1971,0.0,-0.203,3.6283,inf,,,,0.0
282.5,re,,8.5844,3.6069,0.1977,0.1977,0.0,-0.203,3.6366,inf,,,,0.0
282.55,re,,8.5677,3.6034,0.1994,0.1994,0.0,-0.203,3.649,inf,,,,0.0
282.6,re,,8.5566,3.6011,0.2008,0.2008,0.0,-0.203,3.6573,inf,,,,0.0
282.65,re,,8.5401,3.5975,0.2033,0.2033,0.0,-0.203,3.6697,inf,,,,0.0
282.7,re,,8.529,3.595,0.2052,0.2052,0.0,-0.203,3.6781,inf,,,,0.0
282.75,re,,8.5126,3.5913,0.2081,0.2081,0.0,-0.203,3.6906,inf,,,,0.0
282.8,re,,8.5016,3.5888,0.2101,0.2101,0.0,-0.203,3.699,inf,,,,0.0
282.85,re,,8.4851,3.5851,0.2131,0.2131,0.0,-0.203,3.7117,inf,,,,0.0
282.9,re,,8.4742,3.5825,0.2151,0.2151,0.0,-0.203,3.7202,inf,,,,0.0
282.95,re,,8.4577,3.5786,0.2181,0.2181,0.0,-0.203,3.7329,inf,,,,0.0
283.0,re,,8.4468,3.576,0.22,0.22,0.0,-0.203,3.7415,inf,,,,0.0
283.1,seguindo,gargalo_eixo,8.4194,3.5694,0.2249,0.0323,-0.1926,0.25,3.763,0.9101,1.1312,9.55,3.6059,0.0597
283.15,seguindo,gargalo_eixo,8.403,3.5654,0.2277,0.0353,-0.1924,0.25,3.776,0.9101,1.1477,9.55,3.6059,0.064
283.2,seguindo,gargalo_eixo,8.3866,3.5614,0.2306,0.0383,-0.1923,0.25,3.789,0.781,1.1643,9.55,3.6059,0.0683
283.25,seguindo,gargalo_eixo,8.3756,3.5586,0.2325,0.0403,-0.1923,0.25,3.7977,0.781,1.1753,9.55,3.6059,0.0711
283.3,seguindo,gargalo_eixo,8.3647,3.5559,0.2344,0.0422,-0.1922,0.25,3.8065,0.781,1.1863,9.55,3.6059,0.0739
283.35,seguindo,gargalo_eixo,8.3483,3.5517,0.2373,0.0451,-0.1922,0.25,3.8197,0.781,1.2029,9.55,3.6059,0.0791
283.4,seguindo,gargalo_eixo,8.3374,3.5489,0.2392,0.047,-0.1922,0.25,3.8285,0.781,1.2139,9.55,3.6059,0.0826
283.45,seguindo,gargalo_eixo,8.321,3.5446,0.2421,0.0498,-0.1922,0.25,3.8418,0.7266,1.2304,9.55,3.6059,0.0878
283.5,seguindo,gargalo_eixo,8.3101,3.5418,0.244,0.0517,-0.1923,0.25,3.8507,0.7266,1.2415,9.55,3.6059,0.0913
283.55,seguindo,gargalo_eixo,8.2938,3.5374,0.2468,0.0545,-0.1924,0.25,3.8641,0.7266,1.258,9.55,3.6059,0.0965
283.6,seguindo,gargalo_eixo,8.2829,3.5345,0.2487,0.0563,-0.1924,0.25,3.873,0.7266,1.2691,9.55,3.6059,0.1005
283.65,seguindo,gargalo_eixo,8.2692,3.5311,0.2477,0.0583,-0.1894,0.25,3.8841,0.7266,1.283,9.55,3.6059,0.1058
283.7,seguindo,gargalo_eixo,8.2613,3.5294,0.2444,0.0593,-0.1852,0.25,3.8903,0.7266,1.2909,9.55,3.6059,0.1091
283.751,seguindo,gargalo_eixo,8.2522,3.5274,0.2425,0.0604,-0.1821,0.25,3.8975,0.7419,1.3002,9.55,3.6059,0.1128
283.8,seguindo,gargalo_eixo,8.2474,3.5262,0.2425,0.0611,-0.1814,0.25,3.9013,0.7419,1.305,9.55,3.6059,0.1146
283.85,seguindo,gargalo_eixo,8.243,3.5252,0.2426,0.0617,-0.1809,0.25,3.9049,0.7419,1.3095,9.55,3.6059,0.1163
283.9,seguindo,gargalo_eixo,8.2413,3.5248,0.2426,0.0619,-0.1807,0.25,3.9062,0.7419,1.3112,9.55,3.6059,0.117
283.95,seguindo,gargalo_eixo,8.2416,3.5246,0.247,0.0621,-0.1849,0.25,3.9062,0.7419,1.3109,9.55,3.6059,0.1166
284.0,seguindo,gargalo_eixo,8.2432,3.5246,0.2522,0.0622,-0.19,0.25,3.9053,0.7419,1.3093,9.55,3.6059,0.1157
284.05,seguindo,gargalo_eixo,8.2482,3.525,0.2643,0.0621,-0.2021,0.25,3.9018,0.7419,1.3042,9.55,3.6059,0.113
284.1,seguindo,gargalo_eixo,8.2529,3.5254,0.2742,0.062,-0.2122,0.25,3.8986,0.7419,1.2995,9.55,3.6059,0.1107
284.15,seguindo,gargalo_eixo,8.2626,3.5273,0.2861,0.061,-0.2251,0.25,3.8912,0.7419,1.2898,9.55,3.6059,0.1065
284.2,seguindo,gargalo_eixo,8.2703,3.529,0.292,0.06,-0.232,0.25,3.8851,0.7266,1.282,9.55,3.6059,0.1035
284.25,seguindo,gargalo_eixo,8.2844,3.533,0.2966,0.0576,-0.239,0.25,3.8733,0.7266,1.2677,9.55,3.6059,0.0985
284.3,seguindo,gargalo_eixo,8.295,3.5362,0.2969,0.0555,-0.2414,0.25,3.8643,0.7266,1.2569,9.55,3.6059,0.0949
284.35,seguindo,gargalo_eixo,8.3126,3.5419,0.2929,0.0517,-0.2412,0.25,3.849,0.7266,1.239,9.55,3.6059,0.0901
284.4,seguindo,gargalo_eixo,8.325,3.5461,0.288,0.0488,-0.2392,0.25,3.8382,0.7266,1.2264,9.55,3.6059,0.0869
284.45,seguindo,gargalo_eixo,8.3435,3.5522,0.2793,0.0445,-0.2348,0.25,3.8222,0.781,1.2076,9.55,3.6059,0.0821
284.5,seguindo,gargalo_eixo,8.3558,3.5562,0.2729,0.0416,-0.2313,0.25,3.8116,0.781,1.1952,9.55,3.6059,0.0789
284.55,seguindo,gargalo_eixo,8.3734,3.5615,0.2682,0.0377,-0.2305,0.25,3.7968,0.781,1.1774,9.55,3.6059,0.0747
284.6,seguindo,gargalo_eixo,8.3848,3.5647,0.267,0.0353,-0.2317,0.25,3.7873,0.781,1.1658,9.55,3.6059,0.0721
284.65,seguindo,gargalo_eixo,8.4013,3.5689,0.2705,0.0322,-0.2383,0.25,3.7741,0.9101,1.1493,9.55,3.6059,0.0679
284.7,seguindo,gargalo_eixo,8.4119,3.5716,0.2746,0.0302,-0.2444,0.25,3.7657,0.9101,1.1385,9.55,3.6059,0.0651
284.75,seguindo,gargalo_eixo,8.4274,3.5751,0.2853,0.0275,-0.2579,0.25,3.7536,0.9101,1.123,9.55,3.6059,0.0612
284.8,seguindo,gargalo_eixo,8.4375,3.5773,0.2944,0.0257,-0.2687,0.25,3.7459,0.9101,1.1128,9.55,3.6059,0.0592
284.85,seguindo,gargalo_eixo,8.4523,3.5805,0.3116,0.0232,-0.2884,0.25,3.7346,1.1353,1.0979,9.55,3.6059,0.056
284.9,seguindo,gargalo_eixo,8.462,3.5826,0.3243,0.0214,-0.3028,0.25,3.7272,1.1353,1.0882,9.55,3.6059,0.054
284.95,seguindo,gargalo_eixo,8.4766,3.586,0.3432,0.0185,-0.3247,0.25,3.7159,1.1353,1.0735,9.55,3.6059,0.0512
285.0,seguindo,gargalo_eixo,8.4863,3.5885,0.3557,0.0164,-0.3393,0.25,3.7082,1.1353,1.0638,9.55,3.6059,0.0499
285.159,seguindo,gargalo_eixo,8.4911,3.5897,0.362,0.0153,-0.3467,0.25,3.7044,1.1353,1.059,9.55,3.6059,0.0495
285.2,seguindo,gargalo_eixo,8.5346,3.6029,0.4151,0.003,-0.412,0.25,3.6685,1.4983,1.0154,9.55,3.6059,0.0475
285.25,seguindo,gargalo_eixo,8.5496,3.6085,0.4271,-0.0026,-0.4296,0.25,3.6552,1.4983,1.0004,9.55,3.6059,0.049
285.3,seguindo,gargalo_eixo,8.5597,3.6126,0.4325,-0.0068,-0.4393,0.25,3.646,1.4983,0.9903,9.55,3.6059,0.0504
285.35,seguindo,gargalo_eixo,8.5746,3.6193,0.4351,-0.0137,-0.4488,0.25,3.6321,2.0711,0.9755,9.55,3.6059,0.0531
285.4,seguindo,gargalo_eixo,8.5843,3.6238,0.435,-0.0185,-0.4536,0.25,3.6228,2.0711,0.9658,9.55,3.6059,0.055
285.45,seguindo,gargalo_eixo,8.5986,3.6309,0.4299,-0.0262,-0.4562,0.25,3.6088,2.0711,0.9517,9.55,3.6059,0.059
285.5,seguindo,gargalo_eixo,8.608,3.6357,0.4247,-0.0316,-0.4562,0.25,3.5996,2.0711,0.9424,9.55,3.6059,0.0619
285.55,seguindo,gargalo_eixo,8.6219,3.643,0.4118,-0.0399,-0.4517,0.25,3.5857,2.9761,0.9288,9.55,3.6059,0.0665
285.6,seguindo,gargalo_eixo,8.6311,3.6478,0.4015,-0.0456,-0.4471,0.25,3.5765,2.9761,0.9198,9.55,3.6059,0.0695
285.65,seguindo,gargalo_eixo,8.6447,3.6553,0.3809,-0.0545,-0.4354,0.25,3.5627,2.9761,0.9066,9.55,3.6059,0.0747
285.7,seguindo,gargalo_eixo,8.6537,3.6602,0.3654,-0.0604,-0.4258,0.25,3.5536,2.9761,0.8979,9.55,3.6059,0.0783
285.75,seguindo,gargalo_eixo,8.6672,3.6676,0.3371,-0.0697,-0.4068,0.25,3.5398,2.4154,0.8849,9.55,3.6059,0.0839
285.8,seguindo,gargalo_eixo,8.6763,3.6724,0.3164,-0.076,-0.3924,0.25,3.5307,2.2615,0.8762,9.55,3.6059,0.0875
285.85,seguindo,gargalo_eixo,8.6899,3.6797,0.2804,-0.0856,-0.366,0.25,3.5171,2.0532,0.8632,9.55,3.6059,0.0929
285.9,seguindo,gargalo_eixo,8.6991,3.6844,0.2546,-0.092,-0.3466,0.25,3.5081,1.9426,0.8544,9.55,3.6059,0.0968
285.95,seguindo,gargalo_eixo,8.7151,3.6915,0.2177,-0.1021,-0.3198,0.25,3.4933,1.5307,0.8393,9.55,3.6059,0.1023
286.0,seguindo,gargalo_eixo,8.7268,3.696,0.195,-0.109,-0.304,0.25,3.4831,0.7156,0.8281,9.55,3.6059,0.1057
286.05,seguindo,gargalo_eixo,8.7423,3.7013,0.1655,-0.1175,-0.283,0.25,3.4702,0.3387,0.8133,9.55,3.6059,0.1096
286.1,seguindo,gargalo_eixo,8.7512,3.7041,0.1484,-0.1223,-0.2707,0.1217,3.4629,0.1217,0.8048,9.55,3.6059,0.1119
286.15,seguindo,gargalo_eixo,8.7622,3.7073,0.1277,-0.128,-0.2558,0.25,3.4542,6.7859,0.7943,9.55,3.6059,0.1145
286.2,seguindo,gargalo_eixo,8.7681,3.709,0.1165,-0.1311,-0.2475,0.25,3.4495,6.5552,0.7886,9.55,3.6059,0.1158
286.25,seguindo,gargalo_eixo,8.7744,3.7107,0.1045,-0.1342,-0.2388,0.25,3.4447,6.5539,0.7825,9.55,3.6059,0.1171
286.3,seguindo,gargalo_eixo,8.7774,3.7114,0.0991,-0.1357,-0.2348,0.25,3.4425,6.5583,0.7798,9.55,3.6059,0.1176
286.35,seguindo,gargalo_eixo,8.7789,3.7119,0.0947,-0.1366,-0.2313,0.25,3.4412,6.5619,0.7783,9.55,3.6059,0.118
286.4,seguindo,gargalo_eixo,8.7787,3.712,0.0936,-0.1366,-0.2302,0.25,3.4413,6.5613,0.7785,9.55,3.6059,0.1181
286.45,seguindo,gargalo_eixo,8.7754,3.7118,0.0918,-0.1359,-0.2277,0.25,3.4432,6.5549,0.7817,9.55,3.6059,0.1181
286.5,seguindo,gargalo_eixo,8.772,3.7116,0.0907,-0.135,-0.2257,0.25,3.4452,6.5528,0.7851,9.55,3.6059,0.1181
286.55,seguindo,gargalo_eixo,8.764,3.711,0.0889,-0.1329,-0.2219,0.25,3.4501,6.7859,0.793,9.55,3.6059,0.118
286.6,seguindo,gargalo_eixo,8.7574,3.7105,0.0878,-0.1312,-0.219,0.25,3.4541,6.7859,0.7994,9.55,3.6059,0.1179
286.65,seguindo,gargalo_eixo,8.7448,3.7095,0.0863,-0.128,-0.2143,0.25,3.4619,0.3012,0.8118,9.55,3.6059,0.1177
286.7,seguindo,gargalo_eixo,8.7353,3.7088,0.0854,-0.1256,-0.211,0.25,3.4677,0.539,0.8211,9.55,3.6059,0.1177
286.75,seguindo,gargalo_eixo,8.7232,3.7079,0.0842,-0.1227,-0.2069,0.25,3.4752,0.843,0.8331,9.55,3.6059,0.1179
286.8,seguindo,gargalo_eixo,8.7124,3.7071,0.0828,-0.1202,-0.2031,0.25,3.4819,1.7026,0.8437,9.55,3.6059,0.1181
286.85,seguindo,gargalo_eixo,8.7074,3.7068,0.0823,-0.1191,-0.2014,0.25,3.4849,1.8931,0.8486,9.55,3.6059,0.1182
286.9,seguindo,gargalo_eixo,8.7027,3.7064,0.0817,-0.118,-0.1998,0.25,3.4878,1.9303,0.8532,9.55,3.6059,0.1183
286.95,seguindo,gargalo_eixo,8.6976,3.7061,0.0812,-0.1169,-0.1981,0.25,3.4909,1.9856,0.8582,9.55,3.6059,0.1184
287.0,seguindo,gargalo_eixo,8.6952,3.7059,0.0809,-0.1164,-0.1973,0.25,3.4925,2.0173,0.8606,9.55,3.6059,0.1185
287.05,seguindo,gargalo_eixo,8.6935,3.7058,0.0807,-0.1161,-0.1968,0.25,3.4935,2.0399,0.8622,9.55,3.6059,0.1185
287.1,seguindo,gargalo_eixo,8.6933,3.7058,0.0807,-0.116,-0.1967,0.25,3.4936,2.043,0.8625,9.55,3.6059,0.1185
287.15,seguindo,gargalo_eixo,8.6932,3.7058,0.0807,-0.116,-0.1967,0.25,3.4937,2.0446,0.8626,9.55,3.6059,0.1185
287.2,seguindo,gargalo_eixo,8.6932,3.7058,0.0807,-0.116,-0.1967,0.25,3.4937,2.0446,0.8626,9.55,3.6059,0.1185
287.25,seguindo,gargalo_eixo,8.6932,3.7058,0.0807,-0.116,-0.1967,0.25,3.4937,2.0446,0.8626,9.55,3.6059,0.1185
287.3,seguindo,gargalo_eixo,8.6932,3.7058,0.0807,-0.116,-0.1967,0.25,3.4937,2.0446,0.8626,9.55,3.6059,0.1185
287.35,seguindo,gargalo_eixo,8.6932,3.7058,0.0807,-0.116,-0.1967,0.25,3.4937,2.0446,0.8626,9.55,3.6059,0.1185
287.4,seguindo,gargalo_eixo,8.6932,3.7058,0.0807,-0.116,-0.1967,0.25,3.4937,2.0446,0.8626,9.55,3.6059,0.1185
287.45,seguindo,gargalo_eixo,8.6932,3.7058,0.0807,-0.116,-0.1967,0.25,3.4937,2.0446,0.8626,9.55,3.6059,0.1185
287.5,seguindo,gargalo_eixo,8.6932,3.7058,0.0807,-0.116,-0.1967,0.25,3.4937,2.0446,0.8626,9.55,3.6059,0.1185
287.55,seguindo,gargalo_eixo,8.6932,3.7058,0.0807,-0.116,-0.1967,0.25,3.4937,2.0446,0.8626,9.55,3.6059,0.1185
287.6,seguindo,gargalo_eixo,8.6932,3.7058,0.0807,-0.116,-0.1967,0.25,3.4937,2.0446,0.8626,9.55,3.6059,0.1185
287.65,seguindo,gargalo_eixo,8.6932,3.7058,0.0807,-0.116,-0.1967,0.25,3.4937,2.0446,0.8626,9.55,3.6059,0.1185
287.7,seguindo,gargalo_eixo,8.6932,3.7058,0.0807,-0.116,-0.1967,0.25,3.4937,2.0446,0.8626,9.55,3.6059,0.1185
287.75,seguindo,gargalo_eixo,8.6932,3.7058,0.0807,-0.116,-0.1967,0.25,3.4937,2.0446,0.8626,9.55,3.6059,0.1185
287.8,seguindo,gargalo_eixo,8.6932,3.7058,0.0807,-0.116,-0.1967,0.25,3.4937,2.0446,0.8626,9.55,3.6059,0.1185
287.85,seguindo,gargalo_eixo,8.6932,3.7058,0.0807,-0.116,-0.1967,0.25,3.4937,2.0446,0.8626,9.55,3.6059,0.1185
287.9,seguindo,gargalo_eixo,8.6932,3.7058,0.0807,-0.116,-0.1967,0.25,3.4937,2.0446,0.8626,9.55,3.6059,0.1185
287.95,seguindo,gargalo_eixo,8.6932,3.7058,0.0807,-0.116,-0.1967,0.25,3.4937,2.0446,0.8626,9.55,3.6059,0.1185
288.0,seguindo,gargalo_eixo,8.6932,3.7058,0.0807,-0.116,-0.1967,0.25,3.4937,2.0446,0.8626,9.55,3.6059,0.1185
288.05,seguindo,gargalo_eixo,8.6932,3.7058,0.0807,-0.116,-0.1967,0.25,3.4937,2.0446,0.8626,9.55,3.6059,0.1185
288.1,seguindo,gargalo_eixo,8.6932,3.7058,0.0807,-0.116,-0.1967,0.25,3.4937,2.0446,0.8626,9.55,3.6059,0.1185
288.15,seguindo,gargalo_eixo,8.6932,3.7058,0.0807,-0.116,-0.1967,0.25,3.4937,2.0446,0.8626,9.55,3.6059,0.1185
288.2,seguindo,gargalo_eixo,8.6932,3.7058,0.0807,-0.116,-0.1967,0.25,3.4937,2.0446,0.8626,9.55,3.6059,0.1185
288.25,seguindo,gargalo_eixo,8.6932,3.7058,0.0807,-0.116,-0.1967,0.25,3.4937,2.0446,0.8626,9.55,3.6059,0.1185
288.3,seguindo,gargalo_eixo,8.6932,3.7058,0.0807,-0.116,-0.1967,0.25,3.4937,2.0446,0.8626,9.55,3.6059,0.1185
288.35,seguindo,gargalo_eixo,8.6932,3.7058,0.0807,-0.116,-0.1967,0.25,3.4937,2.0446,0.8626,9.55,3.6059,0.1185
288.4,seguindo,gargalo_eixo,8.6932,3.7058,0.0807,-0.116,-0.1967,0.25,3.4937,2.0446,0.8626,9.55,3.6059,0.1185
288.45,seguindo,gargalo_eixo,8.6932,3.7058,0.0807,-0.116,-0.1967,0.25,3.4937,2.0446,0.8626,9.55,3.6059,0.1185
288.5,seguindo,gargalo_eixo,8.6932,3.7058,0.0807,-0.116,-0.1967,0.25,3.4937,2.0446,0.8626,9.55,3.6059,0.1185
288.55,seguindo,gargalo_eixo,8.6932,3.7058,0.0807,-0.116,-0.1967,0.25,3.4937,2.0446,0.8626,9.55,3.6059,0.1185
288.6,seguindo,gargalo_eixo,8.6932,3.7058,0.0807,-0.116,-0.1967,0.25,3.4937,2.0446,0.8626,9.55,3.6059,0.1185
288.65,seguindo,gargalo_eixo,8.6932,3.7058,0.0807,-0.116,-0.1967,0.25,3.4937,2.0446,0.8626,9.55,3.6059,0.1185
288.7,seguindo,gargalo_eixo,8.6932,3.7058,0.0807,-0.116,-0.1967,0.25,3.4937,2.0446,0.8626,9.55,3.6059,0.1185
288.75,seguindo,gargalo_eixo,8.6932,3.7058,0.0807,-0.116,-0.1967,0.25,3.4937,2.0446,0.8626,9.55,3.6059,0.1185
288.8,seguindo,gargalo_eixo,8.6932,3.7058,0.0807,-0.116,-0.1967,0.25,3.4937,2.0446,0.8626,9.55,3.6059,0.1185
288.85,seguindo,gargalo_eixo,8.6932,3.7058,0.0807,-0.116,-0.1967,0.25,3.4937,2.0446,0.8626,9.55,3.6059,0.1185
288.9,seguindo,gargalo_eixo,8.6932,3.7058,0.0807,-0.116,-0.1967,0.25,3.4937,2.0446,0.8626,9.55,3.6059,0.1185
288.95,seguindo,gargalo_eixo,8.6932,3.7058,0.0807,-0.116,-0.1967,0.25,3.4937,2.0446,0.8626,9.55,3.6059,0.1185
289.0,seguindo,gargalo_eixo,8.6932,3.7058,0.0807,-0.116,-0.1967,0.25,3.4937,2.0446,0.8626,9.55,3.6059,0.1185
289.05,seguindo,gargalo_eixo,8.6932,3.7058,0.0807,-0.116,-0.1967,0.25,3.4937,2.0446,0.8626,9.55,3.6059,0.1185
289.1,seguindo,gargalo_eixo,8.6932,3.7058,0.0807,-0.116,-0.1967,0.25,3.4937,2.0446,0.8626,9.55,3.6059,0.1185
289.15,seguindo,gargalo_eixo,8.6932,3.7058,0.0807,-0.116,-0.1967,0.25,3.4937,2.0446,0.8626,9.55,3.6059,0.1185
289.2,seguindo,gargalo_eixo,8.6932,3.7058,0.0807,-0.116,-0.1967,0.25,3.4937,2.0446,0.8626,9.55,3.6059,0.1185
289.25,seguindo,gargalo_eixo,8.6932,3.7058,0.0807,-0.116,-0.1967,0.25,3.4937,2.0446,0.8626,9.55,3.6059,0.1185
289.3,seguindo,gargalo_eixo,8.6932,3.7058,0.0807,-0.116,-0.1967,0.25,3.4937,2.0446,0.8626,9.55,3.6059,0.1185
289.35,seguindo,gargalo_eixo,8.6932,3.7058,0.0807,-0.116,-0.1967,0.25,3.4937,2.0446,0.8626,9.55,3.6059,0.1185
289.4,seguindo,gargalo_eixo,8.6932,3.7058,0.0807,-0.116,-0.1967,0.25,3.4937,2.0446,0.8626,9.55,3.6059,0.1185
289.45,seguindo,gargalo_eixo,8.6932,3.7058,0.0807,-0.116,-0.1967,0.25,3.4937,2.0446,0.8626,9.55,3.6059,0.1185
289.5,seguindo,gargalo_eixo,8.6932,3.7058,0.0807,-0.116,-0.1967,0.25,3.4937,2.0446,0.8626,9.55,3.6059,0.1185
289.55,seguindo,gargalo_eixo,8.6932,3.7058,0.0807,-0.116,-0.1967,0.25,3.4937,2.0446,0.8626,9.55,3.6059,0.1185
289.6,seguindo,gargalo_eixo,8.6932,3.7058,0.0807,-0.116,-0.1967,0.25,3.4937,2.0446,0.8626,9.55,3.6059,0.1185
289.65,seguindo,gargalo_eixo,8.6932,3.7058,0.0807,-0.116,-0.1967,0.25,3.4937,2.0446,0.8626,9.55,3.6059,0.1185
289.7,seguindo,gargalo_eixo,8.6932,3.7058,0.0807,-0.116,-0.1967,0.25,3.4937,2.0446,0.8626,9.55,3.6059,0.1185
289.75,seguindo,gargalo_eixo,8.6932,3.7058,0.0807,-0.116,-0.1967,0.25,3.4937,2.0446,0.8626,9.55,3.6059,0.1185
289.8,seguindo,gargalo_eixo,8.6932,3.7058,0.0807,-0.116,-0.1967,0.25,3.4937,2.0446,0.8626,9.55,3.6059,0.1185
289.85,seguindo,gargalo_eixo,8.6932,3.7058,0.0807,-0.116,-0.1967,0.25,3.4937,2.0446,0.8626,9.55,3.6059,0.1185
289.9,seguindo,gargalo_eixo,8.6932,3.7058,0.0807,-0.116,-0.1967,0.25,3.4937,2.0446,0.8626,9.55,3.6059,0.1185
289.95,seguindo,gargalo_eixo,8.6932,3.7058,0.0807,-0.116,-0.1967,0.25,3.4937,2.0446,0.8626,9.55,3.6059,0.1185
290.0,seguindo,gargalo_eixo,8.6932,3.7058,0.0807,-0.116,-0.1967,0.25,3.4937,2.0446,0.8626,9.55,3.6059,0.1185
290.05,seguindo,gargalo_eixo,8.6932,3.7058,0.0807,-0.116,-0.1967,0.25,3.4937,2.0446,0.8626,9.55,3.6059,0.1185
290.102,re,,8.6932,3.7058,0.0807,0.0807,0.0,-0.203,3.4937,inf,,,,0.0
290.15,re,,8.6932,3.7058,0.0807,0.0807,0.0,-0.203,3.4937,inf,,,,0.0
290.2,re,,8.6932,3.7058,0.0807,0.0807,0.0,-0.203,3.4937,inf,,,,0.0
290.25,re,,8.6932,3.7058,0.0807,0.0807,0.0,-0.203,3.4937,inf,,,,0.0
290.3,re,,8.6932,3.7058,0.0807,0.0807,0.0,-0.203,3.4937,inf,,,,0.0
290.35,re,,8.6932,3.7058,0.0807,0.0807,0.0,-0.203,3.4937,inf,,,,0.0
290.4,re,,8.6932,3.7058,0.0807,0.0807,0.0,-0.203,3.4937,inf,,,,0.0
290.45,re,,8.6932,3.7058,0.0807,0.0807,0.0,-0.203,3.4937,inf,,,,0.0
290.5,re,,8.6932,3.7058,0.0807,0.0807,0.0,-0.203,3.4937,inf,,,,0.0
290.55,re,,8.6901,3.7056,0.0795,0.0795,0.0,-0.203,3.4955,inf,,,,0.0
290.6,re,,8.6868,3.7054,0.0784,0.0784,0.0,-0.203,3.4975,inf,,,,0.0
290.65,re,,8.6789,3.7049,0.0766,0.0766,0.0,-0.203,3.5023,inf,,,,0.0
290.7,re,,8.6724,3.7046,0.0755,0.0755,0.0,-0.203,3.5063,inf,,,,0.0
290.75,re,,8.6598,3.7037,0.0737,0.0737,0.0,-0.203,3.5141,inf,,,,0.0
290.8,re,,8.6501,3.7031,0.0726,0.0726,0.0,-0.203,3.5201,inf,,,,0.0
290.85,re,,8.6337,3.7021,0.0709,0.0709,0.0,-0.203,3.5304,inf,,,,0.0
290.9,re,,8.622,3.7014,0.0698,0.0698,0.0,-0.203,3.5377,inf,,,,0.0
290.95,re,,8.6044,3.7003,0.0684,0.0684,0.0,-0.203,3.5487,inf,,,,0.0
291.0,re,,8.5927,3.6995,0.0675,0.0675,0.0,-0.203,3.556,inf,,,,0.0
291.05,re,,8.5753,3.6984,0.0668,0.0668,0.0,-0.203,3.567,inf,,,,0.0
291.1,re,,8.5637,3.6977,0.0666,0.0666,0.0,-0.203,3.5744,inf,,,,0.0
291.15,re,,8.5465,3.6965,0.0671,0.0671,0.0,-0.203,3.5854,inf,,,,0.0
291.2,re,,8.535,3.6957,0.0676,0.0676,0.0,-0.203,3.5928,inf,,,,0.0
291.25,re,,8.518,3.6944,0.0693,0.0693,0.0,-0.203,3.6039,inf,,,,0.0
291.3,re,,8.5067,3.6935,0.0706,0.0706,0.0,-0.203,3.6114,inf,,,,0.0
291.35,re,,8.4898,3.692,0.0731,0.0731,0.0,-0.203,3.6226,inf,,,,0.0
291.4,re,,8.4785,3.691,0.075,0.075,0.0,-0.203,3.6301,inf,,,,0.0
291.45,re,,8.4617,3.6895,0.0779,0.0779,0.0,-0.203,3.6414,inf,,,,0.0
291.5,re,,8.4505,3.6885,0.0799,0.0799,0.0,-0.203,3.649,inf,,,,0.0
291.55,re,,8.4337,3.6868,0.0829,0.0829,0.0,-0.203,3.6604,inf,,,,0.0
291.6,re,,8.4225,3.6857,0.0849,0.0849,0.0,-0.203,3.6681,inf,,,,0.0
291.65,re,,8.4057,3.684,0.0879,0.0879,0.0,-0.203,3.6796,inf,,,,0.0
291.7,re,,8.3945,3.6829,0.0898,0.0898,0.0,-0.203,3.6874,inf,,,,0.0
291.8,seguindo,gargalo_eixo,8.3665,3.6799,0.0947,-0.0624,-0.1571,0.25,3.707,0.9101,1.1858,9.55,3.6059,0.1821
291.85,seguindo,gargalo_eixo,8.3497,3.678,0.0976,-0.06,-0.1576,0.25,3.7188,0.9101,1.2025,9.55,3.6059,0.1884
291.9,seguindo,gargalo_eixo,8.3385,3.6768,0.0995,-0.0584,-0.1579,0.25,3.7267,0.9101,1.2136,9.55,3.6059,0.1927
291.95,seguindo,gargalo_eixo,8.3217,3.6748,0.1023,-0.0561,-0.1584,0.25,3.7387,0.781,1.2302,9.55,3.6059,0.199
292.0,seguindo,gargalo_eixo,8.3105,3.6735,0.1042,-0.0545,-0.1587,0.25,3.7467,0.781,1.2413,9.55,3.6059,0.2032
292.05,seguindo,gargalo_eixo,8.2937,3.6715,0.1071,-0.0522,-0.1593,0.25,3.7587,0.781,1.258,9.55,3.6059,0.2096
292.1,seguindo,gargalo_eixo,8.2825,3.6701,0.109,-0.0506,-0.1596,0.25,3.7668,0.781,1.2691,9.55,3.6059,0.2143
292.15,seguindo,gargalo_eixo,8.2657,3.6681,0.1119,-0.0483,-0.1602,0.25,3.779,0.781,1.2857,9.55,3.6059,0.2216
292.2,seguindo,gargalo_eixo,8.2546,3.6666,0.1138,-0.0468,-0.1606,0.25,3.7872,0.781,1.2968,9.55,3.6059,0.2264
292.25,seguindo,gargalo_eixo,8.2378,3.6645,0.1167,-0.0446,-0.1612,0.25,3.7995,0.7266,1.3135,9.55,3.6059,0.2336
292.3,seguindo,gargalo_eixo,8.2266,3.663,0.1186,-0.0431,-0.1616,0.25,3.8077,0.7266,1.3246,9.55,3.6059,0.2384
292.35,seguindo,gargalo_eixo,8.2125,3.6614,0.1176,-0.0415,-0.1591,0.25,3.8179,0.7266,1.3386,9.55,3.6059,0.2447
292.4,seguindo,gargalo_eixo,8.2045,3.6607,0.1144,-0.0407,-0.1551,0.25,3.8236,0.7266,1.3466,9.55,3.6059,0.2488
292.45,seguindo,gargalo_eixo,8.1952,3.6599,0.1121,-0.0398,-0.152,0.25,3.8302,0.7266,1.3558,9.55,3.6059,0.2536
292.5,seguindo,gargalo_eixo,8.1903,3.6594,0.1121,-0.0393,-0.1514,0.25,3.8337,0.7266,1.3607,9.55,3.6059,0.256
292.55,seguindo,gargalo_eixo,8.1858,3.6589,0.1122,-0.0388,-0.151,0.25,3.837,0.7266,1.3652,9.55,3.6059,0.2582
292.6,seguindo,gargalo_eixo,8.1841,3.6587,0.1122,-0.0386,-0.1509,0.25,3.8382,0.7266,1.3668,9.55,3.6059,0.259
292.65,seguindo,gargalo_eixo,8.1844,3.6584,0.1162,-0.0384,-0.1547,0.25,3.8382,0.7266,1.3665,9.55,3.6059,0.2587
292.7,seguindo,gargalo_eixo,8.186,3.6582,0.1214,-0.0383,-0.1597,0.25,3.8374,0.7266,1.365,9.55,3.6059,0.2576
292.75,seguindo,gargalo_eixo,8.191,3.6579,0.1331,-0.0383,-0.1714,0.25,3.8343,0.7266,1.3599,9.55,3.6059,0.2544
292.8,seguindo,gargalo_eixo,8.1958,3.6578,0.143,-0.0383,-0.1813,0.25,3.8314,0.7266,1.3552,9.55,3.6059,0.2515
292.85,seguindo,gargalo_eixo,8.2055,3.6584,0.1543,-0.039,-0.1933,0.25,3.8247,0.7266,1.3454,9.55,3.6059,0.2463
292.9,seguindo,gargalo_eixo,8.2133,3.6592,0.159,-0.0398,-0.1989,0.25,3.8191,0.7266,1.3377,9.55,3.6059,0.2425
292.95,seguindo,gargalo_eixo,8.2278,3.6614,0.1617,-0.0419,-0.2036,0.25,3.8082,0.7266,1.3233,9.55,3.6059,0.2364
293.0,seguindo,gargalo_eixo,8.2388,3.6632,0.1607,-0.0437,-0.2044,0.25,3.7998,0.7266,1.3125,9.55,3.6059,0.2321
293.05,seguindo,gargalo_eixo,8.2568,3.6666,0.1549,-0.0469,-0.2018,0.25,3.7858,0.781,1.2946,9.55,3.6059,0.2252
293.1,seguindo,gargalo_eixo,8.2696,3.6691,0.1489,-0.0493,-0.1982,0.25,3.7758,0.781,1.282,9.55,3.6059,0.2204
293.151,seguindo,gargalo_eixo,8.2886,3.6726,0.1395,-0.0528,-0.1924,0.25,3.7611,0.781,1.2631,9.55,3.6059,0.2131
293.2,seguindo,gargalo_eixo,8.3013,3.6749,0.1332,-0.0552,-0.1884,0.25,3.7513,0.781,1.2505,9.55,3.6059,0.2088
293.25,seguindo,gargalo_eixo,8.3195,3.6776,0.1285,-0.0582,-0.1867,0.25,3.7378,0.781,1.2325,9.55,3.6059,0.2025
293.3,seguindo,gargalo_eixo,8.3313,3.6793,0.1274,-0.0601,-0.1875,0.25,3.7292,0.9101,1.2209,9.55,3.6059,0.1983
293.35,seguindo,gargalo_eixo,8.3479,3.6811,0.1308,-0.0625,-0.1933,0.25,3.7175,0.9101,1.2044,9.55,3.6059,0.192
293.4,seguindo,gargalo_eixo,8.3584,3.6822,0.1351,-0.0639,-0.199,0.25,3.7101,0.9101,1.1939,9.55,3.6059,0.1878
293.45,seguindo,gargalo_eixo,8.3741,3.6835,0.1462,-0.0658,-0.212,0.25,3.6995,0.9101,1.1784,9.55,3.6059,0.1819
293.5,seguindo,gargalo_eixo,8.3844,3.6843,0.1553,-0.0671,-0.2224,0.25,3.6925,0.9101,1.1682,9.55,3.6059,0.1784
293.55,seguindo,gargalo_eixo,8.3996,3.6854,0.1721,-0.0689,-0.2411,0.25,3.6823,0.9101,1.1531,9.55,3.6059,0.1733
293.6,seguindo,gargalo_eixo,8.4095,3.6861,0.1845,-0.0702,-0.2547,0.25,3.6756,1.1353,1.1432,9.55,3.6059,0.1699
293.65,seguindo,gargalo_eixo,8.4245,3.6875,0.203,-0.0724,-0.2754,0.25,3.6654,1.1353,1.1284,9.55,3.6059,0.1651
293.7,seguindo,gargalo_eixo,8.4345,3.6886,0.2152,-0.074,-0.2892,0.25,3.6585,1.1353,1.1186,9.55,3.6059,0.162
293.75,seguindo,gargalo_eixo,8.4494,3.6905,0.2334,-0.0767,-0.3101,0.25,3.648,1.1353,1.1038,9.55,3.6059,0.1584
293.8,seguindo,gargalo_eixo,8.4594,3.692,0.2453,-0.0787,-0.324,0.25,3.6408,1.1353,1.094,9.55,3.6059,0.1564
293.85,seguindo,gargalo_eixo,8.4715,3.6939,0.2588,-0.0814,-0.3402,0.25,3.632,1.1353,1.082,9.55,3.6059,0.1543
293.9,seguindo,gargalo_eixo,8.4783,3.695,0.2673,-0.083,-0.3502,0.25,3.627,1.4983,1.0754,9.55,3.6059,0.1531
293.95,seguindo,gargalo_eixo,8.4913,3.6974,0.2836,-0.0862,-0.3698,0.25,3.6173,1.4983,1.0626,9.55,3.6059,0.1511
294.0,seguindo,gargalo_eixo,8.5012,3.6993,0.2963,-0.0888,-0.3851,0.25,3.6099,1.4983,1.0529,9.55,3.6059,0.1496
294.05,seguindo,gargalo_eixo,8.5165,3.7025,0.3148,-0.0932,-0.408,0.25,3.5982,1.4983,1.038,9.55,3.6059,0.1484
294.1,seguindo,gargalo_eixo,8.5268,3.7049,0.3269,-0.0964,-0.4234,0.25,3.5902,1.4983,1.028,9.55,3.6059,0.1481
294.15,seguindo,gargalo_eixo,8.5422,3.7093,0.3384,-0.1022,-0.4406,0.25,3.5776,2.0711,1.013,9.55,3.6059,0.1483
294.2,seguindo,gargalo_eixo,8.5578,3.7142,0.3458,-0.1087,-0.4545,0.25,3.5645,2.0711,0.9981,9.55,3.6059,0.1491
294.25,seguindo,gargalo_eixo,8.5677,3.7178,0.3445,-0.1134,-0.4579,0.25,3.5557,2.0711,0.9886,9.55,3.6059,0.1502
294.3,seguindo,gargalo_eixo,8.5824,3.7233,0.3422,-0.1207,-0.4629,0.25,3.5426,2.0711,0.9746,9.55,3.6059,0.1528
294.35,seguindo,gargalo_eixo,8.5919,3.7272,0.3356,-0.1259,-0.4615,0.25,3.534,2.0711,0.9657,9.55,3.6059,0.1548
294.4,seguindo,gargalo_eixo,8.6013,3.731,0.329,-0.1311,-0.4602,0.25,3.5253,2.9761,0.9568,9.55,3.6059,0.1568
294.45,seguindo,gargalo_eixo,8.6165,3.7374,0.3144,-0.1399,-0.4543,0.25,3.5114,2.9761,0.9427,9.55,3.6059,0.1602
294.5,seguindo,gargalo_eixo,8.627,3.7417,0.3026,-0.1461,-0.4487,0.25,3.5017,2.9761,0.9329,9.55,3.6059,0.1627
294.55,seguindo,gargalo_eixo,8.643,3.7484,0.2801,-0.1558,-0.4359,0.25,3.4871,2.9761,0.9181,9.55,3.6059,0.1672
294.6,seguindo,gargalo_eixo,8.6537,3.7528,0.2632,-0.1625,-0.4257,0.25,3.4773,2.6319,0.9082,9.55,3.6059,0.1702
294.65,seguindo,gargalo_eixo,8.6707,3.7594,0.2377,-0.1728,-0.4105,0.25,3.4622,2.5563,0.8925,9.55,3.6059,0.1744
294.7,seguindo,gargalo_eixo,8.6827,3.7636,0.2218,-0.1798,-0.4016,0.25,3.4519,2.3538,0.8815,9.55,3.6059,0.1771
294.75,seguindo,gargalo_eixo,8.6982,3.7685,0.2017,-0.1886,-0.3903,0.25,3.439,2.1134,0.8672,9.55,3.6059,0.1806
294.8,seguindo,gargalo_eixo,8.7072,3.7715,0.1881,-0.1939,-0.3821,0.25,3.4315,1.9945,0.8589,9.55,3.6059,0.1827
294.85,seguindo,gargalo_eixo,8.7181,3.7746,0.1738,-0.2001,-0.3738,0.25,3.4227,1.2147,0.8488,9.55,3.6059,0.1848
294.9,seguindo,gargalo_eixo,8.722,3.7745,0.185,-0.2009,-0.386,0.25,3.4206,1.1454,0.8449,9.55,3.6059,0.1844
294.95,seguindo,gargalo_eixo,8.726,3.7736,0.2052,-0.2008,-0.406,0.25,3.4191,1.0411,0.8408,9.55,3.6059,0.1831
295.0,seguindo,gargalo_eixo,8.7279,3.7732,0.2149,-0.2008,-0.4157,0.25,3.4183,0.9912,0.8389,9.55,3.6059,0.1826
295.054,seguindo,gargalo_eixo,8.7289,3.773,0.2198,-0.2008,-0.4206,0.25,3.4179,0.9663,0.8379,9.55,3.6059,0.1823
295.1,seguindo,gargalo_eixo,8.7288,3.773,0.2195,-0.2008,-0.4202,0.25,3.418,0.9689,0.838,9.55,3.6059,0.1823
295.15,seguindo,gargalo_eixo,8.7256,3.7724,0.2178,-0.1993,-0.4171,0.25,3.4203,1.0464,0.841,9.55,3.6059,0.182
295.2,seguindo,gargalo_eixo,8.7222,3.7718,0.2165,-0.1978,-0.4143,0.25,3.4227,1.1279,0.8442,9.55,3.6059,0.1817
295.25,seguindo,gargalo_eixo,8.7143,3.7702,0.2144,-0.1941,-0.4085,0.25,3.4285,1.232,0.8517,9.55,3.6059,0.1808
295.3,seguindo,gargalo_eixo,8.7078,3.7689,0.2131,-0.1912,-0.4043,0.25,3.4332,1.9812,0.8578,9.55,3.6059,0.1801
295.35,seguindo,gargalo_eixo,8.6954,3.7664,0.2114,-0.1856,-0.397,0.25,3.4424,2.1505,0.8695,9.55,3.6059,0.1787
295.4,seguindo,gargalo_eixo,8.686,3.7645,0.2103,-0.1815,-0.3918,0.25,3.4493,2.2994,0.8784,9.55,3.6059,0.1777
295.45,seguindo,gargalo_eixo,8.6742,3.7621,0.2089,-0.1765,-0.3854,0.25,3.4579,2.5009,0.8895,9.55,3.6059,0.1767
295.5,seguindo,gargalo_eixo,8.6674,3.7608,0.2081,-0.1737,-0.3817,0.25,3.463,2.6232,0.8961,9.55,3.6059,0.1762
295.55,seguindo,gargalo_eixo,8.6589,3.7591,0.2071,-0.1702,-0.3773,0.25,3.4692,2.6318,0.9042,9.55,3.6059,0.1757
295.6,seguindo,gargalo_eixo,8.6515,3.7576,0.2062,-0.1673,-0.3735,0.25,3.4746,2.9761,0.9112,9.55,3.6059,0.1752
295.65,seguindo,gargalo_eixo,8.6487,3.7571,0.2059,-0.1662,-0.3721,0.25,3.4767,2.9761,0.9139,9.55,3.6059,0.175
295.7,seguindo,gargalo_eixo,8.646,3.7566,0.2056,-0.1651,-0.3707,0.25,3.4787,2.9761,0.9164,9.55,3.6059,0.1749
295.75,seguindo,gargalo_eixo,8.6442,3.7562,0.2056,-0.1644,-0.37,0.25,3.48,2.9761,0.9182,9.55,3.6059,0.1748
295.8,seguindo,gargalo_eixo,8.6439,3.7562,0.2055,-0.1643,-0.3699,0.25,3.4802,2.9761,0.9184,9.55,3.6059,0.1748
295.85,seguindo,gargalo_eixo,8.6438,3.7562,0.2055,-0.1643,-0.3698,0.25,3.4803,2.9761,0.9185,9.55,3.6059,0.1748
295.9,seguindo,gargalo_eixo,8.6438,3.7562,0.2055,-0.1643,-0.3698,0.25,3.4803,2.9761,0.9185,9.55,3.6059,0.1748
295.95,seguindo,gargalo_eixo,8.6438,3.7562,0.2055,-0.1643,-0.3698,0.25,3.4803,2.9761,0.9185,9.55,3.6059,0.1748
296.0,seguindo,gargalo_eixo,8.6438,3.7562,0.2055,-0.1643,-0.3698,0.25,3.4803,2.9761,0.9185,9.55,3.6059,0.1748
296.05,seguindo,gargalo_eixo,8.6438,3.7562,0.2055,-0.1643,-0.3698,0.25,3.4803,2.9761,0.9185,9.55,3.6059,0.1748
296.1,seguindo,gargalo_eixo,8.6438,3.7562,0.2055,-0.1643,-0.3698,0.25,3.4803,2.9761,0.9185,9.55,3.6059,0.1748
296.15,seguindo,gargalo_eixo,8.6438,3.7562,0.2055,-0.1643,-0.3698,0.25,3.4803,2.9761,0.9185,9.55,3.6059,0.1748
296.2,seguindo,gargalo_eixo,8.6438,3.7562,0.2055,-0.1643,-0.3698,0.25,3.4803,2.9761,0.9185,9.55,3.6059,0.1748
296.25,seguindo,gargalo_eixo,8.6438,3.7562,0.2055,-0.1643,-0.3698,0.25,3.4803,2.9761,0.9185,9.55,3.6059,0.1748
296.3,seguindo,gargalo_eixo,8.6438,3.7562,0.2055,-0.1643,-0.3698,0.25,3.4803,2.9761,0.9185,9.55,3.6059,0.1748
296.35,seguindo,gargalo_eixo,8.6438,3.7562,0.2055,-0.1643,-0.3698,0.25,3.4803,2.9761,0.9185,9.55,3.6059,0.1748
296.4,seguindo,gargalo_eixo,8.6438,3.7562,0.2055,-0.1643,-0.3698,0.25,3.4803,2.9761,0.9185,9.55,3.6059,0.1748
296.45,seguindo,gargalo_eixo,8.6438,3.7562,0.2055,-0.1643,-0.3698,0.25,3.4803,2.9761,0.9185,9.55,3.6059,0.1748
296.5,seguindo,gargalo_eixo,8.6438,3.7562,0.2055,-0.1643,-0.3698,0.25,3.4803,2.9761,0.9185,9.55,3.6059,0.1748
296.55,seguindo,gargalo_eixo,8.6438,3.7562,0.2055,-0.1643,-0.3698,0.25,3.4803,2.9761,0.9185,9.55,3.6059,0.1748
296.6,seguindo,gargalo_eixo,8.6438,3.7562,0.2055,-0.1643,-0.3698,0.25,3.4803,2.9761,0.9185,9.55,3.6059,0.1748
296.65,seguindo,gargalo_eixo,8.6438,3.7562,0.2055,-0.1643,-0.3698,0.25,3.4803,2.9761,0.9185,9.55,3.6059,0.1748
296.7,seguindo,gargalo_eixo,8.6438,3.7562,0.2055,-0.1643,-0.3698,0.25,3.4803,2.9761,0.9185,9.55,3.6059,0.1748
296.75,seguindo,gargalo_eixo,8.6438,3.7562,0.2055,-0.1643,-0.3698,0.25,3.4803,2.9761,0.9185,9.55,3.6059,0.1748
296.8,seguindo,gargalo_eixo,8.6438,3.7562,0.2055,-0.1643,-0.3698,0.25,3.4803,2.9761,0.9185,9.55,3.6059,0.1748
296.85,seguindo,gargalo_eixo,8.6438,3.7562,0.2055,-0.1643,-0.3698,0.25,3.4803,2.9761,0.9185,9.55,3.6059,0.1748
296.9,seguindo,gargalo_eixo,8.6438,3.7562,0.2055,-0.1643,-0.3698,0.25,3.4803,2.9761,0.9185,9.55,3.6059,0.1748
296.95,seguindo,gargalo_eixo,8.6438,3.7562,0.2055,-0.1643,-0.3698,0.25,3.4803,2.9761,0.9185,9.55,3.6059,0.1748
297.0,seguindo,gargalo_eixo,8.6438,3.7562,0.2055,-0.1643,-0.3698,0.25,3.4803,2.9761,0.9185,9.55,3.6059,0.1748
297.05,seguindo,gargalo_eixo,8.6438,3.7562,0.2055,-0.1643,-0.3698,0.25,3.4803,2.9761,0.9185,9.55,3.6059,0.1748
297.1,seguindo,gargalo_eixo,8.6438,3.7562,0.2055,-0.1643,-0.3698,0.25,3.4803,2.9761,0.9185,9.55,3.6059,0.1748
297.15,seguindo,gargalo_eixo,8.6438,3.7562,0.2055,-0.1643,-0.3698,0.25,3.4803,2.9761,0.9185,9.55,3.6059,0.1748
297.2,seguindo,gargalo_eixo,8.6438,3.7562,0.2055,-0.1643,-0.3698,0.25,3.4803,2.9761,0.9185,9.55,3.6059,0.1748
297.25,seguindo,gargalo_eixo,8.6438,3.7562,0.2055,-0.1643,-0.3698,0.25,3.4803,2.9761,0.9185,9.55,3.6059,0.1748
297.3,seguindo,gargalo_eixo,8.6438,3.7562,0.2055,-0.1643,-0.3698,0.25,3.4803,2.9761,0.9185,9.55,3.6059,0.1748
297.35,seguindo,gargalo_eixo,8.6438,3.7562,0.2055,-0.1643,-0.3698,0.25,3.4803,2.9761,0.9185,9.55,3.6059,0.1748
297.4,seguindo,gargalo_eixo,8.6438,3.7562,0.2055,-0.1643,-0.3698,0.25,3.4803,2.9761,0.9185,9.55,3.6059,0.1748
297.45,seguindo,gargalo_eixo,8.6438,3.7562,0.2055,-0.1643,-0.3698,0.25,3.4803,2.9761,0.9185,9.55,3.6059,0.1748
297.5,seguindo,gargalo_eixo,8.6438,3.7562,0.2055,-0.1643,-0.3698,0.25,3.4803,2.9761,0.9185,9.55,3.6059,0.1748
297.55,seguindo,gargalo_eixo,8.6438,3.7562,0.2055,-0.1643,-0.3698,0.25,3.4803,2.9761,0.9185,9.55,3.6059,0.1748
297.6,seguindo,gargalo_eixo,8.6438,3.7562,0.2055,-0.1643,-0.3698,0.25,3.4803,2.9761,0.9185,9.55,3.6059,0.1748
297.65,seguindo,gargalo_eixo,8.6438,3.7562,0.2055,-0.1643,-0.3698,0.25,3.4803,2.9761,0.9185,9.55,3.6059,0.1748
297.7,seguindo,gargalo_eixo,8.6438,3.7562,0.2055,-0.1643,-0.3698,0.25,3.4803,2.9761,0.9185,9.55,3.6059,0.1748
297.75,seguindo,gargalo_eixo,8.6438,3.7562,0.2055,-0.1643,-0.3698,0.25,3.4803,2.9761,0.9185,9.55,3.6059,0.1748
297.8,seguindo,gargalo_eixo,8.6438,3.7562,0.2055,-0.1643,-0.3698,0.25,3.4803,2.9761,0.9185,9.55,3.6059,0.1748
297.85,seguindo,gargalo_eixo,8.6438,3.7562,0.2055,-0.1643,-0.3698,0.25,3.4803,2.9761,0.9185,9.55,3.6059,0.1748
297.9,seguindo,gargalo_eixo,8.6438,3.7562,0.2055,-0.1643,-0.3698,0.25,3.4803,2.9761,0.9185,9.55,3.6059,0.1748
297.95,seguindo,gargalo_eixo,8.6438,3.7562,0.2055,-0.1643,-0.3698,0.25,3.4803,2.9761,0.9185,9.55,3.6059,0.1748
298.0,seguindo,gargalo_eixo,8.6438,3.7562,0.2055,-0.1643,-0.3698,0.25,3.4803,2.9761,0.9185,9.55,3.6059,0.1748
298.05,seguindo,gargalo_eixo,8.6438,3.7562,0.2055,-0.1643,-0.3698,0.25,3.4803,2.9761,0.9185,9.55,3.6059,0.1748
298.1,seguindo,gargalo_eixo,8.6438,3.7562,0.2055,-0.1643,-0.3698,0.25,3.4803,2.9761,0.9185,9.55,3.6059,0.1748
298.15,seguindo,gargalo_eixo,8.6438,3.7562,0.2055,-0.1643,-0.3698,0.25,3.4803,2.9761,0.9185,9.55,3.6059,0.1748
298.2,seguindo,gargalo_eixo,8.6438,3.7562,0.2055,-0.1643,-0.3698,0.25,3.4803,2.9761,0.9185,9.55,3.6059,0.1748
298.25,seguindo,gargalo_eixo,8.6438,3.7562,0.2055,-0.1643,-0.3698,0.25,3.4803,2.9761,0.9185,9.55,3.6059,0.1748
298.3,seguindo,gargalo_eixo,8.6438,3.7562,0.2055,-0.1643,-0.3698,0.25,3.4803,2.9761,0.9185,9.55,3.6059,0.1748
298.35,seguindo,gargalo_eixo,8.6438,3.7562,0.2055,-0.1643,-0.3698,0.25,3.4803,2.9761,0.9185,9.55,3.6059,0.1748
298.4,seguindo,gargalo_eixo,8.6438,3.7562,0.2055,-0.1643,-0.3698,0.25,3.4803,2.9761,0.9185,9.55,3.6059,0.1748
298.45,seguindo,gargalo_eixo,8.6438,3.7562,0.2055,-0.1643,-0.3698,0.25,3.4803,2.9761,0.9185,9.55,3.6059,0.1748
298.5,seguindo,gargalo_eixo,8.6438,3.7562,0.2055,-0.1643,-0.3698,0.25,3.4803,2.9761,0.9185,9.55,3.6059,0.1748
298.55,seguindo,gargalo_eixo,8.6438,3.7562,0.2055,-0.1643,-0.3698,0.25,3.4803,2.9761,0.9185,9.55,3.6059,0.1748
298.6,seguindo,gargalo_eixo,8.6438,3.7562,0.2055,-0.1643,-0.3698,0.25,3.4803,2.9761,0.9185,9.55,3.6059,0.1748
298.65,seguindo,gargalo_eixo,8.6438,3.7562,0.2055,-0.1643,-0.3698,0.25,3.4803,2.9761,0.9185,9.55,3.6059,0.1748
298.7,seguindo,gargalo_eixo,8.6438,3.7562,0.2055,-0.1643,-0.3698,0.25,3.4803,2.9761,0.9185,9.55,3.6059,0.1748
298.75,seguindo,gargalo_eixo,8.6438,3.7562,0.2055,-0.1643,-0.3698,0.25,3.4803,2.9761,0.9185,9.55,3.6059,0.1748
298.8,seguindo,gargalo_eixo,8.6438,3.7562,0.2055,-0.1643,-0.3698,0.25,3.4803,2.9761,0.9185,9.55,3.6059,0.1748
298.85,seguindo,gargalo_eixo,8.6438,3.7562,0.2055,-0.1643,-0.3698,0.25,3.4803,2.9761,0.9185,9.55,3.6059,0.1748
298.9,seguindo,gargalo_eixo,8.6438,3.7562,0.2055,-0.1643,-0.3698,0.25,3.4803,2.9761,0.9185,9.55,3.6059,0.1748
298.95,re,,8.6438,3.7562,0.2055,0.2055,0.0,-0.203,3.4803,inf,,,,0.0
299.0,re,,8.6438,3.7562,0.2055,0.2055,0.0,-0.203,3.4803,inf,,,,0.0
299.05,re,,8.6438,3.7562,0.2055,0.2055,0.0,-0.203,3.4803,inf,,,,0.0
299.1,re,,8.6438,3.7562,0.2055,0.2055,0.0,-0.203,3.4803,inf,,,,0.0
299.15,re,,8.6438,3.7562,0.2055,0.2055,0.0,-0.203,3.4803,inf,,,,0.0
299.2,re,,8.6438,3.7562,0.2055,0.2055,0.0,-0.203,3.4803,inf,,,,0.0
299.25,re,,8.6438,3.7562,0.2055,0.2055,0.0,-0.203,3.4803,inf,,,,0.0
299.3,re,,8.6438,3.7562,0.2055,0.2055,0.0,-0.203,3.4803,inf,,,,0.0
299.35,re,,8.6409,3.7556,0.2043,0.2043,0.0,-0.203,3.4824,inf,,,,0.0
299.4,re,,8.6376,3.7551,0.2029,0.2029,0.0,-0.203,3.4847,inf,,,,0.0
299.45,re,,8.6299,3.7537,0.2007,0.2007,0.0,-0.203,3.4903,inf,,,,0.0
299.5,re,,8.6236,3.7525,0.1993,0.1993,0.0,-0.203,3.495,inf,,,,0.0
299.55,re,,8.6112,3.7501,0.1974,0.1974,0.0,-0.203,3.5041,inf,,,,0.0
299.6,re,,8.6017,3.7484,0.196,0.196,0.0,-0.203,3.511,inf,,,,0.0
299.65,re,,8.5854,3.7454,0.1938,0.1938,0.0,-0.203,3.523,inf,,,,0.0
299.7,re,,8.5739,3.7432,0.1923,0.1923,0.0,-0.203,3.5315,inf,,,,0.0
299.75,re,,8.5566,3.74,0.1904,0.1904,0.0,-0.203,3.5442,inf,,,,0.0
299.801,re,,8.5451,3.7379,0.1892,0.1892,0.0,-0.203,3.5528,inf,,,,0.0
299.85,re,,8.5279,3.7347,0.1882,0.1882,0.0,-0.203,3.5655,inf,,,,0.0
299.9,re,,8.5165,3.7326,0.1878,0.1878,0.0,-0.203,3.574,inf,,,,0.0
299.95,re,,8.4996,3.7293,0.1882,0.1882,0.0,-0.203,3.5868,inf,,,,0.0
300.0,re,,8.4883,3.7271,0.1888,0.1888,0.0,-0.203,3.5953,inf,,,,0.0
300.05,re,,8.4715,3.7238,0.1904,0.1904,0.0,-0.203,3.6081,inf,,,,0.0
300.1,re,,8.4604,3.7215,0.1919,0.1919,0.0,-0.203,3.6166,inf,,,,0.0
300.15,re,,8.4438,3.7181,0.1944,0.1944,0.0,-0.203,3.6295,inf,,,,0.0
300.2,re,,8.4328,3.7157,0.1963,0.1963,0.0,-0.203,3.638,inf,,,,0.0
300.25,re,,8.4163,3.7122,0.1992,0.1992,0.0,-0.203,3.6509,inf,,,,0.0
300.3,re,,8.4053,3.7098,0.2012,0.2012,0.0,-0.203,3.6596,inf,,,,0.0
300.35,re,,8.3888,3.7061,0.2042,0.2042,0.0,-0.203,3.6726,inf,,,,0.0
300.4,re,,8.3778,3.7037,0.2062,0.2062,0.0,-0.203,3.6813,inf,,,,0.0
300.45,re,,8.3613,3.7,0.2092,0.2092,0.0,-0.203,3.6944,inf,,,,0.0
300.5,re,,8.3503,3.6974,0.2111,0.2111,0.0,-0.203,3.7031,inf,,,,0.0
300.601,seguindo,gargalo_eixo,8.3174,3.6898,0.2169,-0.068,-0.2849,0.25,3.7296,0.781,1.2354,9.55,3.6059,0.2142
300.65,seguindo,gargalo_eixo,8.3064,3.6872,0.2188,-0.0653,-0.2841,0.25,3.7385,0.781,1.2462,9.55,3.6059,0.2172
300.7,seguindo,gargalo_eixo,8.2955,3.6846,0.2207,-0.0626,-0.2834,0.25,3.7474,0.781,1.257,9.55,3.6059,0.2201
300.75,seguindo,gargalo_eixo,8.279,3.6807,0.2236,-0.0587,-0.2823,0.25,3.7609,0.781,1.2731,9.55,3.6059,0.2251
300.8,seguindo,gargalo_eixo,8.2681,3.678,0.2255,-0.0562,-0.2817,0.25,3.7698,0.781,1.2839,9.55,3.6059,0.2287
300.85,seguindo,gargalo_eixo,8.2517,3.674,0.2284,-0.0524,-0.2807,0.25,3.7833,0.781,1.3001,9.55,3.6059,0.2342
300.9,seguindo,gargalo_eixo,8.2407,3.6713,0.2303,-0.0499,-0.2801,0.25,3.7924,0.7266,1.3109,9.55,3.6059,0.2378
300.95,seguindo,gargalo_eixo,8.2243,3.6671,0.2331,-0.0462,-0.2793,0.25,3.806,0.7266,1.327,9.55,3.6059,0.2431
301.0,seguindo,gargalo_eixo,8.2134,3.6644,0.2351,-0.0437,-0.2788,0.25,3.8151,0.7266,1.3378,9.55,3.6059,0.2467
301.05,seguindo,gargalo_eixo,8.197,3.6602,0.2379,-0.0401,-0.278,0.25,3.8288,0.7266,1.354,9.55,3.6059,0.2527
301.1,seguindo,gargalo_eixo,8.1861,3.6574,0.2398,-0.0377,-0.2775,0.25,3.8379,0.7266,1.3648,9.55,3.6059,0.2568
301.15,seguindo,gargalo_eixo,8.1724,3.6541,0.2388,-0.035,-0.2738,0.25,3.8493,0.7266,1.3784,9.55,3.6059,0.2622
301.2,seguindo,gargalo_eixo,8.1644,3.6525,0.2355,-0.0336,-0.2691,0.25,3.8556,0.7419,1.3863,9.55,3.6059,0.2655
301.25,seguindo,gargalo_eixo,8.1553,3.6506,0.2336,-0.032,-0.2656,0.25,3.863,0.7419,1.3954,9.55,3.6059,0.2693
301.3,seguindo,gargalo_eixo,8.1505,3.6494,0.2336,-0.0311,-0.2647,0.25,3.8669,0.7419,1.4001,9.55,3.6059,0.2712
301.35,seguindo,gargalo_eixo,8.1461,3.6484,0.2337,-0.0303,-0.264,0.25,3.8706,0.7419,1.4045,9.55,3.6059,0.2729
301.4,seguindo,gargalo_eixo,8.1445,3.648,0.2337,-0.03,-0.2637,0.25,3.8719,0.7419,1.4061,9.55,3.6059,0.2736
301.45,seguindo,gargalo_eixo,8.1446,3.6485,0.2299,-0.0303,-0.2601,0.25,3.8715,0.7419,1.406,9.55,3.6059,0.2738
301.5,seguindo,gargalo_eixo,8.146,3.6492,0.2248,-0.0308,-0.2556,0.25,3.87,0.7419,1.4046,9.55,3.6059,0.2736
301.55,seguindo,gargalo_eixo,8.1507,3.6513,0.2132,-0.0324,-0.2455,0.25,3.8654,0.7419,1.4,9.55,3.6059,0.2725
301.6,seguindo,gargalo_eixo,8.1574,3.6539,0.1977,-0.0345,-0.2322,0.25,3.8591,0.7419,1.3934,9.55,3.6059,0.2708
301.65,seguindo,gargalo_eixo,8.1644,3.6565,0.1831,-0.0365,-0.2196,0.25,3.8526,0.7419,1.3865,9.55,3.6059,0.2688
301.7,seguindo,gargalo_eixo,8.1719,3.6592,0.1677,-0.0386,-0.2063,0.25,3.8457,0.7266,1.379,9.55,3.6059,0.2665
301.75,seguindo,gargalo_eixo,8.1846,3.6635,0.1393,-0.0422,-0.1815,0.25,3.8342,0.7266,1.3665,9.55,3.6059,0.2626
301.8,seguindo,gargalo_eixo,8.1939,3.6664,0.1187,-0.0446,-0.1633,0.25,3.826,0.7266,1.3574,9.55,3.6059,0.2596
301.85,seguindo,gargalo_eixo,8.2074,3.6707,0.083,-0.0482,-0.1312,0.25,3.8141,0.7266,1.3441,9.55,3.6059,0.2553
301.9,seguindo,gargalo_eixo,8.2207,3.6747,0.0444,-0.0517,-0.0962,0.25,3.8025,0.7266,1.3311,9.55,3.6059,0.2515
301.95,seguindo,gargalo_eixo,8.2304,3.6775,0.0141,-0.0542,-0.0683,0.25,3.7941,0.7266,1.3215,9.55,3.6059,0.2485
302.0,seguindo,gargalo_eixo,8.2404,3.68,-0.0167,-0.0565,-0.0398,0.25,3.7859,0.7266,1.3117,9.55,3.6059,0.2453
302.05,seguindo,gargalo_eixo,8.2557,3.6832,-0.0632,-0.0596,0.0036,0.25,3.7737,0.781,1.2966,9.55,3.6059,0.2397
302.1,seguindo,gargalo_eixo,8.2662,3.6848,-0.0931,-0.0614,0.0318,0.25,3.7657,0.781,1.2861,9.55,3.6059,0.2354
302.15,seguindo,gargalo_eixo,8.2826,3.6864,-0.1358,-0.0634,0.0724,0.25,3.7542,0.781,1.27,9.55,3.6059,0.2281
302.2,seguindo,gargalo_eixo,8.2938,3.6869,-0.1623,-0.0644,0.0979,0.25,3.7467,0.781,1.2588,9.55,3.6059,0.2229
302.25,seguindo,gargalo_eixo,8.3115,3.6866,-0.1971,-0.065,0.132,0.25,3.7359,0.781,1.2411,9.55,3.6059,0.2142
302.3,seguindo,gargalo_eixo,8.3237,3.6857,-0.2174,-0.065,0.1525,0.25,3.7289,0.781,1.2289,9.55,3.6059,0.2076
302.35,seguindo,gargalo_eixo,8.3407,3.684,-0.245,-0.0645,0.1805,0.25,3.7197,0.9101,1.2118,9.55,3.6059,0.1979
302.4,seguindo,gargalo_eixo,8.3514,3.6828,-0.2643,-0.0641,0.2002,0.25,3.7139,0.9101,1.201,9.55,3.6059,0.1918
302.45,seguindo,gargalo_eixo,8.3671,3.6803,-0.287,-0.0628,0.2242,0.25,3.7062,0.9101,1.1852,9.55,3.6059,0.1821
302.5,seguindo,gargalo_eixo,8.3774,3.6783,-0.2996,-0.0616,0.2379,0.25,3.7015,0.9101,1.1748,9.55,3.6059,0.1759
302.55,seguindo,gargalo_eixo,8.3925,3.6745,-0.3115,-0.0592,0.2523,0.25,3.6952,0.9101,1.1595,9.55,3.6059,0.1662
302.6,seguindo,gargalo_eixo,8.4025,3.6717,-0.3168,-0.0573,0.2595,0.25,3.6913,0.9101,1.1493,9.55,3.6059,0.1596
302.65,seguindo,gargalo_eixo,8.4172,3.667,-0.3181,-0.0539,0.2642,0.25,3.6862,1.1353,1.1344,9.55,3.6059,0.1493
302.7,seguindo,gargalo_eixo,8.4269,3.6637,-0.3164,-0.0514,0.265,0.25,3.683,1.1353,1.1246,9.55,3.6059,0.1424
302.75,seguindo,gargalo_eixo,8.4411,3.6584,-0.3086,-0.0473,0.2613,0.25,3.6786,1.1353,1.1101,9.55,3.6059,0.1317
302.8,seguindo,gargalo_eixo,8.4506,3.6549,-0.3018,-0.0445,0.2573,0.25,3.6758,1.1353,1.1005,9.55,3.6059,0.1246
302.85,seguindo,gargalo_eixo,8.465,3.6493,-0.2884,-0.04,0.2484,0.25,3.6716,1.1353,1.0859,9.55,3.6059,0.1144
302.9,seguindo,gargalo_eixo,8.4746,3.6457,-0.2784,-0.0369,0.2414,0.25,3.6688,1.1353,1.076,9.55,3.6059,0.1077
302.95,seguindo,gargalo_eixo,8.4893,3.6404,-0.2638,-0.0324,0.2314,0.25,3.6644,1.1353,1.0612,9.55,3.6059,0.0978
303.0,seguindo,gargalo_eixo,8.4992,3.6369,-0.2544,-0.0295,0.2249,0.25,3.6614,1.4983,1.0512,9.55,3.6059,0.0914
303.05,seguindo,gargalo_eixo,8.5141,3.632,-0.2404,-0.0252,0.2152,0.25,3.6567,1.4983,1.0362,9.55,3.6059,0.0818
303.1,seguindo,gargalo_eixo,8.5241,3.6288,-0.2312,-0.0223,0.2089,0.25,3.6534,1.4983,1.0261,9.55,3.6059,0.0755
303.15,seguindo,gargalo_eixo,8.5391,3.6242,-0.2174,-0.0181,0.1993,0.25,3.6484,1.4983,1.011,9.55,3.6059,0.0669
303.2,seguindo,gargalo_eixo,8.5492,3.6213,-0.2082,-0.0153,0.1929,0.25,3.645,1.4983,1.0009,9.55,3.6059,0.0615
303.25,seguindo,gargalo_eixo,8.5643,3.617,-0.1944,-0.0113,0.1832,0.25,3.6398,2.0711,0.9857,9.55,3.6059,0.0535
303.3,seguindo,gargalo_eixo,8.5745,3.6143,-0.1852,-0.0086,0.1766,0.25,3.6362,2.0711,0.9755,9.55,3.6059,0.0483
303.35,seguindo,gargalo_eixo,8.5897,3.6104,-0.1713,-0.0047,0.1667,0.25,3.6308,2.0711,0.9603,9.55,3.6059,0.0406
303.4,seguindo,gargalo_eixo,8.5998,3.6079,-0.1621,-0.0021,0.16,0.25,3.6271,2.0711,0.9501,9.55,3.6059,0.0362
303.45,seguindo,gargalo_eixo,8.6151,3.6044,-0.1481,0.0017,0.1497,0.25,3.6214,2.0711,0.9348,9.55,3.6059,0.0298
303.5,seguindo,gargalo_eixo,8.6253,3.6021,-0.1387,0.0041,0.1428,0.25,3.6175,2.9761,0.9246,9.55,3.6059,0.0257
303.55,seguindo,gargalo_eixo,8.6407,3.5989,-0.1246,0.0077,0.1323,0.25,3.6116,2.9761,0.9093,9.55,3.6059,0.0197
303.6,seguindo,gargalo_eixo,8.6509,3.5969,-0.1152,0.01,0.1252,0.25,3.6076,2.9761,0.8991,9.55,3.6059,0.016
303.65,seguindo,gargalo_eixo,8.6664,3.5941,-0.101,0.0134,0.1144,0.25,3.6014,2.9761,0.8837,9.55,3.6059,0.0111
303.7,seguindo,gargalo_eixo,8.6767,3.5923,-0.0916,0.0156,0.1072,0.25,3.5973,2.214,0.8734,9.55,3.6059,0.008
303.75,seguindo,gargalo_eixo,8.6921,3.5898,-0.0775,0.0187,0.0962,0.25,3.5909,1.983,0.858,9.55,3.6059,0.0035
303.8,seguindo,gargalo_eixo,8.7025,3.5883,-0.0681,0.0208,0.0888,0.25,3.5865,1.8582,0.8477,9.55,3.6059,0.0007
303.85,seguindo,gargalo_eixo,8.718,3.5862,-0.0538,0.0237,0.0775,0.25,3.5799,1.2557,0.8322,9.55,3.6059,-0.0028
303.9,seguindo,gargalo_eixo,8.7283,3.5849,-0.0442,0.0256,0.0698,0.25,3.5754,0.5586,0.8219,9.55,3.6059,-0.005
303.95,seguindo,gargalo_eixo,8.7439,3.5832,-0.0299,0.0282,0.0581,0.1635,3.5686,0.1635,0.8064,9.55,3.6059,-0.0082
304.0,seguindo,gargalo_eixo,8.7542,3.5821,-0.0203,0.0299,0.0502,0.25,3.5639,6.7859,0.7961,9.55,3.6059,-0.01
304.05,seguindo,gargalo_eixo,8.7698,3.5808,-0.0061,0.0323,0.0383,0.25,3.5568,6.7859,0.7805,9.55,3.6059,-0.0123
304.1,seguindo,gargalo_eixo,8.7803,3.58,0.0033,0.0337,0.0304,0.25,3.552,6.603,0.7701,9.55,3.6059,-0.0137
304.15,seguindo,gargalo_eixo,8.7959,3.579,0.0174,0.0357,0.0183,0.25,3.5446,6.8174,0.7545,9.55,3.6059,-0.0157
304.2,seguindo,gargalo_eixo,8.8063,3.5784,0.0268,0.0369,0.0101,0.25,3.5396,6.9036,0.7441,9.55,3.6059,-0.0167
304.25,seguindo,gargalo_eixo,8.822,3.5778,0.0409,0.0386,-0.0023,0.25,3.532,6.674,0.7285,9.55,3.6059,-0.0179
304.3,seguindo,gargalo_eixo,8.8325,3.5775,0.0503,0.0395,-0.0107,0.25,3.5269,4.1272,0.718,9.55,3.6059,-0.0186
304.35,seguindo,gargalo_eixo,8.8482,3.5773,0.0643,0.0408,-0.0235,0.25,3.519,4.122,0.7024,9.55,3.6059,-0.0195
304.4,seguindo,gargalo_eixo,8.8586,3.5772,0.0737,0.0415,-0.0322,0.25,3.5137,3.9712,0.6919,9.55,3.6059,-0.0198
304.45,seguindo,gargalo_eixo,8.8743,3.5774,0.0877,0.0422,-0.0455,0.25,3.5056,3.5401,0.6763,9.55,3.6059,-0.0201
304.5,seguindo,gargalo_eixo,8.8848,3.5776,0.0971,0.0426,-0.0545,0.25,3.5002,2.0885,0.6658,9.55,3.6059,-0.0202
304.55,seguindo,gargalo_eixo,8.9004,3.5781,0.1111,0.0429,-0.0682,0.25,3.4919,1.898,0.6501,9.55,3.6059,-0.0201
304.6,seguindo,gargalo_eixo,8.9161,3.5788,0.1252,0.0428,-0.0824,0.25,3.4834,1.346,0.6344,9.55,3.6059,-0.0196
304.65,seguindo,gargalo_eixo,8.9265,3.5793,0.1346,0.0426,-0.092,0.25,3.4777,0.6126,0.624,9.55,3.6059,-0.0192
304.7,seguindo,gargalo_eixo,8.937,3.58,0.144,0.0422,-0.1018,0.25,3.472,0.3458,0.6135,9.55,3.6059,-0.0186
304.75,seguindo,gargalo_eixo,8.9526,3.5812,0.1581,0.0413,-0.1168,0.25,3.4632,10.5742,0.5979,9.55,3.6059,-0.0177
304.8,seguindo,gargalo_eixo,8.963,3.5822,0.1675,0.0404,-0.127,0.25,3.4573,10.561,0.5874,9.55,3.6059,-0.0168
304.85,seguindo,gargalo_eixo,8.9786,3.5838,0.1816,0.0388,-0.1428,0.25,3.4484,6.5886,0.5718,9.55,3.6059,-0.0154
304.9,seguindo,gargalo_eixo,8.989,3.5849,0.191,0.0374,-0.1536,0.25,3.4423,6.6926,0.5614,9.55,3.6059,-0.0143
304.95,seguindo,gargalo_eixo,9.0045,3.5869,0.2051,0.0349,-0.1702,0.25,3.4331,6.9302,0.5457,9.55,3.6059,-0.0125
305.0,seguindo,gargalo_eixo,9.0149,3.5883,0.2145,0.0329,-0.1815,0.25,3.4269,6.7616,0.5354,9.55,3.6059,-0.0111
305.05,seguindo,gargalo_eixo,9.0304,3.5906,0.2286,0.0295,-0.1991,0.25,3.4175,4.1357,0.5198,9.55,3.6059,-0.0089
305.1,seguindo,gargalo_eixo,9.0407,3.5923,0.238,0.0268,-0.2112,0.25,3.4112,4.1032,0.5094,9.55,3.6059,-0.0073
305.15,seguindo,gargalo_eixo,9.0562,3.595,0.252,0.0222,-0.2298,0.25,3.4016,4.0275,0.4939,9.55,3.6059,-0.0047
305.2,seguindo,gargalo_eixo,9.0716,3.5979,0.2661,0.0169,-0.2493,0.25,3.3918,3.5973,0.4784,9.55,3.6059,-0.0019
305.25,seguindo,gargalo_eixo,9.0818,3.5999,0.2755,0.0129,-0.2627,0.25,3.3852,2.1252,0.4682,9.55,3.6059,0.0002
305.3,seguindo,gargalo_eixo,9.0921,3.6021,0.2849,0.0085,-0.2764,0.25,3.3786,1.9774,0.4579,9.55,3.6059,0.0023
305.35,seguindo,gargalo_eixo,9.1074,3.6055,0.2989,0.0011,-0.2979,0.25,3.3685,1.6639,0.4426,9.55,3.6059,0.0056
305.4,seguindo,gargalo_eixo,9.1176,3.6079,0.3082,-0.0045,-0.3127,0.25,3.3617,1.2659,0.4324,9.55,3.6059,0.008
305.45,seguindo,gargalo_eixo,9.1328,3.6116,0.3223,-0.0136,-0.3359,0.25,3.3515,0.4391,0.4172,9.55,3.6059,0.0117
305.5,seguindo,gargalo_eixo,9.1429,3.6142,0.3317,-0.0204,-0.3521,0.182,3.3446,0.182,0.4071,9.55,3.6059,0.0143
305.55,seguindo,gargalo_eixo,9.158,3.6183,0.3458,-0.0317,-0.3775,0.25,3.3341,10.939,0.3921,9.55,3.6059,0.0184
305.6,seguindo,gargalo_eixo,9.1681,3.6212,0.3553,-0.0399,-0.3952,0.25,3.3271,11.4902,0.3822,9.55,3.6059,0.0212
305.65,seguindo,gargalo_eixo,9.1831,3.6256,0.3694,-0.0537,-0.4231,0.25,3.3164,7.6006,0.3674,9.55,3.6059,0.0256
305.7,seguindo,gargalo_eixo,9.1931,3.6287,0.3788,-0.0639,-0.4427,0.25,3.3092,7.6006,0.3576,9.55,3.6059,0.0287
305.75,seguindo,gargalo_eixo,9.2085,3.6341,0.3889,-0.0822,-0.4711,0.25,3.2977,7.6006,0.3426,9.55,3.6059,0.034
305.8,seguindo,gargalo_eixo,9.2188,3.638,0.3932,-0.0964,-0.4897,0.25,3.2897,7.6006,0.3327,9.55,3.6059,0.0379
305.85,seguindo,gargalo_eixo,9.234,3.6441,0.3946,-0.1204,-0.5149,0.25,3.2775,4.8203,0.3183,9.55,3.6059,0.044
305.9,seguindo,gargalo_eixo,9.244,3.6484,0.3937,-0.1378,-0.5315,0.25,3.2694,4.8203,0.3089,9.55,3.6059,0.0482
305.95,seguindo,gargalo_eixo,9.2588,3.6551,0.3873,-0.1672,-0.5545,0.25,3.257,4.8203,0.2952,9.55,3.6059,0.0549
306.0,seguindo,gargalo_eixo,9.2687,3.6596,0.3812,-0.1886,-0.5698,0.25,3.2487,4.8203,0.2863,9.55,3.6059,0.0594
306.05,seguindo,gargalo_eixo,9.2829,3.6664,0.3671,-0.2227,-0.5897,0.25,3.2365,3.1292,0.2739,9.55,3.6059,0.0661
306.1,seguindo,gargalo_eixo,9.292,3.6708,0.3558,-0.2466,-0.6024,0.25,3.2286,3.1292,0.266,9.55,3.6059,0.0705
306.15,seguindo,gargalo_eixo,9.3057,3.6777,0.334,-0.2856,-0.6196,0.25,3.2167,3.1292,0.2546,9.55,3.6059,0.0773
306.2,seguindo,gargalo_eixo,9.3148,3.6821,0.3176,-0.3135,-0.6311,0.25,3.2088,3.1292,0.2472,9.55,3.6059,0.0817
306.25,seguindo,gargalo_eixo,9.3283,3.6889,0.2881,-0.3583,-0.6463,0.25,3.1971,2.0752,0.2366,9.55,3.6059,0.0884
306.3,seguindo,gargalo_eixo,9.3374,3.6933,0.2665,-0.39,-0.6565,0.25,3.1893,2.0752,0.2298,9.55,3.6059,0.0927
306.35,seguindo,gargalo_eixo,9.3508,3.6999,0.2293,-0.4408,-0.67,0.25,3.1778,2.0752,0.2202,9.55,3.6059,0.0992
306.4,seguindo,gargalo_eixo,9.3598,3.7041,0.2026,-0.4765,-0.6791,0.25,3.1703,2.0752,0.214,9.55,3.6059,0.1033
306.45,seguindo,gargalo_eixo,9.3733,3.7102,0.1576,-0.5333,-0.6909,0.25,3.1592,2.0752,0.2052,9.55,3.6059,0.1094
306.5,seguindo,gargalo_eixo,9.3822,3.7141,0.1258,-0.573,-0.6988,0.25,3.152,1.4079,0.1996,9.55,3.6059,0.1132
306.55,seguindo,gargalo_eixo,9.3958,3.7198,0.0733,-0.6362,-0.7096,0.25,3.1414,1.4079,0.1917,9.55,3.6059,0.1187
306.6,seguindo,gargalo_eixo,9.4049,3.7233,0.0366,-0.6804,-0.717,0.25,3.1346,1.4079,0.1866,9.55,3.6059,0.1221
306.65,seguindo,gargalo_eixo,9.4188,3.728,-0.0191,-0.7494,-0.7303,0.25,3.1248,1.4079,0.1792,9.55,3.6059,0.1266
306.7,seguindo,gargalo_eixo,9.4281,3.7307,-0.0564,-0.7972,-0.7408,0.25,3.1187,0.9811,0.1744,9.55,3.6059,0.1291
306.75,seguindo,gargalo_eixo,9.4422,3.7341,-0.1127,-0.8719,-0.7592,0.25,3.11,0.9811,0.1674,9.55,3.6059,0.1323
306.8,seguindo,gargalo_eixo,9.4517,3.7359,-0.1503,-0.9238,-0.7735,0.25,3.1046,0.9811,0.1629,9.55,3.6059,0.1339
306.85,seguindo,gargalo_eixo,9.466,3.7381,-0.2072,-1.005,-0.7979,0.25,3.0972,0.9811,0.1565,9.55,3.6059,0.1357
306.9,seguindo,gargalo_eixo,9.4756,3.739,-0.2452,-1.0615,-0.8164,0.25,3.0926,0.7075,0.1525,9.55,3.6059,0.1365
306.95,seguindo,gargalo_eixo,9.49,3.7399,-0.3026,-1.1499,-0.8473,0.25,3.0864,0.7075,0.1468,9.55,3.6059,0.1369
307.0,seguindo,gargalo_eixo,9.4996,3.74,-0.341,-1.2113,-0.8703,0.25,3.0827,0.7075,0.1432,9.55,3.6059,0.1367
307.05,seguindo,gargalo_eixo,9.5139,3.7395,-0.3988,-1.3073,-0.9085,0.25,3.0779,0.7075,0.1383,9.55,3.6059,0.1357
307.1,seguindo,normal,9.5235,3.7387,-0.4373,0.0088,0.4461,0.5,3.0751,0.5335,0.37,9.9245,3.7422,0.1345
307.15,seguindo,normal,9.5356,3.738,-0.4959,0.0109,0.5068,0.5,3.0713,0.5335,0.37,9.9245,3.7422,0.1333
307.2,seguindo,normal,9.5428,3.7379,-0.5386,0.0113,0.5499,0.5,3.0688,0.5335,0.37,9.9245,3.7422,0.1329
307.25,seguindo,normal,9.5559,3.7362,-0.6098,0.0164,0.6262,0.5,3.0657,0.5335,0.37,9.9245,3.7422,0.1304
307.3,seguindo,normal,9.5657,3.7342,-0.6618,0.1161,0.7779,0.4224,3.0641,0.4224,0.37,9.9498,3.779,0.1278
307.35,seguindo,normal,9.5802,3.7307,-0.7434,0.1299,0.8733,0.4224,3.0623,0.4224,0.37,9.9498,3.779,0.1234
307.4,seguindo,normal,9.5896,3.7278,-0.7987,0.1411,0.9397,0.4224,3.0617,0.4224,0.37,9.9498,3.779,0.1199
307.45,seguindo,normal,9.6033,3.7227,-0.8817,0.1611,1.0427,0.4224,3.0618,0.4224,0.37,9.9498,3.779,0.1135
307.5,seguindo,normal,9.6121,3.7187,-0.9368,0.2734,1.2103,0.3605,3.0625,0.3605,0.37,9.971,3.8194,0.1087
307.55,seguindo,normal,9.6242,3.7118,-1.0122,0.3008,1.313,0.3605,3.0649,0.3605,0.37,9.971,3.8194,0.1007
307.6,seguindo,normal,9.6315,3.7068,-1.0581,0.3202,1.3782,0.3605,3.0672,0.3605,0.37,9.971,3.8194,0.095
307.65,seguindo,normal,9.6417,3.6988,-1.1211,0.351,1.4721,0.3605,3.0714,0.3605,0.37,9.971,3.8194,0.0858
307.7,seguindo,normal,9.648,3.6932,-1.1581,0.3724,1.5305,0.3605,3.0747,0.3605,0.37,9.971,3.8194,0.0793
307.75,seguindo,normal,9.6558,3.6853,-1.2072,0.402,1.6093,0.3605,3.0796,0.3605,0.37,9.971,3.8194,0.0705
307.8,seguindo,normal,9.6604,3.6804,-1.2402,0.507,1.7472,0.3354,3.0828,0.3354,0.37,9.9886,3.8627,0.0649
307.85,seguindo,normal,9.6664,3.6737,-1.2853,0.5305,1.8158,0.3354,3.0872,0.3354,0.37,9.9886,3.8627,0.0574
307.9,seguindo,normal,9.67,3.6694,-1.3132,0.5452,1.8584,0.3354,3.0901,0.3354,0.37,9.9886,3.8627,0.0527
307.95,seguindo,normal,9.6746,3.6625,-1.3481,0.5674,1.9155,0.3354,3.0952,0.3354,0.37,9.9886,3.8627,0.0452
308.0,seguindo,normal,9.6773,3.6577,-1.3686,0.5822,1.9509,0.3354,3.0989,0.3354,0.37,9.9886,3.8627,0.0401
308.05,seguindo,normal,9.6801,3.6531,-1.3918,0.5966,1.9884,0.3354,3.1024,0.3354,0.37,9.9886,3.8627,0.0351
308.1,seguindo,normal,9.6813,3.6514,-1.4024,0.6024,2.0047,0.3354,3.1037,0.3354,0.37,9.9886,3.8627,0.0332
308.15,seguindo,normal,9.6822,3.6513,-1.4132,0.6038,2.017,0.3354,3.1034,0.3354,0.37,9.9886,3.8627,0.0331
308.201,seguindo,normal,9.6825,3.6532,-1.4204,0.6002,2.0206,0.3354,3.1016,0.3354,0.37,9.9886,3.8627,0.0348
308.25,seguindo,normal,9.6823,3.6547,-1.42,0.5963,2.0164,0.3354,3.1002,0.3354,0.37,9.9886,3.8627,0.0364
308.301,seguindo,normal,9.682,3.6563,-1.4195,0.5924,2.0119,0.3354,3.0988,0.3354,0.37,9.9886,3.8627,0.038
308.35,seguindo,normal,9.6811,3.6586,-1.4137,0.5859,1.9997,0.3354,3.0969,0.3354,0.37,9.9886,3.8627,0.0404
308.4,seguindo,normal,9.6804,3.6601,-1.408,0.5815,1.9895,0.3354,3.0956,0.3354,0.37,9.9886,3.8627,0.042
308.45,seguindo,normal,9.6789,3.6623,-1.3945,0.5743,1.9688,0.3354,3.094,0.3354,0.37,9.9886,3.8627,0.0444
308.5,seguindo,normal,9.6778,3.6637,-1.3836,0.5694,1.953,0.3354,3.0931,0.3354,0.37,9.9886,3.8627,0.0459
308.55,seguindo,normal,9.6756,3.6657,-1.3623,0.5616,1.924,0.3354,3.0918,0.3354,0.37,9.9886,3.8627,0.0482
308.6,seguindo,normal,9.674,3.667,-1.3463,0.5564,1.9027,0.3354,3.0911,0.3354,0.37,9.9886,3.8627,0.0497
308.65,seguindo,normal,9.6711,3.6688,-1.3173,0.5482,1.8656,0.3354,3.0903,0.3354,0.37,9.9886,3.8627,0.0519
308.7,seguindo,normal,9.6691,3.6699,-1.2962,0.5428,1.839,0.3354,3.09,0.3354,0.37,9.9886,3.8627,0.0533
308.75,seguindo,normal,9.6655,3.6713,-1.2595,0.5346,1.7941,0.3354,3.0897,0.3354,0.37,9.9886,3.8627,0.0552
308.8,seguindo,normal,9.663,3.6722,-1.2332,0.5293,1.7626,0.3354,3.0897,0.3354,0.37,9.9886,3.8627,0.0564
308.85,seguindo,normal,9.6587,3.6732,-1.1889,0.4379,1.6268,0.3605,3.0902,0.3605,0.37,9.971,3.8194,0.058
308.9,seguindo,normal,9.6558,3.6736,-1.1575,0.433,1.5905,0.3605,3.0906,0.3605,0.37,9.971,3.8194,0.0589
308.95,seguindo,normal,9.6509,3.674,-1.1054,0.4263,1.5316,0.3605,3.0919,0.3605,0.37,9.971,3.8194,0.0599
309.0,seguindo,normal,9.6475,3.674,-1.0688,0.4222,1.491,0.3605,3.0929,0.3605,0.37,9.971,3.8194,0.0604
309.05,seguindo,normal,9.6421,3.6737,-1.0089,0.4171,1.426,0.3605,3.0951,0.3605,0.37,9.971,3.8194,0.0608
309.1,seguindo,normal,9.6384,3.6731,-0.9673,0.4143,1.3815,0.3605,3.0968,0.3605,0.37,9.971,3.8194,0.0608
309.15,seguindo,normal,9.6325,3.6718,-0.8997,0.4112,1.3109,0.3605,3.0999,0.3605,0.37,9.971,3.8194,0.0601
309.2,seguindo,normal,9.6286,3.6706,-0.8528,0.4099,1.2627,0.3605,3.1024,0.3605,0.37,9.971,3.8194,0.0592
309.25,seguindo,normal,9.6225,3.6681,-0.7775,0.4094,1.187,0.3605,3.1067,0.3605,0.37,9.971,3.8194,0.0574
309.3,seguindo,normal,9.6184,3.6661,-0.7256,0.41,1.1356,0.3605,3.1099,0.3605,0.37,9.971,3.8194,0.0558
309.35,seguindo,normal,9.6123,3.6624,-0.6426,0.3325,0.9751,0.4224,3.1155,0.4224,0.37,9.9498,3.779,0.0526
309.4,seguindo,normal,9.6083,3.6595,-0.5854,0.3364,0.9218,0.4224,3.1195,0.4224,0.37,9.9498,3.779,0.0502
309.45,seguindo,normal,9.6024,3.6544,-0.4947,0.3442,0.8389,0.4224,3.1263,0.4224,0.37,9.9498,3.779,0.0456
309.5,seguindo,normal,9.5987,3.6506,-0.4324,0.3505,0.7829,0.4224,3.1311,0.4224,0.37,9.9498,3.779,0.0422
309.55,seguindo,normal,9.5935,3.6441,-0.3339,0.3619,0.6958,0.4224,3.139,0.4224,0.37,9.9498,3.779,0.0361
309.6,seguindo,normal,9.5903,3.6393,-0.2665,0.3706,0.637,0.4224,3.1446,0.4224,0.37,9.9498,3.779,0.0316
309.65,seguindo,normal,9.5878,3.6312,-0.1624,0.3876,0.5501,0.4224,3.1531,0.4224,0.37,9.9498,3.779,0.0236
309.7,seguindo,normal,9.5876,3.6255,-0.0929,0.4007,0.4936,0.4224,3.1585,0.4224,0.37,9.9498,3.779,0.018
309.75,seguindo,normal,9.5881,3.6173,0.0077,0.4204,0.4127,0.4224,3.1661,0.4224,0.37,9.9498,3.779,0.0097
309.8,seguindo,normal,9.5889,3.6121,0.0714,0.4331,0.3616,0.4224,3.1707,0.4224,0.37,9.9498,3.779,0.0045
309.85,seguindo,normal,9.5909,3.6048,0.1632,0.4518,0.2886,0.4224,3.177,0.4224,0.37,9.9498,3.779,-0.0029
309.9,seguindo,normal,9.5925,3.6003,0.2208,0.4637,0.2428,0.4224,3.1806,0.4224,0.37,9.9498,3.779,-0.0075
309.95,seguindo,normal,9.5956,3.5942,0.303,0.481,0.178,0.4224,3.1854,0.4224,0.37,9.9498,3.779,-0.0138
310.0,seguindo,normal,9.5979,3.5905,0.354,0.4917,0.1377,0.4224,3.1881,0.4224,0.37,9.9498,3.779,-0.0176
310.051,seguindo,normal,9.6006,3.5873,0.4028,0.502,0.0992,0.4224,3.1903,0.4224,0.37,9.9498,3.779,-0.0211
310.1,seguindo,normal,9.6047,3.583,0.4702,0.5164,0.0463,0.4224,3.1929,0.4224,0.37,9.9498,3.779,-0.0257
310.15,seguindo,normal,9.6092,3.5797,0.5315,0.5294,-0.0021,0.4224,3.1946,0.4224,0.37,9.9498,3.779,-0.0294
310.2,seguindo,normal,9.6122,3.5779,0.5689,0.3921,-0.1768,0.5,3.1953,0.7416,0.37,9.9772,3.7288,0.0244
310.25,seguindo,normal,9.6167,3.5756,0.622,0.4019,-0.2202,0.5,3.1961,0.7416,0.37,9.9772,3.7288,0.0211
310.3,seguindo,normal,9.6197,3.5744,0.6542,0.4077,-0.2465,0.5,3.1963,0.7416,0.37,9.9772,3.7288,0.0193
310.35,seguindo,normal,9.624,3.5729,0.6997,0.4155,-0.2842,0.5,3.1962,0.7006,0.37,9.9772,3.7288,0.017
310.4,seguindo,normal,9.6268,3.5723,0.7269,0.42,-0.3069,0.5,3.196,0.7006,0.37,9.9772,3.7288,0.0157
310.45,seguindo,normal,9.6307,3.5716,0.7646,0.4258,-0.3388,0.5,3.1953,0.7006,0.37,9.9772,3.7288,0.0141
310.5,seguindo,normal,9.6332,3.5714,0.7869,0.4291,-0.3578,0.5,3.1947,0.7006,0.37,9.9772,3.7288,0.0134
310.55,seguindo,normal,9.6367,3.5712,0.8175,0.4334,-0.3841,0.5,3.1938,0.7006,0.37,9.9772,3.7288,0.0124
310.6,seguindo,normal,9.6389,3.5712,0.8357,0.436,-0.3997,0.5,3.1932,0.7006,0.37,9.9772,3.7288,0.0118
310.65,seguindo,normal,9.6418,3.5714,0.8584,0.4387,-0.4197,0.5,3.1921,0.7006,0.37,9.9772,3.7288,0.0114
310.7,seguindo,normal,9.6434,3.5716,0.8707,0.44,-0.4306,0.5,3.1913,0.7006,0.37,9.9772,3.7288,0.0113
310.75,seguindo,normal,9.6453,3.5722,0.8836,0.4408,-0.4427,0.5,3.1901,0.7006,0.37,9.9772,3.7288,0.0114
310.8,seguindo,normal,9.6464,3.5727,0.8895,0.4408,-0.4487,0.5,3.1893,0.7006,0.37,9.9772,3.7288,0.0117
310.85,seguindo,normal,9.6474,3.5735,0.8931,0.44,-0.4532,0.5,3.1882,0.7006,0.37,9.9772,3.7288,0.0122
310.9,seguindo,normal,9.648,3.5741,0.8937,0.4392,-0.4546,0.5,3.1875,0.7006,0.37,9.9772,3.7288,0.0126
310.95,seguindo,normal,9.6483,3.575,0.8896,0.4373,-0.4523,0.5,3.1865,0.7006,0.37,9.9772,3.7288,0.0134
311.0,seguindo,normal,9.6483,3.5756,0.885,0.4358,-0.4493,0.5,3.186,0.7006,0.37,9.9772,3.7288,0.014
311.05,seguindo,normal,9.6478,3.5766,0.8733,0.4329,-0.4404,0.5,3.1852,0.7006,0.37,9.9772,3.7288,0.015
311.1,seguindo,normal,9.6474,3.5772,0.8637,0.4307,-0.433,0.5,3.1847,0.7006,0.37,9.9772,3.7288,0.0158
311.15,seguindo,normal,9.6468,3.5778,0.8537,0.4286,-0.4252,0.5,3.1844,0.7006,0.37,9.9772,3.7288,0.0165
311.2,seguindo,normal,9.6465,3.578,0.8493,0.4276,-0.4216,0.5,3.1842,0.7006,0.37,9.9772,3.7288,0.0168
311.25,re,,9.6463,3.5782,0.8469,0.8469,0.0,0.203,3.1841,inf,,,,0.0
311.3,re,,9.6463,3.5782,0.8469,0.8469,0.0,0.203,3.1841,inf,,,,0.0
311.35,re,,9.648,3.5805,0.8429,0.8429,0.0,0.203,3.1814,inf,,,,0.0
311.4,re,,9.6498,3.5831,0.8378,0.8378,0.0,0.203,3.1784,inf,,,,0.0
311.45,re,,9.6542,3.5894,0.8259,0.8259,0.0,0.203,3.171,inf,,,,0.0
311.5,re,,9.658,3.5946,0.8156,0.8156,0.0,0.203,3.1648,inf,,,,0.0
311.55,re,,9.6654,3.6047,0.7959,0.7959,0.0,0.203,3.153,inf,,,,0.0
311.6,re,,9.6713,3.6124,0.7805,0.7805,0.0,0.203,3.1438,inf,,,,0.0
311.65,re,,9.6825,3.6255,0.7603,0.7603,0.0,0.203,3.1279,inf,,,,0.0
311.7,re,,9.6911,3.6349,0.7496,0.7496,0.0,0.203,3.1163,inf,,,,0.0
311.75,re,,9.7047,3.649,0.7351,0.7351,0.0,0.203,3.0987,inf,,,,0.0
311.8,re,,9.7141,3.6583,0.7266,0.7266,0.0,0.203,3.087,inf,,,,0.0
311.85,re,,9.7279,3.6714,0.7185,0.7185,0.0,0.203,3.0704,inf,,,,0.0
311.9,re,,9.7371,3.6797,0.7151,0.7151,0.0,0.203,3.0597,inf,,,,0.0
311.95,re,,9.7502,3.6911,0.7151,0.7151,0.0,0.203,3.0449,inf,,,,0.0
312.0,re,,9.7588,3.6983,0.7169,0.7169,0.0,0.203,3.0355,inf,,,,0.0
312.05,re,,9.771,3.7082,0.7254,0.7254,0.0,0.203,3.0225,inf,,,,0.0
312.1,re,,9.7789,3.7144,0.7327,0.7327,0.0,0.203,3.0142,inf,,,,0.0
312.2,seguindo,normal,9.7982,3.7292,0.7601,0.4563,-0.3037,0.5,2.9945,1.3014,0.37,10.1565,3.9051,0.1058
312.25,seguindo,normal,9.8096,3.7376,0.7827,0.5025,-0.2802,0.5,2.9832,1.806,0.37,10.2016,3.9531,0.1071
312.3,seguindo,normal,9.817,3.7433,0.7994,0.4994,-0.3,0.5,2.9757,1.806,0.37,10.2016,3.9531,0.1081
312.35,seguindo,normal,9.8281,3.752,0.8245,0.494,-0.3306,0.5,2.9643,1.806,0.37,10.2016,3.9531,0.1096
312.4,seguindo,normal,9.8353,3.7579,0.8413,0.4896,-0.3516,0.5,2.9566,1.806,0.37,10.2016,3.9531,0.1102
312.45,seguindo,normal,9.846,3.767,0.8663,0.4821,-0.3843,0.5,2.9448,2.6197,0.37,10.2016,3.9531,0.1114
312.5,seguindo,normal,9.853,3.7733,0.8831,0.4762,-0.4068,0.5,2.9369,2.6197,0.37,10.2016,3.9531,0.1124
312.55,seguindo,normal,9.8633,3.7828,0.9082,0.4662,-0.4419,0.5,2.9249,2.6197,0.37,10.2016,3.9531,0.1141
312.6,seguindo,normal,9.87,3.7894,0.9249,0.4586,-0.4662,0.5,2.9169,2.6197,0.37,10.2016,3.9531,0.1149
312.65,seguindo,normal,9.8799,3.7994,0.95,0.4458,-0.5042,0.5,2.9046,2.6197,0.37,10.2016,3.9531,0.1163
312.7,seguindo,normal,9.8863,3.8062,0.9667,0.4978,-0.4689,0.5,2.8963,3.7904,0.37,10.2465,4.0019,0.1175
312.75,seguindo,normal,9.894,3.8143,0.9889,0.489,-0.4999,0.5,2.8864,3.7904,0.37,10.2465,4.0019,0.1189
312.8,seguindo,normal,9.8984,3.8187,1.0048,0.4845,-0.5203,0.5,2.8811,3.7904,0.37,10.2465,4.0019,0.1195
312.85,seguindo,normal,9.9028,3.8232,1.0216,0.4795,-0.5421,0.5,2.8756,3.7904,0.37,10.2465,4.0019,0.1199
312.9,seguindo,normal,9.9049,3.8252,1.0303,0.4773,-0.5529,0.5,2.8731,3.7904,0.37,10.2465,4.0019,0.12
312.95,seguindo,normal,9.9061,3.8262,1.0369,0.4764,-0.5604,0.5,2.8718,3.7904,0.37,10.2465,4.0019,0.1199
313.0,seguindo,normal,9.9062,3.8261,1.0385,0.4768,-0.5617,0.5,2.8719,3.7904,0.37,10.2465,4.0019,0.1198
313.05,seguindo,normal,9.9075,3.8286,1.0361,0.4725,-0.5636,0.5,2.8691,3.7904,0.37,10.2465,4.0019,0.1208
313.1,seguindo,normal,9.9088,3.8315,1.0319,0.4673,-0.5646,0.5,2.866,3.7904,0.37,10.2465,4.0019,0.122
313.15,seguindo,normal,9.912,3.8383,1.0212,0.4548,-0.5664,0.5,2.8586,3.7904,0.37,10.2465,4.0019,0.125
313.2,seguindo,normal,9.9146,3.8441,1.0116,0.5036,-0.508,0.5,2.8523,4.9241,0.37,10.2904,4.0511,0.1274
313.25,seguindo,normal,9.92,3.8552,0.9931,0.4866,-0.5065,0.5,2.8402,4.9241,0.37,10.2904,4.0511,0.1321
313.3,seguindo,normal,9.9243,3.8638,0.9789,0.4729,-0.5059,0.5,2.8307,4.9241,0.37,10.2904,4.0511,0.1355
313.35,seguindo,normal,9.9311,3.8774,0.9527,0.4504,-0.5023,0.5,2.8159,4.9241,0.37,10.2904,4.0511,0.1408
313.4,seguindo,normal,9.9359,3.8867,0.9334,0.4344,-0.499,0.5,2.8057,4.9241,0.37,10.2904,4.0511,0.1441
313.45,seguindo,normal,9.943,3.9005,0.8994,0.4746,-0.4248,0.5,2.7905,5.0059,0.37,10.3326,4.1007,0.1491
313.5,seguindo,normal,9.9479,3.9097,0.875,0.4608,-0.4141,0.5,2.7804,5.0059,0.37,10.3326,4.1007,0.1522
313.55,seguindo,normal,9.9555,3.9235,0.8333,0.4391,-0.3941,0.5,2.7651,5.0059,0.37,10.3326,4.1007,0.1569
313.6,seguindo,normal,9.9607,3.9327,0.8036,0.4242,-0.3794,0.5,2.7549,5.0059,0.37,10.3326,4.1007,0.1596
313.65,seguindo,normal,9.9693,3.9463,0.7594,0.4018,-0.3575,0.5,2.7396,5.0059,0.37,10.3326,4.1007,0.1631
313.7,seguindo,normal,9.9755,3.9552,0.7308,0.4572,-0.2736,0.5,2.7295,4.0192,0.37,10.3723,4.1504,0.1649
313.75,seguindo,normal,9.9856,3.9683,0.6899,0.4401,-0.2498,0.5,2.7143,4.0192,0.37,10.3723,4.1504,0.1669
313.8,seguindo,normal,9.9929,3.9768,0.6638,0.429,-0.2348,0.5,2.7042,4.0192,0.37,10.3723,4.1504,0.1677
313.85,seguindo,normal,10.0043,3.9893,0.6255,0.4125,-0.2129,0.5,2.6893,4.0192,0.37,10.3723,4.1504,0.1682
313.9,seguindo,normal,10.0122,3.9974,0.6004,0.4017,-0.1987,0.5,2.6796,4.0192,0.37,10.3723,4.1504,0.168
313.95,seguindo,normal,10.0246,4.0092,0.5634,0.4617,-0.1018,0.5,2.6652,2.8725,0.37,10.4086,4.2002,0.1672
314.0,seguindo,normal,10.0334,4.0169,0.5401,0.4546,-0.0855,0.5,2.6557,2.8725,0.37,10.4086,4.2002,0.1662
314.05,seguindo,normal,10.0471,4.0279,0.5071,0.4448,-0.0623,0.5,2.6418,2.8725,0.37,10.4086,4.2002,0.1638
314.1,seguindo,normal,10.0566,4.0351,0.4858,0.4388,-0.047,0.5,2.6327,2.8725,0.37,10.4086,4.2002,0.1618
314.15,seguindo,normal,10.0714,4.0454,0.4553,0.5062,0.0509,0.5,2.6193,2.0078,0.37,10.4407,4.2501,0.1581
314.2,seguindo,normal,10.0818,4.0521,0.4368,0.5042,0.0674,0.5,2.6105,2.0078,0.37,10.4407,4.2501,0.1551
314.25,seguindo,normal,10.0979,4.0617,0.4112,0.5027,0.0915,0.5,2.5977,2.0078,0.37,10.4407,4.2501,0.1498
314.3,seguindo,normal,10.109,4.0678,0.3954,0.5026,0.1071,0.5,2.5893,2.0078,0.37,10.4407,4.2501,0.1458
314.35,seguindo,normal,10.1251,4.0761,0.3759,0.5786,0.2027,0.5,2.5779,1.4361,0.37,10.468,4.3001,0.1396
314.4,seguindo,normal,10.1356,4.0811,0.3653,0.5825,0.2172,0.5,2.5709,1.4361,0.37,10.468,4.3001,0.1352
314.45,seguindo,normal,10.1516,4.0881,0.3538,0.5902,0.2364,0.5,2.5608,1.4361,0.37,10.468,4.3001,0.1282
314.5,seguindo,normal,10.1624,4.0925,0.3484,0.5964,0.2481,0.5,2.5544,1.4361,0.37,10.468,4.3001,0.1231
314.55,seguindo,normal,10.1786,4.0987,0.3452,0.608,0.2627,0.5,2.5453,1.4361,0.37,10.468,4.3001,0.115
314.6,seguindo,normal,10.1895,4.1026,0.3449,0.7513,0.4064,0.5,2.5395,1.0529,0.37,10.5079,4.4,0.1095
314.65,seguindo,normal,10.2059,4.1083,0.3471,0.768,0.4209,0.5,2.5309,1.0529,0.37,10.5079,4.4,0.1011
314.7,seguindo,normal,10.2168,4.1121,0.3496,0.7799,0.4304,0.5,2.5254,1.0529,0.37,10.5079,4.4,0.0955
314.75,seguindo,normal,10.2331,4.1177,0.3532,0.7988,0.4457,0.5,2.517,1.0529,0.37,10.5079,4.4,0.0868
314.8,seguindo,normal,10.244,4.1216,0.3556,0.8122,0.4567,0.5,2.5115,1.0529,0.37,10.5079,4.4,0.081
314.85,seguindo,normal,10.2603,4.1274,0.3589,0.8911,0.5322,0.5,2.5032,0.8289,0.37,10.5211,4.45,0.0723
314.9,seguindo,normal,10.2712,4.1313,0.3609,0.9059,0.545,0.5,2.4976,0.8289,0.37,10.5211,4.45,0.0666
314.95,seguindo,normal,10.2876,4.1373,0.3637,0.9295,0.5658,0.5,2.4893,0.8289,0.37,10.5211,4.45,0.058
315.0,seguindo,normal,10.2985,4.1413,0.3655,0.9462,0.5807,0.5,2.4837,0.8289,0.37,10.5211,4.45,0.052
315.062,seguindo,normal,10.304,4.1433,0.3664,0.9548,0.5884,0.5,2.481,0.8289,0.37,10.5211,4.45,0.0489
315.1,seguindo,normal,10.3207,4.1484,0.3833,0.9844,0.6011,0.5,2.4737,0.8289,0.37,10.5211,4.45,0.039
315.15,seguindo,normal,10.3333,4.1518,0.4032,1.0552,0.652,0.5,2.4686,0.7302,0.37,10.5306,4.5,0.0313
315.2,seguindo,normal,10.3417,4.154,0.4199,1.0709,0.651,0.5,2.4654,0.7302,0.37,10.5306,4.5,0.0262
315.25,seguindo,normal,10.3544,4.1572,0.4492,1.585,1.1357,0.5,2.4606,1.5908,1.0,10.3403,5.15,-0.0544
315.3,seguindo,normal,10.3627,4.1593,0.4725,1.5934,1.1209,0.5,2.4576,1.5908,1.0,10.3403,5.15,-0.0627
315.35,seguindo,normal,10.3752,4.1624,0.5109,1.6061,1.0952,0.5,2.453,1.5908,1.0,10.3403,5.15,-0.0752
315.4,seguindo,normal,10.3833,4.1643,0.5399,1.6144,1.0745,0.5,2.4502,1.5908,1.0,10.3403,5.15,-0.0833
315.45,seguindo,normal,10.3952,4.1674,0.5859,1.6267,1.0407,0.5,2.4459,1.5908,1.0,10.3403,5.15,-0.0952
315.5,seguindo,normal,10.4029,4.1696,0.6178,1.6346,1.0168,0.5,2.443,1.5908,1.0,10.3403,5.15,-0.1029
315.55,seguindo,normal,10.414,4.1731,0.6634,1.6461,0.9827,0.5,2.4383,1.5908,1.0,10.3403,5.15,-0.114
315.6,seguindo,normal,10.4213,4.1758,0.693,1.6338,0.9408,0.5,2.435,1.2228,1.0,10.3567,5.2,-0.1213
315.65,seguindo,normal,10.4321,4.1803,0.7367,1.6446,0.908,0.5,2.4295,1.2228,1.0,10.3567,5.2,-0.1321
315.7,seguindo,normal,10.4392,4.1836,0.7654,1.6518,0.8864,0.5,2.4256,1.2228,1.0,10.3567,5.2,-0.1392
315.75,seguindo,normal,10.4489,4.1872,0.8179,1.6616,0.8437,0.5,2.4212,1.2228,1.0,10.3567,5.2,-0.1489
315.8,seguindo,normal,10.4547,4.1886,0.8555,1.6675,0.812,0.5,2.4193,1.2228,1.0,10.3567,5.2,-0.1547
315.85,seguindo,normal,10.4634,4.1914,0.913,1.6762,0.7632,0.5,2.4158,1.2228,1.0,10.3567,5.2,-0.1634
315.9,seguindo,normal,10.4691,4.1937,0.9519,1.682,0.7302,0.5,2.4131,1.2228,1.0,10.3567,5.2,-0.1691
315.95,seguindo,normal,10.4776,4.1974,1.0132,1.6909,0.6777,0.5,2.4087,1.2228,1.0,10.3567,5.2,-0.1776
316.0,seguindo,normal,10.4833,4.2002,1.0552,1.6968,0.6416,0.5,2.4056,1.2228,1.0,10.3567,5.2,-0.1833
316.05,seguindo,normal,10.4915,4.2049,1.1181,1.7055,0.5874,0.5,2.4004,1.2228,1.0,10.3567,5.2,-0.1915
316.1,seguindo,normal,10.4995,4.2101,1.1807,1.7141,0.5334,0.5,2.3947,1.2228,1.0,10.3567,5.2,-0.1995
316.15,seguindo,normal,10.5047,4.2139,1.2222,1.7198,0.4976,0.5,2.3906,1.2228,1.0,10.3567,5.2,-0.2047
316.2,seguindo,normal,10.5096,4.2179,1.2636,1.7253,0.4618,0.5,2.3863,1.2228,1.0,10.3567,5.2,-0.2096
316.25,seguindo,normal,10.5168,4.2243,1.3252,1.7335,0.4082,0.5,2.3794,1.2228,1.0,10.3567,5.2,-0.2168
316.3,seguindo,normal,10.5213,4.2289,1.3661,1.711,0.3449,0.5,2.3746,0.9954,1.0,10.3772,5.25,-0.2213
316.35,seguindo,normal,10.5277,4.2362,1.4269,1.7182,0.2913,0.5,2.367,0.9954,1.0,10.3772,5.25,-0.2277
316.4,seguindo,normal,10.5317,4.2413,1.4672,1.7228,0.2557,0.5,2.3616,0.9954,1.0,10.3772,5.25,-0.2317
316.45,seguindo,normal,10.5372,4.2494,1.5269,1.7294,0.2025,0.5,2.3533,0.9954,1.0,10.3772,5.25,-0.2372
316.5,seguindo,normal,10.5406,4.255,1.5663,1.7336,0.1673,0.5,2.3476,0.9954,1.0,10.3772,5.25,-0.2406
316.55,seguindo,normal,10.5451,4.2638,1.6245,1.7395,0.115,0.5,2.3386,0.9954,1.0,10.3772,5.25,-0.2451
316.6,seguindo,normal,10.5478,4.2699,1.6627,1.7432,0.0805,0.5,2.3323,0.9954,1.0,10.3772,5.25,-0.2478
316.65,seguindo,normal,10.5513,4.2794,1.7188,2.1081,0.3894,0.5,2.3227,91.6482,0.37,10.3007,4.7,-0.2513
316.7,seguindo,normal,10.5532,4.2859,1.7553,2.1185,0.3631,0.5,2.3161,91.6482,0.37,10.3007,4.7,-0.2532
316.75,seguindo,normal,10.5551,4.2969,1.8066,2.1338,0.3272,0.5,2.3051,91.6482,0.37,10.3007,4.7,-0.2551
316.8,seguindo,normal,10.5558,4.3046,1.8388,2.1439,0.3051,0.5,2.2973,91.6482,0.37,10.3007,4.7,-0.2558
316.85,seguindo,normal,10.5558,4.317,1.882,2.1585,0.2765,0.5,2.2849,91.6482,0.37,10.3007,4.7,-0.2558
316.9,seguindo,normal,10.5551,4.3257,1.9079,2.1102,0.2022,0.5,2.2763,54.3383,0.37,10.3011,4.75,-0.2551
316.95,seguindo,normal,10.553,4.3394,1.9418,2.121,0.1792,0.5,2.2627,54.3383,0.37,10.3011,4.75,-0.253
317.0,seguindo,normal,10.5509,4.3488,1.9615,2.1278,0.1662,0.5,2.2533,54.3383,0.37,10.3011,4.75,-0.2509
317.05,seguindo,normal,10.5462,4.365,1.9868,2.1377,0.1509,0.5,2.2374,54.3383,0.37,10.3011,4.75,-0.2462
317.1,seguindo,normal,10.5422,4.3767,2.0008,2.0871,0.0864,0.5,2.2259,32.7121,0.37,10.3019,4.8,-0.2422
317.15,seguindo,normal,10.5374,4.3919,2.0273,2.0943,0.0671,0.5,2.2109,32.7121,0.37,10.3019,4.8,-0.2374
317.2,seguindo,normal,10.535,4.4006,2.0484,2.0991,0.0507,0.5,2.2024,32.7121,0.37,10.3019,4.8,-0.2349
317.25,seguindo,normal,10.5309,4.4135,2.0789,2.1057,0.0268,0.5,2.1897,32.7121,0.37,10.3019,4.8,-0.2308
317.3,seguindo,normal,10.5279,4.422,2.0991,2.1098,0.0107,0.5,2.1815,32.7121,0.37,10.3019,4.8,-0.2279
317.35,seguindo,normal,10.5228,4.4348,2.1264,2.0576,-0.0688,0.5,2.1689,20.0274,0.37,10.3031,4.85,-0.2228
317.4,seguindo,normal,10.5188,4.4435,2.142,2.0588,-0.0833,0.5,2.1605,20.0274,0.37,10.3031,4.85,-0.2188
317.45,seguindo,normal,10.5123,4.4565,2.1636,2.0596,-0.1039,0.5,2.1479,20.0274,0.37,10.3031,4.85,-0.2123
317.5,seguindo,normal,10.5054,4.4695,2.1838,2.0596,-0.1242,0.5,2.1354,20.0274,0.37,10.3031,4.85,-0.2053
317.55,seguindo,normal,10.4994,4.4794,2.1935,2.0038,-0.1898,0.5,2.126,12.4943,0.37,10.3049,4.9,-0.1993
317.6,seguindo,normal,10.493,4.4893,2.2018,2.0002,-0.2016,0.5,2.1166,12.4943,0.37,10.3049,4.9,-0.193
317.65,seguindo,normal,10.483,4.5039,2.2095,1.9933,-0.2162,0.5,2.1027,12.4943,0.37,10.3049,4.9,-0.1829
317.7,seguindo,normal,10.4761,4.5137,2.2126,1.9878,-0.2249,0.5,2.0936,12.4943,0.37,10.3049,4.9,-0.176
317.75,seguindo,normal,10.4654,4.5281,2.2138,1.9281,-0.2857,0.5,2.0801,7.9622,0.37,10.3079,4.95,-0.1653
317.8,seguindo,normal,10.4582,4.5376,2.2134,1.9204,-0.293,0.5,2.0713,7.9622,0.37,10.3079,4.95,-0.1581
317.85,seguindo,normal,10.4474,4.552,2.213,1.908,-0.3049,0.5,2.058,7.9622,0.37,10.3079,4.95,-0.1473
317.9,seguindo,normal,10.4403,4.5615,2.2128,1.8992,-0.3135,0.5,2.0492,7.9622,0.37,10.3079,4.95,-0.1401
317.95,seguindo,normal,10.4296,4.5758,2.2132,1.8407,-0.3725,0.5,2.0362,5.1988,0.37,10.3123,5.0,-0.1295
318.0,seguindo,normal,10.4226,4.5853,2.2138,1.8308,-0.383,0.5,2.0275,5.1988,0.37,10.3123,5.0,-0.1224
318.05,seguindo,normal,10.4122,4.5994,2.2157,1.8152,-0.4005,0.5,2.0147,5.1988,0.37,10.3123,5.0,-0.112
318.1,seguindo,normal,10.4053,4.6088,2.2172,1.8042,-0.4131,0.5,2.0062,5.1988,0.37,10.3123,5.0,-0.105
318.15,seguindo,normal,10.3949,4.6228,2.2201,1.7866,-0.4335,0.5,1.9936,5.1988,0.37,10.3123,5.0,-0.0947
318.2,seguindo,normal,10.3881,4.6321,2.2221,1.7353,-0.4868,0.5,1.9852,3.4913,0.37,10.3187,5.05,-0.0877
318.25,seguindo,normal,10.377,4.6464,2.2202,1.7142,-0.506,0.5,1.9726,3.4913,0.37,10.3187,5.05,-0.0766
318.3,seguindo,normal,10.3693,4.6561,2.2171,1.6986,-0.5185,0.5,1.9641,3.4913,0.37,10.3187,5.05,-0.0689
318.35,seguindo,normal,10.3577,4.6704,2.2074,1.6731,-0.5343,0.5,1.9517,3.4913,0.37,10.3187,5.05,-0.0572
318.4,seguindo,normal,10.3499,4.6798,2.1991,1.6233,-0.5758,0.5,1.9435,2.4234,0.37,10.3278,5.1,-0.0494
318.45,seguindo,normal,10.3383,4.6937,2.1816,1.5965,-0.5852,0.5,1.9317,2.4234,0.37,10.3278,5.1,-0.0377
318.5,seguindo,normal,10.3306,4.7028,2.1681,1.5777,-0.5904,0.5,1.9239,2.4234,0.37,10.3278,5.1,-0.0299
318.55,seguindo,normal,10.3191,4.7164,2.1427,1.5479,-0.5949,0.5,1.9124,2.4234,0.37,10.3278,5.1,-0.0183
318.6,seguindo,normal,10.3114,4.7255,2.1238,1.5029,-0.6209,0.5,1.9048,1.7496,0.37,10.3403,5.15,-0.0106
318.65,seguindo,normal,10.3002,4.7389,2.0909,1.4736,-0.6174,0.5,1.8936,1.7496,0.37,10.3403,5.15,0.0008
318.7,seguindo,normal,10.2929,4.7479,2.0672,1.4535,-0.6137,0.5,1.8862,1.7496,0.37,10.3403,5.15,0.0082
318.75,seguindo,normal,10.2823,4.7616,2.0307,1.4225,-0.6082,0.5,1.8748,1.7496,0.37,10.3403,5.15,0.019
318.8,seguindo,normal,10.2754,4.7708,2.0059,1.4013,-0.6046,0.5,1.8672,1.7496,0.37,10.3403,5.15,0.026
318.85,seguindo,normal,10.2656,4.7848,1.9677,1.355,-0.6127,0.5,1.8555,1.3237,0.37,10.3567,5.2,0.036
318.9,seguindo,normal,10.2594,4.7942,1.9416,1.3356,-0.6061,0.5,1.8476,1.3237,0.37,10.3567,5.2,0.0424
318.95,seguindo,normal,10.2505,4.8084,1.9018,1.3062,-0.5956,0.5,1.8356,1.3237,0.37,10.3567,5.2,0.0515
319.0,seguindo,normal,10.2449,4.8181,1.8747,1.2863,-0.5885,0.5,1.8274,1.3237,0.37,10.3567,5.2,0.0573
319.05,seguindo,normal,10.2371,4.8326,1.8334,1.247,-0.5864,0.5,1.815,1.0581,0.37,10.3772,5.25,0.0655
319.1,seguindo,normal,10.2322,4.8424,1.8055,1.2291,-0.5764,0.5,1.8065,1.0581,0.37,10.3772,5.25,0.0706
319.15,seguindo,normal,10.2254,4.8573,1.763,1.2019,-0.5611,0.5,1.7937,1.0581,0.37,10.3772,5.25,0.0779
319.2,seguindo,normal,10.2212,4.8673,1.7345,1.1837,-0.5508,0.5,1.7849,1.0581,0.37,10.3772,5.25,0.0825
319.25,seguindo,normal,10.2154,4.8825,1.6913,1.151,-0.5403,0.5,1.7716,0.9009,0.37,10.4017,5.3,0.0888
319.3,seguindo,normal,10.2119,4.8928,1.6624,1.1346,-0.5278,0.5,1.7625,0.9009,0.37,10.4017,5.3,0.0927
319.35,seguindo,normal,10.2072,4.9083,1.6189,1.11,-0.509,0.5,1.7487,0.9009,0.37,10.4017,5.3,0.098
319.4,seguindo,normal,10.2045,4.9188,1.5899,1.0934,-0.4965,0.5,1.7393,0.9009,0.37,10.4017,5.3,0.1014
319.45,seguindo,normal,10.201,4.9346,1.5465,1.0678,-0.4787,0.5,1.7249,0.8225,0.37,10.4295,5.35,0.1058
319.5,seguindo,normal,10.1991,4.9453,1.5177,1.0531,-0.4646,0.5,1.7151,0.8225,0.37,10.4295,5.35,0.1084
319.55,seguindo,normal,10.1968,4.9614,1.4749,1.0311,-0.4438,0.5,1.7002,0.8225,0.37,10.4295,5.35,0.1117
319.6,seguindo,normal,10.1956,4.9722,1.4466,1.0164,-0.4302,0.5,1.69,0.8225,0.37,10.4295,5.35,0.1138
319.65,seguindo,normal,10.1946,4.9886,1.4047,0.9943,-0.4104,0.5,1.6745,0.8082,0.37,10.4295,5.35,0.1163
319.7,seguindo,normal,10.1943,4.9996,1.3773,0.9795,-0.3978,0.5,1.664,0.8082,0.37,10.4295,5.35,0.1175
319.75,seguindo,normal,10.1945,5.0162,1.3367,0.9573,-0.3794,0.5,1.648,0.8082,0.37,10.4295,5.35,0.1189
319.8,seguindo,normal,10.1951,5.0273,1.3101,0.9424,-0.3677,0.5,1.6371,0.8082,0.37,10.4295,5.35,0.1197
319.85,seguindo,normal,10.1965,5.044,1.2706,1.1305,-0.1401,0.5,1.6207,0.8993,1.0,10.6469,6.0,0.1204
319.9,seguindo,normal,10.1979,5.0552,1.245,1.1272,-0.1178,0.5,1.6096,0.8993,1.0,10.6469,6.0,0.1204
319.95,seguindo,normal,10.2007,5.0719,1.207,1.1226,-0.0845,0.5,1.5927,0.8993,1.0,10.6469,6.0,0.1201
320.0,seguindo,normal,10.2029,5.0831,1.1825,1.1198,-0.0627,0.5,1.5814,0.8993,1.0,10.6469,6.0,0.1198
320.057,seguindo,normal,10.2042,5.0887,1.1704,1.1185,-0.0519,0.5,1.5756,0.8993,1.0,10.6469,6.0,0.1196
320.1,seguindo,normal,10.2101,5.1111,1.1234,1.1343,0.0109,0.5,1.5525,0.8371,1.0,10.6481,6.05,0.1178
320.15,seguindo,normal,10.2154,5.1278,1.0897,1.132,0.0424,0.5,1.535,0.8371,1.0,10.6481,6.05,0.1158
320.2,seguindo,normal,10.2194,5.139,1.0679,1.1309,0.063,0.5,1.5232,0.8371,1.0,10.6481,6.05,0.1147
320.25,seguindo,normal,10.2258,5.1556,1.0357,0.8631,-0.1726,0.5,1.5055,1.3661,0.37,10.5205,5.5,0.1125
320.3,seguindo,normal,10.2305,5.1666,1.0151,0.855,-0.1601,0.5,1.4936,1.3661,0.37,10.5205,5.5,0.1105
320.35,seguindo,normal,10.2379,5.1828,0.9859,0.8431,-0.1428,0.5,1.4759,1.3661,0.37,10.5205,5.5,0.1075
320.4,seguindo,normal,10.2432,5.1934,0.969,0.8355,-0.1335,0.5,1.4642,1.3661,0.37,10.5205,5.5,0.1058
320.45,seguindo,normal,10.2517,5.2088,0.9481,0.8553,-0.0928,0.5,1.4471,2.345,0.37,10.5483,5.55,0.1025
320.5,seguindo,normal,10.2578,5.2187,0.9373,0.8509,-0.0864,0.5,1.4359,2.345,0.37,10.5483,5.55,0.0998
320.55,seguindo,normal,10.2675,5.2332,0.9262,0.8454,-0.0808,0.5,1.4193,2.345,0.37,10.5483,5.55,0.0952
320.6,seguindo,normal,10.2741,5.2428,0.9211,0.8422,-0.0789,0.5,1.4083,2.345,0.37,10.5483,5.55,0.0926
320.65,seguindo,normal,10.2826,5.2544,0.918,0.8388,-0.0792,0.5,1.3949,2.345,0.37,10.5483,5.55,0.0891
320.7,seguindo,normal,10.2877,5.261,0.918,0.8716,-0.0464,0.5,1.3871,11.3343,0.37,10.5728,5.6,0.0869
320.75,seguindo,normal,10.2973,5.2732,0.9196,0.8703,-0.0494,0.5,1.3728,11.3343,0.37,10.5728,5.6,0.0827
320.8,seguindo,normal,10.3044,5.2824,0.9216,0.8693,-0.0524,0.5,1.3622,11.3343,0.37,10.5728,5.6,0.0796
320.85,seguindo,normal,10.3151,5.2961,0.9246,0.8675,-0.0571,0.5,1.3462,11.3343,0.37,10.5728,5.6,0.076
320.9,seguindo,normal,10.3222,5.3052,0.9266,0.8662,-0.0604,0.5,1.3356,11.3343,0.37,10.5728,5.6,0.0737
320.95,seguindo,normal,10.3328,5.319,0.9294,0.904,-0.0254,0.5,1.3196,3.7478,0.37,10.5933,5.65,0.0702
321.0,seguindo,normal,10.3399,5.3283,0.9312,0.9036,-0.0276,0.5,1.309,3.7478,0.37,10.5933,5.65,0.0679
321.05,seguindo,normal,10.3505,5.3423,0.9331,0.9027,-0.0304,0.5,1.2929,3.7478,0.37,10.5933,5.65,0.0653
321.1,seguindo,normal,10.3576,5.3517,0.934,0.9019,-0.0321,0.5,1.2821,3.7478,0.37,10.5933,5.65,0.0637
321.15,seguindo,normal,10.3682,5.3659,0.9346,0.9448,0.0101,0.5,1.2658,1.6201,0.37,10.6097,5.7,0.0614
321.2,seguindo,normal,10.3752,5.3755,0.9347,0.9451,0.0104,0.5,1.255,1.6201,0.37,10.6097,5.7,0.0599
321.25,seguindo,normal,10.384,5.3874,0.9348,0.9455,0.0107,0.5,1.2415,1.6201,0.37,10.6097,5.7,0.0583
321.3,seguindo,normal,10.3891,5.3943,0.9348,0.9457,0.0109,0.5,1.2336,1.6201,0.37,10.6097,5.7,0.0575
321.35,seguindo,normal,10.3986,5.4069,0.9363,0.9933,0.057,0.5,1.2193,1.0798,0.37,10.6222,5.75,0.0558
321.4,seguindo,normal,10.4056,5.4162,0.9381,0.9953,0.0572,0.5,1.2088,1.0798,0.37,10.6222,5.75,0.0546
321.45,seguindo,normal,10.416,5.4301,0.9408,0.9984,0.0576,0.5,1.1931,1.0798,0.37,10.6222,5.75,0.0529
321.5,seguindo,normal,10.423,5.4394,0.9426,1.0006,0.058,0.5,1.1826,1.0798,0.37,10.6222,5.75,0.0518
321.551,seguindo,normal,10.4334,5.4534,0.9455,1.0521,0.1066,0.5,1.1669,0.8731,0.37,10.6313,5.8,0.0503
321.6,seguindo,normal,10.4437,5.4673,0.9485,1.0575,0.109,0.5,1.1513,0.8731,0.37,10.6313,5.8,0.0488
321.65,seguindo,normal,10.4507,5.4768,0.9496,1.0611,0.1116,0.5,1.1407,0.8731,0.37,10.6313,5.8,0.0479
321.7,seguindo,normal,10.461,5.4911,0.9512,1.067,0.1159,0.5,1.1249,0.8731,0.37,10.6313,5.8,0.0464
321.75,seguindo,normal,10.4679,5.5007,0.9516,1.1183,0.1666,0.5,1.1143,0.8078,0.37,10.6377,5.85,0.0454
321.8,seguindo,normal,10.4748,5.5103,0.9521,1.1236,0.1715,0.5,1.1037,0.8078,0.37,10.6377,5.85,0.0444
321.85,seguindo,normal,10.4851,5.5246,0.9535,1.1323,0.1787,0.5,1.088,0.8078,0.37,10.6377,5.85,0.0429
321.9,seguindo,normal,10.492,5.5341,0.9548,1.1385,0.1837,0.5,1.0776,0.8078,0.37,10.6377,5.85,0.0415
321.95,seguindo,normal,10.5022,5.5483,0.9572,1.2292,0.272,0.5,1.0621,0.8306,0.37,10.6451,5.95,0.0394
322.0,seguindo,normal,10.509,5.5577,0.9589,1.237,0.2781,0.5,1.0518,0.8306,0.37,10.6451,5.95,0.0381
322.05,seguindo,normal,10.5192,5.5718,0.9616,1.2495,0.2878,0.5,1.0365,0.8306,0.37,10.6451,5.95,0.0358
322.1,seguindo,normal,10.5259,5.5813,0.9634,1.2583,0.2949,0.5,1.0262,0.8306,0.37,10.6451,5.95,0.0339
322.15,seguindo,normal,10.536,5.5955,0.9662,1.3032,0.337,0.5,1.011,0.9363,0.37,10.6469,6.0,0.031
322.2,seguindo,normal,10.5428,5.605,0.968,1.3129,0.3449,0.5,1.0008,0.9363,0.37,10.6469,6.0,0.0292
322.25,seguindo,normal,10.5528,5.6192,0.9709,1.3284,0.3576,0.5,0.9856,0.9363,0.37,10.6469,6.0,0.0258
322.3,seguindo,normal,10.5595,5.6287,0.9728,1.3394,0.3666,0.5,0.9755,0.9363,0.37,10.6469,6.0,0.0232
322.35,seguindo,normal,10.5694,5.6429,0.9757,1.4868,0.5111,0.5,0.9605,1.2067,1.0,10.65,6.6,0.0194
322.4,seguindo,normal,10.5761,5.6525,0.9776,1.4929,0.5153,0.5,0.9504,1.2067,1.0,10.65,6.6,0.0169
322.45,seguindo,normal,10.586,5.6668,0.9804,1.5023,0.5219,0.5,0.9354,1.2067,1.0,10.65,6.6,0.0122
322.5,seguindo,normal,10.5958,5.6812,0.9831,1.5119,0.5288,0.5,0.9204,1.5764,1.0,10.65,6.6,0.0073
322.55,seguindo,normal,10.6015,5.6885,0.9909,1.5176,0.5267,0.5,0.9128,1.5764,1.0,10.65,6.6,0.0043
322.6,seguindo,normal,10.6071,5.6957,1.0005,1.5233,0.5228,0.5,0.9053,1.5764,1.0,10.65,6.6,0.0012
322.65,seguindo,normal,10.6157,5.7063,1.0205,1.5324,0.5119,0.5,0.8943,1.5764,1.0,10.65,6.6,-0.0043
322.7,seguindo,normal,10.6214,5.7132,1.0373,1.5386,0.5013,0.5,0.8872,1.5764,1.0,10.65,6.6,-0.0082
322.75,seguindo,normal,10.6302,5.7237,1.0668,1.5482,0.4814,0.5,0.8765,2.1617,1.0,10.65,6.6,-0.0141
322.8,seguindo,normal,10.636,5.7306,1.0903,1.5547,0.4645,0.5,0.8695,2.1617,1.0,10.65,6.6,-0.0182
322.85,seguindo,normal,10.6446,5.7407,1.1289,1.5645,0.4356,0.5,0.8593,2.1617,1.0,10.65,6.6,-0.024
322.9,seguindo,normal,10.6501,5.7472,1.158,1.571,0.413,0.5,0.8528,2.1617,1.0,10.65,6.6,-0.028
322.95,seguindo,normal,10.6582,5.7568,1.2043,1.5805,0.3762,0.5,0.8432,2.1617,1.0,10.65,6.6,-0.0342
323.0,seguindo,normal,10.6633,5.7633,1.2352,1.5867,0.3514,0.5,0.8368,2.1617,1.0,10.65,6.6,-0.0381
323.05,seguindo,normal,10.6703,5.7733,1.2787,1.5953,0.3166,0.5,0.827,3.0851,1.0,10.65,6.6,-0.0432
323.1,seguindo,normal,10.6747,5.78,1.3058,1.6009,0.2951,0.5,0.8203,3.0851,1.0,10.65,6.6,-0.0463
323.15,seguindo,normal,10.6811,5.7905,1.3457,1.6091,0.2634,0.5,0.8101,3.0851,1.0,10.65,6.6,-0.0507
323.2,seguindo,normal,10.685,5.7976,1.372,1.6144,0.2424,0.5,0.8032,3.0851,1.0,10.65,6.6,-0.0536
323.25,seguindo,normal,10.6904,5.8086,1.4108,1.6218,0.211,0.5,0.7924,3.0851,1.0,10.65,6.6,-0.0576
323.3,seguindo,normal,10.6938,5.8161,1.4363,1.6266,0.1903,0.5,0.7851,3.0851,1.0,10.65,6.6,-0.0599
323.35,seguindo,normal,10.6983,5.8276,1.4738,1.6333,0.1595,0.5,0.7739,4.5535,1.0,10.65,6.6,-0.063
323.4,seguindo,normal,10.7011,5.8355,1.4982,1.6375,0.1392,0.5,0.7662,4.5535,1.0,10.65,6.6,-0.0647
323.45,seguindo,normal,10.7047,5.8475,1.5338,1.6433,0.1095,0.5,0.7545,4.5535,1.0,10.65,6.6,-0.0669
323.5,seguindo,normal,10.7068,5.8558,1.5568,1.647,0.0901,0.5,0.7464,4.5535,1.0,10.65,6.6,-0.0683
323.55,seguindo,normal,10.7094,5.8685,1.5893,1.6519,0.0625,0.5,0.7339,4.5535,1.0,10.65,6.6,-0.0698
323.6,seguindo,normal,10.7108,5.8772,1.6099,1.6548,0.0449,0.5,0.7253,6.9166,1.0,10.65,6.6,-0.0705
323.65,seguindo,normal,10.7124,5.8879,1.636,1.6582,0.0223,0.5,0.7149,6.9166,1.0,10.65,6.6,-0.0711
323.7,seguindo,normal,10.7135,5.8938,1.6539,1.6604,0.0065,0.5,0.7091,6.9166,1.0,10.65,6.6,-0.0716
323.75,seguindo,normal,10.7146,5.9054,1.6819,1.6635,-0.0184,0.5,0.6976,6.9166,1.0,10.65,6.6,-0.072
323.8,seguindo,normal,10.715,5.9145,1.7006,1.6653,-0.0352,0.5,0.6885,6.9166,1.0,10.65,6.6,-0.0719
323.85,seguindo,normal,10.7149,5.9293,1.7254,1.6673,-0.0581,0.5,0.6738,10.7718,1.0,10.65,6.6,-0.0709
323.9,seguindo,normal,10.7145,5.9395,1.7404,1.6681,-0.0723,0.5,0.6636,10.7718,1.0,10.65,6.6,-0.0699
323.95,seguindo,normal,10.7128,5.9565,1.7573,1.6681,-0.0892,0.5,0.6466,10.7718,1.0,10.65,6.6,-0.0674
324.0,seguindo,normal,10.7111,5.9684,1.7652,1.6673,-0.0979,0.5,0.6345,10.7718,1.0,10.65,6.6,-0.0654
324.05,seguindo,normal,10.708,5.9863,1.7704,1.665,-0.1054,0.2269,0.6164,0.2269,1.0,10.65,6.6,-0.0615
324.1,seguindo,normal,10.7056,5.9983,1.7712,1.663,-0.1082,0.2269,0.6043,0.2269,1.0,10.65,6.6,-0.0587
324.15,seguindo,normal,10.7018,6.0162,1.7687,1.6593,-0.1094,0.2269,0.5861,0.2269,1.0,10.65,6.6,-0.0544
324.2,seguindo,normal,10.6992,6.0282,1.7656,1.6566,-0.109,0.5,0.5739,27.8423,1.0,10.65,6.6,-0.0515
324.25,seguindo,normal,10.6954,6.046,1.7628,1.6526,-0.1102,0.5,0.5559,27.8423,1.0,10.65,6.6,-0.0474
324.3,seguindo,normal,10.6931,6.0578,1.7617,1.65,-0.1116,0.5,0.5439,27.8423,1.0,10.65,6.6,-0.0448
324.35,seguindo,normal,10.6897,6.0753,1.7619,1.6463,-0.1156,0.5,0.5262,46.0177,1.0,10.65,6.6,-0.0412
324.4,seguindo,normal,10.6875,6.0869,1.7627,1.6438,-0.1189,0.5,0.5145,46.0177,1.0,10.65,6.6,-0.0388
324.45,seguindo,normal,10.6843,6.1041,1.7649,1.6399,-0.125,0.5,0.4971,46.0177,1.0,10.65,6.6,-0.0354
324.5,seguindo,normal,10.6822,6.1155,1.7667,1.6372,-0.1295,0.5,0.4855,46.0177,1.0,10.65,6.6,-0.0332
324.55,seguindo,normal,10.6798,6.131,1.775,1.6343,-0.1408,0.5,0.4699,77.3672,1.0,10.65,6.6,-0.0306
324.6,seguindo,normal,10.6784,6.1406,1.7823,1.6325,-0.1498,0.5,0.4602,77.3672,1.0,10.65,6.6,-0.0291
324.65,seguindo,normal,10.6754,6.1567,1.7889,1.6281,-0.1609,0.5,0.4441,77.3672,1.0,10.65,6.6,-0.026
324.7,seguindo,normal,10.6731,6.168,1.7912,1.6242,-0.1671,0.5,0.4326,77.3672,1.0,10.65,6.6,-0.0236
324.75,seguindo,normal,10.6695,6.1849,1.7946,1.6178,-0.1767,0.4993,0.4155,132.5267,1.0,10.65,6.6,-0.02
324.8,seguindo,normal,10.6671,6.1963,1.7967,1.6132,-0.1835,0.4924,0.4041,132.5267,1.0,10.65,6.6,-0.0175
324.85,seguindo,normal,10.6634,6.2132,1.7997,1.6055,-0.1942,0.4819,0.387,132.5267,1.0,10.65,6.6,-0.0138
324.9,seguindo,normal,10.661,6.2246,1.8017,1.6,-0.2017,0.4747,0.3756,132.5267,1.0,10.65,6.6,-0.0113
324.95,seguindo,normal,10.6571,6.2416,1.804,1.5907,-0.2133,0.4637,0.3584,193.4627,1.0,10.65,6.6,-0.0074
325.0,seguindo,normal,10.6545,6.253,1.8053,1.5838,-0.2215,0.4563,0.347,193.4627,1.0,10.65,6.6,-0.0047
325.054,seguindo,normal,10.6532,6.2587,1.806,1.5802,-0.2258,0.4525,0.3413,193.4627,1.0,10.65,6.6,-0.0034
325.1,seguindo,normal,10.6478,6.2816,1.8078,1.564,-0.2438,0.4371,0.3184,274.6966,1.0,10.65,6.6,0.002
325.15,seguindo,normal,10.6439,6.2987,1.8098,1.5504,-0.2593,0.4252,0.3013,274.6966,1.0,10.65,6.6,0.006
325.2,seguindo,normal,10.6412,6.3101,1.8113,1.5405,-0.2708,0.4172,0.29,274.6966,1.0,10.65,6.6,0.0087
325.25,seguindo,normal,10.6373,6.3271,1.814,1.5241,-0.2898,0.4049,0.2732,412.7866,1.0,10.65,6.6,0.0126
325.3,seguindo,normal,10.6333,6.344,1.8168,1.5055,-0.3113,0.3923,0.2565,412.7866,1.0,10.65,6.6,0.0167
326.629,seguindo,normal,10.6011,6.4526,1.7936,-2.1017,2.3878,0.5,8.7229,1.0934,1.0,10.0711,5.55,0.0511
326.65,seguindo,normal,10.6022,6.4474,1.7933,-2.1052,2.3847,0.5,8.7231,1.0934,1.0,10.0711,5.55,0.0523
326.7,seguindo,normal,10.6033,6.4423,1.7928,-2.1086,2.3818,0.5,8.7234,1.0934,1.0,10.0711,5.55,0.0539
326.75,seguindo,normal,10.6045,6.4367,1.7924,-2.1124,2.3784,0.5,8.7236,1.0934,1.0,10.0711,5.55,0.0561
326.8,seguindo,normal,10.6051,6.4339,1.7921,-2.1143,2.3768,0.5,8.7238,1.0934,1.0,10.0711,5.55,0.0574
326.85,seguindo,normal,10.6056,6.4316,1.792,-2.1158,2.3753,0.5,8.7238,1.0934,1.0,10.0711,5.55,0.0585
326.9,seguindo,normal,10.6057,6.4309,1.7919,-2.1163,2.375,0.5,8.7239,1.0934,1.0,10.0711,5.55,0.0589
326.95,seguindo,normal,10.6058,6.4306,1.7919,-2.1165,2.3748,0.5,8.7239,1.0934,1.0,10.0711,5.55,0.0591
327.0,seguindo,normal,10.6058,6.4306,1.7919,-2.1165,2.3748,0.5,8.7239,1.0934,1.0,10.0711,5.55,0.0591
327.05,seguindo,normal,10.6066,6.4292,1.7972,-2.1179,2.3681,0.5,8.7244,1.0934,1.0,10.0711,5.55,0.0603
327.1,seguindo,normal,10.6073,6.4277,1.8024,-2.1193,2.3616,0.5,8.7249,1.0934,1.0,10.0711,5.55,0.0615
327.15,seguindo,normal,10.6089,6.4256,1.815,-2.1216,2.3466,0.5,8.7261,1.0934,1.0,10.0711,5.55,0.0637
327.2,seguindo,normal,10.6101,6.4243,1.8252,-2.1233,2.3346,0.5,8.7271,1.0934,1.0,10.0711,5.55,0.0654
327.25,seguindo,normal,10.6123,6.4224,1.8456,-2.1261,2.3114,0.5,8.729,1.0934,1.0,10.0711,5.55,0.0682
327.3,seguindo,normal,10.614,6.4212,1.8611,-2.1281,2.294,0.5,8.7304,1.0934,1.0,10.0711,5.55,0.0702
327.35,seguindo,normal,10.6169,6.4196,1.8892,-2.1313,2.2627,0.5,8.733,1.0934,1.0,10.0711,5.55,0.0735
327.4,seguindo,normal,10.619,6.4186,1.9098,-2.1335,2.2399,0.5,8.7349,1.0934,1.0,10.0711,5.55,0.0758
327.45,seguindo,normal,10.6225,6.4174,1.9456,-2.1371,2.2004,0.5,8.7383,1.0934,1.0,10.0711,5.55,0.0795
327.5,seguindo,normal,10.6251,6.4167,1.9713,-2.1396,2.1723,0.5,8.7407,1.0934,1.0,10.0711,5.55,0.0822
327.55,seguindo,normal,10.6293,6.4159,2.0149,-2.1434,2.1249,0.5,8.7447,1.0934,1.0,10.0711,5.55,0.0863
327.6,seguindo,normal,10.6323,6.4156,2.0457,-2.146,2.0915,0.5,8.7476,1.0934,1.0,10.0711,5.55,0.0892
327.65,seguindo,normal,10.6371,6.4155,2.0969,-2.15,2.0363,0.5,8.7523,1.0934,1.0,10.0711,5.55,0.0937
327.7,seguindo,normal,10.6404,6.4157,2.1329,-2.1526,1.9977,0.5,8.7556,1.0934,1.0,10.0711,5.55,0.0967
327.75,seguindo,normal,10.6457,6.4163,2.192,-2.1565,1.9347,0.5,8.761,1.0934,1.0,10.0711,5.55,0.1015
327.8,seguindo,normal,10.6494,6.4171,2.2331,-2.159,1.8911,0.5,8.7647,1.0934,1.0,10.0711,5.55,0.1047
327.85,seguindo,normal,10.6551,6.4187,2.2998,-2.1627,1.8207,0.5,8.7706,1.0934,1.0,10.0711,5.55,0.1097
327.9,seguindo,normal,10.6589,6.4201,2.3461,-2.165,1.7721,0.5,8.7746,1.0934,1.0,10.0711,5.55,0.113
327.95,seguindo,normal,10.6648,6.4228,2.4206,-2.1682,1.6944,0.5,8.7809,1.0934,1.0,10.0711,5.55,0.118
328.0,seguindo,normal,10.6688,6.425,2.472,-2.1701,1.6411,0.5,8.7851,1.0934,1.0,10.0711,5.55,0.1214
328.05,seguindo,normal,10.6746,6.429,2.5541,-2.1725,1.5565,0.5,8.7916,1.0934,1.0,10.0711,5.55,0.1264
328.1,seguindo,normal,10.6784,6.4321,2.6107,-2.1738,1.4986,0.5,8.7958,1.0934,1.0,10.0711,5.55,0.1297
328.15,seguindo,normal,10.684,6.4374,2.7005,-2.1752,1.4074,0.5,8.8021,1.0934,1.0,10.0711,5.55,0.1346
328.2,seguindo,normal,10.6875,6.4414,2.7622,-2.1758,1.3452,0.5,8.8062,1.0934,1.0,10.0711,5.55,0.1377
328.25,seguindo,normal,10.6923,6.4481,2.8597,-2.176,1.2475,0.5,8.8121,1.0934,1.0,10.0711,5.55,0.1423
328.3,seguindo,normal,10.6952,6.453,2.9266,-2.1756,1.181,0.5,8.8158,1.0934,1.0,10.0711,5.55,0.1452
328.35,seguindo,normal,10.699,6.461,3.0318,-2.1743,1.0771,0.5,8.8208,1.0934,1.0,10.0711,5.55,0.1494
328.4,seguindo,normal,10.701,6.4668,3.1038,-2.1728,1.0066,0.5,8.8238,1.0934,1.0,10.0711,5.55,0.1519
328.45,seguindo,normal,10.7032,6.476,-3.0665,-2.1698,0.8967,0.5,8.8275,1.0934,1.0,10.0711,5.55,0.1554
328.5,seguindo,normal,10.7041,6.4824,-2.9894,-2.1673,0.8221,0.5,8.8295,1.0934,1.0,10.0711,5.55,0.1575
328.55,seguindo,normal,10.703,6.4918,-2.8695,-2.1618,0.7077,0.5,8.83,1.0934,1.0,10.0711,5.55,0.1587
328.6,seguindo,normal,10.7008,6.4977,-2.7888,-2.1573,0.6315,0.5,8.8288,1.0934,1.0,10.0711,5.55,0.1582
328.65,seguindo,normal,10.6965,6.506,-2.6718,-2.1502,0.5217,0.5,8.826,1.0934,1.0,10.0711,5.55,0.1569
328.7,seguindo,normal,10.6932,6.5111,-2.5975,-2.1453,0.4522,0.5,8.8236,1.0934,1.0,10.0711,5.55,0.1557
328.75,seguindo,normal,10.6875,6.5179,-2.49,-2.1379,0.352,0.5,8.8191,1.0934,1.0,10.0711,5.55,0.1534
328.8,seguindo,normal,10.6835,6.5218,-2.4217,-2.1332,0.2886,0.5,8.8159,1.0934,1.0,10.0711,5.55,0.1516
328.85,seguindo,normal,10.6771,6.5268,-2.3236,-2.1261,0.1976,0.5,8.8104,1.0934,1.0,10.0711,5.55,0.1485
328.9,seguindo,normal,10.6727,6.5295,-2.2618,-2.1216,0.1402,0.5,8.8065,1.0934,1.0,10.0711,5.55,0.1462
328.95,seguindo,normal,10.6659,6.5327,-2.1732,-2.1151,0.0581,0.5,8.8004,1.0934,1.0,10.0711,5.55,0.1424
329.0,seguindo,normal,10.6613,6.5344,-2.1178,-2.111,0.0068,0.5,8.7962,1.0934,1.0,10.0711,5.55,0.1397
329.05,seguindo,normal,10.6545,6.5359,-2.0386,-2.1051,-0.0665,0.5,8.7897,1.0934,1.0,10.0711,5.55,0.1353
329.1,seguindo,normal,10.6499,6.5366,-1.9892,-2.1014,-0.1122,0.5,8.7854,1.0934,1.0,10.0711,5.55,0.1323
329.15,seguindo,normal,10.6434,6.537,-1.9184,-2.0963,-0.1779,0.5,8.779,1.0934,1.0,10.0711,5.55,0.1276
329.2,seguindo,normal,10.6393,6.5369,-1.874,-2.0932,-0.2192,0.5,8.775,1.0934,1.0,10.0711,5.55,0.1246
329.25,seguindo,normal,10.6335,6.5366,-1.8104,-2.0889,-0.2785,0.5,8.7691,1.0934,1.0,10.0711,5.55,0.1203
329.3,seguindo,normal,10.6298,6.5364,-1.7701,-2.0861,-0.3161,0.5,8.7655,1.0934,1.0,10.0711,5.55,0.1176
329.35,seguindo,normal,10.6245,6.5357,-1.712,-2.0824,-0.3704,0.5,8.7602,1.0934,1.0,10.0711,5.55,0.1136
329.4,seguindo,normal,10.6213,6.5352,-1.6759,-2.0802,-0.4042,0.5,8.757,1.0934,1.0,10.0711,5.55,0.1112
329.45,seguindo,normal,10.617,6.5339,-1.6255,-2.0774,-0.4519,0.5,8.7524,1.0934,1.0,10.0711,5.55,0.1074
329.5,seguindo,normal,10.6144,6.533,-1.595,-2.0758,-0.4808,0.5,8.7498,1.0934,1.0,10.0711,5.55,0.105
329.55,seguindo,normal,10.611,6.5311,-1.5535,-2.0739,-0.5204,0.5,8.7461,1.0934,1.0,10.0711,5.55,0.1015
329.6,seguindo,normal,10.6081,6.5292,-1.5174,-2.0725,-0.5551,0.5,8.7429,1.0934,1.0,10.0711,5.55,0.0982
329.65,seguindo,normal,10.6066,6.5276,-1.497,-2.0719,-0.575,0.5,8.7411,1.0934,1.0,10.0711,5.55,0.096
329.7,seguindo,normal,10.6052,6.5261,-1.4789,-2.0715,-0.5926,0.5,8.7395,1.0934,1.0,10.0711,5.55,0.094
329.75,seguindo,normal,10.6037,6.5237,-1.4571,-2.0713,-0.6142,0.5,8.7376,1.0934,1.0,10.0711,5.55,0.0912
329.8,seguindo,normal,10.6026,6.5213,-1.4406,-2.0715,-0.6309,0.5,8.7361,1.0934,1.0,10.0711,5.55,0.0886
329.85,seguindo,normal,10.6023,6.52,-1.4344,-2.0718,-0.6375,0.5,8.7355,1.0934,1.0,10.0711,5.55,0.0873
329.9,seguindo,normal,10.602,6.5186,-1.4291,-2.0722,-0.6431,0.5,8.7351,1.0934,1.0,10.0711,5.55,0.0861
329.95,seguindo,normal,10.602,6.517,-1.4264,-2.0729,-0.6466,0.5,8.7348,1.0934,1.0,10.0711,5.55,0.0848
330.0,seguindo,normal,10.6022,6.516,-1.4264,-2.0735,-0.6471,0.5,8.7347,1.0934,1.0,10.0711,5.55,0.0841
330.061,seguindo,normal,10.6022,6.5155,-1.4264,-2.0738,-0.6474,0.5,8.7347,1.0934,1.0,10.0711,5.55,0.0838
330.1,seguindo,normal,10.6032,6.5143,-1.4364,-2.0751,-0.6387,0.5,8.7355,1.0934,1.0,10.0711,5.55,0.0834
330.15,seguindo,normal,10.6043,6.5137,-1.449,-2.0762,-0.6272,0.5,8.7365,1.0934,1.0,10.0711,5.55,0.0837
330.2,seguindo,normal,10.6052,6.5134,-1.4593,-2.0771,-0.6178,0.5,8.7373,1.0934,1.0,10.0711,5.55,0.0841
330.25,seguindo,normal,10.6062,6.5132,-1.4707,-2.0779,-0.6072,0.5,8.7382,1.0934,1.0,10.0711,5.55,0.0846
330.3,seguindo,normal,10.6066,6.5132,-1.476,-2.0783,-0.6023,0.5,8.7386,1.0934,1.0,10.0711,5.55,0.0848
330.35,seguindo,normal,10.6068,6.5132,-1.4787,-2.0784,-0.5997,0.5,8.7388,1.0934,1.0,10.0711,5.55,0.085
330.4,seguindo,normal,10.6068,6.5132,-1.4787,-2.0784,-0.5997,0.5,8.7388,1.0934,1.0,10.0711,5.55,0.085
330.45,seguindo,normal,10.6074,6.5105,-1.4826,-2.0801,-0.5975,0.5,8.739,1.0934,1.0,10.0711,5.55,0.0834
330.5,seguindo,normal,10.6081,6.5073,-1.4878,-2.0821,-0.5942,0.5,8.7391,1.0934,1.0,10.0711,5.55,0.0817
330.55,seguindo,normal,10.6097,6.5,-1.4998,-2.0866,-0.5868,0.5,8.7394,1.0934,1.0,10.0711,5.55,0.0779
330.6,seguindo,normal,10.611,6.4937,-1.5102,-2.0905,-0.5803,0.5,8.7396,1.0934,1.0,10.0711,5.55,0.075
330.65,seguindo,normal,10.6133,6.4816,-1.5303,-2.0979,-0.5675,0.5,8.7398,1.0934,1.0,10.0711,5.55,0.0707
330.7,re,,10.6156,6.4674,-1.5544,-1.5544,0.0,0.203,8.7397,inf,,,,0.0
330.75,re,,10.6168,6.4607,-1.5676,-1.5676,0.0,0.203,8.7397,inf,,,,0.0
330.8,re,,10.6179,6.4544,-1.5813,-1.5813,0.0,0.203,8.7397,inf,,,,0.0
330.85,re,,10.6196,6.442,-1.606,-1.606,0.0,0.203,8.7394,inf,,,,0.0
330.9,re,,10.6208,6.4323,-1.6265,-1.6265,0.0,0.203,8.739,inf,,,,0.0
330.95,re,,10.6226,6.417,-1.662,-1.662,0.0,0.203,8.7383,inf,,,,0.0
331.0,re,,10.6237,6.4067,-1.689,-1.689,0.0,0.203,8.7377,inf,,,,0.0
331.05,re,,10.6251,6.3908,-1.7332,-1.7332,0.0,0.203,8.7366,inf,,,,0.0
331.1,re,,10.6259,6.3802,-1.7652,-1.7652,0.0,0.203,8.7356,inf,,,,0.0
331.15,re,,10.6261,6.3643,-1.8098,-1.8098,0.0,0.203,8.7333,inf,,,,0.0
331.2,re,,10.6256,6.3539,-1.8357,-1.8357,0.0,0.203,8.7312,inf,,,,0.0
331.25,re,,10.6239,6.3382,-1.869,-1.869,0.0,0.203,8.7271,inf,,,,0.0
331.3,re,,10.6222,6.3278,-1.8875,-1.8875,0.0,0.203,8.7239,inf,,,,0.0
331.35,re,,10.619,6.3126,-1.9095,-1.9095,0.0,0.203,8.7184,inf,,,,0.0
331.4,re,,10.6164,6.3027,-1.921,-1.921,0.0,0.203,8.7143,inf,,,,0.0
331.45,re,,10.6121,6.2883,-1.9327,-1.9327,0.0,0.203,8.7079,inf,,,,0.0
331.55,seguindo,normal,10.6038,6.2649,-1.9409,-2.4855,-0.5445,0.5,8.6963,30.3589,0.37,10.2597,6.0,0.1484
331.6,seguindo,normal,10.6003,6.2558,-1.941,-2.4974,-0.5564,0.5,8.6915,30.3589,0.37,10.2597,6.0,0.1505
331.65,seguindo,normal,10.5946,6.2421,-1.9362,-2.0904,-0.1542,0.5,8.6839,1.4669,1.0,10.0843,5.35,-0.0
331.7,seguindo,normal,10.5907,6.233,-1.9311,-2.0915,-0.1604,0.5,8.6787,1.4669,1.0,10.0843,5.35,0.0019
331.75,seguindo,normal,10.5846,6.2195,-1.9186,-2.0778,-0.1593,0.5,8.6708,1.1805,1.0,10.0738,5.3,0.0045
331.8,seguindo,normal,10.5785,6.206,-1.9033,-2.079,-0.1757,0.5,8.6629,1.1805,1.0,10.0738,5.3,0.0071
331.85,seguindo,normal,10.5743,6.197,-1.8903,-2.0798,-0.1894,0.5,8.6575,1.1805,1.0,10.0738,5.3,0.0088
331.9,seguindo,normal,10.5703,6.188,-1.8773,-2.0806,-0.2033,0.5,8.6522,1.1805,1.0,10.0738,5.3,0.0105
331.95,seguindo,normal,10.5645,6.1743,-1.8578,-2.0822,-0.2244,0.5,8.6446,1.1805,1.0,10.0738,5.3,0.0133
332.0,seguindo,normal,10.5607,6.1651,-1.8448,-2.0663,-0.2215,0.5,8.6396,1.0097,1.0,10.0661,5.25,0.0153
332.05,seguindo,normal,10.5553,6.1513,-1.8253,-2.0681,-0.2428,0.5,8.6324,1.0097,1.0,10.0661,5.25,0.0186
332.1,seguindo,normal,10.5519,6.142,-1.8123,-2.0695,-0.2572,0.5,8.6278,1.0097,1.0,10.0661,5.25,0.0209
332.15,seguindo,normal,10.5479,6.1307,-1.7962,-2.0713,-0.2751,0.5,8.6223,1.0097,1.0,10.0661,5.25,0.0238
332.2,seguindo,normal,10.5456,6.1245,-1.7857,-2.0723,-0.2866,0.5,8.6192,1.0097,1.0,10.0661,5.25,0.0253
332.25,seguindo,normal,10.5434,6.1179,-1.7761,-2.0736,-0.2975,0.5,8.6162,1.0097,1.0,10.0661,5.25,0.0271
332.3,seguindo,normal,10.5424,6.1147,-1.7726,-2.0743,-0.3017,0.5,8.6148,1.0097,1.0,10.0661,5.25,0.0281
332.35,seguindo,normal,10.5418,6.1127,-1.7703,-2.0748,-0.3044,0.5,8.614,1.0097,1.0,10.0661,5.25,0.0287
332.4,seguindo,normal,10.5418,6.1126,-1.7705,-2.0748,-0.3043,0.5,8.614,1.0097,1.0,10.0661,5.25,0.0287
332.45,seguindo,normal,10.5415,6.1095,-1.7756,-2.0761,-0.3004,0.5,8.6133,1.0097,1.0,10.0661,5.25,0.0302
332.5,seguindo,normal,10.5413,6.1061,-1.7823,-2.2141,-0.4318,0.5,8.6127,20.345,0.37,10.2744,5.75,0.0319
332.55,seguindo,normal,10.5407,6.0982,-1.7972,-2.2237,-0.4265,0.5,8.6111,20.345,0.37,10.2744,5.75,0.0357
332.6,seguindo,normal,10.54,6.0884,-1.8168,-2.2363,-0.4194,0.5,8.6091,20.345,0.37,10.2744,5.75,0.0405
332.65,seguindo,normal,10.539,6.0791,-1.8346,-2.2479,-0.4133,0.5,8.6069,20.345,0.37,10.2744,5.75,0.0447
332.7,seguindo,normal,10.5379,6.0694,-1.8537,-2.2605,-0.4068,0.5,8.6046,20.345,0.37,10.2744,5.75,0.0491
332.75,seguindo,normal,10.5358,6.0535,-1.8873,-2.2817,-0.3944,0.5,8.6006,20.345,0.37,10.2744,5.75,0.0559
332.8,seguindo,normal,10.5341,6.0424,-1.912,-2.2971,-0.385,0.5,8.5976,20.345,0.37,10.2744,5.75,0.0605
332.85,seguindo,normal,10.5312,6.0255,-1.9518,-2.2954,-0.3436,0.5,8.5926,21.5965,0.37,10.2431,5.7,0.0671
332.9,seguindo,normal,10.529,6.0143,-1.9794,-2.3089,-0.3296,0.5,8.5891,21.5965,0.37,10.2431,5.7,0.0713
332.95,seguindo,normal,10.5253,5.9979,-2.0223,-2.3293,-0.3069,0.5,8.5835,21.5965,0.37,10.2431,5.7,0.077
333.0,seguindo,normal,10.5225,5.9871,-2.0513,-2.3427,-0.2915,0.5,8.5795,21.5965,0.37,10.2431,5.7,0.0804
333.05,seguindo,normal,10.5178,5.9713,-2.0933,-2.3296,-0.2364,0.5,8.573,73.7935,0.37,10.2131,5.65,0.0848
333.1,seguindo,normal,10.5141,5.9608,-2.1202,-2.3401,-0.22,0.5,8.5682,73.7935,0.37,10.2131,5.65,0.0873
333.15,seguindo,normal,10.5079,5.9452,-2.159,-2.3555,-0.1965,0.5,8.5602,73.7935,0.37,10.2131,5.65,0.0904
333.2,seguindo,normal,10.5032,5.9348,-2.1838,-2.3654,-0.1816,0.5,8.5544,73.7935,0.37,10.2131,5.65,0.092
333.25,seguindo,normal,10.4955,5.9193,-2.2194,-2.3423,-0.1229,0.5,8.5451,8.7045,0.37,10.1849,5.6,0.0938
333.3,seguindo,normal,10.4898,5.909,-2.2418,-2.3495,-0.1076,0.5,8.5384,8.7045,0.37,10.1849,5.6,0.0945
333.35,seguindo,normal,10.4807,5.8937,-2.2737,-2.3595,-0.0858,0.5,8.5276,8.7045,0.37,10.1849,5.6,0.095
333.4,seguindo,normal,10.4741,5.8836,-2.2936,-2.3658,-0.0722,0.5,8.52,8.7045,0.37,10.1849,5.6,0.0949
333.45,seguindo,normal,10.4635,5.8686,-2.3215,-2.3337,-0.0122,0.5,8.5079,4.2388,0.37,10.1589,5.55,0.0941
333.5,seguindo,normal,10.4523,5.8537,-2.3482,-2.3388,0.0094,0.5,8.4953,4.2388,0.37,10.1589,5.55,0.0927
333.55,seguindo,normal,10.4445,5.844,-2.3652,-2.3417,0.0235,0.5,8.4865,4.2388,0.37,10.1589,5.55,0.0914
333.6,seguindo,normal,10.4363,5.8343,-2.381,-2.3439,0.0371,0.5,8.4774,4.2388,0.37,10.1589,5.55,0.0898
333.65,seguindo,normal,10.4235,5.8199,-2.403,-2.3038,0.0992,0.5,8.4633,2.7598,0.37,10.1355,5.5,0.0869
333.7,seguindo,normal,10.4145,5.8104,-2.4163,-2.3031,0.1132,0.5,8.4534,2.7598,0.37,10.1355,5.5,0.0846
333.75,seguindo,normal,10.4017,5.7974,-2.4334,-2.301,0.1324,0.5,8.4395,2.7598,0.37,10.1355,5.5,0.081
333.8,seguindo,normal,10.3934,5.7892,-2.4445,-2.2992,0.1453,0.5,8.4305,2.7598,0.37,10.1355,5.5,0.0785
333.85,seguindo,normal,10.3806,5.7775,-2.4544,-2.2521,0.2022,0.5,8.4166,2.0242,0.37,10.115,5.45,0.0742
333.9,seguindo,normal,10.3719,5.7699,-2.4584,-2.2472,0.2112,0.5,8.4072,2.0242,0.37,10.115,5.45,0.071
333.95,seguindo,normal,10.3584,5.7591,-2.4575,-2.2378,0.2197,0.5,8.3928,2.0242,0.37,10.115,5.45,0.0656
334.0,seguindo,normal,10.3493,5.752,-2.4543,-2.2306,0.2237,0.5,8.3831,2.0242,0.37,10.115,5.45,0.0619
334.05,seguindo,normal,10.3357,5.7413,-2.449,-2.1793,0.2698,0.5,8.3686,1.5657,0.37,10.098,5.4,0.0562
334.1,seguindo,normal,10.3267,5.7342,-2.4453,-2.171,0.2743,0.5,8.359,1.5657,0.37,10.098,5.4,0.0525
334.15,seguindo,normal,10.3132,5.7235,-2.4401,-2.158,0.282,0.5,8.3447,1.5657,0.37,10.098,5.4,0.047
334.2,seguindo,normal,10.3043,5.7162,-2.4367,-2.1489,0.2878,0.5,8.3351,1.5657,0.37,10.098,5.4,0.0432
334.25,seguindo,normal,10.2909,5.7052,-2.4327,-2.1345,0.2983,0.5,8.3208,1.5657,0.37,10.098,5.4,0.0377
334.3,seguindo,normal,10.282,5.6978,-2.4307,-2.0877,0.343,0.5,8.3113,1.257,0.37,10.0843,5.35,0.0341
334.35,seguindo,normal,10.2686,5.6866,-2.4279,-2.0719,0.356,0.5,8.2971,1.257,0.37,10.0843,5.35,0.0288
334.4,seguindo,normal,10.2598,5.679,-2.4261,-2.0607,0.3654,0.5,8.2876,1.257,0.37,10.0843,5.35,0.0251
334.45,seguindo,normal,10.2465,5.6677,-2.4236,-2.0427,0.3809,0.5,8.2734,1.257,0.37,10.0843,5.35,0.0195
334.5,seguindo,normal,10.2376,5.6602,-2.4219,-1.9976,0.4243,0.5,8.264,1.0601,0.37,10.0738,5.3,0.0158
334.55,seguindo,normal,10.2244,5.6488,-2.4194,-1.9782,0.4411,0.5,8.2499,1.0601,0.37,10.0738,5.3,0.0103
334.6,seguindo,normal,10.2155,5.6412,-2.4177,-1.9645,0.4532,0.5,8.2405,1.0601,0.37,10.0738,5.3,0.0064
334.65,seguindo,normal,10.2039,5.6317,-2.4094,-1.9444,0.465,0.5,8.2281,1.0601,0.37,10.0738,5.3,0.0009
334.7,seguindo,normal,10.1968,5.6261,-2.4018,-1.9052,0.4967,0.5,8.2206,0.9561,0.37,10.0661,5.25,-0.0025
334.75,seguindo,normal,10.1861,5.6179,-2.3864,-1.886,0.5004,0.5,8.2094,0.9561,0.37,10.0661,5.25,-0.0078
334.8,seguindo,normal,10.179,5.6125,-2.3745,-1.8727,0.5018,0.5,8.2019,0.9561,0.37,10.0661,5.25,-0.0113
334.85,seguindo,normal,10.1682,5.6046,-2.3515,-1.8513,0.5002,0.5,8.1906,0.9561,0.37,10.0661,5.25,-0.0169
334.9,seguindo,normal,10.1611,5.5993,-2.3344,-1.8365,0.4979,0.5,8.1831,0.9561,0.37,10.0661,5.25,-0.0208
334.95,seguindo,normal,10.1506,5.5915,-2.304,-1.8132,0.4908,0.5,8.172,0.9561,0.37,10.0661,5.25,-0.0266
335.0,seguindo,normal,10.1436,5.5864,-2.2821,-1.7671,0.515,0.5,8.1647,0.9288,0.37,10.0568,5.15,-0.0304
335.054,seguindo,normal,10.1368,5.5811,-2.2602,-1.7542,0.506,0.5,8.1575,0.9288,0.37,10.0568,5.15,-0.0339
335.1,seguindo,normal,10.1268,5.5728,-2.2276,-1.7348,0.4928,0.5,8.147,0.9288,0.37,10.0568,5.15,-0.039
335.15,seguindo,normal,10.1171,5.5643,-2.1945,-1.7152,0.4792,0.5,8.1367,0.9288,0.37,10.0568,5.15,-0.0439
335.2,seguindo,normal,10.1108,5.5584,-2.1721,-1.7021,0.4701,0.5,8.13,0.9288,0.37,10.0568,5.15,-0.0472
335.25,seguindo,normal,10.1016,5.5495,-2.1382,-1.6823,0.4559,0.5,8.1202,0.9288,0.37,10.0568,5.15,-0.0517
335.3,seguindo,normal,10.0956,5.5435,-2.1153,-1.6636,0.4517,0.5,8.1138,0.9786,0.37,10.0543,5.1,-0.0546
335.35,seguindo,normal,10.0869,5.5342,-2.0805,-1.6457,0.4348,0.5,8.1045,0.9786,0.37,10.0543,5.1,-0.0585
335.4,seguindo,normal,10.0813,5.5279,-2.0571,-1.6338,0.4233,0.5,8.0985,0.9786,0.37,10.0543,5.1,-0.0609
335.45,seguindo,normal,10.0732,5.5185,-2.0205,-1.6159,0.4047,0.5,8.0898,0.9786,0.37,10.0543,5.1,-0.0646
335.5,seguindo,normal,10.068,5.5121,-1.9957,-1.6039,0.3918,0.5,8.0842,0.9786,0.37,10.0543,5.1,-0.067
335.55,seguindo,normal,10.0604,5.5022,-1.9586,-1.586,0.3726,0.5,8.0761,0.9786,0.37,10.0543,5.1,-0.0703
335.6,seguindo,normal,10.0556,5.4955,-1.934,-1.5767,0.3573,0.5,8.0708,1.1652,1.0,10.0495,4.45,-0.0722
335.65,seguindo,normal,10.0487,5.4851,-1.8974,-1.57,0.3273,0.5,8.0633,1.1652,1.0,10.0495,4.45,-0.0747
335.7,seguindo,normal,10.0443,5.478,-1.8734,-1.5657,0.3076,0.5,8.0585,1.1652,1.0,10.0495,4.45,-0.0761
335.75,seguindo,normal,10.038,5.4671,-1.8379,-1.5596,0.2783,0.5,8.0516,1.1652,1.0,10.0495,4.45,-0.0784
335.8,seguindo,normal,10.0341,5.4596,-1.8146,-1.5556,0.259,0.5,8.0472,1.1652,1.0,10.0495,4.45,-0.0797
335.85,seguindo,normal,10.0285,5.4481,-1.78,-1.5512,0.2288,0.5,8.041,1.4351,1.0,10.0491,4.4,-0.0812
335.9,seguindo,normal,10.0251,5.4403,-1.7574,-1.5477,0.2097,0.5,8.0372,1.4351,1.0,10.0491,4.4,-0.082
335.95,seguindo,normal,10.0202,5.4283,-1.7242,-1.5427,0.1815,0.5,8.0317,1.4351,1.0,10.0491,4.4,-0.0827
336.0,seguindo,normal,10.0173,5.4201,-1.7026,-1.5396,0.163,0.5,8.0283,1.4351,1.0,10.0491,4.4,-0.0831
336.05,seguindo,normal,10.0132,5.4076,-1.6712,-1.5352,0.136,0.5,8.0236,1.4351,1.0,10.0491,4.4,-0.0838
336.1,seguindo,normal,10.0108,5.3991,-1.6508,-1.5324,0.1184,0.5,8.0207,1.4351,1.0,10.0491,4.4,-0.0839
336.15,seguindo,normal,10.0075,5.3861,-1.6212,-1.5312,0.09,0.5,8.0168,1.8678,1.0,10.0485,4.35,-0.0836
336.2,seguindo,normal,10.0055,5.3773,-1.6022,-1.5289,0.0732,0.5,8.0144,1.8678,1.0,10.0485,4.35,-0.0832
336.25,seguindo,normal,10.0031,5.3638,-1.5748,-1.5259,0.0489,0.5,8.0113,1.8678,1.0,10.0485,4.35,-0.0823
336.3,seguindo,normal,10.0017,5.3546,-1.5574,-1.5242,0.0332,0.5,8.0095,1.8678,1.0,10.0485,4.35,-0.0818
336.35,seguindo,normal,10.0,5.3406,-1.5328,-1.5251,0.0078,0.5,8.0073,2.5472,1.0,10.0477,4.3001,-0.0805
336.4,seguindo,normal,9.9992,5.331,-1.5175,-1.5238,-0.0064,0.5,8.0061,2.5472,1.0,10.0477,4.3001,-0.0794
336.45,seguindo,normal,9.9984,5.3164,-1.4964,-1.5224,-0.026,0.5,8.0047,2.5472,1.0,10.0477,4.3001,-0.0772
336.5,seguindo,normal,9.9981,5.3015,-1.4775,-1.5214,-0.0439,0.5,8.0038,2.5472,1.0,10.0477,4.3001,-0.075
336.55,seguindo,normal,9.9982,5.2913,-1.4664,-1.521,-0.0546,0.5,8.0035,2.5472,1.0,10.0477,4.3001,-0.0734
336.6,seguindo,normal,9.9985,5.2809,-1.4562,-1.5245,-0.0683,0.5,8.0035,3.6144,1.0,10.0463,4.2501,-0.0715
336.656,seguindo,normal,9.9997,5.264,-1.4454,-1.5249,-0.0795,0.5,8.0041,3.6144,1.0,10.0463,4.2501,-0.0677
336.7,seguindo,normal,10.0015,5.246,-1.4383,-1.5258,-0.0875,0.5,8.0052,3.6144,1.0,10.0463,4.2501,-0.0638
336.75,seguindo,normal,10.0031,5.2342,-1.4385,-1.5269,-0.0883,0.5,8.0065,3.6144,1.0,10.0463,4.2501,-0.0609
336.8,seguindo,normal,10.0047,5.2223,-1.4389,-1.532,-0.0931,0.5,8.0078,5.3072,1.0,10.0443,4.2002,-0.058
336.85,seguindo,normal,10.007,5.2046,-1.4392,-1.5337,-0.0945,0.5,8.0097,5.3072,1.0,10.0443,4.2002,-0.0538
336.9,seguindo,normal,10.0086,5.1928,-1.4393,-1.5349,-0.0956,0.5,8.0109,5.3072,1.0,10.0443,4.2002,-0.0513
336.95,seguindo,normal,10.0109,5.1751,-1.4391,-1.5463,-0.1072,0.5,8.0128,6.7853,1.0,10.0373,4.1007,-0.0477
337.0,seguindo,normal,10.0125,5.1633,-1.4388,-1.5474,-0.1086,0.5,8.0141,6.7853,1.0,10.0373,4.1007,-0.0452
337.05,seguindo,normal,10.0147,5.1458,-1.4377,-1.5492,-0.1115,0.5,8.016,6.7853,1.0,10.0373,4.1007,-0.0419
337.1,seguindo,normal,10.0162,5.1341,-1.4368,-1.5504,-0.1136,0.5,8.0173,6.7853,1.0,10.0373,4.1007,-0.0398
337.15,seguindo,normal,10.0184,5.1168,-1.4344,-1.5583,-0.1239,0.5,8.0192,4.7664,1.0,10.0317,4.0511,-0.0367
337.2,seguindo,normal,10.0198,5.1053,-1.4325,-1.5595,-0.127,0.5,8.0205,4.7664,1.0,10.0317,4.0511,-0.0347
337.25,seguindo,normal,10.022,5.088,-1.4294,-1.5614,-0.132,0.5,8.0225,4.7664,1.0,10.0317,4.0511,-0.0319
337.3,seguindo,normal,10.0234,5.0766,-1.4273,-1.5628,-0.1354,0.5,8.0238,4.7664,1.0,10.0317,4.0511,-0.0301
337.35,seguindo,normal,10.0257,5.0593,-1.4243,-1.5721,-0.1479,0.5,8.0259,3.4638,1.0,10.0243,4.0019,-0.0273
337.4,seguindo,normal,10.0272,5.0479,-1.4222,-1.5736,-0.1514,0.5,8.0274,3.4638,1.0,10.0243,4.0019,-0.0254
337.45,seguindo,normal,10.0296,5.0306,-1.4192,-1.5759,-0.1567,0.5,8.0297,3.4638,1.0,10.0243,4.0019,-0.0227
337.5,seguindo,normal,10.0312,5.0191,-1.4172,-1.5861,-0.1689,0.5,8.0312,2.6074,1.0,10.0149,3.9531,-0.0208
337.55,seguindo,normal,10.0337,5.0019,-1.4143,-1.5887,-0.1744,0.5,8.0337,2.6074,1.0,10.0149,3.9531,-0.018
337.6,seguindo,normal,10.0353,4.9904,-1.4124,-1.5905,-0.1781,0.5,8.0353,2.6074,1.0,10.0149,3.9531,-0.0162
337.65,seguindo,normal,10.0379,4.9732,-1.4097,-1.6034,-0.1937,0.5,8.0379,2.033,1.0,10.0031,3.9051,-0.0134
337.7,seguindo,normal,10.0396,4.9617,-1.4079,-1.6054,-0.1974,0.5,8.0397,2.033,1.0,10.0031,3.9051,-0.0115
337.75,seguindo,normal,10.0422,4.9445,-1.4053,-1.6085,-0.2032,0.5,8.0424,2.033,1.0,10.0031,3.9051,-0.0087
337.8,seguindo,normal,10.044,4.933,-1.4035,-1.6106,-0.2071,0.5,8.0443,2.033,1.0,10.0031,3.9051,-0.0068
337.85,seguindo,normal,10.0467,4.9157,-1.4009,-1.6257,-0.2248,0.5,8.0472,1.6368,1.0,9.9886,3.8581,-0.004
337.9,seguindo,normal,10.0486,4.9043,-1.3991,-1.6281,-0.2289,0.5,8.0492,1.6368,1.0,9.9886,3.8581,-0.002
337.95,seguindo,normal,10.0514,4.887,-1.3965,-1.6317,-0.2352,0.5,8.0522,1.6368,1.0,9.9886,3.8581,0.0009
338.0,seguindo,normal,10.0533,4.8756,-1.3947,-1.6342,-0.2395,0.5,8.0542,1.6368,1.0,9.9886,3.8581,0.0028
338.05,seguindo,normal,10.0561,4.8584,-1.3921,-1.652,-0.2599,0.5,8.0574,1.3499,1.0,9.971,3.8127,0.0057
338.1,seguindo,normal,10.0581,4.8469,-1.3903,-1.6547,-0.2645,0.5,8.0595,1.3499,1.0,9.971,3.8127,0.0077
338.15,seguindo,normal,10.061,4.8297,-1.3876,-1.659,-0.2714,0.5,8.0628,1.3499,1.0,9.971,3.8127,0.0107
338.2,seguindo,normal,10.063,4.8183,-1.3858,-1.6783,-0.2925,0.5,8.065,1.1263,1.0,9.9498,3.7694,0.0127
338.25,seguindo,normal,10.066,4.8011,-1.3831,-1.6829,-0.2998,0.5,8.0684,1.1263,1.0,9.9498,3.7694,0.0158
338.3,seguindo,normal,10.068,4.7896,-1.3813,-1.6861,-0.3048,0.5,8.0708,1.1263,1.0,9.9498,3.7694,0.0179
338.35,seguindo,normal,10.0711,4.7725,-1.3786,-1.6242,-0.2455,0.5,8.0743,47.2477,0.37,10.0485,4.35,0.021
338.4,seguindo,normal,10.0732,4.7611,-1.3769,-1.6307,-0.2538,0.5,8.0767,47.2477,0.37,10.0485,4.35,0.0231
338.45,seguindo,normal,10.0764,4.7439,-1.3742,-1.6413,-0.2671,0.5,8.0804,47.2477,0.37,10.0485,4.35,0.0263
338.5,seguindo,normal,10.0785,4.7325,-1.3724,-1.649,-0.2766,0.5,8.0829,47.2477,0.37,10.0485,4.35,0.0284
338.55,seguindo,normal,10.0817,4.7154,-1.3697,-1.6527,-0.283,0.5,8.0868,27.6555,0.37,10.0477,4.3001,0.0317
338.6,seguindo,normal,10.0839,4.7039,-1.3679,-1.6604,-0.2925,0.5,8.0894,27.6555,0.37,10.0477,4.3001,0.0339
338.65,seguindo,normal,10.0877,4.6863,-1.3701,-1.6742,-0.3041,0.5,8.0938,27.6555,0.37,10.0477,4.3001,0.0377
338.7,seguindo,normal,10.0904,4.6743,-1.3734,-1.6744,-0.301,0.5,8.097,17.3518,0.37,10.0463,4.2501,0.0404
338.75,seguindo,normal,10.0948,4.6565,-1.3834,-1.6895,-0.306,0.5,8.102,17.3518,0.37,10.0463,4.2501,0.0448
338.8,seguindo,normal,10.0977,4.6446,-1.3919,-1.7003,-0.3083,0.5,8.1055,17.3518,0.37,10.0463,4.2501,0.0477
338.85,seguindo,normal,10.1022,4.6265,-1.4097,-1.7183,-0.3087,0.5,8.1109,17.3518,0.37,10.0463,4.2501,0.0523
338.9,seguindo,normal,10.1053,4.6144,-1.4233,-1.7169,-0.2936,0.5,8.1144,11.3278,0.37,10.0443,4.2002,0.0553
338.95,seguindo,normal,10.1098,4.5963,-1.4477,-1.7346,-0.2869,0.5,8.1198,11.3278,0.37,10.0443,4.2002,0.0598
339.0,seguindo,normal,10.1126,4.5842,-1.4653,-1.7468,-0.2815,0.5,8.1232,11.3278,0.37,10.0443,4.2002,0.0627
339.05,seguindo,normal,10.1164,4.566,-1.4918,-1.7495,-0.2576,0.5,8.128,7.6351,0.37,10.0414,4.1504,0.0666
339.1,seguindo,normal,10.1187,4.5538,-1.5095,-1.7603,-0.2507,0.5,8.131,7.6351,0.37,10.0414,4.1504,0.0689
339.15,seguindo,normal,10.1218,4.5354,-1.536,-1.7767,-0.2407,0.5,8.1351,7.6351,0.37,10.0414,4.1504,0.072
339.2,seguindo,normal,10.1235,4.5231,-1.5535,-1.7722,-0.2188,0.5,8.1375,5.3092,0.37,10.0373,4.1007,0.0738
339.25,seguindo,normal,10.1258,4.5046,-1.5796,-1.7864,-0.2068,0.5,8.1409,5.3092,0.37,10.0373,4.1007,0.0761
339.3,seguindo,normal,10.127,4.4922,-1.597,-1.796,-0.1989,0.5,8.1428,5.3092,0.37,10.0373,4.1007,0.0773
339.35,seguindo,normal,10.1284,4.4735,-1.6231,-1.7958,-0.1727,0.5,8.1454,3.8148,0.37,10.0317,4.0511,0.0788
339.4,seguindo,normal,10.129,4.4611,-1.6401,-1.8038,-0.1637,0.5,8.1468,3.8148,0.37,10.0317,4.0511,0.0795
339.45,seguindo,normal,10.1295,4.4422,-1.6651,-1.8158,-0.1507,0.5,8.1486,3.8148,0.37,10.0317,4.0511,0.0801
339.5,seguindo,normal,10.1296,4.4296,-1.6816,-1.8238,-0.1422,0.5,8.1495,3.8148,0.37,10.0317,4.0511,0.0802
339.55,seguindo,normal,10.1292,4.4107,-1.706,-1.822,-0.116,0.5,8.1506,2.8379,0.37,10.0243,4.0019,0.08
339.6,seguindo,normal,10.1287,4.3981,-1.7218,-1.8284,-0.1067,0.5,8.151,2.8379,0.37,10.0243,4.0019,0.0796
339.65,seguindo,normal,10.1275,4.3789,-1.7447,-1.8378,-0.0931,0.5,8.1512,2.8379,0.37,10.0243,4.0019,0.0786
339.7,seguindo,normal,10.1263,4.3661,-1.7593,-1.8344,-0.075,0.5,8.151,2.1878,0.37,10.0149,3.9531,0.0776
339.75,seguindo,normal,10.1242,4.3468,-1.7804,-1.8416,-0.0612,0.5,8.1504,2.1878,0.37,10.0149,3.9531,0.0757
339.8,seguindo,normal,10.1225,4.3339,-1.7938,-1.8462,-0.0523,0.5,8.1497,2.1878,0.37,10.0149,3.9531,0.0742
339.85,seguindo,normal,10.1195,4.3145,-1.8135,-1.8479,-0.0344,0.5,8.1484,1.7454,0.37,10.0031,3.9051,0.0716
339.9,seguindo,normal,10.1173,4.3015,-1.8259,-1.8512,-0.0253,0.5,8.1473,1.7454,0.37,10.0031,3.9051,0.0696
339.95,seguindo,normal,10.1134,4.2819,-1.8434,-1.8557,-0.0123,0.5,8.1452,1.7454,0.37,10.0031,3.9051,0.0662
340.0,seguindo,normal,10.1106,4.2688,-1.8542,-1.8596,-0.0054,0.5,8.1435,1.4325,0.37,9.9886,3.8581,0.0638
340.05,re,,10.1064,4.251,-1.8668,-1.8668,0.0,0.203,8.1409,inf,,,,0.0
340.1,re,,10.1036,4.2398,-1.8745,-1.8745,0.0,0.203,8.1392,inf,,,,0.0
340.15,re,,10.0988,4.2233,-1.8792,-1.8792,0.0,0.203,8.1359,inf,,,,0.0
340.2,re,,10.0953,4.2124,-1.8797,-1.8797,0.0,0.203,8.1336,inf,,,,0.0
340.25,re,,10.0899,4.1962,-1.8761,-1.8761,0.0,0.203,8.1297,inf,,,,0.0
340.3,re,,10.0861,4.1854,-1.8719,-1.8719,0.0,0.203,8.1271,inf,,,,0.0
340.35,re,,10.0806,4.1692,-1.8655,-1.8655,0.0,0.203,8.1232,inf,,,,0.0
340.4,re,,10.077,4.1583,-1.8613,-1.8613,0.0,0.203,8.1207,inf,,,,0.0
340.45,re,,10.0718,4.1441,-1.8495,-1.8495,0.0,0.203,8.117,inf,,,,0.0
340.5,re,,10.0684,4.1354,-1.838,-1.838,0.0,0.203,8.1146,inf,,,,0.0
340.55,re,,10.063,4.122,-1.8161,-1.8161,0.0,0.203,8.1107,inf,,,,0.0
340.6,re,,10.0593,4.1131,-1.798,-1.798,0.0,0.203,8.108,inf,,,,0.0
340.65,re,,10.054,4.0996,-1.769,-1.769,0.0,0.203,8.1042,inf,,,,0.0
340.7,re,,10.0506,4.0905,-1.7491,-1.7491,0.0,0.203,8.1018,inf,,,,0.0
340.8,seguindo,normal,10.043,4.0675,-1.7001,-1.947,-0.2469,0.5,8.0969,0.6886,0.37,9.8948,3.6922,0.0094
340.85,seguindo,normal,10.0391,4.0534,-1.6721,-1.9508,-0.2787,0.5,8.0946,0.6886,0.37,9.8948,3.6922,0.0071
340.9,seguindo,normal,10.0367,4.0441,-1.6542,-1.9543,-0.3001,0.5,8.0934,0.6886,0.37,9.8948,3.6922,0.006
340.95,seguindo,normal,10.0336,4.03,-1.6285,-1.9608,-0.3324,0.5,8.092,0.6886,0.37,9.8948,3.6922,0.0051
341.0,seguindo,normal,10.0318,4.0207,-1.6124,-2.0134,-0.401,0.5,8.0913,0.5709,0.37,9.8608,3.6598,0.0047
341.05,seguindo,normal,10.0295,4.0064,-1.5897,-2.0238,-0.4341,0.5,8.0908,0.5709,0.37,9.8608,3.6598,0.0045
341.1,seguindo,normal,10.0283,3.9968,-1.5754,-2.0319,-0.4565,0.5,8.0907,0.5709,0.37,9.8608,3.6598,0.0048
341.15,seguindo,normal,10.0267,3.9822,-1.5547,-2.0459,-0.4912,0.5,8.0909,0.5709,0.37,9.8608,3.6598,0.006
341.2,seguindo,normal,10.0258,3.9725,-1.5409,-2.1083,-0.5674,0.4833,8.0913,0.4833,0.37,9.823,3.6322,0.007
341.25,seguindo,normal,10.0247,3.9578,-1.5202,-2.1254,-0.6052,0.4833,8.0921,0.4833,0.37,9.823,3.6322,0.0087
341.3,seguindo,normal,10.0241,3.948,-1.5064,-2.1379,-0.6315,0.4833,8.0928,0.4833,0.37,9.823,3.6322,0.0102
341.35,seguindo,normal,10.0235,3.9333,-1.4857,-2.1583,-0.6726,0.4833,8.0941,0.4833,0.37,9.823,3.6322,0.0131
341.4,seguindo,normal,10.0233,3.9235,-1.4719,-2.2266,-0.7547,0.4244,8.0952,0.4244,0.37,9.7818,3.6098,0.0152
341.45,seguindo,normal,10.0231,3.9118,-1.4545,-2.2449,-0.7904,0.4244,8.0966,0.4244,0.37,9.7818,3.6098,0.0178
341.5,seguindo,normal,10.023,3.9052,-1.4431,-2.2553,-0.8122,0.4244,8.0973,0.4244,0.37,9.7818,3.6098,0.0193
341.55,seguindo,normal,10.0229,3.8984,-1.4319,-2.2667,-0.8348,0.4244,8.0982,0.4244,0.37,9.7818,3.6098,0.0209
341.6,seguindo,normal,10.023,3.8952,-1.4274,-2.2725,-0.8451,0.4244,8.0987,0.4244,0.37,9.7818,3.6098,0.022
341.65,seguindo,normal,10.024,3.8876,-1.4253,-2.2878,-0.8625,0.4244,8.1007,0.4244,0.37,9.7818,3.6098,0.0251
341.712,seguindo,normal,10.0257,3.8779,-1.4286,-2.4817,-1.0531,0.3791,8.1037,0.3791,0.37,9.6923,3.6193,0.0379
341.75,seguindo,normal,10.0275,3.869,-1.4349,-2.5013,-1.0664,0.3791,8.1068,0.3791,0.37,9.6923,3.6193,0.0334
341.8,seguindo,normal,10.0294,3.8595,-1.4432,-2.5225,-1.0793,0.3791,8.11,0.3791,0.37,9.6923,3.6193,0.0309
341.85,seguindo,normal,10.0325,3.8455,-1.4609,-2.5548,-1.0939,0.3791,8.1151,0.3791,0.37,9.6923,3.6193,0.0329
341.9,seguindo,normal,10.0347,3.8362,-1.4749,-2.5768,-1.1019,0.3791,8.1185,0.3791,0.37,9.6923,3.6193,0.0373
341.95,seguindo,normal,10.0379,3.8229,-1.5008,-2.6092,-1.1084,0.3791,8.1236,0.3791,0.37,9.6923,3.6193,0.0464
342.0,seguindo,normal,10.04,3.8141,-1.5198,-2.6307,-1.111,0.3791,8.127,0.3791,0.37,9.6923,3.6193,0.0527
342.05,seguindo,normal,10.0431,3.8012,-1.5526,-2.6632,-1.1106,0.3791,8.132,0.3791,0.37,9.6923,3.6193,0.0619
342.1,seguindo,normal,10.0451,3.7926,-1.5756,-2.7187,-1.1431,0.3723,8.1352,0.3723,0.37,9.6451,3.6126,0.068
342.15,seguindo,normal,10.0479,3.78,-1.6141,-2.7477,-1.1336,0.3723,8.1399,0.3723,0.37,9.6451,3.6126,0.0768
342.2,seguindo,normal,10.0497,3.7718,-1.6415,-2.7667,-1.1252,0.3723,8.1428,0.3723,0.37,9.6451,3.6126,0.0825
342.25,seguindo,normal,10.0523,3.7591,-1.6875,-2.7961,-1.1086,0.3723,8.1473,0.3723,0.37,9.6451,3.6126,0.0914
342.3,seguindo,normal,10.0538,3.7506,-1.7199,-2.816,-1.096,0.3723,8.1501,0.3723,0.37,9.6451,3.6126,0.0973
342.35,seguindo,normal,10.0559,3.7375,-1.7737,-2.8464,-1.0726,0.3723,8.1543,0.3723,0.37,9.6451,3.6126,0.1062
342.4,seguindo,normal,10.0571,3.7287,-1.8114,-2.8851,-1.0737,0.3981,8.1568,0.3981,0.37,9.597,3.6081,0.112
342.45,seguindo,normal,10.0586,3.7154,-1.8729,-2.9131,-1.0402,0.3981,8.1604,0.3981,0.37,9.597,3.6081,0.1205
342.5,seguindo,normal,10.0593,3.7064,-1.9157,-2.932,-1.0162,0.3981,8.1624,0.3981,0.37,9.597,3.6081,0.126
342.55,seguindo,normal,10.0597,3.693,-1.9809,-2.9601,-0.9792,0.3981,8.165,0.3981,0.37,9.597,3.6081,0.134
342.6,seguindo,normal,10.0595,3.684,-2.0246,-2.9788,-0.9542,0.3981,8.1662,0.3981,0.37,9.597,3.6081,0.1393
342.65,seguindo,normal,10.0584,3.6706,-2.09,-3.0069,-0.9168,0.3981,8.1673,0.3981,0.37,9.597,3.6081,0.1467
342.7,seguindo,gargalo_eixo,10.0572,3.6617,-2.1336,-3.1013,-0.9677,0.25,8.1676,0.4889,1.6585,8.4,3.595,0.1512
342.75,seguindo,gargalo_eixo,10.0547,3.6484,-2.1987,-3.1093,-0.9106,0.25,8.1673,0.4889,1.6555,8.4,3.595,0.1573
342.8,seguindo,gargalo_eixo,10.0524,3.6397,-2.2419,-3.1145,-0.8726,0.25,8.1665,0.4889,1.653,8.4,3.595,0.1609
342.85,seguindo,gargalo_eixo,10.0484,3.6268,-2.3065,-3.1223,-0.8158,0.25,8.1647,0.4889,1.6487,8.4,3.595,0.1662
342.9,seguindo,gargalo_eixo,10.0452,3.6183,-2.3494,-3.1274,-0.778,0.25,8.163,0.4889,1.6453,8.4,3.595,0.1698
342.95,seguindo,gargalo_eixo,10.0397,3.6059,-2.4133,-3.1349,-0.7217,0.25,8.1596,0.4889,1.6397,8.4,3.595,0.1745
343.0,seguindo,gargalo_eixo,10.0355,3.5977,-2.4556,-3.1399,-0.6843,0.25,8.1569,0.5993,1.6355,8.4,3.595,0.1772
343.05,seguindo,gargalo_eixo,10.0285,3.5859,-2.5187,3.136,-0.6284,0.25,8.1521,0.5993,1.6285,8.4,3.595,0.1805
343.1,seguindo,gargalo_eixo,10.0234,3.5783,-2.5605,3.1313,-0.5914,0.25,8.1484,0.5993,1.6235,8.4,3.595,0.1823
343.15,seguindo,gargalo_eixo,10.0152,3.5672,-2.6232,3.1244,-0.5355,0.25,8.1423,0.5993,1.6154,8.4,3.595,0.1848
343.2,seguindo,gargalo_eixo,10.0094,3.5602,-2.6651,3.12,-0.4981,0.25,8.1378,0.5993,1.6097,8.4,3.595,0.1866
343.25,seguindo,gargalo_eixo,10.0,3.55,-2.7274,3.1135,-0.4422,0.25,8.1303,0.5993,1.6006,8.4,3.595,0.1889
343.3,seguindo,gargalo_eixo,9.9933,3.5436,-2.7684,3.1094,-0.4054,0.25,8.1249,0.7684,1.5941,8.4,3.595,0.1898
343.35,seguindo,gargalo_eixo,9.9826,3.5345,-2.8292,3.1034,-0.3505,0.25,8.116,0.7684,1.5838,8.4,3.595,0.1904
343.4,seguindo,gargalo_eixo,9.9751,3.5289,-2.8691,3.0997,-0.3144,0.25,8.1097,0.7684,1.5765,8.4,3.595,0.1903
343.45,seguindo,gargalo_eixo,9.9633,3.5209,-2.9283,3.0943,-0.2607,0.25,8.0995,0.7684,1.5651,8.4,3.595,0.1901
343.5,seguindo,gargalo_eixo,9.9551,3.5161,-2.9668,3.0909,-0.2255,0.25,8.0923,0.7684,1.557,8.4,3.595,0.19
343.55,seguindo,gargalo_eixo,9.9422,3.5095,-3.024,3.0862,-0.173,0.25,8.0809,0.7684,1.5446,8.4,3.595,0.1893
343.6,seguindo,gargalo_eixo,9.9333,3.5055,-3.061,3.0833,-0.1388,0.25,8.0728,1.0235,1.5359,8.4,3.595,0.1882
343.65,seguindo,gargalo_eixo,9.9195,3.5003,-3.1158,3.0794,-0.088,0.25,8.0603,1.0235,1.5225,8.4,3.595,0.1858
343.7,seguindo,gargalo_eixo,9.91,3.4974,3.1322,3.0771,-0.0552,0.25,8.0514,1.0235,1.5131,8.4,3.595,0.1837
343.75,seguindo,gargalo_eixo,9.8953,3.4937,3.0805,3.074,-0.0065,0.25,8.0378,1.0235,1.4988,8.4,3.595,0.1806
343.8,seguindo,gargalo_eixo,9.8852,3.4918,3.0476,3.0722,0.0247,0.25,8.0282,1.0235,1.4888,8.4,3.595,0.1784
343.85,seguindo,gargalo_eixo,9.8698,3.4897,2.9997,3.0701,0.0703,0.25,8.0134,1.4095,1.4735,8.4,3.595,0.1744
343.9,seguindo,gargalo_eixo,9.8591,3.4889,2.9696,3.069,0.0994,0.25,8.0031,1.4095,1.463,8.4,3.595,0.171
343.95,seguindo,gargalo_eixo,9.8424,3.4887,2.9282,3.0681,0.1399,0.25,7.9867,1.4095,1.4463,8.4,3.595,0.1647
344.0,seguindo,gargalo_eixo,9.8308,3.4892,2.9029,3.0678,0.1649,0.25,7.9752,1.4095,1.4347,8.4,3.595,0.1603
344.05,seguindo,gargalo_eixo,9.8141,3.4907,2.8699,3.068,0.1982,0.25,7.9585,1.4095,1.4179,8.4,3.595,0.154
344.1,seguindo,gargalo_eixo,9.8035,3.4922,2.851,3.0685,0.2175,0.25,7.9478,1.4095,1.4072,8.4,3.595,0.1496
344.15,seguindo,gargalo_eixo,9.7876,3.4949,2.8251,3.0696,0.2445,0.25,7.9318,2.0008,1.3912,8.4,3.595,0.1425
344.2,seguindo,gargalo_eixo,9.7772,3.4971,2.8112,3.0707,0.2594,0.25,7.9211,2.0008,1.3807,8.4,3.595,0.1374
344.25,seguindo,gargalo_eixo,9.7619,3.501,2.7947,3.0727,0.2781,0.25,7.9053,2.0008,1.3651,8.4,3.595,0.1299
344.3,seguindo,gargalo_eixo,9.7519,3.504,2.7864,3.0744,0.288,0.25,7.8949,2.0008,1.3549,8.4,3.595,0.1249
344.35,seguindo,gargalo_eixo,9.737,3.5089,2.7785,3.0773,0.2988,0.25,7.8794,2.9214,1.3398,8.4,3.595,0.1172
344.4,seguindo,gargalo_eixo,9.7272,3.5123,2.7751,3.0794,0.3043,0.25,7.8691,2.9214,1.3298,8.4,3.595,0.1118
344.45,seguindo,gargalo_eixo,9.7128,3.5178,2.7753,3.0829,0.3076,0.25,7.8539,2.9214,1.315,8.4,3.595,0.1035
344.5,seguindo,gargalo_eixo,9.7032,3.5217,2.7773,3.0854,0.3081,0.25,7.8438,2.9214,1.3053,8.4,3.595,0.0982
344.55,seguindo,gargalo_eixo,9.689,3.5277,2.7853,3.0895,0.3042,0.25,7.8287,2.9214,1.2908,8.4,3.595,0.0902
344.6,seguindo,gargalo_eixo,9.6796,3.5318,2.7925,3.0923,0.2998,0.25,7.8186,2.8822,1.2811,8.4,3.595,0.0848
344.65,seguindo,gargalo_eixo,9.6653,3.5381,2.8057,3.0967,0.291,0.25,7.8034,2.8822,1.2665,8.4,3.595,0.0766
344.7,seguindo,gargalo_eixo,9.6557,3.5422,2.8153,3.0996,0.2843,0.25,7.7933,2.8822,1.2568,8.4,3.595,0.0712
344.75,seguindo,gargalo_eixo,9.644,3.5478,2.8362,3.1037,0.2675,0.25,7.7807,2.8822,1.2449,8.4,3.595,0.0644
344.8,seguindo,gargalo_eixo,9.6377,3.5511,2.8523,3.1062,0.2539,0.25,7.7739,2.8822,1.2385,8.4,3.595,0.0605
344.85,seguindo,gargalo_eixo,9.6283,3.5561,2.8794,3.11,0.2305,0.25,7.7637,2.8822,1.2289,8.4,3.595,0.0547
344.9,seguindo,gargalo_eixo,9.6221,3.5593,2.8993,3.1125,0.2131,0.25,7.7571,2.0512,1.2226,8.4,3.595,0.0509
344.95,seguindo,gargalo_eixo,9.6128,3.5644,2.9341,3.1164,0.1823,0.25,7.747,2.0512,1.2132,8.4,3.595,0.045
345.0,seguindo,gargalo_eixo,9.6066,3.5677,2.9591,3.119,0.1599,0.25,7.7402,2.0512,1.2068,8.4,3.595,0.0411
345.05,seguindo,gargalo_eixo,9.597,3.5728,3.0016,3.1231,0.1214,0.25,7.7299,2.0512,1.1972,8.4,3.595,0.0352
345.1,seguindo,gargalo_eixo,9.5906,3.5761,3.0318,3.1257,0.0939,0.25,7.723,2.0512,1.1907,8.4,3.595,0.0315
345.15,seguindo,gargalo_eixo,9.5806,3.5807,3.0782,3.1295,0.0514,0.25,7.7123,2.0512,1.1807,8.4,3.595,0.0263
345.2,seguindo,gargalo_eixo,9.5737,3.5836,3.1094,3.1319,0.0225,0.25,7.705,1.5042,1.1738,8.4,3.595,0.023
345.25,seguindo,gargalo_eixo,9.5632,3.5875,-3.1277,3.1351,-0.0203,0.25,7.6939,1.5042,1.1632,8.4,3.595,0.0185
345.3,seguindo,gargalo_eixo,9.5558,3.5896,-3.0986,3.137,-0.0476,0.25,7.6863,1.5042,1.1558,8.4,3.595,0.0159
345.35,seguindo,gargalo_eixo,9.5445,3.5924,-3.0559,3.1393,-0.0879,0.25,7.6746,1.5042,1.1444,8.4,3.595,0.0125
345.4,seguindo,gargalo_eixo,9.5366,3.5938,-3.0291,3.1406,-0.1135,0.25,7.6667,1.5042,1.1366,8.4,3.595,0.0108
345.45,seguindo,gargalo_eixo,9.5246,3.5954,-2.9901,-3.1412,-0.1511,0.25,7.6545,1.5042,1.1246,8.4,3.595,0.0087
345.5,seguindo,gargalo_eixo,9.5163,3.596,-2.9659,-3.1406,-0.1747,0.25,7.6463,1.149,1.1162,8.4,3.595,0.0078
345.55,seguindo,gargalo_eixo,9.5011,3.5961,-2.9279,-3.1405,-0.2127,0.25,7.6313,1.149,1.1011,8.4,3.595,0.0071
345.6,seguindo,gargalo_eixo,9.4897,3.5957,-2.9016,-3.1409,-0.2393,0.25,7.6202,1.149,1.0897,8.4,3.595,0.0072
345.65,seguindo,gargalo_eixo,9.4728,3.594,-2.8692,3.1407,-0.2733,0.25,7.6039,0.9259,1.0728,8.4,3.595,0.0085
345.7,seguindo,gargalo_eixo,9.4617,3.5924,-2.8504,3.1392,-0.2936,0.25,7.5933,0.9259,1.0617,8.4,3.595,0.0098
345.75,seguindo,gargalo_eixo,9.4453,3.5891,-2.8291,3.136,-0.3182,0.25,7.5778,0.9259,1.0453,8.4,3.595,0.0127
345.8,seguindo,gargalo_eixo,9.4345,3.5865,-2.8176,3.1334,-0.3322,0.25,7.5676,0.9259,1.0345,8.4,3.595,0.0152
345.85,seguindo,gargalo_eixo,9.4185,3.5821,-2.8047,3.129,-0.3494,0.25,7.5528,0.7943,1.0186,8.4,3.595,0.0193
345.9,seguindo,gargalo_eixo,9.408,3.579,-2.798,3.1258,-0.3595,0.25,7.5431,0.7943,1.0081,8.4,3.595,0.0223
345.95,seguindo,gargalo_eixo,9.3925,3.5743,-2.7873,3.1208,-0.3751,0.25,7.5287,0.7805,0.9927,8.4,3.595,0.0268
346.0,seguindo,gargalo_eixo,9.3822,3.5711,-2.7801,3.1173,-0.3858,0.25,7.5192,0.7625,0.9825,8.4,3.595,0.0299
346.05,seguindo,gargalo_eixo,9.3671,3.5664,-2.7666,3.1121,-0.4045,0.25,7.5053,0.6698,0.9675,8.4,3.595,0.0344
346.1,seguindo,gargalo_eixo,9.3572,3.5633,-2.7569,3.1085,-0.4177,0.25,7.4961,0.6437,0.9577,8.4,3.595,0.0374
346.15,seguindo,gargalo_eixo,9.3418,3.558,-2.7462,3.1023,-0.4347,0.25,7.4821,0.6048,0.9425,8.4,3.595,0.0426
346.2,seguindo,gargalo_eixo,9.3314,3.5541,-2.7413,3.0977,-0.4442,0.25,7.4727,0.5798,0.9323,8.4,3.595,0.0465
346.25,seguindo,gargalo_eixo,9.3163,3.5478,-2.7394,3.0902,-0.4536,0.25,7.459,0.5195,0.9175,8.4,3.595,0.0526
346.3,seguindo,gargalo_eixo,9.3064,3.5435,-2.74,3.0849,-0.4582,0.25,7.4501,0.4855,0.9078,8.4,3.595,0.0569
346.35,seguindo,gargalo_eixo,9.2918,3.5369,-2.7459,3.0765,-0.4607,0.25,7.4371,0.4365,0.8937,8.4,3.595,0.0635
346.4,seguindo,gargalo_eixo,9.2821,3.5324,-2.7516,3.0708,-0.4608,0.25,7.4286,0.405,0.8843,8.4,3.595,0.0679
346.45,seguindo,gargalo_eixo,9.2704,3.5272,-2.7562,3.0639,-0.4631,0.25,7.418,0.3729,0.873,8.4,3.595,0.0731
346.5,seguindo,gargalo_eixo,9.2636,3.5243,-2.7573,3.06,-0.4659,0.25,7.412,0.3502,0.8665,8.4,3.595,0.0759
346.55,seguindo,gargalo_eixo,9.2561,3.5212,-2.7591,3.0557,-0.4684,0.25,7.4053,0.3151,0.8593,8.4,3.595,0.079
346.6,seguindo,gargalo_eixo,9.2523,3.5196,-2.7602,3.0534,-0.4696,0.25,7.4019,0.2973,0.8557,8.4,3.595,0.0806
346.65,seguindo,gargalo_eixo,9.2494,3.5182,-2.762,3.0515,-0.4697,0.25,7.3992,0.2833,0.8528,8.4,3.595,0.0819
346.7,seguindo,gargalo_eixo,9.2485,3.5178,-2.763,3.0509,-0.4692,0.25,7.3985,0.2794,0.852,8.4,3.595,0.0824
346.75,seguindo,gargalo_eixo,9.25,3.5182,-2.7648,3.0516,-0.4668,0.25,7.3998,0.2862,0.8534,8.4,3.595,0.0819
346.8,seguindo,gargalo_eixo,9.2521,3.519,-2.766,3.0526,-0.4646,0.25,7.4018,0.2962,0.8554,8.4,3.595,0.0812
346.85,seguindo,gargalo_eixo,9.258,3.5212,-2.7678,3.0558,-0.4596,0.25,7.4071,0.3241,0.8611,8.4,3.595,0.079
346.9,seguindo,gargalo_eixo,9.2631,3.523,-2.7692,3.0585,-0.4556,0.25,7.4118,0.3484,0.8661,8.4,3.595,0.0772
346.95,seguindo,gargalo_eixo,9.2736,3.527,-2.7711,3.0639,-0.4481,0.25,7.4212,0.383,0.8762,8.4,3.595,0.0733
347.0,seguindo,gargalo_eixo,9.2817,3.53,-2.7723,3.068,-0.4429,0.25,7.4286,0.4041,0.8841,8.4,3.595,0.0703
347.05,seguindo,gargalo_eixo,9.2927,3.5341,-2.7737,3.0735,-0.4359,0.25,7.4386,0.4402,0.8947,8.4,3.595,0.0662
347.1,seguindo,gargalo_eixo,9.2996,3.5367,-2.7746,3.0769,-0.4317,0.25,7.4449,0.4635,0.9015,8.4,3.595,0.0637
347.15,seguindo,gargalo_eixo,9.308,3.5397,-2.7756,3.0809,-0.4267,0.25,7.4524,0.4919,0.9096,8.4,3.595,0.0607
347.2,seguindo,gargalo_eixo,9.3126,3.5415,-2.7762,3.0831,-0.4239,0.25,7.4567,0.5078,0.9142,8.4,3.595,0.059
347.25,seguindo,gargalo_eixo,9.3179,3.5434,-2.7768,3.0855,-0.4209,0.25,7.4614,0.524,0.9193,8.4,3.595,0.0571
347.3,seguindo,gargalo_eixo,9.3206,3.5444,-2.7772,3.0867,-0.4193,0.25,7.4639,0.5299,0.922,8.4,3.595,0.0561
347.35,seguindo,gargalo_eixo,9.3228,3.5452,-2.7774,3.0877,-0.4181,0.25,7.4659,0.5348,0.9241,8.4,3.595,0.0553
347.4,seguindo,gargalo_eixo,9.3234,3.5454,-2.7775,3.088,-0.4177,0.25,7.4665,0.5362,0.9247,8.4,3.595,0.0551
347.45,seguindo,gargalo_eixo,9.3238,3.5455,-2.7775,3.0881,-0.4176,0.25,7.4668,0.5369,0.9251,8.4,3.595,0.055
347.5,seguindo,gargalo_eixo,9.3238,3.5455,-2.7775,3.0881,-0.4176,0.25,7.4668,0.5369,0.9251,8.4,3.595,0.055
347.55,seguindo,gargalo_eixo,9.3238,3.5455,-2.7775,3.0881,-0.4176,0.25,7.4668,0.5369,0.9251,8.4,3.595,0.055
347.6,seguindo,gargalo_eixo,9.3238,3.5455,-2.7775,3.0881,-0.4176,0.25,7.4668,0.5369,0.9251,8.4,3.595,0.055
347.65,seguindo,gargalo_eixo,9.3238,3.5455,-2.7775,3.0881,-0.4176,0.25,7.4668,0.5369,0.9251,8.4,3.595,0.055
347.7,seguindo,gargalo_eixo,9.3238,3.5455,-2.7775,3.0881,-0.4176,0.25,7.4668,0.5369,0.9251,8.4,3.595,0.055
347.75,seguindo,gargalo_eixo,9.3238,3.5455,-2.7775,3.0881,-0.4176,0.25,7.4668,0.5369,0.9251,8.4,3.595,0.055
347.8,seguindo,gargalo_eixo,9.3238,3.5455,-2.7775,3.0881,-0.4176,0.25,7.4668,0.5369,0.9251,8.4,3.595,0.055
347.85,seguindo,gargalo_eixo,9.3238,3.5455,-2.7775,3.0881,-0.4176,0.25,7.4668,0.5369,0.9251,8.4,3.595,0.055
347.9,seguindo,gargalo_eixo,9.3238,3.5455,-2.7775,3.0881,-0.4176,0.25,7.4668,0.5369,0.9251,8.4,3.595,0.055
347.95,seguindo,gargalo_eixo,9.3238,3.5455,-2.7775,3.0881,-0.4176,0.25,7.4668,0.5369,0.9251,8.4,3.595,0.055
348.0,seguindo,gargalo_eixo,9.3238,3.5455,-2.7775,3.0881,-0.4176,0.25,7.4668,0.5369,0.9251,8.4,3.595,0.055
348.05,seguindo,gargalo_eixo,9.3238,3.5455,-2.7775,3.0881,-0.4176,0.25,7.4668,0.5369,0.9251,8.4,3.595,0.055
348.1,seguindo,gargalo_eixo,9.3238,3.5455,-2.7775,3.0881,-0.4176,0.25,7.4668,0.5369,0.9251,8.4,3.595,0.055
348.15,seguindo,gargalo_eixo,9.3238,3.5455,-2.7775,3.0881,-0.4176,0.25,7.4668,0.5369,0.9251,8.4,3.595,0.055
348.2,seguindo,gargalo_eixo,9.3238,3.5455,-2.7775,3.0881,-0.4176,0.25,7.4668,0.5369,0.9251,8.4,3.595,0.055
348.25,seguindo,gargalo_eixo,9.3238,3.5455,-2.7775,3.0881,-0.4176,0.25,7.4668,0.5369,0.9251,8.4,3.595,0.055
348.3,seguindo,gargalo_eixo,9.3238,3.5455,-2.7775,3.0881,-0.4176,0.25,7.4668,0.5369,0.9251,8.4,3.595,0.055
348.35,seguindo,gargalo_eixo,9.3238,3.5455,-2.7775,3.0881,-0.4176,0.25,7.4668,0.5369,0.9251,8.4,3.595,0.055
348.4,seguindo,gargalo_eixo,9.3238,3.5455,-2.7775,3.0881,-0.4176,0.25,7.4668,0.5369,0.9251,8.4,3.595,0.055
348.45,seguindo,gargalo_eixo,9.3238,3.5455,-2.7775,3.0881,-0.4176,0.25,7.4668,0.5369,0.9251,8.4,3.595,0.055
348.5,seguindo,gargalo_eixo,9.3238,3.5455,-2.7775,3.0881,-0.4176,0.25,7.4668,0.5369,0.9251,8.4,3.595,0.055
348.55,seguindo,gargalo_eixo,9.3238,3.5455,-2.7775,3.0881,-0.4176,0.25,7.4668,0.5369,0.9251,8.4,3.595,0.055
348.6,seguindo,gargalo_eixo,9.3238,3.5455,-2.7775,3.0881,-0.4176,0.25,7.4668,0.5369,0.9251,8.4,3.595,0.055
348.65,seguindo,gargalo_eixo,9.3238,3.5455,-2.7775,3.0881,-0.4176,0.25,7.4668,0.5369,0.9251,8.4,3.595,0.055
348.7,seguindo,gargalo_eixo,9.3238,3.5455,-2.7775,3.0881,-0.4176,0.25,7.4668,0.5369,0.9251,8.4,3.595,0.055
348.75,seguindo,gargalo_eixo,9.3238,3.5455,-2.7775,3.0881,-0.4176,0.25,7.4668,0.5369,0.9251,8.4,3.595,0.055
348.8,seguindo,gargalo_eixo,9.3238,3.5455,-2.7775,3.0881,-0.4176,0.25,7.4668,0.5369,0.9251,8.4,3.595,0.055
348.85,seguindo,gargalo_eixo,9.3238,3.5455,-2.7775,3.0881,-0.4176,0.25,7.4668,0.5369,0.9251,8.4,3.595,0.055
348.9,seguindo,gargalo_eixo,9.3238,3.5455,-2.7775,3.0881,-0.4176,0.25,7.4668,0.5369,0.9251,8.4,3.595,0.055
348.95,seguindo,gargalo_eixo,9.3238,3.5455,-2.7775,3.0881,-0.4176,0.25,7.4668,0.5369,0.9251,8.4,3.595,0.055
349.0,seguindo,gargalo_eixo,9.3238,3.5455,-2.7775,3.0881,-0.4176,0.25,7.4668,0.5369,0.9251,8.4,3.595,0.055
349.05,seguindo,gargalo_eixo,9.3238,3.5455,-2.7775,3.0881,-0.4176,0.25,7.4668,0.5369,0.9251,8.4,3.595,0.055
349.1,seguindo,gargalo_eixo,9.3238,3.5455,-2.7775,3.0881,-0.4176,0.25,7.4668,0.5369,0.9251,8.4,3.595,0.055
349.15,seguindo,gargalo_eixo,9.3238,3.5455,-2.7775,3.0881,-0.4176,0.25,7.4668,0.5369,0.9251,8.4,3.595,0.055
349.2,seguindo,gargalo_eixo,9.3238,3.5455,-2.7775,3.0881,-0.4176,0.25,7.4668,0.5369,0.9251,8.4,3.595,0.055
349.25,seguindo,gargalo_eixo,9.3238,3.5455,-2.7775,3.0881,-0.4176,0.25,7.4668,0.5369,0.9251,8.4,3.595,0.055
349.3,seguindo,gargalo_eixo,9.3238,3.5455,-2.7775,3.0881,-0.4176,0.25,7.4668,0.5369,0.9251,8.4,3.595,0.055
349.35,seguindo,gargalo_eixo,9.3238,3.5455,-2.7775,3.0881,-0.4176,0.25,7.4668,0.5369,0.9251,8.4,3.595,0.055
349.4,seguindo,gargalo_eixo,9.3238,3.5455,-2.7775,3.0881,-0.4176,0.25,7.4668,0.5369,0.9251,8.4,3.595,0.055
349.45,seguindo,gargalo_eixo,9.3238,3.5455,-2.7775,3.0881,-0.4176,0.25,7.4668,0.5369,0.9251,8.4,3.595,0.055
349.5,seguindo,gargalo_eixo,9.3238,3.5455,-2.7775,3.0881,-0.4176,0.25,7.4668,0.5369,0.9251,8.4,3.595,0.055
349.55,seguindo,gargalo_eixo,9.3238,3.5455,-2.7775,3.0881,-0.4176,0.25,7.4668,0.5369,0.9251,8.4,3.595,0.055
349.6,seguindo,gargalo_eixo,9.3238,3.5455,-2.7775,3.0881,-0.4176,0.25,7.4668,0.5369,0.9251,8.4,3.595,0.055
349.65,seguindo,gargalo_eixo,9.3238,3.5455,-2.7775,3.0881,-0.4176,0.25,7.4668,0.5369,0.9251,8.4,3.595,0.055
349.7,seguindo,gargalo_eixo,9.3238,3.5455,-2.7775,3.0881,-0.4176,0.25,7.4668,0.5369,0.9251,8.4,3.595,0.055
349.75,seguindo,gargalo_eixo,9.3238,3.5455,-2.7775,3.0881,-0.4176,0.25,7.4668,0.5369,0.9251,8.4,3.595,0.055
349.8,seguindo,gargalo_eixo,9.3238,3.5455,-2.7775,3.0881,-0.4176,0.25,7.4668,0.5369,0.9251,8.4,3.595,0.055
349.85,seguindo,gargalo_eixo,9.3238,3.5455,-2.7775,3.0881,-0.4176,0.25,7.4668,0.5369,0.9251,8.4,3.595,0.055
349.9,seguindo,gargalo_eixo,9.3238,3.5455,-2.7775,3.0881,-0.4176,0.25,7.4668,0.5369,0.9251,8.4,3.595,0.055
349.95,seguindo,gargalo_eixo,9.3238,3.5455,-2.7775,3.0881,-0.4176,0.25,7.4668,0.5369,0.9251,8.4,3.595,0.055
350.0,seguindo,gargalo_eixo,9.3238,3.5455,-2.7775,3.0881,-0.4176,0.25,7.4668,0.5369,0.9251,8.4,3.595,0.055
350.053,seguindo,gargalo_eixo,9.3238,3.5455,-2.7775,3.0881,-0.4176,0.25,7.4668,0.5369,0.9251,8.4,3.595,0.055
350.1,seguindo,gargalo_eixo,9.3238,3.5455,-2.7775,3.0881,-0.4176,0.25,7.4668,0.5369,0.9251,8.4,3.595,0.055
350.15,seguindo,gargalo_eixo,9.3238,3.5455,-2.7775,3.0881,-0.4176,0.25,7.4668,0.5369,0.9251,8.4,3.595,0.055
350.2,seguindo,gargalo_eixo,9.3238,3.5455,-2.7775,3.0881,-0.4176,0.25,7.4668,0.5369,0.9251,8.4,3.595,0.055
350.25,seguindo,gargalo_eixo,9.3238,3.5455,-2.7775,3.0881,-0.4176,0.25,7.4668,0.5369,0.9251,8.4,3.595,0.055
350.3,seguindo,gargalo_eixo,9.3238,3.5455,-2.7775,3.0881,-0.4176,0.25,7.4668,0.5369,0.9251,8.4,3.595,0.055
350.35,seguindo,gargalo_eixo,9.3238,3.5455,-2.7775,3.0881,-0.4176,0.25,7.4668,0.5369,0.9251,8.4,3.595,0.055
350.4,seguindo,gargalo_eixo,9.3238,3.5455,-2.7775,3.0881,-0.4176,0.25,7.4668,0.5369,0.9251,8.4,3.595,0.055
350.45,re,,9.3238,3.5455,-2.7775,-2.7775,0.0,-0.203,7.4668,inf,,,,0.0
350.5,re,,9.3238,3.5455,-2.7775,-2.7775,0.0,-0.203,7.4668,inf,,,,0.0
350.55,re,,9.3238,3.5455,-2.7775,-2.7775,0.0,-0.203,7.4668,inf,,,,0.0
350.6,re,,9.3238,3.5455,-2.7775,-2.7775,0.0,-0.203,7.4668,inf,,,,0.0
350.65,re,,9.3238,3.5455,-2.7775,-2.7775,0.0,-0.203,7.4668,inf,,,,0.0
350.7,re,,9.3238,3.5455,-2.7775,-2.7775,0.0,-0.203,7.4668,inf,,,,0.0
350.75,re,,9.3238,3.5455,-2.7775,-2.7775,0.0,-0.203,7.4668,inf,,,,0.0
350.8,re,,9.3238,3.5455,-2.7775,-2.7775,0.0,-0.203,7.4668,inf,,,,0.0
350.85,re,,9.3267,3.5466,-2.7787,-2.7787,0.0,-0.203,7.4694,inf,,,,0.0
350.9,re,,9.3298,3.5476,-2.7801,-2.7801,0.0,-0.203,7.4723,inf,,,,0.0
350.95,re,,9.3373,3.5503,-2.7823,-2.7823,0.0,-0.203,7.4792,inf,,,,0.0
351.0,re,,9.3435,3.5524,-2.7837,-2.7837,0.0,-0.203,7.4848,inf,,,,0.0
351.05,re,,9.3554,3.5567,-2.7857,-2.7857,0.0,-0.203,7.4956,inf,,,,0.0
351.1,re,,9.3645,3.56,-2.7871,-2.7871,0.0,-0.203,7.504,inf,,,,0.0
351.15,re,,9.3801,3.5655,-2.7893,-2.7893,0.0,-0.203,7.5182,inf,,,,0.0
351.2,re,,9.3911,3.5695,-2.7907,-2.7907,0.0,-0.203,7.5283,inf,,,,0.0
351.25,re,,9.4077,3.5753,-2.7927,-2.7927,0.0,-0.203,7.5435,inf,,,,0.0
351.3,re,,9.4243,3.5812,-2.7945,-2.7945,0.0,-0.203,7.5586,inf,,,,0.0
351.35,re,,9.4352,3.5851,-2.7949,-2.7949,0.0,-0.203,7.5686,inf,,,,0.0
351.4,re,,9.4461,3.589,-2.7953,-2.7953,0.0,-0.203,7.5786,inf,,,,0.0
351.45,re,,9.4624,3.5949,-2.7948,-2.7948,0.0,-0.203,7.5935,inf,,,,0.0
351.5,re,,9.4731,3.5989,-2.7942,-2.7942,0.0,-0.203,7.6034,inf,,,,0.0
351.55,re,,9.4892,3.6048,-2.7925,-2.7925,0.0,-0.203,7.618,inf,,,,0.0
351.6,re,,9.4998,3.6088,-2.7911,-2.7911,0.0,-0.203,7.6277,inf,,,,0.0
351.65,re,,9.5156,3.6149,-2.7885,-2.7885,0.0,-0.203,7.6422,inf,,,,0.0
351.7,re,,9.5261,3.6189,-2.7866,-2.7866,0.0,-0.203,7.6518,inf,,,,0.0
351.752,re,,9.5419,3.625,-2.7837,-2.7837,0.0,-0.203,7.6662,inf,,,,0.0
351.8,re,,9.5524,3.6291,-2.7817,-2.7817,0.0,-0.203,7.6758,inf,,,,0.0
351.85,re,,9.5681,3.6353,-2.7787,-2.7787,0.0,-0.203,7.6901,inf,,,,0.0
351.9,re,,9.5785,3.6395,-2.7767,-2.7767,0.0,-0.203,7.6997,inf,,,,0.0
351.95,re,,9.5942,3.6458,-2.7737,-2.7737,0.0,-0.203,7.714,inf,,,,0.0
352.0,re,,9.6047,3.65,-2.7718,-2.7718,0.0,-0.203,7.7236,inf,,,,0.0
352.1,seguindo,gargalo_eixo,9.6308,3.6606,-2.7669,-3.0883,-0.3214,0.25,7.7474,2.8822,1.2325,8.4,3.595,-0.0491
352.15,seguindo,gargalo_eixo,9.6464,3.667,-2.7641,-3.0838,-0.3198,0.25,7.7617,2.8822,1.2485,8.4,3.595,-0.0537
352.2,seguindo,gargalo_eixo,9.6568,3.6713,-2.7622,-3.0809,-0.3187,0.25,7.7712,2.8822,1.2591,8.4,3.595,-0.0565
352.25,seguindo,gargalo_eixo,9.6724,3.6778,-2.7593,-3.0765,-0.3173,0.25,7.7855,2.9214,1.2751,8.4,3.595,-0.0608
352.3,seguindo,gargalo_eixo,9.6828,3.6822,-2.7574,-3.0737,-0.3163,0.25,7.795,2.9214,1.2858,8.4,3.595,-0.0635
352.35,seguindo,gargalo_eixo,9.6984,3.6888,-2.7545,-3.0695,-0.3149,0.25,7.8092,2.9214,1.3017,8.4,3.595,-0.0668
352.4,seguindo,gargalo_eixo,9.7087,3.6932,-2.7526,-3.0667,-0.3141,0.25,7.8187,2.0008,1.3124,8.4,3.595,-0.069
352.45,seguindo,gargalo_eixo,9.7243,3.6998,-2.7498,-3.0626,-0.3128,0.25,7.833,2.0008,1.3284,8.4,3.595,-0.072
352.5,seguindo,gargalo_eixo,9.7346,3.7043,-2.7478,-3.0599,-0.312,0.25,7.8424,2.0008,1.3391,8.4,3.595,-0.0733
352.55,seguindo,gargalo_eixo,9.7502,3.711,-2.745,-3.0559,-0.3109,0.25,7.8566,1.4095,1.3551,8.4,3.595,-0.0753
352.6,seguindo,gargalo_eixo,9.7605,3.7155,-2.7431,-3.0532,-0.3101,0.25,7.8661,1.4095,1.3658,8.4,3.595,-0.0762
352.65,seguindo,gargalo_eixo,9.7736,3.7208,-2.745,-3.0502,-0.3053,0.25,7.8781,1.0235,1.3793,8.4,3.595,-0.076
352.7,seguindo,gargalo_eixo,9.7812,3.7236,-2.7495,-3.0487,-0.2993,0.25,7.8852,1.0235,1.3871,8.4,3.595,-0.0756
352.75,seguindo,gargalo_eixo,9.7899,3.7268,-2.7522,-3.047,-0.2948,0.25,7.8933,1.0235,1.3961,8.4,3.595,-0.0751
352.8,seguindo,gargalo_eixo,9.7944,3.7286,-2.7522,-3.046,-0.2938,0.25,7.8974,1.0235,1.4008,8.4,3.595,-0.0744
352.85,seguindo,gargalo_eixo,9.7985,3.7302,-2.752,-3.0452,-0.2931,0.25,7.9012,1.0235,1.405,8.4,3.595,-0.0738
352.9,seguindo,gargalo_eixo,9.8,3.7309,-2.752,-3.0448,-0.2928,0.25,7.9026,1.0235,1.4066,8.4,3.595,-0.0736
352.95,seguindo,gargalo_eixo,9.7999,3.7304,-2.7561,-3.0452,-0.289,0.25,7.9025,1.0235,1.4064,8.4,3.595,-0.0732
353.0,seguindo,gargalo_eixo,9.7986,3.7294,-2.7613,-3.0458,-0.2845,0.25,7.9014,1.0235,1.405,8.4,3.595,-0.073
353.05,seguindo,gargalo_eixo,9.7942,3.7266,-2.773,-3.0475,-0.2744,0.25,7.8975,1.0235,1.4004,8.4,3.595,-0.0728
353.1,seguindo,gargalo_eixo,9.7901,3.7241,-2.7833,-3.0489,-0.2657,0.25,7.8938,1.0235,1.396,8.4,3.595,-0.0727
353.15,seguindo,gargalo_eixo,9.7814,3.7192,-2.803,-3.0519,-0.2489,0.25,7.8861,1.0235,1.387,8.4,3.595,-0.0715
353.2,seguindo,gargalo_eixo,9.7743,3.7154,-2.8184,-3.0541,-0.2358,0.25,7.8797,1.4095,1.3796,8.4,3.595,-0.0708
353.25,seguindo,gargalo_eixo,9.7626,3.7093,-2.8464,-3.0579,-0.2115,0.25,7.8692,1.4095,1.3674,8.4,3.595,-0.0696
353.3,seguindo,gargalo_eixo,9.7542,3.7051,-2.8669,-3.0605,-0.1935,0.25,7.8616,1.4095,1.3587,8.4,3.595,-0.0685
353.35,seguindo,gargalo_eixo,9.7418,3.6988,-2.9028,-3.0644,-0.1616,0.25,7.8504,1.4095,1.3458,8.4,3.595,-0.066
353.4,seguindo,gargalo_eixo,9.7336,3.6947,-2.9285,-3.0669,-0.1384,0.25,7.843,2.0008,1.3373,8.4,3.595,-0.0645
353.45,seguindo,gargalo_eixo,9.7201,3.6885,-2.9718,-3.0708,-0.099,0.25,7.8308,2.0008,1.3234,8.4,3.595,-0.0622
353.5,seguindo,gargalo_eixo,9.7107,3.6845,-3.0027,-3.0734,-0.0707,0.25,7.8221,2.0008,1.3137,8.4,3.595,-0.0601
353.55,seguindo,gargalo_eixo,9.696,3.679,-3.0492,-3.0769,-0.0276,0.25,7.8085,2.9214,1.2987,8.4,3.595,-0.0577
353.6,seguindo,gargalo_eixo,9.686,3.6757,-3.0803,-3.0789,0.0014,0.25,7.7993,2.9214,1.2885,8.4,3.595,-0.0565
353.65,seguindo,gargalo_eixo,9.6705,3.6714,-3.1254,-3.0815,0.0439,0.25,7.7847,2.9214,1.2728,8.4,3.595,-0.0546
353.7,seguindo,gargalo_eixo,9.6598,3.669,3.1295,-3.0829,0.0708,0.25,7.7745,2.8822,1.2619,8.4,3.595,-0.0538
353.75,seguindo,gargalo_eixo,9.6428,3.6665,3.092,-3.0841,0.1071,0.25,7.7583,2.8822,1.2449,8.4,3.595,-0.0537
353.8,seguindo,gargalo_eixo,9.6311,3.6654,3.0697,-3.0844,0.129,0.25,7.7469,2.8822,1.2331,8.4,3.595,-0.0539
353.85,seguindo,gargalo_eixo,9.6125,3.6647,3.0414,-3.0841,0.1576,0.25,7.7288,2.0512,1.2145,8.4,3.595,-0.0549
353.9,seguindo,gargalo_eixo,9.5997,3.6648,3.0254,-3.0835,0.1743,0.25,7.7161,2.0512,1.2017,8.4,3.595,-0.0562
353.95,seguindo,gargalo_eixo,9.5824,3.6652,3.0045,-3.0822,0.1964,0.25,7.699,2.0512,1.1845,8.4,3.595,-0.058
354.0,seguindo,gargalo_eixo,9.5718,3.6656,2.9906,-3.0814,0.2113,0.25,7.6885,2.0512,1.1739,8.4,3.595,-0.059
354.05,seguindo,gargalo_eixo,9.5562,3.6669,2.9756,-3.0794,0.2282,0.25,7.6729,1.5042,1.1584,8.4,3.595,-0.0612
354.1,seguindo,gargalo_eixo,9.5458,3.6681,2.9682,-3.0779,0.2371,0.25,7.6625,1.5042,1.1482,8.4,3.595,-0.063
354.15,seguindo,gargalo_eixo,9.5305,3.6704,2.9639,-3.0749,0.2444,0.25,7.647,1.5042,1.133,8.4,3.595,-0.066
354.2,seguindo,gargalo_eixo,9.5204,3.6722,2.9636,-3.0727,0.2468,0.25,7.6367,1.149,1.1231,8.4,3.595,-0.0682
354.25,seguindo,gargalo_eixo,9.5056,3.6753,2.9691,-3.069,0.2451,0.25,7.6216,1.149,1.1085,8.4,3.595,-0.0719
354.3,seguindo,gargalo_eixo,9.4958,3.6775,2.975,-3.0664,0.2418,0.25,7.6115,1.149,1.0989,8.4,3.595,-0.0744
354.35,seguindo,gargalo_eixo,9.4812,3.681,2.989,-3.0622,0.232,0.25,7.5966,1.149,1.0846,8.4,3.595,-0.0783
354.4,seguindo,gargalo_eixo,9.4715,3.6833,2.9999,-3.0593,0.2239,0.25,7.5866,0.9259,1.0751,8.4,3.595,-0.0809
354.45,seguindo,gargalo_eixo,9.4566,3.6867,3.0158,-3.055,0.2123,0.25,7.5713,0.9259,1.0605,8.4,3.595,-0.0846
354.5,seguindo,gargalo_eixo,9.4465,3.6887,3.0261,-3.0522,0.2049,0.25,7.561,0.9259,1.0506,8.4,3.595,-0.0869
354.55,seguindo,gargalo_eixo,9.4311,3.6916,3.0408,-3.0481,0.1943,0.25,7.5454,0.9259,1.0356,8.4,3.595,-0.09
354.6,seguindo,gargalo_eixo,9.4208,3.6933,3.0501,-3.0455,0.1876,0.25,7.535,0.7943,1.0255,8.4,3.595,-0.0919
354.65,seguindo,gargalo_eixo,9.4054,3.6959,3.0648,-3.0416,0.1768,0.25,7.5194,0.7943,1.0105,8.4,3.595,-0.0946
354.7,seguindo,gargalo_eixo,9.3952,3.6974,3.0749,-3.039,0.1693,0.25,7.509,0.7943,1.0005,8.4,3.595,-0.0963
354.75,seguindo,gargalo_eixo,9.3802,3.6997,3.0924,-3.0351,0.1557,0.25,7.4939,0.7682,0.9858,8.4,3.595,-0.0988
354.8,seguindo,gargalo_eixo,9.3703,3.7012,3.1048,-3.0326,0.1458,0.25,7.4839,0.6842,0.9761,8.4,3.595,-0.1003
354.85,seguindo,gargalo_eixo,9.3566,3.7035,3.1287,-3.0286,0.1258,0.25,7.47,0.6571,0.9627,8.4,3.595,-0.1027
354.9,seguindo,gargalo_eixo,9.3479,3.7049,-3.1369,-3.0261,0.1108,0.25,7.4611,0.6347,0.9542,8.4,3.595,-0.1043
354.95,seguindo,gargalo_eixo,9.3376,3.7067,-3.113,-3.0229,0.0901,0.25,7.4507,0.609,0.9442,8.4,3.595,-0.1061
355.0,seguindo,gargalo_eixo,9.3319,3.7078,-3.097,-3.0211,0.0759,0.25,7.4449,0.5954,0.9387,8.4,3.595,-0.1073
355.065,seguindo,gargalo_eixo,9.3291,3.7084,-3.0887,-3.0201,0.0686,0.25,7.4421,0.5886,0.936,8.4,3.595,-0.1078
355.1,seguindo,gargalo_eixo,9.324,3.7096,-3.0694,-3.0181,0.0513,0.25,7.4368,0.5509,0.9311,8.4,3.595,-0.1091
355.15,seguindo,gargalo_eixo,9.3234,3.7103,-3.0613,-3.0173,0.0439,0.25,7.4361,0.5497,0.9306,8.4,3.595,-0.1098
355.2,seguindo,gargalo_eixo,9.3243,3.7105,-3.0589,-3.0172,0.0417,0.25,7.437,0.5779,0.9315,8.4,3.595,-0.11
355.25,seguindo,gargalo_eixo,9.3287,3.7109,-3.0586,-3.0173,0.0413,0.25,7.4412,0.5883,0.9359,8.4,3.595,-0.1104
355.3,seguindo,gargalo_eixo,9.3328,3.7112,-3.0598,-3.0176,0.0421,0.25,7.4452,0.5986,0.94,8.4,3.595,-0.1106
355.35,seguindo,gargalo_eixo,9.3419,3.7118,-3.0613,-3.0182,0.0432,0.25,7.4541,0.6216,0.9492,8.4,3.595,-0.1112
355.4,seguindo,gargalo_eixo,9.3493,3.7123,-3.0623,-3.0186,0.0437,0.25,7.4612,0.6406,0.9565,8.4,3.595,-0.1117
355.45,seguindo,gargalo_eixo,9.3601,3.7131,-3.0633,-3.0192,0.0442,0.25,7.4717,0.6692,0.9673,8.4,3.595,-0.1123
355.5,seguindo,gargalo_eixo,9.3672,3.7136,-3.064,-3.0196,0.0444,0.25,7.4787,0.6814,0.9744,8.4,3.595,-0.1128
355.55,seguindo,gargalo_eixo,9.3759,3.7142,-3.0649,-3.02,0.0449,0.25,7.4872,0.7638,0.9832,8.4,3.595,-0.1133
355.6,seguindo,gargalo_eixo,9.3809,3.7145,-3.0655,-3.0203,0.0452,0.25,7.492,0.7724,0.9881,8.4,3.595,-0.1135
355.65,seguindo,gargalo_eixo,9.3863,3.7148,-3.0662,-3.0206,0.0456,0.25,7.4973,0.7821,0.9935,8.4,3.595,-0.1138
355.7,seguindo,gargalo_eixo,9.389,3.715,-3.0665,-3.0208,0.0457,0.25,7.4999,0.7872,0.9963,8.4,3.595,-0.114
355.75,seguindo,gargalo_eixo,9.3911,3.7151,-3.0667,-3.0209,0.0458,0.25,7.5019,0.791,0.9983,8.4,3.595,-0.1141
355.8,seguindo,gargalo_eixo,9.3915,3.7152,-3.0668,-3.0209,0.0459,0.25,7.5023,0.7919,0.9987,8.4,3.595,-0.1141
355.85,seguindo,gargalo_eixo,9.3917,3.7152,-3.0668,-3.021,0.0459,0.25,7.5026,0.7923,0.999,8.4,3.595,-0.1141
355.9,seguindo,gargalo_eixo,9.3917,3.7152,-3.0668,-3.021,0.0459,0.25,7.5026,0.7923,0.999,8.4,3.595,-0.1141
355.95,seguindo,gargalo_eixo,9.3889,3.7151,-3.0646,-3.0207,0.044,0.25,7.4998,0.787,0.9962,8.4,3.595,-0.1141
356.0,seguindo,gargalo_eixo,9.3857,3.7151,-3.0619,-3.0203,0.0416,0.25,7.4966,0.781,0.9929,8.4,3.595,-0.1141
356.05,seguindo,gargalo_eixo,9.3781,3.7148,-3.0574,-3.0197,0.0377,0.25,7.4892,0.7675,0.9854,8.4,3.595,-0.1139
356.1,seguindo,gargalo_eixo,9.3717,3.7145,-3.0543,-3.0192,0.0351,0.25,7.4829,0.6892,0.979,8.4,3.595,-0.1136
356.15,seguindo,gargalo_eixo,9.3596,3.7137,-3.0499,-3.0184,0.0314,0.25,7.4711,0.6682,0.9669,8.4,3.595,-0.113
356.2,seguindo,gargalo_eixo,9.3503,3.7131,-3.0473,-3.0179,0.0294,0.25,7.4621,0.6435,0.9576,8.4,3.595,-0.1124
356.25,seguindo,gargalo_eixo,9.3337,3.7114,-3.0479,-3.0175,0.0304,0.25,7.4461,0.6008,0.9409,8.4,3.595,-0.1109
356.3,seguindo,gargalo_eixo,9.3213,3.71,-3.0515,-3.0174,0.0341,0.25,7.4341,0.5448,0.9285,8.4,3.595,-0.1095
356.35,seguindo,gargalo_eixo,9.3021,3.7075,-3.0613,-3.0174,0.0439,0.25,7.4156,0.4898,0.9091,8.4,3.595,-0.1071
356.4,seguindo,gargalo_eixo,9.2889,3.7058,-3.0697,-3.0175,0.0522,0.25,7.4029,0.4439,0.8958,8.4,3.595,-0.1055
356.45,seguindo,gargalo_eixo,9.2701,3.7039,-3.0776,-3.017,0.0606,0.25,7.3847,0.385,0.8768,8.4,3.595,-0.1037
356.5,seguindo,gargalo_eixo,9.2577,3.7029,-3.0808,-3.0164,0.0644,0.25,7.3727,0.3405,0.8645,8.4,3.595,-0.1027
356.55,seguindo,gargalo_eixo,9.2401,3.7019,-3.0806,-3.015,0.0655,0.25,7.3556,0.2545,0.8469,8.4,3.595,-0.1017
356.6,seguindo,gargalo_eixo,9.2287,3.7013,-3.0786,-3.014,0.0646,0.1991,7.3445,0.1991,0.8355,8.4,3.595,-0.1012
356.65,seguindo,gargalo_eixo,9.2119,3.7007,-3.0723,-3.0121,0.0602,0.1417,7.328,0.1417,0.8188,8.4,3.595,-0.1006
356.7,seguindo,gargalo_eixo,9.2009,3.7004,-3.0668,-3.0107,0.0561,0.06,7.3172,0.06,0.8078,8.4,3.595,-0.1003
356.75,seguindo,gargalo_eixo,9.1874,3.6996,-3.0631,-3.0094,0.0537,0.25,7.3041,0.7845,0.7943,8.4,3.595,-0.0996
356.8,seguindo,gargalo_eixo,9.1797,3.6991,-3.0628,-3.0089,0.0539,0.25,7.2966,0.7707,0.7866,8.4,3.595,-0.099
356.85,seguindo,gargalo_eixo,9.171,3.6983,-3.0638,-3.0083,0.0554,0.25,7.2882,0.6877,0.7779,8.4,3.595,-0.0983
356.9,seguindo,gargalo_eixo,9.1665,3.6979,-3.0649,-3.0081,0.0567,0.25,7.2838,0.68,0.7733,8.4,3.595,-0.0979
356.95,seguindo,gargalo_eixo,9.1626,3.6974,-3.0666,-3.008,0.0586,0.25,7.2801,0.6737,0.7694,8.4,3.595,-0.0975
357.0,seguindo,gargalo_eixo,9.1613,3.6972,-3.0677,-3.008,0.0596,0.25,7.2788,0.6717,0.7681,8.4,3.595,-0.0973
357.05,seguindo,gargalo_eixo,9.1622,3.6972,-3.0694,-3.0083,0.0612,0.25,7.2797,0.6731,0.769,8.4,3.595,-0.0972
357.1,seguindo,gargalo_eixo,9.1641,3.6972,-3.0706,-3.0086,0.062,0.25,7.2816,0.6761,0.7709,8.4,3.595,-0.0972
357.15,seguindo,gargalo_eixo,9.1698,3.6975,-3.0724,-3.0092,0.0632,0.25,7.2872,0.6854,0.7766,8.4,3.595,-0.0975
357.2,seguindo,gargalo_eixo,9.1749,3.6977,-3.0735,-3.0097,0.0638,0.25,7.2921,0.7623,0.7817,8.4,3.595,-0.0977
357.25,seguindo,gargalo_eixo,9.1854,3.6983,-3.0752,-3.0108,0.0644,0.25,7.3023,0.7806,0.7921,8.4,3.595,-0.0983
357.3,seguindo,gargalo_eixo,9.1937,3.6988,-3.0762,-3.0115,0.0647,0.0031,7.3104,0.0031,0.8004,8.4,3.595,-0.0987
357.35,seguindo,gargalo_eixo,9.2059,3.6994,-3.0774,-3.0126,0.0648,0.097,7.3223,0.097,0.8126,8.4,3.595,-0.0994
357.4,seguindo,gargalo_eixo,9.214,3.6999,-3.0781,-3.0134,0.0648,0.1492,7.3302,0.1492,0.8207,8.4,3.595,-0.0998
357.45,seguindo,gargalo_eixo,9.2239,3.7004,-3.0792,-3.0143,0.0649,0.1934,7.3399,0.1934,0.8306,8.4,3.595,-0.1003
357.5,seguindo,gargalo_eixo,9.2296,3.7007,-3.0799,-3.0148,0.0651,0.2028,7.3454,0.2028,0.8363,8.4,3.595,-0.1006
357.55,seguindo,gargalo_eixo,9.2362,3.7011,-3.0807,-3.0154,0.0653,0.2347,7.3518,0.2347,0.8428,8.4,3.595,-0.1009
357.6,seguindo,gargalo_eixo,9.2416,3.7013,-3.0814,-3.0159,0.0655,0.25,7.3571,0.2612,0.8483,8.4,3.595,-0.1012
357.65,seguindo,gargalo_eixo,9.2425,3.7014,-3.0814,-3.016,0.0654,0.25,7.358,0.2656,0.8492,8.4,3.595,-0.1012
357.7,seguindo,gargalo_eixo,9.243,3.7014,-3.0814,-3.016,0.0654,0.25,7.3585,0.2678,0.8496,8.4,3.595,-0.1012
357.75,seguindo,gargalo_eixo,9.2432,3.7014,-3.0814,-3.016,0.0654,0.25,7.3587,0.269,0.8499,8.4,3.595,-0.1012
357.8,seguindo,gargalo_eixo,9.2432,3.7014,-3.0814,-3.016,0.0654,0.25,7.3587,0.269,0.8499,8.4,3.595,-0.1012
357.85,seguindo,gargalo_eixo,9.2432,3.7014,-3.0814,-3.016,0.0654,0.25,7.3587,0.269,0.8499,8.4,3.595,-0.1012
357.9,seguindo,gargalo_eixo,9.2432,3.7014,-3.0814,-3.016,0.0654,0.25,7.3587,0.269,0.8499,8.4,3.595,-0.1012
357.95,seguindo,gargalo_eixo,9.2432,3.7014,-3.0814,-3.016,0.0654,0.25,7.3587,0.269,0.8499,8.4,3.595,-0.1012
358.0,seguindo,gargalo_eixo,9.2432,3.7014,-3.0814,-3.016,0.0654,0.25,7.3587,0.269,0.8499,8.4,3.595,-0.1012
358.05,seguindo,gargalo_eixo,9.2432,3.7014,-3.0814,-3.016,0.0654,0.25,7.3587,0.269,0.8499,8.4,3.595,-0.1012
358.1,seguindo,gargalo_eixo,9.2432,3.7014,-3.0814,-3.016,0.0654,0.25,7.3587,0.269,0.8499,8.4,3.595,-0.1012
358.15,seguindo,gargalo_eixo,9.2432,3.7014,-3.0814,-3.016,0.0654,0.25,7.3587,0.269,0.8499,8.4,3.595,-0.1012
358.2,seguindo,gargalo_eixo,9.2432,3.7014,-3.0814,-3.016,0.0654,0.25,7.3587,0.269,0.8499,8.4,3.595,-0.1012
358.25,seguindo,gargalo_eixo,9.2432,3.7014,-3.0814,-3.016,0.0654,0.25,7.3587,0.269,0.8499,8.4,3.595,-0.1012
358.3,seguindo,gargalo_eixo,9.2432,3.7014,-3.0814,-3.016,0.0654,0.25,7.3587,0.269,0.8499,8.4,3.595,-0.1012
358.35,seguindo,gargalo_eixo,9.2432,3.7014,-3.0814,-3.016,0.0654,0.25,7.3587,0.269,0.8499,8.4,3.595,-0.1012
358.4,seguindo,gargalo_eixo,9.2432,3.7014,-3.0814,-3.016,0.0654,0.25,7.3587,0.269,0.8499,8.4,3.595,-0.1012
358.45,seguindo,gargalo_eixo,9.2432,3.7014,-3.0814,-3.016,0.0654,0.25,7.3587,0.269,0.8499,8.4,3.595,-0.1012
358.5,seguindo,gargalo_eixo,9.2432,3.7014,-3.0814,-3.016,0.0654,0.25,7.3587,0.269,0.8499,8.4,3.595,-0.1012
358.55,seguindo,gargalo_eixo,9.2432,3.7014,-3.0814,-3.016,0.0654,0.25,7.3587,0.269,0.8499,8.4,3.595,-0.1012
358.6,seguindo,gargalo_eixo,9.2432,3.7014,-3.0814,-3.016,0.0654,0.25,7.3587,0.269,0.8499,8.4,3.595,-0.1012
358.65,seguindo,gargalo_eixo,9.2432,3.7014,-3.0814,-3.016,0.0654,0.25,7.3587,0.269,0.8499,8.4,3.595,-0.1012
358.7,seguindo,gargalo_eixo,9.2432,3.7014,-3.0814,-3.016,0.0654,0.25,7.3587,0.269,0.8499,8.4,3.595,-0.1012
358.75,seguindo,gargalo_eixo,9.2432,3.7014,-3.0814,-3.016,0.0654,0.25,7.3587,0.269,0.8499,8.4,3.595,-0.1012
358.8,seguindo,gargalo_eixo,9.2432,3.7014,-3.0814,-3.016,0.0654,0.25,7.3587,0.269,0.8499,8.4,3.595,-0.1012
358.85,seguindo,gargalo_eixo,9.2432,3.7014,-3.0814,-3.016,0.0654,0.25,7.3587,0.269,0.8499,8.4,3.595,-0.1012
358.9,seguindo,gargalo_eixo,9.2432,3.7014,-3.0814,-3.016,0.0654,0.25,7.3587,0.269,0.8499,8.4,3.595,-0.1012
358.95,seguindo,gargalo_eixo,9.2432,3.7014,-3.0814,-3.016,0.0654,0.25,7.3587,0.269,0.8499,8.4,3.595,-0.1012
359.0,seguindo,gargalo_eixo,9.2432,3.7014,-3.0814,-3.016,0.0654,0.25,7.3587,0.269,0.8499,8.4,3.595,-0.1012
359.05,seguindo,gargalo_eixo,9.2432,3.7014,-3.0814,-3.016,0.0654,0.25,7.3587,0.269,0.8499,8.4,3.595,-0.1012
359.1,seguindo,gargalo_eixo,9.2432,3.7014,-3.0814,-3.016,0.0654,0.25,7.3587,0.269,0.8499,8.4,3.595,-0.1012
359.15,seguindo,gargalo_eixo,9.2432,3.7014,-3.0814,-3.016,0.0654,0.25,7.3587,0.269,0.8499,8.4,3.595,-0.1012
359.2,seguindo,gargalo_eixo,9.2432,3.7014,-3.0814,-3.016,0.0654,0.25,7.3587,0.269,0.8499,8.4,3.595,-0.1012
359.25,seguindo,gargalo_eixo,9.2432,3.7014,-3.0814,-3.016,0.0654,0.25,7.3587,0.269,0.8499,8.4,3.595,-0.1012
359.3,seguindo,gargalo_eixo,9.2432,3.7014,-3.0814,-3.016,0.0654,0.25,7.3587,0.269,0.8499,8.4,3.595,-0.1012
359.35,seguindo,gargalo_eixo,9.2432,3.7014,-3.0814,-3.016,0.0654,0.25,7.3587,0.269,0.8499,8.4,3.595,-0.1012
359.4,seguindo,gargalo_eixo,9.2432,3.7014,-3.0814,-3.016,0.0654,0.25,7.3587,0.269,0.8499,8.4,3.595,-0.1012
359.45,seguindo,gargalo_eixo,9.2432,3.7014,-3.0814,-3.016,0.0654,0.25,7.3587,0.269,0.8499,8.4,3.595,-0.1012
359.5,seguindo,gargalo_eixo,9.2432,3.7014,-3.0814,-3.016,0.0654,0.25,7.3587,0.269,0.8499,8.4,3.595,-0.1012
359.55,seguindo,gargalo_eixo,9.2432,3.7014,-3.0814,-3.016,0.0654,0.25,7.3587,0.269,0.8499,8.4,3.595,-0.1012
359.6,seguindo,gargalo_eixo,9.2432,3.7014,-3.0814,-3.016,0.0654,0.25,7.3587,0.269,0.8499,8.4,3.595,-0.1012
359.65,seguindo,gargalo_eixo,9.2432,3.7014,-3.0814,-3.016,0.0654,0.25,7.3587,0.269,0.8499,8.4,3.595,-0.1012
359.7,seguindo,gargalo_eixo,9.2432,3.7014,-3.0814,-3.016,0.0654,0.25,7.3587,0.269,0.8499,8.4,3.595,-0.1012
359.75,seguindo,gargalo_eixo,9.2432,3.7014,-3.0814,-3.016,0.0654,0.25,7.3587,0.269,0.8499,8.4,3.595,-0.1012
359.8,seguindo,gargalo_eixo,9.2432,3.7014,-3.0814,-3.016,0.0654,0.25,7.3587,0.269,0.8499,8.4,3.595,-0.1012
359.85,seguindo,gargalo_eixo,9.2432,3.7014,-3.0814,-3.016,0.0654,0.25,7.3587,0.269,0.8499,8.4,3.595,-0.1012
359.9,seguindo,gargalo_eixo,9.2432,3.7014,-3.0814,-3.016,0.0654,0.25,7.3587,0.269,0.8499,8.4,3.595,-0.1012
359.95,seguindo,gargalo_eixo,9.2432,3.7014,-3.0814,-3.016,0.0654,0.25,7.3587,0.269,0.8499,8.4,3.595,-0.1012
360.0,seguindo,gargalo_eixo,9.2432,3.7014,-3.0814,-3.016,0.0654,0.25,7.3587,0.269,0.8499,8.4,3.595,-0.1012
360.075,seguindo,gargalo_eixo,9.2432,3.7014,-3.0814,-3.016,0.0654,0.25,7.3587,0.269,0.8499,8.4,3.595,-0.1012
360.1,seguindo,gargalo_eixo,9.2432,3.7014,-3.0814,-3.016,0.0654,0.25,7.3587,0.269,0.8499,8.4,3.595,-0.1012
360.15,seguindo,gargalo_eixo,9.2432,3.7014,-3.0814,-3.016,0.0654,0.25,7.3587,0.269,0.8499,8.4,3.595,-0.1012
360.201,seguindo,gargalo_eixo,9.2432,3.7014,-3.0814,-3.016,0.0654,0.25,7.3587,0.269,0.8499,8.4,3.595,-0.1012
360.25,seguindo,gargalo_eixo,9.2432,3.7014,-3.0814,-3.016,0.0654,0.25,7.3587,0.269,0.8499,8.4,3.595,-0.1012
360.3,seguindo,gargalo_eixo,9.2432,3.7014,-3.0814,-3.016,0.0654,0.25,7.3587,0.269,0.8499,8.4,3.595,-0.1012
360.35,seguindo,gargalo_eixo,9.2432,3.7014,-3.0814,-3.016,0.0654,0.25,7.3587,0.269,0.8499,8.4,3.595,-0.1012
360.401,seguindo,gargalo_eixo,9.2432,3.7014,-3.0814,-3.016,0.0654,0.25,7.3587,0.269,0.8499,8.4,3.595,-0.1012
360.45,seguindo,gargalo_eixo,9.2432,3.7014,-3.0814,-3.016,0.0654,0.25,7.3587,0.269,0.8499,8.4,3.595,-0.1012
360.5,seguindo,gargalo_eixo,9.2432,3.7014,-3.0814,-3.016,0.0654,0.25,7.3587,0.269,0.8499,8.4,3.595,-0.1012
360.55,seguindo,gargalo_eixo,9.2432,3.7014,-3.0814,-3.016,0.0654,0.25,7.3587,0.269,0.8499,8.4,3.595,-0.1012
360.6,seguindo,gargalo_eixo,9.2432,3.7014,-3.0814,-3.016,0.0654,0.25,7.3587,0.269,0.8499,8.4,3.595,-0.1012
360.65,seguindo,gargalo_eixo,9.2432,3.7014,-3.0814,-3.016,0.0654,0.25,7.3587,0.269,0.8499,8.4,3.595,-0.1012
360.7,seguindo,gargalo_eixo,9.2432,3.7014,-3.0814,-3.016,0.0654,0.25,7.3587,0.269,0.8499,8.4,3.595,-0.1012
360.75,seguindo,gargalo_eixo,9.2432,3.7014,-3.0814,-3.016,0.0654,0.25,7.3587,0.269,0.8499,8.4,3.595,-0.1012
360.8,seguindo,gargalo_eixo,9.2432,3.7014,-3.0814,-3.016,0.0654,0.25,7.3587,0.269,0.8499,8.4,3.595,-0.1012
360.9,seguindo,gargalo_eixo,9.2432,3.7014,-3.0814,-3.016,0.0654,0.25,7.3587,0.269,0.8499,8.4,3.595,-0.1012
360.95,seguindo,gargalo_eixo,9.2432,3.7014,-3.0814,-3.016,0.0654,0.25,7.3587,0.269,0.8499,8.4,3.595,-0.1012
361.0,seguindo,gargalo_eixo,9.2432,3.7014,-3.0814,-3.016,0.0654,0.25,7.3587,0.269,0.8499,8.4,3.595,-0.1012
361.05,seguindo,gargalo_eixo,9.2432,3.7014,-3.0814,-3.016,0.0654,0.25,7.3587,0.269,0.8499,8.4,3.595,-0.1012
361.1,seguindo,gargalo_eixo,9.2432,3.7014,-3.0814,-3.016,0.0654,0.25,7.3587,0.269,0.8499,8.4,3.595,-0.1012
361.15,seguindo,gargalo_eixo,9.2432,3.7014,-3.0814,-3.016,0.0654,0.25,7.3587,0.269,0.8499,8.4,3.595,-0.1012
361.2,seguindo,gargalo_eixo,9.2432,3.7014,-3.0814,-3.016,0.0654,0.25,7.3587,0.269,0.8499,8.4,3.595,-0.1012
361.25,seguindo,gargalo_eixo,9.2432,3.7014,-3.0814,-3.016,0.0654,0.25,7.3587,0.269,0.8499,8.4,3.595,-0.1012
361.301,seguindo,gargalo_eixo,9.2432,3.7014,-3.0814,-3.016,0.0654,0.25,7.3587,0.269,0.8499,8.4,3.595,-0.1012
361.35,seguindo,gargalo_eixo,9.2432,3.7014,-3.0814,-3.016,0.0654,0.25,7.3587,0.269,0.8499,8.4,3.595,-0.1012
361.4,seguindo,gargalo_eixo,9.2432,3.7014,-3.0814,-3.016,0.0654,0.25,7.3587,0.269,0.8499,8.4,3.595,-0.1012
361.45,seguindo,gargalo_eixo,9.2432,3.7014,-3.0814,-3.016,0.0654,0.25,7.3587,0.269,0.8499,8.4,3.595,-0.1012
361.5,seguindo,gargalo_eixo,9.2432,3.7014,-3.0814,-3.016,0.0654,0.25,7.3587,0.269,0.8499,8.4,3.595,-0.1012
361.55,seguindo,gargalo_eixo,9.2432,3.7014,-3.0814,-3.016,0.0654,0.25,7.3587,0.269,0.8499,8.4,3.595,-0.1012
361.6,seguindo,gargalo_eixo,9.2432,3.7014,-3.0814,-3.016,0.0654,0.25,7.3587,0.269,0.8499,8.4,3.595,-0.1012
361.65,seguindo,gargalo_eixo,9.2432,3.7014,-3.0814,-3.016,0.0654,0.25,7.3587,0.269,0.8499,8.4,3.595,-0.1012
361.7,seguindo,gargalo_eixo,9.2432,3.7014,-3.0814,-3.016,0.0654,0.25,7.3587,0.269,0.8499,8.4,3.595,-0.1012
361.75,seguindo,gargalo_eixo,9.2432,3.7014,-3.0814,-3.016,0.0654,0.25,7.3587,0.269,0.8499,8.4,3.595,-0.1012
361.8,seguindo,gargalo_eixo,9.2432,3.7014,-3.0814,-3.016,0.0654,0.25,7.3587,0.269,0.8499,8.4,3.595,-0.1012
361.85,seguindo,gargalo_eixo,9.2432,3.7014,-3.0814,-3.016,0.0654,0.25,7.3587,0.269,0.8499,8.4,3.595,-0.1012
361.9,seguindo,gargalo_eixo,9.2432,3.7014,-3.0814,-3.016,0.0654,0.25,7.3587,0.269,0.8499,8.4,3.595,-0.1012
361.95,seguindo,gargalo_eixo,9.2432,3.7014,-3.0814,-3.016,0.0654,0.25,7.3587,0.269,0.8499,8.4,3.595,-0.1012
362.0,seguindo,gargalo_eixo,9.2432,3.7014,-3.0814,-3.016,0.0654,0.25,7.3587,0.269,0.8499,8.4,3.595,-0.1012
362.05,seguindo,gargalo_eixo,9.2432,3.7014,-3.0814,-3.016,0.0654,0.25,7.3587,0.269,0.8499,8.4,3.595,-0.1012
362.1,seguindo,gargalo_eixo,9.2432,3.7014,-3.0814,-3.016,0.0654,0.25,7.3587,0.269,0.8499,8.4,3.595,-0.1012
362.151,seguindo,gargalo_eixo,9.2432,3.7014,-3.0814,-3.016,0.0654,0.25,7.3587,0.269,0.8499,8.4,3.595,-0.1012
362.2,seguindo,gargalo_eixo,9.2432,3.7014,-3.0814,-3.016,0.0654,0.25,7.3587,0.269,0.8499,8.4,3.595,-0.1012
362.25,seguindo,gargalo_eixo,9.2432,3.7014,-3.0814,-3.016,0.0654,0.25,7.3587,0.269,0.8499,8.4,3.595,-0.1012
362.3,seguindo,gargalo_eixo,9.2432,3.7014,-3.0814,-3.016,0.0654,0.25,7.3587,0.269,0.8499,8.4,3.595,-0.1012
362.35,seguindo,gargalo_eixo,9.2432,3.7014,-3.0814,-3.016,0.0654,0.25,7.3587,0.269,0.8499,8.4,3.595,-0.1012
362.4,seguindo,gargalo_eixo,9.2432,3.7014,-3.0814,-3.016,0.0654,0.25,7.3587,0.269,0.8499,8.4,3.595,-0.1012
362.45,seguindo,gargalo_eixo,9.2432,3.7014,-3.0814,-3.016,0.0654,0.25,7.3587,0.269,0.8499,8.4,3.595,-0.1012
362.5,seguindo,gargalo_eixo,9.2432,3.7014,-3.0814,-3.016,0.0654,0.25,7.3587,0.269,0.8499,8.4,3.595,-0.1012
362.55,seguindo,gargalo_eixo,9.2432,3.7014,-3.0814,-3.016,0.0654,0.25,7.3587,0.269,0.8499,8.4,3.595,-0.1012
362.6,seguindo,gargalo_eixo,9.2432,3.7014,-3.0814,-3.016,0.0654,0.25,7.3587,0.269,0.8499,8.4,3.595,-0.1012
362.65,seguindo,gargalo_eixo,9.2432,3.7014,-3.0814,-3.016,0.0654,0.25,7.3587,0.269,0.8499,8.4,3.595,-0.1012
362.7,seguindo,gargalo_eixo,9.2432,3.7014,-3.0814,-3.016,0.0654,0.25,7.3587,0.269,0.8499,8.4,3.595,-0.1012
362.75,seguindo,gargalo_eixo,9.2432,3.7014,-3.0814,-3.016,0.0654,0.25,7.3587,0.269,0.8499,8.4,3.595,-0.1012
362.8,seguindo,gargalo_eixo,9.2432,3.7014,-3.0814,-3.016,0.0654,0.25,7.3587,0.269,0.8499,8.4,3.595,-0.1012
362.85,seguindo,gargalo_eixo,9.2432,3.7014,-3.0814,-3.016,0.0654,0.25,7.3587,0.269,0.8499,8.4,3.595,-0.1012
362.9,seguindo,gargalo_eixo,9.2432,3.7014,-3.0814,-3.016,0.0654,0.25,7.3587,0.269,0.8499,8.4,3.595,-0.1012
362.95,seguindo,gargalo_eixo,9.2432,3.7014,-3.0814,-3.016,0.0654,0.25,7.3587,0.269,0.8499,8.4,3.595,-0.1012
363.0,seguindo,gargalo_eixo,9.2432,3.7014,-3.0814,-3.016,0.0654,0.25,7.3587,0.269,0.8499,8.4,3.595,-0.1012
363.05,seguindo,gargalo_eixo,9.2432,3.7014,-3.0814,-3.016,0.0654,0.25,7.3587,0.269,0.8499,8.4,3.595,-0.1012
363.1,seguindo,gargalo_eixo,9.2432,3.7014,-3.0814,-3.016,0.0654,0.25,7.3587,0.269,0.8499,8.4,3.595,-0.1012
363.15,seguindo,gargalo_eixo,9.2432,3.7014,-3.0814,-3.016,0.0654,0.25,7.3587,0.269,0.8499,8.4,3.595,-0.1012
363.2,seguindo,gargalo_eixo,9.2432,3.7014,-3.0814,-3.016,0.0654,0.25,7.3587,0.269,0.8499,8.4,3.595,-0.1012
363.25,seguindo,gargalo_eixo,9.2432,3.7014,-3.0814,-3.016,0.0654,0.25,7.3587,0.269,0.8499,8.4,3.595,-0.1012
363.3,seguindo,gargalo_eixo,9.2432,3.7014,-3.0814,-3.016,0.0654,0.25,7.3587,0.269,0.8499,8.4,3.595,-0.1012
363.35,seguindo,gargalo_eixo,9.2432,3.7014,-3.0814,-3.016,0.0654,0.25,7.3587,0.269,0.8499,8.4,3.595,-0.1012
363.4,seguindo,gargalo_eixo,9.2432,3.7014,-3.0814,-3.016,0.0654,0.25,7.3587,0.269,0.8499,8.4,3.595,-0.1012
363.45,seguindo,gargalo_eixo,9.2432,3.7014,-3.0814,-3.016,0.0654,0.25,7.3587,0.269,0.8499,8.4,3.595,-0.1012
363.5,seguindo,gargalo_eixo,9.2432,3.7014,-3.0814,-3.016,0.0654,0.25,7.3587,0.269,0.8499,8.4,3.595,-0.1012
363.55,seguindo,gargalo_eixo,9.2432,3.7014,-3.0814,-3.016,0.0654,0.25,7.3587,0.269,0.8499,8.4,3.595,-0.1012
363.6,seguindo,gargalo_eixo,9.2432,3.7014,-3.0814,-3.016,0.0654,0.25,7.3587,0.269,0.8499,8.4,3.595,-0.1012
363.65,seguindo,gargalo_eixo,9.2432,3.7014,-3.0814,-3.016,0.0654,0.25,7.3587,0.269,0.8499,8.4,3.595,-0.1012
363.7,seguindo,gargalo_eixo,9.2432,3.7014,-3.0814,-3.016,0.0654,0.25,7.3587,0.269,0.8499,8.4,3.595,-0.1012
363.75,seguindo,gargalo_eixo,9.2432,3.7014,-3.0814,-3.016,0.0654,0.25,7.3587,0.269,0.8499,8.4,3.595,-0.1012
363.8,seguindo,gargalo_eixo,9.2432,3.7014,-3.0814,-3.016,0.0654,0.25,7.3587,0.269,0.8499,8.4,3.595,-0.1012
363.85,seguindo,gargalo_eixo,9.2432,3.7014,-3.0814,-3.016,0.0654,0.25,7.3587,0.269,0.8499,8.4,3.595,-0.1012
363.9,seguindo,gargalo_eixo,9.2432,3.7014,-3.0814,-3.016,0.0654,0.25,7.3587,0.269,0.8499,8.4,3.595,-0.1012
363.95,seguindo,gargalo_eixo,9.2432,3.7014,-3.0814,-3.016,0.0654,0.25,7.3587,0.269,0.8499,8.4,3.595,-0.1012
364.0,seguindo,gargalo_eixo,9.2432,3.7014,-3.0814,-3.016,0.0654,0.25,7.3587,0.269,0.8499,8.4,3.595,-0.1012
364.05,seguindo,gargalo_eixo,9.2432,3.7014,-3.0814,-3.016,0.0654,0.25,7.3587,0.269,0.8499,8.4,3.595,-0.1012
364.101,seguindo,gargalo_eixo,9.2432,3.7014,-3.0814,-3.016,0.0654,0.25,7.3587,0.269,0.8499,8.4,3.595,-0.1012
364.15,seguindo,gargalo_eixo,9.2432,3.7014,-3.0814,-3.016,0.0654,0.25,7.3587,0.269,0.8499,8.4,3.595,-0.1012
364.2,seguindo,gargalo_eixo,9.2432,3.7014,-3.0814,-3.016,0.0654,0.25,7.3587,0.269,0.8499,8.4,3.595,-0.1012
364.25,seguindo,gargalo_eixo,9.2432,3.7014,-3.0814,-3.016,0.0654,0.25,7.3587,0.269,0.8499,8.4,3.595,-0.1012
364.3,seguindo,gargalo_eixo,9.2432,3.7014,-3.0814,-3.016,0.0654,0.25,7.3587,0.269,0.8499,8.4,3.595,-0.1012
364.35,seguindo,gargalo_eixo,9.2432,3.7014,-3.0814,-3.016,0.0654,0.25,7.3587,0.269,0.8499,8.4,3.595,-0.1012
364.4,seguindo,gargalo_eixo,9.2432,3.7014,-3.0814,-3.016,0.0654,0.25,7.3587,0.269,0.8499,8.4,3.595,-0.1012
364.45,seguindo,gargalo_eixo,9.2432,3.7014,-3.0814,-3.016,0.0654,0.25,7.3587,0.269,0.8499,8.4,3.595,-0.1012
364.5,seguindo,gargalo_eixo,9.2432,3.7014,-3.0814,-3.016,0.0654,0.25,7.3587,0.269,0.8499,8.4,3.595,-0.1012
364.55,seguindo,gargalo_eixo,9.2432,3.7014,-3.0814,-3.016,0.0654,0.25,7.3587,0.269,0.8499,8.4,3.595,-0.1012
364.6,seguindo,gargalo_eixo,9.2432,3.7014,-3.0814,-3.016,0.0654,0.25,7.3587,0.269,0.8499,8.4,3.595,-0.1012
364.65,seguindo,gargalo_eixo,9.2432,3.7014,-3.0814,-3.016,0.0654,0.25,7.3587,0.269,0.8499,8.4,3.595,-0.1012
364.7,seguindo,gargalo_eixo,9.2432,3.7014,-3.0814,-3.016,0.0654,0.25,7.3587,0.269,0.8499,8.4,3.595,-0.1012
364.75,seguindo,gargalo_eixo,9.2432,3.7014,-3.0814,-3.016,0.0654,0.25,7.3587,0.269,0.8499,8.4,3.595,-0.1012
364.8,seguindo,gargalo_eixo,9.2432,3.7014,-3.0814,-3.016,0.0654,0.25,7.3587,0.269,0.8499,8.4,3.595,-0.1012
364.85,seguindo,gargalo_eixo,9.2432,3.7014,-3.0814,-3.016,0.0654,0.25,7.3587,0.269,0.8499,8.4,3.595,-0.1012
364.9,seguindo,gargalo_eixo,9.2432,3.7014,-3.0814,-3.016,0.0654,0.25,7.3587,0.269,0.8499,8.4,3.595,-0.1012
364.95,seguindo,gargalo_eixo,9.2432,3.7014,-3.0814,-3.016,0.0654,0.25,7.3587,0.269,0.8499,8.4,3.595,-0.1012
365.0,re,,9.2432,3.7014,-3.0814,-3.0814,0.0,0.203,7.3587,inf,,,,0.0
365.1,seguindo,gargalo_eixo,9.2432,3.7014,-3.0814,-3.016,0.0654,0.25,7.3587,0.269,0.8499,8.4,3.595,-0.1012
365.15,seguindo,gargalo_eixo,9.2432,3.7014,-3.0814,-3.016,0.0654,0.25,7.3587,0.269,0.8499,8.4,3.595,-0.1012
365.2,seguindo,gargalo_eixo,9.2432,3.7014,-3.0814,-3.016,0.0654,0.25,7.3587,0.269,0.8499,8.4,3.595,-0.1012
365.25,seguindo,gargalo_eixo,9.2432,3.7014,-3.0814,-3.016,0.0654,0.25,7.3587,0.269,0.8499,8.4,3.595,-0.1012
365.3,seguindo,gargalo_eixo,9.2432,3.7014,-3.0814,-3.016,0.0654,0.25,7.3587,0.269,0.8499,8.4,3.595,-0.1012
365.35,seguindo,gargalo_eixo,9.2432,3.7014,-3.0814,-3.016,0.0654,0.25,7.3587,0.269,0.8499,8.4,3.595,-0.1012
365.4,seguindo,gargalo_eixo,9.2432,3.7014,-3.0814,-3.016,0.0654,0.25,7.3587,0.269,0.8499,8.4,3.595,-0.1012
365.45,seguindo,gargalo_eixo,9.2432,3.7014,-3.0814,-3.016,0.0654,0.25,7.3587,0.269,0.8499,8.4,3.595,-0.1012
365.5,seguindo,gargalo_eixo,9.2432,3.7014,-3.0814,-3.016,0.0654,0.25,7.3587,0.269,0.8499,8.4,3.595,-0.1012
365.55,seguindo,gargalo_eixo,9.2432,3.7014,-3.0814,-3.016,0.0654,0.25,7.3587,0.269,0.8499,8.4,3.595,-0.1012
365.6,seguindo,gargalo_eixo,9.2432,3.7014,-3.0814,-3.016,0.0654,0.25,7.3587,0.269,0.8499,8.4,3.595,-0.1012
365.65,seguindo,gargalo_eixo,9.2432,3.7014,-3.0814,-3.016,0.0654,0.25,7.3587,0.269,0.8499,8.4,3.595,-0.1012
365.7,seguindo,gargalo_eixo,9.2432,3.7014,-3.0814,-3.016,0.0654,0.25,7.3587,0.269,0.8499,8.4,3.595,-0.1012
365.75,seguindo,gargalo_eixo,9.2432,3.7014,-3.0814,-3.016,0.0654,0.25,7.3587,0.269,0.8499,8.4,3.595,-0.1012
365.8,seguindo,gargalo_eixo,9.2432,3.7014,-3.0814,-3.016,0.0654,0.25,7.3587,0.269,0.8499,8.4,3.595,-0.1012
365.85,seguindo,gargalo_eixo,9.2432,3.7014,-3.0814,-3.016,0.0654,0.25,7.3587,0.269,0.8499,8.4,3.595,-0.1012
365.9,seguindo,gargalo_eixo,9.2432,3.7014,-3.0814,-3.016,0.0654,0.25,7.3587,0.269,0.8499,8.4,3.595,-0.1012
365.95,seguindo,gargalo_eixo,9.2432,3.7014,-3.0814,-3.016,0.0654,0.25,7.3587,0.269,0.8499,8.4,3.595,-0.1012
366.0,seguindo,gargalo_eixo,9.2432,3.7014,-3.0814,-3.016,0.0654,0.25,7.3587,0.269,0.8499,8.4,3.595,-0.1012
366.05,seguindo,gargalo_eixo,9.2432,3.7014,-3.0814,-3.016,0.0654,0.25,7.3587,0.269,0.8499,8.4,3.595,-0.1012
366.1,seguindo,gargalo_eixo,9.2432,3.7014,-3.0814,-3.016,0.0654,0.25,7.3587,0.269,0.8499,8.4,3.595,-0.1012
366.15,seguindo,gargalo_eixo,9.2432,3.7014,-3.0814,-3.016,0.0654,0.25,7.3587,0.269,0.8499,8.4,3.595,-0.1012
366.2,seguindo,gargalo_eixo,9.2432,3.7014,-3.0814,-3.016,0.0654,0.25,7.3587,0.269,0.8499,8.4,3.595,-0.1012
366.25,seguindo,gargalo_eixo,9.2432,3.7014,-3.0814,-3.016,0.0654,0.25,7.3587,0.269,0.8499,8.4,3.595,-0.1012
366.3,seguindo,gargalo_eixo,9.2432,3.7014,-3.0814,-3.016,0.0654,0.25,7.3587,0.269,0.8499,8.4,3.595,-0.1012
366.35,seguindo,gargalo_eixo,9.2432,3.7014,-3.0814,-3.016,0.0654,0.25,7.3587,0.269,0.8499,8.4,3.595,-0.1012
366.4,seguindo,gargalo_eixo,9.2432,3.7014,-3.0814,-3.016,0.0654,0.25,7.3587,0.269,0.8499,8.4,3.595,-0.1012
366.45,seguindo,gargalo_eixo,9.2432,3.7014,-3.0814,-3.016,0.0654,0.25,7.3587,0.269,0.8499,8.4,3.595,-0.1012
366.5,seguindo,gargalo_eixo,9.2432,3.7014,-3.0814,-3.016,0.0654,0.25,7.3587,0.269,0.8499,8.4,3.595,-0.1012
366.55,seguindo,gargalo_eixo,9.2432,3.7014,-3.0814,-3.016,0.0654,0.25,7.3587,0.269,0.8499,8.4,3.595,-0.1012
366.6,seguindo,gargalo_eixo,9.2432,3.7014,-3.0814,-3.016,0.0654,0.25,7.3587,0.269,0.8499,8.4,3.595,-0.1012
366.65,seguindo,gargalo_eixo,9.2432,3.7014,-3.0814,-3.016,0.0654,0.25,7.3587,0.269,0.8499,8.4,3.595,-0.1012
366.7,seguindo,gargalo_eixo,9.2432,3.7014,-3.0814,-3.016,0.0654,0.25,7.3587,0.269,0.8499,8.4,3.595,-0.1012
366.75,seguindo,gargalo_eixo,9.2432,3.7014,-3.0814,-3.016,0.0654,0.25,7.3587,0.269,0.8499,8.4,3.595,-0.1012
366.8,seguindo,gargalo_eixo,9.2432,3.7014,-3.0814,-3.016,0.0654,0.25,7.3587,0.269,0.8499,8.4,3.595,-0.1012
366.85,seguindo,gargalo_eixo,9.2432,3.7014,-3.0814,-3.016,0.0654,0.25,7.3587,0.269,0.8499,8.4,3.595,-0.1012
366.9,seguindo,gargalo_eixo,9.2432,3.7014,-3.0814,-3.016,0.0654,0.25,7.3587,0.269,0.8499,8.4,3.595,-0.1012
366.95,seguindo,gargalo_eixo,9.2432,3.7014,-3.0814,-3.016,0.0654,0.25,7.3587,0.269,0.8499,8.4,3.595,-0.1012
367.0,seguindo,gargalo_eixo,9.2432,3.7014,-3.0814,-3.016,0.0654,0.25,7.3587,0.269,0.8499,8.4,3.595,-0.1012
367.05,seguindo,gargalo_eixo,9.2432,3.7014,-3.0814,-3.016,0.0654,0.25,7.3587,0.269,0.8499,8.4,3.595,-0.1012
367.1,seguindo,gargalo_eixo,9.2432,3.7014,-3.0814,-3.016,0.0654,0.25,7.3587,0.269,0.8499,8.4,3.595,-0.1012
367.15,seguindo,gargalo_eixo,9.2432,3.7014,-3.0814,-3.016,0.0654,0.25,7.3587,0.269,0.8499,8.4,3.595,-0.1012
367.2,seguindo,gargalo_eixo,9.2432,3.7014,-3.0814,-3.016,0.0654,0.25,7.3587,0.269,0.8499,8.4,3.595,-0.1012
367.25,seguindo,gargalo_eixo,9.2432,3.7014,-3.0814,-3.016,0.0654,0.25,7.3587,0.269,0.8499,8.4,3.595,-0.1012
367.3,seguindo,gargalo_eixo,9.2432,3.7014,-3.0814,-3.016,0.0654,0.25,7.3587,0.269,0.8499,8.4,3.595,-0.1012
367.35,seguindo,gargalo_eixo,9.2432,3.7014,-3.0814,-3.016,0.0654,0.25,7.3587,0.269,0.8499,8.4,3.595,-0.1012
367.4,seguindo,gargalo_eixo,9.2432,3.7014,-3.0814,-3.016,0.0654,0.25,7.3587,0.269,0.8499,8.4,3.595,-0.1012
367.45,seguindo,gargalo_eixo,9.2432,3.7014,-3.0814,-3.016,0.0654,0.25,7.3587,0.269,0.8499,8.4,3.595,-0.1012
367.5,seguindo,gargalo_eixo,9.2432,3.7014,-3.0814,-3.016,0.0654,0.25,7.3587,0.269,0.8499,8.4,3.595,-0.1012
367.55,seguindo,gargalo_eixo,9.2432,3.7014,-3.0814,-3.016,0.0654,0.25,7.3587,0.269,0.8499,8.4,3.595,-0.1012
367.6,seguindo,gargalo_eixo,9.2432,3.7014,-3.0814,-3.016,0.0654,0.25,7.3587,0.269,0.8499,8.4,3.595,-0.1012
367.65,seguindo,gargalo_eixo,9.2432,3.7014,-3.0814,-3.016,0.0654,0.25,7.3587,0.269,0.8499,8.4,3.595,-0.1012
367.7,seguindo,gargalo_eixo,9.2432,3.7014,-3.0814,-3.016,0.0654,0.25,7.3587,0.269,0.8499,8.4,3.595,-0.1012
367.75,seguindo,gargalo_eixo,9.2432,3.7014,-3.0814,-3.016,0.0654,0.25,7.3587,0.269,0.8499,8.4,3.595,-0.1012
367.8,seguindo,gargalo_eixo,9.2432,3.7014,-3.0814,-3.016,0.0654,0.25,7.3587,0.269,0.8499,8.4,3.595,-0.1012
367.85,seguindo,gargalo_eixo,9.2432,3.7014,-3.0814,-3.016,0.0654,0.25,7.3587,0.269,0.8499,8.4,3.595,-0.1012
367.9,seguindo,gargalo_eixo,9.2432,3.7014,-3.0814,-3.016,0.0654,0.25,7.3587,0.269,0.8499,8.4,3.595,-0.1012
367.95,seguindo,gargalo_eixo,9.2432,3.7014,-3.0814,-3.016,0.0654,0.25,7.3587,0.269,0.8499,8.4,3.595,-0.1012
368.0,seguindo,gargalo_eixo,9.2432,3.7014,-3.0814,-3.016,0.0654,0.25,7.3587,0.269,0.8499,8.4,3.595,-0.1012
368.05,seguindo,gargalo_eixo,9.2432,3.7014,-3.0814,-3.016,0.0654,0.25,7.3587,0.269,0.8499,8.4,3.595,-0.1012
368.1,seguindo,gargalo_eixo,9.2432,3.7014,-3.0814,-3.016,0.0654,0.25,7.3587,0.269,0.8499,8.4,3.595,-0.1012
368.15,seguindo,gargalo_eixo,9.2432,3.7014,-3.0814,-3.016,0.0654,0.25,7.3587,0.269,0.8499,8.4,3.595,-0.1012
368.2,seguindo,gargalo_eixo,9.2432,3.7014,-3.0814,-3.016,0.0654,0.25,7.3587,0.269,0.8499,8.4,3.595,-0.1012
368.25,seguindo,gargalo_eixo,9.2432,3.7014,-3.0814,-3.016,0.0654,0.25,7.3587,0.269,0.8499,8.4,3.595,-0.1012
368.3,seguindo,gargalo_eixo,9.2432,3.7014,-3.0814,-3.016,0.0654,0.25,7.3587,0.269,0.8499,8.4,3.595,-0.1012
368.35,seguindo,gargalo_eixo,9.2432,3.7014,-3.0814,-3.016,0.0654,0.25,7.3587,0.269,0.8499,8.4,3.595,-0.1012
368.4,seguindo,gargalo_eixo,9.2432,3.7014,-3.0814,-3.016,0.0654,0.25,7.3587,0.269,0.8499,8.4,3.595,-0.1012
368.45,seguindo,gargalo_eixo,9.2432,3.7014,-3.0814,-3.016,0.0654,0.25,7.3587,0.269,0.8499,8.4,3.595,-0.1012
368.5,seguindo,gargalo_eixo,9.2432,3.7014,-3.0814,-3.016,0.0654,0.25,7.3587,0.269,0.8499,8.4,3.595,-0.1012
368.55,seguindo,gargalo_eixo,9.2432,3.7014,-3.0814,-3.016,0.0654,0.25,7.3587,0.269,0.8499,8.4,3.595,-0.1012
368.6,seguindo,gargalo_eixo,9.2432,3.7014,-3.0814,-3.016,0.0654,0.25,7.3587,0.269,0.8499,8.4,3.595,-0.1012
368.65,seguindo,gargalo_eixo,9.2432,3.7014,-3.0814,-3.016,0.0654,0.25,7.3587,0.269,0.8499,8.4,3.595,-0.1012
368.7,seguindo,gargalo_eixo,9.2432,3.7014,-3.0814,-3.016,0.0654,0.25,7.3587,0.269,0.8499,8.4,3.595,-0.1012
368.75,seguindo,gargalo_eixo,9.2432,3.7014,-3.0814,-3.016,0.0654,0.25,7.3587,0.269,0.8499,8.4,3.595,-0.1012
368.8,seguindo,gargalo_eixo,9.2432,3.7014,-3.0814,-3.016,0.0654,0.25,7.3587,0.269,0.8499,8.4,3.595,-0.1012
368.85,seguindo,gargalo_eixo,9.2432,3.7014,-3.0814,-3.016,0.0654,0.25,7.3587,0.269,0.8499,8.4,3.595,-0.1012
368.9,seguindo,gargalo_eixo,9.2432,3.7014,-3.0814,-3.016,0.0654,0.25,7.3587,0.269,0.8499,8.4,3.595,-0.1012
368.95,seguindo,gargalo_eixo,9.2432,3.7014,-3.0814,-3.016,0.0654,0.25,7.3587,0.269,0.8499,8.4,3.595,-0.1012
369.0,seguindo,gargalo_eixo,9.2432,3.7014,-3.0814,-3.016,0.0654,0.25,7.3587,0.269,0.8499,8.4,3.595,-0.1012
369.05,seguindo,gargalo_eixo,9.2432,3.7014,-3.0814,-3.016,0.0654,0.25,7.3587,0.269,0.8499,8.4,3.595,-0.1012
369.1,seguindo,gargalo_eixo,9.2432,3.7014,-3.0814,-3.016,0.0654,0.25,7.3587,0.269,0.8499,8.4,3.595,-0.1012
369.15,seguindo,gargalo_eixo,9.2432,3.7014,-3.0814,-3.016,0.0654,0.25,7.3587,0.269,0.8499,8.4,3.595,-0.1012
369.2,re,,9.2432,3.7014,-3.0814,-3.0814,0.0,-0.203,7.3587,inf,,,,0.0
369.25,re,,9.2432,3.7014,-3.0814,-3.0814,0.0,-0.203,7.3587,inf,,,,0.0
369.3,re,,9.2432,3.7014,-3.0814,-3.0814,0.0,-0.203,7.3587,inf,,,,0.0
369.35,re,,9.2432,3.7014,-3.0814,-3.0814,0.0,-0.203,7.3587,inf,,,,0.0
369.4,re,,9.2432,3.7014,-3.0814,-3.0814,0.0,-0.203,7.3587,inf,,,,0.0
369.45,re,,9.2432,3.7014,-3.0814,-3.0814,0.0,-0.203,7.3587,inf,,,,0.0
369.5,re,,9.2432,3.7014,-3.0814,-3.0814,0.0,-0.203,7.3587,inf,,,,0.0
369.55,re,,9.2432,3.7014,-3.0814,-3.0814,0.0,-0.203,7.3587,inf,,,,0.0
369.6,re,,9.2432,3.7014,-3.0814,-3.0814,0.0,-0.203,7.3587,inf,,,,0.0
369.65,re,,9.2462,3.7015,-3.0825,-3.0825,0.0,-0.203,7.3617,inf,,,,0.0
369.7,re,,9.2495,3.7016,-3.0837,-3.0837,0.0,-0.203,7.3649,inf,,,,0.0
369.75,re,,9.2574,3.7019,-3.0855,-3.0855,0.0,-0.203,7.3725,inf,,,,0.0
369.8,re,,9.2639,3.7022,-3.0866,-3.0866,0.0,-0.203,7.3789,inf,,,,0.0
369.85,re,,9.2765,3.7027,-3.0884,-3.0884,0.0,-0.203,7.3912,inf,,,,0.0
369.9,re,,9.2862,3.7031,-3.0896,-3.0896,0.0,-0.203,7.4007,inf,,,,0.0
369.95,re,,9.3026,3.7038,-3.0913,-3.0913,0.0,-0.203,7.4168,inf,,,,0.0
370.0,re,,9.3144,3.7043,-3.0924,-3.0924,0.0,-0.203,7.4283,inf,,,,0.0
370.059,re,,9.3202,3.7046,-3.0929,-3.0929,0.0,-0.203,7.434,inf,,,,0.0
370.1,re,,9.3436,3.7055,-3.0947,-3.0947,0.0,-0.203,7.4569,inf,,,,0.0
370.15,re,,9.3611,3.7063,-3.0955,-3.0955,0.0,-0.203,7.4739,inf,,,,0.0
370.2,re,,9.3727,3.7068,-3.0958,-3.0958,0.0,-0.203,7.4853,inf,,,,0.0
370.25,re,,9.39,3.7076,-3.0953,-3.0953,0.0,-0.203,7.5021,inf,,,,0.0
370.3,re,,9.4014,3.7082,-3.0948,-3.0948,0.0,-0.203,7.5133,inf,,,,0.0
370.35,re,,9.4185,3.7091,-3.0932,-3.0932,0.0,-0.203,7.53,inf,,,,0.0
370.4,re,,9.4299,3.7098,-3.0918,-3.0918,0.0,-0.203,7.541,inf,,,,0.0
370.45,re,,9.4468,3.7109,-3.0892,-3.0892,0.0,-0.203,7.5575,inf,,,,0.0
370.5,re,,9.458,3.7116,-3.0873,-3.0873,0.0,-0.203,7.5685,inf,,,,0.0
370.55,re,,9.4749,3.7128,-3.0844,-3.0844,0.0,-0.203,7.5849,inf,,,,0.0
370.6,re,,9.4861,3.7136,-3.0823,-3.0823,0.0,-0.203,7.5958,inf,,,,0.0
370.65,re,,9.5029,3.7149,-3.0794,-3.0794,0.0,-0.203,7.6122,inf,,,,0.0
370.7,re,,9.5141,3.7158,-3.0774,-3.0774,0.0,-0.203,7.6231,inf,,,,0.0
370.75,re,,9.531,3.7171,-3.0744,-3.0744,0.0,-0.203,7.6395,inf,,,,0.0
370.8,re,,9.5422,3.7181,-3.0724,-3.0724,0.0,-0.203,7.6504,inf,,,,0.0
370.9,seguindo,gargalo_eixo,9.5703,3.7205,-3.0676,-3.0348,0.0328,0.25,7.6776,2.0512,1.177,8.4,3.595,-0.1138
