t,x,y,yaw,dist,plano_n,rumo_alvo,erro_rumo,raw_v,raw_wz,saida_v,saida_wz,mux_v,mux_wz,key_v
0.0,-0.0,-0.0,-0.0,7.2103,166,,,0.0,0.0,0.0,0.0,0.0,0.0,0.0
0.05,-0.0,-0.0,-0.0,7.2103,166,,,0.0,0.0,0.0,0.0,0.0,0.0,0.0
0.1,-0.0,-0.0,-0.0,7.2103,166,,,0.0,0.0,0.0,0.0,0.0,0.0,0.0
0.151,-0.0,-0.0,-0.0,7.2103,166,,,0.0,0.0,0.0,0.0,0.0,0.0,0.0
0.2,-0.0,-0.0,-0.0,7.2103,166,,,0.0,0.0,0.0,0.0,0.0,0.0,0.0
0.25,-0.0,-0.0,-0.0,7.2103,166,,,0.0,0.0,0.0,0.0,0.0,0.0,0.0
0.3,-0.0,-0.0,-0.0,7.2103,166,,,0.0,0.0,0.0,0.0,0.0,0.0,0.0
0.35,-0.0,-0.0,-0.0,7.2103,166,,,0.0,0.0,0.0,0.0,0.0,0.0,0.0
0.4,-0.0,-0.0,-0.0,7.2103,166,,,0.0,0.0,0.0,0.0,0.0,0.0,0.0
0.45,-0.0,-0.0,-0.0,7.2103,166,,,0.0,0.0,0.0,0.0,0.0,0.0,0.0
0.5,-0.0,-0.0,-0.0,7.2103,166,,,0.0,0.0,0.0,0.0,0.0,0.0,0.0
0.55,-0.0,-0.0,-0.0,7.2103,166,,,0.0,0.0,0.0,0.0,0.0,0.0,0.0
0.6,-0.0,-0.0,-0.0,7.2103,166,,,0.0,0.0,0.0,0.0,0.0,0.0,0.0
0.65,0.0199,0.0022,-0.0303,7.1922,166,,,0.0,0.0,0.0,0.0,0.0,0.0,0.0
0.7,0.0275,0.0027,-0.0408,7.1855,166,,,0.0,0.0,0.0,0.0,0.0,0.0,0.0
0.75,0.0419,0.0033,-0.0563,7.1729,166,,,0.0,0.0,0.0,0.0,0.5,0.0,0.0
0.8,0.0526,0.0035,-0.0669,7.1637,166,,,0.0,0.0,0.0,0.0,0.5,0.0,0.0
0.85,0.0718,0.0033,-0.0825,7.1475,166,,,0.0,0.0,0.0,0.0,0.5,0.0,0.0
0.901,0.0848,0.003,-0.0927,7.1366,166,,,0.0,0.0,0.0,0.0,0.5,0.0,0.0
0.95,0.0981,0.0025,-0.1019,7.1256,166,,,0.0,0.0,0.0,0.0,0.5,0.0,0.0
1.0,0.1179,0.0013,-0.1143,7.1095,166,,,0.0,0.0,0.0,0.0,0.5,0.0,0.0
1.05,0.1307,0.0003,-0.1203,7.0991,163,,,0.0,0.0,0.0,0.0,0.5,0.0,0.0
1.1,0.1496,-0.0014,-0.1281,7.084,163,,,0.0,0.0,0.0,0.0,0.5,0.0,0.0
1.15,0.1619,-0.0028,-0.1313,7.0744,163,,,0.0,0.0,0.0,0.0,0.5,0.0,0.0
1.2,0.1801,-0.0049,-0.1344,7.0602,163,,,0.0,0.0,0.0,0.0,0.498,0.2324,0.0
1.25,0.1919,-0.0065,-0.1343,7.0511,163,,,0.0,0.0,0.0,0.0,0.4978,0.2366,0.0
1.3,0.2094,-0.009,-0.1331,7.0376,163,,,0.0,0.0,0.0,0.0,0.4978,0.2385,0.0
1.35,0.2208,-0.0107,-0.1308,7.0289,163,,,0.0,0.0,0.0,0.0,0.4978,0.2385,0.0
1.4,0.2379,-0.0132,-0.127,7.0159,163,,,0.0,0.0,0.4978,0.2385,0.4978,0.2385,0.0
1.45,0.2492,-0.0149,-0.124,7.0073,163,,,0.0,0.0,0.4978,0.2385,0.4978,0.2385,0.0
1.5,0.2662,-0.0173,-0.1196,6.9944,163,,,0.0,0.0,0.4978,0.2385,0.4978,0.2385,0.0
1.55,0.2775,-0.0189,-0.1166,6.9857,163,,,0.0,0.0,0.4978,0.2385,0.4978,0.2385,0.0
1.6,0.2945,-0.0213,-0.1121,6.9727,163,,,0.0,0.0,0.4978,0.2385,0.4978,0.2385,0.0
1.65,0.3059,-0.0228,-0.1092,6.9641,163,,,0.0,0.0,0.4978,0.2385,0.4978,0.2385,0.0
1.7,0.3172,-0.0242,-0.1062,6.9554,163,-0.0341,0.0721,0.0,0.0,0.4975,0.2455,0.4976,0.2431,0.0
1.75,0.3272,-0.0259,-0.0978,6.9479,163,-0.0322,0.0656,0.0,0.0,0.5,-1.0,0.5,-1.0,0.0
1.8,0.3422,-0.0283,-0.0856,6.9367,163,-0.0309,0.0547,0.0,0.0,0.5,0.0,0.5,0.0,0.0
1.85,0.3493,-0.0292,-0.0812,6.9313,163,-0.0296,0.0517,0.5,0.0,0.5,0.0,0.5,0.0,0.0
1.9,0.3595,-0.0304,-0.0766,6.9234,163,-0.029,0.0477,0.5,0.0,0.5,0.0,0.5,0.0,0.0
1.95,0.3633,-0.0308,-0.0762,6.9204,163,-0.0284,0.0478,0.5,0.0,0.5,0.0,0.5,0.0,0.0
2.0,0.3687,-0.0312,-0.0763,6.9161,163,-0.0285,0.0477,0.5,0.0,0.5,0.0,0.5,0.0,0.0
2.051,0.3751,-0.032,-0.0726,6.9112,159,-0.0278,0.0447,0.5,0.0,0.5,0.0,0.5,0.0,0.0
2.101,0.3853,-0.0333,-0.0649,6.9035,159,-0.0145,0.0504,0.5,0.0,0.5,0.0,0.5,0.0,0.0
2.15,0.3946,-0.0346,-0.0559,6.8965,159,-0.013,0.0429,0.5,0.0,0.5,0.0,0.5,0.0,0.0
2.2,0.4091,-0.0366,-0.0405,6.8855,159,-0.0117,0.0288,0.5,0.0,0.5,0.0,0.5,0.0,0.0
2.25,0.4193,-0.0378,-0.0304,6.8776,159,-0.0109,0.0196,0.5,0.0,0.5,0.0,0.5,0.0,0.0
2.3,0.4349,-0.0393,-0.0164,6.8655,159,-0.0096,0.0068,0.5,0.0,0.5,0.0,0.5,0.0,0.0
2.35,0.4424,-0.0398,-0.0106,6.8595,159,-0.0091,0.0016,0.5,0.0,0.5,0.0,0.5,0.0,0.0
2.4,0.4533,-0.0406,-0.0021,6.851,159,-0.0086,-0.0065,0.5,0.0,0.5,0.0,0.5,0.0,0.0
2.45,0.4632,-0.0407,-0.0012,6.8427,159,-0.0084,-0.0072,0.5,0.0,0.5,0.0,0.5,0.0,0.0
2.5,0.4737,-0.0406,-0.0023,6.834,159,-0.0084,-0.006,0.5,0.0,0.5,0.0,0.5,0.0,0.0
2.55,0.4911,-0.0404,-0.0058,6.8195,159,-0.0095,-0.0037,0.5,0.0,0.5,0.0,0.5,0.0,0.0
2.6,0.5034,-0.0402,-0.0092,6.8092,159,-0.0099,-0.0007,0.5,0.0,0.5,0.0,0.5,0.0,0.0
2.65,0.5155,-0.0402,-0.0113,6.7991,159,-0.0102,0.0011,0.5,0.0,0.5,0.0,0.5,0.0,0.0
2.7,0.5335,-0.0403,-0.0121,6.7844,159,-0.0112,0.0009,0.5,0.0,0.5,0.0,0.5,0.0,0.0
2.75,0.5454,-0.0404,-0.0125,6.7746,159,-0.0112,0.0012,0.5,0.0,0.5,0.0,0.5,0.0,0.0
2.8,0.5634,-0.0406,-0.0131,6.7599,159,-0.0121,0.001,0.5,0.0,0.5,0.0,0.5,0.0,0.0
2.85,0.5754,-0.0407,-0.0138,6.75,159,-0.0129,0.0009,0.5,0.0,0.5,0.0,0.5,0.0,0.0
2.9,0.5875,-0.0408,-0.0149,6.7401,159,-0.013,0.0019,0.5,0.0,0.5,0.0,0.5,0.0,0.0
2.952,0.6054,-0.041,-0.0155,6.7255,159,-0.013,0.0025,0.5,0.0,0.5,0.0,0.5,0.0,0.0
3.0,0.6172,-0.0413,-0.0147,6.7159,159,-0.0137,0.001,0.5,0.0,0.5,0.0,0.5,0.0,0.0
3.05,0.6289,-0.0415,-0.0138,6.7064,159,-0.0136,0.0002,0.5,0.0,0.5,0.0,0.5,0.0,0.0
3.1,0.6463,-0.042,-0.0109,6.6924,153,-0.0134,-0.0025,0.5,0.0,0.5,0.0,0.5,0.0,0.0
3.15,0.6579,-0.0422,-0.009,6.683,153,-0.0114,-0.0024,0.5,0.0,0.5,0.0,0.5,0.0,0.0
3.2,0.6695,-0.0425,-0.0068,6.6737,153,-0.0121,-0.0053,0.5,0.0,0.5,0.0,0.5,0.0,0.0
3.25,0.6868,-0.0428,-0.0036,6.6597,153,-0.012,-0.0085,0.5,0.0,0.5,0.0,0.5,0.0,0.0
3.3,0.6984,-0.0431,-0.0014,6.6503,153,-0.0119,-0.0105,0.5,0.0,0.5,0.0,0.5,0.0,0.0
3.35,0.7158,-0.0433,0.0017,6.6363,153,-0.0119,-0.0136,0.5,0.0,0.5,0.0,0.5,0.0,0.0
3.4,0.7273,-0.0434,0.0038,6.6269,153,-0.0119,-0.0157,0.5,0.0,0.5,0.0,0.5,0.0,0.0
3.45,0.7389,-0.0436,0.0059,6.6175,153,-0.0128,-0.0187,0.5,0.0,0.5,0.0,0.5,0.0,0.0
3.5,0.7505,-0.0436,0.0079,6.6081,153,-0.0129,-0.0208,0.5,0.0,0.5,0.0,0.5,0.0,0.0
3.55,0.7621,-0.0437,0.0098,6.5987,153,-0.013,-0.0228,0.5,0.0,0.5,0.0,0.5,0.0,0.0
3.6,0.7795,-0.0437,0.0126,6.5845,153,-0.014,-0.0266,0.5,0.0,0.5,0.0,0.5,0.0,0.0
3.65,0.7912,-0.0437,0.0144,6.575,153,-0.0142,-0.0285,0.5,0.0,0.5,0.0,0.5,0.0,0.0
3.7,0.8028,-0.0437,0.0161,6.5655,153,-0.0145,-0.0306,0.5,0.0,0.5,0.0,0.5,0.0,0.0
3.751,0.8202,-0.0436,0.0187,6.5513,153,-0.0155,-0.0342,0.5,0.0,0.5,0.0,0.5,0.0,0.0
3.8,0.8319,-0.0435,0.0205,6.5418,153,-0.0157,-0.0362,0.5,0.0,0.5,0.0,0.5,0.0,0.0
3.85,0.8435,-0.0434,0.0223,6.5323,153,-0.0134,-0.0357,0.5,0.0,0.5,0.0,0.5,0.0,0.0
3.901,0.8609,-0.0432,0.025,6.5181,153,-0.0137,-0.0387,0.5,0.0,0.5,0.0,0.5,0.0,0.0
3.95,0.8725,-0.0431,0.0268,6.5086,153,-0.0142,-0.041,0.5,0.0,0.5,0.0,0.5,0.0,0.0
4.0,0.8842,-0.0429,0.0286,6.4991,153,-0.0142,-0.0428,0.5,0.0,0.5,0.0,0.5,0.0,0.0
4.05,0.8958,-0.0427,0.0304,6.4896,153,-0.0152,-0.0456,0.5,0.0,0.5,0.0,0.5,0.0,0.0
4.1,0.9132,-0.0424,0.0331,6.4753,153,-0.0158,-0.0489,0.5,0.0,0.5,0.0,0.5,0.0,0.0
4.15,0.9248,-0.0421,0.0348,6.4658,148,-0.0162,-0.0511,0.5,0.0,0.5,0.0,0.5,0.0,0.0
4.202,0.9364,-0.0418,0.0366,6.4563,148,-0.0162,-0.0528,0.5,0.0,0.5,0.0,0.5,0.0,0.0
4.25,0.9539,-0.0414,0.0393,6.442,148,-0.0166,-0.056,0.5,0.0,0.5,0.0,0.5,0.0,0.0
4.3,0.9655,-0.0411,0.0411,6.4324,148,-0.0174,-0.0585,0.5,0.0,0.5,0.0,0.5,0.0,0.0
4.35,0.9771,-0.0407,0.0429,6.4229,148,-0.0179,-0.0609,0.5,0.0,0.5,0.0,0.5,0.0,0.0
4.4,0.9945,-0.0402,0.0456,6.4086,148,-0.0196,-0.0652,0.5,0.0,0.5,0.0,0.5,0.0,0.0
4.45,1.0062,-0.0398,0.0474,6.399,148,-0.0202,-0.0676,0.5,0.0,0.5,0.0,0.5,0.0,0.0
4.5,1.0178,-0.0394,0.0491,6.3894,148,-0.0212,-0.0703,0.5,0.0,0.5,0.0,0.5,0.0,0.0
4.55,1.0352,-0.0387,0.0517,6.3751,148,-0.0225,-0.0742,0.5,0.0,0.5,0.0,0.5,0.0,0.0
4.6,1.0468,-0.0382,0.0535,6.3655,148,-0.0236,-0.0771,0.5,0.0,0.5,0.0,0.5,0.0,0.0
4.65,1.0584,-0.0377,0.0553,6.3559,148,-0.0236,-0.0788,0.5,0.0,0.5,0.0,0.5,0.0,0.0
4.7,1.0759,-0.037,0.058,6.3415,148,-0.0243,-0.0823,0.5,0.0,0.5,0.0,0.5,0.0,0.0
4.75,1.0875,-0.0364,0.0598,6.3319,148,-0.026,-0.0857,0.5,0.0,0.5,0.0,0.5,0.0,0.0
4.8,1.1049,-0.0356,0.0624,6.3175,148,-0.0268,-0.0892,0.5,0.0,0.5,0.0,0.5,0.0,0.0
4.85,1.1165,-0.035,0.0642,6.3079,148,-0.0334,-0.0977,0.498,-0.2314,0.498,-0.2314,0.498,-0.2314,0.0
4.9,1.1339,-0.0341,0.067,6.2935,148,-0.0344,-0.1014,0.4976,-0.2421,0.4976,-0.2421,0.4976,-0.2421,0.0
4.95,1.1455,-0.0334,0.0688,6.2839,148,-0.0362,-0.105,0.4974,-0.2466,0.4974,-0.2466,0.4974,-0.2466,0.0
5.0,1.1629,-0.0324,0.0715,6.2695,148,-0.0372,-0.1088,0.4972,-0.251,0.4972,-0.251,0.4972,-0.251,0.0
5.05,1.1745,-0.0318,0.0733,6.2599,148,-0.0389,-0.1122,0.497,-0.2554,0.497,-0.2554,0.497,-0.2554,0.0
5.1,1.1861,-0.031,0.0751,6.2502,148,-0.04,-0.1152,0.4969,-0.2595,0.4969,-0.2595,0.4969,-0.2595,0.0
5.15,1.2035,-0.0299,0.0778,6.2358,148,-0.0418,-0.1196,0.4966,-0.2639,0.4966,-0.2639,0.4966,-0.2639,0.0
5.2,1.2158,-0.029,0.0778,6.2254,141,-0.043,-0.1208,0.4964,-0.2679,0.4964,-0.2679,0.4964,-0.2679,0.0
5.25,1.2359,-0.027,0.0728,6.2083,141,-0.0429,-0.1156,0.4965,-0.2674,0.4965,-0.2674,0.4965,-0.2674,0.0
5.3,1.2493,-0.0256,0.067,6.1969,141,-0.0447,-0.1118,0.4967,-0.2634,0.4967,-0.2634,0.4967,-0.2634,0.0
5.35,1.2694,-0.0233,0.0543,6.1797,141,-0.0478,-0.1021,0.496,-0.254,0.496,-0.254,0.496,-0.254,0.0
5.4,1.2827,-0.0219,0.0446,6.1683,141,-0.05,-0.0945,0.4954,-0.2475,0.4954,-0.2475,0.4954,-0.2475,0.0
5.45,1.3027,-0.0198,0.0281,6.1513,141,-0.0528,-0.0809,0.4944,-0.2311,0.4944,-0.2311,0.4944,-0.2311,0.0
5.5,1.316,-0.0186,0.0169,6.14,141,-0.0548,-0.0718,0.5,0.0,0.5,0.0,0.5,0.0,0.0
5.55,1.336,-0.017,-0.0001,6.1234,141,-0.0577,-0.0576,0.5,0.0,0.5,0.0,0.5,0.0,0.0
5.6,1.3493,-0.0162,-0.0113,6.1124,141,-0.0588,-0.0475,0.5,0.0,0.5,0.0,0.5,0.0,0.0
5.65,1.3627,-0.0155,-0.0223,6.1015,141,-0.0612,-0.0388,0.5,0.0,0.5,0.0,0.5,0.0,0.0
5.7,1.3828,-0.0148,-0.0384,6.0853,141,-0.0626,-0.0242,0.5,0.0,0.5,0.0,0.5,0.0,0.0
5.75,1.3961,-0.0147,-0.0472,6.0748,141,-0.0634,-0.0162,0.5,0.0,0.5,0.0,0.5,0.0,0.0
5.8,1.416,-0.0147,-0.0599,6.0594,141,-0.0643,-0.0045,0.5,0.0,0.5,0.0,0.5,0.0,0.0
5.852,1.4292,-0.0149,-0.0676,6.0493,141,-0.0434,0.0242,0.5,0.0,0.5,0.0,0.5,0.0,0.0
5.9,1.448,-0.0155,-0.0772,6.0349,141,-0.0431,0.0341,0.5,0.0,0.5,0.0,0.5,0.0,0.0
5.95,1.4594,-0.0162,-0.0801,6.0265,141,-0.0432,0.0369,0.5,0.0,0.5,0.0,0.5,0.0,0.0
6.0,1.4764,-0.0174,-0.0815,6.0141,141,-0.043,0.0386,0.5,0.0,0.5,0.0,0.5,0.0,0.0
6.05,1.4877,-0.0185,-0.079,6.0061,141,-0.0417,0.0373,0.5,0.0,0.5,0.0,0.5,0.0,0.0
6.1,1.5047,-0.0202,-0.0747,5.994,141,-0.041,0.0337,0.5,0.0,0.5,0.0,0.5,0.0,0.0
6.15,1.516,-0.0213,-0.0714,5.9859,141,-0.0401,0.0313,0.5,0.0,0.5,0.0,0.5,0.0,0.0
6.2,1.533,-0.0229,-0.0664,5.9738,141,-0.0394,0.027,0.5,0.0,0.5,0.0,0.5,0.0,0.0
6.25,1.5444,-0.0239,-0.0632,5.9657,135,-0.0343,0.0288,0.5,0.0,0.5,0.0,0.5,0.0,0.0
6.3,1.5614,-0.0253,-0.0585,5.9535,135,-0.0338,0.0247,0.5,0.0,0.5,0.0,0.5,0.0,0.0
6.35,1.5729,-0.0262,-0.0558,5.9452,135,-0.0329,0.0228,0.5,0.0,0.5,0.0,0.5,0.0,0.0
6.4,1.5843,-0.027,-0.0531,5.937,135,-0.0325,0.0206,0.5,0.0,0.5,0.0,0.5,0.0,0.0
6.451,1.6017,-0.0282,-0.0502,5.9244,135,-0.0321,0.0181,0.5,0.0,0.5,0.0,0.5,0.0,0.0
6.5,1.6133,-0.0289,-0.0483,5.916,135,-0.0318,0.0166,0.5,0.0,0.5,0.0,0.5,0.0,0.0
6.55,1.6307,-0.0299,-0.0459,5.9033,135,-0.0313,0.0147,0.5,0.0,0.5,0.0,0.5,0.0,0.0
6.6,1.6424,-0.0306,-0.0444,5.8948,135,-0.0313,0.0131,0.5,0.0,0.5,0.0,0.5,0.0,0.0
6.65,1.6598,-0.0315,-0.042,5.8821,135,-0.0309,0.0111,0.5,0.0,0.5,0.0,0.5,0.0,0.0
6.7,1.6715,-0.0321,-0.0404,5.8737,135,-0.0306,0.0098,0.5,0.0,0.5,0.0,0.5,0.0,0.0
6.75,1.6889,-0.033,-0.038,5.861,135,-0.0306,0.0074,0.5,0.0,0.5,0.0,0.5,0.0,0.0
6.801,1.7006,-0.0336,-0.0364,5.8525,135,-0.0304,0.006,0.5,0.0,0.5,0.0,0.5,0.0,0.0
6.85,1.718,-0.0344,-0.0338,5.8398,135,-0.0301,0.0037,0.5,0.0,0.5,0.0,0.5,0.0,0.0
6.9,1.7296,-0.0349,-0.032,5.8314,135,-0.0299,0.0021,0.5,0.0,0.5,0.0,0.5,0.0,0.0
6.95,1.747,-0.0357,-0.0294,5.8187,135,-0.023,0.0064,0.5,0.0,0.5,0.0,0.5,0.0,0.0
7.0,1.7586,-0.0361,-0.0276,5.8103,135,-0.0228,0.0048,0.5,0.0,0.5,0.0,0.5,0.0,0.0
7.05,1.7761,-0.0368,-0.0249,5.7976,135,-0.0225,0.0024,0.5,0.0,0.5,0.0,0.5,0.0,0.0
7.1,1.7877,-0.0373,-0.0231,5.7891,135,-0.0227,0.0004,0.5,0.0,0.5,0.0,0.5,0.0,0.0
7.15,1.8051,-0.0379,-0.0203,5.7765,135,-0.0224,-0.0021,0.5,0.0,0.5,0.0,0.5,0.0,0.0
7.2,1.8167,-0.0382,-0.0185,5.768,135,-0.0223,-0.0038,0.5,0.0,0.5,0.0,0.5,0.0,0.0
7.25,1.8341,-0.0387,-0.0158,5.7553,135,-0.0222,-0.0063,0.5,0.0,0.5,0.0,0.5,0.0,0.0
7.3,1.8457,-0.0391,-0.014,5.7468,128,-0.0733,-0.0593,0.5,0.0,0.5,0.0,0.5,0.0,0.0
7.35,1.8632,-0.0395,-0.0113,5.7341,128,-0.0742,-0.0628,0.5,0.0,0.5,0.0,0.5,0.0,0.0
7.4,1.8748,-0.0398,-0.0095,5.7256,128,-0.0747,-0.0652,0.5,0.0,0.5,0.0,0.5,0.0,0.0
7.45,1.8864,-0.04,-0.0078,5.7171,128,-0.0564,-0.0486,0.5,0.0,0.5,0.0,0.5,0.0,0.0
7.5,1.9039,-0.0403,-0.0052,5.7044,128,-0.0568,-0.0516,0.5,0.0,0.5,0.0,0.5,0.0,0.0
7.55,1.9155,-0.0405,-0.0034,5.6959,128,-0.0575,-0.0541,0.5,0.0,0.5,0.0,0.5,0.0,0.0
7.602,1.9329,-0.0408,-0.0007,5.6831,128,-0.058,-0.0573,0.5,0.0,0.5,0.0,0.5,0.0,0.0
7.65,1.9445,-0.0409,0.0011,5.6746,128,-0.04,-0.0411,0.5,0.0,0.5,0.0,0.5,0.0,0.0
7.7,1.962,-0.0411,0.0038,5.6619,128,-0.0403,-0.0441,0.5,0.0,0.5,0.0,0.5,0.0,0.0
7.75,1.9736,-0.0412,0.0055,5.6534,128,-0.0409,-0.0465,0.5,0.0,0.5,0.0,0.5,0.0,0.0
7.8,1.991,-0.0413,0.0082,5.6406,128,-0.0236,-0.0318,0.5,0.0,0.5,0.0,0.5,0.0,0.0
7.85,2.0026,-0.0414,0.0101,5.6321,128,-0.073,-0.083,0.5,0.0,0.5,0.0,0.5,0.0,0.0
7.9,2.0201,-0.0414,0.0128,5.6193,128,-0.0738,-0.0866,0.5,0.0,0.5,0.0,0.5,0.0,0.0
7.95,2.0317,-0.0414,0.0146,5.6108,128,-0.0751,-0.0898,0.498,-0.2304,0.5,0.0,0.5,0.0,0.0
8.0,2.0491,-0.0413,0.0173,5.598,128,-0.0578,-0.0751,0.4979,-0.2355,0.498,-0.2304,0.498,-0.2304,0.0
8.05,2.0607,-0.0412,0.0191,5.5895,128,-0.0589,-0.078,0.5,0.0,0.4979,-0.2355,0.4979,-0.2355,0.0
8.1,2.0782,-0.0411,0.0218,5.5767,128,-0.0597,-0.0815,0.5,0.0,0.5,0.0,0.5,0.0,0.0
8.15,2.0898,-0.041,0.0236,5.5681,128,-0.0609,-0.0845,0.5,0.0,0.5,0.0,0.5,0.0,0.0
8.2,2.1072,-0.0408,0.0263,5.5553,128,-0.044,-0.0702,0.5,0.0,0.5,0.0,0.5,0.0,0.0
8.25,2.1189,-0.0406,0.0281,5.5468,128,-0.045,-0.0731,0.5,0.0,0.5,0.0,0.5,0.0,0.0
8.3,2.1363,-0.0403,0.0307,5.5339,125,-0.0418,-0.0726,0.5,0.0,0.5,0.0,0.5,0.0,0.0
8.35,2.1496,-0.0397,0.0281,5.5239,125,-0.0433,-0.0715,0.5,0.0,0.5,0.0,0.5,0.0,0.0
8.4,2.1697,-0.0388,0.0231,5.5088,125,-0.0445,-0.0677,0.5,0.0,0.5,0.0,0.5,0.0,0.0
8.45,2.1814,-0.0386,0.0246,5.5002,125,-0.0445,-0.0691,0.5,0.0,0.5,0.0,0.5,0.0,0.0
8.5,2.1988,-0.0384,0.0272,5.4875,125,-0.0459,-0.0731,0.5,0.0,0.5,0.0,0.5,0.0,0.0
8.55,2.2104,-0.0382,0.029,5.4791,125,-0.0304,-0.0595,0.5,0.0,0.5,0.0,0.5,0.0,0.0
8.6,2.2279,-0.0379,0.0317,5.4664,125,-0.031,-0.0627,0.5,0.0,0.5,0.0,0.5,0.0,0.0
8.65,2.2395,-0.0377,0.0335,5.4579,125,-0.031,-0.0645,0.5,0.0,0.5,0.0,0.5,0.0,0.0
8.701,2.2511,-0.0374,0.0353,5.4494,125,-0.0157,-0.051,0.5,0.0,0.5,0.0,0.5,0.0,0.0
8.75,2.2685,-0.037,0.0384,5.4368,125,-0.0162,-0.0546,0.5,0.0,0.5,0.0,0.5,0.0,0.0
8.8,2.28,-0.0367,0.0407,5.4284,125,-0.0285,-0.0692,0.5,0.0,0.5,0.0,0.5,0.0,0.0
8.85,2.2973,-0.0363,0.0445,5.4158,125,-0.0292,-0.0736,0.5,0.0,0.5,0.0,0.5,0.0,0.0
8.9,2.3088,-0.036,0.0471,5.4074,125,-0.0301,-0.0773,0.5,0.0,0.5,0.0,0.5,0.0,0.0
8.95,2.3261,-0.0355,0.0506,5.3948,125,-0.0146,-0.0652,0.5,0.0,0.5,0.0,0.5,0.0,0.0
9.0,2.3376,-0.035,0.0528,5.3863,125,-0.0154,-0.0682,0.5,0.0,0.5,0.0,0.5,0.0,0.0
9.05,2.355,-0.0343,0.0556,5.3736,125,-0.016,-0.0717,0.5,0.0,0.5,0.0,0.5,0.0,0.0
9.1,2.3666,-0.0338,0.0574,5.365,125,0.0032,-0.0542,0.5,0.0,0.5,0.0,0.5,0.0,0.0
9.15,2.384,-0.033,0.0601,5.3522,125,0.0028,-0.0573,0.5,0.0,0.5,0.0,0.5,0.0,0.0
9.2,2.3956,-0.0324,0.0619,5.3437,125,0.002,-0.0599,0.5,0.0,0.5,0.0,0.5,0.0,0.0
9.25,2.4131,-0.0315,0.0645,5.3308,125,0.0014,-0.0631,0.5,0.0,0.5,0.0,0.5,0.0,0.0
9.3,2.4247,-0.0309,0.0662,5.3223,125,0.0355,-0.0307,0.5,0.0,0.5,0.0,0.5,0.0,0.0
9.35,2.4421,-0.03,0.0687,5.3094,119,0.0353,-0.0334,0.5,0.0,0.5,0.0,0.5,0.0,0.0
9.4,2.4537,-0.0293,0.0704,5.3009,119,-0.2094,-0.2798,0.5,0.0,0.5,0.0,0.5,0.0,0.0
9.45,2.4712,-0.0282,0.0729,5.288,119,-0.2168,-0.2898,0.4806,-0.4097,0.4806,-0.4097,0.4806,-0.4097,0.0
9.5,2.4828,-0.0275,0.0746,5.2794,119,-0.2288,-0.3035,0.4792,-0.417,0.4792,-0.417,0.4792,-0.417,0.0
9.55,2.5002,-0.0264,0.0774,5.2666,119,-0.2374,-0.3148,0.4772,-0.4267,0.4772,-0.4267,0.4772,-0.4267,0.0
9.6,2.5118,-0.0257,0.0792,5.2581,119,-0.1884,-0.2675,0.4754,-0.4346,0.4754,-0.4346,0.4754,-0.4346,0.0
9.65,2.5292,-0.0245,0.0819,5.2452,119,-0.1956,-0.2775,0.4822,-0.4006,0.4822,-0.4006,0.4822,-0.4006,0.0
9.7,2.5408,-0.0237,0.0837,5.2366,119,-0.2074,-0.2911,0.4809,-0.408,0.4809,-0.408,0.4809,-0.408,0.0
9.75,2.5523,-0.0228,0.0855,5.2281,119,-0.1573,-0.2428,0.479,-0.4179,0.479,-0.4179,0.479,-0.4179,0.0
9.8,2.5697,-0.0215,0.0882,5.2152,119,-0.1911,-0.2793,0.4852,-0.3824,0.4852,-0.3824,0.4852,-0.3824,0.0
9.85,2.5876,-0.0198,0.086,5.2017,119,-0.1991,-0.2851,0.4806,-0.4093,0.4806,-0.4093,0.4806,-0.4093,0.0
9.9,2.5998,-0.0185,0.0827,5.1924,119,-0.1542,-0.2369,0.4798,-0.4136,0.4798,-0.4136,0.4798,-0.4136,0.0
9.951,2.618,-0.0162,0.0727,5.1784,119,-0.1621,-0.2348,0.486,-0.377,0.486,-0.377,0.486,-0.377,0.0
10.0,2.6301,-0.0147,0.0641,5.169,119,-0.1757,-0.2399,0.4837,-0.3754,0.4837,-0.3754,0.4837,-0.3754,0.0
10.05,2.6485,-0.0122,0.0464,5.1548,119,-0.1856,-0.232,0.4808,-0.3794,0.4808,-0.3794,0.4808,-0.3794,0.0
10.1,2.6608,-0.0106,0.0328,5.1453,119,-0.142,-0.1748,0.4776,-0.3731,0.4776,-0.3731,0.4776,-0.3731,0.0
10.15,2.6794,-0.0083,0.0097,5.131,119,-0.1507,-0.1604,0.483,-0.3239,0.483,-0.3239,0.483,-0.3239,0.0
10.2,2.6919,-0.007,-0.0067,5.1215,119,-0.1646,-0.1579,0.4812,-0.3102,0.4812,-0.3102,0.4812,-0.3102,0.0
10.251,2.7106,-0.0052,-0.0324,5.1077,119,-0.1176,-0.0852,0.4791,-0.3078,0.4791,-0.3078,0.4791,-0.3078,0.0
10.3,2.723,-0.0043,-0.05,5.0987,119,-0.1279,-0.078,0.5,0.0,0.5,0.0,0.5,0.0,0.0
10.35,2.7354,-0.0036,-0.0673,5.0899,114,-0.1347,-0.0674,0.5,0.0,0.5,0.0,0.5,0.0,0.0
10.4,2.7544,-0.0032,-0.0911,5.0769,114,-0.3092,-0.218,0.5,0.0,0.5,0.0,0.5,0.0,0.0
10.45,2.7671,-0.0032,-0.1068,5.0684,114,-0.3225,-0.2158,0.4633,-0.3617,0.4633,-0.3617,0.4633,-0.3617,0.0
10.5,2.7862,-0.0035,-0.1301,5.056,114,-0.1832,-0.053,0.4657,-0.3533,0.4657,-0.3533,0.4657,-0.3533,0.0
10.55,2.799,-0.004,-0.1452,5.0479,114,-0.1888,-0.0437,0.5,0.0,0.5,0.0,0.5,0.0,0.0
10.6,2.8186,-0.0055,-0.1647,5.036,114,-0.1357,0.029,0.5,0.0,0.5,0.0,0.5,0.0,0.0
10.65,2.831,-0.0067,-0.176,5.0288,114,-0.1377,0.0383,0.5,0.0,0.5,0.0,0.5,0.0,0.0
10.7,2.8482,-0.0086,-0.1916,5.0189,114,-0.0935,0.0981,0.5,0.0,0.5,0.0,0.5,0.0,0.0
10.75,2.8596,-0.0102,-0.1989,5.0127,114,-0.0308,0.1681,0.4976,0.2426,0.4976,0.2426,0.4976,0.2426,0.0
10.8,2.8765,-0.0133,-0.2041,5.0039,114,-0.0254,0.1787,0.4928,0.3192,0.4928,0.3192,0.4928,0.3192,0.0
10.85,2.8885,-0.0153,-0.2098,4.9977,114,-0.0208,0.189,0.492,0.3274,0.492,0.3274,0.492,0.3274,0.0
10.901,2.9075,-0.0182,-0.2254,4.9875,114,-0.0136,0.2118,0.4906,0.3413,0.4906,0.3413,0.4906,0.3413,0.0
10.95,2.9195,-0.0204,-0.2326,4.9814,114,-0.0084,0.2242,0.4888,0.3565,0.4888,0.3565,0.4888,0.3565,0.0
11.0,2.9363,-0.024,-0.2374,4.9733,114,0.0014,0.2387,0.4873,0.368,0.4873,0.368,0.4873,0.368,0.0
11.05,2.9474,-0.0267,-0.2377,4.9682,114,0.009,0.2467,0.4858,0.3784,0.4858,0.3784,0.4858,0.3784,0.0
11.1,2.9585,-0.0296,-0.2348,4.9633,114,0.2001,0.4349,0.485,0.3836,0.485,0.3836,0.485,0.3836,0.0
11.15,2.9744,-0.0339,-0.228,4.9565,114,0.2834,0.5114,0.454,0.5092,0.454,0.5092,0.454,0.5092,0.0
11.2,2.9836,-0.0369,-0.2177,4.9529,114,0.2969,0.5146,0.4371,0.5512,0.4371,0.5512,0.4371,0.5512,0.0
11.25,2.9976,-0.0413,-0.1995,4.9475,114,0.3109,0.5104,0.4268,0.5527,0.4268,0.5527,0.4268,0.5527,0.0
11.3,3.0069,-0.0445,-0.1837,4.944,114,0.3335,0.5172,0.4181,0.5491,0.4181,0.5491,0.4181,0.5491,0.0
11.35,3.0209,-0.049,-0.1577,4.9387,114,0.397,0.5546,0.4061,0.5526,0.4061,0.5526,0.4061,0.5526,0.0
11.4,3.0302,-0.052,-0.1382,4.9351,106,0.4203,0.5586,0.3824,0.5718,0.3824,0.5718,0.3824,0.5718,0.0
11.45,3.044,-0.0562,-0.1079,4.9297,106,0.4663,0.5742,0.3719,0.5737,0.3719,0.5737,0.3719,0.5737,0.0
11.5,3.0532,-0.0589,-0.087,4.9259,106,0.4892,0.5762,0.3574,0.5816,0.3574,0.5816,0.3574,0.5816,0.0
11.55,3.0624,-0.0613,-0.066,4.9221,106,0.5045,0.5705,0.351,0.5826,0.351,0.5826,0.351,0.5826,0.0
11.6,3.0751,-0.0649,-0.0286,4.917,106,0.5274,0.5561,0.3492,0.5722,0.3492,0.5722,0.3492,0.5722,0.0
11.65,3.0834,-0.067,-0.0044,4.9135,106,0.5425,0.5469,0.3429,0.5712,0.3492,0.5722,0.3492,0.5722,0.0
11.7,3.0959,-0.0698,0.0315,4.9079,106,0.556,0.5245,0.3445,0.56,0.3445,0.56,0.3445,0.56,0.0
11.75,3.1042,-0.0714,0.055,4.904,106,0.5922,0.5372,0.3448,0.5547,0.3445,0.56,0.3445,0.56,0.0
11.8,3.1161,-0.0737,0.0939,4.8984,106,0.6123,0.5184,0.3375,0.5539,0.3375,0.5539,0.3375,0.5539,0.0
11.85,3.1241,-0.0749,0.12,4.8945,106,0.6257,0.5057,0.3357,0.5506,0.3375,0.5539,0.3375,0.5539,0.0
11.9,3.1357,-0.0767,0.1616,4.8887,106,0.6457,0.4842,0.3407,0.5355,0.3407,0.5355,0.3407,0.5355,0.0
11.95,3.1436,-0.0776,0.1894,4.8847,106,0.6591,0.4697,0.3395,0.5312,0.3407,0.5355,0.3407,0.5355,0.0
12.0,3.1553,-0.0786,0.2311,4.8782,106,0.6882,0.4571,0.3442,0.5149,0.3442,0.5149,0.3442,0.5149,0.0
12.05,3.1632,-0.079,0.2589,4.8737,106,0.7001,0.4412,0.3401,0.5157,0.3442,0.5149,0.3442,0.5149,0.0
12.1,3.175,-0.0791,0.3001,4.8666,106,0.6936,0.3935,0.3488,0.4982,0.3488,0.4982,0.3488,0.4982,0.0
12.15,3.1829,-0.0789,0.3275,4.8616,106,0.7052,0.3777,0.358,0.4774,0.358,0.4774,0.358,0.4774,0.0
12.2,3.1948,-0.0781,0.3686,4.8538,106,0.7224,0.3538,0.3705,0.4584,0.358,0.4774,0.358,0.4774,0.0
12.25,3.2026,-0.0774,0.396,4.8485,106,0.7339,0.3379,0.3742,0.4518,0.3742,0.4518,0.3742,0.4518,0.0
12.3,3.2145,-0.0757,0.4359,4.8399,106,0.7421,0.3062,0.3825,0.4321,0.3825,0.4321,0.3825,0.4321,0.0
12.35,3.2224,-0.0743,0.4623,4.834,106,0.7463,0.284,0.3919,0.4193,0.3919,0.4193,0.3919,0.4193,0.0
12.4,3.2344,-0.0716,0.5007,4.8247,106,0.7446,0.244,0.4044,0.3937,0.4044,0.3937,0.4044,0.3937,0.0
12.45,3.2423,-0.0695,0.5261,4.8183,104,0.7485,0.2224,0.4139,0.3725,0.4139,0.3725,0.4139,0.3725,0.0
12.5,3.2541,-0.0658,0.5631,4.8082,104,0.754,0.1909,0.4257,0.3444,0.4139,0.3725,0.4139,0.3725,0.0
12.55,3.2619,-0.0631,0.5876,4.8014,104,0.7562,0.1686,0.4325,0.3274,0.4325,0.3274,0.4325,0.3274,0.0
12.6,3.2738,-0.0584,0.6221,4.7905,104,0.7609,0.1387,0.4432,0.2951,0.4325,0.3274,0.4325,0.3274,0.0
12.65,3.2816,-0.0548,0.644,4.7829,104,0.7637,0.1197,0.448,0.2769,0.4432,0.2951,0.4432,0.2951,0.0
12.7,3.2934,-0.0491,0.6765,4.7713,104,0.7678,0.0912,0.459,0.2424,0.459,0.2424,0.459,0.2424,0.0
12.75,3.3012,-0.045,0.6979,4.7634,104,0.7703,0.0724,0.5,0.0,0.5,0.0,0.5,0.0,0.0
12.8,3.313,-0.0385,0.7289,4.7511,104,0.7739,0.045,0.5,0.0,0.5,0.0,0.5,0.0,0.0
12.85,3.3208,-0.0338,0.7493,4.7427,104,0.7762,0.0269,0.5,0.0,0.5,0.0,0.5,0.0,0.0
12.9,3.3326,-0.026,0.7763,4.7293,104,0.775,-0.0013,0.5,0.0,0.5,0.0,0.5,0.0,0.0
12.95,3.3405,-0.0205,0.7936,4.7203,104,0.7765,-0.0171,0.5,0.0,0.5,0.0,0.5,0.0,0.0
13.0,3.3483,-0.0144,0.8091,4.7108,104,0.812,0.003,0.5,0.0,0.5,0.0,0.5,0.0,0.0
13.05,3.3561,-0.0083,0.8237,4.7012,104,0.812,-0.0116,0.5,0.0,0.5,0.0,0.5,0.0,0.0
13.1,3.36,-0.0051,0.8309,4.6963,104,0.8134,-0.0175,0.5,0.0,0.5,0.0,0.5,0.0,0.0
13.15,3.3677,0.0017,0.8435,4.6863,104,0.8149,-0.0286,0.5,0.0,0.5,0.0,0.5,0.0,0.0
13.2,3.3791,0.0121,0.8611,4.6712,104,0.8157,-0.0454,0.5,0.0,0.5,0.0,0.5,0.0,0.0
13.25,3.3874,0.0207,0.868,4.6594,104,0.8162,-0.0518,0.5,0.0,0.5,0.0,0.5,0.0,0.0
13.3,3.3996,0.034,0.8765,4.6414,104,0.8161,-0.0605,0.5,0.0,0.5,0.0,0.5,0.0,0.0
13.35,3.4073,0.0432,0.8767,4.6295,104,0.8406,-0.0361,0.5,0.0,0.5,0.0,0.5,0.0,0.0
13.4,3.4188,0.057,0.8767,4.6115,104,0.8402,-0.0366,0.5,0.0,0.5,0.0,0.5,0.0,0.0
13.45,3.4264,0.0662,0.8766,4.5996,104,0.8395,-0.0371,0.5,0.0,0.5,0.0,0.5,0.0,0.0
13.5,3.4378,0.0799,0.8764,4.5818,99,0.8633,-0.0131,0.5,0.0,0.5,0.0,0.5,0.0,0.0
13.55,3.4454,0.089,0.8767,4.5699,99,0.8631,-0.0136,0.5,0.0,0.5,0.0,0.5,0.0,0.0
13.6,3.4568,0.1027,0.8771,4.5522,99,0.863,-0.0141,0.5,0.0,0.5,0.0,0.5,0.0,0.0
13.65,3.4644,0.1117,0.8781,4.5404,99,0.8862,0.0081,0.5,0.0,0.5,0.0,0.5,0.0,0.0
13.7,3.4757,0.1252,0.8795,4.5229,99,0.8863,0.0068,0.5,0.0,0.5,0.0,0.5,0.0,0.0
13.75,3.4832,0.134,0.8815,4.5113,99,0.8867,0.0051,0.5,0.0,0.5,0.0,0.5,0.0,0.0
13.8,3.4945,0.1473,0.8845,4.4939,99,0.9091,0.0246,0.5,0.0,0.5,0.0,0.5,0.0,0.0
13.85,3.5019,0.1561,0.8866,4.4824,99,0.9098,0.0231,0.5,0.0,0.5,0.0,0.5,0.0,0.0
13.9,3.5131,0.1694,0.8899,4.4651,99,0.9102,0.0203,0.5,0.0,0.5,0.0,0.5,0.0,0.0
13.95,3.5205,0.1783,0.8919,4.4535,99,0.9108,0.0189,0.5,0.0,0.5,0.0,0.5,0.0,0.0
14.0,3.5316,0.1917,0.895,4.4362,99,0.9326,0.0376,0.5,0.0,0.5,0.0,0.5,0.0,0.0
14.05,3.5389,0.2006,0.897,4.4246,99,0.9335,0.0365,0.5,0.0,0.5,0.0,0.5,0.0,0.0
14.1,3.5499,0.2141,0.9,4.4073,99,0.9341,0.0341,0.5,0.0,0.5,0.0,0.5,0.0,0.0
14.15,3.5573,0.2231,0.9019,4.3957,99,0.935,0.0331,0.5,0.0,0.5,0.0,0.5,0.0,0.0
14.2,3.5682,0.2366,0.9047,4.3783,99,0.8441,-0.0606,0.5,0.0,0.5,0.0,0.5,0.0,0.0
14.25,3.5735,0.2433,0.9048,4.3698,99,0.842,-0.0628,0.5,0.0,0.5,0.0,0.5,0.0,0.0
14.3,3.5812,0.2531,0.9049,4.3573,99,0.8407,-0.0642,0.5,0.0,0.5,0.0,0.5,0.0,0.0
14.35,3.5883,0.2619,0.9063,4.346,99,0.8372,-0.0691,0.5,0.0,0.5,0.0,0.5,0.0,0.0
14.4,3.5992,0.2755,0.909,4.3286,99,0.8354,-0.0736,0.5,0.0,0.5,0.0,0.5,0.0,0.0
14.45,3.6045,0.2823,0.9091,4.3201,99,0.8354,-0.0738,0.5,0.0,0.5,0.0,0.5,0.0,0.0
14.5,3.6096,0.2889,0.9092,4.3117,99,0.8325,-0.0767,0.5,0.0,0.5,0.0,0.5,0.0,0.0
14.55,3.6193,0.3011,0.9106,4.2961,93,0.8035,-0.1071,0.5,0.0,0.5,0.0,0.5,0.0,0.0
14.6,3.6265,0.3102,0.9124,4.2845,93,0.719,-0.1934,0.4971,-0.2535,0.4971,-0.2535,0.4971,-0.2535,0.0
14.65,3.6374,0.324,0.914,4.2669,93,0.7137,-0.2003,0.4907,-0.3406,0.4907,-0.3406,0.4907,-0.3406,0.0
14.7,3.6447,0.3333,0.9148,4.2552,93,0.7048,-0.21,0.49,-0.3467,0.49,-0.3467,0.49,-0.3467,0.0
14.75,3.6555,0.3474,0.9152,4.2374,93,0.6982,-0.217,0.489,-0.355,0.489,-0.355,0.489,-0.355,0.0
14.8,3.6628,0.3568,0.9153,4.2255,93,0.6873,-0.228,0.4883,-0.3608,0.4883,-0.3608,0.4883,-0.3608,0.0
14.85,3.6736,0.3709,0.9157,4.2077,93,0.6794,-0.2363,0.4871,-0.3699,0.4871,-0.3699,0.4871,-0.3699,0.0
14.901,3.6809,0.3803,0.916,4.1959,93,0.72,-0.196,0.4861,-0.3766,0.4861,-0.3766,0.4861,-0.3766,0.0
14.95,3.6883,0.3902,0.9141,4.1834,93,0.7146,-0.1995,0.4904,-0.3429,0.4904,-0.3429,0.4904,-0.3429,0.0
15.0,3.7,0.4062,0.9069,4.1637,93,0.7045,-0.2024,0.4897,-0.3439,0.4897,-0.3439,0.4897,-0.3439,0.0
15.05,3.7075,0.4167,0.8997,4.1507,93,0.6967,-0.203,0.4881,-0.3464,0.4881,-0.3464,0.4881,-0.3464,0.0
15.1,3.7185,0.4323,0.8847,4.1317,93,0.6836,-0.2011,0.4865,-0.3446,0.4865,-0.3446,0.4865,-0.3446,0.0
15.15,3.7258,0.4427,0.8723,4.119,93,0.9032,0.0309,0.4842,-0.3473,0.4842,-0.3473,0.4842,-0.3473,0.0
15.2,3.7368,0.4583,0.8496,4.0998,93,0.9021,0.0525,0.5,0.0,0.5,0.0,0.5,0.0,0.0
15.25,3.7443,0.4686,0.8341,4.0871,93,0.9014,0.0673,0.5,0.0,0.5,0.0,0.5,0.0,0.0
15.3,3.7557,0.4838,0.8102,4.0681,93,0.9007,0.0905,0.5,0.0,0.5,0.0,0.5,0.0,0.0
15.35,3.7636,0.4938,0.7944,4.0555,93,0.9004,0.106,0.498,0.2331,0.498,0.2331,0.498,0.2331,0.0
15.4,3.776,0.5086,0.7727,4.0362,93,0.892,0.1193,0.4968,0.2609,0.4968,0.2609,0.4968,0.2609,0.0
15.45,3.7844,0.5184,0.7586,4.0233,93,0.8922,0.1337,0.4964,0.2675,0.4964,0.2675,0.4964,0.2675,0.0
15.501,3.7975,0.5328,0.7377,4.004,93,0.9085,0.1708,0.4951,0.2905,0.4951,0.2905,0.4951,0.2905,0.0
15.55,3.806,0.5417,0.7253,3.9918,88,0.9095,0.1842,0.4927,0.3201,0.4927,0.3201,0.4927,0.3201,0.0
15.6,3.8139,0.55,0.7133,3.9804,88,0.9064,0.1931,0.491,0.3378,0.491,0.3378,0.491,0.3378,0.0
15.65,3.8257,0.5617,0.6984,3.964,88,0.9076,0.2092,0.3212,0.3457,0.3212,0.3457,0.3212,0.3457,0.0
15.7,3.8332,0.5684,0.6934,3.9542,88,0.9101,0.2167,0.3204,0.3564,0.3204,0.3564,0.3204,0.3564,0.0
15.75,3.8445,0.5782,0.6892,3.9396,88,0.912,0.2228,0.3197,0.3647,0.3197,0.3647,0.3197,0.3647,0.0
15.8,3.8523,0.5844,0.6913,3.9301,88,0.9027,0.2115,0.3197,0.3648,0.3197,0.3648,0.3197,0.3648,0.0
15.85,3.8639,0.5934,0.6972,3.916,88,0.905,0.2078,0.489,0.3553,0.489,0.3553,0.489,0.3553,0.0
15.901,3.8718,0.5992,0.7062,3.9067,88,0.8573,0.1512,0.4897,0.3493,0.4897,0.3493,0.4897,0.3493,0.0
15.95,3.8835,0.6076,0.7218,3.893,88,0.8633,0.1415,0.4932,0.2966,0.4932,0.2966,0.4932,0.2966,0.0
16.0,3.8913,0.6131,0.736,3.8841,88,0.8732,0.1372,0.4895,0.2841,0.4895,0.2841,0.4895,0.2841,0.0
16.05,3.8992,0.6187,0.7506,3.8749,88,0.8803,0.1298,0.4872,0.2792,0.4872,0.2792,0.4872,0.2792,0.0
16.1,3.91,0.6254,0.7833,3.8632,88,0.9993,0.216,0.4833,0.2555,0.4872,0.2792,0.4872,0.2792,0.0
16.15,3.9171,0.6298,0.8069,3.8555,88,1.008,0.2011,0.4615,0.35,0.4615,0.35,0.4615,0.35,0.0
16.2,3.9282,0.6368,0.8494,3.8434,88,1.0217,0.1724,0.4571,0.3227,0.4571,0.3227,0.4571,0.3227,0.0
16.25,3.9354,0.6414,0.8801,3.8355,88,1.0314,0.1514,0.4518,0.3069,0.4518,0.3069,0.4518,0.3069,0.0
16.3,3.9467,0.6509,0.9162,3.8213,88,1.0449,0.1287,0.452,0.276,0.452,0.276,0.452,0.276,0.0
16.35,3.954,0.6574,0.9397,3.8117,88,1.0533,0.1136,0.4525,0.2649,0.4525,0.2649,0.4525,0.2649,0.0
16.4,3.9644,0.6685,0.9645,3.7967,88,1.0642,0.0997,0.4601,0.2411,0.4525,0.2649,0.4525,0.2649,0.0
16.45,3.9711,0.676,0.9806,3.7867,88,1.1069,0.1263,0.4666,0.2344,0.4666,0.2344,0.4666,0.2344,0.0
16.5,3.9809,0.6878,1.0018,3.7714,88,1.0803,0.0785,0.4702,0.2593,0.4702,0.2593,0.4702,0.2593,0.0
16.55,3.9872,0.6957,1.0154,3.7613,88,1.0853,0.0699,0.5,0.0,0.5,0.0,0.5,0.0,0.0
16.6,3.9964,0.7073,1.0379,3.7465,85,1.0928,0.0549,0.5,0.0,0.5,0.0,0.5,0.0,0.0
16.65,4.0023,0.715,1.0523,3.7368,85,1.0978,0.0454,0.5,0.0,0.5,0.0,0.5,0.0,0.0
16.7,4.0112,0.727,1.0732,3.722,85,1.138,0.0648,0.5,0.0,0.5,0.0,0.5,0.0,0.0
16.75,4.0169,0.735,1.0868,3.712,85,1.143,0.0563,0.5,0.0,0.5,0.0,0.5,0.0,0.0
16.8,4.0254,0.7475,1.106,3.6969,85,1.1502,0.0442,0.5,0.0,0.5,0.0,0.5,0.0,0.0
16.85,4.0309,0.756,1.1186,3.6869,85,1.1548,0.0362,0.5,0.0,0.5,0.0,0.5,0.0,0.0
16.9,4.0388,0.7688,1.1372,3.6718,85,1.1611,0.0239,0.5,0.0,0.5,0.0,0.5,0.0,0.0
16.95,4.0439,0.7775,1.1493,3.6618,85,1.1649,0.0156,0.5,0.0,0.5,0.0,0.5,0.0,0.0
17.0,4.052,0.793,1.1613,3.6444,85,1.0658,-0.0956,0.5,0.0,0.5,0.0,0.5,0.0,0.0
17.05,4.0573,0.8036,1.1686,3.6327,85,1.0647,-0.1039,0.4975,-0.244,0.4975,-0.244,0.4975,-0.244,0.0
17.1,4.0644,0.8199,1.171,3.6153,85,1.0611,-0.1099,0.4972,-0.2517,0.4975,-0.244,0.4975,-0.244,0.0
17.15,4.0691,0.8308,1.1725,3.6036,85,1.0192,-0.1533,0.4969,-0.2576,0.4969,-0.2576,0.4969,-0.2576,0.0
17.2,4.0761,0.8472,1.1728,3.5862,85,1.0126,-0.1602,0.4941,-0.3035,0.4969,-0.2576,0.4969,-0.2576,0.0
17.25,4.0807,0.8581,1.1731,3.5746,85,1.0078,-0.1653,0.4936,-0.3102,0.4936,-0.3102,0.4936,-0.3102,0.0
17.3,4.0876,0.8745,1.1736,3.5573,85,0.968,-0.2056,0.4932,-0.3152,0.4932,-0.3152,0.4932,-0.3152,0.0
17.35,4.0922,0.8854,1.1739,3.5457,85,0.9622,-0.2118,0.4895,-0.3513,0.4932,-0.3152,0.4932,-0.3152,0.0
17.401,4.0991,0.9017,1.1751,3.5284,85,0.9528,-0.2223,0.4887,-0.3571,0.4895,-0.3513,0.4895,-0.3513,0.0
17.45,4.1037,0.9125,1.1759,3.5169,85,0.9462,-0.2298,0.4877,-0.3655,0.4877,-0.3655,0.4877,-0.3655,0.0
17.5,4.111,0.9311,1.1699,3.4976,85,0.9085,-0.2614,0.487,-0.3682,0.4877,-0.3655,0.4877,-0.3655,0.0
17.55,4.1159,0.9436,1.1656,3.4846,85,0.899,-0.2666,0.482,-0.3944,0.482,-0.3944,0.482,-0.3944,0.0
17.6,4.1205,0.9559,1.1562,3.4719,85,0.8829,-0.2733,0.4794,-0.3929,0.482,-0.3944,0.482,-0.3944,0.0
17.65,4.1274,0.9742,1.1419,3.4529,78,0.8487,-0.2932,0.4762,-0.3978,0.4794,-0.3929,0.4794,-0.3929,0.0
17.7,4.1319,0.9865,1.1286,3.4404,78,0.8727,-0.2559,0.4695,-0.4098,0.4762,-0.3978,0.4762,-0.3978,0.0
17.75,4.139,1.0048,1.1085,3.4214,78,0.8621,-0.2464,0.4724,-0.3815,0.4724,-0.3815,0.4724,-0.3815,0.0
17.8,4.1436,1.0166,1.093,3.4091,78,0.8456,-0.2474,0.4706,-0.3722,0.4724,-0.3815,0.4724,-0.3815,0.0
17.85,4.1508,1.0343,1.0697,3.3906,78,0.8219,-0.2478,0.4679,-0.373,0.4706,-0.3722,0.4706,-0.3722,0.0
17.9,4.1558,1.0459,1.0536,3.3782,78,0.8059,-0.2477,0.4655,-0.3729,0.4679,-0.373,0.4679,-0.373,0.0
17.95,4.1636,1.0631,1.0293,3.3597,78,0.795,-0.2343,0.464,-0.3727,0.464,-0.3727,0.464,-0.3727,0.0
18.0,4.1691,1.0746,1.0135,3.3472,78,0.7704,-0.2431,0.4655,-0.3621,0.464,-0.3727,0.464,-0.3727,0.0
18.05,4.1777,1.0916,0.9898,3.3284,78,0.7608,-0.229,0.4629,-0.3693,0.4655,-0.3621,0.4655,-0.3621,0.0
18.1,4.1835,1.1027,0.9734,3.316,78,0.7461,-0.2273,0.4658,-0.3572,0.4629,-0.3693,0.4629,-0.3693,0.0
18.15,4.1895,1.1138,0.957,3.3035,78,0.7461,-0.2108,0.4658,-0.3572,0.4658,-0.3572,0.4658,-0.3572,0.0
18.2,4.199,1.1302,0.933,3.2846,78,0.7362,-0.1968,0.4659,-0.3557,0.4659,-0.3557,0.4659,-0.3557,0.0
18.25,4.2057,1.1411,0.918,3.2719,78,0.7213,-0.1967,0.4678,-0.3436,0.4678,-0.3436,0.4678,-0.3436,0.0
18.3,4.216,1.1573,0.8952,3.2527,78,0.7112,-0.184,0.4689,-0.3436,0.4689,-0.3436,0.4689,-0.3436,0.0
18.35,4.223,1.1679,0.8799,3.24,78,0.6958,-0.1841,0.4714,-0.3322,0.4714,-0.3322,0.4714,-0.3322,0.0
18.4,4.234,1.1837,0.8573,3.2208,78,0.6928,-0.1645,0.4715,-0.3324,0.4715,-0.3324,0.4715,-0.3324,0.0
18.45,4.2415,1.1941,0.8424,3.208,78,0.6994,-0.143,0.4752,-0.3141,0.4752,-0.3141,0.4752,-0.3141,0.0
18.5,4.2531,1.2095,0.8203,3.1887,78,0.6915,-0.1288,0.4787,-0.2929,0.4787,-0.2929,0.4787,-0.2929,0.0
18.55,4.261,1.2196,0.8056,3.1759,78,0.6796,-0.126,0.4809,-0.2779,0.4809,-0.2779,0.4809,-0.2779,0.0
18.6,4.2732,1.2346,0.784,3.1566,78,0.679,-0.105,0.4809,-0.2749,0.4809,-0.2749,0.4809,-0.2749,0.0
18.65,4.2816,1.2444,0.7699,3.1437,73,0.6694,-0.1006,0.4844,-0.251,0.4844,-0.251,0.4844,-0.251,0.0
18.7,4.2945,1.259,0.7493,3.1243,73,0.663,-0.0862,0.4852,-0.2456,0.4852,-0.2456,0.4852,-0.2456,0.0
18.75,4.3033,1.2686,0.7358,3.1113,73,0.6538,-0.082,0.5,0.0,0.5,0.0,0.5,0.0,0.0
18.8,4.3169,1.2828,0.7162,3.0919,73,0.6477,-0.0685,0.5,0.0,0.5,0.0,0.5,0.0,0.0
18.85,4.3262,1.2921,0.7035,3.0789,73,0.555,-0.1485,0.5,0.0,0.4667,0.0,0.4667,0.0,0.0
18.9,4.3405,1.306,0.6854,3.0593,73,0.5469,-0.1385,0.4806,-0.2985,0.4806,-0.2985,0.4806,-0.2985,0.0
18.95,4.3503,1.3151,0.6745,3.0461,73,0.5347,-0.1398,0.4826,-0.2883,0.4826,-0.2883,0.4826,-0.2883,0.0
19.0,4.3653,1.3285,0.6592,3.0265,73,0.5264,-0.1328,0.4831,-0.2897,0.4831,-0.2897,0.4831,-0.2897,0.0
19.05,4.3755,1.3372,0.6498,3.0134,73,0.3796,-0.2701,0.485,-0.2823,0.485,-0.2823,0.485,-0.2823,0.0
19.1,4.3895,1.3489,0.6393,2.9958,73,0.3686,-0.2707,0.4642,-0.4026,0.4642,-0.4026,0.4642,-0.4026,0.0
19.15,4.3984,1.3561,0.6333,2.9847,73,0.318,-0.3153,0.467,-0.403,0.467,-0.403,0.467,-0.403,0.0
19.2,4.412,1.3662,0.6311,2.9685,73,0.3071,-0.324,0.4601,-0.4349,0.4601,-0.4349,0.4601,-0.4349,0.0
19.25,4.4212,1.3728,0.6322,2.9578,73,0.2446,-0.3876,0.4619,-0.4409,0.4619,-0.4409,0.4619,-0.4409,0.0
19.3,4.4363,1.3843,0.6282,2.9398,73,0.2339,-0.3943,0.4535,-0.4822,0.4535,-0.4822,0.4535,-0.4822,0.0
19.35,4.4468,1.3925,0.6222,2.927,73,0.2136,-0.4087,0.4548,-0.4864,0.4548,-0.4864,0.4548,-0.4864,0.0
19.4,4.4627,1.4051,0.608,2.9075,73,0.1976,-0.4104,0.4521,-0.4952,0.4521,-0.4952,0.4521,-0.4952,0.0
19.45,4.4732,1.4136,0.5956,2.8945,73,0.1373,-0.4583,0.4488,-0.4962,0.4488,-0.4962,0.4488,-0.4962,0.0
19.501,4.4883,1.4259,0.572,2.8757,73,0.1192,-0.4529,0.4346,-0.5244,0.4346,-0.5244,0.4346,-0.5244,0.0
19.55,4.4981,1.4338,0.5544,2.8636,73,0.0906,-0.4638,0.427,-0.5213,0.427,-0.5213,0.427,-0.5213,0.0
19.6,4.5079,1.4415,0.5358,2.8517,73,0.0506,-0.4853,0.4184,-0.5275,0.4184,-0.5275,0.4184,-0.5275,0.0
19.65,4.5226,1.4526,0.5073,2.8342,73,0.023,-0.4843,0.406,-0.5342,0.406,-0.5342,0.406,-0.5342,0.0
19.7,4.5324,1.4598,0.4876,2.8228,67,-0.0053,-0.4929,0.3984,-0.539,0.3984,-0.539,0.3984,-0.539,0.0
19.75,4.5471,1.4701,0.4567,2.8059,67,-0.0247,-0.4814,0.3926,-0.5381,0.3926,-0.5381,0.3926,-0.5381,0.0
19.8,4.5571,1.4767,0.4363,2.7947,67,-0.0447,-0.4809,0.3898,-0.5374,0.3898,-0.5374,0.3898,-0.5374,0.0
19.85,4.5724,1.4863,0.4061,2.7782,67,-0.0799,-0.4859,0.3909,-0.5315,0.3909,-0.5315,0.3909,-0.5315,0.0
19.9,4.5827,1.4924,0.3853,2.7673,67,-0.0964,-0.4817,0.385,-0.54,0.385,-0.54,0.385,-0.54,0.0
19.95,4.5981,1.5012,0.353,2.7514,67,-0.0879,-0.441,0.3883,-0.5316,0.0,0.0,0.0,0.0,0.0
20.0,4.6085,1.5068,0.3308,2.741,67,-0.1043,-0.4351,0.3963,-0.5144,0.0,0.0,0.0,0.0,0.0
20.05,4.624,1.5148,0.2965,2.7257,67,-0.1293,-0.4257,0.3997,-0.5042,0.0,0.0,0.0,0.0,0.0
20.1,4.6344,1.5199,0.2731,2.7157,67,-0.1463,-0.4194,0.3962,-0.5054,0.0,0.0,0.0,0.0,0.0
20.15,4.6502,1.527,0.2374,2.701,67,-0.1616,-0.399,0.4005,-0.4944,0.4005,-0.4944,0.4005,-0.4944,0.0
20.2,4.6608,1.5314,0.2136,2.6915,67,-0.1769,-0.3906,0.4041,-0.4819,0.4041,-0.4819,0.4041,-0.4819,0.0
20.25,4.677,1.5376,0.178,2.6775,67,-0.2003,-0.3783,0.4041,-0.4767,0.0,0.0,0.0,0.0,0.0
20.301,4.6866,1.5411,0.155,2.6692,67,-0.224,-0.379,0.4047,-0.4764,0.0,0.0,0.0,0.0,0.0
20.35,4.6945,1.544,0.1337,2.6625,67,-0.2156,-0.3492,0.4058,-0.47,0.4058,-0.47,0.0,0.0,0.0
20.4,4.7049,1.5476,0.1055,2.6538,67,-0.2316,-0.3371,0.4134,-0.4446,0.4134,-0.4446,0.4134,-0.4446,0.0
20.45,4.7097,1.5494,0.09,2.6498,67,-0.2392,-0.3292,0.4138,-0.4445,0.4138,-0.4445,0.4138,-0.4445,0.0
20.5,4.718,1.5519,0.0676,2.6432,67,-0.2461,-0.3137,0.4145,-0.4395,0.4145,-0.4395,0.4145,-0.4395,0.0
20.55,4.7261,1.5539,0.0486,2.6371,67,-0.2595,-0.3081,0.4191,-0.4272,0.4191,-0.4272,0.4191,-0.4272,0.0
20.6,4.737,1.5565,0.0217,2.6291,67,-0.248,-0.2696,0.4201,-0.4234,0.4201,-0.4234,0.4201,-0.4234,0.0
20.65,4.742,1.5579,0.0061,2.6254,67,-0.259,-0.2651,0.431,-0.3963,0.431,-0.3963,0.431,-0.3963,0.0
20.7,4.7504,1.5596,-0.0161,2.6194,67,-0.2649,-0.2488,0.4301,-0.3933,0.4301,-0.3933,0.4301,-0.3933,0.0
20.75,4.7587,1.5609,-0.035,2.6139,63,-0.3032,-0.2682,0.4365,-0.3789,0.4301,-0.3933,0.4301,-0.3933,0.0
20.8,4.767,1.5621,-0.0537,2.6085,63,-0.3138,-0.2601,0.4341,-0.3941,0.4341,-0.3941,0.4341,-0.3941,0.0
20.85,4.7835,1.5638,-0.0893,2.5984,63,-0.2989,-0.2096,0.4404,-0.3767,0.4404,-0.3767,0.4404,-0.3767,0.0
20.9,4.8008,1.5648,-0.1246,2.5885,63,-0.3107,-0.1861,0.4499,-0.3445,0.4404,-0.3767,0.4404,-0.3767,0.0
20.95,4.8124,1.5652,-0.1479,2.5822,63,-0.3284,-0.1806,0.4563,-0.3236,0.0,0.0,0.0,0.0,0.0
21.0,4.824,1.5652,-0.1711,2.5762,63,-0.4304,-0.2593,0.4575,-0.3184,0.0,0.0,0.0,0.0,0.0
21.05,4.8416,1.5646,-0.2043,2.5678,63,-0.4489,-0.2445,0.4431,-0.377,0.0,0.0,0.0,0.0,0.0
21.1,4.8534,1.5639,-0.2261,2.5625,63,-0.4612,-0.2351,0.4444,-0.3744,0.0,0.0,0.0,0.0,0.0
21.15,4.8712,1.5621,-0.2577,2.5551,63,-0.4798,-0.2221,0.4505,-0.3583,0.0,0.0,0.0,0.0,0.0
21.2,4.883,1.5607,-0.2787,2.5506,63,-0.441,-0.1623,0.452,-0.3563,0.0,0.0,0.0,0.0,0.0
21.25,4.9009,1.5578,-0.3085,2.5443,63,-0.4055,-0.097,0.466,-0.2921,0.0,0.0,0.0,0.0,0.0
21.3,4.9129,1.5555,-0.3279,2.5405,63,-0.4135,-0.0856,0.4772,-0.2289,0.0,0.0,0.0,0.0,0.0
21.35,4.9265,1.553,-0.3541,2.5362,63,-0.3773,-0.0232,0.5,0.0,0.0,0.0,0.0,0.0,0.0
21.4,4.9353,1.5513,-0.3734,2.5334,63,-0.382,-0.0086,0.5,0.0,0.0,0.0,0.0,0.0,0.0
21.45,4.9439,1.5495,-0.391,2.531,63,-0.3873,0.0037,0.5,0.0,0.0,0.0,0.0,0.0,0.0
21.5,4.9495,1.5482,-0.4028,2.5295,63,-0.3899,0.0129,0.5,0.0,0.0,0.0,0.0,0.0,0.0
21.55,4.9532,1.5473,-0.4105,2.5285,63,-0.3925,0.018,0.5,0.0,0.0,0.0,0.0,0.0,0.0
21.6,4.9556,1.5466,-0.4146,2.528,63,-0.3521,0.0625,0.5,0.0,0.0,0.0,0.0,0.0,0.0
21.65,4.9547,1.5472,-0.4166,2.5279,63,-0.3528,0.0638,0.5,0.0,0.0,0.0,0.0,0.0,0.0
21.7,4.954,1.5476,-0.4177,2.5279,63,-0.3531,0.0645,0.5,0.0,0.0,0.0,0.0,0.0,0.0
21.75,4.9486,1.5501,-0.4194,2.5282,63,-0.3953,0.0241,0.5,0.0,0.0,0.0,0.0,0.0,0.0
21.8,4.945,1.5518,-0.4205,2.5284,59,-0.3551,0.0654,0.5,0.0,0.0,0.0,0.0,0.0,0.0
21.85,4.9354,1.5564,-0.4223,2.529,59,-0.3969,0.0254,0.5,0.0,0.0,0.0,0.0,0.0,0.0
21.9,4.9289,1.5594,-0.4233,2.5294,59,-0.3976,0.0257,0.5,0.0,0.0,0.0,0.0,0.0,0.0
21.95,4.916,1.5653,-0.4247,2.5304,59,-0.3988,0.0259,0.5,0.0,0.0,0.0,0.0,0.0,0.0
22.0,4.9074,1.5693,-0.4256,2.5311,59,-0.3996,0.026,0.5,0.0,0.0,0.0,0.0,0.0,0.0
22.05,4.8974,1.5739,-0.4266,2.532,59,-0.4005,0.0261,0.5,0.0,0.0,0.0,0.0,0.0,0.0
22.1,4.8908,1.5769,-0.4273,2.5326,59,-0.4011,0.0261,0.5,0.0,0.0,0.0,0.0,0.0,0.0
22.15,4.8839,1.5801,-0.428,2.5333,59,-0.4017,0.0263,0.5,0.0,0.0,0.0,0.0,0.0,0.0
22.2,4.8794,1.5822,-0.4284,2.5337,59,-0.4021,0.0263,0.5,0.0,0.0,0.0,0.0,0.0,0.0
22.25,4.8758,1.5838,-0.429,2.534,59,-0.4024,0.0266,0.5,0.0,0.0,0.0,0.0,0.0,0.0
22.3,4.8736,1.5849,-0.4293,2.5342,59,-0.4027,0.0267,0.5,0.0,0.0,0.0,0.0,0.0,0.0
22.35,4.8729,1.5852,-0.4295,2.5343,59,-0.4027,0.0268,0.5,0.0,0.0,0.0,0.0,0.0,0.0
22.4,4.8725,1.5854,-0.4296,2.5344,59,-0.4028,0.0268,0.5,0.0,0.0,0.0,0.0,0.0,0.0
22.45,4.8725,1.5854,-0.4296,2.5344,59,-0.4028,0.0268,0.5,0.0,0.0,0.0,0.0,0.0,0.0
22.5,4.8725,1.5854,-0.4296,2.5344,59,-0.4028,0.0268,0.5,0.0,0.0,0.0,0.0,0.0,0.0
22.55,4.8725,1.5854,-0.4296,2.5344,59,-0.4028,0.0268,0.5,0.0,0.0,0.0,0.0,0.0,0.0
22.6,4.8725,1.5854,-0.4296,2.5344,59,-0.4028,0.0268,0.5,0.0,0.0,0.0,0.0,0.0,0.0
22.65,4.8725,1.5854,-0.4296,2.5344,59,-0.4028,0.0268,0.5,0.0,0.0,0.0,0.0,0.0,0.0
22.7,4.8725,1.5854,-0.4296,2.5344,59,-0.4028,0.0268,0.5,0.0,0.0,0.0,0.0,0.0,0.0
22.75,4.8725,1.5854,-0.4296,2.5344,59,-0.4028,0.0268,0.5,0.0,0.0,0.0,0.0,0.0,0.0
22.8,4.8725,1.5854,-0.4296,2.5344,59,-0.4028,0.0268,0.5,0.0,0.0,0.0,0.0,0.0,0.0
22.85,4.8725,1.5854,-0.4296,2.5344,60,-0.4456,-0.0161,0.5,0.0,0.0,0.0,0.0,0.0,0.0
22.9,4.8725,1.5854,-0.4296,2.5344,60,-0.4456,-0.0161,0.5,0.0,0.0,0.0,0.0,0.0,0.0
22.95,4.8725,1.5854,-0.4296,2.5344,60,-0.4456,-0.0161,0.5,0.0,0.0,0.0,0.0,0.0,0.0
23.0,4.8725,1.5854,-0.4296,2.5344,60,-0.4456,-0.0161,0.5,0.0,0.0,0.0,0.0,0.0,0.0
23.05,4.8725,1.5854,-0.4296,2.5344,60,-0.4456,-0.0161,0.5,0.0,0.0,0.0,0.0,0.0,0.0
23.1,4.8725,1.5854,-0.4296,2.5344,60,-0.4456,-0.0161,0.5,0.0,0.0,0.0,0.0,0.0,0.0
23.15,4.8725,1.5854,-0.4296,2.5344,60,-0.4456,-0.0161,0.5,0.0,0.0,0.0,0.0,0.0,0.0
23.2,4.8725,1.5854,-0.4296,2.5344,60,-0.4456,-0.0161,0.5,0.0,0.0,0.0,0.0,0.0,0.0
23.25,4.8725,1.5854,-0.4296,2.5344,60,-0.4456,-0.0161,0.5,0.0,0.0,0.0,0.0,0.0,0.0
23.3,4.8725,1.5854,-0.4296,2.5344,60,-0.4456,-0.0161,0.5,0.0,0.0,0.0,0.0,0.0,0.0
23.35,4.8725,1.5854,-0.4296,2.5344,60,-0.4456,-0.0161,0.5,0.0,0.0,0.0,0.0,0.0,0.0
23.4,4.8725,1.5854,-0.4296,2.5344,60,-0.4456,-0.0161,0.5,0.0,0.0,0.0,0.0,0.0,0.0
23.45,4.8725,1.5854,-0.4296,2.5344,60,-0.4456,-0.0161,0.5,0.0,0.0,0.0,0.0,0.0,0.0
23.5,4.8725,1.5854,-0.4296,2.5344,60,-0.4456,-0.0161,0.5,0.0,0.0,0.0,0.0,0.0,0.0
23.55,4.8725,1.5854,-0.4296,2.5344,60,-0.4456,-0.0161,0.5,0.0,0.0,0.0,0.0,0.0,0.0
23.6,4.8725,1.5854,-0.4296,2.5344,60,-0.4456,-0.0161,0.5,0.0,0.0,0.0,0.0,0.0,0.0
23.65,4.8725,1.5854,-0.4296,2.5344,60,-0.4456,-0.0161,0.5,0.0,0.0,0.0,0.0,0.0,0.0
23.7,4.8725,1.5854,-0.4296,2.5344,60,-0.4456,-0.0161,0.5,0.0,0.0,0.0,0.0,0.0,0.0
23.75,4.8725,1.5854,-0.4296,2.5344,60,-0.4456,-0.0161,0.5,0.0,0.0,0.0,0.0,0.0,0.0
23.8,4.8725,1.5854,-0.4296,2.5344,60,-0.4456,-0.0161,0.5,0.0,0.0,0.0,0.0,0.0,0.0
23.85,4.8725,1.5854,-0.4296,2.5344,60,-0.4456,-0.0161,0.5,0.0,0.0,0.0,0.0,0.0,0.0
23.9,4.8725,1.5854,-0.4296,2.5344,60,-0.4456,-0.0161,0.5,0.0,0.0,0.0,0.0,0.0,0.0
23.95,4.8725,1.5854,-0.4296,2.5344,60,-0.4456,-0.0161,0.5,0.0,0.0,0.0,0.0,0.0,0.0
24.0,4.8725,1.5854,-0.4296,2.5344,60,-0.4456,-0.0161,0.5,0.0,0.0,0.0,0.0,0.0,0.0
24.05,4.8725,1.5854,-0.4296,2.5344,60,-0.4456,-0.0161,0.5,0.0,0.0,0.0,0.0,0.0,0.0
24.1,4.8725,1.5854,-0.4296,2.5344,60,-0.4456,-0.0161,0.5,0.0,0.0,0.0,0.0,0.0,0.0
24.15,4.8725,1.5854,-0.4296,2.5344,60,-0.4456,-0.0161,0.5,0.0,0.0,0.0,0.0,0.0,0.0
24.2,4.8725,1.5854,-0.4296,2.5344,60,-0.4456,-0.0161,0.5,0.0,0.0,0.0,0.0,0.0,0.0
24.25,4.8725,1.5854,-0.4296,2.5344,60,-0.4456,-0.0161,0.5,0.0,0.0,0.0,0.0,0.0,0.0
24.3,4.8725,1.5854,-0.4296,2.5344,60,-0.4456,-0.0161,0.5,0.0,0.0,0.0,0.0,0.0,0.0
24.35,4.8725,1.5854,-0.4296,2.5344,60,-0.4456,-0.0161,0.5,0.0,0.0,0.0,0.0,0.0,0.0
24.4,4.8725,1.5854,-0.4296,2.5344,60,-0.4456,-0.0161,0.5,0.0,0.0,0.0,0.0,0.0,0.0
24.45,4.8725,1.5854,-0.4296,2.5344,60,-0.4456,-0.0161,0.5,0.0,0.0,0.0,0.0,0.0,0.0
24.5,4.8725,1.5854,-0.4296,2.5344,60,-0.4456,-0.0161,0.5,0.0,0.0,0.0,0.0,0.0,0.0
24.551,4.8725,1.5854,-0.4296,2.5344,60,-0.4456,-0.0161,0.5,0.0,0.0,0.0,0.0,0.0,0.0
24.6,4.8725,1.5854,-0.4296,2.5344,60,-0.4456,-0.0161,0.5,0.0,0.0,0.0,0.0,0.0,0.0
24.65,4.8725,1.5854,-0.4296,2.5344,60,-0.4456,-0.0161,0.5,0.0,0.0,0.0,0.0,0.0,0.0
24.7,4.8725,1.5854,-0.4296,2.5344,60,-0.4456,-0.0161,0.5,0.0,0.0,0.0,0.0,0.0,0.0
24.75,4.8725,1.5854,-0.4296,2.5344,60,-0.4456,-0.0161,0.5,0.0,0.0,0.0,0.0,0.0,0.0
24.8,4.8725,1.5854,-0.4296,2.5344,60,-0.4456,-0.0161,0.5,0.0,0.0,0.0,0.0,0.0,0.0
24.85,4.8725,1.5854,-0.4296,2.5344,60,-0.4456,-0.0161,0.5,0.0,0.0,0.0,0.0,0.0,0.0
24.9,4.8725,1.5854,-0.4296,2.5344,60,-0.4456,-0.0161,0.5,0.0,0.0,0.0,0.0,0.0,0.0
24.95,4.8725,1.5854,-0.4296,2.5344,60,-0.4456,-0.0161,0.5,0.0,0.0,0.0,0.0,0.0,0.0
25.0,4.8725,1.5854,-0.4296,2.5344,60,-0.4456,-0.0161,0.5,0.0,0.0,0.0,0.0,0.0,0.0
25.05,4.8725,1.5854,-0.4296,2.5344,60,-0.4456,-0.0161,0.5,0.0,0.0,0.0,0.0,0.0,0.0
25.1,4.8725,1.5854,-0.4296,2.5344,60,-0.4456,-0.0161,0.5,0.0,0.0,0.0,0.0,0.0,0.0
25.15,4.8725,1.5854,-0.4296,2.5344,60,-0.4456,-0.0161,0.5,0.0,0.0,0.0,0.0,0.0,0.0
25.2,4.8725,1.5854,-0.4296,2.5344,60,-0.4456,-0.0161,0.5,0.0,0.0,0.0,0.0,0.0,0.0
25.25,4.8725,1.5854,-0.4296,2.5344,60,-0.4456,-0.0161,0.5,0.0,0.0,0.0,0.0,0.0,0.0
25.3,4.8725,1.5854,-0.4296,2.5344,60,-0.4456,-0.0161,0.5,0.0,0.0,0.0,0.0,0.0,0.0
25.35,4.8725,1.5854,-0.4296,2.5344,60,-0.4456,-0.0161,0.5,0.0,0.0,0.0,0.0,0.0,0.0
25.4,4.8725,1.5854,-0.4296,2.5344,60,-0.4456,-0.0161,0.5,0.0,0.0,0.0,0.0,0.0,0.0
25.45,4.8725,1.5854,-0.4296,2.5344,60,-0.4456,-0.0161,0.5,0.0,0.0,0.0,0.0,0.0,0.0
25.5,4.8725,1.5854,-0.4296,2.5344,60,-0.4456,-0.0161,0.5,0.0,0.0,0.0,0.0,0.0,0.0
25.55,4.8725,1.5854,-0.4296,2.5344,60,-0.4456,-0.0161,0.5,0.0,0.0,0.0,0.0,0.0,0.0
25.6,4.8725,1.5854,-0.4296,2.5344,60,-0.4456,-0.0161,0.5,0.0,0.0,0.0,0.0,0.0,0.0
25.65,4.8725,1.5854,-0.4296,2.5344,60,-0.4456,-0.0161,0.5,0.0,0.0,0.0,0.0,0.0,0.0
25.7,4.8725,1.5854,-0.4296,2.5344,60,-0.4456,-0.0161,0.5,0.0,0.0,0.0,0.0,0.0,0.0
25.75,4.8725,1.5854,-0.4296,2.5344,60,-0.4456,-0.0161,0.5,0.0,0.0,0.0,0.0,0.0,0.0
25.8,4.8725,1.5854,-0.4296,2.5344,60,-0.4456,-0.0161,0.5,0.0,0.0,0.0,0.0,0.0,0.0
25.85,4.8725,1.5854,-0.4296,2.5344,60,-0.4456,-0.0161,0.5,0.0,0.0,0.0,0.0,0.0,0.0
25.9,4.8725,1.5854,-0.4296,2.5344,60,-0.4456,-0.0161,0.5,0.0,0.0,0.0,0.0,0.0,0.0
25.95,4.8725,1.5854,-0.4296,2.5344,60,-0.4456,-0.0161,0.5,0.0,0.0,0.0,0.0,0.0,0.0
26.0,4.8725,1.5854,-0.4296,2.5344,60,-0.4456,-0.0161,0.5,0.0,0.0,0.0,0.0,0.0,0.0
26.05,4.8725,1.5854,-0.4296,2.5344,60,-0.4456,-0.0161,0.5,0.0,0.0,0.0,0.0,0.0,0.0
26.1,4.8725,1.5854,-0.4296,2.5344,60,-0.4456,-0.0161,0.5,0.0,0.0,0.0,0.0,0.0,0.0
26.15,4.8725,1.5854,-0.4296,2.5344,60,-0.4456,-0.0161,0.5,0.0,0.0,0.0,0.0,0.0,0.0
26.2,4.8725,1.5854,-0.4296,2.5344,60,-0.4456,-0.0161,0.5,0.0,0.0,0.0,0.0,0.0,0.0
26.25,4.8725,1.5854,-0.4296,2.5344,60,-0.4456,-0.0161,0.5,0.0,0.0,0.0,0.0,0.0,0.0
26.3,4.8725,1.5854,-0.4296,2.5344,60,-0.4456,-0.0161,0.5,0.0,0.0,0.0,0.0,0.0,0.0
26.35,4.8725,1.5854,-0.4296,2.5344,60,-0.4456,-0.0161,0.5,0.0,0.0,0.0,0.0,0.0,0.0
26.4,4.8725,1.5854,-0.4296,2.5344,60,-0.4456,-0.0161,0.5,0.0,0.0,0.0,0.0,0.0,0.0
26.45,4.8725,1.5854,-0.4296,2.5344,60,-0.4456,-0.0161,0.5,0.0,0.0,0.0,0.0,0.0,0.0
26.5,4.8725,1.5854,-0.4296,2.5344,60,-0.4456,-0.0161,0.5,0.0,0.0,0.0,0.0,0.0,0.0
26.55,4.8725,1.5854,-0.4296,2.5344,60,-0.4456,-0.0161,0.5,0.0,0.0,0.0,0.0,0.0,0.0
26.6,4.8725,1.5854,-0.4296,2.5344,60,-0.4456,-0.0161,0.5,0.0,0.0,0.0,0.0,0.0,0.0
26.65,4.8725,1.5854,-0.4296,2.5344,60,-0.4456,-0.0161,0.5,0.0,0.0,0.0,0.0,0.0,0.0
26.7,4.8725,1.5854,-0.4296,2.5344,60,-0.4456,-0.0161,0.5,0.0,0.0,0.0,0.0,0.0,0.0
26.75,4.8725,1.5854,-0.4296,2.5344,60,-0.4456,-0.0161,0.5,0.0,0.0,0.0,0.0,0.0,0.0
26.8,4.8725,1.5854,-0.4296,2.5344,60,-0.4456,-0.0161,0.5,0.0,0.0,0.0,0.0,0.0,0.0
26.85,4.8725,1.5854,-0.4296,2.5344,60,-0.4456,-0.0161,0.5,0.0,0.0,0.0,0.0,0.0,0.0
26.9,4.8725,1.5854,-0.4296,2.5344,60,-0.4456,-0.0161,0.5,0.0,0.0,0.0,0.0,0.0,0.0
26.95,4.8725,1.5854,-0.4296,2.5344,60,-0.4456,-0.0161,0.5,0.0,0.0,0.0,0.0,0.0,0.0
27.0,4.8725,1.5854,-0.4296,2.5344,60,-0.4456,-0.0161,0.5,0.0,0.0,0.0,0.0,0.0,0.0
27.05,4.8725,1.5854,-0.4296,2.5344,60,-0.4456,-0.0161,0.5,0.0,0.0,0.0,0.0,0.0,0.0
27.1,4.8725,1.5854,-0.4296,2.5344,60,-0.4456,-0.0161,0.5,0.0,0.0,0.0,0.0,0.0,0.0
27.15,4.8725,1.5854,-0.4296,2.5344,60,-0.4456,-0.0161,0.5,0.0,0.0,0.0,0.0,0.0,0.0
27.2,4.8725,1.5854,-0.4296,2.5344,60,-0.4456,-0.0161,0.5,0.0,0.0,0.0,0.0,0.0,0.0
27.25,4.8725,1.5854,-0.4296,2.5344,60,-0.4456,-0.0161,0.5,0.0,0.0,0.0,0.0,0.0,0.0
27.3,4.8725,1.5854,-0.4296,2.5344,60,-0.4456,-0.0161,0.5,0.0,0.0,0.0,0.0,0.0,0.0
27.35,4.8725,1.5854,-0.4296,2.5344,60,-0.4456,-0.0161,0.5,0.0,0.0,0.0,0.0,0.0,0.0
27.4,4.8725,1.5854,-0.4296,2.5344,60,-0.4456,-0.0161,0.5,0.0,0.0,0.0,0.0,0.0,0.0
27.45,4.8725,1.5854,-0.4296,2.5344,60,-0.4456,-0.0161,0.5,0.0,0.0,0.0,0.0,0.0,0.0
27.5,4.8725,1.5854,-0.4296,2.5344,60,-0.4456,-0.0161,0.5,0.0,0.0,0.0,0.0,0.0,0.0
27.55,4.8725,1.5854,-0.4296,2.5344,60,-0.4456,-0.0161,0.5,0.0,0.0,0.0,0.0,0.0,0.0
27.6,4.8725,1.5854,-0.4296,2.5344,60,-0.4456,-0.0161,0.5,0.0,0.0,0.0,0.0,0.0,0.0
27.65,4.8725,1.5854,-0.4296,2.5344,60,-0.4456,-0.0161,0.5,0.0,0.0,0.0,0.0,0.0,0.0
27.7,4.8725,1.5854,-0.4296,2.5344,60,-0.4456,-0.0161,0.5,0.0,0.0,0.0,0.0,0.0,0.0
27.75,4.8725,1.5854,-0.4296,2.5344,60,-0.4456,-0.0161,0.5,0.0,0.0,0.0,0.0,0.0,0.0
27.8,4.8725,1.5854,-0.4296,2.5344,60,-0.4456,-0.0161,0.5,0.0,0.0,0.0,0.0,0.0,0.0
27.85,4.8725,1.5854,-0.4296,2.5344,60,-0.4456,-0.0161,0.5,0.0,0.0,0.0,0.0,0.0,0.0
27.9,4.8725,1.5854,-0.4296,2.5344,60,-0.4456,-0.0161,0.5,0.0,0.0,0.0,0.0,0.0,0.0
27.95,4.8725,1.5854,-0.4296,2.5344,60,-0.4456,-0.0161,0.5,0.0,0.0,0.0,0.0,0.0,0.0
28.0,4.8725,1.5854,-0.4296,2.5344,60,-0.4456,-0.0161,0.5,0.0,0.0,0.0,0.0,0.0,0.0
28.05,4.8725,1.5854,-0.4296,2.5344,60,-0.4456,-0.0161,0.5,0.0,0.0,0.0,0.0,0.0,0.0
28.1,4.8725,1.5854,-0.4296,2.5344,60,-0.4456,-0.0161,0.5,0.0,0.0,0.0,0.0,0.0,0.0
28.15,4.8725,1.5854,-0.4296,2.5344,60,-0.4456,-0.0161,0.5,0.0,0.0,0.0,0.0,0.0,0.0
28.2,4.8725,1.5854,-0.4296,2.5344,60,-0.4456,-0.0161,0.5,0.0,0.0,0.0,0.0,0.0,0.0
28.25,4.8725,1.5854,-0.4296,2.5344,60,-0.4456,-0.0161,0.5,0.0,0.0,0.0,0.0,0.0,0.0
28.3,4.8725,1.5854,-0.4296,2.5344,60,-0.4456,-0.0161,0.5,0.0,0.0,0.0,0.0,0.0,0.0
28.35,4.8725,1.5854,-0.4296,2.5344,60,-0.4456,-0.0161,0.5,0.0,0.0,0.0,0.0,0.0,0.0
28.4,4.8725,1.5854,-0.4296,2.5344,60,-0.4456,-0.0161,0.5,0.0,0.0,0.0,0.0,0.0,0.0
28.45,4.8725,1.5854,-0.4296,2.5344,60,-0.4456,-0.0161,0.5,0.0,0.0,0.0,0.0,0.0,0.0
28.5,4.8725,1.5854,-0.4296,2.5344,60,-0.4456,-0.0161,0.5,0.0,0.0,0.0,0.0,0.0,0.0
28.55,4.8725,1.5854,-0.4296,2.5344,60,-0.4456,-0.0161,0.5,0.0,0.0,0.0,0.0,0.0,0.0
28.6,4.8725,1.5854,-0.4296,2.5344,60,-0.4456,-0.0161,0.5,0.0,0.0,0.0,0.0,0.0,0.0
28.65,4.8725,1.5854,-0.4296,2.5344,60,-0.4456,-0.0161,0.5,0.0,0.0,0.0,0.0,0.0,0.0
28.7,4.8725,1.5854,-0.4296,2.5344,60,-0.4456,-0.0161,0.5,0.0,0.0,0.0,0.0,0.0,0.0
28.75,4.8725,1.5854,-0.4296,2.5344,60,-0.4456,-0.0161,0.5,0.0,0.0,0.0,0.0,0.0,0.0
28.8,4.8725,1.5854,-0.4296,2.5344,60,-0.4456,-0.0161,0.5,0.0,0.0,0.0,0.0,0.0,0.0
28.85,4.8725,1.5854,-0.4296,2.5344,60,-0.4456,-0.0161,0.5,0.0,0.0,0.0,0.0,0.0,0.0
28.9,4.8725,1.5854,-0.4296,2.5344,60,-0.4456,-0.0161,0.5,0.0,0.0,0.0,0.0,0.0,0.0
28.95,4.8725,1.5854,-0.4296,2.5344,60,-0.4456,-0.0161,0.5,0.0,0.0,0.0,0.0,0.0,0.0
29.0,4.8725,1.5854,-0.4296,2.5344,60,-0.4456,-0.0161,0.5,0.0,0.0,0.0,0.0,0.0,0.0
29.05,4.8725,1.5854,-0.4296,2.5344,60,-0.4456,-0.0161,0.5,0.0,0.0,0.0,0.0,0.0,0.0
29.1,4.8725,1.5854,-0.4296,2.5344,60,-0.4456,-0.0161,0.5,0.0,0.0,0.0,0.0,0.0,0.0
29.15,4.8725,1.5854,-0.4296,2.5344,60,-0.4456,-0.0161,0.5,0.0,0.0,0.0,0.0,0.0,0.0
29.2,4.8725,1.5854,-0.4296,2.5344,60,-0.4456,-0.0161,0.5,0.0,0.0,0.0,0.0,0.0,0.0
29.25,4.8725,1.5854,-0.4296,2.5344,60,-0.4456,-0.0161,0.5,0.0,0.0,0.0,0.0,0.0,0.0
29.3,4.8725,1.5854,-0.4296,2.5344,60,-0.4456,-0.0161,0.5,0.0,0.0,0.0,0.0,0.0,0.0
29.35,4.8725,1.5854,-0.4296,2.5344,60,-0.4456,-0.0161,0.5,0.0,0.0,0.0,0.0,0.0,0.0
29.4,4.8725,1.5854,-0.4296,2.5344,60,-0.4456,-0.0161,0.5,0.0,0.0,0.0,0.0,0.0,0.0
29.45,4.8725,1.5854,-0.4296,2.5344,60,-0.4456,-0.0161,0.5,0.0,0.0,0.0,0.0,0.0,0.0
29.5,4.8725,1.5854,-0.4296,2.5344,60,-0.4456,-0.0161,0.5,0.0,0.0,0.0,0.0,0.0,0.0
29.55,4.8725,1.5854,-0.4296,2.5344,60,-0.4456,-0.0161,0.5,0.0,0.0,0.0,0.0,0.0,0.0
29.6,4.8725,1.5854,-0.4296,2.5344,60,-0.4456,-0.0161,0.5,0.0,0.0,0.0,0.0,0.0,0.0
29.65,4.8725,1.5854,-0.4296,2.5344,60,-0.4456,-0.0161,0.5,0.0,0.0,0.0,0.0,0.0,0.0
29.7,4.8725,1.5854,-0.4296,2.5344,60,-0.4456,-0.0161,0.5,0.0,0.0,0.0,0.0,0.0,0.0
29.75,4.8725,1.5854,-0.4296,2.5344,60,-0.4456,-0.0161,0.5,0.0,0.0,0.0,0.0,0.0,0.0
29.8,4.8725,1.5854,-0.4296,2.5344,60,-0.4456,-0.0161,0.5,0.0,0.0,0.0,0.0,0.0,0.0
29.85,4.8725,1.5854,-0.4296,2.5344,60,-0.4456,-0.0161,0.5,0.0,0.0,0.0,0.0,0.0,0.0
29.9,4.8725,1.5854,-0.4296,2.5344,60,-0.4456,-0.0161,0.5,0.0,0.0,0.0,0.0,0.0,0.0
29.95,4.8725,1.5854,-0.4296,2.5344,60,-0.4456,-0.0161,0.5,0.0,0.0,0.0,0.0,0.0,0.0
30.0,4.8725,1.5854,-0.4296,2.5344,60,-0.4456,-0.0161,0.5,0.0,0.0,0.0,0.0,0.0,0.0
30.05,4.8725,1.5854,-0.4296,2.5344,60,-0.4456,-0.0161,0.5,0.0,0.0,0.0,0.0,0.0,0.0
30.1,4.8725,1.5854,-0.4296,2.5344,60,-0.4456,-0.0161,0.5,0.0,0.0,0.0,0.0,0.0,0.0
30.15,4.8725,1.5854,-0.4296,2.5344,60,-0.4456,-0.0161,0.5,0.0,0.0,0.0,0.0,0.0,0.0
30.2,4.8725,1.5854,-0.4296,2.5344,60,-0.4456,-0.0161,0.5,0.0,0.0,0.0,0.0,0.0,0.0
30.25,4.8725,1.5854,-0.4296,2.5344,60,-0.4456,-0.0161,0.5,0.0,0.0,0.0,0.0,0.0,0.0
30.3,4.8725,1.5854,-0.4296,2.5344,60,-0.4456,-0.0161,0.5,0.0,0.0,0.0,0.0,0.0,0.0
30.35,4.8725,1.5854,-0.4296,2.5344,60,-0.4456,-0.0161,0.5,0.0,0.0,0.0,0.0,0.0,0.0
30.4,4.8725,1.5854,-0.4296,2.5344,60,-0.4456,-0.0161,0.5,0.0,0.0,0.0,0.0,0.0,0.0
30.45,4.8725,1.5854,-0.4296,2.5344,60,-0.4456,-0.0161,0.5,0.0,0.0,0.0,0.0,0.0,0.0
30.5,4.8725,1.5854,-0.4296,2.5344,60,-0.4456,-0.0161,0.5,0.0,0.0,0.0,0.0,0.0,0.0
30.55,4.8725,1.5854,-0.4296,2.5344,60,-0.4456,-0.0161,0.5,0.0,0.0,0.0,0.0,0.0,0.0
30.6,4.8725,1.5854,-0.4296,2.5344,60,-0.4456,-0.0161,0.5,0.0,0.0,0.0,0.0,0.0,0.0
30.65,4.8725,1.5854,-0.4296,2.5344,60,-0.4456,-0.0161,0.5,0.0,0.0,0.0,0.0,0.0,0.0
30.7,4.8725,1.5854,-0.4296,2.5344,60,-0.4456,-0.0161,0.5,0.0,0.0,0.0,0.0,0.0,0.0
30.75,4.8725,1.5854,-0.4296,2.5344,60,-0.4456,-0.0161,0.5,0.0,0.0,0.0,0.0,0.0,0.0
30.8,4.8725,1.5854,-0.4296,2.5344,60,-0.4456,-0.0161,0.5,0.0,0.0,0.0,0.0,0.0,0.0
30.85,4.8725,1.5854,-0.4296,2.5344,60,-0.4456,-0.0161,0.5,0.0,0.0,0.0,0.0,0.0,0.0
30.9,4.8725,1.5854,-0.4296,2.5344,60,-0.4456,-0.0161,0.5,0.0,0.0,0.0,0.0,0.0,0.0
30.95,4.8725,1.5854,-0.4296,2.5344,60,-0.4456,-0.0161,0.5,0.0,0.0,0.0,0.0,0.0,0.0
31.0,4.8725,1.5854,-0.4296,2.5344,60,-0.4456,-0.0161,0.5,0.0,0.0,0.0,0.0,0.0,0.0
31.05,4.8725,1.5854,-0.4296,2.5344,60,-0.4456,-0.0161,0.5,0.0,0.0,0.0,0.0,0.0,0.0
31.1,4.8725,1.5854,-0.4296,2.5344,60,-0.4456,-0.0161,0.5,0.0,0.0,0.0,0.0,0.0,0.0
31.15,4.8725,1.5854,-0.4296,2.5344,60,-0.4456,-0.0161,0.5,0.0,0.0,0.0,0.0,0.0,0.0
31.2,4.8725,1.5854,-0.4296,2.5344,60,-0.4456,-0.0161,0.5,0.0,0.0,0.0,0.0,0.0,0.0
31.25,4.8725,1.5854,-0.4296,2.5344,60,-0.4456,-0.0161,0.5,0.0,0.0,0.0,0.0,0.0,0.0
31.3,4.8725,1.5854,-0.4296,2.5344,60,-0.4456,-0.0161,0.5,0.0,0.0,0.0,0.0,0.0,0.0
31.35,4.8725,1.5854,-0.4296,2.5344,60,-0.4456,-0.0161,0.5,0.0,0.0,0.0,0.0,0.0,0.0
31.4,4.8725,1.5854,-0.4296,2.5344,60,-0.4456,-0.0161,0.5,0.0,0.0,0.0,0.0,0.0,0.0
31.45,4.8725,1.5854,-0.4296,2.5344,60,-0.4456,-0.0161,0.5,0.0,0.0,0.0,0.0,0.0,0.0
31.5,4.8725,1.5854,-0.4296,2.5344,60,-0.4456,-0.0161,0.5,0.0,0.0,0.0,0.0,0.0,0.0
31.55,4.8725,1.5854,-0.4296,2.5344,60,-0.4456,-0.0161,0.5,0.0,0.0,0.0,0.0,0.0,0.0
31.6,4.8725,1.5854,-0.4296,2.5344,60,-0.4456,-0.0161,0.5,0.0,0.0,0.0,0.0,0.0,0.0
31.65,4.8725,1.5854,-0.4296,2.5344,60,-0.4456,-0.0161,0.5,0.0,0.0,0.0,0.0,0.0,0.0
31.7,4.8725,1.5854,-0.4296,2.5344,60,-0.4456,-0.0161,0.5,0.0,0.0,0.0,0.0,0.0,0.0
31.75,4.8725,1.5854,-0.4296,2.5344,60,-0.4456,-0.0161,0.5,0.0,0.0,0.0,0.0,0.0,0.0
31.8,4.8725,1.5854,-0.4296,2.5344,60,-0.4456,-0.0161,0.5,0.0,0.0,0.0,0.0,0.0,0.0
31.85,4.8725,1.5854,-0.4296,2.5344,60,-0.4456,-0.0161,0.5,0.0,0.0,0.0,0.0,0.0,0.0
31.901,4.8725,1.5854,-0.4296,2.5344,60,-0.4456,-0.0161,0.5,0.0,0.0,0.0,0.0,0.0,0.0
31.95,4.8725,1.5854,-0.4296,2.5344,60,-0.4456,-0.0161,0.5,0.0,0.0,0.0,0.0,0.0,0.0
32.001,4.8725,1.5854,-0.4296,2.5344,60,-0.4456,-0.0161,0.5,0.0,0.0,0.0,0.0,0.0,0.0
32.05,4.8725,1.5854,-0.4296,2.5344,60,-0.4456,-0.0161,0.5,0.0,0.0,0.0,0.0,0.0,0.0
32.1,4.8725,1.5854,-0.4296,2.5344,60,-0.4456,-0.0161,0.5,0.0,0.0,0.0,0.0,0.0,0.0
32.15,4.8725,1.5854,-0.4296,2.5344,60,-0.4456,-0.0161,0.5,0.0,0.0,0.0,0.0,0.0,0.0
32.201,4.8725,1.5854,-0.4296,2.5344,60,-0.4456,-0.0161,0.5,0.0,0.0,0.0,0.0,0.0,0.0
32.25,4.8725,1.5854,-0.4296,2.5344,60,-0.4456,-0.0161,0.5,0.0,0.0,0.0,0.0,0.0,0.0
32.3,4.8725,1.5854,-0.4296,2.5344,60,-0.4456,-0.0161,0.5,0.0,0.0,0.0,0.0,0.0,0.0
32.35,4.8725,1.5854,-0.4296,2.5344,60,-0.4456,-0.0161,0.5,0.0,0.0,0.0,0.0,0.0,0.0
32.4,4.8725,1.5854,-0.4296,2.5344,60,-0.4456,-0.0161,0.5,0.0,0.0,0.0,0.0,0.0,0.0
32.45,4.8725,1.5854,-0.4296,2.5344,60,-0.4456,-0.0161,0.5,0.0,0.0,0.0,0.0,0.0,0.0
32.5,4.8725,1.5854,-0.4296,2.5344,60,-0.4456,-0.0161,0.5,0.0,0.0,0.0,0.0,0.0,0.0
32.55,4.8725,1.5854,-0.4296,2.5344,60,-0.4456,-0.0161,0.5,0.0,0.0,0.0,0.0,0.0,0.0
32.6,4.8725,1.5854,-0.4296,2.5344,60,-0.4456,-0.0161,0.5,0.0,0.0,0.0,0.0,0.0,0.0
32.65,4.8725,1.5854,-0.4296,2.5344,60,-0.4456,-0.0161,0.5,0.0,0.0,0.0,0.0,0.0,0.0
32.701,4.8725,1.5854,-0.4296,2.5344,60,-0.4456,-0.0161,0.5,0.0,0.0,0.0,0.0,0.0,0.0
32.75,4.8725,1.5854,-0.4296,2.5344,60,-0.4456,-0.0161,0.5,0.0,0.0,0.0,0.0,0.0,0.0
32.8,4.8725,1.5854,-0.4296,2.5344,60,-0.4456,-0.0161,0.5,0.0,0.0,0.0,0.0,0.0,0.0
32.85,4.8725,1.5854,-0.4296,2.5344,60,-0.4456,-0.0161,0.5,0.0,0.0,0.0,0.0,0.0,0.0
32.901,4.8725,1.5854,-0.4296,2.5344,60,-0.4456,-0.0161,0.5,0.0,0.0,0.0,0.0,0.0,0.0
32.95,4.8725,1.5854,-0.4296,2.5344,60,-0.4456,-0.0161,0.5,0.0,0.0,0.0,0.0,0.0,0.0
33.0,4.8725,1.5854,-0.4296,2.5344,60,-0.4456,-0.0161,0.5,0.0,0.0,0.0,0.0,0.0,0.0
33.05,4.8725,1.5854,-0.4296,2.5344,60,-0.4456,-0.0161,0.5,0.0,0.0,0.0,0.0,0.0,0.0
33.1,4.8725,1.5854,-0.4296,2.5344,60,-0.4456,-0.0161,0.5,0.0,0.0,0.0,0.0,0.0,0.0
33.15,4.8725,1.5854,-0.4296,2.5344,60,-0.4456,-0.0161,0.5,0.0,0.0,0.0,0.0,0.0,0.0
33.2,4.8725,1.5854,-0.4296,2.5344,60,-0.4456,-0.0161,0.5,0.0,0.0,0.0,0.0,0.0,0.0
33.25,4.8725,1.5854,-0.4296,2.5344,60,-0.4456,-0.0161,0.5,0.0,0.0,0.0,0.0,0.0,0.0
33.3,4.8725,1.5854,-0.4296,2.5344,60,-0.4456,-0.0161,0.5,0.0,0.0,0.0,0.0,0.0,0.0
33.35,4.8725,1.5854,-0.4296,2.5344,60,-0.4456,-0.0161,0.5,0.0,0.0,0.0,0.0,0.0,0.0
33.4,4.8725,1.5854,-0.4296,2.5344,60,-0.4456,-0.0161,0.5,0.0,0.0,0.0,0.0,0.0,0.0
33.45,4.8725,1.5854,-0.4296,2.5344,60,-0.4456,-0.0161,0.5,0.0,0.0,0.0,0.0,0.0,0.0
33.5,4.8725,1.5854,-0.4296,2.5344,60,-0.4456,-0.0161,0.5,0.0,0.0,0.0,0.0,0.0,0.0
33.551,4.8725,1.5854,-0.4296,2.5344,60,-0.4456,-0.0161,0.5,0.0,0.0,0.0,0.0,0.0,0.0
33.601,4.8725,1.5854,-0.4296,2.5344,60,-0.4456,-0.0161,0.5,0.0,0.0,0.0,0.0,0.0,0.0
33.651,4.8725,1.5854,-0.4296,2.5344,60,-0.4456,-0.0161,0.5,0.0,0.0,0.0,0.0,0.0,0.0
33.7,4.8725,1.5854,-0.4296,2.5344,60,-0.4456,-0.0161,0.5,0.0,0.0,0.0,0.0,0.0,0.0
33.75,4.8725,1.5854,-0.4296,2.5344,60,-0.4456,-0.0161,0.5,0.0,0.0,0.0,0.0,0.0,0.0
33.801,4.8725,1.5854,-0.4296,2.5344,60,-0.4456,-0.0161,0.5,0.0,0.0,0.0,0.0,0.0,0.0
33.851,4.8725,1.5854,-0.4296,2.5344,60,-0.4456,-0.0161,0.5,0.0,0.0,0.0,0.0,0.0,0.0
33.9,4.8725,1.5854,-0.4296,2.5344,60,-0.4456,-0.0161,0.5,0.0,0.0,0.0,0.0,0.0,0.0
33.95,4.8725,1.5854,-0.4296,2.5344,60,-0.4456,-0.0161,0.5,0.0,0.0,0.0,0.0,0.0,0.0
34.001,4.8725,1.5854,-0.4296,2.5344,60,-0.4456,-0.0161,0.5,0.0,0.0,0.0,0.0,0.0,0.0
34.05,4.8725,1.5854,-0.4296,2.5344,60,-0.4456,-0.0161,0.5,0.0,0.0,0.0,0.0,0.0,0.0
34.1,4.8725,1.5854,-0.4296,2.5344,60,-0.4456,-0.0161,0.5,0.0,0.0,0.0,0.0,0.0,0.0
34.15,4.8725,1.5854,-0.4296,2.5344,60,-0.4456,-0.0161,0.5,0.0,0.0,0.0,0.0,0.0,0.0
34.2,4.8725,1.5854,-0.4296,2.5344,60,-0.4456,-0.0161,0.5,0.0,0.0,0.0,0.0,0.0,0.0
34.25,4.8725,1.5854,-0.4296,2.5344,60,-0.4456,-0.0161,0.5,0.0,0.0,0.0,0.0,0.0,0.0
34.3,4.8725,1.5854,-0.4296,2.5344,60,-0.4456,-0.0161,0.5,0.0,0.0,0.0,0.0,0.0,0.0
34.35,4.8725,1.5854,-0.4296,2.5344,60,-0.4456,-0.0161,0.5,0.0,0.0,0.0,0.0,0.0,0.0
34.4,4.8725,1.5854,-0.4296,2.5344,60,-0.4456,-0.0161,0.5,0.0,0.0,0.0,0.0,0.0,0.0
34.45,4.8725,1.5854,-0.4296,2.5344,60,-0.4456,-0.0161,0.5,0.0,0.0,0.0,0.0,0.0,0.0
34.5,4.8725,1.5854,-0.4296,2.5344,60,-0.4456,-0.0161,0.5,0.0,0.0,0.0,0.0,0.0,0.0
34.55,4.8725,1.5854,-0.4296,2.5344,60,-0.4456,-0.0161,0.5,0.0,0.0,0.0,0.0,0.0,0.0
34.6,4.8725,1.5854,-0.4296,2.5344,60,-0.4456,-0.0161,0.5,0.0,0.0,0.0,0.0,0.0,0.0
34.65,4.8725,1.5854,-0.4296,2.5344,60,-0.4456,-0.0161,0.5,0.0,0.0,0.0,0.0,0.0,0.0
34.7,4.8725,1.5854,-0.4296,2.5344,60,-0.4456,-0.0161,0.5,0.0,0.0,0.0,0.0,0.0,0.0
34.75,4.8725,1.5854,-0.4296,2.5344,60,-0.4456,-0.0161,0.5,0.0,0.0,0.0,0.0,0.0,0.0
34.8,4.8725,1.5854,-0.4296,2.5344,60,-0.4456,-0.0161,0.5,0.0,0.0,0.0,0.0,0.0,0.0
34.85,4.8725,1.5854,-0.4296,2.5344,60,-0.4456,-0.0161,0.5,0.0,0.0,0.0,0.0,0.0,0.0
34.9,4.8725,1.5854,-0.4296,2.5344,60,-0.4456,-0.0161,0.5,0.0,0.0,0.0,0.0,0.0,0.0
34.95,4.8725,1.5854,-0.4296,2.5344,60,-0.4456,-0.0161,0.5,0.0,0.0,0.0,0.0,0.0,0.0
35.0,4.8725,1.5854,-0.4296,2.5344,60,-0.4456,-0.0161,0.5,0.0,0.0,0.0,0.0,0.0,0.0
35.05,4.8725,1.5854,-0.4296,2.5344,60,-0.4456,-0.0161,0.5,0.0,0.0,0.0,0.0,0.0,0.0
35.1,4.8725,1.5854,-0.4296,2.5344,60,-0.4456,-0.0161,0.5,0.0,0.0,0.0,0.0,0.0,0.0
35.15,4.8725,1.5854,-0.4296,2.5344,60,-0.4456,-0.0161,0.5,0.0,0.0,0.0,0.0,0.0,0.0
35.2,4.8725,1.5854,-0.4296,2.5344,60,-0.4456,-0.0161,0.5,0.0,0.0,0.0,0.0,0.0,0.0
35.25,4.8725,1.5854,-0.4296,2.5344,60,-0.4456,-0.0161,0.5,0.0,0.0,0.0,0.0,0.0,0.0
35.3,4.8725,1.5854,-0.4296,2.5344,60,-0.4456,-0.0161,0.5,0.0,0.0,0.0,0.0,0.0,0.0
35.35,4.8725,1.5854,-0.4296,2.5344,60,-0.4456,-0.0161,0.5,0.0,0.0,0.0,0.0,0.0,0.0
35.4,4.8725,1.5854,-0.4296,2.5344,60,-0.4456,-0.0161,0.5,0.0,0.0,0.0,0.0,0.0,0.0
35.45,4.8725,1.5854,-0.4296,2.5344,60,-0.4456,-0.0161,0.5,0.0,0.0,0.0,0.0,0.0,0.0
35.5,4.8725,1.5854,-0.4296,2.5344,60,-0.4456,-0.0161,0.5,0.0,0.0,0.0,0.0,0.0,0.0
35.55,4.8725,1.5854,-0.4296,2.5344,60,-0.4456,-0.0161,0.5,0.0,0.0,0.0,0.0,0.0,0.0
35.6,4.8725,1.5854,-0.4296,2.5344,60,-0.4456,-0.0161,0.5,0.0,0.0,0.0,0.0,0.0,0.0
35.65,4.8725,1.5854,-0.4296,2.5344,60,-0.4456,-0.0161,0.5,0.0,0.0,0.0,0.0,0.0,0.0
35.7,4.8725,1.5854,-0.4296,2.5344,60,-0.4456,-0.0161,0.5,0.0,0.0,0.0,0.0,0.0,0.0
35.75,4.8725,1.5854,-0.4296,2.5344,60,-0.4456,-0.0161,0.5,0.0,0.0,0.0,0.0,0.0,0.0
35.8,4.8725,1.5854,-0.4296,2.5344,60,-0.4456,-0.0161,0.5,0.0,0.0,0.0,0.0,0.0,0.0
35.85,4.8725,1.5854,-0.4296,2.5344,60,-0.4456,-0.0161,0.5,0.0,0.0,0.0,0.0,0.0,0.0
35.9,4.8725,1.5854,-0.4296,2.5344,60,-0.4456,-0.0161,0.5,0.0,0.0,0.0,0.0,0.0,0.0
35.95,4.8725,1.5854,-0.4296,2.5344,60,-0.4456,-0.0161,0.5,0.0,0.0,0.0,0.0,0.0,0.0
36.0,4.8725,1.5854,-0.4296,2.5344,60,-0.4456,-0.0161,0.5,0.0,0.0,0.0,0.0,0.0,0.0
36.05,4.8725,1.5854,-0.4296,2.5344,60,-0.4456,-0.0161,0.5,0.0,0.0,0.0,0.0,0.0,0.0
36.1,4.8725,1.5854,-0.4296,2.5344,60,-0.4456,-0.0161,0.5,0.0,0.0,0.0,0.0,0.0,0.0
36.15,4.8725,1.5854,-0.4296,2.5344,60,-0.4456,-0.0161,0.5,0.0,0.0,0.0,0.0,0.0,0.0
36.2,4.8725,1.5854,-0.4296,2.5344,60,-0.4456,-0.0161,0.5,0.0,0.0,0.0,0.0,0.0,0.0
36.25,4.8725,1.5854,-0.4296,2.5344,60,-0.4456,-0.0161,0.5,0.0,0.0,0.0,0.0,0.0,0.0
36.3,4.8725,1.5854,-0.4296,2.5344,60,-0.4456,-0.0161,0.5,0.0,0.0,0.0,0.0,0.0,0.0
36.35,4.8725,1.5854,-0.4296,2.5344,60,-0.4456,-0.0161,0.5,0.0,0.0,0.0,0.0,0.0,0.0
36.4,4.8725,1.5854,-0.4296,2.5344,60,-0.4456,-0.0161,0.5,0.0,0.0,0.0,0.0,0.0,0.0
36.45,4.8725,1.5854,-0.4296,2.5344,60,-0.4456,-0.0161,0.5,0.0,0.0,0.0,0.0,0.0,0.0
36.5,4.8725,1.5854,-0.4296,2.5344,60,-0.4456,-0.0161,0.5,0.0,0.0,0.0,0.0,0.0,0.0
36.55,4.8725,1.5854,-0.4296,2.5344,60,-0.4456,-0.0161,0.5,0.0,0.0,0.0,0.0,0.0,0.0
36.6,4.8725,1.5854,-0.4296,2.5344,60,-0.4456,-0.0161,0.5,0.0,0.0,0.0,0.0,0.0,0.0
36.65,4.8725,1.5854,-0.4296,2.5344,60,-0.4456,-0.0161,0.5,0.0,0.0,0.0,0.0,0.0,0.0
36.7,4.8725,1.5854,-0.4296,2.5344,60,-0.4456,-0.0161,0.5,0.0,0.0,0.0,0.0,0.0,0.0
36.75,4.8725,1.5854,-0.4296,2.5344,60,-0.4456,-0.0161,0.5,0.0,0.0,0.0,0.0,0.0,0.0
36.8,4.8725,1.5854,-0.4296,2.5344,60,-0.4456,-0.0161,0.5,0.0,0.0,0.0,0.0,0.0,0.0
36.851,4.8725,1.5854,-0.4296,2.5344,60,-0.4456,-0.0161,0.5,0.0,0.0,0.0,0.0,0.0,0.0
36.9,4.8725,1.5854,-0.4296,2.5344,60,-0.4456,-0.0161,0.5,0.0,0.0,0.0,0.0,0.0,0.0
36.95,4.8725,1.5854,-0.4296,2.5344,60,-0.4456,-0.0161,0.5,0.0,0.0,0.0,0.0,0.0,0.0
37.0,4.8725,1.5854,-0.4296,2.5344,60,-0.4456,-0.0161,0.5,0.0,0.0,0.0,0.0,0.0,0.0
37.05,4.8725,1.5854,-0.4296,2.5344,60,-0.4456,-0.0161,0.5,0.0,0.0,0.0,0.0,0.0,0.0
37.1,4.8725,1.5854,-0.4296,2.5344,60,-0.4456,-0.0161,0.5,0.0,0.0,0.0,0.0,0.0,0.0
37.15,4.8725,1.5854,-0.4296,2.5344,60,-0.4456,-0.0161,0.5,0.0,0.0,0.0,0.0,0.0,0.0
37.2,4.8725,1.5854,-0.4296,2.5344,60,-0.4456,-0.0161,0.5,0.0,0.0,0.0,0.0,0.0,0.0
37.25,4.8725,1.5854,-0.4296,2.5344,60,-0.4456,-0.0161,0.5,0.0,0.0,0.0,0.0,0.0,0.0
37.3,4.8725,1.5854,-0.4296,2.5344,60,-0.4456,-0.0161,0.5,0.0,0.0,0.0,0.0,0.0,0.0
37.351,4.8725,1.5854,-0.4296,2.5344,60,-0.4456,-0.0161,0.5,0.0,0.0,0.0,0.0,0.0,0.0
37.4,4.8725,1.5854,-0.4296,2.5344,60,-0.4456,-0.0161,0.5,0.0,0.0,0.0,0.0,0.0,0.0
37.45,4.8725,1.5854,-0.4296,2.5344,60,-0.4456,-0.0161,0.5,0.0,0.0,0.0,0.0,0.0,0.0
37.5,4.8725,1.5854,-0.4296,2.5344,60,-0.4456,-0.0161,0.5,0.0,0.0,0.0,0.0,0.0,0.0
37.55,4.8725,1.5854,-0.4296,2.5344,60,-0.4456,-0.0161,0.5,0.0,0.0,0.0,0.0,0.0,0.0
37.6,4.8725,1.5854,-0.4296,2.5344,60,-0.4456,-0.0161,0.5,0.0,0.0,0.0,0.0,0.0,0.0
37.65,4.8725,1.5854,-0.4296,2.5344,60,-0.4456,-0.0161,0.5,0.0,0.0,0.0,0.0,0.0,0.0
37.7,4.8725,1.5854,-0.4296,2.5344,60,-0.4456,-0.0161,0.5,0.0,0.0,0.0,0.0,0.0,0.0
37.75,4.8725,1.5854,-0.4296,2.5344,60,-0.4456,-0.0161,0.5,0.0,0.0,0.0,0.0,0.0,0.0
37.8,4.8725,1.5854,-0.4296,2.5344,60,-0.4456,-0.0161,0.5,0.0,0.0,0.0,0.0,0.0,0.0
37.85,4.8725,1.5854,-0.4296,2.5344,60,-0.4456,-0.0161,0.5,0.0,0.0,0.0,0.0,0.0,0.0
37.9,4.8725,1.5854,-0.4296,2.5344,60,-0.4456,-0.0161,0.5,0.0,0.0,0.0,0.0,0.0,0.0
37.95,4.8725,1.5854,-0.4296,2.5344,60,-0.4456,-0.0161,0.5,0.0,0.0,0.0,0.0,0.0,0.0
38.001,4.8725,1.5854,-0.4296,2.5344,60,-0.4456,-0.0161,0.5,0.0,0.0,0.0,0.0,0.0,0.0
38.05,4.8725,1.5854,-0.4296,2.5344,60,-0.4456,-0.0161,0.5,0.0,0.0,0.0,0.0,0.0,0.0
38.1,4.8725,1.5854,-0.4296,2.5344,60,-0.4456,-0.0161,0.5,0.0,0.0,0.0,0.0,0.0,0.0
38.15,4.8725,1.5854,-0.4296,2.5344,60,-0.4456,-0.0161,0.5,0.0,0.0,0.0,0.0,0.0,0.0
38.2,4.8725,1.5854,-0.4296,2.5344,60,-0.4456,-0.0161,0.5,0.0,0.0,0.0,0.0,0.0,0.0
38.25,4.8725,1.5854,-0.4296,2.5344,60,-0.4456,-0.0161,0.5,0.0,0.0,0.0,0.0,0.0,0.0
38.3,4.8725,1.5854,-0.4296,2.5344,60,-0.4456,-0.0161,0.5,0.0,0.0,0.0,0.0,0.0,0.0
38.35,4.8725,1.5854,-0.4296,2.5344,60,-0.4456,-0.0161,0.5,0.0,0.0,0.0,0.0,0.0,0.0
38.4,4.8725,1.5854,-0.4296,2.5344,60,-0.4456,-0.0161,0.5,0.0,0.0,0.0,0.0,0.0,0.0
38.45,4.8725,1.5854,-0.4296,2.5344,60,-0.4456,-0.0161,0.5,0.0,0.0,0.0,0.0,0.0,0.0
38.5,4.8725,1.5854,-0.4296,2.5344,60,-0.4456,-0.0161,0.5,0.0,0.0,0.0,0.0,0.0,0.0
38.55,4.8725,1.5854,-0.4296,2.5344,60,-0.4456,-0.0161,0.5,0.0,0.0,0.0,0.0,0.0,0.0
38.6,4.8725,1.5854,-0.4296,2.5344,60,-0.4456,-0.0161,0.5,0.0,0.0,0.0,0.0,0.0,0.0
38.65,4.8725,1.5854,-0.4296,2.5344,60,-0.4456,-0.0161,0.5,0.0,0.0,0.0,0.0,0.0,0.0
38.7,4.8725,1.5854,-0.4296,2.5344,60,-0.4456,-0.0161,0.5,0.0,0.0,0.0,0.0,0.0,0.0
38.75,4.8725,1.5854,-0.4296,2.5344,60,-0.4456,-0.0161,0.5,0.0,0.0,0.0,0.0,0.0,0.0
38.8,4.8725,1.5854,-0.4296,2.5344,60,-0.4456,-0.0161,0.5,0.0,0.0,0.0,0.0,0.0,0.0
38.85,4.8725,1.5854,-0.4296,2.5344,60,-0.4456,-0.0161,0.5,0.0,0.0,0.0,0.0,0.0,0.0
38.9,4.8725,1.5854,-0.4296,2.5344,60,-0.4456,-0.0161,0.5,0.0,0.0,0.0,0.0,0.0,0.0
38.95,4.8725,1.5854,-0.4296,2.5344,60,-0.4456,-0.0161,0.5,0.0,0.0,0.0,0.0,0.0,0.0
39.0,4.8725,1.5854,-0.4296,2.5344,60,-0.4456,-0.0161,0.5,0.0,0.0,0.0,0.0,0.0,0.0
39.051,4.8725,1.5854,-0.4296,2.5344,60,-0.4456,-0.0161,0.5,0.0,0.0,0.0,0.0,0.0,0.0
39.1,4.8725,1.5854,-0.4296,2.5344,60,-0.4456,-0.0161,0.5,0.0,0.0,0.0,0.0,0.0,0.0
39.15,4.8725,1.5854,-0.4296,2.5344,60,-0.4456,-0.0161,0.5,0.0,0.0,0.0,0.0,0.0,0.0
39.2,4.8725,1.5854,-0.4296,2.5344,60,-0.4456,-0.0161,0.5,0.0,0.0,0.0,0.0,0.0,0.0
39.25,4.8725,1.5854,-0.4296,2.5344,60,-0.4456,-0.0161,0.5,0.0,0.0,0.0,0.0,0.0,0.0
39.3,4.8725,1.5854,-0.4296,2.5344,60,-0.4456,-0.0161,0.5,0.0,0.0,0.0,0.0,0.0,0.0
39.35,4.8725,1.5854,-0.4296,2.5344,60,-0.4456,-0.0161,0.5,0.0,0.0,0.0,0.0,0.0,0.0
39.4,4.8725,1.5854,-0.4296,2.5344,60,-0.4456,-0.0161,0.5,0.0,0.0,0.0,0.0,0.0,0.0
39.45,4.8725,1.5854,-0.4296,2.5344,60,-0.4456,-0.0161,0.5,0.0,0.0,0.0,0.0,0.0,0.0
39.5,4.8725,1.5854,-0.4296,2.5344,60,-0.4456,-0.0161,0.5,0.0,0.0,0.0,0.0,0.0,0.0
39.55,4.8725,1.5854,-0.4296,2.5344,60,-0.4456,-0.0161,0.5,0.0,0.0,0.0,0.0,0.0,0.0
39.6,4.8725,1.5854,-0.4296,2.5344,60,-0.4456,-0.0161,0.5,0.0,0.0,0.0,0.0,0.0,0.0
39.65,4.8725,1.5854,-0.4296,2.5344,60,-0.4456,-0.0161,0.5,0.0,0.0,0.0,0.0,0.0,0.0
39.7,4.8725,1.5854,-0.4296,2.5344,60,-0.4456,-0.0161,0.5,0.0,0.0,0.0,0.0,0.0,0.0
39.75,4.8725,1.5854,-0.4296,2.5344,60,-0.4456,-0.0161,0.5,0.0,0.0,0.0,0.0,0.0,0.0
39.8,4.8725,1.5854,-0.4296,2.5344,60,-0.4456,-0.0161,0.5,0.0,0.0,0.0,0.0,0.0,0.0
39.85,4.8725,1.5854,-0.4296,2.5344,60,-0.4456,-0.0161,0.5,0.0,0.0,0.0,0.0,0.0,0.0
39.9,4.8725,1.5854,-0.4296,2.5344,60,-0.4456,-0.0161,0.5,0.0,0.0,0.0,0.0,0.0,0.0
39.95,4.8725,1.5854,-0.4296,2.5344,60,-0.4456,-0.0161,0.5,0.0,0.0,0.0,0.0,0.0,0.0
40.0,4.8725,1.5854,-0.4296,2.5344,60,-0.4456,-0.0161,0.5,0.0,0.0,0.0,0.0,0.0,0.0
40.05,4.8725,1.5854,-0.4296,2.5344,60,-0.4456,-0.0161,0.5,0.0,0.0,0.0,0.0,0.0,0.0
40.1,4.8725,1.5854,-0.4296,2.5344,60,-0.4456,-0.0161,0.5,0.0,0.0,0.0,0.0,0.0,0.0
40.15,4.8725,1.5854,-0.4296,2.5344,60,-0.4456,-0.0161,0.5,0.0,0.0,0.0,0.0,0.0,0.0
40.2,4.8725,1.5854,-0.4296,2.5344,60,-0.4456,-0.0161,0.5,0.0,0.0,0.0,0.0,0.0,0.0
40.25,4.8725,1.5854,-0.4296,2.5344,60,-0.4456,-0.0161,0.5,0.0,0.0,0.0,0.0,0.0,0.0
40.3,4.8725,1.5854,-0.4296,2.5344,60,-0.4456,-0.0161,0.5,0.0,0.0,0.0,0.0,0.0,0.0
40.35,4.8725,1.5854,-0.4296,2.5344,60,-0.4456,-0.0161,0.5,0.0,0.0,0.0,0.0,0.0,0.0
40.4,4.8725,1.5854,-0.4296,2.5344,60,-0.4456,-0.0161,0.5,0.0,0.0,0.0,0.0,0.0,0.0
40.45,4.8725,1.5854,-0.4296,2.5344,60,-0.4456,-0.0161,0.5,0.0,0.0,0.0,0.0,0.0,0.0
40.5,4.8725,1.5854,-0.4296,2.5344,60,-0.4456,-0.0161,0.5,0.0,0.0,0.0,0.0,0.0,0.0
40.551,4.8725,1.5854,-0.4296,2.5344,60,-0.4456,-0.0161,0.5,0.0,0.0,0.0,0.0,0.0,0.0
40.6,4.8725,1.5854,-0.4296,2.5344,60,-0.4456,-0.0161,0.5,0.0,0.0,0.0,0.0,0.0,0.0
40.65,4.8725,1.5854,-0.4296,2.5344,60,-0.4456,-0.0161,0.5,0.0,0.0,0.0,0.0,0.0,0.0
40.701,4.8725,1.5854,-0.4296,2.5344,60,-0.4456,-0.0161,0.5,0.0,0.0,0.0,0.0,0.0,0.0
40.75,4.8725,1.5854,-0.4296,2.5344,60,-0.4456,-0.0161,0.5,0.0,0.0,0.0,0.0,0.0,0.0
40.8,4.8725,1.5854,-0.4296,2.5344,60,-0.4456,-0.0161,0.5,0.0,0.0,0.0,0.0,0.0,0.0
40.85,4.8725,1.5854,-0.4296,2.5344,60,-0.4456,-0.0161,0.5,0.0,0.0,0.0,0.0,0.0,0.0
40.9,4.8725,1.5854,-0.4296,2.5344,60,-0.4456,-0.0161,0.5,0.0,0.0,0.0,0.0,0.0,0.0
40.95,4.8725,1.5854,-0.4296,2.5344,60,-0.4456,-0.0161,0.5,0.0,0.0,0.0,0.0,0.0,0.0
41.0,4.8725,1.5854,-0.4296,2.5344,60,-0.4456,-0.0161,0.5,0.0,0.0,0.0,0.0,0.0,0.0
41.05,4.8725,1.5854,-0.4296,2.5344,60,-0.4456,-0.0161,0.5,0.0,0.0,0.0,0.0,0.0,0.0
41.1,4.8725,1.5854,-0.4296,2.5344,60,-0.4456,-0.0161,0.5,0.0,0.0,0.0,0.0,0.0,0.0
41.15,4.8725,1.5854,-0.4296,2.5344,60,-0.4456,-0.0161,0.5,0.0,0.0,0.0,0.0,0.0,0.0
41.2,4.8725,1.5854,-0.4296,2.5344,60,-0.4456,-0.0161,0.5,0.0,0.0,0.0,0.0,0.0,0.0
41.25,4.8725,1.5854,-0.4296,2.5344,60,-0.4456,-0.0161,0.5,0.0,0.0,0.0,0.0,0.0,0.0
41.3,4.8725,1.5854,-0.4296,2.5344,60,-0.4456,-0.0161,0.5,0.0,0.0,0.0,0.0,0.0,0.0
41.35,4.8725,1.5854,-0.4296,2.5344,60,-0.4456,-0.0161,0.5,0.0,0.0,0.0,0.0,0.0,0.0
41.4,4.8725,1.5854,-0.4296,2.5344,60,-0.4456,-0.0161,0.5,0.0,0.0,0.0,0.0,0.0,0.0
41.45,4.8725,1.5854,-0.4296,2.5344,60,-0.4456,-0.0161,0.5,0.0,0.0,0.0,0.0,0.0,0.0
41.5,4.8725,1.5854,-0.4296,2.5344,60,-0.4456,-0.0161,0.5,0.0,0.0,0.0,0.0,0.0,0.0
41.55,4.8725,1.5854,-0.4296,2.5344,60,-0.4456,-0.0161,0.5,0.0,0.0,0.0,0.0,0.0,0.0
41.6,4.8725,1.5854,-0.4296,2.5344,60,-0.4456,-0.0161,0.5,0.0,0.0,0.0,0.0,0.0,0.0
41.65,4.8725,1.5854,-0.4296,2.5344,60,-0.4456,-0.0161,0.5,0.0,0.0,0.0,0.0,0.0,0.0
41.7,4.8725,1.5854,-0.4296,2.5344,60,-0.4456,-0.0161,0.5,0.0,0.0,0.0,0.0,0.0,0.0
41.75,4.8725,1.5854,-0.4296,2.5344,60,-0.4456,-0.0161,0.5,0.0,0.0,0.0,0.0,0.0,0.0
41.8,4.8725,1.5854,-0.4296,2.5344,60,-0.4456,-0.0161,0.5,0.0,0.0,0.0,0.0,0.0,0.0
41.85,4.8725,1.5854,-0.4296,2.5344,60,-0.4456,-0.0161,0.5,0.0,0.0,0.0,0.0,0.0,0.0
41.9,4.8725,1.5854,-0.4296,2.5344,60,-0.4456,-0.0161,0.5,0.0,0.0,0.0,0.0,0.0,0.0
41.95,4.8725,1.5854,-0.4296,2.5344,60,-0.4456,-0.0161,0.5,0.0,0.0,0.0,0.0,0.0,0.0
42.0,4.8725,1.5854,-0.4296,2.5344,60,-0.4456,-0.0161,0.5,0.0,0.0,0.0,0.0,0.0,0.0
42.05,4.8725,1.5854,-0.4296,2.5344,60,-0.4456,-0.0161,0.5,0.0,0.0,0.0,0.0,0.0,0.0
42.1,4.8725,1.5854,-0.4296,2.5344,60,-0.4456,-0.0161,0.5,0.0,0.0,0.0,0.0,0.0,0.0
42.15,4.8725,1.5854,-0.4296,2.5344,60,-0.4456,-0.0161,0.5,0.0,0.0,0.0,0.0,0.0,0.0
42.2,4.8725,1.5854,-0.4296,2.5344,60,-0.4456,-0.0161,0.5,0.0,0.0,0.0,0.0,0.0,0.0
42.25,4.8725,1.5854,-0.4296,2.5344,60,-0.4456,-0.0161,0.5,0.0,0.0,0.0,0.0,0.0,0.0
42.3,4.8725,1.5854,-0.4296,2.5344,60,-0.4456,-0.0161,0.5,0.0,0.0,0.0,0.0,0.0,0.0
42.35,4.8725,1.5854,-0.4296,2.5344,60,-0.4456,-0.0161,0.5,0.0,0.0,0.0,0.0,0.0,0.0
42.4,4.8725,1.5854,-0.4296,2.5344,60,-0.4456,-0.0161,0.5,0.0,0.0,0.0,0.0,0.0,0.0
42.45,4.8725,1.5854,-0.4296,2.5344,60,-0.4456,-0.0161,0.5,0.0,0.0,0.0,0.0,0.0,0.0
42.5,4.8725,1.5854,-0.4296,2.5344,60,-0.4456,-0.0161,0.5,0.0,0.0,0.0,0.0,0.0,0.0
42.55,4.8725,1.5854,-0.4296,2.5344,60,-0.4456,-0.0161,0.5,0.0,0.0,0.0,0.0,0.0,0.0
42.6,4.8725,1.5854,-0.4296,2.5344,60,-0.4456,-0.0161,0.5,0.0,0.0,0.0,0.0,0.0,0.0
42.65,4.8725,1.5854,-0.4296,2.5344,60,-0.4456,-0.0161,0.5,0.0,0.0,0.0,0.0,0.0,0.0
42.7,4.8725,1.5854,-0.4296,2.5344,60,-0.4456,-0.0161,0.5,0.0,0.0,0.0,0.0,0.0,0.0
42.751,4.8725,1.5854,-0.4296,2.5344,60,-0.4456,-0.0161,0.5,0.0,0.0,0.0,0.0,0.0,0.0
42.8,4.8725,1.5854,-0.4296,2.5344,60,-0.4456,-0.0161,0.5,0.0,0.0,0.0,0.0,0.0,0.0
42.85,4.8725,1.5854,-0.4296,2.5344,60,-0.4456,-0.0161,0.5,0.0,0.0,0.0,0.0,0.0,0.0
42.9,4.8725,1.5854,-0.4296,2.5344,60,-0.4456,-0.0161,0.5,0.0,0.0,0.0,0.0,0.0,0.0
42.95,4.8725,1.5854,-0.4296,2.5344,60,-0.4456,-0.0161,0.5,0.0,0.0,0.0,0.0,0.0,0.0
43.0,4.8725,1.5854,-0.4296,2.5344,60,-0.4456,-0.0161,0.5,0.0,0.0,0.0,0.0,0.0,0.0
43.05,4.8725,1.5854,-0.4296,2.5344,60,-0.4456,-0.0161,0.5,0.0,0.0,0.0,0.0,0.0,0.0
43.1,4.8725,1.5854,-0.4296,2.5344,60,-0.4456,-0.0161,0.5,0.0,0.0,0.0,0.0,0.0,0.0
43.15,4.8725,1.5854,-0.4296,2.5344,60,-0.4456,-0.0161,0.5,0.0,0.0,0.0,0.0,0.0,0.0
43.2,4.8725,1.5854,-0.4296,2.5344,60,-0.4456,-0.0161,0.5,0.0,0.0,0.0,0.0,0.0,0.0
43.25,4.8725,1.5854,-0.4296,2.5344,60,-0.4456,-0.0161,0.5,0.0,0.0,0.0,0.0,0.0,0.0
43.301,4.8725,1.5854,-0.4296,2.5344,60,-0.4456,-0.0161,0.5,0.0,0.0,0.0,0.0,0.0,0.0
43.35,4.8725,1.5854,-0.4296,2.5344,60,-0.4456,-0.0161,0.5,0.0,0.0,0.0,0.0,0.0,0.0
43.4,4.8725,1.5854,-0.4296,2.5344,60,-0.4456,-0.0161,0.5,0.0,0.0,0.0,0.0,0.0,0.0
43.45,4.8725,1.5854,-0.4296,2.5344,60,-0.4456,-0.0161,0.5,0.0,0.0,0.0,0.0,0.0,0.0
43.501,4.8725,1.5854,-0.4296,2.5344,60,-0.4456,-0.0161,0.5,0.0,0.0,0.0,0.0,0.0,0.0
43.55,4.8725,1.5854,-0.4296,2.5344,60,-0.4456,-0.0161,0.5,0.0,0.0,0.0,0.0,0.0,0.0
43.6,4.8725,1.5854,-0.4296,2.5344,60,-0.4456,-0.0161,0.5,0.0,0.0,0.0,0.0,0.0,0.0
43.65,4.8725,1.5854,-0.4296,2.5344,60,-0.4456,-0.0161,0.5,0.0,0.0,0.0,0.0,0.0,0.0
43.702,4.8725,1.5854,-0.4296,2.5344,60,-0.4456,-0.0161,0.5,0.0,0.0,0.0,0.0,0.0,0.0
43.751,4.8725,1.5854,-0.4296,2.5344,60,-0.4456,-0.0161,0.5,0.0,0.0,0.0,0.0,0.0,0.0
43.8,4.8725,1.5854,-0.4296,2.5344,60,-0.4456,-0.0161,0.5,0.0,0.0,0.0,0.0,0.0,0.0
43.85,4.8725,1.5854,-0.4296,2.5344,60,-0.4456,-0.0161,0.5,0.0,0.0,0.0,0.0,0.0,0.0
43.9,4.8725,1.5854,-0.4296,2.5344,60,-0.4456,-0.0161,0.5,0.0,0.0,0.0,0.0,0.0,0.0
43.95,4.8725,1.5854,-0.4296,2.5344,60,-0.4456,-0.0161,0.5,0.0,0.0,0.0,0.0,0.0,0.0
44.0,4.8725,1.5854,-0.4296,2.5344,60,-0.4456,-0.0161,0.5,0.0,0.0,0.0,0.0,0.0,0.0
44.05,4.8725,1.5854,-0.4296,2.5344,60,-0.4456,-0.0161,0.5,0.0,0.0,0.0,0.0,0.0,0.0
44.1,4.8725,1.5854,-0.4296,2.5344,60,-0.4456,-0.0161,0.5,0.0,0.0,0.0,0.0,0.0,0.0
44.15,4.8725,1.5854,-0.4296,2.5344,60,-0.4456,-0.0161,0.5,0.0,0.0,0.0,0.0,0.0,0.0
44.2,4.8725,1.5854,-0.4296,2.5344,60,-0.4456,-0.0161,0.5,0.0,0.0,0.0,0.0,0.0,0.0
44.25,4.8725,1.5854,-0.4296,2.5344,60,-0.4456,-0.0161,0.5,0.0,0.0,0.0,0.0,0.0,0.0
44.3,4.8725,1.5854,-0.4296,2.5344,60,-0.4456,-0.0161,0.5,0.0,0.0,0.0,0.0,0.0,0.0
44.35,4.8725,1.5854,-0.4296,2.5344,60,-0.4456,-0.0161,0.5,0.0,0.0,0.0,0.0,0.0,0.0
44.4,4.8725,1.5854,-0.4296,2.5344,60,-0.4456,-0.0161,0.5,0.0,0.0,0.0,0.0,0.0,0.0
44.45,4.8725,1.5854,-0.4296,2.5344,60,-0.4456,-0.0161,0.5,0.0,0.0,0.0,0.0,0.0,0.0
44.5,4.8725,1.5854,-0.4296,2.5344,60,-0.4456,-0.0161,0.5,0.0,0.0,0.0,0.0,0.0,0.0
44.551,4.8725,1.5854,-0.4296,2.5344,60,-0.4456,-0.0161,0.5,0.0,0.0,0.0,0.0,0.0,0.0
44.6,4.8725,1.5854,-0.4296,2.5344,60,-0.4456,-0.0161,0.5,0.0,0.0,0.0,0.0,0.0,0.0
44.65,4.8725,1.5854,-0.4296,2.5344,60,-0.4456,-0.0161,0.5,0.0,0.0,0.0,0.0,0.0,0.0
44.7,4.8725,1.5854,-0.4296,2.5344,60,-0.4456,-0.0161,0.5,0.0,0.0,0.0,0.0,0.0,0.0
44.75,4.8725,1.5854,-0.4296,2.5344,60,-0.4456,-0.0161,0.5,0.0,0.0,0.0,0.0,0.0,0.0
44.8,4.8725,1.5854,-0.4296,2.5344,60,-0.4456,-0.0161,0.5,0.0,0.0,0.0,0.0,0.0,0.0
44.85,4.8725,1.5854,-0.4296,2.5344,60,-0.4456,-0.0161,0.5,0.0,0.0,0.0,0.0,0.0,0.0
44.9,4.8725,1.5854,-0.4296,2.5344,60,-0.4456,-0.0161,0.5,0.0,0.0,0.0,0.0,0.0,0.0
44.95,4.8725,1.5854,-0.4296,2.5344,60,-0.4456,-0.0161,0.5,0.0,0.0,0.0,0.0,0.0,0.0
45.0,4.8725,1.5854,-0.4296,2.5344,60,-0.4456,-0.0161,0.5,0.0,0.0,0.0,0.0,0.0,0.0
45.05,4.8725,1.5854,-0.4296,2.5344,60,-0.4456,-0.0161,0.5,0.0,0.0,0.0,0.0,0.0,0.0
45.1,4.8725,1.5854,-0.4296,2.5344,60,-0.4456,-0.0161,0.5,0.0,0.0,0.0,0.0,0.0,0.0
45.15,4.8725,1.5854,-0.4296,2.5344,60,-0.4456,-0.0161,0.5,0.0,0.0,0.0,0.0,0.0,0.0
45.2,4.8725,1.5854,-0.4296,2.5344,60,-0.4456,-0.0161,0.5,0.0,0.0,0.0,0.0,0.0,0.0
45.25,4.8725,1.5854,-0.4296,2.5344,60,-0.4456,-0.0161,0.5,0.0,0.0,0.0,0.0,0.0,0.0
45.3,4.8725,1.5854,-0.4296,2.5344,60,-0.4456,-0.0161,0.5,0.0,0.0,0.0,0.0,0.0,0.0
45.35,4.8725,1.5854,-0.4296,2.5344,60,-0.4456,-0.0161,0.5,0.0,0.0,0.0,0.0,0.0,0.0
45.4,4.8725,1.5854,-0.4296,2.5344,60,-0.4456,-0.0161,0.5,0.0,0.0,0.0,0.0,0.0,0.0
45.45,4.8725,1.5854,-0.4296,2.5344,60,-0.4456,-0.0161,0.5,0.0,0.0,0.0,0.0,0.0,0.0
45.5,4.8725,1.5854,-0.4296,2.5344,60,-0.4456,-0.0161,0.5,0.0,0.0,0.0,0.0,0.0,0.0
45.55,4.8725,1.5854,-0.4296,2.5344,60,-0.4456,-0.0161,0.5,0.0,0.0,0.0,0.0,0.0,0.0
45.6,4.8725,1.5854,-0.4296,2.5344,60,-0.4456,-0.0161,0.5,0.0,0.0,0.0,0.0,0.0,0.0
45.65,4.8725,1.5854,-0.4296,2.5344,60,-0.4456,-0.0161,0.5,0.0,0.0,0.0,0.0,0.0,0.0
45.7,4.8725,1.5854,-0.4296,2.5344,60,-0.4456,-0.0161,0.5,0.0,0.0,0.0,0.0,0.0,0.0
45.75,4.8725,1.5854,-0.4296,2.5344,60,-0.4456,-0.0161,0.5,0.0,0.0,0.0,0.0,0.0,0.0
45.8,4.8725,1.5854,-0.4296,2.5344,60,-0.4456,-0.0161,0.5,0.0,0.0,0.0,0.0,0.0,0.0
45.85,4.8725,1.5854,-0.4296,2.5344,60,-0.4456,-0.0161,0.5,0.0,0.0,0.0,0.0,0.0,0.0
45.9,4.8725,1.5854,-0.4296,2.5344,60,-0.4456,-0.0161,0.5,0.0,0.0,0.0,0.0,0.0,0.0
45.95,4.8725,1.5854,-0.4296,2.5344,60,-0.4456,-0.0161,0.5,0.0,0.0,0.0,0.0,0.0,0.0
46.0,4.8725,1.5854,-0.4296,2.5344,60,-0.4456,-0.0161,0.5,0.0,0.0,0.0,0.0,0.0,0.0
46.05,4.8725,1.5854,-0.4296,2.5344,60,-0.4456,-0.0161,0.5,0.0,0.0,0.0,0.0,0.0,0.0
46.1,4.8725,1.5854,-0.4296,2.5344,60,-0.4456,-0.0161,0.5,0.0,0.0,0.0,0.0,0.0,0.0
46.15,4.8725,1.5854,-0.4296,2.5344,60,-0.4456,-0.0161,0.5,0.0,0.0,0.0,0.0,0.0,0.0
46.2,4.8725,1.5854,-0.4296,2.5344,60,-0.4456,-0.0161,0.5,0.0,0.0,0.0,0.0,0.0,0.0
46.25,4.8725,1.5854,-0.4296,2.5344,60,-0.4456,-0.0161,0.5,0.0,0.0,0.0,0.0,0.0,0.0
46.3,4.8725,1.5854,-0.4296,2.5344,60,-0.4456,-0.0161,0.5,0.0,0.0,0.0,0.0,0.0,0.0
46.35,4.8725,1.5854,-0.4296,2.5344,60,-0.4456,-0.0161,0.5,0.0,0.0,0.0,0.0,0.0,0.0
46.4,4.8725,1.5854,-0.4296,2.5344,60,-0.4456,-0.0161,0.5,0.0,0.0,0.0,0.0,0.0,0.0
46.45,4.8725,1.5854,-0.4296,2.5344,60,-0.4456,-0.0161,0.5,0.0,0.0,0.0,0.0,0.0,0.0
46.5,4.8725,1.5854,-0.4296,2.5344,60,-0.4456,-0.0161,0.5,0.0,0.0,0.0,0.0,0.0,0.0
46.55,4.8725,1.5854,-0.4296,2.5344,60,-0.4456,-0.0161,0.5,0.0,0.0,0.0,0.0,0.0,0.0
46.6,4.8725,1.5854,-0.4296,2.5344,60,-0.4456,-0.0161,0.5,0.0,0.0,0.0,0.0,0.0,0.0
46.65,4.8725,1.5854,-0.4296,2.5344,60,-0.4456,-0.0161,0.5,0.0,0.0,0.0,0.0,0.0,0.0
46.701,4.8725,1.5854,-0.4296,2.5344,60,-0.4456,-0.0161,0.5,0.0,0.0,0.0,0.0,0.0,0.0
46.75,4.8725,1.5854,-0.4296,2.5344,60,-0.4456,-0.0161,0.5,0.0,0.0,0.0,0.0,0.0,0.0
46.8,4.8725,1.5854,-0.4296,2.5344,60,-0.4456,-0.0161,0.5,0.0,0.0,0.0,0.0,0.0,0.0
46.85,4.8725,1.5854,-0.4296,2.5344,60,-0.4456,-0.0161,0.5,0.0,0.0,0.0,0.0,0.0,0.0
46.9,4.8725,1.5854,-0.4296,2.5344,60,-0.4456,-0.0161,0.5,0.0,0.0,0.0,0.0,0.0,0.0
46.95,4.8725,1.5854,-0.4296,2.5344,60,-0.4456,-0.0161,0.5,0.0,0.0,0.0,0.0,0.0,0.0
47.0,4.8725,1.5854,-0.4296,2.5344,60,-0.4456,-0.0161,0.5,0.0,0.0,0.0,0.0,0.0,0.0
47.05,4.8725,1.5854,-0.4296,2.5344,60,-0.4456,-0.0161,0.5,0.0,0.0,0.0,0.0,0.0,0.0
47.1,4.8725,1.5854,-0.4296,2.5344,60,-0.4456,-0.0161,0.5,0.0,0.0,0.0,0.0,0.0,0.0
47.15,4.8725,1.5854,-0.4296,2.5344,60,-0.4456,-0.0161,0.5,0.0,0.0,0.0,0.0,0.0,0.0
47.2,4.8725,1.5854,-0.4296,2.5344,60,-0.4456,-0.0161,0.5,0.0,0.0,0.0,0.0,0.0,0.0
47.251,4.8725,1.5854,-0.4296,2.5344,60,-0.4456,-0.0161,0.5,0.0,0.0,0.0,0.0,0.0,0.0
47.3,4.8725,1.5854,-0.4296,2.5344,60,-0.4456,-0.0161,0.5,0.0,0.0,0.0,0.0,0.0,0.0
47.35,4.8725,1.5854,-0.4296,2.5344,60,-0.4456,-0.0161,0.5,0.0,0.0,0.0,0.0,0.0,0.0
47.4,4.8725,1.5854,-0.4296,2.5344,60,-0.4456,-0.0161,0.5,0.0,0.0,0.0,0.0,0.0,0.0
47.45,4.8725,1.5854,-0.4296,2.5344,60,-0.4456,-0.0161,0.5,0.0,0.0,0.0,0.0,0.0,0.0
47.501,4.8725,1.5854,-0.4296,2.5344,60,-0.4456,-0.0161,0.5,0.0,0.0,0.0,0.0,0.0,0.0
47.551,4.8725,1.5854,-0.4296,2.5344,60,-0.4456,-0.0161,0.5,0.0,0.0,0.0,0.0,0.0,0.0
47.6,4.8725,1.5854,-0.4296,2.5344,60,-0.4456,-0.0161,0.5,0.0,0.0,0.0,0.0,0.0,0.0
47.65,4.8725,1.5854,-0.4296,2.5344,60,-0.4456,-0.0161,0.5,0.0,0.0,0.0,0.0,0.0,0.0
47.7,4.8725,1.5854,-0.4296,2.5344,60,-0.4456,-0.0161,0.5,0.0,0.0,0.0,0.0,0.0,0.0
47.75,4.8725,1.5854,-0.4296,2.5344,60,-0.4456,-0.0161,0.5,0.0,0.0,0.0,0.0,0.0,0.0
47.8,4.8725,1.5854,-0.4296,2.5344,60,-0.4456,-0.0161,0.5,0.0,0.0,0.0,0.0,0.0,0.0
47.85,4.8725,1.5854,-0.4296,2.5344,60,-0.4456,-0.0161,0.5,0.0,0.0,0.0,0.0,0.0,0.0
47.9,4.8725,1.5854,-0.4296,2.5344,60,-0.4456,-0.0161,0.5,0.0,0.0,0.0,0.0,0.0,0.0
47.95,4.8725,1.5854,-0.4296,2.5344,60,-0.4456,-0.0161,0.5,0.0,0.0,0.0,0.0,0.0,0.0
48.0,4.8725,1.5854,-0.4296,2.5344,60,-0.4456,-0.0161,0.5,0.0,0.0,0.0,0.0,0.0,0.0
48.051,4.8725,1.5854,-0.4296,2.5344,60,-0.4456,-0.0161,0.5,0.0,0.0,0.0,0.0,0.0,0.0
48.1,4.8725,1.5854,-0.4296,2.5344,60,-0.4456,-0.0161,0.5,0.0,0.0,0.0,0.0,0.0,0.0
48.15,4.8725,1.5854,-0.4296,2.5344,60,-0.4456,-0.0161,0.5,0.0,0.0,0.0,0.0,0.0,0.0
48.2,4.8725,1.5854,-0.4296,2.5344,60,-0.4456,-0.0161,0.5,0.0,0.0,0.0,0.0,0.0,0.0
48.25,4.8725,1.5854,-0.4296,2.5344,60,-0.4456,-0.0161,0.5,0.0,0.0,0.0,0.0,0.0,0.0
48.3,4.8725,1.5854,-0.4296,2.5344,60,-0.4456,-0.0161,0.5,0.0,0.0,0.0,0.0,0.0,0.0
48.35,4.8725,1.5854,-0.4296,2.5344,60,-0.4456,-0.0161,0.5,0.0,0.0,0.0,0.0,0.0,0.0
48.4,4.8725,1.5854,-0.4296,2.5344,60,-0.4456,-0.0161,0.5,0.0,0.0,0.0,0.0,0.0,0.0
48.45,4.8725,1.5854,-0.4296,2.5344,60,-0.4456,-0.0161,0.5,0.0,0.0,0.0,0.0,0.0,0.0
48.5,4.8725,1.5854,-0.4296,2.5344,60,-0.4456,-0.0161,0.5,0.0,0.0,0.0,0.0,0.0,0.0
48.55,4.8725,1.5854,-0.4296,2.5344,60,-0.4456,-0.0161,0.5,0.0,0.0,0.0,0.0,0.0,0.0
48.6,4.8725,1.5854,-0.4296,2.5344,60,-0.4456,-0.0161,0.5,0.0,0.0,0.0,0.0,0.0,0.0
48.65,4.8725,1.5854,-0.4296,2.5344,60,-0.4456,-0.0161,0.5,0.0,0.0,0.0,0.0,0.0,0.0
48.701,4.8725,1.5854,-0.4296,2.5344,60,-0.4456,-0.0161,0.5,0.0,0.0,0.0,0.0,0.0,0.0
48.75,4.8725,1.5854,-0.4296,2.5344,60,-0.4456,-0.0161,0.5,0.0,0.0,0.0,0.0,0.0,0.0
48.8,4.8725,1.5854,-0.4296,2.5344,60,-0.4456,-0.0161,0.5,0.0,0.0,0.0,0.0,0.0,0.0
48.85,4.8725,1.5854,-0.4296,2.5344,60,-0.4456,-0.0161,0.5,0.0,0.0,0.0,0.0,0.0,0.0
48.9,4.8725,1.5854,-0.4296,2.5344,60,-0.4456,-0.0161,0.5,0.0,0.0,0.0,0.0,0.0,0.0
48.95,4.8725,1.5854,-0.4296,2.5344,60,-0.4456,-0.0161,0.5,0.0,0.0,0.0,0.0,0.0,0.0
49.0,4.8725,1.5854,-0.4296,2.5344,60,-0.4456,-0.0161,0.5,0.0,0.0,0.0,0.0,0.0,0.0
49.05,4.8725,1.5854,-0.4296,2.5344,60,-0.4456,-0.0161,0.5,0.0,0.0,0.0,0.0,0.0,0.0
49.1,4.8725,1.5854,-0.4296,2.5344,60,-0.4456,-0.0161,0.5,0.0,0.0,0.0,0.0,0.0,0.0
49.15,4.8725,1.5854,-0.4296,2.5344,60,-0.4456,-0.0161,0.5,0.0,0.0,0.0,0.0,0.0,0.0
49.2,4.8725,1.5854,-0.4296,2.5344,60,-0.4456,-0.0161,0.5,0.0,0.0,0.0,0.0,0.0,0.0
49.25,4.8725,1.5854,-0.4296,2.5344,60,-0.4456,-0.0161,0.5,0.0,0.0,0.0,0.0,0.0,0.0
49.3,4.8725,1.5854,-0.4296,2.5344,60,-0.4456,-0.0161,0.5,0.0,0.0,0.0,0.0,0.0,0.0
49.35,4.8725,1.5854,-0.4296,2.5344,60,-0.4456,-0.0161,0.5,0.0,0.0,0.0,0.0,0.0,0.0
49.4,4.8725,1.5854,-0.4296,2.5344,60,-0.4456,-0.0161,0.5,0.0,0.0,0.0,0.0,0.0,0.0
49.451,4.8725,1.5854,-0.4296,2.5344,60,-0.4456,-0.0161,0.5,0.0,0.0,0.0,0.0,0.0,0.0
49.5,4.8725,1.5854,-0.4296,2.5344,60,-0.4456,-0.0161,0.5,0.0,0.0,0.0,0.0,0.0,0.0
49.55,4.8725,1.5854,-0.4296,2.5344,60,-0.4456,-0.0161,0.5,0.0,0.0,0.0,0.0,0.0,0.0
49.601,4.8725,1.5854,-0.4296,2.5344,60,-0.4456,-0.0161,0.5,0.0,0.0,0.0,0.0,0.0,0.0
49.65,4.8725,1.5854,-0.4296,2.5344,60,-0.4456,-0.0161,0.5,0.0,0.0,0.0,0.0,0.0,0.0
49.703,4.8725,1.5854,-0.4296,2.5344,60,-0.4456,-0.0161,0.5,0.0,0.0,0.0,0.0,0.0,0.0
49.75,4.8725,1.5854,-0.4296,2.5344,60,-0.4456,-0.0161,0.5,0.0,0.0,0.0,0.0,0.0,0.0
49.8,4.8725,1.5854,-0.4296,2.5344,60,-0.4456,-0.0161,0.5,0.0,0.0,0.0,0.0,0.0,0.0
49.85,4.8725,1.5854,-0.4296,2.5344,60,-0.4456,-0.0161,0.5,0.0,0.0,0.0,0.0,0.0,0.0
49.9,4.8725,1.5854,-0.4296,2.5344,60,-0.4456,-0.0161,0.5,0.0,0.0,0.0,0.0,0.0,0.0
49.951,4.8725,1.5854,-0.4296,2.5344,60,-0.4456,-0.0161,0.5,0.0,0.0,0.0,0.0,0.0,0.0
50.001,4.8725,1.5854,-0.4296,2.5344,60,-0.4456,-0.0161,0.5,0.0,0.0,0.0,0.0,0.0,0.0
50.05,4.8725,1.5854,-0.4296,2.5344,60,-0.4456,-0.0161,0.5,0.0,0.0,0.0,0.0,0.0,0.0
50.1,4.8725,1.5854,-0.4296,2.5344,60,-0.4456,-0.0161,0.5,0.0,0.0,0.0,0.0,0.0,0.0
50.15,4.8725,1.5854,-0.4296,2.5344,60,-0.4456,-0.0161,0.5,0.0,0.0,0.0,0.0,0.0,0.0
50.2,4.8725,1.5854,-0.4296,2.5344,60,-0.4456,-0.0161,0.5,0.0,0.0,0.0,0.0,0.0,0.0
50.25,4.8725,1.5854,-0.4296,2.5344,60,-0.4456,-0.0161,0.5,0.0,0.0,0.0,0.0,0.0,0.0
50.3,4.8725,1.5854,-0.4296,2.5344,60,-0.4456,-0.0161,0.5,0.0,0.0,0.0,0.0,0.0,0.0
50.35,4.8725,1.5854,-0.4296,2.5344,60,-0.4456,-0.0161,0.5,0.0,0.0,0.0,0.0,0.0,0.0
50.4,4.8725,1.5854,-0.4296,2.5344,60,-0.4456,-0.0161,0.5,0.0,0.0,0.0,0.0,0.0,0.0
50.45,4.8725,1.5854,-0.4296,2.5344,60,-0.4456,-0.0161,0.5,0.0,0.0,0.0,0.0,0.0,0.0
50.5,4.8725,1.5854,-0.4296,2.5344,60,-0.4456,-0.0161,0.5,0.0,0.0,0.0,0.0,0.0,0.0
50.55,4.8725,1.5854,-0.4296,2.5344,60,-0.4456,-0.0161,0.5,0.0,0.0,0.0,0.0,0.0,0.0
50.6,4.8725,1.5854,-0.4296,2.5344,60,-0.4456,-0.0161,0.5,0.0,0.0,0.0,0.0,0.0,0.0
50.65,4.8725,1.5854,-0.4296,2.5344,60,-0.4456,-0.0161,0.5,0.0,0.0,0.0,0.0,0.0,0.0
50.7,4.8725,1.5854,-0.4296,2.5344,60,-0.4456,-0.0161,0.5,0.0,0.0,0.0,0.0,0.0,0.0
50.75,4.8725,1.5854,-0.4296,2.5344,60,-0.4456,-0.0161,0.5,0.0,0.0,0.0,0.0,0.0,0.0
50.8,4.8725,1.5854,-0.4296,2.5344,60,-0.4456,-0.0161,0.5,0.0,0.0,0.0,0.0,0.0,0.0
50.85,4.8725,1.5854,-0.4296,2.5344,60,-0.4456,-0.0161,0.5,0.0,0.0,0.0,0.0,0.0,0.0
50.9,4.8725,1.5854,-0.4296,2.5344,60,-0.4456,-0.0161,0.5,0.0,0.0,0.0,0.0,0.0,0.0
50.95,4.8725,1.5854,-0.4296,2.5344,60,-0.4456,-0.0161,0.5,0.0,0.0,0.0,0.0,0.0,0.0
51.0,4.8725,1.5854,-0.4296,2.5344,60,-0.4456,-0.0161,0.5,0.0,0.0,0.0,0.0,0.0,0.0
51.05,4.8725,1.5854,-0.4296,2.5344,60,-0.4456,-0.0161,0.5,0.0,0.0,0.0,0.0,0.0,0.0
51.1,4.8725,1.5854,-0.4296,2.5344,60,-0.4456,-0.0161,0.5,0.0,0.0,0.0,0.0,0.0,0.0
51.15,4.8725,1.5854,-0.4296,2.5344,60,-0.4456,-0.0161,0.5,0.0,0.0,0.0,0.0,0.0,0.0
51.201,4.8725,1.5854,-0.4296,2.5344,60,-0.4456,-0.0161,0.5,0.0,0.0,0.0,0.0,0.0,0.0
51.255,4.8725,1.5854,-0.4296,2.5344,60,-0.4456,-0.0161,0.5,0.0,0.0,0.0,0.0,0.0,0.0
51.301,4.8725,1.5854,-0.4296,2.5344,60,-0.4456,-0.0161,0.5,0.0,0.0,0.0,0.0,0.0,0.0
51.35,4.8725,1.5854,-0.4296,2.5344,60,-0.4456,-0.0161,0.5,0.0,0.0,0.0,0.0,0.0,0.0
51.4,4.8725,1.5854,-0.4296,2.5344,60,-0.4456,-0.0161,0.5,0.0,0.0,0.0,0.0,0.0,0.0
51.45,4.8725,1.5854,-0.4296,2.5344,60,-0.4456,-0.0161,0.5,0.0,0.0,0.0,0.0,0.0,0.0
51.5,4.8725,1.5854,-0.4296,2.5344,60,-0.4456,-0.0161,0.5,0.0,0.0,0.0,0.0,0.0,0.0
51.55,4.8725,1.5854,-0.4296,2.5344,60,-0.4456,-0.0161,0.5,0.0,0.0,0.0,0.0,0.0,0.0
51.6,4.8725,1.5854,-0.4296,2.5344,60,-0.4456,-0.0161,0.5,0.0,0.0,0.0,0.0,0.0,0.0
51.65,4.8725,1.5854,-0.4296,2.5344,60,-0.4456,-0.0161,0.5,0.0,0.0,0.0,0.0,0.0,0.0
51.702,4.8725,1.5854,-0.4296,2.5344,60,-0.4456,-0.0161,0.5,0.0,0.0,0.0,0.0,0.0,0.0
51.75,4.8725,1.5854,-0.4296,2.5344,60,-0.4456,-0.0161,0.5,0.0,0.0,0.0,0.0,0.0,0.0
51.8,4.8725,1.5854,-0.4296,2.5344,60,-0.4456,-0.0161,0.5,0.0,0.0,0.0,0.0,0.0,0.0
51.85,4.8725,1.5854,-0.4296,2.5344,60,-0.4456,-0.0161,0.5,0.0,0.0,0.0,0.0,0.0,0.0
51.9,4.8725,1.5854,-0.4296,2.5344,60,-0.4456,-0.0161,0.5,0.0,0.0,0.0,0.0,0.0,0.0
51.95,4.8725,1.5854,-0.4296,2.5344,60,-0.4456,-0.0161,0.5,0.0,0.0,0.0,0.0,0.0,0.0
52.0,4.8725,1.5854,-0.4296,2.5344,60,-0.4456,-0.0161,0.5,0.0,0.0,0.0,0.0,0.0,0.0
52.05,4.8725,1.5854,-0.4296,2.5344,60,-0.4456,-0.0161,0.5,0.0,0.0,0.0,0.0,0.0,0.0
52.1,4.8725,1.5854,-0.4296,2.5344,60,-0.4456,-0.0161,0.5,0.0,0.0,0.0,0.0,0.0,0.0
52.15,4.8725,1.5854,-0.4296,2.5344,60,-0.4456,-0.0161,0.5,0.0,0.0,0.0,0.0,0.0,0.0
52.2,4.8725,1.5854,-0.4296,2.5344,60,-0.4456,-0.0161,0.5,0.0,0.0,0.0,0.0,0.0,0.0
52.251,4.8725,1.5854,-0.4296,2.5344,60,-0.4456,-0.0161,0.5,0.0,0.0,0.0,0.0,0.0,0.0
52.3,4.8725,1.5854,-0.4296,2.5344,60,-0.4456,-0.0161,0.5,0.0,0.0,0.0,0.0,0.0,0.0
52.35,4.8725,1.5854,-0.4296,2.5344,60,-0.4456,-0.0161,0.5,0.0,0.0,0.0,0.0,0.0,0.0
52.4,4.8725,1.5854,-0.4296,2.5344,60,-0.4456,-0.0161,0.5,0.0,0.0,0.0,0.0,0.0,0.0
52.451,4.8725,1.5854,-0.4296,2.5344,60,-0.4456,-0.0161,0.5,0.0,0.0,0.0,0.0,0.0,0.0
52.501,4.8725,1.5854,-0.4296,2.5344,60,-0.4456,-0.0161,0.5,0.0,0.0,0.0,0.0,0.0,0.0
52.55,4.8725,1.5854,-0.4296,2.5344,60,-0.4456,-0.0161,0.5,0.0,0.0,0.0,0.0,0.0,0.0
52.6,4.8725,1.5854,-0.4296,2.5344,60,-0.4456,-0.0161,0.5,0.0,0.0,0.0,0.0,0.0,0.0
52.651,4.8725,1.5854,-0.4296,2.5344,60,-0.4456,-0.0161,0.5,0.0,0.0,0.0,0.0,0.0,0.0
52.7,4.8725,1.5854,-0.4296,2.5344,60,-0.4456,-0.0161,0.5,0.0,0.0,0.0,0.0,0.0,0.0
52.75,4.8725,1.5854,-0.4296,2.5344,60,-0.4456,-0.0161,0.5,0.0,0.0,0.0,0.0,0.0,0.0
52.8,4.8725,1.5854,-0.4296,2.5344,60,-0.4456,-0.0161,0.5,0.0,0.0,0.0,0.0,0.0,0.0
52.85,4.8725,1.5854,-0.4296,2.5344,60,-0.4456,-0.0161,0.5,0.0,0.0,0.0,0.0,0.0,0.0
52.9,4.8725,1.5854,-0.4296,2.5344,60,-0.4456,-0.0161,0.5,0.0,0.0,0.0,0.0,0.0,0.0
52.95,4.8725,1.5854,-0.4296,2.5344,60,-0.4456,-0.0161,0.5,0.0,0.0,0.0,0.0,0.0,0.0
53.0,4.8725,1.5854,-0.4296,2.5344,60,-0.4456,-0.0161,0.5,0.0,0.0,0.0,0.0,0.0,0.0
53.05,4.8725,1.5854,-0.4296,2.5344,60,-0.4456,-0.0161,0.5,0.0,0.0,0.0,0.0,0.0,0.0
53.1,4.8725,1.5854,-0.4296,2.5344,60,-0.4456,-0.0161,0.5,0.0,0.0,0.0,0.0,0.0,0.0
53.15,4.8725,1.5854,-0.4296,2.5344,60,-0.4456,-0.0161,0.5,0.0,0.0,0.0,0.0,0.0,0.0
53.2,4.8725,1.5854,-0.4296,2.5344,60,-0.4456,-0.0161,0.5,0.0,0.0,0.0,0.0,0.0,0.0
53.251,4.8725,1.5854,-0.4296,2.5344,60,-0.4456,-0.0161,0.5,0.0,0.0,0.0,0.0,0.0,0.0
53.3,4.8725,1.5854,-0.4296,2.5344,60,-0.4456,-0.0161,0.5,0.0,0.0,0.0,0.0,0.0,0.0
53.35,4.8725,1.5854,-0.4296,2.5344,60,-0.4456,-0.0161,0.5,0.0,0.0,0.0,0.0,0.0,0.0
53.4,4.8725,1.5854,-0.4296,2.5344,60,-0.4456,-0.0161,0.5,0.0,0.0,0.0,0.0,0.0,0.0
53.45,4.8725,1.5854,-0.4296,2.5344,60,-0.4456,-0.0161,0.5,0.0,0.0,0.0,0.0,0.0,0.0
53.5,4.8725,1.5854,-0.4296,2.5344,60,-0.4456,-0.0161,0.5,0.0,0.0,0.0,0.0,0.0,0.0
53.55,4.8725,1.5854,-0.4296,2.5344,60,-0.4456,-0.0161,0.5,0.0,0.0,0.0,0.0,0.0,0.0
53.6,4.8725,1.5854,-0.4296,2.5344,60,-0.4456,-0.0161,0.5,0.0,0.0,0.0,0.0,0.0,0.0
53.65,4.8725,1.5854,-0.4296,2.5344,60,-0.4456,-0.0161,0.5,0.0,0.0,0.0,0.0,0.0,0.0
53.7,4.8725,1.5854,-0.4296,2.5344,60,-0.4456,-0.0161,0.5,0.0,0.0,0.0,0.0,0.0,0.0
53.75,4.8725,1.5854,-0.4296,2.5344,60,-0.4456,-0.0161,0.5,0.0,0.0,0.0,0.0,0.0,0.0
53.8,4.8725,1.5854,-0.4296,2.5344,60,-0.4456,-0.0161,0.5,0.0,0.0,0.0,0.0,0.0,0.0
53.85,4.8725,1.5854,-0.4296,2.5344,60,-0.4456,-0.0161,0.5,0.0,0.0,0.0,0.0,0.0,0.0
53.9,4.8725,1.5854,-0.4296,2.5344,60,-0.4456,-0.0161,0.5,0.0,0.0,0.0,0.0,0.0,0.0
53.95,4.8725,1.5854,-0.4296,2.5344,60,-0.4456,-0.0161,0.5,0.0,0.0,0.0,0.0,0.0,0.0
54.0,4.8725,1.5854,-0.4296,2.5344,60,-0.4456,-0.0161,0.5,0.0,0.0,0.0,0.0,0.0,0.0
54.05,4.8725,1.5854,-0.4296,2.5344,60,-0.4456,-0.0161,0.5,0.0,0.0,0.0,0.0,0.0,0.0
54.1,4.8725,1.5854,-0.4296,2.5344,60,-0.4456,-0.0161,0.5,0.0,0.0,0.0,0.0,0.0,0.0
54.15,4.8725,1.5854,-0.4296,2.5344,60,-0.4456,-0.0161,0.5,0.0,0.0,0.0,0.0,0.0,0.0
54.2,4.8725,1.5854,-0.4296,2.5344,60,-0.4456,-0.0161,0.5,0.0,0.0,0.0,0.0,0.0,0.0
54.25,4.8725,1.5854,-0.4296,2.5344,60,-0.4456,-0.0161,0.5,0.0,0.0,0.0,0.0,0.0,0.0
54.3,4.8725,1.5854,-0.4296,2.5344,60,-0.4456,-0.0161,0.5,0.0,0.0,0.0,0.0,0.0,0.0
54.35,4.8725,1.5854,-0.4296,2.5344,60,-0.4456,-0.0161,0.5,0.0,0.0,0.0,0.0,0.0,0.0
54.4,4.8725,1.5854,-0.4296,2.5344,60,-0.4456,-0.0161,0.5,0.0,0.0,0.0,0.0,0.0,0.0
54.45,4.8725,1.5854,-0.4296,2.5344,60,-0.4456,-0.0161,0.5,0.0,0.0,0.0,0.0,0.0,0.0
54.5,4.8725,1.5854,-0.4296,2.5344,60,-0.4456,-0.0161,0.5,0.0,0.0,0.0,0.0,0.0,0.0
54.55,4.8725,1.5854,-0.4296,2.5344,60,-0.4456,-0.0161,0.5,0.0,0.0,0.0,0.0,0.0,0.0
54.6,4.8725,1.5854,-0.4296,2.5344,60,-0.4456,-0.0161,0.5,0.0,0.0,0.0,0.0,0.0,0.0
54.65,4.8725,1.5854,-0.4296,2.5344,60,-0.4456,-0.0161,0.5,0.0,0.0,0.0,0.0,0.0,0.0
54.7,4.8725,1.5854,-0.4296,2.5344,60,-0.4456,-0.0161,0.5,0.0,0.0,0.0,0.0,0.0,0.0
54.75,4.8725,1.5854,-0.4296,2.5344,60,-0.4456,-0.0161,0.5,0.0,0.0,0.0,0.0,0.0,0.0
54.8,4.8725,1.5854,-0.4296,2.5344,60,-0.4456,-0.0161,0.5,0.0,0.0,0.0,0.0,0.0,0.0
54.85,4.8725,1.5854,-0.4296,2.5344,60,-0.4456,-0.0161,0.5,0.0,0.0,0.0,0.0,0.0,0.0
54.9,4.8725,1.5854,-0.4296,2.5344,60,-0.4456,-0.0161,0.5,0.0,0.0,0.0,0.0,0.0,0.0
54.95,4.8725,1.5854,-0.4296,2.5344,60,-0.4456,-0.0161,0.5,0.0,0.0,0.0,0.0,0.0,0.0
55.0,4.8725,1.5854,-0.4296,2.5344,60,-0.4456,-0.0161,0.5,0.0,0.0,0.0,0.0,0.0,0.0
55.05,4.8725,1.5854,-0.4296,2.5344,60,-0.4456,-0.0161,0.5,0.0,0.0,0.0,0.0,0.0,0.0
55.1,4.8725,1.5854,-0.4296,2.5344,60,-0.4456,-0.0161,0.5,0.0,0.0,0.0,0.0,0.0,0.0
55.15,4.8725,1.5854,-0.4296,2.5344,60,-0.4456,-0.0161,0.5,0.0,0.0,0.0,0.0,0.0,0.0
55.2,4.8725,1.5854,-0.4296,2.5344,60,-0.4456,-0.0161,0.5,0.0,0.0,0.0,0.0,0.0,0.0
55.25,4.8725,1.5854,-0.4296,2.5344,60,-0.4456,-0.0161,0.5,0.0,0.0,0.0,0.0,0.0,0.0
55.3,4.8725,1.5854,-0.4296,2.5344,60,-0.4456,-0.0161,0.5,0.0,0.0,0.0,0.0,0.0,0.0
55.35,4.8725,1.5854,-0.4296,2.5344,60,-0.4456,-0.0161,0.5,0.0,0.0,0.0,0.0,0.0,0.0
55.4,4.8725,1.5854,-0.4296,2.5344,60,-0.4456,-0.0161,0.5,0.0,0.0,0.0,0.0,0.0,0.0
55.45,4.8725,1.5854,-0.4296,2.5344,60,-0.4456,-0.0161,0.5,0.0,0.0,0.0,0.0,0.0,0.0
55.5,4.8725,1.5854,-0.4296,2.5344,60,-0.4456,-0.0161,0.5,0.0,0.0,0.0,0.0,0.0,0.0
55.55,4.8725,1.5854,-0.4296,2.5344,60,-0.4456,-0.0161,0.5,0.0,0.0,0.0,0.0,0.0,0.0
55.601,4.8725,1.5854,-0.4296,2.5344,60,-0.4456,-0.0161,0.5,0.0,0.0,0.0,0.0,0.0,0.0
55.65,4.8725,1.5854,-0.4296,2.5344,60,-0.4456,-0.0161,0.5,0.0,0.0,0.0,0.0,0.0,0.0
55.7,4.8725,1.5854,-0.4296,2.5344,60,-0.4456,-0.0161,0.5,0.0,0.0,0.0,0.0,0.0,0.0
55.75,4.8725,1.5854,-0.4296,2.5344,60,-0.4456,-0.0161,0.5,0.0,0.0,0.0,0.0,0.0,0.0
55.8,4.8725,1.5854,-0.4296,2.5344,60,-0.4456,-0.0161,0.5,0.0,0.0,0.0,0.0,0.0,0.0
55.85,4.8725,1.5854,-0.4296,2.5344,60,-0.4456,-0.0161,0.5,0.0,0.0,0.0,0.0,0.0,0.0
55.9,4.8725,1.5854,-0.4296,2.5344,60,-0.4456,-0.0161,0.5,0.0,0.0,0.0,0.0,0.0,0.0
55.95,4.8725,1.5854,-0.4296,2.5344,60,-0.4456,-0.0161,0.5,0.0,0.0,0.0,0.0,0.0,0.0
56.0,4.8725,1.5854,-0.4296,2.5344,60,-0.4456,-0.0161,0.5,0.0,0.0,0.0,0.0,0.0,0.0
56.05,4.8725,1.5854,-0.4296,2.5344,60,-0.4456,-0.0161,0.5,0.0,0.0,0.0,0.0,0.0,0.0
56.1,4.8725,1.5854,-0.4296,2.5344,60,-0.4456,-0.0161,0.5,0.0,0.0,0.0,0.0,0.0,0.0
56.15,4.8725,1.5854,-0.4296,2.5344,60,-0.4456,-0.0161,0.5,0.0,0.0,0.0,0.0,0.0,0.0
56.2,4.8725,1.5854,-0.4296,2.5344,60,-0.4456,-0.0161,0.5,0.0,0.0,0.0,0.0,0.0,0.0
56.25,4.8725,1.5854,-0.4296,2.5344,60,-0.4456,-0.0161,0.5,0.0,0.0,0.0,0.0,0.0,0.0
56.3,4.8725,1.5854,-0.4296,2.5344,60,-0.4456,-0.0161,0.5,0.0,0.0,0.0,0.0,0.0,0.0
56.35,4.8725,1.5854,-0.4296,2.5344,60,-0.4456,-0.0161,0.5,0.0,0.0,0.0,0.0,0.0,0.0
56.4,4.8725,1.5854,-0.4296,2.5344,60,-0.4456,-0.0161,0.5,0.0,0.0,0.0,0.0,0.0,0.0
56.45,4.8725,1.5854,-0.4296,2.5344,60,-0.4456,-0.0161,0.5,0.0,0.0,0.0,0.0,0.0,0.0
56.5,4.8725,1.5854,-0.4296,2.5344,60,-0.4456,-0.0161,0.5,0.0,0.0,0.0,0.0,0.0,0.0
56.55,4.8725,1.5854,-0.4296,2.5344,60,-0.4456,-0.0161,0.5,0.0,0.0,0.0,0.0,0.0,0.0
56.6,4.8725,1.5854,-0.4296,2.5344,60,-0.4456,-0.0161,0.5,0.0,0.0,0.0,0.0,0.0,0.0
56.65,4.8725,1.5854,-0.4296,2.5344,60,-0.4456,-0.0161,0.5,0.0,0.0,0.0,0.0,0.0,0.0
56.7,4.8725,1.5854,-0.4296,2.5344,60,-0.4456,-0.0161,0.5,0.0,0.0,0.0,0.0,0.0,0.0
56.75,4.8725,1.5854,-0.4296,2.5344,60,-0.4456,-0.0161,0.5,0.0,0.0,0.0,0.0,0.0,0.0
56.8,4.8725,1.5854,-0.4296,2.5344,60,-0.4456,-0.0161,0.5,0.0,0.0,0.0,0.0,0.0,0.0
56.85,4.8725,1.5854,-0.4296,2.5344,60,-0.4456,-0.0161,0.5,0.0,0.0,0.0,0.0,0.0,0.0
56.9,4.8725,1.5854,-0.4296,2.5344,60,-0.4456,-0.0161,0.5,0.0,0.0,0.0,0.0,0.0,0.0
56.95,4.8725,1.5854,-0.4296,2.5344,60,-0.4456,-0.0161,0.5,0.0,0.0,0.0,0.0,0.0,0.0
57.0,4.8725,1.5854,-0.4296,2.5344,60,-0.4456,-0.0161,0.5,0.0,0.0,0.0,0.0,0.0,0.0
57.05,4.8725,1.5854,-0.4296,2.5344,60,-0.4456,-0.0161,0.5,0.0,0.0,0.0,0.0,0.0,0.0
57.1,4.8725,1.5854,-0.4296,2.5344,60,-0.4456,-0.0161,0.5,0.0,0.0,0.0,0.0,0.0,0.0
57.15,4.8725,1.5854,-0.4296,2.5344,60,-0.4456,-0.0161,0.5,0.0,0.0,0.0,0.0,0.0,0.0
57.2,4.8725,1.5854,-0.4296,2.5344,60,-0.4456,-0.0161,0.5,0.0,0.0,0.0,0.0,0.0,0.0
57.25,4.8725,1.5854,-0.4296,2.5344,60,-0.4456,-0.0161,0.5,0.0,0.0,0.0,0.0,0.0,0.0
57.3,4.8725,1.5854,-0.4296,2.5344,60,-0.4456,-0.0161,0.5,0.0,0.0,0.0,0.0,0.0,0.0
57.35,4.8725,1.5854,-0.4296,2.5344,60,-0.4456,-0.0161,0.5,0.0,0.0,0.0,0.0,0.0,0.0
57.4,4.8725,1.5854,-0.4296,2.5344,60,-0.4456,-0.0161,0.5,0.0,0.0,0.0,0.0,0.0,0.0
57.451,4.8725,1.5854,-0.4296,2.5344,60,-0.4456,-0.0161,0.5,0.0,0.0,0.0,0.0,0.0,0.0
57.5,4.8725,1.5854,-0.4296,2.5344,60,-0.4456,-0.0161,0.5,0.0,0.0,0.0,0.0,0.0,0.0
57.55,4.8725,1.5854,-0.4296,2.5344,60,-0.4456,-0.0161,0.5,0.0,0.0,0.0,0.0,0.0,0.0
57.6,4.8725,1.5854,-0.4296,2.5344,60,-0.4456,-0.0161,0.5,0.0,0.0,0.0,0.0,0.0,0.0
57.65,4.8725,1.5854,-0.4296,2.5344,60,-0.4456,-0.0161,0.5,0.0,0.0,0.0,0.0,0.0,0.0
57.701,4.8725,1.5854,-0.4296,2.5344,60,-0.4456,-0.0161,0.5,0.0,0.0,0.0,0.0,0.0,0.0
57.75,4.8725,1.5854,-0.4296,2.5344,60,-0.4456,-0.0161,0.5,0.0,0.0,0.0,0.0,0.0,0.0
57.8,4.8725,1.5854,-0.4296,2.5344,60,-0.4456,-0.0161,0.5,0.0,0.0,0.0,0.0,0.0,0.0
57.85,4.8725,1.5854,-0.4296,2.5344,60,-0.4456,-0.0161,0.5,0.0,0.0,0.0,0.0,0.0,0.0
57.9,4.8725,1.5854,-0.4296,2.5344,60,-0.4456,-0.0161,0.5,0.0,0.0,0.0,0.0,0.0,0.0
57.95,4.8725,1.5854,-0.4296,2.5344,60,-0.4456,-0.0161,0.5,0.0,0.0,0.0,0.0,0.0,0.0
58.0,4.8725,1.5854,-0.4296,2.5344,60,-0.4456,-0.0161,0.5,0.0,0.0,0.0,0.0,0.0,0.0
58.05,4.8725,1.5854,-0.4296,2.5344,60,-0.4456,-0.0161,0.5,0.0,0.0,0.0,0.0,0.0,0.0
58.1,4.8725,1.5854,-0.4296,2.5344,60,-0.4456,-0.0161,0.5,0.0,0.0,0.0,0.0,0.0,0.0
58.15,4.8725,1.5854,-0.4296,2.5344,60,-0.4456,-0.0161,0.5,0.0,0.0,0.0,0.0,0.0,0.0
58.201,4.8725,1.5854,-0.4296,2.5344,60,-0.4456,-0.0161,0.5,0.0,0.0,0.0,0.0,0.0,0.0
58.251,4.8725,1.5854,-0.4296,2.5344,60,-0.4456,-0.0161,0.5,0.0,0.0,0.0,0.0,0.0,0.0
58.3,4.8725,1.5854,-0.4296,2.5344,60,-0.4456,-0.0161,0.5,0.0,0.0,0.0,0.0,0.0,0.0
58.35,4.8725,1.5854,-0.4296,2.5344,60,-0.4456,-0.0161,0.5,0.0,0.0,0.0,0.0,0.0,0.0
58.4,4.8725,1.5854,-0.4296,2.5344,60,-0.4456,-0.0161,0.5,0.0,0.0,0.0,0.0,0.0,0.0
58.451,4.8725,1.5854,-0.4296,2.5344,60,-0.4456,-0.0161,0.5,0.0,0.0,0.0,0.0,0.0,0.0
58.501,4.8725,1.5854,-0.4296,2.5344,60,-0.4456,-0.0161,0.5,0.0,0.0,0.0,0.0,0.0,0.0
58.55,4.8725,1.5854,-0.4296,2.5344,60,-0.4456,-0.0161,0.5,0.0,0.0,0.0,0.0,0.0,0.0
58.6,4.8725,1.5854,-0.4296,2.5344,60,-0.4456,-0.0161,0.5,0.0,0.0,0.0,0.0,0.0,0.0
58.65,4.8725,1.5854,-0.4296,2.5344,60,-0.4456,-0.0161,0.5,0.0,0.0,0.0,0.0,0.0,0.0
58.7,4.8725,1.5854,-0.4296,2.5344,60,-0.4456,-0.0161,0.5,0.0,0.0,0.0,0.0,0.0,0.0
58.75,4.8725,1.5854,-0.4296,2.5344,60,-0.4456,-0.0161,0.5,0.0,0.0,0.0,0.0,0.0,0.0
58.8,4.8725,1.5854,-0.4296,2.5344,60,-0.4456,-0.0161,0.5,0.0,0.0,0.0,0.0,0.0,0.0
58.85,4.8725,1.5854,-0.4296,2.5344,60,-0.4456,-0.0161,0.5,0.0,0.0,0.0,0.0,0.0,0.0
58.9,4.8725,1.5854,-0.4296,2.5344,60,-0.4456,-0.0161,0.5,0.0,0.0,0.0,0.0,0.0,0.0
58.95,4.8725,1.5854,-0.4296,2.5344,60,-0.4456,-0.0161,0.5,0.0,0.0,0.0,0.0,0.0,0.0
59.0,4.8725,1.5854,-0.4296,2.5344,60,-0.4456,-0.0161,0.5,0.0,0.0,0.0,0.0,0.0,0.0
59.05,4.8725,1.5854,-0.4296,2.5344,60,-0.4456,-0.0161,0.5,0.0,0.0,0.0,0.0,0.0,0.0
59.1,4.8725,1.5854,-0.4296,2.5344,60,-0.4456,-0.0161,0.5,0.0,0.0,0.0,0.0,0.0,0.0
59.15,4.8725,1.5854,-0.4296,2.5344,60,-0.4456,-0.0161,0.5,0.0,0.0,0.0,0.0,0.0,0.0
59.2,4.8725,1.5854,-0.4296,2.5344,60,-0.4456,-0.0161,0.5,0.0,0.0,0.0,0.0,0.0,0.0
59.252,4.8725,1.5854,-0.4296,2.5344,60,-0.4456,-0.0161,0.5,0.0,0.0,0.0,0.0,0.0,0.0
59.3,4.8725,1.5854,-0.4296,2.5344,60,-0.4456,-0.0161,0.5,0.0,0.0,0.0,0.0,0.0,0.0
59.353,4.8725,1.5854,-0.4296,2.5344,60,-0.4456,-0.0161,0.5,0.0,0.0,0.0,0.0,0.0,0.0
59.4,4.8725,1.5854,-0.4296,2.5344,60,-0.4456,-0.0161,0.5,0.0,0.0,0.0,0.0,0.0,0.0
59.45,4.8725,1.5854,-0.4296,2.5344,60,-0.4456,-0.0161,0.5,0.0,0.0,0.0,0.0,0.0,0.0
59.5,4.8725,1.5854,-0.4296,2.5344,60,-0.4456,-0.0161,0.5,0.0,0.0,0.0,0.0,0.0,0.0
59.55,4.8725,1.5854,-0.4296,2.5344,60,-0.4456,-0.0161,0.5,0.0,0.0,0.0,0.0,0.0,0.0
59.6,4.8725,1.5854,-0.4296,2.5344,60,-0.4456,-0.0161,0.5,0.0,0.0,0.0,0.0,0.0,0.0
59.65,4.8725,1.5854,-0.4296,2.5344,60,-0.4456,-0.0161,0.5,0.0,0.0,0.0,0.0,0.0,0.0
59.7,4.8725,1.5854,-0.4296,2.5344,60,-0.4456,-0.0161,0.5,0.0,0.0,0.0,0.0,0.0,0.0
59.75,4.8725,1.5854,-0.4296,2.5344,60,-0.4456,-0.0161,0.5,0.0,0.0,0.0,0.0,0.0,0.0
59.8,4.8725,1.5854,-0.4296,2.5344,60,-0.4456,-0.0161,0.5,0.0,0.0,0.0,0.0,0.0,0.0
59.85,4.8725,1.5854,-0.4296,2.5344,60,-0.4456,-0.0161,0.5,0.0,0.0,0.0,0.0,0.0,0.0
59.9,4.8725,1.5854,-0.4296,2.5344,60,-0.4456,-0.0161,0.5,0.0,0.0,0.0,0.0,0.0,0.0
59.95,4.8725,1.5854,-0.4296,2.5344,60,-0.4456,-0.0161,0.5,0.0,0.0,0.0,0.0,0.0,0.0
60.0,4.8725,1.5854,-0.4296,2.5344,60,-0.4456,-0.0161,0.5,0.0,0.0,0.0,0.0,0.0,0.0
60.05,4.8725,1.5854,-0.4296,2.5344,60,-0.4456,-0.0161,0.5,0.0,0.0,0.0,0.0,0.0,0.0
60.1,4.8725,1.5854,-0.4296,2.5344,60,-0.4456,-0.0161,0.5,0.0,0.0,0.0,0.0,0.0,0.0
60.15,4.8725,1.5854,-0.4296,2.5344,60,-0.4456,-0.0161,0.5,0.0,0.0,0.0,0.0,0.0,0.0
60.2,4.8725,1.5854,-0.4296,2.5344,60,-0.4456,-0.0161,0.5,0.0,0.0,0.0,0.0,0.0,0.0
60.25,4.8725,1.5854,-0.4296,2.5344,60,-0.4456,-0.0161,0.5,0.0,0.0,0.0,0.0,0.0,0.0
60.3,4.8725,1.5854,-0.4296,2.5344,60,-0.4456,-0.0161,0.5,0.0,0.0,0.0,0.0,0.0,0.0
60.35,4.8725,1.5854,-0.4296,2.5344,60,-0.4456,-0.0161,0.5,0.0,0.0,0.0,0.0,0.0,0.0
60.4,4.8725,1.5854,-0.4296,2.5344,60,-0.4456,-0.0161,0.5,0.0,0.0,0.0,0.0,0.0,0.0
60.45,4.8725,1.5854,-0.4296,2.5344,60,-0.4456,-0.0161,0.5,0.0,0.0,0.0,0.0,0.0,0.0
60.5,4.8725,1.5854,-0.4296,2.5344,60,-0.4456,-0.0161,0.5,0.0,0.0,0.0,0.0,0.0,0.0
60.55,4.8725,1.5854,-0.4296,2.5344,60,-0.4456,-0.0161,0.5,0.0,0.0,0.0,0.0,0.0,0.0
60.6,4.8725,1.5854,-0.4296,2.5344,60,-0.4456,-0.0161,0.5,0.0,0.0,0.0,0.0,0.0,0.0
60.65,4.8725,1.5854,-0.4296,2.5344,60,-0.4456,-0.0161,0.5,0.0,0.0,0.0,0.0,0.0,0.0
60.7,4.8725,1.5854,-0.4296,2.5344,60,-0.4456,-0.0161,0.5,0.0,0.0,0.0,0.0,0.0,0.0
60.75,4.8725,1.5854,-0.4296,2.5344,60,-0.4456,-0.0161,0.5,0.0,0.0,0.0,0.0,0.0,0.0
60.8,4.8725,1.5854,-0.4296,2.5344,60,-0.4456,-0.0161,0.5,0.0,0.0,0.0,0.0,0.0,0.0
60.85,4.8725,1.5854,-0.4296,2.5344,60,-0.4456,-0.0161,0.5,0.0,0.0,0.0,0.0,0.0,0.0
60.9,4.8725,1.5854,-0.4296,2.5344,60,-0.4456,-0.0161,0.5,0.0,0.0,0.0,0.0,0.0,0.0
60.95,4.8725,1.5854,-0.4296,2.5344,60,-0.4456,-0.0161,0.5,0.0,0.0,0.0,0.0,0.0,0.0
61.0,4.8725,1.5854,-0.4296,2.5344,60,-0.4456,-0.0161,0.5,0.0,0.0,0.0,0.0,0.0,0.0
61.05,4.8725,1.5854,-0.4296,2.5344,60,-0.4456,-0.0161,0.5,0.0,0.0,0.0,0.0,0.0,0.0
61.1,4.8725,1.5854,-0.4296,2.5344,60,-0.4456,-0.0161,0.5,0.0,0.0,0.0,0.0,0.0,0.0
61.15,4.8725,1.5854,-0.4296,2.5344,60,-0.4456,-0.0161,0.5,0.0,0.0,0.0,0.0,0.0,0.0
61.2,4.8725,1.5854,-0.4296,2.5344,60,-0.4456,-0.0161,0.5,0.0,0.0,0.0,0.0,0.0,0.0
61.25,4.8725,1.5854,-0.4296,2.5344,60,-0.4456,-0.0161,0.5,0.0,0.0,0.0,0.0,0.0,0.0
61.3,4.8725,1.5854,-0.4296,2.5344,60,-0.4456,-0.0161,0.5,0.0,0.0,0.0,0.0,0.0,0.0
61.352,4.8725,1.5854,-0.4296,2.5344,60,-0.4456,-0.0161,0.5,0.0,0.0,0.0,0.0,0.0,0.0
61.4,4.8725,1.5854,-0.4296,2.5344,60,-0.4456,-0.0161,0.5,0.0,0.0,0.0,0.0,0.0,0.0
61.451,4.8725,1.5854,-0.4296,2.5344,60,-0.4456,-0.0161,0.5,0.0,0.0,0.0,0.0,0.0,0.0
61.503,4.8725,1.5854,-0.4296,2.5344,60,-0.4456,-0.0161,0.5,0.0,0.0,0.0,0.0,0.0,0.0
61.55,4.8725,1.5854,-0.4296,2.5344,60,-0.4456,-0.0161,0.5,0.0,0.0,0.0,0.0,0.0,0.0
61.6,4.8725,1.5854,-0.4296,2.5344,60,-0.4456,-0.0161,0.5,0.0,0.0,0.0,0.0,0.0,0.0
61.65,4.8725,1.5854,-0.4296,2.5344,60,-0.4456,-0.0161,0.5,0.0,0.0,0.0,0.0,0.0,0.0
61.7,4.8725,1.5854,-0.4296,2.5344,60,-0.4456,-0.0161,0.5,0.0,0.0,0.0,0.0,0.0,0.0
61.75,4.8725,1.5854,-0.4296,2.5344,60,-0.4456,-0.0161,0.5,0.0,0.0,0.0,0.0,0.0,0.0
61.8,4.8725,1.5854,-0.4296,2.5344,60,-0.4456,-0.0161,0.5,0.0,0.0,0.0,0.0,0.0,0.0
61.85,4.8725,1.5854,-0.4296,2.5344,60,-0.4456,-0.0161,0.5,0.0,0.0,0.0,0.0,0.0,0.0
61.9,4.8725,1.5854,-0.4296,2.5344,60,-0.4456,-0.0161,0.5,0.0,0.0,0.0,0.0,0.0,0.0
61.95,4.8725,1.5854,-0.4296,2.5344,60,-0.4456,-0.0161,0.5,0.0,0.0,0.0,0.0,0.0,0.0
62.001,4.8725,1.5854,-0.4296,2.5344,60,-0.4456,-0.0161,0.5,0.0,0.0,0.0,0.0,0.0,0.0
62.05,4.8725,1.5854,-0.4296,2.5344,60,-0.4456,-0.0161,0.5,0.0,0.0,0.0,0.0,0.0,0.0
62.1,4.8725,1.5854,-0.4296,2.5344,60,-0.4456,-0.0161,0.5,0.0,0.0,0.0,0.0,0.0,0.0
62.15,4.8725,1.5854,-0.4296,2.5344,60,-0.4456,-0.0161,0.5,0.0,0.0,0.0,0.0,0.0,0.0
62.2,4.8725,1.5854,-0.4296,2.5344,60,-0.4456,-0.0161,0.5,0.0,0.0,0.0,0.0,0.0,0.0
62.25,4.8725,1.5854,-0.4296,2.5344,60,-0.4456,-0.0161,0.5,0.0,0.0,0.0,0.0,0.0,0.0
62.3,4.8725,1.5854,-0.4296,2.5344,60,-0.4456,-0.0161,0.5,0.0,0.0,0.0,0.0,0.0,0.0
62.35,4.8725,1.5854,-0.4296,2.5344,60,-0.4456,-0.0161,0.5,0.0,0.0,0.0,0.0,0.0,0.0
62.401,4.8725,1.5854,-0.4296,2.5344,60,-0.4456,-0.0161,0.5,0.0,0.0,0.0,0.0,0.0,0.0
62.45,4.8725,1.5854,-0.4296,2.5344,60,-0.4456,-0.0161,0.5,0.0,0.0,0.0,0.0,0.0,0.0
62.5,4.8725,1.5854,-0.4296,2.5344,60,-0.4456,-0.0161,0.5,0.0,0.0,0.0,0.0,0.0,0.0
62.55,4.8725,1.5854,-0.4296,2.5344,60,-0.4456,-0.0161,0.5,0.0,0.0,0.0,0.0,0.0,0.0
62.6,4.8725,1.5854,-0.4296,2.5344,60,-0.4456,-0.0161,0.5,0.0,0.0,0.0,0.0,0.0,0.0
62.65,4.8725,1.5854,-0.4296,2.5344,60,-0.4456,-0.0161,0.5,0.0,0.0,0.0,0.0,0.0,0.0
62.7,4.8725,1.5854,-0.4296,2.5344,60,-0.4456,-0.0161,0.5,0.0,0.0,0.0,0.0,0.0,0.0
62.75,4.8725,1.5854,-0.4296,2.5344,60,-0.4456,-0.0161,0.5,0.0,0.0,0.0,0.0,0.0,0.0
62.8,4.8725,1.5854,-0.4296,2.5344,60,-0.4456,-0.0161,0.5,0.0,0.0,0.0,0.0,0.0,0.0
62.85,4.8725,1.5854,-0.4296,2.5344,60,-0.4456,-0.0161,0.5,0.0,0.0,0.0,0.0,0.0,0.0
62.901,4.8725,1.5854,-0.4296,2.5344,60,-0.4456,-0.0161,0.5,0.0,0.0,0.0,0.0,0.0,0.0
62.95,4.8725,1.5854,-0.4296,2.5344,60,-0.4456,-0.0161,0.5,0.0,0.0,0.0,0.0,0.0,0.0
63.001,4.8725,1.5854,-0.4296,2.5344,60,-0.4456,-0.0161,0.5,0.0,0.0,0.0,0.0,0.0,0.0
63.05,4.8725,1.5854,-0.4296,2.5344,60,-0.4456,-0.0161,0.5,0.0,0.0,0.0,0.0,0.0,0.0
63.1,4.8725,1.5854,-0.4296,2.5344,60,-0.4456,-0.0161,0.5,0.0,0.0,0.0,0.0,0.0,0.0
63.15,4.8725,1.5854,-0.4296,2.5344,60,-0.4456,-0.0161,0.5,0.0,0.0,0.0,0.0,0.0,0.0
63.201,4.8725,1.5854,-0.4296,2.5344,60,-0.4456,-0.0161,0.5,0.0,0.0,0.0,0.0,0.0,0.0
63.25,4.8725,1.5854,-0.4296,2.5344,60,-0.4456,-0.0161,0.5,0.0,0.0,0.0,0.0,0.0,0.0
63.301,4.8725,1.5854,-0.4296,2.5344,60,-0.4456,-0.0161,0.5,0.0,0.0,0.0,0.0,0.0,0.0
63.35,4.8725,1.5854,-0.4296,2.5344,60,-0.4456,-0.0161,0.5,0.0,0.0,0.0,0.0,0.0,0.0
63.4,4.8725,1.5854,-0.4296,2.5344,60,-0.4456,-0.0161,0.5,0.0,0.0,0.0,0.0,0.0,0.0
63.45,4.8725,1.5854,-0.4296,2.5344,60,-0.4456,-0.0161,0.5,0.0,0.0,0.0,0.0,0.0,0.0
63.5,4.8725,1.5854,-0.4296,2.5344,60,-0.4456,-0.0161,0.5,0.0,0.0,0.0,0.0,0.0,0.0
63.55,4.8725,1.5854,-0.4296,2.5344,60,-0.4456,-0.0161,0.5,0.0,0.0,0.0,0.0,0.0,0.0
63.6,4.8725,1.5854,-0.4296,2.5344,60,-0.4456,-0.0161,0.5,0.0,0.0,0.0,0.0,0.0,0.0
63.65,4.8725,1.5854,-0.4296,2.5344,60,-0.4456,-0.0161,0.5,0.0,0.0,0.0,0.0,0.0,0.0
63.7,4.8725,1.5854,-0.4296,2.5344,60,-0.4456,-0.0161,0.5,0.0,0.0,0.0,0.0,0.0,0.0
63.75,4.8725,1.5854,-0.4296,2.5344,60,-0.4456,-0.0161,0.5,0.0,0.0,0.0,0.0,0.0,0.0
63.8,4.8725,1.5854,-0.4296,2.5344,60,-0.4456,-0.0161,0.5,0.0,0.0,0.0,0.0,0.0,0.0
63.85,4.8725,1.5854,-0.4296,2.5344,60,-0.4456,-0.0161,0.5,0.0,0.0,0.0,0.0,0.0,0.0
63.9,4.8725,1.5854,-0.4296,2.5344,60,-0.4456,-0.0161,0.5,0.0,0.0,0.0,0.0,0.0,0.0
63.95,4.8725,1.5854,-0.4296,2.5344,60,-0.4456,-0.0161,0.5,0.0,0.0,0.0,0.0,0.0,0.0
64.0,4.8725,1.5854,-0.4296,2.5344,60,-0.4456,-0.0161,0.5,0.0,0.0,0.0,0.0,0.0,0.0
64.05,4.8725,1.5854,-0.4296,2.5344,60,-0.4456,-0.0161,0.5,0.0,0.0,0.0,0.0,0.0,0.0
64.1,4.8725,1.5854,-0.4296,2.5344,60,-0.4456,-0.0161,0.5,0.0,0.0,0.0,0.0,0.0,0.0
64.15,4.8725,1.5854,-0.4296,2.5344,60,-0.4456,-0.0161,0.5,0.0,0.0,0.0,0.0,0.0,0.0
64.2,4.8725,1.5854,-0.4296,2.5344,60,-0.4456,-0.0161,0.5,0.0,0.0,0.0,0.0,0.0,0.0
64.25,4.8725,1.5854,-0.4296,2.5344,60,-0.4456,-0.0161,0.5,0.0,0.0,0.0,0.0,0.0,0.0
64.3,4.8725,1.5854,-0.4296,2.5344,60,-0.4456,-0.0161,0.5,0.0,0.0,0.0,0.0,0.0,0.0
64.35,4.8725,1.5854,-0.4296,2.5344,60,-0.4456,-0.0161,0.5,0.0,0.0,0.0,0.0,0.0,0.0
64.4,4.8725,1.5854,-0.4296,2.5344,60,-0.4456,-0.0161,0.5,0.0,0.0,0.0,0.0,0.0,0.0
64.45,4.8725,1.5854,-0.4296,2.5344,60,-0.4456,-0.0161,0.5,0.0,0.0,0.0,0.0,0.0,0.0
64.5,4.8725,1.5854,-0.4296,2.5344,60,-0.4456,-0.0161,0.5,0.0,0.0,0.0,0.0,0.0,0.0
64.55,4.8725,1.5854,-0.4296,2.5344,60,-0.4456,-0.0161,0.5,0.0,0.0,0.0,0.0,0.0,0.0
64.6,4.8725,1.5854,-0.4296,2.5344,60,-0.4456,-0.0161,0.5,0.0,0.0,0.0,0.0,0.0,0.0
64.65,4.8725,1.5854,-0.4296,2.5344,60,-0.4456,-0.0161,0.5,0.0,0.0,0.0,0.0,0.0,0.0
64.7,4.8725,1.5854,-0.4296,2.5344,60,-0.4456,-0.0161,0.5,0.0,0.0,0.0,0.0,0.0,0.0
64.75,4.8725,1.5854,-0.4296,2.5344,60,-0.4456,-0.0161,0.5,0.0,0.0,0.0,0.0,0.0,0.0
64.8,4.8725,1.5854,-0.4296,2.5344,60,-0.4456,-0.0161,0.5,0.0,0.0,0.0,0.0,0.0,0.0
64.85,4.8725,1.5854,-0.4296,2.5344,60,-0.4456,-0.0161,0.5,0.0,0.0,0.0,0.0,0.0,0.0
64.9,4.8725,1.5854,-0.4296,2.5344,60,-0.4456,-0.0161,0.5,0.0,0.0,0.0,0.0,0.0,0.0
64.95,4.8725,1.5854,-0.4296,2.5344,60,-0.4456,-0.0161,0.5,0.0,0.0,0.0,0.0,0.0,0.0
65.0,4.8725,1.5854,-0.4296,2.5344,60,-0.4456,-0.0161,0.5,0.0,0.0,0.0,0.0,0.0,0.0
65.05,4.8725,1.5854,-0.4296,2.5344,60,-0.4456,-0.0161,0.5,0.0,0.0,0.0,0.0,0.0,0.0
65.1,4.8725,1.5854,-0.4296,2.5344,60,-0.4456,-0.0161,0.5,0.0,0.0,0.0,0.0,0.0,0.0
65.15,4.8725,1.5854,-0.4296,2.5344,60,-0.4456,-0.0161,0.5,0.0,0.0,0.0,0.0,0.0,0.0
65.2,4.8725,1.5854,-0.4296,2.5344,60,-0.4456,-0.0161,0.5,0.0,0.0,0.0,0.0,0.0,0.0
65.25,4.8725,1.5854,-0.4296,2.5344,60,-0.4456,-0.0161,0.5,0.0,0.0,0.0,0.0,0.0,0.0
65.3,4.8725,1.5854,-0.4296,2.5344,60,-0.4456,-0.0161,0.5,0.0,0.0,0.0,0.0,0.0,0.0
65.351,4.8725,1.5854,-0.4296,2.5344,60,-0.4456,-0.0161,0.5,0.0,0.0,0.0,0.0,0.0,0.0
65.4,4.8725,1.5854,-0.4296,2.5344,60,-0.4456,-0.0161,0.5,0.0,0.0,0.0,0.0,0.0,0.0
65.45,4.8725,1.5854,-0.4296,2.5344,60,-0.4456,-0.0161,0.5,0.0,0.0,0.0,0.0,0.0,0.0
65.5,4.8725,1.5854,-0.4296,2.5344,60,-0.4456,-0.0161,0.5,0.0,0.0,0.0,0.0,0.0,0.0
65.55,4.8725,1.5854,-0.4296,2.5344,60,-0.4456,-0.0161,0.5,0.0,0.0,0.0,0.0,0.0,0.0
65.6,4.8725,1.5854,-0.4296,2.5344,60,-0.4456,-0.0161,0.5,0.0,0.0,0.0,0.0,0.0,0.0
65.651,4.8725,1.5854,-0.4296,2.5344,60,-0.4456,-0.0161,0.5,0.0,0.0,0.0,0.0,0.0,0.0
65.7,4.8725,1.5854,-0.4296,2.5344,60,-0.4456,-0.0161,0.5,0.0,0.0,0.0,0.0,0.0,0.0
65.75,4.8725,1.5854,-0.4296,2.5344,60,-0.4456,-0.0161,0.5,0.0,0.0,0.0,0.0,0.0,0.0
65.8,4.8725,1.5854,-0.4296,2.5344,60,-0.4456,-0.0161,0.5,0.0,0.0,0.0,0.0,0.0,0.0
65.85,4.8725,1.5854,-0.4296,2.5344,60,-0.4456,-0.0161,0.5,0.0,0.0,0.0,0.0,0.0,0.0
65.9,4.8725,1.5854,-0.4296,2.5344,60,-0.4456,-0.0161,0.5,0.0,0.0,0.0,0.0,0.0,0.0
65.95,4.8725,1.5854,-0.4296,2.5344,60,-0.4456,-0.0161,0.5,0.0,0.0,0.0,0.0,0.0,0.0
66.0,4.8725,1.5854,-0.4296,2.5344,60,-0.4456,-0.0161,0.5,0.0,0.0,0.0,0.0,0.0,0.0
66.05,4.8725,1.5854,-0.4296,2.5344,60,-0.4456,-0.0161,0.5,0.0,0.0,0.0,0.0,0.0,0.0
66.1,4.8725,1.5854,-0.4296,2.5344,60,-0.4456,-0.0161,0.5,0.0,0.0,0.0,0.0,0.0,0.0
66.15,4.8725,1.5854,-0.4296,2.5344,60,-0.4456,-0.0161,0.5,0.0,0.0,0.0,0.0,0.0,0.0
66.2,4.8725,1.5854,-0.4296,2.5344,60,-0.4456,-0.0161,0.5,0.0,0.0,0.0,0.0,0.0,0.0
66.25,4.8725,1.5854,-0.4296,2.5344,60,-0.4456,-0.0161,0.5,0.0,0.0,0.0,0.0,0.0,0.0
66.3,4.8725,1.5854,-0.4296,2.5344,60,-0.4456,-0.0161,0.5,0.0,0.0,0.0,0.0,0.0,0.0
66.35,4.8725,1.5854,-0.4296,2.5344,60,-0.4456,-0.0161,0.5,0.0,0.0,0.0,0.0,0.0,0.0
66.4,4.8725,1.5854,-0.4296,2.5344,60,-0.4456,-0.0161,0.5,0.0,0.0,0.0,0.0,0.0,0.0
66.45,4.8725,1.5854,-0.4296,2.5344,60,-0.4456,-0.0161,0.5,0.0,0.0,0.0,0.0,0.0,0.0
66.5,4.8725,1.5854,-0.4296,2.5344,60,-0.4456,-0.0161,0.5,0.0,0.0,0.0,0.0,0.0,0.0
66.55,4.8725,1.5854,-0.4296,2.5344,60,-0.4456,-0.0161,0.5,0.0,0.0,0.0,0.0,0.0,0.0
66.601,4.8725,1.5854,-0.4296,2.5344,60,-0.4456,-0.0161,0.5,0.0,0.0,0.0,0.0,0.0,0.0
66.65,4.8725,1.5854,-0.4296,2.5344,60,-0.4456,-0.0161,0.5,0.0,0.0,0.0,0.0,0.0,0.0
66.7,4.8725,1.5854,-0.4296,2.5344,60,-0.4456,-0.0161,0.5,0.0,0.0,0.0,0.0,0.0,0.0
66.75,4.8725,1.5854,-0.4296,2.5344,60,-0.4456,-0.0161,0.5,0.0,0.0,0.0,0.0,0.0,0.0
66.8,4.8725,1.5854,-0.4296,2.5344,60,-0.4456,-0.0161,0.5,0.0,0.0,0.0,0.0,0.0,0.0
66.85,4.8725,1.5854,-0.4296,2.5344,60,-0.4456,-0.0161,0.5,0.0,0.0,0.0,0.0,0.0,0.0
66.9,4.8725,1.5854,-0.4296,2.5344,60,-0.4456,-0.0161,0.5,0.0,0.0,0.0,0.0,0.0,0.0
66.95,4.8725,1.5854,-0.4296,2.5344,60,-0.4456,-0.0161,0.5,0.0,0.0,0.0,0.0,0.0,0.0
67.0,4.8725,1.5854,-0.4296,2.5344,60,-0.4456,-0.0161,0.5,0.0,0.0,0.0,0.0,0.0,0.0
67.05,4.8725,1.5854,-0.4296,2.5344,60,-0.4456,-0.0161,0.5,0.0,0.0,0.0,0.0,0.0,0.0
67.1,4.8725,1.5854,-0.4296,2.5344,60,-0.4456,-0.0161,0.5,0.0,0.0,0.0,0.0,0.0,0.0
67.15,4.8725,1.5854,-0.4296,2.5344,60,-0.4456,-0.0161,0.5,0.0,0.0,0.0,0.0,0.0,0.0
67.2,4.8725,1.5854,-0.4296,2.5344,60,-0.4456,-0.0161,0.5,0.0,0.0,0.0,0.0,0.0,0.0
67.25,4.8725,1.5854,-0.4296,2.5344,60,-0.4456,-0.0161,0.5,0.0,0.0,0.0,0.0,0.0,0.0
67.3,4.8725,1.5854,-0.4296,2.5344,60,-0.4456,-0.0161,0.5,0.0,0.0,0.0,0.0,0.0,0.0
67.35,4.8725,1.5854,-0.4296,2.5344,60,-0.4456,-0.0161,0.5,0.0,0.0,0.0,0.0,0.0,0.0
67.4,4.8725,1.5854,-0.4296,2.5344,60,-0.4456,-0.0161,0.5,0.0,0.0,0.0,0.0,0.0,0.0
67.45,4.8725,1.5854,-0.4296,2.5344,60,-0.4456,-0.0161,0.5,0.0,0.0,0.0,0.0,0.0,0.0
67.5,4.8725,1.5854,-0.4296,2.5344,60,-0.4456,-0.0161,0.5,0.0,0.0,0.0,0.0,0.0,0.0
67.55,4.8725,1.5854,-0.4296,2.5344,60,-0.4456,-0.0161,0.5,0.0,0.0,0.0,0.0,0.0,0.0
67.6,4.8725,1.5854,-0.4296,2.5344,60,-0.4456,-0.0161,0.5,0.0,0.0,0.0,0.0,0.0,0.0
67.65,4.8725,1.5854,-0.4296,2.5344,60,-0.4456,-0.0161,0.5,0.0,0.0,0.0,0.0,0.0,0.0
67.7,4.8725,1.5854,-0.4296,2.5344,60,-0.4456,-0.0161,0.5,0.0,0.0,0.0,0.0,0.0,0.0
67.75,4.8725,1.5854,-0.4296,2.5344,60,-0.4456,-0.0161,0.5,0.0,0.0,0.0,0.0,0.0,0.0
67.8,4.8725,1.5854,-0.4296,2.5344,60,-0.4456,-0.0161,0.5,0.0,0.0,0.0,0.0,0.0,0.0
67.85,4.8725,1.5854,-0.4296,2.5344,60,-0.4456,-0.0161,0.5,0.0,0.0,0.0,0.0,0.0,0.0
67.9,4.8725,1.5854,-0.4296,2.5344,60,-0.4456,-0.0161,0.5,0.0,0.0,0.0,0.0,0.0,0.0
67.95,4.8725,1.5854,-0.4296,2.5344,60,-0.4456,-0.0161,0.5,0.0,0.0,0.0,0.0,0.0,0.0
68.0,4.8725,1.5854,-0.4296,2.5344,60,-0.4456,-0.0161,0.5,0.0,0.0,0.0,0.0,0.0,0.0
68.05,4.8725,1.5854,-0.4296,2.5344,60,-0.4456,-0.0161,0.5,0.0,0.0,0.0,0.0,0.0,0.0
68.1,4.8725,1.5854,-0.4296,2.5344,60,-0.4456,-0.0161,0.5,0.0,0.0,0.0,0.0,0.0,0.0
68.15,4.8725,1.5854,-0.4296,2.5344,60,-0.4456,-0.0161,0.5,0.0,0.0,0.0,0.0,0.0,0.0
68.201,4.8725,1.5854,-0.4296,2.5344,60,-0.4456,-0.0161,0.5,0.0,0.0,0.0,0.0,0.0,0.0
68.25,4.8725,1.5854,-0.4296,2.5344,60,-0.4456,-0.0161,0.5,0.0,0.0,0.0,0.0,0.0,0.0
68.3,4.8725,1.5854,-0.4296,2.5344,60,-0.4456,-0.0161,0.5,0.0,0.0,0.0,0.0,0.0,0.0
68.351,4.8725,1.5854,-0.4296,2.5344,60,-0.4456,-0.0161,0.5,0.0,0.0,0.0,0.0,0.0,0.0
68.4,4.8725,1.5854,-0.4296,2.5344,60,-0.4456,-0.0161,0.5,0.0,0.0,0.0,0.0,0.0,0.0
68.45,4.8725,1.5854,-0.4296,2.5344,60,-0.4456,-0.0161,0.5,0.0,0.0,0.0,0.0,0.0,0.0
68.5,4.8725,1.5854,-0.4296,2.5344,60,-0.4456,-0.0161,0.5,0.0,0.0,0.0,0.0,0.0,0.0
68.55,4.8725,1.5854,-0.4296,2.5344,60,-0.4456,-0.0161,0.5,0.0,0.0,0.0,0.0,0.0,0.0
68.6,4.8725,1.5854,-0.4296,2.5344,60,-0.4456,-0.0161,0.5,0.0,0.0,0.0,0.0,0.0,0.0
68.65,4.8725,1.5854,-0.4296,2.5344,60,-0.4456,-0.0161,0.5,0.0,0.0,0.0,0.0,0.0,0.0
68.7,4.8725,1.5854,-0.4296,2.5344,60,-0.4456,-0.0161,0.5,0.0,0.0,0.0,0.0,0.0,0.0
68.75,4.8725,1.5854,-0.4296,2.5344,60,-0.4456,-0.0161,0.5,0.0,0.0,0.0,0.0,0.0,0.0
68.8,4.8725,1.5854,-0.4296,2.5344,60,-0.4456,-0.0161,0.5,0.0,0.0,0.0,0.0,0.0,0.0
68.85,4.8725,1.5854,-0.4296,2.5344,60,-0.4456,-0.0161,0.5,0.0,0.0,0.0,0.0,0.0,0.0
68.9,4.8725,1.5854,-0.4296,2.5344,60,-0.4456,-0.0161,0.5,0.0,0.0,0.0,0.0,0.0,0.0
68.95,4.8725,1.5854,-0.4296,2.5344,60,-0.4456,-0.0161,0.5,0.0,0.0,0.0,0.0,0.0,0.0
69.0,4.8725,1.5854,-0.4296,2.5344,60,-0.4456,-0.0161,0.5,0.0,0.0,0.0,0.0,0.0,0.0
69.05,4.8725,1.5854,-0.4296,2.5344,60,-0.4456,-0.0161,0.5,0.0,0.0,0.0,0.0,0.0,0.0
69.1,4.8725,1.5854,-0.4296,2.5344,60,-0.4456,-0.0161,0.5,0.0,0.0,0.0,0.0,0.0,0.0
69.15,4.8725,1.5854,-0.4296,2.5344,60,-0.4456,-0.0161,0.5,0.0,0.0,0.0,0.0,0.0,0.0
69.2,4.8725,1.5854,-0.4296,2.5344,60,-0.4456,-0.0161,0.5,0.0,0.0,0.0,0.0,0.0,0.0
69.25,4.8725,1.5854,-0.4296,2.5344,60,-0.4456,-0.0161,0.5,0.0,0.0,0.0,0.0,0.0,0.0
69.301,4.8725,1.5854,-0.4296,2.5344,60,-0.4456,-0.0161,0.5,0.0,0.0,0.0,0.0,0.0,0.0
69.35,4.8725,1.5854,-0.4296,2.5344,60,-0.4456,-0.0161,0.5,0.0,0.0,0.0,0.0,0.0,0.0
69.4,4.8725,1.5854,-0.4296,2.5344,60,-0.4456,-0.0161,0.5,0.0,0.0,0.0,0.0,0.0,0.0
69.45,4.8725,1.5854,-0.4296,2.5344,60,-0.4456,-0.0161,0.5,0.0,0.0,0.0,0.0,0.0,0.0
69.5,4.8725,1.5854,-0.4296,2.5344,60,-0.4456,-0.0161,0.5,0.0,0.0,0.0,0.0,0.0,0.0
69.55,4.8725,1.5854,-0.4296,2.5344,60,-0.4456,-0.0161,0.5,0.0,0.0,0.0,0.0,0.0,0.0
69.601,4.8725,1.5854,-0.4296,2.5344,60,-0.4456,-0.0161,0.5,0.0,0.0,0.0,0.0,0.0,0.0
69.65,4.8725,1.5854,-0.4296,2.5344,60,-0.4456,-0.0161,0.5,0.0,0.0,0.0,0.0,0.0,0.0
69.7,4.8725,1.5854,-0.4296,2.5344,60,-0.4456,-0.0161,0.5,0.0,0.0,0.0,0.0,0.0,0.0
69.75,4.8725,1.5854,-0.4296,2.5344,60,-0.4456,-0.0161,0.5,0.0,0.0,0.0,0.0,0.0,0.0
69.8,4.8725,1.5854,-0.4296,2.5344,60,-0.4456,-0.0161,0.5,0.0,0.0,0.0,0.0,0.0,0.0
69.85,4.8725,1.5854,-0.4296,2.5344,60,-0.4456,-0.0161,0.5,0.0,0.0,0.0,0.0,0.0,0.0
69.9,4.8725,1.5854,-0.4296,2.5344,60,-0.4456,-0.0161,0.5,0.0,0.0,0.0,0.0,0.0,0.0
69.95,4.8725,1.5854,-0.4296,2.5344,60,-0.4456,-0.0161,0.5,0.0,0.0,0.0,0.0,0.0,0.0
70.001,4.8725,1.5854,-0.4296,2.5344,60,-0.4456,-0.0161,0.5,0.0,0.0,0.0,0.0,0.0,0.0
70.05,4.8725,1.5854,-0.4296,2.5344,60,-0.4456,-0.0161,0.5,0.0,0.0,0.0,0.0,0.0,0.0
70.1,4.8725,1.5854,-0.4296,2.5344,60,-0.4456,-0.0161,0.5,0.0,0.0,0.0,0.0,0.0,0.0
70.15,4.8725,1.5854,-0.4296,2.5344,60,-0.4456,-0.0161,0.5,0.0,0.0,0.0,0.0,0.0,0.0
70.2,4.8725,1.5854,-0.4296,2.5344,60,-0.4456,-0.0161,0.5,0.0,0.0,0.0,0.0,0.0,0.0
70.25,4.8725,1.5854,-0.4296,2.5344,60,-0.4456,-0.0161,0.5,0.0,0.0,0.0,0.0,0.0,0.0
70.3,4.8725,1.5854,-0.4296,2.5344,60,-0.4456,-0.0161,0.5,0.0,0.0,0.0,0.0,0.0,0.0
70.35,4.8725,1.5854,-0.4296,2.5344,60,-0.4456,-0.0161,0.5,0.0,0.0,0.0,0.0,0.0,0.0
70.4,4.8725,1.5854,-0.4296,2.5344,60,-0.4456,-0.0161,0.5,0.0,0.0,0.0,0.0,0.0,0.0
70.45,4.8725,1.5854,-0.4296,2.5344,60,-0.4456,-0.0161,0.5,0.0,0.0,0.0,0.0,0.0,0.0
70.5,4.8725,1.5854,-0.4296,2.5344,60,-0.4456,-0.0161,0.5,0.0,0.0,0.0,0.0,0.0,0.0
70.55,4.8725,1.5854,-0.4296,2.5344,60,-0.4456,-0.0161,0.5,0.0,0.0,0.0,0.0,0.0,0.0
70.6,4.8725,1.5854,-0.4296,2.5344,60,-0.4456,-0.0161,0.5,0.0,0.0,0.0,0.0,0.0,0.0
70.65,4.8725,1.5854,-0.4296,2.5344,60,-0.4456,-0.0161,0.5,0.0,0.0,0.0,0.0,0.0,0.0
70.7,4.8725,1.5854,-0.4296,2.5344,60,-0.4456,-0.0161,0.5,0.0,0.0,0.0,0.0,0.0,0.0
70.75,4.8725,1.5854,-0.4296,2.5344,60,-0.4456,-0.0161,0.5,0.0,0.0,0.0,0.0,0.0,0.0
70.8,4.8725,1.5854,-0.4296,2.5344,60,-0.4456,-0.0161,0.5,0.0,0.0,0.0,0.0,0.0,0.0
70.85,4.8725,1.5854,-0.4296,2.5344,60,-0.4456,-0.0161,0.5,0.0,0.0,0.0,0.0,0.0,0.0
70.9,4.8725,1.5854,-0.4296,2.5344,60,-0.4456,-0.0161,0.5,0.0,0.0,0.0,0.0,0.0,0.0
70.95,4.8725,1.5854,-0.4296,2.5344,60,-0.4456,-0.0161,0.5,0.0,0.0,0.0,0.0,0.0,0.0
71.0,4.8725,1.5854,-0.4296,2.5344,60,-0.4456,-0.0161,0.5,0.0,0.0,0.0,0.0,0.0,0.0
71.05,4.8725,1.5854,-0.4296,2.5344,60,-0.4456,-0.0161,0.5,0.0,0.0,0.0,0.0,0.0,0.0
71.1,4.8725,1.5854,-0.4296,2.5344,60,-0.4456,-0.0161,0.5,0.0,0.0,0.0,0.0,0.0,0.0
71.15,4.8725,1.5854,-0.4296,2.5344,60,-0.4456,-0.0161,0.5,0.0,0.0,0.0,0.0,0.0,0.0
71.2,4.8725,1.5854,-0.4296,2.5344,60,-0.4456,-0.0161,0.5,0.0,0.0,0.0,0.0,0.0,0.0
71.25,4.8725,1.5854,-0.4296,2.5344,60,-0.4456,-0.0161,0.5,0.0,0.0,0.0,0.0,0.0,0.0
71.3,4.8725,1.5854,-0.4296,2.5344,60,-0.4456,-0.0161,0.5,0.0,0.0,0.0,0.0,0.0,0.0
71.35,4.8725,1.5854,-0.4296,2.5344,60,-0.4456,-0.0161,0.5,0.0,0.0,0.0,0.0,0.0,0.0
71.4,4.8725,1.5854,-0.4296,2.5344,60,-0.4456,-0.0161,0.5,0.0,0.0,0.0,0.0,0.0,0.0
71.45,4.8725,1.5854,-0.4296,2.5344,60,-0.4456,-0.0161,0.5,0.0,0.0,0.0,0.0,0.0,0.0
71.5,4.8725,1.5854,-0.4296,2.5344,60,-0.4456,-0.0161,0.5,0.0,0.0,0.0,0.0,0.0,0.0
71.55,4.8725,1.5854,-0.4296,2.5344,60,-0.4456,-0.0161,0.5,0.0,0.0,0.0,0.0,0.0,0.0
71.6,4.8725,1.5854,-0.4296,2.5344,60,-0.4456,-0.0161,0.5,0.0,0.0,0.0,0.0,0.0,0.0
71.65,4.8725,1.5854,-0.4296,2.5344,60,-0.4456,-0.0161,0.5,0.0,0.0,0.0,0.0,0.0,0.0
71.7,4.8725,1.5854,-0.4296,2.5344,60,-0.4456,-0.0161,0.5,0.0,0.0,0.0,0.0,0.0,0.0
71.75,4.8725,1.5854,-0.4296,2.5344,60,-0.4456,-0.0161,0.5,0.0,0.0,0.0,0.0,0.0,0.0
71.8,4.8725,1.5854,-0.4296,2.5344,60,-0.4456,-0.0161,0.5,0.0,0.0,0.0,0.0,0.0,0.0
71.85,4.8725,1.5854,-0.4296,2.5344,60,-0.4456,-0.0161,0.5,0.0,0.0,0.0,0.0,0.0,0.0
71.9,4.8725,1.5854,-0.4296,2.5344,60,-0.4456,-0.0161,0.5,0.0,0.0,0.0,0.0,0.0,0.0
71.95,4.8725,1.5854,-0.4296,2.5344,60,-0.4456,-0.0161,0.5,0.0,0.0,0.0,0.0,0.0,0.0
72.0,4.8725,1.5854,-0.4296,2.5344,60,-0.4456,-0.0161,0.5,0.0,0.0,0.0,0.0,0.0,0.0
72.05,4.8725,1.5854,-0.4296,2.5344,60,-0.4456,-0.0161,0.5,0.0,0.0,0.0,0.0,0.0,0.0
72.1,4.8725,1.5854,-0.4296,2.5344,60,-0.4456,-0.0161,0.5,0.0,0.0,0.0,0.0,0.0,0.0
72.15,4.8725,1.5854,-0.4296,2.5344,60,-0.4456,-0.0161,0.5,0.0,0.0,0.0,0.0,0.0,0.0
72.2,4.8725,1.5854,-0.4296,2.5344,60,-0.4456,-0.0161,0.5,0.0,0.0,0.0,0.0,0.0,0.0
72.25,4.8725,1.5854,-0.4296,2.5344,60,-0.4456,-0.0161,0.5,0.0,0.0,0.0,0.0,0.0,0.0
72.3,4.8725,1.5854,-0.4296,2.5344,60,-0.4456,-0.0161,0.5,0.0,0.0,0.0,0.0,0.0,0.0
72.35,4.8725,1.5854,-0.4296,2.5344,60,-0.4456,-0.0161,0.5,0.0,0.0,0.0,0.0,0.0,0.0
72.4,4.8725,1.5854,-0.4296,2.5344,60,-0.4456,-0.0161,0.5,0.0,0.0,0.0,0.0,0.0,0.0
72.45,4.8725,1.5854,-0.4296,2.5344,60,-0.4456,-0.0161,0.5,0.0,0.0,0.0,0.0,0.0,0.0
72.5,4.8725,1.5854,-0.4296,2.5344,60,-0.4456,-0.0161,0.5,0.0,0.0,0.0,0.0,0.0,0.0
72.55,4.8725,1.5854,-0.4296,2.5344,60,-0.4456,-0.0161,0.5,0.0,0.0,0.0,0.0,0.0,0.0
72.6,4.8725,1.5854,-0.4296,2.5344,60,-0.4456,-0.0161,0.5,0.0,0.0,0.0,0.0,0.0,0.0
72.65,4.8725,1.5854,-0.4296,2.5344,60,-0.4456,-0.0161,0.5,0.0,0.0,0.0,0.0,0.0,0.0
72.7,4.8725,1.5854,-0.4296,2.5344,60,-0.4456,-0.0161,0.5,0.0,0.0,0.0,0.0,0.0,0.0
72.75,4.8725,1.5854,-0.4296,2.5344,60,-0.4456,-0.0161,0.5,0.0,0.0,0.0,0.0,0.0,0.0
72.8,4.8725,1.5854,-0.4296,2.5344,60,-0.4456,-0.0161,0.5,0.0,0.0,0.0,0.0,0.0,0.0
72.85,4.8725,1.5854,-0.4296,2.5344,60,-0.4456,-0.0161,0.5,0.0,0.0,0.0,0.0,0.0,0.0
72.9,4.8725,1.5854,-0.4296,2.5344,60,-0.4456,-0.0161,0.5,0.0,0.0,0.0,0.0,0.0,0.0
72.95,4.8725,1.5854,-0.4296,2.5344,60,-0.4456,-0.0161,0.5,0.0,0.0,0.0,0.0,0.0,0.0
73.0,4.8725,1.5854,-0.4296,2.5344,60,-0.4456,-0.0161,0.5,0.0,0.0,0.0,0.0,0.0,0.0
73.05,4.8725,1.5854,-0.4296,2.5344,60,-0.4456,-0.0161,0.5,0.0,0.0,0.0,0.0,0.0,0.0
73.1,4.8725,1.5854,-0.4296,2.5344,60,-0.4456,-0.0161,0.5,0.0,0.0,0.0,0.0,0.0,0.0
73.15,4.8725,1.5854,-0.4296,2.5344,60,-0.4456,-0.0161,0.5,0.0,0.0,0.0,0.0,0.0,0.0
73.2,4.8725,1.5854,-0.4296,2.5344,60,-0.4456,-0.0161,0.5,0.0,0.0,0.0,0.0,0.0,0.0
73.25,4.8725,1.5854,-0.4296,2.5344,60,-0.4456,-0.0161,0.5,0.0,0.0,0.0,0.0,0.0,0.0
73.3,4.8725,1.5854,-0.4296,2.5344,60,-0.4456,-0.0161,0.5,0.0,0.0,0.0,0.0,0.0,0.0
73.35,4.8725,1.5854,-0.4296,2.5344,60,-0.4456,-0.0161,0.5,0.0,0.0,0.0,0.0,0.0,0.0
73.4,4.8725,1.5854,-0.4296,2.5344,60,-0.4456,-0.0161,0.5,0.0,0.0,0.0,0.0,0.0,0.0
73.45,4.8725,1.5854,-0.4296,2.5344,60,-0.4456,-0.0161,0.5,0.0,0.0,0.0,0.0,0.0,0.0
73.501,4.8725,1.5854,-0.4296,2.5344,60,-0.4456,-0.0161,0.5,0.0,0.0,0.0,0.0,0.0,0.0
73.55,4.8725,1.5854,-0.4296,2.5344,60,-0.4456,-0.0161,0.5,0.0,0.0,0.0,0.0,0.0,0.0
73.6,4.8725,1.5854,-0.4296,2.5344,60,-0.4456,-0.0161,0.5,0.0,0.0,0.0,0.0,0.0,0.0
73.65,4.8725,1.5854,-0.4296,2.5344,60,-0.4456,-0.0161,0.5,0.0,0.0,0.0,0.0,0.0,0.0
73.7,4.8725,1.5854,-0.4296,2.5344,60,-0.4456,-0.0161,0.5,0.0,0.0,0.0,0.0,0.0,0.0
73.75,4.8725,1.5854,-0.4296,2.5344,60,-0.4456,-0.0161,0.5,0.0,0.0,0.0,0.0,0.0,0.0
73.8,4.8725,1.5854,-0.4296,2.5344,60,-0.4456,-0.0161,0.5,0.0,0.0,0.0,0.0,0.0,0.0
73.85,4.8725,1.5854,-0.4296,2.5344,60,-0.4456,-0.0161,0.5,0.0,0.0,0.0,0.0,0.0,0.0
73.9,4.8725,1.5854,-0.4296,2.5344,60,-0.4456,-0.0161,0.5,0.0,0.0,0.0,0.0,0.0,0.0
73.95,4.8725,1.5854,-0.4296,2.5344,60,-0.4456,-0.0161,0.5,0.0,0.0,0.0,0.0,0.0,0.0
74.0,4.8725,1.5854,-0.4296,2.5344,60,-0.4456,-0.0161,0.5,0.0,0.0,0.0,0.0,0.0,0.0
74.05,4.8725,1.5854,-0.4296,2.5344,60,-0.4456,-0.0161,0.5,0.0,0.0,0.0,0.0,0.0,0.0
74.1,4.8725,1.5854,-0.4296,2.5344,60,-0.4456,-0.0161,0.5,0.0,0.0,0.0,0.0,0.0,0.0
74.15,4.8725,1.5854,-0.4296,2.5344,60,-0.4456,-0.0161,0.5,0.0,0.0,0.0,0.0,0.0,0.0
74.2,4.8725,1.5854,-0.4296,2.5344,60,-0.4456,-0.0161,0.5,0.0,0.0,0.0,0.0,0.0,0.0
74.25,4.8725,1.5854,-0.4296,2.5344,60,-0.4456,-0.0161,0.5,0.0,0.0,0.0,0.0,0.0,0.0
74.3,4.8725,1.5854,-0.4296,2.5344,60,-0.4456,-0.0161,0.5,0.0,0.0,0.0,0.0,0.0,0.0
74.35,4.8725,1.5854,-0.4296,2.5344,60,-0.4456,-0.0161,0.5,0.0,0.0,0.0,0.0,0.0,0.0
74.4,4.8725,1.5854,-0.4296,2.5344,60,-0.4456,-0.0161,0.5,0.0,0.0,0.0,0.0,0.0,0.0
74.45,4.8725,1.5854,-0.4296,2.5344,60,-0.4456,-0.0161,0.5,0.0,0.0,0.0,0.0,0.0,0.0
74.5,4.8725,1.5854,-0.4296,2.5344,60,-0.4456,-0.0161,0.5,0.0,0.0,0.0,0.0,0.0,0.0
74.55,4.8725,1.5854,-0.4296,2.5344,60,-0.4456,-0.0161,0.5,0.0,0.0,0.0,0.0,0.0,0.0
74.6,4.8725,1.5854,-0.4296,2.5344,60,-0.4456,-0.0161,0.5,0.0,0.0,0.0,0.0,0.0,0.0
74.651,4.8725,1.5854,-0.4296,2.5344,60,-0.4456,-0.0161,0.5,0.0,0.0,0.0,0.0,0.0,0.0
74.7,4.8725,1.5854,-0.4296,2.5344,60,-0.4456,-0.0161,0.5,0.0,0.0,0.0,0.0,0.0,0.0
74.75,4.8725,1.5854,-0.4296,2.5344,60,-0.4456,-0.0161,0.5,0.0,0.0,0.0,0.0,0.0,0.0
74.8,4.8725,1.5854,-0.4296,2.5344,60,-0.4456,-0.0161,0.5,0.0,0.0,0.0,0.0,0.0,0.0
74.85,4.8725,1.5854,-0.4296,2.5344,60,-0.4456,-0.0161,0.5,0.0,0.0,0.0,0.0,0.0,0.0
74.9,4.8725,1.5854,-0.4296,2.5344,60,-0.4456,-0.0161,0.5,0.0,0.0,0.0,0.0,0.0,0.0
74.95,4.8725,1.5854,-0.4296,2.5344,60,-0.4456,-0.0161,0.5,0.0,0.0,0.0,0.0,0.0,0.0
75.0,4.8725,1.5854,-0.4296,2.5344,60,-0.4456,-0.0161,0.5,0.0,0.0,0.0,0.0,0.0,0.0
75.05,4.8725,1.5854,-0.4296,2.5344,60,-0.4456,-0.0161,0.5,0.0,0.0,0.0,0.0,0.0,0.0
75.1,4.8725,1.5854,-0.4296,2.5344,60,-0.4456,-0.0161,0.5,0.0,0.0,0.0,0.0,0.0,0.0
75.15,4.8725,1.5854,-0.4296,2.5344,60,-0.4456,-0.0161,0.5,0.0,0.0,0.0,0.0,0.0,0.0
75.2,4.8725,1.5854,-0.4296,2.5344,60,-0.4456,-0.0161,0.5,0.0,0.0,0.0,0.0,0.0,0.0
75.25,4.8725,1.5854,-0.4296,2.5344,60,-0.4456,-0.0161,0.5,0.0,0.0,0.0,0.0,0.0,0.0
75.3,4.8725,1.5854,-0.4296,2.5344,60,-0.4456,-0.0161,0.5,0.0,0.0,0.0,0.0,0.0,0.0
75.35,4.8725,1.5854,-0.4296,2.5344,60,-0.4456,-0.0161,0.5,0.0,0.0,0.0,0.0,0.0,0.0
75.4,4.8725,1.5854,-0.4296,2.5344,60,-0.4456,-0.0161,0.5,0.0,0.0,0.0,0.0,0.0,0.0
75.45,4.8725,1.5854,-0.4296,2.5344,60,-0.4456,-0.0161,0.5,0.0,0.0,0.0,0.0,0.0,0.0
75.5,4.8725,1.5854,-0.4296,2.5344,60,-0.4456,-0.0161,0.5,0.0,0.0,0.0,0.0,0.0,0.0
75.55,4.8725,1.5854,-0.4296,2.5344,60,-0.4456,-0.0161,0.5,0.0,0.0,0.0,0.0,0.0,0.0
75.6,4.8725,1.5854,-0.4296,2.5344,60,-0.4456,-0.0161,0.5,0.0,0.0,0.0,0.0,0.0,0.0
75.65,4.8725,1.5854,-0.4296,2.5344,60,-0.4456,-0.0161,0.5,0.0,0.0,0.0,0.0,0.0,0.0
75.7,4.8725,1.5854,-0.4296,2.5344,60,-0.4456,-0.0161,0.5,0.0,0.0,0.0,0.0,0.0,0.0
75.75,4.8725,1.5854,-0.4296,2.5344,60,-0.4456,-0.0161,0.5,0.0,0.0,0.0,0.0,0.0,0.0
75.8,4.8725,1.5854,-0.4296,2.5344,60,-0.4456,-0.0161,0.5,0.0,0.0,0.0,0.0,0.0,0.0
75.85,4.8725,1.5854,-0.4296,2.5344,60,-0.4456,-0.0161,0.5,0.0,0.0,0.0,0.0,0.0,0.0
75.9,4.8725,1.5854,-0.4296,2.5344,60,-0.4456,-0.0161,0.5,0.0,0.0,0.0,0.0,0.0,0.0
75.95,4.8725,1.5854,-0.4296,2.5344,60,-0.4456,-0.0161,0.5,0.0,0.0,0.0,0.0,0.0,0.0
76.0,4.8725,1.5854,-0.4296,2.5344,60,-0.4456,-0.0161,0.5,0.0,0.0,0.0,0.0,0.0,0.0
76.05,4.8725,1.5854,-0.4296,2.5344,60,-0.4456,-0.0161,0.5,0.0,0.0,0.0,0.0,0.0,0.0
76.1,4.8725,1.5854,-0.4296,2.5344,60,-0.4456,-0.0161,0.5,0.0,0.0,0.0,0.0,0.0,0.0
76.15,4.8725,1.5854,-0.4296,2.5344,60,-0.4456,-0.0161,0.5,0.0,0.0,0.0,0.0,0.0,0.0
76.2,4.8725,1.5854,-0.4296,2.5344,60,-0.4456,-0.0161,0.5,0.0,0.0,0.0,0.0,0.0,0.0
76.25,4.8725,1.5854,-0.4296,2.5344,60,-0.4456,-0.0161,0.5,0.0,0.0,0.0,0.0,0.0,0.0
76.3,4.8725,1.5854,-0.4296,2.5344,60,-0.4456,-0.0161,0.5,0.0,0.0,0.0,0.0,0.0,0.0
76.35,4.8725,1.5854,-0.4296,2.5344,60,-0.4456,-0.0161,0.5,0.0,0.0,0.0,0.0,0.0,0.0
76.4,4.8725,1.5854,-0.4296,2.5344,60,-0.4456,-0.0161,0.5,0.0,0.0,0.0,0.0,0.0,0.0
76.45,4.8725,1.5854,-0.4296,2.5344,60,-0.4456,-0.0161,0.5,0.0,0.0,0.0,0.0,0.0,0.0
76.5,4.8725,1.5854,-0.4296,2.5344,60,-0.4456,-0.0161,0.5,0.0,0.0,0.0,0.0,0.0,0.0
76.55,4.8725,1.5854,-0.4296,2.5344,60,-0.4456,-0.0161,0.5,0.0,0.0,0.0,0.0,0.0,0.0
76.6,4.8725,1.5854,-0.4296,2.5344,60,-0.4456,-0.0161,0.5,0.0,0.0,0.0,0.0,0.0,0.0
76.65,4.8725,1.5854,-0.4296,2.5344,60,-0.4456,-0.0161,0.5,0.0,0.0,0.0,0.0,0.0,0.0
76.7,4.8725,1.5854,-0.4296,2.5344,60,-0.4456,-0.0161,0.5,0.0,0.0,0.0,0.0,0.0,0.0
76.75,4.8725,1.5854,-0.4296,2.5344,60,-0.4456,-0.0161,0.5,0.0,0.0,0.0,0.0,0.0,0.0
76.8,4.8725,1.5854,-0.4296,2.5344,60,-0.4456,-0.0161,0.5,0.0,0.0,0.0,0.0,0.0,0.0
76.85,4.8725,1.5854,-0.4296,2.5344,60,-0.4456,-0.0161,0.5,0.0,0.0,0.0,0.0,0.0,0.0
76.9,4.8725,1.5854,-0.4296,2.5344,60,-0.4456,-0.0161,0.5,0.0,0.0,0.0,0.0,0.0,0.0
76.95,4.8725,1.5854,-0.4296,2.5344,60,-0.4456,-0.0161,0.5,0.0,0.0,0.0,0.0,0.0,0.0
77.0,4.8725,1.5854,-0.4296,2.5344,60,-0.4456,-0.0161,0.5,0.0,0.0,0.0,0.0,0.0,0.0
77.05,4.8725,1.5854,-0.4296,2.5344,60,-0.4456,-0.0161,0.5,0.0,0.0,0.0,0.0,0.0,0.0
77.1,4.8725,1.5854,-0.4296,2.5344,60,-0.4456,-0.0161,0.5,0.0,0.0,0.0,0.0,0.0,0.0
77.15,4.8725,1.5854,-0.4296,2.5344,60,-0.4456,-0.0161,0.5,0.0,0.0,0.0,0.0,0.0,0.0
77.2,4.8725,1.5854,-0.4296,2.5344,60,-0.4456,-0.0161,0.5,0.0,0.0,0.0,0.0,0.0,0.0
77.25,4.8725,1.5854,-0.4296,2.5344,60,-0.4456,-0.0161,0.5,0.0,0.0,0.0,0.0,0.0,0.0
77.3,4.8725,1.5854,-0.4296,2.5344,60,-0.4456,-0.0161,0.5,0.0,0.0,0.0,0.0,0.0,0.0
77.35,4.8725,1.5854,-0.4296,2.5344,60,-0.4456,-0.0161,0.5,0.0,0.0,0.0,0.0,0.0,0.0
77.4,4.8725,1.5854,-0.4296,2.5344,60,-0.4456,-0.0161,0.5,0.0,0.0,0.0,0.0,0.0,0.0
77.45,4.8725,1.5854,-0.4296,2.5344,60,-0.4456,-0.0161,0.5,0.0,0.0,0.0,0.0,0.0,0.0
77.5,4.8725,1.5854,-0.4296,2.5344,60,-0.4456,-0.0161,0.5,0.0,0.0,0.0,0.0,0.0,0.0
77.55,4.8725,1.5854,-0.4296,2.5344,60,-0.4456,-0.0161,0.5,0.0,0.0,0.0,0.0,0.0,0.0
77.6,4.8725,1.5854,-0.4296,2.5344,60,-0.4456,-0.0161,0.5,0.0,0.0,0.0,0.0,0.0,0.0
77.65,4.8725,1.5854,-0.4296,2.5344,60,-0.4456,-0.0161,0.5,0.0,0.0,0.0,0.0,0.0,0.0
77.7,4.8725,1.5854,-0.4296,2.5344,60,-0.4456,-0.0161,0.5,0.0,0.0,0.0,0.0,0.0,0.0
77.75,4.8725,1.5854,-0.4296,2.5344,60,-0.4456,-0.0161,0.5,0.0,0.0,0.0,0.0,0.0,0.0
77.8,4.8725,1.5854,-0.4296,2.5344,60,-0.4456,-0.0161,0.5,0.0,0.0,0.0,0.0,0.0,0.0
77.85,4.8725,1.5854,-0.4296,2.5344,60,-0.4456,-0.0161,0.5,0.0,0.0,0.0,0.0,0.0,0.0
77.9,4.8725,1.5854,-0.4296,2.5344,60,-0.4456,-0.0161,0.5,0.0,0.0,0.0,0.0,0.0,0.0
77.95,4.8725,1.5854,-0.4296,2.5344,60,-0.4456,-0.0161,0.5,0.0,0.0,0.0,0.0,0.0,0.0
78.0,4.8725,1.5854,-0.4296,2.5344,60,-0.4456,-0.0161,0.5,0.0,0.0,0.0,0.0,0.0,0.0
78.05,4.8725,1.5854,-0.4296,2.5344,60,-0.4456,-0.0161,0.5,0.0,0.0,0.0,0.0,0.0,0.0
78.1,4.8725,1.5854,-0.4296,2.5344,60,-0.4456,-0.0161,0.5,0.0,0.0,0.0,0.0,0.0,0.0
78.15,4.8725,1.5854,-0.4296,2.5344,60,-0.4456,-0.0161,0.5,0.0,0.0,0.0,0.0,0.0,0.0
78.2,4.8725,1.5854,-0.4296,2.5344,60,-0.4456,-0.0161,0.5,0.0,0.0,0.0,0.0,0.0,0.0
78.25,4.8725,1.5854,-0.4296,2.5344,60,-0.4456,-0.0161,0.5,0.0,0.0,0.0,0.0,0.0,0.0
78.3,4.8725,1.5854,-0.4296,2.5344,60,-0.4456,-0.0161,0.5,0.0,0.0,0.0,0.0,0.0,0.0
78.35,4.8725,1.5854,-0.4296,2.5344,60,-0.4456,-0.0161,0.5,0.0,0.0,0.0,0.0,0.0,0.0
78.4,4.8725,1.5854,-0.4296,2.5344,60,-0.4456,-0.0161,0.5,0.0,0.0,0.0,0.0,0.0,0.0
78.45,4.8725,1.5854,-0.4296,2.5344,60,-0.4456,-0.0161,0.5,0.0,0.0,0.0,0.0,0.0,0.0
78.5,4.8725,1.5854,-0.4296,2.5344,60,-0.4456,-0.0161,0.5,0.0,0.0,0.0,0.0,0.0,0.0
78.55,4.8725,1.5854,-0.4296,2.5344,60,-0.4456,-0.0161,0.5,0.0,0.0,0.0,0.0,0.0,0.0
78.6,4.8725,1.5854,-0.4296,2.5344,60,-0.4456,-0.0161,0.5,0.0,0.0,0.0,0.0,0.0,0.0
78.65,4.8725,1.5854,-0.4296,2.5344,60,-0.4456,-0.0161,0.5,0.0,0.0,0.0,0.0,0.0,0.0
78.701,4.8725,1.5854,-0.4296,2.5344,60,-0.4456,-0.0161,0.5,0.0,0.0,0.0,0.0,0.0,0.0
78.751,4.8725,1.5854,-0.4296,2.5344,60,-0.4456,-0.0161,0.5,0.0,0.0,0.0,0.0,0.0,0.0
78.8,4.8725,1.5854,-0.4296,2.5344,60,-0.4456,-0.0161,0.5,0.0,0.0,0.0,0.0,0.0,0.0
78.85,4.8725,1.5854,-0.4296,2.5344,60,-0.4456,-0.0161,0.5,0.0,0.0,0.0,0.0,0.0,0.0
78.9,4.8725,1.5854,-0.4296,2.5344,60,-0.4456,-0.0161,0.5,0.0,0.0,0.0,0.0,0.0,0.0
78.95,4.8725,1.5854,-0.4296,2.5344,60,-0.4456,-0.0161,0.5,0.0,0.0,0.0,0.0,0.0,0.0
79.0,4.8725,1.5854,-0.4296,2.5344,60,-0.4456,-0.0161,0.5,0.0,0.0,0.0,0.0,0.0,0.0
79.05,4.8725,1.5854,-0.4296,2.5344,60,-0.4456,-0.0161,0.5,0.0,0.0,0.0,0.0,0.0,0.0
79.1,4.8725,1.5854,-0.4296,2.5344,60,-0.4456,-0.0161,0.5,0.0,0.0,0.0,0.0,0.0,0.0
79.15,4.8725,1.5854,-0.4296,2.5344,60,-0.4456,-0.0161,0.5,0.0,0.0,0.0,0.0,0.0,0.0
79.2,4.8725,1.5854,-0.4296,2.5344,60,-0.4456,-0.0161,0.5,0.0,0.0,0.0,0.0,0.0,0.0
79.25,4.8725,1.5854,-0.4296,2.5344,60,-0.4456,-0.0161,0.5,0.0,0.0,0.0,0.0,0.0,0.0
79.3,4.8725,1.5854,-0.4296,2.5344,60,-0.4456,-0.0161,0.5,0.0,0.0,0.0,0.0,0.0,0.0
79.35,4.8725,1.5854,-0.4296,2.5344,60,-0.4456,-0.0161,0.5,0.0,0.0,0.0,0.0,0.0,0.0
79.4,4.8725,1.5854,-0.4296,2.5344,60,-0.4456,-0.0161,0.5,0.0,0.0,0.0,0.0,0.0,0.0
79.45,4.8725,1.5854,-0.4296,2.5344,60,-0.4456,-0.0161,0.5,0.0,0.0,0.0,0.0,0.0,0.0
79.5,4.8725,1.5854,-0.4296,2.5344,60,-0.4456,-0.0161,0.5,0.0,0.0,0.0,0.0,0.0,0.0
79.55,4.8725,1.5854,-0.4296,2.5344,60,-0.4456,-0.0161,0.5,0.0,0.0,0.0,0.0,0.0,0.0
79.6,4.8725,1.5854,-0.4296,2.5344,60,-0.4456,-0.0161,0.5,0.0,0.0,0.0,0.0,0.0,0.0
79.65,4.8725,1.5854,-0.4296,2.5344,60,-0.4456,-0.0161,0.5,0.0,0.0,0.0,0.0,0.0,0.0
79.7,4.8725,1.5854,-0.4296,2.5344,60,-0.4456,-0.0161,0.5,0.0,0.0,0.0,0.0,0.0,0.0
79.75,4.8725,1.5854,-0.4296,2.5344,60,-0.4456,-0.0161,0.5,0.0,0.0,0.0,0.0,0.0,0.0
79.8,4.8725,1.5854,-0.4296,2.5344,60,-0.4456,-0.0161,0.5,0.0,0.0,0.0,0.0,0.0,0.0
79.85,4.8725,1.5854,-0.4296,2.5344,60,-0.4456,-0.0161,0.5,0.0,0.0,0.0,0.0,0.0,0.0
79.901,4.8725,1.5854,-0.4296,2.5344,60,-0.4456,-0.0161,0.5,0.0,0.0,0.0,0.0,0.0,0.0
79.95,4.8725,1.5854,-0.4296,2.5344,60,-0.4456,-0.0161,0.5,0.0,0.0,0.0,0.0,0.0,0.0
80.0,4.8725,1.5854,-0.4296,2.5344,60,-0.4456,-0.0161,0.5,0.0,0.0,0.0,0.0,0.0,0.0
80.05,4.8725,1.5854,-0.4296,2.5344,60,-0.4456,-0.0161,0.5,0.0,0.0,0.0,0.0,0.0,0.0
80.1,4.8725,1.5854,-0.4296,2.5344,60,-0.4456,-0.0161,0.5,0.0,0.0,0.0,0.0,0.0,0.0
80.15,4.8725,1.5854,-0.4296,2.5344,60,-0.4456,-0.0161,0.5,0.0,0.0,0.0,0.0,0.0,0.0
80.2,4.8725,1.5854,-0.4296,2.5344,60,-0.4456,-0.0161,0.5,0.0,0.0,0.0,0.0,0.0,0.0
80.25,4.8725,1.5854,-0.4296,2.5344,60,-0.4456,-0.0161,0.5,0.0,0.0,0.0,0.0,0.0,0.0
80.3,4.8725,1.5854,-0.4296,2.5344,60,-0.4456,-0.0161,0.5,0.0,0.0,0.0,0.0,0.0,0.0
80.35,4.8725,1.5854,-0.4296,2.5344,60,-0.4456,-0.0161,0.5,0.0,0.0,0.0,0.0,0.0,0.0
80.4,4.8725,1.5854,-0.4296,2.5344,60,-0.4456,-0.0161,0.5,0.0,0.0,0.0,0.0,0.0,0.0
80.45,4.8725,1.5854,-0.4296,2.5344,60,-0.4456,-0.0161,0.5,0.0,0.0,0.0,0.0,0.0,0.0
80.5,4.8725,1.5854,-0.4296,2.5344,60,-0.4456,-0.0161,0.5,0.0,0.0,0.0,0.0,0.0,0.0
80.55,4.8725,1.5854,-0.4296,2.5344,60,-0.4456,-0.0161,0.5,0.0,0.0,0.0,0.0,0.0,0.0
80.6,4.8725,1.5854,-0.4296,2.5344,60,-0.4456,-0.0161,0.5,0.0,0.0,0.0,0.0,0.0,0.0
80.65,4.8725,1.5854,-0.4296,2.5344,60,-0.4456,-0.0161,0.5,0.0,0.0,0.0,0.0,0.0,0.0
80.7,4.8725,1.5854,-0.4296,2.5344,60,-0.4456,-0.0161,0.5,0.0,0.0,0.0,0.0,0.0,0.0
80.75,4.8725,1.5854,-0.4296,2.5344,60,-0.4456,-0.0161,0.5,0.0,0.0,0.0,0.0,0.0,0.0
80.801,4.8725,1.5854,-0.4296,2.5344,60,-0.4456,-0.0161,0.5,0.0,0.0,0.0,0.0,0.0,0.0
80.85,4.8725,1.5854,-0.4296,2.5344,60,-0.4456,-0.0161,0.5,0.0,0.0,0.0,0.0,0.0,0.0
80.9,4.8725,1.5854,-0.4296,2.5344,60,-0.4456,-0.0161,0.5,0.0,0.0,0.0,0.0,0.0,0.0
80.95,4.8725,1.5854,-0.4296,2.5344,60,-0.4456,-0.0161,0.5,0.0,0.0,0.0,0.0,0.0,0.0
81.0,4.8725,1.5854,-0.4296,2.5344,60,-0.4456,-0.0161,0.5,0.0,0.0,0.0,0.0,0.0,0.0
81.05,4.8725,1.5854,-0.4296,2.5344,60,-0.4456,-0.0161,0.5,0.0,0.0,0.0,0.0,0.0,0.0
81.1,4.8725,1.5854,-0.4296,2.5344,60,-0.4456,-0.0161,0.5,0.0,0.0,0.0,0.0,0.0,0.0
81.15,4.8725,1.5854,-0.4296,2.5344,60,-0.4456,-0.0161,0.5,0.0,0.0,0.0,0.0,0.0,0.0
81.2,4.8725,1.5854,-0.4296,2.5344,60,-0.4456,-0.0161,0.5,0.0,0.0,0.0,0.0,0.0,0.0
81.25,4.8725,1.5854,-0.4296,2.5344,60,-0.4456,-0.0161,0.5,0.0,0.0,0.0,0.0,0.0,0.0
81.3,4.8725,1.5854,-0.4296,2.5344,60,-0.4456,-0.0161,0.5,0.0,0.0,0.0,0.0,0.0,0.0
81.35,4.8725,1.5854,-0.4296,2.5344,60,-0.4456,-0.0161,0.5,0.0,0.0,0.0,0.0,0.0,0.0
81.4,4.8725,1.5854,-0.4296,2.5344,60,-0.4456,-0.0161,0.5,0.0,0.0,0.0,0.0,0.0,0.0
81.45,4.8725,1.5854,-0.4296,2.5344,60,-0.4456,-0.0161,0.5,0.0,0.0,0.0,0.0,0.0,0.0
81.5,4.8725,1.5854,-0.4296,2.5344,60,-0.4456,-0.0161,0.5,0.0,0.0,0.0,0.0,0.0,0.0
81.55,4.8725,1.5854,-0.4296,2.5344,60,-0.4456,-0.0161,0.5,0.0,0.0,0.0,0.0,0.0,0.0
81.6,4.8725,1.5854,-0.4296,2.5344,60,-0.4456,-0.0161,0.5,0.0,0.0,0.0,0.0,0.0,0.0
81.65,4.8725,1.5854,-0.4296,2.5344,60,-0.4456,-0.0161,0.5,0.0,0.0,0.0,0.0,0.0,0.0
81.7,4.8725,1.5854,-0.4296,2.5344,60,-0.4456,-0.0161,0.5,0.0,0.0,0.0,0.0,0.0,0.0
81.75,4.8725,1.5854,-0.4296,2.5344,60,-0.4456,-0.0161,0.5,0.0,0.0,0.0,0.0,0.0,0.0
81.8,4.8725,1.5854,-0.4296,2.5344,60,-0.4456,-0.0161,0.5,0.0,0.0,0.0,0.0,0.0,0.0
81.85,4.8725,1.5854,-0.4296,2.5344,60,-0.4456,-0.0161,0.5,0.0,0.0,0.0,0.0,0.0,0.0
81.9,4.8725,1.5854,-0.4296,2.5344,60,-0.4456,-0.0161,0.5,0.0,0.0,0.0,0.0,0.0,0.0
81.95,4.8725,1.5854,-0.4296,2.5344,60,-0.4456,-0.0161,0.5,0.0,0.0,0.0,0.0,0.0,0.0
82.0,4.8725,1.5854,-0.4296,2.5344,60,-0.4456,-0.0161,0.5,0.0,0.0,0.0,0.0,0.0,0.0
82.05,4.8725,1.5854,-0.4296,2.5344,60,-0.4456,-0.0161,0.5,0.0,0.0,0.0,0.0,0.0,0.0
82.1,4.8725,1.5854,-0.4296,2.5344,60,-0.4456,-0.0161,0.5,0.0,0.0,0.0,0.0,0.0,0.0
82.15,4.8725,1.5854,-0.4296,2.5344,60,-0.4456,-0.0161,0.5,0.0,0.0,0.0,0.0,0.0,0.0
82.2,4.8725,1.5854,-0.4296,2.5344,60,-0.4456,-0.0161,0.5,0.0,0.0,0.0,0.0,0.0,0.0
82.25,4.8725,1.5854,-0.4296,2.5344,60,-0.4456,-0.0161,0.5,0.0,0.0,0.0,0.0,0.0,0.0
82.3,4.8725,1.5854,-0.4296,2.5344,60,-0.4456,-0.0161,0.5,0.0,0.0,0.0,0.0,0.0,0.0
82.35,4.8725,1.5854,-0.4296,2.5344,60,-0.4456,-0.0161,0.5,0.0,0.0,0.0,0.0,0.0,0.0
82.401,4.8725,1.5854,-0.4296,2.5344,60,-0.4456,-0.0161,0.5,0.0,0.0,0.0,0.0,0.0,0.0
82.45,4.8725,1.5854,-0.4296,2.5344,60,-0.4456,-0.0161,0.5,0.0,0.0,0.0,0.0,0.0,0.0
82.5,4.8725,1.5854,-0.4296,2.5344,60,-0.4456,-0.0161,0.5,0.0,0.0,0.0,0.0,0.0,0.0
82.55,4.8725,1.5854,-0.4296,2.5344,60,-0.4456,-0.0161,0.5,0.0,0.0,0.0,0.0,0.0,0.0
82.6,4.8725,1.5854,-0.4296,2.5344,60,-0.4456,-0.0161,0.5,0.0,0.0,0.0,0.0,0.0,0.0
82.65,4.8725,1.5854,-0.4296,2.5344,60,-0.4456,-0.0161,0.5,0.0,0.0,0.0,0.0,0.0,0.0
82.7,4.8725,1.5854,-0.4296,2.5344,60,-0.4456,-0.0161,0.5,0.0,0.0,0.0,0.0,0.0,0.0
82.75,4.8725,1.5854,-0.4296,2.5344,60,-0.4456,-0.0161,0.5,0.0,0.0,0.0,0.0,0.0,0.0
82.8,4.8725,1.5854,-0.4296,2.5344,60,-0.4456,-0.0161,0.5,0.0,0.0,0.0,0.0,0.0,0.0
82.85,4.8725,1.5854,-0.4296,2.5344,60,-0.4456,-0.0161,0.5,0.0,0.0,0.0,0.0,0.0,0.0
82.9,4.8725,1.5854,-0.4296,2.5344,60,-0.4456,-0.0161,0.5,0.0,0.0,0.0,0.0,0.0,0.0
82.95,4.8725,1.5854,-0.4296,2.5344,60,-0.4456,-0.0161,0.5,0.0,0.0,0.0,0.0,0.0,0.0
83.0,4.8725,1.5854,-0.4296,2.5344,60,-0.4456,-0.0161,0.5,0.0,0.0,0.0,0.0,0.0,0.0
83.05,4.8725,1.5854,-0.4296,2.5344,60,-0.4456,-0.0161,0.5,0.0,0.0,0.0,0.0,0.0,0.0
83.1,4.8725,1.5854,-0.4296,2.5344,60,-0.4456,-0.0161,0.5,0.0,0.0,0.0,0.0,0.0,0.0
83.15,4.8725,1.5854,-0.4296,2.5344,60,-0.4456,-0.0161,0.5,0.0,0.0,0.0,0.0,0.0,0.0
83.2,4.8725,1.5854,-0.4296,2.5344,60,-0.4456,-0.0161,0.5,0.0,0.0,0.0,0.0,0.0,0.0
83.25,4.8725,1.5854,-0.4296,2.5344,60,-0.4456,-0.0161,0.5,0.0,0.0,0.0,0.0,0.0,0.0
83.3,4.8725,1.5854,-0.4296,2.5344,60,-0.4456,-0.0161,0.5,0.0,0.0,0.0,0.0,0.0,0.0
83.351,4.8725,1.5854,-0.4296,2.5344,60,-0.4456,-0.0161,0.5,0.0,0.0,0.0,0.0,0.0,0.0
83.4,4.8725,1.5854,-0.4296,2.5344,60,-0.4456,-0.0161,0.5,0.0,0.0,0.0,0.0,0.0,0.0
83.45,4.8725,1.5854,-0.4296,2.5344,60,-0.4456,-0.0161,0.5,0.0,0.0,0.0,0.0,0.0,0.0
83.5,4.8725,1.5854,-0.4296,2.5344,60,-0.4456,-0.0161,0.5,0.0,0.0,0.0,0.0,0.0,0.0
83.55,4.8725,1.5854,-0.4296,2.5344,60,-0.4456,-0.0161,0.5,0.0,0.0,0.0,0.0,0.0,0.0
83.6,4.8725,1.5854,-0.4296,2.5344,60,-0.4456,-0.0161,0.5,0.0,0.0,0.0,0.0,0.0,0.0
83.65,4.8725,1.5854,-0.4296,2.5344,60,-0.4456,-0.0161,0.5,0.0,0.0,0.0,0.0,0.0,0.0
83.7,4.8725,1.5854,-0.4296,2.5344,60,-0.4456,-0.0161,0.5,0.0,0.0,0.0,0.0,0.0,0.0
83.75,4.8725,1.5854,-0.4296,2.5344,60,-0.4456,-0.0161,0.5,0.0,0.0,0.0,0.0,0.0,0.0
83.8,4.8725,1.5854,-0.4296,2.5344,60,-0.4456,-0.0161,0.5,0.0,0.0,0.0,0.0,0.0,0.0
83.85,4.8725,1.5854,-0.4296,2.5344,60,-0.4456,-0.0161,0.5,0.0,0.0,0.0,0.0,0.0,0.0
83.9,4.8725,1.5854,-0.4296,2.5344,60,-0.4456,-0.0161,0.5,0.0,0.0,0.0,0.0,0.0,0.0
83.95,4.8725,1.5854,-0.4296,2.5344,60,-0.4456,-0.0161,0.5,0.0,0.0,0.0,0.0,0.0,0.0
84.0,4.8725,1.5854,-0.4296,2.5344,60,-0.4456,-0.0161,0.5,0.0,0.0,0.0,0.0,0.0,0.0
84.05,4.8725,1.5854,-0.4296,2.5344,60,-0.4456,-0.0161,0.5,0.0,0.0,0.0,0.0,0.0,0.0
84.1,4.8725,1.5854,-0.4296,2.5344,60,-0.4456,-0.0161,0.5,0.0,0.0,0.0,0.0,0.0,0.0
84.15,4.8725,1.5854,-0.4296,2.5344,60,-0.4456,-0.0161,0.5,0.0,0.0,0.0,0.0,0.0,0.0
84.2,4.8725,1.5854,-0.4296,2.5344,60,-0.4456,-0.0161,0.5,0.0,0.0,0.0,0.0,0.0,0.0
84.25,4.8725,1.5854,-0.4296,2.5344,60,-0.4456,-0.0161,0.5,0.0,0.0,0.0,0.0,0.0,0.0
84.3,4.8725,1.5854,-0.4296,2.5344,60,-0.4456,-0.0161,0.5,0.0,0.0,0.0,0.0,0.0,0.0
84.35,4.8725,1.5854,-0.4296,2.5344,60,-0.4456,-0.0161,0.5,0.0,0.0,0.0,0.0,0.0,0.0
84.4,4.8725,1.5854,-0.4296,2.5344,60,-0.4456,-0.0161,0.5,0.0,0.0,0.0,0.0,0.0,0.0
84.45,4.8725,1.5854,-0.4296,2.5344,60,-0.4456,-0.0161,0.5,0.0,0.0,0.0,0.0,0.0,0.0
84.5,4.8725,1.5854,-0.4296,2.5344,60,-0.4456,-0.0161,0.5,0.0,0.0,0.0,0.0,0.0,0.0
84.55,4.8725,1.5854,-0.4296,2.5344,60,-0.4456,-0.0161,0.5,0.0,0.0,0.0,0.0,0.0,0.0
84.6,4.8725,1.5854,-0.4296,2.5344,60,-0.4456,-0.0161,0.5,0.0,0.0,0.0,0.0,0.0,0.0
84.65,4.8725,1.5854,-0.4296,2.5344,60,-0.4456,-0.0161,0.5,0.0,0.0,0.0,0.0,0.0,0.0
84.7,4.8725,1.5854,-0.4296,2.5344,60,-0.4456,-0.0161,0.5,0.0,0.0,0.0,0.0,0.0,0.0
84.75,4.8725,1.5854,-0.4296,2.5344,60,-0.4456,-0.0161,0.5,0.0,0.0,0.0,0.0,0.0,0.0
84.8,4.8725,1.5854,-0.4296,2.5344,60,-0.4456,-0.0161,0.5,0.0,0.0,0.0,0.0,0.0,0.0
84.85,4.8725,1.5854,-0.4296,2.5344,60,-0.4456,-0.0161,0.5,0.0,0.0,0.0,0.0,0.0,0.0
84.9,4.8725,1.5854,-0.4296,2.5344,60,-0.4456,-0.0161,0.5,0.0,0.0,0.0,0.0,0.0,0.0
84.95,4.8725,1.5854,-0.4296,2.5344,60,-0.4456,-0.0161,0.5,0.0,0.0,0.0,0.0,0.0,0.0
85.0,4.8725,1.5854,-0.4296,2.5344,60,-0.4456,-0.0161,0.5,0.0,0.0,0.0,0.0,0.0,0.0
85.05,4.8725,1.5854,-0.4296,2.5344,60,-0.4456,-0.0161,0.5,0.0,0.0,0.0,0.0,0.0,0.0
85.1,4.8725,1.5854,-0.4296,2.5344,60,-0.4456,-0.0161,0.5,0.0,0.0,0.0,0.0,0.0,0.0
85.15,4.8725,1.5854,-0.4296,2.5344,60,-0.4456,-0.0161,0.5,0.0,0.0,0.0,0.0,0.0,0.0
85.2,4.8725,1.5854,-0.4296,2.5344,60,-0.4456,-0.0161,0.5,0.0,0.0,0.0,0.0,0.0,0.0
85.25,4.8725,1.5854,-0.4296,2.5344,60,-0.4456,-0.0161,0.5,0.0,0.0,0.0,0.0,0.0,0.0
85.3,4.8725,1.5854,-0.4296,2.5344,60,-0.4456,-0.0161,0.5,0.0,0.0,0.0,0.0,0.0,0.0
85.35,4.8725,1.5854,-0.4296,2.5344,60,-0.4456,-0.0161,0.5,0.0,0.0,0.0,0.0,0.0,0.0
85.4,4.8725,1.5854,-0.4296,2.5344,60,-0.4456,-0.0161,0.5,0.0,0.0,0.0,0.0,0.0,0.0
85.45,4.8725,1.5854,-0.4296,2.5344,60,-0.4456,-0.0161,0.5,0.0,0.0,0.0,0.0,0.0,0.0
85.5,4.8725,1.5854,-0.4296,2.5344,60,-0.4456,-0.0161,0.5,0.0,0.0,0.0,0.0,0.0,0.0
85.55,4.8725,1.5854,-0.4296,2.5344,60,-0.4456,-0.0161,0.5,0.0,0.0,0.0,0.0,0.0,0.0
85.6,4.8725,1.5854,-0.4296,2.5344,60,-0.4456,-0.0161,0.5,0.0,0.0,0.0,0.0,0.0,0.0
85.65,4.8725,1.5854,-0.4296,2.5344,60,-0.4456,-0.0161,0.5,0.0,0.0,0.0,0.0,0.0,0.0
85.7,4.8725,1.5854,-0.4296,2.5344,60,-0.4456,-0.0161,0.5,0.0,0.0,0.0,0.0,0.0,0.0
85.75,4.8725,1.5854,-0.4296,2.5344,60,-0.4456,-0.0161,0.5,0.0,0.0,0.0,0.0,0.0,0.0
85.8,4.8725,1.5854,-0.4296,2.5344,60,-0.4456,-0.0161,0.5,0.0,0.0,0.0,0.0,0.0,0.0
85.85,4.8725,1.5854,-0.4296,2.5344,60,-0.4456,-0.0161,0.5,0.0,0.0,0.0,0.0,0.0,0.0
85.9,4.8725,1.5854,-0.4296,2.5344,60,-0.4456,-0.0161,0.5,0.0,0.0,0.0,0.0,0.0,0.0
85.95,4.8725,1.5854,-0.4296,2.5344,60,-0.4456,-0.0161,0.5,0.0,0.0,0.0,0.0,0.0,0.0
86.0,4.8725,1.5854,-0.4296,2.5344,60,-0.4456,-0.0161,0.5,0.0,0.0,0.0,0.0,0.0,0.0
86.05,4.8725,1.5854,-0.4296,2.5344,60,-0.4456,-0.0161,0.5,0.0,0.0,0.0,0.0,0.0,0.0
86.1,4.8725,1.5854,-0.4296,2.5344,60,-0.4456,-0.0161,0.5,0.0,0.0,0.0,0.0,0.0,0.0
86.15,4.8725,1.5854,-0.4296,2.5344,60,-0.4456,-0.0161,0.5,0.0,0.0,0.0,0.0,0.0,0.0
86.2,4.8725,1.5854,-0.4296,2.5344,60,-0.4456,-0.0161,0.5,0.0,0.0,0.0,0.0,0.0,0.0
86.25,4.8725,1.5854,-0.4296,2.5344,60,-0.4456,-0.0161,0.5,0.0,0.0,0.0,0.0,0.0,0.0
86.3,4.8725,1.5854,-0.4296,2.5344,60,-0.4456,-0.0161,0.5,0.0,0.0,0.0,0.0,0.0,0.0
86.35,4.8725,1.5854,-0.4296,2.5344,60,-0.4456,-0.0161,0.5,0.0,0.0,0.0,0.0,0.0,0.0
86.4,4.8725,1.5854,-0.4296,2.5344,60,-0.4456,-0.0161,0.5,0.0,0.0,0.0,0.0,0.0,0.0
86.45,4.8725,1.5854,-0.4296,2.5344,60,-0.4456,-0.0161,0.5,0.0,0.0,0.0,0.0,0.0,0.0
86.5,4.8725,1.5854,-0.4296,2.5344,60,-0.4456,-0.0161,0.5,0.0,0.0,0.0,0.0,0.0,0.0
86.55,4.8725,1.5854,-0.4296,2.5344,60,-0.4456,-0.0161,0.5,0.0,0.0,0.0,0.0,0.0,0.0
86.6,4.8725,1.5854,-0.4296,2.5344,60,-0.4456,-0.0161,0.5,0.0,0.0,0.0,0.0,0.0,0.0
86.65,4.8725,1.5854,-0.4296,2.5344,60,-0.4456,-0.0161,0.5,0.0,0.0,0.0,0.0,0.0,0.0
86.7,4.8725,1.5854,-0.4296,2.5344,60,-0.4456,-0.0161,0.5,0.0,0.0,0.0,0.0,0.0,0.0
86.75,4.8725,1.5854,-0.4296,2.5344,60,-0.4456,-0.0161,0.5,0.0,0.0,0.0,0.0,0.0,0.0
86.801,4.8725,1.5854,-0.4296,2.5344,60,-0.4456,-0.0161,0.5,0.0,0.0,0.0,0.0,0.0,0.0
86.85,4.8725,1.5854,-0.4296,2.5344,60,-0.4456,-0.0161,0.5,0.0,0.0,0.0,0.0,0.0,0.0
86.9,4.8725,1.5854,-0.4296,2.5344,60,-0.4456,-0.0161,0.5,0.0,0.0,0.0,0.0,0.0,0.0
86.95,4.8725,1.5854,-0.4296,2.5344,60,-0.4456,-0.0161,0.5,0.0,0.0,0.0,0.0,0.0,0.0
87.0,4.8725,1.5854,-0.4296,2.5344,60,-0.4456,-0.0161,0.5,0.0,0.0,0.0,0.0,0.0,0.0
87.05,4.8725,1.5854,-0.4296,2.5344,60,-0.4456,-0.0161,0.5,0.0,0.0,0.0,0.0,0.0,0.0
87.1,4.8725,1.5854,-0.4296,2.5344,60,-0.4456,-0.0161,0.5,0.0,0.0,0.0,0.0,0.0,0.0
87.15,4.8725,1.5854,-0.4296,2.5344,60,-0.4456,-0.0161,0.5,0.0,0.0,0.0,0.0,0.0,0.0
87.2,4.8725,1.5854,-0.4296,2.5344,60,-0.4456,-0.0161,0.5,0.0,0.0,0.0,0.0,0.0,0.0
87.25,4.8725,1.5854,-0.4296,2.5344,60,-0.4456,-0.0161,0.5,0.0,0.0,0.0,0.0,0.0,0.0
87.3,4.8725,1.5854,-0.4296,2.5344,60,-0.4456,-0.0161,0.5,0.0,0.0,0.0,0.0,0.0,0.0
87.35,4.8725,1.5854,-0.4296,2.5344,60,-0.4456,-0.0161,0.5,0.0,0.0,0.0,0.0,0.0,0.0
87.4,4.8725,1.5854,-0.4296,2.5344,60,-0.4456,-0.0161,0.5,0.0,0.0,0.0,0.0,0.0,0.0
87.45,4.8725,1.5854,-0.4296,2.5344,60,-0.4456,-0.0161,0.5,0.0,0.0,0.0,0.0,0.0,0.0
87.5,4.8725,1.5854,-0.4296,2.5344,60,-0.4456,-0.0161,0.5,0.0,0.0,0.0,0.0,0.0,0.0
87.55,4.8725,1.5854,-0.4296,2.5344,60,-0.4456,-0.0161,0.5,0.0,0.0,0.0,0.0,0.0,0.0
87.6,4.8725,1.5854,-0.4296,2.5344,60,-0.4456,-0.0161,0.5,0.0,0.0,0.0,0.0,0.0,0.0
87.65,4.8725,1.5854,-0.4296,2.5344,60,-0.4456,-0.0161,0.5,0.0,0.0,0.0,0.0,0.0,0.0
87.701,4.8725,1.5854,-0.4296,2.5344,60,-0.4456,-0.0161,0.5,0.0,0.0,0.0,0.0,0.0,0.0
87.75,4.8725,1.5854,-0.4296,2.5344,60,-0.4456,-0.0161,0.5,0.0,0.0,0.0,0.0,0.0,0.0
87.8,4.8725,1.5854,-0.4296,2.5344,60,-0.4456,-0.0161,0.5,0.0,0.0,0.0,0.0,0.0,0.0
87.85,4.8725,1.5854,-0.4296,2.5344,60,-0.4456,-0.0161,0.5,0.0,0.0,0.0,0.0,0.0,0.0
87.9,4.8725,1.5854,-0.4296,2.5344,60,-0.4456,-0.0161,0.5,0.0,0.0,0.0,0.0,0.0,0.0
87.95,4.8725,1.5854,-0.4296,2.5344,60,-0.4456,-0.0161,0.5,0.0,0.0,0.0,0.0,0.0,0.0
88.0,4.8725,1.5854,-0.4296,2.5344,60,-0.4456,-0.0161,0.5,0.0,0.0,0.0,0.0,0.0,0.0
88.05,4.8725,1.5854,-0.4296,2.5344,60,-0.4456,-0.0161,0.5,0.0,0.0,0.0,0.0,0.0,0.0
88.1,4.8725,1.5854,-0.4296,2.5344,60,-0.4456,-0.0161,0.5,0.0,0.0,0.0,0.0,0.0,0.0
88.15,4.8725,1.5854,-0.4296,2.5344,60,-0.4456,-0.0161,0.5,0.0,0.0,0.0,0.0,0.0,0.0
88.2,4.8725,1.5854,-0.4296,2.5344,60,-0.4456,-0.0161,0.5,0.0,0.0,0.0,0.0,0.0,0.0
88.25,4.8725,1.5854,-0.4296,2.5344,60,-0.4456,-0.0161,0.5,0.0,0.0,0.0,0.0,0.0,0.0
88.3,4.8725,1.5854,-0.4296,2.5344,60,-0.4456,-0.0161,0.5,0.0,0.0,0.0,0.0,0.0,0.0
88.35,4.8725,1.5854,-0.4296,2.5344,60,-0.4456,-0.0161,0.5,0.0,0.0,0.0,0.0,0.0,0.0
88.4,4.8725,1.5854,-0.4296,2.5344,60,-0.4456,-0.0161,0.5,0.0,0.0,0.0,0.0,0.0,0.0
88.45,4.8725,1.5854,-0.4296,2.5344,60,-0.4456,-0.0161,0.5,0.0,0.0,0.0,0.0,0.0,0.0
88.5,4.8725,1.5854,-0.4296,2.5344,60,-0.4456,-0.0161,0.5,0.0,0.0,0.0,0.0,0.0,0.0
88.55,4.8725,1.5854,-0.4296,2.5344,60,-0.4456,-0.0161,0.5,0.0,0.0,0.0,0.0,0.0,0.0
88.6,4.8725,1.5854,-0.4296,2.5344,60,-0.4456,-0.0161,0.5,0.0,0.0,0.0,0.0,0.0,0.0
88.65,4.8725,1.5854,-0.4296,2.5344,60,-0.4456,-0.0161,0.5,0.0,0.0,0.0,0.0,0.0,0.0
88.7,4.8725,1.5854,-0.4296,2.5344,60,-0.4456,-0.0161,0.5,0.0,0.0,0.0,0.0,0.0,0.0
88.75,4.8725,1.5854,-0.4296,2.5344,60,-0.4456,-0.0161,0.5,0.0,0.0,0.0,0.0,0.0,0.0
88.801,4.8725,1.5854,-0.4296,2.5344,60,-0.4456,-0.0161,0.5,0.0,0.0,0.0,0.0,0.0,0.0
88.85,4.8725,1.5854,-0.4296,2.5344,60,-0.4456,-0.0161,0.5,0.0,0.0,0.0,0.0,0.0,0.0
88.9,4.8725,1.5854,-0.4296,2.5344,60,-0.4456,-0.0161,0.5,0.0,0.0,0.0,0.0,0.0,0.0
88.95,4.8725,1.5854,-0.4296,2.5344,60,-0.4456,-0.0161,0.5,0.0,0.0,0.0,0.0,0.0,0.0
89.0,4.8725,1.5854,-0.4296,2.5344,60,-0.4456,-0.0161,0.5,0.0,0.0,0.0,0.0,0.0,0.0
89.05,4.8725,1.5854,-0.4296,2.5344,60,-0.4456,-0.0161,0.5,0.0,0.0,0.0,0.0,0.0,0.0
89.1,4.8725,1.5854,-0.4296,2.5344,60,-0.4456,-0.0161,0.5,0.0,0.0,0.0,0.0,0.0,0.0
89.15,4.8725,1.5854,-0.4296,2.5344,60,-0.4456,-0.0161,0.5,0.0,0.0,0.0,0.0,0.0,0.0
89.2,4.8725,1.5854,-0.4296,2.5344,60,-0.4456,-0.0161,0.5,0.0,0.0,0.0,0.0,0.0,0.0
89.25,4.8725,1.5854,-0.4296,2.5344,60,-0.4456,-0.0161,0.5,0.0,0.0,0.0,0.0,0.0,0.0
89.301,4.8725,1.5854,-0.4296,2.5344,60,-0.4456,-0.0161,0.5,0.0,0.0,0.0,0.0,0.0,0.0
89.35,4.8725,1.5854,-0.4296,2.5344,60,-0.4456,-0.0161,0.5,0.0,0.0,0.0,0.0,0.0,0.0
89.4,4.8725,1.5854,-0.4296,2.5344,60,-0.4456,-0.0161,0.5,0.0,0.0,0.0,0.0,0.0,0.0
89.45,4.8725,1.5854,-0.4296,2.5344,60,-0.4456,-0.0161,0.5,0.0,0.0,0.0,0.0,0.0,0.0
89.501,4.8725,1.5854,-0.4296,2.5344,60,-0.4456,-0.0161,0.5,0.0,0.0,0.0,0.0,0.0,0.0
89.55,4.8725,1.5854,-0.4296,2.5344,60,-0.4456,-0.0161,0.5,0.0,0.0,0.0,0.0,0.0,0.0
89.6,4.8725,1.5854,-0.4296,2.5344,60,-0.4456,-0.0161,0.5,0.0,0.0,0.0,0.0,0.0,0.0
89.65,4.8725,1.5854,-0.4296,2.5344,60,-0.4456,-0.0161,0.5,0.0,0.0,0.0,0.0,0.0,0.0
89.7,4.8725,1.5854,-0.4296,2.5344,60,-0.4456,-0.0161,0.5,0.0,0.0,0.0,0.0,0.0,0.0
89.75,4.8725,1.5854,-0.4296,2.5344,60,-0.4456,-0.0161,0.5,0.0,0.0,0.0,0.0,0.0,0.0
89.8,4.8725,1.5854,-0.4296,2.5344,60,-0.4456,-0.0161,0.5,0.0,0.0,0.0,0.0,0.0,0.0
89.85,4.8725,1.5854,-0.4296,2.5344,60,-0.4456,-0.0161,0.5,0.0,0.0,0.0,0.0,0.0,0.0
89.9,4.8725,1.5854,-0.4296,2.5344,60,-0.4456,-0.0161,0.5,0.0,0.0,0.0,0.0,0.0,0.0
89.95,4.8725,1.5854,-0.4296,2.5344,60,-0.4456,-0.0161,0.5,0.0,0.0,0.0,0.0,0.0,0.0
